epoch,lr,epoch_duration_sec,global_optimizer_step,early_stop_monitor_active,early_stop_patience,gpu_peak_allocated_mib,gpu_peak_reserved_mib,train_loss,ce_final,weighted_ce_motif,weighted_ce_pixel,weighted_diversity,weighted_mi,consistency_loss_raw,weighted_consistency,supcon_loss_raw,supcon_loss_weighted,valid_supcon_anchor_fraction,mean_positive_count,tau,H_local_raw,H_local_normalized,H_global_raw,H_global_normalized,L_MI,mean_entropy,effective_motif_count,min_utilization,max_utilization,std_utilization,mean_top1_probability,mean_top2_probability,mean_top1_top2_margin,mean_offdiag_prototype_cosine,mean_alpha_8,mean_alpha_12,mean_alpha_16,std_alpha_8,std_alpha_12,std_alpha_16,motif_l1_selected_k,motif_l1_entropy,motif_l1_top1_mass,motif_l1_boundary_tie_count,motif_l1_local_share,motif_l1_meso_share,motif_l1_far_share,motif_l1_edge_universe_coverage,motif_l2_selected_k,motif_l2_entropy,motif_l2_top1_mass,motif_l2_boundary_tie_count,motif_l2_local_share,motif_l2_meso_share,motif_l2_far_share,motif_l2_edge_universe_coverage,motif_l3_selected_k,motif_l3_entropy,motif_l3_top1_mass,motif_l3_boundary_tie_count,motif_l3_local_share,motif_l3_meso_share,motif_l3_far_share,motif_l3_edge_universe_coverage,motif_l4_selected_k,motif_l4_entropy,motif_l4_top1_mass,motif_l4_boundary_tie_count,motif_l4_local_share,motif_l4_meso_share,motif_l4_far_share,motif_l4_edge_universe_coverage,motif_l5_selected_k,motif_l5_entropy,motif_l5_top1_mass,motif_l5_boundary_tie_count,motif_l5_local_share,motif_l5_meso_share,motif_l5_far_share,motif_l5_edge_universe_coverage,train_accuracy,consistency_group_fraction,val_raw_loss,val_raw_accuracy,val_raw_macro_f1,val_tta_loss,val_tta_accuracy,val_tta_macro_f1
1,5.9999999999999995e-05,439.57433535300004,896,False,0,2824.81494140625,3182.0,2.306961067667359,1.735163784939782,0.34503326655522115,0.09184317331527683,5.0296163514712486e-05,-0.0001051075377753988,0.005137849194854586,0.0007706774111459935,2.6840996186500465,0.13420498384852914,0.9180396391385908,2.8467000517967564,0.699999988079071,3.853390248725604,0.9953991705220531,3.8696659444836663,0.9996034719527189,-0.004204301430665901,3.853390248725604,47.15301730416944,0.018544802728055115,0.02315096854356465,0.0011354013285521307,0.030854454485740344,0.02900040904147919,0.0018540452797980046,0.00101660865988119,0.3130139543183516,0.3455253451301692,0.3414606810033398,0.03728122221273981,0.02289110714789437,0.029697516816234327,8.0,2.069028767162848,0.15375795086671942,53904.0,0.19398991164150786,0.4298648287709004,0.37614525920557723,0.98509730060188,16.0,2.7205719156795762,0.10621661912957273,40874.0,0.2067518560486057,0.5032764558171922,0.28997168818662533,0.9982659235913791,16.0,2.7118367644793695,0.10685842935049221,72941.0,0.11854090707564686,0.40948786204430687,0.47197123068229146,0.9995252712193384,16.0,2.7215975409428723,0.10263673358036395,70723.0,0.10705508032953226,0.3687596082108128,0.5241853110067913,0.9998758602422201,24.0,3.0953877510091528,0.07976256116169482,59585.0,0.1438553177388369,0.4397126594665735,0.41643202271725244,1.0,0.307778048695531,0.5077951002227171,1.7266169198212367,0.2928392309835609,0.1441884959201861,1.7256731450906468,0.293953747561995,0.1454080302741651
2,0.00011999999999999999,439.6355614249999,1794,False,0,2824.81494140625,3182.0,2.085542871617462,1.554718451571525,0.3088945003289398,0.09050338594741535,4.552635843128758e-05,-0.00020484094787532586,0.008179586230846917,0.001226937982057695,2.6071781775118343,0.13035891141969938,0.9163676895757359,2.8602899840858944,0.6991468071937561,3.838140280710384,0.9914598322312467,3.8698594975842715,0.999653470001731,-0.008193637770484319,3.838140280710384,46.439913148337546,0.018530415314939014,0.023334015573436985,0.0010754275324943315,0.0350536737847824,0.032068140621545976,0.0029855331220375076,-0.0013143941440852676,0.31837406110986116,0.3544797752474397,0.3271461417349974,0.057864281260679495,0.040460426245141526,0.05121686856308354,8.0,2.016254460102812,0.2006910368486143,44753.0,0.17665689688058744,0.4366131538677757,0.38672994864539645,0.9887410957900711,16.0,2.555339395059405,0.1758214998244824,32978.0,0.1753919905542667,0.48729790147309465,0.337310107839764,0.9955462770608364,16.0,2.4675619250085643,0.2018934947492486,51044.0,0.1354429095504949,0.44023753348083317,0.42431955755830303,0.9999995260362553,16.0,2.609474006800854,0.1458518029945124,52980.0,0.12029915261961639,0.40171038482650007,0.47799046245993704,0.9999725118301775,24.0,2.9749851526438893,0.11400322783127852,58880.0,0.14552765229602124,0.44740332221822093,0.4070690253113599,1.0,0.4166637639764534,0.49665924276169265,1.503506468909469,0.4321538032878239,0.3189426956216163,1.4999430632983186,0.4321538032878239,0.3166779991794865
3,0.00017999999999999998,449.9861363970001,2692,False,0,2824.81494140625,3182.0,1.9473267490410615,1.442989928557368,0.2868059411587322,0.08911372978561928,4.396981464630154e-05,-0.00047616992011628864,0.011767553987197628,0.0017651331697122311,2.5416844725098087,0.12708422600516578,0.914974398274395,2.860947315593827,0.6965945959091187,3.79501498094725,0.9803198017983182,3.868748960203003,0.9993665982880576,-0.01904679648973936,3.79501498094725,44.488515259201506,0.017844531863729047,0.0240152401481692,0.0014433548728732637,0.04077246260361062,0.03735108823419809,0.0034213744146745677,-0.003781069890056526,0.35822372993828633,0.34311626328832034,0.2986599872304444,0.06450668683385163,0.05069862069461059,0.05651303796505927,8.0,1.9235368970710327,0.2586519205627108,38607.0,0.17857290960358096,0.4490384308412957,0.3723886598374819,0.986147690186402,16.0,2.1403024708150493,0.31188038228933307,29286.0,0.16718593704430154,0.4834497782365959,0.34936428405784375,0.9987705359991584,16.0,2.209391149259908,0.2888022256346389,39722.0,0.14383669713953703,0.45235881191829874,0.4038044911996088,1.0,16.0,2.481907581875261,0.1904485177500062,44347.0,0.11997842743928963,0.4069659719833731,0.47305560048468837,0.9999966824863177,24.0,2.914571561818005,0.13156938658896614,53813.0,0.14343847073307064,0.4474118975460843,0.4091496317514685,1.0,0.469748162597095,0.5400890868596881,1.3409835207126837,0.49122318194483144,0.37625896093270406,1.3343078494570189,0.4934522151016996,0.3778250471851938
4,0.00023999999999999998,443.3132072610001,3590,False,0,2824.81494140625,3182.0,1.8820947029526744,1.3919713910194296,0.2769597767527489,0.08763465937762273,5.365656630402025e-05,-0.0012842317374125087,0.011447477948469837,0.0017171217609201963,2.5008465647635165,0.1250423304662651,0.9150440628384758,2.840323386427676,0.6923651099205017,3.6668326180450195,0.9472080201368362,3.865693385085573,0.9985772888174359,-0.051369268680599614,3.6668326180450195,39.18207575401304,0.01568405338793966,0.02439453946459924,0.0021425389871413234,0.04415788210189066,0.04173823585657537,0.002419646119918112,-0.0067346136980808505,0.37363443848331784,0.3440178188945379,0.2823477227241709,0.06409169873405995,0.05449665164350301,0.06061282489674439,8.0,1.830976795853731,0.30392352126912725,35899.0,0.18895327021808742,0.45994672524488484,0.35110000394480145,0.98729986536818,16.0,1.9029774474202414,0.3855514852844264,26377.0,0.17003852653370127,0.4874057157316852,0.342555757665581,0.9989837189341726,16.0,1.9353935607544552,0.3713002199081755,36488.0,0.14778027574212296,0.4574431256993553,0.39477659839502366,0.9999984301051325,16.0,2.3149583995012146,0.2471795349128734,40369.0,0.12298067548505946,0.4111718371499606,0.4658474873680942,0.9999980302210607,24.0,2.7491858465435937,0.18115072124716655,59833.0,0.14469592300796422,0.4499811531047495,0.4053229235883184,0.9999997630181277,0.49548921940854784,0.512249443207127,1.248220023387453,0.523822791864029,0.40864796020913285,1.239471920156386,0.5243800501532461,0.40925264252259125
5,0.0003,440.1377466220001,4488,False,0,2824.81494140625,3182.0,1.8239727990455963,1.3474822028884361,0.26838488998171506,0.08523424946399993,6.815336120355795e-05,-0.00221147798423974,0.011918806243428217,0.0017878210064745331,2.4645391492710087,0.12322695978216054,0.914765404578,2.8710060420589905,0.6864944696426392,3.521714009387918,0.909721304065336,3.864157032396083,0.9981804217654936,-0.08845911770015763,3.521714009387918,33.85685787036827,0.012881717139020603,0.0232549982098131,0.0023441181366544907,0.04153236630470834,0.040699244424918214,0.0008331219184333729,-0.010418769097377184,0.38938555657176405,0.33448912034363926,0.2761253030350633,0.06063848257175375,0.050805645455590416,0.05809417818949831,8.0,1.7277600131540938,0.3503822387292503,36461.0,0.19490766547172103,0.4688795325912533,0.3362128019951583,0.9859660200354505,16.0,1.6264621709356355,0.46515041293468073,22203.0,0.17354911549949875,0.48775367607948794,0.33869720880043264,0.997380126608033,16.0,1.8164258964873352,0.4074900700721776,34839.0,0.14785123613576306,0.4599021560061858,0.392246607943693,0.9999912323350962,16.0,2.096555391894832,0.31578288062134774,38872.0,0.12476737007902036,0.41470324853303775,0.46052938133967103,0.9999842124218817,24.0,2.6460193432445807,0.21123514442586439,68408.0,0.14267791141928945,0.4473226938666983,0.4099993942214419,1.0,0.5169807377477446,0.49888641425389757,1.1902159709191715,0.546113123432711,0.4322118681448055,1.1794997433428314,0.5416550571189747,0.4302024985865752
6,0.0002998847409179881,442.8595607299999,5386,False,0,2824.81494140625,3182.0,1.7563748063203695,1.2951778323968677,0.25791569139197634,0.0822713743631749,5.978443412407754e-05,-0.002659885731374451,0.013516329006728278,0.0020274494341986113,2.431651225109626,0.12158256326411983,0.9151137274035948,2.8880424025813722,0.6790326833724976,3.456080156997178,0.8927669139062687,3.8679582370170884,0.9991623413401249,-0.1063954274338562,3.456080156997178,31.694273827720316,0.01511993309013005,0.02234639423613912,0.0015287759817296234,0.03982816605912949,0.03952385638094861,0.0003043097959809914,-0.01433066254794201,0.3978917001556788,0.3277299890153946,0.27437829054686264,0.05890933313989985,0.042882227989566285,0.05295829566017771,8.0,1.6508207854824657,0.3832900694841759,34812.0,0.20166786811762358,0.47203845922598714,0.32629367245448215,0.9869131710429755,16.0,1.5388809062747888,0.4925032227607542,21661.0,0.17775386949538718,0.49002458707571006,0.33222154363651935,0.9974182736471265,16.0,1.7152496658317755,0.43774121625926943,34310.0,0.15105140039886675,0.46555667799727213,0.38339192173673575,0.9999933651719474,16.0,1.9549613937721544,0.3597747079755301,42525.0,0.1280167022751576,0.4202165605651576,0.45176673707819526,0.9999881519361609,24.0,2.5075314024356827,0.25018363554502854,71987.0,0.14011655406672618,0.44467704944664743,0.41520639660029646,1.0,0.5435577693406249,0.5111358574610245,1.14715953715567,0.5617163555307885,0.4532129541717916,1.1344960091937117,0.5675675675675675,0.4581415458936377
7,0.0002995391413931026,442.7499424609996,6284,False,0,2824.81494140625,3182.0,1.7064498308630147,1.2568527412699402,0.25030887252063505,0.08013660349791366,4.02937795011065e-05,-0.0028708054211336867,0.013104728449951822,0.0019657093466595717,2.400328335148745,0.12001641882029941,0.9173778257699607,2.862919136450505,0.670043408870697,3.4240398675804373,0.8844903373490713,3.8685784492544495,0.9993225523926313,-0.11483221504355993,3.4240398675804373,30.693914010509886,0.018298390218371374,0.02230911248476543,0.001288687965738477,0.0394542269867276,0.03929424064997604,0.0001599862297514681,-0.017282058039222784,0.3952245170473658,0.33744400928393276,0.26733145263610353,0.05886349355476047,0.04572597129178369,0.05687206524694708,8.0,1.6405497352682215,0.3874329552627946,32960.0,0.20465581725352844,0.4707751964382121,0.3245689860757289,0.9873839844966898,16.0,1.4518455112984057,0.5169738689441077,20127.0,0.18042553675700398,0.49612460465402813,0.3234498582261579,0.9963372411816434,16.0,1.6873230724408794,0.4459293541024565,33858.0,0.152802699936973,0.46842417296369543,0.3787731269249336,0.9999921800964923,16.0,1.829612030858069,0.399191339156351,43502.0,0.12716485904791483,0.41791226155141115,0.4549228794572495,0.9999990521057293,24.0,2.3538186540590016,0.2922104244133103,68595.0,0.13840022511963743,0.44424924342446853,0.41735053159707336,1.0,0.5589536382319134,0.5066815144766147,1.112501550963012,0.5728615213151296,0.4708475968297427,1.0998796200347034,0.5748119253273892,0.4772434506196191
8,0.00029896373431476147,442.81600564500013,7181,False,0,2824.81494140625,3182.0,1.6675084028138052,1.226494371619044,0.24433226874224373,0.07913810992287412,2.4141517333154205e-05,-0.003016450777666424,0.013622282553339474,0.0020433424664887396,2.36985243686817,0.118492623754052,0.9149395659907974,2.866097456933297,0.6596034169197083,3.4022517501176384,0.8788620799207908,3.8693432284894667,0.9995201091236686,-0.12065802920287777,3.4022517501176384,30.03194241492351,0.019476195286522505,0.022009056102834948,0.0010404633955991797,0.03947309255542881,0.03937421480359243,9.887772257262516e-05,-0.01919939831143707,0.39607911914085625,0.3500772666271347,0.25384359321602046,0.05973014362181565,0.04599371808757042,0.054783441172151996,8.0,1.5855135807170029,0.4108942255396974,33535.0,0.20183641655329912,0.4736435136088649,0.324520069812922,0.9871138413106308,16.0,1.3703131750337614,0.5403016124998599,21480.0,0.1816786548031996,0.4991751108042827,0.31914623512644236,0.9965882365774754,16.0,1.659025078590663,0.45475564077442027,32614.0,0.15358613751598477,0.4714794098228458,0.3749344520243056,0.9999928910088907,16.0,1.7850232866433327,0.41469843919247545,50121.0,0.12922924195712351,0.42267930096267653,0.4480914574289958,1.0,24.0,2.28782805646075,0.309120531870515,78105.0,0.13762190395234258,0.44253554057334177,0.4198425557260508,1.0,0.5767877669023651,0.5077951002227171,1.0871676754971407,0.5873502368347729,0.4983798098812259,1.0733428470070032,0.5893006408470326,0.49979755221229955
9,0.00029815940691897306,443.78729499699966,8079,False,0,2824.81494140625,3182.0,1.6337374217366802,1.2006971974570348,0.23932537364234718,0.07739102843745449,1.3925623550208735e-05,-0.003122946228197154,0.014128230221738486,0.0021192346157105084,2.346272108377037,0.11731360735025703,0.9159845344686197,2.835341079144805,0.6478017568588257,3.3841675641066753,0.8741906136964663,3.867749658637944,0.9991084610021925,-0.12491784730572623,3.3841675641066753,29.49358121776345,0.01927163459702129,0.022409268864543218,0.0014602960355403313,0.03966551518737346,0.03960263485690968,6.2880281528032e-05,-0.020285743942720487,0.38982986201769615,0.3465876325701774,0.2635824859771382,0.055937253701219304,0.04137910556883422,0.052719411834373196,8.0,1.5561691572675387,0.4231425529197489,32638.0,0.20434826556364152,0.4753909332622509,0.3202608011683981,0.9811811132500623,16.0,1.37710958569562,0.5370238641760118,20765.0,0.18475329244584016,0.5007515970737302,0.3144951106797416,0.9971136823833755,16.0,1.5909078244551076,0.4760650431932528,31159.0,0.15503349134399996,0.4713444425145878,0.3736220661938354,0.999996608296608,16.0,1.759473834679233,0.4240045136736704,52687.0,0.1314186920354498,0.4302526636160032,0.43832864412847344,0.9999999259431649,24.0,2.218269658174222,0.3297338219792073,77680.0,0.13783460034619943,0.44317315512575645,0.4189922446385999,1.0,0.5873767808004459,0.5100222717149221,1.0658900105677531,0.5954304820284202,0.5160778761591345,1.0503788243498633,0.5993312900529395,0.525155621439982
10,0.00029712739942028293,438.3034865319996,8975,False,0,2824.81494140625,3182.0,1.6042741664446127,1.1777610865799941,0.23461125788737158,0.07679502378473536,8.09038566313463e-06,-0.0032262526105643237,0.013281396722950537,0.0019922095888680546,2.3266550593127184,0.11633275498948238,0.9167160124013307,2.867581689946143,0.634739100933075,3.369856003986813,0.8704936833457059,3.8694348880799447,0.9995437859741472,-0.12905010262844127,3.369856003986813,29.074413524517265,0.01980399424501827,0.021867594222685353,0.0009611500891364863,0.039796584926519926,0.03975090386819024,4.56811067588155e-05,-0.020802138803346457,0.3914304292373487,0.3564242518333487,0.25214529818217746,0.060580297169673655,0.04675782422975561,0.05647045378432287,8.0,1.5389156840455382,0.4294919971263896,32580.0,0.2024199461170015,0.47589429848088405,0.3216857554052287,0.979646494028241,16.0,1.374165090046655,0.538968901631891,20192.0,0.18681049253496365,0.5046100641888109,0.30857944289421085,0.997416124354585,16.0,1.541429394950496,0.49156419228866327,31576.0,0.15262562094179788,0.46872776340548034,0.3786466155141377,0.9999981190435872,16.0,1.728456721879201,0.43628737925258215,56170.0,0.13365408953367106,0.4342185825585962,0.4321273278438907,1.0,24.0,2.1652343828744818,0.34555412313150774,84529.0,0.1379354292597366,0.44102175809434435,0.4210428127564749,1.0,0.5954578703542444,0.48775055679287305,1.0500457755833092,0.599609919197548,0.5314572967952053,1.0325672641110042,0.609083310114238,0.5436927970639778
11,0.00029586930309945264,447.0172661889992,9873,False,0,2824.81494140625,3182.0,1.5699395229917006,1.1510003967309073,0.229288953841262,0.0755035616271905,4.989678882907574e-06,-0.00330478701221916,0.01490198230069381,0.0022352974341326576,2.3042221516708152,0.11521110934675054,0.9159497021860603,2.858869696581948,0.620526909828186,3.356570675694551,0.8670618473775518,3.868310460800487,0.9992533258652836,-0.13219147848773183,3.356570675694551,28.690717386349835,0.019445626778817005,0.02222615555314168,0.0013018135028768512,0.04000834314541685,0.0399713506900391,3.69925166621536e-05,-0.020980128599494604,0.39386519078608945,0.3463280881193224,0.2598067011997291,0.06095218776918478,0.04313048428684455,0.05755777165421897,8.0,1.5421151069933903,0.42903737715470797,33316.0,0.2078989072987941,0.484452258688707,0.3076488350947003,0.978110244889598,16.0,1.403120733460952,0.5305131402291899,20966.0,0.1875916494172653,0.5039225046406877,0.30848584585069566,0.9976554914653403,16.0,1.5455547412978414,0.49156364129293784,32548.0,0.1547231480446541,0.472927904417823,0.3723489479942794,0.9999981041782399,16.0,1.6717006364267835,0.4535137405641409,58462.0,0.1333630281915784,0.4363535930204011,0.43028337870497385,0.9999997778502563,24.0,2.128196116093205,0.35640675874417294,82192.0,0.13652115252991778,0.4395061439574917,0.4239727034020347,1.0,0.6095301125082727,0.5244988864142539,1.0299714163306963,0.6104764558372806,0.5525193157565819,1.0162903920426347,0.6193925884647534,0.5646763003025647
12,0.0002943870578498202,438.9737734959999,10771,False,0,2824.81494140625,3182.0,1.5385761776456781,1.1265396793258449,0.22460332878779757,0.07476815651184697,3.2386951200367114e-06,-0.0033899040695338487,0.013951984083632202,0.0020927976959191083,2.2791777200354044,0.113958887820751,0.917760980879153,2.85564382299908,0.6052864193916321,3.344128932452608,0.8638479232127865,3.869048918845275,0.9994440841228014,-0.13559616091001486,3.344128932452608,28.335936577850184,0.019623096792641185,0.022028370383784204,0.001115710236462758,0.04016107192958587,0.040130134225291325,3.0937795170081024e-05,-0.021037751535681864,0.3979880440537843,0.3539185105857399,0.2480934269801797,0.06141122987338744,0.04288158105460719,0.05471072685100773,8.0,1.5423499704831538,0.42883363986277745,33559.0,0.20743957123598122,0.4891643612687252,0.30339606754512155,0.9758929892693979,16.0,1.3693408508892737,0.5394398211216228,20671.0,0.18929050827650049,0.5063450440700585,0.30436444809358815,0.9977672899619361,16.0,1.5321576971383075,0.4943072835200882,32072.0,0.15690863664442395,0.4691531928697015,0.3739381706877817,0.9999981190103685,16.0,1.665940426717985,0.4558840154845777,60790.0,0.13137465568675305,0.43552824356986203,0.433097100181263,1.0,24.0,2.1006494535747593,0.3657955754074816,86219.0,0.13567278705224078,0.4407258662197457,0.42360134667818555,1.0,0.6215124177087324,0.4955456570155902,1.0107642784527864,0.6185567010309279,0.563889748586904,0.9977818848728702,0.6241292839230984,0.5729291047380369
13,0.0002926829491861254,446.7415108899995,11668,False,0,2824.81494140625,3182.0,1.5214664159704223,1.1131875576147976,0.22194627894661453,0.07401414635599027,2.196988552713439e-06,-0.0034654723703726287,0.015558757252798894,0.002333813682936861,2.268957946271357,0.11344789914386375,0.916646347839326,2.873787975314601,0.589147686958313,3.3320597417468605,0.8607302368499006,3.868681333643785,0.9993491297671901,-0.13861889291728957,3.3320597417468605,27.996008510669988,0.01947410097552353,0.022149958431574364,0.001232854756182054,0.04034063299554236,0.04030763509593549,3.299804079450889e-05,-0.021018189735150836,0.39487265559850415,0.35408392645725656,0.2510433979274055,0.056152715183333334,0.04571064880348812,0.05430588033806153,8.0,1.5222061954781514,0.43691379449730355,32615.0,0.20903707282758024,0.4871459398402445,0.30381698730726125,0.9751850450801693,16.0,1.3310834040374873,0.550994697017079,21985.0,0.18706232323096028,0.5056752482403649,0.3072624286174309,0.9979655181789827,16.0,1.492648378393984,0.5057304790328175,32056.0,0.15613108595835842,0.4710027101338107,0.3728662041709849,0.9999859006042212,16.0,1.6066268668444978,0.47388441891351163,58326.0,0.13312106096080994,0.43803753107272325,0.4288414084590371,1.0,24.0,2.07224580825461,0.37373137735553147,91697.0,0.13689817172252977,0.44357729064221957,0.4195245376933833,1.0,0.6230798704239089,0.5256124721603563,1.0043748295981427,0.6252438005015325,0.5755897800994311,0.989705508550451,0.6291446085260518,0.5850189918728709
14,0.00029075960472041136,439.4932034080002,12566,False,0,2824.81494140625,3182.0,1.5015341985760913,1.0981990316286285,0.21892791047104224,0.0729717852943469,1.5316869008248021e-06,-0.00353892009282189,0.01465781312257445,0.0021986720565842868,2.255483799682623,0.11277419177959937,0.9154272179476681,2.8776625679380454,0.5722483396530151,3.319052824750997,0.8573703191975383,3.867047654867812,0.998927121113168,-0.14155680191562967,3.319052824750997,27.634224410955465,0.01905827502733326,0.02250424979948886,0.0015603860162909046,0.04055936028390968,0.04052062934627416,3.873091594286257e-05,-0.021006777400386475,0.38662292326234543,0.3539844882550951,0.25939256815845313,0.054641135867930714,0.042592218709601774,0.05336125288544692,8.0,1.5140775690681987,0.4404836233203499,31585.0,0.21183791725850784,0.48835177080393494,0.2998103126408584,0.9772083237484342,16.0,1.3475871995688855,0.5455067940418356,20687.0,0.18853273559405165,0.5083585266405239,0.3031087379040084,0.9986220893036373,16.0,1.4797279026952714,0.5084953888393818,31559.0,0.1553793780324252,0.47800881932441075,0.36661180311652986,0.9999550064739761,16.0,1.5871234884779963,0.4802516967347807,56696.0,0.13429349600145563,0.4416580223261515,0.42404848191011385,1.0,24.0,2.0029438457592326,0.39211210068056396,97770.0,0.13590932673863837,0.44327667945583743,0.4208139938221335,1.0,0.6325890835626459,0.49665924276169265,0.9921395595308199,0.6338813039843968,0.5858745517290973,0.9790774493803384,0.6375034828643076,0.5932940481585545
15,0.0002886199901104373,438.82232761900013,13464,False,0,2824.81494140625,3182.0,1.4772924940025276,1.0792530536165788,0.21532729119706034,0.07199153749982601,1.1730102991627585e-06,-0.0036206284544058813,0.015550296704960477,0.002332544600515567,2.2401506220199434,0.1120075328416546,0.9158103730578986,2.8477315188841104,0.554732620716095,3.3084536058168856,0.8546323525174383,3.8691008147527657,0.9994574886487151,-0.1448251361312768,3.3084536058168856,27.34286864807316,0.019559047728158755,0.022006837312329226,0.0010986984273062559,0.04063623185968975,0.040602478704026404,3.375317189093686e-05,-0.02098514328739055,0.3976937417945143,0.3496758755444525,0.2526303637373007,0.055333596548319416,0.042836698568289984,0.05195400796695963,8.0,1.5210275270667395,0.4378043225507983,31787.0,0.2147392742726375,0.4894535787746929,0.2958071466147736,0.974984492313119,16.0,1.349920262653936,0.5461028938823461,20592.0,0.1893079908675437,0.5070631043461449,0.30362890483613936,0.9989600026282386,16.0,1.4769432199483399,0.5110675913400048,31555.0,0.1560114684645013,0.4737309719428377,0.3702575595153238,0.999926971525121,16.0,1.5551785236782047,0.49062519061299237,61391.0,0.13229971801982604,0.43832098750191306,0.42937929447410855,1.0,24.0,2.011251240681155,0.3914153327868066,100198.0,0.1360355739303424,0.44340157865743,0.4205628470219084,1.0,0.6406005085513253,0.4955456570155902,0.9812351757518825,0.6402897743103929,0.5963617699181077,0.9667617998006252,0.6447478406241293,0.6025224775872006
16,0.00028626740448684966,439.1936029459994,14362,False,0,2824.81494140625,3182.0,1.4563268336089097,1.0631832379217518,0.21212416389522568,0.07154453478696732,9.10098785435721e-07,-0.0036986248645053785,0.01513291998367382,0.002269938086942988,2.218053456865727,0.1109026746040696,0.915496882511749,2.840800453525397,0.5367498993873596,3.296575270317296,0.8515639678596217,3.869300069577758,0.9995089604848023,-0.1479449926251806,3.296575270317296,27.02000206328762,0.01963103031782738,0.0219365335868434,0.0010303206126672728,0.04077399072705975,0.04073888184912439,3.51089392425663e-05,-0.021004974557636814,0.3968060615522875,0.35384395994185536,0.24934995781686464,0.056470221709598215,0.043798140171414285,0.05216218613529576,8.0,1.5152253807141218,0.44005549985449194,33193.0,0.2057433634931015,0.4886408105952982,0.3056158260112563,0.977928027735388,16.0,1.356799017839486,0.5436558768398697,20846.0,0.18886193184835326,0.5064852914988233,0.3046527772123502,0.9990275061123465,16.0,1.5251408789639456,0.4945301635249821,31242.0,0.15735758363571514,0.47549671866460347,0.36714569785747,0.9999348359976805,16.0,1.5120781897427233,0.5017398053515422,60939.0,0.13195471995321328,0.4375857256967706,0.430459554323545,1.0,24.0,2.0160427621267214,0.3896447423795053,104159.0,0.13614113720682722,0.44295583830270413,0.4209030247178088,1.0,0.6451635375666167,0.49443207126948774,0.9708364533328452,0.6400111451657844,0.5975386581721213,0.9575390118216034,0.6475341320702146,0.6052787119822508
17,0.00028370547536616097,439.325369702,15260,False,0,2824.81494140625,3182.0,1.4407811292540156,1.051155839998141,0.20974440420791726,0.07090955633036732,8.343433978661142e-07,-0.003765439819601973,0.01539821227727424,0.0023097319301477186,2.208524156000436,0.1104262094842075,0.9133372809930614,2.873827739836359,0.5184536576271057,3.2846685487809046,0.8484882505308179,3.867739516219075,0.999105841509995,-0.15061759097917712,3.2846685487809046,26.700198899051554,0.019117127011973135,0.022335804557689427,0.0013965500148542234,0.04099172659174452,0.04094421172854465,4.751481145133728e-05,-0.02100516430258423,0.3998190353144182,0.35741184635605655,0.24276909734675525,0.055406413915412976,0.04454226969643348,0.05201862705373508,8.0,1.4940070387977364,0.4486189571390365,32155.0,0.2047547012465788,0.4850144322003029,0.3102308660522433,0.9776714064928012,16.0,1.345311871242314,0.5473035288195885,21348.0,0.18868481593998776,0.5028318849064688,0.30848329864124957,0.9994788911072803,16.0,1.4885564629712438,0.5065723825030045,31954.0,0.15880866221889706,0.4774199656545524,0.3637713724281136,0.9999567247503391,16.0,1.5466260288139468,0.4930187201478347,62104.0,0.13166830874817295,0.43582254135810894,0.4325091499881837,0.9999998518967106,24.0,1.9403027633858465,0.4118486661709872,101343.0,0.13442551399106503,0.4397258844809612,0.4258486015222643,1.0,0.6544637570099968,0.4922048997772829,0.9643938347435689,0.6433546949010867,0.599839678371786,0.9492234352339806,0.6475341320702146,0.6083369843332667
18,0.0002809381530573832,441.2154045829993,16156,False,0,2824.81494140625,3182.0,1.4257970968837952,1.0401096549617603,0.20741758687277193,0.07003033313995087,7.32688680497944e-07,-0.003836705845881332,0.01566449678758767,0.0023496746104042575,2.1945164622904727,0.10972582488258645,0.9137901006663347,2.8652774630480167,0.5,3.2756678187995374,0.8461632007378936,3.869774184658334,0.9996314327118643,-0.15346823197397064,3.2756678187995374,26.46094191024128,0.018965448983894184,0.02182499127548602,0.0009358069203984945,0.04119980192278602,0.04110181674954493,9.798515490762356e-05,-0.02105410149106661,0.3913333775296747,0.3572915591824544,0.2513750429144556,0.05665307376089836,0.04297562376943629,0.05175814732066798,8.0,1.4990560570382379,0.4463818455806259,32060.0,0.21266462106053044,0.4869066900494679,0.30042868830296576,0.9699304047670271,16.0,1.3410166026058647,0.5493047747084571,21374.0,0.19178757699016177,0.5087621479208158,0.2994502747848642,0.9986274497665711,16.0,1.4721378308486248,0.5126934237569273,30345.0,0.1587347694704403,0.4774978938382257,0.36376733658908283,0.9999703792590757,16.0,1.520425125338357,0.5009753898649306,61575.0,0.13310063109043196,0.4395560895978497,0.4273432797046327,0.9999998518967106,24.0,1.8658559580383067,0.43128123865210943,99270.0,0.1331849398367241,0.4391457070530825,0.427669353292896,1.0,0.6595144379811209,0.5011135857461024,0.9592717113718079,0.6439119531903037,0.6048975918686709,0.9433989568685349,0.647255502925606,0.609938925150268
19,0.0002779697045709368,439.9644598529994,17054,False,0,2824.81494140625,3182.0,1.400375585628447,1.020071105812696,0.20360102771512684,0.06927610337479892,7.689615397976685e-07,-0.0038916574473777266,0.016712790094787038,0.002506918616291613,2.1762264087874588,0.10881132211771943,0.9152182242502351,2.8643408917580166,0.4815463423728943,3.265449248044866,0.8435235631586745,3.8680647653099833,0.9991898588773129,-0.1556662957186385,3.265449248044866,26.191966821151723,0.017941882948027583,0.022332830559268317,0.0014045021078381967,0.04162068096690199,0.04139459782676673,0.00022608315244323316,-0.02103504727155737,0.3968303117816353,0.3535208186160194,0.2496488499815401,0.05487636092093518,0.0435871733537126,0.050476673022865015,8.0,1.4689510594034167,0.45850862311907475,31651.0,0.21062730267483545,0.4899732342630956,0.2993994631892341,0.9772209262058127,16.0,1.3489801131170442,0.5473635893675421,22266.0,0.19063652705341103,0.5067556407277315,0.3026078319889221,0.9990302149378073,16.0,1.4896220898751975,0.5074821318668724,31803.0,0.15805464388735885,0.4753088285502456,0.3666365278172449,0.9999885956294078,16.0,1.5415386274576877,0.4951495391713227,66181.0,0.13299022499209656,0.4354978249937046,0.4315119498205964,1.0,24.0,1.8493487624490252,0.4366063711253647,99174.0,0.13374008411883045,0.4393036022900148,0.4269563133809429,1.0,0.6682921731861089,0.4955456570155902,0.9585868217513965,0.6450264697687378,0.6030898944666163,0.9408654452499555,0.6500417943716913,0.6148713553144096
20,0.0002748047070392305,434.52790518000074,17952,False,0,2824.81494140625,3182.0,1.3874401788468387,1.0105030698467976,0.20151081047138578,0.06879213492590837,7.047522983878662e-07,-0.003962301367670562,0.015870989685277174,0.0023806485480097313,2.1643019680975373,0.10821510023966247,0.9149743982733569,2.8419669099916898,0.4632501006126404,3.2548963891712033,0.8407975728826806,3.8684509727057876,0.9992896238088051,-0.1584920509261245,3.2548963891712033,25.916991488579537,0.018518307991384247,0.022280936742216952,0.0013148852813100519,0.04165918627228519,0.04147282691849632,0.00018635940716903827,-0.02101585433095213,0.3958100704523275,0.36151211462784405,0.24267779543553114,0.061335769131701294,0.04805779465409925,0.05358025516820675,8.0,1.4900638600527512,0.45003434570963685,30809.0,0.21367306895563148,0.4950605690024598,0.2912663622495253,0.9709830891438681,16.0,1.3245074294354127,0.5539656198756806,22026.0,0.18998681313389293,0.510162244327988,0.2998509420756532,0.9987460031704227,16.0,1.4812968902118844,0.5094898609686697,31146.0,0.1576715701498529,0.4726973549515116,0.36963107425917646,0.9999903876968568,16.0,1.563377280000933,0.48848371483169384,65437.0,0.13299996973178185,0.43782523428473197,0.4291747960473283,1.0,24.0,1.872170106213379,0.4304389757934652,96065.0,0.13239655334534509,0.43857657224881436,0.42902687442244986,1.0,0.6721585565502107,0.4732739420935412,0.9516367812979085,0.6455837280579548,0.6069923239462186,0.9332643148792126,0.6561716355530789,0.6194746764308076
21,0.0002714480406590546,447.2123620080001,18850,False,0,2824.81494140625,3182.0,1.370466805230222,0.9977042113290884,0.19884567150144833,0.06834315963517935,7.578081665390588e-07,-0.004013879023853848,0.017101694360061905,0.002565254257155799,2.14043258933248,0.10702163117083824,0.916959838379247,2.8479885281496333,0.4452674090862274,3.2442570302448965,0.8380492360656914,3.865798308278057,0.9986043932495282,-0.1605551571838368,3.2442570302448965,25.642737719236095,0.01770919815917551,0.022887941069098812,0.0018843321523405066,0.041856632731148244,0.04167149260665058,0.00018514008357752365,-0.021003271105097705,0.39281076036105317,0.3632154973226595,0.24397372260724512,0.0608360588698754,0.04855057240565882,0.05327929680913779,8.0,1.515087992915199,0.44045596807834897,30845.0,0.21546337715358818,0.49457610130679613,0.2899605215951531,0.97408514728682,16.0,1.3607686755840647,0.5428969552264559,20815.0,0.18977706423373492,0.5088960200920843,0.30132691592020633,0.9987028316709207,16.0,1.4856813069715982,0.507897647079735,31761.0,0.15706341975341667,0.47199908791342776,0.370937492388693,0.9999856189183463,16.0,1.531680087833271,0.49878982942930405,63504.0,0.1335540503946532,0.43613267766216457,0.43031327207346165,1.0,24.0,1.9148339240286658,0.4196449315102813,95904.0,0.13195478157952453,0.4374481663058563,0.4305970519817446,1.0,0.6744574871991361,0.5256124721603563,0.947079883640807,0.6489272777932572,0.6089033213417281,0.9288726322628987,0.6575647812761215,0.6205074459623845
22,0.00026790488116667133,442.2391429529998,19748,False,0,2824.81494140625,3182.0,1.3565727146368025,0.9863437520469002,0.19658964712287844,0.06812266520386355,6.808372125707212e-07,-0.004089350350757932,0.017461017687171475,0.0026191527535751233,2.139723434256903,0.10698617356740621,0.9161586958814172,2.8583667451774213,0.42775166034698486,3.2348537869934932,0.8356202114022444,3.868081653822784,0.9991942217820133,-0.16357401037976893,3.2348537869934932,25.40273001902471,0.018623952999770207,0.02239759657337985,0.0014336684550988466,0.04170154152070368,0.04158795326652312,0.00011358823502164789,-0.021002233620119125,0.39927321889191286,0.35529094197217015,0.24543581957843486,0.05583444700642121,0.044076714634723006,0.04909841301912773,8.0,1.5096793957790355,0.44333990098495063,29908.0,0.21698104000468585,0.4940884937269319,0.28893046676666206,0.9785188142626906,16.0,1.3873535885391135,0.5349548160417347,21762.0,0.1916319055578054,0.5117371756000958,0.29663091867860075,0.997700927318494,16.0,1.4952239479289964,0.5052274602940806,32358.0,0.1567949652661433,0.4749771517610063,0.3682278833351413,0.9999677725581358,16.0,1.540025325827001,0.49632425296642535,65518.0,0.13296710712331528,0.43743395641549404,0.429598936051667,1.0,24.0,1.8734574069498127,0.4305325065854907,97752.0,0.1320809941745202,0.43824784244409426,0.4296711631099268,1.0,0.6851161656623359,0.5055679287305123,0.9399177082138296,0.6558930064084704,0.6260657234142235,0.9226984388484832,0.663137364168292,0.6313296445342437
23,0.00026418069185720465,437.87319215299976,20645,False,0,2824.81494140625,3182.0,1.3384573608029577,0.9722598775551193,0.19397521531846798,0.06738676575616118,7.966027928589869e-07,-0.004118442392161168,0.016351878851203955,0.00245278192402077,2.1300072534782992,0.10650036436251253,0.9169598383823613,2.874016086079159,0.4108523428440094,3.2297845827282905,0.8343107464184037,3.8675172981363324,0.9990484382985897,-0.16473769188018597,3.2297845827282905,25.274287368881776,0.01626115831004379,0.022469943539234632,0.001592706983963575,0.04232518676210481,0.04201608933535646,0.00030909756526044645,-0.021058990745327848,0.38859203668666975,0.3653357700746159,0.24607217263588274,0.05575623366046302,0.04432755953214888,0.04944356439345857,8.0,1.508752961364542,0.4439663560193901,29902.0,0.21368706386680783,0.4878400976592925,0.29847283826368787,0.9722361051677939,16.0,1.4131102012887868,0.5266867573472449,21325.0,0.19300196043247256,0.5131031658014221,0.293894873824238,0.9975322904687777,16.0,1.477494654579386,0.5103741081648143,30719.0,0.15702520351571603,0.4771256604440127,0.3658491358632781,0.9999611519974947,16.0,1.5238565293103825,0.5002990585579478,64718.0,0.13236015610244523,0.43913148965115223,0.4285083544555762,1.0,24.0,1.8617365652418065,0.4342636744741188,96231.0,0.13272936544590158,0.4395642325444557,0.4277064023724527,1.0,0.6917691316311958,0.48775055679287305,0.9385917112999356,0.6522708275285595,0.6239496688401616,0.9197979425779456,0.6636946224575091,0.6316983037257621
24,0.000260281215160635,432.06352463000076,21543,False,0,2824.81494140625,3182.0,1.315577777663868,0.9546768690144664,0.19043248998908696,0.06710966655011254,7.970863397481575e-07,-0.004168859478118025,0.016379110159314727,0.002456866621399147,2.1013987909028877,0.10506994126613015,0.9172036643571634,2.87057564736841,0.3947135806083679,3.2241113961288983,0.8328452613303984,3.8696510970827105,0.9995996366474312,-0.16675437531703285,3.2241113961288983,25.131275292403554,0.017984958493308657,0.02193346967175642,0.001032281468951394,0.04235825536969131,0.042037535579999355,0.0003207198741061369,-0.021095659886537922,0.3856395259580001,0.36306513314993055,0.2512953204631166,0.056251297685314096,0.04439000374646271,0.05270165478536679,8.0,1.5189132634456257,0.4398792128672715,30167.0,0.21307917270510834,0.48976201893742743,0.29715880857079024,0.9698460643690678,16.0,1.4378458999483774,0.5194845544975908,22180.0,0.19300064976818945,0.5134313400272806,0.29356801034311397,0.9974056216254412,16.0,1.4794008354395094,0.5098345677445453,30479.0,0.15637926600896568,0.47473881290044406,0.3688819215447515,0.9999684240568967,16.0,1.501996124898168,0.5074327350474561,65600.0,0.13149548759799778,0.435701553671623,0.43280295864318025,1.0,24.0,1.8439239481241294,0.4394045800449183,100901.0,0.13246528488517392,0.4386427221869911,0.42889199314116105,1.0,0.6996760597721968,0.46547884187082406,0.9355041215465606,0.6567288938422959,0.6272694452899167,0.9155190873192558,0.6670381721928114,0.6358476835553056
25,0.00025621246378738883,439.3928351329996,22440,False,0,2824.81494140625,3182.0,1.2984540939742135,0.9408101778991411,0.18780437273094783,0.06683507552626382,7.623337892230828e-07,-0.004206811596171895,0.018363009407333108,0.002754451522486263,2.089121567148384,0.1044560799789696,0.9153923856651086,2.8574282050136905,0.3794730603694916,3.2175976291977255,0.8311626396087349,3.8690141405596363,0.9994350998016887,-0.16827246019295372,3.2175976291977255,24.96812735388174,0.018108853592852563,0.0222022983495762,0.0012128150081394673,0.04243139278189969,0.04213646200404005,0.0002949307998697271,-0.021081231829556117,0.38551626103525355,0.3650624777062476,0.24942124152454265,0.05583876013037445,0.04560623083713515,0.051414920024714206,8.0,1.5201767758726181,0.43936703112843833,30187.0,0.21587286371186368,0.4903418459687231,0.293785290078578,0.9737768100157498,16.0,1.4390986921304845,0.5199052411011176,21421.0,0.1929232767683871,0.513976867839898,0.2930998548321882,0.998030751990302,16.0,1.4931979284643933,0.5059809437720827,30205.0,0.1569720367897167,0.47305154989553744,0.3699764130074733,0.999983411999746,16.0,1.4962498265551136,0.5111324527152027,64079.0,0.1312162517513027,0.4320634020907473,0.43672034584652514,0.9999994076076041,24.0,1.8386426037882366,0.4420041848492974,103113.0,0.13275551913937597,0.43706632923081673,0.4301781516438214,1.0,0.7068166776968895,0.4922048997772829,0.9335401380716443,0.6603510727222067,0.6304452288824633,0.9102125446189908,0.6698244636388966,0.6409315870895719
26,0.0002519807114571748,439.22811264399934,23338,False,0,2824.81494140625,3184.0,1.27967939629625,0.9269074485229638,0.18472160885509575,0.0661405379045985,9.065734440024769e-07,-0.004226171809273183,0.017993592826972715,0.0026990390330835414,2.068720710697358,0.10343603706915445,0.914033926645289,2.8536408670959506,0.36526086926460266,3.2129845998475632,0.829971012139778,3.867399002077388,0.9990178806089409,-0.16904686846916295,3.2129845998475632,24.853299392362164,0.014874840280462626,0.02223380503418804,0.0015259293152156993,0.043254159791885884,0.042612532577198575,0.0006416272269699432,-0.020973467329393928,0.3837961128134726,0.3587001483556415,0.2575037191934714,0.05310542327801326,0.0437961495447856,0.049730919782142245,8.0,1.5219581291349942,0.4381796082420041,29451.0,0.21408938294371124,0.4884068034886442,0.29750381391903563,0.9783572109769789,16.0,1.4421351261865407,0.5186201459005578,21206.0,0.19242804962878915,0.5139221536618647,0.2936497958155568,0.9976072858886296,16.0,1.4779636294346228,0.5102039068826226,29504.0,0.15583269397473068,0.4727831698818895,0.37138413649217566,0.999965876902469,16.0,1.5641853385611244,0.4902881535518264,62759.0,0.13115919036606793,0.43174848924124476,0.43709231979475155,1.0,24.0,1.8309075002606507,0.44366475707116293,96144.0,0.13312738442004482,0.4379955943385911,0.42887702108928494,1.0,0.709568428019088,0.4922048997772829,0.9344486588387477,0.6650877681805517,0.6371088342863624,0.9075676722923803,0.6675954304820284,0.6387059467726023
27,0.00024759248322536243,446.87751712000136,24236,False,0,2824.81494140625,3184.0,1.2657758449826304,0.9157569652490802,0.18260153771908397,0.06619437114938041,2.100466268507063e-06,-0.004281513743537767,0.019567879342927783,0.002935182016419826,2.0513439836341463,0.10256720086027442,0.9182486328339476,2.8317633535866205,0.35219821333885193,3.1937635413714016,0.8250058717150321,3.856747535890395,0.9962664179332894,-0.17126054621825726,3.1937635413714016,24.381326590109538,0.006835492815027062,0.02358027781893199,0.0031721719358893783,0.050469165679375295,0.04743023486093936,0.003038930881235896,-0.020361686567556124,0.3824651264763164,0.3590990845393626,0.25843576876558005,0.054093418416122294,0.04240189412796052,0.04899148954895851,8.0,1.5242777121652942,0.43735429903897766,29151.0,0.21487829266573105,0.4877804738286687,0.29734123344746766,0.9809046479086005,16.0,1.4637280458226225,0.5127190770529136,21703.0,0.1918423801677147,0.5144304801538374,0.2937271400547529,0.99780615024081,16.0,1.478378991198069,0.510664371035848,30532.0,0.15565246779970823,0.4728542482567671,0.3714932835007823,0.9999597156063185,16.0,1.5727454324414551,0.4870680540954769,65062.0,0.13132028942947507,0.4317180335567374,0.4369616768876605,1.0,24.0,1.8128559336550512,0.44815169942969046,93143.0,0.13419721337515605,0.43978198360589577,0.426020803517228,1.0,0.7181720018112787,0.5233853006681515,0.9325280327025015,0.6628587350236835,0.6323696751824464,0.9061939731950247,0.6714962385065478,0.6444243005555078
28,0.00024305454542182016,442.08275499999945,25133,False,0,2824.81494140625,3184.0,1.241306919592991,0.8964129724930752,0.17876258571571707,0.06595368138967485,5.008697040817244e-06,-0.0044652192948018915,0.01984402728203918,0.002976604211665948,2.033225802062443,0.10166129168931284,0.9151833919697518,2.8436691046732756,0.34039655327796936,3.157316486523806,0.815590950047452,3.84874692976863,0.9941997182394562,-0.1786087681920041,3.157316486523806,23.508423481188853,0.00610052770575725,0.026899834283353095,0.004107859750161867,0.060699896729350805,0.057283314702282165,0.0034165819884973752,-0.01809298542459464,0.38132313307958765,0.3645443694482482,0.25413247647797527,0.05633303364768991,0.044708972177386654,0.04962903616520474,8.0,1.5415287240387243,0.43086118174137383,29900.0,0.2174179687991719,0.4875870894456035,0.2949949417303106,0.9772498050454874,16.0,1.4390631093222825,0.5208885424637637,21542.0,0.19256038868342984,0.5149406575642558,0.2924989539962639,0.9978607080150429,16.0,1.5268975571034085,0.4958867230046285,30073.0,0.15655492313211128,0.4737599172530376,0.36968515936000174,0.9999430684913948,16.0,1.5608502396919697,0.4914348713739351,66963.0,0.13223336343761688,0.43536720388635475,0.4323994330803617,1.0,24.0,1.7881980505544044,0.45526175977892336,96497.0,0.1341438590930071,0.4408747872080838,0.4249813536739951,1.0,0.7266710787557908,0.5055679287305123,0.9271651443647255,0.6692672053496795,0.6421433470892381,0.9018060488433817,0.6759543048202842,0.6495335893031869
29,0.0002383738952177247,438.36443340299957,26031,False,0,2824.81494140625,3184.0,1.2301520688468426,0.8883109430110111,0.17705512635355072,0.06534901085413525,9.072702265956612e-06,-0.004683521581399952,0.0194816579680536,0.0029222488102535788,2.023783796537574,0.10118919138033085,0.9160541990327006,2.840440533337139,0.3299565613269806,3.100036167733875,0.8007944250037052,3.8252702846917086,0.9881352845800887,-0.18734085957638344,3.100036167733875,22.199899299087694,0.004548621852015245,0.032512883493818416,0.005920192954869164,0.07056294976388106,0.0670991416394725,0.003463808069601014,-0.015786099306837578,0.37305390675462624,0.3647433195107824,0.26220275326671055,0.05216711719095003,0.04239445225168883,0.04884927471392273,8.0,1.5534193831437841,0.4256180394754261,29519.0,0.21197499521407567,0.48724044029513947,0.3007845645987455,0.9728718377973407,16.0,1.4673971149207132,0.5111878023619205,21748.0,0.19598529652150856,0.5150600311345801,0.28895467284530546,0.9975243516819384,16.0,1.51752774078622,0.49860339888236155,30891.0,0.15709945890027247,0.474057768671078,0.3688427718639324,0.9999512882810504,16.0,1.5238072419557716,0.5017654212630486,62281.0,0.1323088702129601,0.4353115121529076,0.4323796173823972,0.9999998518967106,24.0,1.7796283611297408,0.45659413907801893,93166.0,0.13411796203127657,0.4392874155285308,0.4265946222657947,1.0,0.7267407433209098,0.4888641425389755,0.928594717377572,0.668431317915854,0.6421388859323913,0.8983641353348365,0.6781833379771524,0.6535523053027413
30,0.00023355774983643048,439.10784531399986,26928,False,0,2824.81494140625,3184.0,1.2077971851590277,0.8709426000348378,0.17373862352135655,0.06512548351617745,1.0387698223515925e-05,-0.004830172156553102,0.019760556786078354,0.002964083640327681,1.9969236104024723,0.09984618212237864,0.9123619770845104,2.8902327240462204,0.32096734642982483,3.0678504786773253,0.7924802898218766,3.8157931537462746,0.9856871721691305,-0.1932068823472539,3.0678504786773253,21.4971072986136,0.0044139191244749855,0.03223941531988009,0.006504392048654209,0.07895952686779036,0.07364309591668838,0.00531643093124864,-0.014857039215248403,0.37590951948352086,0.36878997947322717,0.2553004803013173,0.05410714106228563,0.04446626905872346,0.0502564384226646,8.0,1.5488195628547516,0.4274338509679451,29036.0,0.21354976382326227,0.48893669219079977,0.2975135436760702,0.976497031305812,16.0,1.5052778437334506,0.5006971452348206,21802.0,0.19594906482532434,0.514589158140582,0.2894617773714706,0.9976172228688136,16.0,1.5386004991269608,0.49267622810213324,30501.0,0.1574198211530578,0.47505746435988694,0.36752271446785073,0.9999499260401368,16.0,1.5305594346827982,0.49997732134306166,64128.0,0.13282934792843012,0.4355299842096454,0.43164066781469174,1.0,24.0,1.7785644050077807,0.4559559583562208,91277.0,0.1336311245890362,0.43960389731059796,0.42676497823064524,1.0,0.7354488139607789,0.49665924276169265,0.9279536100176591,0.668431317915854,0.6387006976989456,0.8954000657034571,0.6804123711340206,0.651330692834856
31,0.0002286135354250343,439.68344116499975,27826,False,0,2824.81494140625,3184.0,1.190717619449277,0.85775458532016,0.17093056006642351,0.0648163156399321,1.1018202140010393e-05,-0.004996596534915102,0.02051349317148188,0.0030770241041444928,1.982494257320169,0.09912471446382567,0.9150092305559163,2.850271115951966,0.3135055601596832,3.024877253252742,0.7813795412415983,3.7985904132972306,0.9812433988353153,-0.19986385759371708,3.024877253252742,20.594242707104048,0.004761845336364664,0.03394761677611986,0.007505207827792317,0.08372000549226691,0.07744287026679446,0.006277135323181999,-0.014581840478197576,0.37393875205885124,0.37048702705528896,0.25557419990828023,0.05477032979644139,0.047942928901346604,0.051327815840124,8.0,1.5557722437904522,0.42466158760312733,28879.0,0.2129543125240144,0.48657522061521463,0.30047046676371025,0.9787222246809968,16.0,1.5190473123255965,0.49574077583421483,21797.0,0.1929436920043912,0.5142165177763433,0.2928397904325916,0.9977234525862249,16.0,1.5634546849648654,0.48521056265628193,30791.0,0.15652773267253073,0.47322663700943096,0.3702456304758269,0.999963403713525,16.0,1.5439986089432831,0.49557088484850137,66912.0,0.13321185132657362,0.43517726294784825,0.43161088575879675,1.0,24.0,1.7920229307864168,0.4525535560124695,91095.0,0.13239282614185982,0.4369981110712599,0.4306090627235572,1.0,0.741823121669163,0.49888641425389757,0.9259849031113023,0.6726107550849819,0.64725918563008,0.8940167026820041,0.6809696294232377,0.6533391456075801
32,0.00022354887560379475,444.81262168000103,28724,False,0,2824.81494140625,3184.0,1.1761591163123886,0.8461794128919238,0.1687458825898671,0.06473983284216399,1.1063219388302845e-05,-0.005164760559923284,0.02150881190747391,0.0032263219142448485,1.9684272691446054,0.09842136500034052,0.9153923856651086,2.832515592447846,0.3076348602771759,2.9761693350818406,0.7687974213108821,3.77592236765907,0.9753878398820887,-0.20659041857120655,2.9761693350818406,19.613078707898605,0.0050083128338031975,0.033982454081962564,0.00852230492634904,0.08925210979561052,0.08494329965327609,0.004308810126357692,-0.015642010342211528,0.37004579418841366,0.37228643467232053,0.2576677500044167,0.057445324724321144,0.04907442588229227,0.05303356492383701,8.0,1.5686668667400796,0.41923431386153376,29784.0,0.21363974722852494,0.4897811384212095,0.2965791146466382,0.975987741850757,16.0,1.527723980234801,0.493523725418093,21808.0,0.19333234877188404,0.5138360061442542,0.29283164498420583,0.9980229176615941,16.0,1.5873112267737661,0.47795030840171776,30759.0,0.15745466833781654,0.4746228901149628,0.3679224415306113,0.9999402993200981,16.0,1.5612942398584784,0.49049130181474965,66459.0,0.13231366111561274,0.435228015557531,0.43245832298221276,0.9999998518967106,24.0,1.7597206397765632,0.46097156874350964,93474.0,0.13202113859292386,0.43592001817526954,0.4320588430880321,1.0,0.748406423072904,0.5189309576837416,0.9278072974050101,0.6748397882418501,0.6469553399705114,0.8933429139409101,0.6834772917247144,0.6541643676491299
33,0.0002183715797110622,436.321911725001,29622,False,0,2824.81494140625,3184.0,1.152178822152023,0.8272516323404878,0.1651482712475499,0.06437007990321576,1.0664961009347771e-05,-0.0053154746748794056,0.02113121109199236,0.0031696817845246524,1.9508793357771523,0.0975439682924169,0.9156013793625417,2.8679335498274994,0.30340537428855896,2.958666304767333,0.7642760777524108,3.7817571216078196,0.9768950610957411,-0.2126189833433303,2.958666304767333,19.27270023996103,0.006171831109209473,0.033886573631043276,0.00835844685214116,0.09096200664341605,0.08700128507548113,0.003960721555072422,-0.01621661624206205,0.374812914578451,0.3658147241340593,0.2593723412680607,0.053475051998662336,0.044709785006429886,0.050280671291113764,8.0,1.5786262747552884,0.4152991745258026,29813.0,0.21492643888226548,0.4902945589988499,0.294779002661283,0.9717995309128798,16.0,1.558072000545761,0.48496806197909875,22177.0,0.19376122125349282,0.5152736377963544,0.2909651412351066,0.9979971051859737,16.0,1.5645346694067523,0.4853005954286157,30895.0,0.158033858665109,0.4752781129941376,0.36668802793693916,0.9999356785805158,16.0,1.5416682099942243,0.4970127904187583,62367.0,0.13360367749148333,0.43749483117236254,0.42890149117836557,0.9999994076076041,24.0,1.7687746358435166,0.4590969314611404,93551.0,0.13188848384792617,0.4364500209430139,0.4316614955687557,1.0,0.7580549653418789,0.4844097995545657,0.931584398272842,0.6698244636388966,0.6456199839482488,0.8970752800696737,0.6834772917247144,0.6553322222244173
34,0.00021308963076184547,440.5012368459993,30519,False,0,2824.81494140625,3184.0,1.1465138042810639,0.8234653405466524,0.16399627673683664,0.06448654170935753,1.041905748130526e-05,-0.005473034677954303,0.02169455388655811,0.0032541832144309655,1.935481618317638,0.096774082387053,0.9171339997910063,2.8682214334394835,0.3008531630039215,2.9620534062381405,0.7651510256959243,3.809542078712591,0.9840724090306735,-0.21892138333474917,2.9620534062381405,19.33829214690085,0.00786884599315174,0.03210977351633524,0.007024872555318329,0.09052519824941968,0.08707502733150069,0.0034501710166504117,-0.01681096172867584,0.3692623581639311,0.3677243914994589,0.263013230868403,0.054570902294401355,0.04566866402545129,0.05121932646210421,8.0,1.5719594530826901,0.4177129056171429,28507.0,0.21471648230635387,0.4894322822929745,0.295851235217969,0.973282168085014,16.0,1.5818683521148573,0.4770396609860921,22167.0,0.19332698045844812,0.5151055034908815,0.2915675159536097,0.998464645749038,16.0,1.580701421796933,0.4797370507801923,30999.0,0.15773588866945254,0.47444198277225075,0.36782212829825695,0.999966883782687,16.0,1.5587722691063215,0.4910005743282916,60208.0,0.13388551983617308,0.43657093148644416,0.42954354865817823,1.0,24.0,1.7583519452425989,0.4605718694733429,90020.0,0.13132769182122503,0.43609187396439086,0.4325804333200757,1.0,0.7578808039290815,0.49888641425389757,0.9341304946257962,0.674282529952633,0.6462207086833845,0.8981980402910068,0.6865422123154082,0.658741541878825
35,0.00020771117313858088,441.0797606750002,31417,False,0,2824.81494140625,3184.0,1.1208512498200585,0.8032566970223656,0.16027384919622,0.06386036751034359,1.0640130240085526e-05,-0.005602924134052859,0.021645503150749913,0.0032468256042478888,1.9161158990621123,0.09580579658747958,0.9143125849047268,2.873493774777076,0.30000001192092896,2.9503488330043153,0.7621275271827589,3.817950632725893,0.9862444889163842,-0.22411696173362528,2.9503488330043153,19.11332798286509,0.009127570820736225,0.03071417765600201,0.006520778811036665,0.09225483495440909,0.08877583533673913,0.0034789997282663404,-0.017614057484355405,0.36620671172709074,0.3762278352041114,0.25756543218256966,0.05705139173860502,0.049653532008733146,0.052810563508788017,8.0,1.5729910007418872,0.41729608409008373,29686.0,0.21287719858818416,0.4868047407403079,0.30031806060195637,0.9766412475539364,16.0,1.582944836689265,0.4765413800183291,21917.0,0.1909787999764186,0.51384583935767,0.29517535998752414,0.9986832371188736,16.0,1.6187372085978284,0.46812322810113177,29702.0,0.1582254288820161,0.4744789999878524,0.367295571561974,0.9999661134524988,16.0,1.640456280811623,0.46700542379793375,62106.0,0.13253781248608487,0.43200363762895494,0.435458550045344,1.0,24.0,1.7494675030242088,0.46304717120666183,86176.0,0.13033005011389384,0.43480767578477253,0.4348622742757316,1.0,0.7698631091295413,0.5022271714922049,0.9339354593596375,0.6767901922541097,0.6470008038586847,0.8949321194856271,0.684870437447757,0.6557302652020469
36,0.00020224450003308517,439.3886639409993,32315,False,0,2824.81494140625,3184.0,1.1007483313688975,0.7874478267117717,0.15713697818026381,0.06373207631560407,1.058698446223798e-05,-0.005680563824930655,0.022820794082322404,0.003423119252878835,1.8935661666520092,0.09467830982092588,0.9157407084927796,2.8653658141685905,0.30000001192092896,2.9416777339282754,0.7598876280322702,3.8213018895009414,0.9871101774426604,-0.2272225494103902,2.9416777339282754,18.948146465625328,0.009934598690072015,0.02943876071649236,0.006279330894984496,0.09340305062531677,0.09014179382022054,0.0032612567767517095,-0.01807430537999571,0.3682080256290755,0.3689362733332298,0.262855681699248,0.05722316698923127,0.04715318742421541,0.05291043604782534,8.0,1.5919286196514781,0.4098087764705227,29923.0,0.2133940108910163,0.4896390399317818,0.29696694930177187,0.9753807392952987,16.0,1.5750157057360765,0.4794059672138153,21695.0,0.19097286148971349,0.5150232206770667,0.29400391706088613,0.9984329087556751,16.0,1.6135889112839334,0.47001068491024545,30000.0,0.15807138639846904,0.4763379506788855,0.3655906631385667,0.9999080129088959,16.0,1.6117602812383918,0.47571100466859856,62255.0,0.1328263784554017,0.43279622773121107,0.4343773936306846,1.0,24.0,1.7464314019228664,0.46516917544043407,89161.0,0.13002127887848972,0.43406995814535626,0.4359087631837706,1.0,0.7768992302065554,0.49443207126948774,0.941706706601353,0.6765115631095012,0.6485746906073822,0.8989243612677382,0.6857063248815826,0.6609797868664323
37,0.0001966980406590546,448.16387965500144,33213,False,0,2824.81494140625,3184.0,1.0836474802714207,0.7739220437777985,0.1543462508789482,0.06336258892708904,9.73122230010723e-06,-0.0057468679313637415,0.02455581386170285,0.003683372230204037,1.881407233410492,0.09407036318248588,0.914033926644251,2.8851745320718454,0.30000001192092896,2.951146772751643,0.762333648793355,3.8410379874087157,0.9922083622298357,-0.2298747134364807,2.951146772751643,19.128255579695733,0.01195722159818077,0.02800973181055566,0.004914753191004258,0.09213227778335795,0.0893914584742473,0.0027408195599779813,-0.018611063009320084,0.3728390280436961,0.36452889927332377,0.26263205205731066,0.05596549311763271,0.04735010922585225,0.05229236057503162,8.0,1.5837568907060238,0.41403319684912443,29728.0,0.21325328944452654,0.4911604494405576,0.29558626100695523,0.977385758494105,16.0,1.5889017327360244,0.4751378937524382,22042.0,0.1930686633434036,0.5154446813167377,0.2914866552926259,0.9979163627481007,16.0,1.618082964909048,0.46884163604364315,29276.0,0.157506524126517,0.4752015177213833,0.3672919580856624,0.9999033627458914,16.0,1.6085367823283232,0.4770722496922294,61140.0,0.1334958114953594,0.43570978037594893,0.4307944079651936,1.0,24.0,1.7408076580541834,0.46628932231164094,87756.0,0.12960255100921908,0.43320967106137503,0.43718777821020727,1.0,0.7807656135706573,0.5311804008908686,0.9443333185160847,0.6751184173864586,0.6475524113399447,0.8992376786548469,0.6804123711340206,0.6610055644867724
38,0.00019108034725482856,444.430742681001,34111,False,0,2824.81494140625,3184.0,1.0691536038894962,0.7628448735671489,0.15227104928059665,0.0634342914419225,9.457114748063886e-06,-0.0057822171197680905,0.024078098449086174,0.0036117149148550444,1.8552887377525855,0.09276443847749219,0.914033926645289,2.8782676613863587,0.30000001192092896,2.9527647379087534,0.7627515977521631,3.848129705333208,0.9940402788313509,-0.2312886810791879,2.9527647379087534,19.15938106767934,0.012986700379929503,0.026967558280861573,0.004265842201192294,0.0912731644272879,0.08826903127588787,0.003004133082245875,-0.019032442423155358,0.36879874389412187,0.3732938054749084,0.2579074301745078,0.05513947021547432,0.04726644175489115,0.05188396041931588,8.0,1.5828076812382124,0.4140986773868004,28742.0,0.21377820247668966,0.48995521104885137,0.29626658636390313,0.9788952897723522,16.0,1.6069511529266483,0.4703570460113862,21926.0,0.19217667825074441,0.5143053978479138,0.29351792378507646,0.998244959305536,16.0,1.6566629844331546,0.4576435828641596,30326.0,0.15669734755466008,0.4753323536558399,0.36797029868413456,0.9999296948173053,16.0,1.6286046023179324,0.4707416877840342,59195.0,0.13270784223078436,0.4350236055235109,0.43226855237857936,1.0,24.0,1.74552450171666,0.4650422442174887,88166.0,0.12964501518912772,0.4324315968960479,0.43792338780530665,1.0,0.7873140826918388,0.5155902004454342,0.9456216680468806,0.6767901922541097,0.6470544392671428,0.9001388826155005,0.6834772917247144,0.6606862698113193
39,0.00018540008189645783,448.55175508499815,35008,False,0,2824.81494140625,3184.0,1.0464099159957914,0.7450010233394795,0.14865007889688506,0.06307212158551248,8.935614533538887e-06,-0.005822442753025778,0.025217965133652973,0.0037826949230873198,1.83435007479793,0.0917175052186456,0.9182834651196213,2.853688853367265,0.30000001192092896,2.953908522195745,0.7630470574510446,3.855502348957011,0.9959447637297416,-0.23289770627869696,2.953908522195745,19.18100541505558,0.014513747053191478,0.025788707160822853,0.003532475128869076,0.09015806407108008,0.08711946740050464,0.003038597105889023,-0.019521108478034708,0.3754618075622769,0.3657485706342201,0.2587896006276496,0.054414418029627994,0.04455250009295916,0.04930921475167139,8.0,1.591878192128879,0.4106135381167492,28887.0,0.2126580604673441,0.4862577464757093,0.30108419320643054,0.981356549910349,16.0,1.6419944424270283,0.46048370089653523,22019.0,0.19290634208477264,0.5157121885902036,0.29138146983991287,0.998371967157686,16.0,1.6408500785908027,0.46210334209871956,29349.0,0.1569065114945768,0.47589637905648896,0.36719710978683023,0.9999219047898239,16.0,1.6409530090045819,0.4671626177641818,58137.0,0.1331945833892773,0.43612045944910066,0.43068495739415263,1.0,24.0,1.765561537378206,0.4587569259115677,88206.0,0.12929923480714042,0.43183300089485666,0.4388677644293204,1.0,0.7941760423560555,0.532293986636971,0.95233359643097,0.6712176093619393,0.6465368798411147,0.9031339546005916,0.6837559208693229,0.6600414069680712
40,0.00017966600314141116,440.5733699470002,35905,False,0,2824.81494140625,3184.0,1.0328387786836402,0.7347851126473618,0.1467080696700463,0.06286959736574393,8.437721515423743e-06,-0.005833576924973937,0.024085755566140694,0.0036128634769438226,1.8137655075476118,0.09068827702959335,0.9157407084886272,2.8705842989673394,0.30000001192092896,2.957248553308251,0.7639098472968758,3.860566486729828,0.9972529205879309,-0.23334307329105505,2.957248553308251,19.245108303503372,0.015588788008219058,0.024785377090593946,0.0028903689007881597,0.08991684164430053,0.08676196962725784,0.003154872135757199,-0.01970549592105127,0.3693230464831843,0.3722675390189384,0.25840939511790734,0.05421316293823922,0.04578627769410425,0.050299897283500435,8.0,1.5954924374149237,0.40900236792236194,28211.0,0.21615368421029396,0.4885187198533264,0.29532759602202147,0.9803223177043741,16.0,1.6310752670926616,0.4630077701727505,22224.0,0.19203751921921572,0.5174114988110042,0.2905509818343102,0.9977641205723048,16.0,1.6617462221468051,0.456127142673866,29615.0,0.15710424978943005,0.4754119480612086,0.3674838021218521,0.9999502517448796,16.0,1.6714210927148005,0.45824702110379884,59812.0,0.1334599792898135,0.435935842414324,0.4306041781572784,0.9999996297573478,24.0,1.7849315914050876,0.4541574278289387,86765.0,0.12913239918232147,0.4321385779532857,0.43872902272321357,1.0,0.8034414295168762,0.49665924276169265,0.9577386260331591,0.6717748676511563,0.6500936149671018,0.906440371289895,0.6859849540261911,0.660042036565516
41,0.00017388695252351449,446.17622694799866,36803,False,0,2824.81494140625,3184.0,1.0107395685683673,0.7174906345751473,0.14312752747396396,0.06265185015416411,7.790357895669491e-06,-0.005835424877340899,0.02519629947279824,0.0037794450692488087,1.7903549659941038,0.08951774979784051,0.9152878888153541,2.842488250648877,0.30000001192092896,2.9602593413265965,0.7646875866067593,3.8638634253347126,0.998104577922552,-0.23341699131579272,2.9602593413265965,19.303032806530954,0.01654520197806687,0.024060137482640482,0.0023750792892226814,0.08991826414514881,0.0870233600412696,0.002894904134916266,-0.019927770699730212,0.36384362345986027,0.36638298113852935,0.26977337536868634,0.05426623050266579,0.04370753181428511,0.049176284792726656,8.0,1.5981904643801645,0.4077190633992582,27826.0,0.2159032383511618,0.4893440167976317,0.29475274453562933,0.9761124397919484,16.0,1.6600702417412125,0.45433159784536725,22214.0,0.1934095662388376,0.5177659378031328,0.2888244959305204,0.9973604542392146,16.0,1.682605747950854,0.4495574345423504,29232.0,0.15769820555272765,0.4767234974937415,0.3655782970391727,0.9999411286320813,16.0,1.671728278444646,0.45796809726434257,59418.0,0.133044242975152,0.43602439646972685,0.43093136033089524,1.0,24.0,1.7811707843786297,0.45462022493025855,85919.0,0.1281001027103186,0.4309111101454032,0.4409887871276689,1.0,0.8097809049427009,0.5200445434298441,0.9690851108979368,0.6681526887712455,0.6407861573083105,0.912543674370943,0.684870437447757,0.6609463166823623
42,0.0001680718409199467,440.19122065400006,37701,False,0,2824.81494140625,3184.0,0.9946933516186603,0.705198250289762,0.14072518599427206,0.06237066094165868,7.653368500271571e-06,-0.005858673026290283,0.024634644647635172,0.0036951968434500867,1.77110160876601,0.08855508193591677,0.9162631927311717,2.882575460991568,0.30000001192092896,2.959047602786677,0.76437457425039,3.866251622435898,0.9987214915434923,-0.2343469172931024,2.959047602786677,19.279644889224308,0.01727269549117288,0.023684479939429553,0.001952680938809463,0.08998995393996304,0.08750440108751802,0.0024855526952484515,-0.02003681664266051,0.3566123009633236,0.3723504490113075,0.271037229906284,0.05546462401763794,0.04705385760374941,0.05098327408867855,8.0,1.5979950503290805,0.40759606206756327,28610.0,0.2145321320261866,0.48916434637327344,0.29630352163946805,0.9806391256614357,16.0,1.6846593476756913,0.4466897530033611,22280.0,0.19331278540800015,0.516087931041006,0.29059928395273193,0.9978224391693763,16.0,1.6976874808772837,0.44476903013900854,29774.0,0.1571571425715768,0.4761324299958031,0.3667104273578782,0.9999569019344833,16.0,1.6831770655320661,0.4551395026945454,60142.0,0.13392757193349764,0.43720291099780373,0.4288695171958638,0.9999999259431649,24.0,1.773049779660633,0.45681103071372847,85282.0,0.1276600144596167,0.4301253501916904,0.4422146351659903,1.0,0.8124629906997806,0.49888641425389757,0.9772416160909803,0.6687099470604625,0.642130133066722,0.916837201772144,0.6865422123154082,0.6646492009136262
43,0.0001622296348113128,445.6836823619997,38599,False,0,2824.81494140625,3184.0,0.9771782417540524,0.6915636163066973,0.13794334179942788,0.062264845108813784,7.5378594008947814e-06,-0.005863828742161994,0.026544496791469124,0.0039816746766663065,1.7456211081062278,0.08728105692092056,0.9157058762081439,2.8458692261723333,0.30000001192092896,2.9583994501739665,0.7642071441077003,3.866401818292825,0.9987602899339391,-0.23455314582623868,2.9583994501739665,19.267170186584085,0.01751527866941175,0.023821796713757445,0.0019286419833809208,0.09002546747922772,0.08792233652944845,0.002103130887332107,-0.020068828262934477,0.35483340456603757,0.37922180382314075,0.2659447701131626,0.05616625814188581,0.04881863589913225,0.05104754769250664,8.0,1.6073586884086053,0.4042133026297611,27766.0,0.21553042040934545,0.4915632864460933,0.2929062934933571,0.9792923813740858,16.0,1.689521612765261,0.4449918407511739,22069.0,0.19262956443658513,0.5165482365087247,0.29082219857042446,0.9978448910737113,16.0,1.732184487693989,0.4348099804098128,29245.0,0.1569251938686338,0.47640325380092485,0.36667155212541996,0.9999674760650461,16.0,1.7251483648480814,0.4417323041595035,61358.0,0.13432386307935779,0.4369565452701051,0.42871959150935784,1.0,24.0,1.7932492126603499,0.4506395935302219,83639.0,0.12769395324241206,0.43016551880798454,0.4421405277752055,1.0,0.8180013236267373,0.5256124721603563,0.9810603522563519,0.6740039008080245,0.6469384539273337,0.9200709170370456,0.6882139871830594,0.6629294667376063
44,0.00015636934245598073,431.6715540840014,39496,False,0,2824.81494140625,3184.0,0.9651198332044555,0.6822793842080352,0.13615715024669267,0.06221657937636607,7.509312577699615e-06,-0.005865506802430677,0.023286360515841927,0.003492954217491531,1.7366352982894602,0.08683176637277189,0.9160193667501412,2.843916603571245,0.30000001192092896,2.9559997923550485,0.7635872702666836,3.8642620052587584,0.9982075385611534,-0.23462026829446983,2.9559997923550485,19.22098322588015,0.01685983781605204,0.024121815560556155,0.002312717299080269,0.0902409179293751,0.0882138285288023,0.0020270893459193614,-0.020127895811914653,0.35666257213714075,0.37722821411549506,0.26610919383589576,0.0541150375681375,0.0485259867294195,0.05106134793160477,8.0,1.6048330405882156,0.40489493528189396,28071.0,0.21483187918761187,0.4888952842799801,0.2962728359843003,0.9826855966259126,16.0,1.6798830243951455,0.44870883694570046,22474.0,0.19151619780289517,0.5183396407909214,0.2901441608025382,0.9978996429030119,16.0,1.7118783419506525,0.44097284527693453,28845.0,0.1560627690454549,0.47600046856769834,0.3679367622788861,0.9999601152474789,16.0,1.7252311310784239,0.44198053720424346,62345.0,0.1354807184512075,0.43883152014015236,0.42568776143614934,0.9999995557108935,24.0,1.805860072302716,0.44779831084459654,81073.0,0.12837522656681555,0.43119270618467886,0.4404320677317332,1.0,0.823469991988575,0.46325167037861914,0.9839220320690173,0.6745611590972416,0.6511060935685247,0.9238542847461971,0.6884926163276679,0.6634563820001673
45,0.00015049999999999997,449.42352627500077,40394,False,0,2824.81494140625,3184.0,0.9447634492765388,0.6663577488138158,0.13296605366327874,0.06191976381766642,7.013479503720258e-06,-0.005872904517860406,0.0271277372086595,0.00406916074546525,1.7063322933935405,0.08531661614995083,0.916158695880379,2.8590267098615603,0.30000001192092896,2.9571543110339196,0.7638855034635916,3.866562050758906,0.9988016804900886,-0.23491617702649692,2.9571543110339196,19.243176306231216,0.01766803923721417,0.02360813567544835,0.0018733606221951514,0.0901418648479297,0.08787157324282344,0.0022702917508595918,-0.020200907222786734,0.3594740493072354,0.37277765321010725,0.26774827839335064,0.0552073411942992,0.04743443682165396,0.050447257343931275,8.0,1.6137402026629788,0.4012950488614905,28187.0,0.2147034645992003,0.4877179922056097,0.29757854319519,0.9827858577901042,16.0,1.6890261034311274,0.4456997983140247,22372.0,0.1914713912324898,0.5190388788154304,0.289489730619048,0.9971782063016938,16.0,1.7480476717535507,0.43020374262369043,29272.0,0.1573057498958958,0.47620638176342583,0.36648786833237373,0.9999540726478049,16.0,1.7324874994626815,0.4399118962932843,60938.0,0.13507799980736662,0.4380686683728531,0.4268533323097555,1.0,24.0,1.8029766355281198,0.44860265275756783,78604.0,0.1288880352594581,0.4315689549957175,0.4395430099690503,1.0,0.8316555783900519,0.5356347438752784,0.9821924574529936,0.6726107550849819,0.6486208462404959,0.9249152573545386,0.6873780997492338,0.6640677617040616
46,0.00014463065754401926,441.0556821600003,41292,False,0,2824.81494140625,3184.0,0.9220548199010313,0.6484923252653622,0.12964274316404326,0.06189433864390403,6.897738692724557e-06,-0.0058782573723926475,0.0251068384150273,0.0037660259089287228,1.682614917796069,0.08413074727629943,0.9182138005513881,2.85539065341125,0.30000001192092896,2.957305051635237,0.763924441797996,3.867541665172846,0.9990547330319942,-0.23513029123399817,2.957305051635237,19.246051911172657,0.017910466991473178,0.023401744307069,0.0016865015057181234,0.09005244547904956,0.0874751709564327,0.0025772744079492448,-0.02024572317227122,0.36128936600583805,0.3758579047875011,0.26285270878030337,0.055566750712719465,0.04867803743912648,0.04990365457394026,8.0,1.6197552475013588,0.39896897667523706,27905.0,0.2158518193067812,0.4895118251170412,0.2946363556758335,0.9809634573901682,16.0,1.7040586728669993,0.441450430030272,22931.0,0.19246605875701042,0.5181884198437258,0.2893455215212386,0.997718180065523,16.0,1.7589192867337184,0.42703671895883405,29285.0,0.15768059663789358,0.4769040125179301,0.36541539099366027,0.9999503999540535,16.0,1.716840410428534,0.4443315815722549,59529.0,0.13505237911704557,0.43656408982348505,0.42838353113680655,1.0,24.0,1.8032228086696382,0.44924140691429165,76249.0,0.12846016474430197,0.4303414821738945,0.4411983532562015,1.0,0.8369500853390923,0.5044543429844098,0.9906129282342587,0.6753970465310671,0.6563315221397678,0.9295086332535338,0.6857063248815826,0.6638284718423627
47,0.00013877036518868718,438.23109667099925,42190,False,0,2824.81494140625,3184.0,0.9076726988179585,0.6367867418730527,0.12738039264629772,0.06169145409647269,6.5604151615172645e-06,-0.00587248171499406,0.024645647781014572,0.003696847320768993,1.6796637037069226,0.08398318660380696,0.9149047337082379,2.8859173184988487,0.30000001192092896,2.957815364251802,0.764056264270398,3.867157630816768,0.998955529319268,-0.23489926504887002,2.957815364251802,19.255882943235864,0.01782609439406345,0.02377333287901629,0.0017789898608865408,0.09025756001893935,0.08768922507346638,0.00256833492716865,-0.02025796889660853,0.35587046956948726,0.37118399387895135,0.2729455141621891,0.05353928042421367,0.04637065822951966,0.05049453837103931,8.0,1.6190293167256036,0.39930299932217,27539.0,0.21608547097332628,0.48811348342605676,0.29580104535407226,0.9780647212520006,16.0,1.7084921527886334,0.44003680503797316,22841.0,0.19109123498860553,0.5182147657299471,0.29069399915376326,0.9978129167330709,16.0,1.793279442432063,0.41701032957992834,29728.0,0.1567118906426477,0.4764439948503947,0.3668441145178575,0.9999706158755428,16.0,1.7030212605542252,0.44802458031269954,57905.0,0.134946667807861,0.4365783216838341,0.42847501048598613,0.9999992595146956,24.0,1.8160112545845621,0.4455780899104473,74884.0,0.1282417815848326,0.4312174530868732,0.4405407657103087,1.0,0.8457626528266398,0.4922048997772829,1.0049097162994975,0.6748397882418501,0.6513746835213335,0.9383735646109422,0.6859849540261911,0.6624634972168758
48,0.00013292815908005326,442.21366353899793,43088,False,0,2824.81494140625,3184.0,0.8886282357413748,0.622116624926976,0.12450529823520307,0.061392534092359854,6.37203394533523e-06,-0.005876385625397304,0.02558250126593925,0.003837375341204448,1.652928346031956,0.08264641875410773,0.9172384966397228,2.8562433301993493,0.30000001192092896,2.9579465142686256,0.7640901429803731,3.867893291668249,0.9991455642094685,-0.23505542122909545,2.9579465142686256,19.258407402164806,0.018084530744284705,0.023211749285091517,0.0015927377716719766,0.09004862323102833,0.08772635642213214,0.002322266879826452,-0.0202533794074743,0.3545848918544938,0.3766558467158413,0.26875924149951097,0.05486767646447569,0.04698369790136808,0.0500369946651708,8.0,1.6181243858249705,0.40001655990018,27550.0,0.2154639252105009,0.4865609587418123,0.29797511595374027,0.9792830515021611,16.0,1.7496375517974874,0.4276795848083453,22721.0,0.19233408983238995,0.5181890559767833,0.2894768533717793,0.9979885290868147,16.0,1.8175684422334495,0.40965384334090144,30231.0,0.15736910557750208,0.4748380666840616,0.36779282743946845,0.9999720079301978,16.0,1.7048646600988284,0.44767376942554693,57577.0,0.134067752413181,0.4345356278048027,0.4313966201001887,0.9999999259431649,24.0,1.7977081581925793,0.4505157047362532,76195.0,0.12786920560794612,0.43059687904128335,0.4415339151641751,1.0,0.8499425267337769,0.5077951002227171,1.0160081278284667,0.6748397882418501,0.6490787677000708,0.9439291327934339,0.6870994706046253,0.6627587448924294
49,0.00012711304747648543,439.97105326100063,43985,False,0,2824.81494140625,3184.0,0.8736849210949011,0.6111613108785495,0.12211821927803886,0.061411859293162806,6.016031556745611e-06,-0.0058804472410162725,0.025194706292952392,0.003779206099285479,1.6217751551469195,0.0810887591600036,0.9148350691462332,2.869945891328921,0.30000001192092896,2.956848218824768,0.7638064336139766,3.867423927859954,0.9990243197147648,-0.23521788610078817,2.956848218824768,19.23728171088835,0.017921030038489626,0.02334850895788491,0.0016912803898725627,0.08986265955305285,0.08794280204525802,0.001919857469377653,-0.020236787620293833,0.35501269237379524,0.37352059344674166,0.27146669444862115,0.05270789547513664,0.04674980948587052,0.048949517254777045,8.0,1.6292464541950429,0.3955521084550672,27242.0,0.2147615480217018,0.48750742836520733,0.2977310232725997,0.9773585528696902,16.0,1.7512292582652649,0.4276357460530218,23115.0,0.19220955563580222,0.5179092062379571,0.2898812384392227,0.998183202638061,16.0,1.8298880182806903,0.405977924348892,29815.0,0.15732911208060524,0.47525398826486176,0.3674168995050491,0.9999709270408964,16.0,1.7254380109130854,0.4419368599299839,57195.0,0.13367328277064897,0.4346129193426055,0.4317137980611435,1.0,24.0,1.8035237817140768,0.4489088808943342,76664.0,0.1271151429619459,0.4309058235867062,0.44197903396883226,1.0,0.854192065206033,0.5,1.0246468812650742,0.6734466425188075,0.6497918666800232,0.9499763623025298,0.6926720534967957,0.6675700077347342
50,0.00012133399685858881,445.35219701700044,44882,False,0,2824.81494140625,3184.0,0.8510969649913265,0.5938358239533946,0.11867074432295481,0.06100986414575071,6.019118533620437e-06,-0.0058795410828528846,0.02669517763482976,0.004004276808540859,1.5889955909373898,0.07944978094059758,0.9181093037037097,2.8405992183786952,0.30000001192092896,2.9572284221067844,0.763904647601843,3.8676638186233303,0.9990862872750123,-0.23518163967316932,2.9572284221067844,19.244585516177988,0.017984300583477466,0.023434950654957792,0.0016682367809364683,0.09010870467662903,0.08808706603092295,0.0020216387432047695,-0.0203256254605753,0.3586184093083428,0.3714952263902599,0.269886345755008,0.05202208100862378,0.04587514638101952,0.04785511924495056,8.0,1.6350936792816064,0.39309173069585224,27781.0,0.2144779434393946,0.48881024791594024,0.29671180880245374,0.9783844609067724,16.0,1.7600147715265622,0.4248862874742926,22752.0,0.19388568879373852,0.5185418074011175,0.28757250352797575,0.997861788474578,16.0,1.8208325607715437,0.40831864708755256,29728.0,0.15835357691720633,0.47685724299709487,0.36478918007998934,0.9999653282839533,16.0,1.7475544104170344,0.43535817922534,58291.0,0.1340793335796744,0.4360716247920677,0.4298490416505767,1.0,24.0,1.801406673484181,0.4498121980680867,74106.0,0.1268143935522285,0.4308171828877129,0.44236842350607825,1.0,0.8630394649761399,0.5211581291759465,1.0344131397450325,0.6734466425188075,0.6489390277026448,0.9573545968442881,0.6910002786291446,0.6654422283627573
51,0.00011559991810354217,434.83555193400025,45780,False,0,2824.81494140625,3184.0,0.8362845400769183,0.5818845170589528,0.1164939501802757,0.060971802957022495,5.848513694116498e-06,-0.005881586289480643,0.024691530756722167,0.0037037297647180773,1.5821256074849257,0.07910628168722166,0.9162283604465361,2.8483265250233,0.30000001192092896,2.957815443287283,0.7640562855095744,3.8685675321848914,0.9993197332231091,-0.2352634477135347,2.957815443287283,19.255879101764364,0.018363784848522576,0.023097248787391982,0.0014349932917927222,0.08996804706341478,0.08780313774893005,0.0021649091949673366,-0.020365828534993653,0.35729946259454215,0.37359447596904366,0.2691060408024401,0.051522767099700856,0.04570650013133257,0.047891227701099034,8.0,1.6299678437774336,0.3955959602528644,27671.0,0.21363616320522083,0.4877847689299454,0.298579068105669,0.980382519167931,16.0,1.7558006530495838,0.4263879148068774,22810.0,0.19344824154119789,0.517157920160373,0.28939383829842913,0.9980603409991078,16.0,1.8363688708373158,0.4037701586916876,30754.0,0.1580921938102602,0.47545452589562515,0.36645328087855533,0.9999635957422548,16.0,1.7496213624916621,0.4346373994055867,59201.0,0.13347142728947353,0.4338665204420787,0.4326620523431898,0.9999999259431649,24.0,1.7945292157860084,0.4517508807571884,72850.0,0.12701062626897688,0.43014569376415956,0.44284368014982567,1.0,0.868682294750775,0.4799554565701559,1.0447145102913582,0.6781833379771524,0.652334894935599,0.9635610423336524,0.6907216494845361,0.6691779145034411
52,0.00010991965274517138,445.1255550459973,46678,False,0,2824.81494140625,3184.0,0.8243618395835189,0.5728334119366505,0.11453499374029143,0.06095394067417729,5.490726555134672e-06,-0.005876121448315367,0.026085298097973653,0.0039127948751512265,1.5599466214098108,0.07799733247937668,0.9158800376188652,2.869089189635918,0.30000001192092896,2.9594015847503456,0.7644660145167859,3.8693074593910572,0.9995108687801667,-0.23504485426338087,2.9594015847503456,19.286444611682086,0.018979433375916833,0.02268203961752775,0.0011851761205752965,0.08992432725474588,0.08777371903632875,0.0021506082980413343,-0.020374193789131894,0.35077027929020616,0.3761681098219884,0.2730615911683824,0.051582274322081616,0.046273557667587485,0.04772942277089552,8.0,1.6395426201859404,0.3912778385023765,27300.0,0.21620616944368376,0.48941174139236227,0.29438208923298653,0.9794041941069507,16.0,1.7513261541618839,0.427825978552686,22496.0,0.19287484182050899,0.5171229105203095,0.29000224837078736,0.9980492487509816,16.0,1.850183898314126,0.39927708594073796,30424.0,0.15820355505335645,0.4763187647795967,0.3654776804852192,0.9999743330303855,16.0,1.757250993149404,0.4318070803807569,58292.0,0.1340457452438091,0.43590499398983146,0.43004926114837394,1.0,24.0,1.7891915790497137,0.4520639091986524,71287.0,0.12649674647381912,0.4300173879948657,0.4434858652961894,1.0,0.8740464662649343,0.5200445434298441,1.0532784450349784,0.6792978545555866,0.6604262598918295,0.9687075185456892,0.6862635831707997,0.6617988029418728
53,0.00010430195934094535,442.1844011110006,47576,False,0,2824.81494140625,3184.0,0.8085242112712919,0.5608182593491339,0.11227454317470816,0.060524056234048815,5.275472425359713e-06,-0.005882439056363439,0.025057754188782765,0.0037586632836211064,1.5405171081351612,0.07702585668400717,0.9159497021860603,2.8479442105463852,0.30000001192092896,2.9576949585924543,0.7640251624799704,3.868579101436269,0.9993227208298888,-0.23529755834991845,2.9576949585924543,19.253552671850585,0.01856598762585182,0.023025328552768815,0.001402540924691773,0.0898805339181451,0.08783476362382155,0.002045770223101337,-0.020421447190517892,0.3473644014542004,0.3724983697382442,0.28013720844555906,0.053705311873837855,0.04749292341635483,0.0496643107772297,8.0,1.6441706682830242,0.38908349960370764,27439.0,0.2145380705051061,0.4895123730255081,0.29594955614809915,0.9797319313102831,16.0,1.7683341678869986,0.4222103454614575,22773.0,0.1931590016676576,0.5168219420403214,0.2900190567539679,0.9978490524595278,16.0,1.8663477902959027,0.39460538062723277,29986.0,0.15777628185110923,0.47664548806243273,0.36557823037971643,0.9999591229149547,16.0,1.768438737973503,0.42862147321820304,56348.0,0.13378459929417133,0.4350736546949922,0.4311417462791809,1.0,24.0,1.8093769287937649,0.44702740478816255,68722.0,0.12634221784202918,0.42973263326340316,0.4439251492433635,1.0,0.8776690236511199,0.5044543429844098,1.0616620846464295,0.6770688213987183,0.6598870761497043,0.9714317375585939,0.6904430203399275,0.666394236863825
54,9.875549996691475e-05,445.6530906679982,48473,False,0,2824.81494140625,3184.0,0.7870479590001951,0.5439589760504387,0.10881166088297273,0.060500341787451076,4.970340335174547e-06,-0.00588309192956231,0.02640187912491979,0.003960282028090184,1.5138963771475127,0.0756948201402385,0.9158800376188652,2.878332346413069,0.30000001192092896,2.9569335864618274,0.7638284866930843,3.8679188239819005,0.9991521600699648,-0.23532367337688043,2.9569335864618274,19.238895605539653,0.01842921820481106,0.02338114948719745,0.0015875384740686768,0.08997866752958708,0.08797195159515711,0.0020067160165844985,-0.020434072404750033,0.3433673532960673,0.3780363061299846,0.2785963201226766,0.0556178266295628,0.04967388970406083,0.051623087515199714,8.0,1.639702800602544,0.3911041093192764,27602.0,0.2133560093267862,0.48861200615710204,0.2980319849977823,0.9809878338732363,16.0,1.7766444697192878,0.41980989261116824,23280.0,0.19322503082800147,0.5171371647388884,0.289637804881562,0.9980859775487405,16.0,1.8735284212261845,0.39237874967122865,30282.0,0.15799045894826866,0.4768809092726228,0.3651286315548826,0.999966587084057,16.0,1.7897115339368002,0.422327985797682,58178.0,0.13331951737962358,0.43439135196864276,0.432289130330447,1.0,24.0,1.8155244206837415,0.44564480137051016,69159.0,0.12656101542184534,0.4297146197427772,0.44372436507102225,1.0,0.8849141384234909,0.5200445434298441,1.0704889432671143,0.6815268877124547,0.6626926238280374,0.9758467824720147,0.6884926163276679,0.6688050081056343
55,9.328882686141906e-05,442.04347887100084,49370,False,0,2824.81494140625,3184.0,0.7765313264485615,0.5359993829486005,0.10745977226985635,0.060595187168880967,4.768807261894934e-06,-0.005882451827670453,0.024807112650048035,0.003721067046277463,1.4926720413237706,0.074633603303233,0.9179351422909123,2.8373422325373716,0.30000001192092896,2.9562548115741016,0.7636531462236368,3.8671409292751573,0.99895121559686,-0.23529806937322317,2.9562548115741016,19.22585522803382,0.018114065318877198,0.02368582429612101,0.0017776493499394959,0.0901787387180355,0.08806340880669945,0.002115329719517777,-0.02041575749958773,0.3447654429965767,0.37876447253459933,0.2764700635753292,0.05472004245007095,0.048398487674860484,0.050152762105566545,8.0,1.645911958695222,0.3886360263377257,27864.0,0.21417588589416411,0.48854662142306016,0.29727749282395505,0.9803057011609922,16.0,1.7983417491761033,0.41341882724967755,22896.0,0.19309770493683195,0.5172768342855802,0.2896254606088994,0.9981536270641244,16.0,1.8968676381352145,0.3849035139158023,30117.0,0.15816236935508443,0.47648418843984947,0.3653534423711594,0.9999628843191196,16.0,1.8026817166164562,0.41832995388574196,57310.0,0.13353687104942896,0.4351024368891476,0.431360691768165,1.0,24.0,1.8073116108443472,0.44687301182602385,68631.0,0.12649723032789878,0.43011884872095935,0.4433839209843605,1.0,0.8875962241805706,0.5077951002227171,1.0734625875069657,0.68431317915854,0.6617522157180119,0.9773385172668823,0.6918361660629702,0.6715734150679713
56,8.791036923815453e-05,430.19330650999837,50268,False,0,2824.81494140625,3184.0,0.7663602871748508,0.528205164539606,0.10570383953179904,0.06018117912576392,4.422752509875126e-06,-0.005879413632515038,0.022644373629170943,0.0033966561821162683,1.4949688128337109,0.07474844193929324,0.914695740012881,2.864839360766195,0.30000001192092896,2.9582396211567343,0.764165858321107,3.8686552835011576,0.9993423998237524,-0.23517654150264541,2.9582396211567343,19.264050212539747,0.018688178075038697,0.023127599961215096,0.0013860576412099055,0.09003901751192599,0.08777455091289585,0.002264466482383675,-0.02043473943530747,0.34820466839497755,0.3737814888929581,0.27801382262100766,0.05404520246169672,0.04604294600648468,0.04969639119528097,8.0,1.6497406881594425,0.3869369214393447,27853.0,0.21318275113851368,0.4890734448968241,0.2977438037570457,0.980779906558934,16.0,1.7932031509117121,0.41494259273330303,23333.0,0.1930915735686119,0.5180442922063588,0.28886413403973155,0.9980199263301728,16.0,1.8985544384042814,0.3847843227916644,29389.0,0.1580862996040199,0.4775632340250155,0.364350466551072,0.999932226973511,16.0,1.801902930366735,0.4184931137300699,55175.0,0.13336382787459913,0.4358509534300298,0.4307852184545359,0.9999998518967106,24.0,1.8080549660660454,0.4458515424882279,67815.0,0.12676543798293102,0.4307205051618657,0.4425140567207715,1.0,0.8905221359155665,0.45879732739420936,1.081771599711665,0.6812482585678462,0.6606515047165665,0.9863791520564328,0.6887712454722764,0.6694890077277851
57,8.262842028893775e-05,439.11323172099947,51166,False,0,2824.81494140625,3184.0,0.7486984084868216,0.5148909731159398,0.10320626360355921,0.059901699465053776,4.486264089247291e-06,-0.005882318296745716,0.023971073442729498,0.0035956611587500565,1.459632928707187,0.07298164767867125,0.9171339997920444,2.8637574524161766,0.30000001192092896,2.9570541242566732,0.7638596229499408,3.8679195690430745,0.9991523512184003,-0.23529272826845948,2.9570541242566732,19.241233118259153,0.018573161978943497,0.02361715437300116,0.0015736956643337384,0.09023662640974395,0.08799743544279319,0.0022391908424862477,-0.0203633937405844,0.3498195052248644,0.3721550385644474,0.2780254351780903,0.053618507043812866,0.045979602345619014,0.049169268174517174,8.0,1.654608026111075,0.3852928294335842,28225.0,0.2134962714833523,0.4888183486115335,0.29768537988590965,0.9806767127876717,16.0,1.797041690944608,0.41370482475428155,23101.0,0.19230413749196892,0.516890258602872,0.2908056042679691,0.9980871323225553,16.0,1.895066780744042,0.38617343364279616,30100.0,0.15822676149604337,0.4778664167971068,0.36390682157397525,0.9999575080814778,16.0,1.8219868200251896,0.4125213713827226,55160.0,0.13347079785827926,0.4351789068092377,0.43135029583076284,1.0,24.0,1.8179844694412624,0.443477306131277,67929.0,0.1269395004928978,0.43070190933693364,0.4423585902116919,1.0,0.8961301334076422,0.4955456570155902,1.0896204376858434,0.6809696294232377,0.6615146702525015,0.9906264097785578,0.6921147952075787,0.6691269856651624
58,7.745112439620527e-05,438.05761420199997,52063,False,0,2824.81494140625,3184.0,0.7396423389302172,0.5080747139122117,0.10175515764548203,0.06000161964677669,4.274545340218809e-06,-0.005882904101694518,0.023018563328007013,0.0034527846405814568,1.4447338743495872,0.07223669501508301,0.9147654045790381,2.8494662279170684,0.30000001192092896,2.956728292875992,0.763775455394863,3.867684447066513,0.9990916156611841,-0.23531616026632107,2.956728292875992,19.234961199741335,0.018471797042015667,0.02356156118891739,0.0016353370946298653,0.09007207472304897,0.08805690734323494,0.002015167531682308,-0.02039775777300754,0.3479096023142992,0.37380753311643683,0.27828284411280213,0.052652490855700014,0.04633306355525314,0.048843914655711425,8.0,1.662328950941652,0.3820785355607795,28158.0,0.21438200652480993,0.4878099007055326,0.2978080925205176,0.9825661280543924,16.0,1.8139708718601126,0.4089776151477325,22884.0,0.1927554169714839,0.5173740153228141,0.28987056802646954,0.9978838107496134,16.0,1.9090176632820475,0.3820288249859927,30269.0,0.15723005049752029,0.4779018121337628,0.3648681375405196,0.9999522950450033,16.0,1.827997772495734,0.4110233611088735,53851.0,0.1332004775789083,0.4348337087014521,0.4319658138416143,1.0,24.0,1.8209149883792395,0.4427642325428761,67634.0,0.12681405803344978,0.43061233576576746,0.442573606304591,1.0,0.900205510467101,0.4910913140311804,1.0986396914307006,0.6776260796879353,0.6535958882141044,0.9931896866181661,0.6893285037614935,0.6729091307065408
59,7.238646457496564e-05,436.19431717599946,52961,False,0,2824.81494140625,3184.0,0.7143382096582082,0.4879714558439206,0.09810789050554805,0.0598218678131016,4.092316727375334e-06,-0.005885810866729273,0.02269744772592889,0.003404617292701465,1.4182819747605906,0.07091409995154846,0.914695740011843,2.8789005197158755,0.30000001192092896,2.9568005000383546,0.7637941074049948,3.868206758468252,0.9992265384284185,-0.23543243102342376,2.9568005000383546,19.236347994936757,0.018504485995495593,0.023288711386178454,0.0015155086905636684,0.09023008091132126,0.0882840544401119,0.001946026366062909,-0.02041434052471432,0.3488955814907172,0.3733092834614068,0.27779511517793093,0.05381152034013464,0.04635106767097766,0.04922354678450829,8.0,1.6644565878776785,0.3811279002642855,27820.0,0.21392850555252965,0.48766183403140473,0.29840965991778584,0.9813707516880933,16.0,1.815944685723873,0.40871439054553843,23193.0,0.19365806481584436,0.517430899802111,0.2889110363064575,0.9981105164938608,16.0,1.9291431461034463,0.3758663338069204,30232.0,0.15809269720261745,0.4768496384656875,0.3650576641905158,0.9999613294992922,16.0,1.8255406250387796,0.41146969932461613,55192.0,0.13241156043251953,0.4324546801738303,0.43513375950161076,1.0,24.0,1.826077164247154,0.441571667441098,65285.0,0.12615060555629296,0.4291429036155822,0.44470649154076874,1.0,0.9087394196941726,0.48775055679287305,1.1110651670109433,0.679019225410978,0.6577606492689554,1.0007510860838509,0.6923934243521872,0.67667827778896
60,6.744225016356949e-05,431.2764801000012,53858,False,0,2824.81494140625,3184.0,0.7085481705579718,0.4844494225216151,0.09730259804107323,0.059646559169459455,4.095712239501173e-06,-0.005885917220172933,0.02127884326237256,0.003191826621403275,1.3967917323080827,0.06983958780547049,0.915496882512787,2.85065208294743,0.30000001192092896,2.9561680642667163,0.763630737779681,3.86759079003011,0.9990674229852292,-0.23543668520554817,2.9561680642667163,19.2241833944705,0.018254665659305287,0.023597066566125407,0.0016858409134928472,0.0903655798104208,0.0883550342196909,0.0020105456079434324,-0.020399096086110027,0.34468548881139344,0.37116169025437984,0.2841527995974705,0.05318380371431638,0.04562633839574427,0.04879099184740565,8.0,1.6705318121099726,0.37843015601781227,28105.0,0.2144439849195288,0.48771911747814606,0.2978368972203106,0.9831969282869519,16.0,1.8249440908000165,0.40575513227688753,23354.0,0.19330943843196763,0.5182921613116861,0.2883984001094576,0.9979260618038331,16.0,1.9318360343132734,0.37504302791291144,29900.0,0.15774649970853435,0.4761752144720426,0.3660782854623226,0.9999570047545198,16.0,1.8451868061187386,0.4058087838981637,55860.0,0.1320133438338605,0.43149193479825537,0.43649472162273345,1.0,24.0,1.8573890467946392,0.43334282858729917,66384.0,0.12616441315630728,0.4287462270092933,0.4450893597622526,1.0,0.9095057299104811,0.4665924276169265,1.1243442674638435,0.6820841460016718,0.6578261453582614,1.0086967955727735,0.6915575369183616,0.6756519631854195
61,6.262610478227527e-05,435.08482890899904,54756,False,0,2824.81494140625,3184.0,0.6952195753591213,0.47412243740092486,0.09510118154785327,0.05947360522531731,3.988437106327261e-06,-0.005887436161778683,0.022070558188585176,0.003310583863588908,1.381904307791646,0.06909521655187184,0.9152530565348708,2.8468641464295583,0.30000001192092896,2.9569239480861937,0.7638259962615832,3.8685818795039366,0.999323439050391,-0.2354974427888077,2.9569239480861937,19.2387206467463,0.018565931555554967,0.023012269169635616,0.0013869601849672817,0.09019411178289849,0.08850459197483623,0.0016895198429475297,-0.02042925915476745,0.34463721367689903,0.37300030666690015,0.2823624592495669,0.053868601944110306,0.0464199707421999,0.04947448996541858,8.0,1.6696221161513183,0.3786054333842757,28232.0,0.21510532437060884,0.48816373277002834,0.29673094304466063,0.9829257053368733,16.0,1.8157194855943228,0.40828456809505026,23002.0,0.1929123768256398,0.5179393434832639,0.2891482794310565,0.9979345200037631,16.0,1.9458438557032827,0.3705868195520349,29984.0,0.15836094423109653,0.4773235987691389,0.364315456578822,0.9999556127912161,16.0,1.855348617813215,0.40222295696547944,55989.0,0.13233606078880591,0.4320192248342329,0.43564471446000785,0.9999997778502563,24.0,1.8737932254563114,0.42848009661474823,65409.0,0.12593659156142342,0.42866872778327997,0.4453946807629977,1.0,0.9162631927270194,0.48106904231625836,1.1332252228549011,0.6804123711340206,0.6593541853958379,1.0140030106716948,0.6910002786291446,0.6741321522521299
62,5.7945454578179794e-05,442.8601057390006,55654,False,0,2824.81494140625,3184.0,0.6906388382925966,0.4703578769303219,0.09445196565017044,0.05962716188327061,3.7629631717129986e-06,-0.005889803651319845,0.023422418904780362,0.00351336297305218,1.3714902441974735,0.06857451344524425,0.9140687589299248,2.8533118313526242,0.30000001192092896,2.9568133610136735,0.7637974291478269,3.8688378922679947,0.999389571301711,-0.23559214215388413,2.9568133610136735,19.23658803385533,0.018860693133944707,0.02307794962157876,0.0013311705834310873,0.09012282283368032,0.08856496266641023,0.0015578600853588657,-0.020454759387504247,0.3440647731609133,0.37697745431673274,0.2789577530012048,0.054947107850211827,0.04747155171709481,0.05080134051769952,8.0,1.677492408789148,0.37551039642826584,27691.0,0.2162145371881829,0.48867610184545657,0.2951093608558047,0.9838079154613918,16.0,1.8320826292453196,0.4036616002927027,22940.0,0.1936589088961142,0.5187227296154054,0.2876183617044016,0.9979681515316633,16.0,1.9696184925003408,0.36398083619855653,30503.0,0.15851432064898424,0.47901141683801784,0.3624742621725067,0.999941868506993,16.0,1.8521381341168248,0.40344175623914796,55286.0,0.13237056747925452,0.43218173090016987,0.4354477021214506,1.0,24.0,1.8733185787610183,0.42854788816478867,64542.0,0.12579724747111312,0.4286802793467629,0.44552247242795673,1.0,0.9170991675084468,0.5189309576837416,1.1469083728814198,0.678461967121761,0.657428040711066,1.0220536227078783,0.6921147952075787,0.6736116724223786
63,5.3407516774637546e-05,440.4260376380007,56552,False,0,2824.81494140625,3184.0,0.6717138892846312,0.4555800280445916,0.09157792184490338,0.05934469289476896,3.7366586652383128e-06,-0.005891353726848841,0.02194419345410396,0.0032916291501500087,1.3561446773240082,0.06780723506352423,0.9129192936033859,2.8846642684444888,0.30000001192092896,2.956927137508749,0.7638268195028577,3.869191694103516,0.9994809647609483,-0.2356541452580906,2.956927137508749,19.23877422989563,0.01892150009270974,0.02290279048218378,0.001227636277227339,0.09002314886368448,0.08819189216602791,0.0018312569885387544,-0.020468555492826456,0.34434170761515825,0.3737466597858942,0.28191161287329597,0.05437520489456337,0.04662880858809266,0.049913533265249596,8.0,1.6765600905954379,0.3756921503037186,27991.0,0.21455433178641023,0.4890959257719771,0.2963497426300247,0.9823885446303341,16.0,1.8298367689576758,0.40431626633278334,23244.0,0.19320152010400782,0.5179949763771334,0.28880350309532093,0.9979826499229149,16.0,1.956246054941943,0.3677741699939346,30374.0,0.1576011356189128,0.47805781696046123,0.3643410476033285,0.9999464002205846,16.0,1.8750645406625956,0.39655884297718974,56546.0,0.13226244928711506,0.4315806667956029,0.4361568841747266,0.9999999259431649,24.0,1.8843225561391972,0.42588014653153483,64473.0,0.12596373269260147,0.42877917309623553,0.4452570936781074,1.0,0.923473475216831,0.5044543429844098,1.1636608226879224,0.6756756756756757,0.6560940784130407,1.0327599185461054,0.6907216494845361,0.6740865584199733
64,4.901928854282519e-05,439.2909384129998,57449,False,0,2824.81494140625,3184.0,0.6671023056455538,0.4523815625361828,0.0909707287480286,0.059421528092620184,3.6175249689008763e-06,-0.005890920204949182,0.02132187858077286,0.0031982819148650074,1.340350190076801,0.0670175107138376,0.9151485596861543,2.867724932964545,0.30000001192092896,2.95666092613647,0.7637580535168425,3.8688583572670985,0.9993948580566056,-0.2356368045397631,2.95666092613647,19.233651885260834,0.018794271073102112,0.023080862629903685,0.0013289391630814788,0.09014199023407211,0.08823356614632227,0.0019084241827263125,-0.020490736517729632,0.34443512114533775,0.3762428020531159,0.2793220569482106,0.05424442890641055,0.046817332004656,0.04961941219063578,8.0,1.6734600111983853,0.37715284935923726,28183.0,0.2144546627748174,0.49007032630651937,0.2954750110209144,0.9833231368983044,16.0,1.8398416287647634,0.4011473785876281,23296.0,0.19298889808879177,0.5181422424837939,0.28886885814849617,0.9979799402628354,16.0,1.9728384779066728,0.36269528482180285,30062.0,0.1574629097761723,0.47861298563595894,0.3639241039676142,0.9999343302499132,16.0,1.8784139298683482,0.39555191340655416,55639.0,0.13217819734471997,0.43203290898646507,0.4357888934970122,0.9999999259431649,24.0,1.886170265932783,0.4255959869516926,63662.0,0.12616223106839083,0.4293124487774678,0.44452532027585656,1.0,0.924135288585461,0.5044543429844098,1.1686024170926301,0.6767901922541097,0.6568813828150349,1.0383312345447897,0.6923934243521872,0.674884944365639
65,4.478753621261114e-05,443.26779196999996,58347,False,0,2824.81494140625,3184.0,0.6543814711587516,0.4426890576986971,0.08921422594128896,0.05910849274569883,3.6618367717494373e-06,-0.005893010254342052,0.02182938492048156,0.0032744078659867567,1.3196927539947418,0.06598463885063367,0.9156362116451011,2.8455442734665537,0.30000001192092896,2.956756540266439,0.7637827519426409,3.869277611725208,0.9995031583653402,-0.23572040642269926,2.956756540266439,19.2354876643052,0.018838982632449687,0.022735799047347873,0.0012083505857506196,0.09004865908200034,0.08824834006502194,0.001800319052005591,-0.020509190143987947,0.34440150595063423,0.3718178192989684,0.28378065346346915,0.0523614978810993,0.04506849206335501,0.04853608386295937,8.0,1.6780813726712314,0.37515332856382244,27815.0,0.21538392347956306,0.48909065384090644,0.295525423111373,0.9838256282722353,16.0,1.8604188535259063,0.39518312833692765,22972.0,0.19340202804611886,0.5183322959266123,0.28826567624578525,0.9980954691456787,16.0,1.9913937984711574,0.35718011912966047,30322.0,0.15779393509519798,0.4790462861292713,0.3631597781858996,0.9999551534042317,16.0,1.8732752621437532,0.3971050761131671,55388.0,0.1321627509398181,0.4319607413034337,0.4358765075517268,1.0,24.0,1.8925400510170296,0.42389532740269176,63392.0,0.12642342891931957,0.42946855736055356,0.44410801366614655,1.0,0.9288376467309902,0.5178173719376392,1.18246081145104,0.6801337419894121,0.6597885403411301,1.0473399658195153,0.6890498746168849,0.6706337229708808
66,4.071878483936503e-05,441.696765323999,59245,False,0,2824.81494140625,3184.0,0.6403905293436492,0.43202484953805836,0.08712077419468488,0.05896778470442789,3.4736740019293657e-06,-0.005892281863757853,0.020256897771579914,0.0030385347866574266,1.3025479351476823,0.06512739793104268,0.9173081612048418,2.8694615286176965,0.30000001192092896,2.956943053163461,0.7638309301907809,3.869351330236638,0.9995222010455197,-0.23569127085473895,2.956943053163461,19.2390753717365,0.0188874071490219,0.02271637118319406,0.001176388802012615,0.09008944662149442,0.08828714612690133,0.0018023004727933452,-0.02052161126281447,0.34361686882062026,0.37336142332461103,0.2830216873931164,0.05398722792838351,0.046646823108262694,0.05000269065366369,8.0,1.6800340155772213,0.3743424668589947,27965.0,0.214265025107563,0.48849763068818486,0.29723734330734847,0.9819555991354264,16.0,1.8707968599515847,0.39191565106184056,22811.0,0.19323847054648313,0.5185593495988817,0.28820218032229145,0.9979569549811181,16.0,1.9924703293149966,0.35653961877006696,30171.0,0.15738538129853955,0.4786269588278455,0.36398766025562945,0.9999495400518429,16.0,1.8763298002121993,0.39591052148084604,55399.0,0.13171275231344015,0.4314124069049352,0.4368748404577428,1.0,24.0,1.899353648756792,0.42201681999981,63910.0,0.12623497135562206,0.429254340974551,0.44451068813073574,1.0,0.9329130237904489,0.5133630289532294,1.1869223512756888,0.6770688213987183,0.655761015739163,1.0509172781625142,0.6912789077737531,0.6728868870878598
67,3.6819308142795366e-05,442.93425825399754,60142,False,0,2824.81494140625,3184.0,0.6332419703722109,0.4267390641069839,0.08592213494667165,0.05895659989933679,3.3487224436015285e-06,-0.005893066621011578,0.02119872677487209,0.003179809144589766,1.2866816483446775,0.06433408353960912,0.9180396391396288,2.8530170945995983,0.30000001192092896,2.9570678384447966,0.7638631654514855,3.869597640056305,0.9995858267335301,-0.23572266128204464,2.9570678384447966,19.24147460863356,0.01901619204074864,0.022654278417106183,0.0010957980860319765,0.0900707612722918,0.08824912673229957,0.0018216346277264571,-0.02053256438291618,0.3426122119716228,0.3740633104505565,0.28332445665629763,0.05406320032141455,0.0475641301077531,0.0502817795458379,8.0,1.6753157954209525,0.3763027319572966,27497.0,0.2148612171708406,0.48894005406903157,0.29619872850008805,0.9821181794751579,16.0,1.86170626809436,0.39427744145552657,23261.0,0.19301735495502845,0.5184628340662234,0.28851980975796265,0.9978681571900755,16.0,1.9951441712777913,0.35575707427714326,30235.0,0.15737990928425377,0.47910888668964213,0.36351120403440873,0.9999474811617901,16.0,1.882157833566486,0.39434932137159323,54538.0,0.13159942179383677,0.43187682264845817,0.43652375554369094,1.0,24.0,1.9038720920071042,0.42072875232979556,63664.0,0.12597289486430757,0.4292981922159358,0.4447289130842928,1.0,0.9340276568323522,0.5089086859688196,1.2013024314262304,0.6812482585678462,0.660210533340657,1.0611262200568905,0.6887712454722764,0.6719568367026195
68,3.3095118833328656e-05,446.4393166059999,61040,False,0,2824.81494140625,3184.0,0.6275085826289911,0.4221970550115133,0.08506833337523242,0.058869834484152214,3.285130999291205e-06,-0.0058925486324137855,0.0206919508516475,0.0031037927576940197,1.2831766067276538,0.06415883147930793,0.9166463478362117,2.853003150006896,0.30000001192092896,2.9571904397159456,0.7638948358165345,3.869640026526365,0.9995967773352427,-0.23570194151870816,2.9571904397159456,19.243834134158703,0.018994531292296897,0.022520105693000246,0.001083492921504927,0.09005030804426968,0.08817954542194939,0.0018707624061192476,-0.020531050675324486,0.34161094998178937,0.3733676276108892,0.2850214032515774,0.05282925136314423,0.047061149843613,0.04929296122835017,8.0,1.6776108160558392,0.37515336184683684,27585.0,0.21497451092258524,0.4891372296679269,0.29588825911882466,0.9826233816365263,16.0,1.8825200996643414,0.38806386083170363,23068.0,0.1934121060187243,0.519039300393359,0.28754859317527875,0.9980489971881966,16.0,1.9996271232580531,0.3542185597893271,29882.0,0.1575784621165752,0.47891799823265097,0.3635035402627237,0.9999559235662505,16.0,1.901777204747542,0.3882252670508691,55259.0,0.1313083972803307,0.4310631365868078,0.4376284662755979,1.0,24.0,1.9084406816048776,0.4195270302560687,62855.0,0.1259548567569473,0.42889334601026213,0.4451517973685199,1.0,0.9373367236755025,0.5300668151447662,1.2049573981087665,0.6812482585678462,0.6599711198849568,1.0618880158116406,0.6879353580384509,0.6705266774175793
69,2.955195934094537e-05,443.37531459699676,61937,False,0,2824.81494140625,3184.0,0.6165615986457684,0.41410345377030633,0.08347683370187596,0.05886578692672245,3.211198244790471e-06,-0.005893322356857416,0.01931664894173323,0.002897497460344315,1.2621627581764863,0.06310813901273385,0.9190497753338537,2.845203258478927,0.30000001192092896,2.9569935118908326,0.7638439654373833,3.8695629087667562,0.9995768559843135,-0.2357328905469302,2.9569935118908326,19.24004392302677,0.018971878985990395,0.02256558163561857,0.0011034672599309165,0.09007080387547413,0.08817399816974966,0.0018968057970595311,-0.02054761907657306,0.3405444234585728,0.3736190230818003,0.28583653298655565,0.052121249841245026,0.04632104374241246,0.04820021841019883,8.0,1.6815002173514422,0.3736209511453777,27652.0,0.21529971575119547,0.4882316646989832,0.2964686196686818,0.9824973066389019,16.0,1.8748773874635751,0.3905509298701633,23039.0,0.19295981948251714,0.5185528047227898,0.2884873768213571,0.9980249313493645,16.0,2.0065695213596375,0.3522601837008852,30260.0,0.1573823454717703,0.47844796963917136,0.36416968507176095,0.9999459116115661,16.0,1.8998859087714723,0.3887426197277623,54343.0,0.13175515249813233,0.432174874329302,0.43606997321149377,1.0,24.0,1.909968461033327,0.4189264906615796,62988.0,0.1260517464494638,0.42893496094803363,0.4450132930221476,1.0,0.9402626354104985,0.5189309576837416,1.2177659038316244,0.6767901922541097,0.6556238782412965,1.0705981781370428,0.6851490665923655,0.671975642680678
70,2.6195292960769466e-05,432.6541993639985,62835,False,0,2824.81494140625,3184.0,0.6099632260542711,0.40894903898812157,0.0825016842683672,0.05860400791208117,3.249212792294949e-06,-0.005893237656574407,0.01817287186541141,0.0027259308849153763,1.2614510665431018,0.06307255438524706,0.9153227211020659,2.862335207934929,0.30000001192092896,2.9568925749450448,0.7638178918839099,3.8694488596711074,0.9995473943711191,-0.2357295024872092,2.9568925749450448,19.238101623587244,0.018916496243242865,0.022624486575657753,0.001147841703557193,0.09006156388959183,0.08823459606782874,0.0018269679988494854,-0.020554745407819357,0.3392836476278353,0.37508582382363426,0.28563050924330247,0.05278385227564327,0.04657264979298434,0.048438413350426784,8.0,1.6832255566895389,0.3727814199251044,27832.0,0.21577763791937013,0.4876557325952674,0.2965666298341583,0.9826475499673607,16.0,1.8864950772392126,0.38703410649915,23185.0,0.19327706434583958,0.5186201498265874,0.2881027850801533,0.9980899309006649,16.0,2.0144397711329476,0.34971777265288373,30195.0,0.15729638285904562,0.47862995049145335,0.3640736667714758,0.999967712214376,16.0,1.8983705691971697,0.38874856581271533,54429.0,0.13138507449104558,0.43204784440647126,0.43656708144556955,1.0,24.0,1.9074354393736581,0.41917551130190295,62980.0,0.1262722322492499,0.4291741907930851,0.4445535769311939,1.0,0.9420390818210317,0.477728285077951,1.2317684978852865,0.6776260796879353,0.6538837797126867,1.0791585203929677,0.6865422123154082,0.6774217356572388
71,2.3030295429063216e-05,433.806576818999,63733,False,0,2824.81494140625,3184.0,0.6011787910465827,0.40225102918566347,0.08106268699016499,0.058839835666812716,3.1615324564081324e-06,-0.0058937842362626865,0.017411475230066822,0.0026117213875016354,1.2460828341636843,0.06230414277471465,0.9144170817534434,2.8722209101282337,0.30000001192092896,2.9565235872271,0.7637225758290689,3.8691645049846195,0.9994739415611633,-0.23575136573209446,2.9565235872271,19.23100439699687,0.01877556002278318,0.022847941882858776,0.0012520482357652183,0.09009011241751175,0.08825322714320187,0.0018368852276569717,-0.02055380997054359,0.34060578910408984,0.37209676182080287,0.2872974301020659,0.05189711141968941,0.045450835594913044,0.04795209472697479,8.0,1.684760503794001,0.372093893652729,28034.0,0.21572618891903092,0.48735638503815054,0.29691742586842057,0.9828794400388616,16.0,1.8786022938540614,0.38942083787189774,23244.0,0.19320862904684624,0.5181792381872034,0.28861213317858836,0.9982413003601547,16.0,2.007755682209226,0.351851797849433,30083.0,0.15716119293805894,0.4786409763946624,0.36419783103839326,0.9999590189758648,16.0,1.8998124969803247,0.3886900101226966,54391.0,0.13157230513935622,0.4319853034050696,0.4364423912090295,1.0,24.0,1.9088987183091684,0.4192230094489834,63972.0,0.12615514229005348,0.42884832427433495,0.44499653327522776,1.0,0.9453133163816225,0.48106904231625836,1.2376290759724076,0.674282529952633,0.6491440895988067,1.0847077410212465,0.6840345500139314,0.6701668398926512
72,2.0061846942616818e-05,439.07158762199833,64630,False,0,2824.81494140625,3184.0,0.6016968007552187,0.40286619740409607,0.08118050116647925,0.05847474366591004,3.1375357056831696e-06,-0.005894879577284031,0.017792169386441826,0.002668825512961873,1.2479656023405818,0.06239828118957737,0.9128844613208263,2.882532285844243,0.30000001192092896,2.9564998413794026,0.7637164420483441,3.869310371197023,0.9995116212843952,-0.23579517923605106,2.9564998413794026,19.230548489981963,0.018835332207328522,0.022763898296486004,0.001198843338248709,0.0901101003835192,0.08825362997335294,0.0018564704224569982,-0.0205535888671875,0.3421156088624646,0.3712614586748687,0.28662291081552366,0.05171402607949688,0.045473695220716065,0.048299990745428116,8.0,1.685864311474743,0.3718298375129019,28353.0,0.215685432994352,0.48661763557649806,0.29769693167258043,0.982783102699364,16.0,1.8821946957288331,0.38864278974791855,23448.0,0.19302988397686446,0.5179195199820302,0.2890505952080438,0.9984560545520011,16.0,2.019984123595452,0.34839048790763116,30647.0,0.1574140825025041,0.4781457265231248,0.3644401908664105,0.9999692231938858,16.0,1.9058842325647396,0.3869084120699885,53849.0,0.13149642062795927,0.4311530309660797,0.4373505481402118,1.0,24.0,1.9146311203137665,0.41738446787808886,62971.0,0.12597809804133012,0.4286428304952474,0.44537907124724174,1.0,0.9439896896443624,0.5033407572383074,1.2393456622065526,0.6728893842295904,0.645852099903036,1.0862557918588973,0.6831986625801059,0.6696500209902428
73,1.7294524633839014e-05,440.31906069699835,65528,False,0,2824.81494140625,3184.0,0.5947287733747342,0.397791590292072,0.08026034635299592,0.058457311467174505,3.0743313120669016e-06,-0.005894614662627964,0.01818664804825183,0.0027279973144721447,1.2276613866196202,0.061383070377160974,0.9158103730537462,2.8478131118689904,0.30000001192092896,2.9564125125711875,0.7636938831363461,3.8691820221106052,0.9994784658752999,-0.23578458273895375,2.9564125125711875,19.228869277891384,0.01884138560637361,0.02280696248072814,0.0012333582390126755,0.09006882701058087,0.08826283285296148,0.0018059942318058306,-0.020552721461713608,0.34090666847607864,0.3715934402805464,0.2874998700779024,0.05174391349406011,0.04551883237212902,0.04814128637619558,8.0,1.6890759146355956,0.37046382004425166,27964.0,0.21566110088154292,0.48612246026630385,0.2982164393421284,0.9829935628944539,16.0,1.8938896600145994,0.38499619238154636,23277.0,0.19311923810872145,0.5180509193775119,0.2888298425028668,0.9984652965771973,16.0,2.032369616865518,0.3446779111912476,30380.0,0.15769077844526158,0.47834507940646737,0.36396414243322484,0.9999679051586949,16.0,1.9103266619943378,0.38538337487977453,54445.0,0.131335558327389,0.43091608392141334,0.4377483578202302,1.0,24.0,1.913056655302828,0.4179049174936925,62201.0,0.1260044985205914,0.4287879406209982,0.4452075606466415,1.0,0.946741439966561,0.5089086859688196,1.2438178052474411,0.6723321259403734,0.6491771969111964,1.0875802835935868,0.68431317915854,0.6687392914333798
74,1.4732595513150335e-05,441.3029428510017,66425,False,0,2824.81494140625,3184.0,0.5929648443839033,0.39612134866835064,0.08011148347978334,0.058424369171570616,3.0077807148989086e-06,-0.005895231769977625,0.018023726426727005,0.002703559073457052,1.2299261744363448,0.06149630976841648,0.914312584905765,2.8557518676653637,0.30000001192092896,2.956567811045786,0.7637339997239245,3.8694328797050828,0.9995432667084642,-0.23580926698453955,2.956567811045786,19.231855411191376,0.018921602232866812,0.022678113079090456,0.001150634278344079,0.08998482326031554,0.08820289698681108,0.0017819262661364944,-0.020555663837144657,0.3411359562470732,0.3724876669975129,0.286376356387189,0.05192191898667072,0.04558136859873859,0.0481673450588717,8.0,1.690038594898458,0.37003804013361946,27705.0,0.2154052937186297,0.48612552597636594,0.29846918045708354,0.9845051684865899,16.0,1.8899180584140878,0.38627873541581403,23252.0,0.19309805999285018,0.5185087594772034,0.2883931799372011,0.9982737772844856,16.0,2.0308949035006867,0.34504771366413867,30373.0,0.15791327118709578,0.4788593295628783,0.36322739920590735,0.9999472001735068,16.0,1.904654375786542,0.3870639426184031,53601.0,0.13130853050685384,0.4313216831046813,0.4373697859291132,1.0,24.0,1.9141047455274662,0.41747633810908513,61914.0,0.12600832437257697,0.4290534282782022,0.4449382475552803,1.0,0.9484133895294159,0.5111358574610245,1.2455163564347198,0.6770688213987183,0.6542755657192114,1.0881061994388397,0.6831986625801059,0.6677761426993383
75,1.238000988956263e-05,442.51787184500427,67323,False,0,2824.81494140625,3184.0,0.589745691626991,0.3937216987149868,0.07950104734064573,0.05826408927132914,2.927883752460845e-06,-0.005896099248863444,0.017403634012389323,0.0026105452036383732,1.2308296036500617,0.06154148120217301,0.9144519140339267,2.8693421690843293,0.30000001192092896,2.95673825735084,0.76377802908269,3.869737654952421,0.9996219955312325,-0.23584396644854247,2.95673825735084,19.23513381768263,0.019109241723775004,0.02257123148920857,0.001048263367014701,0.08992804538720313,0.08817339350176379,0.001754651905288614,-0.020557571385089388,0.3404530749732397,0.3724832697405728,0.28706363489616293,0.05196809897931057,0.04565222052569017,0.04846532462214912,8.0,1.689031229227114,0.37043420536261734,28067.0,0.21521457510601744,0.4860003248452434,0.2987850998494272,0.983614443042667,16.0,1.8882000076637493,0.3865654713139854,23392.0,0.19300317476318027,0.5186304877621447,0.2883663375328076,0.9982776573581371,16.0,2.028475698713366,0.3457478292071253,30578.0,0.1577185019977896,0.47848434937532186,0.3637971484441859,0.9999575523328763,16.0,1.9110066841760562,0.3854403588562044,53753.0,0.131308308480123,0.43106994159090684,0.4376217502663471,1.0,24.0,1.9191487493873445,0.4164673051073731,62173.0,0.12604830061705485,0.42890751922930737,0.4450441810380844,1.0,0.948866209202689,0.5178173719376392,1.247225510771808,0.6767901922541097,0.6545203779073299,1.088109843044701,0.6851490665923655,0.6689741127854101
76,1.0240395279588634e-05,438.5968821630013,68220,False,0,2824.81494140625,3184.0,0.5840380680760793,0.389673108201718,0.07875658833719275,0.05820798396383227,2.901131002730974e-06,-0.005895596906527077,0.017151003650208368,0.002572650650278756,1.2144085765687516,0.06072042988458618,0.9159845344686197,2.8545361038883543,0.30000001192092896,2.9568058740939462,0.7637954948567901,3.8697274813910645,0.9996193674146421,-0.23582387255785203,2.9568058740939462,19.236433821705432,0.019114835632092264,0.022566696655723698,0.0010465177678226675,0.08989559101366631,0.08815106356879744,0.0017445274511784738,-0.020568422457488286,0.3395818372200705,0.3726005225801689,0.28781761911110615,0.0518801297296044,0.045695471185761984,0.04831833965598077,8.0,1.6871548252895652,0.3710910940679779,27605.0,0.21521337546003064,0.4866345926868558,0.2981520319444648,0.9837904690745283,16.0,1.8912583236647165,0.3854415897464108,23316.0,0.193282899383949,0.5186390106346404,0.2880780898070127,0.998201076825122,16.0,2.028087897378618,0.3458059240039013,30527.0,0.15776889930075705,0.47854908242997646,0.36368201827757113,0.9999482816275254,16.0,1.9180617849257695,0.38309193818566445,53865.0,0.1313928197683297,0.43099588586135634,0.4376112944201419,0.9999998518967106,24.0,1.9200514163827775,0.4160485750835614,61967.0,0.12604997901494377,0.4288050806789364,0.4451449411422956,1.0,0.9504336619178655,0.5022271714922049,1.2523846013793776,0.6753970465310671,0.6504212992694871,1.0898485797532391,0.6840345500139314,0.6679237001503837
77,8.317050813874547e-06,435.5663070610026,69118,False,0,2824.81494140625,3184.0,0.5813123782202427,0.38785083547559973,0.07821066258872575,0.058246106776406285,2.9061189517247204e-06,-0.0058957855373682234,0.016180736598203148,0.002427110590737562,1.2094107455539558,0.0604705382439484,0.9155665470779061,2.850744686719994,0.30000001192092896,2.9566450173248007,0.7637539431880961,3.8695958325297255,0.9995853608751368,-0.2358314176870408,2.9566450173248007,19.233339225516314,0.019017141338831877,0.022594599254002947,0.0010917141228478785,0.08992162640150232,0.0881489167845238,0.0017727098428953752,-0.02057201113503714,0.338673488717953,0.37327171913458596,0.2880547714698875,0.051828696599995824,0.04589356043088577,0.04817819655805244,8.0,1.6871672992177458,0.3712319215650182,28239.0,0.21483008707967763,0.48657791596428307,0.2985919970307813,0.9830376506993637,16.0,1.8936704901834405,0.38490093152468813,23378.0,0.19313834245517844,0.5183085184713662,0.28855313883210104,0.998251104407593,16.0,2.033527598256805,0.3442027004837072,30355.0,0.15790016467091084,0.4786714469497076,0.36342838845983305,0.9999538055926706,16.0,1.915920459658189,0.3839115420320514,54045.0,0.13141142797707192,0.4310931330390051,0.4374954386159226,1.0,24.0,1.9191375238576767,0.41639585824835584,61864.0,0.12595491571875922,0.4286147614671683,0.44543032245956715,1.0,0.9514786303946497,0.48997772828507796,1.2613477049912871,0.6756756756756757,0.6518309485151654,1.0956678457597597,0.6823627751462803,0.6656268047902308
78,6.612942150179748e-06,444.24175112899684,70016,False,0,2824.81494140625,3184.0,0.5747110460647376,0.38249990790111776,0.07739766243763604,0.0582966298854207,2.8858568096114207e-06,-0.005895799658199246,0.01646716650956246,0.0024700750758421624,1.198793761501982,0.05993968907822457,0.9164025218593335,2.8582449346347896,0.30000001192092896,2.956574155717207,0.7637356379495618,3.869527158436886,0.9995676204928111,-0.2358319825432493,2.956574155717207,19.231976488133267,0.01897069535840153,0.022603298646399414,0.0011180330247282924,0.08995206663051225,0.08818328996427406,0.0017687766591662536,-0.02056910277550703,0.33839899722990596,0.3735466989960066,0.2880542845290683,0.051718381432922594,0.04591551491287838,0.048330910932981815,8.0,1.6898683648717503,0.37013558742726727,27732.0,0.21513876448432423,0.48662126380292975,0.29823997185963474,0.9828776472862779,16.0,1.8959732069823514,0.38418262506516243,23256.0,0.19306734494021238,0.518418813159529,0.28851384202794284,0.9982642846453122,16.0,2.033992187685094,0.34404840156149974,30545.0,0.15802527630734814,0.4788458895459478,0.3631288339006784,0.9999584559425299,16.0,1.9181060751983707,0.38304426308177997,53937.0,0.1314474080871143,0.43133287201493614,0.43721972010556615,1.0,24.0,1.9200361203680616,0.4160726688239861,62059.0,0.12599962123879993,0.4285385955942973,0.4454617830270211,1.0,0.9529415862621478,0.5244988864142539,1.2649360459705818,0.6751184173864586,0.651223305477694,1.0971082601084885,0.6823627751462803,0.6638090572130274
79,5.130696900547354e-06,445.2191400439988,70913,False,0,2824.81494140625,3184.0,0.5771974852650744,0.38438875014399354,0.07765651166671587,0.05823833092005426,2.851410305574122e-06,-0.005896517320975089,0.01627929806142237,0.0024418948058653623,1.2073131935686738,0.060365660742105344,0.9152530565338327,2.865801894430988,0.30000001192092896,2.9566103063401536,0.7637449762943193,3.869674434324364,0.9996056652952708,-0.2358606890009515,2.9566103063401536,19.232671809091002,0.019050703921027888,0.022544573149956722,0.0010689897337547438,0.08998083376857263,0.0881808539641315,0.0017999797682582634,-0.020579463274834602,0.3381996450732214,0.3726025665716557,0.28919776814157233,0.05147027580520444,0.04556114354977547,0.048099689591380015,8.0,1.6900532869523819,0.36999404611742487,28190.0,0.215326491587484,0.4865864609022691,0.29808704728031155,0.9823413911693426,16.0,1.8981146701364093,0.3837482293279381,23317.0,0.19330522499407857,0.5186913261622353,0.28800344949664025,0.9982789312914134,16.0,2.03834888245719,0.3426982980689815,30569.0,0.15789544776903683,0.47889280687629493,0.3632117455591706,0.9999560868359313,16.0,1.917457750832766,0.3833133187846349,53852.0,0.13140052077968217,0.4311096014427646,0.43748987821614327,1.0,24.0,1.922435108710699,0.4153295868599675,62089.0,0.12599281883899136,0.4286574483553092,0.4453497332873699,1.0,0.9524539343063151,0.5278396436525612,1.2709218915640128,0.6740039008080245,0.6505357659106422,1.1018172099617538,0.6818055168570633,0.6649735880386957
80,3.87260057971705e-06,440.4894031649965,71811,False,0,2824.81494140625,3184.0,0.5693897831742677,0.3784896403871869,0.07637226833957395,0.05811746624418779,2.8468695315142997e-06,-0.005896457482258836,0.0161622481968525,0.0024243373261896143,1.1975934592988606,0.059879673973127136,0.9149743982733569,2.8661483238597842,0.30000001192092896,2.956551645694762,0.763729824402883,3.869606515764879,0.9995881200579998,-0.23585829565511685,2.956551645694762,19.231543318157083,0.01900368480587243,0.02257369181649983,0.0010936489011753676,0.08998549979166733,0.08817649800187015,0.0018090018601353976,-0.0205841064453125,0.33887007456948764,0.37213466947590024,0.2889952365943658,0.051243351638839266,0.045198824042424195,0.04778327956796211,8.0,1.6905043770051218,0.36990448803860815,28143.0,0.21530677997030773,0.4866191019807275,0.29807411843928394,0.9825616405631329,16.0,1.899206183128519,0.38352253003621856,23244.0,0.1934330544416224,0.5187613156950583,0.2878056295918606,0.9982048683876719,16.0,2.0357598599696956,0.34345266193160817,30427.0,0.15791604786736535,0.4789547112640067,0.3631292406194881,0.9999624844018292,16.0,1.9198877881149534,0.38258938275786536,53793.0,0.13141366425161888,0.43117497882406525,0.4374113567888461,1.0,24.0,1.9237504616323162,0.4151308791150518,62938.0,0.12599276447069632,0.4286023414736237,0.4454048944545633,1.0,0.9543348775645268,0.512249443207127,1.272107672445553,0.6748397882418501,0.652734146661171,1.1037753858616772,0.6804123711340206,0.6648330103112203
81,2.8405930810269197e-06,441.89330459499615,72708,False,0,2824.81494140625,3184.0,0.5682858455265829,0.3779101193048782,0.07648061976351124,0.058159419062117135,2.8394166509972863e-06,-0.005896587383802405,0.016459755822297296,0.0024689634735925855,1.183209377036587,0.0591604698060595,0.9181093037037097,2.8492889966356487,0.30000001192092896,2.9565212808310903,0.7637219793009506,3.86959625999566,0.9995854708247268,-0.23586349152377617,2.9565212808310903,19.230959427776522,0.018996550305043356,0.022587801717288435,0.0011027693546485893,0.08997839309368318,0.08817443732190287,0.0018039557505077184,-0.0205841064453125,0.33879199773545526,0.3728661521692594,0.28834182937826464,0.05150045547099102,0.04552204855983565,0.04794331175904193,8.0,1.6885680704597827,0.3706709980329354,27957.0,0.21535830282349874,0.48667700754329285,0.29796469010086474,0.9828334704553775,16.0,1.902485122110632,0.3824634096543075,23415.0,0.19352424461775394,0.5187226630452243,0.2877530923868497,0.9982051932141967,16.0,2.0388124784027597,0.3425002122083973,30108.0,0.15781976310676732,0.47869292120623935,0.36348731591952393,0.9999525315742714,16.0,1.9201923239720669,0.3824128921070818,53830.0,0.13139822529755713,0.43104698667000063,0.43755478810718423,1.0,24.0,1.9254817032980949,0.4146361956391997,62424.0,0.12593336300988975,0.42853876381667166,0.4455278736065787,1.0,0.9552056846285137,0.5155902004454342,1.2749826044184678,0.674282529952633,0.6524005608902562,1.1049328855433216,0.6820841460016718,0.6674831803736451
82,2.0362656852385188e-06,442.2300401340035,73606,False,0,2824.81494140625,3184.0,0.5680350405265763,0.3777203905214531,0.07637253568342514,0.05809972398916051,2.8269979564156022e-06,-0.005896241785173684,0.01602208814764248,0.0024033133190400576,1.1866499346693364,0.05933249767576063,0.9185272910975377,2.839492332192481,0.30000001192092896,2.9565938518788855,0.7637407264949809,3.8696153181598847,0.9995903942422968,-0.23584966774731578,2.9565938518788855,19.23235497568845,0.019035421098399518,0.022575751009413333,0.0010874357825592668,0.08996857054267642,0.0881766822672969,0.0017918884117738762,-0.0205841064453125,0.3390026186050187,0.37335183527523697,0.2876455250258995,0.051617167874760145,0.04575854031392252,0.04805364239082561,8.0,1.6882455943001073,0.37072380882469835,28167.0,0.21514759108949977,0.4866698098563032,0.2981825987941573,0.9826708464767164,16.0,1.9013020973427468,0.38269541369174115,23282.0,0.1934117211380649,0.5186514363646312,0.28793684337500297,0.9983048928834921,16.0,2.0401844194870584,0.34208841958474145,30469.0,0.15788780609813702,0.4788663343917099,0.3632458596513324,0.9999677719768094,16.0,1.9217693721485294,0.3820864022486079,54170.0,0.13144470540762337,0.4313688963208396,0.4371863983685978,1.0,24.0,1.9270150773996695,0.4141859621273578,61818.0,0.1259735316326719,0.428668254529584,0.44535821409778387,1.0,0.9539517224563726,0.5155902004454342,1.2750381465475018,0.6720534967957649,0.6500463761083649,1.1048749113986338,0.6823627751462803,0.6682237610658571
83,1.4608586068973694e-06,438.08063758400385,74503,False,0,2824.81494140625,3184.0,0.5677563428988821,0.37706739255812205,0.07623742805957574,0.058161041750378145,2.8191670006554334e-06,-0.005896344071132743,0.016039133553569885,0.0024058701298853746,1.1955627110016964,0.05977813655827095,0.9130934550141071,2.885905228769307,0.30000001192092896,2.9566088372119945,0.7637445976058245,3.869646141781462,0.999598356743102,-0.23585375913727757,2.9566088372119945,19.232642996692785,0.019030109898598657,0.022549009534188327,0.0010745439145030304,0.08996421635735351,0.08817495678066938,0.0017892596371281264,-0.0205841064453125,0.33870782453839676,0.37353022500217065,0.2877619296759746,0.05169054366739808,0.045834140548778844,0.048133995748344996,8.0,1.6885107402795867,0.3707100959725878,27786.0,0.2152201139852999,0.48672826332318303,0.29805162241227273,0.9828091974214243,16.0,1.9004136216383443,0.38292042122576825,23462.0,0.19336216810533646,0.5185469021127492,0.2880909295826024,0.9982020991810803,16.0,2.041645603828692,0.34158973643355306,30205.0,0.15787890524148585,0.47865397873196036,0.36346711580803737,0.9999548424423425,16.0,1.9213985452549331,0.3821746765261322,54228.0,0.13147351758836093,0.43117307560596435,0.4373534067558467,1.0,24.0,1.927541301265323,0.4142472199835354,61956.0,0.1259337874729102,0.42851933803303066,0.44554687437519863,1.0,0.9543348775645268,0.5011135857461024,1.276559578405844,0.6726107550849819,0.6499515561313273,1.1058090859782765,0.6823627751462803,0.6682443382059847
84,1.1152590820119262e-06,416.039480636,75401,False,0,2830.68994140625,3176.0,0.5698441276563913,0.37916021423407276,0.0765833713714014,0.058062213127113294,2.8181879229403823e-06,-0.005896609328339952,0.01597600327999001,0.002396400585875259,1.1907143867319165,0.05953572027083801,0.9167508446849282,2.8530981990045263,0.30000001192092896,2.956569042378215,0.7637343177074067,3.8696474198359274,0.9995986872147217,-0.23586436950731496,2.956569042378215,19.2318777051597,0.019045882607022585,0.022563047384172176,0.001076283505127203,0.08996303841664237,0.0881797795363772,0.0017832587930661948,-0.0205841064453125,0.3384787446134014,0.37310088126673263,0.28842035333121757,0.05150335056615717,0.045621782716191994,0.04796349606363995,8.0,1.6893428118858655,0.3703296967659165,28099.0,0.21515191570503087,0.4868244821125738,0.2980236025561052,0.982614288435049,16.0,1.901148713562256,0.3828191834923416,23140.0,0.193446494284155,0.5186949619915864,0.2878585446486715,0.9982530287101959,16.0,2.041179637748822,0.3418185870823655,30363.0,0.15788692474809535,0.4787758991608588,0.36333717600799925,0.9999651652613364,16.0,1.9213698374456472,0.38219505440724166,53945.0,0.13143343505664962,0.4311682332014231,0.437398331814074,1.0,24.0,1.9281998554356166,0.4139899962054445,62071.0,0.125929058361624,0.4286521015649654,0.4454188400874247,1.0,0.9552056846285137,0.4922048997772829,1.2771113138073964,0.674282529952633,0.6523226929760388,1.1059628303883366,0.6818055168570633,0.6680097411670529
85,1e-06,415.387084232,76298,True,1,2830.68994140625,3176.0,0.5710354841587175,0.38004970016754874,0.07666389342582879,0.058135366924033115,2.8116095646160994e-06,-0.005896544680153118,0.015748393988373875,0.0023622591911677464,1.1943601535909532,0.05971800867961078,0.917969974576586,2.8525643092079753,0.30000001192092896,2.9565577014386415,0.763731387867865,3.8696260660136232,0.9995931713134045,-0.2358617834455396,2.9565577014386415,19.23165970004096,0.01902296814040217,0.02256093478202249,0.001087395792178922,0.08996380405703153,0.08818104324323921,0.0017827606228499407,-0.0205841064453125,0.33837987342873704,0.3729315592698358,0.2886885467287,0.05150560728341145,0.0455857630799748,0.04799117161391642,8.0,1.689305458249391,0.3702272848506769,28186.0,0.2151684283072466,0.4867614669948292,0.29807010506332937,0.9826923943042606,16.0,1.90224589751828,0.38239258370486173,23376.0,0.19349167836483105,0.5185941378480402,0.2879141843326413,0.9982453424328733,16.0,2.039589053697814,0.3423016953337109,30571.0,0.15791570724329482,0.4787753293343093,0.36330896321996975,0.9999508137172938,16.0,1.921103586385382,0.38226275117408354,54457.0,0.13141476023620297,0.43127606928259266,0.437309170489509,1.0,24.0,1.9257727070717425,0.414513899283107,62496.0,0.12597421308894854,0.4286273201143336,0.44539846653096865,1.0,0.9547876972378,0.48775055679287305,1.2770954854443863,0.6740039008080245,0.6522443486938225,1.1059954481956586,0.6818055168570633,0.668087579614283
86,1e-06,419.64939918799996,77196,True,2,2830.68994140625,3176.0,0.5721655966632729,0.3807636641092844,0.07686054708026803,0.05805680294390063,2.805222706833854e-06,-0.005896416736952967,0.01584829406515571,0.0023772442066556884,1.200019076770459,0.060000954910463596,0.9148002368615976,2.888260058107004,0.30000001192092896,2.956549785234258,0.7637293439345108,3.8695983412356383,0.9995860098077568,-0.235856665873246,2.956549785234258,19.231507400023187,0.019009980603895794,0.02257452447454873,0.0010929273922009525,0.0899644249058753,0.08817991890731312,0.0017845056570856234,-0.0205841064453125,0.3383711971576911,0.37294460847034877,0.2886841753708905,0.051516140791843454,0.04566535066241376,0.04813856446037946,8.0,1.689168864824733,0.37039610752346347,27836.0,0.21527322133036134,0.486820631606638,0.29790614731214055,0.9829465573332876,16.0,1.901703645677343,0.3826005340002436,23225.0,0.19351758037977423,0.518602334390867,0.28788008457329034,0.9983008937334258,16.0,2.0405285070755417,0.3421322984609315,30485.0,0.15788017894794104,0.4788494590750192,0.36327036167807186,0.9999592852856557,16.0,1.9224272007736078,0.3817878194201839,54038.0,0.13141327182721094,0.43115274953245886,0.4374339785796023,1.0,24.0,1.926446558386186,0.4141372778376731,62348.0,0.12599175743658245,0.4286631346589749,0.44534510779959635,1.0,0.9538472256086942,0.4888641425389755,1.275858328813429,0.6745611590972416,0.6519198359517185,1.1049947710082404,0.6818055168570633,0.6678618856016824
87,1e-06,433.76693115600006,78094,True,3,2830.68994140625,3176.0,0.5654958733143223,0.37590938221885517,0.07611556159424979,0.057772550241013895,2.8047407380727468e-06,-0.00589634961579311,0.016114042838946182,0.002417106520957896,1.183496422832548,0.059174822126351834,0.9164373541408548,2.8442630640262636,0.30000001192092896,2.9565651613100807,0.7637333149815965,3.869603322580311,0.999587295847156,-0.23585398086555956,2.9565651613100807,19.23180330527556,0.01902266524746646,0.022577164084144348,0.0010917521759992498,0.0899630117822895,0.0881797674733347,0.0017832443116270642,-0.0205841064453125,0.3384035552308711,0.37288813455907305,0.28870829080517185,0.05151174428154443,0.045605170043302334,0.04805826061357587,8.0,1.6896595881481795,0.37022392630469125,27758.0,0.2152248384101608,0.48684456282480165,0.2979305977212452,0.9824575436514303,16.0,1.902450740115222,0.38235787996395726,23283.0,0.19350297067022038,0.5186553904037664,0.28784163894002734,0.9982661504436384,16.0,2.0419392590571097,0.3415194126131177,30256.0,0.15787541763584187,0.47891662005924074,0.3632079616680535,0.9999591962638172,16.0,1.9225122297008217,0.38180115193117165,54071.0,0.13140916221785592,0.4312829708470883,0.4373078669988979,1.0,24.0,1.9255937894993704,0.41450559630148665,62127.0,0.12598793647604356,0.428758440085923,0.44525362329010665,1.0,0.95544951060643,0.5155902004454342,1.2760835075883288,0.674282529952633,0.6524629682320073,1.1049915567086115,0.6812482585678462,0.6657289106936053
88,1e-06,430.8968234429997,78991,True,4,2830.68994140625,3176.0,0.5650828938857653,0.37564581719709295,0.07603001059191122,0.05810033082297663,2.8044256565998498e-06,-0.005896606657352614,0.015200160976254462,0.002280024240168946,1.1784103285024805,0.058920517402998134,0.9173081612058799,2.8456870284365023,0.30000001192092896,2.9565586954320984,0.7637316448764329,3.8696366605134487,0.9995959075068833,-0.23586426263045043,2.9565586954320984,19.231678845213143,0.019034417126111182,0.022569908861149637,0.0010837941046167002,0.08996202989132236,0.08818158206432822,0.0017804475922738679,-0.0205841064453125,0.3384259030777748,0.37278576939389757,0.2887883060701157,0.05142876629552301,0.04550046050216679,0.048015038562160856,8.0,1.689654138823272,0.3702020452919788,27998.0,0.21527483566971076,0.48673198106869486,0.2979931838180068,0.9825193722871176,16.0,1.902537593514681,0.38239510675292804,23146.0,0.19349365535273713,0.5186943017147964,0.2878120423345308,0.998203935967065,16.0,2.042494928186152,0.34145352260052186,30779.0,0.15787509174372502,0.4787637926974206,0.36336111550902644,0.9999483702839586,16.0,1.923424880205391,0.3815801277994931,53972.0,0.13141638918241708,0.4311024043682439,0.4374812071095598,1.0,24.0,1.926882203808108,0.41425694233488647,62163.0,0.12596434971610973,0.4286960220454425,0.44533962820938144,1.0,0.9567034727785712,0.5111358574610245,1.2768757783393403,0.673725271663416,0.6517320033046233,1.1056373236935995,0.6812482585678462,0.6657084066668375
89,1e-06,428.86735175900003,79889,True,5,2830.68994140625,3176.0,0.5650913185961024,0.37531797574428377,0.07603832936926073,0.057988908576678405,2.798527631588353e-06,-0.0058965327603660534,0.015490412072767853,0.0023235619076126014,1.1863255006675073,0.059316276023496824,0.9157755407722248,2.855607700969089,0.30000001192092896,2.956558448368365,0.7637315811755129,3.869624969565535,0.9995928878420269,-0.23586130666651403,2.956558448368365,19.231674156865296,0.019032056653637462,0.022571086959649374,0.0010872749283798464,0.08996124263441364,0.08817879596345622,0.0017824467349090098,-0.0205841064453125,0.3383825993981372,0.37277620536576217,0.28884117426994,0.051473713915314585,0.04561894590094706,0.04808423815437123,8.0,1.6898928380875367,0.37009339148279324,27966.0,0.2153095939764056,0.48676743500097913,0.2979229714710671,0.9826480404075574,16.0,1.9036161448748001,0.3819655839492254,23167.0,0.19350214878208705,0.5187292755773322,0.2877685754578782,0.9982068819135014,16.0,2.0441498998738767,0.3409418951346419,30393.0,0.15786730932072,0.47880311220964256,0.36332957847223263,0.9999536873114271,16.0,1.923857453445842,0.3814228807768273,54112.0,0.13141610038204085,0.43102778578909917,0.43755611384287413,1.0,24.0,1.9262957408172492,0.41431639804694426,61643.0,0.126050132061584,0.42878694365862424,0.44516292416196934,1.0,0.9559371625622627,0.49888641425389757,1.2783101640660373,0.6717748676511563,0.649972549009988,1.1068293543770706,0.6804123711340206,0.664947310222523
90,1e-06,429.7640763290001,80786,True,6,2830.68994140625,3176.0,0.5673260204858626,0.37683934393424534,0.07616142444607128,0.058081625096076644,2.794537099906477e-06,-0.005896397014399458,0.016355290688789912,0.0024532936987272276,1.1936785932049623,0.059683930664075305,0.9171688320746039,2.859018133469662,0.30000001192092896,2.956600020283828,0.7637423196387534,3.8696455230425215,0.9995981964797094,-0.23585587684095596,2.956600020283828,19.232473538709105,0.0190412926211008,0.022564516489882655,0.0010801008240752831,0.08995547067774821,0.08817606289019517,0.001779407967668533,-0.0205841064453125,0.33838766995565556,0.372841308875876,0.28877100086149043,0.051455396134792365,0.04557477580175479,0.04800133540198166,8.0,1.6900888460964456,0.3699742688316425,27971.0,0.2152359454919728,0.48672970019187745,0.2980343545403757,0.9824025842657558,16.0,1.905221721351099,0.3816012450873389,23414.0,0.19352088305146606,0.518757310434836,0.2877218072886269,0.9981964274884316,16.0,2.043733857144648,0.34107260868638956,30981.0,0.15783331376153675,0.47879648487032,0.36337020159236916,0.9999509618766397,16.0,1.9231622721434778,0.3815681909733363,53921.0,0.13141906987064048,0.43105947093956315,0.43752145884930516,1.0,24.0,1.9259172386001813,0.4144958557691514,62422.0,0.12597074742785833,0.42866038493200914,0.44536886715171453,1.0,0.956250653105298,0.5267260579064588,1.279696158693175,0.6717748676511563,0.6500516035356058,1.1077538269348017,0.6801337419894121,0.6645185306177928
91,1e-06,420.63109868799984,81684,True,7,2830.68994140625,3176.0,0.5661895010581298,0.37619461680933525,0.07605568153478807,0.05804265827304385,2.78992302821327e-06,-0.005896633303659641,0.016279500588017075,0.0024419251890630623,1.1869690617701958,0.05934845404749129,0.9155317147943085,2.8527862810989735,0.30000001192092896,2.95658320089074,0.7637379750333787,3.8696652923848935,0.999603303598508,-0.23586532856512935,2.95658320089074,19.232150024304573,0.01904753504628576,0.022550209585222095,0.0010720684539032054,0.08995581805766233,0.0881782153608275,0.001777602741768407,-0.0205841064453125,0.33850750144822933,0.3730231389787953,0.28846934003521685,0.05144729868774981,0.045672803997823225,0.04794591202205108,8.0,1.6909901470661146,0.36958803024144665,28367.0,0.21526894147644646,0.48690731192653286,0.2978237461651782,0.9825210467522294,16.0,1.9062000987605243,0.38130077463489553,23259.0,0.19356736302710056,0.5187012476355368,0.287731388991162,0.9982684907205983,16.0,2.0450782333572537,0.34064448056784397,30577.0,0.15788579906032577,0.4787120624596582,0.3634021383886647,0.9999545164718503,16.0,1.9219480372923552,0.3820226642514451,53983.0,0.13145479796996515,0.43106838600393615,0.43747681538663963,1.0,24.0,1.9265214962131978,0.41427139184073747,61867.0,0.12597236161253336,0.42869705383861245,0.4453305846832859,1.0,0.9555540074541085,0.5133630289532294,1.280680339992063,0.673168013374199,0.6511925485500331,1.1081874631314133,0.6812482585678462,0.6655992162461972
92,1e-06,414.7959848229998,82580,True,8,2830.68994140625,3176.0,0.5614446741692793,0.3721774065875306,0.07541744648427183,0.05813022592713905,2.7887172967536147e-06,-0.005896929621832332,0.015572836207751902,0.0023359255291918748,1.1855560007100818,0.05927780105673762,0.9137204361022538,2.8485598000925685,0.30000001192092896,2.9565666562408284,0.7637337010923841,3.869694632843431,0.9996108823491262,-0.23587718125674215,2.9565666562408284,19.23183163361156,0.019062730700313255,0.022548815209543493,0.0010649334327837302,0.08996114553732826,0.08818305381624181,0.0017780918147977563,-0.0205841064453125,0.33864131163556715,0.3728915666085956,0.28846710157031497,0.05143875596542199,0.045517772564474965,0.04799754490320733,8.0,1.6902213887430217,0.36997053934956525,28086.0,0.2152155671349023,0.4866845156606734,0.2980999165011231,0.9824985506650095,16.0,1.9067896489186191,0.3811234665052358,23294.0,0.19357090985381767,0.5186776636166609,0.2877514263831517,0.9982432409336692,16.0,2.046138256178899,0.340364565515955,30498.0,0.15794174259427887,0.4788269482428695,0.36323130939019177,0.9999526654662058,16.0,1.9209991148752315,0.38242904529904054,53722.0,0.1314052746731218,0.4309758333507271,0.4376188919455277,1.0,24.0,1.92708285978759,0.4141925088180187,62173.0,0.1259517219871217,0.4287255675170509,0.4453227107714384,1.0,0.9573652861472012,0.4955456570155902,1.281365892886451,0.6720534967957649,0.6500245459400367,1.108321008459045,0.6812482585678462,0.6638434666249402
93,1e-06,417.98693623300005,83478,True,9,2830.68994140625,3176.0,0.565176810895501,0.37542640196832355,0.07588352600830846,0.058154809274439355,2.783145484094545e-06,-0.005896668691906191,0.015895287374084903,0.002384293196715477,1.1844333318911766,0.05922166761735597,0.917969974576586,2.8680952115261364,0.30000001192092896,2.9565593017638716,0.7637318011079115,3.8696468737960097,0.9995985452610354,-0.23586674415312398,2.9565593017638716,19.231690748253854,0.019039932713797524,0.022552758792523678,0.0010792714936660426,0.0899654186076308,0.08818427286166258,0.0017811455680018804,-0.0205841064453125,0.33850845583155637,0.3728904176065219,0.2886011053902207,0.05139546050039399,0.045535140418549384,0.04794623942821185,8.0,1.689721586757487,0.3701936731896076,27858.0,0.215002219673089,0.4866772147809755,0.2983205661215525,0.982756934912876,16.0,1.9061277334649152,0.38136164411415047,23256.0,0.19356680774772597,0.5187364289942379,0.2876967640885025,0.9982121698725721,16.0,2.045761522929859,0.3404242520935006,30495.0,0.15790123092947161,0.4787794757852269,0.363319293116613,0.9999581599269584,16.0,1.9227351097565817,0.38181661903856107,53943.0,0.13147468006682705,0.43125561693875764,0.43726970259579145,1.0,24.0,1.927575110247269,0.4142670231279632,62220.0,0.12598606063192958,0.42880159527506634,0.4452123440652354,1.0,0.9567383050611307,0.5155902004454342,1.282185696665375,0.6720534967957649,0.6499833620067328,1.1081373672294033,0.6818055168570633,0.6660196571084406
94,1e-06,412.2471865870002,84376,True,10,2830.68994140625,3176.0,0.5653026160922617,0.37539183849110624,0.07590209284412636,0.05815467840592155,2.7788104178477e-06,-0.005896600764123469,0.015296993050951998,0.002294549048927594,1.1890655329718336,0.05945327763296678,0.9154620502291896,2.856102532605325,0.30000001192092896,2.9565940263183386,0.7637407718135286,3.869671079937976,0.9996047986392927,-0.2358640268257641,2.9565940263183386,19.232358261677632,0.019063072038779456,0.022540697912863377,0.0010664799512587677,0.08996191089769455,0.08817844265738627,0.0017834681244120012,-0.0205841064453125,0.3384150684153906,0.3727340027754814,0.28885090995235185,0.051233307796194116,0.04540931866514471,0.04791759867765462,8.0,1.6904818924613838,0.36982559005192417,28159.0,0.21505649710887859,0.4868020745094652,0.298141428254491,0.9825535386789347,16.0,1.9059076609085495,0.3812628782865973,23368.0,0.1934519292373236,0.5185591496412746,0.28798892122417197,0.9981953605177459,16.0,2.0464874637667143,0.34029103168570396,30384.0,0.15789874293902248,0.4787230439557564,0.36337821308030716,0.9999567971026421,16.0,1.9230368699004,0.3817477318272994,53875.0,0.13142834063049078,0.4311328155335274,0.4374388437711016,1.0,24.0,1.9259974914823041,0.4148064821822553,62060.0,0.12597545188311818,0.4287388857398654,0.4452856613264765,1.0,0.9564596468006549,0.48775055679287305,1.2824610775644383,0.6723321259403734,0.6496576708576526,1.1080627866892736,0.6815268877124547,0.6657466722093031
95,1e-06,419.1573034390003,85274,True,11,2830.68994140625,3176.0,0.5702990801914296,0.37935118489684994,0.0766846858316124,0.05790063710898507,2.772508615315227e-06,-0.005896766841558998,0.016373596864802203,0.002456039624432015,1.1960105061273623,0.059800526331916175,0.9164721864265286,2.854669600487453,0.30000001192092896,2.9566049690243923,0.7637435978779976,3.869707737494181,0.9996142678738488,-0.23587066999585107,2.9566049690243923,19.23256866205008,0.01908068690948447,0.022531342307641766,0.001055620687526012,0.0899601022107976,0.08817816545551044,0.0017819369008945057,-0.0205841064453125,0.3383524561817774,0.37273130096953727,0.2889162227462097,0.05125639790728709,0.04540065344280449,0.047865783865071294,8.0,1.6899577410286126,0.3700848212955165,27940.0,0.21504971407891865,0.48674527970496095,0.2982050062052205,0.9824842894570183,16.0,1.9054106411720801,0.38148371555193233,23139.0,0.19354234209800697,0.5186976564354464,0.28776000136118113,0.9982687720223826,16.0,2.0445684486598306,0.3408238767846765,30428.0,0.15787415881809086,0.47885715233863985,0.36326868873790386,0.999958855693727,16.0,1.9232892667808321,0.38156798168855416,54030.0,0.13142298696388574,0.43123094430828157,0.4373460685228113,1.0,24.0,1.9283316786242959,0.41357354931005214,62298.0,0.12593982997033293,0.42863768166523913,0.44542248841010357,1.0,0.9544742066947647,0.522271714922049,1.2830173071130266,0.6728893842295904,0.6507804266172098,1.1082565890410778,0.6818055168570633,0.6643655237197718
96,1e-06,417.1198557050002,86172,True,12,2830.68994140625,3176.0,0.5634929608549626,0.3738383974142552,0.075668882962183,0.05805540063350551,2.7710947491737205e-06,-0.005896941799291039,0.015485862578466368,0.0023228794754523445,1.1900314508873295,0.05950157347594005,0.9162631927290956,2.8569269757970233,0.30000001192092896,2.956601775540857,0.7637427733972523,3.869731637783702,0.999620441612461,-0.23587766821520875,2.956601775540857,19.23250721006617,0.019089262188168657,0.022513249121807997,0.0010512488239004484,0.08995815551518904,0.08818004586225833,0.0017781095455093989,-0.0205841064453125,0.3383924909268989,0.37287824586116347,0.2887292422904146,0.051389932018679765,0.04542940753436856,0.047891959199979225,8.0,1.6891725580372312,0.37045889861253434,28127.0,0.21503715567933615,0.4867011025595214,0.2982617417030098,0.9826231595698293,16.0,1.9064765299511344,0.38110045920370383,23270.0,0.19347401792630867,0.5186957610143863,0.28783022108369993,0.9982068526312585,16.0,2.0455920580989817,0.3405122850208996,30554.0,0.15784236247129935,0.4788691259409601,0.3632885112778728,0.9999533318614564,16.0,1.9226432416899881,0.3818743398867288,54180.0,0.13141484181602495,0.4311576291512345,0.4374275289081706,1.0,24.0,1.9281167423153351,0.4137335934595876,62053.0,0.12594417387967308,0.4286510352814906,0.4454047907947178,1.0,0.9567034727785712,0.5055679287305123,1.2828271951008454,0.6720534967957649,0.6497110372135808,1.1082682382366258,0.6820841460016718,0.6644310442469666
97,1e-06,415.7442501129999,87069,True,13,2830.68994140625,3176.0,0.5634259308508527,0.3741657880743684,0.07570592810234483,0.05814062361864175,2.7679674931421814e-06,-0.0058965499504676335,0.01598214434255822,0.0023973217495738067,1.1782011940051256,0.05891006060615231,0.9166811801177331,2.861450277831787,0.30000001192092896,2.9566440960303666,0.7637537054027476,3.869713278772473,0.9996156996351752,-0.23586199423242768,2.9566440960303666,19.233321225324673,0.01906912088803689,0.022513687868070783,0.001054139347560308,0.08994994932338152,0.08817465817534051,0.0017752912060601158,-0.0205841064453125,0.33833733921248843,0.37295745996278035,0.28870518138143825,0.05138186245168957,0.04545622523952549,0.047876283683560394,8.0,1.6895043886319494,0.37029354842986645,27803.0,0.21504032477311377,0.48674750119616916,0.2982121737317492,0.9827973349489942,16.0,1.9069794988992625,0.38089310452292724,23567.0,0.1934390522490566,0.5186891712349798,0.2878717767458989,0.9982314220607217,16.0,2.045628427184402,0.3405073204381517,30382.0,0.15790519240024242,0.4787284121129608,0.36336639537312665,0.9999571380152997,16.0,1.9235983796285616,0.38132310636660005,53906.0,0.13140971769083298,0.4310632103581701,0.4375270718705455,1.0,24.0,1.9273281662710542,0.4138840809866712,61810.0,0.12595647597243168,0.42870726280793897,0.44533626180407004,1.0,0.9564596468006549,0.5055679287305123,1.283358425441709,0.6723321259403734,0.650198461286825,1.1086611573694143,0.6834772917247144,0.6665481310696125
98,1e-06,412.7473653220004,87967,True,14,2830.68994140625,3176.0,0.5656946745427567,0.3759448139693837,0.07591680732051147,0.058105026737344447,2.765332380916985e-06,-0.005896836036840959,0.015082688959854379,0.0022624034355305817,1.1871939930907704,0.059359700669054924,0.9158103730547843,2.853017953036036,0.30000001192092896,2.956637537538779,0.763752010209196,3.869751017604146,0.9996254478233719,-0.23587343761417584,2.956637537538779,19.233195111106202,0.019096192870435846,0.02249576282753371,0.001039810483893921,0.08995130547386272,0.08817242545778464,0.0017788799078984863,-0.0205841064453125,0.33846644679079685,0.37279720579557624,0.28873632722810466,0.05127020460222286,0.045318554775556005,0.047839168945259344,8.0,1.6906007012917648,0.36973931402068694,27886.0,0.21503568949258509,0.4866748749026394,0.298289435823292,0.9824843921462564,16.0,1.9056263081834517,0.3813846722064071,23591.0,0.19352186765753907,0.5188388072496389,0.2876393245888328,0.9982143912184487,16.0,2.0452276890278442,0.34051941622283094,30488.0,0.15787393648979695,0.4788808108378887,0.3632452521351065,0.9999519102193622,16.0,1.924987264850296,0.3810429087724177,53706.0,0.13146753421287444,0.4311042407836331,0.43742822466871073,1.0,24.0,1.9264929926529537,0.414293104160824,62059.0,0.1259333235336727,0.42858088220285684,0.4454857945761929,1.0,0.9559719948448222,0.48997772828507796,1.2835081435073614,0.6740039008080245,0.6517801970060805,1.1087323962629057,0.6837559208693229,0.6670223634993119
99,1e-06,415.98581188700064,88863,True,15,2830.68994140625,3176.0,0.5628352171492189,0.37357214173659736,0.07559683757582952,0.058038307944069195,2.763799106498853e-06,-0.005896492492837846,0.01551638449393292,0.0023274577672449033,1.1838841057566167,0.059194206286778024,0.9160541990327006,2.8608951373942206,0.30000001192092896,2.956617814245765,0.7637469163820111,3.8696781010491383,0.9996066121680679,-0.2358596957860569,2.956617814245765,19.23281597890983,0.01906103025282954,0.022529697815746742,0.00106701142810378,0.08995647568526473,0.08818248436366168,0.001773991382274132,-0.0205841064453125,0.3384214243022596,0.37313238120348113,0.2884461750229381,0.05138942376562904,0.0454783689941378,0.04792095646259574,8.0,1.690819926564856,0.3697106481956262,27938.0,0.21518445248210843,0.48687670059187327,0.2979388473495561,0.9828037776112901,16.0,1.9068626560401325,0.38095099715824604,23437.0,0.19358275011905896,0.5187664547951154,0.2876507947479297,0.9982278081017015,16.0,2.0455019385917064,0.3404241958366732,30403.0,0.15796097309168589,0.4789011000438794,0.36313792702533754,0.9999496882776261,16.0,1.9238590057867273,0.3815926547716344,54415.0,0.1314359604632403,0.43126057833874337,0.43730346139473303,1.0,24.0,1.9269129480287994,0.41427176081070005,61980.0,0.12599339124310074,0.4287072029904872,0.44529940557955716,1.0,0.9571562924518444,0.5055679287305123,1.284774971592888,0.6726107550849819,0.6497160626863224,1.1089562910717157,0.6829200334354973,0.6653596781545966
