W0515 08:06:50.301000 64 torch/distributed/run.py:852] 
W0515 08:06:50.301000 64 torch/distributed/run.py:852] *****************************************
W0515 08:06:50.301000 64 torch/distributed/run.py:852] Setting OMP_NUM_THREADS environment variable for each process to be 1 in default, to avoid your system being overloaded, please further tune the variable for optimal performance in your application as needed. 
W0515 08:06:50.301000 64 torch/distributed/run.py:852] *****************************************
[W515 08:06:50.451083579 socket.cpp:207] [c10d] The hostname of the client socket cannot be retrieved. err=-3
[W515 08:06:53.793856874 socket.cpp:207] [c10d] The hostname of the client socket cannot be retrieved. err=-3
[W515 08:06:53.793980593 socket.cpp:207] [c10d] The hostname of the client socket cannot be retrieved. err=-3
[Output] run_dir=/kaggle/working/outputs/d12_ddp_b64_amp_chunkaware_safe_compile_benchmark/d12a_stable_ce_first_ddp_b64_amp_chunkaware/20260515_080653
[DDP Setup] rank=0 local_rank=0 world_size=2 device=cuda:0 backend=nccl find_unused_parameters=True
[DDP Batch] global_batch_size=64 per_rank_batch_size=32 world_size=2
[DDP Phase1.5] ddp_chunk_aware=True torch.compile=True
[FullGraphDataset train]
chunk_cache_size=4
num_chunks=58
num_samples=28709
[FullGraphDataset train] chunk cache enabled (max_chunks=4)
[DDP ChunkAware] enabled=True num_chunks=58 chunk_sizes_min_mean_max=209/494.98/500 total_samples=28709 rank0_chunk_count=29 rank1_chunk_count=29 per_rank_batch_size=32 batches_per_rank_before=[455, 464] batches_per_rank_after=[455, 455] truncated_batches=[0, 9] ddp_drop_last_batches=True shuffle_chunks=True shuffle_within_chunk=True
[DDP DataLoader split=train] num_samples=28709 batch_size=32 num_workers=2 pin_memory=True persistent_workers=True prefetch_factor=2 chunk_cache_size=4 distributed_sampler=False chunk_aware_sampler=True batches_per_epoch=455
[FullGraphDataset val]
chunk_cache_size=4
num_chunks=8
num_samples=3589
[FullGraphDataset val] chunk cache enabled (max_chunks=4)
[DDP ChunkAware] enabled=False
[DDP DataLoader split=val] num_samples=3589 batch_size=64 num_workers=2 pin_memory=True persistent_workers=True prefetch_factor=2 chunk_cache_size=4 distributed_sampler=False chunk_aware_sampler=False batches_per_epoch=57
--- torch version: 2.10.0+cu128
--- cuda available: True
--- cuda device count: 2
--- selected device: cuda:0
--- gpu name: Tesla T4
--- current cuda device: 0
/kaggle/working/sgu-2026-fer13-graph/scripts/train_d5a_ddp.py:404: FutureWarning: `torch.cuda.amp.GradScaler(args...)` is deprecated. Please use `torch.amp.GradScaler('cuda', args...)` instead.
  self.scaler = torch.cuda.amp.GradScaler(
[Compile] enabled=True order=after_ddp
[DDP Model] DistributedDataParallel wrapped with find_unused_parameters=True
/kaggle/working/sgu-2026-fer13-graph/scripts/train_d5a_ddp.py:404: FutureWarning: `torch.cuda.amp.GradScaler(args...)` is deprecated. Please use `torch.amp.GradScaler('cuda', args...)` instead.
  self.scaler = torch.cuda.amp.GradScaler(
[DDP AMP] amp_enabled=True init_scale=65536.0
[Scheduler] type=LambdaLR monitor=epoch mode=n/a
[Checkpoint] save_best_metric=val_macro_f1 mode=max
[EarlyStopping] monitor=val_macro_f1 mode=max

train 1 rank0:   0%|          | 0/455 [00:00<?, ?it/s][SPEED_BENCH] first_batch_x_shape=[32, 2304, 7]
[SPEED_BENCH] first_batch_edge_attr_shape=[32, 17860, 5]
[SPEED_BENCH] ddp_per_rank_bs_mismatch=False (rank0 batch=32, expected=32)
[rank0]:W0515 08:07:03.642000 72 torch/_logging/_internal.py:1204] [0/0] Profiler function <class 'torch.autograd.profiler.record_function'> will be ignored
[rank1]:W0515 08:07:03.645000 73 torch/_logging/_internal.py:1204] [0/0] Profiler function <class 'torch.autograd.profiler.record_function'> will be ignored
[rank1]:W0515 08:07:04.122000 73 torch/_dynamo/variables/tensor.py:1079] [4/0] Graph break from `Tensor.item()`, consider setting:
[rank1]:W0515 08:07:04.122000 73 torch/_dynamo/variables/tensor.py:1079] [4/0]     torch._dynamo.config.capture_scalar_outputs = True
[rank1]:W0515 08:07:04.122000 73 torch/_dynamo/variables/tensor.py:1079] [4/0] or:
[rank1]:W0515 08:07:04.122000 73 torch/_dynamo/variables/tensor.py:1079] [4/0]     env TORCHDYNAMO_CAPTURE_SCALAR_OUTPUTS=1
[rank1]:W0515 08:07:04.122000 73 torch/_dynamo/variables/tensor.py:1079] [4/0] to include these operations in the captured graph.
[rank1]:W0515 08:07:04.122000 73 torch/_dynamo/variables/tensor.py:1079] [4/0] 
[rank1]:W0515 08:07:04.122000 73 torch/_dynamo/variables/tensor.py:1079] [4/0] Graph break: from user code at:
[rank1]:W0515 08:07:04.122000 73 torch/_dynamo/variables/tensor.py:1079] [4/0]   File "/kaggle/working/sgu-2026-fer13-graph/models/d12_global_local_motif_model.py", line 693, in forward
[rank1]:W0515 08:07:04.122000 73 torch/_dynamo/variables/tensor.py:1079] [4/0]     h_pixel, encoder_diag = self.encoder(
[rank1]:W0515 08:07:04.122000 73 torch/_dynamo/variables/tensor.py:1079] [4/0]   File "/kaggle/working/sgu-2026-fer13-graph/models/d12_global_local_motif_model.py", line 271, in forward
[rank1]:W0515 08:07:04.122000 73 torch/_dynamo/variables/tensor.py:1079] [4/0]     h, diag = layer(h, edge_index, edge_attr_scale1, node_mask=node_mask)
[rank1]:W0515 08:07:04.122000 73 torch/_dynamo/variables/tensor.py:1079] [4/0]   File "/kaggle/working/sgu-2026-fer13-graph/models/d12_global_local_motif_model.py", line 91, in forward
[rank1]:W0515 08:07:04.122000 73 torch/_dynamo/variables/tensor.py:1079] [4/0]     if int(src.max()) >= num_nodes or int(dst.max()) >= num_nodes:
[rank1]:W0515 08:07:04.122000 73 torch/_dynamo/variables/tensor.py:1079] [4/0] 
[rank1]:W0515 08:07:04.122000 73 torch/_dynamo/variables/tensor.py:1079] [4/0] 
[rank0]:W0515 08:07:04.380000 72 torch/_dynamo/variables/tensor.py:1079] [4/0] Graph break from `Tensor.item()`, consider setting:
[rank0]:W0515 08:07:04.380000 72 torch/_dynamo/variables/tensor.py:1079] [4/0]     torch._dynamo.config.capture_scalar_outputs = True
[rank0]:W0515 08:07:04.380000 72 torch/_dynamo/variables/tensor.py:1079] [4/0] or:
[rank0]:W0515 08:07:04.380000 72 torch/_dynamo/variables/tensor.py:1079] [4/0]     env TORCHDYNAMO_CAPTURE_SCALAR_OUTPUTS=1
[rank0]:W0515 08:07:04.380000 72 torch/_dynamo/variables/tensor.py:1079] [4/0] to include these operations in the captured graph.
[rank0]:W0515 08:07:04.380000 72 torch/_dynamo/variables/tensor.py:1079] [4/0] 
[rank0]:W0515 08:07:04.380000 72 torch/_dynamo/variables/tensor.py:1079] [4/0] Graph break: from user code at:
[rank0]:W0515 08:07:04.380000 72 torch/_dynamo/variables/tensor.py:1079] [4/0]   File "/kaggle/working/sgu-2026-fer13-graph/models/d12_global_local_motif_model.py", line 693, in forward
[rank0]:W0515 08:07:04.380000 72 torch/_dynamo/variables/tensor.py:1079] [4/0]     h_pixel, encoder_diag = self.encoder(
[rank0]:W0515 08:07:04.380000 72 torch/_dynamo/variables/tensor.py:1079] [4/0]   File "/kaggle/working/sgu-2026-fer13-graph/models/d12_global_local_motif_model.py", line 271, in forward
[rank0]:W0515 08:07:04.380000 72 torch/_dynamo/variables/tensor.py:1079] [4/0]     h, diag = layer(h, edge_index, edge_attr_scale1, node_mask=node_mask)
[rank0]:W0515 08:07:04.380000 72 torch/_dynamo/variables/tensor.py:1079] [4/0]   File "/kaggle/working/sgu-2026-fer13-graph/models/d12_global_local_motif_model.py", line 91, in forward
[rank0]:W0515 08:07:04.380000 72 torch/_dynamo/variables/tensor.py:1079] [4/0]     if int(src.max()) >= num_nodes or int(dst.max()) >= num_nodes:
[rank0]:W0515 08:07:04.380000 72 torch/_dynamo/variables/tensor.py:1079] [4/0] 
[rank0]:W0515 08:07:04.380000 72 torch/_dynamo/variables/tensor.py:1079] [4/0] 
[rank0]:W0515 08:07:15.644000 72 torch/_inductor/utils.py:1679] [10/0] Not enough SMs to use max_autotune_gemm mode
[rank1]:W0515 08:07:15.677000 73 torch/_inductor/utils.py:1679] [10/0] Not enough SMs to use max_autotune_gemm mode
[rank0]:[W515 08:08:25.796637105 reducer.cpp:1500] Warning: find_unused_parameters=True was specified in DDP constructor, but did not find any unused parameters in the forward pass. This flag results in an extra traversal of the autograd graph every iteration,  which can adversely affect performance. If your model indeed never has any unused parameters in the forward pass, consider turning this flag off. Note that this warning may be a false positive if your model has flow control causing later iterations to have unused parameters. (function operator())
[rank1]:[W515 08:08:25.846694789 reducer.cpp:1500] Warning: find_unused_parameters=True was specified in DDP constructor, but did not find any unused parameters in the forward pass. This flag results in an extra traversal of the autograd graph every iteration,  which can adversely affect performance. If your model indeed never has any unused parameters in the forward pass, consider turning this flag off. Note that this warning may be a false positive if your model has flow control causing later iterations to have unused parameters. (function operator())
train tensor devices: x=cuda:0 edge_index=cuda:0 edge_attr=cuda:0 y=cuda:0 logits=cuda:0 loss=cuda:0
[PROFILE rank=0 batch=0]
  data_time      =0.5329s
  to_device_time =0.0039s
  forward_time   =82.5017s
  loss_time      =0.3742s
  backward_time  =32.1534s
  optimizer_time =0.2368s
  batch_time     =115.2758s
  cuda_allocated_gb    =0.122
  cuda_reserved_gb     =9.451
  cuda_max_allocated_gb=8.350

train 1 rank0:   0%|          | 0/455 [01:55<?, ?it/s, loss=2.5740]
train 1 rank0:   0%|          | 1/455 [01:55<14:36:38, 115.86s/it, loss=2.5740][PROFILE rank=0 batch=1]
  data_time      =0.0007s
  to_device_time =0.0022s
  forward_time   =0.1129s
  loss_time      =0.0017s
  backward_time  =0.1508s
  optimizer_time =0.0060s
  batch_time     =0.2755s
  cuda_allocated_gb    =0.120
  cuda_reserved_gb     =9.459
  cuda_max_allocated_gb=8.414

train 1 rank0:   0%|          | 1/455 [01:56<14:36:38, 115.86s/it, loss=2.5245]
train 1 rank0:   0%|          | 2/455 [01:56<6:01:25, 47.87s/it, loss=2.5245]  [PROFILE rank=0 batch=2]
  data_time      =0.0006s
  to_device_time =0.0022s
  forward_time   =0.1130s
  loss_time      =0.0017s
  backward_time  =0.1503s
  optimizer_time =0.0056s
  batch_time     =0.2738s
  cuda_allocated_gb    =0.120
  cuda_reserved_gb     =9.459
  cuda_max_allocated_gb=8.415

train 1 rank0:   0%|          | 2/455 [01:56<6:01:25, 47.87s/it, loss=2.5509]
train 1 rank0:   1%|          | 3/455 [01:56<3:16:54, 26.14s/it, loss=2.5509][PROFILE rank=0 batch=3]
  data_time      =0.0006s
  to_device_time =0.0021s
  forward_time   =0.1143s
  loss_time      =0.0015s
  backward_time  =0.1506s
  optimizer_time =0.0060s
  batch_time     =0.2767s
  cuda_allocated_gb    =0.119
  cuda_reserved_gb     =9.459
  cuda_max_allocated_gb=8.415

train 1 rank0:   1%|          | 3/455 [01:56<3:16:54, 26.14s/it, loss=2.5397]
train 1 rank0:   1%|          | 4/455 [01:56<1:59:44, 15.93s/it, loss=2.5397][PROFILE rank=0 batch=4]
  data_time      =0.0005s
  to_device_time =0.0022s
  forward_time   =0.1137s
  loss_time      =0.0016s
  backward_time  =0.1506s
  optimizer_time =0.0058s
  batch_time     =0.2761s
  cuda_allocated_gb    =0.120
  cuda_reserved_gb     =9.459
  cuda_max_allocated_gb=8.415

train 1 rank0:   1%|          | 4/455 [01:56<1:59:44, 15.93s/it, loss=2.4957]
train 1 rank0:   1%|          | 5/455 [01:56<1:17:08, 10.29s/it, loss=2.4957][PROFILE rank=0 batch=5]
  data_time      =0.0005s
  to_device_time =0.0022s
  forward_time   =0.1122s
  loss_time      =0.0015s
  backward_time  =0.1504s
  optimizer_time =0.0056s
  batch_time     =0.2761s
  cuda_allocated_gb    =0.119
  cuda_reserved_gb     =9.459
  cuda_max_allocated_gb=8.415

train 1 rank0:   1%|          | 5/455 [01:57<1:17:08, 10.29s/it, loss=2.5641]
train 1 rank0:   1%|â–         | 6/455 [01:57<51:30,  6.88s/it, loss=2.5641]  [PROFILE rank=0 batch=6]
  data_time      =0.0006s
  to_device_time =0.0021s
  forward_time   =0.1161s
  loss_time      =0.0016s
  backward_time  =0.1509s
  optimizer_time =0.0058s
  batch_time     =0.2777s
  cuda_allocated_gb    =0.120
  cuda_reserved_gb     =9.459
  cuda_max_allocated_gb=8.415

train 1 rank0:   1%|â–         | 6/455 [01:57<51:30,  6.88s/it, loss=2.5575]
train 1 rank0:   2%|â–         | 7/455 [01:57<35:16,  4.73s/it, loss=2.5575][PROFILE rank=0 batch=7]
  data_time      =0.0012s
  to_device_time =0.0021s
  forward_time   =0.1146s
  loss_time      =0.0015s
  backward_time  =0.1521s
  optimizer_time =0.0062s
  batch_time     =0.2776s
  cuda_allocated_gb    =0.119
  cuda_reserved_gb     =9.459
  cuda_max_allocated_gb=8.415

train 1 rank0:   2%|â–         | 7/455 [01:57<35:16,  4.73s/it, loss=2.5254]
train 1 rank0:   2%|â–         | 8/455 [01:57<24:39,  3.31s/it, loss=2.5254][PROFILE rank=0 batch=8]
  data_time      =0.0005s
  to_device_time =0.0022s
  forward_time   =0.1145s
  loss_time      =0.0014s
  backward_time  =0.1514s
  optimizer_time =0.0057s
  batch_time     =0.2762s
  cuda_allocated_gb    =0.120
  cuda_reserved_gb     =9.459
  cuda_max_allocated_gb=8.415

train 1 rank0:   2%|â–         | 8/455 [01:58<24:39,  3.31s/it, loss=2.5865]
train 1 rank0:   2%|â–         | 9/455 [01:58<17:34,  2.36s/it, loss=2.5865][PROFILE rank=0 batch=9]
  data_time      =0.0006s
  to_device_time =0.0022s
  forward_time   =0.1135s
  loss_time      =0.0016s
  backward_time  =0.1515s
  optimizer_time =0.0060s
  batch_time     =0.2761s
  cuda_allocated_gb    =0.119
  cuda_reserved_gb     =9.459
  cuda_max_allocated_gb=8.415

train 1 rank0:   2%|â–         | 9/455 [01:58<17:34,  2.36s/it, loss=2.5340]
train 1 rank0:   2%|â–         | 10/455 [01:58<12:45,  1.72s/it, loss=2.5340][PROFILE rank=0 batch=10]
  data_time      =0.0005s
  to_device_time =0.0022s
  forward_time   =0.1141s
  loss_time      =0.0016s
  backward_time  =0.1510s
  optimizer_time =0.0063s
  batch_time     =0.2765s
  cuda_allocated_gb    =0.120
  cuda_reserved_gb     =9.459
  cuda_max_allocated_gb=8.415

train 1 rank0:   2%|â–         | 10/455 [01:58<12:45,  1.72s/it, loss=2.5434]
train 1 rank0:   2%|â–         | 11/455 [01:58<09:28,  1.28s/it, loss=2.5434][PROFILE rank=0 batch=11]
  data_time      =0.0004s
  to_device_time =0.0021s
  forward_time   =0.1129s
  loss_time      =0.0016s
  backward_time  =0.1529s
  optimizer_time =0.0058s
  batch_time     =0.2812s
  cuda_allocated_gb    =0.119
  cuda_reserved_gb     =9.459
  cuda_max_allocated_gb=8.415

train 1 rank0:   2%|â–         | 11/455 [01:58<09:28,  1.28s/it, loss=2.5480]
train 1 rank0:   3%|â–Ž         | 12/455 [01:58<07:12,  1.02it/s, loss=2.5480][PROFILE rank=0 batch=12]
  data_time      =0.0006s
  to_device_time =0.0022s
  forward_time   =0.1189s
  loss_time      =0.0025s
  backward_time  =0.1571s
  optimizer_time =0.0061s
  batch_time     =0.2903s
  cuda_allocated_gb    =0.120
  cuda_reserved_gb     =9.459
  cuda_max_allocated_gb=8.415

train 1 rank0:   3%|â–Ž         | 12/455 [01:59<07:12,  1.02it/s, loss=2.5554]
train 1 rank0:   3%|â–Ž         | 13/455 [01:59<05:40,  1.30it/s, loss=2.5554][PROFILE rank=0 batch=13]
  data_time      =0.0005s
  to_device_time =0.0022s
  forward_time   =0.1196s
  loss_time      =0.0025s
  backward_time  =0.1593s
  optimizer_time =0.0124s
  batch_time     =0.2973s
  cuda_allocated_gb    =0.119
  cuda_reserved_gb     =9.459
  cuda_max_allocated_gb=8.415

train 1 rank0:   3%|â–Ž         | 13/455 [01:59<05:40,  1.30it/s, loss=2.5357]
train 1 rank0:   3%|â–Ž         | 14/455 [01:59<04:37,  1.59it/s, loss=2.5357][PROFILE rank=0 batch=14]
  data_time      =0.0006s
  to_device_time =0.0022s
  forward_time   =0.1151s
  loss_time      =0.0014s
  backward_time  =0.1518s
  optimizer_time =0.0065s
  batch_time     =0.2780s
  cuda_allocated_gb    =0.120
  cuda_reserved_gb     =9.459
  cuda_max_allocated_gb=8.415

train 1 rank0:   3%|â–Ž         | 14/455 [01:59<04:37,  1.59it/s, loss=2.5190]
train 1 rank0:   3%|â–Ž         | 15/455 [01:59<03:50,  1.91it/s, loss=2.5190][PROFILE rank=0 batch=15]
  data_time      =0.0005s
  to_device_time =0.0014s
  forward_time   =52.5981s
  loss_time      =0.0017s
  backward_time  =18.7135s
  optimizer_time =0.0062s
  batch_time     =71.9023s
  cuda_allocated_gb    =0.089
  cuda_reserved_gb     =9.459
  cuda_max_allocated_gb=8.415

train 1 rank0:   3%|â–Ž         | 15/455 [03:11<03:50,  1.91it/s, loss=2.5566]
train 1 rank0:   4%|â–Ž         | 16/455 [03:11<2:41:02, 22.01s/it, loss=2.5566][PROFILE rank=0 batch=16]
  data_time      =0.0007s
  to_device_time =0.0022s
  forward_time   =48.2566s
  loss_time      =0.0019s
  backward_time  =1.0225s
  optimizer_time =0.0064s
  batch_time     =49.3431s
  cuda_allocated_gb    =0.122
  cuda_reserved_gb     =9.461
  cuda_max_allocated_gb=8.415

train 1 rank0:   4%|â–Ž         | 16/455 [04:01<2:41:02, 22.01s/it, loss=2.5504]
train 1 rank0:   4%|â–Ž         | 17/455 [04:01<3:40:40, 30.23s/it, loss=2.5504][PROFILE rank=0 batch=17]
  data_time      =0.0006s
  to_device_time =0.0022s
  forward_time   =0.1178s
  loss_time      =0.0017s
  backward_time  =0.1570s
  optimizer_time =0.0066s
  batch_time     =0.2887s
  cuda_allocated_gb    =0.119
  cuda_reserved_gb     =9.461
  cuda_max_allocated_gb=8.432

train 1 rank0:   4%|â–Ž         | 17/455 [04:01<3:40:40, 30.23s/it, loss=2.5475]
train 1 rank0:   4%|â–         | 18/455 [04:01<2:34:39, 21.23s/it, loss=2.5475][PROFILE rank=0 batch=18]
  data_time      =0.0005s
  to_device_time =0.0022s
  forward_time   =0.1192s
  loss_time      =0.0019s
  backward_time  =0.1572s
  optimizer_time =0.0059s
  batch_time     =0.2876s
  cuda_allocated_gb    =0.120
  cuda_reserved_gb     =9.461
  cuda_max_allocated_gb=8.432

train 1 rank0:   4%|â–         | 18/455 [04:01<2:34:39, 21.23s/it, loss=2.4884]
train 1 rank0:   4%|â–         | 19/455 [04:01<1:48:35, 14.94s/it, loss=2.4884][PROFILE rank=0 batch=19]
  data_time      =0.0005s
  to_device_time =0.0022s
  forward_time   =0.1177s
  loss_time      =0.0016s
  backward_time  =0.1585s
  optimizer_time =0.0062s
  batch_time     =0.2878s
  cuda_allocated_gb    =0.121
  cuda_reserved_gb     =9.461
  cuda_max_allocated_gb=8.433

[PROFILE average rank=0 first 20 batches (recorded=20)]
  avg_data_time      =0.0272s
  avg_to_device_time =0.0022s
  avg_forward_time   =9.2658s
  avg_loss_time      =0.0203s
  avg_backward_time  =2.7246s
  avg_optimizer_time =0.0179s
  avg_batch_time     =12.0647s
  estimated_full_epoch_minutes=91.49

train 1 rank0:   4%|â–         | 19/455 [04:01<1:48:35, 14.94s/it, loss=2.5269]
train 1 rank0:   4%|â–         | 20/455 [04:01<1:16:26, 10.54s/it, loss=2.5269]
train 1 rank0:   4%|â–         | 20/455 [04:02<1:16:26, 10.54s/it, loss=2.5380]
train 1 rank0:   5%|â–         | 21/455 [04:02<54:00,  7.47s/it, loss=2.5380]  
train 1 rank0:   5%|â–         | 21/455 [04:02<54:00,  7.47s/it, loss=2.5204]
train 1 rank0:   5%|â–         | 22/455 [04:02<38:19,  5.31s/it, loss=2.5204]
train 1 rank0:   5%|â–         | 22/455 [04:02<38:19,  5.31s/it, loss=2.5345]
train 1 rank0:   5%|â–Œ         | 23/455 [04:02<27:23,  3.80s/it, loss=2.5345]
train 1 rank0:   5%|â–Œ         | 23/455 [04:03<27:23,  3.80s/it, loss=2.5488]
train 1 rank0:   5%|â–Œ         | 24/455 [04:03<19:44,  2.75s/it, loss=2.5488]
train 1 rank0:   5%|â–Œ         | 24/455 [04:03<19:44,  2.75s/it, loss=2.4824]
train 1 rank0:   5%|â–Œ         | 25/455 [04:03<14:25,  2.01s/it, loss=2.4824]
train 1 rank0:   5%|â–Œ         | 25/455 [04:03<14:25,  2.01s/it, loss=2.5923]
train 1 rank0:   6%|â–Œ         | 26/455 [04:03<10:41,  1.49s/it, loss=2.5923]
train 1 rank0:   6%|â–Œ         | 26/455 [04:03<10:41,  1.49s/it, loss=2.5460]
train 1 rank0:   6%|â–Œ         | 27/455 [04:03<08:04,  1.13s/it, loss=2.5460]
train 1 rank0:   6%|â–Œ         | 27/455 [04:04<08:04,  1.13s/it, loss=2.5129]
train 1 rank0:   6%|â–Œ         | 28/455 [04:04<06:15,  1.14it/s, loss=2.5129]
train 1 rank0:   6%|â–Œ         | 28/455 [04:04<06:15,  1.14it/s, loss=2.5574]
train 1 rank0:   6%|â–‹         | 29/455 [04:04<05:01,  1.41it/s, loss=2.5574]
train 1 rank0:   6%|â–‹         | 29/455 [04:04<05:01,  1.41it/s, loss=2.5254]
train 1 rank0:   7%|â–‹         | 30/455 [04:04<04:11,  1.69it/s, loss=2.5254]
                                                                            
/usr/local/lib/python3.12/dist-packages/torch/distributed/c10d_logger.py:83: UserWarning: barrier(): using the device under current context. You can specify `device_id` in `init_process_group` to mute this warning.
  return func(*args, **kwargs)

val:   0%|          | 0/57 [00:00<?, ?it/s]
val:   2%|â–         | 1/57 [00:02<02:11,  2.35s/it]
val:   4%|â–Ž         | 2/57 [00:03<01:14,  1.36s/it]
val:   5%|â–Œ         | 3/57 [00:03<00:56,  1.05s/it]
val:   7%|â–‹         | 4/57 [00:04<00:47,  1.11it/s]
val:   9%|â–‰         | 5/57 [00:05<00:42,  1.22it/s]
val:  11%|â–ˆ         | 6/57 [00:05<00:39,  1.29it/s]
val:  12%|â–ˆâ–        | 7/57 [00:06<00:37,  1.35it/s]
val:  14%|â–ˆâ–        | 8/57 [00:07<00:35,  1.38it/s]
val:  16%|â–ˆâ–Œ        | 9/57 [00:07<00:33,  1.41it/s]
val:  18%|â–ˆâ–Š        | 10/57 [00:08<00:32,  1.43it/s]
                                                    
Epoch 001/015 | loss=2.5424 acc=0.1588 macro_f1=0.1466 | val_loss=2.5331 val_acc=0.1516 val_macro_f1=0.1106 | ckpt_monitor=val_macro_f1:0.1106 best_val_macro_f1=0.1106 best_epoch=1 early_val_macro_f1=0.1106 sec/batch=8.164s cuda_rankmax=8.434GB
          val pred_count: [342, 109, 38, 86, 48, 16, 1]
          checkpoint improvement: best_epoch=1
          early stopping monitor improved
/usr/local/lib/python3.12/dist-packages/torch/distributed/c10d_logger.py:83: UserWarning: barrier(): using the device under current context. You can specify `device_id` in `init_process_group` to mute this warning.
  return func(*args, **kwargs)

train 2 rank0:   0%|          | 0/455 [00:00<?, ?it/s][PROFILE rank=0 batch=0]
  data_time      =0.3395s
  to_device_time =0.0023s
  forward_time   =0.1598s
  loss_time      =0.0089s
  backward_time  =0.1677s
  optimizer_time =0.0074s
  batch_time     =0.3799s
  cuda_allocated_gb    =0.119
  cuda_reserved_gb     =11.916
  cuda_max_allocated_gb=8.434

train 2 rank0:   0%|          | 0/455 [00:00<?, ?it/s, loss=2.5497]
train 2 rank0:   0%|          | 1/455 [00:00<05:28,  1.38it/s, loss=2.5497][PROFILE rank=0 batch=1]
  data_time      =0.0005s
  to_device_time =0.0022s
  forward_time   =0.1210s
  loss_time      =0.0016s
  backward_time  =0.1634s
  optimizer_time =0.0063s
  batch_time     =0.2955s
  cuda_allocated_gb    =0.119
  cuda_reserved_gb     =11.916
  cuda_max_allocated_gb=8.434

train 2 rank0:   0%|          | 1/455 [00:01<05:28,  1.38it/s, loss=2.5202]
train 2 rank0:   0%|          | 2/455 [00:01<03:34,  2.11it/s, loss=2.5202][PROFILE rank=0 batch=2]
  data_time      =0.0005s
  to_device_time =0.0022s
  forward_time   =0.1245s
  loss_time      =0.0015s
  backward_time  =0.1622s
  optimizer_time =0.0117s
  batch_time     =0.3032s
  cuda_allocated_gb    =0.120
  cuda_reserved_gb     =11.916
  cuda_max_allocated_gb=8.434

train 2 rank0:   0%|          | 2/455 [00:01<03:34,  2.11it/s, loss=2.5622]
train 2 rank0:   1%|          | 3/455 [00:01<03:00,  2.51it/s, loss=2.5622][PROFILE rank=0 batch=3]
  data_time      =0.0006s
  to_device_time =0.0022s
  forward_time   =0.1217s
  loss_time      =0.0016s
  backward_time  =0.1618s
  optimizer_time =0.0061s
  batch_time     =0.2947s
  cuda_allocated_gb    =0.121
  cuda_reserved_gb     =11.916
  cuda_max_allocated_gb=8.434

train 2 rank0:   1%|          | 3/455 [00:01<03:00,  2.51it/s, loss=2.5997]
train 2 rank0:   1%|          | 4/455 [00:01<02:41,  2.78it/s, loss=2.5997][PROFILE rank=0 batch=4]
  data_time      =0.0005s
  to_device_time =0.0022s
  forward_time   =0.1244s
  loss_time      =0.0016s
  backward_time  =0.1635s
  optimizer_time =0.0061s
  batch_time     =0.2989s
  cuda_allocated_gb    =0.120
  cuda_reserved_gb     =11.916
  cuda_max_allocated_gb=8.434

train 2 rank0:   1%|          | 4/455 [00:01<02:41,  2.78it/s, loss=2.5549]
train 2 rank0:   1%|          | 5/455 [00:01<02:32,  2.95it/s, loss=2.5549][PROFILE rank=0 batch=5]
  data_time      =0.0006s
  to_device_time =0.0022s
  forward_time   =0.1233s
  loss_time      =0.0016s
  backward_time  =0.1637s
  optimizer_time =0.0064s
  batch_time     =0.2982s
  cuda_allocated_gb    =0.120
  cuda_reserved_gb     =11.916
  cuda_max_allocated_gb=8.434

train 2 rank0:   1%|          | 5/455 [00:02<02:32,  2.95it/s, loss=2.5194]
train 2 rank0:   1%|â–         | 6/455 [00:02<02:26,  3.06it/s, loss=2.5194][PROFILE rank=0 batch=6]
  data_time      =0.0006s
  to_device_time =0.0022s
  forward_time   =0.1220s
  loss_time      =0.0015s
  backward_time  =0.1612s
  optimizer_time =0.0060s
  batch_time     =0.2939s
  cuda_allocated_gb    =0.119
  cuda_reserved_gb     =11.916
  cuda_max_allocated_gb=8.434

train 2 rank0:   1%|â–         | 6/455 [00:02<02:26,  3.06it/s, loss=2.5262]
train 2 rank0:   2%|â–         | 7/455 [00:02<02:21,  3.16it/s, loss=2.5262][PROFILE rank=0 batch=7]
  data_time      =0.0025s
  to_device_time =0.0022s
  forward_time   =0.1226s
  loss_time      =0.0016s
  backward_time  =0.1618s
  optimizer_time =0.0061s
  batch_time     =0.2955s
  cuda_allocated_gb    =0.120
  cuda_reserved_gb     =11.916
  cuda_max_allocated_gb=8.434

train 2 rank0:   2%|â–         | 7/455 [00:02<02:21,  3.16it/s, loss=2.5672]
train 2 rank0:   2%|â–         | 8/455 [00:02<02:19,  3.21it/s, loss=2.5672][PROFILE rank=0 batch=8]
  data_time      =0.0005s
  to_device_time =0.0022s
  forward_time   =0.8361s
  loss_time      =0.0019s
  backward_time  =0.1616s
  optimizer_time =0.0073s
  batch_time     =1.0102s
  cuda_allocated_gb    =0.120
  cuda_reserved_gb     =11.916
  cuda_max_allocated_gb=8.434

train 2 rank0:   2%|â–         | 8/455 [00:03<02:19,  3.21it/s, loss=2.5146]
train 2 rank0:   2%|â–         | 9/455 [00:03<03:56,  1.88it/s, loss=2.5146][PROFILE rank=0 batch=9]
  data_time      =0.0004s
  to_device_time =0.0022s
  forward_time   =0.1230s
  loss_time      =0.0017s
  backward_time  =0.1621s
  optimizer_time =0.0064s
  batch_time     =0.2964s
  cuda_allocated_gb    =0.120
  cuda_reserved_gb     =11.916
  cuda_max_allocated_gb=8.434

train 2 rank0:   2%|â–         | 9/455 [00:04<03:56,  1.88it/s, loss=2.5279]
train 2 rank0:   2%|â–         | 10/455 [00:04<03:24,  2.17it/s, loss=2.5279][PROFILE rank=0 batch=10]
  data_time      =0.0006s
  to_device_time =0.0021s
  forward_time   =0.1247s
  loss_time      =0.0018s
  backward_time  =0.1608s
  optimizer_time =0.0065s
  batch_time     =0.2971s
  cuda_allocated_gb    =0.119
  cuda_reserved_gb     =11.916
  cuda_max_allocated_gb=8.434

train 2 rank0:   2%|â–         | 10/455 [00:04<03:24,  2.17it/s, loss=2.5055]
train 2 rank0:   2%|â–         | 11/455 [00:04<03:02,  2.43it/s, loss=2.5055][PROFILE rank=0 batch=11]
  data_time      =0.0006s
  to_device_time =0.0022s
  forward_time   =0.1227s
  loss_time      =0.0015s
  backward_time  =0.1628s
  optimizer_time =0.0063s
  batch_time     =0.2966s
  cuda_allocated_gb    =0.120
  cuda_reserved_gb     =11.916
  cuda_max_allocated_gb=8.434

train 2 rank0:   2%|â–         | 11/455 [00:04<03:02,  2.43it/s, loss=2.5532]
train 2 rank0:   3%|â–Ž         | 12/455 [00:04<02:47,  2.65it/s, loss=2.5532][PROFILE rank=0 batch=12]
  data_time      =0.0006s
  to_device_time =0.0022s
  forward_time   =0.1284s
  loss_time      =0.0023s
  backward_time  =0.1829s
  optimizer_time =0.0073s
  batch_time     =0.3257s
  cuda_allocated_gb    =0.120
  cuda_reserved_gb     =11.916
  cuda_max_allocated_gb=8.434

train 2 rank0:   3%|â–Ž         | 12/455 [00:05<02:47,  2.65it/s, loss=2.5588]
train 2 rank0:   3%|â–Ž         | 13/455 [00:05<02:40,  2.75it/s, loss=2.5588][PROFILE rank=0 batch=13]
  data_time      =0.0006s
  to_device_time =0.0022s
  forward_time   =0.1284s
  loss_time      =0.0028s
  backward_time  =0.1700s
  optimizer_time =0.0066s
  batch_time     =0.3128s
  cuda_allocated_gb    =0.120
  cuda_reserved_gb     =11.916
  cuda_max_allocated_gb=8.434

train 2 rank0:   3%|â–Ž         | 13/455 [00:05<02:40,  2.75it/s, loss=2.5472]
train 2 rank0:   3%|â–Ž         | 14/455 [00:05<02:33,  2.86it/s, loss=2.5472][PROFILE rank=0 batch=14]
  data_time      =0.0036s
  to_device_time =0.0021s
  forward_time   =0.1220s
  loss_time      =0.0016s
  backward_time  =0.1632s
  optimizer_time =0.0062s
  batch_time     =0.2964s
  cuda_allocated_gb    =0.119
  cuda_reserved_gb     =11.916
  cuda_max_allocated_gb=8.434

train 2 rank0:   3%|â–Ž         | 14/455 [00:05<02:33,  2.86it/s, loss=2.5335]
train 2 rank0:   3%|â–Ž         | 15/455 [00:05<02:27,  2.98it/s, loss=2.5335][PROFILE rank=0 batch=15]
  data_time      =0.0005s
  to_device_time =0.0014s
  forward_time   =0.0930s
  loss_time      =0.0016s
  backward_time  =0.1057s
  optimizer_time =0.0059s
  batch_time     =0.2087s
  cuda_allocated_gb    =0.090
  cuda_reserved_gb     =11.916
  cuda_max_allocated_gb=8.434

train 2 rank0:   3%|â–Ž         | 15/455 [00:05<02:27,  2.98it/s, loss=2.5786]
train 2 rank0:   4%|â–Ž         | 16/455 [00:05<02:10,  3.35it/s, loss=2.5786][PROFILE rank=0 batch=16]
  data_time      =0.0006s
  to_device_time =0.0021s
  forward_time   =0.1229s
  loss_time      =0.0016s
  backward_time  =0.1622s
  optimizer_time =0.0061s
  batch_time     =0.2967s
  cuda_allocated_gb    =0.122
  cuda_reserved_gb     =11.916
  cuda_max_allocated_gb=8.434

train 2 rank0:   4%|â–Ž         | 16/455 [00:06<02:10,  3.35it/s, loss=2.5335]
train 2 rank0:   4%|â–Ž         | 17/455 [00:06<02:10,  3.35it/s, loss=2.5335][PROFILE rank=0 batch=17]
  data_time      =0.0006s
  to_device_time =0.0021s
  forward_time   =0.1238s
  loss_time      =0.0016s
  backward_time  =0.1620s
  optimizer_time =0.0071s
  batch_time     =0.2978s
  cuda_allocated_gb    =0.119
  cuda_reserved_gb     =11.916
  cuda_max_allocated_gb=8.434

train 2 rank0:   4%|â–Ž         | 17/455 [00:06<02:10,  3.35it/s, loss=2.5197]
train 2 rank0:   4%|â–         | 18/455 [00:06<02:10,  3.34it/s, loss=2.5197][PROFILE rank=0 batch=18]
  data_time      =0.0006s
  to_device_time =0.0022s
  forward_time   =0.1251s
  loss_time      =0.0019s
  backward_time  =0.1625s
  optimizer_time =0.0072s
  batch_time     =0.3001s
  cuda_allocated_gb    =0.120
  cuda_reserved_gb     =11.916
  cuda_max_allocated_gb=8.434

train 2 rank0:   4%|â–         | 18/455 [00:06<02:10,  3.34it/s, loss=2.4930]
train 2 rank0:   4%|â–         | 19/455 [00:06<02:11,  3.32it/s, loss=2.4930][PROFILE rank=0 batch=19]
  data_time      =0.0024s
  to_device_time =0.0022s
  forward_time   =0.1216s
  loss_time      =0.0016s
  backward_time  =0.1627s
  optimizer_time =0.0060s
  batch_time     =0.2960s
  cuda_allocated_gb    =0.121
  cuda_reserved_gb     =11.916
  cuda_max_allocated_gb=8.434

[PROFILE average rank=0 first 20 batches (recorded=20)]
  avg_data_time      =0.0178s
  avg_to_device_time =0.0021s
  avg_forward_time   =0.1596s
  avg_loss_time      =0.0021s
  avg_backward_time  =0.1612s
  avg_optimizer_time =0.0067s
  avg_batch_time     =0.3347s
  estimated_full_epoch_minutes=2.54

train 2 rank0:   4%|â–         | 19/455 [00:07<02:11,  3.32it/s, loss=2.5383]
train 2 rank0:   4%|â–         | 20/455 [00:07<02:11,  3.32it/s, loss=2.5383]
train 2 rank0:   4%|â–         | 20/455 [00:07<02:11,  3.32it/s, loss=2.5370]
train 2 rank0:   5%|â–         | 21/455 [00:07<02:10,  3.33it/s, loss=2.5370]
train 2 rank0:   5%|â–         | 21/455 [00:07<02:10,  3.33it/s, loss=2.5509]
train 2 rank0:   5%|â–         | 22/455 [00:07<02:10,  3.33it/s, loss=2.5509]
train 2 rank0:   5%|â–         | 22/455 [00:08<02:10,  3.33it/s, loss=2.5686]
train 2 rank0:   5%|â–Œ         | 23/455 [00:08<02:09,  3.33it/s, loss=2.5686]
train 2 rank0:   5%|â–Œ         | 23/455 [00:08<02:09,  3.33it/s, loss=2.5425]
train 2 rank0:   5%|â–Œ         | 24/455 [00:08<02:09,  3.32it/s, loss=2.5425]
train 2 rank0:   5%|â–Œ         | 24/455 [00:08<02:09,  3.32it/s, loss=2.5243]
train 2 rank0:   5%|â–Œ         | 25/455 [00:08<02:09,  3.32it/s, loss=2.5243]
train 2 rank0:   5%|â–Œ         | 25/455 [00:08<02:09,  3.32it/s, loss=2.5093]
train 2 rank0:   6%|â–Œ         | 26/455 [00:08<02:09,  3.31it/s, loss=2.5093]
train 2 rank0:   6%|â–Œ         | 26/455 [00:09<02:09,  3.31it/s, loss=2.5255]
train 2 rank0:   6%|â–Œ         | 27/455 [00:09<02:09,  3.31it/s, loss=2.5255]
train 2 rank0:   6%|â–Œ         | 27/455 [00:09<02:09,  3.31it/s, loss=2.5565]
train 2 rank0:   6%|â–Œ         | 28/455 [00:09<02:09,  3.31it/s, loss=2.5565]
train 2 rank0:   6%|â–Œ         | 28/455 [00:09<02:09,  3.31it/s, loss=2.5451]
train 2 rank0:   6%|â–‹         | 29/455 [00:09<02:13,  3.19it/s, loss=2.5451]
train 2 rank0:   6%|â–‹         | 29/455 [00:10<02:13,  3.19it/s, loss=2.5449]
train 2 rank0:   7%|â–‹         | 30/455 [00:10<02:19,  3.05it/s, loss=2.5449]
                                                                            
/usr/local/lib/python3.12/dist-packages/torch/distributed/c10d_logger.py:83: UserWarning: barrier(): using the device under current context. You can specify `device_id` in `init_process_group` to mute this warning.
  return func(*args, **kwargs)

val:   0%|          | 0/57 [00:00<?, ?it/s]
val:   2%|â–         | 1/57 [00:00<00:55,  1.02it/s]
val:   4%|â–Ž         | 2/57 [00:01<00:44,  1.23it/s]
val:   5%|â–Œ         | 3/57 [00:02<00:40,  1.32it/s]
val:   7%|â–‹         | 4/57 [00:03<00:38,  1.37it/s]
val:   9%|â–‰         | 5/57 [00:03<00:37,  1.40it/s]
val:  11%|â–ˆ         | 6/57 [00:04<00:36,  1.41it/s]
val:  12%|â–ˆâ–        | 7/57 [00:05<00:35,  1.43it/s]
val:  14%|â–ˆâ–        | 8/57 [00:05<00:34,  1.43it/s]
val:  16%|â–ˆâ–Œ        | 9/57 [00:06<00:33,  1.44it/s]
val:  18%|â–ˆâ–Š        | 10/57 [00:07<00:32,  1.44it/s]
                                                    
Epoch 002/015 | loss=2.5400 acc=0.1498 macro_f1=0.1404 | val_loss=2.5331 val_acc=0.1313 val_macro_f1=0.0941 | ckpt_monitor=val_macro_f1:0.0941 best_val_macro_f1=0.1106 best_epoch=1 early_val_macro_f1=0.1106 sec/batch=0.343s cuda_rankmax=8.434GB
          val pred_count: [357, 115, 56, 68, 15, 29, 0]
          no improvement: 1/12
/usr/local/lib/python3.12/dist-packages/torch/distributed/c10d_logger.py:83: UserWarning: barrier(): using the device under current context. You can specify `device_id` in `init_process_group` to mute this warning.
  return func(*args, **kwargs)

train 3 rank0:   0%|          | 0/455 [00:00<?, ?it/s][PROFILE rank=0 batch=0]
  data_time      =0.2606s
  to_device_time =0.0022s
  forward_time   =0.1564s
  loss_time      =0.0027s
  backward_time  =0.1695s
  optimizer_time =0.0064s
  batch_time     =0.3849s
  cuda_allocated_gb    =0.119
  cuda_reserved_gb     =11.916
  cuda_max_allocated_gb=8.434

train 3 rank0:   0%|          | 0/455 [00:00<?, ?it/s, loss=2.5468]
train 3 rank0:   0%|          | 1/455 [00:00<04:54,  1.54it/s, loss=2.5468][PROFILE rank=0 batch=1]
  data_time      =0.0005s
  to_device_time =0.0022s
  forward_time   =0.1255s
  loss_time      =0.0016s
  backward_time  =0.1691s
  optimizer_time =0.0064s
  batch_time     =0.3060s
  cuda_allocated_gb    =0.119
  cuda_reserved_gb     =11.916
  cuda_max_allocated_gb=8.434

train 3 rank0:   0%|          | 1/455 [00:00<04:54,  1.54it/s, loss=2.5859]
train 3 rank0:   0%|          | 2/455 [00:00<03:23,  2.23it/s, loss=2.5859][PROFILE rank=0 batch=2]
  data_time      =0.0006s
  to_device_time =0.0022s
  forward_time   =0.1289s
  loss_time      =0.0016s
  backward_time  =0.1677s
  optimizer_time =0.0062s
  batch_time     =0.3076s
  cuda_allocated_gb    =0.120
  cuda_reserved_gb     =11.916
  cuda_max_allocated_gb=8.434

train 3 rank0:   0%|          | 2/455 [00:01<03:23,  2.23it/s, loss=2.4892]
train 3 rank0:   1%|          | 3/455 [00:01<02:54,  2.59it/s, loss=2.4892][PROFILE rank=0 batch=3]
  data_time      =0.0005s
  to_device_time =0.0022s
  forward_time   =0.1262s
  loss_time      =0.0016s
  backward_time  =0.1712s
  optimizer_time =0.0064s
  batch_time     =0.3087s
  cuda_allocated_gb    =0.121
  cuda_reserved_gb     =11.916
  cuda_max_allocated_gb=8.434

train 3 rank0:   1%|          | 3/455 [00:01<02:54,  2.59it/s, loss=2.5472]
train 3 rank0:   1%|          | 4/455 [00:01<02:40,  2.80it/s, loss=2.5472][PROFILE rank=0 batch=4]
  data_time      =0.0005s
  to_device_time =0.0021s
  forward_time   =0.1281s
  loss_time      =0.0016s
  backward_time  =0.1672s
  optimizer_time =0.0061s
  batch_time     =0.3062s
  cuda_allocated_gb    =0.120
  cuda_reserved_gb     =11.916
  cuda_max_allocated_gb=8.434

train 3 rank0:   1%|          | 4/455 [00:01<02:40,  2.80it/s, loss=2.5645]
train 3 rank0:   1%|          | 5/455 [00:01<02:32,  2.94it/s, loss=2.5645][PROFILE rank=0 batch=5]
  data_time      =0.0005s
  to_device_time =0.0021s
  forward_time   =0.1289s
  loss_time      =0.0016s
  backward_time  =0.1681s
  optimizer_time =0.0066s
  batch_time     =0.3082s
  cuda_allocated_gb    =0.120
  cuda_reserved_gb     =11.916
  cuda_max_allocated_gb=8.434

train 3 rank0:   1%|          | 5/455 [00:02<02:32,  2.94it/s, loss=2.5498]
train 3 rank0:   1%|â–         | 6/455 [00:02<02:28,  3.03it/s, loss=2.5498][PROFILE rank=0 batch=6]
  data_time      =0.0005s
  to_device_time =0.0021s
  forward_time   =0.1261s
  loss_time      =0.0017s
  backward_time  =0.1705s
  optimizer_time =0.0082s
  batch_time     =0.3097s
  cuda_allocated_gb    =0.119
  cuda_reserved_gb     =11.916
  cuda_max_allocated_gb=8.434

train 3 rank0:   1%|â–         | 6/455 [00:02<02:28,  3.03it/s, loss=2.5656]
train 3 rank0:   2%|â–         | 7/455 [00:02<02:25,  3.08it/s, loss=2.5656][PROFILE rank=0 batch=7]
  data_time      =0.0003s
  to_device_time =0.0021s
  forward_time   =0.1259s
  loss_time      =0.0017s
  backward_time  =0.1681s
  optimizer_time =0.0061s
  batch_time     =0.3050s
  cuda_allocated_gb    =0.120
  cuda_reserved_gb     =11.916
  cuda_max_allocated_gb=8.434

train 3 rank0:   2%|â–         | 7/455 [00:02<02:25,  3.08it/s, loss=2.5709]
train 3 rank0:   2%|â–         | 8/455 [00:02<02:22,  3.13it/s, loss=2.5709][PROFILE rank=0 batch=8]
  data_time      =0.0005s
  to_device_time =0.0022s
  forward_time   =0.1310s
  loss_time      =0.0016s
  backward_time  =0.1697s
  optimizer_time =0.0063s
  batch_time     =0.3118s
  cuda_allocated_gb    =0.120
  cuda_reserved_gb     =11.916
  cuda_max_allocated_gb=8.434

train 3 rank0:   2%|â–         | 8/455 [00:03<02:22,  3.13it/s, loss=2.5305]
train 3 rank0:   2%|â–         | 9/455 [00:03<02:21,  3.14it/s, loss=2.5305][PROFILE rank=0 batch=9]
  data_time      =0.0006s
  to_device_time =0.0022s
  forward_time   =0.1185s
  loss_time      =0.0017s
  backward_time  =0.1663s
  optimizer_time =0.0059s
  batch_time     =0.3011s
  cuda_allocated_gb    =0.120
  cuda_reserved_gb     =11.916
  cuda_max_allocated_gb=8.434

train 3 rank0:   2%|â–         | 9/455 [00:03<02:21,  3.14it/s, loss=2.5763]
train 3 rank0:   2%|â–         | 10/455 [00:03<02:19,  3.18it/s, loss=2.5763][PROFILE rank=0 batch=10]
  data_time      =0.0006s
  to_device_time =0.0022s
  forward_time   =0.1265s
  loss_time      =0.0016s
  backward_time  =0.1659s
  optimizer_time =0.0065s
  batch_time     =0.3038s
  cuda_allocated_gb    =0.119
  cuda_reserved_gb     =11.916
  cuda_max_allocated_gb=8.434

train 3 rank0:   2%|â–         | 10/455 [00:03<02:19,  3.18it/s, loss=2.5496]
train 3 rank0:   2%|â–         | 11/455 [00:03<02:18,  3.20it/s, loss=2.5496][PROFILE rank=0 batch=11]
  data_time      =0.0004s
  to_device_time =0.0023s
  forward_time   =0.1276s
  loss_time      =0.0017s
  backward_time  =0.1663s
  optimizer_time =0.0059s
  batch_time     =0.3050s
  cuda_allocated_gb    =0.120
  cuda_reserved_gb     =11.916
  cuda_max_allocated_gb=8.434

train 3 rank0:   2%|â–         | 11/455 [00:04<02:18,  3.20it/s, loss=2.5322]
train 3 rank0:   3%|â–Ž         | 12/455 [00:04<02:17,  3.22it/s, loss=2.5322][PROFILE rank=0 batch=12]
  data_time      =0.0006s
  to_device_time =0.0022s
  forward_time   =0.1350s
  loss_time      =0.0034s
  backward_time  =0.1779s
  optimizer_time =0.0097s
  batch_time     =0.3296s
  cuda_allocated_gb    =0.120
  cuda_reserved_gb     =11.916
  cuda_max_allocated_gb=8.434

train 3 rank0:   3%|â–Ž         | 12/455 [00:04<02:17,  3.22it/s, loss=2.5596]
train 3 rank0:   3%|â–Ž         | 13/455 [00:04<02:20,  3.14it/s, loss=2.5596][PROFILE rank=0 batch=13]
  data_time      =0.0005s
  to_device_time =0.0022s
  forward_time   =0.1348s
  loss_time      =0.0026s
  backward_time  =0.2037s
  optimizer_time =0.0106s
  batch_time     =0.3673s
  cuda_allocated_gb    =0.120
  cuda_reserved_gb     =11.916
  cuda_max_allocated_gb=8.434

train 3 rank0:   3%|â–Ž         | 13/455 [00:04<02:20,  3.14it/s, loss=2.5562]
train 3 rank0:   3%|â–Ž         | 14/455 [00:04<02:27,  2.99it/s, loss=2.5562][PROFILE rank=0 batch=14]
  data_time      =0.0005s
  to_device_time =0.0022s
  forward_time   =0.1400s
  loss_time      =0.0018s
  backward_time  =0.1747s
  optimizer_time =0.0064s
  batch_time     =0.3282s
  cuda_allocated_gb    =0.119
  cuda_reserved_gb     =11.916
  cuda_max_allocated_gb=8.434

train 3 rank0:   3%|â–Ž         | 14/455 [00:05<02:27,  2.99it/s, loss=2.5606]
train 3 rank0:   3%|â–Ž         | 15/455 [00:05<02:26,  3.00it/s, loss=2.5606][PROFILE rank=0 batch=15]
  data_time      =0.0005s
  to_device_time =0.0014s
  forward_time   =0.0906s
  loss_time      =0.0016s
  backward_time  =0.1143s
  optimizer_time =0.0064s
  batch_time     =0.2154s
  cuda_allocated_gb    =0.090
  cuda_reserved_gb     =11.916
  cuda_max_allocated_gb=8.434

train 3 rank0:   3%|â–Ž         | 15/455 [00:05<02:26,  3.00it/s, loss=2.5828]
train 3 rank0:   4%|â–Ž         | 16/455 [00:05<02:11,  3.34it/s, loss=2.5828][PROFILE rank=0 batch=16]
  data_time      =0.0005s
  to_device_time =0.0022s
  forward_time   =0.1262s
  loss_time      =0.0017s
  backward_time  =0.1701s
  optimizer_time =0.0063s
  batch_time     =0.3076s
  cuda_allocated_gb    =0.122
  cuda_reserved_gb     =11.916
  cuda_max_allocated_gb=8.434

train 3 rank0:   4%|â–Ž         | 16/455 [00:05<02:11,  3.34it/s, loss=2.5007]
train 3 rank0:   4%|â–Ž         | 17/455 [00:05<02:12,  3.30it/s, loss=2.5007][PROFILE rank=0 batch=17]
  data_time      =0.0006s
  to_device_time =0.0022s
  forward_time   =0.1292s
  loss_time      =0.0017s
  backward_time  =0.1666s
  optimizer_time =0.0062s
  batch_time     =0.3071s
  cuda_allocated_gb    =0.119
  cuda_reserved_gb     =11.916
  cuda_max_allocated_gb=8.434

train 3 rank0:   4%|â–Ž         | 17/455 [00:05<02:12,  3.30it/s, loss=2.5347]
train 3 rank0:   4%|â–         | 18/455 [00:05<02:13,  3.28it/s, loss=2.5347][PROFILE rank=0 batch=18]
  data_time      =0.0005s
  to_device_time =0.0022s
  forward_time   =0.1288s
  loss_time      =0.0017s
  backward_time  =0.1705s
  optimizer_time =0.0062s
  batch_time     =0.3105s
  cuda_allocated_gb    =0.120
  cuda_reserved_gb     =11.916
  cuda_max_allocated_gb=8.434

train 3 rank0:   4%|â–         | 18/455 [00:06<02:13,  3.28it/s, loss=2.5090]
train 3 rank0:   4%|â–         | 19/455 [00:06<02:14,  3.25it/s, loss=2.5090][PROFILE rank=0 batch=19]
  data_time      =0.0005s
  to_device_time =0.0022s
  forward_time   =0.1295s
  loss_time      =0.0015s
  backward_time  =0.1675s
  optimizer_time =0.0061s
  batch_time     =0.3080s
  cuda_allocated_gb    =0.121
  cuda_reserved_gb     =11.916
  cuda_max_allocated_gb=8.434

[PROFILE average rank=0 first 20 batches (recorded=20)]
  avg_data_time      =0.0135s
  avg_to_device_time =0.0021s
  avg_forward_time   =0.1282s
  avg_loss_time      =0.0018s
  avg_backward_time  =0.1682s
  avg_optimizer_time =0.0067s
  avg_batch_time     =0.3116s
  estimated_full_epoch_minutes=2.36

train 3 rank0:   4%|â–         | 19/455 [00:06<02:14,  3.25it/s, loss=2.5239]
train 3 rank0:   4%|â–         | 20/455 [00:06<02:14,  3.24it/s, loss=2.5239]
train 3 rank0:   4%|â–         | 20/455 [00:06<02:14,  3.24it/s, loss=2.5311]
train 3 rank0:   5%|â–         | 21/455 [00:06<02:13,  3.24it/s, loss=2.5311]
train 3 rank0:   5%|â–         | 21/455 [00:07<02:13,  3.24it/s, loss=2.5419]
train 3 rank0:   5%|â–         | 22/455 [00:07<02:14,  3.23it/s, loss=2.5419]
train 3 rank0:   5%|â–         | 22/455 [00:07<02:14,  3.23it/s, loss=2.5329]
train 3 rank0:   5%|â–Œ         | 23/455 [00:07<02:15,  3.20it/s, loss=2.5329]
train 3 rank0:   5%|â–Œ         | 23/455 [00:07<02:15,  3.20it/s, loss=2.5512]
train 3 rank0:   5%|â–Œ         | 24/455 [00:07<02:14,  3.20it/s, loss=2.5512]
train 3 rank0:   5%|â–Œ         | 24/455 [00:08<02:14,  3.20it/s, loss=2.5857]
train 3 rank0:   5%|â–Œ         | 25/455 [00:08<02:13,  3.22it/s, loss=2.5857]
train 3 rank0:   5%|â–Œ         | 25/455 [00:08<02:13,  3.22it/s, loss=2.5427]
train 3 rank0:   6%|â–Œ         | 26/455 [00:08<02:13,  3.22it/s, loss=2.5427]
train 3 rank0:   6%|â–Œ         | 26/455 [00:08<02:13,  3.22it/s, loss=2.5735]
train 3 rank0:   6%|â–Œ         | 27/455 [00:08<02:13,  3.21it/s, loss=2.5735]
train 3 rank0:   6%|â–Œ         | 27/455 [00:09<02:13,  3.21it/s, loss=2.5333]
train 3 rank0:   6%|â–Œ         | 28/455 [00:09<02:12,  3.22it/s, loss=2.5333]
train 3 rank0:   6%|â–Œ         | 28/455 [00:09<02:12,  3.22it/s, loss=2.5203]
train 3 rank0:   6%|â–‹         | 29/455 [00:09<02:14,  3.16it/s, loss=2.5203]
train 3 rank0:   6%|â–‹         | 29/455 [00:09<02:14,  3.16it/s, loss=2.5581]
train 3 rank0:   7%|â–‹         | 30/455 [00:09<02:15,  3.13it/s, loss=2.5581]
                                                                            
/usr/local/lib/python3.12/dist-packages/torch/distributed/c10d_logger.py:83: UserWarning: barrier(): using the device under current context. You can specify `device_id` in `init_process_group` to mute this warning.
  return func(*args, **kwargs)

val:   0%|          | 0/57 [00:00<?, ?it/s]
val:   2%|â–         | 1/57 [00:00<00:49,  1.12it/s]
val:   4%|â–Ž         | 2/57 [00:01<00:42,  1.28it/s]
val:   5%|â–Œ         | 3/57 [00:02<00:40,  1.35it/s]
val:   7%|â–‹         | 4/57 [00:02<00:38,  1.37it/s]
val:   9%|â–‰         | 5/57 [00:03<00:37,  1.39it/s]
val:  11%|â–ˆ         | 6/57 [00:04<00:36,  1.39it/s]
val:  12%|â–ˆâ–        | 7/57 [00:05<00:35,  1.40it/s]
val:  14%|â–ˆâ–        | 8/57 [00:05<00:34,  1.40it/s]
val:  16%|â–ˆâ–Œ        | 9/57 [00:06<00:34,  1.40it/s]
val:  18%|â–ˆâ–Š        | 10/57 [00:07<00:33,  1.41it/s]
                                                    
Epoch 003/015 | loss=2.5439 acc=0.1382 macro_f1=0.1289 | val_loss=2.5331 val_acc=0.1594 val_macro_f1=0.1093 | ckpt_monitor=val_macro_f1:0.1093 best_val_macro_f1=0.1106 best_epoch=1 early_val_macro_f1=0.1106 sec/batch=0.324s cuda_rankmax=8.434GB
          val pred_count: [396, 98, 44, 42, 41, 18, 1]
          no improvement: 2/12
/usr/local/lib/python3.12/dist-packages/torch/distributed/c10d_logger.py:83: UserWarning: barrier(): using the device under current context. You can specify `device_id` in `init_process_group` to mute this warning.
  return func(*args, **kwargs)

train 4 rank0:   0%|          | 0/455 [00:00<?, ?it/s][PROFILE rank=0 batch=0]
  data_time      =0.3558s
  to_device_time =0.0035s
  forward_time   =0.1307s
  loss_time      =0.0014s
  backward_time  =0.1754s
  optimizer_time =0.0065s
  batch_time     =0.3200s
  cuda_allocated_gb    =0.119
  cuda_reserved_gb     =11.916
  cuda_max_allocated_gb=8.434

train 4 rank0:   0%|          | 0/455 [00:00<?, ?it/s, loss=2.5763]
train 4 rank0:   0%|          | 1/455 [00:00<05:08,  1.47it/s, loss=2.5763][PROFILE rank=0 batch=1]
  data_time      =0.0005s
  to_device_time =0.0022s
  forward_time   =0.1325s
  loss_time      =0.0016s
  backward_time  =0.1742s
  optimizer_time =0.0064s
  batch_time     =0.3179s
  cuda_allocated_gb    =0.119
  cuda_reserved_gb     =11.916
  cuda_max_allocated_gb=8.434

train 4 rank0:   0%|          | 1/455 [00:01<05:08,  1.47it/s, loss=2.5343]
train 4 rank0:   0%|          | 2/455 [00:01<03:32,  2.13it/s, loss=2.5343][PROFILE rank=0 batch=2]
  data_time      =0.0006s
  to_device_time =0.0022s
  forward_time   =0.1322s
  loss_time      =0.0016s
  backward_time  =0.1728s
  optimizer_time =0.0067s
  batch_time     =0.3166s
  cuda_allocated_gb    =0.120
  cuda_reserved_gb     =11.916
  cuda_max_allocated_gb=8.434

train 4 rank0:   0%|          | 2/455 [00:01<03:32,  2.13it/s, loss=2.5359]
train 4 rank0:   1%|          | 3/455 [00:01<03:01,  2.49it/s, loss=2.5359][PROFILE rank=0 batch=3]
  data_time      =0.0004s
  to_device_time =0.0022s
  forward_time   =0.1320s
  loss_time      =0.0016s
  backward_time  =0.1759s
  optimizer_time =0.0060s
  batch_time     =0.3188s
  cuda_allocated_gb    =0.121
  cuda_reserved_gb     =11.916
  cuda_max_allocated_gb=8.434

train 4 rank0:   1%|          | 3/455 [00:01<03:01,  2.49it/s, loss=2.5699]
train 4 rank0:   1%|          | 4/455 [00:01<02:46,  2.70it/s, loss=2.5699][PROFILE rank=0 batch=4]
  data_time      =0.0006s
  to_device_time =0.0022s
  forward_time   =0.1344s
  loss_time      =0.0017s
  backward_time  =0.1750s
  optimizer_time =0.0063s
  batch_time     =0.3206s
  cuda_allocated_gb    =0.120
  cuda_reserved_gb     =11.916
  cuda_max_allocated_gb=8.434

train 4 rank0:   1%|          | 4/455 [00:01<02:46,  2.70it/s, loss=2.4980]
train 4 rank0:   1%|          | 5/455 [00:01<02:39,  2.83it/s, loss=2.4980][PROFILE rank=0 batch=5]
  data_time      =0.0006s
  to_device_time =0.0022s
  forward_time   =0.1324s
  loss_time      =0.0016s
  backward_time  =0.1772s
  optimizer_time =0.0065s
  batch_time     =0.3209s
  cuda_allocated_gb    =0.120
  cuda_reserved_gb     =11.916
  cuda_max_allocated_gb=8.434

train 4 rank0:   1%|          | 5/455 [00:02<02:39,  2.83it/s, loss=2.5572]
train 4 rank0:   1%|â–         | 6/455 [00:02<02:34,  2.91it/s, loss=2.5572][PROFILE rank=0 batch=6]
  data_time      =0.0006s
  to_device_time =0.0022s
  forward_time   =0.1366s
  loss_time      =0.0017s
  backward_time  =0.1740s
  optimizer_time =0.0075s
  batch_time     =0.3232s
  cuda_allocated_gb    =0.119
  cuda_reserved_gb     =11.916
  cuda_max_allocated_gb=8.434

train 4 rank0:   1%|â–         | 6/455 [00:02<02:34,  2.91it/s, loss=2.5391]
train 4 rank0:   2%|â–         | 7/455 [00:02<02:31,  2.95it/s, loss=2.5391][PROFILE rank=0 batch=7]
  data_time      =0.0004s
  to_device_time =0.0022s
  forward_time   =0.1320s
  loss_time      =0.0017s
  backward_time  =0.1750s
  optimizer_time =0.0063s
  batch_time     =0.3184s
  cuda_allocated_gb    =0.120
  cuda_reserved_gb     =11.916
  cuda_max_allocated_gb=8.434

train 4 rank0:   2%|â–         | 7/455 [00:02<02:31,  2.95it/s, loss=2.5668]
train 4 rank0:   2%|â–         | 8/455 [00:02<02:28,  3.00it/s, loss=2.5668][PROFILE rank=0 batch=8]
  data_time      =0.0005s
  to_device_time =0.0022s
  forward_time   =0.1348s
  loss_time      =0.0017s
  backward_time  =0.1739s
  optimizer_time =0.0063s
  batch_time     =0.3200s
  cuda_allocated_gb    =0.120
  cuda_reserved_gb     =11.916
  cuda_max_allocated_gb=8.434

train 4 rank0:   2%|â–         | 8/455 [00:03<02:28,  3.00it/s, loss=2.5502]
train 4 rank0:   2%|â–         | 9/455 [00:03<02:27,  3.03it/s, loss=2.5502][PROFILE rank=0 batch=9]
  data_time      =0.0004s
  to_device_time =0.0022s
  forward_time   =0.1331s
  loss_time      =0.0016s
  backward_time  =0.1721s
  optimizer_time =0.0063s
  batch_time     =0.3260s
  cuda_allocated_gb    =0.120
  cuda_reserved_gb     =11.916
  cuda_max_allocated_gb=8.434

train 4 rank0:   2%|â–         | 9/455 [00:03<02:27,  3.03it/s, loss=2.5426]
train 4 rank0:   2%|â–         | 10/455 [00:03<02:26,  3.03it/s, loss=2.5426][PROFILE rank=0 batch=10]
  data_time      =0.0006s
  to_device_time =0.0022s
  forward_time   =0.1346s
  loss_time      =0.0016s
  backward_time  =0.1779s
  optimizer_time =0.0062s
  batch_time     =0.3234s
  cuda_allocated_gb    =0.119
  cuda_reserved_gb     =11.916
  cuda_max_allocated_gb=8.434

train 4 rank0:   2%|â–         | 10/455 [00:03<02:26,  3.03it/s, loss=2.5580]
train 4 rank0:   2%|â–         | 11/455 [00:03<02:26,  3.04it/s, loss=2.5580][PROFILE rank=0 batch=11]
  data_time      =0.0006s
  to_device_time =0.0022s
  forward_time   =0.1338s
  loss_time      =0.0018s
  backward_time  =0.1773s
  optimizer_time =0.0076s
  batch_time     =0.3238s
  cuda_allocated_gb    =0.120
  cuda_reserved_gb     =11.916
  cuda_max_allocated_gb=8.434

train 4 rank0:   2%|â–         | 11/455 [00:04<02:26,  3.04it/s, loss=2.5164]
train 4 rank0:   3%|â–Ž         | 12/455 [00:04<02:25,  3.04it/s, loss=2.5164][PROFILE rank=0 batch=12]
  data_time      =0.0006s
  to_device_time =0.0022s
  forward_time   =0.1329s
  loss_time      =0.0016s
  backward_time  =0.1806s
  optimizer_time =0.0067s
  batch_time     =0.3252s
  cuda_allocated_gb    =0.120
  cuda_reserved_gb     =11.916
  cuda_max_allocated_gb=8.434

train 4 rank0:   3%|â–Ž         | 12/455 [00:04<02:25,  3.04it/s, loss=2.5342]
train 4 rank0:   3%|â–Ž         | 13/455 [00:04<02:25,  3.04it/s, loss=2.5342][PROFILE rank=0 batch=13]
  data_time      =0.0006s
  to_device_time =0.0022s
  forward_time   =0.1406s
  loss_time      =0.0023s
  backward_time  =0.1779s
  optimizer_time =0.0065s
  batch_time     =0.3309s
  cuda_allocated_gb    =0.120
  cuda_reserved_gb     =11.916
  cuda_max_allocated_gb=8.434

train 4 rank0:   3%|â–Ž         | 13/455 [00:04<02:25,  3.04it/s, loss=2.5019]
train 4 rank0:   3%|â–Ž         | 14/455 [00:04<02:25,  3.02it/s, loss=2.5019][PROFILE rank=0 batch=14]
  data_time      =0.0006s
  to_device_time =0.0022s
  forward_time   =0.1304s
  loss_time      =0.0017s
  backward_time  =0.1783s
  optimizer_time =0.0064s
  batch_time     =0.3211s
  cuda_allocated_gb    =0.119
  cuda_reserved_gb     =11.916
  cuda_max_allocated_gb=8.434

train 4 rank0:   3%|â–Ž         | 14/455 [00:05<02:25,  3.02it/s, loss=2.5152]
train 4 rank0:   3%|â–Ž         | 15/455 [00:05<02:24,  3.04it/s, loss=2.5152][PROFILE rank=0 batch=15]
  data_time      =0.0006s
  to_device_time =0.0014s
  forward_time   =0.0952s
  loss_time      =0.0017s
  backward_time  =0.1110s
  optimizer_time =0.0062s
  batch_time     =0.2165s
  cuda_allocated_gb    =0.090
  cuda_reserved_gb     =11.916
  cuda_max_allocated_gb=8.434

train 4 rank0:   3%|â–Ž         | 15/455 [00:05<02:24,  3.04it/s, loss=2.5662]
train 4 rank0:   4%|â–Ž         | 16/455 [00:05<02:10,  3.38it/s, loss=2.5662][PROFILE rank=0 batch=16]
  data_time      =0.0006s
  to_device_time =0.0022s
  forward_time   =0.1350s
  loss_time      =0.0016s
  backward_time  =0.1772s
  optimizer_time =0.0063s
  batch_time     =0.3233s
  cuda_allocated_gb    =0.122
  cuda_reserved_gb     =11.916
  cuda_max_allocated_gb=8.434

train 4 rank0:   4%|â–Ž         | 16/455 [00:05<02:10,  3.38it/s, loss=2.5344]
train 4 rank0:   4%|â–Ž         | 17/455 [00:05<02:13,  3.27it/s, loss=2.5344][PROFILE rank=0 batch=17]
  data_time      =0.0006s
  to_device_time =0.0022s
  forward_time   =0.1357s
  loss_time      =0.0017s
  backward_time  =0.1772s
  optimizer_time =0.0062s
  batch_time     =0.3241s
  cuda_allocated_gb    =0.119
  cuda_reserved_gb     =11.916
  cuda_max_allocated_gb=8.434

train 4 rank0:   4%|â–Ž         | 17/455 [00:06<02:13,  3.27it/s, loss=2.5151]
train 4 rank0:   4%|â–         | 18/455 [00:06<02:16,  3.20it/s, loss=2.5151][PROFILE rank=0 batch=18]
  data_time      =0.0005s
  to_device_time =0.0022s
  forward_time   =0.1355s
  loss_time      =0.0016s
  backward_time  =0.1763s
  optimizer_time =0.0061s
  batch_time     =0.3228s
  cuda_allocated_gb    =0.120
  cuda_reserved_gb     =11.916
  cuda_max_allocated_gb=8.434

train 4 rank0:   4%|â–         | 18/455 [00:06<02:16,  3.20it/s, loss=2.5356]
train 4 rank0:   4%|â–         | 19/455 [00:06<02:17,  3.16it/s, loss=2.5356][PROFILE rank=0 batch=19]
  data_time      =0.0005s
  to_device_time =0.0021s
  forward_time   =0.1332s
  loss_time      =0.0017s
  backward_time  =0.1795s
  optimizer_time =0.0068s
  batch_time     =0.3245s
  cuda_allocated_gb    =0.121
  cuda_reserved_gb     =11.916
  cuda_max_allocated_gb=8.434

[PROFILE average rank=0 first 20 batches (recorded=20)]
  avg_data_time      =0.0183s
  avg_to_device_time =0.0022s
  avg_forward_time   =0.1319s
  avg_loss_time      =0.0017s
  avg_backward_time  =0.1729s
  avg_optimizer_time =0.0065s
  avg_batch_time     =0.3169s
  estimated_full_epoch_minutes=2.40

train 4 rank0:   4%|â–         | 19/455 [00:06<02:17,  3.16it/s, loss=2.5226]
train 4 rank0:   4%|â–         | 20/455 [00:06<02:19,  3.13it/s, loss=2.5226]
train 4 rank0:   4%|â–         | 20/455 [00:07<02:19,  3.13it/s, loss=2.5653]
train 4 rank0:   5%|â–         | 21/455 [00:07<02:19,  3.12it/s, loss=2.5653]
train 4 rank0:   5%|â–         | 21/455 [00:07<02:19,  3.12it/s, loss=2.5563]
train 4 rank0:   5%|â–         | 22/455 [00:07<02:19,  3.10it/s, loss=2.5563]
train 4 rank0:   5%|â–         | 22/455 [00:07<02:19,  3.10it/s, loss=2.5655]
train 4 rank0:   5%|â–Œ         | 23/455 [00:07<02:20,  3.08it/s, loss=2.5655]
train 4 rank0:   5%|â–Œ         | 23/455 [00:08<02:20,  3.08it/s, loss=2.5560]
train 4 rank0:   5%|â–Œ         | 24/455 [00:08<02:20,  3.07it/s, loss=2.5560]
train 4 rank0:   5%|â–Œ         | 24/455 [00:08<02:20,  3.07it/s, loss=2.5447]
train 4 rank0:   5%|â–Œ         | 25/455 [00:08<02:20,  3.06it/s, loss=2.5447]
train 4 rank0:   5%|â–Œ         | 25/455 [00:08<02:20,  3.06it/s, loss=2.5898]
train 4 rank0:   6%|â–Œ         | 26/455 [00:08<02:20,  3.06it/s, loss=2.5898]
train 4 rank0:   6%|â–Œ         | 26/455 [00:09<02:20,  3.06it/s, loss=2.5472]
train 4 rank0:   6%|â–Œ         | 27/455 [00:09<02:19,  3.07it/s, loss=2.5472]
train 4 rank0:   6%|â–Œ         | 27/455 [00:09<02:19,  3.07it/s, loss=2.5394]
train 4 rank0:   6%|â–Œ         | 28/455 [00:09<02:19,  3.07it/s, loss=2.5394]
train 4 rank0:   6%|â–Œ         | 28/455 [00:09<02:19,  3.07it/s, loss=2.5624]
train 4 rank0:   6%|â–‹         | 29/455 [00:09<02:20,  3.03it/s, loss=2.5624]
train 4 rank0:   6%|â–‹         | 29/455 [00:10<02:20,  3.03it/s, loss=2.5287]
train 4 rank0:   7%|â–‹         | 30/455 [00:10<02:21,  3.00it/s, loss=2.5287]
                                                                            
/usr/local/lib/python3.12/dist-packages/torch/distributed/c10d_logger.py:83: UserWarning: barrier(): using the device under current context. You can specify `device_id` in `init_process_group` to mute this warning.
  return func(*args, **kwargs)

val:   0%|          | 0/57 [00:00<?, ?it/s]
val:   2%|â–         | 1/57 [00:00<00:54,  1.03it/s]
val:   4%|â–Ž         | 2/57 [00:01<00:45,  1.21it/s]
val:   5%|â–Œ         | 3/57 [00:02<00:42,  1.28it/s]
val:   7%|â–‹         | 4/57 [00:03<00:40,  1.31it/s]
val:   9%|â–‰         | 5/57 [00:03<00:39,  1.33it/s]
val:  11%|â–ˆ         | 6/57 [00:04<00:38,  1.34it/s]
val:  12%|â–ˆâ–        | 7/57 [00:05<00:37,  1.35it/s]
val:  14%|â–ˆâ–        | 8/57 [00:06<00:36,  1.36it/s]
val:  16%|â–ˆâ–Œ        | 9/57 [00:06<00:35,  1.36it/s]
val:  18%|â–ˆâ–Š        | 10/57 [00:07<00:34,  1.36it/s]
                                                    
Epoch 004/015 | loss=2.5385 acc=0.1435 macro_f1=0.1304 | val_loss=2.5331 val_acc=0.1328 val_macro_f1=0.1126 | ckpt_monitor=val_macro_f1:0.1126 best_val_macro_f1=0.1126 best_epoch=4 early_val_macro_f1=0.1126 sec/batch=0.336s cuda_rankmax=8.434GB
          val pred_count: [168, 158, 159, 87, 45, 18, 5]
          checkpoint improvement: best_epoch=4
          early stopping monitor improved
/usr/local/lib/python3.12/dist-packages/torch/distributed/c10d_logger.py:83: UserWarning: barrier(): using the device under current context. You can specify `device_id` in `init_process_group` to mute this warning.
  return func(*args, **kwargs)

train 5 rank0:   0%|          | 0/455 [00:00<?, ?it/s][PROFILE rank=0 batch=0]
  data_time      =0.3137s
  to_device_time =0.0022s
  forward_time   =0.1358s
  loss_time      =0.0016s
  backward_time  =0.1776s
  optimizer_time =0.0065s
  batch_time     =0.3530s
  cuda_allocated_gb    =0.119
  cuda_reserved_gb     =11.916
  cuda_max_allocated_gb=8.434

train 5 rank0:   0%|          | 0/455 [00:00<?, ?it/s, loss=2.5272]
train 5 rank0:   0%|          | 1/455 [00:00<05:04,  1.49it/s, loss=2.5272][PROFILE rank=0 batch=1]
  data_time      =0.0005s
  to_device_time =0.0022s
  forward_time   =0.1419s
  loss_time      =0.0015s
  backward_time  =0.1880s
  optimizer_time =0.0066s
  batch_time     =0.3414s
  cuda_allocated_gb    =0.119
  cuda_reserved_gb     =11.916
  cuda_max_allocated_gb=8.434

train 5 rank0:   0%|          | 1/455 [00:01<05:04,  1.49it/s, loss=2.5471]
train 5 rank0:   0%|          | 2/455 [00:01<03:37,  2.09it/s, loss=2.5471][PROFILE rank=0 batch=2]
  data_time      =0.0006s
  to_device_time =0.0021s
  forward_time   =0.1403s
  loss_time      =0.0016s
  backward_time  =0.1858s
  optimizer_time =0.0061s
  batch_time     =0.3368s
  cuda_allocated_gb    =0.120
  cuda_reserved_gb     =11.916
  cuda_max_allocated_gb=8.434

train 5 rank0:   0%|          | 2/455 [00:01<03:37,  2.09it/s, loss=2.5546]
train 5 rank0:   1%|          | 3/455 [00:01<03:07,  2.41it/s, loss=2.5546][PROFILE rank=0 batch=3]
  data_time      =0.0005s
  to_device_time =0.0022s
  forward_time   =0.1382s
  loss_time      =0.0016s
  backward_time  =0.1881s
  optimizer_time =0.0060s
  batch_time     =0.3372s
  cuda_allocated_gb    =0.121
  cuda_reserved_gb     =11.916
  cuda_max_allocated_gb=8.434

train 5 rank0:   1%|          | 3/455 [00:01<03:07,  2.41it/s, loss=2.5352]
train 5 rank0:   1%|          | 4/455 [00:01<02:54,  2.59it/s, loss=2.5352][PROFILE rank=0 batch=4]
  data_time      =0.0004s
  to_device_time =0.0021s
  forward_time   =0.1405s
  loss_time      =0.0016s
  backward_time  =0.1882s
  optimizer_time =0.0152s
  batch_time     =0.3487s
  cuda_allocated_gb    =0.120
  cuda_reserved_gb     =11.916
  cuda_max_allocated_gb=8.434

train 5 rank0:   1%|          | 4/455 [00:02<02:54,  2.59it/s, loss=2.5608]
train 5 rank0:   1%|          | 5/455 [00:02<02:48,  2.67it/s, loss=2.5608][PROFILE rank=0 batch=5]
  data_time      =0.0005s
  to_device_time =0.0022s
  forward_time   =0.1565s
  loss_time      =0.0018s
  backward_time  =0.1828s
  optimizer_time =0.0091s
  batch_time     =0.3540s
  cuda_allocated_gb    =0.120
  cuda_reserved_gb     =11.916
  cuda_max_allocated_gb=8.434

train 5 rank0:   1%|          | 5/455 [00:02<02:48,  2.67it/s, loss=2.5167]
train 5 rank0:   1%|â–         | 6/455 [00:02<02:46,  2.70it/s, loss=2.5167][PROFILE rank=0 batch=6]
  data_time      =0.0007s
  to_device_time =0.0022s
  forward_time   =0.1372s
  loss_time      =0.0016s
  backward_time  =0.1881s
  optimizer_time =0.0063s
  batch_time     =0.3366s
  cuda_allocated_gb    =0.119
  cuda_reserved_gb     =11.916
  cuda_max_allocated_gb=8.434

train 5 rank0:   1%|â–         | 6/455 [00:02<02:46,  2.70it/s, loss=2.5042]
train 5 rank0:   2%|â–         | 7/455 [00:02<02:41,  2.77it/s, loss=2.5042][PROFILE rank=0 batch=7]
  data_time      =0.0006s
  to_device_time =0.0022s
  forward_time   =0.1414s
  loss_time      =0.0016s
  backward_time  =0.1915s
  optimizer_time =0.0061s
  batch_time     =0.3439s
  cuda_allocated_gb    =0.120
  cuda_reserved_gb     =11.916
  cuda_max_allocated_gb=8.434

train 5 rank0:   2%|â–         | 7/455 [00:03<02:41,  2.77it/s, loss=2.5383]
train 5 rank0:   2%|â–         | 8/455 [00:03<02:39,  2.81it/s, loss=2.5383][PROFILE rank=0 batch=8]
  data_time      =0.0005s
  to_device_time =0.0022s
  forward_time   =0.1439s
  loss_time      =0.0015s
  backward_time  =0.1919s
  optimizer_time =0.0063s
  batch_time     =0.3470s
  cuda_allocated_gb    =0.120
  cuda_reserved_gb     =11.916
  cuda_max_allocated_gb=8.434

train 5 rank0:   2%|â–         | 8/455 [00:03<02:39,  2.81it/s, loss=2.5400]
train 5 rank0:   2%|â–         | 9/455 [00:03<02:38,  2.82it/s, loss=2.5400][PROFILE rank=0 batch=9]
  data_time      =0.0005s
  to_device_time =0.0022s
  forward_time   =0.1410s
  loss_time      =0.0017s
  backward_time  =0.1914s
  optimizer_time =0.0062s
  batch_time     =0.3465s
  cuda_allocated_gb    =0.120
  cuda_reserved_gb     =11.916
  cuda_max_allocated_gb=8.434

train 5 rank0:   2%|â–         | 9/455 [00:03<02:38,  2.82it/s, loss=2.5618]
train 5 rank0:   2%|â–         | 10/455 [00:03<02:37,  2.83it/s, loss=2.5618][PROFILE rank=0 batch=10]
  data_time      =0.0006s
  to_device_time =0.0022s
  forward_time   =0.1414s
  loss_time      =0.0017s
  backward_time  =0.1880s
  optimizer_time =0.0065s
  batch_time     =0.3409s
  cuda_allocated_gb    =0.119
  cuda_reserved_gb     =11.916
  cuda_max_allocated_gb=8.434

train 5 rank0:   2%|â–         | 10/455 [00:04<02:37,  2.83it/s, loss=2.5193]
train 5 rank0:   2%|â–         | 11/455 [00:04<02:35,  2.85it/s, loss=2.5193][PROFILE rank=0 batch=11]
  data_time      =0.0005s
  to_device_time =0.0022s
  forward_time   =0.1415s
  loss_time      =0.0017s
  backward_time  =0.1893s
  optimizer_time =0.0071s
  batch_time     =0.3429s
  cuda_allocated_gb    =0.120
  cuda_reserved_gb     =11.916
  cuda_max_allocated_gb=8.434

train 5 rank0:   2%|â–         | 11/455 [00:04<02:35,  2.85it/s, loss=2.5112]
train 5 rank0:   3%|â–Ž         | 12/455 [00:04<02:34,  2.86it/s, loss=2.5112][PROFILE rank=0 batch=12]
  data_time      =0.0005s
  to_device_time =0.0022s
  forward_time   =0.1481s
  loss_time      =0.0028s
  backward_time  =0.1965s
  optimizer_time =0.0069s
  batch_time     =0.3582s
  cuda_allocated_gb    =0.120
  cuda_reserved_gb     =11.916
  cuda_max_allocated_gb=8.434

train 5 rank0:   3%|â–Ž         | 12/455 [00:04<02:34,  2.86it/s, loss=2.5237]
train 5 rank0:   3%|â–Ž         | 13/455 [00:04<02:36,  2.83it/s, loss=2.5237][PROFILE rank=0 batch=13]
  data_time      =0.0005s
  to_device_time =0.0022s
  forward_time   =0.1467s
  loss_time      =0.0024s
  backward_time  =0.1924s
  optimizer_time =0.0066s
  batch_time     =0.3518s
  cuda_allocated_gb    =0.120
  cuda_reserved_gb     =11.916
  cuda_max_allocated_gb=8.434

train 5 rank0:   3%|â–Ž         | 13/455 [00:05<02:36,  2.83it/s, loss=2.5709]
train 5 rank0:   3%|â–Ž         | 14/455 [00:05<02:36,  2.83it/s, loss=2.5709][PROFILE rank=0 batch=14]
  data_time      =0.0005s
  to_device_time =0.0022s
  forward_time   =0.1442s
  loss_time      =0.0016s
  backward_time  =0.1923s
  optimizer_time =0.0068s
  batch_time     =0.3482s
  cuda_allocated_gb    =0.119
  cuda_reserved_gb     =11.916
  cuda_max_allocated_gb=8.434

train 5 rank0:   3%|â–Ž         | 14/455 [00:05<02:36,  2.83it/s, loss=2.5751]
train 5 rank0:   3%|â–Ž         | 15/455 [00:05<02:35,  2.83it/s, loss=2.5751][PROFILE rank=0 batch=15]
  data_time      =0.0005s
  to_device_time =0.0015s
  forward_time   =0.0928s
  loss_time      =0.0016s
  backward_time  =0.1215s
  optimizer_time =0.0066s
  batch_time     =0.2251s
  cuda_allocated_gb    =0.090
  cuda_reserved_gb     =11.916
  cuda_max_allocated_gb=8.434

train 5 rank0:   3%|â–Ž         | 15/455 [00:05<02:35,  2.83it/s, loss=2.5310]
train 5 rank0:   4%|â–Ž         | 16/455 [00:05<02:18,  3.17it/s, loss=2.5310][PROFILE rank=0 batch=16]
  data_time      =0.0005s
  to_device_time =0.0022s
  forward_time   =0.1442s
  loss_time      =0.0016s
  backward_time  =0.1930s
  optimizer_time =0.0064s
  batch_time     =0.3485s
  cuda_allocated_gb    =0.122
  cuda_reserved_gb     =11.916
  cuda_max_allocated_gb=8.434

train 5 rank0:   4%|â–Ž         | 16/455 [00:06<02:18,  3.17it/s, loss=2.5568]
train 5 rank0:   4%|â–Ž         | 17/455 [00:06<02:23,  3.06it/s, loss=2.5568][PROFILE rank=0 batch=17]
  data_time      =0.0005s
  to_device_time =0.0022s
  forward_time   =0.1451s
  loss_time      =0.0016s
  backward_time  =0.1903s
  optimizer_time =0.0065s
  batch_time     =0.3467s
  cuda_allocated_gb    =0.119
  cuda_reserved_gb     =11.916
  cuda_max_allocated_gb=8.434

train 5 rank0:   4%|â–Ž         | 17/455 [00:06<02:23,  3.06it/s, loss=2.5653]
train 5 rank0:   4%|â–         | 18/455 [00:06<02:25,  3.00it/s, loss=2.5653][PROFILE rank=0 batch=18]
  data_time      =0.0035s
  to_device_time =0.0022s
  forward_time   =0.1389s
  loss_time      =0.0016s
  backward_time  =0.1900s
  optimizer_time =0.0068s
  batch_time     =0.3406s
  cuda_allocated_gb    =0.120
  cuda_reserved_gb     =11.916
  cuda_max_allocated_gb=8.434

train 5 rank0:   4%|â–         | 18/455 [00:06<02:25,  3.00it/s, loss=2.5412]
train 5 rank0:   4%|â–         | 19/455 [00:06<02:27,  2.96it/s, loss=2.5412][PROFILE rank=0 batch=19]
  data_time      =0.0006s
  to_device_time =0.0022s
  forward_time   =0.1413s
  loss_time      =0.0017s
  backward_time  =0.1896s
  optimizer_time =0.0066s
  batch_time     =0.3426s
  cuda_allocated_gb    =0.121
  cuda_reserved_gb     =11.916
  cuda_max_allocated_gb=8.434

[PROFILE average rank=0 first 20 batches (recorded=20)]
  avg_data_time      =0.0163s
  avg_to_device_time =0.0021s
  avg_forward_time   =0.1400s
  avg_loss_time      =0.0017s
  avg_backward_time  =0.1858s
  avg_optimizer_time =0.0071s
  avg_batch_time     =0.3395s
  estimated_full_epoch_minutes=2.57

train 5 rank0:   4%|â–         | 19/455 [00:07<02:27,  2.96it/s, loss=2.5782]
train 5 rank0:   4%|â–         | 20/455 [00:07<02:28,  2.94it/s, loss=2.5782]
train 5 rank0:   4%|â–         | 20/455 [00:07<02:28,  2.94it/s, loss=2.5448]
train 5 rank0:   5%|â–         | 21/455 [00:07<02:28,  2.93it/s, loss=2.5448]
train 5 rank0:   5%|â–         | 21/455 [00:07<02:28,  2.93it/s, loss=2.5419]
train 5 rank0:   5%|â–         | 22/455 [00:07<02:29,  2.90it/s, loss=2.5419]
train 5 rank0:   5%|â–         | 22/455 [00:08<02:29,  2.90it/s, loss=2.5066]
train 5 rank0:   5%|â–Œ         | 23/455 [00:08<02:30,  2.88it/s, loss=2.5066]
train 5 rank0:   5%|â–Œ         | 23/455 [00:08<02:30,  2.88it/s, loss=2.5446]
train 5 rank0:   5%|â–Œ         | 24/455 [00:08<02:29,  2.88it/s, loss=2.5446]
train 5 rank0:   5%|â–Œ         | 24/455 [00:08<02:29,  2.88it/s, loss=2.5401]
train 5 rank0:   5%|â–Œ         | 25/455 [00:08<02:29,  2.87it/s, loss=2.5401]
train 5 rank0:   5%|â–Œ         | 25/455 [00:09<02:29,  2.87it/s, loss=2.5758]
train 5 rank0:   6%|â–Œ         | 26/455 [00:09<02:29,  2.86it/s, loss=2.5758]
train 5 rank0:   6%|â–Œ         | 26/455 [00:09<02:29,  2.86it/s, loss=2.5473]
train 5 rank0:   6%|â–Œ         | 27/455 [00:09<02:30,  2.85it/s, loss=2.5473]
train 5 rank0:   6%|â–Œ         | 27/455 [00:09<02:30,  2.85it/s, loss=2.5471]
train 5 rank0:   6%|â–Œ         | 28/455 [00:09<02:30,  2.84it/s, loss=2.5471]
train 5 rank0:   6%|â–Œ         | 28/455 [00:10<02:30,  2.84it/s, loss=2.5321]
train 5 rank0:   6%|â–‹         | 29/455 [00:10<02:31,  2.81it/s, loss=2.5321]
train 5 rank0:   6%|â–‹         | 29/455 [00:10<02:31,  2.81it/s, loss=2.5373]
train 5 rank0:   7%|â–‹         | 30/455 [00:10<02:32,  2.79it/s, loss=2.5373]
                                                                            
/usr/local/lib/python3.12/dist-packages/torch/distributed/c10d_logger.py:83: UserWarning: barrier(): using the device under current context. You can specify `device_id` in `init_process_group` to mute this warning.
  return func(*args, **kwargs)

val:   0%|          | 0/57 [00:00<?, ?it/s]
val:   2%|â–         | 1/57 [00:00<00:54,  1.03it/s]
val:   4%|â–Ž         | 2/57 [00:01<00:46,  1.19it/s]
val:   5%|â–Œ         | 3/57 [00:02<00:43,  1.24it/s]
val:   7%|â–‹         | 4/57 [00:03<00:41,  1.27it/s]
val:   9%|â–‰         | 5/57 [00:04<00:40,  1.28it/s]
val:  11%|â–ˆ         | 6/57 [00:04<00:39,  1.29it/s]
val:  12%|â–ˆâ–        | 7/57 [00:05<00:38,  1.29it/s]
val:  14%|â–ˆâ–        | 8/57 [00:06<00:37,  1.29it/s]
val:  16%|â–ˆâ–Œ        | 9/57 [00:07<00:37,  1.29it/s]
val:  18%|â–ˆâ–Š        | 10/57 [00:07<00:36,  1.30it/s]
                                                    
Epoch 005/015 | loss=2.5427 acc=0.1419 macro_f1=0.1288 | val_loss=2.5331 val_acc=0.1391 val_macro_f1=0.0939 | ckpt_monitor=val_macro_f1:0.0939 best_val_macro_f1=0.1126 best_epoch=4 early_val_macro_f1=0.1126 sec/batch=0.358s cuda_rankmax=8.434GB
          val pred_count: [341, 138, 90, 42, 26, 3, 0]
          no improvement: 1/12
/usr/local/lib/python3.12/dist-packages/torch/distributed/c10d_logger.py:83: UserWarning: barrier(): using the device under current context. You can specify `device_id` in `init_process_group` to mute this warning.
  return func(*args, **kwargs)

train 6 rank0:   0%|          | 0/455 [00:00<?, ?it/s][PROFILE rank=0 batch=0]
  data_time      =0.5879s
  to_device_time =0.0022s
  forward_time   =0.1396s
  loss_time      =0.0013s
  backward_time  =0.1979s
  optimizer_time =0.0069s
  batch_time     =0.3494s
  cuda_allocated_gb    =0.119
  cuda_reserved_gb     =11.916
  cuda_max_allocated_gb=8.434

train 6 rank0:   0%|          | 0/455 [00:00<?, ?it/s, loss=2.5524]
train 6 rank0:   0%|          | 1/455 [00:00<07:06,  1.06it/s, loss=2.5524][PROFILE rank=0 batch=1]
  data_time      =0.0003s
  to_device_time =0.0022s
  forward_time   =0.1490s
  loss_time      =0.0016s
  backward_time  =0.1955s
  optimizer_time =0.0067s
  batch_time     =0.3562s
  cuda_allocated_gb    =0.119
  cuda_reserved_gb     =11.916
  cuda_max_allocated_gb=8.434

train 6 rank0:   0%|          | 1/455 [00:01<07:06,  1.06it/s, loss=2.5210]
train 6 rank0:   0%|          | 2/455 [00:01<04:31,  1.67it/s, loss=2.5210][PROFILE rank=0 batch=2]
  data_time      =0.0005s
  to_device_time =0.0022s
  forward_time   =0.1465s
  loss_time      =0.0016s
  backward_time  =0.1940s
  optimizer_time =0.0065s
  batch_time     =0.3520s
  cuda_allocated_gb    =0.120
  cuda_reserved_gb     =11.916
  cuda_max_allocated_gb=8.434

train 6 rank0:   0%|          | 2/455 [00:01<04:31,  1.67it/s, loss=2.5403]
train 6 rank0:   1%|          | 3/455 [00:01<03:40,  2.05it/s, loss=2.5403][PROFILE rank=0 batch=3]
  data_time      =0.0006s
  to_device_time =0.0022s
  forward_time   =0.1463s
  loss_time      =0.0016s
  backward_time  =0.1984s
  optimizer_time =0.0067s
  batch_time     =0.3565s
  cuda_allocated_gb    =0.121
  cuda_reserved_gb     =11.916
  cuda_max_allocated_gb=8.434

train 6 rank0:   1%|          | 3/455 [00:02<03:40,  2.05it/s, loss=2.5678]
train 6 rank0:   1%|          | 4/455 [00:02<03:17,  2.29it/s, loss=2.5678][PROFILE rank=0 batch=4]
  data_time      =0.0006s
  to_device_time =0.0022s
  forward_time   =0.1434s
  loss_time      =0.0017s
  backward_time  =0.1940s
  optimizer_time =0.0080s
  batch_time     =0.3505s
  cuda_allocated_gb    =0.120
  cuda_reserved_gb     =11.916
  cuda_max_allocated_gb=8.434

train 6 rank0:   1%|          | 4/455 [00:02<03:17,  2.29it/s, loss=2.5522]
train 6 rank0:   1%|          | 5/455 [00:02<03:03,  2.45it/s, loss=2.5522][PROFILE rank=0 batch=5]
  data_time      =0.0006s
  to_device_time =0.0022s
  forward_time   =0.1436s
  loss_time      =0.0016s
  backward_time  =0.1978s
  optimizer_time =0.0061s
  batch_time     =0.3525s
  cuda_allocated_gb    =0.120
  cuda_reserved_gb     =11.916
  cuda_max_allocated_gb=8.434

train 6 rank0:   1%|          | 5/455 [00:02<03:03,  2.45it/s, loss=2.5318]
train 6 rank0:   1%|â–         | 6/455 [00:02<02:55,  2.56it/s, loss=2.5318][PROFILE rank=0 batch=6]
  data_time      =0.0005s
  to_device_time =0.0022s
  forward_time   =0.1429s
  loss_time      =0.0016s
  backward_time  =0.1927s
  optimizer_time =0.0095s
  batch_time     =0.3500s
  cuda_allocated_gb    =0.119
  cuda_reserved_gb     =11.916
  cuda_max_allocated_gb=8.434

train 6 rank0:   1%|â–         | 6/455 [00:03<02:55,  2.56it/s, loss=2.5567]
train 6 rank0:   2%|â–         | 7/455 [00:03<02:49,  2.64it/s, loss=2.5567][PROFILE rank=0 batch=7]
  data_time      =0.0006s
  to_device_time =0.0022s
  forward_time   =0.1434s
  loss_time      =0.0017s
  backward_time  =0.1944s
  optimizer_time =0.0073s
  batch_time     =0.3500s
  cuda_allocated_gb    =0.120
  cuda_reserved_gb     =11.916
  cuda_max_allocated_gb=8.434

train 6 rank0:   2%|â–         | 7/455 [00:03<02:49,  2.64it/s, loss=2.5595]
train 6 rank0:   2%|â–         | 8/455 [00:03<02:45,  2.70it/s, loss=2.5595][PROFILE rank=0 batch=8]
  data_time      =0.0006s
  to_device_time =0.0022s
  forward_time   =0.1451s
  loss_time      =0.0015s
  backward_time  =0.1950s
  optimizer_time =0.0068s
  batch_time     =0.3518s
  cuda_allocated_gb    =0.120
  cuda_reserved_gb     =11.916
  cuda_max_allocated_gb=8.434

train 6 rank0:   2%|â–         | 8/455 [00:03<02:45,  2.70it/s, loss=2.5425]
train 6 rank0:   2%|â–         | 9/455 [00:03<02:43,  2.73it/s, loss=2.5425][PROFILE rank=0 batch=9]
  data_time      =0.0006s
  to_device_time =0.0021s
  forward_time   =0.1476s
  loss_time      =0.0018s
  backward_time  =0.1926s
  optimizer_time =0.0060s
  batch_time     =0.3511s
  cuda_allocated_gb    =0.120
  cuda_reserved_gb     =11.916
  cuda_max_allocated_gb=8.434

train 6 rank0:   2%|â–         | 9/455 [00:04<02:43,  2.73it/s, loss=2.5512]
train 6 rank0:   2%|â–         | 10/455 [00:04<02:41,  2.76it/s, loss=2.5512][PROFILE rank=0 batch=10]
  data_time      =0.0005s
  to_device_time =0.0022s
  forward_time   =0.1452s
  loss_time      =0.0016s
  backward_time  =0.1930s
  optimizer_time =0.0062s
  batch_time     =0.3491s
  cuda_allocated_gb    =0.119
  cuda_reserved_gb     =11.916
  cuda_max_allocated_gb=8.434

train 6 rank0:   2%|â–         | 10/455 [00:04<02:41,  2.76it/s, loss=2.5195]
train 6 rank0:   2%|â–         | 11/455 [00:04<02:39,  2.78it/s, loss=2.5195][PROFILE rank=0 batch=11]
  data_time      =0.0005s
  to_device_time =0.0022s
  forward_time   =0.1478s
  loss_time      =0.0016s
  backward_time  =0.1923s
  optimizer_time =0.0067s
  batch_time     =0.3518s
  cuda_allocated_gb    =0.120
  cuda_reserved_gb     =11.916
  cuda_max_allocated_gb=8.434

train 6 rank0:   2%|â–         | 11/455 [00:04<02:39,  2.78it/s, loss=2.5637]
train 6 rank0:   3%|â–Ž         | 12/455 [00:04<02:38,  2.79it/s, loss=2.5637][PROFILE rank=0 batch=12]
  data_time      =0.0005s
  to_device_time =0.0024s
  forward_time   =0.1516s
  loss_time      =0.0030s
  backward_time  =0.1967s
  optimizer_time =0.0076s
  batch_time     =0.3628s
  cuda_allocated_gb    =0.120
  cuda_reserved_gb     =11.916
  cuda_max_allocated_gb=8.434

train 6 rank0:   3%|â–Ž         | 12/455 [00:05<02:38,  2.79it/s, loss=2.5354]
train 6 rank0:   3%|â–Ž         | 13/455 [00:05<02:39,  2.77it/s, loss=2.5354][PROFILE rank=0 batch=13]
  data_time      =0.0006s
  to_device_time =0.0022s
  forward_time   =0.1480s
  loss_time      =0.0025s
  backward_time  =0.1960s
  optimizer_time =0.0067s
  batch_time     =0.3568s
  cuda_allocated_gb    =0.120
  cuda_reserved_gb     =11.916
  cuda_max_allocated_gb=8.434

train 6 rank0:   3%|â–Ž         | 13/455 [00:05<02:39,  2.77it/s, loss=2.5273]
train 6 rank0:   3%|â–Ž         | 14/455 [00:05<02:39,  2.77it/s, loss=2.5273][PROFILE rank=0 batch=14]
  data_time      =0.0006s
  to_device_time =0.0021s
  forward_time   =0.1467s
  loss_time      =0.0015s
  backward_time  =0.1919s
  optimizer_time =0.0061s
  batch_time     =0.3495s
  cuda_allocated_gb    =0.119
  cuda_reserved_gb     =11.916
  cuda_max_allocated_gb=8.434

train 6 rank0:   3%|â–Ž         | 14/455 [00:05<02:39,  2.77it/s, loss=2.5524]
train 6 rank0:   3%|â–Ž         | 15/455 [00:05<02:37,  2.79it/s, loss=2.5524][PROFILE rank=0 batch=15]
  data_time      =0.0006s
  to_device_time =0.0015s
  forward_time   =0.1008s
  loss_time      =0.0022s
  backward_time  =0.1159s
  optimizer_time =0.0068s
  batch_time     =0.2305s
  cuda_allocated_gb    =0.090
  cuda_reserved_gb     =11.916
  cuda_max_allocated_gb=8.434

train 6 rank0:   3%|â–Ž         | 15/455 [00:06<02:37,  2.79it/s, loss=2.5299]
train 6 rank0:   4%|â–Ž         | 16/455 [00:06<02:20,  3.11it/s, loss=2.5299][PROFILE rank=0 batch=16]
  data_time      =0.0006s
  to_device_time =0.0022s
  forward_time   =0.1444s
  loss_time      =0.0016s
  backward_time  =0.1935s
  optimizer_time =0.0068s
  batch_time     =0.3496s
  cuda_allocated_gb    =0.122
  cuda_reserved_gb     =11.916
  cuda_max_allocated_gb=8.434

train 6 rank0:   4%|â–Ž         | 16/455 [00:06<02:20,  3.11it/s, loss=2.5290]
train 6 rank0:   4%|â–Ž         | 17/455 [00:06<02:24,  3.02it/s, loss=2.5290][PROFILE rank=0 batch=17]
  data_time      =0.0006s
  to_device_time =0.0022s
  forward_time   =0.1457s
  loss_time      =0.0017s
  backward_time  =0.1896s
  optimizer_time =0.0066s
  batch_time     =0.3468s
  cuda_allocated_gb    =0.119
  cuda_reserved_gb     =11.916
  cuda_max_allocated_gb=8.434

train 6 rank0:   4%|â–Ž         | 17/455 [00:06<02:24,  3.02it/s, loss=2.5467]
train 6 rank0:   4%|â–         | 18/455 [00:06<02:27,  2.97it/s, loss=2.5467][PROFILE rank=0 batch=18]
  data_time      =0.0006s
  to_device_time =0.0022s
  forward_time   =0.1416s
  loss_time      =0.0016s
  backward_time  =0.1879s
  optimizer_time =0.0065s
  batch_time     =0.3411s
  cuda_allocated_gb    =0.120
  cuda_reserved_gb     =11.916
  cuda_max_allocated_gb=8.434

train 6 rank0:   4%|â–         | 18/455 [00:07<02:27,  2.97it/s, loss=2.5564]
train 6 rank0:   4%|â–         | 19/455 [00:07<02:27,  2.95it/s, loss=2.5564][PROFILE rank=0 batch=19]
  data_time      =0.0006s
  to_device_time =0.0022s
  forward_time   =0.1388s
  loss_time      =0.0017s
  backward_time  =0.1885s
  optimizer_time =0.0064s
  batch_time     =0.3386s
  cuda_allocated_gb    =0.121
  cuda_reserved_gb     =11.916
  cuda_max_allocated_gb=8.434

[PROFILE average rank=0 first 20 batches (recorded=20)]
  avg_data_time      =0.0299s
  avg_to_device_time =0.0021s
  avg_forward_time   =0.1429s
  avg_loss_time      =0.0017s
  avg_backward_time  =0.1899s
  avg_optimizer_time =0.0068s
  avg_batch_time     =0.3448s
  estimated_full_epoch_minutes=2.61

train 6 rank0:   4%|â–         | 19/455 [00:07<02:27,  2.95it/s, loss=2.5332]
train 6 rank0:   4%|â–         | 20/455 [00:07<02:27,  2.94it/s, loss=2.5332]
train 6 rank0:   4%|â–         | 20/455 [00:07<02:27,  2.94it/s, loss=2.5300]
train 6 rank0:   5%|â–         | 21/455 [00:07<02:27,  2.93it/s, loss=2.5300]
train 6 rank0:   5%|â–         | 21/455 [00:08<02:27,  2.93it/s, loss=2.5340]
train 6 rank0:   5%|â–         | 22/455 [00:08<02:27,  2.93it/s, loss=2.5340]
train 6 rank0:   5%|â–         | 22/455 [00:08<02:27,  2.93it/s, loss=2.5100]
train 6 rank0:   5%|â–Œ         | 23/455 [00:08<02:27,  2.92it/s, loss=2.5100]
train 6 rank0:   5%|â–Œ         | 23/455 [00:08<02:27,  2.92it/s, loss=2.5409]
train 6 rank0:   5%|â–Œ         | 24/455 [00:08<02:27,  2.92it/s, loss=2.5409]
train 6 rank0:   5%|â–Œ         | 24/455 [00:09<02:27,  2.92it/s, loss=2.5544]
train 6 rank0:   5%|â–Œ         | 25/455 [00:09<02:27,  2.92it/s, loss=2.5544]
train 6 rank0:   5%|â–Œ         | 25/455 [00:09<02:27,  2.92it/s, loss=2.5365]
train 6 rank0:   6%|â–Œ         | 26/455 [00:09<02:27,  2.92it/s, loss=2.5365]
train 6 rank0:   6%|â–Œ         | 26/455 [00:09<02:27,  2.92it/s, loss=2.5414]
train 6 rank0:   6%|â–Œ         | 27/455 [00:09<02:26,  2.91it/s, loss=2.5414]
train 6 rank0:   6%|â–Œ         | 27/455 [00:10<02:26,  2.91it/s, loss=2.5550]
train 6 rank0:   6%|â–Œ         | 28/455 [00:10<02:26,  2.91it/s, loss=2.5550]
train 6 rank0:   6%|â–Œ         | 28/455 [00:10<02:26,  2.91it/s, loss=2.5577]
train 6 rank0:   6%|â–‹         | 29/455 [00:10<02:27,  2.88it/s, loss=2.5577]
train 6 rank0:   6%|â–‹         | 29/455 [00:11<02:27,  2.88it/s, loss=2.5270]
train 6 rank0:   7%|â–‹         | 30/455 [00:11<02:34,  2.74it/s, loss=2.5270]
                                                                            
/usr/local/lib/python3.12/dist-packages/torch/distributed/c10d_logger.py:83: UserWarning: barrier(): using the device under current context. You can specify `device_id` in `init_process_group` to mute this warning.
  return func(*args, **kwargs)

val:   0%|          | 0/57 [00:00<?, ?it/s]
val:   2%|â–         | 1/57 [00:00<00:52,  1.06it/s]
val:   4%|â–Ž         | 2/57 [00:01<00:45,  1.22it/s]
val:   5%|â–Œ         | 3/57 [00:02<00:42,  1.28it/s]
val:   7%|â–‹         | 4/57 [00:03<00:40,  1.32it/s]
val:   9%|â–‰         | 5/57 [00:03<00:38,  1.33it/s]
val:  11%|â–ˆ         | 6/57 [00:04<00:37,  1.35it/s]
val:  12%|â–ˆâ–        | 7/57 [00:05<00:36,  1.35it/s]
val:  14%|â–ˆâ–        | 8/57 [00:06<00:35,  1.36it/s]
val:  16%|â–ˆâ–Œ        | 9/57 [00:06<00:35,  1.36it/s]
val:  18%|â–ˆâ–Š        | 10/57 [00:07<00:34,  1.37it/s]
                                                    
Epoch 006/015 | loss=2.5401 acc=0.1377 macro_f1=0.1263 | val_loss=2.5331 val_acc=0.1313 val_macro_f1=0.0926 | ckpt_monitor=val_macro_f1:0.0926 best_val_macro_f1=0.1126 best_epoch=4 early_val_macro_f1=0.1126 sec/batch=0.370s cuda_rankmax=8.434GB
          val pred_count: [275, 127, 144, 67, 27, 0, 0]
          no improvement: 2/12
/usr/local/lib/python3.12/dist-packages/torch/distributed/c10d_logger.py:83: UserWarning: barrier(): using the device under current context. You can specify `device_id` in `init_process_group` to mute this warning.
  return func(*args, **kwargs)

train 7 rank0:   0%|          | 0/455 [00:00<?, ?it/s][PROFILE rank=0 batch=0]
  data_time      =0.2822s
  to_device_time =0.0022s
  forward_time   =0.1414s
  loss_time      =0.0015s
  backward_time  =0.1790s
  optimizer_time =0.0063s
  batch_time     =0.3344s
  cuda_allocated_gb    =0.119
  cuda_reserved_gb     =11.916
  cuda_max_allocated_gb=8.434

train 7 rank0:   0%|          | 0/455 [00:00<?, ?it/s, loss=2.5534]
train 7 rank0:   0%|          | 1/455 [00:00<04:41,  1.61it/s, loss=2.5534][PROFILE rank=0 batch=1]
  data_time      =0.0004s
  to_device_time =0.0021s
  forward_time   =0.1334s
  loss_time      =0.0016s
  backward_time  =0.1801s
  optimizer_time =0.0065s
  batch_time     =0.3248s
  cuda_allocated_gb    =0.119
  cuda_reserved_gb     =11.916
  cuda_max_allocated_gb=8.434

train 7 rank0:   0%|          | 1/455 [00:00<04:41,  1.61it/s, loss=2.5344]
train 7 rank0:   0%|          | 2/455 [00:00<03:23,  2.23it/s, loss=2.5344][PROFILE rank=0 batch=2]
  data_time      =0.0005s
  to_device_time =0.0022s
  forward_time   =0.1365s
  loss_time      =0.0022s
  backward_time  =0.1801s
  optimizer_time =0.0062s
  batch_time     =0.3286s
  cuda_allocated_gb    =0.120
  cuda_reserved_gb     =11.916
  cuda_max_allocated_gb=8.434

train 7 rank0:   0%|          | 2/455 [00:01<03:23,  2.23it/s, loss=2.5313]
train 7 rank0:   1%|          | 3/455 [00:01<02:58,  2.53it/s, loss=2.5313][PROFILE rank=0 batch=3]
  data_time      =0.0005s
  to_device_time =0.0022s
  forward_time   =0.1368s
  loss_time      =0.0016s
  backward_time  =0.1799s
  optimizer_time =0.0060s
  batch_time     =0.3275s
  cuda_allocated_gb    =0.121
  cuda_reserved_gb     =11.916
  cuda_max_allocated_gb=8.434

train 7 rank0:   1%|          | 3/455 [00:01<02:58,  2.53it/s, loss=2.5386]
train 7 rank0:   1%|          | 4/455 [00:01<02:46,  2.70it/s, loss=2.5386][PROFILE rank=0 batch=4]
  data_time      =0.0005s
  to_device_time =0.0021s
  forward_time   =0.1348s
  loss_time      =0.0017s
  backward_time  =0.1782s
  optimizer_time =0.0061s
  batch_time     =0.3238s
  cuda_allocated_gb    =0.120
  cuda_reserved_gb     =11.916
  cuda_max_allocated_gb=8.434

train 7 rank0:   1%|          | 4/455 [00:01<02:46,  2.70it/s, loss=2.5349]
train 7 rank0:   1%|          | 5/455 [00:01<02:39,  2.82it/s, loss=2.5349][PROFILE rank=0 batch=5]
  data_time      =0.0006s
  to_device_time =0.0022s
  forward_time   =0.1333s
  loss_time      =0.0016s
  backward_time  =0.1800s
  optimizer_time =0.0060s
  batch_time     =0.3241s
  cuda_allocated_gb    =0.120
  cuda_reserved_gb     =11.916
  cuda_max_allocated_gb=8.434

train 7 rank0:   1%|          | 5/455 [00:02<02:39,  2.82it/s, loss=2.5397]
train 7 rank0:   1%|â–         | 6/455 [00:02<02:35,  2.90it/s, loss=2.5397][PROFILE rank=0 batch=6]
  data_time      =0.0006s
  to_device_time =0.0022s
  forward_time   =0.1367s
  loss_time      =0.0016s
  backward_time  =0.1789s
  optimizer_time =0.0061s
  batch_time     =0.3266s
  cuda_allocated_gb    =0.119
  cuda_reserved_gb     =11.916
  cuda_max_allocated_gb=8.434

train 7 rank0:   1%|â–         | 6/455 [00:02<02:35,  2.90it/s, loss=2.5111]
train 7 rank0:   2%|â–         | 7/455 [00:02<02:32,  2.94it/s, loss=2.5111][PROFILE rank=0 batch=7]
  data_time      =0.0036s
  to_device_time =0.0022s
  forward_time   =0.1350s
  loss_time      =0.0015s
  backward_time  =0.1786s
  optimizer_time =0.0065s
  batch_time     =0.3248s
  cuda_allocated_gb    =0.120
  cuda_reserved_gb     =11.916
  cuda_max_allocated_gb=8.434

train 7 rank0:   2%|â–         | 7/455 [00:02<02:32,  2.94it/s, loss=2.5269]
train 7 rank0:   2%|â–         | 8/455 [00:02<02:30,  2.96it/s, loss=2.5269][PROFILE rank=0 batch=8]
  data_time      =0.0006s
  to_device_time =0.0022s
  forward_time   =0.1337s
  loss_time      =0.0016s
  backward_time  =0.1771s
  optimizer_time =0.0062s
  batch_time     =0.3219s
  cuda_allocated_gb    =0.120
  cuda_reserved_gb     =11.916
  cuda_max_allocated_gb=8.434

train 7 rank0:   2%|â–         | 8/455 [00:03<02:30,  2.96it/s, loss=2.5396]
train 7 rank0:   2%|â–         | 9/455 [00:03<02:28,  3.00it/s, loss=2.5396][PROFILE rank=0 batch=9]
  data_time      =0.0005s
  to_device_time =0.0022s
  forward_time   =0.1349s
  loss_time      =0.0016s
  backward_time  =0.1804s
  optimizer_time =0.0066s
  batch_time     =0.3269s
  cuda_allocated_gb    =0.120
  cuda_reserved_gb     =11.916
  cuda_max_allocated_gb=8.434

train 7 rank0:   2%|â–         | 9/455 [00:03<02:28,  3.00it/s, loss=2.5411]
train 7 rank0:   2%|â–         | 10/455 [00:03<02:28,  3.01it/s, loss=2.5411][PROFILE rank=0 batch=10]
  data_time      =0.0032s
  to_device_time =0.0021s
  forward_time   =0.1338s
  loss_time      =0.0016s
  backward_time  =0.1764s
  optimizer_time =0.0060s
  batch_time     =0.3210s
  cuda_allocated_gb    =0.119
  cuda_reserved_gb     =11.916
  cuda_max_allocated_gb=8.434

train 7 rank0:   2%|â–         | 10/455 [00:03<02:28,  3.01it/s, loss=2.5266]
train 7 rank0:   2%|â–         | 11/455 [00:03<02:27,  3.02it/s, loss=2.5266][PROFILE rank=0 batch=11]
  data_time      =0.0005s
  to_device_time =0.0022s
  forward_time   =0.1365s
  loss_time      =0.0017s
  backward_time  =0.1783s
  optimizer_time =0.0063s
  batch_time     =0.3263s
  cuda_allocated_gb    =0.120
  cuda_reserved_gb     =11.916
  cuda_max_allocated_gb=8.434

train 7 rank0:   2%|â–         | 11/455 [00:04<02:27,  3.02it/s, loss=2.5589]
train 7 rank0:   3%|â–Ž         | 12/455 [00:04<02:26,  3.02it/s, loss=2.5589][PROFILE rank=0 batch=12]
  data_time      =0.0004s
  to_device_time =0.0022s
  forward_time   =0.1404s
  loss_time      =0.0024s
  backward_time  =0.1874s
  optimizer_time =0.0062s
  batch_time     =0.3401s
  cuda_allocated_gb    =0.120
  cuda_reserved_gb     =11.916
  cuda_max_allocated_gb=8.434

train 7 rank0:   3%|â–Ž         | 12/455 [00:04<02:26,  3.02it/s, loss=2.5630]
train 7 rank0:   3%|â–Ž         | 13/455 [00:04<02:27,  2.99it/s, loss=2.5630][PROFILE rank=0 batch=13]
  data_time      =0.0005s
  to_device_time =0.0022s
  forward_time   =0.1429s
  loss_time      =0.0024s
  backward_time  =0.1792s
  optimizer_time =0.0094s
  batch_time     =0.3376s
  cuda_allocated_gb    =0.120
  cuda_reserved_gb     =11.916
  cuda_max_allocated_gb=8.434

train 7 rank0:   3%|â–Ž         | 13/455 [00:04<02:27,  2.99it/s, loss=2.5456]
train 7 rank0:   3%|â–Ž         | 14/455 [00:04<02:28,  2.97it/s, loss=2.5456][PROFILE rank=0 batch=14]
  data_time      =0.0005s
  to_device_time =0.0021s
  forward_time   =0.1357s
  loss_time      =0.0016s
  backward_time  =0.1792s
  optimizer_time =0.0063s
  batch_time     =0.3262s
  cuda_allocated_gb    =0.119
  cuda_reserved_gb     =11.916
  cuda_max_allocated_gb=8.434

train 7 rank0:   3%|â–Ž         | 14/455 [00:05<02:28,  2.97it/s, loss=2.5397]
train 7 rank0:   3%|â–Ž         | 15/455 [00:05<02:27,  2.99it/s, loss=2.5397][PROFILE rank=0 batch=15]
  data_time      =0.0005s
  to_device_time =0.0014s
  forward_time   =0.0952s
  loss_time      =0.0017s
  backward_time  =0.1103s
  optimizer_time =0.0061s
  batch_time     =0.2159s
  cuda_allocated_gb    =0.090
  cuda_reserved_gb     =11.916
  cuda_max_allocated_gb=8.434

train 7 rank0:   3%|â–Ž         | 15/455 [00:05<02:27,  2.99it/s, loss=2.5266]
train 7 rank0:   4%|â–Ž         | 16/455 [00:05<02:11,  3.33it/s, loss=2.5266][PROFILE rank=0 batch=16]
  data_time      =0.0006s
  to_device_time =0.0021s
  forward_time   =0.1335s
  loss_time      =0.0016s
  backward_time  =0.1785s
  optimizer_time =0.0068s
  batch_time     =0.3235s
  cuda_allocated_gb    =0.122
  cuda_reserved_gb     =11.916
  cuda_max_allocated_gb=8.434

train 7 rank0:   4%|â–Ž         | 16/455 [00:05<02:11,  3.33it/s, loss=2.5597]
train 7 rank0:   4%|â–Ž         | 17/455 [00:05<02:14,  3.24it/s, loss=2.5597][PROFILE rank=0 batch=17]
  data_time      =0.0004s
  to_device_time =0.0021s
  forward_time   =0.1325s
  loss_time      =0.0016s
  backward_time  =0.1772s
  optimizer_time =0.0065s
  batch_time     =0.3211s
  cuda_allocated_gb    =0.119
  cuda_reserved_gb     =11.916
  cuda_max_allocated_gb=8.434

train 7 rank0:   4%|â–Ž         | 17/455 [00:06<02:14,  3.24it/s, loss=2.5539]
train 7 rank0:   4%|â–         | 18/455 [00:06<02:16,  3.19it/s, loss=2.5539][PROFILE rank=0 batch=18]
  data_time      =0.0004s
  to_device_time =0.0022s
  forward_time   =0.1353s
  loss_time      =0.0015s
  backward_time  =0.1811s
  optimizer_time =0.0075s
  batch_time     =0.3287s
  cuda_allocated_gb    =0.120
  cuda_reserved_gb     =11.916
  cuda_max_allocated_gb=8.434

train 7 rank0:   4%|â–         | 18/455 [00:06<02:16,  3.19it/s, loss=2.5430]
train 7 rank0:   4%|â–         | 19/455 [00:06<02:19,  3.14it/s, loss=2.5430][PROFILE rank=0 batch=19]
  data_time      =0.0006s
  to_device_time =0.0022s
  forward_time   =0.1353s
  loss_time      =0.0016s
  backward_time  =0.1788s
  optimizer_time =0.0061s
  batch_time     =0.3251s
  cuda_allocated_gb    =0.121
  cuda_reserved_gb     =11.916
  cuda_max_allocated_gb=8.434

[PROFILE average rank=0 first 20 batches (recorded=20)]
  avg_data_time      =0.0149s
  avg_to_device_time =0.0021s
  avg_forward_time   =0.1339s
  avg_loss_time      =0.0017s
  avg_backward_time  =0.1759s
  avg_optimizer_time =0.0065s
  avg_batch_time     =0.3214s
  estimated_full_epoch_minutes=2.44

train 7 rank0:   4%|â–         | 19/455 [00:06<02:19,  3.14it/s, loss=2.5449]
train 7 rank0:   4%|â–         | 20/455 [00:06<02:19,  3.11it/s, loss=2.5449]
train 7 rank0:   4%|â–         | 20/455 [00:07<02:19,  3.11it/s, loss=2.5392]
train 7 rank0:   5%|â–         | 21/455 [00:07<02:20,  3.10it/s, loss=2.5392]
train 7 rank0:   5%|â–         | 21/455 [00:07<02:20,  3.10it/s, loss=2.5518]
train 7 rank0:   5%|â–         | 22/455 [00:07<02:19,  3.10it/s, loss=2.5518]
train 7 rank0:   5%|â–         | 22/455 [00:07<02:19,  3.10it/s, loss=2.5401]
train 7 rank0:   5%|â–Œ         | 23/455 [00:07<02:19,  3.09it/s, loss=2.5401]
train 7 rank0:   5%|â–Œ         | 23/455 [00:08<02:19,  3.09it/s, loss=2.5667]
train 7 rank0:   5%|â–Œ         | 24/455 [00:08<02:19,  3.09it/s, loss=2.5667]
train 7 rank0:   5%|â–Œ         | 24/455 [00:08<02:19,  3.09it/s, loss=2.5099]
train 7 rank0:   5%|â–Œ         | 25/455 [00:08<02:19,  3.09it/s, loss=2.5099]
train 7 rank0:   5%|â–Œ         | 25/455 [00:08<02:19,  3.09it/s, loss=2.5512]
train 7 rank0:   6%|â–Œ         | 26/455 [00:08<02:19,  3.09it/s, loss=2.5512]
train 7 rank0:   6%|â–Œ         | 26/455 [00:09<02:19,  3.09it/s, loss=2.5459]
train 7 rank0:   6%|â–Œ         | 27/455 [00:09<02:18,  3.09it/s, loss=2.5459]
train 7 rank0:   6%|â–Œ         | 27/455 [00:09<02:18,  3.09it/s, loss=2.5342]
train 7 rank0:   6%|â–Œ         | 28/455 [00:09<02:17,  3.09it/s, loss=2.5342]
train 7 rank0:   6%|â–Œ         | 28/455 [00:09<02:17,  3.09it/s, loss=2.5466]
train 7 rank0:   6%|â–‹         | 29/455 [00:09<02:19,  3.06it/s, loss=2.5466]
train 7 rank0:   6%|â–‹         | 29/455 [00:10<02:19,  3.06it/s, loss=2.5249]
train 7 rank0:   7%|â–‹         | 30/455 [00:10<02:21,  3.01it/s, loss=2.5249]
                                                                            
/usr/local/lib/python3.12/dist-packages/torch/distributed/c10d_logger.py:83: UserWarning: barrier(): using the device under current context. You can specify `device_id` in `init_process_group` to mute this warning.
  return func(*args, **kwargs)

val:   0%|          | 0/57 [00:00<?, ?it/s]
val:   2%|â–         | 1/57 [00:00<00:52,  1.07it/s]
val:   4%|â–Ž         | 2/57 [00:01<00:44,  1.24it/s]
val:   5%|â–Œ         | 3/57 [00:02<00:41,  1.31it/s]
val:   7%|â–‹         | 4/57 [00:03<00:39,  1.34it/s]
val:   9%|â–‰         | 5/57 [00:03<00:38,  1.36it/s]
val:  11%|â–ˆ         | 6/57 [00:04<00:37,  1.37it/s]
val:  12%|â–ˆâ–        | 7/57 [00:05<00:36,  1.37it/s]
val:  14%|â–ˆâ–        | 8/57 [00:05<00:35,  1.38it/s]
val:  16%|â–ˆâ–Œ        | 9/57 [00:06<00:34,  1.38it/s]
val:  18%|â–ˆâ–Š        | 10/57 [00:07<00:33,  1.38it/s]
                                                    
Epoch 007/015 | loss=2.5388 acc=0.1387 macro_f1=0.1286 | val_loss=2.5331 val_acc=0.1281 val_macro_f1=0.0696 | ckpt_monitor=val_macro_f1:0.0696 best_val_macro_f1=0.1126 best_epoch=4 early_val_macro_f1=0.1126 sec/batch=0.336s cuda_rankmax=8.434GB
          val pred_count: [438, 65, 82, 28, 27, 0, 0]
          no improvement: 3/12
/usr/local/lib/python3.12/dist-packages/torch/distributed/c10d_logger.py:83: UserWarning: barrier(): using the device under current context. You can specify `device_id` in `init_process_group` to mute this warning.
  return func(*args, **kwargs)

train 8 rank0:   0%|          | 0/455 [00:00<?, ?it/s][PROFILE rank=0 batch=0]
  data_time      =0.3263s
  to_device_time =0.0023s
  forward_time   =0.1270s
  loss_time      =0.0016s
  backward_time  =0.1755s
  optimizer_time =0.0064s
  batch_time     =0.3142s
  cuda_allocated_gb    =0.119
  cuda_reserved_gb     =11.916
  cuda_max_allocated_gb=8.434

train 8 rank0:   0%|          | 0/455 [00:00<?, ?it/s, loss=2.5489]
train 8 rank0:   0%|          | 1/455 [00:00<04:52,  1.55it/s, loss=2.5489][PROFILE rank=0 batch=1]
  data_time      =0.0005s
  to_device_time =0.0022s
  forward_time   =0.1352s
  loss_time      =0.0018s
  backward_time  =0.1784s
  optimizer_time =0.0064s
  batch_time     =0.3251s
  cuda_allocated_gb    =0.119
  cuda_reserved_gb     =11.916
  cuda_max_allocated_gb=8.434

train 8 rank0:   0%|          | 1/455 [00:00<04:52,  1.55it/s, loss=2.5528]
train 8 rank0:   0%|          | 2/455 [00:00<03:27,  2.18it/s, loss=2.5528][PROFILE rank=0 batch=2]
  data_time      =0.0006s
  to_device_time =0.0021s
  forward_time   =0.1335s
  loss_time      =0.0016s
  backward_time  =0.1775s
  optimizer_time =0.0060s
  batch_time     =0.3218s
  cuda_allocated_gb    =0.120
  cuda_reserved_gb     =11.916
  cuda_max_allocated_gb=8.434

train 8 rank0:   0%|          | 2/455 [00:01<03:27,  2.18it/s, loss=2.5170]
train 8 rank0:   1%|          | 3/455 [00:01<02:59,  2.51it/s, loss=2.5170][PROFILE rank=0 batch=3]
  data_time      =0.0005s
  to_device_time =0.0022s
  forward_time   =0.1365s
  loss_time      =0.0016s
  backward_time  =0.1766s
  optimizer_time =0.0063s
  batch_time     =0.3243s
  cuda_allocated_gb    =0.121
  cuda_reserved_gb     =11.916
  cuda_max_allocated_gb=8.434

train 8 rank0:   1%|          | 3/455 [00:01<02:59,  2.51it/s, loss=2.5322]
train 8 rank0:   1%|          | 4/455 [00:01<02:46,  2.70it/s, loss=2.5322][PROFILE rank=0 batch=4]
  data_time      =0.0005s
  to_device_time =0.0022s
  forward_time   =0.1321s
  loss_time      =0.0015s
  backward_time  =0.1773s
  optimizer_time =0.0061s
  batch_time     =0.3203s
  cuda_allocated_gb    =0.120
  cuda_reserved_gb     =11.916
  cuda_max_allocated_gb=8.434

train 8 rank0:   1%|          | 4/455 [00:01<02:46,  2.70it/s, loss=2.5292]
train 8 rank0:   1%|          | 5/455 [00:01<02:39,  2.83it/s, loss=2.5292][PROFILE rank=0 batch=5]
  data_time      =0.0005s
  to_device_time =0.0021s
  forward_time   =0.1324s
  loss_time      =0.0016s
  backward_time  =0.1814s
  optimizer_time =0.0061s
  batch_time     =0.3247s
  cuda_allocated_gb    =0.120
  cuda_reserved_gb     =11.916
  cuda_max_allocated_gb=8.434

train 8 rank0:   1%|          | 5/455 [00:02<02:39,  2.83it/s, loss=2.5722]
train 8 rank0:   1%|â–         | 6/455 [00:02<02:34,  2.90it/s, loss=2.5722][PROFILE rank=0 batch=6]
  data_time      =0.0005s
  to_device_time =0.0022s
  forward_time   =0.1348s
  loss_time      =0.0016s
  backward_time  =0.1788s
  optimizer_time =0.0060s
  batch_time     =0.3245s
  cuda_allocated_gb    =0.119
  cuda_reserved_gb     =11.916
  cuda_max_allocated_gb=8.434

train 8 rank0:   1%|â–         | 6/455 [00:02<02:34,  2.90it/s, loss=2.5462]
train 8 rank0:   2%|â–         | 7/455 [00:02<02:32,  2.95it/s, loss=2.5462][PROFILE rank=0 batch=7]
  data_time      =0.0005s
  to_device_time =0.0022s
  forward_time   =0.1360s
  loss_time      =0.0016s
  backward_time  =0.1777s
  optimizer_time =0.0085s
  batch_time     =0.3271s
  cuda_allocated_gb    =0.120
  cuda_reserved_gb     =11.916
  cuda_max_allocated_gb=8.434

train 8 rank0:   2%|â–         | 7/455 [00:02<02:32,  2.95it/s, loss=2.5209]
train 8 rank0:   2%|â–         | 8/455 [00:02<02:30,  2.97it/s, loss=2.5209][PROFILE rank=0 batch=8]
  data_time      =0.0004s
  to_device_time =0.0022s
  forward_time   =0.1353s
  loss_time      =0.0016s
  backward_time  =0.1773s
  optimizer_time =0.0061s
  batch_time     =0.3235s
  cuda_allocated_gb    =0.120
  cuda_reserved_gb     =11.916
  cuda_max_allocated_gb=8.434

train 8 rank0:   2%|â–         | 8/455 [00:03<02:30,  2.97it/s, loss=2.5433]
train 8 rank0:   2%|â–         | 9/455 [00:03<02:28,  3.00it/s, loss=2.5433][PROFILE rank=0 batch=9]
  data_time      =0.0006s
  to_device_time =0.0022s
  forward_time   =0.1329s
  loss_time      =0.0016s
  backward_time  =0.1772s
  optimizer_time =0.0062s
  batch_time     =0.3213s
  cuda_allocated_gb    =0.120
  cuda_reserved_gb     =11.916
  cuda_max_allocated_gb=8.434

train 8 rank0:   2%|â–         | 9/455 [00:03<02:28,  3.00it/s, loss=2.5644]
train 8 rank0:   2%|â–         | 10/455 [00:03<02:27,  3.02it/s, loss=2.5644][PROFILE rank=0 batch=10]
  data_time      =0.0005s
  to_device_time =0.0022s
  forward_time   =0.1333s
  loss_time      =0.0015s
  backward_time  =0.1787s
  optimizer_time =0.0064s
  batch_time     =0.3233s
  cuda_allocated_gb    =0.119
  cuda_reserved_gb     =11.916
  cuda_max_allocated_gb=8.434

train 8 rank0:   2%|â–         | 10/455 [00:03<02:27,  3.02it/s, loss=2.5040]
train 8 rank0:   2%|â–         | 11/455 [00:03<02:26,  3.03it/s, loss=2.5040][PROFILE rank=0 batch=11]
  data_time      =0.0006s
  to_device_time =0.0022s
  forward_time   =0.1328s
  loss_time      =0.0016s
  backward_time  =0.1790s
  optimizer_time =0.0059s
  batch_time     =0.3225s
  cuda_allocated_gb    =0.120
  cuda_reserved_gb     =11.916
  cuda_max_allocated_gb=8.434

train 8 rank0:   2%|â–         | 11/455 [00:04<02:26,  3.03it/s, loss=2.5286]
train 8 rank0:   3%|â–Ž         | 12/455 [00:04<02:25,  3.04it/s, loss=2.5286][PROFILE rank=0 batch=12]
  data_time      =0.0006s
  to_device_time =0.0022s
  forward_time   =0.1423s
  loss_time      =0.0027s
  backward_time  =0.1893s
  optimizer_time =0.0065s
  batch_time     =0.3444s
  cuda_allocated_gb    =0.120
  cuda_reserved_gb     =11.916
  cuda_max_allocated_gb=8.434

train 8 rank0:   3%|â–Ž         | 12/455 [00:04<02:25,  3.04it/s, loss=2.5401]
train 8 rank0:   3%|â–Ž         | 13/455 [00:04<02:27,  2.99it/s, loss=2.5401][PROFILE rank=0 batch=13]
  data_time      =0.0006s
  to_device_time =0.0022s
  forward_time   =0.1351s
  loss_time      =0.0016s
  backward_time  =0.1787s
  optimizer_time =0.0064s
  batch_time     =0.3250s
  cuda_allocated_gb    =0.120
  cuda_reserved_gb     =11.916
  cuda_max_allocated_gb=8.434

train 8 rank0:   3%|â–Ž         | 13/455 [00:04<02:27,  2.99it/s, loss=2.5355]
train 8 rank0:   3%|â–Ž         | 14/455 [00:04<02:26,  3.00it/s, loss=2.5355][PROFILE rank=0 batch=14]
  data_time      =0.0005s
  to_device_time =0.0022s
  forward_time   =0.1360s
  loss_time      =0.0017s
  backward_time  =0.1788s
  optimizer_time =0.0063s
  batch_time     =0.3260s
  cuda_allocated_gb    =0.119
  cuda_reserved_gb     =11.916
  cuda_max_allocated_gb=8.434

train 8 rank0:   3%|â–Ž         | 14/455 [00:05<02:26,  3.00it/s, loss=2.5504]
train 8 rank0:   3%|â–Ž         | 15/455 [00:05<02:26,  3.01it/s, loss=2.5504][PROFILE rank=0 batch=15]
  data_time      =0.0006s
  to_device_time =0.0014s
  forward_time   =0.0907s
  loss_time      =0.0016s
  backward_time  =0.1146s
  optimizer_time =0.0060s
  batch_time     =0.2156s
  cuda_allocated_gb    =0.090
  cuda_reserved_gb     =11.916
  cuda_max_allocated_gb=8.434

train 8 rank0:   3%|â–Ž         | 15/455 [00:05<02:26,  3.01it/s, loss=2.5226]
train 8 rank0:   4%|â–Ž         | 16/455 [00:05<02:10,  3.36it/s, loss=2.5226][PROFILE rank=0 batch=16]
  data_time      =0.0006s
  to_device_time =0.0022s
  forward_time   =0.1366s
  loss_time      =0.0016s
  backward_time  =0.1790s
  optimizer_time =0.0067s
  batch_time     =0.3271s
  cuda_allocated_gb    =0.122
  cuda_reserved_gb     =11.916
  cuda_max_allocated_gb=8.434

train 8 rank0:   4%|â–Ž         | 16/455 [00:05<02:10,  3.36it/s, loss=2.5518]
train 8 rank0:   4%|â–Ž         | 17/455 [00:05<02:14,  3.25it/s, loss=2.5518][PROFILE rank=0 batch=17]
  data_time      =0.0005s
  to_device_time =0.0021s
  forward_time   =0.1331s
  loss_time      =0.0015s
  backward_time  =0.1800s
  optimizer_time =0.0060s
  batch_time     =0.3239s
  cuda_allocated_gb    =0.119
  cuda_reserved_gb     =11.916
  cuda_max_allocated_gb=8.434

train 8 rank0:   4%|â–Ž         | 17/455 [00:06<02:14,  3.25it/s, loss=2.5157]
train 8 rank0:   4%|â–         | 18/455 [00:06<02:17,  3.19it/s, loss=2.5157][PROFILE rank=0 batch=18]
  data_time      =0.0006s
  to_device_time =0.0022s
  forward_time   =0.1368s
  loss_time      =0.0015s
  backward_time  =0.1814s
  optimizer_time =0.0061s
  batch_time     =0.3292s
  cuda_allocated_gb    =0.120
  cuda_reserved_gb     =11.916
  cuda_max_allocated_gb=8.434

train 8 rank0:   4%|â–         | 18/455 [00:06<02:17,  3.19it/s, loss=2.5436]
train 8 rank0:   4%|â–         | 19/455 [00:06<02:19,  3.13it/s, loss=2.5436][PROFILE rank=0 batch=19]
  data_time      =0.0006s
  to_device_time =0.0022s
  forward_time   =0.1355s
  loss_time      =0.0017s
  backward_time  =0.1799s
  optimizer_time =0.0062s
  batch_time     =0.3268s
  cuda_allocated_gb    =0.121
  cuda_reserved_gb     =11.916
  cuda_max_allocated_gb=8.434

[PROFILE average rank=0 first 20 batches (recorded=20)]
  avg_data_time      =0.0168s
  avg_to_device_time =0.0021s
  avg_forward_time   =0.1324s
  avg_loss_time      =0.0017s
  avg_backward_time  =0.1759s
  avg_optimizer_time =0.0063s
  avg_batch_time     =0.3195s
  estimated_full_epoch_minutes=2.42

train 8 rank0:   4%|â–         | 19/455 [00:06<02:19,  3.13it/s, loss=2.5247]
train 8 rank0:   4%|â–         | 20/455 [00:06<02:20,  3.10it/s, loss=2.5247]
train 8 rank0:   4%|â–         | 20/455 [00:07<02:20,  3.10it/s, loss=2.5425]
train 8 rank0:   5%|â–         | 21/455 [00:07<02:20,  3.09it/s, loss=2.5425]
train 8 rank0:   5%|â–         | 21/455 [00:07<02:20,  3.09it/s, loss=2.5585]
train 8 rank0:   5%|â–         | 22/455 [00:07<02:20,  3.08it/s, loss=2.5585]
train 8 rank0:   5%|â–         | 22/455 [00:07<02:20,  3.08it/s, loss=2.5264]
train 8 rank0:   5%|â–Œ         | 23/455 [00:07<02:20,  3.07it/s, loss=2.5264]
train 8 rank0:   5%|â–Œ         | 23/455 [00:08<02:20,  3.07it/s, loss=2.5697]
train 8 rank0:   5%|â–Œ         | 24/455 [00:08<02:21,  3.05it/s, loss=2.5697]
train 8 rank0:   5%|â–Œ         | 24/455 [00:08<02:21,  3.05it/s, loss=2.5479]
train 8 rank0:   5%|â–Œ         | 25/455 [00:08<02:21,  3.05it/s, loss=2.5479]
train 8 rank0:   5%|â–Œ         | 25/455 [00:08<02:21,  3.05it/s, loss=2.5533]
train 8 rank0:   6%|â–Œ         | 26/455 [00:08<02:21,  3.04it/s, loss=2.5533]
train 8 rank0:   6%|â–Œ         | 26/455 [00:09<02:21,  3.04it/s, loss=2.5278]
train 8 rank0:   6%|â–Œ         | 27/455 [00:09<02:20,  3.04it/s, loss=2.5278]
train 8 rank0:   6%|â–Œ         | 27/455 [00:09<02:20,  3.04it/s, loss=2.5162]
train 8 rank0:   6%|â–Œ         | 28/455 [00:09<02:20,  3.04it/s, loss=2.5162]
train 8 rank0:   6%|â–Œ         | 28/455 [00:09<02:20,  3.04it/s, loss=2.5588]
train 8 rank0:   6%|â–‹         | 29/455 [00:09<02:21,  3.00it/s, loss=2.5588]
train 8 rank0:   6%|â–‹         | 29/455 [00:10<02:21,  3.00it/s, loss=2.5121]
train 8 rank0:   7%|â–‹         | 30/455 [00:10<02:23,  2.96it/s, loss=2.5121]
                                                                            
/usr/local/lib/python3.12/dist-packages/torch/distributed/c10d_logger.py:83: UserWarning: barrier(): using the device under current context. You can specify `device_id` in `init_process_group` to mute this warning.
  return func(*args, **kwargs)

val:   0%|          | 0/57 [00:00<?, ?it/s]
val:   2%|â–         | 1/57 [00:00<00:55,  1.02it/s]
val:   4%|â–Ž         | 2/57 [00:01<00:45,  1.20it/s]
val:   5%|â–Œ         | 3/57 [00:02<00:42,  1.27it/s]
val:   7%|â–‹         | 4/57 [00:03<00:40,  1.31it/s]
val:   9%|â–‰         | 5/57 [00:03<00:39,  1.33it/s]
val:  11%|â–ˆ         | 6/57 [00:04<00:37,  1.35it/s]
val:  12%|â–ˆâ–        | 7/57 [00:05<00:37,  1.35it/s]
val:  14%|â–ˆâ–        | 8/57 [00:06<00:36,  1.35it/s]
val:  16%|â–ˆâ–Œ        | 9/57 [00:06<00:35,  1.35it/s]
val:  18%|â–ˆâ–Š        | 10/57 [00:07<00:34,  1.35it/s]
                                                    
Epoch 008/015 | loss=2.5380 acc=0.1424 macro_f1=0.1333 | val_loss=2.5331 val_acc=0.1453 val_macro_f1=0.1149 | ckpt_monitor=val_macro_f1:0.1149 best_val_macro_f1=0.1149 best_epoch=8 early_val_macro_f1=0.1149 sec/batch=0.338s cuda_rankmax=8.434GB
          val pred_count: [267, 71, 107, 130, 52, 0, 13]
          checkpoint improvement: best_epoch=8
          early stopping monitor improved
/usr/local/lib/python3.12/dist-packages/torch/distributed/c10d_logger.py:83: UserWarning: barrier(): using the device under current context. You can specify `device_id` in `init_process_group` to mute this warning.
  return func(*args, **kwargs)

train 9 rank0:   0%|          | 0/455 [00:00<?, ?it/s][PROFILE rank=0 batch=0]
  data_time      =0.3090s
  to_device_time =0.0031s
  forward_time   =0.1537s
  loss_time      =0.0015s
  backward_time  =0.1805s
  optimizer_time =0.0063s
  batch_time     =0.3466s
  cuda_allocated_gb    =0.119
  cuda_reserved_gb     =11.916
  cuda_max_allocated_gb=8.434

train 9 rank0:   0%|          | 0/455 [00:00<?, ?it/s, loss=2.5061]
train 9 rank0:   0%|          | 1/455 [00:00<04:58,  1.52it/s, loss=2.5061][PROFILE rank=0 batch=1]
  data_time      =0.0006s
  to_device_time =0.0022s
  forward_time   =0.1415s
  loss_time      =0.0017s
  backward_time  =0.1854s
  optimizer_time =0.0061s
  batch_time     =0.3381s
  cuda_allocated_gb    =0.119
  cuda_reserved_gb     =11.916
  cuda_max_allocated_gb=8.434

train 9 rank0:   0%|          | 1/455 [00:01<04:58,  1.52it/s, loss=2.5315]
train 9 rank0:   0%|          | 2/455 [00:01<03:33,  2.12it/s, loss=2.5315][PROFILE rank=0 batch=2]
  data_time      =0.0005s
  to_device_time =0.0022s
  forward_time   =0.1376s
  loss_time      =0.0016s
  backward_time  =0.1856s
  optimizer_time =0.0064s
  batch_time     =0.3345s
  cuda_allocated_gb    =0.120
  cuda_reserved_gb     =11.916
  cuda_max_allocated_gb=8.434

train 9 rank0:   0%|          | 2/455 [00:01<03:33,  2.12it/s, loss=2.5358]
train 9 rank0:   1%|          | 3/455 [00:01<03:05,  2.43it/s, loss=2.5358][PROFILE rank=0 batch=3]
  data_time      =0.0006s
  to_device_time =0.0022s
  forward_time   =0.1418s
  loss_time      =0.0018s
  backward_time  =0.1874s
  optimizer_time =0.0061s
  batch_time     =0.3403s
  cuda_allocated_gb    =0.121
  cuda_reserved_gb     =11.916
  cuda_max_allocated_gb=8.434

train 9 rank0:   1%|          | 3/455 [00:01<03:05,  2.43it/s, loss=2.5573]
train 9 rank0:   1%|          | 4/455 [00:01<02:53,  2.60it/s, loss=2.5573][PROFILE rank=0 batch=4]
  data_time      =0.0006s
  to_device_time =0.0022s
  forward_time   =0.1434s
  loss_time      =0.0016s
  backward_time  =0.1857s
  optimizer_time =0.0068s
  batch_time     =0.3407s
  cuda_allocated_gb    =0.120
  cuda_reserved_gb     =11.916
  cuda_max_allocated_gb=8.434

train 9 rank0:   1%|          | 4/455 [00:02<02:53,  2.60it/s, loss=2.5371]
train 9 rank0:   1%|          | 5/455 [00:02<02:46,  2.70it/s, loss=2.5371][PROFILE rank=0 batch=5]
  data_time      =0.0006s
  to_device_time =0.0022s
  forward_time   =0.1416s
  loss_time      =0.0018s
  backward_time  =0.1869s
  optimizer_time =0.0064s
  batch_time     =0.3401s
  cuda_allocated_gb    =0.120
  cuda_reserved_gb     =11.916
  cuda_max_allocated_gb=8.434

train 9 rank0:   1%|          | 5/455 [00:02<02:46,  2.70it/s, loss=2.5410]
train 9 rank0:   1%|â–         | 6/455 [00:02<02:42,  2.77it/s, loss=2.5410][PROFILE rank=0 batch=6]
  data_time      =0.0006s
  to_device_time =0.0022s
  forward_time   =0.1429s
  loss_time      =0.0016s
  backward_time  =0.1888s
  optimizer_time =0.0073s
  batch_time     =0.3440s
  cuda_allocated_gb    =0.119
  cuda_reserved_gb     =11.916
  cuda_max_allocated_gb=8.434

train 9 rank0:   1%|â–         | 6/455 [00:02<02:42,  2.77it/s, loss=2.5147]
train 9 rank0:   2%|â–         | 7/455 [00:02<02:39,  2.80it/s, loss=2.5147][PROFILE rank=0 batch=7]
  data_time      =0.0006s
  to_device_time =0.0022s
  forward_time   =0.1386s
  loss_time      =0.0016s
  backward_time  =0.1866s
  optimizer_time =0.0062s
  batch_time     =0.3363s
  cuda_allocated_gb    =0.120
  cuda_reserved_gb     =11.916
  cuda_max_allocated_gb=8.434

train 9 rank0:   2%|â–         | 7/455 [00:03<02:39,  2.80it/s, loss=2.5201]
train 9 rank0:   2%|â–         | 8/455 [00:03<02:37,  2.85it/s, loss=2.5201][PROFILE rank=0 batch=8]
  data_time      =0.0006s
  to_device_time =0.0022s
  forward_time   =0.1427s
  loss_time      =0.0017s
  backward_time  =0.1890s
  optimizer_time =0.0067s
  batch_time     =0.3433s
  cuda_allocated_gb    =0.120
  cuda_reserved_gb     =11.916
  cuda_max_allocated_gb=8.434

train 9 rank0:   2%|â–         | 8/455 [00:03<02:37,  2.85it/s, loss=2.5518]
train 9 rank0:   2%|â–         | 9/455 [00:03<02:36,  2.86it/s, loss=2.5518][PROFILE rank=0 batch=9]
  data_time      =0.0005s
  to_device_time =0.0022s
  forward_time   =0.1408s
  loss_time      =0.0016s
  backward_time  =0.1871s
  optimizer_time =0.0065s
  batch_time     =0.3394s
  cuda_allocated_gb    =0.120
  cuda_reserved_gb     =11.916
  cuda_max_allocated_gb=8.434

train 9 rank0:   2%|â–         | 9/455 [00:03<02:36,  2.86it/s, loss=2.5342]
train 9 rank0:   2%|â–         | 10/455 [00:03<02:34,  2.87it/s, loss=2.5342][PROFILE rank=0 batch=10]
  data_time      =0.0005s
  to_device_time =0.0022s
  forward_time   =0.1396s
  loss_time      =0.0015s
  backward_time  =0.1878s
  optimizer_time =0.0067s
  batch_time     =0.3389s
  cuda_allocated_gb    =0.119
  cuda_reserved_gb     =11.916
  cuda_max_allocated_gb=8.434

train 9 rank0:   2%|â–         | 10/455 [00:04<02:34,  2.87it/s, loss=2.5628]
train 9 rank0:   2%|â–         | 11/455 [00:04<02:33,  2.89it/s, loss=2.5628][PROFILE rank=0 batch=11]
  data_time      =0.0005s
  to_device_time =0.0021s
  forward_time   =0.1431s
  loss_time      =0.0016s
  backward_time  =0.1905s
  optimizer_time =0.0058s
  batch_time     =0.3442s
  cuda_allocated_gb    =0.120
  cuda_reserved_gb     =11.916
  cuda_max_allocated_gb=8.434

train 9 rank0:   2%|â–         | 11/455 [00:04<02:33,  2.89it/s, loss=2.5386]
train 9 rank0:   3%|â–Ž         | 12/455 [00:04<02:33,  2.88it/s, loss=2.5386][PROFILE rank=0 batch=12]
  data_time      =0.0005s
  to_device_time =0.0022s
  forward_time   =0.1460s
  loss_time      =0.0031s
  backward_time  =0.1933s
  optimizer_time =0.0062s
  batch_time     =0.3521s
  cuda_allocated_gb    =0.120
  cuda_reserved_gb     =11.916
  cuda_max_allocated_gb=8.434

train 9 rank0:   3%|â–Ž         | 12/455 [00:04<02:33,  2.88it/s, loss=2.5282]
train 9 rank0:   3%|â–Ž         | 13/455 [00:04<02:34,  2.86it/s, loss=2.5282][PROFILE rank=0 batch=13]
  data_time      =0.0005s
  to_device_time =0.0021s
  forward_time   =0.1496s
  loss_time      =0.0023s
  backward_time  =0.1877s
  optimizer_time =0.0068s
  batch_time     =0.3499s
  cuda_allocated_gb    =0.120
  cuda_reserved_gb     =11.916
  cuda_max_allocated_gb=8.434

train 9 rank0:   3%|â–Ž         | 13/455 [00:05<02:34,  2.86it/s, loss=2.5144]
train 9 rank0:   3%|â–Ž         | 14/455 [00:05<02:34,  2.85it/s, loss=2.5144][PROFILE rank=0 batch=14]
  data_time      =0.0006s
  to_device_time =0.0021s
  forward_time   =0.1409s
  loss_time      =0.0018s
  backward_time  =0.1875s
  optimizer_time =0.0065s
  batch_time     =0.3399s
  cuda_allocated_gb    =0.119
  cuda_reserved_gb     =11.916
  cuda_max_allocated_gb=8.434

train 9 rank0:   3%|â–Ž         | 14/455 [00:05<02:34,  2.85it/s, loss=2.5568]
train 9 rank0:   3%|â–Ž         | 15/455 [00:05<02:33,  2.87it/s, loss=2.5568][PROFILE rank=0 batch=15]
  data_time      =0.0006s
  to_device_time =0.0014s
  forward_time   =0.0934s
  loss_time      =0.0016s
  backward_time  =0.1180s
  optimizer_time =0.0074s
  batch_time     =0.2230s
  cuda_allocated_gb    =0.090
  cuda_reserved_gb     =11.916
  cuda_max_allocated_gb=8.434

train 9 rank0:   3%|â–Ž         | 15/455 [00:05<02:33,  2.87it/s, loss=2.5459]
train 9 rank0:   4%|â–Ž         | 16/455 [00:05<02:16,  3.20it/s, loss=2.5459][PROFILE rank=0 batch=16]
  data_time      =0.0006s
  to_device_time =0.0021s
  forward_time   =0.1437s
  loss_time      =0.0017s
  backward_time  =0.1919s
  optimizer_time =0.0062s
  batch_time     =0.3467s
  cuda_allocated_gb    =0.122
  cuda_reserved_gb     =11.916
  cuda_max_allocated_gb=8.434

train 9 rank0:   4%|â–Ž         | 16/455 [00:06<02:16,  3.20it/s, loss=2.5391]
train 9 rank0:   4%|â–Ž         | 17/455 [00:06<02:21,  3.09it/s, loss=2.5391][PROFILE rank=0 batch=17]
  data_time      =0.0006s
  to_device_time =0.0022s
  forward_time   =0.1451s
  loss_time      =0.0019s
  backward_time  =0.1924s
  optimizer_time =0.0060s
  batch_time     =0.3485s
  cuda_allocated_gb    =0.119
  cuda_reserved_gb     =11.916
  cuda_max_allocated_gb=8.434

train 9 rank0:   4%|â–Ž         | 17/455 [00:06<02:21,  3.09it/s, loss=2.5606]
train 9 rank0:   4%|â–         | 18/455 [00:06<02:25,  3.01it/s, loss=2.5606][PROFILE rank=0 batch=18]
  data_time      =0.0005s
  to_device_time =0.0022s
  forward_time   =0.1426s
  loss_time      =0.0016s
  backward_time  =0.1893s
  optimizer_time =0.0060s
  batch_time     =0.3427s
  cuda_allocated_gb    =0.120
  cuda_reserved_gb     =11.916
  cuda_max_allocated_gb=8.434

train 9 rank0:   4%|â–         | 18/455 [00:06<02:25,  3.01it/s, loss=2.5663]
train 9 rank0:   4%|â–         | 19/455 [00:06<02:26,  2.97it/s, loss=2.5663][PROFILE rank=0 batch=19]
  data_time      =0.0006s
  to_device_time =0.0022s
  forward_time   =0.1416s
  loss_time      =0.0016s
  backward_time  =0.1884s
  optimizer_time =0.0065s
  batch_time     =0.3414s
  cuda_allocated_gb    =0.121
  cuda_reserved_gb     =11.916
  cuda_max_allocated_gb=8.434

[PROFILE average rank=0 first 20 batches (recorded=20)]
  avg_data_time      =0.0160s
  avg_to_device_time =0.0022s
  avg_forward_time   =0.1405s
  avg_loss_time      =0.0017s
  avg_backward_time  =0.1845s
  avg_optimizer_time =0.0064s
  avg_batch_time     =0.3365s
  estimated_full_epoch_minutes=2.55

train 9 rank0:   4%|â–         | 19/455 [00:07<02:26,  2.97it/s, loss=2.5325]
train 9 rank0:   4%|â–         | 20/455 [00:07<02:27,  2.95it/s, loss=2.5325]
train 9 rank0:   4%|â–         | 20/455 [00:07<02:27,  2.95it/s, loss=2.5139]
train 9 rank0:   5%|â–         | 21/455 [00:07<02:27,  2.94it/s, loss=2.5139]
train 9 rank0:   5%|â–         | 21/455 [00:07<02:27,  2.94it/s, loss=2.5274]
train 9 rank0:   5%|â–         | 22/455 [00:07<02:27,  2.93it/s, loss=2.5274]
train 9 rank0:   5%|â–         | 22/455 [00:08<02:27,  2.93it/s, loss=2.5477]
train 9 rank0:   5%|â–Œ         | 23/455 [00:08<02:27,  2.93it/s, loss=2.5477]
train 9 rank0:   5%|â–Œ         | 23/455 [00:08<02:27,  2.93it/s, loss=2.5303]
train 9 rank0:   5%|â–Œ         | 24/455 [00:08<02:28,  2.90it/s, loss=2.5303]
train 9 rank0:   5%|â–Œ         | 24/455 [00:08<02:28,  2.90it/s, loss=2.5256]
train 9 rank0:   5%|â–Œ         | 25/455 [00:08<02:28,  2.89it/s, loss=2.5256]
train 9 rank0:   5%|â–Œ         | 25/455 [00:09<02:28,  2.89it/s, loss=2.5434]
train 9 rank0:   6%|â–Œ         | 26/455 [00:09<02:29,  2.87it/s, loss=2.5434]
train 9 rank0:   6%|â–Œ         | 26/455 [00:09<02:29,  2.87it/s, loss=2.5431]
train 9 rank0:   6%|â–Œ         | 27/455 [00:09<02:29,  2.87it/s, loss=2.5431]
train 9 rank0:   6%|â–Œ         | 27/455 [00:09<02:29,  2.87it/s, loss=2.5475]
train 9 rank0:   6%|â–Œ         | 28/455 [00:09<02:29,  2.86it/s, loss=2.5475]
train 9 rank0:   6%|â–Œ         | 28/455 [00:10<02:29,  2.86it/s, loss=2.5413]
train 9 rank0:   6%|â–‹         | 29/455 [00:10<02:29,  2.84it/s, loss=2.5413]
train 9 rank0:   6%|â–‹         | 29/455 [00:10<02:29,  2.84it/s, loss=2.5230]
train 9 rank0:   7%|â–‹         | 30/455 [00:10<02:30,  2.83it/s, loss=2.5230]
                                                                            
/usr/local/lib/python3.12/dist-packages/torch/distributed/c10d_logger.py:83: UserWarning: barrier(): using the device under current context. You can specify `device_id` in `init_process_group` to mute this warning.
  return func(*args, **kwargs)

val:   0%|          | 0/57 [00:00<?, ?it/s]
val:   2%|â–         | 1/57 [00:00<00:54,  1.03it/s]
val:   4%|â–Ž         | 2/57 [00:01<00:46,  1.19it/s]
val:   5%|â–Œ         | 3/57 [00:02<00:43,  1.25it/s]
val:   7%|â–‹         | 4/57 [00:03<00:41,  1.28it/s]
val:   9%|â–‰         | 5/57 [00:03<00:39,  1.30it/s]
val:  11%|â–ˆ         | 6/57 [00:04<00:38,  1.31it/s]
val:  12%|â–ˆâ–        | 7/57 [00:05<00:37,  1.32it/s]
val:  14%|â–ˆâ–        | 8/57 [00:06<00:37,  1.32it/s]
val:  16%|â–ˆâ–Œ        | 9/57 [00:06<00:36,  1.33it/s]
val:  18%|â–ˆâ–Š        | 10/57 [00:07<00:35,  1.33it/s]
                                                    
Epoch 009/015 | loss=2.5367 acc=0.1498 macro_f1=0.1398 | val_loss=2.5331 val_acc=0.1750 val_macro_f1=0.1221 | ckpt_monitor=val_macro_f1:0.1221 best_val_macro_f1=0.1221 best_epoch=9 early_val_macro_f1=0.1221 sec/batch=0.354s cuda_rankmax=8.434GB
          val pred_count: [168, 28, 123, 200, 101, 5, 15]
          checkpoint improvement: best_epoch=9
          early stopping monitor improved
/usr/local/lib/python3.12/dist-packages/torch/distributed/c10d_logger.py:83: UserWarning: barrier(): using the device under current context. You can specify `device_id` in `init_process_group` to mute this warning.
  return func(*args, **kwargs)

train 10 rank0:   0%|          | 0/455 [00:00<?, ?it/s][PROFILE rank=0 batch=0]
  data_time      =0.5858s
  to_device_time =0.0022s
  forward_time   =0.1423s
  loss_time      =0.0013s
  backward_time  =0.1922s
  optimizer_time =0.0062s
  batch_time     =0.3537s
  cuda_allocated_gb    =0.119
  cuda_reserved_gb     =11.916
  cuda_max_allocated_gb=8.434

train 10 rank0:   0%|          | 0/455 [00:00<?, ?it/s, loss=2.5457]
train 10 rank0:   0%|          | 1/455 [00:00<07:07,  1.06it/s, loss=2.5457][PROFILE rank=0 batch=1]
  data_time      =0.0006s
  to_device_time =0.0022s
  forward_time   =0.1420s
  loss_time      =0.0016s
  backward_time  =0.1884s
  optimizer_time =0.0060s
  batch_time     =0.3412s
  cuda_allocated_gb    =0.119
  cuda_reserved_gb     =11.916
  cuda_max_allocated_gb=8.434

train 10 rank0:   0%|          | 1/455 [00:01<07:07,  1.06it/s, loss=2.5136]
train 10 rank0:   0%|          | 2/455 [00:01<04:27,  1.69it/s, loss=2.5136][PROFILE rank=0 batch=2]
  data_time      =0.0023s
  to_device_time =0.0022s
  forward_time   =0.1424s
  loss_time      =0.0016s
  backward_time  =0.1878s
  optimizer_time =0.0063s
  batch_time     =0.3415s
  cuda_allocated_gb    =0.120
  cuda_reserved_gb     =11.916
  cuda_max_allocated_gb=8.434

train 10 rank0:   0%|          | 2/455 [00:01<04:27,  1.69it/s, loss=2.5302]
train 10 rank0:   1%|          | 3/455 [00:01<03:36,  2.09it/s, loss=2.5302][PROFILE rank=0 batch=3]
  data_time      =0.0004s
  to_device_time =0.0022s
  forward_time   =0.1438s
  loss_time      =0.0016s
  backward_time  =0.1874s
  optimizer_time =0.0060s
  batch_time     =0.3420s
  cuda_allocated_gb    =0.121
  cuda_reserved_gb     =11.916
  cuda_max_allocated_gb=8.434

train 10 rank0:   1%|          | 3/455 [00:01<03:36,  2.09it/s, loss=2.5449]
train 10 rank0:   1%|          | 4/455 [00:01<03:12,  2.34it/s, loss=2.5449][PROFILE rank=0 batch=4]
  data_time      =0.0005s
  to_device_time =0.0022s
  forward_time   =0.1420s
  loss_time      =0.0016s
  backward_time  =0.1873s
  optimizer_time =0.0060s
  batch_time     =0.3401s
  cuda_allocated_gb    =0.120
  cuda_reserved_gb     =11.916
  cuda_max_allocated_gb=8.434

train 10 rank0:   1%|          | 4/455 [00:02<03:12,  2.34it/s, loss=2.5235]
train 10 rank0:   1%|          | 5/455 [00:02<02:58,  2.52it/s, loss=2.5235][PROFILE rank=0 batch=5]
  data_time      =0.0005s
  to_device_time =0.0021s
  forward_time   =0.1432s
  loss_time      =0.0016s
  backward_time  =0.1871s
  optimizer_time =0.0059s
  batch_time     =0.3411s
  cuda_allocated_gb    =0.120
  cuda_reserved_gb     =11.916
  cuda_max_allocated_gb=8.434

train 10 rank0:   1%|          | 5/455 [00:02<02:58,  2.52it/s, loss=2.5319]
train 10 rank0:   1%|â–         | 6/455 [00:02<02:50,  2.64it/s, loss=2.5319][PROFILE rank=0 batch=6]
  data_time      =0.0006s
  to_device_time =0.0021s
  forward_time   =0.1437s
  loss_time      =0.0015s
  backward_time  =0.1853s
  optimizer_time =0.0062s
  batch_time     =0.3398s
  cuda_allocated_gb    =0.119
  cuda_reserved_gb     =11.916
  cuda_max_allocated_gb=8.434

train 10 rank0:   1%|â–         | 6/455 [00:03<02:50,  2.64it/s, loss=2.5093]
train 10 rank0:   2%|â–         | 7/455 [00:03<02:44,  2.72it/s, loss=2.5093][PROFILE rank=0 batch=7]
  data_time      =0.0005s
  to_device_time =0.0022s
  forward_time   =0.1457s
  loss_time      =0.0017s
  backward_time  =0.1833s
  optimizer_time =0.0066s
  batch_time     =0.3406s
  cuda_allocated_gb    =0.120
  cuda_reserved_gb     =11.916
  cuda_max_allocated_gb=8.434

train 10 rank0:   2%|â–         | 7/455 [00:03<02:44,  2.72it/s, loss=2.5400]
train 10 rank0:   2%|â–         | 8/455 [00:03<02:40,  2.78it/s, loss=2.5400][PROFILE rank=0 batch=8]
  data_time      =0.0004s
  to_device_time =0.0022s
  forward_time   =0.1424s
  loss_time      =0.0016s
  backward_time  =0.1863s
  optimizer_time =0.0060s
  batch_time     =0.3395s
  cuda_allocated_gb    =0.120
  cuda_reserved_gb     =11.916
  cuda_max_allocated_gb=8.434

train 10 rank0:   2%|â–         | 8/455 [00:03<02:40,  2.78it/s, loss=2.5136]
train 10 rank0:   2%|â–         | 9/455 [00:03<02:38,  2.82it/s, loss=2.5136][PROFILE rank=0 batch=9]
  data_time      =0.0005s
  to_device_time =0.0022s
  forward_time   =0.1440s
  loss_time      =0.0018s
  backward_time  =0.1853s
  optimizer_time =0.0063s
  batch_time     =0.3407s
  cuda_allocated_gb    =0.120
  cuda_reserved_gb     =11.916
  cuda_max_allocated_gb=8.434

train 10 rank0:   2%|â–         | 9/455 [00:04<02:38,  2.82it/s, loss=2.5224]
train 10 rank0:   2%|â–         | 10/455 [00:04<02:36,  2.85it/s, loss=2.5224][PROFILE rank=0 batch=10]
  data_time      =0.0035s
  to_device_time =0.0022s
  forward_time   =0.1405s
  loss_time      =0.0016s
  backward_time  =0.1859s
  optimizer_time =0.0064s
  batch_time     =0.3378s
  cuda_allocated_gb    =0.119
  cuda_reserved_gb     =11.916
  cuda_max_allocated_gb=8.434

train 10 rank0:   2%|â–         | 10/455 [00:04<02:36,  2.85it/s, loss=2.5107]
train 10 rank0:   2%|â–         | 11/455 [00:04<02:35,  2.86it/s, loss=2.5107][PROFILE rank=0 batch=11]
  data_time      =0.0006s
  to_device_time =0.0022s
  forward_time   =0.1411s
  loss_time      =0.0016s
  backward_time  =0.1872s
  optimizer_time =0.0065s
  batch_time     =0.3397s
  cuda_allocated_gb    =0.120
  cuda_reserved_gb     =11.916
  cuda_max_allocated_gb=8.434

train 10 rank0:   2%|â–         | 11/455 [00:04<02:35,  2.86it/s, loss=2.5547]
train 10 rank0:   3%|â–Ž         | 12/455 [00:04<02:33,  2.88it/s, loss=2.5547][PROFILE rank=0 batch=12]
  data_time      =0.0004s
  to_device_time =0.0023s
  forward_time   =0.1452s
  loss_time      =0.0020s
  backward_time  =0.1879s
  optimizer_time =0.0088s
  batch_time     =0.3474s
  cuda_allocated_gb    =0.120
  cuda_reserved_gb     =11.916
  cuda_max_allocated_gb=8.434

train 10 rank0:   3%|â–Ž         | 12/455 [00:05<02:33,  2.88it/s, loss=2.5571]
train 10 rank0:   3%|â–Ž         | 13/455 [00:05<02:34,  2.87it/s, loss=2.5571][PROFILE rank=0 batch=13]
  data_time      =0.0005s
  to_device_time =0.0022s
  forward_time   =0.1414s
  loss_time      =0.0023s
  backward_time  =0.1871s
  optimizer_time =0.0064s
  batch_time     =0.3407s
  cuda_allocated_gb    =0.120
  cuda_reserved_gb     =11.916
  cuda_max_allocated_gb=8.434

train 10 rank0:   3%|â–Ž         | 13/455 [00:05<02:34,  2.87it/s, loss=2.5186]
train 10 rank0:   3%|â–Ž         | 14/455 [00:05<02:33,  2.88it/s, loss=2.5186][PROFILE rank=0 batch=14]
  data_time      =0.0027s
  to_device_time =0.0022s
  forward_time   =0.1405s
  loss_time      =0.0016s
  backward_time  =0.1880s
  optimizer_time =0.0062s
  batch_time     =0.3397s
  cuda_allocated_gb    =0.119
  cuda_reserved_gb     =11.916
  cuda_max_allocated_gb=8.434

train 10 rank0:   3%|â–Ž         | 14/455 [00:05<02:33,  2.88it/s, loss=2.5044]
train 10 rank0:   3%|â–Ž         | 15/455 [00:05<02:32,  2.88it/s, loss=2.5044][PROFILE rank=0 batch=15]
  data_time      =0.0005s
  to_device_time =0.0014s
  forward_time   =0.1024s
  loss_time      =0.0021s
  backward_time  =0.1139s
  optimizer_time =0.0062s
  batch_time     =0.2270s
  cuda_allocated_gb    =0.090
  cuda_reserved_gb     =11.916
  cuda_max_allocated_gb=8.434

train 10 rank0:   3%|â–Ž         | 15/455 [00:06<02:32,  2.88it/s, loss=2.5367]
train 10 rank0:   4%|â–Ž         | 16/455 [00:06<02:16,  3.21it/s, loss=2.5367][PROFILE rank=0 batch=16]
  data_time      =0.0005s
  to_device_time =0.0022s
  forward_time   =0.1404s
  loss_time      =0.0016s
  backward_time  =0.1864s
  optimizer_time =0.0064s
  batch_time     =0.3381s
  cuda_allocated_gb    =0.122
  cuda_reserved_gb     =11.916
  cuda_max_allocated_gb=8.434

train 10 rank0:   4%|â–Ž         | 16/455 [00:06<02:16,  3.21it/s, loss=2.5360]
train 10 rank0:   4%|â–Ž         | 17/455 [00:06<02:20,  3.12it/s, loss=2.5360][PROFILE rank=0 batch=17]
  data_time      =0.0005s
  to_device_time =0.0022s
  forward_time   =0.1392s
  loss_time      =0.0016s
  backward_time  =0.1839s
  optimizer_time =0.0064s
  batch_time     =0.3343s
  cuda_allocated_gb    =0.119
  cuda_reserved_gb     =11.916
  cuda_max_allocated_gb=8.434

train 10 rank0:   4%|â–Ž         | 17/455 [00:06<02:20,  3.12it/s, loss=2.5117]
train 10 rank0:   4%|â–         | 18/455 [00:06<02:22,  3.07it/s, loss=2.5117][PROFILE rank=0 batch=18]
  data_time      =0.0005s
  to_device_time =0.0022s
  forward_time   =0.1361s
  loss_time      =0.0017s
  backward_time  =0.1855s
  optimizer_time =0.0064s
  batch_time     =0.3331s
  cuda_allocated_gb    =0.120
  cuda_reserved_gb     =11.916
  cuda_max_allocated_gb=8.434

train 10 rank0:   4%|â–         | 18/455 [00:07<02:22,  3.07it/s, loss=2.5591]
train 10 rank0:   4%|â–         | 19/455 [00:07<02:23,  3.04it/s, loss=2.5591][PROFILE rank=0 batch=19]
  data_time      =0.0005s
  to_device_time =0.0022s
  forward_time   =0.1401s
  loss_time      =0.0016s
  backward_time  =0.1846s
  optimizer_time =0.0066s
  batch_time     =0.3363s
  cuda_allocated_gb    =0.121
  cuda_reserved_gb     =11.916
  cuda_max_allocated_gb=8.434

[PROFILE average rank=0 first 20 batches (recorded=20)]
  avg_data_time      =0.0301s
  avg_to_device_time =0.0021s
  avg_forward_time   =0.1399s
  avg_loss_time      =0.0017s
  avg_backward_time  =0.1830s
  avg_optimizer_time =0.0064s
  avg_batch_time     =0.3347s
  estimated_full_epoch_minutes=2.54

train 10 rank0:   4%|â–         | 19/455 [00:07<02:23,  3.04it/s, loss=2.5531]
train 10 rank0:   4%|â–         | 20/455 [00:07<02:24,  3.01it/s, loss=2.5531]
train 10 rank0:   4%|â–         | 20/455 [00:07<02:24,  3.01it/s, loss=2.5161]
train 10 rank0:   5%|â–         | 21/455 [00:07<02:24,  3.00it/s, loss=2.5161]
train 10 rank0:   5%|â–         | 21/455 [00:08<02:24,  3.00it/s, loss=2.5447]
train 10 rank0:   5%|â–         | 22/455 [00:08<02:24,  3.00it/s, loss=2.5447]
train 10 rank0:   5%|â–         | 22/455 [00:08<02:24,  3.00it/s, loss=2.5649]
train 10 rank0:   5%|â–Œ         | 23/455 [00:08<02:24,  2.98it/s, loss=2.5649]
train 10 rank0:   5%|â–Œ         | 23/455 [00:08<02:24,  2.98it/s, loss=2.5560]
train 10 rank0:   5%|â–Œ         | 24/455 [00:08<02:24,  2.98it/s, loss=2.5560]
train 10 rank0:   5%|â–Œ         | 24/455 [00:09<02:24,  2.98it/s, loss=2.5270]
train 10 rank0:   5%|â–Œ         | 25/455 [00:09<02:24,  2.98it/s, loss=2.5270]
train 10 rank0:   5%|â–Œ         | 25/455 [00:09<02:24,  2.98it/s, loss=2.5466]
train 10 rank0:   6%|â–Œ         | 26/455 [00:09<02:24,  2.98it/s, loss=2.5466]
train 10 rank0:   6%|â–Œ         | 26/455 [00:09<02:24,  2.98it/s, loss=2.5384]
train 10 rank0:   6%|â–Œ         | 27/455 [00:09<02:23,  2.98it/s, loss=2.5384]
train 10 rank0:   6%|â–Œ         | 27/455 [00:10<02:23,  2.98it/s, loss=2.5235]
train 10 rank0:   6%|â–Œ         | 28/455 [00:10<02:23,  2.98it/s, loss=2.5235]
train 10 rank0:   6%|â–Œ         | 28/455 [00:10<02:23,  2.98it/s, loss=2.5502]
train 10 rank0:   6%|â–‹         | 29/455 [00:10<02:25,  2.93it/s, loss=2.5502]
train 10 rank0:   6%|â–‹         | 29/455 [00:10<02:25,  2.93it/s, loss=2.5214]
train 10 rank0:   7%|â–‹         | 30/455 [00:10<02:35,  2.74it/s, loss=2.5214]
                                                                             
/usr/local/lib/python3.12/dist-packages/torch/distributed/c10d_logger.py:83: UserWarning: barrier(): using the device under current context. You can specify `device_id` in `init_process_group` to mute this warning.
  return func(*args, **kwargs)

val:   0%|          | 0/57 [00:00<?, ?it/s]
val:   2%|â–         | 1/57 [00:00<00:53,  1.05it/s]
val:   4%|â–Ž         | 2/57 [00:01<00:45,  1.21it/s]
val:   5%|â–Œ         | 3/57 [00:02<00:42,  1.28it/s]
val:   7%|â–‹         | 4/57 [00:03<00:40,  1.32it/s]
val:   9%|â–‰         | 5/57 [00:03<00:38,  1.33it/s]
val:  11%|â–ˆ         | 6/57 [00:04<00:37,  1.35it/s]
val:  12%|â–ˆâ–        | 7/57 [00:05<00:36,  1.36it/s]
val:  14%|â–ˆâ–        | 8/57 [00:06<00:36,  1.36it/s]
val:  16%|â–ˆâ–Œ        | 9/57 [00:06<00:35,  1.36it/s]
val:  18%|â–ˆâ–Š        | 10/57 [00:07<00:34,  1.37it/s]
                                                    
Epoch 010/015 | loss=2.5367 acc=0.1498 macro_f1=0.1396 | val_loss=2.5331 val_acc=0.1875 val_macro_f1=0.1369 | ckpt_monitor=val_macro_f1:0.1369 best_val_macro_f1=0.1369 best_epoch=10 early_val_macro_f1=0.1369 sec/batch=0.362s cuda_rankmax=8.434GB
          val pred_count: [130, 91, 80, 219, 105, 6, 9]
          checkpoint improvement: best_epoch=10
          early stopping monitor improved
/usr/local/lib/python3.12/dist-packages/torch/distributed/c10d_logger.py:83: UserWarning: barrier(): using the device under current context. You can specify `device_id` in `init_process_group` to mute this warning.
  return func(*args, **kwargs)

train 11 rank0:   0%|          | 0/455 [00:00<?, ?it/s][PROFILE rank=0 batch=0]
  data_time      =0.2920s
  to_device_time =0.0037s
  forward_time   =0.1397s
  loss_time      =0.0014s
  backward_time  =0.1773s
  optimizer_time =0.0064s
  batch_time     =0.3354s
  cuda_allocated_gb    =0.119
  cuda_reserved_gb     =11.916
  cuda_max_allocated_gb=8.434

train 11 rank0:   0%|          | 0/455 [00:00<?, ?it/s, loss=2.5265]
train 11 rank0:   0%|          | 1/455 [00:00<04:46,  1.59it/s, loss=2.5265][PROFILE rank=0 batch=1]
  data_time      =0.0005s
  to_device_time =0.0022s
  forward_time   =0.1364s
  loss_time      =0.0016s
  backward_time  =0.1803s
  optimizer_time =0.0062s
  batch_time     =0.3277s
  cuda_allocated_gb    =0.119
  cuda_reserved_gb     =11.916
  cuda_max_allocated_gb=8.434

train 11 rank0:   0%|          | 1/455 [00:00<04:46,  1.59it/s, loss=2.5341]
train 11 rank0:   0%|          | 2/455 [00:00<03:25,  2.20it/s, loss=2.5341][PROFILE rank=0 batch=2]
  data_time      =0.0005s
  to_device_time =0.0022s
  forward_time   =0.1339s
  loss_time      =0.0017s
  backward_time  =0.1795s
  optimizer_time =0.0060s
  batch_time     =0.3243s
  cuda_allocated_gb    =0.120
  cuda_reserved_gb     =11.916
  cuda_max_allocated_gb=8.434

train 11 rank0:   0%|          | 2/455 [00:01<03:25,  2.20it/s, loss=2.5334]
train 11 rank0:   1%|          | 3/455 [00:01<02:59,  2.52it/s, loss=2.5334][PROFILE rank=0 batch=3]
  data_time      =0.0006s
  to_device_time =0.0022s
  forward_time   =0.1362s
  loss_time      =0.0016s
  backward_time  =0.1788s
  optimizer_time =0.0061s
  batch_time     =0.3259s
  cuda_allocated_gb    =0.121
  cuda_reserved_gb     =11.916
  cuda_max_allocated_gb=8.434

train 11 rank0:   1%|          | 3/455 [00:01<02:59,  2.52it/s, loss=2.5481]
train 11 rank0:   1%|          | 4/455 [00:01<02:46,  2.70it/s, loss=2.5481][PROFILE rank=0 batch=4]
  data_time      =0.0006s
  to_device_time =0.0021s
  forward_time   =0.1374s
  loss_time      =0.0016s
  backward_time  =0.1791s
  optimizer_time =0.0058s
  batch_time     =0.3271s
  cuda_allocated_gb    =0.120
  cuda_reserved_gb     =11.916
  cuda_max_allocated_gb=8.434

train 11 rank0:   1%|          | 4/455 [00:01<02:46,  2.70it/s, loss=2.5443]
train 11 rank0:   1%|          | 5/455 [00:01<02:40,  2.81it/s, loss=2.5443][PROFILE rank=0 batch=5]
  data_time      =0.0004s
  to_device_time =0.0021s
  forward_time   =0.1357s
  loss_time      =0.0015s
  backward_time  =0.1800s
  optimizer_time =0.0109s
  batch_time     =0.3315s
  cuda_allocated_gb    =0.120
  cuda_reserved_gb     =11.916
  cuda_max_allocated_gb=8.434

train 11 rank0:   1%|          | 5/455 [00:02<02:40,  2.81it/s, loss=2.5470]
train 11 rank0:   1%|â–         | 6/455 [00:02<02:36,  2.86it/s, loss=2.5470][PROFILE rank=0 batch=6]
  data_time      =0.0006s
  to_device_time =0.0022s
  forward_time   =0.1341s
  loss_time      =0.0017s
  backward_time  =0.1763s
  optimizer_time =0.0061s
  batch_time     =0.3215s
  cuda_allocated_gb    =0.119
  cuda_reserved_gb     =11.916
  cuda_max_allocated_gb=8.434

train 11 rank0:   1%|â–         | 6/455 [00:02<02:36,  2.86it/s, loss=2.5426]
train 11 rank0:   2%|â–         | 7/455 [00:02<02:33,  2.93it/s, loss=2.5426][PROFILE rank=0 batch=7]
  data_time      =0.0005s
  to_device_time =0.0023s
  forward_time   =0.1372s
  loss_time      =0.0016s
  backward_time  =0.1788s
  optimizer_time =0.0060s
  batch_time     =0.3268s
  cuda_allocated_gb    =0.120
  cuda_reserved_gb     =11.916
  cuda_max_allocated_gb=8.434

train 11 rank0:   2%|â–         | 7/455 [00:02<02:33,  2.93it/s, loss=2.5328]
train 11 rank0:   2%|â–         | 8/455 [00:02<02:31,  2.96it/s, loss=2.5328][PROFILE rank=0 batch=8]
  data_time      =0.0005s
  to_device_time =0.0022s
  forward_time   =0.1348s
  loss_time      =0.0016s
  backward_time  =0.1791s
  optimizer_time =0.0062s
  batch_time     =0.3249s
  cuda_allocated_gb    =0.120
  cuda_reserved_gb     =11.916
  cuda_max_allocated_gb=8.434

train 11 rank0:   2%|â–         | 8/455 [00:03<02:31,  2.96it/s, loss=2.5625]
train 11 rank0:   2%|â–         | 9/455 [00:03<02:29,  2.98it/s, loss=2.5625][PROFILE rank=0 batch=9]
  data_time      =0.0006s
  to_device_time =0.0022s
  forward_time   =0.1388s
  loss_time      =0.0018s
  backward_time  =0.1790s
  optimizer_time =0.0066s
  batch_time     =0.3294s
  cuda_allocated_gb    =0.120
  cuda_reserved_gb     =11.916
  cuda_max_allocated_gb=8.434

train 11 rank0:   2%|â–         | 9/455 [00:03<02:29,  2.98it/s, loss=2.5491]
train 11 rank0:   2%|â–         | 10/455 [00:03<02:28,  2.99it/s, loss=2.5491][PROFILE rank=0 batch=10]
  data_time      =0.0005s
  to_device_time =0.0022s
  forward_time   =0.1397s
  loss_time      =0.0015s
  backward_time  =0.1801s
  optimizer_time =0.0060s
  batch_time     =0.3305s
  cuda_allocated_gb    =0.119
  cuda_reserved_gb     =11.916
  cuda_max_allocated_gb=8.434

train 11 rank0:   2%|â–         | 10/455 [00:03<02:28,  2.99it/s, loss=2.5236]
train 11 rank0:   2%|â–         | 11/455 [00:03<02:28,  2.99it/s, loss=2.5236][PROFILE rank=0 batch=11]
  data_time      =0.0006s
  to_device_time =0.0022s
  forward_time   =0.1362s
  loss_time      =0.0016s
  backward_time  =0.1816s
  optimizer_time =0.0062s
  batch_time     =0.3288s
  cuda_allocated_gb    =0.120
  cuda_reserved_gb     =11.916
  cuda_max_allocated_gb=8.434

train 11 rank0:   2%|â–         | 11/455 [00:04<02:28,  2.99it/s, loss=2.5244]
train 11 rank0:   3%|â–Ž         | 12/455 [00:04<02:27,  2.99it/s, loss=2.5244][PROFILE rank=0 batch=12]
  data_time      =0.0005s
  to_device_time =0.0022s
  forward_time   =0.1429s
  loss_time      =0.0024s
  backward_time  =0.1836s
  optimizer_time =0.0093s
  batch_time     =0.3417s
  cuda_allocated_gb    =0.120
  cuda_reserved_gb     =11.916
  cuda_max_allocated_gb=8.434

train 11 rank0:   3%|â–Ž         | 12/455 [00:04<02:27,  2.99it/s, loss=2.5249]
train 11 rank0:   3%|â–Ž         | 13/455 [00:04<02:29,  2.96it/s, loss=2.5249][PROFILE rank=0 batch=13]
  data_time      =0.0005s
  to_device_time =0.0022s
  forward_time   =0.1560s
  loss_time      =0.0060s
  backward_time  =0.2058s
  optimizer_time =0.0066s
  batch_time     =0.3782s
  cuda_allocated_gb    =0.120
  cuda_reserved_gb     =11.916
  cuda_max_allocated_gb=8.434

train 11 rank0:   3%|â–Ž         | 13/455 [00:05<02:29,  2.96it/s, loss=2.5290]
train 11 rank0:   3%|â–Ž         | 14/455 [00:05<02:34,  2.85it/s, loss=2.5290][PROFILE rank=0 batch=14]
  data_time      =0.0005s
  to_device_time =0.0021s
  forward_time   =0.1327s
  loss_time      =0.0025s
  backward_time  =0.1785s
  optimizer_time =0.0066s
  batch_time     =0.3236s
  cuda_allocated_gb    =0.119
  cuda_reserved_gb     =11.916
  cuda_max_allocated_gb=8.434

train 11 rank0:   3%|â–Ž         | 14/455 [00:05<02:34,  2.85it/s, loss=2.5449]
train 11 rank0:   3%|â–Ž         | 15/455 [00:05<02:31,  2.91it/s, loss=2.5449][PROFILE rank=0 batch=15]
  data_time      =0.0005s
  to_device_time =0.0014s
  forward_time   =0.0926s
  loss_time      =0.0017s
  backward_time  =0.1118s
  optimizer_time =0.0062s
  batch_time     =0.2147s
  cuda_allocated_gb    =0.090
  cuda_reserved_gb     =11.916
  cuda_max_allocated_gb=8.434

train 11 rank0:   3%|â–Ž         | 15/455 [00:05<02:31,  2.91it/s, loss=2.5515]
train 11 rank0:   4%|â–Ž         | 16/455 [00:05<02:14,  3.27it/s, loss=2.5515][PROFILE rank=0 batch=16]
  data_time      =0.0005s
  to_device_time =0.0022s
  forward_time   =0.1379s
  loss_time      =0.0017s
  backward_time  =0.1790s
  optimizer_time =0.0062s
  batch_time     =0.3282s
  cuda_allocated_gb    =0.122
  cuda_reserved_gb     =11.916
  cuda_max_allocated_gb=8.434

train 11 rank0:   4%|â–Ž         | 16/455 [00:05<02:14,  3.27it/s, loss=2.5425]
train 11 rank0:   4%|â–Ž         | 17/455 [00:05<02:17,  3.19it/s, loss=2.5425][PROFILE rank=0 batch=17]
  data_time      =0.0006s
  to_device_time =0.0021s
  forward_time   =0.1377s
  loss_time      =0.0019s
  backward_time  =0.1806s
  optimizer_time =0.0061s
  batch_time     =0.3298s
  cuda_allocated_gb    =0.119
  cuda_reserved_gb     =11.916
  cuda_max_allocated_gb=8.434

train 11 rank0:   4%|â–Ž         | 17/455 [00:06<02:17,  3.19it/s, loss=2.5227]
train 11 rank0:   4%|â–         | 18/455 [00:06<02:19,  3.13it/s, loss=2.5227][PROFILE rank=0 batch=18]
  data_time      =0.0005s
  to_device_time =0.0022s
  forward_time   =0.1355s
  loss_time      =0.0015s
  backward_time  =0.1798s
  optimizer_time =0.0066s
  batch_time     =0.3267s
  cuda_allocated_gb    =0.120
  cuda_reserved_gb     =11.916
  cuda_max_allocated_gb=8.434

train 11 rank0:   4%|â–         | 18/455 [00:06<02:19,  3.13it/s, loss=2.5404]
train 11 rank0:   4%|â–         | 19/455 [00:06<02:20,  3.10it/s, loss=2.5404][PROFILE rank=0 batch=19]
  data_time      =0.0012s
  to_device_time =0.0021s
  forward_time   =0.1398s
  loss_time      =0.0016s
  backward_time  =0.1799s
  optimizer_time =0.0063s
  batch_time     =0.3309s
  cuda_allocated_gb    =0.121
  cuda_reserved_gb     =11.916
  cuda_max_allocated_gb=8.434

[PROFILE average rank=0 first 20 batches (recorded=20)]
  avg_data_time      =0.0151s
  avg_to_device_time =0.0022s
  avg_forward_time   =0.1358s
  avg_loss_time      =0.0019s
  avg_backward_time  =0.1774s
  avg_optimizer_time =0.0066s
  avg_batch_time     =0.3254s
  estimated_full_epoch_minutes=2.47

train 11 rank0:   4%|â–         | 19/455 [00:06<02:20,  3.10it/s, loss=2.5421]
train 11 rank0:   4%|â–         | 20/455 [00:06<02:22,  3.06it/s, loss=2.5421]
train 11 rank0:   4%|â–         | 20/455 [00:07<02:22,  3.06it/s, loss=2.5330]
train 11 rank0:   5%|â–         | 21/455 [00:07<02:21,  3.06it/s, loss=2.5330]
train 11 rank0:   5%|â–         | 21/455 [00:07<02:21,  3.06it/s, loss=2.5376]
train 11 rank0:   5%|â–         | 22/455 [00:07<02:21,  3.05it/s, loss=2.5376]
train 11 rank0:   5%|â–         | 22/455 [00:07<02:21,  3.05it/s, loss=2.5301]
train 11 rank0:   5%|â–Œ         | 23/455 [00:07<02:21,  3.05it/s, loss=2.5301]
train 11 rank0:   5%|â–Œ         | 23/455 [00:08<02:21,  3.05it/s, loss=2.5472]
train 11 rank0:   5%|â–Œ         | 24/455 [00:08<02:21,  3.04it/s, loss=2.5472]
train 11 rank0:   5%|â–Œ         | 24/455 [00:08<02:21,  3.04it/s, loss=2.5552]
train 11 rank0:   5%|â–Œ         | 25/455 [00:08<02:21,  3.04it/s, loss=2.5552]
train 11 rank0:   5%|â–Œ         | 25/455 [00:08<02:21,  3.04it/s, loss=2.5422]
train 11 rank0:   6%|â–Œ         | 26/455 [00:08<02:21,  3.03it/s, loss=2.5422]
train 11 rank0:   6%|â–Œ         | 26/455 [00:09<02:21,  3.03it/s, loss=2.5264]
train 11 rank0:   6%|â–Œ         | 27/455 [00:09<02:20,  3.04it/s, loss=2.5264]
train 11 rank0:   6%|â–Œ         | 27/455 [00:09<02:20,  3.04it/s, loss=2.5153]
train 11 rank0:   6%|â–Œ         | 28/455 [00:09<02:20,  3.04it/s, loss=2.5153]
train 11 rank0:   6%|â–Œ         | 28/455 [00:09<02:20,  3.04it/s, loss=2.5219]
train 11 rank0:   6%|â–‹         | 29/455 [00:09<02:22,  3.00it/s, loss=2.5219]
train 11 rank0:   6%|â–‹         | 29/455 [00:10<02:22,  3.00it/s, loss=2.5215]
train 11 rank0:   7%|â–‹         | 30/455 [00:10<02:23,  2.97it/s, loss=2.5215]
                                                                             
/usr/local/lib/python3.12/dist-packages/torch/distributed/c10d_logger.py:83: UserWarning: barrier(): using the device under current context. You can specify `device_id` in `init_process_group` to mute this warning.
  return func(*args, **kwargs)

val:   0%|          | 0/57 [00:00<?, ?it/s]
val:   2%|â–         | 1/57 [00:00<00:50,  1.12it/s]
val:   4%|â–Ž         | 2/57 [00:01<00:43,  1.26it/s]
val:   5%|â–Œ         | 3/57 [00:02<00:41,  1.31it/s]
val:   7%|â–‹         | 4/57 [00:03<00:39,  1.34it/s]
val:   9%|â–‰         | 5/57 [00:03<00:38,  1.35it/s]
val:  11%|â–ˆ         | 6/57 [00:04<00:37,  1.36it/s]
val:  12%|â–ˆâ–        | 7/57 [00:05<00:36,  1.37it/s]
val:  14%|â–ˆâ–        | 8/57 [00:05<00:35,  1.37it/s]
val:  16%|â–ˆâ–Œ        | 9/57 [00:06<00:34,  1.37it/s]
val:  18%|â–ˆâ–Š        | 10/57 [00:07<00:34,  1.37it/s]
                                                    
Epoch 011/015 | loss=2.5359 acc=0.1440 macro_f1=0.1343 | val_loss=2.5331 val_acc=0.1672 val_macro_f1=0.1065 | ckpt_monitor=val_macro_f1:0.1065 best_val_macro_f1=0.1369 best_epoch=10 early_val_macro_f1=0.1369 sec/batch=0.340s cuda_rankmax=8.434GB
          val pred_count: [257, 68, 69, 207, 33, 0, 6]
          no improvement: 1/12
/usr/local/lib/python3.12/dist-packages/torch/distributed/c10d_logger.py:83: UserWarning: barrier(): using the device under current context. You can specify `device_id` in `init_process_group` to mute this warning.
  return func(*args, **kwargs)

train 12 rank0:   0%|          | 0/455 [00:00<?, ?it/s][PROFILE rank=0 batch=0]
  data_time      =0.2556s
  to_device_time =0.0022s
  forward_time   =0.1360s
  loss_time      =0.0013s
  backward_time  =0.1759s
  optimizer_time =0.0062s
  batch_time     =0.9580s
  cuda_allocated_gb    =0.119
  cuda_reserved_gb     =11.916
  cuda_max_allocated_gb=8.434

train 12 rank0:   0%|          | 0/455 [00:01<?, ?it/s, loss=2.5248]
train 12 rank0:   0%|          | 1/455 [00:01<09:12,  1.22s/it, loss=2.5248][PROFILE rank=0 batch=1]
  data_time      =0.0006s
  to_device_time =0.0022s
  forward_time   =0.1389s
  loss_time      =0.0016s
  backward_time  =0.1782s
  optimizer_time =0.0059s
  batch_time     =0.3279s
  cuda_allocated_gb    =0.119
  cuda_reserved_gb     =11.916
  cuda_max_allocated_gb=8.434

train 12 rank0:   0%|          | 1/455 [00:01<09:12,  1.22s/it, loss=2.5415]
train 12 rank0:   0%|          | 2/455 [00:01<05:15,  1.44it/s, loss=2.5415][PROFILE rank=0 batch=2]
  data_time      =0.0005s
  to_device_time =0.0022s
  forward_time   =0.1356s
  loss_time      =0.0015s
  backward_time  =0.1808s
  optimizer_time =0.0059s
  batch_time     =0.3301s
  cuda_allocated_gb    =0.120
  cuda_reserved_gb     =11.916
  cuda_max_allocated_gb=8.434

train 12 rank0:   0%|          | 2/455 [00:01<05:15,  1.44it/s, loss=2.5332]
train 12 rank0:   1%|          | 3/455 [00:01<03:59,  1.88it/s, loss=2.5332][PROFILE rank=0 batch=3]
  data_time      =0.0005s
  to_device_time =0.0021s
  forward_time   =0.1349s
  loss_time      =0.0016s
  backward_time  =0.1821s
  optimizer_time =0.0060s
  batch_time     =0.3279s
  cuda_allocated_gb    =0.121
  cuda_reserved_gb     =11.916
  cuda_max_allocated_gb=8.434

train 12 rank0:   1%|          | 3/455 [00:02<03:59,  1.88it/s, loss=2.5361]
train 12 rank0:   1%|          | 4/455 [00:02<03:23,  2.21it/s, loss=2.5361][PROFILE rank=0 batch=4]
  data_time      =0.0005s
  to_device_time =0.0021s
  forward_time   =0.1381s
  loss_time      =0.0016s
  backward_time  =0.1818s
  optimizer_time =0.0063s
  batch_time     =0.3310s
  cuda_allocated_gb    =0.120
  cuda_reserved_gb     =11.916
  cuda_max_allocated_gb=8.434

train 12 rank0:   1%|          | 4/455 [00:02<03:23,  2.21it/s, loss=2.5065]
train 12 rank0:   1%|          | 5/455 [00:02<03:04,  2.44it/s, loss=2.5065][PROFILE rank=0 batch=5]
  data_time      =0.0005s
  to_device_time =0.0022s
  forward_time   =0.1363s
  loss_time      =0.0016s
  backward_time  =0.1790s
  optimizer_time =0.0062s
  batch_time     =0.3263s
  cuda_allocated_gb    =0.120
  cuda_reserved_gb     =11.916
  cuda_max_allocated_gb=8.434

train 12 rank0:   1%|          | 5/455 [00:02<03:04,  2.44it/s, loss=2.5193]
train 12 rank0:   1%|â–         | 6/455 [00:02<02:51,  2.61it/s, loss=2.5193][PROFILE rank=0 batch=6]
  data_time      =0.0006s
  to_device_time =0.0022s
  forward_time   =0.1371s
  loss_time      =0.0017s
  backward_time  =0.1828s
  optimizer_time =0.0064s
  batch_time     =0.3314s
  cuda_allocated_gb    =0.119
  cuda_reserved_gb     =11.916
  cuda_max_allocated_gb=8.434

train 12 rank0:   1%|â–         | 6/455 [00:03<02:51,  2.61it/s, loss=2.5333]
train 12 rank0:   2%|â–         | 7/455 [00:03<02:44,  2.72it/s, loss=2.5333][PROFILE rank=0 batch=7]
  data_time      =0.0005s
  to_device_time =0.0021s
  forward_time   =0.1364s
  loss_time      =0.0017s
  backward_time  =0.1811s
  optimizer_time =0.0060s
  batch_time     =0.3284s
  cuda_allocated_gb    =0.120
  cuda_reserved_gb     =11.916
  cuda_max_allocated_gb=8.434

train 12 rank0:   2%|â–         | 7/455 [00:03<02:44,  2.72it/s, loss=2.5177]
train 12 rank0:   2%|â–         | 8/455 [00:03<02:39,  2.81it/s, loss=2.5177][PROFILE rank=0 batch=8]
  data_time      =0.0005s
  to_device_time =0.0021s
  forward_time   =0.1363s
  loss_time      =0.0016s
  backward_time  =0.1823s
  optimizer_time =0.0066s
  batch_time     =0.3299s
  cuda_allocated_gb    =0.120
  cuda_reserved_gb     =11.916
  cuda_max_allocated_gb=8.434

train 12 rank0:   2%|â–         | 8/455 [00:03<02:39,  2.81it/s, loss=2.5481]
train 12 rank0:   2%|â–         | 9/455 [00:03<02:35,  2.87it/s, loss=2.5481][PROFILE rank=0 batch=9]
  data_time      =0.0005s
  to_device_time =0.0022s
  forward_time   =0.1385s
  loss_time      =0.0016s
  backward_time  =0.1818s
  optimizer_time =0.0102s
  batch_time     =0.3353s
  cuda_allocated_gb    =0.120
  cuda_reserved_gb     =11.916
  cuda_max_allocated_gb=8.434

train 12 rank0:   2%|â–         | 9/455 [00:04<02:35,  2.87it/s, loss=2.5426]
train 12 rank0:   2%|â–         | 10/455 [00:04<02:34,  2.89it/s, loss=2.5426][PROFILE rank=0 batch=10]
  data_time      =0.0006s
  to_device_time =0.0022s
  forward_time   =0.1351s
  loss_time      =0.0015s
  backward_time  =0.1817s
  optimizer_time =0.0101s
  batch_time     =0.3316s
  cuda_allocated_gb    =0.119
  cuda_reserved_gb     =11.916
  cuda_max_allocated_gb=8.434

train 12 rank0:   2%|â–         | 10/455 [00:04<02:34,  2.89it/s, loss=2.5450]
train 12 rank0:   2%|â–         | 11/455 [00:04<02:32,  2.92it/s, loss=2.5450][PROFILE rank=0 batch=11]
  data_time      =0.0006s
  to_device_time =0.0022s
  forward_time   =0.1356s
  loss_time      =0.0016s
  backward_time  =0.1806s
  optimizer_time =0.0062s
  batch_time     =0.3273s
  cuda_allocated_gb    =0.120
  cuda_reserved_gb     =11.916
  cuda_max_allocated_gb=8.434

train 12 rank0:   2%|â–         | 11/455 [00:04<02:32,  2.92it/s, loss=2.5223]
train 12 rank0:   3%|â–Ž         | 12/455 [00:04<02:30,  2.95it/s, loss=2.5223][PROFILE rank=0 batch=12]
  data_time      =0.0004s
  to_device_time =0.0021s
  forward_time   =0.1439s
  loss_time      =0.0022s
  backward_time  =0.1875s
  optimizer_time =0.0067s
  batch_time     =0.3437s
  cuda_allocated_gb    =0.120
  cuda_reserved_gb     =11.916
  cuda_max_allocated_gb=8.434

train 12 rank0:   3%|â–Ž         | 12/455 [00:05<02:30,  2.95it/s, loss=2.5156]
train 12 rank0:   3%|â–Ž         | 13/455 [00:05<02:31,  2.93it/s, loss=2.5156][PROFILE rank=0 batch=13]
  data_time      =0.0005s
  to_device_time =0.0022s
  forward_time   =0.1426s
  loss_time      =0.0022s
  backward_time  =0.1899s
  optimizer_time =0.0064s
  batch_time     =0.3446s
  cuda_allocated_gb    =0.120
  cuda_reserved_gb     =11.916
  cuda_max_allocated_gb=8.434

train 12 rank0:   3%|â–Ž         | 13/455 [00:05<02:31,  2.93it/s, loss=2.5298]
train 12 rank0:   3%|â–Ž         | 14/455 [00:05<02:31,  2.91it/s, loss=2.5298][PROFILE rank=0 batch=14]
  data_time      =0.0005s
  to_device_time =0.0022s
  forward_time   =0.1391s
  loss_time      =0.0017s
  backward_time  =0.1822s
  optimizer_time =0.0063s
  batch_time     =0.3324s
  cuda_allocated_gb    =0.119
  cuda_reserved_gb     =11.916
  cuda_max_allocated_gb=8.434

train 12 rank0:   3%|â–Ž         | 14/455 [00:05<02:31,  2.91it/s, loss=2.5577]
train 12 rank0:   3%|â–Ž         | 15/455 [00:05<02:30,  2.93it/s, loss=2.5577][PROFILE rank=0 batch=15]
  data_time      =0.0029s
  to_device_time =0.0014s
  forward_time   =0.0884s
  loss_time      =0.0016s
  backward_time  =0.1135s
  optimizer_time =0.0062s
  batch_time     =0.2122s
  cuda_allocated_gb    =0.090
  cuda_reserved_gb     =11.916
  cuda_max_allocated_gb=8.434

train 12 rank0:   3%|â–Ž         | 15/455 [00:06<02:30,  2.93it/s, loss=2.5264]
train 12 rank0:   4%|â–Ž         | 16/455 [00:06<02:13,  3.29it/s, loss=2.5264][PROFILE rank=0 batch=16]
  data_time      =0.0005s
  to_device_time =0.0022s
  forward_time   =0.1378s
  loss_time      =0.0020s
  backward_time  =0.1838s
  optimizer_time =0.0062s
  batch_time     =0.3331s
  cuda_allocated_gb    =0.122
  cuda_reserved_gb     =11.916
  cuda_max_allocated_gb=8.434

train 12 rank0:   4%|â–Ž         | 16/455 [00:06<02:13,  3.29it/s, loss=2.5371]
train 12 rank0:   4%|â–Ž         | 17/455 [00:06<02:17,  3.18it/s, loss=2.5371][PROFILE rank=0 batch=17]
  data_time      =0.0005s
  to_device_time =0.0022s
  forward_time   =0.1398s
  loss_time      =0.0016s
  backward_time  =0.1814s
  optimizer_time =0.0061s
  batch_time     =0.3321s
  cuda_allocated_gb    =0.119
  cuda_reserved_gb     =11.916
  cuda_max_allocated_gb=8.434

train 12 rank0:   4%|â–Ž         | 17/455 [00:06<02:17,  3.18it/s, loss=2.5391]
train 12 rank0:   4%|â–         | 18/455 [00:06<02:20,  3.12it/s, loss=2.5391][PROFILE rank=0 batch=18]
  data_time      =0.0034s
  to_device_time =0.0022s
  forward_time   =0.1370s
  loss_time      =0.0018s
  backward_time  =0.1814s
  optimizer_time =0.0066s
  batch_time     =0.3302s
  cuda_allocated_gb    =0.120
  cuda_reserved_gb     =11.916
  cuda_max_allocated_gb=8.434

train 12 rank0:   4%|â–         | 18/455 [00:07<02:20,  3.12it/s, loss=2.5318]
train 12 rank0:   4%|â–         | 19/455 [00:07<02:21,  3.07it/s, loss=2.5318][PROFILE rank=0 batch=19]
  data_time      =0.0006s
  to_device_time =0.0022s
  forward_time   =0.1366s
  loss_time      =0.0016s
  backward_time  =0.1854s
  optimizer_time =0.0066s
  batch_time     =0.3334s
  cuda_allocated_gb    =0.121
  cuda_reserved_gb     =11.916
  cuda_max_allocated_gb=8.434

[PROFILE average rank=0 first 20 batches (recorded=20)]
  avg_data_time      =0.0135s
  avg_to_device_time =0.0021s
  avg_forward_time   =0.1352s
  avg_loss_time      =0.0017s
  avg_backward_time  =0.1787s
  avg_optimizer_time =0.0066s
  avg_batch_time     =0.3573s
  estimated_full_epoch_minutes=2.71

train 12 rank0:   4%|â–         | 19/455 [00:07<02:21,  3.07it/s, loss=2.5452]
train 12 rank0:   4%|â–         | 20/455 [00:07<02:23,  3.04it/s, loss=2.5452]
train 12 rank0:   4%|â–         | 20/455 [00:07<02:23,  3.04it/s, loss=2.5207]
train 12 rank0:   5%|â–         | 21/455 [00:07<02:23,  3.03it/s, loss=2.5207]
train 12 rank0:   5%|â–         | 21/455 [00:08<02:23,  3.03it/s, loss=2.5380]
train 12 rank0:   5%|â–         | 22/455 [00:08<02:23,  3.02it/s, loss=2.5380]
train 12 rank0:   5%|â–         | 22/455 [00:08<02:23,  3.02it/s, loss=2.5355]
train 12 rank0:   5%|â–Œ         | 23/455 [00:08<02:23,  3.01it/s, loss=2.5355]
train 12 rank0:   5%|â–Œ         | 23/455 [00:08<02:23,  3.01it/s, loss=2.5567]
train 12 rank0:   5%|â–Œ         | 24/455 [00:08<02:23,  3.00it/s, loss=2.5567]
train 12 rank0:   5%|â–Œ         | 24/455 [00:09<02:23,  3.00it/s, loss=2.5309]
train 12 rank0:   5%|â–Œ         | 25/455 [00:09<02:23,  3.00it/s, loss=2.5309]
train 12 rank0:   5%|â–Œ         | 25/455 [00:09<02:23,  3.00it/s, loss=2.5325]
train 12 rank0:   6%|â–Œ         | 26/455 [00:09<02:23,  2.99it/s, loss=2.5325]
train 12 rank0:   6%|â–Œ         | 26/455 [00:09<02:23,  2.99it/s, loss=2.5126]
train 12 rank0:   6%|â–Œ         | 27/455 [00:09<02:23,  2.98it/s, loss=2.5126]
train 12 rank0:   6%|â–Œ         | 27/455 [00:10<02:23,  2.98it/s, loss=2.5344]
train 12 rank0:   6%|â–Œ         | 28/455 [00:10<02:23,  2.98it/s, loss=2.5344]
train 12 rank0:   6%|â–Œ         | 28/455 [00:10<02:23,  2.98it/s, loss=2.5656]
train 12 rank0:   6%|â–‹         | 29/455 [00:10<02:25,  2.93it/s, loss=2.5656]
train 12 rank0:   6%|â–‹         | 29/455 [00:10<02:25,  2.93it/s, loss=2.5387]
train 12 rank0:   7%|â–‹         | 30/455 [00:10<02:25,  2.92it/s, loss=2.5387]
                                                                             
/usr/local/lib/python3.12/dist-packages/torch/distributed/c10d_logger.py:83: UserWarning: barrier(): using the device under current context. You can specify `device_id` in `init_process_group` to mute this warning.
  return func(*args, **kwargs)

val:   0%|          | 0/57 [00:00<?, ?it/s]
val:   2%|â–         | 1/57 [00:00<00:52,  1.08it/s]
val:   4%|â–Ž         | 2/57 [00:01<00:44,  1.23it/s]
val:   5%|â–Œ         | 3/57 [00:02<00:41,  1.29it/s]
val:   7%|â–‹         | 4/57 [00:03<00:40,  1.31it/s]
val:   9%|â–‰         | 5/57 [00:03<00:39,  1.33it/s]
val:  11%|â–ˆ         | 6/57 [00:04<00:38,  1.34it/s]
val:  12%|â–ˆâ–        | 7/57 [00:05<00:37,  1.34it/s]
val:  14%|â–ˆâ–        | 8/57 [00:06<00:36,  1.35it/s]
val:  16%|â–ˆâ–Œ        | 9/57 [00:06<00:35,  1.35it/s]
val:  18%|â–ˆâ–Š        | 10/57 [00:07<00:34,  1.35it/s]
                                                    
Epoch 012/015 | loss=2.5334 acc=0.1361 macro_f1=0.1256 | val_loss=2.5331 val_acc=0.1766 val_macro_f1=0.1147 | ckpt_monitor=val_macro_f1:0.1147 best_val_macro_f1=0.1369 best_epoch=10 early_val_macro_f1=0.1369 sec/batch=0.363s cuda_rankmax=8.434GB
          val pred_count: [199, 69, 77, 232, 37, 0, 26]
          no improvement: 2/12
/usr/local/lib/python3.12/dist-packages/torch/distributed/c10d_logger.py:83: UserWarning: barrier(): using the device under current context. You can specify `device_id` in `init_process_group` to mute this warning.
  return func(*args, **kwargs)

train 13 rank0:   0%|          | 0/455 [00:00<?, ?it/s][PROFILE rank=0 batch=0]
  data_time      =0.3169s
  to_device_time =0.0031s
  forward_time   =0.1447s
  loss_time      =0.0013s
  backward_time  =0.1869s
  optimizer_time =0.0059s
  batch_time     =0.3460s
  cuda_allocated_gb    =0.119
  cuda_reserved_gb     =11.916
  cuda_max_allocated_gb=8.434

train 13 rank0:   0%|          | 0/455 [00:00<?, ?it/s, loss=2.5505]
train 13 rank0:   0%|          | 1/455 [00:00<05:02,  1.50it/s, loss=2.5505][PROFILE rank=0 batch=1]
  data_time      =0.0005s
  to_device_time =0.0022s
  forward_time   =0.1415s
  loss_time      =0.0016s
  backward_time  =0.1854s
  optimizer_time =0.0063s
  batch_time     =0.3381s
  cuda_allocated_gb    =0.119
  cuda_reserved_gb     =11.916
  cuda_max_allocated_gb=8.434

train 13 rank0:   0%|          | 1/455 [00:01<05:02,  1.50it/s, loss=2.5414]
train 13 rank0:   0%|          | 2/455 [00:01<03:35,  2.10it/s, loss=2.5414][PROFILE rank=0 batch=2]
  data_time      =0.0005s
  to_device_time =0.0021s
  forward_time   =0.1373s
  loss_time      =0.0015s
  backward_time  =0.1845s
  optimizer_time =0.0059s
  batch_time     =0.3324s
  cuda_allocated_gb    =0.120
  cuda_reserved_gb     =11.916
  cuda_max_allocated_gb=8.434

train 13 rank0:   0%|          | 2/455 [00:01<03:35,  2.10it/s, loss=2.5351]
train 13 rank0:   1%|          | 3/455 [00:01<03:06,  2.43it/s, loss=2.5351][PROFILE rank=0 batch=3]
  data_time      =0.0005s
  to_device_time =0.0021s
  forward_time   =0.1409s
  loss_time      =0.0016s
  backward_time  =0.1851s
  optimizer_time =0.0059s
  batch_time     =0.3367s
  cuda_allocated_gb    =0.121
  cuda_reserved_gb     =11.916
  cuda_max_allocated_gb=8.434

train 13 rank0:   1%|          | 3/455 [00:01<03:06,  2.43it/s, loss=2.5564]
train 13 rank0:   1%|          | 4/455 [00:01<02:52,  2.61it/s, loss=2.5564][PROFILE rank=0 batch=4]
  data_time      =0.0004s
  to_device_time =0.0022s
  forward_time   =0.1424s
  loss_time      =0.0017s
  backward_time  =0.1861s
  optimizer_time =0.0061s
  batch_time     =0.3396s
  cuda_allocated_gb    =0.120
  cuda_reserved_gb     =11.916
  cuda_max_allocated_gb=8.434

train 13 rank0:   1%|          | 4/455 [00:02<02:52,  2.61it/s, loss=2.5251]
train 13 rank0:   1%|          | 5/455 [00:02<02:45,  2.71it/s, loss=2.5251][PROFILE rank=0 batch=5]
  data_time      =0.0032s
  to_device_time =0.0022s
  forward_time   =0.1393s
  loss_time      =0.0015s
  backward_time  =0.1871s
  optimizer_time =0.0065s
  batch_time     =0.3377s
  cuda_allocated_gb    =0.120
  cuda_reserved_gb     =11.916
  cuda_max_allocated_gb=8.434

train 13 rank0:   1%|          | 5/455 [00:02<02:45,  2.71it/s, loss=2.5213]
train 13 rank0:   1%|â–         | 6/455 [00:02<02:41,  2.77it/s, loss=2.5213][PROFILE rank=0 batch=6]
  data_time      =0.0005s
  to_device_time =0.0022s
  forward_time   =0.1406s
  loss_time      =0.0016s
  backward_time  =0.1878s
  optimizer_time =0.0059s
  batch_time     =0.3392s
  cuda_allocated_gb    =0.119
  cuda_reserved_gb     =11.916
  cuda_max_allocated_gb=8.434

train 13 rank0:   1%|â–         | 6/455 [00:02<02:41,  2.77it/s, loss=2.5513]
train 13 rank0:   2%|â–         | 7/455 [00:02<02:38,  2.82it/s, loss=2.5513][PROFILE rank=0 batch=7]
  data_time      =0.0006s
  to_device_time =0.0022s
  forward_time   =0.1401s
  loss_time      =0.0016s
  backward_time  =0.1848s
  optimizer_time =0.0063s
  batch_time     =0.3360s
  cuda_allocated_gb    =0.120
  cuda_reserved_gb     =11.916
  cuda_max_allocated_gb=8.434

train 13 rank0:   2%|â–         | 7/455 [00:03<02:38,  2.82it/s, loss=2.5350]
train 13 rank0:   2%|â–         | 8/455 [00:03<02:36,  2.86it/s, loss=2.5350][PROFILE rank=0 batch=8]
  data_time      =0.0005s
  to_device_time =0.0022s
  forward_time   =0.1412s
  loss_time      =0.0015s
  backward_time  =0.1856s
  optimizer_time =0.0066s
  batch_time     =0.3383s
  cuda_allocated_gb    =0.120
  cuda_reserved_gb     =11.916
  cuda_max_allocated_gb=8.434

train 13 rank0:   2%|â–         | 8/455 [00:03<02:36,  2.86it/s, loss=2.5324]
train 13 rank0:   2%|â–         | 9/455 [00:03<02:34,  2.88it/s, loss=2.5324][PROFILE rank=0 batch=9]
  data_time      =0.0005s
  to_device_time =0.0022s
  forward_time   =0.1363s
  loss_time      =0.0015s
  backward_time  =0.1873s
  optimizer_time =0.0070s
  batch_time     =0.3354s
  cuda_allocated_gb    =0.120
  cuda_reserved_gb     =11.916
  cuda_max_allocated_gb=8.434

train 13 rank0:   2%|â–         | 9/455 [00:03<02:34,  2.88it/s, loss=2.5499]
train 13 rank0:   2%|â–         | 10/455 [00:03<02:33,  2.90it/s, loss=2.5499][PROFILE rank=0 batch=10]
  data_time      =0.0006s
  to_device_time =0.0022s
  forward_time   =0.1420s
  loss_time      =0.0018s
  backward_time  =0.1838s
  optimizer_time =0.0059s
  batch_time     =0.3369s
  cuda_allocated_gb    =0.119
  cuda_reserved_gb     =11.916
  cuda_max_allocated_gb=8.434

train 13 rank0:   2%|â–         | 10/455 [00:04<02:33,  2.90it/s, loss=2.5320]
train 13 rank0:   2%|â–         | 11/455 [00:04<02:32,  2.91it/s, loss=2.5320][PROFILE rank=0 batch=11]
  data_time      =0.0005s
  to_device_time =0.0022s
  forward_time   =0.1425s
  loss_time      =0.0015s
  backward_time  =0.1867s
  optimizer_time =0.0076s
  batch_time     =0.3415s
  cuda_allocated_gb    =0.120
  cuda_reserved_gb     =11.916
  cuda_max_allocated_gb=8.434

train 13 rank0:   2%|â–         | 11/455 [00:04<02:32,  2.91it/s, loss=2.5418]
train 13 rank0:   3%|â–Ž         | 12/455 [00:04<02:32,  2.91it/s, loss=2.5418][PROFILE rank=0 batch=12]
  data_time      =0.0005s
  to_device_time =0.0022s
  forward_time   =0.1468s
  loss_time      =0.0023s
  backward_time  =0.1893s
  optimizer_time =0.0067s
  batch_time     =0.3486s
  cuda_allocated_gb    =0.120
  cuda_reserved_gb     =11.916
  cuda_max_allocated_gb=8.434

train 13 rank0:   3%|â–Ž         | 12/455 [00:04<02:32,  2.91it/s, loss=2.5214]
train 13 rank0:   3%|â–Ž         | 13/455 [00:04<02:33,  2.89it/s, loss=2.5214][PROFILE rank=0 batch=13]
  data_time      =0.0005s
  to_device_time =0.0022s
  forward_time   =0.1462s
  loss_time      =0.0033s
  backward_time  =0.1887s
  optimizer_time =0.0062s
  batch_time     =0.3481s
  cuda_allocated_gb    =0.120
  cuda_reserved_gb     =11.916
  cuda_max_allocated_gb=8.434

train 13 rank0:   3%|â–Ž         | 13/455 [00:05<02:33,  2.89it/s, loss=2.5237]
train 13 rank0:   3%|â–Ž         | 14/455 [00:05<02:33,  2.87it/s, loss=2.5237][PROFILE rank=0 batch=14]
  data_time      =0.0005s
  to_device_time =0.0022s
  forward_time   =0.1412s
  loss_time      =0.0016s
  backward_time  =0.1876s
  optimizer_time =0.0060s
  batch_time     =0.3396s
  cuda_allocated_gb    =0.119
  cuda_reserved_gb     =11.916
  cuda_max_allocated_gb=8.434

train 13 rank0:   3%|â–Ž         | 14/455 [00:05<02:33,  2.87it/s, loss=2.5627]
train 13 rank0:   3%|â–Ž         | 15/455 [00:05<02:32,  2.89it/s, loss=2.5627][PROFILE rank=0 batch=15]
  data_time      =0.0005s
  to_device_time =0.0014s
  forward_time   =0.1007s
  loss_time      =0.0020s
  backward_time  =0.1149s
  optimizer_time =0.0061s
  batch_time     =0.2262s
  cuda_allocated_gb    =0.090
  cuda_reserved_gb     =11.916
  cuda_max_allocated_gb=8.434

train 13 rank0:   3%|â–Ž         | 15/455 [00:05<02:32,  2.89it/s, loss=2.5226]
train 13 rank0:   4%|â–Ž         | 16/455 [00:05<02:16,  3.21it/s, loss=2.5226][PROFILE rank=0 batch=16]
  data_time      =0.0005s
  to_device_time =0.0022s
  forward_time   =0.1392s
  loss_time      =0.0016s
  backward_time  =0.1870s
  optimizer_time =0.0064s
  batch_time     =0.3375s
  cuda_allocated_gb    =0.122
  cuda_reserved_gb     =11.916
  cuda_max_allocated_gb=8.434

train 13 rank0:   4%|â–Ž         | 16/455 [00:06<02:16,  3.21it/s, loss=2.5613]
train 13 rank0:   4%|â–Ž         | 17/455 [00:06<02:20,  3.12it/s, loss=2.5613][PROFILE rank=0 batch=17]
  data_time      =0.0005s
  to_device_time =0.0021s
  forward_time   =0.1426s
  loss_time      =0.0015s
  backward_time  =0.1866s
  optimizer_time =0.0060s
  batch_time     =0.3401s
  cuda_allocated_gb    =0.119
  cuda_reserved_gb     =11.916
  cuda_max_allocated_gb=8.434

train 13 rank0:   4%|â–Ž         | 17/455 [00:06<02:20,  3.12it/s, loss=2.5315]
train 13 rank0:   4%|â–         | 18/455 [00:06<02:23,  3.06it/s, loss=2.5315][PROFILE rank=0 batch=18]
  data_time      =0.0005s
  to_device_time =0.0022s
  forward_time   =0.1425s
  loss_time      =0.0016s
  backward_time  =0.1852s
  optimizer_time =0.0059s
  batch_time     =0.3384s
  cuda_allocated_gb    =0.120
  cuda_reserved_gb     =11.916
  cuda_max_allocated_gb=8.434

train 13 rank0:   4%|â–         | 18/455 [00:06<02:23,  3.06it/s, loss=2.5213]
train 13 rank0:   4%|â–         | 19/455 [00:06<02:24,  3.01it/s, loss=2.5213][PROFILE rank=0 batch=19]
  data_time      =0.0005s
  to_device_time =0.0022s
  forward_time   =0.1421s
  loss_time      =0.0015s
  backward_time  =0.1859s
  optimizer_time =0.0063s
  batch_time     =0.3391s
  cuda_allocated_gb    =0.121
  cuda_reserved_gb     =11.916
  cuda_max_allocated_gb=8.434

[PROFILE average rank=0 first 20 batches (recorded=20)]
  avg_data_time      =0.0165s
  avg_to_device_time =0.0022s
  avg_forward_time   =0.1395s
  avg_loss_time      =0.0017s
  avg_backward_time  =0.1828s
  avg_optimizer_time =0.0063s
  avg_batch_time     =0.3338s
  estimated_full_epoch_minutes=2.53

train 13 rank0:   4%|â–         | 19/455 [00:07<02:24,  3.01it/s, loss=2.5321]
train 13 rank0:   4%|â–         | 20/455 [00:07<02:25,  2.99it/s, loss=2.5321]
train 13 rank0:   4%|â–         | 20/455 [00:07<02:25,  2.99it/s, loss=2.5494]
train 13 rank0:   5%|â–         | 21/455 [00:07<02:25,  2.97it/s, loss=2.5494]
train 13 rank0:   5%|â–         | 21/455 [00:07<02:25,  2.97it/s, loss=2.5377]
train 13 rank0:   5%|â–         | 22/455 [00:07<02:26,  2.96it/s, loss=2.5377]
train 13 rank0:   5%|â–         | 22/455 [00:08<02:26,  2.96it/s, loss=2.5426]
train 13 rank0:   5%|â–Œ         | 23/455 [00:08<02:26,  2.95it/s, loss=2.5426]
train 13 rank0:   5%|â–Œ         | 23/455 [00:08<02:26,  2.95it/s, loss=2.5396]
train 13 rank0:   5%|â–Œ         | 24/455 [00:08<02:26,  2.95it/s, loss=2.5396]
train 13 rank0:   5%|â–Œ         | 24/455 [00:08<02:26,  2.95it/s, loss=2.5211]
train 13 rank0:   5%|â–Œ         | 25/455 [00:08<02:25,  2.95it/s, loss=2.5211]
train 13 rank0:   5%|â–Œ         | 25/455 [00:09<02:25,  2.95it/s, loss=2.5336]
train 13 rank0:   6%|â–Œ         | 26/455 [00:09<02:26,  2.93it/s, loss=2.5336]
train 13 rank0:   6%|â–Œ         | 26/455 [00:09<02:26,  2.93it/s, loss=2.5257]
train 13 rank0:   6%|â–Œ         | 27/455 [00:09<02:26,  2.93it/s, loss=2.5257]
train 13 rank0:   6%|â–Œ         | 27/455 [00:09<02:26,  2.93it/s, loss=2.5326]
train 13 rank0:   6%|â–Œ         | 28/455 [00:09<02:26,  2.92it/s, loss=2.5326]
train 13 rank0:   6%|â–Œ         | 28/455 [00:10<02:26,  2.92it/s, loss=2.5358]
train 13 rank0:   6%|â–‹         | 29/455 [00:10<02:28,  2.88it/s, loss=2.5358]
train 13 rank0:   6%|â–‹         | 29/455 [00:10<02:28,  2.88it/s, loss=2.5451]
train 13 rank0:   7%|â–‹         | 30/455 [00:10<02:28,  2.87it/s, loss=2.5451]
                                                                             
/usr/local/lib/python3.12/dist-packages/torch/distributed/c10d_logger.py:83: UserWarning: barrier(): using the device under current context. You can specify `device_id` in `init_process_group` to mute this warning.
  return func(*args, **kwargs)

val:   0%|          | 0/57 [00:00<?, ?it/s]
val:   2%|â–         | 1/57 [00:00<00:54,  1.03it/s]
val:   4%|â–Ž         | 2/57 [00:01<00:46,  1.19it/s]
val:   5%|â–Œ         | 3/57 [00:02<00:43,  1.25it/s]
val:   7%|â–‹         | 4/57 [00:03<00:41,  1.28it/s]
val:   9%|â–‰         | 5/57 [00:03<00:39,  1.30it/s]
val:  11%|â–ˆ         | 6/57 [00:04<00:38,  1.31it/s]
val:  12%|â–ˆâ–        | 7/57 [00:05<00:37,  1.32it/s]
val:  14%|â–ˆâ–        | 8/57 [00:06<00:36,  1.33it/s]
val:  16%|â–ˆâ–Œ        | 9/57 [00:06<00:36,  1.33it/s]
val:  18%|â–ˆâ–Š        | 10/57 [00:07<00:35,  1.33it/s]
                                                    
Epoch 013/015 | loss=2.5369 acc=0.1429 macro_f1=0.1336 | val_loss=2.5331 val_acc=0.1688 val_macro_f1=0.1245 | ckpt_monitor=val_macro_f1:0.1245 best_val_macro_f1=0.1369 best_epoch=10 early_val_macro_f1=0.1369 sec/batch=0.351s cuda_rankmax=8.434GB
          val pred_count: [206, 79, 82, 192, 54, 1, 26]
          no improvement: 3/12
/usr/local/lib/python3.12/dist-packages/torch/distributed/c10d_logger.py:83: UserWarning: barrier(): using the device under current context. You can specify `device_id` in `init_process_group` to mute this warning.
  return func(*args, **kwargs)

train 14 rank0:   0%|          | 0/455 [00:00<?, ?it/s][PROFILE rank=0 batch=0]
  data_time      =0.2901s
  to_device_time =0.0023s
  forward_time   =0.1437s
  loss_time      =0.0014s
  backward_time  =0.1765s
  optimizer_time =0.0067s
  batch_time     =0.3839s
  cuda_allocated_gb    =0.119
  cuda_reserved_gb     =11.916
  cuda_max_allocated_gb=8.434

train 14 rank0:   0%|          | 0/455 [00:00<?, ?it/s, loss=2.5233]
train 14 rank0:   0%|          | 1/455 [00:00<05:07,  1.48it/s, loss=2.5233][PROFILE rank=0 batch=1]
  data_time      =0.0005s
  to_device_time =0.0022s
  forward_time   =0.1392s
  loss_time      =0.0015s
  backward_time  =0.1852s
  optimizer_time =0.0063s
  batch_time     =0.3355s
  cuda_allocated_gb    =0.119
  cuda_reserved_gb     =11.916
  cuda_max_allocated_gb=8.434

train 14 rank0:   0%|          | 1/455 [00:01<05:07,  1.48it/s, loss=2.5376]
train 14 rank0:   0%|          | 2/455 [00:01<03:36,  2.09it/s, loss=2.5376][PROFILE rank=0 batch=2]
  data_time      =0.0006s
  to_device_time =0.0022s
  forward_time   =0.1388s
  loss_time      =0.0016s
  backward_time  =0.1862s
  optimizer_time =0.0059s
  batch_time     =0.3357s
  cuda_allocated_gb    =0.120
  cuda_reserved_gb     =11.916
  cuda_max_allocated_gb=8.434

train 14 rank0:   0%|          | 2/455 [00:01<03:36,  2.09it/s, loss=2.5448]
train 14 rank0:   1%|          | 3/455 [00:01<03:07,  2.41it/s, loss=2.5448][PROFILE rank=0 batch=3]
  data_time      =0.0005s
  to_device_time =0.0022s
  forward_time   =0.1426s
  loss_time      =0.0018s
  backward_time  =0.1836s
  optimizer_time =0.0059s
  batch_time     =0.3372s
  cuda_allocated_gb    =0.121
  cuda_reserved_gb     =11.916
  cuda_max_allocated_gb=8.434

train 14 rank0:   1%|          | 3/455 [00:01<03:07,  2.41it/s, loss=2.5314]
train 14 rank0:   1%|          | 4/455 [00:01<02:53,  2.59it/s, loss=2.5314][PROFILE rank=0 batch=4]
  data_time      =0.0005s
  to_device_time =0.0021s
  forward_time   =0.1409s
  loss_time      =0.0016s
  backward_time  =0.1851s
  optimizer_time =0.0058s
  batch_time     =0.3365s
  cuda_allocated_gb    =0.120
  cuda_reserved_gb     =11.916
  cuda_max_allocated_gb=8.434

train 14 rank0:   1%|          | 4/455 [00:02<02:53,  2.59it/s, loss=2.5228]
train 14 rank0:   1%|          | 5/455 [00:02<02:46,  2.71it/s, loss=2.5228][PROFILE rank=0 batch=5]
  data_time      =0.0005s
  to_device_time =0.0022s
  forward_time   =0.1409s
  loss_time      =0.0016s
  backward_time  =0.1876s
  optimizer_time =0.0062s
  batch_time     =0.3396s
  cuda_allocated_gb    =0.120
  cuda_reserved_gb     =11.916
  cuda_max_allocated_gb=8.434

train 14 rank0:   1%|          | 5/455 [00:02<02:46,  2.71it/s, loss=2.5459]
train 14 rank0:   1%|â–         | 6/455 [00:02<02:41,  2.78it/s, loss=2.5459][PROFILE rank=0 batch=6]
  data_time      =0.0006s
  to_device_time =0.0023s
  forward_time   =0.1392s
  loss_time      =0.0015s
  backward_time  =0.1869s
  optimizer_time =0.0060s
  batch_time     =0.3370s
  cuda_allocated_gb    =0.119
  cuda_reserved_gb     =11.916
  cuda_max_allocated_gb=8.434

train 14 rank0:   1%|â–         | 6/455 [00:02<02:41,  2.78it/s, loss=2.5375]
train 14 rank0:   2%|â–         | 7/455 [00:02<02:38,  2.83it/s, loss=2.5375][PROFILE rank=0 batch=7]
  data_time      =0.0005s
  to_device_time =0.0021s
  forward_time   =0.1406s
  loss_time      =0.0015s
  backward_time  =0.1852s
  optimizer_time =0.0061s
  batch_time     =0.3363s
  cuda_allocated_gb    =0.120
  cuda_reserved_gb     =11.916
  cuda_max_allocated_gb=8.434

train 14 rank0:   2%|â–         | 7/455 [00:03<02:38,  2.83it/s, loss=2.5122]
train 14 rank0:   2%|â–         | 8/455 [00:03<02:36,  2.86it/s, loss=2.5122][PROFILE rank=0 batch=8]
  data_time      =0.0004s
  to_device_time =0.0021s
  forward_time   =0.1380s
  loss_time      =0.0016s
  backward_time  =0.1845s
  optimizer_time =0.0059s
  batch_time     =0.3331s
  cuda_allocated_gb    =0.120
  cuda_reserved_gb     =11.916
  cuda_max_allocated_gb=8.434

train 14 rank0:   2%|â–         | 8/455 [00:03<02:36,  2.86it/s, loss=2.5314]
train 14 rank0:   2%|â–         | 9/455 [00:03<02:34,  2.90it/s, loss=2.5314][PROFILE rank=0 batch=9]
  data_time      =0.0005s
  to_device_time =0.0022s
  forward_time   =0.1405s
  loss_time      =0.0016s
  backward_time  =0.1851s
  optimizer_time =0.0057s
  batch_time     =0.3361s
  cuda_allocated_gb    =0.120
  cuda_reserved_gb     =11.916
  cuda_max_allocated_gb=8.434

train 14 rank0:   2%|â–         | 9/455 [00:03<02:34,  2.90it/s, loss=2.5370]
train 14 rank0:   2%|â–         | 10/455 [00:03<02:32,  2.91it/s, loss=2.5370][PROFILE rank=0 batch=10]
  data_time      =0.0005s
  to_device_time =0.0022s
  forward_time   =0.1421s
  loss_time      =0.0016s
  backward_time  =0.1876s
  optimizer_time =0.0068s
  batch_time     =0.3413s
  cuda_allocated_gb    =0.119
  cuda_reserved_gb     =11.916
  cuda_max_allocated_gb=8.434

train 14 rank0:   2%|â–         | 10/455 [00:04<02:32,  2.91it/s, loss=2.5360]
train 14 rank0:   2%|â–         | 11/455 [00:04<02:32,  2.91it/s, loss=2.5360][PROFILE rank=0 batch=11]
  data_time      =0.0005s
  to_device_time =0.0022s
  forward_time   =0.1416s
  loss_time      =0.0015s
  backward_time  =0.1866s
  optimizer_time =0.0059s
  batch_time     =0.3391s
  cuda_allocated_gb    =0.120
  cuda_reserved_gb     =11.916
  cuda_max_allocated_gb=8.434

train 14 rank0:   2%|â–         | 11/455 [00:04<02:32,  2.91it/s, loss=2.5307]
train 14 rank0:   3%|â–Ž         | 12/455 [00:04<02:32,  2.91it/s, loss=2.5307][PROFILE rank=0 batch=12]
  data_time      =0.0005s
  to_device_time =0.0022s
  forward_time   =0.1443s
  loss_time      =0.0022s
  backward_time  =0.1901s
  optimizer_time =0.0062s
  batch_time     =0.3462s
  cuda_allocated_gb    =0.120
  cuda_reserved_gb     =11.916
  cuda_max_allocated_gb=8.434

train 14 rank0:   3%|â–Ž         | 12/455 [00:04<02:32,  2.91it/s, loss=2.5447]
train 14 rank0:   3%|â–Ž         | 13/455 [00:04<02:32,  2.89it/s, loss=2.5447][PROFILE rank=0 batch=13]
  data_time      =0.0005s
  to_device_time =0.0021s
  forward_time   =0.1457s
  loss_time      =0.0025s
  backward_time  =0.1906s
  optimizer_time =0.0063s
  batch_time     =0.3489s
  cuda_allocated_gb    =0.120
  cuda_reserved_gb     =11.916
  cuda_max_allocated_gb=8.434

train 14 rank0:   3%|â–Ž         | 13/455 [00:05<02:32,  2.89it/s, loss=2.5382]
train 14 rank0:   3%|â–Ž         | 14/455 [00:05<02:33,  2.88it/s, loss=2.5382][PROFILE rank=0 batch=14]
  data_time      =0.0005s
  to_device_time =0.0022s
  forward_time   =0.1398s
  loss_time      =0.0016s
  backward_time  =0.1848s
  optimizer_time =0.0065s
  batch_time     =0.3360s
  cuda_allocated_gb    =0.119
  cuda_reserved_gb     =11.916
  cuda_max_allocated_gb=8.434

train 14 rank0:   3%|â–Ž         | 14/455 [00:05<02:33,  2.88it/s, loss=2.5132]
train 14 rank0:   3%|â–Ž         | 15/455 [00:05<02:31,  2.90it/s, loss=2.5132][PROFILE rank=0 batch=15]
  data_time      =0.0005s
  to_device_time =0.0014s
  forward_time   =0.0957s
  loss_time      =0.0015s
  backward_time  =0.1152s
  optimizer_time =0.0060s
  batch_time     =0.2211s
  cuda_allocated_gb    =0.090
  cuda_reserved_gb     =11.916
  cuda_max_allocated_gb=8.434

train 14 rank0:   3%|â–Ž         | 15/455 [00:05<02:31,  2.90it/s, loss=2.5509]
train 14 rank0:   4%|â–Ž         | 16/455 [00:05<02:15,  3.24it/s, loss=2.5509][PROFILE rank=0 batch=16]
  data_time      =0.0006s
  to_device_time =0.0022s
  forward_time   =0.1381s
  loss_time      =0.0016s
  backward_time  =0.1845s
  optimizer_time =0.0068s
  batch_time     =0.3344s
  cuda_allocated_gb    =0.122
  cuda_reserved_gb     =11.916
  cuda_max_allocated_gb=8.434

train 14 rank0:   4%|â–Ž         | 16/455 [00:06<02:15,  3.24it/s, loss=2.5490]
train 14 rank0:   4%|â–Ž         | 17/455 [00:06<02:19,  3.15it/s, loss=2.5490][PROFILE rank=0 batch=17]
  data_time      =0.0005s
  to_device_time =0.0022s
  forward_time   =0.1404s
  loss_time      =0.0016s
  backward_time  =0.1835s
  optimizer_time =0.0063s
  batch_time     =0.3352s
  cuda_allocated_gb    =0.119
  cuda_reserved_gb     =11.916
  cuda_max_allocated_gb=8.434

train 14 rank0:   4%|â–Ž         | 17/455 [00:06<02:19,  3.15it/s, loss=2.5466]
train 14 rank0:   4%|â–         | 18/455 [00:06<02:21,  3.09it/s, loss=2.5466][PROFILE rank=0 batch=18]
  data_time      =0.0005s
  to_device_time =0.0021s
  forward_time   =0.1395s
  loss_time      =0.0016s
  backward_time  =0.1851s
  optimizer_time =0.0062s
  batch_time     =0.3357s
  cuda_allocated_gb    =0.120
  cuda_reserved_gb     =11.916
  cuda_max_allocated_gb=8.434

train 14 rank0:   4%|â–         | 18/455 [00:06<02:21,  3.09it/s, loss=2.5395]
train 14 rank0:   4%|â–         | 19/455 [00:06<02:23,  3.04it/s, loss=2.5395][PROFILE rank=0 batch=19]
  data_time      =0.0005s
  to_device_time =0.0022s
  forward_time   =0.1416s
  loss_time      =0.0016s
  backward_time  =0.1853s
  optimizer_time =0.0062s
  batch_time     =0.3378s
  cuda_allocated_gb    =0.121
  cuda_reserved_gb     =11.916
  cuda_max_allocated_gb=8.434

[PROFILE average rank=0 first 20 batches (recorded=20)]
  avg_data_time      =0.0150s
  avg_to_device_time =0.0021s
  avg_forward_time   =0.1387s
  avg_loss_time      =0.0017s
  avg_backward_time  =0.1820s
  avg_optimizer_time =0.0062s
  avg_batch_time     =0.3343s
  estimated_full_epoch_minutes=2.54

train 14 rank0:   4%|â–         | 19/455 [00:07<02:23,  3.04it/s, loss=2.5410]
train 14 rank0:   4%|â–         | 20/455 [00:07<02:24,  3.01it/s, loss=2.5410]
train 14 rank0:   4%|â–         | 20/455 [00:07<02:24,  3.01it/s, loss=2.5405]
train 14 rank0:   5%|â–         | 21/455 [00:07<02:24,  3.00it/s, loss=2.5405]
train 14 rank0:   5%|â–         | 21/455 [00:07<02:24,  3.00it/s, loss=2.5442]
train 14 rank0:   5%|â–         | 22/455 [00:07<02:25,  2.97it/s, loss=2.5442]
train 14 rank0:   5%|â–         | 22/455 [00:08<02:25,  2.97it/s, loss=2.5148]
train 14 rank0:   5%|â–Œ         | 23/455 [00:08<02:26,  2.96it/s, loss=2.5148]
train 14 rank0:   5%|â–Œ         | 23/455 [00:08<02:26,  2.96it/s, loss=2.5405]
train 14 rank0:   5%|â–Œ         | 24/455 [00:08<02:26,  2.95it/s, loss=2.5405]
train 14 rank0:   5%|â–Œ         | 24/455 [00:08<02:26,  2.95it/s, loss=2.5308]
train 14 rank0:   5%|â–Œ         | 25/455 [00:08<02:25,  2.95it/s, loss=2.5308]
train 14 rank0:   5%|â–Œ         | 25/455 [00:09<02:25,  2.95it/s, loss=2.5436]
train 14 rank0:   6%|â–Œ         | 26/455 [00:09<02:25,  2.95it/s, loss=2.5436]
train 14 rank0:   6%|â–Œ         | 26/455 [00:09<02:25,  2.95it/s, loss=2.5184]
train 14 rank0:   6%|â–Œ         | 27/455 [00:09<02:24,  2.95it/s, loss=2.5184]
train 14 rank0:   6%|â–Œ         | 27/455 [00:09<02:24,  2.95it/s, loss=2.5351]
train 14 rank0:   6%|â–Œ         | 28/455 [00:09<02:24,  2.95it/s, loss=2.5351]
train 14 rank0:   6%|â–Œ         | 28/455 [00:10<02:24,  2.95it/s, loss=2.5259]
train 14 rank0:   6%|â–‹         | 29/455 [00:10<02:25,  2.93it/s, loss=2.5259]
train 14 rank0:   6%|â–‹         | 29/455 [00:10<02:25,  2.93it/s, loss=2.5381]
train 14 rank0:   7%|â–‹         | 30/455 [00:10<02:25,  2.92it/s, loss=2.5381]
                                                                             
/usr/local/lib/python3.12/dist-packages/torch/distributed/c10d_logger.py:83: UserWarning: barrier(): using the device under current context. You can specify `device_id` in `init_process_group` to mute this warning.
  return func(*args, **kwargs)

val:   0%|          | 0/57 [00:00<?, ?it/s]
val:   2%|â–         | 1/57 [00:00<00:53,  1.05it/s]
val:   4%|â–Ž         | 2/57 [00:01<00:45,  1.21it/s]
val:   5%|â–Œ         | 3/57 [00:02<00:42,  1.28it/s]
val:   7%|â–‹         | 4/57 [00:03<00:40,  1.31it/s]
val:   9%|â–‰         | 5/57 [00:03<00:39,  1.33it/s]
val:  11%|â–ˆ         | 6/57 [00:04<00:38,  1.34it/s]
val:  12%|â–ˆâ–        | 7/57 [00:05<00:37,  1.34it/s]
val:  14%|â–ˆâ–        | 8/57 [00:06<00:36,  1.35it/s]
val:  16%|â–ˆâ–Œ        | 9/57 [00:06<00:35,  1.35it/s]
val:  18%|â–ˆâ–Š        | 10/57 [00:07<00:34,  1.35it/s]
                                                    
Epoch 014/015 | loss=2.5345 acc=0.1398 macro_f1=0.1279 | val_loss=2.5331 val_acc=0.1656 val_macro_f1=0.1238 | ckpt_monitor=val_macro_f1:0.1238 best_val_macro_f1=0.1369 best_epoch=10 early_val_macro_f1=0.1369 sec/batch=0.349s cuda_rankmax=8.434GB
          val pred_count: [185, 80, 84, 205, 45, 0, 41]
          no improvement: 4/12
/usr/local/lib/python3.12/dist-packages/torch/distributed/c10d_logger.py:83: UserWarning: barrier(): using the device under current context. You can specify `device_id` in `init_process_group` to mute this warning.
  return func(*args, **kwargs)

train 15 rank0:   0%|          | 0/455 [00:00<?, ?it/s][PROFILE rank=0 batch=0]
  data_time      =0.1960s
  to_device_time =0.0023s
  forward_time   =0.1575s
  loss_time      =0.0018s
  backward_time  =0.1902s
  optimizer_time =0.0061s
  batch_time     =0.4774s
  cuda_allocated_gb    =0.119
  cuda_reserved_gb     =11.916
  cuda_max_allocated_gb=8.434

train 15 rank0:   0%|          | 0/455 [00:00<?, ?it/s, loss=2.5466]
train 15 rank0:   0%|          | 1/455 [00:00<05:06,  1.48it/s, loss=2.5466][PROFILE rank=0 batch=1]
  data_time      =0.0005s
  to_device_time =0.0031s
  forward_time   =0.1382s
  loss_time      =0.0016s
  backward_time  =0.1879s
  optimizer_time =0.0061s
  batch_time     =0.3379s
  cuda_allocated_gb    =0.119
  cuda_reserved_gb     =11.916
  cuda_max_allocated_gb=8.434

train 15 rank0:   0%|          | 1/455 [00:01<05:06,  1.48it/s, loss=2.5457]
train 15 rank0:   0%|          | 2/455 [00:01<03:37,  2.09it/s, loss=2.5457][PROFILE rank=0 batch=2]
  data_time      =0.0006s
  to_device_time =0.0022s
  forward_time   =0.1365s
  loss_time      =0.0016s
  backward_time  =0.1859s
  optimizer_time =0.0058s
  batch_time     =0.3331s
  cuda_allocated_gb    =0.120
  cuda_reserved_gb     =11.916
  cuda_max_allocated_gb=8.434

train 15 rank0:   0%|          | 2/455 [00:01<03:37,  2.09it/s, loss=2.5369]
train 15 rank0:   1%|          | 3/455 [00:01<03:07,  2.42it/s, loss=2.5369][PROFILE rank=0 batch=3]
  data_time      =0.0005s
  to_device_time =0.0022s
  forward_time   =0.1403s
  loss_time      =0.0016s
  backward_time  =0.1853s
  optimizer_time =0.0060s
  batch_time     =0.3364s
  cuda_allocated_gb    =0.121
  cuda_reserved_gb     =11.916
  cuda_max_allocated_gb=8.434

train 15 rank0:   1%|          | 3/455 [00:01<03:07,  2.42it/s, loss=2.5180]
train 15 rank0:   1%|          | 4/455 [00:01<02:53,  2.60it/s, loss=2.5180][PROFILE rank=0 batch=4]
  data_time      =0.0005s
  to_device_time =0.0022s
  forward_time   =0.1455s
  loss_time      =0.0023s
  backward_time  =0.1862s
  optimizer_time =0.0063s
  batch_time     =0.3438s
  cuda_allocated_gb    =0.120
  cuda_reserved_gb     =11.916
  cuda_max_allocated_gb=8.434

train 15 rank0:   1%|          | 4/455 [00:02<02:53,  2.60it/s, loss=2.5362]
train 15 rank0:   1%|          | 5/455 [00:02<02:47,  2.69it/s, loss=2.5362][PROFILE rank=0 batch=5]
  data_time      =0.0006s
  to_device_time =0.0021s
  forward_time   =0.1370s
  loss_time      =0.0015s
  backward_time  =0.1824s
  optimizer_time =0.0068s
  batch_time     =0.3309s
  cuda_allocated_gb    =0.120
  cuda_reserved_gb     =11.916
  cuda_max_allocated_gb=8.434

train 15 rank0:   1%|          | 5/455 [00:02<02:47,  2.69it/s, loss=2.5124]
train 15 rank0:   1%|â–         | 6/455 [00:02<02:41,  2.79it/s, loss=2.5124][PROFILE rank=0 batch=6]
  data_time      =0.0005s
  to_device_time =0.0012s
  forward_time   =15.6449s
  loss_time      =0.0019s
  backward_time  =0.5036s
  optimizer_time =0.0064s
  batch_time     =16.1591s
  cuda_allocated_gb    =0.084
  cuda_reserved_gb     =11.916
  cuda_max_allocated_gb=8.434

train 15 rank0:   1%|â–         | 6/455 [00:18<02:41,  2.79it/s, loss=2.5651]
train 15 rank0:   2%|â–         | 7/455 [00:18<41:15,  5.53s/it, loss=2.5651][PROFILE rank=0 batch=7]
  data_time      =0.0028s
  to_device_time =0.0022s
  forward_time   =0.1281s
  loss_time      =0.0016s
  backward_time  =0.1693s
  optimizer_time =0.0060s
  batch_time     =0.3083s
  cuda_allocated_gb    =0.119
  cuda_reserved_gb     =11.916
  cuda_max_allocated_gb=8.434

train 15 rank0:   2%|â–         | 7/455 [00:18<41:15,  5.53s/it, loss=2.5187]
train 15 rank0:   2%|â–         | 8/455 [00:18<28:48,  3.87s/it, loss=2.5187][PROFILE rank=0 batch=8]
  data_time      =0.0005s
  to_device_time =0.0022s
  forward_time   =0.1290s
  loss_time      =0.0016s
  backward_time  =0.1728s
  optimizer_time =0.0065s
  batch_time     =0.3158s
  cuda_allocated_gb    =0.121
  cuda_reserved_gb     =11.916
  cuda_max_allocated_gb=8.434

train 15 rank0:   2%|â–         | 8/455 [00:19<28:48,  3.87s/it, loss=2.5433]
train 15 rank0:   2%|â–         | 9/455 [00:19<20:29,  2.76s/it, loss=2.5433][PROFILE rank=0 batch=9]
  data_time      =0.0006s
  to_device_time =0.0022s
  forward_time   =0.1297s
  loss_time      =0.0016s
  backward_time  =0.1713s
  optimizer_time =0.0069s
  batch_time     =0.3141s
  cuda_allocated_gb    =0.121
  cuda_reserved_gb     =11.916
  cuda_max_allocated_gb=8.434

train 15 rank0:   2%|â–         | 9/455 [00:19<20:29,  2.76s/it, loss=2.5314]
train 15 rank0:   2%|â–         | 10/455 [00:19<14:51,  2.00s/it, loss=2.5314][PROFILE rank=0 batch=10]
  data_time      =0.0005s
  to_device_time =0.0022s
  forward_time   =0.1291s
  loss_time      =0.0016s
  backward_time  =0.1715s
  optimizer_time =0.0060s
  batch_time     =0.3152s
  cuda_allocated_gb    =0.120
  cuda_reserved_gb     =11.916
  cuda_max_allocated_gb=8.434

train 15 rank0:   2%|â–         | 10/455 [00:19<14:51,  2.00s/it, loss=2.5099]
train 15 rank0:   2%|â–         | 11/455 [00:19<11:00,  1.49s/it, loss=2.5099][PROFILE rank=0 batch=11]
  data_time      =0.0006s
  to_device_time =0.0022s
  forward_time   =0.1312s
  loss_time      =0.0016s
  backward_time  =0.1733s
  optimizer_time =0.0060s
  batch_time     =0.3167s
  cuda_allocated_gb    =0.121
  cuda_reserved_gb     =11.916
  cuda_max_allocated_gb=8.434

train 15 rank0:   2%|â–         | 11/455 [00:20<11:00,  1.49s/it, loss=2.5395]
train 15 rank0:   3%|â–Ž         | 12/455 [00:20<08:21,  1.13s/it, loss=2.5395][PROFILE rank=0 batch=12]
  data_time      =0.0005s
  to_device_time =0.0022s
  forward_time   =0.1323s
  loss_time      =0.0017s
  backward_time  =0.1796s
  optimizer_time =0.0074s
  batch_time     =0.3317s
  cuda_allocated_gb    =0.120
  cuda_reserved_gb     =11.916
  cuda_max_allocated_gb=8.434

train 15 rank0:   3%|â–Ž         | 12/455 [00:20<08:21,  1.13s/it, loss=2.5368]
train 15 rank0:   3%|â–Ž         | 13/455 [00:20<06:33,  1.12it/s, loss=2.5368][PROFILE rank=0 batch=13]
  data_time      =0.0005s
  to_device_time =0.0021s
  forward_time   =0.1394s
  loss_time      =0.0022s
  backward_time  =0.1775s
  optimizer_time =0.0064s
  batch_time     =0.3289s
  cuda_allocated_gb    =0.120
  cuda_reserved_gb     =11.916
  cuda_max_allocated_gb=8.434

train 15 rank0:   3%|â–Ž         | 13/455 [00:20<06:33,  1.12it/s, loss=2.5462]
train 15 rank0:   3%|â–Ž         | 14/455 [00:20<05:18,  1.38it/s, loss=2.5462][PROFILE rank=0 batch=14]
  data_time      =0.0005s
  to_device_time =0.0022s
  forward_time   =0.1284s
  loss_time      =0.0028s
  backward_time  =0.1728s
  optimizer_time =0.0066s
  batch_time     =0.3208s
  cuda_allocated_gb    =0.119
  cuda_reserved_gb     =11.916
  cuda_max_allocated_gb=8.434

train 15 rank0:   3%|â–Ž         | 14/455 [00:21<05:18,  1.38it/s, loss=2.5474]
train 15 rank0:   3%|â–Ž         | 15/455 [00:21<04:25,  1.66it/s, loss=2.5474][PROFILE rank=0 batch=15]
  data_time      =0.0005s
  to_device_time =0.0022s
  forward_time   =0.1301s
  loss_time      =0.0016s
  backward_time  =0.1771s
  optimizer_time =0.0061s
  batch_time     =0.3183s
  cuda_allocated_gb    =0.120
  cuda_reserved_gb     =11.916
  cuda_max_allocated_gb=8.434

train 15 rank0:   3%|â–Ž         | 15/455 [00:21<04:25,  1.66it/s, loss=2.5392]
train 15 rank0:   4%|â–Ž         | 16/455 [00:21<03:47,  1.93it/s, loss=2.5392][PROFILE rank=0 batch=16]
  data_time      =0.0006s
  to_device_time =0.0022s
  forward_time   =0.1323s
  loss_time      =0.0016s
  backward_time  =0.1750s
  optimizer_time =0.0060s
  batch_time     =0.3180s
  cuda_allocated_gb    =0.120
  cuda_reserved_gb     =11.916
  cuda_max_allocated_gb=8.434

train 15 rank0:   4%|â–Ž         | 16/455 [00:21<03:47,  1.93it/s, loss=2.5285]
train 15 rank0:   4%|â–Ž         | 17/455 [00:21<03:21,  2.18it/s, loss=2.5285][PROFILE rank=0 batch=17]
  data_time      =0.0006s
  to_device_time =0.0022s
  forward_time   =0.1337s
  loss_time      =0.0017s
  backward_time  =0.1745s
  optimizer_time =0.0064s
  batch_time     =0.3195s
  cuda_allocated_gb    =0.120
  cuda_reserved_gb     =11.916
  cuda_max_allocated_gb=8.434

train 15 rank0:   4%|â–Ž         | 17/455 [00:22<03:21,  2.18it/s, loss=2.5579]
train 15 rank0:   4%|â–         | 18/455 [00:22<03:02,  2.39it/s, loss=2.5579][PROFILE rank=0 batch=18]
  data_time      =0.0006s
  to_device_time =0.0022s
  forward_time   =0.1327s
  loss_time      =0.0015s
  backward_time  =0.1751s
  optimizer_time =0.0063s
  batch_time     =0.3188s
  cuda_allocated_gb    =0.119
  cuda_reserved_gb     =11.916
  cuda_max_allocated_gb=8.434

train 15 rank0:   4%|â–         | 18/455 [00:22<03:02,  2.39it/s, loss=2.5426]
train 15 rank0:   4%|â–         | 19/455 [00:22<02:49,  2.57it/s, loss=2.5426][PROFILE rank=0 batch=19]
  data_time      =0.0004s
  to_device_time =0.0022s
  forward_time   =0.1355s
  loss_time      =0.0024s
  backward_time  =0.1778s
  optimizer_time =0.0067s
  batch_time     =0.3276s
  cuda_allocated_gb    =0.120
  cuda_reserved_gb     =11.916
  cuda_max_allocated_gb=8.434

[PROFILE average rank=0 first 20 batches (recorded=20)]
  avg_data_time      =0.0104s
  avg_to_device_time =0.0022s
  avg_forward_time   =0.9106s
  avg_loss_time      =0.0018s
  avg_backward_time  =0.1945s
  avg_optimizer_time =0.0063s
  avg_batch_time     =1.1236s
  estimated_full_epoch_minutes=8.52

train 15 rank0:   4%|â–         | 19/455 [00:22<02:49,  2.57it/s, loss=2.5552]
train 15 rank0:   4%|â–         | 20/455 [00:22<02:41,  2.69it/s, loss=2.5552]
train 15 rank0:   4%|â–         | 20/455 [00:23<02:41,  2.69it/s, loss=2.5214]
train 15 rank0:   5%|â–         | 21/455 [00:23<02:35,  2.79it/s, loss=2.5214]
train 15 rank0:   5%|â–         | 21/455 [00:23<02:35,  2.79it/s, loss=2.5451]
train 15 rank0:   5%|â–         | 22/455 [00:23<02:30,  2.88it/s, loss=2.5451]
train 15 rank0:   5%|â–         | 22/455 [00:23<02:30,  2.88it/s, loss=2.5589]
train 15 rank0:   5%|â–Œ         | 23/455 [00:23<02:26,  2.95it/s, loss=2.5589]
train 15 rank0:   5%|â–Œ         | 23/455 [00:24<02:26,  2.95it/s, loss=2.5384]
train 15 rank0:   5%|â–Œ         | 24/455 [00:24<02:23,  3.00it/s, loss=2.5384]
train 15 rank0:   5%|â–Œ         | 24/455 [00:24<02:23,  3.00it/s, loss=2.5511]
train 15 rank0:   5%|â–Œ         | 25/455 [00:24<02:21,  3.04it/s, loss=2.5511]
train 15 rank0:   5%|â–Œ         | 25/455 [00:24<02:21,  3.04it/s, loss=2.5386]
train 15 rank0:   6%|â–Œ         | 26/455 [00:24<02:20,  3.06it/s, loss=2.5386]
train 15 rank0:   6%|â–Œ         | 26/455 [00:24<02:20,  3.06it/s, loss=2.5108]
train 15 rank0:   6%|â–Œ         | 27/455 [00:24<02:18,  3.08it/s, loss=2.5108]
train 15 rank0:   6%|â–Œ         | 27/455 [00:25<02:18,  3.08it/s, loss=2.5581]
train 15 rank0:   6%|â–Œ         | 28/455 [00:25<02:18,  3.09it/s, loss=2.5581]
train 15 rank0:   6%|â–Œ         | 28/455 [00:25<02:18,  3.09it/s, loss=2.5040]
train 15 rank0:   6%|â–‹         | 29/455 [00:25<02:18,  3.07it/s, loss=2.5040]
train 15 rank0:   6%|â–‹         | 29/455 [00:25<02:18,  3.07it/s, loss=2.5312]
train 15 rank0:   7%|â–‹         | 30/455 [00:25<02:19,  3.04it/s, loss=2.5312]
                                                                             
/usr/local/lib/python3.12/dist-packages/torch/distributed/c10d_logger.py:83: UserWarning: barrier(): using the device under current context. You can specify `device_id` in `init_process_group` to mute this warning.
  return func(*args, **kwargs)

val:   0%|          | 0/57 [00:00<?, ?it/s]
val:   2%|â–         | 1/57 [00:00<00:50,  1.10it/s]
val:   4%|â–Ž         | 2/57 [00:01<00:43,  1.25it/s]
val:   5%|â–Œ         | 3/57 [00:02<00:41,  1.31it/s]
val:   7%|â–‹         | 4/57 [00:03<00:39,  1.34it/s]
val:   9%|â–‰         | 5/57 [00:03<00:38,  1.36it/s]
val:  11%|â–ˆ         | 6/57 [00:04<00:37,  1.36it/s]
val:  12%|â–ˆâ–        | 7/57 [00:05<00:36,  1.37it/s]
val:  14%|â–ˆâ–        | 8/57 [00:05<00:35,  1.37it/s]
val:  16%|â–ˆâ–Œ        | 9/57 [00:06<00:35,  1.37it/s]
val:  18%|â–ˆâ–Š        | 10/57 [00:07<00:34,  1.36it/s]
                                                    
Epoch 015/015 | loss=2.5368 acc=0.1393 macro_f1=0.1306 | val_loss=2.5331 val_acc=0.1516 val_macro_f1=0.1069 | ckpt_monitor=val_macro_f1:0.1069 best_val_macro_f1=0.1369 best_epoch=10 early_val_macro_f1=0.1369 sec/batch=0.866s cuda_rankmax=8.434GB
          val pred_count: [192, 71, 86, 209, 33, 0, 49]
          no improvement: 5/12
/usr/local/lib/python3.12/dist-packages/torch/distributed/c10d_logger.py:83: UserWarning: barrier(): using the device under current context. You can specify `device_id` in `init_process_group` to mute this warning.
  return func(*args, **kwargs)
Training done best_epoch=10 best_metric=0.136860
Logged d12a_stable_ce_first_ddp_b64_amp_chunkaware to reports/d11_experiments_log.csv