/kaggle/working/sgu-2026-fer13-graph/training/trainer.py:222: FutureWarning: `torch.cuda.amp.GradScaler(args...)` is deprecated. Please use `torch.amp.GradScaler('cuda', args...)` instead.
  self.scaler = torch.cuda.amp.GradScaler(
[FullGraphDataset train]
chunk_cache_size=4
num_chunks=58
num_samples=28709
[FullGraphDataset train] chunk cache enabled (max_chunks=4)
[ChunkAwareSampler] enabled=True
num_chunks=58
batch_size=32
batches_per_epoch=919
shuffle_chunks=True
shuffle_within_chunk=True
[DataLoader split=train] num_samples=28709 batch_size=32 num_workers=2 pin_memory=True persistent_workers=True prefetch_factor=2 chunk_cache_size=4 chunk_aware_sampler=True shuffle_chunks=True shuffle_within_chunk=True batches_per_epoch=919
[FullGraphDataset val]
chunk_cache_size=4
num_chunks=8
num_samples=3589
[FullGraphDataset val] chunk cache enabled (max_chunks=4)
[DataLoader split=val] num_samples=3589 batch_size=32 num_workers=2 pin_memory=True persistent_workers=True prefetch_factor=2 chunk_cache_size=4 chunk_aware_sampler=False shuffle_chunks=n/a shuffle_within_chunk=n/a batches_per_epoch=113
--- torch version: 2.10.0+cu128
--- cuda available: True
--- cuda device count: 2
--- selected device: cuda:0
--- gpu name: Tesla T4
--- current cuda device: 0
[Output] run_dir=/kaggle/working/outputs/d12_fastio_benchmark_safe
[Multi-GPU] DataParallel enabled: 2 GPUs
  GPU 0: Tesla T4
  GPU 1: Tesla T4
[AMP] amp_enabled=False init_scale=65536.0
trainer device: cuda:0
model first parameter device: cuda:0
[Scheduler] type=LambdaLR monitor=epoch mode=n/a
[Checkpoint] save_best_metric=val_macro_f1 mode=max
[EarlyStopping] monitor=val_macro_f1 mode=max

train 1:   0%|          | 0/919 [00:00<?, ?it/s]/usr/local/lib/python3.12/dist-packages/torch/autograd/function.py:583: UserWarning: Was asked to gather along dimension 0, but all input tensors were scalars; will instead unsqueeze and return a vector.
  return super().apply(*args, **kwargs)  # type: ignore[misc]

train 1:   0%|          | 0/919 [00:04<?, ?it/s, loss=2.5748]
train 1:   0%|          | 1/919 [00:04<1:07:48,  4.43s/it, loss=2.5748]
train 1:   0%|          | 1/919 [00:04<1:07:48,  4.43s/it, loss=2.6166]
train 1:   0%|          | 2/919 [00:04<32:42,  2.14s/it, loss=2.6166]  
train 1:   0%|          | 2/919 [00:05<32:42,  2.14s/it, loss=2.5667]
train 1:   0%|          | 3/919 [00:05<21:30,  1.41s/it, loss=2.5667]
train 1:   0%|          | 3/919 [00:06<21:30,  1.41s/it, loss=2.5523]
train 1:   0%|          | 4/919 [00:06<16:12,  1.06s/it, loss=2.5523]
train 1:   0%|          | 4/919 [00:06<16:12,  1.06s/it, loss=2.5527]
train 1:   1%|          | 5/919 [00:06<13:15,  1.15it/s, loss=2.5527]
train 1:   1%|          | 5/919 [00:07<13:15,  1.15it/s, loss=2.5488]
train 1:   1%|          | 6/919 [00:07<11:28,  1.33it/s, loss=2.5488]
train 1:   1%|          | 6/919 [00:07<11:28,  1.33it/s, loss=2.5688]
train 1:   1%|          | 7/919 [00:07<10:21,  1.47it/s, loss=2.5688]
train 1:   1%|          | 7/919 [00:08<10:21,  1.47it/s, loss=2.5664]
train 1:   1%|          | 8/919 [00:08<09:35,  1.58it/s, loss=2.5664]
train 1:   1%|          | 8/919 [00:08<09:35,  1.58it/s, loss=2.5775]
train 1:   1%|          | 9/919 [00:08<09:08,  1.66it/s, loss=2.5775]
train 1:   1%|          | 9/919 [00:09<09:08,  1.66it/s, loss=2.5626]
train 1:   1%|          | 10/919 [00:09<08:49,  1.72it/s, loss=2.5626]
train 1:   1%|          | 10/919 [00:09<08:49,  1.72it/s, loss=2.5595]
train 1:   1%|          | 11/919 [00:09<08:33,  1.77it/s, loss=2.5595]
train 1:   1%|          | 11/919 [00:10<08:33,  1.77it/s, loss=2.5252]
train 1:   1%|â–         | 12/919 [00:10<08:25,  1.79it/s, loss=2.5252]
train 1:   1%|â–         | 12/919 [00:10<08:25,  1.79it/s, loss=2.5655]
train 1:   1%|â–         | 13/919 [00:10<08:24,  1.80it/s, loss=2.5655]
train 1:   1%|â–         | 13/919 [00:11<08:24,  1.80it/s, loss=2.5216]
train 1:   2%|â–         | 14/919 [00:11<08:17,  1.82it/s, loss=2.5216]
train 1:   2%|â–         | 14/919 [00:11<08:17,  1.82it/s, loss=2.5657]
train 1:   2%|â–         | 15/919 [00:11<08:13,  1.83it/s, loss=2.5657]
train 1:   2%|â–         | 15/919 [00:12<08:13,  1.83it/s, loss=2.5718]
train 1:   2%|â–         | 16/919 [00:12<07:22,  2.04it/s, loss=2.5718]
train 1:   2%|â–         | 16/919 [00:12<07:22,  2.04it/s, loss=2.5281]
train 1:   2%|â–         | 17/919 [00:12<07:34,  1.98it/s, loss=2.5281]
train 1:   2%|â–         | 17/919 [00:13<07:34,  1.98it/s, loss=2.5314]
train 1:   2%|â–         | 18/919 [00:13<07:44,  1.94it/s, loss=2.5314]
train 1:   2%|â–         | 18/919 [00:13<07:44,  1.94it/s, loss=2.5395]
train 1:   2%|â–         | 19/919 [00:13<07:48,  1.92it/s, loss=2.5395]
train 1:   2%|â–         | 19/919 [00:14<07:48,  1.92it/s, loss=2.5346]
train 1:   2%|â–         | 20/919 [00:14<07:53,  1.90it/s, loss=2.5346]
train 1:   2%|â–         | 20/919 [00:14<07:53,  1.90it/s, loss=2.5632]
train 1:   2%|â–         | 21/919 [00:14<07:54,  1.89it/s, loss=2.5632]
train 1:   2%|â–         | 21/919 [00:15<07:54,  1.89it/s, loss=2.5544]
train 1:   2%|â–         | 22/919 [00:15<07:53,  1.89it/s, loss=2.5544]
train 1:   2%|â–         | 22/919 [00:16<07:53,  1.89it/s, loss=2.5323]
train 1:   3%|â–Ž         | 23/919 [00:16<07:53,  1.89it/s, loss=2.5323]
train 1:   3%|â–Ž         | 23/919 [00:16<07:53,  1.89it/s, loss=2.5424]
train 1:   3%|â–Ž         | 24/919 [00:16<07:55,  1.88it/s, loss=2.5424]
train 1:   3%|â–Ž         | 24/919 [00:17<07:55,  1.88it/s, loss=2.5042]
train 1:   3%|â–Ž         | 25/919 [00:17<07:56,  1.88it/s, loss=2.5042]
train 1:   3%|â–Ž         | 25/919 [00:17<07:56,  1.88it/s, loss=2.5634]
train 1:   3%|â–Ž         | 26/919 [00:17<07:54,  1.88it/s, loss=2.5634]
train 1:   3%|â–Ž         | 26/919 [00:18<07:54,  1.88it/s, loss=2.5878]
train 1:   3%|â–Ž         | 27/919 [00:18<07:55,  1.87it/s, loss=2.5878]
train 1:   3%|â–Ž         | 27/919 [00:18<07:55,  1.87it/s, loss=2.5318]
train 1:   3%|â–Ž         | 28/919 [00:18<07:55,  1.87it/s, loss=2.5318]
train 1:   3%|â–Ž         | 28/919 [00:19<07:55,  1.87it/s, loss=2.5404]
train 1:   3%|â–Ž         | 29/919 [00:19<07:55,  1.87it/s, loss=2.5404]
train 1:   3%|â–Ž         | 29/919 [00:19<07:55,  1.87it/s, loss=2.5159]
train 1:   3%|â–Ž         | 30/919 [00:19<07:59,  1.86it/s, loss=2.5159]
                                                                      
[SPEED_BENCH] first_batch_x_shape=[32, 2304, 7]
[SPEED_BENCH] first_batch_edge_attr_shape=[32, 17860, 5]
[SPEED_BENCH] bs_mismatch=False  (x.shape[0]=32, expected=32 âœ“)
train tensor devices: x=cuda:0 edge_index=cuda:0 edge_attr=cuda:0 y=cuda:0 logits=cuda:0 loss=cuda:0
[PROFILE batch=0]
  data_time      =0.4123s
  to_device_time =0.0030s
  forward_time   =3.0284s
  loss_time      =0.2329s
  backward_time  =0.3846s
  optimizer_time =0.3581s
  batch_time     =4.0082s
  cuda_allocated_gb    =0.109
  cuda_reserved_gb     =8.988
  cuda_max_allocated_gb=7.711
[PROFILE batch=1]
  data_time      =0.0006s
  to_device_time =0.0022s
  forward_time   =0.2754s
  loss_time      =0.0023s
  backward_time  =0.2466s
  optimizer_time =0.0060s
  batch_time     =0.5331s
  cuda_allocated_gb    =0.125
  cuda_reserved_gb     =8.998
  cuda_max_allocated_gb=7.791
[PROFILE batch=2]
  data_time      =0.0005s
  to_device_time =0.0022s
  forward_time   =0.2726s
  loss_time      =0.0026s
  backward_time  =0.2497s
  optimizer_time =0.0063s
  batch_time     =0.5337s
  cuda_allocated_gb    =0.125
  cuda_reserved_gb     =8.998
  cuda_max_allocated_gb=7.791
[PROFILE batch=3]
  data_time      =0.0006s
  to_device_time =0.0022s
  forward_time   =0.2734s
  loss_time      =0.0021s
  backward_time  =0.2449s
  optimizer_time =0.0062s
  batch_time     =0.5292s
  cuda_allocated_gb    =0.125
  cuda_reserved_gb     =8.998
  cuda_max_allocated_gb=7.791
[PROFILE batch=4]
  data_time      =0.0005s
  to_device_time =0.0021s
  forward_time   =0.2687s
  loss_time      =0.0021s
  backward_time  =0.2474s
  optimizer_time =0.0061s
  batch_time     =0.5270s
  cuda_allocated_gb    =0.125
  cuda_reserved_gb     =8.998
  cuda_max_allocated_gb=7.791
[PROFILE batch=5]
  data_time      =0.0005s
  to_device_time =0.0022s
  forward_time   =0.2674s
  loss_time      =0.0023s
  backward_time  =0.2469s
  optimizer_time =0.0060s
  batch_time     =0.5252s
  cuda_allocated_gb    =0.125
  cuda_reserved_gb     =8.998
  cuda_max_allocated_gb=7.791
[PROFILE batch=6]
  data_time      =0.0006s
  to_device_time =0.0022s
  forward_time   =0.2700s
  loss_time      =0.0021s
  backward_time  =0.2483s
  optimizer_time =0.0064s
  batch_time     =0.5294s
  cuda_allocated_gb    =0.125
  cuda_reserved_gb     =8.998
  cuda_max_allocated_gb=7.791
[PROFILE batch=7]
  data_time      =0.0006s
  to_device_time =0.0021s
  forward_time   =0.2638s
  loss_time      =0.0022s
  backward_time  =0.2475s
  optimizer_time =0.0060s
  batch_time     =0.5219s
  cuda_allocated_gb    =0.125
  cuda_reserved_gb     =8.998
  cuda_max_allocated_gb=7.791
[PROFILE batch=8]
  data_time      =0.0005s
  to_device_time =0.0021s
  forward_time   =0.2706s
  loss_time      =0.0022s
  backward_time  =0.2528s
  optimizer_time =0.0060s
  batch_time     =0.5342s
  cuda_allocated_gb    =0.125
  cuda_reserved_gb     =8.998
  cuda_max_allocated_gb=7.791
[PROFILE batch=9]
  data_time      =0.0005s
  to_device_time =0.0021s
  forward_time   =0.2747s
  loss_time      =0.0022s
  backward_time  =0.2476s
  optimizer_time =0.0059s
  batch_time     =0.5330s
  cuda_allocated_gb    =0.125
  cuda_reserved_gb     =8.998
  cuda_max_allocated_gb=7.791
[PROFILE batch=10]
  data_time      =0.0005s
  to_device_time =0.0021s
  forward_time   =0.2690s
  loss_time      =0.0022s
  backward_time  =0.2455s
  optimizer_time =0.0062s
  batch_time     =0.5255s
  cuda_allocated_gb    =0.125
  cuda_reserved_gb     =8.998
  cuda_max_allocated_gb=7.791
[PROFILE batch=11]
  data_time      =0.0006s
  to_device_time =0.0021s
  forward_time   =0.2713s
  loss_time      =0.0021s
  backward_time  =0.2520s
  optimizer_time =0.0071s
  batch_time     =0.5352s
  cuda_allocated_gb    =0.125
  cuda_reserved_gb     =8.998
  cuda_max_allocated_gb=7.791
[PROFILE batch=12]
  data_time      =0.0009s
  to_device_time =0.0022s
  forward_time   =0.2868s
  loss_time      =0.0028s
  backward_time  =0.2520s
  optimizer_time =0.0063s
  batch_time     =0.5506s
  cuda_allocated_gb    =0.125
  cuda_reserved_gb     =8.998
  cuda_max_allocated_gb=7.792
[PROFILE batch=13]
  data_time      =0.0006s
  to_device_time =0.0022s
  forward_time   =0.2707s
  loss_time      =0.0023s
  backward_time  =0.2478s
  optimizer_time =0.0062s
  batch_time     =0.5297s
  cuda_allocated_gb    =0.125
  cuda_reserved_gb     =8.998
  cuda_max_allocated_gb=7.792
[PROFILE batch=14]
  data_time      =0.0006s
  to_device_time =0.0022s
  forward_time   =0.2746s
  loss_time      =0.0024s
  backward_time  =0.2479s
  optimizer_time =0.0064s
  batch_time     =0.5340s
  cuda_allocated_gb    =0.125
  cuda_reserved_gb     =8.998
  cuda_max_allocated_gb=7.792
[PROFILE batch=15]
  data_time      =0.0006s
  to_device_time =0.0014s
  forward_time   =0.1846s
  loss_time      =0.0022s
  backward_time  =0.1609s
  optimizer_time =0.0061s
  batch_time     =0.3559s
  cuda_allocated_gb    =0.096
  cuda_reserved_gb     =9.008
  cuda_max_allocated_gb=7.792
[PROFILE batch=16]
  data_time      =0.0006s
  to_device_time =0.0021s
  forward_time   =0.2745s
  loss_time      =0.0022s
  backward_time  =0.2476s
  optimizer_time =0.0064s
  batch_time     =0.5332s
  cuda_allocated_gb    =0.125
  cuda_reserved_gb     =9.008
  cuda_max_allocated_gb=7.792
[PROFILE batch=17]
  data_time      =0.0006s
  to_device_time =0.0022s
  forward_time   =0.2745s
  loss_time      =0.0022s
  backward_time  =0.2516s
  optimizer_time =0.0075s
  batch_time     =0.5384s
  cuda_allocated_gb    =0.125
  cuda_reserved_gb     =9.008
  cuda_max_allocated_gb=7.792
[PROFILE batch=18]
  data_time      =0.0006s
  to_device_time =0.0022s
  forward_time   =0.2721s
  loss_time      =0.0024s
  backward_time  =0.2473s
  optimizer_time =0.0062s
  batch_time     =0.5307s
  cuda_allocated_gb    =0.125
  cuda_reserved_gb     =9.008
  cuda_max_allocated_gb=7.792
[PROFILE batch=19]
  data_time      =0.0006s
  to_device_time =0.0022s
  forward_time   =0.2716s
  loss_time      =0.0021s
  backward_time  =0.2526s
  optimizer_time =0.0060s
  batch_time     =0.5349s
  cuda_allocated_gb    =0.125
  cuda_reserved_gb     =9.008
  cuda_max_allocated_gb=7.792

[PROFILE average first 20 batches (recorded=20)]
  avg_data_time      =0.0212s
  avg_to_device_time =0.0022s
  avg_forward_time   =0.4057s
  avg_loss_time      =0.0138s
  avg_backward_time  =0.2511s
  avg_optimizer_time =0.0239s
  avg_batch_time     =0.6972s
  estimated_full_epoch_minutes=10.68

val:   0%|          | 0/113 [00:00<?, ?it/s]/usr/local/lib/python3.12/dist-packages/torch/autograd/function.py:583: UserWarning: Was asked to gather along dimension 0, but all input tensors were scalars; will instead unsqueeze and return a vector.
  return super().apply(*args, **kwargs)  # type: ignore[misc]

val:   1%|          | 1/113 [00:01<02:15,  1.21s/it]
val:   2%|â–         | 2/113 [00:01<01:12,  1.54it/s]
val:   3%|â–Ž         | 3/113 [00:01<00:52,  2.11it/s]
val:   4%|â–Ž         | 4/113 [00:01<00:42,  2.55it/s]
val:   4%|â–         | 5/113 [00:02<00:37,  2.87it/s]
val:   5%|â–Œ         | 6/113 [00:02<00:34,  3.14it/s]
val:   6%|â–Œ         | 7/113 [00:02<00:31,  3.32it/s]
val:   7%|â–‹         | 8/113 [00:03<00:30,  3.47it/s]
val:   8%|â–Š         | 9/113 [00:03<00:29,  3.55it/s]
val:   9%|â–‰         | 10/113 [00:03<00:28,  3.62it/s]
                                                     
Epoch 001/015 | loss=2.5522 acc=0.1255 macro_f1=0.1147 | val_loss=2.5331 val_acc=0.2375 val_macro_f1=0.0716 | ckpt_monitor=val_macro_f1:0.0716 best_val_macro_f1=0.0716 best_epoch=1 early_val_macro_f1=0.0716 sec/batch=0.660s
          val pred_count: [0, 0, 0, 296, 24, 0, 0]
          checkpoint improvement: best_epoch=1
          early stopping monitor improved

train 2:   0%|          | 0/919 [00:00<?, ?it/s]/usr/local/lib/python3.12/dist-packages/torch/autograd/function.py:583: UserWarning: Was asked to gather along dimension 0, but all input tensors were scalars; will instead unsqueeze and return a vector.
  return super().apply(*args, **kwargs)  # type: ignore[misc]

train 2:   0%|          | 0/919 [00:00<?, ?it/s, loss=2.5533]
train 2:   0%|          | 1/919 [00:00<11:47,  1.30it/s, loss=2.5533]
train 2:   0%|          | 1/919 [00:01<11:47,  1.30it/s, loss=2.5181]
train 2:   0%|          | 2/919 [00:01<09:41,  1.58it/s, loss=2.5181]
train 2:   0%|          | 2/919 [00:01<09:41,  1.58it/s, loss=2.5098]
train 2:   0%|          | 3/919 [00:01<09:03,  1.69it/s, loss=2.5098]
train 2:   0%|          | 3/919 [00:02<09:03,  1.69it/s, loss=2.5590]
train 2:   0%|          | 4/919 [00:02<08:43,  1.75it/s, loss=2.5590]
train 2:   0%|          | 4/919 [00:02<08:43,  1.75it/s, loss=2.5585]
train 2:   1%|          | 5/919 [00:02<08:34,  1.78it/s, loss=2.5585]
train 2:   1%|          | 5/919 [00:03<08:34,  1.78it/s, loss=2.5524]
train 2:   1%|          | 6/919 [00:03<08:29,  1.79it/s, loss=2.5524]
train 2:   1%|          | 6/919 [00:04<08:29,  1.79it/s, loss=2.5240]
train 2:   1%|          | 7/919 [00:04<08:26,  1.80it/s, loss=2.5240]
train 2:   1%|          | 7/919 [00:04<08:26,  1.80it/s, loss=2.4981]
train 2:   1%|          | 8/919 [00:04<08:23,  1.81it/s, loss=2.4981]
train 2:   1%|          | 8/919 [00:05<08:23,  1.81it/s, loss=2.5342]
train 2:   1%|          | 9/919 [00:05<08:21,  1.82it/s, loss=2.5342]
train 2:   1%|          | 9/919 [00:05<08:21,  1.82it/s, loss=2.5255]
train 2:   1%|          | 10/919 [00:05<08:20,  1.82it/s, loss=2.5255]
train 2:   1%|          | 10/919 [00:06<08:20,  1.82it/s, loss=2.5222]
train 2:   1%|          | 11/919 [00:06<08:19,  1.82it/s, loss=2.5222]
train 2:   1%|          | 11/919 [00:06<08:19,  1.82it/s, loss=2.5474]
train 2:   1%|â–         | 12/919 [00:06<08:20,  1.81it/s, loss=2.5474]
train 2:   1%|â–         | 12/919 [00:07<08:20,  1.81it/s, loss=2.5581]
train 2:   1%|â–         | 13/919 [00:07<08:21,  1.81it/s, loss=2.5581]
train 2:   1%|â–         | 13/919 [00:07<08:21,  1.81it/s, loss=2.5521]
train 2:   2%|â–         | 14/919 [00:07<08:20,  1.81it/s, loss=2.5521]
train 2:   2%|â–         | 14/919 [00:08<08:20,  1.81it/s, loss=2.5096]
train 2:   2%|â–         | 15/919 [00:08<08:17,  1.82it/s, loss=2.5096]
train 2:   2%|â–         | 15/919 [00:08<08:17,  1.82it/s, loss=2.4838]
train 2:   2%|â–         | 16/919 [00:08<07:23,  2.04it/s, loss=2.4838]
train 2:   2%|â–         | 16/919 [00:09<07:23,  2.04it/s, loss=2.5424]
train 2:   2%|â–         | 17/919 [00:09<07:36,  1.97it/s, loss=2.5424]
train 2:   2%|â–         | 17/919 [00:09<07:36,  1.97it/s, loss=2.5400]
train 2:   2%|â–         | 18/919 [00:09<07:46,  1.93it/s, loss=2.5400]
train 2:   2%|â–         | 18/919 [00:10<07:46,  1.93it/s, loss=2.5702]
train 2:   2%|â–         | 19/919 [00:10<07:54,  1.90it/s, loss=2.5702]
train 2:   2%|â–         | 19/919 [00:10<07:54,  1.90it/s, loss=2.5623]
train 2:   2%|â–         | 20/919 [00:10<08:00,  1.87it/s, loss=2.5623]
train 2:   2%|â–         | 20/919 [00:11<08:00,  1.87it/s, loss=2.4967]
train 2:   2%|â–         | 21/919 [00:11<08:01,  1.86it/s, loss=2.4967]
train 2:   2%|â–         | 21/919 [00:12<08:01,  1.86it/s, loss=2.5334]
train 2:   2%|â–         | 22/919 [00:12<08:01,  1.86it/s, loss=2.5334]
train 2:   2%|â–         | 22/919 [00:12<08:01,  1.86it/s, loss=2.5255]
train 2:   3%|â–Ž         | 23/919 [00:12<08:03,  1.85it/s, loss=2.5255]
train 2:   3%|â–Ž         | 23/919 [00:13<08:03,  1.85it/s, loss=2.5499]
train 2:   3%|â–Ž         | 24/919 [00:13<08:03,  1.85it/s, loss=2.5499]
train 2:   3%|â–Ž         | 24/919 [00:13<08:03,  1.85it/s, loss=2.5600]
train 2:   3%|â–Ž         | 25/919 [00:13<08:02,  1.85it/s, loss=2.5600]
train 2:   3%|â–Ž         | 25/919 [00:14<08:02,  1.85it/s, loss=2.5397]
train 2:   3%|â–Ž         | 26/919 [00:14<08:02,  1.85it/s, loss=2.5397]
train 2:   3%|â–Ž         | 26/919 [00:14<08:02,  1.85it/s, loss=2.5889]
train 2:   3%|â–Ž         | 27/919 [00:14<08:02,  1.85it/s, loss=2.5889]
train 2:   3%|â–Ž         | 27/919 [00:15<08:02,  1.85it/s, loss=2.5227]
train 2:   3%|â–Ž         | 28/919 [00:15<08:04,  1.84it/s, loss=2.5227]
train 2:   3%|â–Ž         | 28/919 [00:15<08:04,  1.84it/s, loss=2.5317]
train 2:   3%|â–Ž         | 29/919 [00:15<08:06,  1.83it/s, loss=2.5317]
train 2:   3%|â–Ž         | 29/919 [00:16<08:06,  1.83it/s, loss=2.5500]
train 2:   3%|â–Ž         | 30/919 [00:16<08:07,  1.83it/s, loss=2.5500]
                                                                      
[PROFILE batch=0]
  data_time      =0.2263s
  to_device_time =0.0023s
  forward_time   =0.2777s
  loss_time      =0.0013s
  backward_time  =0.2525s
  optimizer_time =0.0069s
  batch_time     =0.5417s
  cuda_allocated_gb    =0.125
  cuda_reserved_gb     =9.008
  cuda_max_allocated_gb=7.792
[PROFILE batch=1]
  data_time      =0.0005s
  to_device_time =0.0021s
  forward_time   =0.2740s
  loss_time      =0.0021s
  backward_time  =0.2500s
  optimizer_time =0.0063s
  batch_time     =0.5349s
  cuda_allocated_gb    =0.125
  cuda_reserved_gb     =9.008
  cuda_max_allocated_gb=7.792
[PROFILE batch=2]
  data_time      =0.0007s
  to_device_time =0.0022s
  forward_time   =0.2784s
  loss_time      =0.0021s
  backward_time  =0.2526s
  optimizer_time =0.0061s
  batch_time     =0.5418s
  cuda_allocated_gb    =0.125
  cuda_reserved_gb     =9.008
  cuda_max_allocated_gb=7.792
[PROFILE batch=3]
  data_time      =0.0005s
  to_device_time =0.0022s
  forward_time   =0.2724s
  loss_time      =0.0021s
  backward_time  =0.2526s
  optimizer_time =0.0067s
  batch_time     =0.5364s
  cuda_allocated_gb    =0.125
  cuda_reserved_gb     =9.008
  cuda_max_allocated_gb=7.792
[PROFILE batch=4]
  data_time      =0.0005s
  to_device_time =0.0022s
  forward_time   =0.2765s
  loss_time      =0.0022s
  backward_time  =0.2542s
  optimizer_time =0.0060s
  batch_time     =0.5416s
  cuda_allocated_gb    =0.125
  cuda_reserved_gb     =9.008
  cuda_max_allocated_gb=7.792
[PROFILE batch=5]
  data_time      =0.0005s
  to_device_time =0.0022s
  forward_time   =0.2750s
  loss_time      =0.0021s
  backward_time  =0.2605s
  optimizer_time =0.0060s
  batch_time     =0.5463s
  cuda_allocated_gb    =0.125
  cuda_reserved_gb     =9.008
  cuda_max_allocated_gb=7.792
[PROFILE batch=6]
  data_time      =0.0005s
  to_device_time =0.0022s
  forward_time   =0.2807s
  loss_time      =0.0022s
  backward_time  =0.2529s
  optimizer_time =0.0064s
  batch_time     =0.5450s
  cuda_allocated_gb    =0.125
  cuda_reserved_gb     =9.008
  cuda_max_allocated_gb=7.792
[PROFILE batch=7]
  data_time      =0.0005s
  to_device_time =0.0021s
  forward_time   =0.2749s
  loss_time      =0.0023s
  backward_time  =0.2551s
  optimizer_time =0.0083s
  batch_time     =0.5433s
  cuda_allocated_gb    =0.125
  cuda_reserved_gb     =9.008
  cuda_max_allocated_gb=7.792
[PROFILE batch=8]
  data_time      =0.0005s
  to_device_time =0.0022s
  forward_time   =0.2758s
  loss_time      =0.0022s
  backward_time  =0.2569s
  optimizer_time =0.0064s
  batch_time     =0.5439s
  cuda_allocated_gb    =0.125
  cuda_reserved_gb     =9.008
  cuda_max_allocated_gb=7.792
[PROFILE batch=9]
  data_time      =0.0004s
  to_device_time =0.0022s
  forward_time   =0.2754s
  loss_time      =0.0022s
  backward_time  =0.2610s
  optimizer_time =0.0063s
  batch_time     =0.5475s
  cuda_allocated_gb    =0.125
  cuda_reserved_gb     =9.008
  cuda_max_allocated_gb=7.792
[PROFILE batch=10]
  data_time      =0.0005s
  to_device_time =0.0022s
  forward_time   =0.2780s
  loss_time      =0.0024s
  backward_time  =0.2532s
  optimizer_time =0.0086s
  batch_time     =0.5448s
  cuda_allocated_gb    =0.125
  cuda_reserved_gb     =9.008
  cuda_max_allocated_gb=7.792
[PROFILE batch=11]
  data_time      =0.0005s
  to_device_time =0.0021s
  forward_time   =0.2915s
  loss_time      =0.0022s
  backward_time  =0.2499s
  optimizer_time =0.0063s
  batch_time     =0.5525s
  cuda_allocated_gb    =0.125
  cuda_reserved_gb     =9.008
  cuda_max_allocated_gb=7.792
[PROFILE batch=12]
  data_time      =0.0007s
  to_device_time =0.0021s
  forward_time   =0.2793s
  loss_time      =0.0042s
  backward_time  =0.2621s
  optimizer_time =0.0065s
  batch_time     =0.5547s
  cuda_allocated_gb    =0.125
  cuda_reserved_gb     =9.008
  cuda_max_allocated_gb=7.792
[PROFILE batch=13]
  data_time      =0.0005s
  to_device_time =0.0021s
  forward_time   =0.2796s
  loss_time      =0.0031s
  backward_time  =0.2556s
  optimizer_time =0.0066s
  batch_time     =0.5475s
  cuda_allocated_gb    =0.125
  cuda_reserved_gb     =9.008
  cuda_max_allocated_gb=7.792
[PROFILE batch=14]
  data_time      =0.0005s
  to_device_time =0.0022s
  forward_time   =0.2745s
  loss_time      =0.0022s
  backward_time  =0.2555s
  optimizer_time =0.0064s
  batch_time     =0.5412s
  cuda_allocated_gb    =0.125
  cuda_reserved_gb     =9.008
  cuda_max_allocated_gb=7.792
[PROFILE batch=15]
  data_time      =0.0005s
  to_device_time =0.0014s
  forward_time   =0.1810s
  loss_time      =0.0022s
  backward_time  =0.1600s
  optimizer_time =0.0060s
  batch_time     =0.3511s
  cuda_allocated_gb    =0.094
  cuda_reserved_gb     =9.008
  cuda_max_allocated_gb=7.792
[PROFILE batch=16]
  data_time      =0.0005s
  to_device_time =0.0021s
  forward_time   =0.2740s
  loss_time      =0.0022s
  backward_time  =0.2527s
  optimizer_time =0.0062s
  batch_time     =0.5378s
  cuda_allocated_gb    =0.125
  cuda_reserved_gb     =9.008
  cuda_max_allocated_gb=7.792
[PROFILE batch=17]
  data_time      =0.0005s
  to_device_time =0.0021s
  forward_time   =0.2736s
  loss_time      =0.0022s
  backward_time  =0.2553s
  optimizer_time =0.0063s
  batch_time     =0.5400s
  cuda_allocated_gb    =0.125
  cuda_reserved_gb     =9.008
  cuda_max_allocated_gb=7.792
[PROFILE batch=18]
  data_time      =0.0005s
  to_device_time =0.0022s
  forward_time   =0.2788s
  loss_time      =0.0024s
  backward_time  =0.2552s
  optimizer_time =0.0063s
  batch_time     =0.5453s
  cuda_allocated_gb    =0.125
  cuda_reserved_gb     =9.008
  cuda_max_allocated_gb=7.792
[PROFILE batch=19]
  data_time      =0.0005s
  to_device_time =0.0021s
  forward_time   =0.2773s
  loss_time      =0.0022s
  backward_time  =0.2611s
  optimizer_time =0.0059s
  batch_time     =0.5490s
  cuda_allocated_gb    =0.125
  cuda_reserved_gb     =9.008
  cuda_max_allocated_gb=7.792

[PROFILE average first 20 batches (recorded=20)]
  avg_data_time      =0.0118s
  avg_to_device_time =0.0021s
  avg_forward_time   =0.2724s
  avg_loss_time      =0.0023s
  avg_backward_time  =0.2504s
  avg_optimizer_time =0.0065s
  avg_batch_time     =0.5343s
  estimated_full_epoch_minutes=8.18

val:   0%|          | 0/113 [00:00<?, ?it/s]/usr/local/lib/python3.12/dist-packages/torch/autograd/function.py:583: UserWarning: Was asked to gather along dimension 0, but all input tensors were scalars; will instead unsqueeze and return a vector.
  return super().apply(*args, **kwargs)  # type: ignore[misc]

val:   1%|          | 1/113 [00:00<00:43,  2.56it/s]
val:   2%|â–         | 2/113 [00:00<00:35,  3.13it/s]
val:   3%|â–Ž         | 3/113 [00:00<00:32,  3.39it/s]
val:   4%|â–Ž         | 4/113 [00:01<00:30,  3.53it/s]
val:   4%|â–         | 5/113 [00:01<00:30,  3.60it/s]
val:   5%|â–Œ         | 6/113 [00:01<00:29,  3.65it/s]
val:   6%|â–Œ         | 7/113 [00:01<00:28,  3.68it/s]
val:   7%|â–‹         | 8/113 [00:02<00:28,  3.72it/s]
val:   8%|â–Š         | 9/113 [00:02<00:27,  3.74it/s]
val:   9%|â–‰         | 10/113 [00:02<00:27,  3.76it/s]
                                                     
Epoch 002/015 | loss=2.5373 acc=0.1646 macro_f1=0.1539 | val_loss=2.5331 val_acc=0.1375 val_macro_f1=0.0377 | ckpt_monitor=val_macro_f1:0.0377 best_val_macro_f1=0.0716 best_epoch=1 early_val_macro_f1=0.0716 sec/batch=0.548s
          val pred_count: [0, 0, 0, 7, 313, 0, 0]
          no improvement: 1/12

train 3:   0%|          | 0/919 [00:00<?, ?it/s]/usr/local/lib/python3.12/dist-packages/torch/autograd/function.py:583: UserWarning: Was asked to gather along dimension 0, but all input tensors were scalars; will instead unsqueeze and return a vector.
  return super().apply(*args, **kwargs)  # type: ignore[misc]

train 3:   0%|          | 0/919 [00:00<?, ?it/s, loss=2.5577]
train 3:   0%|          | 1/919 [00:00<11:00,  1.39it/s, loss=2.5577]
train 3:   0%|          | 1/919 [00:01<11:00,  1.39it/s, loss=2.5760]
train 3:   0%|          | 2/919 [00:01<09:27,  1.62it/s, loss=2.5760]
train 3:   0%|          | 2/919 [00:01<09:27,  1.62it/s, loss=2.5475]
train 3:   0%|          | 3/919 [00:01<08:57,  1.70it/s, loss=2.5475]
train 3:   0%|          | 3/919 [00:02<08:57,  1.70it/s, loss=2.5096]
train 3:   0%|          | 4/919 [00:02<08:44,  1.74it/s, loss=2.5096]
train 3:   0%|          | 4/919 [00:02<08:44,  1.74it/s, loss=2.5354]
train 3:   1%|          | 5/919 [00:02<08:37,  1.77it/s, loss=2.5354]
train 3:   1%|          | 5/919 [00:03<08:37,  1.77it/s, loss=2.5579]
train 3:   1%|          | 6/919 [00:03<08:31,  1.78it/s, loss=2.5579]
train 3:   1%|          | 6/919 [00:04<08:31,  1.78it/s, loss=2.5242]
train 3:   1%|          | 7/919 [00:04<08:28,  1.79it/s, loss=2.5242]
train 3:   1%|          | 7/919 [00:04<08:28,  1.79it/s, loss=2.5280]
train 3:   1%|          | 8/919 [00:04<08:25,  1.80it/s, loss=2.5280]
train 3:   1%|          | 8/919 [00:05<08:25,  1.80it/s, loss=2.5357]
train 3:   1%|          | 9/919 [00:05<08:22,  1.81it/s, loss=2.5357]
train 3:   1%|          | 9/919 [00:05<08:22,  1.81it/s, loss=2.5661]
train 3:   1%|          | 10/919 [00:05<08:25,  1.80it/s, loss=2.5661]
train 3:   1%|          | 10/919 [00:06<08:25,  1.80it/s, loss=2.5195]
train 3:   1%|          | 11/919 [00:06<08:23,  1.80it/s, loss=2.5195]
train 3:   1%|          | 11/919 [00:06<08:23,  1.80it/s, loss=2.5540]
train 3:   1%|â–         | 12/919 [00:06<08:21,  1.81it/s, loss=2.5540]
train 3:   1%|â–         | 12/919 [00:07<08:21,  1.81it/s, loss=2.5652]
train 3:   1%|â–         | 13/919 [00:07<08:20,  1.81it/s, loss=2.5652]
train 3:   1%|â–         | 13/919 [00:07<08:20,  1.81it/s, loss=2.5540]
train 3:   2%|â–         | 14/919 [00:07<08:18,  1.81it/s, loss=2.5540]
train 3:   2%|â–         | 14/919 [00:08<08:18,  1.81it/s, loss=2.5304]
train 3:   2%|â–         | 15/919 [00:08<08:17,  1.82it/s, loss=2.5304]
train 3:   2%|â–         | 15/919 [00:08<08:17,  1.82it/s, loss=2.5703]
train 3:   2%|â–         | 16/919 [00:08<07:24,  2.03it/s, loss=2.5703]
train 3:   2%|â–         | 16/919 [00:09<07:24,  2.03it/s, loss=2.5769]
train 3:   2%|â–         | 17/919 [00:09<07:40,  1.96it/s, loss=2.5769]
train 3:   2%|â–         | 17/919 [00:09<07:40,  1.96it/s, loss=2.5353]
train 3:   2%|â–         | 18/919 [00:09<07:50,  1.92it/s, loss=2.5353]
train 3:   2%|â–         | 18/919 [00:10<07:50,  1.92it/s, loss=2.5403]
train 3:   2%|â–         | 19/919 [00:10<07:57,  1.88it/s, loss=2.5403]
train 3:   2%|â–         | 19/919 [00:11<07:57,  1.88it/s, loss=2.5486]
train 3:   2%|â–         | 20/919 [00:11<08:04,  1.85it/s, loss=2.5486]
train 3:   2%|â–         | 20/919 [00:11<08:04,  1.85it/s, loss=2.5651]
train 3:   2%|â–         | 21/919 [00:11<08:06,  1.85it/s, loss=2.5651]
train 3:   2%|â–         | 21/919 [00:12<08:06,  1.85it/s, loss=2.5658]
train 3:   2%|â–         | 22/919 [00:12<08:07,  1.84it/s, loss=2.5658]
train 3:   2%|â–         | 22/919 [00:12<08:07,  1.84it/s, loss=2.4962]
train 3:   3%|â–Ž         | 23/919 [00:12<08:07,  1.84it/s, loss=2.4962]
train 3:   3%|â–Ž         | 23/919 [00:13<08:07,  1.84it/s, loss=2.5539]
train 3:   3%|â–Ž         | 24/919 [00:13<08:08,  1.83it/s, loss=2.5539]
train 3:   3%|â–Ž         | 24/919 [00:13<08:08,  1.83it/s, loss=2.5368]
train 3:   3%|â–Ž         | 25/919 [00:13<08:09,  1.83it/s, loss=2.5368]
train 3:   3%|â–Ž         | 25/919 [00:14<08:09,  1.83it/s, loss=2.5659]
train 3:   3%|â–Ž         | 26/919 [00:14<08:11,  1.82it/s, loss=2.5659]
train 3:   3%|â–Ž         | 26/919 [00:14<08:11,  1.82it/s, loss=2.5493]
train 3:   3%|â–Ž         | 27/919 [00:14<08:11,  1.81it/s, loss=2.5493]
train 3:   3%|â–Ž         | 27/919 [00:15<08:11,  1.81it/s, loss=2.5791]
train 3:   3%|â–Ž         | 28/919 [00:15<08:10,  1.82it/s, loss=2.5791]
train 3:   3%|â–Ž         | 28/919 [00:15<08:10,  1.82it/s, loss=2.5503]
train 3:   3%|â–Ž         | 29/919 [00:15<08:09,  1.82it/s, loss=2.5503]
train 3:   3%|â–Ž         | 29/919 [00:16<08:09,  1.82it/s, loss=2.5691]
train 3:   3%|â–Ž         | 30/919 [00:16<08:08,  1.82it/s, loss=2.5691]
                                                                      
[PROFILE batch=0]
  data_time      =0.1626s
  to_device_time =0.0023s
  forward_time   =0.2887s
  loss_time      =0.0013s
  backward_time  =0.2546s
  optimizer_time =0.0056s
  batch_time     =0.5543s
  cuda_allocated_gb    =0.125
  cuda_reserved_gb     =9.008
  cuda_max_allocated_gb=7.792
[PROFILE batch=1]
  data_time      =0.0006s
  to_device_time =0.0022s
  forward_time   =0.2810s
  loss_time      =0.0022s
  backward_time  =0.2524s
  optimizer_time =0.0058s
  batch_time     =0.5440s
  cuda_allocated_gb    =0.125
  cuda_reserved_gb     =9.008
  cuda_max_allocated_gb=7.792
[PROFILE batch=2]
  data_time      =0.0007s
  to_device_time =0.0022s
  forward_time   =0.2795s
  loss_time      =0.0021s
  backward_time  =0.2549s
  optimizer_time =0.0066s
  batch_time     =0.5457s
  cuda_allocated_gb    =0.125
  cuda_reserved_gb     =9.008
  cuda_max_allocated_gb=7.792
[PROFILE batch=3]
  data_time      =0.0006s
  to_device_time =0.0021s
  forward_time   =0.2825s
  loss_time      =0.0021s
  backward_time  =0.2569s
  optimizer_time =0.0060s
  batch_time     =0.5501s
  cuda_allocated_gb    =0.125
  cuda_reserved_gb     =9.008
  cuda_max_allocated_gb=7.792
[PROFILE batch=4]
  data_time      =0.0006s
  to_device_time =0.0022s
  forward_time   =0.2800s
  loss_time      =0.0022s
  backward_time  =0.2582s
  optimizer_time =0.0065s
  batch_time     =0.5495s
  cuda_allocated_gb    =0.125
  cuda_reserved_gb     =9.008
  cuda_max_allocated_gb=7.792
[PROFILE batch=5]
  data_time      =0.0006s
  to_device_time =0.0021s
  forward_time   =0.2761s
  loss_time      =0.0022s
  backward_time  =0.2594s
  optimizer_time =0.0061s
  batch_time     =0.5465s
  cuda_allocated_gb    =0.125
  cuda_reserved_gb     =9.008
  cuda_max_allocated_gb=7.792
[PROFILE batch=6]
  data_time      =0.0005s
  to_device_time =0.0021s
  forward_time   =0.2762s
  loss_time      =0.0022s
  backward_time  =0.2599s
  optimizer_time =0.0063s
  batch_time     =0.5473s
  cuda_allocated_gb    =0.125
  cuda_reserved_gb     =9.008
  cuda_max_allocated_gb=7.792
[PROFILE batch=7]
  data_time      =0.0005s
  to_device_time =0.0022s
  forward_time   =0.2795s
  loss_time      =0.0022s
  backward_time  =0.2563s
  optimizer_time =0.0061s
  batch_time     =0.5468s
  cuda_allocated_gb    =0.125
  cuda_reserved_gb     =9.008
  cuda_max_allocated_gb=7.792
[PROFILE batch=8]
  data_time      =0.0005s
  to_device_time =0.0022s
  forward_time   =0.2777s
  loss_time      =0.0022s
  backward_time  =0.2557s
  optimizer_time =0.0060s
  batch_time     =0.5441s
  cuda_allocated_gb    =0.125
  cuda_reserved_gb     =9.008
  cuda_max_allocated_gb=7.792
[PROFILE batch=9]
  data_time      =0.0004s
  to_device_time =0.0022s
  forward_time   =0.2890s
  loss_time      =0.0022s
  backward_time  =0.2605s
  optimizer_time =0.0059s
  batch_time     =0.5604s
  cuda_allocated_gb    =0.125
  cuda_reserved_gb     =9.008
  cuda_max_allocated_gb=7.792
[PROFILE batch=10]
  data_time      =0.0005s
  to_device_time =0.0022s
  forward_time   =0.2787s
  loss_time      =0.0022s
  backward_time  =0.2591s
  optimizer_time =0.0065s
  batch_time     =0.5493s
  cuda_allocated_gb    =0.125
  cuda_reserved_gb     =9.008
  cuda_max_allocated_gb=7.792
[PROFILE batch=11]
  data_time      =0.0006s
  to_device_time =0.0021s
  forward_time   =0.2754s
  loss_time      =0.0022s
  backward_time  =0.2583s
  optimizer_time =0.0063s
  batch_time     =0.5448s
  cuda_allocated_gb    =0.125
  cuda_reserved_gb     =9.008
  cuda_max_allocated_gb=7.792
[PROFILE batch=12]
  data_time      =0.0007s
  to_device_time =0.0021s
  forward_time   =0.2781s
  loss_time      =0.0022s
  backward_time  =0.2581s
  optimizer_time =0.0065s
  batch_time     =0.5476s
  cuda_allocated_gb    =0.125
  cuda_reserved_gb     =9.008
  cuda_max_allocated_gb=7.792
[PROFILE batch=13]
  data_time      =0.0006s
  to_device_time =0.0021s
  forward_time   =0.2774s
  loss_time      =0.0023s
  backward_time  =0.2556s
  optimizer_time =0.0067s
  batch_time     =0.5446s
  cuda_allocated_gb    =0.125
  cuda_reserved_gb     =9.008
  cuda_max_allocated_gb=7.792
[PROFILE batch=14]
  data_time      =0.0006s
  to_device_time =0.0021s
  forward_time   =0.2780s
  loss_time      =0.0022s
  backward_time  =0.2571s
  optimizer_time =0.0064s
  batch_time     =0.5462s
  cuda_allocated_gb    =0.125
  cuda_reserved_gb     =9.008
  cuda_max_allocated_gb=7.792
[PROFILE batch=15]
  data_time      =0.0006s
  to_device_time =0.0014s
  forward_time   =0.1814s
  loss_time      =0.0022s
  backward_time  =0.1631s
  optimizer_time =0.0062s
  batch_time     =0.3547s
  cuda_allocated_gb    =0.094
  cuda_reserved_gb     =9.008
  cuda_max_allocated_gb=7.792
[PROFILE batch=16]
  data_time      =0.0006s
  to_device_time =0.0021s
  forward_time   =0.2785s
  loss_time      =0.0022s
  backward_time  =0.2576s
  optimizer_time =0.0063s
  batch_time     =0.5472s
  cuda_allocated_gb    =0.125
  cuda_reserved_gb     =9.008
  cuda_max_allocated_gb=7.792
[PROFILE batch=17]
  data_time      =0.0006s
  to_device_time =0.0022s
  forward_time   =0.2784s
  loss_time      =0.0021s
  backward_time  =0.2563s
  optimizer_time =0.0060s
  batch_time     =0.5456s
  cuda_allocated_gb    =0.125
  cuda_reserved_gb     =9.008
  cuda_max_allocated_gb=7.792
[PROFILE batch=18]
  data_time      =0.0005s
  to_device_time =0.0022s
  forward_time   =0.2776s
  loss_time      =0.0021s
  backward_time  =0.2589s
  optimizer_time =0.0062s
  batch_time     =0.5475s
  cuda_allocated_gb    =0.125
  cuda_reserved_gb     =9.008
  cuda_max_allocated_gb=7.792
[PROFILE batch=19]
  data_time      =0.0005s
  to_device_time =0.0021s
  forward_time   =0.2841s
  loss_time      =0.0023s
  backward_time  =0.2607s
  optimizer_time =0.0060s
  batch_time     =0.5557s
  cuda_allocated_gb    =0.125
  cuda_reserved_gb     =9.008
  cuda_max_allocated_gb=7.792

[PROFILE average first 20 batches (recorded=20)]
  avg_data_time      =0.0087s
  avg_to_device_time =0.0021s
  avg_forward_time   =0.2749s
  avg_loss_time      =0.0022s
  avg_backward_time  =0.2527s
  avg_optimizer_time =0.0062s
  avg_batch_time     =0.5386s
  estimated_full_epoch_minutes=8.25

val:   0%|          | 0/113 [00:00<?, ?it/s]/usr/local/lib/python3.12/dist-packages/torch/autograd/function.py:583: UserWarning: Was asked to gather along dimension 0, but all input tensors were scalars; will instead unsqueeze and return a vector.
  return super().apply(*args, **kwargs)  # type: ignore[misc]

val:   1%|          | 1/113 [00:00<00:45,  2.46it/s]
val:   2%|â–         | 2/113 [00:00<00:36,  3.01it/s]
val:   3%|â–Ž         | 3/113 [00:00<00:33,  3.26it/s]
val:   4%|â–Ž         | 4/113 [00:01<00:32,  3.38it/s]
val:   4%|â–         | 5/113 [00:01<00:31,  3.45it/s]
val:   5%|â–Œ         | 6/113 [00:01<00:30,  3.49it/s]
val:   6%|â–Œ         | 7/113 [00:02<00:29,  3.53it/s]
val:   7%|â–‹         | 8/113 [00:02<00:29,  3.54it/s]
val:   8%|â–Š         | 9/113 [00:02<00:29,  3.55it/s]
val:   9%|â–‰         | 10/113 [00:02<00:28,  3.57it/s]
                                                     
Epoch 003/015 | loss=2.5488 acc=0.1445 macro_f1=0.1320 | val_loss=2.5331 val_acc=0.2437 val_macro_f1=0.0560 | ckpt_monitor=val_macro_f1:0.0560 best_val_macro_f1=0.0716 best_epoch=1 early_val_macro_f1=0.0716 sec/batch=0.550s
          val pred_count: [0, 0, 0, 320, 0, 0, 0]
          no improvement: 2/12

train 4:   0%|          | 0/919 [00:00<?, ?it/s]/usr/local/lib/python3.12/dist-packages/torch/autograd/function.py:583: UserWarning: Was asked to gather along dimension 0, but all input tensors were scalars; will instead unsqueeze and return a vector.
  return super().apply(*args, **kwargs)  # type: ignore[misc]

train 4:   0%|          | 0/919 [00:00<?, ?it/s, loss=2.5232]
train 4:   0%|          | 1/919 [00:00<10:11,  1.50it/s, loss=2.5232]
train 4:   0%|          | 1/919 [00:01<10:11,  1.50it/s, loss=2.5478]
train 4:   0%|          | 2/919 [00:01<09:16,  1.65it/s, loss=2.5478]
train 4:   0%|          | 2/919 [00:01<09:16,  1.65it/s, loss=2.5558]
train 4:   0%|          | 3/919 [00:01<08:58,  1.70it/s, loss=2.5558]
train 4:   0%|          | 3/919 [00:02<08:58,  1.70it/s, loss=2.5337]
train 4:   0%|          | 4/919 [00:02<08:48,  1.73it/s, loss=2.5337]
train 4:   0%|          | 4/919 [00:02<08:48,  1.73it/s, loss=2.5344]
train 4:   1%|          | 5/919 [00:02<08:41,  1.75it/s, loss=2.5344]
train 4:   1%|          | 5/919 [00:03<08:41,  1.75it/s, loss=2.5711]
train 4:   1%|          | 6/919 [00:03<08:39,  1.76it/s, loss=2.5711]
train 4:   1%|          | 6/919 [00:04<08:39,  1.76it/s, loss=2.5062]
train 4:   1%|          | 7/919 [00:04<08:37,  1.76it/s, loss=2.5062]
train 4:   1%|          | 7/919 [00:04<08:37,  1.76it/s, loss=2.4979]
train 4:   1%|          | 8/919 [00:04<08:34,  1.77it/s, loss=2.4979]
train 4:   1%|          | 8/919 [00:05<08:34,  1.77it/s, loss=2.5442]
train 4:   1%|          | 9/919 [00:05<08:32,  1.78it/s, loss=2.5442]
train 4:   1%|          | 9/919 [00:05<08:32,  1.78it/s, loss=2.5328]
train 4:   1%|          | 10/919 [00:05<08:32,  1.77it/s, loss=2.5328]
train 4:   1%|          | 10/919 [00:06<08:32,  1.77it/s, loss=2.5429]
train 4:   1%|          | 11/919 [00:06<08:32,  1.77it/s, loss=2.5429]
train 4:   1%|          | 11/919 [00:06<08:32,  1.77it/s, loss=2.5263]
train 4:   1%|â–         | 12/919 [00:06<08:31,  1.77it/s, loss=2.5263]
train 4:   1%|â–         | 12/919 [00:07<08:31,  1.77it/s, loss=2.5236]
train 4:   1%|â–         | 13/919 [00:07<08:30,  1.77it/s, loss=2.5236]
train 4:   1%|â–         | 13/919 [00:07<08:30,  1.77it/s, loss=2.5318]
train 4:   2%|â–         | 14/919 [00:07<08:30,  1.77it/s, loss=2.5318]
train 4:   2%|â–         | 14/919 [00:08<08:30,  1.77it/s, loss=2.5517]
train 4:   2%|â–         | 15/919 [00:08<08:30,  1.77it/s, loss=2.5517]
train 4:   2%|â–         | 15/919 [00:08<08:30,  1.77it/s, loss=2.5288]
train 4:   2%|â–         | 16/919 [00:08<07:35,  1.98it/s, loss=2.5288]
train 4:   2%|â–         | 16/919 [00:09<07:35,  1.98it/s, loss=2.5591]
train 4:   2%|â–         | 17/919 [00:09<07:51,  1.91it/s, loss=2.5591]
train 4:   2%|â–         | 17/919 [00:10<07:51,  1.91it/s, loss=2.5027]
train 4:   2%|â–         | 18/919 [00:10<08:02,  1.87it/s, loss=2.5027]
train 4:   2%|â–         | 18/919 [00:10<08:02,  1.87it/s, loss=2.5532]
train 4:   2%|â–         | 19/919 [00:10<08:11,  1.83it/s, loss=2.5532]
train 4:   2%|â–         | 19/919 [00:11<08:11,  1.83it/s, loss=2.5265]
train 4:   2%|â–         | 20/919 [00:11<08:15,  1.81it/s, loss=2.5265]
train 4:   2%|â–         | 20/919 [00:11<08:15,  1.81it/s, loss=2.5317]
train 4:   2%|â–         | 21/919 [00:11<08:16,  1.81it/s, loss=2.5317]
train 4:   2%|â–         | 21/919 [00:12<08:16,  1.81it/s, loss=2.5522]
train 4:   2%|â–         | 22/919 [00:12<08:18,  1.80it/s, loss=2.5522]
train 4:   2%|â–         | 22/919 [00:12<08:18,  1.80it/s, loss=2.5350]
train 4:   3%|â–Ž         | 23/919 [00:12<08:20,  1.79it/s, loss=2.5350]
train 4:   3%|â–Ž         | 23/919 [00:13<08:20,  1.79it/s, loss=2.5231]
train 4:   3%|â–Ž         | 24/919 [00:13<08:21,  1.79it/s, loss=2.5231]
train 4:   3%|â–Ž         | 24/919 [00:13<08:21,  1.79it/s, loss=2.5062]
train 4:   3%|â–Ž         | 25/919 [00:13<08:20,  1.79it/s, loss=2.5062]
train 4:   3%|â–Ž         | 25/919 [00:14<08:20,  1.79it/s, loss=2.5543]
train 4:   3%|â–Ž         | 26/919 [00:14<08:20,  1.78it/s, loss=2.5543]
train 4:   3%|â–Ž         | 26/919 [00:15<08:20,  1.78it/s, loss=2.5928]
train 4:   3%|â–Ž         | 27/919 [00:15<08:21,  1.78it/s, loss=2.5928]
train 4:   3%|â–Ž         | 27/919 [00:15<08:21,  1.78it/s, loss=2.5747]
train 4:   3%|â–Ž         | 28/919 [00:15<08:22,  1.77it/s, loss=2.5747]
train 4:   3%|â–Ž         | 28/919 [00:16<08:22,  1.77it/s, loss=2.5601]
train 4:   3%|â–Ž         | 29/919 [00:16<08:19,  1.78it/s, loss=2.5601]
train 4:   3%|â–Ž         | 29/919 [00:16<08:19,  1.78it/s, loss=2.5555]
train 4:   3%|â–Ž         | 30/919 [00:16<08:20,  1.78it/s, loss=2.5555]
                                                                      
[PROFILE batch=0]
  data_time      =0.0807s
  to_device_time =0.0023s
  forward_time   =0.3104s
  loss_time      =0.0013s
  backward_time  =0.2615s
  optimizer_time =0.0060s
  batch_time     =0.5824s
  cuda_allocated_gb    =0.125
  cuda_reserved_gb     =9.008
  cuda_max_allocated_gb=7.792
[PROFILE batch=1]
  data_time      =0.0006s
  to_device_time =0.0022s
  forward_time   =0.2858s
  loss_time      =0.0022s
  backward_time  =0.2644s
  optimizer_time =0.0062s
  batch_time     =0.5613s
  cuda_allocated_gb    =0.125
  cuda_reserved_gb     =9.008
  cuda_max_allocated_gb=7.792
[PROFILE batch=2]
  data_time      =0.0004s
  to_device_time =0.0022s
  forward_time   =0.2832s
  loss_time      =0.0021s
  backward_time  =0.2689s
  optimizer_time =0.0063s
  batch_time     =0.5632s
  cuda_allocated_gb    =0.125
  cuda_reserved_gb     =9.008
  cuda_max_allocated_gb=7.792
[PROFILE batch=3]
  data_time      =0.0007s
  to_device_time =0.0022s
  forward_time   =0.2841s
  loss_time      =0.0021s
  backward_time  =0.2620s
  optimizer_time =0.0066s
  batch_time     =0.5575s
  cuda_allocated_gb    =0.125
  cuda_reserved_gb     =9.008
  cuda_max_allocated_gb=7.792
[PROFILE batch=4]
  data_time      =0.0005s
  to_device_time =0.0022s
  forward_time   =0.2819s
  loss_time      =0.0021s
  backward_time  =0.2621s
  optimizer_time =0.0070s
  batch_time     =0.5558s
  cuda_allocated_gb    =0.125
  cuda_reserved_gb     =9.008
  cuda_max_allocated_gb=7.792
[PROFILE batch=5]
  data_time      =0.0006s
  to_device_time =0.0022s
  forward_time   =0.2836s
  loss_time      =0.0023s
  backward_time  =0.2654s
  optimizer_time =0.0072s
  batch_time     =0.5612s
  cuda_allocated_gb    =0.125
  cuda_reserved_gb     =9.008
  cuda_max_allocated_gb=7.792
[PROFILE batch=6]
  data_time      =0.0005s
  to_device_time =0.0021s
  forward_time   =0.2846s
  loss_time      =0.0023s
  backward_time  =0.2636s
  optimizer_time =0.0064s
  batch_time     =0.5595s
  cuda_allocated_gb    =0.125
  cuda_reserved_gb     =9.008
  cuda_max_allocated_gb=7.792
[PROFILE batch=7]
  data_time      =0.0005s
  to_device_time =0.0022s
  forward_time   =0.2803s
  loss_time      =0.0023s
  backward_time  =0.2635s
  optimizer_time =0.0064s
  batch_time     =0.5551s
  cuda_allocated_gb    =0.125
  cuda_reserved_gb     =9.008
  cuda_max_allocated_gb=7.792
[PROFILE batch=8]
  data_time      =0.0005s
  to_device_time =0.0022s
  forward_time   =0.2836s
  loss_time      =0.0021s
  backward_time  =0.2637s
  optimizer_time =0.0062s
  batch_time     =0.5583s
  cuda_allocated_gb    =0.125
  cuda_reserved_gb     =9.008
  cuda_max_allocated_gb=7.792
[PROFILE batch=9]
  data_time      =0.0006s
  to_device_time =0.0021s
  forward_time   =0.2840s
  loss_time      =0.0022s
  backward_time  =0.2664s
  optimizer_time =0.0064s
  batch_time     =0.5617s
  cuda_allocated_gb    =0.125
  cuda_reserved_gb     =9.008
  cuda_max_allocated_gb=7.792
[PROFILE batch=10]
  data_time      =0.0006s
  to_device_time =0.0021s
  forward_time   =0.2848s
  loss_time      =0.0022s
  backward_time  =0.2663s
  optimizer_time =0.0062s
  batch_time     =0.5621s
  cuda_allocated_gb    =0.125
  cuda_reserved_gb     =9.008
  cuda_max_allocated_gb=7.792
[PROFILE batch=11]
  data_time      =0.0006s
  to_device_time =0.0021s
  forward_time   =0.2843s
  loss_time      =0.0022s
  backward_time  =0.2633s
  optimizer_time =0.0063s
  batch_time     =0.5588s
  cuda_allocated_gb    =0.125
  cuda_reserved_gb     =9.008
  cuda_max_allocated_gb=7.792
[PROFILE batch=12]
  data_time      =0.0008s
  to_device_time =0.0021s
  forward_time   =0.2844s
  loss_time      =0.0022s
  backward_time  =0.2644s
  optimizer_time =0.0067s
  batch_time     =0.5604s
  cuda_allocated_gb    =0.125
  cuda_reserved_gb     =9.008
  cuda_max_allocated_gb=7.792
[PROFILE batch=13]
  data_time      =0.0006s
  to_device_time =0.0022s
  forward_time   =0.2857s
  loss_time      =0.0023s
  backward_time  =0.2633s
  optimizer_time =0.0082s
  batch_time     =0.5621s
  cuda_allocated_gb    =0.125
  cuda_reserved_gb     =9.008
  cuda_max_allocated_gb=7.792
[PROFILE batch=14]
  data_time      =0.0006s
  to_device_time =0.0022s
  forward_time   =0.2849s
  loss_time      =0.0021s
  backward_time  =0.2650s
  optimizer_time =0.0060s
  batch_time     =0.5607s
  cuda_allocated_gb    =0.125
  cuda_reserved_gb     =9.008
  cuda_max_allocated_gb=7.792
[PROFILE batch=15]
  data_time      =0.0005s
  to_device_time =0.0014s
  forward_time   =0.1840s
  loss_time      =0.0022s
  backward_time  =0.1676s
  optimizer_time =0.0063s
  batch_time     =0.3618s
  cuda_allocated_gb    =0.094
  cuda_reserved_gb     =9.008
  cuda_max_allocated_gb=7.792
[PROFILE batch=16]
  data_time      =0.0006s
  to_device_time =0.0021s
  forward_time   =0.2833s
  loss_time      =0.0022s
  backward_time  =0.2665s
  optimizer_time =0.0062s
  batch_time     =0.5608s
  cuda_allocated_gb    =0.125
  cuda_reserved_gb     =9.008
  cuda_max_allocated_gb=7.792
[PROFILE batch=17]
  data_time      =0.0005s
  to_device_time =0.0022s
  forward_time   =0.2858s
  loss_time      =0.0023s
  backward_time  =0.2665s
  optimizer_time =0.0064s
  batch_time     =0.5637s
  cuda_allocated_gb    =0.125
  cuda_reserved_gb     =9.008
  cuda_max_allocated_gb=7.792
[PROFILE batch=18]
  data_time      =0.0006s
  to_device_time =0.0023s
  forward_time   =0.2863s
  loss_time      =0.0023s
  backward_time  =0.2676s
  optimizer_time =0.0061s
  batch_time     =0.5650s
  cuda_allocated_gb    =0.125
  cuda_reserved_gb     =9.008
  cuda_max_allocated_gb=7.792
[PROFILE batch=19]
  data_time      =0.0006s
  to_device_time =0.0022s
  forward_time   =0.2842s
  loss_time      =0.0022s
  backward_time  =0.2660s
  optimizer_time =0.0063s
  batch_time     =0.5612s
  cuda_allocated_gb    =0.125
  cuda_reserved_gb     =9.008
  cuda_max_allocated_gb=7.792

[PROFILE average first 20 batches (recorded=20)]
  avg_data_time      =0.0046s
  avg_to_device_time =0.0021s
  avg_forward_time   =0.2805s
  avg_loss_time      =0.0022s
  avg_backward_time  =0.2599s
  avg_optimizer_time =0.0065s
  avg_batch_time     =0.5516s
  estimated_full_epoch_minutes=8.45

val:   0%|          | 0/113 [00:00<?, ?it/s]/usr/local/lib/python3.12/dist-packages/torch/autograd/function.py:583: UserWarning: Was asked to gather along dimension 0, but all input tensors were scalars; will instead unsqueeze and return a vector.
  return super().apply(*args, **kwargs)  # type: ignore[misc]

val:   1%|          | 1/113 [00:00<00:42,  2.63it/s]
val:   2%|â–         | 2/113 [00:00<00:35,  3.08it/s]
val:   3%|â–Ž         | 3/113 [00:00<00:33,  3.32it/s]
val:   4%|â–Ž         | 4/113 [00:01<00:31,  3.42it/s]
val:   4%|â–         | 5/113 [00:01<00:31,  3.46it/s]
val:   5%|â–Œ         | 6/113 [00:01<00:30,  3.49it/s]
val:   6%|â–Œ         | 7/113 [00:02<00:29,  3.54it/s]
val:   7%|â–‹         | 8/113 [00:02<00:29,  3.57it/s]
val:   8%|â–Š         | 9/113 [00:02<00:29,  3.57it/s]
val:   9%|â–‰         | 10/113 [00:02<00:29,  3.55it/s]
                                                     
Epoch 004/015 | loss=2.5393 acc=0.1540 macro_f1=0.1451 | val_loss=2.5331 val_acc=0.2437 val_macro_f1=0.0560 | ckpt_monitor=val_macro_f1:0.0560 best_val_macro_f1=0.0716 best_epoch=1 early_val_macro_f1=0.0716 sec/batch=0.560s
          val pred_count: [0, 0, 0, 320, 0, 0, 0]
          no improvement: 3/12

train 5:   0%|          | 0/919 [00:00<?, ?it/s]/usr/local/lib/python3.12/dist-packages/torch/autograd/function.py:583: UserWarning: Was asked to gather along dimension 0, but all input tensors were scalars; will instead unsqueeze and return a vector.
  return super().apply(*args, **kwargs)  # type: ignore[misc]

train 5:   0%|          | 0/919 [00:00<?, ?it/s, loss=2.5564]
train 5:   0%|          | 1/919 [00:00<11:46,  1.30it/s, loss=2.5564]
train 5:   0%|          | 1/919 [00:01<11:46,  1.30it/s, loss=2.5532]
train 5:   0%|          | 2/919 [00:01<09:57,  1.53it/s, loss=2.5532]
train 5:   0%|          | 2/919 [00:01<09:57,  1.53it/s, loss=2.5576]
train 5:   0%|          | 3/919 [00:01<09:25,  1.62it/s, loss=2.5576]
train 5:   0%|          | 3/919 [00:02<09:25,  1.62it/s, loss=2.5344]
train 5:   0%|          | 4/919 [00:02<09:09,  1.67it/s, loss=2.5344]
train 5:   0%|          | 4/919 [00:03<09:09,  1.67it/s, loss=2.5606]
train 5:   1%|          | 5/919 [00:03<09:01,  1.69it/s, loss=2.5606]
train 5:   1%|          | 5/919 [00:03<09:01,  1.69it/s, loss=2.5326]
train 5:   1%|          | 6/919 [00:03<08:54,  1.71it/s, loss=2.5326]
train 5:   1%|          | 6/919 [00:04<08:54,  1.71it/s, loss=2.5256]
train 5:   1%|          | 7/919 [00:04<08:50,  1.72it/s, loss=2.5256]
train 5:   1%|          | 7/919 [00:04<08:50,  1.72it/s, loss=2.5456]
train 5:   1%|          | 8/919 [00:04<08:47,  1.73it/s, loss=2.5456]
train 5:   1%|          | 8/919 [00:05<08:47,  1.73it/s, loss=2.5465]
train 5:   1%|          | 9/919 [00:05<08:46,  1.73it/s, loss=2.5465]
train 5:   1%|          | 9/919 [00:05<08:46,  1.73it/s, loss=2.5424]
train 5:   1%|          | 10/919 [00:05<08:44,  1.73it/s, loss=2.5424]
train 5:   1%|          | 10/919 [00:06<08:44,  1.73it/s, loss=2.5489]
train 5:   1%|          | 11/919 [00:06<08:43,  1.74it/s, loss=2.5489]
train 5:   1%|          | 11/919 [00:07<08:43,  1.74it/s, loss=2.5305]
train 5:   1%|â–         | 12/919 [00:07<08:41,  1.74it/s, loss=2.5305]
train 5:   1%|â–         | 12/919 [00:07<08:41,  1.74it/s, loss=2.5241]
train 5:   1%|â–         | 13/919 [00:07<08:41,  1.74it/s, loss=2.5241]
train 5:   1%|â–         | 13/919 [00:08<08:41,  1.74it/s, loss=2.5139]
train 5:   2%|â–         | 14/919 [00:08<08:41,  1.74it/s, loss=2.5139]
train 5:   2%|â–         | 14/919 [00:08<08:41,  1.74it/s, loss=2.5296]
train 5:   2%|â–         | 15/919 [00:08<08:40,  1.74it/s, loss=2.5296]
train 5:   2%|â–         | 15/919 [00:09<08:40,  1.74it/s, loss=2.5402]
train 5:   2%|â–         | 16/919 [00:09<07:45,  1.94it/s, loss=2.5402]
train 5:   2%|â–         | 16/919 [00:09<07:45,  1.94it/s, loss=2.5476]
train 5:   2%|â–         | 17/919 [00:09<08:03,  1.87it/s, loss=2.5476]
train 5:   2%|â–         | 17/919 [00:10<08:03,  1.87it/s, loss=2.5188]
train 5:   2%|â–         | 18/919 [00:10<08:13,  1.82it/s, loss=2.5188]
train 5:   2%|â–         | 18/919 [00:10<08:13,  1.82it/s, loss=2.5508]
train 5:   2%|â–         | 19/919 [00:10<08:21,  1.79it/s, loss=2.5508]
train 5:   2%|â–         | 19/919 [00:11<08:21,  1.79it/s, loss=2.5415]
train 5:   2%|â–         | 20/919 [00:11<08:26,  1.78it/s, loss=2.5415]
train 5:   2%|â–         | 20/919 [00:12<08:26,  1.78it/s, loss=2.5477]
train 5:   2%|â–         | 21/919 [00:12<08:29,  1.76it/s, loss=2.5477]
train 5:   2%|â–         | 21/919 [00:12<08:29,  1.76it/s, loss=2.5230]
train 5:   2%|â–         | 22/919 [00:12<08:31,  1.75it/s, loss=2.5230]
train 5:   2%|â–         | 22/919 [00:13<08:31,  1.75it/s, loss=2.5699]
train 5:   3%|â–Ž         | 23/919 [00:13<08:32,  1.75it/s, loss=2.5699]
train 5:   3%|â–Ž         | 23/919 [00:13<08:32,  1.75it/s, loss=2.5591]
train 5:   3%|â–Ž         | 24/919 [00:13<08:32,  1.75it/s, loss=2.5591]
train 5:   3%|â–Ž         | 24/919 [00:14<08:32,  1.75it/s, loss=2.5377]
train 5:   3%|â–Ž         | 25/919 [00:14<08:34,  1.74it/s, loss=2.5377]
train 5:   3%|â–Ž         | 25/919 [00:14<08:34,  1.74it/s, loss=2.5647]
train 5:   3%|â–Ž         | 26/919 [00:14<08:33,  1.74it/s, loss=2.5647]
train 5:   3%|â–Ž         | 26/919 [00:15<08:33,  1.74it/s, loss=2.5501]
train 5:   3%|â–Ž         | 27/919 [00:15<08:34,  1.73it/s, loss=2.5501]
train 5:   3%|â–Ž         | 27/919 [00:16<08:34,  1.73it/s, loss=2.5269]
train 5:   3%|â–Ž         | 28/919 [00:16<08:34,  1.73it/s, loss=2.5269]
train 5:   3%|â–Ž         | 28/919 [00:16<08:34,  1.73it/s, loss=2.5106]
train 5:   3%|â–Ž         | 29/919 [00:16<08:34,  1.73it/s, loss=2.5106]
train 5:   3%|â–Ž         | 29/919 [00:17<08:34,  1.73it/s, loss=2.5198]
train 5:   3%|â–Ž         | 30/919 [00:17<08:34,  1.73it/s, loss=2.5198]
                                                                      
[PROFILE batch=0]
  data_time      =0.1819s
  to_device_time =0.0023s
  forward_time   =0.3058s
  loss_time      =0.0013s
  backward_time  =0.2689s
  optimizer_time =0.0056s
  batch_time     =0.5849s
  cuda_allocated_gb    =0.125
  cuda_reserved_gb     =9.008
  cuda_max_allocated_gb=7.792
[PROFILE batch=1]
  data_time      =0.0005s
  to_device_time =0.0021s
  forward_time   =0.2887s
  loss_time      =0.0019s
  backward_time  =0.2665s
  optimizer_time =0.0062s
  batch_time     =0.5659s
  cuda_allocated_gb    =0.125
  cuda_reserved_gb     =9.008
  cuda_max_allocated_gb=7.792
[PROFILE batch=2]
  data_time      =0.0005s
  to_device_time =0.0022s
  forward_time   =0.2911s
  loss_time      =0.0021s
  backward_time  =0.2715s
  optimizer_time =0.0057s
  batch_time     =0.5732s
  cuda_allocated_gb    =0.125
  cuda_reserved_gb     =9.008
  cuda_max_allocated_gb=7.792
[PROFILE batch=3]
  data_time      =0.0004s
  to_device_time =0.0022s
  forward_time   =0.2880s
  loss_time      =0.0021s
  backward_time  =0.2724s
  optimizer_time =0.0063s
  batch_time     =0.5714s
  cuda_allocated_gb    =0.125
  cuda_reserved_gb     =9.008
  cuda_max_allocated_gb=7.792
[PROFILE batch=4]
  data_time      =0.0006s
  to_device_time =0.0022s
  forward_time   =0.2940s
  loss_time      =0.0022s
  backward_time  =0.2687s
  optimizer_time =0.0063s
  batch_time     =0.5739s
  cuda_allocated_gb    =0.125
  cuda_reserved_gb     =9.008
  cuda_max_allocated_gb=7.792
[PROFILE batch=5]
  data_time      =0.0005s
  to_device_time =0.0022s
  forward_time   =0.2896s
  loss_time      =0.0022s
  backward_time  =0.2691s
  optimizer_time =0.0062s
  batch_time     =0.5696s
  cuda_allocated_gb    =0.125
  cuda_reserved_gb     =9.008
  cuda_max_allocated_gb=7.792
[PROFILE batch=6]
  data_time      =0.0005s
  to_device_time =0.0021s
  forward_time   =0.2884s
  loss_time      =0.0022s
  backward_time  =0.2693s
  optimizer_time =0.0064s
  batch_time     =0.5689s
  cuda_allocated_gb    =0.125
  cuda_reserved_gb     =9.008
  cuda_max_allocated_gb=7.792
[PROFILE batch=7]
  data_time      =0.0004s
  to_device_time =0.0022s
  forward_time   =0.2906s
  loss_time      =0.0022s
  backward_time  =0.2695s
  optimizer_time =0.0065s
  batch_time     =0.5715s
  cuda_allocated_gb    =0.125
  cuda_reserved_gb     =9.008
  cuda_max_allocated_gb=7.792
[PROFILE batch=8]
  data_time      =0.0005s
  to_device_time =0.0022s
  forward_time   =0.2908s
  loss_time      =0.0021s
  backward_time  =0.2714s
  optimizer_time =0.0064s
  batch_time     =0.5733s
  cuda_allocated_gb    =0.125
  cuda_reserved_gb     =9.008
  cuda_max_allocated_gb=7.792
[PROFILE batch=9]
  data_time      =0.0006s
  to_device_time =0.0022s
  forward_time   =0.2889s
  loss_time      =0.0023s
  backward_time  =0.2694s
  optimizer_time =0.0062s
  batch_time     =0.5695s
  cuda_allocated_gb    =0.125
  cuda_reserved_gb     =9.008
  cuda_max_allocated_gb=7.792
[PROFILE batch=10]
  data_time      =0.0005s
  to_device_time =0.0021s
  forward_time   =0.2880s
  loss_time      =0.0023s
  backward_time  =0.2723s
  optimizer_time =0.0063s
  batch_time     =0.5715s
  cuda_allocated_gb    =0.125
  cuda_reserved_gb     =9.008
  cuda_max_allocated_gb=7.792
[PROFILE batch=11]
  data_time      =0.0005s
  to_device_time =0.0022s
  forward_time   =0.2898s
  loss_time      =0.0022s
  backward_time  =0.2698s
  optimizer_time =0.0058s
  batch_time     =0.5703s
  cuda_allocated_gb    =0.125
  cuda_reserved_gb     =9.008
  cuda_max_allocated_gb=7.792
[PROFILE batch=12]
  data_time      =0.0007s
  to_device_time =0.0022s
  forward_time   =0.2918s
  loss_time      =0.0021s
  backward_time  =0.2715s
  optimizer_time =0.0060s
  batch_time     =0.5741s
  cuda_allocated_gb    =0.125
  cuda_reserved_gb     =9.008
  cuda_max_allocated_gb=7.792
[PROFILE batch=13]
  data_time      =0.0006s
  to_device_time =0.0022s
  forward_time   =0.2898s
  loss_time      =0.0024s
  backward_time  =0.2704s
  optimizer_time =0.0060s
  batch_time     =0.5712s
  cuda_allocated_gb    =0.125
  cuda_reserved_gb     =9.008
  cuda_max_allocated_gb=7.792
[PROFILE batch=14]
  data_time      =0.0004s
  to_device_time =0.0022s
  forward_time   =0.2921s
  loss_time      =0.0022s
  backward_time  =0.2707s
  optimizer_time =0.0060s
  batch_time     =0.5739s
  cuda_allocated_gb    =0.125
  cuda_reserved_gb     =9.008
  cuda_max_allocated_gb=7.792
[PROFILE batch=15]
  data_time      =0.0006s
  to_device_time =0.0014s
  forward_time   =0.1910s
  loss_time      =0.0021s
  backward_time  =0.1714s
  optimizer_time =0.0061s
  batch_time     =0.3726s
  cuda_allocated_gb    =0.094
  cuda_reserved_gb     =9.008
  cuda_max_allocated_gb=7.792
[PROFILE batch=16]
  data_time      =0.0006s
  to_device_time =0.0021s
  forward_time   =0.2938s
  loss_time      =0.0024s
  backward_time  =0.2743s
  optimizer_time =0.0066s
  batch_time     =0.5797s
  cuda_allocated_gb    =0.125
  cuda_reserved_gb     =9.008
  cuda_max_allocated_gb=7.792
[PROFILE batch=17]
  data_time      =0.0005s
  to_device_time =0.0021s
  forward_time   =0.2910s
  loss_time      =0.0021s
  backward_time  =0.2705s
  optimizer_time =0.0064s
  batch_time     =0.5725s
  cuda_allocated_gb    =0.125
  cuda_reserved_gb     =9.008
  cuda_max_allocated_gb=7.792
[PROFILE batch=18]
  data_time      =0.0006s
  to_device_time =0.0022s
  forward_time   =0.2954s
  loss_time      =0.0021s
  backward_time  =0.2689s
  optimizer_time =0.0064s
  batch_time     =0.5755s
  cuda_allocated_gb    =0.125
  cuda_reserved_gb     =9.008
  cuda_max_allocated_gb=7.792
[PROFILE batch=19]
  data_time      =0.0005s
  to_device_time =0.0021s
  forward_time   =0.2905s
  loss_time      =0.0022s
  backward_time  =0.2716s
  optimizer_time =0.0060s
  batch_time     =0.5730s
  cuda_allocated_gb    =0.125
  cuda_reserved_gb     =9.008
  cuda_max_allocated_gb=7.792

[PROFILE average first 20 batches (recorded=20)]
  avg_data_time      =0.0096s
  avg_to_device_time =0.0021s
  avg_forward_time   =0.2865s
  avg_loss_time      =0.0021s
  avg_backward_time  =0.2654s
  avg_optimizer_time =0.0062s
  avg_batch_time     =0.5628s
  estimated_full_epoch_minutes=8.62

val:   0%|          | 0/113 [00:00<?, ?it/s]/usr/local/lib/python3.12/dist-packages/torch/autograd/function.py:583: UserWarning: Was asked to gather along dimension 0, but all input tensors were scalars; will instead unsqueeze and return a vector.
  return super().apply(*args, **kwargs)  # type: ignore[misc]

val:   1%|          | 1/113 [00:00<00:45,  2.48it/s]
val:   2%|â–         | 2/113 [00:00<00:37,  2.97it/s]
val:   3%|â–Ž         | 3/113 [00:00<00:34,  3.22it/s]
val:   4%|â–Ž         | 4/113 [00:01<00:32,  3.33it/s]
val:   4%|â–         | 5/113 [00:01<00:31,  3.39it/s]
val:   5%|â–Œ         | 6/113 [00:01<00:31,  3.44it/s]
val:   6%|â–Œ         | 7/113 [00:02<00:30,  3.46it/s]
val:   7%|â–‹         | 8/113 [00:02<00:30,  3.47it/s]
val:   8%|â–Š         | 9/113 [00:02<00:29,  3.49it/s]
val:   9%|â–‰         | 10/113 [00:02<00:29,  3.50it/s]
                                                     
Epoch 005/015 | loss=2.5403 acc=0.1245 macro_f1=0.1161 | val_loss=2.5331 val_acc=0.2437 val_macro_f1=0.0560 | ckpt_monitor=val_macro_f1:0.0560 best_val_macro_f1=0.0716 best_epoch=1 early_val_macro_f1=0.0716 sec/batch=0.576s
          val pred_count: [0, 0, 0, 320, 0, 0, 0]
          no improvement: 4/12

train 6:   0%|          | 0/919 [00:00<?, ?it/s]/usr/local/lib/python3.12/dist-packages/torch/autograd/function.py:583: UserWarning: Was asked to gather along dimension 0, but all input tensors were scalars; will instead unsqueeze and return a vector.
  return super().apply(*args, **kwargs)  # type: ignore[misc]

train 6:   0%|          | 0/919 [00:00<?, ?it/s, loss=2.5248]
train 6:   0%|          | 1/919 [00:00<11:44,  1.30it/s, loss=2.5248]
train 6:   0%|          | 1/919 [00:01<11:44,  1.30it/s, loss=2.5349]
train 6:   0%|          | 2/919 [00:01<10:05,  1.51it/s, loss=2.5349]
train 6:   0%|          | 2/919 [00:01<10:05,  1.51it/s, loss=2.5032]
train 6:   0%|          | 3/919 [00:01<09:34,  1.59it/s, loss=2.5032]
train 6:   0%|          | 3/919 [00:02<09:34,  1.59it/s, loss=2.5575]
train 6:   0%|          | 4/919 [00:02<09:21,  1.63it/s, loss=2.5575]
train 6:   0%|          | 4/919 [00:03<09:21,  1.63it/s, loss=2.5501]
train 6:   1%|          | 5/919 [00:03<09:13,  1.65it/s, loss=2.5501]
train 6:   1%|          | 5/919 [00:03<09:13,  1.65it/s, loss=2.5211]
train 6:   1%|          | 6/919 [00:03<09:09,  1.66it/s, loss=2.5211]
train 6:   1%|          | 6/919 [00:04<09:09,  1.66it/s, loss=2.5126]
train 6:   1%|          | 7/919 [00:04<09:04,  1.67it/s, loss=2.5126]
train 6:   1%|          | 7/919 [00:04<09:04,  1.67it/s, loss=2.5227]
train 6:   1%|          | 8/919 [00:04<09:01,  1.68it/s, loss=2.5227]
train 6:   1%|          | 8/919 [00:05<09:01,  1.68it/s, loss=2.5497]
train 6:   1%|          | 9/919 [00:05<09:00,  1.68it/s, loss=2.5497]
train 6:   1%|          | 9/919 [00:06<09:00,  1.68it/s, loss=2.5321]
train 6:   1%|          | 10/919 [00:06<08:59,  1.69it/s, loss=2.5321]
train 6:   1%|          | 10/919 [00:06<08:59,  1.69it/s, loss=2.4599]
train 6:   1%|          | 11/919 [00:06<08:57,  1.69it/s, loss=2.4599]
train 6:   1%|          | 11/919 [00:07<08:57,  1.69it/s, loss=2.5424]
train 6:   1%|â–         | 12/919 [00:07<08:57,  1.69it/s, loss=2.5424]
train 6:   1%|â–         | 12/919 [00:07<08:57,  1.69it/s, loss=2.4968]
train 6:   1%|â–         | 13/919 [00:07<08:56,  1.69it/s, loss=2.4968]
train 6:   1%|â–         | 13/919 [00:08<08:56,  1.69it/s, loss=2.5731]
train 6:   2%|â–         | 14/919 [00:08<08:56,  1.69it/s, loss=2.5731]
train 6:   2%|â–         | 14/919 [00:09<08:56,  1.69it/s, loss=2.5564]
train 6:   2%|â–         | 15/919 [00:09<08:55,  1.69it/s, loss=2.5564]
train 6:   2%|â–         | 15/919 [00:09<08:55,  1.69it/s, loss=2.5424]
train 6:   2%|â–         | 16/919 [00:09<07:58,  1.89it/s, loss=2.5424]
train 6:   2%|â–         | 16/919 [00:10<07:58,  1.89it/s, loss=2.5182]
train 6:   2%|â–         | 17/919 [00:10<08:15,  1.82it/s, loss=2.5182]
train 6:   2%|â–         | 17/919 [00:10<08:15,  1.82it/s, loss=2.5394]
train 6:   2%|â–         | 18/919 [00:10<08:27,  1.77it/s, loss=2.5394]
train 6:   2%|â–         | 18/919 [00:11<08:27,  1.77it/s, loss=2.5196]
train 6:   2%|â–         | 19/919 [00:11<08:35,  1.75it/s, loss=2.5196]
train 6:   2%|â–         | 19/919 [00:11<08:35,  1.75it/s, loss=2.4858]
train 6:   2%|â–         | 20/919 [00:11<08:41,  1.72it/s, loss=2.4858]
train 6:   2%|â–         | 20/919 [00:12<08:41,  1.72it/s, loss=2.5791]
train 6:   2%|â–         | 21/919 [00:12<08:44,  1.71it/s, loss=2.5791]
train 6:   2%|â–         | 21/919 [00:12<08:44,  1.71it/s, loss=2.5590]
train 6:   2%|â–         | 22/919 [00:12<08:46,  1.70it/s, loss=2.5590]
train 6:   2%|â–         | 22/919 [00:13<08:46,  1.70it/s, loss=2.5752]
train 6:   3%|â–Ž         | 23/919 [00:13<08:47,  1.70it/s, loss=2.5752]
train 6:   3%|â–Ž         | 23/919 [00:14<08:47,  1.70it/s, loss=2.5307]
train 6:   3%|â–Ž         | 24/919 [00:14<08:48,  1.69it/s, loss=2.5307]
train 6:   3%|â–Ž         | 24/919 [00:14<08:48,  1.69it/s, loss=2.5340]
train 6:   3%|â–Ž         | 25/919 [00:14<08:49,  1.69it/s, loss=2.5340]
train 6:   3%|â–Ž         | 25/919 [00:15<08:49,  1.69it/s, loss=2.5478]
train 6:   3%|â–Ž         | 26/919 [00:15<08:49,  1.69it/s, loss=2.5478]
train 6:   3%|â–Ž         | 26/919 [00:15<08:49,  1.69it/s, loss=2.5291]
train 6:   3%|â–Ž         | 27/919 [00:15<08:49,  1.69it/s, loss=2.5291]
train 6:   3%|â–Ž         | 27/919 [00:16<08:49,  1.69it/s, loss=2.5538]
train 6:   3%|â–Ž         | 28/919 [00:16<08:49,  1.68it/s, loss=2.5538]
train 6:   3%|â–Ž         | 28/919 [00:17<08:49,  1.68it/s, loss=2.5351]
train 6:   3%|â–Ž         | 29/919 [00:17<08:50,  1.68it/s, loss=2.5351]
train 6:   3%|â–Ž         | 29/919 [00:17<08:50,  1.68it/s, loss=2.5207]
train 6:   3%|â–Ž         | 30/919 [00:17<08:51,  1.67it/s, loss=2.5207]
                                                                      
[PROFILE batch=0]
  data_time      =0.1872s
  to_device_time =0.0022s
  forward_time   =0.2907s
  loss_time      =0.0015s
  backward_time  =0.2771s
  optimizer_time =0.0058s
  batch_time     =0.5779s
  cuda_allocated_gb    =0.125
  cuda_reserved_gb     =9.008
  cuda_max_allocated_gb=7.792
[PROFILE batch=1]
  data_time      =0.0005s
  to_device_time =0.0021s
  forward_time   =0.2947s
  loss_time      =0.0021s
  backward_time  =0.2744s
  optimizer_time =0.0074s
  batch_time     =0.5813s
  cuda_allocated_gb    =0.125
  cuda_reserved_gb     =9.008
  cuda_max_allocated_gb=7.792
[PROFILE batch=2]
  data_time      =0.0007s
  to_device_time =0.0021s
  forward_time   =0.2955s
  loss_time      =0.0023s
  backward_time  =0.2773s
  optimizer_time =0.0069s
  batch_time     =0.5847s
  cuda_allocated_gb    =0.125
  cuda_reserved_gb     =9.008
  cuda_max_allocated_gb=7.792
[PROFILE batch=3]
  data_time      =0.0005s
  to_device_time =0.0022s
  forward_time   =0.3000s
  loss_time      =0.0021s
  backward_time  =0.2779s
  optimizer_time =0.0063s
  batch_time     =0.5892s
  cuda_allocated_gb    =0.125
  cuda_reserved_gb     =9.008
  cuda_max_allocated_gb=7.792
[PROFILE batch=4]
  data_time      =0.0005s
  to_device_time =0.0022s
  forward_time   =0.2963s
  loss_time      =0.0022s
  backward_time  =0.2795s
  optimizer_time =0.0065s
  batch_time     =0.5871s
  cuda_allocated_gb    =0.125
  cuda_reserved_gb     =9.008
  cuda_max_allocated_gb=7.792
[PROFILE batch=5]
  data_time      =0.0005s
  to_device_time =0.0022s
  forward_time   =0.2947s
  loss_time      =0.0031s
  backward_time  =0.2852s
  optimizer_time =0.0059s
  batch_time     =0.5915s
  cuda_allocated_gb    =0.125
  cuda_reserved_gb     =9.008
  cuda_max_allocated_gb=7.792
[PROFILE batch=6]
  data_time      =0.0005s
  to_device_time =0.0022s
  forward_time   =0.2940s
  loss_time      =0.0022s
  backward_time  =0.2798s
  optimizer_time =0.0064s
  batch_time     =0.5851s
  cuda_allocated_gb    =0.125
  cuda_reserved_gb     =9.008
  cuda_max_allocated_gb=7.792
[PROFILE batch=7]
  data_time      =0.0006s
  to_device_time =0.0021s
  forward_time   =0.2951s
  loss_time      =0.0024s
  backward_time  =0.2798s
  optimizer_time =0.0061s
  batch_time     =0.5861s
  cuda_allocated_gb    =0.125
  cuda_reserved_gb     =9.008
  cuda_max_allocated_gb=7.792
[PROFILE batch=8]
  data_time      =0.0005s
  to_device_time =0.0021s
  forward_time   =0.2952s
  loss_time      =0.0022s
  backward_time  =0.2802s
  optimizer_time =0.0069s
  batch_time     =0.5871s
  cuda_allocated_gb    =0.125
  cuda_reserved_gb     =9.008
  cuda_max_allocated_gb=7.792
[PROFILE batch=9]
  data_time      =0.0005s
  to_device_time =0.0022s
  forward_time   =0.2972s
  loss_time      =0.0024s
  backward_time  =0.2795s
  optimizer_time =0.0066s
  batch_time     =0.5885s
  cuda_allocated_gb    =0.125
  cuda_reserved_gb     =9.008
  cuda_max_allocated_gb=7.792
[PROFILE batch=10]
  data_time      =0.0005s
  to_device_time =0.0022s
  forward_time   =0.2951s
  loss_time      =0.0022s
  backward_time  =0.2813s
  optimizer_time =0.0065s
  batch_time     =0.5878s
  cuda_allocated_gb    =0.125
  cuda_reserved_gb     =9.008
  cuda_max_allocated_gb=7.792
[PROFILE batch=11]
  data_time      =0.0005s
  to_device_time =0.0022s
  forward_time   =0.2969s
  loss_time      =0.0022s
  backward_time  =0.2798s
  optimizer_time =0.0072s
  batch_time     =0.5887s
  cuda_allocated_gb    =0.125
  cuda_reserved_gb     =9.008
  cuda_max_allocated_gb=7.792
[PROFILE batch=12]
  data_time      =0.0008s
  to_device_time =0.0021s
  forward_time   =0.2981s
  loss_time      =0.0023s
  backward_time  =0.2797s
  optimizer_time =0.0066s
  batch_time     =0.5893s
  cuda_allocated_gb    =0.125
  cuda_reserved_gb     =9.008
  cuda_max_allocated_gb=7.792
[PROFILE batch=13]
  data_time      =0.0005s
  to_device_time =0.0022s
  forward_time   =0.2980s
  loss_time      =0.0023s
  backward_time  =0.2820s
  optimizer_time =0.0067s
  batch_time     =0.5917s
  cuda_allocated_gb    =0.125
  cuda_reserved_gb     =9.008
  cuda_max_allocated_gb=7.792
[PROFILE batch=14]
  data_time      =0.0006s
  to_device_time =0.0021s
  forward_time   =0.2956s
  loss_time      =0.0022s
  backward_time  =0.2805s
  optimizer_time =0.0071s
  batch_time     =0.5879s
  cuda_allocated_gb    =0.125
  cuda_reserved_gb     =9.008
  cuda_max_allocated_gb=7.792
[PROFILE batch=15]
  data_time      =0.0005s
  to_device_time =0.0014s
  forward_time   =0.1907s
  loss_time      =0.0022s
  backward_time  =0.1785s
  optimizer_time =0.0060s
  batch_time     =0.3793s
  cuda_allocated_gb    =0.094
  cuda_reserved_gb     =9.008
  cuda_max_allocated_gb=7.792
[PROFILE batch=16]
  data_time      =0.0005s
  to_device_time =0.0022s
  forward_time   =0.3000s
  loss_time      =0.0023s
  backward_time  =0.2828s
  optimizer_time =0.0059s
  batch_time     =0.5936s
  cuda_allocated_gb    =0.125
  cuda_reserved_gb     =9.008
  cuda_max_allocated_gb=7.792
[PROFILE batch=17]
  data_time      =0.0005s
  to_device_time =0.0022s
  forward_time   =0.2989s
  loss_time      =0.0022s
  backward_time  =0.2819s
  optimizer_time =0.0062s
  batch_time     =0.5920s
  cuda_allocated_gb    =0.125
  cuda_reserved_gb     =9.008
  cuda_max_allocated_gb=7.792
[PROFILE batch=18]
  data_time      =0.0005s
  to_device_time =0.0022s
  forward_time   =0.2987s
  loss_time      =0.0022s
  backward_time  =0.2824s
  optimizer_time =0.0061s
  batch_time     =0.5921s
  cuda_allocated_gb    =0.125
  cuda_reserved_gb     =9.008
  cuda_max_allocated_gb=7.792
[PROFILE batch=19]
  data_time      =0.0005s
  to_device_time =0.0022s
  forward_time   =0.2985s
  loss_time      =0.0023s
  backward_time  =0.2822s
  optimizer_time =0.0063s
  batch_time     =0.5920s
  cuda_allocated_gb    =0.125
  cuda_reserved_gb     =9.008
  cuda_max_allocated_gb=7.792

[PROFILE average first 20 batches (recorded=20)]
  avg_data_time      =0.0099s
  avg_to_device_time =0.0021s
  avg_forward_time   =0.2912s
  avg_loss_time      =0.0022s
  avg_backward_time  =0.2751s
  avg_optimizer_time =0.0065s
  avg_batch_time     =0.5776s
  estimated_full_epoch_minutes=8.85

val:   0%|          | 0/113 [00:00<?, ?it/s]/usr/local/lib/python3.12/dist-packages/torch/autograd/function.py:583: UserWarning: Was asked to gather along dimension 0, but all input tensors were scalars; will instead unsqueeze and return a vector.
  return super().apply(*args, **kwargs)  # type: ignore[misc]

val:   1%|          | 1/113 [00:00<00:44,  2.50it/s]
val:   2%|â–         | 2/113 [00:00<00:36,  3.01it/s]
val:   3%|â–Ž         | 3/113 [00:00<00:34,  3.17it/s]
val:   4%|â–Ž         | 4/113 [00:01<00:33,  3.26it/s]
val:   4%|â–         | 5/113 [00:01<00:32,  3.31it/s]
val:   5%|â–Œ         | 6/113 [00:01<00:31,  3.35it/s]
val:   6%|â–Œ         | 7/113 [00:02<00:31,  3.37it/s]
val:   7%|â–‹         | 8/113 [00:02<00:30,  3.39it/s]
val:   8%|â–Š         | 9/113 [00:02<00:30,  3.39it/s]
val:   9%|â–‰         | 10/113 [00:03<00:30,  3.40it/s]
                                                     
Epoch 006/015 | loss=2.5336 acc=0.1466 macro_f1=0.1316 | val_loss=2.5331 val_acc=0.2437 val_macro_f1=0.0560 | ckpt_monitor=val_macro_f1:0.0560 best_val_macro_f1=0.0716 best_epoch=1 early_val_macro_f1=0.0716 sec/batch=0.592s
          val pred_count: [0, 0, 0, 320, 0, 0, 0]
          no improvement: 5/12

train 7:   0%|          | 0/919 [00:00<?, ?it/s]/usr/local/lib/python3.12/dist-packages/torch/autograd/function.py:583: UserWarning: Was asked to gather along dimension 0, but all input tensors were scalars; will instead unsqueeze and return a vector.
  return super().apply(*args, **kwargs)  # type: ignore[misc]

train 7:   0%|          | 0/919 [00:00<?, ?it/s, loss=2.5441]
train 7:   0%|          | 1/919 [00:00<12:16,  1.25it/s, loss=2.5441]
train 7:   0%|          | 1/919 [00:01<12:16,  1.25it/s, loss=2.5621]
train 7:   0%|          | 2/919 [00:01<10:37,  1.44it/s, loss=2.5621]
train 7:   0%|          | 2/919 [00:02<10:37,  1.44it/s, loss=2.5799]
train 7:   0%|          | 3/919 [00:02<10:01,  1.52it/s, loss=2.5799]
train 7:   0%|          | 3/919 [00:02<10:01,  1.52it/s, loss=2.5573]
train 7:   0%|          | 4/919 [00:02<09:42,  1.57it/s, loss=2.5573]
train 7:   0%|          | 4/919 [00:03<09:42,  1.57it/s, loss=2.5218]
train 7:   1%|          | 5/919 [00:03<09:30,  1.60it/s, loss=2.5218]
train 7:   1%|          | 5/919 [00:03<09:30,  1.60it/s, loss=2.5625]
train 7:   1%|          | 6/919 [00:03<09:23,  1.62it/s, loss=2.5625]
train 7:   1%|          | 6/919 [00:04<09:23,  1.62it/s, loss=2.5197]
train 7:   1%|          | 7/919 [00:04<09:19,  1.63it/s, loss=2.5197]
train 7:   1%|          | 7/919 [00:05<09:19,  1.63it/s, loss=2.5385]
train 7:   1%|          | 8/919 [00:05<09:17,  1.63it/s, loss=2.5385]
train 7:   1%|          | 8/919 [00:05<09:17,  1.63it/s, loss=2.5142]
train 7:   1%|          | 9/919 [00:05<09:16,  1.64it/s, loss=2.5142]
train 7:   1%|          | 9/919 [00:06<09:16,  1.64it/s, loss=2.5581]
train 7:   1%|          | 10/919 [00:06<09:07,  1.66it/s, loss=2.5581]
train 7:   1%|          | 10/919 [00:06<09:07,  1.66it/s, loss=2.5781]
train 7:   1%|          | 11/919 [00:06<09:09,  1.65it/s, loss=2.5781]
train 7:   1%|          | 11/919 [00:07<09:09,  1.65it/s, loss=2.5229]
train 7:   1%|â–         | 12/919 [00:07<09:10,  1.65it/s, loss=2.5229]
train 7:   1%|â–         | 12/919 [00:08<09:10,  1.65it/s, loss=2.5769]
train 7:   1%|â–         | 13/919 [00:08<09:10,  1.64it/s, loss=2.5769]
train 7:   1%|â–         | 13/919 [00:08<09:10,  1.64it/s, loss=2.5396]
train 7:   2%|â–         | 14/919 [00:08<09:11,  1.64it/s, loss=2.5396]
train 7:   2%|â–         | 14/919 [00:09<09:11,  1.64it/s, loss=2.5449]
train 7:   2%|â–         | 15/919 [00:09<09:11,  1.64it/s, loss=2.5449]
train 7:   2%|â–         | 15/919 [00:09<09:11,  1.64it/s, loss=2.5632]
train 7:   2%|â–         | 16/919 [00:09<08:11,  1.84it/s, loss=2.5632]
train 7:   2%|â–         | 16/919 [00:10<08:11,  1.84it/s, loss=2.5081]
train 7:   2%|â–         | 17/919 [00:10<08:28,  1.77it/s, loss=2.5081]
train 7:   2%|â–         | 17/919 [00:10<08:28,  1.77it/s, loss=2.5214]
train 7:   2%|â–         | 18/919 [00:10<08:39,  1.73it/s, loss=2.5214]
train 7:   2%|â–         | 18/919 [00:11<08:39,  1.73it/s, loss=2.5416]
train 7:   2%|â–         | 19/919 [00:11<08:47,  1.71it/s, loss=2.5416]
train 7:   2%|â–         | 19/919 [00:12<08:47,  1.71it/s, loss=2.5362]
train 7:   2%|â–         | 20/919 [00:12<08:53,  1.69it/s, loss=2.5362]
train 7:   2%|â–         | 20/919 [00:12<08:53,  1.69it/s, loss=2.5424]
train 7:   2%|â–         | 21/919 [00:12<08:56,  1.67it/s, loss=2.5424]
train 7:   2%|â–         | 21/919 [00:13<08:56,  1.67it/s, loss=2.5531]
train 7:   2%|â–         | 22/919 [00:13<08:57,  1.67it/s, loss=2.5531]
train 7:   2%|â–         | 22/919 [00:13<08:57,  1.67it/s, loss=2.5570]
train 7:   3%|â–Ž         | 23/919 [00:13<08:59,  1.66it/s, loss=2.5570]
train 7:   3%|â–Ž         | 23/919 [00:14<08:59,  1.66it/s, loss=2.5517]
train 7:   3%|â–Ž         | 24/919 [00:14<08:58,  1.66it/s, loss=2.5517]
train 7:   3%|â–Ž         | 24/919 [00:15<08:58,  1.66it/s, loss=2.5487]
train 7:   3%|â–Ž         | 25/919 [00:15<08:58,  1.66it/s, loss=2.5487]
train 7:   3%|â–Ž         | 25/919 [00:15<08:58,  1.66it/s, loss=2.5246]
train 7:   3%|â–Ž         | 26/919 [00:15<08:59,  1.65it/s, loss=2.5246]
train 7:   3%|â–Ž         | 26/919 [00:16<08:59,  1.65it/s, loss=2.5231]
train 7:   3%|â–Ž         | 27/919 [00:16<08:59,  1.65it/s, loss=2.5231]
train 7:   3%|â–Ž         | 27/919 [00:16<08:59,  1.65it/s, loss=2.5521]
train 7:   3%|â–Ž         | 28/919 [00:16<08:57,  1.66it/s, loss=2.5521]
train 7:   3%|â–Ž         | 28/919 [00:17<08:57,  1.66it/s, loss=2.5366]
train 7:   3%|â–Ž         | 29/919 [00:17<08:56,  1.66it/s, loss=2.5366]
train 7:   3%|â–Ž         | 29/919 [00:18<08:56,  1.66it/s, loss=2.5684]
train 7:   3%|â–Ž         | 30/919 [00:18<08:56,  1.66it/s, loss=2.5684]
                                                                      
[PROFILE batch=0]
  data_time      =0.1924s
  to_device_time =0.0023s
  forward_time   =0.3105s
  loss_time      =0.0014s
  backward_time  =0.2872s
  optimizer_time =0.0054s
  batch_time     =0.6077s
  cuda_allocated_gb    =0.125
  cuda_reserved_gb     =9.008
  cuda_max_allocated_gb=7.792
[PROFILE batch=1]
  data_time      =0.0005s
  to_device_time =0.0022s
  forward_time   =0.3047s
  loss_time      =0.0035s
  backward_time  =0.2991s
  optimizer_time =0.0068s
  batch_time     =0.6169s
  cuda_allocated_gb    =0.125
  cuda_reserved_gb     =9.008
  cuda_max_allocated_gb=7.792
[PROFILE batch=2]
  data_time      =0.0006s
  to_device_time =0.0022s
  forward_time   =0.3010s
  loss_time      =0.0020s
  backward_time  =0.2962s
  optimizer_time =0.0062s
  batch_time     =0.6081s
  cuda_allocated_gb    =0.125
  cuda_reserved_gb     =9.008
  cuda_max_allocated_gb=7.792
[PROFILE batch=3]
  data_time      =0.0005s
  to_device_time =0.0022s
  forward_time   =0.2991s
  loss_time      =0.0021s
  backward_time  =0.2933s
  optimizer_time =0.0063s
  batch_time     =0.6034s
  cuda_allocated_gb    =0.125
  cuda_reserved_gb     =9.008
  cuda_max_allocated_gb=7.792
[PROFILE batch=4]
  data_time      =0.0005s
  to_device_time =0.0022s
  forward_time   =0.2991s
  loss_time      =0.0020s
  backward_time  =0.2874s
  optimizer_time =0.0058s
  batch_time     =0.5970s
  cuda_allocated_gb    =0.125
  cuda_reserved_gb     =9.008
  cuda_max_allocated_gb=7.792
[PROFILE batch=5]
  data_time      =0.0005s
  to_device_time =0.0021s
  forward_time   =0.2997s
  loss_time      =0.0021s
  backward_time  =0.2893s
  optimizer_time =0.0066s
  batch_time     =0.6003s
  cuda_allocated_gb    =0.125
  cuda_reserved_gb     =9.008
  cuda_max_allocated_gb=7.792
[PROFILE batch=6]
  data_time      =0.0005s
  to_device_time =0.0021s
  forward_time   =0.3021s
  loss_time      =0.0021s
  backward_time  =0.2895s
  optimizer_time =0.0066s
  batch_time     =0.6029s
  cuda_allocated_gb    =0.125
  cuda_reserved_gb     =9.008
  cuda_max_allocated_gb=7.792
[PROFILE batch=7]
  data_time      =0.0005s
  to_device_time =0.0022s
  forward_time   =0.3036s
  loss_time      =0.0022s
  backward_time  =0.2922s
  optimizer_time =0.0065s
  batch_time     =0.6072s
  cuda_allocated_gb    =0.125
  cuda_reserved_gb     =9.008
  cuda_max_allocated_gb=7.792
[PROFILE batch=8]
  data_time      =0.0005s
  to_device_time =0.0022s
  forward_time   =0.3034s
  loss_time      =0.0022s
  backward_time  =0.2900s
  optimizer_time =0.0066s
  batch_time     =0.6048s
  cuda_allocated_gb    =0.125
  cuda_reserved_gb     =9.008
  cuda_max_allocated_gb=7.792
[PROFILE batch=9]
  data_time      =0.0005s
  to_device_time =0.0021s
  forward_time   =0.3036s
  loss_time      =0.0022s
  backward_time  =0.2657s
  optimizer_time =0.0062s
  batch_time     =0.5803s
  cuda_allocated_gb    =0.125
  cuda_reserved_gb     =9.008
  cuda_max_allocated_gb=7.792
[PROFILE batch=10]
  data_time      =0.0005s
  to_device_time =0.0022s
  forward_time   =0.3002s
  loss_time      =0.0022s
  backward_time  =0.2969s
  optimizer_time =0.0061s
  batch_time     =0.6079s
  cuda_allocated_gb    =0.125
  cuda_reserved_gb     =9.008
  cuda_max_allocated_gb=7.792
[PROFILE batch=11]
  data_time      =0.0005s
  to_device_time =0.0021s
  forward_time   =0.3017s
  loss_time      =0.0022s
  backward_time  =0.2952s
  optimizer_time =0.0064s
  batch_time     =0.6081s
  cuda_allocated_gb    =0.125
  cuda_reserved_gb     =9.008
  cuda_max_allocated_gb=7.792
[PROFILE batch=12]
  data_time      =0.0006s
  to_device_time =0.0021s
  forward_time   =0.3022s
  loss_time      =0.0022s
  backward_time  =0.2928s
  optimizer_time =0.0066s
  batch_time     =0.6065s
  cuda_allocated_gb    =0.125
  cuda_reserved_gb     =9.008
  cuda_max_allocated_gb=7.792
[PROFILE batch=13]
  data_time      =0.0006s
  to_device_time =0.0022s
  forward_time   =0.3037s
  loss_time      =0.0023s
  backward_time  =0.2933s
  optimizer_time =0.0067s
  batch_time     =0.6087s
  cuda_allocated_gb    =0.125
  cuda_reserved_gb     =9.008
  cuda_max_allocated_gb=7.792
[PROFILE batch=14]
  data_time      =0.0006s
  to_device_time =0.0021s
  forward_time   =0.3072s
  loss_time      =0.0022s
  backward_time  =0.2897s
  optimizer_time =0.0063s
  batch_time     =0.6080s
  cuda_allocated_gb    =0.125
  cuda_reserved_gb     =9.008
  cuda_max_allocated_gb=7.792
[PROFILE batch=15]
  data_time      =0.0005s
  to_device_time =0.0014s
  forward_time   =0.1955s
  loss_time      =0.0022s
  backward_time  =0.1832s
  optimizer_time =0.0062s
  batch_time     =0.3888s
  cuda_allocated_gb    =0.094
  cuda_reserved_gb     =9.008
  cuda_max_allocated_gb=7.792
[PROFILE batch=16]
  data_time      =0.0005s
  to_device_time =0.0022s
  forward_time   =0.3014s
  loss_time      =0.0022s
  backward_time  =0.2929s
  optimizer_time =0.0063s
  batch_time     =0.6054s
  cuda_allocated_gb    =0.125
  cuda_reserved_gb     =9.008
  cuda_max_allocated_gb=7.792
[PROFILE batch=17]
  data_time      =0.0004s
  to_device_time =0.0022s
  forward_time   =0.3001s
  loss_time      =0.0022s
  backward_time  =0.2921s
  optimizer_time =0.0062s
  batch_time     =0.6032s
  cuda_allocated_gb    =0.125
  cuda_reserved_gb     =9.008
  cuda_max_allocated_gb=7.792
[PROFILE batch=18]
  data_time      =0.0005s
  to_device_time =0.0021s
  forward_time   =0.3015s
  loss_time      =0.0024s
  backward_time  =0.2915s
  optimizer_time =0.0066s
  batch_time     =0.6046s
  cuda_allocated_gb    =0.125
  cuda_reserved_gb     =9.008
  cuda_max_allocated_gb=7.792
[PROFILE batch=19]
  data_time      =0.0005s
  to_device_time =0.0022s
  forward_time   =0.3023s
  loss_time      =0.0022s
  backward_time  =0.2928s
  optimizer_time =0.0068s
  batch_time     =0.6068s
  cuda_allocated_gb    =0.125
  cuda_reserved_gb     =9.008
  cuda_max_allocated_gb=7.792

[PROFILE average first 20 batches (recorded=20)]
  avg_data_time      =0.0101s
  avg_to_device_time =0.0021s
  avg_forward_time   =0.2971s
  avg_loss_time      =0.0022s
  avg_backward_time  =0.2855s
  avg_optimizer_time =0.0064s
  avg_batch_time     =0.5938s
  estimated_full_epoch_minutes=9.10

val:   0%|          | 0/113 [00:00<?, ?it/s]/usr/local/lib/python3.12/dist-packages/torch/autograd/function.py:583: UserWarning: Was asked to gather along dimension 0, but all input tensors were scalars; will instead unsqueeze and return a vector.
  return super().apply(*args, **kwargs)  # type: ignore[misc]

val:   1%|          | 1/113 [00:00<00:44,  2.53it/s]
val:   2%|â–         | 2/113 [00:00<00:37,  2.99it/s]
val:   3%|â–Ž         | 3/113 [00:00<00:34,  3.18it/s]
val:   4%|â–Ž         | 4/113 [00:01<00:33,  3.28it/s]
val:   4%|â–         | 5/113 [00:01<00:32,  3.36it/s]
val:   5%|â–Œ         | 6/113 [00:01<00:31,  3.40it/s]
val:   6%|â–Œ         | 7/113 [00:02<00:30,  3.43it/s]
val:   7%|â–‹         | 8/113 [00:02<00:30,  3.44it/s]
val:   8%|â–Š         | 9/113 [00:02<00:30,  3.45it/s]
val:   9%|â–‰         | 10/113 [00:02<00:30,  3.43it/s]
                                                     
Epoch 007/015 | loss=2.5450 acc=0.1445 macro_f1=0.1360 | val_loss=2.5331 val_acc=0.2437 val_macro_f1=0.0560 | ckpt_monitor=val_macro_f1:0.0560 best_val_macro_f1=0.0716 best_epoch=1 early_val_macro_f1=0.0716 sec/batch=0.606s
          val pred_count: [0, 0, 0, 320, 0, 0, 0]
          no improvement: 6/12

train 8:   0%|          | 0/919 [00:00<?, ?it/s]/usr/local/lib/python3.12/dist-packages/torch/autograd/function.py:583: UserWarning: Was asked to gather along dimension 0, but all input tensors were scalars; will instead unsqueeze and return a vector.
  return super().apply(*args, **kwargs)  # type: ignore[misc]

train 8:   0%|          | 0/919 [00:00<?, ?it/s, loss=2.5341]
train 8:   0%|          | 1/919 [00:00<14:23,  1.06it/s, loss=2.5341]
train 8:   0%|          | 1/919 [00:01<14:23,  1.06it/s, loss=2.5458]
train 8:   0%|          | 2/919 [00:01<11:20,  1.35it/s, loss=2.5458]
train 8:   0%|          | 2/919 [00:02<11:20,  1.35it/s, loss=2.5254]
train 8:   0%|          | 3/919 [00:02<10:20,  1.48it/s, loss=2.5254]
train 8:   0%|          | 3/919 [00:02<10:20,  1.48it/s, loss=2.5369]
train 8:   0%|          | 4/919 [00:02<09:51,  1.55it/s, loss=2.5369]
train 8:   0%|          | 4/919 [00:03<09:51,  1.55it/s, loss=2.5380]
train 8:   1%|          | 5/919 [00:03<09:35,  1.59it/s, loss=2.5380]
train 8:   1%|          | 5/919 [00:03<09:35,  1.59it/s, loss=2.5597]
train 8:   1%|          | 6/919 [00:03<09:26,  1.61it/s, loss=2.5597]
train 8:   1%|          | 6/919 [00:04<09:26,  1.61it/s, loss=2.5258]
train 8:   1%|          | 7/919 [00:04<09:18,  1.63it/s, loss=2.5258]
train 8:   1%|          | 7/919 [00:05<09:18,  1.63it/s, loss=2.5630]
train 8:   1%|          | 8/919 [00:05<09:13,  1.64it/s, loss=2.5630]
train 8:   1%|          | 8/919 [00:05<09:13,  1.64it/s, loss=2.5299]
train 8:   1%|          | 9/919 [00:05<09:09,  1.65it/s, loss=2.5299]
train 8:   1%|          | 9/919 [00:06<09:09,  1.65it/s, loss=2.5485]
train 8:   1%|          | 10/919 [00:06<09:08,  1.66it/s, loss=2.5485]
train 8:   1%|          | 10/919 [00:06<09:08,  1.66it/s, loss=2.5566]
train 8:   1%|          | 11/919 [00:06<09:05,  1.66it/s, loss=2.5566]
train 8:   1%|          | 11/919 [00:07<09:05,  1.66it/s, loss=2.5308]
train 8:   1%|â–         | 12/919 [00:07<09:04,  1.67it/s, loss=2.5308]
train 8:   1%|â–         | 12/919 [00:08<09:04,  1.67it/s, loss=2.5403]
train 8:   1%|â–         | 13/919 [00:08<09:02,  1.67it/s, loss=2.5403]
train 8:   1%|â–         | 13/919 [00:08<09:02,  1.67it/s, loss=2.5645]
train 8:   2%|â–         | 14/919 [00:08<09:01,  1.67it/s, loss=2.5645]
train 8:   2%|â–         | 14/919 [00:09<09:01,  1.67it/s, loss=2.5506]
train 8:   2%|â–         | 15/919 [00:09<08:59,  1.68it/s, loss=2.5506]
train 8:   2%|â–         | 15/919 [00:09<08:59,  1.68it/s, loss=2.5199]
train 8:   2%|â–         | 16/919 [00:09<08:01,  1.88it/s, loss=2.5199]
train 8:   2%|â–         | 16/919 [00:10<08:01,  1.88it/s, loss=2.5340]
train 8:   2%|â–         | 17/919 [00:10<08:17,  1.81it/s, loss=2.5340]
train 8:   2%|â–         | 17/919 [00:10<08:17,  1.81it/s, loss=2.5264]
train 8:   2%|â–         | 18/919 [00:10<08:27,  1.77it/s, loss=2.5264]
train 8:   2%|â–         | 18/919 [00:11<08:27,  1.77it/s, loss=2.4934]
train 8:   2%|â–         | 19/919 [00:11<08:36,  1.74it/s, loss=2.4934]
train 8:   2%|â–         | 19/919 [00:12<08:36,  1.74it/s, loss=2.5149]
train 8:   2%|â–         | 20/919 [00:12<08:40,  1.73it/s, loss=2.5149]
train 8:   2%|â–         | 20/919 [00:12<08:40,  1.73it/s, loss=2.5572]
train 8:   2%|â–         | 21/919 [00:12<08:41,  1.72it/s, loss=2.5572]
train 8:   2%|â–         | 21/919 [00:13<08:41,  1.72it/s, loss=2.5387]
train 8:   2%|â–         | 22/919 [00:13<08:42,  1.72it/s, loss=2.5387]
train 8:   2%|â–         | 22/919 [00:13<08:42,  1.72it/s, loss=2.5531]
train 8:   3%|â–Ž         | 23/919 [00:13<08:43,  1.71it/s, loss=2.5531]
train 8:   3%|â–Ž         | 23/919 [00:14<08:43,  1.71it/s, loss=2.5763]
train 8:   3%|â–Ž         | 24/919 [00:14<08:43,  1.71it/s, loss=2.5763]
train 8:   3%|â–Ž         | 24/919 [00:15<08:43,  1.71it/s, loss=2.5452]
train 8:   3%|â–Ž         | 25/919 [00:15<08:43,  1.71it/s, loss=2.5452]
train 8:   3%|â–Ž         | 25/919 [00:15<08:43,  1.71it/s, loss=2.5292]
train 8:   3%|â–Ž         | 26/919 [00:15<08:43,  1.71it/s, loss=2.5292]
train 8:   3%|â–Ž         | 26/919 [00:16<08:43,  1.71it/s, loss=2.5433]
train 8:   3%|â–Ž         | 27/919 [00:16<08:43,  1.70it/s, loss=2.5433]
train 8:   3%|â–Ž         | 27/919 [00:16<08:43,  1.70it/s, loss=2.5399]
train 8:   3%|â–Ž         | 28/919 [00:16<08:42,  1.70it/s, loss=2.5399]
train 8:   3%|â–Ž         | 28/919 [00:17<08:42,  1.70it/s, loss=2.5371]
train 8:   3%|â–Ž         | 29/919 [00:17<08:42,  1.70it/s, loss=2.5371]
train 8:   3%|â–Ž         | 29/919 [00:17<08:42,  1.70it/s, loss=2.4805]
train 8:   3%|â–Ž         | 30/919 [00:17<08:43,  1.70it/s, loss=2.4805]
                                                                      
[PROFILE batch=0]
  data_time      =0.3328s
  to_device_time =0.0022s
  forward_time   =0.3090s
  loss_time      =0.0014s
  backward_time  =0.2862s
  optimizer_time =0.0056s
  batch_time     =0.6051s
  cuda_allocated_gb    =0.125
  cuda_reserved_gb     =9.008
  cuda_max_allocated_gb=7.792
[PROFILE batch=1]
  data_time      =0.0005s
  to_device_time =0.0021s
  forward_time   =0.3025s
  loss_time      =0.0023s
  backward_time  =0.2868s
  optimizer_time =0.0062s
  batch_time     =0.6004s
  cuda_allocated_gb    =0.125
  cuda_reserved_gb     =9.008
  cuda_max_allocated_gb=7.792
[PROFILE batch=2]
  data_time      =0.0006s
  to_device_time =0.0022s
  forward_time   =0.2984s
  loss_time      =0.0020s
  backward_time  =0.2858s
  optimizer_time =0.0065s
  batch_time     =0.5954s
  cuda_allocated_gb    =0.125
  cuda_reserved_gb     =9.008
  cuda_max_allocated_gb=7.792
[PROFILE batch=3]
  data_time      =0.0006s
  to_device_time =0.0022s
  forward_time   =0.2977s
  loss_time      =0.0021s
  backward_time  =0.2870s
  optimizer_time =0.0060s
  batch_time     =0.5955s
  cuda_allocated_gb    =0.125
  cuda_reserved_gb     =9.008
  cuda_max_allocated_gb=7.792
[PROFILE batch=4]
  data_time      =0.0006s
  to_device_time =0.0022s
  forward_time   =0.2980s
  loss_time      =0.0022s
  backward_time  =0.2865s
  optimizer_time =0.0062s
  batch_time     =0.5956s
  cuda_allocated_gb    =0.125
  cuda_reserved_gb     =9.008
  cuda_max_allocated_gb=7.792
[PROFILE batch=5]
  data_time      =0.0006s
  to_device_time =0.0022s
  forward_time   =0.3039s
  loss_time      =0.0021s
  backward_time  =0.2861s
  optimizer_time =0.0066s
  batch_time     =0.6014s
  cuda_allocated_gb    =0.125
  cuda_reserved_gb     =9.008
  cuda_max_allocated_gb=7.792
[PROFILE batch=6]
  data_time      =0.0005s
  to_device_time =0.0022s
  forward_time   =0.2983s
  loss_time      =0.0021s
  backward_time  =0.2821s
  optimizer_time =0.0062s
  batch_time     =0.5913s
  cuda_allocated_gb    =0.125
  cuda_reserved_gb     =9.008
  cuda_max_allocated_gb=7.792
[PROFILE batch=7]
  data_time      =0.0005s
  to_device_time =0.0022s
  forward_time   =0.2993s
  loss_time      =0.0022s
  backward_time  =0.2853s
  optimizer_time =0.0064s
  batch_time     =0.5958s
  cuda_allocated_gb    =0.125
  cuda_reserved_gb     =9.008
  cuda_max_allocated_gb=7.792
[PROFILE batch=8]
  data_time      =0.0005s
  to_device_time =0.0022s
  forward_time   =0.2989s
  loss_time      =0.0022s
  backward_time  =0.2823s
  optimizer_time =0.0066s
  batch_time     =0.5927s
  cuda_allocated_gb    =0.125
  cuda_reserved_gb     =9.008
  cuda_max_allocated_gb=7.792
[PROFILE batch=9]
  data_time      =0.0005s
  to_device_time =0.0022s
  forward_time   =0.3041s
  loss_time      =0.0024s
  backward_time  =0.2838s
  optimizer_time =0.0064s
  batch_time     =0.5995s
  cuda_allocated_gb    =0.125
  cuda_reserved_gb     =9.008
  cuda_max_allocated_gb=7.792
[PROFILE batch=10]
  data_time      =0.0006s
  to_device_time =0.0023s
  forward_time   =0.2976s
  loss_time      =0.0022s
  backward_time  =0.2824s
  optimizer_time =0.0068s
  batch_time     =0.5918s
  cuda_allocated_gb    =0.125
  cuda_reserved_gb     =9.008
  cuda_max_allocated_gb=7.792
[PROFILE batch=11]
  data_time      =0.0005s
  to_device_time =0.0022s
  forward_time   =0.2998s
  loss_time      =0.0023s
  backward_time  =0.2845s
  optimizer_time =0.0066s
  batch_time     =0.5959s
  cuda_allocated_gb    =0.125
  cuda_reserved_gb     =9.008
  cuda_max_allocated_gb=7.792
[PROFILE batch=12]
  data_time      =0.0008s
  to_device_time =0.0022s
  forward_time   =0.2983s
  loss_time      =0.0022s
  backward_time  =0.2832s
  optimizer_time =0.0062s
  batch_time     =0.5925s
  cuda_allocated_gb    =0.125
  cuda_reserved_gb     =9.008
  cuda_max_allocated_gb=7.792
[PROFILE batch=13]
  data_time      =0.0004s
  to_device_time =0.0022s
  forward_time   =0.2979s
  loss_time      =0.0021s
  backward_time  =0.2825s
  optimizer_time =0.0064s
  batch_time     =0.5916s
  cuda_allocated_gb    =0.125
  cuda_reserved_gb     =9.008
  cuda_max_allocated_gb=7.792
[PROFILE batch=14]
  data_time      =0.0005s
  to_device_time =0.0021s
  forward_time   =0.2967s
  loss_time      =0.0022s
  backward_time  =0.2835s
  optimizer_time =0.0062s
  batch_time     =0.5912s
  cuda_allocated_gb    =0.125
  cuda_reserved_gb     =9.008
  cuda_max_allocated_gb=7.792
[PROFILE batch=15]
  data_time      =0.0005s
  to_device_time =0.0014s
  forward_time   =0.1924s
  loss_time      =0.0024s
  backward_time  =0.1791s
  optimizer_time =0.0062s
  batch_time     =0.3820s
  cuda_allocated_gb    =0.094
  cuda_reserved_gb     =9.008
  cuda_max_allocated_gb=7.792
[PROFILE batch=16]
  data_time      =0.0005s
  to_device_time =0.0021s
  forward_time   =0.2973s
  loss_time      =0.0022s
  backward_time  =0.2813s
  optimizer_time =0.0064s
  batch_time     =0.5898s
  cuda_allocated_gb    =0.125
  cuda_reserved_gb     =9.008
  cuda_max_allocated_gb=7.792
[PROFILE batch=17]
  data_time      =0.0005s
  to_device_time =0.0022s
  forward_time   =0.2963s
  loss_time      =0.0022s
  backward_time  =0.2818s
  optimizer_time =0.0065s
  batch_time     =0.5893s
  cuda_allocated_gb    =0.125
  cuda_reserved_gb     =9.008
  cuda_max_allocated_gb=7.792
[PROFILE batch=18]
  data_time      =0.0005s
  to_device_time =0.0022s
  forward_time   =0.2974s
  loss_time      =0.0023s
  backward_time  =0.2842s
  optimizer_time =0.0063s
  batch_time     =0.5929s
  cuda_allocated_gb    =0.125
  cuda_reserved_gb     =9.008
  cuda_max_allocated_gb=7.792
[PROFILE batch=19]
  data_time      =0.0005s
  to_device_time =0.0021s
  forward_time   =0.2977s
  loss_time      =0.0023s
  backward_time  =0.2778s
  optimizer_time =0.0069s
  batch_time     =0.5873s
  cuda_allocated_gb    =0.125
  cuda_reserved_gb     =9.008
  cuda_max_allocated_gb=7.792

[PROFILE average first 20 batches (recorded=20)]
  avg_data_time      =0.0172s
  avg_to_device_time =0.0021s
  avg_forward_time   =0.2941s
  avg_loss_time      =0.0022s
  avg_backward_time  =0.2786s
  avg_optimizer_time =0.0064s
  avg_batch_time     =0.5839s
  estimated_full_epoch_minutes=8.94

val:   0%|          | 0/113 [00:00<?, ?it/s]/usr/local/lib/python3.12/dist-packages/torch/autograd/function.py:583: UserWarning: Was asked to gather along dimension 0, but all input tensors were scalars; will instead unsqueeze and return a vector.
  return super().apply(*args, **kwargs)  # type: ignore[misc]

val:   1%|          | 1/113 [00:00<00:44,  2.50it/s]
val:   2%|â–         | 2/113 [00:00<00:36,  3.01it/s]
val:   3%|â–Ž         | 3/113 [00:00<00:34,  3.22it/s]
val:   4%|â–Ž         | 4/113 [00:01<00:32,  3.33it/s]
val:   4%|â–         | 5/113 [00:01<00:31,  3.38it/s]
val:   5%|â–Œ         | 6/113 [00:01<00:31,  3.40it/s]
val:   6%|â–Œ         | 7/113 [00:02<00:31,  3.42it/s]
val:   7%|â–‹         | 8/113 [00:02<00:30,  3.45it/s]
val:   8%|â–Š         | 9/113 [00:02<00:30,  3.46it/s]
val:   9%|â–‰         | 10/113 [00:02<00:29,  3.47it/s]
                                                     
Epoch 008/015 | loss=2.5380 acc=0.1424 macro_f1=0.1293 | val_loss=2.5331 val_acc=0.2437 val_macro_f1=0.0560 | ckpt_monitor=val_macro_f1:0.0560 best_val_macro_f1=0.0716 best_epoch=1 early_val_macro_f1=0.0716 sec/batch=0.599s
          val pred_count: [0, 0, 0, 320, 0, 0, 0]
          no improvement: 7/12

train 9:   0%|          | 0/919 [00:00<?, ?it/s]/usr/local/lib/python3.12/dist-packages/torch/autograd/function.py:583: UserWarning: Was asked to gather along dimension 0, but all input tensors were scalars; will instead unsqueeze and return a vector.
  return super().apply(*args, **kwargs)  # type: ignore[misc]

train 9:   0%|          | 0/919 [00:00<?, ?it/s, loss=2.5080]
train 9:   0%|          | 1/919 [00:00<11:57,  1.28it/s, loss=2.5080]
train 9:   0%|          | 1/919 [00:01<11:57,  1.28it/s, loss=2.5338]
train 9:   0%|          | 2/919 [00:01<10:12,  1.50it/s, loss=2.5338]
train 9:   0%|          | 2/919 [00:01<10:12,  1.50it/s, loss=2.5174]
train 9:   0%|          | 3/919 [00:01<09:37,  1.59it/s, loss=2.5174]
train 9:   0%|          | 3/919 [00:02<09:37,  1.59it/s, loss=2.5411]
train 9:   0%|          | 4/919 [00:02<09:21,  1.63it/s, loss=2.5411]
train 9:   0%|          | 4/919 [00:03<09:21,  1.63it/s, loss=2.5484]
train 9:   1%|          | 5/919 [00:03<09:12,  1.65it/s, loss=2.5484]
train 9:   1%|          | 5/919 [00:03<09:12,  1.65it/s, loss=2.5180]
train 9:   1%|          | 6/919 [00:03<09:07,  1.67it/s, loss=2.5180]
train 9:   1%|          | 6/919 [00:04<09:07,  1.67it/s, loss=2.5348]
train 9:   1%|          | 7/919 [00:04<09:03,  1.68it/s, loss=2.5348]
train 9:   1%|          | 7/919 [00:04<09:03,  1.68it/s, loss=2.5706]
train 9:   1%|          | 8/919 [00:04<09:01,  1.68it/s, loss=2.5706]
train 9:   1%|          | 8/919 [00:05<09:01,  1.68it/s, loss=2.5342]
train 9:   1%|          | 9/919 [00:05<08:58,  1.69it/s, loss=2.5342]
train 9:   1%|          | 9/919 [00:06<08:58,  1.69it/s, loss=2.5502]
train 9:   1%|          | 10/919 [00:06<08:55,  1.70it/s, loss=2.5502]
train 9:   1%|          | 10/919 [00:06<08:55,  1.70it/s, loss=2.5355]
train 9:   1%|          | 11/919 [00:06<08:55,  1.70it/s, loss=2.5355]
train 9:   1%|          | 11/919 [00:07<08:55,  1.70it/s, loss=2.5406]
train 9:   1%|â–         | 12/919 [00:07<08:54,  1.70it/s, loss=2.5406]
train 9:   1%|â–         | 12/919 [00:07<08:54,  1.70it/s, loss=2.5083]
train 9:   1%|â–         | 13/919 [00:07<08:53,  1.70it/s, loss=2.5083]
train 9:   1%|â–         | 13/919 [00:08<08:53,  1.70it/s, loss=2.5462]
train 9:   2%|â–         | 14/919 [00:08<08:53,  1.70it/s, loss=2.5462]
train 9:   2%|â–         | 14/919 [00:09<08:53,  1.70it/s, loss=2.5256]
train 9:   2%|â–         | 15/919 [00:09<08:52,  1.70it/s, loss=2.5256]
train 9:   2%|â–         | 15/919 [00:09<08:52,  1.70it/s, loss=2.5339]
train 9:   2%|â–         | 16/919 [00:09<07:56,  1.90it/s, loss=2.5339]
train 9:   2%|â–         | 16/919 [00:09<07:56,  1.90it/s, loss=2.5360]
train 9:   2%|â–         | 17/919 [00:09<08:13,  1.83it/s, loss=2.5360]
train 9:   2%|â–         | 17/919 [00:10<08:13,  1.83it/s, loss=2.5186]
train 9:   2%|â–         | 18/919 [00:10<08:25,  1.78it/s, loss=2.5186]
train 9:   2%|â–         | 18/919 [00:11<08:25,  1.78it/s, loss=2.5822]
train 9:   2%|â–         | 19/919 [00:11<08:32,  1.76it/s, loss=2.5822]
train 9:   2%|â–         | 19/919 [00:11<08:32,  1.76it/s, loss=2.5511]
train 9:   2%|â–         | 20/919 [00:11<08:36,  1.74it/s, loss=2.5511]
train 9:   2%|â–         | 20/919 [00:12<08:36,  1.74it/s, loss=2.5600]
train 9:   2%|â–         | 21/919 [00:12<08:38,  1.73it/s, loss=2.5600]
train 9:   2%|â–         | 21/919 [00:12<08:38,  1.73it/s, loss=2.5406]
train 9:   2%|â–         | 22/919 [00:12<08:40,  1.72it/s, loss=2.5406]
train 9:   2%|â–         | 22/919 [00:13<08:40,  1.72it/s, loss=2.5106]
train 9:   3%|â–Ž         | 23/919 [00:13<08:41,  1.72it/s, loss=2.5106]
train 9:   3%|â–Ž         | 23/919 [00:14<08:41,  1.72it/s, loss=2.5188]
train 9:   3%|â–Ž         | 24/919 [00:14<08:43,  1.71it/s, loss=2.5188]
train 9:   3%|â–Ž         | 24/919 [00:14<08:43,  1.71it/s, loss=2.5376]
train 9:   3%|â–Ž         | 25/919 [00:14<08:44,  1.71it/s, loss=2.5376]
train 9:   3%|â–Ž         | 25/919 [00:15<08:44,  1.71it/s, loss=2.5462]
train 9:   3%|â–Ž         | 26/919 [00:15<08:45,  1.70it/s, loss=2.5462]
train 9:   3%|â–Ž         | 26/919 [00:15<08:45,  1.70it/s, loss=2.5325]
train 9:   3%|â–Ž         | 27/919 [00:15<08:46,  1.69it/s, loss=2.5325]
train 9:   3%|â–Ž         | 27/919 [00:16<08:46,  1.69it/s, loss=2.5454]
train 9:   3%|â–Ž         | 28/919 [00:16<08:44,  1.70it/s, loss=2.5454]
train 9:   3%|â–Ž         | 28/919 [00:17<08:44,  1.70it/s, loss=2.5485]
train 9:   3%|â–Ž         | 29/919 [00:17<08:44,  1.70it/s, loss=2.5485]
train 9:   3%|â–Ž         | 29/919 [00:17<08:44,  1.70it/s, loss=2.5177]
train 9:   3%|â–Ž         | 30/919 [00:17<08:44,  1.70it/s, loss=2.5177]
                                                                      
[PROFILE batch=0]
  data_time      =0.1678s
  to_device_time =0.0023s
  forward_time   =0.3202s
  loss_time      =0.0014s
  backward_time  =0.2802s
  optimizer_time =0.0058s
  batch_time     =0.6114s
  cuda_allocated_gb    =0.125
  cuda_reserved_gb     =9.008
  cuda_max_allocated_gb=7.792
[PROFILE batch=1]
  data_time      =0.0005s
  to_device_time =0.0022s
  forward_time   =0.2953s
  loss_time      =0.0021s
  backward_time  =0.2794s
  optimizer_time =0.0063s
  batch_time     =0.5857s
  cuda_allocated_gb    =0.125
  cuda_reserved_gb     =9.008
  cuda_max_allocated_gb=7.792
[PROFILE batch=2]
  data_time      =0.0005s
  to_device_time =0.0022s
  forward_time   =0.2944s
  loss_time      =0.0020s
  backward_time  =0.2764s
  optimizer_time =0.0065s
  batch_time     =0.5820s
  cuda_allocated_gb    =0.125
  cuda_reserved_gb     =9.008
  cuda_max_allocated_gb=7.792
[PROFILE batch=3]
  data_time      =0.0006s
  to_device_time =0.0021s
  forward_time   =0.2969s
  loss_time      =0.0021s
  backward_time  =0.2777s
  optimizer_time =0.0066s
  batch_time     =0.5859s
  cuda_allocated_gb    =0.125
  cuda_reserved_gb     =9.008
  cuda_max_allocated_gb=7.792
[PROFILE batch=4]
  data_time      =0.0005s
  to_device_time =0.0022s
  forward_time   =0.2944s
  loss_time      =0.0021s
  backward_time  =0.2787s
  optimizer_time =0.0064s
  batch_time     =0.5843s
  cuda_allocated_gb    =0.125
  cuda_reserved_gb     =9.008
  cuda_max_allocated_gb=7.792
[PROFILE batch=5]
  data_time      =0.0005s
  to_device_time =0.0022s
  forward_time   =0.3001s
  loss_time      =0.0021s
  backward_time  =0.2759s
  optimizer_time =0.0065s
  batch_time     =0.5873s
  cuda_allocated_gb    =0.125
  cuda_reserved_gb     =9.008
  cuda_max_allocated_gb=7.792
[PROFILE batch=6]
  data_time      =0.0006s
  to_device_time =0.0022s
  forward_time   =0.2943s
  loss_time      =0.0022s
  backward_time  =0.2794s
  optimizer_time =0.0063s
  batch_time     =0.5848s
  cuda_allocated_gb    =0.125
  cuda_reserved_gb     =9.008
  cuda_max_allocated_gb=7.792
[PROFILE batch=7]
  data_time      =0.0005s
  to_device_time =0.0022s
  forward_time   =0.2987s
  loss_time      =0.0022s
  backward_time  =0.2765s
  optimizer_time =0.0065s
  batch_time     =0.5866s
  cuda_allocated_gb    =0.125
  cuda_reserved_gb     =9.008
  cuda_max_allocated_gb=7.792
[PROFILE batch=8]
  data_time      =0.0006s
  to_device_time =0.0022s
  forward_time   =0.2945s
  loss_time      =0.0023s
  backward_time  =0.2777s
  optimizer_time =0.0064s
  batch_time     =0.5835s
  cuda_allocated_gb    =0.125
  cuda_reserved_gb     =9.008
  cuda_max_allocated_gb=7.792
[PROFILE batch=9]
  data_time      =0.0005s
  to_device_time =0.0022s
  forward_time   =0.2953s
  loss_time      =0.0022s
  backward_time  =0.2751s
  optimizer_time =0.0061s
  batch_time     =0.5814s
  cuda_allocated_gb    =0.125
  cuda_reserved_gb     =9.008
  cuda_max_allocated_gb=7.792
[PROFILE batch=10]
  data_time      =0.0005s
  to_device_time =0.0021s
  forward_time   =0.2949s
  loss_time      =0.0022s
  backward_time  =0.2788s
  optimizer_time =0.0066s
  batch_time     =0.5850s
  cuda_allocated_gb    =0.125
  cuda_reserved_gb     =9.008
  cuda_max_allocated_gb=7.792
[PROFILE batch=11]
  data_time      =0.0005s
  to_device_time =0.0022s
  forward_time   =0.2988s
  loss_time      =0.0022s
  backward_time  =0.2772s
  optimizer_time =0.0064s
  batch_time     =0.5875s
  cuda_allocated_gb    =0.125
  cuda_reserved_gb     =9.008
  cuda_max_allocated_gb=7.792
[PROFILE batch=12]
  data_time      =0.0008s
  to_device_time =0.0022s
  forward_time   =0.2941s
  loss_time      =0.0022s
  backward_time  =0.2781s
  optimizer_time =0.0063s
  batch_time     =0.5833s
  cuda_allocated_gb    =0.125
  cuda_reserved_gb     =9.008
  cuda_max_allocated_gb=7.792
[PROFILE batch=13]
  data_time      =0.0006s
  to_device_time =0.0022s
  forward_time   =0.2965s
  loss_time      =0.0023s
  backward_time  =0.2787s
  optimizer_time =0.0071s
  batch_time     =0.5872s
  cuda_allocated_gb    =0.125
  cuda_reserved_gb     =9.008
  cuda_max_allocated_gb=7.792
[PROFILE batch=14]
  data_time      =0.0007s
  to_device_time =0.0022s
  forward_time   =0.2964s
  loss_time      =0.0022s
  backward_time  =0.2764s
  optimizer_time =0.0064s
  batch_time     =0.5842s
  cuda_allocated_gb    =0.125
  cuda_reserved_gb     =9.008
  cuda_max_allocated_gb=7.792
[PROFILE batch=15]
  data_time      =0.0006s
  to_device_time =0.0014s
  forward_time   =0.1919s
  loss_time      =0.0022s
  backward_time  =0.1793s
  optimizer_time =0.0062s
  batch_time     =0.3813s
  cuda_allocated_gb    =0.094
  cuda_reserved_gb     =9.008
  cuda_max_allocated_gb=7.792
[PROFILE batch=16]
  data_time      =0.0006s
  to_device_time =0.0022s
  forward_time   =0.2951s
  loss_time      =0.0021s
  backward_time  =0.2827s
  optimizer_time =0.0063s
  batch_time     =0.5888s
  cuda_allocated_gb    =0.125
  cuda_reserved_gb     =9.008
  cuda_max_allocated_gb=7.792
[PROFILE batch=17]
  data_time      =0.0006s
  to_device_time =0.0022s
  forward_time   =0.2952s
  loss_time      =0.0022s
  backward_time  =0.2837s
  optimizer_time =0.0064s
  batch_time     =0.5906s
  cuda_allocated_gb    =0.125
  cuda_reserved_gb     =9.008
  cuda_max_allocated_gb=7.792
[PROFILE batch=18]
  data_time      =0.0006s
  to_device_time =0.0021s
  forward_time   =0.2952s
  loss_time      =0.0021s
  backward_time  =0.2777s
  optimizer_time =0.0067s
  batch_time     =0.5842s
  cuda_allocated_gb    =0.125
  cuda_reserved_gb     =9.008
  cuda_max_allocated_gb=7.792
[PROFILE batch=19]
  data_time      =0.0006s
  to_device_time =0.0022s
  forward_time   =0.2937s
  loss_time      =0.0022s
  backward_time  =0.2777s
  optimizer_time =0.0060s
  batch_time     =0.5821s
  cuda_allocated_gb    =0.125
  cuda_reserved_gb     =9.008
  cuda_max_allocated_gb=7.792

[PROFILE average first 20 batches (recorded=20)]
  avg_data_time      =0.0089s
  avg_to_device_time =0.0021s
  avg_forward_time   =0.2918s
  avg_loss_time      =0.0021s
  avg_backward_time  =0.2734s
  avg_optimizer_time =0.0064s
  avg_batch_time     =0.5764s
  estimated_full_epoch_minutes=8.83

val:   0%|          | 0/113 [00:00<?, ?it/s]/usr/local/lib/python3.12/dist-packages/torch/autograd/function.py:583: UserWarning: Was asked to gather along dimension 0, but all input tensors were scalars; will instead unsqueeze and return a vector.
  return super().apply(*args, **kwargs)  # type: ignore[misc]

val:   1%|          | 1/113 [00:00<00:46,  2.41it/s]
val:   2%|â–         | 2/113 [00:00<00:37,  2.96it/s]
val:   3%|â–Ž         | 3/113 [00:00<00:34,  3.18it/s]
val:   4%|â–Ž         | 4/113 [00:01<00:33,  3.29it/s]
val:   4%|â–         | 5/113 [00:01<00:32,  3.34it/s]
val:   5%|â–Œ         | 6/113 [00:01<00:31,  3.39it/s]
val:   6%|â–Œ         | 7/113 [00:02<00:31,  3.41it/s]
val:   7%|â–‹         | 8/113 [00:02<00:30,  3.45it/s]
val:   8%|â–Š         | 9/113 [00:02<00:29,  3.48it/s]
val:   9%|â–‰         | 10/113 [00:02<00:29,  3.49it/s]
                                                     
Epoch 009/015 | loss=2.5364 acc=0.1403 macro_f1=0.1286 | val_loss=2.5331 val_acc=0.2437 val_macro_f1=0.0560 | ckpt_monitor=val_macro_f1:0.0560 best_val_macro_f1=0.0716 best_epoch=1 early_val_macro_f1=0.0716 sec/batch=0.589s
          val pred_count: [0, 0, 0, 320, 0, 0, 0]
          no improvement: 8/12

train 10:   0%|          | 0/919 [00:00<?, ?it/s]/usr/local/lib/python3.12/dist-packages/torch/autograd/function.py:583: UserWarning: Was asked to gather along dimension 0, but all input tensors were scalars; will instead unsqueeze and return a vector.
  return super().apply(*args, **kwargs)  # type: ignore[misc]

train 10:   0%|          | 0/919 [00:00<?, ?it/s, loss=2.5197]
train 10:   0%|          | 1/919 [00:00<12:00,  1.27it/s, loss=2.5197]
train 10:   0%|          | 1/919 [00:01<12:00,  1.27it/s, loss=2.5817]
train 10:   0%|          | 2/919 [00:01<10:17,  1.49it/s, loss=2.5817]
train 10:   0%|          | 2/919 [00:01<10:17,  1.49it/s, loss=2.5666]
train 10:   0%|          | 3/919 [00:01<09:43,  1.57it/s, loss=2.5666]
train 10:   0%|          | 3/919 [00:02<09:43,  1.57it/s, loss=2.5108]
train 10:   0%|          | 4/919 [00:02<09:29,  1.61it/s, loss=2.5108]
train 10:   0%|          | 4/919 [00:03<09:29,  1.61it/s, loss=2.5707]
train 10:   1%|          | 5/919 [00:03<09:19,  1.63it/s, loss=2.5707]
train 10:   1%|          | 5/919 [00:03<09:19,  1.63it/s, loss=2.5194]
train 10:   1%|          | 6/919 [00:03<09:12,  1.65it/s, loss=2.5194]
train 10:   1%|          | 6/919 [00:04<09:12,  1.65it/s, loss=2.5300]
train 10:   1%|          | 7/919 [00:04<09:10,  1.66it/s, loss=2.5300]
train 10:   1%|          | 7/919 [00:04<09:10,  1.66it/s, loss=2.5276]
train 10:   1%|          | 8/919 [00:04<09:07,  1.67it/s, loss=2.5276]
train 10:   1%|          | 8/919 [00:05<09:07,  1.67it/s, loss=2.5446]
train 10:   1%|          | 9/919 [00:05<09:05,  1.67it/s, loss=2.5446]
train 10:   1%|          | 9/919 [00:06<09:05,  1.67it/s, loss=2.5612]
train 10:   1%|          | 10/919 [00:06<09:04,  1.67it/s, loss=2.5612]
train 10:   1%|          | 10/919 [00:06<09:04,  1.67it/s, loss=2.4995]
train 10:   1%|          | 11/919 [00:06<09:02,  1.67it/s, loss=2.4995]
train 10:   1%|          | 11/919 [00:07<09:02,  1.67it/s, loss=2.5713]
train 10:   1%|â–         | 12/919 [00:07<09:02,  1.67it/s, loss=2.5713]
train 10:   1%|â–         | 12/919 [00:07<09:02,  1.67it/s, loss=2.5548]
train 10:   1%|â–         | 13/919 [00:07<09:00,  1.68it/s, loss=2.5548]
train 10:   1%|â–         | 13/919 [00:08<09:00,  1.68it/s, loss=2.5145]
train 10:   2%|â–         | 14/919 [00:08<09:01,  1.67it/s, loss=2.5145]
train 10:   2%|â–         | 14/919 [00:09<09:01,  1.67it/s, loss=2.5463]
train 10:   2%|â–         | 15/919 [00:09<09:00,  1.67it/s, loss=2.5463]
train 10:   2%|â–         | 15/919 [00:09<09:00,  1.67it/s, loss=2.5572]
train 10:   2%|â–         | 16/919 [00:09<08:04,  1.87it/s, loss=2.5572]
train 10:   2%|â–         | 16/919 [00:10<08:04,  1.87it/s, loss=2.5396]
train 10:   2%|â–         | 17/919 [00:10<08:20,  1.80it/s, loss=2.5396]
train 10:   2%|â–         | 17/919 [00:10<08:20,  1.80it/s, loss=2.5753]
train 10:   2%|â–         | 18/919 [00:10<08:31,  1.76it/s, loss=2.5753]
train 10:   2%|â–         | 18/919 [00:11<08:31,  1.76it/s, loss=2.5600]
train 10:   2%|â–         | 19/919 [00:11<08:38,  1.73it/s, loss=2.5600]
train 10:   2%|â–         | 19/919 [00:11<08:38,  1.73it/s, loss=2.5491]
train 10:   2%|â–         | 20/919 [00:11<08:44,  1.71it/s, loss=2.5491]
train 10:   2%|â–         | 20/919 [00:12<08:44,  1.71it/s, loss=2.5279]
train 10:   2%|â–         | 21/919 [00:12<08:46,  1.71it/s, loss=2.5279]
train 10:   2%|â–         | 21/919 [00:13<08:46,  1.71it/s, loss=2.5623]
train 10:   2%|â–         | 22/919 [00:13<08:47,  1.70it/s, loss=2.5623]
train 10:   2%|â–         | 22/919 [00:13<08:47,  1.70it/s, loss=2.5185]
train 10:   3%|â–Ž         | 23/919 [00:13<08:50,  1.69it/s, loss=2.5185]
train 10:   3%|â–Ž         | 23/919 [00:14<08:50,  1.69it/s, loss=2.5285]
train 10:   3%|â–Ž         | 24/919 [00:14<08:55,  1.67it/s, loss=2.5285]
train 10:   3%|â–Ž         | 24/919 [00:14<08:55,  1.67it/s, loss=2.5443]
train 10:   3%|â–Ž         | 25/919 [00:14<08:54,  1.67it/s, loss=2.5443]
train 10:   3%|â–Ž         | 25/919 [00:15<08:54,  1.67it/s, loss=2.5388]
train 10:   3%|â–Ž         | 26/919 [00:15<08:54,  1.67it/s, loss=2.5388]
train 10:   3%|â–Ž         | 26/919 [00:16<08:54,  1.67it/s, loss=2.5392]
train 10:   3%|â–Ž         | 27/919 [00:16<08:54,  1.67it/s, loss=2.5392]
train 10:   3%|â–Ž         | 27/919 [00:16<08:54,  1.67it/s, loss=2.5610]
train 10:   3%|â–Ž         | 28/919 [00:16<08:52,  1.67it/s, loss=2.5610]
train 10:   3%|â–Ž         | 28/919 [00:17<08:52,  1.67it/s, loss=2.5621]
train 10:   3%|â–Ž         | 29/919 [00:17<08:51,  1.67it/s, loss=2.5621]
train 10:   3%|â–Ž         | 29/919 [00:17<08:51,  1.67it/s, loss=2.5505]
train 10:   3%|â–Ž         | 30/919 [00:17<08:51,  1.67it/s, loss=2.5505]
                                                                       
[PROFILE batch=0]
  data_time      =0.1872s
  to_device_time =0.0023s
  forward_time   =0.3036s
  loss_time      =0.0013s
  backward_time  =0.2809s
  optimizer_time =0.0058s
  batch_time     =0.5950s
  cuda_allocated_gb    =0.125
  cuda_reserved_gb     =9.008
  cuda_max_allocated_gb=7.792
[PROFILE batch=1]
  data_time      =0.0005s
  to_device_time =0.0022s
  forward_time   =0.2979s
  loss_time      =0.0020s
  backward_time  =0.2832s
  optimizer_time =0.0061s
  batch_time     =0.5920s
  cuda_allocated_gb    =0.125
  cuda_reserved_gb     =9.008
  cuda_max_allocated_gb=7.792
[PROFILE batch=2]
  data_time      =0.0005s
  to_device_time =0.0022s
  forward_time   =0.2981s
  loss_time      =0.0020s
  backward_time  =0.2825s
  optimizer_time =0.0064s
  batch_time     =0.5916s
  cuda_allocated_gb    =0.125
  cuda_reserved_gb     =9.008
  cuda_max_allocated_gb=7.792
[PROFILE batch=3]
  data_time      =0.0005s
  to_device_time =0.0022s
  forward_time   =0.2976s
  loss_time      =0.0021s
  backward_time  =0.2881s
  optimizer_time =0.0059s
  batch_time     =0.5962s
  cuda_allocated_gb    =0.125
  cuda_reserved_gb     =9.008
  cuda_max_allocated_gb=7.792
[PROFILE batch=4]
  data_time      =0.0005s
  to_device_time =0.0021s
  forward_time   =0.2963s
  loss_time      =0.0021s
  backward_time  =0.2821s
  optimizer_time =0.0063s
  batch_time     =0.5895s
  cuda_allocated_gb    =0.125
  cuda_reserved_gb     =9.008
  cuda_max_allocated_gb=7.792
[PROFILE batch=5]
  data_time      =0.0005s
  to_device_time =0.0021s
  forward_time   =0.2972s
  loss_time      =0.0023s
  backward_time  =0.2819s
  optimizer_time =0.0064s
  batch_time     =0.5903s
  cuda_allocated_gb    =0.125
  cuda_reserved_gb     =9.008
  cuda_max_allocated_gb=7.792
[PROFILE batch=6]
  data_time      =0.0005s
  to_device_time =0.0021s
  forward_time   =0.3020s
  loss_time      =0.0023s
  backward_time  =0.2827s
  optimizer_time =0.0064s
  batch_time     =0.5960s
  cuda_allocated_gb    =0.125
  cuda_reserved_gb     =9.008
  cuda_max_allocated_gb=7.792
[PROFILE batch=7]
  data_time      =0.0005s
  to_device_time =0.0021s
  forward_time   =0.2962s
  loss_time      =0.0021s
  backward_time  =0.2831s
  optimizer_time =0.0066s
  batch_time     =0.5906s
  cuda_allocated_gb    =0.125
  cuda_reserved_gb     =9.008
  cuda_max_allocated_gb=7.792
[PROFILE batch=8]
  data_time      =0.0005s
  to_device_time =0.0022s
  forward_time   =0.2977s
  loss_time      =0.0022s
  backward_time  =0.2840s
  optimizer_time =0.0064s
  batch_time     =0.5930s
  cuda_allocated_gb    =0.125
  cuda_reserved_gb     =9.008
  cuda_max_allocated_gb=7.792
[PROFILE batch=9]
  data_time      =0.0005s
  to_device_time =0.0022s
  forward_time   =0.2952s
  loss_time      =0.0023s
  backward_time  =0.2877s
  optimizer_time =0.0062s
  batch_time     =0.5942s
  cuda_allocated_gb    =0.125
  cuda_reserved_gb     =9.008
  cuda_max_allocated_gb=7.792
[PROFILE batch=10]
  data_time      =0.0005s
  to_device_time =0.0021s
  forward_time   =0.2964s
  loss_time      =0.0023s
  backward_time  =0.2836s
  optimizer_time =0.0064s
  batch_time     =0.5913s
  cuda_allocated_gb    =0.125
  cuda_reserved_gb     =9.008
  cuda_max_allocated_gb=7.792
[PROFILE batch=11]
  data_time      =0.0005s
  to_device_time =0.0022s
  forward_time   =0.3005s
  loss_time      =0.0022s
  backward_time  =0.2857s
  optimizer_time =0.0060s
  batch_time     =0.5971s
  cuda_allocated_gb    =0.125
  cuda_reserved_gb     =9.008
  cuda_max_allocated_gb=7.792
[PROFILE batch=12]
  data_time      =0.0008s
  to_device_time =0.0022s
  forward_time   =0.2967s
  loss_time      =0.0021s
  backward_time  =0.2822s
  optimizer_time =0.0063s
  batch_time     =0.5899s
  cuda_allocated_gb    =0.125
  cuda_reserved_gb     =9.008
  cuda_max_allocated_gb=7.792
[PROFILE batch=13]
  data_time      =0.0005s
  to_device_time =0.0021s
  forward_time   =0.2982s
  loss_time      =0.0027s
  backward_time  =0.2872s
  optimizer_time =0.0065s
  batch_time     =0.5973s
  cuda_allocated_gb    =0.125
  cuda_reserved_gb     =9.008
  cuda_max_allocated_gb=7.792
[PROFILE batch=14]
  data_time      =0.0006s
  to_device_time =0.0021s
  forward_time   =0.2985s
  loss_time      =0.0023s
  backward_time  =0.2839s
  optimizer_time =0.0068s
  batch_time     =0.5941s
  cuda_allocated_gb    =0.125
  cuda_reserved_gb     =9.008
  cuda_max_allocated_gb=7.792
[PROFILE batch=15]
  data_time      =0.0007s
  to_device_time =0.0014s
  forward_time   =0.1946s
  loss_time      =0.0030s
  backward_time  =0.1834s
  optimizer_time =0.0061s
  batch_time     =0.3890s
  cuda_allocated_gb    =0.094
  cuda_reserved_gb     =9.008
  cuda_max_allocated_gb=7.792
[PROFILE batch=16]
  data_time      =0.0005s
  to_device_time =0.0021s
  forward_time   =0.2974s
  loss_time      =0.0021s
  backward_time  =0.2854s
  optimizer_time =0.0062s
  batch_time     =0.5936s
  cuda_allocated_gb    =0.125
  cuda_reserved_gb     =9.008
  cuda_max_allocated_gb=7.792
[PROFILE batch=17]
  data_time      =0.0006s
  to_device_time =0.0021s
  forward_time   =0.3001s
  loss_time      =0.0021s
  backward_time  =0.2835s
  optimizer_time =0.0066s
  batch_time     =0.5949s
  cuda_allocated_gb    =0.125
  cuda_reserved_gb     =9.008
  cuda_max_allocated_gb=7.792
[PROFILE batch=18]
  data_time      =0.0006s
  to_device_time =0.0022s
  forward_time   =0.2978s
  loss_time      =0.0021s
  backward_time  =0.2856s
  optimizer_time =0.0061s
  batch_time     =0.5942s
  cuda_allocated_gb    =0.125
  cuda_reserved_gb     =9.008
  cuda_max_allocated_gb=7.792
[PROFILE batch=19]
  data_time      =0.0006s
  to_device_time =0.0021s
  forward_time   =0.2989s
  loss_time      =0.0022s
  backward_time  =0.2849s
  optimizer_time =0.0067s
  batch_time     =0.5953s
  cuda_allocated_gb    =0.125
  cuda_reserved_gb     =9.008
  cuda_max_allocated_gb=7.792

[PROFILE average first 20 batches (recorded=20)]
  avg_data_time      =0.0099s
  avg_to_device_time =0.0021s
  avg_forward_time   =0.2930s
  avg_loss_time      =0.0022s
  avg_backward_time  =0.2791s
  avg_optimizer_time =0.0063s
  avg_batch_time     =0.5833s
  estimated_full_epoch_minutes=8.93

val:   0%|          | 0/113 [00:00<?, ?it/s]/usr/local/lib/python3.12/dist-packages/torch/autograd/function.py:583: UserWarning: Was asked to gather along dimension 0, but all input tensors were scalars; will instead unsqueeze and return a vector.
  return super().apply(*args, **kwargs)  # type: ignore[misc]

val:   1%|          | 1/113 [00:00<00:44,  2.52it/s]
val:   2%|â–         | 2/113 [00:00<00:36,  3.03it/s]
val:   3%|â–Ž         | 3/113 [00:00<00:33,  3.24it/s]
val:   4%|â–Ž         | 4/113 [00:01<00:32,  3.31it/s]
val:   4%|â–         | 5/113 [00:01<00:32,  3.36it/s]
val:   5%|â–Œ         | 6/113 [00:01<00:31,  3.40it/s]
val:   6%|â–Œ         | 7/113 [00:02<00:30,  3.44it/s]
val:   7%|â–‹         | 8/113 [00:02<00:30,  3.46it/s]
val:   8%|â–Š         | 9/113 [00:02<00:29,  3.49it/s]
val:   9%|â–‰         | 10/113 [00:02<00:29,  3.50it/s]
                                                     
Epoch 010/015 | loss=2.5444 acc=0.1435 macro_f1=0.1336 | val_loss=2.5331 val_acc=0.2437 val_macro_f1=0.0560 | ckpt_monitor=val_macro_f1:0.0560 best_val_macro_f1=0.0716 best_epoch=1 early_val_macro_f1=0.0716 sec/batch=0.597s
          val pred_count: [0, 0, 0, 320, 0, 0, 0]
          no improvement: 9/12

train 11:   0%|          | 0/919 [00:00<?, ?it/s]/usr/local/lib/python3.12/dist-packages/torch/autograd/function.py:583: UserWarning: Was asked to gather along dimension 0, but all input tensors were scalars; will instead unsqueeze and return a vector.
  return super().apply(*args, **kwargs)  # type: ignore[misc]

train 11:   0%|          | 0/919 [00:00<?, ?it/s, loss=2.5486]
train 11:   0%|          | 1/919 [00:00<11:59,  1.28it/s, loss=2.5486]
train 11:   0%|          | 1/919 [00:01<11:59,  1.28it/s, loss=2.5403]
train 11:   0%|          | 2/919 [00:01<10:23,  1.47it/s, loss=2.5403]
train 11:   0%|          | 2/919 [00:01<10:23,  1.47it/s, loss=2.5537]
train 11:   0%|          | 3/919 [00:01<09:49,  1.55it/s, loss=2.5537]
train 11:   0%|          | 3/919 [00:02<09:49,  1.55it/s, loss=2.5164]
train 11:   0%|          | 4/919 [00:02<09:32,  1.60it/s, loss=2.5164]
train 11:   0%|          | 4/919 [00:03<09:32,  1.60it/s, loss=2.5644]
train 11:   1%|          | 5/919 [00:03<09:23,  1.62it/s, loss=2.5644]
train 11:   1%|          | 5/919 [00:03<09:23,  1.62it/s, loss=2.5548]
train 11:   1%|          | 6/919 [00:03<09:17,  1.64it/s, loss=2.5548]
train 11:   1%|          | 6/919 [00:04<09:17,  1.64it/s, loss=2.5474]
train 11:   1%|          | 7/919 [00:04<09:14,  1.64it/s, loss=2.5474]
train 11:   1%|          | 7/919 [00:04<09:14,  1.64it/s, loss=2.5516]
train 11:   1%|          | 8/919 [00:04<09:12,  1.65it/s, loss=2.5516]
train 11:   1%|          | 8/919 [00:05<09:12,  1.65it/s, loss=2.5378]
train 11:   1%|          | 9/919 [00:05<09:10,  1.65it/s, loss=2.5378]
train 11:   1%|          | 9/919 [00:06<09:10,  1.65it/s, loss=2.5359]
train 11:   1%|          | 10/919 [00:06<09:07,  1.66it/s, loss=2.5359]
train 11:   1%|          | 10/919 [00:06<09:07,  1.66it/s, loss=2.5311]
train 11:   1%|          | 11/919 [00:06<09:06,  1.66it/s, loss=2.5311]
train 11:   1%|          | 11/919 [00:07<09:06,  1.66it/s, loss=2.5380]
train 11:   1%|â–         | 12/919 [00:07<09:04,  1.67it/s, loss=2.5380]
train 11:   1%|â–         | 12/919 [00:07<09:04,  1.67it/s, loss=2.5183]
train 11:   1%|â–         | 13/919 [00:07<09:05,  1.66it/s, loss=2.5183]
train 11:   1%|â–         | 13/919 [00:08<09:05,  1.66it/s, loss=2.5092]
train 11:   2%|â–         | 14/919 [00:08<09:05,  1.66it/s, loss=2.5092]
train 11:   2%|â–         | 14/919 [00:09<09:05,  1.66it/s, loss=2.5401]
train 11:   2%|â–         | 15/919 [00:09<09:03,  1.66it/s, loss=2.5401]
train 11:   2%|â–         | 15/919 [00:09<09:03,  1.66it/s, loss=2.5642]
train 11:   2%|â–         | 16/919 [00:09<08:04,  1.86it/s, loss=2.5642]
train 11:   2%|â–         | 16/919 [00:10<08:04,  1.86it/s, loss=2.5435]
train 11:   2%|â–         | 17/919 [00:10<08:20,  1.80it/s, loss=2.5435]
train 11:   2%|â–         | 17/919 [00:10<08:20,  1.80it/s, loss=2.5219]
train 11:   2%|â–         | 18/919 [00:10<08:31,  1.76it/s, loss=2.5219]
train 11:   2%|â–         | 18/919 [00:11<08:31,  1.76it/s, loss=2.5650]
train 11:   2%|â–         | 19/919 [00:11<08:38,  1.74it/s, loss=2.5650]
train 11:   2%|â–         | 19/919 [00:11<08:38,  1.74it/s, loss=2.5160]
train 11:   2%|â–         | 20/919 [00:11<08:43,  1.72it/s, loss=2.5160]
train 11:   2%|â–         | 20/919 [00:12<08:43,  1.72it/s, loss=2.5232]
train 11:   2%|â–         | 21/919 [00:12<08:45,  1.71it/s, loss=2.5232]
train 11:   2%|â–         | 21/919 [00:13<08:45,  1.71it/s, loss=2.5172]
train 11:   2%|â–         | 22/919 [00:13<08:48,  1.70it/s, loss=2.5172]
train 11:   2%|â–         | 22/919 [00:13<08:48,  1.70it/s, loss=2.5371]
train 11:   3%|â–Ž         | 23/919 [00:13<08:48,  1.69it/s, loss=2.5371]
train 11:   3%|â–Ž         | 23/919 [00:14<08:48,  1.69it/s, loss=2.5582]
train 11:   3%|â–Ž         | 24/919 [00:14<08:48,  1.69it/s, loss=2.5582]
train 11:   3%|â–Ž         | 24/919 [00:14<08:48,  1.69it/s, loss=2.5220]
train 11:   3%|â–Ž         | 25/919 [00:14<08:48,  1.69it/s, loss=2.5220]
train 11:   3%|â–Ž         | 25/919 [00:15<08:48,  1.69it/s, loss=2.5396]
train 11:   3%|â–Ž         | 26/919 [00:15<08:48,  1.69it/s, loss=2.5396]
train 11:   3%|â–Ž         | 26/919 [00:16<08:48,  1.69it/s, loss=2.5504]
train 11:   3%|â–Ž         | 27/919 [00:16<08:48,  1.69it/s, loss=2.5504]
train 11:   3%|â–Ž         | 27/919 [00:16<08:48,  1.69it/s, loss=2.5207]
train 11:   3%|â–Ž         | 28/919 [00:16<08:47,  1.69it/s, loss=2.5207]
train 11:   3%|â–Ž         | 28/919 [00:17<08:47,  1.69it/s, loss=2.5271]
train 11:   3%|â–Ž         | 29/919 [00:17<08:46,  1.69it/s, loss=2.5271]
train 11:   3%|â–Ž         | 29/919 [00:17<08:46,  1.69it/s, loss=2.5597]
train 11:   3%|â–Ž         | 30/919 [00:17<08:46,  1.69it/s, loss=2.5597]
                                                                       
[PROFILE batch=0]
  data_time      =0.1851s
  to_device_time =0.0023s
  forward_time   =0.2976s
  loss_time      =0.0013s
  backward_time  =0.2878s
  optimizer_time =0.0060s
  batch_time     =0.5959s
  cuda_allocated_gb    =0.125
  cuda_reserved_gb     =9.008
  cuda_max_allocated_gb=7.792
[PROFILE batch=1]
  data_time      =0.0005s
  to_device_time =0.0021s
  forward_time   =0.3006s
  loss_time      =0.0020s
  backward_time  =0.2917s
  optimizer_time =0.0062s
  batch_time     =0.6031s
  cuda_allocated_gb    =0.125
  cuda_reserved_gb     =9.008
  cuda_max_allocated_gb=7.792
[PROFILE batch=2]
  data_time      =0.0005s
  to_device_time =0.0022s
  forward_time   =0.2998s
  loss_time      =0.0020s
  backward_time  =0.2874s
  optimizer_time =0.0064s
  batch_time     =0.5982s
  cuda_allocated_gb    =0.125
  cuda_reserved_gb     =9.008
  cuda_max_allocated_gb=7.792
[PROFILE batch=3]
  data_time      =0.0005s
  to_device_time =0.0021s
  forward_time   =0.2966s
  loss_time      =0.0022s
  backward_time  =0.2872s
  optimizer_time =0.0062s
  batch_time     =0.5949s
  cuda_allocated_gb    =0.125
  cuda_reserved_gb     =9.008
  cuda_max_allocated_gb=7.792
[PROFILE batch=4]
  data_time      =0.0005s
  to_device_time =0.0021s
  forward_time   =0.3008s
  loss_time      =0.0024s
  backward_time  =0.2859s
  optimizer_time =0.0066s
  batch_time     =0.5983s
  cuda_allocated_gb    =0.125
  cuda_reserved_gb     =9.008
  cuda_max_allocated_gb=7.792
[PROFILE batch=5]
  data_time      =0.0005s
  to_device_time =0.0022s
  forward_time   =0.2983s
  loss_time      =0.0023s
  backward_time  =0.2856s
  optimizer_time =0.0062s
  batch_time     =0.5951s
  cuda_allocated_gb    =0.125
  cuda_reserved_gb     =9.008
  cuda_max_allocated_gb=7.792
[PROFILE batch=6]
  data_time      =0.0005s
  to_device_time =0.0021s
  forward_time   =0.3063s
  loss_time      =0.0022s
  backward_time  =0.2833s
  optimizer_time =0.0062s
  batch_time     =0.6007s
  cuda_allocated_gb    =0.125
  cuda_reserved_gb     =9.008
  cuda_max_allocated_gb=7.792
[PROFILE batch=7]
  data_time      =0.0005s
  to_device_time =0.0022s
  forward_time   =0.2999s
  loss_time      =0.0025s
  backward_time  =0.2870s
  optimizer_time =0.0066s
  batch_time     =0.5986s
  cuda_allocated_gb    =0.125
  cuda_reserved_gb     =9.008
  cuda_max_allocated_gb=7.792
[PROFILE batch=8]
  data_time      =0.0005s
  to_device_time =0.0021s
  forward_time   =0.2996s
  loss_time      =0.0025s
  backward_time  =0.2858s
  optimizer_time =0.0062s
  batch_time     =0.5968s
  cuda_allocated_gb    =0.125
  cuda_reserved_gb     =9.008
  cuda_max_allocated_gb=7.792
[PROFILE batch=9]
  data_time      =0.0005s
  to_device_time =0.0021s
  forward_time   =0.2979s
  loss_time      =0.0021s
  backward_time  =0.2846s
  optimizer_time =0.0061s
  batch_time     =0.5933s
  cuda_allocated_gb    =0.125
  cuda_reserved_gb     =9.008
  cuda_max_allocated_gb=7.792
[PROFILE batch=10]
  data_time      =0.0005s
  to_device_time =0.0022s
  forward_time   =0.2987s
  loss_time      =0.0022s
  backward_time  =0.2874s
  optimizer_time =0.0061s
  batch_time     =0.5970s
  cuda_allocated_gb    =0.125
  cuda_reserved_gb     =9.008
  cuda_max_allocated_gb=7.792
[PROFILE batch=11]
  data_time      =0.0005s
  to_device_time =0.0021s
  forward_time   =0.2982s
  loss_time      =0.0022s
  backward_time  =0.2856s
  optimizer_time =0.0061s
  batch_time     =0.5947s
  cuda_allocated_gb    =0.125
  cuda_reserved_gb     =9.008
  cuda_max_allocated_gb=7.792
[PROFILE batch=12]
  data_time      =0.0007s
  to_device_time =0.0022s
  forward_time   =0.3085s
  loss_time      =0.0021s
  backward_time  =0.2841s
  optimizer_time =0.0062s
  batch_time     =0.6039s
  cuda_allocated_gb    =0.125
  cuda_reserved_gb     =9.008
  cuda_max_allocated_gb=7.792
[PROFILE batch=13]
  data_time      =0.0004s
  to_device_time =0.0021s
  forward_time   =0.3004s
  loss_time      =0.0024s
  backward_time  =0.2906s
  optimizer_time =0.0061s
  batch_time     =0.6020s
  cuda_allocated_gb    =0.125
  cuda_reserved_gb     =9.008
  cuda_max_allocated_gb=7.792
[PROFILE batch=14]
  data_time      =0.0006s
  to_device_time =0.0022s
  forward_time   =0.2979s
  loss_time      =0.0023s
  backward_time  =0.2850s
  optimizer_time =0.0062s
  batch_time     =0.5940s
  cuda_allocated_gb    =0.125
  cuda_reserved_gb     =9.008
  cuda_max_allocated_gb=7.792
[PROFILE batch=15]
  data_time      =0.0005s
  to_device_time =0.0014s
  forward_time   =0.1965s
  loss_time      =0.0023s
  backward_time  =0.1761s
  optimizer_time =0.0061s
  batch_time     =0.3832s
  cuda_allocated_gb    =0.094
  cuda_reserved_gb     =9.008
  cuda_max_allocated_gb=7.792
[PROFILE batch=16]
  data_time      =0.0005s
  to_device_time =0.0021s
  forward_time   =0.2983s
  loss_time      =0.0024s
  backward_time  =0.2840s
  optimizer_time =0.0063s
  batch_time     =0.5935s
  cuda_allocated_gb    =0.125
  cuda_reserved_gb     =9.008
  cuda_max_allocated_gb=7.792
[PROFILE batch=17]
  data_time      =0.0005s
  to_device_time =0.0022s
  forward_time   =0.2975s
  loss_time      =0.0022s
  backward_time  =0.2840s
  optimizer_time =0.0063s
  batch_time     =0.5926s
  cuda_allocated_gb    =0.125
  cuda_reserved_gb     =9.008
  cuda_max_allocated_gb=7.792
[PROFILE batch=18]
  data_time      =0.0005s
  to_device_time =0.0022s
  forward_time   =0.2958s
  loss_time      =0.0021s
  backward_time  =0.2861s
  optimizer_time =0.0064s
  batch_time     =0.5930s
  cuda_allocated_gb    =0.125
  cuda_reserved_gb     =9.008
  cuda_max_allocated_gb=7.792
[PROFILE batch=19]
  data_time      =0.0005s
  to_device_time =0.0021s
  forward_time   =0.2997s
  loss_time      =0.0022s
  backward_time  =0.2833s
  optimizer_time =0.0066s
  batch_time     =0.5944s
  cuda_allocated_gb    =0.125
  cuda_reserved_gb     =9.008
  cuda_max_allocated_gb=7.792

[PROFILE average first 20 batches (recorded=20)]
  avg_data_time      =0.0098s
  avg_to_device_time =0.0021s
  avg_forward_time   =0.2944s
  avg_loss_time      =0.0022s
  avg_backward_time  =0.2806s
  avg_optimizer_time =0.0063s
  avg_batch_time     =0.5862s
  estimated_full_epoch_minutes=8.98

val:   0%|          | 0/113 [00:00<?, ?it/s]/usr/local/lib/python3.12/dist-packages/torch/autograd/function.py:583: UserWarning: Was asked to gather along dimension 0, but all input tensors were scalars; will instead unsqueeze and return a vector.
  return super().apply(*args, **kwargs)  # type: ignore[misc]

val:   1%|          | 1/113 [00:00<00:44,  2.53it/s]
val:   2%|â–         | 2/113 [00:00<00:37,  2.98it/s]
val:   3%|â–Ž         | 3/113 [00:00<00:34,  3.19it/s]
val:   4%|â–Ž         | 4/113 [00:01<00:33,  3.29it/s]
val:   4%|â–         | 5/113 [00:01<00:32,  3.33it/s]
val:   5%|â–Œ         | 6/113 [00:01<00:31,  3.37it/s]
val:   6%|â–Œ         | 7/113 [00:02<00:31,  3.40it/s]
val:   7%|â–‹         | 8/113 [00:02<00:30,  3.41it/s]
val:   8%|â–Š         | 9/113 [00:02<00:30,  3.42it/s]
val:   9%|â–‰         | 10/113 [00:03<00:29,  3.44it/s]
                                                     
Epoch 011/015 | loss=2.5384 acc=0.1255 macro_f1=0.1171 | val_loss=2.5331 val_acc=0.2437 val_macro_f1=0.0560 | ckpt_monitor=val_macro_f1:0.0560 best_val_macro_f1=0.0716 best_epoch=1 early_val_macro_f1=0.0716 sec/batch=0.597s
          val pred_count: [0, 0, 0, 320, 0, 0, 0]
          no improvement: 10/12

train 12:   0%|          | 0/919 [00:00<?, ?it/s]/usr/local/lib/python3.12/dist-packages/torch/autograd/function.py:583: UserWarning: Was asked to gather along dimension 0, but all input tensors were scalars; will instead unsqueeze and return a vector.
  return super().apply(*args, **kwargs)  # type: ignore[misc]

train 12:   0%|          | 0/919 [00:00<?, ?it/s, loss=2.5454]
train 12:   0%|          | 1/919 [00:00<12:02,  1.27it/s, loss=2.5454]
train 12:   0%|          | 1/919 [00:01<12:02,  1.27it/s, loss=2.5220]
train 12:   0%|          | 2/919 [00:01<10:18,  1.48it/s, loss=2.5220]
train 12:   0%|          | 2/919 [00:01<10:18,  1.48it/s, loss=2.5391]
train 12:   0%|          | 3/919 [00:01<09:45,  1.56it/s, loss=2.5391]
train 12:   0%|          | 3/919 [00:02<09:45,  1.56it/s, loss=2.5356]
train 12:   0%|          | 4/919 [00:02<09:33,  1.60it/s, loss=2.5356]
train 12:   0%|          | 4/919 [00:03<09:33,  1.60it/s, loss=2.5322]
train 12:   1%|          | 5/919 [00:03<09:21,  1.63it/s, loss=2.5322]
train 12:   1%|          | 5/919 [00:03<09:21,  1.63it/s, loss=2.5475]
train 12:   1%|          | 6/919 [00:03<09:14,  1.65it/s, loss=2.5475]
train 12:   1%|          | 6/919 [00:04<09:14,  1.65it/s, loss=2.5555]
train 12:   1%|          | 7/919 [00:04<09:09,  1.66it/s, loss=2.5555]
train 12:   1%|          | 7/919 [00:04<09:09,  1.66it/s, loss=2.5033]
train 12:   1%|          | 8/919 [00:04<09:08,  1.66it/s, loss=2.5033]
train 12:   1%|          | 8/919 [00:05<09:08,  1.66it/s, loss=2.5393]
train 12:   1%|          | 9/919 [00:05<09:05,  1.67it/s, loss=2.5393]
train 12:   1%|          | 9/919 [00:06<09:05,  1.67it/s, loss=2.5398]
train 12:   1%|          | 10/919 [00:06<09:02,  1.67it/s, loss=2.5398]
train 12:   1%|          | 10/919 [00:06<09:02,  1.67it/s, loss=2.5151]
train 12:   1%|          | 11/919 [00:06<09:01,  1.68it/s, loss=2.5151]
train 12:   1%|          | 11/919 [00:07<09:01,  1.68it/s, loss=2.5366]
train 12:   1%|â–         | 12/919 [00:07<09:01,  1.68it/s, loss=2.5366]
train 12:   1%|â–         | 12/919 [00:07<09:01,  1.68it/s, loss=2.5166]
train 12:   1%|â–         | 13/919 [00:07<09:00,  1.68it/s, loss=2.5166]
train 12:   1%|â–         | 13/919 [00:08<09:00,  1.68it/s, loss=2.5510]
train 12:   2%|â–         | 14/919 [00:08<08:59,  1.68it/s, loss=2.5510]
train 12:   2%|â–         | 14/919 [00:09<08:59,  1.68it/s, loss=2.5436]
train 12:   2%|â–         | 15/919 [00:09<08:58,  1.68it/s, loss=2.5436]
train 12:   2%|â–         | 15/919 [00:09<08:58,  1.68it/s, loss=2.5081]
train 12:   2%|â–         | 16/919 [00:09<08:00,  1.88it/s, loss=2.5081]
train 12:   2%|â–         | 16/919 [00:10<08:00,  1.88it/s, loss=2.5289]
train 12:   2%|â–         | 17/919 [00:10<08:17,  1.81it/s, loss=2.5289]
train 12:   2%|â–         | 17/919 [00:10<08:17,  1.81it/s, loss=2.5289]
train 12:   2%|â–         | 18/919 [00:10<08:27,  1.77it/s, loss=2.5289]
train 12:   2%|â–         | 18/919 [00:11<08:27,  1.77it/s, loss=2.5585]
train 12:   2%|â–         | 19/919 [00:11<08:35,  1.74it/s, loss=2.5585]
train 12:   2%|â–         | 19/919 [00:11<08:35,  1.74it/s, loss=2.5318]
train 12:   2%|â–         | 20/919 [00:11<08:42,  1.72it/s, loss=2.5318]
train 12:   2%|â–         | 20/919 [00:12<08:42,  1.72it/s, loss=2.5290]
train 12:   2%|â–         | 21/919 [00:12<08:45,  1.71it/s, loss=2.5290]
train 12:   2%|â–         | 21/919 [00:13<08:45,  1.71it/s, loss=2.5400]
train 12:   2%|â–         | 22/919 [00:13<08:46,  1.70it/s, loss=2.5400]
train 12:   2%|â–         | 22/919 [00:13<08:46,  1.70it/s, loss=2.5397]
train 12:   3%|â–Ž         | 23/919 [00:13<08:47,  1.70it/s, loss=2.5397]
train 12:   3%|â–Ž         | 23/919 [00:14<08:47,  1.70it/s, loss=2.5245]
train 12:   3%|â–Ž         | 24/919 [00:14<08:46,  1.70it/s, loss=2.5245]
train 12:   3%|â–Ž         | 24/919 [00:14<08:46,  1.70it/s, loss=2.5288]
train 12:   3%|â–Ž         | 25/919 [00:14<08:46,  1.70it/s, loss=2.5288]
train 12:   3%|â–Ž         | 25/919 [00:15<08:46,  1.70it/s, loss=2.5408]
train 12:   3%|â–Ž         | 26/919 [00:15<08:47,  1.69it/s, loss=2.5408]
train 12:   3%|â–Ž         | 26/919 [00:16<08:47,  1.69it/s, loss=2.5295]
train 12:   3%|â–Ž         | 27/919 [00:16<08:46,  1.69it/s, loss=2.5295]
train 12:   3%|â–Ž         | 27/919 [00:16<08:46,  1.69it/s, loss=2.5311]
train 12:   3%|â–Ž         | 28/919 [00:16<08:46,  1.69it/s, loss=2.5311]
train 12:   3%|â–Ž         | 28/919 [00:17<08:46,  1.69it/s, loss=2.5389]
train 12:   3%|â–Ž         | 29/919 [00:17<08:46,  1.69it/s, loss=2.5389]
train 12:   3%|â–Ž         | 29/919 [00:17<08:46,  1.69it/s, loss=2.5470]
train 12:   3%|â–Ž         | 30/919 [00:17<08:46,  1.69it/s, loss=2.5470]
                                                                       
[PROFILE batch=0]
  data_time      =0.1879s
  to_device_time =0.0023s
  forward_time   =0.3008s
  loss_time      =0.0015s
  backward_time  =0.2861s
  optimizer_time =0.0054s
  batch_time     =0.5968s
  cuda_allocated_gb    =0.125
  cuda_reserved_gb     =9.008
  cuda_max_allocated_gb=7.792
[PROFILE batch=1]
  data_time      =0.0005s
  to_device_time =0.0022s
  forward_time   =0.2962s
  loss_time      =0.0020s
  backward_time  =0.2846s
  optimizer_time =0.0065s
  batch_time     =0.5920s
  cuda_allocated_gb    =0.125
  cuda_reserved_gb     =9.008
  cuda_max_allocated_gb=7.792
[PROFILE batch=2]
  data_time      =0.0006s
  to_device_time =0.0022s
  forward_time   =0.2990s
  loss_time      =0.0021s
  backward_time  =0.2819s
  optimizer_time =0.0087s
  batch_time     =0.5944s
  cuda_allocated_gb    =0.125
  cuda_reserved_gb     =9.008
  cuda_max_allocated_gb=7.792
[PROFILE batch=3]
  data_time      =0.0006s
  to_device_time =0.0022s
  forward_time   =0.3094s
  loss_time      =0.0022s
  backward_time  =0.2832s
  optimizer_time =0.0063s
  batch_time     =0.6036s
  cuda_allocated_gb    =0.125
  cuda_reserved_gb     =9.008
  cuda_max_allocated_gb=7.792
[PROFILE batch=4]
  data_time      =0.0005s
  to_device_time =0.0022s
  forward_time   =0.2945s
  loss_time      =0.0023s
  backward_time  =0.2838s
  optimizer_time =0.0066s
  batch_time     =0.5898s
  cuda_allocated_gb    =0.125
  cuda_reserved_gb     =9.008
  cuda_max_allocated_gb=7.792
[PROFILE batch=5]
  data_time      =0.0005s
  to_device_time =0.0021s
  forward_time   =0.2970s
  loss_time      =0.0021s
  backward_time  =0.2823s
  optimizer_time =0.0063s
  batch_time     =0.5904s
  cuda_allocated_gb    =0.125
  cuda_reserved_gb     =9.008
  cuda_max_allocated_gb=7.792
[PROFILE batch=6]
  data_time      =0.0006s
  to_device_time =0.0022s
  forward_time   =0.2954s
  loss_time      =0.0021s
  backward_time  =0.2835s
  optimizer_time =0.0068s
  batch_time     =0.5905s
  cuda_allocated_gb    =0.125
  cuda_reserved_gb     =9.008
  cuda_max_allocated_gb=7.792
[PROFILE batch=7]
  data_time      =0.0006s
  to_device_time =0.0021s
  forward_time   =0.2984s
  loss_time      =0.0021s
  backward_time  =0.2854s
  optimizer_time =0.0065s
  batch_time     =0.5950s
  cuda_allocated_gb    =0.125
  cuda_reserved_gb     =9.008
  cuda_max_allocated_gb=7.792
[PROFILE batch=8]
  data_time      =0.0005s
  to_device_time =0.0022s
  forward_time   =0.2980s
  loss_time      =0.0022s
  backward_time  =0.2825s
  optimizer_time =0.0062s
  batch_time     =0.5916s
  cuda_allocated_gb    =0.125
  cuda_reserved_gb     =9.008
  cuda_max_allocated_gb=7.792
[PROFILE batch=9]
  data_time      =0.0005s
  to_device_time =0.0022s
  forward_time   =0.2948s
  loss_time      =0.0024s
  backward_time  =0.2824s
  optimizer_time =0.0062s
  batch_time     =0.5884s
  cuda_allocated_gb    =0.125
  cuda_reserved_gb     =9.008
  cuda_max_allocated_gb=7.792
[PROFILE batch=10]
  data_time      =0.0005s
  to_device_time =0.0022s
  forward_time   =0.2975s
  loss_time      =0.0022s
  backward_time  =0.2842s
  optimizer_time =0.0067s
  batch_time     =0.5932s
  cuda_allocated_gb    =0.125
  cuda_reserved_gb     =9.008
  cuda_max_allocated_gb=7.792
[PROFILE batch=11]
  data_time      =0.0005s
  to_device_time =0.0022s
  forward_time   =0.2971s
  loss_time      =0.0022s
  backward_time  =0.2837s
  optimizer_time =0.0067s
  batch_time     =0.5924s
  cuda_allocated_gb    =0.125
  cuda_reserved_gb     =9.008
  cuda_max_allocated_gb=7.792
[PROFILE batch=12]
  data_time      =0.0008s
  to_device_time =0.0021s
  forward_time   =0.2976s
  loss_time      =0.0024s
  backward_time  =0.2825s
  optimizer_time =0.0071s
  batch_time     =0.5922s
  cuda_allocated_gb    =0.125
  cuda_reserved_gb     =9.008
  cuda_max_allocated_gb=7.792
[PROFILE batch=13]
  data_time      =0.0005s
  to_device_time =0.0022s
  forward_time   =0.2980s
  loss_time      =0.0021s
  backward_time  =0.2814s
  optimizer_time =0.0066s
  batch_time     =0.5907s
  cuda_allocated_gb    =0.125
  cuda_reserved_gb     =9.008
  cuda_max_allocated_gb=7.792
[PROFILE batch=14]
  data_time      =0.0006s
  to_device_time =0.0022s
  forward_time   =0.2959s
  loss_time      =0.0023s
  backward_time  =0.2838s
  optimizer_time =0.0063s
  batch_time     =0.5909s
  cuda_allocated_gb    =0.125
  cuda_reserved_gb     =9.008
  cuda_max_allocated_gb=7.792
[PROFILE batch=15]
  data_time      =0.0005s
  to_device_time =0.0014s
  forward_time   =0.1937s
  loss_time      =0.0024s
  backward_time  =0.1798s
  optimizer_time =0.0061s
  batch_time     =0.3839s
  cuda_allocated_gb    =0.094
  cuda_reserved_gb     =9.008
  cuda_max_allocated_gb=7.792
[PROFILE batch=16]
  data_time      =0.0005s
  to_device_time =0.0022s
  forward_time   =0.2981s
  loss_time      =0.0022s
  backward_time  =0.2824s
  optimizer_time =0.0063s
  batch_time     =0.5917s
  cuda_allocated_gb    =0.125
  cuda_reserved_gb     =9.008
  cuda_max_allocated_gb=7.792
[PROFILE batch=17]
  data_time      =0.0005s
  to_device_time =0.0022s
  forward_time   =0.2966s
  loss_time      =0.0021s
  backward_time  =0.2821s
  optimizer_time =0.0061s
  batch_time     =0.5897s
  cuda_allocated_gb    =0.125
  cuda_reserved_gb     =9.008
  cuda_max_allocated_gb=7.792
[PROFILE batch=18]
  data_time      =0.0005s
  to_device_time =0.0022s
  forward_time   =0.2991s
  loss_time      =0.0021s
  backward_time  =0.2817s
  optimizer_time =0.0064s
  batch_time     =0.5919s
  cuda_allocated_gb    =0.125
  cuda_reserved_gb     =9.008
  cuda_max_allocated_gb=7.792
[PROFILE batch=19]
  data_time      =0.0004s
  to_device_time =0.0022s
  forward_time   =0.2972s
  loss_time      =0.0022s
  backward_time  =0.2886s
  optimizer_time =0.0065s
  batch_time     =0.5972s
  cuda_allocated_gb    =0.125
  cuda_reserved_gb     =9.008
  cuda_max_allocated_gb=7.792

[PROFILE average first 20 batches (recorded=20)]
  avg_data_time      =0.0099s
  avg_to_device_time =0.0021s
  avg_forward_time   =0.2927s
  avg_loss_time      =0.0022s
  avg_backward_time  =0.2783s
  avg_optimizer_time =0.0065s
  avg_batch_time     =0.5823s
  estimated_full_epoch_minutes=8.92

val:   0%|          | 0/113 [00:00<?, ?it/s]/usr/local/lib/python3.12/dist-packages/torch/autograd/function.py:583: UserWarning: Was asked to gather along dimension 0, but all input tensors were scalars; will instead unsqueeze and return a vector.
  return super().apply(*args, **kwargs)  # type: ignore[misc]

val:   1%|          | 1/113 [00:00<00:43,  2.59it/s]
val:   2%|â–         | 2/113 [00:00<00:36,  3.07it/s]
val:   3%|â–Ž         | 3/113 [00:00<00:33,  3.26it/s]
val:   4%|â–Ž         | 4/113 [00:01<00:32,  3.35it/s]
val:   4%|â–         | 5/113 [00:01<00:31,  3.40it/s]
val:   5%|â–Œ         | 6/113 [00:01<00:31,  3.43it/s]
val:   6%|â–Œ         | 7/113 [00:02<00:30,  3.46it/s]
val:   7%|â–‹         | 8/113 [00:02<00:30,  3.46it/s]
val:   8%|â–Š         | 9/113 [00:02<00:29,  3.48it/s]
val:   9%|â–‰         | 10/113 [00:02<00:29,  3.49it/s]
                                                     
Epoch 012/015 | loss=2.5343 acc=0.1498 macro_f1=0.1372 | val_loss=2.5331 val_acc=0.2437 val_macro_f1=0.0560 | ckpt_monitor=val_macro_f1:0.0560 best_val_macro_f1=0.0716 best_epoch=1 early_val_macro_f1=0.0716 sec/batch=0.594s
          val pred_count: [0, 0, 0, 320, 0, 0, 0]
          no improvement: 11/12

train 13:   0%|          | 0/919 [00:00<?, ?it/s]/usr/local/lib/python3.12/dist-packages/torch/autograd/function.py:583: UserWarning: Was asked to gather along dimension 0, but all input tensors were scalars; will instead unsqueeze and return a vector.
  return super().apply(*args, **kwargs)  # type: ignore[misc]

train 13:   0%|          | 0/919 [00:00<?, ?it/s, loss=2.5726]
train 13:   0%|          | 1/919 [00:00<14:27,  1.06it/s, loss=2.5726]
train 13:   0%|          | 1/919 [00:01<14:27,  1.06it/s, loss=2.5333]
train 13:   0%|          | 2/919 [00:01<11:18,  1.35it/s, loss=2.5333]
train 13:   0%|          | 2/919 [00:02<11:18,  1.35it/s, loss=2.5276]
train 13:   0%|          | 3/919 [00:02<10:16,  1.49it/s, loss=2.5276]
train 13:   0%|          | 3/919 [00:02<10:16,  1.49it/s, loss=2.5442]
train 13:   0%|          | 4/919 [00:02<09:46,  1.56it/s, loss=2.5442]
train 13:   0%|          | 4/919 [00:03<09:46,  1.56it/s, loss=2.5375]
train 13:   1%|          | 5/919 [00:03<09:29,  1.60it/s, loss=2.5375]
train 13:   1%|          | 5/919 [00:03<09:29,  1.60it/s, loss=2.5190]
train 13:   1%|          | 6/919 [00:03<09:19,  1.63it/s, loss=2.5190]
train 13:   1%|          | 6/919 [00:04<09:19,  1.63it/s, loss=2.5076]
train 13:   1%|          | 7/919 [00:04<09:12,  1.65it/s, loss=2.5076]
train 13:   1%|          | 7/919 [00:05<09:12,  1.65it/s, loss=2.5196]
train 13:   1%|          | 8/919 [00:05<09:07,  1.66it/s, loss=2.5196]
train 13:   1%|          | 8/919 [00:05<09:07,  1.66it/s, loss=2.5335]
train 13:   1%|          | 9/919 [00:05<09:04,  1.67it/s, loss=2.5335]
train 13:   1%|          | 9/919 [00:06<09:04,  1.67it/s, loss=2.5517]
train 13:   1%|          | 10/919 [00:06<09:03,  1.67it/s, loss=2.5517]
train 13:   1%|          | 10/919 [00:06<09:03,  1.67it/s, loss=2.5413]
train 13:   1%|          | 11/919 [00:06<09:01,  1.68it/s, loss=2.5413]
train 13:   1%|          | 11/919 [00:07<09:01,  1.68it/s, loss=2.5477]
train 13:   1%|â–         | 12/919 [00:07<09:00,  1.68it/s, loss=2.5477]
train 13:   1%|â–         | 12/919 [00:08<09:00,  1.68it/s, loss=2.5395]
train 13:   1%|â–         | 13/919 [00:08<09:01,  1.67it/s, loss=2.5395]
train 13:   1%|â–         | 13/919 [00:08<09:01,  1.67it/s, loss=2.5202]
train 13:   2%|â–         | 14/919 [00:08<09:00,  1.68it/s, loss=2.5202]
train 13:   2%|â–         | 14/919 [00:09<09:00,  1.68it/s, loss=2.5161]
train 13:   2%|â–         | 15/919 [00:09<08:58,  1.68it/s, loss=2.5161]
train 13:   2%|â–         | 15/919 [00:09<08:58,  1.68it/s, loss=2.5443]
train 13:   2%|â–         | 16/919 [00:09<07:59,  1.88it/s, loss=2.5443]
train 13:   2%|â–         | 16/919 [00:10<07:59,  1.88it/s, loss=2.5499]
train 13:   2%|â–         | 17/919 [00:10<08:15,  1.82it/s, loss=2.5499]
train 13:   2%|â–         | 17/919 [00:10<08:15,  1.82it/s, loss=2.5224]
train 13:   2%|â–         | 18/919 [00:10<08:27,  1.77it/s, loss=2.5224]
train 13:   2%|â–         | 18/919 [00:11<08:27,  1.77it/s, loss=2.5452]
train 13:   2%|â–         | 19/919 [00:11<08:39,  1.73it/s, loss=2.5452]
train 13:   2%|â–         | 19/919 [00:12<08:39,  1.73it/s, loss=2.5358]
train 13:   2%|â–         | 20/919 [00:12<08:43,  1.72it/s, loss=2.5358]
train 13:   2%|â–         | 20/919 [00:12<08:43,  1.72it/s, loss=2.5388]
train 13:   2%|â–         | 21/919 [00:12<08:44,  1.71it/s, loss=2.5388]
train 13:   2%|â–         | 21/919 [00:13<08:44,  1.71it/s, loss=2.5579]
train 13:   2%|â–         | 22/919 [00:13<08:47,  1.70it/s, loss=2.5579]
train 13:   2%|â–         | 22/919 [00:13<08:47,  1.70it/s, loss=2.5592]
train 13:   3%|â–Ž         | 23/919 [00:13<08:47,  1.70it/s, loss=2.5592]
train 13:   3%|â–Ž         | 23/919 [00:14<08:47,  1.70it/s, loss=2.5342]
train 13:   3%|â–Ž         | 24/919 [00:14<08:48,  1.69it/s, loss=2.5342]
train 13:   3%|â–Ž         | 24/919 [00:14<08:48,  1.69it/s, loss=2.5168]
train 13:   3%|â–Ž         | 25/919 [00:14<08:47,  1.69it/s, loss=2.5168]
train 13:   3%|â–Ž         | 25/919 [00:15<08:47,  1.69it/s, loss=2.5358]
train 13:   3%|â–Ž         | 26/919 [00:15<08:46,  1.70it/s, loss=2.5358]
train 13:   3%|â–Ž         | 26/919 [00:16<08:46,  1.70it/s, loss=2.5569]
train 13:   3%|â–Ž         | 27/919 [00:16<08:46,  1.70it/s, loss=2.5569]
train 13:   3%|â–Ž         | 27/919 [00:16<08:46,  1.70it/s, loss=2.5166]
train 13:   3%|â–Ž         | 28/919 [00:16<08:45,  1.70it/s, loss=2.5166]
train 13:   3%|â–Ž         | 28/919 [00:17<08:45,  1.70it/s, loss=2.5192]
train 13:   3%|â–Ž         | 29/919 [00:17<08:45,  1.69it/s, loss=2.5192]
train 13:   3%|â–Ž         | 29/919 [00:17<08:45,  1.69it/s, loss=2.4988]
train 13:   3%|â–Ž         | 30/919 [00:17<08:45,  1.69it/s, loss=2.4988]
                                                                       
[PROFILE batch=0]
  data_time      =0.3412s
  to_device_time =0.0022s
  forward_time   =0.3024s
  loss_time      =0.0013s
  backward_time  =0.2890s
  optimizer_time =0.0059s
  batch_time     =0.6016s
  cuda_allocated_gb    =0.125
  cuda_reserved_gb     =9.008
  cuda_max_allocated_gb=7.792
[PROFILE batch=1]
  data_time      =0.0004s
  to_device_time =0.0022s
  forward_time   =0.2982s
  loss_time      =0.0022s
  backward_time  =0.2837s
  optimizer_time =0.0063s
  batch_time     =0.5931s
  cuda_allocated_gb    =0.125
  cuda_reserved_gb     =9.008
  cuda_max_allocated_gb=7.792
[PROFILE batch=2]
  data_time      =0.0005s
  to_device_time =0.0022s
  forward_time   =0.2979s
  loss_time      =0.0020s
  backward_time  =0.2816s
  optimizer_time =0.0060s
  batch_time     =0.5902s
  cuda_allocated_gb    =0.125
  cuda_reserved_gb     =9.008
  cuda_max_allocated_gb=7.792
[PROFILE batch=3]
  data_time      =0.0005s
  to_device_time =0.0022s
  forward_time   =0.2958s
  loss_time      =0.0021s
  backward_time  =0.2813s
  optimizer_time =0.0062s
  batch_time     =0.5880s
  cuda_allocated_gb    =0.125
  cuda_reserved_gb     =9.008
  cuda_max_allocated_gb=7.792
[PROFILE batch=4]
  data_time      =0.0005s
  to_device_time =0.0022s
  forward_time   =0.2962s
  loss_time      =0.0021s
  backward_time  =0.2817s
  optimizer_time =0.0064s
  batch_time     =0.5891s
  cuda_allocated_gb    =0.125
  cuda_reserved_gb     =9.008
  cuda_max_allocated_gb=7.792
[PROFILE batch=5]
  data_time      =0.0005s
  to_device_time =0.0022s
  forward_time   =0.2966s
  loss_time      =0.0021s
  backward_time  =0.2816s
  optimizer_time =0.0066s
  batch_time     =0.5896s
  cuda_allocated_gb    =0.125
  cuda_reserved_gb     =9.008
  cuda_max_allocated_gb=7.792
[PROFILE batch=6]
  data_time      =0.0005s
  to_device_time =0.0021s
  forward_time   =0.2961s
  loss_time      =0.0021s
  backward_time  =0.2815s
  optimizer_time =0.0063s
  batch_time     =0.5886s
  cuda_allocated_gb    =0.125
  cuda_reserved_gb     =9.008
  cuda_max_allocated_gb=7.792
[PROFILE batch=7]
  data_time      =0.0005s
  to_device_time =0.0021s
  forward_time   =0.2952s
  loss_time      =0.0021s
  backward_time  =0.2817s
  optimizer_time =0.0065s
  batch_time     =0.5882s
  cuda_allocated_gb    =0.125
  cuda_reserved_gb     =9.008
  cuda_max_allocated_gb=7.792
[PROFILE batch=8]
  data_time      =0.0005s
  to_device_time =0.0022s
  forward_time   =0.2968s
  loss_time      =0.0021s
  backward_time  =0.2820s
  optimizer_time =0.0061s
  batch_time     =0.5897s
  cuda_allocated_gb    =0.125
  cuda_reserved_gb     =9.008
  cuda_max_allocated_gb=7.792
[PROFILE batch=9]
  data_time      =0.0005s
  to_device_time =0.0022s
  forward_time   =0.2989s
  loss_time      =0.0024s
  backward_time  =0.2838s
  optimizer_time =0.0060s
  batch_time     =0.5937s
  cuda_allocated_gb    =0.125
  cuda_reserved_gb     =9.008
  cuda_max_allocated_gb=7.792
[PROFILE batch=10]
  data_time      =0.0005s
  to_device_time =0.0022s
  forward_time   =0.2943s
  loss_time      =0.0022s
  backward_time  =0.2834s
  optimizer_time =0.0067s
  batch_time     =0.5893s
  cuda_allocated_gb    =0.125
  cuda_reserved_gb     =9.008
  cuda_max_allocated_gb=7.792
[PROFILE batch=11]
  data_time      =0.0005s
  to_device_time =0.0022s
  forward_time   =0.2974s
  loss_time      =0.0023s
  backward_time  =0.2829s
  optimizer_time =0.0060s
  batch_time     =0.5913s
  cuda_allocated_gb    =0.125
  cuda_reserved_gb     =9.008
  cuda_max_allocated_gb=7.792
[PROFILE batch=12]
  data_time      =0.0006s
  to_device_time =0.0022s
  forward_time   =0.2996s
  loss_time      =0.0021s
  backward_time  =0.2891s
  optimizer_time =0.0062s
  batch_time     =0.5998s
  cuda_allocated_gb    =0.125
  cuda_reserved_gb     =9.008
  cuda_max_allocated_gb=7.792
[PROFILE batch=13]
  data_time      =0.0005s
  to_device_time =0.0022s
  forward_time   =0.2967s
  loss_time      =0.0022s
  backward_time  =0.2831s
  optimizer_time =0.0059s
  batch_time     =0.5906s
  cuda_allocated_gb    =0.125
  cuda_reserved_gb     =9.008
  cuda_max_allocated_gb=7.792
[PROFILE batch=14]
  data_time      =0.0005s
  to_device_time =0.0021s
  forward_time   =0.2969s
  loss_time      =0.0021s
  backward_time  =0.2825s
  optimizer_time =0.0066s
  batch_time     =0.5907s
  cuda_allocated_gb    =0.125
  cuda_reserved_gb     =9.008
  cuda_max_allocated_gb=7.792
[PROFILE batch=15]
  data_time      =0.0006s
  to_device_time =0.0014s
  forward_time   =0.1928s
  loss_time      =0.0022s
  backward_time  =0.1751s
  optimizer_time =0.0057s
  batch_time     =0.3776s
  cuda_allocated_gb    =0.094
  cuda_reserved_gb     =9.008
  cuda_max_allocated_gb=7.792
[PROFILE batch=16]
  data_time      =0.0005s
  to_device_time =0.0021s
  forward_time   =0.2967s
  loss_time      =0.0022s
  backward_time  =0.2822s
  optimizer_time =0.0063s
  batch_time     =0.5900s
  cuda_allocated_gb    =0.125
  cuda_reserved_gb     =9.008
  cuda_max_allocated_gb=7.792
[PROFILE batch=17]
  data_time      =0.0006s
  to_device_time =0.0021s
  forward_time   =0.2988s
  loss_time      =0.0022s
  backward_time  =0.2822s
  optimizer_time =0.0069s
  batch_time     =0.5927s
  cuda_allocated_gb    =0.125
  cuda_reserved_gb     =9.008
  cuda_max_allocated_gb=7.792
[PROFILE batch=18]
  data_time      =0.0006s
  to_device_time =0.0021s
  forward_time   =0.3011s
  loss_time      =0.0047s
  backward_time  =0.2891s
  optimizer_time =0.0063s
  batch_time     =0.6040s
  cuda_allocated_gb    =0.125
  cuda_reserved_gb     =9.008
  cuda_max_allocated_gb=7.792
[PROFILE batch=19]
  data_time      =0.0005s
  to_device_time =0.0022s
  forward_time   =0.2960s
  loss_time      =0.0023s
  backward_time  =0.2829s
  optimizer_time =0.0068s
  batch_time     =0.5907s
  cuda_allocated_gb    =0.125
  cuda_reserved_gb     =9.008
  cuda_max_allocated_gb=7.792

[PROFILE average first 20 batches (recorded=20)]
  avg_data_time      =0.0175s
  avg_to_device_time =0.0021s
  avg_forward_time   =0.2922s
  avg_loss_time      =0.0023s
  avg_backward_time  =0.2780s
  avg_optimizer_time =0.0063s
  avg_batch_time     =0.5814s
  estimated_full_epoch_minutes=8.91

val:   0%|          | 0/113 [00:00<?, ?it/s]/usr/local/lib/python3.12/dist-packages/torch/autograd/function.py:583: UserWarning: Was asked to gather along dimension 0, but all input tensors were scalars; will instead unsqueeze and return a vector.
  return super().apply(*args, **kwargs)  # type: ignore[misc]

val:   1%|          | 1/113 [00:00<00:47,  2.38it/s]
val:   2%|â–         | 2/113 [00:00<00:37,  2.94it/s]
val:   3%|â–Ž         | 3/113 [00:00<00:34,  3.16it/s]
val:   4%|â–Ž         | 4/113 [00:01<00:33,  3.25it/s]
val:   4%|â–         | 5/113 [00:01<00:32,  3.30it/s]
val:   5%|â–Œ         | 6/113 [00:01<00:31,  3.35it/s]
val:   6%|â–Œ         | 7/113 [00:02<00:31,  3.38it/s]
val:   7%|â–‹         | 8/113 [00:02<00:30,  3.41it/s]
val:   8%|â–Š         | 9/113 [00:02<00:30,  3.42it/s]
val:   9%|â–‰         | 10/113 [00:03<00:30,  3.43it/s]
                                                     
Epoch 013/015 | loss=2.5348 acc=0.1224 macro_f1=0.1112 | val_loss=2.5331 val_acc=0.2437 val_macro_f1=0.0560 | ckpt_monitor=val_macro_f1:0.0560 best_val_macro_f1=0.0716 best_epoch=1 early_val_macro_f1=0.0716 sec/batch=0.598s
          val pred_count: [0, 0, 0, 320, 0, 0, 0]
          no improvement: 12/12
Early stopping after 12 stale epochs
Training done best_epoch=1 best_metric=0.071567
Logged d12a_stable_ce_first_fastio_safe to reports/d11_experiments_log.csv