/kaggle/working/sgu-2026-fer13-graph/training/trainer.py:222: FutureWarning: `torch.cuda.amp.GradScaler(args...)` is deprecated. Please use `torch.amp.GradScaler('cuda', args...)` instead.
  self.scaler = torch.cuda.amp.GradScaler(
[FullGraphDataset train]
chunk_cache_size=4
num_chunks=58
num_samples=28709
[FullGraphDataset train] chunk cache enabled (max_chunks=4)
[ChunkAwareSampler] enabled=True
num_chunks=58
batch_size=64
batches_per_epoch=460
shuffle_chunks=True
shuffle_within_chunk=True
[DataLoader split=train] num_samples=28709 batch_size=64 num_workers=2 pin_memory=True persistent_workers=True prefetch_factor=2 chunk_cache_size=4 chunk_aware_sampler=True shuffle_chunks=True shuffle_within_chunk=True batches_per_epoch=460
[FullGraphDataset val]
chunk_cache_size=4
num_chunks=8
num_samples=3589
[FullGraphDataset val] chunk cache enabled (max_chunks=4)
[DataLoader split=val] num_samples=3589 batch_size=64 num_workers=2 pin_memory=True persistent_workers=True prefetch_factor=2 chunk_cache_size=4 chunk_aware_sampler=False shuffle_chunks=n/a shuffle_within_chunk=n/a batches_per_epoch=57
--- torch version: 2.10.0+cu128
--- cuda available: True
--- cuda device count: 2
--- selected device: cuda:0
--- gpu name: Tesla T4
--- current cuda device: 0
[Output] run_dir=/kaggle/working/outputs/d12_fastio_benchmark_safe
[Multi-GPU] DataParallel enabled: 2 GPUs
  GPU 0: Tesla T4
  GPU 1: Tesla T4
[AMP] amp_enabled=True init_scale=65536.0
trainer device: cuda:0
model first parameter device: cuda:0
[Scheduler] type=LambdaLR monitor=epoch mode=n/a
[Checkpoint] save_best_metric=val_macro_f1 mode=max
[EarlyStopping] monitor=val_macro_f1 mode=max

train 1:   0%|          | 0/460 [00:00<?, ?it/s]/usr/local/lib/python3.12/dist-packages/torch/autograd/function.py:583: UserWarning: Was asked to gather along dimension 0, but all input tensors were scalars; will instead unsqueeze and return a vector.
  return super().apply(*args, **kwargs)  # type: ignore[misc]

train 1:   0%|          | 0/460 [00:04<?, ?it/s, loss=2.5657]
train 1:   0%|          | 1/460 [00:04<38:04,  4.98s/it, loss=2.5657]
train 1:   0%|          | 1/460 [00:05<38:04,  4.98s/it, loss=2.5511]
train 1:   0%|          | 2/460 [00:05<18:45,  2.46s/it, loss=2.5511]
train 1:   0%|          | 2/460 [00:06<18:45,  2.46s/it, loss=2.5319]
train 1:   1%|          | 3/460 [00:06<12:34,  1.65s/it, loss=2.5319]
train 1:   1%|          | 3/460 [00:07<12:34,  1.65s/it, loss=2.5160]
train 1:   1%|          | 4/460 [00:07<09:40,  1.27s/it, loss=2.5160]
train 1:   1%|          | 4/460 [00:07<09:40,  1.27s/it, loss=2.5866]
train 1:   1%|          | 5/460 [00:07<08:04,  1.06s/it, loss=2.5866]
train 1:   1%|          | 5/460 [00:08<08:04,  1.06s/it, loss=2.5377]
train 1:   1%|â–         | 6/460 [00:08<07:06,  1.06it/s, loss=2.5377]
train 1:   1%|â–         | 6/460 [00:09<07:06,  1.06it/s, loss=2.5529]
train 1:   2%|â–         | 7/460 [00:09<06:29,  1.16it/s, loss=2.5529]
train 1:   2%|â–         | 7/460 [00:09<06:29,  1.16it/s, loss=2.5098]
train 1:   2%|â–         | 8/460 [00:09<05:47,  1.30it/s, loss=2.5098]
train 1:   2%|â–         | 8/460 [00:10<05:47,  1.30it/s, loss=2.5310]
train 1:   2%|â–         | 9/460 [00:10<05:36,  1.34it/s, loss=2.5310]
train 1:   2%|â–         | 9/460 [00:11<05:36,  1.34it/s, loss=2.5372]
train 1:   2%|â–         | 10/460 [00:11<05:28,  1.37it/s, loss=2.5372]
train 1:   2%|â–         | 10/460 [00:11<05:28,  1.37it/s, loss=2.5629]
train 1:   2%|â–         | 11/460 [00:11<05:23,  1.39it/s, loss=2.5629]
train 1:   2%|â–         | 11/460 [00:12<05:23,  1.39it/s, loss=2.5637]
train 1:   3%|â–Ž         | 12/460 [00:12<05:20,  1.40it/s, loss=2.5637]
train 1:   3%|â–Ž         | 12/460 [00:13<05:20,  1.40it/s, loss=2.5502]
train 1:   3%|â–Ž         | 13/460 [00:13<05:16,  1.41it/s, loss=2.5502]
train 1:   3%|â–Ž         | 13/460 [00:13<05:16,  1.41it/s, loss=2.5423]
train 1:   3%|â–Ž         | 14/460 [00:13<05:14,  1.42it/s, loss=2.5423]
train 1:   3%|â–Ž         | 14/460 [00:14<05:14,  1.42it/s, loss=2.5222]
train 1:   3%|â–Ž         | 15/460 [00:14<05:12,  1.42it/s, loss=2.5222]
train 1:   3%|â–Ž         | 15/460 [00:15<05:12,  1.42it/s, loss=2.5342]
train 1:   3%|â–Ž         | 16/460 [00:15<04:54,  1.51it/s, loss=2.5342]
train 1:   3%|â–Ž         | 16/460 [00:15<04:54,  1.51it/s, loss=2.5507]
train 1:   4%|â–Ž         | 17/460 [00:15<04:58,  1.49it/s, loss=2.5507]
train 1:   4%|â–Ž         | 17/460 [00:16<04:58,  1.49it/s, loss=2.5445]
train 1:   4%|â–         | 18/460 [00:16<05:02,  1.46it/s, loss=2.5445]
train 1:   4%|â–         | 18/460 [00:17<05:02,  1.46it/s, loss=2.5495]
train 1:   4%|â–         | 19/460 [00:17<05:02,  1.46it/s, loss=2.5495]
train 1:   4%|â–         | 19/460 [00:17<05:02,  1.46it/s, loss=2.5293]
train 1:   4%|â–         | 20/460 [00:17<05:04,  1.45it/s, loss=2.5293]
train 1:   4%|â–         | 20/460 [00:18<05:04,  1.45it/s, loss=2.5587]
train 1:   5%|â–         | 21/460 [00:18<05:04,  1.44it/s, loss=2.5587]
train 1:   5%|â–         | 21/460 [00:19<05:04,  1.44it/s, loss=2.5342]
train 1:   5%|â–         | 22/460 [00:19<05:05,  1.44it/s, loss=2.5342]
train 1:   5%|â–         | 22/460 [00:20<05:05,  1.44it/s, loss=2.5504]
train 1:   5%|â–Œ         | 23/460 [00:20<05:04,  1.44it/s, loss=2.5504]
train 1:   5%|â–Œ         | 23/460 [00:20<05:04,  1.44it/s, loss=2.5452]
train 1:   5%|â–Œ         | 24/460 [00:20<04:47,  1.52it/s, loss=2.5452]
train 1:   5%|â–Œ         | 24/460 [00:21<04:47,  1.52it/s, loss=2.5217]
train 1:   5%|â–Œ         | 25/460 [00:21<04:51,  1.49it/s, loss=2.5217]
train 1:   5%|â–Œ         | 25/460 [00:22<04:51,  1.49it/s, loss=2.5534]
train 1:   6%|â–Œ         | 26/460 [00:22<04:55,  1.47it/s, loss=2.5534]
train 1:   6%|â–Œ         | 26/460 [00:22<04:55,  1.47it/s, loss=2.5364]
train 1:   6%|â–Œ         | 27/460 [00:22<04:57,  1.46it/s, loss=2.5364]
train 1:   6%|â–Œ         | 27/460 [00:23<04:57,  1.46it/s, loss=2.5330]
train 1:   6%|â–Œ         | 28/460 [00:23<04:58,  1.45it/s, loss=2.5330]
train 1:   6%|â–Œ         | 28/460 [00:24<04:58,  1.45it/s, loss=2.5419]
train 1:   6%|â–‹         | 29/460 [00:24<04:59,  1.44it/s, loss=2.5419]
train 1:   6%|â–‹         | 29/460 [00:24<04:59,  1.44it/s, loss=2.5342]
train 1:   7%|â–‹         | 30/460 [00:24<04:58,  1.44it/s, loss=2.5342]
                                                                      
[SPEED_BENCH] first_batch_x_shape=[64, 2304, 7]
[SPEED_BENCH] first_batch_edge_attr_shape=[64, 17860, 5]
[SPEED_BENCH] bs_mismatch=False  (x.shape[0]=64, expected=64 âœ“)
train tensor devices: x=cuda:0 edge_index=cuda:0 edge_attr=cuda:0 y=cuda:0 logits=cuda:0 loss=cuda:0
[PROFILE batch=0]
  data_time      =0.4737s
  to_device_time =0.0059s
  forward_time   =3.4175s
  loss_time      =0.1749s
  backward_time  =0.5123s
  optimizer_time =0.3211s
  batch_time     =4.4331s
  cuda_allocated_gb    =0.190
  cuda_reserved_gb     =11.275
  cuda_max_allocated_gb=9.582
[PROFILE batch=1]
  data_time      =0.0006s
  to_device_time =0.0041s
  forward_time   =0.3816s
  loss_time      =0.0023s
  backward_time  =0.2939s
  optimizer_time =0.0065s
  batch_time     =0.6890s
  cuda_allocated_gb    =0.207
  cuda_reserved_gb     =11.283
  cuda_max_allocated_gb=9.720
[PROFILE batch=2]
  data_time      =0.0005s
  to_device_time =0.0041s
  forward_time   =0.3837s
  loss_time      =0.0021s
  backward_time  =0.2928s
  optimizer_time =0.0061s
  batch_time     =0.6893s
  cuda_allocated_gb    =0.207
  cuda_reserved_gb     =11.285
  cuda_max_allocated_gb=9.722
[PROFILE batch=3]
  data_time      =0.0006s
  to_device_time =0.0041s
  forward_time   =0.3833s
  loss_time      =0.0024s
  backward_time  =0.2927s
  optimizer_time =0.0062s
  batch_time     =0.6892s
  cuda_allocated_gb    =0.206
  cuda_reserved_gb     =11.285
  cuda_max_allocated_gb=9.722
[PROFILE batch=4]
  data_time      =0.0006s
  to_device_time =0.0042s
  forward_time   =0.3873s
  loss_time      =0.0023s
  backward_time  =0.2923s
  optimizer_time =0.0063s
  batch_time     =0.6931s
  cuda_allocated_gb    =0.206
  cuda_reserved_gb     =11.285
  cuda_max_allocated_gb=9.722
[PROFILE batch=5]
  data_time      =0.0005s
  to_device_time =0.0042s
  forward_time   =0.3879s
  loss_time      =0.0023s
  backward_time  =0.2925s
  optimizer_time =0.0059s
  batch_time     =0.6934s
  cuda_allocated_gb    =0.207
  cuda_reserved_gb     =11.285
  cuda_max_allocated_gb=9.722
[PROFILE batch=6]
  data_time      =0.0005s
  to_device_time =0.0042s
  forward_time   =0.3842s
  loss_time      =0.0023s
  backward_time  =0.2927s
  optimizer_time =0.0063s
  batch_time     =0.6901s
  cuda_allocated_gb    =0.207
  cuda_reserved_gb     =11.285
  cuda_max_allocated_gb=9.722
[PROFILE batch=7]
  data_time      =0.0006s
  to_device_time =0.0034s
  forward_time   =0.3132s
  loss_time      =0.0023s
  backward_time  =0.2485s
  optimizer_time =0.0062s
  batch_time     =0.5740s
  cuda_allocated_gb    =0.175
  cuda_reserved_gb     =11.285
  cuda_max_allocated_gb=9.722
[PROFILE batch=8]
  data_time      =0.0005s
  to_device_time =0.0042s
  forward_time   =0.3867s
  loss_time      =0.0023s
  backward_time  =0.2932s
  optimizer_time =0.0064s
  batch_time     =0.6932s
  cuda_allocated_gb    =0.206
  cuda_reserved_gb     =11.285
  cuda_max_allocated_gb=9.722
[PROFILE batch=9]
  data_time      =0.0005s
  to_device_time =0.0041s
  forward_time   =0.3845s
  loss_time      =0.0023s
  backward_time  =0.2935s
  optimizer_time =0.0072s
  batch_time     =0.6921s
  cuda_allocated_gb    =0.206
  cuda_reserved_gb     =11.285
  cuda_max_allocated_gb=9.722
[PROFILE batch=10]
  data_time      =0.0005s
  to_device_time =0.0041s
  forward_time   =0.3844s
  loss_time      =0.0023s
  backward_time  =0.2994s
  optimizer_time =0.0065s
  batch_time     =0.6972s
  cuda_allocated_gb    =0.207
  cuda_reserved_gb     =11.285
  cuda_max_allocated_gb=9.722
[PROFILE batch=11]
  data_time      =0.0005s
  to_device_time =0.0041s
  forward_time   =0.3862s
  loss_time      =0.0038s
  backward_time  =0.2960s
  optimizer_time =0.0072s
  batch_time     =0.6980s
  cuda_allocated_gb    =0.206
  cuda_reserved_gb     =11.285
  cuda_max_allocated_gb=9.722
[PROFILE batch=12]
  data_time      =0.0007s
  to_device_time =0.0041s
  forward_time   =0.3841s
  loss_time      =0.0025s
  backward_time  =0.2929s
  optimizer_time =0.0073s
  batch_time     =0.6914s
  cuda_allocated_gb    =0.206
  cuda_reserved_gb     =11.285
  cuda_max_allocated_gb=9.722
[PROFILE batch=13]
  data_time      =0.0006s
  to_device_time =0.0041s
  forward_time   =0.3851s
  loss_time      =0.0023s
  backward_time  =0.2937s
  optimizer_time =0.0061s
  batch_time     =0.6918s
  cuda_allocated_gb    =0.206
  cuda_reserved_gb     =11.285
  cuda_max_allocated_gb=9.722
[PROFILE batch=14]
  data_time      =0.0006s
  to_device_time =0.0041s
  forward_time   =0.3852s
  loss_time      =0.0024s
  backward_time  =0.2933s
  optimizer_time =0.0063s
  batch_time     =0.6917s
  cuda_allocated_gb    =0.206
  cuda_reserved_gb     =11.285
  cuda_max_allocated_gb=9.722
[PROFILE batch=15]
  data_time      =0.0005s
  to_device_time =0.0034s
  forward_time   =0.3132s
  loss_time      =0.0023s
  backward_time  =0.2431s
  optimizer_time =0.0066s
  batch_time     =0.5691s
  cuda_allocated_gb    =0.176
  cuda_reserved_gb     =11.285
  cuda_max_allocated_gb=9.722
[PROFILE batch=16]
  data_time      =0.0006s
  to_device_time =0.0041s
  forward_time   =0.3856s
  loss_time      =0.0026s
  backward_time  =0.2929s
  optimizer_time =0.0081s
  batch_time     =0.6938s
  cuda_allocated_gb    =0.206
  cuda_reserved_gb     =11.285
  cuda_max_allocated_gb=9.722
[PROFILE batch=17]
  data_time      =0.0005s
  to_device_time =0.0042s
  forward_time   =0.3966s
  loss_time      =0.0024s
  backward_time  =0.2929s
  optimizer_time =0.0068s
  batch_time     =0.7035s
  cuda_allocated_gb    =0.207
  cuda_reserved_gb     =11.285
  cuda_max_allocated_gb=9.722
[PROFILE batch=18]
  data_time      =0.0005s
  to_device_time =0.0042s
  forward_time   =0.3845s
  loss_time      =0.0024s
  backward_time  =0.2928s
  optimizer_time =0.0069s
  batch_time     =0.6912s
  cuda_allocated_gb    =0.207
  cuda_reserved_gb     =11.285
  cuda_max_allocated_gb=9.724
[PROFILE batch=19]
  data_time      =0.0005s
  to_device_time =0.0041s
  forward_time   =0.3908s
  loss_time      =0.0026s
  backward_time  =0.2934s
  optimizer_time =0.0075s
  batch_time     =0.6990s
  cuda_allocated_gb    =0.207
  cuda_reserved_gb     =11.285
  cuda_max_allocated_gb=9.724

[PROFILE average first 20 batches (recorded=20)]
  avg_data_time      =0.0242s
  avg_to_device_time =0.0042s
  avg_forward_time   =0.5303s
  avg_loss_time      =0.0111s
  avg_backward_time  =0.2997s
  avg_optimizer_time =0.0224s
  avg_batch_time     =0.8682s
  estimated_full_epoch_minutes=6.66

val:   0%|          | 0/57 [00:00<?, ?it/s]/usr/local/lib/python3.12/dist-packages/torch/autograd/function.py:583: UserWarning: Was asked to gather along dimension 0, but all input tensors were scalars; will instead unsqueeze and return a vector.
  return super().apply(*args, **kwargs)  # type: ignore[misc]

val:   2%|â–         | 1/57 [00:00<00:51,  1.09it/s]
val:   4%|â–Ž         | 2/57 [00:01<00:32,  1.67it/s]
val:   5%|â–Œ         | 3/57 [00:01<00:26,  2.01it/s]
val:   7%|â–‹         | 4/57 [00:02<00:23,  2.21it/s]
val:   9%|â–‰         | 5/57 [00:02<00:22,  2.33it/s]
val:  11%|â–ˆ         | 6/57 [00:02<00:21,  2.41it/s]
val:  12%|â–ˆâ–        | 7/57 [00:03<00:20,  2.48it/s]
val:  14%|â–ˆâ–        | 8/57 [00:03<00:19,  2.54it/s]
val:  16%|â–ˆâ–Œ        | 9/57 [00:03<00:18,  2.57it/s]
val:  18%|â–ˆâ–Š        | 10/57 [00:04<00:18,  2.60it/s]
                                                    
Epoch 001/015 | loss=2.5426 acc=0.1428 macro_f1=0.1332 | val_loss=2.5331 val_acc=0.1250 val_macro_f1=0.0763 | ckpt_monitor=val_macro_f1:0.0763 best_val_macro_f1=0.0763 best_epoch=1 early_val_macro_f1=0.0763 sec/batch=0.829s
          val pred_count: [327, 153, 60, 11, 87, 2, 0]
          checkpoint improvement: best_epoch=1
          early stopping monitor improved

train 2:   0%|          | 0/460 [00:00<?, ?it/s]/usr/local/lib/python3.12/dist-packages/torch/autograd/function.py:583: UserWarning: Was asked to gather along dimension 0, but all input tensors were scalars; will instead unsqueeze and return a vector.
  return super().apply(*args, **kwargs)  # type: ignore[misc]

train 2:   0%|          | 0/460 [00:01<?, ?it/s, loss=2.5383]
train 2:   0%|          | 1/460 [00:01<08:05,  1.06s/it, loss=2.5383]
train 2:   0%|          | 1/460 [00:01<08:05,  1.06s/it, loss=2.5304]
train 2:   0%|          | 2/460 [00:01<06:28,  1.18it/s, loss=2.5304]
train 2:   0%|          | 2/460 [00:02<06:28,  1.18it/s, loss=2.5318]
train 2:   1%|          | 3/460 [00:02<05:57,  1.28it/s, loss=2.5318]
train 2:   1%|          | 3/460 [00:03<05:57,  1.28it/s, loss=2.5140]
train 2:   1%|          | 4/460 [00:03<05:42,  1.33it/s, loss=2.5140]
train 2:   1%|          | 4/460 [00:03<05:42,  1.33it/s, loss=2.5441]
train 2:   1%|          | 5/460 [00:03<05:34,  1.36it/s, loss=2.5441]
train 2:   1%|          | 5/460 [00:04<05:34,  1.36it/s, loss=2.5431]
train 2:   1%|â–         | 6/460 [00:04<05:28,  1.38it/s, loss=2.5431]
train 2:   1%|â–         | 6/460 [00:05<05:28,  1.38it/s, loss=2.5499]
train 2:   2%|â–         | 7/460 [00:05<05:24,  1.40it/s, loss=2.5499]
train 2:   2%|â–         | 7/460 [00:05<05:24,  1.40it/s, loss=2.5242]
train 2:   2%|â–         | 8/460 [00:05<05:04,  1.49it/s, loss=2.5242]
train 2:   2%|â–         | 8/460 [00:06<05:04,  1.49it/s, loss=2.5158]
train 2:   2%|â–         | 9/460 [00:06<05:07,  1.47it/s, loss=2.5158]
train 2:   2%|â–         | 9/460 [00:07<05:07,  1.47it/s, loss=2.5261]
train 2:   2%|â–         | 10/460 [00:07<05:09,  1.45it/s, loss=2.5261]
train 2:   2%|â–         | 10/460 [00:07<05:09,  1.45it/s, loss=2.5260]
train 2:   2%|â–         | 11/460 [00:07<05:11,  1.44it/s, loss=2.5260]
train 2:   2%|â–         | 11/460 [00:08<05:11,  1.44it/s, loss=2.5354]
train 2:   3%|â–Ž         | 12/460 [00:08<05:12,  1.43it/s, loss=2.5354]
train 2:   3%|â–Ž         | 12/460 [00:09<05:12,  1.43it/s, loss=2.5449]
train 2:   3%|â–Ž         | 13/460 [00:09<05:13,  1.43it/s, loss=2.5449]
train 2:   3%|â–Ž         | 13/460 [00:10<05:13,  1.43it/s, loss=2.5523]
train 2:   3%|â–Ž         | 14/460 [00:10<05:12,  1.42it/s, loss=2.5523]
train 2:   3%|â–Ž         | 14/460 [00:10<05:12,  1.42it/s, loss=2.5673]
train 2:   3%|â–Ž         | 15/460 [00:10<05:12,  1.42it/s, loss=2.5673]
train 2:   3%|â–Ž         | 15/460 [00:11<05:12,  1.42it/s, loss=2.5430]
train 2:   3%|â–Ž         | 16/460 [00:11<04:55,  1.50it/s, loss=2.5430]
train 2:   3%|â–Ž         | 16/460 [00:12<04:55,  1.50it/s, loss=2.5504]
train 2:   4%|â–Ž         | 17/460 [00:12<05:00,  1.47it/s, loss=2.5504]
train 2:   4%|â–Ž         | 17/460 [00:12<05:00,  1.47it/s, loss=2.5149]
train 2:   4%|â–         | 18/460 [00:12<05:03,  1.46it/s, loss=2.5149]
train 2:   4%|â–         | 18/460 [00:13<05:03,  1.46it/s, loss=2.5330]
train 2:   4%|â–         | 19/460 [00:13<05:04,  1.45it/s, loss=2.5330]
train 2:   4%|â–         | 19/460 [00:14<05:04,  1.45it/s, loss=2.5613]
train 2:   4%|â–         | 20/460 [00:14<05:06,  1.44it/s, loss=2.5613]
train 2:   4%|â–         | 20/460 [00:14<05:06,  1.44it/s, loss=2.5397]
train 2:   5%|â–         | 21/460 [00:14<05:06,  1.43it/s, loss=2.5397]
train 2:   5%|â–         | 21/460 [00:15<05:06,  1.43it/s, loss=2.5464]
train 2:   5%|â–         | 22/460 [00:15<05:05,  1.43it/s, loss=2.5464]
train 2:   5%|â–         | 22/460 [00:16<05:05,  1.43it/s, loss=2.5466]
train 2:   5%|â–Œ         | 23/460 [00:16<05:05,  1.43it/s, loss=2.5466]
train 2:   5%|â–Œ         | 23/460 [00:16<05:05,  1.43it/s, loss=2.5106]
train 2:   5%|â–Œ         | 24/460 [00:16<04:48,  1.51it/s, loss=2.5106]
train 2:   5%|â–Œ         | 24/460 [00:17<04:48,  1.51it/s, loss=2.5203]
train 2:   5%|â–Œ         | 25/460 [00:17<04:53,  1.48it/s, loss=2.5203]
train 2:   5%|â–Œ         | 25/460 [00:18<04:53,  1.48it/s, loss=2.5522]
train 2:   6%|â–Œ         | 26/460 [00:18<04:56,  1.46it/s, loss=2.5522]
train 2:   6%|â–Œ         | 26/460 [00:18<04:56,  1.46it/s, loss=2.5391]
train 2:   6%|â–Œ         | 27/460 [00:18<04:57,  1.45it/s, loss=2.5391]
train 2:   6%|â–Œ         | 27/460 [00:19<04:57,  1.45it/s, loss=2.5279]
train 2:   6%|â–Œ         | 28/460 [00:19<04:58,  1.45it/s, loss=2.5279]
train 2:   6%|â–Œ         | 28/460 [00:20<04:58,  1.45it/s, loss=2.5351]
train 2:   6%|â–‹         | 29/460 [00:20<04:59,  1.44it/s, loss=2.5351]
train 2:   6%|â–‹         | 29/460 [00:21<04:59,  1.44it/s, loss=2.5343]
train 2:   7%|â–‹         | 30/460 [00:21<04:59,  1.44it/s, loss=2.5343]
                                                                      
[PROFILE batch=0]
  data_time      =0.1672s
  to_device_time =0.0043s
  forward_time   =0.5771s
  loss_time      =0.0014s
  backward_time  =0.2964s
  optimizer_time =0.0074s
  batch_time     =0.8880s
  cuda_allocated_gb    =0.207
  cuda_reserved_gb     =11.285
  cuda_max_allocated_gb=9.724
[PROFILE batch=1]
  data_time      =0.0005s
  to_device_time =0.0041s
  forward_time   =0.3903s
  loss_time      =0.0021s
  backward_time  =0.2937s
  optimizer_time =0.0062s
  batch_time     =0.6969s
  cuda_allocated_gb    =0.206
  cuda_reserved_gb     =11.285
  cuda_max_allocated_gb=9.724
[PROFILE batch=2]
  data_time      =0.0005s
  to_device_time =0.0042s
  forward_time   =0.3930s
  loss_time      =0.0023s
  backward_time  =0.2938s
  optimizer_time =0.0072s
  batch_time     =0.7010s
  cuda_allocated_gb    =0.207
  cuda_reserved_gb     =11.285
  cuda_max_allocated_gb=9.724
[PROFILE batch=3]
  data_time      =0.0005s
  to_device_time =0.0042s
  forward_time   =0.3917s
  loss_time      =0.0024s
  backward_time  =0.2947s
  optimizer_time =0.0061s
  batch_time     =0.6998s
  cuda_allocated_gb    =0.206
  cuda_reserved_gb     =11.285
  cuda_max_allocated_gb=9.724
[PROFILE batch=4]
  data_time      =0.0008s
  to_device_time =0.0042s
  forward_time   =0.3955s
  loss_time      =0.0022s
  backward_time  =0.2945s
  optimizer_time =0.0064s
  batch_time     =0.7035s
  cuda_allocated_gb    =0.206
  cuda_reserved_gb     =11.285
  cuda_max_allocated_gb=9.724
[PROFILE batch=5]
  data_time      =0.0006s
  to_device_time =0.0041s
  forward_time   =0.3909s
  loss_time      =0.0023s
  backward_time  =0.2957s
  optimizer_time =0.0062s
  batch_time     =0.6997s
  cuda_allocated_gb    =0.206
  cuda_reserved_gb     =11.285
  cuda_max_allocated_gb=9.724
[PROFILE batch=6]
  data_time      =0.0005s
  to_device_time =0.0041s
  forward_time   =0.3903s
  loss_time      =0.0024s
  backward_time  =0.2938s
  optimizer_time =0.0068s
  batch_time     =0.6978s
  cuda_allocated_gb    =0.206
  cuda_reserved_gb     =11.285
  cuda_max_allocated_gb=9.724
[PROFILE batch=7]
  data_time      =0.0005s
  to_device_time =0.0034s
  forward_time   =0.3202s
  loss_time      =0.0023s
  backward_time  =0.2447s
  optimizer_time =0.0062s
  batch_time     =0.5776s
  cuda_allocated_gb    =0.176
  cuda_reserved_gb     =11.285
  cuda_max_allocated_gb=9.724
[PROFILE batch=8]
  data_time      =0.0005s
  to_device_time =0.0041s
  forward_time   =0.3913s
  loss_time      =0.0023s
  backward_time  =0.2944s
  optimizer_time =0.0063s
  batch_time     =0.6988s
  cuda_allocated_gb    =0.206
  cuda_reserved_gb     =11.285
  cuda_max_allocated_gb=9.724
[PROFILE batch=9]
  data_time      =0.0006s
  to_device_time =0.0041s
  forward_time   =0.3924s
  loss_time      =0.0023s
  backward_time  =0.2947s
  optimizer_time =0.0065s
  batch_time     =0.7005s
  cuda_allocated_gb    =0.207
  cuda_reserved_gb     =11.285
  cuda_max_allocated_gb=9.724
[PROFILE batch=10]
  data_time      =0.0005s
  to_device_time =0.0041s
  forward_time   =0.3930s
  loss_time      =0.0023s
  backward_time  =0.2947s
  optimizer_time =0.0072s
  batch_time     =0.7018s
  cuda_allocated_gb    =0.207
  cuda_reserved_gb     =11.285
  cuda_max_allocated_gb=9.724
[PROFILE batch=11]
  data_time      =0.0005s
  to_device_time =0.0041s
  forward_time   =0.3976s
  loss_time      =0.0024s
  backward_time  =0.2946s
  optimizer_time =0.0067s
  batch_time     =0.7059s
  cuda_allocated_gb    =0.207
  cuda_reserved_gb     =11.285
  cuda_max_allocated_gb=9.724
[PROFILE batch=12]
  data_time      =0.0006s
  to_device_time =0.0041s
  forward_time   =0.3924s
  loss_time      =0.0025s
  backward_time  =0.2952s
  optimizer_time =0.0068s
  batch_time     =0.7014s
  cuda_allocated_gb    =0.207
  cuda_reserved_gb     =11.285
  cuda_max_allocated_gb=9.724
[PROFILE batch=13]
  data_time      =0.0005s
  to_device_time =0.0041s
  forward_time   =0.3923s
  loss_time      =0.0026s
  backward_time  =0.2954s
  optimizer_time =0.0071s
  batch_time     =0.7020s
  cuda_allocated_gb    =0.206
  cuda_reserved_gb     =11.285
  cuda_max_allocated_gb=9.724
[PROFILE batch=14]
  data_time      =0.0005s
  to_device_time =0.0041s
  forward_time   =0.3922s
  loss_time      =0.0024s
  backward_time  =0.2950s
  optimizer_time =0.0066s
  batch_time     =0.7007s
  cuda_allocated_gb    =0.207
  cuda_reserved_gb     =11.285
  cuda_max_allocated_gb=9.724
[PROFILE batch=15]
  data_time      =0.0005s
  to_device_time =0.0034s
  forward_time   =0.3222s
  loss_time      =0.0024s
  backward_time  =0.2446s
  optimizer_time =0.0065s
  batch_time     =0.5795s
  cuda_allocated_gb    =0.176
  cuda_reserved_gb     =11.285
  cuda_max_allocated_gb=9.724
[PROFILE batch=16]
  data_time      =0.0005s
  to_device_time =0.0041s
  forward_time   =0.3944s
  loss_time      =0.0022s
  backward_time  =0.2952s
  optimizer_time =0.0066s
  batch_time     =0.7030s
  cuda_allocated_gb    =0.206
  cuda_reserved_gb     =11.285
  cuda_max_allocated_gb=9.724
[PROFILE batch=17]
  data_time      =0.0005s
  to_device_time =0.0041s
  forward_time   =0.3941s
  loss_time      =0.0023s
  backward_time  =0.2944s
  optimizer_time =0.0069s
  batch_time     =0.7024s
  cuda_allocated_gb    =0.206
  cuda_reserved_gb     =11.285
  cuda_max_allocated_gb=9.724
[PROFILE batch=18]
  data_time      =0.0005s
  to_device_time =0.0041s
  forward_time   =0.3919s
  loss_time      =0.0023s
  backward_time  =0.2946s
  optimizer_time =0.0065s
  batch_time     =0.6999s
  cuda_allocated_gb    =0.207
  cuda_reserved_gb     =11.285
  cuda_max_allocated_gb=9.724
[PROFILE batch=19]
  data_time      =0.0005s
  to_device_time =0.0042s
  forward_time   =0.3966s
  loss_time      =0.0025s
  backward_time  =0.2944s
  optimizer_time =0.0065s
  batch_time     =0.7047s
  cuda_allocated_gb    =0.206
  cuda_reserved_gb     =11.285
  cuda_max_allocated_gb=9.724

[PROFILE average first 20 batches (recorded=20)]
  avg_data_time      =0.0089s
  avg_to_device_time =0.0041s
  avg_forward_time   =0.3950s
  avg_loss_time      =0.0023s
  avg_backward_time  =0.2897s
  avg_optimizer_time =0.0066s
  avg_batch_time     =0.6982s
  estimated_full_epoch_minutes=5.35

val:   0%|          | 0/57 [00:00<?, ?it/s]/usr/local/lib/python3.12/dist-packages/torch/autograd/function.py:583: UserWarning: Was asked to gather along dimension 0, but all input tensors were scalars; will instead unsqueeze and return a vector.
  return super().apply(*args, **kwargs)  # type: ignore[misc]

val:   2%|â–         | 1/57 [00:00<00:32,  1.71it/s]
val:   4%|â–Ž         | 2/57 [00:00<00:25,  2.14it/s]
val:   5%|â–Œ         | 3/57 [00:01<00:23,  2.33it/s]
val:   7%|â–‹         | 4/57 [00:01<00:21,  2.43it/s]
val:   9%|â–‰         | 5/57 [00:02<00:20,  2.48it/s]
val:  11%|â–ˆ         | 6/57 [00:02<00:20,  2.52it/s]
val:  12%|â–ˆâ–        | 7/57 [00:02<00:19,  2.55it/s]
val:  14%|â–ˆâ–        | 8/57 [00:03<00:19,  2.55it/s]
val:  16%|â–ˆâ–Œ        | 9/57 [00:03<00:18,  2.56it/s]
val:  18%|â–ˆâ–Š        | 10/57 [00:04<00:18,  2.57it/s]
                                                    
Epoch 002/015 | loss=2.5366 acc=0.1539 macro_f1=0.1391 | val_loss=2.5331 val_acc=0.1313 val_macro_f1=0.0733 | ckpt_monitor=val_macro_f1:0.0733 best_val_macro_f1=0.0763 best_epoch=1 early_val_macro_f1=0.0763 sec/batch=0.703s
          val pred_count: [469, 74, 54, 24, 7, 11, 1]
          no improvement: 1/12

train 3:   0%|          | 0/460 [00:00<?, ?it/s]/usr/local/lib/python3.12/dist-packages/torch/autograd/function.py:583: UserWarning: Was asked to gather along dimension 0, but all input tensors were scalars; will instead unsqueeze and return a vector.
  return super().apply(*args, **kwargs)  # type: ignore[misc]

train 3:   0%|          | 0/460 [00:00<?, ?it/s, loss=2.5477]
train 3:   0%|          | 1/460 [00:00<07:33,  1.01it/s, loss=2.5477]
train 3:   0%|          | 1/460 [00:01<07:33,  1.01it/s, loss=2.5655]
train 3:   0%|          | 2/460 [00:01<06:17,  1.21it/s, loss=2.5655]
train 3:   0%|          | 2/460 [00:02<06:17,  1.21it/s, loss=2.5399]
train 3:   1%|          | 3/460 [00:02<05:52,  1.30it/s, loss=2.5399]
train 3:   1%|          | 3/460 [00:03<05:52,  1.30it/s, loss=2.5521]
train 3:   1%|          | 4/460 [00:03<05:41,  1.34it/s, loss=2.5521]
train 3:   1%|          | 4/460 [00:03<05:41,  1.34it/s, loss=2.5718]
train 3:   1%|          | 5/460 [00:03<05:34,  1.36it/s, loss=2.5718]
train 3:   1%|          | 5/460 [00:04<05:34,  1.36it/s, loss=2.5425]
train 3:   1%|â–         | 6/460 [00:04<05:30,  1.38it/s, loss=2.5425]
train 3:   1%|â–         | 6/460 [00:05<05:30,  1.38it/s, loss=2.5191]
train 3:   2%|â–         | 7/460 [00:05<05:27,  1.39it/s, loss=2.5191]
train 3:   2%|â–         | 7/460 [00:05<05:27,  1.39it/s, loss=2.5658]
train 3:   2%|â–         | 8/460 [00:05<05:06,  1.47it/s, loss=2.5658]
train 3:   2%|â–         | 8/460 [00:06<05:06,  1.47it/s, loss=2.5510]
train 3:   2%|â–         | 9/460 [00:06<05:11,  1.45it/s, loss=2.5510]
train 3:   2%|â–         | 9/460 [00:07<05:11,  1.45it/s, loss=2.5534]
train 3:   2%|â–         | 10/460 [00:07<05:14,  1.43it/s, loss=2.5534]
train 3:   2%|â–         | 10/460 [00:07<05:14,  1.43it/s, loss=2.5324]
train 3:   2%|â–         | 11/460 [00:07<05:16,  1.42it/s, loss=2.5324]
train 3:   2%|â–         | 11/460 [00:08<05:16,  1.42it/s, loss=2.5365]
train 3:   3%|â–Ž         | 12/460 [00:08<05:17,  1.41it/s, loss=2.5365]
train 3:   3%|â–Ž         | 12/460 [00:09<05:17,  1.41it/s, loss=2.5277]
train 3:   3%|â–Ž         | 13/460 [00:09<05:18,  1.41it/s, loss=2.5277]
train 3:   3%|â–Ž         | 13/460 [00:10<05:18,  1.41it/s, loss=2.5245]
train 3:   3%|â–Ž         | 14/460 [00:10<05:18,  1.40it/s, loss=2.5245]
train 3:   3%|â–Ž         | 14/460 [00:10<05:18,  1.40it/s, loss=2.5347]
train 3:   3%|â–Ž         | 15/460 [00:10<05:18,  1.40it/s, loss=2.5347]
train 3:   3%|â–Ž         | 15/460 [00:11<05:18,  1.40it/s, loss=2.5407]
train 3:   3%|â–Ž         | 16/460 [00:11<05:01,  1.47it/s, loss=2.5407]
train 3:   3%|â–Ž         | 16/460 [00:12<05:01,  1.47it/s, loss=2.5421]
train 3:   4%|â–Ž         | 17/460 [00:12<05:05,  1.45it/s, loss=2.5421]
train 3:   4%|â–Ž         | 17/460 [00:12<05:05,  1.45it/s, loss=2.5624]
train 3:   4%|â–         | 18/460 [00:12<05:08,  1.43it/s, loss=2.5624]
train 3:   4%|â–         | 18/460 [00:13<05:08,  1.43it/s, loss=2.5208]
train 3:   4%|â–         | 19/460 [00:13<05:10,  1.42it/s, loss=2.5208]
train 3:   4%|â–         | 19/460 [00:14<05:10,  1.42it/s, loss=2.5513]
train 3:   4%|â–         | 20/460 [00:14<05:12,  1.41it/s, loss=2.5513]
train 3:   4%|â–         | 20/460 [00:15<05:12,  1.41it/s, loss=2.5482]
train 3:   5%|â–         | 21/460 [00:15<05:12,  1.40it/s, loss=2.5482]
train 3:   5%|â–         | 21/460 [00:15<05:12,  1.40it/s, loss=2.5672]
train 3:   5%|â–         | 22/460 [00:15<05:12,  1.40it/s, loss=2.5672]
train 3:   5%|â–         | 22/460 [00:16<05:12,  1.40it/s, loss=2.5353]
train 3:   5%|â–Œ         | 23/460 [00:16<05:11,  1.40it/s, loss=2.5353]
train 3:   5%|â–Œ         | 23/460 [00:17<05:11,  1.40it/s, loss=2.5410]
train 3:   5%|â–Œ         | 24/460 [00:17<04:54,  1.48it/s, loss=2.5410]
train 3:   5%|â–Œ         | 24/460 [00:17<04:54,  1.48it/s, loss=2.5532]
train 3:   5%|â–Œ         | 25/460 [00:17<04:59,  1.45it/s, loss=2.5532]
train 3:   5%|â–Œ         | 25/460 [00:18<04:59,  1.45it/s, loss=2.5517]
train 3:   6%|â–Œ         | 26/460 [00:18<05:01,  1.44it/s, loss=2.5517]
train 3:   6%|â–Œ         | 26/460 [00:19<05:01,  1.44it/s, loss=2.5569]
train 3:   6%|â–Œ         | 27/460 [00:19<05:02,  1.43it/s, loss=2.5569]
train 3:   6%|â–Œ         | 27/460 [00:19<05:02,  1.43it/s, loss=2.5531]
train 3:   6%|â–Œ         | 28/460 [00:19<05:03,  1.42it/s, loss=2.5531]
train 3:   6%|â–Œ         | 28/460 [00:20<05:03,  1.42it/s, loss=2.5632]
train 3:   6%|â–‹         | 29/460 [00:20<05:03,  1.42it/s, loss=2.5632]
train 3:   6%|â–‹         | 29/460 [00:21<05:03,  1.42it/s, loss=2.5593]
train 3:   7%|â–‹         | 30/460 [00:21<05:04,  1.41it/s, loss=2.5593]
                                                                      
[PROFILE batch=0]
  data_time      =0.2378s
  to_device_time =0.0042s
  forward_time   =0.4293s
  loss_time      =0.0013s
  backward_time  =0.3047s
  optimizer_time =0.0063s
  batch_time     =0.7471s
  cuda_allocated_gb    =0.207
  cuda_reserved_gb     =11.285
  cuda_max_allocated_gb=9.724
[PROFILE batch=1]
  data_time      =0.0005s
  to_device_time =0.0041s
  forward_time   =0.3984s
  loss_time      =0.0022s
  backward_time  =0.2958s
  optimizer_time =0.0062s
  batch_time     =0.7072s
  cuda_allocated_gb    =0.206
  cuda_reserved_gb     =11.285
  cuda_max_allocated_gb=9.724
[PROFILE batch=2]
  data_time      =0.0005s
  to_device_time =0.0041s
  forward_time   =0.3957s
  loss_time      =0.0022s
  backward_time  =0.2961s
  optimizer_time =0.0066s
  batch_time     =0.7051s
  cuda_allocated_gb    =0.207
  cuda_reserved_gb     =11.285
  cuda_max_allocated_gb=9.724
[PROFILE batch=3]
  data_time      =0.0005s
  to_device_time =0.0041s
  forward_time   =0.4011s
  loss_time      =0.0023s
  backward_time  =0.2962s
  optimizer_time =0.0066s
  batch_time     =0.7109s
  cuda_allocated_gb    =0.206
  cuda_reserved_gb     =11.285
  cuda_max_allocated_gb=9.724
[PROFILE batch=4]
  data_time      =0.0007s
  to_device_time =0.0041s
  forward_time   =0.3958s
  loss_time      =0.0024s
  backward_time  =0.2966s
  optimizer_time =0.0064s
  batch_time     =0.7058s
  cuda_allocated_gb    =0.206
  cuda_reserved_gb     =11.285
  cuda_max_allocated_gb=9.724
[PROFILE batch=5]
  data_time      =0.0005s
  to_device_time =0.0041s
  forward_time   =0.3996s
  loss_time      =0.0024s
  backward_time  =0.2961s
  optimizer_time =0.0066s
  batch_time     =0.7092s
  cuda_allocated_gb    =0.206
  cuda_reserved_gb     =11.285
  cuda_max_allocated_gb=9.724
[PROFILE batch=6]
  data_time      =0.0005s
  to_device_time =0.0041s
  forward_time   =0.3976s
  loss_time      =0.0024s
  backward_time  =0.2966s
  optimizer_time =0.0073s
  batch_time     =0.7084s
  cuda_allocated_gb    =0.206
  cuda_reserved_gb     =11.285
  cuda_max_allocated_gb=9.724
[PROFILE batch=7]
  data_time      =0.0005s
  to_device_time =0.0034s
  forward_time   =0.3256s
  loss_time      =0.0027s
  backward_time  =0.2464s
  optimizer_time =0.0061s
  batch_time     =0.5846s
  cuda_allocated_gb    =0.176
  cuda_reserved_gb     =11.285
  cuda_max_allocated_gb=9.724
[PROFILE batch=8]
  data_time      =0.0005s
  to_device_time =0.0041s
  forward_time   =0.4000s
  loss_time      =0.0023s
  backward_time  =0.2966s
  optimizer_time =0.0063s
  batch_time     =0.7097s
  cuda_allocated_gb    =0.206
  cuda_reserved_gb     =11.285
  cuda_max_allocated_gb=9.724
[PROFILE batch=9]
  data_time      =0.0005s
  to_device_time =0.0041s
  forward_time   =0.3989s
  loss_time      =0.0024s
  backward_time  =0.2974s
  optimizer_time =0.0109s
  batch_time     =0.7142s
  cuda_allocated_gb    =0.207
  cuda_reserved_gb     =11.285
  cuda_max_allocated_gb=9.724
[PROFILE batch=10]
  data_time      =0.0005s
  to_device_time =0.0042s
  forward_time   =0.4090s
  loss_time      =0.0023s
  backward_time  =0.2964s
  optimizer_time =0.0065s
  batch_time     =0.7189s
  cuda_allocated_gb    =0.207
  cuda_reserved_gb     =11.285
  cuda_max_allocated_gb=9.724
[PROFILE batch=11]
  data_time      =0.0005s
  to_device_time =0.0041s
  forward_time   =0.4039s
  loss_time      =0.0023s
  backward_time  =0.2975s
  optimizer_time =0.0066s
  batch_time     =0.7148s
  cuda_allocated_gb    =0.207
  cuda_reserved_gb     =11.285
  cuda_max_allocated_gb=9.724
[PROFILE batch=12]
  data_time      =0.0007s
  to_device_time =0.0042s
  forward_time   =0.4025s
  loss_time      =0.0025s
  backward_time  =0.2969s
  optimizer_time =0.0067s
  batch_time     =0.7132s
  cuda_allocated_gb    =0.207
  cuda_reserved_gb     =11.285
  cuda_max_allocated_gb=9.724
[PROFILE batch=13]
  data_time      =0.0005s
  to_device_time =0.0042s
  forward_time   =0.4015s
  loss_time      =0.0023s
  backward_time  =0.3033s
  optimizer_time =0.0068s
  batch_time     =0.7185s
  cuda_allocated_gb    =0.206
  cuda_reserved_gb     =11.285
  cuda_max_allocated_gb=9.724
[PROFILE batch=14]
  data_time      =0.0005s
  to_device_time =0.0042s
  forward_time   =0.4044s
  loss_time      =0.0024s
  backward_time  =0.2963s
  optimizer_time =0.0076s
  batch_time     =0.7154s
  cuda_allocated_gb    =0.207
  cuda_reserved_gb     =11.285
  cuda_max_allocated_gb=9.724
[PROFILE batch=15]
  data_time      =0.0006s
  to_device_time =0.0034s
  forward_time   =0.3286s
  loss_time      =0.0024s
  backward_time  =0.2468s
  optimizer_time =0.0074s
  batch_time     =0.5893s
  cuda_allocated_gb    =0.176
  cuda_reserved_gb     =11.285
  cuda_max_allocated_gb=9.724
[PROFILE batch=16]
  data_time      =0.0006s
  to_device_time =0.0041s
  forward_time   =0.4020s
  loss_time      =0.0024s
  backward_time  =0.2967s
  optimizer_time =0.0063s
  batch_time     =0.7120s
  cuda_allocated_gb    =0.206
  cuda_reserved_gb     =11.285
  cuda_max_allocated_gb=9.724
[PROFILE batch=17]
  data_time      =0.0005s
  to_device_time =0.0041s
  forward_time   =0.4035s
  loss_time      =0.0023s
  backward_time  =0.2973s
  optimizer_time =0.0062s
  batch_time     =0.7138s
  cuda_allocated_gb    =0.206
  cuda_reserved_gb     =11.285
  cuda_max_allocated_gb=9.724
[PROFILE batch=18]
  data_time      =0.0005s
  to_device_time =0.0042s
  forward_time   =0.4048s
  loss_time      =0.0022s
  backward_time  =0.2974s
  optimizer_time =0.0063s
  batch_time     =0.7154s
  cuda_allocated_gb    =0.207
  cuda_reserved_gb     =11.285
  cuda_max_allocated_gb=9.724
[PROFILE batch=19]
  data_time      =0.0005s
  to_device_time =0.0042s
  forward_time   =0.4102s
  loss_time      =0.0024s
  backward_time  =0.2969s
  optimizer_time =0.0063s
  batch_time     =0.7204s
  cuda_allocated_gb    =0.206
  cuda_reserved_gb     =11.285
  cuda_max_allocated_gb=9.724

[PROFILE average first 20 batches (recorded=20)]
  avg_data_time      =0.0124s
  avg_to_device_time =0.0041s
  avg_forward_time   =0.3956s
  avg_loss_time      =0.0023s
  avg_backward_time  =0.2924s
  avg_optimizer_time =0.0068s
  avg_batch_time     =0.7017s
  estimated_full_epoch_minutes=5.38

val:   0%|          | 0/57 [00:00<?, ?it/s]/usr/local/lib/python3.12/dist-packages/torch/autograd/function.py:583: UserWarning: Was asked to gather along dimension 0, but all input tensors were scalars; will instead unsqueeze and return a vector.
  return super().apply(*args, **kwargs)  # type: ignore[misc]

val:   2%|â–         | 1/57 [00:00<00:34,  1.62it/s]
val:   4%|â–Ž         | 2/57 [00:01<00:26,  2.07it/s]
val:   5%|â–Œ         | 3/57 [00:01<00:23,  2.27it/s]
val:   7%|â–‹         | 4/57 [00:01<00:22,  2.38it/s]
val:   9%|â–‰         | 5/57 [00:02<00:21,  2.44it/s]
val:  11%|â–ˆ         | 6/57 [00:02<00:20,  2.48it/s]
val:  12%|â–ˆâ–        | 7/57 [00:02<00:20,  2.49it/s]
val:  14%|â–ˆâ–        | 8/57 [00:03<00:19,  2.51it/s]
val:  16%|â–ˆâ–Œ        | 9/57 [00:03<00:19,  2.52it/s]
val:  18%|â–ˆâ–Š        | 10/57 [00:04<00:18,  2.53it/s]
                                                    
Epoch 003/015 | loss=2.5470 acc=0.1348 macro_f1=0.1262 | val_loss=2.5331 val_acc=0.1406 val_macro_f1=0.0471 | ckpt_monitor=val_macro_f1:0.0471 best_val_macro_f1=0.0763 best_epoch=1 early_val_macro_f1=0.0763 sec/batch=0.712s
          val pred_count: [567, 60, 13, 0, 0, 0, 0]
          no improvement: 2/12

train 4:   0%|          | 0/460 [00:00<?, ?it/s]/usr/local/lib/python3.12/dist-packages/torch/autograd/function.py:583: UserWarning: Was asked to gather along dimension 0, but all input tensors were scalars; will instead unsqueeze and return a vector.
  return super().apply(*args, **kwargs)  # type: ignore[misc]

train 4:   0%|          | 0/460 [00:00<?, ?it/s, loss=2.5424]
train 4:   0%|          | 1/460 [00:00<07:00,  1.09it/s, loss=2.5424]
train 4:   0%|          | 1/460 [00:01<07:00,  1.09it/s, loss=2.5185]
train 4:   0%|          | 2/460 [00:01<06:07,  1.25it/s, loss=2.5185]
train 4:   0%|          | 2/460 [00:02<06:07,  1.25it/s, loss=2.5823]
train 4:   1%|          | 3/460 [00:02<05:50,  1.31it/s, loss=2.5823]
train 4:   1%|          | 3/460 [00:03<05:50,  1.31it/s, loss=2.5213]
train 4:   1%|          | 4/460 [00:03<05:41,  1.33it/s, loss=2.5213]
train 4:   1%|          | 4/460 [00:03<05:41,  1.33it/s, loss=2.5573]
train 4:   1%|          | 5/460 [00:03<05:37,  1.35it/s, loss=2.5573]
train 4:   1%|          | 5/460 [00:04<05:37,  1.35it/s, loss=2.5431]
train 4:   1%|â–         | 6/460 [00:04<05:33,  1.36it/s, loss=2.5431]
train 4:   1%|â–         | 6/460 [00:05<05:33,  1.36it/s, loss=2.5511]
train 4:   2%|â–         | 7/460 [00:05<05:31,  1.37it/s, loss=2.5511]
train 4:   2%|â–         | 7/460 [00:05<05:31,  1.37it/s, loss=2.5129]
train 4:   2%|â–         | 8/460 [00:05<05:11,  1.45it/s, loss=2.5129]
train 4:   2%|â–         | 8/460 [00:06<05:11,  1.45it/s, loss=2.5242]
train 4:   2%|â–         | 9/460 [00:06<05:17,  1.42it/s, loss=2.5242]
train 4:   2%|â–         | 9/460 [00:07<05:17,  1.42it/s, loss=2.5542]
train 4:   2%|â–         | 10/460 [00:07<05:20,  1.41it/s, loss=2.5542]
train 4:   2%|â–         | 10/460 [00:08<05:20,  1.41it/s, loss=2.5269]
train 4:   2%|â–         | 11/460 [00:08<05:21,  1.40it/s, loss=2.5269]
train 4:   2%|â–         | 11/460 [00:08<05:21,  1.40it/s, loss=2.5648]
train 4:   3%|â–Ž         | 12/460 [00:08<05:23,  1.39it/s, loss=2.5648]
train 4:   3%|â–Ž         | 12/460 [00:09<05:23,  1.39it/s, loss=2.5429]
train 4:   3%|â–Ž         | 13/460 [00:09<05:23,  1.38it/s, loss=2.5429]
train 4:   3%|â–Ž         | 13/460 [00:10<05:23,  1.38it/s, loss=2.5439]
train 4:   3%|â–Ž         | 14/460 [00:10<05:22,  1.38it/s, loss=2.5439]
train 4:   3%|â–Ž         | 14/460 [00:10<05:22,  1.38it/s, loss=2.5491]
train 4:   3%|â–Ž         | 15/460 [00:10<05:22,  1.38it/s, loss=2.5491]
train 4:   3%|â–Ž         | 15/460 [00:11<05:22,  1.38it/s, loss=2.5490]
train 4:   3%|â–Ž         | 16/460 [00:11<05:05,  1.45it/s, loss=2.5490]
train 4:   3%|â–Ž         | 16/460 [00:12<05:05,  1.45it/s, loss=2.5235]
train 4:   4%|â–Ž         | 17/460 [00:12<05:11,  1.42it/s, loss=2.5235]
train 4:   4%|â–Ž         | 17/460 [00:13<05:11,  1.42it/s, loss=2.5316]
train 4:   4%|â–         | 18/460 [00:13<05:13,  1.41it/s, loss=2.5316]
train 4:   4%|â–         | 18/460 [00:13<05:13,  1.41it/s, loss=2.5251]
train 4:   4%|â–         | 19/460 [00:13<05:15,  1.40it/s, loss=2.5251]
train 4:   4%|â–         | 19/460 [00:14<05:15,  1.40it/s, loss=2.5574]
train 4:   4%|â–         | 20/460 [00:14<05:17,  1.39it/s, loss=2.5574]
train 4:   4%|â–         | 20/460 [00:15<05:17,  1.39it/s, loss=2.5365]
train 4:   5%|â–         | 21/460 [00:15<05:16,  1.39it/s, loss=2.5365]
train 4:   5%|â–         | 21/460 [00:15<05:16,  1.39it/s, loss=2.5273]
train 4:   5%|â–         | 22/460 [00:15<05:15,  1.39it/s, loss=2.5273]
train 4:   5%|â–         | 22/460 [00:16<05:15,  1.39it/s, loss=2.5338]
train 4:   5%|â–Œ         | 23/460 [00:16<05:15,  1.38it/s, loss=2.5338]
train 4:   5%|â–Œ         | 23/460 [00:17<05:15,  1.38it/s, loss=2.5456]
train 4:   5%|â–Œ         | 24/460 [00:17<04:58,  1.46it/s, loss=2.5456]
train 4:   5%|â–Œ         | 24/460 [00:17<04:58,  1.46it/s, loss=2.5414]
train 4:   5%|â–Œ         | 25/460 [00:17<05:03,  1.44it/s, loss=2.5414]
train 4:   5%|â–Œ         | 25/460 [00:18<05:03,  1.44it/s, loss=2.5485]
train 4:   6%|â–Œ         | 26/460 [00:18<05:06,  1.42it/s, loss=2.5485]
train 4:   6%|â–Œ         | 26/460 [00:19<05:06,  1.42it/s, loss=2.5393]
train 4:   6%|â–Œ         | 27/460 [00:19<05:08,  1.40it/s, loss=2.5393]
train 4:   6%|â–Œ         | 27/460 [00:20<05:08,  1.40it/s, loss=2.5681]
train 4:   6%|â–Œ         | 28/460 [00:20<05:10,  1.39it/s, loss=2.5681]
train 4:   6%|â–Œ         | 28/460 [00:20<05:10,  1.39it/s, loss=2.5402]
train 4:   6%|â–‹         | 29/460 [00:20<05:11,  1.38it/s, loss=2.5402]
train 4:   6%|â–‹         | 29/460 [00:21<05:11,  1.38it/s, loss=2.5399]
train 4:   7%|â–‹         | 30/460 [00:21<05:11,  1.38it/s, loss=2.5399]
                                                                      
[PROFILE batch=0]
  data_time      =0.1832s
  to_device_time =0.0042s
  forward_time   =0.4173s
  loss_time      =0.0013s
  backward_time  =0.3014s
  optimizer_time =0.0061s
  batch_time     =0.7309s
  cuda_allocated_gb    =0.207
  cuda_reserved_gb     =11.285
  cuda_max_allocated_gb=9.724
[PROFILE batch=1]
  data_time      =0.0005s
  to_device_time =0.0041s
  forward_time   =0.4059s
  loss_time      =0.0021s
  backward_time  =0.2990s
  optimizer_time =0.0065s
  batch_time     =0.7181s
  cuda_allocated_gb    =0.206
  cuda_reserved_gb     =11.285
  cuda_max_allocated_gb=9.724
[PROFILE batch=2]
  data_time      =0.0004s
  to_device_time =0.0042s
  forward_time   =0.4078s
  loss_time      =0.0023s
  backward_time  =0.2996s
  optimizer_time =0.0062s
  batch_time     =0.7209s
  cuda_allocated_gb    =0.207
  cuda_reserved_gb     =11.285
  cuda_max_allocated_gb=9.724
[PROFILE batch=3]
  data_time      =0.0005s
  to_device_time =0.0041s
  forward_time   =0.4086s
  loss_time      =0.0023s
  backward_time  =0.2986s
  optimizer_time =0.0064s
  batch_time     =0.7205s
  cuda_allocated_gb    =0.206
  cuda_reserved_gb     =11.285
  cuda_max_allocated_gb=9.724
[PROFILE batch=4]
  data_time      =0.0007s
  to_device_time =0.0042s
  forward_time   =0.4116s
  loss_time      =0.0023s
  backward_time  =0.2989s
  optimizer_time =0.0070s
  batch_time     =0.7247s
  cuda_allocated_gb    =0.206
  cuda_reserved_gb     =11.285
  cuda_max_allocated_gb=9.724
[PROFILE batch=5]
  data_time      =0.0005s
  to_device_time =0.0041s
  forward_time   =0.4059s
  loss_time      =0.0023s
  backward_time  =0.3007s
  optimizer_time =0.0068s
  batch_time     =0.7202s
  cuda_allocated_gb    =0.206
  cuda_reserved_gb     =11.285
  cuda_max_allocated_gb=9.724
[PROFILE batch=6]
  data_time      =0.0004s
  to_device_time =0.0042s
  forward_time   =0.4079s
  loss_time      =0.0023s
  backward_time  =0.3002s
  optimizer_time =0.0065s
  batch_time     =0.7216s
  cuda_allocated_gb    =0.206
  cuda_reserved_gb     =11.285
  cuda_max_allocated_gb=9.724
[PROFILE batch=7]
  data_time      =0.0005s
  to_device_time =0.0034s
  forward_time   =0.3309s
  loss_time      =0.0024s
  backward_time  =0.2516s
  optimizer_time =0.0067s
  batch_time     =0.5954s
  cuda_allocated_gb    =0.176
  cuda_reserved_gb     =11.285
  cuda_max_allocated_gb=9.724
[PROFILE batch=8]
  data_time      =0.0005s
  to_device_time =0.0042s
  forward_time   =0.4133s
  loss_time      =0.0024s
  backward_time  =0.3055s
  optimizer_time =0.0065s
  batch_time     =0.7324s
  cuda_allocated_gb    =0.206
  cuda_reserved_gb     =11.285
  cuda_max_allocated_gb=9.724
[PROFILE batch=9]
  data_time      =0.0005s
  to_device_time =0.0042s
  forward_time   =0.4117s
  loss_time      =0.0023s
  backward_time  =0.2999s
  optimizer_time =0.0065s
  batch_time     =0.7252s
  cuda_allocated_gb    =0.207
  cuda_reserved_gb     =11.285
  cuda_max_allocated_gb=9.724
[PROFILE batch=10]
  data_time      =0.0006s
  to_device_time =0.0042s
  forward_time   =0.4119s
  loss_time      =0.0023s
  backward_time  =0.2998s
  optimizer_time =0.0063s
  batch_time     =0.7251s
  cuda_allocated_gb    =0.207
  cuda_reserved_gb     =11.285
  cuda_max_allocated_gb=9.724
[PROFILE batch=11]
  data_time      =0.0005s
  to_device_time =0.0041s
  forward_time   =0.4093s
  loss_time      =0.0022s
  backward_time  =0.3063s
  optimizer_time =0.0064s
  batch_time     =0.7288s
  cuda_allocated_gb    =0.207
  cuda_reserved_gb     =11.285
  cuda_max_allocated_gb=9.724
[PROFILE batch=12]
  data_time      =0.0006s
  to_device_time =0.0042s
  forward_time   =0.4108s
  loss_time      =0.0023s
  backward_time  =0.2998s
  optimizer_time =0.0065s
  batch_time     =0.7243s
  cuda_allocated_gb    =0.207
  cuda_reserved_gb     =11.285
  cuda_max_allocated_gb=9.724
[PROFILE batch=13]
  data_time      =0.0005s
  to_device_time =0.0041s
  forward_time   =0.4098s
  loss_time      =0.0023s
  backward_time  =0.2999s
  optimizer_time =0.0062s
  batch_time     =0.7228s
  cuda_allocated_gb    =0.206
  cuda_reserved_gb     =11.285
  cuda_max_allocated_gb=9.724
[PROFILE batch=14]
  data_time      =0.0005s
  to_device_time =0.0042s
  forward_time   =0.4100s
  loss_time      =0.0023s
  backward_time  =0.3008s
  optimizer_time =0.0063s
  batch_time     =0.7240s
  cuda_allocated_gb    =0.207
  cuda_reserved_gb     =11.285
  cuda_max_allocated_gb=9.724
[PROFILE batch=15]
  data_time      =0.0005s
  to_device_time =0.0034s
  forward_time   =0.3319s
  loss_time      =0.0023s
  backward_time  =0.2575s
  optimizer_time =0.0066s
  batch_time     =0.6020s
  cuda_allocated_gb    =0.176
  cuda_reserved_gb     =11.285
  cuda_max_allocated_gb=9.724
[PROFILE batch=16]
  data_time      =0.0005s
  to_device_time =0.0041s
  forward_time   =0.4082s
  loss_time      =0.0024s
  backward_time  =0.3107s
  optimizer_time =0.0062s
  batch_time     =0.7320s
  cuda_allocated_gb    =0.206
  cuda_reserved_gb     =11.285
  cuda_max_allocated_gb=9.724
[PROFILE batch=17]
  data_time      =0.0005s
  to_device_time =0.0041s
  forward_time   =0.4110s
  loss_time      =0.0024s
  backward_time  =0.3002s
  optimizer_time =0.0062s
  batch_time     =0.7243s
  cuda_allocated_gb    =0.206
  cuda_reserved_gb     =11.285
  cuda_max_allocated_gb=9.724
[PROFILE batch=18]
  data_time      =0.0005s
  to_device_time =0.0041s
  forward_time   =0.4120s
  loss_time      =0.0023s
  backward_time  =0.3009s
  optimizer_time =0.0067s
  batch_time     =0.7265s
  cuda_allocated_gb    =0.207
  cuda_reserved_gb     =11.285
  cuda_max_allocated_gb=9.724
[PROFILE batch=19]
  data_time      =0.0005s
  to_device_time =0.0042s
  forward_time   =0.4133s
  loss_time      =0.0024s
  backward_time  =0.3011s
  optimizer_time =0.0068s
  batch_time     =0.7283s
  cuda_allocated_gb    =0.206
  cuda_reserved_gb     =11.285
  cuda_max_allocated_gb=9.724

[PROFILE average first 20 batches (recorded=20)]
  avg_data_time      =0.0096s
  avg_to_device_time =0.0041s
  avg_forward_time   =0.4025s
  avg_loss_time      =0.0023s
  avg_backward_time  =0.2966s
  avg_optimizer_time =0.0065s
  avg_batch_time     =0.7124s
  estimated_full_epoch_minutes=5.46

val:   0%|          | 0/57 [00:00<?, ?it/s]/usr/local/lib/python3.12/dist-packages/torch/autograd/function.py:583: UserWarning: Was asked to gather along dimension 0, but all input tensors were scalars; will instead unsqueeze and return a vector.
  return super().apply(*args, **kwargs)  # type: ignore[misc]

val:   2%|â–         | 1/57 [00:00<00:37,  1.50it/s]
val:   4%|â–Ž         | 2/57 [00:01<00:27,  1.97it/s]
val:   5%|â–Œ         | 3/57 [00:01<00:24,  2.18it/s]
val:   7%|â–‹         | 4/57 [00:01<00:23,  2.29it/s]
val:   9%|â–‰         | 5/57 [00:02<00:22,  2.35it/s]
val:  11%|â–ˆ         | 6/57 [00:02<00:21,  2.40it/s]
val:  12%|â–ˆâ–        | 7/57 [00:03<00:20,  2.43it/s]
val:  14%|â–ˆâ–        | 8/57 [00:03<00:20,  2.45it/s]
val:  16%|â–ˆâ–Œ        | 9/57 [00:03<00:19,  2.46it/s]
val:  18%|â–ˆâ–Š        | 10/57 [00:04<00:18,  2.47it/s]
                                                    
Epoch 004/015 | loss=2.5414 acc=0.1470 macro_f1=0.1317 | val_loss=2.5330 val_acc=0.1422 val_macro_f1=0.0460 | ckpt_monitor=val_macro_f1:0.0460 best_val_macro_f1=0.0763 best_epoch=1 early_val_macro_f1=0.0763 sec/batch=0.721s
          val pred_count: [592, 32, 4, 5, 3, 4, 0]
          no improvement: 3/12

train 5:   0%|          | 0/460 [00:00<?, ?it/s]/usr/local/lib/python3.12/dist-packages/torch/autograd/function.py:583: UserWarning: Was asked to gather along dimension 0, but all input tensors were scalars; will instead unsqueeze and return a vector.
  return super().apply(*args, **kwargs)  # type: ignore[misc]

train 5:   0%|          | 0/460 [00:01<?, ?it/s, loss=2.5276]
train 5:   0%|          | 1/460 [00:01<07:50,  1.02s/it, loss=2.5276]
train 5:   0%|          | 1/460 [00:01<07:50,  1.02s/it, loss=2.5603]
train 5:   0%|          | 2/460 [00:01<06:30,  1.17it/s, loss=2.5603]
train 5:   0%|          | 2/460 [00:02<06:30,  1.17it/s, loss=2.5415]
train 5:   1%|          | 3/460 [00:02<06:05,  1.25it/s, loss=2.5415]
train 5:   1%|          | 3/460 [00:03<06:05,  1.25it/s, loss=2.5331]
train 5:   1%|          | 4/460 [00:03<05:53,  1.29it/s, loss=2.5331]
train 5:   1%|          | 4/460 [00:03<05:53,  1.29it/s, loss=2.5490]
train 5:   1%|          | 5/460 [00:03<05:46,  1.31it/s, loss=2.5490]
train 5:   1%|          | 5/460 [00:04<05:46,  1.31it/s, loss=2.5532]
train 5:   1%|â–         | 6/460 [00:04<05:41,  1.33it/s, loss=2.5532]
train 5:   1%|â–         | 6/460 [00:05<05:41,  1.33it/s, loss=2.5413]
train 5:   2%|â–         | 7/460 [00:05<05:38,  1.34it/s, loss=2.5413]
train 5:   2%|â–         | 7/460 [00:06<05:38,  1.34it/s, loss=2.5356]
train 5:   2%|â–         | 8/460 [00:06<05:18,  1.42it/s, loss=2.5356]
train 5:   2%|â–         | 8/460 [00:06<05:18,  1.42it/s, loss=2.5429]
train 5:   2%|â–         | 9/460 [00:06<05:22,  1.40it/s, loss=2.5429]
train 5:   2%|â–         | 9/460 [00:07<05:22,  1.40it/s, loss=2.5368]
train 5:   2%|â–         | 10/460 [00:07<05:25,  1.38it/s, loss=2.5368]
train 5:   2%|â–         | 10/460 [00:08<05:25,  1.38it/s, loss=2.5359]
train 5:   2%|â–         | 11/460 [00:08<05:26,  1.37it/s, loss=2.5359]
train 5:   2%|â–         | 11/460 [00:09<05:26,  1.37it/s, loss=2.5399]
train 5:   3%|â–Ž         | 12/460 [00:09<05:28,  1.37it/s, loss=2.5399]
train 5:   3%|â–Ž         | 12/460 [00:09<05:28,  1.37it/s, loss=2.5489]
train 5:   3%|â–Ž         | 13/460 [00:09<05:28,  1.36it/s, loss=2.5489]
train 5:   3%|â–Ž         | 13/460 [00:10<05:28,  1.36it/s, loss=2.5444]
train 5:   3%|â–Ž         | 14/460 [00:10<05:29,  1.36it/s, loss=2.5444]
train 5:   3%|â–Ž         | 14/460 [00:11<05:29,  1.36it/s, loss=2.5483]
train 5:   3%|â–Ž         | 15/460 [00:11<05:29,  1.35it/s, loss=2.5483]
train 5:   3%|â–Ž         | 15/460 [00:11<05:29,  1.35it/s, loss=2.5303]
train 5:   3%|â–Ž         | 16/460 [00:11<05:11,  1.43it/s, loss=2.5303]
train 5:   3%|â–Ž         | 16/460 [00:12<05:11,  1.43it/s, loss=2.5250]
train 5:   4%|â–Ž         | 17/460 [00:12<05:16,  1.40it/s, loss=2.5250]
train 5:   4%|â–Ž         | 17/460 [00:13<05:16,  1.40it/s, loss=2.5398]
train 5:   4%|â–         | 18/460 [00:13<05:19,  1.38it/s, loss=2.5398]
train 5:   4%|â–         | 18/460 [00:14<05:19,  1.38it/s, loss=2.5456]
train 5:   4%|â–         | 19/460 [00:14<05:21,  1.37it/s, loss=2.5456]
train 5:   4%|â–         | 19/460 [00:14<05:21,  1.37it/s, loss=2.5401]
train 5:   4%|â–         | 20/460 [00:14<05:22,  1.36it/s, loss=2.5401]
train 5:   4%|â–         | 20/460 [00:15<05:22,  1.36it/s, loss=2.5431]
train 5:   5%|â–         | 21/460 [00:15<05:22,  1.36it/s, loss=2.5431]
train 5:   5%|â–         | 21/460 [00:16<05:22,  1.36it/s, loss=2.5372]
train 5:   5%|â–         | 22/460 [00:16<05:22,  1.36it/s, loss=2.5372]
train 5:   5%|â–         | 22/460 [00:17<05:22,  1.36it/s, loss=2.5538]
train 5:   5%|â–Œ         | 23/460 [00:17<05:22,  1.36it/s, loss=2.5538]
train 5:   5%|â–Œ         | 23/460 [00:17<05:22,  1.36it/s, loss=2.5432]
train 5:   5%|â–Œ         | 24/460 [00:17<05:04,  1.43it/s, loss=2.5432]
train 5:   5%|â–Œ         | 24/460 [00:18<05:04,  1.43it/s, loss=2.5322]
train 5:   5%|â–Œ         | 25/460 [00:18<05:09,  1.41it/s, loss=2.5322]
train 5:   5%|â–Œ         | 25/460 [00:19<05:09,  1.41it/s, loss=2.5331]
train 5:   6%|â–Œ         | 26/460 [00:19<05:12,  1.39it/s, loss=2.5331]
train 5:   6%|â–Œ         | 26/460 [00:19<05:12,  1.39it/s, loss=2.5581]
train 5:   6%|â–Œ         | 27/460 [00:19<05:14,  1.38it/s, loss=2.5581]
train 5:   6%|â–Œ         | 27/460 [00:20<05:14,  1.38it/s, loss=2.5426]
train 5:   6%|â–Œ         | 28/460 [00:20<05:16,  1.37it/s, loss=2.5426]
train 5:   6%|â–Œ         | 28/460 [00:21<05:16,  1.37it/s, loss=2.5234]
train 5:   6%|â–‹         | 29/460 [00:21<05:17,  1.36it/s, loss=2.5234]
train 5:   6%|â–‹         | 29/460 [00:22<05:17,  1.36it/s, loss=2.5456]
train 5:   7%|â–‹         | 30/460 [00:22<05:17,  1.35it/s, loss=2.5456]
                                                                      
[PROFILE batch=0]
  data_time      =0.2693s
  to_device_time =0.0042s
  forward_time   =0.4359s
  loss_time      =0.0014s
  backward_time  =0.3035s
  optimizer_time =0.0066s
  batch_time     =0.7526s
  cuda_allocated_gb    =0.207
  cuda_reserved_gb     =11.285
  cuda_max_allocated_gb=9.724
[PROFILE batch=1]
  data_time      =0.0005s
  to_device_time =0.0041s
  forward_time   =0.4145s
  loss_time      =0.0021s
  backward_time  =0.3029s
  optimizer_time =0.0065s
  batch_time     =0.7306s
  cuda_allocated_gb    =0.206
  cuda_reserved_gb     =11.285
  cuda_max_allocated_gb=9.724
[PROFILE batch=2]
  data_time      =0.0005s
  to_device_time =0.0041s
  forward_time   =0.4149s
  loss_time      =0.0024s
  backward_time  =0.3032s
  optimizer_time =0.0070s
  batch_time     =0.7321s
  cuda_allocated_gb    =0.207
  cuda_reserved_gb     =11.285
  cuda_max_allocated_gb=9.724
[PROFILE batch=3]
  data_time      =0.0005s
  to_device_time =0.0042s
  forward_time   =0.4147s
  loss_time      =0.0023s
  backward_time  =0.3046s
  optimizer_time =0.0066s
  batch_time     =0.7328s
  cuda_allocated_gb    =0.206
  cuda_reserved_gb     =11.285
  cuda_max_allocated_gb=9.724
[PROFILE batch=4]
  data_time      =0.0007s
  to_device_time =0.0041s
  forward_time   =0.4156s
  loss_time      =0.0023s
  backward_time  =0.3046s
  optimizer_time =0.0063s
  batch_time     =0.7333s
  cuda_allocated_gb    =0.206
  cuda_reserved_gb     =11.285
  cuda_max_allocated_gb=9.724
[PROFILE batch=5]
  data_time      =0.0005s
  to_device_time =0.0041s
  forward_time   =0.4166s
  loss_time      =0.0023s
  backward_time  =0.3029s
  optimizer_time =0.0064s
  batch_time     =0.7328s
  cuda_allocated_gb    =0.206
  cuda_reserved_gb     =11.285
  cuda_max_allocated_gb=9.724
[PROFILE batch=6]
  data_time      =0.0005s
  to_device_time =0.0042s
  forward_time   =0.4176s
  loss_time      =0.0022s
  backward_time  =0.3030s
  optimizer_time =0.0078s
  batch_time     =0.7352s
  cuda_allocated_gb    =0.206
  cuda_reserved_gb     =11.285
  cuda_max_allocated_gb=9.724
[PROFILE batch=7]
  data_time      =0.0006s
  to_device_time =0.0034s
  forward_time   =0.3407s
  loss_time      =0.0024s
  backward_time  =0.2536s
  optimizer_time =0.0065s
  batch_time     =0.6070s
  cuda_allocated_gb    =0.176
  cuda_reserved_gb     =11.285
  cuda_max_allocated_gb=9.724
[PROFILE batch=8]
  data_time      =0.0005s
  to_device_time =0.0041s
  forward_time   =0.4187s
  loss_time      =0.0023s
  backward_time  =0.3040s
  optimizer_time =0.0069s
  batch_time     =0.7363s
  cuda_allocated_gb    =0.206
  cuda_reserved_gb     =11.285
  cuda_max_allocated_gb=9.724
[PROFILE batch=9]
  data_time      =0.0005s
  to_device_time =0.0041s
  forward_time   =0.4198s
  loss_time      =0.0023s
  backward_time  =0.3050s
  optimizer_time =0.0069s
  batch_time     =0.7385s
  cuda_allocated_gb    =0.207
  cuda_reserved_gb     =11.285
  cuda_max_allocated_gb=9.724
[PROFILE batch=10]
  data_time      =0.0005s
  to_device_time =0.0041s
  forward_time   =0.4158s
  loss_time      =0.0023s
  backward_time  =0.3037s
  optimizer_time =0.0064s
  batch_time     =0.7327s
  cuda_allocated_gb    =0.207
  cuda_reserved_gb     =11.285
  cuda_max_allocated_gb=9.724
[PROFILE batch=11]
  data_time      =0.0005s
  to_device_time =0.0041s
  forward_time   =0.4223s
  loss_time      =0.0023s
  backward_time  =0.3046s
  optimizer_time =0.0069s
  batch_time     =0.7406s
  cuda_allocated_gb    =0.207
  cuda_reserved_gb     =11.285
  cuda_max_allocated_gb=9.724
[PROFILE batch=12]
  data_time      =0.0007s
  to_device_time =0.0041s
  forward_time   =0.4192s
  loss_time      =0.0023s
  backward_time  =0.3053s
  optimizer_time =0.0067s
  batch_time     =0.7381s
  cuda_allocated_gb    =0.207
  cuda_reserved_gb     =11.285
  cuda_max_allocated_gb=9.724
[PROFILE batch=13]
  data_time      =0.0004s
  to_device_time =0.0042s
  forward_time   =0.4183s
  loss_time      =0.0023s
  backward_time  =0.3092s
  optimizer_time =0.0063s
  batch_time     =0.7407s
  cuda_allocated_gb    =0.206
  cuda_reserved_gb     =11.285
  cuda_max_allocated_gb=9.724
[PROFILE batch=14]
  data_time      =0.0005s
  to_device_time =0.0042s
  forward_time   =0.4217s
  loss_time      =0.0022s
  backward_time  =0.3063s
  optimizer_time =0.0062s
  batch_time     =0.7410s
  cuda_allocated_gb    =0.207
  cuda_reserved_gb     =11.285
  cuda_max_allocated_gb=9.724
[PROFILE batch=15]
  data_time      =0.0005s
  to_device_time =0.0034s
  forward_time   =0.3412s
  loss_time      =0.0023s
  backward_time  =0.2559s
  optimizer_time =0.0065s
  batch_time     =0.6098s
  cuda_allocated_gb    =0.176
  cuda_reserved_gb     =11.285
  cuda_max_allocated_gb=9.724
[PROFILE batch=16]
  data_time      =0.0005s
  to_device_time =0.0041s
  forward_time   =0.4206s
  loss_time      =0.0023s
  backward_time  =0.3080s
  optimizer_time =0.0062s
  batch_time     =0.7416s
  cuda_allocated_gb    =0.206
  cuda_reserved_gb     =11.285
  cuda_max_allocated_gb=9.724
[PROFILE batch=17]
  data_time      =0.0005s
  to_device_time =0.0041s
  forward_time   =0.4191s
  loss_time      =0.0023s
  backward_time  =0.3064s
  optimizer_time =0.0064s
  batch_time     =0.7388s
  cuda_allocated_gb    =0.206
  cuda_reserved_gb     =11.285
  cuda_max_allocated_gb=9.724
[PROFILE batch=18]
  data_time      =0.0006s
  to_device_time =0.0041s
  forward_time   =0.4188s
  loss_time      =0.0023s
  backward_time  =0.3064s
  optimizer_time =0.0066s
  batch_time     =0.7388s
  cuda_allocated_gb    =0.207
  cuda_reserved_gb     =11.285
  cuda_max_allocated_gb=9.724
[PROFILE batch=19]
  data_time      =0.0005s
  to_device_time =0.0041s
  forward_time   =0.4214s
  loss_time      =0.0024s
  backward_time  =0.3051s
  optimizer_time =0.0068s
  batch_time     =0.7402s
  cuda_allocated_gb    =0.206
  cuda_reserved_gb     =11.285
  cuda_max_allocated_gb=9.724

[PROFILE average first 20 batches (recorded=20)]
  avg_data_time      =0.0140s
  avg_to_device_time =0.0041s
  avg_forward_time   =0.4114s
  avg_loss_time      =0.0023s
  avg_backward_time  =0.2999s
  avg_optimizer_time =0.0066s
  avg_batch_time     =0.7247s
  estimated_full_epoch_minutes=5.56

val:   0%|          | 0/57 [00:00<?, ?it/s]/usr/local/lib/python3.12/dist-packages/torch/autograd/function.py:583: UserWarning: Was asked to gather along dimension 0, but all input tensors were scalars; will instead unsqueeze and return a vector.
  return super().apply(*args, **kwargs)  # type: ignore[misc]

val:   2%|â–         | 1/57 [00:00<00:35,  1.59it/s]
val:   4%|â–Ž         | 2/57 [00:01<00:27,  1.99it/s]
val:   5%|â–Œ         | 3/57 [00:01<00:24,  2.16it/s]
val:   7%|â–‹         | 4/57 [00:01<00:23,  2.27it/s]
val:   9%|â–‰         | 5/57 [00:02<00:22,  2.33it/s]
val:  11%|â–ˆ         | 6/57 [00:02<00:21,  2.35it/s]
val:  12%|â–ˆâ–        | 7/57 [00:03<00:21,  2.37it/s]
val:  14%|â–ˆâ–        | 8/57 [00:03<00:20,  2.38it/s]
val:  16%|â–ˆâ–Œ        | 9/57 [00:03<00:20,  2.39it/s]
val:  18%|â–ˆâ–Š        | 10/57 [00:04<00:19,  2.41it/s]
                                                    
Epoch 005/015 | loss=2.5411 acc=0.1285 macro_f1=0.1174 | val_loss=2.5331 val_acc=0.1500 val_macro_f1=0.0589 | ckpt_monitor=val_macro_f1:0.0589 best_val_macro_f1=0.0763 best_epoch=1 early_val_macro_f1=0.0763 sec/batch=0.737s
          val pred_count: [562, 28, 18, 31, 1, 0, 0]
          no improvement: 4/12

train 6:   0%|          | 0/460 [00:00<?, ?it/s]/usr/local/lib/python3.12/dist-packages/torch/autograd/function.py:583: UserWarning: Was asked to gather along dimension 0, but all input tensors were scalars; will instead unsqueeze and return a vector.
  return super().apply(*args, **kwargs)  # type: ignore[misc]

train 6:   0%|          | 0/460 [00:01<?, ?it/s, loss=2.5411]
train 6:   0%|          | 1/460 [00:01<07:42,  1.01s/it, loss=2.5411]
train 6:   0%|          | 1/460 [00:01<07:42,  1.01s/it, loss=2.5440]
train 6:   0%|          | 2/460 [00:01<06:33,  1.16it/s, loss=2.5440]
train 6:   0%|          | 2/460 [00:02<06:33,  1.16it/s, loss=2.5281]
train 6:   1%|          | 3/460 [00:02<06:10,  1.23it/s, loss=2.5281]
train 6:   1%|          | 3/460 [00:03<06:10,  1.23it/s, loss=2.5443]
train 6:   1%|          | 4/460 [00:03<05:59,  1.27it/s, loss=2.5443]
train 6:   1%|          | 4/460 [00:04<05:59,  1.27it/s, loss=2.5202]
train 6:   1%|          | 5/460 [00:04<05:53,  1.29it/s, loss=2.5202]
train 6:   1%|          | 5/460 [00:04<05:53,  1.29it/s, loss=2.5387]
train 6:   1%|â–         | 6/460 [00:04<05:48,  1.30it/s, loss=2.5387]
train 6:   1%|â–         | 6/460 [00:05<05:48,  1.30it/s, loss=2.5438]
train 6:   2%|â–         | 7/460 [00:05<05:46,  1.31it/s, loss=2.5438]
train 6:   2%|â–         | 7/460 [00:06<05:46,  1.31it/s, loss=2.5383]
train 6:   2%|â–         | 8/460 [00:06<05:24,  1.39it/s, loss=2.5383]
train 6:   2%|â–         | 8/460 [00:06<05:24,  1.39it/s, loss=2.5306]
train 6:   2%|â–         | 9/460 [00:06<05:29,  1.37it/s, loss=2.5306]
train 6:   2%|â–         | 9/460 [00:07<05:29,  1.37it/s, loss=2.5391]
train 6:   2%|â–         | 10/460 [00:07<05:32,  1.36it/s, loss=2.5391]
train 6:   2%|â–         | 10/460 [00:08<05:32,  1.36it/s, loss=2.5313]
train 6:   2%|â–         | 11/460 [00:08<05:33,  1.35it/s, loss=2.5313]
train 6:   2%|â–         | 11/460 [00:09<05:33,  1.35it/s, loss=2.5193]
train 6:   3%|â–Ž         | 12/460 [00:09<05:52,  1.27it/s, loss=2.5193]
train 6:   3%|â–Ž         | 12/460 [00:10<05:52,  1.27it/s, loss=2.5309]
train 6:   3%|â–Ž         | 13/460 [00:10<05:47,  1.29it/s, loss=2.5309]
train 6:   3%|â–Ž         | 13/460 [00:10<05:47,  1.29it/s, loss=2.5490]
train 6:   3%|â–Ž         | 14/460 [00:10<05:43,  1.30it/s, loss=2.5490]
train 6:   3%|â–Ž         | 14/460 [00:11<05:43,  1.30it/s, loss=2.5330]
train 6:   3%|â–Ž         | 15/460 [00:11<05:41,  1.30it/s, loss=2.5330]
train 6:   3%|â–Ž         | 15/460 [00:12<05:41,  1.30it/s, loss=2.5354]
train 6:   3%|â–Ž         | 16/460 [00:12<05:20,  1.38it/s, loss=2.5354]
train 6:   3%|â–Ž         | 16/460 [00:12<05:20,  1.38it/s, loss=2.5296]
train 6:   4%|â–Ž         | 17/460 [00:12<05:24,  1.37it/s, loss=2.5296]
train 6:   4%|â–Ž         | 17/460 [00:13<05:24,  1.37it/s, loss=2.5534]
train 6:   4%|â–         | 18/460 [00:13<05:26,  1.35it/s, loss=2.5534]
train 6:   4%|â–         | 18/460 [00:14<05:26,  1.35it/s, loss=2.5461]
train 6:   4%|â–         | 19/460 [00:14<05:28,  1.34it/s, loss=2.5461]
train 6:   4%|â–         | 19/460 [00:15<05:28,  1.34it/s, loss=2.5231]
train 6:   4%|â–         | 20/460 [00:15<05:30,  1.33it/s, loss=2.5231]
train 6:   4%|â–         | 20/460 [00:15<05:30,  1.33it/s, loss=2.5283]
train 6:   5%|â–         | 21/460 [00:15<05:29,  1.33it/s, loss=2.5283]
train 6:   5%|â–         | 21/460 [00:16<05:29,  1.33it/s, loss=2.5476]
train 6:   5%|â–         | 22/460 [00:16<05:29,  1.33it/s, loss=2.5476]
train 6:   5%|â–         | 22/460 [00:17<05:29,  1.33it/s, loss=2.5355]
train 6:   5%|â–Œ         | 23/460 [00:17<05:28,  1.33it/s, loss=2.5355]
train 6:   5%|â–Œ         | 23/460 [00:18<05:28,  1.33it/s, loss=2.5423]
train 6:   5%|â–Œ         | 24/460 [00:18<05:10,  1.40it/s, loss=2.5423]
train 6:   5%|â–Œ         | 24/460 [00:18<05:10,  1.40it/s, loss=2.5312]
train 6:   5%|â–Œ         | 25/460 [00:18<05:15,  1.38it/s, loss=2.5312]
train 6:   5%|â–Œ         | 25/460 [00:19<05:15,  1.38it/s, loss=2.5301]
train 6:   6%|â–Œ         | 26/460 [00:19<05:17,  1.37it/s, loss=2.5301]
train 6:   6%|â–Œ         | 26/460 [00:20<05:17,  1.37it/s, loss=2.5534]
train 6:   6%|â–Œ         | 27/460 [00:20<05:17,  1.36it/s, loss=2.5534]
train 6:   6%|â–Œ         | 27/460 [00:21<05:17,  1.36it/s, loss=2.5565]
train 6:   6%|â–Œ         | 28/460 [00:21<05:18,  1.36it/s, loss=2.5565]
train 6:   6%|â–Œ         | 28/460 [00:21<05:18,  1.36it/s, loss=2.5595]
train 6:   6%|â–‹         | 29/460 [00:21<05:17,  1.36it/s, loss=2.5595]
train 6:   6%|â–‹         | 29/460 [00:22<05:17,  1.36it/s, loss=2.5274]
train 6:   7%|â–‹         | 30/460 [00:22<05:16,  1.36it/s, loss=2.5274]
                                                                      
[PROFILE batch=0]
  data_time      =0.2344s
  to_device_time =0.0043s
  forward_time   =0.4469s
  loss_time      =0.0016s
  backward_time  =0.3109s
  optimizer_time =0.0060s
  batch_time     =0.7718s
  cuda_allocated_gb    =0.207
  cuda_reserved_gb     =11.285
  cuda_max_allocated_gb=9.724
[PROFILE batch=1]
  data_time      =0.0003s
  to_device_time =0.0043s
  forward_time   =0.4271s
  loss_time      =0.0021s
  backward_time  =0.3111s
  optimizer_time =0.0064s
  batch_time     =0.7515s
  cuda_allocated_gb    =0.206
  cuda_reserved_gb     =11.285
  cuda_max_allocated_gb=9.724
[PROFILE batch=2]
  data_time      =0.0005s
  to_device_time =0.0041s
  forward_time   =0.4256s
  loss_time      =0.0024s
  backward_time  =0.3093s
  optimizer_time =0.0070s
  batch_time     =0.7489s
  cuda_allocated_gb    =0.207
  cuda_reserved_gb     =11.285
  cuda_max_allocated_gb=9.724
[PROFILE batch=3]
  data_time      =0.0005s
  to_device_time =0.0041s
  forward_time   =0.4283s
  loss_time      =0.0022s
  backward_time  =0.3101s
  optimizer_time =0.0067s
  batch_time     =0.7518s
  cuda_allocated_gb    =0.206
  cuda_reserved_gb     =11.285
  cuda_max_allocated_gb=9.724
[PROFILE batch=4]
  data_time      =0.0007s
  to_device_time =0.0041s
  forward_time   =0.4251s
  loss_time      =0.0027s
  backward_time  =0.3112s
  optimizer_time =0.0063s
  batch_time     =0.7499s
  cuda_allocated_gb    =0.206
  cuda_reserved_gb     =11.285
  cuda_max_allocated_gb=9.724
[PROFILE batch=5]
  data_time      =0.0005s
  to_device_time =0.0041s
  forward_time   =0.4263s
  loss_time      =0.0023s
  backward_time  =0.3094s
  optimizer_time =0.0065s
  batch_time     =0.7491s
  cuda_allocated_gb    =0.206
  cuda_reserved_gb     =11.285
  cuda_max_allocated_gb=9.724
[PROFILE batch=6]
  data_time      =0.0005s
  to_device_time =0.0041s
  forward_time   =0.4297s
  loss_time      =0.0038s
  backward_time  =0.3122s
  optimizer_time =0.0065s
  batch_time     =0.7568s
  cuda_allocated_gb    =0.206
  cuda_reserved_gb     =11.285
  cuda_max_allocated_gb=9.724
[PROFILE batch=7]
  data_time      =0.0005s
  to_device_time =0.0034s
  forward_time   =0.3445s
  loss_time      =0.0023s
  backward_time  =0.2572s
  optimizer_time =0.0065s
  batch_time     =0.6143s
  cuda_allocated_gb    =0.176
  cuda_reserved_gb     =11.285
  cuda_max_allocated_gb=9.724
[PROFILE batch=8]
  data_time      =0.0005s
  to_device_time =0.0042s
  forward_time   =0.4291s
  loss_time      =0.0024s
  backward_time  =0.3117s
  optimizer_time =0.0068s
  batch_time     =0.7546s
  cuda_allocated_gb    =0.206
  cuda_reserved_gb     =11.285
  cuda_max_allocated_gb=9.724
[PROFILE batch=9]
  data_time      =0.0005s
  to_device_time =0.0042s
  forward_time   =0.4272s
  loss_time      =0.0023s
  backward_time  =0.3107s
  optimizer_time =0.0064s
  batch_time     =0.7512s
  cuda_allocated_gb    =0.207
  cuda_reserved_gb     =11.285
  cuda_max_allocated_gb=9.724
[PROFILE batch=10]
  data_time      =0.0005s
  to_device_time =0.0041s
  forward_time   =0.4256s
  loss_time      =0.0024s
  backward_time  =0.3114s
  optimizer_time =0.0065s
  batch_time     =0.7505s
  cuda_allocated_gb    =0.207
  cuda_reserved_gb     =11.285
  cuda_max_allocated_gb=9.724
[PROFILE batch=11]
  data_time      =0.0006s
  to_device_time =0.0042s
  forward_time   =0.5590s
  loss_time      =0.0023s
  backward_time  =0.3125s
  optimizer_time =0.0067s
  batch_time     =0.8852s
  cuda_allocated_gb    =0.207
  cuda_reserved_gb     =11.285
  cuda_max_allocated_gb=9.724
[PROFILE batch=12]
  data_time      =0.0006s
  to_device_time =0.0041s
  forward_time   =0.4251s
  loss_time      =0.0024s
  backward_time  =0.3114s
  optimizer_time =0.0063s
  batch_time     =0.7497s
  cuda_allocated_gb    =0.207
  cuda_reserved_gb     =11.285
  cuda_max_allocated_gb=9.724
[PROFILE batch=13]
  data_time      =0.0004s
  to_device_time =0.0042s
  forward_time   =0.4273s
  loss_time      =0.0024s
  backward_time  =0.3131s
  optimizer_time =0.0069s
  batch_time     =0.7543s
  cuda_allocated_gb    =0.206
  cuda_reserved_gb     =11.285
  cuda_max_allocated_gb=9.724
[PROFILE batch=14]
  data_time      =0.0005s
  to_device_time =0.0041s
  forward_time   =0.4284s
  loss_time      =0.0024s
  backward_time  =0.3146s
  optimizer_time =0.0062s
  batch_time     =0.7563s
  cuda_allocated_gb    =0.207
  cuda_reserved_gb     =11.285
  cuda_max_allocated_gb=9.724
[PROFILE batch=15]
  data_time      =0.0005s
  to_device_time =0.0034s
  forward_time   =0.3459s
  loss_time      =0.0024s
  backward_time  =0.2568s
  optimizer_time =0.0062s
  batch_time     =0.6152s
  cuda_allocated_gb    =0.176
  cuda_reserved_gb     =11.285
  cuda_max_allocated_gb=9.724
[PROFILE batch=16]
  data_time      =0.0005s
  to_device_time =0.0041s
  forward_time   =0.4265s
  loss_time      =0.0024s
  backward_time  =0.3117s
  optimizer_time =0.0062s
  batch_time     =0.7513s
  cuda_allocated_gb    =0.206
  cuda_reserved_gb     =11.285
  cuda_max_allocated_gb=9.724
[PROFILE batch=17]
  data_time      =0.0005s
  to_device_time =0.0041s
  forward_time   =0.4271s
  loss_time      =0.0023s
  backward_time  =0.3106s
  optimizer_time =0.0067s
  batch_time     =0.7512s
  cuda_allocated_gb    =0.206
  cuda_reserved_gb     =11.285
  cuda_max_allocated_gb=9.724
[PROFILE batch=18]
  data_time      =0.0005s
  to_device_time =0.0042s
  forward_time   =0.4247s
  loss_time      =0.0024s
  backward_time  =0.3162s
  optimizer_time =0.0064s
  batch_time     =0.7542s
  cuda_allocated_gb    =0.207
  cuda_reserved_gb     =11.285
  cuda_max_allocated_gb=9.724
[PROFILE batch=19]
  data_time      =0.0005s
  to_device_time =0.0042s
  forward_time   =0.4321s
  loss_time      =0.0023s
  backward_time  =0.3189s
  optimizer_time =0.0063s
  batch_time     =0.7642s
  cuda_allocated_gb    =0.206
  cuda_reserved_gb     =11.285
  cuda_max_allocated_gb=9.724

[PROFILE average first 20 batches (recorded=20)]
  avg_data_time      =0.0122s
  avg_to_device_time =0.0041s
  avg_forward_time   =0.4266s
  avg_loss_time      =0.0024s
  avg_backward_time  =0.3066s
  avg_optimizer_time =0.0065s
  avg_batch_time     =0.7466s
  estimated_full_epoch_minutes=5.72

val:   0%|          | 0/57 [00:00<?, ?it/s]/usr/local/lib/python3.12/dist-packages/torch/autograd/function.py:583: UserWarning: Was asked to gather along dimension 0, but all input tensors were scalars; will instead unsqueeze and return a vector.
  return super().apply(*args, **kwargs)  # type: ignore[misc]

val:   2%|â–         | 1/57 [00:00<00:34,  1.62it/s]
val:   4%|â–Ž         | 2/57 [00:01<00:27,  2.01it/s]
val:   5%|â–Œ         | 3/57 [00:01<00:24,  2.19it/s]
val:   7%|â–‹         | 4/57 [00:01<00:23,  2.28it/s]
val:   9%|â–‰         | 5/57 [00:02<00:22,  2.34it/s]
val:  11%|â–ˆ         | 6/57 [00:02<00:21,  2.38it/s]
val:  12%|â–ˆâ–        | 7/57 [00:03<00:20,  2.41it/s]
val:  14%|â–ˆâ–        | 8/57 [00:03<00:20,  2.43it/s]
val:  16%|â–ˆâ–Œ        | 9/57 [00:03<00:19,  2.44it/s]
val:  18%|â–ˆâ–Š        | 10/57 [00:04<00:19,  2.45it/s]
                                                    
Epoch 006/015 | loss=2.5377 acc=0.1561 macro_f1=0.1407 | val_loss=2.5330 val_acc=0.1453 val_macro_f1=0.0452 | ckpt_monitor=val_macro_f1:0.0452 best_val_macro_f1=0.0763 best_epoch=1 early_val_macro_f1=0.0763 sec/batch=0.752s
          val pred_count: [597, 23, 5, 8, 1, 6, 0]
          no improvement: 5/12

train 7:   0%|          | 0/460 [00:00<?, ?it/s]/usr/local/lib/python3.12/dist-packages/torch/autograd/function.py:583: UserWarning: Was asked to gather along dimension 0, but all input tensors were scalars; will instead unsqueeze and return a vector.
  return super().apply(*args, **kwargs)  # type: ignore[misc]

train 7:   0%|          | 0/460 [00:01<?, ?it/s, loss=2.5181]
train 7:   0%|          | 1/460 [00:01<07:46,  1.02s/it, loss=2.5181]
train 7:   0%|          | 1/460 [00:01<07:46,  1.02s/it, loss=2.5374]
train 7:   0%|          | 2/460 [00:01<06:31,  1.17it/s, loss=2.5374]
train 7:   0%|          | 2/460 [00:02<06:31,  1.17it/s, loss=2.5546]
train 7:   1%|          | 3/460 [00:02<06:08,  1.24it/s, loss=2.5546]
train 7:   1%|          | 3/460 [00:03<06:08,  1.24it/s, loss=2.5245]
train 7:   1%|          | 4/460 [00:03<05:56,  1.28it/s, loss=2.5245]
train 7:   1%|          | 4/460 [00:03<05:56,  1.28it/s, loss=2.5506]
train 7:   1%|          | 5/460 [00:03<05:48,  1.31it/s, loss=2.5506]
train 7:   1%|          | 5/460 [00:04<05:48,  1.31it/s, loss=2.5505]
train 7:   1%|â–         | 6/460 [00:04<05:43,  1.32it/s, loss=2.5505]
train 7:   1%|â–         | 6/460 [00:05<05:43,  1.32it/s, loss=2.5177]
train 7:   2%|â–         | 7/460 [00:05<05:39,  1.33it/s, loss=2.5177]
train 7:   2%|â–         | 7/460 [00:06<05:39,  1.33it/s, loss=2.5466]
train 7:   2%|â–         | 8/460 [00:06<05:18,  1.42it/s, loss=2.5466]
train 7:   2%|â–         | 8/460 [00:06<05:18,  1.42it/s, loss=2.5274]
train 7:   2%|â–         | 9/460 [00:06<05:23,  1.39it/s, loss=2.5274]
train 7:   2%|â–         | 9/460 [00:07<05:23,  1.39it/s, loss=2.5234]
train 7:   2%|â–         | 10/460 [00:07<05:27,  1.37it/s, loss=2.5234]
train 7:   2%|â–         | 10/460 [00:08<05:27,  1.37it/s, loss=2.5394]
train 7:   2%|â–         | 11/460 [00:08<05:28,  1.37it/s, loss=2.5394]
train 7:   2%|â–         | 11/460 [00:09<05:28,  1.37it/s, loss=2.5541]
train 7:   3%|â–Ž         | 12/460 [00:09<05:29,  1.36it/s, loss=2.5541]
train 7:   3%|â–Ž         | 12/460 [00:09<05:29,  1.36it/s, loss=2.5405]
train 7:   3%|â–Ž         | 13/460 [00:09<05:29,  1.36it/s, loss=2.5405]
train 7:   3%|â–Ž         | 13/460 [00:10<05:29,  1.36it/s, loss=2.5544]
train 7:   3%|â–Ž         | 14/460 [00:10<05:29,  1.35it/s, loss=2.5544]
train 7:   3%|â–Ž         | 14/460 [00:11<05:29,  1.35it/s, loss=2.5516]
train 7:   3%|â–Ž         | 15/460 [00:11<05:28,  1.35it/s, loss=2.5516]
train 7:   3%|â–Ž         | 15/460 [00:11<05:28,  1.35it/s, loss=2.5439]
train 7:   3%|â–Ž         | 16/460 [00:11<05:10,  1.43it/s, loss=2.5439]
train 7:   3%|â–Ž         | 16/460 [00:12<05:10,  1.43it/s, loss=2.5549]
train 7:   4%|â–Ž         | 17/460 [00:12<05:15,  1.40it/s, loss=2.5549]
train 7:   4%|â–Ž         | 17/460 [00:13<05:15,  1.40it/s, loss=2.5501]
train 7:   4%|â–         | 18/460 [00:13<05:20,  1.38it/s, loss=2.5501]
train 7:   4%|â–         | 18/460 [00:14<05:20,  1.38it/s, loss=2.5452]
train 7:   4%|â–         | 19/460 [00:14<05:21,  1.37it/s, loss=2.5452]
train 7:   4%|â–         | 19/460 [00:14<05:21,  1.37it/s, loss=2.5462]
train 7:   4%|â–         | 20/460 [00:14<05:23,  1.36it/s, loss=2.5462]
train 7:   4%|â–         | 20/460 [00:15<05:23,  1.36it/s, loss=2.5479]
train 7:   5%|â–         | 21/460 [00:15<05:22,  1.36it/s, loss=2.5479]
train 7:   5%|â–         | 21/460 [00:16<05:22,  1.36it/s, loss=2.5238]
train 7:   5%|â–         | 22/460 [00:16<05:21,  1.36it/s, loss=2.5238]
train 7:   5%|â–         | 22/460 [00:17<05:21,  1.36it/s, loss=2.5408]
train 7:   5%|â–Œ         | 23/460 [00:17<05:20,  1.36it/s, loss=2.5408]
train 7:   5%|â–Œ         | 23/460 [00:17<05:20,  1.36it/s, loss=2.5364]
train 7:   5%|â–Œ         | 24/460 [00:17<05:03,  1.44it/s, loss=2.5364]
train 7:   5%|â–Œ         | 24/460 [00:18<05:03,  1.44it/s, loss=2.5304]
train 7:   5%|â–Œ         | 25/460 [00:18<05:07,  1.42it/s, loss=2.5304]
train 7:   5%|â–Œ         | 25/460 [00:19<05:07,  1.42it/s, loss=2.5528]
train 7:   6%|â–Œ         | 26/460 [00:19<05:10,  1.40it/s, loss=2.5528]
train 7:   6%|â–Œ         | 26/460 [00:19<05:10,  1.40it/s, loss=2.5451]
train 7:   6%|â–Œ         | 27/460 [00:19<05:12,  1.39it/s, loss=2.5451]
train 7:   6%|â–Œ         | 27/460 [00:20<05:12,  1.39it/s, loss=2.5360]
train 7:   6%|â–Œ         | 28/460 [00:20<05:13,  1.38it/s, loss=2.5360]
train 7:   6%|â–Œ         | 28/460 [00:21<05:13,  1.38it/s, loss=2.5313]
train 7:   6%|â–‹         | 29/460 [00:21<05:15,  1.37it/s, loss=2.5313]
train 7:   6%|â–‹         | 29/460 [00:22<05:15,  1.37it/s, loss=2.5400]
train 7:   7%|â–‹         | 30/460 [00:22<05:14,  1.37it/s, loss=2.5400]
                                                                      
[PROFILE batch=0]
  data_time      =0.2664s
  to_device_time =0.0042s
  forward_time   =0.4292s
  loss_time      =0.0013s
  backward_time  =0.3057s
  optimizer_time =0.0062s
  batch_time     =0.7474s
  cuda_allocated_gb    =0.207
  cuda_reserved_gb     =11.285
  cuda_max_allocated_gb=9.724
[PROFILE batch=1]
  data_time      =0.0005s
  to_device_time =0.0041s
  forward_time   =0.4194s
  loss_time      =0.0021s
  backward_time  =0.3047s
  optimizer_time =0.0068s
  batch_time     =0.7375s
  cuda_allocated_gb    =0.206
  cuda_reserved_gb     =11.285
  cuda_max_allocated_gb=9.724
[PROFILE batch=2]
  data_time      =0.0005s
  to_device_time =0.0041s
  forward_time   =0.4172s
  loss_time      =0.0029s
  backward_time  =0.3126s
  optimizer_time =0.0070s
  batch_time     =0.7444s
  cuda_allocated_gb    =0.207
  cuda_reserved_gb     =11.285
  cuda_max_allocated_gb=9.724
[PROFILE batch=3]
  data_time      =0.0005s
  to_device_time =0.0041s
  forward_time   =0.4229s
  loss_time      =0.0023s
  backward_time  =0.3039s
  optimizer_time =0.0067s
  batch_time     =0.7404s
  cuda_allocated_gb    =0.206
  cuda_reserved_gb     =11.285
  cuda_max_allocated_gb=9.724
[PROFILE batch=4]
  data_time      =0.0006s
  to_device_time =0.0041s
  forward_time   =0.4179s
  loss_time      =0.0023s
  backward_time  =0.3040s
  optimizer_time =0.0068s
  batch_time     =0.7355s
  cuda_allocated_gb    =0.206
  cuda_reserved_gb     =11.285
  cuda_max_allocated_gb=9.724
[PROFILE batch=5]
  data_time      =0.0005s
  to_device_time =0.0042s
  forward_time   =0.4167s
  loss_time      =0.0023s
  backward_time  =0.3039s
  optimizer_time =0.0063s
  batch_time     =0.7338s
  cuda_allocated_gb    =0.206
  cuda_reserved_gb     =11.285
  cuda_max_allocated_gb=9.724
[PROFILE batch=6]
  data_time      =0.0005s
  to_device_time =0.0041s
  forward_time   =0.4187s
  loss_time      =0.0023s
  backward_time  =0.3044s
  optimizer_time =0.0062s
  batch_time     =0.7363s
  cuda_allocated_gb    =0.206
  cuda_reserved_gb     =11.285
  cuda_max_allocated_gb=9.724
[PROFILE batch=7]
  data_time      =0.0005s
  to_device_time =0.0034s
  forward_time   =0.3406s
  loss_time      =0.0022s
  backward_time  =0.2532s
  optimizer_time =0.0062s
  batch_time     =0.6060s
  cuda_allocated_gb    =0.176
  cuda_reserved_gb     =11.285
  cuda_max_allocated_gb=9.724
[PROFILE batch=8]
  data_time      =0.0005s
  to_device_time =0.0041s
  forward_time   =0.4179s
  loss_time      =0.0025s
  backward_time  =0.3110s
  optimizer_time =0.0063s
  batch_time     =0.7422s
  cuda_allocated_gb    =0.206
  cuda_reserved_gb     =11.285
  cuda_max_allocated_gb=9.724
[PROFILE batch=9]
  data_time      =0.0004s
  to_device_time =0.0041s
  forward_time   =0.4220s
  loss_time      =0.0023s
  backward_time  =0.3099s
  optimizer_time =0.0068s
  batch_time     =0.7455s
  cuda_allocated_gb    =0.207
  cuda_reserved_gb     =11.285
  cuda_max_allocated_gb=9.724
[PROFILE batch=10]
  data_time      =0.0005s
  to_device_time =0.0041s
  forward_time   =0.4195s
  loss_time      =0.0023s
  backward_time  =0.3046s
  optimizer_time =0.0069s
  batch_time     =0.7378s
  cuda_allocated_gb    =0.207
  cuda_reserved_gb     =11.285
  cuda_max_allocated_gb=9.724
[PROFILE batch=11]
  data_time      =0.0005s
  to_device_time =0.0042s
  forward_time   =0.4210s
  loss_time      =0.0023s
  backward_time  =0.3055s
  optimizer_time =0.0068s
  batch_time     =0.7403s
  cuda_allocated_gb    =0.207
  cuda_reserved_gb     =11.285
  cuda_max_allocated_gb=9.724
[PROFILE batch=12]
  data_time      =0.0007s
  to_device_time =0.0041s
  forward_time   =0.4200s
  loss_time      =0.0025s
  backward_time  =0.3047s
  optimizer_time =0.0070s
  batch_time     =0.7388s
  cuda_allocated_gb    =0.207
  cuda_reserved_gb     =11.285
  cuda_max_allocated_gb=9.724
[PROFILE batch=13]
  data_time      =0.0005s
  to_device_time =0.0041s
  forward_time   =0.4194s
  loss_time      =0.0024s
  backward_time  =0.3042s
  optimizer_time =0.0066s
  batch_time     =0.7371s
  cuda_allocated_gb    =0.206
  cuda_reserved_gb     =11.285
  cuda_max_allocated_gb=9.724
[PROFILE batch=14]
  data_time      =0.0006s
  to_device_time =0.0042s
  forward_time   =0.4179s
  loss_time      =0.0024s
  backward_time  =0.3034s
  optimizer_time =0.0068s
  batch_time     =0.7352s
  cuda_allocated_gb    =0.207
  cuda_reserved_gb     =11.285
  cuda_max_allocated_gb=9.724
[PROFILE batch=15]
  data_time      =0.0005s
  to_device_time =0.0034s
  forward_time   =0.3373s
  loss_time      =0.0023s
  backward_time  =0.2545s
  optimizer_time =0.0068s
  batch_time     =0.6049s
  cuda_allocated_gb    =0.176
  cuda_reserved_gb     =11.285
  cuda_max_allocated_gb=9.724
[PROFILE batch=16]
  data_time      =0.0005s
  to_device_time =0.0042s
  forward_time   =0.4242s
  loss_time      =0.0024s
  backward_time  =0.3049s
  optimizer_time =0.0069s
  batch_time     =0.7432s
  cuda_allocated_gb    =0.206
  cuda_reserved_gb     =11.285
  cuda_max_allocated_gb=9.724
[PROFILE batch=17]
  data_time      =0.0005s
  to_device_time =0.0042s
  forward_time   =0.4282s
  loss_time      =0.0023s
  backward_time  =0.3048s
  optimizer_time =0.0064s
  batch_time     =0.7465s
  cuda_allocated_gb    =0.206
  cuda_reserved_gb     =11.285
  cuda_max_allocated_gb=9.724
[PROFILE batch=18]
  data_time      =0.0005s
  to_device_time =0.0041s
  forward_time   =0.4172s
  loss_time      =0.0023s
  backward_time  =0.3048s
  optimizer_time =0.0067s
  batch_time     =0.7357s
  cuda_allocated_gb    =0.207
  cuda_reserved_gb     =11.285
  cuda_max_allocated_gb=9.724
[PROFILE batch=19]
  data_time      =0.0005s
  to_device_time =0.0042s
  forward_time   =0.4283s
  loss_time      =0.0023s
  backward_time  =0.3052s
  optimizer_time =0.0065s
  batch_time     =0.7470s
  cuda_allocated_gb    =0.206
  cuda_reserved_gb     =11.285
  cuda_max_allocated_gb=9.724

[PROFILE average first 20 batches (recorded=20)]
  avg_data_time      =0.0138s
  avg_to_device_time =0.0041s
  avg_forward_time   =0.4128s
  avg_loss_time      =0.0023s
  avg_backward_time  =0.3005s
  avg_optimizer_time =0.0066s
  avg_batch_time     =0.7268s
  estimated_full_epoch_minutes=5.57

val:   0%|          | 0/57 [00:00<?, ?it/s]/usr/local/lib/python3.12/dist-packages/torch/autograd/function.py:583: UserWarning: Was asked to gather along dimension 0, but all input tensors were scalars; will instead unsqueeze and return a vector.
  return super().apply(*args, **kwargs)  # type: ignore[misc]

val:   2%|â–         | 1/57 [00:00<00:36,  1.54it/s]
val:   4%|â–Ž         | 2/57 [00:01<00:27,  1.98it/s]
val:   5%|â–Œ         | 3/57 [00:01<00:24,  2.17it/s]
val:   7%|â–‹         | 4/57 [00:01<00:23,  2.28it/s]
val:   9%|â–‰         | 5/57 [00:02<00:22,  2.34it/s]
val:  11%|â–ˆ         | 6/57 [00:02<00:21,  2.38it/s]
val:  12%|â–ˆâ–        | 7/57 [00:03<00:20,  2.41it/s]
val:  14%|â–ˆâ–        | 8/57 [00:03<00:20,  2.43it/s]
val:  16%|â–ˆâ–Œ        | 9/57 [00:03<00:19,  2.44it/s]
val:  18%|â–ˆâ–Š        | 10/57 [00:04<00:19,  2.45it/s]
                                                    
Epoch 007/015 | loss=2.5405 acc=0.1263 macro_f1=0.1164 | val_loss=2.5331 val_acc=0.1344 val_macro_f1=0.0992 | ckpt_monitor=val_macro_f1:0.0992 best_val_macro_f1=0.0992 best_epoch=7 early_val_macro_f1=0.0992 sec/batch=0.737s
          val pred_count: [318, 75, 115, 37, 68, 24, 3]
          checkpoint improvement: best_epoch=7
          early stopping monitor improved

train 8:   0%|          | 0/460 [00:00<?, ?it/s]/usr/local/lib/python3.12/dist-packages/torch/autograd/function.py:583: UserWarning: Was asked to gather along dimension 0, but all input tensors were scalars; will instead unsqueeze and return a vector.
  return super().apply(*args, **kwargs)  # type: ignore[misc]

train 8:   0%|          | 0/460 [00:00<?, ?it/s, loss=2.5345]
train 8:   0%|          | 1/460 [00:00<07:36,  1.00it/s, loss=2.5345]
train 8:   0%|          | 1/460 [00:01<07:36,  1.00it/s, loss=2.5306]
train 8:   0%|          | 2/460 [00:01<06:29,  1.18it/s, loss=2.5306]
train 8:   0%|          | 2/460 [00:02<06:29,  1.18it/s, loss=2.5141]
train 8:   1%|          | 3/460 [00:02<06:05,  1.25it/s, loss=2.5141]
train 8:   1%|          | 3/460 [00:03<06:05,  1.25it/s, loss=2.5260]
train 8:   1%|          | 4/460 [00:03<05:54,  1.29it/s, loss=2.5260]
train 8:   1%|          | 4/460 [00:03<05:54,  1.29it/s, loss=2.5247]
train 8:   1%|          | 5/460 [00:03<05:47,  1.31it/s, loss=2.5247]
train 8:   1%|          | 5/460 [00:04<05:47,  1.31it/s, loss=2.5302]
train 8:   1%|â–         | 6/460 [00:04<05:42,  1.32it/s, loss=2.5302]
train 8:   1%|â–         | 6/460 [00:05<05:42,  1.32it/s, loss=2.5396]
train 8:   2%|â–         | 7/460 [00:05<05:40,  1.33it/s, loss=2.5396]
train 8:   2%|â–         | 7/460 [00:06<05:40,  1.33it/s, loss=2.5494]
train 8:   2%|â–         | 8/460 [00:06<05:19,  1.42it/s, loss=2.5494]
train 8:   2%|â–         | 8/460 [00:06<05:19,  1.42it/s, loss=2.5182]
train 8:   2%|â–         | 9/460 [00:06<05:23,  1.39it/s, loss=2.5182]
train 8:   2%|â–         | 9/460 [00:07<05:23,  1.39it/s, loss=2.5332]
train 8:   2%|â–         | 10/460 [00:07<05:26,  1.38it/s, loss=2.5332]
train 8:   2%|â–         | 10/460 [00:08<05:26,  1.38it/s, loss=2.5270]
train 8:   2%|â–         | 11/460 [00:08<05:28,  1.37it/s, loss=2.5270]
train 8:   2%|â–         | 11/460 [00:09<05:28,  1.37it/s, loss=2.5312]
train 8:   3%|â–Ž         | 12/460 [00:09<05:29,  1.36it/s, loss=2.5312]
train 8:   3%|â–Ž         | 12/460 [00:09<05:29,  1.36it/s, loss=2.5474]
train 8:   3%|â–Ž         | 13/460 [00:09<05:29,  1.36it/s, loss=2.5474]
train 8:   3%|â–Ž         | 13/460 [00:10<05:29,  1.36it/s, loss=2.5562]
train 8:   3%|â–Ž         | 14/460 [00:10<05:29,  1.35it/s, loss=2.5562]
train 8:   3%|â–Ž         | 14/460 [00:11<05:29,  1.35it/s, loss=2.5382]
train 8:   3%|â–Ž         | 15/460 [00:11<05:29,  1.35it/s, loss=2.5382]
train 8:   3%|â–Ž         | 15/460 [00:11<05:29,  1.35it/s, loss=2.5281]
train 8:   3%|â–Ž         | 16/460 [00:11<05:11,  1.42it/s, loss=2.5281]
train 8:   3%|â–Ž         | 16/460 [00:12<05:11,  1.42it/s, loss=2.5354]
train 8:   4%|â–Ž         | 17/460 [00:12<05:15,  1.40it/s, loss=2.5354]
train 8:   4%|â–Ž         | 17/460 [00:13<05:15,  1.40it/s, loss=2.5270]
train 8:   4%|â–         | 18/460 [00:13<05:19,  1.38it/s, loss=2.5270]
train 8:   4%|â–         | 18/460 [00:14<05:19,  1.38it/s, loss=2.5384]
train 8:   4%|â–         | 19/460 [00:14<05:21,  1.37it/s, loss=2.5384]
train 8:   4%|â–         | 19/460 [00:14<05:21,  1.37it/s, loss=2.5159]
train 8:   4%|â–         | 20/460 [00:14<05:22,  1.36it/s, loss=2.5159]
train 8:   4%|â–         | 20/460 [00:15<05:22,  1.36it/s, loss=2.5614]
train 8:   5%|â–         | 21/460 [00:15<05:23,  1.36it/s, loss=2.5614]
train 8:   5%|â–         | 21/460 [00:16<05:23,  1.36it/s, loss=2.5325]
train 8:   5%|â–         | 22/460 [00:16<05:24,  1.35it/s, loss=2.5325]
train 8:   5%|â–         | 22/460 [00:17<05:24,  1.35it/s, loss=2.5275]
train 8:   5%|â–Œ         | 23/460 [00:17<05:24,  1.35it/s, loss=2.5275]
train 8:   5%|â–Œ         | 23/460 [00:17<05:24,  1.35it/s, loss=2.5291]
train 8:   5%|â–Œ         | 24/460 [00:17<05:06,  1.42it/s, loss=2.5291]
train 8:   5%|â–Œ         | 24/460 [00:18<05:06,  1.42it/s, loss=2.5318]
train 8:   5%|â–Œ         | 25/460 [00:18<05:12,  1.39it/s, loss=2.5318]
train 8:   5%|â–Œ         | 25/460 [00:19<05:12,  1.39it/s, loss=2.5367]
train 8:   6%|â–Œ         | 26/460 [00:19<05:13,  1.38it/s, loss=2.5367]
train 8:   6%|â–Œ         | 26/460 [00:19<05:13,  1.38it/s, loss=2.5309]
train 8:   6%|â–Œ         | 27/460 [00:19<05:15,  1.37it/s, loss=2.5309]
train 8:   6%|â–Œ         | 27/460 [00:20<05:15,  1.37it/s, loss=2.5372]
train 8:   6%|â–Œ         | 28/460 [00:20<05:15,  1.37it/s, loss=2.5372]
train 8:   6%|â–Œ         | 28/460 [00:21<05:15,  1.37it/s, loss=2.5332]
train 8:   6%|â–‹         | 29/460 [00:21<05:16,  1.36it/s, loss=2.5332]
train 8:   6%|â–‹         | 29/460 [00:22<05:16,  1.36it/s, loss=2.5423]
train 8:   7%|â–‹         | 30/460 [00:22<05:17,  1.36it/s, loss=2.5423]
                                                                      
[PROFILE batch=0]
  data_time      =0.2306s
  to_device_time =0.0043s
  forward_time   =0.4380s
  loss_time      =0.0013s
  backward_time  =0.3106s
  optimizer_time =0.0067s
  batch_time     =0.7620s
  cuda_allocated_gb    =0.207
  cuda_reserved_gb     =11.285
  cuda_max_allocated_gb=9.724
[PROFILE batch=1]
  data_time      =0.0006s
  to_device_time =0.0042s
  forward_time   =0.4259s
  loss_time      =0.0023s
  backward_time  =0.3053s
  optimizer_time =0.0065s
  batch_time     =0.7449s
  cuda_allocated_gb    =0.206
  cuda_reserved_gb     =11.285
  cuda_max_allocated_gb=9.724
[PROFILE batch=2]
  data_time      =0.0005s
  to_device_time =0.0041s
  forward_time   =0.4192s
  loss_time      =0.0024s
  backward_time  =0.3045s
  optimizer_time =0.0069s
  batch_time     =0.7376s
  cuda_allocated_gb    =0.207
  cuda_reserved_gb     =11.285
  cuda_max_allocated_gb=9.724
[PROFILE batch=3]
  data_time      =0.0006s
  to_device_time =0.0041s
  forward_time   =0.4219s
  loss_time      =0.0023s
  backward_time  =0.3042s
  optimizer_time =0.0066s
  batch_time     =0.7395s
  cuda_allocated_gb    =0.206
  cuda_reserved_gb     =11.285
  cuda_max_allocated_gb=9.724
[PROFILE batch=4]
  data_time      =0.0007s
  to_device_time =0.0041s
  forward_time   =0.4181s
  loss_time      =0.0023s
  backward_time  =0.3052s
  optimizer_time =0.0066s
  batch_time     =0.7367s
  cuda_allocated_gb    =0.206
  cuda_reserved_gb     =11.285
  cuda_max_allocated_gb=9.724
[PROFILE batch=5]
  data_time      =0.0002s
  to_device_time =0.0043s
  forward_time   =0.4160s
  loss_time      =0.0024s
  backward_time  =0.3048s
  optimizer_time =0.0065s
  batch_time     =0.7344s
  cuda_allocated_gb    =0.206
  cuda_reserved_gb     =11.285
  cuda_max_allocated_gb=9.724
[PROFILE batch=6]
  data_time      =0.0004s
  to_device_time =0.0042s
  forward_time   =0.4207s
  loss_time      =0.0024s
  backward_time  =0.3055s
  optimizer_time =0.0064s
  batch_time     =0.7396s
  cuda_allocated_gb    =0.206
  cuda_reserved_gb     =11.285
  cuda_max_allocated_gb=9.724
[PROFILE batch=7]
  data_time      =0.0004s
  to_device_time =0.0034s
  forward_time   =0.3396s
  loss_time      =0.0025s
  backward_time  =0.2559s
  optimizer_time =0.0065s
  batch_time     =0.6084s
  cuda_allocated_gb    =0.176
  cuda_reserved_gb     =11.285
  cuda_max_allocated_gb=9.724
[PROFILE batch=8]
  data_time      =0.0004s
  to_device_time =0.0042s
  forward_time   =0.4215s
  loss_time      =0.0023s
  backward_time  =0.3044s
  optimizer_time =0.0072s
  batch_time     =0.7400s
  cuda_allocated_gb    =0.206
  cuda_reserved_gb     =11.285
  cuda_max_allocated_gb=9.724
[PROFILE batch=9]
  data_time      =0.0005s
  to_device_time =0.0041s
  forward_time   =0.4198s
  loss_time      =0.0024s
  backward_time  =0.3058s
  optimizer_time =0.0063s
  batch_time     =0.7388s
  cuda_allocated_gb    =0.207
  cuda_reserved_gb     =11.285
  cuda_max_allocated_gb=9.724
[PROFILE batch=10]
  data_time      =0.0004s
  to_device_time =0.0042s
  forward_time   =0.4205s
  loss_time      =0.0024s
  backward_time  =0.3049s
  optimizer_time =0.0066s
  batch_time     =0.7390s
  cuda_allocated_gb    =0.207
  cuda_reserved_gb     =11.285
  cuda_max_allocated_gb=9.724
[PROFILE batch=11]
  data_time      =0.0005s
  to_device_time =0.0042s
  forward_time   =0.4235s
  loss_time      =0.0023s
  backward_time  =0.3043s
  optimizer_time =0.0063s
  batch_time     =0.7411s
  cuda_allocated_gb    =0.207
  cuda_reserved_gb     =11.285
  cuda_max_allocated_gb=9.724
[PROFILE batch=12]
  data_time      =0.0007s
  to_device_time =0.0041s
  forward_time   =0.4210s
  loss_time      =0.0023s
  backward_time  =0.3057s
  optimizer_time =0.0067s
  batch_time     =0.7403s
  cuda_allocated_gb    =0.207
  cuda_reserved_gb     =11.285
  cuda_max_allocated_gb=9.724
[PROFILE batch=13]
  data_time      =0.0004s
  to_device_time =0.0042s
  forward_time   =0.4214s
  loss_time      =0.0024s
  backward_time  =0.3065s
  optimizer_time =0.0063s
  batch_time     =0.7412s
  cuda_allocated_gb    =0.206
  cuda_reserved_gb     =11.285
  cuda_max_allocated_gb=9.724
[PROFILE batch=14]
  data_time      =0.0004s
  to_device_time =0.0042s
  forward_time   =0.4225s
  loss_time      =0.0023s
  backward_time  =0.3053s
  optimizer_time =0.0069s
  batch_time     =0.7416s
  cuda_allocated_gb    =0.207
  cuda_reserved_gb     =11.285
  cuda_max_allocated_gb=9.724
[PROFILE batch=15]
  data_time      =0.0004s
  to_device_time =0.0034s
  forward_time   =0.3401s
  loss_time      =0.0024s
  backward_time  =0.2555s
  optimizer_time =0.0064s
  batch_time     =0.6083s
  cuda_allocated_gb    =0.176
  cuda_reserved_gb     =11.285
  cuda_max_allocated_gb=9.724
[PROFILE batch=16]
  data_time      =0.0005s
  to_device_time =0.0041s
  forward_time   =0.4170s
  loss_time      =0.0023s
  backward_time  =0.3056s
  optimizer_time =0.0063s
  batch_time     =0.7358s
  cuda_allocated_gb    =0.206
  cuda_reserved_gb     =11.285
  cuda_max_allocated_gb=9.724
[PROFILE batch=17]
  data_time      =0.0004s
  to_device_time =0.0042s
  forward_time   =0.4214s
  loss_time      =0.0023s
  backward_time  =0.3059s
  optimizer_time =0.0068s
  batch_time     =0.7411s
  cuda_allocated_gb    =0.206
  cuda_reserved_gb     =11.285
  cuda_max_allocated_gb=9.724
[PROFILE batch=18]
  data_time      =0.0004s
  to_device_time =0.0042s
  forward_time   =0.4217s
  loss_time      =0.0024s
  backward_time  =0.3049s
  optimizer_time =0.0071s
  batch_time     =0.7407s
  cuda_allocated_gb    =0.207
  cuda_reserved_gb     =11.285
  cuda_max_allocated_gb=9.724
[PROFILE batch=19]
  data_time      =0.0005s
  to_device_time =0.0041s
  forward_time   =0.4225s
  loss_time      =0.0023s
  backward_time  =0.3056s
  optimizer_time =0.0067s
  batch_time     =0.7416s
  cuda_allocated_gb    =0.206
  cuda_reserved_gb     =11.285
  cuda_max_allocated_gb=9.724

[PROFILE average first 20 batches (recorded=20)]
  avg_data_time      =0.0120s
  avg_to_device_time =0.0041s
  avg_forward_time   =0.4136s
  avg_loss_time      =0.0023s
  avg_backward_time  =0.3005s
  avg_optimizer_time =0.0066s
  avg_batch_time     =0.7276s
  estimated_full_epoch_minutes=5.58

val:   0%|          | 0/57 [00:00<?, ?it/s]/usr/local/lib/python3.12/dist-packages/torch/autograd/function.py:583: UserWarning: Was asked to gather along dimension 0, but all input tensors were scalars; will instead unsqueeze and return a vector.
  return super().apply(*args, **kwargs)  # type: ignore[misc]

val:   2%|â–         | 1/57 [00:00<00:34,  1.62it/s]
val:   4%|â–Ž         | 2/57 [00:01<00:27,  2.02it/s]
val:   5%|â–Œ         | 3/57 [00:01<00:24,  2.20it/s]
val:   7%|â–‹         | 4/57 [00:01<00:23,  2.29it/s]
val:   9%|â–‰         | 5/57 [00:02<00:22,  2.35it/s]
val:  11%|â–ˆ         | 6/57 [00:02<00:21,  2.39it/s]
val:  12%|â–ˆâ–        | 7/57 [00:03<00:20,  2.41it/s]
val:  14%|â–ˆâ–        | 8/57 [00:03<00:20,  2.42it/s]
val:  16%|â–ˆâ–Œ        | 9/57 [00:03<00:19,  2.42it/s]
val:  18%|â–ˆâ–Š        | 10/57 [00:04<00:19,  2.43it/s]
                                                    
Epoch 008/015 | loss=2.5336 acc=0.1539 macro_f1=0.1430 | val_loss=2.5331 val_acc=0.1266 val_macro_f1=0.0989 | ckpt_monitor=val_macro_f1:0.0989 best_val_macro_f1=0.0992 best_epoch=7 early_val_macro_f1=0.0992 sec/batch=0.739s
          val pred_count: [278, 47, 115, 61, 108, 27, 4]
          no improvement: 1/12

train 9:   0%|          | 0/460 [00:00<?, ?it/s]/usr/local/lib/python3.12/dist-packages/torch/autograd/function.py:583: UserWarning: Was asked to gather along dimension 0, but all input tensors were scalars; will instead unsqueeze and return a vector.
  return super().apply(*args, **kwargs)  # type: ignore[misc]

train 9:   0%|          | 0/460 [00:01<?, ?it/s, loss=2.5383]
train 9:   0%|          | 1/460 [00:01<07:47,  1.02s/it, loss=2.5383]
train 9:   0%|          | 1/460 [00:01<07:47,  1.02s/it, loss=2.5264]
train 9:   0%|          | 2/460 [00:01<06:32,  1.17it/s, loss=2.5264]
train 9:   0%|          | 2/460 [00:02<06:32,  1.17it/s, loss=2.5359]
train 9:   1%|          | 3/460 [00:02<06:07,  1.24it/s, loss=2.5359]
train 9:   1%|          | 3/460 [00:03<06:07,  1.24it/s, loss=2.5244]
train 9:   1%|          | 4/460 [00:03<05:56,  1.28it/s, loss=2.5244]
train 9:   1%|          | 4/460 [00:03<05:56,  1.28it/s, loss=2.5234]
train 9:   1%|          | 5/460 [00:03<05:49,  1.30it/s, loss=2.5234]
train 9:   1%|          | 5/460 [00:04<05:49,  1.30it/s, loss=2.5537]
train 9:   1%|â–         | 6/460 [00:04<05:45,  1.31it/s, loss=2.5537]
train 9:   1%|â–         | 6/460 [00:05<05:45,  1.31it/s, loss=2.5457]
train 9:   2%|â–         | 7/460 [00:05<05:42,  1.32it/s, loss=2.5457]
train 9:   2%|â–         | 7/460 [00:06<05:42,  1.32it/s, loss=2.5511]
train 9:   2%|â–         | 8/460 [00:06<05:21,  1.41it/s, loss=2.5511]
train 9:   2%|â–         | 8/460 [00:06<05:21,  1.41it/s, loss=2.5422]
train 9:   2%|â–         | 9/460 [00:06<05:25,  1.39it/s, loss=2.5422]
train 9:   2%|â–         | 9/460 [00:07<05:25,  1.39it/s, loss=2.5325]
train 9:   2%|â–         | 10/460 [00:07<05:27,  1.37it/s, loss=2.5325]
train 9:   2%|â–         | 10/460 [00:08<05:27,  1.37it/s, loss=2.5458]
train 9:   2%|â–         | 11/460 [00:08<05:29,  1.36it/s, loss=2.5458]
train 9:   2%|â–         | 11/460 [00:09<05:29,  1.36it/s, loss=2.5462]
train 9:   3%|â–Ž         | 12/460 [00:09<05:30,  1.35it/s, loss=2.5462]
train 9:   3%|â–Ž         | 12/460 [00:09<05:30,  1.35it/s, loss=2.5228]
train 9:   3%|â–Ž         | 13/460 [00:09<05:30,  1.35it/s, loss=2.5228]
train 9:   3%|â–Ž         | 13/460 [00:10<05:30,  1.35it/s, loss=2.5232]
train 9:   3%|â–Ž         | 14/460 [00:10<05:30,  1.35it/s, loss=2.5232]
train 9:   3%|â–Ž         | 14/460 [00:11<05:30,  1.35it/s, loss=2.5406]
train 9:   3%|â–Ž         | 15/460 [00:11<05:30,  1.35it/s, loss=2.5406]
train 9:   3%|â–Ž         | 15/460 [00:11<05:30,  1.35it/s, loss=2.5335]
train 9:   3%|â–Ž         | 16/460 [00:11<05:12,  1.42it/s, loss=2.5335]
train 9:   3%|â–Ž         | 16/460 [00:12<05:12,  1.42it/s, loss=2.5364]
train 9:   4%|â–Ž         | 17/460 [00:12<05:17,  1.40it/s, loss=2.5364]
train 9:   4%|â–Ž         | 17/460 [00:13<05:17,  1.40it/s, loss=2.5293]
train 9:   4%|â–         | 18/460 [00:13<05:20,  1.38it/s, loss=2.5293]
train 9:   4%|â–         | 18/460 [00:14<05:20,  1.38it/s, loss=2.5275]
train 9:   4%|â–         | 19/460 [00:14<05:22,  1.37it/s, loss=2.5275]
train 9:   4%|â–         | 19/460 [00:14<05:22,  1.37it/s, loss=2.5507]
train 9:   4%|â–         | 20/460 [00:14<05:23,  1.36it/s, loss=2.5507]
train 9:   4%|â–         | 20/460 [00:15<05:23,  1.36it/s, loss=2.5474]
train 9:   5%|â–         | 21/460 [00:15<05:22,  1.36it/s, loss=2.5474]
train 9:   5%|â–         | 21/460 [00:16<05:22,  1.36it/s, loss=2.5532]
train 9:   5%|â–         | 22/460 [00:16<05:22,  1.36it/s, loss=2.5532]
train 9:   5%|â–         | 22/460 [00:17<05:22,  1.36it/s, loss=2.5164]
train 9:   5%|â–Œ         | 23/460 [00:17<05:22,  1.36it/s, loss=2.5164]
train 9:   5%|â–Œ         | 23/460 [00:17<05:22,  1.36it/s, loss=2.5517]
train 9:   5%|â–Œ         | 24/460 [00:17<05:04,  1.43it/s, loss=2.5517]
train 9:   5%|â–Œ         | 24/460 [00:18<05:04,  1.43it/s, loss=2.5149]
train 9:   5%|â–Œ         | 25/460 [00:18<05:08,  1.41it/s, loss=2.5149]
train 9:   5%|â–Œ         | 25/460 [00:19<05:08,  1.41it/s, loss=2.5262]
train 9:   6%|â–Œ         | 26/460 [00:19<05:11,  1.39it/s, loss=2.5262]
train 9:   6%|â–Œ         | 26/460 [00:19<05:11,  1.39it/s, loss=2.5493]
train 9:   6%|â–Œ         | 27/460 [00:19<05:13,  1.38it/s, loss=2.5493]
train 9:   6%|â–Œ         | 27/460 [00:20<05:13,  1.38it/s, loss=2.5341]
train 9:   6%|â–Œ         | 28/460 [00:20<05:15,  1.37it/s, loss=2.5341]
train 9:   6%|â–Œ         | 28/460 [00:21<05:15,  1.37it/s, loss=2.5237]
train 9:   6%|â–‹         | 29/460 [00:21<05:17,  1.36it/s, loss=2.5237]
train 9:   6%|â–‹         | 29/460 [00:22<05:17,  1.36it/s, loss=2.5557]
train 9:   7%|â–‹         | 30/460 [00:22<05:16,  1.36it/s, loss=2.5557]
                                                                      
[PROFILE batch=0]
  data_time      =0.2716s
  to_device_time =0.0042s
  forward_time   =0.4260s
  loss_time      =0.0013s
  backward_time  =0.3057s
  optimizer_time =0.0059s
  batch_time     =0.7438s
  cuda_allocated_gb    =0.207
  cuda_reserved_gb     =11.285
  cuda_max_allocated_gb=9.724
[PROFILE batch=1]
  data_time      =0.0005s
  to_device_time =0.0041s
  forward_time   =0.4209s
  loss_time      =0.0021s
  backward_time  =0.3065s
  optimizer_time =0.0068s
  batch_time     =0.7408s
  cuda_allocated_gb    =0.206
  cuda_reserved_gb     =11.285
  cuda_max_allocated_gb=9.724
[PROFILE batch=2]
  data_time      =0.0006s
  to_device_time =0.0041s
  forward_time   =0.4197s
  loss_time      =0.0022s
  backward_time  =0.3057s
  optimizer_time =0.0066s
  batch_time     =0.7386s
  cuda_allocated_gb    =0.207
  cuda_reserved_gb     =11.285
  cuda_max_allocated_gb=9.724
[PROFILE batch=3]
  data_time      =0.0005s
  to_device_time =0.0042s
  forward_time   =0.4269s
  loss_time      =0.0023s
  backward_time  =0.3059s
  optimizer_time =0.0065s
  batch_time     =0.7463s
  cuda_allocated_gb    =0.206
  cuda_reserved_gb     =11.285
  cuda_max_allocated_gb=9.724
[PROFILE batch=4]
  data_time      =0.0007s
  to_device_time =0.0041s
  forward_time   =0.4206s
  loss_time      =0.0023s
  backward_time  =0.3059s
  optimizer_time =0.0068s
  batch_time     =0.7401s
  cuda_allocated_gb    =0.206
  cuda_reserved_gb     =11.285
  cuda_max_allocated_gb=9.724
[PROFILE batch=5]
  data_time      =0.0005s
  to_device_time =0.0042s
  forward_time   =0.4224s
  loss_time      =0.0023s
  backward_time  =0.3066s
  optimizer_time =0.0063s
  batch_time     =0.7423s
  cuda_allocated_gb    =0.206
  cuda_reserved_gb     =11.285
  cuda_max_allocated_gb=9.724
[PROFILE batch=6]
  data_time      =0.0005s
  to_device_time =0.0041s
  forward_time   =0.4223s
  loss_time      =0.0025s
  backward_time  =0.3068s
  optimizer_time =0.0063s
  batch_time     =0.7425s
  cuda_allocated_gb    =0.206
  cuda_reserved_gb     =11.285
  cuda_max_allocated_gb=9.724
[PROFILE batch=7]
  data_time      =0.0005s
  to_device_time =0.0034s
  forward_time   =0.3427s
  loss_time      =0.0024s
  backward_time  =0.2555s
  optimizer_time =0.0069s
  batch_time     =0.6112s
  cuda_allocated_gb    =0.176
  cuda_reserved_gb     =11.285
  cuda_max_allocated_gb=9.724
[PROFILE batch=8]
  data_time      =0.0006s
  to_device_time =0.0041s
  forward_time   =0.4202s
  loss_time      =0.0023s
  backward_time  =0.3060s
  optimizer_time =0.0068s
  batch_time     =0.7399s
  cuda_allocated_gb    =0.206
  cuda_reserved_gb     =11.285
  cuda_max_allocated_gb=9.724
[PROFILE batch=9]
  data_time      =0.0006s
  to_device_time =0.0041s
  forward_time   =0.4211s
  loss_time      =0.0022s
  backward_time  =0.3061s
  optimizer_time =0.0063s
  batch_time     =0.7403s
  cuda_allocated_gb    =0.207
  cuda_reserved_gb     =11.285
  cuda_max_allocated_gb=9.724
[PROFILE batch=10]
  data_time      =0.0005s
  to_device_time =0.0041s
  forward_time   =0.4222s
  loss_time      =0.0023s
  backward_time  =0.3075s
  optimizer_time =0.0064s
  batch_time     =0.7429s
  cuda_allocated_gb    =0.207
  cuda_reserved_gb     =11.285
  cuda_max_allocated_gb=9.724
[PROFILE batch=11]
  data_time      =0.0005s
  to_device_time =0.0041s
  forward_time   =0.4226s
  loss_time      =0.0022s
  backward_time  =0.3058s
  optimizer_time =0.0100s
  batch_time     =0.7452s
  cuda_allocated_gb    =0.207
  cuda_reserved_gb     =11.285
  cuda_max_allocated_gb=9.724
[PROFILE batch=12]
  data_time      =0.0010s
  to_device_time =0.0042s
  forward_time   =0.4209s
  loss_time      =0.0024s
  backward_time  =0.3060s
  optimizer_time =0.0062s
  batch_time     =0.7403s
  cuda_allocated_gb    =0.207
  cuda_reserved_gb     =11.285
  cuda_max_allocated_gb=9.724
[PROFILE batch=13]
  data_time      =0.0005s
  to_device_time =0.0041s
  forward_time   =0.4200s
  loss_time      =0.0023s
  backward_time  =0.3072s
  optimizer_time =0.0062s
  batch_time     =0.7402s
  cuda_allocated_gb    =0.206
  cuda_reserved_gb     =11.285
  cuda_max_allocated_gb=9.724
[PROFILE batch=14]
  data_time      =0.0005s
  to_device_time =0.0042s
  forward_time   =0.4247s
  loss_time      =0.0023s
  backward_time  =0.3069s
  optimizer_time =0.0068s
  batch_time     =0.7455s
  cuda_allocated_gb    =0.207
  cuda_reserved_gb     =11.285
  cuda_max_allocated_gb=9.724
[PROFILE batch=15]
  data_time      =0.0005s
  to_device_time =0.0034s
  forward_time   =0.3430s
  loss_time      =0.0023s
  backward_time  =0.2545s
  optimizer_time =0.0076s
  batch_time     =0.6113s
  cuda_allocated_gb    =0.176
  cuda_reserved_gb     =11.285
  cuda_max_allocated_gb=9.724
[PROFILE batch=16]
  data_time      =0.0006s
  to_device_time =0.0042s
  forward_time   =0.4224s
  loss_time      =0.0023s
  backward_time  =0.3056s
  optimizer_time =0.0063s
  batch_time     =0.7410s
  cuda_allocated_gb    =0.206
  cuda_reserved_gb     =11.285
  cuda_max_allocated_gb=9.724
[PROFILE batch=17]
  data_time      =0.0005s
  to_device_time =0.0041s
  forward_time   =0.4237s
  loss_time      =0.0023s
  backward_time  =0.3071s
  optimizer_time =0.0064s
  batch_time     =0.7441s
  cuda_allocated_gb    =0.206
  cuda_reserved_gb     =11.285
  cuda_max_allocated_gb=9.724
[PROFILE batch=18]
  data_time      =0.0006s
  to_device_time =0.0041s
  forward_time   =0.4204s
  loss_time      =0.0023s
  backward_time  =0.3053s
  optimizer_time =0.0064s
  batch_time     =0.7390s
  cuda_allocated_gb    =0.207
  cuda_reserved_gb     =11.285
  cuda_max_allocated_gb=9.724
[PROFILE batch=19]
  data_time      =0.0005s
  to_device_time =0.0041s
  forward_time   =0.4243s
  loss_time      =0.0025s
  backward_time  =0.3063s
  optimizer_time =0.0065s
  batch_time     =0.7440s
  cuda_allocated_gb    =0.206
  cuda_reserved_gb     =11.285
  cuda_max_allocated_gb=9.724

[PROFILE average first 20 batches (recorded=20)]
  avg_data_time      =0.0141s
  avg_to_device_time =0.0041s
  avg_forward_time   =0.4143s
  avg_loss_time      =0.0023s
  avg_backward_time  =0.3011s
  avg_optimizer_time =0.0067s
  avg_batch_time     =0.7290s
  estimated_full_epoch_minutes=5.59

val:   0%|          | 0/57 [00:00<?, ?it/s]/usr/local/lib/python3.12/dist-packages/torch/autograd/function.py:583: UserWarning: Was asked to gather along dimension 0, but all input tensors were scalars; will instead unsqueeze and return a vector.
  return super().apply(*args, **kwargs)  # type: ignore[misc]

val:   2%|â–         | 1/57 [00:00<00:32,  1.74it/s]
val:   4%|â–Ž         | 2/57 [00:00<00:26,  2.11it/s]
val:   5%|â–Œ         | 3/57 [00:01<00:23,  2.26it/s]
val:   7%|â–‹         | 4/57 [00:01<00:22,  2.34it/s]
val:   9%|â–‰         | 5/57 [00:02<00:21,  2.38it/s]
val:  11%|â–ˆ         | 6/57 [00:02<00:21,  2.39it/s]
val:  12%|â–ˆâ–        | 7/57 [00:03<00:20,  2.41it/s]
val:  14%|â–ˆâ–        | 8/57 [00:03<00:20,  2.43it/s]
val:  16%|â–ˆâ–Œ        | 9/57 [00:03<00:19,  2.44it/s]
val:  18%|â–ˆâ–Š        | 10/57 [00:04<00:19,  2.45it/s]
                                                    
Epoch 009/015 | loss=2.5367 acc=0.1502 macro_f1=0.1391 | val_loss=2.5331 val_acc=0.1359 val_macro_f1=0.1091 | ckpt_monitor=val_macro_f1:0.1091 best_val_macro_f1=0.1091 best_epoch=9 early_val_macro_f1=0.1091 sec/batch=0.740s
          val pred_count: [174, 95, 86, 160, 76, 33, 16]
          checkpoint improvement: best_epoch=9
          early stopping monitor improved

train 10:   0%|          | 0/460 [00:00<?, ?it/s]/usr/local/lib/python3.12/dist-packages/torch/autograd/function.py:583: UserWarning: Was asked to gather along dimension 0, but all input tensors were scalars; will instead unsqueeze and return a vector.
  return super().apply(*args, **kwargs)  # type: ignore[misc]

train 10:   0%|          | 0/460 [00:01<?, ?it/s, loss=2.5164]
train 10:   0%|          | 1/460 [00:01<07:45,  1.01s/it, loss=2.5164]
train 10:   0%|          | 1/460 [00:01<07:45,  1.01s/it, loss=2.5428]
train 10:   0%|          | 2/460 [00:01<06:32,  1.17it/s, loss=2.5428]
train 10:   0%|          | 2/460 [00:02<06:32,  1.17it/s, loss=2.5281]
train 10:   1%|          | 3/460 [00:02<06:10,  1.23it/s, loss=2.5281]
train 10:   1%|          | 3/460 [00:03<06:10,  1.23it/s, loss=2.5253]
train 10:   1%|          | 4/460 [00:03<05:58,  1.27it/s, loss=2.5253]
train 10:   1%|          | 4/460 [00:04<05:58,  1.27it/s, loss=2.5505]
train 10:   1%|          | 5/460 [00:04<05:50,  1.30it/s, loss=2.5505]
train 10:   1%|          | 5/460 [00:04<05:50,  1.30it/s, loss=2.5380]
train 10:   1%|â–         | 6/460 [00:04<05:46,  1.31it/s, loss=2.5380]
train 10:   1%|â–         | 6/460 [00:05<05:46,  1.31it/s, loss=2.5379]
train 10:   2%|â–         | 7/460 [00:05<05:43,  1.32it/s, loss=2.5379]
train 10:   2%|â–         | 7/460 [00:06<05:43,  1.32it/s, loss=2.5402]
train 10:   2%|â–         | 8/460 [00:06<05:22,  1.40it/s, loss=2.5402]
train 10:   2%|â–         | 8/460 [00:06<05:22,  1.40it/s, loss=2.5425]
train 10:   2%|â–         | 9/460 [00:06<05:26,  1.38it/s, loss=2.5425]
train 10:   2%|â–         | 9/460 [00:07<05:26,  1.38it/s, loss=2.5382]
train 10:   2%|â–         | 10/460 [00:07<05:29,  1.37it/s, loss=2.5382]
train 10:   2%|â–         | 10/460 [00:08<05:29,  1.37it/s, loss=2.5183]
train 10:   2%|â–         | 11/460 [00:08<05:30,  1.36it/s, loss=2.5183]
train 10:   2%|â–         | 11/460 [00:09<05:30,  1.36it/s, loss=2.5381]
train 10:   3%|â–Ž         | 12/460 [00:09<05:30,  1.35it/s, loss=2.5381]
train 10:   3%|â–Ž         | 12/460 [00:09<05:30,  1.35it/s, loss=2.5274]
train 10:   3%|â–Ž         | 13/460 [00:09<05:30,  1.35it/s, loss=2.5274]
train 10:   3%|â–Ž         | 13/460 [00:10<05:30,  1.35it/s, loss=2.5392]
train 10:   3%|â–Ž         | 14/460 [00:10<05:30,  1.35it/s, loss=2.5392]
train 10:   3%|â–Ž         | 14/460 [00:11<05:30,  1.35it/s, loss=2.5326]
train 10:   3%|â–Ž         | 15/460 [00:11<05:30,  1.35it/s, loss=2.5326]
train 10:   3%|â–Ž         | 15/460 [00:11<05:30,  1.35it/s, loss=2.5116]
train 10:   3%|â–Ž         | 16/460 [00:11<05:12,  1.42it/s, loss=2.5116]
train 10:   3%|â–Ž         | 16/460 [00:12<05:12,  1.42it/s, loss=2.5395]
train 10:   4%|â–Ž         | 17/460 [00:12<05:16,  1.40it/s, loss=2.5395]
train 10:   4%|â–Ž         | 17/460 [00:13<05:16,  1.40it/s, loss=2.5317]
train 10:   4%|â–         | 18/460 [00:13<05:19,  1.38it/s, loss=2.5317]
train 10:   4%|â–         | 18/460 [00:14<05:19,  1.38it/s, loss=2.5350]
train 10:   4%|â–         | 19/460 [00:14<05:21,  1.37it/s, loss=2.5350]
train 10:   4%|â–         | 19/460 [00:14<05:21,  1.37it/s, loss=2.5370]
train 10:   4%|â–         | 20/460 [00:14<05:23,  1.36it/s, loss=2.5370]
train 10:   4%|â–         | 20/460 [00:15<05:23,  1.36it/s, loss=2.5314]
train 10:   5%|â–         | 21/460 [00:15<05:24,  1.35it/s, loss=2.5314]
train 10:   5%|â–         | 21/460 [00:16<05:24,  1.35it/s, loss=2.5268]
train 10:   5%|â–         | 22/460 [00:16<05:23,  1.35it/s, loss=2.5268]
train 10:   5%|â–         | 22/460 [00:17<05:23,  1.35it/s, loss=2.5358]
train 10:   5%|â–Œ         | 23/460 [00:17<05:23,  1.35it/s, loss=2.5358]
train 10:   5%|â–Œ         | 23/460 [00:17<05:23,  1.35it/s, loss=2.5313]
train 10:   5%|â–Œ         | 24/460 [00:17<05:05,  1.43it/s, loss=2.5313]
train 10:   5%|â–Œ         | 24/460 [00:18<05:05,  1.43it/s, loss=2.5497]
train 10:   5%|â–Œ         | 25/460 [00:18<05:10,  1.40it/s, loss=2.5497]
train 10:   5%|â–Œ         | 25/460 [00:19<05:10,  1.40it/s, loss=2.5235]
train 10:   6%|â–Œ         | 26/460 [00:19<05:12,  1.39it/s, loss=2.5235]
train 10:   6%|â–Œ         | 26/460 [00:19<05:12,  1.39it/s, loss=2.5283]
train 10:   6%|â–Œ         | 27/460 [00:19<05:15,  1.37it/s, loss=2.5283]
train 10:   6%|â–Œ         | 27/460 [00:20<05:15,  1.37it/s, loss=2.5279]
train 10:   6%|â–Œ         | 28/460 [00:20<05:16,  1.37it/s, loss=2.5279]
train 10:   6%|â–Œ         | 28/460 [00:21<05:16,  1.37it/s, loss=2.5321]
train 10:   6%|â–‹         | 29/460 [00:21<05:18,  1.35it/s, loss=2.5321]
train 10:   6%|â–‹         | 29/460 [00:22<05:18,  1.35it/s, loss=2.5379]
train 10:   7%|â–‹         | 30/460 [00:22<05:17,  1.35it/s, loss=2.5379]
                                                                       
[PROFILE batch=0]
  data_time      =0.2572s
  to_device_time =0.0042s
  forward_time   =0.4368s
  loss_time      =0.0013s
  backward_time  =0.3055s
  optimizer_time =0.0060s
  batch_time     =0.7545s
  cuda_allocated_gb    =0.207
  cuda_reserved_gb     =11.285
  cuda_max_allocated_gb=9.724
[PROFILE batch=1]
  data_time      =0.0005s
  to_device_time =0.0042s
  forward_time   =0.4251s
  loss_time      =0.0021s
  backward_time  =0.3067s
  optimizer_time =0.0065s
  batch_time     =0.7451s
  cuda_allocated_gb    =0.206
  cuda_reserved_gb     =11.285
  cuda_max_allocated_gb=9.724
[PROFILE batch=2]
  data_time      =0.0005s
  to_device_time =0.0041s
  forward_time   =0.4205s
  loss_time      =0.0029s
  backward_time  =0.3168s
  optimizer_time =0.0072s
  batch_time     =0.7521s
  cuda_allocated_gb    =0.207
  cuda_reserved_gb     =11.285
  cuda_max_allocated_gb=9.724
[PROFILE batch=3]
  data_time      =0.0005s
  to_device_time =0.0042s
  forward_time   =0.4263s
  loss_time      =0.0023s
  backward_time  =0.3057s
  optimizer_time =0.0069s
  batch_time     =0.7460s
  cuda_allocated_gb    =0.206
  cuda_reserved_gb     =11.285
  cuda_max_allocated_gb=9.724
[PROFILE batch=4]
  data_time      =0.0007s
  to_device_time =0.0041s
  forward_time   =0.4211s
  loss_time      =0.0022s
  backward_time  =0.3055s
  optimizer_time =0.0069s
  batch_time     =0.7403s
  cuda_allocated_gb    =0.206
  cuda_reserved_gb     =11.285
  cuda_max_allocated_gb=9.724
[PROFILE batch=5]
  data_time      =0.0005s
  to_device_time =0.0042s
  forward_time   =0.4237s
  loss_time      =0.0023s
  backward_time  =0.3057s
  optimizer_time =0.0070s
  batch_time     =0.7435s
  cuda_allocated_gb    =0.206
  cuda_reserved_gb     =11.285
  cuda_max_allocated_gb=9.724
[PROFILE batch=6]
  data_time      =0.0004s
  to_device_time =0.0041s
  forward_time   =0.4225s
  loss_time      =0.0025s
  backward_time  =0.3074s
  optimizer_time =0.0065s
  batch_time     =0.7434s
  cuda_allocated_gb    =0.206
  cuda_reserved_gb     =11.285
  cuda_max_allocated_gb=9.724
[PROFILE batch=7]
  data_time      =0.0005s
  to_device_time =0.0034s
  forward_time   =0.3466s
  loss_time      =0.0023s
  backward_time  =0.2569s
  optimizer_time =0.0068s
  batch_time     =0.6166s
  cuda_allocated_gb    =0.176
  cuda_reserved_gb     =11.285
  cuda_max_allocated_gb=9.724
[PROFILE batch=8]
  data_time      =0.0005s
  to_device_time =0.0041s
  forward_time   =0.4227s
  loss_time      =0.0023s
  backward_time  =0.3060s
  optimizer_time =0.0066s
  batch_time     =0.7422s
  cuda_allocated_gb    =0.206
  cuda_reserved_gb     =11.285
  cuda_max_allocated_gb=9.724
[PROFILE batch=9]
  data_time      =0.0005s
  to_device_time =0.0042s
  forward_time   =0.4261s
  loss_time      =0.0023s
  backward_time  =0.3065s
  optimizer_time =0.0069s
  batch_time     =0.7465s
  cuda_allocated_gb    =0.207
  cuda_reserved_gb     =11.285
  cuda_max_allocated_gb=9.724
[PROFILE batch=10]
  data_time      =0.0005s
  to_device_time =0.0041s
  forward_time   =0.4195s
  loss_time      =0.0025s
  backward_time  =0.3074s
  optimizer_time =0.0075s
  batch_time     =0.7414s
  cuda_allocated_gb    =0.207
  cuda_reserved_gb     =11.285
  cuda_max_allocated_gb=9.724
[PROFILE batch=11]
  data_time      =0.0006s
  to_device_time =0.0041s
  forward_time   =0.4202s
  loss_time      =0.0026s
  backward_time  =0.3059s
  optimizer_time =0.0069s
  batch_time     =0.7402s
  cuda_allocated_gb    =0.207
  cuda_reserved_gb     =11.285
  cuda_max_allocated_gb=9.724
[PROFILE batch=12]
  data_time      =0.0007s
  to_device_time =0.0041s
  forward_time   =0.4229s
  loss_time      =0.0023s
  backward_time  =0.3060s
  optimizer_time =0.0067s
  batch_time     =0.7425s
  cuda_allocated_gb    =0.207
  cuda_reserved_gb     =11.285
  cuda_max_allocated_gb=9.724
[PROFILE batch=13]
  data_time      =0.0005s
  to_device_time =0.0041s
  forward_time   =0.4214s
  loss_time      =0.0023s
  backward_time  =0.3067s
  optimizer_time =0.0069s
  batch_time     =0.7419s
  cuda_allocated_gb    =0.206
  cuda_reserved_gb     =11.285
  cuda_max_allocated_gb=9.724
[PROFILE batch=14]
  data_time      =0.0006s
  to_device_time =0.0041s
  forward_time   =0.4199s
  loss_time      =0.0022s
  backward_time  =0.3057s
  optimizer_time =0.0071s
  batch_time     =0.7396s
  cuda_allocated_gb    =0.207
  cuda_reserved_gb     =11.285
  cuda_max_allocated_gb=9.724
[PROFILE batch=15]
  data_time      =0.0006s
  to_device_time =0.0034s
  forward_time   =0.3445s
  loss_time      =0.0023s
  backward_time  =0.2556s
  optimizer_time =0.0065s
  batch_time     =0.6128s
  cuda_allocated_gb    =0.176
  cuda_reserved_gb     =11.285
  cuda_max_allocated_gb=9.724
[PROFILE batch=16]
  data_time      =0.0005s
  to_device_time =0.0041s
  forward_time   =0.4186s
  loss_time      =0.0023s
  backward_time  =0.3059s
  optimizer_time =0.0072s
  batch_time     =0.7385s
  cuda_allocated_gb    =0.206
  cuda_reserved_gb     =11.285
  cuda_max_allocated_gb=9.724
[PROFILE batch=17]
  data_time      =0.0005s
  to_device_time =0.0041s
  forward_time   =0.4200s
  loss_time      =0.0023s
  backward_time  =0.3061s
  optimizer_time =0.0065s
  batch_time     =0.7396s
  cuda_allocated_gb    =0.206
  cuda_reserved_gb     =11.285
  cuda_max_allocated_gb=9.724
[PROFILE batch=18]
  data_time      =0.0005s
  to_device_time =0.0042s
  forward_time   =0.4217s
  loss_time      =0.0023s
  backward_time  =0.3056s
  optimizer_time =0.0067s
  batch_time     =0.7409s
  cuda_allocated_gb    =0.207
  cuda_reserved_gb     =11.285
  cuda_max_allocated_gb=9.724
[PROFILE batch=19]
  data_time      =0.0005s
  to_device_time =0.0041s
  forward_time   =0.4233s
  loss_time      =0.0023s
  backward_time  =0.3065s
  optimizer_time =0.0066s
  batch_time     =0.7434s
  cuda_allocated_gb    =0.206
  cuda_reserved_gb     =11.285
  cuda_max_allocated_gb=9.724

[PROFILE average first 20 batches (recorded=20)]
  avg_data_time      =0.0134s
  avg_to_device_time =0.0041s
  avg_forward_time   =0.4152s
  avg_loss_time      =0.0023s
  avg_backward_time  =0.3017s
  avg_optimizer_time =0.0068s
  avg_batch_time     =0.7306s
  estimated_full_epoch_minutes=5.60

val:   0%|          | 0/57 [00:00<?, ?it/s]/usr/local/lib/python3.12/dist-packages/torch/autograd/function.py:583: UserWarning: Was asked to gather along dimension 0, but all input tensors were scalars; will instead unsqueeze and return a vector.
  return super().apply(*args, **kwargs)  # type: ignore[misc]

val:   2%|â–         | 1/57 [00:00<00:35,  1.56it/s]
val:   4%|â–Ž         | 2/57 [00:01<00:27,  1.98it/s]
val:   5%|â–Œ         | 3/57 [00:01<00:25,  2.16it/s]
val:   7%|â–‹         | 4/57 [00:01<00:23,  2.26it/s]
val:   9%|â–‰         | 5/57 [00:02<00:22,  2.32it/s]
val:  11%|â–ˆ         | 6/57 [00:02<00:21,  2.37it/s]
val:  12%|â–ˆâ–        | 7/57 [00:03<00:20,  2.40it/s]
val:  14%|â–ˆâ–        | 8/57 [00:03<00:20,  2.42it/s]
val:  16%|â–ˆâ–Œ        | 9/57 [00:03<00:19,  2.43it/s]
val:  18%|â–ˆâ–Š        | 10/57 [00:04<00:19,  2.44it/s]
                                                    
Epoch 010/015 | loss=2.5332 acc=0.1624 macro_f1=0.1508 | val_loss=2.5331 val_acc=0.1156 val_macro_f1=0.1004 | ckpt_monitor=val_macro_f1:0.1004 best_val_macro_f1=0.1091 best_epoch=9 early_val_macro_f1=0.1091 sec/batch=0.741s
          val pred_count: [196, 104, 161, 49, 74, 38, 18]
          no improvement: 1/12

train 11:   0%|          | 0/460 [00:00<?, ?it/s]/usr/local/lib/python3.12/dist-packages/torch/autograd/function.py:583: UserWarning: Was asked to gather along dimension 0, but all input tensors were scalars; will instead unsqueeze and return a vector.
  return super().apply(*args, **kwargs)  # type: ignore[misc]

train 11:   0%|          | 0/460 [00:00<?, ?it/s, loss=2.5381]
train 11:   0%|          | 1/460 [00:00<07:35,  1.01it/s, loss=2.5381]
train 11:   0%|          | 1/460 [00:01<07:35,  1.01it/s, loss=2.5305]
train 11:   0%|          | 2/460 [00:01<06:27,  1.18it/s, loss=2.5305]
train 11:   0%|          | 2/460 [00:02<06:27,  1.18it/s, loss=2.5480]
train 11:   1%|          | 3/460 [00:02<06:05,  1.25it/s, loss=2.5480]
train 11:   1%|          | 3/460 [00:03<06:05,  1.25it/s, loss=2.5222]
train 11:   1%|          | 4/460 [00:03<05:56,  1.28it/s, loss=2.5222]
train 11:   1%|          | 4/460 [00:03<05:56,  1.28it/s, loss=2.5232]
train 11:   1%|          | 5/460 [00:03<05:50,  1.30it/s, loss=2.5232]
train 11:   1%|          | 5/460 [00:04<05:50,  1.30it/s, loss=2.5281]
train 11:   1%|â–         | 6/460 [00:04<05:45,  1.31it/s, loss=2.5281]
train 11:   1%|â–         | 6/460 [00:05<05:45,  1.31it/s, loss=2.5566]
train 11:   2%|â–         | 7/460 [00:05<05:42,  1.32it/s, loss=2.5566]
train 11:   2%|â–         | 7/460 [00:06<05:42,  1.32it/s, loss=2.5556]
train 11:   2%|â–         | 8/460 [00:06<05:23,  1.40it/s, loss=2.5556]
train 11:   2%|â–         | 8/460 [00:06<05:23,  1.40it/s, loss=2.5336]
train 11:   2%|â–         | 9/460 [00:06<05:27,  1.38it/s, loss=2.5336]
train 11:   2%|â–         | 9/460 [00:07<05:27,  1.38it/s, loss=2.5410]
train 11:   2%|â–         | 10/460 [00:07<05:28,  1.37it/s, loss=2.5410]
train 11:   2%|â–         | 10/460 [00:08<05:28,  1.37it/s, loss=2.5355]
train 11:   2%|â–         | 11/460 [00:08<05:30,  1.36it/s, loss=2.5355]
train 11:   2%|â–         | 11/460 [00:09<05:30,  1.36it/s, loss=2.5356]
train 11:   3%|â–Ž         | 12/460 [00:09<05:31,  1.35it/s, loss=2.5356]
train 11:   3%|â–Ž         | 12/460 [00:09<05:31,  1.35it/s, loss=2.5281]
train 11:   3%|â–Ž         | 13/460 [00:09<05:30,  1.35it/s, loss=2.5281]
train 11:   3%|â–Ž         | 13/460 [00:10<05:30,  1.35it/s, loss=2.5404]
train 11:   3%|â–Ž         | 14/460 [00:10<05:30,  1.35it/s, loss=2.5404]
train 11:   3%|â–Ž         | 14/460 [00:11<05:30,  1.35it/s, loss=2.5407]
train 11:   3%|â–Ž         | 15/460 [00:11<05:31,  1.34it/s, loss=2.5407]
train 11:   3%|â–Ž         | 15/460 [00:11<05:31,  1.34it/s, loss=2.5435]
train 11:   3%|â–Ž         | 16/460 [00:11<05:13,  1.42it/s, loss=2.5435]
train 11:   3%|â–Ž         | 16/460 [00:12<05:13,  1.42it/s, loss=2.5609]
train 11:   4%|â–Ž         | 17/460 [00:12<05:18,  1.39it/s, loss=2.5609]
train 11:   4%|â–Ž         | 17/460 [00:13<05:18,  1.39it/s, loss=2.5333]
train 11:   4%|â–         | 18/460 [00:13<05:20,  1.38it/s, loss=2.5333]
train 11:   4%|â–         | 18/460 [00:14<05:20,  1.38it/s, loss=2.5443]
train 11:   4%|â–         | 19/460 [00:14<05:22,  1.37it/s, loss=2.5443]
train 11:   4%|â–         | 19/460 [00:14<05:22,  1.37it/s, loss=2.5294]
train 11:   4%|â–         | 20/460 [00:14<05:24,  1.36it/s, loss=2.5294]
train 11:   4%|â–         | 20/460 [00:15<05:24,  1.36it/s, loss=2.5277]
train 11:   5%|â–         | 21/460 [00:15<05:23,  1.36it/s, loss=2.5277]
train 11:   5%|â–         | 21/460 [00:16<05:23,  1.36it/s, loss=2.5592]
train 11:   5%|â–         | 22/460 [00:16<05:22,  1.36it/s, loss=2.5592]
train 11:   5%|â–         | 22/460 [00:17<05:22,  1.36it/s, loss=2.5386]
train 11:   5%|â–Œ         | 23/460 [00:17<05:22,  1.35it/s, loss=2.5386]
train 11:   5%|â–Œ         | 23/460 [00:17<05:22,  1.35it/s, loss=2.5269]
train 11:   5%|â–Œ         | 24/460 [00:17<05:04,  1.43it/s, loss=2.5269]
train 11:   5%|â–Œ         | 24/460 [00:18<05:04,  1.43it/s, loss=2.5341]
train 11:   5%|â–Œ         | 25/460 [00:18<05:09,  1.41it/s, loss=2.5341]
train 11:   5%|â–Œ         | 25/460 [00:19<05:09,  1.41it/s, loss=2.5377]
train 11:   6%|â–Œ         | 26/460 [00:19<05:12,  1.39it/s, loss=2.5377]
train 11:   6%|â–Œ         | 26/460 [00:19<05:12,  1.39it/s, loss=2.5436]
train 11:   6%|â–Œ         | 27/460 [00:19<05:14,  1.38it/s, loss=2.5436]
train 11:   6%|â–Œ         | 27/460 [00:20<05:14,  1.38it/s, loss=2.5390]
train 11:   6%|â–Œ         | 28/460 [00:20<04:14,  1.69it/s, loss=2.5390]
train 11:   6%|â–Œ         | 28/460 [00:20<04:14,  1.69it/s, loss=2.5340]
train 11:   6%|â–‹         | 29/460 [00:20<04:33,  1.58it/s, loss=2.5340]
train 11:   6%|â–‹         | 29/460 [00:21<04:33,  1.58it/s, loss=2.5232]
train 11:   7%|â–‹         | 30/460 [00:21<04:46,  1.50it/s, loss=2.5232]
                                                                       
[PROFILE batch=0]
  data_time      =0.2473s
  to_device_time =0.0042s
  forward_time   =0.4236s
  loss_time      =0.0013s
  backward_time  =0.3067s
  optimizer_time =0.0065s
  batch_time     =0.7429s
  cuda_allocated_gb    =0.207
  cuda_reserved_gb     =11.285
  cuda_max_allocated_gb=9.724
[PROFILE batch=1]
  data_time      =0.0005s
  to_device_time =0.0041s
  forward_time   =0.4204s
  loss_time      =0.0022s
  backward_time  =0.3072s
  optimizer_time =0.0069s
  batch_time     =0.7414s
  cuda_allocated_gb    =0.206
  cuda_reserved_gb     =11.285
  cuda_max_allocated_gb=9.724
[PROFILE batch=2]
  data_time      =0.0005s
  to_device_time =0.0041s
  forward_time   =0.4213s
  loss_time      =0.0022s
  backward_time  =0.3053s
  optimizer_time =0.0071s
  batch_time     =0.7404s
  cuda_allocated_gb    =0.207
  cuda_reserved_gb     =11.285
  cuda_max_allocated_gb=9.724
[PROFILE batch=3]
  data_time      =0.0006s
  to_device_time =0.0041s
  forward_time   =0.4237s
  loss_time      =0.0026s
  backward_time  =0.3130s
  optimizer_time =0.0066s
  batch_time     =0.7505s
  cuda_allocated_gb    =0.206
  cuda_reserved_gb     =11.285
  cuda_max_allocated_gb=9.724
[PROFILE batch=4]
  data_time      =0.0007s
  to_device_time =0.0041s
  forward_time   =0.4183s
  loss_time      =0.0023s
  backward_time  =0.3152s
  optimizer_time =0.0073s
  batch_time     =0.7477s
  cuda_allocated_gb    =0.206
  cuda_reserved_gb     =11.285
  cuda_max_allocated_gb=9.724
[PROFILE batch=5]
  data_time      =0.0005s
  to_device_time =0.0041s
  forward_time   =0.4189s
  loss_time      =0.0023s
  backward_time  =0.3088s
  optimizer_time =0.0068s
  batch_time     =0.7413s
  cuda_allocated_gb    =0.206
  cuda_reserved_gb     =11.285
  cuda_max_allocated_gb=9.724
[PROFILE batch=6]
  data_time      =0.0006s
  to_device_time =0.0041s
  forward_time   =0.4215s
  loss_time      =0.0025s
  backward_time  =0.3058s
  optimizer_time =0.0065s
  batch_time     =0.7409s
  cuda_allocated_gb    =0.206
  cuda_reserved_gb     =11.285
  cuda_max_allocated_gb=9.724
[PROFILE batch=7]
  data_time      =0.0006s
  to_device_time =0.0034s
  forward_time   =0.3446s
  loss_time      =0.0040s
  backward_time  =0.2633s
  optimizer_time =0.0066s
  batch_time     =0.6224s
  cuda_allocated_gb    =0.176
  cuda_reserved_gb     =11.285
  cuda_max_allocated_gb=9.724
[PROFILE batch=8]
  data_time      =0.0006s
  to_device_time =0.0042s
  forward_time   =0.4225s
  loss_time      =0.0023s
  backward_time  =0.3083s
  optimizer_time =0.0068s
  batch_time     =0.7447s
  cuda_allocated_gb    =0.206
  cuda_reserved_gb     =11.285
  cuda_max_allocated_gb=9.724
[PROFILE batch=9]
  data_time      =0.0006s
  to_device_time =0.0041s
  forward_time   =0.4205s
  loss_time      =0.0024s
  backward_time  =0.3063s
  optimizer_time =0.0066s
  batch_time     =0.7404s
  cuda_allocated_gb    =0.207
  cuda_reserved_gb     =11.285
  cuda_max_allocated_gb=9.724
[PROFILE batch=10]
  data_time      =0.0006s
  to_device_time =0.0041s
  forward_time   =0.4199s
  loss_time      =0.0025s
  backward_time  =0.3072s
  optimizer_time =0.0072s
  batch_time     =0.7414s
  cuda_allocated_gb    =0.207
  cuda_reserved_gb     =11.285
  cuda_max_allocated_gb=9.724
[PROFILE batch=11]
  data_time      =0.0005s
  to_device_time =0.0041s
  forward_time   =0.4242s
  loss_time      =0.0023s
  backward_time  =0.3072s
  optimizer_time =0.0071s
  batch_time     =0.7455s
  cuda_allocated_gb    =0.207
  cuda_reserved_gb     =11.285
  cuda_max_allocated_gb=9.724
[PROFILE batch=12]
  data_time      =0.0008s
  to_device_time =0.0041s
  forward_time   =0.4182s
  loss_time      =0.0024s
  backward_time  =0.3054s
  optimizer_time =0.0070s
  batch_time     =0.7376s
  cuda_allocated_gb    =0.207
  cuda_reserved_gb     =11.285
  cuda_max_allocated_gb=9.724
[PROFILE batch=13]
  data_time      =0.0004s
  to_device_time =0.0041s
  forward_time   =0.4218s
  loss_time      =0.0022s
  backward_time  =0.3061s
  optimizer_time =0.0071s
  batch_time     =0.7419s
  cuda_allocated_gb    =0.206
  cuda_reserved_gb     =11.285
  cuda_max_allocated_gb=9.724
[PROFILE batch=14]
  data_time      =0.0006s
  to_device_time =0.0042s
  forward_time   =0.4240s
  loss_time      =0.0024s
  backward_time  =0.3122s
  optimizer_time =0.0074s
  batch_time     =0.7507s
  cuda_allocated_gb    =0.207
  cuda_reserved_gb     =11.285
  cuda_max_allocated_gb=9.724
[PROFILE batch=15]
  data_time      =0.0006s
  to_device_time =0.0034s
  forward_time   =0.3419s
  loss_time      =0.0023s
  backward_time  =0.2538s
  optimizer_time =0.0072s
  batch_time     =0.6090s
  cuda_allocated_gb    =0.176
  cuda_reserved_gb     =11.285
  cuda_max_allocated_gb=9.724
[PROFILE batch=16]
  data_time      =0.0005s
  to_device_time =0.0042s
  forward_time   =0.4201s
  loss_time      =0.0024s
  backward_time  =0.3121s
  optimizer_time =0.0071s
  batch_time     =0.7463s
  cuda_allocated_gb    =0.206
  cuda_reserved_gb     =11.285
  cuda_max_allocated_gb=9.724
[PROFILE batch=17]
  data_time      =0.0005s
  to_device_time =0.0041s
  forward_time   =0.4205s
  loss_time      =0.0023s
  backward_time  =0.3065s
  optimizer_time =0.0072s
  batch_time     =0.7411s
  cuda_allocated_gb    =0.206
  cuda_reserved_gb     =11.285
  cuda_max_allocated_gb=9.724
[PROFILE batch=18]
  data_time      =0.0005s
  to_device_time =0.0042s
  forward_time   =0.4202s
  loss_time      =0.0024s
  backward_time  =0.3072s
  optimizer_time =0.0073s
  batch_time     =0.7417s
  cuda_allocated_gb    =0.207
  cuda_reserved_gb     =11.285
  cuda_max_allocated_gb=9.724
[PROFILE batch=19]
  data_time      =0.0005s
  to_device_time =0.0041s
  forward_time   =0.4243s
  loss_time      =0.0024s
  backward_time  =0.3068s
  optimizer_time =0.0072s
  batch_time     =0.7453s
  cuda_allocated_gb    =0.206
  cuda_reserved_gb     =11.285
  cuda_max_allocated_gb=9.724

[PROFILE average first 20 batches (recorded=20)]
  avg_data_time      =0.0129s
  avg_to_device_time =0.0041s
  avg_forward_time   =0.4135s
  avg_loss_time      =0.0024s
  avg_backward_time  =0.3032s
  avg_optimizer_time =0.0070s
  avg_batch_time     =0.7306s
  estimated_full_epoch_minutes=5.60

val:   0%|          | 0/57 [00:00<?, ?it/s]/usr/local/lib/python3.12/dist-packages/torch/autograd/function.py:583: UserWarning: Was asked to gather along dimension 0, but all input tensors were scalars; will instead unsqueeze and return a vector.
  return super().apply(*args, **kwargs)  # type: ignore[misc]

val:   2%|â–         | 1/57 [00:00<00:35,  1.56it/s]
val:   4%|â–Ž         | 2/57 [00:01<00:27,  1.99it/s]
val:   5%|â–Œ         | 3/57 [00:01<00:24,  2.18it/s]
val:   7%|â–‹         | 4/57 [00:01<00:23,  2.29it/s]
val:   9%|â–‰         | 5/57 [00:02<00:22,  2.35it/s]
val:  11%|â–ˆ         | 6/57 [00:02<00:21,  2.39it/s]
val:  12%|â–ˆâ–        | 7/57 [00:03<00:20,  2.42it/s]
val:  14%|â–ˆâ–        | 8/57 [00:03<00:20,  2.43it/s]
val:  16%|â–ˆâ–Œ        | 9/57 [00:03<00:19,  2.44it/s]
val:  18%|â–ˆâ–Š        | 10/57 [00:04<00:19,  2.45it/s]
                                                    
Epoch 011/015 | loss=2.5378 acc=0.1541 macro_f1=0.1438 | val_loss=2.5331 val_acc=0.1156 val_macro_f1=0.0995 | ckpt_monitor=val_macro_f1:0.0995 best_val_macro_f1=0.1091 best_epoch=9 early_val_macro_f1=0.1091 sec/batch=0.724s
          val pred_count: [194, 114, 103, 82, 86, 44, 17]
          no improvement: 2/12

train 12:   0%|          | 0/460 [00:00<?, ?it/s]/usr/local/lib/python3.12/dist-packages/torch/autograd/function.py:583: UserWarning: Was asked to gather along dimension 0, but all input tensors were scalars; will instead unsqueeze and return a vector.
  return super().apply(*args, **kwargs)  # type: ignore[misc]

train 12:   0%|          | 0/460 [00:01<?, ?it/s, loss=2.5436]
train 12:   0%|          | 1/460 [00:01<07:43,  1.01s/it, loss=2.5436]
train 12:   0%|          | 1/460 [00:01<07:43,  1.01s/it, loss=2.5387]
train 12:   0%|          | 2/460 [00:01<06:30,  1.17it/s, loss=2.5387]
train 12:   0%|          | 2/460 [00:02<06:30,  1.17it/s, loss=2.5377]
train 12:   1%|          | 3/460 [00:02<06:07,  1.24it/s, loss=2.5377]
train 12:   1%|          | 3/460 [00:03<06:07,  1.24it/s, loss=2.5379]
train 12:   1%|          | 4/460 [00:03<05:56,  1.28it/s, loss=2.5379]
train 12:   1%|          | 4/460 [00:03<05:56,  1.28it/s, loss=2.5318]
train 12:   1%|          | 5/460 [00:03<05:49,  1.30it/s, loss=2.5318]
train 12:   1%|          | 5/460 [00:04<05:49,  1.30it/s, loss=2.5408]
train 12:   1%|â–         | 6/460 [00:04<05:44,  1.32it/s, loss=2.5408]
train 12:   1%|â–         | 6/460 [00:05<05:44,  1.32it/s, loss=2.5456]
train 12:   2%|â–         | 7/460 [00:05<05:42,  1.32it/s, loss=2.5456]
train 12:   2%|â–         | 7/460 [00:06<05:42,  1.32it/s, loss=2.5428]
train 12:   2%|â–         | 8/460 [00:06<05:20,  1.41it/s, loss=2.5428]
train 12:   2%|â–         | 8/460 [00:06<05:20,  1.41it/s, loss=2.5462]
train 12:   2%|â–         | 9/460 [00:06<05:24,  1.39it/s, loss=2.5462]
train 12:   2%|â–         | 9/460 [00:07<05:24,  1.39it/s, loss=2.5323]
train 12:   2%|â–         | 10/460 [00:07<05:27,  1.37it/s, loss=2.5323]
train 12:   2%|â–         | 10/460 [00:08<05:27,  1.37it/s, loss=2.5323]
train 12:   2%|â–         | 11/460 [00:08<05:29,  1.36it/s, loss=2.5323]
train 12:   2%|â–         | 11/460 [00:09<05:29,  1.36it/s, loss=2.5159]
train 12:   3%|â–Ž         | 12/460 [00:09<05:30,  1.35it/s, loss=2.5159]
train 12:   3%|â–Ž         | 12/460 [00:09<05:30,  1.35it/s, loss=2.5468]
train 12:   3%|â–Ž         | 13/460 [00:09<05:30,  1.35it/s, loss=2.5468]
train 12:   3%|â–Ž         | 13/460 [00:10<05:30,  1.35it/s, loss=2.5209]
train 12:   3%|â–Ž         | 14/460 [00:10<05:30,  1.35it/s, loss=2.5209]
train 12:   3%|â–Ž         | 14/460 [00:11<05:30,  1.35it/s, loss=2.5252]
train 12:   3%|â–Ž         | 15/460 [00:11<05:30,  1.35it/s, loss=2.5252]
train 12:   3%|â–Ž         | 15/460 [00:11<05:30,  1.35it/s, loss=2.5286]
train 12:   3%|â–Ž         | 16/460 [00:11<05:12,  1.42it/s, loss=2.5286]
train 12:   3%|â–Ž         | 16/460 [00:12<05:12,  1.42it/s, loss=2.5366]
train 12:   4%|â–Ž         | 17/460 [00:12<05:17,  1.39it/s, loss=2.5366]
train 12:   4%|â–Ž         | 17/460 [00:13<05:17,  1.39it/s, loss=2.5435]
train 12:   4%|â–         | 18/460 [00:13<05:20,  1.38it/s, loss=2.5435]
train 12:   4%|â–         | 18/460 [00:14<05:20,  1.38it/s, loss=2.5434]
train 12:   4%|â–         | 19/460 [00:14<05:22,  1.37it/s, loss=2.5434]
train 12:   4%|â–         | 19/460 [00:14<05:22,  1.37it/s, loss=2.5166]
train 12:   4%|â–         | 20/460 [00:14<05:23,  1.36it/s, loss=2.5166]
train 12:   4%|â–         | 20/460 [00:15<05:23,  1.36it/s, loss=2.5334]
train 12:   5%|â–         | 21/460 [00:15<05:23,  1.36it/s, loss=2.5334]
train 12:   5%|â–         | 21/460 [00:16<05:23,  1.36it/s, loss=2.5446]
train 12:   5%|â–         | 22/460 [00:16<05:22,  1.36it/s, loss=2.5446]
train 12:   5%|â–         | 22/460 [00:17<05:22,  1.36it/s, loss=2.5408]
train 12:   5%|â–Œ         | 23/460 [00:17<05:22,  1.35it/s, loss=2.5408]
train 12:   5%|â–Œ         | 23/460 [00:17<05:22,  1.35it/s, loss=2.5346]
train 12:   5%|â–Œ         | 24/460 [00:17<05:04,  1.43it/s, loss=2.5346]
train 12:   5%|â–Œ         | 24/460 [00:18<05:04,  1.43it/s, loss=2.5437]
train 12:   5%|â–Œ         | 25/460 [00:18<05:09,  1.41it/s, loss=2.5437]
train 12:   5%|â–Œ         | 25/460 [00:19<05:09,  1.41it/s, loss=2.5396]
train 12:   6%|â–Œ         | 26/460 [00:19<05:12,  1.39it/s, loss=2.5396]
train 12:   6%|â–Œ         | 26/460 [00:19<05:12,  1.39it/s, loss=2.5167]
train 12:   6%|â–Œ         | 27/460 [00:19<05:13,  1.38it/s, loss=2.5167]
train 12:   6%|â–Œ         | 27/460 [00:20<05:13,  1.38it/s, loss=2.5379]
train 12:   6%|â–Œ         | 28/460 [00:20<05:16,  1.37it/s, loss=2.5379]
train 12:   6%|â–Œ         | 28/460 [00:21<05:16,  1.37it/s, loss=2.5388]
train 12:   6%|â–‹         | 29/460 [00:21<05:16,  1.36it/s, loss=2.5388]
train 12:   6%|â–‹         | 29/460 [00:22<05:16,  1.36it/s, loss=2.5578]
train 12:   7%|â–‹         | 30/460 [00:22<05:16,  1.36it/s, loss=2.5578]
                                                                       
[PROFILE batch=0]
  data_time      =0.2616s
  to_device_time =0.0042s
  forward_time   =0.4281s
  loss_time      =0.0014s
  backward_time  =0.3057s
  optimizer_time =0.0062s
  batch_time     =0.7464s
  cuda_allocated_gb    =0.207
  cuda_reserved_gb     =11.285
  cuda_max_allocated_gb=9.724
[PROFILE batch=1]
  data_time      =0.0005s
  to_device_time =0.0041s
  forward_time   =0.4199s
  loss_time      =0.0021s
  backward_time  =0.3064s
  optimizer_time =0.0074s
  batch_time     =0.7403s
  cuda_allocated_gb    =0.206
  cuda_reserved_gb     =11.285
  cuda_max_allocated_gb=9.724
[PROFILE batch=2]
  data_time      =0.0005s
  to_device_time =0.0041s
  forward_time   =0.4234s
  loss_time      =0.0021s
  backward_time  =0.3060s
  optimizer_time =0.0068s
  batch_time     =0.7429s
  cuda_allocated_gb    =0.207
  cuda_reserved_gb     =11.285
  cuda_max_allocated_gb=9.724
[PROFILE batch=3]
  data_time      =0.0005s
  to_device_time =0.0041s
  forward_time   =0.4223s
  loss_time      =0.0024s
  backward_time  =0.3055s
  optimizer_time =0.0068s
  batch_time     =0.7415s
  cuda_allocated_gb    =0.206
  cuda_reserved_gb     =11.285
  cuda_max_allocated_gb=9.724
[PROFILE batch=4]
  data_time      =0.0007s
  to_device_time =0.0041s
  forward_time   =0.4193s
  loss_time      =0.0023s
  backward_time  =0.3081s
  optimizer_time =0.0073s
  batch_time     =0.7416s
  cuda_allocated_gb    =0.206
  cuda_reserved_gb     =11.285
  cuda_max_allocated_gb=9.724
[PROFILE batch=5]
  data_time      =0.0005s
  to_device_time =0.0041s
  forward_time   =0.4199s
  loss_time      =0.0023s
  backward_time  =0.3066s
  optimizer_time =0.0062s
  batch_time     =0.7396s
  cuda_allocated_gb    =0.206
  cuda_reserved_gb     =11.285
  cuda_max_allocated_gb=9.724
[PROFILE batch=6]
  data_time      =0.0004s
  to_device_time =0.0042s
  forward_time   =0.4241s
  loss_time      =0.0024s
  backward_time  =0.3059s
  optimizer_time =0.0076s
  batch_time     =0.7447s
  cuda_allocated_gb    =0.206
  cuda_reserved_gb     =11.285
  cuda_max_allocated_gb=9.724
[PROFILE batch=7]
  data_time      =0.0005s
  to_device_time =0.0034s
  forward_time   =0.3419s
  loss_time      =0.0025s
  backward_time  =0.2533s
  optimizer_time =0.0062s
  batch_time     =0.6077s
  cuda_allocated_gb    =0.176
  cuda_reserved_gb     =11.285
  cuda_max_allocated_gb=9.724
[PROFILE batch=8]
  data_time      =0.0004s
  to_device_time =0.0041s
  forward_time   =0.4218s
  loss_time      =0.0022s
  backward_time  =0.3060s
  optimizer_time =0.0073s
  batch_time     =0.7420s
  cuda_allocated_gb    =0.206
  cuda_reserved_gb     =11.285
  cuda_max_allocated_gb=9.724
[PROFILE batch=9]
  data_time      =0.0005s
  to_device_time =0.0041s
  forward_time   =0.4210s
  loss_time      =0.0023s
  backward_time  =0.3075s
  optimizer_time =0.0072s
  batch_time     =0.7426s
  cuda_allocated_gb    =0.207
  cuda_reserved_gb     =11.285
  cuda_max_allocated_gb=9.724
[PROFILE batch=10]
  data_time      =0.0005s
  to_device_time =0.0041s
  forward_time   =0.4204s
  loss_time      =0.0023s
  backward_time  =0.3063s
  optimizer_time =0.0071s
  batch_time     =0.7407s
  cuda_allocated_gb    =0.207
  cuda_reserved_gb     =11.285
  cuda_max_allocated_gb=9.724
[PROFILE batch=11]
  data_time      =0.0005s
  to_device_time =0.0041s
  forward_time   =0.4244s
  loss_time      =0.0025s
  backward_time  =0.3081s
  optimizer_time =0.0065s
  batch_time     =0.7460s
  cuda_allocated_gb    =0.207
  cuda_reserved_gb     =11.285
  cuda_max_allocated_gb=9.724
[PROFILE batch=12]
  data_time      =0.0008s
  to_device_time =0.0041s
  forward_time   =0.4213s
  loss_time      =0.0023s
  backward_time  =0.3064s
  optimizer_time =0.0071s
  batch_time     =0.7417s
  cuda_allocated_gb    =0.207
  cuda_reserved_gb     =11.285
  cuda_max_allocated_gb=9.724
[PROFILE batch=13]
  data_time      =0.0006s
  to_device_time =0.0041s
  forward_time   =0.4217s
  loss_time      =0.0023s
  backward_time  =0.3064s
  optimizer_time =0.0067s
  batch_time     =0.7417s
  cuda_allocated_gb    =0.206
  cuda_reserved_gb     =11.285
  cuda_max_allocated_gb=9.724
[PROFILE batch=14]
  data_time      =0.0005s
  to_device_time =0.0041s
  forward_time   =0.4209s
  loss_time      =0.0027s
  backward_time  =0.3075s
  optimizer_time =0.0068s
  batch_time     =0.7425s
  cuda_allocated_gb    =0.207
  cuda_reserved_gb     =11.285
  cuda_max_allocated_gb=9.724
[PROFILE batch=15]
  data_time      =0.0005s
  to_device_time =0.0034s
  forward_time   =0.3410s
  loss_time      =0.0024s
  backward_time  =0.2556s
  optimizer_time =0.0071s
  batch_time     =0.6098s
  cuda_allocated_gb    =0.176
  cuda_reserved_gb     =11.285
  cuda_max_allocated_gb=9.724
[PROFILE batch=16]
  data_time      =0.0005s
  to_device_time =0.0041s
  forward_time   =0.4219s
  loss_time      =0.0024s
  backward_time  =0.3076s
  optimizer_time =0.0077s
  batch_time     =0.7443s
  cuda_allocated_gb    =0.206
  cuda_reserved_gb     =11.285
  cuda_max_allocated_gb=9.724
[PROFILE batch=17]
  data_time      =0.0006s
  to_device_time =0.0041s
  forward_time   =0.4209s
  loss_time      =0.0023s
  backward_time  =0.3070s
  optimizer_time =0.0072s
  batch_time     =0.7421s
  cuda_allocated_gb    =0.206
  cuda_reserved_gb     =11.285
  cuda_max_allocated_gb=9.724
[PROFILE batch=18]
  data_time      =0.0006s
  to_device_time =0.0041s
  forward_time   =0.4191s
  loss_time      =0.0023s
  backward_time  =0.3074s
  optimizer_time =0.0069s
  batch_time     =0.7403s
  cuda_allocated_gb    =0.207
  cuda_reserved_gb     =11.285
  cuda_max_allocated_gb=9.724
[PROFILE batch=19]
  data_time      =0.0005s
  to_device_time =0.0041s
  forward_time   =0.4221s
  loss_time      =0.0025s
  backward_time  =0.3072s
  optimizer_time =0.0069s
  batch_time     =0.7432s
  cuda_allocated_gb    =0.206
  cuda_reserved_gb     =11.285
  cuda_max_allocated_gb=9.724

[PROFILE average first 20 batches (recorded=20)]
  avg_data_time      =0.0136s
  avg_to_device_time =0.0041s
  avg_forward_time   =0.4138s
  avg_loss_time      =0.0023s
  avg_backward_time  =0.3015s
  avg_optimizer_time =0.0070s
  avg_batch_time     =0.7291s
  estimated_full_epoch_minutes=5.59

val:   0%|          | 0/57 [00:00<?, ?it/s]/usr/local/lib/python3.12/dist-packages/torch/autograd/function.py:583: UserWarning: Was asked to gather along dimension 0, but all input tensors were scalars; will instead unsqueeze and return a vector.
  return super().apply(*args, **kwargs)  # type: ignore[misc]

val:   2%|â–         | 1/57 [00:00<00:32,  1.70it/s]
val:   4%|â–Ž         | 2/57 [00:00<00:26,  2.07it/s]
val:   5%|â–Œ         | 3/57 [00:01<00:24,  2.23it/s]
val:   7%|â–‹         | 4/57 [00:01<00:22,  2.32it/s]
val:   9%|â–‰         | 5/57 [00:02<00:21,  2.36it/s]
val:  11%|â–ˆ         | 6/57 [00:02<00:21,  2.40it/s]
val:  12%|â–ˆâ–        | 7/57 [00:03<00:20,  2.40it/s]
val:  14%|â–ˆâ–        | 8/57 [00:03<00:20,  2.41it/s]
val:  16%|â–ˆâ–Œ        | 9/57 [00:03<00:19,  2.42it/s]
val:  18%|â–ˆâ–Š        | 10/57 [00:04<00:19,  2.42it/s]
                                                    
Epoch 012/015 | loss=2.5365 acc=0.1428 macro_f1=0.1314 | val_loss=2.5331 val_acc=0.1469 val_macro_f1=0.1368 | ckpt_monitor=val_macro_f1:0.1368 best_val_macro_f1=0.1368 best_epoch=12 early_val_macro_f1=0.1368 sec/batch=0.739s
          val pred_count: [174, 107, 101, 56, 52, 62, 88]
          checkpoint improvement: best_epoch=12
          early stopping monitor improved

train 13:   0%|          | 0/460 [00:00<?, ?it/s]/usr/local/lib/python3.12/dist-packages/torch/autograd/function.py:583: UserWarning: Was asked to gather along dimension 0, but all input tensors were scalars; will instead unsqueeze and return a vector.
  return super().apply(*args, **kwargs)  # type: ignore[misc]

train 13:   0%|          | 0/460 [00:01<?, ?it/s, loss=2.5429]
train 13:   0%|          | 1/460 [00:01<07:41,  1.01s/it, loss=2.5429]
train 13:   0%|          | 1/460 [00:01<07:41,  1.01s/it, loss=2.5313]
train 13:   0%|          | 2/460 [00:01<06:30,  1.17it/s, loss=2.5313]
train 13:   0%|          | 2/460 [00:02<06:30,  1.17it/s, loss=2.5287]
train 13:   1%|          | 3/460 [00:02<06:07,  1.24it/s, loss=2.5287]
train 13:   1%|          | 3/460 [00:03<06:07,  1.24it/s, loss=2.5431]
train 13:   1%|          | 4/460 [00:03<05:56,  1.28it/s, loss=2.5431]
train 13:   1%|          | 4/460 [00:03<05:56,  1.28it/s, loss=2.5354]
train 13:   1%|          | 5/460 [00:03<05:50,  1.30it/s, loss=2.5354]
train 13:   1%|          | 5/460 [00:04<05:50,  1.30it/s, loss=2.5103]
train 13:   1%|â–         | 6/460 [00:04<05:45,  1.31it/s, loss=2.5103]
train 13:   1%|â–         | 6/460 [00:05<05:45,  1.31it/s, loss=2.5427]
train 13:   2%|â–         | 7/460 [00:05<05:42,  1.32it/s, loss=2.5427]
train 13:   2%|â–         | 7/460 [00:06<05:42,  1.32it/s, loss=2.5190]
train 13:   2%|â–         | 8/460 [00:06<05:22,  1.40it/s, loss=2.5190]
train 13:   2%|â–         | 8/460 [00:06<05:22,  1.40it/s, loss=2.5320]
train 13:   2%|â–         | 9/460 [00:06<05:26,  1.38it/s, loss=2.5320]
train 13:   2%|â–         | 9/460 [00:07<05:26,  1.38it/s, loss=2.5415]
train 13:   2%|â–         | 10/460 [00:07<05:28,  1.37it/s, loss=2.5415]
train 13:   2%|â–         | 10/460 [00:08<05:28,  1.37it/s, loss=2.5296]
train 13:   2%|â–         | 11/460 [00:08<05:30,  1.36it/s, loss=2.5296]
train 13:   2%|â–         | 11/460 [00:09<05:30,  1.36it/s, loss=2.5399]
train 13:   3%|â–Ž         | 12/460 [00:09<05:31,  1.35it/s, loss=2.5399]
train 13:   3%|â–Ž         | 12/460 [00:09<05:31,  1.35it/s, loss=2.5177]
train 13:   3%|â–Ž         | 13/460 [00:09<05:31,  1.35it/s, loss=2.5177]
train 13:   3%|â–Ž         | 13/460 [00:10<05:31,  1.35it/s, loss=2.5274]
train 13:   3%|â–Ž         | 14/460 [00:10<05:31,  1.35it/s, loss=2.5274]
train 13:   3%|â–Ž         | 14/460 [00:11<05:31,  1.35it/s, loss=2.5360]
train 13:   3%|â–Ž         | 15/460 [00:11<05:30,  1.35it/s, loss=2.5360]
train 13:   3%|â–Ž         | 15/460 [00:11<05:30,  1.35it/s, loss=2.5659]
train 13:   3%|â–Ž         | 16/460 [00:11<05:12,  1.42it/s, loss=2.5659]
train 13:   3%|â–Ž         | 16/460 [00:12<05:12,  1.42it/s, loss=2.5458]
train 13:   4%|â–Ž         | 17/460 [00:12<05:17,  1.40it/s, loss=2.5458]
train 13:   4%|â–Ž         | 17/460 [00:13<05:17,  1.40it/s, loss=2.5437]
train 13:   4%|â–         | 18/460 [00:13<05:20,  1.38it/s, loss=2.5437]
train 13:   4%|â–         | 18/460 [00:14<05:20,  1.38it/s, loss=2.5321]
train 13:   4%|â–         | 19/460 [00:14<05:23,  1.36it/s, loss=2.5321]
train 13:   4%|â–         | 19/460 [00:14<05:23,  1.36it/s, loss=2.5413]
train 13:   4%|â–         | 20/460 [00:14<05:24,  1.36it/s, loss=2.5413]
train 13:   4%|â–         | 20/460 [00:15<05:24,  1.36it/s, loss=2.5464]
train 13:   5%|â–         | 21/460 [00:15<05:25,  1.35it/s, loss=2.5464]
train 13:   5%|â–         | 21/460 [00:16<05:25,  1.35it/s, loss=2.5459]
train 13:   5%|â–         | 22/460 [00:16<05:24,  1.35it/s, loss=2.5459]
train 13:   5%|â–         | 22/460 [00:17<05:24,  1.35it/s, loss=2.5369]
train 13:   5%|â–Œ         | 23/460 [00:17<05:23,  1.35it/s, loss=2.5369]
train 13:   5%|â–Œ         | 23/460 [00:17<05:23,  1.35it/s, loss=2.5367]
train 13:   5%|â–Œ         | 24/460 [00:17<05:04,  1.43it/s, loss=2.5367]
train 13:   5%|â–Œ         | 24/460 [00:18<05:04,  1.43it/s, loss=2.5418]
train 13:   5%|â–Œ         | 25/460 [00:18<05:09,  1.41it/s, loss=2.5418]
train 13:   5%|â–Œ         | 25/460 [00:19<05:09,  1.41it/s, loss=2.5404]
train 13:   6%|â–Œ         | 26/460 [00:19<05:13,  1.38it/s, loss=2.5404]
train 13:   6%|â–Œ         | 26/460 [00:20<05:13,  1.38it/s, loss=2.5527]
train 13:   6%|â–Œ         | 27/460 [00:20<05:15,  1.37it/s, loss=2.5527]
train 13:   6%|â–Œ         | 27/460 [00:20<05:15,  1.37it/s, loss=2.5273]
train 13:   6%|â–Œ         | 28/460 [00:20<05:16,  1.36it/s, loss=2.5273]
train 13:   6%|â–Œ         | 28/460 [00:21<05:16,  1.36it/s, loss=2.5264]
train 13:   6%|â–‹         | 29/460 [00:21<05:16,  1.36it/s, loss=2.5264]
train 13:   6%|â–‹         | 29/460 [00:22<05:16,  1.36it/s, loss=2.5432]
train 13:   7%|â–‹         | 30/460 [00:22<05:15,  1.36it/s, loss=2.5432]
                                                                       
[PROFILE batch=0]
  data_time      =0.2536s
  to_device_time =0.0043s
  forward_time   =0.4301s
  loss_time      =0.0013s
  backward_time  =0.3067s
  optimizer_time =0.0065s
  batch_time     =0.7498s
  cuda_allocated_gb    =0.207
  cuda_reserved_gb     =11.285
  cuda_max_allocated_gb=9.724
[PROFILE batch=1]
  data_time      =0.0005s
  to_device_time =0.0042s
  forward_time   =0.4206s
  loss_time      =0.0021s
  backward_time  =0.3065s
  optimizer_time =0.0071s
  batch_time     =0.7410s
  cuda_allocated_gb    =0.206
  cuda_reserved_gb     =11.285
  cuda_max_allocated_gb=9.724
[PROFILE batch=2]
  data_time      =0.0005s
  to_device_time =0.0042s
  forward_time   =0.4194s
  loss_time      =0.0022s
  backward_time  =0.3112s
  optimizer_time =0.0068s
  batch_time     =0.7442s
  cuda_allocated_gb    =0.207
  cuda_reserved_gb     =11.285
  cuda_max_allocated_gb=9.724
[PROFILE batch=3]
  data_time      =0.0005s
  to_device_time =0.0041s
  forward_time   =0.4256s
  loss_time      =0.0023s
  backward_time  =0.3054s
  optimizer_time =0.0072s
  batch_time     =0.7452s
  cuda_allocated_gb    =0.206
  cuda_reserved_gb     =11.285
  cuda_max_allocated_gb=9.724
[PROFILE batch=4]
  data_time      =0.0007s
  to_device_time =0.0042s
  forward_time   =0.4255s
  loss_time      =0.0026s
  backward_time  =0.3073s
  optimizer_time =0.0067s
  batch_time     =0.7468s
  cuda_allocated_gb    =0.206
  cuda_reserved_gb     =11.285
  cuda_max_allocated_gb=9.724
[PROFILE batch=5]
  data_time      =0.0006s
  to_device_time =0.0041s
  forward_time   =0.4209s
  loss_time      =0.0024s
  backward_time  =0.3061s
  optimizer_time =0.0068s
  batch_time     =0.7407s
  cuda_allocated_gb    =0.206
  cuda_reserved_gb     =11.285
  cuda_max_allocated_gb=9.724
[PROFILE batch=6]
  data_time      =0.0006s
  to_device_time =0.0042s
  forward_time   =0.4212s
  loss_time      =0.0023s
  backward_time  =0.3074s
  optimizer_time =0.0067s
  batch_time     =0.7423s
  cuda_allocated_gb    =0.206
  cuda_reserved_gb     =11.285
  cuda_max_allocated_gb=9.724
[PROFILE batch=7]
  data_time      =0.0005s
  to_device_time =0.0034s
  forward_time   =0.3442s
  loss_time      =0.0024s
  backward_time  =0.2610s
  optimizer_time =0.0095s
  batch_time     =0.6210s
  cuda_allocated_gb    =0.176
  cuda_reserved_gb     =11.285
  cuda_max_allocated_gb=9.724
[PROFILE batch=8]
  data_time      =0.0005s
  to_device_time =0.0041s
  forward_time   =0.4221s
  loss_time      =0.0023s
  backward_time  =0.3062s
  optimizer_time =0.0066s
  batch_time     =0.7418s
  cuda_allocated_gb    =0.206
  cuda_reserved_gb     =11.285
  cuda_max_allocated_gb=9.724
[PROFILE batch=9]
  data_time      =0.0005s
  to_device_time =0.0041s
  forward_time   =0.4215s
  loss_time      =0.0026s
  backward_time  =0.3075s
  optimizer_time =0.0072s
  batch_time     =0.7435s
  cuda_allocated_gb    =0.207
  cuda_reserved_gb     =11.285
  cuda_max_allocated_gb=9.724
[PROFILE batch=10]
  data_time      =0.0005s
  to_device_time =0.0042s
  forward_time   =0.4223s
  loss_time      =0.0023s
  backward_time  =0.3075s
  optimizer_time =0.0069s
  batch_time     =0.7437s
  cuda_allocated_gb    =0.207
  cuda_reserved_gb     =11.285
  cuda_max_allocated_gb=9.724
[PROFILE batch=11]
  data_time      =0.0005s
  to_device_time =0.0042s
  forward_time   =0.4290s
  loss_time      =0.0024s
  backward_time  =0.3048s
  optimizer_time =0.0064s
  batch_time     =0.7473s
  cuda_allocated_gb    =0.207
  cuda_reserved_gb     =11.285
  cuda_max_allocated_gb=9.724
[PROFILE batch=12]
  data_time      =0.0006s
  to_device_time =0.0041s
  forward_time   =0.4230s
  loss_time      =0.0025s
  backward_time  =0.3070s
  optimizer_time =0.0066s
  batch_time     =0.7436s
  cuda_allocated_gb    =0.207
  cuda_reserved_gb     =11.285
  cuda_max_allocated_gb=9.724
[PROFILE batch=13]
  data_time      =0.0004s
  to_device_time =0.0041s
  forward_time   =0.4203s
  loss_time      =0.0023s
  backward_time  =0.3063s
  optimizer_time =0.0067s
  batch_time     =0.7403s
  cuda_allocated_gb    =0.206
  cuda_reserved_gb     =11.285
  cuda_max_allocated_gb=9.724
[PROFILE batch=14]
  data_time      =0.0004s
  to_device_time =0.0042s
  forward_time   =0.4209s
  loss_time      =0.0023s
  backward_time  =0.3071s
  optimizer_time =0.0064s
  batch_time     =0.7414s
  cuda_allocated_gb    =0.207
  cuda_reserved_gb     =11.285
  cuda_max_allocated_gb=9.724
[PROFILE batch=15]
  data_time      =0.0005s
  to_device_time =0.0034s
  forward_time   =0.3413s
  loss_time      =0.0023s
  backward_time  =0.2574s
  optimizer_time =0.0061s
  batch_time     =0.6109s
  cuda_allocated_gb    =0.176
  cuda_reserved_gb     =11.285
  cuda_max_allocated_gb=9.724
[PROFILE batch=16]
  data_time      =0.0005s
  to_device_time =0.0041s
  forward_time   =0.4219s
  loss_time      =0.0023s
  backward_time  =0.3059s
  optimizer_time =0.0062s
  batch_time     =0.7410s
  cuda_allocated_gb    =0.206
  cuda_reserved_gb     =11.285
  cuda_max_allocated_gb=9.724
[PROFILE batch=17]
  data_time      =0.0005s
  to_device_time =0.0041s
  forward_time   =0.4216s
  loss_time      =0.0030s
  backward_time  =0.3094s
  optimizer_time =0.0068s
  batch_time     =0.7455s
  cuda_allocated_gb    =0.206
  cuda_reserved_gb     =11.285
  cuda_max_allocated_gb=9.724
[PROFILE batch=18]
  data_time      =0.0005s
  to_device_time =0.0042s
  forward_time   =0.4267s
  loss_time      =0.0022s
  backward_time  =0.3116s
  optimizer_time =0.0063s
  batch_time     =0.7515s
  cuda_allocated_gb    =0.207
  cuda_reserved_gb     =11.285
  cuda_max_allocated_gb=9.724
[PROFILE batch=19]
  data_time      =0.0005s
  to_device_time =0.0042s
  forward_time   =0.4239s
  loss_time      =0.0023s
  backward_time  =0.3064s
  optimizer_time =0.0060s
  batch_time     =0.7433s
  cuda_allocated_gb    =0.206
  cuda_reserved_gb     =11.285
  cuda_max_allocated_gb=9.724

[PROFILE average first 20 batches (recorded=20)]
  avg_data_time      =0.0132s
  avg_to_device_time =0.0041s
  avg_forward_time   =0.4151s
  avg_loss_time      =0.0023s
  avg_backward_time  =0.3024s
  avg_optimizer_time =0.0068s
  avg_batch_time     =0.7312s
  estimated_full_epoch_minutes=5.61

val:   0%|          | 0/57 [00:00<?, ?it/s]/usr/local/lib/python3.12/dist-packages/torch/autograd/function.py:583: UserWarning: Was asked to gather along dimension 0, but all input tensors were scalars; will instead unsqueeze and return a vector.
  return super().apply(*args, **kwargs)  # type: ignore[misc]

val:   2%|â–         | 1/57 [00:00<00:33,  1.66it/s]
val:   4%|â–Ž         | 2/57 [00:01<00:26,  2.04it/s]
val:   5%|â–Œ         | 3/57 [00:01<00:24,  2.21it/s]
val:   7%|â–‹         | 4/57 [00:01<00:22,  2.31it/s]
val:   9%|â–‰         | 5/57 [00:02<00:22,  2.35it/s]
val:  11%|â–ˆ         | 6/57 [00:02<00:21,  2.39it/s]
val:  12%|â–ˆâ–        | 7/57 [00:03<00:20,  2.41it/s]
val:  14%|â–ˆâ–        | 8/57 [00:03<00:20,  2.43it/s]
val:  16%|â–ˆâ–Œ        | 9/57 [00:03<00:19,  2.44it/s]
val:  18%|â–ˆâ–Š        | 10/57 [00:04<00:19,  2.43it/s]
                                                    
Epoch 013/015 | loss=2.5368 acc=0.1518 macro_f1=0.1400 | val_loss=2.5331 val_acc=0.1344 val_macro_f1=0.1213 | ckpt_monitor=val_macro_f1:0.1213 best_val_macro_f1=0.1368 best_epoch=12 early_val_macro_f1=0.1368 sec/batch=0.741s
          val pred_count: [185, 81, 126, 66, 44, 68, 70]
          no improvement: 1/12

train 14:   0%|          | 0/460 [00:00<?, ?it/s]/usr/local/lib/python3.12/dist-packages/torch/autograd/function.py:583: UserWarning: Was asked to gather along dimension 0, but all input tensors were scalars; will instead unsqueeze and return a vector.
  return super().apply(*args, **kwargs)  # type: ignore[misc]

train 14:   0%|          | 0/460 [00:00<?, ?it/s, loss=2.5233]
train 14:   0%|          | 1/460 [00:00<07:34,  1.01it/s, loss=2.5233]
train 14:   0%|          | 1/460 [00:01<07:34,  1.01it/s, loss=2.5409]
train 14:   0%|          | 2/460 [00:01<06:26,  1.18it/s, loss=2.5409]
train 14:   0%|          | 2/460 [00:02<06:26,  1.18it/s, loss=2.5487]
train 14:   1%|          | 3/460 [00:02<06:04,  1.25it/s, loss=2.5487]
train 14:   1%|          | 3/460 [00:03<06:04,  1.25it/s, loss=2.5185]
train 14:   1%|          | 4/460 [00:03<05:54,  1.29it/s, loss=2.5185]
train 14:   1%|          | 4/460 [00:03<05:54,  1.29it/s, loss=2.5205]
train 14:   1%|          | 5/460 [00:03<05:47,  1.31it/s, loss=2.5205]
train 14:   1%|          | 5/460 [00:04<05:47,  1.31it/s, loss=2.5267]
train 14:   1%|â–         | 6/460 [00:04<05:43,  1.32it/s, loss=2.5267]
train 14:   1%|â–         | 6/460 [00:05<05:43,  1.32it/s, loss=2.5569]
train 14:   2%|â–         | 7/460 [00:05<05:40,  1.33it/s, loss=2.5569]
train 14:   2%|â–         | 7/460 [00:06<05:40,  1.33it/s, loss=2.5521]
train 14:   2%|â–         | 8/460 [00:06<05:20,  1.41it/s, loss=2.5521]
train 14:   2%|â–         | 8/460 [00:06<05:20,  1.41it/s, loss=2.5438]
train 14:   2%|â–         | 9/460 [00:06<05:25,  1.38it/s, loss=2.5438]
train 14:   2%|â–         | 9/460 [00:07<05:25,  1.38it/s, loss=2.5313]
train 14:   2%|â–         | 10/460 [00:07<05:28,  1.37it/s, loss=2.5313]
train 14:   2%|â–         | 10/460 [00:08<05:28,  1.37it/s, loss=2.5319]
train 14:   2%|â–         | 11/460 [00:08<05:29,  1.36it/s, loss=2.5319]
train 14:   2%|â–         | 11/460 [00:09<05:29,  1.36it/s, loss=2.5479]
train 14:   3%|â–Ž         | 12/460 [00:09<05:30,  1.36it/s, loss=2.5479]
train 14:   3%|â–Ž         | 12/460 [00:09<05:30,  1.36it/s, loss=2.5256]
train 14:   3%|â–Ž         | 13/460 [00:09<05:30,  1.35it/s, loss=2.5256]
train 14:   3%|â–Ž         | 13/460 [00:10<05:30,  1.35it/s, loss=2.5578]
train 14:   3%|â–Ž         | 14/460 [00:10<05:30,  1.35it/s, loss=2.5578]
train 14:   3%|â–Ž         | 14/460 [00:11<05:30,  1.35it/s, loss=2.5404]
train 14:   3%|â–Ž         | 15/460 [00:11<05:29,  1.35it/s, loss=2.5404]
train 14:   3%|â–Ž         | 15/460 [00:11<05:29,  1.35it/s, loss=2.5400]
train 14:   3%|â–Ž         | 16/460 [00:11<05:12,  1.42it/s, loss=2.5400]
train 14:   3%|â–Ž         | 16/460 [00:12<05:12,  1.42it/s, loss=2.5281]
train 14:   4%|â–Ž         | 17/460 [00:12<05:17,  1.40it/s, loss=2.5281]
train 14:   4%|â–Ž         | 17/460 [00:13<05:17,  1.40it/s, loss=2.5463]
train 14:   4%|â–         | 18/460 [00:13<05:19,  1.38it/s, loss=2.5463]
train 14:   4%|â–         | 18/460 [00:14<05:19,  1.38it/s, loss=2.5219]
train 14:   4%|â–         | 19/460 [00:14<05:21,  1.37it/s, loss=2.5219]
train 14:   4%|â–         | 19/460 [00:14<05:21,  1.37it/s, loss=2.5349]
train 14:   4%|â–         | 20/460 [00:14<05:23,  1.36it/s, loss=2.5349]
train 14:   4%|â–         | 20/460 [00:15<05:23,  1.36it/s, loss=2.5348]
train 14:   5%|â–         | 21/460 [00:15<05:22,  1.36it/s, loss=2.5348]
train 14:   5%|â–         | 21/460 [00:16<05:22,  1.36it/s, loss=2.5388]
train 14:   5%|â–         | 22/460 [00:16<05:22,  1.36it/s, loss=2.5388]
train 14:   5%|â–         | 22/460 [00:17<05:22,  1.36it/s, loss=2.5366]
train 14:   5%|â–Œ         | 23/460 [00:17<05:22,  1.36it/s, loss=2.5366]
train 14:   5%|â–Œ         | 23/460 [00:17<05:22,  1.36it/s, loss=2.5715]
train 14:   5%|â–Œ         | 24/460 [00:17<05:04,  1.43it/s, loss=2.5715]
train 14:   5%|â–Œ         | 24/460 [00:18<05:04,  1.43it/s, loss=2.5656]
train 14:   5%|â–Œ         | 25/460 [00:18<05:09,  1.41it/s, loss=2.5656]
train 14:   5%|â–Œ         | 25/460 [00:19<05:09,  1.41it/s, loss=2.5419]
train 14:   6%|â–Œ         | 26/460 [00:19<05:12,  1.39it/s, loss=2.5419]
train 14:   6%|â–Œ         | 26/460 [00:19<05:12,  1.39it/s, loss=2.5427]
train 14:   6%|â–Œ         | 27/460 [00:19<05:14,  1.38it/s, loss=2.5427]
train 14:   6%|â–Œ         | 27/460 [00:20<05:14,  1.38it/s, loss=2.5381]
train 14:   6%|â–Œ         | 28/460 [00:20<05:14,  1.37it/s, loss=2.5381]
train 14:   6%|â–Œ         | 28/460 [00:21<05:14,  1.37it/s, loss=2.5323]
train 14:   6%|â–‹         | 29/460 [00:21<05:15,  1.36it/s, loss=2.5323]
train 14:   6%|â–‹         | 29/460 [00:22<05:15,  1.36it/s, loss=2.5304]
train 14:   7%|â–‹         | 30/460 [00:22<05:15,  1.36it/s, loss=2.5304]
                                                                       
[PROFILE batch=0]
  data_time      =0.2330s
  to_device_time =0.0042s
  forward_time   =0.4354s
  loss_time      =0.0016s
  backward_time  =0.3063s
  optimizer_time =0.0067s
  batch_time     =0.7550s
  cuda_allocated_gb    =0.207
  cuda_reserved_gb     =11.285
  cuda_max_allocated_gb=9.724
[PROFILE batch=1]
  data_time      =0.0005s
  to_device_time =0.0041s
  forward_time   =0.4186s
  loss_time      =0.0021s
  backward_time  =0.3063s
  optimizer_time =0.0066s
  batch_time     =0.7381s
  cuda_allocated_gb    =0.206
  cuda_reserved_gb     =11.285
  cuda_max_allocated_gb=9.724
[PROFILE batch=2]
  data_time      =0.0004s
  to_device_time =0.0042s
  forward_time   =0.4191s
  loss_time      =0.0023s
  backward_time  =0.3055s
  optimizer_time =0.0064s
  batch_time     =0.7380s
  cuda_allocated_gb    =0.207
  cuda_reserved_gb     =11.285
  cuda_max_allocated_gb=9.724
[PROFILE batch=3]
  data_time      =0.0005s
  to_device_time =0.0041s
  forward_time   =0.4236s
  loss_time      =0.0023s
  backward_time  =0.3053s
  optimizer_time =0.0064s
  batch_time     =0.7423s
  cuda_allocated_gb    =0.206
  cuda_reserved_gb     =11.285
  cuda_max_allocated_gb=9.724
[PROFILE batch=4]
  data_time      =0.0007s
  to_device_time =0.0041s
  forward_time   =0.4212s
  loss_time      =0.0025s
  backward_time  =0.3058s
  optimizer_time =0.0064s
  batch_time     =0.7404s
  cuda_allocated_gb    =0.206
  cuda_reserved_gb     =11.285
  cuda_max_allocated_gb=9.724
[PROFILE batch=5]
  data_time      =0.0004s
  to_device_time =0.0042s
  forward_time   =0.4195s
  loss_time      =0.0023s
  backward_time  =0.3062s
  optimizer_time =0.0070s
  batch_time     =0.7396s
  cuda_allocated_gb    =0.206
  cuda_reserved_gb     =11.285
  cuda_max_allocated_gb=9.724
[PROFILE batch=6]
  data_time      =0.0005s
  to_device_time =0.0041s
  forward_time   =0.4209s
  loss_time      =0.0024s
  backward_time  =0.3054s
  optimizer_time =0.0063s
  batch_time     =0.7396s
  cuda_allocated_gb    =0.206
  cuda_reserved_gb     =11.285
  cuda_max_allocated_gb=9.724
[PROFILE batch=7]
  data_time      =0.0004s
  to_device_time =0.0034s
  forward_time   =0.3419s
  loss_time      =0.0023s
  backward_time  =0.2556s
  optimizer_time =0.0064s
  batch_time     =0.6100s
  cuda_allocated_gb    =0.176
  cuda_reserved_gb     =11.285
  cuda_max_allocated_gb=9.724
[PROFILE batch=8]
  data_time      =0.0005s
  to_device_time =0.0041s
  forward_time   =0.4215s
  loss_time      =0.0043s
  backward_time  =0.3130s
  optimizer_time =0.0070s
  batch_time     =0.7504s
  cuda_allocated_gb    =0.206
  cuda_reserved_gb     =11.285
  cuda_max_allocated_gb=9.724
[PROFILE batch=9]
  data_time      =0.0005s
  to_device_time =0.0041s
  forward_time   =0.4222s
  loss_time      =0.0023s
  backward_time  =0.3059s
  optimizer_time =0.0064s
  batch_time     =0.7414s
  cuda_allocated_gb    =0.207
  cuda_reserved_gb     =11.285
  cuda_max_allocated_gb=9.724
[PROFILE batch=10]
  data_time      =0.0004s
  to_device_time =0.0042s
  forward_time   =0.4212s
  loss_time      =0.0022s
  backward_time  =0.3056s
  optimizer_time =0.0066s
  batch_time     =0.7403s
  cuda_allocated_gb    =0.207
  cuda_reserved_gb     =11.285
  cuda_max_allocated_gb=9.724
[PROFILE batch=11]
  data_time      =0.0005s
  to_device_time =0.0041s
  forward_time   =0.4224s
  loss_time      =0.0022s
  backward_time  =0.3056s
  optimizer_time =0.0065s
  batch_time     =0.7413s
  cuda_allocated_gb    =0.207
  cuda_reserved_gb     =11.285
  cuda_max_allocated_gb=9.724
[PROFILE batch=12]
  data_time      =0.0007s
  to_device_time =0.0041s
  forward_time   =0.4215s
  loss_time      =0.0024s
  backward_time  =0.3063s
  optimizer_time =0.0062s
  batch_time     =0.7410s
  cuda_allocated_gb    =0.207
  cuda_reserved_gb     =11.285
  cuda_max_allocated_gb=9.724
[PROFILE batch=13]
  data_time      =0.0004s
  to_device_time =0.0041s
  forward_time   =0.4219s
  loss_time      =0.0023s
  backward_time  =0.3061s
  optimizer_time =0.0063s
  batch_time     =0.7411s
  cuda_allocated_gb    =0.206
  cuda_reserved_gb     =11.285
  cuda_max_allocated_gb=9.724
[PROFILE batch=14]
  data_time      =0.0004s
  to_device_time =0.0042s
  forward_time   =0.4219s
  loss_time      =0.0023s
  backward_time  =0.3054s
  optimizer_time =0.0063s
  batch_time     =0.7406s
  cuda_allocated_gb    =0.207
  cuda_reserved_gb     =11.285
  cuda_max_allocated_gb=9.724
[PROFILE batch=15]
  data_time      =0.0005s
  to_device_time =0.0034s
  forward_time   =0.3415s
  loss_time      =0.0024s
  backward_time  =0.2565s
  optimizer_time =0.0067s
  batch_time     =0.6109s
  cuda_allocated_gb    =0.176
  cuda_reserved_gb     =11.285
  cuda_max_allocated_gb=9.724
[PROFILE batch=16]
  data_time      =0.0005s
  to_device_time =0.0041s
  forward_time   =0.4224s
  loss_time      =0.0026s
  backward_time  =0.3055s
  optimizer_time =0.0064s
  batch_time     =0.7415s
  cuda_allocated_gb    =0.206
  cuda_reserved_gb     =11.285
  cuda_max_allocated_gb=9.724
[PROFILE batch=17]
  data_time      =0.0004s
  to_device_time =0.0042s
  forward_time   =0.4193s
  loss_time      =0.0023s
  backward_time  =0.3064s
  optimizer_time =0.0065s
  batch_time     =0.7391s
  cuda_allocated_gb    =0.206
  cuda_reserved_gb     =11.285
  cuda_max_allocated_gb=9.724
[PROFILE batch=18]
  data_time      =0.0005s
  to_device_time =0.0041s
  forward_time   =0.4192s
  loss_time      =0.0023s
  backward_time  =0.3069s
  optimizer_time =0.0067s
  batch_time     =0.7398s
  cuda_allocated_gb    =0.207
  cuda_reserved_gb     =11.285
  cuda_max_allocated_gb=9.724
[PROFILE batch=19]
  data_time      =0.0005s
  to_device_time =0.0041s
  forward_time   =0.4246s
  loss_time      =0.0022s
  backward_time  =0.3059s
  optimizer_time =0.0064s
  batch_time     =0.7438s
  cuda_allocated_gb    =0.206
  cuda_reserved_gb     =11.285
  cuda_max_allocated_gb=9.724

[PROFILE average first 20 batches (recorded=20)]
  avg_data_time      =0.0121s
  avg_to_device_time =0.0041s
  avg_forward_time   =0.4140s
  avg_loss_time      =0.0024s
  avg_backward_time  =0.3013s
  avg_optimizer_time =0.0065s
  avg_batch_time     =0.7287s
  estimated_full_epoch_minutes=5.59

val:   0%|          | 0/57 [00:00<?, ?it/s]/usr/local/lib/python3.12/dist-packages/torch/autograd/function.py:583: UserWarning: Was asked to gather along dimension 0, but all input tensors were scalars; will instead unsqueeze and return a vector.
  return super().apply(*args, **kwargs)  # type: ignore[misc]

val:   2%|â–         | 1/57 [00:00<00:44,  1.27it/s]
val:   4%|â–Ž         | 2/57 [00:01<00:31,  1.76it/s]
val:   5%|â–Œ         | 3/57 [00:01<00:26,  2.01it/s]
val:   7%|â–‹         | 4/57 [00:02<00:24,  2.16it/s]
val:   9%|â–‰         | 5/57 [00:02<00:23,  2.25it/s]
val:  11%|â–ˆ         | 6/57 [00:02<00:22,  2.32it/s]
val:  12%|â–ˆâ–        | 7/57 [00:03<00:21,  2.35it/s]
val:  14%|â–ˆâ–        | 8/57 [00:03<00:20,  2.38it/s]
val:  16%|â–ˆâ–Œ        | 9/57 [00:04<00:19,  2.41it/s]
val:  18%|â–ˆâ–Š        | 10/57 [00:04<00:19,  2.41it/s]
                                                    
Epoch 014/015 | loss=2.5390 acc=0.1428 macro_f1=0.1348 | val_loss=2.5331 val_acc=0.1500 val_macro_f1=0.1335 | ckpt_monitor=val_macro_f1:0.1335 best_val_macro_f1=0.1368 best_epoch=12 early_val_macro_f1=0.1368 sec/batch=0.738s
          val pred_count: [186, 95, 97, 74, 32, 71, 85]
          no improvement: 2/12

train 15:   0%|          | 0/460 [00:00<?, ?it/s]/usr/local/lib/python3.12/dist-packages/torch/autograd/function.py:583: UserWarning: Was asked to gather along dimension 0, but all input tensors were scalars; will instead unsqueeze and return a vector.
  return super().apply(*args, **kwargs)  # type: ignore[misc]

train 15:   0%|          | 0/460 [00:01<?, ?it/s, loss=2.5272]
train 15:   0%|          | 1/460 [00:01<07:46,  1.02s/it, loss=2.5272]
train 15:   0%|          | 1/460 [00:01<07:46,  1.02s/it, loss=2.5398]
train 15:   0%|          | 2/460 [00:01<06:33,  1.16it/s, loss=2.5398]
train 15:   0%|          | 2/460 [00:02<06:33,  1.16it/s, loss=2.5296]
train 15:   1%|          | 3/460 [00:02<06:08,  1.24it/s, loss=2.5296]
train 15:   1%|          | 3/460 [00:03<06:08,  1.24it/s, loss=2.5454]
train 15:   1%|          | 4/460 [00:03<05:57,  1.28it/s, loss=2.5454]
train 15:   1%|          | 4/460 [00:04<05:57,  1.28it/s, loss=2.5356]
train 15:   1%|          | 5/460 [00:04<05:50,  1.30it/s, loss=2.5356]
train 15:   1%|          | 5/460 [00:04<05:50,  1.30it/s, loss=2.5397]
train 15:   1%|â–         | 6/460 [00:04<05:46,  1.31it/s, loss=2.5397]
train 15:   1%|â–         | 6/460 [00:05<05:46,  1.31it/s, loss=2.5454]
train 15:   2%|â–         | 7/460 [00:05<05:42,  1.32it/s, loss=2.5454]
train 15:   2%|â–         | 7/460 [00:06<05:42,  1.32it/s, loss=2.5417]
train 15:   2%|â–         | 8/460 [00:06<05:20,  1.41it/s, loss=2.5417]
train 15:   2%|â–         | 8/460 [00:06<05:20,  1.41it/s, loss=2.5351]
train 15:   2%|â–         | 9/460 [00:06<05:26,  1.38it/s, loss=2.5351]
train 15:   2%|â–         | 9/460 [00:07<05:26,  1.38it/s, loss=2.5273]
train 15:   2%|â–         | 10/460 [00:07<05:29,  1.37it/s, loss=2.5273]
train 15:   2%|â–         | 10/460 [00:08<05:29,  1.37it/s, loss=2.5276]
train 15:   2%|â–         | 11/460 [00:08<05:30,  1.36it/s, loss=2.5276]
train 15:   2%|â–         | 11/460 [00:09<05:30,  1.36it/s, loss=2.5208]
train 15:   3%|â–Ž         | 12/460 [00:09<05:31,  1.35it/s, loss=2.5208]
train 15:   3%|â–Ž         | 12/460 [00:09<05:31,  1.35it/s, loss=2.5407]
train 15:   3%|â–Ž         | 13/460 [00:09<05:31,  1.35it/s, loss=2.5407]
train 15:   3%|â–Ž         | 13/460 [00:10<05:31,  1.35it/s, loss=2.5369]
train 15:   3%|â–Ž         | 14/460 [00:10<05:31,  1.35it/s, loss=2.5369]
train 15:   3%|â–Ž         | 14/460 [00:11<05:31,  1.35it/s, loss=2.5314]
train 15:   3%|â–Ž         | 15/460 [00:11<05:30,  1.35it/s, loss=2.5314]
train 15:   3%|â–Ž         | 15/460 [00:11<05:30,  1.35it/s, loss=2.5388]
train 15:   3%|â–Ž         | 16/460 [00:11<05:12,  1.42it/s, loss=2.5388]
train 15:   3%|â–Ž         | 16/460 [00:12<05:12,  1.42it/s, loss=2.5318]
train 15:   4%|â–Ž         | 17/460 [00:12<05:17,  1.40it/s, loss=2.5318]
train 15:   4%|â–Ž         | 17/460 [00:13<05:17,  1.40it/s, loss=2.5408]
train 15:   4%|â–         | 18/460 [00:13<05:20,  1.38it/s, loss=2.5408]
train 15:   4%|â–         | 18/460 [00:14<05:20,  1.38it/s, loss=2.5442]
train 15:   4%|â–         | 19/460 [00:14<05:21,  1.37it/s, loss=2.5442]
train 15:   4%|â–         | 19/460 [00:14<05:21,  1.37it/s, loss=2.5346]
train 15:   4%|â–         | 20/460 [00:14<05:23,  1.36it/s, loss=2.5346]
train 15:   4%|â–         | 20/460 [00:15<05:23,  1.36it/s, loss=2.5307]
train 15:   5%|â–         | 21/460 [00:15<05:23,  1.36it/s, loss=2.5307]
train 15:   5%|â–         | 21/460 [00:16<05:23,  1.36it/s, loss=2.5426]
train 15:   5%|â–         | 22/460 [00:16<05:22,  1.36it/s, loss=2.5426]
train 15:   5%|â–         | 22/460 [00:17<05:22,  1.36it/s, loss=2.5198]
train 15:   5%|â–Œ         | 23/460 [00:17<05:22,  1.35it/s, loss=2.5198]
train 15:   5%|â–Œ         | 23/460 [00:17<05:22,  1.35it/s, loss=2.5330]
train 15:   5%|â–Œ         | 24/460 [00:17<05:06,  1.42it/s, loss=2.5330]
train 15:   5%|â–Œ         | 24/460 [00:18<05:06,  1.42it/s, loss=2.5244]
train 15:   5%|â–Œ         | 25/460 [00:18<05:10,  1.40it/s, loss=2.5244]
train 15:   5%|â–Œ         | 25/460 [00:19<05:10,  1.40it/s, loss=2.5419]
train 15:   6%|â–Œ         | 26/460 [00:19<05:13,  1.38it/s, loss=2.5419]
train 15:   6%|â–Œ         | 26/460 [00:19<05:13,  1.38it/s, loss=2.5219]
train 15:   6%|â–Œ         | 27/460 [00:19<05:14,  1.38it/s, loss=2.5219]
train 15:   6%|â–Œ         | 27/460 [00:20<05:14,  1.38it/s, loss=2.5316]
train 15:   6%|â–Œ         | 28/460 [00:20<05:16,  1.37it/s, loss=2.5316]
train 15:   6%|â–Œ         | 28/460 [00:21<05:16,  1.37it/s, loss=2.5415]
train 15:   6%|â–‹         | 29/460 [00:21<05:16,  1.36it/s, loss=2.5415]
train 15:   6%|â–‹         | 29/460 [00:22<05:16,  1.36it/s, loss=2.5383]
train 15:   7%|â–‹         | 30/460 [00:22<05:16,  1.36it/s, loss=2.5383]
                                                                       
[PROFILE batch=0]
  data_time      =0.2458s
  to_device_time =0.0043s
  forward_time   =0.4445s
  loss_time      =0.0013s
  backward_time  =0.3118s
  optimizer_time =0.0063s
  batch_time     =0.7688s
  cuda_allocated_gb    =0.207
  cuda_reserved_gb     =11.285
  cuda_max_allocated_gb=9.724
[PROFILE batch=1]
  data_time      =0.0005s
  to_device_time =0.0042s
  forward_time   =0.4275s
  loss_time      =0.0022s
  backward_time  =0.3062s
  optimizer_time =0.0063s
  batch_time     =0.7469s
  cuda_allocated_gb    =0.206
  cuda_reserved_gb     =11.285
  cuda_max_allocated_gb=9.724
[PROFILE batch=2]
  data_time      =0.0005s
  to_device_time =0.0041s
  forward_time   =0.4222s
  loss_time      =0.0022s
  backward_time  =0.3051s
  optimizer_time =0.0068s
  batch_time     =0.7409s
  cuda_allocated_gb    =0.207
  cuda_reserved_gb     =11.285
  cuda_max_allocated_gb=9.724
[PROFILE batch=3]
  data_time      =0.0004s
  to_device_time =0.0042s
  forward_time   =0.4255s
  loss_time      =0.0022s
  backward_time  =0.3061s
  optimizer_time =0.0061s
  batch_time     =0.7447s
  cuda_allocated_gb    =0.206
  cuda_reserved_gb     =11.285
  cuda_max_allocated_gb=9.724
[PROFILE batch=4]
  data_time      =0.0007s
  to_device_time =0.0041s
  forward_time   =0.4219s
  loss_time      =0.0022s
  backward_time  =0.3065s
  optimizer_time =0.0069s
  batch_time     =0.7421s
  cuda_allocated_gb    =0.206
  cuda_reserved_gb     =11.285
  cuda_max_allocated_gb=9.724
[PROFILE batch=5]
  data_time      =0.0005s
  to_device_time =0.0042s
  forward_time   =0.4257s
  loss_time      =0.0023s
  backward_time  =0.3065s
  optimizer_time =0.0063s
  batch_time     =0.7454s
  cuda_allocated_gb    =0.206
  cuda_reserved_gb     =11.285
  cuda_max_allocated_gb=9.724
[PROFILE batch=6]
  data_time      =0.0005s
  to_device_time =0.0041s
  forward_time   =0.4199s
  loss_time      =0.0023s
  backward_time  =0.3067s
  optimizer_time =0.0065s
  batch_time     =0.7400s
  cuda_allocated_gb    =0.206
  cuda_reserved_gb     =11.285
  cuda_max_allocated_gb=9.724
[PROFILE batch=7]
  data_time      =0.0005s
  to_device_time =0.0034s
  forward_time   =0.3416s
  loss_time      =0.0023s
  backward_time  =0.2549s
  optimizer_time =0.0060s
  batch_time     =0.6087s
  cuda_allocated_gb    =0.176
  cuda_reserved_gb     =11.285
  cuda_max_allocated_gb=9.724
[PROFILE batch=8]
  data_time      =0.0005s
  to_device_time =0.0041s
  forward_time   =0.4229s
  loss_time      =0.0026s
  backward_time  =0.3160s
  optimizer_time =0.0065s
  batch_time     =0.7526s
  cuda_allocated_gb    =0.206
  cuda_reserved_gb     =11.285
  cuda_max_allocated_gb=9.724
[PROFILE batch=9]
  data_time      =0.0004s
  to_device_time =0.0042s
  forward_time   =0.4234s
  loss_time      =0.0024s
  backward_time  =0.3063s
  optimizer_time =0.0069s
  batch_time     =0.7436s
  cuda_allocated_gb    =0.207
  cuda_reserved_gb     =11.285
  cuda_max_allocated_gb=9.724
[PROFILE batch=10]
  data_time      =0.0004s
  to_device_time =0.0042s
  forward_time   =0.4206s
  loss_time      =0.0031s
  backward_time  =0.3075s
  optimizer_time =0.0062s
  batch_time     =0.7421s
  cuda_allocated_gb    =0.207
  cuda_reserved_gb     =11.285
  cuda_max_allocated_gb=9.724
[PROFILE batch=11]
  data_time      =0.0004s
  to_device_time =0.0042s
  forward_time   =0.4234s
  loss_time      =0.0023s
  backward_time  =0.3077s
  optimizer_time =0.0063s
  batch_time     =0.7443s
  cuda_allocated_gb    =0.207
  cuda_reserved_gb     =11.285
  cuda_max_allocated_gb=9.724
[PROFILE batch=12]
  data_time      =0.0006s
  to_device_time =0.0042s
  forward_time   =0.4254s
  loss_time      =0.0024s
  backward_time  =0.3059s
  optimizer_time =0.0066s
  batch_time     =0.7450s
  cuda_allocated_gb    =0.207
  cuda_reserved_gb     =11.285
  cuda_max_allocated_gb=9.724
[PROFILE batch=13]
  data_time      =0.0006s
  to_device_time =0.0041s
  forward_time   =0.4218s
  loss_time      =0.0024s
  backward_time  =0.3058s
  optimizer_time =0.0063s
  batch_time     =0.7408s
  cuda_allocated_gb    =0.206
  cuda_reserved_gb     =11.285
  cuda_max_allocated_gb=9.724
[PROFILE batch=14]
  data_time      =0.0005s
  to_device_time =0.0041s
  forward_time   =0.4219s
  loss_time      =0.0023s
  backward_time  =0.3065s
  optimizer_time =0.0062s
  batch_time     =0.7415s
  cuda_allocated_gb    =0.207
  cuda_reserved_gb     =11.285
  cuda_max_allocated_gb=9.724
[PROFILE batch=15]
  data_time      =0.0006s
  to_device_time =0.0034s
  forward_time   =0.3415s
  loss_time      =0.0023s
  backward_time  =0.2572s
  optimizer_time =0.0064s
  batch_time     =0.6112s
  cuda_allocated_gb    =0.176
  cuda_reserved_gb     =11.285
  cuda_max_allocated_gb=9.724
[PROFILE batch=16]
  data_time      =0.0004s
  to_device_time =0.0042s
  forward_time   =0.4214s
  loss_time      =0.0024s
  backward_time  =0.3059s
  optimizer_time =0.0069s
  batch_time     =0.7413s
  cuda_allocated_gb    =0.206
  cuda_reserved_gb     =11.285
  cuda_max_allocated_gb=9.724
[PROFILE batch=17]
  data_time      =0.0005s
  to_device_time =0.0042s
  forward_time   =0.4205s
  loss_time      =0.0023s
  backward_time  =0.3069s
  optimizer_time =0.0063s
  batch_time     =0.7406s
  cuda_allocated_gb    =0.206
  cuda_reserved_gb     =11.285
  cuda_max_allocated_gb=9.724
[PROFILE batch=18]
  data_time      =0.0005s
  to_device_time =0.0041s
  forward_time   =0.4191s
  loss_time      =0.0023s
  backward_time  =0.3056s
  optimizer_time =0.0066s
  batch_time     =0.7382s
  cuda_allocated_gb    =0.207
  cuda_reserved_gb     =11.285
  cuda_max_allocated_gb=9.724
[PROFILE batch=19]
  data_time      =0.0005s
  to_device_time =0.0041s
  forward_time   =0.4227s
  loss_time      =0.0023s
  backward_time  =0.3062s
  optimizer_time =0.0068s
  batch_time     =0.7426s
  cuda_allocated_gb    =0.206
  cuda_reserved_gb     =11.285
  cuda_max_allocated_gb=9.724

[PROFILE average first 20 batches (recorded=20)]
  avg_data_time      =0.0128s
  avg_to_device_time =0.0041s
  avg_forward_time   =0.4157s
  avg_loss_time      =0.0023s
  avg_backward_time  =0.3021s
  avg_optimizer_time =0.0065s
  avg_batch_time     =0.7311s
  estimated_full_epoch_minutes=5.60

val:   0%|          | 0/57 [00:00<?, ?it/s]/usr/local/lib/python3.12/dist-packages/torch/autograd/function.py:583: UserWarning: Was asked to gather along dimension 0, but all input tensors were scalars; will instead unsqueeze and return a vector.
  return super().apply(*args, **kwargs)  # type: ignore[misc]

val:   2%|â–         | 1/57 [00:00<00:31,  1.75it/s]
val:   4%|â–Ž         | 2/57 [00:00<00:26,  2.09it/s]
val:   5%|â–Œ         | 3/57 [00:01<00:24,  2.24it/s]
val:   7%|â–‹         | 4/57 [00:01<00:22,  2.31it/s]
val:   9%|â–‰         | 5/57 [00:02<00:21,  2.37it/s]
val:  11%|â–ˆ         | 6/57 [00:02<00:21,  2.40it/s]
val:  12%|â–ˆâ–        | 7/57 [00:03<00:20,  2.42it/s]
val:  14%|â–ˆâ–        | 8/57 [00:03<00:20,  2.44it/s]
val:  16%|â–ˆâ–Œ        | 9/57 [00:03<00:19,  2.45it/s]
val:  18%|â–ˆâ–Š        | 10/57 [00:04<00:19,  2.45it/s]
                                                    
Epoch 015/015 | loss=2.5347 acc=0.1385 macro_f1=0.1274 | val_loss=2.5331 val_acc=0.1406 val_macro_f1=0.1291 | ckpt_monitor=val_macro_f1:0.1291 best_val_macro_f1=0.1368 best_epoch=12 early_val_macro_f1=0.1368 sec/batch=0.741s
          val pred_count: [164, 110, 91, 85, 48, 74, 68]
          no improvement: 3/12
Training done best_epoch=12 best_metric=0.136839
Logged d12a_stable_ce_first_fastio_safe to reports/d11_experiments_log.csv