/kaggle/working/sgu-2026-fer13-graph/training/trainer.py:222: FutureWarning: `torch.cuda.amp.GradScaler(args...)` is deprecated. Please use `torch.amp.GradScaler('cuda', args...)` instead.
  self.scaler = torch.cuda.amp.GradScaler(
[FullGraphDataset train]
chunk_cache_size=4
num_chunks=58
num_samples=28709
[FullGraphDataset train] chunk cache enabled (max_chunks=4)
[ChunkAwareSampler] enabled=True
num_chunks=58
batch_size=64
batches_per_epoch=460
shuffle_chunks=True
shuffle_within_chunk=True
[DataLoader split=train] num_samples=28709 batch_size=64 num_workers=2 pin_memory=True persistent_workers=True prefetch_factor=2 chunk_cache_size=4 chunk_aware_sampler=True shuffle_chunks=True shuffle_within_chunk=True batches_per_epoch=460
[FullGraphDataset val]
chunk_cache_size=4
num_chunks=8
num_samples=3589
[FullGraphDataset val] chunk cache enabled (max_chunks=4)
[DataLoader split=val] num_samples=3589 batch_size=64 num_workers=2 pin_memory=True persistent_workers=True prefetch_factor=2 chunk_cache_size=4 chunk_aware_sampler=False shuffle_chunks=n/a shuffle_within_chunk=n/a batches_per_epoch=57
--- torch version: 2.10.0+cu128
--- cuda available: True
--- cuda device count: 2
--- selected device: cuda:0
--- gpu name: Tesla T4
--- current cuda device: 0
[Output] run_dir=/kaggle/working/outputs/d12_fastio_benchmark_safe
[Multi-GPU] DataParallel enabled: 2 GPUs
  GPU 0: Tesla T4
  GPU 1: Tesla T4
[Compile] torch.compile enabled (first batch will be slow)
[AMP] amp_enabled=True init_scale=65536.0
trainer device: cuda:0
model first parameter device: cuda:0
[Scheduler] type=LambdaLR monitor=epoch mode=n/a
[Checkpoint] save_best_metric=val_macro_f1 mode=max
[EarlyStopping] monitor=val_macro_f1 mode=max

train 1:   0%|          | 0/460 [00:00<?, ?it/s]W0515 05:32:16.254000 63 torch/_logging/_internal.py:1204] [0/0] Profiler function <class 'torch.autograd.profiler.record_function'> will be ignored
/usr/local/lib/python3.12/dist-packages/torch/_dynamo/variables/functions.py:1946: UserWarning: Dynamo does not know how to trace the builtin `_thread.get_ident.` This function is either a Python builtin (e.g. _warnings.warn) or a third-party C/C++ Python extension (perhaps created with pybind).
If it is a Python builtin, please file an issue on GitHub so the PyTorch team can add support for it and see the next case for a workaround.
If it is a third-party C/C++ Python extension, please either wrap it into a PyTorch-understood custom operator (see https://pytorch.org/tutorials/advanced/custom_ops_landing_page.html for more details) or, if it is traceable, use `torch.compiler.allow_in_graph`.
  torch._dynamo.utils.warn_once(explanation + "\n" + "\n".join(hints))
/usr/local/lib/python3.12/dist-packages/torch/autograd/function.py:583: UserWarning: Was asked to gather along dimension 0, but all input tensors were scalars; will instead unsqueeze and return a vector.
  return super().apply(*args, **kwargs)  # type: ignore[misc]

train 1:   0%|          | 0/460 [00:06<?, ?it/s, loss=2.5657]
train 1:   0%|          | 1/460 [00:06<50:53,  6.65s/it, loss=2.5657]
train 1:   0%|          | 1/460 [00:07<50:53,  6.65s/it, loss=2.5511]
train 1:   0%|          | 2/460 [00:07<24:24,  3.20s/it, loss=2.5511]
train 1:   0%|          | 2/460 [00:08<24:24,  3.20s/it, loss=2.5319]
train 1:   1%|          | 3/460 [00:08<15:56,  2.09s/it, loss=2.5319]
train 1:   1%|          | 3/460 [00:09<15:56,  2.09s/it, loss=2.5159]
train 1:   1%|          | 4/460 [00:09<12:02,  1.58s/it, loss=2.5159]W0515 05:32:24.556000 63 torch/_dynamo/convert_frame.py:1676] [3/8] torch._dynamo hit config.recompile_limit (8)
W0515 05:32:24.556000 63 torch/_dynamo/convert_frame.py:1676] [3/8]    function: 'torch_dynamo_resume_in___init___at_913' (/usr/lib/python3.12/threading.py:913)
W0515 05:32:24.556000 63 torch/_dynamo/convert_frame.py:1676] [3/8]    last reason: 3/7: ___stack0 == 'Thread-10'                                 # name += f" ({target_name})"  # lib/python3.12/threading.py:917 in torch_dynamo_resume_in___init___at_913
W0515 05:32:24.556000 63 torch/_dynamo/convert_frame.py:1676] [3/8] To log all recompilation reasons, use TORCH_LOGS="recompiles".
W0515 05:32:24.556000 63 torch/_dynamo/convert_frame.py:1676] [3/8] To diagnose recompilation issues, see https://pytorch.org/docs/main/compile/programming_model.recompilation.html

train 1:   1%|          | 4/460 [00:09<12:02,  1.58s/it, loss=2.5866]
train 1:   1%|          | 5/460 [00:09<09:36,  1.27s/it, loss=2.5866]
train 1:   1%|          | 5/460 [00:10<09:36,  1.27s/it, loss=2.5377]
train 1:   1%|â–         | 6/460 [00:10<08:06,  1.07s/it, loss=2.5377]
train 1:   1%|â–         | 6/460 [00:11<08:06,  1.07s/it, loss=2.5529]
train 1:   2%|â–         | 7/460 [00:11<07:10,  1.05it/s, loss=2.5529]/usr/local/lib/python3.12/dist-packages/torch/autograd/function.py:583: UserWarning: Was asked to gather along dimension 0, but all input tensors were scalars; will instead unsqueeze and return a vector.
  return super().apply(*args, **kwargs)  # type: ignore[misc]

train 1:   2%|â–         | 7/460 [00:14<07:10,  1.05it/s, loss=2.5098]
train 1:   2%|â–         | 8/460 [00:14<12:38,  1.68s/it, loss=2.5098]
train 1:   2%|â–         | 8/460 [00:15<12:38,  1.68s/it, loss=2.5309]
train 1:   2%|â–         | 9/460 [00:15<10:19,  1.37s/it, loss=2.5309]
train 1:   2%|â–         | 9/460 [00:15<10:19,  1.37s/it, loss=2.5373]
train 1:   2%|â–         | 10/460 [00:15<08:44,  1.17s/it, loss=2.5373]
train 1:   2%|â–         | 10/460 [00:16<08:44,  1.17s/it, loss=2.5629]
train 1:   2%|â–         | 11/460 [00:16<07:39,  1.02s/it, loss=2.5629]
train 1:   2%|â–         | 11/460 [00:17<07:39,  1.02s/it, loss=2.5637]
train 1:   3%|â–Ž         | 12/460 [00:17<06:54,  1.08it/s, loss=2.5637]
train 1:   3%|â–Ž         | 12/460 [00:17<06:54,  1.08it/s, loss=2.5502]
train 1:   3%|â–Ž         | 13/460 [00:17<06:23,  1.16it/s, loss=2.5502]
train 1:   3%|â–Ž         | 13/460 [00:18<06:23,  1.16it/s, loss=2.5423]
train 1:   3%|â–Ž         | 14/460 [00:18<06:01,  1.23it/s, loss=2.5423]
train 1:   3%|â–Ž         | 14/460 [00:19<06:01,  1.23it/s, loss=2.5222]
train 1:   3%|â–Ž         | 15/460 [00:19<05:45,  1.29it/s, loss=2.5222]
train 1:   3%|â–Ž         | 15/460 [00:19<05:45,  1.29it/s, loss=2.5342]
train 1:   3%|â–Ž         | 16/460 [00:19<05:17,  1.40it/s, loss=2.5342]
train 1:   3%|â–Ž         | 16/460 [00:20<05:17,  1.40it/s, loss=2.5507]
train 1:   4%|â–Ž         | 17/460 [00:20<05:15,  1.41it/s, loss=2.5507]
train 1:   4%|â–Ž         | 17/460 [00:21<05:15,  1.41it/s, loss=2.5445]
train 1:   4%|â–         | 18/460 [00:21<05:12,  1.41it/s, loss=2.5445]
train 1:   4%|â–         | 18/460 [00:21<05:12,  1.41it/s, loss=2.5495]
train 1:   4%|â–         | 19/460 [00:21<05:11,  1.42it/s, loss=2.5495]
train 1:   4%|â–         | 19/460 [00:22<05:11,  1.42it/s, loss=2.5292]
train 1:   4%|â–         | 20/460 [00:22<05:10,  1.42it/s, loss=2.5292]
train 1:   4%|â–         | 20/460 [00:23<05:10,  1.42it/s, loss=2.5587]
train 1:   5%|â–         | 21/460 [00:23<05:08,  1.42it/s, loss=2.5587]
train 1:   5%|â–         | 21/460 [00:24<05:08,  1.42it/s, loss=2.5342]
train 1:   5%|â–         | 22/460 [00:24<05:06,  1.43it/s, loss=2.5342]
train 1:   5%|â–         | 22/460 [00:24<05:06,  1.43it/s, loss=2.5505]
train 1:   5%|â–Œ         | 23/460 [00:24<05:04,  1.43it/s, loss=2.5505]
train 1:   5%|â–Œ         | 23/460 [00:25<05:04,  1.43it/s, loss=2.5452]
train 1:   5%|â–Œ         | 24/460 [00:25<04:47,  1.52it/s, loss=2.5452]
train 1:   5%|â–Œ         | 24/460 [00:25<04:47,  1.52it/s, loss=2.5217]
train 1:   5%|â–Œ         | 25/460 [00:25<04:51,  1.49it/s, loss=2.5217]
train 1:   5%|â–Œ         | 25/460 [00:26<04:51,  1.49it/s, loss=2.5534]
train 1:   6%|â–Œ         | 26/460 [00:26<04:54,  1.48it/s, loss=2.5534]
train 1:   6%|â–Œ         | 26/460 [00:27<04:54,  1.48it/s, loss=2.5363]
train 1:   6%|â–Œ         | 27/460 [00:27<04:54,  1.47it/s, loss=2.5363]
train 1:   6%|â–Œ         | 27/460 [00:28<04:54,  1.47it/s, loss=2.5329]
train 1:   6%|â–Œ         | 28/460 [00:28<04:55,  1.46it/s, loss=2.5329]
train 1:   6%|â–Œ         | 28/460 [00:28<04:55,  1.46it/s, loss=2.5419]
train 1:   6%|â–‹         | 29/460 [00:28<04:56,  1.45it/s, loss=2.5419]
train 1:   6%|â–‹         | 29/460 [00:29<04:56,  1.45it/s, loss=2.5341]
train 1:   7%|â–‹         | 30/460 [00:29<04:56,  1.45it/s, loss=2.5341]
                                                                      
[SPEED_BENCH] first_batch_x_shape=[64, 2304, 7]
[SPEED_BENCH] first_batch_edge_attr_shape=[64, 17860, 5]
[SPEED_BENCH] bs_mismatch=False  (x.shape[0]=64, expected=64 âœ“)
train tensor devices: x=cuda:0 edge_index=cuda:0 edge_attr=cuda:0 y=cuda:0 logits=cuda:0 loss=cuda:0
[PROFILE batch=0]
  data_time      =0.4514s
  to_device_time =0.0051s
  forward_time   =5.3959s
  loss_time      =0.1271s
  backward_time  =0.4229s
  optimizer_time =0.2193s
  batch_time     =6.1714s
  cuda_allocated_gb    =0.190
  cuda_reserved_gb     =11.275
  cuda_max_allocated_gb=9.582
[PROFILE batch=1]
  data_time      =0.0006s
  to_device_time =0.0041s
  forward_time   =0.4690s
  loss_time      =0.0024s
  backward_time  =0.2942s
  optimizer_time =0.0063s
  batch_time     =0.7767s
  cuda_allocated_gb    =0.254
  cuda_reserved_gb     =11.285
  cuda_max_allocated_gb=9.765
[PROFILE batch=2]
  data_time      =0.0006s
  to_device_time =0.0041s
  forward_time   =0.4685s
  loss_time      =0.0021s
  backward_time  =0.2945s
  optimizer_time =0.0064s
  batch_time     =0.7762s
  cuda_allocated_gb    =0.253
  cuda_reserved_gb     =11.285
  cuda_max_allocated_gb=9.769
[PROFILE batch=3]
  data_time      =0.0005s
  to_device_time =0.0041s
  forward_time   =0.4931s
  loss_time      =0.0024s
  backward_time  =0.2948s
  optimizer_time =0.0066s
  batch_time     =0.8017s
  cuda_allocated_gb    =0.253
  cuda_reserved_gb     =11.285
  cuda_max_allocated_gb=9.769
[PROFILE batch=4]
  data_time      =0.0007s
  to_device_time =0.0041s
  forward_time   =0.3916s
  loss_time      =0.0024s
  backward_time  =0.2944s
  optimizer_time =0.0061s
  batch_time     =0.6990s
  cuda_allocated_gb    =0.253
  cuda_reserved_gb     =11.285
  cuda_max_allocated_gb=9.769
[PROFILE batch=5]
  data_time      =0.0005s
  to_device_time =0.0041s
  forward_time   =0.3842s
  loss_time      =0.0024s
  backward_time  =0.2945s
  optimizer_time =0.0065s
  batch_time     =0.6922s
  cuda_allocated_gb    =0.253
  cuda_reserved_gb     =11.285
  cuda_max_allocated_gb=9.769
[PROFILE batch=6]
  data_time      =0.0005s
  to_device_time =0.0041s
  forward_time   =0.3862s
  loss_time      =0.0024s
  backward_time  =0.2951s
  optimizer_time =0.0069s
  batch_time     =0.6952s
  cuda_allocated_gb    =0.253
  cuda_reserved_gb     =11.285
  cuda_max_allocated_gb=9.769
[PROFILE batch=7]
  data_time      =0.0005s
  to_device_time =0.0034s
  forward_time   =2.9657s
  loss_time      =0.0023s
  backward_time  =0.2557s
  optimizer_time =0.0069s
  batch_time     =3.2346s
  cuda_allocated_gb    =0.223
  cuda_reserved_gb     =11.285
  cuda_max_allocated_gb=9.769
[PROFILE batch=8]
  data_time      =0.0005s
  to_device_time =0.0042s
  forward_time   =0.3878s
  loss_time      =0.0024s
  backward_time  =0.2947s
  optimizer_time =0.0069s
  batch_time     =0.6965s
  cuda_allocated_gb    =0.291
  cuda_reserved_gb     =11.285
  cuda_max_allocated_gb=9.782
[PROFILE batch=9]
  data_time      =0.0006s
  to_device_time =0.0041s
  forward_time   =0.3887s
  loss_time      =0.0030s
  backward_time  =0.2961s
  optimizer_time =0.0070s
  batch_time     =0.6995s
  cuda_allocated_gb    =0.290
  cuda_reserved_gb     =11.285
  cuda_max_allocated_gb=9.803
[PROFILE batch=10]
  data_time      =0.0005s
  to_device_time =0.0042s
  forward_time   =0.3900s
  loss_time      =0.0024s
  backward_time  =0.2949s
  optimizer_time =0.0067s
  batch_time     =0.6988s
  cuda_allocated_gb    =0.290
  cuda_reserved_gb     =11.285
  cuda_max_allocated_gb=9.803
[PROFILE batch=11]
  data_time      =0.0005s
  to_device_time =0.0041s
  forward_time   =0.3882s
  loss_time      =0.0024s
  backward_time  =0.2949s
  optimizer_time =0.0069s
  batch_time     =0.6969s
  cuda_allocated_gb    =0.290
  cuda_reserved_gb     =11.285
  cuda_max_allocated_gb=9.804
[PROFILE batch=12]
  data_time      =0.0008s
  to_device_time =0.0042s
  forward_time   =0.3931s
  loss_time      =0.0024s
  backward_time  =0.2945s
  optimizer_time =0.0073s
  batch_time     =0.7020s
  cuda_allocated_gb    =0.290
  cuda_reserved_gb     =11.285
  cuda_max_allocated_gb=9.804
[PROFILE batch=13]
  data_time      =0.0006s
  to_device_time =0.0041s
  forward_time   =0.3852s
  loss_time      =0.0025s
  backward_time  =0.2951s
  optimizer_time =0.0068s
  batch_time     =0.6942s
  cuda_allocated_gb    =0.290
  cuda_reserved_gb     =11.285
  cuda_max_allocated_gb=9.804
[PROFILE batch=14]
  data_time      =0.0005s
  to_device_time =0.0041s
  forward_time   =0.3856s
  loss_time      =0.0024s
  backward_time  =0.2953s
  optimizer_time =0.0072s
  batch_time     =0.6951s
  cuda_allocated_gb    =0.290
  cuda_reserved_gb     =11.285
  cuda_max_allocated_gb=9.804
[PROFILE batch=15]
  data_time      =0.0006s
  to_device_time =0.0034s
  forward_time   =0.3149s
  loss_time      =0.0023s
  backward_time  =0.2451s
  optimizer_time =0.0068s
  batch_time     =0.5729s
  cuda_allocated_gb    =0.261
  cuda_reserved_gb     =11.285
  cuda_max_allocated_gb=9.804
[PROFILE batch=16]
  data_time      =0.0005s
  to_device_time =0.0041s
  forward_time   =0.3865s
  loss_time      =0.0040s
  backward_time  =0.2961s
  optimizer_time =0.0068s
  batch_time     =0.6980s
  cuda_allocated_gb    =0.290
  cuda_reserved_gb     =11.285
  cuda_max_allocated_gb=9.804
[PROFILE batch=17]
  data_time      =0.0005s
  to_device_time =0.0041s
  forward_time   =0.3854s
  loss_time      =0.0024s
  backward_time  =0.2961s
  optimizer_time =0.0083s
  batch_time     =0.6968s
  cuda_allocated_gb    =0.290
  cuda_reserved_gb     =11.285
  cuda_max_allocated_gb=9.804
[PROFILE batch=18]
  data_time      =0.0005s
  to_device_time =0.0041s
  forward_time   =0.3865s
  loss_time      =0.0025s
  backward_time  =0.2953s
  optimizer_time =0.0081s
  batch_time     =0.6971s
  cuda_allocated_gb    =0.290
  cuda_reserved_gb     =11.285
  cuda_max_allocated_gb=9.804
[PROFILE batch=19]
  data_time      =0.0005s
  to_device_time =0.0042s
  forward_time   =0.3899s
  loss_time      =0.0025s
  backward_time  =0.2959s
  optimizer_time =0.0069s
  batch_time     =0.7000s
  cuda_allocated_gb    =0.290
  cuda_reserved_gb     =11.285
  cuda_max_allocated_gb=9.804

[PROFILE average first 20 batches (recorded=20)]
  avg_data_time      =0.0231s
  avg_to_device_time =0.0041s
  avg_forward_time   =0.7768s
  avg_loss_time      =0.0087s
  avg_backward_time  =0.2970s
  avg_optimizer_time =0.0175s
  avg_batch_time     =1.1047s
  estimated_full_epoch_minutes=8.47

val:   0%|          | 0/57 [00:00<?, ?it/s]/usr/local/lib/python3.12/dist-packages/torch/autograd/function.py:583: UserWarning: Was asked to gather along dimension 0, but all input tensors were scalars; will instead unsqueeze and return a vector.
  return super().apply(*args, **kwargs)  # type: ignore[misc]

val:   2%|â–         | 1/57 [00:03<03:37,  3.88s/it]
val:   4%|â–Ž         | 2/57 [00:04<01:40,  1.82s/it]
val:   5%|â–Œ         | 3/57 [00:04<01:02,  1.16s/it]
val:   7%|â–‹         | 4/57 [00:05<00:45,  1.17it/s]
val:   9%|â–‰         | 5/57 [00:05<00:35,  1.47it/s]
val:  11%|â–ˆ         | 6/57 [00:05<00:29,  1.73it/s]
val:  12%|â–ˆâ–        | 7/57 [00:06<00:25,  1.95it/s]
val:  14%|â–ˆâ–        | 8/57 [00:06<00:22,  2.13it/s]
val:  16%|â–ˆâ–Œ        | 9/57 [00:06<00:21,  2.27it/s]
val:  18%|â–ˆâ–Š        | 10/57 [00:07<00:19,  2.38it/s]
                                                    
Epoch 001/015 | loss=2.5426 acc=0.1423 macro_f1=0.1328 | val_loss=2.5331 val_acc=0.1141 val_macro_f1=0.0787 | ckpt_monitor=val_macro_f1:0.0787 best_val_macro_f1=0.0787 best_epoch=1 early_val_macro_f1=0.0787 sec/batch=0.982s
          val pred_count: [305, 174, 82, 10, 69, 0, 0]
          checkpoint improvement: best_epoch=1
          early stopping monitor improved

train 2:   0%|          | 0/460 [00:00<?, ?it/s]/usr/local/lib/python3.12/dist-packages/torch/autograd/function.py:583: UserWarning: Was asked to gather along dimension 0, but all input tensors were scalars; will instead unsqueeze and return a vector.
  return super().apply(*args, **kwargs)  # type: ignore[misc]

train 2:   0%|          | 0/460 [00:00<?, ?it/s, loss=2.5383]
train 2:   0%|          | 1/460 [00:00<06:54,  1.11it/s, loss=2.5383]
train 2:   0%|          | 1/460 [00:01<06:54,  1.11it/s, loss=2.5304]
train 2:   0%|          | 2/460 [00:01<06:00,  1.27it/s, loss=2.5304]
train 2:   0%|          | 2/460 [00:02<06:00,  1.27it/s, loss=2.5318]
train 2:   1%|          | 3/460 [00:02<05:42,  1.33it/s, loss=2.5318]
train 2:   1%|          | 3/460 [00:03<05:42,  1.33it/s, loss=2.5140]
train 2:   1%|          | 4/460 [00:03<05:34,  1.36it/s, loss=2.5140]
train 2:   1%|          | 4/460 [00:03<05:34,  1.36it/s, loss=2.5441]
train 2:   1%|          | 5/460 [00:03<05:29,  1.38it/s, loss=2.5441]
train 2:   1%|          | 5/460 [00:04<05:29,  1.38it/s, loss=2.5431]
train 2:   1%|â–         | 6/460 [00:04<05:27,  1.39it/s, loss=2.5431]
train 2:   1%|â–         | 6/460 [00:05<05:27,  1.39it/s, loss=2.5499]
train 2:   2%|â–         | 7/460 [00:05<05:25,  1.39it/s, loss=2.5499]
train 2:   2%|â–         | 7/460 [00:05<05:25,  1.39it/s, loss=2.5243]
train 2:   2%|â–         | 8/460 [00:05<05:06,  1.48it/s, loss=2.5243]
train 2:   2%|â–         | 8/460 [00:06<05:06,  1.48it/s, loss=2.5157]
train 2:   2%|â–         | 9/460 [00:06<05:09,  1.46it/s, loss=2.5157]
train 2:   2%|â–         | 9/460 [00:07<05:09,  1.46it/s, loss=2.5260]
train 2:   2%|â–         | 10/460 [00:07<05:11,  1.45it/s, loss=2.5260]
train 2:   2%|â–         | 10/460 [00:07<05:11,  1.45it/s, loss=2.5260]
train 2:   2%|â–         | 11/460 [00:07<05:12,  1.44it/s, loss=2.5260]
train 2:   2%|â–         | 11/460 [00:08<05:12,  1.44it/s, loss=2.5353]
train 2:   3%|â–Ž         | 12/460 [00:08<05:12,  1.43it/s, loss=2.5353]
train 2:   3%|â–Ž         | 12/460 [00:09<05:12,  1.43it/s, loss=2.5448]
train 2:   3%|â–Ž         | 13/460 [00:09<05:13,  1.43it/s, loss=2.5448]
train 2:   3%|â–Ž         | 13/460 [00:09<05:13,  1.43it/s, loss=2.5523]
train 2:   3%|â–Ž         | 14/460 [00:09<05:14,  1.42it/s, loss=2.5523]
train 2:   3%|â–Ž         | 14/460 [00:10<05:14,  1.42it/s, loss=2.5673]
train 2:   3%|â–Ž         | 15/460 [00:10<05:13,  1.42it/s, loss=2.5673]
train 2:   3%|â–Ž         | 15/460 [00:11<05:13,  1.42it/s, loss=2.5430]
train 2:   3%|â–Ž         | 16/460 [00:11<04:56,  1.50it/s, loss=2.5430]
train 2:   3%|â–Ž         | 16/460 [00:11<04:56,  1.50it/s, loss=2.5504]
train 2:   4%|â–Ž         | 17/460 [00:11<05:01,  1.47it/s, loss=2.5504]
train 2:   4%|â–Ž         | 17/460 [00:12<05:01,  1.47it/s, loss=2.5149]
train 2:   4%|â–         | 18/460 [00:12<05:04,  1.45it/s, loss=2.5149]
train 2:   4%|â–         | 18/460 [00:13<05:04,  1.45it/s, loss=2.5330]
train 2:   4%|â–         | 19/460 [00:13<05:06,  1.44it/s, loss=2.5330]
train 2:   4%|â–         | 19/460 [00:14<05:06,  1.44it/s, loss=2.5613]
train 2:   4%|â–         | 20/460 [00:14<05:07,  1.43it/s, loss=2.5613]
train 2:   4%|â–         | 20/460 [00:14<05:07,  1.43it/s, loss=2.5398]
train 2:   5%|â–         | 21/460 [00:14<05:08,  1.42it/s, loss=2.5398]
train 2:   5%|â–         | 21/460 [00:15<05:08,  1.42it/s, loss=2.5464]
train 2:   5%|â–         | 22/460 [00:15<05:07,  1.42it/s, loss=2.5464]
train 2:   5%|â–         | 22/460 [00:16<05:07,  1.42it/s, loss=2.5466]
train 2:   5%|â–Œ         | 23/460 [00:16<05:07,  1.42it/s, loss=2.5466]
train 2:   5%|â–Œ         | 23/460 [00:16<05:07,  1.42it/s, loss=2.5106]
train 2:   5%|â–Œ         | 24/460 [00:16<04:50,  1.50it/s, loss=2.5106]
train 2:   5%|â–Œ         | 24/460 [00:17<04:50,  1.50it/s, loss=2.5203]
train 2:   5%|â–Œ         | 25/460 [00:17<04:54,  1.48it/s, loss=2.5203]
train 2:   5%|â–Œ         | 25/460 [00:18<04:54,  1.48it/s, loss=2.5522]
train 2:   6%|â–Œ         | 26/460 [00:18<04:57,  1.46it/s, loss=2.5522]
train 2:   6%|â–Œ         | 26/460 [00:18<04:57,  1.46it/s, loss=2.5391]
train 2:   6%|â–Œ         | 27/460 [00:18<04:59,  1.45it/s, loss=2.5391]
train 2:   6%|â–Œ         | 27/460 [00:19<04:59,  1.45it/s, loss=2.5280]
train 2:   6%|â–Œ         | 28/460 [00:19<05:00,  1.44it/s, loss=2.5280]
train 2:   6%|â–Œ         | 28/460 [00:20<05:00,  1.44it/s, loss=2.5351]
train 2:   6%|â–‹         | 29/460 [00:20<05:02,  1.43it/s, loss=2.5351]
train 2:   6%|â–‹         | 29/460 [00:21<05:02,  1.43it/s, loss=2.5343]
train 2:   7%|â–‹         | 30/460 [00:21<05:01,  1.42it/s, loss=2.5343]
                                                                      
[PROFILE batch=0]
  data_time      =0.1744s
  to_device_time =0.0044s
  forward_time   =0.4143s
  loss_time      =0.0014s
  backward_time  =0.2974s
  optimizer_time =0.0072s
  batch_time     =0.7263s
  cuda_allocated_gb    =0.253
  cuda_reserved_gb     =11.285
  cuda_max_allocated_gb=9.804
[PROFILE batch=1]
  data_time      =0.0005s
  to_device_time =0.0041s
  forward_time   =0.3921s
  loss_time      =0.0022s
  backward_time  =0.2964s
  optimizer_time =0.0072s
  batch_time     =0.7025s
  cuda_allocated_gb    =0.252
  cuda_reserved_gb     =11.285
  cuda_max_allocated_gb=9.804
[PROFILE batch=2]
  data_time      =0.0006s
  to_device_time =0.0042s
  forward_time   =0.3914s
  loss_time      =0.0025s
  backward_time  =0.2967s
  optimizer_time =0.0063s
  batch_time     =0.7016s
  cuda_allocated_gb    =0.253
  cuda_reserved_gb     =11.285
  cuda_max_allocated_gb=9.804
[PROFILE batch=3]
  data_time      =0.0006s
  to_device_time =0.0041s
  forward_time   =0.3938s
  loss_time      =0.0023s
  backward_time  =0.2967s
  optimizer_time =0.0071s
  batch_time     =0.7045s
  cuda_allocated_gb    =0.252
  cuda_reserved_gb     =11.285
  cuda_max_allocated_gb=9.804
[PROFILE batch=4]
  data_time      =0.0007s
  to_device_time =0.0042s
  forward_time   =0.3900s
  loss_time      =0.0024s
  backward_time  =0.3015s
  optimizer_time =0.0063s
  batch_time     =0.7049s
  cuda_allocated_gb    =0.253
  cuda_reserved_gb     =11.285
  cuda_max_allocated_gb=9.804
[PROFILE batch=5]
  data_time      =0.0005s
  to_device_time =0.0041s
  forward_time   =0.3914s
  loss_time      =0.0024s
  backward_time  =0.3053s
  optimizer_time =0.0064s
  batch_time     =0.7101s
  cuda_allocated_gb    =0.253
  cuda_reserved_gb     =11.285
  cuda_max_allocated_gb=9.804
[PROFILE batch=6]
  data_time      =0.0005s
  to_device_time =0.0041s
  forward_time   =0.3910s
  loss_time      =0.0025s
  backward_time  =0.3055s
  optimizer_time =0.0063s
  batch_time     =0.7099s
  cuda_allocated_gb    =0.253
  cuda_reserved_gb     =11.285
  cuda_max_allocated_gb=9.804
[PROFILE batch=7]
  data_time      =0.0005s
  to_device_time =0.0034s
  forward_time   =0.3252s
  loss_time      =0.0026s
  backward_time  =0.2480s
  optimizer_time =0.0066s
  batch_time     =0.5863s
  cuda_allocated_gb    =0.222
  cuda_reserved_gb     =11.285
  cuda_max_allocated_gb=9.804
[PROFILE batch=8]
  data_time      =0.0005s
  to_device_time =0.0041s
  forward_time   =0.3903s
  loss_time      =0.0026s
  backward_time  =0.2972s
  optimizer_time =0.0065s
  batch_time     =0.7013s
  cuda_allocated_gb    =0.253
  cuda_reserved_gb     =11.285
  cuda_max_allocated_gb=9.804
[PROFILE batch=9]
  data_time      =0.0005s
  to_device_time =0.0042s
  forward_time   =0.3905s
  loss_time      =0.0023s
  backward_time  =0.2978s
  optimizer_time =0.0063s
  batch_time     =0.7016s
  cuda_allocated_gb    =0.252
  cuda_reserved_gb     =11.285
  cuda_max_allocated_gb=9.804
[PROFILE batch=10]
  data_time      =0.0006s
  to_device_time =0.0041s
  forward_time   =0.3900s
  loss_time      =0.0024s
  backward_time  =0.2968s
  optimizer_time =0.0062s
  batch_time     =0.6999s
  cuda_allocated_gb    =0.253
  cuda_reserved_gb     =11.285
  cuda_max_allocated_gb=9.804
[PROFILE batch=11]
  data_time      =0.0006s
  to_device_time =0.0041s
  forward_time   =0.3914s
  loss_time      =0.0024s
  backward_time  =0.2973s
  optimizer_time =0.0067s
  batch_time     =0.7024s
  cuda_allocated_gb    =0.253
  cuda_reserved_gb     =11.285
  cuda_max_allocated_gb=9.804
[PROFILE batch=12]
  data_time      =0.0008s
  to_device_time =0.0041s
  forward_time   =0.3912s
  loss_time      =0.0026s
  backward_time  =0.2990s
  optimizer_time =0.0062s
  batch_time     =0.7036s
  cuda_allocated_gb    =0.253
  cuda_reserved_gb     =11.285
  cuda_max_allocated_gb=9.804
[PROFILE batch=13]
  data_time      =0.0005s
  to_device_time =0.0042s
  forward_time   =0.3968s
  loss_time      =0.0027s
  backward_time  =0.2979s
  optimizer_time =0.0064s
  batch_time     =0.7085s
  cuda_allocated_gb    =0.252
  cuda_reserved_gb     =11.285
  cuda_max_allocated_gb=9.804
[PROFILE batch=14]
  data_time      =0.0005s
  to_device_time =0.0042s
  forward_time   =0.3932s
  loss_time      =0.0035s
  backward_time  =0.2980s
  optimizer_time =0.0061s
  batch_time     =0.7054s
  cuda_allocated_gb    =0.253
  cuda_reserved_gb     =11.285
  cuda_max_allocated_gb=9.804
[PROFILE batch=15]
  data_time      =0.0005s
  to_device_time =0.0034s
  forward_time   =0.3187s
  loss_time      =0.0024s
  backward_time  =0.2471s
  optimizer_time =0.0060s
  batch_time     =0.5779s
  cuda_allocated_gb    =0.222
  cuda_reserved_gb     =11.285
  cuda_max_allocated_gb=9.804
[PROFILE batch=16]
  data_time      =0.0004s
  to_device_time =0.0042s
  forward_time   =0.3923s
  loss_time      =0.0023s
  backward_time  =0.2978s
  optimizer_time =0.0067s
  batch_time     =0.7037s
  cuda_allocated_gb    =0.253
  cuda_reserved_gb     =11.285
  cuda_max_allocated_gb=9.804
[PROFILE batch=17]
  data_time      =0.0005s
  to_device_time =0.0041s
  forward_time   =0.3922s
  loss_time      =0.0023s
  backward_time  =0.2999s
  optimizer_time =0.0065s
  batch_time     =0.7053s
  cuda_allocated_gb    =0.252
  cuda_reserved_gb     =11.285
  cuda_max_allocated_gb=9.804
[PROFILE batch=18]
  data_time      =0.0005s
  to_device_time =0.0042s
  forward_time   =0.3925s
  loss_time      =0.0025s
  backward_time  =0.2984s
  optimizer_time =0.0079s
  batch_time     =0.7058s
  cuda_allocated_gb    =0.253
  cuda_reserved_gb     =11.285
  cuda_max_allocated_gb=9.804
[PROFILE batch=19]
  data_time      =0.0005s
  to_device_time =0.0041s
  forward_time   =0.3958s
  loss_time      =0.0024s
  backward_time  =0.2969s
  optimizer_time =0.0065s
  batch_time     =0.7062s
  cuda_allocated_gb    =0.253
  cuda_reserved_gb     =11.285
  cuda_max_allocated_gb=9.804

[PROFILE average first 20 batches (recorded=20)]
  avg_data_time      =0.0092s
  avg_to_device_time =0.0041s
  avg_forward_time   =0.3862s
  avg_loss_time      =0.0024s
  avg_backward_time  =0.2936s
  avg_optimizer_time =0.0066s
  avg_batch_time     =0.6934s
  estimated_full_epoch_minutes=5.32

val:   0%|          | 0/57 [00:00<?, ?it/s]/usr/local/lib/python3.12/dist-packages/torch/autograd/function.py:583: UserWarning: Was asked to gather along dimension 0, but all input tensors were scalars; will instead unsqueeze and return a vector.
  return super().apply(*args, **kwargs)  # type: ignore[misc]

val:   2%|â–         | 1/57 [00:00<00:34,  1.61it/s]
val:   4%|â–Ž         | 2/57 [00:01<00:26,  2.08it/s]
val:   5%|â–Œ         | 3/57 [00:01<00:23,  2.30it/s]
val:   7%|â–‹         | 4/57 [00:01<00:21,  2.41it/s]
val:   9%|â–‰         | 5/57 [00:02<00:20,  2.48it/s]
val:  11%|â–ˆ         | 6/57 [00:02<00:20,  2.52it/s]
val:  12%|â–ˆâ–        | 7/57 [00:02<00:19,  2.55it/s]
val:  14%|â–ˆâ–        | 8/57 [00:03<00:19,  2.58it/s]
val:  16%|â–ˆâ–Œ        | 9/57 [00:03<00:18,  2.57it/s]
val:  18%|â–ˆâ–Š        | 10/57 [00:04<00:18,  2.57it/s]
                                                    
Epoch 002/015 | loss=2.5366 acc=0.1545 macro_f1=0.1396 | val_loss=2.5331 val_acc=0.1219 val_macro_f1=0.0602 | ckpt_monitor=val_macro_f1:0.0602 best_val_macro_f1=0.0787 best_epoch=1 early_val_macro_f1=0.0787 sec/batch=0.702s
          val pred_count: [465, 77, 41, 34, 8, 15, 0]
          no improvement: 1/12

train 3:   0%|          | 0/460 [00:00<?, ?it/s]/usr/local/lib/python3.12/dist-packages/torch/autograd/function.py:583: UserWarning: Was asked to gather along dimension 0, but all input tensors were scalars; will instead unsqueeze and return a vector.
  return super().apply(*args, **kwargs)  # type: ignore[misc]

train 3:   0%|          | 0/460 [00:00<?, ?it/s, loss=2.5477]
train 3:   0%|          | 1/460 [00:00<07:32,  1.01it/s, loss=2.5477]
train 3:   0%|          | 1/460 [00:01<07:32,  1.01it/s, loss=2.5654]
train 3:   0%|          | 2/460 [00:01<06:18,  1.21it/s, loss=2.5654]
train 3:   0%|          | 2/460 [00:02<06:18,  1.21it/s, loss=2.5399]
train 3:   1%|          | 3/460 [00:02<05:55,  1.29it/s, loss=2.5399]
train 3:   1%|          | 3/460 [00:03<05:55,  1.29it/s, loss=2.5521]
train 3:   1%|          | 4/460 [00:03<05:44,  1.32it/s, loss=2.5521]
train 3:   1%|          | 4/460 [00:03<05:44,  1.32it/s, loss=2.5717]
train 3:   1%|          | 5/460 [00:03<05:37,  1.35it/s, loss=2.5717]
train 3:   1%|          | 5/460 [00:04<05:37,  1.35it/s, loss=2.5424]
train 3:   1%|â–         | 6/460 [00:04<05:33,  1.36it/s, loss=2.5424]
train 3:   1%|â–         | 6/460 [00:05<05:33,  1.36it/s, loss=2.5191]
train 3:   2%|â–         | 7/460 [00:05<05:29,  1.37it/s, loss=2.5191]
train 3:   2%|â–         | 7/460 [00:05<05:29,  1.37it/s, loss=2.5658]
train 3:   2%|â–         | 8/460 [00:05<05:09,  1.46it/s, loss=2.5658]
train 3:   2%|â–         | 8/460 [00:06<05:09,  1.46it/s, loss=2.5510]
train 3:   2%|â–         | 9/460 [00:06<05:13,  1.44it/s, loss=2.5510]
train 3:   2%|â–         | 9/460 [00:07<05:13,  1.44it/s, loss=2.5533]
train 3:   2%|â–         | 10/460 [00:07<05:15,  1.43it/s, loss=2.5533]
train 3:   2%|â–         | 10/460 [00:08<05:15,  1.43it/s, loss=2.5324]
train 3:   2%|â–         | 11/460 [00:08<05:17,  1.41it/s, loss=2.5324]
train 3:   2%|â–         | 11/460 [00:08<05:17,  1.41it/s, loss=2.5365]
train 3:   3%|â–Ž         | 12/460 [00:08<05:18,  1.41it/s, loss=2.5365]
train 3:   3%|â–Ž         | 12/460 [00:09<05:18,  1.41it/s, loss=2.5277]
train 3:   3%|â–Ž         | 13/460 [00:09<05:18,  1.40it/s, loss=2.5277]
train 3:   3%|â–Ž         | 13/460 [00:10<05:18,  1.40it/s, loss=2.5244]
train 3:   3%|â–Ž         | 14/460 [00:10<05:18,  1.40it/s, loss=2.5244]
train 3:   3%|â–Ž         | 14/460 [00:10<05:18,  1.40it/s, loss=2.5347]
train 3:   3%|â–Ž         | 15/460 [00:10<05:18,  1.40it/s, loss=2.5347]
train 3:   3%|â–Ž         | 15/460 [00:11<05:18,  1.40it/s, loss=2.5407]
train 3:   3%|â–Ž         | 16/460 [00:11<05:01,  1.47it/s, loss=2.5407]
train 3:   3%|â–Ž         | 16/460 [00:12<05:01,  1.47it/s, loss=2.5422]
train 3:   4%|â–Ž         | 17/460 [00:12<05:06,  1.45it/s, loss=2.5422]
train 3:   4%|â–Ž         | 17/460 [00:12<05:06,  1.45it/s, loss=2.5624]
train 3:   4%|â–         | 18/460 [00:12<05:09,  1.43it/s, loss=2.5624]
train 3:   4%|â–         | 18/460 [00:13<05:09,  1.43it/s, loss=2.5208]
train 3:   4%|â–         | 19/460 [00:13<05:11,  1.42it/s, loss=2.5208]
train 3:   4%|â–         | 19/460 [00:14<05:11,  1.42it/s, loss=2.5513]
train 3:   4%|â–         | 20/460 [00:14<05:12,  1.41it/s, loss=2.5513]
train 3:   4%|â–         | 20/460 [00:15<05:12,  1.41it/s, loss=2.5482]
train 3:   5%|â–         | 21/460 [00:15<05:12,  1.40it/s, loss=2.5482]
train 3:   5%|â–         | 21/460 [00:15<05:12,  1.40it/s, loss=2.5672]
train 3:   5%|â–         | 22/460 [00:15<05:12,  1.40it/s, loss=2.5672]
train 3:   5%|â–         | 22/460 [00:16<05:12,  1.40it/s, loss=2.5354]
train 3:   5%|â–Œ         | 23/460 [00:16<05:11,  1.40it/s, loss=2.5354]
train 3:   5%|â–Œ         | 23/460 [00:17<05:11,  1.40it/s, loss=2.5410]
train 3:   5%|â–Œ         | 24/460 [00:17<04:55,  1.48it/s, loss=2.5410]
train 3:   5%|â–Œ         | 24/460 [00:17<04:55,  1.48it/s, loss=2.5532]
train 3:   5%|â–Œ         | 25/460 [00:17<04:59,  1.45it/s, loss=2.5532]
train 3:   5%|â–Œ         | 25/460 [00:18<04:59,  1.45it/s, loss=2.5517]
train 3:   6%|â–Œ         | 26/460 [00:18<05:02,  1.43it/s, loss=2.5517]
train 3:   6%|â–Œ         | 26/460 [00:19<05:02,  1.43it/s, loss=2.5569]
train 3:   6%|â–Œ         | 27/460 [00:19<05:06,  1.41it/s, loss=2.5569]
train 3:   6%|â–Œ         | 27/460 [00:20<05:06,  1.41it/s, loss=2.5531]
train 3:   6%|â–Œ         | 28/460 [00:20<05:07,  1.41it/s, loss=2.5531]
train 3:   6%|â–Œ         | 28/460 [00:20<05:07,  1.41it/s, loss=2.5632]
train 3:   6%|â–‹         | 29/460 [00:20<05:07,  1.40it/s, loss=2.5632]
train 3:   6%|â–‹         | 29/460 [00:21<05:07,  1.40it/s, loss=2.5593]
train 3:   7%|â–‹         | 30/460 [00:21<05:07,  1.40it/s, loss=2.5593]
                                                                      
[PROFILE batch=0]
  data_time      =0.2590s
  to_device_time =0.0042s
  forward_time   =0.4093s
  loss_time      =0.0014s
  backward_time  =0.3036s
  optimizer_time =0.0061s
  batch_time     =0.7253s
  cuda_allocated_gb    =0.253
  cuda_reserved_gb     =11.285
  cuda_max_allocated_gb=9.804
[PROFILE batch=1]
  data_time      =0.0005s
  to_device_time =0.0041s
  forward_time   =0.3965s
  loss_time      =0.0022s
  backward_time  =0.3019s
  optimizer_time =0.0063s
  batch_time     =0.7116s
  cuda_allocated_gb    =0.252
  cuda_reserved_gb     =11.285
  cuda_max_allocated_gb=9.804
[PROFILE batch=2]
  data_time      =0.0005s
  to_device_time =0.0042s
  forward_time   =0.3988s
  loss_time      =0.0022s
  backward_time  =0.3031s
  optimizer_time =0.0066s
  batch_time     =0.7155s
  cuda_allocated_gb    =0.253
  cuda_reserved_gb     =11.285
  cuda_max_allocated_gb=9.804
[PROFILE batch=3]
  data_time      =0.0005s
  to_device_time =0.0041s
  forward_time   =0.4035s
  loss_time      =0.0024s
  backward_time  =0.3016s
  optimizer_time =0.0064s
  batch_time     =0.7185s
  cuda_allocated_gb    =0.252
  cuda_reserved_gb     =11.285
  cuda_max_allocated_gb=9.804
[PROFILE batch=4]
  data_time      =0.0008s
  to_device_time =0.0041s
  forward_time   =0.3994s
  loss_time      =0.0023s
  backward_time  =0.3032s
  optimizer_time =0.0064s
  batch_time     =0.7158s
  cuda_allocated_gb    =0.253
  cuda_reserved_gb     =11.285
  cuda_max_allocated_gb=9.804
[PROFILE batch=5]
  data_time      =0.0004s
  to_device_time =0.0042s
  forward_time   =0.3969s
  loss_time      =0.0023s
  backward_time  =0.3025s
  optimizer_time =0.0064s
  batch_time     =0.7126s
  cuda_allocated_gb    =0.253
  cuda_reserved_gb     =11.285
  cuda_max_allocated_gb=9.804
[PROFILE batch=6]
  data_time      =0.0005s
  to_device_time =0.0041s
  forward_time   =0.3972s
  loss_time      =0.0024s
  backward_time  =0.3026s
  optimizer_time =0.0060s
  batch_time     =0.7128s
  cuda_allocated_gb    =0.253
  cuda_reserved_gb     =11.285
  cuda_max_allocated_gb=9.804
[PROFILE batch=7]
  data_time      =0.0006s
  to_device_time =0.0034s
  forward_time   =0.3236s
  loss_time      =0.0023s
  backward_time  =0.2518s
  optimizer_time =0.0063s
  batch_time     =0.5879s
  cuda_allocated_gb    =0.222
  cuda_reserved_gb     =11.285
  cuda_max_allocated_gb=9.804
[PROFILE batch=8]
  data_time      =0.0005s
  to_device_time =0.0042s
  forward_time   =0.3965s
  loss_time      =0.0023s
  backward_time  =0.3026s
  optimizer_time =0.0062s
  batch_time     =0.7122s
  cuda_allocated_gb    =0.253
  cuda_reserved_gb     =11.285
  cuda_max_allocated_gb=9.804
[PROFILE batch=9]
  data_time      =0.0004s
  to_device_time =0.0042s
  forward_time   =0.3988s
  loss_time      =0.0027s
  backward_time  =0.3028s
  optimizer_time =0.0063s
  batch_time     =0.7153s
  cuda_allocated_gb    =0.252
  cuda_reserved_gb     =11.285
  cuda_max_allocated_gb=9.804
[PROFILE batch=10]
  data_time      =0.0005s
  to_device_time =0.0041s
  forward_time   =0.3979s
  loss_time      =0.0027s
  backward_time  =0.3037s
  optimizer_time =0.0065s
  batch_time     =0.7153s
  cuda_allocated_gb    =0.253
  cuda_reserved_gb     =11.285
  cuda_max_allocated_gb=9.804
[PROFILE batch=11]
  data_time      =0.0005s
  to_device_time =0.0042s
  forward_time   =0.4017s
  loss_time      =0.0023s
  backward_time  =0.3005s
  optimizer_time =0.0073s
  batch_time     =0.7166s
  cuda_allocated_gb    =0.253
  cuda_reserved_gb     =11.285
  cuda_max_allocated_gb=9.804
[PROFILE batch=12]
  data_time      =0.0007s
  to_device_time =0.0041s
  forward_time   =0.3983s
  loss_time      =0.0024s
  backward_time  =0.3034s
  optimizer_time =0.0064s
  batch_time     =0.7151s
  cuda_allocated_gb    =0.253
  cuda_reserved_gb     =11.285
  cuda_max_allocated_gb=9.804
[PROFILE batch=13]
  data_time      =0.0005s
  to_device_time =0.0042s
  forward_time   =0.4009s
  loss_time      =0.0023s
  backward_time  =0.3023s
  optimizer_time =0.0063s
  batch_time     =0.7164s
  cuda_allocated_gb    =0.252
  cuda_reserved_gb     =11.285
  cuda_max_allocated_gb=9.804
[PROFILE batch=14]
  data_time      =0.0005s
  to_device_time =0.0042s
  forward_time   =0.3982s
  loss_time      =0.0024s
  backward_time  =0.3027s
  optimizer_time =0.0067s
  batch_time     =0.7147s
  cuda_allocated_gb    =0.253
  cuda_reserved_gb     =11.285
  cuda_max_allocated_gb=9.804
[PROFILE batch=15]
  data_time      =0.0005s
  to_device_time =0.0034s
  forward_time   =0.3258s
  loss_time      =0.0025s
  backward_time  =0.2516s
  optimizer_time =0.0063s
  batch_time     =0.5900s
  cuda_allocated_gb    =0.222
  cuda_reserved_gb     =11.285
  cuda_max_allocated_gb=9.804
[PROFILE batch=16]
  data_time      =0.0005s
  to_device_time =0.0042s
  forward_time   =0.4018s
  loss_time      =0.0027s
  backward_time  =0.3033s
  optimizer_time =0.0060s
  batch_time     =0.7184s
  cuda_allocated_gb    =0.253
  cuda_reserved_gb     =11.285
  cuda_max_allocated_gb=9.804
[PROFILE batch=17]
  data_time      =0.0004s
  to_device_time =0.0042s
  forward_time   =0.4010s
  loss_time      =0.0024s
  backward_time  =0.3034s
  optimizer_time =0.0064s
  batch_time     =0.7182s
  cuda_allocated_gb    =0.252
  cuda_reserved_gb     =11.285
  cuda_max_allocated_gb=9.804
[PROFILE batch=18]
  data_time      =0.0005s
  to_device_time =0.0041s
  forward_time   =0.3998s
  loss_time      =0.0025s
  backward_time  =0.3026s
  optimizer_time =0.0065s
  batch_time     =0.7160s
  cuda_allocated_gb    =0.253
  cuda_reserved_gb     =11.285
  cuda_max_allocated_gb=9.804
[PROFILE batch=19]
  data_time      =0.0005s
  to_device_time =0.0041s
  forward_time   =0.4026s
  loss_time      =0.0024s
  backward_time  =0.3041s
  optimizer_time =0.0061s
  batch_time     =0.7198s
  cuda_allocated_gb    =0.253
  cuda_reserved_gb     =11.285
  cuda_max_allocated_gb=9.804

[PROFILE average first 20 batches (recorded=20)]
  avg_data_time      =0.0135s
  avg_to_device_time =0.0041s
  avg_forward_time   =0.3924s
  avg_loss_time      =0.0024s
  avg_backward_time  =0.2977s
  avg_optimizer_time =0.0064s
  avg_batch_time     =0.7034s
  estimated_full_epoch_minutes=5.39

val:   0%|          | 0/57 [00:00<?, ?it/s]/usr/local/lib/python3.12/dist-packages/torch/autograd/function.py:583: UserWarning: Was asked to gather along dimension 0, but all input tensors were scalars; will instead unsqueeze and return a vector.
  return super().apply(*args, **kwargs)  # type: ignore[misc]

val:   2%|â–         | 1/57 [00:00<00:32,  1.74it/s]
val:   4%|â–Ž         | 2/57 [00:00<00:25,  2.15it/s]
val:   5%|â–Œ         | 3/57 [00:01<00:23,  2.32it/s]
val:   7%|â–‹         | 4/57 [00:01<00:22,  2.41it/s]
val:   9%|â–‰         | 5/57 [00:02<00:21,  2.46it/s]
val:  11%|â–ˆ         | 6/57 [00:02<00:20,  2.50it/s]
val:  12%|â–ˆâ–        | 7/57 [00:02<00:19,  2.52it/s]
val:  14%|â–ˆâ–        | 8/57 [00:03<00:19,  2.54it/s]
val:  16%|â–ˆâ–Œ        | 9/57 [00:03<00:18,  2.54it/s]
val:  18%|â–ˆâ–Š        | 10/57 [00:04<00:18,  2.55it/s]
                                                    
Epoch 003/015 | loss=2.5470 acc=0.1348 macro_f1=0.1262 | val_loss=2.5331 val_acc=0.1375 val_macro_f1=0.0550 | ckpt_monitor=val_macro_f1:0.0550 best_val_macro_f1=0.0787 best_epoch=1 early_val_macro_f1=0.0787 sec/batch=0.715s
          val pred_count: [558, 64, 18, 0, 0, 0, 0]
          no improvement: 2/12

train 4:   0%|          | 0/460 [00:00<?, ?it/s]/usr/local/lib/python3.12/dist-packages/torch/autograd/function.py:583: UserWarning: Was asked to gather along dimension 0, but all input tensors were scalars; will instead unsqueeze and return a vector.
  return super().apply(*args, **kwargs)  # type: ignore[misc]

train 4:   0%|          | 0/460 [00:00<?, ?it/s, loss=2.5425]
train 4:   0%|          | 1/460 [00:00<07:05,  1.08it/s, loss=2.5425]
train 4:   0%|          | 1/460 [00:01<07:05,  1.08it/s, loss=2.5186]
train 4:   0%|          | 2/460 [00:01<06:13,  1.23it/s, loss=2.5186]
train 4:   0%|          | 2/460 [00:02<06:13,  1.23it/s, loss=2.5823]
train 4:   1%|          | 3/460 [00:02<05:55,  1.28it/s, loss=2.5823]
train 4:   1%|          | 3/460 [00:03<05:55,  1.28it/s, loss=2.5213]
train 4:   1%|          | 4/460 [00:03<05:47,  1.31it/s, loss=2.5213]
train 4:   1%|          | 4/460 [00:03<05:47,  1.31it/s, loss=2.5572]
train 4:   1%|          | 5/460 [00:03<05:41,  1.33it/s, loss=2.5572]
train 4:   1%|          | 5/460 [00:04<05:41,  1.33it/s, loss=2.5432]
train 4:   1%|â–         | 6/460 [00:04<05:39,  1.34it/s, loss=2.5432]
train 4:   1%|â–         | 6/460 [00:05<05:39,  1.34it/s, loss=2.5511]
train 4:   2%|â–         | 7/460 [00:05<05:36,  1.35it/s, loss=2.5511]
train 4:   2%|â–         | 7/460 [00:05<05:36,  1.35it/s, loss=2.5128]
train 4:   2%|â–         | 8/460 [00:05<05:17,  1.42it/s, loss=2.5128]
train 4:   2%|â–         | 8/460 [00:06<05:17,  1.42it/s, loss=2.5241]
train 4:   2%|â–         | 9/460 [00:06<05:21,  1.40it/s, loss=2.5241]
train 4:   2%|â–         | 9/460 [00:07<05:21,  1.40it/s, loss=2.5541]
train 4:   2%|â–         | 10/460 [00:07<05:24,  1.39it/s, loss=2.5541]
train 4:   2%|â–         | 10/460 [00:08<05:24,  1.39it/s, loss=2.5269]
train 4:   2%|â–         | 11/460 [00:08<05:25,  1.38it/s, loss=2.5269]
train 4:   2%|â–         | 11/460 [00:08<05:25,  1.38it/s, loss=2.5647]
train 4:   3%|â–Ž         | 12/460 [00:08<05:26,  1.37it/s, loss=2.5647]
train 4:   3%|â–Ž         | 12/460 [00:09<05:26,  1.37it/s, loss=2.5430]
train 4:   3%|â–Ž         | 13/460 [00:09<05:26,  1.37it/s, loss=2.5430]
train 4:   3%|â–Ž         | 13/460 [00:10<05:26,  1.37it/s, loss=2.5439]
train 4:   3%|â–Ž         | 14/460 [00:10<05:26,  1.37it/s, loss=2.5439]
train 4:   3%|â–Ž         | 14/460 [00:11<05:26,  1.37it/s, loss=2.5491]
train 4:   3%|â–Ž         | 15/460 [00:11<05:26,  1.36it/s, loss=2.5491]
train 4:   3%|â–Ž         | 15/460 [00:11<05:26,  1.36it/s, loss=2.5491]
train 4:   3%|â–Ž         | 16/460 [00:11<05:08,  1.44it/s, loss=2.5491]
train 4:   3%|â–Ž         | 16/460 [00:12<05:08,  1.44it/s, loss=2.5235]
train 4:   4%|â–Ž         | 17/460 [00:12<05:13,  1.41it/s, loss=2.5235]
train 4:   4%|â–Ž         | 17/460 [00:13<05:13,  1.41it/s, loss=2.5316]
train 4:   4%|â–         | 18/460 [00:13<05:17,  1.39it/s, loss=2.5316]
train 4:   4%|â–         | 18/460 [00:13<05:17,  1.39it/s, loss=2.5251]
train 4:   4%|â–         | 19/460 [00:13<05:19,  1.38it/s, loss=2.5251]
train 4:   4%|â–         | 19/460 [00:14<05:19,  1.38it/s, loss=2.5575]
train 4:   4%|â–         | 20/460 [00:14<05:21,  1.37it/s, loss=2.5575]
train 4:   4%|â–         | 20/460 [00:15<05:21,  1.37it/s, loss=2.5365]
train 4:   5%|â–         | 21/460 [00:15<05:21,  1.37it/s, loss=2.5365]
train 4:   5%|â–         | 21/460 [00:16<05:21,  1.37it/s, loss=2.5274]
train 4:   5%|â–         | 22/460 [00:16<05:21,  1.36it/s, loss=2.5274]
train 4:   5%|â–         | 22/460 [00:16<05:21,  1.36it/s, loss=2.5337]
train 4:   5%|â–Œ         | 23/460 [00:16<05:20,  1.36it/s, loss=2.5337]
train 4:   5%|â–Œ         | 23/460 [00:17<05:20,  1.36it/s, loss=2.5457]
train 4:   5%|â–Œ         | 24/460 [00:17<05:03,  1.44it/s, loss=2.5457]
train 4:   5%|â–Œ         | 24/460 [00:18<05:03,  1.44it/s, loss=2.5414]
train 4:   5%|â–Œ         | 25/460 [00:18<05:08,  1.41it/s, loss=2.5414]
train 4:   5%|â–Œ         | 25/460 [00:18<05:08,  1.41it/s, loss=2.5485]
train 4:   6%|â–Œ         | 26/460 [00:18<05:12,  1.39it/s, loss=2.5485]
train 4:   6%|â–Œ         | 26/460 [00:19<05:12,  1.39it/s, loss=2.5393]
train 4:   6%|â–Œ         | 27/460 [00:19<05:14,  1.38it/s, loss=2.5393]
train 4:   6%|â–Œ         | 27/460 [00:20<05:14,  1.38it/s, loss=2.5680]
train 4:   6%|â–Œ         | 28/460 [00:20<05:15,  1.37it/s, loss=2.5680]
train 4:   6%|â–Œ         | 28/460 [00:21<05:15,  1.37it/s, loss=2.5403]
train 4:   6%|â–‹         | 29/460 [00:21<05:15,  1.37it/s, loss=2.5403]
train 4:   6%|â–‹         | 29/460 [00:21<05:15,  1.37it/s, loss=2.5398]
train 4:   7%|â–‹         | 30/460 [00:21<05:16,  1.36it/s, loss=2.5398]
                                                                      
[PROFILE batch=0]
  data_time      =0.1688s
  to_device_time =0.0042s
  forward_time   =0.4375s
  loss_time      =0.0014s
  backward_time  =0.3059s
  optimizer_time =0.0058s
  batch_time     =0.7553s
  cuda_allocated_gb    =0.253
  cuda_reserved_gb     =11.285
  cuda_max_allocated_gb=9.804
[PROFILE batch=1]
  data_time      =0.0004s
  to_device_time =0.0041s
  forward_time   =0.4048s
  loss_time      =0.0023s
  backward_time  =0.3170s
  optimizer_time =0.0069s
  batch_time     =0.7356s
  cuda_allocated_gb    =0.252
  cuda_reserved_gb     =11.285
  cuda_max_allocated_gb=9.804
[PROFILE batch=2]
  data_time      =0.0005s
  to_device_time =0.0042s
  forward_time   =0.4071s
  loss_time      =0.0023s
  backward_time  =0.3089s
  optimizer_time =0.0064s
  batch_time     =0.7297s
  cuda_allocated_gb    =0.253
  cuda_reserved_gb     =11.285
  cuda_max_allocated_gb=9.804
[PROFILE batch=3]
  data_time      =0.0005s
  to_device_time =0.0042s
  forward_time   =0.4129s
  loss_time      =0.0023s
  backward_time  =0.3085s
  optimizer_time =0.0063s
  batch_time     =0.7346s
  cuda_allocated_gb    =0.252
  cuda_reserved_gb     =11.285
  cuda_max_allocated_gb=9.804
[PROFILE batch=4]
  data_time      =0.0007s
  to_device_time =0.0041s
  forward_time   =0.4072s
  loss_time      =0.0029s
  backward_time  =0.3077s
  optimizer_time =0.0062s
  batch_time     =0.7286s
  cuda_allocated_gb    =0.253
  cuda_reserved_gb     =11.285
  cuda_max_allocated_gb=9.804
[PROFILE batch=5]
  data_time      =0.0005s
  to_device_time =0.0042s
  forward_time   =0.4118s
  loss_time      =0.0023s
  backward_time  =0.3083s
  optimizer_time =0.0067s
  batch_time     =0.7339s
  cuda_allocated_gb    =0.253
  cuda_reserved_gb     =11.285
  cuda_max_allocated_gb=9.804
[PROFILE batch=6]
  data_time      =0.0005s
  to_device_time =0.0041s
  forward_time   =0.4061s
  loss_time      =0.0023s
  backward_time  =0.3114s
  optimizer_time =0.0064s
  batch_time     =0.7308s
  cuda_allocated_gb    =0.253
  cuda_reserved_gb     =11.285
  cuda_max_allocated_gb=9.804
[PROFILE batch=7]
  data_time      =0.0005s
  to_device_time =0.0034s
  forward_time   =0.3361s
  loss_time      =0.0024s
  backward_time  =0.2647s
  optimizer_time =0.0064s
  batch_time     =0.6135s
  cuda_allocated_gb    =0.222
  cuda_reserved_gb     =11.285
  cuda_max_allocated_gb=9.804
[PROFILE batch=8]
  data_time      =0.0005s
  to_device_time =0.0042s
  forward_time   =0.4115s
  loss_time      =0.0023s
  backward_time  =0.3105s
  optimizer_time =0.0061s
  batch_time     =0.7350s
  cuda_allocated_gb    =0.253
  cuda_reserved_gb     =11.285
  cuda_max_allocated_gb=9.804
[PROFILE batch=9]
  data_time      =0.0005s
  to_device_time =0.0042s
  forward_time   =0.4094s
  loss_time      =0.0025s
  backward_time  =0.3090s
  optimizer_time =0.0065s
  batch_time     =0.7322s
  cuda_allocated_gb    =0.252
  cuda_reserved_gb     =11.285
  cuda_max_allocated_gb=9.804
[PROFILE batch=10]
  data_time      =0.0005s
  to_device_time =0.0041s
  forward_time   =0.4061s
  loss_time      =0.0023s
  backward_time  =0.3089s
  optimizer_time =0.0062s
  batch_time     =0.7282s
  cuda_allocated_gb    =0.253
  cuda_reserved_gb     =11.285
  cuda_max_allocated_gb=9.804
[PROFILE batch=11]
  data_time      =0.0005s
  to_device_time =0.0041s
  forward_time   =0.4079s
  loss_time      =0.0027s
  backward_time  =0.3148s
  optimizer_time =0.0062s
  batch_time     =0.7362s
  cuda_allocated_gb    =0.253
  cuda_reserved_gb     =11.285
  cuda_max_allocated_gb=9.804
[PROFILE batch=12]
  data_time      =0.0008s
  to_device_time =0.0042s
  forward_time   =0.4089s
  loss_time      =0.0024s
  backward_time  =0.3111s
  optimizer_time =0.0061s
  batch_time     =0.7332s
  cuda_allocated_gb    =0.253
  cuda_reserved_gb     =11.285
  cuda_max_allocated_gb=9.804
[PROFILE batch=13]
  data_time      =0.0005s
  to_device_time =0.0041s
  forward_time   =0.4066s
  loss_time      =0.0023s
  backward_time  =0.3104s
  optimizer_time =0.0062s
  batch_time     =0.7300s
  cuda_allocated_gb    =0.252
  cuda_reserved_gb     =11.285
  cuda_max_allocated_gb=9.804
[PROFILE batch=14]
  data_time      =0.0005s
  to_device_time =0.0042s
  forward_time   =0.4110s
  loss_time      =0.0024s
  backward_time  =0.3114s
  optimizer_time =0.0062s
  batch_time     =0.7358s
  cuda_allocated_gb    =0.253
  cuda_reserved_gb     =11.285
  cuda_max_allocated_gb=9.804
[PROFILE batch=15]
  data_time      =0.0005s
  to_device_time =0.0034s
  forward_time   =0.3332s
  loss_time      =0.0026s
  backward_time  =0.2564s
  optimizer_time =0.0060s
  batch_time     =0.6019s
  cuda_allocated_gb    =0.222
  cuda_reserved_gb     =11.285
  cuda_max_allocated_gb=9.804
[PROFILE batch=16]
  data_time      =0.0005s
  to_device_time =0.0041s
  forward_time   =0.4056s
  loss_time      =0.0024s
  backward_time  =0.3146s
  optimizer_time =0.0063s
  batch_time     =0.7336s
  cuda_allocated_gb    =0.253
  cuda_reserved_gb     =11.285
  cuda_max_allocated_gb=9.804
[PROFILE batch=17]
  data_time      =0.0005s
  to_device_time =0.0041s
  forward_time   =0.4077s
  loss_time      =0.0024s
  backward_time  =0.3186s
  optimizer_time =0.0076s
  batch_time     =0.7409s
  cuda_allocated_gb    =0.252
  cuda_reserved_gb     =11.285
  cuda_max_allocated_gb=9.804
[PROFILE batch=18]
  data_time      =0.0005s
  to_device_time =0.0041s
  forward_time   =0.4089s
  loss_time      =0.0024s
  backward_time  =0.3150s
  optimizer_time =0.0065s
  batch_time     =0.7374s
  cuda_allocated_gb    =0.253
  cuda_reserved_gb     =11.285
  cuda_max_allocated_gb=9.804
[PROFILE batch=19]
  data_time      =0.0005s
  to_device_time =0.0041s
  forward_time   =0.4112s
  loss_time      =0.0025s
  backward_time  =0.3143s
  optimizer_time =0.0070s
  batch_time     =0.7395s
  cuda_allocated_gb    =0.253
  cuda_reserved_gb     =11.285
  cuda_max_allocated_gb=9.804

[PROFILE average first 20 batches (recorded=20)]
  avg_data_time      =0.0089s
  avg_to_device_time =0.0041s
  avg_forward_time   =0.4026s
  avg_loss_time      =0.0024s
  avg_backward_time  =0.3064s
  avg_optimizer_time =0.0064s
  avg_batch_time     =0.7223s
  estimated_full_epoch_minutes=5.54

val:   0%|          | 0/57 [00:00<?, ?it/s]/usr/local/lib/python3.12/dist-packages/torch/autograd/function.py:583: UserWarning: Was asked to gather along dimension 0, but all input tensors were scalars; will instead unsqueeze and return a vector.
  return super().apply(*args, **kwargs)  # type: ignore[misc]

val:   2%|â–         | 1/57 [00:00<00:34,  1.64it/s]
val:   4%|â–Ž         | 2/57 [00:01<00:26,  2.05it/s]
val:   5%|â–Œ         | 3/57 [00:01<00:24,  2.23it/s]
val:   7%|â–‹         | 4/57 [00:01<00:23,  2.30it/s]
val:   9%|â–‰         | 5/57 [00:02<00:21,  2.38it/s]
val:  11%|â–ˆ         | 6/57 [00:02<00:21,  2.42it/s]
val:  12%|â–ˆâ–        | 7/57 [00:03<00:20,  2.45it/s]
val:  14%|â–ˆâ–        | 8/57 [00:03<00:19,  2.46it/s]
val:  16%|â–ˆâ–Œ        | 9/57 [00:03<00:19,  2.47it/s]
val:  18%|â–ˆâ–Š        | 10/57 [00:04<00:18,  2.48it/s]
                                                    
Epoch 004/015 | loss=2.5414 acc=0.1470 macro_f1=0.1317 | val_loss=2.5330 val_acc=0.1500 val_macro_f1=0.0521 | ckpt_monitor=val_macro_f1:0.0521 best_val_macro_f1=0.0787 best_epoch=1 early_val_macro_f1=0.0787 sec/batch=0.732s
          val pred_count: [601, 26, 3, 6, 1, 3, 0]
          no improvement: 3/12

train 5:   0%|          | 0/460 [00:00<?, ?it/s]/usr/local/lib/python3.12/dist-packages/torch/autograd/function.py:583: UserWarning: Was asked to gather along dimension 0, but all input tensors were scalars; will instead unsqueeze and return a vector.
  return super().apply(*args, **kwargs)  # type: ignore[misc]

train 5:   0%|          | 0/460 [00:01<?, ?it/s, loss=2.5275]
train 5:   0%|          | 1/460 [00:01<07:47,  1.02s/it, loss=2.5275]
train 5:   0%|          | 1/460 [00:01<07:47,  1.02s/it, loss=2.5602]
train 5:   0%|          | 2/460 [00:01<06:36,  1.16it/s, loss=2.5602]
train 5:   0%|          | 2/460 [00:02<06:36,  1.16it/s, loss=2.5415]
train 5:   1%|          | 3/460 [00:02<06:15,  1.22it/s, loss=2.5415]
train 5:   1%|          | 3/460 [00:03<06:15,  1.22it/s, loss=2.5331]
train 5:   1%|          | 4/460 [00:03<06:01,  1.26it/s, loss=2.5331]
train 5:   1%|          | 4/460 [00:04<06:01,  1.26it/s, loss=2.5490]
train 5:   1%|          | 5/460 [00:04<05:56,  1.28it/s, loss=2.5490]
train 5:   1%|          | 5/460 [00:04<05:56,  1.28it/s, loss=2.5533]
train 5:   1%|â–         | 6/460 [00:04<05:51,  1.29it/s, loss=2.5533]
train 5:   1%|â–         | 6/460 [00:05<05:51,  1.29it/s, loss=2.5413]
train 5:   2%|â–         | 7/460 [00:05<05:48,  1.30it/s, loss=2.5413]
train 5:   2%|â–         | 7/460 [00:06<05:48,  1.30it/s, loss=2.5355]
train 5:   2%|â–         | 8/460 [00:06<05:28,  1.38it/s, loss=2.5355]
train 5:   2%|â–         | 8/460 [00:06<05:28,  1.38it/s, loss=2.5429]
train 5:   2%|â–         | 9/460 [00:06<05:31,  1.36it/s, loss=2.5429]
train 5:   2%|â–         | 9/460 [00:07<05:31,  1.36it/s, loss=2.5368]
train 5:   2%|â–         | 10/460 [00:07<05:35,  1.34it/s, loss=2.5368]
train 5:   2%|â–         | 10/460 [00:08<05:35,  1.34it/s, loss=2.5359]
train 5:   2%|â–         | 11/460 [00:08<05:38,  1.33it/s, loss=2.5359]
train 5:   2%|â–         | 11/460 [00:09<05:38,  1.33it/s, loss=2.5400]
train 5:   3%|â–Ž         | 12/460 [00:09<05:39,  1.32it/s, loss=2.5400]
train 5:   3%|â–Ž         | 12/460 [00:10<05:39,  1.32it/s, loss=2.5489]
train 5:   3%|â–Ž         | 13/460 [00:10<05:40,  1.31it/s, loss=2.5489]
train 5:   3%|â–Ž         | 13/460 [00:10<05:40,  1.31it/s, loss=2.5444]
train 5:   3%|â–Ž         | 14/460 [00:10<05:39,  1.31it/s, loss=2.5444]
train 5:   3%|â–Ž         | 14/460 [00:11<05:39,  1.31it/s, loss=2.5483]
train 5:   3%|â–Ž         | 15/460 [00:11<05:38,  1.31it/s, loss=2.5483]
train 5:   3%|â–Ž         | 15/460 [00:12<05:38,  1.31it/s, loss=2.5303]
train 5:   3%|â–Ž         | 16/460 [00:12<05:20,  1.39it/s, loss=2.5303]
train 5:   3%|â–Ž         | 16/460 [00:12<05:20,  1.39it/s, loss=2.5251]
train 5:   4%|â–Ž         | 17/460 [00:12<05:26,  1.36it/s, loss=2.5251]
train 5:   4%|â–Ž         | 17/460 [00:13<05:26,  1.36it/s, loss=2.5398]
train 5:   4%|â–         | 18/460 [00:13<05:29,  1.34it/s, loss=2.5398]
train 5:   4%|â–         | 18/460 [00:14<05:29,  1.34it/s, loss=2.5456]
train 5:   4%|â–         | 19/460 [00:14<05:32,  1.33it/s, loss=2.5456]
train 5:   4%|â–         | 19/460 [00:15<05:32,  1.33it/s, loss=2.5401]
train 5:   4%|â–         | 20/460 [00:15<05:34,  1.32it/s, loss=2.5401]
train 5:   4%|â–         | 20/460 [00:16<05:34,  1.32it/s, loss=2.5431]
train 5:   5%|â–         | 21/460 [00:16<05:36,  1.31it/s, loss=2.5431]
train 5:   5%|â–         | 21/460 [00:16<05:36,  1.31it/s, loss=2.5372]
train 5:   5%|â–         | 22/460 [00:16<05:35,  1.31it/s, loss=2.5372]
train 5:   5%|â–         | 22/460 [00:17<05:35,  1.31it/s, loss=2.5538]
train 5:   5%|â–Œ         | 23/460 [00:17<05:33,  1.31it/s, loss=2.5538]
train 5:   5%|â–Œ         | 23/460 [00:18<05:33,  1.31it/s, loss=2.5432]
train 5:   5%|â–Œ         | 24/460 [00:18<05:15,  1.38it/s, loss=2.5432]
train 5:   5%|â–Œ         | 24/460 [00:18<05:15,  1.38it/s, loss=2.5321]
train 5:   5%|â–Œ         | 25/460 [00:18<05:19,  1.36it/s, loss=2.5321]
train 5:   5%|â–Œ         | 25/460 [00:19<05:19,  1.36it/s, loss=2.5331]
train 5:   6%|â–Œ         | 26/460 [00:19<05:21,  1.35it/s, loss=2.5331]
train 5:   6%|â–Œ         | 26/460 [00:20<05:21,  1.35it/s, loss=2.5581]
train 5:   6%|â–Œ         | 27/460 [00:20<05:22,  1.34it/s, loss=2.5581]
train 5:   6%|â–Œ         | 27/460 [00:21<05:22,  1.34it/s, loss=2.5427]
train 5:   6%|â–Œ         | 28/460 [00:21<05:24,  1.33it/s, loss=2.5427]
train 5:   6%|â–Œ         | 28/460 [00:22<05:24,  1.33it/s, loss=2.5234]
train 5:   6%|â–‹         | 29/460 [00:22<05:26,  1.32it/s, loss=2.5234]
train 5:   6%|â–‹         | 29/460 [00:22<05:26,  1.32it/s, loss=2.5456]
train 5:   7%|â–‹         | 30/460 [00:22<05:24,  1.32it/s, loss=2.5456]
                                                                      
[PROFILE batch=0]
  data_time      =0.2562s
  to_device_time =0.0043s
  forward_time   =0.4276s
  loss_time      =0.0014s
  backward_time  =0.3187s
  optimizer_time =0.0062s
  batch_time     =0.7592s
  cuda_allocated_gb    =0.253
  cuda_reserved_gb     =11.285
  cuda_max_allocated_gb=9.804
[PROFILE batch=1]
  data_time      =0.0004s
  to_device_time =0.0042s
  forward_time   =0.4176s
  loss_time      =0.0029s
  backward_time  =0.3235s
  optimizer_time =0.0066s
  batch_time     =0.7553s
  cuda_allocated_gb    =0.252
  cuda_reserved_gb     =11.285
  cuda_max_allocated_gb=9.804
[PROFILE batch=2]
  data_time      =0.0005s
  to_device_time =0.0042s
  forward_time   =0.4175s
  loss_time      =0.0023s
  backward_time  =0.3336s
  optimizer_time =0.0065s
  batch_time     =0.7647s
  cuda_allocated_gb    =0.253
  cuda_reserved_gb     =11.285
  cuda_max_allocated_gb=9.804
[PROFILE batch=3]
  data_time      =0.0005s
  to_device_time =0.0041s
  forward_time   =0.4120s
  loss_time      =0.0024s
  backward_time  =0.3220s
  optimizer_time =0.0065s
  batch_time     =0.7474s
  cuda_allocated_gb    =0.252
  cuda_reserved_gb     =11.285
  cuda_max_allocated_gb=9.804
[PROFILE batch=4]
  data_time      =0.0007s
  to_device_time =0.0042s
  forward_time   =0.4148s
  loss_time      =0.0024s
  backward_time  =0.3355s
  optimizer_time =0.0063s
  batch_time     =0.7638s
  cuda_allocated_gb    =0.253
  cuda_reserved_gb     =11.285
  cuda_max_allocated_gb=9.804
[PROFILE batch=5]
  data_time      =0.0005s
  to_device_time =0.0042s
  forward_time   =0.4150s
  loss_time      =0.0025s
  backward_time  =0.3238s
  optimizer_time =0.0063s
  batch_time     =0.7522s
  cuda_allocated_gb    =0.253
  cuda_reserved_gb     =11.285
  cuda_max_allocated_gb=9.804
[PROFILE batch=6]
  data_time      =0.0005s
  to_device_time =0.0041s
  forward_time   =0.4141s
  loss_time      =0.0026s
  backward_time  =0.3273s
  optimizer_time =0.0066s
  batch_time     =0.7552s
  cuda_allocated_gb    =0.253
  cuda_reserved_gb     =11.285
  cuda_max_allocated_gb=9.804
[PROFILE batch=7]
  data_time      =0.0005s
  to_device_time =0.0034s
  forward_time   =0.3384s
  loss_time      =0.0026s
  backward_time  =0.2786s
  optimizer_time =0.0064s
  batch_time     =0.6299s
  cuda_allocated_gb    =0.222
  cuda_reserved_gb     =11.285
  cuda_max_allocated_gb=9.804
[PROFILE batch=8]
  data_time      =0.0005s
  to_device_time =0.0041s
  forward_time   =0.4133s
  loss_time      =0.0025s
  backward_time  =0.3257s
  optimizer_time =0.0062s
  batch_time     =0.7521s
  cuda_allocated_gb    =0.253
  cuda_reserved_gb     =11.285
  cuda_max_allocated_gb=9.804
[PROFILE batch=9]
  data_time      =0.0004s
  to_device_time =0.0041s
  forward_time   =0.4174s
  loss_time      =0.0025s
  backward_time  =0.3323s
  optimizer_time =0.0065s
  batch_time     =0.7634s
  cuda_allocated_gb    =0.252
  cuda_reserved_gb     =11.285
  cuda_max_allocated_gb=9.804
[PROFILE batch=10]
  data_time      =0.0006s
  to_device_time =0.0041s
  forward_time   =0.4135s
  loss_time      =0.0024s
  backward_time  =0.3416s
  optimizer_time =0.0065s
  batch_time     =0.7685s
  cuda_allocated_gb    =0.253
  cuda_reserved_gb     =11.285
  cuda_max_allocated_gb=9.804
[PROFILE batch=11]
  data_time      =0.0005s
  to_device_time =0.0042s
  forward_time   =0.4173s
  loss_time      =0.0024s
  backward_time  =0.3335s
  optimizer_time =0.0065s
  batch_time     =0.7644s
  cuda_allocated_gb    =0.253
  cuda_reserved_gb     =11.285
  cuda_max_allocated_gb=9.804
[PROFILE batch=12]
  data_time      =0.0008s
  to_device_time =0.0042s
  forward_time   =0.4180s
  loss_time      =0.0025s
  backward_time  =0.3329s
  optimizer_time =0.0074s
  batch_time     =0.7657s
  cuda_allocated_gb    =0.253
  cuda_reserved_gb     =11.285
  cuda_max_allocated_gb=9.804
[PROFILE batch=13]
  data_time      =0.0005s
  to_device_time =0.0041s
  forward_time   =0.4152s
  loss_time      =0.0025s
  backward_time  =0.3305s
  optimizer_time =0.0063s
  batch_time     =0.7593s
  cuda_allocated_gb    =0.252
  cuda_reserved_gb     =11.285
  cuda_max_allocated_gb=9.804
[PROFILE batch=14]
  data_time      =0.0005s
  to_device_time =0.0041s
  forward_time   =0.4138s
  loss_time      =0.0025s
  backward_time  =0.3310s
  optimizer_time =0.0061s
  batch_time     =0.7580s
  cuda_allocated_gb    =0.253
  cuda_reserved_gb     =11.285
  cuda_max_allocated_gb=9.804
[PROFILE batch=15]
  data_time      =0.0005s
  to_device_time =0.0034s
  forward_time   =0.3370s
  loss_time      =0.0024s
  backward_time  =0.2741s
  optimizer_time =0.0067s
  batch_time     =0.6242s
  cuda_allocated_gb    =0.222
  cuda_reserved_gb     =11.285
  cuda_max_allocated_gb=9.804
[PROFILE batch=16]
  data_time      =0.0005s
  to_device_time =0.0041s
  forward_time   =0.4190s
  loss_time      =0.0024s
  backward_time  =0.3356s
  optimizer_time =0.0059s
  batch_time     =0.7675s
  cuda_allocated_gb    =0.253
  cuda_reserved_gb     =11.285
  cuda_max_allocated_gb=9.804
[PROFILE batch=17]
  data_time      =0.0005s
  to_device_time =0.0042s
  forward_time   =0.4233s
  loss_time      =0.0025s
  backward_time  =0.3301s
  optimizer_time =0.0065s
  batch_time     =0.7671s
  cuda_allocated_gb    =0.252
  cuda_reserved_gb     =11.285
  cuda_max_allocated_gb=9.804
[PROFILE batch=18]
  data_time      =0.0006s
  to_device_time =0.0041s
  forward_time   =0.4175s
  loss_time      =0.0025s
  backward_time  =0.3351s
  optimizer_time =0.0063s
  batch_time     =0.7660s
  cuda_allocated_gb    =0.253
  cuda_reserved_gb     =11.285
  cuda_max_allocated_gb=9.804
[PROFILE batch=19]
  data_time      =0.0005s
  to_device_time =0.0042s
  forward_time   =0.4243s
  loss_time      =0.0024s
  backward_time  =0.3323s
  optimizer_time =0.0063s
  batch_time     =0.7700s
  cuda_allocated_gb    =0.253
  cuda_reserved_gb     =11.285
  cuda_max_allocated_gb=9.804

[PROFILE average first 20 batches (recorded=20)]
  avg_data_time      =0.0133s
  avg_to_device_time =0.0041s
  avg_forward_time   =0.4093s
  avg_loss_time      =0.0024s
  avg_backward_time  =0.3249s
  avg_optimizer_time =0.0064s
  avg_batch_time     =0.7477s
  estimated_full_epoch_minutes=5.73

val:   0%|          | 0/57 [00:00<?, ?it/s]/usr/local/lib/python3.12/dist-packages/torch/autograd/function.py:583: UserWarning: Was asked to gather along dimension 0, but all input tensors were scalars; will instead unsqueeze and return a vector.
  return super().apply(*args, **kwargs)  # type: ignore[misc]

val:   2%|â–         | 1/57 [00:00<00:32,  1.72it/s]
val:   4%|â–Ž         | 2/57 [00:00<00:26,  2.08it/s]
val:   5%|â–Œ         | 3/57 [00:01<00:24,  2.24it/s]
val:   7%|â–‹         | 4/57 [00:01<00:22,  2.33it/s]
val:   9%|â–‰         | 5/57 [00:02<00:21,  2.39it/s]
val:  11%|â–ˆ         | 6/57 [00:02<00:21,  2.42it/s]
val:  12%|â–ˆâ–        | 7/57 [00:03<00:20,  2.44it/s]
val:  14%|â–ˆâ–        | 8/57 [00:03<00:19,  2.45it/s]
val:  16%|â–ˆâ–Œ        | 9/57 [00:03<00:19,  2.46it/s]
val:  18%|â–ˆâ–Š        | 10/57 [00:04<00:18,  2.48it/s]
                                                    
Epoch 005/015 | loss=2.5411 acc=0.1285 macro_f1=0.1174 | val_loss=2.5331 val_acc=0.1547 val_macro_f1=0.0592 | ckpt_monitor=val_macro_f1:0.0592 best_val_macro_f1=0.0787 best_epoch=1 early_val_macro_f1=0.0787 sec/batch=0.759s
          val pred_count: [576, 25, 15, 24, 0, 0, 0]
          no improvement: 4/12

train 6:   0%|          | 0/460 [00:00<?, ?it/s]/usr/local/lib/python3.12/dist-packages/torch/autograd/function.py:583: UserWarning: Was asked to gather along dimension 0, but all input tensors were scalars; will instead unsqueeze and return a vector.
  return super().apply(*args, **kwargs)  # type: ignore[misc]

train 6:   0%|          | 0/460 [00:01<?, ?it/s, loss=2.5410]
train 6:   0%|          | 1/460 [00:01<07:56,  1.04s/it, loss=2.5410]
train 6:   0%|          | 1/460 [00:01<07:56,  1.04s/it, loss=2.5439]
train 6:   0%|          | 2/460 [00:01<06:37,  1.15it/s, loss=2.5439]
train 6:   0%|          | 2/460 [00:02<06:37,  1.15it/s, loss=2.5281]
train 6:   1%|          | 3/460 [00:02<06:13,  1.22it/s, loss=2.5281]
train 6:   1%|          | 3/460 [00:03<06:13,  1.22it/s, loss=2.5443]
train 6:   1%|          | 4/460 [00:03<06:01,  1.26it/s, loss=2.5443]
train 6:   1%|          | 4/460 [00:04<06:01,  1.26it/s, loss=2.5202]
train 6:   1%|          | 5/460 [00:04<05:53,  1.29it/s, loss=2.5202]
train 6:   1%|          | 5/460 [00:04<05:53,  1.29it/s, loss=2.5387]
train 6:   1%|â–         | 6/460 [00:04<05:48,  1.30it/s, loss=2.5387]
train 6:   1%|â–         | 6/460 [00:05<05:48,  1.30it/s, loss=2.5438]
train 6:   2%|â–         | 7/460 [00:05<05:44,  1.31it/s, loss=2.5438]
train 6:   2%|â–         | 7/460 [00:06<05:44,  1.31it/s, loss=2.5384]
train 6:   2%|â–         | 8/460 [00:06<05:23,  1.40it/s, loss=2.5384]
train 6:   2%|â–         | 8/460 [00:06<05:23,  1.40it/s, loss=2.5306]
train 6:   2%|â–         | 9/460 [00:06<05:26,  1.38it/s, loss=2.5306]
train 6:   2%|â–         | 9/460 [00:07<05:26,  1.38it/s, loss=2.5390]
train 6:   2%|â–         | 10/460 [00:07<05:29,  1.37it/s, loss=2.5390]
train 6:   2%|â–         | 10/460 [00:08<05:29,  1.37it/s, loss=2.5313]
train 6:   2%|â–         | 11/460 [00:08<05:30,  1.36it/s, loss=2.5313]
train 6:   2%|â–         | 11/460 [00:09<05:30,  1.36it/s, loss=2.5193]
train 6:   3%|â–Ž         | 12/460 [00:09<05:31,  1.35it/s, loss=2.5193]
train 6:   3%|â–Ž         | 12/460 [00:10<05:31,  1.35it/s, loss=2.5308]
train 6:   3%|â–Ž         | 13/460 [00:10<06:00,  1.24it/s, loss=2.5308]
train 6:   3%|â–Ž         | 13/460 [00:10<06:00,  1.24it/s, loss=2.5490]
train 6:   3%|â–Ž         | 14/460 [00:10<05:51,  1.27it/s, loss=2.5490]
train 6:   3%|â–Ž         | 14/460 [00:11<05:51,  1.27it/s, loss=2.5330]
train 6:   3%|â–Ž         | 15/460 [00:11<05:45,  1.29it/s, loss=2.5330]
train 6:   3%|â–Ž         | 15/460 [00:12<05:45,  1.29it/s, loss=2.5354]
train 6:   3%|â–Ž         | 16/460 [00:12<05:22,  1.38it/s, loss=2.5354]
train 6:   3%|â–Ž         | 16/460 [00:12<05:22,  1.38it/s, loss=2.5296]
train 6:   4%|â–Ž         | 17/460 [00:12<05:24,  1.37it/s, loss=2.5296]
train 6:   4%|â–Ž         | 17/460 [00:13<05:24,  1.37it/s, loss=2.5534]
train 6:   4%|â–         | 18/460 [00:13<05:25,  1.36it/s, loss=2.5534]
train 6:   4%|â–         | 18/460 [00:14<05:25,  1.36it/s, loss=2.5461]
train 6:   4%|â–         | 19/460 [00:14<05:27,  1.35it/s, loss=2.5461]
train 6:   4%|â–         | 19/460 [00:15<05:27,  1.35it/s, loss=2.5231]
train 6:   4%|â–         | 20/460 [00:15<05:27,  1.34it/s, loss=2.5231]
train 6:   4%|â–         | 20/460 [00:15<05:27,  1.34it/s, loss=2.5283]
train 6:   5%|â–         | 21/460 [00:15<05:26,  1.34it/s, loss=2.5283]
train 6:   5%|â–         | 21/460 [00:16<05:26,  1.34it/s, loss=2.5476]
train 6:   5%|â–         | 22/460 [00:16<05:24,  1.35it/s, loss=2.5476]
train 6:   5%|â–         | 22/460 [00:17<05:24,  1.35it/s, loss=2.5355]
train 6:   5%|â–Œ         | 23/460 [00:17<05:24,  1.35it/s, loss=2.5355]
train 6:   5%|â–Œ         | 23/460 [00:18<05:24,  1.35it/s, loss=2.5421]
train 6:   5%|â–Œ         | 24/460 [00:18<05:06,  1.42it/s, loss=2.5421]
train 6:   5%|â–Œ         | 24/460 [00:18<05:06,  1.42it/s, loss=2.5312]
train 6:   5%|â–Œ         | 25/460 [00:18<05:11,  1.40it/s, loss=2.5312]
train 6:   5%|â–Œ         | 25/460 [00:19<05:11,  1.40it/s, loss=2.5302]
train 6:   6%|â–Œ         | 26/460 [00:19<05:15,  1.38it/s, loss=2.5302]
train 6:   6%|â–Œ         | 26/460 [00:20<05:15,  1.38it/s, loss=2.5535]
train 6:   6%|â–Œ         | 27/460 [00:20<05:17,  1.36it/s, loss=2.5535]
train 6:   6%|â–Œ         | 27/460 [00:21<05:17,  1.36it/s, loss=2.5565]
train 6:   6%|â–Œ         | 28/460 [00:21<05:16,  1.36it/s, loss=2.5565]
train 6:   6%|â–Œ         | 28/460 [00:21<05:16,  1.36it/s, loss=2.5594]
train 6:   6%|â–‹         | 29/460 [00:21<05:16,  1.36it/s, loss=2.5594]
train 6:   6%|â–‹         | 29/460 [00:22<05:16,  1.36it/s, loss=2.5274]
train 6:   7%|â–‹         | 30/460 [00:22<05:16,  1.36it/s, loss=2.5274]
                                                                      
[PROFILE batch=0]
  data_time      =0.2544s
  to_device_time =0.0043s
  forward_time   =0.4442s
  loss_time      =0.0014s
  backward_time  =0.3233s
  optimizer_time =0.0062s
  batch_time     =0.7805s
  cuda_allocated_gb    =0.253
  cuda_reserved_gb     =11.285
  cuda_max_allocated_gb=9.804
[PROFILE batch=1]
  data_time      =0.0005s
  to_device_time =0.0041s
  forward_time   =0.4114s
  loss_time      =0.0023s
  backward_time  =0.3222s
  optimizer_time =0.0064s
  batch_time     =0.7468s
  cuda_allocated_gb    =0.252
  cuda_reserved_gb     =11.285
  cuda_max_allocated_gb=9.804
[PROFILE batch=2]
  data_time      =0.0005s
  to_device_time =0.0042s
  forward_time   =0.4134s
  loss_time      =0.0023s
  backward_time  =0.3244s
  optimizer_time =0.0066s
  batch_time     =0.7513s
  cuda_allocated_gb    =0.253
  cuda_reserved_gb     =11.285
  cuda_max_allocated_gb=9.804
[PROFILE batch=3]
  data_time      =0.0006s
  to_device_time =0.0041s
  forward_time   =0.4129s
  loss_time      =0.0025s
  backward_time  =0.3242s
  optimizer_time =0.0061s
  batch_time     =0.7503s
  cuda_allocated_gb    =0.252
  cuda_reserved_gb     =11.285
  cuda_max_allocated_gb=9.804
[PROFILE batch=4]
  data_time      =0.0007s
  to_device_time =0.0041s
  forward_time   =0.4133s
  loss_time      =0.0023s
  backward_time  =0.3209s
  optimizer_time =0.0062s
  batch_time     =0.7472s
  cuda_allocated_gb    =0.253
  cuda_reserved_gb     =11.285
  cuda_max_allocated_gb=9.804
[PROFILE batch=5]
  data_time      =0.0004s
  to_device_time =0.0042s
  forward_time   =0.4132s
  loss_time      =0.0023s
  backward_time  =0.3190s
  optimizer_time =0.0063s
  batch_time     =0.7453s
  cuda_allocated_gb    =0.253
  cuda_reserved_gb     =11.285
  cuda_max_allocated_gb=9.804
[PROFILE batch=6]
  data_time      =0.0005s
  to_device_time =0.0042s
  forward_time   =0.4138s
  loss_time      =0.0024s
  backward_time  =0.3182s
  optimizer_time =0.0064s
  batch_time     =0.7454s
  cuda_allocated_gb    =0.253
  cuda_reserved_gb     =11.285
  cuda_max_allocated_gb=9.804
[PROFILE batch=7]
  data_time      =0.0005s
  to_device_time =0.0034s
  forward_time   =0.3353s
  loss_time      =0.0026s
  backward_time  =0.2634s
  optimizer_time =0.0065s
  batch_time     =0.6119s
  cuda_allocated_gb    =0.222
  cuda_reserved_gb     =11.285
  cuda_max_allocated_gb=9.804
[PROFILE batch=8]
  data_time      =0.0005s
  to_device_time =0.0042s
  forward_time   =0.4123s
  loss_time      =0.0023s
  backward_time  =0.3164s
  optimizer_time =0.0063s
  batch_time     =0.7419s
  cuda_allocated_gb    =0.253
  cuda_reserved_gb     =11.285
  cuda_max_allocated_gb=9.804
[PROFILE batch=9]
  data_time      =0.0005s
  to_device_time =0.0041s
  forward_time   =0.4120s
  loss_time      =0.0024s
  backward_time  =0.3176s
  optimizer_time =0.0066s
  batch_time     =0.7432s
  cuda_allocated_gb    =0.252
  cuda_reserved_gb     =11.285
  cuda_max_allocated_gb=9.804
[PROFILE batch=10]
  data_time      =0.0005s
  to_device_time =0.0041s
  forward_time   =0.4135s
  loss_time      =0.0023s
  backward_time  =0.3186s
  optimizer_time =0.0064s
  batch_time     =0.7455s
  cuda_allocated_gb    =0.253
  cuda_reserved_gb     =11.285
  cuda_max_allocated_gb=9.804
[PROFILE batch=11]
  data_time      =0.0005s
  to_device_time =0.0041s
  forward_time   =0.4152s
  loss_time      =0.0025s
  backward_time  =0.3184s
  optimizer_time =0.0064s
  batch_time     =0.7470s
  cuda_allocated_gb    =0.253
  cuda_reserved_gb     =11.285
  cuda_max_allocated_gb=9.804
[PROFILE batch=12]
  data_time      =0.0007s
  to_device_time =0.0041s
  forward_time   =0.6240s
  loss_time      =0.0024s
  backward_time  =0.3162s
  optimizer_time =0.0065s
  batch_time     =0.9536s
  cuda_allocated_gb    =0.207
  cuda_reserved_gb     =11.285
  cuda_max_allocated_gb=9.804
[PROFILE batch=13]
  data_time      =0.0006s
  to_device_time =0.0042s
  forward_time   =0.4146s
  loss_time      =0.0025s
  backward_time  =0.3166s
  optimizer_time =0.0066s
  batch_time     =0.7451s
  cuda_allocated_gb    =0.207
  cuda_reserved_gb     =11.285
  cuda_max_allocated_gb=9.804
[PROFILE batch=14]
  data_time      =0.0004s
  to_device_time =0.0042s
  forward_time   =0.4098s
  loss_time      =0.0025s
  backward_time  =0.3181s
  optimizer_time =0.0065s
  batch_time     =0.7415s
  cuda_allocated_gb    =0.207
  cuda_reserved_gb     =11.285
  cuda_max_allocated_gb=9.804
[PROFILE batch=15]
  data_time      =0.0006s
  to_device_time =0.0034s
  forward_time   =0.3355s
  loss_time      =0.0024s
  backward_time  =0.2584s
  optimizer_time =0.0065s
  batch_time     =0.6067s
  cuda_allocated_gb    =0.176
  cuda_reserved_gb     =11.285
  cuda_max_allocated_gb=9.804
[PROFILE batch=16]
  data_time      =0.0005s
  to_device_time =0.0041s
  forward_time   =0.4119s
  loss_time      =0.0024s
  backward_time  =0.3168s
  optimizer_time =0.0064s
  batch_time     =0.7421s
  cuda_allocated_gb    =0.206
  cuda_reserved_gb     =11.285
  cuda_max_allocated_gb=9.804
[PROFILE batch=17]
  data_time      =0.0004s
  to_device_time =0.0042s
  forward_time   =0.4121s
  loss_time      =0.0025s
  backward_time  =0.3185s
  optimizer_time =0.0064s
  batch_time     =0.7441s
  cuda_allocated_gb    =0.206
  cuda_reserved_gb     =11.285
  cuda_max_allocated_gb=9.804
[PROFILE batch=18]
  data_time      =0.0005s
  to_device_time =0.0042s
  forward_time   =0.4147s
  loss_time      =0.0025s
  backward_time  =0.3229s
  optimizer_time =0.0070s
  batch_time     =0.7517s
  cuda_allocated_gb    =0.207
  cuda_reserved_gb     =11.285
  cuda_max_allocated_gb=9.804
[PROFILE batch=19]
  data_time      =0.0005s
  to_device_time =0.0042s
  forward_time   =0.4180s
  loss_time      =0.0024s
  backward_time  =0.3154s
  optimizer_time =0.0061s
  batch_time     =0.7465s
  cuda_allocated_gb    =0.207
  cuda_reserved_gb     =11.285
  cuda_max_allocated_gb=9.804

[PROFILE average first 20 batches (recorded=20)]
  avg_data_time      =0.0132s
  avg_to_device_time =0.0041s
  avg_forward_time   =0.4175s
  avg_loss_time      =0.0024s
  avg_backward_time  =0.3135s
  avg_optimizer_time =0.0064s
  avg_batch_time     =0.7444s
  estimated_full_epoch_minutes=5.71

val:   0%|          | 0/57 [00:00<?, ?it/s]/usr/local/lib/python3.12/dist-packages/torch/autograd/function.py:583: UserWarning: Was asked to gather along dimension 0, but all input tensors were scalars; will instead unsqueeze and return a vector.
  return super().apply(*args, **kwargs)  # type: ignore[misc]

val:   2%|â–         | 1/57 [00:00<00:34,  1.65it/s]
val:   4%|â–Ž         | 2/57 [00:01<00:26,  2.07it/s]
val:   5%|â–Œ         | 3/57 [00:01<00:24,  2.25it/s]
val:   7%|â–‹         | 4/57 [00:01<00:22,  2.33it/s]
val:   9%|â–‰         | 5/57 [00:02<00:21,  2.38it/s]
val:  11%|â–ˆ         | 6/57 [00:02<00:21,  2.43it/s]
val:  12%|â–ˆâ–        | 7/57 [00:03<00:20,  2.45it/s]
val:  14%|â–ˆâ–        | 8/57 [00:03<00:19,  2.46it/s]
val:  16%|â–ˆâ–Œ        | 9/57 [00:03<00:19,  2.48it/s]
val:  18%|â–ˆâ–Š        | 10/57 [00:04<00:18,  2.49it/s]
                                                    
Epoch 006/015 | loss=2.5377 acc=0.1561 macro_f1=0.1407 | val_loss=2.5330 val_acc=0.1359 val_macro_f1=0.0391 | ckpt_monitor=val_macro_f1:0.0391 best_val_macro_f1=0.0787 best_epoch=1 early_val_macro_f1=0.0787 sec/batch=0.750s
          val pred_count: [586, 28, 6, 10, 3, 7, 0]
          no improvement: 5/12

train 7:   0%|          | 0/460 [00:00<?, ?it/s]/usr/local/lib/python3.12/dist-packages/torch/autograd/function.py:583: UserWarning: Was asked to gather along dimension 0, but all input tensors were scalars; will instead unsqueeze and return a vector.
  return super().apply(*args, **kwargs)  # type: ignore[misc]

train 7:   0%|          | 0/460 [00:01<?, ?it/s, loss=2.5181]
train 7:   0%|          | 1/460 [00:01<07:45,  1.01s/it, loss=2.5181]
train 7:   0%|          | 1/460 [00:01<07:45,  1.01s/it, loss=2.5374]
train 7:   0%|          | 2/460 [00:01<06:30,  1.17it/s, loss=2.5374]
train 7:   0%|          | 2/460 [00:02<06:30,  1.17it/s, loss=2.5546]
train 7:   1%|          | 3/460 [00:02<06:07,  1.24it/s, loss=2.5546]
train 7:   1%|          | 3/460 [00:03<06:07,  1.24it/s, loss=2.5245]
train 7:   1%|          | 4/460 [00:03<05:56,  1.28it/s, loss=2.5245]
train 7:   1%|          | 4/460 [00:03<05:56,  1.28it/s, loss=2.5505]
train 7:   1%|          | 5/460 [00:03<05:50,  1.30it/s, loss=2.5505]
train 7:   1%|          | 5/460 [00:04<05:50,  1.30it/s, loss=2.5506]
train 7:   1%|â–         | 6/460 [00:04<05:45,  1.31it/s, loss=2.5506]
train 7:   1%|â–         | 6/460 [00:05<05:45,  1.31it/s, loss=2.5176]
train 7:   2%|â–         | 7/460 [00:05<05:41,  1.33it/s, loss=2.5176]
train 7:   2%|â–         | 7/460 [00:06<05:41,  1.33it/s, loss=2.5465]
train 7:   2%|â–         | 8/460 [00:06<05:21,  1.40it/s, loss=2.5465]
train 7:   2%|â–         | 8/460 [00:06<05:21,  1.40it/s, loss=2.5274]
train 7:   2%|â–         | 9/460 [00:06<05:25,  1.39it/s, loss=2.5274]
train 7:   2%|â–         | 9/460 [00:07<05:25,  1.39it/s, loss=2.5234]
train 7:   2%|â–         | 10/460 [00:07<05:27,  1.37it/s, loss=2.5234]
train 7:   2%|â–         | 10/460 [00:08<05:27,  1.37it/s, loss=2.5394]
train 7:   2%|â–         | 11/460 [00:08<05:28,  1.36it/s, loss=2.5394]
train 7:   2%|â–         | 11/460 [00:09<05:28,  1.36it/s, loss=2.5541]
train 7:   3%|â–Ž         | 12/460 [00:09<05:29,  1.36it/s, loss=2.5541]
train 7:   3%|â–Ž         | 12/460 [00:09<05:29,  1.36it/s, loss=2.5404]
train 7:   3%|â–Ž         | 13/460 [00:09<05:30,  1.35it/s, loss=2.5404]
train 7:   3%|â–Ž         | 13/460 [00:10<05:30,  1.35it/s, loss=2.5544]
train 7:   3%|â–Ž         | 14/460 [00:10<05:31,  1.35it/s, loss=2.5544]
train 7:   3%|â–Ž         | 14/460 [00:11<05:31,  1.35it/s, loss=2.5517]
train 7:   3%|â–Ž         | 15/460 [00:11<05:30,  1.35it/s, loss=2.5517]
train 7:   3%|â–Ž         | 15/460 [00:11<05:30,  1.35it/s, loss=2.5439]
train 7:   3%|â–Ž         | 16/460 [00:11<05:12,  1.42it/s, loss=2.5439]
train 7:   3%|â–Ž         | 16/460 [00:12<05:12,  1.42it/s, loss=2.5549]
train 7:   4%|â–Ž         | 17/460 [00:12<05:17,  1.40it/s, loss=2.5549]
train 7:   4%|â–Ž         | 17/460 [00:13<05:17,  1.40it/s, loss=2.5500]
train 7:   4%|â–         | 18/460 [00:13<05:21,  1.37it/s, loss=2.5500]
train 7:   4%|â–         | 18/460 [00:14<05:21,  1.37it/s, loss=2.5452]
train 7:   4%|â–         | 19/460 [00:14<05:23,  1.36it/s, loss=2.5452]
train 7:   4%|â–         | 19/460 [00:14<05:23,  1.36it/s, loss=2.5462]
train 7:   4%|â–         | 20/460 [00:14<05:23,  1.36it/s, loss=2.5462]
train 7:   4%|â–         | 20/460 [00:15<05:23,  1.36it/s, loss=2.5479]
train 7:   5%|â–         | 21/460 [00:15<05:22,  1.36it/s, loss=2.5479]
train 7:   5%|â–         | 21/460 [00:16<05:22,  1.36it/s, loss=2.5237]
train 7:   5%|â–         | 22/460 [00:16<05:22,  1.36it/s, loss=2.5237]
train 7:   5%|â–         | 22/460 [00:17<05:22,  1.36it/s, loss=2.5407]
train 7:   5%|â–Œ         | 23/460 [00:17<05:21,  1.36it/s, loss=2.5407]
train 7:   5%|â–Œ         | 23/460 [00:17<05:21,  1.36it/s, loss=2.5363]
train 7:   5%|â–Œ         | 24/460 [00:17<05:04,  1.43it/s, loss=2.5363]
train 7:   5%|â–Œ         | 24/460 [00:18<05:04,  1.43it/s, loss=2.5304]
train 7:   5%|â–Œ         | 25/460 [00:18<05:08,  1.41it/s, loss=2.5304]
train 7:   5%|â–Œ         | 25/460 [00:19<05:08,  1.41it/s, loss=2.5527]
train 7:   6%|â–Œ         | 26/460 [00:19<05:13,  1.39it/s, loss=2.5527]
train 7:   6%|â–Œ         | 26/460 [00:19<05:13,  1.39it/s, loss=2.5451]
train 7:   6%|â–Œ         | 27/460 [00:19<05:14,  1.38it/s, loss=2.5451]
train 7:   6%|â–Œ         | 27/460 [00:20<05:14,  1.38it/s, loss=2.5360]
train 7:   6%|â–Œ         | 28/460 [00:20<05:15,  1.37it/s, loss=2.5360]
train 7:   6%|â–Œ         | 28/460 [00:21<05:15,  1.37it/s, loss=2.5312]
train 7:   6%|â–‹         | 29/460 [00:21<05:16,  1.36it/s, loss=2.5312]
train 7:   6%|â–‹         | 29/460 [00:22<05:16,  1.36it/s, loss=2.5401]
train 7:   7%|â–‹         | 30/460 [00:22<05:16,  1.36it/s, loss=2.5401]
                                                                      
[PROFILE batch=0]
  data_time      =0.2584s
  to_device_time =0.0042s
  forward_time   =0.4178s
  loss_time      =0.0014s
  backward_time  =0.3217s
  optimizer_time =0.0064s
  batch_time     =0.7521s
  cuda_allocated_gb    =0.207
  cuda_reserved_gb     =11.285
  cuda_max_allocated_gb=9.804
[PROFILE batch=1]
  data_time      =0.0006s
  to_device_time =0.0042s
  forward_time   =0.4124s
  loss_time      =0.0021s
  backward_time  =0.3126s
  optimizer_time =0.0065s
  batch_time     =0.7384s
  cuda_allocated_gb    =0.206
  cuda_reserved_gb     =11.285
  cuda_max_allocated_gb=9.804
[PROFILE batch=2]
  data_time      =0.0005s
  to_device_time =0.0042s
  forward_time   =0.4171s
  loss_time      =0.0025s
  backward_time  =0.3123s
  optimizer_time =0.0064s
  batch_time     =0.7430s
  cuda_allocated_gb    =0.207
  cuda_reserved_gb     =11.285
  cuda_max_allocated_gb=9.804
[PROFILE batch=3]
  data_time      =0.0005s
  to_device_time =0.0041s
  forward_time   =0.4141s
  loss_time      =0.0023s
  backward_time  =0.3174s
  optimizer_time =0.0066s
  batch_time     =0.7450s
  cuda_allocated_gb    =0.206
  cuda_reserved_gb     =11.285
  cuda_max_allocated_gb=9.804
[PROFILE batch=4]
  data_time      =0.0007s
  to_device_time =0.0041s
  forward_time   =0.4111s
  loss_time      =0.0025s
  backward_time  =0.3188s
  optimizer_time =0.0066s
  batch_time     =0.7435s
  cuda_allocated_gb    =0.206
  cuda_reserved_gb     =11.285
  cuda_max_allocated_gb=9.804
[PROFILE batch=5]
  data_time      =0.0005s
  to_device_time =0.0042s
  forward_time   =0.4151s
  loss_time      =0.0024s
  backward_time  =0.3144s
  optimizer_time =0.0066s
  batch_time     =0.7434s
  cuda_allocated_gb    =0.206
  cuda_reserved_gb     =11.285
  cuda_max_allocated_gb=9.804
[PROFILE batch=6]
  data_time      =0.0005s
  to_device_time =0.0041s
  forward_time   =0.4094s
  loss_time      =0.0024s
  backward_time  =0.3131s
  optimizer_time =0.0062s
  batch_time     =0.7356s
  cuda_allocated_gb    =0.206
  cuda_reserved_gb     =11.285
  cuda_max_allocated_gb=9.804
[PROFILE batch=7]
  data_time      =0.0005s
  to_device_time =0.0034s
  forward_time   =0.3372s
  loss_time      =0.0024s
  backward_time  =0.2670s
  optimizer_time =0.0065s
  batch_time     =0.6171s
  cuda_allocated_gb    =0.176
  cuda_reserved_gb     =11.285
  cuda_max_allocated_gb=9.804
[PROFILE batch=8]
  data_time      =0.0005s
  to_device_time =0.0041s
  forward_time   =0.4112s
  loss_time      =0.0024s
  backward_time  =0.3150s
  optimizer_time =0.0065s
  batch_time     =0.7396s
  cuda_allocated_gb    =0.206
  cuda_reserved_gb     =11.285
  cuda_max_allocated_gb=9.804
[PROFILE batch=9]
  data_time      =0.0005s
  to_device_time =0.0041s
  forward_time   =0.4131s
  loss_time      =0.0024s
  backward_time  =0.3147s
  optimizer_time =0.0062s
  batch_time     =0.7410s
  cuda_allocated_gb    =0.206
  cuda_reserved_gb     =11.285
  cuda_max_allocated_gb=9.804
[PROFILE batch=10]
  data_time      =0.0005s
  to_device_time =0.0041s
  forward_time   =0.4098s
  loss_time      =0.0024s
  backward_time  =0.3149s
  optimizer_time =0.0067s
  batch_time     =0.7383s
  cuda_allocated_gb    =0.207
  cuda_reserved_gb     =11.285
  cuda_max_allocated_gb=9.804
[PROFILE batch=11]
  data_time      =0.0005s
  to_device_time =0.0042s
  forward_time   =0.4120s
  loss_time      =0.0025s
  backward_time  =0.3125s
  optimizer_time =0.0069s
  batch_time     =0.7386s
  cuda_allocated_gb    =0.207
  cuda_reserved_gb     =11.285
  cuda_max_allocated_gb=9.804
[PROFILE batch=12]
  data_time      =0.0007s
  to_device_time =0.0042s
  forward_time   =0.4179s
  loss_time      =0.0024s
  backward_time  =0.3148s
  optimizer_time =0.0067s
  batch_time     =0.7467s
  cuda_allocated_gb    =0.207
  cuda_reserved_gb     =11.285
  cuda_max_allocated_gb=9.804
[PROFILE batch=13]
  data_time      =0.0005s
  to_device_time =0.0042s
  forward_time   =0.4164s
  loss_time      =0.0023s
  backward_time  =0.3143s
  optimizer_time =0.0065s
  batch_time     =0.7444s
  cuda_allocated_gb    =0.206
  cuda_reserved_gb     =11.285
  cuda_max_allocated_gb=9.804
[PROFILE batch=14]
  data_time      =0.0005s
  to_device_time =0.0041s
  forward_time   =0.4112s
  loss_time      =0.0025s
  backward_time  =0.3136s
  optimizer_time =0.0078s
  batch_time     =0.7397s
  cuda_allocated_gb    =0.207
  cuda_reserved_gb     =11.285
  cuda_max_allocated_gb=9.804
[PROFILE batch=15]
  data_time      =0.0005s
  to_device_time =0.0034s
  forward_time   =0.3352s
  loss_time      =0.0025s
  backward_time  =0.2638s
  optimizer_time =0.0062s
  batch_time     =0.6115s
  cuda_allocated_gb    =0.177
  cuda_reserved_gb     =11.285
  cuda_max_allocated_gb=9.804
[PROFILE batch=16]
  data_time      =0.0005s
  to_device_time =0.0041s
  forward_time   =0.4134s
  loss_time      =0.0030s
  backward_time  =0.3149s
  optimizer_time =0.0065s
  batch_time     =0.7424s
  cuda_allocated_gb    =0.206
  cuda_reserved_gb     =11.285
  cuda_max_allocated_gb=9.804
[PROFILE batch=17]
  data_time      =0.0005s
  to_device_time =0.0041s
  forward_time   =0.4100s
  loss_time      =0.0024s
  backward_time  =0.3276s
  optimizer_time =0.0067s
  batch_time     =0.7513s
  cuda_allocated_gb    =0.206
  cuda_reserved_gb     =11.285
  cuda_max_allocated_gb=9.804
[PROFILE batch=18]
  data_time      =0.0005s
  to_device_time =0.0041s
  forward_time   =0.4125s
  loss_time      =0.0023s
  backward_time  =0.3150s
  optimizer_time =0.0065s
  batch_time     =0.7409s
  cuda_allocated_gb    =0.206
  cuda_reserved_gb     =11.285
  cuda_max_allocated_gb=9.804
[PROFILE batch=19]
  data_time      =0.0005s
  to_device_time =0.0041s
  forward_time   =0.4105s
  loss_time      =0.0024s
  backward_time  =0.3137s
  optimizer_time =0.0066s
  batch_time     =0.7377s
  cuda_allocated_gb    =0.207
  cuda_reserved_gb     =11.285
  cuda_max_allocated_gb=9.804

[PROFILE average first 20 batches (recorded=20)]
  avg_data_time      =0.0134s
  avg_to_device_time =0.0041s
  avg_forward_time   =0.4054s
  avg_loss_time      =0.0024s
  avg_backward_time  =0.3106s
  avg_optimizer_time =0.0066s
  avg_batch_time     =0.7295s
  estimated_full_epoch_minutes=5.59

val:   0%|          | 0/57 [00:00<?, ?it/s]/usr/local/lib/python3.12/dist-packages/torch/autograd/function.py:583: UserWarning: Was asked to gather along dimension 0, but all input tensors were scalars; will instead unsqueeze and return a vector.
  return super().apply(*args, **kwargs)  # type: ignore[misc]

val:   2%|â–         | 1/57 [00:00<00:33,  1.66it/s]
val:   4%|â–Ž         | 2/57 [00:01<00:26,  2.05it/s]
val:   5%|â–Œ         | 3/57 [00:01<00:24,  2.23it/s]
val:   7%|â–‹         | 4/57 [00:01<00:22,  2.33it/s]
val:   9%|â–‰         | 5/57 [00:02<00:21,  2.39it/s]
val:  11%|â–ˆ         | 6/57 [00:02<00:21,  2.43it/s]
val:  12%|â–ˆâ–        | 7/57 [00:03<00:20,  2.45it/s]
val:  14%|â–ˆâ–        | 8/57 [00:03<00:19,  2.46it/s]
val:  16%|â–ˆâ–Œ        | 9/57 [00:03<00:19,  2.48it/s]
val:  18%|â–ˆâ–Š        | 10/57 [00:04<00:18,  2.48it/s]
                                                    
Epoch 007/015 | loss=2.5405 acc=0.1258 macro_f1=0.1159 | val_loss=2.5331 val_acc=0.1437 val_macro_f1=0.1009 | ckpt_monitor=val_macro_f1:0.1009 best_val_macro_f1=0.1009 best_epoch=7 early_val_macro_f1=0.1009 sec/batch=0.740s
          val pred_count: [331, 80, 115, 17, 76, 17, 4]
          checkpoint improvement: best_epoch=7
          early stopping monitor improved

train 8:   0%|          | 0/460 [00:00<?, ?it/s]/usr/local/lib/python3.12/dist-packages/torch/autograd/function.py:583: UserWarning: Was asked to gather along dimension 0, but all input tensors were scalars; will instead unsqueeze and return a vector.
  return super().apply(*args, **kwargs)  # type: ignore[misc]

train 8:   0%|          | 0/460 [00:00<?, ?it/s, loss=2.5345]
train 8:   0%|          | 1/460 [00:00<07:38,  1.00it/s, loss=2.5345]
train 8:   0%|          | 1/460 [00:01<07:38,  1.00it/s, loss=2.5306]
train 8:   0%|          | 2/460 [00:01<06:32,  1.17it/s, loss=2.5306]
train 8:   0%|          | 2/460 [00:02<06:32,  1.17it/s, loss=2.5140]
train 8:   1%|          | 3/460 [00:02<06:09,  1.24it/s, loss=2.5140]
train 8:   1%|          | 3/460 [00:03<06:09,  1.24it/s, loss=2.5261]
train 8:   1%|          | 4/460 [00:03<05:58,  1.27it/s, loss=2.5261]
train 8:   1%|          | 4/460 [00:04<05:58,  1.27it/s, loss=2.5247]
train 8:   1%|          | 5/460 [00:04<05:53,  1.29it/s, loss=2.5247]
train 8:   1%|          | 5/460 [00:04<05:53,  1.29it/s, loss=2.5302]
train 8:   1%|â–         | 6/460 [00:04<05:49,  1.30it/s, loss=2.5302]
train 8:   1%|â–         | 6/460 [00:05<05:49,  1.30it/s, loss=2.5396]
train 8:   2%|â–         | 7/460 [00:05<05:46,  1.31it/s, loss=2.5396]
train 8:   2%|â–         | 7/460 [00:06<05:46,  1.31it/s, loss=2.5495]
train 8:   2%|â–         | 8/460 [00:06<05:23,  1.40it/s, loss=2.5495]
train 8:   2%|â–         | 8/460 [00:06<05:23,  1.40it/s, loss=2.5182]
train 8:   2%|â–         | 9/460 [00:06<05:29,  1.37it/s, loss=2.5182]
train 8:   2%|â–         | 9/460 [00:07<05:29,  1.37it/s, loss=2.5332]
train 8:   2%|â–         | 10/460 [00:07<05:31,  1.36it/s, loss=2.5332]
train 8:   2%|â–         | 10/460 [00:08<05:31,  1.36it/s, loss=2.5271]
train 8:   2%|â–         | 11/460 [00:08<05:34,  1.34it/s, loss=2.5271]
train 8:   2%|â–         | 11/460 [00:09<05:34,  1.34it/s, loss=2.5312]
train 8:   3%|â–Ž         | 12/460 [00:09<05:34,  1.34it/s, loss=2.5312]
train 8:   3%|â–Ž         | 12/460 [00:09<05:34,  1.34it/s, loss=2.5475]
train 8:   3%|â–Ž         | 13/460 [00:09<05:35,  1.33it/s, loss=2.5475]
train 8:   3%|â–Ž         | 13/460 [00:10<05:35,  1.33it/s, loss=2.5562]
train 8:   3%|â–Ž         | 14/460 [00:10<05:34,  1.33it/s, loss=2.5562]
train 8:   3%|â–Ž         | 14/460 [00:11<05:34,  1.33it/s, loss=2.5382]
train 8:   3%|â–Ž         | 15/460 [00:11<05:33,  1.33it/s, loss=2.5382]
train 8:   3%|â–Ž         | 15/460 [00:12<05:33,  1.33it/s, loss=2.5282]
train 8:   3%|â–Ž         | 16/460 [00:12<05:15,  1.41it/s, loss=2.5282]
train 8:   3%|â–Ž         | 16/460 [00:12<05:15,  1.41it/s, loss=2.5354]
train 8:   4%|â–Ž         | 17/460 [00:12<05:20,  1.38it/s, loss=2.5354]
train 8:   4%|â–Ž         | 17/460 [00:13<05:20,  1.38it/s, loss=2.5270]
train 8:   4%|â–         | 18/460 [00:13<05:23,  1.37it/s, loss=2.5270]
train 8:   4%|â–         | 18/460 [00:14<05:23,  1.37it/s, loss=2.5384]
train 8:   4%|â–         | 19/460 [00:14<05:25,  1.36it/s, loss=2.5384]
train 8:   4%|â–         | 19/460 [00:15<05:25,  1.36it/s, loss=2.5159]
train 8:   4%|â–         | 20/460 [00:15<05:27,  1.35it/s, loss=2.5159]
train 8:   4%|â–         | 20/460 [00:15<05:27,  1.35it/s, loss=2.5614]
train 8:   5%|â–         | 21/460 [00:15<05:26,  1.35it/s, loss=2.5614]
train 8:   5%|â–         | 21/460 [00:16<05:26,  1.35it/s, loss=2.5325]
train 8:   5%|â–         | 22/460 [00:16<05:26,  1.34it/s, loss=2.5325]
train 8:   5%|â–         | 22/460 [00:17<05:26,  1.34it/s, loss=2.5275]
train 8:   5%|â–Œ         | 23/460 [00:17<05:27,  1.33it/s, loss=2.5275]
train 8:   5%|â–Œ         | 23/460 [00:17<05:27,  1.33it/s, loss=2.5291]
train 8:   5%|â–Œ         | 24/460 [00:17<05:09,  1.41it/s, loss=2.5291]
train 8:   5%|â–Œ         | 24/460 [00:18<05:09,  1.41it/s, loss=2.5318]
train 8:   5%|â–Œ         | 25/460 [00:18<05:13,  1.39it/s, loss=2.5318]
train 8:   5%|â–Œ         | 25/460 [00:19<05:13,  1.39it/s, loss=2.5367]
train 8:   6%|â–Œ         | 26/460 [00:19<05:16,  1.37it/s, loss=2.5367]
train 8:   6%|â–Œ         | 26/460 [00:20<05:16,  1.37it/s, loss=2.5309]
train 8:   6%|â–Œ         | 27/460 [00:20<05:18,  1.36it/s, loss=2.5309]
train 8:   6%|â–Œ         | 27/460 [00:20<05:18,  1.36it/s, loss=2.5372]
train 8:   6%|â–Œ         | 28/460 [00:20<05:19,  1.35it/s, loss=2.5372]
train 8:   6%|â–Œ         | 28/460 [00:21<05:19,  1.35it/s, loss=2.5332]
train 8:   6%|â–‹         | 29/460 [00:21<05:19,  1.35it/s, loss=2.5332]
train 8:   6%|â–‹         | 29/460 [00:22<05:19,  1.35it/s, loss=2.5423]
train 8:   7%|â–‹         | 30/460 [00:22<05:19,  1.35it/s, loss=2.5423]
                                                                      
[PROFILE batch=0]
  data_time      =0.2259s
  to_device_time =0.0043s
  forward_time   =0.4370s
  loss_time      =0.0017s
  backward_time  =0.3197s
  optimizer_time =0.0065s
  batch_time     =0.7711s
  cuda_allocated_gb    =0.207
  cuda_reserved_gb     =11.285
  cuda_max_allocated_gb=9.804
[PROFILE batch=1]
  data_time      =0.0005s
  to_device_time =0.0042s
  forward_time   =0.4189s
  loss_time      =0.0026s
  backward_time  =0.3204s
  optimizer_time =0.0063s
  batch_time     =0.7529s
  cuda_allocated_gb    =0.206
  cuda_reserved_gb     =11.285
  cuda_max_allocated_gb=9.804
[PROFILE batch=2]
  data_time      =0.0005s
  to_device_time =0.0041s
  forward_time   =0.4150s
  loss_time      =0.0023s
  backward_time  =0.3192s
  optimizer_time =0.0066s
  batch_time     =0.7476s
  cuda_allocated_gb    =0.207
  cuda_reserved_gb     =11.285
  cuda_max_allocated_gb=9.804
[PROFILE batch=3]
  data_time      =0.0005s
  to_device_time =0.0041s
  forward_time   =0.4145s
  loss_time      =0.0023s
  backward_time  =0.3184s
  optimizer_time =0.0072s
  batch_time     =0.7470s
  cuda_allocated_gb    =0.206
  cuda_reserved_gb     =11.285
  cuda_max_allocated_gb=9.804
[PROFILE batch=4]
  data_time      =0.0008s
  to_device_time =0.0042s
  forward_time   =0.4193s
  loss_time      =0.0023s
  backward_time  =0.3281s
  optimizer_time =0.0063s
  batch_time     =0.7608s
  cuda_allocated_gb    =0.206
  cuda_reserved_gb     =11.285
  cuda_max_allocated_gb=9.804
[PROFILE batch=5]
  data_time      =0.0005s
  to_device_time =0.0041s
  forward_time   =0.4133s
  loss_time      =0.0023s
  backward_time  =0.3232s
  optimizer_time =0.0066s
  batch_time     =0.7501s
  cuda_allocated_gb    =0.206
  cuda_reserved_gb     =11.285
  cuda_max_allocated_gb=9.804
[PROFILE batch=6]
  data_time      =0.0005s
  to_device_time =0.0041s
  forward_time   =0.4145s
  loss_time      =0.0024s
  backward_time  =0.3210s
  optimizer_time =0.0063s
  batch_time     =0.7488s
  cuda_allocated_gb    =0.206
  cuda_reserved_gb     =11.285
  cuda_max_allocated_gb=9.804
[PROFILE batch=7]
  data_time      =0.0006s
  to_device_time =0.0034s
  forward_time   =0.3370s
  loss_time      =0.0025s
  backward_time  =0.2602s
  optimizer_time =0.0062s
  batch_time     =0.6097s
  cuda_allocated_gb    =0.176
  cuda_reserved_gb     =11.285
  cuda_max_allocated_gb=9.804
[PROFILE batch=8]
  data_time      =0.0006s
  to_device_time =0.0041s
  forward_time   =0.4139s
  loss_time      =0.0042s
  backward_time  =0.3303s
  optimizer_time =0.0068s
  batch_time     =0.7599s
  cuda_allocated_gb    =0.206
  cuda_reserved_gb     =11.285
  cuda_max_allocated_gb=9.804
[PROFILE batch=9]
  data_time      =0.0005s
  to_device_time =0.0042s
  forward_time   =0.4189s
  loss_time      =0.0024s
  backward_time  =0.3170s
  optimizer_time =0.0066s
  batch_time     =0.7496s
  cuda_allocated_gb    =0.206
  cuda_reserved_gb     =11.285
  cuda_max_allocated_gb=9.804
[PROFILE batch=10]
  data_time      =0.0005s
  to_device_time =0.0041s
  forward_time   =0.4151s
  loss_time      =0.0024s
  backward_time  =0.3282s
  optimizer_time =0.0065s
  batch_time     =0.7568s
  cuda_allocated_gb    =0.207
  cuda_reserved_gb     =11.285
  cuda_max_allocated_gb=9.804
[PROFILE batch=11]
  data_time      =0.0005s
  to_device_time =0.0041s
  forward_time   =0.4139s
  loss_time      =0.0024s
  backward_time  =0.3247s
  optimizer_time =0.0065s
  batch_time     =0.7521s
  cuda_allocated_gb    =0.207
  cuda_reserved_gb     =11.285
  cuda_max_allocated_gb=9.804
[PROFILE batch=12]
  data_time      =0.0008s
  to_device_time =0.0042s
  forward_time   =0.4183s
  loss_time      =0.0024s
  backward_time  =0.3188s
  optimizer_time =0.0062s
  batch_time     =0.7506s
  cuda_allocated_gb    =0.207
  cuda_reserved_gb     =11.285
  cuda_max_allocated_gb=9.804
[PROFILE batch=13]
  data_time      =0.0004s
  to_device_time =0.0042s
  forward_time   =0.4144s
  loss_time      =0.0024s
  backward_time  =0.3192s
  optimizer_time =0.0063s
  batch_time     =0.7470s
  cuda_allocated_gb    =0.206
  cuda_reserved_gb     =11.285
  cuda_max_allocated_gb=9.804
[PROFILE batch=14]
  data_time      =0.0005s
  to_device_time =0.0042s
  forward_time   =0.4176s
  loss_time      =0.0024s
  backward_time  =0.3168s
  optimizer_time =0.0065s
  batch_time     =0.7480s
  cuda_allocated_gb    =0.207
  cuda_reserved_gb     =11.285
  cuda_max_allocated_gb=9.804
[PROFILE batch=15]
  data_time      =0.0005s
  to_device_time =0.0034s
  forward_time   =0.3363s
  loss_time      =0.0024s
  backward_time  =0.2688s
  optimizer_time =0.0062s
  batch_time     =0.6176s
  cuda_allocated_gb    =0.177
  cuda_reserved_gb     =11.285
  cuda_max_allocated_gb=9.804
[PROFILE batch=16]
  data_time      =0.0005s
  to_device_time =0.0041s
  forward_time   =0.4141s
  loss_time      =0.0024s
  backward_time  =0.3220s
  optimizer_time =0.0064s
  batch_time     =0.7495s
  cuda_allocated_gb    =0.206
  cuda_reserved_gb     =11.285
  cuda_max_allocated_gb=9.804
[PROFILE batch=17]
  data_time      =0.0005s
  to_device_time =0.0041s
  forward_time   =0.4152s
  loss_time      =0.0023s
  backward_time  =0.3203s
  optimizer_time =0.0065s
  batch_time     =0.7491s
  cuda_allocated_gb    =0.206
  cuda_reserved_gb     =11.285
  cuda_max_allocated_gb=9.804
[PROFILE batch=18]
  data_time      =0.0005s
  to_device_time =0.0042s
  forward_time   =0.4139s
  loss_time      =0.0025s
  backward_time  =0.3179s
  optimizer_time =0.0066s
  batch_time     =0.7456s
  cuda_allocated_gb    =0.206
  cuda_reserved_gb     =11.285
  cuda_max_allocated_gb=9.804
[PROFILE batch=19]
  data_time      =0.0005s
  to_device_time =0.0042s
  forward_time   =0.4191s
  loss_time      =0.0023s
  backward_time  =0.3216s
  optimizer_time =0.0063s
  batch_time     =0.7540s
  cuda_allocated_gb    =0.207
  cuda_reserved_gb     =11.285
  cuda_max_allocated_gb=9.804

[PROFILE average first 20 batches (recorded=20)]
  avg_data_time      =0.0118s
  avg_to_device_time =0.0041s
  avg_forward_time   =0.4090s
  avg_loss_time      =0.0024s
  avg_backward_time  =0.3158s
  avg_optimizer_time =0.0065s
  avg_batch_time     =0.7384s
  estimated_full_epoch_minutes=5.66

val:   0%|          | 0/57 [00:00<?, ?it/s]/usr/local/lib/python3.12/dist-packages/torch/autograd/function.py:583: UserWarning: Was asked to gather along dimension 0, but all input tensors were scalars; will instead unsqueeze and return a vector.
  return super().apply(*args, **kwargs)  # type: ignore[misc]

val:   2%|â–         | 1/57 [00:00<00:34,  1.62it/s]
val:   4%|â–Ž         | 2/57 [00:01<00:27,  2.03it/s]
val:   5%|â–Œ         | 3/57 [00:01<00:24,  2.20it/s]
val:   7%|â–‹         | 4/57 [00:01<00:23,  2.30it/s]
val:   9%|â–‰         | 5/57 [00:02<00:22,  2.36it/s]
val:  11%|â–ˆ         | 6/57 [00:02<00:21,  2.39it/s]
val:  12%|â–ˆâ–        | 7/57 [00:03<00:20,  2.42it/s]
val:  14%|â–ˆâ–        | 8/57 [00:03<00:20,  2.43it/s]
val:  16%|â–ˆâ–Œ        | 9/57 [00:03<00:19,  2.44it/s]
val:  18%|â–ˆâ–Š        | 10/57 [00:04<00:19,  2.44it/s]
                                                    
Epoch 008/015 | loss=2.5336 acc=0.1539 macro_f1=0.1430 | val_loss=2.5331 val_acc=0.1609 val_macro_f1=0.1250 | ckpt_monitor=val_macro_f1:0.1250 best_val_macro_f1=0.1250 best_epoch=8 early_val_macro_f1=0.1250 sec/batch=0.747s
          val pred_count: [282, 51, 91, 71, 117, 25, 3]
          checkpoint improvement: best_epoch=8
          early stopping monitor improved

train 9:   0%|          | 0/460 [00:00<?, ?it/s]/usr/local/lib/python3.12/dist-packages/torch/autograd/function.py:583: UserWarning: Was asked to gather along dimension 0, but all input tensors were scalars; will instead unsqueeze and return a vector.
  return super().apply(*args, **kwargs)  # type: ignore[misc]

train 9:   0%|          | 0/460 [00:01<?, ?it/s, loss=2.5383]
train 9:   0%|          | 1/460 [00:01<07:41,  1.01s/it, loss=2.5383]
train 9:   0%|          | 1/460 [00:01<07:41,  1.01s/it, loss=2.5264]
train 9:   0%|          | 2/460 [00:01<06:32,  1.17it/s, loss=2.5264]
train 9:   0%|          | 2/460 [00:02<06:32,  1.17it/s, loss=2.5359]
train 9:   1%|          | 3/460 [00:02<06:10,  1.23it/s, loss=2.5359]
train 9:   1%|          | 3/460 [00:03<06:10,  1.23it/s, loss=2.5244]
train 9:   1%|          | 4/460 [00:03<05:59,  1.27it/s, loss=2.5244]
train 9:   1%|          | 4/460 [00:04<05:59,  1.27it/s, loss=2.5233]
train 9:   1%|          | 5/460 [00:04<05:55,  1.28it/s, loss=2.5233]
train 9:   1%|          | 5/460 [00:04<05:55,  1.28it/s, loss=2.5536]
train 9:   1%|â–         | 6/460 [00:04<05:50,  1.29it/s, loss=2.5536]
train 9:   1%|â–         | 6/460 [00:05<05:50,  1.29it/s, loss=2.5457]
train 9:   2%|â–         | 7/460 [00:05<05:46,  1.31it/s, loss=2.5457]
train 9:   2%|â–         | 7/460 [00:06<05:46,  1.31it/s, loss=2.5511]
train 9:   2%|â–         | 8/460 [00:06<05:23,  1.40it/s, loss=2.5511]
train 9:   2%|â–         | 8/460 [00:06<05:23,  1.40it/s, loss=2.5423]
train 9:   2%|â–         | 9/460 [00:06<05:27,  1.38it/s, loss=2.5423]
train 9:   2%|â–         | 9/460 [00:07<05:27,  1.38it/s, loss=2.5325]
train 9:   2%|â–         | 10/460 [00:07<05:30,  1.36it/s, loss=2.5325]
train 9:   2%|â–         | 10/460 [00:08<05:30,  1.36it/s, loss=2.5458]
train 9:   2%|â–         | 11/460 [00:08<05:31,  1.35it/s, loss=2.5458]
train 9:   2%|â–         | 11/460 [00:09<05:31,  1.35it/s, loss=2.5462]
train 9:   3%|â–Ž         | 12/460 [00:09<05:32,  1.35it/s, loss=2.5462]
train 9:   3%|â–Ž         | 12/460 [00:09<05:32,  1.35it/s, loss=2.5228]
train 9:   3%|â–Ž         | 13/460 [00:09<05:33,  1.34it/s, loss=2.5228]
train 9:   3%|â–Ž         | 13/460 [00:10<05:33,  1.34it/s, loss=2.5232]
train 9:   3%|â–Ž         | 14/460 [00:10<05:32,  1.34it/s, loss=2.5232]
train 9:   3%|â–Ž         | 14/460 [00:11<05:32,  1.34it/s, loss=2.5406]
train 9:   3%|â–Ž         | 15/460 [00:11<05:33,  1.33it/s, loss=2.5406]
train 9:   3%|â–Ž         | 15/460 [00:12<05:33,  1.33it/s, loss=2.5335]
train 9:   3%|â–Ž         | 16/460 [00:12<05:15,  1.41it/s, loss=2.5335]
train 9:   3%|â–Ž         | 16/460 [00:12<05:15,  1.41it/s, loss=2.5363]
train 9:   4%|â–Ž         | 17/460 [00:12<05:19,  1.39it/s, loss=2.5363]
train 9:   4%|â–Ž         | 17/460 [00:13<05:19,  1.39it/s, loss=2.5294]
train 9:   4%|â–         | 18/460 [00:13<05:22,  1.37it/s, loss=2.5294]
train 9:   4%|â–         | 18/460 [00:14<05:22,  1.37it/s, loss=2.5275]
train 9:   4%|â–         | 19/460 [00:14<05:26,  1.35it/s, loss=2.5275]
train 9:   4%|â–         | 19/460 [00:15<05:26,  1.35it/s, loss=2.5507]
train 9:   4%|â–         | 20/460 [00:15<05:25,  1.35it/s, loss=2.5507]
train 9:   4%|â–         | 20/460 [00:15<05:25,  1.35it/s, loss=2.5474]
train 9:   5%|â–         | 21/460 [00:15<05:25,  1.35it/s, loss=2.5474]
train 9:   5%|â–         | 21/460 [00:16<05:25,  1.35it/s, loss=2.5532]
train 9:   5%|â–         | 22/460 [00:16<05:24,  1.35it/s, loss=2.5532]
train 9:   5%|â–         | 22/460 [00:17<05:24,  1.35it/s, loss=2.5164]
train 9:   5%|â–Œ         | 23/460 [00:17<05:23,  1.35it/s, loss=2.5164]
train 9:   5%|â–Œ         | 23/460 [00:17<05:23,  1.35it/s, loss=2.5516]
train 9:   5%|â–Œ         | 24/460 [00:17<05:05,  1.43it/s, loss=2.5516]
train 9:   5%|â–Œ         | 24/460 [00:18<05:05,  1.43it/s, loss=2.5150]
train 9:   5%|â–Œ         | 25/460 [00:18<05:11,  1.40it/s, loss=2.5150]
train 9:   5%|â–Œ         | 25/460 [00:19<05:11,  1.40it/s, loss=2.5262]
train 9:   6%|â–Œ         | 26/460 [00:19<05:14,  1.38it/s, loss=2.5262]
train 9:   6%|â–Œ         | 26/460 [00:20<05:14,  1.38it/s, loss=2.5493]
train 9:   6%|â–Œ         | 27/460 [00:20<05:15,  1.37it/s, loss=2.5493]
train 9:   6%|â–Œ         | 27/460 [00:20<05:15,  1.37it/s, loss=2.5341]
train 9:   6%|â–Œ         | 28/460 [00:20<05:16,  1.36it/s, loss=2.5341]
train 9:   6%|â–Œ         | 28/460 [00:21<05:16,  1.36it/s, loss=2.5237]
train 9:   6%|â–‹         | 29/460 [00:21<05:16,  1.36it/s, loss=2.5237]
train 9:   6%|â–‹         | 29/460 [00:22<05:16,  1.36it/s, loss=2.5557]
train 9:   7%|â–‹         | 30/460 [00:22<05:18,  1.35it/s, loss=2.5557]
                                                                      
[PROFILE batch=0]
  data_time      =0.2293s
  to_device_time =0.0045s
  forward_time   =0.4352s
  loss_time      =0.0014s
  backward_time  =0.3246s
  optimizer_time =0.0064s
  batch_time     =0.7745s
  cuda_allocated_gb    =0.207
  cuda_reserved_gb     =11.285
  cuda_max_allocated_gb=9.804
[PROFILE batch=1]
  data_time      =0.0005s
  to_device_time =0.0041s
  forward_time   =0.4116s
  loss_time      =0.0023s
  backward_time  =0.3243s
  optimizer_time =0.0063s
  batch_time     =0.7491s
  cuda_allocated_gb    =0.206
  cuda_reserved_gb     =11.285
  cuda_max_allocated_gb=9.804
[PROFILE batch=2]
  data_time      =0.0005s
  to_device_time =0.0042s
  forward_time   =0.4180s
  loss_time      =0.0023s
  backward_time  =0.3181s
  optimizer_time =0.0072s
  batch_time     =0.7503s
  cuda_allocated_gb    =0.207
  cuda_reserved_gb     =11.285
  cuda_max_allocated_gb=9.804
[PROFILE batch=3]
  data_time      =0.0006s
  to_device_time =0.0042s
  forward_time   =0.4198s
  loss_time      =0.0024s
  backward_time  =0.3206s
  optimizer_time =0.0068s
  batch_time     =0.7543s
  cuda_allocated_gb    =0.206
  cuda_reserved_gb     =11.285
  cuda_max_allocated_gb=9.804
[PROFILE batch=4]
  data_time      =0.0008s
  to_device_time =0.0042s
  forward_time   =0.4172s
  loss_time      =0.0026s
  backward_time  =0.3348s
  optimizer_time =0.0063s
  batch_time     =0.7657s
  cuda_allocated_gb    =0.206
  cuda_reserved_gb     =11.285
  cuda_max_allocated_gb=9.804
[PROFILE batch=5]
  data_time      =0.0006s
  to_device_time =0.0041s
  forward_time   =0.4126s
  loss_time      =0.0023s
  backward_time  =0.3240s
  optimizer_time =0.0066s
  batch_time     =0.7501s
  cuda_allocated_gb    =0.206
  cuda_reserved_gb     =11.285
  cuda_max_allocated_gb=9.804
[PROFILE batch=6]
  data_time      =0.0006s
  to_device_time =0.0041s
  forward_time   =0.4137s
  loss_time      =0.0024s
  backward_time  =0.3189s
  optimizer_time =0.0065s
  batch_time     =0.7461s
  cuda_allocated_gb    =0.206
  cuda_reserved_gb     =11.285
  cuda_max_allocated_gb=9.804
[PROFILE batch=7]
  data_time      =0.0006s
  to_device_time =0.0034s
  forward_time   =0.3366s
  loss_time      =0.0023s
  backward_time  =0.2598s
  optimizer_time =0.0063s
  batch_time     =0.6090s
  cuda_allocated_gb    =0.176
  cuda_reserved_gb     =11.285
  cuda_max_allocated_gb=9.804
[PROFILE batch=8]
  data_time      =0.0005s
  to_device_time =0.0041s
  forward_time   =0.4168s
  loss_time      =0.0024s
  backward_time  =0.3174s
  optimizer_time =0.0064s
  batch_time     =0.7477s
  cuda_allocated_gb    =0.206
  cuda_reserved_gb     =11.285
  cuda_max_allocated_gb=9.804
[PROFILE batch=9]
  data_time      =0.0005s
  to_device_time =0.0041s
  forward_time   =0.4146s
  loss_time      =0.0023s
  backward_time  =0.3182s
  optimizer_time =0.0065s
  batch_time     =0.7463s
  cuda_allocated_gb    =0.206
  cuda_reserved_gb     =11.285
  cuda_max_allocated_gb=9.804
[PROFILE batch=10]
  data_time      =0.0005s
  to_device_time =0.0041s
  forward_time   =0.4145s
  loss_time      =0.0025s
  backward_time  =0.3175s
  optimizer_time =0.0065s
  batch_time     =0.7456s
  cuda_allocated_gb    =0.207
  cuda_reserved_gb     =11.285
  cuda_max_allocated_gb=9.804
[PROFILE batch=11]
  data_time      =0.0005s
  to_device_time =0.0042s
  forward_time   =0.4150s
  loss_time      =0.0024s
  backward_time  =0.3176s
  optimizer_time =0.0065s
  batch_time     =0.7461s
  cuda_allocated_gb    =0.207
  cuda_reserved_gb     =11.285
  cuda_max_allocated_gb=9.804
[PROFILE batch=12]
  data_time      =0.0006s
  to_device_time =0.0041s
  forward_time   =0.4133s
  loss_time      =0.0024s
  backward_time  =0.3222s
  optimizer_time =0.0070s
  batch_time     =0.7495s
  cuda_allocated_gb    =0.207
  cuda_reserved_gb     =11.285
  cuda_max_allocated_gb=9.804
[PROFILE batch=13]
  data_time      =0.0006s
  to_device_time =0.0041s
  forward_time   =0.4132s
  loss_time      =0.0023s
  backward_time  =0.3174s
  optimizer_time =0.0064s
  batch_time     =0.7439s
  cuda_allocated_gb    =0.206
  cuda_reserved_gb     =11.285
  cuda_max_allocated_gb=9.804
[PROFILE batch=14]
  data_time      =0.0005s
  to_device_time =0.0041s
  forward_time   =0.4143s
  loss_time      =0.0024s
  backward_time  =0.3264s
  optimizer_time =0.0068s
  batch_time     =0.7545s
  cuda_allocated_gb    =0.207
  cuda_reserved_gb     =11.285
  cuda_max_allocated_gb=9.804
[PROFILE batch=15]
  data_time      =0.0005s
  to_device_time =0.0034s
  forward_time   =0.3369s
  loss_time      =0.0023s
  backward_time  =0.2693s
  optimizer_time =0.0061s
  batch_time     =0.6186s
  cuda_allocated_gb    =0.177
  cuda_reserved_gb     =11.285
  cuda_max_allocated_gb=9.804
[PROFILE batch=16]
  data_time      =0.0006s
  to_device_time =0.0041s
  forward_time   =0.4144s
  loss_time      =0.0024s
  backward_time  =0.3170s
  optimizer_time =0.0060s
  batch_time     =0.7444s
  cuda_allocated_gb    =0.206
  cuda_reserved_gb     =11.285
  cuda_max_allocated_gb=9.804
[PROFILE batch=17]
  data_time      =0.0005s
  to_device_time =0.0042s
  forward_time   =0.4163s
  loss_time      =0.0024s
  backward_time  =0.3156s
  optimizer_time =0.0063s
  batch_time     =0.7453s
  cuda_allocated_gb    =0.206
  cuda_reserved_gb     =11.285
  cuda_max_allocated_gb=9.804
[PROFILE batch=18]
  data_time      =0.0005s
  to_device_time =0.0042s
  forward_time   =0.4214s
  loss_time      =0.0024s
  backward_time  =0.3241s
  optimizer_time =0.0062s
  batch_time     =0.7587s
  cuda_allocated_gb    =0.206
  cuda_reserved_gb     =11.285
  cuda_max_allocated_gb=9.804
[PROFILE batch=19]
  data_time      =0.0005s
  to_device_time =0.0041s
  forward_time   =0.4119s
  loss_time      =0.0025s
  backward_time  =0.3155s
  optimizer_time =0.0065s
  batch_time     =0.7409s
  cuda_allocated_gb    =0.207
  cuda_reserved_gb     =11.285
  cuda_max_allocated_gb=9.804

[PROFILE average first 20 batches (recorded=20)]
  avg_data_time      =0.0120s
  avg_to_device_time =0.0041s
  avg_forward_time   =0.4084s
  avg_loss_time      =0.0023s
  avg_backward_time  =0.3152s
  avg_optimizer_time =0.0065s
  avg_batch_time     =0.7370s
  estimated_full_epoch_minutes=5.65

val:   0%|          | 0/57 [00:00<?, ?it/s]/usr/local/lib/python3.12/dist-packages/torch/autograd/function.py:583: UserWarning: Was asked to gather along dimension 0, but all input tensors were scalars; will instead unsqueeze and return a vector.
  return super().apply(*args, **kwargs)  # type: ignore[misc]

val:   2%|â–         | 1/57 [00:00<00:33,  1.69it/s]
val:   4%|â–Ž         | 2/57 [00:00<00:26,  2.08it/s]
val:   5%|â–Œ         | 3/57 [00:01<00:23,  2.25it/s]
val:   7%|â–‹         | 4/57 [00:01<00:22,  2.34it/s]
val:   9%|â–‰         | 5/57 [00:02<00:21,  2.40it/s]
val:  11%|â–ˆ         | 6/57 [00:02<00:20,  2.43it/s]
val:  12%|â–ˆâ–        | 7/57 [00:02<00:20,  2.46it/s]
val:  14%|â–ˆâ–        | 8/57 [00:03<00:19,  2.48it/s]
val:  16%|â–ˆâ–Œ        | 9/57 [00:03<00:19,  2.48it/s]
val:  18%|â–ˆâ–Š        | 10/57 [00:04<00:18,  2.49it/s]
                                                    
Epoch 009/015 | loss=2.5367 acc=0.1502 macro_f1=0.1391 | val_loss=2.5331 val_acc=0.1594 val_macro_f1=0.1335 | ckpt_monitor=val_macro_f1:0.1335 best_val_macro_f1=0.1335 best_epoch=9 early_val_macro_f1=0.1335 sec/batch=0.745s
          val pred_count: [158, 102, 75, 176, 87, 34, 8]
          checkpoint improvement: best_epoch=9
          early stopping monitor improved

train 10:   0%|          | 0/460 [00:00<?, ?it/s]/usr/local/lib/python3.12/dist-packages/torch/autograd/function.py:583: UserWarning: Was asked to gather along dimension 0, but all input tensors were scalars; will instead unsqueeze and return a vector.
  return super().apply(*args, **kwargs)  # type: ignore[misc]

train 10:   0%|          | 0/460 [00:01<?, ?it/s, loss=2.5164]
train 10:   0%|          | 1/460 [00:01<07:43,  1.01s/it, loss=2.5164]
train 10:   0%|          | 1/460 [00:01<07:43,  1.01s/it, loss=2.5428]
train 10:   0%|          | 2/460 [00:01<06:32,  1.17it/s, loss=2.5428]
train 10:   0%|          | 2/460 [00:02<06:32,  1.17it/s, loss=2.5281]
train 10:   1%|          | 3/460 [00:02<06:08,  1.24it/s, loss=2.5281]
train 10:   1%|          | 3/460 [00:03<06:08,  1.24it/s, loss=2.5253]
train 10:   1%|          | 4/460 [00:03<06:00,  1.26it/s, loss=2.5253]
train 10:   1%|          | 4/460 [00:04<06:00,  1.26it/s, loss=2.5505]
train 10:   1%|          | 5/460 [00:04<05:53,  1.29it/s, loss=2.5505]
train 10:   1%|          | 5/460 [00:04<05:53,  1.29it/s, loss=2.5380]
train 10:   1%|â–         | 6/460 [00:04<05:47,  1.31it/s, loss=2.5380]
train 10:   1%|â–         | 6/460 [00:05<05:47,  1.31it/s, loss=2.5380]
train 10:   2%|â–         | 7/460 [00:05<05:44,  1.32it/s, loss=2.5380]
train 10:   2%|â–         | 7/460 [00:06<05:44,  1.32it/s, loss=2.5403]
train 10:   2%|â–         | 8/460 [00:06<05:22,  1.40it/s, loss=2.5403]
train 10:   2%|â–         | 8/460 [00:06<05:22,  1.40it/s, loss=2.5424]
train 10:   2%|â–         | 9/460 [00:06<05:26,  1.38it/s, loss=2.5424]
train 10:   2%|â–         | 9/460 [00:07<05:26,  1.38it/s, loss=2.5382]
train 10:   2%|â–         | 10/460 [00:07<05:29,  1.37it/s, loss=2.5382]
train 10:   2%|â–         | 10/460 [00:08<05:29,  1.37it/s, loss=2.5183]
train 10:   2%|â–         | 11/460 [00:08<05:31,  1.35it/s, loss=2.5183]
train 10:   2%|â–         | 11/460 [00:09<05:31,  1.35it/s, loss=2.5381]
train 10:   3%|â–Ž         | 12/460 [00:09<05:32,  1.35it/s, loss=2.5381]
train 10:   3%|â–Ž         | 12/460 [00:09<05:32,  1.35it/s, loss=2.5273]
train 10:   3%|â–Ž         | 13/460 [00:09<05:32,  1.34it/s, loss=2.5273]
train 10:   3%|â–Ž         | 13/460 [00:10<05:32,  1.34it/s, loss=2.5393]
train 10:   3%|â–Ž         | 14/460 [00:10<05:32,  1.34it/s, loss=2.5393]
train 10:   3%|â–Ž         | 14/460 [00:11<05:32,  1.34it/s, loss=2.5326]
train 10:   3%|â–Ž         | 15/460 [00:11<05:32,  1.34it/s, loss=2.5326]
train 10:   3%|â–Ž         | 15/460 [00:11<05:32,  1.34it/s, loss=2.5115]
train 10:   3%|â–Ž         | 16/460 [00:11<05:14,  1.41it/s, loss=2.5115]
train 10:   3%|â–Ž         | 16/460 [00:12<05:14,  1.41it/s, loss=2.5394]
train 10:   4%|â–Ž         | 17/460 [00:12<05:20,  1.38it/s, loss=2.5394]
train 10:   4%|â–Ž         | 17/460 [00:13<05:20,  1.38it/s, loss=2.5317]
train 10:   4%|â–         | 18/460 [00:13<05:23,  1.37it/s, loss=2.5317]
train 10:   4%|â–         | 18/460 [00:14<05:23,  1.37it/s, loss=2.5351]
train 10:   4%|â–         | 19/460 [00:14<05:25,  1.36it/s, loss=2.5351]
train 10:   4%|â–         | 19/460 [00:15<05:25,  1.36it/s, loss=2.5370]
train 10:   4%|â–         | 20/460 [00:15<05:25,  1.35it/s, loss=2.5370]
train 10:   4%|â–         | 20/460 [00:15<05:25,  1.35it/s, loss=2.5314]
train 10:   5%|â–         | 21/460 [00:15<05:25,  1.35it/s, loss=2.5314]
train 10:   5%|â–         | 21/460 [00:16<05:25,  1.35it/s, loss=2.5268]
train 10:   5%|â–         | 22/460 [00:16<05:25,  1.35it/s, loss=2.5268]
train 10:   5%|â–         | 22/460 [00:17<05:25,  1.35it/s, loss=2.5357]
train 10:   5%|â–Œ         | 23/460 [00:17<05:25,  1.34it/s, loss=2.5357]
train 10:   5%|â–Œ         | 23/460 [00:17<05:25,  1.34it/s, loss=2.5313]
train 10:   5%|â–Œ         | 24/460 [00:17<05:07,  1.42it/s, loss=2.5313]
train 10:   5%|â–Œ         | 24/460 [00:18<05:07,  1.42it/s, loss=2.5496]
train 10:   5%|â–Œ         | 25/460 [00:18<05:12,  1.39it/s, loss=2.5496]
train 10:   5%|â–Œ         | 25/460 [00:19<05:12,  1.39it/s, loss=2.5235]
train 10:   6%|â–Œ         | 26/460 [00:19<05:15,  1.38it/s, loss=2.5235]
train 10:   6%|â–Œ         | 26/460 [00:20<05:15,  1.38it/s, loss=2.5283]
train 10:   6%|â–Œ         | 27/460 [00:20<05:16,  1.37it/s, loss=2.5283]
train 10:   6%|â–Œ         | 27/460 [00:20<05:16,  1.37it/s, loss=2.5279]
train 10:   6%|â–Œ         | 28/460 [00:20<05:17,  1.36it/s, loss=2.5279]
train 10:   6%|â–Œ         | 28/460 [00:21<05:17,  1.36it/s, loss=2.5321]
train 10:   6%|â–‹         | 29/460 [00:21<05:18,  1.35it/s, loss=2.5321]
train 10:   6%|â–‹         | 29/460 [00:22<05:18,  1.35it/s, loss=2.5379]
train 10:   7%|â–‹         | 30/460 [00:22<05:18,  1.35it/s, loss=2.5379]
                                                                       
[PROFILE batch=0]
  data_time      =0.2532s
  to_device_time =0.0042s
  forward_time   =0.4236s
  loss_time      =0.0018s
  backward_time  =0.3147s
  optimizer_time =0.0062s
  batch_time     =0.7545s
  cuda_allocated_gb    =0.207
  cuda_reserved_gb     =11.285
  cuda_max_allocated_gb=9.804
[PROFILE batch=1]
  data_time      =0.0004s
  to_device_time =0.0042s
  forward_time   =0.4125s
  loss_time      =0.0022s
  backward_time  =0.3180s
  optimizer_time =0.0075s
  batch_time     =0.7449s
  cuda_allocated_gb    =0.206
  cuda_reserved_gb     =11.285
  cuda_max_allocated_gb=9.804
[PROFILE batch=2]
  data_time      =0.0005s
  to_device_time =0.0041s
  forward_time   =0.4129s
  loss_time      =0.0023s
  backward_time  =0.3194s
  optimizer_time =0.0067s
  batch_time     =0.7459s
  cuda_allocated_gb    =0.207
  cuda_reserved_gb     =11.285
  cuda_max_allocated_gb=9.804
[PROFILE batch=3]
  data_time      =0.0005s
  to_device_time =0.0041s
  forward_time   =0.4177s
  loss_time      =0.0026s
  backward_time  =0.3324s
  optimizer_time =0.0070s
  batch_time     =0.7644s
  cuda_allocated_gb    =0.206
  cuda_reserved_gb     =11.285
  cuda_max_allocated_gb=9.804
[PROFILE batch=4]
  data_time      =0.0007s
  to_device_time =0.0041s
  forward_time   =0.4136s
  loss_time      =0.0024s
  backward_time  =0.3177s
  optimizer_time =0.0067s
  batch_time     =0.7450s
  cuda_allocated_gb    =0.206
  cuda_reserved_gb     =11.285
  cuda_max_allocated_gb=9.804
[PROFILE batch=5]
  data_time      =0.0005s
  to_device_time =0.0041s
  forward_time   =0.4118s
  loss_time      =0.0025s
  backward_time  =0.3181s
  optimizer_time =0.0070s
  batch_time     =0.7441s
  cuda_allocated_gb    =0.206
  cuda_reserved_gb     =11.285
  cuda_max_allocated_gb=9.804
[PROFILE batch=6]
  data_time      =0.0004s
  to_device_time =0.0041s
  forward_time   =0.4121s
  loss_time      =0.0023s
  backward_time  =0.3172s
  optimizer_time =0.0068s
  batch_time     =0.7430s
  cuda_allocated_gb    =0.206
  cuda_reserved_gb     =11.285
  cuda_max_allocated_gb=9.804
[PROFILE batch=7]
  data_time      =0.0004s
  to_device_time =0.0034s
  forward_time   =0.3377s
  loss_time      =0.0023s
  backward_time  =0.2601s
  optimizer_time =0.0068s
  batch_time     =0.6108s
  cuda_allocated_gb    =0.176
  cuda_reserved_gb     =11.285
  cuda_max_allocated_gb=9.804
[PROFILE batch=8]
  data_time      =0.0004s
  to_device_time =0.0041s
  forward_time   =0.4124s
  loss_time      =0.0025s
  backward_time  =0.3170s
  optimizer_time =0.0068s
  batch_time     =0.7433s
  cuda_allocated_gb    =0.206
  cuda_reserved_gb     =11.285
  cuda_max_allocated_gb=9.804
[PROFILE batch=9]
  data_time      =0.0005s
  to_device_time =0.0042s
  forward_time   =0.4121s
  loss_time      =0.0024s
  backward_time  =0.3197s
  optimizer_time =0.0069s
  batch_time     =0.7457s
  cuda_allocated_gb    =0.206
  cuda_reserved_gb     =11.285
  cuda_max_allocated_gb=9.804
[PROFILE batch=10]
  data_time      =0.0005s
  to_device_time =0.0042s
  forward_time   =0.4162s
  loss_time      =0.0025s
  backward_time  =0.3199s
  optimizer_time =0.0073s
  batch_time     =0.7507s
  cuda_allocated_gb    =0.207
  cuda_reserved_gb     =11.285
  cuda_max_allocated_gb=9.804
[PROFILE batch=11]
  data_time      =0.0005s
  to_device_time =0.0041s
  forward_time   =0.4137s
  loss_time      =0.0024s
  backward_time  =0.3185s
  optimizer_time =0.0070s
  batch_time     =0.7461s
  cuda_allocated_gb    =0.207
  cuda_reserved_gb     =11.285
  cuda_max_allocated_gb=9.804
[PROFILE batch=12]
  data_time      =0.0007s
  to_device_time =0.0041s
  forward_time   =0.4152s
  loss_time      =0.0027s
  backward_time  =0.3169s
  optimizer_time =0.0070s
  batch_time     =0.7464s
  cuda_allocated_gb    =0.207
  cuda_reserved_gb     =11.285
  cuda_max_allocated_gb=9.804
[PROFILE batch=13]
  data_time      =0.0006s
  to_device_time =0.0041s
  forward_time   =0.4131s
  loss_time      =0.0024s
  backward_time  =0.3167s
  optimizer_time =0.0072s
  batch_time     =0.7441s
  cuda_allocated_gb    =0.206
  cuda_reserved_gb     =11.285
  cuda_max_allocated_gb=9.804
[PROFILE batch=14]
  data_time      =0.0005s
  to_device_time =0.0042s
  forward_time   =0.4155s
  loss_time      =0.0024s
  backward_time  =0.3185s
  optimizer_time =0.0074s
  batch_time     =0.7485s
  cuda_allocated_gb    =0.207
  cuda_reserved_gb     =11.285
  cuda_max_allocated_gb=9.804
[PROFILE batch=15]
  data_time      =0.0005s
  to_device_time =0.0034s
  forward_time   =0.3370s
  loss_time      =0.0024s
  backward_time  =0.2679s
  optimizer_time =0.0068s
  batch_time     =0.6180s
  cuda_allocated_gb    =0.177
  cuda_reserved_gb     =11.285
  cuda_max_allocated_gb=9.804
[PROFILE batch=16]
  data_time      =0.0005s
  to_device_time =0.0042s
  forward_time   =0.4151s
  loss_time      =0.0026s
  backward_time  =0.3200s
  optimizer_time =0.0076s
  batch_time     =0.7500s
  cuda_allocated_gb    =0.206
  cuda_reserved_gb     =11.285
  cuda_max_allocated_gb=9.804
[PROFILE batch=17]
  data_time      =0.0005s
  to_device_time =0.0041s
  forward_time   =0.4134s
  loss_time      =0.0026s
  backward_time  =0.3206s
  optimizer_time =0.0070s
  batch_time     =0.7483s
  cuda_allocated_gb    =0.206
  cuda_reserved_gb     =11.285
  cuda_max_allocated_gb=9.804
[PROFILE batch=18]
  data_time      =0.0006s
  to_device_time =0.0041s
  forward_time   =0.4167s
  loss_time      =0.0023s
  backward_time  =0.3174s
  optimizer_time =0.0068s
  batch_time     =0.7477s
  cuda_allocated_gb    =0.206
  cuda_reserved_gb     =11.285
  cuda_max_allocated_gb=9.804
[PROFILE batch=19]
  data_time      =0.0006s
  to_device_time =0.0041s
  forward_time   =0.4138s
  loss_time      =0.0023s
  backward_time  =0.3173s
  optimizer_time =0.0068s
  batch_time     =0.7448s
  cuda_allocated_gb    =0.207
  cuda_reserved_gb     =11.285
  cuda_max_allocated_gb=9.804

[PROFILE average first 20 batches (recorded=20)]
  avg_data_time      =0.0132s
  avg_to_device_time =0.0041s
  avg_forward_time   =0.4068s
  avg_loss_time      =0.0024s
  avg_backward_time  =0.3134s
  avg_optimizer_time =0.0070s
  avg_batch_time     =0.7343s
  estimated_full_epoch_minutes=5.63

val:   0%|          | 0/57 [00:00<?, ?it/s]/usr/local/lib/python3.12/dist-packages/torch/autograd/function.py:583: UserWarning: Was asked to gather along dimension 0, but all input tensors were scalars; will instead unsqueeze and return a vector.
  return super().apply(*args, **kwargs)  # type: ignore[misc]

val:   2%|â–         | 1/57 [00:00<00:36,  1.55it/s]
val:   4%|â–Ž         | 2/57 [00:01<00:27,  1.97it/s]
val:   5%|â–Œ         | 3/57 [00:01<00:24,  2.18it/s]
val:   7%|â–‹         | 4/57 [00:01<00:23,  2.30it/s]
val:   9%|â–‰         | 5/57 [00:02<00:22,  2.36it/s]
val:  11%|â–ˆ         | 6/57 [00:02<00:21,  2.40it/s]
val:  12%|â–ˆâ–        | 7/57 [00:03<00:20,  2.43it/s]
val:  14%|â–ˆâ–        | 8/57 [00:03<00:19,  2.45it/s]
val:  16%|â–ˆâ–Œ        | 9/57 [00:03<00:19,  2.47it/s]
val:  18%|â–ˆâ–Š        | 10/57 [00:04<00:18,  2.47it/s]
                                                    
Epoch 010/015 | loss=2.5332 acc=0.1619 macro_f1=0.1504 | val_loss=2.5331 val_acc=0.1469 val_macro_f1=0.1244 | ckpt_monitor=val_macro_f1:0.1244 best_val_macro_f1=0.1335 best_epoch=9 early_val_macro_f1=0.1335 sec/batch=0.744s
          val pred_count: [203, 106, 172, 53, 53, 29, 24]
          no improvement: 1/12

train 11:   0%|          | 0/460 [00:00<?, ?it/s]/usr/local/lib/python3.12/dist-packages/torch/autograd/function.py:583: UserWarning: Was asked to gather along dimension 0, but all input tensors were scalars; will instead unsqueeze and return a vector.
  return super().apply(*args, **kwargs)  # type: ignore[misc]

train 11:   0%|          | 0/460 [00:01<?, ?it/s, loss=2.5381]
train 11:   0%|          | 1/460 [00:01<07:43,  1.01s/it, loss=2.5381]
train 11:   0%|          | 1/460 [00:01<07:43,  1.01s/it, loss=2.5305]
train 11:   0%|          | 2/460 [00:01<06:32,  1.17it/s, loss=2.5305]
train 11:   0%|          | 2/460 [00:02<06:32,  1.17it/s, loss=2.5481]
train 11:   1%|          | 3/460 [00:02<06:09,  1.24it/s, loss=2.5481]
train 11:   1%|          | 3/460 [00:03<06:09,  1.24it/s, loss=2.5222]
train 11:   1%|          | 4/460 [00:03<05:58,  1.27it/s, loss=2.5222]
train 11:   1%|          | 4/460 [00:04<05:58,  1.27it/s, loss=2.5232]
train 11:   1%|          | 5/460 [00:04<05:52,  1.29it/s, loss=2.5232]
train 11:   1%|          | 5/460 [00:04<05:52,  1.29it/s, loss=2.5280]
train 11:   1%|â–         | 6/460 [00:04<05:48,  1.30it/s, loss=2.5280]
train 11:   1%|â–         | 6/460 [00:05<05:48,  1.30it/s, loss=2.5566]
train 11:   2%|â–         | 7/460 [00:05<05:45,  1.31it/s, loss=2.5566]
train 11:   2%|â–         | 7/460 [00:06<05:45,  1.31it/s, loss=2.5556]
train 11:   2%|â–         | 8/460 [00:06<05:23,  1.40it/s, loss=2.5556]
train 11:   2%|â–         | 8/460 [00:06<05:23,  1.40it/s, loss=2.5336]
train 11:   2%|â–         | 9/460 [00:06<05:27,  1.38it/s, loss=2.5336]
train 11:   2%|â–         | 9/460 [00:07<05:27,  1.38it/s, loss=2.5410]
train 11:   2%|â–         | 10/460 [00:07<05:30,  1.36it/s, loss=2.5410]
train 11:   2%|â–         | 10/460 [00:08<05:30,  1.36it/s, loss=2.5356]
train 11:   2%|â–         | 11/460 [00:08<05:31,  1.35it/s, loss=2.5356]
train 11:   2%|â–         | 11/460 [00:09<05:31,  1.35it/s, loss=2.5356]
train 11:   3%|â–Ž         | 12/460 [00:09<05:32,  1.35it/s, loss=2.5356]
train 11:   3%|â–Ž         | 12/460 [00:09<05:32,  1.35it/s, loss=2.5281]
train 11:   3%|â–Ž         | 13/460 [00:09<05:32,  1.34it/s, loss=2.5281]
train 11:   3%|â–Ž         | 13/460 [00:10<05:32,  1.34it/s, loss=2.5404]
train 11:   3%|â–Ž         | 14/460 [00:10<05:32,  1.34it/s, loss=2.5404]
train 11:   3%|â–Ž         | 14/460 [00:11<05:32,  1.34it/s, loss=2.5407]
train 11:   3%|â–Ž         | 15/460 [00:11<05:32,  1.34it/s, loss=2.5407]
train 11:   3%|â–Ž         | 15/460 [00:12<05:32,  1.34it/s, loss=2.5435]
train 11:   3%|â–Ž         | 16/460 [00:12<05:14,  1.41it/s, loss=2.5435]
train 11:   3%|â–Ž         | 16/460 [00:12<05:14,  1.41it/s, loss=2.5609]
train 11:   4%|â–Ž         | 17/460 [00:12<05:20,  1.38it/s, loss=2.5609]
train 11:   4%|â–Ž         | 17/460 [00:13<05:20,  1.38it/s, loss=2.5333]
train 11:   4%|â–         | 18/460 [00:13<05:23,  1.37it/s, loss=2.5333]
train 11:   4%|â–         | 18/460 [00:14<05:23,  1.37it/s, loss=2.5442]
train 11:   4%|â–         | 19/460 [00:14<05:26,  1.35it/s, loss=2.5442]
train 11:   4%|â–         | 19/460 [00:15<05:26,  1.35it/s, loss=2.5294]
train 11:   4%|â–         | 20/460 [00:15<05:26,  1.35it/s, loss=2.5294]
train 11:   4%|â–         | 20/460 [00:15<05:26,  1.35it/s, loss=2.5277]
train 11:   5%|â–         | 21/460 [00:15<05:25,  1.35it/s, loss=2.5277]
train 11:   5%|â–         | 21/460 [00:16<05:25,  1.35it/s, loss=2.5592]
train 11:   5%|â–         | 22/460 [00:16<05:25,  1.34it/s, loss=2.5592]
train 11:   5%|â–         | 22/460 [00:17<05:25,  1.34it/s, loss=2.5386]
train 11:   5%|â–Œ         | 23/460 [00:17<05:25,  1.34it/s, loss=2.5386]
train 11:   5%|â–Œ         | 23/460 [00:17<05:25,  1.34it/s, loss=2.5269]
train 11:   5%|â–Œ         | 24/460 [00:17<05:07,  1.42it/s, loss=2.5269]
train 11:   5%|â–Œ         | 24/460 [00:18<05:07,  1.42it/s, loss=2.5342]
train 11:   5%|â–Œ         | 25/460 [00:18<05:12,  1.39it/s, loss=2.5342]
train 11:   5%|â–Œ         | 25/460 [00:19<05:12,  1.39it/s, loss=2.5377]
train 11:   6%|â–Œ         | 26/460 [00:19<05:15,  1.37it/s, loss=2.5377]
train 11:   6%|â–Œ         | 26/460 [00:20<05:15,  1.37it/s, loss=2.5436]
train 11:   6%|â–Œ         | 27/460 [00:20<05:17,  1.36it/s, loss=2.5436]
train 11:   6%|â–Œ         | 27/460 [00:20<05:17,  1.36it/s, loss=2.5390]
train 11:   6%|â–Œ         | 28/460 [00:20<04:16,  1.68it/s, loss=2.5390]
train 11:   6%|â–Œ         | 28/460 [00:21<04:16,  1.68it/s, loss=2.5341]
train 11:   6%|â–‹         | 29/460 [00:21<04:36,  1.56it/s, loss=2.5341]
train 11:   6%|â–‹         | 29/460 [00:21<04:36,  1.56it/s, loss=2.5232]
train 11:   7%|â–‹         | 30/460 [00:21<04:49,  1.49it/s, loss=2.5232]
                                                                       
[PROFILE batch=0]
  data_time      =0.2339s
  to_device_time =0.0044s
  forward_time   =0.4426s
  loss_time      =0.0013s
  backward_time  =0.3171s
  optimizer_time =0.0063s
  batch_time     =0.7734s
  cuda_allocated_gb    =0.207
  cuda_reserved_gb     =11.285
  cuda_max_allocated_gb=9.804
[PROFILE batch=1]
  data_time      =0.0005s
  to_device_time =0.0041s
  forward_time   =0.4139s
  loss_time      =0.0022s
  backward_time  =0.3176s
  optimizer_time =0.0071s
  batch_time     =0.7456s
  cuda_allocated_gb    =0.206
  cuda_reserved_gb     =11.285
  cuda_max_allocated_gb=9.804
[PROFILE batch=2]
  data_time      =0.0005s
  to_device_time =0.0041s
  forward_time   =0.4152s
  loss_time      =0.0023s
  backward_time  =0.3171s
  optimizer_time =0.0068s
  batch_time     =0.7461s
  cuda_allocated_gb    =0.207
  cuda_reserved_gb     =11.285
  cuda_max_allocated_gb=9.804
[PROFILE batch=3]
  data_time      =0.0005s
  to_device_time =0.0042s
  forward_time   =0.4166s
  loss_time      =0.0024s
  backward_time  =0.3170s
  optimizer_time =0.0080s
  batch_time     =0.7488s
  cuda_allocated_gb    =0.206
  cuda_reserved_gb     =11.285
  cuda_max_allocated_gb=9.804
[PROFILE batch=4]
  data_time      =0.0008s
  to_device_time =0.0042s
  forward_time   =0.4174s
  loss_time      =0.0023s
  backward_time  =0.3217s
  optimizer_time =0.0071s
  batch_time     =0.7532s
  cuda_allocated_gb    =0.206
  cuda_reserved_gb     =11.285
  cuda_max_allocated_gb=9.804
[PROFILE batch=5]
  data_time      =0.0005s
  to_device_time =0.0041s
  forward_time   =0.4127s
  loss_time      =0.0023s
  backward_time  =0.3211s
  optimizer_time =0.0067s
  batch_time     =0.7473s
  cuda_allocated_gb    =0.206
  cuda_reserved_gb     =11.285
  cuda_max_allocated_gb=9.804
[PROFILE batch=6]
  data_time      =0.0005s
  to_device_time =0.0041s
  forward_time   =0.4109s
  loss_time      =0.0024s
  backward_time  =0.3221s
  optimizer_time =0.0068s
  batch_time     =0.7468s
  cuda_allocated_gb    =0.206
  cuda_reserved_gb     =11.285
  cuda_max_allocated_gb=9.804
[PROFILE batch=7]
  data_time      =0.0005s
  to_device_time =0.0034s
  forward_time   =0.3349s
  loss_time      =0.0024s
  backward_time  =0.2624s
  optimizer_time =0.0069s
  batch_time     =0.6105s
  cuda_allocated_gb    =0.176
  cuda_reserved_gb     =11.285
  cuda_max_allocated_gb=9.804
[PROFILE batch=8]
  data_time      =0.0006s
  to_device_time =0.0041s
  forward_time   =0.4160s
  loss_time      =0.0023s
  backward_time  =0.3170s
  optimizer_time =0.0068s
  batch_time     =0.7468s
  cuda_allocated_gb    =0.206
  cuda_reserved_gb     =11.285
  cuda_max_allocated_gb=9.804
[PROFILE batch=9]
  data_time      =0.0005s
  to_device_time =0.0041s
  forward_time   =0.4156s
  loss_time      =0.0024s
  backward_time  =0.3176s
  optimizer_time =0.0070s
  batch_time     =0.7471s
  cuda_allocated_gb    =0.206
  cuda_reserved_gb     =11.285
  cuda_max_allocated_gb=9.804
[PROFILE batch=10]
  data_time      =0.0006s
  to_device_time =0.0041s
  forward_time   =0.4148s
  loss_time      =0.0025s
  backward_time  =0.3180s
  optimizer_time =0.0069s
  batch_time     =0.7467s
  cuda_allocated_gb    =0.207
  cuda_reserved_gb     =11.285
  cuda_max_allocated_gb=9.804
[PROFILE batch=11]
  data_time      =0.0005s
  to_device_time =0.0041s
  forward_time   =0.4154s
  loss_time      =0.0024s
  backward_time  =0.3177s
  optimizer_time =0.0068s
  batch_time     =0.7469s
  cuda_allocated_gb    =0.207
  cuda_reserved_gb     =11.285
  cuda_max_allocated_gb=9.804
[PROFILE batch=12]
  data_time      =0.0006s
  to_device_time =0.0041s
  forward_time   =0.4133s
  loss_time      =0.0023s
  backward_time  =0.3191s
  optimizer_time =0.0067s
  batch_time     =0.7459s
  cuda_allocated_gb    =0.207
  cuda_reserved_gb     =11.285
  cuda_max_allocated_gb=9.804
[PROFILE batch=13]
  data_time      =0.0005s
  to_device_time =0.0041s
  forward_time   =0.4155s
  loss_time      =0.0026s
  backward_time  =0.3182s
  optimizer_time =0.0065s
  batch_time     =0.7474s
  cuda_allocated_gb    =0.206
  cuda_reserved_gb     =11.285
  cuda_max_allocated_gb=9.804
[PROFILE batch=14]
  data_time      =0.0005s
  to_device_time =0.0041s
  forward_time   =0.4152s
  loss_time      =0.0023s
  backward_time  =0.3186s
  optimizer_time =0.0066s
  batch_time     =0.7472s
  cuda_allocated_gb    =0.207
  cuda_reserved_gb     =11.285
  cuda_max_allocated_gb=9.804
[PROFILE batch=15]
  data_time      =0.0005s
  to_device_time =0.0034s
  forward_time   =0.3370s
  loss_time      =0.0027s
  backward_time  =0.2669s
  optimizer_time =0.0068s
  batch_time     =0.6173s
  cuda_allocated_gb    =0.177
  cuda_reserved_gb     =11.285
  cuda_max_allocated_gb=9.804
[PROFILE batch=16]
  data_time      =0.0005s
  to_device_time =0.0041s
  forward_time   =0.4142s
  loss_time      =0.0023s
  backward_time  =0.3224s
  optimizer_time =0.0067s
  batch_time     =0.7501s
  cuda_allocated_gb    =0.206
  cuda_reserved_gb     =11.285
  cuda_max_allocated_gb=9.804
[PROFILE batch=17]
  data_time      =0.0005s
  to_device_time =0.0042s
  forward_time   =0.4154s
  loss_time      =0.0023s
  backward_time  =0.3214s
  optimizer_time =0.0064s
  batch_time     =0.7502s
  cuda_allocated_gb    =0.206
  cuda_reserved_gb     =11.285
  cuda_max_allocated_gb=9.804
[PROFILE batch=18]
  data_time      =0.0005s
  to_device_time =0.0042s
  forward_time   =0.4182s
  loss_time      =0.0025s
  backward_time  =0.3224s
  optimizer_time =0.0068s
  batch_time     =0.7547s
  cuda_allocated_gb    =0.206
  cuda_reserved_gb     =11.285
  cuda_max_allocated_gb=9.804
[PROFILE batch=19]
  data_time      =0.0004s
  to_device_time =0.0041s
  forward_time   =0.4128s
  loss_time      =0.0025s
  backward_time  =0.3198s
  optimizer_time =0.0071s
  batch_time     =0.7467s
  cuda_allocated_gb    =0.207
  cuda_reserved_gb     =11.285
  cuda_max_allocated_gb=9.804

[PROFILE average first 20 batches (recorded=20)]
  avg_data_time      =0.0122s
  avg_to_device_time =0.0041s
  avg_forward_time   =0.4084s
  avg_loss_time      =0.0023s
  avg_backward_time  =0.3138s
  avg_optimizer_time =0.0068s
  avg_batch_time     =0.7359s
  estimated_full_epoch_minutes=5.64

val:   0%|          | 0/57 [00:00<?, ?it/s]/usr/local/lib/python3.12/dist-packages/torch/autograd/function.py:583: UserWarning: Was asked to gather along dimension 0, but all input tensors were scalars; will instead unsqueeze and return a vector.
  return super().apply(*args, **kwargs)  # type: ignore[misc]

val:   2%|â–         | 1/57 [00:00<00:34,  1.61it/s]
val:   4%|â–Ž         | 2/57 [00:01<00:27,  2.03it/s]
val:   5%|â–Œ         | 3/57 [00:01<00:24,  2.21it/s]
val:   7%|â–‹         | 4/57 [00:01<00:23,  2.30it/s]
val:   9%|â–‰         | 5/57 [00:02<00:22,  2.36it/s]
val:  11%|â–ˆ         | 6/57 [00:02<00:21,  2.40it/s]
val:  12%|â–ˆâ–        | 7/57 [00:03<00:20,  2.43it/s]
val:  14%|â–ˆâ–        | 8/57 [00:03<00:19,  2.45it/s]
val:  16%|â–ˆâ–Œ        | 9/57 [00:03<00:19,  2.47it/s]
val:  18%|â–ˆâ–Š        | 10/57 [00:04<00:19,  2.47it/s]
                                                    
Epoch 011/015 | loss=2.5378 acc=0.1546 macro_f1=0.1445 | val_loss=2.5331 val_acc=0.1437 val_macro_f1=0.1245 | ckpt_monitor=val_macro_f1:0.1245 best_val_macro_f1=0.1335 best_epoch=9 early_val_macro_f1=0.1335 sec/batch=0.730s
          val pred_count: [170, 131, 109, 87, 81, 51, 11]
          no improvement: 2/12

train 12:   0%|          | 0/460 [00:00<?, ?it/s]/usr/local/lib/python3.12/dist-packages/torch/autograd/function.py:583: UserWarning: Was asked to gather along dimension 0, but all input tensors were scalars; will instead unsqueeze and return a vector.
  return super().apply(*args, **kwargs)  # type: ignore[misc]

train 12:   0%|          | 0/460 [00:01<?, ?it/s, loss=2.5436]
train 12:   0%|          | 1/460 [00:01<07:52,  1.03s/it, loss=2.5436]
train 12:   0%|          | 1/460 [00:01<07:52,  1.03s/it, loss=2.5386]
train 12:   0%|          | 2/460 [00:01<06:35,  1.16it/s, loss=2.5386]
train 12:   0%|          | 2/460 [00:02<06:35,  1.16it/s, loss=2.5377]
train 12:   1%|          | 3/460 [00:02<06:11,  1.23it/s, loss=2.5377]
train 12:   1%|          | 3/460 [00:03<06:11,  1.23it/s, loss=2.5379]
train 12:   1%|          | 4/460 [00:03<05:59,  1.27it/s, loss=2.5379]
train 12:   1%|          | 4/460 [00:04<05:59,  1.27it/s, loss=2.5318]
train 12:   1%|          | 5/460 [00:04<05:53,  1.29it/s, loss=2.5318]
train 12:   1%|          | 5/460 [00:04<05:53,  1.29it/s, loss=2.5409]
train 12:   1%|â–         | 6/460 [00:04<05:49,  1.30it/s, loss=2.5409]
train 12:   1%|â–         | 6/460 [00:05<05:49,  1.30it/s, loss=2.5456]
train 12:   2%|â–         | 7/460 [00:05<05:46,  1.31it/s, loss=2.5456]
train 12:   2%|â–         | 7/460 [00:06<05:46,  1.31it/s, loss=2.5428]
train 12:   2%|â–         | 8/460 [00:06<05:24,  1.39it/s, loss=2.5428]
train 12:   2%|â–         | 8/460 [00:06<05:24,  1.39it/s, loss=2.5462]
train 12:   2%|â–         | 9/460 [00:06<05:30,  1.37it/s, loss=2.5462]
train 12:   2%|â–         | 9/460 [00:07<05:30,  1.37it/s, loss=2.5323]
train 12:   2%|â–         | 10/460 [00:07<05:32,  1.35it/s, loss=2.5323]
train 12:   2%|â–         | 10/460 [00:08<05:32,  1.35it/s, loss=2.5322]
train 12:   2%|â–         | 11/460 [00:08<05:33,  1.35it/s, loss=2.5322]
train 12:   2%|â–         | 11/460 [00:09<05:33,  1.35it/s, loss=2.5159]
train 12:   3%|â–Ž         | 12/460 [00:09<05:34,  1.34it/s, loss=2.5159]
train 12:   3%|â–Ž         | 12/460 [00:09<05:34,  1.34it/s, loss=2.5468]
train 12:   3%|â–Ž         | 13/460 [00:09<05:34,  1.34it/s, loss=2.5468]
train 12:   3%|â–Ž         | 13/460 [00:10<05:34,  1.34it/s, loss=2.5209]
train 12:   3%|â–Ž         | 14/460 [00:10<05:37,  1.32it/s, loss=2.5209]
train 12:   3%|â–Ž         | 14/460 [00:11<05:37,  1.32it/s, loss=2.5252]
train 12:   3%|â–Ž         | 15/460 [00:11<05:36,  1.32it/s, loss=2.5252]
train 12:   3%|â–Ž         | 15/460 [00:12<05:36,  1.32it/s, loss=2.5287]
train 12:   3%|â–Ž         | 16/460 [00:12<05:17,  1.40it/s, loss=2.5287]
train 12:   3%|â–Ž         | 16/460 [00:12<05:17,  1.40it/s, loss=2.5367]
train 12:   4%|â–Ž         | 17/460 [00:12<05:22,  1.37it/s, loss=2.5367]
train 12:   4%|â–Ž         | 17/460 [00:13<05:22,  1.37it/s, loss=2.5435]
train 12:   4%|â–         | 18/460 [00:13<05:25,  1.36it/s, loss=2.5435]
train 12:   4%|â–         | 18/460 [00:14<05:25,  1.36it/s, loss=2.5434]
train 12:   4%|â–         | 19/460 [00:14<05:26,  1.35it/s, loss=2.5434]
train 12:   4%|â–         | 19/460 [00:15<05:26,  1.35it/s, loss=2.5166]
train 12:   4%|â–         | 20/460 [00:15<05:28,  1.34it/s, loss=2.5166]
train 12:   4%|â–         | 20/460 [00:15<05:28,  1.34it/s, loss=2.5333]
train 12:   5%|â–         | 21/460 [00:15<05:27,  1.34it/s, loss=2.5333]
train 12:   5%|â–         | 21/460 [00:16<05:27,  1.34it/s, loss=2.5447]
train 12:   5%|â–         | 22/460 [00:16<05:27,  1.34it/s, loss=2.5447]
train 12:   5%|â–         | 22/460 [00:17<05:27,  1.34it/s, loss=2.5408]
train 12:   5%|â–Œ         | 23/460 [00:17<05:26,  1.34it/s, loss=2.5408]
train 12:   5%|â–Œ         | 23/460 [00:17<05:26,  1.34it/s, loss=2.5346]
train 12:   5%|â–Œ         | 24/460 [00:17<05:08,  1.41it/s, loss=2.5346]
train 12:   5%|â–Œ         | 24/460 [00:18<05:08,  1.41it/s, loss=2.5437]
train 12:   5%|â–Œ         | 25/460 [00:18<05:12,  1.39it/s, loss=2.5437]
train 12:   5%|â–Œ         | 25/460 [00:19<05:12,  1.39it/s, loss=2.5396]
train 12:   6%|â–Œ         | 26/460 [00:19<05:16,  1.37it/s, loss=2.5396]
train 12:   6%|â–Œ         | 26/460 [00:20<05:16,  1.37it/s, loss=2.5167]
train 12:   6%|â–Œ         | 27/460 [00:20<05:17,  1.36it/s, loss=2.5167]
train 12:   6%|â–Œ         | 27/460 [00:20<05:17,  1.36it/s, loss=2.5378]
train 12:   6%|â–Œ         | 28/460 [00:20<05:20,  1.35it/s, loss=2.5378]
train 12:   6%|â–Œ         | 28/460 [00:21<05:20,  1.35it/s, loss=2.5389]
train 12:   6%|â–‹         | 29/460 [00:21<05:20,  1.35it/s, loss=2.5389]
train 12:   6%|â–‹         | 29/460 [00:22<05:20,  1.35it/s, loss=2.5578]
train 12:   7%|â–‹         | 30/460 [00:22<05:19,  1.34it/s, loss=2.5578]
                                                                       
[PROFILE batch=0]
  data_time      =0.2487s
  to_device_time =0.0042s
  forward_time   =0.4367s
  loss_time      =0.0013s
  backward_time  =0.3269s
  optimizer_time =0.0067s
  batch_time     =0.7772s
  cuda_allocated_gb    =0.207
  cuda_reserved_gb     =11.285
  cuda_max_allocated_gb=9.804
[PROFILE batch=1]
  data_time      =0.0006s
  to_device_time =0.0042s
  forward_time   =0.4131s
  loss_time      =0.0022s
  backward_time  =0.3184s
  optimizer_time =0.0071s
  batch_time     =0.7454s
  cuda_allocated_gb    =0.206
  cuda_reserved_gb     =11.285
  cuda_max_allocated_gb=9.804
[PROFILE batch=2]
  data_time      =0.0005s
  to_device_time =0.0041s
  forward_time   =0.4141s
  loss_time      =0.0022s
  backward_time  =0.3185s
  optimizer_time =0.0072s
  batch_time     =0.7466s
  cuda_allocated_gb    =0.207
  cuda_reserved_gb     =11.285
  cuda_max_allocated_gb=9.804
[PROFILE batch=3]
  data_time      =0.0006s
  to_device_time =0.0042s
  forward_time   =0.4141s
  loss_time      =0.0026s
  backward_time  =0.3198s
  optimizer_time =0.0073s
  batch_time     =0.7484s
  cuda_allocated_gb    =0.206
  cuda_reserved_gb     =11.285
  cuda_max_allocated_gb=9.804
[PROFILE batch=4]
  data_time      =0.0007s
  to_device_time =0.0042s
  forward_time   =0.4191s
  loss_time      =0.0023s
  backward_time  =0.3220s
  optimizer_time =0.0072s
  batch_time     =0.7554s
  cuda_allocated_gb    =0.206
  cuda_reserved_gb     =11.285
  cuda_max_allocated_gb=9.804
[PROFILE batch=5]
  data_time      =0.0005s
  to_device_time =0.0041s
  forward_time   =0.4141s
  loss_time      =0.0024s
  backward_time  =0.3236s
  optimizer_time =0.0079s
  batch_time     =0.7525s
  cuda_allocated_gb    =0.206
  cuda_reserved_gb     =11.285
  cuda_max_allocated_gb=9.804
[PROFILE batch=6]
  data_time      =0.0005s
  to_device_time =0.0042s
  forward_time   =0.4174s
  loss_time      =0.0026s
  backward_time  =0.3209s
  optimizer_time =0.0072s
  batch_time     =0.7528s
  cuda_allocated_gb    =0.206
  cuda_reserved_gb     =11.285
  cuda_max_allocated_gb=9.804
[PROFILE batch=7]
  data_time      =0.0005s
  to_device_time =0.0034s
  forward_time   =0.3361s
  loss_time      =0.0026s
  backward_time  =0.2636s
  optimizer_time =0.0066s
  batch_time     =0.6127s
  cuda_allocated_gb    =0.176
  cuda_reserved_gb     =11.285
  cuda_max_allocated_gb=9.804
[PROFILE batch=8]
  data_time      =0.0005s
  to_device_time =0.0042s
  forward_time   =0.4146s
  loss_time      =0.0023s
  backward_time  =0.3302s
  optimizer_time =0.0085s
  batch_time     =0.7602s
  cuda_allocated_gb    =0.206
  cuda_reserved_gb     =11.285
  cuda_max_allocated_gb=9.804
[PROFILE batch=9]
  data_time      =0.0005s
  to_device_time =0.0042s
  forward_time   =0.4191s
  loss_time      =0.0025s
  backward_time  =0.3187s
  optimizer_time =0.0067s
  batch_time     =0.7518s
  cuda_allocated_gb    =0.206
  cuda_reserved_gb     =11.285
  cuda_max_allocated_gb=9.804
[PROFILE batch=10]
  data_time      =0.0005s
  to_device_time =0.0041s
  forward_time   =0.4154s
  loss_time      =0.0023s
  backward_time  =0.3196s
  optimizer_time =0.0066s
  batch_time     =0.7486s
  cuda_allocated_gb    =0.207
  cuda_reserved_gb     =11.285
  cuda_max_allocated_gb=9.804
[PROFILE batch=11]
  data_time      =0.0005s
  to_device_time =0.0042s
  forward_time   =0.4185s
  loss_time      =0.0024s
  backward_time  =0.3214s
  optimizer_time =0.0068s
  batch_time     =0.7538s
  cuda_allocated_gb    =0.207
  cuda_reserved_gb     =11.285
  cuda_max_allocated_gb=9.804
[PROFILE batch=12]
  data_time      =0.0008s
  to_device_time =0.0042s
  forward_time   =0.4124s
  loss_time      =0.0023s
  backward_time  =0.3171s
  optimizer_time =0.0099s
  batch_time     =0.7463s
  cuda_allocated_gb    =0.207
  cuda_reserved_gb     =11.285
  cuda_max_allocated_gb=9.804
[PROFILE batch=13]
  data_time      =0.0009s
  to_device_time =0.0042s
  forward_time   =0.4331s
  loss_time      =0.0024s
  backward_time  =0.3222s
  optimizer_time =0.0068s
  batch_time     =0.7693s
  cuda_allocated_gb    =0.206
  cuda_reserved_gb     =11.285
  cuda_max_allocated_gb=9.804
[PROFILE batch=14]
  data_time      =0.0005s
  to_device_time =0.0042s
  forward_time   =0.4148s
  loss_time      =0.0024s
  backward_time  =0.3209s
  optimizer_time =0.0076s
  batch_time     =0.7504s
  cuda_allocated_gb    =0.207
  cuda_reserved_gb     =11.285
  cuda_max_allocated_gb=9.804
[PROFILE batch=15]
  data_time      =0.0005s
  to_device_time =0.0034s
  forward_time   =0.3405s
  loss_time      =0.0024s
  backward_time  =0.2645s
  optimizer_time =0.0075s
  batch_time     =0.6189s
  cuda_allocated_gb    =0.177
  cuda_reserved_gb     =11.285
  cuda_max_allocated_gb=9.804
[PROFILE batch=16]
  data_time      =0.0006s
  to_device_time =0.0041s
  forward_time   =0.4170s
  loss_time      =0.0024s
  backward_time  =0.3241s
  optimizer_time =0.0075s
  batch_time     =0.7557s
  cuda_allocated_gb    =0.206
  cuda_reserved_gb     =11.285
  cuda_max_allocated_gb=9.804
[PROFILE batch=17]
  data_time      =0.0005s
  to_device_time =0.0042s
  forward_time   =0.4160s
  loss_time      =0.0023s
  backward_time  =0.3196s
  optimizer_time =0.0074s
  batch_time     =0.7501s
  cuda_allocated_gb    =0.206
  cuda_reserved_gb     =11.285
  cuda_max_allocated_gb=9.804
[PROFILE batch=18]
  data_time      =0.0005s
  to_device_time =0.0041s
  forward_time   =0.4149s
  loss_time      =0.0024s
  backward_time  =0.3181s
  optimizer_time =0.0074s
  batch_time     =0.7475s
  cuda_allocated_gb    =0.206
  cuda_reserved_gb     =11.285
  cuda_max_allocated_gb=9.804
[PROFILE batch=19]
  data_time      =0.0005s
  to_device_time =0.0042s
  forward_time   =0.4187s
  loss_time      =0.0023s
  backward_time  =0.3280s
  optimizer_time =0.0070s
  batch_time     =0.7608s
  cuda_allocated_gb    =0.207
  cuda_reserved_gb     =11.285
  cuda_max_allocated_gb=9.804

[PROFILE average first 20 batches (recorded=20)]
  avg_data_time      =0.0130s
  avg_to_device_time =0.0041s
  avg_forward_time   =0.4100s
  avg_loss_time      =0.0023s
  avg_backward_time  =0.3159s
  avg_optimizer_time =0.0073s
  avg_batch_time     =0.7402s
  estimated_full_epoch_minutes=5.68

val:   0%|          | 0/57 [00:00<?, ?it/s]/usr/local/lib/python3.12/dist-packages/torch/autograd/function.py:583: UserWarning: Was asked to gather along dimension 0, but all input tensors were scalars; will instead unsqueeze and return a vector.
  return super().apply(*args, **kwargs)  # type: ignore[misc]

val:   2%|â–         | 1/57 [00:00<00:35,  1.59it/s]
val:   4%|â–Ž         | 2/57 [00:01<00:27,  2.01it/s]
val:   5%|â–Œ         | 3/57 [00:01<00:24,  2.21it/s]
val:   7%|â–‹         | 4/57 [00:01<00:22,  2.31it/s]
val:   9%|â–‰         | 5/57 [00:02<00:21,  2.38it/s]
val:  11%|â–ˆ         | 6/57 [00:02<00:21,  2.42it/s]
val:  12%|â–ˆâ–        | 7/57 [00:03<00:20,  2.44it/s]
val:  14%|â–ˆâ–        | 8/57 [00:03<00:19,  2.46it/s]
val:  16%|â–ˆâ–Œ        | 9/57 [00:03<00:19,  2.47it/s]
val:  18%|â–ˆâ–Š        | 10/57 [00:04<00:18,  2.48it/s]
                                                    
Epoch 012/015 | loss=2.5365 acc=0.1428 macro_f1=0.1314 | val_loss=2.5331 val_acc=0.1266 val_macro_f1=0.1165 | ckpt_monitor=val_macro_f1:0.1165 best_val_macro_f1=0.1335 best_epoch=9 early_val_macro_f1=0.1335 sec/batch=0.749s
          val pred_count: [203, 104, 97, 63, 53, 53, 67]
          no improvement: 3/12

train 13:   0%|          | 0/460 [00:00<?, ?it/s]/usr/local/lib/python3.12/dist-packages/torch/autograd/function.py:583: UserWarning: Was asked to gather along dimension 0, but all input tensors were scalars; will instead unsqueeze and return a vector.
  return super().apply(*args, **kwargs)  # type: ignore[misc]

train 13:   0%|          | 0/460 [00:01<?, ?it/s, loss=2.5429]
train 13:   0%|          | 1/460 [00:01<09:02,  1.18s/it, loss=2.5429]
train 13:   0%|          | 1/460 [00:01<09:02,  1.18s/it, loss=2.5313]
train 13:   0%|          | 2/460 [00:01<07:05,  1.08it/s, loss=2.5313]
train 13:   0%|          | 2/460 [00:02<07:05,  1.08it/s, loss=2.5287]
train 13:   1%|          | 3/460 [00:02<06:27,  1.18it/s, loss=2.5287]
train 13:   1%|          | 3/460 [00:03<06:27,  1.18it/s, loss=2.5431]
train 13:   1%|          | 4/460 [00:03<06:08,  1.24it/s, loss=2.5431]
train 13:   1%|          | 4/460 [00:04<06:08,  1.24it/s, loss=2.5355]
train 13:   1%|          | 5/460 [00:04<05:59,  1.27it/s, loss=2.5355]
train 13:   1%|          | 5/460 [00:04<05:59,  1.27it/s, loss=2.5103]
train 13:   1%|â–         | 6/460 [00:04<05:53,  1.29it/s, loss=2.5103]
train 13:   1%|â–         | 6/460 [00:05<05:53,  1.29it/s, loss=2.5427]
train 13:   2%|â–         | 7/460 [00:05<05:48,  1.30it/s, loss=2.5427]
train 13:   2%|â–         | 7/460 [00:06<05:48,  1.30it/s, loss=2.5190]
train 13:   2%|â–         | 8/460 [00:06<05:26,  1.38it/s, loss=2.5190]
train 13:   2%|â–         | 8/460 [00:07<05:26,  1.38it/s, loss=2.5320]
train 13:   2%|â–         | 9/460 [00:07<05:29,  1.37it/s, loss=2.5320]
train 13:   2%|â–         | 9/460 [00:07<05:29,  1.37it/s, loss=2.5414]
train 13:   2%|â–         | 10/460 [00:07<05:31,  1.36it/s, loss=2.5414]
train 13:   2%|â–         | 10/460 [00:08<05:31,  1.36it/s, loss=2.5296]
train 13:   2%|â–         | 11/460 [00:08<05:32,  1.35it/s, loss=2.5296]
train 13:   2%|â–         | 11/460 [00:09<05:32,  1.35it/s, loss=2.5399]
train 13:   3%|â–Ž         | 12/460 [00:09<05:33,  1.34it/s, loss=2.5399]
train 13:   3%|â–Ž         | 12/460 [00:10<05:33,  1.34it/s, loss=2.5177]
train 13:   3%|â–Ž         | 13/460 [00:10<05:33,  1.34it/s, loss=2.5177]
train 13:   3%|â–Ž         | 13/460 [00:10<05:33,  1.34it/s, loss=2.5274]
train 13:   3%|â–Ž         | 14/460 [00:10<05:34,  1.33it/s, loss=2.5274]
train 13:   3%|â–Ž         | 14/460 [00:11<05:34,  1.33it/s, loss=2.5361]
train 13:   3%|â–Ž         | 15/460 [00:11<05:33,  1.33it/s, loss=2.5361]
train 13:   3%|â–Ž         | 15/460 [00:12<05:33,  1.33it/s, loss=2.5659]
train 13:   3%|â–Ž         | 16/460 [00:12<05:15,  1.41it/s, loss=2.5659]
train 13:   3%|â–Ž         | 16/460 [00:12<05:15,  1.41it/s, loss=2.5458]
train 13:   4%|â–Ž         | 17/460 [00:12<05:19,  1.39it/s, loss=2.5458]
train 13:   4%|â–Ž         | 17/460 [00:13<05:19,  1.39it/s, loss=2.5437]
train 13:   4%|â–         | 18/460 [00:13<05:22,  1.37it/s, loss=2.5437]
train 13:   4%|â–         | 18/460 [00:14<05:22,  1.37it/s, loss=2.5321]
train 13:   4%|â–         | 19/460 [00:14<05:24,  1.36it/s, loss=2.5321]
train 13:   4%|â–         | 19/460 [00:15<05:24,  1.36it/s, loss=2.5413]
train 13:   4%|â–         | 20/460 [00:15<05:25,  1.35it/s, loss=2.5413]
train 13:   4%|â–         | 20/460 [00:15<05:25,  1.35it/s, loss=2.5464]
train 13:   5%|â–         | 21/460 [00:15<05:25,  1.35it/s, loss=2.5464]
train 13:   5%|â–         | 21/460 [00:16<05:25,  1.35it/s, loss=2.5459]
train 13:   5%|â–         | 22/460 [00:16<05:25,  1.34it/s, loss=2.5459]
train 13:   5%|â–         | 22/460 [00:17<05:25,  1.34it/s, loss=2.5369]
train 13:   5%|â–Œ         | 23/460 [00:17<05:25,  1.34it/s, loss=2.5369]
train 13:   5%|â–Œ         | 23/460 [00:18<05:25,  1.34it/s, loss=2.5367]
train 13:   5%|â–Œ         | 24/460 [00:18<05:07,  1.42it/s, loss=2.5367]
train 13:   5%|â–Œ         | 24/460 [00:18<05:07,  1.42it/s, loss=2.5418]
train 13:   5%|â–Œ         | 25/460 [00:18<05:12,  1.39it/s, loss=2.5418]
train 13:   5%|â–Œ         | 25/460 [00:19<05:12,  1.39it/s, loss=2.5404]
train 13:   6%|â–Œ         | 26/460 [00:19<05:15,  1.38it/s, loss=2.5404]
train 13:   6%|â–Œ         | 26/460 [00:20<05:15,  1.38it/s, loss=2.5527]
train 13:   6%|â–Œ         | 27/460 [00:20<05:16,  1.37it/s, loss=2.5527]
train 13:   6%|â–Œ         | 27/460 [00:21<05:16,  1.37it/s, loss=2.5272]
train 13:   6%|â–Œ         | 28/460 [00:21<05:17,  1.36it/s, loss=2.5272]
train 13:   6%|â–Œ         | 28/460 [00:21<05:17,  1.36it/s, loss=2.5264]
train 13:   6%|â–‹         | 29/460 [00:21<05:17,  1.36it/s, loss=2.5264]
train 13:   6%|â–‹         | 29/460 [00:22<05:17,  1.36it/s, loss=2.5432]
train 13:   7%|â–‹         | 30/460 [00:22<05:17,  1.35it/s, loss=2.5432]
                                                                       
[PROFILE batch=0]
  data_time      =0.4337s
  to_device_time =0.0042s
  forward_time   =0.4141s
  loss_time      =0.0014s
  backward_time  =0.3178s
  optimizer_time =0.0079s
  batch_time     =0.7459s
  cuda_allocated_gb    =0.207
  cuda_reserved_gb     =11.285
  cuda_max_allocated_gb=9.804
[PROFILE batch=1]
  data_time      =0.0005s
  to_device_time =0.0042s
  forward_time   =0.4127s
  loss_time      =0.0022s
  backward_time  =0.3203s
  optimizer_time =0.0068s
  batch_time     =0.7467s
  cuda_allocated_gb    =0.206
  cuda_reserved_gb     =11.285
  cuda_max_allocated_gb=9.804
[PROFILE batch=2]
  data_time      =0.0005s
  to_device_time =0.0041s
  forward_time   =0.4125s
  loss_time      =0.0023s
  backward_time  =0.3210s
  optimizer_time =0.0075s
  batch_time     =0.7479s
  cuda_allocated_gb    =0.207
  cuda_reserved_gb     =11.285
  cuda_max_allocated_gb=9.804
[PROFILE batch=3]
  data_time      =0.0005s
  to_device_time =0.0041s
  forward_time   =0.4129s
  loss_time      =0.0023s
  backward_time  =0.3201s
  optimizer_time =0.0069s
  batch_time     =0.7469s
  cuda_allocated_gb    =0.206
  cuda_reserved_gb     =11.285
  cuda_max_allocated_gb=9.804
[PROFILE batch=4]
  data_time      =0.0006s
  to_device_time =0.0041s
  forward_time   =0.4133s
  loss_time      =0.0023s
  backward_time  =0.3218s
  optimizer_time =0.0069s
  batch_time     =0.7489s
  cuda_allocated_gb    =0.206
  cuda_reserved_gb     =11.285
  cuda_max_allocated_gb=9.804
[PROFILE batch=5]
  data_time      =0.0005s
  to_device_time =0.0042s
  forward_time   =0.4223s
  loss_time      =0.0024s
  backward_time  =0.3164s
  optimizer_time =0.0069s
  batch_time     =0.7527s
  cuda_allocated_gb    =0.206
  cuda_reserved_gb     =11.285
  cuda_max_allocated_gb=9.804
[PROFILE batch=6]
  data_time      =0.0005s
  to_device_time =0.0042s
  forward_time   =0.4147s
  loss_time      =0.0024s
  backward_time  =0.3174s
  optimizer_time =0.0067s
  batch_time     =0.7458s
  cuda_allocated_gb    =0.206
  cuda_reserved_gb     =11.285
  cuda_max_allocated_gb=9.804
[PROFILE batch=7]
  data_time      =0.0005s
  to_device_time =0.0034s
  forward_time   =0.3417s
  loss_time      =0.0025s
  backward_time  =0.2655s
  optimizer_time =0.0066s
  batch_time     =0.6203s
  cuda_allocated_gb    =0.176
  cuda_reserved_gb     =11.285
  cuda_max_allocated_gb=9.804
[PROFILE batch=8]
  data_time      =0.0005s
  to_device_time =0.0042s
  forward_time   =0.4118s
  loss_time      =0.0023s
  backward_time  =0.3199s
  optimizer_time =0.0076s
  batch_time     =0.7462s
  cuda_allocated_gb    =0.206
  cuda_reserved_gb     =11.285
  cuda_max_allocated_gb=9.804
[PROFILE batch=9]
  data_time      =0.0005s
  to_device_time =0.0041s
  forward_time   =0.4144s
  loss_time      =0.0025s
  backward_time  =0.3178s
  optimizer_time =0.0066s
  batch_time     =0.7461s
  cuda_allocated_gb    =0.206
  cuda_reserved_gb     =11.285
  cuda_max_allocated_gb=9.804
[PROFILE batch=10]
  data_time      =0.0005s
  to_device_time =0.0042s
  forward_time   =0.4147s
  loss_time      =0.0024s
  backward_time  =0.3182s
  optimizer_time =0.0070s
  batch_time     =0.7469s
  cuda_allocated_gb    =0.207
  cuda_reserved_gb     =11.285
  cuda_max_allocated_gb=9.804
[PROFILE batch=11]
  data_time      =0.0005s
  to_device_time =0.0041s
  forward_time   =0.4146s
  loss_time      =0.0025s
  backward_time  =0.3189s
  optimizer_time =0.0069s
  batch_time     =0.7474s
  cuda_allocated_gb    =0.207
  cuda_reserved_gb     =11.285
  cuda_max_allocated_gb=9.804
[PROFILE batch=12]
  data_time      =0.0007s
  to_device_time =0.0041s
  forward_time   =0.4150s
  loss_time      =0.0024s
  backward_time  =0.3176s
  optimizer_time =0.0069s
  batch_time     =0.7465s
  cuda_allocated_gb    =0.207
  cuda_reserved_gb     =11.285
  cuda_max_allocated_gb=9.804
[PROFILE batch=13]
  data_time      =0.0005s
  to_device_time =0.0041s
  forward_time   =0.4142s
  loss_time      =0.0025s
  backward_time  =0.3290s
  optimizer_time =0.0069s
  batch_time     =0.7571s
  cuda_allocated_gb    =0.206
  cuda_reserved_gb     =11.285
  cuda_max_allocated_gb=9.804
[PROFILE batch=14]
  data_time      =0.0006s
  to_device_time =0.0042s
  forward_time   =0.4122s
  loss_time      =0.0023s
  backward_time  =0.3211s
  optimizer_time =0.0076s
  batch_time     =0.7480s
  cuda_allocated_gb    =0.207
  cuda_reserved_gb     =11.285
  cuda_max_allocated_gb=9.804
[PROFILE batch=15]
  data_time      =0.0005s
  to_device_time =0.0034s
  forward_time   =0.3354s
  loss_time      =0.0024s
  backward_time  =0.2632s
  optimizer_time =0.0072s
  batch_time     =0.6121s
  cuda_allocated_gb    =0.177
  cuda_reserved_gb     =11.285
  cuda_max_allocated_gb=9.804
[PROFILE batch=16]
  data_time      =0.0004s
  to_device_time =0.0042s
  forward_time   =0.4157s
  loss_time      =0.0024s
  backward_time  =0.3177s
  optimizer_time =0.0069s
  batch_time     =0.7473s
  cuda_allocated_gb    =0.206
  cuda_reserved_gb     =11.285
  cuda_max_allocated_gb=9.804
[PROFILE batch=17]
  data_time      =0.0005s
  to_device_time =0.0041s
  forward_time   =0.4142s
  loss_time      =0.0024s
  backward_time  =0.3187s
  optimizer_time =0.0065s
  batch_time     =0.7464s
  cuda_allocated_gb    =0.206
  cuda_reserved_gb     =11.285
  cuda_max_allocated_gb=9.804
[PROFILE batch=18]
  data_time      =0.0005s
  to_device_time =0.0041s
  forward_time   =0.4124s
  loss_time      =0.0027s
  backward_time  =0.3203s
  optimizer_time =0.0075s
  batch_time     =0.7475s
  cuda_allocated_gb    =0.206
  cuda_reserved_gb     =11.285
  cuda_max_allocated_gb=9.804
[PROFILE batch=19]
  data_time      =0.0004s
  to_device_time =0.0042s
  forward_time   =0.4155s
  loss_time      =0.0025s
  backward_time  =0.3169s
  optimizer_time =0.0069s
  batch_time     =0.7464s
  cuda_allocated_gb    =0.207
  cuda_reserved_gb     =11.285
  cuda_max_allocated_gb=9.804

[PROFILE average first 20 batches (recorded=20)]
  avg_data_time      =0.0222s
  avg_to_device_time =0.0041s
  avg_forward_time   =0.4067s
  avg_loss_time      =0.0024s
  avg_backward_time  =0.3140s
  avg_optimizer_time =0.0070s
  avg_batch_time     =0.7347s
  estimated_full_epoch_minutes=5.63

val:   0%|          | 0/57 [00:00<?, ?it/s]/usr/local/lib/python3.12/dist-packages/torch/autograd/function.py:583: UserWarning: Was asked to gather along dimension 0, but all input tensors were scalars; will instead unsqueeze and return a vector.
  return super().apply(*args, **kwargs)  # type: ignore[misc]

val:   2%|â–         | 1/57 [00:00<00:36,  1.55it/s]
val:   4%|â–Ž         | 2/57 [00:01<00:27,  1.97it/s]
val:   5%|â–Œ         | 3/57 [00:01<00:24,  2.17it/s]
val:   7%|â–‹         | 4/57 [00:01<00:23,  2.29it/s]
val:   9%|â–‰         | 5/57 [00:02<00:22,  2.36it/s]
val:  11%|â–ˆ         | 6/57 [00:02<00:21,  2.41it/s]
val:  12%|â–ˆâ–        | 7/57 [00:03<00:20,  2.44it/s]
val:  14%|â–ˆâ–        | 8/57 [00:03<00:19,  2.45it/s]
val:  16%|â–ˆâ–Œ        | 9/57 [00:03<00:19,  2.47it/s]
val:  18%|â–ˆâ–Š        | 10/57 [00:04<00:18,  2.47it/s]
                                                    
Epoch 013/015 | loss=2.5368 acc=0.1518 macro_f1=0.1399 | val_loss=2.5331 val_acc=0.1484 val_macro_f1=0.1326 | ckpt_monitor=val_macro_f1:0.1326 best_val_macro_f1=0.1335 best_epoch=9 early_val_macro_f1=0.1335 sec/batch=0.751s
          val pred_count: [193, 86, 132, 62, 33, 58, 76]
          no improvement: 4/12

train 14:   0%|          | 0/460 [00:00<?, ?it/s]/usr/local/lib/python3.12/dist-packages/torch/autograd/function.py:583: UserWarning: Was asked to gather along dimension 0, but all input tensors were scalars; will instead unsqueeze and return a vector.
  return super().apply(*args, **kwargs)  # type: ignore[misc]

train 14:   0%|          | 0/460 [00:01<?, ?it/s, loss=2.5233]
train 14:   0%|          | 1/460 [00:01<07:57,  1.04s/it, loss=2.5233]
train 14:   0%|          | 1/460 [00:01<07:57,  1.04s/it, loss=2.5409]
train 14:   0%|          | 2/460 [00:01<06:37,  1.15it/s, loss=2.5409]
train 14:   0%|          | 2/460 [00:02<06:37,  1.15it/s, loss=2.5487]
train 14:   1%|          | 3/460 [00:02<06:11,  1.23it/s, loss=2.5487]
train 14:   1%|          | 3/460 [00:03<06:11,  1.23it/s, loss=2.5186]
train 14:   1%|          | 4/460 [00:03<05:59,  1.27it/s, loss=2.5186]
train 14:   1%|          | 4/460 [00:04<05:59,  1.27it/s, loss=2.5205]
train 14:   1%|          | 5/460 [00:04<05:52,  1.29it/s, loss=2.5205]
train 14:   1%|          | 5/460 [00:04<05:52,  1.29it/s, loss=2.5267]
train 14:   1%|â–         | 6/460 [00:04<05:48,  1.30it/s, loss=2.5267]
train 14:   1%|â–         | 6/460 [00:05<05:48,  1.30it/s, loss=2.5568]
train 14:   2%|â–         | 7/460 [00:05<05:44,  1.31it/s, loss=2.5568]
train 14:   2%|â–         | 7/460 [00:06<05:44,  1.31it/s, loss=2.5520]
train 14:   2%|â–         | 8/460 [00:06<05:23,  1.40it/s, loss=2.5520]
train 14:   2%|â–         | 8/460 [00:06<05:23,  1.40it/s, loss=2.5439]
train 14:   2%|â–         | 9/460 [00:06<05:27,  1.38it/s, loss=2.5439]
train 14:   2%|â–         | 9/460 [00:07<05:27,  1.38it/s, loss=2.5314]
train 14:   2%|â–         | 10/460 [00:07<05:30,  1.36it/s, loss=2.5314]
train 14:   2%|â–         | 10/460 [00:08<05:30,  1.36it/s, loss=2.5319]
train 14:   2%|â–         | 11/460 [00:08<05:32,  1.35it/s, loss=2.5319]
train 14:   2%|â–         | 11/460 [00:09<05:32,  1.35it/s, loss=2.5479]
train 14:   3%|â–Ž         | 12/460 [00:09<05:33,  1.34it/s, loss=2.5479]
train 14:   3%|â–Ž         | 12/460 [00:09<05:33,  1.34it/s, loss=2.5256]
train 14:   3%|â–Ž         | 13/460 [00:09<05:33,  1.34it/s, loss=2.5256]
train 14:   3%|â–Ž         | 13/460 [00:10<05:33,  1.34it/s, loss=2.5578]
train 14:   3%|â–Ž         | 14/460 [00:10<05:32,  1.34it/s, loss=2.5578]
train 14:   3%|â–Ž         | 14/460 [00:11<05:32,  1.34it/s, loss=2.5404]
train 14:   3%|â–Ž         | 15/460 [00:11<05:32,  1.34it/s, loss=2.5404]
train 14:   3%|â–Ž         | 15/460 [00:12<05:32,  1.34it/s, loss=2.5400]
train 14:   3%|â–Ž         | 16/460 [00:12<05:15,  1.41it/s, loss=2.5400]
train 14:   3%|â–Ž         | 16/460 [00:12<05:15,  1.41it/s, loss=2.5281]
train 14:   4%|â–Ž         | 17/460 [00:12<05:20,  1.38it/s, loss=2.5281]
train 14:   4%|â–Ž         | 17/460 [00:13<05:20,  1.38it/s, loss=2.5463]
train 14:   4%|â–         | 18/460 [00:13<05:23,  1.37it/s, loss=2.5463]
train 14:   4%|â–         | 18/460 [00:14<05:23,  1.37it/s, loss=2.5219]
train 14:   4%|â–         | 19/460 [00:14<05:25,  1.36it/s, loss=2.5219]
train 14:   4%|â–         | 19/460 [00:15<05:25,  1.36it/s, loss=2.5349]
train 14:   4%|â–         | 20/460 [00:15<05:26,  1.35it/s, loss=2.5349]
train 14:   4%|â–         | 20/460 [00:15<05:26,  1.35it/s, loss=2.5349]
train 14:   5%|â–         | 21/460 [00:15<05:26,  1.35it/s, loss=2.5349]
train 14:   5%|â–         | 21/460 [00:16<05:26,  1.35it/s, loss=2.5388]
train 14:   5%|â–         | 22/460 [00:16<05:25,  1.34it/s, loss=2.5388]
train 14:   5%|â–         | 22/460 [00:17<05:25,  1.34it/s, loss=2.5365]
train 14:   5%|â–Œ         | 23/460 [00:17<05:26,  1.34it/s, loss=2.5365]
train 14:   5%|â–Œ         | 23/460 [00:17<05:26,  1.34it/s, loss=2.5715]
train 14:   5%|â–Œ         | 24/460 [00:17<05:07,  1.42it/s, loss=2.5715]
train 14:   5%|â–Œ         | 24/460 [00:18<05:07,  1.42it/s, loss=2.5657]
train 14:   5%|â–Œ         | 25/460 [00:18<05:12,  1.39it/s, loss=2.5657]
train 14:   5%|â–Œ         | 25/460 [00:19<05:12,  1.39it/s, loss=2.5419]
train 14:   6%|â–Œ         | 26/460 [00:19<05:15,  1.38it/s, loss=2.5419]
train 14:   6%|â–Œ         | 26/460 [00:20<05:15,  1.38it/s, loss=2.5427]
train 14:   6%|â–Œ         | 27/460 [00:20<05:16,  1.37it/s, loss=2.5427]
train 14:   6%|â–Œ         | 27/460 [00:20<05:16,  1.37it/s, loss=2.5381]
train 14:   6%|â–Œ         | 28/460 [00:20<05:17,  1.36it/s, loss=2.5381]
train 14:   6%|â–Œ         | 28/460 [00:21<05:17,  1.36it/s, loss=2.5324]
train 14:   6%|â–‹         | 29/460 [00:21<05:19,  1.35it/s, loss=2.5324]
train 14:   6%|â–‹         | 29/460 [00:22<05:19,  1.35it/s, loss=2.5304]
train 14:   7%|â–‹         | 30/460 [00:22<05:19,  1.34it/s, loss=2.5304]
                                                                       
[PROFILE batch=0]
  data_time      =0.2779s
  to_device_time =0.0043s
  forward_time   =0.4278s
  loss_time      =0.0014s
  backward_time  =0.3174s
  optimizer_time =0.0073s
  batch_time     =0.7591s
  cuda_allocated_gb    =0.207
  cuda_reserved_gb     =11.285
  cuda_max_allocated_gb=9.804
[PROFILE batch=1]
  data_time      =0.0005s
  to_device_time =0.0041s
  forward_time   =0.4141s
  loss_time      =0.0022s
  backward_time  =0.3171s
  optimizer_time =0.0069s
  batch_time     =0.7449s
  cuda_allocated_gb    =0.206
  cuda_reserved_gb     =11.285
  cuda_max_allocated_gb=9.804
[PROFILE batch=2]
  data_time      =0.0005s
  to_device_time =0.0041s
  forward_time   =0.4152s
  loss_time      =0.0023s
  backward_time  =0.3159s
  optimizer_time =0.0075s
  batch_time     =0.7455s
  cuda_allocated_gb    =0.207
  cuda_reserved_gb     =11.285
  cuda_max_allocated_gb=9.804
[PROFILE batch=3]
  data_time      =0.0004s
  to_device_time =0.0041s
  forward_time   =0.4161s
  loss_time      =0.0023s
  backward_time  =0.3171s
  optimizer_time =0.0067s
  batch_time     =0.7470s
  cuda_allocated_gb    =0.206
  cuda_reserved_gb     =11.285
  cuda_max_allocated_gb=9.804
[PROFILE batch=4]
  data_time      =0.0008s
  to_device_time =0.0041s
  forward_time   =0.4163s
  loss_time      =0.0026s
  backward_time  =0.3169s
  optimizer_time =0.0069s
  batch_time     =0.7473s
  cuda_allocated_gb    =0.206
  cuda_reserved_gb     =11.285
  cuda_max_allocated_gb=9.804
[PROFILE batch=5]
  data_time      =0.0005s
  to_device_time =0.0041s
  forward_time   =0.4149s
  loss_time      =0.0024s
  backward_time  =0.3182s
  optimizer_time =0.0073s
  batch_time     =0.7472s
  cuda_allocated_gb    =0.206
  cuda_reserved_gb     =11.285
  cuda_max_allocated_gb=9.804
[PROFILE batch=6]
  data_time      =0.0005s
  to_device_time =0.0041s
  forward_time   =0.4137s
  loss_time      =0.0023s
  backward_time  =0.3174s
  optimizer_time =0.0073s
  batch_time     =0.7452s
  cuda_allocated_gb    =0.206
  cuda_reserved_gb     =11.285
  cuda_max_allocated_gb=9.804
[PROFILE batch=7]
  data_time      =0.0005s
  to_device_time =0.0034s
  forward_time   =0.3347s
  loss_time      =0.0024s
  backward_time  =0.2656s
  optimizer_time =0.0077s
  batch_time     =0.6142s
  cuda_allocated_gb    =0.176
  cuda_reserved_gb     =11.285
  cuda_max_allocated_gb=9.804
[PROFILE batch=8]
  data_time      =0.0005s
  to_device_time =0.0041s
  forward_time   =0.4127s
  loss_time      =0.0024s
  backward_time  =0.3202s
  optimizer_time =0.0070s
  batch_time     =0.7469s
  cuda_allocated_gb    =0.206
  cuda_reserved_gb     =11.285
  cuda_max_allocated_gb=9.804
[PROFILE batch=9]
  data_time      =0.0005s
  to_device_time =0.0041s
  forward_time   =0.4115s
  loss_time      =0.0024s
  backward_time  =0.3242s
  optimizer_time =0.0073s
  batch_time     =0.7500s
  cuda_allocated_gb    =0.206
  cuda_reserved_gb     =11.285
  cuda_max_allocated_gb=9.804
[PROFILE batch=10]
  data_time      =0.0005s
  to_device_time =0.0041s
  forward_time   =0.4135s
  loss_time      =0.0024s
  backward_time  =0.3190s
  optimizer_time =0.0091s
  batch_time     =0.7486s
  cuda_allocated_gb    =0.207
  cuda_reserved_gb     =11.285
  cuda_max_allocated_gb=9.804
[PROFILE batch=11]
  data_time      =0.0005s
  to_device_time =0.0041s
  forward_time   =0.4173s
  loss_time      =0.0025s
  backward_time  =0.3171s
  optimizer_time =0.0076s
  batch_time     =0.7491s
  cuda_allocated_gb    =0.207
  cuda_reserved_gb     =11.285
  cuda_max_allocated_gb=9.804
[PROFILE batch=12]
  data_time      =0.0007s
  to_device_time =0.0041s
  forward_time   =0.4150s
  loss_time      =0.0024s
  backward_time  =0.3168s
  optimizer_time =0.0075s
  batch_time     =0.7463s
  cuda_allocated_gb    =0.207
  cuda_reserved_gb     =11.285
  cuda_max_allocated_gb=9.804
[PROFILE batch=13]
  data_time      =0.0005s
  to_device_time =0.0041s
  forward_time   =0.4135s
  loss_time      =0.0024s
  backward_time  =0.3182s
  optimizer_time =0.0070s
  batch_time     =0.7457s
  cuda_allocated_gb    =0.206
  cuda_reserved_gb     =11.285
  cuda_max_allocated_gb=9.804
[PROFILE batch=14]
  data_time      =0.0005s
  to_device_time =0.0041s
  forward_time   =0.4142s
  loss_time      =0.0026s
  backward_time  =0.3183s
  optimizer_time =0.0069s
  batch_time     =0.7465s
  cuda_allocated_gb    =0.207
  cuda_reserved_gb     =11.285
  cuda_max_allocated_gb=9.804
[PROFILE batch=15]
  data_time      =0.0003s
  to_device_time =0.0034s
  forward_time   =0.3376s
  loss_time      =0.0025s
  backward_time  =0.2681s
  optimizer_time =0.0064s
  batch_time     =0.6185s
  cuda_allocated_gb    =0.177
  cuda_reserved_gb     =11.285
  cuda_max_allocated_gb=9.804
[PROFILE batch=16]
  data_time      =0.0005s
  to_device_time =0.0041s
  forward_time   =0.4132s
  loss_time      =0.0024s
  backward_time  =0.3218s
  optimizer_time =0.0068s
  batch_time     =0.7488s
  cuda_allocated_gb    =0.206
  cuda_reserved_gb     =11.285
  cuda_max_allocated_gb=9.804
[PROFILE batch=17]
  data_time      =0.0005s
  to_device_time =0.0041s
  forward_time   =0.4158s
  loss_time      =0.0024s
  backward_time  =0.3194s
  optimizer_time =0.0070s
  batch_time     =0.7492s
  cuda_allocated_gb    =0.206
  cuda_reserved_gb     =11.285
  cuda_max_allocated_gb=9.804
[PROFILE batch=18]
  data_time      =0.0005s
  to_device_time =0.0042s
  forward_time   =0.4129s
  loss_time      =0.0024s
  backward_time  =0.3208s
  optimizer_time =0.0074s
  batch_time     =0.7482s
  cuda_allocated_gb    =0.206
  cuda_reserved_gb     =11.285
  cuda_max_allocated_gb=9.804
[PROFILE batch=19]
  data_time      =0.0005s
  to_device_time =0.0041s
  forward_time   =0.4158s
  loss_time      =0.0028s
  backward_time  =0.3187s
  optimizer_time =0.0071s
  batch_time     =0.7489s
  cuda_allocated_gb    =0.207
  cuda_reserved_gb     =11.285
  cuda_max_allocated_gb=9.804

[PROFILE average first 20 batches (recorded=20)]
  avg_data_time      =0.0144s
  avg_to_device_time =0.0041s
  avg_forward_time   =0.4073s
  avg_loss_time      =0.0024s
  avg_backward_time  =0.3134s
  avg_optimizer_time =0.0072s
  avg_batch_time     =0.7349s
  estimated_full_epoch_minutes=5.63

val:   0%|          | 0/57 [00:00<?, ?it/s]/usr/local/lib/python3.12/dist-packages/torch/autograd/function.py:583: UserWarning: Was asked to gather along dimension 0, but all input tensors were scalars; will instead unsqueeze and return a vector.
  return super().apply(*args, **kwargs)  # type: ignore[misc]

val:   2%|â–         | 1/57 [00:00<00:33,  1.67it/s]
val:   4%|â–Ž         | 2/57 [00:01<00:26,  2.07it/s]
val:   5%|â–Œ         | 3/57 [00:01<00:24,  2.22it/s]
val:   7%|â–‹         | 4/57 [00:01<00:22,  2.32it/s]
val:   9%|â–‰         | 5/57 [00:02<00:21,  2.38it/s]
val:  11%|â–ˆ         | 6/57 [00:02<00:21,  2.42it/s]
val:  12%|â–ˆâ–        | 7/57 [00:03<00:20,  2.44it/s]
val:  14%|â–ˆâ–        | 8/57 [00:03<00:19,  2.46it/s]
val:  16%|â–ˆâ–Œ        | 9/57 [00:03<00:19,  2.47it/s]
val:  18%|â–ˆâ–Š        | 10/57 [00:04<00:19,  2.47it/s]
                                                    
Epoch 014/015 | loss=2.5390 acc=0.1428 macro_f1=0.1348 | val_loss=2.5331 val_acc=0.1266 val_macro_f1=0.1186 | ckpt_monitor=val_macro_f1:0.1186 best_val_macro_f1=0.1335 best_epoch=9 early_val_macro_f1=0.1335 sec/batch=0.746s
          val pred_count: [166, 122, 129, 62, 40, 54, 67]
          no improvement: 5/12

train 15:   0%|          | 0/460 [00:00<?, ?it/s]/usr/local/lib/python3.12/dist-packages/torch/autograd/function.py:583: UserWarning: Was asked to gather along dimension 0, but all input tensors were scalars; will instead unsqueeze and return a vector.
  return super().apply(*args, **kwargs)  # type: ignore[misc]

train 15:   0%|          | 0/460 [00:01<?, ?it/s, loss=2.5272]
train 15:   0%|          | 1/460 [00:01<07:40,  1.00s/it, loss=2.5272]
train 15:   0%|          | 1/460 [00:01<07:40,  1.00s/it, loss=2.5399]
train 15:   0%|          | 2/460 [00:01<06:32,  1.17it/s, loss=2.5399]
train 15:   0%|          | 2/460 [00:02<06:32,  1.17it/s, loss=2.5296]
train 15:   1%|          | 3/460 [00:02<06:09,  1.24it/s, loss=2.5296]
train 15:   1%|          | 3/460 [00:03<06:09,  1.24it/s, loss=2.5454]
train 15:   1%|          | 4/460 [00:03<05:58,  1.27it/s, loss=2.5454]
train 15:   1%|          | 4/460 [00:04<05:58,  1.27it/s, loss=2.5356]
train 15:   1%|          | 5/460 [00:04<05:51,  1.29it/s, loss=2.5356]
train 15:   1%|          | 5/460 [00:04<05:51,  1.29it/s, loss=2.5397]
train 15:   1%|â–         | 6/460 [00:04<05:49,  1.30it/s, loss=2.5397]
train 15:   1%|â–         | 6/460 [00:05<05:49,  1.30it/s, loss=2.5454]
train 15:   2%|â–         | 7/460 [00:05<05:46,  1.31it/s, loss=2.5454]
train 15:   2%|â–         | 7/460 [00:06<05:46,  1.31it/s, loss=2.5416]
train 15:   2%|â–         | 8/460 [00:06<05:24,  1.39it/s, loss=2.5416]
train 15:   2%|â–         | 8/460 [00:06<05:24,  1.39it/s, loss=2.5351]
train 15:   2%|â–         | 9/460 [00:06<05:28,  1.37it/s, loss=2.5351]
train 15:   2%|â–         | 9/460 [00:07<05:28,  1.37it/s, loss=2.5273]
train 15:   2%|â–         | 10/460 [00:07<05:30,  1.36it/s, loss=2.5273]
train 15:   2%|â–         | 10/460 [00:08<05:30,  1.36it/s, loss=2.5277]
train 15:   2%|â–         | 11/460 [00:08<05:32,  1.35it/s, loss=2.5277]
train 15:   2%|â–         | 11/460 [00:09<05:32,  1.35it/s, loss=2.5208]
train 15:   3%|â–Ž         | 12/460 [00:09<05:33,  1.34it/s, loss=2.5208]
train 15:   3%|â–Ž         | 12/460 [00:09<05:33,  1.34it/s, loss=2.5406]
train 15:   3%|â–Ž         | 13/460 [00:09<05:36,  1.33it/s, loss=2.5406]
train 15:   3%|â–Ž         | 13/460 [00:10<05:36,  1.33it/s, loss=2.5369]
train 15:   3%|â–Ž         | 14/460 [00:10<05:35,  1.33it/s, loss=2.5369]
train 15:   3%|â–Ž         | 14/460 [00:11<05:35,  1.33it/s, loss=2.5315]
train 15:   3%|â–Ž         | 15/460 [00:11<05:34,  1.33it/s, loss=2.5315]
train 15:   3%|â–Ž         | 15/460 [00:12<05:34,  1.33it/s, loss=2.5387]
train 15:   3%|â–Ž         | 16/460 [00:12<05:16,  1.40it/s, loss=2.5387]
train 15:   3%|â–Ž         | 16/460 [00:12<05:16,  1.40it/s, loss=2.5318]
train 15:   4%|â–Ž         | 17/460 [00:12<05:20,  1.38it/s, loss=2.5318]
train 15:   4%|â–Ž         | 17/460 [00:13<05:20,  1.38it/s, loss=2.5408]
train 15:   4%|â–         | 18/460 [00:13<05:23,  1.37it/s, loss=2.5408]
train 15:   4%|â–         | 18/460 [00:14<05:23,  1.37it/s, loss=2.5442]
train 15:   4%|â–         | 19/460 [00:14<05:25,  1.36it/s, loss=2.5442]
train 15:   4%|â–         | 19/460 [00:15<05:25,  1.36it/s, loss=2.5346]
train 15:   4%|â–         | 20/460 [00:15<05:28,  1.34it/s, loss=2.5346]
train 15:   4%|â–         | 20/460 [00:15<05:28,  1.34it/s, loss=2.5307]
train 15:   5%|â–         | 21/460 [00:15<05:27,  1.34it/s, loss=2.5307]
train 15:   5%|â–         | 21/460 [00:16<05:27,  1.34it/s, loss=2.5426]
train 15:   5%|â–         | 22/460 [00:16<05:26,  1.34it/s, loss=2.5426]
train 15:   5%|â–         | 22/460 [00:17<05:26,  1.34it/s, loss=2.5198]
train 15:   5%|â–Œ         | 23/460 [00:17<05:27,  1.34it/s, loss=2.5198]
train 15:   5%|â–Œ         | 23/460 [00:17<05:27,  1.34it/s, loss=2.5329]
train 15:   5%|â–Œ         | 24/460 [00:17<05:09,  1.41it/s, loss=2.5329]
train 15:   5%|â–Œ         | 24/460 [00:18<05:09,  1.41it/s, loss=2.5245]
train 15:   5%|â–Œ         | 25/460 [00:18<05:13,  1.39it/s, loss=2.5245]
train 15:   5%|â–Œ         | 25/460 [00:19<05:13,  1.39it/s, loss=2.5420]
train 15:   6%|â–Œ         | 26/460 [00:19<05:17,  1.37it/s, loss=2.5420]
train 15:   6%|â–Œ         | 26/460 [00:20<05:17,  1.37it/s, loss=2.5219]
train 15:   6%|â–Œ         | 27/460 [00:20<05:19,  1.36it/s, loss=2.5219]
train 15:   6%|â–Œ         | 27/460 [00:20<05:19,  1.36it/s, loss=2.5316]
train 15:   6%|â–Œ         | 28/460 [00:20<05:20,  1.35it/s, loss=2.5316]
train 15:   6%|â–Œ         | 28/460 [00:21<05:20,  1.35it/s, loss=2.5416]
train 15:   6%|â–‹         | 29/460 [00:21<05:20,  1.35it/s, loss=2.5416]
train 15:   6%|â–‹         | 29/460 [00:22<05:20,  1.35it/s, loss=2.5383]
train 15:   7%|â–‹         | 30/460 [00:22<05:20,  1.34it/s, loss=2.5383]
                                                                       
[PROFILE batch=0]
  data_time      =0.2207s
  to_device_time =0.0042s
  forward_time   =0.4500s
  loss_time      =0.0013s
  backward_time  =0.3165s
  optimizer_time =0.0065s
  batch_time     =0.7801s
  cuda_allocated_gb    =0.207
  cuda_reserved_gb     =11.285
  cuda_max_allocated_gb=9.804
[PROFILE batch=1]
  data_time      =0.0005s
  to_device_time =0.0041s
  forward_time   =0.4112s
  loss_time      =0.0023s
  backward_time  =0.3246s
  optimizer_time =0.0069s
  batch_time     =0.7497s
  cuda_allocated_gb    =0.206
  cuda_reserved_gb     =11.285
  cuda_max_allocated_gb=9.804
[PROFILE batch=2]
  data_time      =0.0005s
  to_device_time =0.0042s
  forward_time   =0.4184s
  loss_time      =0.0023s
  backward_time  =0.3191s
  optimizer_time =0.0067s
  batch_time     =0.7511s
  cuda_allocated_gb    =0.207
  cuda_reserved_gb     =11.285
  cuda_max_allocated_gb=9.804
[PROFILE batch=3]
  data_time      =0.0006s
  to_device_time =0.0041s
  forward_time   =0.4148s
  loss_time      =0.0024s
  backward_time  =0.3181s
  optimizer_time =0.0072s
  batch_time     =0.7470s
  cuda_allocated_gb    =0.206
  cuda_reserved_gb     =11.285
  cuda_max_allocated_gb=9.804
[PROFILE batch=4]
  data_time      =0.0006s
  to_device_time =0.0041s
  forward_time   =0.4152s
  loss_time      =0.0023s
  backward_time  =0.3169s
  optimizer_time =0.0072s
  batch_time     =0.7462s
  cuda_allocated_gb    =0.206
  cuda_reserved_gb     =11.285
  cuda_max_allocated_gb=9.804
[PROFILE batch=5]
  data_time      =0.0006s
  to_device_time =0.0042s
  forward_time   =0.4209s
  loss_time      =0.0024s
  backward_time  =0.3239s
  optimizer_time =0.0072s
  batch_time     =0.7592s
  cuda_allocated_gb    =0.206
  cuda_reserved_gb     =11.285
  cuda_max_allocated_gb=9.804
[PROFILE batch=6]
  data_time      =0.0005s
  to_device_time =0.0041s
  forward_time   =0.4131s
  loss_time      =0.0025s
  backward_time  =0.3244s
  optimizer_time =0.0068s
  batch_time     =0.7516s
  cuda_allocated_gb    =0.206
  cuda_reserved_gb     =11.285
  cuda_max_allocated_gb=9.804
[PROFILE batch=7]
  data_time      =0.0005s
  to_device_time =0.0034s
  forward_time   =0.3372s
  loss_time      =0.0024s
  backward_time  =0.2615s
  optimizer_time =0.0069s
  batch_time     =0.6118s
  cuda_allocated_gb    =0.176
  cuda_reserved_gb     =11.285
  cuda_max_allocated_gb=9.804
[PROFILE batch=8]
  data_time      =0.0005s
  to_device_time =0.0041s
  forward_time   =0.4155s
  loss_time      =0.0024s
  backward_time  =0.3222s
  optimizer_time =0.0068s
  batch_time     =0.7514s
  cuda_allocated_gb    =0.206
  cuda_reserved_gb     =11.285
  cuda_max_allocated_gb=9.804
[PROFILE batch=9]
  data_time      =0.0005s
  to_device_time =0.0041s
  forward_time   =0.4139s
  loss_time      =0.0024s
  backward_time  =0.3173s
  optimizer_time =0.0064s
  batch_time     =0.7447s
  cuda_allocated_gb    =0.206
  cuda_reserved_gb     =11.285
  cuda_max_allocated_gb=9.804
[PROFILE batch=10]
  data_time      =0.0005s
  to_device_time =0.0042s
  forward_time   =0.4178s
  loss_time      =0.0025s
  backward_time  =0.3186s
  optimizer_time =0.0073s
  batch_time     =0.7510s
  cuda_allocated_gb    =0.207
  cuda_reserved_gb     =11.285
  cuda_max_allocated_gb=9.804
[PROFILE batch=11]
  data_time      =0.0005s
  to_device_time =0.0041s
  forward_time   =0.4174s
  loss_time      =0.0024s
  backward_time  =0.3176s
  optimizer_time =0.0071s
  batch_time     =0.7491s
  cuda_allocated_gb    =0.207
  cuda_reserved_gb     =11.285
  cuda_max_allocated_gb=9.804
[PROFILE batch=12]
  data_time      =0.0007s
  to_device_time =0.0042s
  forward_time   =0.4204s
  loss_time      =0.0041s
  backward_time  =0.3299s
  optimizer_time =0.0074s
  batch_time     =0.7668s
  cuda_allocated_gb    =0.207
  cuda_reserved_gb     =11.285
  cuda_max_allocated_gb=9.804
[PROFILE batch=13]
  data_time      =0.0005s
  to_device_time =0.0042s
  forward_time   =0.4143s
  loss_time      =0.0025s
  backward_time  =0.3185s
  optimizer_time =0.0072s
  batch_time     =0.7473s
  cuda_allocated_gb    =0.206
  cuda_reserved_gb     =11.285
  cuda_max_allocated_gb=9.804
[PROFILE batch=14]
  data_time      =0.0005s
  to_device_time =0.0042s
  forward_time   =0.4135s
  loss_time      =0.0024s
  backward_time  =0.3194s
  optimizer_time =0.0072s
  batch_time     =0.7472s
  cuda_allocated_gb    =0.207
  cuda_reserved_gb     =11.285
  cuda_max_allocated_gb=9.804
[PROFILE batch=15]
  data_time      =0.0005s
  to_device_time =0.0034s
  forward_time   =0.3409s
  loss_time      =0.0029s
  backward_time  =0.2632s
  optimizer_time =0.0073s
  batch_time     =0.6183s
  cuda_allocated_gb    =0.177
  cuda_reserved_gb     =11.285
  cuda_max_allocated_gb=9.804
[PROFILE batch=16]
  data_time      =0.0005s
  to_device_time =0.0042s
  forward_time   =0.4155s
  loss_time      =0.0024s
  backward_time  =0.3183s
  optimizer_time =0.0076s
  batch_time     =0.7487s
  cuda_allocated_gb    =0.206
  cuda_reserved_gb     =11.285
  cuda_max_allocated_gb=9.804
[PROFILE batch=17]
  data_time      =0.0005s
  to_device_time =0.0042s
  forward_time   =0.4149s
  loss_time      =0.0024s
  backward_time  =0.3182s
  optimizer_time =0.0071s
  batch_time     =0.7474s
  cuda_allocated_gb    =0.206
  cuda_reserved_gb     =11.285
  cuda_max_allocated_gb=9.804
[PROFILE batch=18]
  data_time      =0.0005s
  to_device_time =0.0042s
  forward_time   =0.4122s
  loss_time      =0.0026s
  backward_time  =0.3200s
  optimizer_time =0.0072s
  batch_time     =0.7467s
  cuda_allocated_gb    =0.206
  cuda_reserved_gb     =11.285
  cuda_max_allocated_gb=9.804
[PROFILE batch=19]
  data_time      =0.0005s
  to_device_time =0.0042s
  forward_time   =0.4164s
  loss_time      =0.0024s
  backward_time  =0.3311s
  optimizer_time =0.0073s
  batch_time     =0.7619s
  cuda_allocated_gb    =0.207
  cuda_reserved_gb     =11.285
  cuda_max_allocated_gb=9.804

[PROFILE average first 20 batches (recorded=20)]
  avg_data_time      =0.0115s
  avg_to_device_time =0.0041s
  avg_forward_time   =0.4097s
  avg_loss_time      =0.0025s
  avg_backward_time  =0.3150s
  avg_optimizer_time =0.0071s
  avg_batch_time     =0.7389s
  estimated_full_epoch_minutes=5.66

val:   0%|          | 0/57 [00:00<?, ?it/s]/usr/local/lib/python3.12/dist-packages/torch/autograd/function.py:583: UserWarning: Was asked to gather along dimension 0, but all input tensors were scalars; will instead unsqueeze and return a vector.
  return super().apply(*args, **kwargs)  # type: ignore[misc]

val:   2%|â–         | 1/57 [00:00<00:33,  1.68it/s]
val:   4%|â–Ž         | 2/57 [00:00<00:26,  2.08it/s]
val:   5%|â–Œ         | 3/57 [00:01<00:24,  2.25it/s]
val:   7%|â–‹         | 4/57 [00:01<00:22,  2.32it/s]
val:   9%|â–‰         | 5/57 [00:02<00:21,  2.37it/s]
val:  11%|â–ˆ         | 6/57 [00:02<00:21,  2.40it/s]
val:  12%|â–ˆâ–        | 7/57 [00:03<00:20,  2.43it/s]
val:  14%|â–ˆâ–        | 8/57 [00:03<00:20,  2.45it/s]
val:  16%|â–ˆâ–Œ        | 9/57 [00:03<00:19,  2.46it/s]
val:  18%|â–ˆâ–Š        | 10/57 [00:04<00:19,  2.47it/s]
                                                    
Epoch 015/015 | loss=2.5347 acc=0.1385 macro_f1=0.1274 | val_loss=2.5331 val_acc=0.1453 val_macro_f1=0.1354 | ckpt_monitor=val_macro_f1:0.1354 best_val_macro_f1=0.1354 best_epoch=15 early_val_macro_f1=0.1354 sec/batch=0.748s
          val pred_count: [159, 109, 109, 74, 46, 56, 87]
          checkpoint improvement: best_epoch=15
          early stopping monitor improved
Training done best_epoch=15 best_metric=0.135447
Logged d12a_stable_ce_first_fastio_safe to reports/d11_experiments_log.csv