W0515 08:35:27.172000 64 torch/distributed/run.py:852] 
W0515 08:35:27.172000 64 torch/distributed/run.py:852] *****************************************
W0515 08:35:27.172000 64 torch/distributed/run.py:852] Setting OMP_NUM_THREADS environment variable for each process to be 1 in default, to avoid your system being overloaded, please further tune the variable for optimal performance in your application as needed. 
W0515 08:35:27.172000 64 torch/distributed/run.py:852] *****************************************
[W515 08:35:27.462548733 socket.cpp:207] [c10d] The hostname of the client socket cannot be retrieved. err=-3
[W515 08:35:31.204455838 socket.cpp:207] [c10d] The hostname of the client socket cannot be retrieved. err=-3
[W515 08:35:31.205462143 socket.cpp:207] [c10d] The hostname of the client socket cannot be retrieved. err=-3
[Output] run_dir=/kaggle/working/outputs/d12_ddp_b64_amp_chunkaware_compile_fixedshape_benchmark/d12a_stable_ce_first_ddp_b64_amp_chunkaware_compile_fixedshape/20260515_083531
[DDP Setup] rank=0 local_rank=0 world_size=2 device=cuda:0 backend=nccl find_unused_parameters=True
[DDP Batch] global_batch_size=64 per_rank_batch_size=32 world_size=2
[DDP Phase1.6] ddp_chunk_aware=True fixed_batch_size=True torch.compile=True
[FullGraphDataset train]
chunk_cache_size=4
num_chunks=58
num_samples=28709
[FullGraphDataset train] chunk cache enabled (max_chunks=4)
[DDP ChunkAware] enabled=True num_chunks=58 chunk_sizes_min_mean_max=209/494.98/500 total_samples=28709 rank0_chunk_count=29 rank1_chunk_count=29 per_rank_batch_size=32 batches_per_rank_before=[444, 453] batches_per_rank_after=[444, 444] truncated_batches=[0, 9] ddp_drop_last_batches=True shuffle_chunks=True shuffle_within_chunk=True
[DDP ChunkAware FixedShape] fixed_batch_size=True drop_incomplete_batches=True carry_over_leftovers=True per_rank_batch_size=32 dropped_samples_per_rank=[1, 292] unique_batch_sizes_per_rank=[[32], [32]] batches_per_rank_before_balance=[444, 453] batches_per_rank_after_balance=[444, 444]
[DDP DataLoader split=train] num_samples=28709 batch_size=32 num_workers=2 pin_memory=True persistent_workers=True prefetch_factor=2 chunk_cache_size=4 distributed_sampler=False chunk_aware_sampler=True batches_per_epoch=444
[FullGraphDataset val]
chunk_cache_size=4
num_chunks=8
num_samples=3589
[FullGraphDataset val] chunk cache enabled (max_chunks=4)
[DDP ChunkAware] enabled=False
[DDP DataLoader split=val] num_samples=3589 batch_size=64 num_workers=2 pin_memory=True persistent_workers=True prefetch_factor=2 chunk_cache_size=4 distributed_sampler=False chunk_aware_sampler=False batches_per_epoch=57
--- torch version: 2.10.0+cu128
--- cuda available: True
--- cuda device count: 2
--- selected device: cuda:0
--- gpu name: Tesla T4
--- current cuda device: 0
[Compile] enabled=True order=before_ddp
[DDP Model] DistributedDataParallel wrapped with find_unused_parameters=True
/kaggle/working/sgu-2026-fer13-graph/scripts/train_d5a_ddp.py:424: FutureWarning: `torch.cuda.amp.GradScaler(args...)` is deprecated. Please use `torch.amp.GradScaler('cuda', args...)` instead.
  self.scaler = torch.cuda.amp.GradScaler(
/kaggle/working/sgu-2026-fer13-graph/scripts/train_d5a_ddp.py:424: FutureWarning: `torch.cuda.amp.GradScaler(args...)` is deprecated. Please use `torch.amp.GradScaler('cuda', args...)` instead.
  self.scaler = torch.cuda.amp.GradScaler(
[DDP AMP] amp_enabled=True init_scale=65536.0
[Scheduler] type=LambdaLR monitor=epoch mode=n/a
[Checkpoint] save_best_metric=val_macro_f1 mode=max
[EarlyStopping] monitor=val_macro_f1 mode=max

train 1 rank0:   0%|          | 0/444 [00:00<?, ?it/s][SPEED_BENCH] first_batch_x_shape=[32, 2304, 7]
[SPEED_BENCH] first_batch_edge_attr_shape=[32, 17860, 5]
[SPEED_BENCH] ddp_per_rank_bs_mismatch=False (rank0 batch=32, expected=32)
[rank1]:W0515 08:35:42.724000 73 torch/_dynamo/variables/tensor.py:1079] [0/0] Graph break from `Tensor.item()`, consider setting:
[rank1]:W0515 08:35:42.724000 73 torch/_dynamo/variables/tensor.py:1079] [0/0]     torch._dynamo.config.capture_scalar_outputs = True
[rank1]:W0515 08:35:42.724000 73 torch/_dynamo/variables/tensor.py:1079] [0/0] or:
[rank1]:W0515 08:35:42.724000 73 torch/_dynamo/variables/tensor.py:1079] [0/0]     env TORCHDYNAMO_CAPTURE_SCALAR_OUTPUTS=1
[rank1]:W0515 08:35:42.724000 73 torch/_dynamo/variables/tensor.py:1079] [0/0] to include these operations in the captured graph.
[rank1]:W0515 08:35:42.724000 73 torch/_dynamo/variables/tensor.py:1079] [0/0] 
[rank1]:W0515 08:35:42.724000 73 torch/_dynamo/variables/tensor.py:1079] [0/0] Graph break: from user code at:
[rank1]:W0515 08:35:42.724000 73 torch/_dynamo/variables/tensor.py:1079] [0/0]   File "/kaggle/working/sgu-2026-fer13-graph/models/d12_global_local_motif_model.py", line 693, in forward
[rank1]:W0515 08:35:42.724000 73 torch/_dynamo/variables/tensor.py:1079] [0/0]     h_pixel, encoder_diag = self.encoder(
[rank1]:W0515 08:35:42.724000 73 torch/_dynamo/variables/tensor.py:1079] [0/0]   File "/kaggle/working/sgu-2026-fer13-graph/models/d12_global_local_motif_model.py", line 271, in forward
[rank1]:W0515 08:35:42.724000 73 torch/_dynamo/variables/tensor.py:1079] [0/0]     h, diag = layer(h, edge_index, edge_attr_scale1, node_mask=node_mask)
[rank1]:W0515 08:35:42.724000 73 torch/_dynamo/variables/tensor.py:1079] [0/0]   File "/kaggle/working/sgu-2026-fer13-graph/models/d12_global_local_motif_model.py", line 91, in forward
[rank1]:W0515 08:35:42.724000 73 torch/_dynamo/variables/tensor.py:1079] [0/0]     if int(src.max()) >= num_nodes or int(dst.max()) >= num_nodes:
[rank1]:W0515 08:35:42.724000 73 torch/_dynamo/variables/tensor.py:1079] [0/0] 
[rank1]:W0515 08:35:42.724000 73 torch/_dynamo/variables/tensor.py:1079] [0/0] 
[rank0]:W0515 08:35:42.724000 72 torch/_dynamo/variables/tensor.py:1079] [0/0] Graph break from `Tensor.item()`, consider setting:
[rank0]:W0515 08:35:42.724000 72 torch/_dynamo/variables/tensor.py:1079] [0/0]     torch._dynamo.config.capture_scalar_outputs = True
[rank0]:W0515 08:35:42.724000 72 torch/_dynamo/variables/tensor.py:1079] [0/0] or:
[rank0]:W0515 08:35:42.724000 72 torch/_dynamo/variables/tensor.py:1079] [0/0]     env TORCHDYNAMO_CAPTURE_SCALAR_OUTPUTS=1
[rank0]:W0515 08:35:42.724000 72 torch/_dynamo/variables/tensor.py:1079] [0/0] to include these operations in the captured graph.
[rank0]:W0515 08:35:42.724000 72 torch/_dynamo/variables/tensor.py:1079] [0/0] 
[rank0]:W0515 08:35:42.724000 72 torch/_dynamo/variables/tensor.py:1079] [0/0] Graph break: from user code at:
[rank0]:W0515 08:35:42.724000 72 torch/_dynamo/variables/tensor.py:1079] [0/0]   File "/kaggle/working/sgu-2026-fer13-graph/models/d12_global_local_motif_model.py", line 693, in forward
[rank0]:W0515 08:35:42.724000 72 torch/_dynamo/variables/tensor.py:1079] [0/0]     h_pixel, encoder_diag = self.encoder(
[rank0]:W0515 08:35:42.724000 72 torch/_dynamo/variables/tensor.py:1079] [0/0]   File "/kaggle/working/sgu-2026-fer13-graph/models/d12_global_local_motif_model.py", line 271, in forward
[rank0]:W0515 08:35:42.724000 72 torch/_dynamo/variables/tensor.py:1079] [0/0]     h, diag = layer(h, edge_index, edge_attr_scale1, node_mask=node_mask)
[rank0]:W0515 08:35:42.724000 72 torch/_dynamo/variables/tensor.py:1079] [0/0]   File "/kaggle/working/sgu-2026-fer13-graph/models/d12_global_local_motif_model.py", line 91, in forward
[rank0]:W0515 08:35:42.724000 72 torch/_dynamo/variables/tensor.py:1079] [0/0]     if int(src.max()) >= num_nodes or int(dst.max()) >= num_nodes:
[rank0]:W0515 08:35:42.724000 72 torch/_dynamo/variables/tensor.py:1079] [0/0] 
[rank0]:W0515 08:35:42.724000 72 torch/_dynamo/variables/tensor.py:1079] [0/0] 
[rank1]:W0515 08:35:54.928000 73 torch/_inductor/utils.py:1679] [6/0] Not enough SMs to use max_autotune_gemm mode
[rank0]:W0515 08:35:55.137000 72 torch/_inductor/utils.py:1679] [6/0] Not enough SMs to use max_autotune_gemm mode
[rank1]:[W515 08:37:11.964604388 reducer.cpp:1500] Warning: find_unused_parameters=True was specified in DDP constructor, but did not find any unused parameters in the forward pass. This flag results in an extra traversal of the autograd graph every iteration,  which can adversely affect performance. If your model indeed never has any unused parameters in the forward pass, consider turning this flag off. Note that this warning may be a false positive if your model has flow control causing later iterations to have unused parameters. (function operator())
[rank0]:[W515 08:37:12.950477610 reducer.cpp:1500] Warning: find_unused_parameters=True was specified in DDP constructor, but did not find any unused parameters in the forward pass. This flag results in an extra traversal of the autograd graph every iteration,  which can adversely affect performance. If your model indeed never has any unused parameters in the forward pass, consider turning this flag off. Note that this warning may be a false positive if your model has flow control causing later iterations to have unused parameters. (function operator())
train tensor devices: x=cuda:0 edge_index=cuda:0 edge_attr=cuda:0 y=cuda:0 logits=cuda:0 loss=cuda:0
[PROFILE rank=0 batch=0]
  actual_batch_size=32
  data_time      =0.4972s
  to_device_time =0.0055s
  forward_time   =90.8190s
  loss_time      =0.2624s
  backward_time  =34.4949s
  optimizer_time =0.2669s
  batch_time     =125.8543s
  cuda_allocated_gb    =0.122
  cuda_reserved_gb     =9.451
  cuda_max_allocated_gb=8.350

train 1 rank0:   0%|          | 0/444 [02:06<?, ?it/s, loss=2.5739]
train 1 rank0:   0%|          | 1/444 [02:06<15:33:16, 126.40s/it, loss=2.5739][PROFILE rank=0 batch=1]
  actual_batch_size=32
  data_time      =0.0008s
  to_device_time =0.0026s
  forward_time   =0.1106s
  loss_time      =0.0019s
  backward_time  =0.1576s
  optimizer_time =0.0065s
  batch_time     =0.2806s
  cuda_allocated_gb    =0.120
  cuda_reserved_gb     =9.459
  cuda_max_allocated_gb=8.414

train 1 rank0:   0%|          | 1/444 [02:06<15:33:16, 126.40s/it, loss=2.5245]
train 1 rank0:   0%|          | 2/444 [02:06<6:24:39, 52.22s/it, loss=2.5245]  [PROFILE rank=0 batch=2]
  actual_batch_size=32
  data_time      =0.0006s
  to_device_time =0.0038s
  forward_time   =0.1125s
  loss_time      =0.0017s
  backward_time  =0.1501s
  optimizer_time =0.0064s
  batch_time     =0.2757s
  cuda_allocated_gb    =0.120
  cuda_reserved_gb     =9.459
  cuda_max_allocated_gb=8.415

train 1 rank0:   0%|          | 2/444 [02:06<6:24:39, 52.22s/it, loss=2.5508]
train 1 rank0:   1%|          | 3/444 [02:06<3:29:28, 28.50s/it, loss=2.5508][PROFILE rank=0 batch=3]
  actual_batch_size=32
  data_time      =0.0007s
  to_device_time =0.0022s
  forward_time   =0.1106s
  loss_time      =0.0017s
  backward_time  =0.1504s
  optimizer_time =0.0063s
  batch_time     =0.2742s
  cuda_allocated_gb    =0.119
  cuda_reserved_gb     =9.459
  cuda_max_allocated_gb=8.415

train 1 rank0:   1%|          | 3/444 [02:07<3:29:28, 28.50s/it, loss=2.5397]
train 1 rank0:   1%|          | 4/444 [02:07<2:07:17, 17.36s/it, loss=2.5397][PROFILE rank=0 batch=4]
  actual_batch_size=32
  data_time      =0.0004s
  to_device_time =0.0022s
  forward_time   =0.1129s
  loss_time      =0.0016s
  backward_time  =0.1501s
  optimizer_time =0.0065s
  batch_time     =0.2745s
  cuda_allocated_gb    =0.120
  cuda_reserved_gb     =9.459
  cuda_max_allocated_gb=8.415

train 1 rank0:   1%|          | 4/444 [02:07<2:07:17, 17.36s/it, loss=2.4957]
train 1 rank0:   1%|          | 5/444 [02:07<1:21:56, 11.20s/it, loss=2.4957][PROFILE rank=0 batch=5]
  actual_batch_size=32
  data_time      =0.0004s
  to_device_time =0.0022s
  forward_time   =0.1123s
  loss_time      =0.0016s
  backward_time  =0.1495s
  optimizer_time =0.0068s
  batch_time     =0.2773s
  cuda_allocated_gb    =0.119
  cuda_reserved_gb     =9.459
  cuda_max_allocated_gb=8.415

train 1 rank0:   1%|          | 5/444 [02:07<1:21:56, 11.20s/it, loss=2.5641]
train 1 rank0:   1%|â–         | 6/444 [02:07<54:39,  7.49s/it, loss=2.5641]  [PROFILE rank=0 batch=6]
  actual_batch_size=32
  data_time      =0.0006s
  to_device_time =0.0029s
  forward_time   =0.1215s
  loss_time      =0.0021s
  backward_time  =0.1553s
  optimizer_time =0.0066s
  batch_time     =0.2897s
  cuda_allocated_gb    =0.120
  cuda_reserved_gb     =9.459
  cuda_max_allocated_gb=8.415

train 1 rank0:   1%|â–         | 6/444 [02:08<54:39,  7.49s/it, loss=2.5575]
train 1 rank0:   2%|â–         | 7/444 [02:08<37:24,  5.14s/it, loss=2.5575][PROFILE rank=0 batch=7]
  actual_batch_size=32
  data_time      =0.0006s
  to_device_time =0.0024s
  forward_time   =0.1168s
  loss_time      =0.0025s
  backward_time  =0.1569s
  optimizer_time =0.0064s
  batch_time     =0.2865s
  cuda_allocated_gb    =0.119
  cuda_reserved_gb     =9.459
  cuda_max_allocated_gb=8.415

train 1 rank0:   2%|â–         | 7/444 [02:08<37:24,  5.14s/it, loss=2.5254]
train 1 rank0:   2%|â–         | 8/444 [02:08<26:06,  3.59s/it, loss=2.5254][PROFILE rank=0 batch=8]
  actual_batch_size=32
  data_time      =0.0006s
  to_device_time =0.0027s
  forward_time   =0.1154s
  loss_time      =0.0017s
  backward_time  =0.1553s
  optimizer_time =0.0060s
  batch_time     =0.2876s
  cuda_allocated_gb    =0.120
  cuda_reserved_gb     =9.459
  cuda_max_allocated_gb=8.415

train 1 rank0:   2%|â–         | 8/444 [02:08<26:06,  3.59s/it, loss=2.5863]
train 1 rank0:   2%|â–         | 9/444 [02:08<18:33,  2.56s/it, loss=2.5863][PROFILE rank=0 batch=9]
  actual_batch_size=32
  data_time      =0.0005s
  to_device_time =0.0022s
  forward_time   =0.1104s
  loss_time      =0.0016s
  backward_time  =0.1501s
  optimizer_time =0.0063s
  batch_time     =0.2736s
  cuda_allocated_gb    =0.119
  cuda_reserved_gb     =9.459
  cuda_max_allocated_gb=8.415

train 1 rank0:   2%|â–         | 9/444 [02:08<18:33,  2.56s/it, loss=2.5340]
train 1 rank0:   2%|â–         | 10/444 [02:08<13:25,  1.86s/it, loss=2.5340][PROFILE rank=0 batch=10]
  actual_batch_size=32
  data_time      =0.0006s
  to_device_time =0.0022s
  forward_time   =0.1106s
  loss_time      =0.0017s
  backward_time  =0.1507s
  optimizer_time =0.0060s
  batch_time     =0.2735s
  cuda_allocated_gb    =0.120
  cuda_reserved_gb     =9.459
  cuda_max_allocated_gb=8.415

train 1 rank0:   2%|â–         | 10/444 [02:09<13:25,  1.86s/it, loss=2.5435]
train 1 rank0:   2%|â–         | 11/444 [02:09<09:54,  1.37s/it, loss=2.5435][PROFILE rank=0 batch=11]
  actual_batch_size=32
  data_time      =0.0006s
  to_device_time =0.0022s
  forward_time   =0.1161s
  loss_time      =0.0029s
  backward_time  =0.1600s
  optimizer_time =0.0073s
  batch_time     =0.2917s
  cuda_allocated_gb    =0.119
  cuda_reserved_gb     =9.459
  cuda_max_allocated_gb=8.415

train 1 rank0:   2%|â–         | 11/444 [02:09<09:54,  1.37s/it, loss=2.5480]
train 1 rank0:   3%|â–Ž         | 12/444 [02:09<07:31,  1.05s/it, loss=2.5480][PROFILE rank=0 batch=12]
  actual_batch_size=32
  data_time      =0.0003s
  to_device_time =0.0035s
  forward_time   =0.1179s
  loss_time      =0.0027s
  backward_time  =0.1609s
  optimizer_time =0.0063s
  batch_time     =0.2929s
  cuda_allocated_gb    =0.120
  cuda_reserved_gb     =9.459
  cuda_max_allocated_gb=8.415

train 1 rank0:   3%|â–Ž         | 12/444 [02:09<07:31,  1.05s/it, loss=2.5553]
train 1 rank0:   3%|â–Ž         | 13/444 [02:09<05:52,  1.22it/s, loss=2.5553][PROFILE rank=0 batch=13]
  actual_batch_size=32
  data_time      =0.0005s
  to_device_time =0.0032s
  forward_time   =0.1105s
  loss_time      =0.0017s
  backward_time  =0.1498s
  optimizer_time =0.0062s
  batch_time     =0.2753s
  cuda_allocated_gb    =0.119
  cuda_reserved_gb     =9.459
  cuda_max_allocated_gb=8.415

train 1 rank0:   3%|â–Ž         | 13/444 [02:10<05:52,  1.22it/s, loss=2.5357]
train 1 rank0:   3%|â–Ž         | 14/444 [02:10<04:41,  1.53it/s, loss=2.5357][PROFILE rank=0 batch=14]
  actual_batch_size=32
  data_time      =0.0006s
  to_device_time =0.0021s
  forward_time   =0.1097s
  loss_time      =0.0017s
  backward_time  =0.1494s
  optimizer_time =0.0065s
  batch_time     =0.2746s
  cuda_allocated_gb    =0.120
  cuda_reserved_gb     =9.459
  cuda_max_allocated_gb=8.415

train 1 rank0:   3%|â–Ž         | 14/444 [02:10<04:41,  1.53it/s, loss=2.5190]
train 1 rank0:   3%|â–Ž         | 15/444 [02:10<03:52,  1.85it/s, loss=2.5190][PROFILE rank=0 batch=15]
  actual_batch_size=32
  data_time      =0.0005s
  to_device_time =0.0022s
  forward_time   =0.1094s
  loss_time      =0.0016s
  backward_time  =0.1497s
  optimizer_time =0.0080s
  batch_time     =0.2768s
  cuda_allocated_gb    =0.119
  cuda_reserved_gb     =9.459
  cuda_max_allocated_gb=8.415

train 1 rank0:   3%|â–Ž         | 15/444 [02:10<03:52,  1.85it/s, loss=2.5360]
train 1 rank0:   4%|â–Ž         | 16/444 [02:10<03:18,  2.16it/s, loss=2.5360][PROFILE rank=0 batch=16]
  actual_batch_size=32
  data_time      =0.0032s
  to_device_time =0.0022s
  forward_time   =0.1118s
  loss_time      =0.0017s
  backward_time  =0.1503s
  optimizer_time =0.0070s
  batch_time     =0.2742s
  cuda_allocated_gb    =0.120
  cuda_reserved_gb     =9.459
  cuda_max_allocated_gb=8.415

train 1 rank0:   4%|â–Ž         | 16/444 [02:10<03:18,  2.16it/s, loss=2.5807]
train 1 rank0:   4%|â–         | 17/444 [02:10<02:54,  2.45it/s, loss=2.5807][PROFILE rank=0 batch=17]
  actual_batch_size=32
  data_time      =0.0005s
  to_device_time =0.0022s
  forward_time   =0.1108s
  loss_time      =0.0017s
  backward_time  =0.1506s
  optimizer_time =0.0065s
  batch_time     =0.2742s
  cuda_allocated_gb    =0.119
  cuda_reserved_gb     =9.459
  cuda_max_allocated_gb=8.415

train 1 rank0:   4%|â–         | 17/444 [02:11<02:54,  2.45it/s, loss=2.5752]
train 1 rank0:   4%|â–         | 18/444 [02:11<02:37,  2.71it/s, loss=2.5752][PROFILE rank=0 batch=18]
  actual_batch_size=32
  data_time      =0.0004s
  to_device_time =0.0041s
  forward_time   =0.1104s
  loss_time      =0.0016s
  backward_time  =0.1501s
  optimizer_time =0.0066s
  batch_time     =0.2766s
  cuda_allocated_gb    =0.120
  cuda_reserved_gb     =9.459
  cuda_max_allocated_gb=8.415

train 1 rank0:   4%|â–         | 18/444 [02:11<02:37,  2.71it/s, loss=2.5661]
train 1 rank0:   4%|â–         | 19/444 [02:11<02:25,  2.92it/s, loss=2.5661][PROFILE rank=0 batch=19]
  actual_batch_size=32
  data_time      =0.0005s
  to_device_time =0.0025s
  forward_time   =0.1112s
  loss_time      =0.0017s
  backward_time  =0.1510s
  optimizer_time =0.0061s
  batch_time     =0.2737s
  cuda_allocated_gb    =0.119
  cuda_reserved_gb     =9.459
  cuda_max_allocated_gb=8.415

[PROFILE average rank=0 first 20 batches (recorded=20)]
  avg_data_time      =0.0255s
  avg_to_device_time =0.0027s
  avg_forward_time   =4.6480s
  avg_loss_time      =0.0149s
  avg_backward_time  =1.8696s
  avg_optimizer_time =0.0196s
  avg_batch_time     =6.5579s
  estimated_full_epoch_minutes=48.53

train 1 rank0:   4%|â–         | 19/444 [02:11<02:25,  2.92it/s, loss=2.5429]
train 1 rank0:   5%|â–         | 20/444 [02:11<02:16,  3.10it/s, loss=2.5429]
train 1 rank0:   5%|â–         | 20/444 [02:12<02:16,  3.10it/s, loss=2.5665]
train 1 rank0:   5%|â–         | 21/444 [02:12<02:10,  3.24it/s, loss=2.5665]
train 1 rank0:   5%|â–         | 21/444 [02:12<02:10,  3.24it/s, loss=2.5835]
train 1 rank0:   5%|â–         | 22/444 [02:12<02:08,  3.28it/s, loss=2.5835]
train 1 rank0:   5%|â–         | 22/444 [02:12<02:08,  3.28it/s, loss=2.5436]
train 1 rank0:   5%|â–Œ         | 23/444 [02:12<02:04,  3.37it/s, loss=2.5436]
train 1 rank0:   5%|â–Œ         | 23/444 [02:12<02:04,  3.37it/s, loss=2.5631]
train 1 rank0:   5%|â–Œ         | 24/444 [02:12<02:01,  3.45it/s, loss=2.5631]
train 1 rank0:   5%|â–Œ         | 24/444 [02:13<02:01,  3.45it/s, loss=2.5097]
train 1 rank0:   6%|â–Œ         | 25/444 [02:13<02:01,  3.46it/s, loss=2.5097]
train 1 rank0:   6%|â–Œ         | 25/444 [02:13<02:01,  3.46it/s, loss=2.5404]
train 1 rank0:   6%|â–Œ         | 26/444 [02:13<01:59,  3.50it/s, loss=2.5404]
train 1 rank0:   6%|â–Œ         | 26/444 [02:13<01:59,  3.50it/s, loss=2.5462]
train 1 rank0:   6%|â–Œ         | 27/444 [02:13<01:58,  3.53it/s, loss=2.5462]
train 1 rank0:   6%|â–Œ         | 27/444 [02:14<01:58,  3.53it/s, loss=2.5691]
train 1 rank0:   6%|â–‹         | 28/444 [02:14<01:58,  3.50it/s, loss=2.5691]
train 1 rank0:   6%|â–‹         | 28/444 [02:14<01:58,  3.50it/s, loss=2.5700]
train 1 rank0:   7%|â–‹         | 29/444 [02:14<01:59,  3.49it/s, loss=2.5700]
train 1 rank0:   7%|â–‹         | 29/444 [02:14<01:59,  3.49it/s, loss=2.5411]
train 1 rank0:   7%|â–‹         | 30/444 [02:14<01:58,  3.50it/s, loss=2.5411]
                                                                            
/usr/local/lib/python3.12/dist-packages/torch/distributed/c10d_logger.py:83: UserWarning: barrier(): using the device under current context. You can specify `device_id` in `init_process_group` to mute this warning.
  return func(*args, **kwargs)

val:   0%|          | 0/57 [00:00<?, ?it/s]
val:   2%|â–         | 1/57 [00:34<32:35, 34.91s/it]
val:   4%|â–Ž         | 2/57 [00:35<13:17, 14.49s/it]
val:   5%|â–Œ         | 3/57 [00:35<07:10,  7.97s/it]
val:   7%|â–‹         | 4/57 [00:35<04:19,  4.90s/it]
val:   9%|â–‰         | 5/57 [00:35<02:46,  3.21s/it]
val:  11%|â–ˆ         | 6/57 [00:35<01:51,  2.19s/it]
val:  12%|â–ˆâ–        | 7/57 [00:36<01:17,  1.54s/it]
val:  14%|â–ˆâ–        | 8/57 [00:36<01:02,  1.28s/it]
val:  16%|â–ˆâ–Œ        | 9/57 [00:37<00:45,  1.06it/s]
val:  18%|â–ˆâ–Š        | 10/57 [00:37<00:33,  1.40it/s]
                                                    
Epoch 001/015 | loss=2.5467 acc=0.1411 macro_f1=0.1290 | val_loss=2.5331 val_acc=0.1203 val_macro_f1=0.0860 | ckpt_monitor=val_macro_f1:0.0860 best_val_macro_f1=0.0860 best_epoch=1 early_val_macro_f1=0.0860 sec/batch=4.489s cuda_rankmax=8.415GB
          val pred_count: [302, 97, 68, 86, 60, 24, 3]
          checkpoint improvement: best_epoch=1
          early stopping monitor improved
/usr/local/lib/python3.12/dist-packages/torch/distributed/c10d_logger.py:83: UserWarning: barrier(): using the device under current context. You can specify `device_id` in `init_process_group` to mute this warning.
  return func(*args, **kwargs)

train 2 rank0:   0%|          | 0/444 [00:00<?, ?it/s][PROFILE rank=0 batch=0]
  actual_batch_size=32
  data_time      =0.4779s
  to_device_time =0.0022s
  forward_time   =0.1210s
  loss_time      =0.0015s
  backward_time  =0.1504s
  optimizer_time =0.0070s
  batch_time     =0.2846s
  cuda_allocated_gb    =0.119
  cuda_reserved_gb     =10.277
  cuda_max_allocated_gb=8.415

train 2 rank0:   0%|          | 0/444 [00:00<?, ?it/s, loss=2.5497]
train 2 rank0:   0%|          | 1/444 [00:00<05:39,  1.31it/s, loss=2.5497][PROFILE rank=0 batch=1]
  actual_batch_size=32
  data_time      =0.0006s
  to_device_time =0.0022s
  forward_time   =0.1104s
  loss_time      =0.0017s
  backward_time  =0.1535s
  optimizer_time =0.0061s
  batch_time     =0.2776s
  cuda_allocated_gb    =0.119
  cuda_reserved_gb     =10.277
  cuda_max_allocated_gb=8.415

train 2 rank0:   0%|          | 1/444 [00:01<05:39,  1.31it/s, loss=2.5652]
train 2 rank0:   0%|          | 2/444 [00:01<03:32,  2.08it/s, loss=2.5652][PROFILE rank=0 batch=2]
  actual_batch_size=32
  data_time      =0.0006s
  to_device_time =0.0022s
  forward_time   =0.1128s
  loss_time      =0.0018s
  backward_time  =0.1522s
  optimizer_time =0.0065s
  batch_time     =0.2824s
  cuda_allocated_gb    =0.120
  cuda_reserved_gb     =10.277
  cuda_max_allocated_gb=8.415

train 2 rank0:   0%|          | 2/444 [00:01<03:32,  2.08it/s, loss=2.4951]
train 2 rank0:   1%|          | 3/444 [00:01<02:52,  2.55it/s, loss=2.4951][PROFILE rank=0 batch=3]
  actual_batch_size=32
  data_time      =0.0006s
  to_device_time =0.0022s
  forward_time   =0.1106s
  loss_time      =0.0017s
  backward_time  =0.1526s
  optimizer_time =0.0064s
  batch_time     =0.2790s
  cuda_allocated_gb    =0.119
  cuda_reserved_gb     =10.277
  cuda_max_allocated_gb=8.415

train 2 rank0:   1%|          | 3/444 [00:01<02:52,  2.55it/s, loss=2.5358]
train 2 rank0:   1%|          | 4/444 [00:01<02:33,  2.87it/s, loss=2.5358][PROFILE rank=0 batch=4]
  actual_batch_size=32
  data_time      =0.0005s
  to_device_time =0.0037s
  forward_time   =0.1112s
  loss_time      =0.0016s
  backward_time  =0.1531s
  optimizer_time =0.0065s
  batch_time     =0.2796s
  cuda_allocated_gb    =0.120
  cuda_reserved_gb     =10.277
  cuda_max_allocated_gb=8.415

train 2 rank0:   1%|          | 4/444 [00:01<02:33,  2.87it/s, loss=2.5491]
train 2 rank0:   1%|          | 5/444 [00:01<02:22,  3.07it/s, loss=2.5491][PROFILE rank=0 batch=5]
  actual_batch_size=32
  data_time      =0.0006s
  to_device_time =0.0024s
  forward_time   =0.1110s
  loss_time      =0.0017s
  backward_time  =0.1527s
  optimizer_time =0.0066s
  batch_time     =0.2822s
  cuda_allocated_gb    =0.119
  cuda_reserved_gb     =10.277
  cuda_max_allocated_gb=8.415

train 2 rank0:   1%|          | 5/444 [00:02<02:22,  3.07it/s, loss=2.5469]
train 2 rank0:   1%|â–         | 6/444 [00:02<02:16,  3.21it/s, loss=2.5469][PROFILE rank=0 batch=6]
  actual_batch_size=32
  data_time      =0.0006s
  to_device_time =0.0022s
  forward_time   =0.1104s
  loss_time      =0.0016s
  backward_time  =0.1526s
  optimizer_time =0.0065s
  batch_time     =0.2781s
  cuda_allocated_gb    =0.120
  cuda_reserved_gb     =10.277
  cuda_max_allocated_gb=8.415

train 2 rank0:   1%|â–         | 6/444 [00:02<02:16,  3.21it/s, loss=2.5315]
train 2 rank0:   2%|â–         | 7/444 [00:02<02:12,  3.31it/s, loss=2.5315][PROFILE rank=0 batch=7]
  actual_batch_size=32
  data_time      =0.0038s
  to_device_time =0.0023s
  forward_time   =0.1106s
  loss_time      =0.0017s
  backward_time  =0.1543s
  optimizer_time =0.0067s
  batch_time     =0.2833s
  cuda_allocated_gb    =0.119
  cuda_reserved_gb     =10.277
  cuda_max_allocated_gb=8.415

train 2 rank0:   2%|â–         | 7/444 [00:02<02:12,  3.31it/s, loss=2.5568]
train 2 rank0:   2%|â–         | 8/444 [00:02<02:10,  3.35it/s, loss=2.5568][PROFILE rank=0 batch=8]
  actual_batch_size=32
  data_time      =0.0006s
  to_device_time =0.0022s
  forward_time   =0.1112s
  loss_time      =0.0017s
  backward_time  =0.1534s
  optimizer_time =0.0067s
  batch_time     =0.2798s
  cuda_allocated_gb    =0.120
  cuda_reserved_gb     =10.277
  cuda_max_allocated_gb=8.415

train 2 rank0:   2%|â–         | 8/444 [00:03<02:10,  3.35it/s, loss=2.5485]
train 2 rank0:   2%|â–         | 9/444 [00:03<02:07,  3.40it/s, loss=2.5485][PROFILE rank=0 batch=9]
  actual_batch_size=32
  data_time      =0.0006s
  to_device_time =0.0022s
  forward_time   =0.1124s
  loss_time      =0.0016s
  backward_time  =0.1535s
  optimizer_time =0.0068s
  batch_time     =0.2800s
  cuda_allocated_gb    =0.119
  cuda_reserved_gb     =10.277
  cuda_max_allocated_gb=8.415

train 2 rank0:   2%|â–         | 9/444 [00:03<02:07,  3.40it/s, loss=2.5100]
train 2 rank0:   2%|â–         | 10/444 [00:03<02:06,  3.44it/s, loss=2.5100][PROFILE rank=0 batch=10]
  actual_batch_size=32
  data_time      =0.0006s
  to_device_time =0.0041s
  forward_time   =0.1110s
  loss_time      =0.0017s
  backward_time  =0.1546s
  optimizer_time =0.0094s
  batch_time     =0.2859s
  cuda_allocated_gb    =0.120
  cuda_reserved_gb     =10.277
  cuda_max_allocated_gb=8.415

train 2 rank0:   2%|â–         | 10/444 [00:03<02:06,  3.44it/s, loss=2.5429]
train 2 rank0:   2%|â–         | 11/444 [00:03<02:05,  3.44it/s, loss=2.5429][PROFILE rank=0 batch=11]
  actual_batch_size=32
  data_time      =0.0006s
  to_device_time =0.0025s
  forward_time   =0.1161s
  loss_time      =0.0029s
  backward_time  =0.1631s
  optimizer_time =0.0067s
  batch_time     =0.2989s
  cuda_allocated_gb    =0.119
  cuda_reserved_gb     =10.277
  cuda_max_allocated_gb=8.415

train 2 rank0:   2%|â–         | 11/444 [00:03<02:05,  3.44it/s, loss=2.5545]
train 2 rank0:   3%|â–Ž         | 12/444 [00:03<02:07,  3.40it/s, loss=2.5545][PROFILE rank=0 batch=12]
  actual_batch_size=32
  data_time      =0.0004s
  to_device_time =0.0045s
  forward_time   =0.1166s
  loss_time      =0.0028s
  backward_time  =0.1621s
  optimizer_time =0.0066s
  batch_time     =0.2994s
  cuda_allocated_gb    =0.120
  cuda_reserved_gb     =10.277
  cuda_max_allocated_gb=8.415

train 2 rank0:   3%|â–Ž         | 12/444 [00:04<02:07,  3.40it/s, loss=2.5536]
train 2 rank0:   3%|â–Ž         | 13/444 [00:04<02:07,  3.37it/s, loss=2.5536][PROFILE rank=0 batch=13]
  actual_batch_size=32
  data_time      =0.0005s
  to_device_time =0.0022s
  forward_time   =0.1154s
  loss_time      =0.0017s
  backward_time  =0.1549s
  optimizer_time =0.0064s
  batch_time     =0.2828s
  cuda_allocated_gb    =0.119
  cuda_reserved_gb     =10.277
  cuda_max_allocated_gb=8.415

train 2 rank0:   3%|â–Ž         | 13/444 [00:04<02:07,  3.37it/s, loss=2.5366]
train 2 rank0:   3%|â–Ž         | 14/444 [00:04<02:06,  3.40it/s, loss=2.5366][PROFILE rank=0 batch=14]
  actual_batch_size=32
  data_time      =0.0006s
  to_device_time =0.0022s
  forward_time   =0.1119s
  loss_time      =0.0016s
  backward_time  =0.1546s
  optimizer_time =0.0063s
  batch_time     =0.2812s
  cuda_allocated_gb    =0.120
  cuda_reserved_gb     =10.277
  cuda_max_allocated_gb=8.415

train 2 rank0:   3%|â–Ž         | 14/444 [00:04<02:06,  3.40it/s, loss=2.5377]
train 2 rank0:   3%|â–Ž         | 15/444 [00:04<02:04,  3.43it/s, loss=2.5377][PROFILE rank=0 batch=15]
  actual_batch_size=32
  data_time      =0.0005s
  to_device_time =0.0022s
  forward_time   =0.1136s
  loss_time      =0.0017s
  backward_time  =0.1549s
  optimizer_time =0.0063s
  batch_time     =0.2808s
  cuda_allocated_gb    =0.119
  cuda_reserved_gb     =10.277
  cuda_max_allocated_gb=8.415

train 2 rank0:   3%|â–Ž         | 15/444 [00:05<02:04,  3.43it/s, loss=2.5323]
train 2 rank0:   4%|â–Ž         | 16/444 [00:05<02:03,  3.46it/s, loss=2.5323][PROFILE rank=0 batch=16]
  actual_batch_size=32
  data_time      =0.0006s
  to_device_time =0.0023s
  forward_time   =0.1114s
  loss_time      =0.0016s
  backward_time  =0.1531s
  optimizer_time =0.0065s
  batch_time     =0.2802s
  cuda_allocated_gb    =0.120
  cuda_reserved_gb     =10.277
  cuda_max_allocated_gb=8.415

train 2 rank0:   4%|â–Ž         | 16/444 [00:05<02:03,  3.46it/s, loss=2.5209]
train 2 rank0:   4%|â–         | 17/444 [00:05<02:02,  3.48it/s, loss=2.5209][PROFILE rank=0 batch=17]
  actual_batch_size=32
  data_time      =0.0006s
  to_device_time =0.0022s
  forward_time   =0.1125s
  loss_time      =0.0017s
  backward_time  =0.1538s
  optimizer_time =0.0066s
  batch_time     =0.2805s
  cuda_allocated_gb    =0.119
  cuda_reserved_gb     =10.277
  cuda_max_allocated_gb=8.415

train 2 rank0:   4%|â–         | 17/444 [00:05<02:02,  3.48it/s, loss=2.5599]
train 2 rank0:   4%|â–         | 18/444 [00:05<02:02,  3.49it/s, loss=2.5599][PROFILE rank=0 batch=18]
  actual_batch_size=32
  data_time      =0.0006s
  to_device_time =0.0022s
  forward_time   =0.1100s
  loss_time      =0.0016s
  backward_time  =0.1532s
  optimizer_time =0.0062s
  batch_time     =0.2830s
  cuda_allocated_gb    =0.120
  cuda_reserved_gb     =10.277
  cuda_max_allocated_gb=8.415

train 2 rank0:   4%|â–         | 18/444 [00:05<02:02,  3.49it/s, loss=2.5172]
train 2 rank0:   4%|â–         | 19/444 [00:05<02:01,  3.49it/s, loss=2.5172][PROFILE rank=0 batch=19]
  actual_batch_size=32
  data_time      =0.0005s
  to_device_time =0.0022s
  forward_time   =0.1114s
  loss_time      =0.0017s
  backward_time  =0.1543s
  optimizer_time =0.0066s
  batch_time     =0.2807s
  cuda_allocated_gb    =0.119
  cuda_reserved_gb     =10.277
  cuda_max_allocated_gb=8.415

[PROFILE average rank=0 first 20 batches (recorded=20)]
  avg_data_time      =0.0246s
  avg_to_device_time =0.0025s
  avg_forward_time   =0.1126s
  avg_loss_time      =0.0018s
  avg_backward_time  =0.1544s
  avg_optimizer_time =0.0067s
  avg_batch_time     =0.2830s
  estimated_full_epoch_minutes=2.09

train 2 rank0:   4%|â–         | 19/444 [00:06<02:01,  3.49it/s, loss=2.5650]
train 2 rank0:   5%|â–         | 20/444 [00:06<02:01,  3.50it/s, loss=2.5650]
train 2 rank0:   5%|â–         | 20/444 [00:06<02:01,  3.50it/s, loss=2.5636]
train 2 rank0:   5%|â–         | 21/444 [00:06<02:00,  3.51it/s, loss=2.5636]
train 2 rank0:   5%|â–         | 21/444 [00:06<02:00,  3.51it/s, loss=2.5248]
train 2 rank0:   5%|â–         | 22/444 [00:06<02:00,  3.51it/s, loss=2.5248]
train 2 rank0:   5%|â–         | 22/444 [00:07<02:00,  3.51it/s, loss=2.5521]
train 2 rank0:   5%|â–Œ         | 23/444 [00:07<01:59,  3.52it/s, loss=2.5521]
train 2 rank0:   5%|â–Œ         | 23/444 [00:07<01:59,  3.52it/s, loss=2.5661]
train 2 rank0:   5%|â–Œ         | 24/444 [00:07<01:58,  3.53it/s, loss=2.5661]
train 2 rank0:   5%|â–Œ         | 24/444 [00:07<01:58,  3.53it/s, loss=2.5439]
train 2 rank0:   6%|â–Œ         | 25/444 [00:07<01:58,  3.53it/s, loss=2.5439]
train 2 rank0:   6%|â–Œ         | 25/444 [00:07<01:58,  3.53it/s, loss=2.5635]
train 2 rank0:   6%|â–Œ         | 26/444 [00:07<01:58,  3.53it/s, loss=2.5635]
train 2 rank0:   6%|â–Œ         | 26/444 [00:08<01:58,  3.53it/s, loss=2.5239]
train 2 rank0:   6%|â–Œ         | 27/444 [00:08<01:58,  3.53it/s, loss=2.5239]
train 2 rank0:   6%|â–Œ         | 27/444 [00:08<01:58,  3.53it/s, loss=2.5123]
train 2 rank0:   6%|â–‹         | 28/444 [00:08<02:00,  3.44it/s, loss=2.5123]
train 2 rank0:   6%|â–‹         | 28/444 [00:08<02:00,  3.44it/s, loss=2.5180]
train 2 rank0:   7%|â–‹         | 29/444 [00:08<02:06,  3.28it/s, loss=2.5180]
train 2 rank0:   7%|â–‹         | 29/444 [00:09<02:06,  3.28it/s, loss=2.5607]
train 2 rank0:   7%|â–‹         | 30/444 [00:09<02:07,  3.26it/s, loss=2.5607]
                                                                            
/usr/local/lib/python3.12/dist-packages/torch/distributed/c10d_logger.py:83: UserWarning: barrier(): using the device under current context. You can specify `device_id` in `init_process_group` to mute this warning.
  return func(*args, **kwargs)

val:   0%|          | 0/57 [00:00<?, ?it/s]
val:   2%|â–         | 1/57 [00:00<00:21,  2.55it/s]
val:   4%|â–Ž         | 2/57 [00:00<00:15,  3.54it/s]
val:   5%|â–Œ         | 3/57 [00:00<00:13,  3.97it/s]
val:   7%|â–‹         | 4/57 [00:01<00:12,  4.27it/s]
val:   9%|â–‰         | 5/57 [00:01<00:11,  4.46it/s]
val:  11%|â–ˆ         | 6/57 [00:01<00:11,  4.59it/s]
val:  12%|â–ˆâ–        | 7/57 [00:01<00:10,  4.68it/s]
val:  14%|â–ˆâ–        | 8/57 [00:01<00:10,  4.74it/s]
val:  16%|â–ˆâ–Œ        | 9/57 [00:02<00:10,  4.80it/s]
val:  18%|â–ˆâ–Š        | 10/57 [00:02<00:09,  4.83it/s]
                                                    
Epoch 002/015 | loss=2.5398 acc=0.1391 macro_f1=0.1296 | val_loss=2.5331 val_acc=0.1375 val_macro_f1=0.1057 | ckpt_monitor=val_macro_f1:0.1057 best_val_macro_f1=0.1057 best_epoch=2 early_val_macro_f1=0.1057 sec/batch=0.306s cuda_rankmax=8.415GB
          val pred_count: [242, 166, 94, 93, 45, 0, 0]
          checkpoint improvement: best_epoch=2
          early stopping monitor improved
/usr/local/lib/python3.12/dist-packages/torch/distributed/c10d_logger.py:83: UserWarning: barrier(): using the device under current context. You can specify `device_id` in `init_process_group` to mute this warning.
  return func(*args, **kwargs)

train 3 rank0:   0%|          | 0/444 [00:00<?, ?it/s][PROFILE rank=0 batch=0]
  actual_batch_size=32
  data_time      =0.3586s
  to_device_time =0.0029s
  forward_time   =0.1240s
  loss_time      =0.0015s
  backward_time  =0.1533s
  optimizer_time =0.0063s
  batch_time     =0.5906s
  cuda_allocated_gb    =0.119
  cuda_reserved_gb     =10.277
  cuda_max_allocated_gb=8.415

train 3 rank0:   0%|          | 0/444 [00:00<?, ?it/s, loss=2.5370]
train 3 rank0:   0%|          | 1/444 [00:00<07:02,  1.05it/s, loss=2.5370][PROFILE rank=0 batch=1]
  actual_batch_size=32
  data_time      =0.0006s
  to_device_time =0.0022s
  forward_time   =0.1142s
  loss_time      =0.0025s
  backward_time  =0.1532s
  optimizer_time =0.0062s
  batch_time     =0.2831s
  cuda_allocated_gb    =0.119
  cuda_reserved_gb     =10.277
  cuda_max_allocated_gb=8.415

train 3 rank0:   0%|          | 1/444 [00:01<07:02,  1.05it/s, loss=2.5434]
train 3 rank0:   0%|          | 2/444 [00:01<04:08,  1.78it/s, loss=2.5434][PROFILE rank=0 batch=2]
  actual_batch_size=32
  data_time      =0.0023s
  to_device_time =0.0022s
  forward_time   =0.1102s
  loss_time      =0.0016s
  backward_time  =0.1548s
  optimizer_time =0.0061s
  batch_time     =0.2824s
  cuda_allocated_gb    =0.120
  cuda_reserved_gb     =10.277
  cuda_max_allocated_gb=8.415

train 3 rank0:   0%|          | 2/444 [00:01<04:08,  1.78it/s, loss=2.5193]
train 3 rank0:   1%|          | 3/444 [00:01<03:12,  2.29it/s, loss=2.5193][PROFILE rank=0 batch=3]
  actual_batch_size=32
  data_time      =0.0005s
  to_device_time =0.0022s
  forward_time   =0.1117s
  loss_time      =0.0018s
  backward_time  =0.1558s
  optimizer_time =0.0063s
  batch_time     =0.2855s
  cuda_allocated_gb    =0.119
  cuda_reserved_gb     =10.277
  cuda_max_allocated_gb=8.415

train 3 rank0:   1%|          | 3/444 [00:01<03:12,  2.29it/s, loss=2.5391]
train 3 rank0:   1%|          | 4/444 [00:01<02:46,  2.64it/s, loss=2.5391][PROFILE rank=0 batch=4]
  actual_batch_size=32
  data_time      =0.0006s
  to_device_time =0.0026s
  forward_time   =0.1104s
  loss_time      =0.0016s
  backward_time  =0.1549s
  optimizer_time =0.0063s
  batch_time     =0.2874s
  cuda_allocated_gb    =0.120
  cuda_reserved_gb     =10.277
  cuda_max_allocated_gb=8.415

train 3 rank0:   1%|          | 4/444 [00:02<02:46,  2.64it/s, loss=2.5615]
train 3 rank0:   1%|          | 5/444 [00:02<02:32,  2.88it/s, loss=2.5615][PROFILE rank=0 batch=5]
  actual_batch_size=32
  data_time      =0.0006s
  to_device_time =0.0022s
  forward_time   =0.1128s
  loss_time      =0.0027s
  backward_time  =0.1594s
  optimizer_time =0.0064s
  batch_time     =0.2911s
  cuda_allocated_gb    =0.119
  cuda_reserved_gb     =10.277
  cuda_max_allocated_gb=8.415

train 3 rank0:   1%|          | 5/444 [00:02<02:32,  2.88it/s, loss=2.5593]
train 3 rank0:   1%|â–         | 6/444 [00:02<02:24,  3.04it/s, loss=2.5593][PROFILE rank=0 batch=6]
  actual_batch_size=32
  data_time      =0.0006s
  to_device_time =0.0022s
  forward_time   =0.1105s
  loss_time      =0.0017s
  backward_time  =0.1565s
  optimizer_time =0.0066s
  batch_time     =0.2871s
  cuda_allocated_gb    =0.120
  cuda_reserved_gb     =10.277
  cuda_max_allocated_gb=8.415

train 3 rank0:   1%|â–         | 6/444 [00:02<02:24,  3.04it/s, loss=2.5168]
train 3 rank0:   2%|â–         | 7/444 [00:02<02:18,  3.16it/s, loss=2.5168][PROFILE rank=0 batch=7]
  actual_batch_size=32
  data_time      =0.0005s
  to_device_time =0.0022s
  forward_time   =0.1144s
  loss_time      =0.0017s
  backward_time  =0.1565s
  optimizer_time =0.0065s
  batch_time     =0.2853s
  cuda_allocated_gb    =0.119
  cuda_reserved_gb     =10.277
  cuda_max_allocated_gb=8.415

train 3 rank0:   2%|â–         | 7/444 [00:02<02:18,  3.16it/s, loss=2.5489]
train 3 rank0:   2%|â–         | 8/444 [00:02<02:14,  3.25it/s, loss=2.5489][PROFILE rank=0 batch=8]
  actual_batch_size=32
  data_time      =0.0005s
  to_device_time =0.0022s
  forward_time   =0.1108s
  loss_time      =0.0016s
  backward_time  =0.1556s
  optimizer_time =0.0062s
  batch_time     =0.2840s
  cuda_allocated_gb    =0.120
  cuda_reserved_gb     =10.277
  cuda_max_allocated_gb=8.415

train 3 rank0:   2%|â–         | 8/444 [00:03<02:14,  3.25it/s, loss=2.5185]
train 3 rank0:   2%|â–         | 9/444 [00:03<02:11,  3.32it/s, loss=2.5185][PROFILE rank=0 batch=9]
  actual_batch_size=32
  data_time      =0.0006s
  to_device_time =0.0024s
  forward_time   =0.1129s
  loss_time      =0.0017s
  backward_time  =0.1556s
  optimizer_time =0.0067s
  batch_time     =0.2875s
  cuda_allocated_gb    =0.119
  cuda_reserved_gb     =10.277
  cuda_max_allocated_gb=8.415

train 3 rank0:   2%|â–         | 9/444 [00:03<02:11,  3.32it/s, loss=2.5420]
train 3 rank0:   2%|â–         | 10/444 [00:03<02:09,  3.35it/s, loss=2.5420][PROFILE rank=0 batch=10]
  actual_batch_size=32
  data_time      =0.0004s
  to_device_time =0.0023s
  forward_time   =0.1169s
  loss_time      =0.0024s
  backward_time  =0.1550s
  optimizer_time =0.0066s
  batch_time     =0.2877s
  cuda_allocated_gb    =0.120
  cuda_reserved_gb     =10.277
  cuda_max_allocated_gb=8.415

train 3 rank0:   2%|â–         | 10/444 [00:03<02:09,  3.35it/s, loss=2.5456]
train 3 rank0:   2%|â–         | 11/444 [00:03<02:08,  3.38it/s, loss=2.5456][PROFILE rank=0 batch=11]
  actual_batch_size=32
  data_time      =0.0006s
  to_device_time =0.0022s
  forward_time   =0.1176s
  loss_time      =0.0029s
  backward_time  =0.1637s
  optimizer_time =0.0157s
  batch_time     =0.3094s
  cuda_allocated_gb    =0.119
  cuda_reserved_gb     =10.277
  cuda_max_allocated_gb=8.415

train 3 rank0:   2%|â–         | 11/444 [00:04<02:08,  3.38it/s, loss=2.5061]
train 3 rank0:   3%|â–Ž         | 12/444 [00:04<02:10,  3.32it/s, loss=2.5061][PROFILE rank=0 batch=12]
  actual_batch_size=32
  data_time      =0.0006s
  to_device_time =0.0022s
  forward_time   =0.1194s
  loss_time      =0.0028s
  backward_time  =0.1600s
  optimizer_time =0.0069s
  batch_time     =0.2937s
  cuda_allocated_gb    =0.120
  cuda_reserved_gb     =10.277
  cuda_max_allocated_gb=8.415

train 3 rank0:   3%|â–Ž         | 12/444 [00:04<02:10,  3.32it/s, loss=2.5244]
train 3 rank0:   3%|â–Ž         | 13/444 [00:04<02:09,  3.33it/s, loss=2.5244][PROFILE rank=0 batch=13]
  actual_batch_size=32
  data_time      =0.0006s
  to_device_time =0.0022s
  forward_time   =0.1221s
  loss_time      =0.0026s
  backward_time  =0.1658s
  optimizer_time =0.0068s
  batch_time     =0.3023s
  cuda_allocated_gb    =0.119
  cuda_reserved_gb     =10.277
  cuda_max_allocated_gb=8.415

train 3 rank0:   3%|â–Ž         | 13/444 [00:04<02:09,  3.33it/s, loss=2.5595]
train 3 rank0:   3%|â–Ž         | 14/444 [00:04<02:09,  3.31it/s, loss=2.5595][PROFILE rank=0 batch=14]
  actual_batch_size=32
  data_time      =0.0006s
  to_device_time =0.0022s
  forward_time   =0.1140s
  loss_time      =0.0016s
  backward_time  =0.1566s
  optimizer_time =0.0063s
  batch_time     =0.2873s
  cuda_allocated_gb    =0.120
  cuda_reserved_gb     =10.277
  cuda_max_allocated_gb=8.415

train 3 rank0:   3%|â–Ž         | 14/444 [00:05<02:09,  3.31it/s, loss=2.5805]
train 3 rank0:   3%|â–Ž         | 15/444 [00:05<02:08,  3.35it/s, loss=2.5805][PROFILE rank=0 batch=15]
  actual_batch_size=32
  data_time      =0.0006s
  to_device_time =0.0037s
  forward_time   =0.1113s
  loss_time      =0.0016s
  backward_time  =0.1568s
  optimizer_time =0.0070s
  batch_time     =0.2883s
  cuda_allocated_gb    =0.119
  cuda_reserved_gb     =10.277
  cuda_max_allocated_gb=8.415

train 3 rank0:   3%|â–Ž         | 15/444 [00:05<02:08,  3.35it/s, loss=2.5098]
train 3 rank0:   4%|â–Ž         | 16/444 [00:05<02:07,  3.37it/s, loss=2.5098][PROFILE rank=0 batch=16]
  actual_batch_size=32
  data_time      =0.0006s
  to_device_time =0.0026s
  forward_time   =0.1124s
  loss_time      =0.0018s
  backward_time  =0.1563s
  optimizer_time =0.0060s
  batch_time     =0.2850s
  cuda_allocated_gb    =0.120
  cuda_reserved_gb     =10.277
  cuda_max_allocated_gb=8.415

train 3 rank0:   4%|â–Ž         | 16/444 [00:05<02:07,  3.37it/s, loss=2.5545]
train 3 rank0:   4%|â–         | 17/444 [00:05<02:05,  3.40it/s, loss=2.5545][PROFILE rank=0 batch=17]
  actual_batch_size=32
  data_time      =0.0005s
  to_device_time =0.0022s
  forward_time   =0.1115s
  loss_time      =0.0018s
  backward_time  =0.1579s
  optimizer_time =0.0066s
  batch_time     =0.2888s
  cuda_allocated_gb    =0.119
  cuda_reserved_gb     =10.277
  cuda_max_allocated_gb=8.415

train 3 rank0:   4%|â–         | 17/444 [00:05<02:05,  3.40it/s, loss=2.5356]
train 3 rank0:   4%|â–         | 18/444 [00:05<02:05,  3.40it/s, loss=2.5356][PROFILE rank=0 batch=18]
  actual_batch_size=32
  data_time      =0.0006s
  to_device_time =0.0022s
  forward_time   =0.1121s
  loss_time      =0.0017s
  backward_time  =0.1569s
  optimizer_time =0.0064s
  batch_time     =0.2873s
  cuda_allocated_gb    =0.120
  cuda_reserved_gb     =10.277
  cuda_max_allocated_gb=8.415

train 3 rank0:   4%|â–         | 18/444 [00:06<02:05,  3.40it/s, loss=2.5246]
train 3 rank0:   4%|â–         | 19/444 [00:06<02:04,  3.41it/s, loss=2.5246][PROFILE rank=0 batch=19]
  actual_batch_size=32
  data_time      =0.0006s
  to_device_time =0.0022s
  forward_time   =0.1128s
  loss_time      =0.0016s
  backward_time  =0.1560s
  optimizer_time =0.0064s
  batch_time     =0.2871s
  cuda_allocated_gb    =0.119
  cuda_reserved_gb     =10.277
  cuda_max_allocated_gb=8.415

[PROFILE average rank=0 first 20 batches (recorded=20)]
  avg_data_time      =0.0186s
  avg_to_device_time =0.0024s
  avg_forward_time   =0.1141s
  avg_loss_time      =0.0020s
  avg_backward_time  =0.1570s
  avg_optimizer_time =0.0069s
  avg_batch_time     =0.3041s
  estimated_full_epoch_minutes=2.25

train 3 rank0:   4%|â–         | 19/444 [00:06<02:04,  3.41it/s, loss=2.5552]
train 3 rank0:   5%|â–         | 20/444 [00:06<02:03,  3.42it/s, loss=2.5552]
train 3 rank0:   5%|â–         | 20/444 [00:06<02:03,  3.42it/s, loss=2.4981]
train 3 rank0:   5%|â–         | 21/444 [00:06<02:03,  3.44it/s, loss=2.4981]
train 3 rank0:   5%|â–         | 21/444 [00:07<02:03,  3.44it/s, loss=2.5454]
train 3 rank0:   5%|â–         | 22/444 [00:07<02:02,  3.44it/s, loss=2.5454]
train 3 rank0:   5%|â–         | 22/444 [00:07<02:02,  3.44it/s, loss=2.5224]
train 3 rank0:   5%|â–Œ         | 23/444 [00:07<02:01,  3.45it/s, loss=2.5224]
train 3 rank0:   5%|â–Œ         | 23/444 [00:07<02:01,  3.45it/s, loss=2.5150]
train 3 rank0:   5%|â–Œ         | 24/444 [00:07<02:01,  3.47it/s, loss=2.5150]
train 3 rank0:   5%|â–Œ         | 24/444 [00:07<02:01,  3.47it/s, loss=2.5485]
train 3 rank0:   6%|â–Œ         | 25/444 [00:07<02:00,  3.48it/s, loss=2.5485]
train 3 rank0:   6%|â–Œ         | 25/444 [00:08<02:00,  3.48it/s, loss=2.5434]
train 3 rank0:   6%|â–Œ         | 26/444 [00:08<02:01,  3.45it/s, loss=2.5434]
train 3 rank0:   6%|â–Œ         | 26/444 [00:08<02:01,  3.45it/s, loss=2.5157]
train 3 rank0:   6%|â–Œ         | 27/444 [00:08<02:02,  3.41it/s, loss=2.5157]
train 3 rank0:   6%|â–Œ         | 27/444 [00:08<02:02,  3.41it/s, loss=2.5378]
train 3 rank0:   6%|â–‹         | 28/444 [00:08<02:02,  3.40it/s, loss=2.5378]
train 3 rank0:   6%|â–‹         | 28/444 [00:09<02:02,  3.40it/s, loss=2.5434]
train 3 rank0:   7%|â–‹         | 29/444 [00:09<02:02,  3.39it/s, loss=2.5434]
train 3 rank0:   7%|â–‹         | 29/444 [00:09<02:02,  3.39it/s, loss=2.5370]
train 3 rank0:   7%|â–‹         | 30/444 [00:09<02:00,  3.42it/s, loss=2.5370]
                                                                            
/usr/local/lib/python3.12/dist-packages/torch/distributed/c10d_logger.py:83: UserWarning: barrier(): using the device under current context. You can specify `device_id` in `init_process_group` to mute this warning.
  return func(*args, **kwargs)

val:   0%|          | 0/57 [00:00<?, ?it/s]
val:   2%|â–         | 1/57 [00:00<00:23,  2.40it/s]
val:   4%|â–Ž         | 2/57 [00:00<00:16,  3.39it/s]
val:   5%|â–Œ         | 3/57 [00:00<00:13,  3.91it/s]
val:   7%|â–‹         | 4/57 [00:01<00:12,  4.20it/s]
val:   9%|â–‰         | 5/57 [00:01<00:11,  4.40it/s]
val:  11%|â–ˆ         | 6/57 [00:01<00:11,  4.53it/s]
val:  12%|â–ˆâ–        | 7/57 [00:01<00:10,  4.58it/s]
val:  14%|â–ˆâ–        | 8/57 [00:01<00:10,  4.66it/s]
val:  16%|â–ˆâ–Œ        | 9/57 [00:02<00:10,  4.66it/s]
val:  18%|â–ˆâ–Š        | 10/57 [00:02<00:09,  4.71it/s]
                                                    
Epoch 003/015 | loss=2.5383 acc=0.1479 macro_f1=0.1358 | val_loss=2.5331 val_acc=0.1672 val_macro_f1=0.0861 | ckpt_monitor=val_macro_f1:0.0861 best_val_macro_f1=0.1057 best_epoch=2 early_val_macro_f1=0.1057 sec/batch=0.315s cuda_rankmax=8.415GB
          val pred_count: [470, 25, 101, 43, 0, 1, 0]
          no improvement: 1/12
/usr/local/lib/python3.12/dist-packages/torch/distributed/c10d_logger.py:83: UserWarning: barrier(): using the device under current context. You can specify `device_id` in `init_process_group` to mute this warning.
  return func(*args, **kwargs)

train 4 rank0:   0%|          | 0/444 [00:00<?, ?it/s][PROFILE rank=0 batch=0]
  actual_batch_size=32
  data_time      =0.3267s
  to_device_time =0.0027s
  forward_time   =0.1164s
  loss_time      =0.0015s
  backward_time  =0.1565s
  optimizer_time =0.0065s
  batch_time     =0.2886s
  cuda_allocated_gb    =0.119
  cuda_reserved_gb     =10.277
  cuda_max_allocated_gb=8.415

train 4 rank0:   0%|          | 0/444 [00:00<?, ?it/s, loss=2.5227]
train 4 rank0:   0%|          | 1/444 [00:00<04:33,  1.62it/s, loss=2.5227][PROFILE rank=0 batch=1]
  actual_batch_size=32
  data_time      =0.0005s
  to_device_time =0.0022s
  forward_time   =0.1115s
  loss_time      =0.0017s
  backward_time  =0.1552s
  optimizer_time =0.0065s
  batch_time     =0.2832s
  cuda_allocated_gb    =0.119
  cuda_reserved_gb     =10.277
  cuda_max_allocated_gb=8.415

train 4 rank0:   0%|          | 1/444 [00:00<04:33,  1.62it/s, loss=2.5380]
train 4 rank0:   0%|          | 2/444 [00:00<03:07,  2.36it/s, loss=2.5380][PROFILE rank=0 batch=2]
  actual_batch_size=32
  data_time      =0.0006s
  to_device_time =0.0022s
  forward_time   =0.1116s
  loss_time      =0.0016s
  backward_time  =0.1565s
  optimizer_time =0.0064s
  batch_time     =0.2848s
  cuda_allocated_gb    =0.120
  cuda_reserved_gb     =10.277
  cuda_max_allocated_gb=8.415

train 4 rank0:   0%|          | 2/444 [00:01<03:07,  2.36it/s, loss=2.5593]
train 4 rank0:   1%|          | 3/444 [00:01<02:39,  2.76it/s, loss=2.5593][PROFILE rank=0 batch=3]
  actual_batch_size=32
  data_time      =0.0005s
  to_device_time =0.0022s
  forward_time   =0.1145s
  loss_time      =0.0017s
  backward_time  =0.1581s
  optimizer_time =0.0064s
  batch_time     =0.2903s
  cuda_allocated_gb    =0.119
  cuda_reserved_gb     =10.277
  cuda_max_allocated_gb=8.415

train 4 rank0:   1%|          | 3/444 [00:01<02:39,  2.76it/s, loss=2.5557]
train 4 rank0:   1%|          | 4/444 [00:01<02:27,  2.98it/s, loss=2.5557][PROFILE rank=0 batch=4]
  actual_batch_size=32
  data_time      =0.0005s
  to_device_time =0.0022s
  forward_time   =0.1150s
  loss_time      =0.0017s
  backward_time  =0.1564s
  optimizer_time =0.0066s
  batch_time     =0.2846s
  cuda_allocated_gb    =0.120
  cuda_reserved_gb     =10.277
  cuda_max_allocated_gb=8.415

train 4 rank0:   1%|          | 4/444 [00:01<02:27,  2.98it/s, loss=2.5224]
train 4 rank0:   1%|          | 5/444 [00:01<02:19,  3.14it/s, loss=2.5224][PROFILE rank=0 batch=5]
  actual_batch_size=32
  data_time      =0.0013s
  to_device_time =0.0024s
  forward_time   =0.1137s
  loss_time      =0.0017s
  backward_time  =0.1590s
  optimizer_time =0.0064s
  batch_time     =0.2885s
  cuda_allocated_gb    =0.119
  cuda_reserved_gb     =10.277
  cuda_max_allocated_gb=8.415

train 4 rank0:   1%|          | 5/444 [00:02<02:19,  3.14it/s, loss=2.5453]
train 4 rank0:   1%|â–         | 6/444 [00:02<02:15,  3.23it/s, loss=2.5453][PROFILE rank=0 batch=6]
  actual_batch_size=32
  data_time      =0.0020s
  to_device_time =0.0041s
  forward_time   =0.1139s
  loss_time      =0.0018s
  backward_time  =0.1567s
  optimizer_time =0.0065s
  batch_time     =0.2867s
  cuda_allocated_gb    =0.120
  cuda_reserved_gb     =10.277
  cuda_max_allocated_gb=8.415

train 4 rank0:   1%|â–         | 6/444 [00:02<02:15,  3.23it/s, loss=2.5399]
train 4 rank0:   2%|â–         | 7/444 [00:02<02:12,  3.29it/s, loss=2.5399][PROFILE rank=0 batch=7]
  actual_batch_size=32
  data_time      =0.0022s
  to_device_time =0.0022s
  forward_time   =0.1142s
  loss_time      =0.0017s
  backward_time  =0.1560s
  optimizer_time =0.0065s
  batch_time     =0.2867s
  cuda_allocated_gb    =0.119
  cuda_reserved_gb     =10.277
  cuda_max_allocated_gb=8.415

train 4 rank0:   2%|â–         | 7/444 [00:02<02:12,  3.29it/s, loss=2.5368]
train 4 rank0:   2%|â–         | 8/444 [00:02<02:10,  3.33it/s, loss=2.5368][PROFILE rank=0 batch=8]
  actual_batch_size=32
  data_time      =0.0005s
  to_device_time =0.0022s
  forward_time   =0.1145s
  loss_time      =0.0018s
  backward_time  =0.1576s
  optimizer_time =0.0065s
  batch_time     =0.2876s
  cuda_allocated_gb    =0.120
  cuda_reserved_gb     =10.277
  cuda_max_allocated_gb=8.415

train 4 rank0:   2%|â–         | 8/444 [00:02<02:10,  3.33it/s, loss=2.5662]
train 4 rank0:   2%|â–         | 9/444 [00:02<02:09,  3.36it/s, loss=2.5662][PROFILE rank=0 batch=9]
  actual_batch_size=32
  data_time      =0.0006s
  to_device_time =0.0022s
  forward_time   =0.1138s
  loss_time      =0.0016s
  backward_time  =0.1573s
  optimizer_time =0.0066s
  batch_time     =0.2878s
  cuda_allocated_gb    =0.119
  cuda_reserved_gb     =10.277
  cuda_max_allocated_gb=8.415

train 4 rank0:   2%|â–         | 9/444 [00:03<02:09,  3.36it/s, loss=2.5766]
train 4 rank0:   2%|â–         | 10/444 [00:03<02:08,  3.38it/s, loss=2.5766][PROFILE rank=0 batch=10]
  actual_batch_size=32
  data_time      =0.0006s
  to_device_time =0.0022s
  forward_time   =0.1172s
  loss_time      =0.0016s
  backward_time  =0.1595s
  optimizer_time =0.0063s
  batch_time     =0.2897s
  cuda_allocated_gb    =0.120
  cuda_reserved_gb     =10.277
  cuda_max_allocated_gb=8.415

train 4 rank0:   2%|â–         | 10/444 [00:03<02:08,  3.38it/s, loss=2.5336]
train 4 rank0:   2%|â–         | 11/444 [00:03<02:07,  3.39it/s, loss=2.5336][PROFILE rank=0 batch=11]
  actual_batch_size=32
  data_time      =0.0005s
  to_device_time =0.0035s
  forward_time   =0.1167s
  loss_time      =0.0029s
  backward_time  =0.1671s
  optimizer_time =0.0069s
  batch_time     =0.2984s
  cuda_allocated_gb    =0.119
  cuda_reserved_gb     =10.277
  cuda_max_allocated_gb=8.415

train 4 rank0:   2%|â–         | 11/444 [00:03<02:07,  3.39it/s, loss=2.5445]
train 4 rank0:   3%|â–Ž         | 12/444 [00:03<02:08,  3.36it/s, loss=2.5445][PROFILE rank=0 batch=12]
  actual_batch_size=32
  data_time      =0.0005s
  to_device_time =0.0026s
  forward_time   =0.1162s
  loss_time      =0.0028s
  backward_time  =0.1615s
  optimizer_time =0.0068s
  batch_time     =0.2929s
  cuda_allocated_gb    =0.120
  cuda_reserved_gb     =10.277
  cuda_max_allocated_gb=8.415

train 4 rank0:   3%|â–Ž         | 12/444 [00:04<02:08,  3.36it/s, loss=2.5617]
train 4 rank0:   3%|â–Ž         | 13/444 [00:04<02:08,  3.37it/s, loss=2.5617][PROFILE rank=0 batch=13]
  actual_batch_size=32
  data_time      =0.0004s
  to_device_time =0.0021s
  forward_time   =0.1105s
  loss_time      =0.0015s
  backward_time  =0.1567s
  optimizer_time =0.0060s
  batch_time     =0.2903s
  cuda_allocated_gb    =0.119
  cuda_reserved_gb     =10.277
  cuda_max_allocated_gb=8.415

train 4 rank0:   3%|â–Ž         | 13/444 [00:04<02:08,  3.37it/s, loss=2.5511]
train 4 rank0:   3%|â–Ž         | 14/444 [00:04<02:07,  3.38it/s, loss=2.5511][PROFILE rank=0 batch=14]
  actual_batch_size=32
  data_time      =0.0005s
  to_device_time =0.0022s
  forward_time   =0.1149s
  loss_time      =0.0015s
  backward_time  =0.1567s
  optimizer_time =0.0067s
  batch_time     =0.2869s
  cuda_allocated_gb    =0.120
  cuda_reserved_gb     =10.277
  cuda_max_allocated_gb=8.415

train 4 rank0:   3%|â–Ž         | 14/444 [00:04<02:07,  3.38it/s, loss=2.5405]
train 4 rank0:   3%|â–Ž         | 15/444 [00:04<02:06,  3.40it/s, loss=2.5405][PROFILE rank=0 batch=15]
  actual_batch_size=32
  data_time      =0.0006s
  to_device_time =0.0022s
  forward_time   =0.1117s
  loss_time      =0.0017s
  backward_time  =0.1573s
  optimizer_time =0.0058s
  batch_time     =0.2881s
  cuda_allocated_gb    =0.119
  cuda_reserved_gb     =10.277
  cuda_max_allocated_gb=8.415

train 4 rank0:   3%|â–Ž         | 15/444 [00:05<02:06,  3.40it/s, loss=2.5090]
train 4 rank0:   4%|â–Ž         | 16/444 [00:05<02:05,  3.40it/s, loss=2.5090][PROFILE rank=0 batch=16]
  actual_batch_size=32
  data_time      =0.0005s
  to_device_time =0.0025s
  forward_time   =0.1158s
  loss_time      =0.0017s
  backward_time  =0.1603s
  optimizer_time =0.0071s
  batch_time     =0.2928s
  cuda_allocated_gb    =0.120
  cuda_reserved_gb     =10.277
  cuda_max_allocated_gb=8.415

train 4 rank0:   4%|â–Ž         | 16/444 [00:05<02:05,  3.40it/s, loss=2.5706]
train 4 rank0:   4%|â–         | 17/444 [00:05<02:05,  3.39it/s, loss=2.5706][PROFILE rank=0 batch=17]
  actual_batch_size=32
  data_time      =0.0006s
  to_device_time =0.0024s
  forward_time   =0.1149s
  loss_time      =0.0017s
  backward_time  =0.1559s
  optimizer_time =0.0062s
  batch_time     =0.2865s
  cuda_allocated_gb    =0.119
  cuda_reserved_gb     =10.277
  cuda_max_allocated_gb=8.415

train 4 rank0:   4%|â–         | 17/444 [00:05<02:05,  3.39it/s, loss=2.5615]
train 4 rank0:   4%|â–         | 18/444 [00:05<02:04,  3.41it/s, loss=2.5615][PROFILE rank=0 batch=18]
  actual_batch_size=32
  data_time      =0.0006s
  to_device_time =0.0022s
  forward_time   =0.1172s
  loss_time      =0.0017s
  backward_time  =0.1594s
  optimizer_time =0.0063s
  batch_time     =0.2917s
  cuda_allocated_gb    =0.120
  cuda_reserved_gb     =10.277
  cuda_max_allocated_gb=8.415

train 4 rank0:   4%|â–         | 18/444 [00:05<02:04,  3.41it/s, loss=2.5480]
train 4 rank0:   4%|â–         | 19/444 [00:05<02:04,  3.40it/s, loss=2.5480][PROFILE rank=0 batch=19]
  actual_batch_size=32
  data_time      =0.0006s
  to_device_time =0.0022s
  forward_time   =0.1160s
  loss_time      =0.0017s
  backward_time  =0.1568s
  optimizer_time =0.0064s
  batch_time     =0.2875s
  cuda_allocated_gb    =0.119
  cuda_reserved_gb     =10.277
  cuda_max_allocated_gb=8.415

[PROFILE average rank=0 first 20 batches (recorded=20)]
  avg_data_time      =0.0170s
  avg_to_device_time =0.0024s
  avg_forward_time   =0.1145s
  avg_loss_time      =0.0018s
  avg_backward_time  =0.1580s
  avg_optimizer_time =0.0065s
  avg_batch_time     =0.2887s
  estimated_full_epoch_minutes=2.14

train 4 rank0:   4%|â–         | 19/444 [00:06<02:04,  3.40it/s, loss=2.5275]
train 4 rank0:   5%|â–         | 20/444 [00:06<02:04,  3.41it/s, loss=2.5275]
train 4 rank0:   5%|â–         | 20/444 [00:06<02:04,  3.41it/s, loss=2.5272]
train 4 rank0:   5%|â–         | 21/444 [00:06<02:03,  3.42it/s, loss=2.5272]
train 4 rank0:   5%|â–         | 21/444 [00:06<02:03,  3.42it/s, loss=2.5445]
train 4 rank0:   5%|â–         | 22/444 [00:06<02:03,  3.43it/s, loss=2.5445]
train 4 rank0:   5%|â–         | 22/444 [00:07<02:03,  3.43it/s, loss=2.5261]
train 4 rank0:   5%|â–Œ         | 23/444 [00:07<02:03,  3.41it/s, loss=2.5261]
train 4 rank0:   5%|â–Œ         | 23/444 [00:07<02:03,  3.41it/s, loss=2.5172]
train 4 rank0:   5%|â–Œ         | 24/444 [00:07<02:03,  3.41it/s, loss=2.5172]
train 4 rank0:   5%|â–Œ         | 24/444 [00:07<02:03,  3.41it/s, loss=2.5183]
train 4 rank0:   6%|â–Œ         | 25/444 [00:07<02:03,  3.40it/s, loss=2.5183]
train 4 rank0:   6%|â–Œ         | 25/444 [00:07<02:03,  3.40it/s, loss=2.5440]
train 4 rank0:   6%|â–Œ         | 26/444 [00:07<02:02,  3.41it/s, loss=2.5440]
train 4 rank0:   6%|â–Œ         | 26/444 [00:08<02:02,  3.41it/s, loss=2.5433]
train 4 rank0:   6%|â–Œ         | 27/444 [00:08<02:02,  3.41it/s, loss=2.5433]
train 4 rank0:   6%|â–Œ         | 27/444 [00:08<02:02,  3.41it/s, loss=2.5543]
train 4 rank0:   6%|â–‹         | 28/444 [00:08<02:02,  3.39it/s, loss=2.5543]
train 4 rank0:   6%|â–‹         | 28/444 [00:08<02:02,  3.39it/s, loss=2.5362]
train 4 rank0:   7%|â–‹         | 29/444 [00:08<02:03,  3.36it/s, loss=2.5362]
train 4 rank0:   7%|â–‹         | 29/444 [00:09<02:03,  3.36it/s, loss=2.5502]
train 4 rank0:   7%|â–‹         | 30/444 [00:09<02:02,  3.38it/s, loss=2.5502]
                                                                            
/usr/local/lib/python3.12/dist-packages/torch/distributed/c10d_logger.py:83: UserWarning: barrier(): using the device under current context. You can specify `device_id` in `init_process_group` to mute this warning.
  return func(*args, **kwargs)

val:   0%|          | 0/57 [00:00<?, ?it/s]
val:   2%|â–         | 1/57 [00:00<00:22,  2.46it/s]
val:   4%|â–Ž         | 2/57 [00:00<00:16,  3.35it/s]
val:   5%|â–Œ         | 3/57 [00:00<00:13,  3.86it/s]
val:   7%|â–‹         | 4/57 [00:01<00:12,  4.14it/s]
val:   9%|â–‰         | 5/57 [00:01<00:12,  4.31it/s]
val:  11%|â–ˆ         | 6/57 [00:01<00:11,  4.42it/s]
val:  12%|â–ˆâ–        | 7/57 [00:01<00:11,  4.50it/s]
val:  14%|â–ˆâ–        | 8/57 [00:01<00:10,  4.59it/s]
val:  16%|â–ˆâ–Œ        | 9/57 [00:02<00:10,  4.60it/s]
val:  18%|â–ˆâ–Š        | 10/57 [00:02<00:10,  4.62it/s]
                                                    
Epoch 004/015 | loss=2.5396 acc=0.1307 macro_f1=0.1204 | val_loss=2.5331 val_acc=0.1250 val_macro_f1=0.0607 | ckpt_monitor=val_macro_f1:0.0607 best_val_macro_f1=0.1057 best_epoch=2 early_val_macro_f1=0.1057 sec/batch=0.305s cuda_rankmax=8.415GB
          val pred_count: [455, 68, 78, 33, 6, 0, 0]
          no improvement: 2/12
/usr/local/lib/python3.12/dist-packages/torch/distributed/c10d_logger.py:83: UserWarning: barrier(): using the device under current context. You can specify `device_id` in `init_process_group` to mute this warning.
  return func(*args, **kwargs)

train 5 rank0:   0%|          | 0/444 [00:00<?, ?it/s][PROFILE rank=0 batch=0]
  actual_batch_size=32
  data_time      =0.2981s
  to_device_time =0.0080s
  forward_time   =0.1322s
  loss_time      =0.0057s
  backward_time  =0.1591s
  optimizer_time =0.0061s
  batch_time     =0.3651s
  cuda_allocated_gb    =0.119
  cuda_reserved_gb     =10.277
  cuda_max_allocated_gb=8.415

train 5 rank0:   0%|          | 0/444 [00:00<?, ?it/s, loss=2.5535]
train 5 rank0:   0%|          | 1/444 [00:00<04:55,  1.50it/s, loss=2.5535][PROFILE rank=0 batch=1]
  actual_batch_size=32
  data_time      =0.0006s
  to_device_time =0.0023s
  forward_time   =0.1135s
  loss_time      =0.0016s
  backward_time  =0.1574s
  optimizer_time =0.0062s
  batch_time     =0.2893s
  cuda_allocated_gb    =0.119
  cuda_reserved_gb     =10.277
  cuda_max_allocated_gb=8.415

train 5 rank0:   0%|          | 1/444 [00:00<04:55,  1.50it/s, loss=2.5311]
train 5 rank0:   0%|          | 2/444 [00:00<03:17,  2.24it/s, loss=2.5311][PROFILE rank=0 batch=2]
  actual_batch_size=32
  data_time      =0.0005s
  to_device_time =0.0022s
  forward_time   =0.1125s
  loss_time      =0.0016s
  backward_time  =0.1582s
  optimizer_time =0.0062s
  batch_time     =0.2898s
  cuda_allocated_gb    =0.120
  cuda_reserved_gb     =10.277
  cuda_max_allocated_gb=8.415

train 5 rank0:   0%|          | 2/444 [00:01<03:17,  2.24it/s, loss=2.5448]
train 5 rank0:   1%|          | 3/444 [00:01<02:46,  2.66it/s, loss=2.5448][PROFILE rank=0 batch=3]
  actual_batch_size=32
  data_time      =0.0005s
  to_device_time =0.0022s
  forward_time   =0.1136s
  loss_time      =0.0016s
  backward_time  =0.1591s
  optimizer_time =0.0062s
  batch_time     =0.2915s
  cuda_allocated_gb    =0.119
  cuda_reserved_gb     =10.277
  cuda_max_allocated_gb=8.415

train 5 rank0:   1%|          | 3/444 [00:01<02:46,  2.66it/s, loss=2.5102]
train 5 rank0:   1%|          | 4/444 [00:01<02:31,  2.90it/s, loss=2.5102][PROFILE rank=0 batch=4]
  actual_batch_size=32
  data_time      =0.0006s
  to_device_time =0.0022s
  forward_time   =0.1132s
  loss_time      =0.0016s
  backward_time  =0.1608s
  optimizer_time =0.0061s
  batch_time     =0.2939s
  cuda_allocated_gb    =0.120
  cuda_reserved_gb     =10.277
  cuda_max_allocated_gb=8.415

train 5 rank0:   1%|          | 4/444 [00:01<02:31,  2.90it/s, loss=2.5412]
train 5 rank0:   1%|          | 5/444 [00:01<02:23,  3.05it/s, loss=2.5412][PROFILE rank=0 batch=5]
  actual_batch_size=32
  data_time      =0.0006s
  to_device_time =0.0022s
  forward_time   =0.1155s
  loss_time      =0.0016s
  backward_time  =0.1577s
  optimizer_time =0.0066s
  batch_time     =0.2907s
  cuda_allocated_gb    =0.119
  cuda_reserved_gb     =10.277
  cuda_max_allocated_gb=8.415

train 5 rank0:   1%|          | 5/444 [00:02<02:23,  3.05it/s, loss=2.5420]
train 5 rank0:   1%|â–         | 6/444 [00:02<02:18,  3.16it/s, loss=2.5420][PROFILE rank=0 batch=6]
  actual_batch_size=32
  data_time      =0.0014s
  to_device_time =0.0033s
  forward_time   =0.1105s
  loss_time      =0.0017s
  backward_time  =0.1593s
  optimizer_time =0.0070s
  batch_time     =0.2955s
  cuda_allocated_gb    =0.120
  cuda_reserved_gb     =10.277
  cuda_max_allocated_gb=8.415

train 5 rank0:   1%|â–         | 6/444 [00:02<02:18,  3.16it/s, loss=2.5595]
train 5 rank0:   2%|â–         | 7/444 [00:02<02:15,  3.21it/s, loss=2.5595][PROFILE rank=0 batch=7]
  actual_batch_size=32
  data_time      =0.0005s
  to_device_time =0.0032s
  forward_time   =0.1140s
  loss_time      =0.0017s
  backward_time  =0.1600s
  optimizer_time =0.0064s
  batch_time     =0.2929s
  cuda_allocated_gb    =0.119
  cuda_reserved_gb     =10.277
  cuda_max_allocated_gb=8.415

train 5 rank0:   2%|â–         | 7/444 [00:02<02:15,  3.21it/s, loss=2.5293]
train 5 rank0:   2%|â–         | 8/444 [00:02<02:13,  3.26it/s, loss=2.5293][PROFILE rank=0 batch=8]
  actual_batch_size=32
  data_time      =0.0006s
  to_device_time =0.0022s
  forward_time   =0.1160s
  loss_time      =0.0017s
  backward_time  =0.1602s
  optimizer_time =0.0063s
  batch_time     =0.2921s
  cuda_allocated_gb    =0.120
  cuda_reserved_gb     =10.277
  cuda_max_allocated_gb=8.415

train 5 rank0:   2%|â–         | 8/444 [00:03<02:13,  3.26it/s, loss=2.5372]
train 5 rank0:   2%|â–         | 9/444 [00:03<02:11,  3.30it/s, loss=2.5372][PROFILE rank=0 batch=9]
  actual_batch_size=32
  data_time      =0.0006s
  to_device_time =0.0022s
  forward_time   =0.1135s
  loss_time      =0.0018s
  backward_time  =0.1620s
  optimizer_time =0.0061s
  batch_time     =0.2932s
  cuda_allocated_gb    =0.119
  cuda_reserved_gb     =10.277
  cuda_max_allocated_gb=8.415

train 5 rank0:   2%|â–         | 9/444 [00:03<02:11,  3.30it/s, loss=2.5743]
train 5 rank0:   2%|â–         | 10/444 [00:03<02:10,  3.32it/s, loss=2.5743][PROFILE rank=0 batch=10]
  actual_batch_size=32
  data_time      =0.0005s
  to_device_time =0.0022s
  forward_time   =0.1119s
  loss_time      =0.0016s
  backward_time  =0.1627s
  optimizer_time =0.0071s
  batch_time     =0.2961s
  cuda_allocated_gb    =0.120
  cuda_reserved_gb     =10.277
  cuda_max_allocated_gb=8.415

train 5 rank0:   2%|â–         | 10/444 [00:03<02:10,  3.32it/s, loss=2.5538]
train 5 rank0:   2%|â–         | 11/444 [00:03<02:10,  3.32it/s, loss=2.5538][PROFILE rank=0 batch=11]
  actual_batch_size=32
  data_time      =0.0005s
  to_device_time =0.0024s
  forward_time   =0.1163s
  loss_time      =0.0027s
  backward_time  =0.1690s
  optimizer_time =0.0068s
  batch_time     =0.3086s
  cuda_allocated_gb    =0.119
  cuda_reserved_gb     =10.277
  cuda_max_allocated_gb=8.415

train 5 rank0:   2%|â–         | 11/444 [00:03<02:10,  3.32it/s, loss=2.5137]
train 5 rank0:   3%|â–Ž         | 12/444 [00:03<02:11,  3.29it/s, loss=2.5137][PROFILE rank=0 batch=12]
  actual_batch_size=32
  data_time      =0.0006s
  to_device_time =0.0023s
  forward_time   =0.1171s
  loss_time      =0.0029s
  backward_time  =0.1632s
  optimizer_time =0.0070s
  batch_time     =0.3009s
  cuda_allocated_gb    =0.120
  cuda_reserved_gb     =10.277
  cuda_max_allocated_gb=8.415

train 5 rank0:   3%|â–Ž         | 12/444 [00:04<02:11,  3.29it/s, loss=2.5502]
train 5 rank0:   3%|â–Ž         | 13/444 [00:04<02:11,  3.28it/s, loss=2.5502][PROFILE rank=0 batch=13]
  actual_batch_size=32
  data_time      =0.0005s
  to_device_time =0.0022s
  forward_time   =0.1118s
  loss_time      =0.0017s
  backward_time  =0.1622s
  optimizer_time =0.0068s
  batch_time     =0.2952s
  cuda_allocated_gb    =0.119
  cuda_reserved_gb     =10.277
  cuda_max_allocated_gb=8.415

train 5 rank0:   3%|â–Ž         | 13/444 [00:04<02:11,  3.28it/s, loss=2.5343]
train 5 rank0:   3%|â–Ž         | 14/444 [00:04<02:10,  3.30it/s, loss=2.5343][PROFILE rank=0 batch=14]
  actual_batch_size=32
  data_time      =0.0006s
  to_device_time =0.0022s
  forward_time   =0.1141s
  loss_time      =0.0017s
  backward_time  =0.1607s
  optimizer_time =0.0068s
  batch_time     =0.2949s
  cuda_allocated_gb    =0.120
  cuda_reserved_gb     =10.277
  cuda_max_allocated_gb=8.415

train 5 rank0:   3%|â–Ž         | 14/444 [00:04<02:10,  3.30it/s, loss=2.5329]
train 5 rank0:   3%|â–Ž         | 15/444 [00:04<02:09,  3.31it/s, loss=2.5329][PROFILE rank=0 batch=15]
  actual_batch_size=32
  data_time      =0.0006s
  to_device_time =0.0022s
  forward_time   =0.1124s
  loss_time      =0.0019s
  backward_time  =0.1603s
  optimizer_time =0.0066s
  batch_time     =0.2914s
  cuda_allocated_gb    =0.119
  cuda_reserved_gb     =10.277
  cuda_max_allocated_gb=8.415

train 5 rank0:   3%|â–Ž         | 15/444 [00:05<02:09,  3.31it/s, loss=2.5343]
train 5 rank0:   4%|â–Ž         | 16/444 [00:05<02:08,  3.34it/s, loss=2.5343][PROFILE rank=0 batch=16]
  actual_batch_size=32
  data_time      =0.0006s
  to_device_time =0.0022s
  forward_time   =0.1121s
  loss_time      =0.0017s
  backward_time  =0.1608s
  optimizer_time =0.0072s
  batch_time     =0.2955s
  cuda_allocated_gb    =0.120
  cuda_reserved_gb     =10.277
  cuda_max_allocated_gb=8.415

train 5 rank0:   4%|â–Ž         | 16/444 [00:05<02:08,  3.34it/s, loss=2.5477]
train 5 rank0:   4%|â–         | 17/444 [00:05<02:07,  3.34it/s, loss=2.5477][PROFILE rank=0 batch=17]
  actual_batch_size=32
  data_time      =0.0006s
  to_device_time =0.0039s
  forward_time   =0.1113s
  loss_time      =0.0016s
  backward_time  =0.1629s
  optimizer_time =0.0064s
  batch_time     =0.2977s
  cuda_allocated_gb    =0.119
  cuda_reserved_gb     =10.277
  cuda_max_allocated_gb=8.415

train 5 rank0:   4%|â–         | 17/444 [00:05<02:07,  3.34it/s, loss=2.5200]
train 5 rank0:   4%|â–         | 18/444 [00:05<02:07,  3.33it/s, loss=2.5200][PROFILE rank=0 batch=18]
  actual_batch_size=32
  data_time      =0.0006s
  to_device_time =0.0029s
  forward_time   =0.1126s
  loss_time      =0.0016s
  backward_time  =0.1628s
  optimizer_time =0.0065s
  batch_time     =0.2957s
  cuda_allocated_gb    =0.120
  cuda_reserved_gb     =10.277
  cuda_max_allocated_gb=8.415

train 5 rank0:   4%|â–         | 18/444 [00:06<02:07,  3.33it/s, loss=2.5322]
train 5 rank0:   4%|â–         | 19/444 [00:06<02:07,  3.33it/s, loss=2.5322][PROFILE rank=0 batch=19]
  actual_batch_size=32
  data_time      =0.0006s
  to_device_time =0.0022s
  forward_time   =0.1120s
  loss_time      =0.0016s
  backward_time  =0.1625s
  optimizer_time =0.0063s
  batch_time     =0.2970s
  cuda_allocated_gb    =0.119
  cuda_reserved_gb     =10.277
  cuda_max_allocated_gb=8.415

[PROFILE average rank=0 first 20 batches (recorded=20)]
  avg_data_time      =0.0155s
  avg_to_device_time =0.0027s
  avg_forward_time   =0.1143s
  avg_loss_time      =0.0020s
  avg_backward_time  =0.1611s
  avg_optimizer_time =0.0065s
  avg_batch_time     =0.2983s
  estimated_full_epoch_minutes=2.21

train 5 rank0:   4%|â–         | 19/444 [00:06<02:07,  3.33it/s, loss=2.5344]
train 5 rank0:   5%|â–         | 20/444 [00:06<02:07,  3.33it/s, loss=2.5344]
train 5 rank0:   5%|â–         | 20/444 [00:06<02:07,  3.33it/s, loss=2.5130]
train 5 rank0:   5%|â–         | 21/444 [00:06<02:06,  3.35it/s, loss=2.5130]
train 5 rank0:   5%|â–         | 21/444 [00:06<02:06,  3.35it/s, loss=2.5236]
train 5 rank0:   5%|â–         | 22/444 [00:06<02:05,  3.35it/s, loss=2.5236]
train 5 rank0:   5%|â–         | 22/444 [00:07<02:05,  3.35it/s, loss=2.5284]
train 5 rank0:   5%|â–Œ         | 23/444 [00:07<02:05,  3.35it/s, loss=2.5284]
train 5 rank0:   5%|â–Œ         | 23/444 [00:07<02:05,  3.35it/s, loss=2.5197]
train 5 rank0:   5%|â–Œ         | 24/444 [00:07<02:05,  3.35it/s, loss=2.5197]
train 5 rank0:   5%|â–Œ         | 24/444 [00:07<02:05,  3.35it/s, loss=2.5168]
train 5 rank0:   6%|â–Œ         | 25/444 [00:07<02:04,  3.36it/s, loss=2.5168]
train 5 rank0:   6%|â–Œ         | 25/444 [00:08<02:04,  3.36it/s, loss=2.5361]
train 5 rank0:   6%|â–Œ         | 26/444 [00:08<02:04,  3.36it/s, loss=2.5361]
train 5 rank0:   6%|â–Œ         | 26/444 [00:08<02:04,  3.36it/s, loss=2.5472]
train 5 rank0:   6%|â–Œ         | 27/444 [00:08<02:03,  3.36it/s, loss=2.5472]
train 5 rank0:   6%|â–Œ         | 27/444 [00:08<02:03,  3.36it/s, loss=2.5318]
train 5 rank0:   6%|â–‹         | 28/444 [00:08<02:04,  3.33it/s, loss=2.5318]
train 5 rank0:   6%|â–‹         | 28/444 [00:09<02:04,  3.33it/s, loss=2.5421]
train 5 rank0:   7%|â–‹         | 29/444 [00:09<02:05,  3.32it/s, loss=2.5421]
train 5 rank0:   7%|â–‹         | 29/444 [00:09<02:05,  3.32it/s, loss=2.5253]
train 5 rank0:   7%|â–‹         | 30/444 [00:09<02:04,  3.32it/s, loss=2.5253]
                                                                            
/usr/local/lib/python3.12/dist-packages/torch/distributed/c10d_logger.py:83: UserWarning: barrier(): using the device under current context. You can specify `device_id` in `init_process_group` to mute this warning.
  return func(*args, **kwargs)

val:   0%|          | 0/57 [00:00<?, ?it/s]
val:   2%|â–         | 1/57 [00:00<00:24,  2.25it/s]
val:   4%|â–Ž         | 2/57 [00:00<00:17,  3.19it/s]
val:   5%|â–Œ         | 3/57 [00:00<00:14,  3.70it/s]
val:   7%|â–‹         | 4/57 [00:01<00:13,  4.02it/s]
val:   9%|â–‰         | 5/57 [00:01<00:12,  4.25it/s]
val:  11%|â–ˆ         | 6/57 [00:01<00:11,  4.37it/s]
val:  12%|â–ˆâ–        | 7/57 [00:01<00:11,  4.49it/s]
val:  14%|â–ˆâ–        | 8/57 [00:01<00:10,  4.54it/s]
val:  16%|â–ˆâ–Œ        | 9/57 [00:02<00:10,  4.59it/s]
val:  18%|â–ˆâ–Š        | 10/57 [00:02<00:10,  4.60it/s]
                                                    
Epoch 005/015 | loss=2.5377 acc=0.1417 macro_f1=0.1303 | val_loss=2.5331 val_acc=0.1391 val_macro_f1=0.0785 | ckpt_monitor=val_macro_f1:0.0785 best_val_macro_f1=0.1057 best_epoch=2 early_val_macro_f1=0.1057 sec/batch=0.312s cuda_rankmax=8.415GB
          val pred_count: [447, 24, 107, 6, 2, 54, 0]
          no improvement: 3/12
/usr/local/lib/python3.12/dist-packages/torch/distributed/c10d_logger.py:83: UserWarning: barrier(): using the device under current context. You can specify `device_id` in `init_process_group` to mute this warning.
  return func(*args, **kwargs)

train 6 rank0:   0%|          | 0/444 [00:00<?, ?it/s][PROFILE rank=0 batch=0]
  actual_batch_size=32
  data_time      =0.4499s
  to_device_time =0.0059s
  forward_time   =0.1193s
  loss_time      =0.0016s
  backward_time  =0.1618s
  optimizer_time =0.0062s
  batch_time     =0.2987s
  cuda_allocated_gb    =0.119
  cuda_reserved_gb     =10.277
  cuda_max_allocated_gb=8.415

train 6 rank0:   0%|          | 0/444 [00:00<?, ?it/s, loss=2.5270]
train 6 rank0:   0%|          | 1/444 [00:00<05:32,  1.33it/s, loss=2.5270][PROFILE rank=0 batch=1]
  actual_batch_size=32
  data_time      =0.0020s
  to_device_time =0.0022s
  forward_time   =0.1117s
  loss_time      =0.0016s
  backward_time  =0.1633s
  optimizer_time =0.0066s
  batch_time     =0.2971s
  cuda_allocated_gb    =0.119
  cuda_reserved_gb     =10.277
  cuda_max_allocated_gb=8.415

train 6 rank0:   0%|          | 1/444 [00:01<05:32,  1.33it/s, loss=2.5098]
train 6 rank0:   0%|          | 2/444 [00:01<03:35,  2.05it/s, loss=2.5098][PROFILE rank=0 batch=2]
  actual_batch_size=32
  data_time      =0.0006s
  to_device_time =0.0022s
  forward_time   =0.1104s
  loss_time      =0.0017s
  backward_time  =0.1646s
  optimizer_time =0.0071s
  batch_time     =0.2993s
  cuda_allocated_gb    =0.120
  cuda_reserved_gb     =10.277
  cuda_max_allocated_gb=8.415

train 6 rank0:   0%|          | 2/444 [00:01<03:35,  2.05it/s, loss=2.5355]
train 6 rank0:   1%|          | 3/444 [00:01<02:57,  2.48it/s, loss=2.5355][PROFILE rank=0 batch=3]
  actual_batch_size=32
  data_time      =0.0033s
  to_device_time =0.0022s
  forward_time   =0.1124s
  loss_time      =0.0019s
  backward_time  =0.1629s
  optimizer_time =0.0065s
  batch_time     =0.2968s
  cuda_allocated_gb    =0.119
  cuda_reserved_gb     =10.277
  cuda_max_allocated_gb=8.415

train 6 rank0:   1%|          | 3/444 [00:01<02:57,  2.48it/s, loss=2.5197]
train 6 rank0:   1%|          | 4/444 [00:01<02:40,  2.75it/s, loss=2.5197][PROFILE rank=0 batch=4]
  actual_batch_size=32
  data_time      =0.0004s
  to_device_time =0.0022s
  forward_time   =0.1113s
  loss_time      =0.0024s
  backward_time  =0.1678s
  optimizer_time =0.0065s
  batch_time     =0.3023s
  cuda_allocated_gb    =0.120
  cuda_reserved_gb     =10.277
  cuda_max_allocated_gb=8.415

train 6 rank0:   1%|          | 4/444 [00:01<02:40,  2.75it/s, loss=2.5620]
train 6 rank0:   1%|          | 5/444 [00:01<02:30,  2.92it/s, loss=2.5620][PROFILE rank=0 batch=5]
  actual_batch_size=32
  data_time      =0.0006s
  to_device_time =0.0029s
  forward_time   =0.1136s
  loss_time      =0.0018s
  backward_time  =0.1638s
  optimizer_time =0.0065s
  batch_time     =0.2983s
  cuda_allocated_gb    =0.119
  cuda_reserved_gb     =10.277
  cuda_max_allocated_gb=8.415

train 6 rank0:   1%|          | 5/444 [00:02<02:30,  2.92it/s, loss=2.5415]
train 6 rank0:   1%|â–         | 6/444 [00:02<02:24,  3.04it/s, loss=2.5415][PROFILE rank=0 batch=6]
  actual_batch_size=32
  data_time      =0.0005s
  to_device_time =0.0025s
  forward_time   =0.1138s
  loss_time      =0.0016s
  backward_time  =0.1660s
  optimizer_time =0.0066s
  batch_time     =0.3005s
  cuda_allocated_gb    =0.120
  cuda_reserved_gb     =10.277
  cuda_max_allocated_gb=8.415

train 6 rank0:   1%|â–         | 6/444 [00:02<02:24,  3.04it/s, loss=2.5610]
train 6 rank0:   2%|â–         | 7/444 [00:02<02:20,  3.11it/s, loss=2.5610][PROFILE rank=0 batch=7]
  actual_batch_size=32
  data_time      =0.0006s
  to_device_time =0.0022s
  forward_time   =0.1123s
  loss_time      =0.0017s
  backward_time  =0.1640s
  optimizer_time =0.0117s
  batch_time     =0.3049s
  cuda_allocated_gb    =0.119
  cuda_reserved_gb     =10.277
  cuda_max_allocated_gb=8.415

train 6 rank0:   2%|â–         | 7/444 [00:02<02:20,  3.11it/s, loss=2.5574]
train 6 rank0:   2%|â–         | 8/444 [00:02<02:18,  3.15it/s, loss=2.5574][PROFILE rank=0 batch=8]
  actual_batch_size=32
  data_time      =0.0006s
  to_device_time =0.0023s
  forward_time   =0.1153s
  loss_time      =0.0017s
  backward_time  =0.1630s
  optimizer_time =0.0066s
  batch_time     =0.2954s
  cuda_allocated_gb    =0.120
  cuda_reserved_gb     =10.277
  cuda_max_allocated_gb=8.415

train 6 rank0:   2%|â–         | 8/444 [00:03<02:18,  3.15it/s, loss=2.5451]
train 6 rank0:   2%|â–         | 9/444 [00:03<02:15,  3.20it/s, loss=2.5451][PROFILE rank=0 batch=9]
  actual_batch_size=32
  data_time      =0.0005s
  to_device_time =0.0022s
  forward_time   =0.1156s
  loss_time      =0.0017s
  backward_time  =0.1640s
  optimizer_time =0.0064s
  batch_time     =0.2990s
  cuda_allocated_gb    =0.119
  cuda_reserved_gb     =10.277
  cuda_max_allocated_gb=8.415

train 6 rank0:   2%|â–         | 9/444 [00:03<02:15,  3.20it/s, loss=2.5563]
train 6 rank0:   2%|â–         | 10/444 [00:03<02:14,  3.23it/s, loss=2.5563][PROFILE rank=0 batch=10]
  actual_batch_size=32
  data_time      =0.0004s
  to_device_time =0.0023s
  forward_time   =0.1130s
  loss_time      =0.0020s
  backward_time  =0.1636s
  optimizer_time =0.0064s
  batch_time     =0.2979s
  cuda_allocated_gb    =0.120
  cuda_reserved_gb     =10.277
  cuda_max_allocated_gb=8.415

train 6 rank0:   2%|â–         | 10/444 [00:03<02:14,  3.23it/s, loss=2.5459]
train 6 rank0:   2%|â–         | 11/444 [00:03<02:13,  3.25it/s, loss=2.5459][PROFILE rank=0 batch=11]
  actual_batch_size=32
  data_time      =0.0005s
  to_device_time =0.0031s
  forward_time   =0.1131s
  loss_time      =0.0020s
  backward_time  =0.1682s
  optimizer_time =0.0065s
  batch_time     =0.3072s
  cuda_allocated_gb    =0.119
  cuda_reserved_gb     =10.277
  cuda_max_allocated_gb=8.415

train 6 rank0:   2%|â–         | 11/444 [00:04<02:13,  3.25it/s, loss=2.5236]
train 6 rank0:   3%|â–Ž         | 12/444 [00:04<02:13,  3.24it/s, loss=2.5236][PROFILE rank=0 batch=12]
  actual_batch_size=32
  data_time      =0.0007s
  to_device_time =0.0022s
  forward_time   =0.1178s
  loss_time      =0.0028s
  backward_time  =0.1671s
  optimizer_time =0.0066s
  batch_time     =0.3078s
  cuda_allocated_gb    =0.120
  cuda_reserved_gb     =10.277
  cuda_max_allocated_gb=8.415

train 6 rank0:   3%|â–Ž         | 12/444 [00:04<02:13,  3.24it/s, loss=2.5095]
train 6 rank0:   3%|â–Ž         | 13/444 [00:04<02:13,  3.23it/s, loss=2.5095][PROFILE rank=0 batch=13]
  actual_batch_size=32
  data_time      =0.0005s
  to_device_time =0.0022s
  forward_time   =0.1133s
  loss_time      =0.0016s
  backward_time  =0.1662s
  optimizer_time =0.0068s
  batch_time     =0.3007s
  cuda_allocated_gb    =0.119
  cuda_reserved_gb     =10.277
  cuda_max_allocated_gb=8.415

train 6 rank0:   3%|â–Ž         | 13/444 [00:04<02:13,  3.23it/s, loss=2.5253]
train 6 rank0:   3%|â–Ž         | 14/444 [00:04<02:12,  3.25it/s, loss=2.5253][PROFILE rank=0 batch=14]
  actual_batch_size=32
  data_time      =0.0006s
  to_device_time =0.0022s
  forward_time   =0.1151s
  loss_time      =0.0018s
  backward_time  =0.1660s
  optimizer_time =0.0066s
  batch_time     =0.3014s
  cuda_allocated_gb    =0.120
  cuda_reserved_gb     =10.277
  cuda_max_allocated_gb=8.415

train 6 rank0:   3%|â–Ž         | 14/444 [00:05<02:12,  3.25it/s, loss=2.5243]
train 6 rank0:   3%|â–Ž         | 15/444 [00:05<02:11,  3.26it/s, loss=2.5243][PROFILE rank=0 batch=15]
  actual_batch_size=32
  data_time      =0.0006s
  to_device_time =0.0022s
  forward_time   =0.1142s
  loss_time      =0.0018s
  backward_time  =0.1641s
  optimizer_time =0.0070s
  batch_time     =0.3017s
  cuda_allocated_gb    =0.119
  cuda_reserved_gb     =10.277
  cuda_max_allocated_gb=8.415

train 6 rank0:   3%|â–Ž         | 15/444 [00:05<02:11,  3.26it/s, loss=2.5191]
train 6 rank0:   4%|â–Ž         | 16/444 [00:05<02:11,  3.26it/s, loss=2.5191][PROFILE rank=0 batch=16]
  actual_batch_size=32
  data_time      =0.0006s
  to_device_time =0.0022s
  forward_time   =0.1156s
  loss_time      =0.0017s
  backward_time  =0.1641s
  optimizer_time =0.0070s
  batch_time     =0.2994s
  cuda_allocated_gb    =0.120
  cuda_reserved_gb     =10.277
  cuda_max_allocated_gb=8.415

train 6 rank0:   4%|â–Ž         | 16/444 [00:05<02:11,  3.26it/s, loss=2.5447]
train 6 rank0:   4%|â–         | 17/444 [00:05<02:10,  3.27it/s, loss=2.5447][PROFILE rank=0 batch=17]
  actual_batch_size=32
  data_time      =0.0006s
  to_device_time =0.0038s
  forward_time   =0.1133s
  loss_time      =0.0017s
  backward_time  =0.1631s
  optimizer_time =0.0065s
  batch_time     =0.3000s
  cuda_allocated_gb    =0.119
  cuda_reserved_gb     =10.277
  cuda_max_allocated_gb=8.415

train 6 rank0:   4%|â–         | 17/444 [00:05<02:10,  3.27it/s, loss=2.5435]
train 6 rank0:   4%|â–         | 18/444 [00:05<02:10,  3.28it/s, loss=2.5435][PROFILE rank=0 batch=18]
  actual_batch_size=32
  data_time      =0.0006s
  to_device_time =0.0041s
  forward_time   =0.1132s
  loss_time      =0.0018s
  backward_time  =0.1616s
  optimizer_time =0.0066s
  batch_time     =0.2989s
  cuda_allocated_gb    =0.120
  cuda_reserved_gb     =10.277
  cuda_max_allocated_gb=8.415

train 6 rank0:   4%|â–         | 18/444 [00:06<02:10,  3.28it/s, loss=2.5193]
train 6 rank0:   4%|â–         | 19/444 [00:06<02:09,  3.28it/s, loss=2.5193][PROFILE rank=0 batch=19]
  actual_batch_size=32
  data_time      =0.0006s
  to_device_time =0.0022s
  forward_time   =0.1190s
  loss_time      =0.0017s
  backward_time  =0.1658s
  optimizer_time =0.0066s
  batch_time     =0.3100s
  cuda_allocated_gb    =0.119
  cuda_reserved_gb     =10.277
  cuda_max_allocated_gb=8.415

[PROFILE average rank=0 first 20 batches (recorded=20)]
  avg_data_time      =0.0232s
  avg_to_device_time =0.0027s
  avg_forward_time   =0.1142s
  avg_loss_time      =0.0018s
  avg_backward_time  =0.1645s
  avg_optimizer_time =0.0069s
  avg_batch_time     =0.3009s
  estimated_full_epoch_minutes=2.23

train 6 rank0:   4%|â–         | 19/444 [00:06<02:09,  3.28it/s, loss=2.5417]
train 6 rank0:   5%|â–         | 20/444 [00:06<02:10,  3.25it/s, loss=2.5417]
train 6 rank0:   5%|â–         | 20/444 [00:06<02:10,  3.25it/s, loss=2.5522]
train 6 rank0:   5%|â–         | 21/444 [00:06<02:09,  3.28it/s, loss=2.5522]
train 6 rank0:   5%|â–         | 21/444 [00:07<02:09,  3.28it/s, loss=2.5262]
train 6 rank0:   5%|â–         | 22/444 [00:07<02:08,  3.28it/s, loss=2.5262]
train 6 rank0:   5%|â–         | 22/444 [00:07<02:08,  3.28it/s, loss=2.5547]
train 6 rank0:   5%|â–Œ         | 23/444 [00:07<02:08,  3.28it/s, loss=2.5547]
train 6 rank0:   5%|â–Œ         | 23/444 [00:07<02:08,  3.28it/s, loss=2.5616]
train 6 rank0:   5%|â–Œ         | 24/444 [00:07<02:07,  3.28it/s, loss=2.5616]
train 6 rank0:   5%|â–Œ         | 24/444 [00:08<02:07,  3.28it/s, loss=2.5353]
train 6 rank0:   6%|â–Œ         | 25/444 [00:08<02:07,  3.28it/s, loss=2.5353]
train 6 rank0:   6%|â–Œ         | 25/444 [00:08<02:07,  3.28it/s, loss=2.5329]
train 6 rank0:   6%|â–Œ         | 26/444 [00:08<02:07,  3.28it/s, loss=2.5329]
train 6 rank0:   6%|â–Œ         | 26/444 [00:08<02:07,  3.28it/s, loss=2.5403]
train 6 rank0:   6%|â–Œ         | 27/444 [00:08<02:07,  3.28it/s, loss=2.5403]
train 6 rank0:   6%|â–Œ         | 27/444 [00:09<02:07,  3.28it/s, loss=2.5439]
train 6 rank0:   6%|â–‹         | 28/444 [00:09<02:08,  3.23it/s, loss=2.5439]
train 6 rank0:   6%|â–‹         | 28/444 [00:09<02:08,  3.23it/s, loss=2.5473]
train 6 rank0:   7%|â–‹         | 29/444 [00:09<02:09,  3.21it/s, loss=2.5473]
train 6 rank0:   7%|â–‹         | 29/444 [00:09<02:09,  3.21it/s, loss=2.5506]
train 6 rank0:   7%|â–‹         | 30/444 [00:09<02:08,  3.23it/s, loss=2.5506]
                                                                            
/usr/local/lib/python3.12/dist-packages/torch/distributed/c10d_logger.py:83: UserWarning: barrier(): using the device under current context. You can specify `device_id` in `init_process_group` to mute this warning.
  return func(*args, **kwargs)

val:   0%|          | 0/57 [00:00<?, ?it/s]
val:   2%|â–         | 1/57 [00:00<00:24,  2.31it/s]
val:   4%|â–Ž         | 2/57 [00:00<00:16,  3.28it/s]
val:   5%|â–Œ         | 3/57 [00:00<00:14,  3.79it/s]
val:   7%|â–‹         | 4/57 [00:01<00:12,  4.08it/s]
val:   9%|â–‰         | 5/57 [00:01<00:12,  4.25it/s]
val:  11%|â–ˆ         | 6/57 [00:01<00:11,  4.38it/s]
val:  12%|â–ˆâ–        | 7/57 [00:01<00:11,  4.46it/s]
val:  14%|â–ˆâ–        | 8/57 [00:01<00:10,  4.49it/s]
val:  16%|â–ˆâ–Œ        | 9/57 [00:02<00:10,  4.54it/s]
val:  18%|â–ˆâ–Š        | 10/57 [00:02<00:10,  4.57it/s]
                                                    
Epoch 006/015 | loss=2.5394 acc=0.1318 macro_f1=0.1241 | val_loss=2.5331 val_acc=0.1453 val_macro_f1=0.0877 | ckpt_monitor=val_macro_f1:0.0877 best_val_macro_f1=0.1057 best_epoch=2 early_val_macro_f1=0.1057 sec/batch=0.322s cuda_rankmax=8.415GB
          val pred_count: [406, 79, 38, 80, 5, 32, 0]
          no improvement: 4/12
/usr/local/lib/python3.12/dist-packages/torch/distributed/c10d_logger.py:83: UserWarning: barrier(): using the device under current context. You can specify `device_id` in `init_process_group` to mute this warning.
  return func(*args, **kwargs)

train 7 rank0:   0%|          | 0/444 [00:00<?, ?it/s][PROFILE rank=0 batch=0]
  actual_batch_size=32
  data_time      =0.2844s
  to_device_time =0.0025s
  forward_time   =0.1273s
  loss_time      =0.0066s
  backward_time  =0.1659s
  optimizer_time =0.0067s
  batch_time     =0.3109s
  cuda_allocated_gb    =0.119
  cuda_reserved_gb     =10.277
  cuda_max_allocated_gb=8.415

train 7 rank0:   0%|          | 0/444 [00:00<?, ?it/s, loss=2.5318]
train 7 rank0:   0%|          | 1/444 [00:00<04:25,  1.67it/s, loss=2.5318][PROFILE rank=0 batch=1]
  actual_batch_size=32
  data_time      =0.0006s
  to_device_time =0.0022s
  forward_time   =0.1249s
  loss_time      =0.0025s
  backward_time  =0.1665s
  optimizer_time =0.0068s
  batch_time     =0.3109s
  cuda_allocated_gb    =0.119
  cuda_reserved_gb     =10.277
  cuda_max_allocated_gb=8.415

train 7 rank0:   0%|          | 1/444 [00:00<04:25,  1.67it/s, loss=2.5645]
train 7 rank0:   0%|          | 2/444 [00:00<03:10,  2.32it/s, loss=2.5645][PROFILE rank=0 batch=2]
  actual_batch_size=32
  data_time      =0.0006s
  to_device_time =0.0022s
  forward_time   =0.1124s
  loss_time      =0.0016s
  backward_time  =0.1664s
  optimizer_time =0.0070s
  batch_time     =0.3044s
  cuda_allocated_gb    =0.120
  cuda_reserved_gb     =10.277
  cuda_max_allocated_gb=8.415

train 7 rank0:   0%|          | 2/444 [00:01<03:10,  2.32it/s, loss=2.5386]
train 7 rank0:   1%|          | 3/444 [00:01<02:45,  2.66it/s, loss=2.5386][PROFILE rank=0 batch=3]
  actual_batch_size=32
  data_time      =0.0006s
  to_device_time =0.0022s
  forward_time   =0.1112s
  loss_time      =0.0017s
  backward_time  =0.1668s
  optimizer_time =0.0065s
  batch_time     =0.3050s
  cuda_allocated_gb    =0.119
  cuda_reserved_gb     =10.277
  cuda_max_allocated_gb=8.415

train 7 rank0:   1%|          | 3/444 [00:01<02:45,  2.66it/s, loss=2.5447]
train 7 rank0:   1%|          | 4/444 [00:01<02:33,  2.86it/s, loss=2.5447][PROFILE rank=0 batch=4]
  actual_batch_size=32
  data_time      =0.0006s
  to_device_time =0.0026s
  forward_time   =0.1137s
  loss_time      =0.0020s
  backward_time  =0.1691s
  optimizer_time =0.0065s
  batch_time     =0.3075s
  cuda_allocated_gb    =0.120
  cuda_reserved_gb     =10.277
  cuda_max_allocated_gb=8.415

train 7 rank0:   1%|          | 4/444 [00:01<02:33,  2.86it/s, loss=2.5663]
train 7 rank0:   1%|          | 5/444 [00:01<02:27,  2.98it/s, loss=2.5663][PROFILE rank=0 batch=5]
  actual_batch_size=32
  data_time      =0.0006s
  to_device_time =0.0025s
  forward_time   =0.1133s
  loss_time      =0.0018s
  backward_time  =0.1680s
  optimizer_time =0.0064s
  batch_time     =0.3056s
  cuda_allocated_gb    =0.119
  cuda_reserved_gb     =10.277
  cuda_max_allocated_gb=8.415

train 7 rank0:   1%|          | 5/444 [00:02<02:27,  2.98it/s, loss=2.5477]
train 7 rank0:   1%|â–         | 6/444 [00:02<02:23,  3.06it/s, loss=2.5477][PROFILE rank=0 batch=6]
  actual_batch_size=32
  data_time      =0.0006s
  to_device_time =0.0022s
  forward_time   =0.1119s
  loss_time      =0.0020s
  backward_time  =0.1671s
  optimizer_time =0.0063s
  batch_time     =0.3055s
  cuda_allocated_gb    =0.120
  cuda_reserved_gb     =10.277
  cuda_max_allocated_gb=8.415

train 7 rank0:   1%|â–         | 6/444 [00:02<02:23,  3.06it/s, loss=2.5230]
train 7 rank0:   2%|â–         | 7/444 [00:02<02:20,  3.12it/s, loss=2.5230][PROFILE rank=0 batch=7]
  actual_batch_size=32
  data_time      =0.0006s
  to_device_time =0.0022s
  forward_time   =0.1109s
  loss_time      =0.0016s
  backward_time  =0.1701s
  optimizer_time =0.0064s
  batch_time     =0.3058s
  cuda_allocated_gb    =0.119
  cuda_reserved_gb     =10.277
  cuda_max_allocated_gb=8.415

train 7 rank0:   2%|â–         | 7/444 [00:02<02:20,  3.12it/s, loss=2.5360]
train 7 rank0:   2%|â–         | 8/444 [00:02<02:18,  3.15it/s, loss=2.5360][PROFILE rank=0 batch=8]
  actual_batch_size=32
  data_time      =0.0004s
  to_device_time =0.0022s
  forward_time   =0.1141s
  loss_time      =0.0018s
  backward_time  =0.1650s
  optimizer_time =0.0066s
  batch_time     =0.3067s
  cuda_allocated_gb    =0.120
  cuda_reserved_gb     =10.277
  cuda_max_allocated_gb=8.415

train 7 rank0:   2%|â–         | 8/444 [00:03<02:18,  3.15it/s, loss=2.5371]
train 7 rank0:   2%|â–         | 9/444 [00:03<02:17,  3.17it/s, loss=2.5371][PROFILE rank=0 batch=9]
  actual_batch_size=32
  data_time      =0.0005s
  to_device_time =0.0022s
  forward_time   =0.1123s
  loss_time      =0.0016s
  backward_time  =0.1665s
  optimizer_time =0.0064s
  batch_time     =0.3039s
  cuda_allocated_gb    =0.119
  cuda_reserved_gb     =10.277
  cuda_max_allocated_gb=8.415

train 7 rank0:   2%|â–         | 9/444 [00:03<02:17,  3.17it/s, loss=2.5457]
train 7 rank0:   2%|â–         | 10/444 [00:03<02:15,  3.20it/s, loss=2.5457][PROFILE rank=0 batch=10]
  actual_batch_size=32
  data_time      =0.0005s
  to_device_time =0.0041s
  forward_time   =0.1164s
  loss_time      =0.0016s
  backward_time  =0.1706s
  optimizer_time =0.0064s
  batch_time     =0.3094s
  cuda_allocated_gb    =0.120
  cuda_reserved_gb     =10.277
  cuda_max_allocated_gb=8.415

train 7 rank0:   2%|â–         | 10/444 [00:03<02:15,  3.20it/s, loss=2.5249]
train 7 rank0:   2%|â–         | 11/444 [00:03<02:15,  3.20it/s, loss=2.5249][PROFILE rank=0 batch=11]
  actual_batch_size=32
  data_time      =0.0005s
  to_device_time =0.0026s
  forward_time   =0.1191s
  loss_time      =0.0028s
  backward_time  =0.1671s
  optimizer_time =0.0068s
  batch_time     =0.3130s
  cuda_allocated_gb    =0.119
  cuda_reserved_gb     =10.277
  cuda_max_allocated_gb=8.415

train 7 rank0:   2%|â–         | 11/444 [00:04<02:15,  3.20it/s, loss=2.5419]
train 7 rank0:   3%|â–Ž         | 12/444 [00:04<02:15,  3.18it/s, loss=2.5419][PROFILE rank=0 batch=12]
  actual_batch_size=32
  data_time      =0.0005s
  to_device_time =0.0022s
  forward_time   =0.1188s
  loss_time      =0.0029s
  backward_time  =0.1699s
  optimizer_time =0.0063s
  batch_time     =0.3139s
  cuda_allocated_gb    =0.120
  cuda_reserved_gb     =10.277
  cuda_max_allocated_gb=8.415

train 7 rank0:   3%|â–Ž         | 12/444 [00:04<02:15,  3.18it/s, loss=2.5303]
train 7 rank0:   3%|â–Ž         | 13/444 [00:04<02:15,  3.17it/s, loss=2.5303][PROFILE rank=0 batch=13]
  actual_batch_size=32
  data_time      =0.0006s
  to_device_time =0.0022s
  forward_time   =0.1143s
  loss_time      =0.0017s
  backward_time  =0.1679s
  optimizer_time =0.0071s
  batch_time     =0.3066s
  cuda_allocated_gb    =0.119
  cuda_reserved_gb     =10.277
  cuda_max_allocated_gb=8.415

train 7 rank0:   3%|â–Ž         | 13/444 [00:04<02:15,  3.17it/s, loss=2.5377]
train 7 rank0:   3%|â–Ž         | 14/444 [00:04<02:14,  3.19it/s, loss=2.5377][PROFILE rank=0 batch=14]
  actual_batch_size=32
  data_time      =0.0005s
  to_device_time =0.0022s
  forward_time   =0.1124s
  loss_time      =0.0018s
  backward_time  =0.1738s
  optimizer_time =0.0065s
  batch_time     =0.3104s
  cuda_allocated_gb    =0.120
  cuda_reserved_gb     =10.277
  cuda_max_allocated_gb=8.415

train 7 rank0:   3%|â–Ž         | 14/444 [00:04<02:14,  3.19it/s, loss=2.5363]
train 7 rank0:   3%|â–Ž         | 15/444 [00:04<02:14,  3.19it/s, loss=2.5363][PROFILE rank=0 batch=15]
  actual_batch_size=32
  data_time      =0.0035s
  to_device_time =0.0036s
  forward_time   =0.1120s
  loss_time      =0.0017s
  backward_time  =0.1688s
  optimizer_time =0.0062s
  batch_time     =0.3080s
  cuda_allocated_gb    =0.119
  cuda_reserved_gb     =10.277
  cuda_max_allocated_gb=8.415

train 7 rank0:   3%|â–Ž         | 15/444 [00:05<02:14,  3.19it/s, loss=2.5688]
train 7 rank0:   4%|â–Ž         | 16/444 [00:05<02:14,  3.18it/s, loss=2.5688][PROFILE rank=0 batch=16]
  actual_batch_size=32
  data_time      =0.0006s
  to_device_time =0.0027s
  forward_time   =0.1130s
  loss_time      =0.0018s
  backward_time  =0.1716s
  optimizer_time =0.0064s
  batch_time     =0.3097s
  cuda_allocated_gb    =0.120
  cuda_reserved_gb     =10.277
  cuda_max_allocated_gb=8.415

train 7 rank0:   4%|â–Ž         | 16/444 [00:05<02:14,  3.18it/s, loss=2.5324]
train 7 rank0:   4%|â–         | 17/444 [00:05<02:14,  3.19it/s, loss=2.5324][PROFILE rank=0 batch=17]
  actual_batch_size=32
  data_time      =0.0006s
  to_device_time =0.0022s
  forward_time   =0.1170s
  loss_time      =0.0017s
  backward_time  =0.1665s
  optimizer_time =0.0063s
  batch_time     =0.3044s
  cuda_allocated_gb    =0.119
  cuda_reserved_gb     =10.277
  cuda_max_allocated_gb=8.415

train 7 rank0:   4%|â–         | 17/444 [00:05<02:14,  3.19it/s, loss=2.5465]
train 7 rank0:   4%|â–         | 18/444 [00:05<02:13,  3.20it/s, loss=2.5465][PROFILE rank=0 batch=18]
  actual_batch_size=32
  data_time      =0.0006s
  to_device_time =0.0022s
  forward_time   =0.1151s
  loss_time      =0.0018s
  backward_time  =0.1727s
  optimizer_time =0.0066s
  batch_time     =0.3132s
  cuda_allocated_gb    =0.120
  cuda_reserved_gb     =10.277
  cuda_max_allocated_gb=8.415

train 7 rank0:   4%|â–         | 18/444 [00:06<02:13,  3.20it/s, loss=2.5386]
train 7 rank0:   4%|â–         | 19/444 [00:06<02:13,  3.19it/s, loss=2.5386][PROFILE rank=0 batch=19]
  actual_batch_size=32
  data_time      =0.0005s
  to_device_time =0.0022s
  forward_time   =0.1164s
  loss_time      =0.0018s
  backward_time  =0.1669s
  optimizer_time =0.0066s
  batch_time     =0.3043s
  cuda_allocated_gb    =0.119
  cuda_reserved_gb     =10.277
  cuda_max_allocated_gb=8.415

[PROFILE average rank=0 first 20 batches (recorded=20)]
  avg_data_time      =0.0149s
  avg_to_device_time =0.0025s
  avg_forward_time   =0.1153s
  avg_loss_time      =0.0021s
  avg_backward_time  =0.1684s
  avg_optimizer_time =0.0065s
  avg_batch_time     =0.3080s
  estimated_full_epoch_minutes=2.28

train 7 rank0:   4%|â–         | 19/444 [00:06<02:13,  3.19it/s, loss=2.5363]
train 7 rank0:   5%|â–         | 20/444 [00:06<02:12,  3.20it/s, loss=2.5363]
train 7 rank0:   5%|â–         | 20/444 [00:06<02:12,  3.20it/s, loss=2.5418]
train 7 rank0:   5%|â–         | 21/444 [00:06<02:11,  3.21it/s, loss=2.5418]
train 7 rank0:   5%|â–         | 21/444 [00:07<02:11,  3.21it/s, loss=2.5168]
train 7 rank0:   5%|â–         | 22/444 [00:07<02:11,  3.21it/s, loss=2.5168]
train 7 rank0:   5%|â–         | 22/444 [00:07<02:11,  3.21it/s, loss=2.5435]
train 7 rank0:   5%|â–Œ         | 23/444 [00:07<02:10,  3.23it/s, loss=2.5435]
train 7 rank0:   5%|â–Œ         | 23/444 [00:07<02:10,  3.23it/s, loss=2.5604]
train 7 rank0:   5%|â–Œ         | 24/444 [00:07<02:10,  3.23it/s, loss=2.5604]
train 7 rank0:   5%|â–Œ         | 24/444 [00:08<02:10,  3.23it/s, loss=2.5292]
train 7 rank0:   6%|â–Œ         | 25/444 [00:08<02:10,  3.21it/s, loss=2.5292]
train 7 rank0:   6%|â–Œ         | 25/444 [00:08<02:10,  3.21it/s, loss=2.5188]
train 7 rank0:   6%|â–Œ         | 26/444 [00:08<02:09,  3.23it/s, loss=2.5188]
train 7 rank0:   6%|â–Œ         | 26/444 [00:08<02:09,  3.23it/s, loss=2.5009]
train 7 rank0:   6%|â–Œ         | 27/444 [00:08<02:09,  3.22it/s, loss=2.5009]
train 7 rank0:   6%|â–Œ         | 27/444 [00:09<02:09,  3.22it/s, loss=2.5300]
train 7 rank0:   6%|â–‹         | 28/444 [00:09<02:10,  3.20it/s, loss=2.5300]
train 7 rank0:   6%|â–‹         | 28/444 [00:09<02:10,  3.20it/s, loss=2.5182]
train 7 rank0:   7%|â–‹         | 29/444 [00:09<02:10,  3.17it/s, loss=2.5182]
train 7 rank0:   7%|â–‹         | 29/444 [00:09<02:10,  3.17it/s, loss=2.5312]
train 7 rank0:   7%|â–‹         | 30/444 [00:09<02:10,  3.18it/s, loss=2.5312]
                                                                            
/usr/local/lib/python3.12/dist-packages/torch/distributed/c10d_logger.py:83: UserWarning: barrier(): using the device under current context. You can specify `device_id` in `init_process_group` to mute this warning.
  return func(*args, **kwargs)

val:   0%|          | 0/57 [00:00<?, ?it/s]
val:   2%|â–         | 1/57 [00:00<00:26,  2.11it/s]
val:   4%|â–Ž         | 2/57 [00:00<00:17,  3.07it/s]
val:   5%|â–Œ         | 3/57 [00:00<00:14,  3.61it/s]
val:   7%|â–‹         | 4/57 [00:01<00:13,  3.95it/s]
val:   9%|â–‰         | 5/57 [00:01<00:12,  4.13it/s]
val:  11%|â–ˆ         | 6/57 [00:01<00:11,  4.28it/s]
val:  12%|â–ˆâ–        | 7/57 [00:01<00:11,  4.38it/s]
val:  14%|â–ˆâ–        | 8/57 [00:02<00:11,  4.43it/s]
val:  16%|â–ˆâ–Œ        | 9/57 [00:02<00:10,  4.47it/s]
val:  18%|â–ˆâ–Š        | 10/57 [00:02<00:10,  4.52it/s]
                                                    
Epoch 007/015 | loss=2.5390 acc=0.1406 macro_f1=0.1305 | val_loss=2.5331 val_acc=0.1406 val_macro_f1=0.1175 | ckpt_monitor=val_macro_f1:0.1175 best_val_macro_f1=0.1175 best_epoch=7 early_val_macro_f1=0.1175 sec/batch=0.323s cuda_rankmax=8.415GB
          val pred_count: [145, 139, 35, 122, 103, 96, 0]
          checkpoint improvement: best_epoch=7
          early stopping monitor improved
/usr/local/lib/python3.12/dist-packages/torch/distributed/c10d_logger.py:83: UserWarning: barrier(): using the device under current context. You can specify `device_id` in `init_process_group` to mute this warning.
  return func(*args, **kwargs)

train 8 rank0:   0%|          | 0/444 [00:00<?, ?it/s][PROFILE rank=0 batch=0]
  actual_batch_size=32
  data_time      =0.3089s
  to_device_time =0.0023s
  forward_time   =0.1220s
  loss_time      =0.0015s
  backward_time  =0.1728s
  optimizer_time =0.0065s
  batch_time     =0.3101s
  cuda_allocated_gb    =0.119
  cuda_reserved_gb     =10.277
  cuda_max_allocated_gb=8.415

train 8 rank0:   0%|          | 0/444 [00:00<?, ?it/s, loss=2.5477]
train 8 rank0:   0%|          | 1/444 [00:00<04:35,  1.61it/s, loss=2.5477][PROFILE rank=0 batch=1]
  actual_batch_size=32
  data_time      =0.0004s
  to_device_time =0.0021s
  forward_time   =0.1131s
  loss_time      =0.0017s
  backward_time  =0.1703s
  optimizer_time =0.0070s
  batch_time     =0.3110s
  cuda_allocated_gb    =0.119
  cuda_reserved_gb     =10.277
  cuda_max_allocated_gb=8.415

train 8 rank0:   0%|          | 1/444 [00:00<04:35,  1.61it/s, loss=2.5241]
train 8 rank0:   0%|          | 2/444 [00:00<03:15,  2.27it/s, loss=2.5241][PROFILE rank=0 batch=2]
  actual_batch_size=32
  data_time      =0.0006s
  to_device_time =0.0022s
  forward_time   =0.1127s
  loss_time      =0.0018s
  backward_time  =0.1698s
  optimizer_time =0.0066s
  batch_time     =0.3098s
  cuda_allocated_gb    =0.120
  cuda_reserved_gb     =10.277
  cuda_max_allocated_gb=8.415

train 8 rank0:   0%|          | 2/444 [00:01<03:15,  2.27it/s, loss=2.5465]
train 8 rank0:   1%|          | 3/444 [00:01<02:48,  2.61it/s, loss=2.5465][PROFILE rank=0 batch=3]
  actual_batch_size=32
  data_time      =0.0005s
  to_device_time =0.0027s
  forward_time   =0.1126s
  loss_time      =0.0017s
  backward_time  =0.1729s
  optimizer_time =0.0066s
  batch_time     =0.3133s
  cuda_allocated_gb    =0.119
  cuda_reserved_gb     =10.277
  cuda_max_allocated_gb=8.415

train 8 rank0:   1%|          | 3/444 [00:01<02:48,  2.61it/s, loss=2.5483]
train 8 rank0:   1%|          | 4/444 [00:01<02:37,  2.80it/s, loss=2.5483][PROFILE rank=0 batch=4]
  actual_batch_size=32
  data_time      =0.0006s
  to_device_time =0.0052s
  forward_time   =0.1133s
  loss_time      =0.0017s
  backward_time  =0.1708s
  optimizer_time =0.0064s
  batch_time     =0.3117s
  cuda_allocated_gb    =0.120
  cuda_reserved_gb     =10.277
  cuda_max_allocated_gb=8.415

train 8 rank0:   1%|          | 4/444 [00:01<02:37,  2.80it/s, loss=2.5627]
train 8 rank0:   1%|          | 5/444 [00:01<02:30,  2.92it/s, loss=2.5627][PROFILE rank=0 batch=5]
  actual_batch_size=32
  data_time      =0.0006s
  to_device_time =0.0022s
  forward_time   =0.1149s
  loss_time      =0.0017s
  backward_time  =0.1726s
  optimizer_time =0.0068s
  batch_time     =0.3140s
  cuda_allocated_gb    =0.119
  cuda_reserved_gb     =10.277
  cuda_max_allocated_gb=8.415

train 8 rank0:   1%|          | 5/444 [00:02<02:30,  2.92it/s, loss=2.5240]
train 8 rank0:   1%|â–         | 6/444 [00:02<02:26,  2.99it/s, loss=2.5240][PROFILE rank=0 batch=6]
  actual_batch_size=32
  data_time      =0.0006s
  to_device_time =0.0022s
  forward_time   =0.1135s
  loss_time      =0.0017s
  backward_time  =0.1741s
  optimizer_time =0.0067s
  batch_time     =0.3169s
  cuda_allocated_gb    =0.120
  cuda_reserved_gb     =10.277
  cuda_max_allocated_gb=8.415

train 8 rank0:   1%|â–         | 6/444 [00:02<02:26,  2.99it/s, loss=2.5343]
train 8 rank0:   2%|â–         | 7/444 [00:02<02:24,  3.03it/s, loss=2.5343][PROFILE rank=0 batch=7]
  actual_batch_size=32
  data_time      =0.0005s
  to_device_time =0.0022s
  forward_time   =0.1127s
  loss_time      =0.0017s
  backward_time  =0.1707s
  optimizer_time =0.0070s
  batch_time     =0.3113s
  cuda_allocated_gb    =0.119
  cuda_reserved_gb     =10.277
  cuda_max_allocated_gb=8.415

train 8 rank0:   2%|â–         | 7/444 [00:02<02:24,  3.03it/s, loss=2.5673]
train 8 rank0:   2%|â–         | 8/444 [00:02<02:21,  3.08it/s, loss=2.5673][PROFILE rank=0 batch=8]
  actual_batch_size=32
  data_time      =0.0006s
  to_device_time =0.0023s
  forward_time   =0.1133s
  loss_time      =0.0016s
  backward_time  =0.1748s
  optimizer_time =0.0066s
  batch_time     =0.3126s
  cuda_allocated_gb    =0.120
  cuda_reserved_gb     =10.277
  cuda_max_allocated_gb=8.415

train 8 rank0:   2%|â–         | 8/444 [00:03<02:21,  3.08it/s, loss=2.5291]
train 8 rank0:   2%|â–         | 9/444 [00:03<02:20,  3.10it/s, loss=2.5291][PROFILE rank=0 batch=9]
  actual_batch_size=32
  data_time      =0.0005s
  to_device_time =0.0034s
  forward_time   =0.1133s
  loss_time      =0.0016s
  backward_time  =0.1721s
  optimizer_time =0.0063s
  batch_time     =0.3151s
  cuda_allocated_gb    =0.119
  cuda_reserved_gb     =10.277
  cuda_max_allocated_gb=8.415

train 8 rank0:   2%|â–         | 9/444 [00:03<02:20,  3.10it/s, loss=2.5436]
train 8 rank0:   2%|â–         | 10/444 [00:03<02:19,  3.11it/s, loss=2.5436][PROFILE rank=0 batch=10]
  actual_batch_size=32
  data_time      =0.0006s
  to_device_time =0.0022s
  forward_time   =0.1173s
  loss_time      =0.0016s
  backward_time  =0.1717s
  optimizer_time =0.0069s
  batch_time     =0.3131s
  cuda_allocated_gb    =0.120
  cuda_reserved_gb     =10.277
  cuda_max_allocated_gb=8.415

train 8 rank0:   2%|â–         | 10/444 [00:03<02:19,  3.11it/s, loss=2.5362]
train 8 rank0:   2%|â–         | 11/444 [00:03<02:18,  3.13it/s, loss=2.5362][PROFILE rank=0 batch=11]
  actual_batch_size=32
  data_time      =0.0006s
  to_device_time =0.0022s
  forward_time   =0.1187s
  loss_time      =0.0029s
  backward_time  =0.1720s
  optimizer_time =0.0065s
  batch_time     =0.3133s
  cuda_allocated_gb    =0.119
  cuda_reserved_gb     =10.277
  cuda_max_allocated_gb=8.415

train 8 rank0:   2%|â–         | 11/444 [00:04<02:18,  3.13it/s, loss=2.5204]
train 8 rank0:   3%|â–Ž         | 12/444 [00:04<02:17,  3.13it/s, loss=2.5204][PROFILE rank=0 batch=12]
  actual_batch_size=32
  data_time      =0.0004s
  to_device_time =0.0021s
  forward_time   =0.1248s
  loss_time      =0.0032s
  backward_time  =0.1734s
  optimizer_time =0.0066s
  batch_time     =0.3157s
  cuda_allocated_gb    =0.120
  cuda_reserved_gb     =10.277
  cuda_max_allocated_gb=8.415

train 8 rank0:   3%|â–Ž         | 12/444 [00:04<02:17,  3.13it/s, loss=2.5181]
train 8 rank0:   3%|â–Ž         | 13/444 [00:04<02:17,  3.13it/s, loss=2.5181][PROFILE rank=0 batch=13]
  actual_batch_size=32
  data_time      =0.0006s
  to_device_time =0.0022s
  forward_time   =0.1168s
  loss_time      =0.0016s
  backward_time  =0.1770s
  optimizer_time =0.0066s
  batch_time     =0.3184s
  cuda_allocated_gb    =0.119
  cuda_reserved_gb     =10.277
  cuda_max_allocated_gb=8.415

train 8 rank0:   3%|â–Ž         | 13/444 [00:04<02:17,  3.13it/s, loss=2.5509]
train 8 rank0:   3%|â–Ž         | 14/444 [00:04<02:17,  3.12it/s, loss=2.5509][PROFILE rank=0 batch=14]
  actual_batch_size=32
  data_time      =0.0006s
  to_device_time =0.0022s
  forward_time   =0.1153s
  loss_time      =0.0018s
  backward_time  =0.1704s
  optimizer_time =0.0063s
  batch_time     =0.3102s
  cuda_allocated_gb    =0.120
  cuda_reserved_gb     =10.277
  cuda_max_allocated_gb=8.415

train 8 rank0:   3%|â–Ž         | 14/444 [00:05<02:17,  3.12it/s, loss=2.5324]
train 8 rank0:   3%|â–Ž         | 15/444 [00:05<02:16,  3.14it/s, loss=2.5324][PROFILE rank=0 batch=15]
  actual_batch_size=32
  data_time      =0.0005s
  to_device_time =0.0022s
  forward_time   =0.1169s
  loss_time      =0.0016s
  backward_time  =0.1744s
  optimizer_time =0.0064s
  batch_time     =0.3140s
  cuda_allocated_gb    =0.119
  cuda_reserved_gb     =10.277
  cuda_max_allocated_gb=8.415

train 8 rank0:   3%|â–Ž         | 15/444 [00:05<02:16,  3.14it/s, loss=2.5486]
train 8 rank0:   4%|â–Ž         | 16/444 [00:05<02:16,  3.14it/s, loss=2.5486][PROFILE rank=0 batch=16]
  actual_batch_size=32
  data_time      =0.0006s
  to_device_time =0.0021s
  forward_time   =0.1147s
  loss_time      =0.0016s
  backward_time  =0.1754s
  optimizer_time =0.0066s
  batch_time     =0.3171s
  cuda_allocated_gb    =0.120
  cuda_reserved_gb     =10.277
  cuda_max_allocated_gb=8.415

train 8 rank0:   4%|â–Ž         | 16/444 [00:05<02:16,  3.14it/s, loss=2.5533]
train 8 rank0:   4%|â–         | 17/444 [00:05<02:16,  3.13it/s, loss=2.5533][PROFILE rank=0 batch=17]
  actual_batch_size=32
  data_time      =0.0006s
  to_device_time =0.0022s
  forward_time   =0.1116s
  loss_time      =0.0020s
  backward_time  =0.1716s
  optimizer_time =0.0069s
  batch_time     =0.3128s
  cuda_allocated_gb    =0.119
  cuda_reserved_gb     =10.277
  cuda_max_allocated_gb=8.415

train 8 rank0:   4%|â–         | 17/444 [00:06<02:16,  3.13it/s, loss=2.5272]
train 8 rank0:   4%|â–         | 18/444 [00:06<02:15,  3.14it/s, loss=2.5272][PROFILE rank=0 batch=18]
  actual_batch_size=32
  data_time      =0.0006s
  to_device_time =0.0022s
  forward_time   =0.1151s
  loss_time      =0.0018s
  backward_time  =0.1724s
  optimizer_time =0.0063s
  batch_time     =0.3119s
  cuda_allocated_gb    =0.120
  cuda_reserved_gb     =10.277
  cuda_max_allocated_gb=8.415

train 8 rank0:   4%|â–         | 18/444 [00:06<02:15,  3.14it/s, loss=2.5259]
train 8 rank0:   4%|â–         | 19/444 [00:06<02:14,  3.15it/s, loss=2.5259][PROFILE rank=0 batch=19]
  actual_batch_size=32
  data_time      =0.0005s
  to_device_time =0.0023s
  forward_time   =0.1173s
  loss_time      =0.0016s
  backward_time  =0.1755s
  optimizer_time =0.0065s
  batch_time     =0.3186s
  cuda_allocated_gb    =0.119
  cuda_reserved_gb     =10.277
  cuda_max_allocated_gb=8.415

[PROFILE average rank=0 first 20 batches (recorded=20)]
  avg_data_time      =0.0160s
  avg_to_device_time =0.0024s
  avg_forward_time   =0.1155s
  avg_loss_time      =0.0018s
  avg_backward_time  =0.1727s
  avg_optimizer_time =0.0066s
  avg_batch_time     =0.3135s
  estimated_full_epoch_minutes=2.32

train 8 rank0:   4%|â–         | 19/444 [00:06<02:14,  3.15it/s, loss=2.5438]
train 8 rank0:   5%|â–         | 20/444 [00:06<02:15,  3.13it/s, loss=2.5438]
train 8 rank0:   5%|â–         | 20/444 [00:06<02:15,  3.13it/s, loss=2.5237]
train 8 rank0:   5%|â–         | 21/444 [00:06<02:14,  3.13it/s, loss=2.5237]
train 8 rank0:   5%|â–         | 21/444 [00:07<02:14,  3.13it/s, loss=2.5125]
train 8 rank0:   5%|â–         | 22/444 [00:07<02:14,  3.14it/s, loss=2.5125]
train 8 rank0:   5%|â–         | 22/444 [00:07<02:14,  3.14it/s, loss=2.5430]
train 8 rank0:   5%|â–Œ         | 23/444 [00:07<02:13,  3.15it/s, loss=2.5430]
train 8 rank0:   5%|â–Œ         | 23/444 [00:07<02:13,  3.15it/s, loss=2.5410]
train 8 rank0:   5%|â–Œ         | 24/444 [00:07<02:13,  3.14it/s, loss=2.5410]
train 8 rank0:   5%|â–Œ         | 24/444 [00:08<02:13,  3.14it/s, loss=2.5665]
train 8 rank0:   6%|â–Œ         | 25/444 [00:08<02:12,  3.16it/s, loss=2.5665]
train 8 rank0:   6%|â–Œ         | 25/444 [00:08<02:12,  3.16it/s, loss=2.5368]
train 8 rank0:   6%|â–Œ         | 26/444 [00:08<02:13,  3.14it/s, loss=2.5368]
train 8 rank0:   6%|â–Œ         | 26/444 [00:08<02:13,  3.14it/s, loss=2.5164]
train 8 rank0:   6%|â–Œ         | 27/444 [00:08<02:13,  3.13it/s, loss=2.5164]
train 8 rank0:   6%|â–Œ         | 27/444 [00:09<02:13,  3.13it/s, loss=2.5478]
train 8 rank0:   6%|â–‹         | 28/444 [00:09<02:13,  3.13it/s, loss=2.5478]
train 8 rank0:   6%|â–‹         | 28/444 [00:09<02:13,  3.13it/s, loss=2.5441]
train 8 rank0:   7%|â–‹         | 29/444 [00:09<02:13,  3.12it/s, loss=2.5441]
train 8 rank0:   7%|â–‹         | 29/444 [00:09<02:13,  3.12it/s, loss=2.5244]
train 8 rank0:   7%|â–‹         | 30/444 [00:09<02:11,  3.15it/s, loss=2.5244]
                                                                            
/usr/local/lib/python3.12/dist-packages/torch/distributed/c10d_logger.py:83: UserWarning: barrier(): using the device under current context. You can specify `device_id` in `init_process_group` to mute this warning.
  return func(*args, **kwargs)

val:   0%|          | 0/57 [00:00<?, ?it/s]
val:   2%|â–         | 1/57 [00:00<00:24,  2.30it/s]
val:   4%|â–Ž         | 2/57 [00:00<00:16,  3.27it/s]
val:   5%|â–Œ         | 3/57 [00:00<00:14,  3.76it/s]
val:   7%|â–‹         | 4/57 [00:01<00:13,  4.05it/s]
val:   9%|â–‰         | 5/57 [00:01<00:12,  4.22it/s]
val:  11%|â–ˆ         | 6/57 [00:01<00:11,  4.32it/s]
val:  12%|â–ˆâ–        | 7/57 [00:01<00:11,  4.39it/s]
val:  14%|â–ˆâ–        | 8/57 [00:01<00:11,  4.43it/s]
val:  16%|â–ˆâ–Œ        | 9/57 [00:02<00:10,  4.47it/s]
val:  18%|â–ˆâ–Š        | 10/57 [00:02<00:10,  4.50it/s]
                                                    
Epoch 008/015 | loss=2.5373 acc=0.1516 macro_f1=0.1408 | val_loss=2.5331 val_acc=0.1266 val_macro_f1=0.0716 | ckpt_monitor=val_macro_f1:0.0716 best_val_macro_f1=0.1175 best_epoch=7 early_val_macro_f1=0.1175 sec/batch=0.329s cuda_rankmax=8.415GB
          val pred_count: [414, 98, 82, 25, 21, 0, 0]
          no improvement: 1/12
/usr/local/lib/python3.12/dist-packages/torch/distributed/c10d_logger.py:83: UserWarning: barrier(): using the device under current context. You can specify `device_id` in `init_process_group` to mute this warning.
  return func(*args, **kwargs)

train 9 rank0:   0%|          | 0/444 [00:00<?, ?it/s][PROFILE rank=0 batch=0]
  actual_batch_size=32
  data_time      =0.3409s
  to_device_time =0.0034s
  forward_time   =0.1346s
  loss_time      =0.0020s
  backward_time  =0.1678s
  optimizer_time =0.0062s
  batch_time     =0.3300s
  cuda_allocated_gb    =0.119
  cuda_reserved_gb     =10.277
  cuda_max_allocated_gb=8.415

train 9 rank0:   0%|          | 0/444 [00:00<?, ?it/s, loss=2.5130]
train 9 rank0:   0%|          | 1/444 [00:00<04:58,  1.48it/s, loss=2.5130][PROFILE rank=0 batch=1]
  actual_batch_size=32
  data_time      =0.0006s
  to_device_time =0.0033s
  forward_time   =0.1148s
  loss_time      =0.0015s
  backward_time  =0.1688s
  optimizer_time =0.0065s
  batch_time     =0.3071s
  cuda_allocated_gb    =0.119
  cuda_reserved_gb     =10.277
  cuda_max_allocated_gb=8.415

train 9 rank0:   0%|          | 1/444 [00:00<04:58,  1.48it/s, loss=2.5331]
train 9 rank0:   0%|          | 2/444 [00:00<03:23,  2.17it/s, loss=2.5331][PROFILE rank=0 batch=2]
  actual_batch_size=32
  data_time      =0.0006s
  to_device_time =0.0031s
  forward_time   =0.1149s
  loss_time      =0.0016s
  backward_time  =0.1741s
  optimizer_time =0.0074s
  batch_time     =0.3144s
  cuda_allocated_gb    =0.120
  cuda_reserved_gb     =10.277
  cuda_max_allocated_gb=8.415

train 9 rank0:   0%|          | 2/444 [00:01<03:23,  2.17it/s, loss=2.5339]
train 9 rank0:   1%|          | 3/444 [00:01<02:54,  2.53it/s, loss=2.5339][PROFILE rank=0 batch=3]
  actual_batch_size=32
  data_time      =0.0028s
  to_device_time =0.0022s
  forward_time   =0.1142s
  loss_time      =0.0017s
  backward_time  =0.1680s
  optimizer_time =0.0067s
  batch_time     =0.3056s
  cuda_allocated_gb    =0.119
  cuda_reserved_gb     =10.277
  cuda_max_allocated_gb=8.415

train 9 rank0:   1%|          | 3/444 [00:01<02:54,  2.53it/s, loss=2.5216]
train 9 rank0:   1%|          | 4/444 [00:01<02:39,  2.76it/s, loss=2.5216][PROFILE rank=0 batch=4]
  actual_batch_size=32
  data_time      =0.0006s
  to_device_time =0.0022s
  forward_time   =0.1137s
  loss_time      =0.0018s
  backward_time  =0.1709s
  optimizer_time =0.0064s
  batch_time     =0.3098s
  cuda_allocated_gb    =0.120
  cuda_reserved_gb     =10.277
  cuda_max_allocated_gb=8.415

train 9 rank0:   1%|          | 4/444 [00:01<02:39,  2.76it/s, loss=2.5428]
train 9 rank0:   1%|          | 5/444 [00:01<02:31,  2.90it/s, loss=2.5428][PROFILE rank=0 batch=5]
  actual_batch_size=32
  data_time      =0.0006s
  to_device_time =0.0022s
  forward_time   =0.1157s
  loss_time      =0.0016s
  backward_time  =0.1685s
  optimizer_time =0.0067s
  batch_time     =0.3064s
  cuda_allocated_gb    =0.119
  cuda_reserved_gb     =10.277
  cuda_max_allocated_gb=8.415

train 9 rank0:   1%|          | 5/444 [00:02<02:31,  2.90it/s, loss=2.5190]
train 9 rank0:   1%|â–         | 6/444 [00:02<02:25,  3.00it/s, loss=2.5190][PROFILE rank=0 batch=6]
  actual_batch_size=32
  data_time      =0.0028s
  to_device_time =0.0021s
  forward_time   =0.1134s
  loss_time      =0.0016s
  backward_time  =0.1687s
  optimizer_time =0.0066s
  batch_time     =0.3064s
  cuda_allocated_gb    =0.120
  cuda_reserved_gb     =10.277
  cuda_max_allocated_gb=8.415

train 9 rank0:   1%|â–         | 6/444 [00:02<02:25,  3.00it/s, loss=2.5311]
train 9 rank0:   2%|â–         | 7/444 [00:02<02:22,  3.06it/s, loss=2.5311][PROFILE rank=0 batch=7]
  actual_batch_size=32
  data_time      =0.0006s
  to_device_time =0.0029s
  forward_time   =0.1126s
  loss_time      =0.0017s
  backward_time  =0.1688s
  optimizer_time =0.0067s
  batch_time     =0.3091s
  cuda_allocated_gb    =0.119
  cuda_reserved_gb     =10.277
  cuda_max_allocated_gb=8.415

train 9 rank0:   2%|â–         | 7/444 [00:02<02:22,  3.06it/s, loss=2.5265]
train 9 rank0:   2%|â–         | 8/444 [00:02<02:20,  3.10it/s, loss=2.5265][PROFILE rank=0 batch=8]
  actual_batch_size=32
  data_time      =0.0006s
  to_device_time =0.0023s
  forward_time   =0.1158s
  loss_time      =0.0017s
  backward_time  =0.1681s
  optimizer_time =0.0065s
  batch_time     =0.3067s
  cuda_allocated_gb    =0.120
  cuda_reserved_gb     =10.277
  cuda_max_allocated_gb=8.415

train 9 rank0:   2%|â–         | 8/444 [00:03<02:20,  3.10it/s, loss=2.5332]
train 9 rank0:   2%|â–         | 9/444 [00:03<02:18,  3.14it/s, loss=2.5332][PROFILE rank=0 batch=9]
  actual_batch_size=32
  data_time      =0.0005s
  to_device_time =0.0023s
  forward_time   =0.1141s
  loss_time      =0.0017s
  backward_time  =0.1718s
  optimizer_time =0.0064s
  batch_time     =0.3129s
  cuda_allocated_gb    =0.119
  cuda_reserved_gb     =10.277
  cuda_max_allocated_gb=8.415

train 9 rank0:   2%|â–         | 9/444 [00:03<02:18,  3.14it/s, loss=2.5340]
train 9 rank0:   2%|â–         | 10/444 [00:03<02:17,  3.15it/s, loss=2.5340][PROFILE rank=0 batch=10]
  actual_batch_size=32
  data_time      =0.0006s
  to_device_time =0.0022s
  forward_time   =0.1175s
  loss_time      =0.0016s
  backward_time  =0.1667s
  optimizer_time =0.0064s
  batch_time     =0.3041s
  cuda_allocated_gb    =0.120
  cuda_reserved_gb     =10.277
  cuda_max_allocated_gb=8.415

train 9 rank0:   2%|â–         | 10/444 [00:03<02:17,  3.15it/s, loss=2.5378]
train 9 rank0:   2%|â–         | 11/444 [00:03<02:16,  3.18it/s, loss=2.5378][PROFILE rank=0 batch=11]
  actual_batch_size=32
  data_time      =0.0006s
  to_device_time =0.0022s
  forward_time   =0.1164s
  loss_time      =0.0023s
  backward_time  =0.1691s
  optimizer_time =0.0105s
  batch_time     =0.3189s
  cuda_allocated_gb    =0.119
  cuda_reserved_gb     =10.277
  cuda_max_allocated_gb=8.415

train 9 rank0:   2%|â–         | 11/444 [00:04<02:16,  3.18it/s, loss=2.5336]
train 9 rank0:   3%|â–Ž         | 12/444 [00:04<02:17,  3.15it/s, loss=2.5336][PROFILE rank=0 batch=12]
  actual_batch_size=32
  data_time      =0.0005s
  to_device_time =0.0023s
  forward_time   =0.1152s
  loss_time      =0.0026s
  backward_time  =0.1887s
  optimizer_time =0.0096s
  batch_time     =0.3297s
  cuda_allocated_gb    =0.120
  cuda_reserved_gb     =10.277
  cuda_max_allocated_gb=8.415

train 9 rank0:   3%|â–Ž         | 12/444 [00:04<02:17,  3.15it/s, loss=2.5087]
train 9 rank0:   3%|â–Ž         | 13/444 [00:04<02:19,  3.10it/s, loss=2.5087][PROFILE rank=0 batch=13]
  actual_batch_size=32
  data_time      =0.0004s
  to_device_time =0.0029s
  forward_time   =0.1242s
  loss_time      =0.0058s
  backward_time  =0.1749s
  optimizer_time =0.0065s
  batch_time     =0.3208s
  cuda_allocated_gb    =0.119
  cuda_reserved_gb     =10.277
  cuda_max_allocated_gb=8.415

train 9 rank0:   3%|â–Ž         | 13/444 [00:04<02:19,  3.10it/s, loss=2.5393]
train 9 rank0:   3%|â–Ž         | 14/444 [00:04<02:19,  3.09it/s, loss=2.5393][PROFILE rank=0 batch=14]
  actual_batch_size=32
  data_time      =0.0006s
  to_device_time =0.0022s
  forward_time   =0.1173s
  loss_time      =0.0016s
  backward_time  =0.1709s
  optimizer_time =0.0068s
  batch_time     =0.3092s
  cuda_allocated_gb    =0.120
  cuda_reserved_gb     =10.277
  cuda_max_allocated_gb=8.415

train 9 rank0:   3%|â–Ž         | 14/444 [00:05<02:19,  3.09it/s, loss=2.5336]
train 9 rank0:   3%|â–Ž         | 15/444 [00:05<02:17,  3.12it/s, loss=2.5336][PROFILE rank=0 batch=15]
  actual_batch_size=32
  data_time      =0.0006s
  to_device_time =0.0022s
  forward_time   =0.1138s
  loss_time      =0.0016s
  backward_time  =0.1656s
  optimizer_time =0.0068s
  batch_time     =0.3037s
  cuda_allocated_gb    =0.119
  cuda_reserved_gb     =10.277
  cuda_max_allocated_gb=8.415

train 9 rank0:   3%|â–Ž         | 15/444 [00:05<02:17,  3.12it/s, loss=2.5433]
train 9 rank0:   4%|â–Ž         | 16/444 [00:05<02:15,  3.16it/s, loss=2.5433][PROFILE rank=0 batch=16]
  actual_batch_size=32
  data_time      =0.0004s
  to_device_time =0.0021s
  forward_time   =0.1179s
  loss_time      =0.0017s
  backward_time  =0.1671s
  optimizer_time =0.0064s
  batch_time     =0.3049s
  cuda_allocated_gb    =0.120
  cuda_reserved_gb     =10.277
  cuda_max_allocated_gb=8.415

train 9 rank0:   4%|â–Ž         | 16/444 [00:05<02:15,  3.16it/s, loss=2.5409]
train 9 rank0:   4%|â–         | 17/444 [00:05<02:14,  3.18it/s, loss=2.5409][PROFILE rank=0 batch=17]
  actual_batch_size=32
  data_time      =0.0005s
  to_device_time =0.0024s
  forward_time   =0.1129s
  loss_time      =0.0017s
  backward_time  =0.1689s
  optimizer_time =0.0065s
  batch_time     =0.3064s
  cuda_allocated_gb    =0.119
  cuda_reserved_gb     =10.277
  cuda_max_allocated_gb=8.415

train 9 rank0:   4%|â–         | 17/444 [00:06<02:14,  3.18it/s, loss=2.5546]
train 9 rank0:   4%|â–         | 18/444 [00:06<02:13,  3.20it/s, loss=2.5546][PROFILE rank=0 batch=18]
  actual_batch_size=32
  data_time      =0.0003s
  to_device_time =0.0041s
  forward_time   =0.1147s
  loss_time      =0.0021s
  backward_time  =0.1688s
  optimizer_time =0.0065s
  batch_time     =0.3090s
  cuda_allocated_gb    =0.120
  cuda_reserved_gb     =10.277
  cuda_max_allocated_gb=8.415

train 9 rank0:   4%|â–         | 18/444 [00:06<02:13,  3.20it/s, loss=2.5445]
train 9 rank0:   4%|â–         | 19/444 [00:06<02:12,  3.20it/s, loss=2.5445][PROFILE rank=0 batch=19]
  actual_batch_size=32
  data_time      =0.0006s
  to_device_time =0.0022s
  forward_time   =0.1180s
  loss_time      =0.0017s
  backward_time  =0.1647s
  optimizer_time =0.0065s
  batch_time     =0.3024s
  cuda_allocated_gb    =0.119
  cuda_reserved_gb     =10.277
  cuda_max_allocated_gb=8.415

[PROFILE average rank=0 first 20 batches (recorded=20)]
  avg_data_time      =0.0178s
  avg_to_device_time =0.0025s
  avg_forward_time   =0.1166s
  avg_loss_time      =0.0020s
  avg_backward_time  =0.1700s
  avg_optimizer_time =0.0069s
  avg_batch_time     =0.3109s
  estimated_full_epoch_minutes=2.30

train 9 rank0:   4%|â–         | 19/444 [00:06<02:12,  3.20it/s, loss=2.5222]
train 9 rank0:   5%|â–         | 20/444 [00:06<02:11,  3.22it/s, loss=2.5222]
train 9 rank0:   5%|â–         | 20/444 [00:06<02:11,  3.22it/s, loss=2.5124]
train 9 rank0:   5%|â–         | 21/444 [00:06<02:10,  3.23it/s, loss=2.5124]
train 9 rank0:   5%|â–         | 21/444 [00:07<02:10,  3.23it/s, loss=2.5376]
train 9 rank0:   5%|â–         | 22/444 [00:07<02:10,  3.23it/s, loss=2.5376]
train 9 rank0:   5%|â–         | 22/444 [00:07<02:10,  3.23it/s, loss=2.5633]
train 9 rank0:   5%|â–Œ         | 23/444 [00:07<02:10,  3.24it/s, loss=2.5633]
train 9 rank0:   5%|â–Œ         | 23/444 [00:07<02:10,  3.24it/s, loss=2.5362]
train 9 rank0:   5%|â–Œ         | 24/444 [00:07<02:09,  3.25it/s, loss=2.5362]
train 9 rank0:   5%|â–Œ         | 24/444 [00:08<02:09,  3.25it/s, loss=2.5474]
train 9 rank0:   6%|â–Œ         | 25/444 [00:08<02:08,  3.25it/s, loss=2.5474]
train 9 rank0:   6%|â–Œ         | 25/444 [00:08<02:08,  3.25it/s, loss=2.5399]
train 9 rank0:   6%|â–Œ         | 26/444 [00:08<02:08,  3.26it/s, loss=2.5399]
train 9 rank0:   6%|â–Œ         | 26/444 [00:08<02:08,  3.26it/s, loss=2.5237]
train 9 rank0:   6%|â–Œ         | 27/444 [00:08<02:07,  3.27it/s, loss=2.5237]
train 9 rank0:   6%|â–Œ         | 27/444 [00:09<02:07,  3.27it/s, loss=2.5247]
train 9 rank0:   6%|â–‹         | 28/444 [00:09<02:07,  3.26it/s, loss=2.5247]
train 9 rank0:   6%|â–‹         | 28/444 [00:09<02:07,  3.26it/s, loss=2.5316]
train 9 rank0:   7%|â–‹         | 29/444 [00:09<02:08,  3.24it/s, loss=2.5316]
train 9 rank0:   7%|â–‹         | 29/444 [00:09<02:08,  3.24it/s, loss=2.5138]
train 9 rank0:   7%|â–‹         | 30/444 [00:09<02:07,  3.25it/s, loss=2.5138]
                                                                            
/usr/local/lib/python3.12/dist-packages/torch/distributed/c10d_logger.py:83: UserWarning: barrier(): using the device under current context. You can specify `device_id` in `init_process_group` to mute this warning.
  return func(*args, **kwargs)

val:   0%|          | 0/57 [00:00<?, ?it/s]
val:   2%|â–         | 1/57 [00:00<00:26,  2.14it/s]
val:   4%|â–Ž         | 2/57 [00:00<00:17,  3.09it/s]
val:   5%|â–Œ         | 3/57 [00:00<00:15,  3.60it/s]
val:   7%|â–‹         | 4/57 [00:01<00:13,  3.91it/s]
val:   9%|â–‰         | 5/57 [00:01<00:12,  4.10it/s]
val:  11%|â–ˆ         | 6/57 [00:01<00:12,  4.21it/s]
val:  12%|â–ˆâ–        | 7/57 [00:01<00:11,  4.29it/s]
val:  14%|â–ˆâ–        | 8/57 [00:02<00:11,  4.35it/s]
val:  16%|â–ˆâ–Œ        | 9/57 [00:02<00:10,  4.37it/s]
val:  18%|â–ˆâ–Š        | 10/57 [00:02<00:10,  4.41it/s]
                                                    
Epoch 009/015 | loss=2.5355 acc=0.1406 macro_f1=0.1280 | val_loss=2.5331 val_acc=0.1062 val_macro_f1=0.0902 | ckpt_monitor=val_macro_f1:0.0902 best_val_macro_f1=0.1175 best_epoch=7 early_val_macro_f1=0.1175 sec/batch=0.325s cuda_rankmax=8.415GB
          val pred_count: [164, 235, 104, 59, 77, 0, 1]
          no improvement: 2/12
/usr/local/lib/python3.12/dist-packages/torch/distributed/c10d_logger.py:83: UserWarning: barrier(): using the device under current context. You can specify `device_id` in `init_process_group` to mute this warning.
  return func(*args, **kwargs)

train 10 rank0:   0%|          | 0/444 [00:00<?, ?it/s][PROFILE rank=0 batch=0]
  actual_batch_size=32
  data_time      =0.7200s
  to_device_time =0.0023s
  forward_time   =0.1251s
  loss_time      =0.0014s
  backward_time  =0.1622s
  optimizer_time =0.0065s
  batch_time     =0.3019s
  cuda_allocated_gb    =0.119
  cuda_reserved_gb     =10.277
  cuda_max_allocated_gb=8.415

train 10 rank0:   0%|          | 0/444 [00:01<?, ?it/s, loss=2.5312]
train 10 rank0:   0%|          | 1/444 [00:01<07:34,  1.02s/it, loss=2.5312][PROFILE rank=0 batch=1]
  actual_batch_size=32
  data_time      =0.0026s
  to_device_time =0.0022s
  forward_time   =0.1155s
  loss_time      =0.0017s
  backward_time  =0.1658s
  optimizer_time =0.0072s
  batch_time     =0.3010s
  cuda_allocated_gb    =0.119
  cuda_reserved_gb     =10.277
  cuda_max_allocated_gb=8.415

train 10 rank0:   0%|          | 1/444 [00:01<07:34,  1.02s/it, loss=2.5392]
train 10 rank0:   0%|          | 2/444 [00:01<04:26,  1.66it/s, loss=2.5392][PROFILE rank=0 batch=2]
  actual_batch_size=32
  data_time      =0.0006s
  to_device_time =0.0051s
  forward_time   =0.1147s
  loss_time      =0.0017s
  backward_time  =0.1617s
  optimizer_time =0.0068s
  batch_time     =0.3021s
  cuda_allocated_gb    =0.120
  cuda_reserved_gb     =10.277
  cuda_max_allocated_gb=8.415

train 10 rank0:   0%|          | 2/444 [00:01<04:26,  1.66it/s, loss=2.5340]
train 10 rank0:   1%|          | 3/444 [00:01<03:26,  2.14it/s, loss=2.5340][PROFILE rank=0 batch=3]
  actual_batch_size=32
  data_time      =0.0005s
  to_device_time =0.0021s
  forward_time   =0.1161s
  loss_time      =0.0017s
  backward_time  =0.1647s
  optimizer_time =0.0066s
  batch_time     =0.2996s
  cuda_allocated_gb    =0.119
  cuda_reserved_gb     =10.277
  cuda_max_allocated_gb=8.415

train 10 rank0:   1%|          | 3/444 [00:01<03:26,  2.14it/s, loss=2.5330]
train 10 rank0:   1%|          | 4/444 [00:01<02:57,  2.48it/s, loss=2.5330][PROFILE rank=0 batch=4]
  actual_batch_size=32
  data_time      =0.0004s
  to_device_time =0.0025s
  forward_time   =0.1171s
  loss_time      =0.0018s
  backward_time  =0.1632s
  optimizer_time =0.0066s
  batch_time     =0.2994s
  cuda_allocated_gb    =0.120
  cuda_reserved_gb     =10.277
  cuda_max_allocated_gb=8.415

train 10 rank0:   1%|          | 4/444 [00:02<02:57,  2.48it/s, loss=2.5460]
train 10 rank0:   1%|          | 5/444 [00:02<02:40,  2.73it/s, loss=2.5460][PROFILE rank=0 batch=5]
  actual_batch_size=32
  data_time      =0.0006s
  to_device_time =0.0024s
  forward_time   =0.1176s
  loss_time      =0.0017s
  backward_time  =0.1685s
  optimizer_time =0.0064s
  batch_time     =0.3033s
  cuda_allocated_gb    =0.119
  cuda_reserved_gb     =10.277
  cuda_max_allocated_gb=8.415

train 10 rank0:   1%|          | 5/444 [00:02<02:40,  2.73it/s, loss=2.5376]
train 10 rank0:   1%|â–         | 6/444 [00:02<02:31,  2.89it/s, loss=2.5376][PROFILE rank=0 batch=6]
  actual_batch_size=32
  data_time      =0.0026s
  to_device_time =0.0022s
  forward_time   =0.1143s
  loss_time      =0.0018s
  backward_time  =0.1619s
  optimizer_time =0.0066s
  batch_time     =0.2994s
  cuda_allocated_gb    =0.120
  cuda_reserved_gb     =10.277
  cuda_max_allocated_gb=8.415

train 10 rank0:   1%|â–         | 6/444 [00:02<02:31,  2.89it/s, loss=2.5461]
train 10 rank0:   2%|â–         | 7/444 [00:02<02:25,  3.00it/s, loss=2.5461][PROFILE rank=0 batch=7]
  actual_batch_size=32
  data_time      =0.0005s
  to_device_time =0.0022s
  forward_time   =0.1141s
  loss_time      =0.0016s
  backward_time  =0.1628s
  optimizer_time =0.0070s
  batch_time     =0.2988s
  cuda_allocated_gb    =0.119
  cuda_reserved_gb     =10.277
  cuda_max_allocated_gb=8.415

train 10 rank0:   2%|â–         | 7/444 [00:03<02:25,  3.00it/s, loss=2.5159]
train 10 rank0:   2%|â–         | 8/444 [00:03<02:20,  3.09it/s, loss=2.5159][PROFILE rank=0 batch=8]
  actual_batch_size=32
  data_time      =0.0008s
  to_device_time =0.0022s
  forward_time   =0.1157s
  loss_time      =0.0020s
  backward_time  =0.1642s
  optimizer_time =0.0066s
  batch_time     =0.2989s
  cuda_allocated_gb    =0.120
  cuda_reserved_gb     =10.277
  cuda_max_allocated_gb=8.415

train 10 rank0:   2%|â–         | 8/444 [00:03<02:20,  3.09it/s, loss=2.5613]
train 10 rank0:   2%|â–         | 9/444 [00:03<02:17,  3.16it/s, loss=2.5613][PROFILE rank=0 batch=9]
  actual_batch_size=32
  data_time      =0.0004s
  to_device_time =0.0024s
  forward_time   =0.1190s
  loss_time      =0.0028s
  backward_time  =0.1701s
  optimizer_time =0.0065s
  batch_time     =0.3101s
  cuda_allocated_gb    =0.119
  cuda_reserved_gb     =10.277
  cuda_max_allocated_gb=8.415

train 10 rank0:   2%|â–         | 9/444 [00:03<02:17,  3.16it/s, loss=2.5409]
train 10 rank0:   2%|â–         | 10/444 [00:03<02:17,  3.16it/s, loss=2.5409][PROFILE rank=0 batch=10]
  actual_batch_size=32
  data_time      =0.0006s
  to_device_time =0.0031s
  forward_time   =0.1148s
  loss_time      =0.0015s
  backward_time  =0.1636s
  optimizer_time =0.0070s
  batch_time     =0.3022s
  cuda_allocated_gb    =0.120
  cuda_reserved_gb     =10.277
  cuda_max_allocated_gb=8.415

train 10 rank0:   2%|â–         | 10/444 [00:04<02:17,  3.16it/s, loss=2.5452]
train 10 rank0:   2%|â–         | 11/444 [00:04<02:15,  3.20it/s, loss=2.5452][PROFILE rank=0 batch=11]
  actual_batch_size=32
  data_time      =0.0006s
  to_device_time =0.0022s
  forward_time   =0.1222s
  loss_time      =0.0029s
  backward_time  =0.1701s
  optimizer_time =0.0065s
  batch_time     =0.3122s
  cuda_allocated_gb    =0.119
  cuda_reserved_gb     =10.277
  cuda_max_allocated_gb=8.415

train 10 rank0:   2%|â–         | 11/444 [00:04<02:15,  3.20it/s, loss=2.5519]
train 10 rank0:   3%|â–Ž         | 12/444 [00:04<02:15,  3.19it/s, loss=2.5519][PROFILE rank=0 batch=12]
  actual_batch_size=32
  data_time      =0.0004s
  to_device_time =0.0022s
  forward_time   =0.1203s
  loss_time      =0.0022s
  backward_time  =0.1665s
  optimizer_time =0.0073s
  batch_time     =0.3117s
  cuda_allocated_gb    =0.120
  cuda_reserved_gb     =10.277
  cuda_max_allocated_gb=8.415

train 10 rank0:   3%|â–Ž         | 12/444 [00:04<02:15,  3.19it/s, loss=2.5561]
train 10 rank0:   3%|â–Ž         | 13/444 [00:04<02:15,  3.18it/s, loss=2.5561][PROFILE rank=0 batch=13]
  actual_batch_size=32
  data_time      =0.0006s
  to_device_time =0.0022s
  forward_time   =0.1197s
  loss_time      =0.0018s
  backward_time  =0.1662s
  optimizer_time =0.0068s
  batch_time     =0.3016s
  cuda_allocated_gb    =0.119
  cuda_reserved_gb     =10.277
  cuda_max_allocated_gb=8.415

train 10 rank0:   3%|â–Ž         | 13/444 [00:05<02:15,  3.18it/s, loss=2.5475]
train 10 rank0:   3%|â–Ž         | 14/444 [00:05<02:13,  3.21it/s, loss=2.5475][PROFILE rank=0 batch=14]
  actual_batch_size=32
  data_time      =0.0006s
  to_device_time =0.0022s
  forward_time   =0.1178s
  loss_time      =0.0018s
  backward_time  =0.1653s
  optimizer_time =0.0067s
  batch_time     =0.3005s
  cuda_allocated_gb    =0.120
  cuda_reserved_gb     =10.277
  cuda_max_allocated_gb=8.415

train 10 rank0:   3%|â–Ž         | 14/444 [00:05<02:13,  3.21it/s, loss=2.5316]
train 10 rank0:   3%|â–Ž         | 15/444 [00:05<02:12,  3.23it/s, loss=2.5316][PROFILE rank=0 batch=15]
  actual_batch_size=32
  data_time      =0.0005s
  to_device_time =0.0034s
  forward_time   =0.1138s
  loss_time      =0.0016s
  backward_time  =0.1634s
  optimizer_time =0.0064s
  batch_time     =0.2988s
  cuda_allocated_gb    =0.119
  cuda_reserved_gb     =10.277
  cuda_max_allocated_gb=8.415

train 10 rank0:   3%|â–Ž         | 15/444 [00:05<02:12,  3.23it/s, loss=2.5476]
train 10 rank0:   4%|â–Ž         | 16/444 [00:05<02:11,  3.25it/s, loss=2.5476][PROFILE rank=0 batch=16]
  actual_batch_size=32
  data_time      =0.0031s
  to_device_time =0.0027s
  forward_time   =0.1141s
  loss_time      =0.0016s
  backward_time  =0.1625s
  optimizer_time =0.0064s
  batch_time     =0.2978s
  cuda_allocated_gb    =0.120
  cuda_reserved_gb     =10.277
  cuda_max_allocated_gb=8.415

train 10 rank0:   4%|â–Ž         | 16/444 [00:05<02:11,  3.25it/s, loss=2.5305]
train 10 rank0:   4%|â–         | 17/444 [00:05<02:10,  3.26it/s, loss=2.5305][PROFILE rank=0 batch=17]
  actual_batch_size=32
  data_time      =0.0005s
  to_device_time =0.0037s
  forward_time   =0.1151s
  loss_time      =0.0017s
  backward_time  =0.1630s
  optimizer_time =0.0067s
  batch_time     =0.3006s
  cuda_allocated_gb    =0.119
  cuda_reserved_gb     =10.277
  cuda_max_allocated_gb=8.415

train 10 rank0:   4%|â–         | 17/444 [00:06<02:10,  3.26it/s, loss=2.5256]
train 10 rank0:   4%|â–         | 18/444 [00:06<02:10,  3.27it/s, loss=2.5256][PROFILE rank=0 batch=18]
  actual_batch_size=32
  data_time      =0.0006s
  to_device_time =0.0022s
  forward_time   =0.1176s
  loss_time      =0.0017s
  backward_time  =0.1627s
  optimizer_time =0.0069s
  batch_time     =0.2977s
  cuda_allocated_gb    =0.120
  cuda_reserved_gb     =10.277
  cuda_max_allocated_gb=8.415

train 10 rank0:   4%|â–         | 18/444 [00:06<02:10,  3.27it/s, loss=2.5541]
train 10 rank0:   4%|â–         | 19/444 [00:06<02:09,  3.28it/s, loss=2.5541][PROFILE rank=0 batch=19]
  actual_batch_size=32
  data_time      =0.0005s
  to_device_time =0.0022s
  forward_time   =0.1175s
  loss_time      =0.0017s
  backward_time  =0.1641s
  optimizer_time =0.0066s
  batch_time     =0.2993s
  cuda_allocated_gb    =0.119
  cuda_reserved_gb     =10.277
  cuda_max_allocated_gb=8.415

[PROFILE average rank=0 first 20 batches (recorded=20)]
  avg_data_time      =0.0369s
  avg_to_device_time =0.0026s
  avg_forward_time   =0.1171s
  avg_loss_time      =0.0018s
  avg_backward_time  =0.1646s
  avg_optimizer_time =0.0067s
  avg_batch_time     =0.3018s
  estimated_full_epoch_minutes=2.23

train 10 rank0:   4%|â–         | 19/444 [00:06<02:09,  3.28it/s, loss=2.5272]
train 10 rank0:   5%|â–         | 20/444 [00:06<02:08,  3.29it/s, loss=2.5272]
train 10 rank0:   5%|â–         | 20/444 [00:07<02:08,  3.29it/s, loss=2.5222]
train 10 rank0:   5%|â–         | 21/444 [00:07<02:08,  3.30it/s, loss=2.5222]
train 10 rank0:   5%|â–         | 21/444 [00:07<02:08,  3.30it/s, loss=2.5238]
train 10 rank0:   5%|â–         | 22/444 [00:07<02:07,  3.30it/s, loss=2.5238]
train 10 rank0:   5%|â–         | 22/444 [00:07<02:07,  3.30it/s, loss=2.5401]
train 10 rank0:   5%|â–Œ         | 23/444 [00:07<02:07,  3.31it/s, loss=2.5401]
train 10 rank0:   5%|â–Œ         | 23/444 [00:08<02:07,  3.31it/s, loss=2.5743]
train 10 rank0:   5%|â–Œ         | 24/444 [00:08<02:06,  3.31it/s, loss=2.5743]
train 10 rank0:   5%|â–Œ         | 24/444 [00:08<02:06,  3.31it/s, loss=2.5473]
train 10 rank0:   6%|â–Œ         | 25/444 [00:08<02:06,  3.32it/s, loss=2.5473]
train 10 rank0:   6%|â–Œ         | 25/444 [00:08<02:06,  3.32it/s, loss=2.5522]
train 10 rank0:   6%|â–Œ         | 26/444 [00:08<02:06,  3.31it/s, loss=2.5522]
train 10 rank0:   6%|â–Œ         | 26/444 [00:08<02:06,  3.31it/s, loss=2.5502]
train 10 rank0:   6%|â–Œ         | 27/444 [00:08<02:05,  3.32it/s, loss=2.5502]
train 10 rank0:   6%|â–Œ         | 27/444 [00:09<02:05,  3.32it/s, loss=2.5172]
train 10 rank0:   6%|â–‹         | 28/444 [00:09<02:06,  3.28it/s, loss=2.5172]
train 10 rank0:   6%|â–‹         | 28/444 [00:09<02:06,  3.28it/s, loss=2.5272]
train 10 rank0:   7%|â–‹         | 29/444 [00:09<02:11,  3.15it/s, loss=2.5272]
train 10 rank0:   7%|â–‹         | 29/444 [00:09<02:11,  3.15it/s, loss=2.5351]
train 10 rank0:   7%|â–‹         | 30/444 [00:09<02:14,  3.07it/s, loss=2.5351]
                                                                             
/usr/local/lib/python3.12/dist-packages/torch/distributed/c10d_logger.py:83: UserWarning: barrier(): using the device under current context. You can specify `device_id` in `init_process_group` to mute this warning.
  return func(*args, **kwargs)

val:   0%|          | 0/57 [00:00<?, ?it/s]
val:   2%|â–         | 1/57 [00:00<00:23,  2.34it/s]
val:   4%|â–Ž         | 2/57 [00:00<00:17,  3.19it/s]
val:   5%|â–Œ         | 3/57 [00:00<00:14,  3.66it/s]
val:   7%|â–‹         | 4/57 [00:01<00:13,  3.95it/s]
val:   9%|â–‰         | 5/57 [00:01<00:12,  4.11it/s]
val:  11%|â–ˆ         | 6/57 [00:01<00:12,  4.25it/s]
val:  12%|â–ˆâ–        | 7/57 [00:01<00:11,  4.32it/s]
val:  14%|â–ˆâ–        | 8/57 [00:02<00:11,  4.38it/s]
val:  16%|â–ˆâ–Œ        | 9/57 [00:02<00:10,  4.40it/s]
val:  18%|â–ˆâ–Š        | 10/57 [00:02<00:10,  4.42it/s]
                                                    
Epoch 010/015 | loss=2.5379 acc=0.1453 macro_f1=0.1327 | val_loss=2.5331 val_acc=0.1016 val_macro_f1=0.0628 | ckpt_monitor=val_macro_f1:0.0628 best_val_macro_f1=0.1175 best_epoch=7 early_val_macro_f1=0.1175 sec/batch=0.333s cuda_rankmax=8.415GB
          val pred_count: [323, 219, 44, 24, 30, 0, 0]
          no improvement: 3/12
/usr/local/lib/python3.12/dist-packages/torch/distributed/c10d_logger.py:83: UserWarning: barrier(): using the device under current context. You can specify `device_id` in `init_process_group` to mute this warning.
  return func(*args, **kwargs)

train 11 rank0:   0%|          | 0/444 [00:00<?, ?it/s][PROFILE rank=0 batch=0]
  actual_batch_size=32
  data_time      =0.3164s
  to_device_time =0.0049s
  forward_time   =0.1439s
  loss_time      =0.0029s
  backward_time  =0.1644s
  optimizer_time =0.0065s
  batch_time     =0.3318s
  cuda_allocated_gb    =0.119
  cuda_reserved_gb     =10.277
  cuda_max_allocated_gb=8.415

train 11 rank0:   0%|          | 0/444 [00:00<?, ?it/s, loss=2.5355]
train 11 rank0:   0%|          | 1/444 [00:00<04:48,  1.54it/s, loss=2.5355][PROFILE rank=0 batch=1]
  actual_batch_size=32
  data_time      =0.0006s
  to_device_time =0.0022s
  forward_time   =0.1188s
  loss_time      =0.0020s
  backward_time  =0.1639s
  optimizer_time =0.0113s
  batch_time     =0.3048s
  cuda_allocated_gb    =0.119
  cuda_reserved_gb     =10.277
  cuda_max_allocated_gb=8.415

train 11 rank0:   0%|          | 1/444 [00:00<04:48,  1.54it/s, loss=2.5574]
train 11 rank0:   0%|          | 2/444 [00:00<03:18,  2.22it/s, loss=2.5574][PROFILE rank=0 batch=2]
  actual_batch_size=32
  data_time      =0.0006s
  to_device_time =0.0042s
  forward_time   =0.1233s
  loss_time      =0.0018s
  backward_time  =0.1612s
  optimizer_time =0.0071s
  batch_time     =0.2988s
  cuda_allocated_gb    =0.120
  cuda_reserved_gb     =10.277
  cuda_max_allocated_gb=8.415

train 11 rank0:   0%|          | 2/444 [00:01<03:18,  2.22it/s, loss=2.5327]
train 11 rank0:   1%|          | 3/444 [00:01<02:48,  2.61it/s, loss=2.5327][PROFILE rank=0 batch=3]
  actual_batch_size=32
  data_time      =0.0005s
  to_device_time =0.0026s
  forward_time   =0.1160s
  loss_time      =0.0017s
  backward_time  =0.1623s
  optimizer_time =0.0076s
  batch_time     =0.2986s
  cuda_allocated_gb    =0.119
  cuda_reserved_gb     =10.277
  cuda_max_allocated_gb=8.415

train 11 rank0:   1%|          | 3/444 [00:01<02:48,  2.61it/s, loss=2.5350]
train 11 rank0:   1%|          | 4/444 [00:01<02:34,  2.85it/s, loss=2.5350][PROFILE rank=0 batch=4]
  actual_batch_size=32
  data_time      =0.0004s
  to_device_time =0.0027s
  forward_time   =0.1174s
  loss_time      =0.0018s
  backward_time  =0.1607s
  optimizer_time =0.0069s
  batch_time     =0.2970s
  cuda_allocated_gb    =0.120
  cuda_reserved_gb     =10.277
  cuda_max_allocated_gb=8.415

train 11 rank0:   1%|          | 4/444 [00:01<02:34,  2.85it/s, loss=2.5133]
train 11 rank0:   1%|          | 5/444 [00:01<02:26,  3.00it/s, loss=2.5133][PROFILE rank=0 batch=5]
  actual_batch_size=32
  data_time      =0.0006s
  to_device_time =0.0022s
  forward_time   =0.1161s
  loss_time      =0.0017s
  backward_time  =0.1643s
  optimizer_time =0.0068s
  batch_time     =0.2985s
  cuda_allocated_gb    =0.119
  cuda_reserved_gb     =10.277
  cuda_max_allocated_gb=8.415

train 11 rank0:   1%|          | 5/444 [00:02<02:26,  3.00it/s, loss=2.5409]
train 11 rank0:   1%|â–         | 6/444 [00:02<02:21,  3.10it/s, loss=2.5409][PROFILE rank=0 batch=6]
  actual_batch_size=32
  data_time      =0.0006s
  to_device_time =0.0022s
  forward_time   =0.1144s
  loss_time      =0.0016s
  backward_time  =0.1632s
  optimizer_time =0.0067s
  batch_time     =0.3009s
  cuda_allocated_gb    =0.120
  cuda_reserved_gb     =10.277
  cuda_max_allocated_gb=8.415

train 11 rank0:   1%|â–         | 6/444 [00:02<02:21,  3.10it/s, loss=2.5220]
train 11 rank0:   2%|â–         | 7/444 [00:02<02:18,  3.16it/s, loss=2.5220][PROFILE rank=0 batch=7]
  actual_batch_size=32
  data_time      =0.0005s
  to_device_time =0.0022s
  forward_time   =0.1165s
  loss_time      =0.0017s
  backward_time  =0.1640s
  optimizer_time =0.0066s
  batch_time     =0.2987s
  cuda_allocated_gb    =0.119
  cuda_reserved_gb     =10.277
  cuda_max_allocated_gb=8.415

train 11 rank0:   2%|â–         | 7/444 [00:02<02:18,  3.16it/s, loss=2.5440]
train 11 rank0:   2%|â–         | 8/444 [00:02<02:16,  3.20it/s, loss=2.5440][PROFILE rank=0 batch=8]
  actual_batch_size=32
  data_time      =0.0035s
  to_device_time =0.0022s
  forward_time   =0.1178s
  loss_time      =0.0017s
  backward_time  =0.1623s
  optimizer_time =0.0065s
  batch_time     =0.2965s
  cuda_allocated_gb    =0.120
  cuda_reserved_gb     =10.277
  cuda_max_allocated_gb=8.415

train 11 rank0:   2%|â–         | 8/444 [00:03<02:16,  3.20it/s, loss=2.5389]
train 11 rank0:   2%|â–         | 9/444 [00:03<02:14,  3.23it/s, loss=2.5389][PROFILE rank=0 batch=9]
  actual_batch_size=32
  data_time      =0.0006s
  to_device_time =0.0041s
  forward_time   =0.1157s
  loss_time      =0.0018s
  backward_time  =0.1632s
  optimizer_time =0.0067s
  batch_time     =0.2996s
  cuda_allocated_gb    =0.119
  cuda_reserved_gb     =10.277
  cuda_max_allocated_gb=8.415

train 11 rank0:   2%|â–         | 9/444 [00:03<02:14,  3.23it/s, loss=2.5255]
train 11 rank0:   2%|â–         | 10/444 [00:03<02:13,  3.25it/s, loss=2.5255][PROFILE rank=0 batch=10]
  actual_batch_size=32
  data_time      =0.0006s
  to_device_time =0.0026s
  forward_time   =0.1178s
  loss_time      =0.0017s
  backward_time  =0.1645s
  optimizer_time =0.0066s
  batch_time     =0.2993s
  cuda_allocated_gb    =0.120
  cuda_reserved_gb     =10.277
  cuda_max_allocated_gb=8.415

train 11 rank0:   2%|â–         | 10/444 [00:03<02:13,  3.25it/s, loss=2.5476]
train 11 rank0:   2%|â–         | 11/444 [00:03<02:12,  3.27it/s, loss=2.5476][PROFILE rank=0 batch=11]
  actual_batch_size=32
  data_time      =0.0005s
  to_device_time =0.0022s
  forward_time   =0.1224s
  loss_time      =0.0029s
  backward_time  =0.1712s
  optimizer_time =0.0074s
  batch_time     =0.3162s
  cuda_allocated_gb    =0.119
  cuda_reserved_gb     =10.277
  cuda_max_allocated_gb=8.415

train 11 rank0:   2%|â–         | 11/444 [00:04<02:12,  3.27it/s, loss=2.5281]
train 11 rank0:   3%|â–Ž         | 12/444 [00:04<02:14,  3.20it/s, loss=2.5281][PROFILE rank=0 batch=12]
  actual_batch_size=32
  data_time      =0.0004s
  to_device_time =0.0022s
  forward_time   =0.1239s
  loss_time      =0.0029s
  backward_time  =0.1644s
  optimizer_time =0.0067s
  batch_time     =0.3057s
  cuda_allocated_gb    =0.120
  cuda_reserved_gb     =10.277
  cuda_max_allocated_gb=8.415

train 11 rank0:   3%|â–Ž         | 12/444 [00:04<02:14,  3.20it/s, loss=2.5424]
train 11 rank0:   3%|â–Ž         | 13/444 [00:04<02:14,  3.21it/s, loss=2.5424][PROFILE rank=0 batch=13]
  actual_batch_size=32
  data_time      =0.0028s
  to_device_time =0.0022s
  forward_time   =0.1182s
  loss_time      =0.0017s
  backward_time  =0.1619s
  optimizer_time =0.0069s
  batch_time     =0.2964s
  cuda_allocated_gb    =0.119
  cuda_reserved_gb     =10.277
  cuda_max_allocated_gb=8.415

train 11 rank0:   3%|â–Ž         | 13/444 [00:04<02:14,  3.21it/s, loss=2.5456]
train 11 rank0:   3%|â–Ž         | 14/444 [00:04<02:12,  3.24it/s, loss=2.5456][PROFILE rank=0 batch=14]
  actual_batch_size=32
  data_time      =0.0006s
  to_device_time =0.0025s
  forward_time   =0.1165s
  loss_time      =0.0016s
  backward_time  =0.1622s
  optimizer_time =0.0070s
  batch_time     =0.2972s
  cuda_allocated_gb    =0.120
  cuda_reserved_gb     =10.277
  cuda_max_allocated_gb=8.415

train 11 rank0:   3%|â–Ž         | 14/444 [00:04<02:12,  3.24it/s, loss=2.5529]
train 11 rank0:   3%|â–Ž         | 15/444 [00:04<02:11,  3.26it/s, loss=2.5529][PROFILE rank=0 batch=15]
  actual_batch_size=32
  data_time      =0.0004s
  to_device_time =0.0030s
  forward_time   =0.1182s
  loss_time      =0.0016s
  backward_time  =0.1610s
  optimizer_time =0.0071s
  batch_time     =0.2963s
  cuda_allocated_gb    =0.119
  cuda_reserved_gb     =10.277
  cuda_max_allocated_gb=8.415

train 11 rank0:   3%|â–Ž         | 15/444 [00:05<02:11,  3.26it/s, loss=2.5350]
train 11 rank0:   4%|â–Ž         | 16/444 [00:05<02:10,  3.29it/s, loss=2.5350][PROFILE rank=0 batch=16]
  actual_batch_size=32
  data_time      =0.0006s
  to_device_time =0.0023s
  forward_time   =0.1196s
  loss_time      =0.0016s
  backward_time  =0.1633s
  optimizer_time =0.0069s
  batch_time     =0.2985s
  cuda_allocated_gb    =0.120
  cuda_reserved_gb     =10.277
  cuda_max_allocated_gb=8.415

train 11 rank0:   4%|â–Ž         | 16/444 [00:05<02:10,  3.29it/s, loss=2.5247]
train 11 rank0:   4%|â–         | 17/444 [00:05<02:09,  3.29it/s, loss=2.5247][PROFILE rank=0 batch=17]
  actual_batch_size=32
  data_time      =0.0006s
  to_device_time =0.0022s
  forward_time   =0.1150s
  loss_time      =0.0018s
  backward_time  =0.1645s
  optimizer_time =0.0067s
  batch_time     =0.2995s
  cuda_allocated_gb    =0.119
  cuda_reserved_gb     =10.277
  cuda_max_allocated_gb=8.415

train 11 rank0:   4%|â–         | 17/444 [00:05<02:09,  3.29it/s, loss=2.5458]
train 11 rank0:   4%|â–         | 18/444 [00:05<02:09,  3.29it/s, loss=2.5458][PROFILE rank=0 batch=18]
  actual_batch_size=32
  data_time      =0.0005s
  to_device_time =0.0022s
  forward_time   =0.1185s
  loss_time      =0.0016s
  backward_time  =0.1637s
  optimizer_time =0.0068s
  batch_time     =0.2982s
  cuda_allocated_gb    =0.120
  cuda_reserved_gb     =10.277
  cuda_max_allocated_gb=8.415

train 11 rank0:   4%|â–         | 18/444 [00:06<02:09,  3.29it/s, loss=2.5302]
train 11 rank0:   4%|â–         | 19/444 [00:06<02:08,  3.30it/s, loss=2.5302][PROFILE rank=0 batch=19]
  actual_batch_size=32
  data_time      =0.0004s
  to_device_time =0.0022s
  forward_time   =0.1153s
  loss_time      =0.0017s
  backward_time  =0.1631s
  optimizer_time =0.0067s
  batch_time     =0.3016s
  cuda_allocated_gb    =0.119
  cuda_reserved_gb     =10.277
  cuda_max_allocated_gb=8.415

[PROFILE average rank=0 first 20 batches (recorded=20)]
  avg_data_time      =0.0166s
  avg_to_device_time =0.0027s
  avg_forward_time   =0.1193s
  avg_loss_time      =0.0019s
  avg_backward_time  =0.1635s
  avg_optimizer_time =0.0071s
  avg_batch_time     =0.3017s
  estimated_full_epoch_minutes=2.23

train 11 rank0:   4%|â–         | 19/444 [00:06<02:08,  3.30it/s, loss=2.5375]
train 11 rank0:   5%|â–         | 20/444 [00:06<02:08,  3.29it/s, loss=2.5375]
train 11 rank0:   5%|â–         | 20/444 [00:06<02:08,  3.29it/s, loss=2.5627]
train 11 rank0:   5%|â–         | 21/444 [00:06<02:08,  3.30it/s, loss=2.5627]
train 11 rank0:   5%|â–         | 21/444 [00:07<02:08,  3.30it/s, loss=2.5564]
train 11 rank0:   5%|â–         | 22/444 [00:07<02:07,  3.31it/s, loss=2.5564]
train 11 rank0:   5%|â–         | 22/444 [00:07<02:07,  3.31it/s, loss=2.5328]
train 11 rank0:   5%|â–Œ         | 23/444 [00:07<02:07,  3.31it/s, loss=2.5328]
train 11 rank0:   5%|â–Œ         | 23/444 [00:07<02:07,  3.31it/s, loss=2.5374]
train 11 rank0:   5%|â–Œ         | 24/444 [00:07<02:06,  3.32it/s, loss=2.5374]
train 11 rank0:   5%|â–Œ         | 24/444 [00:07<02:06,  3.32it/s, loss=2.5356]
train 11 rank0:   6%|â–Œ         | 25/444 [00:07<02:05,  3.33it/s, loss=2.5356]
train 11 rank0:   6%|â–Œ         | 25/444 [00:08<02:05,  3.33it/s, loss=2.5612]
train 11 rank0:   6%|â–Œ         | 26/444 [00:08<02:05,  3.34it/s, loss=2.5612]
train 11 rank0:   6%|â–Œ         | 26/444 [00:08<02:05,  3.34it/s, loss=2.5482]
train 11 rank0:   6%|â–Œ         | 27/444 [00:08<02:05,  3.34it/s, loss=2.5482]
train 11 rank0:   6%|â–Œ         | 27/444 [00:08<02:05,  3.34it/s, loss=2.5417]
train 11 rank0:   6%|â–‹         | 28/444 [00:08<02:05,  3.30it/s, loss=2.5417]
train 11 rank0:   6%|â–‹         | 28/444 [00:09<02:05,  3.30it/s, loss=2.5408]
train 11 rank0:   7%|â–‹         | 29/444 [00:09<02:06,  3.27it/s, loss=2.5408]
train 11 rank0:   7%|â–‹         | 29/444 [00:09<02:06,  3.27it/s, loss=2.5432]
train 11 rank0:   7%|â–‹         | 30/444 [00:09<02:05,  3.30it/s, loss=2.5432]
                                                                             
/usr/local/lib/python3.12/dist-packages/torch/distributed/c10d_logger.py:83: UserWarning: barrier(): using the device under current context. You can specify `device_id` in `init_process_group` to mute this warning.
  return func(*args, **kwargs)

val:   0%|          | 0/57 [00:00<?, ?it/s]
val:   2%|â–         | 1/57 [00:00<00:25,  2.17it/s]
val:   4%|â–Ž         | 2/57 [00:00<00:17,  3.09it/s]
val:   5%|â–Œ         | 3/57 [00:00<00:15,  3.58it/s]
val:   7%|â–‹         | 4/57 [00:01<00:13,  3.88it/s]
val:   9%|â–‰         | 5/57 [00:01<00:12,  4.07it/s]
val:  11%|â–ˆ         | 6/57 [00:01<00:12,  4.17it/s]
val:  12%|â–ˆâ–        | 7/57 [00:01<00:11,  4.24it/s]
val:  14%|â–ˆâ–        | 8/57 [00:02<00:11,  4.29it/s]
val:  16%|â–ˆâ–Œ        | 9/57 [00:02<00:11,  4.32it/s]
val:  18%|â–ˆâ–Š        | 10/57 [00:02<00:10,  4.35it/s]
                                                    
Epoch 011/015 | loss=2.5381 acc=0.1260 macro_f1=0.1166 | val_loss=2.5331 val_acc=0.1219 val_macro_f1=0.0876 | ckpt_monitor=val_macro_f1:0.0876 best_val_macro_f1=0.1175 best_epoch=7 early_val_macro_f1=0.1175 sec/batch=0.316s cuda_rankmax=8.415GB
          val pred_count: [317, 206, 54, 24, 19, 0, 20]
          no improvement: 4/12
/usr/local/lib/python3.12/dist-packages/torch/distributed/c10d_logger.py:83: UserWarning: barrier(): using the device under current context. You can specify `device_id` in `init_process_group` to mute this warning.
  return func(*args, **kwargs)

train 12 rank0:   0%|          | 0/444 [00:00<?, ?it/s][PROFILE rank=0 batch=0]
  actual_batch_size=32
  data_time      =0.3385s
  to_device_time =0.0070s
  forward_time   =0.1322s
  loss_time      =0.0017s
  backward_time  =0.1640s
  optimizer_time =0.0065s
  batch_time     =0.3148s
  cuda_allocated_gb    =0.119
  cuda_reserved_gb     =10.277
  cuda_max_allocated_gb=8.415

train 12 rank0:   0%|          | 0/444 [00:00<?, ?it/s, loss=2.5567]
train 12 rank0:   0%|          | 1/444 [00:00<04:50,  1.52it/s, loss=2.5567][PROFILE rank=0 batch=1]
  actual_batch_size=32
  data_time      =0.0030s
  to_device_time =0.0022s
  forward_time   =0.1202s
  loss_time      =0.0017s
  backward_time  =0.1616s
  optimizer_time =0.0066s
  batch_time     =0.2941s
  cuda_allocated_gb    =0.119
  cuda_reserved_gb     =10.277
  cuda_max_allocated_gb=8.415

train 12 rank0:   0%|          | 1/444 [00:00<04:50,  1.52it/s, loss=2.5303]
train 12 rank0:   0%|          | 2/444 [00:00<03:17,  2.24it/s, loss=2.5303][PROFILE rank=0 batch=2]
  actual_batch_size=32
  data_time      =0.0006s
  to_device_time =0.0022s
  forward_time   =0.1161s
  loss_time      =0.0017s
  backward_time  =0.1614s
  optimizer_time =0.0068s
  batch_time     =0.2962s
  cuda_allocated_gb    =0.120
  cuda_reserved_gb     =10.277
  cuda_max_allocated_gb=8.415

train 12 rank0:   0%|          | 2/444 [00:01<03:17,  2.24it/s, loss=2.5561]
train 12 rank0:   1%|          | 3/444 [00:01<02:47,  2.63it/s, loss=2.5561][PROFILE rank=0 batch=3]
  actual_batch_size=32
  data_time      =0.0006s
  to_device_time =0.0024s
  forward_time   =0.1181s
  loss_time      =0.0018s
  backward_time  =0.1622s
  optimizer_time =0.0073s
  batch_time     =0.2980s
  cuda_allocated_gb    =0.119
  cuda_reserved_gb     =10.277
  cuda_max_allocated_gb=8.415

train 12 rank0:   1%|          | 3/444 [00:01<02:47,  2.63it/s, loss=2.5332]
train 12 rank0:   1%|          | 4/444 [00:01<02:33,  2.86it/s, loss=2.5332][PROFILE rank=0 batch=4]
  actual_batch_size=32
  data_time      =0.0006s
  to_device_time =0.0023s
  forward_time   =0.1150s
  loss_time      =0.0017s
  backward_time  =0.1613s
  optimizer_time =0.0066s
  batch_time     =0.2969s
  cuda_allocated_gb    =0.120
  cuda_reserved_gb     =10.277
  cuda_max_allocated_gb=8.415

train 12 rank0:   1%|          | 4/444 [00:01<02:33,  2.86it/s, loss=2.5540]
train 12 rank0:   1%|          | 5/444 [00:01<02:25,  3.01it/s, loss=2.5540][PROFILE rank=0 batch=5]
  actual_batch_size=32
  data_time      =0.0005s
  to_device_time =0.0022s
  forward_time   =0.1198s
  loss_time      =0.0016s
  backward_time  =0.1627s
  optimizer_time =0.0070s
  batch_time     =0.2977s
  cuda_allocated_gb    =0.119
  cuda_reserved_gb     =10.277
  cuda_max_allocated_gb=8.415

train 12 rank0:   1%|          | 5/444 [00:02<02:25,  3.01it/s, loss=2.5146]
train 12 rank0:   1%|â–         | 6/444 [00:02<02:20,  3.11it/s, loss=2.5146][PROFILE rank=0 batch=6]
  actual_batch_size=32
  data_time      =0.0006s
  to_device_time =0.0022s
  forward_time   =0.1195s
  loss_time      =0.0017s
  backward_time  =0.1628s
  optimizer_time =0.0069s
  batch_time     =0.2974s
  cuda_allocated_gb    =0.120
  cuda_reserved_gb     =10.277
  cuda_max_allocated_gb=8.415

train 12 rank0:   1%|â–         | 6/444 [00:02<02:20,  3.11it/s, loss=2.5393]
train 12 rank0:   2%|â–         | 7/444 [00:02<02:17,  3.17it/s, loss=2.5393][PROFILE rank=0 batch=7]
  actual_batch_size=32
  data_time      =0.0006s
  to_device_time =0.0022s
  forward_time   =0.1162s
  loss_time      =0.0017s
  backward_time  =0.1610s
  optimizer_time =0.0066s
  batch_time     =0.2966s
  cuda_allocated_gb    =0.119
  cuda_reserved_gb     =10.277
  cuda_max_allocated_gb=8.415

train 12 rank0:   2%|â–         | 7/444 [00:02<02:17,  3.17it/s, loss=2.5348]
train 12 rank0:   2%|â–         | 8/444 [00:02<02:15,  3.22it/s, loss=2.5348][PROFILE rank=0 batch=8]
  actual_batch_size=32
  data_time      =0.0006s
  to_device_time =0.0023s
  forward_time   =0.1189s
  loss_time      =0.0017s
  backward_time  =0.1615s
  optimizer_time =0.0067s
  batch_time     =0.2957s
  cuda_allocated_gb    =0.120
  cuda_reserved_gb     =10.277
  cuda_max_allocated_gb=8.415

train 12 rank0:   2%|â–         | 8/444 [00:03<02:15,  3.22it/s, loss=2.5438]
train 12 rank0:   2%|â–         | 9/444 [00:03<02:13,  3.26it/s, loss=2.5438][PROFILE rank=0 batch=9]
  actual_batch_size=32
  data_time      =0.0006s
  to_device_time =0.0026s
  forward_time   =0.1199s
  loss_time      =0.0018s
  backward_time  =0.1623s
  optimizer_time =0.0069s
  batch_time     =0.2999s
  cuda_allocated_gb    =0.119
  cuda_reserved_gb     =10.277
  cuda_max_allocated_gb=8.415

train 12 rank0:   2%|â–         | 9/444 [00:03<02:13,  3.26it/s, loss=2.5432]
train 12 rank0:   2%|â–         | 10/444 [00:03<02:12,  3.27it/s, loss=2.5432][PROFILE rank=0 batch=10]
  actual_batch_size=32
  data_time      =0.0006s
  to_device_time =0.0022s
  forward_time   =0.1193s
  loss_time      =0.0017s
  backward_time  =0.1625s
  optimizer_time =0.0069s
  batch_time     =0.2986s
  cuda_allocated_gb    =0.120
  cuda_reserved_gb     =10.277
  cuda_max_allocated_gb=8.415

train 12 rank0:   2%|â–         | 10/444 [00:03<02:12,  3.27it/s, loss=2.5446]
train 12 rank0:   2%|â–         | 11/444 [00:03<02:12,  3.28it/s, loss=2.5446][PROFILE rank=0 batch=11]
  actual_batch_size=32
  data_time      =0.0007s
  to_device_time =0.0022s
  forward_time   =0.1233s
  loss_time      =0.0029s
  backward_time  =0.1675s
  optimizer_time =0.0073s
  batch_time     =0.3114s
  cuda_allocated_gb    =0.119
  cuda_reserved_gb     =10.277
  cuda_max_allocated_gb=8.415

train 12 rank0:   2%|â–         | 11/444 [00:03<02:12,  3.28it/s, loss=2.5371]
train 12 rank0:   3%|â–Ž         | 12/444 [00:03<02:13,  3.24it/s, loss=2.5371][PROFILE rank=0 batch=12]
  actual_batch_size=32
  data_time      =0.0006s
  to_device_time =0.0022s
  forward_time   =0.1220s
  loss_time      =0.0029s
  backward_time  =0.1636s
  optimizer_time =0.0067s
  batch_time     =0.3036s
  cuda_allocated_gb    =0.120
  cuda_reserved_gb     =10.277
  cuda_max_allocated_gb=8.415

train 12 rank0:   3%|â–Ž         | 12/444 [00:04<02:13,  3.24it/s, loss=2.5485]
train 12 rank0:   3%|â–Ž         | 13/444 [00:04<02:12,  3.25it/s, loss=2.5485][PROFILE rank=0 batch=13]
  actual_batch_size=32
  data_time      =0.0006s
  to_device_time =0.0022s
  forward_time   =0.1215s
  loss_time      =0.0017s
  backward_time  =0.1629s
  optimizer_time =0.0071s
  batch_time     =0.2994s
  cuda_allocated_gb    =0.119
  cuda_reserved_gb     =10.277
  cuda_max_allocated_gb=8.415

train 12 rank0:   3%|â–Ž         | 13/444 [00:04<02:12,  3.25it/s, loss=2.5261]
train 12 rank0:   3%|â–Ž         | 14/444 [00:04<02:11,  3.26it/s, loss=2.5261][PROFILE rank=0 batch=14]
  actual_batch_size=32
  data_time      =0.0006s
  to_device_time =0.0037s
  forward_time   =0.1155s
  loss_time      =0.0017s
  backward_time  =0.1626s
  optimizer_time =0.0067s
  batch_time     =0.3003s
  cuda_allocated_gb    =0.120
  cuda_reserved_gb     =10.277
  cuda_max_allocated_gb=8.415

train 12 rank0:   3%|â–Ž         | 14/444 [00:04<02:11,  3.26it/s, loss=2.5421]
train 12 rank0:   3%|â–Ž         | 15/444 [00:04<02:11,  3.27it/s, loss=2.5421][PROFILE rank=0 batch=15]
  actual_batch_size=32
  data_time      =0.0006s
  to_device_time =0.0027s
  forward_time   =0.1192s
  loss_time      =0.0016s
  backward_time  =0.1629s
  optimizer_time =0.0065s
  batch_time     =0.2976s
  cuda_allocated_gb    =0.119
  cuda_reserved_gb     =10.277
  cuda_max_allocated_gb=8.415

train 12 rank0:   3%|â–Ž         | 15/444 [00:05<02:11,  3.27it/s, loss=2.5307]
train 12 rank0:   4%|â–Ž         | 16/444 [00:05<02:10,  3.28it/s, loss=2.5307][PROFILE rank=0 batch=16]
  actual_batch_size=32
  data_time      =0.0006s
  to_device_time =0.0022s
  forward_time   =0.1156s
  loss_time      =0.0018s
  backward_time  =0.1634s
  optimizer_time =0.0068s
  batch_time     =0.2997s
  cuda_allocated_gb    =0.120
  cuda_reserved_gb     =10.277
  cuda_max_allocated_gb=8.415

train 12 rank0:   4%|â–Ž         | 16/444 [00:05<02:10,  3.28it/s, loss=2.5401]
train 12 rank0:   4%|â–         | 17/444 [00:05<02:09,  3.29it/s, loss=2.5401][PROFILE rank=0 batch=17]
  actual_batch_size=32
  data_time      =0.0007s
  to_device_time =0.0022s
  forward_time   =0.1169s
  loss_time      =0.0017s
  backward_time  =0.1631s
  optimizer_time =0.0066s
  batch_time     =0.2987s
  cuda_allocated_gb    =0.119
  cuda_reserved_gb     =10.277
  cuda_max_allocated_gb=8.415

train 12 rank0:   4%|â–         | 17/444 [00:05<02:09,  3.29it/s, loss=2.5574]
train 12 rank0:   4%|â–         | 18/444 [00:05<02:09,  3.29it/s, loss=2.5574][PROFILE rank=0 batch=18]
  actual_batch_size=32
  data_time      =0.0007s
  to_device_time =0.0022s
  forward_time   =0.1200s
  loss_time      =0.0017s
  backward_time  =0.1637s
  optimizer_time =0.0071s
  batch_time     =0.2999s
  cuda_allocated_gb    =0.120
  cuda_reserved_gb     =10.277
  cuda_max_allocated_gb=8.415

train 12 rank0:   4%|â–         | 18/444 [00:06<02:09,  3.29it/s, loss=2.5422]
train 12 rank0:   4%|â–         | 19/444 [00:06<02:09,  3.29it/s, loss=2.5422][PROFILE rank=0 batch=19]
  actual_batch_size=32
  data_time      =0.0006s
  to_device_time =0.0024s
  forward_time   =0.1168s
  loss_time      =0.0017s
  backward_time  =0.1637s
  optimizer_time =0.0066s
  batch_time     =0.2994s
  cuda_allocated_gb    =0.119
  cuda_reserved_gb     =10.277
  cuda_max_allocated_gb=8.415

[PROFILE average rank=0 first 20 batches (recorded=20)]
  avg_data_time      =0.0176s
  avg_to_device_time =0.0026s
  avg_forward_time   =0.1193s
  avg_loss_time      =0.0018s
  avg_backward_time  =0.1628s
  avg_optimizer_time =0.0068s
  avg_batch_time     =0.2998s
  estimated_full_epoch_minutes=2.22

train 12 rank0:   4%|â–         | 19/444 [00:06<02:09,  3.29it/s, loss=2.5520]
train 12 rank0:   5%|â–         | 20/444 [00:06<02:08,  3.29it/s, loss=2.5520]
train 12 rank0:   5%|â–         | 20/444 [00:06<02:08,  3.29it/s, loss=2.5296]
train 12 rank0:   5%|â–         | 21/444 [00:06<02:08,  3.30it/s, loss=2.5296]
train 12 rank0:   5%|â–         | 21/444 [00:07<02:08,  3.30it/s, loss=2.5231]
train 12 rank0:   5%|â–         | 22/444 [00:07<02:07,  3.31it/s, loss=2.5231]
train 12 rank0:   5%|â–         | 22/444 [00:07<02:07,  3.31it/s, loss=2.5330]
train 12 rank0:   5%|â–Œ         | 23/444 [00:07<02:07,  3.31it/s, loss=2.5330]
train 12 rank0:   5%|â–Œ         | 23/444 [00:07<02:07,  3.31it/s, loss=2.5213]
train 12 rank0:   5%|â–Œ         | 24/444 [00:07<02:06,  3.31it/s, loss=2.5213]
train 12 rank0:   5%|â–Œ         | 24/444 [00:07<02:06,  3.31it/s, loss=2.5361]
train 12 rank0:   6%|â–Œ         | 25/444 [00:07<02:06,  3.31it/s, loss=2.5361]
train 12 rank0:   6%|â–Œ         | 25/444 [00:08<02:06,  3.31it/s, loss=2.5190]
train 12 rank0:   6%|â–Œ         | 26/444 [00:08<02:06,  3.31it/s, loss=2.5190]
train 12 rank0:   6%|â–Œ         | 26/444 [00:08<02:06,  3.31it/s, loss=2.5263]
train 12 rank0:   6%|â–Œ         | 27/444 [00:08<02:06,  3.30it/s, loss=2.5263]
train 12 rank0:   6%|â–Œ         | 27/444 [00:08<02:06,  3.30it/s, loss=2.5249]
train 12 rank0:   6%|â–‹         | 28/444 [00:08<02:07,  3.26it/s, loss=2.5249]
train 12 rank0:   6%|â–‹         | 28/444 [00:09<02:07,  3.26it/s, loss=2.5393]
train 12 rank0:   7%|â–‹         | 29/444 [00:09<02:10,  3.17it/s, loss=2.5393]
train 12 rank0:   7%|â–‹         | 29/444 [00:09<02:10,  3.17it/s, loss=2.5419]
train 12 rank0:   7%|â–‹         | 30/444 [00:09<02:09,  3.21it/s, loss=2.5419]
                                                                             
/usr/local/lib/python3.12/dist-packages/torch/distributed/c10d_logger.py:83: UserWarning: barrier(): using the device under current context. You can specify `device_id` in `init_process_group` to mute this warning.
  return func(*args, **kwargs)

val:   0%|          | 0/57 [00:00<?, ?it/s]
val:   2%|â–         | 1/57 [00:00<00:26,  2.14it/s]
val:   4%|â–Ž         | 2/57 [00:00<00:17,  3.07it/s]
val:   5%|â–Œ         | 3/57 [00:00<00:15,  3.57it/s]
val:   7%|â–‹         | 4/57 [00:01<00:13,  3.85it/s]
val:   9%|â–‰         | 5/57 [00:01<00:12,  4.03it/s]
val:  11%|â–ˆ         | 6/57 [00:01<00:12,  4.14it/s]
val:  12%|â–ˆâ–        | 7/57 [00:01<00:11,  4.20it/s]
val:  14%|â–ˆâ–        | 8/57 [00:02<00:11,  4.25it/s]
val:  16%|â–ˆâ–Œ        | 9/57 [00:02<00:11,  4.29it/s]
val:  18%|â–ˆâ–Š        | 10/57 [00:02<00:10,  4.30it/s]
                                                    
Epoch 012/015 | loss=2.5351 acc=0.1526 macro_f1=0.1394 | val_loss=2.5331 val_acc=0.1313 val_macro_f1=0.0995 | ckpt_monitor=val_macro_f1:0.0995 best_val_macro_f1=0.1175 best_epoch=7 early_val_macro_f1=0.1175 sec/batch=0.317s cuda_rankmax=8.415GB
          val pred_count: [261, 91, 107, 125, 15, 0, 41]
          no improvement: 5/12
/usr/local/lib/python3.12/dist-packages/torch/distributed/c10d_logger.py:83: UserWarning: barrier(): using the device under current context. You can specify `device_id` in `init_process_group` to mute this warning.
  return func(*args, **kwargs)

train 13 rank0:   0%|          | 0/444 [00:00<?, ?it/s][PROFILE rank=0 batch=0]
  actual_batch_size=32
  data_time      =0.3525s
  to_device_time =0.0023s
  forward_time   =0.1200s
  loss_time      =0.0015s
  backward_time  =0.1637s
  optimizer_time =0.0065s
  batch_time     =0.3022s
  cuda_allocated_gb    =0.119
  cuda_reserved_gb     =10.277
  cuda_max_allocated_gb=8.415

train 13 rank0:   0%|          | 0/444 [00:00<?, ?it/s, loss=2.5614]
train 13 rank0:   0%|          | 1/444 [00:00<04:51,  1.52it/s, loss=2.5614][PROFILE rank=0 batch=1]
  actual_batch_size=32
  data_time      =0.0005s
  to_device_time =0.0026s
  forward_time   =0.1172s
  loss_time      =0.0016s
  backward_time  =0.1632s
  optimizer_time =0.0077s
  batch_time     =0.2972s
  cuda_allocated_gb    =0.119
  cuda_reserved_gb     =10.277
  cuda_max_allocated_gb=8.415

train 13 rank0:   0%|          | 1/444 [00:00<04:51,  1.52it/s, loss=2.5226]
train 13 rank0:   0%|          | 2/444 [00:00<03:17,  2.23it/s, loss=2.5226][PROFILE rank=0 batch=2]
  actual_batch_size=32
  data_time      =0.0006s
  to_device_time =0.0025s
  forward_time   =0.1203s
  loss_time      =0.0016s
  backward_time  =0.1642s
  optimizer_time =0.0064s
  batch_time     =0.2991s
  cuda_allocated_gb    =0.120
  cuda_reserved_gb     =10.277
  cuda_max_allocated_gb=8.415

train 13 rank0:   0%|          | 2/444 [00:01<03:17,  2.23it/s, loss=2.5260]
train 13 rank0:   1%|          | 3/444 [00:01<02:48,  2.62it/s, loss=2.5260][PROFILE rank=0 batch=3]
  actual_batch_size=32
  data_time      =0.0006s
  to_device_time =0.0022s
  forward_time   =0.1162s
  loss_time      =0.0017s
  backward_time  =0.1647s
  optimizer_time =0.0066s
  batch_time     =0.3037s
  cuda_allocated_gb    =0.119
  cuda_reserved_gb     =10.277
  cuda_max_allocated_gb=8.415

train 13 rank0:   1%|          | 3/444 [00:01<02:48,  2.62it/s, loss=2.5401]
train 13 rank0:   1%|          | 4/444 [00:01<02:35,  2.84it/s, loss=2.5401][PROFILE rank=0 batch=4]
  actual_batch_size=32
  data_time      =0.0006s
  to_device_time =0.0022s
  forward_time   =0.1180s
  loss_time      =0.0016s
  backward_time  =0.1658s
  optimizer_time =0.0066s
  batch_time     =0.3006s
  cuda_allocated_gb    =0.120
  cuda_reserved_gb     =10.277
  cuda_max_allocated_gb=8.415

train 13 rank0:   1%|          | 4/444 [00:01<02:35,  2.84it/s, loss=2.5192]
train 13 rank0:   1%|          | 5/444 [00:01<02:27,  2.98it/s, loss=2.5192][PROFILE rank=0 batch=5]
  actual_batch_size=32
  data_time      =0.0006s
  to_device_time =0.0022s
  forward_time   =0.1172s
  loss_time      =0.0016s
  backward_time  =0.1656s
  optimizer_time =0.0069s
  batch_time     =0.3006s
  cuda_allocated_gb    =0.119
  cuda_reserved_gb     =10.277
  cuda_max_allocated_gb=8.415

train 13 rank0:   1%|          | 5/444 [00:02<02:27,  2.98it/s, loss=2.5278]
train 13 rank0:   1%|â–         | 6/444 [00:02<02:22,  3.08it/s, loss=2.5278][PROFILE rank=0 batch=6]
  actual_batch_size=32
  data_time      =0.0005s
  to_device_time =0.0022s
  forward_time   =0.1190s
  loss_time      =0.0018s
  backward_time  =0.1671s
  optimizer_time =0.0069s
  batch_time     =0.3022s
  cuda_allocated_gb    =0.120
  cuda_reserved_gb     =10.277
  cuda_max_allocated_gb=8.415

train 13 rank0:   1%|â–         | 6/444 [00:02<02:22,  3.08it/s, loss=2.5458]
train 13 rank0:   2%|â–         | 7/444 [00:02<02:19,  3.14it/s, loss=2.5458][PROFILE rank=0 batch=7]
  actual_batch_size=32
  data_time      =0.0006s
  to_device_time =0.0026s
  forward_time   =0.1171s
  loss_time      =0.0018s
  backward_time  =0.1647s
  optimizer_time =0.0071s
  batch_time     =0.3018s
  cuda_allocated_gb    =0.119
  cuda_reserved_gb     =10.277
  cuda_max_allocated_gb=8.415

train 13 rank0:   2%|â–         | 7/444 [00:02<02:19,  3.14it/s, loss=2.5469]
train 13 rank0:   2%|â–         | 8/444 [00:02<02:17,  3.18it/s, loss=2.5469][PROFILE rank=0 batch=8]
  actual_batch_size=32
  data_time      =0.0005s
  to_device_time =0.0034s
  forward_time   =0.1194s
  loss_time      =0.0017s
  backward_time  =0.1665s
  optimizer_time =0.0065s
  batch_time     =0.3017s
  cuda_allocated_gb    =0.120
  cuda_reserved_gb     =10.277
  cuda_max_allocated_gb=8.415

train 13 rank0:   2%|â–         | 8/444 [00:03<02:17,  3.18it/s, loss=2.5391]
train 13 rank0:   2%|â–         | 9/444 [00:03<02:15,  3.21it/s, loss=2.5391][PROFILE rank=0 batch=9]
  actual_batch_size=32
  data_time      =0.0008s
  to_device_time =0.0022s
  forward_time   =0.1194s
  loss_time      =0.0017s
  backward_time  =0.1643s
  optimizer_time =0.0071s
  batch_time     =0.3005s
  cuda_allocated_gb    =0.119
  cuda_reserved_gb     =10.277
  cuda_max_allocated_gb=8.415

train 13 rank0:   2%|â–         | 9/444 [00:03<02:15,  3.21it/s, loss=2.5427]
train 13 rank0:   2%|â–         | 10/444 [00:03<02:14,  3.23it/s, loss=2.5427][PROFILE rank=0 batch=10]
  actual_batch_size=32
  data_time      =0.0006s
  to_device_time =0.0022s
  forward_time   =0.1197s
  loss_time      =0.0018s
  backward_time  =0.1633s
  optimizer_time =0.0069s
  batch_time     =0.3004s
  cuda_allocated_gb    =0.120
  cuda_reserved_gb     =10.277
  cuda_max_allocated_gb=8.415

train 13 rank0:   2%|â–         | 10/444 [00:03<02:14,  3.23it/s, loss=2.5475]
train 13 rank0:   2%|â–         | 11/444 [00:03<02:13,  3.25it/s, loss=2.5475][PROFILE rank=0 batch=11]
  actual_batch_size=32
  data_time      =0.0006s
  to_device_time =0.0022s
  forward_time   =0.1227s
  loss_time      =0.0028s
  backward_time  =0.1670s
  optimizer_time =0.0068s
  batch_time     =0.3104s
  cuda_allocated_gb    =0.119
  cuda_reserved_gb     =10.277
  cuda_max_allocated_gb=8.415

train 13 rank0:   2%|â–         | 11/444 [00:04<02:13,  3.25it/s, loss=2.5599]
train 13 rank0:   3%|â–Ž         | 12/444 [00:04<02:13,  3.23it/s, loss=2.5599][PROFILE rank=0 batch=12]
  actual_batch_size=32
  data_time      =0.0006s
  to_device_time =0.0022s
  forward_time   =0.1223s
  loss_time      =0.0021s
  backward_time  =0.1667s
  optimizer_time =0.0067s
  batch_time     =0.3082s
  cuda_allocated_gb    =0.120
  cuda_reserved_gb     =10.277
  cuda_max_allocated_gb=8.415

train 13 rank0:   3%|â–Ž         | 12/444 [00:04<02:13,  3.23it/s, loss=2.5486]
train 13 rank0:   3%|â–Ž         | 13/444 [00:04<02:13,  3.22it/s, loss=2.5486][PROFILE rank=0 batch=13]
  actual_batch_size=32
  data_time      =0.0006s
  to_device_time =0.0026s
  forward_time   =0.1180s
  loss_time      =0.0018s
  backward_time  =0.1647s
  optimizer_time =0.0066s
  batch_time     =0.3004s
  cuda_allocated_gb    =0.119
  cuda_reserved_gb     =10.277
  cuda_max_allocated_gb=8.415

train 13 rank0:   3%|â–Ž         | 13/444 [00:04<02:13,  3.22it/s, loss=2.5343]
train 13 rank0:   3%|â–Ž         | 14/444 [00:04<02:12,  3.24it/s, loss=2.5343][PROFILE rank=0 batch=14]
  actual_batch_size=32
  data_time      =0.0006s
  to_device_time =0.0025s
  forward_time   =0.1174s
  loss_time      =0.0017s
  backward_time  =0.1645s
  optimizer_time =0.0066s
  batch_time     =0.3011s
  cuda_allocated_gb    =0.120
  cuda_reserved_gb     =10.277
  cuda_max_allocated_gb=8.415

train 13 rank0:   3%|â–Ž         | 14/444 [00:04<02:12,  3.24it/s, loss=2.5279]
train 13 rank0:   3%|â–Ž         | 15/444 [00:04<02:11,  3.25it/s, loss=2.5279][PROFILE rank=0 batch=15]
  actual_batch_size=32
  data_time      =0.0006s
  to_device_time =0.0028s
  forward_time   =0.1164s
  loss_time      =0.0016s
  backward_time  =0.1641s
  optimizer_time =0.0067s
  batch_time     =0.3009s
  cuda_allocated_gb    =0.119
  cuda_reserved_gb     =10.277
  cuda_max_allocated_gb=8.415

train 13 rank0:   3%|â–Ž         | 15/444 [00:05<02:11,  3.25it/s, loss=2.5327]
train 13 rank0:   4%|â–Ž         | 16/444 [00:05<02:11,  3.26it/s, loss=2.5327][PROFILE rank=0 batch=16]
  actual_batch_size=32
  data_time      =0.0006s
  to_device_time =0.0022s
  forward_time   =0.1172s
  loss_time      =0.0016s
  backward_time  =0.1634s
  optimizer_time =0.0067s
  batch_time     =0.2993s
  cuda_allocated_gb    =0.120
  cuda_reserved_gb     =10.277
  cuda_max_allocated_gb=8.415

train 13 rank0:   4%|â–Ž         | 16/444 [00:05<02:11,  3.26it/s, loss=2.5194]
train 13 rank0:   4%|â–         | 17/444 [00:05<02:10,  3.27it/s, loss=2.5194][PROFILE rank=0 batch=17]
  actual_batch_size=32
  data_time      =0.0006s
  to_device_time =0.0022s
  forward_time   =0.1174s
  loss_time      =0.0016s
  backward_time  =0.1625s
  optimizer_time =0.0067s
  batch_time     =0.2989s
  cuda_allocated_gb    =0.119
  cuda_reserved_gb     =10.277
  cuda_max_allocated_gb=8.415

train 13 rank0:   4%|â–         | 17/444 [00:05<02:10,  3.27it/s, loss=2.5477]
train 13 rank0:   4%|â–         | 18/444 [00:05<02:09,  3.28it/s, loss=2.5477][PROFILE rank=0 batch=18]
  actual_batch_size=32
  data_time      =0.0007s
  to_device_time =0.0024s
  forward_time   =0.1184s
  loss_time      =0.0020s
  backward_time  =0.1628s
  optimizer_time =0.0065s
  batch_time     =0.2996s
  cuda_allocated_gb    =0.120
  cuda_reserved_gb     =10.277
  cuda_max_allocated_gb=8.415

train 13 rank0:   4%|â–         | 18/444 [00:06<02:09,  3.28it/s, loss=2.5418]
train 13 rank0:   4%|â–         | 19/444 [00:06<02:09,  3.28it/s, loss=2.5418][PROFILE rank=0 batch=19]
  actual_batch_size=32
  data_time      =0.0006s
  to_device_time =0.0041s
  forward_time   =0.1165s
  loss_time      =0.0016s
  backward_time  =0.1640s
  optimizer_time =0.0069s
  batch_time     =0.3009s
  cuda_allocated_gb    =0.119
  cuda_reserved_gb     =10.277
  cuda_max_allocated_gb=8.415

[PROFILE average rank=0 first 20 batches (recorded=20)]
  avg_data_time      =0.0182s
  avg_to_device_time =0.0025s
  avg_forward_time   =0.1185s
  avg_loss_time      =0.0018s
  avg_backward_time  =0.1646s
  avg_optimizer_time =0.0068s
  avg_batch_time     =0.3015s
  estimated_full_epoch_minutes=2.23

train 13 rank0:   4%|â–         | 19/444 [00:06<02:09,  3.28it/s, loss=2.5178]
train 13 rank0:   5%|â–         | 20/444 [00:06<02:09,  3.28it/s, loss=2.5178]
train 13 rank0:   5%|â–         | 20/444 [00:06<02:09,  3.28it/s, loss=2.5490]
train 13 rank0:   5%|â–         | 21/444 [00:06<02:09,  3.27it/s, loss=2.5490]
train 13 rank0:   5%|â–         | 21/444 [00:07<02:09,  3.27it/s, loss=2.5538]
train 13 rank0:   5%|â–         | 22/444 [00:07<02:09,  3.26it/s, loss=2.5538]
train 13 rank0:   5%|â–         | 22/444 [00:07<02:09,  3.26it/s, loss=2.5456]
train 13 rank0:   5%|â–Œ         | 23/444 [00:07<02:09,  3.26it/s, loss=2.5456]
train 13 rank0:   5%|â–Œ         | 23/444 [00:07<02:09,  3.26it/s, loss=2.5156]
train 13 rank0:   5%|â–Œ         | 24/444 [00:07<02:08,  3.27it/s, loss=2.5156]
train 13 rank0:   5%|â–Œ         | 24/444 [00:07<02:08,  3.27it/s, loss=2.5326]
train 13 rank0:   6%|â–Œ         | 25/444 [00:07<02:07,  3.27it/s, loss=2.5326]
train 13 rank0:   6%|â–Œ         | 25/444 [00:08<02:07,  3.27it/s, loss=2.5246]
train 13 rank0:   6%|â–Œ         | 26/444 [00:08<02:07,  3.28it/s, loss=2.5246]
train 13 rank0:   6%|â–Œ         | 26/444 [00:08<02:07,  3.28it/s, loss=2.5613]
train 13 rank0:   6%|â–Œ         | 27/444 [00:08<02:06,  3.28it/s, loss=2.5613]
train 13 rank0:   6%|â–Œ         | 27/444 [00:08<02:06,  3.28it/s, loss=2.5278]
train 13 rank0:   6%|â–‹         | 28/444 [00:08<02:07,  3.27it/s, loss=2.5278]
train 13 rank0:   6%|â–‹         | 28/444 [00:09<02:07,  3.27it/s, loss=2.5227]
train 13 rank0:   7%|â–‹         | 29/444 [00:09<02:07,  3.24it/s, loss=2.5227]
train 13 rank0:   7%|â–‹         | 29/444 [00:09<02:07,  3.24it/s, loss=2.5411]
train 13 rank0:   7%|â–‹         | 30/444 [00:09<02:07,  3.25it/s, loss=2.5411]
                                                                             
/usr/local/lib/python3.12/dist-packages/torch/distributed/c10d_logger.py:83: UserWarning: barrier(): using the device under current context. You can specify `device_id` in `init_process_group` to mute this warning.
  return func(*args, **kwargs)

val:   0%|          | 0/57 [00:00<?, ?it/s]
val:   2%|â–         | 1/57 [00:00<00:26,  2.08it/s]
val:   4%|â–Ž         | 2/57 [00:00<00:18,  2.98it/s]
val:   5%|â–Œ         | 3/57 [00:00<00:15,  3.49it/s]
val:   7%|â–‹         | 4/57 [00:01<00:14,  3.77it/s]
val:   9%|â–‰         | 5/57 [00:01<00:13,  3.96it/s]
val:  11%|â–ˆ         | 6/57 [00:01<00:12,  4.09it/s]
val:  12%|â–ˆâ–        | 7/57 [00:01<00:12,  4.16it/s]
val:  14%|â–ˆâ–        | 8/57 [00:02<00:11,  4.23it/s]
val:  16%|â–ˆâ–Œ        | 9/57 [00:02<00:11,  4.27it/s]
val:  18%|â–ˆâ–Š        | 10/57 [00:02<00:10,  4.32it/s]
                                                    
Epoch 013/015 | loss=2.5361 acc=0.1453 macro_f1=0.1337 | val_loss=2.5331 val_acc=0.1672 val_macro_f1=0.1219 | ckpt_monitor=val_macro_f1:0.1219 best_val_macro_f1=0.1219 best_epoch=13 early_val_macro_f1=0.1219 sec/batch=0.319s cuda_rankmax=8.415GB
          val pred_count: [294, 94, 114, 119, 10, 0, 9]
          checkpoint improvement: best_epoch=13
          early stopping monitor improved
/usr/local/lib/python3.12/dist-packages/torch/distributed/c10d_logger.py:83: UserWarning: barrier(): using the device under current context. You can specify `device_id` in `init_process_group` to mute this warning.
  return func(*args, **kwargs)

train 14 rank0:   0%|          | 0/444 [00:00<?, ?it/s][PROFILE rank=0 batch=0]
  actual_batch_size=32
  data_time      =0.3048s
  to_device_time =0.0071s
  forward_time   =0.1372s
  loss_time      =0.0034s
  backward_time  =0.1659s
  optimizer_time =0.0065s
  batch_time     =0.3326s
  cuda_allocated_gb    =0.119
  cuda_reserved_gb     =10.277
  cuda_max_allocated_gb=8.415

train 14 rank0:   0%|          | 0/444 [00:00<?, ?it/s, loss=2.5257]
train 14 rank0:   0%|          | 1/444 [00:00<04:43,  1.56it/s, loss=2.5257][PROFILE rank=0 batch=1]
  actual_batch_size=32
  data_time      =0.0006s
  to_device_time =0.0038s
  forward_time   =0.1186s
  loss_time      =0.0016s
  backward_time  =0.1657s
  optimizer_time =0.0064s
  batch_time     =0.3075s
  cuda_allocated_gb    =0.119
  cuda_reserved_gb     =10.277
  cuda_max_allocated_gb=8.415

train 14 rank0:   0%|          | 1/444 [00:00<04:43,  1.56it/s, loss=2.5520]
train 14 rank0:   0%|          | 2/444 [00:00<03:17,  2.24it/s, loss=2.5520][PROFILE rank=0 batch=2]
  actual_batch_size=32
  data_time      =0.0006s
  to_device_time =0.0021s
  forward_time   =0.1170s
  loss_time      =0.0015s
  backward_time  =0.1662s
  optimizer_time =0.0066s
  batch_time     =0.3041s
  cuda_allocated_gb    =0.120
  cuda_reserved_gb     =10.277
  cuda_max_allocated_gb=8.415

train 14 rank0:   0%|          | 2/444 [00:01<03:17,  2.24it/s, loss=2.5329]
train 14 rank0:   1%|          | 3/444 [00:01<02:49,  2.61it/s, loss=2.5329][PROFILE rank=0 batch=3]
  actual_batch_size=32
  data_time      =0.0005s
  to_device_time =0.0022s
  forward_time   =0.1173s
  loss_time      =0.0018s
  backward_time  =0.1633s
  optimizer_time =0.0066s
  batch_time     =0.3005s
  cuda_allocated_gb    =0.119
  cuda_reserved_gb     =10.277
  cuda_max_allocated_gb=8.415

train 14 rank0:   1%|          | 3/444 [00:01<02:49,  2.61it/s, loss=2.5188]
train 14 rank0:   1%|          | 4/444 [00:01<02:34,  2.84it/s, loss=2.5188][PROFILE rank=0 batch=4]
  actual_batch_size=32
  data_time      =0.0006s
  to_device_time =0.0022s
  forward_time   =0.1232s
  loss_time      =0.0020s
  backward_time  =0.1651s
  optimizer_time =0.0081s
  batch_time     =0.3040s
  cuda_allocated_gb    =0.120
  cuda_reserved_gb     =10.277
  cuda_max_allocated_gb=8.415

train 14 rank0:   1%|          | 4/444 [00:01<02:34,  2.84it/s, loss=2.5143]
train 14 rank0:   1%|          | 5/444 [00:01<02:27,  2.97it/s, loss=2.5143][PROFILE rank=0 batch=5]
  actual_batch_size=32
  data_time      =0.0006s
  to_device_time =0.0022s
  forward_time   =0.1199s
  loss_time      =0.0017s
  backward_time  =0.1654s
  optimizer_time =0.0068s
  batch_time     =0.3059s
  cuda_allocated_gb    =0.119
  cuda_reserved_gb     =10.277
  cuda_max_allocated_gb=8.415

train 14 rank0:   1%|          | 5/444 [00:02<02:27,  2.97it/s, loss=2.5409]
train 14 rank0:   1%|â–         | 6/444 [00:02<02:23,  3.06it/s, loss=2.5409][PROFILE rank=0 batch=6]
  actual_batch_size=32
  data_time      =0.0006s
  to_device_time =0.0030s
  forward_time   =0.1162s
  loss_time      =0.0018s
  backward_time  =0.1657s
  optimizer_time =0.0067s
  batch_time     =0.3020s
  cuda_allocated_gb    =0.120
  cuda_reserved_gb     =10.277
  cuda_max_allocated_gb=8.415

train 14 rank0:   1%|â–         | 6/444 [00:02<02:23,  3.06it/s, loss=2.5409]
train 14 rank0:   2%|â–         | 7/444 [00:02<02:19,  3.12it/s, loss=2.5409][PROFILE rank=0 batch=7]
  actual_batch_size=32
  data_time      =0.0006s
  to_device_time =0.0033s
  forward_time   =0.1180s
  loss_time      =0.0017s
  backward_time  =0.1680s
  optimizer_time =0.0068s
  batch_time     =0.3085s
  cuda_allocated_gb    =0.119
  cuda_reserved_gb     =10.277
  cuda_max_allocated_gb=8.415

train 14 rank0:   2%|â–         | 7/444 [00:02<02:19,  3.12it/s, loss=2.5361]
train 14 rank0:   2%|â–         | 8/444 [00:02<02:18,  3.15it/s, loss=2.5361][PROFILE rank=0 batch=8]
  actual_batch_size=32
  data_time      =0.0006s
  to_device_time =0.0022s
  forward_time   =0.1165s
  loss_time      =0.0017s
  backward_time  =0.1651s
  optimizer_time =0.0067s
  batch_time     =0.3027s
  cuda_allocated_gb    =0.120
  cuda_reserved_gb     =10.277
  cuda_max_allocated_gb=8.415

train 14 rank0:   2%|â–         | 8/444 [00:03<02:18,  3.15it/s, loss=2.5277]
train 14 rank0:   2%|â–         | 9/444 [00:03<02:16,  3.18it/s, loss=2.5277][PROFILE rank=0 batch=9]
  actual_batch_size=32
  data_time      =0.0005s
  to_device_time =0.0022s
  forward_time   =0.1228s
  loss_time      =0.0017s
  backward_time  =0.1645s
  optimizer_time =0.0071s
  batch_time     =0.3048s
  cuda_allocated_gb    =0.119
  cuda_reserved_gb     =10.277
  cuda_max_allocated_gb=8.415

train 14 rank0:   2%|â–         | 9/444 [00:03<02:16,  3.18it/s, loss=2.5516]
train 14 rank0:   2%|â–         | 10/444 [00:03<02:15,  3.20it/s, loss=2.5516][PROFILE rank=0 batch=10]
  actual_batch_size=32
  data_time      =0.0006s
  to_device_time =0.0022s
  forward_time   =0.1185s
  loss_time      =0.0017s
  backward_time  =0.1689s
  optimizer_time =0.0066s
  batch_time     =0.3100s
  cuda_allocated_gb    =0.120
  cuda_reserved_gb     =10.277
  cuda_max_allocated_gb=8.415

train 14 rank0:   2%|â–         | 10/444 [00:03<02:15,  3.20it/s, loss=2.5539]
train 14 rank0:   2%|â–         | 11/444 [00:03<02:15,  3.20it/s, loss=2.5539][PROFILE rank=0 batch=11]
  actual_batch_size=32
  data_time      =0.0006s
  to_device_time =0.0035s
  forward_time   =0.1227s
  loss_time      =0.0027s
  backward_time  =0.1669s
  optimizer_time =0.0076s
  batch_time     =0.3125s
  cuda_allocated_gb    =0.119
  cuda_reserved_gb     =10.277
  cuda_max_allocated_gb=8.415

train 14 rank0:   2%|â–         | 11/444 [00:04<02:15,  3.20it/s, loss=2.5362]
train 14 rank0:   3%|â–Ž         | 12/444 [00:04<02:15,  3.18it/s, loss=2.5362][PROFILE rank=0 batch=12]
  actual_batch_size=32
  data_time      =0.0006s
  to_device_time =0.0027s
  forward_time   =0.1268s
  loss_time      =0.0030s
  backward_time  =0.1706s
  optimizer_time =0.0103s
  batch_time     =0.3181s
  cuda_allocated_gb    =0.120
  cuda_reserved_gb     =10.277
  cuda_max_allocated_gb=8.415

train 14 rank0:   3%|â–Ž         | 12/444 [00:04<02:15,  3.18it/s, loss=2.5247]
train 14 rank0:   3%|â–Ž         | 13/444 [00:04<02:16,  3.15it/s, loss=2.5247][PROFILE rank=0 batch=13]
  actual_batch_size=32
  data_time      =0.0004s
  to_device_time =0.0022s
  forward_time   =0.1241s
  loss_time      =0.0018s
  backward_time  =0.1699s
  optimizer_time =0.0079s
  batch_time     =0.3108s
  cuda_allocated_gb    =0.119
  cuda_reserved_gb     =10.277
  cuda_max_allocated_gb=8.415

train 14 rank0:   3%|â–Ž         | 13/444 [00:04<02:16,  3.15it/s, loss=2.5152]
train 14 rank0:   3%|â–Ž         | 14/444 [00:04<02:15,  3.16it/s, loss=2.5152][PROFILE rank=0 batch=14]
  actual_batch_size=32
  data_time      =0.0006s
  to_device_time =0.0022s
  forward_time   =0.1188s
  loss_time      =0.0016s
  backward_time  =0.1670s
  optimizer_time =0.0071s
  batch_time     =0.3043s
  cuda_allocated_gb    =0.120
  cuda_reserved_gb     =10.277
  cuda_max_allocated_gb=8.415

train 14 rank0:   3%|â–Ž         | 14/444 [00:04<02:15,  3.16it/s, loss=2.5363]
train 14 rank0:   3%|â–Ž         | 15/444 [00:04<02:14,  3.19it/s, loss=2.5363][PROFILE rank=0 batch=15]
  actual_batch_size=32
  data_time      =0.0006s
  to_device_time =0.0024s
  forward_time   =0.1164s
  loss_time      =0.0020s
  backward_time  =0.1651s
  optimizer_time =0.0073s
  batch_time     =0.3034s
  cuda_allocated_gb    =0.119
  cuda_reserved_gb     =10.277
  cuda_max_allocated_gb=8.415

train 14 rank0:   3%|â–Ž         | 15/444 [00:05<02:14,  3.19it/s, loss=2.5288]
train 14 rank0:   4%|â–Ž         | 16/444 [00:05<02:13,  3.21it/s, loss=2.5288][PROFILE rank=0 batch=16]
  actual_batch_size=32
  data_time      =0.0006s
  to_device_time =0.0042s
  forward_time   =0.1159s
  loss_time      =0.0017s
  backward_time  =0.1671s
  optimizer_time =0.0074s
  batch_time     =0.3069s
  cuda_allocated_gb    =0.120
  cuda_reserved_gb     =10.277
  cuda_max_allocated_gb=8.415

train 14 rank0:   4%|â–Ž         | 16/444 [00:05<02:13,  3.21it/s, loss=2.5323]
train 14 rank0:   4%|â–         | 17/444 [00:05<02:13,  3.21it/s, loss=2.5323][PROFILE rank=0 batch=17]
  actual_batch_size=32
  data_time      =0.0004s
  to_device_time =0.0027s
  forward_time   =0.1203s
  loss_time      =0.0018s
  backward_time  =0.1697s
  optimizer_time =0.0072s
  batch_time     =0.3060s
  cuda_allocated_gb    =0.119
  cuda_reserved_gb     =10.277
  cuda_max_allocated_gb=8.415

train 14 rank0:   4%|â–         | 17/444 [00:05<02:13,  3.21it/s, loss=2.5337]
train 14 rank0:   4%|â–         | 18/444 [00:05<02:12,  3.21it/s, loss=2.5337][PROFILE rank=0 batch=18]
  actual_batch_size=32
  data_time      =0.0006s
  to_device_time =0.0022s
  forward_time   =0.1192s
  loss_time      =0.0020s
  backward_time  =0.1663s
  optimizer_time =0.0070s
  batch_time     =0.3032s
  cuda_allocated_gb    =0.120
  cuda_reserved_gb     =10.277
  cuda_max_allocated_gb=8.415

train 14 rank0:   4%|â–         | 18/444 [00:06<02:12,  3.21it/s, loss=2.5325]
train 14 rank0:   4%|â–         | 19/444 [00:06<02:11,  3.23it/s, loss=2.5325][PROFILE rank=0 batch=19]
  actual_batch_size=32
  data_time      =0.0006s
  to_device_time =0.0022s
  forward_time   =0.1184s
  loss_time      =0.0017s
  backward_time  =0.1650s
  optimizer_time =0.0065s
  batch_time     =0.3022s
  cuda_allocated_gb    =0.119
  cuda_reserved_gb     =10.277
  cuda_max_allocated_gb=8.415

[PROFILE average rank=0 first 20 batches (recorded=20)]
  avg_data_time      =0.0158s
  avg_to_device_time =0.0028s
  avg_forward_time   =0.1204s
  avg_loss_time      =0.0019s
  avg_backward_time  =0.1666s
  avg_optimizer_time =0.0072s
  avg_batch_time     =0.3075s
  estimated_full_epoch_minutes=2.28

train 14 rank0:   4%|â–         | 19/444 [00:06<02:11,  3.23it/s, loss=2.5449]
train 14 rank0:   5%|â–         | 20/444 [00:06<02:10,  3.24it/s, loss=2.5449]
train 14 rank0:   5%|â–         | 20/444 [00:06<02:10,  3.24it/s, loss=2.5402]
train 14 rank0:   5%|â–         | 21/444 [00:06<02:10,  3.25it/s, loss=2.5402]
train 14 rank0:   5%|â–         | 21/444 [00:07<02:10,  3.25it/s, loss=2.5159]
train 14 rank0:   5%|â–         | 22/444 [00:07<02:09,  3.25it/s, loss=2.5159]
train 14 rank0:   5%|â–         | 22/444 [00:07<02:09,  3.25it/s, loss=2.5387]
train 14 rank0:   5%|â–Œ         | 23/444 [00:07<02:09,  3.25it/s, loss=2.5387]
train 14 rank0:   5%|â–Œ         | 23/444 [00:07<02:09,  3.25it/s, loss=2.5451]
train 14 rank0:   5%|â–Œ         | 24/444 [00:07<02:09,  3.25it/s, loss=2.5451]
train 14 rank0:   5%|â–Œ         | 24/444 [00:08<02:09,  3.25it/s, loss=2.5255]
train 14 rank0:   6%|â–Œ         | 25/444 [00:08<02:08,  3.26it/s, loss=2.5255]
train 14 rank0:   6%|â–Œ         | 25/444 [00:08<02:08,  3.26it/s, loss=2.5428]
train 14 rank0:   6%|â–Œ         | 26/444 [00:08<02:08,  3.26it/s, loss=2.5428]
train 14 rank0:   6%|â–Œ         | 26/444 [00:08<02:08,  3.26it/s, loss=2.5316]
train 14 rank0:   6%|â–Œ         | 27/444 [00:08<02:07,  3.26it/s, loss=2.5316]
train 14 rank0:   6%|â–Œ         | 27/444 [00:08<02:07,  3.26it/s, loss=2.5334]
train 14 rank0:   6%|â–‹         | 28/444 [00:08<02:08,  3.24it/s, loss=2.5334]
train 14 rank0:   6%|â–‹         | 28/444 [00:09<02:08,  3.24it/s, loss=2.5463]
train 14 rank0:   7%|â–‹         | 29/444 [00:09<02:08,  3.23it/s, loss=2.5463]
train 14 rank0:   7%|â–‹         | 29/444 [00:09<02:08,  3.23it/s, loss=2.5260]
train 14 rank0:   7%|â–‹         | 30/444 [00:09<02:07,  3.24it/s, loss=2.5260]
                                                                             
/usr/local/lib/python3.12/dist-packages/torch/distributed/c10d_logger.py:83: UserWarning: barrier(): using the device under current context. You can specify `device_id` in `init_process_group` to mute this warning.
  return func(*args, **kwargs)

val:   0%|          | 0/57 [00:00<?, ?it/s]
val:   2%|â–         | 1/57 [00:00<00:25,  2.21it/s]
val:   4%|â–Ž         | 2/57 [00:00<00:17,  3.10it/s]
val:   5%|â–Œ         | 3/57 [00:00<00:15,  3.55it/s]
val:   7%|â–‹         | 4/57 [00:01<00:13,  3.81it/s]
val:   9%|â–‰         | 5/57 [00:01<00:13,  3.97it/s]
val:  11%|â–ˆ         | 6/57 [00:01<00:12,  4.07it/s]
val:  12%|â–ˆâ–        | 7/57 [00:01<00:12,  4.15it/s]
val:  14%|â–ˆâ–        | 8/57 [00:02<00:11,  4.19it/s]
val:  16%|â–ˆâ–Œ        | 9/57 [00:02<00:11,  4.24it/s]
val:  18%|â–ˆâ–Š        | 10/57 [00:02<00:11,  4.26it/s]
                                                    
Epoch 014/015 | loss=2.5359 acc=0.1333 macro_f1=0.1227 | val_loss=2.5331 val_acc=0.1281 val_macro_f1=0.0909 | ckpt_monitor=val_macro_f1:0.0909 best_val_macro_f1=0.1219 best_epoch=13 early_val_macro_f1=0.1219 sec/batch=0.321s cuda_rankmax=8.415GB
          val pred_count: [281, 90, 139, 113, 13, 0, 4]
          no improvement: 1/12
/usr/local/lib/python3.12/dist-packages/torch/distributed/c10d_logger.py:83: UserWarning: barrier(): using the device under current context. You can specify `device_id` in `init_process_group` to mute this warning.
  return func(*args, **kwargs)

train 15 rank0:   0%|          | 0/444 [00:00<?, ?it/s][PROFILE rank=0 batch=0]
  actual_batch_size=32
  data_time      =0.2338s
  to_device_time =0.0028s
  forward_time   =0.1250s
  loss_time      =0.0030s
  backward_time  =0.1662s
  optimizer_time =0.0065s
  batch_time     =0.4043s
  cuda_allocated_gb    =0.119
  cuda_reserved_gb     =10.277
  cuda_max_allocated_gb=8.415

train 15 rank0:   0%|          | 0/444 [00:00<?, ?it/s, loss=2.5619]
train 15 rank0:   0%|          | 1/444 [00:00<04:43,  1.56it/s, loss=2.5619][PROFILE rank=0 batch=1]
  actual_batch_size=32
  data_time      =0.0005s
  to_device_time =0.0022s
  forward_time   =0.1197s
  loss_time      =0.0018s
  backward_time  =0.1655s
  optimizer_time =0.0063s
  batch_time     =0.3014s
  cuda_allocated_gb    =0.119
  cuda_reserved_gb     =10.277
  cuda_max_allocated_gb=8.415

train 15 rank0:   0%|          | 1/444 [00:00<04:43,  1.56it/s, loss=2.5501]
train 15 rank0:   0%|          | 2/444 [00:00<03:15,  2.26it/s, loss=2.5501][PROFILE rank=0 batch=2]
  actual_batch_size=32
  data_time      =0.0006s
  to_device_time =0.0022s
  forward_time   =0.1184s
  loss_time      =0.0017s
  backward_time  =0.1710s
  optimizer_time =0.0072s
  batch_time     =0.3122s
  cuda_allocated_gb    =0.120
  cuda_reserved_gb     =10.277
  cuda_max_allocated_gb=8.415

train 15 rank0:   0%|          | 2/444 [00:01<03:15,  2.26it/s, loss=2.5442]
train 15 rank0:   1%|          | 3/444 [00:01<02:50,  2.59it/s, loss=2.5442][PROFILE rank=0 batch=3]
  actual_batch_size=32
  data_time      =0.0005s
  to_device_time =0.0023s
  forward_time   =0.1197s
  loss_time      =0.0022s
  backward_time  =0.1716s
  optimizer_time =0.0114s
  batch_time     =0.3541s
  cuda_allocated_gb    =0.119
  cuda_reserved_gb     =10.277
  cuda_max_allocated_gb=8.415

train 15 rank0:   1%|          | 3/444 [00:01<02:50,  2.59it/s, loss=2.5380]
train 15 rank0:   1%|          | 4/444 [00:01<02:45,  2.66it/s, loss=2.5380][PROFILE rank=0 batch=4]
  actual_batch_size=32
  data_time      =0.0005s
  to_device_time =0.0025s
  forward_time   =0.1397s
  loss_time      =0.0074s
  backward_time  =0.1606s
  optimizer_time =0.0065s
  batch_time     =0.3181s
  cuda_allocated_gb    =0.120
  cuda_reserved_gb     =10.277
  cuda_max_allocated_gb=8.415

train 15 rank0:   1%|          | 4/444 [00:01<02:45,  2.66it/s, loss=2.5461]
train 15 rank0:   1%|          | 5/444 [00:01<02:36,  2.81it/s, loss=2.5461][PROFILE rank=0 batch=5]
  actual_batch_size=32
  data_time      =0.0024s
  to_device_time =0.0031s
  forward_time   =0.1346s
  loss_time      =0.0026s
  backward_time  =0.1725s
  optimizer_time =0.0067s
  batch_time     =0.3230s
  cuda_allocated_gb    =0.119
  cuda_reserved_gb     =10.277
  cuda_max_allocated_gb=8.415

train 15 rank0:   1%|          | 5/444 [00:02<02:36,  2.81it/s, loss=2.5223]
train 15 rank0:   1%|â–         | 6/444 [00:02<02:31,  2.88it/s, loss=2.5223][PROFILE rank=0 batch=6]
  actual_batch_size=32
  data_time      =0.0005s
  to_device_time =0.0022s
  forward_time   =0.1164s
  loss_time      =0.0017s
  backward_time  =0.1661s
  optimizer_time =0.0072s
  batch_time     =0.3037s
  cuda_allocated_gb    =0.120
  cuda_reserved_gb     =10.277
  cuda_max_allocated_gb=8.415

train 15 rank0:   1%|â–         | 6/444 [00:02<02:31,  2.88it/s, loss=2.5415]
train 15 rank0:   2%|â–         | 7/444 [00:02<02:26,  2.99it/s, loss=2.5415][PROFILE rank=0 batch=7]
  actual_batch_size=32
  data_time      =0.0006s
  to_device_time =0.0022s
  forward_time   =0.1194s
  loss_time      =0.0017s
  backward_time  =0.1664s
  optimizer_time =0.0072s
  batch_time     =0.3060s
  cuda_allocated_gb    =0.119
  cuda_reserved_gb     =10.277
  cuda_max_allocated_gb=8.415

train 15 rank0:   2%|â–         | 7/444 [00:02<02:26,  2.99it/s, loss=2.5476]
train 15 rank0:   2%|â–         | 8/444 [00:02<02:22,  3.06it/s, loss=2.5476][PROFILE rank=0 batch=8]
  actual_batch_size=32
  data_time      =0.0006s
  to_device_time =0.0022s
  forward_time   =0.1238s
  loss_time      =0.0017s
  backward_time  =0.1653s
  optimizer_time =0.0067s
  batch_time     =0.3017s
  cuda_allocated_gb    =0.120
  cuda_reserved_gb     =10.277
  cuda_max_allocated_gb=8.415

train 15 rank0:   2%|â–         | 8/444 [00:03<02:22,  3.06it/s, loss=2.5574]
train 15 rank0:   2%|â–         | 9/444 [00:03<02:19,  3.13it/s, loss=2.5574][PROFILE rank=0 batch=9]
  actual_batch_size=32
  data_time      =0.0006s
  to_device_time =0.0022s
  forward_time   =0.1205s
  loss_time      =0.0016s
  backward_time  =0.1645s
  optimizer_time =0.0067s
  batch_time     =0.3010s
  cuda_allocated_gb    =0.119
  cuda_reserved_gb     =10.277
  cuda_max_allocated_gb=8.415

train 15 rank0:   2%|â–         | 9/444 [00:03<02:19,  3.13it/s, loss=2.5624]
train 15 rank0:   2%|â–         | 10/444 [00:03<02:16,  3.17it/s, loss=2.5624][PROFILE rank=0 batch=10]
  actual_batch_size=32
  data_time      =0.0005s
  to_device_time =0.0028s
  forward_time   =0.1187s
  loss_time      =0.0017s
  backward_time  =0.1638s
  optimizer_time =0.0070s
  batch_time     =0.3005s
  cuda_allocated_gb    =0.120
  cuda_reserved_gb     =10.277
  cuda_max_allocated_gb=8.415

train 15 rank0:   2%|â–         | 10/444 [00:03<02:16,  3.17it/s, loss=2.5405]
train 15 rank0:   2%|â–         | 11/444 [00:03<02:15,  3.21it/s, loss=2.5405][PROFILE rank=0 batch=11]
  actual_batch_size=32
  data_time      =0.0006s
  to_device_time =0.0025s
  forward_time   =0.1204s
  loss_time      =0.0018s
  backward_time  =0.1702s
  optimizer_time =0.0072s
  batch_time     =0.3166s
  cuda_allocated_gb    =0.119
  cuda_reserved_gb     =10.277
  cuda_max_allocated_gb=8.415

train 15 rank0:   2%|â–         | 11/444 [00:04<02:15,  3.21it/s, loss=2.5437]
train 15 rank0:   3%|â–Ž         | 12/444 [00:04<02:15,  3.18it/s, loss=2.5437][PROFILE rank=0 batch=12]
  actual_batch_size=32
  data_time      =0.0006s
  to_device_time =0.0022s
  forward_time   =0.1263s
  loss_time      =0.0022s
  backward_time  =0.1669s
  optimizer_time =0.0076s
  batch_time     =0.3067s
  cuda_allocated_gb    =0.120
  cuda_reserved_gb     =10.277
  cuda_max_allocated_gb=8.415

train 15 rank0:   3%|â–Ž         | 12/444 [00:04<02:15,  3.18it/s, loss=2.5476]
train 15 rank0:   3%|â–Ž         | 13/444 [00:04<02:15,  3.19it/s, loss=2.5476][PROFILE rank=0 batch=13]
  actual_batch_size=32
  data_time      =0.0006s
  to_device_time =0.0022s
  forward_time   =0.1190s
  loss_time      =0.0017s
  backward_time  =0.1664s
  optimizer_time =0.0070s
  batch_time     =0.3085s
  cuda_allocated_gb    =0.119
  cuda_reserved_gb     =10.277
  cuda_max_allocated_gb=8.415

train 15 rank0:   3%|â–Ž         | 13/444 [00:04<02:15,  3.19it/s, loss=2.5554]
train 15 rank0:   3%|â–Ž         | 14/444 [00:04<02:14,  3.19it/s, loss=2.5554][PROFILE rank=0 batch=14]
  actual_batch_size=32
  data_time      =0.0007s
  to_device_time =0.0022s
  forward_time   =0.1199s
  loss_time      =0.0016s
  backward_time  =0.1669s
  optimizer_time =0.0072s
  batch_time     =0.3039s
  cuda_allocated_gb    =0.120
  cuda_reserved_gb     =10.277
  cuda_max_allocated_gb=8.415

train 15 rank0:   3%|â–Ž         | 14/444 [00:05<02:14,  3.19it/s, loss=2.5324]
train 15 rank0:   3%|â–Ž         | 15/444 [00:05<02:13,  3.21it/s, loss=2.5324][PROFILE rank=0 batch=15]
  actual_batch_size=32
  data_time      =0.0006s
  to_device_time =0.0025s
  forward_time   =0.1182s
  loss_time      =0.0020s
  backward_time  =0.1651s
  optimizer_time =0.0070s
  batch_time     =0.3010s
  cuda_allocated_gb    =0.119
  cuda_reserved_gb     =10.277
  cuda_max_allocated_gb=8.415

train 15 rank0:   3%|â–Ž         | 15/444 [00:05<02:13,  3.21it/s, loss=2.5540]
train 15 rank0:   4%|â–Ž         | 16/444 [00:05<02:12,  3.23it/s, loss=2.5540][PROFILE rank=0 batch=16]
  actual_batch_size=32
  data_time      =0.0007s
  to_device_time =0.0032s
  forward_time   =0.1206s
  loss_time      =0.0018s
  backward_time  =0.1645s
  optimizer_time =0.0070s
  batch_time     =0.3020s
  cuda_allocated_gb    =0.120
  cuda_reserved_gb     =10.277
  cuda_max_allocated_gb=8.415

train 15 rank0:   4%|â–Ž         | 16/444 [00:05<02:12,  3.23it/s, loss=2.5667]
train 15 rank0:   4%|â–         | 17/444 [00:05<02:11,  3.24it/s, loss=2.5667][PROFILE rank=0 batch=17]
  actual_batch_size=32
  data_time      =0.0006s
  to_device_time =0.0022s
  forward_time   =0.1203s
  loss_time      =0.0018s
  backward_time  =0.1648s
  optimizer_time =0.0071s
  batch_time     =0.3005s
  cuda_allocated_gb    =0.119
  cuda_reserved_gb     =10.277
  cuda_max_allocated_gb=8.415

train 15 rank0:   4%|â–         | 17/444 [00:05<02:11,  3.24it/s, loss=2.5425]
train 15 rank0:   4%|â–         | 18/444 [00:05<02:10,  3.25it/s, loss=2.5425][PROFILE rank=0 batch=18]
  actual_batch_size=32
  data_time      =0.0006s
  to_device_time =0.0022s
  forward_time   =0.1230s
  loss_time      =0.0022s
  backward_time  =0.1686s
  optimizer_time =0.0069s
  batch_time     =0.3044s
  cuda_allocated_gb    =0.120
  cuda_reserved_gb     =10.277
  cuda_max_allocated_gb=8.415

train 15 rank0:   4%|â–         | 18/444 [00:06<02:10,  3.25it/s, loss=2.5431]
train 15 rank0:   4%|â–         | 19/444 [00:06<02:10,  3.25it/s, loss=2.5431][PROFILE rank=0 batch=19]
  actual_batch_size=32
  data_time      =0.0006s
  to_device_time =0.0022s
  forward_time   =0.1215s
  loss_time      =0.0024s
  backward_time  =0.1685s
  optimizer_time =0.0067s
  batch_time     =0.3093s
  cuda_allocated_gb    =0.119
  cuda_reserved_gb     =10.277
  cuda_max_allocated_gb=8.415

[PROFILE average rank=0 first 20 batches (recorded=20)]
  avg_data_time      =0.0123s
  avg_to_device_time =0.0024s
  avg_forward_time   =0.1223s
  avg_loss_time      =0.0022s
  avg_backward_time  =0.1668s
  avg_optimizer_time =0.0072s
  avg_batch_time     =0.3139s
  estimated_full_epoch_minutes=2.32

train 15 rank0:   4%|â–         | 19/444 [00:06<02:10,  3.25it/s, loss=2.5296]
train 15 rank0:   5%|â–         | 20/444 [00:06<02:11,  3.23it/s, loss=2.5296]
train 15 rank0:   5%|â–         | 20/444 [00:06<02:11,  3.23it/s, loss=2.5323]
train 15 rank0:   5%|â–         | 21/444 [00:06<02:10,  3.25it/s, loss=2.5323]
train 15 rank0:   5%|â–         | 21/444 [00:07<02:10,  3.25it/s, loss=2.5453]
train 15 rank0:   5%|â–         | 22/444 [00:07<02:09,  3.26it/s, loss=2.5453]
train 15 rank0:   5%|â–         | 22/444 [00:07<02:09,  3.26it/s, loss=2.5246]
train 15 rank0:   5%|â–Œ         | 23/444 [00:07<02:08,  3.27it/s, loss=2.5246]
train 15 rank0:   5%|â–Œ         | 23/444 [00:07<02:08,  3.27it/s, loss=2.5315]
train 15 rank0:   5%|â–Œ         | 24/444 [00:07<02:08,  3.28it/s, loss=2.5315]
train 15 rank0:   5%|â–Œ         | 24/444 [00:08<02:08,  3.28it/s, loss=2.5240]
train 15 rank0:   6%|â–Œ         | 25/444 [00:08<02:07,  3.28it/s, loss=2.5240]
train 15 rank0:   6%|â–Œ         | 25/444 [00:08<02:07,  3.28it/s, loss=2.5148]
train 15 rank0:   6%|â–Œ         | 26/444 [00:08<02:07,  3.29it/s, loss=2.5148]
train 15 rank0:   6%|â–Œ         | 26/444 [00:08<02:07,  3.29it/s, loss=2.5299]
train 15 rank0:   6%|â–Œ         | 27/444 [00:08<02:07,  3.28it/s, loss=2.5299]
train 15 rank0:   6%|â–Œ         | 27/444 [00:09<02:07,  3.28it/s, loss=2.5351]
train 15 rank0:   6%|â–‹         | 28/444 [00:09<02:07,  3.26it/s, loss=2.5351]
train 15 rank0:   6%|â–‹         | 28/444 [00:09<02:07,  3.26it/s, loss=2.5365]
train 15 rank0:   7%|â–‹         | 29/444 [00:09<02:08,  3.24it/s, loss=2.5365]
train 15 rank0:   7%|â–‹         | 29/444 [00:09<02:08,  3.24it/s, loss=2.5418]
train 15 rank0:   7%|â–‹         | 30/444 [00:09<02:07,  3.25it/s, loss=2.5418]
                                                                             
/usr/local/lib/python3.12/dist-packages/torch/distributed/c10d_logger.py:83: UserWarning: barrier(): using the device under current context. You can specify `device_id` in `init_process_group` to mute this warning.
  return func(*args, **kwargs)

val:   0%|          | 0/57 [00:00<?, ?it/s]
val:   2%|â–         | 1/57 [00:00<00:26,  2.08it/s]
val:   4%|â–Ž         | 2/57 [00:00<00:18,  2.97it/s]
val:   5%|â–Œ         | 3/57 [00:00<00:15,  3.46it/s]
val:   7%|â–‹         | 4/57 [00:01<00:14,  3.75it/s]
val:   9%|â–‰         | 5/57 [00:01<00:13,  3.94it/s]
val:  11%|â–ˆ         | 6/57 [00:01<00:12,  4.07it/s]
val:  12%|â–ˆâ–        | 7/57 [00:01<00:12,  4.13it/s]
val:  14%|â–ˆâ–        | 8/57 [00:02<00:11,  4.17it/s]
val:  16%|â–ˆâ–Œ        | 9/57 [00:02<00:11,  4.22it/s]
val:  18%|â–ˆâ–Š        | 10/57 [00:02<00:11,  4.22it/s]
                                                    
Epoch 015/015 | loss=2.5390 acc=0.1302 macro_f1=0.1189 | val_loss=2.5331 val_acc=0.1516 val_macro_f1=0.1126 | ckpt_monitor=val_macro_f1:0.1126 best_val_macro_f1=0.1219 best_epoch=13 early_val_macro_f1=0.1219 sec/batch=0.323s cuda_rankmax=8.415GB
          val pred_count: [280, 102, 119, 113, 21, 0, 5]
          no improvement: 2/12
/usr/local/lib/python3.12/dist-packages/torch/distributed/c10d_logger.py:83: UserWarning: barrier(): using the device under current context. You can specify `device_id` in `init_process_group` to mute this warning.
  return func(*args, **kwargs)
Training done best_epoch=13 best_metric=0.121896
Logged d12a_stable_ce_first_ddp_b64_amp_chunkaware_compile_fixedshape to reports/d11_experiments_log.csv