W0515 08:06:39.540000 65 torch/distributed/run.py:852] 
W0515 08:06:39.540000 65 torch/distributed/run.py:852] *****************************************
W0515 08:06:39.540000 65 torch/distributed/run.py:852] Setting OMP_NUM_THREADS environment variable for each process to be 1 in default, to avoid your system being overloaded, please further tune the variable for optimal performance in your application as needed. 
W0515 08:06:39.540000 65 torch/distributed/run.py:852] *****************************************
[W515 08:06:39.828786878 socket.cpp:207] [c10d] The hostname of the client socket cannot be retrieved. err=-3
[W515 08:06:43.568846416 socket.cpp:207] [c10d] The hostname of the client socket cannot be retrieved. err=-3
[W515 08:06:43.568883639 socket.cpp:207] [c10d] The hostname of the client socket cannot be retrieved. err=-3
[Output] run_dir=/kaggle/working/outputs/d12_ddp_b64_amp_chunkaware_safe_compile_benchmark/d12a_stable_ce_first_ddp_b64_amp_chunkaware/20260515_080643
[DDP Setup] rank=0 local_rank=0 world_size=2 device=cuda:0 backend=nccl find_unused_parameters=True
[DDP Batch] global_batch_size=64 per_rank_batch_size=32 world_size=2
[DDP Phase1.5] ddp_chunk_aware=True torch.compile=True
[FullGraphDataset train]
chunk_cache_size=4
num_chunks=58
num_samples=28709
[FullGraphDataset train] chunk cache enabled (max_chunks=4)
[DDP ChunkAware] enabled=True num_chunks=58 chunk_sizes_min_mean_max=209/494.98/500 total_samples=28709 rank0_chunk_count=29 rank1_chunk_count=29 per_rank_batch_size=32 batches_per_rank_before=[455, 464] batches_per_rank_after=[455, 455] truncated_batches=[0, 9] ddp_drop_last_batches=True shuffle_chunks=True shuffle_within_chunk=True
[DDP DataLoader split=train] num_samples=28709 batch_size=32 num_workers=2 pin_memory=True persistent_workers=True prefetch_factor=2 chunk_cache_size=4 distributed_sampler=False chunk_aware_sampler=True batches_per_epoch=455
[FullGraphDataset val]
chunk_cache_size=4
num_chunks=8
num_samples=3589
[FullGraphDataset val] chunk cache enabled (max_chunks=4)
[DDP ChunkAware] enabled=False
[DDP DataLoader split=val] num_samples=3589 batch_size=64 num_workers=2 pin_memory=True persistent_workers=True prefetch_factor=2 chunk_cache_size=4 distributed_sampler=False chunk_aware_sampler=False batches_per_epoch=57
--- torch version: 2.10.0+cu128
--- cuda available: True
--- cuda device count: 2
--- selected device: cuda:0
--- gpu name: Tesla T4
--- current cuda device: 0
[Compile] enabled=True order=before_ddp
[DDP Model] DistributedDataParallel wrapped with find_unused_parameters=True
/kaggle/working/sgu-2026-fer13-graph/scripts/train_d5a_ddp.py:404: FutureWarning: `torch.cuda.amp.GradScaler(args...)` is deprecated. Please use `torch.amp.GradScaler('cuda', args...)` instead.
  self.scaler = torch.cuda.amp.GradScaler(
/kaggle/working/sgu-2026-fer13-graph/scripts/train_d5a_ddp.py:404: FutureWarning: `torch.cuda.amp.GradScaler(args...)` is deprecated. Please use `torch.amp.GradScaler('cuda', args...)` instead.
  self.scaler = torch.cuda.amp.GradScaler(
[DDP AMP] amp_enabled=True init_scale=65536.0
[Scheduler] type=LambdaLR monitor=epoch mode=n/a
[Checkpoint] save_best_metric=val_macro_f1 mode=max
[EarlyStopping] monitor=val_macro_f1 mode=max

train 1 rank0:   0%|          | 0/455 [00:00<?, ?it/s][SPEED_BENCH] first_batch_x_shape=[32, 2304, 7]
[SPEED_BENCH] first_batch_edge_attr_shape=[32, 17860, 5]
[SPEED_BENCH] ddp_per_rank_bs_mismatch=False (rank0 batch=32, expected=32)
[rank1]:W0515 08:06:54.958000 74 torch/_dynamo/variables/tensor.py:1079] [0/0] Graph break from `Tensor.item()`, consider setting:
[rank1]:W0515 08:06:54.958000 74 torch/_dynamo/variables/tensor.py:1079] [0/0]     torch._dynamo.config.capture_scalar_outputs = True
[rank1]:W0515 08:06:54.958000 74 torch/_dynamo/variables/tensor.py:1079] [0/0] or:
[rank1]:W0515 08:06:54.958000 74 torch/_dynamo/variables/tensor.py:1079] [0/0]     env TORCHDYNAMO_CAPTURE_SCALAR_OUTPUTS=1
[rank1]:W0515 08:06:54.958000 74 torch/_dynamo/variables/tensor.py:1079] [0/0] to include these operations in the captured graph.
[rank1]:W0515 08:06:54.958000 74 torch/_dynamo/variables/tensor.py:1079] [0/0] 
[rank1]:W0515 08:06:54.958000 74 torch/_dynamo/variables/tensor.py:1079] [0/0] Graph break: from user code at:
[rank1]:W0515 08:06:54.958000 74 torch/_dynamo/variables/tensor.py:1079] [0/0]   File "/kaggle/working/sgu-2026-fer13-graph/models/d12_global_local_motif_model.py", line 693, in forward
[rank1]:W0515 08:06:54.958000 74 torch/_dynamo/variables/tensor.py:1079] [0/0]     h_pixel, encoder_diag = self.encoder(
[rank1]:W0515 08:06:54.958000 74 torch/_dynamo/variables/tensor.py:1079] [0/0]   File "/kaggle/working/sgu-2026-fer13-graph/models/d12_global_local_motif_model.py", line 271, in forward
[rank1]:W0515 08:06:54.958000 74 torch/_dynamo/variables/tensor.py:1079] [0/0]     h, diag = layer(h, edge_index, edge_attr_scale1, node_mask=node_mask)
[rank1]:W0515 08:06:54.958000 74 torch/_dynamo/variables/tensor.py:1079] [0/0]   File "/kaggle/working/sgu-2026-fer13-graph/models/d12_global_local_motif_model.py", line 91, in forward
[rank1]:W0515 08:06:54.958000 74 torch/_dynamo/variables/tensor.py:1079] [0/0]     if int(src.max()) >= num_nodes or int(dst.max()) >= num_nodes:
[rank1]:W0515 08:06:54.958000 74 torch/_dynamo/variables/tensor.py:1079] [0/0] 
[rank1]:W0515 08:06:54.958000 74 torch/_dynamo/variables/tensor.py:1079] [0/0] 
[rank0]:W0515 08:06:54.958000 73 torch/_dynamo/variables/tensor.py:1079] [0/0] Graph break from `Tensor.item()`, consider setting:
[rank0]:W0515 08:06:54.958000 73 torch/_dynamo/variables/tensor.py:1079] [0/0]     torch._dynamo.config.capture_scalar_outputs = True
[rank0]:W0515 08:06:54.958000 73 torch/_dynamo/variables/tensor.py:1079] [0/0] or:
[rank0]:W0515 08:06:54.958000 73 torch/_dynamo/variables/tensor.py:1079] [0/0]     env TORCHDYNAMO_CAPTURE_SCALAR_OUTPUTS=1
[rank0]:W0515 08:06:54.958000 73 torch/_dynamo/variables/tensor.py:1079] [0/0] to include these operations in the captured graph.
[rank0]:W0515 08:06:54.958000 73 torch/_dynamo/variables/tensor.py:1079] [0/0] 
[rank0]:W0515 08:06:54.958000 73 torch/_dynamo/variables/tensor.py:1079] [0/0] Graph break: from user code at:
[rank0]:W0515 08:06:54.958000 73 torch/_dynamo/variables/tensor.py:1079] [0/0]   File "/kaggle/working/sgu-2026-fer13-graph/models/d12_global_local_motif_model.py", line 693, in forward
[rank0]:W0515 08:06:54.958000 73 torch/_dynamo/variables/tensor.py:1079] [0/0]     h_pixel, encoder_diag = self.encoder(
[rank0]:W0515 08:06:54.958000 73 torch/_dynamo/variables/tensor.py:1079] [0/0]   File "/kaggle/working/sgu-2026-fer13-graph/models/d12_global_local_motif_model.py", line 271, in forward
[rank0]:W0515 08:06:54.958000 73 torch/_dynamo/variables/tensor.py:1079] [0/0]     h, diag = layer(h, edge_index, edge_attr_scale1, node_mask=node_mask)
[rank0]:W0515 08:06:54.958000 73 torch/_dynamo/variables/tensor.py:1079] [0/0]   File "/kaggle/working/sgu-2026-fer13-graph/models/d12_global_local_motif_model.py", line 91, in forward
[rank0]:W0515 08:06:54.958000 73 torch/_dynamo/variables/tensor.py:1079] [0/0]     if int(src.max()) >= num_nodes or int(dst.max()) >= num_nodes:
[rank0]:W0515 08:06:54.958000 73 torch/_dynamo/variables/tensor.py:1079] [0/0] 
[rank0]:W0515 08:06:54.958000 73 torch/_dynamo/variables/tensor.py:1079] [0/0] 
[rank1]:W0515 08:07:08.202000 74 torch/_inductor/utils.py:1679] [6/0] Not enough SMs to use max_autotune_gemm mode
[rank0]:W0515 08:07:08.224000 73 torch/_inductor/utils.py:1679] [6/0] Not enough SMs to use max_autotune_gemm mode
[rank0]:[W515 08:08:30.630991213 reducer.cpp:1500] Warning: find_unused_parameters=True was specified in DDP constructor, but did not find any unused parameters in the forward pass. This flag results in an extra traversal of the autograd graph every iteration,  which can adversely affect performance. If your model indeed never has any unused parameters in the forward pass, consider turning this flag off. Note that this warning may be a false positive if your model has flow control causing later iterations to have unused parameters. (function operator())
[rank1]:[W515 08:08:30.920939388 reducer.cpp:1500] Warning: find_unused_parameters=True was specified in DDP constructor, but did not find any unused parameters in the forward pass. This flag results in an extra traversal of the autograd graph every iteration,  which can adversely affect performance. If your model indeed never has any unused parameters in the forward pass, consider turning this flag off. Note that this warning may be a false positive if your model has flow control causing later iterations to have unused parameters. (function operator())
train tensor devices: x=cuda:0 edge_index=cuda:0 edge_attr=cuda:0 y=cuda:0 logits=cuda:0 loss=cuda:0
[PROFILE rank=0 batch=0]
  data_time      =0.6186s
  to_device_time =0.0041s
  forward_time   =96.3071s
  loss_time      =0.3782s
  backward_time  =36.9708s
  optimizer_time =0.2620s
  batch_time     =134.0851s
  cuda_allocated_gb    =0.122
  cuda_reserved_gb     =9.451
  cuda_max_allocated_gb=8.350

train 1 rank0:   0%|          | 0/455 [02:14<?, ?it/s, loss=2.5739]
train 1 rank0:   0%|          | 1/455 [02:14<16:59:40, 134.76s/it, loss=2.5739][PROFILE rank=0 batch=1]
  data_time      =0.0009s
  to_device_time =0.0040s
  forward_time   =0.1207s
  loss_time      =0.0019s
  backward_time  =0.1569s
  optimizer_time =0.0069s
  batch_time     =0.2918s
  cuda_allocated_gb    =0.120
  cuda_reserved_gb     =9.459
  cuda_max_allocated_gb=8.414

train 1 rank0:   0%|          | 1/455 [02:15<16:59:40, 134.76s/it, loss=2.5244]
train 1 rank0:   0%|          | 2/455 [02:15<7:00:15, 55.66s/it, loss=2.5244]  [PROFILE rank=0 batch=2]
  data_time      =0.0006s
  to_device_time =0.0041s
  forward_time   =0.1164s
  loss_time      =0.0016s
  backward_time  =0.1497s
  optimizer_time =0.0069s
  batch_time     =0.2799s
  cuda_allocated_gb    =0.120
  cuda_reserved_gb     =9.459
  cuda_max_allocated_gb=8.415

train 1 rank0:   0%|          | 2/455 [02:15<7:00:15, 55.66s/it, loss=2.5509]
train 1 rank0:   1%|          | 3/455 [02:15<3:48:49, 30.38s/it, loss=2.5509][PROFILE rank=0 batch=3]
  data_time      =0.0006s
  to_device_time =0.0040s
  forward_time   =0.1137s
  loss_time      =0.0017s
  backward_time  =0.1501s
  optimizer_time =0.0076s
  batch_time     =0.2789s
  cuda_allocated_gb    =0.119
  cuda_reserved_gb     =9.459
  cuda_max_allocated_gb=8.415

train 1 rank0:   1%|          | 3/455 [02:15<3:48:49, 30.38s/it, loss=2.5397]
train 1 rank0:   1%|          | 4/455 [02:15<2:19:01, 18.50s/it, loss=2.5397][PROFILE rank=0 batch=4]
  data_time      =0.0007s
  to_device_time =0.0041s
  forward_time   =0.1155s
  loss_time      =0.0017s
  backward_time  =0.1497s
  optimizer_time =0.0070s
  batch_time     =0.2793s
  cuda_allocated_gb    =0.120
  cuda_reserved_gb     =9.459
  cuda_max_allocated_gb=8.415

train 1 rank0:   1%|          | 4/455 [02:15<2:19:01, 18.50s/it, loss=2.4957]
train 1 rank0:   1%|          | 5/455 [02:15<1:29:27, 11.93s/it, loss=2.4957][PROFILE rank=0 batch=5]
  data_time      =0.0006s
  to_device_time =0.0041s
  forward_time   =0.1110s
  loss_time      =0.0018s
  backward_time  =0.1502s
  optimizer_time =0.0067s
  batch_time     =0.2758s
  cuda_allocated_gb    =0.119
  cuda_reserved_gb     =9.459
  cuda_max_allocated_gb=8.415

train 1 rank0:   1%|          | 5/455 [02:16<1:29:27, 11.93s/it, loss=2.5642]
train 1 rank0:   1%|â–         | 6/455 [02:16<59:37,  7.97s/it, loss=2.5642]  [PROFILE rank=0 batch=6]
  data_time      =0.0006s
  to_device_time =0.0040s
  forward_time   =0.1113s
  loss_time      =0.0017s
  backward_time  =0.1498s
  optimizer_time =0.0072s
  batch_time     =0.2797s
  cuda_allocated_gb    =0.120
  cuda_reserved_gb     =9.459
  cuda_max_allocated_gb=8.415

train 1 rank0:   1%|â–         | 6/455 [02:16<59:37,  7.97s/it, loss=2.5575]
train 1 rank0:   2%|â–         | 7/455 [02:16<40:44,  5.46s/it, loss=2.5575][PROFILE rank=0 batch=7]
  data_time      =0.0007s
  to_device_time =0.0040s
  forward_time   =0.1110s
  loss_time      =0.0017s
  backward_time  =0.1565s
  optimizer_time =0.0071s
  batch_time     =0.2834s
  cuda_allocated_gb    =0.119
  cuda_reserved_gb     =9.459
  cuda_max_allocated_gb=8.415

train 1 rank0:   2%|â–         | 7/455 [02:16<40:44,  5.46s/it, loss=2.5255]
train 1 rank0:   2%|â–         | 8/455 [02:16<28:23,  3.81s/it, loss=2.5255][PROFILE rank=0 batch=8]
  data_time      =0.0006s
  to_device_time =0.0041s
  forward_time   =0.1123s
  loss_time      =0.0016s
  backward_time  =0.1558s
  optimizer_time =0.0067s
  batch_time     =0.2817s
  cuda_allocated_gb    =0.120
  cuda_reserved_gb     =9.459
  cuda_max_allocated_gb=8.415

train 1 rank0:   2%|â–         | 8/455 [02:17<28:23,  3.81s/it, loss=2.5864]
train 1 rank0:   2%|â–         | 9/455 [02:17<20:07,  2.71s/it, loss=2.5864][PROFILE rank=0 batch=9]
  data_time      =0.0005s
  to_device_time =0.0041s
  forward_time   =0.1128s
  loss_time      =0.0017s
  backward_time  =0.1497s
  optimizer_time =0.0069s
  batch_time     =0.2764s
  cuda_allocated_gb    =0.119
  cuda_reserved_gb     =9.459
  cuda_max_allocated_gb=8.415

train 1 rank0:   2%|â–         | 9/455 [02:17<20:07,  2.71s/it, loss=2.5339]
train 1 rank0:   2%|â–         | 10/455 [02:17<14:31,  1.96s/it, loss=2.5339][PROFILE rank=0 batch=10]
  data_time      =0.0026s
  to_device_time =0.0036s
  forward_time   =0.1146s
  loss_time      =0.0016s
  backward_time  =0.1499s
  optimizer_time =0.0075s
  batch_time     =0.2787s
  cuda_allocated_gb    =0.120
  cuda_reserved_gb     =9.459
  cuda_max_allocated_gb=8.415

train 1 rank0:   2%|â–         | 10/455 [02:17<14:31,  1.96s/it, loss=2.5435]
train 1 rank0:   2%|â–         | 11/455 [02:17<10:42,  1.45s/it, loss=2.5435][PROFILE rank=0 batch=11]
  data_time      =0.0007s
  to_device_time =0.0038s
  forward_time   =0.1154s
  loss_time      =0.0017s
  backward_time  =0.1504s
  optimizer_time =0.0068s
  batch_time     =0.2794s
  cuda_allocated_gb    =0.119
  cuda_reserved_gb     =9.459
  cuda_max_allocated_gb=8.415

train 1 rank0:   2%|â–         | 11/455 [02:17<10:42,  1.45s/it, loss=2.5480]
train 1 rank0:   3%|â–Ž         | 12/455 [02:17<08:04,  1.09s/it, loss=2.5480][PROFILE rank=0 batch=12]
  data_time      =0.0007s
  to_device_time =0.0040s
  forward_time   =0.1237s
  loss_time      =0.0061s
  backward_time  =0.1687s
  optimizer_time =0.0155s
  batch_time     =0.3199s
  cuda_allocated_gb    =0.120
  cuda_reserved_gb     =9.459
  cuda_max_allocated_gb=8.415

train 1 rank0:   3%|â–Ž         | 12/455 [02:18<08:04,  1.09s/it, loss=2.5554]
train 1 rank0:   3%|â–Ž         | 13/455 [02:18<06:20,  1.16it/s, loss=2.5554][PROFILE rank=0 batch=13]
  data_time      =0.0006s
  to_device_time =0.0042s
  forward_time   =0.1276s
  loss_time      =0.0029s
  backward_time  =0.1793s
  optimizer_time =0.0172s
  batch_time     =0.3332s
  cuda_allocated_gb    =0.119
  cuda_reserved_gb     =9.459
  cuda_max_allocated_gb=8.415

train 1 rank0:   3%|â–Ž         | 13/455 [02:18<06:20,  1.16it/s, loss=2.5357]
train 1 rank0:   3%|â–Ž         | 14/455 [02:18<05:10,  1.42it/s, loss=2.5357][PROFILE rank=0 batch=14]
  data_time      =0.0009s
  to_device_time =0.0038s
  forward_time   =0.1110s
  loss_time      =0.0018s
  backward_time  =0.1504s
  optimizer_time =0.0074s
  batch_time     =0.2758s
  cuda_allocated_gb    =0.120
  cuda_reserved_gb     =9.459
  cuda_max_allocated_gb=8.415

train 1 rank0:   3%|â–Ž         | 14/455 [02:18<05:10,  1.42it/s, loss=2.5191]
train 1 rank0:   3%|â–Ž         | 15/455 [02:18<04:13,  1.73it/s, loss=2.5191][PROFILE rank=0 batch=15]
  data_time      =0.0006s
  to_device_time =0.0024s
  forward_time   =62.4841s
  loss_time      =0.0023s
  backward_time  =21.4731s
  optimizer_time =0.0073s
  batch_time     =84.1298s
  cuda_allocated_gb    =0.089
  cuda_reserved_gb     =9.459
  cuda_max_allocated_gb=8.415

train 1 rank0:   3%|â–Ž         | 15/455 [03:42<04:13,  1.73it/s, loss=2.5567]
train 1 rank0:   4%|â–Ž         | 16/455 [03:42<3:08:14, 25.73s/it, loss=2.5567][PROFILE rank=0 batch=16]
  data_time      =0.0007s
  to_device_time =0.0032s
  forward_time   =56.7890s
  loss_time      =0.0021s
  backward_time  =1.1173s
  optimizer_time =0.0075s
  batch_time     =58.9728s
  cuda_allocated_gb    =0.122
  cuda_reserved_gb     =9.461
  cuda_max_allocated_gb=8.415

train 1 rank0:   4%|â–Ž         | 16/455 [04:41<3:08:14, 25.73s/it, loss=2.5504]
train 1 rank0:   4%|â–Ž         | 17/455 [04:41<4:20:47, 35.73s/it, loss=2.5504][PROFILE rank=0 batch=17]
  data_time      =0.0007s
  to_device_time =0.0039s
  forward_time   =0.1157s
  loss_time      =0.0027s
  backward_time  =0.1562s
  optimizer_time =0.0073s
  batch_time     =0.2927s
  cuda_allocated_gb    =0.119
  cuda_reserved_gb     =9.461
  cuda_max_allocated_gb=8.432

train 1 rank0:   4%|â–Ž         | 17/455 [04:42<4:20:47, 35.73s/it, loss=2.5475]
train 1 rank0:   4%|â–         | 18/455 [04:42<3:02:39, 25.08s/it, loss=2.5475][PROFILE rank=0 batch=18]
  data_time      =0.0006s
  to_device_time =0.0041s
  forward_time   =0.1156s
  loss_time      =0.0018s
  backward_time  =0.1555s
  optimizer_time =0.0074s
  batch_time     =0.2878s
  cuda_allocated_gb    =0.120
  cuda_reserved_gb     =9.461
  cuda_max_allocated_gb=8.432

train 1 rank0:   4%|â–         | 18/455 [04:42<3:02:39, 25.08s/it, loss=2.4884]
train 1 rank0:   4%|â–         | 19/455 [04:42<2:08:08, 17.63s/it, loss=2.4884][PROFILE rank=0 batch=19]
  data_time      =0.0006s
  to_device_time =0.0041s
  forward_time   =0.1183s
  loss_time      =0.0018s
  backward_time  =0.1550s
  optimizer_time =0.0073s
  batch_time     =0.2879s
  cuda_allocated_gb    =0.121
  cuda_reserved_gb     =9.461
  cuda_max_allocated_gb=8.433

[PROFILE average rank=0 first 20 batches (recorded=20)]
  avg_data_time      =0.0316s
  avg_to_device_time =0.0039s
  avg_forward_time   =10.8773s
  avg_loss_time      =0.0209s
  avg_backward_time  =3.1098s
  avg_optimizer_time =0.0208s
  avg_batch_time     =14.1035s
  estimated_full_epoch_minutes=106.95

train 1 rank0:   4%|â–         | 19/455 [04:42<2:08:08, 17.63s/it, loss=2.5269]
train 1 rank0:   4%|â–         | 20/455 [04:42<1:30:06, 12.43s/it, loss=2.5269]
train 1 rank0:   4%|â–         | 20/455 [04:43<1:30:06, 12.43s/it, loss=2.5380]
train 1 rank0:   5%|â–         | 21/455 [04:43<1:03:31,  8.78s/it, loss=2.5380]
train 1 rank0:   5%|â–         | 21/455 [04:43<1:03:31,  8.78s/it, loss=2.5203]
train 1 rank0:   5%|â–         | 22/455 [04:43<44:59,  6.23s/it, loss=2.5203]  
train 1 rank0:   5%|â–         | 22/455 [04:43<44:59,  6.23s/it, loss=2.5345]
train 1 rank0:   5%|â–Œ         | 23/455 [04:43<32:01,  4.45s/it, loss=2.5345]
train 1 rank0:   5%|â–Œ         | 23/455 [04:43<32:01,  4.45s/it, loss=2.5487]
train 1 rank0:   5%|â–Œ         | 24/455 [04:43<22:59,  3.20s/it, loss=2.5487]
train 1 rank0:   5%|â–Œ         | 24/455 [04:44<22:59,  3.20s/it, loss=2.4824]
train 1 rank0:   5%|â–Œ         | 25/455 [04:44<16:41,  2.33s/it, loss=2.4824]
train 1 rank0:   5%|â–Œ         | 25/455 [04:44<16:41,  2.33s/it, loss=2.5924]
train 1 rank0:   6%|â–Œ         | 26/455 [04:44<12:16,  1.72s/it, loss=2.5924]
train 1 rank0:   6%|â–Œ         | 26/455 [04:44<12:16,  1.72s/it, loss=2.5460]
train 1 rank0:   6%|â–Œ         | 27/455 [04:44<09:11,  1.29s/it, loss=2.5460]
train 1 rank0:   6%|â–Œ         | 27/455 [04:45<09:11,  1.29s/it, loss=2.5129]
train 1 rank0:   6%|â–Œ         | 28/455 [04:45<07:01,  1.01it/s, loss=2.5129]
train 1 rank0:   6%|â–Œ         | 28/455 [04:45<07:01,  1.01it/s, loss=2.5573]
train 1 rank0:   6%|â–‹         | 29/455 [04:45<05:34,  1.27it/s, loss=2.5573]
train 1 rank0:   6%|â–‹         | 29/455 [04:45<05:34,  1.27it/s, loss=2.5254]
train 1 rank0:   7%|â–‹         | 30/455 [04:45<04:33,  1.55it/s, loss=2.5254]
                                                                            
/usr/local/lib/python3.12/dist-packages/torch/distributed/c10d_logger.py:83: UserWarning: barrier(): using the device under current context. You can specify `device_id` in `init_process_group` to mute this warning.
  return func(*args, **kwargs)

val:   0%|          | 0/57 [00:00<?, ?it/s]
val:   2%|â–         | 1/57 [00:33<30:50, 33.05s/it]
val:   4%|â–Ž         | 2/57 [00:33<12:35, 13.73s/it]
val:   5%|â–Œ         | 3/57 [00:33<06:48,  7.56s/it]
val:   7%|â–‹         | 4/57 [00:33<04:07,  4.66s/it]
val:   9%|â–‰         | 5/57 [00:33<02:39,  3.06s/it]
val:  11%|â–ˆ         | 6/57 [00:34<01:46,  2.10s/it]
val:  12%|â–ˆâ–        | 7/57 [00:34<01:14,  1.49s/it]
val:  14%|â–ˆâ–        | 8/57 [00:34<00:53,  1.09s/it]
val:  16%|â–ˆâ–Œ        | 9/57 [00:34<00:39,  1.22it/s]
val:  18%|â–ˆâ–Š        | 10/57 [00:35<00:29,  1.58it/s]
                                                    
Epoch 001/015 | loss=2.5424 acc=0.1588 macro_f1=0.1466 | val_loss=2.5331 val_acc=0.1359 val_macro_f1=0.0958 | ckpt_monitor=val_macro_f1:0.0958 best_val_macro_f1=0.0958 best_epoch=1 early_val_macro_f1=0.0958 sec/batch=9.527s cuda_rankmax=8.434GB
          val pred_count: [338, 116, 41, 86, 48, 11, 0]
          checkpoint improvement: best_epoch=1
          early stopping monitor improved
/usr/local/lib/python3.12/dist-packages/torch/distributed/c10d_logger.py:83: UserWarning: barrier(): using the device under current context. You can specify `device_id` in `init_process_group` to mute this warning.
  return func(*args, **kwargs)

train 2 rank0:   0%|          | 0/455 [00:00<?, ?it/s][PROFILE rank=0 batch=0]
  data_time      =0.4348s
  to_device_time =0.0057s
  forward_time   =0.1420s
  loss_time      =0.0016s
  backward_time  =0.1600s
  optimizer_time =0.0085s
  batch_time     =0.3339s
  cuda_allocated_gb    =0.119
  cuda_reserved_gb     =10.279
  cuda_max_allocated_gb=8.434

train 2 rank0:   0%|          | 0/455 [00:00<?, ?it/s, loss=2.5498]
train 2 rank0:   0%|          | 1/455 [00:00<05:50,  1.29it/s, loss=2.5498][PROFILE rank=0 batch=1]
  data_time      =0.0030s
  to_device_time =0.0039s
  forward_time   =0.1230s
  loss_time      =0.0023s
  backward_time  =0.1598s
  optimizer_time =0.0074s
  batch_time     =0.2978s
  cuda_allocated_gb    =0.119
  cuda_reserved_gb     =10.279
  cuda_max_allocated_gb=8.434

train 2 rank0:   0%|          | 1/455 [00:01<05:50,  1.29it/s, loss=2.5202]
train 2 rank0:   0%|          | 2/455 [00:01<03:45,  2.01it/s, loss=2.5202][PROFILE rank=0 batch=2]
  data_time      =0.0016s
  to_device_time =0.0037s
  forward_time   =0.1170s
  loss_time      =0.0018s
  backward_time  =0.1592s
  optimizer_time =0.0071s
  batch_time     =0.2916s
  cuda_allocated_gb    =0.120
  cuda_reserved_gb     =10.279
  cuda_max_allocated_gb=8.434

train 2 rank0:   0%|          | 2/455 [00:01<03:45,  2.01it/s, loss=2.5623]
train 2 rank0:   1%|          | 3/455 [00:01<03:03,  2.47it/s, loss=2.5623][PROFILE rank=0 batch=3]
  data_time      =0.0005s
  to_device_time =0.0040s
  forward_time   =0.1223s
  loss_time      =0.0026s
  backward_time  =0.1568s
  optimizer_time =0.0073s
  batch_time     =0.2966s
  cuda_allocated_gb    =0.121
  cuda_reserved_gb     =10.279
  cuda_max_allocated_gb=8.434

train 2 rank0:   1%|          | 3/455 [00:01<03:03,  2.47it/s, loss=2.5998]
train 2 rank0:   1%|          | 4/455 [00:01<02:44,  2.75it/s, loss=2.5998][PROFILE rank=0 batch=4]
  data_time      =0.0006s
  to_device_time =0.0041s
  forward_time   =0.1204s
  loss_time      =0.0018s
  backward_time  =0.1569s
  optimizer_time =0.0071s
  batch_time     =0.2930s
  cuda_allocated_gb    =0.120
  cuda_reserved_gb     =10.279
  cuda_max_allocated_gb=8.434

train 2 rank0:   1%|          | 4/455 [00:01<02:44,  2.75it/s, loss=2.5548]
train 2 rank0:   1%|          | 5/455 [00:01<02:32,  2.94it/s, loss=2.5548][PROFILE rank=0 batch=5]
  data_time      =0.0006s
  to_device_time =0.0040s
  forward_time   =0.1240s
  loss_time      =0.0017s
  backward_time  =0.1581s
  optimizer_time =0.0075s
  batch_time     =0.2967s
  cuda_allocated_gb    =0.120
  cuda_reserved_gb     =10.279
  cuda_max_allocated_gb=8.434

train 2 rank0:   1%|          | 5/455 [00:02<02:32,  2.94it/s, loss=2.5193]
train 2 rank0:   1%|â–         | 6/455 [00:02<02:26,  3.06it/s, loss=2.5193][PROFILE rank=0 batch=6]
  data_time      =0.0006s
  to_device_time =0.0041s
  forward_time   =0.1219s
  loss_time      =0.0017s
  backward_time  =0.1572s
  optimizer_time =0.0071s
  batch_time     =0.2933s
  cuda_allocated_gb    =0.119
  cuda_reserved_gb     =10.279
  cuda_max_allocated_gb=8.434

train 2 rank0:   1%|â–         | 6/455 [00:02<02:26,  3.06it/s, loss=2.5263]
train 2 rank0:   2%|â–         | 7/455 [00:02<02:22,  3.15it/s, loss=2.5263][PROFILE rank=0 batch=7]
  data_time      =0.0007s
  to_device_time =0.0040s
  forward_time   =0.1182s
  loss_time      =0.0017s
  backward_time  =0.1588s
  optimizer_time =0.0078s
  batch_time     =0.2919s
  cuda_allocated_gb    =0.120
  cuda_reserved_gb     =10.279
  cuda_max_allocated_gb=8.434

train 2 rank0:   2%|â–         | 7/455 [00:02<02:22,  3.15it/s, loss=2.5671]
train 2 rank0:   2%|â–         | 8/455 [00:02<02:18,  3.22it/s, loss=2.5671][PROFILE rank=0 batch=8]
  data_time      =0.0006s
  to_device_time =0.0038s
  forward_time   =0.1188s
  loss_time      =0.0018s
  backward_time  =0.1580s
  optimizer_time =0.0105s
  batch_time     =0.2950s
  cuda_allocated_gb    =0.120
  cuda_reserved_gb     =10.279
  cuda_max_allocated_gb=8.434

train 2 rank0:   2%|â–         | 8/455 [00:03<02:18,  3.22it/s, loss=2.5145]
train 2 rank0:   2%|â–         | 9/455 [00:03<02:17,  3.25it/s, loss=2.5145][PROFILE rank=0 batch=9]
  data_time      =0.0006s
  to_device_time =0.0041s
  forward_time   =0.1167s
  loss_time      =0.0019s
  backward_time  =0.1573s
  optimizer_time =0.0079s
  batch_time     =0.2922s
  cuda_allocated_gb    =0.120
  cuda_reserved_gb     =10.279
  cuda_max_allocated_gb=8.434

train 2 rank0:   2%|â–         | 9/455 [00:03<02:17,  3.25it/s, loss=2.5279]
train 2 rank0:   2%|â–         | 10/455 [00:03<02:15,  3.29it/s, loss=2.5279][PROFILE rank=0 batch=10]
  data_time      =0.0006s
  to_device_time =0.0034s
  forward_time   =0.1174s
  loss_time      =0.0018s
  backward_time  =0.1580s
  optimizer_time =0.0072s
  batch_time     =0.2899s
  cuda_allocated_gb    =0.119
  cuda_reserved_gb     =10.279
  cuda_max_allocated_gb=8.434

train 2 rank0:   2%|â–         | 10/455 [00:03<02:15,  3.29it/s, loss=2.5055]
train 2 rank0:   2%|â–         | 11/455 [00:03<02:13,  3.32it/s, loss=2.5055][PROFILE rank=0 batch=11]
  data_time      =0.0007s
  to_device_time =0.0039s
  forward_time   =0.1175s
  loss_time      =0.0018s
  backward_time  =0.1581s
  optimizer_time =0.0070s
  batch_time     =0.2909s
  cuda_allocated_gb    =0.120
  cuda_reserved_gb     =10.279
  cuda_max_allocated_gb=8.434

train 2 rank0:   2%|â–         | 11/455 [00:04<02:13,  3.32it/s, loss=2.5533]
train 2 rank0:   3%|â–Ž         | 12/455 [00:04<02:12,  3.34it/s, loss=2.5533][PROFILE rank=0 batch=12]
  data_time      =0.0020s
  to_device_time =0.0037s
  forward_time   =0.1289s
  loss_time      =0.0032s
  backward_time  =0.1665s
  optimizer_time =0.0071s
  batch_time     =0.3237s
  cuda_allocated_gb    =0.120
  cuda_reserved_gb     =10.279
  cuda_max_allocated_gb=8.434

train 2 rank0:   3%|â–Ž         | 12/455 [00:04<02:12,  3.34it/s, loss=2.5588]
train 2 rank0:   3%|â–Ž         | 13/455 [00:04<02:16,  3.24it/s, loss=2.5588][PROFILE rank=0 batch=13]
  data_time      =0.0006s
  to_device_time =0.0040s
  forward_time   =0.1265s
  loss_time      =0.0032s
  backward_time  =0.1726s
  optimizer_time =0.0070s
  batch_time     =0.3152s
  cuda_allocated_gb    =0.120
  cuda_reserved_gb     =10.279
  cuda_max_allocated_gb=8.434

train 2 rank0:   3%|â–Ž         | 13/455 [00:04<02:16,  3.24it/s, loss=2.5472]
train 2 rank0:   3%|â–Ž         | 14/455 [00:04<02:17,  3.21it/s, loss=2.5472][PROFILE rank=0 batch=14]
  data_time      =0.0005s
  to_device_time =0.0040s
  forward_time   =0.1211s
  loss_time      =0.0019s
  backward_time  =0.1576s
  optimizer_time =0.0071s
  batch_time     =0.2930s
  cuda_allocated_gb    =0.119
  cuda_reserved_gb     =10.279
  cuda_max_allocated_gb=8.434

train 2 rank0:   3%|â–Ž         | 14/455 [00:04<02:17,  3.21it/s, loss=2.5334]
train 2 rank0:   3%|â–Ž         | 15/455 [00:04<02:15,  3.25it/s, loss=2.5334][PROFILE rank=0 batch=15]
  data_time      =0.0006s
  to_device_time =0.0024s
  forward_time   =0.0915s
  loss_time      =0.0017s
  backward_time  =0.1094s
  optimizer_time =0.0068s
  batch_time     =0.2131s
  cuda_allocated_gb    =0.090
  cuda_reserved_gb     =10.279
  cuda_max_allocated_gb=8.434

train 2 rank0:   3%|â–Ž         | 15/455 [00:05<02:15,  3.25it/s, loss=2.5786]
train 2 rank0:   4%|â–Ž         | 16/455 [00:05<02:02,  3.57it/s, loss=2.5786][PROFILE rank=0 batch=16]
  data_time      =0.0006s
  to_device_time =0.0041s
  forward_time   =0.1209s
  loss_time      =0.0018s
  backward_time  =0.1575s
  optimizer_time =0.0071s
  batch_time     =0.2927s
  cuda_allocated_gb    =0.122
  cuda_reserved_gb     =10.279
  cuda_max_allocated_gb=8.434

train 2 rank0:   4%|â–Ž         | 16/455 [00:05<02:02,  3.57it/s, loss=2.5336]
train 2 rank0:   4%|â–Ž         | 17/455 [00:05<02:04,  3.51it/s, loss=2.5336][PROFILE rank=0 batch=17]
  data_time      =0.0026s
  to_device_time =0.0037s
  forward_time   =0.1205s
  loss_time      =0.0018s
  backward_time  =0.1585s
  optimizer_time =0.0075s
  batch_time     =0.2933s
  cuda_allocated_gb    =0.119
  cuda_reserved_gb     =10.279
  cuda_max_allocated_gb=8.434

train 2 rank0:   4%|â–Ž         | 17/455 [00:05<02:04,  3.51it/s, loss=2.5197]
train 2 rank0:   4%|â–         | 18/455 [00:05<02:06,  3.45it/s, loss=2.5197][PROFILE rank=0 batch=18]
  data_time      =0.0007s
  to_device_time =0.0040s
  forward_time   =0.1208s
  loss_time      =0.0019s
  backward_time  =0.1576s
  optimizer_time =0.0090s
  batch_time     =0.2964s
  cuda_allocated_gb    =0.120
  cuda_reserved_gb     =10.279
  cuda_max_allocated_gb=8.434

train 2 rank0:   4%|â–         | 18/455 [00:06<02:06,  3.45it/s, loss=2.4929]
train 2 rank0:   4%|â–         | 19/455 [00:06<02:07,  3.41it/s, loss=2.4929][PROFILE rank=0 batch=19]
  data_time      =0.0007s
  to_device_time =0.0038s
  forward_time   =0.1192s
  loss_time      =0.0018s
  backward_time  =0.1585s
  optimizer_time =0.0075s
  batch_time     =0.2926s
  cuda_allocated_gb    =0.121
  cuda_reserved_gb     =10.279
  cuda_max_allocated_gb=8.434

[PROFILE average rank=0 first 20 batches (recorded=20)]
  avg_data_time      =0.0227s
  avg_to_device_time =0.0039s
  avg_forward_time   =0.1204s
  avg_loss_time      =0.0020s
  avg_backward_time  =0.1568s
  avg_optimizer_time =0.0076s
  avg_batch_time     =0.2941s
  estimated_full_epoch_minutes=2.23

train 2 rank0:   4%|â–         | 19/455 [00:06<02:07,  3.41it/s, loss=2.5382]
train 2 rank0:   4%|â–         | 20/455 [00:06<02:07,  3.40it/s, loss=2.5382]
train 2 rank0:   4%|â–         | 20/455 [00:06<02:07,  3.40it/s, loss=2.5371]
train 2 rank0:   5%|â–         | 21/455 [00:06<02:07,  3.41it/s, loss=2.5371]
train 2 rank0:   5%|â–         | 21/455 [00:07<02:07,  3.41it/s, loss=2.5511]
train 2 rank0:   5%|â–         | 22/455 [00:07<02:08,  3.37it/s, loss=2.5511]
train 2 rank0:   5%|â–         | 22/455 [00:07<02:08,  3.37it/s, loss=2.5686]
train 2 rank0:   5%|â–Œ         | 23/455 [00:07<02:07,  3.38it/s, loss=2.5686]
train 2 rank0:   5%|â–Œ         | 23/455 [00:07<02:07,  3.38it/s, loss=2.5425]
train 2 rank0:   5%|â–Œ         | 24/455 [00:07<02:07,  3.38it/s, loss=2.5425]
train 2 rank0:   5%|â–Œ         | 24/455 [00:07<02:07,  3.38it/s, loss=2.5244]
train 2 rank0:   5%|â–Œ         | 25/455 [00:07<02:06,  3.39it/s, loss=2.5244]
train 2 rank0:   5%|â–Œ         | 25/455 [00:08<02:06,  3.39it/s, loss=2.5094]
train 2 rank0:   6%|â–Œ         | 26/455 [00:08<02:06,  3.40it/s, loss=2.5094]
train 2 rank0:   6%|â–Œ         | 26/455 [00:08<02:06,  3.40it/s, loss=2.5256]
train 2 rank0:   6%|â–Œ         | 27/455 [00:08<02:05,  3.40it/s, loss=2.5256]
train 2 rank0:   6%|â–Œ         | 27/455 [00:08<02:05,  3.40it/s, loss=2.5565]
train 2 rank0:   6%|â–Œ         | 28/455 [00:08<02:05,  3.41it/s, loss=2.5565]
train 2 rank0:   6%|â–Œ         | 28/455 [00:09<02:05,  3.41it/s, loss=2.5451]
train 2 rank0:   6%|â–‹         | 29/455 [00:09<02:08,  3.31it/s, loss=2.5451]
train 2 rank0:   6%|â–‹         | 29/455 [00:09<02:08,  3.31it/s, loss=2.5450]
train 2 rank0:   7%|â–‹         | 30/455 [00:09<02:17,  3.09it/s, loss=2.5450]
                                                                            
/usr/local/lib/python3.12/dist-packages/torch/distributed/c10d_logger.py:83: UserWarning: barrier(): using the device under current context. You can specify `device_id` in `init_process_group` to mute this warning.
  return func(*args, **kwargs)

val:   0%|          | 0/57 [00:00<?, ?it/s]
val:   2%|â–         | 1/57 [00:00<00:42,  1.33it/s]
val:   4%|â–Ž         | 2/57 [00:00<00:24,  2.26it/s]
val:   5%|â–Œ         | 3/57 [00:01<00:18,  2.91it/s]
val:   7%|â–‹         | 4/57 [00:01<00:15,  3.37it/s]
val:   9%|â–‰         | 5/57 [00:01<00:14,  3.67it/s]
val:  11%|â–ˆ         | 6/57 [00:01<00:13,  3.88it/s]
val:  12%|â–ˆâ–        | 7/57 [00:02<00:12,  4.04it/s]
val:  14%|â–ˆâ–        | 8/57 [00:02<00:11,  4.14it/s]
val:  16%|â–ˆâ–Œ        | 9/57 [00:02<00:11,  4.19it/s]
val:  18%|â–ˆâ–Š        | 10/57 [00:02<00:11,  4.26it/s]
                                                    
Epoch 002/015 | loss=2.5400 acc=0.1493 macro_f1=0.1401 | val_loss=2.5331 val_acc=0.1297 val_macro_f1=0.0935 | ckpt_monitor=val_macro_f1:0.0935 best_val_macro_f1=0.0958 best_epoch=1 early_val_macro_f1=0.0958 sec/batch=0.318s cuda_rankmax=8.434GB
          val pred_count: [354, 104, 54, 81, 19, 28, 0]
          no improvement: 1/12
/usr/local/lib/python3.12/dist-packages/torch/distributed/c10d_logger.py:83: UserWarning: barrier(): using the device under current context. You can specify `device_id` in `init_process_group` to mute this warning.
  return func(*args, **kwargs)

train 3 rank0:   0%|          | 0/455 [00:00<?, ?it/s][PROFILE rank=0 batch=0]
  data_time      =0.3384s
  to_device_time =0.0064s
  forward_time   =0.1571s
  loss_time      =0.0072s
  backward_time  =0.1785s
  optimizer_time =0.0075s
  batch_time     =0.3585s
  cuda_allocated_gb    =0.119
  cuda_reserved_gb     =10.279
  cuda_max_allocated_gb=8.434

train 3 rank0:   0%|          | 0/455 [00:00<?, ?it/s, loss=2.5468]
train 3 rank0:   0%|          | 1/455 [00:00<05:17,  1.43it/s, loss=2.5468][PROFILE rank=0 batch=1]
  data_time      =0.0026s
  to_device_time =0.0037s
  forward_time   =0.1193s
  loss_time      =0.0018s
  backward_time  =0.1589s
  optimizer_time =0.0093s
  batch_time     =0.2952s
  cuda_allocated_gb    =0.119
  cuda_reserved_gb     =10.279
  cuda_max_allocated_gb=8.434

train 3 rank0:   0%|          | 1/455 [00:01<05:17,  1.43it/s, loss=2.5860]
train 3 rank0:   0%|          | 2/455 [00:01<03:31,  2.15it/s, loss=2.5860][PROFILE rank=0 batch=2]
  data_time      =0.0037s
  to_device_time =0.0036s
  forward_time   =0.1220s
  loss_time      =0.0018s
  backward_time  =0.1597s
  optimizer_time =0.0080s
  batch_time     =0.2965s
  cuda_allocated_gb    =0.120
  cuda_reserved_gb     =10.279
  cuda_max_allocated_gb=8.434

train 3 rank0:   0%|          | 2/455 [00:01<03:31,  2.15it/s, loss=2.4892]
train 3 rank0:   1%|          | 3/455 [00:01<02:57,  2.55it/s, loss=2.4892][PROFILE rank=0 batch=3]
  data_time      =0.0006s
  to_device_time =0.0039s
  forward_time   =0.1213s
  loss_time      =0.0019s
  backward_time  =0.1595s
  optimizer_time =0.0089s
  batch_time     =0.2970s
  cuda_allocated_gb    =0.121
  cuda_reserved_gb     =10.279
  cuda_max_allocated_gb=8.434

train 3 rank0:   1%|          | 3/455 [00:01<02:57,  2.55it/s, loss=2.5472]
train 3 rank0:   1%|          | 4/455 [00:01<02:40,  2.81it/s, loss=2.5472][PROFILE rank=0 batch=4]
  data_time      =0.0006s
  to_device_time =0.0041s
  forward_time   =0.1207s
  loss_time      =0.0018s
  backward_time  =0.1602s
  optimizer_time =0.0070s
  batch_time     =0.2971s
  cuda_allocated_gb    =0.120
  cuda_reserved_gb     =10.279
  cuda_max_allocated_gb=8.434

train 3 rank0:   1%|          | 4/455 [00:01<02:40,  2.81it/s, loss=2.5644]
train 3 rank0:   1%|          | 5/455 [00:01<02:31,  2.97it/s, loss=2.5644][PROFILE rank=0 batch=5]
  data_time      =0.0007s
  to_device_time =0.0041s
  forward_time   =0.1217s
  loss_time      =0.0018s
  backward_time  =0.1603s
  optimizer_time =0.0075s
  batch_time     =0.2980s
  cuda_allocated_gb    =0.120
  cuda_reserved_gb     =10.279
  cuda_max_allocated_gb=8.434

train 3 rank0:   1%|          | 5/455 [00:02<02:31,  2.97it/s, loss=2.5497]
train 3 rank0:   1%|â–         | 6/455 [00:02<02:25,  3.08it/s, loss=2.5497][PROFILE rank=0 batch=6]
  data_time      =0.0006s
  to_device_time =0.0041s
  forward_time   =0.1220s
  loss_time      =0.0017s
  backward_time  =0.1612s
  optimizer_time =0.0073s
  batch_time     =0.2976s
  cuda_allocated_gb    =0.119
  cuda_reserved_gb     =10.279
  cuda_max_allocated_gb=8.434

train 3 rank0:   1%|â–         | 6/455 [00:02<02:25,  3.08it/s, loss=2.5656]
train 3 rank0:   2%|â–         | 7/455 [00:02<02:22,  3.15it/s, loss=2.5656][PROFILE rank=0 batch=7]
  data_time      =0.0006s
  to_device_time =0.0040s
  forward_time   =0.1242s
  loss_time      =0.0019s
  backward_time  =0.1604s
  optimizer_time =0.0074s
  batch_time     =0.3015s
  cuda_allocated_gb    =0.120
  cuda_reserved_gb     =10.279
  cuda_max_allocated_gb=8.434

train 3 rank0:   2%|â–         | 7/455 [00:02<02:22,  3.15it/s, loss=2.5708]
train 3 rank0:   2%|â–         | 8/455 [00:02<02:20,  3.19it/s, loss=2.5708][PROFILE rank=0 batch=8]
  data_time      =0.0006s
  to_device_time =0.0040s
  forward_time   =0.1231s
  loss_time      =0.0019s
  backward_time  =0.1615s
  optimizer_time =0.0073s
  batch_time     =0.2994s
  cuda_allocated_gb    =0.120
  cuda_reserved_gb     =10.279
  cuda_max_allocated_gb=8.434

train 3 rank0:   2%|â–         | 8/455 [00:03<02:20,  3.19it/s, loss=2.5306]
train 3 rank0:   2%|â–         | 9/455 [00:03<02:18,  3.22it/s, loss=2.5306][PROFILE rank=0 batch=9]
  data_time      =0.0007s
  to_device_time =0.0040s
  forward_time   =0.1224s
  loss_time      =0.0018s
  backward_time  =0.1615s
  optimizer_time =0.0075s
  batch_time     =0.2985s
  cuda_allocated_gb    =0.120
  cuda_reserved_gb     =10.279
  cuda_max_allocated_gb=8.434

train 3 rank0:   2%|â–         | 9/455 [00:03<02:18,  3.22it/s, loss=2.5765]
train 3 rank0:   2%|â–         | 10/455 [00:03<02:16,  3.25it/s, loss=2.5765][PROFILE rank=0 batch=10]
  data_time      =0.0006s
  to_device_time =0.0040s
  forward_time   =0.1216s
  loss_time      =0.0018s
  backward_time  =0.1605s
  optimizer_time =0.0074s
  batch_time     =0.2966s
  cuda_allocated_gb    =0.119
  cuda_reserved_gb     =10.279
  cuda_max_allocated_gb=8.434

train 3 rank0:   2%|â–         | 10/455 [00:03<02:16,  3.25it/s, loss=2.5495]
train 3 rank0:   2%|â–         | 11/455 [00:03<02:15,  3.27it/s, loss=2.5495][PROFILE rank=0 batch=11]
  data_time      =0.0007s
  to_device_time =0.0040s
  forward_time   =0.1194s
  loss_time      =0.0018s
  backward_time  =0.1613s
  optimizer_time =0.0076s
  batch_time     =0.2960s
  cuda_allocated_gb    =0.120
  cuda_reserved_gb     =10.279
  cuda_max_allocated_gb=8.434

train 3 rank0:   2%|â–         | 11/455 [00:04<02:15,  3.27it/s, loss=2.5322]
train 3 rank0:   3%|â–Ž         | 12/455 [00:04<02:14,  3.29it/s, loss=2.5322][PROFILE rank=0 batch=12]
  data_time      =0.0006s
  to_device_time =0.0042s
  forward_time   =0.1300s
  loss_time      =0.0024s
  backward_time  =0.1780s
  optimizer_time =0.0173s
  batch_time     =0.3348s
  cuda_allocated_gb    =0.120
  cuda_reserved_gb     =10.279
  cuda_max_allocated_gb=8.434

train 3 rank0:   3%|â–Ž         | 12/455 [00:04<02:14,  3.29it/s, loss=2.5595]
train 3 rank0:   3%|â–Ž         | 13/455 [00:04<02:19,  3.17it/s, loss=2.5595][PROFILE rank=0 batch=13]
  data_time      =0.0039s
  to_device_time =0.0022s
  forward_time   =0.1331s
  loss_time      =0.0029s
  backward_time  =0.1734s
  optimizer_time =0.0074s
  batch_time     =0.3254s
  cuda_allocated_gb    =0.120
  cuda_reserved_gb     =10.279
  cuda_max_allocated_gb=8.434

train 3 rank0:   3%|â–Ž         | 13/455 [00:04<02:19,  3.17it/s, loss=2.5562]
train 3 rank0:   3%|â–Ž         | 14/455 [00:04<02:21,  3.12it/s, loss=2.5562][PROFILE rank=0 batch=14]
  data_time      =0.0006s
  to_device_time =0.0040s
  forward_time   =0.1228s
  loss_time      =0.0018s
  backward_time  =0.1666s
  optimizer_time =0.0073s
  batch_time     =0.3038s
  cuda_allocated_gb    =0.119
  cuda_reserved_gb     =10.279
  cuda_max_allocated_gb=8.434

train 3 rank0:   3%|â–Ž         | 14/455 [00:05<02:21,  3.12it/s, loss=2.5606]
train 3 rank0:   3%|â–Ž         | 15/455 [00:05<02:19,  3.16it/s, loss=2.5606][PROFILE rank=0 batch=15]
  data_time      =0.0006s
  to_device_time =0.0025s
  forward_time   =0.0934s
  loss_time      =0.0039s
  backward_time  =0.1123s
  optimizer_time =0.0077s
  batch_time     =0.2213s
  cuda_allocated_gb    =0.090
  cuda_reserved_gb     =10.279
  cuda_max_allocated_gb=8.434

train 3 rank0:   3%|â–Ž         | 15/455 [00:05<02:19,  3.16it/s, loss=2.5828]
train 3 rank0:   4%|â–Ž         | 16/455 [00:05<02:06,  3.46it/s, loss=2.5828][PROFILE rank=0 batch=16]
  data_time      =0.0007s
  to_device_time =0.0039s
  forward_time   =0.1234s
  loss_time      =0.0019s
  backward_time  =0.1594s
  optimizer_time =0.0072s
  batch_time     =0.2988s
  cuda_allocated_gb    =0.122
  cuda_reserved_gb     =10.279
  cuda_max_allocated_gb=8.434

train 3 rank0:   4%|â–Ž         | 16/455 [00:05<02:06,  3.46it/s, loss=2.5007]
train 3 rank0:   4%|â–Ž         | 17/455 [00:05<02:08,  3.41it/s, loss=2.5007][PROFILE rank=0 batch=17]
  data_time      =0.0006s
  to_device_time =0.0039s
  forward_time   =0.1212s
  loss_time      =0.0017s
  backward_time  =0.1611s
  optimizer_time =0.0070s
  batch_time     =0.2962s
  cuda_allocated_gb    =0.119
  cuda_reserved_gb     =10.279
  cuda_max_allocated_gb=8.434

train 3 rank0:   4%|â–Ž         | 17/455 [00:05<02:08,  3.41it/s, loss=2.5346]
train 3 rank0:   4%|â–         | 18/455 [00:05<02:09,  3.39it/s, loss=2.5346][PROFILE rank=0 batch=18]
  data_time      =0.0006s
  to_device_time =0.0040s
  forward_time   =0.1211s
  loss_time      =0.0023s
  backward_time  =0.1602s
  optimizer_time =0.0072s
  batch_time     =0.2984s
  cuda_allocated_gb    =0.120
  cuda_reserved_gb     =10.279
  cuda_max_allocated_gb=8.434

train 3 rank0:   4%|â–         | 18/455 [00:06<02:09,  3.39it/s, loss=2.5091]
train 3 rank0:   4%|â–         | 19/455 [00:06<02:09,  3.36it/s, loss=2.5091][PROFILE rank=0 batch=19]
  data_time      =0.0006s
  to_device_time =0.0041s
  forward_time   =0.1205s
  loss_time      =0.0018s
  backward_time  =0.1602s
  optimizer_time =0.0073s
  batch_time     =0.2991s
  cuda_allocated_gb    =0.121
  cuda_reserved_gb     =10.279
  cuda_max_allocated_gb=8.434

[PROFILE average rank=0 first 20 batches (recorded=20)]
  avg_data_time      =0.0179s
  avg_to_device_time =0.0039s
  avg_forward_time   =0.1230s
  avg_loss_time      =0.0023s
  avg_backward_time  =0.1607s
  avg_optimizer_time =0.0081s
  avg_batch_time     =0.3005s
  estimated_full_epoch_minutes=2.28

train 3 rank0:   4%|â–         | 19/455 [00:06<02:09,  3.36it/s, loss=2.5240]
train 3 rank0:   4%|â–         | 20/455 [00:06<02:10,  3.34it/s, loss=2.5240]
train 3 rank0:   4%|â–         | 20/455 [00:06<02:10,  3.34it/s, loss=2.5310]
train 3 rank0:   5%|â–         | 21/455 [00:06<02:09,  3.34it/s, loss=2.5310]
train 3 rank0:   5%|â–         | 21/455 [00:07<02:09,  3.34it/s, loss=2.5417]
train 3 rank0:   5%|â–         | 22/455 [00:07<02:09,  3.35it/s, loss=2.5417]
train 3 rank0:   5%|â–         | 22/455 [00:07<02:09,  3.35it/s, loss=2.5330]
train 3 rank0:   5%|â–Œ         | 23/455 [00:07<02:08,  3.35it/s, loss=2.5330]
train 3 rank0:   5%|â–Œ         | 23/455 [00:07<02:08,  3.35it/s, loss=2.5512]
train 3 rank0:   5%|â–Œ         | 24/455 [00:07<02:08,  3.36it/s, loss=2.5512]
train 3 rank0:   5%|â–Œ         | 24/455 [00:07<02:08,  3.36it/s, loss=2.5856]
train 3 rank0:   5%|â–Œ         | 25/455 [00:07<02:07,  3.36it/s, loss=2.5856]
train 3 rank0:   5%|â–Œ         | 25/455 [00:08<02:07,  3.36it/s, loss=2.5427]
train 3 rank0:   6%|â–Œ         | 26/455 [00:08<02:07,  3.36it/s, loss=2.5427]
train 3 rank0:   6%|â–Œ         | 26/455 [00:08<02:07,  3.36it/s, loss=2.5734]
train 3 rank0:   6%|â–Œ         | 27/455 [00:08<02:07,  3.37it/s, loss=2.5734]
train 3 rank0:   6%|â–Œ         | 27/455 [00:08<02:07,  3.37it/s, loss=2.5333]
train 3 rank0:   6%|â–Œ         | 28/455 [00:08<02:06,  3.38it/s, loss=2.5333]
train 3 rank0:   6%|â–Œ         | 28/455 [00:09<02:06,  3.38it/s, loss=2.5202]
train 3 rank0:   6%|â–‹         | 29/455 [00:09<02:08,  3.32it/s, loss=2.5202]
train 3 rank0:   6%|â–‹         | 29/455 [00:09<02:08,  3.32it/s, loss=2.5580]
train 3 rank0:   7%|â–‹         | 30/455 [00:09<02:09,  3.29it/s, loss=2.5580]
                                                                            
/usr/local/lib/python3.12/dist-packages/torch/distributed/c10d_logger.py:83: UserWarning: barrier(): using the device under current context. You can specify `device_id` in `init_process_group` to mute this warning.
  return func(*args, **kwargs)

val:   0%|          | 0/57 [00:00<?, ?it/s]
val:   2%|â–         | 1/57 [00:00<00:25,  2.18it/s]
val:   4%|â–Ž         | 2/57 [00:00<00:17,  3.08it/s]
val:   5%|â–Œ         | 3/57 [00:00<00:15,  3.53it/s]
val:   7%|â–‹         | 4/57 [00:01<00:13,  3.80it/s]
val:   9%|â–‰         | 5/57 [00:01<00:13,  3.95it/s]
val:  11%|â–ˆ         | 6/57 [00:01<00:12,  4.06it/s]
val:  12%|â–ˆâ–        | 7/57 [00:01<00:12,  4.12it/s]
val:  14%|â–ˆâ–        | 8/57 [00:02<00:12,  4.07it/s]
val:  16%|â–ˆâ–Œ        | 9/57 [00:02<00:11,  4.11it/s]
val:  18%|â–ˆâ–Š        | 10/57 [00:02<00:11,  4.15it/s]
                                                    
Epoch 003/015 | loss=2.5439 acc=0.1382 macro_f1=0.1289 | val_loss=2.5331 val_acc=0.1469 val_macro_f1=0.0968 | ckpt_monitor=val_macro_f1:0.0968 best_val_macro_f1=0.0968 best_epoch=3 early_val_macro_f1=0.0968 sec/batch=0.315s cuda_rankmax=8.434GB
          val pred_count: [382, 92, 33, 58, 55, 20, 0]
          checkpoint improvement: best_epoch=3
          early stopping monitor improved
/usr/local/lib/python3.12/dist-packages/torch/distributed/c10d_logger.py:83: UserWarning: barrier(): using the device under current context. You can specify `device_id` in `init_process_group` to mute this warning.
  return func(*args, **kwargs)

train 4 rank0:   0%|          | 0/455 [00:00<?, ?it/s][PROFILE rank=0 batch=0]
  data_time      =0.3344s
  to_device_time =0.0038s
  forward_time   =0.1251s
  loss_time      =0.0015s
  backward_time  =0.1637s
  optimizer_time =0.0072s
  batch_time     =0.3053s
  cuda_allocated_gb    =0.119
  cuda_reserved_gb     =10.279
  cuda_max_allocated_gb=8.434

train 4 rank0:   0%|          | 0/455 [00:00<?, ?it/s, loss=2.5764]
train 4 rank0:   0%|          | 1/455 [00:00<04:51,  1.56it/s, loss=2.5764][PROFILE rank=0 batch=1]
  data_time      =0.0006s
  to_device_time =0.0039s
  forward_time   =0.1217s
  loss_time      =0.0018s
  backward_time  =0.1625s
  optimizer_time =0.0077s
  batch_time     =0.2999s
  cuda_allocated_gb    =0.119
  cuda_reserved_gb     =10.279
  cuda_max_allocated_gb=8.434

train 4 rank0:   0%|          | 1/455 [00:00<04:51,  1.56it/s, loss=2.5344]
train 4 rank0:   0%|          | 2/455 [00:00<03:20,  2.25it/s, loss=2.5344][PROFILE rank=0 batch=2]
  data_time      =0.0007s
  to_device_time =0.0040s
  forward_time   =0.1242s
  loss_time      =0.0017s
  backward_time  =0.1626s
  optimizer_time =0.0076s
  batch_time     =0.3014s
  cuda_allocated_gb    =0.120
  cuda_reserved_gb     =10.279
  cuda_max_allocated_gb=8.434

train 4 rank0:   0%|          | 2/455 [00:01<03:20,  2.25it/s, loss=2.5359]
train 4 rank0:   1%|          | 3/455 [00:01<02:52,  2.63it/s, loss=2.5359][PROFILE rank=0 batch=3]
  data_time      =0.0006s
  to_device_time =0.0038s
  forward_time   =0.1231s
  loss_time      =0.0018s
  backward_time  =0.1622s
  optimizer_time =0.0076s
  batch_time     =0.3004s
  cuda_allocated_gb    =0.121
  cuda_reserved_gb     =10.279
  cuda_max_allocated_gb=8.434

train 4 rank0:   1%|          | 3/455 [00:01<02:52,  2.63it/s, loss=2.5699]
train 4 rank0:   1%|          | 4/455 [00:01<02:38,  2.85it/s, loss=2.5699][PROFILE rank=0 batch=4]
  data_time      =0.0007s
  to_device_time =0.0040s
  forward_time   =0.1259s
  loss_time      =0.0017s
  backward_time  =0.1628s
  optimizer_time =0.0075s
  batch_time     =0.3032s
  cuda_allocated_gb    =0.120
  cuda_reserved_gb     =10.279
  cuda_max_allocated_gb=8.434

train 4 rank0:   1%|          | 4/455 [00:01<02:38,  2.85it/s, loss=2.4979]
train 4 rank0:   1%|          | 5/455 [00:01<02:30,  2.98it/s, loss=2.4979][PROFILE rank=0 batch=5]
  data_time      =0.0006s
  to_device_time =0.0040s
  forward_time   =0.1255s
  loss_time      =0.0017s
  backward_time  =0.1610s
  optimizer_time =0.0075s
  batch_time     =0.3010s
  cuda_allocated_gb    =0.120
  cuda_reserved_gb     =10.279
  cuda_max_allocated_gb=8.434

train 4 rank0:   1%|          | 5/455 [00:02<02:30,  2.98it/s, loss=2.5571]
train 4 rank0:   1%|â–         | 6/455 [00:02<02:25,  3.08it/s, loss=2.5571][PROFILE rank=0 batch=6]
  data_time      =0.0006s
  to_device_time =0.0041s
  forward_time   =0.1242s
  loss_time      =0.0019s
  backward_time  =0.1624s
  optimizer_time =0.0072s
  batch_time     =0.3013s
  cuda_allocated_gb    =0.119
  cuda_reserved_gb     =10.279
  cuda_max_allocated_gb=8.434

train 4 rank0:   1%|â–         | 6/455 [00:02<02:25,  3.08it/s, loss=2.5390]
train 4 rank0:   2%|â–         | 7/455 [00:02<02:22,  3.14it/s, loss=2.5390][PROFILE rank=0 batch=7]
  data_time      =0.0006s
  to_device_time =0.0039s
  forward_time   =0.1231s
  loss_time      =0.0018s
  backward_time  =0.1627s
  optimizer_time =0.0077s
  batch_time     =0.3005s
  cuda_allocated_gb    =0.120
  cuda_reserved_gb     =10.279
  cuda_max_allocated_gb=8.434

train 4 rank0:   2%|â–         | 7/455 [00:02<02:22,  3.14it/s, loss=2.5668]
train 4 rank0:   2%|â–         | 8/455 [00:02<02:20,  3.18it/s, loss=2.5668][PROFILE rank=0 batch=8]
  data_time      =0.0007s
  to_device_time =0.0040s
  forward_time   =0.1254s
  loss_time      =0.0019s
  backward_time  =0.1618s
  optimizer_time =0.0075s
  batch_time     =0.3019s
  cuda_allocated_gb    =0.120
  cuda_reserved_gb     =10.279
  cuda_max_allocated_gb=8.434

train 4 rank0:   2%|â–         | 8/455 [00:03<02:20,  3.18it/s, loss=2.5502]
train 4 rank0:   2%|â–         | 9/455 [00:03<02:18,  3.21it/s, loss=2.5502][PROFILE rank=0 batch=9]
  data_time      =0.0006s
  to_device_time =0.0039s
  forward_time   =0.1236s
  loss_time      =0.0017s
  backward_time  =0.1616s
  optimizer_time =0.0080s
  batch_time     =0.3001s
  cuda_allocated_gb    =0.120
  cuda_reserved_gb     =10.279
  cuda_max_allocated_gb=8.434

train 4 rank0:   2%|â–         | 9/455 [00:03<02:18,  3.21it/s, loss=2.5426]
train 4 rank0:   2%|â–         | 10/455 [00:03<02:17,  3.23it/s, loss=2.5426][PROFILE rank=0 batch=10]
  data_time      =0.0006s
  to_device_time =0.0040s
  forward_time   =0.1233s
  loss_time      =0.0017s
  backward_time  =0.1618s
  optimizer_time =0.0074s
  batch_time     =0.3001s
  cuda_allocated_gb    =0.119
  cuda_reserved_gb     =10.279
  cuda_max_allocated_gb=8.434

train 4 rank0:   2%|â–         | 10/455 [00:03<02:17,  3.23it/s, loss=2.5581]
train 4 rank0:   2%|â–         | 11/455 [00:03<02:16,  3.25it/s, loss=2.5581][PROFILE rank=0 batch=11]
  data_time      =0.0006s
  to_device_time =0.0039s
  forward_time   =0.1252s
  loss_time      =0.0019s
  backward_time  =0.1638s
  optimizer_time =0.0078s
  batch_time     =0.3040s
  cuda_allocated_gb    =0.120
  cuda_reserved_gb     =10.279
  cuda_max_allocated_gb=8.434

train 4 rank0:   2%|â–         | 11/455 [00:04<02:16,  3.25it/s, loss=2.5163]
train 4 rank0:   3%|â–Ž         | 12/455 [00:04<02:16,  3.25it/s, loss=2.5163][PROFILE rank=0 batch=12]
  data_time      =0.0007s
  to_device_time =0.0040s
  forward_time   =0.1295s
  loss_time      =0.0025s
  backward_time  =0.1685s
  optimizer_time =0.0075s
  batch_time     =0.3135s
  cuda_allocated_gb    =0.120
  cuda_reserved_gb     =10.279
  cuda_max_allocated_gb=8.434

train 4 rank0:   3%|â–Ž         | 12/455 [00:04<02:16,  3.25it/s, loss=2.5342]
train 4 rank0:   3%|â–Ž         | 13/455 [00:04<02:17,  3.22it/s, loss=2.5342][PROFILE rank=0 batch=13]
  data_time      =0.0007s
  to_device_time =0.0040s
  forward_time   =0.1324s
  loss_time      =0.0029s
  backward_time  =0.1671s
  optimizer_time =0.0076s
  batch_time     =0.3160s
  cuda_allocated_gb    =0.120
  cuda_reserved_gb     =10.279
  cuda_max_allocated_gb=8.434

train 4 rank0:   3%|â–Ž         | 13/455 [00:04<02:17,  3.22it/s, loss=2.5018]
train 4 rank0:   3%|â–Ž         | 14/455 [00:04<02:18,  3.19it/s, loss=2.5018][PROFILE rank=0 batch=14]
  data_time      =0.0005s
  to_device_time =0.0040s
  forward_time   =0.1273s
  loss_time      =0.0017s
  backward_time  =0.1626s
  optimizer_time =0.0072s
  batch_time     =0.3042s
  cuda_allocated_gb    =0.119
  cuda_reserved_gb     =10.279
  cuda_max_allocated_gb=8.434

train 4 rank0:   3%|â–Ž         | 14/455 [00:04<02:18,  3.19it/s, loss=2.5151]
train 4 rank0:   3%|â–Ž         | 15/455 [00:04<02:17,  3.20it/s, loss=2.5151][PROFILE rank=0 batch=15]
  data_time      =0.0006s
  to_device_time =0.0024s
  forward_time   =0.0972s
  loss_time      =0.0019s
  backward_time  =0.1092s
  optimizer_time =0.0072s
  batch_time     =0.2192s
  cuda_allocated_gb    =0.090
  cuda_reserved_gb     =10.279
  cuda_max_allocated_gb=8.434

train 4 rank0:   3%|â–Ž         | 15/455 [00:05<02:17,  3.20it/s, loss=2.5662]
train 4 rank0:   4%|â–Ž         | 16/455 [00:05<02:05,  3.50it/s, loss=2.5662][PROFILE rank=0 batch=16]
  data_time      =0.0006s
  to_device_time =0.0039s
  forward_time   =0.1230s
  loss_time      =0.0019s
  backward_time  =0.1682s
  optimizer_time =0.0095s
  batch_time     =0.3080s
  cuda_allocated_gb    =0.122
  cuda_reserved_gb     =10.279
  cuda_max_allocated_gb=8.434

train 4 rank0:   4%|â–Ž         | 16/455 [00:05<02:05,  3.50it/s, loss=2.5345]
train 4 rank0:   4%|â–Ž         | 17/455 [00:05<02:08,  3.41it/s, loss=2.5345][PROFILE rank=0 batch=17]
  data_time      =0.0007s
  to_device_time =0.0037s
  forward_time   =0.1260s
  loss_time      =0.0017s
  backward_time  =0.1635s
  optimizer_time =0.0073s
  batch_time     =0.3034s
  cuda_allocated_gb    =0.119
  cuda_reserved_gb     =10.279
  cuda_max_allocated_gb=8.434

train 4 rank0:   4%|â–Ž         | 17/455 [00:05<02:08,  3.41it/s, loss=2.5151]
train 4 rank0:   4%|â–         | 18/455 [00:05<02:10,  3.36it/s, loss=2.5151][PROFILE rank=0 batch=18]
  data_time      =0.0004s
  to_device_time =0.0040s
  forward_time   =0.1242s
  loss_time      =0.0018s
  backward_time  =0.1656s
  optimizer_time =0.0071s
  batch_time     =0.3040s
  cuda_allocated_gb    =0.120
  cuda_reserved_gb     =10.279
  cuda_max_allocated_gb=8.434

train 4 rank0:   4%|â–         | 18/455 [00:06<02:10,  3.36it/s, loss=2.5356]
train 4 rank0:   4%|â–         | 19/455 [00:06<02:11,  3.32it/s, loss=2.5356][PROFILE rank=0 batch=19]
  data_time      =0.0006s
  to_device_time =0.0040s
  forward_time   =0.1237s
  loss_time      =0.0017s
  backward_time  =0.1628s
  optimizer_time =0.0074s
  batch_time     =0.3009s
  cuda_allocated_gb    =0.121
  cuda_reserved_gb     =10.279
  cuda_max_allocated_gb=8.434

[PROFILE average rank=0 first 20 batches (recorded=20)]
  avg_data_time      =0.0173s
  avg_to_device_time =0.0039s
  avg_forward_time   =0.1237s
  avg_loss_time      =0.0019s
  avg_backward_time  =0.1608s
  avg_optimizer_time =0.0076s
  avg_batch_time     =0.2994s
  estimated_full_epoch_minutes=2.27

train 4 rank0:   4%|â–         | 19/455 [00:06<02:11,  3.32it/s, loss=2.5226]
train 4 rank0:   4%|â–         | 20/455 [00:06<02:11,  3.31it/s, loss=2.5226]
train 4 rank0:   4%|â–         | 20/455 [00:06<02:11,  3.31it/s, loss=2.5654]
train 4 rank0:   5%|â–         | 21/455 [00:06<02:11,  3.31it/s, loss=2.5654]
train 4 rank0:   5%|â–         | 21/455 [00:07<02:11,  3.31it/s, loss=2.5563]
train 4 rank0:   5%|â–         | 22/455 [00:07<02:10,  3.31it/s, loss=2.5563]
train 4 rank0:   5%|â–         | 22/455 [00:07<02:10,  3.31it/s, loss=2.5655]
train 4 rank0:   5%|â–Œ         | 23/455 [00:07<02:10,  3.30it/s, loss=2.5655]
train 4 rank0:   5%|â–Œ         | 23/455 [00:07<02:10,  3.30it/s, loss=2.5559]
train 4 rank0:   5%|â–Œ         | 24/455 [00:07<02:10,  3.30it/s, loss=2.5559]
train 4 rank0:   5%|â–Œ         | 24/455 [00:07<02:10,  3.30it/s, loss=2.5447]
train 4 rank0:   5%|â–Œ         | 25/455 [00:07<02:10,  3.30it/s, loss=2.5447]
train 4 rank0:   5%|â–Œ         | 25/455 [00:08<02:10,  3.30it/s, loss=2.5897]
train 4 rank0:   6%|â–Œ         | 26/455 [00:08<02:10,  3.30it/s, loss=2.5897]
train 4 rank0:   6%|â–Œ         | 26/455 [00:08<02:10,  3.30it/s, loss=2.5472]
train 4 rank0:   6%|â–Œ         | 27/455 [00:08<02:09,  3.30it/s, loss=2.5472]
train 4 rank0:   6%|â–Œ         | 27/455 [00:08<02:09,  3.30it/s, loss=2.5394]
train 4 rank0:   6%|â–Œ         | 28/455 [00:08<02:09,  3.29it/s, loss=2.5394]
train 4 rank0:   6%|â–Œ         | 28/455 [00:09<02:09,  3.29it/s, loss=2.5624]
train 4 rank0:   6%|â–‹         | 29/455 [00:09<02:11,  3.24it/s, loss=2.5624]
train 4 rank0:   6%|â–‹         | 29/455 [00:09<02:11,  3.24it/s, loss=2.5288]
train 4 rank0:   7%|â–‹         | 30/455 [00:09<02:13,  3.19it/s, loss=2.5288]
                                                                            
/usr/local/lib/python3.12/dist-packages/torch/distributed/c10d_logger.py:83: UserWarning: barrier(): using the device under current context. You can specify `device_id` in `init_process_group` to mute this warning.
  return func(*args, **kwargs)

val:   0%|          | 0/57 [00:00<?, ?it/s]
val:   2%|â–         | 1/57 [00:00<00:25,  2.21it/s]
val:   4%|â–Ž         | 2/57 [00:00<00:17,  3.06it/s]
val:   5%|â–Œ         | 3/57 [00:00<00:15,  3.47it/s]
val:   7%|â–‹         | 4/57 [00:01<00:14,  3.70it/s]
val:   9%|â–‰         | 5/57 [00:01<00:13,  3.83it/s]
val:  11%|â–ˆ         | 6/57 [00:01<00:12,  3.93it/s]
val:  12%|â–ˆâ–        | 7/57 [00:01<00:12,  3.98it/s]
val:  14%|â–ˆâ–        | 8/57 [00:02<00:12,  4.03it/s]
val:  16%|â–ˆâ–Œ        | 9/57 [00:02<00:11,  4.05it/s]
val:  18%|â–ˆâ–Š        | 10/57 [00:02<00:11,  4.06it/s]
                                                    
Epoch 004/015 | loss=2.5385 acc=0.1435 macro_f1=0.1304 | val_loss=2.5331 val_acc=0.1375 val_macro_f1=0.1096 | ckpt_monitor=val_macro_f1:0.1096 best_val_macro_f1=0.1096 best_epoch=4 early_val_macro_f1=0.1096 sec/batch=0.317s cuda_rankmax=8.434GB
          val pred_count: [219, 152, 126, 79, 43, 14, 7]
          checkpoint improvement: best_epoch=4
          early stopping monitor improved
/usr/local/lib/python3.12/dist-packages/torch/distributed/c10d_logger.py:83: UserWarning: barrier(): using the device under current context. You can specify `device_id` in `init_process_group` to mute this warning.
  return func(*args, **kwargs)

train 5 rank0:   0%|          | 0/455 [00:00<?, ?it/s][PROFILE rank=0 batch=0]
  data_time      =0.3649s
  to_device_time =0.0051s
  forward_time   =0.1403s
  loss_time      =0.0019s
  backward_time  =0.1667s
  optimizer_time =0.0074s
  batch_time     =0.3261s
  cuda_allocated_gb    =0.119
  cuda_reserved_gb     =10.279
  cuda_max_allocated_gb=8.434

train 5 rank0:   0%|          | 0/455 [00:00<?, ?it/s, loss=2.5272]
train 5 rank0:   0%|          | 1/455 [00:00<05:15,  1.44it/s, loss=2.5272][PROFILE rank=0 batch=1]
  data_time      =0.0006s
  to_device_time =0.0041s
  forward_time   =0.1274s
  loss_time      =0.0018s
  backward_time  =0.1658s
  optimizer_time =0.0073s
  batch_time     =0.3078s
  cuda_allocated_gb    =0.119
  cuda_reserved_gb     =10.279
  cuda_max_allocated_gb=8.434

train 5 rank0:   0%|          | 1/455 [00:01<05:15,  1.44it/s, loss=2.5471]
train 5 rank0:   0%|          | 2/455 [00:01<03:32,  2.13it/s, loss=2.5471][PROFILE rank=0 batch=2]
  data_time      =0.0006s
  to_device_time =0.0040s
  forward_time   =0.1272s
  loss_time      =0.0017s
  backward_time  =0.1628s
  optimizer_time =0.0072s
  batch_time     =0.3042s
  cuda_allocated_gb    =0.120
  cuda_reserved_gb     =10.279
  cuda_max_allocated_gb=8.434

train 5 rank0:   0%|          | 2/455 [00:01<03:32,  2.13it/s, loss=2.5546]
train 5 rank0:   1%|          | 3/455 [00:01<02:58,  2.53it/s, loss=2.5546][PROFILE rank=0 batch=3]
  data_time      =0.0006s
  to_device_time =0.0041s
  forward_time   =0.1271s
  loss_time      =0.0018s
  backward_time  =0.1686s
  optimizer_time =0.0073s
  batch_time     =0.3104s
  cuda_allocated_gb    =0.121
  cuda_reserved_gb     =10.279
  cuda_max_allocated_gb=8.434

train 5 rank0:   1%|          | 3/455 [00:01<02:58,  2.53it/s, loss=2.5352]
train 5 rank0:   1%|          | 4/455 [00:01<02:43,  2.75it/s, loss=2.5352][PROFILE rank=0 batch=4]
  data_time      =0.0006s
  to_device_time =0.0041s
  forward_time   =0.1284s
  loss_time      =0.0017s
  backward_time  =0.1659s
  optimizer_time =0.0072s
  batch_time     =0.3086s
  cuda_allocated_gb    =0.120
  cuda_reserved_gb     =10.279
  cuda_max_allocated_gb=8.434

train 5 rank0:   1%|          | 4/455 [00:01<02:43,  2.75it/s, loss=2.5608]
train 5 rank0:   1%|          | 5/455 [00:01<02:35,  2.90it/s, loss=2.5608][PROFILE rank=0 batch=5]
  data_time      =0.0006s
  to_device_time =0.0041s
  forward_time   =0.1303s
  loss_time      =0.0018s
  backward_time  =0.1673s
  optimizer_time =0.0073s
  batch_time     =0.3121s
  cuda_allocated_gb    =0.120
  cuda_reserved_gb     =10.279
  cuda_max_allocated_gb=8.434

train 5 rank0:   1%|          | 5/455 [00:02<02:35,  2.90it/s, loss=2.5167]
train 5 rank0:   1%|â–         | 6/455 [00:02<02:30,  2.98it/s, loss=2.5167][PROFILE rank=0 batch=6]
  data_time      =0.0005s
  to_device_time =0.0041s
  forward_time   =0.1291s
  loss_time      =0.0017s
  backward_time  =0.1654s
  optimizer_time =0.0075s
  batch_time     =0.3091s
  cuda_allocated_gb    =0.119
  cuda_reserved_gb     =10.279
  cuda_max_allocated_gb=8.434

train 5 rank0:   1%|â–         | 6/455 [00:02<02:30,  2.98it/s, loss=2.5043]
train 5 rank0:   2%|â–         | 7/455 [00:02<02:26,  3.05it/s, loss=2.5043][PROFILE rank=0 batch=7]
  data_time      =0.0007s
  to_device_time =0.0040s
  forward_time   =0.1264s
  loss_time      =0.0019s
  backward_time  =0.1679s
  optimizer_time =0.0072s
  batch_time     =0.3087s
  cuda_allocated_gb    =0.120
  cuda_reserved_gb     =10.279
  cuda_max_allocated_gb=8.434

train 5 rank0:   2%|â–         | 7/455 [00:02<02:26,  3.05it/s, loss=2.5383]
train 5 rank0:   2%|â–         | 8/455 [00:02<02:24,  3.09it/s, loss=2.5383][PROFILE rank=0 batch=8]
  data_time      =0.0006s
  to_device_time =0.0040s
  forward_time   =0.1284s
  loss_time      =0.0017s
  backward_time  =0.1682s
  optimizer_time =0.0076s
  batch_time     =0.3112s
  cuda_allocated_gb    =0.120
  cuda_reserved_gb     =10.279
  cuda_max_allocated_gb=8.434

train 5 rank0:   2%|â–         | 8/455 [00:03<02:24,  3.09it/s, loss=2.5400]
train 5 rank0:   2%|â–         | 9/455 [00:03<02:23,  3.12it/s, loss=2.5400][PROFILE rank=0 batch=9]
  data_time      =0.0007s
  to_device_time =0.0042s
  forward_time   =0.1259s
  loss_time      =0.0017s
  backward_time  =0.1678s
  optimizer_time =0.0074s
  batch_time     =0.3084s
  cuda_allocated_gb    =0.120
  cuda_reserved_gb     =10.279
  cuda_max_allocated_gb=8.434

train 5 rank0:   2%|â–         | 9/455 [00:03<02:23,  3.12it/s, loss=2.5619]
train 5 rank0:   2%|â–         | 10/455 [00:03<02:21,  3.14it/s, loss=2.5619][PROFILE rank=0 batch=10]
  data_time      =0.0007s
  to_device_time =0.0039s
  forward_time   =0.1275s
  loss_time      =0.0017s
  backward_time  =0.1698s
  optimizer_time =0.0071s
  batch_time     =0.3114s
  cuda_allocated_gb    =0.119
  cuda_reserved_gb     =10.279
  cuda_max_allocated_gb=8.434

train 5 rank0:   2%|â–         | 10/455 [00:03<02:21,  3.14it/s, loss=2.5193]
train 5 rank0:   2%|â–         | 11/455 [00:03<02:20,  3.15it/s, loss=2.5193][PROFILE rank=0 batch=11]
  data_time      =0.0006s
  to_device_time =0.0040s
  forward_time   =0.1280s
  loss_time      =0.0017s
  backward_time  =0.1687s
  optimizer_time =0.0074s
  batch_time     =0.3110s
  cuda_allocated_gb    =0.120
  cuda_reserved_gb     =10.279
  cuda_max_allocated_gb=8.434

train 5 rank0:   2%|â–         | 11/455 [00:04<02:20,  3.15it/s, loss=2.5112]
train 5 rank0:   3%|â–Ž         | 12/455 [00:04<02:20,  3.16it/s, loss=2.5112][PROFILE rank=0 batch=12]
  data_time      =0.0006s
  to_device_time =0.0040s
  forward_time   =0.1372s
  loss_time      =0.0031s
  backward_time  =0.1833s
  optimizer_time =0.0077s
  batch_time     =0.3370s
  cuda_allocated_gb    =0.120
  cuda_reserved_gb     =10.279
  cuda_max_allocated_gb=8.434

train 5 rank0:   3%|â–Ž         | 12/455 [00:04<02:20,  3.16it/s, loss=2.5237]
train 5 rank0:   3%|â–Ž         | 13/455 [00:04<02:23,  3.09it/s, loss=2.5237][PROFILE rank=0 batch=13]
  data_time      =0.0006s
  to_device_time =0.0023s
  forward_time   =0.1351s
  loss_time      =0.0030s
  backward_time  =0.1744s
  optimizer_time =0.0075s
  batch_time     =0.3236s
  cuda_allocated_gb    =0.120
  cuda_reserved_gb     =10.279
  cuda_max_allocated_gb=8.434

train 5 rank0:   3%|â–Ž         | 13/455 [00:04<02:23,  3.09it/s, loss=2.5709]
train 5 rank0:   3%|â–Ž         | 14/455 [00:04<02:23,  3.08it/s, loss=2.5709][PROFILE rank=0 batch=14]
  data_time      =0.0006s
  to_device_time =0.0039s
  forward_time   =0.1279s
  loss_time      =0.0017s
  backward_time  =0.1671s
  optimizer_time =0.0072s
  batch_time     =0.3088s
  cuda_allocated_gb    =0.119
  cuda_reserved_gb     =10.279
  cuda_max_allocated_gb=8.434

train 5 rank0:   3%|â–Ž         | 14/455 [00:05<02:23,  3.08it/s, loss=2.5751]
train 5 rank0:   3%|â–Ž         | 15/455 [00:05<02:21,  3.11it/s, loss=2.5751][PROFILE rank=0 batch=15]
  data_time      =0.0006s
  to_device_time =0.0025s
  forward_time   =0.0930s
  loss_time      =0.0018s
  backward_time  =0.1095s
  optimizer_time =0.0070s
  batch_time     =0.2156s
  cuda_allocated_gb    =0.090
  cuda_reserved_gb     =10.279
  cuda_max_allocated_gb=8.434

train 5 rank0:   3%|â–Ž         | 15/455 [00:05<02:21,  3.11it/s, loss=2.5310]
train 5 rank0:   4%|â–Ž         | 16/455 [00:05<02:07,  3.44it/s, loss=2.5310][PROFILE rank=0 batch=16]
  data_time      =0.0006s
  to_device_time =0.0039s
  forward_time   =0.1269s
  loss_time      =0.0018s
  backward_time  =0.1663s
  optimizer_time =0.0072s
  batch_time     =0.3075s
  cuda_allocated_gb    =0.122
  cuda_reserved_gb     =10.279
  cuda_max_allocated_gb=8.434

train 5 rank0:   4%|â–Ž         | 16/455 [00:05<02:07,  3.44it/s, loss=2.5567]
train 5 rank0:   4%|â–Ž         | 17/455 [00:05<02:10,  3.37it/s, loss=2.5567][PROFILE rank=0 batch=17]
  data_time      =0.0019s
  to_device_time =0.0036s
  forward_time   =0.1281s
  loss_time      =0.0018s
  backward_time  =0.1707s
  optimizer_time =0.0075s
  batch_time     =0.3129s
  cuda_allocated_gb    =0.119
  cuda_reserved_gb     =10.279
  cuda_max_allocated_gb=8.434

train 5 rank0:   4%|â–Ž         | 17/455 [00:05<02:10,  3.37it/s, loss=2.5652]
train 5 rank0:   4%|â–         | 18/455 [00:05<02:12,  3.30it/s, loss=2.5652][PROFILE rank=0 batch=18]
  data_time      =0.0006s
  to_device_time =0.0039s
  forward_time   =0.1267s
  loss_time      =0.0018s
  backward_time  =0.1680s
  optimizer_time =0.0072s
  batch_time     =0.3091s
  cuda_allocated_gb    =0.120
  cuda_reserved_gb     =10.279
  cuda_max_allocated_gb=8.434

train 5 rank0:   4%|â–         | 18/455 [00:06<02:12,  3.30it/s, loss=2.5412]
train 5 rank0:   4%|â–         | 19/455 [00:06<02:13,  3.26it/s, loss=2.5412][PROFILE rank=0 batch=19]
  data_time      =0.0006s
  to_device_time =0.0039s
  forward_time   =0.1272s
  loss_time      =0.0017s
  backward_time  =0.1695s
  optimizer_time =0.0079s
  batch_time     =0.3114s
  cuda_allocated_gb    =0.121
  cuda_reserved_gb     =10.279
  cuda_max_allocated_gb=8.434

[PROFILE average rank=0 first 20 batches (recorded=20)]
  avg_data_time      =0.0189s
  avg_to_device_time =0.0039s
  avg_forward_time   =0.1274s
  avg_loss_time      =0.0019s
  avg_backward_time  =0.1657s
  avg_optimizer_time =0.0074s
  avg_batch_time     =0.3077s
  estimated_full_epoch_minutes=2.33

train 5 rank0:   4%|â–         | 19/455 [00:06<02:13,  3.26it/s, loss=2.5783]
train 5 rank0:   4%|â–         | 20/455 [00:06<02:14,  3.23it/s, loss=2.5783]
train 5 rank0:   4%|â–         | 20/455 [00:06<02:14,  3.23it/s, loss=2.5449]
train 5 rank0:   5%|â–         | 21/455 [00:06<02:14,  3.24it/s, loss=2.5449]
train 5 rank0:   5%|â–         | 21/455 [00:07<02:14,  3.24it/s, loss=2.5418]
train 5 rank0:   5%|â–         | 22/455 [00:07<02:15,  3.20it/s, loss=2.5418]
train 5 rank0:   5%|â–         | 22/455 [00:07<02:15,  3.20it/s, loss=2.5066]
train 5 rank0:   5%|â–Œ         | 23/455 [00:07<02:14,  3.21it/s, loss=2.5066]
train 5 rank0:   5%|â–Œ         | 23/455 [00:07<02:14,  3.21it/s, loss=2.5445]
train 5 rank0:   5%|â–Œ         | 24/455 [00:07<02:14,  3.20it/s, loss=2.5445]
train 5 rank0:   5%|â–Œ         | 24/455 [00:08<02:14,  3.20it/s, loss=2.5401]
train 5 rank0:   5%|â–Œ         | 25/455 [00:08<02:14,  3.20it/s, loss=2.5401]
train 5 rank0:   5%|â–Œ         | 25/455 [00:08<02:14,  3.20it/s, loss=2.5757]
train 5 rank0:   6%|â–Œ         | 26/455 [00:08<02:14,  3.18it/s, loss=2.5757]
train 5 rank0:   6%|â–Œ         | 26/455 [00:08<02:14,  3.18it/s, loss=2.5473]
train 5 rank0:   6%|â–Œ         | 27/455 [00:08<02:14,  3.18it/s, loss=2.5473]
train 5 rank0:   6%|â–Œ         | 27/455 [00:09<02:14,  3.18it/s, loss=2.5470]
train 5 rank0:   6%|â–Œ         | 28/455 [00:09<02:14,  3.18it/s, loss=2.5470]
train 5 rank0:   6%|â–Œ         | 28/455 [00:09<02:14,  3.18it/s, loss=2.5321]
train 5 rank0:   6%|â–‹         | 29/455 [00:09<02:15,  3.14it/s, loss=2.5321]
train 5 rank0:   6%|â–‹         | 29/455 [00:09<02:15,  3.14it/s, loss=2.5372]
train 5 rank0:   7%|â–‹         | 30/455 [00:09<02:17,  3.09it/s, loss=2.5372]
                                                                            
/usr/local/lib/python3.12/dist-packages/torch/distributed/c10d_logger.py:83: UserWarning: barrier(): using the device under current context. You can specify `device_id` in `init_process_group` to mute this warning.
  return func(*args, **kwargs)

val:   0%|          | 0/57 [00:00<?, ?it/s]
val:   2%|â–         | 1/57 [00:00<00:27,  2.04it/s]
val:   4%|â–Ž         | 2/57 [00:00<00:19,  2.88it/s]
val:   5%|â–Œ         | 3/57 [00:00<00:16,  3.29it/s]
val:   7%|â–‹         | 4/57 [00:01<00:14,  3.54it/s]
val:   9%|â–‰         | 5/57 [00:01<00:14,  3.66it/s]
val:  11%|â–ˆ         | 6/57 [00:01<00:13,  3.76it/s]
val:  12%|â–ˆâ–        | 7/57 [00:02<00:13,  3.80it/s]
val:  14%|â–ˆâ–        | 8/57 [00:02<00:12,  3.85it/s]
val:  16%|â–ˆâ–Œ        | 9/57 [00:02<00:12,  3.88it/s]
val:  18%|â–ˆâ–Š        | 10/57 [00:02<00:12,  3.91it/s]
                                                    
Epoch 005/015 | loss=2.5427 acc=0.1424 macro_f1=0.1294 | val_loss=2.5331 val_acc=0.1266 val_macro_f1=0.0917 | ckpt_monitor=val_macro_f1:0.0917 best_val_macro_f1=0.1096 best_epoch=4 early_val_macro_f1=0.1096 sec/batch=0.327s cuda_rankmax=8.434GB
          val pred_count: [339, 141, 73, 50, 34, 3, 0]
          no improvement: 1/12
/usr/local/lib/python3.12/dist-packages/torch/distributed/c10d_logger.py:83: UserWarning: barrier(): using the device under current context. You can specify `device_id` in `init_process_group` to mute this warning.
  return func(*args, **kwargs)

train 6 rank0:   0%|          | 0/455 [00:00<?, ?it/s][PROFILE rank=0 batch=0]
  data_time      =0.4291s
  to_device_time =0.0040s
  forward_time   =0.1319s
  loss_time      =0.0015s
  backward_time  =0.1742s
  optimizer_time =0.0077s
  batch_time     =0.3229s
  cuda_allocated_gb    =0.119
  cuda_reserved_gb     =10.279
  cuda_max_allocated_gb=8.434

train 6 rank0:   0%|          | 0/455 [00:00<?, ?it/s, loss=2.5523]
train 6 rank0:   0%|          | 1/455 [00:00<05:42,  1.32it/s, loss=2.5523][PROFILE rank=0 batch=1]
  data_time      =0.0006s
  to_device_time =0.0038s
  forward_time   =0.1301s
  loss_time      =0.0018s
  backward_time  =0.1734s
  optimizer_time =0.0074s
  batch_time     =0.3177s
  cuda_allocated_gb    =0.119
  cuda_reserved_gb     =10.279
  cuda_max_allocated_gb=8.434

train 6 rank0:   0%|          | 1/455 [00:01<05:42,  1.32it/s, loss=2.5209]
train 6 rank0:   0%|          | 2/455 [00:01<03:46,  2.00it/s, loss=2.5209][PROFILE rank=0 batch=2]
  data_time      =0.0006s
  to_device_time =0.0027s
  forward_time   =0.1333s
  loss_time      =0.0017s
  backward_time  =0.1739s
  optimizer_time =0.0079s
  batch_time     =0.3206s
  cuda_allocated_gb    =0.120
  cuda_reserved_gb     =10.279
  cuda_max_allocated_gb=8.434

train 6 rank0:   0%|          | 2/455 [00:01<03:46,  2.00it/s, loss=2.5402]
train 6 rank0:   1%|          | 3/455 [00:01<03:09,  2.38it/s, loss=2.5402][PROFILE rank=0 batch=3]
  data_time      =0.0006s
  to_device_time =0.0039s
  forward_time   =0.1303s
  loss_time      =0.0018s
  backward_time  =0.1728s
  optimizer_time =0.0074s
  batch_time     =0.3174s
  cuda_allocated_gb    =0.121
  cuda_reserved_gb     =10.279
  cuda_max_allocated_gb=8.434

train 6 rank0:   1%|          | 3/455 [00:01<03:09,  2.38it/s, loss=2.5678]
train 6 rank0:   1%|          | 4/455 [00:01<02:51,  2.62it/s, loss=2.5678][PROFILE rank=0 batch=4]
  data_time      =0.0006s
  to_device_time =0.0040s
  forward_time   =0.1304s
  loss_time      =0.0019s
  backward_time  =0.1739s
  optimizer_time =0.0074s
  batch_time     =0.3189s
  cuda_allocated_gb    =0.120
  cuda_reserved_gb     =10.279
  cuda_max_allocated_gb=8.434

train 6 rank0:   1%|          | 4/455 [00:02<02:51,  2.62it/s, loss=2.5522]
train 6 rank0:   1%|          | 5/455 [00:02<02:42,  2.78it/s, loss=2.5522][PROFILE rank=0 batch=5]
  data_time      =0.0009s
  to_device_time =0.0039s
  forward_time   =0.1306s
  loss_time      =0.0020s
  backward_time  =0.1732s
  optimizer_time =0.0073s
  batch_time     =0.3182s
  cuda_allocated_gb    =0.120
  cuda_reserved_gb     =10.279
  cuda_max_allocated_gb=8.434

train 6 rank0:   1%|          | 5/455 [00:02<02:42,  2.78it/s, loss=2.5319]
train 6 rank0:   1%|â–         | 6/455 [00:02<02:35,  2.88it/s, loss=2.5319][PROFILE rank=0 batch=6]
  data_time      =0.0035s
  to_device_time =0.0037s
  forward_time   =0.1297s
  loss_time      =0.0018s
  backward_time  =0.1758s
  optimizer_time =0.0081s
  batch_time     =0.3202s
  cuda_allocated_gb    =0.119
  cuda_reserved_gb     =10.279
  cuda_max_allocated_gb=8.434

train 6 rank0:   1%|â–         | 6/455 [00:02<02:35,  2.88it/s, loss=2.5567]
train 6 rank0:   2%|â–         | 7/455 [00:02<02:32,  2.93it/s, loss=2.5567][PROFILE rank=0 batch=7]
  data_time      =0.0006s
  to_device_time =0.0040s
  forward_time   =0.1287s
  loss_time      =0.0017s
  backward_time  =0.1801s
  optimizer_time =0.0073s
  batch_time     =0.3231s
  cuda_allocated_gb    =0.120
  cuda_reserved_gb     =10.279
  cuda_max_allocated_gb=8.434

train 6 rank0:   2%|â–         | 7/455 [00:03<02:32,  2.93it/s, loss=2.5595]
train 6 rank0:   2%|â–         | 8/455 [00:03<02:30,  2.97it/s, loss=2.5595][PROFILE rank=0 batch=8]
  data_time      =0.0005s
  to_device_time =0.0040s
  forward_time   =0.1309s
  loss_time      =0.0018s
  backward_time  =0.1745s
  optimizer_time =0.0077s
  batch_time     =0.3202s
  cuda_allocated_gb    =0.120
  cuda_reserved_gb     =10.279
  cuda_max_allocated_gb=8.434

train 6 rank0:   2%|â–         | 8/455 [00:03<02:30,  2.97it/s, loss=2.5425]
train 6 rank0:   2%|â–         | 9/455 [00:03<02:28,  3.01it/s, loss=2.5425][PROFILE rank=0 batch=9]
  data_time      =0.0008s
  to_device_time =0.0041s
  forward_time   =0.1305s
  loss_time      =0.0017s
  backward_time  =0.1762s
  optimizer_time =0.0073s
  batch_time     =0.3211s
  cuda_allocated_gb    =0.120
  cuda_reserved_gb     =10.279
  cuda_max_allocated_gb=8.434

train 6 rank0:   2%|â–         | 9/455 [00:03<02:28,  3.01it/s, loss=2.5512]
train 6 rank0:   2%|â–         | 10/455 [00:03<02:27,  3.03it/s, loss=2.5512][PROFILE rank=0 batch=10]
  data_time      =0.0006s
  to_device_time =0.0041s
  forward_time   =0.1309s
  loss_time      =0.0018s
  backward_time  =0.1737s
  optimizer_time =0.0071s
  batch_time     =0.3190s
  cuda_allocated_gb    =0.119
  cuda_reserved_gb     =10.279
  cuda_max_allocated_gb=8.434

train 6 rank0:   2%|â–         | 10/455 [00:03<02:27,  3.03it/s, loss=2.5195]
train 6 rank0:   2%|â–         | 11/455 [00:03<02:25,  3.05it/s, loss=2.5195][PROFILE rank=0 batch=11]
  data_time      =0.0006s
  to_device_time =0.0040s
  forward_time   =0.1310s
  loss_time      =0.0017s
  backward_time  =0.1754s
  optimizer_time =0.0077s
  batch_time     =0.3208s
  cuda_allocated_gb    =0.120
  cuda_reserved_gb     =10.279
  cuda_max_allocated_gb=8.434

train 6 rank0:   2%|â–         | 11/455 [00:04<02:25,  3.05it/s, loss=2.5638]
train 6 rank0:   3%|â–Ž         | 12/455 [00:04<02:24,  3.06it/s, loss=2.5638][PROFILE rank=0 batch=12]
  data_time      =0.0006s
  to_device_time =0.0039s
  forward_time   =0.1400s
  loss_time      =0.0029s
  backward_time  =0.1847s
  optimizer_time =0.0084s
  batch_time     =0.3416s
  cuda_allocated_gb    =0.120
  cuda_reserved_gb     =10.279
  cuda_max_allocated_gb=8.434

train 6 rank0:   3%|â–Ž         | 12/455 [00:04<02:24,  3.06it/s, loss=2.5355]
train 6 rank0:   3%|â–Ž         | 13/455 [00:04<02:27,  3.00it/s, loss=2.5355][PROFILE rank=0 batch=13]
  data_time      =0.0006s
  to_device_time =0.0021s
  forward_time   =0.1397s
  loss_time      =0.0031s
  backward_time  =0.1824s
  optimizer_time =0.0075s
  batch_time     =0.3364s
  cuda_allocated_gb    =0.120
  cuda_reserved_gb     =10.279
  cuda_max_allocated_gb=8.434

train 6 rank0:   3%|â–Ž         | 13/455 [00:05<02:27,  3.00it/s, loss=2.5275]
train 6 rank0:   3%|â–Ž         | 14/455 [00:05<02:27,  2.98it/s, loss=2.5275][PROFILE rank=0 batch=14]
  data_time      =0.0007s
  to_device_time =0.0040s
  forward_time   =0.1294s
  loss_time      =0.0017s
  backward_time  =0.1717s
  optimizer_time =0.0072s
  batch_time     =0.3153s
  cuda_allocated_gb    =0.119
  cuda_reserved_gb     =10.279
  cuda_max_allocated_gb=8.434

train 6 rank0:   3%|â–Ž         | 14/455 [00:05<02:27,  2.98it/s, loss=2.5525]
train 6 rank0:   3%|â–Ž         | 15/455 [00:05<02:25,  3.03it/s, loss=2.5525][PROFILE rank=0 batch=15]
  data_time      =0.0006s
  to_device_time =0.0026s
  forward_time   =0.0932s
  loss_time      =0.0023s
  backward_time  =0.1170s
  optimizer_time =0.0075s
  batch_time     =0.2300s
  cuda_allocated_gb    =0.090
  cuda_reserved_gb     =10.279
  cuda_max_allocated_gb=8.434

train 6 rank0:   3%|â–Ž         | 15/455 [00:05<02:25,  3.03it/s, loss=2.5300]
train 6 rank0:   4%|â–Ž         | 16/455 [00:05<02:12,  3.32it/s, loss=2.5300][PROFILE rank=0 batch=16]
  data_time      =0.0006s
  to_device_time =0.0040s
  forward_time   =0.1272s
  loss_time      =0.0017s
  backward_time  =0.1759s
  optimizer_time =0.0071s
  batch_time     =0.3171s
  cuda_allocated_gb    =0.122
  cuda_reserved_gb     =10.279
  cuda_max_allocated_gb=8.434

train 6 rank0:   4%|â–Ž         | 16/455 [00:05<02:12,  3.32it/s, loss=2.5290]
train 6 rank0:   4%|â–Ž         | 17/455 [00:05<02:14,  3.25it/s, loss=2.5290][PROFILE rank=0 batch=17]
  data_time      =0.0004s
  to_device_time =0.0041s
  forward_time   =0.1309s
  loss_time      =0.0019s
  backward_time  =0.1749s
  optimizer_time =0.0073s
  batch_time     =0.3206s
  cuda_allocated_gb    =0.119
  cuda_reserved_gb     =10.279
  cuda_max_allocated_gb=8.434

train 6 rank0:   4%|â–Ž         | 17/455 [00:06<02:14,  3.25it/s, loss=2.5467]
train 6 rank0:   4%|â–         | 18/455 [00:06<02:16,  3.20it/s, loss=2.5467][PROFILE rank=0 batch=18]
  data_time      =0.0010s
  to_device_time =0.0039s
  forward_time   =0.1299s
  loss_time      =0.0017s
  backward_time  =0.1721s
  optimizer_time =0.0070s
  batch_time     =0.3159s
  cuda_allocated_gb    =0.120
  cuda_reserved_gb     =10.279
  cuda_max_allocated_gb=8.434

train 6 rank0:   4%|â–         | 18/455 [00:06<02:16,  3.20it/s, loss=2.5563]
train 6 rank0:   4%|â–         | 19/455 [00:06<02:17,  3.18it/s, loss=2.5563][PROFILE rank=0 batch=19]
  data_time      =0.0006s
  to_device_time =0.0041s
  forward_time   =0.1340s
  loss_time      =0.0018s
  backward_time  =0.1708s
  optimizer_time =0.0076s
  batch_time     =0.3198s
  cuda_allocated_gb    =0.121
  cuda_reserved_gb     =10.279
  cuda_max_allocated_gb=8.434

[PROFILE average rank=0 first 20 batches (recorded=20)]
  avg_data_time      =0.0222s
  avg_to_device_time =0.0037s
  avg_forward_time   =0.1296s
  avg_loss_time      =0.0019s
  avg_backward_time  =0.1723s
  avg_optimizer_time =0.0075s
  avg_batch_time     =0.3168s
  estimated_full_epoch_minutes=2.40

train 6 rank0:   4%|â–         | 19/455 [00:06<02:17,  3.18it/s, loss=2.5332]
train 6 rank0:   4%|â–         | 20/455 [00:06<02:18,  3.15it/s, loss=2.5332]
train 6 rank0:   4%|â–         | 20/455 [00:07<02:18,  3.15it/s, loss=2.5301]
train 6 rank0:   5%|â–         | 21/455 [00:07<02:19,  3.11it/s, loss=2.5301]
train 6 rank0:   5%|â–         | 21/455 [00:07<02:19,  3.11it/s, loss=2.5340]
train 6 rank0:   5%|â–         | 22/455 [00:07<02:18,  3.12it/s, loss=2.5340]
train 6 rank0:   5%|â–         | 22/455 [00:07<02:18,  3.12it/s, loss=2.5100]
train 6 rank0:   5%|â–Œ         | 23/455 [00:07<02:18,  3.12it/s, loss=2.5100]
train 6 rank0:   5%|â–Œ         | 23/455 [00:08<02:18,  3.12it/s, loss=2.5409]
train 6 rank0:   5%|â–Œ         | 24/455 [00:08<02:17,  3.14it/s, loss=2.5409]
train 6 rank0:   5%|â–Œ         | 24/455 [00:08<02:17,  3.14it/s, loss=2.5543]
train 6 rank0:   5%|â–Œ         | 25/455 [00:08<02:17,  3.13it/s, loss=2.5543]
train 6 rank0:   5%|â–Œ         | 25/455 [00:08<02:17,  3.13it/s, loss=2.5365]
train 6 rank0:   6%|â–Œ         | 26/455 [00:08<02:16,  3.15it/s, loss=2.5365]
train 6 rank0:   6%|â–Œ         | 26/455 [00:09<02:16,  3.15it/s, loss=2.5414]
train 6 rank0:   6%|â–Œ         | 27/455 [00:09<02:15,  3.16it/s, loss=2.5414]
train 6 rank0:   6%|â–Œ         | 27/455 [00:09<02:15,  3.16it/s, loss=2.5550]
train 6 rank0:   6%|â–Œ         | 28/455 [00:09<02:14,  3.17it/s, loss=2.5550]
train 6 rank0:   6%|â–Œ         | 28/455 [00:09<02:14,  3.17it/s, loss=2.5576]
train 6 rank0:   6%|â–‹         | 29/455 [00:09<02:15,  3.14it/s, loss=2.5576]
train 6 rank0:   6%|â–‹         | 29/455 [00:10<02:15,  3.14it/s, loss=2.5270]
train 6 rank0:   7%|â–‹         | 30/455 [00:10<02:22,  2.99it/s, loss=2.5270]
                                                                            
/usr/local/lib/python3.12/dist-packages/torch/distributed/c10d_logger.py:83: UserWarning: barrier(): using the device under current context. You can specify `device_id` in `init_process_group` to mute this warning.
  return func(*args, **kwargs)

val:   0%|          | 0/57 [00:00<?, ?it/s]
val:   2%|â–         | 1/57 [00:00<00:25,  2.21it/s]
val:   4%|â–Ž         | 2/57 [00:00<00:18,  3.02it/s]
val:   5%|â–Œ         | 3/57 [00:00<00:15,  3.40it/s]
val:   7%|â–‹         | 4/57 [00:01<00:14,  3.65it/s]
val:   9%|â–‰         | 5/57 [00:01<00:13,  3.78it/s]
val:  11%|â–ˆ         | 6/57 [00:01<00:13,  3.85it/s]
val:  12%|â–ˆâ–        | 7/57 [00:01<00:12,  3.90it/s]
val:  14%|â–ˆâ–        | 8/57 [00:02<00:12,  3.96it/s]
val:  16%|â–ˆâ–Œ        | 9/57 [00:02<00:12,  3.97it/s]
val:  18%|â–ˆâ–Š        | 10/57 [00:02<00:11,  3.98it/s]
                                                    
Epoch 006/015 | loss=2.5401 acc=0.1382 macro_f1=0.1268 | val_loss=2.5331 val_acc=0.1547 val_macro_f1=0.1084 | ckpt_monitor=val_macro_f1:0.1084 best_val_macro_f1=0.1096 best_epoch=4 early_val_macro_f1=0.1096 sec/batch=0.338s cuda_rankmax=8.434GB
          val pred_count: [285, 142, 144, 55, 14, 0, 0]
          no improvement: 2/12
/usr/local/lib/python3.12/dist-packages/torch/distributed/c10d_logger.py:83: UserWarning: barrier(): using the device under current context. You can specify `device_id` in `init_process_group` to mute this warning.
  return func(*args, **kwargs)

train 7 rank0:   0%|          | 0/455 [00:00<?, ?it/s][PROFILE rank=0 batch=0]
  data_time      =0.3198s
  to_device_time =0.0046s
  forward_time   =0.1372s
  loss_time      =0.0017s
  backward_time  =0.1678s
  optimizer_time =0.0073s
  batch_time     =0.3201s
  cuda_allocated_gb    =0.119
  cuda_reserved_gb     =10.279
  cuda_max_allocated_gb=8.434

train 7 rank0:   0%|          | 0/455 [00:00<?, ?it/s, loss=2.5534]
train 7 rank0:   0%|          | 1/455 [00:00<04:51,  1.56it/s, loss=2.5534][PROFILE rank=0 batch=1]
  data_time      =0.0029s
  to_device_time =0.0036s
  forward_time   =0.1262s
  loss_time      =0.0017s
  backward_time  =0.1683s
  optimizer_time =0.0073s
  batch_time     =0.3084s
  cuda_allocated_gb    =0.119
  cuda_reserved_gb     =10.279
  cuda_max_allocated_gb=8.434

train 7 rank0:   0%|          | 1/455 [00:00<04:51,  1.56it/s, loss=2.5344]
train 7 rank0:   0%|          | 2/455 [00:00<03:23,  2.22it/s, loss=2.5344][PROFILE rank=0 batch=2]
  data_time      =0.0006s
  to_device_time =0.0041s
  forward_time   =0.1275s
  loss_time      =0.0017s
  backward_time  =0.1682s
  optimizer_time =0.0076s
  batch_time     =0.3105s
  cuda_allocated_gb    =0.120
  cuda_reserved_gb     =10.279
  cuda_max_allocated_gb=8.434

train 7 rank0:   0%|          | 2/455 [00:01<03:23,  2.22it/s, loss=2.5312]
train 7 rank0:   1%|          | 3/455 [00:01<02:55,  2.58it/s, loss=2.5312][PROFILE rank=0 batch=3]
  data_time      =0.0016s
  to_device_time =0.0038s
  forward_time   =0.1249s
  loss_time      =0.0028s
  backward_time  =0.1659s
  optimizer_time =0.0076s
  batch_time     =0.3066s
  cuda_allocated_gb    =0.121
  cuda_reserved_gb     =10.279
  cuda_max_allocated_gb=8.434

train 7 rank0:   1%|          | 3/455 [00:01<02:55,  2.58it/s, loss=2.5386]
train 7 rank0:   1%|          | 4/455 [00:01<02:41,  2.79it/s, loss=2.5386][PROFILE rank=0 batch=4]
  data_time      =0.0006s
  to_device_time =0.0040s
  forward_time   =0.1266s
  loss_time      =0.0019s
  backward_time  =0.1658s
  optimizer_time =0.0071s
  batch_time     =0.3067s
  cuda_allocated_gb    =0.120
  cuda_reserved_gb     =10.279
  cuda_max_allocated_gb=8.434

train 7 rank0:   1%|          | 4/455 [00:01<02:41,  2.79it/s, loss=2.5349]
train 7 rank0:   1%|          | 5/455 [00:01<02:33,  2.93it/s, loss=2.5349][PROFILE rank=0 batch=5]
  data_time      =0.0005s
  to_device_time =0.0058s
  forward_time   =0.1275s
  loss_time      =0.0018s
  backward_time  =0.1654s
  optimizer_time =0.0073s
  batch_time     =0.3090s
  cuda_allocated_gb    =0.120
  cuda_reserved_gb     =10.279
  cuda_max_allocated_gb=8.434

train 7 rank0:   1%|          | 5/455 [00:02<02:33,  2.93it/s, loss=2.5398]
train 7 rank0:   1%|â–         | 6/455 [00:02<02:28,  3.02it/s, loss=2.5398][PROFILE rank=0 batch=6]
  data_time      =0.0005s
  to_device_time =0.0041s
  forward_time   =0.1251s
  loss_time      =0.0018s
  backward_time  =0.1653s
  optimizer_time =0.0069s
  batch_time     =0.3045s
  cuda_allocated_gb    =0.119
  cuda_reserved_gb     =10.279
  cuda_max_allocated_gb=8.434

train 7 rank0:   1%|â–         | 6/455 [00:02<02:28,  3.02it/s, loss=2.5112]
train 7 rank0:   2%|â–         | 7/455 [00:02<02:25,  3.09it/s, loss=2.5112][PROFILE rank=0 batch=7]
  data_time      =0.0019s
  to_device_time =0.0038s
  forward_time   =0.1242s
  loss_time      =0.0018s
  backward_time  =0.1668s
  optimizer_time =0.0074s
  batch_time     =0.3051s
  cuda_allocated_gb    =0.120
  cuda_reserved_gb     =10.279
  cuda_max_allocated_gb=8.434

train 7 rank0:   2%|â–         | 7/455 [00:02<02:25,  3.09it/s, loss=2.5270]
train 7 rank0:   2%|â–         | 8/455 [00:02<02:22,  3.13it/s, loss=2.5270][PROFILE rank=0 batch=8]
  data_time      =0.0006s
  to_device_time =0.0040s
  forward_time   =0.1303s
  loss_time      =0.0019s
  backward_time  =0.1652s
  optimizer_time =0.0072s
  batch_time     =0.3099s
  cuda_allocated_gb    =0.120
  cuda_reserved_gb     =10.279
  cuda_max_allocated_gb=8.434

train 7 rank0:   2%|â–         | 8/455 [00:03<02:22,  3.13it/s, loss=2.5396]
train 7 rank0:   2%|â–         | 9/455 [00:03<02:21,  3.15it/s, loss=2.5396][PROFILE rank=0 batch=9]
  data_time      =0.0006s
  to_device_time =0.0040s
  forward_time   =0.1258s
  loss_time      =0.0018s
  backward_time  =0.1662s
  optimizer_time =0.0072s
  batch_time     =0.3065s
  cuda_allocated_gb    =0.120
  cuda_reserved_gb     =10.279
  cuda_max_allocated_gb=8.434

train 7 rank0:   2%|â–         | 9/455 [00:03<02:21,  3.15it/s, loss=2.5411]
train 7 rank0:   2%|â–         | 10/455 [00:03<02:20,  3.17it/s, loss=2.5411][PROFILE rank=0 batch=10]
  data_time      =0.0007s
  to_device_time =0.0039s
  forward_time   =0.1265s
  loss_time      =0.0017s
  backward_time  =0.1657s
  optimizer_time =0.0074s
  batch_time     =0.3064s
  cuda_allocated_gb    =0.119
  cuda_reserved_gb     =10.279
  cuda_max_allocated_gb=8.434

train 7 rank0:   2%|â–         | 10/455 [00:03<02:20,  3.17it/s, loss=2.5265]
train 7 rank0:   2%|â–         | 11/455 [00:03<02:19,  3.18it/s, loss=2.5265][PROFILE rank=0 batch=11]
  data_time      =0.0006s
  to_device_time =0.0040s
  forward_time   =0.1273s
  loss_time      =0.0018s
  backward_time  =0.1652s
  optimizer_time =0.0072s
  batch_time     =0.3069s
  cuda_allocated_gb    =0.120
  cuda_reserved_gb     =10.279
  cuda_max_allocated_gb=8.434

train 7 rank0:   2%|â–         | 11/455 [00:04<02:19,  3.18it/s, loss=2.5588]
train 7 rank0:   3%|â–Ž         | 12/455 [00:04<02:18,  3.19it/s, loss=2.5588][PROFILE rank=0 batch=12]
  data_time      =0.0006s
  to_device_time =0.0041s
  forward_time   =0.1325s
  loss_time      =0.0027s
  backward_time  =0.1726s
  optimizer_time =0.0073s
  batch_time     =0.3208s
  cuda_allocated_gb    =0.120
  cuda_reserved_gb     =10.279
  cuda_max_allocated_gb=8.434

train 7 rank0:   3%|â–Ž         | 12/455 [00:04<02:18,  3.19it/s, loss=2.5629]
train 7 rank0:   3%|â–Ž         | 13/455 [00:04<02:19,  3.16it/s, loss=2.5629][PROFILE rank=0 batch=13]
  data_time      =0.0004s
  to_device_time =0.0039s
  forward_time   =0.1341s
  loss_time      =0.0024s
  backward_time  =0.1741s
  optimizer_time =0.0074s
  batch_time     =0.3231s
  cuda_allocated_gb    =0.120
  cuda_reserved_gb     =10.279
  cuda_max_allocated_gb=8.434

train 7 rank0:   3%|â–Ž         | 13/455 [00:04<02:19,  3.16it/s, loss=2.5456]
train 7 rank0:   3%|â–Ž         | 14/455 [00:04<02:21,  3.13it/s, loss=2.5456][PROFILE rank=0 batch=14]
  data_time      =0.0006s
  to_device_time =0.0039s
  forward_time   =0.1258s
  loss_time      =0.0018s
  backward_time  =0.1664s
  optimizer_time =0.0074s
  batch_time     =0.3066s
  cuda_allocated_gb    =0.119
  cuda_reserved_gb     =10.279
  cuda_max_allocated_gb=8.434

train 7 rank0:   3%|â–Ž         | 14/455 [00:05<02:21,  3.13it/s, loss=2.5396]
train 7 rank0:   3%|â–Ž         | 15/455 [00:05<02:19,  3.15it/s, loss=2.5396][PROFILE rank=0 batch=15]
  data_time      =0.0006s
  to_device_time =0.0024s
  forward_time   =0.0909s
  loss_time      =0.0094s
  backward_time  =0.1084s
  optimizer_time =0.0074s
  batch_time     =0.2211s
  cuda_allocated_gb    =0.090
  cuda_reserved_gb     =10.279
  cuda_max_allocated_gb=8.434

train 7 rank0:   3%|â–Ž         | 15/455 [00:05<02:19,  3.15it/s, loss=2.5266]
train 7 rank0:   4%|â–Ž         | 16/455 [00:05<02:07,  3.46it/s, loss=2.5266][PROFILE rank=0 batch=16]
  data_time      =0.0007s
  to_device_time =0.0040s
  forward_time   =0.1255s
  loss_time      =0.0017s
  backward_time  =0.1645s
  optimizer_time =0.0072s
  batch_time     =0.3042s
  cuda_allocated_gb    =0.122
  cuda_reserved_gb     =10.279
  cuda_max_allocated_gb=8.434

train 7 rank0:   4%|â–Ž         | 16/455 [00:05<02:07,  3.46it/s, loss=2.5596]
train 7 rank0:   4%|â–Ž         | 17/455 [00:05<02:09,  3.39it/s, loss=2.5596][PROFILE rank=0 batch=17]
  data_time      =0.0004s
  to_device_time =0.0041s
  forward_time   =0.1261s
  loss_time      =0.0018s
  backward_time  =0.1651s
  optimizer_time =0.0073s
  batch_time     =0.3057s
  cuda_allocated_gb    =0.119
  cuda_reserved_gb     =10.279
  cuda_max_allocated_gb=8.434

train 7 rank0:   4%|â–Ž         | 17/455 [00:05<02:09,  3.39it/s, loss=2.5541]
train 7 rank0:   4%|â–         | 18/455 [00:05<02:10,  3.34it/s, loss=2.5541][PROFILE rank=0 batch=18]
  data_time      =0.0006s
  to_device_time =0.0040s
  forward_time   =0.1277s
  loss_time      =0.0017s
  backward_time  =0.1646s
  optimizer_time =0.0072s
  batch_time     =0.3064s
  cuda_allocated_gb    =0.120
  cuda_reserved_gb     =10.279
  cuda_max_allocated_gb=8.434

train 7 rank0:   4%|â–         | 18/455 [00:06<02:10,  3.34it/s, loss=2.5428]
train 7 rank0:   4%|â–         | 19/455 [00:06<02:12,  3.30it/s, loss=2.5428][PROFILE rank=0 batch=19]
  data_time      =0.0006s
  to_device_time =0.0040s
  forward_time   =0.1261s
  loss_time      =0.0018s
  backward_time  =0.1646s
  optimizer_time =0.0074s
  batch_time     =0.3053s
  cuda_allocated_gb    =0.121
  cuda_reserved_gb     =10.279
  cuda_max_allocated_gb=8.434

[PROFILE average rank=0 first 20 batches (recorded=20)]
  avg_data_time      =0.0168s
  avg_to_device_time =0.0040s
  avg_forward_time   =0.1259s
  avg_loss_time      =0.0023s
  avg_backward_time  =0.1638s
  avg_optimizer_time =0.0073s
  avg_batch_time     =0.3047s
  estimated_full_epoch_minutes=2.31

train 7 rank0:   4%|â–         | 19/455 [00:06<02:12,  3.30it/s, loss=2.5448]
train 7 rank0:   4%|â–         | 20/455 [00:06<02:12,  3.28it/s, loss=2.5448]
train 7 rank0:   4%|â–         | 20/455 [00:06<02:12,  3.28it/s, loss=2.5393]
train 7 rank0:   5%|â–         | 21/455 [00:06<02:12,  3.29it/s, loss=2.5393]
train 7 rank0:   5%|â–         | 21/455 [00:07<02:12,  3.29it/s, loss=2.5520]
train 7 rank0:   5%|â–         | 22/455 [00:07<02:11,  3.29it/s, loss=2.5520]
train 7 rank0:   5%|â–         | 22/455 [00:07<02:11,  3.29it/s, loss=2.5400]
train 7 rank0:   5%|â–Œ         | 23/455 [00:07<02:11,  3.29it/s, loss=2.5400]
train 7 rank0:   5%|â–Œ         | 23/455 [00:07<02:11,  3.29it/s, loss=2.5666]
train 7 rank0:   5%|â–Œ         | 24/455 [00:07<02:11,  3.29it/s, loss=2.5666]
train 7 rank0:   5%|â–Œ         | 24/455 [00:08<02:11,  3.29it/s, loss=2.5099]
train 7 rank0:   5%|â–Œ         | 25/455 [00:08<02:10,  3.29it/s, loss=2.5099]
train 7 rank0:   5%|â–Œ         | 25/455 [00:08<02:10,  3.29it/s, loss=2.5512]
train 7 rank0:   6%|â–Œ         | 26/455 [00:08<02:10,  3.29it/s, loss=2.5512]
train 7 rank0:   6%|â–Œ         | 26/455 [00:08<02:10,  3.29it/s, loss=2.5461]
train 7 rank0:   6%|â–Œ         | 27/455 [00:08<02:09,  3.30it/s, loss=2.5461]
train 7 rank0:   6%|â–Œ         | 27/455 [00:08<02:09,  3.30it/s, loss=2.5343]
train 7 rank0:   6%|â–Œ         | 28/455 [00:08<02:09,  3.31it/s, loss=2.5343]
train 7 rank0:   6%|â–Œ         | 28/455 [00:09<02:09,  3.31it/s, loss=2.5467]
train 7 rank0:   6%|â–‹         | 29/455 [00:09<02:10,  3.26it/s, loss=2.5467]
train 7 rank0:   6%|â–‹         | 29/455 [00:09<02:10,  3.26it/s, loss=2.5249]
train 7 rank0:   7%|â–‹         | 30/455 [00:09<02:11,  3.23it/s, loss=2.5249]
                                                                            
/usr/local/lib/python3.12/dist-packages/torch/distributed/c10d_logger.py:83: UserWarning: barrier(): using the device under current context. You can specify `device_id` in `init_process_group` to mute this warning.
  return func(*args, **kwargs)

val:   0%|          | 0/57 [00:00<?, ?it/s]
val:   2%|â–         | 1/57 [00:00<00:27,  2.04it/s]
val:   4%|â–Ž         | 2/57 [00:00<00:18,  2.91it/s]
val:   5%|â–Œ         | 3/57 [00:00<00:15,  3.38it/s]
val:   7%|â–‹         | 4/57 [00:01<00:14,  3.66it/s]
val:   9%|â–‰         | 5/57 [00:01<00:13,  3.83it/s]
val:  11%|â–ˆ         | 6/57 [00:01<00:12,  3.94it/s]
val:  12%|â–ˆâ–        | 7/57 [00:01<00:12,  3.99it/s]
val:  14%|â–ˆâ–        | 8/57 [00:02<00:12,  4.04it/s]
val:  16%|â–ˆâ–Œ        | 9/57 [00:02<00:11,  4.07it/s]
val:  18%|â–ˆâ–Š        | 10/57 [00:02<00:11,  4.09it/s]
                                                    
Epoch 007/015 | loss=2.5388 acc=0.1387 macro_f1=0.1286 | val_loss=2.5331 val_acc=0.1453 val_macro_f1=0.0830 | ckpt_monitor=val_macro_f1:0.0830 best_val_macro_f1=0.1096 best_epoch=4 early_val_macro_f1=0.1096 sec/batch=0.320s cuda_rankmax=8.434GB
          val pred_count: [464, 54, 68, 35, 19, 0, 0]
          no improvement: 3/12
/usr/local/lib/python3.12/dist-packages/torch/distributed/c10d_logger.py:83: UserWarning: barrier(): using the device under current context. You can specify `device_id` in `init_process_group` to mute this warning.
  return func(*args, **kwargs)

train 8 rank0:   0%|          | 0/455 [00:00<?, ?it/s][PROFILE rank=0 batch=0]
  data_time      =0.3500s
  to_device_time =0.0039s
  forward_time   =0.1257s
  loss_time      =0.0016s
  backward_time  =0.1633s
  optimizer_time =0.0073s
  batch_time     =0.3037s
  cuda_allocated_gb    =0.119
  cuda_reserved_gb     =10.279
  cuda_max_allocated_gb=8.434

train 8 rank0:   0%|          | 0/455 [00:00<?, ?it/s, loss=2.5489]
train 8 rank0:   0%|          | 1/455 [00:00<04:58,  1.52it/s, loss=2.5489][PROFILE rank=0 batch=1]
  data_time      =0.0004s
  to_device_time =0.0039s
  forward_time   =0.1254s
  loss_time      =0.0019s
  backward_time  =0.1601s
  optimizer_time =0.0074s
  batch_time     =0.3000s
  cuda_allocated_gb    =0.119
  cuda_reserved_gb     =10.279
  cuda_max_allocated_gb=8.434

train 8 rank0:   0%|          | 1/455 [00:00<04:58,  1.52it/s, loss=2.5528]
train 8 rank0:   0%|          | 2/455 [00:00<03:23,  2.23it/s, loss=2.5528][PROFILE rank=0 batch=2]
  data_time      =0.0006s
  to_device_time =0.0039s
  forward_time   =0.1229s
  loss_time      =0.0016s
  backward_time  =0.1624s
  optimizer_time =0.0080s
  batch_time     =0.3001s
  cuda_allocated_gb    =0.120
  cuda_reserved_gb     =10.279
  cuda_max_allocated_gb=8.434

train 8 rank0:   0%|          | 2/455 [00:01<03:23,  2.23it/s, loss=2.5171]
train 8 rank0:   1%|          | 3/455 [00:01<02:53,  2.61it/s, loss=2.5171][PROFILE rank=0 batch=3]
  data_time      =0.0032s
  to_device_time =0.0037s
  forward_time   =0.1248s
  loss_time      =0.0017s
  backward_time  =0.1619s
  optimizer_time =0.0135s
  batch_time     =0.3070s
  cuda_allocated_gb    =0.121
  cuda_reserved_gb     =10.279
  cuda_max_allocated_gb=8.434

train 8 rank0:   1%|          | 3/455 [00:01<02:53,  2.61it/s, loss=2.5322]
train 8 rank0:   1%|          | 4/455 [00:01<02:41,  2.80it/s, loss=2.5322][PROFILE rank=0 batch=4]
  data_time      =0.0010s
  to_device_time =0.0036s
  forward_time   =0.1346s
  loss_time      =0.0017s
  backward_time  =0.1612s
  optimizer_time =0.0076s
  batch_time     =0.3103s
  cuda_allocated_gb    =0.120
  cuda_reserved_gb     =10.279
  cuda_max_allocated_gb=8.434

train 8 rank0:   1%|          | 4/455 [00:01<02:41,  2.80it/s, loss=2.5292]
train 8 rank0:   1%|          | 5/455 [00:01<02:33,  2.93it/s, loss=2.5292][PROFILE rank=0 batch=5]
  data_time      =0.0006s
  to_device_time =0.0040s
  forward_time   =0.1249s
  loss_time      =0.0017s
  backward_time  =0.1640s
  optimizer_time =0.0077s
  batch_time     =0.3037s
  cuda_allocated_gb    =0.120
  cuda_reserved_gb     =10.279
  cuda_max_allocated_gb=8.434

train 8 rank0:   1%|          | 5/455 [00:02<02:33,  2.93it/s, loss=2.5723]
train 8 rank0:   1%|â–         | 6/455 [00:02<02:28,  3.03it/s, loss=2.5723][PROFILE rank=0 batch=6]
  data_time      =0.0007s
  to_device_time =0.0039s
  forward_time   =0.1226s
  loss_time      =0.0018s
  backward_time  =0.1631s
  optimizer_time =0.0074s
  batch_time     =0.3003s
  cuda_allocated_gb    =0.119
  cuda_reserved_gb     =10.279
  cuda_max_allocated_gb=8.434

train 8 rank0:   1%|â–         | 6/455 [00:02<02:28,  3.03it/s, loss=2.5463]
train 8 rank0:   2%|â–         | 7/455 [00:02<02:24,  3.11it/s, loss=2.5463][PROFILE rank=0 batch=7]
  data_time      =0.0006s
  to_device_time =0.0040s
  forward_time   =0.1326s
  loss_time      =0.0031s
  backward_time  =0.1642s
  optimizer_time =0.0073s
  batch_time     =0.3254s
  cuda_allocated_gb    =0.120
  cuda_reserved_gb     =10.279
  cuda_max_allocated_gb=8.434

train 8 rank0:   2%|â–         | 7/455 [00:02<02:24,  3.11it/s, loss=2.5210]
train 8 rank0:   2%|â–         | 8/455 [00:02<02:24,  3.08it/s, loss=2.5210][PROFILE rank=0 batch=8]
  data_time      =0.0007s
  to_device_time =0.0039s
  forward_time   =0.1248s
  loss_time      =0.0017s
  backward_time  =0.1624s
  optimizer_time =0.0072s
  batch_time     =0.3013s
  cuda_allocated_gb    =0.120
  cuda_reserved_gb     =10.279
  cuda_max_allocated_gb=8.434

train 8 rank0:   2%|â–         | 8/455 [00:03<02:24,  3.08it/s, loss=2.5433]
train 8 rank0:   2%|â–         | 9/455 [00:03<02:22,  3.14it/s, loss=2.5433][PROFILE rank=0 batch=9]
  data_time      =0.0007s
  to_device_time =0.0040s
  forward_time   =0.1256s
  loss_time      =0.0018s
  backward_time  =0.1619s
  optimizer_time =0.0073s
  batch_time     =0.3019s
  cuda_allocated_gb    =0.120
  cuda_reserved_gb     =10.279
  cuda_max_allocated_gb=8.434

train 8 rank0:   2%|â–         | 9/455 [00:03<02:22,  3.14it/s, loss=2.5644]
train 8 rank0:   2%|â–         | 10/455 [00:03<02:19,  3.18it/s, loss=2.5644][PROFILE rank=0 batch=10]
  data_time      =0.0005s
  to_device_time =0.0041s
  forward_time   =0.1226s
  loss_time      =0.0017s
  backward_time  =0.1632s
  optimizer_time =0.0070s
  batch_time     =0.3000s
  cuda_allocated_gb    =0.119
  cuda_reserved_gb     =10.279
  cuda_max_allocated_gb=8.434

train 8 rank0:   2%|â–         | 10/455 [00:03<02:19,  3.18it/s, loss=2.5040]
train 8 rank0:   2%|â–         | 11/455 [00:03<02:18,  3.21it/s, loss=2.5040][PROFILE rank=0 batch=11]
  data_time      =0.0007s
  to_device_time =0.0040s
  forward_time   =0.1231s
  loss_time      =0.0018s
  backward_time  =0.1621s
  optimizer_time =0.0073s
  batch_time     =0.2996s
  cuda_allocated_gb    =0.120
  cuda_reserved_gb     =10.279
  cuda_max_allocated_gb=8.434

train 8 rank0:   2%|â–         | 11/455 [00:04<02:18,  3.21it/s, loss=2.5287]
train 8 rank0:   3%|â–Ž         | 12/455 [00:04<02:16,  3.24it/s, loss=2.5287][PROFILE rank=0 batch=12]
  data_time      =0.0006s
  to_device_time =0.0039s
  forward_time   =0.1237s
  loss_time      =0.0018s
  backward_time  =0.1668s
  optimizer_time =0.0074s
  batch_time     =0.3081s
  cuda_allocated_gb    =0.120
  cuda_reserved_gb     =10.279
  cuda_max_allocated_gb=8.434

train 8 rank0:   3%|â–Ž         | 12/455 [00:04<02:16,  3.24it/s, loss=2.5402]
train 8 rank0:   3%|â–Ž         | 13/455 [00:04<02:17,  3.23it/s, loss=2.5402][PROFILE rank=0 batch=13]
  data_time      =0.0006s
  to_device_time =0.0039s
  forward_time   =0.1269s
  loss_time      =0.0020s
  backward_time  =0.1661s
  optimizer_time =0.0076s
  batch_time     =0.3121s
  cuda_allocated_gb    =0.120
  cuda_reserved_gb     =10.279
  cuda_max_allocated_gb=8.434

train 8 rank0:   3%|â–Ž         | 13/455 [00:04<02:17,  3.23it/s, loss=2.5356]
train 8 rank0:   3%|â–Ž         | 14/455 [00:04<02:17,  3.21it/s, loss=2.5356][PROFILE rank=0 batch=14]
  data_time      =0.0006s
  to_device_time =0.0039s
  forward_time   =0.1239s
  loss_time      =0.0018s
  backward_time  =0.1612s
  optimizer_time =0.0074s
  batch_time     =0.2995s
  cuda_allocated_gb    =0.119
  cuda_reserved_gb     =10.279
  cuda_max_allocated_gb=8.434

train 8 rank0:   3%|â–Ž         | 14/455 [00:04<02:17,  3.21it/s, loss=2.5504]
train 8 rank0:   3%|â–Ž         | 15/455 [00:04<02:16,  3.23it/s, loss=2.5504][PROFILE rank=0 batch=15]
  data_time      =0.0007s
  to_device_time =0.0023s
  forward_time   =0.0995s
  loss_time      =0.0019s
  backward_time  =0.1082s
  optimizer_time =0.0078s
  batch_time     =0.2210s
  cuda_allocated_gb    =0.090
  cuda_reserved_gb     =10.279
  cuda_max_allocated_gb=8.434

train 8 rank0:   3%|â–Ž         | 15/455 [00:05<02:16,  3.23it/s, loss=2.5224]
train 8 rank0:   4%|â–Ž         | 16/455 [00:05<02:04,  3.52it/s, loss=2.5224][PROFILE rank=0 batch=16]
  data_time      =0.0028s
  to_device_time =0.0037s
  forward_time   =0.1225s
  loss_time      =0.0017s
  backward_time  =0.1611s
  optimizer_time =0.0072s
  batch_time     =0.2976s
  cuda_allocated_gb    =0.122
  cuda_reserved_gb     =10.279
  cuda_max_allocated_gb=8.434

train 8 rank0:   4%|â–Ž         | 16/455 [00:05<02:04,  3.52it/s, loss=2.5518]
train 8 rank0:   4%|â–Ž         | 17/455 [00:05<02:07,  3.45it/s, loss=2.5518][PROFILE rank=0 batch=17]
  data_time      =0.0020s
  to_device_time =0.0037s
  forward_time   =0.1223s
  loss_time      =0.0018s
  backward_time  =0.1610s
  optimizer_time =0.0073s
  batch_time     =0.2974s
  cuda_allocated_gb    =0.119
  cuda_reserved_gb     =10.279
  cuda_max_allocated_gb=8.434

train 8 rank0:   4%|â–Ž         | 17/455 [00:05<02:07,  3.45it/s, loss=2.5157]
train 8 rank0:   4%|â–         | 18/455 [00:05<02:08,  3.40it/s, loss=2.5157][PROFILE rank=0 batch=18]
  data_time      =0.0007s
  to_device_time =0.0040s
  forward_time   =0.1236s
  loss_time      =0.0017s
  backward_time  =0.1624s
  optimizer_time =0.0077s
  batch_time     =0.3008s
  cuda_allocated_gb    =0.120
  cuda_reserved_gb     =10.279
  cuda_max_allocated_gb=8.434

train 8 rank0:   4%|â–         | 18/455 [00:06<02:08,  3.40it/s, loss=2.5437]
train 8 rank0:   4%|â–         | 19/455 [00:06<02:09,  3.36it/s, loss=2.5437][PROFILE rank=0 batch=19]
  data_time      =0.0007s
  to_device_time =0.0039s
  forward_time   =0.1237s
  loss_time      =0.0017s
  backward_time  =0.1605s
  optimizer_time =0.0075s
  batch_time     =0.2987s
  cuda_allocated_gb    =0.121
  cuda_reserved_gb     =10.279
  cuda_max_allocated_gb=8.434

[PROFILE average rank=0 first 20 batches (recorded=20)]
  avg_data_time      =0.0184s
  avg_to_device_time =0.0038s
  avg_forward_time   =0.1238s
  avg_loss_time      =0.0018s
  avg_backward_time  =0.1599s
  avg_optimizer_time =0.0077s
  avg_batch_time     =0.2994s
  estimated_full_epoch_minutes=2.27

train 8 rank0:   4%|â–         | 19/455 [00:06<02:09,  3.36it/s, loss=2.5247]
train 8 rank0:   4%|â–         | 20/455 [00:06<02:10,  3.35it/s, loss=2.5247]
train 8 rank0:   4%|â–         | 20/455 [00:06<02:10,  3.35it/s, loss=2.5426]
train 8 rank0:   5%|â–         | 21/455 [00:06<02:09,  3.35it/s, loss=2.5426]
train 8 rank0:   5%|â–         | 21/455 [00:07<02:09,  3.35it/s, loss=2.5585]
train 8 rank0:   5%|â–         | 22/455 [00:07<02:09,  3.33it/s, loss=2.5585]
train 8 rank0:   5%|â–         | 22/455 [00:07<02:09,  3.33it/s, loss=2.5264]
train 8 rank0:   5%|â–Œ         | 23/455 [00:07<02:09,  3.34it/s, loss=2.5264]
train 8 rank0:   5%|â–Œ         | 23/455 [00:07<02:09,  3.34it/s, loss=2.5696]
train 8 rank0:   5%|â–Œ         | 24/455 [00:07<02:09,  3.34it/s, loss=2.5696]
train 8 rank0:   5%|â–Œ         | 24/455 [00:07<02:09,  3.34it/s, loss=2.5479]
train 8 rank0:   5%|â–Œ         | 25/455 [00:07<02:09,  3.33it/s, loss=2.5479]
train 8 rank0:   5%|â–Œ         | 25/455 [00:08<02:09,  3.33it/s, loss=2.5534]
train 8 rank0:   6%|â–Œ         | 26/455 [00:08<02:09,  3.32it/s, loss=2.5534]
train 8 rank0:   6%|â–Œ         | 26/455 [00:08<02:09,  3.32it/s, loss=2.5279]
train 8 rank0:   6%|â–Œ         | 27/455 [00:08<02:08,  3.32it/s, loss=2.5279]
train 8 rank0:   6%|â–Œ         | 27/455 [00:08<02:08,  3.32it/s, loss=2.5163]
train 8 rank0:   6%|â–Œ         | 28/455 [00:08<02:08,  3.32it/s, loss=2.5163]
train 8 rank0:   6%|â–Œ         | 28/455 [00:09<02:08,  3.32it/s, loss=2.5588]
train 8 rank0:   6%|â–‹         | 29/455 [00:09<02:10,  3.27it/s, loss=2.5588]
train 8 rank0:   6%|â–‹         | 29/455 [00:09<02:10,  3.27it/s, loss=2.5122]
train 8 rank0:   7%|â–‹         | 30/455 [00:09<02:17,  3.09it/s, loss=2.5122]
                                                                            
/usr/local/lib/python3.12/dist-packages/torch/distributed/c10d_logger.py:83: UserWarning: barrier(): using the device under current context. You can specify `device_id` in `init_process_group` to mute this warning.
  return func(*args, **kwargs)

val:   0%|          | 0/57 [00:00<?, ?it/s]
val:   2%|â–         | 1/57 [00:00<00:27,  2.05it/s]
val:   4%|â–Ž         | 2/57 [00:00<00:18,  2.97it/s]
val:   5%|â–Œ         | 3/57 [00:00<00:15,  3.43it/s]
val:   7%|â–‹         | 4/57 [00:01<00:14,  3.71it/s]
val:   9%|â–‰         | 5/57 [00:01<00:13,  3.88it/s]
val:  11%|â–ˆ         | 6/57 [00:01<00:12,  3.99it/s]
val:  12%|â–ˆâ–        | 7/57 [00:01<00:12,  4.05it/s]
val:  14%|â–ˆâ–        | 8/57 [00:02<00:11,  4.12it/s]
val:  16%|â–ˆâ–Œ        | 9/57 [00:02<00:11,  4.15it/s]
val:  18%|â–ˆâ–Š        | 10/57 [00:02<00:11,  4.17it/s]
                                                    
Epoch 008/015 | loss=2.5380 acc=0.1414 macro_f1=0.1322 | val_loss=2.5331 val_acc=0.1516 val_macro_f1=0.1095 | ckpt_monitor=val_macro_f1:0.1095 best_val_macro_f1=0.1096 best_epoch=4 early_val_macro_f1=0.1096 sec/batch=0.319s cuda_rankmax=8.434GB
          val pred_count: [279, 67, 103, 138, 44, 0, 9]
          no improvement: 4/12
/usr/local/lib/python3.12/dist-packages/torch/distributed/c10d_logger.py:83: UserWarning: barrier(): using the device under current context. You can specify `device_id` in `init_process_group` to mute this warning.
  return func(*args, **kwargs)

train 9 rank0:   0%|          | 0/455 [00:00<?, ?it/s][PROFILE rank=0 batch=0]
  data_time      =0.3829s
  to_device_time =0.0047s
  forward_time   =0.1339s
  loss_time      =0.0014s
  backward_time  =0.1613s
  optimizer_time =0.0068s
  batch_time     =0.3131s
  cuda_allocated_gb    =0.119
  cuda_reserved_gb     =10.279
  cuda_max_allocated_gb=8.434

train 9 rank0:   0%|          | 0/455 [00:00<?, ?it/s, loss=2.5059]
train 9 rank0:   0%|          | 1/455 [00:00<05:17,  1.43it/s, loss=2.5059][PROFILE rank=0 batch=1]
  data_time      =0.0006s
  to_device_time =0.0041s
  forward_time   =0.1203s
  loss_time      =0.0019s
  backward_time  =0.1629s
  optimizer_time =0.0076s
  batch_time     =0.3012s
  cuda_allocated_gb    =0.119
  cuda_reserved_gb     =10.279
  cuda_max_allocated_gb=8.434

train 9 rank0:   0%|          | 1/455 [00:01<05:17,  1.43it/s, loss=2.5315]
train 9 rank0:   0%|          | 2/455 [00:01<03:31,  2.14it/s, loss=2.5315][PROFILE rank=0 batch=2]
  data_time      =0.0007s
  to_device_time =0.0040s
  forward_time   =0.1248s
  loss_time      =0.0017s
  backward_time  =0.1614s
  optimizer_time =0.0072s
  batch_time     =0.3004s
  cuda_allocated_gb    =0.120
  cuda_reserved_gb     =10.279
  cuda_max_allocated_gb=8.434

train 9 rank0:   0%|          | 2/455 [00:01<03:31,  2.14it/s, loss=2.5358]
train 9 rank0:   1%|          | 3/455 [00:01<02:57,  2.54it/s, loss=2.5358][PROFILE rank=0 batch=3]
  data_time      =0.0005s
  to_device_time =0.0040s
  forward_time   =0.1237s
  loss_time      =0.0018s
  backward_time  =0.1624s
  optimizer_time =0.0074s
  batch_time     =0.3006s
  cuda_allocated_gb    =0.121
  cuda_reserved_gb     =10.279
  cuda_max_allocated_gb=8.434

train 9 rank0:   1%|          | 3/455 [00:01<02:57,  2.54it/s, loss=2.5573]
train 9 rank0:   1%|          | 4/455 [00:01<02:41,  2.79it/s, loss=2.5573][PROFILE rank=0 batch=4]
  data_time      =0.0006s
  to_device_time =0.0041s
  forward_time   =0.1246s
  loss_time      =0.0017s
  backward_time  =0.1604s
  optimizer_time =0.0075s
  batch_time     =0.2997s
  cuda_allocated_gb    =0.120
  cuda_reserved_gb     =10.279
  cuda_max_allocated_gb=8.434

train 9 rank0:   1%|          | 4/455 [00:01<02:41,  2.79it/s, loss=2.5372]
train 9 rank0:   1%|          | 5/455 [00:01<02:32,  2.95it/s, loss=2.5372][PROFILE rank=0 batch=5]
  data_time      =0.0018s
  to_device_time =0.0036s
  forward_time   =0.1244s
  loss_time      =0.0017s
  backward_time  =0.1615s
  optimizer_time =0.0074s
  batch_time     =0.2999s
  cuda_allocated_gb    =0.120
  cuda_reserved_gb     =10.279
  cuda_max_allocated_gb=8.434

train 9 rank0:   1%|          | 5/455 [00:02<02:32,  2.95it/s, loss=2.5410]
train 9 rank0:   1%|â–         | 6/455 [00:02<02:26,  3.06it/s, loss=2.5410][PROFILE rank=0 batch=6]
  data_time      =0.0007s
  to_device_time =0.0040s
  forward_time   =0.1271s
  loss_time      =0.0018s
  backward_time  =0.1609s
  optimizer_time =0.0075s
  batch_time     =0.3027s
  cuda_allocated_gb    =0.119
  cuda_reserved_gb     =10.279
  cuda_max_allocated_gb=8.434

train 9 rank0:   1%|â–         | 6/455 [00:02<02:26,  3.06it/s, loss=2.5148]
train 9 rank0:   2%|â–         | 7/455 [00:02<02:23,  3.12it/s, loss=2.5148][PROFILE rank=0 batch=7]
  data_time      =0.0007s
  to_device_time =0.0039s
  forward_time   =0.1237s
  loss_time      =0.0018s
  backward_time  =0.1608s
  optimizer_time =0.0074s
  batch_time     =0.2991s
  cuda_allocated_gb    =0.120
  cuda_reserved_gb     =10.279
  cuda_max_allocated_gb=8.434

train 9 rank0:   2%|â–         | 7/455 [00:02<02:23,  3.12it/s, loss=2.5199]
train 9 rank0:   2%|â–         | 8/455 [00:02<02:20,  3.17it/s, loss=2.5199][PROFILE rank=0 batch=8]
  data_time      =0.0006s
  to_device_time =0.0040s
  forward_time   =0.1244s
  loss_time      =0.0016s
  backward_time  =0.1608s
  optimizer_time =0.0077s
  batch_time     =0.2997s
  cuda_allocated_gb    =0.120
  cuda_reserved_gb     =10.279
  cuda_max_allocated_gb=8.434

train 9 rank0:   2%|â–         | 8/455 [00:03<02:20,  3.17it/s, loss=2.5518]
train 9 rank0:   2%|â–         | 9/455 [00:03<02:18,  3.21it/s, loss=2.5518][PROFILE rank=0 batch=9]
  data_time      =0.0006s
  to_device_time =0.0040s
  forward_time   =0.1236s
  loss_time      =0.0018s
  backward_time  =0.1618s
  optimizer_time =0.0075s
  batch_time     =0.3000s
  cuda_allocated_gb    =0.120
  cuda_reserved_gb     =10.279
  cuda_max_allocated_gb=8.434

train 9 rank0:   2%|â–         | 9/455 [00:03<02:18,  3.21it/s, loss=2.5342]
train 9 rank0:   2%|â–         | 10/455 [00:03<02:17,  3.23it/s, loss=2.5342][PROFILE rank=0 batch=10]
  data_time      =0.0006s
  to_device_time =0.0040s
  forward_time   =0.1231s
  loss_time      =0.0018s
  backward_time  =0.1618s
  optimizer_time =0.0072s
  batch_time     =0.2990s
  cuda_allocated_gb    =0.119
  cuda_reserved_gb     =10.279
  cuda_max_allocated_gb=8.434

train 9 rank0:   2%|â–         | 10/455 [00:03<02:17,  3.23it/s, loss=2.5627]
train 9 rank0:   2%|â–         | 11/455 [00:03<02:16,  3.25it/s, loss=2.5627][PROFILE rank=0 batch=11]
  data_time      =0.0006s
  to_device_time =0.0040s
  forward_time   =0.1215s
  loss_time      =0.0018s
  backward_time  =0.1609s
  optimizer_time =0.0070s
  batch_time     =0.2965s
  cuda_allocated_gb    =0.120
  cuda_reserved_gb     =10.279
  cuda_max_allocated_gb=8.434

train 9 rank0:   2%|â–         | 11/455 [00:04<02:16,  3.25it/s, loss=2.5386]
train 9 rank0:   3%|â–Ž         | 12/455 [00:04<02:15,  3.28it/s, loss=2.5386][PROFILE rank=0 batch=12]
  data_time      =0.0007s
  to_device_time =0.0039s
  forward_time   =0.1322s
  loss_time      =0.0030s
  backward_time  =0.1753s
  optimizer_time =0.0089s
  batch_time     =0.3249s
  cuda_allocated_gb    =0.120
  cuda_reserved_gb     =10.279
  cuda_max_allocated_gb=8.434

train 9 rank0:   3%|â–Ž         | 12/455 [00:04<02:15,  3.28it/s, loss=2.5282]
train 9 rank0:   3%|â–Ž         | 13/455 [00:04<02:18,  3.20it/s, loss=2.5282][PROFILE rank=0 batch=13]
  data_time      =0.0006s
  to_device_time =0.0021s
  forward_time   =0.1328s
  loss_time      =0.0030s
  backward_time  =0.1711s
  optimizer_time =0.0071s
  batch_time     =0.3182s
  cuda_allocated_gb    =0.120
  cuda_reserved_gb     =10.279
  cuda_max_allocated_gb=8.434

train 9 rank0:   3%|â–Ž         | 13/455 [00:04<02:18,  3.20it/s, loss=2.5143]
train 9 rank0:   3%|â–Ž         | 14/455 [00:04<02:19,  3.17it/s, loss=2.5143][PROFILE rank=0 batch=14]
  data_time      =0.0005s
  to_device_time =0.0039s
  forward_time   =0.1233s
  loss_time      =0.0017s
  backward_time  =0.1609s
  optimizer_time =0.0071s
  batch_time     =0.2986s
  cuda_allocated_gb    =0.119
  cuda_reserved_gb     =10.279
  cuda_max_allocated_gb=8.434

train 9 rank0:   3%|â–Ž         | 14/455 [00:04<02:19,  3.17it/s, loss=2.5567]
train 9 rank0:   3%|â–Ž         | 15/455 [00:04<02:17,  3.21it/s, loss=2.5567][PROFILE rank=0 batch=15]
  data_time      =0.0006s
  to_device_time =0.0025s
  forward_time   =0.0958s
  loss_time      =0.0018s
  backward_time  =0.1068s
  optimizer_time =0.0071s
  batch_time     =0.2153s
  cuda_allocated_gb    =0.090
  cuda_reserved_gb     =10.279
  cuda_max_allocated_gb=8.434

train 9 rank0:   3%|â–Ž         | 15/455 [00:05<02:17,  3.21it/s, loss=2.5459]
train 9 rank0:   4%|â–Ž         | 16/455 [00:05<02:04,  3.52it/s, loss=2.5459][PROFILE rank=0 batch=16]
  data_time      =0.0006s
  to_device_time =0.0038s
  forward_time   =0.1242s
  loss_time      =0.0016s
  backward_time  =0.1625s
  optimizer_time =0.0074s
  batch_time     =0.3008s
  cuda_allocated_gb    =0.122
  cuda_reserved_gb     =10.279
  cuda_max_allocated_gb=8.434

train 9 rank0:   4%|â–Ž         | 16/455 [00:05<02:04,  3.52it/s, loss=2.5391]
train 9 rank0:   4%|â–Ž         | 17/455 [00:05<02:07,  3.45it/s, loss=2.5391][PROFILE rank=0 batch=17]
  data_time      =0.0014s
  to_device_time =0.0038s
  forward_time   =0.1238s
  loss_time      =0.0017s
  backward_time  =0.1624s
  optimizer_time =0.0072s
  batch_time     =0.3001s
  cuda_allocated_gb    =0.119
  cuda_reserved_gb     =10.279
  cuda_max_allocated_gb=8.434

train 9 rank0:   4%|â–Ž         | 17/455 [00:05<02:07,  3.45it/s, loss=2.5607]
train 9 rank0:   4%|â–         | 18/455 [00:05<02:08,  3.39it/s, loss=2.5607][PROFILE rank=0 batch=18]
  data_time      =0.0006s
  to_device_time =0.0041s
  forward_time   =0.1232s
  loss_time      =0.0017s
  backward_time  =0.1605s
  optimizer_time =0.0070s
  batch_time     =0.2982s
  cuda_allocated_gb    =0.120
  cuda_reserved_gb     =10.279
  cuda_max_allocated_gb=8.434

train 9 rank0:   4%|â–         | 18/455 [00:06<02:08,  3.39it/s, loss=2.5663]
train 9 rank0:   4%|â–         | 19/455 [00:06<02:09,  3.37it/s, loss=2.5663][PROFILE rank=0 batch=19]
  data_time      =0.0006s
  to_device_time =0.0039s
  forward_time   =0.1240s
  loss_time      =0.0017s
  backward_time  =0.1617s
  optimizer_time =0.0072s
  batch_time     =0.2997s
  cuda_allocated_gb    =0.121
  cuda_reserved_gb     =10.279
  cuda_max_allocated_gb=8.434

[PROFILE average rank=0 first 20 batches (recorded=20)]
  avg_data_time      =0.0198s
  avg_to_device_time =0.0038s
  avg_forward_time   =0.1237s
  avg_loss_time      =0.0019s
  avg_backward_time  =0.1599s
  avg_optimizer_time =0.0073s
  avg_batch_time     =0.2984s
  estimated_full_epoch_minutes=2.26

train 9 rank0:   4%|â–         | 19/455 [00:06<02:09,  3.37it/s, loss=2.5326]
train 9 rank0:   4%|â–         | 20/455 [00:06<02:10,  3.35it/s, loss=2.5326]
train 9 rank0:   4%|â–         | 20/455 [00:06<02:10,  3.35it/s, loss=2.5138]
train 9 rank0:   5%|â–         | 21/455 [00:06<02:09,  3.35it/s, loss=2.5138]
train 9 rank0:   5%|â–         | 21/455 [00:07<02:09,  3.35it/s, loss=2.5273]
train 9 rank0:   5%|â–         | 22/455 [00:07<02:09,  3.34it/s, loss=2.5273]
train 9 rank0:   5%|â–         | 22/455 [00:07<02:09,  3.34it/s, loss=2.5477]
train 9 rank0:   5%|â–Œ         | 23/455 [00:07<02:09,  3.34it/s, loss=2.5477]
train 9 rank0:   5%|â–Œ         | 23/455 [00:07<02:09,  3.34it/s, loss=2.5303]
train 9 rank0:   5%|â–Œ         | 24/455 [00:07<02:08,  3.35it/s, loss=2.5303]
train 9 rank0:   5%|â–Œ         | 24/455 [00:07<02:08,  3.35it/s, loss=2.5256]
train 9 rank0:   5%|â–Œ         | 25/455 [00:07<02:08,  3.34it/s, loss=2.5256]
train 9 rank0:   5%|â–Œ         | 25/455 [00:08<02:08,  3.34it/s, loss=2.5434]
train 9 rank0:   6%|â–Œ         | 26/455 [00:08<02:08,  3.33it/s, loss=2.5434]
train 9 rank0:   6%|â–Œ         | 26/455 [00:08<02:08,  3.33it/s, loss=2.5431]
train 9 rank0:   6%|â–Œ         | 27/455 [00:08<02:08,  3.32it/s, loss=2.5431]
train 9 rank0:   6%|â–Œ         | 27/455 [00:08<02:08,  3.32it/s, loss=2.5475]
train 9 rank0:   6%|â–Œ         | 28/455 [00:08<02:08,  3.33it/s, loss=2.5475]
train 9 rank0:   6%|â–Œ         | 28/455 [00:09<02:08,  3.33it/s, loss=2.5413]
train 9 rank0:   6%|â–‹         | 29/455 [00:09<02:11,  3.25it/s, loss=2.5413]
train 9 rank0:   6%|â–‹         | 29/455 [00:09<02:11,  3.25it/s, loss=2.5230]
train 9 rank0:   7%|â–‹         | 30/455 [00:09<02:17,  3.09it/s, loss=2.5230]
                                                                            
/usr/local/lib/python3.12/dist-packages/torch/distributed/c10d_logger.py:83: UserWarning: barrier(): using the device under current context. You can specify `device_id` in `init_process_group` to mute this warning.
  return func(*args, **kwargs)

val:   0%|          | 0/57 [00:00<?, ?it/s]
val:   2%|â–         | 1/57 [00:00<00:28,  2.00it/s]
val:   4%|â–Ž         | 2/57 [00:00<00:18,  2.90it/s]
val:   5%|â–Œ         | 3/57 [00:00<00:15,  3.38it/s]
val:   7%|â–‹         | 4/57 [00:01<00:14,  3.68it/s]
val:   9%|â–‰         | 5/57 [00:01<00:13,  3.86it/s]
val:  11%|â–ˆ         | 6/57 [00:01<00:12,  3.98it/s]
val:  12%|â–ˆâ–        | 7/57 [00:01<00:12,  4.07it/s]
val:  14%|â–ˆâ–        | 8/57 [00:02<00:11,  4.12it/s]
val:  16%|â–ˆâ–Œ        | 9/57 [00:02<00:11,  4.13it/s]
val:  18%|â–ˆâ–Š        | 10/57 [00:02<00:11,  4.15it/s]
                                                    
Epoch 009/015 | loss=2.5367 acc=0.1498 macro_f1=0.1398 | val_loss=2.5331 val_acc=0.1672 val_macro_f1=0.1269 | ckpt_monitor=val_macro_f1:0.1269 best_val_macro_f1=0.1269 best_epoch=9 early_val_macro_f1=0.1269 sec/batch=0.318s cuda_rankmax=8.434GB
          val pred_count: [142, 26, 133, 196, 116, 5, 22]
          checkpoint improvement: best_epoch=9
          early stopping monitor improved
/usr/local/lib/python3.12/dist-packages/torch/distributed/c10d_logger.py:83: UserWarning: barrier(): using the device under current context. You can specify `device_id` in `init_process_group` to mute this warning.
  return func(*args, **kwargs)

train 10 rank0:   0%|          | 0/455 [00:00<?, ?it/s][PROFILE rank=0 batch=0]
  data_time      =0.6239s
  to_device_time =0.0051s
  forward_time   =0.1344s
  loss_time      =0.0017s
  backward_time  =0.1627s
  optimizer_time =0.0070s
  batch_time     =0.3152s
  cuda_allocated_gb    =0.119
  cuda_reserved_gb     =10.279
  cuda_max_allocated_gb=8.434

train 10 rank0:   0%|          | 0/455 [00:00<?, ?it/s, loss=2.5456]
train 10 rank0:   0%|          | 1/455 [00:00<07:07,  1.06it/s, loss=2.5456][PROFILE rank=0 batch=1]
  data_time      =0.0006s
  to_device_time =0.0039s
  forward_time   =0.1237s
  loss_time      =0.0017s
  backward_time  =0.1629s
  optimizer_time =0.0072s
  batch_time     =0.3006s
  cuda_allocated_gb    =0.119
  cuda_reserved_gb     =10.279
  cuda_max_allocated_gb=8.434

train 10 rank0:   0%|          | 1/455 [00:01<07:07,  1.06it/s, loss=2.5137]
train 10 rank0:   0%|          | 2/455 [00:01<04:16,  1.76it/s, loss=2.5137][PROFILE rank=0 batch=2]
  data_time      =0.0006s
  to_device_time =0.0040s
  forward_time   =0.1234s
  loss_time      =0.0015s
  backward_time  =0.1633s
  optimizer_time =0.0072s
  batch_time     =0.3006s
  cuda_allocated_gb    =0.120
  cuda_reserved_gb     =10.279
  cuda_max_allocated_gb=8.434

train 10 rank0:   0%|          | 2/455 [00:01<04:16,  1.76it/s, loss=2.5301]
train 10 rank0:   1%|          | 3/455 [00:01<03:22,  2.24it/s, loss=2.5301][PROFILE rank=0 batch=3]
  data_time      =0.0006s
  to_device_time =0.0039s
  forward_time   =0.1249s
  loss_time      =0.0018s
  backward_time  =0.1638s
  optimizer_time =0.0074s
  batch_time     =0.3031s
  cuda_allocated_gb    =0.121
  cuda_reserved_gb     =10.279
  cuda_max_allocated_gb=8.434

train 10 rank0:   1%|          | 3/455 [00:01<03:22,  2.24it/s, loss=2.5449]
train 10 rank0:   1%|          | 4/455 [00:01<02:56,  2.55it/s, loss=2.5449][PROFILE rank=0 batch=4]
  data_time      =0.0005s
  to_device_time =0.0040s
  forward_time   =0.1237s
  loss_time      =0.0017s
  backward_time  =0.1637s
  optimizer_time =0.0071s
  batch_time     =0.3015s
  cuda_allocated_gb    =0.120
  cuda_reserved_gb     =10.279
  cuda_max_allocated_gb=8.434

train 10 rank0:   1%|          | 4/455 [00:02<02:56,  2.55it/s, loss=2.5236]
train 10 rank0:   1%|          | 5/455 [00:02<02:42,  2.77it/s, loss=2.5236][PROFILE rank=0 batch=5]
  data_time      =0.0007s
  to_device_time =0.0041s
  forward_time   =0.1257s
  loss_time      =0.0017s
  backward_time  =0.1617s
  optimizer_time =0.0072s
  batch_time     =0.3018s
  cuda_allocated_gb    =0.120
  cuda_reserved_gb     =10.279
  cuda_max_allocated_gb=8.434

train 10 rank0:   1%|          | 5/455 [00:02<02:42,  2.77it/s, loss=2.5319]
train 10 rank0:   1%|â–         | 6/455 [00:02<02:33,  2.92it/s, loss=2.5319][PROFILE rank=0 batch=6]
  data_time      =0.0006s
  to_device_time =0.0057s
  forward_time   =0.1240s
  loss_time      =0.0018s
  backward_time  =0.1621s
  optimizer_time =0.0073s
  batch_time     =0.3021s
  cuda_allocated_gb    =0.119
  cuda_reserved_gb     =10.279
  cuda_max_allocated_gb=8.434

train 10 rank0:   1%|â–         | 6/455 [00:02<02:33,  2.92it/s, loss=2.5093]
train 10 rank0:   2%|â–         | 7/455 [00:02<02:28,  3.03it/s, loss=2.5093][PROFILE rank=0 batch=7]
  data_time      =0.0006s
  to_device_time =0.0039s
  forward_time   =0.1236s
  loss_time      =0.0017s
  backward_time  =0.1613s
  optimizer_time =0.0076s
  batch_time     =0.2993s
  cuda_allocated_gb    =0.120
  cuda_reserved_gb     =10.279
  cuda_max_allocated_gb=8.434

train 10 rank0:   2%|â–         | 7/455 [00:03<02:28,  3.03it/s, loss=2.5399]
train 10 rank0:   2%|â–         | 8/455 [00:03<02:23,  3.11it/s, loss=2.5399][PROFILE rank=0 batch=8]
  data_time      =0.0007s
  to_device_time =0.0038s
  forward_time   =0.1244s
  loss_time      =0.0018s
  backward_time  =0.1630s
  optimizer_time =0.0073s
  batch_time     =0.3013s
  cuda_allocated_gb    =0.120
  cuda_reserved_gb     =10.279
  cuda_max_allocated_gb=8.434

train 10 rank0:   2%|â–         | 8/455 [00:03<02:23,  3.11it/s, loss=2.5136]
train 10 rank0:   2%|â–         | 9/455 [00:03<02:21,  3.15it/s, loss=2.5136][PROFILE rank=0 batch=9]
  data_time      =0.0007s
  to_device_time =0.0038s
  forward_time   =0.1237s
  loss_time      =0.0018s
  backward_time  =0.1611s
  optimizer_time =0.0078s
  batch_time     =0.2995s
  cuda_allocated_gb    =0.120
  cuda_reserved_gb     =10.279
  cuda_max_allocated_gb=8.434

train 10 rank0:   2%|â–         | 9/455 [00:03<02:21,  3.15it/s, loss=2.5224]
train 10 rank0:   2%|â–         | 10/455 [00:03<02:19,  3.20it/s, loss=2.5224][PROFILE rank=0 batch=10]
  data_time      =0.0007s
  to_device_time =0.0039s
  forward_time   =0.1230s
  loss_time      =0.0017s
  backward_time  =0.1628s
  optimizer_time =0.0074s
  batch_time     =0.3001s
  cuda_allocated_gb    =0.119
  cuda_reserved_gb     =10.279
  cuda_max_allocated_gb=8.434

train 10 rank0:   2%|â–         | 10/455 [00:03<02:19,  3.20it/s, loss=2.5106]
train 10 rank0:   2%|â–         | 11/455 [00:03<02:17,  3.22it/s, loss=2.5106][PROFILE rank=0 batch=11]
  data_time      =0.0006s
  to_device_time =0.0040s
  forward_time   =0.1230s
  loss_time      =0.0017s
  backward_time  =0.1616s
  optimizer_time =0.0074s
  batch_time     =0.2990s
  cuda_allocated_gb    =0.120
  cuda_reserved_gb     =10.279
  cuda_max_allocated_gb=8.434

train 10 rank0:   2%|â–         | 11/455 [00:04<02:17,  3.22it/s, loss=2.5547]
train 10 rank0:   3%|â–Ž         | 12/455 [00:04<02:16,  3.25it/s, loss=2.5547][PROFILE rank=0 batch=12]
  data_time      =0.0015s
  to_device_time =0.0040s
  forward_time   =0.1345s
  loss_time      =0.0031s
  backward_time  =0.1791s
  optimizer_time =0.0073s
  batch_time     =0.3298s
  cuda_allocated_gb    =0.120
  cuda_reserved_gb     =10.279
  cuda_max_allocated_gb=8.434

train 10 rank0:   3%|â–Ž         | 12/455 [00:04<02:16,  3.25it/s, loss=2.5571]
train 10 rank0:   3%|â–Ž         | 13/455 [00:04<02:19,  3.16it/s, loss=2.5571][PROFILE rank=0 batch=13]
  data_time      =0.0006s
  to_device_time =0.0022s
  forward_time   =0.1319s
  loss_time      =0.0025s
  backward_time  =0.1694s
  optimizer_time =0.0076s
  batch_time     =0.3151s
  cuda_allocated_gb    =0.120
  cuda_reserved_gb     =10.279
  cuda_max_allocated_gb=8.434

train 10 rank0:   3%|â–Ž         | 13/455 [00:04<02:19,  3.16it/s, loss=2.5186]
train 10 rank0:   3%|â–Ž         | 14/455 [00:04<02:19,  3.15it/s, loss=2.5186][PROFILE rank=0 batch=14]
  data_time      =0.0006s
  to_device_time =0.0022s
  forward_time   =0.1318s
  loss_time      =0.0033s
  backward_time  =0.1912s
  optimizer_time =0.0073s
  batch_time     =0.3395s
  cuda_allocated_gb    =0.119
  cuda_reserved_gb     =10.279
  cuda_max_allocated_gb=8.434

train 10 rank0:   3%|â–Ž         | 14/455 [00:05<02:19,  3.15it/s, loss=2.5044]
train 10 rank0:   3%|â–Ž         | 15/455 [00:05<02:23,  3.08it/s, loss=2.5044][PROFILE rank=0 batch=15]
  data_time      =0.0019s
  to_device_time =0.0023s
  forward_time   =0.0963s
  loss_time      =0.0019s
  backward_time  =0.1098s
  optimizer_time =0.0072s
  batch_time     =0.2189s
  cuda_allocated_gb    =0.090
  cuda_reserved_gb     =10.279
  cuda_max_allocated_gb=8.434

train 10 rank0:   3%|â–Ž         | 15/455 [00:05<02:23,  3.08it/s, loss=2.5366]
train 10 rank0:   4%|â–Ž         | 16/455 [00:05<02:09,  3.39it/s, loss=2.5366][PROFILE rank=0 batch=16]
  data_time      =0.0007s
  to_device_time =0.0039s
  forward_time   =0.1262s
  loss_time      =0.0017s
  backward_time  =0.1662s
  optimizer_time =0.0073s
  batch_time     =0.3067s
  cuda_allocated_gb    =0.122
  cuda_reserved_gb     =10.279
  cuda_max_allocated_gb=8.434

train 10 rank0:   4%|â–Ž         | 16/455 [00:05<02:09,  3.39it/s, loss=2.5359]
train 10 rank0:   4%|â–Ž         | 17/455 [00:05<02:11,  3.34it/s, loss=2.5359][PROFILE rank=0 batch=17]
  data_time      =0.0006s
  to_device_time =0.0040s
  forward_time   =0.1256s
  loss_time      =0.0018s
  backward_time  =0.1628s
  optimizer_time =0.0076s
  batch_time     =0.3031s
  cuda_allocated_gb    =0.119
  cuda_reserved_gb     =10.279
  cuda_max_allocated_gb=8.434

train 10 rank0:   4%|â–Ž         | 17/455 [00:06<02:11,  3.34it/s, loss=2.5117]
train 10 rank0:   4%|â–         | 18/455 [00:06<02:11,  3.31it/s, loss=2.5117][PROFILE rank=0 batch=18]
  data_time      =0.0007s
  to_device_time =0.0039s
  forward_time   =0.1254s
  loss_time      =0.0019s
  backward_time  =0.1623s
  optimizer_time =0.0078s
  batch_time     =0.3025s
  cuda_allocated_gb    =0.120
  cuda_reserved_gb     =10.279
  cuda_max_allocated_gb=8.434

train 10 rank0:   4%|â–         | 18/455 [00:06<02:11,  3.31it/s, loss=2.5591]
train 10 rank0:   4%|â–         | 19/455 [00:06<02:12,  3.30it/s, loss=2.5591][PROFILE rank=0 batch=19]
  data_time      =0.0007s
  to_device_time =0.0039s
  forward_time   =0.1286s
  loss_time      =0.0029s
  backward_time  =0.1729s
  optimizer_time =0.0073s
  batch_time     =0.3172s
  cuda_allocated_gb    =0.121
  cuda_reserved_gb     =10.279
  cuda_max_allocated_gb=8.434

[PROFILE average rank=0 first 20 batches (recorded=20)]
  avg_data_time      =0.0319s
  avg_to_device_time =0.0038s
  avg_forward_time   =0.1249s
  avg_loss_time      =0.0020s
  avg_backward_time  =0.1632s
  avg_optimizer_time =0.0074s
  avg_batch_time     =0.3028s
  estimated_full_epoch_minutes=2.30

train 10 rank0:   4%|â–         | 19/455 [00:06<02:12,  3.30it/s, loss=2.5530]
train 10 rank0:   4%|â–         | 20/455 [00:06<02:14,  3.24it/s, loss=2.5530]
train 10 rank0:   4%|â–         | 20/455 [00:07<02:14,  3.24it/s, loss=2.5161]
train 10 rank0:   5%|â–         | 21/455 [00:07<02:16,  3.17it/s, loss=2.5161]
train 10 rank0:   5%|â–         | 21/455 [00:07<02:16,  3.17it/s, loss=2.5447]
train 10 rank0:   5%|â–         | 22/455 [00:07<02:14,  3.21it/s, loss=2.5447]
train 10 rank0:   5%|â–         | 22/455 [00:07<02:14,  3.21it/s, loss=2.5649]
train 10 rank0:   5%|â–Œ         | 23/455 [00:07<02:12,  3.25it/s, loss=2.5649]
train 10 rank0:   5%|â–Œ         | 23/455 [00:07<02:12,  3.25it/s, loss=2.5561]
train 10 rank0:   5%|â–Œ         | 24/455 [00:08<02:11,  3.27it/s, loss=2.5561]
train 10 rank0:   5%|â–Œ         | 24/455 [00:08<02:11,  3.27it/s, loss=2.5270]
train 10 rank0:   5%|â–Œ         | 25/455 [00:08<02:11,  3.27it/s, loss=2.5270]
train 10 rank0:   5%|â–Œ         | 25/455 [00:08<02:11,  3.27it/s, loss=2.5466]
train 10 rank0:   6%|â–Œ         | 26/455 [00:08<02:10,  3.28it/s, loss=2.5466]
train 10 rank0:   6%|â–Œ         | 26/455 [00:08<02:10,  3.28it/s, loss=2.5384]
train 10 rank0:   6%|â–Œ         | 27/455 [00:08<02:10,  3.27it/s, loss=2.5384]
train 10 rank0:   6%|â–Œ         | 27/455 [00:09<02:10,  3.27it/s, loss=2.5234]
train 10 rank0:   6%|â–Œ         | 28/455 [00:09<02:10,  3.28it/s, loss=2.5234]
train 10 rank0:   6%|â–Œ         | 28/455 [00:09<02:10,  3.28it/s, loss=2.5502]
train 10 rank0:   6%|â–‹         | 29/455 [00:09<02:12,  3.21it/s, loss=2.5502]
train 10 rank0:   6%|â–‹         | 29/455 [00:09<02:12,  3.21it/s, loss=2.5214]
train 10 rank0:   7%|â–‹         | 30/455 [00:09<02:19,  3.05it/s, loss=2.5214]
                                                                             
/usr/local/lib/python3.12/dist-packages/torch/distributed/c10d_logger.py:83: UserWarning: barrier(): using the device under current context. You can specify `device_id` in `init_process_group` to mute this warning.
  return func(*args, **kwargs)

val:   0%|          | 0/57 [00:00<?, ?it/s]
val:   2%|â–         | 1/57 [00:00<00:24,  2.28it/s]
val:   4%|â–Ž         | 2/57 [00:00<00:17,  3.11it/s]
val:   5%|â–Œ         | 3/57 [00:00<00:15,  3.51it/s]
val:   7%|â–‹         | 4/57 [00:01<00:14,  3.74it/s]
val:   9%|â–‰         | 5/57 [00:01<00:13,  3.88it/s]
val:  11%|â–ˆ         | 6/57 [00:01<00:12,  3.98it/s]
val:  12%|â–ˆâ–        | 7/57 [00:01<00:12,  4.04it/s]
val:  14%|â–ˆâ–        | 8/57 [00:02<00:12,  4.07it/s]
val:  16%|â–ˆâ–Œ        | 9/57 [00:02<00:11,  4.09it/s]
val:  18%|â–ˆâ–Š        | 10/57 [00:02<00:11,  4.10it/s]
                                                    
Epoch 010/015 | loss=2.5367 acc=0.1503 macro_f1=0.1402 | val_loss=2.5331 val_acc=0.1547 val_macro_f1=0.1220 | ckpt_monitor=val_macro_f1:0.1220 best_val_macro_f1=0.1269 best_epoch=9 early_val_macro_f1=0.1269 sec/batch=0.331s cuda_rankmax=8.434GB
          val pred_count: [138, 99, 91, 181, 110, 5, 16]
          no improvement: 1/12
/usr/local/lib/python3.12/dist-packages/torch/distributed/c10d_logger.py:83: UserWarning: barrier(): using the device under current context. You can specify `device_id` in `init_process_group` to mute this warning.
  return func(*args, **kwargs)

train 11 rank0:   0%|          | 0/455 [00:00<?, ?it/s][PROFILE rank=0 batch=0]
  data_time      =0.3939s
  to_device_time =0.0054s
  forward_time   =0.1331s
  loss_time      =0.0015s
  backward_time  =0.1639s
  optimizer_time =0.0070s
  batch_time     =0.3133s
  cuda_allocated_gb    =0.119
  cuda_reserved_gb     =10.279
  cuda_max_allocated_gb=8.434

train 11 rank0:   0%|          | 0/455 [00:00<?, ?it/s, loss=2.5265]
train 11 rank0:   0%|          | 1/455 [00:00<05:22,  1.41it/s, loss=2.5265][PROFILE rank=0 batch=1]
  data_time      =0.0006s
  to_device_time =0.0041s
  forward_time   =0.1233s
  loss_time      =0.0019s
  backward_time  =0.1654s
  optimizer_time =0.0075s
  batch_time     =0.3035s
  cuda_allocated_gb    =0.119
  cuda_reserved_gb     =10.279
  cuda_max_allocated_gb=8.434

train 11 rank0:   0%|          | 1/455 [00:01<05:22,  1.41it/s, loss=2.5341]
train 11 rank0:   0%|          | 2/455 [00:01<03:34,  2.11it/s, loss=2.5341][PROFILE rank=0 batch=2]
  data_time      =0.0007s
  to_device_time =0.0040s
  forward_time   =0.1264s
  loss_time      =0.0017s
  backward_time  =0.1630s
  optimizer_time =0.0070s
  batch_time     =0.3034s
  cuda_allocated_gb    =0.120
  cuda_reserved_gb     =10.279
  cuda_max_allocated_gb=8.434

train 11 rank0:   0%|          | 2/455 [00:01<03:34,  2.11it/s, loss=2.5334]
train 11 rank0:   1%|          | 3/455 [00:01<02:59,  2.52it/s, loss=2.5334][PROFILE rank=0 batch=3]
  data_time      =0.0006s
  to_device_time =0.0041s
  forward_time   =0.1248s
  loss_time      =0.0018s
  backward_time  =0.1636s
  optimizer_time =0.0073s
  batch_time     =0.3030s
  cuda_allocated_gb    =0.121
  cuda_reserved_gb     =10.279
  cuda_max_allocated_gb=8.434

train 11 rank0:   1%|          | 3/455 [00:01<02:59,  2.52it/s, loss=2.5481]
train 11 rank0:   1%|          | 4/455 [00:01<02:43,  2.76it/s, loss=2.5481][PROFILE rank=0 batch=4]
  data_time      =0.0006s
  to_device_time =0.0040s
  forward_time   =0.1250s
  loss_time      =0.0019s
  backward_time  =0.1639s
  optimizer_time =0.0072s
  batch_time     =0.3033s
  cuda_allocated_gb    =0.120
  cuda_reserved_gb     =10.279
  cuda_max_allocated_gb=8.434

train 11 rank0:   1%|          | 4/455 [00:01<02:43,  2.76it/s, loss=2.5442]
train 11 rank0:   1%|          | 5/455 [00:01<02:33,  2.92it/s, loss=2.5442][PROFILE rank=0 batch=5]
  data_time      =0.0006s
  to_device_time =0.0041s
  forward_time   =0.1242s
  loss_time      =0.0017s
  backward_time  =0.1635s
  optimizer_time =0.0070s
  batch_time     =0.3015s
  cuda_allocated_gb    =0.120
  cuda_reserved_gb     =10.279
  cuda_max_allocated_gb=8.434

train 11 rank0:   1%|          | 5/455 [00:02<02:33,  2.92it/s, loss=2.5471]
train 11 rank0:   1%|â–         | 6/455 [00:02<02:28,  3.03it/s, loss=2.5471][PROFILE rank=0 batch=6]
  data_time      =0.0006s
  to_device_time =0.0040s
  forward_time   =0.1247s
  loss_time      =0.0018s
  backward_time  =0.1643s
  optimizer_time =0.0087s
  batch_time     =0.3069s
  cuda_allocated_gb    =0.119
  cuda_reserved_gb     =10.279
  cuda_max_allocated_gb=8.434

train 11 rank0:   1%|â–         | 6/455 [00:02<02:28,  3.03it/s, loss=2.5427]
train 11 rank0:   2%|â–         | 7/455 [00:02<02:25,  3.09it/s, loss=2.5427][PROFILE rank=0 batch=7]
  data_time      =0.0006s
  to_device_time =0.0038s
  forward_time   =0.1246s
  loss_time      =0.0017s
  backward_time  =0.1656s
  optimizer_time =0.0072s
  batch_time     =0.3043s
  cuda_allocated_gb    =0.120
  cuda_reserved_gb     =10.279
  cuda_max_allocated_gb=8.434

train 11 rank0:   2%|â–         | 7/455 [00:02<02:25,  3.09it/s, loss=2.5327]
train 11 rank0:   2%|â–         | 8/455 [00:02<02:22,  3.14it/s, loss=2.5327][PROFILE rank=0 batch=8]
  data_time      =0.0006s
  to_device_time =0.0041s
  forward_time   =0.1261s
  loss_time      =0.0017s
  backward_time  =0.1649s
  optimizer_time =0.0072s
  batch_time     =0.3051s
  cuda_allocated_gb    =0.120
  cuda_reserved_gb     =10.279
  cuda_max_allocated_gb=8.434

train 11 rank0:   2%|â–         | 8/455 [00:03<02:22,  3.14it/s, loss=2.5625]
train 11 rank0:   2%|â–         | 9/455 [00:03<02:20,  3.17it/s, loss=2.5625][PROFILE rank=0 batch=9]
  data_time      =0.0007s
  to_device_time =0.0041s
  forward_time   =0.1259s
  loss_time      =0.0017s
  backward_time  =0.1631s
  optimizer_time =0.0071s
  batch_time     =0.3032s
  cuda_allocated_gb    =0.120
  cuda_reserved_gb     =10.279
  cuda_max_allocated_gb=8.434

train 11 rank0:   2%|â–         | 9/455 [00:03<02:20,  3.17it/s, loss=2.5491]
train 11 rank0:   2%|â–         | 10/455 [00:03<02:19,  3.19it/s, loss=2.5491][PROFILE rank=0 batch=10]
  data_time      =0.0006s
  to_device_time =0.0041s
  forward_time   =0.1236s
  loss_time      =0.0016s
  backward_time  =0.1636s
  optimizer_time =0.0070s
  batch_time     =0.3010s
  cuda_allocated_gb    =0.119
  cuda_reserved_gb     =10.279
  cuda_max_allocated_gb=8.434

train 11 rank0:   2%|â–         | 10/455 [00:03<02:19,  3.19it/s, loss=2.5236]
train 11 rank0:   2%|â–         | 11/455 [00:03<02:17,  3.22it/s, loss=2.5236][PROFILE rank=0 batch=11]
  data_time      =0.0006s
  to_device_time =0.0041s
  forward_time   =0.1252s
  loss_time      =0.0017s
  backward_time  =0.1626s
  optimizer_time =0.0071s
  batch_time     =0.3019s
  cuda_allocated_gb    =0.120
  cuda_reserved_gb     =10.279
  cuda_max_allocated_gb=8.434

train 11 rank0:   2%|â–         | 11/455 [00:04<02:17,  3.22it/s, loss=2.5244]
train 11 rank0:   3%|â–Ž         | 12/455 [00:04<02:16,  3.23it/s, loss=2.5244][PROFILE rank=0 batch=12]
  data_time      =0.0006s
  to_device_time =0.0041s
  forward_time   =0.1358s
  loss_time      =0.0032s
  backward_time  =0.2120s
  optimizer_time =0.0148s
  batch_time     =0.3728s
  cuda_allocated_gb    =0.120
  cuda_reserved_gb     =10.279
  cuda_max_allocated_gb=8.434

train 11 rank0:   3%|â–Ž         | 12/455 [00:04<02:16,  3.23it/s, loss=2.5248]
train 11 rank0:   3%|â–Ž         | 13/455 [00:04<02:26,  3.01it/s, loss=2.5248][PROFILE rank=0 batch=13]
  data_time      =0.0007s
  to_device_time =0.0037s
  forward_time   =0.1325s
  loss_time      =0.0031s
  backward_time  =0.1719s
  optimizer_time =0.0071s
  batch_time     =0.3201s
  cuda_allocated_gb    =0.120
  cuda_reserved_gb     =10.279
  cuda_max_allocated_gb=8.434

train 11 rank0:   3%|â–Ž         | 13/455 [00:04<02:26,  3.01it/s, loss=2.5291]
train 11 rank0:   3%|â–Ž         | 14/455 [00:04<02:25,  3.03it/s, loss=2.5291][PROFILE rank=0 batch=14]
  data_time      =0.0007s
  to_device_time =0.0040s
  forward_time   =0.1281s
  loss_time      =0.0018s
  backward_time  =0.1647s
  optimizer_time =0.0071s
  batch_time     =0.3070s
  cuda_allocated_gb    =0.119
  cuda_reserved_gb     =10.279
  cuda_max_allocated_gb=8.434

train 11 rank0:   3%|â–Ž         | 14/455 [00:05<02:25,  3.03it/s, loss=2.5449]
train 11 rank0:   3%|â–Ž         | 15/455 [00:05<02:22,  3.09it/s, loss=2.5449][PROFILE rank=0 batch=15]
  data_time      =0.0032s
  to_device_time =0.0024s
  forward_time   =0.0915s
  loss_time      =0.0018s
  backward_time  =0.1079s
  optimizer_time =0.0068s
  batch_time     =0.2117s
  cuda_allocated_gb    =0.090
  cuda_reserved_gb     =10.279
  cuda_max_allocated_gb=8.434

train 11 rank0:   3%|â–Ž         | 15/455 [00:05<02:22,  3.09it/s, loss=2.5515]
train 11 rank0:   4%|â–Ž         | 16/455 [00:05<02:08,  3.42it/s, loss=2.5515][PROFILE rank=0 batch=16]
  data_time      =0.0006s
  to_device_time =0.0041s
  forward_time   =0.1252s
  loss_time      =0.0018s
  backward_time  =0.1658s
  optimizer_time =0.0071s
  batch_time     =0.3052s
  cuda_allocated_gb    =0.122
  cuda_reserved_gb     =10.279
  cuda_max_allocated_gb=8.434

train 11 rank0:   4%|â–Ž         | 16/455 [00:05<02:08,  3.42it/s, loss=2.5425]
train 11 rank0:   4%|â–Ž         | 17/455 [00:05<02:10,  3.36it/s, loss=2.5425][PROFILE rank=0 batch=17]
  data_time      =0.0006s
  to_device_time =0.0041s
  forward_time   =0.1274s
  loss_time      =0.0022s
  backward_time  =0.1661s
  optimizer_time =0.0074s
  batch_time     =0.3085s
  cuda_allocated_gb    =0.119
  cuda_reserved_gb     =10.279
  cuda_max_allocated_gb=8.434

train 11 rank0:   4%|â–Ž         | 17/455 [00:05<02:10,  3.36it/s, loss=2.5227]
train 11 rank0:   4%|â–         | 18/455 [00:05<02:11,  3.31it/s, loss=2.5227][PROFILE rank=0 batch=18]
  data_time      =0.0007s
  to_device_time =0.0040s
  forward_time   =0.1249s
  loss_time      =0.0017s
  backward_time  =0.1637s
  optimizer_time =0.0070s
  batch_time     =0.3027s
  cuda_allocated_gb    =0.120
  cuda_reserved_gb     =10.279
  cuda_max_allocated_gb=8.434

train 11 rank0:   4%|â–         | 18/455 [00:06<02:11,  3.31it/s, loss=2.5404]
train 11 rank0:   4%|â–         | 19/455 [00:06<02:12,  3.30it/s, loss=2.5404][PROFILE rank=0 batch=19]
  data_time      =0.0006s
  to_device_time =0.0040s
  forward_time   =0.1253s
  loss_time      =0.0018s
  backward_time  =0.1652s
  optimizer_time =0.0075s
  batch_time     =0.3050s
  cuda_allocated_gb    =0.121
  cuda_reserved_gb     =10.279
  cuda_max_allocated_gb=8.434

[PROFILE average rank=0 first 20 batches (recorded=20)]
  avg_data_time      =0.0204s
  avg_to_device_time =0.0040s
  avg_forward_time   =0.1249s
  avg_loss_time      =0.0019s
  avg_backward_time  =0.1642s
  avg_optimizer_time =0.0076s
  avg_batch_time     =0.3042s
  estimated_full_epoch_minutes=2.31

train 11 rank0:   4%|â–         | 19/455 [00:06<02:12,  3.30it/s, loss=2.5420]
train 11 rank0:   4%|â–         | 20/455 [00:06<02:12,  3.28it/s, loss=2.5420]
train 11 rank0:   4%|â–         | 20/455 [00:06<02:12,  3.28it/s, loss=2.5330]
train 11 rank0:   5%|â–         | 21/455 [00:06<02:13,  3.25it/s, loss=2.5330]
train 11 rank0:   5%|â–         | 21/455 [00:07<02:13,  3.25it/s, loss=2.5376]
train 11 rank0:   5%|â–         | 22/455 [00:07<02:13,  3.25it/s, loss=2.5376]
train 11 rank0:   5%|â–         | 22/455 [00:07<02:13,  3.25it/s, loss=2.5301]
train 11 rank0:   5%|â–Œ         | 23/455 [00:07<02:12,  3.26it/s, loss=2.5301]
train 11 rank0:   5%|â–Œ         | 23/455 [00:07<02:12,  3.26it/s, loss=2.5472]
train 11 rank0:   5%|â–Œ         | 24/455 [00:07<02:11,  3.27it/s, loss=2.5472]
train 11 rank0:   5%|â–Œ         | 24/455 [00:08<02:11,  3.27it/s, loss=2.5552]
train 11 rank0:   5%|â–Œ         | 25/455 [00:08<02:11,  3.28it/s, loss=2.5552]
train 11 rank0:   5%|â–Œ         | 25/455 [00:08<02:11,  3.28it/s, loss=2.5422]
train 11 rank0:   6%|â–Œ         | 26/455 [00:08<02:11,  3.27it/s, loss=2.5422]
train 11 rank0:   6%|â–Œ         | 26/455 [00:08<02:11,  3.27it/s, loss=2.5264]
train 11 rank0:   6%|â–Œ         | 27/455 [00:08<02:10,  3.28it/s, loss=2.5264]
train 11 rank0:   6%|â–Œ         | 27/455 [00:09<02:10,  3.28it/s, loss=2.5153]
train 11 rank0:   6%|â–Œ         | 28/455 [00:09<02:09,  3.29it/s, loss=2.5153]
train 11 rank0:   6%|â–Œ         | 28/455 [00:09<02:09,  3.29it/s, loss=2.5218]
train 11 rank0:   6%|â–‹         | 29/455 [00:09<02:11,  3.24it/s, loss=2.5218]
train 11 rank0:   6%|â–‹         | 29/455 [00:09<02:11,  3.24it/s, loss=2.5215]
train 11 rank0:   7%|â–‹         | 30/455 [00:09<02:12,  3.21it/s, loss=2.5215]
                                                                             
/usr/local/lib/python3.12/dist-packages/torch/distributed/c10d_logger.py:83: UserWarning: barrier(): using the device under current context. You can specify `device_id` in `init_process_group` to mute this warning.
  return func(*args, **kwargs)

val:   0%|          | 0/57 [00:00<?, ?it/s]
val:   2%|â–         | 1/57 [00:00<00:27,  2.02it/s]
val:   4%|â–Ž         | 2/57 [00:00<00:19,  2.87it/s]
val:   5%|â–Œ         | 3/57 [00:00<00:16,  3.31it/s]
val:   7%|â–‹         | 4/57 [00:01<00:24,  2.17it/s]
val:   9%|â–‰         | 5/57 [00:01<00:19,  2.62it/s]
val:  11%|â–ˆ         | 6/57 [00:02<00:17,  3.00it/s]
val:  12%|â–ˆâ–        | 7/57 [00:02<00:15,  3.30it/s]
val:  14%|â–ˆâ–        | 8/57 [00:02<00:13,  3.52it/s]
val:  16%|â–ˆâ–Œ        | 9/57 [00:02<00:13,  3.68it/s]
val:  18%|â–ˆâ–Š        | 10/57 [00:03<00:12,  3.80it/s]
                                                    
Epoch 011/015 | loss=2.5359 acc=0.1440 macro_f1=0.1343 | val_loss=2.5331 val_acc=0.1625 val_macro_f1=0.1036 | ckpt_monitor=val_macro_f1:0.1036 best_val_macro_f1=0.1269 best_epoch=9 early_val_macro_f1=0.1269 sec/batch=0.323s cuda_rankmax=8.434GB
          val pred_count: [242, 62, 71, 228, 33, 0, 4]
          no improvement: 2/12
/usr/local/lib/python3.12/dist-packages/torch/distributed/c10d_logger.py:83: UserWarning: barrier(): using the device under current context. You can specify `device_id` in `init_process_group` to mute this warning.
  return func(*args, **kwargs)

train 12 rank0:   0%|          | 0/455 [00:00<?, ?it/s][PROFILE rank=0 batch=0]
  data_time      =0.3682s
  to_device_time =0.0023s
  forward_time   =0.1312s
  loss_time      =0.0015s
  backward_time  =0.1633s
  optimizer_time =0.0072s
  batch_time     =0.3169s
  cuda_allocated_gb    =0.119
  cuda_reserved_gb     =10.279
  cuda_max_allocated_gb=8.434

train 12 rank0:   0%|          | 0/455 [00:00<?, ?it/s, loss=2.5248]
train 12 rank0:   0%|          | 1/455 [00:00<05:12,  1.45it/s, loss=2.5248][PROFILE rank=0 batch=1]
  data_time      =0.0005s
  to_device_time =0.0040s
  forward_time   =0.1272s
  loss_time      =0.0018s
  backward_time  =0.1648s
  optimizer_time =0.0075s
  batch_time     =0.3066s
  cuda_allocated_gb    =0.119
  cuda_reserved_gb     =10.279
  cuda_max_allocated_gb=8.434

train 12 rank0:   0%|          | 1/455 [00:00<05:12,  1.45it/s, loss=2.5415]
train 12 rank0:   0%|          | 2/455 [00:00<03:31,  2.15it/s, loss=2.5415][PROFILE rank=0 batch=2]
  data_time      =0.0006s
  to_device_time =0.0039s
  forward_time   =0.1347s
  loss_time      =0.0029s
  backward_time  =0.1734s
  optimizer_time =0.0073s
  batch_time     =0.3239s
  cuda_allocated_gb    =0.120
  cuda_reserved_gb     =10.279
  cuda_max_allocated_gb=8.434

train 12 rank0:   0%|          | 2/455 [00:01<03:31,  2.15it/s, loss=2.5332]
train 12 rank0:   1%|          | 3/455 [00:01<03:02,  2.48it/s, loss=2.5332][PROFILE rank=0 batch=3]
  data_time      =0.0005s
  to_device_time =0.0040s
  forward_time   =0.1275s
  loss_time      =0.0018s
  backward_time  =0.1655s
  optimizer_time =0.0074s
  batch_time     =0.3082s
  cuda_allocated_gb    =0.121
  cuda_reserved_gb     =10.279
  cuda_max_allocated_gb=8.434

train 12 rank0:   1%|          | 3/455 [00:01<03:02,  2.48it/s, loss=2.5361]
train 12 rank0:   1%|          | 4/455 [00:01<02:45,  2.72it/s, loss=2.5361][PROFILE rank=0 batch=4]
  data_time      =0.0006s
  to_device_time =0.0022s
  forward_time   =0.1269s
  loss_time      =0.0018s
  backward_time  =0.1648s
  optimizer_time =0.0071s
  batch_time     =0.3041s
  cuda_allocated_gb    =0.120
  cuda_reserved_gb     =10.279
  cuda_max_allocated_gb=8.434

train 12 rank0:   1%|          | 4/455 [00:01<02:45,  2.72it/s, loss=2.5064]
train 12 rank0:   1%|          | 5/455 [00:01<02:35,  2.89it/s, loss=2.5064][PROFILE rank=0 batch=5]
  data_time      =0.0004s
  to_device_time =0.0041s
  forward_time   =0.1257s
  loss_time      =0.0017s
  backward_time  =0.1674s
  optimizer_time =0.0069s
  batch_time     =0.3068s
  cuda_allocated_gb    =0.120
  cuda_reserved_gb     =10.279
  cuda_max_allocated_gb=8.434

train 12 rank0:   1%|          | 5/455 [00:02<02:35,  2.89it/s, loss=2.5193]
train 12 rank0:   1%|â–         | 6/455 [00:02<02:29,  3.00it/s, loss=2.5193][PROFILE rank=0 batch=6]
  data_time      =0.0005s
  to_device_time =0.0040s
  forward_time   =0.1269s
  loss_time      =0.0018s
  backward_time  =0.1649s
  optimizer_time =0.0071s
  batch_time     =0.3061s
  cuda_allocated_gb    =0.119
  cuda_reserved_gb     =10.279
  cuda_max_allocated_gb=8.434

train 12 rank0:   1%|â–         | 6/455 [00:02<02:29,  3.00it/s, loss=2.5333]
train 12 rank0:   2%|â–         | 7/455 [00:02<02:26,  3.07it/s, loss=2.5333][PROFILE rank=0 batch=7]
  data_time      =0.0006s
  to_device_time =0.0040s
  forward_time   =0.1259s
  loss_time      =0.0017s
  backward_time  =0.1646s
  optimizer_time =0.0073s
  batch_time     =0.3048s
  cuda_allocated_gb    =0.120
  cuda_reserved_gb     =10.279
  cuda_max_allocated_gb=8.434

train 12 rank0:   2%|â–         | 7/455 [00:02<02:26,  3.07it/s, loss=2.5177]
train 12 rank0:   2%|â–         | 8/455 [00:02<02:23,  3.12it/s, loss=2.5177][PROFILE rank=0 batch=8]
  data_time      =0.0006s
  to_device_time =0.0040s
  forward_time   =0.1287s
  loss_time      =0.0017s
  backward_time  =0.1675s
  optimizer_time =0.0071s
  batch_time     =0.3103s
  cuda_allocated_gb    =0.120
  cuda_reserved_gb     =10.279
  cuda_max_allocated_gb=8.434

train 12 rank0:   2%|â–         | 8/455 [00:03<02:23,  3.12it/s, loss=2.5481]
train 12 rank0:   2%|â–         | 9/455 [00:03<02:22,  3.14it/s, loss=2.5481][PROFILE rank=0 batch=9]
  data_time      =0.0006s
  to_device_time =0.0041s
  forward_time   =0.1272s
  loss_time      =0.0018s
  backward_time  =0.1654s
  optimizer_time =0.0072s
  batch_time     =0.3071s
  cuda_allocated_gb    =0.120
  cuda_reserved_gb     =10.279
  cuda_max_allocated_gb=8.434

train 12 rank0:   2%|â–         | 9/455 [00:03<02:22,  3.14it/s, loss=2.5426]
train 12 rank0:   2%|â–         | 10/455 [00:03<02:20,  3.16it/s, loss=2.5426][PROFILE rank=0 batch=10]
  data_time      =0.0006s
  to_device_time =0.0040s
  forward_time   =0.1269s
  loss_time      =0.0017s
  backward_time  =0.1669s
  optimizer_time =0.0072s
  batch_time     =0.3081s
  cuda_allocated_gb    =0.119
  cuda_reserved_gb     =10.279
  cuda_max_allocated_gb=8.434

train 12 rank0:   2%|â–         | 10/455 [00:03<02:20,  3.16it/s, loss=2.5450]
train 12 rank0:   2%|â–         | 11/455 [00:03<02:19,  3.17it/s, loss=2.5450][PROFILE rank=0 batch=11]
  data_time      =0.0006s
  to_device_time =0.0040s
  forward_time   =0.1239s
  loss_time      =0.0018s
  backward_time  =0.1682s
  optimizer_time =0.0074s
  batch_time     =0.3067s
  cuda_allocated_gb    =0.120
  cuda_reserved_gb     =10.279
  cuda_max_allocated_gb=8.434

train 12 rank0:   2%|â–         | 11/455 [00:04<02:19,  3.17it/s, loss=2.5224]
train 12 rank0:   3%|â–Ž         | 12/455 [00:04<02:19,  3.19it/s, loss=2.5224][PROFILE rank=0 batch=12]
  data_time      =0.0007s
  to_device_time =0.0039s
  forward_time   =0.1314s
  loss_time      =0.0025s
  backward_time  =0.1749s
  optimizer_time =0.0073s
  batch_time     =0.3216s
  cuda_allocated_gb    =0.120
  cuda_reserved_gb     =10.279
  cuda_max_allocated_gb=8.434

train 12 rank0:   3%|â–Ž         | 12/455 [00:04<02:19,  3.19it/s, loss=2.5156]
train 12 rank0:   3%|â–Ž         | 13/455 [00:04<02:20,  3.15it/s, loss=2.5156][PROFILE rank=0 batch=13]
  data_time      =0.0006s
  to_device_time =0.0040s
  forward_time   =0.1341s
  loss_time      =0.0026s
  backward_time  =0.1731s
  optimizer_time =0.0072s
  batch_time     =0.3227s
  cuda_allocated_gb    =0.120
  cuda_reserved_gb     =10.279
  cuda_max_allocated_gb=8.434

train 12 rank0:   3%|â–Ž         | 13/455 [00:04<02:20,  3.15it/s, loss=2.5297]
train 12 rank0:   3%|â–Ž         | 14/455 [00:04<02:21,  3.12it/s, loss=2.5297][PROFILE rank=0 batch=14]
  data_time      =0.0005s
  to_device_time =0.0040s
  forward_time   =0.1266s
  loss_time      =0.0018s
  backward_time  =0.1668s
  optimizer_time =0.0074s
  batch_time     =0.3079s
  cuda_allocated_gb    =0.119
  cuda_reserved_gb     =10.279
  cuda_max_allocated_gb=8.434

train 12 rank0:   3%|â–Ž         | 14/455 [00:05<02:21,  3.12it/s, loss=2.5578]
train 12 rank0:   3%|â–Ž         | 15/455 [00:05<02:19,  3.15it/s, loss=2.5578][PROFILE rank=0 batch=15]
  data_time      =0.0007s
  to_device_time =0.0025s
  forward_time   =0.0968s
  loss_time      =0.0017s
  backward_time  =0.1074s
  optimizer_time =0.0073s
  batch_time     =0.2170s
  cuda_allocated_gb    =0.090
  cuda_reserved_gb     =10.279
  cuda_max_allocated_gb=8.434

train 12 rank0:   3%|â–Ž         | 15/455 [00:05<02:19,  3.15it/s, loss=2.5264]
train 12 rank0:   4%|â–Ž         | 16/455 [00:05<02:06,  3.46it/s, loss=2.5264][PROFILE rank=0 batch=16]
  data_time      =0.0006s
  to_device_time =0.0039s
  forward_time   =0.1252s
  loss_time      =0.0018s
  backward_time  =0.1680s
  optimizer_time =0.0072s
  batch_time     =0.3073s
  cuda_allocated_gb    =0.122
  cuda_reserved_gb     =10.279
  cuda_max_allocated_gb=8.434

train 12 rank0:   4%|â–Ž         | 16/455 [00:05<02:06,  3.46it/s, loss=2.5370]
train 12 rank0:   4%|â–Ž         | 17/455 [00:05<02:09,  3.38it/s, loss=2.5370][PROFILE rank=0 batch=17]
  data_time      =0.0006s
  to_device_time =0.0039s
  forward_time   =0.1264s
  loss_time      =0.0018s
  backward_time  =0.1651s
  optimizer_time =0.0073s
  batch_time     =0.3056s
  cuda_allocated_gb    =0.119
  cuda_reserved_gb     =10.279
  cuda_max_allocated_gb=8.434

train 12 rank0:   4%|â–Ž         | 17/455 [00:05<02:09,  3.38it/s, loss=2.5391]
train 12 rank0:   4%|â–         | 18/455 [00:05<02:10,  3.34it/s, loss=2.5391][PROFILE rank=0 batch=18]
  data_time      =0.0006s
  to_device_time =0.0040s
  forward_time   =0.1258s
  loss_time      =0.0020s
  backward_time  =0.1673s
  optimizer_time =0.0079s
  batch_time     =0.3087s
  cuda_allocated_gb    =0.120
  cuda_reserved_gb     =10.279
  cuda_max_allocated_gb=8.434

train 12 rank0:   4%|â–         | 18/455 [00:06<02:10,  3.34it/s, loss=2.5318]
train 12 rank0:   4%|â–         | 19/455 [00:06<02:12,  3.29it/s, loss=2.5318][PROFILE rank=0 batch=19]
  data_time      =0.0006s
  to_device_time =0.0040s
  forward_time   =0.1268s
  loss_time      =0.0018s
  backward_time  =0.1686s
  optimizer_time =0.0076s
  batch_time     =0.3099s
  cuda_allocated_gb    =0.121
  cuda_reserved_gb     =10.279
  cuda_max_allocated_gb=8.434

[PROFILE average rank=0 first 20 batches (recorded=20)]
  avg_data_time      =0.0190s
  avg_to_device_time =0.0037s
  avg_forward_time   =0.1263s
  avg_loss_time      =0.0019s
  avg_backward_time  =0.1644s
  avg_optimizer_time =0.0073s
  avg_batch_time     =0.3055s
  estimated_full_epoch_minutes=2.32

train 12 rank0:   4%|â–         | 19/455 [00:06<02:12,  3.29it/s, loss=2.5453]
train 12 rank0:   4%|â–         | 20/455 [00:06<02:13,  3.26it/s, loss=2.5453]
train 12 rank0:   4%|â–         | 20/455 [00:06<02:13,  3.26it/s, loss=2.5206]
train 12 rank0:   5%|â–         | 21/455 [00:06<02:12,  3.27it/s, loss=2.5206]
train 12 rank0:   5%|â–         | 21/455 [00:07<02:12,  3.27it/s, loss=2.5380]
train 12 rank0:   5%|â–         | 22/455 [00:07<02:12,  3.27it/s, loss=2.5380]
train 12 rank0:   5%|â–         | 22/455 [00:07<02:12,  3.27it/s, loss=2.5355]
train 12 rank0:   5%|â–Œ         | 23/455 [00:07<02:12,  3.27it/s, loss=2.5355]
train 12 rank0:   5%|â–Œ         | 23/455 [00:07<02:12,  3.27it/s, loss=2.5567]
train 12 rank0:   5%|â–Œ         | 24/455 [00:07<02:12,  3.25it/s, loss=2.5567]
train 12 rank0:   5%|â–Œ         | 24/455 [00:08<02:12,  3.25it/s, loss=2.5310]
train 12 rank0:   5%|â–Œ         | 25/455 [00:08<02:12,  3.25it/s, loss=2.5310]
train 12 rank0:   5%|â–Œ         | 25/455 [00:08<02:12,  3.25it/s, loss=2.5325]
train 12 rank0:   6%|â–Œ         | 26/455 [00:08<02:11,  3.26it/s, loss=2.5325]
train 12 rank0:   6%|â–Œ         | 26/455 [00:08<02:11,  3.26it/s, loss=2.5126]
train 12 rank0:   6%|â–Œ         | 27/455 [00:08<02:11,  3.26it/s, loss=2.5126]
train 12 rank0:   6%|â–Œ         | 27/455 [00:09<02:11,  3.26it/s, loss=2.5344]
train 12 rank0:   6%|â–Œ         | 28/455 [00:09<02:10,  3.26it/s, loss=2.5344]
train 12 rank0:   6%|â–Œ         | 28/455 [00:09<02:10,  3.26it/s, loss=2.5656]
train 12 rank0:   6%|â–‹         | 29/455 [00:09<02:12,  3.21it/s, loss=2.5656]
train 12 rank0:   6%|â–‹         | 29/455 [00:09<02:12,  3.21it/s, loss=2.5388]
train 12 rank0:   7%|â–‹         | 30/455 [00:09<02:13,  3.18it/s, loss=2.5388]
                                                                             
/usr/local/lib/python3.12/dist-packages/torch/distributed/c10d_logger.py:83: UserWarning: barrier(): using the device under current context. You can specify `device_id` in `init_process_group` to mute this warning.
  return func(*args, **kwargs)

val:   0%|          | 0/57 [00:00<?, ?it/s]
val:   2%|â–         | 1/57 [00:01<01:11,  1.28s/it]
val:   4%|â–Ž         | 2/57 [00:01<00:36,  1.49it/s]
val:   5%|â–Œ         | 3/57 [00:01<00:25,  2.10it/s]
val:   7%|â–‹         | 4/57 [00:02<00:20,  2.60it/s]
val:   9%|â–‰         | 5/57 [00:02<00:17,  3.00it/s]
val:  11%|â–ˆ         | 6/57 [00:02<00:15,  3.30it/s]
val:  12%|â–ˆâ–        | 7/57 [00:02<00:14,  3.53it/s]
val:  14%|â–ˆâ–        | 8/57 [00:02<00:13,  3.70it/s]
val:  16%|â–ˆâ–Œ        | 9/57 [00:03<00:12,  3.81it/s]
val:  18%|â–ˆâ–Š        | 10/57 [00:03<00:12,  3.90it/s]
                                                    
Epoch 012/015 | loss=2.5334 acc=0.1361 macro_f1=0.1256 | val_loss=2.5331 val_acc=0.1906 val_macro_f1=0.1385 | ckpt_monitor=val_macro_f1:0.1385 best_val_macro_f1=0.1385 best_epoch=12 early_val_macro_f1=0.1385 sec/batch=0.322s cuda_rankmax=8.434GB
          val pred_count: [199, 68, 76, 227, 41, 0, 29]
          checkpoint improvement: best_epoch=12
          early stopping monitor improved
/usr/local/lib/python3.12/dist-packages/torch/distributed/c10d_logger.py:83: UserWarning: barrier(): using the device under current context. You can specify `device_id` in `init_process_group` to mute this warning.
  return func(*args, **kwargs)

train 13 rank0:   0%|          | 0/455 [00:00<?, ?it/s][PROFILE rank=0 batch=0]
  data_time      =0.3617s
  to_device_time =0.0053s
  forward_time   =0.1298s
  loss_time      =0.0015s
  backward_time  =0.1653s
  optimizer_time =0.0075s
  batch_time     =0.3130s
  cuda_allocated_gb    =0.119
  cuda_reserved_gb     =10.279
  cuda_max_allocated_gb=8.434

train 13 rank0:   0%|          | 0/455 [00:00<?, ?it/s, loss=2.5504]
train 13 rank0:   0%|          | 1/455 [00:00<05:07,  1.48it/s, loss=2.5504][PROFILE rank=0 batch=1]
  data_time      =0.0006s
  to_device_time =0.0040s
  forward_time   =0.1251s
  loss_time      =0.0018s
  backward_time  =0.1642s
  optimizer_time =0.0072s
  batch_time     =0.3036s
  cuda_allocated_gb    =0.119
  cuda_reserved_gb     =10.279
  cuda_max_allocated_gb=8.434

train 13 rank0:   0%|          | 1/455 [00:00<05:07,  1.48it/s, loss=2.5414]
train 13 rank0:   0%|          | 2/455 [00:00<03:28,  2.17it/s, loss=2.5414][PROFILE rank=0 batch=2]
  data_time      =0.0006s
  to_device_time =0.0040s
  forward_time   =0.1265s
  loss_time      =0.0017s
  backward_time  =0.1633s
  optimizer_time =0.0074s
  batch_time     =0.3041s
  cuda_allocated_gb    =0.120
  cuda_reserved_gb     =10.279
  cuda_max_allocated_gb=8.434

train 13 rank0:   0%|          | 2/455 [00:01<03:28,  2.17it/s, loss=2.5351]
train 13 rank0:   1%|          | 3/455 [00:01<02:56,  2.56it/s, loss=2.5351][PROFILE rank=0 batch=3]
  data_time      =0.0030s
  to_device_time =0.0025s
  forward_time   =0.1307s
  loss_time      =0.0017s
  backward_time  =0.1667s
  optimizer_time =0.0071s
  batch_time     =0.3101s
  cuda_allocated_gb    =0.121
  cuda_reserved_gb     =10.279
  cuda_max_allocated_gb=8.434

train 13 rank0:   1%|          | 3/455 [00:01<02:56,  2.56it/s, loss=2.5563]
train 13 rank0:   1%|          | 4/455 [00:01<02:43,  2.77it/s, loss=2.5563][PROFILE rank=0 batch=4]
  data_time      =0.0006s
  to_device_time =0.0036s
  forward_time   =0.1266s
  loss_time      =0.0016s
  backward_time  =0.1640s
  optimizer_time =0.0068s
  batch_time     =0.3038s
  cuda_allocated_gb    =0.120
  cuda_reserved_gb     =10.279
  cuda_max_allocated_gb=8.434

train 13 rank0:   1%|          | 4/455 [00:01<02:43,  2.77it/s, loss=2.5251]
train 13 rank0:   1%|          | 5/455 [00:01<02:33,  2.92it/s, loss=2.5251][PROFILE rank=0 batch=5]
  data_time      =0.0006s
  to_device_time =0.0040s
  forward_time   =0.1261s
  loss_time      =0.0017s
  backward_time  =0.1652s
  optimizer_time =0.0072s
  batch_time     =0.3054s
  cuda_allocated_gb    =0.120
  cuda_reserved_gb     =10.279
  cuda_max_allocated_gb=8.434

train 13 rank0:   1%|          | 5/455 [00:02<02:33,  2.92it/s, loss=2.5213]
train 13 rank0:   1%|â–         | 6/455 [00:02<02:28,  3.02it/s, loss=2.5213][PROFILE rank=0 batch=6]
  data_time      =0.0006s
  to_device_time =0.0040s
  forward_time   =0.1255s
  loss_time      =0.0017s
  backward_time  =0.1675s
  optimizer_time =0.0072s
  batch_time     =0.3073s
  cuda_allocated_gb    =0.119
  cuda_reserved_gb     =10.279
  cuda_max_allocated_gb=8.434

train 13 rank0:   1%|â–         | 6/455 [00:02<02:28,  3.02it/s, loss=2.5513]
train 13 rank0:   2%|â–         | 7/455 [00:02<02:25,  3.08it/s, loss=2.5513][PROFILE rank=0 batch=7]
  data_time      =0.0005s
  to_device_time =0.0041s
  forward_time   =0.1253s
  loss_time      =0.0017s
  backward_time  =0.1665s
  optimizer_time =0.0073s
  batch_time     =0.3061s
  cuda_allocated_gb    =0.120
  cuda_reserved_gb     =10.279
  cuda_max_allocated_gb=8.434

train 13 rank0:   2%|â–         | 7/455 [00:02<02:25,  3.08it/s, loss=2.5351]
train 13 rank0:   2%|â–         | 8/455 [00:02<02:23,  3.13it/s, loss=2.5351][PROFILE rank=0 batch=8]
  data_time      =0.0005s
  to_device_time =0.0040s
  forward_time   =0.1264s
  loss_time      =0.0019s
  backward_time  =0.1645s
  optimizer_time =0.0072s
  batch_time     =0.3053s
  cuda_allocated_gb    =0.120
  cuda_reserved_gb     =10.279
  cuda_max_allocated_gb=8.434

train 13 rank0:   2%|â–         | 8/455 [00:03<02:23,  3.13it/s, loss=2.5324]
train 13 rank0:   2%|â–         | 9/455 [00:03<02:21,  3.16it/s, loss=2.5324][PROFILE rank=0 batch=9]
  data_time      =0.0007s
  to_device_time =0.0039s
  forward_time   =0.1263s
  loss_time      =0.0017s
  backward_time  =0.1667s
  optimizer_time =0.0077s
  batch_time     =0.3077s
  cuda_allocated_gb    =0.120
  cuda_reserved_gb     =10.279
  cuda_max_allocated_gb=8.434

train 13 rank0:   2%|â–         | 9/455 [00:03<02:21,  3.16it/s, loss=2.5500]
train 13 rank0:   2%|â–         | 10/455 [00:03<02:20,  3.17it/s, loss=2.5500][PROFILE rank=0 batch=10]
  data_time      =0.0006s
  to_device_time =0.0039s
  forward_time   =0.1263s
  loss_time      =0.0016s
  backward_time  =0.1659s
  optimizer_time =0.0069s
  batch_time     =0.3058s
  cuda_allocated_gb    =0.119
  cuda_reserved_gb     =10.279
  cuda_max_allocated_gb=8.434

train 13 rank0:   2%|â–         | 10/455 [00:03<02:20,  3.17it/s, loss=2.5320]
train 13 rank0:   2%|â–         | 11/455 [00:03<02:19,  3.19it/s, loss=2.5320][PROFILE rank=0 batch=11]
  data_time      =0.0006s
  to_device_time =0.0040s
  forward_time   =0.1259s
  loss_time      =0.0018s
  backward_time  =0.1644s
  optimizer_time =0.0077s
  batch_time     =0.3050s
  cuda_allocated_gb    =0.120
  cuda_reserved_gb     =10.279
  cuda_max_allocated_gb=8.434

train 13 rank0:   2%|â–         | 11/455 [00:04<02:19,  3.19it/s, loss=2.5418]
train 13 rank0:   3%|â–Ž         | 12/455 [00:04<02:18,  3.20it/s, loss=2.5418][PROFILE rank=0 batch=12]
  data_time      =0.0006s
  to_device_time =0.0039s
  forward_time   =0.1323s
  loss_time      =0.0023s
  backward_time  =0.1705s
  optimizer_time =0.0068s
  batch_time     =0.3175s
  cuda_allocated_gb    =0.120
  cuda_reserved_gb     =10.279
  cuda_max_allocated_gb=8.434

train 13 rank0:   3%|â–Ž         | 12/455 [00:04<02:18,  3.20it/s, loss=2.5213]
train 13 rank0:   3%|â–Ž         | 13/455 [00:04<02:19,  3.17it/s, loss=2.5213][PROFILE rank=0 batch=13]
  data_time      =0.0006s
  to_device_time =0.0041s
  forward_time   =0.1316s
  loss_time      =0.0024s
  backward_time  =0.1726s
  optimizer_time =0.0070s
  batch_time     =0.3192s
  cuda_allocated_gb    =0.120
  cuda_reserved_gb     =10.279
  cuda_max_allocated_gb=8.434

train 13 rank0:   3%|â–Ž         | 13/455 [00:04<02:19,  3.17it/s, loss=2.5237]
train 13 rank0:   3%|â–Ž         | 14/455 [00:04<02:20,  3.15it/s, loss=2.5237][PROFILE rank=0 batch=14]
  data_time      =0.0006s
  to_device_time =0.0041s
  forward_time   =0.1261s
  loss_time      =0.0017s
  backward_time  =0.1645s
  optimizer_time =0.0072s
  batch_time     =0.3049s
  cuda_allocated_gb    =0.119
  cuda_reserved_gb     =10.279
  cuda_max_allocated_gb=8.434

train 13 rank0:   3%|â–Ž         | 14/455 [00:05<02:20,  3.15it/s, loss=2.5626]
train 13 rank0:   3%|â–Ž         | 15/455 [00:05<02:18,  3.18it/s, loss=2.5626][PROFILE rank=0 batch=15]
  data_time      =0.0006s
  to_device_time =0.0026s
  forward_time   =0.0979s
  loss_time      =0.0019s
  backward_time  =0.1088s
  optimizer_time =0.0073s
  batch_time     =0.2198s
  cuda_allocated_gb    =0.090
  cuda_reserved_gb     =10.279
  cuda_max_allocated_gb=8.434

train 13 rank0:   3%|â–Ž         | 15/455 [00:05<02:18,  3.18it/s, loss=2.5226]
train 13 rank0:   4%|â–Ž         | 16/455 [00:05<02:06,  3.48it/s, loss=2.5226][PROFILE rank=0 batch=16]
  data_time      =0.0005s
  to_device_time =0.0041s
  forward_time   =0.1252s
  loss_time      =0.0017s
  backward_time  =0.1675s
  optimizer_time =0.0077s
  batch_time     =0.3074s
  cuda_allocated_gb    =0.122
  cuda_reserved_gb     =10.279
  cuda_max_allocated_gb=8.434

train 13 rank0:   4%|â–Ž         | 16/455 [00:05<02:06,  3.48it/s, loss=2.5612]
train 13 rank0:   4%|â–Ž         | 17/455 [00:05<02:09,  3.39it/s, loss=2.5612][PROFILE rank=0 batch=17]
  data_time      =0.0007s
  to_device_time =0.0040s
  forward_time   =0.1262s
  loss_time      =0.0017s
  backward_time  =0.1646s
  optimizer_time =0.0069s
  batch_time     =0.3049s
  cuda_allocated_gb    =0.119
  cuda_reserved_gb     =10.279
  cuda_max_allocated_gb=8.434

train 13 rank0:   4%|â–Ž         | 17/455 [00:05<02:09,  3.39it/s, loss=2.5315]
train 13 rank0:   4%|â–         | 18/455 [00:05<02:10,  3.34it/s, loss=2.5315][PROFILE rank=0 batch=18]
  data_time      =0.0006s
  to_device_time =0.0041s
  forward_time   =0.1251s
  loss_time      =0.0016s
  backward_time  =0.1634s
  optimizer_time =0.0071s
  batch_time     =0.3027s
  cuda_allocated_gb    =0.120
  cuda_reserved_gb     =10.279
  cuda_max_allocated_gb=8.434

train 13 rank0:   4%|â–         | 18/455 [00:06<02:10,  3.34it/s, loss=2.5213]
train 13 rank0:   4%|â–         | 19/455 [00:06<02:11,  3.32it/s, loss=2.5213][PROFILE rank=0 batch=19]
  data_time      =0.0006s
  to_device_time =0.0039s
  forward_time   =0.1251s
  loss_time      =0.0022s
  backward_time  =0.1657s
  optimizer_time =0.0073s
  batch_time     =0.3055s
  cuda_allocated_gb    =0.121
  cuda_reserved_gb     =10.279
  cuda_max_allocated_gb=8.434

[PROFILE average rank=0 first 20 batches (recorded=20)]
  avg_data_time      =0.0188s
  avg_to_device_time =0.0039s
  avg_forward_time   =0.1255s
  avg_loss_time      =0.0018s
  avg_backward_time  =0.1631s
  avg_optimizer_time =0.0072s
  avg_batch_time     =0.3030s
  estimated_full_epoch_minutes=2.30

train 13 rank0:   4%|â–         | 19/455 [00:06<02:11,  3.32it/s, loss=2.5320]
train 13 rank0:   4%|â–         | 20/455 [00:06<02:12,  3.29it/s, loss=2.5320]
train 13 rank0:   4%|â–         | 20/455 [00:06<02:12,  3.29it/s, loss=2.5494]
train 13 rank0:   5%|â–         | 21/455 [00:06<02:12,  3.28it/s, loss=2.5494]
train 13 rank0:   5%|â–         | 21/455 [00:07<02:12,  3.28it/s, loss=2.5376]
train 13 rank0:   5%|â–         | 22/455 [00:07<02:12,  3.28it/s, loss=2.5376]
train 13 rank0:   5%|â–         | 22/455 [00:07<02:12,  3.28it/s, loss=2.5426]
train 13 rank0:   5%|â–Œ         | 23/455 [00:07<02:12,  3.27it/s, loss=2.5426]
train 13 rank0:   5%|â–Œ         | 23/455 [00:07<02:12,  3.27it/s, loss=2.5396]
train 13 rank0:   5%|â–Œ         | 24/455 [00:07<02:12,  3.25it/s, loss=2.5396]
train 13 rank0:   5%|â–Œ         | 24/455 [00:08<02:12,  3.25it/s, loss=2.5211]
train 13 rank0:   5%|â–Œ         | 25/455 [00:08<02:12,  3.23it/s, loss=2.5211]
train 13 rank0:   5%|â–Œ         | 25/455 [00:08<02:12,  3.23it/s, loss=2.5337]
train 13 rank0:   6%|â–Œ         | 26/455 [00:08<02:12,  3.24it/s, loss=2.5337]
train 13 rank0:   6%|â–Œ         | 26/455 [00:08<02:12,  3.24it/s, loss=2.5258]
train 13 rank0:   6%|â–Œ         | 27/455 [00:08<02:11,  3.25it/s, loss=2.5258]
train 13 rank0:   6%|â–Œ         | 27/455 [00:08<02:11,  3.25it/s, loss=2.5326]
train 13 rank0:   6%|â–Œ         | 28/455 [00:08<02:10,  3.26it/s, loss=2.5326]
train 13 rank0:   6%|â–Œ         | 28/455 [00:09<02:10,  3.26it/s, loss=2.5359]
train 13 rank0:   6%|â–‹         | 29/455 [00:09<02:12,  3.22it/s, loss=2.5359]
train 13 rank0:   6%|â–‹         | 29/455 [00:09<02:12,  3.22it/s, loss=2.5451]
train 13 rank0:   7%|â–‹         | 30/455 [00:09<02:13,  3.19it/s, loss=2.5451]
                                                                             
/usr/local/lib/python3.12/dist-packages/torch/distributed/c10d_logger.py:83: UserWarning: barrier(): using the device under current context. You can specify `device_id` in `init_process_group` to mute this warning.
  return func(*args, **kwargs)

val:   0%|          | 0/57 [00:00<?, ?it/s]
val:   2%|â–         | 1/57 [00:00<00:27,  2.05it/s]
val:   4%|â–Ž         | 2/57 [00:00<00:18,  2.92it/s]
val:   5%|â–Œ         | 3/57 [00:00<00:15,  3.38it/s]
val:   7%|â–‹         | 4/57 [00:01<00:14,  3.63it/s]
val:   9%|â–‰         | 5/57 [00:01<00:13,  3.79it/s]
val:  11%|â–ˆ         | 6/57 [00:01<00:13,  3.90it/s]
val:  12%|â–ˆâ–        | 7/57 [00:01<00:12,  3.97it/s]
val:  14%|â–ˆâ–        | 8/57 [00:02<00:12,  4.01it/s]
val:  16%|â–ˆâ–Œ        | 9/57 [00:02<00:11,  4.04it/s]
val:  18%|â–ˆâ–Š        | 10/57 [00:02<00:11,  4.07it/s]
                                                    
Epoch 013/015 | loss=2.5369 acc=0.1424 macro_f1=0.1330 | val_loss=2.5331 val_acc=0.1766 val_macro_f1=0.1226 | ckpt_monitor=val_macro_f1:0.1226 best_val_macro_f1=0.1385 best_epoch=12 early_val_macro_f1=0.1385 sec/batch=0.321s cuda_rankmax=8.434GB
          val pred_count: [196, 62, 78, 225, 44, 0, 35]
          no improvement: 1/12
/usr/local/lib/python3.12/dist-packages/torch/distributed/c10d_logger.py:83: UserWarning: barrier(): using the device under current context. You can specify `device_id` in `init_process_group` to mute this warning.
  return func(*args, **kwargs)

train 14 rank0:   0%|          | 0/455 [00:00<?, ?it/s][PROFILE rank=0 batch=0]
  data_time      =0.3288s
  to_device_time =0.0099s
  forward_time   =0.1458s
  loss_time      =0.0020s
  backward_time  =0.1610s
  optimizer_time =0.0073s
  batch_time     =0.3401s
  cuda_allocated_gb    =0.119
  cuda_reserved_gb     =10.279
  cuda_max_allocated_gb=8.434

train 14 rank0:   0%|          | 0/455 [00:00<?, ?it/s, loss=2.5233]
train 14 rank0:   0%|          | 1/455 [00:00<05:05,  1.49it/s, loss=2.5233][PROFILE rank=0 batch=1]
  data_time      =0.0004s
  to_device_time =0.0041s
  forward_time   =0.1250s
  loss_time      =0.0017s
  backward_time  =0.1628s
  optimizer_time =0.0072s
  batch_time     =0.3020s
  cuda_allocated_gb    =0.119
  cuda_reserved_gb     =10.279
  cuda_max_allocated_gb=8.434

train 14 rank0:   0%|          | 1/455 [00:00<05:05,  1.49it/s, loss=2.5376]
train 14 rank0:   0%|          | 2/455 [00:00<03:26,  2.19it/s, loss=2.5376][PROFILE rank=0 batch=2]
  data_time      =0.0006s
  to_device_time =0.0039s
  forward_time   =0.1301s
  loss_time      =0.0018s
  backward_time  =0.1648s
  optimizer_time =0.0071s
  batch_time     =0.3088s
  cuda_allocated_gb    =0.120
  cuda_reserved_gb     =10.279
  cuda_max_allocated_gb=8.434

train 14 rank0:   0%|          | 2/455 [00:01<03:26,  2.19it/s, loss=2.5448]
train 14 rank0:   1%|          | 3/455 [00:01<02:56,  2.56it/s, loss=2.5448][PROFILE rank=0 batch=3]
  data_time      =0.0006s
  to_device_time =0.0040s
  forward_time   =0.1261s
  loss_time      =0.0018s
  backward_time  =0.1644s
  optimizer_time =0.0073s
  batch_time     =0.3047s
  cuda_allocated_gb    =0.121
  cuda_reserved_gb     =10.279
  cuda_max_allocated_gb=8.434

train 14 rank0:   1%|          | 3/455 [00:01<02:56,  2.56it/s, loss=2.5313]
train 14 rank0:   1%|          | 4/455 [00:01<02:41,  2.79it/s, loss=2.5313][PROFILE rank=0 batch=4]
  data_time      =0.0006s
  to_device_time =0.0040s
  forward_time   =0.1246s
  loss_time      =0.0017s
  backward_time  =0.1634s
  optimizer_time =0.0075s
  batch_time     =0.3024s
  cuda_allocated_gb    =0.120
  cuda_reserved_gb     =10.279
  cuda_max_allocated_gb=8.434

train 14 rank0:   1%|          | 4/455 [00:01<02:41,  2.79it/s, loss=2.5228]
train 14 rank0:   1%|          | 5/455 [00:01<02:32,  2.94it/s, loss=2.5228][PROFILE rank=0 batch=5]
  data_time      =0.0006s
  to_device_time =0.0039s
  forward_time   =0.1255s
  loss_time      =0.0019s
  backward_time  =0.1619s
  optimizer_time =0.0073s
  batch_time     =0.3020s
  cuda_allocated_gb    =0.120
  cuda_reserved_gb     =10.279
  cuda_max_allocated_gb=8.434

train 14 rank0:   1%|          | 5/455 [00:02<02:32,  2.94it/s, loss=2.5459]
train 14 rank0:   1%|â–         | 6/455 [00:02<02:27,  3.05it/s, loss=2.5459][PROFILE rank=0 batch=6]
  data_time      =0.0006s
  to_device_time =0.0041s
  forward_time   =0.1248s
  loss_time      =0.0017s
  backward_time  =0.1646s
  optimizer_time =0.0075s
  batch_time     =0.3040s
  cuda_allocated_gb    =0.119
  cuda_reserved_gb     =10.279
  cuda_max_allocated_gb=8.434

train 14 rank0:   1%|â–         | 6/455 [00:02<02:27,  3.05it/s, loss=2.5375]
train 14 rank0:   2%|â–         | 7/455 [00:02<02:24,  3.11it/s, loss=2.5375][PROFILE rank=0 batch=7]
  data_time      =0.0007s
  to_device_time =0.0039s
  forward_time   =0.1263s
  loss_time      =0.0019s
  backward_time  =0.1663s
  optimizer_time =0.0075s
  batch_time     =0.3075s
  cuda_allocated_gb    =0.120
  cuda_reserved_gb     =10.279
  cuda_max_allocated_gb=8.434

train 14 rank0:   2%|â–         | 7/455 [00:02<02:24,  3.11it/s, loss=2.5122]
train 14 rank0:   2%|â–         | 8/455 [00:02<02:22,  3.14it/s, loss=2.5122][PROFILE rank=0 batch=8]
  data_time      =0.0004s
  to_device_time =0.0040s
  forward_time   =0.1268s
  loss_time      =0.0017s
  backward_time  =0.1637s
  optimizer_time =0.0073s
  batch_time     =0.3048s
  cuda_allocated_gb    =0.120
  cuda_reserved_gb     =10.279
  cuda_max_allocated_gb=8.434

train 14 rank0:   2%|â–         | 8/455 [00:03<02:22,  3.14it/s, loss=2.5314]
train 14 rank0:   2%|â–         | 9/455 [00:03<02:20,  3.17it/s, loss=2.5314][PROFILE rank=0 batch=9]
  data_time      =0.0007s
  to_device_time =0.0038s
  forward_time   =0.1257s
  loss_time      =0.0019s
  backward_time  =0.1627s
  optimizer_time =0.0077s
  batch_time     =0.3030s
  cuda_allocated_gb    =0.120
  cuda_reserved_gb     =10.279
  cuda_max_allocated_gb=8.434

train 14 rank0:   2%|â–         | 9/455 [00:03<02:20,  3.17it/s, loss=2.5369]
train 14 rank0:   2%|â–         | 10/455 [00:03<02:19,  3.19it/s, loss=2.5369][PROFILE rank=0 batch=10]
  data_time      =0.0006s
  to_device_time =0.0039s
  forward_time   =0.1265s
  loss_time      =0.0018s
  backward_time  =0.1651s
  optimizer_time =0.0073s
  batch_time     =0.3057s
  cuda_allocated_gb    =0.119
  cuda_reserved_gb     =10.279
  cuda_max_allocated_gb=8.434

train 14 rank0:   2%|â–         | 10/455 [00:03<02:19,  3.19it/s, loss=2.5360]
train 14 rank0:   2%|â–         | 11/455 [00:03<02:18,  3.20it/s, loss=2.5360][PROFILE rank=0 batch=11]
  data_time      =0.0006s
  to_device_time =0.0041s
  forward_time   =0.1255s
  loss_time      =0.0018s
  backward_time  =0.1654s
  optimizer_time =0.0076s
  batch_time     =0.3057s
  cuda_allocated_gb    =0.120
  cuda_reserved_gb     =10.279
  cuda_max_allocated_gb=8.434

train 14 rank0:   2%|â–         | 11/455 [00:04<02:18,  3.20it/s, loss=2.5307]
train 14 rank0:   3%|â–Ž         | 12/455 [00:04<02:17,  3.21it/s, loss=2.5307][PROFILE rank=0 batch=12]
  data_time      =0.0006s
  to_device_time =0.0040s
  forward_time   =0.1334s
  loss_time      =0.0024s
  backward_time  =0.1718s
  optimizer_time =0.0072s
  batch_time     =0.3207s
  cuda_allocated_gb    =0.120
  cuda_reserved_gb     =10.279
  cuda_max_allocated_gb=8.434

train 14 rank0:   3%|â–Ž         | 12/455 [00:04<02:17,  3.21it/s, loss=2.5447]
train 14 rank0:   3%|â–Ž         | 13/455 [00:04<02:19,  3.17it/s, loss=2.5447][PROFILE rank=0 batch=13]
  data_time      =0.0006s
  to_device_time =0.0040s
  forward_time   =0.1307s
  loss_time      =0.0025s
  backward_time  =0.1715s
  optimizer_time =0.0073s
  batch_time     =0.3176s
  cuda_allocated_gb    =0.120
  cuda_reserved_gb     =10.279
  cuda_max_allocated_gb=8.434

train 14 rank0:   3%|â–Ž         | 13/455 [00:04<02:19,  3.17it/s, loss=2.5382]
train 14 rank0:   3%|â–Ž         | 14/455 [00:04<02:19,  3.15it/s, loss=2.5382][PROFILE rank=0 batch=14]
  data_time      =0.0025s
  to_device_time =0.0036s
  forward_time   =0.1247s
  loss_time      =0.0016s
  backward_time  =0.1648s
  optimizer_time =0.0086s
  batch_time     =0.3047s
  cuda_allocated_gb    =0.119
  cuda_reserved_gb     =10.279
  cuda_max_allocated_gb=8.434

train 14 rank0:   3%|â–Ž         | 14/455 [00:05<02:19,  3.15it/s, loss=2.5132]
train 14 rank0:   3%|â–Ž         | 15/455 [00:05<02:18,  3.17it/s, loss=2.5132][PROFILE rank=0 batch=15]
  data_time      =0.0006s
  to_device_time =0.0025s
  forward_time   =0.0989s
  loss_time      =0.0023s
  backward_time  =0.1090s
  optimizer_time =0.0120s
  batch_time     =0.2262s
  cuda_allocated_gb    =0.090
  cuda_reserved_gb     =10.279
  cuda_max_allocated_gb=8.434

train 14 rank0:   3%|â–Ž         | 15/455 [00:05<02:18,  3.17it/s, loss=2.5509]
train 14 rank0:   4%|â–Ž         | 16/455 [00:05<02:07,  3.45it/s, loss=2.5509][PROFILE rank=0 batch=16]
  data_time      =0.0006s
  to_device_time =0.0036s
  forward_time   =0.1386s
  loss_time      =0.0018s
  backward_time  =0.1639s
  optimizer_time =0.0075s
  batch_time     =0.3167s
  cuda_allocated_gb    =0.122
  cuda_reserved_gb     =10.279
  cuda_max_allocated_gb=8.434

train 14 rank0:   4%|â–Ž         | 16/455 [00:05<02:07,  3.45it/s, loss=2.5490]
train 14 rank0:   4%|â–Ž         | 17/455 [00:05<02:11,  3.34it/s, loss=2.5490][PROFILE rank=0 batch=17]
  data_time      =0.0007s
  to_device_time =0.0039s
  forward_time   =0.1274s
  loss_time      =0.0018s
  backward_time  =0.1647s
  optimizer_time =0.0075s
  batch_time     =0.3068s
  cuda_allocated_gb    =0.119
  cuda_reserved_gb     =10.279
  cuda_max_allocated_gb=8.434

train 14 rank0:   4%|â–Ž         | 17/455 [00:05<02:11,  3.34it/s, loss=2.5466]
train 14 rank0:   4%|â–         | 18/455 [00:05<02:12,  3.30it/s, loss=2.5466][PROFILE rank=0 batch=18]
  data_time      =0.0006s
  to_device_time =0.0040s
  forward_time   =0.1269s
  loss_time      =0.0019s
  backward_time  =0.1636s
  optimizer_time =0.0078s
  batch_time     =0.3057s
  cuda_allocated_gb    =0.120
  cuda_reserved_gb     =10.279
  cuda_max_allocated_gb=8.434

train 14 rank0:   4%|â–         | 18/455 [00:06<02:12,  3.30it/s, loss=2.5395]
train 14 rank0:   4%|â–         | 19/455 [00:06<02:12,  3.28it/s, loss=2.5395][PROFILE rank=0 batch=19]
  data_time      =0.0006s
  to_device_time =0.0040s
  forward_time   =0.1233s
  loss_time      =0.0017s
  backward_time  =0.1630s
  optimizer_time =0.0074s
  batch_time     =0.3006s
  cuda_allocated_gb    =0.121
  cuda_reserved_gb     =10.279
  cuda_max_allocated_gb=8.434

[PROFILE average rank=0 first 20 batches (recorded=20)]
  avg_data_time      =0.0171s
  avg_to_device_time =0.0042s
  avg_forward_time   =0.1268s
  avg_loss_time      =0.0019s
  avg_backward_time  =0.1619s
  avg_optimizer_time =0.0077s
  avg_batch_time     =0.3045s
  estimated_full_epoch_minutes=2.31

train 14 rank0:   4%|â–         | 19/455 [00:06<02:12,  3.28it/s, loss=2.5410]
train 14 rank0:   4%|â–         | 20/455 [00:06<02:12,  3.28it/s, loss=2.5410]
train 14 rank0:   4%|â–         | 20/455 [00:06<02:12,  3.28it/s, loss=2.5406]
train 14 rank0:   5%|â–         | 21/455 [00:06<02:12,  3.28it/s, loss=2.5406]
train 14 rank0:   5%|â–         | 21/455 [00:07<02:12,  3.28it/s, loss=2.5442]
train 14 rank0:   5%|â–         | 22/455 [00:07<02:12,  3.28it/s, loss=2.5442]
train 14 rank0:   5%|â–         | 22/455 [00:07<02:12,  3.28it/s, loss=2.5147]
train 14 rank0:   5%|â–Œ         | 23/455 [00:07<02:11,  3.29it/s, loss=2.5147]
train 14 rank0:   5%|â–Œ         | 23/455 [00:07<02:11,  3.29it/s, loss=2.5406]
train 14 rank0:   5%|â–Œ         | 24/455 [00:07<02:11,  3.28it/s, loss=2.5406]
train 14 rank0:   5%|â–Œ         | 24/455 [00:08<02:11,  3.28it/s, loss=2.5309]
train 14 rank0:   5%|â–Œ         | 25/455 [00:08<02:10,  3.29it/s, loss=2.5309]
train 14 rank0:   5%|â–Œ         | 25/455 [00:08<02:10,  3.29it/s, loss=2.5437]
train 14 rank0:   6%|â–Œ         | 26/455 [00:08<02:10,  3.28it/s, loss=2.5437]
train 14 rank0:   6%|â–Œ         | 26/455 [00:08<02:10,  3.28it/s, loss=2.5184]
train 14 rank0:   6%|â–Œ         | 27/455 [00:08<02:10,  3.28it/s, loss=2.5184]
train 14 rank0:   6%|â–Œ         | 27/455 [00:08<02:10,  3.28it/s, loss=2.5351]
train 14 rank0:   6%|â–Œ         | 28/455 [00:08<02:09,  3.29it/s, loss=2.5351]
train 14 rank0:   6%|â–Œ         | 28/455 [00:09<02:09,  3.29it/s, loss=2.5258]
train 14 rank0:   6%|â–‹         | 29/455 [00:09<02:10,  3.26it/s, loss=2.5258]
train 14 rank0:   6%|â–‹         | 29/455 [00:09<02:10,  3.26it/s, loss=2.5381]
train 14 rank0:   7%|â–‹         | 30/455 [00:09<02:12,  3.20it/s, loss=2.5381]
                                                                             
/usr/local/lib/python3.12/dist-packages/torch/distributed/c10d_logger.py:83: UserWarning: barrier(): using the device under current context. You can specify `device_id` in `init_process_group` to mute this warning.
  return func(*args, **kwargs)

val:   0%|          | 0/57 [00:00<?, ?it/s]
val:   2%|â–         | 1/57 [00:00<00:25,  2.17it/s]
val:   4%|â–Ž         | 2/57 [00:00<00:18,  3.01it/s]
val:   5%|â–Œ         | 3/57 [00:00<00:15,  3.44it/s]
val:   7%|â–‹         | 4/57 [00:01<00:14,  3.68it/s]
val:   9%|â–‰         | 5/57 [00:01<00:13,  3.82it/s]
val:  11%|â–ˆ         | 6/57 [00:01<00:13,  3.92it/s]
val:  12%|â–ˆâ–        | 7/57 [00:01<00:12,  3.98it/s]
val:  14%|â–ˆâ–        | 8/57 [00:02<00:12,  4.02it/s]
val:  16%|â–ˆâ–Œ        | 9/57 [00:02<00:11,  4.04it/s]
val:  18%|â–ˆâ–Š        | 10/57 [00:02<00:11,  4.07it/s]
                                                    
Epoch 014/015 | loss=2.5345 acc=0.1398 macro_f1=0.1279 | val_loss=2.5331 val_acc=0.1766 val_macro_f1=0.1339 | ckpt_monitor=val_macro_f1:0.1339 best_val_macro_f1=0.1385 best_epoch=12 early_val_macro_f1=0.1385 sec/batch=0.320s cuda_rankmax=8.434GB
          val pred_count: [189, 77, 88, 196, 48, 0, 42]
          no improvement: 2/12
/usr/local/lib/python3.12/dist-packages/torch/distributed/c10d_logger.py:83: UserWarning: barrier(): using the device under current context. You can specify `device_id` in `init_process_group` to mute this warning.
  return func(*args, **kwargs)

train 15 rank0:   0%|          | 0/455 [00:00<?, ?it/s][PROFILE rank=0 batch=0]
  data_time      =0.1847s
  to_device_time =0.0022s
  forward_time   =0.1421s
  loss_time      =0.0052s
  backward_time  =0.1766s
  optimizer_time =0.0072s
  batch_time     =0.5149s
  cuda_allocated_gb    =0.119
  cuda_reserved_gb     =10.279
  cuda_max_allocated_gb=8.434

train 15 rank0:   0%|          | 0/455 [00:00<?, ?it/s, loss=2.5466]
train 15 rank0:   0%|          | 1/455 [00:00<05:19,  1.42it/s, loss=2.5466][PROFILE rank=0 batch=1]
  data_time      =0.0007s
  to_device_time =0.0040s
  forward_time   =0.1278s
  loss_time      =0.0018s
  backward_time  =0.1647s
  optimizer_time =0.0075s
  batch_time     =0.3071s
  cuda_allocated_gb    =0.119
  cuda_reserved_gb     =10.279
  cuda_max_allocated_gb=8.434

train 15 rank0:   0%|          | 1/455 [00:01<05:19,  1.42it/s, loss=2.5457]
train 15 rank0:   0%|          | 2/455 [00:01<03:33,  2.12it/s, loss=2.5457][PROFILE rank=0 batch=2]
  data_time      =0.0025s
  to_device_time =0.0037s
  forward_time   =0.1251s
  loss_time      =0.0018s
  backward_time  =0.1630s
  optimizer_time =0.0073s
  batch_time     =0.3024s
  cuda_allocated_gb    =0.120
  cuda_reserved_gb     =10.279
  cuda_max_allocated_gb=8.434

train 15 rank0:   0%|          | 2/455 [00:01<03:33,  2.12it/s, loss=2.5369]
train 15 rank0:   1%|          | 3/455 [00:01<02:59,  2.52it/s, loss=2.5369][PROFILE rank=0 batch=3]
  data_time      =0.0006s
  to_device_time =0.0039s
  forward_time   =0.1335s
  loss_time      =0.0033s
  backward_time  =0.1715s
  optimizer_time =0.0071s
  batch_time     =0.3207s
  cuda_allocated_gb    =0.121
  cuda_reserved_gb     =10.279
  cuda_max_allocated_gb=8.434

train 15 rank0:   1%|          | 3/455 [00:01<02:59,  2.52it/s, loss=2.5180]
train 15 rank0:   1%|          | 4/455 [00:01<02:46,  2.71it/s, loss=2.5180][PROFILE rank=0 batch=4]
  data_time      =0.0006s
  to_device_time =0.0040s
  forward_time   =0.1277s
  loss_time      =0.0023s
  backward_time  =0.1701s
  optimizer_time =0.0073s
  batch_time     =0.3130s
  cuda_allocated_gb    =0.120
  cuda_reserved_gb     =10.279
  cuda_max_allocated_gb=8.434

train 15 rank0:   1%|          | 4/455 [00:01<02:46,  2.71it/s, loss=2.5363]
train 15 rank0:   1%|          | 5/455 [00:01<02:37,  2.86it/s, loss=2.5363][PROFILE rank=0 batch=5]
  data_time      =0.0006s
  to_device_time =0.0040s
  forward_time   =0.1258s
  loss_time      =0.0017s
  backward_time  =0.1629s
  optimizer_time =0.0072s
  batch_time     =0.3030s
  cuda_allocated_gb    =0.120
  cuda_reserved_gb     =10.279
  cuda_max_allocated_gb=8.434

train 15 rank0:   1%|          | 5/455 [00:02<02:37,  2.86it/s, loss=2.5125]
train 15 rank0:   1%|â–         | 6/455 [00:02<02:30,  2.98it/s, loss=2.5125][PROFILE rank=0 batch=6]
  data_time      =0.0006s
  to_device_time =0.0023s
  forward_time   =20.2903s
  loss_time      =0.0019s
  backward_time  =0.5869s
  optimizer_time =0.0076s
  batch_time     =20.8905s
  cuda_allocated_gb    =0.084
  cuda_reserved_gb     =10.279
  cuda_max_allocated_gb=8.434

train 15 rank0:   1%|â–         | 6/455 [00:23<02:30,  2.98it/s, loss=2.5650]
train 15 rank0:   2%|â–         | 7/455 [00:23<52:41,  7.06s/it, loss=2.5650][PROFILE rank=0 batch=7]
  data_time      =0.0007s
  to_device_time =0.0040s
  forward_time   =0.1233s
  loss_time      =0.0018s
  backward_time  =0.1588s
  optimizer_time =0.0075s
  batch_time     =0.2970s
  cuda_allocated_gb    =0.119
  cuda_reserved_gb     =10.279
  cuda_max_allocated_gb=8.434

train 15 rank0:   2%|â–         | 7/455 [00:23<52:41,  7.06s/it, loss=2.5187]
train 15 rank0:   2%|â–         | 8/455 [00:23<36:33,  4.91s/it, loss=2.5187][PROFILE rank=0 batch=8]
  data_time      =0.0007s
  to_device_time =0.0040s
  forward_time   =0.1181s
  loss_time      =0.0018s
  backward_time  =0.1588s
  optimizer_time =0.0072s
  batch_time     =0.2924s
  cuda_allocated_gb    =0.121
  cuda_reserved_gb     =10.279
  cuda_max_allocated_gb=8.434

train 15 rank0:   2%|â–         | 8/455 [00:23<36:33,  4.91s/it, loss=2.5433]
train 15 rank0:   2%|â–         | 9/455 [00:23<25:45,  3.47s/it, loss=2.5433][PROFILE rank=0 batch=9]
  data_time      =0.0005s
  to_device_time =0.0040s
  forward_time   =0.1213s
  loss_time      =0.0019s
  backward_time  =0.1585s
  optimizer_time =0.0068s
  batch_time     =0.2940s
  cuda_allocated_gb    =0.121
  cuda_reserved_gb     =10.279
  cuda_max_allocated_gb=8.434

train 15 rank0:   2%|â–         | 9/455 [00:24<25:45,  3.47s/it, loss=2.5313]
train 15 rank0:   2%|â–         | 10/455 [00:24<18:26,  2.49s/it, loss=2.5313][PROFILE rank=0 batch=10]
  data_time      =0.0004s
  to_device_time =0.0040s
  forward_time   =0.1220s
  loss_time      =0.0018s
  backward_time  =0.1592s
  optimizer_time =0.0069s
  batch_time     =0.2952s
  cuda_allocated_gb    =0.120
  cuda_reserved_gb     =10.279
  cuda_max_allocated_gb=8.434

train 15 rank0:   2%|â–         | 10/455 [00:24<18:26,  2.49s/it, loss=2.5099]
train 15 rank0:   2%|â–         | 11/455 [00:24<13:27,  1.82s/it, loss=2.5099][PROFILE rank=0 batch=11]
  data_time      =0.0006s
  to_device_time =0.0040s
  forward_time   =0.1199s
  loss_time      =0.0018s
  backward_time  =0.1586s
  optimizer_time =0.0074s
  batch_time     =0.2947s
  cuda_allocated_gb    =0.121
  cuda_reserved_gb     =10.279
  cuda_max_allocated_gb=8.434

train 15 rank0:   2%|â–         | 11/455 [00:24<13:27,  1.82s/it, loss=2.5395]
train 15 rank0:   3%|â–Ž         | 12/455 [00:24<10:00,  1.36s/it, loss=2.5395][PROFILE rank=0 batch=12]
  data_time      =0.0006s
  to_device_time =0.0040s
  forward_time   =0.1314s
  loss_time      =0.0025s
  backward_time  =0.1653s
  optimizer_time =0.0076s
  batch_time     =0.3123s
  cuda_allocated_gb    =0.120
  cuda_reserved_gb     =10.279
  cuda_max_allocated_gb=8.434

train 15 rank0:   3%|â–Ž         | 12/455 [00:24<10:00,  1.36s/it, loss=2.5369]
train 15 rank0:   3%|â–Ž         | 13/455 [00:24<07:40,  1.04s/it, loss=2.5369][PROFILE rank=0 batch=13]
  data_time      =0.0006s
  to_device_time =0.0039s
  forward_time   =0.1222s
  loss_time      =0.0018s
  backward_time  =0.1686s
  optimizer_time =0.0079s
  batch_time     =0.3107s
  cuda_allocated_gb    =0.120
  cuda_reserved_gb     =10.279
  cuda_max_allocated_gb=8.434

train 15 rank0:   3%|â–Ž         | 13/455 [00:25<07:40,  1.04s/it, loss=2.5462]
train 15 rank0:   3%|â–Ž         | 14/455 [00:25<06:02,  1.22it/s, loss=2.5462][PROFILE rank=0 batch=14]
  data_time      =0.0006s
  to_device_time =0.0038s
  forward_time   =0.1227s
  loss_time      =0.0018s
  backward_time  =0.1587s
  optimizer_time =0.0079s
  batch_time     =0.2961s
  cuda_allocated_gb    =0.119
  cuda_reserved_gb     =10.279
  cuda_max_allocated_gb=8.434

train 15 rank0:   3%|â–Ž         | 14/455 [00:25<06:02,  1.22it/s, loss=2.5474]
train 15 rank0:   3%|â–Ž         | 15/455 [00:25<04:52,  1.51it/s, loss=2.5474][PROFILE rank=0 batch=15]
  data_time      =0.0006s
  to_device_time =0.0038s
  forward_time   =0.1221s
  loss_time      =0.0017s
  backward_time  =0.1580s
  optimizer_time =0.0075s
  batch_time     =0.2944s
  cuda_allocated_gb    =0.120
  cuda_reserved_gb     =10.279
  cuda_max_allocated_gb=8.434

train 15 rank0:   3%|â–Ž         | 15/455 [00:25<04:52,  1.51it/s, loss=2.5393]
train 15 rank0:   4%|â–Ž         | 16/455 [00:25<04:03,  1.80it/s, loss=2.5393][PROFILE rank=0 batch=16]
  data_time      =0.0005s
  to_device_time =0.0041s
  forward_time   =0.1233s
  loss_time      =0.0019s
  backward_time  =0.1595s
  optimizer_time =0.0077s
  batch_time     =0.2977s
  cuda_allocated_gb    =0.120
  cuda_reserved_gb     =10.279
  cuda_max_allocated_gb=8.434

train 15 rank0:   4%|â–Ž         | 16/455 [00:26<04:03,  1.80it/s, loss=2.5285]
train 15 rank0:   4%|â–Ž         | 17/455 [00:26<03:29,  2.09it/s, loss=2.5285][PROFILE rank=0 batch=17]
  data_time      =0.0007s
  to_device_time =0.0040s
  forward_time   =0.1250s
  loss_time      =0.0019s
  backward_time  =0.1605s
  optimizer_time =0.0074s
  batch_time     =0.3001s
  cuda_allocated_gb    =0.120
  cuda_reserved_gb     =10.279
  cuda_max_allocated_gb=8.434

train 15 rank0:   4%|â–Ž         | 17/455 [00:26<03:29,  2.09it/s, loss=2.5578]
train 15 rank0:   4%|â–         | 18/455 [00:26<03:06,  2.35it/s, loss=2.5578][PROFILE rank=0 batch=18]
  data_time      =0.0006s
  to_device_time =0.0040s
  forward_time   =0.1220s
  loss_time      =0.0017s
  backward_time  =0.1615s
  optimizer_time =0.0075s
  batch_time     =0.2980s
  cuda_allocated_gb    =0.119
  cuda_reserved_gb     =10.279
  cuda_max_allocated_gb=8.434

train 15 rank0:   4%|â–         | 18/455 [00:26<03:06,  2.35it/s, loss=2.5425]
train 15 rank0:   4%|â–         | 19/455 [00:26<02:49,  2.57it/s, loss=2.5425][PROFILE rank=0 batch=19]
  data_time      =0.0007s
  to_device_time =0.0040s
  forward_time   =0.1280s
  loss_time      =0.0024s
  backward_time  =0.1710s
  optimizer_time =0.0070s
  batch_time     =0.3139s
  cuda_allocated_gb    =0.120
  cuda_reserved_gb     =10.279
  cuda_max_allocated_gb=8.434

[PROFILE average rank=0 first 20 batches (recorded=20)]
  avg_data_time      =0.0099s
  avg_to_device_time =0.0038s
  avg_forward_time   =1.1337s
  avg_loss_time      =0.0021s
  avg_backward_time  =0.1846s
  avg_optimizer_time =0.0074s
  avg_batch_time     =1.3424s
  estimated_full_epoch_minutes=10.18

train 15 rank0:   4%|â–         | 19/455 [00:27<02:49,  2.57it/s, loss=2.5551]
train 15 rank0:   4%|â–         | 20/455 [00:27<02:39,  2.72it/s, loss=2.5551]
train 15 rank0:   4%|â–         | 20/455 [00:27<02:39,  2.72it/s, loss=2.5215]
train 15 rank0:   5%|â–         | 21/455 [00:27<02:32,  2.85it/s, loss=2.5215]
train 15 rank0:   5%|â–         | 21/455 [00:27<02:32,  2.85it/s, loss=2.5451]
train 15 rank0:   5%|â–         | 22/455 [00:27<02:24,  2.99it/s, loss=2.5451]
train 15 rank0:   5%|â–         | 22/455 [00:28<02:24,  2.99it/s, loss=2.5588]
train 15 rank0:   5%|â–Œ         | 23/455 [00:28<02:19,  3.10it/s, loss=2.5588]
train 15 rank0:   5%|â–Œ         | 23/455 [00:28<02:19,  3.10it/s, loss=2.5384]
train 15 rank0:   5%|â–Œ         | 24/455 [00:28<02:15,  3.18it/s, loss=2.5384]
train 15 rank0:   5%|â–Œ         | 24/455 [00:28<02:15,  3.18it/s, loss=2.5510]
train 15 rank0:   5%|â–Œ         | 25/455 [00:28<02:13,  3.23it/s, loss=2.5510]
train 15 rank0:   5%|â–Œ         | 25/455 [00:28<02:13,  3.23it/s, loss=2.5386]
train 15 rank0:   6%|â–Œ         | 26/455 [00:28<02:11,  3.27it/s, loss=2.5386]
train 15 rank0:   6%|â–Œ         | 26/455 [00:29<02:11,  3.27it/s, loss=2.5108]
train 15 rank0:   6%|â–Œ         | 27/455 [00:29<02:09,  3.30it/s, loss=2.5108]
train 15 rank0:   6%|â–Œ         | 27/455 [00:29<02:09,  3.30it/s, loss=2.5581]
train 15 rank0:   6%|â–Œ         | 28/455 [00:29<02:08,  3.31it/s, loss=2.5581]
train 15 rank0:   6%|â–Œ         | 28/455 [00:29<02:08,  3.31it/s, loss=2.5040]
train 15 rank0:   6%|â–‹         | 29/455 [00:29<02:10,  3.28it/s, loss=2.5040]
train 15 rank0:   6%|â–‹         | 29/455 [00:30<02:10,  3.28it/s, loss=2.5312]
train 15 rank0:   7%|â–‹         | 30/455 [00:30<02:10,  3.26it/s, loss=2.5312]
                                                                             
/usr/local/lib/python3.12/dist-packages/torch/distributed/c10d_logger.py:83: UserWarning: barrier(): using the device under current context. You can specify `device_id` in `init_process_group` to mute this warning.
  return func(*args, **kwargs)

val:   0%|          | 0/57 [00:00<?, ?it/s]
val:   2%|â–         | 1/57 [00:00<00:25,  2.17it/s]
val:   4%|â–Ž         | 2/57 [00:00<00:18,  3.05it/s]
val:   5%|â–Œ         | 3/57 [00:00<00:15,  3.52it/s]
val:   7%|â–‹         | 4/57 [00:01<00:14,  3.75it/s]
val:   9%|â–‰         | 5/57 [00:01<00:13,  3.91it/s]
val:  11%|â–ˆ         | 6/57 [00:01<00:12,  4.01it/s]
val:  12%|â–ˆâ–        | 7/57 [00:01<00:12,  4.08it/s]
val:  14%|â–ˆâ–        | 8/57 [00:02<00:11,  4.12it/s]
val:  16%|â–ˆâ–Œ        | 9/57 [00:02<00:11,  4.15it/s]
val:  18%|â–ˆâ–Š        | 10/57 [00:02<00:11,  4.18it/s]
                                                    
Epoch 015/015 | loss=2.5368 acc=0.1393 macro_f1=0.1306 | val_loss=2.5331 val_acc=0.1422 val_macro_f1=0.1049 | ckpt_monitor=val_macro_f1:0.1049 best_val_macro_f1=0.1385 best_epoch=12 early_val_macro_f1=0.1385 sec/batch=1.005s cuda_rankmax=8.434GB
          val pred_count: [209, 73, 84, 180, 46, 0, 48]
          no improvement: 3/12
/usr/local/lib/python3.12/dist-packages/torch/distributed/c10d_logger.py:83: UserWarning: barrier(): using the device under current context. You can specify `device_id` in `init_process_group` to mute this warning.
  return func(*args, **kwargs)
Training done best_epoch=12 best_metric=0.138479
Logged d12a_stable_ce_first_ddp_b64_amp_chunkaware to reports/d11_experiments_log.csv