/kaggle/working/sgu-2026-fer13-graph/training/trainer.py:222: FutureWarning: `torch.cuda.amp.GradScaler(args...)` is deprecated. Please use `torch.amp.GradScaler('cuda', args...)` instead.
  self.scaler = torch.cuda.amp.GradScaler(
[FullGraphDataset train]
chunk_cache_size=4
num_chunks=58
num_samples=28709
[FullGraphDataset train] chunk cache enabled (max_chunks=4)
[ChunkAwareSampler] enabled=True
num_chunks=58
batch_size=32
batches_per_epoch=919
shuffle_chunks=True
shuffle_within_chunk=True
[DataLoader split=train] num_samples=28709 batch_size=32 num_workers=4 pin_memory=True persistent_workers=True prefetch_factor=2 chunk_cache_size=4 chunk_aware_sampler=True shuffle_chunks=True shuffle_within_chunk=True batches_per_epoch=919
[FullGraphDataset val]
chunk_cache_size=4
num_chunks=8
num_samples=3589
[FullGraphDataset val] chunk cache enabled (max_chunks=4)
[DataLoader split=val] num_samples=3589 batch_size=32 num_workers=4 pin_memory=True persistent_workers=True prefetch_factor=2 chunk_cache_size=4 chunk_aware_sampler=False shuffle_chunks=n/a shuffle_within_chunk=n/a batches_per_epoch=113
--- torch version: 2.10.0+cu128
--- cuda available: True
--- cuda device count: 2
--- selected device: cuda:0
--- gpu name: Tesla T4
--- current cuda device: 0
[Output] run_dir=/kaggle/working/outputs/d12_fastio_benchmark_safe
[Multi-GPU] DataParallel enabled: 2 GPUs
  GPU 0: Tesla T4
  GPU 1: Tesla T4
[AMP] amp_enabled=False init_scale=65536.0
trainer device: cuda:0
model first parameter device: cuda:0
[Scheduler] type=LambdaLR monitor=epoch mode=n/a
[Checkpoint] save_best_metric=val_macro_f1 mode=max
[EarlyStopping] monitor=val_macro_f1 mode=max

train 1:   0%|          | 0/919 [00:00<?, ?it/s]/usr/local/lib/python3.12/dist-packages/torch/autograd/function.py:583: UserWarning: Was asked to gather along dimension 0, but all input tensors were scalars; will instead unsqueeze and return a vector.
  return super().apply(*args, **kwargs)  # type: ignore[misc]

train 1:   0%|          | 0/919 [00:03<?, ?it/s, loss=2.5748]
train 1:   0%|          | 1/919 [00:03<50:27,  3.30s/it, loss=2.5748]
train 1:   0%|          | 1/919 [00:03<50:27,  3.30s/it, loss=2.6166]
train 1:   0%|          | 2/919 [00:03<25:42,  1.68s/it, loss=2.6166]
train 1:   0%|          | 2/919 [00:04<25:42,  1.68s/it, loss=2.5667]
train 1:   0%|          | 3/919 [00:04<17:46,  1.16s/it, loss=2.5667]
train 1:   0%|          | 3/919 [00:04<17:46,  1.16s/it, loss=2.5523]
train 1:   0%|          | 4/919 [00:04<14:03,  1.08it/s, loss=2.5523]
train 1:   0%|          | 4/919 [00:05<14:03,  1.08it/s, loss=2.5527]
train 1:   1%|          | 5/919 [00:05<12:00,  1.27it/s, loss=2.5527]
train 1:   1%|          | 5/919 [00:06<12:00,  1.27it/s, loss=2.5488]
train 1:   1%|          | 6/919 [00:06<10:50,  1.40it/s, loss=2.5488]
train 1:   1%|          | 6/919 [00:06<10:50,  1.40it/s, loss=2.5688]
train 1:   1%|          | 7/919 [00:06<10:03,  1.51it/s, loss=2.5688]
train 1:   1%|          | 7/919 [00:07<10:03,  1.51it/s, loss=2.5664]
train 1:   1%|          | 8/919 [00:07<09:34,  1.59it/s, loss=2.5664]
train 1:   1%|          | 8/919 [00:07<09:34,  1.59it/s, loss=2.5775]
train 1:   1%|          | 9/919 [00:07<09:13,  1.64it/s, loss=2.5775]
train 1:   1%|          | 9/919 [00:08<09:13,  1.64it/s, loss=2.5626]
train 1:   1%|          | 10/919 [00:08<08:59,  1.69it/s, loss=2.5626]
train 1:   1%|          | 10/919 [00:08<08:59,  1.69it/s, loss=2.5595]
train 1:   1%|          | 11/919 [00:08<08:48,  1.72it/s, loss=2.5595]
train 1:   1%|          | 11/919 [00:09<08:48,  1.72it/s, loss=2.5252]
train 1:   1%|â–         | 12/919 [00:09<08:44,  1.73it/s, loss=2.5252]
train 1:   1%|â–         | 12/919 [00:10<08:44,  1.73it/s, loss=2.5655]
train 1:   1%|â–         | 13/919 [00:10<08:49,  1.71it/s, loss=2.5655]
train 1:   1%|â–         | 13/919 [00:10<08:49,  1.71it/s, loss=2.5216]
train 1:   2%|â–         | 14/919 [00:10<08:45,  1.72it/s, loss=2.5216]
train 1:   2%|â–         | 14/919 [00:11<08:45,  1.72it/s, loss=2.5657]
train 1:   2%|â–         | 15/919 [00:11<08:40,  1.74it/s, loss=2.5657]
train 1:   2%|â–         | 15/919 [00:11<08:40,  1.74it/s, loss=2.5718]
train 1:   2%|â–         | 16/919 [00:11<07:44,  1.95it/s, loss=2.5718]
train 1:   2%|â–         | 16/919 [00:12<07:44,  1.95it/s, loss=2.5281]
train 1:   2%|â–         | 17/919 [00:12<07:57,  1.89it/s, loss=2.5281]
train 1:   2%|â–         | 17/919 [00:12<07:57,  1.89it/s, loss=2.5314]
train 1:   2%|â–         | 18/919 [00:12<08:06,  1.85it/s, loss=2.5314]
train 1:   2%|â–         | 18/919 [00:13<08:06,  1.85it/s, loss=2.5395]
train 1:   2%|â–         | 19/919 [00:13<08:11,  1.83it/s, loss=2.5395]
train 1:   2%|â–         | 19/919 [00:13<08:11,  1.83it/s, loss=2.5346]
train 1:   2%|â–         | 20/919 [00:13<08:15,  1.81it/s, loss=2.5346]
train 1:   2%|â–         | 20/919 [00:14<08:15,  1.81it/s, loss=2.5632]
train 1:   2%|â–         | 21/919 [00:14<08:18,  1.80it/s, loss=2.5632]
train 1:   2%|â–         | 21/919 [00:14<08:18,  1.80it/s, loss=2.5544]
train 1:   2%|â–         | 22/919 [00:14<08:21,  1.79it/s, loss=2.5544]
train 1:   2%|â–         | 22/919 [00:15<08:21,  1.79it/s, loss=2.5323]
train 1:   3%|â–Ž         | 23/919 [00:15<08:22,  1.78it/s, loss=2.5323]
train 1:   3%|â–Ž         | 23/919 [00:16<08:22,  1.78it/s, loss=2.5424]
train 1:   3%|â–Ž         | 24/919 [00:16<08:25,  1.77it/s, loss=2.5424]
train 1:   3%|â–Ž         | 24/919 [00:16<08:25,  1.77it/s, loss=2.5042]
train 1:   3%|â–Ž         | 25/919 [00:16<08:26,  1.76it/s, loss=2.5042]
train 1:   3%|â–Ž         | 25/919 [00:17<08:26,  1.76it/s, loss=2.5634]
train 1:   3%|â–Ž         | 26/919 [00:17<08:25,  1.77it/s, loss=2.5634]
train 1:   3%|â–Ž         | 26/919 [00:17<08:25,  1.77it/s, loss=2.5878]
train 1:   3%|â–Ž         | 27/919 [00:17<08:24,  1.77it/s, loss=2.5878]
train 1:   3%|â–Ž         | 27/919 [00:18<08:24,  1.77it/s, loss=2.5318]
train 1:   3%|â–Ž         | 28/919 [00:18<08:24,  1.77it/s, loss=2.5318]
train 1:   3%|â–Ž         | 28/919 [00:18<08:24,  1.77it/s, loss=2.5404]
train 1:   3%|â–Ž         | 29/919 [00:18<08:24,  1.76it/s, loss=2.5404]
train 1:   3%|â–Ž         | 29/919 [00:19<08:24,  1.76it/s, loss=2.5159]
train 1:   3%|â–Ž         | 30/919 [00:19<08:24,  1.76it/s, loss=2.5159]
                                                                      
[SPEED_BENCH] first_batch_x_shape=[32, 2304, 7]
[SPEED_BENCH] first_batch_edge_attr_shape=[32, 17860, 5]
[SPEED_BENCH] bs_mismatch=False  (x.shape[0]=32, expected=32 âœ“)
train tensor devices: x=cuda:0 edge_index=cuda:0 edge_attr=cuda:0 y=cuda:0 logits=cuda:0 loss=cuda:0
[PROFILE batch=0]
  data_time      =0.6082s
  to_device_time =0.0032s
  forward_time   =2.0283s
  loss_time      =0.1256s
  backward_time  =0.3377s
  optimizer_time =0.1859s
  batch_time     =2.6819s
  cuda_allocated_gb    =0.109
  cuda_reserved_gb     =8.988
  cuda_max_allocated_gb=7.711
[PROFILE batch=1]
  data_time      =0.0006s
  to_device_time =0.0021s
  forward_time   =0.2799s
  loss_time      =0.0021s
  backward_time  =0.2588s
  optimizer_time =0.0053s
  batch_time     =0.5486s
  cuda_allocated_gb    =0.125
  cuda_reserved_gb     =8.998
  cuda_max_allocated_gb=7.791
[PROFILE batch=2]
  data_time      =0.0004s
  to_device_time =0.0021s
  forward_time   =0.2769s
  loss_time      =0.0019s
  backward_time  =0.2587s
  optimizer_time =0.0052s
  batch_time     =0.5452s
  cuda_allocated_gb    =0.125
  cuda_reserved_gb     =8.998
  cuda_max_allocated_gb=7.791
[PROFILE batch=3]
  data_time      =0.0005s
  to_device_time =0.0021s
  forward_time   =0.2758s
  loss_time      =0.0020s
  backward_time  =0.2618s
  optimizer_time =0.0051s
  batch_time     =0.5472s
  cuda_allocated_gb    =0.125
  cuda_reserved_gb     =8.998
  cuda_max_allocated_gb=7.791
[PROFILE batch=4]
  data_time      =0.0005s
  to_device_time =0.0021s
  forward_time   =0.2752s
  loss_time      =0.0020s
  backward_time  =0.2644s
  optimizer_time =0.0053s
  batch_time     =0.5494s
  cuda_allocated_gb    =0.125
  cuda_reserved_gb     =8.998
  cuda_max_allocated_gb=7.791
[PROFILE batch=5]
  data_time      =0.0004s
  to_device_time =0.0022s
  forward_time   =0.2800s
  loss_time      =0.0020s
  backward_time  =0.2704s
  optimizer_time =0.0052s
  batch_time     =0.5603s
  cuda_allocated_gb    =0.125
  cuda_reserved_gb     =8.998
  cuda_max_allocated_gb=7.791
[PROFILE batch=6]
  data_time      =0.0005s
  to_device_time =0.0021s
  forward_time   =0.2794s
  loss_time      =0.0021s
  backward_time  =0.2662s
  optimizer_time =0.0063s
  batch_time     =0.5565s
  cuda_allocated_gb    =0.125
  cuda_reserved_gb     =8.998
  cuda_max_allocated_gb=7.791
[PROFILE batch=7]
  data_time      =0.0005s
  to_device_time =0.0022s
  forward_time   =0.2833s
  loss_time      =0.0021s
  backward_time  =0.2671s
  optimizer_time =0.0053s
  batch_time     =0.5606s
  cuda_allocated_gb    =0.125
  cuda_reserved_gb     =8.998
  cuda_max_allocated_gb=7.791
[PROFILE batch=8]
  data_time      =0.0007s
  to_device_time =0.0021s
  forward_time   =0.2772s
  loss_time      =0.0022s
  backward_time  =0.2670s
  optimizer_time =0.0056s
  batch_time     =0.5546s
  cuda_allocated_gb    =0.125
  cuda_reserved_gb     =8.998
  cuda_max_allocated_gb=7.791
[PROFILE batch=9]
  data_time      =0.0005s
  to_device_time =0.0022s
  forward_time   =0.2789s
  loss_time      =0.0032s
  backward_time  =0.2667s
  optimizer_time =0.0054s
  batch_time     =0.5568s
  cuda_allocated_gb    =0.125
  cuda_reserved_gb     =8.998
  cuda_max_allocated_gb=7.791
[PROFILE batch=10]
  data_time      =0.0005s
  to_device_time =0.0022s
  forward_time   =0.2824s
  loss_time      =0.0021s
  backward_time  =0.2606s
  optimizer_time =0.0053s
  batch_time     =0.5532s
  cuda_allocated_gb    =0.125
  cuda_reserved_gb     =8.998
  cuda_max_allocated_gb=7.791
[PROFILE batch=11]
  data_time      =0.0004s
  to_device_time =0.0021s
  forward_time   =0.2770s
  loss_time      =0.0021s
  backward_time  =0.2693s
  optimizer_time =0.0135s
  batch_time     =0.5645s
  cuda_allocated_gb    =0.125
  cuda_reserved_gb     =8.998
  cuda_max_allocated_gb=7.791
[PROFILE batch=12]
  data_time      =0.0006s
  to_device_time =0.0022s
  forward_time   =0.3098s
  loss_time      =0.0022s
  backward_time  =0.2745s
  optimizer_time =0.0060s
  batch_time     =0.5957s
  cuda_allocated_gb    =0.125
  cuda_reserved_gb     =8.998
  cuda_max_allocated_gb=7.792
[PROFILE batch=13]
  data_time      =0.0005s
  to_device_time =0.0022s
  forward_time   =0.2905s
  loss_time      =0.0022s
  backward_time  =0.2672s
  optimizer_time =0.0057s
  batch_time     =0.5687s
  cuda_allocated_gb    =0.125
  cuda_reserved_gb     =8.998
  cuda_max_allocated_gb=7.792
[PROFILE batch=14]
  data_time      =0.0005s
  to_device_time =0.0022s
  forward_time   =0.2777s
  loss_time      =0.0021s
  backward_time  =0.2718s
  optimizer_time =0.0062s
  batch_time     =0.5605s
  cuda_allocated_gb    =0.125
  cuda_reserved_gb     =8.998
  cuda_max_allocated_gb=7.792
[PROFILE batch=15]
  data_time      =0.0005s
  to_device_time =0.0014s
  forward_time   =0.1880s
  loss_time      =0.0024s
  backward_time  =0.1703s
  optimizer_time =0.0054s
  batch_time     =0.3681s
  cuda_allocated_gb    =0.096
  cuda_reserved_gb     =9.008
  cuda_max_allocated_gb=7.792
[PROFILE batch=16]
  data_time      =0.0005s
  to_device_time =0.0021s
  forward_time   =0.2847s
  loss_time      =0.0021s
  backward_time  =0.2677s
  optimizer_time =0.0060s
  batch_time     =0.5630s
  cuda_allocated_gb    =0.125
  cuda_reserved_gb     =9.008
  cuda_max_allocated_gb=7.792
[PROFILE batch=17]
  data_time      =0.0005s
  to_device_time =0.0022s
  forward_time   =0.2823s
  loss_time      =0.0023s
  backward_time  =0.2683s
  optimizer_time =0.0051s
  batch_time     =0.5606s
  cuda_allocated_gb    =0.125
  cuda_reserved_gb     =9.008
  cuda_max_allocated_gb=7.792
[PROFILE batch=18]
  data_time      =0.0005s
  to_device_time =0.0021s
  forward_time   =0.2795s
  loss_time      =0.0020s
  backward_time  =0.2666s
  optimizer_time =0.0057s
  batch_time     =0.5563s
  cuda_allocated_gb    =0.125
  cuda_reserved_gb     =9.008
  cuda_max_allocated_gb=7.792
[PROFILE batch=19]
  data_time      =0.0005s
  to_device_time =0.0021s
  forward_time   =0.2834s
  loss_time      =0.0024s
  backward_time  =0.2673s
  optimizer_time =0.0064s
  batch_time     =0.5620s
  cuda_allocated_gb    =0.125
  cuda_reserved_gb     =9.008
  cuda_max_allocated_gb=7.792

[PROFILE average first 20 batches (recorded=20)]
  avg_data_time      =0.0309s
  avg_to_device_time =0.0022s
  avg_forward_time   =0.3645s
  avg_loss_time      =0.0084s
  avg_backward_time  =0.2651s
  avg_optimizer_time =0.0150s
  avg_batch_time     =0.6557s
  estimated_full_epoch_minutes=10.04

val:   0%|          | 0/113 [00:00<?, ?it/s]/usr/local/lib/python3.12/dist-packages/torch/autograd/function.py:583: UserWarning: Was asked to gather along dimension 0, but all input tensors were scalars; will instead unsqueeze and return a vector.
  return super().apply(*args, **kwargs)  # type: ignore[misc]

val:   1%|          | 1/113 [00:01<01:58,  1.06s/it]
val:   2%|â–         | 2/113 [00:01<01:06,  1.67it/s]
val:   3%|â–Ž         | 3/113 [00:01<00:49,  2.22it/s]
val:   4%|â–Ž         | 4/113 [00:01<00:41,  2.63it/s]
val:   4%|â–         | 5/113 [00:02<00:36,  2.93it/s]
val:   5%|â–Œ         | 6/113 [00:02<00:34,  3.14it/s]
val:   6%|â–Œ         | 7/113 [00:02<00:32,  3.26it/s]
val:   7%|â–‹         | 8/113 [00:02<00:31,  3.37it/s]
val:   8%|â–Š         | 9/113 [00:03<00:30,  3.41it/s]
val:   9%|â–‰         | 10/113 [00:03<00:29,  3.47it/s]
                                                     
Epoch 001/015 | loss=2.5522 acc=0.1255 macro_f1=0.1147 | val_loss=2.5331 val_acc=0.2437 val_macro_f1=0.0736 | ckpt_monitor=val_macro_f1:0.0736 best_val_macro_f1=0.0736 best_epoch=1 early_val_macro_f1=0.0736 sec/batch=0.649s
          val pred_count: [0, 0, 0, 301, 19, 0, 0]
          checkpoint improvement: best_epoch=1
          early stopping monitor improved

train 2:   0%|          | 0/919 [00:00<?, ?it/s]/usr/local/lib/python3.12/dist-packages/torch/autograd/function.py:583: UserWarning: Was asked to gather along dimension 0, but all input tensors were scalars; will instead unsqueeze and return a vector.
  return super().apply(*args, **kwargs)  # type: ignore[misc]

train 2:   0%|          | 0/919 [00:01<?, ?it/s, loss=2.5533]
train 2:   0%|          | 1/919 [00:01<20:27,  1.34s/it, loss=2.5533]
train 2:   0%|          | 1/919 [00:01<20:27,  1.34s/it, loss=2.5181]
train 2:   0%|          | 2/919 [00:01<13:34,  1.13it/s, loss=2.5181]
train 2:   0%|          | 2/919 [00:02<13:34,  1.13it/s, loss=2.5098]
train 2:   0%|          | 3/919 [00:02<11:24,  1.34it/s, loss=2.5098]
train 2:   0%|          | 3/919 [00:03<11:24,  1.34it/s, loss=2.5590]
train 2:   0%|          | 4/919 [00:03<10:22,  1.47it/s, loss=2.5590]
train 2:   0%|          | 4/919 [00:03<10:22,  1.47it/s, loss=2.5585]
train 2:   1%|          | 5/919 [00:03<09:48,  1.55it/s, loss=2.5585]
train 2:   1%|          | 5/919 [00:04<09:48,  1.55it/s, loss=2.5524]
train 2:   1%|          | 6/919 [00:04<09:27,  1.61it/s, loss=2.5524]
train 2:   1%|          | 6/919 [00:04<09:27,  1.61it/s, loss=2.5240]
train 2:   1%|          | 7/919 [00:04<09:14,  1.65it/s, loss=2.5240]
train 2:   1%|          | 7/919 [00:05<09:14,  1.65it/s, loss=2.4981]
train 2:   1%|          | 8/919 [00:05<09:07,  1.67it/s, loss=2.4981]
train 2:   1%|          | 8/919 [00:05<09:07,  1.67it/s, loss=2.5342]
train 2:   1%|          | 9/919 [00:05<09:03,  1.67it/s, loss=2.5342]
train 2:   1%|          | 9/919 [00:06<09:03,  1.67it/s, loss=2.5255]
train 2:   1%|          | 10/919 [00:06<09:01,  1.68it/s, loss=2.5255]
train 2:   1%|          | 10/919 [00:07<09:01,  1.68it/s, loss=2.5222]
train 2:   1%|          | 11/919 [00:07<08:56,  1.69it/s, loss=2.5222]
train 2:   1%|          | 11/919 [00:07<08:56,  1.69it/s, loss=2.5474]
train 2:   1%|â–         | 12/919 [00:07<08:54,  1.70it/s, loss=2.5474]
train 2:   1%|â–         | 12/919 [00:08<08:54,  1.70it/s, loss=2.5581]
train 2:   1%|â–         | 13/919 [00:08<08:53,  1.70it/s, loss=2.5581]
train 2:   1%|â–         | 13/919 [00:08<08:53,  1.70it/s, loss=2.5521]
train 2:   2%|â–         | 14/919 [00:08<08:52,  1.70it/s, loss=2.5521]
train 2:   2%|â–         | 14/919 [00:09<08:52,  1.70it/s, loss=2.5096]
train 2:   2%|â–         | 15/919 [00:09<08:51,  1.70it/s, loss=2.5096]
train 2:   2%|â–         | 15/919 [00:09<08:51,  1.70it/s, loss=2.4838]
train 2:   2%|â–         | 16/919 [00:09<07:54,  1.90it/s, loss=2.4838]
train 2:   2%|â–         | 16/919 [00:10<07:54,  1.90it/s, loss=2.5424]
train 2:   2%|â–         | 17/919 [00:10<08:10,  1.84it/s, loss=2.5424]
train 2:   2%|â–         | 17/919 [00:11<08:10,  1.84it/s, loss=2.5400]
train 2:   2%|â–         | 18/919 [00:11<08:23,  1.79it/s, loss=2.5400]
train 2:   2%|â–         | 18/919 [00:11<08:23,  1.79it/s, loss=2.5702]
train 2:   2%|â–         | 19/919 [00:11<08:31,  1.76it/s, loss=2.5702]
train 2:   2%|â–         | 19/919 [00:12<08:31,  1.76it/s, loss=2.5623]
train 2:   2%|â–         | 20/919 [00:12<08:36,  1.74it/s, loss=2.5623]
train 2:   2%|â–         | 20/919 [00:12<08:36,  1.74it/s, loss=2.4967]
train 2:   2%|â–         | 21/919 [00:12<08:38,  1.73it/s, loss=2.4967]
train 2:   2%|â–         | 21/919 [00:13<08:38,  1.73it/s, loss=2.5334]
train 2:   2%|â–         | 22/919 [00:13<08:41,  1.72it/s, loss=2.5334]
train 2:   2%|â–         | 22/919 [00:13<08:41,  1.72it/s, loss=2.5255]
train 2:   3%|â–Ž         | 23/919 [00:13<08:41,  1.72it/s, loss=2.5255]
train 2:   3%|â–Ž         | 23/919 [00:14<08:41,  1.72it/s, loss=2.5499]
train 2:   3%|â–Ž         | 24/919 [00:14<08:44,  1.71it/s, loss=2.5499]
train 2:   3%|â–Ž         | 24/919 [00:15<08:44,  1.71it/s, loss=2.5600]
train 2:   3%|â–Ž         | 25/919 [00:15<08:47,  1.69it/s, loss=2.5600]
train 2:   3%|â–Ž         | 25/919 [00:15<08:47,  1.69it/s, loss=2.5397]
train 2:   3%|â–Ž         | 26/919 [00:15<08:46,  1.70it/s, loss=2.5397]
train 2:   3%|â–Ž         | 26/919 [00:16<08:46,  1.70it/s, loss=2.5889]
train 2:   3%|â–Ž         | 27/919 [00:16<08:46,  1.69it/s, loss=2.5889]
train 2:   3%|â–Ž         | 27/919 [00:16<08:46,  1.69it/s, loss=2.5227]
train 2:   3%|â–Ž         | 28/919 [00:16<08:46,  1.69it/s, loss=2.5227]
train 2:   3%|â–Ž         | 28/919 [00:17<08:46,  1.69it/s, loss=2.5317]
train 2:   3%|â–Ž         | 29/919 [00:17<08:46,  1.69it/s, loss=2.5317]
train 2:   3%|â–Ž         | 29/919 [00:18<08:46,  1.69it/s, loss=2.5500]
train 2:   3%|â–Ž         | 30/919 [00:18<08:46,  1.69it/s, loss=2.5500]
                                                                      
[PROFILE batch=0]
  data_time      =0.7387s
  to_device_time =0.0023s
  forward_time   =0.2972s
  loss_time      =0.0014s
  backward_time  =0.2847s
  optimizer_time =0.0059s
  batch_time     =0.5961s
  cuda_allocated_gb    =0.125
  cuda_reserved_gb     =9.008
  cuda_max_allocated_gb=7.792
[PROFILE batch=1]
  data_time      =0.0005s
  to_device_time =0.0021s
  forward_time   =0.2854s
  loss_time      =0.0020s
  backward_time  =0.2756s
  optimizer_time =0.0053s
  batch_time     =0.5709s
  cuda_allocated_gb    =0.125
  cuda_reserved_gb     =9.008
  cuda_max_allocated_gb=7.792
[PROFILE batch=2]
  data_time      =0.0005s
  to_device_time =0.0022s
  forward_time   =0.2884s
  loss_time      =0.0019s
  backward_time  =0.2779s
  optimizer_time =0.0051s
  batch_time     =0.5760s
  cuda_allocated_gb    =0.125
  cuda_reserved_gb     =9.008
  cuda_max_allocated_gb=7.792
[PROFILE batch=3]
  data_time      =0.0005s
  to_device_time =0.0021s
  forward_time   =0.2887s
  loss_time      =0.0022s
  backward_time  =0.2765s
  optimizer_time =0.0051s
  batch_time     =0.5751s
  cuda_allocated_gb    =0.125
  cuda_reserved_gb     =9.008
  cuda_max_allocated_gb=7.792
[PROFILE batch=4]
  data_time      =0.0005s
  to_device_time =0.0022s
  forward_time   =0.2880s
  loss_time      =0.0022s
  backward_time  =0.2782s
  optimizer_time =0.0049s
  batch_time     =0.5759s
  cuda_allocated_gb    =0.125
  cuda_reserved_gb     =9.008
  cuda_max_allocated_gb=7.792
[PROFILE batch=5]
  data_time      =0.0005s
  to_device_time =0.0021s
  forward_time   =0.2864s
  loss_time      =0.0023s
  backward_time  =0.2781s
  optimizer_time =0.0050s
  batch_time     =0.5743s
  cuda_allocated_gb    =0.125
  cuda_reserved_gb     =9.008
  cuda_max_allocated_gb=7.792
[PROFILE batch=6]
  data_time      =0.0005s
  to_device_time =0.0022s
  forward_time   =0.2874s
  loss_time      =0.0021s
  backward_time  =0.2797s
  optimizer_time =0.0051s
  batch_time     =0.5768s
  cuda_allocated_gb    =0.125
  cuda_reserved_gb     =9.008
  cuda_max_allocated_gb=7.792
[PROFILE batch=7]
  data_time      =0.0004s
  to_device_time =0.0022s
  forward_time   =0.2865s
  loss_time      =0.0020s
  backward_time  =0.2862s
  optimizer_time =0.0051s
  batch_time     =0.5823s
  cuda_allocated_gb    =0.125
  cuda_reserved_gb     =9.008
  cuda_max_allocated_gb=7.792
[PROFILE batch=8]
  data_time      =0.0007s
  to_device_time =0.0022s
  forward_time   =0.2887s
  loss_time      =0.0022s
  backward_time  =0.2880s
  optimizer_time =0.0051s
  batch_time     =0.5866s
  cuda_allocated_gb    =0.125
  cuda_reserved_gb     =9.008
  cuda_max_allocated_gb=7.792
[PROFILE batch=9]
  data_time      =0.0004s
  to_device_time =0.0022s
  forward_time   =0.2881s
  loss_time      =0.0033s
  backward_time  =0.2885s
  optimizer_time =0.0054s
  batch_time     =0.5881s
  cuda_allocated_gb    =0.125
  cuda_reserved_gb     =9.008
  cuda_max_allocated_gb=7.792
[PROFILE batch=10]
  data_time      =0.0005s
  to_device_time =0.0021s
  forward_time   =0.2874s
  loss_time      =0.0021s
  backward_time  =0.2808s
  optimizer_time =0.0052s
  batch_time     =0.5781s
  cuda_allocated_gb    =0.125
  cuda_reserved_gb     =9.008
  cuda_max_allocated_gb=7.792
[PROFILE batch=11]
  data_time      =0.0004s
  to_device_time =0.0022s
  forward_time   =0.2898s
  loss_time      =0.0021s
  backward_time  =0.2828s
  optimizer_time =0.0050s
  batch_time     =0.5823s
  cuda_allocated_gb    =0.125
  cuda_reserved_gb     =9.008
  cuda_max_allocated_gb=7.792
[PROFILE batch=12]
  data_time      =0.0005s
  to_device_time =0.0022s
  forward_time   =0.2895s
  loss_time      =0.0022s
  backward_time  =0.2855s
  optimizer_time =0.0050s
  batch_time     =0.5847s
  cuda_allocated_gb    =0.125
  cuda_reserved_gb     =9.008
  cuda_max_allocated_gb=7.792
[PROFILE batch=13]
  data_time      =0.0004s
  to_device_time =0.0022s
  forward_time   =0.2910s
  loss_time      =0.0020s
  backward_time  =0.2848s
  optimizer_time =0.0051s
  batch_time     =0.5855s
  cuda_allocated_gb    =0.125
  cuda_reserved_gb     =9.008
  cuda_max_allocated_gb=7.792
[PROFILE batch=14]
  data_time      =0.0004s
  to_device_time =0.0022s
  forward_time   =0.2896s
  loss_time      =0.0021s
  backward_time  =0.2856s
  optimizer_time =0.0049s
  batch_time     =0.5848s
  cuda_allocated_gb    =0.125
  cuda_reserved_gb     =9.008
  cuda_max_allocated_gb=7.792
[PROFILE batch=15]
  data_time      =0.0004s
  to_device_time =0.0014s
  forward_time   =0.1902s
  loss_time      =0.0024s
  backward_time  =0.1776s
  optimizer_time =0.0050s
  batch_time     =0.3770s
  cuda_allocated_gb    =0.094
  cuda_reserved_gb     =9.008
  cuda_max_allocated_gb=7.792
[PROFILE batch=16]
  data_time      =0.0005s
  to_device_time =0.0022s
  forward_time   =0.2913s
  loss_time      =0.0021s
  backward_time  =0.2837s
  optimizer_time =0.0049s
  batch_time     =0.5845s
  cuda_allocated_gb    =0.125
  cuda_reserved_gb     =9.008
  cuda_max_allocated_gb=7.792
[PROFILE batch=17]
  data_time      =0.0004s
  to_device_time =0.0022s
  forward_time   =0.2918s
  loss_time      =0.0026s
  backward_time  =0.2884s
  optimizer_time =0.0051s
  batch_time     =0.5906s
  cuda_allocated_gb    =0.125
  cuda_reserved_gb     =9.008
  cuda_max_allocated_gb=7.792
[PROFILE batch=18]
  data_time      =0.0004s
  to_device_time =0.0022s
  forward_time   =0.2925s
  loss_time      =0.0022s
  backward_time  =0.2845s
  optimizer_time =0.0049s
  batch_time     =0.5868s
  cuda_allocated_gb    =0.125
  cuda_reserved_gb     =9.008
  cuda_max_allocated_gb=7.792
[PROFILE batch=19]
  data_time      =0.0004s
  to_device_time =0.0022s
  forward_time   =0.2916s
  loss_time      =0.0021s
  backward_time  =0.2837s
  optimizer_time =0.0052s
  batch_time     =0.5851s
  cuda_allocated_gb    =0.125
  cuda_reserved_gb     =9.008
  cuda_max_allocated_gb=7.792

[PROFILE average first 20 batches (recorded=20)]
  avg_data_time      =0.0374s
  avg_to_device_time =0.0021s
  avg_forward_time   =0.2845s
  avg_loss_time      =0.0022s
  avg_backward_time  =0.2775s
  avg_optimizer_time =0.0051s
  avg_batch_time     =0.5721s
  estimated_full_epoch_minutes=8.76

val:   0%|          | 0/113 [00:00<?, ?it/s]/usr/local/lib/python3.12/dist-packages/torch/autograd/function.py:583: UserWarning: Was asked to gather along dimension 0, but all input tensors were scalars; will instead unsqueeze and return a vector.
  return super().apply(*args, **kwargs)  # type: ignore[misc]

val:   1%|          | 1/113 [00:00<00:53,  2.09it/s]
val:   2%|â–         | 2/113 [00:00<00:40,  2.73it/s]
val:   3%|â–Ž         | 3/113 [00:01<00:36,  3.05it/s]
val:   4%|â–Ž         | 4/113 [00:01<00:33,  3.24it/s]
val:   4%|â–         | 5/113 [00:01<00:32,  3.35it/s]
val:   5%|â–Œ         | 6/113 [00:01<00:31,  3.43it/s]
val:   6%|â–Œ         | 7/113 [00:02<00:30,  3.47it/s]
val:   7%|â–‹         | 8/113 [00:02<00:30,  3.49it/s]
val:   8%|â–Š         | 9/113 [00:02<00:29,  3.51it/s]
val:   9%|â–‰         | 10/113 [00:03<00:29,  3.51it/s]
                                                     
Epoch 002/015 | loss=2.5373 acc=0.1646 macro_f1=0.1539 | val_loss=2.5331 val_acc=0.1437 val_macro_f1=0.0418 | ckpt_monitor=val_macro_f1:0.0418 best_val_macro_f1=0.0736 best_epoch=1 early_val_macro_f1=0.0736 sec/batch=0.605s
          val pred_count: [0, 0, 0, 6, 314, 0, 0]
          no improvement: 1/12

train 3:   0%|          | 0/919 [00:00<?, ?it/s]/usr/local/lib/python3.12/dist-packages/torch/autograd/function.py:583: UserWarning: Was asked to gather along dimension 0, but all input tensors were scalars; will instead unsqueeze and return a vector.
  return super().apply(*args, **kwargs)  # type: ignore[misc]

train 3:   0%|          | 0/919 [00:00<?, ?it/s, loss=2.5577]
train 3:   0%|          | 1/919 [00:00<14:06,  1.08it/s, loss=2.5577]
train 3:   0%|          | 1/919 [00:01<14:06,  1.08it/s, loss=2.5760]
train 3:   0%|          | 2/919 [00:01<11:15,  1.36it/s, loss=2.5760]
train 3:   0%|          | 2/919 [00:02<11:15,  1.36it/s, loss=2.5475]
train 3:   0%|          | 3/919 [00:02<10:17,  1.48it/s, loss=2.5475]
train 3:   0%|          | 3/919 [00:02<10:17,  1.48it/s, loss=2.5096]
train 3:   0%|          | 4/919 [00:02<09:51,  1.55it/s, loss=2.5096]
train 3:   0%|          | 4/919 [00:03<09:51,  1.55it/s, loss=2.5354]
train 3:   1%|          | 5/919 [00:03<09:36,  1.59it/s, loss=2.5354]
train 3:   1%|          | 5/919 [00:03<09:36,  1.59it/s, loss=2.5579]
train 3:   1%|          | 6/919 [00:03<09:29,  1.60it/s, loss=2.5579]
train 3:   1%|          | 6/919 [00:04<09:29,  1.60it/s, loss=2.5242]
train 3:   1%|          | 7/919 [00:04<09:23,  1.62it/s, loss=2.5242]
train 3:   1%|          | 7/919 [00:05<09:23,  1.62it/s, loss=2.5280]
train 3:   1%|          | 8/919 [00:05<09:20,  1.63it/s, loss=2.5280]
train 3:   1%|          | 8/919 [00:05<09:20,  1.63it/s, loss=2.5357]
train 3:   1%|          | 9/919 [00:05<09:22,  1.62it/s, loss=2.5357]
train 3:   1%|          | 9/919 [00:06<09:22,  1.62it/s, loss=2.5661]
train 3:   1%|          | 10/919 [00:06<09:19,  1.62it/s, loss=2.5661]
train 3:   1%|          | 10/919 [00:07<09:19,  1.62it/s, loss=2.5195]
train 3:   1%|          | 11/919 [00:07<09:17,  1.63it/s, loss=2.5195]
train 3:   1%|          | 11/919 [00:07<09:17,  1.63it/s, loss=2.5540]
train 3:   1%|â–         | 12/919 [00:07<09:16,  1.63it/s, loss=2.5540]
train 3:   1%|â–         | 12/919 [00:08<09:16,  1.63it/s, loss=2.5652]
train 3:   1%|â–         | 13/919 [00:08<09:14,  1.63it/s, loss=2.5652]
train 3:   1%|â–         | 13/919 [00:08<09:14,  1.63it/s, loss=2.5540]
train 3:   2%|â–         | 14/919 [00:08<09:14,  1.63it/s, loss=2.5540]
train 3:   2%|â–         | 14/919 [00:09<09:14,  1.63it/s, loss=2.5304]
train 3:   2%|â–         | 15/919 [00:09<09:14,  1.63it/s, loss=2.5304]
train 3:   2%|â–         | 15/919 [00:09<09:14,  1.63it/s, loss=2.5703]
train 3:   2%|â–         | 16/919 [00:09<08:14,  1.83it/s, loss=2.5703]
train 3:   2%|â–         | 16/919 [00:10<08:14,  1.83it/s, loss=2.5769]
train 3:   2%|â–         | 17/919 [00:10<08:31,  1.76it/s, loss=2.5769]
train 3:   2%|â–         | 17/919 [00:11<08:31,  1.76it/s, loss=2.5353]
train 3:   2%|â–         | 18/919 [00:11<08:45,  1.72it/s, loss=2.5353]
train 3:   2%|â–         | 18/919 [00:11<08:45,  1.72it/s, loss=2.5403]
train 3:   2%|â–         | 19/919 [00:11<08:54,  1.68it/s, loss=2.5403]
train 3:   2%|â–         | 19/919 [00:12<08:54,  1.68it/s, loss=2.5486]
train 3:   2%|â–         | 20/919 [00:12<09:01,  1.66it/s, loss=2.5486]
train 3:   2%|â–         | 20/919 [00:12<09:01,  1.66it/s, loss=2.5651]
train 3:   2%|â–         | 21/919 [00:12<09:05,  1.65it/s, loss=2.5651]
train 3:   2%|â–         | 21/919 [00:13<09:05,  1.65it/s, loss=2.5658]
train 3:   2%|â–         | 22/919 [00:13<09:08,  1.64it/s, loss=2.5658]
train 3:   2%|â–         | 22/919 [00:14<09:08,  1.64it/s, loss=2.4962]
train 3:   3%|â–Ž         | 23/919 [00:14<09:10,  1.63it/s, loss=2.4962]
train 3:   3%|â–Ž         | 23/919 [00:14<09:10,  1.63it/s, loss=2.5539]
train 3:   3%|â–Ž         | 24/919 [00:14<09:11,  1.62it/s, loss=2.5539]
train 3:   3%|â–Ž         | 24/919 [00:15<09:11,  1.62it/s, loss=2.5368]
train 3:   3%|â–Ž         | 25/919 [00:15<09:12,  1.62it/s, loss=2.5368]
train 3:   3%|â–Ž         | 25/919 [00:16<09:12,  1.62it/s, loss=2.5659]
train 3:   3%|â–Ž         | 26/919 [00:16<09:12,  1.62it/s, loss=2.5659]
train 3:   3%|â–Ž         | 26/919 [00:16<09:12,  1.62it/s, loss=2.5493]
train 3:   3%|â–Ž         | 27/919 [00:16<09:13,  1.61it/s, loss=2.5493]
train 3:   3%|â–Ž         | 27/919 [00:17<09:13,  1.61it/s, loss=2.5791]
train 3:   3%|â–Ž         | 28/919 [00:17<09:15,  1.61it/s, loss=2.5791]
train 3:   3%|â–Ž         | 28/919 [00:17<09:15,  1.61it/s, loss=2.5503]
train 3:   3%|â–Ž         | 29/919 [00:17<09:15,  1.60it/s, loss=2.5503]
train 3:   3%|â–Ž         | 29/919 [00:18<09:15,  1.60it/s, loss=2.5691]
train 3:   3%|â–Ž         | 30/919 [00:18<09:15,  1.60it/s, loss=2.5691]
                                                                      
[PROFILE batch=0]
  data_time      =0.3205s
  to_device_time =0.0024s
  forward_time   =0.2994s
  loss_time      =0.0012s
  backward_time  =0.2912s
  optimizer_time =0.0049s
  batch_time     =0.5997s
  cuda_allocated_gb    =0.125
  cuda_reserved_gb     =9.008
  cuda_max_allocated_gb=7.792
[PROFILE batch=1]
  data_time      =0.0005s
  to_device_time =0.0021s
  forward_time   =0.3010s
  loss_time      =0.0019s
  backward_time  =0.2927s
  optimizer_time =0.0050s
  batch_time     =0.6033s
  cuda_allocated_gb    =0.125
  cuda_reserved_gb     =9.008
  cuda_max_allocated_gb=7.792
[PROFILE batch=2]
  data_time      =0.0004s
  to_device_time =0.0022s
  forward_time   =0.2954s
  loss_time      =0.0020s
  backward_time  =0.2927s
  optimizer_time =0.0051s
  batch_time     =0.5977s
  cuda_allocated_gb    =0.125
  cuda_reserved_gb     =9.008
  cuda_max_allocated_gb=7.792
[PROFILE batch=3]
  data_time      =0.0005s
  to_device_time =0.0022s
  forward_time   =0.2968s
  loss_time      =0.0020s
  backward_time  =0.2925s
  optimizer_time =0.0054s
  batch_time     =0.5994s
  cuda_allocated_gb    =0.125
  cuda_reserved_gb     =9.008
  cuda_max_allocated_gb=7.792
[PROFILE batch=4]
  data_time      =0.0005s
  to_device_time =0.0022s
  forward_time   =0.2989s
  loss_time      =0.0020s
  backward_time  =0.2909s
  optimizer_time =0.0055s
  batch_time     =0.6001s
  cuda_allocated_gb    =0.125
  cuda_reserved_gb     =9.008
  cuda_max_allocated_gb=7.792
[PROFILE batch=5]
  data_time      =0.0005s
  to_device_time =0.0022s
  forward_time   =0.3019s
  loss_time      =0.0021s
  backward_time  =0.2959s
  optimizer_time =0.0053s
  batch_time     =0.6080s
  cuda_allocated_gb    =0.125
  cuda_reserved_gb     =9.008
  cuda_max_allocated_gb=7.792
[PROFILE batch=6]
  data_time      =0.0005s
  to_device_time =0.0021s
  forward_time   =0.2974s
  loss_time      =0.0021s
  backward_time  =0.2948s
  optimizer_time =0.0050s
  batch_time     =0.6018s
  cuda_allocated_gb    =0.125
  cuda_reserved_gb     =9.008
  cuda_max_allocated_gb=7.792
[PROFILE batch=7]
  data_time      =0.0005s
  to_device_time =0.0021s
  forward_time   =0.2988s
  loss_time      =0.0021s
  backward_time  =0.2967s
  optimizer_time =0.0062s
  batch_time     =0.6064s
  cuda_allocated_gb    =0.125
  cuda_reserved_gb     =9.008
  cuda_max_allocated_gb=7.792
[PROFILE batch=8]
  data_time      =0.0008s
  to_device_time =0.0022s
  forward_time   =0.3097s
  loss_time      =0.0022s
  backward_time  =0.3007s
  optimizer_time =0.0050s
  batch_time     =0.6204s
  cuda_allocated_gb    =0.125
  cuda_reserved_gb     =9.008
  cuda_max_allocated_gb=7.792
[PROFILE batch=9]
  data_time      =0.0005s
  to_device_time =0.0021s
  forward_time   =0.3002s
  loss_time      =0.0020s
  backward_time  =0.2982s
  optimizer_time =0.0049s
  batch_time     =0.6078s
  cuda_allocated_gb    =0.125
  cuda_reserved_gb     =9.008
  cuda_max_allocated_gb=7.792
[PROFILE batch=10]
  data_time      =0.0005s
  to_device_time =0.0021s
  forward_time   =0.2985s
  loss_time      =0.0020s
  backward_time  =0.2989s
  optimizer_time =0.0049s
  batch_time     =0.6069s
  cuda_allocated_gb    =0.125
  cuda_reserved_gb     =9.008
  cuda_max_allocated_gb=7.792
[PROFILE batch=11]
  data_time      =0.0005s
  to_device_time =0.0022s
  forward_time   =0.3018s
  loss_time      =0.0020s
  backward_time  =0.2983s
  optimizer_time =0.0055s
  batch_time     =0.6104s
  cuda_allocated_gb    =0.125
  cuda_reserved_gb     =9.008
  cuda_max_allocated_gb=7.792
[PROFILE batch=12]
  data_time      =0.0005s
  to_device_time =0.0022s
  forward_time   =0.2973s
  loss_time      =0.0020s
  backward_time  =0.2993s
  optimizer_time =0.0051s
  batch_time     =0.6063s
  cuda_allocated_gb    =0.125
  cuda_reserved_gb     =9.008
  cuda_max_allocated_gb=7.792
[PROFILE batch=13]
  data_time      =0.0005s
  to_device_time =0.0023s
  forward_time   =0.2991s
  loss_time      =0.0020s
  backward_time  =0.3016s
  optimizer_time =0.0051s
  batch_time     =0.6106s
  cuda_allocated_gb    =0.125
  cuda_reserved_gb     =9.008
  cuda_max_allocated_gb=7.792
[PROFILE batch=14]
  data_time      =0.0004s
  to_device_time =0.0022s
  forward_time   =0.3008s
  loss_time      =0.0020s
  backward_time  =0.3014s
  optimizer_time =0.0051s
  batch_time     =0.6119s
  cuda_allocated_gb    =0.125
  cuda_reserved_gb     =9.008
  cuda_max_allocated_gb=7.792
[PROFILE batch=15]
  data_time      =0.0005s
  to_device_time =0.0014s
  forward_time   =0.1945s
  loss_time      =0.0021s
  backward_time  =0.1880s
  optimizer_time =0.0049s
  batch_time     =0.3912s
  cuda_allocated_gb    =0.094
  cuda_reserved_gb     =9.008
  cuda_max_allocated_gb=7.792
[PROFILE batch=16]
  data_time      =0.0005s
  to_device_time =0.0021s
  forward_time   =0.3011s
  loss_time      =0.0020s
  backward_time  =0.2994s
  optimizer_time =0.0049s
  batch_time     =0.6100s
  cuda_allocated_gb    =0.125
  cuda_reserved_gb     =9.008
  cuda_max_allocated_gb=7.792
[PROFILE batch=17]
  data_time      =0.0004s
  to_device_time =0.0022s
  forward_time   =0.3018s
  loss_time      =0.0022s
  backward_time  =0.3053s
  optimizer_time =0.0050s
  batch_time     =0.6168s
  cuda_allocated_gb    =0.125
  cuda_reserved_gb     =9.008
  cuda_max_allocated_gb=7.792
[PROFILE batch=18]
  data_time      =0.0005s
  to_device_time =0.0021s
  forward_time   =0.3015s
  loss_time      =0.0021s
  backward_time  =0.3049s
  optimizer_time =0.0050s
  batch_time     =0.6160s
  cuda_allocated_gb    =0.125
  cuda_reserved_gb     =9.008
  cuda_max_allocated_gb=7.792
[PROFILE batch=19]
  data_time      =0.0004s
  to_device_time =0.0022s
  forward_time   =0.3009s
  loss_time      =0.0020s
  backward_time  =0.3104s
  optimizer_time =0.0050s
  batch_time     =0.6209s
  cuda_allocated_gb    =0.125
  cuda_reserved_gb     =9.008
  cuda_max_allocated_gb=7.792

[PROFILE average first 20 batches (recorded=20)]
  avg_data_time      =0.0165s
  avg_to_device_time =0.0021s
  avg_forward_time   =0.2948s
  avg_loss_time      =0.0020s
  avg_backward_time  =0.2927s
  avg_optimizer_time =0.0051s
  avg_batch_time     =0.5973s
  estimated_full_epoch_minutes=9.15

val:   0%|          | 0/113 [00:00<?, ?it/s]/usr/local/lib/python3.12/dist-packages/torch/autograd/function.py:583: UserWarning: Was asked to gather along dimension 0, but all input tensors were scalars; will instead unsqueeze and return a vector.
  return super().apply(*args, **kwargs)  # type: ignore[misc]

val:   1%|          | 1/113 [00:00<00:55,  2.03it/s]
val:   2%|â–         | 2/113 [00:00<00:41,  2.65it/s]
val:   3%|â–Ž         | 3/113 [00:01<00:37,  2.97it/s]
val:   4%|â–Ž         | 4/113 [00:01<00:34,  3.15it/s]
val:   4%|â–         | 5/113 [00:01<00:33,  3.24it/s]
val:   5%|â–Œ         | 6/113 [00:01<00:32,  3.29it/s]
val:   6%|â–Œ         | 7/113 [00:02<00:31,  3.32it/s]
val:   7%|â–‹         | 8/113 [00:02<00:31,  3.35it/s]
val:   8%|â–Š         | 9/113 [00:02<00:30,  3.38it/s]
val:   9%|â–‰         | 10/113 [00:03<00:30,  3.38it/s]
                                                     
Epoch 003/015 | loss=2.5488 acc=0.1445 macro_f1=0.1320 | val_loss=2.5331 val_acc=0.2437 val_macro_f1=0.0560 | ckpt_monitor=val_macro_f1:0.0560 best_val_macro_f1=0.0736 best_epoch=1 early_val_macro_f1=0.0736 sec/batch=0.619s
          val pred_count: [0, 0, 0, 320, 0, 0, 0]
          no improvement: 2/12

train 4:   0%|          | 0/919 [00:00<?, ?it/s]/usr/local/lib/python3.12/dist-packages/torch/autograd/function.py:583: UserWarning: Was asked to gather along dimension 0, but all input tensors were scalars; will instead unsqueeze and return a vector.
  return super().apply(*args, **kwargs)  # type: ignore[misc]

train 4:   0%|          | 0/919 [00:00<?, ?it/s, loss=2.5232]
train 4:   0%|          | 1/919 [00:00<11:21,  1.35it/s, loss=2.5232]
train 4:   0%|          | 1/919 [00:01<11:21,  1.35it/s, loss=2.5478]
train 4:   0%|          | 2/919 [00:01<10:24,  1.47it/s, loss=2.5478]
train 4:   0%|          | 2/919 [00:02<10:24,  1.47it/s, loss=2.5558]
train 4:   0%|          | 3/919 [00:02<10:06,  1.51it/s, loss=2.5558]
train 4:   0%|          | 3/919 [00:02<10:06,  1.51it/s, loss=2.5337]
train 4:   0%|          | 4/919 [00:02<09:57,  1.53it/s, loss=2.5337]
train 4:   0%|          | 4/919 [00:03<09:57,  1.53it/s, loss=2.5344]
train 4:   1%|          | 5/919 [00:03<09:54,  1.54it/s, loss=2.5344]
train 4:   1%|          | 5/919 [00:03<09:54,  1.54it/s, loss=2.5711]
train 4:   1%|          | 6/919 [00:03<09:51,  1.54it/s, loss=2.5711]
train 4:   1%|          | 6/919 [00:04<09:51,  1.54it/s, loss=2.5062]
train 4:   1%|          | 7/919 [00:04<09:50,  1.54it/s, loss=2.5062]
train 4:   1%|          | 7/919 [00:05<09:50,  1.54it/s, loss=2.4979]
train 4:   1%|          | 8/919 [00:05<09:50,  1.54it/s, loss=2.4979]
train 4:   1%|          | 8/919 [00:05<09:50,  1.54it/s, loss=2.5442]
train 4:   1%|          | 9/919 [00:05<09:50,  1.54it/s, loss=2.5442]
train 4:   1%|          | 9/919 [00:06<09:50,  1.54it/s, loss=2.5328]
train 4:   1%|          | 10/919 [00:06<09:49,  1.54it/s, loss=2.5328]
train 4:   1%|          | 10/919 [00:07<09:49,  1.54it/s, loss=2.5429]
train 4:   1%|          | 11/919 [00:07<09:49,  1.54it/s, loss=2.5429]
train 4:   1%|          | 11/919 [00:07<09:49,  1.54it/s, loss=2.5263]
train 4:   1%|â–         | 12/919 [00:07<09:49,  1.54it/s, loss=2.5263]
train 4:   1%|â–         | 12/919 [00:08<09:49,  1.54it/s, loss=2.5236]
train 4:   1%|â–         | 13/919 [00:08<09:50,  1.53it/s, loss=2.5236]
train 4:   1%|â–         | 13/919 [00:09<09:50,  1.53it/s, loss=2.5318]
train 4:   2%|â–         | 14/919 [00:09<09:51,  1.53it/s, loss=2.5318]
train 4:   2%|â–         | 14/919 [00:09<09:51,  1.53it/s, loss=2.5517]
train 4:   2%|â–         | 15/919 [00:09<09:52,  1.52it/s, loss=2.5517]
train 4:   2%|â–         | 15/919 [00:10<09:52,  1.52it/s, loss=2.5288]
train 4:   2%|â–         | 16/919 [00:10<08:46,  1.71it/s, loss=2.5288]
train 4:   2%|â–         | 16/919 [00:10<08:46,  1.71it/s, loss=2.5591]
train 4:   2%|â–         | 17/919 [00:10<09:08,  1.64it/s, loss=2.5591]
train 4:   2%|â–         | 17/919 [00:11<09:08,  1.64it/s, loss=2.5027]
train 4:   2%|â–         | 18/919 [00:11<09:20,  1.61it/s, loss=2.5027]
train 4:   2%|â–         | 18/919 [00:12<09:20,  1.61it/s, loss=2.5532]
train 4:   2%|â–         | 19/919 [00:12<09:28,  1.58it/s, loss=2.5532]
train 4:   2%|â–         | 19/919 [00:12<09:28,  1.58it/s, loss=2.5265]
train 4:   2%|â–         | 20/919 [00:12<09:34,  1.56it/s, loss=2.5265]
train 4:   2%|â–         | 20/919 [00:13<09:34,  1.56it/s, loss=2.5317]
train 4:   2%|â–         | 21/919 [00:13<09:37,  1.55it/s, loss=2.5317]
train 4:   2%|â–         | 21/919 [00:14<09:37,  1.55it/s, loss=2.5522]
train 4:   2%|â–         | 22/919 [00:14<09:42,  1.54it/s, loss=2.5522]
train 4:   2%|â–         | 22/919 [00:14<09:42,  1.54it/s, loss=2.5350]
train 4:   3%|â–Ž         | 23/919 [00:14<09:44,  1.53it/s, loss=2.5350]
train 4:   3%|â–Ž         | 23/919 [00:15<09:44,  1.53it/s, loss=2.5231]
train 4:   3%|â–Ž         | 24/919 [00:15<09:45,  1.53it/s, loss=2.5231]
train 4:   3%|â–Ž         | 24/919 [00:16<09:45,  1.53it/s, loss=2.5062]
train 4:   3%|â–Ž         | 25/919 [00:16<09:46,  1.52it/s, loss=2.5062]
train 4:   3%|â–Ž         | 25/919 [00:16<09:46,  1.52it/s, loss=2.5543]
train 4:   3%|â–Ž         | 26/919 [00:16<09:46,  1.52it/s, loss=2.5543]
train 4:   3%|â–Ž         | 26/919 [00:17<09:46,  1.52it/s, loss=2.5928]
train 4:   3%|â–Ž         | 27/919 [00:17<09:47,  1.52it/s, loss=2.5928]
train 4:   3%|â–Ž         | 27/919 [00:18<09:47,  1.52it/s, loss=2.5747]
train 4:   3%|â–Ž         | 28/919 [00:18<09:49,  1.51it/s, loss=2.5747]
train 4:   3%|â–Ž         | 28/919 [00:18<09:49,  1.51it/s, loss=2.5601]
train 4:   3%|â–Ž         | 29/919 [00:18<09:50,  1.51it/s, loss=2.5601]
train 4:   3%|â–Ž         | 29/919 [00:19<09:50,  1.51it/s, loss=2.5555]
train 4:   3%|â–Ž         | 30/919 [00:19<09:52,  1.50it/s, loss=2.5555]
                                                                      
[PROFILE batch=0]
  data_time      =0.0991s
  to_device_time =0.0022s
  forward_time   =0.3140s
  loss_time      =0.0012s
  backward_time  =0.3155s
  optimizer_time =0.0050s
  batch_time     =0.6403s
  cuda_allocated_gb    =0.125
  cuda_reserved_gb     =9.008
  cuda_max_allocated_gb=7.792
[PROFILE batch=1]
  data_time      =0.0005s
  to_device_time =0.0021s
  forward_time   =0.3075s
  loss_time      =0.0019s
  backward_time  =0.3176s
  optimizer_time =0.0049s
  batch_time     =0.6345s
  cuda_allocated_gb    =0.125
  cuda_reserved_gb     =9.008
  cuda_max_allocated_gb=7.792
[PROFILE batch=2]
  data_time      =0.0005s
  to_device_time =0.0021s
  forward_time   =0.3078s
  loss_time      =0.0019s
  backward_time  =0.3197s
  optimizer_time =0.0050s
  batch_time     =0.6370s
  cuda_allocated_gb    =0.125
  cuda_reserved_gb     =9.008
  cuda_max_allocated_gb=7.792
[PROFILE batch=3]
  data_time      =0.0005s
  to_device_time =0.0021s
  forward_time   =0.3074s
  loss_time      =0.0020s
  backward_time  =0.3185s
  optimizer_time =0.0051s
  batch_time     =0.6355s
  cuda_allocated_gb    =0.125
  cuda_reserved_gb     =9.008
  cuda_max_allocated_gb=7.792
[PROFILE batch=4]
  data_time      =0.0005s
  to_device_time =0.0022s
  forward_time   =0.3130s
  loss_time      =0.0020s
  backward_time  =0.3215s
  optimizer_time =0.0054s
  batch_time     =0.6445s
  cuda_allocated_gb    =0.125
  cuda_reserved_gb     =9.008
  cuda_max_allocated_gb=7.792
[PROFILE batch=5]
  data_time      =0.0005s
  to_device_time =0.0021s
  forward_time   =0.3096s
  loss_time      =0.0020s
  backward_time  =0.3197s
  optimizer_time =0.0051s
  batch_time     =0.6390s
  cuda_allocated_gb    =0.125
  cuda_reserved_gb     =9.008
  cuda_max_allocated_gb=7.792
[PROFILE batch=6]
  data_time      =0.0004s
  to_device_time =0.0021s
  forward_time   =0.3113s
  loss_time      =0.0020s
  backward_time  =0.3238s
  optimizer_time =0.0051s
  batch_time     =0.6447s
  cuda_allocated_gb    =0.125
  cuda_reserved_gb     =9.008
  cuda_max_allocated_gb=7.792
[PROFILE batch=7]
  data_time      =0.0005s
  to_device_time =0.0021s
  forward_time   =0.3126s
  loss_time      =0.0021s
  backward_time  =0.3237s
  optimizer_time =0.0051s
  batch_time     =0.6461s
  cuda_allocated_gb    =0.125
  cuda_reserved_gb     =9.008
  cuda_max_allocated_gb=7.792
[PROFILE batch=8]
  data_time      =0.0007s
  to_device_time =0.0021s
  forward_time   =0.3138s
  loss_time      =0.0020s
  backward_time  =0.3218s
  optimizer_time =0.0054s
  batch_time     =0.6456s
  cuda_allocated_gb    =0.125
  cuda_reserved_gb     =9.008
  cuda_max_allocated_gb=7.792
[PROFILE batch=9]
  data_time      =0.0005s
  to_device_time =0.0021s
  forward_time   =0.3137s
  loss_time      =0.0021s
  backward_time  =0.3219s
  optimizer_time =0.0050s
  batch_time     =0.6453s
  cuda_allocated_gb    =0.125
  cuda_reserved_gb     =9.008
  cuda_max_allocated_gb=7.792
[PROFILE batch=10]
  data_time      =0.0005s
  to_device_time =0.0022s
  forward_time   =0.3140s
  loss_time      =0.0020s
  backward_time  =0.3236s
  optimizer_time =0.0056s
  batch_time     =0.6477s
  cuda_allocated_gb    =0.125
  cuda_reserved_gb     =9.008
  cuda_max_allocated_gb=7.792
[PROFILE batch=11]
  data_time      =0.0005s
  to_device_time =0.0022s
  forward_time   =0.3128s
  loss_time      =0.0021s
  backward_time  =0.3250s
  optimizer_time =0.0053s
  batch_time     =0.6480s
  cuda_allocated_gb    =0.125
  cuda_reserved_gb     =9.008
  cuda_max_allocated_gb=7.792
[PROFILE batch=12]
  data_time      =0.0004s
  to_device_time =0.0022s
  forward_time   =0.3162s
  loss_time      =0.0021s
  backward_time  =0.3287s
  optimizer_time =0.0051s
  batch_time     =0.6547s
  cuda_allocated_gb    =0.125
  cuda_reserved_gb     =9.008
  cuda_max_allocated_gb=7.792
[PROFILE batch=13]
  data_time      =0.0005s
  to_device_time =0.0022s
  forward_time   =0.3186s
  loss_time      =0.0022s
  backward_time  =0.3269s
  optimizer_time =0.0050s
  batch_time     =0.6553s
  cuda_allocated_gb    =0.125
  cuda_reserved_gb     =9.008
  cuda_max_allocated_gb=7.792
[PROFILE batch=14]
  data_time      =0.0005s
  to_device_time =0.0021s
  forward_time   =0.3131s
  loss_time      =0.0021s
  backward_time  =0.3339s
  optimizer_time =0.0052s
  batch_time     =0.6568s
  cuda_allocated_gb    =0.125
  cuda_reserved_gb     =9.008
  cuda_max_allocated_gb=7.792
[PROFILE batch=15]
  data_time      =0.0005s
  to_device_time =0.0014s
  forward_time   =0.2011s
  loss_time      =0.0022s
  backward_time  =0.2022s
  optimizer_time =0.0051s
  batch_time     =0.4124s
  cuda_allocated_gb    =0.094
  cuda_reserved_gb     =9.008
  cuda_max_allocated_gb=7.792
[PROFILE batch=16]
  data_time      =0.0004s
  to_device_time =0.0022s
  forward_time   =0.3182s
  loss_time      =0.0022s
  backward_time  =0.3331s
  optimizer_time =0.0055s
  batch_time     =0.6616s
  cuda_allocated_gb    =0.125
  cuda_reserved_gb     =9.008
  cuda_max_allocated_gb=7.792
[PROFILE batch=17]
  data_time      =0.0005s
  to_device_time =0.0022s
  forward_time   =0.3162s
  loss_time      =0.0021s
  backward_time  =0.3245s
  optimizer_time =0.0050s
  batch_time     =0.6504s
  cuda_allocated_gb    =0.125
  cuda_reserved_gb     =9.008
  cuda_max_allocated_gb=7.792
[PROFILE batch=18]
  data_time      =0.0004s
  to_device_time =0.0021s
  forward_time   =0.3154s
  loss_time      =0.0022s
  backward_time  =0.3255s
  optimizer_time =0.0052s
  batch_time     =0.6509s
  cuda_allocated_gb    =0.125
  cuda_reserved_gb     =9.008
  cuda_max_allocated_gb=7.792
[PROFILE batch=19]
  data_time      =0.0005s
  to_device_time =0.0021s
  forward_time   =0.3150s
  loss_time      =0.0021s
  backward_time  =0.3290s
  optimizer_time =0.0059s
  batch_time     =0.6545s
  cuda_allocated_gb    =0.125
  cuda_reserved_gb     =9.008
  cuda_max_allocated_gb=7.792

[PROFILE average first 20 batches (recorded=20)]
  avg_data_time      =0.0054s
  avg_to_device_time =0.0021s
  avg_forward_time   =0.3075s
  avg_loss_time      =0.0020s
  avg_backward_time  =0.3178s
  avg_optimizer_time =0.0052s
  avg_batch_time     =0.6352s
  estimated_full_epoch_minutes=9.73

val:   0%|          | 0/113 [00:00<?, ?it/s]/usr/local/lib/python3.12/dist-packages/torch/autograd/function.py:583: UserWarning: Was asked to gather along dimension 0, but all input tensors were scalars; will instead unsqueeze and return a vector.
  return super().apply(*args, **kwargs)  # type: ignore[misc]

val:   1%|          | 1/113 [00:00<00:56,  1.99it/s]
val:   2%|â–         | 2/113 [00:00<00:43,  2.56it/s]
val:   3%|â–Ž         | 3/113 [00:01<00:38,  2.86it/s]
val:   4%|â–Ž         | 4/113 [00:01<00:36,  3.01it/s]
val:   4%|â–         | 5/113 [00:01<00:34,  3.10it/s]
val:   5%|â–Œ         | 6/113 [00:02<00:33,  3.15it/s]
val:   6%|â–Œ         | 7/113 [00:02<00:33,  3.20it/s]
val:   7%|â–‹         | 8/113 [00:02<00:32,  3.23it/s]
val:   8%|â–Š         | 9/113 [00:02<00:32,  3.25it/s]
val:   9%|â–‰         | 10/113 [00:03<00:31,  3.26it/s]
                                                     
Epoch 004/015 | loss=2.5393 acc=0.1540 macro_f1=0.1451 | val_loss=2.5331 val_acc=0.2437 val_macro_f1=0.0560 | ckpt_monitor=val_macro_f1:0.0560 best_val_macro_f1=0.0736 best_epoch=1 early_val_macro_f1=0.0736 sec/batch=0.650s
          val pred_count: [0, 0, 0, 320, 0, 0, 0]
          no improvement: 3/12

train 5:   0%|          | 0/919 [00:00<?, ?it/s]/usr/local/lib/python3.12/dist-packages/torch/autograd/function.py:583: UserWarning: Was asked to gather along dimension 0, but all input tensors were scalars; will instead unsqueeze and return a vector.
  return super().apply(*args, **kwargs)  # type: ignore[misc]

train 5:   0%|          | 0/919 [00:01<?, ?it/s, loss=2.5564]
train 5:   0%|          | 1/919 [00:01<15:33,  1.02s/it, loss=2.5564]
train 5:   0%|          | 1/919 [00:01<15:33,  1.02s/it, loss=2.5532]
train 5:   0%|          | 2/919 [00:01<12:27,  1.23it/s, loss=2.5532]
train 5:   0%|          | 2/919 [00:02<12:27,  1.23it/s, loss=2.5576]
train 5:   0%|          | 3/919 [00:02<11:26,  1.33it/s, loss=2.5576]
train 5:   0%|          | 3/919 [00:03<11:26,  1.33it/s, loss=2.5344]
train 5:   0%|          | 4/919 [00:03<10:57,  1.39it/s, loss=2.5344]
train 5:   0%|          | 4/919 [00:03<10:57,  1.39it/s, loss=2.5606]
train 5:   1%|          | 5/919 [00:03<10:43,  1.42it/s, loss=2.5606]
train 5:   1%|          | 5/919 [00:04<10:43,  1.42it/s, loss=2.5326]
train 5:   1%|          | 6/919 [00:04<10:34,  1.44it/s, loss=2.5326]
train 5:   1%|          | 6/919 [00:05<10:34,  1.44it/s, loss=2.5256]
train 5:   1%|          | 7/919 [00:05<10:27,  1.45it/s, loss=2.5256]
train 5:   1%|          | 7/919 [00:05<10:27,  1.45it/s, loss=2.5456]
train 5:   1%|          | 8/919 [00:05<10:23,  1.46it/s, loss=2.5456]
train 5:   1%|          | 8/919 [00:06<10:23,  1.46it/s, loss=2.5465]
train 5:   1%|          | 9/919 [00:06<10:18,  1.47it/s, loss=2.5465]
train 5:   1%|          | 9/919 [00:07<10:18,  1.47it/s, loss=2.5424]
train 5:   1%|          | 10/919 [00:07<10:15,  1.48it/s, loss=2.5424]
train 5:   1%|          | 10/919 [00:07<10:15,  1.48it/s, loss=2.5489]
train 5:   1%|          | 11/919 [00:07<10:15,  1.48it/s, loss=2.5489]
train 5:   1%|          | 11/919 [00:08<10:15,  1.48it/s, loss=2.5305]
train 5:   1%|â–         | 12/919 [00:08<10:13,  1.48it/s, loss=2.5305]
train 5:   1%|â–         | 12/919 [00:09<10:13,  1.48it/s, loss=2.5241]
train 5:   1%|â–         | 13/919 [00:09<10:09,  1.49it/s, loss=2.5241]
train 5:   1%|â–         | 13/919 [00:09<10:09,  1.49it/s, loss=2.5139]
train 5:   2%|â–         | 14/919 [00:09<10:07,  1.49it/s, loss=2.5139]
train 5:   2%|â–         | 14/919 [00:10<10:07,  1.49it/s, loss=2.5296]
train 5:   2%|â–         | 15/919 [00:10<10:06,  1.49it/s, loss=2.5296]
train 5:   2%|â–         | 15/919 [00:10<10:06,  1.49it/s, loss=2.5402]
train 5:   2%|â–         | 16/919 [00:10<08:58,  1.68it/s, loss=2.5402]
train 5:   2%|â–         | 16/919 [00:11<08:58,  1.68it/s, loss=2.5476]
train 5:   2%|â–         | 17/919 [00:11<09:17,  1.62it/s, loss=2.5476]
train 5:   2%|â–         | 17/919 [00:12<09:17,  1.62it/s, loss=2.5188]
train 5:   2%|â–         | 18/919 [00:12<09:31,  1.58it/s, loss=2.5188]
train 5:   2%|â–         | 18/919 [00:12<09:31,  1.58it/s, loss=2.5508]
train 5:   2%|â–         | 19/919 [00:12<09:38,  1.56it/s, loss=2.5508]
train 5:   2%|â–         | 19/919 [00:13<09:38,  1.56it/s, loss=2.5415]
train 5:   2%|â–         | 20/919 [00:13<09:41,  1.55it/s, loss=2.5415]
train 5:   2%|â–         | 20/919 [00:14<09:41,  1.55it/s, loss=2.5477]
train 5:   2%|â–         | 21/919 [00:14<09:43,  1.54it/s, loss=2.5477]
train 5:   2%|â–         | 21/919 [00:14<09:43,  1.54it/s, loss=2.5230]
train 5:   2%|â–         | 22/919 [00:14<09:44,  1.53it/s, loss=2.5230]
train 5:   2%|â–         | 22/919 [00:15<09:44,  1.53it/s, loss=2.5699]
train 5:   3%|â–Ž         | 23/919 [00:15<09:45,  1.53it/s, loss=2.5699]
train 5:   3%|â–Ž         | 23/919 [00:16<09:45,  1.53it/s, loss=2.5591]
train 5:   3%|â–Ž         | 24/919 [00:16<09:45,  1.53it/s, loss=2.5591]
train 5:   3%|â–Ž         | 24/919 [00:16<09:45,  1.53it/s, loss=2.5377]
train 5:   3%|â–Ž         | 25/919 [00:16<09:44,  1.53it/s, loss=2.5377]
train 5:   3%|â–Ž         | 25/919 [00:17<09:44,  1.53it/s, loss=2.5647]
train 5:   3%|â–Ž         | 26/919 [00:17<09:44,  1.53it/s, loss=2.5647]
train 5:   3%|â–Ž         | 26/919 [00:18<09:44,  1.53it/s, loss=2.5501]
train 5:   3%|â–Ž         | 27/919 [00:18<09:40,  1.54it/s, loss=2.5501]
train 5:   3%|â–Ž         | 27/919 [00:18<09:40,  1.54it/s, loss=2.5269]
train 5:   3%|â–Ž         | 28/919 [00:18<09:40,  1.54it/s, loss=2.5269]
train 5:   3%|â–Ž         | 28/919 [00:19<09:40,  1.54it/s, loss=2.5106]
train 5:   3%|â–Ž         | 29/919 [00:19<09:38,  1.54it/s, loss=2.5106]
train 5:   3%|â–Ž         | 29/919 [00:20<09:38,  1.54it/s, loss=2.5198]
train 5:   3%|â–Ž         | 30/919 [00:20<09:36,  1.54it/s, loss=2.5198]
                                                                      
[PROFILE batch=0]
  data_time      =0.3385s
  to_device_time =0.0022s
  forward_time   =0.3256s
  loss_time      =0.0012s
  backward_time  =0.3403s
  optimizer_time =0.0049s
  batch_time     =0.6760s
  cuda_allocated_gb    =0.125
  cuda_reserved_gb     =9.008
  cuda_max_allocated_gb=7.792
[PROFILE batch=1]
  data_time      =0.0005s
  to_device_time =0.0021s
  forward_time   =0.3198s
  loss_time      =0.0019s
  backward_time  =0.3420s
  optimizer_time =0.0050s
  batch_time     =0.6712s
  cuda_allocated_gb    =0.125
  cuda_reserved_gb     =9.008
  cuda_max_allocated_gb=7.792
[PROFILE batch=2]
  data_time      =0.0004s
  to_device_time =0.0021s
  forward_time   =0.3202s
  loss_time      =0.0019s
  backward_time  =0.3393s
  optimizer_time =0.0051s
  batch_time     =0.6690s
  cuda_allocated_gb    =0.125
  cuda_reserved_gb     =9.008
  cuda_max_allocated_gb=7.792
[PROFILE batch=3]
  data_time      =0.0004s
  to_device_time =0.0022s
  forward_time   =0.3219s
  loss_time      =0.0020s
  backward_time  =0.3376s
  optimizer_time =0.0050s
  batch_time     =0.6691s
  cuda_allocated_gb    =0.125
  cuda_reserved_gb     =9.008
  cuda_max_allocated_gb=7.792
[PROFILE batch=4]
  data_time      =0.0004s
  to_device_time =0.0022s
  forward_time   =0.3221s
  loss_time      =0.0020s
  backward_time  =0.3437s
  optimizer_time =0.0053s
  batch_time     =0.6756s
  cuda_allocated_gb    =0.125
  cuda_reserved_gb     =9.008
  cuda_max_allocated_gb=7.792
[PROFILE batch=5]
  data_time      =0.0005s
  to_device_time =0.0021s
  forward_time   =0.3202s
  loss_time      =0.0020s
  backward_time  =0.3437s
  optimizer_time =0.0050s
  batch_time     =0.6735s
  cuda_allocated_gb    =0.125
  cuda_reserved_gb     =9.008
  cuda_max_allocated_gb=7.792
[PROFILE batch=6]
  data_time      =0.0005s
  to_device_time =0.0021s
  forward_time   =0.3232s
  loss_time      =0.0019s
  backward_time  =0.3387s
  optimizer_time =0.0050s
  batch_time     =0.6714s
  cuda_allocated_gb    =0.125
  cuda_reserved_gb     =9.008
  cuda_max_allocated_gb=7.792
[PROFILE batch=7]
  data_time      =0.0004s
  to_device_time =0.0022s
  forward_time   =0.3215s
  loss_time      =0.0021s
  backward_time  =0.3405s
  optimizer_time =0.0055s
  batch_time     =0.6723s
  cuda_allocated_gb    =0.125
  cuda_reserved_gb     =9.008
  cuda_max_allocated_gb=7.792
[PROFILE batch=8]
  data_time      =0.0006s
  to_device_time =0.0021s
  forward_time   =0.3207s
  loss_time      =0.0021s
  backward_time  =0.3362s
  optimizer_time =0.0054s
  batch_time     =0.6669s
  cuda_allocated_gb    =0.125
  cuda_reserved_gb     =9.008
  cuda_max_allocated_gb=7.792
[PROFILE batch=9]
  data_time      =0.0005s
  to_device_time =0.0021s
  forward_time   =0.3211s
  loss_time      =0.0021s
  backward_time  =0.3377s
  optimizer_time =0.0053s
  batch_time     =0.6687s
  cuda_allocated_gb    =0.125
  cuda_reserved_gb     =9.008
  cuda_max_allocated_gb=7.792
[PROFILE batch=10]
  data_time      =0.0005s
  to_device_time =0.0022s
  forward_time   =0.3280s
  loss_time      =0.0021s
  backward_time  =0.3387s
  optimizer_time =0.0050s
  batch_time     =0.6765s
  cuda_allocated_gb    =0.125
  cuda_reserved_gb     =9.008
  cuda_max_allocated_gb=7.792
[PROFILE batch=11]
  data_time      =0.0004s
  to_device_time =0.0021s
  forward_time   =0.3203s
  loss_time      =0.0021s
  backward_time  =0.3394s
  optimizer_time =0.0050s
  batch_time     =0.6693s
  cuda_allocated_gb    =0.125
  cuda_reserved_gb     =9.008
  cuda_max_allocated_gb=7.792
[PROFILE batch=12]
  data_time      =0.0005s
  to_device_time =0.0021s
  forward_time   =0.3171s
  loss_time      =0.0020s
  backward_time  =0.3371s
  optimizer_time =0.0050s
  batch_time     =0.6637s
  cuda_allocated_gb    =0.125
  cuda_reserved_gb     =9.008
  cuda_max_allocated_gb=7.792
[PROFILE batch=13]
  data_time      =0.0005s
  to_device_time =0.0021s
  forward_time   =0.3173s
  loss_time      =0.0021s
  backward_time  =0.3372s
  optimizer_time =0.0051s
  batch_time     =0.6642s
  cuda_allocated_gb    =0.125
  cuda_reserved_gb     =9.008
  cuda_max_allocated_gb=7.792
[PROFILE batch=14]
  data_time      =0.0005s
  to_device_time =0.0022s
  forward_time   =0.3180s
  loss_time      =0.0021s
  backward_time  =0.3382s
  optimizer_time =0.0055s
  batch_time     =0.6663s
  cuda_allocated_gb    =0.125
  cuda_reserved_gb     =9.008
  cuda_max_allocated_gb=7.792
[PROFILE batch=15]
  data_time      =0.0005s
  to_device_time =0.0014s
  forward_time   =0.2061s
  loss_time      =0.0021s
  backward_time  =0.2041s
  optimizer_time =0.0050s
  batch_time     =0.4192s
  cuda_allocated_gb    =0.094
  cuda_reserved_gb     =9.008
  cuda_max_allocated_gb=7.792
[PROFILE batch=16]
  data_time      =0.0005s
  to_device_time =0.0021s
  forward_time   =0.3216s
  loss_time      =0.0021s
  backward_time  =0.3368s
  optimizer_time =0.0052s
  batch_time     =0.6682s
  cuda_allocated_gb    =0.125
  cuda_reserved_gb     =9.008
  cuda_max_allocated_gb=7.792
[PROFILE batch=17]
  data_time      =0.0005s
  to_device_time =0.0021s
  forward_time   =0.3188s
  loss_time      =0.0020s
  backward_time  =0.3376s
  optimizer_time =0.0052s
  batch_time     =0.6662s
  cuda_allocated_gb    =0.125
  cuda_reserved_gb     =9.008
  cuda_max_allocated_gb=7.792
[PROFILE batch=18]
  data_time      =0.0004s
  to_device_time =0.0022s
  forward_time   =0.3191s
  loss_time      =0.0020s
  backward_time  =0.3304s
  optimizer_time =0.0049s
  batch_time     =0.6591s
  cuda_allocated_gb    =0.125
  cuda_reserved_gb     =9.008
  cuda_max_allocated_gb=7.792
[PROFILE batch=19]
  data_time      =0.0004s
  to_device_time =0.0022s
  forward_time   =0.3148s
  loss_time      =0.0020s
  backward_time  =0.3302s
  optimizer_time =0.0049s
  batch_time     =0.6545s
  cuda_allocated_gb    =0.125
  cuda_reserved_gb     =9.008
  cuda_max_allocated_gb=7.792

[PROFILE average first 20 batches (recorded=20)]
  avg_data_time      =0.0174s
  avg_to_device_time =0.0021s
  avg_forward_time   =0.3149s
  avg_loss_time      =0.0020s
  avg_backward_time  =0.3315s
  avg_optimizer_time =0.0051s
  avg_batch_time     =0.6560s
  estimated_full_epoch_minutes=10.05

val:   0%|          | 0/113 [00:00<?, ?it/s]/usr/local/lib/python3.12/dist-packages/torch/autograd/function.py:583: UserWarning: Was asked to gather along dimension 0, but all input tensors were scalars; will instead unsqueeze and return a vector.
  return super().apply(*args, **kwargs)  # type: ignore[misc]

val:   1%|          | 1/113 [00:00<00:56,  1.97it/s]
val:   2%|â–         | 2/113 [00:00<00:43,  2.56it/s]
val:   3%|â–Ž         | 3/113 [00:01<00:38,  2.89it/s]
val:   4%|â–Ž         | 4/113 [00:01<00:41,  2.65it/s]
val:   4%|â–         | 5/113 [00:01<00:37,  2.85it/s]
val:   5%|â–Œ         | 6/113 [00:02<00:35,  3.01it/s]
val:   6%|â–Œ         | 7/113 [00:02<00:33,  3.12it/s]
val:   7%|â–‹         | 8/113 [00:02<00:32,  3.19it/s]
val:   8%|â–Š         | 9/113 [00:03<00:32,  3.25it/s]
val:   9%|â–‰         | 10/113 [00:03<00:31,  3.29it/s]
                                                     
Epoch 005/015 | loss=2.5403 acc=0.1245 macro_f1=0.1161 | val_loss=2.5331 val_acc=0.2437 val_macro_f1=0.0560 | ckpt_monitor=val_macro_f1:0.0560 best_val_macro_f1=0.0736 best_epoch=1 early_val_macro_f1=0.0736 sec/batch=0.668s
          val pred_count: [0, 0, 0, 320, 0, 0, 0]
          no improvement: 4/12

train 6:   0%|          | 0/919 [00:00<?, ?it/s]/usr/local/lib/python3.12/dist-packages/torch/autograd/function.py:583: UserWarning: Was asked to gather along dimension 0, but all input tensors were scalars; will instead unsqueeze and return a vector.
  return super().apply(*args, **kwargs)  # type: ignore[misc]

train 6:   0%|          | 0/919 [00:00<?, ?it/s, loss=2.5248]
train 6:   0%|          | 1/919 [00:00<14:28,  1.06it/s, loss=2.5248]
train 6:   0%|          | 1/919 [00:01<14:28,  1.06it/s, loss=2.5349]
train 6:   0%|          | 2/919 [00:01<11:47,  1.30it/s, loss=2.5349]
train 6:   0%|          | 2/919 [00:02<11:47,  1.30it/s, loss=2.5032]
train 6:   0%|          | 3/919 [00:02<10:53,  1.40it/s, loss=2.5032]
train 6:   0%|          | 3/919 [00:02<10:53,  1.40it/s, loss=2.5575]
train 6:   0%|          | 4/919 [00:02<10:31,  1.45it/s, loss=2.5575]
train 6:   0%|          | 4/919 [00:03<10:31,  1.45it/s, loss=2.5501]
train 6:   1%|          | 5/919 [00:03<10:15,  1.49it/s, loss=2.5501]
train 6:   1%|          | 5/919 [00:04<10:15,  1.49it/s, loss=2.5211]
train 6:   1%|          | 6/919 [00:04<10:04,  1.51it/s, loss=2.5211]
train 6:   1%|          | 6/919 [00:04<10:04,  1.51it/s, loss=2.5126]
train 6:   1%|          | 7/919 [00:04<09:59,  1.52it/s, loss=2.5126]
train 6:   1%|          | 7/919 [00:05<09:59,  1.52it/s, loss=2.5227]
train 6:   1%|          | 8/919 [00:05<09:53,  1.53it/s, loss=2.5227]
train 6:   1%|          | 8/919 [00:06<09:53,  1.53it/s, loss=2.5497]
train 6:   1%|          | 9/919 [00:06<09:54,  1.53it/s, loss=2.5497]
train 6:   1%|          | 9/919 [00:06<09:54,  1.53it/s, loss=2.5321]
train 6:   1%|          | 10/919 [00:06<09:53,  1.53it/s, loss=2.5321]
train 6:   1%|          | 10/919 [00:07<09:53,  1.53it/s, loss=2.4599]
train 6:   1%|          | 11/919 [00:07<09:52,  1.53it/s, loss=2.4599]
train 6:   1%|          | 11/919 [00:08<09:52,  1.53it/s, loss=2.5424]
train 6:   1%|â–         | 12/919 [00:08<09:50,  1.54it/s, loss=2.5424]
train 6:   1%|â–         | 12/919 [00:08<09:50,  1.54it/s, loss=2.4968]
train 6:   1%|â–         | 13/919 [00:08<09:48,  1.54it/s, loss=2.4968]
train 6:   1%|â–         | 13/919 [00:09<09:48,  1.54it/s, loss=2.5731]
train 6:   2%|â–         | 14/919 [00:09<09:46,  1.54it/s, loss=2.5731]
train 6:   2%|â–         | 14/919 [00:10<09:46,  1.54it/s, loss=2.5564]
train 6:   2%|â–         | 15/919 [00:10<09:45,  1.54it/s, loss=2.5564]
train 6:   2%|â–         | 15/919 [00:10<09:45,  1.54it/s, loss=2.5424]
train 6:   2%|â–         | 16/919 [00:10<08:39,  1.74it/s, loss=2.5424]
train 6:   2%|â–         | 16/919 [00:11<08:39,  1.74it/s, loss=2.5182]
train 6:   2%|â–         | 17/919 [00:11<08:57,  1.68it/s, loss=2.5182]
train 6:   2%|â–         | 17/919 [00:11<08:57,  1.68it/s, loss=2.5394]
train 6:   2%|â–         | 18/919 [00:11<09:09,  1.64it/s, loss=2.5394]
train 6:   2%|â–         | 18/919 [00:12<09:09,  1.64it/s, loss=2.5196]
train 6:   2%|â–         | 19/919 [00:12<09:15,  1.62it/s, loss=2.5196]
train 6:   2%|â–         | 19/919 [00:12<09:15,  1.62it/s, loss=2.4858]
train 6:   2%|â–         | 20/919 [00:12<09:22,  1.60it/s, loss=2.4858]
train 6:   2%|â–         | 20/919 [00:13<09:22,  1.60it/s, loss=2.5791]
train 6:   2%|â–         | 21/919 [00:13<09:24,  1.59it/s, loss=2.5791]
train 6:   2%|â–         | 21/919 [00:14<09:24,  1.59it/s, loss=2.5590]
train 6:   2%|â–         | 22/919 [00:14<09:27,  1.58it/s, loss=2.5590]
train 6:   2%|â–         | 22/919 [00:14<09:27,  1.58it/s, loss=2.5752]
train 6:   3%|â–Ž         | 23/919 [00:14<09:28,  1.58it/s, loss=2.5752]
train 6:   3%|â–Ž         | 23/919 [00:15<09:28,  1.58it/s, loss=2.5307]
train 6:   3%|â–Ž         | 24/919 [00:15<09:29,  1.57it/s, loss=2.5307]
train 6:   3%|â–Ž         | 24/919 [00:16<09:29,  1.57it/s, loss=2.5340]
train 6:   3%|â–Ž         | 25/919 [00:16<09:27,  1.58it/s, loss=2.5340]
train 6:   3%|â–Ž         | 25/919 [00:16<09:27,  1.58it/s, loss=2.5478]
train 6:   3%|â–Ž         | 26/919 [00:16<09:27,  1.57it/s, loss=2.5478]
train 6:   3%|â–Ž         | 26/919 [00:17<09:27,  1.57it/s, loss=2.5291]
train 6:   3%|â–Ž         | 27/919 [00:17<09:27,  1.57it/s, loss=2.5291]
train 6:   3%|â–Ž         | 27/919 [00:18<09:27,  1.57it/s, loss=2.5538]
train 6:   3%|â–Ž         | 28/919 [00:18<09:27,  1.57it/s, loss=2.5538]
train 6:   3%|â–Ž         | 28/919 [00:18<09:27,  1.57it/s, loss=2.5351]
train 6:   3%|â–Ž         | 29/919 [00:18<09:26,  1.57it/s, loss=2.5351]
train 6:   3%|â–Ž         | 29/919 [00:19<09:26,  1.57it/s, loss=2.5207]
train 6:   3%|â–Ž         | 30/919 [00:19<09:24,  1.57it/s, loss=2.5207]
                                                                      
[PROFILE batch=0]
  data_time      =0.2935s
  to_device_time =0.0023s
  forward_time   =0.3147s
  loss_time      =0.0012s
  backward_time  =0.3230s
  optimizer_time =0.0049s
  batch_time     =0.6499s
  cuda_allocated_gb    =0.125
  cuda_reserved_gb     =9.008
  cuda_max_allocated_gb=7.792
[PROFILE batch=1]
  data_time      =0.0005s
  to_device_time =0.0021s
  forward_time   =0.3122s
  loss_time      =0.0019s
  backward_time  =0.3252s
  optimizer_time =0.0051s
  batch_time     =0.6470s
  cuda_allocated_gb    =0.125
  cuda_reserved_gb     =9.008
  cuda_max_allocated_gb=7.792
[PROFILE batch=2]
  data_time      =0.0004s
  to_device_time =0.0022s
  forward_time   =0.3110s
  loss_time      =0.0019s
  backward_time  =0.3204s
  optimizer_time =0.0050s
  batch_time     =0.6408s
  cuda_allocated_gb    =0.125
  cuda_reserved_gb     =9.008
  cuda_max_allocated_gb=7.792
[PROFILE batch=3]
  data_time      =0.0004s
  to_device_time =0.0021s
  forward_time   =0.3131s
  loss_time      =0.0021s
  backward_time  =0.3294s
  optimizer_time =0.0051s
  batch_time     =0.6521s
  cuda_allocated_gb    =0.125
  cuda_reserved_gb     =9.008
  cuda_max_allocated_gb=7.792
[PROFILE batch=4]
  data_time      =0.0005s
  to_device_time =0.0022s
  forward_time   =0.3105s
  loss_time      =0.0020s
  backward_time  =0.3196s
  optimizer_time =0.0053s
  batch_time     =0.6399s
  cuda_allocated_gb    =0.125
  cuda_reserved_gb     =9.008
  cuda_max_allocated_gb=7.792
[PROFILE batch=5]
  data_time      =0.0005s
  to_device_time =0.0021s
  forward_time   =0.3111s
  loss_time      =0.0020s
  backward_time  =0.3160s
  optimizer_time =0.0048s
  batch_time     =0.6364s
  cuda_allocated_gb    =0.125
  cuda_reserved_gb     =9.008
  cuda_max_allocated_gb=7.792
[PROFILE batch=6]
  data_time      =0.0004s
  to_device_time =0.0021s
  forward_time   =0.3138s
  loss_time      =0.0020s
  backward_time  =0.3219s
  optimizer_time =0.0056s
  batch_time     =0.6458s
  cuda_allocated_gb    =0.125
  cuda_reserved_gb     =9.008
  cuda_max_allocated_gb=7.792
[PROFILE batch=7]
  data_time      =0.0005s
  to_device_time =0.0021s
  forward_time   =0.3083s
  loss_time      =0.0020s
  backward_time  =0.3193s
  optimizer_time =0.0051s
  batch_time     =0.6372s
  cuda_allocated_gb    =0.125
  cuda_reserved_gb     =9.008
  cuda_max_allocated_gb=7.792
[PROFILE batch=8]
  data_time      =0.0006s
  to_device_time =0.0022s
  forward_time   =0.3220s
  loss_time      =0.0020s
  backward_time  =0.3218s
  optimizer_time =0.0049s
  batch_time     =0.6535s
  cuda_allocated_gb    =0.125
  cuda_reserved_gb     =9.008
  cuda_max_allocated_gb=7.792
[PROFILE batch=9]
  data_time      =0.0004s
  to_device_time =0.0021s
  forward_time   =0.3109s
  loss_time      =0.0021s
  backward_time  =0.3272s
  optimizer_time =0.0051s
  batch_time     =0.6479s
  cuda_allocated_gb    =0.125
  cuda_reserved_gb     =9.008
  cuda_max_allocated_gb=7.792
[PROFILE batch=10]
  data_time      =0.0004s
  to_device_time =0.0022s
  forward_time   =0.3132s
  loss_time      =0.0036s
  backward_time  =0.3238s
  optimizer_time =0.0059s
  batch_time     =0.6491s
  cuda_allocated_gb    =0.125
  cuda_reserved_gb     =9.008
  cuda_max_allocated_gb=7.792
[PROFILE batch=11]
  data_time      =0.0004s
  to_device_time =0.0022s
  forward_time   =0.3145s
  loss_time      =0.0022s
  backward_time  =0.3198s
  optimizer_time =0.0049s
  batch_time     =0.6440s
  cuda_allocated_gb    =0.125
  cuda_reserved_gb     =9.008
  cuda_max_allocated_gb=7.792
[PROFILE batch=12]
  data_time      =0.0005s
  to_device_time =0.0022s
  forward_time   =0.3100s
  loss_time      =0.0020s
  backward_time  =0.3237s
  optimizer_time =0.0053s
  batch_time     =0.6437s
  cuda_allocated_gb    =0.125
  cuda_reserved_gb     =9.008
  cuda_max_allocated_gb=7.792
[PROFILE batch=13]
  data_time      =0.0004s
  to_device_time =0.0022s
  forward_time   =0.3114s
  loss_time      =0.0021s
  backward_time  =0.3209s
  optimizer_time =0.0049s
  batch_time     =0.6419s
  cuda_allocated_gb    =0.125
  cuda_reserved_gb     =9.008
  cuda_max_allocated_gb=7.792
[PROFILE batch=14]
  data_time      =0.0005s
  to_device_time =0.0021s
  forward_time   =0.3130s
  loss_time      =0.0020s
  backward_time  =0.3202s
  optimizer_time =0.0050s
  batch_time     =0.6427s
  cuda_allocated_gb    =0.125
  cuda_reserved_gb     =9.008
  cuda_max_allocated_gb=7.792
[PROFILE batch=15]
  data_time      =0.0005s
  to_device_time =0.0014s
  forward_time   =0.2021s
  loss_time      =0.0020s
  backward_time  =0.1957s
  optimizer_time =0.0051s
  batch_time     =0.4067s
  cuda_allocated_gb    =0.094
  cuda_reserved_gb     =9.008
  cuda_max_allocated_gb=7.792
[PROFILE batch=16]
  data_time      =0.0005s
  to_device_time =0.0021s
  forward_time   =0.3138s
  loss_time      =0.0020s
  backward_time  =0.3158s
  optimizer_time =0.0050s
  batch_time     =0.6392s
  cuda_allocated_gb    =0.125
  cuda_reserved_gb     =9.008
  cuda_max_allocated_gb=7.792
[PROFILE batch=17]
  data_time      =0.0005s
  to_device_time =0.0021s
  forward_time   =0.3098s
  loss_time      =0.0020s
  backward_time  =0.3185s
  optimizer_time =0.0052s
  batch_time     =0.6381s
  cuda_allocated_gb    =0.125
  cuda_reserved_gb     =9.008
  cuda_max_allocated_gb=7.792
[PROFILE batch=18]
  data_time      =0.0005s
  to_device_time =0.0022s
  forward_time   =0.3106s
  loss_time      =0.0020s
  backward_time  =0.3132s
  optimizer_time =0.0050s
  batch_time     =0.6334s
  cuda_allocated_gb    =0.125
  cuda_reserved_gb     =9.008
  cuda_max_allocated_gb=7.792
[PROFILE batch=19]
  data_time      =0.0005s
  to_device_time =0.0021s
  forward_time   =0.3121s
  loss_time      =0.0021s
  backward_time  =0.3190s
  optimizer_time =0.0050s
  batch_time     =0.6408s
  cuda_allocated_gb    =0.125
  cuda_reserved_gb     =9.008
  cuda_max_allocated_gb=7.792

[PROFILE average first 20 batches (recorded=20)]
  avg_data_time      =0.0151s
  avg_to_device_time =0.0021s
  avg_forward_time   =0.3069s
  avg_loss_time      =0.0021s
  avg_backward_time  =0.3147s
  avg_optimizer_time =0.0051s
  avg_batch_time     =0.6315s
  estimated_full_epoch_minutes=9.67

val:   0%|          | 0/113 [00:00<?, ?it/s]/usr/local/lib/python3.12/dist-packages/torch/autograd/function.py:583: UserWarning: Was asked to gather along dimension 0, but all input tensors were scalars; will instead unsqueeze and return a vector.
  return super().apply(*args, **kwargs)  # type: ignore[misc]

val:   1%|          | 1/113 [00:00<00:54,  2.05it/s]
val:   2%|â–         | 2/113 [00:00<00:41,  2.66it/s]
val:   3%|â–Ž         | 3/113 [00:01<00:37,  2.93it/s]
val:   4%|â–Ž         | 4/113 [00:01<00:35,  3.11it/s]
val:   4%|â–         | 5/113 [00:01<00:33,  3.21it/s]
val:   5%|â–Œ         | 6/113 [00:01<00:32,  3.28it/s]
val:   6%|â–Œ         | 7/113 [00:02<00:31,  3.32it/s]
val:   7%|â–‹         | 8/113 [00:02<00:31,  3.36it/s]
val:   8%|â–Š         | 9/113 [00:02<00:30,  3.37it/s]
val:   9%|â–‰         | 10/113 [00:03<00:30,  3.38it/s]
                                                     
Epoch 006/015 | loss=2.5336 acc=0.1466 macro_f1=0.1316 | val_loss=2.5331 val_acc=0.2437 val_macro_f1=0.0560 | ckpt_monitor=val_macro_f1:0.0560 best_val_macro_f1=0.0736 best_epoch=1 early_val_macro_f1=0.0736 sec/batch=0.645s
          val pred_count: [0, 0, 0, 320, 0, 0, 0]
          no improvement: 5/12

train 7:   0%|          | 0/919 [00:00<?, ?it/s]/usr/local/lib/python3.12/dist-packages/torch/autograd/function.py:583: UserWarning: Was asked to gather along dimension 0, but all input tensors were scalars; will instead unsqueeze and return a vector.
  return super().apply(*args, **kwargs)  # type: ignore[misc]

train 7:   0%|          | 0/919 [00:00<?, ?it/s, loss=2.5441]
train 7:   0%|          | 1/919 [00:00<14:47,  1.03it/s, loss=2.5441]
train 7:   0%|          | 1/919 [00:01<14:47,  1.03it/s, loss=2.5621]
train 7:   0%|          | 2/919 [00:01<11:50,  1.29it/s, loss=2.5621]
train 7:   0%|          | 2/919 [00:02<11:50,  1.29it/s, loss=2.5799]
train 7:   0%|          | 3/919 [00:02<10:53,  1.40it/s, loss=2.5799]
train 7:   0%|          | 3/919 [00:02<10:53,  1.40it/s, loss=2.5573]
train 7:   0%|          | 4/919 [00:02<10:25,  1.46it/s, loss=2.5573]
train 7:   0%|          | 4/919 [00:03<10:25,  1.46it/s, loss=2.5218]
train 7:   1%|          | 5/919 [00:03<10:10,  1.50it/s, loss=2.5218]
train 7:   1%|          | 5/919 [00:04<10:10,  1.50it/s, loss=2.5625]
train 7:   1%|          | 6/919 [00:04<10:00,  1.52it/s, loss=2.5625]
train 7:   1%|          | 6/919 [00:04<10:00,  1.52it/s, loss=2.5197]
train 7:   1%|          | 7/919 [00:04<09:58,  1.52it/s, loss=2.5197]
train 7:   1%|          | 7/919 [00:05<09:58,  1.52it/s, loss=2.5385]
train 7:   1%|          | 8/919 [00:05<09:53,  1.53it/s, loss=2.5385]
train 7:   1%|          | 8/919 [00:06<09:53,  1.53it/s, loss=2.5142]
train 7:   1%|          | 9/919 [00:06<09:49,  1.54it/s, loss=2.5142]
train 7:   1%|          | 9/919 [00:06<09:49,  1.54it/s, loss=2.5581]
train 7:   1%|          | 10/919 [00:06<09:47,  1.55it/s, loss=2.5581]
train 7:   1%|          | 10/919 [00:07<09:47,  1.55it/s, loss=2.5781]
train 7:   1%|          | 11/919 [00:07<09:43,  1.56it/s, loss=2.5781]
train 7:   1%|          | 11/919 [00:08<09:43,  1.56it/s, loss=2.5229]
train 7:   1%|â–         | 12/919 [00:08<09:42,  1.56it/s, loss=2.5229]
train 7:   1%|â–         | 12/919 [00:08<09:42,  1.56it/s, loss=2.5769]
train 7:   1%|â–         | 13/919 [00:08<09:40,  1.56it/s, loss=2.5769]
train 7:   1%|â–         | 13/919 [00:09<09:40,  1.56it/s, loss=2.5396]
train 7:   2%|â–         | 14/919 [00:09<09:39,  1.56it/s, loss=2.5396]
train 7:   2%|â–         | 14/919 [00:09<09:39,  1.56it/s, loss=2.5449]
train 7:   2%|â–         | 15/919 [00:09<09:39,  1.56it/s, loss=2.5449]
train 7:   2%|â–         | 15/919 [00:10<09:39,  1.56it/s, loss=2.5632]
train 7:   2%|â–         | 16/919 [00:10<08:35,  1.75it/s, loss=2.5632]
train 7:   2%|â–         | 16/919 [00:10<08:35,  1.75it/s, loss=2.5081]
train 7:   2%|â–         | 17/919 [00:10<08:53,  1.69it/s, loss=2.5081]
train 7:   2%|â–         | 17/919 [00:11<08:53,  1.69it/s, loss=2.5214]
train 7:   2%|â–         | 18/919 [00:11<09:06,  1.65it/s, loss=2.5214]
train 7:   2%|â–         | 18/919 [00:12<09:06,  1.65it/s, loss=2.5416]
train 7:   2%|â–         | 19/919 [00:12<09:16,  1.62it/s, loss=2.5416]
train 7:   2%|â–         | 19/919 [00:12<09:16,  1.62it/s, loss=2.5362]
train 7:   2%|â–         | 20/919 [00:12<09:21,  1.60it/s, loss=2.5362]
train 7:   2%|â–         | 20/919 [00:13<09:21,  1.60it/s, loss=2.5424]
train 7:   2%|â–         | 21/919 [00:13<09:24,  1.59it/s, loss=2.5424]
train 7:   2%|â–         | 21/919 [00:14<09:24,  1.59it/s, loss=2.5531]
train 7:   2%|â–         | 22/919 [00:14<09:28,  1.58it/s, loss=2.5531]
train 7:   2%|â–         | 22/919 [00:14<09:28,  1.58it/s, loss=2.5570]
train 7:   3%|â–Ž         | 23/919 [00:14<09:31,  1.57it/s, loss=2.5570]
train 7:   3%|â–Ž         | 23/919 [00:15<09:31,  1.57it/s, loss=2.5517]
train 7:   3%|â–Ž         | 24/919 [00:15<09:31,  1.57it/s, loss=2.5517]
train 7:   3%|â–Ž         | 24/919 [00:16<09:31,  1.57it/s, loss=2.5487]
train 7:   3%|â–Ž         | 25/919 [00:16<09:31,  1.56it/s, loss=2.5487]
train 7:   3%|â–Ž         | 25/919 [00:16<09:31,  1.56it/s, loss=2.5246]
train 7:   3%|â–Ž         | 26/919 [00:16<09:33,  1.56it/s, loss=2.5246]
train 7:   3%|â–Ž         | 26/919 [00:17<09:33,  1.56it/s, loss=2.5231]
train 7:   3%|â–Ž         | 27/919 [00:17<09:31,  1.56it/s, loss=2.5231]
train 7:   3%|â–Ž         | 27/919 [00:18<09:31,  1.56it/s, loss=2.5521]
train 7:   3%|â–Ž         | 28/919 [00:18<09:32,  1.56it/s, loss=2.5521]
train 7:   3%|â–Ž         | 28/919 [00:18<09:32,  1.56it/s, loss=2.5366]
train 7:   3%|â–Ž         | 29/919 [00:18<09:33,  1.55it/s, loss=2.5366]
train 7:   3%|â–Ž         | 29/919 [00:19<09:33,  1.55it/s, loss=2.5684]
train 7:   3%|â–Ž         | 30/919 [00:19<09:34,  1.55it/s, loss=2.5684]
                                                                      
[PROFILE batch=0]
  data_time      =0.3187s
  to_device_time =0.0023s
  forward_time   =0.3195s
  loss_time      =0.0012s
  backward_time  =0.3164s
  optimizer_time =0.0050s
  batch_time     =0.6459s
  cuda_allocated_gb    =0.125
  cuda_reserved_gb     =9.008
  cuda_max_allocated_gb=7.792
[PROFILE batch=1]
  data_time      =0.0005s
  to_device_time =0.0022s
  forward_time   =0.3136s
  loss_time      =0.0019s
  backward_time  =0.3133s
  optimizer_time =0.0049s
  batch_time     =0.6364s
  cuda_allocated_gb    =0.125
  cuda_reserved_gb     =9.008
  cuda_max_allocated_gb=7.792
[PROFILE batch=2]
  data_time      =0.0005s
  to_device_time =0.0022s
  forward_time   =0.3109s
  loss_time      =0.0020s
  backward_time  =0.3184s
  optimizer_time =0.0050s
  batch_time     =0.6390s
  cuda_allocated_gb    =0.125
  cuda_reserved_gb     =9.008
  cuda_max_allocated_gb=7.792
[PROFILE batch=3]
  data_time      =0.0005s
  to_device_time =0.0021s
  forward_time   =0.3093s
  loss_time      =0.0020s
  backward_time  =0.3151s
  optimizer_time =0.0049s
  batch_time     =0.6338s
  cuda_allocated_gb    =0.125
  cuda_reserved_gb     =9.008
  cuda_max_allocated_gb=7.792
[PROFILE batch=4]
  data_time      =0.0005s
  to_device_time =0.0021s
  forward_time   =0.3094s
  loss_time      =0.0020s
  backward_time  =0.3184s
  optimizer_time =0.0050s
  batch_time     =0.6373s
  cuda_allocated_gb    =0.125
  cuda_reserved_gb     =9.008
  cuda_max_allocated_gb=7.792
[PROFILE batch=5]
  data_time      =0.0005s
  to_device_time =0.0021s
  forward_time   =0.3093s
  loss_time      =0.0020s
  backward_time  =0.3173s
  optimizer_time =0.0049s
  batch_time     =0.6360s
  cuda_allocated_gb    =0.125
  cuda_reserved_gb     =9.008
  cuda_max_allocated_gb=7.792
[PROFILE batch=6]
  data_time      =0.0004s
  to_device_time =0.0022s
  forward_time   =0.3183s
  loss_time      =0.0034s
  backward_time  =0.3182s
  optimizer_time =0.0067s
  batch_time     =0.6494s
  cuda_allocated_gb    =0.125
  cuda_reserved_gb     =9.008
  cuda_max_allocated_gb=7.792
[PROFILE batch=7]
  data_time      =0.0005s
  to_device_time =0.0021s
  forward_time   =0.3117s
  loss_time      =0.0020s
  backward_time  =0.3182s
  optimizer_time =0.0050s
  batch_time     =0.6395s
  cuda_allocated_gb    =0.125
  cuda_reserved_gb     =9.008
  cuda_max_allocated_gb=7.792
[PROFILE batch=8]
  data_time      =0.0007s
  to_device_time =0.0022s
  forward_time   =0.3115s
  loss_time      =0.0020s
  backward_time  =0.3142s
  optimizer_time =0.0053s
  batch_time     =0.6358s
  cuda_allocated_gb    =0.125
  cuda_reserved_gb     =9.008
  cuda_max_allocated_gb=7.792
[PROFILE batch=9]
  data_time      =0.0005s
  to_device_time =0.0021s
  forward_time   =0.3100s
  loss_time      =0.0023s
  backward_time  =0.3176s
  optimizer_time =0.0056s
  batch_time     =0.6380s
  cuda_allocated_gb    =0.125
  cuda_reserved_gb     =9.008
  cuda_max_allocated_gb=7.792
[PROFILE batch=10]
  data_time      =0.0005s
  to_device_time =0.0021s
  forward_time   =0.3090s
  loss_time      =0.0020s
  backward_time  =0.3151s
  optimizer_time =0.0051s
  batch_time     =0.6339s
  cuda_allocated_gb    =0.125
  cuda_reserved_gb     =9.008
  cuda_max_allocated_gb=7.792
[PROFILE batch=11]
  data_time      =0.0004s
  to_device_time =0.0021s
  forward_time   =0.3102s
  loss_time      =0.0020s
  backward_time  =0.3167s
  optimizer_time =0.0050s
  batch_time     =0.6364s
  cuda_allocated_gb    =0.125
  cuda_reserved_gb     =9.008
  cuda_max_allocated_gb=7.792
[PROFILE batch=12]
  data_time      =0.0004s
  to_device_time =0.0022s
  forward_time   =0.3088s
  loss_time      =0.0020s
  backward_time  =0.3163s
  optimizer_time =0.0050s
  batch_time     =0.6346s
  cuda_allocated_gb    =0.125
  cuda_reserved_gb     =9.008
  cuda_max_allocated_gb=7.792
[PROFILE batch=13]
  data_time      =0.0005s
  to_device_time =0.0022s
  forward_time   =0.3105s
  loss_time      =0.0020s
  backward_time  =0.3163s
  optimizer_time =0.0050s
  batch_time     =0.6364s
  cuda_allocated_gb    =0.125
  cuda_reserved_gb     =9.008
  cuda_max_allocated_gb=7.792
[PROFILE batch=14]
  data_time      =0.0005s
  to_device_time =0.0022s
  forward_time   =0.3096s
  loss_time      =0.0020s
  backward_time  =0.3217s
  optimizer_time =0.0049s
  batch_time     =0.6408s
  cuda_allocated_gb    =0.125
  cuda_reserved_gb     =9.008
  cuda_max_allocated_gb=7.792
[PROFILE batch=15]
  data_time      =0.0004s
  to_device_time =0.0014s
  forward_time   =0.2004s
  loss_time      =0.0024s
  backward_time  =0.1959s
  optimizer_time =0.0049s
  batch_time     =0.4055s
  cuda_allocated_gb    =0.094
  cuda_reserved_gb     =9.008
  cuda_max_allocated_gb=7.792
[PROFILE batch=16]
  data_time      =0.0004s
  to_device_time =0.0022s
  forward_time   =0.3086s
  loss_time      =0.0020s
  backward_time  =0.3172s
  optimizer_time =0.0050s
  batch_time     =0.6353s
  cuda_allocated_gb    =0.125
  cuda_reserved_gb     =9.008
  cuda_max_allocated_gb=7.792
[PROFILE batch=17]
  data_time      =0.0004s
  to_device_time =0.0022s
  forward_time   =0.3118s
  loss_time      =0.0021s
  backward_time  =0.3171s
  optimizer_time =0.0051s
  batch_time     =0.6386s
  cuda_allocated_gb    =0.125
  cuda_reserved_gb     =9.008
  cuda_max_allocated_gb=7.792
[PROFILE batch=18]
  data_time      =0.0004s
  to_device_time =0.0022s
  forward_time   =0.3140s
  loss_time      =0.0021s
  backward_time  =0.3187s
  optimizer_time =0.0050s
  batch_time     =0.6425s
  cuda_allocated_gb    =0.125
  cuda_reserved_gb     =9.008
  cuda_max_allocated_gb=7.792
[PROFILE batch=19]
  data_time      =0.0004s
  to_device_time =0.0022s
  forward_time   =0.3082s
  loss_time      =0.0020s
  backward_time  =0.3177s
  optimizer_time =0.0048s
  batch_time     =0.6354s
  cuda_allocated_gb    =0.125
  cuda_reserved_gb     =9.008
  cuda_max_allocated_gb=7.792

[PROFILE average first 20 batches (recorded=20)]
  avg_data_time      =0.0164s
  avg_to_device_time =0.0021s
  avg_forward_time   =0.3057s
  avg_loss_time      =0.0021s
  avg_backward_time  =0.3110s
  avg_optimizer_time =0.0051s
  avg_batch_time     =0.6265s
  estimated_full_epoch_minutes=9.60

val:   0%|          | 0/113 [00:00<?, ?it/s]/usr/local/lib/python3.12/dist-packages/torch/autograd/function.py:583: UserWarning: Was asked to gather along dimension 0, but all input tensors were scalars; will instead unsqueeze and return a vector.
  return super().apply(*args, **kwargs)  # type: ignore[misc]

val:   1%|          | 1/113 [00:00<00:56,  1.99it/s]
val:   2%|â–         | 2/113 [00:00<00:43,  2.58it/s]
val:   3%|â–Ž         | 3/113 [00:01<00:38,  2.89it/s]
val:   4%|â–Ž         | 4/113 [00:01<00:35,  3.06it/s]
val:   4%|â–         | 5/113 [00:01<00:33,  3.19it/s]
val:   5%|â–Œ         | 6/113 [00:01<00:32,  3.25it/s]
val:   6%|â–Œ         | 7/113 [00:02<00:32,  3.30it/s]
val:   7%|â–‹         | 8/113 [00:02<00:31,  3.31it/s]
val:   8%|â–Š         | 9/113 [00:02<00:31,  3.33it/s]
val:   9%|â–‰         | 10/113 [00:03<00:30,  3.35it/s]
                                                     
Epoch 007/015 | loss=2.5450 acc=0.1445 macro_f1=0.1360 | val_loss=2.5331 val_acc=0.2437 val_macro_f1=0.0560 | ckpt_monitor=val_macro_f1:0.0560 best_val_macro_f1=0.0736 best_epoch=1 early_val_macro_f1=0.0736 sec/batch=0.645s
          val pred_count: [0, 0, 0, 320, 0, 0, 0]
          no improvement: 6/12

train 8:   0%|          | 0/919 [00:00<?, ?it/s]/usr/local/lib/python3.12/dist-packages/torch/autograd/function.py:583: UserWarning: Was asked to gather along dimension 0, but all input tensors were scalars; will instead unsqueeze and return a vector.
  return super().apply(*args, **kwargs)  # type: ignore[misc]

train 8:   0%|          | 0/919 [00:01<?, ?it/s, loss=2.5341]
train 8:   0%|          | 1/919 [00:01<17:42,  1.16s/it, loss=2.5341]
train 8:   0%|          | 1/919 [00:01<17:42,  1.16s/it, loss=2.5458]
train 8:   0%|          | 2/919 [00:01<13:11,  1.16it/s, loss=2.5458]
train 8:   0%|          | 2/919 [00:02<13:11,  1.16it/s, loss=2.5254]
train 8:   0%|          | 3/919 [00:02<11:41,  1.31it/s, loss=2.5254]
train 8:   0%|          | 3/919 [00:03<11:41,  1.31it/s, loss=2.5369]
train 8:   0%|          | 4/919 [00:03<10:58,  1.39it/s, loss=2.5369]
train 8:   0%|          | 4/919 [00:03<10:58,  1.39it/s, loss=2.5380]
train 8:   1%|          | 5/919 [00:03<10:34,  1.44it/s, loss=2.5380]
train 8:   1%|          | 5/919 [00:04<10:34,  1.44it/s, loss=2.5597]
train 8:   1%|          | 6/919 [00:04<10:19,  1.47it/s, loss=2.5597]
train 8:   1%|          | 6/919 [00:05<10:19,  1.47it/s, loss=2.5258]
train 8:   1%|          | 7/919 [00:05<10:11,  1.49it/s, loss=2.5258]
train 8:   1%|          | 7/919 [00:05<10:11,  1.49it/s, loss=2.5630]
train 8:   1%|          | 8/919 [00:05<10:05,  1.50it/s, loss=2.5630]
train 8:   1%|          | 8/919 [00:06<10:05,  1.50it/s, loss=2.5299]
train 8:   1%|          | 9/919 [00:06<10:02,  1.51it/s, loss=2.5299]
train 8:   1%|          | 9/919 [00:07<10:02,  1.51it/s, loss=2.5485]
train 8:   1%|          | 10/919 [00:07<09:59,  1.52it/s, loss=2.5485]
train 8:   1%|          | 10/919 [00:07<09:59,  1.52it/s, loss=2.5566]
train 8:   1%|          | 11/919 [00:07<09:58,  1.52it/s, loss=2.5566]
train 8:   1%|          | 11/919 [00:08<09:58,  1.52it/s, loss=2.5308]
train 8:   1%|â–         | 12/919 [00:08<09:56,  1.52it/s, loss=2.5308]
train 8:   1%|â–         | 12/919 [00:08<09:56,  1.52it/s, loss=2.5403]
train 8:   1%|â–         | 13/919 [00:08<09:55,  1.52it/s, loss=2.5403]
train 8:   1%|â–         | 13/919 [00:09<09:55,  1.52it/s, loss=2.5645]
train 8:   2%|â–         | 14/919 [00:09<09:55,  1.52it/s, loss=2.5645]
train 8:   2%|â–         | 14/919 [00:10<09:55,  1.52it/s, loss=2.5506]
train 8:   2%|â–         | 15/919 [00:10<09:53,  1.52it/s, loss=2.5506]
train 8:   2%|â–         | 15/919 [00:10<09:53,  1.52it/s, loss=2.5199]
train 8:   2%|â–         | 16/919 [00:10<08:49,  1.71it/s, loss=2.5199]
train 8:   2%|â–         | 16/919 [00:11<08:49,  1.71it/s, loss=2.5340]
train 8:   2%|â–         | 17/919 [00:11<09:09,  1.64it/s, loss=2.5340]
train 8:   2%|â–         | 17/919 [00:12<09:09,  1.64it/s, loss=2.5264]
train 8:   2%|â–         | 18/919 [00:12<09:22,  1.60it/s, loss=2.5264]
train 8:   2%|â–         | 18/919 [00:12<09:22,  1.60it/s, loss=2.4934]
train 8:   2%|â–         | 19/919 [00:12<09:29,  1.58it/s, loss=2.4934]
train 8:   2%|â–         | 19/919 [00:13<09:29,  1.58it/s, loss=2.5149]
train 8:   2%|â–         | 20/919 [00:13<09:36,  1.56it/s, loss=2.5149]
train 8:   2%|â–         | 20/919 [00:14<09:36,  1.56it/s, loss=2.5572]
train 8:   2%|â–         | 21/919 [00:14<09:37,  1.55it/s, loss=2.5572]
train 8:   2%|â–         | 21/919 [00:14<09:37,  1.55it/s, loss=2.5387]
train 8:   2%|â–         | 22/919 [00:14<09:40,  1.55it/s, loss=2.5387]
train 8:   2%|â–         | 22/919 [00:15<09:40,  1.55it/s, loss=2.5531]
train 8:   3%|â–Ž         | 23/919 [00:15<09:43,  1.54it/s, loss=2.5531]
train 8:   3%|â–Ž         | 23/919 [00:15<09:43,  1.54it/s, loss=2.5763]
train 8:   3%|â–Ž         | 24/919 [00:15<09:45,  1.53it/s, loss=2.5763]
train 8:   3%|â–Ž         | 24/919 [00:16<09:45,  1.53it/s, loss=2.5452]
train 8:   3%|â–Ž         | 25/919 [00:16<09:45,  1.53it/s, loss=2.5452]
train 8:   3%|â–Ž         | 25/919 [00:17<09:45,  1.53it/s, loss=2.5292]
train 8:   3%|â–Ž         | 26/919 [00:17<09:46,  1.52it/s, loss=2.5292]
train 8:   3%|â–Ž         | 26/919 [00:17<09:46,  1.52it/s, loss=2.5433]
train 8:   3%|â–Ž         | 27/919 [00:17<09:46,  1.52it/s, loss=2.5433]
train 8:   3%|â–Ž         | 27/919 [00:18<09:46,  1.52it/s, loss=2.5399]
train 8:   3%|â–Ž         | 28/919 [00:18<09:45,  1.52it/s, loss=2.5399]
train 8:   3%|â–Ž         | 28/919 [00:19<09:45,  1.52it/s, loss=2.5371]
train 8:   3%|â–Ž         | 29/919 [00:19<09:45,  1.52it/s, loss=2.5371]
train 8:   3%|â–Ž         | 29/919 [00:19<09:45,  1.52it/s, loss=2.4805]
train 8:   3%|â–Ž         | 30/919 [00:19<09:44,  1.52it/s, loss=2.4805]
                                                                      
[PROFILE batch=0]
  data_time      =0.5077s
  to_device_time =0.0023s
  forward_time   =0.3133s
  loss_time      =0.0012s
  backward_time  =0.3213s
  optimizer_time =0.0050s
  batch_time     =0.6468s
  cuda_allocated_gb    =0.125
  cuda_reserved_gb     =9.008
  cuda_max_allocated_gb=7.792
[PROFILE batch=1]
  data_time      =0.0005s
  to_device_time =0.0022s
  forward_time   =0.3143s
  loss_time      =0.0020s
  backward_time  =0.3267s
  optimizer_time =0.0086s
  batch_time     =0.6542s
  cuda_allocated_gb    =0.125
  cuda_reserved_gb     =9.008
  cuda_max_allocated_gb=7.792
[PROFILE batch=2]
  data_time      =0.0005s
  to_device_time =0.0022s
  forward_time   =0.3168s
  loss_time      =0.0020s
  backward_time  =0.3202s
  optimizer_time =0.0053s
  batch_time     =0.6471s
  cuda_allocated_gb    =0.125
  cuda_reserved_gb     =9.008
  cuda_max_allocated_gb=7.792
[PROFILE batch=3]
  data_time      =0.0004s
  to_device_time =0.0022s
  forward_time   =0.3148s
  loss_time      =0.0021s
  backward_time  =0.3212s
  optimizer_time =0.0050s
  batch_time     =0.6457s
  cuda_allocated_gb    =0.125
  cuda_reserved_gb     =9.008
  cuda_max_allocated_gb=7.792
[PROFILE batch=4]
  data_time      =0.0004s
  to_device_time =0.0022s
  forward_time   =0.3149s
  loss_time      =0.0020s
  backward_time  =0.3216s
  optimizer_time =0.0051s
  batch_time     =0.6462s
  cuda_allocated_gb    =0.125
  cuda_reserved_gb     =9.008
  cuda_max_allocated_gb=7.792
[PROFILE batch=5]
  data_time      =0.0005s
  to_device_time =0.0022s
  forward_time   =0.3135s
  loss_time      =0.0021s
  backward_time  =0.3200s
  optimizer_time =0.0056s
  batch_time     =0.6437s
  cuda_allocated_gb    =0.125
  cuda_reserved_gb     =9.008
  cuda_max_allocated_gb=7.792
[PROFILE batch=6]
  data_time      =0.0005s
  to_device_time =0.0021s
  forward_time   =0.3140s
  loss_time      =0.0020s
  backward_time  =0.3269s
  optimizer_time =0.0053s
  batch_time     =0.6507s
  cuda_allocated_gb    =0.125
  cuda_reserved_gb     =9.008
  cuda_max_allocated_gb=7.792
[PROFILE batch=7]
  data_time      =0.0005s
  to_device_time =0.0021s
  forward_time   =0.3150s
  loss_time      =0.0020s
  backward_time  =0.3264s
  optimizer_time =0.0050s
  batch_time     =0.6508s
  cuda_allocated_gb    =0.125
  cuda_reserved_gb     =9.008
  cuda_max_allocated_gb=7.792
[PROFILE batch=8]
  data_time      =0.0006s
  to_device_time =0.0022s
  forward_time   =0.3236s
  loss_time      =0.0020s
  backward_time  =0.3207s
  optimizer_time =0.0050s
  batch_time     =0.6541s
  cuda_allocated_gb    =0.125
  cuda_reserved_gb     =9.008
  cuda_max_allocated_gb=7.792
[PROFILE batch=9]
  data_time      =0.0005s
  to_device_time =0.0021s
  forward_time   =0.3152s
  loss_time      =0.0021s
  backward_time  =0.3236s
  optimizer_time =0.0052s
  batch_time     =0.6487s
  cuda_allocated_gb    =0.125
  cuda_reserved_gb     =9.008
  cuda_max_allocated_gb=7.792
[PROFILE batch=10]
  data_time      =0.0005s
  to_device_time =0.0022s
  forward_time   =0.3169s
  loss_time      =0.0021s
  backward_time  =0.3280s
  optimizer_time =0.0050s
  batch_time     =0.6547s
  cuda_allocated_gb    =0.125
  cuda_reserved_gb     =9.008
  cuda_max_allocated_gb=7.792
[PROFILE batch=11]
  data_time      =0.0005s
  to_device_time =0.0021s
  forward_time   =0.3159s
  loss_time      =0.0021s
  backward_time  =0.3284s
  optimizer_time =0.0049s
  batch_time     =0.6539s
  cuda_allocated_gb    =0.125
  cuda_reserved_gb     =9.008
  cuda_max_allocated_gb=7.792
[PROFILE batch=12]
  data_time      =0.0005s
  to_device_time =0.0022s
  forward_time   =0.3175s
  loss_time      =0.0020s
  backward_time  =0.3261s
  optimizer_time =0.0051s
  batch_time     =0.6534s
  cuda_allocated_gb    =0.125
  cuda_reserved_gb     =9.008
  cuda_max_allocated_gb=7.792
[PROFILE batch=13]
  data_time      =0.0004s
  to_device_time =0.0021s
  forward_time   =0.3179s
  loss_time      =0.0021s
  backward_time  =0.3295s
  optimizer_time =0.0052s
  batch_time     =0.6572s
  cuda_allocated_gb    =0.125
  cuda_reserved_gb     =9.008
  cuda_max_allocated_gb=7.792
[PROFILE batch=14]
  data_time      =0.0004s
  to_device_time =0.0022s
  forward_time   =0.3160s
  loss_time      =0.0021s
  backward_time  =0.3223s
  optimizer_time =0.0052s
  batch_time     =0.6482s
  cuda_allocated_gb    =0.125
  cuda_reserved_gb     =9.008
  cuda_max_allocated_gb=7.792
[PROFILE batch=15]
  data_time      =0.0005s
  to_device_time =0.0014s
  forward_time   =0.2044s
  loss_time      =0.0023s
  backward_time  =0.2060s
  optimizer_time =0.0052s
  batch_time     =0.4197s
  cuda_allocated_gb    =0.094
  cuda_reserved_gb     =9.008
  cuda_max_allocated_gb=7.792
[PROFILE batch=16]
  data_time      =0.0005s
  to_device_time =0.0021s
  forward_time   =0.3169s
  loss_time      =0.0021s
  backward_time  =0.3323s
  optimizer_time =0.0051s
  batch_time     =0.6590s
  cuda_allocated_gb    =0.125
  cuda_reserved_gb     =9.008
  cuda_max_allocated_gb=7.792
[PROFILE batch=17]
  data_time      =0.0004s
  to_device_time =0.0021s
  forward_time   =0.3157s
  loss_time      =0.0021s
  backward_time  =0.3298s
  optimizer_time =0.0055s
  batch_time     =0.6558s
  cuda_allocated_gb    =0.125
  cuda_reserved_gb     =9.008
  cuda_max_allocated_gb=7.792
[PROFILE batch=18]
  data_time      =0.0005s
  to_device_time =0.0022s
  forward_time   =0.3141s
  loss_time      =0.0021s
  backward_time  =0.3263s
  optimizer_time =0.0054s
  batch_time     =0.6505s
  cuda_allocated_gb    =0.125
  cuda_reserved_gb     =9.008
  cuda_max_allocated_gb=7.792
[PROFILE batch=19]
  data_time      =0.0005s
  to_device_time =0.0021s
  forward_time   =0.3192s
  loss_time      =0.0021s
  backward_time  =0.3297s
  optimizer_time =0.0051s
  batch_time     =0.6586s
  cuda_allocated_gb    =0.125
  cuda_reserved_gb     =9.008
  cuda_max_allocated_gb=7.792

[PROFILE average first 20 batches (recorded=20)]
  avg_data_time      =0.0258s
  avg_to_device_time =0.0021s
  avg_forward_time   =0.3105s
  avg_loss_time      =0.0020s
  avg_backward_time  =0.3194s
  avg_optimizer_time =0.0053s
  avg_batch_time     =0.6400s
  estimated_full_epoch_minutes=9.80

val:   0%|          | 0/113 [00:00<?, ?it/s]/usr/local/lib/python3.12/dist-packages/torch/autograd/function.py:583: UserWarning: Was asked to gather along dimension 0, but all input tensors were scalars; will instead unsqueeze and return a vector.
  return super().apply(*args, **kwargs)  # type: ignore[misc]

val:   1%|          | 1/113 [00:00<00:57,  1.94it/s]
val:   2%|â–         | 2/113 [00:00<00:42,  2.58it/s]
val:   3%|â–Ž         | 3/113 [00:01<00:38,  2.88it/s]
val:   4%|â–Ž         | 4/113 [00:01<00:35,  3.05it/s]
val:   4%|â–         | 5/113 [00:01<00:34,  3.13it/s]
val:   5%|â–Œ         | 6/113 [00:02<00:33,  3.19it/s]
val:   6%|â–Œ         | 7/113 [00:02<00:32,  3.24it/s]
val:   7%|â–‹         | 8/113 [00:02<00:32,  3.26it/s]
val:   8%|â–Š         | 9/113 [00:02<00:31,  3.27it/s]
val:   9%|â–‰         | 10/113 [00:03<00:31,  3.30it/s]
                                                     
Epoch 008/015 | loss=2.5380 acc=0.1424 macro_f1=0.1293 | val_loss=2.5331 val_acc=0.2437 val_macro_f1=0.0560 | ckpt_monitor=val_macro_f1:0.0560 best_val_macro_f1=0.0736 best_epoch=1 early_val_macro_f1=0.0736 sec/batch=0.665s
          val pred_count: [0, 0, 0, 320, 0, 0, 0]
          no improvement: 7/12

train 9:   0%|          | 0/919 [00:00<?, ?it/s]/usr/local/lib/python3.12/dist-packages/torch/autograd/function.py:583: UserWarning: Was asked to gather along dimension 0, but all input tensors were scalars; will instead unsqueeze and return a vector.
  return super().apply(*args, **kwargs)  # type: ignore[misc]

train 9:   0%|          | 0/919 [00:00<?, ?it/s, loss=2.5080]
train 9:   0%|          | 1/919 [00:00<14:52,  1.03it/s, loss=2.5080]
train 9:   0%|          | 1/919 [00:01<14:52,  1.03it/s, loss=2.5338]
train 9:   0%|          | 2/919 [00:01<12:01,  1.27it/s, loss=2.5338]
train 9:   0%|          | 2/919 [00:02<12:01,  1.27it/s, loss=2.5174]
train 9:   0%|          | 3/919 [00:02<11:07,  1.37it/s, loss=2.5174]
train 9:   0%|          | 3/919 [00:02<11:07,  1.37it/s, loss=2.5411]
train 9:   0%|          | 4/919 [00:02<10:41,  1.43it/s, loss=2.5411]
train 9:   0%|          | 4/919 [00:03<10:41,  1.43it/s, loss=2.5484]
train 9:   1%|          | 5/919 [00:03<10:29,  1.45it/s, loss=2.5484]
train 9:   1%|          | 5/919 [00:04<10:29,  1.45it/s, loss=2.5180]
train 9:   1%|          | 6/919 [00:04<10:20,  1.47it/s, loss=2.5180]
train 9:   1%|          | 6/919 [00:04<10:20,  1.47it/s, loss=2.5348]
train 9:   1%|          | 7/919 [00:04<10:13,  1.49it/s, loss=2.5348]
train 9:   1%|          | 7/919 [00:05<10:13,  1.49it/s, loss=2.5706]
train 9:   1%|          | 8/919 [00:05<10:08,  1.50it/s, loss=2.5706]
train 9:   1%|          | 8/919 [00:06<10:08,  1.50it/s, loss=2.5342]
train 9:   1%|          | 9/919 [00:06<10:05,  1.50it/s, loss=2.5342]
train 9:   1%|          | 9/919 [00:06<10:05,  1.50it/s, loss=2.5502]
train 9:   1%|          | 10/919 [00:06<10:05,  1.50it/s, loss=2.5502]
train 9:   1%|          | 10/919 [00:07<10:05,  1.50it/s, loss=2.5355]
train 9:   1%|          | 11/919 [00:07<10:02,  1.51it/s, loss=2.5355]
train 9:   1%|          | 11/919 [00:08<10:02,  1.51it/s, loss=2.5406]
train 9:   1%|â–         | 12/919 [00:08<10:02,  1.51it/s, loss=2.5406]
train 9:   1%|â–         | 12/919 [00:08<10:02,  1.51it/s, loss=2.5083]
train 9:   1%|â–         | 13/919 [00:08<10:02,  1.50it/s, loss=2.5083]
train 9:   1%|â–         | 13/919 [00:09<10:02,  1.50it/s, loss=2.5462]
train 9:   2%|â–         | 14/919 [00:09<10:00,  1.51it/s, loss=2.5462]
train 9:   2%|â–         | 14/919 [00:10<10:00,  1.51it/s, loss=2.5256]
train 9:   2%|â–         | 15/919 [00:10<10:00,  1.51it/s, loss=2.5256]
train 9:   2%|â–         | 15/919 [00:10<10:00,  1.51it/s, loss=2.5339]
train 9:   2%|â–         | 16/919 [00:10<08:52,  1.70it/s, loss=2.5339]
train 9:   2%|â–         | 16/919 [00:11<08:52,  1.70it/s, loss=2.5360]
train 9:   2%|â–         | 17/919 [00:11<09:10,  1.64it/s, loss=2.5360]
train 9:   2%|â–         | 17/919 [00:11<09:10,  1.64it/s, loss=2.5186]
train 9:   2%|â–         | 18/919 [00:11<09:22,  1.60it/s, loss=2.5186]
train 9:   2%|â–         | 18/919 [00:12<09:22,  1.60it/s, loss=2.5822]
train 9:   2%|â–         | 19/919 [00:12<09:31,  1.57it/s, loss=2.5822]
train 9:   2%|â–         | 19/919 [00:13<09:31,  1.57it/s, loss=2.5511]
train 9:   2%|â–         | 20/919 [00:13<09:37,  1.56it/s, loss=2.5511]
train 9:   2%|â–         | 20/919 [00:13<09:37,  1.56it/s, loss=2.5600]
train 9:   2%|â–         | 21/919 [00:13<09:40,  1.55it/s, loss=2.5600]
train 9:   2%|â–         | 21/919 [00:14<09:40,  1.55it/s, loss=2.5406]
train 9:   2%|â–         | 22/919 [00:14<09:42,  1.54it/s, loss=2.5406]
train 9:   2%|â–         | 22/919 [00:15<09:42,  1.54it/s, loss=2.5106]
train 9:   3%|â–Ž         | 23/919 [00:15<09:44,  1.53it/s, loss=2.5106]
train 9:   3%|â–Ž         | 23/919 [00:15<09:44,  1.53it/s, loss=2.5188]
train 9:   3%|â–Ž         | 24/919 [00:15<09:44,  1.53it/s, loss=2.5188]
train 9:   3%|â–Ž         | 24/919 [00:16<09:44,  1.53it/s, loss=2.5376]
train 9:   3%|â–Ž         | 25/919 [00:16<09:44,  1.53it/s, loss=2.5376]
train 9:   3%|â–Ž         | 25/919 [00:17<09:44,  1.53it/s, loss=2.5462]
train 9:   3%|â–Ž         | 26/919 [00:17<09:45,  1.53it/s, loss=2.5462]
train 9:   3%|â–Ž         | 26/919 [00:17<09:45,  1.53it/s, loss=2.5325]
train 9:   3%|â–Ž         | 27/919 [00:17<09:44,  1.53it/s, loss=2.5325]
train 9:   3%|â–Ž         | 27/919 [00:18<09:44,  1.53it/s, loss=2.5454]
train 9:   3%|â–Ž         | 28/919 [00:18<09:43,  1.53it/s, loss=2.5454]
train 9:   3%|â–Ž         | 28/919 [00:19<09:43,  1.53it/s, loss=2.5485]
train 9:   3%|â–Ž         | 29/919 [00:19<09:43,  1.52it/s, loss=2.5485]
train 9:   3%|â–Ž         | 29/919 [00:19<09:43,  1.52it/s, loss=2.5177]
train 9:   3%|â–Ž         | 30/919 [00:19<09:41,  1.53it/s, loss=2.5177]
                                                                      
[PROFILE batch=0]
  data_time      =0.3147s
  to_device_time =0.0022s
  forward_time   =0.3168s
  loss_time      =0.0012s
  backward_time  =0.3268s
  optimizer_time =0.0050s
  batch_time     =0.6548s
  cuda_allocated_gb    =0.125
  cuda_reserved_gb     =9.008
  cuda_max_allocated_gb=7.792
[PROFILE batch=1]
  data_time      =0.0004s
  to_device_time =0.0021s
  forward_time   =0.3172s
  loss_time      =0.0019s
  backward_time  =0.3278s
  optimizer_time =0.0051s
  batch_time     =0.6546s
  cuda_allocated_gb    =0.125
  cuda_reserved_gb     =9.008
  cuda_max_allocated_gb=7.792
[PROFILE batch=2]
  data_time      =0.0004s
  to_device_time =0.0022s
  forward_time   =0.3160s
  loss_time      =0.0019s
  backward_time  =0.3308s
  optimizer_time =0.0050s
  batch_time     =0.6564s
  cuda_allocated_gb    =0.125
  cuda_reserved_gb     =9.008
  cuda_max_allocated_gb=7.792
[PROFILE batch=3]
  data_time      =0.0005s
  to_device_time =0.0021s
  forward_time   =0.3152s
  loss_time      =0.0020s
  backward_time  =0.3304s
  optimizer_time =0.0049s
  batch_time     =0.6551s
  cuda_allocated_gb    =0.125
  cuda_reserved_gb     =9.008
  cuda_max_allocated_gb=7.792
[PROFILE batch=4]
  data_time      =0.0004s
  to_device_time =0.0022s
  forward_time   =0.3173s
  loss_time      =0.0020s
  backward_time  =0.3371s
  optimizer_time =0.0055s
  batch_time     =0.6645s
  cuda_allocated_gb    =0.125
  cuda_reserved_gb     =9.008
  cuda_max_allocated_gb=7.792
[PROFILE batch=5]
  data_time      =0.0005s
  to_device_time =0.0021s
  forward_time   =0.3175s
  loss_time      =0.0020s
  backward_time  =0.3306s
  optimizer_time =0.0051s
  batch_time     =0.6577s
  cuda_allocated_gb    =0.125
  cuda_reserved_gb     =9.008
  cuda_max_allocated_gb=7.792
[PROFILE batch=6]
  data_time      =0.0004s
  to_device_time =0.0021s
  forward_time   =0.3167s
  loss_time      =0.0020s
  backward_time  =0.3308s
  optimizer_time =0.0049s
  batch_time     =0.6569s
  cuda_allocated_gb    =0.125
  cuda_reserved_gb     =9.008
  cuda_max_allocated_gb=7.792
[PROFILE batch=7]
  data_time      =0.0005s
  to_device_time =0.0021s
  forward_time   =0.3162s
  loss_time      =0.0020s
  backward_time  =0.3282s
  optimizer_time =0.0050s
  batch_time     =0.6539s
  cuda_allocated_gb    =0.125
  cuda_reserved_gb     =9.008
  cuda_max_allocated_gb=7.792
[PROFILE batch=8]
  data_time      =0.0007s
  to_device_time =0.0021s
  forward_time   =0.3180s
  loss_time      =0.0020s
  backward_time  =0.3307s
  optimizer_time =0.0051s
  batch_time     =0.6583s
  cuda_allocated_gb    =0.125
  cuda_reserved_gb     =9.008
  cuda_max_allocated_gb=7.792
[PROFILE batch=9]
  data_time      =0.0005s
  to_device_time =0.0022s
  forward_time   =0.3170s
  loss_time      =0.0021s
  backward_time  =0.3382s
  optimizer_time =0.0049s
  batch_time     =0.6648s
  cuda_allocated_gb    =0.125
  cuda_reserved_gb     =9.008
  cuda_max_allocated_gb=7.792
[PROFILE batch=10]
  data_time      =0.0004s
  to_device_time =0.0021s
  forward_time   =0.3181s
  loss_time      =0.0020s
  backward_time  =0.3259s
  optimizer_time =0.0051s
  batch_time     =0.6536s
  cuda_allocated_gb    =0.125
  cuda_reserved_gb     =9.008
  cuda_max_allocated_gb=7.792
[PROFILE batch=11]
  data_time      =0.0004s
  to_device_time =0.0021s
  forward_time   =0.3149s
  loss_time      =0.0021s
  backward_time  =0.3369s
  optimizer_time =0.0051s
  batch_time     =0.6616s
  cuda_allocated_gb    =0.125
  cuda_reserved_gb     =9.008
  cuda_max_allocated_gb=7.792
[PROFILE batch=12]
  data_time      =0.0004s
  to_device_time =0.0022s
  forward_time   =0.3207s
  loss_time      =0.0033s
  backward_time  =0.3315s
  optimizer_time =0.0051s
  batch_time     =0.6632s
  cuda_allocated_gb    =0.125
  cuda_reserved_gb     =9.008
  cuda_max_allocated_gb=7.792
[PROFILE batch=13]
  data_time      =0.0004s
  to_device_time =0.0022s
  forward_time   =0.3187s
  loss_time      =0.0020s
  backward_time  =0.3294s
  optimizer_time =0.0054s
  batch_time     =0.6581s
  cuda_allocated_gb    =0.125
  cuda_reserved_gb     =9.008
  cuda_max_allocated_gb=7.792
[PROFILE batch=14]
  data_time      =0.0005s
  to_device_time =0.0021s
  forward_time   =0.3204s
  loss_time      =0.0020s
  backward_time  =0.3313s
  optimizer_time =0.0051s
  batch_time     =0.6614s
  cuda_allocated_gb    =0.125
  cuda_reserved_gb     =9.008
  cuda_max_allocated_gb=7.792
[PROFILE batch=15]
  data_time      =0.0004s
  to_device_time =0.0014s
  forward_time   =0.2035s
  loss_time      =0.0021s
  backward_time  =0.2020s
  optimizer_time =0.0049s
  batch_time     =0.4144s
  cuda_allocated_gb    =0.094
  cuda_reserved_gb     =9.008
  cuda_max_allocated_gb=7.792
[PROFILE batch=16]
  data_time      =0.0004s
  to_device_time =0.0021s
  forward_time   =0.3151s
  loss_time      =0.0021s
  backward_time  =0.3292s
  optimizer_time =0.0050s
  batch_time     =0.6539s
  cuda_allocated_gb    =0.125
  cuda_reserved_gb     =9.008
  cuda_max_allocated_gb=7.792
[PROFILE batch=17]
  data_time      =0.0004s
  to_device_time =0.0021s
  forward_time   =0.3163s
  loss_time      =0.0021s
  backward_time  =0.3284s
  optimizer_time =0.0051s
  batch_time     =0.6545s
  cuda_allocated_gb    =0.125
  cuda_reserved_gb     =9.008
  cuda_max_allocated_gb=7.792
[PROFILE batch=18]
  data_time      =0.0005s
  to_device_time =0.0021s
  forward_time   =0.3179s
  loss_time      =0.0021s
  backward_time  =0.3313s
  optimizer_time =0.0051s
  batch_time     =0.6590s
  cuda_allocated_gb    =0.125
  cuda_reserved_gb     =9.008
  cuda_max_allocated_gb=7.792
[PROFILE batch=19]
  data_time      =0.0004s
  to_device_time =0.0022s
  forward_time   =0.3166s
  loss_time      =0.0020s
  backward_time  =0.3295s
  optimizer_time =0.0052s
  batch_time     =0.6559s
  cuda_allocated_gb    =0.125
  cuda_reserved_gb     =9.008
  cuda_max_allocated_gb=7.792

[PROFILE average first 20 batches (recorded=20)]
  avg_data_time      =0.0162s
  avg_to_device_time =0.0021s
  avg_forward_time   =0.3115s
  avg_loss_time      =0.0021s
  avg_backward_time  =0.3243s
  avg_optimizer_time =0.0051s
  avg_batch_time     =0.6456s
  estimated_full_epoch_minutes=9.89

val:   0%|          | 0/113 [00:00<?, ?it/s]/usr/local/lib/python3.12/dist-packages/torch/autograd/function.py:583: UserWarning: Was asked to gather along dimension 0, but all input tensors were scalars; will instead unsqueeze and return a vector.
  return super().apply(*args, **kwargs)  # type: ignore[misc]

val:   1%|          | 1/113 [00:00<00:56,  1.98it/s]
val:   2%|â–         | 2/113 [00:00<00:42,  2.59it/s]
val:   3%|â–Ž         | 3/113 [00:01<00:38,  2.87it/s]
val:   4%|â–Ž         | 4/113 [00:01<00:36,  3.03it/s]
val:   4%|â–         | 5/113 [00:01<00:34,  3.12it/s]
val:   5%|â–Œ         | 6/113 [00:02<00:33,  3.18it/s]
val:   6%|â–Œ         | 7/113 [00:02<00:32,  3.24it/s]
val:   7%|â–‹         | 8/113 [00:02<00:36,  2.90it/s]
val:   8%|â–Š         | 9/113 [00:03<00:34,  3.01it/s]
val:   9%|â–‰         | 10/113 [00:03<00:33,  3.11it/s]
                                                     
Epoch 009/015 | loss=2.5364 acc=0.1403 macro_f1=0.1286 | val_loss=2.5331 val_acc=0.2437 val_macro_f1=0.0560 | ckpt_monitor=val_macro_f1:0.0560 best_val_macro_f1=0.0736 best_epoch=1 early_val_macro_f1=0.0736 sec/batch=0.662s
          val pred_count: [0, 0, 0, 320, 0, 0, 0]
          no improvement: 8/12

train 10:   0%|          | 0/919 [00:00<?, ?it/s]/usr/local/lib/python3.12/dist-packages/torch/autograd/function.py:583: UserWarning: Was asked to gather along dimension 0, but all input tensors were scalars; will instead unsqueeze and return a vector.
  return super().apply(*args, **kwargs)  # type: ignore[misc]

train 10:   0%|          | 0/919 [00:00<?, ?it/s, loss=2.5197]
train 10:   0%|          | 1/919 [00:00<14:51,  1.03it/s, loss=2.5197]
train 10:   0%|          | 1/919 [00:01<14:51,  1.03it/s, loss=2.5817]
train 10:   0%|          | 2/919 [00:01<11:56,  1.28it/s, loss=2.5817]
train 10:   0%|          | 2/919 [00:02<11:56,  1.28it/s, loss=2.5666]
train 10:   0%|          | 3/919 [00:02<11:02,  1.38it/s, loss=2.5666]
train 10:   0%|          | 3/919 [00:02<11:02,  1.38it/s, loss=2.5108]
train 10:   0%|          | 4/919 [00:02<10:39,  1.43it/s, loss=2.5108]
train 10:   0%|          | 4/919 [00:03<10:39,  1.43it/s, loss=2.5707]
train 10:   1%|          | 5/919 [00:03<10:22,  1.47it/s, loss=2.5707]
train 10:   1%|          | 5/919 [00:04<10:22,  1.47it/s, loss=2.5194]
train 10:   1%|          | 6/919 [00:04<10:13,  1.49it/s, loss=2.5194]
train 10:   1%|          | 6/919 [00:04<10:13,  1.49it/s, loss=2.5300]
train 10:   1%|          | 7/919 [00:04<10:07,  1.50it/s, loss=2.5300]
train 10:   1%|          | 7/919 [00:05<10:07,  1.50it/s, loss=2.5276]
train 10:   1%|          | 8/919 [00:05<10:09,  1.50it/s, loss=2.5276]
train 10:   1%|          | 8/919 [00:06<10:09,  1.50it/s, loss=2.5446]
train 10:   1%|          | 9/919 [00:06<10:03,  1.51it/s, loss=2.5446]
train 10:   1%|          | 9/919 [00:06<10:03,  1.51it/s, loss=2.5612]
train 10:   1%|          | 10/919 [00:06<09:59,  1.52it/s, loss=2.5612]
train 10:   1%|          | 10/919 [00:07<09:59,  1.52it/s, loss=2.4995]
train 10:   1%|          | 11/919 [00:07<09:54,  1.53it/s, loss=2.4995]
train 10:   1%|          | 11/919 [00:08<09:54,  1.53it/s, loss=2.5713]
train 10:   1%|â–         | 12/919 [00:08<09:51,  1.53it/s, loss=2.5713]
train 10:   1%|â–         | 12/919 [00:08<09:51,  1.53it/s, loss=2.5548]
train 10:   1%|â–         | 13/919 [00:08<09:49,  1.54it/s, loss=2.5548]
train 10:   1%|â–         | 13/919 [00:09<09:49,  1.54it/s, loss=2.5145]
train 10:   2%|â–         | 14/919 [00:09<09:48,  1.54it/s, loss=2.5145]
train 10:   2%|â–         | 14/919 [00:10<09:48,  1.54it/s, loss=2.5463]
train 10:   2%|â–         | 15/919 [00:10<09:47,  1.54it/s, loss=2.5463]
train 10:   2%|â–         | 15/919 [00:10<09:47,  1.54it/s, loss=2.5572]
train 10:   2%|â–         | 16/919 [00:10<08:42,  1.73it/s, loss=2.5572]
train 10:   2%|â–         | 16/919 [00:11<08:42,  1.73it/s, loss=2.5396]
train 10:   2%|â–         | 17/919 [00:11<09:03,  1.66it/s, loss=2.5396]
train 10:   2%|â–         | 17/919 [00:11<09:03,  1.66it/s, loss=2.5753]
train 10:   2%|â–         | 18/919 [00:11<09:15,  1.62it/s, loss=2.5753]
train 10:   2%|â–         | 18/919 [00:12<09:15,  1.62it/s, loss=2.5600]
train 10:   2%|â–         | 19/919 [00:12<09:23,  1.60it/s, loss=2.5600]
train 10:   2%|â–         | 19/919 [00:13<09:23,  1.60it/s, loss=2.5491]
train 10:   2%|â–         | 20/919 [00:13<09:28,  1.58it/s, loss=2.5491]
train 10:   2%|â–         | 20/919 [00:13<09:28,  1.58it/s, loss=2.5279]
train 10:   2%|â–         | 21/919 [00:13<09:32,  1.57it/s, loss=2.5279]
train 10:   2%|â–         | 21/919 [00:14<09:32,  1.57it/s, loss=2.5623]
train 10:   2%|â–         | 22/919 [00:14<09:34,  1.56it/s, loss=2.5623]
train 10:   2%|â–         | 22/919 [00:15<09:34,  1.56it/s, loss=2.5185]
train 10:   3%|â–Ž         | 23/919 [00:15<09:35,  1.56it/s, loss=2.5185]
train 10:   3%|â–Ž         | 23/919 [00:15<09:35,  1.56it/s, loss=2.5285]
train 10:   3%|â–Ž         | 24/919 [00:15<09:36,  1.55it/s, loss=2.5285]
train 10:   3%|â–Ž         | 24/919 [00:16<09:36,  1.55it/s, loss=2.5443]
train 10:   3%|â–Ž         | 25/919 [00:16<09:36,  1.55it/s, loss=2.5443]
train 10:   3%|â–Ž         | 25/919 [00:17<09:36,  1.55it/s, loss=2.5388]
train 10:   3%|â–Ž         | 26/919 [00:17<09:37,  1.55it/s, loss=2.5388]
train 10:   3%|â–Ž         | 26/919 [00:17<09:37,  1.55it/s, loss=2.5392]
train 10:   3%|â–Ž         | 27/919 [00:17<09:36,  1.55it/s, loss=2.5392]
train 10:   3%|â–Ž         | 27/919 [00:18<09:36,  1.55it/s, loss=2.5610]
train 10:   3%|â–Ž         | 28/919 [00:18<09:36,  1.54it/s, loss=2.5610]
train 10:   3%|â–Ž         | 28/919 [00:18<09:36,  1.54it/s, loss=2.5621]
train 10:   3%|â–Ž         | 29/919 [00:18<09:36,  1.54it/s, loss=2.5621]
train 10:   3%|â–Ž         | 29/919 [00:19<09:36,  1.54it/s, loss=2.5505]
train 10:   3%|â–Ž         | 30/919 [00:19<09:36,  1.54it/s, loss=2.5505]
                                                                       
[PROFILE batch=0]
  data_time      =0.3060s
  to_device_time =0.0025s
  forward_time   =0.3221s
  loss_time      =0.0012s
  backward_time  =0.3286s
  optimizer_time =0.0063s
  batch_time     =0.6620s
  cuda_allocated_gb    =0.125
  cuda_reserved_gb     =9.008
  cuda_max_allocated_gb=7.792
[PROFILE batch=1]
  data_time      =0.0005s
  to_device_time =0.0021s
  forward_time   =0.3143s
  loss_time      =0.0018s
  backward_time  =0.3219s
  optimizer_time =0.0052s
  batch_time     =0.6459s
  cuda_allocated_gb    =0.125
  cuda_reserved_gb     =9.008
  cuda_max_allocated_gb=7.792
[PROFILE batch=2]
  data_time      =0.0006s
  to_device_time =0.0022s
  forward_time   =0.3155s
  loss_time      =0.0021s
  backward_time  =0.3259s
  optimizer_time =0.0050s
  batch_time     =0.6512s
  cuda_allocated_gb    =0.125
  cuda_reserved_gb     =9.008
  cuda_max_allocated_gb=7.792
[PROFILE batch=3]
  data_time      =0.0004s
  to_device_time =0.0021s
  forward_time   =0.3195s
  loss_time      =0.0020s
  backward_time  =0.3269s
  optimizer_time =0.0073s
  batch_time     =0.6582s
  cuda_allocated_gb    =0.125
  cuda_reserved_gb     =9.008
  cuda_max_allocated_gb=7.792
[PROFILE batch=4]
  data_time      =0.0004s
  to_device_time =0.0021s
  forward_time   =0.3143s
  loss_time      =0.0020s
  backward_time  =0.3234s
  optimizer_time =0.0050s
  batch_time     =0.6473s
  cuda_allocated_gb    =0.125
  cuda_reserved_gb     =9.008
  cuda_max_allocated_gb=7.792
[PROFILE batch=5]
  data_time      =0.0005s
  to_device_time =0.0021s
  forward_time   =0.3147s
  loss_time      =0.0020s
  backward_time  =0.3273s
  optimizer_time =0.0050s
  batch_time     =0.6515s
  cuda_allocated_gb    =0.125
  cuda_reserved_gb     =9.008
  cuda_max_allocated_gb=7.792
[PROFILE batch=6]
  data_time      =0.0004s
  to_device_time =0.0021s
  forward_time   =0.3164s
  loss_time      =0.0020s
  backward_time  =0.3257s
  optimizer_time =0.0052s
  batch_time     =0.6519s
  cuda_allocated_gb    =0.125
  cuda_reserved_gb     =9.008
  cuda_max_allocated_gb=7.792
[PROFILE batch=7]
  data_time      =0.0004s
  to_device_time =0.0022s
  forward_time   =0.3237s
  loss_time      =0.0023s
  backward_time  =0.3355s
  optimizer_time =0.0055s
  batch_time     =0.6697s
  cuda_allocated_gb    =0.125
  cuda_reserved_gb     =9.008
  cuda_max_allocated_gb=7.792
[PROFILE batch=8]
  data_time      =0.0006s
  to_device_time =0.0022s
  forward_time   =0.3170s
  loss_time      =0.0020s
  backward_time  =0.3211s
  optimizer_time =0.0050s
  batch_time     =0.6478s
  cuda_allocated_gb    =0.125
  cuda_reserved_gb     =9.008
  cuda_max_allocated_gb=7.792
[PROFILE batch=9]
  data_time      =0.0005s
  to_device_time =0.0021s
  forward_time   =0.3143s
  loss_time      =0.0021s
  backward_time  =0.3230s
  optimizer_time =0.0052s
  batch_time     =0.6472s
  cuda_allocated_gb    =0.125
  cuda_reserved_gb     =9.008
  cuda_max_allocated_gb=7.792
[PROFILE batch=10]
  data_time      =0.0005s
  to_device_time =0.0021s
  forward_time   =0.3116s
  loss_time      =0.0020s
  backward_time  =0.3218s
  optimizer_time =0.0052s
  batch_time     =0.6432s
  cuda_allocated_gb    =0.125
  cuda_reserved_gb     =9.008
  cuda_max_allocated_gb=7.792
[PROFILE batch=11]
  data_time      =0.0005s
  to_device_time =0.0022s
  forward_time   =0.3139s
  loss_time      =0.0020s
  backward_time  =0.3199s
  optimizer_time =0.0051s
  batch_time     =0.6434s
  cuda_allocated_gb    =0.125
  cuda_reserved_gb     =9.008
  cuda_max_allocated_gb=7.792
[PROFILE batch=12]
  data_time      =0.0005s
  to_device_time =0.0022s
  forward_time   =0.3150s
  loss_time      =0.0021s
  backward_time  =0.3194s
  optimizer_time =0.0057s
  batch_time     =0.6449s
  cuda_allocated_gb    =0.125
  cuda_reserved_gb     =9.008
  cuda_max_allocated_gb=7.792
[PROFILE batch=13]
  data_time      =0.0005s
  to_device_time =0.0021s
  forward_time   =0.3139s
  loss_time      =0.0020s
  backward_time  =0.3214s
  optimizer_time =0.0048s
  batch_time     =0.6447s
  cuda_allocated_gb    =0.125
  cuda_reserved_gb     =9.008
  cuda_max_allocated_gb=7.792
[PROFILE batch=14]
  data_time      =0.0004s
  to_device_time =0.0022s
  forward_time   =0.3130s
  loss_time      =0.0021s
  backward_time  =0.3216s
  optimizer_time =0.0055s
  batch_time     =0.6448s
  cuda_allocated_gb    =0.125
  cuda_reserved_gb     =9.008
  cuda_max_allocated_gb=7.792
[PROFILE batch=15]
  data_time      =0.0005s
  to_device_time =0.0014s
  forward_time   =0.2040s
  loss_time      =0.0021s
  backward_time  =0.1985s
  optimizer_time =0.0049s
  batch_time     =0.4112s
  cuda_allocated_gb    =0.094
  cuda_reserved_gb     =9.008
  cuda_max_allocated_gb=7.792
[PROFILE batch=16]
  data_time      =0.0005s
  to_device_time =0.0022s
  forward_time   =0.3164s
  loss_time      =0.0021s
  backward_time  =0.3284s
  optimizer_time =0.0051s
  batch_time     =0.6547s
  cuda_allocated_gb    =0.125
  cuda_reserved_gb     =9.008
  cuda_max_allocated_gb=7.792
[PROFILE batch=17]
  data_time      =0.0005s
  to_device_time =0.0022s
  forward_time   =0.3167s
  loss_time      =0.0023s
  backward_time  =0.3204s
  optimizer_time =0.0052s
  batch_time     =0.6474s
  cuda_allocated_gb    =0.125
  cuda_reserved_gb     =9.008
  cuda_max_allocated_gb=7.792
[PROFILE batch=18]
  data_time      =0.0005s
  to_device_time =0.0021s
  forward_time   =0.3138s
  loss_time      =0.0020s
  backward_time  =0.3215s
  optimizer_time =0.0050s
  batch_time     =0.6450s
  cuda_allocated_gb    =0.125
  cuda_reserved_gb     =9.008
  cuda_max_allocated_gb=7.792
[PROFILE batch=19]
  data_time      =0.0005s
  to_device_time =0.0021s
  forward_time   =0.3143s
  loss_time      =0.0021s
  backward_time  =0.3215s
  optimizer_time =0.0051s
  batch_time     =0.6455s
  cuda_allocated_gb    =0.125
  cuda_reserved_gb     =9.008
  cuda_max_allocated_gb=7.792

[PROFILE average first 20 batches (recorded=20)]
  avg_data_time      =0.0158s
  avg_to_device_time =0.0021s
  avg_forward_time   =0.3102s
  avg_loss_time      =0.0020s
  avg_backward_time  =0.3177s
  avg_optimizer_time =0.0053s
  avg_batch_time     =0.6379s
  estimated_full_epoch_minutes=9.77

val:   0%|          | 0/113 [00:00<?, ?it/s]/usr/local/lib/python3.12/dist-packages/torch/autograd/function.py:583: UserWarning: Was asked to gather along dimension 0, but all input tensors were scalars; will instead unsqueeze and return a vector.
  return super().apply(*args, **kwargs)  # type: ignore[misc]

val:   1%|          | 1/113 [00:00<00:55,  2.02it/s]
val:   2%|â–         | 2/113 [00:00<00:42,  2.63it/s]
val:   3%|â–Ž         | 3/113 [00:01<00:37,  2.91it/s]
val:   4%|â–Ž         | 4/113 [00:01<00:35,  3.06it/s]
val:   4%|â–         | 5/113 [00:01<00:34,  3.13it/s]
val:   5%|â–Œ         | 6/113 [00:02<00:33,  3.18it/s]
val:   6%|â–Œ         | 7/113 [00:02<00:32,  3.22it/s]
val:   7%|â–‹         | 8/113 [00:02<00:32,  3.24it/s]
val:   8%|â–Š         | 9/113 [00:02<00:31,  3.26it/s]
val:   9%|â–‰         | 10/113 [00:03<00:31,  3.27it/s]
                                                     
Epoch 010/015 | loss=2.5444 acc=0.1435 macro_f1=0.1336 | val_loss=2.5331 val_acc=0.2437 val_macro_f1=0.0560 | ckpt_monitor=val_macro_f1:0.0560 best_val_macro_f1=0.0736 best_epoch=1 early_val_macro_f1=0.0736 sec/batch=0.654s
          val pred_count: [0, 0, 0, 320, 0, 0, 0]
          no improvement: 9/12

train 11:   0%|          | 0/919 [00:00<?, ?it/s]/usr/local/lib/python3.12/dist-packages/torch/autograd/function.py:583: UserWarning: Was asked to gather along dimension 0, but all input tensors were scalars; will instead unsqueeze and return a vector.
  return super().apply(*args, **kwargs)  # type: ignore[misc]

train 11:   0%|          | 0/919 [00:00<?, ?it/s, loss=2.5486]
train 11:   0%|          | 1/919 [00:00<14:59,  1.02it/s, loss=2.5486]
train 11:   0%|          | 1/919 [00:01<14:59,  1.02it/s, loss=2.5403]
train 11:   0%|          | 2/919 [00:01<12:02,  1.27it/s, loss=2.5403]
train 11:   0%|          | 2/919 [00:02<12:02,  1.27it/s, loss=2.5537]
train 11:   0%|          | 3/919 [00:02<11:05,  1.38it/s, loss=2.5537]
train 11:   0%|          | 3/919 [00:02<11:05,  1.38it/s, loss=2.5164]
train 11:   0%|          | 4/919 [00:02<10:41,  1.43it/s, loss=2.5164]
train 11:   0%|          | 4/919 [00:03<10:41,  1.43it/s, loss=2.5644]
train 11:   1%|          | 5/919 [00:03<10:24,  1.46it/s, loss=2.5644]
train 11:   1%|          | 5/919 [00:04<10:24,  1.46it/s, loss=2.5548]
train 11:   1%|          | 6/919 [00:04<10:12,  1.49it/s, loss=2.5548]
train 11:   1%|          | 6/919 [00:04<10:12,  1.49it/s, loss=2.5474]
train 11:   1%|          | 7/919 [00:04<10:05,  1.51it/s, loss=2.5474]
train 11:   1%|          | 7/919 [00:05<10:05,  1.51it/s, loss=2.5516]
train 11:   1%|          | 8/919 [00:05<10:00,  1.52it/s, loss=2.5516]
train 11:   1%|          | 8/919 [00:06<10:00,  1.52it/s, loss=2.5378]
train 11:   1%|          | 9/919 [00:06<09:56,  1.53it/s, loss=2.5378]
train 11:   1%|          | 9/919 [00:06<09:56,  1.53it/s, loss=2.5359]
train 11:   1%|          | 10/919 [00:06<09:53,  1.53it/s, loss=2.5359]
train 11:   1%|          | 10/919 [00:07<09:53,  1.53it/s, loss=2.5311]
train 11:   1%|          | 11/919 [00:07<09:52,  1.53it/s, loss=2.5311]
train 11:   1%|          | 11/919 [00:08<09:52,  1.53it/s, loss=2.5380]
train 11:   1%|â–         | 12/919 [00:08<09:52,  1.53it/s, loss=2.5380]
train 11:   1%|â–         | 12/919 [00:08<09:52,  1.53it/s, loss=2.5183]
train 11:   1%|â–         | 13/919 [00:08<09:54,  1.53it/s, loss=2.5183]
train 11:   1%|â–         | 13/919 [00:09<09:54,  1.53it/s, loss=2.5092]
train 11:   2%|â–         | 14/919 [00:09<09:54,  1.52it/s, loss=2.5092]
train 11:   2%|â–         | 14/919 [00:10<09:54,  1.52it/s, loss=2.5401]
train 11:   2%|â–         | 15/919 [00:10<09:54,  1.52it/s, loss=2.5401]
train 11:   2%|â–         | 15/919 [00:10<09:54,  1.52it/s, loss=2.5642]
train 11:   2%|â–         | 16/919 [00:10<08:48,  1.71it/s, loss=2.5642]
train 11:   2%|â–         | 16/919 [00:11<08:48,  1.71it/s, loss=2.5435]
train 11:   2%|â–         | 17/919 [00:11<09:06,  1.65it/s, loss=2.5435]
train 11:   2%|â–         | 17/919 [00:11<09:06,  1.65it/s, loss=2.5219]
train 11:   2%|â–         | 18/919 [00:11<09:18,  1.61it/s, loss=2.5219]
train 11:   2%|â–         | 18/919 [00:12<09:18,  1.61it/s, loss=2.5650]
train 11:   2%|â–         | 19/919 [00:12<09:25,  1.59it/s, loss=2.5650]
train 11:   2%|â–         | 19/919 [00:13<09:25,  1.59it/s, loss=2.5160]
train 11:   2%|â–         | 20/919 [00:13<09:31,  1.57it/s, loss=2.5160]
train 11:   2%|â–         | 20/919 [00:13<09:31,  1.57it/s, loss=2.5232]
train 11:   2%|â–         | 21/919 [00:13<09:32,  1.57it/s, loss=2.5232]
train 11:   2%|â–         | 21/919 [00:14<09:32,  1.57it/s, loss=2.5172]
train 11:   2%|â–         | 22/919 [00:14<09:34,  1.56it/s, loss=2.5172]
train 11:   2%|â–         | 22/919 [00:15<09:34,  1.56it/s, loss=2.5371]
train 11:   3%|â–Ž         | 23/919 [00:15<09:35,  1.56it/s, loss=2.5371]
train 11:   3%|â–Ž         | 23/919 [00:15<09:35,  1.56it/s, loss=2.5582]
train 11:   3%|â–Ž         | 24/919 [00:15<09:36,  1.55it/s, loss=2.5582]
train 11:   3%|â–Ž         | 24/919 [00:16<09:36,  1.55it/s, loss=2.5220]
train 11:   3%|â–Ž         | 25/919 [00:16<09:38,  1.55it/s, loss=2.5220]
train 11:   3%|â–Ž         | 25/919 [00:17<09:38,  1.55it/s, loss=2.5396]
train 11:   3%|â–Ž         | 26/919 [00:17<09:37,  1.55it/s, loss=2.5396]
train 11:   3%|â–Ž         | 26/919 [00:17<09:37,  1.55it/s, loss=2.5504]
train 11:   3%|â–Ž         | 27/919 [00:17<09:37,  1.54it/s, loss=2.5504]
train 11:   3%|â–Ž         | 27/919 [00:18<09:37,  1.54it/s, loss=2.5207]
train 11:   3%|â–Ž         | 28/919 [00:18<09:37,  1.54it/s, loss=2.5207]
train 11:   3%|â–Ž         | 28/919 [00:18<09:37,  1.54it/s, loss=2.5271]
train 11:   3%|â–Ž         | 29/919 [00:18<09:37,  1.54it/s, loss=2.5271]
train 11:   3%|â–Ž         | 29/919 [00:19<09:37,  1.54it/s, loss=2.5597]
train 11:   3%|â–Ž         | 30/919 [00:19<09:36,  1.54it/s, loss=2.5597]
                                                                       
[PROFILE batch=0]
  data_time      =0.3215s
  to_device_time =0.0022s
  forward_time   =0.3229s
  loss_time      =0.0013s
  backward_time  =0.3241s
  optimizer_time =0.0050s
  batch_time     =0.6562s
  cuda_allocated_gb    =0.125
  cuda_reserved_gb     =9.008
  cuda_max_allocated_gb=7.792
[PROFILE batch=1]
  data_time      =0.0005s
  to_device_time =0.0021s
  forward_time   =0.3137s
  loss_time      =0.0019s
  backward_time  =0.3271s
  optimizer_time =0.0051s
  batch_time     =0.6504s
  cuda_allocated_gb    =0.125
  cuda_reserved_gb     =9.008
  cuda_max_allocated_gb=7.792
[PROFILE batch=2]
  data_time      =0.0005s
  to_device_time =0.0021s
  forward_time   =0.3146s
  loss_time      =0.0019s
  backward_time  =0.3226s
  optimizer_time =0.0076s
  batch_time     =0.6493s
  cuda_allocated_gb    =0.125
  cuda_reserved_gb     =9.008
  cuda_max_allocated_gb=7.792
[PROFILE batch=3]
  data_time      =0.0007s
  to_device_time =0.0022s
  forward_time   =0.3213s
  loss_time      =0.0020s
  backward_time  =0.3280s
  optimizer_time =0.0050s
  batch_time     =0.6590s
  cuda_allocated_gb    =0.125
  cuda_reserved_gb     =9.008
  cuda_max_allocated_gb=7.792
[PROFILE batch=4]
  data_time      =0.0005s
  to_device_time =0.0021s
  forward_time   =0.3124s
  loss_time      =0.0020s
  backward_time  =0.3261s
  optimizer_time =0.0050s
  batch_time     =0.6480s
  cuda_allocated_gb    =0.125
  cuda_reserved_gb     =9.008
  cuda_max_allocated_gb=7.792
[PROFILE batch=5]
  data_time      =0.0005s
  to_device_time =0.0022s
  forward_time   =0.3160s
  loss_time      =0.0020s
  backward_time  =0.3203s
  optimizer_time =0.0049s
  batch_time     =0.6458s
  cuda_allocated_gb    =0.125
  cuda_reserved_gb     =9.008
  cuda_max_allocated_gb=7.792
[PROFILE batch=6]
  data_time      =0.0006s
  to_device_time =0.0021s
  forward_time   =0.3141s
  loss_time      =0.0020s
  backward_time  =0.3224s
  optimizer_time =0.0050s
  batch_time     =0.6460s
  cuda_allocated_gb    =0.125
  cuda_reserved_gb     =9.008
  cuda_max_allocated_gb=7.792
[PROFILE batch=7]
  data_time      =0.0005s
  to_device_time =0.0022s
  forward_time   =0.3154s
  loss_time      =0.0020s
  backward_time  =0.3207s
  optimizer_time =0.0055s
  batch_time     =0.6462s
  cuda_allocated_gb    =0.125
  cuda_reserved_gb     =9.008
  cuda_max_allocated_gb=7.792
[PROFILE batch=8]
  data_time      =0.0008s
  to_device_time =0.0021s
  forward_time   =0.3132s
  loss_time      =0.0021s
  backward_time  =0.3213s
  optimizer_time =0.0052s
  batch_time     =0.6443s
  cuda_allocated_gb    =0.125
  cuda_reserved_gb     =9.008
  cuda_max_allocated_gb=7.792
[PROFILE batch=9]
  data_time      =0.0005s
  to_device_time =0.0022s
  forward_time   =0.3144s
  loss_time      =0.0020s
  backward_time  =0.3205s
  optimizer_time =0.0049s
  batch_time     =0.6446s
  cuda_allocated_gb    =0.125
  cuda_reserved_gb     =9.008
  cuda_max_allocated_gb=7.792
[PROFILE batch=10]
  data_time      =0.0005s
  to_device_time =0.0021s
  forward_time   =0.3164s
  loss_time      =0.0021s
  backward_time  =0.3207s
  optimizer_time =0.0051s
  batch_time     =0.6467s
  cuda_allocated_gb    =0.125
  cuda_reserved_gb     =9.008
  cuda_max_allocated_gb=7.792
[PROFILE batch=11]
  data_time      =0.0005s
  to_device_time =0.0022s
  forward_time   =0.3175s
  loss_time      =0.0020s
  backward_time  =0.3234s
  optimizer_time =0.0063s
  batch_time     =0.6521s
  cuda_allocated_gb    =0.125
  cuda_reserved_gb     =9.008
  cuda_max_allocated_gb=7.792
[PROFILE batch=12]
  data_time      =0.0006s
  to_device_time =0.0021s
  forward_time   =0.3170s
  loss_time      =0.0023s
  backward_time  =0.3307s
  optimizer_time =0.0054s
  batch_time     =0.6580s
  cuda_allocated_gb    =0.125
  cuda_reserved_gb     =9.008
  cuda_max_allocated_gb=7.792
[PROFILE batch=13]
  data_time      =0.0005s
  to_device_time =0.0022s
  forward_time   =0.3183s
  loss_time      =0.0026s
  backward_time  =0.3249s
  optimizer_time =0.0061s
  batch_time     =0.6547s
  cuda_allocated_gb    =0.125
  cuda_reserved_gb     =9.008
  cuda_max_allocated_gb=7.792
[PROFILE batch=14]
  data_time      =0.0006s
  to_device_time =0.0022s
  forward_time   =0.3178s
  loss_time      =0.0021s
  backward_time  =0.3284s
  optimizer_time =0.0052s
  batch_time     =0.6561s
  cuda_allocated_gb    =0.125
  cuda_reserved_gb     =9.008
  cuda_max_allocated_gb=7.792
[PROFILE batch=15]
  data_time      =0.0005s
  to_device_time =0.0014s
  forward_time   =0.2092s
  loss_time      =0.0020s
  backward_time  =0.1988s
  optimizer_time =0.0049s
  batch_time     =0.4168s
  cuda_allocated_gb    =0.094
  cuda_reserved_gb     =9.008
  cuda_max_allocated_gb=7.792
[PROFILE batch=16]
  data_time      =0.0005s
  to_device_time =0.0021s
  forward_time   =0.3132s
  loss_time      =0.0021s
  backward_time  =0.3270s
  optimizer_time =0.0050s
  batch_time     =0.6499s
  cuda_allocated_gb    =0.125
  cuda_reserved_gb     =9.008
  cuda_max_allocated_gb=7.792
[PROFILE batch=17]
  data_time      =0.0005s
  to_device_time =0.0022s
  forward_time   =0.3182s
  loss_time      =0.0020s
  backward_time  =0.3207s
  optimizer_time =0.0050s
  batch_time     =0.6486s
  cuda_allocated_gb    =0.125
  cuda_reserved_gb     =9.008
  cuda_max_allocated_gb=7.792
[PROFILE batch=18]
  data_time      =0.0005s
  to_device_time =0.0021s
  forward_time   =0.3137s
  loss_time      =0.0021s
  backward_time  =0.3209s
  optimizer_time =0.0053s
  batch_time     =0.6446s
  cuda_allocated_gb    =0.125
  cuda_reserved_gb     =9.008
  cuda_max_allocated_gb=7.792
[PROFILE batch=19]
  data_time      =0.0005s
  to_device_time =0.0022s
  forward_time   =0.3160s
  loss_time      =0.0020s
  backward_time  =0.3210s
  optimizer_time =0.0063s
  batch_time     =0.6480s
  cuda_allocated_gb    =0.125
  cuda_reserved_gb     =9.008
  cuda_max_allocated_gb=7.792

[PROFILE average first 20 batches (recorded=20)]
  avg_data_time      =0.0166s
  avg_to_device_time =0.0021s
  avg_forward_time   =0.3108s
  avg_loss_time      =0.0020s
  avg_backward_time  =0.3175s
  avg_optimizer_time =0.0054s
  avg_batch_time     =0.6383s
  estimated_full_epoch_minutes=9.78

val:   0%|          | 0/113 [00:00<?, ?it/s]/usr/local/lib/python3.12/dist-packages/torch/autograd/function.py:583: UserWarning: Was asked to gather along dimension 0, but all input tensors were scalars; will instead unsqueeze and return a vector.
  return super().apply(*args, **kwargs)  # type: ignore[misc]

val:   1%|          | 1/113 [00:00<00:53,  2.11it/s]
val:   2%|â–         | 2/113 [00:00<00:41,  2.67it/s]
val:   3%|â–Ž         | 3/113 [00:01<00:37,  2.93it/s]
val:   4%|â–Ž         | 4/113 [00:01<00:35,  3.07it/s]
val:   4%|â–         | 5/113 [00:01<00:34,  3.17it/s]
val:   5%|â–Œ         | 6/113 [00:01<00:33,  3.20it/s]
val:   6%|â–Œ         | 7/113 [00:02<00:32,  3.22it/s]
val:   7%|â–‹         | 8/113 [00:02<00:32,  3.24it/s]
val:   8%|â–Š         | 9/113 [00:02<00:32,  3.25it/s]
val:   9%|â–‰         | 10/113 [00:03<00:31,  3.26it/s]
                                                     
Epoch 011/015 | loss=2.5384 acc=0.1255 macro_f1=0.1171 | val_loss=2.5331 val_acc=0.2437 val_macro_f1=0.0560 | ckpt_monitor=val_macro_f1:0.0560 best_val_macro_f1=0.0736 best_epoch=1 early_val_macro_f1=0.0736 sec/batch=0.655s
          val pred_count: [0, 0, 0, 320, 0, 0, 0]
          no improvement: 10/12

train 12:   0%|          | 0/919 [00:00<?, ?it/s]/usr/local/lib/python3.12/dist-packages/torch/autograd/function.py:583: UserWarning: Was asked to gather along dimension 0, but all input tensors were scalars; will instead unsqueeze and return a vector.
  return super().apply(*args, **kwargs)  # type: ignore[misc]

train 12:   0%|          | 0/919 [00:00<?, ?it/s, loss=2.5454]
train 12:   0%|          | 1/919 [00:00<14:59,  1.02it/s, loss=2.5454]
train 12:   0%|          | 1/919 [00:01<14:59,  1.02it/s, loss=2.5220]
train 12:   0%|          | 2/919 [00:01<12:01,  1.27it/s, loss=2.5220]
train 12:   0%|          | 2/919 [00:02<12:01,  1.27it/s, loss=2.5391]
train 12:   0%|          | 3/919 [00:02<11:03,  1.38it/s, loss=2.5391]
train 12:   0%|          | 3/919 [00:02<11:03,  1.38it/s, loss=2.5356]
train 12:   0%|          | 4/919 [00:02<10:36,  1.44it/s, loss=2.5356]
train 12:   0%|          | 4/919 [00:03<10:36,  1.44it/s, loss=2.5322]
train 12:   1%|          | 5/919 [00:03<10:19,  1.47it/s, loss=2.5322]
train 12:   1%|          | 5/919 [00:04<10:19,  1.47it/s, loss=2.5475]
train 12:   1%|          | 6/919 [00:04<10:10,  1.49it/s, loss=2.5475]
train 12:   1%|          | 6/919 [00:04<10:10,  1.49it/s, loss=2.5555]
train 12:   1%|          | 7/919 [00:04<10:04,  1.51it/s, loss=2.5555]
train 12:   1%|          | 7/919 [00:05<10:04,  1.51it/s, loss=2.5033]
train 12:   1%|          | 8/919 [00:05<10:00,  1.52it/s, loss=2.5033]
train 12:   1%|          | 8/919 [00:06<10:00,  1.52it/s, loss=2.5393]
train 12:   1%|          | 9/919 [00:06<09:56,  1.53it/s, loss=2.5393]
train 12:   1%|          | 9/919 [00:06<09:56,  1.53it/s, loss=2.5398]
train 12:   1%|          | 10/919 [00:06<09:54,  1.53it/s, loss=2.5398]
train 12:   1%|          | 10/919 [00:07<09:54,  1.53it/s, loss=2.5151]
train 12:   1%|          | 11/919 [00:07<09:55,  1.52it/s, loss=2.5151]
train 12:   1%|          | 11/919 [00:08<09:55,  1.52it/s, loss=2.5366]
train 12:   1%|â–         | 12/919 [00:08<09:54,  1.53it/s, loss=2.5366]
train 12:   1%|â–         | 12/919 [00:08<09:54,  1.53it/s, loss=2.5166]
train 12:   1%|â–         | 13/919 [00:08<09:52,  1.53it/s, loss=2.5166]
train 12:   1%|â–         | 13/919 [00:09<09:52,  1.53it/s, loss=2.5510]
train 12:   2%|â–         | 14/919 [00:09<09:52,  1.53it/s, loss=2.5510]
train 12:   2%|â–         | 14/919 [00:10<09:52,  1.53it/s, loss=2.5436]
train 12:   2%|â–         | 15/919 [00:10<09:53,  1.52it/s, loss=2.5436]
train 12:   2%|â–         | 15/919 [00:10<09:53,  1.52it/s, loss=2.5081]
train 12:   2%|â–         | 16/919 [00:10<08:47,  1.71it/s, loss=2.5081]
train 12:   2%|â–         | 16/919 [00:11<08:47,  1.71it/s, loss=2.5289]
train 12:   2%|â–         | 17/919 [00:11<09:07,  1.65it/s, loss=2.5289]
train 12:   2%|â–         | 17/919 [00:11<09:07,  1.65it/s, loss=2.5289]
train 12:   2%|â–         | 18/919 [00:11<09:20,  1.61it/s, loss=2.5289]
train 12:   2%|â–         | 18/919 [00:12<09:20,  1.61it/s, loss=2.5585]
train 12:   2%|â–         | 19/919 [00:12<09:30,  1.58it/s, loss=2.5585]
train 12:   2%|â–         | 19/919 [00:13<09:30,  1.58it/s, loss=2.5318]
train 12:   2%|â–         | 20/919 [00:13<09:35,  1.56it/s, loss=2.5318]
train 12:   2%|â–         | 20/919 [00:13<09:35,  1.56it/s, loss=2.5290]
train 12:   2%|â–         | 21/919 [00:13<09:39,  1.55it/s, loss=2.5290]
train 12:   2%|â–         | 21/919 [00:14<09:39,  1.55it/s, loss=2.5400]
train 12:   2%|â–         | 22/919 [00:14<09:40,  1.54it/s, loss=2.5400]
train 12:   2%|â–         | 22/919 [00:15<09:40,  1.54it/s, loss=2.5397]
train 12:   3%|â–Ž         | 23/919 [00:15<09:42,  1.54it/s, loss=2.5397]
train 12:   3%|â–Ž         | 23/919 [00:15<09:42,  1.54it/s, loss=2.5245]
train 12:   3%|â–Ž         | 24/919 [00:15<09:44,  1.53it/s, loss=2.5245]
train 12:   3%|â–Ž         | 24/919 [00:16<09:44,  1.53it/s, loss=2.5288]
train 12:   3%|â–Ž         | 25/919 [00:16<09:46,  1.52it/s, loss=2.5288]
train 12:   3%|â–Ž         | 25/919 [00:17<09:46,  1.52it/s, loss=2.5408]
train 12:   3%|â–Ž         | 26/919 [00:17<09:45,  1.53it/s, loss=2.5408]
train 12:   3%|â–Ž         | 26/919 [00:17<09:45,  1.53it/s, loss=2.5295]
train 12:   3%|â–Ž         | 27/919 [00:17<09:46,  1.52it/s, loss=2.5295]
train 12:   3%|â–Ž         | 27/919 [00:18<09:46,  1.52it/s, loss=2.5311]
train 12:   3%|â–Ž         | 28/919 [00:18<09:44,  1.52it/s, loss=2.5311]
train 12:   3%|â–Ž         | 28/919 [00:19<09:44,  1.52it/s, loss=2.5389]
train 12:   3%|â–Ž         | 29/919 [00:19<09:45,  1.52it/s, loss=2.5389]
train 12:   3%|â–Ž         | 29/919 [00:19<09:45,  1.52it/s, loss=2.5470]
train 12:   3%|â–Ž         | 30/919 [00:19<09:45,  1.52it/s, loss=2.5470]
                                                                       
[PROFILE batch=0]
  data_time      =0.3159s
  to_device_time =0.0023s
  forward_time   =0.3191s
  loss_time      =0.0012s
  backward_time  =0.3310s
  optimizer_time =0.0058s
  batch_time     =0.6611s
  cuda_allocated_gb    =0.125
  cuda_reserved_gb     =9.008
  cuda_max_allocated_gb=7.792
[PROFILE batch=1]
  data_time      =0.0005s
  to_device_time =0.0022s
  forward_time   =0.3169s
  loss_time      =0.0020s
  backward_time  =0.3226s
  optimizer_time =0.0050s
  batch_time     =0.6491s
  cuda_allocated_gb    =0.125
  cuda_reserved_gb     =9.008
  cuda_max_allocated_gb=7.792
[PROFILE batch=2]
  data_time      =0.0004s
  to_device_time =0.0022s
  forward_time   =0.3151s
  loss_time      =0.0019s
  backward_time  =0.3211s
  optimizer_time =0.0053s
  batch_time     =0.6460s
  cuda_allocated_gb    =0.125
  cuda_reserved_gb     =9.008
  cuda_max_allocated_gb=7.792
[PROFILE batch=3]
  data_time      =0.0005s
  to_device_time =0.0021s
  forward_time   =0.3156s
  loss_time      =0.0020s
  backward_time  =0.3221s
  optimizer_time =0.0055s
  batch_time     =0.6478s
  cuda_allocated_gb    =0.125
  cuda_reserved_gb     =9.008
  cuda_max_allocated_gb=7.792
[PROFILE batch=4]
  data_time      =0.0005s
  to_device_time =0.0021s
  forward_time   =0.3132s
  loss_time      =0.0021s
  backward_time  =0.3215s
  optimizer_time =0.0054s
  batch_time     =0.6448s
  cuda_allocated_gb    =0.125
  cuda_reserved_gb     =9.008
  cuda_max_allocated_gb=7.792
[PROFILE batch=5]
  data_time      =0.0005s
  to_device_time =0.0021s
  forward_time   =0.3165s
  loss_time      =0.0020s
  backward_time  =0.3220s
  optimizer_time =0.0053s
  batch_time     =0.6483s
  cuda_allocated_gb    =0.125
  cuda_reserved_gb     =9.008
  cuda_max_allocated_gb=7.792
[PROFILE batch=6]
  data_time      =0.0005s
  to_device_time =0.0021s
  forward_time   =0.3150s
  loss_time      =0.0021s
  backward_time  =0.3220s
  optimizer_time =0.0050s
  batch_time     =0.6465s
  cuda_allocated_gb    =0.125
  cuda_reserved_gb     =9.008
  cuda_max_allocated_gb=7.792
[PROFILE batch=7]
  data_time      =0.0004s
  to_device_time =0.0022s
  forward_time   =0.3144s
  loss_time      =0.0020s
  backward_time  =0.3249s
  optimizer_time =0.0054s
  batch_time     =0.6492s
  cuda_allocated_gb    =0.125
  cuda_reserved_gb     =9.008
  cuda_max_allocated_gb=7.792
[PROFILE batch=8]
  data_time      =0.0007s
  to_device_time =0.0021s
  forward_time   =0.3118s
  loss_time      =0.0022s
  backward_time  =0.3218s
  optimizer_time =0.0058s
  batch_time     =0.6443s
  cuda_allocated_gb    =0.125
  cuda_reserved_gb     =9.008
  cuda_max_allocated_gb=7.792
[PROFILE batch=9]
  data_time      =0.0005s
  to_device_time =0.0021s
  forward_time   =0.3146s
  loss_time      =0.0022s
  backward_time  =0.3246s
  optimizer_time =0.0052s
  batch_time     =0.6492s
  cuda_allocated_gb    =0.125
  cuda_reserved_gb     =9.008
  cuda_max_allocated_gb=7.792
[PROFILE batch=10]
  data_time      =0.0005s
  to_device_time =0.0022s
  forward_time   =0.3192s
  loss_time      =0.0021s
  backward_time  =0.3268s
  optimizer_time =0.0051s
  batch_time     =0.6558s
  cuda_allocated_gb    =0.125
  cuda_reserved_gb     =9.008
  cuda_max_allocated_gb=7.792
[PROFILE batch=11]
  data_time      =0.0005s
  to_device_time =0.0021s
  forward_time   =0.3183s
  loss_time      =0.0021s
  backward_time  =0.3226s
  optimizer_time =0.0055s
  batch_time     =0.6511s
  cuda_allocated_gb    =0.125
  cuda_reserved_gb     =9.008
  cuda_max_allocated_gb=7.792
[PROFILE batch=12]
  data_time      =0.0005s
  to_device_time =0.0022s
  forward_time   =0.3162s
  loss_time      =0.0020s
  backward_time  =0.3224s
  optimizer_time =0.0052s
  batch_time     =0.6484s
  cuda_allocated_gb    =0.125
  cuda_reserved_gb     =9.008
  cuda_max_allocated_gb=7.792
[PROFILE batch=13]
  data_time      =0.0005s
  to_device_time =0.0022s
  forward_time   =0.3143s
  loss_time      =0.0035s
  backward_time  =0.3265s
  optimizer_time =0.0055s
  batch_time     =0.6525s
  cuda_allocated_gb    =0.125
  cuda_reserved_gb     =9.008
  cuda_max_allocated_gb=7.792
[PROFILE batch=14]
  data_time      =0.0005s
  to_device_time =0.0022s
  forward_time   =0.3180s
  loss_time      =0.0020s
  backward_time  =0.3298s
  optimizer_time =0.0054s
  batch_time     =0.6578s
  cuda_allocated_gb    =0.125
  cuda_reserved_gb     =9.008
  cuda_max_allocated_gb=7.792
[PROFILE batch=15]
  data_time      =0.0005s
  to_device_time =0.0014s
  forward_time   =0.2036s
  loss_time      =0.0032s
  backward_time  =0.2001s
  optimizer_time =0.0051s
  batch_time     =0.4139s
  cuda_allocated_gb    =0.094
  cuda_reserved_gb     =9.008
  cuda_max_allocated_gb=7.792
[PROFILE batch=16]
  data_time      =0.0004s
  to_device_time =0.0021s
  forward_time   =0.3165s
  loss_time      =0.0021s
  backward_time  =0.3308s
  optimizer_time =0.0054s
  batch_time     =0.6573s
  cuda_allocated_gb    =0.125
  cuda_reserved_gb     =9.008
  cuda_max_allocated_gb=7.792
[PROFILE batch=17]
  data_time      =0.0005s
  to_device_time =0.0022s
  forward_time   =0.3157s
  loss_time      =0.0021s
  backward_time  =0.3277s
  optimizer_time =0.0053s
  batch_time     =0.6533s
  cuda_allocated_gb    =0.125
  cuda_reserved_gb     =9.008
  cuda_max_allocated_gb=7.792
[PROFILE batch=18]
  data_time      =0.0005s
  to_device_time =0.0021s
  forward_time   =0.3178s
  loss_time      =0.0023s
  backward_time  =0.3304s
  optimizer_time =0.0055s
  batch_time     =0.6586s
  cuda_allocated_gb    =0.125
  cuda_reserved_gb     =9.008
  cuda_max_allocated_gb=7.792
[PROFILE batch=19]
  data_time      =0.0005s
  to_device_time =0.0022s
  forward_time   =0.3161s
  loss_time      =0.0020s
  backward_time  =0.3265s
  optimizer_time =0.0055s
  batch_time     =0.6528s
  cuda_allocated_gb    =0.125
  cuda_reserved_gb     =9.008
  cuda_max_allocated_gb=7.792

[PROFILE average first 20 batches (recorded=20)]
  avg_data_time      =0.0163s
  avg_to_device_time =0.0021s
  avg_forward_time   =0.3104s
  avg_loss_time      =0.0022s
  avg_backward_time  =0.3188s
  avg_optimizer_time =0.0054s
  avg_batch_time     =0.6394s
  estimated_full_epoch_minutes=9.79

val:   0%|          | 0/113 [00:00<?, ?it/s]/usr/local/lib/python3.12/dist-packages/torch/autograd/function.py:583: UserWarning: Was asked to gather along dimension 0, but all input tensors were scalars; will instead unsqueeze and return a vector.
  return super().apply(*args, **kwargs)  # type: ignore[misc]

val:   1%|          | 1/113 [00:00<00:57,  1.94it/s]
val:   2%|â–         | 2/113 [00:00<00:43,  2.54it/s]
val:   3%|â–Ž         | 3/113 [00:01<00:38,  2.85it/s]
val:   4%|â–Ž         | 4/113 [00:01<00:36,  3.00it/s]
val:   4%|â–         | 5/113 [00:01<00:34,  3.09it/s]
val:   5%|â–Œ         | 6/113 [00:02<00:33,  3.17it/s]
val:   6%|â–Œ         | 7/113 [00:02<00:33,  3.21it/s]
val:   7%|â–‹         | 8/113 [00:02<00:32,  3.24it/s]
val:   8%|â–Š         | 9/113 [00:02<00:31,  3.28it/s]
val:   9%|â–‰         | 10/113 [00:03<00:31,  3.31it/s]
                                                     
Epoch 012/015 | loss=2.5343 acc=0.1498 macro_f1=0.1372 | val_loss=2.5331 val_acc=0.2437 val_macro_f1=0.0560 | ckpt_monitor=val_macro_f1:0.0560 best_val_macro_f1=0.0736 best_epoch=1 early_val_macro_f1=0.0736 sec/batch=0.658s
          val pred_count: [0, 0, 0, 320, 0, 0, 0]
          no improvement: 11/12

train 13:   0%|          | 0/919 [00:00<?, ?it/s]/usr/local/lib/python3.12/dist-packages/torch/autograd/function.py:583: UserWarning: Was asked to gather along dimension 0, but all input tensors were scalars; will instead unsqueeze and return a vector.
  return super().apply(*args, **kwargs)  # type: ignore[misc]

train 13:   0%|          | 0/919 [00:00<?, ?it/s, loss=2.5726]
train 13:   0%|          | 1/919 [00:00<15:04,  1.02it/s, loss=2.5726]
train 13:   0%|          | 1/919 [00:01<15:04,  1.02it/s, loss=2.5333]
train 13:   0%|          | 2/919 [00:01<12:07,  1.26it/s, loss=2.5333]
train 13:   0%|          | 2/919 [00:02<12:07,  1.26it/s, loss=2.5276]
train 13:   0%|          | 3/919 [00:02<11:09,  1.37it/s, loss=2.5276]
train 13:   0%|          | 3/919 [00:02<11:09,  1.37it/s, loss=2.5442]
train 13:   0%|          | 4/919 [00:02<10:41,  1.43it/s, loss=2.5442]
train 13:   0%|          | 4/919 [00:03<10:41,  1.43it/s, loss=2.5375]
train 13:   1%|          | 5/919 [00:03<10:27,  1.46it/s, loss=2.5375]
train 13:   1%|          | 5/919 [00:04<10:27,  1.46it/s, loss=2.5190]
train 13:   1%|          | 6/919 [00:04<10:17,  1.48it/s, loss=2.5190]
train 13:   1%|          | 6/919 [00:04<10:17,  1.48it/s, loss=2.5076]
train 13:   1%|          | 7/919 [00:04<10:12,  1.49it/s, loss=2.5076]
train 13:   1%|          | 7/919 [00:05<10:12,  1.49it/s, loss=2.5196]
train 13:   1%|          | 8/919 [00:05<10:09,  1.50it/s, loss=2.5196]
train 13:   1%|          | 8/919 [00:06<10:09,  1.50it/s, loss=2.5335]
train 13:   1%|          | 9/919 [00:06<10:04,  1.50it/s, loss=2.5335]
train 13:   1%|          | 9/919 [00:06<10:04,  1.50it/s, loss=2.5517]
train 13:   1%|          | 10/919 [00:06<10:05,  1.50it/s, loss=2.5517]
train 13:   1%|          | 10/919 [00:07<10:05,  1.50it/s, loss=2.5413]
train 13:   1%|          | 11/919 [00:07<10:03,  1.50it/s, loss=2.5413]
train 13:   1%|          | 11/919 [00:08<10:03,  1.50it/s, loss=2.5477]
train 13:   1%|â–         | 12/919 [00:08<10:01,  1.51it/s, loss=2.5477]
train 13:   1%|â–         | 12/919 [00:08<10:01,  1.51it/s, loss=2.5395]
train 13:   1%|â–         | 13/919 [00:08<10:00,  1.51it/s, loss=2.5395]
train 13:   1%|â–         | 13/919 [00:09<10:00,  1.51it/s, loss=2.5202]
train 13:   2%|â–         | 14/919 [00:09<09:59,  1.51it/s, loss=2.5202]
train 13:   2%|â–         | 14/919 [00:10<09:59,  1.51it/s, loss=2.5161]
train 13:   2%|â–         | 15/919 [00:10<09:58,  1.51it/s, loss=2.5161]
train 13:   2%|â–         | 15/919 [00:10<09:58,  1.51it/s, loss=2.5443]
train 13:   2%|â–         | 16/919 [00:10<08:51,  1.70it/s, loss=2.5443]
train 13:   2%|â–         | 16/919 [00:11<08:51,  1.70it/s, loss=2.5499]
train 13:   2%|â–         | 17/919 [00:11<09:09,  1.64it/s, loss=2.5499]
train 13:   2%|â–         | 17/919 [00:11<09:09,  1.64it/s, loss=2.5224]
train 13:   2%|â–         | 18/919 [00:11<09:22,  1.60it/s, loss=2.5224]
train 13:   2%|â–         | 18/919 [00:12<09:22,  1.60it/s, loss=2.5452]
train 13:   2%|â–         | 19/919 [00:12<09:32,  1.57it/s, loss=2.5452]
train 13:   2%|â–         | 19/919 [00:13<09:32,  1.57it/s, loss=2.5358]
train 13:   2%|â–         | 20/919 [00:13<09:40,  1.55it/s, loss=2.5358]
train 13:   2%|â–         | 20/919 [00:13<09:40,  1.55it/s, loss=2.5388]
train 13:   2%|â–         | 21/919 [00:13<09:41,  1.54it/s, loss=2.5388]
train 13:   2%|â–         | 21/919 [00:14<09:41,  1.54it/s, loss=2.5579]
train 13:   2%|â–         | 22/919 [00:14<09:44,  1.53it/s, loss=2.5579]
train 13:   2%|â–         | 22/919 [00:15<09:44,  1.53it/s, loss=2.5592]
train 13:   3%|â–Ž         | 23/919 [00:15<09:44,  1.53it/s, loss=2.5592]
train 13:   3%|â–Ž         | 23/919 [00:15<09:44,  1.53it/s, loss=2.5342]
train 13:   3%|â–Ž         | 24/919 [00:15<09:46,  1.53it/s, loss=2.5342]
train 13:   3%|â–Ž         | 24/919 [00:16<09:46,  1.53it/s, loss=2.5168]
train 13:   3%|â–Ž         | 25/919 [00:16<09:45,  1.53it/s, loss=2.5168]
train 13:   3%|â–Ž         | 25/919 [00:17<09:45,  1.53it/s, loss=2.5358]
train 13:   3%|â–Ž         | 26/919 [00:17<09:45,  1.53it/s, loss=2.5358]
train 13:   3%|â–Ž         | 26/919 [00:17<09:45,  1.53it/s, loss=2.5569]
train 13:   3%|â–Ž         | 27/919 [00:17<09:46,  1.52it/s, loss=2.5569]
train 13:   3%|â–Ž         | 27/919 [00:18<09:46,  1.52it/s, loss=2.5166]
train 13:   3%|â–Ž         | 28/919 [00:18<09:45,  1.52it/s, loss=2.5166]
train 13:   3%|â–Ž         | 28/919 [00:19<09:45,  1.52it/s, loss=2.5192]
train 13:   3%|â–Ž         | 29/919 [00:19<09:45,  1.52it/s, loss=2.5192]
train 13:   3%|â–Ž         | 29/919 [00:19<09:45,  1.52it/s, loss=2.4988]
train 13:   3%|â–Ž         | 30/919 [00:19<09:44,  1.52it/s, loss=2.4988]
                                                                       
[PROFILE batch=0]
  data_time      =0.3137s
  to_device_time =0.0032s
  forward_time   =0.3266s
  loss_time      =0.0012s
  backward_time  =0.3311s
  optimizer_time =0.0054s
  batch_time     =0.6685s
  cuda_allocated_gb    =0.125
  cuda_reserved_gb     =9.008
  cuda_max_allocated_gb=7.792
[PROFILE batch=1]
  data_time      =0.0005s
  to_device_time =0.0022s
  forward_time   =0.3163s
  loss_time      =0.0019s
  backward_time  =0.3293s
  optimizer_time =0.0055s
  batch_time     =0.6556s
  cuda_allocated_gb    =0.125
  cuda_reserved_gb     =9.008
  cuda_max_allocated_gb=7.792
[PROFILE batch=2]
  data_time      =0.0004s
  to_device_time =0.0021s
  forward_time   =0.3150s
  loss_time      =0.0019s
  backward_time  =0.3290s
  optimizer_time =0.0054s
  batch_time     =0.6539s
  cuda_allocated_gb    =0.125
  cuda_reserved_gb     =9.008
  cuda_max_allocated_gb=7.792
[PROFILE batch=3]
  data_time      =0.0005s
  to_device_time =0.0022s
  forward_time   =0.3155s
  loss_time      =0.0021s
  backward_time  =0.3273s
  optimizer_time =0.0056s
  batch_time     =0.6532s
  cuda_allocated_gb    =0.125
  cuda_reserved_gb     =9.008
  cuda_max_allocated_gb=7.792
[PROFILE batch=4]
  data_time      =0.0004s
  to_device_time =0.0022s
  forward_time   =0.3181s
  loss_time      =0.0021s
  backward_time  =0.3295s
  optimizer_time =0.0053s
  batch_time     =0.6577s
  cuda_allocated_gb    =0.125
  cuda_reserved_gb     =9.008
  cuda_max_allocated_gb=7.792
[PROFILE batch=5]
  data_time      =0.0005s
  to_device_time =0.0021s
  forward_time   =0.3168s
  loss_time      =0.0020s
  backward_time  =0.3271s
  optimizer_time =0.0055s
  batch_time     =0.6542s
  cuda_allocated_gb    =0.125
  cuda_reserved_gb     =9.008
  cuda_max_allocated_gb=7.792
[PROFILE batch=6]
  data_time      =0.0004s
  to_device_time =0.0022s
  forward_time   =0.3167s
  loss_time      =0.0020s
  backward_time  =0.3299s
  optimizer_time =0.0054s
  batch_time     =0.6566s
  cuda_allocated_gb    =0.125
  cuda_reserved_gb     =9.008
  cuda_max_allocated_gb=7.792
[PROFILE batch=7]
  data_time      =0.0006s
  to_device_time =0.0022s
  forward_time   =0.3170s
  loss_time      =0.0021s
  backward_time  =0.3320s
  optimizer_time =0.0056s
  batch_time     =0.6596s
  cuda_allocated_gb    =0.125
  cuda_reserved_gb     =9.008
  cuda_max_allocated_gb=7.792
[PROFILE batch=8]
  data_time      =0.0007s
  to_device_time =0.0021s
  forward_time   =0.3129s
  loss_time      =0.0022s
  backward_time  =0.3276s
  optimizer_time =0.0069s
  batch_time     =0.6522s
  cuda_allocated_gb    =0.125
  cuda_reserved_gb     =9.008
  cuda_max_allocated_gb=7.792
[PROFILE batch=9]
  data_time      =0.0006s
  to_device_time =0.0022s
  forward_time   =0.3219s
  loss_time      =0.0021s
  backward_time  =0.3322s
  optimizer_time =0.0055s
  batch_time     =0.6645s
  cuda_allocated_gb    =0.125
  cuda_reserved_gb     =9.008
  cuda_max_allocated_gb=7.792
[PROFILE batch=10]
  data_time      =0.0005s
  to_device_time =0.0022s
  forward_time   =0.3162s
  loss_time      =0.0022s
  backward_time  =0.3330s
  optimizer_time =0.0059s
  batch_time     =0.6601s
  cuda_allocated_gb    =0.125
  cuda_reserved_gb     =9.008
  cuda_max_allocated_gb=7.792
[PROFILE batch=11]
  data_time      =0.0005s
  to_device_time =0.0021s
  forward_time   =0.3177s
  loss_time      =0.0022s
  backward_time  =0.3268s
  optimizer_time =0.0054s
  batch_time     =0.6547s
  cuda_allocated_gb    =0.125
  cuda_reserved_gb     =9.008
  cuda_max_allocated_gb=7.792
[PROFILE batch=12]
  data_time      =0.0004s
  to_device_time =0.0022s
  forward_time   =0.3181s
  loss_time      =0.0024s
  backward_time  =0.3324s
  optimizer_time =0.0053s
  batch_time     =0.6609s
  cuda_allocated_gb    =0.125
  cuda_reserved_gb     =9.008
  cuda_max_allocated_gb=7.792
[PROFILE batch=13]
  data_time      =0.0004s
  to_device_time =0.0022s
  forward_time   =0.3130s
  loss_time      =0.0021s
  backward_time  =0.3358s
  optimizer_time =0.0056s
  batch_time     =0.6591s
  cuda_allocated_gb    =0.125
  cuda_reserved_gb     =9.008
  cuda_max_allocated_gb=7.792
[PROFILE batch=14]
  data_time      =0.0005s
  to_device_time =0.0022s
  forward_time   =0.3199s
  loss_time      =0.0021s
  backward_time  =0.3285s
  optimizer_time =0.0056s
  batch_time     =0.6586s
  cuda_allocated_gb    =0.125
  cuda_reserved_gb     =9.008
  cuda_max_allocated_gb=7.792
[PROFILE batch=15]
  data_time      =0.0005s
  to_device_time =0.0014s
  forward_time   =0.2048s
  loss_time      =0.0020s
  backward_time  =0.2018s
  optimizer_time =0.0052s
  batch_time     =0.4156s
  cuda_allocated_gb    =0.094
  cuda_reserved_gb     =9.008
  cuda_max_allocated_gb=7.792
[PROFILE batch=16]
  data_time      =0.0005s
  to_device_time =0.0021s
  forward_time   =0.3133s
  loss_time      =0.0021s
  backward_time  =0.3307s
  optimizer_time =0.0054s
  batch_time     =0.6540s
  cuda_allocated_gb    =0.125
  cuda_reserved_gb     =9.008
  cuda_max_allocated_gb=7.792
[PROFILE batch=17]
  data_time      =0.0005s
  to_device_time =0.0022s
  forward_time   =0.3144s
  loss_time      =0.0020s
  backward_time  =0.3299s
  optimizer_time =0.0054s
  batch_time     =0.6543s
  cuda_allocated_gb    =0.125
  cuda_reserved_gb     =9.008
  cuda_max_allocated_gb=7.792
[PROFILE batch=18]
  data_time      =0.0004s
  to_device_time =0.0022s
  forward_time   =0.3157s
  loss_time      =0.0022s
  backward_time  =0.3366s
  optimizer_time =0.0059s
  batch_time     =0.6630s
  cuda_allocated_gb    =0.125
  cuda_reserved_gb     =9.008
  cuda_max_allocated_gb=7.792
[PROFILE batch=19]
  data_time      =0.0005s
  to_device_time =0.0021s
  forward_time   =0.3176s
  loss_time      =0.0022s
  backward_time  =0.3345s
  optimizer_time =0.0059s
  batch_time     =0.6628s
  cuda_allocated_gb    =0.125
  cuda_reserved_gb     =9.008
  cuda_max_allocated_gb=7.792

[PROFILE average first 20 batches (recorded=20)]
  avg_data_time      =0.0162s
  avg_to_device_time =0.0022s
  avg_forward_time   =0.3114s
  avg_loss_time      =0.0021s
  avg_backward_time  =0.3242s
  avg_optimizer_time =0.0056s
  avg_batch_time     =0.6459s
  estimated_full_epoch_minutes=9.89

val:   0%|          | 0/113 [00:00<?, ?it/s]/usr/local/lib/python3.12/dist-packages/torch/autograd/function.py:583: UserWarning: Was asked to gather along dimension 0, but all input tensors were scalars; will instead unsqueeze and return a vector.
  return super().apply(*args, **kwargs)  # type: ignore[misc]

val:   1%|          | 1/113 [00:00<00:51,  2.16it/s]
val:   2%|â–         | 2/113 [00:00<00:40,  2.73it/s]
val:   3%|â–Ž         | 3/113 [00:01<00:37,  2.96it/s]
val:   4%|â–Ž         | 4/113 [00:01<00:35,  3.09it/s]
val:   4%|â–         | 5/113 [00:01<00:34,  3.17it/s]
val:   5%|â–Œ         | 6/113 [00:01<00:33,  3.23it/s]
val:   6%|â–Œ         | 7/113 [00:02<00:32,  3.27it/s]
val:   7%|â–‹         | 8/113 [00:02<00:31,  3.29it/s]
val:   8%|â–Š         | 9/113 [00:02<00:31,  3.29it/s]
val:   9%|â–‰         | 10/113 [00:03<00:31,  3.29it/s]
                                                     
Epoch 013/015 | loss=2.5348 acc=0.1224 macro_f1=0.1112 | val_loss=2.5331 val_acc=0.2437 val_macro_f1=0.0560 | ckpt_monitor=val_macro_f1:0.0560 best_val_macro_f1=0.0736 best_epoch=1 early_val_macro_f1=0.0736 sec/batch=0.662s
          val pred_count: [0, 0, 0, 320, 0, 0, 0]
          no improvement: 12/12
Early stopping after 12 stale epochs
Training done best_epoch=1 best_metric=0.073643
Logged d12a_stable_ce_first_fastio_safe to reports/d11_experiments_log.csv