/kaggle/working/sgu-2026-fer13-graph/training/trainer.py:222: FutureWarning: `torch.cuda.amp.GradScaler(args...)` is deprecated. Please use `torch.amp.GradScaler('cuda', args...)` instead.
  self.scaler = torch.cuda.amp.GradScaler(
[FullGraphDataset train]
chunk_cache_size=4
num_chunks=58
num_samples=28709
[FullGraphDataset train] chunk cache enabled (max_chunks=4)
[ChunkAwareSampler] enabled=True
num_chunks=58
batch_size=32
batches_per_epoch=919
shuffle_chunks=True
shuffle_within_chunk=True
[DataLoader split=train] num_samples=28709 batch_size=32 num_workers=4 pin_memory=True persistent_workers=True prefetch_factor=2 chunk_cache_size=4 chunk_aware_sampler=True shuffle_chunks=True shuffle_within_chunk=True batches_per_epoch=919
[FullGraphDataset val]
chunk_cache_size=4
num_chunks=8
num_samples=3589
[FullGraphDataset val] chunk cache enabled (max_chunks=4)
[DataLoader split=val] num_samples=3589 batch_size=32 num_workers=4 pin_memory=True persistent_workers=True prefetch_factor=2 chunk_cache_size=4 chunk_aware_sampler=False shuffle_chunks=n/a shuffle_within_chunk=n/a batches_per_epoch=113
--- torch version: 2.10.0+cu128
--- cuda available: True
--- cuda device count: 2
--- selected device: cuda:0
--- gpu name: Tesla T4
--- current cuda device: 0
[Output] run_dir=/kaggle/working/outputs/d12_fastio_benchmark_safe
[Multi-GPU] DataParallel enabled: 2 GPUs
  GPU 0: Tesla T4
  GPU 1: Tesla T4
[AMP] amp_enabled=False init_scale=65536.0
trainer device: cuda:0
model first parameter device: cuda:0
[Scheduler] type=LambdaLR monitor=epoch mode=n/a
[Checkpoint] save_best_metric=val_macro_f1 mode=max
[EarlyStopping] monitor=val_macro_f1 mode=max

train 1:   0%|          | 0/919 [00:00<?, ?it/s]/usr/local/lib/python3.12/dist-packages/torch/autograd/function.py:583: UserWarning: Was asked to gather along dimension 0, but all input tensors were scalars; will instead unsqueeze and return a vector.
  return super().apply(*args, **kwargs)  # type: ignore[misc]

train 1:   0%|          | 0/919 [00:03<?, ?it/s, loss=2.5748]
train 1:   0%|          | 1/919 [00:03<50:04,  3.27s/it, loss=2.5748]
train 1:   0%|          | 1/919 [00:03<50:04,  3.27s/it, loss=2.6166]
train 1:   0%|          | 2/919 [00:03<25:34,  1.67s/it, loss=2.6166]
train 1:   0%|          | 2/919 [00:04<25:34,  1.67s/it, loss=2.5667]
train 1:   0%|          | 3/919 [00:04<17:45,  1.16s/it, loss=2.5667]
train 1:   0%|          | 3/919 [00:04<17:45,  1.16s/it, loss=2.5523]
train 1:   0%|          | 4/919 [00:04<14:04,  1.08it/s, loss=2.5523]
train 1:   0%|          | 4/919 [00:05<14:04,  1.08it/s, loss=2.5527]
train 1:   1%|          | 5/919 [00:05<11:58,  1.27it/s, loss=2.5527]
train 1:   1%|          | 5/919 [00:06<11:58,  1.27it/s, loss=2.5488]
train 1:   1%|          | 6/919 [00:06<10:48,  1.41it/s, loss=2.5488]
train 1:   1%|          | 6/919 [00:06<10:48,  1.41it/s, loss=2.5688]
train 1:   1%|          | 7/919 [00:06<10:00,  1.52it/s, loss=2.5688]
train 1:   1%|          | 7/919 [00:07<10:00,  1.52it/s, loss=2.5664]
train 1:   1%|          | 8/919 [00:07<09:31,  1.59it/s, loss=2.5664]
train 1:   1%|          | 8/919 [00:07<09:31,  1.59it/s, loss=2.5775]
train 1:   1%|          | 9/919 [00:07<09:14,  1.64it/s, loss=2.5775]
train 1:   1%|          | 9/919 [00:08<09:14,  1.64it/s, loss=2.5626]
train 1:   1%|          | 10/919 [00:08<08:59,  1.68it/s, loss=2.5626]
train 1:   1%|          | 10/919 [00:08<08:59,  1.68it/s, loss=2.5595]
train 1:   1%|          | 11/919 [00:08<08:49,  1.71it/s, loss=2.5595]
train 1:   1%|          | 11/919 [00:09<08:49,  1.71it/s, loss=2.5252]
train 1:   1%|â–         | 12/919 [00:09<08:42,  1.73it/s, loss=2.5252]
train 1:   1%|â–         | 12/919 [00:09<08:42,  1.73it/s, loss=2.5655]
train 1:   1%|â–         | 13/919 [00:09<08:37,  1.75it/s, loss=2.5655]
train 1:   1%|â–         | 13/919 [00:10<08:37,  1.75it/s, loss=2.5216]
train 1:   2%|â–         | 14/919 [00:10<08:33,  1.76it/s, loss=2.5216]
train 1:   2%|â–         | 14/919 [00:11<08:33,  1.76it/s, loss=2.5657]
train 1:   2%|â–         | 15/919 [00:11<08:29,  1.77it/s, loss=2.5657]
train 1:   2%|â–         | 15/919 [00:11<08:29,  1.77it/s, loss=2.5718]
train 1:   2%|â–         | 16/919 [00:11<07:37,  1.97it/s, loss=2.5718]
train 1:   2%|â–         | 16/919 [00:12<07:37,  1.97it/s, loss=2.5281]
train 1:   2%|â–         | 17/919 [00:12<07:51,  1.91it/s, loss=2.5281]
train 1:   2%|â–         | 17/919 [00:12<07:51,  1.91it/s, loss=2.5314]
train 1:   2%|â–         | 18/919 [00:12<08:02,  1.87it/s, loss=2.5314]
train 1:   2%|â–         | 18/919 [00:13<08:02,  1.87it/s, loss=2.5395]
train 1:   2%|â–         | 19/919 [00:13<08:09,  1.84it/s, loss=2.5395]
train 1:   2%|â–         | 19/919 [00:13<08:09,  1.84it/s, loss=2.5346]
train 1:   2%|â–         | 20/919 [00:13<08:13,  1.82it/s, loss=2.5346]
train 1:   2%|â–         | 20/919 [00:14<08:13,  1.82it/s, loss=2.5632]
train 1:   2%|â–         | 21/919 [00:14<08:15,  1.81it/s, loss=2.5632]
train 1:   2%|â–         | 21/919 [00:14<08:15,  1.81it/s, loss=2.5544]
train 1:   2%|â–         | 22/919 [00:14<08:18,  1.80it/s, loss=2.5544]
train 1:   2%|â–         | 22/919 [00:15<08:18,  1.80it/s, loss=2.5323]
train 1:   3%|â–Ž         | 23/919 [00:15<08:19,  1.80it/s, loss=2.5323]
train 1:   3%|â–Ž         | 23/919 [00:15<08:19,  1.80it/s, loss=2.5424]
train 1:   3%|â–Ž         | 24/919 [00:15<08:19,  1.79it/s, loss=2.5424]
train 1:   3%|â–Ž         | 24/919 [00:16<08:19,  1.79it/s, loss=2.5042]
train 1:   3%|â–Ž         | 25/919 [00:16<08:22,  1.78it/s, loss=2.5042]
train 1:   3%|â–Ž         | 25/919 [00:17<08:22,  1.78it/s, loss=2.5634]
train 1:   3%|â–Ž         | 26/919 [00:17<08:23,  1.77it/s, loss=2.5634]
train 1:   3%|â–Ž         | 26/919 [00:17<08:23,  1.77it/s, loss=2.5878]
train 1:   3%|â–Ž         | 27/919 [00:17<08:22,  1.78it/s, loss=2.5878]
train 1:   3%|â–Ž         | 27/919 [00:18<08:22,  1.78it/s, loss=2.5318]
train 1:   3%|â–Ž         | 28/919 [00:18<08:22,  1.77it/s, loss=2.5318]
train 1:   3%|â–Ž         | 28/919 [00:18<08:22,  1.77it/s, loss=2.5404]
train 1:   3%|â–Ž         | 29/919 [00:18<08:22,  1.77it/s, loss=2.5404]
train 1:   3%|â–Ž         | 29/919 [00:19<08:22,  1.77it/s, loss=2.5159]
train 1:   3%|â–Ž         | 30/919 [00:19<08:24,  1.76it/s, loss=2.5159]
                                                                      
[SPEED_BENCH] first_batch_x_shape=[32, 2304, 7]
[SPEED_BENCH] first_batch_edge_attr_shape=[32, 17860, 5]
[SPEED_BENCH] bs_mismatch=False  (x.shape[0]=32, expected=32 âœ“)
train tensor devices: x=cuda:0 edge_index=cuda:0 edge_attr=cuda:0 y=cuda:0 logits=cuda:0 loss=cuda:0
[PROFILE batch=0]
  data_time      =0.5276s
  to_device_time =0.0031s
  forward_time   =2.0673s
  loss_time      =0.1264s
  backward_time  =0.3431s
  optimizer_time =0.1961s
  batch_time     =2.7370s
  cuda_allocated_gb    =0.109
  cuda_reserved_gb     =8.988
  cuda_max_allocated_gb=7.711
[PROFILE batch=1]
  data_time      =0.0006s
  to_device_time =0.0021s
  forward_time   =0.2731s
  loss_time      =0.0020s
  backward_time  =0.2668s
  optimizer_time =0.0055s
  batch_time     =0.5500s
  cuda_allocated_gb    =0.125
  cuda_reserved_gb     =8.998
  cuda_max_allocated_gb=7.791
[PROFILE batch=2]
  data_time      =0.0005s
  to_device_time =0.0022s
  forward_time   =0.2790s
  loss_time      =0.0019s
  backward_time  =0.2649s
  optimizer_time =0.0051s
  batch_time     =0.5536s
  cuda_allocated_gb    =0.125
  cuda_reserved_gb     =8.998
  cuda_max_allocated_gb=7.791
[PROFILE batch=3]
  data_time      =0.0004s
  to_device_time =0.0022s
  forward_time   =0.2705s
  loss_time      =0.0020s
  backward_time  =0.2700s
  optimizer_time =0.0065s
  batch_time     =0.5515s
  cuda_allocated_gb    =0.125
  cuda_reserved_gb     =8.998
  cuda_max_allocated_gb=7.791
[PROFILE batch=4]
  data_time      =0.0006s
  to_device_time =0.0021s
  forward_time   =0.2750s
  loss_time      =0.0023s
  backward_time  =0.2532s
  optimizer_time =0.0061s
  batch_time     =0.5392s
  cuda_allocated_gb    =0.125
  cuda_reserved_gb     =8.998
  cuda_max_allocated_gb=7.791
[PROFILE batch=5]
  data_time      =0.0005s
  to_device_time =0.0021s
  forward_time   =0.2835s
  loss_time      =0.0021s
  backward_time  =0.2663s
  optimizer_time =0.0058s
  batch_time     =0.5603s
  cuda_allocated_gb    =0.125
  cuda_reserved_gb     =8.998
  cuda_max_allocated_gb=7.791
[PROFILE batch=6]
  data_time      =0.0005s
  to_device_time =0.0022s
  forward_time   =0.2738s
  loss_time      =0.0020s
  backward_time  =0.2660s
  optimizer_time =0.0054s
  batch_time     =0.5498s
  cuda_allocated_gb    =0.125
  cuda_reserved_gb     =8.998
  cuda_max_allocated_gb=7.791
[PROFILE batch=7]
  data_time      =0.0004s
  to_device_time =0.0022s
  forward_time   =0.2762s
  loss_time      =0.0021s
  backward_time  =0.2706s
  optimizer_time =0.0057s
  batch_time     =0.5571s
  cuda_allocated_gb    =0.125
  cuda_reserved_gb     =8.998
  cuda_max_allocated_gb=7.791
[PROFILE batch=8]
  data_time      =0.0007s
  to_device_time =0.0022s
  forward_time   =0.2836s
  loss_time      =0.0020s
  backward_time  =0.2725s
  optimizer_time =0.0051s
  batch_time     =0.5660s
  cuda_allocated_gb    =0.125
  cuda_reserved_gb     =8.998
  cuda_max_allocated_gb=7.791
[PROFILE batch=9]
  data_time      =0.0005s
  to_device_time =0.0021s
  forward_time   =0.2761s
  loss_time      =0.0021s
  backward_time  =0.2699s
  optimizer_time =0.0051s
  batch_time     =0.5558s
  cuda_allocated_gb    =0.125
  cuda_reserved_gb     =8.998
  cuda_max_allocated_gb=7.791
[PROFILE batch=10]
  data_time      =0.0005s
  to_device_time =0.0021s
  forward_time   =0.2728s
  loss_time      =0.0021s
  backward_time  =0.2743s
  optimizer_time =0.0053s
  batch_time     =0.5571s
  cuda_allocated_gb    =0.125
  cuda_reserved_gb     =8.998
  cuda_max_allocated_gb=7.791
[PROFILE batch=11]
  data_time      =0.0005s
  to_device_time =0.0021s
  forward_time   =0.2781s
  loss_time      =0.0022s
  backward_time  =0.2696s
  optimizer_time =0.0050s
  batch_time     =0.5575s
  cuda_allocated_gb    =0.125
  cuda_reserved_gb     =8.998
  cuda_max_allocated_gb=7.791
[PROFILE batch=12]
  data_time      =0.0005s
  to_device_time =0.0021s
  forward_time   =0.2726s
  loss_time      =0.0021s
  backward_time  =0.2717s
  optimizer_time =0.0059s
  batch_time     =0.5549s
  cuda_allocated_gb    =0.125
  cuda_reserved_gb     =8.998
  cuda_max_allocated_gb=7.792
[PROFILE batch=13]
  data_time      =0.0005s
  to_device_time =0.0021s
  forward_time   =0.2744s
  loss_time      =0.0020s
  backward_time  =0.2704s
  optimizer_time =0.0054s
  batch_time     =0.5549s
  cuda_allocated_gb    =0.125
  cuda_reserved_gb     =8.998
  cuda_max_allocated_gb=7.792
[PROFILE batch=14]
  data_time      =0.0004s
  to_device_time =0.0022s
  forward_time   =0.2756s
  loss_time      =0.0021s
  backward_time  =0.2689s
  optimizer_time =0.0054s
  batch_time     =0.5547s
  cuda_allocated_gb    =0.125
  cuda_reserved_gb     =8.998
  cuda_max_allocated_gb=7.792
[PROFILE batch=15]
  data_time      =0.0005s
  to_device_time =0.0014s
  forward_time   =0.1863s
  loss_time      =0.0022s
  backward_time  =0.1760s
  optimizer_time =0.0052s
  batch_time     =0.3716s
  cuda_allocated_gb    =0.096
  cuda_reserved_gb     =9.008
  cuda_max_allocated_gb=7.792
[PROFILE batch=16]
  data_time      =0.0005s
  to_device_time =0.0023s
  forward_time   =0.2758s
  loss_time      =0.0020s
  backward_time  =0.2716s
  optimizer_time =0.0052s
  batch_time     =0.5573s
  cuda_allocated_gb    =0.125
  cuda_reserved_gb     =9.008
  cuda_max_allocated_gb=7.792
[PROFILE batch=17]
  data_time      =0.0005s
  to_device_time =0.0021s
  forward_time   =0.2765s
  loss_time      =0.0021s
  backward_time  =0.2742s
  optimizer_time =0.0056s
  batch_time     =0.5610s
  cuda_allocated_gb    =0.125
  cuda_reserved_gb     =9.008
  cuda_max_allocated_gb=7.792
[PROFILE batch=18]
  data_time      =0.0005s
  to_device_time =0.0021s
  forward_time   =0.2780s
  loss_time      =0.0022s
  backward_time  =0.2717s
  optimizer_time =0.0050s
  batch_time     =0.5595s
  cuda_allocated_gb    =0.125
  cuda_reserved_gb     =9.008
  cuda_max_allocated_gb=7.792
[PROFILE batch=19]
  data_time      =0.0004s
  to_device_time =0.0021s
  forward_time   =0.2744s
  loss_time      =0.0021s
  backward_time  =0.2733s
  optimizer_time =0.0057s
  batch_time     =0.5581s
  cuda_allocated_gb    =0.125
  cuda_reserved_gb     =9.008
  cuda_max_allocated_gb=7.792

[PROFILE average first 20 batches (recorded=20)]
  avg_data_time      =0.0269s
  avg_to_device_time =0.0022s
  avg_forward_time   =0.3611s
  avg_loss_time      =0.0083s
  avg_backward_time  =0.2682s
  avg_optimizer_time =0.0150s
  avg_batch_time     =0.6553s
  estimated_full_epoch_minutes=10.04

val:   0%|          | 0/113 [00:00<?, ?it/s]/usr/local/lib/python3.12/dist-packages/torch/autograd/function.py:583: UserWarning: Was asked to gather along dimension 0, but all input tensors were scalars; will instead unsqueeze and return a vector.
  return super().apply(*args, **kwargs)  # type: ignore[misc]

val:   1%|          | 1/113 [00:00<01:46,  1.05it/s]
val:   2%|â–         | 2/113 [00:01<01:00,  1.82it/s]
val:   3%|â–Ž         | 3/113 [00:01<00:46,  2.36it/s]
val:   4%|â–Ž         | 4/113 [00:01<00:39,  2.74it/s]
val:   4%|â–         | 5/113 [00:02<00:36,  2.99it/s]
val:   5%|â–Œ         | 6/113 [00:02<00:33,  3.19it/s]
val:   6%|â–Œ         | 7/113 [00:02<00:31,  3.32it/s]
val:   7%|â–‹         | 8/113 [00:02<00:30,  3.40it/s]
val:   8%|â–Š         | 9/113 [00:03<00:30,  3.41it/s]
val:   9%|â–‰         | 10/113 [00:03<00:29,  3.45it/s]
                                                     
Epoch 001/015 | loss=2.5522 acc=0.1255 macro_f1=0.1147 | val_loss=2.5331 val_acc=0.2375 val_macro_f1=0.0647 | ckpt_monitor=val_macro_f1:0.0647 best_val_macro_f1=0.0647 best_epoch=1 early_val_macro_f1=0.0647 sec/batch=0.646s
          val pred_count: [0, 0, 0, 302, 18, 0, 0]
          checkpoint improvement: best_epoch=1
          early stopping monitor improved

train 2:   0%|          | 0/919 [00:00<?, ?it/s]/usr/local/lib/python3.12/dist-packages/torch/autograd/function.py:583: UserWarning: Was asked to gather along dimension 0, but all input tensors were scalars; will instead unsqueeze and return a vector.
  return super().apply(*args, **kwargs)  # type: ignore[misc]

train 2:   0%|          | 0/919 [00:01<?, ?it/s, loss=2.5533]
train 2:   0%|          | 1/919 [00:01<20:38,  1.35s/it, loss=2.5533]
train 2:   0%|          | 1/919 [00:02<20:38,  1.35s/it, loss=2.5181]
train 2:   0%|          | 2/919 [00:02<15:27,  1.01s/it, loss=2.5181]
train 2:   0%|          | 2/919 [00:02<15:27,  1.01s/it, loss=2.5098]
train 2:   0%|          | 3/919 [00:02<12:21,  1.24it/s, loss=2.5098]
train 2:   0%|          | 3/919 [00:03<12:21,  1.24it/s, loss=2.5590]
train 2:   0%|          | 4/919 [00:03<11:01,  1.38it/s, loss=2.5590]
train 2:   0%|          | 4/919 [00:03<11:01,  1.38it/s, loss=2.5585]
train 2:   1%|          | 5/919 [00:03<10:10,  1.50it/s, loss=2.5585]
train 2:   1%|          | 5/919 [00:04<10:10,  1.50it/s, loss=2.5524]
train 2:   1%|          | 6/919 [00:04<09:39,  1.57it/s, loss=2.5524]
train 2:   1%|          | 6/919 [00:04<09:39,  1.57it/s, loss=2.5240]
train 2:   1%|          | 7/919 [00:04<09:20,  1.63it/s, loss=2.5240]
train 2:   1%|          | 7/919 [00:05<09:20,  1.63it/s, loss=2.4981]
train 2:   1%|          | 8/919 [00:05<09:08,  1.66it/s, loss=2.4981]
train 2:   1%|          | 8/919 [00:06<09:08,  1.66it/s, loss=2.5342]
train 2:   1%|          | 9/919 [00:06<09:00,  1.68it/s, loss=2.5342]
train 2:   1%|          | 9/919 [00:06<09:00,  1.68it/s, loss=2.5255]
train 2:   1%|          | 10/919 [00:06<08:54,  1.70it/s, loss=2.5255]
train 2:   1%|          | 10/919 [00:07<08:54,  1.70it/s, loss=2.5222]
train 2:   1%|          | 11/919 [00:07<08:50,  1.71it/s, loss=2.5222]
train 2:   1%|          | 11/919 [00:07<08:50,  1.71it/s, loss=2.5474]
train 2:   1%|â–         | 12/919 [00:07<08:49,  1.71it/s, loss=2.5474]
train 2:   1%|â–         | 12/919 [00:08<08:49,  1.71it/s, loss=2.5581]
train 2:   1%|â–         | 13/919 [00:08<08:47,  1.72it/s, loss=2.5581]
train 2:   1%|â–         | 13/919 [00:09<08:47,  1.72it/s, loss=2.5521]
train 2:   2%|â–         | 14/919 [00:09<08:46,  1.72it/s, loss=2.5521]
train 2:   2%|â–         | 14/919 [00:09<08:46,  1.72it/s, loss=2.5096]
train 2:   2%|â–         | 15/919 [00:09<08:45,  1.72it/s, loss=2.5096]
train 2:   2%|â–         | 15/919 [00:10<08:45,  1.72it/s, loss=2.4838]
train 2:   2%|â–         | 16/919 [00:10<07:50,  1.92it/s, loss=2.4838]
train 2:   2%|â–         | 16/919 [00:10<07:50,  1.92it/s, loss=2.5424]
train 2:   2%|â–         | 17/919 [00:10<08:06,  1.85it/s, loss=2.5424]
train 2:   2%|â–         | 17/919 [00:11<08:06,  1.85it/s, loss=2.5400]
train 2:   2%|â–         | 18/919 [00:11<08:17,  1.81it/s, loss=2.5400]
train 2:   2%|â–         | 18/919 [00:11<08:17,  1.81it/s, loss=2.5702]
train 2:   2%|â–         | 19/919 [00:11<08:25,  1.78it/s, loss=2.5702]
train 2:   2%|â–         | 19/919 [00:12<08:25,  1.78it/s, loss=2.5623]
train 2:   2%|â–         | 20/919 [00:12<08:31,  1.76it/s, loss=2.5623]
train 2:   2%|â–         | 20/919 [00:12<08:31,  1.76it/s, loss=2.4967]
train 2:   2%|â–         | 21/919 [00:12<08:35,  1.74it/s, loss=2.4967]
train 2:   2%|â–         | 21/919 [00:13<08:35,  1.74it/s, loss=2.5334]
train 2:   2%|â–         | 22/919 [00:13<08:37,  1.73it/s, loss=2.5334]
train 2:   2%|â–         | 22/919 [00:14<08:37,  1.73it/s, loss=2.5255]
train 2:   3%|â–Ž         | 23/919 [00:14<08:39,  1.72it/s, loss=2.5255]
train 2:   3%|â–Ž         | 23/919 [00:14<08:39,  1.72it/s, loss=2.5499]
train 2:   3%|â–Ž         | 24/919 [00:14<08:39,  1.72it/s, loss=2.5499]
train 2:   3%|â–Ž         | 24/919 [00:15<08:39,  1.72it/s, loss=2.5600]
train 2:   3%|â–Ž         | 25/919 [00:15<08:40,  1.72it/s, loss=2.5600]
train 2:   3%|â–Ž         | 25/919 [00:15<08:40,  1.72it/s, loss=2.5397]
train 2:   3%|â–Ž         | 26/919 [00:15<08:43,  1.71it/s, loss=2.5397]
train 2:   3%|â–Ž         | 26/919 [00:16<08:43,  1.71it/s, loss=2.5889]
train 2:   3%|â–Ž         | 27/919 [00:16<08:42,  1.71it/s, loss=2.5889]
train 2:   3%|â–Ž         | 27/919 [00:17<08:42,  1.71it/s, loss=2.5227]
train 2:   3%|â–Ž         | 28/919 [00:17<08:41,  1.71it/s, loss=2.5227]
train 2:   3%|â–Ž         | 28/919 [00:17<08:41,  1.71it/s, loss=2.5317]
train 2:   3%|â–Ž         | 29/919 [00:17<08:36,  1.72it/s, loss=2.5317]
train 2:   3%|â–Ž         | 29/919 [00:18<08:36,  1.72it/s, loss=2.5500]
train 2:   3%|â–Ž         | 30/919 [00:18<08:39,  1.71it/s, loss=2.5500]
                                                                      
[PROFILE batch=0]
  data_time      =0.7146s
  to_device_time =0.0032s
  forward_time   =0.3283s
  loss_time      =0.0013s
  backward_time  =0.2878s
  optimizer_time =0.0064s
  batch_time     =0.6315s
  cuda_allocated_gb    =0.125
  cuda_reserved_gb     =9.008
  cuda_max_allocated_gb=7.792
[PROFILE batch=1]
  data_time      =0.0004s
  to_device_time =0.0022s
  forward_time   =0.4848s
  loss_time      =0.0018s
  backward_time  =0.2778s
  optimizer_time =0.0053s
  batch_time     =0.7723s
  cuda_allocated_gb    =0.125
  cuda_reserved_gb     =9.008
  cuda_max_allocated_gb=7.792
[PROFILE batch=2]
  data_time      =0.0005s
  to_device_time =0.0021s
  forward_time   =0.2775s
  loss_time      =0.0019s
  backward_time  =0.2778s
  optimizer_time =0.0056s
  batch_time     =0.5654s
  cuda_allocated_gb    =0.125
  cuda_reserved_gb     =9.008
  cuda_max_allocated_gb=7.792
[PROFILE batch=3]
  data_time      =0.0005s
  to_device_time =0.0022s
  forward_time   =0.2962s
  loss_time      =0.0021s
  backward_time  =0.2805s
  optimizer_time =0.0060s
  batch_time     =0.5875s
  cuda_allocated_gb    =0.125
  cuda_reserved_gb     =9.008
  cuda_max_allocated_gb=7.792
[PROFILE batch=4]
  data_time      =0.0004s
  to_device_time =0.0022s
  forward_time   =0.2790s
  loss_time      =0.0019s
  backward_time  =0.2801s
  optimizer_time =0.0053s
  batch_time     =0.5690s
  cuda_allocated_gb    =0.125
  cuda_reserved_gb     =9.008
  cuda_max_allocated_gb=7.792
[PROFILE batch=5]
  data_time      =0.0004s
  to_device_time =0.0021s
  forward_time   =0.2774s
  loss_time      =0.0020s
  backward_time  =0.2793s
  optimizer_time =0.0060s
  batch_time     =0.5672s
  cuda_allocated_gb    =0.125
  cuda_reserved_gb     =9.008
  cuda_max_allocated_gb=7.792
[PROFILE batch=6]
  data_time      =0.0005s
  to_device_time =0.0022s
  forward_time   =0.2785s
  loss_time      =0.0019s
  backward_time  =0.2822s
  optimizer_time =0.0053s
  batch_time     =0.5705s
  cuda_allocated_gb    =0.125
  cuda_reserved_gb     =9.008
  cuda_max_allocated_gb=7.792
[PROFILE batch=7]
  data_time      =0.0004s
  to_device_time =0.0021s
  forward_time   =0.2803s
  loss_time      =0.0020s
  backward_time  =0.2799s
  optimizer_time =0.0059s
  batch_time     =0.5707s
  cuda_allocated_gb    =0.125
  cuda_reserved_gb     =9.008
  cuda_max_allocated_gb=7.792
[PROFILE batch=8]
  data_time      =0.0007s
  to_device_time =0.0021s
  forward_time   =0.2822s
  loss_time      =0.0022s
  backward_time  =0.2827s
  optimizer_time =0.0054s
  batch_time     =0.5750s
  cuda_allocated_gb    =0.125
  cuda_reserved_gb     =9.008
  cuda_max_allocated_gb=7.792
[PROFILE batch=9]
  data_time      =0.0005s
  to_device_time =0.0022s
  forward_time   =0.2768s
  loss_time      =0.0021s
  backward_time  =0.2835s
  optimizer_time =0.0055s
  batch_time     =0.5704s
  cuda_allocated_gb    =0.125
  cuda_reserved_gb     =9.008
  cuda_max_allocated_gb=7.792
[PROFILE batch=10]
  data_time      =0.0005s
  to_device_time =0.0021s
  forward_time   =0.2802s
  loss_time      =0.0020s
  backward_time  =0.2815s
  optimizer_time =0.0061s
  batch_time     =0.5724s
  cuda_allocated_gb    =0.125
  cuda_reserved_gb     =9.008
  cuda_max_allocated_gb=7.792
[PROFILE batch=11]
  data_time      =0.0005s
  to_device_time =0.0021s
  forward_time   =0.2825s
  loss_time      =0.0021s
  backward_time  =0.2852s
  optimizer_time =0.0059s
  batch_time     =0.5782s
  cuda_allocated_gb    =0.125
  cuda_reserved_gb     =9.008
  cuda_max_allocated_gb=7.792
[PROFILE batch=12]
  data_time      =0.0005s
  to_device_time =0.0021s
  forward_time   =0.2794s
  loss_time      =0.0021s
  backward_time  =0.2861s
  optimizer_time =0.0060s
  batch_time     =0.5762s
  cuda_allocated_gb    =0.125
  cuda_reserved_gb     =9.008
  cuda_max_allocated_gb=7.792
[PROFILE batch=13]
  data_time      =0.0005s
  to_device_time =0.0022s
  forward_time   =0.2820s
  loss_time      =0.0022s
  backward_time  =0.2848s
  optimizer_time =0.0054s
  batch_time     =0.5771s
  cuda_allocated_gb    =0.125
  cuda_reserved_gb     =9.008
  cuda_max_allocated_gb=7.792
[PROFILE batch=14]
  data_time      =0.0005s
  to_device_time =0.0021s
  forward_time   =0.2822s
  loss_time      =0.0020s
  backward_time  =0.2867s
  optimizer_time =0.0060s
  batch_time     =0.5794s
  cuda_allocated_gb    =0.125
  cuda_reserved_gb     =9.008
  cuda_max_allocated_gb=7.792
[PROFILE batch=15]
  data_time      =0.0005s
  to_device_time =0.0014s
  forward_time   =0.1830s
  loss_time      =0.0021s
  backward_time  =0.1832s
  optimizer_time =0.0055s
  batch_time     =0.3756s
  cuda_allocated_gb    =0.094
  cuda_reserved_gb     =9.008
  cuda_max_allocated_gb=7.792
[PROFILE batch=16]
  data_time      =0.0005s
  to_device_time =0.0022s
  forward_time   =0.2841s
  loss_time      =0.0021s
  backward_time  =0.2859s
  optimizer_time =0.0061s
  batch_time     =0.5809s
  cuda_allocated_gb    =0.125
  cuda_reserved_gb     =9.008
  cuda_max_allocated_gb=7.792
[PROFILE batch=17]
  data_time      =0.0006s
  to_device_time =0.0021s
  forward_time   =0.2801s
  loss_time      =0.0023s
  backward_time  =0.2859s
  optimizer_time =0.0054s
  batch_time     =0.5762s
  cuda_allocated_gb    =0.125
  cuda_reserved_gb     =9.008
  cuda_max_allocated_gb=7.792
[PROFILE batch=18]
  data_time      =0.0005s
  to_device_time =0.0022s
  forward_time   =0.2844s
  loss_time      =0.0020s
  backward_time  =0.2872s
  optimizer_time =0.0060s
  batch_time     =0.5825s
  cuda_allocated_gb    =0.125
  cuda_reserved_gb     =9.008
  cuda_max_allocated_gb=7.792
[PROFILE batch=19]
  data_time      =0.0006s
  to_device_time =0.0021s
  forward_time   =0.2838s
  loss_time      =0.0020s
  backward_time  =0.2870s
  optimizer_time =0.0055s
  batch_time     =0.5809s
  cuda_allocated_gb    =0.125
  cuda_reserved_gb     =9.008
  cuda_max_allocated_gb=7.792

[PROFILE average first 20 batches (recorded=20)]
  avg_data_time      =0.0362s
  avg_to_device_time =0.0022s
  avg_forward_time   =0.2891s
  avg_loss_time      =0.0020s
  avg_backward_time  =0.2783s
  avg_optimizer_time =0.0057s
  avg_batch_time     =0.5780s
  estimated_full_epoch_minutes=8.85

val:   0%|          | 0/113 [00:00<?, ?it/s]/usr/local/lib/python3.12/dist-packages/torch/autograd/function.py:583: UserWarning: Was asked to gather along dimension 0, but all input tensors were scalars; will instead unsqueeze and return a vector.
  return super().apply(*args, **kwargs)  # type: ignore[misc]

val:   1%|          | 1/113 [00:00<00:58,  1.92it/s]
val:   2%|â–         | 2/113 [00:00<00:42,  2.63it/s]
val:   3%|â–Ž         | 3/113 [00:01<00:36,  3.01it/s]
val:   4%|â–Ž         | 4/113 [00:01<00:33,  3.23it/s]
val:   4%|â–         | 5/113 [00:01<00:31,  3.38it/s]
val:   5%|â–Œ         | 6/113 [00:01<00:30,  3.46it/s]
val:   6%|â–Œ         | 7/113 [00:02<00:30,  3.52it/s]
val:   7%|â–‹         | 8/113 [00:02<00:29,  3.56it/s]
val:   8%|â–Š         | 9/113 [00:02<00:29,  3.58it/s]
val:   9%|â–‰         | 10/113 [00:02<00:28,  3.61it/s]
                                                     
Epoch 002/015 | loss=2.5373 acc=0.1646 macro_f1=0.1539 | val_loss=2.5331 val_acc=0.1406 val_macro_f1=0.0410 | ckpt_monitor=val_macro_f1:0.0410 best_val_macro_f1=0.0647 best_epoch=1 early_val_macro_f1=0.0647 sec/batch=0.606s
          val pred_count: [0, 0, 0, 7, 313, 0, 0]
          no improvement: 1/12

train 3:   0%|          | 0/919 [00:00<?, ?it/s]/usr/local/lib/python3.12/dist-packages/torch/autograd/function.py:583: UserWarning: Was asked to gather along dimension 0, but all input tensors were scalars; will instead unsqueeze and return a vector.
  return super().apply(*args, **kwargs)  # type: ignore[misc]

train 3:   0%|          | 0/919 [00:00<?, ?it/s, loss=2.5577]
train 3:   0%|          | 1/919 [00:00<14:27,  1.06it/s, loss=2.5577]
train 3:   0%|          | 1/919 [00:01<14:27,  1.06it/s, loss=2.5760]
train 3:   0%|          | 2/919 [00:01<11:18,  1.35it/s, loss=2.5760]
train 3:   0%|          | 2/919 [00:02<11:18,  1.35it/s, loss=2.5475]
train 3:   0%|          | 3/919 [00:02<10:18,  1.48it/s, loss=2.5475]
train 3:   0%|          | 3/919 [00:02<10:18,  1.48it/s, loss=2.5096]
train 3:   0%|          | 4/919 [00:02<09:50,  1.55it/s, loss=2.5096]
train 3:   0%|          | 4/919 [00:03<09:50,  1.55it/s, loss=2.5354]
train 3:   1%|          | 5/919 [00:03<09:35,  1.59it/s, loss=2.5354]
train 3:   1%|          | 5/919 [00:03<09:35,  1.59it/s, loss=2.5579]
train 3:   1%|          | 6/919 [00:03<09:25,  1.62it/s, loss=2.5579]
train 3:   1%|          | 6/919 [00:04<09:25,  1.62it/s, loss=2.5242]
train 3:   1%|          | 7/919 [00:04<09:19,  1.63it/s, loss=2.5242]
train 3:   1%|          | 7/919 [00:05<09:19,  1.63it/s, loss=2.5280]
train 3:   1%|          | 8/919 [00:05<09:15,  1.64it/s, loss=2.5280]
train 3:   1%|          | 8/919 [00:05<09:15,  1.64it/s, loss=2.5357]
train 3:   1%|          | 9/919 [00:05<09:13,  1.64it/s, loss=2.5357]
train 3:   1%|          | 9/919 [00:06<09:13,  1.64it/s, loss=2.5661]
train 3:   1%|          | 10/919 [00:06<09:12,  1.65it/s, loss=2.5661]
train 3:   1%|          | 10/919 [00:06<09:12,  1.65it/s, loss=2.5195]
train 3:   1%|          | 11/919 [00:06<09:11,  1.65it/s, loss=2.5195]
train 3:   1%|          | 11/919 [00:07<09:11,  1.65it/s, loss=2.5540]
train 3:   1%|â–         | 12/919 [00:07<09:10,  1.65it/s, loss=2.5540]
train 3:   1%|â–         | 12/919 [00:08<09:10,  1.65it/s, loss=2.5652]
train 3:   1%|â–         | 13/919 [00:08<09:11,  1.64it/s, loss=2.5652]
train 3:   1%|â–         | 13/919 [00:08<09:11,  1.64it/s, loss=2.5540]
train 3:   2%|â–         | 14/919 [00:08<09:12,  1.64it/s, loss=2.5540]
train 3:   2%|â–         | 14/919 [00:09<09:12,  1.64it/s, loss=2.5304]
train 3:   2%|â–         | 15/919 [00:09<09:11,  1.64it/s, loss=2.5304]
train 3:   2%|â–         | 15/919 [00:09<09:11,  1.64it/s, loss=2.5703]
train 3:   2%|â–         | 16/919 [00:09<08:10,  1.84it/s, loss=2.5703]
train 3:   2%|â–         | 16/919 [00:10<08:10,  1.84it/s, loss=2.5769]
train 3:   2%|â–         | 17/919 [00:10<08:29,  1.77it/s, loss=2.5769]
train 3:   2%|â–         | 17/919 [00:11<08:29,  1.77it/s, loss=2.5353]
train 3:   2%|â–         | 18/919 [00:11<08:41,  1.73it/s, loss=2.5353]
train 3:   2%|â–         | 18/919 [00:11<08:41,  1.73it/s, loss=2.5403]
train 3:   2%|â–         | 19/919 [00:11<08:51,  1.69it/s, loss=2.5403]
train 3:   2%|â–         | 19/919 [00:12<08:51,  1.69it/s, loss=2.5486]
train 3:   2%|â–         | 20/919 [00:12<08:57,  1.67it/s, loss=2.5486]
train 3:   2%|â–         | 20/919 [00:12<08:57,  1.67it/s, loss=2.5651]
train 3:   2%|â–         | 21/919 [00:12<08:59,  1.66it/s, loss=2.5651]
train 3:   2%|â–         | 21/919 [00:13<08:59,  1.66it/s, loss=2.5658]
train 3:   2%|â–         | 22/919 [00:13<09:01,  1.66it/s, loss=2.5658]
train 3:   2%|â–         | 22/919 [00:14<09:01,  1.66it/s, loss=2.4962]
train 3:   3%|â–Ž         | 23/919 [00:14<09:02,  1.65it/s, loss=2.4962]
train 3:   3%|â–Ž         | 23/919 [00:14<09:02,  1.65it/s, loss=2.5539]
train 3:   3%|â–Ž         | 24/919 [00:14<09:02,  1.65it/s, loss=2.5539]
train 3:   3%|â–Ž         | 24/919 [00:15<09:02,  1.65it/s, loss=2.5368]
train 3:   3%|â–Ž         | 25/919 [00:15<09:03,  1.65it/s, loss=2.5368]
train 3:   3%|â–Ž         | 25/919 [00:15<09:03,  1.65it/s, loss=2.5659]
train 3:   3%|â–Ž         | 26/919 [00:15<09:07,  1.63it/s, loss=2.5659]
train 3:   3%|â–Ž         | 26/919 [00:16<09:07,  1.63it/s, loss=2.5493]
train 3:   3%|â–Ž         | 27/919 [00:16<09:08,  1.63it/s, loss=2.5493]
train 3:   3%|â–Ž         | 27/919 [00:17<09:08,  1.63it/s, loss=2.5791]
train 3:   3%|â–Ž         | 28/919 [00:17<09:08,  1.62it/s, loss=2.5791]
train 3:   3%|â–Ž         | 28/919 [00:17<09:08,  1.62it/s, loss=2.5503]
train 3:   3%|â–Ž         | 29/919 [00:17<09:07,  1.62it/s, loss=2.5503]
train 3:   3%|â–Ž         | 29/919 [00:18<09:07,  1.62it/s, loss=2.5691]
train 3:   3%|â–Ž         | 30/919 [00:18<09:09,  1.62it/s, loss=2.5691]
                                                                      
[PROFILE batch=0]
  data_time      =0.3431s
  to_device_time =0.0024s
  forward_time   =0.2914s
  loss_time      =0.0013s
  backward_time  =0.2976s
  optimizer_time =0.0051s
  batch_time     =0.5994s
  cuda_allocated_gb    =0.125
  cuda_reserved_gb     =9.008
  cuda_max_allocated_gb=7.792
[PROFILE batch=1]
  data_time      =0.0005s
  to_device_time =0.0021s
  forward_time   =0.2837s
  loss_time      =0.0019s
  backward_time  =0.2993s
  optimizer_time =0.0056s
  batch_time     =0.5930s
  cuda_allocated_gb    =0.125
  cuda_reserved_gb     =9.008
  cuda_max_allocated_gb=7.792
[PROFILE batch=2]
  data_time      =0.0005s
  to_device_time =0.0021s
  forward_time   =0.2880s
  loss_time      =0.0020s
  backward_time  =0.2982s
  optimizer_time =0.0056s
  batch_time     =0.5963s
  cuda_allocated_gb    =0.125
  cuda_reserved_gb     =9.008
  cuda_max_allocated_gb=7.792
[PROFILE batch=3]
  data_time      =0.0005s
  to_device_time =0.0021s
  forward_time   =0.2857s
  loss_time      =0.0019s
  backward_time  =0.2998s
  optimizer_time =0.0059s
  batch_time     =0.5958s
  cuda_allocated_gb    =0.125
  cuda_reserved_gb     =9.008
  cuda_max_allocated_gb=7.792
[PROFILE batch=4]
  data_time      =0.0005s
  to_device_time =0.0021s
  forward_time   =0.2884s
  loss_time      =0.0020s
  backward_time  =0.2990s
  optimizer_time =0.0067s
  batch_time     =0.5987s
  cuda_allocated_gb    =0.125
  cuda_reserved_gb     =9.008
  cuda_max_allocated_gb=7.792
[PROFILE batch=5]
  data_time      =0.0005s
  to_device_time =0.0022s
  forward_time   =0.2866s
  loss_time      =0.0020s
  backward_time  =0.2993s
  optimizer_time =0.0055s
  batch_time     =0.5959s
  cuda_allocated_gb    =0.125
  cuda_reserved_gb     =9.008
  cuda_max_allocated_gb=7.792
[PROFILE batch=6]
  data_time      =0.0005s
  to_device_time =0.0021s
  forward_time   =0.2858s
  loss_time      =0.0020s
  backward_time  =0.3028s
  optimizer_time =0.0056s
  batch_time     =0.5988s
  cuda_allocated_gb    =0.125
  cuda_reserved_gb     =9.008
  cuda_max_allocated_gb=7.792
[PROFILE batch=7]
  data_time      =0.0005s
  to_device_time =0.0022s
  forward_time   =0.2874s
  loss_time      =0.0020s
  backward_time  =0.3012s
  optimizer_time =0.0058s
  batch_time     =0.5989s
  cuda_allocated_gb    =0.125
  cuda_reserved_gb     =9.008
  cuda_max_allocated_gb=7.792
[PROFILE batch=8]
  data_time      =0.0007s
  to_device_time =0.0021s
  forward_time   =0.2881s
  loss_time      =0.0020s
  backward_time  =0.3031s
  optimizer_time =0.0065s
  batch_time     =0.6022s
  cuda_allocated_gb    =0.125
  cuda_reserved_gb     =9.008
  cuda_max_allocated_gb=7.792
[PROFILE batch=9]
  data_time      =0.0005s
  to_device_time =0.0021s
  forward_time   =0.2871s
  loss_time      =0.0020s
  backward_time  =0.3040s
  optimizer_time =0.0060s
  batch_time     =0.6017s
  cuda_allocated_gb    =0.125
  cuda_reserved_gb     =9.008
  cuda_max_allocated_gb=7.792
[PROFILE batch=10]
  data_time      =0.0004s
  to_device_time =0.0022s
  forward_time   =0.2889s
  loss_time      =0.0021s
  backward_time  =0.3046s
  optimizer_time =0.0055s
  batch_time     =0.6038s
  cuda_allocated_gb    =0.125
  cuda_reserved_gb     =9.008
  cuda_max_allocated_gb=7.792
[PROFILE batch=11]
  data_time      =0.0005s
  to_device_time =0.0021s
  forward_time   =0.2841s
  loss_time      =0.0020s
  backward_time  =0.3103s
  optimizer_time =0.0055s
  batch_time     =0.6044s
  cuda_allocated_gb    =0.125
  cuda_reserved_gb     =9.008
  cuda_max_allocated_gb=7.792
[PROFILE batch=12]
  data_time      =0.0005s
  to_device_time =0.0021s
  forward_time   =0.2851s
  loss_time      =0.0020s
  backward_time  =0.3114s
  optimizer_time =0.0067s
  batch_time     =0.6078s
  cuda_allocated_gb    =0.125
  cuda_reserved_gb     =9.008
  cuda_max_allocated_gb=7.792
[PROFILE batch=13]
  data_time      =0.0006s
  to_device_time =0.0022s
  forward_time   =0.2966s
  loss_time      =0.0020s
  backward_time  =0.3053s
  optimizer_time =0.0055s
  batch_time     =0.6122s
  cuda_allocated_gb    =0.125
  cuda_reserved_gb     =9.008
  cuda_max_allocated_gb=7.792
[PROFILE batch=14]
  data_time      =0.0004s
  to_device_time =0.0022s
  forward_time   =0.2896s
  loss_time      =0.0020s
  backward_time  =0.3056s
  optimizer_time =0.0060s
  batch_time     =0.6059s
  cuda_allocated_gb    =0.125
  cuda_reserved_gb     =9.008
  cuda_max_allocated_gb=7.792
[PROFILE batch=15]
  data_time      =0.0005s
  to_device_time =0.0014s
  forward_time   =0.1860s
  loss_time      =0.0021s
  backward_time  =0.1874s
  optimizer_time =0.0055s
  batch_time     =0.3828s
  cuda_allocated_gb    =0.094
  cuda_reserved_gb     =9.008
  cuda_max_allocated_gb=7.792
[PROFILE batch=16]
  data_time      =0.0004s
  to_device_time =0.0022s
  forward_time   =0.2904s
  loss_time      =0.0021s
  backward_time  =0.3122s
  optimizer_time =0.0056s
  batch_time     =0.6128s
  cuda_allocated_gb    =0.125
  cuda_reserved_gb     =9.008
  cuda_max_allocated_gb=7.792
[PROFILE batch=17]
  data_time      =0.0005s
  to_device_time =0.0021s
  forward_time   =0.2894s
  loss_time      =0.0020s
  backward_time  =0.3079s
  optimizer_time =0.0061s
  batch_time     =0.6080s
  cuda_allocated_gb    =0.125
  cuda_reserved_gb     =9.008
  cuda_max_allocated_gb=7.792
[PROFILE batch=18]
  data_time      =0.0005s
  to_device_time =0.0021s
  forward_time   =0.2957s
  loss_time      =0.0020s
  backward_time  =0.3083s
  optimizer_time =0.0056s
  batch_time     =0.6144s
  cuda_allocated_gb    =0.125
  cuda_reserved_gb     =9.008
  cuda_max_allocated_gb=7.792
[PROFILE batch=19]
  data_time      =0.0005s
  to_device_time =0.0021s
  forward_time   =0.2910s
  loss_time      =0.0021s
  backward_time  =0.3113s
  optimizer_time =0.0056s
  batch_time     =0.6125s
  cuda_allocated_gb    =0.125
  cuda_reserved_gb     =9.008
  cuda_max_allocated_gb=7.792

[PROFILE average first 20 batches (recorded=20)]
  avg_data_time      =0.0176s
  avg_to_device_time =0.0021s
  avg_forward_time   =0.2834s
  avg_loss_time      =0.0020s
  avg_backward_time  =0.2984s
  avg_optimizer_time =0.0058s
  avg_batch_time     =0.5923s
  estimated_full_epoch_minutes=9.07

val:   0%|          | 0/113 [00:00<?, ?it/s]/usr/local/lib/python3.12/dist-packages/torch/autograd/function.py:583: UserWarning: Was asked to gather along dimension 0, but all input tensors were scalars; will instead unsqueeze and return a vector.
  return super().apply(*args, **kwargs)  # type: ignore[misc]

val:   1%|          | 1/113 [00:00<00:54,  2.04it/s]
val:   2%|â–         | 2/113 [00:00<00:41,  2.69it/s]
val:   3%|â–Ž         | 3/113 [00:01<00:36,  2.99it/s]
val:   4%|â–Ž         | 4/113 [00:01<00:34,  3.18it/s]
val:   4%|â–         | 5/113 [00:01<00:32,  3.31it/s]
val:   5%|â–Œ         | 6/113 [00:01<00:31,  3.35it/s]
val:   6%|â–Œ         | 7/113 [00:02<00:31,  3.38it/s]
val:   7%|â–‹         | 8/113 [00:02<00:30,  3.42it/s]
val:   8%|â–Š         | 9/113 [00:02<00:30,  3.44it/s]
val:   9%|â–‰         | 10/113 [00:03<00:29,  3.47it/s]
                                                     
Epoch 003/015 | loss=2.5488 acc=0.1445 macro_f1=0.1320 | val_loss=2.5331 val_acc=0.2437 val_macro_f1=0.0560 | ckpt_monitor=val_macro_f1:0.0560 best_val_macro_f1=0.0647 best_epoch=1 early_val_macro_f1=0.0647 sec/batch=0.613s
          val pred_count: [0, 0, 0, 320, 0, 0, 0]
          no improvement: 2/12

train 4:   0%|          | 0/919 [00:00<?, ?it/s]/usr/local/lib/python3.12/dist-packages/torch/autograd/function.py:583: UserWarning: Was asked to gather along dimension 0, but all input tensors were scalars; will instead unsqueeze and return a vector.
  return super().apply(*args, **kwargs)  # type: ignore[misc]

train 4:   0%|          | 0/919 [00:00<?, ?it/s, loss=2.5232]
train 4:   0%|          | 1/919 [00:00<12:36,  1.21it/s, loss=2.5232]
train 4:   0%|          | 1/919 [00:01<12:36,  1.21it/s, loss=2.5478]
train 4:   0%|          | 2/919 [00:01<10:46,  1.42it/s, loss=2.5478]
train 4:   0%|          | 2/919 [00:02<10:46,  1.42it/s, loss=2.5558]
train 4:   0%|          | 3/919 [00:02<10:23,  1.47it/s, loss=2.5558]
train 4:   0%|          | 3/919 [00:02<10:23,  1.47it/s, loss=2.5337]
train 4:   0%|          | 4/919 [00:02<10:04,  1.51it/s, loss=2.5337]
train 4:   0%|          | 4/919 [00:03<10:04,  1.51it/s, loss=2.5344]
train 4:   1%|          | 5/919 [00:03<09:52,  1.54it/s, loss=2.5344]
train 4:   1%|          | 5/919 [00:03<09:52,  1.54it/s, loss=2.5711]
train 4:   1%|          | 6/919 [00:03<09:46,  1.56it/s, loss=2.5711]
train 4:   1%|          | 6/919 [00:04<09:46,  1.56it/s, loss=2.5062]
train 4:   1%|          | 7/919 [00:04<09:41,  1.57it/s, loss=2.5062]
train 4:   1%|          | 7/919 [00:05<09:41,  1.57it/s, loss=2.4979]
train 4:   1%|          | 8/919 [00:05<09:39,  1.57it/s, loss=2.4979]
train 4:   1%|          | 8/919 [00:05<09:39,  1.57it/s, loss=2.5442]
train 4:   1%|          | 9/919 [00:05<09:38,  1.57it/s, loss=2.5442]
train 4:   1%|          | 9/919 [00:06<09:38,  1.57it/s, loss=2.5328]
train 4:   1%|          | 10/919 [00:06<09:37,  1.57it/s, loss=2.5328]
train 4:   1%|          | 10/919 [00:07<09:37,  1.57it/s, loss=2.5429]
train 4:   1%|          | 11/919 [00:07<09:39,  1.57it/s, loss=2.5429]
train 4:   1%|          | 11/919 [00:07<09:39,  1.57it/s, loss=2.5263]
train 4:   1%|â–         | 12/919 [00:07<09:39,  1.57it/s, loss=2.5263]
train 4:   1%|â–         | 12/919 [00:08<09:39,  1.57it/s, loss=2.5236]
train 4:   1%|â–         | 13/919 [00:08<09:38,  1.57it/s, loss=2.5236]
train 4:   1%|â–         | 13/919 [00:09<09:38,  1.57it/s, loss=2.5318]
train 4:   2%|â–         | 14/919 [00:09<09:37,  1.57it/s, loss=2.5318]
train 4:   2%|â–         | 14/919 [00:09<09:37,  1.57it/s, loss=2.5517]
train 4:   2%|â–         | 15/919 [00:09<09:38,  1.56it/s, loss=2.5517]
train 4:   2%|â–         | 15/919 [00:10<09:38,  1.56it/s, loss=2.5288]
train 4:   2%|â–         | 16/919 [00:10<08:34,  1.76it/s, loss=2.5288]
train 4:   2%|â–         | 16/919 [00:10<08:34,  1.76it/s, loss=2.5591]
train 4:   2%|â–         | 17/919 [00:10<08:52,  1.69it/s, loss=2.5591]
train 4:   2%|â–         | 17/919 [00:11<08:52,  1.69it/s, loss=2.5027]
train 4:   2%|â–         | 18/919 [00:11<09:07,  1.65it/s, loss=2.5027]
train 4:   2%|â–         | 18/919 [00:12<09:07,  1.65it/s, loss=2.5532]
train 4:   2%|â–         | 19/919 [00:12<09:17,  1.62it/s, loss=2.5532]
train 4:   2%|â–         | 19/919 [00:12<09:17,  1.62it/s, loss=2.5265]
train 4:   2%|â–         | 20/919 [00:12<09:24,  1.59it/s, loss=2.5265]
train 4:   2%|â–         | 20/919 [00:13<09:24,  1.59it/s, loss=2.5317]
train 4:   2%|â–         | 21/919 [00:13<09:28,  1.58it/s, loss=2.5317]
train 4:   2%|â–         | 21/919 [00:13<09:28,  1.58it/s, loss=2.5522]
train 4:   2%|â–         | 22/919 [00:13<09:32,  1.57it/s, loss=2.5522]
train 4:   2%|â–         | 22/919 [00:14<09:32,  1.57it/s, loss=2.5350]
train 4:   3%|â–Ž         | 23/919 [00:14<09:34,  1.56it/s, loss=2.5350]
train 4:   3%|â–Ž         | 23/919 [00:15<09:34,  1.56it/s, loss=2.5231]
train 4:   3%|â–Ž         | 24/919 [00:15<09:36,  1.55it/s, loss=2.5231]
train 4:   3%|â–Ž         | 24/919 [00:15<09:36,  1.55it/s, loss=2.5062]
train 4:   3%|â–Ž         | 25/919 [00:15<09:37,  1.55it/s, loss=2.5062]
train 4:   3%|â–Ž         | 25/919 [00:16<09:37,  1.55it/s, loss=2.5543]
train 4:   3%|â–Ž         | 26/919 [00:16<09:39,  1.54it/s, loss=2.5543]
train 4:   3%|â–Ž         | 26/919 [00:17<09:39,  1.54it/s, loss=2.5928]
train 4:   3%|â–Ž         | 27/919 [00:17<09:38,  1.54it/s, loss=2.5928]
train 4:   3%|â–Ž         | 27/919 [00:17<09:38,  1.54it/s, loss=2.5747]
train 4:   3%|â–Ž         | 28/919 [00:17<09:39,  1.54it/s, loss=2.5747]
train 4:   3%|â–Ž         | 28/919 [00:18<09:39,  1.54it/s, loss=2.5601]
train 4:   3%|â–Ž         | 29/919 [00:18<09:42,  1.53it/s, loss=2.5601]
train 4:   3%|â–Ž         | 29/919 [00:19<09:42,  1.53it/s, loss=2.5555]
train 4:   3%|â–Ž         | 30/919 [00:19<09:42,  1.53it/s, loss=2.5555]
                                                                      
[PROFILE batch=0]
  data_time      =0.1900s
  to_device_time =0.0023s
  forward_time   =0.3049s
  loss_time      =0.0012s
  backward_time  =0.3164s
  optimizer_time =0.0055s
  batch_time     =0.6314s
  cuda_allocated_gb    =0.125
  cuda_reserved_gb     =9.008
  cuda_max_allocated_gb=7.792
[PROFILE batch=1]
  data_time      =0.0005s
  to_device_time =0.0022s
  forward_time   =0.2954s
  loss_time      =0.0018s
  backward_time  =0.3130s
  optimizer_time =0.0060s
  batch_time     =0.6189s
  cuda_allocated_gb    =0.125
  cuda_reserved_gb     =9.008
  cuda_max_allocated_gb=7.792
[PROFILE batch=2]
  data_time      =0.0006s
  to_device_time =0.0021s
  forward_time   =0.3166s
  loss_time      =0.0020s
  backward_time  =0.3204s
  optimizer_time =0.0056s
  batch_time     =0.6473s
  cuda_allocated_gb    =0.125
  cuda_reserved_gb     =9.008
  cuda_max_allocated_gb=7.792
[PROFILE batch=3]
  data_time      =0.0005s
  to_device_time =0.0022s
  forward_time   =0.2993s
  loss_time      =0.0021s
  backward_time  =0.3170s
  optimizer_time =0.0057s
  batch_time     =0.6267s
  cuda_allocated_gb    =0.125
  cuda_reserved_gb     =9.008
  cuda_max_allocated_gb=7.792
[PROFILE batch=4]
  data_time      =0.0006s
  to_device_time =0.0021s
  forward_time   =0.2965s
  loss_time      =0.0020s
  backward_time  =0.3184s
  optimizer_time =0.0054s
  batch_time     =0.6249s
  cuda_allocated_gb    =0.125
  cuda_reserved_gb     =9.008
  cuda_max_allocated_gb=7.792
[PROFILE batch=5]
  data_time      =0.0005s
  to_device_time =0.0022s
  forward_time   =0.2991s
  loss_time      =0.0020s
  backward_time  =0.3168s
  optimizer_time =0.0055s
  batch_time     =0.6261s
  cuda_allocated_gb    =0.125
  cuda_reserved_gb     =9.008
  cuda_max_allocated_gb=7.792
[PROFILE batch=6]
  data_time      =0.0005s
  to_device_time =0.0022s
  forward_time   =0.2968s
  loss_time      =0.0020s
  backward_time  =0.3176s
  optimizer_time =0.0054s
  batch_time     =0.6245s
  cuda_allocated_gb    =0.125
  cuda_reserved_gb     =9.008
  cuda_max_allocated_gb=7.792
[PROFILE batch=7]
  data_time      =0.0005s
  to_device_time =0.0022s
  forward_time   =0.2983s
  loss_time      =0.0021s
  backward_time  =0.3176s
  optimizer_time =0.0082s
  batch_time     =0.6290s
  cuda_allocated_gb    =0.125
  cuda_reserved_gb     =9.008
  cuda_max_allocated_gb=7.792
[PROFILE batch=8]
  data_time      =0.0007s
  to_device_time =0.0022s
  forward_time   =0.2989s
  loss_time      =0.0020s
  backward_time  =0.3231s
  optimizer_time =0.0058s
  batch_time     =0.6325s
  cuda_allocated_gb    =0.125
  cuda_reserved_gb     =9.008
  cuda_max_allocated_gb=7.792
[PROFILE batch=9]
  data_time      =0.0005s
  to_device_time =0.0021s
  forward_time   =0.2942s
  loss_time      =0.0020s
  backward_time  =0.3263s
  optimizer_time =0.0061s
  batch_time     =0.6313s
  cuda_allocated_gb    =0.125
  cuda_reserved_gb     =9.008
  cuda_max_allocated_gb=7.792
[PROFILE batch=10]
  data_time      =0.0006s
  to_device_time =0.0022s
  forward_time   =0.3070s
  loss_time      =0.0022s
  backward_time  =0.3235s
  optimizer_time =0.0056s
  batch_time     =0.6412s
  cuda_allocated_gb    =0.125
  cuda_reserved_gb     =9.008
  cuda_max_allocated_gb=7.792
[PROFILE batch=11]
  data_time      =0.0006s
  to_device_time =0.0022s
  forward_time   =0.3019s
  loss_time      =0.0020s
  backward_time  =0.3240s
  optimizer_time =0.0060s
  batch_time     =0.6367s
  cuda_allocated_gb    =0.125
  cuda_reserved_gb     =9.008
  cuda_max_allocated_gb=7.792
[PROFILE batch=12]
  data_time      =0.0006s
  to_device_time =0.0021s
  forward_time   =0.2993s
  loss_time      =0.0021s
  backward_time  =0.3259s
  optimizer_time =0.0055s
  batch_time     =0.6353s
  cuda_allocated_gb    =0.125
  cuda_reserved_gb     =9.008
  cuda_max_allocated_gb=7.792
[PROFILE batch=13]
  data_time      =0.0005s
  to_device_time =0.0021s
  forward_time   =0.2967s
  loss_time      =0.0022s
  backward_time  =0.3281s
  optimizer_time =0.0058s
  batch_time     =0.6353s
  cuda_allocated_gb    =0.125
  cuda_reserved_gb     =9.008
  cuda_max_allocated_gb=7.792
[PROFILE batch=14]
  data_time      =0.0004s
  to_device_time =0.0022s
  forward_time   =0.2967s
  loss_time      =0.0020s
  backward_time  =0.3317s
  optimizer_time =0.0057s
  batch_time     =0.6386s
  cuda_allocated_gb    =0.125
  cuda_reserved_gb     =9.008
  cuda_max_allocated_gb=7.792
[PROFILE batch=15]
  data_time      =0.0006s
  to_device_time =0.0014s
  forward_time   =0.1918s
  loss_time      =0.0022s
  backward_time  =0.2022s
  optimizer_time =0.0057s
  batch_time     =0.4037s
  cuda_allocated_gb    =0.094
  cuda_reserved_gb     =9.008
  cuda_max_allocated_gb=7.792
[PROFILE batch=16]
  data_time      =0.0005s
  to_device_time =0.0021s
  forward_time   =0.2989s
  loss_time      =0.0020s
  backward_time  =0.3280s
  optimizer_time =0.0058s
  batch_time     =0.6373s
  cuda_allocated_gb    =0.125
  cuda_reserved_gb     =9.008
  cuda_max_allocated_gb=7.792
[PROFILE batch=17]
  data_time      =0.0005s
  to_device_time =0.0022s
  forward_time   =0.3018s
  loss_time      =0.0020s
  backward_time  =0.3316s
  optimizer_time =0.0058s
  batch_time     =0.6439s
  cuda_allocated_gb    =0.125
  cuda_reserved_gb     =9.008
  cuda_max_allocated_gb=7.792
[PROFILE batch=18]
  data_time      =0.0005s
  to_device_time =0.0022s
  forward_time   =0.3034s
  loss_time      =0.0022s
  backward_time  =0.3291s
  optimizer_time =0.0055s
  batch_time     =0.6429s
  cuda_allocated_gb    =0.125
  cuda_reserved_gb     =9.008
  cuda_max_allocated_gb=7.792
[PROFILE batch=19]
  data_time      =0.0005s
  to_device_time =0.0022s
  forward_time   =0.3025s
  loss_time      =0.0020s
  backward_time  =0.3316s
  optimizer_time =0.0057s
  batch_time     =0.6444s
  cuda_allocated_gb    =0.125
  cuda_reserved_gb     =9.008
  cuda_max_allocated_gb=7.792

[PROFILE average first 20 batches (recorded=20)]
  avg_data_time      =0.0100s
  avg_to_device_time =0.0021s
  avg_forward_time   =0.2950s
  avg_loss_time      =0.0020s
  avg_backward_time  =0.3171s
  avg_optimizer_time =0.0058s
  avg_batch_time     =0.6226s
  estimated_full_epoch_minutes=9.54

val:   0%|          | 0/113 [00:00<?, ?it/s]/usr/local/lib/python3.12/dist-packages/torch/autograd/function.py:583: UserWarning: Was asked to gather along dimension 0, but all input tensors were scalars; will instead unsqueeze and return a vector.
  return super().apply(*args, **kwargs)  # type: ignore[misc]

val:   1%|          | 1/113 [00:00<00:56,  1.99it/s]
val:   2%|â–         | 2/113 [00:00<00:42,  2.61it/s]
val:   3%|â–Ž         | 3/113 [00:01<00:37,  2.94it/s]
val:   4%|â–Ž         | 4/113 [00:01<00:35,  3.11it/s]
val:   4%|â–         | 5/113 [00:01<00:33,  3.22it/s]
val:   5%|â–Œ         | 6/113 [00:01<00:32,  3.30it/s]
val:   6%|â–Œ         | 7/113 [00:02<00:31,  3.34it/s]
val:   7%|â–‹         | 8/113 [00:02<00:31,  3.33it/s]
val:   8%|â–Š         | 9/113 [00:02<00:31,  3.34it/s]
val:   9%|â–‰         | 10/113 [00:03<00:30,  3.35it/s]
                                                     
Epoch 004/015 | loss=2.5393 acc=0.1540 macro_f1=0.1451 | val_loss=2.5331 val_acc=0.2437 val_macro_f1=0.0560 | ckpt_monitor=val_macro_f1:0.0560 best_val_macro_f1=0.0647 best_epoch=1 early_val_macro_f1=0.0647 sec/batch=0.641s
          val pred_count: [0, 0, 0, 320, 0, 0, 0]
          no improvement: 3/12

train 5:   0%|          | 0/919 [00:00<?, ?it/s]/usr/local/lib/python3.12/dist-packages/torch/autograd/function.py:583: UserWarning: Was asked to gather along dimension 0, but all input tensors were scalars; will instead unsqueeze and return a vector.
  return super().apply(*args, **kwargs)  # type: ignore[misc]

train 5:   0%|          | 0/919 [00:01<?, ?it/s, loss=2.5564]
train 5:   0%|          | 1/919 [00:01<15:27,  1.01s/it, loss=2.5564]
train 5:   0%|          | 1/919 [00:01<15:27,  1.01s/it, loss=2.5532]
train 5:   0%|          | 2/919 [00:01<12:24,  1.23it/s, loss=2.5532]
train 5:   0%|          | 2/919 [00:02<12:24,  1.23it/s, loss=2.5576]
train 5:   0%|          | 3/919 [00:02<11:24,  1.34it/s, loss=2.5576]
train 5:   0%|          | 3/919 [00:03<11:24,  1.34it/s, loss=2.5344]
train 5:   0%|          | 4/919 [00:03<10:57,  1.39it/s, loss=2.5344]
train 5:   0%|          | 4/919 [00:03<10:57,  1.39it/s, loss=2.5606]
train 5:   1%|          | 5/919 [00:03<10:45,  1.42it/s, loss=2.5606]
train 5:   1%|          | 5/919 [00:04<10:45,  1.42it/s, loss=2.5326]
train 5:   1%|          | 6/919 [00:04<10:38,  1.43it/s, loss=2.5326]
train 5:   1%|          | 6/919 [00:05<10:38,  1.43it/s, loss=2.5256]
train 5:   1%|          | 7/919 [00:05<10:33,  1.44it/s, loss=2.5256]
train 5:   1%|          | 7/919 [00:05<10:33,  1.44it/s, loss=2.5456]
train 5:   1%|          | 8/919 [00:05<10:28,  1.45it/s, loss=2.5456]
train 5:   1%|          | 8/919 [00:06<10:28,  1.45it/s, loss=2.5465]
train 5:   1%|          | 9/919 [00:06<10:25,  1.45it/s, loss=2.5465]
train 5:   1%|          | 9/919 [00:07<10:25,  1.45it/s, loss=2.5424]
train 5:   1%|          | 10/919 [00:07<10:24,  1.45it/s, loss=2.5424]
train 5:   1%|          | 10/919 [00:07<10:24,  1.45it/s, loss=2.5489]
train 5:   1%|          | 11/919 [00:07<10:23,  1.46it/s, loss=2.5489]
train 5:   1%|          | 11/919 [00:08<10:23,  1.46it/s, loss=2.5305]
train 5:   1%|â–         | 12/919 [00:08<10:23,  1.45it/s, loss=2.5305]
train 5:   1%|â–         | 12/919 [00:09<10:23,  1.45it/s, loss=2.5241]
train 5:   1%|â–         | 13/919 [00:09<10:24,  1.45it/s, loss=2.5241]
train 5:   1%|â–         | 13/919 [00:09<10:24,  1.45it/s, loss=2.5139]
train 5:   2%|â–         | 14/919 [00:09<10:25,  1.45it/s, loss=2.5139]
train 5:   2%|â–         | 14/919 [00:10<10:25,  1.45it/s, loss=2.5296]
train 5:   2%|â–         | 15/919 [00:10<10:25,  1.45it/s, loss=2.5296]
train 5:   2%|â–         | 15/919 [00:11<10:25,  1.45it/s, loss=2.5402]
train 5:   2%|â–         | 16/919 [00:11<09:15,  1.63it/s, loss=2.5402]
train 5:   2%|â–         | 16/919 [00:11<09:15,  1.63it/s, loss=2.5476]
train 5:   2%|â–         | 17/919 [00:11<09:37,  1.56it/s, loss=2.5476]
train 5:   2%|â–         | 17/919 [00:12<09:37,  1.56it/s, loss=2.5188]
train 5:   2%|â–         | 18/919 [00:12<10:27,  1.43it/s, loss=2.5188]
train 5:   2%|â–         | 18/919 [00:13<10:27,  1.43it/s, loss=2.5508]
train 5:   2%|â–         | 19/919 [00:13<10:27,  1.43it/s, loss=2.5508]
train 5:   2%|â–         | 19/919 [00:13<10:27,  1.43it/s, loss=2.5415]
train 5:   2%|â–         | 20/919 [00:13<10:27,  1.43it/s, loss=2.5415]
train 5:   2%|â–         | 20/919 [00:14<10:27,  1.43it/s, loss=2.5477]
train 5:   2%|â–         | 21/919 [00:14<10:26,  1.43it/s, loss=2.5477]
train 5:   2%|â–         | 21/919 [00:15<10:26,  1.43it/s, loss=2.5230]
train 5:   2%|â–         | 22/919 [00:15<10:25,  1.43it/s, loss=2.5230]
train 5:   2%|â–         | 22/919 [00:16<10:25,  1.43it/s, loss=2.5699]
train 5:   3%|â–Ž         | 23/919 [00:16<10:25,  1.43it/s, loss=2.5699]
train 5:   3%|â–Ž         | 23/919 [00:16<10:25,  1.43it/s, loss=2.5591]
train 5:   3%|â–Ž         | 24/919 [00:16<10:24,  1.43it/s, loss=2.5591]
train 5:   3%|â–Ž         | 24/919 [00:17<10:24,  1.43it/s, loss=2.5377]
train 5:   3%|â–Ž         | 25/919 [00:17<10:25,  1.43it/s, loss=2.5377]
train 5:   3%|â–Ž         | 25/919 [00:18<10:25,  1.43it/s, loss=2.5647]
train 5:   3%|â–Ž         | 26/919 [00:18<10:26,  1.42it/s, loss=2.5647]
train 5:   3%|â–Ž         | 26/919 [00:18<10:26,  1.42it/s, loss=2.5501]
train 5:   3%|â–Ž         | 27/919 [00:18<10:27,  1.42it/s, loss=2.5501]
train 5:   3%|â–Ž         | 27/919 [00:19<10:27,  1.42it/s, loss=2.5269]
train 5:   3%|â–Ž         | 28/919 [00:19<10:26,  1.42it/s, loss=2.5269]
train 5:   3%|â–Ž         | 28/919 [00:20<10:26,  1.42it/s, loss=2.5106]
train 5:   3%|â–Ž         | 29/919 [00:20<10:25,  1.42it/s, loss=2.5106]
train 5:   3%|â–Ž         | 29/919 [00:20<10:25,  1.42it/s, loss=2.5198]
train 5:   3%|â–Ž         | 30/919 [00:20<10:25,  1.42it/s, loss=2.5198]
                                                                      
[PROFILE batch=0]
  data_time      =0.3319s
  to_device_time =0.0023s
  forward_time   =0.3162s
  loss_time      =0.0012s
  backward_time  =0.3491s
  optimizer_time =0.0058s
  batch_time     =0.6758s
  cuda_allocated_gb    =0.125
  cuda_reserved_gb     =9.008
  cuda_max_allocated_gb=7.792
[PROFILE batch=1]
  data_time      =0.0005s
  to_device_time =0.0021s
  forward_time   =0.3028s
  loss_time      =0.0019s
  backward_time  =0.3558s
  optimizer_time =0.0061s
  batch_time     =0.6693s
  cuda_allocated_gb    =0.125
  cuda_reserved_gb     =9.008
  cuda_max_allocated_gb=7.792
[PROFILE batch=2]
  data_time      =0.0005s
  to_device_time =0.0021s
  forward_time   =0.3041s
  loss_time      =0.0020s
  backward_time  =0.3524s
  optimizer_time =0.0060s
  batch_time     =0.6670s
  cuda_allocated_gb    =0.125
  cuda_reserved_gb     =9.008
  cuda_max_allocated_gb=7.792
[PROFILE batch=3]
  data_time      =0.0005s
  to_device_time =0.0021s
  forward_time   =0.3062s
  loss_time      =0.0022s
  backward_time  =0.3544s
  optimizer_time =0.0059s
  batch_time     =0.6713s
  cuda_allocated_gb    =0.125
  cuda_reserved_gb     =9.008
  cuda_max_allocated_gb=7.792
[PROFILE batch=4]
  data_time      =0.0006s
  to_device_time =0.0022s
  forward_time   =0.3074s
  loss_time      =0.0021s
  backward_time  =0.3648s
  optimizer_time =0.0057s
  batch_time     =0.6826s
  cuda_allocated_gb    =0.125
  cuda_reserved_gb     =9.008
  cuda_max_allocated_gb=7.792
[PROFILE batch=5]
  data_time      =0.0005s
  to_device_time =0.0022s
  forward_time   =0.3085s
  loss_time      =0.0022s
  backward_time  =0.3625s
  optimizer_time =0.0065s
  batch_time     =0.6824s
  cuda_allocated_gb    =0.125
  cuda_reserved_gb     =9.008
  cuda_max_allocated_gb=7.792
[PROFILE batch=6]
  data_time      =0.0005s
  to_device_time =0.0022s
  forward_time   =0.3080s
  loss_time      =0.0022s
  backward_time  =0.3631s
  optimizer_time =0.0055s
  batch_time     =0.6816s
  cuda_allocated_gb    =0.125
  cuda_reserved_gb     =9.008
  cuda_max_allocated_gb=7.792
[PROFILE batch=7]
  data_time      =0.0005s
  to_device_time =0.0021s
  forward_time   =0.3070s
  loss_time      =0.0023s
  backward_time  =0.3598s
  optimizer_time =0.0059s
  batch_time     =0.6775s
  cuda_allocated_gb    =0.125
  cuda_reserved_gb     =9.008
  cuda_max_allocated_gb=7.792
[PROFILE batch=8]
  data_time      =0.0008s
  to_device_time =0.0021s
  forward_time   =0.3099s
  loss_time      =0.0020s
  backward_time  =0.3580s
  optimizer_time =0.0058s
  batch_time     =0.6782s
  cuda_allocated_gb    =0.125
  cuda_reserved_gb     =9.008
  cuda_max_allocated_gb=7.792
[PROFILE batch=9]
  data_time      =0.0006s
  to_device_time =0.0022s
  forward_time   =0.3102s
  loss_time      =0.0020s
  backward_time  =0.3638s
  optimizer_time =0.0053s
  batch_time     =0.6841s
  cuda_allocated_gb    =0.125
  cuda_reserved_gb     =9.008
  cuda_max_allocated_gb=7.792
[PROFILE batch=10]
  data_time      =0.0005s
  to_device_time =0.0021s
  forward_time   =0.3061s
  loss_time      =0.0020s
  backward_time  =0.3652s
  optimizer_time =0.0060s
  batch_time     =0.6819s
  cuda_allocated_gb    =0.125
  cuda_reserved_gb     =9.008
  cuda_max_allocated_gb=7.792
[PROFILE batch=11]
  data_time      =0.0006s
  to_device_time =0.0021s
  forward_time   =0.3091s
  loss_time      =0.0021s
  backward_time  =0.3673s
  optimizer_time =0.0059s
  batch_time     =0.6870s
  cuda_allocated_gb    =0.125
  cuda_reserved_gb     =9.008
  cuda_max_allocated_gb=7.792
[PROFILE batch=12]
  data_time      =0.0006s
  to_device_time =0.0021s
  forward_time   =0.3090s
  loss_time      =0.0022s
  backward_time  =0.3689s
  optimizer_time =0.0060s
  batch_time     =0.6886s
  cuda_allocated_gb    =0.125
  cuda_reserved_gb     =9.008
  cuda_max_allocated_gb=7.792
[PROFILE batch=13]
  data_time      =0.0005s
  to_device_time =0.0022s
  forward_time   =0.3141s
  loss_time      =0.0023s
  backward_time  =0.3676s
  optimizer_time =0.0054s
  batch_time     =0.6921s
  cuda_allocated_gb    =0.125
  cuda_reserved_gb     =9.008
  cuda_max_allocated_gb=7.792
[PROFILE batch=14]
  data_time      =0.0005s
  to_device_time =0.0021s
  forward_time   =0.3067s
  loss_time      =0.0022s
  backward_time  =0.3722s
  optimizer_time =0.0060s
  batch_time     =0.6896s
  cuda_allocated_gb    =0.125
  cuda_reserved_gb     =9.008
  cuda_max_allocated_gb=7.792
[PROFILE batch=15]
  data_time      =0.0005s
  to_device_time =0.0014s
  forward_time   =0.1984s
  loss_time      =0.0023s
  backward_time  =0.2253s
  optimizer_time =0.0056s
  batch_time     =0.4335s
  cuda_allocated_gb    =0.094
  cuda_reserved_gb     =9.008
  cuda_max_allocated_gb=7.792
[PROFILE batch=16]
  data_time      =0.0006s
  to_device_time =0.0021s
  forward_time   =0.3113s
  loss_time      =0.0021s
  backward_time  =0.3729s
  optimizer_time =0.0061s
  batch_time     =0.6949s
  cuda_allocated_gb    =0.125
  cuda_reserved_gb     =9.008
  cuda_max_allocated_gb=7.792
[PROFILE batch=17]
  data_time      =0.0005s
  to_device_time =0.0022s
  forward_time   =0.4429s
  loss_time      =0.0021s
  backward_time  =0.3734s
  optimizer_time =0.0058s
  batch_time     =0.8270s
  cuda_allocated_gb    =0.125
  cuda_reserved_gb     =9.008
  cuda_max_allocated_gb=7.792
[PROFILE batch=18]
  data_time      =0.0005s
  to_device_time =0.0021s
  forward_time   =0.3111s
  loss_time      =0.0021s
  backward_time  =0.3735s
  optimizer_time =0.0057s
  batch_time     =0.6949s
  cuda_allocated_gb    =0.125
  cuda_reserved_gb     =9.008
  cuda_max_allocated_gb=7.792
[PROFILE batch=19]
  data_time      =0.0005s
  to_device_time =0.0021s
  forward_time   =0.3136s
  loss_time      =0.0022s
  backward_time  =0.3712s
  optimizer_time =0.0060s
  batch_time     =0.6955s
  cuda_allocated_gb    =0.125
  cuda_reserved_gb     =9.008
  cuda_max_allocated_gb=7.792

[PROFILE average first 20 batches (recorded=20)]
  avg_data_time      =0.0171s
  avg_to_device_time =0.0021s
  avg_forward_time   =0.3101s
  avg_loss_time      =0.0021s
  avg_backward_time  =0.3571s
  avg_optimizer_time =0.0058s
  avg_batch_time     =0.6777s
  estimated_full_epoch_minutes=10.38

val:   0%|          | 0/113 [00:00<?, ?it/s]/usr/local/lib/python3.12/dist-packages/torch/autograd/function.py:583: UserWarning: Was asked to gather along dimension 0, but all input tensors were scalars; will instead unsqueeze and return a vector.
  return super().apply(*args, **kwargs)  # type: ignore[misc]

val:   1%|          | 1/113 [00:00<00:56,  1.99it/s]
val:   2%|â–         | 2/113 [00:00<00:42,  2.60it/s]
val:   3%|â–Ž         | 3/113 [00:01<00:38,  2.89it/s]
val:   4%|â–Ž         | 4/113 [00:01<00:35,  3.07it/s]
val:   4%|â–         | 5/113 [00:01<00:34,  3.17it/s]
val:   5%|â–Œ         | 6/113 [00:01<00:33,  3.22it/s]
val:   6%|â–Œ         | 7/113 [00:02<00:32,  3.24it/s]
val:   7%|â–‹         | 8/113 [00:02<00:32,  3.26it/s]
val:   8%|â–Š         | 9/113 [00:02<00:31,  3.27it/s]
val:   9%|â–‰         | 10/113 [00:03<00:31,  3.29it/s]
                                                     
Epoch 005/015 | loss=2.5403 acc=0.1245 macro_f1=0.1161 | val_loss=2.5331 val_acc=0.2437 val_macro_f1=0.0560 | ckpt_monitor=val_macro_f1:0.0560 best_val_macro_f1=0.0647 best_epoch=1 early_val_macro_f1=0.0647 sec/batch=0.699s
          val pred_count: [0, 0, 0, 320, 0, 0, 0]
          no improvement: 4/12

train 6:   0%|          | 0/919 [00:00<?, ?it/s]/usr/local/lib/python3.12/dist-packages/torch/autograd/function.py:583: UserWarning: Was asked to gather along dimension 0, but all input tensors were scalars; will instead unsqueeze and return a vector.
  return super().apply(*args, **kwargs)  # type: ignore[misc]

train 6:   0%|          | 0/919 [00:01<?, ?it/s, loss=2.5248]
train 6:   0%|          | 1/919 [00:01<15:48,  1.03s/it, loss=2.5248]
train 6:   0%|          | 1/919 [00:01<15:48,  1.03s/it, loss=2.5349]
train 6:   0%|          | 2/919 [00:01<12:44,  1.20it/s, loss=2.5349]
train 6:   0%|          | 2/919 [00:02<12:44,  1.20it/s, loss=2.5032]
train 6:   0%|          | 3/919 [00:02<11:43,  1.30it/s, loss=2.5032]
train 6:   0%|          | 3/919 [00:03<11:43,  1.30it/s, loss=2.5575]
train 6:   0%|          | 4/919 [00:03<11:16,  1.35it/s, loss=2.5575]
train 6:   0%|          | 4/919 [00:03<11:16,  1.35it/s, loss=2.5501]
train 6:   1%|          | 5/919 [00:03<10:59,  1.39it/s, loss=2.5501]
train 6:   1%|          | 5/919 [00:04<10:59,  1.39it/s, loss=2.5211]
train 6:   1%|          | 6/919 [00:04<10:49,  1.41it/s, loss=2.5211]
train 6:   1%|          | 6/919 [00:05<10:49,  1.41it/s, loss=2.5126]
train 6:   1%|          | 7/919 [00:05<10:41,  1.42it/s, loss=2.5126]
train 6:   1%|          | 7/919 [00:05<10:41,  1.42it/s, loss=2.5227]
train 6:   1%|          | 8/919 [00:05<10:35,  1.43it/s, loss=2.5227]
train 6:   1%|          | 8/919 [00:06<10:35,  1.43it/s, loss=2.5497]
train 6:   1%|          | 9/919 [00:06<10:29,  1.45it/s, loss=2.5497]
train 6:   1%|          | 9/919 [00:07<10:29,  1.45it/s, loss=2.5321]
train 6:   1%|          | 10/919 [00:07<10:26,  1.45it/s, loss=2.5321]
train 6:   1%|          | 10/919 [00:07<10:26,  1.45it/s, loss=2.4599]
train 6:   1%|          | 11/919 [00:07<10:23,  1.46it/s, loss=2.4599]
train 6:   1%|          | 11/919 [00:08<10:23,  1.46it/s, loss=2.5424]
train 6:   1%|â–         | 12/919 [00:08<10:20,  1.46it/s, loss=2.5424]
train 6:   1%|â–         | 12/919 [00:09<10:20,  1.46it/s, loss=2.4968]
train 6:   1%|â–         | 13/919 [00:09<10:18,  1.46it/s, loss=2.4968]
train 6:   1%|â–         | 13/919 [00:09<10:18,  1.46it/s, loss=2.5731]
train 6:   2%|â–         | 14/919 [00:09<10:16,  1.47it/s, loss=2.5731]
train 6:   2%|â–         | 14/919 [00:10<10:16,  1.47it/s, loss=2.5564]
train 6:   2%|â–         | 15/919 [00:10<10:14,  1.47it/s, loss=2.5564]
train 6:   2%|â–         | 15/919 [00:11<10:14,  1.47it/s, loss=2.5424]
train 6:   2%|â–         | 16/919 [00:11<09:05,  1.66it/s, loss=2.5424]
train 6:   2%|â–         | 16/919 [00:11<09:05,  1.66it/s, loss=2.5182]
train 6:   2%|â–         | 17/919 [00:11<09:23,  1.60it/s, loss=2.5182]
train 6:   2%|â–         | 17/919 [00:12<09:23,  1.60it/s, loss=2.5394]
train 6:   2%|â–         | 18/919 [00:12<09:35,  1.57it/s, loss=2.5394]
train 6:   2%|â–         | 18/919 [00:13<09:35,  1.57it/s, loss=2.5196]
train 6:   2%|â–         | 19/919 [00:13<09:44,  1.54it/s, loss=2.5196]
train 6:   2%|â–         | 19/919 [00:13<09:44,  1.54it/s, loss=2.4858]
train 6:   2%|â–         | 20/919 [00:13<09:50,  1.52it/s, loss=2.4858]
train 6:   2%|â–         | 20/919 [00:14<09:50,  1.52it/s, loss=2.5791]
train 6:   2%|â–         | 21/919 [00:14<09:51,  1.52it/s, loss=2.5791]
train 6:   2%|â–         | 21/919 [00:15<09:51,  1.52it/s, loss=2.5590]
train 6:   2%|â–         | 22/919 [00:15<09:55,  1.51it/s, loss=2.5590]
train 6:   2%|â–         | 22/919 [00:15<09:55,  1.51it/s, loss=2.5752]
train 6:   3%|â–Ž         | 23/919 [00:15<09:54,  1.51it/s, loss=2.5752]
train 6:   3%|â–Ž         | 23/919 [00:16<09:54,  1.51it/s, loss=2.5307]
train 6:   3%|â–Ž         | 24/919 [00:16<09:54,  1.51it/s, loss=2.5307]
train 6:   3%|â–Ž         | 24/919 [00:17<09:54,  1.51it/s, loss=2.5340]
train 6:   3%|â–Ž         | 25/919 [00:17<09:54,  1.51it/s, loss=2.5340]
train 6:   3%|â–Ž         | 25/919 [00:17<09:54,  1.51it/s, loss=2.5478]
train 6:   3%|â–Ž         | 26/919 [00:17<09:53,  1.50it/s, loss=2.5478]
train 6:   3%|â–Ž         | 26/919 [00:18<09:53,  1.50it/s, loss=2.5291]
train 6:   3%|â–Ž         | 27/919 [00:18<09:52,  1.51it/s, loss=2.5291]
train 6:   3%|â–Ž         | 27/919 [00:19<09:52,  1.51it/s, loss=2.5538]
train 6:   3%|â–Ž         | 28/919 [00:19<09:51,  1.51it/s, loss=2.5538]
train 6:   3%|â–Ž         | 28/919 [00:19<09:51,  1.51it/s, loss=2.5351]
train 6:   3%|â–Ž         | 29/919 [00:19<09:50,  1.51it/s, loss=2.5351]
train 6:   3%|â–Ž         | 29/919 [00:20<09:50,  1.51it/s, loss=2.5207]
train 6:   3%|â–Ž         | 30/919 [00:20<09:48,  1.51it/s, loss=2.5207]
                                                                      
[PROFILE batch=0]
  data_time      =0.3372s
  to_device_time =0.0024s
  forward_time   =0.3096s
  loss_time      =0.0012s
  backward_time  =0.3741s
  optimizer_time =0.0055s
  batch_time     =0.6940s
  cuda_allocated_gb    =0.125
  cuda_reserved_gb     =9.008
  cuda_max_allocated_gb=7.792
[PROFILE batch=1]
  data_time      =0.0004s
  to_device_time =0.0022s
  forward_time   =0.3118s
  loss_time      =0.0020s
  backward_time  =0.3693s
  optimizer_time =0.0057s
  batch_time     =0.6914s
  cuda_allocated_gb    =0.125
  cuda_reserved_gb     =9.008
  cuda_max_allocated_gb=7.792
[PROFILE batch=2]
  data_time      =0.0004s
  to_device_time =0.0022s
  forward_time   =0.3093s
  loss_time      =0.0019s
  backward_time  =0.3680s
  optimizer_time =0.0055s
  batch_time     =0.6873s
  cuda_allocated_gb    =0.125
  cuda_reserved_gb     =9.008
  cuda_max_allocated_gb=7.792
[PROFILE batch=3]
  data_time      =0.0005s
  to_device_time =0.0021s
  forward_time   =0.3078s
  loss_time      =0.0021s
  backward_time  =0.3722s
  optimizer_time =0.0058s
  batch_time     =0.6905s
  cuda_allocated_gb    =0.125
  cuda_reserved_gb     =9.008
  cuda_max_allocated_gb=7.792
[PROFILE batch=4]
  data_time      =0.0004s
  to_device_time =0.0022s
  forward_time   =0.3070s
  loss_time      =0.0022s
  backward_time  =0.3712s
  optimizer_time =0.0056s
  batch_time     =0.6887s
  cuda_allocated_gb    =0.125
  cuda_reserved_gb     =9.008
  cuda_max_allocated_gb=7.792
[PROFILE batch=5]
  data_time      =0.0005s
  to_device_time =0.0021s
  forward_time   =0.3095s
  loss_time      =0.0020s
  backward_time  =0.3671s
  optimizer_time =0.0057s
  batch_time     =0.6868s
  cuda_allocated_gb    =0.125
  cuda_reserved_gb     =9.008
  cuda_max_allocated_gb=7.792
[PROFILE batch=6]
  data_time      =0.0004s
  to_device_time =0.0022s
  forward_time   =0.3079s
  loss_time      =0.0020s
  backward_time  =0.3668s
  optimizer_time =0.0062s
  batch_time     =0.6855s
  cuda_allocated_gb    =0.125
  cuda_reserved_gb     =9.008
  cuda_max_allocated_gb=7.792
[PROFILE batch=7]
  data_time      =0.0005s
  to_device_time =0.0021s
  forward_time   =0.3091s
  loss_time      =0.0021s
  backward_time  =0.3626s
  optimizer_time =0.0056s
  batch_time     =0.6820s
  cuda_allocated_gb    =0.125
  cuda_reserved_gb     =9.008
  cuda_max_allocated_gb=7.792
[PROFILE batch=8]
  data_time      =0.0007s
  to_device_time =0.0022s
  forward_time   =0.3063s
  loss_time      =0.0021s
  backward_time  =0.3592s
  optimizer_time =0.0057s
  batch_time     =0.6760s
  cuda_allocated_gb    =0.125
  cuda_reserved_gb     =9.008
  cuda_max_allocated_gb=7.792
[PROFILE batch=9]
  data_time      =0.0004s
  to_device_time =0.0022s
  forward_time   =0.3049s
  loss_time      =0.0020s
  backward_time  =0.3654s
  optimizer_time =0.0058s
  batch_time     =0.6807s
  cuda_allocated_gb    =0.125
  cuda_reserved_gb     =9.008
  cuda_max_allocated_gb=7.792
[PROFILE batch=10]
  data_time      =0.0005s
  to_device_time =0.0021s
  forward_time   =0.3054s
  loss_time      =0.0022s
  backward_time  =0.3624s
  optimizer_time =0.0055s
  batch_time     =0.6780s
  cuda_allocated_gb    =0.125
  cuda_reserved_gb     =9.008
  cuda_max_allocated_gb=7.792
[PROFILE batch=11]
  data_time      =0.0005s
  to_device_time =0.0022s
  forward_time   =0.3035s
  loss_time      =0.0021s
  backward_time  =0.3592s
  optimizer_time =0.0059s
  batch_time     =0.6734s
  cuda_allocated_gb    =0.125
  cuda_reserved_gb     =9.008
  cuda_max_allocated_gb=7.792
[PROFILE batch=12]
  data_time      =0.0004s
  to_device_time =0.0022s
  forward_time   =0.3056s
  loss_time      =0.0021s
  backward_time  =0.3616s
  optimizer_time =0.0057s
  batch_time     =0.6776s
  cuda_allocated_gb    =0.125
  cuda_reserved_gb     =9.008
  cuda_max_allocated_gb=7.792
[PROFILE batch=13]
  data_time      =0.0005s
  to_device_time =0.0021s
  forward_time   =0.3059s
  loss_time      =0.0021s
  backward_time  =0.3592s
  optimizer_time =0.0063s
  batch_time     =0.6761s
  cuda_allocated_gb    =0.125
  cuda_reserved_gb     =9.008
  cuda_max_allocated_gb=7.792
[PROFILE batch=14]
  data_time      =0.0006s
  to_device_time =0.0022s
  forward_time   =0.3039s
  loss_time      =0.0021s
  backward_time  =0.3590s
  optimizer_time =0.0054s
  batch_time     =0.6730s
  cuda_allocated_gb    =0.125
  cuda_reserved_gb     =9.008
  cuda_max_allocated_gb=7.792
[PROFILE batch=15]
  data_time      =0.0004s
  to_device_time =0.0014s
  forward_time   =0.1954s
  loss_time      =0.0022s
  backward_time  =0.2201s
  optimizer_time =0.0057s
  batch_time     =0.4252s
  cuda_allocated_gb    =0.094
  cuda_reserved_gb     =9.008
  cuda_max_allocated_gb=7.792
[PROFILE batch=16]
  data_time      =0.0005s
  to_device_time =0.0021s
  forward_time   =0.3053s
  loss_time      =0.0020s
  backward_time  =0.3538s
  optimizer_time =0.0058s
  batch_time     =0.6695s
  cuda_allocated_gb    =0.125
  cuda_reserved_gb     =9.008
  cuda_max_allocated_gb=7.792
[PROFILE batch=17]
  data_time      =0.0004s
  to_device_time =0.0022s
  forward_time   =0.3032s
  loss_time      =0.0022s
  backward_time  =0.3547s
  optimizer_time =0.0056s
  batch_time     =0.6684s
  cuda_allocated_gb    =0.125
  cuda_reserved_gb     =9.008
  cuda_max_allocated_gb=7.792
[PROFILE batch=18]
  data_time      =0.0005s
  to_device_time =0.0021s
  forward_time   =0.3047s
  loss_time      =0.0020s
  backward_time  =0.3567s
  optimizer_time =0.0058s
  batch_time     =0.6718s
  cuda_allocated_gb    =0.125
  cuda_reserved_gb     =9.008
  cuda_max_allocated_gb=7.792
[PROFILE batch=19]
  data_time      =0.0005s
  to_device_time =0.0021s
  forward_time   =0.3043s
  loss_time      =0.0021s
  backward_time  =0.3546s
  optimizer_time =0.0057s
  batch_time     =0.6692s
  cuda_allocated_gb    =0.125
  cuda_reserved_gb     =9.008
  cuda_max_allocated_gb=7.792

[PROFILE average first 20 batches (recorded=20)]
  avg_data_time      =0.0173s
  avg_to_device_time =0.0021s
  avg_forward_time   =0.3010s
  avg_loss_time      =0.0020s
  avg_backward_time  =0.3559s
  avg_optimizer_time =0.0057s
  avg_batch_time     =0.6673s
  estimated_full_epoch_minutes=10.22

val:   0%|          | 0/113 [00:00<?, ?it/s]/usr/local/lib/python3.12/dist-packages/torch/autograd/function.py:583: UserWarning: Was asked to gather along dimension 0, but all input tensors were scalars; will instead unsqueeze and return a vector.
  return super().apply(*args, **kwargs)  # type: ignore[misc]

val:   1%|          | 1/113 [00:00<00:53,  2.09it/s]
val:   2%|â–         | 2/113 [00:00<00:41,  2.70it/s]
val:   3%|â–Ž         | 3/113 [00:01<00:36,  2.99it/s]
val:   4%|â–Ž         | 4/113 [00:01<00:34,  3.12it/s]
val:   4%|â–         | 5/113 [00:01<00:33,  3.21it/s]
val:   5%|â–Œ         | 6/113 [00:01<00:32,  3.26it/s]
val:   6%|â–Œ         | 7/113 [00:02<00:32,  3.29it/s]
val:   7%|â–‹         | 8/113 [00:02<00:31,  3.31it/s]
val:   8%|â–Š         | 9/113 [00:02<00:31,  3.33it/s]
val:   9%|â–‰         | 10/113 [00:03<00:30,  3.34it/s]
                                                     
Epoch 006/015 | loss=2.5336 acc=0.1466 macro_f1=0.1316 | val_loss=2.5331 val_acc=0.2437 val_macro_f1=0.0560 | ckpt_monitor=val_macro_f1:0.0560 best_val_macro_f1=0.0647 best_epoch=1 early_val_macro_f1=0.0647 sec/batch=0.680s
          val pred_count: [0, 0, 0, 320, 0, 0, 0]
          no improvement: 5/12

train 7:   0%|          | 0/919 [00:00<?, ?it/s]/usr/local/lib/python3.12/dist-packages/torch/autograd/function.py:583: UserWarning: Was asked to gather along dimension 0, but all input tensors were scalars; will instead unsqueeze and return a vector.
  return super().apply(*args, **kwargs)  # type: ignore[misc]

train 7:   0%|          | 0/919 [00:00<?, ?it/s, loss=2.5441]
train 7:   0%|          | 1/919 [00:00<14:42,  1.04it/s, loss=2.5441]
train 7:   0%|          | 1/919 [00:01<14:42,  1.04it/s, loss=2.5621]
train 7:   0%|          | 2/919 [00:01<11:57,  1.28it/s, loss=2.5621]
train 7:   0%|          | 2/919 [00:02<11:57,  1.28it/s, loss=2.5799]
train 7:   0%|          | 3/919 [00:02<11:05,  1.38it/s, loss=2.5799]
train 7:   0%|          | 3/919 [00:02<11:05,  1.38it/s, loss=2.5573]
train 7:   0%|          | 4/919 [00:02<10:39,  1.43it/s, loss=2.5573]
train 7:   0%|          | 4/919 [00:03<10:39,  1.43it/s, loss=2.5218]
train 7:   1%|          | 5/919 [00:03<10:26,  1.46it/s, loss=2.5218]
train 7:   1%|          | 5/919 [00:04<10:26,  1.46it/s, loss=2.5625]
train 7:   1%|          | 6/919 [00:04<10:16,  1.48it/s, loss=2.5625]
train 7:   1%|          | 6/919 [00:04<10:16,  1.48it/s, loss=2.5197]
train 7:   1%|          | 7/919 [00:04<10:09,  1.50it/s, loss=2.5197]
train 7:   1%|          | 7/919 [00:05<10:09,  1.50it/s, loss=2.5385]
train 7:   1%|          | 8/919 [00:05<10:06,  1.50it/s, loss=2.5385]
train 7:   1%|          | 8/919 [00:06<10:06,  1.50it/s, loss=2.5142]
train 7:   1%|          | 9/919 [00:06<10:04,  1.51it/s, loss=2.5142]
train 7:   1%|          | 9/919 [00:06<10:04,  1.51it/s, loss=2.5581]
train 7:   1%|          | 10/919 [00:06<10:01,  1.51it/s, loss=2.5581]
train 7:   1%|          | 10/919 [00:07<10:01,  1.51it/s, loss=2.5781]
train 7:   1%|          | 11/919 [00:07<09:57,  1.52it/s, loss=2.5781]
train 7:   1%|          | 11/919 [00:08<09:57,  1.52it/s, loss=2.5229]
train 7:   1%|â–         | 12/919 [00:08<09:55,  1.52it/s, loss=2.5229]
train 7:   1%|â–         | 12/919 [00:08<09:55,  1.52it/s, loss=2.5769]
train 7:   1%|â–         | 13/919 [00:08<09:54,  1.52it/s, loss=2.5769]
train 7:   1%|â–         | 13/919 [00:09<09:54,  1.52it/s, loss=2.5396]
train 7:   2%|â–         | 14/919 [00:09<09:52,  1.53it/s, loss=2.5396]
train 7:   2%|â–         | 14/919 [00:10<09:52,  1.53it/s, loss=2.5449]
train 7:   2%|â–         | 15/919 [00:10<09:52,  1.53it/s, loss=2.5449]
train 7:   2%|â–         | 15/919 [00:10<09:52,  1.53it/s, loss=2.5632]
train 7:   2%|â–         | 16/919 [00:10<08:46,  1.72it/s, loss=2.5632]
train 7:   2%|â–         | 16/919 [00:11<08:46,  1.72it/s, loss=2.5081]
train 7:   2%|â–         | 17/919 [00:11<09:05,  1.65it/s, loss=2.5081]
train 7:   2%|â–         | 17/919 [00:11<09:05,  1.65it/s, loss=2.5214]
train 7:   2%|â–         | 18/919 [00:11<09:18,  1.61it/s, loss=2.5214]
train 7:   2%|â–         | 18/919 [00:12<09:18,  1.61it/s, loss=2.5416]
train 7:   2%|â–         | 19/919 [00:12<09:26,  1.59it/s, loss=2.5416]
train 7:   2%|â–         | 19/919 [00:13<09:26,  1.59it/s, loss=2.5362]
train 7:   2%|â–         | 20/919 [00:13<09:31,  1.57it/s, loss=2.5362]
train 7:   2%|â–         | 20/919 [00:13<09:31,  1.57it/s, loss=2.5424]
train 7:   2%|â–         | 21/919 [00:13<09:34,  1.56it/s, loss=2.5424]
train 7:   2%|â–         | 21/919 [00:14<09:34,  1.56it/s, loss=2.5531]
train 7:   2%|â–         | 22/919 [00:14<09:36,  1.56it/s, loss=2.5531]
train 7:   2%|â–         | 22/919 [00:15<09:36,  1.56it/s, loss=2.5570]
train 7:   3%|â–Ž         | 23/919 [00:15<09:36,  1.55it/s, loss=2.5570]
train 7:   3%|â–Ž         | 23/919 [00:15<09:36,  1.55it/s, loss=2.5517]
train 7:   3%|â–Ž         | 24/919 [00:15<09:39,  1.54it/s, loss=2.5517]
train 7:   3%|â–Ž         | 24/919 [00:16<09:39,  1.54it/s, loss=2.5487]
train 7:   3%|â–Ž         | 25/919 [00:16<09:43,  1.53it/s, loss=2.5487]
train 7:   3%|â–Ž         | 25/919 [00:17<09:43,  1.53it/s, loss=2.5246]
train 7:   3%|â–Ž         | 26/919 [00:17<09:42,  1.53it/s, loss=2.5246]
train 7:   3%|â–Ž         | 26/919 [00:17<09:42,  1.53it/s, loss=2.5231]
train 7:   3%|â–Ž         | 27/919 [00:17<09:40,  1.54it/s, loss=2.5231]
train 7:   3%|â–Ž         | 27/919 [00:18<09:40,  1.54it/s, loss=2.5521]
train 7:   3%|â–Ž         | 28/919 [00:18<09:40,  1.54it/s, loss=2.5521]
train 7:   3%|â–Ž         | 28/919 [00:19<09:40,  1.54it/s, loss=2.5366]
train 7:   3%|â–Ž         | 29/919 [00:19<09:38,  1.54it/s, loss=2.5366]
train 7:   3%|â–Ž         | 29/919 [00:19<09:38,  1.54it/s, loss=2.5684]
train 7:   3%|â–Ž         | 30/919 [00:19<09:37,  1.54it/s, loss=2.5684]
                                                                      
[PROFILE batch=0]
  data_time      =0.2900s
  to_device_time =0.0023s
  forward_time   =0.3219s
  loss_time      =0.0012s
  backward_time  =0.3362s
  optimizer_time =0.0060s
  batch_time     =0.6687s
  cuda_allocated_gb    =0.125
  cuda_reserved_gb     =9.008
  cuda_max_allocated_gb=7.792
[PROFILE batch=1]
  data_time      =0.0005s
  to_device_time =0.0021s
  forward_time   =0.2998s
  loss_time      =0.0020s
  backward_time  =0.3435s
  optimizer_time =0.0057s
  batch_time     =0.6534s
  cuda_allocated_gb    =0.125
  cuda_reserved_gb     =9.008
  cuda_max_allocated_gb=7.792
[PROFILE batch=2]
  data_time      =0.0005s
  to_device_time =0.0021s
  forward_time   =0.3013s
  loss_time      =0.0021s
  backward_time  =0.3453s
  optimizer_time =0.0058s
  batch_time     =0.6570s
  cuda_allocated_gb    =0.125
  cuda_reserved_gb     =9.008
  cuda_max_allocated_gb=7.792
[PROFILE batch=3]
  data_time      =0.0005s
  to_device_time =0.0022s
  forward_time   =0.2985s
  loss_time      =0.0022s
  backward_time  =0.3444s
  optimizer_time =0.0059s
  batch_time     =0.6536s
  cuda_allocated_gb    =0.125
  cuda_reserved_gb     =9.008
  cuda_max_allocated_gb=7.792
[PROFILE batch=4]
  data_time      =0.0005s
  to_device_time =0.0021s
  forward_time   =0.3008s
  loss_time      =0.0021s
  backward_time  =0.3466s
  optimizer_time =0.0057s
  batch_time     =0.6579s
  cuda_allocated_gb    =0.125
  cuda_reserved_gb     =9.008
  cuda_max_allocated_gb=7.792
[PROFILE batch=5]
  data_time      =0.0005s
  to_device_time =0.0021s
  forward_time   =0.2989s
  loss_time      =0.0021s
  backward_time  =0.3438s
  optimizer_time =0.0056s
  batch_time     =0.6530s
  cuda_allocated_gb    =0.125
  cuda_reserved_gb     =9.008
  cuda_max_allocated_gb=7.792
[PROFILE batch=6]
  data_time      =0.0005s
  to_device_time =0.0021s
  forward_time   =0.2976s
  loss_time      =0.0020s
  backward_time  =0.3423s
  optimizer_time =0.0062s
  batch_time     =0.6506s
  cuda_allocated_gb    =0.125
  cuda_reserved_gb     =9.008
  cuda_max_allocated_gb=7.792
[PROFILE batch=7]
  data_time      =0.0005s
  to_device_time =0.0022s
  forward_time   =0.3039s
  loss_time      =0.0021s
  backward_time  =0.3411s
  optimizer_time =0.0061s
  batch_time     =0.6561s
  cuda_allocated_gb    =0.125
  cuda_reserved_gb     =9.008
  cuda_max_allocated_gb=7.792
[PROFILE batch=8]
  data_time      =0.0007s
  to_device_time =0.0021s
  forward_time   =0.3071s
  loss_time      =0.0040s
  backward_time  =0.3380s
  optimizer_time =0.0060s
  batch_time     =0.6578s
  cuda_allocated_gb    =0.125
  cuda_reserved_gb     =9.008
  cuda_max_allocated_gb=7.792
[PROFILE batch=9]
  data_time      =0.0005s
  to_device_time =0.0021s
  forward_time   =0.2997s
  loss_time      =0.0022s
  backward_time  =0.3440s
  optimizer_time =0.0055s
  batch_time     =0.6540s
  cuda_allocated_gb    =0.125
  cuda_reserved_gb     =9.008
  cuda_max_allocated_gb=7.792
[PROFILE batch=10]
  data_time      =0.0005s
  to_device_time =0.0021s
  forward_time   =0.2990s
  loss_time      =0.0021s
  backward_time  =0.3376s
  optimizer_time =0.0059s
  batch_time     =0.6471s
  cuda_allocated_gb    =0.125
  cuda_reserved_gb     =9.008
  cuda_max_allocated_gb=7.792
[PROFILE batch=11]
  data_time      =0.0005s
  to_device_time =0.0021s
  forward_time   =0.3006s
  loss_time      =0.0022s
  backward_time  =0.3399s
  optimizer_time =0.0056s
  batch_time     =0.6509s
  cuda_allocated_gb    =0.125
  cuda_reserved_gb     =9.008
  cuda_max_allocated_gb=7.792
[PROFILE batch=12]
  data_time      =0.0004s
  to_device_time =0.0022s
  forward_time   =0.3010s
  loss_time      =0.0020s
  backward_time  =0.3388s
  optimizer_time =0.0057s
  batch_time     =0.6502s
  cuda_allocated_gb    =0.125
  cuda_reserved_gb     =9.008
  cuda_max_allocated_gb=7.792
[PROFILE batch=13]
  data_time      =0.0004s
  to_device_time =0.0021s
  forward_time   =0.2969s
  loss_time      =0.0022s
  backward_time  =0.3419s
  optimizer_time =0.0057s
  batch_time     =0.6493s
  cuda_allocated_gb    =0.125
  cuda_reserved_gb     =9.008
  cuda_max_allocated_gb=7.792
[PROFILE batch=14]
  data_time      =0.0005s
  to_device_time =0.0022s
  forward_time   =0.2991s
  loss_time      =0.0022s
  backward_time  =0.3426s
  optimizer_time =0.0059s
  batch_time     =0.6524s
  cuda_allocated_gb    =0.125
  cuda_reserved_gb     =9.008
  cuda_max_allocated_gb=7.792
[PROFILE batch=15]
  data_time      =0.0005s
  to_device_time =0.0014s
  forward_time   =0.1940s
  loss_time      =0.0021s
  backward_time  =0.2091s
  optimizer_time =0.0053s
  batch_time     =0.4123s
  cuda_allocated_gb    =0.094
  cuda_reserved_gb     =9.008
  cuda_max_allocated_gb=7.792
[PROFILE batch=16]
  data_time      =0.0005s
  to_device_time =0.0021s
  forward_time   =0.2996s
  loss_time      =0.0022s
  backward_time  =0.3415s
  optimizer_time =0.0059s
  batch_time     =0.6518s
  cuda_allocated_gb    =0.125
  cuda_reserved_gb     =9.008
  cuda_max_allocated_gb=7.792
[PROFILE batch=17]
  data_time      =0.0005s
  to_device_time =0.0022s
  forward_time   =0.3088s
  loss_time      =0.0020s
  backward_time  =0.3348s
  optimizer_time =0.0056s
  batch_time     =0.6540s
  cuda_allocated_gb    =0.125
  cuda_reserved_gb     =9.008
  cuda_max_allocated_gb=7.792
[PROFILE batch=18]
  data_time      =0.0005s
  to_device_time =0.0021s
  forward_time   =0.3002s
  loss_time      =0.0021s
  backward_time  =0.3386s
  optimizer_time =0.0058s
  batch_time     =0.6493s
  cuda_allocated_gb    =0.125
  cuda_reserved_gb     =9.008
  cuda_max_allocated_gb=7.792
[PROFILE batch=19]
  data_time      =0.0005s
  to_device_time =0.0021s
  forward_time   =0.2997s
  loss_time      =0.0022s
  backward_time  =0.3367s
  optimizer_time =0.0056s
  batch_time     =0.6468s
  cuda_allocated_gb    =0.125
  cuda_reserved_gb     =9.008
  cuda_max_allocated_gb=7.792

[PROFILE average first 20 batches (recorded=20)]
  avg_data_time      =0.0150s
  avg_to_device_time =0.0021s
  avg_forward_time   =0.2964s
  avg_loss_time      =0.0022s
  avg_backward_time  =0.3343s
  avg_optimizer_time =0.0058s
  avg_batch_time     =0.6413s
  estimated_full_epoch_minutes=9.82

val:   0%|          | 0/113 [00:00<?, ?it/s]/usr/local/lib/python3.12/dist-packages/torch/autograd/function.py:583: UserWarning: Was asked to gather along dimension 0, but all input tensors were scalars; will instead unsqueeze and return a vector.
  return super().apply(*args, **kwargs)  # type: ignore[misc]

val:   1%|          | 1/113 [00:00<00:50,  2.20it/s]
val:   2%|â–         | 2/113 [00:00<00:39,  2.79it/s]
val:   3%|â–Ž         | 3/113 [00:01<00:36,  3.04it/s]
val:   4%|â–Ž         | 4/113 [00:01<00:34,  3.17it/s]
val:   4%|â–         | 5/113 [00:01<00:33,  3.24it/s]
val:   5%|â–Œ         | 6/113 [00:01<00:32,  3.30it/s]
val:   6%|â–Œ         | 7/113 [00:02<00:31,  3.34it/s]
val:   7%|â–‹         | 8/113 [00:02<00:31,  3.39it/s]
val:   8%|â–Š         | 9/113 [00:02<00:30,  3.40it/s]
val:   9%|â–‰         | 10/113 [00:03<00:30,  3.41it/s]
                                                     
Epoch 007/015 | loss=2.5450 acc=0.1445 macro_f1=0.1360 | val_loss=2.5331 val_acc=0.2437 val_macro_f1=0.0560 | ckpt_monitor=val_macro_f1:0.0560 best_val_macro_f1=0.0647 best_epoch=1 early_val_macro_f1=0.0647 sec/batch=0.657s
          val pred_count: [0, 0, 0, 320, 0, 0, 0]
          no improvement: 6/12

train 8:   0%|          | 0/919 [00:00<?, ?it/s]/usr/local/lib/python3.12/dist-packages/torch/autograd/function.py:583: UserWarning: Was asked to gather along dimension 0, but all input tensors were scalars; will instead unsqueeze and return a vector.
  return super().apply(*args, **kwargs)  # type: ignore[misc]

train 8:   0%|          | 0/919 [00:01<?, ?it/s, loss=2.5341]
train 8:   0%|          | 1/919 [00:01<17:39,  1.15s/it, loss=2.5341]
train 8:   0%|          | 1/919 [00:01<17:39,  1.15s/it, loss=2.5458]
train 8:   0%|          | 2/919 [00:01<13:12,  1.16it/s, loss=2.5458]
train 8:   0%|          | 2/919 [00:02<13:12,  1.16it/s, loss=2.5254]
train 8:   0%|          | 3/919 [00:02<11:43,  1.30it/s, loss=2.5254]
train 8:   0%|          | 3/919 [00:03<11:43,  1.30it/s, loss=2.5369]
train 8:   0%|          | 4/919 [00:03<11:03,  1.38it/s, loss=2.5369]
train 8:   0%|          | 4/919 [00:03<11:03,  1.38it/s, loss=2.5380]
train 8:   1%|          | 5/919 [00:03<10:39,  1.43it/s, loss=2.5380]
train 8:   1%|          | 5/919 [00:04<10:39,  1.43it/s, loss=2.5597]
train 8:   1%|          | 6/919 [00:04<10:25,  1.46it/s, loss=2.5597]
train 8:   1%|          | 6/919 [00:05<10:25,  1.46it/s, loss=2.5258]
train 8:   1%|          | 7/919 [00:05<10:17,  1.48it/s, loss=2.5258]
train 8:   1%|          | 7/919 [00:05<10:17,  1.48it/s, loss=2.5630]
train 8:   1%|          | 8/919 [00:05<10:11,  1.49it/s, loss=2.5630]
train 8:   1%|          | 8/919 [00:06<10:11,  1.49it/s, loss=2.5299]
train 8:   1%|          | 9/919 [00:06<10:08,  1.50it/s, loss=2.5299]
train 8:   1%|          | 9/919 [00:07<10:08,  1.50it/s, loss=2.5485]
train 8:   1%|          | 10/919 [00:07<10:06,  1.50it/s, loss=2.5485]
train 8:   1%|          | 10/919 [00:07<10:06,  1.50it/s, loss=2.5566]
train 8:   1%|          | 11/919 [00:07<10:03,  1.50it/s, loss=2.5566]
train 8:   1%|          | 11/919 [00:08<10:03,  1.50it/s, loss=2.5308]
train 8:   1%|â–         | 12/919 [00:08<10:03,  1.50it/s, loss=2.5308]
train 8:   1%|â–         | 12/919 [00:09<10:03,  1.50it/s, loss=2.5403]
train 8:   1%|â–         | 13/919 [00:09<10:01,  1.51it/s, loss=2.5403]
train 8:   1%|â–         | 13/919 [00:09<10:01,  1.51it/s, loss=2.5645]
train 8:   2%|â–         | 14/919 [00:09<10:01,  1.50it/s, loss=2.5645]
train 8:   2%|â–         | 14/919 [00:10<10:01,  1.50it/s, loss=2.5506]
train 8:   2%|â–         | 15/919 [00:10<10:02,  1.50it/s, loss=2.5506]
train 8:   2%|â–         | 15/919 [00:10<10:02,  1.50it/s, loss=2.5199]
train 8:   2%|â–         | 16/919 [00:10<08:54,  1.69it/s, loss=2.5199]
train 8:   2%|â–         | 16/919 [00:11<08:54,  1.69it/s, loss=2.5340]
train 8:   2%|â–         | 17/919 [00:11<09:14,  1.63it/s, loss=2.5340]
train 8:   2%|â–         | 17/919 [00:12<09:14,  1.63it/s, loss=2.5264]
train 8:   2%|â–         | 18/919 [00:12<09:27,  1.59it/s, loss=2.5264]
train 8:   2%|â–         | 18/919 [00:12<09:27,  1.59it/s, loss=2.4934]
train 8:   2%|â–         | 19/919 [00:12<09:39,  1.55it/s, loss=2.4934]
train 8:   2%|â–         | 19/919 [00:13<09:39,  1.55it/s, loss=2.5149]
train 8:   2%|â–         | 20/919 [00:13<09:46,  1.53it/s, loss=2.5149]
train 8:   2%|â–         | 20/919 [00:14<09:46,  1.53it/s, loss=2.5572]
train 8:   2%|â–         | 21/919 [00:14<09:50,  1.52it/s, loss=2.5572]
train 8:   2%|â–         | 21/919 [00:14<09:50,  1.52it/s, loss=2.5387]
train 8:   2%|â–         | 22/919 [00:14<09:53,  1.51it/s, loss=2.5387]
train 8:   2%|â–         | 22/919 [00:15<09:53,  1.51it/s, loss=2.5531]
train 8:   3%|â–Ž         | 23/919 [00:15<09:53,  1.51it/s, loss=2.5531]
train 8:   3%|â–Ž         | 23/919 [00:16<09:53,  1.51it/s, loss=2.5763]
train 8:   3%|â–Ž         | 24/919 [00:16<09:54,  1.51it/s, loss=2.5763]
train 8:   3%|â–Ž         | 24/919 [00:16<09:54,  1.51it/s, loss=2.5452]
train 8:   3%|â–Ž         | 25/919 [00:16<09:55,  1.50it/s, loss=2.5452]
train 8:   3%|â–Ž         | 25/919 [00:17<09:55,  1.50it/s, loss=2.5292]
train 8:   3%|â–Ž         | 26/919 [00:17<09:55,  1.50it/s, loss=2.5292]
train 8:   3%|â–Ž         | 26/919 [00:18<09:55,  1.50it/s, loss=2.5433]
train 8:   3%|â–Ž         | 27/919 [00:18<09:55,  1.50it/s, loss=2.5433]
train 8:   3%|â–Ž         | 27/919 [00:18<09:55,  1.50it/s, loss=2.5399]
train 8:   3%|â–Ž         | 28/919 [00:18<09:56,  1.49it/s, loss=2.5399]
train 8:   3%|â–Ž         | 28/919 [00:19<09:56,  1.49it/s, loss=2.5371]
train 8:   3%|â–Ž         | 29/919 [00:19<09:56,  1.49it/s, loss=2.5371]
train 8:   3%|â–Ž         | 29/919 [00:20<09:56,  1.49it/s, loss=2.4805]
train 8:   3%|â–Ž         | 30/919 [00:20<09:57,  1.49it/s, loss=2.4805]
                                                                      
[PROFILE batch=0]
  data_time      =0.4941s
  to_device_time =0.0023s
  forward_time   =0.3088s
  loss_time      =0.0012s
  backward_time  =0.3383s
  optimizer_time =0.0055s
  batch_time     =0.6576s
  cuda_allocated_gb    =0.125
  cuda_reserved_gb     =9.008
  cuda_max_allocated_gb=7.792
[PROFILE batch=1]
  data_time      =0.0006s
  to_device_time =0.0022s
  forward_time   =0.3065s
  loss_time      =0.0020s
  backward_time  =0.3404s
  optimizer_time =0.0057s
  batch_time     =0.6573s
  cuda_allocated_gb    =0.125
  cuda_reserved_gb     =9.008
  cuda_max_allocated_gb=7.792
[PROFILE batch=2]
  data_time      =0.0005s
  to_device_time =0.0021s
  forward_time   =0.3017s
  loss_time      =0.0020s
  backward_time  =0.3400s
  optimizer_time =0.0057s
  batch_time     =0.6520s
  cuda_allocated_gb    =0.125
  cuda_reserved_gb     =9.008
  cuda_max_allocated_gb=7.792
[PROFILE batch=3]
  data_time      =0.0005s
  to_device_time =0.0021s
  forward_time   =0.3023s
  loss_time      =0.0021s
  backward_time  =0.3427s
  optimizer_time =0.0059s
  batch_time     =0.6556s
  cuda_allocated_gb    =0.125
  cuda_reserved_gb     =9.008
  cuda_max_allocated_gb=7.792
[PROFILE batch=4]
  data_time      =0.0005s
  to_device_time =0.0021s
  forward_time   =0.2988s
  loss_time      =0.0020s
  backward_time  =0.3427s
  optimizer_time =0.0054s
  batch_time     =0.6514s
  cuda_allocated_gb    =0.125
  cuda_reserved_gb     =9.008
  cuda_max_allocated_gb=7.792
[PROFILE batch=5]
  data_time      =0.0004s
  to_device_time =0.0021s
  forward_time   =0.3001s
  loss_time      =0.0021s
  backward_time  =0.3428s
  optimizer_time =0.0054s
  batch_time     =0.6530s
  cuda_allocated_gb    =0.125
  cuda_reserved_gb     =9.008
  cuda_max_allocated_gb=7.792
[PROFILE batch=6]
  data_time      =0.0004s
  to_device_time =0.0022s
  forward_time   =0.3024s
  loss_time      =0.0022s
  backward_time  =0.3460s
  optimizer_time =0.0053s
  batch_time     =0.6585s
  cuda_allocated_gb    =0.125
  cuda_reserved_gb     =9.008
  cuda_max_allocated_gb=7.792
[PROFILE batch=7]
  data_time      =0.0005s
  to_device_time =0.0021s
  forward_time   =0.2991s
  loss_time      =0.0021s
  backward_time  =0.3445s
  optimizer_time =0.0067s
  batch_time     =0.6549s
  cuda_allocated_gb    =0.125
  cuda_reserved_gb     =9.008
  cuda_max_allocated_gb=7.792
[PROFILE batch=8]
  data_time      =0.0006s
  to_device_time =0.0021s
  forward_time   =0.3050s
  loss_time      =0.0020s
  backward_time  =0.3440s
  optimizer_time =0.0055s
  batch_time     =0.6590s
  cuda_allocated_gb    =0.125
  cuda_reserved_gb     =9.008
  cuda_max_allocated_gb=7.792
[PROFILE batch=9]
  data_time      =0.0006s
  to_device_time =0.0022s
  forward_time   =0.3051s
  loss_time      =0.0020s
  backward_time  =0.3438s
  optimizer_time =0.0063s
  batch_time     =0.6600s
  cuda_allocated_gb    =0.125
  cuda_reserved_gb     =9.008
  cuda_max_allocated_gb=7.792
[PROFILE batch=10]
  data_time      =0.0005s
  to_device_time =0.0022s
  forward_time   =0.3017s
  loss_time      =0.0023s
  backward_time  =0.3462s
  optimizer_time =0.0054s
  batch_time     =0.6583s
  cuda_allocated_gb    =0.125
  cuda_reserved_gb     =9.008
  cuda_max_allocated_gb=7.792
[PROFILE batch=11]
  data_time      =0.0005s
  to_device_time =0.0021s
  forward_time   =0.3048s
  loss_time      =0.0020s
  backward_time  =0.3462s
  optimizer_time =0.0058s
  batch_time     =0.6614s
  cuda_allocated_gb    =0.125
  cuda_reserved_gb     =9.008
  cuda_max_allocated_gb=7.792
[PROFILE batch=12]
  data_time      =0.0005s
  to_device_time =0.0022s
  forward_time   =0.3057s
  loss_time      =0.0021s
  backward_time  =0.3434s
  optimizer_time =0.0058s
  batch_time     =0.6597s
  cuda_allocated_gb    =0.125
  cuda_reserved_gb     =9.008
  cuda_max_allocated_gb=7.792
[PROFILE batch=13]
  data_time      =0.0005s
  to_device_time =0.0021s
  forward_time   =0.3018s
  loss_time      =0.0021s
  backward_time  =0.3498s
  optimizer_time =0.0058s
  batch_time     =0.6620s
  cuda_allocated_gb    =0.125
  cuda_reserved_gb     =9.008
  cuda_max_allocated_gb=7.792
[PROFILE batch=14]
  data_time      =0.0004s
  to_device_time =0.0022s
  forward_time   =0.3055s
  loss_time      =0.0020s
  backward_time  =0.3530s
  optimizer_time =0.0055s
  batch_time     =0.6688s
  cuda_allocated_gb    =0.125
  cuda_reserved_gb     =9.008
  cuda_max_allocated_gb=7.792
[PROFILE batch=15]
  data_time      =0.0005s
  to_device_time =0.0014s
  forward_time   =0.1946s
  loss_time      =0.0021s
  backward_time  =0.2122s
  optimizer_time =0.0059s
  batch_time     =0.4167s
  cuda_allocated_gb    =0.094
  cuda_reserved_gb     =9.008
  cuda_max_allocated_gb=7.792
[PROFILE batch=16]
  data_time      =0.0005s
  to_device_time =0.0021s
  forward_time   =0.3044s
  loss_time      =0.0021s
  backward_time  =0.3490s
  optimizer_time =0.0060s
  batch_time     =0.6641s
  cuda_allocated_gb    =0.125
  cuda_reserved_gb     =9.008
  cuda_max_allocated_gb=7.792
[PROFILE batch=17]
  data_time      =0.0005s
  to_device_time =0.0021s
  forward_time   =0.3024s
  loss_time      =0.0022s
  backward_time  =0.3505s
  optimizer_time =0.0056s
  batch_time     =0.6632s
  cuda_allocated_gb    =0.125
  cuda_reserved_gb     =9.008
  cuda_max_allocated_gb=7.792
[PROFILE batch=18]
  data_time      =0.0005s
  to_device_time =0.0021s
  forward_time   =0.3057s
  loss_time      =0.0020s
  backward_time  =0.3552s
  optimizer_time =0.0056s
  batch_time     =0.6710s
  cuda_allocated_gb    =0.125
  cuda_reserved_gb     =9.008
  cuda_max_allocated_gb=7.792
[PROFILE batch=19]
  data_time      =0.0004s
  to_device_time =0.0022s
  forward_time   =0.3021s
  loss_time      =0.0022s
  backward_time  =0.3558s
  optimizer_time =0.0058s
  batch_time     =0.6686s
  cuda_allocated_gb    =0.125
  cuda_reserved_gb     =9.008
  cuda_max_allocated_gb=7.792

[PROFILE average first 20 batches (recorded=20)]
  avg_data_time      =0.0252s
  avg_to_device_time =0.0021s
  avg_forward_time   =0.2979s
  avg_loss_time      =0.0020s
  avg_backward_time  =0.3393s
  avg_optimizer_time =0.0057s
  avg_batch_time     =0.6477s
  estimated_full_epoch_minutes=9.92

val:   0%|          | 0/113 [00:00<?, ?it/s]/usr/local/lib/python3.12/dist-packages/torch/autograd/function.py:583: UserWarning: Was asked to gather along dimension 0, but all input tensors were scalars; will instead unsqueeze and return a vector.
  return super().apply(*args, **kwargs)  # type: ignore[misc]

val:   1%|          | 1/113 [00:00<00:55,  2.00it/s]
val:   2%|â–         | 2/113 [00:00<00:42,  2.64it/s]
val:   3%|â–Ž         | 3/113 [00:01<00:37,  2.94it/s]
val:   4%|â–Ž         | 4/113 [00:01<00:35,  3.11it/s]
val:   4%|â–         | 5/113 [00:01<00:33,  3.21it/s]
val:   5%|â–Œ         | 6/113 [00:01<00:32,  3.28it/s]
val:   6%|â–Œ         | 7/113 [00:02<00:31,  3.32it/s]
val:   7%|â–‹         | 8/113 [00:02<00:31,  3.35it/s]
val:   8%|â–Š         | 9/113 [00:02<00:30,  3.37it/s]
val:   9%|â–‰         | 10/113 [00:03<00:30,  3.37it/s]
                                                     
Epoch 008/015 | loss=2.5380 acc=0.1424 macro_f1=0.1293 | val_loss=2.5331 val_acc=0.2437 val_macro_f1=0.0560 | ckpt_monitor=val_macro_f1:0.0560 best_val_macro_f1=0.0647 best_epoch=1 early_val_macro_f1=0.0647 sec/batch=0.674s
          val pred_count: [0, 0, 0, 320, 0, 0, 0]
          no improvement: 7/12

train 9:   0%|          | 0/919 [00:00<?, ?it/s]/usr/local/lib/python3.12/dist-packages/torch/autograd/function.py:583: UserWarning: Was asked to gather along dimension 0, but all input tensors were scalars; will instead unsqueeze and return a vector.
  return super().apply(*args, **kwargs)  # type: ignore[misc]

train 9:   0%|          | 0/919 [00:01<?, ?it/s, loss=2.5080]
train 9:   0%|          | 1/919 [00:01<15:31,  1.02s/it, loss=2.5080]
train 9:   0%|          | 1/919 [00:01<15:31,  1.02s/it, loss=2.5338]
train 9:   0%|          | 2/919 [00:01<12:28,  1.22it/s, loss=2.5338]
train 9:   0%|          | 2/919 [00:02<12:28,  1.22it/s, loss=2.5174]
train 9:   0%|          | 3/919 [00:02<12:25,  1.23it/s, loss=2.5174]
train 9:   0%|          | 3/919 [00:03<12:25,  1.23it/s, loss=2.5411]
train 9:   0%|          | 4/919 [00:03<11:31,  1.32it/s, loss=2.5411]
train 9:   0%|          | 4/919 [00:03<11:31,  1.32it/s, loss=2.5484]
train 9:   1%|          | 5/919 [00:03<11:02,  1.38it/s, loss=2.5484]
train 9:   1%|          | 5/919 [00:04<11:02,  1.38it/s, loss=2.5180]
train 9:   1%|          | 6/919 [00:04<10:47,  1.41it/s, loss=2.5180]
train 9:   1%|          | 6/919 [00:05<10:47,  1.41it/s, loss=2.5348]
train 9:   1%|          | 7/919 [00:05<10:37,  1.43it/s, loss=2.5348]
train 9:   1%|          | 7/919 [00:05<10:37,  1.43it/s, loss=2.5706]
train 9:   1%|          | 8/919 [00:05<10:29,  1.45it/s, loss=2.5706]
train 9:   1%|          | 8/919 [00:06<10:29,  1.45it/s, loss=2.5342]
train 9:   1%|          | 9/919 [00:06<10:23,  1.46it/s, loss=2.5342]
train 9:   1%|          | 9/919 [00:07<10:23,  1.46it/s, loss=2.5502]
train 9:   1%|          | 10/919 [00:07<10:21,  1.46it/s, loss=2.5502]
train 9:   1%|          | 10/919 [00:07<10:21,  1.46it/s, loss=2.5355]
train 9:   1%|          | 11/919 [00:07<10:16,  1.47it/s, loss=2.5355]
train 9:   1%|          | 11/919 [00:08<10:16,  1.47it/s, loss=2.5406]
train 9:   1%|â–         | 12/919 [00:08<10:15,  1.47it/s, loss=2.5406]
train 9:   1%|â–         | 12/919 [00:09<10:15,  1.47it/s, loss=2.5083]
train 9:   1%|â–         | 13/919 [00:09<10:14,  1.47it/s, loss=2.5083]
train 9:   1%|â–         | 13/919 [00:09<10:14,  1.47it/s, loss=2.5462]
train 9:   2%|â–         | 14/919 [00:09<10:15,  1.47it/s, loss=2.5462]
train 9:   2%|â–         | 14/919 [00:10<10:15,  1.47it/s, loss=2.5256]
train 9:   2%|â–         | 15/919 [00:10<10:13,  1.47it/s, loss=2.5256]
train 9:   2%|â–         | 15/919 [00:11<10:13,  1.47it/s, loss=2.5339]
train 9:   2%|â–         | 16/919 [00:11<09:02,  1.66it/s, loss=2.5339]
train 9:   2%|â–         | 16/919 [00:11<09:02,  1.66it/s, loss=2.5360]
train 9:   2%|â–         | 17/919 [00:11<09:21,  1.61it/s, loss=2.5360]
train 9:   2%|â–         | 17/919 [00:12<09:21,  1.61it/s, loss=2.5186]
train 9:   2%|â–         | 18/919 [00:12<09:33,  1.57it/s, loss=2.5186]
train 9:   2%|â–         | 18/919 [00:13<09:33,  1.57it/s, loss=2.5822]
train 9:   2%|â–         | 19/919 [00:13<09:44,  1.54it/s, loss=2.5822]
train 9:   2%|â–         | 19/919 [00:13<09:44,  1.54it/s, loss=2.5511]
train 9:   2%|â–         | 20/919 [00:13<09:50,  1.52it/s, loss=2.5511]
train 9:   2%|â–         | 20/919 [00:14<09:50,  1.52it/s, loss=2.5600]
train 9:   2%|â–         | 21/919 [00:14<09:52,  1.52it/s, loss=2.5600]
train 9:   2%|â–         | 21/919 [00:15<09:52,  1.52it/s, loss=2.5406]
train 9:   2%|â–         | 22/919 [00:15<09:55,  1.51it/s, loss=2.5406]
train 9:   2%|â–         | 22/919 [00:15<09:55,  1.51it/s, loss=2.5106]
train 9:   3%|â–Ž         | 23/919 [00:15<09:56,  1.50it/s, loss=2.5106]
train 9:   3%|â–Ž         | 23/919 [00:16<09:56,  1.50it/s, loss=2.5188]
train 9:   3%|â–Ž         | 24/919 [00:16<09:55,  1.50it/s, loss=2.5188]
train 9:   3%|â–Ž         | 24/919 [00:17<09:55,  1.50it/s, loss=2.5376]
train 9:   3%|â–Ž         | 25/919 [00:17<09:55,  1.50it/s, loss=2.5376]
train 9:   3%|â–Ž         | 25/919 [00:17<09:55,  1.50it/s, loss=2.5462]
train 9:   3%|â–Ž         | 26/919 [00:17<09:54,  1.50it/s, loss=2.5462]
train 9:   3%|â–Ž         | 26/919 [00:18<09:54,  1.50it/s, loss=2.5325]
train 9:   3%|â–Ž         | 27/919 [00:18<09:55,  1.50it/s, loss=2.5325]
train 9:   3%|â–Ž         | 27/919 [00:19<09:55,  1.50it/s, loss=2.5454]
train 9:   3%|â–Ž         | 28/919 [00:19<09:55,  1.50it/s, loss=2.5454]
train 9:   3%|â–Ž         | 28/919 [00:19<09:55,  1.50it/s, loss=2.5485]
train 9:   3%|â–Ž         | 29/919 [00:19<09:54,  1.50it/s, loss=2.5485]
train 9:   3%|â–Ž         | 29/919 [00:20<09:54,  1.50it/s, loss=2.5177]
train 9:   3%|â–Ž         | 30/919 [00:20<09:54,  1.50it/s, loss=2.5177]
                                                                      
[PROFILE batch=0]
  data_time      =0.3394s
  to_device_time =0.0023s
  forward_time   =0.3134s
  loss_time      =0.0012s
  backward_time  =0.3492s
  optimizer_time =0.0055s
  batch_time     =0.6731s
  cuda_allocated_gb    =0.125
  cuda_reserved_gb     =9.008
  cuda_max_allocated_gb=7.792
[PROFILE batch=1]
  data_time      =0.0005s
  to_device_time =0.0022s
  forward_time   =0.3088s
  loss_time      =0.0020s
  backward_time  =0.3552s
  optimizer_time =0.0058s
  batch_time     =0.6744s
  cuda_allocated_gb    =0.125
  cuda_reserved_gb     =9.008
  cuda_max_allocated_gb=7.792
[PROFILE batch=2]
  data_time      =0.0003s
  to_device_time =0.0023s
  forward_time   =0.4446s
  loss_time      =0.0023s
  backward_time  =0.3518s
  optimizer_time =0.0055s
  batch_time     =0.8071s
  cuda_allocated_gb    =0.125
  cuda_reserved_gb     =9.008
  cuda_max_allocated_gb=7.792
[PROFILE batch=3]
  data_time      =0.0005s
  to_device_time =0.0021s
  forward_time   =0.2991s
  loss_time      =0.0022s
  backward_time  =0.3543s
  optimizer_time =0.0059s
  batch_time     =0.6639s
  cuda_allocated_gb    =0.125
  cuda_reserved_gb     =9.008
  cuda_max_allocated_gb=7.792
[PROFILE batch=4]
  data_time      =0.0005s
  to_device_time =0.0021s
  forward_time   =0.3029s
  loss_time      =0.0020s
  backward_time  =0.3551s
  optimizer_time =0.0054s
  batch_time     =0.6680s
  cuda_allocated_gb    =0.125
  cuda_reserved_gb     =9.008
  cuda_max_allocated_gb=7.792
[PROFILE batch=5]
  data_time      =0.0005s
  to_device_time =0.0022s
  forward_time   =0.3094s
  loss_time      =0.0020s
  backward_time  =0.3548s
  optimizer_time =0.0053s
  batch_time     =0.6743s
  cuda_allocated_gb    =0.125
  cuda_reserved_gb     =9.008
  cuda_max_allocated_gb=7.792
[PROFILE batch=6]
  data_time      =0.0005s
  to_device_time =0.0021s
  forward_time   =0.3043s
  loss_time      =0.0021s
  backward_time  =0.3604s
  optimizer_time =0.0055s
  batch_time     =0.6748s
  cuda_allocated_gb    =0.125
  cuda_reserved_gb     =9.008
  cuda_max_allocated_gb=7.792
[PROFILE batch=7]
  data_time      =0.0004s
  to_device_time =0.0021s
  forward_time   =0.3022s
  loss_time      =0.0023s
  backward_time  =0.3585s
  optimizer_time =0.0058s
  batch_time     =0.6713s
  cuda_allocated_gb    =0.125
  cuda_reserved_gb     =9.008
  cuda_max_allocated_gb=7.792
[PROFILE batch=8]
  data_time      =0.0006s
  to_device_time =0.0021s
  forward_time   =0.3055s
  loss_time      =0.0021s
  backward_time  =0.3540s
  optimizer_time =0.0058s
  batch_time     =0.6700s
  cuda_allocated_gb    =0.125
  cuda_reserved_gb     =9.008
  cuda_max_allocated_gb=7.792
[PROFILE batch=9]
  data_time      =0.0004s
  to_device_time =0.0022s
  forward_time   =0.3044s
  loss_time      =0.0022s
  backward_time  =0.3608s
  optimizer_time =0.0056s
  batch_time     =0.6756s
  cuda_allocated_gb    =0.125
  cuda_reserved_gb     =9.008
  cuda_max_allocated_gb=7.792
[PROFILE batch=10]
  data_time      =0.0004s
  to_device_time =0.0022s
  forward_time   =0.2999s
  loss_time      =0.0022s
  backward_time  =0.3550s
  optimizer_time =0.0061s
  batch_time     =0.6659s
  cuda_allocated_gb    =0.125
  cuda_reserved_gb     =9.008
  cuda_max_allocated_gb=7.792
[PROFILE batch=11]
  data_time      =0.0004s
  to_device_time =0.0021s
  forward_time   =0.3067s
  loss_time      =0.0021s
  backward_time  =0.3585s
  optimizer_time =0.0054s
  batch_time     =0.6752s
  cuda_allocated_gb    =0.125
  cuda_reserved_gb     =9.008
  cuda_max_allocated_gb=7.792
[PROFILE batch=12]
  data_time      =0.0005s
  to_device_time =0.0021s
  forward_time   =0.3047s
  loss_time      =0.0020s
  backward_time  =0.3602s
  optimizer_time =0.0057s
  batch_time     =0.6751s
  cuda_allocated_gb    =0.125
  cuda_reserved_gb     =9.008
  cuda_max_allocated_gb=7.792
[PROFILE batch=13]
  data_time      =0.0005s
  to_device_time =0.0021s
  forward_time   =0.3104s
  loss_time      =0.0020s
  backward_time  =0.3580s
  optimizer_time =0.0063s
  batch_time     =0.6795s
  cuda_allocated_gb    =0.125
  cuda_reserved_gb     =9.008
  cuda_max_allocated_gb=7.792
[PROFILE batch=14]
  data_time      =0.0005s
  to_device_time =0.0022s
  forward_time   =0.3118s
  loss_time      =0.0020s
  backward_time  =0.3500s
  optimizer_time =0.0052s
  batch_time     =0.6718s
  cuda_allocated_gb    =0.125
  cuda_reserved_gb     =9.008
  cuda_max_allocated_gb=7.792
[PROFILE batch=15]
  data_time      =0.0004s
  to_device_time =0.0014s
  forward_time   =0.1946s
  loss_time      =0.0021s
  backward_time  =0.2132s
  optimizer_time =0.0058s
  batch_time     =0.4175s
  cuda_allocated_gb    =0.094
  cuda_reserved_gb     =9.008
  cuda_max_allocated_gb=7.792
[PROFILE batch=16]
  data_time      =0.0005s
  to_device_time =0.0022s
  forward_time   =0.3018s
  loss_time      =0.0021s
  backward_time  =0.3572s
  optimizer_time =0.0054s
  batch_time     =0.6690s
  cuda_allocated_gb    =0.125
  cuda_reserved_gb     =9.008
  cuda_max_allocated_gb=7.792
[PROFILE batch=17]
  data_time      =0.0004s
  to_device_time =0.0022s
  forward_time   =0.3019s
  loss_time      =0.0021s
  backward_time  =0.3535s
  optimizer_time =0.0054s
  batch_time     =0.6655s
  cuda_allocated_gb    =0.125
  cuda_reserved_gb     =9.008
  cuda_max_allocated_gb=7.792
[PROFILE batch=18]
  data_time      =0.0005s
  to_device_time =0.0022s
  forward_time   =0.3140s
  loss_time      =0.0020s
  backward_time  =0.3514s
  optimizer_time =0.0062s
  batch_time     =0.6763s
  cuda_allocated_gb    =0.125
  cuda_reserved_gb     =9.008
  cuda_max_allocated_gb=7.792
[PROFILE batch=19]
  data_time      =0.0006s
  to_device_time =0.0021s
  forward_time   =0.3066s
  loss_time      =0.0020s
  backward_time  =0.3548s
  optimizer_time =0.0059s
  batch_time     =0.6720s
  cuda_allocated_gb    =0.125
  cuda_reserved_gb     =9.008
  cuda_max_allocated_gb=7.792

[PROFILE average first 20 batches (recorded=20)]
  avg_data_time      =0.0174s
  avg_to_device_time =0.0021s
  avg_forward_time   =0.3074s
  avg_loss_time      =0.0021s
  avg_backward_time  =0.3483s
  avg_optimizer_time =0.0057s
  avg_batch_time     =0.6660s
  estimated_full_epoch_minutes=10.20

val:   0%|          | 0/113 [00:00<?, ?it/s]/usr/local/lib/python3.12/dist-packages/torch/autograd/function.py:583: UserWarning: Was asked to gather along dimension 0, but all input tensors were scalars; will instead unsqueeze and return a vector.
  return super().apply(*args, **kwargs)  # type: ignore[misc]

val:   1%|          | 1/113 [00:00<00:53,  2.09it/s]
val:   2%|â–         | 2/113 [00:00<00:40,  2.71it/s]
val:   3%|â–Ž         | 3/113 [00:01<00:36,  2.99it/s]
val:   4%|â–Ž         | 4/113 [00:01<00:34,  3.14it/s]
val:   4%|â–         | 5/113 [00:01<00:33,  3.24it/s]
val:   5%|â–Œ         | 6/113 [00:01<00:32,  3.28it/s]
val:   6%|â–Œ         | 7/113 [00:02<00:31,  3.32it/s]
val:   7%|â–‹         | 8/113 [00:02<00:31,  3.35it/s]
val:   8%|â–Š         | 9/113 [00:02<00:30,  3.37it/s]
val:   9%|â–‰         | 10/113 [00:03<00:30,  3.38it/s]
                                                     
Epoch 009/015 | loss=2.5364 acc=0.1403 macro_f1=0.1286 | val_loss=2.5331 val_acc=0.2437 val_macro_f1=0.0560 | ckpt_monitor=val_macro_f1:0.0560 best_val_macro_f1=0.0647 best_epoch=1 early_val_macro_f1=0.0647 sec/batch=0.680s
          val pred_count: [0, 0, 0, 320, 0, 0, 0]
          no improvement: 8/12

train 10:   0%|          | 0/919 [00:00<?, ?it/s]/usr/local/lib/python3.12/dist-packages/torch/autograd/function.py:583: UserWarning: Was asked to gather along dimension 0, but all input tensors were scalars; will instead unsqueeze and return a vector.
  return super().apply(*args, **kwargs)  # type: ignore[misc]

train 10:   0%|          | 0/919 [00:00<?, ?it/s, loss=2.5197]
train 10:   0%|          | 1/919 [00:00<15:06,  1.01it/s, loss=2.5197]
train 10:   0%|          | 1/919 [00:01<15:06,  1.01it/s, loss=2.5817]
train 10:   0%|          | 2/919 [00:01<12:10,  1.26it/s, loss=2.5817]
train 10:   0%|          | 2/919 [00:02<12:10,  1.26it/s, loss=2.5666]
train 10:   0%|          | 3/919 [00:02<11:14,  1.36it/s, loss=2.5666]
train 10:   0%|          | 3/919 [00:02<11:14,  1.36it/s, loss=2.5108]
train 10:   0%|          | 4/919 [00:02<10:46,  1.42it/s, loss=2.5108]
train 10:   0%|          | 4/919 [00:03<10:46,  1.42it/s, loss=2.5707]
train 10:   1%|          | 5/919 [00:03<10:33,  1.44it/s, loss=2.5707]
train 10:   1%|          | 5/919 [00:04<10:33,  1.44it/s, loss=2.5194]
train 10:   1%|          | 6/919 [00:04<10:22,  1.47it/s, loss=2.5194]
train 10:   1%|          | 6/919 [00:04<10:22,  1.47it/s, loss=2.5300]
train 10:   1%|          | 7/919 [00:04<10:16,  1.48it/s, loss=2.5300]
train 10:   1%|          | 7/919 [00:05<10:16,  1.48it/s, loss=2.5276]
train 10:   1%|          | 8/919 [00:05<10:11,  1.49it/s, loss=2.5276]
train 10:   1%|          | 8/919 [00:06<10:11,  1.49it/s, loss=2.5446]
train 10:   1%|          | 9/919 [00:06<10:07,  1.50it/s, loss=2.5446]
train 10:   1%|          | 9/919 [00:06<10:07,  1.50it/s, loss=2.5612]
train 10:   1%|          | 10/919 [00:06<10:06,  1.50it/s, loss=2.5612]
train 10:   1%|          | 10/919 [00:07<10:06,  1.50it/s, loss=2.4995]
train 10:   1%|          | 11/919 [00:07<10:05,  1.50it/s, loss=2.4995]
train 10:   1%|          | 11/919 [00:08<10:05,  1.50it/s, loss=2.5713]
train 10:   1%|â–         | 12/919 [00:08<10:04,  1.50it/s, loss=2.5713]
train 10:   1%|â–         | 12/919 [00:08<10:04,  1.50it/s, loss=2.5548]
train 10:   1%|â–         | 13/919 [00:08<10:01,  1.51it/s, loss=2.5548]
train 10:   1%|â–         | 13/919 [00:09<10:01,  1.51it/s, loss=2.5145]
train 10:   2%|â–         | 14/919 [00:09<09:59,  1.51it/s, loss=2.5145]
train 10:   2%|â–         | 14/919 [00:10<09:59,  1.51it/s, loss=2.5463]
train 10:   2%|â–         | 15/919 [00:10<09:57,  1.51it/s, loss=2.5463]
train 10:   2%|â–         | 15/919 [00:10<09:57,  1.51it/s, loss=2.5572]
train 10:   2%|â–         | 16/919 [00:10<08:51,  1.70it/s, loss=2.5572]
train 10:   2%|â–         | 16/919 [00:11<08:51,  1.70it/s, loss=2.5396]
train 10:   2%|â–         | 17/919 [00:11<09:10,  1.64it/s, loss=2.5396]
train 10:   2%|â–         | 17/919 [00:11<09:10,  1.64it/s, loss=2.5753]
train 10:   2%|â–         | 18/919 [00:11<09:22,  1.60it/s, loss=2.5753]
train 10:   2%|â–         | 18/919 [00:12<09:22,  1.60it/s, loss=2.5600]
train 10:   2%|â–         | 19/919 [00:12<09:31,  1.57it/s, loss=2.5600]
train 10:   2%|â–         | 19/919 [00:13<09:31,  1.57it/s, loss=2.5491]
train 10:   2%|â–         | 20/919 [00:13<09:38,  1.55it/s, loss=2.5491]
train 10:   2%|â–         | 20/919 [00:13<09:38,  1.55it/s, loss=2.5279]
train 10:   2%|â–         | 21/919 [00:13<09:41,  1.54it/s, loss=2.5279]
train 10:   2%|â–         | 21/919 [00:14<09:41,  1.54it/s, loss=2.5623]
train 10:   2%|â–         | 22/919 [00:14<09:42,  1.54it/s, loss=2.5623]
train 10:   2%|â–         | 22/919 [00:15<09:42,  1.54it/s, loss=2.5185]
train 10:   3%|â–Ž         | 23/919 [00:15<09:43,  1.53it/s, loss=2.5185]
train 10:   3%|â–Ž         | 23/919 [00:15<09:43,  1.53it/s, loss=2.5285]
train 10:   3%|â–Ž         | 24/919 [00:15<09:44,  1.53it/s, loss=2.5285]
train 10:   3%|â–Ž         | 24/919 [00:16<09:44,  1.53it/s, loss=2.5443]
train 10:   3%|â–Ž         | 25/919 [00:16<09:47,  1.52it/s, loss=2.5443]
train 10:   3%|â–Ž         | 25/919 [00:17<09:47,  1.52it/s, loss=2.5388]
train 10:   3%|â–Ž         | 26/919 [00:17<09:44,  1.53it/s, loss=2.5388]
train 10:   3%|â–Ž         | 26/919 [00:17<09:44,  1.53it/s, loss=2.5392]
train 10:   3%|â–Ž         | 27/919 [00:17<09:44,  1.53it/s, loss=2.5392]
train 10:   3%|â–Ž         | 27/919 [00:18<09:44,  1.53it/s, loss=2.5610]
train 10:   3%|â–Ž         | 28/919 [00:18<09:45,  1.52it/s, loss=2.5610]
train 10:   3%|â–Ž         | 28/919 [00:19<09:45,  1.52it/s, loss=2.5621]
train 10:   3%|â–Ž         | 29/919 [00:19<09:42,  1.53it/s, loss=2.5621]
train 10:   3%|â–Ž         | 29/919 [00:19<09:42,  1.53it/s, loss=2.5505]
train 10:   3%|â–Ž         | 30/919 [00:19<09:42,  1.53it/s, loss=2.5505]
                                                                       
[PROFILE batch=0]
  data_time      =0.3087s
  to_device_time =0.0046s
  forward_time   =0.3178s
  loss_time      =0.0012s
  backward_time  =0.3461s
  optimizer_time =0.0054s
  batch_time     =0.6760s
  cuda_allocated_gb    =0.125
  cuda_reserved_gb     =9.008
  cuda_max_allocated_gb=7.792
[PROFILE batch=1]
  data_time      =0.0005s
  to_device_time =0.0022s
  forward_time   =0.2986s
  loss_time      =0.0019s
  backward_time  =0.3504s
  optimizer_time =0.0057s
  batch_time     =0.6592s
  cuda_allocated_gb    =0.125
  cuda_reserved_gb     =9.008
  cuda_max_allocated_gb=7.792
[PROFILE batch=2]
  data_time      =0.0005s
  to_device_time =0.0021s
  forward_time   =0.3038s
  loss_time      =0.0021s
  backward_time  =0.3474s
  optimizer_time =0.0058s
  batch_time     =0.6615s
  cuda_allocated_gb    =0.125
  cuda_reserved_gb     =9.008
  cuda_max_allocated_gb=7.792
[PROFILE batch=3]
  data_time      =0.0005s
  to_device_time =0.0021s
  forward_time   =0.3023s
  loss_time      =0.0020s
  backward_time  =0.3456s
  optimizer_time =0.0057s
  batch_time     =0.6581s
  cuda_allocated_gb    =0.125
  cuda_reserved_gb     =9.008
  cuda_max_allocated_gb=7.792
[PROFILE batch=4]
  data_time      =0.0005s
  to_device_time =0.0021s
  forward_time   =0.3007s
  loss_time      =0.0021s
  backward_time  =0.3542s
  optimizer_time =0.0056s
  batch_time     =0.6651s
  cuda_allocated_gb    =0.125
  cuda_reserved_gb     =9.008
  cuda_max_allocated_gb=7.792
[PROFILE batch=5]
  data_time      =0.0005s
  to_device_time =0.0022s
  forward_time   =0.3004s
  loss_time      =0.0021s
  backward_time  =0.3470s
  optimizer_time =0.0056s
  batch_time     =0.6577s
  cuda_allocated_gb    =0.125
  cuda_reserved_gb     =9.008
  cuda_max_allocated_gb=7.792
[PROFILE batch=6]
  data_time      =0.0005s
  to_device_time =0.0021s
  forward_time   =0.3035s
  loss_time      =0.0020s
  backward_time  =0.3457s
  optimizer_time =0.0057s
  batch_time     =0.6594s
  cuda_allocated_gb    =0.125
  cuda_reserved_gb     =9.008
  cuda_max_allocated_gb=7.792
[PROFILE batch=7]
  data_time      =0.0005s
  to_device_time =0.0021s
  forward_time   =0.3023s
  loss_time      =0.0021s
  backward_time  =0.3461s
  optimizer_time =0.0056s
  batch_time     =0.6587s
  cuda_allocated_gb    =0.125
  cuda_reserved_gb     =9.008
  cuda_max_allocated_gb=7.792
[PROFILE batch=8]
  data_time      =0.0007s
  to_device_time =0.0021s
  forward_time   =0.3000s
  loss_time      =0.0020s
  backward_time  =0.3469s
  optimizer_time =0.0062s
  batch_time     =0.6576s
  cuda_allocated_gb    =0.125
  cuda_reserved_gb     =9.008
  cuda_max_allocated_gb=7.792
[PROFILE batch=9]
  data_time      =0.0006s
  to_device_time =0.0021s
  forward_time   =0.3041s
  loss_time      =0.0023s
  backward_time  =0.3465s
  optimizer_time =0.0054s
  batch_time     =0.6609s
  cuda_allocated_gb    =0.125
  cuda_reserved_gb     =9.008
  cuda_max_allocated_gb=7.792
[PROFILE batch=10]
  data_time      =0.0005s
  to_device_time =0.0021s
  forward_time   =0.3028s
  loss_time      =0.0021s
  backward_time  =0.3499s
  optimizer_time =0.0059s
  batch_time     =0.6632s
  cuda_allocated_gb    =0.125
  cuda_reserved_gb     =9.008
  cuda_max_allocated_gb=7.792
[PROFILE batch=11]
  data_time      =0.0005s
  to_device_time =0.0021s
  forward_time   =0.3023s
  loss_time      =0.0021s
  backward_time  =0.3512s
  optimizer_time =0.0055s
  batch_time     =0.6636s
  cuda_allocated_gb    =0.125
  cuda_reserved_gb     =9.008
  cuda_max_allocated_gb=7.792
[PROFILE batch=12]
  data_time      =0.0005s
  to_device_time =0.0021s
  forward_time   =0.3013s
  loss_time      =0.0021s
  backward_time  =0.3417s
  optimizer_time =0.0053s
  batch_time     =0.6529s
  cuda_allocated_gb    =0.125
  cuda_reserved_gb     =9.008
  cuda_max_allocated_gb=7.792
[PROFILE batch=13]
  data_time      =0.0005s
  to_device_time =0.0022s
  forward_time   =0.3031s
  loss_time      =0.0021s
  backward_time  =0.3425s
  optimizer_time =0.0062s
  batch_time     =0.6564s
  cuda_allocated_gb    =0.125
  cuda_reserved_gb     =9.008
  cuda_max_allocated_gb=7.792
[PROFILE batch=14]
  data_time      =0.0005s
  to_device_time =0.0022s
  forward_time   =0.3002s
  loss_time      =0.0020s
  backward_time  =0.3462s
  optimizer_time =0.0057s
  batch_time     =0.6566s
  cuda_allocated_gb    =0.125
  cuda_reserved_gb     =9.008
  cuda_max_allocated_gb=7.792
[PROFILE batch=15]
  data_time      =0.0004s
  to_device_time =0.0014s
  forward_time   =0.1938s
  loss_time      =0.0020s
  backward_time  =0.2116s
  optimizer_time =0.0056s
  batch_time     =0.4148s
  cuda_allocated_gb    =0.094
  cuda_reserved_gb     =9.008
  cuda_max_allocated_gb=7.792
[PROFILE batch=16]
  data_time      =0.0005s
  to_device_time =0.0021s
  forward_time   =0.3010s
  loss_time      =0.0021s
  backward_time  =0.3461s
  optimizer_time =0.0058s
  batch_time     =0.6575s
  cuda_allocated_gb    =0.125
  cuda_reserved_gb     =9.008
  cuda_max_allocated_gb=7.792
[PROFILE batch=17]
  data_time      =0.0005s
  to_device_time =0.0021s
  forward_time   =0.3032s
  loss_time      =0.0020s
  backward_time  =0.3431s
  optimizer_time =0.0055s
  batch_time     =0.6564s
  cuda_allocated_gb    =0.125
  cuda_reserved_gb     =9.008
  cuda_max_allocated_gb=7.792
[PROFILE batch=18]
  data_time      =0.0005s
  to_device_time =0.0022s
  forward_time   =0.3005s
  loss_time      =0.0021s
  backward_time  =0.3462s
  optimizer_time =0.0061s
  batch_time     =0.6575s
  cuda_allocated_gb    =0.125
  cuda_reserved_gb     =9.008
  cuda_max_allocated_gb=7.792
[PROFILE batch=19]
  data_time      =0.0005s
  to_device_time =0.0022s
  forward_time   =0.3033s
  loss_time      =0.0021s
  backward_time  =0.3442s
  optimizer_time =0.0057s
  batch_time     =0.6579s
  cuda_allocated_gb    =0.125
  cuda_reserved_gb     =9.008
  cuda_max_allocated_gb=7.792

[PROFILE average first 20 batches (recorded=20)]
  avg_data_time      =0.0159s
  avg_to_device_time =0.0022s
  avg_forward_time   =0.2972s
  avg_loss_time      =0.0020s
  avg_backward_time  =0.3399s
  avg_optimizer_time =0.0057s
  avg_batch_time     =0.6476s
  estimated_full_epoch_minutes=9.92

val:   0%|          | 0/113 [00:00<?, ?it/s]/usr/local/lib/python3.12/dist-packages/torch/autograd/function.py:583: UserWarning: Was asked to gather along dimension 0, but all input tensors were scalars; will instead unsqueeze and return a vector.
  return super().apply(*args, **kwargs)  # type: ignore[misc]

val:   1%|          | 1/113 [00:00<00:56,  2.00it/s]
val:   2%|â–         | 2/113 [00:00<00:42,  2.63it/s]
val:   3%|â–Ž         | 3/113 [00:01<00:37,  2.94it/s]
val:   4%|â–Ž         | 4/113 [00:01<00:35,  3.11it/s]
val:   4%|â–         | 5/113 [00:01<00:33,  3.23it/s]
val:   5%|â–Œ         | 6/113 [00:01<00:32,  3.30it/s]
val:   6%|â–Œ         | 7/113 [00:02<00:31,  3.33it/s]
val:   7%|â–‹         | 8/113 [00:02<00:31,  3.37it/s]
val:   8%|â–Š         | 9/113 [00:02<00:30,  3.39it/s]
val:   9%|â–‰         | 10/113 [00:03<00:30,  3.39it/s]
                                                     
Epoch 010/015 | loss=2.5444 acc=0.1435 macro_f1=0.1336 | val_loss=2.5331 val_acc=0.2437 val_macro_f1=0.0560 | ckpt_monitor=val_macro_f1:0.0560 best_val_macro_f1=0.0647 best_epoch=1 early_val_macro_f1=0.0647 sec/batch=0.663s
          val pred_count: [0, 0, 0, 320, 0, 0, 0]
          no improvement: 9/12

train 11:   0%|          | 0/919 [00:00<?, ?it/s]/usr/local/lib/python3.12/dist-packages/torch/autograd/function.py:583: UserWarning: Was asked to gather along dimension 0, but all input tensors were scalars; will instead unsqueeze and return a vector.
  return super().apply(*args, **kwargs)  # type: ignore[misc]

train 11:   0%|          | 0/919 [00:00<?, ?it/s, loss=2.5486]
train 11:   0%|          | 1/919 [00:00<15:13,  1.01it/s, loss=2.5486]
train 11:   0%|          | 1/919 [00:01<15:13,  1.01it/s, loss=2.5403]
train 11:   0%|          | 2/919 [00:01<12:11,  1.25it/s, loss=2.5403]
train 11:   0%|          | 2/919 [00:02<12:11,  1.25it/s, loss=2.5537]
train 11:   0%|          | 3/919 [00:02<11:13,  1.36it/s, loss=2.5537]
train 11:   0%|          | 3/919 [00:02<11:13,  1.36it/s, loss=2.5164]
train 11:   0%|          | 4/919 [00:02<10:44,  1.42it/s, loss=2.5164]
train 11:   0%|          | 4/919 [00:03<10:44,  1.42it/s, loss=2.5644]
train 11:   1%|          | 5/919 [00:03<10:30,  1.45it/s, loss=2.5644]
train 11:   1%|          | 5/919 [00:04<10:30,  1.45it/s, loss=2.5548]
train 11:   1%|          | 6/919 [00:04<10:20,  1.47it/s, loss=2.5548]
train 11:   1%|          | 6/919 [00:04<10:20,  1.47it/s, loss=2.5474]
train 11:   1%|          | 7/919 [00:04<10:13,  1.49it/s, loss=2.5474]
train 11:   1%|          | 7/919 [00:05<10:13,  1.49it/s, loss=2.5516]
train 11:   1%|          | 8/919 [00:05<10:06,  1.50it/s, loss=2.5516]
train 11:   1%|          | 8/919 [00:06<10:06,  1.50it/s, loss=2.5378]
train 11:   1%|          | 9/919 [00:06<10:05,  1.50it/s, loss=2.5378]
train 11:   1%|          | 9/919 [00:06<10:05,  1.50it/s, loss=2.5359]
train 11:   1%|          | 10/919 [00:06<10:03,  1.51it/s, loss=2.5359]
train 11:   1%|          | 10/919 [00:07<10:03,  1.51it/s, loss=2.5311]
train 11:   1%|          | 11/919 [00:07<10:01,  1.51it/s, loss=2.5311]
train 11:   1%|          | 11/919 [00:08<10:01,  1.51it/s, loss=2.5380]
train 11:   1%|â–         | 12/919 [00:08<09:59,  1.51it/s, loss=2.5380]
train 11:   1%|â–         | 12/919 [00:08<09:59,  1.51it/s, loss=2.5183]
train 11:   1%|â–         | 13/919 [00:08<09:57,  1.52it/s, loss=2.5183]
train 11:   1%|â–         | 13/919 [00:09<09:57,  1.52it/s, loss=2.5092]
train 11:   2%|â–         | 14/919 [00:09<09:57,  1.52it/s, loss=2.5092]
train 11:   2%|â–         | 14/919 [00:10<09:57,  1.52it/s, loss=2.5401]
train 11:   2%|â–         | 15/919 [00:10<09:56,  1.52it/s, loss=2.5401]
train 11:   2%|â–         | 15/919 [00:10<09:56,  1.52it/s, loss=2.5642]
train 11:   2%|â–         | 16/919 [00:10<08:50,  1.70it/s, loss=2.5642]
train 11:   2%|â–         | 16/919 [00:11<08:50,  1.70it/s, loss=2.5435]
train 11:   2%|â–         | 17/919 [00:11<09:09,  1.64it/s, loss=2.5435]
train 11:   2%|â–         | 17/919 [00:11<09:09,  1.64it/s, loss=2.5219]
train 11:   2%|â–         | 18/919 [00:11<09:23,  1.60it/s, loss=2.5219]
train 11:   2%|â–         | 18/919 [00:12<09:23,  1.60it/s, loss=2.5650]
train 11:   2%|â–         | 19/919 [00:12<09:31,  1.58it/s, loss=2.5650]
train 11:   2%|â–         | 19/919 [00:13<09:31,  1.58it/s, loss=2.5160]
train 11:   2%|â–         | 20/919 [00:13<09:37,  1.56it/s, loss=2.5160]
train 11:   2%|â–         | 20/919 [00:13<09:37,  1.56it/s, loss=2.5232]
train 11:   2%|â–         | 21/919 [00:13<09:39,  1.55it/s, loss=2.5232]
train 11:   2%|â–         | 21/919 [00:14<09:39,  1.55it/s, loss=2.5172]
train 11:   2%|â–         | 22/919 [00:14<09:41,  1.54it/s, loss=2.5172]
train 11:   2%|â–         | 22/919 [00:15<09:41,  1.54it/s, loss=2.5371]
train 11:   3%|â–Ž         | 23/919 [00:15<09:42,  1.54it/s, loss=2.5371]
train 11:   3%|â–Ž         | 23/919 [00:15<09:42,  1.54it/s, loss=2.5582]
train 11:   3%|â–Ž         | 24/919 [00:15<09:43,  1.53it/s, loss=2.5582]
train 11:   3%|â–Ž         | 24/919 [00:16<09:43,  1.53it/s, loss=2.5220]
train 11:   3%|â–Ž         | 25/919 [00:16<09:45,  1.53it/s, loss=2.5220]
train 11:   3%|â–Ž         | 25/919 [00:17<09:45,  1.53it/s, loss=2.5396]
train 11:   3%|â–Ž         | 26/919 [00:17<09:46,  1.52it/s, loss=2.5396]
train 11:   3%|â–Ž         | 26/919 [00:17<09:46,  1.52it/s, loss=2.5504]
train 11:   3%|â–Ž         | 27/919 [00:17<09:45,  1.52it/s, loss=2.5504]
train 11:   3%|â–Ž         | 27/919 [00:18<09:45,  1.52it/s, loss=2.5207]
train 11:   3%|â–Ž         | 28/919 [00:18<09:43,  1.53it/s, loss=2.5207]
train 11:   3%|â–Ž         | 28/919 [00:19<09:43,  1.53it/s, loss=2.5271]
train 11:   3%|â–Ž         | 29/919 [00:19<09:41,  1.53it/s, loss=2.5271]
train 11:   3%|â–Ž         | 29/919 [00:19<09:41,  1.53it/s, loss=2.5597]
train 11:   3%|â–Ž         | 30/919 [00:19<09:40,  1.53it/s, loss=2.5597]
                                                                       
[PROFILE batch=0]
  data_time      =0.3209s
  to_device_time =0.0023s
  forward_time   =0.3115s
  loss_time      =0.0012s
  backward_time  =0.3495s
  optimizer_time =0.0056s
  batch_time     =0.6714s
  cuda_allocated_gb    =0.125
  cuda_reserved_gb     =9.008
  cuda_max_allocated_gb=7.792
[PROFILE batch=1]
  data_time      =0.0005s
  to_device_time =0.0022s
  forward_time   =0.3073s
  loss_time      =0.0019s
  backward_time  =0.3375s
  optimizer_time =0.0061s
  batch_time     =0.6557s
  cuda_allocated_gb    =0.125
  cuda_reserved_gb     =9.008
  cuda_max_allocated_gb=7.792
[PROFILE batch=2]
  data_time      =0.0006s
  to_device_time =0.0021s
  forward_time   =0.3017s
  loss_time      =0.0020s
  backward_time  =0.3463s
  optimizer_time =0.0056s
  batch_time     =0.6581s
  cuda_allocated_gb    =0.125
  cuda_reserved_gb     =9.008
  cuda_max_allocated_gb=7.792
[PROFILE batch=3]
  data_time      =0.0005s
  to_device_time =0.0021s
  forward_time   =0.3003s
  loss_time      =0.0020s
  backward_time  =0.3401s
  optimizer_time =0.0080s
  batch_time     =0.6530s
  cuda_allocated_gb    =0.125
  cuda_reserved_gb     =9.008
  cuda_max_allocated_gb=7.792
[PROFILE batch=4]
  data_time      =0.0005s
  to_device_time =0.0022s
  forward_time   =0.3081s
  loss_time      =0.0020s
  backward_time  =0.3426s
  optimizer_time =0.0057s
  batch_time     =0.6611s
  cuda_allocated_gb    =0.125
  cuda_reserved_gb     =9.008
  cuda_max_allocated_gb=7.792
[PROFILE batch=5]
  data_time      =0.0005s
  to_device_time =0.0021s
  forward_time   =0.3009s
  loss_time      =0.0021s
  backward_time  =0.3459s
  optimizer_time =0.0062s
  batch_time     =0.6577s
  cuda_allocated_gb    =0.125
  cuda_reserved_gb     =9.008
  cuda_max_allocated_gb=7.792
[PROFILE batch=6]
  data_time      =0.0005s
  to_device_time =0.0022s
  forward_time   =0.3010s
  loss_time      =0.0023s
  backward_time  =0.3420s
  optimizer_time =0.0056s
  batch_time     =0.6535s
  cuda_allocated_gb    =0.125
  cuda_reserved_gb     =9.008
  cuda_max_allocated_gb=7.792
[PROFILE batch=7]
  data_time      =0.0005s
  to_device_time =0.0021s
  forward_time   =0.2992s
  loss_time      =0.0021s
  backward_time  =0.3396s
  optimizer_time =0.0061s
  batch_time     =0.6496s
  cuda_allocated_gb    =0.125
  cuda_reserved_gb     =9.008
  cuda_max_allocated_gb=7.792
[PROFILE batch=8]
  data_time      =0.0007s
  to_device_time =0.0022s
  forward_time   =0.3056s
  loss_time      =0.0020s
  backward_time  =0.3432s
  optimizer_time =0.0057s
  batch_time     =0.6593s
  cuda_allocated_gb    =0.125
  cuda_reserved_gb     =9.008
  cuda_max_allocated_gb=7.792
[PROFILE batch=9]
  data_time      =0.0005s
  to_device_time =0.0021s
  forward_time   =0.3055s
  loss_time      =0.0022s
  backward_time  =0.3406s
  optimizer_time =0.0061s
  batch_time     =0.6569s
  cuda_allocated_gb    =0.125
  cuda_reserved_gb     =9.008
  cuda_max_allocated_gb=7.792
[PROFILE batch=10]
  data_time      =0.0005s
  to_device_time =0.0021s
  forward_time   =0.3038s
  loss_time      =0.0022s
  backward_time  =0.3433s
  optimizer_time =0.0055s
  batch_time     =0.6573s
  cuda_allocated_gb    =0.125
  cuda_reserved_gb     =9.008
  cuda_max_allocated_gb=7.792
[PROFILE batch=11]
  data_time      =0.0004s
  to_device_time =0.0022s
  forward_time   =0.3012s
  loss_time      =0.0022s
  backward_time  =0.3443s
  optimizer_time =0.0058s
  batch_time     =0.6562s
  cuda_allocated_gb    =0.125
  cuda_reserved_gb     =9.008
  cuda_max_allocated_gb=7.792
[PROFILE batch=12]
  data_time      =0.0005s
  to_device_time =0.0021s
  forward_time   =0.3011s
  loss_time      =0.0021s
  backward_time  =0.3413s
  optimizer_time =0.0056s
  batch_time     =0.6527s
  cuda_allocated_gb    =0.125
  cuda_reserved_gb     =9.008
  cuda_max_allocated_gb=7.792
[PROFILE batch=13]
  data_time      =0.0004s
  to_device_time =0.0022s
  forward_time   =0.2992s
  loss_time      =0.0021s
  backward_time  =0.3483s
  optimizer_time =0.0055s
  batch_time     =0.6578s
  cuda_allocated_gb    =0.125
  cuda_reserved_gb     =9.008
  cuda_max_allocated_gb=7.792
[PROFILE batch=14]
  data_time      =0.0005s
  to_device_time =0.0021s
  forward_time   =0.3029s
  loss_time      =0.0020s
  backward_time  =0.3415s
  optimizer_time =0.0055s
  batch_time     =0.6545s
  cuda_allocated_gb    =0.125
  cuda_reserved_gb     =9.008
  cuda_max_allocated_gb=7.792
[PROFILE batch=15]
  data_time      =0.0005s
  to_device_time =0.0014s
  forward_time   =0.1958s
  loss_time      =0.0020s
  backward_time  =0.2109s
  optimizer_time =0.0059s
  batch_time     =0.4165s
  cuda_allocated_gb    =0.094
  cuda_reserved_gb     =9.008
  cuda_max_allocated_gb=7.792
[PROFILE batch=16]
  data_time      =0.0005s
  to_device_time =0.0022s
  forward_time   =0.3025s
  loss_time      =0.0020s
  backward_time  =0.3442s
  optimizer_time =0.0056s
  batch_time     =0.6569s
  cuda_allocated_gb    =0.125
  cuda_reserved_gb     =9.008
  cuda_max_allocated_gb=7.792
[PROFILE batch=17]
  data_time      =0.0005s
  to_device_time =0.0021s
  forward_time   =0.2992s
  loss_time      =0.0020s
  backward_time  =0.3496s
  optimizer_time =0.0060s
  batch_time     =0.6595s
  cuda_allocated_gb    =0.125
  cuda_reserved_gb     =9.008
  cuda_max_allocated_gb=7.792
[PROFILE batch=18]
  data_time      =0.0005s
  to_device_time =0.0022s
  forward_time   =0.3018s
  loss_time      =0.0021s
  backward_time  =0.3424s
  optimizer_time =0.0055s
  batch_time     =0.6544s
  cuda_allocated_gb    =0.125
  cuda_reserved_gb     =9.008
  cuda_max_allocated_gb=7.792
[PROFILE batch=19]
  data_time      =0.0005s
  to_device_time =0.0021s
  forward_time   =0.3019s
  loss_time      =0.0022s
  backward_time  =0.3453s
  optimizer_time =0.0060s
  batch_time     =0.6579s
  cuda_allocated_gb    =0.125
  cuda_reserved_gb     =9.008
  cuda_max_allocated_gb=7.792

[PROFILE average first 20 batches (recorded=20)]
  avg_data_time      =0.0165s
  avg_to_device_time =0.0021s
  avg_forward_time   =0.2975s
  avg_loss_time      =0.0020s
  avg_backward_time  =0.3369s
  avg_optimizer_time =0.0059s
  avg_batch_time     =0.6450s
  estimated_full_epoch_minutes=9.88

val:   0%|          | 0/113 [00:00<?, ?it/s]/usr/local/lib/python3.12/dist-packages/torch/autograd/function.py:583: UserWarning: Was asked to gather along dimension 0, but all input tensors were scalars; will instead unsqueeze and return a vector.
  return super().apply(*args, **kwargs)  # type: ignore[misc]

val:   1%|          | 1/113 [00:00<00:52,  2.12it/s]
val:   2%|â–         | 2/113 [00:00<00:40,  2.72it/s]
val:   3%|â–Ž         | 3/113 [00:01<00:36,  2.99it/s]
val:   4%|â–Ž         | 4/113 [00:01<00:34,  3.14it/s]
val:   4%|â–         | 5/113 [00:01<00:33,  3.23it/s]
val:   5%|â–Œ         | 6/113 [00:01<00:32,  3.29it/s]
val:   6%|â–Œ         | 7/113 [00:02<00:31,  3.32it/s]
val:   7%|â–‹         | 8/113 [00:02<00:31,  3.35it/s]
val:   8%|â–Š         | 9/113 [00:02<00:30,  3.37it/s]
val:   9%|â–‰         | 10/113 [00:03<00:30,  3.37it/s]
                                                     
Epoch 011/015 | loss=2.5384 acc=0.1255 macro_f1=0.1171 | val_loss=2.5331 val_acc=0.2437 val_macro_f1=0.0560 | ckpt_monitor=val_macro_f1:0.0560 best_val_macro_f1=0.0647 best_epoch=1 early_val_macro_f1=0.0647 sec/batch=0.661s
          val pred_count: [0, 0, 0, 320, 0, 0, 0]
          no improvement: 10/12

train 12:   0%|          | 0/919 [00:00<?, ?it/s]/usr/local/lib/python3.12/dist-packages/torch/autograd/function.py:583: UserWarning: Was asked to gather along dimension 0, but all input tensors were scalars; will instead unsqueeze and return a vector.
  return super().apply(*args, **kwargs)  # type: ignore[misc]

train 12:   0%|          | 0/919 [00:00<?, ?it/s, loss=2.5454]
train 12:   0%|          | 1/919 [00:00<15:06,  1.01it/s, loss=2.5454]
train 12:   0%|          | 1/919 [00:01<15:06,  1.01it/s, loss=2.5220]
train 12:   0%|          | 2/919 [00:01<12:06,  1.26it/s, loss=2.5220]
train 12:   0%|          | 2/919 [00:02<12:06,  1.26it/s, loss=2.5391]
train 12:   0%|          | 3/919 [00:02<11:08,  1.37it/s, loss=2.5391]
train 12:   0%|          | 3/919 [00:02<11:08,  1.37it/s, loss=2.5356]
train 12:   0%|          | 4/919 [00:02<10:40,  1.43it/s, loss=2.5356]
train 12:   0%|          | 4/919 [00:03<10:40,  1.43it/s, loss=2.5322]
train 12:   1%|          | 5/919 [00:03<10:24,  1.46it/s, loss=2.5322]
train 12:   1%|          | 5/919 [00:04<10:24,  1.46it/s, loss=2.5475]
train 12:   1%|          | 6/919 [00:04<10:15,  1.48it/s, loss=2.5475]
train 12:   1%|          | 6/919 [00:04<10:15,  1.48it/s, loss=2.5555]
train 12:   1%|          | 7/919 [00:04<10:09,  1.50it/s, loss=2.5555]
train 12:   1%|          | 7/919 [00:05<10:09,  1.50it/s, loss=2.5033]
train 12:   1%|          | 8/919 [00:05<10:03,  1.51it/s, loss=2.5033]
train 12:   1%|          | 8/919 [00:06<10:03,  1.51it/s, loss=2.5393]
train 12:   1%|          | 9/919 [00:06<10:01,  1.51it/s, loss=2.5393]
train 12:   1%|          | 9/919 [00:06<10:01,  1.51it/s, loss=2.5398]
train 12:   1%|          | 10/919 [00:06<10:00,  1.51it/s, loss=2.5398]
train 12:   1%|          | 10/919 [00:07<10:00,  1.51it/s, loss=2.5151]
train 12:   1%|          | 11/919 [00:07<09:57,  1.52it/s, loss=2.5151]
train 12:   1%|          | 11/919 [00:08<09:57,  1.52it/s, loss=2.5366]
train 12:   1%|â–         | 12/919 [00:08<10:29,  1.44it/s, loss=2.5366]
train 12:   1%|â–         | 12/919 [00:08<10:29,  1.44it/s, loss=2.5166]
train 12:   1%|â–         | 13/919 [00:08<10:19,  1.46it/s, loss=2.5166]
train 12:   1%|â–         | 13/919 [00:09<10:19,  1.46it/s, loss=2.5510]
train 12:   2%|â–         | 14/919 [00:09<10:12,  1.48it/s, loss=2.5510]
train 12:   2%|â–         | 14/919 [00:10<10:12,  1.48it/s, loss=2.5436]
train 12:   2%|â–         | 15/919 [00:10<10:13,  1.47it/s, loss=2.5436]
train 12:   2%|â–         | 15/919 [00:10<10:13,  1.47it/s, loss=2.5081]
train 12:   2%|â–         | 16/919 [00:10<09:00,  1.67it/s, loss=2.5081]
train 12:   2%|â–         | 16/919 [00:11<09:00,  1.67it/s, loss=2.5289]
train 12:   2%|â–         | 17/919 [00:11<09:17,  1.62it/s, loss=2.5289]
train 12:   2%|â–         | 17/919 [00:12<09:17,  1.62it/s, loss=2.5289]
train 12:   2%|â–         | 18/919 [00:12<09:27,  1.59it/s, loss=2.5289]
train 12:   2%|â–         | 18/919 [00:12<09:27,  1.59it/s, loss=2.5585]
train 12:   2%|â–         | 19/919 [00:12<09:35,  1.57it/s, loss=2.5585]
train 12:   2%|â–         | 19/919 [00:13<09:35,  1.57it/s, loss=2.5318]
train 12:   2%|â–         | 20/919 [00:13<09:40,  1.55it/s, loss=2.5318]
train 12:   2%|â–         | 20/919 [00:14<09:40,  1.55it/s, loss=2.5290]
train 12:   2%|â–         | 21/919 [00:14<09:43,  1.54it/s, loss=2.5290]
train 12:   2%|â–         | 21/919 [00:14<09:43,  1.54it/s, loss=2.5400]
train 12:   2%|â–         | 22/919 [00:14<09:44,  1.54it/s, loss=2.5400]
train 12:   2%|â–         | 22/919 [00:15<09:44,  1.54it/s, loss=2.5397]
train 12:   3%|â–Ž         | 23/919 [00:15<09:42,  1.54it/s, loss=2.5397]
train 12:   3%|â–Ž         | 23/919 [00:15<09:42,  1.54it/s, loss=2.5245]
train 12:   3%|â–Ž         | 24/919 [00:15<09:43,  1.53it/s, loss=2.5245]
train 12:   3%|â–Ž         | 24/919 [00:16<09:43,  1.53it/s, loss=2.5288]
train 12:   3%|â–Ž         | 25/919 [00:16<09:46,  1.52it/s, loss=2.5288]
train 12:   3%|â–Ž         | 25/919 [00:17<09:46,  1.52it/s, loss=2.5408]
train 12:   3%|â–Ž         | 26/919 [00:17<09:46,  1.52it/s, loss=2.5408]
train 12:   3%|â–Ž         | 26/919 [00:17<09:46,  1.52it/s, loss=2.5295]
train 12:   3%|â–Ž         | 27/919 [00:17<09:46,  1.52it/s, loss=2.5295]
train 12:   3%|â–Ž         | 27/919 [00:18<09:46,  1.52it/s, loss=2.5311]
train 12:   3%|â–Ž         | 28/919 [00:18<09:45,  1.52it/s, loss=2.5311]
train 12:   3%|â–Ž         | 28/919 [00:19<09:45,  1.52it/s, loss=2.5389]
train 12:   3%|â–Ž         | 29/919 [00:19<09:44,  1.52it/s, loss=2.5389]
train 12:   3%|â–Ž         | 29/919 [00:19<09:44,  1.52it/s, loss=2.5470]
train 12:   3%|â–Ž         | 30/919 [00:19<09:44,  1.52it/s, loss=2.5470]
                                                                       
[PROFILE batch=0]
  data_time      =0.3183s
  to_device_time =0.0024s
  forward_time   =0.3189s
  loss_time      =0.0012s
  backward_time  =0.3374s
  optimizer_time =0.0057s
  batch_time     =0.6670s
  cuda_allocated_gb    =0.125
  cuda_reserved_gb     =9.008
  cuda_max_allocated_gb=7.792
[PROFILE batch=1]
  data_time      =0.0005s
  to_device_time =0.0021s
  forward_time   =0.3004s
  loss_time      =0.0020s
  backward_time  =0.3422s
  optimizer_time =0.0056s
  batch_time     =0.6527s
  cuda_allocated_gb    =0.125
  cuda_reserved_gb     =9.008
  cuda_max_allocated_gb=7.792
[PROFILE batch=2]
  data_time      =0.0004s
  to_device_time =0.0022s
  forward_time   =0.3012s
  loss_time      =0.0022s
  backward_time  =0.3413s
  optimizer_time =0.0059s
  batch_time     =0.6532s
  cuda_allocated_gb    =0.125
  cuda_reserved_gb     =9.008
  cuda_max_allocated_gb=7.792
[PROFILE batch=3]
  data_time      =0.0004s
  to_device_time =0.0021s
  forward_time   =0.3004s
  loss_time      =0.0019s
  backward_time  =0.3397s
  optimizer_time =0.0055s
  batch_time     =0.6501s
  cuda_allocated_gb    =0.125
  cuda_reserved_gb     =9.008
  cuda_max_allocated_gb=7.792
[PROFILE batch=4]
  data_time      =0.0004s
  to_device_time =0.0022s
  forward_time   =0.2989s
  loss_time      =0.0021s
  backward_time  =0.3412s
  optimizer_time =0.0060s
  batch_time     =0.6508s
  cuda_allocated_gb    =0.125
  cuda_reserved_gb     =9.008
  cuda_max_allocated_gb=7.792
[PROFILE batch=5]
  data_time      =0.0004s
  to_device_time =0.0022s
  forward_time   =0.3023s
  loss_time      =0.0021s
  backward_time  =0.3425s
  optimizer_time =0.0056s
  batch_time     =0.6551s
  cuda_allocated_gb    =0.125
  cuda_reserved_gb     =9.008
  cuda_max_allocated_gb=7.792
[PROFILE batch=6]
  data_time      =0.0004s
  to_device_time =0.0022s
  forward_time   =0.3012s
  loss_time      =0.0020s
  backward_time  =0.3391s
  optimizer_time =0.0060s
  batch_time     =0.6509s
  cuda_allocated_gb    =0.125
  cuda_reserved_gb     =9.008
  cuda_max_allocated_gb=7.792
[PROFILE batch=7]
  data_time      =0.0004s
  to_device_time =0.0022s
  forward_time   =0.2996s
  loss_time      =0.0021s
  backward_time  =0.3385s
  optimizer_time =0.0054s
  batch_time     =0.6483s
  cuda_allocated_gb    =0.125
  cuda_reserved_gb     =9.008
  cuda_max_allocated_gb=7.792
[PROFILE batch=8]
  data_time      =0.0007s
  to_device_time =0.0022s
  forward_time   =0.3002s
  loss_time      =0.0021s
  backward_time  =0.3433s
  optimizer_time =0.0057s
  batch_time     =0.6542s
  cuda_allocated_gb    =0.125
  cuda_reserved_gb     =9.008
  cuda_max_allocated_gb=7.792
[PROFILE batch=9]
  data_time      =0.0004s
  to_device_time =0.0022s
  forward_time   =0.3024s
  loss_time      =0.0021s
  backward_time  =0.3432s
  optimizer_time =0.0056s
  batch_time     =0.6558s
  cuda_allocated_gb    =0.125
  cuda_reserved_gb     =9.008
  cuda_max_allocated_gb=7.792
[PROFILE batch=10]
  data_time      =0.0004s
  to_device_time =0.0022s
  forward_time   =0.2997s
  loss_time      =0.0023s
  backward_time  =0.3396s
  optimizer_time =0.0060s
  batch_time     =0.6502s
  cuda_allocated_gb    =0.125
  cuda_reserved_gb     =9.008
  cuda_max_allocated_gb=7.792
[PROFILE batch=11]
  data_time      =0.0005s
  to_device_time =0.0022s
  forward_time   =0.4238s
  loss_time      =0.0022s
  backward_time  =0.3376s
  optimizer_time =0.0057s
  batch_time     =0.7719s
  cuda_allocated_gb    =0.125
  cuda_reserved_gb     =9.008
  cuda_max_allocated_gb=7.792
[PROFILE batch=12]
  data_time      =0.0005s
  to_device_time =0.0022s
  forward_time   =0.3020s
  loss_time      =0.0022s
  backward_time  =0.3440s
  optimizer_time =0.0061s
  batch_time     =0.6570s
  cuda_allocated_gb    =0.125
  cuda_reserved_gb     =9.008
  cuda_max_allocated_gb=7.792
[PROFILE batch=13]
  data_time      =0.0004s
  to_device_time =0.0021s
  forward_time   =0.3015s
  loss_time      =0.0021s
  backward_time  =0.3423s
  optimizer_time =0.0076s
  batch_time     =0.6560s
  cuda_allocated_gb    =0.125
  cuda_reserved_gb     =9.008
  cuda_max_allocated_gb=7.792
[PROFILE batch=14]
  data_time      =0.0006s
  to_device_time =0.0022s
  forward_time   =0.3180s
  loss_time      =0.0025s
  backward_time  =0.3493s
  optimizer_time =0.0055s
  batch_time     =0.6780s
  cuda_allocated_gb    =0.125
  cuda_reserved_gb     =9.008
  cuda_max_allocated_gb=7.792
[PROFILE batch=15]
  data_time      =0.0005s
  to_device_time =0.0014s
  forward_time   =0.1952s
  loss_time      =0.0021s
  backward_time  =0.2055s
  optimizer_time =0.0052s
  batch_time     =0.4100s
  cuda_allocated_gb    =0.094
  cuda_reserved_gb     =9.008
  cuda_max_allocated_gb=7.792
[PROFILE batch=16]
  data_time      =0.0005s
  to_device_time =0.0022s
  forward_time   =0.3041s
  loss_time      =0.0020s
  backward_time  =0.3449s
  optimizer_time =0.0058s
  batch_time     =0.6595s
  cuda_allocated_gb    =0.125
  cuda_reserved_gb     =9.008
  cuda_max_allocated_gb=7.792
[PROFILE batch=17]
  data_time      =0.0005s
  to_device_time =0.0022s
  forward_time   =0.3034s
  loss_time      =0.0020s
  backward_time  =0.3432s
  optimizer_time =0.0056s
  batch_time     =0.6568s
  cuda_allocated_gb    =0.125
  cuda_reserved_gb     =9.008
  cuda_max_allocated_gb=7.792
[PROFILE batch=18]
  data_time      =0.0005s
  to_device_time =0.0021s
  forward_time   =0.3015s
  loss_time      =0.0021s
  backward_time  =0.3430s
  optimizer_time =0.0068s
  batch_time     =0.6558s
  cuda_allocated_gb    =0.125
  cuda_reserved_gb     =9.008
  cuda_max_allocated_gb=7.792
[PROFILE batch=19]
  data_time      =0.0005s
  to_device_time =0.0022s
  forward_time   =0.3067s
  loss_time      =0.0020s
  backward_time  =0.3412s
  optimizer_time =0.0059s
  batch_time     =0.6586s
  cuda_allocated_gb    =0.125
  cuda_reserved_gb     =9.008
  cuda_max_allocated_gb=7.792

[PROFILE average first 20 batches (recorded=20)]
  avg_data_time      =0.0164s
  avg_to_device_time =0.0021s
  avg_forward_time   =0.3041s
  avg_loss_time      =0.0021s
  avg_backward_time  =0.3350s
  avg_optimizer_time =0.0059s
  avg_batch_time     =0.6496s
  estimated_full_epoch_minutes=9.95

val:   0%|          | 0/113 [00:00<?, ?it/s]/usr/local/lib/python3.12/dist-packages/torch/autograd/function.py:583: UserWarning: Was asked to gather along dimension 0, but all input tensors were scalars; will instead unsqueeze and return a vector.
  return super().apply(*args, **kwargs)  # type: ignore[misc]

val:   1%|          | 1/113 [00:00<00:56,  1.97it/s]
val:   2%|â–         | 2/113 [00:00<00:42,  2.61it/s]
val:   3%|â–Ž         | 3/113 [00:01<00:37,  2.90it/s]
val:   4%|â–Ž         | 4/113 [00:01<00:35,  3.07it/s]
val:   4%|â–         | 5/113 [00:01<00:33,  3.18it/s]
val:   5%|â–Œ         | 6/113 [00:01<00:32,  3.24it/s]
val:   6%|â–Œ         | 7/113 [00:02<00:32,  3.30it/s]
val:   7%|â–‹         | 8/113 [00:02<00:31,  3.34it/s]
val:   8%|â–Š         | 9/113 [00:02<00:31,  3.34it/s]
val:   9%|â–‰         | 10/113 [00:03<00:30,  3.37it/s]
                                                     
Epoch 012/015 | loss=2.5343 acc=0.1498 macro_f1=0.1372 | val_loss=2.5331 val_acc=0.2437 val_macro_f1=0.0560 | ckpt_monitor=val_macro_f1:0.0560 best_val_macro_f1=0.0647 best_epoch=1 early_val_macro_f1=0.0647 sec/batch=0.665s
          val pred_count: [0, 0, 0, 320, 0, 0, 0]
          no improvement: 11/12

train 13:   0%|          | 0/919 [00:00<?, ?it/s]/usr/local/lib/python3.12/dist-packages/torch/autograd/function.py:583: UserWarning: Was asked to gather along dimension 0, but all input tensors were scalars; will instead unsqueeze and return a vector.
  return super().apply(*args, **kwargs)  # type: ignore[misc]

train 13:   0%|          | 0/919 [00:00<?, ?it/s, loss=2.5726]
train 13:   0%|          | 1/919 [00:00<15:07,  1.01it/s, loss=2.5726]
train 13:   0%|          | 1/919 [00:01<15:07,  1.01it/s, loss=2.5333]
train 13:   0%|          | 2/919 [00:01<12:10,  1.26it/s, loss=2.5333]
train 13:   0%|          | 2/919 [00:02<12:10,  1.26it/s, loss=2.5276]
train 13:   0%|          | 3/919 [00:02<11:11,  1.36it/s, loss=2.5276]
train 13:   0%|          | 3/919 [00:02<11:11,  1.36it/s, loss=2.5442]
train 13:   0%|          | 4/919 [00:02<10:44,  1.42it/s, loss=2.5442]
train 13:   0%|          | 4/919 [00:03<10:44,  1.42it/s, loss=2.5375]
train 13:   1%|          | 5/919 [00:03<10:28,  1.45it/s, loss=2.5375]
train 13:   1%|          | 5/919 [00:04<10:28,  1.45it/s, loss=2.5190]
train 13:   1%|          | 6/919 [00:04<10:19,  1.47it/s, loss=2.5190]
train 13:   1%|          | 6/919 [00:04<10:19,  1.47it/s, loss=2.5076]
train 13:   1%|          | 7/919 [00:04<10:12,  1.49it/s, loss=2.5076]
train 13:   1%|          | 7/919 [00:05<10:12,  1.49it/s, loss=2.5196]
train 13:   1%|          | 8/919 [00:05<10:09,  1.50it/s, loss=2.5196]
train 13:   1%|          | 8/919 [00:06<10:09,  1.50it/s, loss=2.5335]
train 13:   1%|          | 9/919 [00:06<10:07,  1.50it/s, loss=2.5335]
train 13:   1%|          | 9/919 [00:06<10:07,  1.50it/s, loss=2.5517]
train 13:   1%|          | 10/919 [00:06<10:06,  1.50it/s, loss=2.5517]
train 13:   1%|          | 10/919 [00:07<10:06,  1.50it/s, loss=2.5413]
train 13:   1%|          | 11/919 [00:07<10:06,  1.50it/s, loss=2.5413]
train 13:   1%|          | 11/919 [00:08<10:06,  1.50it/s, loss=2.5477]
train 13:   1%|â–         | 12/919 [00:08<10:04,  1.50it/s, loss=2.5477]
train 13:   1%|â–         | 12/919 [00:08<10:04,  1.50it/s, loss=2.5395]
train 13:   1%|â–         | 13/919 [00:08<10:01,  1.50it/s, loss=2.5395]
train 13:   1%|â–         | 13/919 [00:09<10:01,  1.50it/s, loss=2.5202]
train 13:   2%|â–         | 14/919 [00:09<10:00,  1.51it/s, loss=2.5202]
train 13:   2%|â–         | 14/919 [00:10<10:00,  1.51it/s, loss=2.5161]
train 13:   2%|â–         | 15/919 [00:10<09:59,  1.51it/s, loss=2.5161]
train 13:   2%|â–         | 15/919 [00:10<09:59,  1.51it/s, loss=2.5443]
train 13:   2%|â–         | 16/919 [00:10<08:52,  1.70it/s, loss=2.5443]
train 13:   2%|â–         | 16/919 [00:11<08:52,  1.70it/s, loss=2.5499]
train 13:   2%|â–         | 17/919 [00:11<09:10,  1.64it/s, loss=2.5499]
train 13:   2%|â–         | 17/919 [00:11<09:10,  1.64it/s, loss=2.5224]
train 13:   2%|â–         | 18/919 [00:11<09:24,  1.60it/s, loss=2.5224]
train 13:   2%|â–         | 18/919 [00:12<09:24,  1.60it/s, loss=2.5452]
train 13:   2%|â–         | 19/919 [00:12<09:32,  1.57it/s, loss=2.5452]
train 13:   2%|â–         | 19/919 [00:13<09:32,  1.57it/s, loss=2.5358]
train 13:   2%|â–         | 20/919 [00:13<09:38,  1.55it/s, loss=2.5358]
train 13:   2%|â–         | 20/919 [00:13<09:38,  1.55it/s, loss=2.5388]
train 13:   2%|â–         | 21/919 [00:13<09:41,  1.54it/s, loss=2.5388]
train 13:   2%|â–         | 21/919 [00:14<09:41,  1.54it/s, loss=2.5579]
train 13:   2%|â–         | 22/919 [00:14<09:44,  1.54it/s, loss=2.5579]
train 13:   2%|â–         | 22/919 [00:15<09:44,  1.54it/s, loss=2.5592]
train 13:   3%|â–Ž         | 23/919 [00:15<09:45,  1.53it/s, loss=2.5592]
train 13:   3%|â–Ž         | 23/919 [00:15<09:45,  1.53it/s, loss=2.5342]
train 13:   3%|â–Ž         | 24/919 [00:15<09:46,  1.53it/s, loss=2.5342]
train 13:   3%|â–Ž         | 24/919 [00:16<09:46,  1.53it/s, loss=2.5168]
train 13:   3%|â–Ž         | 25/919 [00:16<09:46,  1.52it/s, loss=2.5168]
train 13:   3%|â–Ž         | 25/919 [00:17<09:46,  1.52it/s, loss=2.5358]
train 13:   3%|â–Ž         | 26/919 [00:17<09:47,  1.52it/s, loss=2.5358]
train 13:   3%|â–Ž         | 26/919 [00:17<09:47,  1.52it/s, loss=2.5569]
train 13:   3%|â–Ž         | 27/919 [00:17<09:47,  1.52it/s, loss=2.5569]
train 13:   3%|â–Ž         | 27/919 [00:18<09:47,  1.52it/s, loss=2.5166]
train 13:   3%|â–Ž         | 28/919 [00:18<09:46,  1.52it/s, loss=2.5166]
train 13:   3%|â–Ž         | 28/919 [00:19<09:46,  1.52it/s, loss=2.5192]
train 13:   3%|â–Ž         | 29/919 [00:19<09:45,  1.52it/s, loss=2.5192]
train 13:   3%|â–Ž         | 29/919 [00:19<09:45,  1.52it/s, loss=2.4988]
train 13:   3%|â–Ž         | 30/919 [00:19<09:44,  1.52it/s, loss=2.4988]
                                                                       
[PROFILE batch=0]
  data_time      =0.3139s
  to_device_time =0.0023s
  forward_time   =0.3193s
  loss_time      =0.0013s
  backward_time  =0.3405s
  optimizer_time =0.0052s
  batch_time     =0.6718s
  cuda_allocated_gb    =0.125
  cuda_reserved_gb     =9.008
  cuda_max_allocated_gb=7.792
[PROFILE batch=1]
  data_time      =0.0005s
  to_device_time =0.0022s
  forward_time   =0.3037s
  loss_time      =0.0019s
  backward_time  =0.3443s
  optimizer_time =0.0058s
  batch_time     =0.6585s
  cuda_allocated_gb    =0.125
  cuda_reserved_gb     =9.008
  cuda_max_allocated_gb=7.792
[PROFILE batch=2]
  data_time      =0.0004s
  to_device_time =0.0022s
  forward_time   =0.3003s
  loss_time      =0.0020s
  backward_time  =0.3447s
  optimizer_time =0.0054s
  batch_time     =0.6550s
  cuda_allocated_gb    =0.125
  cuda_reserved_gb     =9.008
  cuda_max_allocated_gb=7.792
[PROFILE batch=3]
  data_time      =0.0005s
  to_device_time =0.0021s
  forward_time   =0.3022s
  loss_time      =0.0021s
  backward_time  =0.3457s
  optimizer_time =0.0054s
  batch_time     =0.6580s
  cuda_allocated_gb    =0.125
  cuda_reserved_gb     =9.008
  cuda_max_allocated_gb=7.792
[PROFILE batch=4]
  data_time      =0.0005s
  to_device_time =0.0021s
  forward_time   =0.3003s
  loss_time      =0.0020s
  backward_time  =0.3449s
  optimizer_time =0.0058s
  batch_time     =0.6556s
  cuda_allocated_gb    =0.125
  cuda_reserved_gb     =9.008
  cuda_max_allocated_gb=7.792
[PROFILE batch=5]
  data_time      =0.0006s
  to_device_time =0.0022s
  forward_time   =0.3015s
  loss_time      =0.0020s
  backward_time  =0.3438s
  optimizer_time =0.0061s
  batch_time     =0.6560s
  cuda_allocated_gb    =0.125
  cuda_reserved_gb     =9.008
  cuda_max_allocated_gb=7.792
[PROFILE batch=6]
  data_time      =0.0005s
  to_device_time =0.0022s
  forward_time   =0.3002s
  loss_time      =0.0021s
  backward_time  =0.3429s
  optimizer_time =0.0055s
  batch_time     =0.6533s
  cuda_allocated_gb    =0.125
  cuda_reserved_gb     =9.008
  cuda_max_allocated_gb=7.792
[PROFILE batch=7]
  data_time      =0.0005s
  to_device_time =0.0021s
  forward_time   =0.3029s
  loss_time      =0.0023s
  backward_time  =0.3464s
  optimizer_time =0.0061s
  batch_time     =0.6603s
  cuda_allocated_gb    =0.125
  cuda_reserved_gb     =9.008
  cuda_max_allocated_gb=7.792
[PROFILE batch=8]
  data_time      =0.0006s
  to_device_time =0.0022s
  forward_time   =0.3085s
  loss_time      =0.0021s
  backward_time  =0.3432s
  optimizer_time =0.0059s
  batch_time     =0.6626s
  cuda_allocated_gb    =0.125
  cuda_reserved_gb     =9.008
  cuda_max_allocated_gb=7.792
[PROFILE batch=9]
  data_time      =0.0005s
  to_device_time =0.0022s
  forward_time   =0.3078s
  loss_time      =0.0021s
  backward_time  =0.3448s
  optimizer_time =0.0060s
  batch_time     =0.6635s
  cuda_allocated_gb    =0.125
  cuda_reserved_gb     =9.008
  cuda_max_allocated_gb=7.792
[PROFILE batch=10]
  data_time      =0.0005s
  to_device_time =0.0022s
  forward_time   =0.3082s
  loss_time      =0.0020s
  backward_time  =0.3466s
  optimizer_time =0.0060s
  batch_time     =0.6655s
  cuda_allocated_gb    =0.125
  cuda_reserved_gb     =9.008
  cuda_max_allocated_gb=7.792
[PROFILE batch=11]
  data_time      =0.0004s
  to_device_time =0.0022s
  forward_time   =0.3025s
  loss_time      =0.0020s
  backward_time  =0.3464s
  optimizer_time =0.0075s
  batch_time     =0.6610s
  cuda_allocated_gb    =0.125
  cuda_reserved_gb     =9.008
  cuda_max_allocated_gb=7.792
[PROFILE batch=12]
  data_time      =0.0004s
  to_device_time =0.0022s
  forward_time   =0.3022s
  loss_time      =0.0020s
  backward_time  =0.3442s
  optimizer_time =0.0055s
  batch_time     =0.6565s
  cuda_allocated_gb    =0.125
  cuda_reserved_gb     =9.008
  cuda_max_allocated_gb=7.792
[PROFILE batch=13]
  data_time      =0.0004s
  to_device_time =0.0021s
  forward_time   =0.3051s
  loss_time      =0.0020s
  backward_time  =0.3441s
  optimizer_time =0.0053s
  batch_time     =0.6591s
  cuda_allocated_gb    =0.125
  cuda_reserved_gb     =9.008
  cuda_max_allocated_gb=7.792
[PROFILE batch=14]
  data_time      =0.0005s
  to_device_time =0.0022s
  forward_time   =0.3056s
  loss_time      =0.0020s
  backward_time  =0.3419s
  optimizer_time =0.0061s
  batch_time     =0.6584s
  cuda_allocated_gb    =0.125
  cuda_reserved_gb     =9.008
  cuda_max_allocated_gb=7.792
[PROFILE batch=15]
  data_time      =0.0006s
  to_device_time =0.0014s
  forward_time   =0.1967s
  loss_time      =0.0024s
  backward_time  =0.2079s
  optimizer_time =0.0055s
  batch_time     =0.4144s
  cuda_allocated_gb    =0.094
  cuda_reserved_gb     =9.008
  cuda_max_allocated_gb=7.792
[PROFILE batch=16]
  data_time      =0.0005s
  to_device_time =0.0021s
  forward_time   =0.3027s
  loss_time      =0.0020s
  backward_time  =0.3426s
  optimizer_time =0.0052s
  batch_time     =0.6550s
  cuda_allocated_gb    =0.125
  cuda_reserved_gb     =9.008
  cuda_max_allocated_gb=7.792
[PROFILE batch=17]
  data_time      =0.0004s
  to_device_time =0.0022s
  forward_time   =0.3032s
  loss_time      =0.0022s
  backward_time  =0.3488s
  optimizer_time =0.0055s
  batch_time     =0.6624s
  cuda_allocated_gb    =0.125
  cuda_reserved_gb     =9.008
  cuda_max_allocated_gb=7.792
[PROFILE batch=18]
  data_time      =0.0004s
  to_device_time =0.0022s
  forward_time   =0.2994s
  loss_time      =0.0021s
  backward_time  =0.3461s
  optimizer_time =0.0056s
  batch_time     =0.6557s
  cuda_allocated_gb    =0.125
  cuda_reserved_gb     =9.008
  cuda_max_allocated_gb=7.792
[PROFILE batch=19]
  data_time      =0.0005s
  to_device_time =0.0021s
  forward_time   =0.3027s
  loss_time      =0.0021s
  backward_time  =0.3459s
  optimizer_time =0.0057s
  batch_time     =0.6591s
  cuda_allocated_gb    =0.125
  cuda_reserved_gb     =9.008
  cuda_max_allocated_gb=7.792

[PROFILE average first 20 batches (recorded=20)]
  avg_data_time      =0.0162s
  avg_to_device_time =0.0021s
  avg_forward_time   =0.2988s
  avg_loss_time      =0.0020s
  avg_backward_time  =0.3378s
  avg_optimizer_time =0.0058s
  avg_batch_time     =0.6471s
  estimated_full_epoch_minutes=9.91

val:   0%|          | 0/113 [00:00<?, ?it/s]/usr/local/lib/python3.12/dist-packages/torch/autograd/function.py:583: UserWarning: Was asked to gather along dimension 0, but all input tensors were scalars; will instead unsqueeze and return a vector.
  return super().apply(*args, **kwargs)  # type: ignore[misc]

val:   1%|          | 1/113 [00:00<00:50,  2.21it/s]
val:   2%|â–         | 2/113 [00:00<00:39,  2.79it/s]
val:   3%|â–Ž         | 3/113 [00:01<00:36,  3.04it/s]
val:   4%|â–Ž         | 4/113 [00:01<00:34,  3.19it/s]
val:   4%|â–         | 5/113 [00:01<00:33,  3.25it/s]
val:   5%|â–Œ         | 6/113 [00:01<00:32,  3.31it/s]
val:   6%|â–Œ         | 7/113 [00:02<00:31,  3.34it/s]
val:   7%|â–‹         | 8/113 [00:02<00:31,  3.36it/s]
val:   8%|â–Š         | 9/113 [00:02<00:30,  3.38it/s]
val:   9%|â–‰         | 10/113 [00:03<00:30,  3.39it/s]
                                                     
Epoch 013/015 | loss=2.5348 acc=0.1224 macro_f1=0.1112 | val_loss=2.5331 val_acc=0.2437 val_macro_f1=0.0560 | ckpt_monitor=val_macro_f1:0.0560 best_val_macro_f1=0.0647 best_epoch=1 early_val_macro_f1=0.0647 sec/batch=0.663s
          val pred_count: [0, 0, 0, 320, 0, 0, 0]
          no improvement: 12/12
Early stopping after 12 stale epochs
Training done best_epoch=1 best_metric=0.064709
Logged d12a_stable_ce_first_fastio_safe to reports/d11_experiments_log.csv