epoch,lr,epoch_duration_sec,global_optimizer_step,early_stop_monitor_active,early_stop_patience,gpu_peak_allocated_mib,gpu_peak_reserved_mib,train_loss,ce_final,weighted_ce_motif,weighted_ce_pixel,weighted_diversity,weighted_mi,consistency_loss_raw,weighted_consistency,supcon_loss_raw,supcon_loss_weighted,valid_supcon_anchor_fraction,mean_positive_count,tau,H_local_raw,H_local_normalized,H_global_raw,H_global_normalized,L_MI,mean_entropy,effective_motif_count,min_utilization,max_utilization,std_utilization,mean_top1_probability,mean_top2_probability,mean_top1_top2_margin,mean_offdiag_prototype_cosine,mean_alpha_8,mean_alpha_12,mean_alpha_16,std_alpha_8,std_alpha_12,std_alpha_16,motif_l1_selected_k,motif_l1_entropy,motif_l1_top1_mass,motif_l1_boundary_tie_count,motif_l1_local_share,motif_l1_meso_share,motif_l1_far_share,motif_l1_edge_universe_coverage,motif_l2_selected_k,motif_l2_entropy,motif_l2_top1_mass,motif_l2_boundary_tie_count,motif_l2_local_share,motif_l2_meso_share,motif_l2_far_share,motif_l2_edge_universe_coverage,motif_l3_selected_k,motif_l3_entropy,motif_l3_top1_mass,motif_l3_boundary_tie_count,motif_l3_local_share,motif_l3_meso_share,motif_l3_far_share,motif_l3_edge_universe_coverage,motif_l4_selected_k,motif_l4_entropy,motif_l4_top1_mass,motif_l4_boundary_tie_count,motif_l4_local_share,motif_l4_meso_share,motif_l4_far_share,motif_l4_edge_universe_coverage,motif_l5_selected_k,motif_l5_entropy,motif_l5_top1_mass,motif_l5_boundary_tie_count,motif_l5_local_share,motif_l5_meso_share,motif_l5_far_share,motif_l5_edge_universe_coverage,train_accuracy,consistency_group_fraction,val_raw_loss,val_raw_accuracy,val_raw_macro_f1,val_tta_loss,val_tta_accuracy,val_tta_macro_f1
1,5.9999999999999995e-05,426.60946578,897,False,0,2824.81494140625,3182.0,2.2775646447263385,1.7103117252866935,0.34015498145350204,0.09219727668871122,5.099815798862159e-05,-6.539823141061472e-05,0.006106186129110992,0.000915927957204771,2.679982747954881,0.1339991404521992,0.9167160124013307,2.8420661968257908,0.699999988079071,3.858787579705687,0.9967933967468187,3.8689143646389983,0.9994093259572858,-0.0026159292104671176,3.858787579705687,47.40792246578073,0.018540691336895662,0.024466670730254624,0.0014059754625274752,0.02948870013412722,0.02778665992693491,0.0017020402407434748,-0.00025746439429152293,0.31249633047240144,0.33663588803079986,0.35086776124483915,0.029952768060313884,0.01728071017952053,0.025584929503557296,8.0,2.0553423165569127,0.16895554452514802,43552.0,0.18447760352499912,0.4151472268915005,0.40037516996551487,0.9915967342364318,16.0,2.7333177258142953,0.0989449943459193,67863.0,0.13476110296808874,0.407617552136174,0.4576213450716923,0.9996162286982848,16.0,2.743772055405244,0.09368452442851267,59966.0,0.1406991405175677,0.4054693242307201,0.45383153444356467,0.999961789029532,16.0,2.745456797836874,0.0935944966587005,80444.0,0.14394714747992815,0.42204216709144105,0.43401068469782045,0.999988625368407,24.0,3.153369845722473,0.06343808116239416,80391.0,0.15694643590653667,0.46419170776950375,0.3788618566893648,1.0,0.3241492214984848,0.5423162583518931,1.7266212734016213,0.2875452772359989,0.12442892911159828,1.7232343237790002,0.29033156868208415,0.1256675169321966
2,0.00011999999999999999,417.4994103639999,1795,False,0,2824.81494140625,3182.0,2.080402084426524,1.550232797382543,0.3080720894970097,0.09071611803523416,4.6956401829470206e-05,-0.00011631314386904817,0.008622807098390448,0.0012934211183301338,2.6031403740710766,0.13015702136763793,0.9138597652314536,2.874216346922761,0.6991468071937561,3.8509345724065374,0.9947648247525943,3.8689454304660815,0.9994173504274888,-0.004652525674894423,3.8509345724065374,47.037206194352535,0.01863706433480094,0.02399050758287309,0.0014031322684901096,0.03264513978677972,0.029920191338259915,0.002724948281453335,-0.0020904893133349544,0.35254901269601757,0.32937453273255446,0.318076434652693,0.06031924204294815,0.032263471855542854,0.04313099578079013,8.0,1.8797256962384103,0.27247544313499417,33132.0,0.16487244872024737,0.445959209331778,0.38916834198119327,0.9982419884741761,16.0,2.4537186797349744,0.19466117145877393,43017.0,0.12851485437945998,0.4283124817265185,0.4431726637222188,0.9942876642274111,16.0,2.648421687522425,0.1365962077194697,42818.0,0.14081653673094746,0.42960360893934446,0.42957985404164006,0.9997892523119992,16.0,2.7051841176587206,0.11361963222613466,66234.0,0.14674037956372213,0.44456050486091936,0.4086991155478493,1.0,24.0,3.135086066272176,0.07167867544748188,77085.0,0.1480197453126999,0.4528738075749927,0.399106446744307,1.0,0.4181963844090703,0.5033407572383074,1.513804268092955,0.4065199219838395,0.29312843776319536,1.5074449285686298,0.4104207300083589,0.2970111756861251
3,0.00017999999999999998,416.32427842900006,2693,False,0,2824.81494140625,3182.0,1.9656573246379827,1.4576877671983235,0.28962085332183357,0.08966314689940705,4.306225975464369e-05,-0.00022397603167343346,0.010571406937437773,0.001585711102279413,2.5456151060642975,0.1272807576733139,0.9164025218593335,2.8761424877463457,0.6965945959091187,3.8337360920670713,0.9903221525942969,3.868418342487753,0.999281193701475,-0.008959041107178,3.8337360920670713,46.23651501208024,0.018153085147396802,0.02427937617535385,0.0015500623605737415,0.036555431322160735,0.03297327795093546,0.0035821534502087885,-0.004463993845707139,0.381634913536734,0.3076002769995651,0.31076479073979935,0.07093109752144733,0.038834956966621086,0.05158057433479304,8.0,1.739468386514653,0.3415397210495944,26275.0,0.17213603112780565,0.46416335704516887,0.3637006120014234,0.9948223219084272,16.0,2.2073461620605594,0.2780797362603706,33889.0,0.13691719451719303,0.44235892552804446,0.42072388010424644,0.9973591438546948,16.0,2.4440454516383756,0.20772169351166678,29627.0,0.1402378572686521,0.4356737188651539,0.42408842367103444,0.9993387106431681,16.0,2.622484764686892,0.14442873185358351,60199.0,0.14864692136164165,0.4525906272935055,0.39876245127841553,0.9999999259431649,24.0,3.097026494865719,0.08539149185292312,73618.0,0.14491186727519204,0.45134622221718207,0.403741909732697,1.0,0.4595423038071685,0.4977728285077951,1.3546170298851907,0.4898300362217888,0.3736443011233016,1.3426800565355566,0.48927277793257173,0.371786147374331
4,0.00023999999999999998,416.98864590100015,3590,False,0,2824.81494140625,3182.0,1.8842123489385862,1.3922583637385704,0.2770205370588999,0.08873524788487207,4.3564713758801146e-05,-0.000594154865313536,0.011301807284805692,0.0016952711593657768,2.5010704308506373,0.12505352385467988,0.9171339997930825,2.8519413466488266,0.6923651099205017,3.774591440857007,0.9750440380902885,3.866595155513707,0.9988102323209451,-0.023766194230656693,3.774591440857007,43.6003219590939,0.017059341061649722,0.025031103658185238,0.0019890121079913464,0.042232703585709026,0.03854891709928071,0.00368378659699226,-0.0073692377318931995,0.39053926131681216,0.30280079392725956,0.3066599250915237,0.0709340629651569,0.04078825934021536,0.054491302656575744,8.0,1.6896752727297872,0.3632679667097136,25361.0,0.18173146585863567,0.47137753437328517,0.34689099952724395,0.9919911902307688,16.0,1.9619342399999644,0.3592764817728693,30559.0,0.13971260374581213,0.44958124827963253,0.41070614799946936,0.9993142917191182,16.0,2.213111022160741,0.2809238282537306,27062.0,0.14167193444440215,0.44016390663731486,0.41816415864163387,0.9995882844529624,16.0,2.5398182814811117,0.17400909797602335,60405.0,0.15094694039430806,0.46270611749231355,0.3863469419914036,0.9999992891208203,24.0,3.0392050388909135,0.10396943767951314,74344.0,0.14492241197818043,0.45381899830307504,0.40125858957497,1.0,0.4944442509317636,0.5011135857461024,1.2569703287518965,0.5229869044302033,0.40657046220309745,1.2454912893683774,0.5257731958762887,0.4077342434767911
5,0.0003,421.7128945069999,4488,False,0,2824.81494140625,3182.0,1.8344602856193741,1.3535848148871732,0.26943738593145483,0.08755104913396676,6.053076857526814e-05,-0.0016323318240096226,0.01242869417826226,0.0018643042035477427,2.4718905885024665,0.12359453146884905,0.9162283604486122,2.8489491960555475,0.6864944696426392,3.6130828995694517,0.9333235119207056,3.865846277009922,0.9986167837677465,-0.06529327184704098,3.6130828995694517,37.12634658972926,0.015509655254088263,0.024126854700819548,0.0021034894963148187,0.04338872275530011,0.04139518618776763,0.0019935366059293863,-0.010404503678921734,0.3999565083762812,0.292213705649109,0.3078297662987862,0.0676906640100323,0.037722022596755375,0.05223370441286046,8.0,1.6250971613261156,0.3907417711255244,24801.0,0.18618250439168185,0.4779606286068189,0.3358568672231299,0.9894929213178225,16.0,1.8171533201675005,0.40395588408759187,30419.0,0.14156731929264246,0.4533325533293611,0.4051001269072258,0.9996988414999726,16.0,1.9820477275033868,0.35203169250800537,24926.0,0.14222409724753216,0.44283328569999636,0.4149426167119803,0.999562915782702,16.0,2.4078265802709695,0.21889234594451856,52495.0,0.152606087062583,0.46941457517161433,0.3779793374528207,1.0,24.0,2.869241043834453,0.15176106834761247,71705.0,0.14227876700236425,0.4542948964343117,0.4034263365825286,1.0,0.512104218189418,0.5211581291759465,1.1957375522973843,0.5497353023126219,0.4374822461944925,1.1860171552486956,0.5497353023126219,0.43637530497381904
6,0.0002998847409179881,425.5238825719998,5386,False,0,2824.81494140625,3182.0,1.7539252435497914,1.2908571038675838,0.25707140088490366,0.0850256203472554,6.901803616001107e-05,-0.002435414084943814,0.013300772975600695,0.001995116027579824,2.4268478928217214,0.12134239670391254,0.9170295029443659,2.843003808528163,0.6790326833724976,3.492037244474067,0.9020552683110779,3.8691563332955736,0.9994718297890907,-0.09741656147801285,3.492037244474067,32.859683264318754,0.017854745774719488,0.022666335369244655,0.001230216246101759,0.04042321619759338,0.03975877029520038,0.0006644459284413788,-0.013763539083300724,0.4086902376406162,0.30809537233066114,0.2832143705210685,0.06792086402104232,0.03830481532505282,0.05167207208165654,8.0,1.612115141146152,0.39685911312634436,24172.0,0.19438297440867516,0.4843697831932083,0.32124724215157185,0.9890485880720299,16.0,1.7364702116687776,0.42780033723721456,29723.0,0.14007512153309878,0.4549590816168606,0.4049657964929401,0.9998162821163109,16.0,1.8223817373684879,0.4005517125069491,23837.0,0.1421532552467294,0.44429464953343256,0.4135520951840242,0.999520677748118,16.0,2.2103775629010163,0.2817408267642567,48022.0,0.15129416731317497,0.4700845782223812,0.37862125427343657,1.0,24.0,2.716285061489938,0.19352463377012455,73837.0,0.1406107912686573,0.4516807376534933,0.4077084712133192,1.0,0.542686962276638,0.5378619153674833,1.1476997297499032,0.5633881303984397,0.45783232480827085,1.1362823630880599,0.5692393424352187,0.45810600478302577
7,0.0002995391413931026,415.2411938350001,6283,False,0,2824.81494140625,3182.0,1.6989837573519604,1.2493269590504503,0.24882297659809718,0.0822444077820056,5.470362550484384e-05,-0.0027574298112553962,0.01283205321850234,0.0019248080605277613,2.387346641675794,0.11936733406273906,0.9163328572921383,2.85899693319643,0.670043408870697,3.4424155284221603,0.8892370980358691,3.8693981214419875,0.9995342886719054,-0.1102971906360362,3.4424155284221603,31.263247109874587,0.018821596916731367,0.022184219458468563,0.001045872867260752,0.039652685952607424,0.03933572391225002,0.000316961989684967,-0.01654486809160863,0.4102623267029515,0.3138771494680855,0.27586050494415865,0.06941425776629244,0.039388479827187094,0.05426982681739064,8.0,1.6050357008566656,0.39732320540634547,23285.0,0.20523383765774314,0.4860692934681577,0.30869686876042907,0.9882939629135529,16.0,1.7084502052823147,0.43635857851532933,30046.0,0.14218592531105798,0.4583193159540634,0.399494758676746,0.9993233819309166,16.0,1.7237752489653486,0.4322614806183138,24297.0,0.14087068819745158,0.44683577718499384,0.41229353407515623,0.9997166116192214,16.0,2.141345184820731,0.3049520127073783,49333.0,0.1487303292829376,0.4690528792740181,0.38221679101950645,0.9999997630181277,24.0,2.6329444683002134,0.2168796262108398,76215.0,0.13787273494231214,0.4455008214087425,0.4166264437735153,1.0,0.5641088160507158,0.4922048997772829,1.112379404155947,0.5775982167734746,0.4826810770008101,1.0981446502599985,0.5806631373641683,0.485973091653818
8,0.00029896373431476147,412.5315761290003,7181,False,0,2824.81494140625,3182.0,1.6615526857468779,1.2214722511511644,0.242975326599283,0.07987025811977075,3.668039317490485e-05,-0.0029346721377231516,0.012061792598960277,0.0018092689601060348,2.366471417442111,0.11832357276985088,0.9169946706649207,2.855569941060181,0.6596034169197083,3.4145312411661637,0.8820340913301011,3.868959461800992,0.9994209749604215,-0.11738688363032039,3.4145312411661637,30.403132987597914,0.019298707882214303,0.022193981916153023,0.00116290769568266,0.03955356958729188,0.03938274029192724,0.00017082926923414748,-0.018534048352106484,0.40421937211578246,0.31809075390924263,0.27768985378426225,0.0703787981328174,0.04081205277480158,0.05724006033781147,8.0,1.5994767708615445,0.4021632296909313,22787.0,0.2097064242721447,0.4884005093812037,0.30189306669285226,0.9854409154058811,16.0,1.6821315355852997,0.44279689827580376,28685.0,0.14642542289673977,0.46332104368482896,0.3902535334739687,0.9996229076676991,16.0,1.630089086729546,0.4595451167222412,23583.0,0.13825619369906159,0.44496540064647105,0.41677840573751396,0.9996568544738373,16.0,2.0278653215143705,0.3401135487844048,47930.0,0.14926287647287542,0.4693080201781885,0.3814291034070687,1.0,24.0,2.4955815936651318,0.2531711173614384,77749.0,0.13782761499232238,0.4451986402932361,0.4169737447642695,1.0,0.5779720645093873,0.48329621380846327,1.0866762397016247,0.58790749512399,0.5227188655370926,1.0726862471560046,0.5923655614377263,0.5190277166662697
9,0.00029815940691897306,416.91315726999983,8079,False,0,2824.81494140625,3182.0,1.624844631315702,1.19310314386482,0.23763075042196133,0.07823692430056658,2.269779687736141e-05,-0.0030532934902163652,0.013417721750265498,0.0020126583423067646,2.3378349829377822,0.11689175107363588,0.9154620502302276,2.8768799140778962,0.6478017568588257,3.396401844277452,0.8773509458342192,3.8691983497015316,0.9994826835563528,-0.12213173772213357,3.396401844277452,29.856694933339103,0.019491913504417136,0.022015586744798896,0.0010631837513792961,0.03959036800667673,0.03947806918642655,0.00011229893097530485,-0.019788960311981598,0.39617185764516377,0.326851608953845,0.276976512952834,0.06606128634609537,0.03940482414098048,0.05305780883593127,8.0,1.6103481801767252,0.39934008290967893,23586.0,0.2174866263818216,0.4879618326824301,0.29455154104111375,0.9801989236306179,16.0,1.6582838437156022,0.4500778977807161,28912.0,0.14515257110455437,0.46335218105035797,0.3914952480334997,0.9995876759993477,16.0,1.649527134502182,0.4540862567200382,25468.0,0.13863004830161865,0.44872256312990993,0.41264738857677613,0.9994031013962102,16.0,1.9680305652523071,0.35996153734873787,47905.0,0.14722639522371367,0.4665586982516561,0.38621490662688146,1.0,24.0,2.3424128048463717,0.2931867333221113,73504.0,0.13678763267224417,0.4458522047685179,0.4173601629220479,1.0,0.588630742972587,0.5,1.0629538692249565,0.5940373363053776,0.539382973400015,1.048683121862701,0.6035107272220674,0.5350104027064989
10,0.00029712739942028293,414.33173750800006,8977,False,0,2824.81494140625,3182.0,1.5890646584044181,1.1655766895839739,0.23227892658433852,0.0766612213034763,1.3680604866010275e-05,-0.0031557724351347093,0.013620614063173398,0.002043092191121231,2.3129364786433255,0.11564682579158038,0.9122574802337178,2.8745970950737374,0.634739100933075,3.3801346189354797,0.8731488325370051,3.8687997863120707,0.9993797280936327,-0.1262308955566276,3.3801346189354797,29.374823373962442,0.019488643938551927,0.022096775001717955,0.0011597011071870235,0.039754074644700266,0.03967324060924566,8.083403494038279e-05,-0.020531005497956053,0.38951292361928785,0.33400603682877167,0.2764810199591636,0.06508826303797217,0.0405303882230916,0.05296975477147723,8.0,1.5815733926598274,0.4110464710031019,22702.0,0.22476635116451466,0.4906056355475433,0.28462801321579534,0.9828586761694583,16.0,1.6498340390984128,0.45144864870606766,27662.0,0.14560628671449133,0.463464542020762,0.39092917137270733,0.9995503540181737,16.0,1.589374511571359,0.4725382136174963,26089.0,0.13857386807126598,0.44976658411727577,0.4116595479609422,0.9990256309608934,16.0,1.8778622109354584,0.38869151434532473,50941.0,0.14683627195544965,0.4646882404831452,0.3884754877690217,1.0,24.0,2.17847699451988,0.3376668700915593,76280.0,0.13576069207640584,0.4433300435198417,0.42090926458126465,1.0,0.5996377442613815,0.4933184855233853,1.0432669447138636,0.6021175814990248,0.5485569157842233,1.0279761670060263,0.6071329061019782,0.5506757428765757
11,0.00029586930309945264,414.848058089,9874,False,0,2824.81494140625,3182.0,1.5630889811225643,1.1455735401896467,0.22837283212289677,0.07535079957739496,8.402906309080344e-06,-0.00325494972371985,0.013393017543091362,0.0020089527126742283,2.300588022807602,0.11502940308284085,0.9156710439235083,2.8561354647809183,0.620526909828186,3.3653594164552847,0.8693321348129385,3.8693819920833743,0.9995301218506867,-0.13019798703774824,3.3653594164552847,28.944009680497018,0.019705817337992666,0.021928060523058256,0.001005085279852662,0.03992371406918588,0.0398585476193264,6.516644661230746e-05,-0.020887818479825307,0.39040302258017184,0.343597027947069,0.265999928875118,0.06453843627642379,0.043013572376515326,0.052872021439357084,8.0,1.5847332475742555,0.40980609276978264,24164.0,0.23199769287181377,0.4918876178592486,0.2761146891884862,0.9794480895717057,16.0,1.6604936672164718,0.44743613999603876,26935.0,0.14607281270981448,0.4629095277538693,0.3910176591517065,0.9996514607008989,16.0,1.5123499419822135,0.4936229255494331,25059.0,0.1370956654440103,0.4481568047962051,0.41474752918676283,0.99972174991165,16.0,1.8398944456303497,0.4010710678305628,50560.0,0.14773007852859915,0.46596918572510515,0.38630073574370044,1.0,24.0,2.2036553937824355,0.3304734786765371,72678.0,0.1362376811834765,0.44568865200980684,0.4180736666878561,1.0,0.6112717266362465,0.4955456570155902,1.025900563678226,0.6118696015603232,0.5546893856579793,1.0116805115859466,0.616049038729451,0.556953647428744
12,0.0002943870578498202,420.1328707500006,10772,False,0,2824.81494140625,3182.0,1.5393945961467084,1.127351116941426,0.22467696460242836,0.07406376283725476,5.446405569720752e-06,-0.0033457359752689696,0.014231955366104498,0.0021347933960398904,2.2901650311647153,0.11450825335459933,0.9157755407711867,2.8669336861073234,0.6052864193916321,3.351340149466182,0.8657107090035668,3.8694207977154873,0.9995401460153024,-0.1338294370117355,3.351340149466182,28.541021732116526,0.01973113697907814,0.021904490496372202,0.0009899261980863825,0.0400932084959369,0.040037523229097496,5.5685215334675715e-05,-0.02102508592756736,0.39276101800328184,0.33009101542573127,0.27714794651833924,0.06362467149547069,0.03832036678770866,0.05165091244521827,8.0,1.5469340022618696,0.4248050116299711,22942.0,0.2307531348381252,0.49589744721291446,0.2733494176390926,0.9821264722939465,16.0,1.5891555570552058,0.4704990117310473,26955.0,0.14893951545495707,0.46667512477725237,0.384385359823328,0.9996607914718034,16.0,1.496397541713605,0.49990276048651744,26018.0,0.13931021094789342,0.4513420410081342,0.40934774816283287,0.9995988574063392,16.0,1.8512192915016517,0.39712390876633524,53293.0,0.14963369521077322,0.4671073514194655,0.3832589535581733,1.0,24.0,2.170234198953761,0.34150458873512063,73720.0,0.13729763707939727,0.4473886314577483,0.41531373192791554,1.0,0.6193876484726044,0.5200445434298441,1.0084086683474733,0.6191139593201449,0.5702529339576904,0.99432909585002,0.6266369462245751,0.5821098349068696
13,0.0002926829491861254,416.6331305149997,11670,False,0,2824.81494140625,3182.0,1.5181629434017732,1.1110627473577852,0.22147039136333838,0.07311977830792782,3.7339906312706424e-06,-0.003421423418708583,0.014703996550068458,0.0022055995708454477,2.2744424026618413,0.11372212205313022,0.916820509247971,2.857507774052465,0.589147686958313,3.3398819595150755,0.8627508549241131,3.869682661770919,0.9996077897963161,-0.1368569348722031,3.3398819595150755,28.215838303456856,0.019689839392401667,0.021802941492421218,0.0009153254492301919,0.04022550912775516,0.04017087283967813,5.4636327019592026e-05,-0.021058827043804587,0.38068932090966096,0.3257954407302583,0.29351521838009886,0.06474236217711993,0.03819366541500604,0.052629286973574364,8.0,1.5481571680226625,0.42487926357899214,22791.0,0.23001194192237576,0.49573637781739793,0.2742516803017496,0.9769778411990236,16.0,1.6115159104413435,0.46282021575883586,27067.0,0.14629855604791114,0.4652560348493551,0.38844540929374094,0.9995808469667434,16.0,1.4784422882871613,0.5047532145406656,26859.0,0.1413519127450977,0.4545702695090833,0.4040778176824959,0.9993685353071763,16.0,1.8540711679936634,0.39724164275632406,55982.0,0.14747605629579588,0.46527313978479606,0.38725080398844053,1.0,24.0,2.1436574288415096,0.3499705332308554,74737.0,0.13632838028981406,0.4463960841843616,0.4172755356477991,1.0,0.6271204152008081,0.5077951002227171,0.9975252615837508,0.6269155753691836,0.5839136157252954,0.982307933605159,0.6294232376706603,0.5867886121907822
14,0.00029075960472041136,414.11515800399957,12568,False,0,2824.81494140625,3182.0,1.4820945590693997,1.0832018124413194,0.21595098240139915,0.07204348939579978,2.6936815221149464e-06,-0.0035048388681980505,0.014684113046636634,0.0022026170436851506,2.24395614624721,0.11219780913025132,0.9157407084907034,2.8487501097570878,0.5722483396530151,3.3264911560608827,0.8592917726926741,3.869208578140103,0.999485325516817,-0.14019355282414284,3.3264911560608827,27.840536077757765,0.01955619297620354,0.021983005377518527,0.001068114730028904,0.040435471064716205,0.0403833733510521,5.2097711575396106e-05,-0.021045901001448535,0.3819443156618389,0.32758793185100965,0.29046773254557867,0.05775868889957686,0.035850403686569686,0.0492415819590248,8.0,1.5369747948001273,0.42852494680228337,23514.0,0.23409140629887792,0.4979758618323007,0.2679327315200255,0.9714918158500229,16.0,1.6473573842157103,0.45358923631608167,27892.0,0.14801680820657773,0.46807244374583545,0.38391074777612816,0.9996676177825544,16.0,1.4797070162635706,0.5050762109636219,27376.0,0.14381656343058122,0.45479291777130937,0.40139051895018857,0.9995720213415182,16.0,1.7673292257406357,0.4242507969121864,57413.0,0.1478593516396091,0.4669957609505334,0.38514488739065295,1.0,24.0,2.0365620588341944,0.37815488730359215,73181.0,0.13513337559197414,0.44591572369489096,0.41895090132768,1.0,0.6378139259465673,0.49888641425389757,0.9895826474841042,0.6310950125383115,0.5856920519025236,0.9724114801133699,0.6363889662858735,0.5942346847713701
15,0.0002886199901104373,409.5358210690001,13466,False,0,2824.81494140625,3182.0,1.4672474837559775,1.0720270748335081,0.2137431863076037,0.07155332421579848,1.9987750047330174e-06,-0.003592587647105572,0.01437794231893728,0.002156691432979611,2.227155778486862,0.11135779066915286,0.9165766832721308,2.8425718918253278,0.554732620716095,3.313241653131124,0.8558691911506546,3.869546802993387,0.9995726951964327,-0.14370350404577803,3.313241653131124,27.47410140066935,0.0196496619740079,0.021868688318282942,0.0009604018164143109,0.040593818510938386,0.04054520172324399,4.8616857999045906e-05,-0.02105466275343207,0.38489047629198997,0.33206467030813147,0.2830448329268074,0.0615698229531245,0.037465178120017505,0.05242377268067078,8.0,1.5470731218446903,0.4248415103127762,22433.0,0.23400355550208815,0.4984930888803996,0.2675033551166372,0.9676646776506447,16.0,1.593235380991968,0.4699109130007599,26756.0,0.14671649905642795,0.46560286900903236,0.3876806314943925,0.9997716122873774,16.0,1.493582848766106,0.5008365324374928,27289.0,0.1422147226679715,0.451782635613882,0.40600264184531165,0.9994964173725479,16.0,1.728495641314268,0.43690445075866724,54529.0,0.14789541326874564,0.4647967805475097,0.3873078062641961,1.0,24.0,1.974323909818086,0.3946484247124379,70923.0,0.13494427119777463,0.44322959471489676,0.4218261345440851,1.0,0.642620780939775,0.47216035634743875,0.9818459779447618,0.6349958205628309,0.5906846894616634,0.9610597148317586,0.6386179994427417,0.598570814985518
16,0.00028626740448684966,414.14458371599994,14363,False,0,2824.81494140625,3182.0,1.4492672233730362,1.0577638651901222,0.21088231522161063,0.07125576360916044,1.5741767928717131e-06,-0.003671728496790854,0.015134900546996977,0.002270235172777993,2.2153040323018605,0.11076520339057813,0.915427217945592,2.859869440922589,0.5367498993873596,3.300778813984805,0.8526498181135861,3.869338764193132,0.9995189561062902,-0.1468691379927041,3.300778813984805,27.133816242799345,0.019639283030801667,0.02192841455364521,0.00101916395346898,0.04073421279677399,0.04068837315064724,4.5839564008208266e-05,-0.021060904671254006,0.38288421790039007,0.32902034461392377,0.2880954169960056,0.061189561940981615,0.03697975770105114,0.05096939377497865,8.0,1.5476357954672633,0.4255584316375076,23021.0,0.23453147481095227,0.4984243132069947,0.26704421198776246,0.9688717964745318,16.0,1.6096474148478144,0.4644338656717086,27415.0,0.14606143884640294,0.46516616980838255,0.38877239136441905,0.9998503570717087,16.0,1.5136942709661991,0.49559903687961404,26802.0,0.1428904941804382,0.45353543775209276,0.4035740673973865,0.9993621072216406,16.0,1.720515356778376,0.43924443588232254,54079.0,0.14814369689148046,0.46487691539026255,0.38697938767673373,1.0,24.0,1.9370295097056491,0.40532171150506024,69178.0,0.13513277321529676,0.44077634227375917,0.4240908846022953,1.0,0.6519558326657146,0.4955456570155902,0.9733317691856654,0.6352744497074394,0.5935404574509201,0.9506944691978746,0.6422401783226526,0.6024828562637857
17,0.00028370547536616097,416.8964840490007,15261,False,0,2824.81494140625,3182.0,1.4285896921104686,1.042186225509896,0.20788173658782452,0.07019104582682112,1.2864961260972106e-06,-0.003742566808774079,0.014967618668240071,0.0022451428907308887,2.1965364234865783,0.10982682292980499,0.9163676895757359,2.8793603797505205,0.5184536576271057,3.289934300966092,0.8498484868129479,3.8694634213169032,0.9995511573552462,-0.14970267054229833,3.289934300966092,26.841152554906362,0.01946441488609555,0.02187170375288654,0.0009803709722767376,0.040872355513857296,0.04082330104964455,4.9054562455529995e-05,-0.0210568057551911,0.3820542383540274,0.34229364811599705,0.2756520931897789,0.06010600039033109,0.03954727992596055,0.05272358381473419,8.0,1.5176517208100295,0.43658770458830065,22241.0,0.22734959745192013,0.498053953388425,0.2745964494887272,0.9658561086487739,16.0,1.5531323032695725,0.4810413251169307,28649.0,0.14721919021460617,0.46526540198741845,0.38751540786441274,0.9997972637480331,16.0,1.4864061051573705,0.5043579577951206,27025.0,0.14377032037764834,0.4549873757116963,0.4012423042288278,0.9993364573658611,16.0,1.7025926922916381,0.44441443689813964,57264.0,0.1491516783224668,0.46556007667658134,0.38528824461063266,1.0,24.0,1.9532724277299418,0.4018877293513467,68681.0,0.1350717525314797,0.442723722193839,0.42220452555963506,1.0,0.6581908112438608,0.4933184855233853,0.9669722595996065,0.6391752577319587,0.5964988950791071,0.9438969485771028,0.6494845360824743,0.6096300541866201
18,0.0002809381530573832,424.18025154500083,16158,False,0,2824.81494140625,3182.0,1.4130940500806046,1.029670667090242,0.20545953576085776,0.07021327508598739,1.1163766180042493e-06,-0.003816307139790516,0.016226774322487907,0.002434016244850017,2.1826350034859043,0.1091317519413978,0.9173778257709988,2.857901399813001,0.5,3.277952769992784,0.8467534456039124,3.868900442892425,0.999405729367469,-0.15265228376355663,3.277952769992784,26.521493281053814,0.01897448410112885,0.022087095510734258,0.0011701025555807334,0.04110486037672872,0.04103709840932636,6.776205111565993e-05,-0.021069459670339657,0.39262252721738666,0.3354474152532581,0.2719300372249725,0.06368582988747434,0.040308123555859283,0.055677730450353145,8.0,1.531298021939843,0.4329416433772206,22450.0,0.23131767872122372,0.4977841069466717,0.27089821444266043,0.9680722243916491,16.0,1.5630298619850156,0.4781853932585104,28052.0,0.14864632888931337,0.46591885518644033,0.3854348160239022,0.9998246907104108,16.0,1.4647925313502594,0.510891194936769,26623.0,0.14463081273785447,0.4582471637291247,0.3971220238402934,0.9994334614286436,16.0,1.7104743491802317,0.44295816250806436,57823.0,0.14784170612768094,0.46083581535838364,0.39132247882380317,1.0,24.0,1.867038246672531,0.42454741176066885,69327.0,0.13491818651553336,0.4418517206223757,0.4232300932913382,1.0,0.6647392803650424,0.5022271714922049,0.9665820869638183,0.6400111451657844,0.6001820228679743,0.9411586995708076,0.6489272777932572,0.6073577502889643
19,0.0002779697045709368,418.9137640680001,17056,False,0,2824.81494140625,3182.0,1.3898827436555037,1.011704445024357,0.20169737696981907,0.069593852267602,1.0379932505982737e-06,-0.0038896639290312094,0.01585727363879084,0.0023785911430561774,2.1679418368409133,0.10839709363250512,0.914451914038079,2.869440934979358,0.4815463423728943,3.266971331603716,0.8439167442086423,3.869278157632251,0.9995032991958207,-0.15558655498717835,3.266971331603716,26.23184141982681,0.01942088433291796,0.02197924766023479,0.001052884692558297,0.04119979582508698,0.04113288532521202,6.691048070515603e-05,-0.021060720241291114,0.38867103722971713,0.344902993573129,0.2664259500248006,0.06506627879492097,0.0431863295460072,0.05713889693955592,8.0,1.5558645839148701,0.4232039513904858,22267.0,0.2346218581978665,0.4995057131538297,0.2658724290775511,0.9695738776316691,16.0,1.6228374015151772,0.4603858955448177,27874.0,0.14709236775472198,0.46487954363868944,0.388028088349144,0.9997905095072267,16.0,1.4422261811643107,0.5181485255958601,26664.0,0.1449713750590459,0.4615206795553623,0.39350794560151303,0.9993199887783609,16.0,1.6979354687579817,0.4467747281921367,60076.0,0.14818267604797636,0.4615987780572994,0.39021854554333324,1.0,24.0,1.8396309482884792,0.4330721099026056,68118.0,0.13534012291119918,0.44332330504751466,0.42133657174231826,1.0,0.6708697620955101,0.48106904231625836,0.9600618180540419,0.6439119531903037,0.6040765869475108,0.9352778288340894,0.6500417943716913,0.6112986307845201
20,0.0002748047070392305,428.4204469340002,17953,False,0,2824.81494140625,3182.0,1.3712864913156138,0.9970848086344594,0.1988712068208686,0.06924850955356886,1.0146848528937819e-06,-0.003956887424132298,0.017550891629186036,0.0026326338508365524,2.148104125501934,0.10740520793117635,0.9165418509895714,2.8343170445982433,0.4632501006126404,3.2565110206537566,0.8412146605627802,3.8692272669295122,0.9994901535989282,-0.1582754930361481,3.2565110206537566,25.958870314834236,0.019117042098477626,0.02198877065950547,0.0010510972808260028,0.04141959943765632,0.041323755453551735,9.584392924814143e-05,-0.021081566673580965,0.3705821905638457,0.3567050630829793,0.27271272558113585,0.06204265960357859,0.043773588507702126,0.05495003092417797,8.0,1.5631989264979025,0.41989689629285276,22444.0,0.23480256535044086,0.4972521594645,0.2679452751077219,0.965586722519975,16.0,1.5974513550504605,0.46680842625724844,27618.0,0.14768318374437484,0.4650374594047495,0.3872793569614315,0.999877533218721,16.0,1.4528881723452496,0.5142342059950025,26135.0,0.14630241408513844,0.46353145191660244,0.39016613400656375,0.9990873124566321,16.0,1.6972274513569174,0.44656494874586994,62951.0,0.14794235992026372,0.4631021646206944,0.3889554754839558,1.0,24.0,1.893934002764368,0.41882840818220923,71815.0,0.13575910264585594,0.44431515102841734,0.4199257459354075,1.0,0.6749103068724094,0.5244988864142539,0.9523787690790027,0.6486486486486487,0.6149092783799103,0.9266938522487139,0.6567288938422959,0.6224526036079814
21,0.0002714480406590546,413.8206063610014,18850,False,0,2824.81494140625,3182.0,1.3572029144505091,0.9861588339442025,0.19653882207421283,0.06899123733515541,1.0285397847583813e-06,-0.0040126267203164446,0.01579291316344823,0.002368937072752318,2.1431333171631617,0.1071566675309768,0.9161238635978196,2.880388051540302,0.4452674090862274,3.2477822375524266,0.8389598601742795,3.869129601489572,0.9994649253875145,-0.16050506521323502,3.2477822375524266,25.733276501523733,0.01839499019012138,0.022080254959886345,0.001135696206380722,0.04173662954978179,0.04159670155132725,0.0001399279386664387,-0.021052196600614137,0.3707978770102057,0.3474938442720432,0.2817082582644034,0.06051660792101426,0.0389192477289053,0.05432648133212585,8.0,1.5510461983243402,0.42509037817013234,22875.0,0.23464808611011692,0.500982205088956,0.2643697086763571,0.9665917192445852,16.0,1.5968784994414502,0.4675558742599397,27333.0,0.14880963479917397,0.46642242011665497,0.38476794500112443,0.9998530967199274,16.0,1.4763530492159742,0.506464771030797,26499.0,0.14688093054298323,0.46111699105193527,0.3920020783884722,0.9982354286393094,16.0,1.6753432321101671,0.4544678166611964,59196.0,0.14663500896580703,0.4594783039369812,0.3938866871776632,1.0,24.0,1.8840785022813193,0.42301605220016897,71452.0,0.13599504997826672,0.4439463073195632,0.420058642851654,1.0,0.6852554947925737,0.4844097995545657,0.9464628400162224,0.6547784898300362,0.6213757063342099,0.9212397683726343,0.6636946224575091,0.6295040775329654
22,0.00026790488116667133,418.0682664579999,19748,False,0,2824.81494140625,3182.0,1.336715117862487,0.9698931795787802,0.19356585811881868,0.06842803221776354,1.4986626407488482e-06,-0.004031545136796963,0.017428109951164453,0.0026142165986629334,2.124877546574696,0.10624387906064638,0.9150440628384758,2.886533400146161,0.42775166034698486,3.2388838443342864,0.8366612469565761,3.863160688661434,0.9979230487702504,-0.1612618018136743,3.2388838443342864,25.505427289413532,0.007735800656189535,0.022347461465502084,0.0022757091300468013,0.04306717068470776,0.042406833533564475,0.0006603371343575613,-0.020939012410735473,0.37070872645886527,0.3461214511804917,0.2831698034374296,0.06429567085007767,0.03918885490117593,0.057352110950879706,8.0,1.5398311823354236,0.43012668574453045,23170.0,0.23284527854471979,0.49951605057865023,0.2676386708735157,0.9676707195506508,16.0,1.6245936279473931,0.46008371336320014,27692.0,0.14686043410450028,0.46678606354914975,0.3863535026287085,0.9999127360740431,16.0,1.5142175841802357,0.4964676225271348,27151.0,0.14438396532670753,0.4583074313061062,0.397308603464247,0.9992813055839752,16.0,1.655525825349111,0.46080498745575227,56949.0,0.14464311201585126,0.4587613614447011,0.39659552614082383,1.0,24.0,1.8462377050884706,0.4322787437191818,72292.0,0.13561479250624608,0.44194633404664385,0.4224388734637194,1.0,0.6904106726113762,0.5022271714922049,0.9418372034395461,0.6586792978545556,0.6258545999431735,0.9162971622666863,0.6653663973251602,0.6294894948213051
23,0.00026418069185720465,423.3699234760006,20646,False,0,2824.81494140625,3182.0,1.3170054045344368,0.9545120940387317,0.19048511712218266,0.06825112424545093,1.6073027006704277e-06,-0.0040713817266827615,0.01823624263774257,0.0027354365039399214,2.10182810481628,0.10509140691903074,0.9163328572942145,2.8667305937015657,0.4108523428440094,3.231297529197594,0.8347015672747529,3.8617429922705737,0.9975568328022006,-0.16285526552744772,3.231297529197594,25.31261183145988,0.007848710502294161,0.0229818575554461,0.002592551079332153,0.044380691646387714,0.043351438879943895,0.0010292526868925995,-0.020901122417580832,0.3744792885508191,0.3403670892501941,0.2851536010864565,0.06255743531385988,0.038173913526700715,0.05502119901770708,8.0,1.5693624085271167,0.41730246053722286,22837.0,0.23694218882693405,0.49949127410147365,0.2635665374484164,0.9698714772014517,16.0,1.5789751198902255,0.4747094141234466,27025.0,0.1468202924435862,0.4675180373854878,0.3856616697530977,0.9998904781105866,16.0,1.4759690557396015,0.5072693978269387,27752.0,0.14211951158251765,0.4587011828480347,0.39917930583208266,0.9995539377918188,16.0,1.6414223696072774,0.4653586745365954,56932.0,0.14397861071940754,0.4563109875420857,0.3997104021039119,1.0,24.0,1.8379350800537309,0.43504154453781185,74592.0,0.13627360433235225,0.44267057508085916,0.42105582047623274,1.0,0.6978299487965446,0.5155902004454342,0.9351811827840032,0.6636946224575091,0.6362112901095659,0.9113795550695267,0.6703817219281136,0.639810042452513
24,0.000260281215160635,416.029038319999,21543,False,0,2824.81494140625,3182.0,1.304542796357414,0.9451332027342689,0.1883621415744701,0.06783092139790502,1.6078671949759193e-06,-0.004127351226252465,0.017389562035251247,0.0026084344083105227,2.0946768029754517,0.10473384184972334,0.9180048068570694,2.8384474751310598,0.3947135806083679,3.2245585238855914,0.832960762508885,3.8636707544634055,0.9980548079029853,-0.16509404539410036,3.2245585238855914,25.142574752575882,0.010396681432298707,0.02304308717148635,0.002339360127666217,0.043970689755206266,0.04324437946490166,0.0007263103164411786,-0.02098733571850563,0.37077357240088443,0.3472810817792949,0.28194532573395437,0.06148202541920121,0.03890812356414132,0.05523640316127257,8.0,1.5584419536226832,0.4220533332105855,23073.0,0.2341690385443169,0.4970444098025173,0.2687865516090473,0.9706567297609976,16.0,1.6210830174891269,0.46059087293371187,28228.0,0.1473637100967927,0.4667116598791204,0.3859246300739149,0.9999180245334699,16.0,1.5193373916448856,0.4941291467345136,27497.0,0.1434968009836609,0.45919501009752783,0.3973081888632738,0.9995610758409451,16.0,1.581330558686401,0.48309129588660193,53151.0,0.14398822936575642,0.45668014019064374,0.39933163012542744,1.0,24.0,1.8029026463594078,0.4447681794248698,76778.0,0.13540637647288858,0.4412990735603137,0.42329455006645367,1.0,0.7010693510745759,0.4866369710467706,0.9341284496334477,0.6636946224575091,0.6358499187539836,0.9082385574286613,0.6692672053496795,0.6470609645986355
25,0.00025621246378738883,423.49833954899987,22441,False,0,2824.81494140625,3182.0,1.2859983531952635,0.9305822703111607,0.18557572709035422,0.06720064873724897,1.4097625958890146e-06,-0.004186920864763378,0.0189610076541707,0.0028441512651694533,2.079621377526175,0.10398107054117317,0.9163676895757359,2.861330983465113,0.3794730603694916,3.218294853368371,0.8313427452296315,3.866631328575854,0.9988195762464364,-0.16747683101680494,3.218294853368371,24.985545227846433,0.013723393912271448,0.022707928197926237,0.0018447384555320663,0.04319825525624242,0.04278632143968541,0.00041193377228440197,-0.02100300695036699,0.3774057679116288,0.3433730560543852,0.27922115618687876,0.0576984847532245,0.036957699980025814,0.05123192704639185,8.0,1.5531215304478636,0.42437975949730183,22946.0,0.23644966440264087,0.5004757002020436,0.2630746353205736,0.9702581427696835,16.0,1.5833050625015896,0.4730835740402818,28886.0,0.1457463712981512,0.46530175216623415,0.3889518769508478,0.9999018515483842,16.0,1.549781909074989,0.48526884609659937,26740.0,0.1441971712566235,0.4586815005333439,0.39712132782542287,0.9993473263182001,16.0,1.6355267556310178,0.4674308062058564,55571.0,0.1449327217780575,0.458226140830006,0.39684113680749583,1.0,24.0,1.8113511795534054,0.4431371311686489,77385.0,0.13522639001093462,0.4418423752601777,0.42293123513322095,1.0,0.70744365878296,0.5178173719376392,0.93164712135823,0.6662022847589858,0.6399678716562011,0.903803355881815,0.6701030927835051,0.6453474052463731
26,0.0002519807114571748,420.980641918999,23339,False,0,2824.81494140625,3182.0,1.269015654162174,0.9174519550798662,0.18302690442003358,0.06721846375929333,1.334349505611045e-06,-0.004225532169036263,0.018961041012348787,0.002844156267467992,2.053967281512164,0.10269836563493849,0.9154620502302276,2.872221133623333,0.36526086926460266,3.2121639610304347,0.829759026263848,3.866479316314662,0.9987803093193425,-0.16902128305549452,3.2121639610304347,24.83283882037471,0.015267980449233061,0.022916875783975724,0.0018715674656876796,0.04323643786226255,0.04280762136550345,0.00042881661487753056,-0.02097266848722036,0.36952873603432873,0.3478854612144558,0.2825857816802085,0.05970083078575623,0.039673043212848605,0.053849350720858884,8.0,1.5864673829625953,0.41139286727033947,23449.0,0.23542944285919343,0.49633091064475915,0.26823964672027334,0.9731975160234213,16.0,1.6357012653372422,0.4574458361213876,27952.0,0.14548786887700182,0.4635610487089539,0.39095108232269293,0.9999834566393875,16.0,1.5376136457248641,0.48916817089080344,25855.0,0.14287647700653566,0.4594223682831155,0.39770115509236337,0.9994437082392066,16.0,1.6130515605895355,0.4730669688690983,53795.0,0.14489633454279596,0.4606254515472161,0.39447821427539304,1.0,24.0,1.8383443669061343,0.43655366181762556,77218.0,0.1359378451086925,0.4431440786828466,0.42091807596191616,1.0,0.7160472325751507,0.512249443207127,0.9324973406782386,0.6662022847589858,0.6370413074629402,0.9008619213675549,0.6745611590972416,0.6515720972562857
27,0.00024759248322536243,423.973083556999,24236,False,0,2824.81494140625,3182.0,1.246821154483936,0.8996861800097253,0.17954206324353636,0.0666626273935365,1.7532092468430905e-06,-0.004233509637732024,0.020147772697827422,0.0030221660277591177,2.0427975108798817,0.10213987717793659,0.9156362116419869,2.8629497554119596,0.35219821333885193,3.2009392276802315,0.8268594780666352,3.8564898795255065,0.9961998601053454,-0.16934038203871027,3.2009392276802315,24.555915077592417,0.006646037624047292,0.023826250629976748,0.0031795370395145224,0.04489702870694629,0.043868380138626074,0.0010286485864339496,-0.02095795554706821,0.365938500936529,0.34239839713477704,0.2916630820753582,0.05990878474855523,0.03886840416875589,0.054952871830896956,8.0,1.5962807080302976,0.40760921793213384,23800.0,0.23499100341530793,0.4975772904869722,0.2674317059814546,0.9723267088763878,16.0,1.6565198264503525,0.4503823066159282,29080.0,0.14666236980334107,0.4657685298951069,0.38756910053667776,0.9999433940964817,16.0,1.5644767302954232,0.48068078878909226,26724.0,0.14254357089303812,0.4599847716875155,0.39747165762446773,0.9995405798426092,16.0,1.6329210146271806,0.46707304291617363,54778.0,0.145148920509512,0.45665702944726355,0.3981940497084427,1.0,24.0,1.825591976916081,0.4394998752675114,78810.0,0.13583805797208776,0.44147625649821204,0.42268568583697275,1.0,0.7259047685394824,0.5233853006681515,0.9342615654223408,0.6639732516021176,0.6365530309129629,0.9006199489964453,0.6748397882418501,0.6466350272225211
28,0.00024305454542182016,413.19540580300054,25134,False,0,2824.81494140625,3182.0,1.2277618820085359,0.8850649847099535,0.17654479874032034,0.06644667652202518,2.2380553163590466e-06,-0.004256722632035955,0.019124654486550652,0.0028686982927384383,2.02182421803354,0.10109121252233205,0.9137552683827371,2.8758622325987706,0.34039655327796936,3.1935851420224775,0.8249597873050444,3.8527302814005826,0.9952286889595507,-0.17026890165450626,3.1935851420224775,24.375817685720378,0.006427071194806022,0.02469760532117491,0.00367279395326229,0.047871674463713966,0.0452775379836252,0.002594136489642374,-0.02051764841035531,0.3707086128863659,0.34784326190140274,0.281448105727415,0.06316574766887817,0.03981370859831938,0.05551766148765154,8.0,1.590835184067526,0.4101120640713409,23310.0,0.2371061909940575,0.4965152165920384,0.2663785925940115,0.9729165924480291,16.0,1.6747436894489858,0.44506699408316064,29022.0,0.1475274010964864,0.46667525761345635,0.38579734126773846,0.9999033321079123,16.0,1.5627158396237986,0.4813307314543329,26090.0,0.14047972868436756,0.46002303242886877,0.39949723905856643,0.9994841540277911,16.0,1.646743655968802,0.4638614378732766,54917.0,0.14571643317635188,0.4570812964018761,0.39720227007038095,1.0,24.0,1.807550648286959,0.44459510941611563,79701.0,0.1355247892201385,0.44054605216934967,0.42392915799025727,1.0,0.7316172628792365,0.48997772828507796,0.9355997260017427,0.6628587350236835,0.6346985310343773,0.9015589788718023,0.6701030927835051,0.6353270741400875
29,0.0002383738952177247,415.55162688199925,26032,False,0,2824.81494140625,3182.0,1.203229539558562,0.8659706471120723,0.17263380558429134,0.06595779892686908,2.6344039925339317e-06,-0.004282830833537895,0.020227240012034946,0.003034086122261788,1.998268068004931,0.0999134051449006,0.9163328572931765,2.8447919197352256,0.3299565613269806,3.191700715580855,0.8244730065976686,3.8548886578983845,0.9957862361259165,-0.17131322952824793,3.191700715580855,24.32998951503968,0.00858784615602921,0.02534807213803048,0.003526054467613241,0.05040955623139026,0.04700887788695316,0.0034006785045046146,-0.020080124199537818,0.365697362518945,0.34439951311898764,0.2899031026432966,0.0625356680054833,0.039244739729528945,0.05564733909843916,8.0,1.6013844115278424,0.4056878621465522,23990.0,0.2370495735403097,0.49722874588326743,0.26572168119096795,0.9706591870444351,16.0,1.7058641608263234,0.43635419088557015,28743.0,0.14976471635479302,0.4665303089604648,0.38370497543475707,0.9998942085134435,16.0,1.588270740198605,0.4742656103466541,25157.0,0.14039159625516406,0.4586202704033228,0.4009881334993017,0.9991073198438732,16.0,1.6236822246496172,0.47108812456868604,53799.0,0.14671683969295546,0.4607220401256169,0.3925611198990691,1.0,24.0,1.7788675331704822,0.45270349408745697,76186.0,0.1348815918380869,0.44128596704620493,0.42383244120135005,1.0,0.740290501236546,0.5,0.9334617565189042,0.6720534967957649,0.6475219555743195,0.8982721106791502,0.6751184173864586,0.6436006551948441
30,0.00023355774983643048,415.47303685100087,26929,False,0,2824.81494140625,3182.0,1.191914398388087,0.8570340069518152,0.17108529197249553,0.06573662015587158,4.132733318435355e-06,-0.004429895827756473,0.020216317874555897,0.0030324478046892993,1.9890358896604954,0.09945179609327304,0.9150092305590306,2.858702653727232,0.32096734642982483,3.1652566052483038,0.8176420228459451,3.8512172727210463,0.9948378521561718,-0.17719582931022668,3.1652566052483038,23.69713147279756,0.0075695561519202575,0.026796541582464573,0.0038917322782820686,0.05856175287136352,0.05503944973924088,0.003522303052985037,-0.019063224156011072,0.36630281366260203,0.3416057699926844,0.2920913964851493,0.06285496513290507,0.03902099072310866,0.05485239727838152,8.0,1.6200821989195247,0.39837651655688844,23609.0,0.23890840600148452,0.4974747185138804,0.2636168752495093,0.9699182758996835,16.0,1.7124728498515667,0.4338999437419651,28371.0,0.1488790626305224,0.4661940775014684,0.3849268598015719,0.9999262139363624,16.0,1.5787995683100078,0.47671689060153816,25511.0,0.14158962245474804,0.45971980486453784,0.39869057248970685,0.9991487726455506,16.0,1.599488421893094,0.4783089989080977,52308.0,0.14531071577049223,0.4599861264511179,0.394703157379766,0.9999999259431649,24.0,1.7754377524196434,0.4535529812972886,75847.0,0.1349867600451285,0.4418931572631782,0.4231200822956647,1.0,0.7448883625343968,0.5011135857461024,0.9339822177336919,0.6670381721928114,0.6478199846534721,0.8967406962966813,0.6801337419894121,0.6518814775263778
31,0.0002286135354250343,416.9305335370009,27827,False,0,2824.81494140625,3182.0,1.1734479974502845,0.8427344909169888,0.16794344939501948,0.06567122703632565,8.09190564456809e-06,-0.004674728108441063,0.021591682480915142,0.0032387525075324793,1.9705343130859048,0.09852671721666192,0.9157058762102201,2.8648727437853503,0.3135055601596832,3.111681436403629,0.8038026049113945,3.835553905018744,0.9907917253873686,-0.18698912047597407,3.111681436403629,22.461029105419158,0.0044839994155570955,0.03285548519286692,0.005216467973616135,0.07142583052319723,0.06592419949285937,0.005501630889369456,-0.013924198575169154,0.36974826236288394,0.3475114562372839,0.2827402623717723,0.06273236712873274,0.03999315350344655,0.05329385116694282,8.0,1.6125819968049473,0.40144466729517736,23555.0,0.23927081268742822,0.4996711816499216,0.26105800536368234,0.9685260664354136,16.0,1.6985116219162637,0.43814243497139793,27906.0,0.14770439127847781,0.46660435690127916,0.3856912521638485,0.9998654769486679,16.0,1.600372494830412,0.4706355431427082,25908.0,0.1406260477381235,0.4585432305321133,0.4008307216467165,0.9991050241920217,16.0,1.5936064129443106,0.48004682180363206,50835.0,0.14495342576201464,0.45752185382557004,0.39752472065584576,1.0,24.0,1.8222346655431971,0.44037129560908433,72151.0,0.13586914807058742,0.44266136851138493,0.4214694835311787,1.0,0.7504615277439131,0.5055679287305123,0.9381562597939616,0.6687099470604625,0.6443073833133897,0.8985938462549413,0.6779047088325438,0.6486816464924436
32,0.00022354887560379475,413.72591312999975,28724,False,0,2824.81494140625,3182.0,1.1562023908911987,0.8297074715243831,0.16537725459294425,0.06514122860166918,1.0156324352522535e-05,-0.004806814717926315,0.02106294708770953,0.003159442189465168,1.9522729964709555,0.0976136514307856,0.9163328572962907,2.870669639481368,0.3076348602771759,3.0588734026027287,0.7901613518729089,3.8031992223005426,0.9824339368237968,-0.19227258495088778,3.0588734026027287,21.30462000135751,0.0032660485230656938,0.03721060298920184,0.007134502242992126,0.07951937507495573,0.07306285265696502,0.006456522442028822,-0.01310884832542781,0.36288846201286107,0.3470988147628482,0.2900127029671407,0.059296173493655326,0.03778195404729033,0.052294907255055464,8.0,1.6148572869425246,0.4007154963657547,24067.0,0.23898437937329797,0.49840543080058863,0.26261018971036715,0.9702913456191679,16.0,1.6956539282027596,0.43902952740021256,28336.0,0.146290062853687,0.46700574207519335,0.3867041948941265,0.9999306272171504,16.0,1.6327869414394605,0.46173555529218485,26587.0,0.14006105990433354,0.45680200863442594,0.4031369319205922,0.9994377247106029,16.0,1.6012743710433475,0.4771975730659197,51064.0,0.14398499341528678,0.45726563934435427,0.39874936706025155,1.0,24.0,1.8232103248778428,0.4399849300862621,71935.0,0.1354319971139007,0.44244795127690467,0.4221200514431014,1.0,0.7574976488209272,0.4910913140311804,0.9419330162867825,0.6695458344942881,0.6473906144437015,0.9002320594062178,0.6801337419894121,0.6593443840632436
33,0.0002183715797110622,420.94309763300043,29622,False,0,2824.81494140625,3182.0,1.1351067851593704,0.8130236207668616,0.16219984135672924,0.06535107485869282,1.1279497659672925e-05,-0.004904983773687541,0.02288539606473543,0.003432809545504536,1.919862883787485,0.09599314584200225,0.9163328572921383,2.8684184192560607,0.30340537428855896,3.031301227448531,0.78303896911823,3.790828334362954,0.9792383164400973,-0.1961993473218673,3.031301227448531,20.725628687315687,0.003284174301515733,0.03906334354967972,0.007741109828582023,0.0869725525618978,0.08010372150350818,0.0068688311376732016,-0.012163041780608596,0.36236550706511417,0.34967395389830375,0.28796051862994815,0.0575471884051358,0.03741007056954704,0.05242933485064102,8.0,1.6241632925438039,0.3965262144346206,24576.0,0.23762400994302005,0.5004440525980005,0.2619319376946243,0.9698913375151818,16.0,1.7302039428590885,0.42921561268688163,28553.0,0.14580242571233562,0.46745588876074223,0.38674168521705443,0.9999554937417914,16.0,1.6319624322630601,0.4615678766594357,26506.0,0.142484124929617,0.4613270584021937,0.3961888166738987,0.9996708611459741,16.0,1.6337882526541476,0.46756776433810865,51313.0,0.14421735698547128,0.45689967132240855,0.3988829721878047,1.0,24.0,1.803652043003594,0.444853964736666,69335.0,0.13570306807462645,0.442998806163557,0.42129812596683786,1.0,0.7639416210944303,0.5256124721603563,0.940244107699454,0.6675954304820284,0.6463116213897131,0.8973544321208985,0.6787405962663695,0.6549974743796863
34,0.00021308963076184547,417.3575166219998,30518,False,0,2824.81494140625,3182.0,1.117665337899199,0.7994230247190818,0.15952945407885502,0.06476085490744259,1.0896697221554072e-05,-0.004983232945314467,0.022820360690750812,0.0034230542401140368,1.9100257792174369,0.09550129045501055,0.9171339997930825,2.8614323949642766,0.3008531630039215,3.0135024449864236,0.7784412276026904,3.7851462827015663,0.9777705416463793,-0.1993293140436889,3.0135024449864236,20.359608712957556,0.003612651843742419,0.03820845786218812,0.008013853054008232,0.08903877163683675,0.08254149898493766,0.006497272662571887,-0.01351152111974155,0.37147057971704706,0.348454038518371,0.28007536080464984,0.05602796702604877,0.03693602487988314,0.05202945067247418,8.0,1.6237478020580765,0.39688116091434356,23697.0,0.2387157621400567,0.49968652427248406,0.2615977134820938,0.9683119479613915,16.0,1.7115029932343186,0.4349773519527219,28178.0,0.1459410661752539,0.4665678359256435,0.3874910980127727,0.999918897901692,16.0,1.6642941595008287,0.45209926012300716,26497.0,0.14318243672516476,0.4623679471850964,0.39444961654649535,0.9993951017984739,16.0,1.6513158295644463,0.4621923178763444,53314.0,0.1454573681666861,0.4588759364466495,0.3956666952288758,1.0,24.0,1.790948378810971,0.4484216136136205,70036.0,0.135763061966238,0.4433651270714086,0.42087181035351773,1.0,0.7726845240168588,0.5100222717149221,0.9432477719706059,0.6698244636388966,0.6467865277301054,0.8977337505665288,0.6840345500139314,0.6644411961632521
35,0.00020771117313858088,421.16605402999994,31416,False,0,2824.81494140625,3182.0,1.098149439845822,0.7836346388353135,0.15653558047451674,0.06496697102216822,1.0880444410923659e-05,-0.0050540099018855315,0.023228019096517585,0.0034842029991299676,1.891423504559937,0.09457117681498557,0.9165766832710928,2.859589527524366,0.30000001192092896,2.9938579075695797,0.7733666941561442,3.776461415947067,0.9755270865407915,-0.2021603923846472,2.9938579075695797,19.96404088537971,0.00400344294440181,0.03720260709300967,0.008383774332017804,0.08975991175233178,0.08437878550009367,0.005381126463844822,-0.014389751356860273,0.3552684120725135,0.34864873855630285,0.2960828288534749,0.06016200151349099,0.03746704078735576,0.05369843267938025,8.0,1.6259509227115485,0.39590970579058676,23726.0,0.23603881517212827,0.49873019120981293,0.26523099300662795,0.9701832200862252,16.0,1.7323435838994257,0.4278318530877741,28237.0,0.14594342826233583,0.4671981639446661,0.3868584075132347,0.9998946385226813,16.0,1.6569339266025667,0.45398158113212933,26333.0,0.14225718938806903,0.4625234334177514,0.3952193771801655,0.9993767540172257,16.0,1.6709726246311238,0.4567247858062932,55325.0,0.14576738608932333,0.45889276043533045,0.3953398533730951,1.0,24.0,1.818654048488101,0.4415087316204311,69226.0,0.1363773705523616,0.4428587266675415,0.42076390252524754,1.0,0.7766554042286391,0.5167037861915368,0.9500920552667983,0.6695458344942881,0.649562446031618,0.899603345428014,0.6798551128448036,0.6566136616967536
36,0.00020224450003308517,422.7147170139997,32314,False,0,2824.81494140625,3182.0,1.0771739487883198,0.7678746838729755,0.1532565269210092,0.06434889013538282,1.1563137635221163e-05,-0.005144540663419822,0.024507509158519566,0.0036761265182790764,1.8630139525293195,0.09315069915246002,0.915775540773263,2.8348393830731853,0.30000001192092896,2.9767369677303037,0.7689440515938338,3.7733589902376403,0.9747256745348373,-0.20578162294100344,2.9767369677303037,19.624686538622942,0.004661864065992567,0.03780997993991004,0.008650255556318534,0.09311685415551291,0.08666211087642707,0.006454743107250679,-0.014931249952377738,0.36366121336236934,0.3461732134472643,0.2901655530328723,0.061722768765525376,0.03814003515540007,0.05708730471115397,8.0,1.6260223486500809,0.3966052356022994,23899.0,0.23859389378606863,0.500627010225058,0.26077909601690163,0.9717778343820345,16.0,1.7285025548509738,0.4302496940511044,28855.0,0.1459282112908864,0.4660289946531792,0.3880427944213396,0.9999298422582977,16.0,1.6698593147338556,0.45084453175743816,26348.0,0.14293921064654092,0.4626661762888435,0.3943946138976771,0.9994930541437702,16.0,1.6567558541127334,0.4615224005255506,55135.0,0.14531304839678105,0.45863706441320734,0.3960498871734023,0.9999996297573478,24.0,1.8321020770269758,0.4384103276175746,69865.0,0.13642272759322244,0.4428897922444466,0.4206874799074817,1.0,0.7845275000870807,0.5289532293986637,0.9516069694095483,0.6687099470604625,0.6458330102830091,0.8986855732859859,0.6893285037614935,0.6663340923097311
37,0.0001966980406590546,418.43897678100075,33212,False,0,2824.81494140625,3182.0,1.0588130672970653,0.7535927464103387,0.15026048105394973,0.06420760447428468,1.1744753257062463e-05,-0.005273324466716624,0.023320406082771823,0.0034980610490615467,1.850315074930786,0.09251575524065203,0.9135114424048207,2.8615121309600027,0.30000001192092896,2.951931507635849,0.7625363597306318,3.76849544617594,0.9734693346981419,-0.2109329749675101,2.951931507635849,19.144327724028532,0.0054954309645317305,0.03801068096700028,0.008972945333539551,0.09662828281775608,0.09086074738274498,0.005767535505698064,-0.015183879139156874,0.3680253049620906,0.34501136708747066,0.2869633084126802,0.06372932346595518,0.039607030224149645,0.057663902028911876,8.0,1.6310644519171698,0.39472418841641665,22876.0,0.2393780049936928,0.4999325274985148,0.2606894678955164,0.9686531179887781,16.0,1.7551407432966404,0.4235246748966443,29432.0,0.1465811760163597,0.4665258951149597,0.38689292916193907,0.9999424310939523,16.0,1.6812564684781723,0.4478569253845737,26401.0,0.14314556072517234,0.4633022203879021,0.393552218579653,0.9994528890611103,16.0,1.6341414297381522,0.46871976108277635,55652.0,0.1461931336205923,0.4598412959143146,0.3939655707505659,1.0,24.0,1.8061779549579526,0.4462885009386667,71951.0,0.13555094827842537,0.4416358844938022,0.422813167748371,1.0,0.7927130864885577,0.49665924276169265,0.9563602502381247,0.6717748676511563,0.6488495407486956,0.9025437468338491,0.6868208414600168,0.6659204800232448
38,0.00019108034725482856,422.4593683089988,34109,False,0,2824.81494140625,3182.0,1.039058976549353,0.7380887213647376,0.14721775506861037,0.06408390390025465,1.1528209522281258e-05,-0.0053791679861411685,0.02475845305921059,0.003713768104291053,1.8264494035667442,0.09132247168084545,0.9161238635988577,2.865945591016882,0.30000001192092896,2.9458099926413692,0.7609550634635155,3.778763591776057,0.9761217790730566,-0.21516671560954106,2.9458099926413692,19.027088231122573,0.006485641153744753,0.03714623455961378,0.0085849118517577,0.09573166510206044,0.09202422417398987,0.003707440977793109,-0.01610890329724972,0.3597133235967688,0.3450490823899563,0.2952375740602832,0.059488058992174256,0.03741935932469441,0.055644261133289206,8.0,1.640989504731965,0.39038715784446487,23274.0,0.23873437794133734,0.49805165817153013,0.26321396402000713,0.9695322338870968,16.0,1.7743837203537351,0.41760969158976863,29066.0,0.14673872811913702,0.4675777349210366,0.3856835364838654,0.9999369957188029,16.0,1.6894489758116578,0.44550085953960405,25957.0,0.14312219103460438,0.46111051924546154,0.39576728963948266,0.9995669406543867,16.0,1.675416172806831,0.4562152256524327,54273.0,0.1455943796896188,0.4583866483756021,0.3960189720759584,1.0,24.0,1.7912277286173703,0.44997881229525305,70313.0,0.13471425263197961,0.44054650134471246,0.4247392455997701,1.0,0.7983210839806333,0.5133630289532294,0.9628764205272565,0.668431317915854,0.6463816158661672,0.9061583409438262,0.6857063248815826,0.6654953498094124
39,0.00018540008189645783,411.3624425830003,35006,False,0,2824.81494140625,3182.0,1.0224642398078438,0.72558233275708,0.14469259555879035,0.06377177687886781,1.0512161244772046e-05,-0.005449597853282906,0.022819857279967604,0.003422978731779493,1.8086728760327386,0.09043364535540699,0.9160193667511792,2.858020948896156,0.30000001192092896,2.9587887283851244,0.7643077022944038,3.8026482580331695,0.9822916127288474,-0.21798391043444346,2.9587887283851244,19.275312776023092,0.007990588397967164,0.033992184238788824,0.007434861093071547,0.09175324217930554,0.08853450753649864,0.0032187345125193898,-0.01740402843001378,0.3612864755729618,0.34795634845127865,0.2907571557071907,0.0583168855522501,0.03711788128107592,0.053521516859679846,8.0,1.639622333177749,0.3911019516525201,23601.0,0.23730706895407583,0.49862476136435363,0.2640681693353699,0.9678303237917896,16.0,1.7817413349037672,0.41483300839593584,28871.0,0.146277185714898,0.466822613753048,0.3869002004739213,0.9999346410000336,16.0,1.695344098488188,0.4434979510104263,26606.0,0.14339750231541437,0.4614698233045195,0.39513267420826337,0.9993336414330813,16.0,1.6836569858961807,0.4540218522207022,53108.0,0.14635336650917286,0.46008832828432766,0.3935583051400622,1.0,24.0,1.7858203302635087,0.4509959221965837,71283.0,0.13520018184146412,0.4408332657123078,0.42396655245453274,1.0,0.8042425720157442,0.46770601336302897,0.965899131862059,0.6717748676511563,0.6503865592342424,0.9066486204524132,0.6870994706046253,0.6697380982220615
40,0.00017966600314141116,419.37731330300085,35904,False,0,2824.81494140625,3182.0,1.003077760523043,0.7098479181992114,0.14170374106873357,0.06380030645658415,1.0010252904140214e-05,-0.005545972384177124,0.024949135567039576,0.0037423704878228135,1.7903877823923096,0.08951939060142693,0.9142429203396079,2.86598059723231,0.30000001192092896,2.95061319317579,0.7621958160368002,3.8093961292293286,0.9840347076779461,-0.22183889164114584,2.95061319317579,19.118392735191296,0.008966419838131172,0.03260038267265569,0.007074885578579071,0.09286008313027805,0.08987515651317901,0.002984926474468062,-0.01760148435697157,0.35781562378685644,0.34482657141834805,0.29735778499751625,0.057275081672527775,0.035546304218102794,0.05222286355960929,8.0,1.63762001765136,0.39213067451889994,23887.0,0.23388004325401107,0.4995222554254932,0.26659770101322317,0.9666268623540832,16.0,1.7971040901293505,0.4106587144408697,28640.0,0.14745850648888392,0.46705457682253954,0.385486916167978,0.9999712522992636,16.0,1.7235662195101116,0.4347236934776669,26344.0,0.14297382799662817,0.46325136441215126,0.3937748079151024,0.9992562015168972,16.0,1.6660799918833635,0.45815740998621174,51509.0,0.14532241557636763,0.4584533355870862,0.39622424888637414,1.0,24.0,1.7937641501106967,0.448453725250069,70767.0,0.13463750898447724,0.4398782511436602,0.42548423986096273,1.0,0.8114876867881152,0.5,0.9742605188956464,0.673725271663416,0.6526901135419584,0.9120983464799575,0.6873780997492338,0.6688818729803472
41,0.00017388695252351449,414.51474437700017,36802,False,0,2824.81494140625,3182.0,0.989429831607592,0.7001028160672854,0.1396603154894339,0.0632589172329635,9.552570148443532e-06,-0.005612679651909734,0.023844327883378827,0.003576649323420092,1.7686852221251812,0.0884342625421678,0.9176564840314746,2.8664421338123844,0.30000001192092896,2.9538259468356323,0.7630257267593038,3.822938370693855,0.98753290909029,-0.2245071823309862,2.9538259468356323,19.179845820300745,0.01019994289492253,0.030624662295075735,0.006271839994890338,0.09198516540847239,0.0892913071156117,0.0026938583200130533,-0.018242661235200363,0.3619958374855216,0.34694652628959244,0.29105761627189425,0.05963274575981411,0.0377473728152219,0.054783515835487046,8.0,1.6317725961387475,0.39409771534632465,23523.0,0.2346897753211638,0.49941972863807454,0.26589049620945016,0.9687743198784828,16.0,1.7839900227216532,0.4147088138118068,28752.0,0.14655243773622578,0.465861964214973,0.38758559792994074,0.9999701414799557,16.0,1.7149117299350993,0.4374172685734634,26190.0,0.143029756753471,0.46472149516410965,0.392248748215294,0.9994021516728374,16.0,1.6952382406100006,0.4497157290259716,51389.0,0.14493115191692768,0.4573463373906876,0.39772251056521957,1.0,24.0,1.805911711500607,0.4459870965240634,70440.0,0.13499302446287859,0.4403306412343475,0.42467633426955526,1.0,0.816155212651085,0.4821826280623608,0.9799974366262717,0.6748397882418501,0.655633701908236,0.9143724119673203,0.6893285037614935,0.6699770978116434
42,0.0001680718409199467,422.3709865359997,37700,False,0,2824.81494140625,3182.0,0.9614817680284111,0.678025198429579,0.13530809496759044,0.06321826049061902,9.032519075205984e-06,-0.005660594879667778,0.02512397503379686,0.0037685964093546022,1.7362636469047377,0.0868131838447736,0.9155665470768679,2.881444396874329,0.30000001192092896,2.955071061784195,0.763347362740344,3.8316030657284355,0.9897711542009863,-0.2264237914606423,2.955071061784195,19.203508151852727,0.01118918853616014,0.029249330817640456,0.005668290530230317,0.09125462444914044,0.08898907368903108,0.0022655507018307266,-0.018922200608707744,0.35477949382265667,0.3480824546142284,0.2971380311782808,0.05925507835708793,0.03864496897544942,0.05607373379382404,8.0,1.6439911472232263,0.38890577437959956,23187.0,0.2361767672967992,0.5017819261035183,0.26204130723083685,0.9685628832439183,16.0,1.809997881682524,0.40692109634308293,29657.0,0.1467738272616713,0.4667036327701107,0.38652253982132934,0.9999774283382676,16.0,1.7430098358335537,0.4290644422797907,26331.0,0.1416640484596504,0.4626354607981347,0.39570049094723625,0.9995146610216228,16.0,1.7141523546607662,0.4436153025416032,51111.0,0.14538083934732862,0.4581899684322321,0.39642919173305935,1.0,24.0,1.795236246028354,0.4484857249656081,69098.0,0.13447361068066363,0.44085620575748585,0.4246701832462733,1.0,0.8255599289421436,0.5133630289532294,0.989688889201088,0.6776260796879353,0.6583520060576341,0.9192951847232129,0.6907216494845361,0.6736845528598165
43,0.0001622296348113128,416.3803456159985,38598,False,0,2824.81494140625,3182.0,0.9425674776478435,0.6632650008493176,0.13244347166109244,0.06303911481042646,8.602455333195304e-06,-0.005731628059334849,0.024810775950187186,0.0037216165385019996,1.7164260062207963,0.08582130175707633,0.916959838379247,2.8453977954163854,0.30000001192092896,2.9542713790707396,0.7631407902903382,3.8418027323953012,0.9924059089869722,-0.22926511869663405,2.9542713790707396,19.187981376885794,0.012446211020007827,0.02816110663057586,0.004901578076167382,0.09147640613583986,0.08927844044770553,0.002197965730614632,-0.019099977273976585,0.3565654319744216,0.34504413438435444,0.2983904128359662,0.0557530331723331,0.03717847044615272,0.05488649143831326,8.0,1.640642091752826,0.3902127299049173,23553.0,0.23459520085147606,0.5006506767383069,0.26475412306888063,0.9695215554499627,16.0,1.8264059528229382,0.4014619012010015,29602.0,0.1466819629736997,0.46646007367604503,0.3868579632563088,0.9999743328642923,16.0,1.7862448611019124,0.415937070622913,26773.0,0.1414675835390658,0.46073793079159703,0.39779448584684934,0.9995362688628163,16.0,1.7130023858868517,0.44348898135534903,50718.0,0.14461818718728345,0.4575537609389228,0.3978280514834746,1.0,24.0,1.8177451243939213,0.44219191465977736,69532.0,0.13533745222749985,0.44144344823234793,0.42321909987493395,1.0,0.8333971925180257,0.4888641425389755,0.9977258112344878,0.673725271663416,0.6509236334948083,0.9263192360764527,0.690164391195319,0.6728223330513613
44,0.00015636934245598073,417.2995336849999,39496,False,0,2824.81494140625,3182.0,0.9274032344771277,0.6516609609411479,0.13015469333460647,0.0631337975703286,8.662809420169303e-06,-0.005753731187517997,0.025246977402796095,0.003787046759423241,1.6882361141615283,0.08441180718672173,0.9175868194642794,2.8472498909317343,0.30000001192092896,2.9547848710030853,0.7632734345112513,3.8457388525418743,0.9934226784313638,-0.2301492439201124,2.9547848710030853,19.197907357426985,0.013004617587806586,0.02806563200597446,0.004582880416511893,0.0915518068198878,0.08925729780053224,0.0022945090150491418,-0.01924278293558994,0.3540899130928425,0.3403955285043161,0.30551453903221426,0.05554949818952708,0.036007863347284924,0.05406389094500142,8.0,1.6480334755220758,0.3875534382177963,23333.0,0.2342929951655852,0.49985652379391854,0.2658504806278583,0.9695982999834688,16.0,1.8300626519713856,0.4009074685221377,28903.0,0.14651879773497387,0.4668536991002422,0.3866275032146119,0.999969237907673,16.0,1.792454078207528,0.41417061581441056,26727.0,0.1416486980099427,0.4626185555265235,0.3957327463415591,0.9994400644581405,16.0,1.7135333795275758,0.443460757368481,51046.0,0.14455283959377205,0.45989036025342084,0.3955568001528071,1.0,24.0,1.82222096137465,0.4409289520014964,69542.0,0.1355821719818294,0.4428992013823065,0.421518626672197,1.0,0.8369152530565328,0.4922048997772829,1.0035554678966887,0.6767901922541097,0.6553040394371699,0.9281096884585849,0.6898857620507105,0.6711759906430735
45,0.00015049999999999997,423.99239368099734,40394,False,0,2824.81494140625,3182.0,0.906001603870358,0.634714029594675,0.1266735071297092,0.06267418678912351,8.406763858865622e-06,-0.005781775106171771,0.02669747002307842,0.004004620662411721,1.6741725892843782,0.08370863096487158,0.9163328572942145,2.848983534177421,0.30000001192092896,2.954223149946156,0.7631283317693843,3.849519673674046,0.99439933225567,-0.23127100048628574,2.954223149946156,19.18708218322029,0.013633892712807412,0.02736080453949993,0.004210678330287539,0.09143840714216257,0.0895319423188697,0.0019064649810084865,-0.01948317118151783,0.3589994139353506,0.3394731132676225,0.3015274525564863,0.05390490654602544,0.03500385404169287,0.05173047777128932,8.0,1.6670032873676548,0.380159552657304,23803.0,0.23374663798389,0.4992511208526036,0.26700224140174644,0.9673146223892359,16.0,1.8379932192285513,0.3987964074304142,29402.0,0.1468079931842749,0.4679067683681234,0.3852852384585016,0.9999593592988912,16.0,1.8067033532819403,0.4102906702811236,26768.0,0.1429666528417472,0.46445369244082735,0.39257965410028517,0.999575972984758,16.0,1.727607648962032,0.440122270059667,51449.0,0.14451236498333442,0.45771505296170106,0.39777258213541594,0.9999999259431649,24.0,1.819236709761883,0.44200812460025934,69958.0,0.13598289612686254,0.4427615852726179,0.42125551891350155,1.0,0.8439513741335469,0.5278396436525612,1.018471080916743,0.674282529952633,0.6525960790523145,0.9347798072816802,0.6879353580384509,0.6696161620869242
46,0.00014463065754401926,414.1856531320009,41291,False,0,2824.81494140625,3182.0,0.8863668307278438,0.6195458466013695,0.12383473316297257,0.06251306538163044,8.050414926056896e-06,-0.0058059696086173295,0.02586269355707501,0.0038794041877425163,1.6478340543806294,0.08239170407358694,0.9175868194653176,2.8613633724492877,0.30000001192092896,2.9585155200267303,0.7642371276731363,3.857558517040157,0.9964759082890358,-0.23223878061589937,2.9585155200267303,19.269571606145973,0.01539686299692308,0.026403186955690702,0.0033620721544905486,0.09085214848858282,0.08908523503610377,0.0017669133603856826,-0.019633685696681027,0.3514607468106546,0.34224864615139705,0.3062905869240538,0.05571808670830891,0.035609306525644695,0.053236242681518525,8.0,1.6727430697099315,0.3772582157695259,24013.0,0.2352548520880361,0.49946396506116275,0.26528118277865437,0.9669482466789111,16.0,1.84991829772492,0.3949552162998485,29168.0,0.1483830061540272,0.4681095864064907,0.3835074073979588,0.999968127163107,16.0,1.8081409813132072,0.4095570954686775,26671.0,0.14163388124177553,0.463798217715471,0.3945679011065956,0.9995387563046386,16.0,1.7355476787892614,0.43731877595272395,48639.0,0.1446339372184617,0.45916387298529104,0.3962021898351753,1.0,24.0,1.8297621070821688,0.43823085435007575,67689.0,0.1358082214158017,0.44290148684952657,0.4212902915353598,1.0,0.8518583022745481,0.4955456570155902,1.023448622020781,0.6726107550849819,0.6495847871008448,0.9389091527505186,0.6893285037614935,0.6716453221900603
47,0.00013877036518868718,412.7613365500001,42189,False,0,2824.81494140625,3182.0,0.8669305764386022,0.6049019896816762,0.12093265508217699,0.06229379374749683,7.286580443317421e-06,-0.005817273752336632,0.025361252734861575,0.003804188058454501,1.6161587793644603,0.08080794030485858,0.9167160124002925,2.8627220058670373,0.30000001192092896,2.9607791677156277,0.7648218680899687,3.8615725886597936,0.9975128145322368,-0.23269094644226812,2.9607791677156277,19.31317169385842,0.01635139927892435,0.025365760482492408,0.0028224098159897507,0.09027379635018014,0.08830487238922323,0.0019689241968369226,-0.01984312319324542,0.34855690555926455,0.33949874295137483,0.31194433037994457,0.05678026596230023,0.0357354934142039,0.05417454547772915,8.0,1.6746209955808407,0.3760624347200978,24186.0,0.2369454322656148,0.5003827405372854,0.262671827224609,0.9693381675707559,16.0,1.8675394127862142,0.3897974203051376,29795.0,0.14722653571370295,0.46735433183758107,0.3854191326257091,0.9999696820846665,16.0,1.8087723127016515,0.40915096340215484,26606.0,0.14100002092244904,0.46309848449945973,0.39590149451424916,0.9994571684686495,16.0,1.7403099871739778,0.43589979658273326,47982.0,0.14400639345356156,0.45743155213681924,0.3985620547085871,1.0,24.0,1.853420262509634,0.43298972528088514,68229.0,0.13554789249555016,0.44247127129364805,0.42198083596737135,1.0,0.857779790309659,0.4933184855233853,1.0367561142303114,0.6692672053496795,0.6459618649054574,0.9452268994429145,0.6904430203399275,0.6753500711427858
48,0.00013292815908005326,412.50565480099976,43087,False,0,2824.81494140625,3182.0,0.8542107648309518,0.5952961111464028,0.11884814115757811,0.061980765168486794,7.680727038194606e-06,-0.005834114378372495,0.02495790209134979,0.003743685464253687,1.6033699104805768,0.08016849692128844,0.9143822494688076,2.868918529269862,0.30000001192092896,2.955614520487871,0.7634877476839524,3.8590156778056337,0.9968523190057141,-0.23336457132176175,2.955614520487871,19.213681119724626,0.015671325596290458,0.025767817965096626,0.0031612591628995294,0.0910099340066391,0.08865813646042392,0.00235179738442024,-0.019915298557052284,0.35043731051231447,0.34217221657639946,0.30739045161293893,0.056861270722038774,0.03589556842646345,0.054222826389025244,8.0,1.6694034461446257,0.3785565828269268,23355.0,0.2344488074740977,0.4986835706009337,0.2668676218087033,0.9701414574520927,16.0,1.8639389080888171,0.3909003433181249,29725.0,0.1467040145475873,0.46729011710706836,0.38600586865832637,0.9999640689295135,16.0,1.8062214816624378,0.410197474784689,26946.0,0.14110986416444263,0.46206016538388894,0.39682997037692647,0.9995984845684798,16.0,1.7466543506042118,0.43371328337073195,50873.0,0.1435578168300116,0.4569031808824681,0.3995390026778395,1.0,24.0,1.8776732227878596,0.4260710403045486,67671.0,0.13584482099196143,0.44242209401631116,0.42173308550661653,1.0,0.8627259744331046,0.4844097995545657,1.0428817421820675,0.6695458344942881,0.6432434962350863,0.9487537757438284,0.6876567288938423,0.6681101410879311
49,0.00012711304747648543,415.60328097399906,43984,False,0,2824.81494140625,3182.0,0.8388937437620285,0.5833653468498388,0.11648353289093541,0.06191835747665487,7.1389301580526565e-06,-0.0058438772688888686,0.0264269402908857,0.003964041202453053,1.5799840872300788,0.0789992057583402,0.9144867463175242,2.873406893648346,0.30000001192092896,2.9569956807948365,0.763844525927415,3.861908601781925,0.9975996129091491,-0.23375508698173408,2.9569956807948365,19.240188972541972,0.016259070965229973,0.025102844201434497,0.0027466814349799583,0.09054475301200807,0.08843256744291969,0.0021121855344261426,-0.019989747671237405,0.3429414869702229,0.34149359641597,0.31556489561442785,0.05705450026997662,0.03646543237212546,0.05475734916130487,8.0,1.6755282812687566,0.37606647910877944,24014.0,0.23609811323364807,0.499772138558044,0.264129747995501,0.9681923600788496,16.0,1.8795147481401984,0.3864341688557243,29505.0,0.1470926863522302,0.46932043779244714,0.38358687609044845,0.9999739625988022,16.0,1.8237804284335437,0.40440414498341387,26937.0,0.14002499831204895,0.46193245426170704,0.39804254738783496,0.9995509443863079,16.0,1.7680921392001645,0.4269261749397646,51303.0,0.14380370103983617,0.45805137240549104,0.3981449263854653,0.9999997778502563,24.0,1.895537468178643,0.42076372339262175,66912.0,0.1357391442281001,0.44300561852558784,0.42125523742071,1.0,0.8674283325786338,0.5066815144766147,1.0492214437446477,0.6734466425188075,0.6506369392285215,0.9550255249223526,0.6890498746168849,0.6719458409891563
50,0.00012133399685858881,411.07748950899986,44882,False,0,2824.81494140625,3182.0,0.8180065070965342,0.5667798676082277,0.11337022711908752,0.061814646666137736,6.825509726781452e-06,-0.0058464192490572,0.024819910800978326,0.0037229867734975474,1.5631674825761082,0.07815837541299182,0.9178654777289076,2.8842975654722967,0.30000001192092896,2.9551255754710466,0.7633614444222759,3.860432117161131,0.99721821053133,-0.23385676610905398,2.9551255754710466,19.204251436692402,0.01605300876093993,0.025094001195327488,0.002938773973645666,0.09073005469309017,0.0885345477012242,0.0021955070317429565,-0.020002764068330327,0.34481920824121826,0.3429860175548666,0.312194753719425,0.05852903838642895,0.03747009342860277,0.05583435208969922,8.0,1.6780384893788411,0.3751034388013916,23517.0,0.2366387538982744,0.49960348675162897,0.2637577592312362,0.9692677776306673,16.0,1.8895772260003314,0.38381339372888146,29526.0,0.1483999778733258,0.46863478078870896,0.38296524128813725,0.9999697860362134,16.0,1.8420441225448776,0.3994818292149448,27033.0,0.14042990137508096,0.4601171847211351,0.3994529138762748,0.9996483483663808,16.0,1.7893821735932514,0.4208453508024077,52281.0,0.14417887389039108,0.4577065153287045,0.3981146111047863,0.9999997038038021,24.0,1.8999421291538339,0.41973903560747217,66854.0,0.13575754259045733,0.442856115188306,0.4213863421324806,1.0,0.8742206276777317,0.48329621380846327,1.064375878675763,0.673725271663416,0.6537654510831024,0.9632121522003444,0.6898857620507105,0.6741339494031676
51,0.00011559991810354217,418.2652034120001,45779,False,0,2824.81494140625,3182.0,0.8020037134021979,0.5546163459602969,0.1109953506846235,0.06152107357577083,6.6182410851479795e-06,-0.0058555127247992035,0.025250197507481528,0.003787529778202998,1.5386461687999864,0.07693230974123626,0.9150440628384758,2.8670597137538336,0.30000001192092896,2.9593996038556143,0.7644655018429293,3.866114255523203,0.9986860073033393,-0.23422050546041007,2.9593996038556143,19.286458549365307,0.017729717377544574,0.024096836199157187,0.002018871762591382,0.0901493735121204,0.08799858373689437,0.0021507898907533116,-0.02010221114921497,0.34605656987098765,0.34167718485383397,0.31226622398202164,0.057599549014336046,0.03557056132617729,0.054860925485195965,8.0,1.6906939757489383,0.36978604304071727,23505.0,0.23742228787262748,0.4987515915070894,0.26382612065921124,0.9672675425553132,16.0,1.9080122404327056,0.3779988681368164,29702.0,0.14587480035224817,0.4661480715082641,0.3879771285298069,0.9999706301429544,16.0,1.862147669125477,0.39335430052621,26996.0,0.14090201811698036,0.46045718442526284,0.3986407978008432,0.9996275552043538,16.0,1.7952520770253282,0.4187813231412626,51700.0,0.1447901347066015,0.4591017021113144,0.3961081633481774,1.0,24.0,1.9067024397722976,0.41766945141548273,65716.0,0.13535524854744244,0.44301104867295155,0.42163370282112933,1.0,0.8793061409314152,0.5089086859688196,1.0745127866712576,0.6726107550849819,0.6523009424901228,0.966271056857206,0.6882139871830594,0.6684149390453292
52,0.00010991965274517138,423.8422029739995,46677,False,0,2824.81494140625,3182.0,0.7930107046732431,0.547278364749242,0.10959676431905323,0.06148496429823925,6.437624897749115e-06,-0.005856025365437122,0.02713161344529693,0.004069742185697118,1.5286091560957686,0.07643045914292922,0.9134417778438542,2.870843109746866,0.30000001192092896,2.960211480439089,0.7646752239506863,3.8670055131112657,0.9989162345985422,-0.23424101064785582,2.960211480439089,19.302118304248406,0.01803252276185891,0.023979849268911425,0.0018167172345247191,0.08985403303732098,0.08782090879440839,0.0020331244311056723,-0.02014796519346748,0.34264894053373696,0.34192744879672105,0.31542358943763216,0.05920788624256008,0.03670008371225752,0.056983582004076876,8.0,1.692094378139354,0.3689286989363314,24006.0,0.23732501811459916,0.49959260147647416,0.2630823806274431,0.967456765479896,16.0,1.9176566323922086,0.37472477546036026,29580.0,0.14630006659765463,0.466254589981933,0.3874453433871938,0.9999738293048036,16.0,1.8869585703273748,0.385987999237104,27430.0,0.14167863576737494,0.4619226504146187,0.39639871358859,0.9995336908586405,16.0,1.7933807010133087,0.418819581105744,51847.0,0.14441713909637535,0.4583875664654743,0.3971952948061508,1.0,24.0,1.9394412659532436,0.409293550963586,65289.0,0.1355961521314667,0.4430399173238425,0.4213639305638953,1.0,0.8838691699467066,0.534521158129176,1.0817542321571039,0.6698244636388966,0.6509874690301938,0.9675419111874948,0.6890498746168849,0.6685977469912203
53,0.00010430195934094535,418.5820397970019,47575,False,0,2824.81494140625,3182.0,0.7733331936903644,0.5323354279369208,0.10651403957659135,0.06152570478662523,6.568004496667969e-06,-0.005867278454957313,0.025076654962963053,0.003761498393393136,1.5011446473999928,0.07505723370253153,0.9165070187070119,2.851973379661913,0.30000001192092896,2.956918038487779,0.7638244693911002,3.8654545909695965,0.9985156039313183,-0.2346911345402181,2.956918038487779,19.238641818682808,0.017548798461830033,0.024351494235102317,0.0021364557659732295,0.0901066383144554,0.08800237674263894,0.0021042613402793607,-0.020182842121896933,0.3412896192531824,0.3441119515576944,0.3145984079852415,0.05698977766583247,0.03595976858540631,0.056154358935983556,8.0,1.692285659794125,0.36893838355025427,23944.0,0.23740611556904323,0.5004061687347254,0.2621877149571163,0.9673612139940785,16.0,1.9057032893271966,0.37853795336914636,29403.0,0.14671110824981143,0.4662280584532679,0.3870608332361928,0.9999733698534581,16.0,1.890489445795995,0.38486654093602785,27279.0,0.1418701022751275,0.4627424307724721,0.39538746663422797,0.9995792611248462,16.0,1.8051257263659484,0.4154182133579865,51082.0,0.14473362834537293,0.4591035016716459,0.3961628704205331,0.9999996297573478,24.0,1.9451321199307425,0.40890335408122924,65007.0,0.13576864991050938,0.442999166237149,0.4212321838964601,1.0,0.8899996516771744,0.512249443207127,1.0933346454397688,0.6734466425188075,0.6523815596153302,0.9723005063289983,0.6904430203399275,0.6686813719839707
54,9.875549996691475e-05,420.027425925,48472,False,0,2824.81494140625,3182.0,0.7594936652259354,0.5221606253012208,0.10457168981469767,0.06123109432196533,6.411866590362509e-06,-0.00586725604170911,0.024961148003911877,0.0037441723484487165,1.472938576718849,0.07364693014603553,0.9151137274046328,2.866838262864193,0.30000001192092896,2.9562979802687037,0.7636642968597745,3.864831059001208,0.9983545349032832,-0.2346902380435086,2.9562979802687037,19.22674173390115,0.017375367537728403,0.0246140897347851,0.002255584625204484,0.0904737168014633,0.08839822323346837,0.002075493564004798,-0.020217132807533678,0.33827498559335745,0.3432429703777456,0.3184820241205429,0.05680827848077871,0.03538302711958467,0.05611131169046473,8.0,1.699414843808538,0.365792063780599,24195.0,0.23579349377452694,0.5000385204665841,0.26416798656963164,0.9671525450401236,16.0,1.9188450276363755,0.3745775697254878,29571.0,0.14713910706163494,0.4670524073683517,0.3858084855425042,0.9999703192163599,16.0,1.9020222829441162,0.38150495106185084,27032.0,0.14218850957124043,0.4631623657292269,0.394649124452988,0.9996090427374797,16.0,1.8334301480255704,0.40658330845107826,51057.0,0.14440869739729226,0.457820326916173,0.39777097507718007,1.0,24.0,1.9499065188422482,0.40723142245021865,64848.0,0.13546336884740925,0.44302358756124666,0.42151304373252335,1.0,0.893482879933122,0.5111358574610245,1.1033928701558064,0.6748397882418501,0.6558143182119209,0.9767726622739852,0.690164391195319,0.6707103272760605
55,9.328882686141906e-05,417.8331512959994,49370,False,0,2824.81494140625,3182.0,0.7437389362906417,0.509967397680568,0.1022377858244838,0.061006208148524865,5.946955298493155e-06,-0.005874487532555056,0.02436125427982792,0.0036541882885774476,1.4548379538280445,0.07274189893897028,0.9149047337082379,2.8460991311427914,0.30000001192092896,2.9564398946655452,0.7637009566084104,3.8660927576897324,0.9986804541950544,-0.234979497586644,2.9564398946655452,19.229470842189976,0.01786442955694331,0.02377226479180756,0.00197178134377107,0.09017486873013816,0.08826908699498828,0.0019057819667234672,-0.02022713082491689,0.33756808687300305,0.3449511000004643,0.3174807933510531,0.05631906401162661,0.03529297813680766,0.05525570739331969,8.0,1.7003746821865475,0.36572105844108294,24238.0,0.23544696270339918,0.5005671357866854,0.2639859016593993,0.9694115938265506,16.0,1.9224406172312465,0.3737441848124858,29577.0,0.147179818780072,0.4661251088131549,0.38669507232632166,0.9999829526023808,16.0,1.9198075760253366,0.3764419892636157,26991.0,0.14181799455979405,0.46157834871530556,0.3966036566667677,0.999660285121948,16.0,1.8316324001577873,0.40757462087397234,51045.0,0.14430177182539441,0.4569510825354916,0.3987471458939633,1.0,24.0,1.9430986419732745,0.4093304861052382,65382.0,0.13534831263693553,0.4423342330940606,0.4223174540530826,1.0,0.8992998711205545,0.5077951002227171,1.113301185453526,0.6717748676511563,0.6536607771980759,0.9806883167044702,0.6879353580384509,0.6685661362887686
56,8.791036923815453e-05,417.10247104500013,50268,False,0,2824.81494140625,3182.0,0.7313163108144535,0.5005949042949512,0.10030061690331236,0.06088430643392571,5.884702874856675e-06,-0.005871820822069415,0.024174962810562913,0.0036262445698551173,1.4355235421701993,0.07177617835426137,0.9167508446849282,2.845185752248659,0.30000001192092896,2.9574016633628863,0.7639493986005557,3.8666415918940116,0.9988222280956783,-0.23487282949512275,2.9574016633628863,19.247948285358994,0.017830027362256553,0.023894673809611567,0.0019026507916654774,0.0900488684199842,0.08781472350167374,0.002234144804340309,-0.020231602852893202,0.3415920957406489,0.3430093078741339,0.31539857657029047,0.05521020552029849,0.0343276041235247,0.05302655850141839,8.0,1.6977108628021778,0.3668955594686352,23505.0,0.23720212764496912,0.5014019694554693,0.2613959027775868,0.9700532366960474,16.0,1.929129410456073,0.3715881591883941,29890.0,0.14627948128526008,0.46491031808108885,0.3888102001545758,0.9999746291290037,16.0,1.9137124949734996,0.3780952081857104,27445.0,0.14079673654609406,0.46169707009135347,0.3975061937886855,0.9996903204109033,16.0,1.8395803566532758,0.4052441094901529,51198.0,0.14390338490950974,0.45657054135229624,0.39952607338939816,1.0,24.0,1.957717021346495,0.4055072924870218,64066.0,0.13563010549517468,0.4429092517429445,0.42146064244370846,1.0,0.9038629001358459,0.5055679287305123,1.1224441124423694,0.6762329339648927,0.6558286566014407,0.9884325708974933,0.6862635831707997,0.6668560804489931
57,8.262842028893775e-05,418.8910524419989,51165,False,0,2824.81494140625,3182.0,0.7160046548653041,0.48864635947131907,0.09828144765002148,0.06100104024075861,5.617683473493973e-06,-0.005870697573551402,0.023706385882871023,0.0035559580210082343,1.4076985989711,0.07038493117390807,0.9147305722964786,2.852763590832116,0.30000001192092896,2.957875710968073,0.7640718540605024,3.8669417087899474,0.9988997533609636,-0.23482789930046122,2.957875710968073,19.2570590291918,0.01818142821022558,0.023899091431597456,0.0018049577887827026,0.0902391526172156,0.08775195358793723,0.0024871989498812526,-0.02031401168789758,0.3424398401597894,0.3427526999179703,0.31480744020800766,0.05696979055144229,0.03493734188329846,0.05606258950257875,8.0,1.7025010788958501,0.36456978686065394,23962.0,0.23646902084909074,0.5015462750306287,0.2619847040647432,0.9704218782444824,16.0,1.933401188829143,0.3704507511710293,29782.0,0.14587289008660237,0.46564703146248443,0.388480078999021,0.9999760509704098,16.0,1.9286650711766995,0.37391546354377203,27480.0,0.14133527411754,0.4621305778098914,0.3965341482054432,0.9996371524677518,16.0,1.84679805989541,0.4035103839556332,50781.0,0.14361051681732334,0.4566100090913395,0.39977947388943,1.0,24.0,1.9727043985195214,0.4011545161031797,63648.0,0.13576156605605882,0.4421212755735609,0.42211715842020825,1.0,0.9077641157825073,0.512249443207127,1.1379386452653342,0.6723321259403734,0.6539863172228466,0.997438980829553,0.6862635831707997,0.6692366681063765
58,7.745112439620527e-05,409.8941455319982,52063,False,0,2824.81494140625,3182.0,0.7024627521864037,0.47834721343711384,0.09607373293920152,0.060704755994175214,5.355014432598025e-06,-0.005873749397194579,0.021448802097444812,0.0032173204405880835,1.3997625013492674,0.06998812628762806,0.9159845344675817,2.867091964947035,0.30000001192092896,2.957472638387267,0.7639677328265171,3.867011200750944,0.9989177049163441,-0.23494997208982704,2.957472638387267,19.249302134493426,0.01826181983245439,0.023766193216125282,0.0017808922017668242,0.0904068642028688,0.08797214936318785,0.002434714905055841,-0.020351893708575437,0.3410612653779105,0.34108904811414065,0.3178496673854235,0.05646179828492675,0.03421252607957207,0.05467061584001072,8.0,1.6971774360030634,0.36678201759067913,23446.0,0.23540527360187005,0.5017533875785654,0.2628413386425714,0.9704893061831443,16.0,1.938503808854636,0.3685063983329083,29983.0,0.1466810002286148,0.4663099481222452,0.38700905141401426,0.9999752804388334,16.0,1.948596828305828,0.3680846393430174,28141.0,0.14160725327105544,0.4618689728319269,0.3965237738362898,0.9996907348634307,16.0,1.857278631055628,0.4001621770972539,49528.0,0.1438660276340356,0.45765741357709006,0.39847655865029025,1.0,24.0,1.9968741765660574,0.3943589621420842,62629.0,0.13599156964906492,0.44266051411620416,0.42134791591655846,1.0,0.9126058030582744,0.47216035634743875,1.1493717427039818,0.6740039008080245,0.6559579239608435,1.0010314796521624,0.6879353580384509,0.668911407511672
59,7.238646457496564e-05,418.15554624599827,52960,False,0,2824.81494140625,3182.0,0.684257169739655,0.46438365200249443,0.09329628272134477,0.060403669336751994,5.016560082346026e-06,-0.005873710081847924,0.022900918685555098,0.0034351379354094287,1.372142420247238,0.06860712225528454,0.9170643352300397,2.8663750672117,0.30000001192092896,2.9575246270744566,0.7639811628975752,3.8670571058570222,0.9989295628938751,-0.23494839999629993,2.9575246270744566,19.250309142221322,0.018321821751820618,0.02374206644234517,0.001770542554176866,0.09049880124462191,0.08831091918379018,0.002187882040726989,-0.020382187525852084,0.34350805968620246,0.34029605257406914,0.3161958670787641,0.05759857685072486,0.034139004337537034,0.055009778473783036,8.0,1.7126013033276022,0.3603821052121885,23873.0,0.23553099268913402,0.5008823434766497,0.26358666358819066,0.9705921001014775,16.0,1.9490861019589418,0.3655581837944644,29806.0,0.14700867854773203,0.46666502440800806,0.3863262972409766,0.9999634471406856,16.0,1.9476991637738263,0.36843645513076395,27409.0,0.14169486713372467,0.46306243028534944,0.39524270227936276,0.9996393142961826,16.0,1.8668077673017305,0.39701031901407124,49114.0,0.14408112289269495,0.4577604817507006,0.3981583958465796,1.0,24.0,1.9944684216958644,0.3950655285077366,62262.0,0.13597200124580752,0.44292043821889493,0.4211075605519069,1.0,0.9191891044620154,0.5089086859688196,1.1691124193779303,0.6662022847589858,0.6502021671822222,1.013100658877376,0.6893285037614935,0.6712459134572671
60,6.744225016356949e-05,420.83354436300215,53858,False,0,2824.81494140625,3182.0,0.6735644434108692,0.4560818018582411,0.0917036082513708,0.06048244784216866,4.624443814134117e-06,-0.005872070392821925,0.022624951565759575,0.0033937428756831275,1.355405785371494,0.06777029042248173,0.9140687589299248,2.874377058833664,0.30000001192092896,2.958716258795401,0.7642889814095469,3.867994829539475,0.9991717933944086,-0.23488281198486174,2.958716258795401,19.273277111040844,0.018614012553881502,0.02315745102438547,0.0015288188262824463,0.09051133485608201,0.08844871202735444,0.0020626228105895066,-0.020390762190380468,0.3392310457346876,0.33924639379161414,0.3215225400286552,0.05697499977464902,0.03380388608790477,0.054941022586757524,8.0,1.716496101030798,0.3583876489399161,24103.0,0.2362639810973655,0.5008941170331257,0.26284190092537235,0.9709573796294634,16.0,1.9626996708105606,0.3612989427016992,29587.0,0.14723995336202284,0.467387075899055,0.38537297057542413,0.9999742881602897,16.0,1.9645956162769571,0.363237000359002,27888.0,0.14229143672543942,0.46460208498579136,0.39310647823634604,0.9997113350624534,16.0,1.8680006247619139,0.3964491289843046,48784.0,0.14406466198026077,0.45830900109405115,0.39762633728019336,0.9999994816540584,24.0,2.001595482203715,0.3929152705989631,61961.0,0.13628787111381058,0.4433836395694252,0.42032848931105476,1.0,0.9216621965237382,0.522271714922049,1.1867304324572316,0.6642518807467261,0.6481973288678277,1.0194245107860145,0.6868208414600168,0.6720113810481727
61,6.262610478227527e-05,413.3500798720015,54755,False,0,2824.81494140625,3182.0,0.6608758510714137,0.446670404429213,0.08982427648842084,0.060395587237246286,4.66320595956734e-06,-0.0058799902738517935,0.020898446075551053,0.0031347670352797575,1.3345229188025387,0.06672614706745902,0.9174823226207534,2.868820820454665,0.30000001192092896,2.9572103364269386,0.7638999756868491,3.8677152884683745,0.9990995828707334,-0.23519960718388436,2.9572103364269386,19.24426274002481,0.01853314863993517,0.0233963142148534,0.0016054600592656692,0.09054918273213665,0.08854273616413266,0.0020064463776860784,-0.020404232487151515,0.3374724974629024,0.3411021648824325,0.32142531683279796,0.05791233405351469,0.034551111181624454,0.055941424167795885,8.0,1.71855086246592,0.3575268775487321,24244.0,0.2364320114461011,0.5010384821506448,0.26252950688232934,0.9719279307013433,16.0,1.9606801110037466,0.36187589575996126,29262.0,0.1468826408447934,0.46693277506208947,0.38618458376093057,0.999974406954346,16.0,1.9747814900897764,0.35975922999422216,27234.0,0.14166256738575222,0.46452455671318,0.3938128759425911,0.9996556641685207,16.0,1.887130335271784,0.39047037237921856,49128.0,0.1438529804365036,0.4578138402059429,0.39833317868487583,1.0,24.0,2.020711286226831,0.38772540767595864,63013.0,0.1360934552126674,0.44336873618569583,0.42053780901116045,1.0,0.9257375735831969,0.48997772828507796,1.198363900682859,0.6639732516021176,0.6440527738284656,1.0266113026323476,0.6882139871830594,0.6751439877895039
62,5.7945454578179794e-05,425.4911260439985,55653,False,0,2824.81494140625,3182.0,0.6537383014852091,0.4417455061087269,0.08876716483315208,0.060164702371276156,4.488914615346912e-06,-0.0058810893339835985,0.023111693481014974,0.003466754162098799,1.3094154958183677,0.06547077589567867,0.917099167509485,2.82490253777351,0.30000001192092896,2.9579926259781177,0.7641020548634737,3.868667766116016,0.9993456243501195,-0.23524356948664588,2.9579926259781177,19.259316839997915,0.01883744433890225,0.02305217286567773,0.0013678450455500539,0.09042640436014962,0.08855739713733508,0.001869007108722742,-0.020410987300979767,0.3359418995500653,0.3416725661094471,0.32238551443732394,0.05637281476813422,0.034068756427304066,0.0546035410803834,8.0,1.7169820996527347,0.3582480433578173,24152.0,0.235877242339617,0.5017688195510005,0.26235393840315996,0.9705827689381776,16.0,1.9552619447611463,0.3632496603573165,29695.0,0.14749387205332198,0.46712808475573614,0.3853780432215653,0.9999701263862301,16.0,1.9597910386300468,0.3643679417603076,27233.0,0.1411819869872399,0.46311104291720867,0.3957069704334474,0.9995813343612049,16.0,1.9089735397504761,0.38407822342941084,50403.0,0.14395219753427088,0.4570509219120619,0.39899688053705784,1.0,24.0,2.019475337292957,0.3881892240169118,62609.0,0.13597983050192322,0.4427095291982761,0.4213106402857865,1.0,0.9286286530356335,0.5423162583518931,1.212763423141114,0.6650877681805517,0.6468195450346473,1.0343487926697326,0.6893285037614935,0.6730260877881159
63,5.3407516774637546e-05,415.5183639349998,56551,False,0,2824.81494140625,3182.0,0.6392663988396393,0.43043745495216773,0.08669408803714941,0.05997109874237451,4.480241355504893e-06,-0.005882401053461769,0.019827442762023036,0.0029741165353341908,1.3013512487757637,0.06506756354463196,0.9160890313183744,2.867367953357911,0.30000001192092896,2.9570408155437367,0.7638561853342177,3.8679190701155117,0.9991522236940666,-0.23529603835984894,2.9570408155437367,19.24097674141035,0.018541520816788844,0.023426728450786197,0.001567025926692105,0.09044958707355873,0.08863859541999405,0.0018109917860743394,-0.02040550808343665,0.3386803191145982,0.339825786245069,0.3214938751856209,0.0543461142492519,0.033579030549199425,0.05337859549581031,8.0,1.7207378980993764,0.35662312545353325,24053.0,0.23498821921828,0.5020155189444999,0.26299626219691585,0.9693889050399993,16.0,1.9701250932812007,0.35925940878235385,29973.0,0.14774562115703965,0.4679098927599745,0.38434448524732906,0.9999843448874901,16.0,1.9753842119546248,0.3594963285596963,27425.0,0.1415961832015707,0.46317965590537347,0.3952241608655466,0.9997053221768648,16.0,1.9173078744977596,0.38183075032217084,50123.0,0.14391847601963428,0.4572969323216264,0.39878459184715137,1.0,24.0,2.030630495170469,0.3854563187529722,62752.0,0.13586086944706358,0.4426668476946713,0.4214722829885445,1.0,0.9323905395520569,0.49665924276169265,1.218293911502633,0.668431317915854,0.6497969833654055,1.0402925819964022,0.6873780997492338,0.6728317894361711
64,4.901928854282519e-05,408.45563889700134,57448,False,0,2824.81494140625,3182.0,0.6297050726627987,0.42329114514203764,0.0852269723294106,0.060015952252294044,4.5544368626733235e-06,-0.005880123276635628,0.018953266463689267,0.0028429900886377205,1.2840716767206353,0.06420358494160223,0.9151485596861543,2.8589801070807166,0.30000001192092896,2.95721853141887,0.7639020923337592,3.8677440794073403,0.9991070198275303,-0.2352049274937711,2.95721853141887,19.244388325800944,0.018326727763984103,0.02378420501969722,0.0016447529736542312,0.09052994245001962,0.08877129517159553,0.001758647173581768,-0.02040668428951124,0.3349648101503205,0.3404737577040063,0.3245614115449178,0.0540773094176889,0.03386593621155781,0.05338678909489352,8.0,1.7186941285505244,0.35729795398705183,23620.0,0.23461079554133182,0.5012335403520961,0.2641556647600452,0.9705520993390383,16.0,1.9792058931431296,0.35643103125597053,29917.0,0.1470911460775015,0.46655538866788915,0.3863534655120539,0.9999889807706259,16.0,1.9905057609457055,0.35500547401027005,27278.0,0.14139891129972346,0.4627335822076906,0.39586750646507674,0.9996127452595056,16.0,1.926777729740121,0.3786763995756089,49995.0,0.14365099175787133,0.4573666409845075,0.3989823671247465,1.0,24.0,2.036970173147032,0.38343898020275974,63390.0,0.1357268670176699,0.4426372878570335,0.4216358452415619,1.0,0.9356996063952071,0.46770601336302897,1.2315059989964805,0.6656450264697688,0.6474486700916185,1.0474008989221175,0.6845918083031485,0.6711264605686823
65,4.478753621261114e-05,420.56265685900144,58346,False,0,2824.81494140625,3182.0,0.6234801713160667,0.4185012253047722,0.08430175432438569,0.05986868055361064,4.350364435993072e-06,-0.005882461006659103,0.020123748805233377,0.0030185624384776568,1.2733612023155128,0.06366806120183421,0.9175171549001986,2.846850408855503,0.30000001192092896,2.957407664952057,0.763950948836209,3.8682952025180084,0.9992493852942361,-0.23529843645802717,2.957407664952057,19.248030900880458,0.018643983083007423,0.023372597795443963,0.0014776605005497724,0.09042753589777593,0.08876348165722865,0.00166405410789974,-0.02041085389486828,0.3313174983026208,0.34149089488927015,0.32719158650632146,0.05414497340550563,0.03378214068476457,0.05323098142207003,8.0,1.720975539266488,0.35637839523896125,23616.0,0.23483172563775057,0.5012486460934803,0.2639196290660168,0.9702920715941494,16.0,1.9778955813348469,0.3569923822498358,30467.0,0.14734467218297084,0.46672848388960114,0.38592684364247426,0.9999898099788009,16.0,1.9909489903813258,0.35472462351383877,27713.0,0.1415453636905584,0.46276104641855936,0.3956935896059285,0.9996522289009411,16.0,1.9187171246681665,0.38061067700415113,49650.0,0.14364903656347797,0.45766189359415244,0.3986890694577599,1.0,24.0,2.0340034383612826,0.3840640442964072,63600.0,0.13562286383862604,0.4425779010570719,0.4217992347555062,1.0,0.937371555958062,0.522271714922049,1.2437861270976285,0.6653663973251602,0.6483371851112204,1.0571232814581555,0.6870994706046253,0.6728010037106869
66,4.071878483936503e-05,413.1217863230013,59243,False,0,2824.81494140625,3182.0,0.6134571786337318,0.41079274583952424,0.08286341596282534,0.05979234930751358,3.960094526008849e-06,-0.005886198861102158,0.01814746538507308,0.0027221199220344265,1.2633757796188483,0.06316879007196756,0.9167856769664496,2.8796973282434903,0.30000001192092896,2.9564938253816413,0.7637148874527426,3.8679601594968176,0.9991628380025906,-0.23544795054984802,2.9564938253816413,19.23046065341833,0.01871440992129896,0.023367254239312348,0.0015357785598859427,0.09043887700733585,0.08876354419030533,0.0016753330087920044,-0.020439038726286836,0.33357989104893054,0.3418906455819122,0.3245294422431319,0.053874896411895294,0.033697152118019796,0.052998123237557405,8.0,1.7289970362504916,0.3531281078913156,23319.0,0.2352124817316184,0.5017617698468826,0.2630257481365452,0.9706978417247593,16.0,1.9797754716904727,0.35619722682981514,30137.0,0.1470300193841382,0.46632854165612825,0.38664143897634284,0.9999813974171481,16.0,1.9981646981498922,0.3525454179155793,27757.0,0.1414773135608115,0.4627871780278578,0.39573550848607264,0.9995812303266114,16.0,1.910950034816311,0.38293974010451654,49267.0,0.14394452624427034,0.45834399647812196,0.3977114775625614,1.0,24.0,2.043828840576962,0.38149580826181,63503.0,0.1356572173531931,0.4427966937433652,0.42154608859616916,1.0,0.9411334424744854,0.48997772828507796,1.2480610623337094,0.6681526887712455,0.651653130761629,1.0623470720191226,0.6870994706046253,0.6699612383871197
67,3.6819308142795366e-05,417.51196596599766,60141,False,0,2824.81494140625,3182.0,0.6048040906896893,0.404407944788342,0.08156336001134944,0.05971822226374304,3.956154574353075e-06,-0.00588567678145204,0.018298991927958818,0.0027448488958166976,1.2450286977621383,0.06225143595850016,0.9156362116451011,2.848440888807556,0.30000001192092896,2.95645865546469,0.7637058031912354,3.8678441522113873,0.9991328704506216,-0.2354270672593862,2.95645865546469,19.22978530457793,0.018570355592309348,0.023499547740863474,0.0015875754373951884,0.09047141954966642,0.0887922762637415,0.0016791432520574551,-0.020443137642349743,0.33433897006062824,0.342405178850524,0.3232558314680426,0.05365932954736686,0.03342440978878354,0.05232005471646477,8.0,1.7266600569353618,0.3540947887440652,24092.0,0.23405977301986006,0.5018503173187636,0.2640899100382004,0.9703940652647447,16.0,1.9768489928923039,0.3571048782613319,30039.0,0.14674924320873411,0.46608419045808525,0.3871665668786932,0.999985426009322,16.0,2.002189094932514,0.3511234335737578,27701.0,0.14145234460074382,0.4632249588288958,0.3953226966009838,0.9995924118166496,16.0,1.918226238851525,0.380916939840915,49013.0,0.1441655082676726,0.4588802902567054,0.39695420094723777,1.0,24.0,2.049170248178509,0.3801652889052148,63130.0,0.13593798339431273,0.4429422775203978,0.4211197389607195,1.0,0.9427705597547807,0.5100222717149221,1.2588302811462921,0.6681526887712455,0.6517166219053612,1.0692180846852823,0.6882139871830594,0.6727322370170296
68,3.3095118833328656e-05,415.05683871899964,61039,False,0,2824.81494140625,3182.0,0.5987159557994279,0.3997239018427906,0.08063082002707234,0.05967944297934219,3.934042232609517e-06,-0.00588495179600688,0.018178128642531422,0.0027267194039251033,1.2367217875485077,0.06183609040326094,0.9150440628384758,2.868620256723383,0.30000001192092896,2.956776290067938,0.7637878534288016,3.8680495224907885,0.9991859216011406,-0.23539806817233896,2.956776290067938,19.23589895448323,0.018774747405184457,0.0235527722761432,0.0015327130287289157,0.09055077396791272,0.08871491892160328,0.0018358550284511628,-0.02044677734375,0.33506095318664864,0.3429971715087174,0.3219418542554267,0.054113077869502355,0.03380995240608636,0.052958332352256395,8.0,1.7273847643594689,0.3541141490350551,23555.0,0.23507333020698631,0.5026753325190613,0.2622513375090782,0.9707127985500352,16.0,1.9908143499477302,0.35313741486001704,29995.0,0.1463711380905615,0.4654048418302372,0.3882240198492659,0.9999880771152967,16.0,2.009886628375033,0.3490791576532507,27481.0,0.1415922733972246,0.4624529987601652,0.3959547282303342,0.999698154085619,16.0,1.9316752385335754,0.3771207484077762,49482.0,0.14378580372117356,0.4576270245489247,0.39858717166346447,1.0,24.0,2.057732661343687,0.37763204496811786,62608.0,0.13588561153047707,0.4428100866520931,0.421304301856358,1.0,0.9451043226862657,0.4977728285077951,1.266190893107319,0.6675954304820284,0.6495984606433878,1.072615442002972,0.6845918083031485,0.6704425940145143
69,2.955195934094537e-05,418.9725886200031,61936,False,0,2824.81494140625,3182.0,0.593649613004588,0.39593885199474466,0.07986003161397984,0.059527091602414144,3.855883597407345e-06,-0.005885941243179555,0.017908051647947888,0.002686207857159226,1.2303902846728445,0.06151951533048469,0.9137204361022538,2.8727458886888617,0.30000001192092896,2.956478529503953,0.7637109365673033,3.8679049730907145,0.99914858248537,-0.23543764591806673,2.956478529503953,19.230165452866466,0.018583077714501153,0.023453111184798623,0.0015694929083340887,0.0905762630464486,0.08868852228324878,0.0018877406341896285,-0.02044677734375,0.33492163181400436,0.3419197425539497,0.3231586057070825,0.0548162981357832,0.03396326285782742,0.05358480196553233,8.0,1.7305525549734775,0.3526662057077811,23727.0,0.23573966057853493,0.5020148811370145,0.26224545817908507,0.9707750586254386,16.0,2.004778879846233,0.3490554143540467,30410.0,0.14598744246664788,0.4653552518921041,0.3886573055332874,0.9999824785389801,16.0,2.0191466403466753,0.3463598539599713,27582.0,0.14165719904221188,0.46264746414360663,0.39569533730986606,0.9997145778320896,16.0,1.9289489241037345,0.3776435389854744,48525.0,0.14410424811421751,0.45791577545738404,0.39797997637857047,1.0,24.0,2.057414787105227,0.3781334101684565,62908.0,0.1356220641125249,0.4429101800963424,0.4214677557636235,1.0,0.9459751297502526,0.512249443207127,1.2730789927926094,0.6664809139035943,0.6500059546779365,1.074949250160801,0.685427695736974,0.6668634316548047
70,2.6195292960769466e-05,417.21268048599813,62834,False,0,2824.81494140625,3182.0,0.5841026738482735,0.38854946209730046,0.07856709359864393,0.0594996622177998,3.695354247350651e-06,-0.005887622158695294,0.016884941306831856,0.0025327412998963276,1.2167528482528565,0.06083764347232091,0.9170295029443659,2.856076472837593,0.30000001192092896,2.9565223414113375,0.7637222536932551,3.868209075743371,0.9992271363600248,-0.23550488266676978,2.9565223414113375,19.23101092638892,0.018757889702879293,0.023330755323262967,0.0014876780671753092,0.09054622595148852,0.08873039759920534,0.001815828379816699,-0.02044677734375,0.33244408674509845,0.3410714219666112,0.3264844725093704,0.053976322653004276,0.03315510846545461,0.05274517253846301,8.0,1.7311768011429114,0.35208892594614044,24027.0,0.23505758749740682,0.5007277163313102,0.264214696121455,0.9701967864015134,16.0,1.9986269372712648,0.35076192865227535,30222.0,0.1466745062523233,0.4660253810917448,0.38730011271406456,0.9999815307443654,16.0,2.0232038831855315,0.34492359099216546,27683.0,0.14147144167698714,0.46280676390983627,0.39572179432182525,0.9996601075433323,16.0,1.938184801025481,0.37469338453996515,48504.0,0.14443251870167975,0.4586770431828219,0.39689043839214744,1.0,24.0,2.065275808392018,0.3759766603912188,63372.0,0.13593110187104587,0.4432890652964542,0.4207798328376903,1.0,0.950398829635306,0.5077951002227171,1.2831413969086152,0.6664809139035943,0.6492226318615761,1.0808105043263514,0.6862635831707997,0.6662777488507761
71,2.3030295429063216e-05,413.45334234000256,63731,False,0,2824.81494140625,3182.0,0.5785191140342537,0.3842601159896267,0.07768366329823236,0.05957518266106172,3.4893014032594783e-06,-0.005888265238911912,0.016345016826475555,0.002451752620743369,1.2086635256212437,0.060433177316135164,0.9144867463175242,2.8616496421662223,0.30000001192092896,2.9565140644357704,0.7637201153068126,3.8683003764727375,0.999250721184453,-0.2355306058776404,2.9565140644357704,19.230852812043825,0.01874629397493735,0.023137994401247475,0.0014575807864751565,0.09056093843644131,0.08872803459549619,0.0018329040070302702,-0.02044677734375,0.3310254614745326,0.3417018261746913,0.32727269130156883,0.05349535178661081,0.03305272832956636,0.05230396533079139,8.0,1.7338826834435057,0.35077953508245796,24051.0,0.23539792804619775,0.5016787177409625,0.2629233543182051,0.9703810038439196,16.0,2.008464643925251,0.3474043299141646,30205.0,0.14664310989600704,0.46543847484571016,0.38791841541347616,0.9999849667552123,16.0,2.030607533038001,0.34248674155452574,27429.0,0.14191744151870395,0.46336625738823906,0.394716301306383,0.9996053255722562,16.0,1.9407115728945072,0.37389398790970424,48416.0,0.14414233107608607,0.4585281838659516,0.39732948498062515,0.9999999259431649,24.0,2.071556102063133,0.37400744368802535,63252.0,0.13574010689532878,0.44301841393870417,0.4212414793320603,1.0,0.9508516493085792,0.48997772828507796,1.2918101109711697,0.6706603510727223,0.6549373041164533,1.08464532417984,0.68431317915854,0.6649261280134819
72,2.0061846942616818e-05,417.09508847899997,64629,False,0,2824.81494140625,3182.0,0.5728055782710344,0.38032879683120097,0.07679239253170721,0.05917186688558718,3.4731732947864133e-06,-0.005888519429344252,0.016056663140378433,0.0024084995695773216,1.1997813126803163,0.05998906665735947,0.9158800376199032,2.873840322929339,0.30000001192092896,2.956647597417599,0.7637546098885432,3.868473275908898,0.9992953833627154,-0.23554077347417232,2.956647597417599,19.23342237798409,0.018801947490259055,0.023107362555432,0.0014147379663993311,0.09052721543656758,0.08865012871814856,0.0018770868343477365,-0.02044677734375,0.330895451543689,0.3417770340911539,0.32732749243046516,0.05347107578659511,0.033038450816147355,0.05225442250008232,8.0,1.7345143195134378,0.3505029359528702,23765.0,0.23546343104954512,0.5012710962143889,0.2632654719886463,0.9709050430661562,16.0,2.0039703480074316,0.34870764155564604,29756.0,0.1465382945945949,0.46585543298863324,0.387606272668507,0.999981056847058,16.0,2.028566718396317,0.34321571565304704,27826.0,0.14160343219373223,0.4630542328175907,0.3953423344016411,0.9996080799010435,16.0,1.9461406328124293,0.3720748425692682,48271.0,0.1442412744718741,0.4587633312267546,0.39699539440362247,1.0,24.0,2.0732584062583137,0.373318794101976,63417.0,0.13564915585768683,0.44294293401337553,0.42140790998775834,1.0,0.9543348775645268,0.5044543429844098,1.2999919552628991,0.6673168013374199,0.6520498224130646,1.0904874039347308,0.6845918083031485,0.6669211991341629
73,1.7294524633839014e-05,418.44734995199906,65526,False,0,2824.81494140625,3182.0,0.5664528276135611,0.37581692200485345,0.07582297891478577,0.05912323692254443,3.4363127779721182e-06,-0.0058891182772696105,0.016526772573526957,0.002479015984254395,1.181927052217015,0.05909635363711169,0.915496882512787,2.8391004372566546,0.30000001192092896,2.956582770717485,0.7637378635059027,3.868501170409287,0.9993025906187534,-0.2355647271128507,2.956582770717485,19.232175479492817,0.018820092256681072,0.023099422390602604,0.0014093395380807448,0.09059696403631509,0.08867275957370437,0.001924204513136169,-0.020442406300479596,0.33066808404234527,0.3426412727602423,0.32669062300669977,0.05307788955516616,0.032930697295398874,0.052035011698866325,8.0,1.7332033051181817,0.35109846667999417,23775.0,0.2349645534405128,0.5019903570188325,0.2630450896569199,0.9699952869838157,16.0,2.0043091509981568,0.34858008064717605,29993.0,0.14642679286825688,0.46589725520561065,0.38767595203149785,0.9999835898025876,16.0,2.0375515347327005,0.3403726006213174,27746.0,0.14191784855983836,0.46357848721988243,0.39450366460229375,0.9995748174033148,16.0,1.9432478940425868,0.37292481557179935,47312.0,0.1443759456057339,0.459185835972297,0.3964382185688578,1.0,24.0,2.067745446353261,0.3749273988540288,63044.0,0.13571762588159172,0.4430399372020923,0.42124243713483245,1.0,0.955588839736668,0.5089086859688196,1.3009627527033396,0.6678740596266369,0.6510990379448527,1.0905484263031355,0.6857063248815826,0.6687248842573453
74,1.4732595513150335e-05,417.40160376399945,66424,False,0,2824.81494140625,3182.0,0.5648940297267899,0.37448570489875116,0.07573226410017757,0.05882384356287373,3.365455888403266e-06,-0.005888479632813726,0.015424985669299209,0.0023137479447955466,1.1884716646120033,0.059423584347304874,0.9173429934863632,2.876832422702231,0.30000001192092896,2.9563804206116004,0.7636855929252218,3.8681999308972688,0.9992247745179305,-0.23553918159270867,2.9563804206116004,19.228286205686253,0.0187568253411555,0.023193977542086335,0.0014761744240043434,0.0906208392218772,0.08867410503167203,0.0019467342800885625,-0.02044677734375,0.3309790165622247,0.3418707417621272,0.32715022225415485,0.05291487055494351,0.03271212995530115,0.052068449988410516,8.0,1.7336084971155026,0.35094366056293175,23925.0,0.235739867935078,0.501674230222713,0.26258590176746704,0.970033332182823,16.0,2.0040963789384363,0.34863618098666765,29908.0,0.14634887198438265,0.4655767008529868,0.3880744276915338,0.9999822564660545,16.0,2.041020372867368,0.3393563514775777,27881.0,0.1419954067982702,0.46347510096105754,0.3945294923014001,0.9995634877560069,16.0,1.94804387195319,0.37136446531507644,48111.0,0.1442377643439832,0.459129462980328,0.3966327727395309,1.0,24.0,2.073266054670524,0.37320553427841424,63262.0,0.13573596499432855,0.44289155422721466,0.421372480354919,1.0,0.9551360200633947,0.5089086859688196,1.3046595843664017,0.6692672053496795,0.6516622546228853,1.093232706251434,0.6826414042908888,0.664298624504242
75,1.238000988956263e-05,415.5044420279992,67322,False,0,2824.81494140625,3182.0,0.5615483020242551,0.37177152260102475,0.07511224843134219,0.05908232333383248,3.272533601213176e-06,-0.005889006445424471,0.015343234687680266,0.002301485299690507,1.1833290478227663,0.05916645338271511,0.9142777526221674,2.875433261526794,0.30000001192092896,2.9566732358897614,0.7637612325211978,3.8685743188969313,0.9993214864766379,-0.23556025395544017,2.9566732358897614,19.233915188331714,0.018896044027092062,0.02306940182302548,0.0013742455106027201,0.09057517108028347,0.0886136052454044,0.0019615657699421133,-0.02044677734375,0.3306544104110834,0.34160121132007953,0.3277443581725899,0.05317082143109347,0.03283040092735024,0.052451296871321516,8.0,1.7364620333401535,0.34989297665387525,23709.0,0.23655401326900466,0.501965343277425,0.2614806435033983,0.9700792572969112,16.0,2.0114124513784417,0.3465943888798831,29772.0,0.14653378504926398,0.4655208977778805,0.38794531689309214,0.9999847596016144,16.0,2.0422931741599344,0.33906727107329665,27682.0,0.14186531881656744,0.463223789004955,0.39491089251896877,0.9996196609242815,16.0,1.9481575377221898,0.3716353883277062,47718.0,0.14427281897663635,0.45869292624069236,0.39703425519219504,1.0,24.0,2.0728897356830043,0.3734389008142062,62727.0,0.13565051837317343,0.442902266884752,0.42144721480280245,1.0,0.9566686404960117,0.49888641425389757,1.306859741074091,0.6681526887712455,0.6507695608388058,1.0943260288696894,0.685427695736974,0.6692202265923691
76,1.0240395279588634e-05,412.6581827439986,68219,False,0,2824.81494140625,3182.0,0.5557829846765784,0.367276835289614,0.07439192135873549,0.05909496375883405,3.252636630037536e-06,-0.005889615783696721,0.014637185154379758,0.002195577860432163,1.1742010141350998,0.058710051750242014,0.9156362116419869,2.859377993665032,0.30000001192092896,2.9565028704389094,0.7637172247337952,3.8684983176411727,0.9993018524836687,-0.23558462774987346,2.9565028704389094,19.2306377255824,0.018857372606383305,0.02309702987348252,0.0014019117540684705,0.09059478813407522,0.08862184411424542,0.0019729439896929474,-0.02044677734375,0.3296474880156769,0.3414198006805139,0.3289326914722732,0.053056676000831075,0.03269649359958707,0.052292883478157234,8.0,1.7367752251893633,0.34970458736592913,23950.0,0.23640967856368167,0.5019021799442781,0.26168814134255625,0.9702067540861139,16.0,2.0114859331986628,0.34658585204101994,30027.0,0.14656237525932717,0.46574216890374115,0.3876954561551041,0.9999849222048459,16.0,2.044629049731329,0.33827199718413953,27830.0,0.1417233758392269,0.4635981023384281,0.39467852134067455,0.9996165509005359,16.0,1.9485987794989308,0.3713425097482872,48324.0,0.14413173483331906,0.45867726462874536,0.3971909999789279,1.0,24.0,2.0772989710577563,0.37247409583333935,63045.0,0.1357903065717043,0.4429665799653162,0.4212431130119325,1.0,0.9594552231007698,0.4844097995545657,1.3150698666985767,0.6695458344942881,0.6493238107759902,1.0963686913226967,0.6859849540261911,0.6699836886929855
77,8.317050813874547e-06,413.23262756799886,69117,False,0,2824.81494140625,3182.0,0.5485814427494019,0.36227730647382944,0.07342897608264798,0.058787184989866764,3.2147407793056647e-06,-0.005889862899058738,0.013835270363087336,0.0020752906382834296,1.157986687467433,0.05789933534003445,0.9178654777289076,2.852503565777938,0.30000001192092896,2.9562928615482904,0.7636629748777924,3.868326564946142,0.9992574870912353,-0.23559451221344285,2.9562928615482904,19.2266015941029,0.01881886448863885,0.023139634090646535,0.0014324228044685844,0.09061117442002628,0.088627989799186,0.0019831845421406195,-0.02044677734375,0.3289966733223792,0.3412734444047379,0.3297298616004998,0.0527155679534826,0.032609774069873226,0.05207265709087955,8.0,1.736874327356819,0.3496376710952215,24017.0,0.23630957994355092,0.5018007635910386,0.2618896559920446,0.9700822338917076,16.0,2.0111339864339186,0.3467522570861744,29979.0,0.14639187910137905,0.4660056988974716,0.38760242210651474,0.9999855001222137,16.0,2.0493205863690607,0.3369237728002465,27912.0,0.14169102400700131,0.4635966064993576,0.394712369668039,0.9996684893341314,16.0,1.9509396766967677,0.37069788678254056,48538.0,0.1443158928543021,0.4588764620830474,0.396807644805206,1.0,24.0,2.075774658120344,0.37288961067145393,62848.0,0.13579091390574663,0.4430011754974958,0.4212079104971016,1.0,0.9608136821205894,0.4866369710467706,1.322812598739437,0.6675954304820284,0.6476060250359047,1.1009546440768354,0.685427695736974,0.667731159476696
78,6.612942150179748e-06,408.08784621799714,70014,False,0,2824.81494140625,3182.0,0.5519906361319228,0.3649410428136422,0.07387463198141343,0.05892639470553422,3.1521883952149406e-06,-0.0058900598399969145,0.01336921524040206,0.0020053823689236555,1.162601779600199,0.05813008996598212,0.9157058762081439,2.8452324160853872,0.30000001192092896,2.9563821342622663,0.7636860360101521,3.8684463380558944,0.9992884260521292,-0.23560239004197717,2.9563821342622663,19.22831611403428,0.01884310409080748,0.02312981224086478,0.0014089327530527375,0.09059999358346127,0.08863014782667616,0.0019698454944015336,-0.02044677734375,0.33019498620101695,0.34125751749928324,0.3285474768231882,0.05287613917378706,0.03260437635371196,0.05206145006737543,8.0,1.7381433414654688,0.3491748915032461,24105.0,0.23669535644307538,0.5020357189449116,0.2612689248471388,0.9698886721314148,16.0,2.010677223785398,0.34691428765719445,29758.0,0.14663746747677758,0.4661153268665018,0.387247205374362,0.9999837082686097,16.0,2.048818357777515,0.33706907692293236,27713.0,0.14167788816237883,0.463679370224806,0.39464274191749255,0.9996264592545455,16.0,1.9571072414437989,0.3687069313161745,48143.0,0.144339758534658,0.4587026191810783,0.39695762217059366,1.0,24.0,2.082115365285527,0.37102171707570214,62814.0,0.13577424778767716,0.44304092493798525,0.4211848272660329,1.0,0.9604653592949945,0.46547884187082406,1.3280679357852336,0.6675954304820284,0.6487410668050683,1.1050270486256644,0.6865422123154082,0.6676638833545852
79,5.130696900547354e-06,418.1548837720038,70912,False,0,2824.81494140625,3182.0,0.5476389693538698,0.36118358116093596,0.07299599189138295,0.05915945013449452,3.127603172090378e-06,-0.005889827852357687,0.014621467103032554,0.0021932201563228224,1.1598685718822705,0.057993429633546964,0.9161238635978196,2.8554633127708344,0.30000001192092896,2.9562408447996433,0.7636495385304851,3.8682691247872896,0.999242648937522,-0.23559311040703698,2.9562408447996433,19.225599888404247,0.018780911361552164,0.023201888546258344,0.0014562708855966019,0.09061636988487133,0.08865714072246877,0.001959229065313422,-0.02044677734375,0.33023099704402303,0.34157584251383016,0.3281931410538722,0.05272701113721645,0.03255352709714744,0.05184812038766291,8.0,1.7384539058022523,0.34911799829367196,23819.0,0.23657581296245392,0.5019478829677935,0.26147630428307866,0.9698497518907957,16.0,2.0097072115512167,0.3472520237602806,30043.0,0.14659571887648812,0.4662365665528056,0.38716771451257365,0.9999818123118989,16.0,2.0492767529650546,0.3371335961086307,27542.0,0.1417654869411843,0.463991942614646,0.39424257061856766,0.9996609218757792,16.0,1.9558922427712682,0.36930954375047453,47607.0,0.14432338645253595,0.4588301376288428,0.39684647576654214,1.0,24.0,2.0843595096927032,0.370434088773449,62310.0,0.1358179462928085,0.4430612234358562,0.42112083013015605,1.0,0.9616496569020168,0.5100222717149221,1.3298893606606284,0.6667595430482028,0.648762544678253,1.1058121301165262,0.68431317915854,0.6647660432423732
80,3.87260057971705e-06,417.08380965700053,71809,False,0,2824.81494140625,3182.0,0.5496089014519037,0.36328204090291544,0.07342555872654026,0.05878838524222374,3.134980907227286e-06,-0.005889573778174414,0.0138898133444441,0.002083472082421356,1.1583176662063805,0.057915884316221876,0.9160541990327006,2.845820585759299,0.30000001192092896,2.9563198473441146,0.7636699464869328,3.8683087861651293,0.9992528937715751,-0.2355829472846424,2.9563198473441146,19.22711930867418,0.018817716825627193,0.023221104089886323,0.0014413364502931598,0.09061468437014547,0.08865792244639556,0.0019567619792711156,-0.02044677734375,0.3303811217735851,0.34146400983939246,0.32815484714473175,0.05269506727533927,0.03253798957789155,0.051893905699751365,8.0,1.7389893576810591,0.34879414450557983,23929.0,0.2367241167357575,0.5022491258432003,0.26102675751498877,0.9690363758214652,16.0,2.01289692742726,0.3461148418965453,29578.0,0.14655554054737124,0.46618619902620845,0.387258260747707,0.9999845520743067,16.0,2.052146472487107,0.3360854393190017,27986.0,0.1418479765914626,0.46411378903653727,0.39403823400919014,0.999656670450803,16.0,1.956824124804061,0.3688494094989613,48253.0,0.14427993495300556,0.4587732093102664,0.39694685546526937,1.0,24.0,2.090882876503243,0.36861442330364497,62393.0,0.13576257292589608,0.44289049299401323,0.4213469338973881,1.0,0.9606046884252325,0.5044543429844098,1.3312564913228084,0.6653663973251602,0.6466619181465484,1.105889695339729,0.684870437447757,0.6653944983907636
81,2.8405930810269197e-06,415.93190728800255,72707,False,0,2824.81494140625,3182.0,0.5462685987893647,0.3606425224333299,0.07283005695868558,0.058794320464028334,3.120966388290879e-06,-0.0058905834041867,0.014400796605912307,0.0021601195765530165,1.1545809068665775,0.05772904634217631,0.914695740012881,2.848565529845194,0.30000001192092896,2.9564589339117466,0.763705874725529,3.8686042105027543,0.9993292070418391,-0.23562333231631016,2.9564589339117466,19.22979011025406,0.01890961227146281,0.023102007697237532,0.0013715677069319203,0.09059702237475824,0.08864024056912531,0.001956781758740765,-0.02044677734375,0.33013837479669733,0.34143006359278094,0.32843154197310725,0.05286854575609537,0.03259576864758834,0.05208874897924107,8.0,1.7394367675969933,0.3486458823386394,23756.0,0.236684012404305,0.502256708494934,0.26105927934159623,0.9697023219040616,16.0,2.0150605080713944,0.34549881359216145,29933.0,0.14647781187648654,0.46588502997303005,0.38763715792106707,0.9999862702157191,16.0,2.0516930921909275,0.33628107636067645,27547.0,0.1418244072599028,0.4640127503077577,0.3941628424904722,0.999638647539679,16.0,1.9576737231032977,0.3684276576095574,48417.0,0.14427150850906995,0.45880695325735577,0.3969215383970724,1.0,24.0,2.0869170559657197,0.3698219320761123,62703.0,0.1358764491828159,0.4431453819097847,0.4209781686499548,1.0,0.9617193214671358,0.5011135857461024,1.3343387326678715,0.6650877681805517,0.6464431570415978,1.107987015667185,0.68431317915854,0.6658445076109597
82,2.0362656852385188e-06,411.3485939699967,73604,False,0,2824.81494140625,3182.0,0.5392381653893998,0.3554407934876519,0.07211450787744551,0.058740334848008884,3.099020871671891e-06,-0.005890270582263657,0.013310827540571822,0.001996624210113079,1.1366615174159476,0.05683307686562468,0.9175519871827581,2.8490198015058015,0.30000001192092896,2.95644435858817,0.7637021101386018,3.8685411977072013,0.9993129297231921,-0.2356108195845903,2.95644435858817,19.229511895263293,0.01889065185980837,0.02310961855887451,0.001384302932252322,0.0906013600870029,0.08865180055016306,0.0019495596082364256,-0.02044677734375,0.32955061039762185,0.34150995642934007,0.3289394118695005,0.05292790535439177,0.03268944463276756,0.0522203760538151,8.0,1.739369597200474,0.34871001041829514,23798.0,0.23660837962438147,0.5022044005183541,0.26118721992370164,0.9696361075632209,16.0,2.0151812302380705,0.34554662670916936,29875.0,0.14657927320414924,0.4659506438265043,0.38747008296675123,0.9999842854385578,16.0,2.0521970173255326,0.33607825175851086,27777.0,0.1417298698933746,0.46376343020646565,0.3945067003678161,0.999642438716062,16.0,1.9570093889537743,0.36891512882581196,48120.0,0.1443477408083476,0.4588412299247208,0.39681102913405697,1.0,24.0,2.0883467708653285,0.36950312069688224,62696.0,0.13590353123072635,0.4431214595267448,0.4209750094252315,1.0,0.9643665749416559,0.48106904231625836,1.3378518423551835,0.6634159933129006,0.6450878252455995,1.1096670555184898,0.6851490665923655,0.6656573107344516
83,1.4608586068973694e-06,412.9071445829977,74501,False,0,2824.81494140625,3182.0,0.542386871397136,0.3575877818764305,0.07246991346802281,0.058856116897345476,3.0930311107793663e-06,-0.005890396760966154,0.013438096782778132,0.002015714595190216,1.1468928381377632,0.057344642902461586,0.9146957400139192,2.8525146820680645,0.30000001192092896,2.9563145529551584,0.7636685786320667,3.8684309295337522,0.9992844452615973,-0.23561586662953066,2.9563145529551584,19.227015787790535,0.01884436487319527,0.023153110190301075,0.0014164828508956083,0.09061871874262462,0.0886666347383996,0.0019520839232504833,-0.02044677734375,0.3297216806403355,0.34155207518196856,0.328726224873506,0.052857111495332974,0.032615681633321056,0.0520622165399178,8.0,1.7403286425038986,0.3482050621045321,24091.0,0.2366882329141339,0.5021372391905272,0.26117452794205265,0.9696967090022008,16.0,2.0142726773540365,0.34579306036486157,30137.0,0.14658996566422636,0.4658931976976371,0.38751683699523704,0.9999804347239674,16.0,2.0534155907943674,0.33573821925615344,28374.0,0.14173015867402725,0.46373545468578126,0.39453438691943576,0.9996482296512188,16.0,1.95916588735612,0.3682949925740438,47934.0,0.144253225784478,0.45868417377643667,0.397062600835114,1.0,24.0,2.0891062705974983,0.36915368162176776,62773.0,0.13592799189868543,0.4431467985794617,0.4209252094164874,1.0,0.9633216064648716,0.4866369710467706,1.3395194592134438,0.6642518807467261,0.6452135506744351,1.1104080144593098,0.6862635831707997,0.6653474474457347
84,1.1152590820119262e-06,410.56458670199936,75399,False,0,2824.81494140625,3182.0,0.5439178508303583,0.3589615381878078,0.07258303719164788,0.05887789143389339,3.0834615557490653e-06,-0.005890701867094636,0.01279646886680093,0.0019194704109013964,1.1492705863696986,0.05746353027912686,0.9150092305548783,2.852001230712304,0.30000001192092896,2.9563467934270395,0.7636769067685122,3.868510413499556,0.9993049779333263,-0.2356280711648141,2.9563467934270395,19.227635207048817,0.01888054626680107,0.02311995976536624,0.001393880114311401,0.09061597113490516,0.08866283090311455,0.0019531403280484624,-0.02044677734375,0.3299089878794417,0.34149826776209435,0.3285927239186114,0.052752981766066485,0.03257208664860777,0.05198327866541691,8.0,1.7398786468064715,0.34838137596045265,23620.0,0.23673107735886628,0.5021596758952521,0.2611092467183724,0.9699263031145776,16.0,2.014086414709739,0.3457852454275425,29934.0,0.14655671033497916,0.46589101271995736,0.3875522764192745,0.9999874255853933,16.0,2.0540126412426973,0.3355733130542814,27886.0,0.14167055721460928,0.46361191287517894,0.3947175305802943,0.9996416541080813,16.0,1.959239924887039,0.3681673806334178,48385.0,0.14424149664030325,0.45862557180660546,0.39713293133976524,1.0,24.0,2.086151769340688,0.3701871136059569,62344.0,0.13587602475223556,0.4431080515523196,0.4210159236788355,1.0,0.9625204639660037,0.477728285077951,1.3404526644744192,0.6642518807467261,0.6446143308321167,1.1110671142344024,0.6859849540261911,0.6650972558019639
85,1e-06,415.07329052800196,76297,True,1,2824.81494140625,3182.0,0.5449051128250042,0.3597856261340373,0.07269814243934185,0.05868120908814001,3.0770149989804304e-06,-0.0058904350953568945,0.013363501029000531,0.0020045252354941017,1.1524593315531266,0.05762296752085897,0.9174474903350797,2.83970506198977,0.30000001192092896,2.9564294366777752,0.7636982563409052,3.8685517490061687,0.9993156564244408,-0.23561740008353557,2.9564294366777752,19.229224891547,0.018888312487083565,0.02309010359482793,0.0013807399604019463,0.09060515471008065,0.08865404518361317,0.0019511097729716174,-0.02044677734375,0.3298655159732774,0.34144301001685695,0.3286914535201851,0.052735192462785845,0.0326262806341446,0.051963682951236115,8.0,1.7398792971280463,0.3484401925643072,23909.0,0.23641908255005512,0.5022455566971814,0.2613353603899535,0.9698969045213208,16.0,2.013561528189694,0.34605366021073963,30054.0,0.14654035317997038,0.465956094055582,0.3875035526398776,0.9999867442126824,16.0,2.054408412828578,0.33550939762902493,27711.0,0.14171871806603664,0.46352920789795693,0.39475207391974115,0.9996739687945859,16.0,1.9586813275295596,0.36842693429414436,48498.0,0.14433182043399162,0.45859731558414873,0.39707086378514295,1.0,24.0,2.0876780459074364,0.3696778083990317,62163.0,0.13587463279100806,0.4430780523253266,0.4210473150912819,1.0,0.9619283151624926,0.4977728285077951,1.3397607683105766,0.6648091390359432,0.6458245751930936,1.1105338771650803,0.6865422123154082,0.6657294765605891
86,1e-06,420.2049741169976,77194,True,2,2824.81494140625,3182.0,0.5406541419135535,0.3560238913417365,0.07211616164863394,0.05867833520970174,3.073001805621916e-06,-0.005890560616401425,0.014688423533015828,0.0022032636215923874,1.150399456342986,0.0575199738176455,0.916158695880379,2.8771132725924216,0.30000001192092896,2.9564647378582345,0.7637073741719377,3.8686064871514603,0.9993297952611417,-0.23562242108920411,2.9564647378582345,19.229902401925163,0.01891889443815745,0.023078116377206834,0.0013613054308921058,0.09059871802273047,0.08864878836910596,0.0019499296991582371,-0.02044677734375,0.3299526474689207,0.3414735557021149,0.32857377695901924,0.052699291850560395,0.03256626943074871,0.05193060357548578,8.0,1.7402633895129593,0.34826973019491986,24154.0,0.23638795283623526,0.502197913731306,0.26141413330529367,0.9699252221048587,16.0,2.014638383368007,0.3456634354060286,29727.0,0.1465552295652393,0.4659124498556822,0.38753232095278833,0.9999817235018293,16.0,2.056203854254676,0.33487634181150006,28020.0,0.14174933699479178,0.4635897204801536,0.3946609426885527,0.9996681635816368,16.0,1.9582050096370396,0.3685130753050512,48185.0,0.14435999589878803,0.4585606911448651,0.3970793129869703,1.0,24.0,2.088366481252896,0.3693920425872676,62668.0,0.13587933240361114,0.4431033865519961,0.42101728112173,1.0,0.9623463025532063,0.5211581291759465,1.3398487454969992,0.6642518807467261,0.6454910397118213,1.1104159904044464,0.6868208414600168,0.6658459170020995
87,1e-06,415.9576928500028,78092,True,3,2824.81494140625,3182.0,0.5393299051883922,0.35518318800232107,0.07187748207187132,0.05879763364527159,3.064986140877703e-06,-0.005890762214195776,0.014142813133765834,0.0021214220539468405,1.1447575343476266,0.057237877705947945,0.9177261485955555,2.8624361033490957,0.30000001192092896,2.956403124539629,0.7636914589885152,3.8685760941349803,0.9993219440552819,-0.23563048506676662,2.956403124539629,19.228718531908644,0.018881035928565357,0.023068141294059687,0.0013772233593260731,0.09060682271312631,0.08865759798787123,0.001949224789364813,-0.02044677734375,0.329889433369367,0.34149910940442646,0.32861143696386613,0.052653716225770704,0.03259707274729462,0.05192762194170532,8.0,1.7403775199735472,0.34813275259446064,23731.0,0.23635738546023477,0.502188584069074,0.26145403061446576,0.9699048881076663,16.0,2.015015944135223,0.34558889827590744,30000.0,0.1466119282385943,0.46600770574635175,0.38738036616194266,0.9999852779641654,16.0,2.055481466555563,0.3352124487451843,27801.0,0.1418670218590638,0.46367086983718625,0.3944621082456173,0.999673584319817,16.0,1.9579922357918165,0.368634569885348,48421.0,0.14430314906764427,0.45859867005189753,0.39709818067855107,1.0,24.0,2.088993141637783,0.3693836565922327,62482.0,0.1359278339003897,0.44310577596764883,0.420966389963273,1.0,0.9633564387474312,0.5022271714922049,1.3405426526408435,0.663137364168292,0.6444052474309057,1.111433087135298,0.6873780997492338,0.6671190440340772
88,1e-06,417.8210058820041,78990,True,4,2824.81494140625,3182.0,0.5419044013757758,0.3567546689764468,0.07229091416673417,0.058956318385005015,3.0561963991150464e-06,-0.005890407347335714,0.013681203700058878,0.002052180637805676,1.1547534910504516,0.057737675514877344,0.9142429203427221,2.8843783446001723,0.30000001192092896,2.956370673212347,0.7636830752440441,3.8684886890650416,0.9992993652847577,-0.2356162900407136,2.956370673212347,19.228095368908143,0.018862299647900708,0.023102704253014097,0.0013964955069390643,0.09061134236185872,0.08866487023828047,0.0019464719773342627,-0.02044677734375,0.32997833633378004,0.34151993999245683,0.32850170374360926,0.05266346317151193,0.03254324823811019,0.0519127649524966,8.0,1.7401404630934798,0.34821301744567956,24019.0,0.2363062922846142,0.5021888809151118,0.26150482770288713,0.9694863677361181,16.0,2.01464741830189,0.3456488936976532,29767.0,0.14656969103759107,0.4659761535286335,0.3874541553699334,0.9999879142566968,16.0,2.0550270183710326,0.3353369753331433,27697.0,0.14170695176939344,0.46344178651246937,0.3948512614715925,0.99965960413748,16.0,1.9581155011578244,0.36844930623806676,48141.0,0.14430418589032595,0.45863232495431067,0.3970634889036283,1.0,24.0,2.0878344622644587,0.369718194339022,62907.0,0.1358907505012928,0.4431028880147526,0.4210063612597287,1.0,0.9629384513567174,0.5100222717149221,1.3417267117137595,0.6645305098913347,0.6459155853087368,1.112060699947168,0.6879353580384509,0.6669436810375099
89,1e-06,433.446717144,79888,True,5,2830.68994140625,3176.0,0.5445024488440144,0.35942518855798844,0.07276267505355101,0.05874398013001313,3.049768240558737e-06,-0.005890782733445481,0.012444185566151523,0.0018666279088439639,1.1518344155790858,0.05759172174790393,0.9146260754488001,2.8545200924310463,0.30000001192092896,2.95631748632003,0.7636693365488594,3.8684936279147526,0.9993006421537325,-0.2356313056048731,2.95631748632003,19.22707228129251,0.018860519147874493,0.02310202181646277,0.00139803673968446,0.09061823509252824,0.08867111405812983,0.0019471209302495025,-0.02044677734375,0.3298457662454821,0.3414203345395666,0.32873387881973626,0.05261831199832378,0.032535058468514844,0.05184244813444954,8.0,1.740036548128646,0.3483677999037943,24273.0,0.2363286845837854,0.5021819941775545,0.2614893218532053,0.9695884942231937,16.0,2.0160555634994717,0.34517637609796026,29815.0,0.14657604439828525,0.46600578049286484,0.38741817536629447,0.9999852337127669,16.0,2.0541253834999176,0.33553377556021863,27882.0,0.14171263875715567,0.4636822140269977,0.39460514729629803,0.9996555162458577,16.0,1.957748969153736,0.36851957010090913,48147.0,0.14427749880441715,0.4586328363056496,0.39708966483180064,0.9999998518967106,24.0,2.0886333391266043,0.36960541580080375,62784.0,0.13585878643974947,0.4430549787079438,0.4210862344734065,1.0,0.9625901285311227,0.4621380846325167,1.342471939336958,0.6650877681805517,0.646221622247193,1.112626444283685,0.6862635831707997,0.6670851903718403
90,1e-06,438.268930125,80786,True,6,2830.68994140625,3176.0,0.5418425899971789,0.35718515928899686,0.07224594316269757,0.05880063231775573,3.046215296623401e-06,-0.0058903675473016585,0.013201372364659915,0.0019802059307507257,1.1503595449706776,0.05751797816972865,0.9152530565348708,2.8663044747167206,0.30000001192092896,2.956367673111201,0.7636823003317579,3.868479528190939,0.9992969984702462,-0.2356146981384883,2.956367673111201,19.22803862301084,0.01886331184407653,0.023095390751590412,0.0013949216191160294,0.09061291079069364,0.08866651920833543,0.001946391559439291,-0.02044677734375,0.329903711377692,0.3414899792710734,0.32860628854078644,0.05274828150738656,0.03263409762524579,0.05194625407488494,8.0,1.7407747766574542,0.3480436483104757,23874.0,0.23638869318658895,0.5020571040405019,0.2615542028253324,0.9699190760498415,16.0,2.0171680466093744,0.3448584263919102,30031.0,0.14660685598069612,0.4660356661888818,0.3873574781267948,0.9999844041703292,16.0,2.0564262218421194,0.3348511020680232,27450.0,0.14173193561712724,0.4636525502398892,0.3946155139794855,0.9996974872896682,16.0,1.9583196344036449,0.368419425039025,48496.0,0.1442240731244825,0.45859422720962234,0.3971816997598417,1.0,24.0,2.0890554949600224,0.36924655624677355,62696.0,0.13586683795356946,0.4431885423609703,0.4209446197794067,1.0,0.9625552962485632,0.4610244988864143,1.342553045996121,0.6642518807467261,0.6456601447156876,1.1124323953755821,0.6862635831707997,0.6669968573105229
91,1e-06,434.49414474900004,81683,True,7,2830.68994140625,3176.0,0.5441921727600182,0.35912710497997086,0.07263748033401789,0.05873561316407617,3.040095160232445e-06,-0.00589045771933593,0.013279686084087812,0.0019919529928549536,1.1517488094344317,0.05758744141990652,0.9158452053363056,2.8518365269158386,0.30000001192092896,2.9564015056617814,0.7636910399352044,3.8685273171351486,0.9993093450277293,-0.23561830509252493,2.9564015056617814,19.228688209324016,0.01888954928443586,0.023100395052428717,0.0013831569882410935,0.09060448600950732,0.08866021850958751,0.0019442676041660522,-0.02044677734375,0.32996133200518285,0.34147072620989616,0.32856792185995753,0.052677136705453556,0.032596686745765185,0.05193103699962723,8.0,1.741159102611023,0.3478445774026332,23604.0,0.2363881154633427,0.502153381728641,0.2614585027026509,0.9697964075067673,16.0,2.0175862311818613,0.3447690104287206,29792.0,0.1465785990487097,0.4659342423749404,0.38748715863759675,0.9999851889942311,16.0,2.0560288782208445,0.3351236334313021,27779.0,0.1417653907493072,0.4635517335238263,0.39468287572375227,0.9996657348745457,16.0,1.9573951209325178,0.3687302641438991,48213.0,0.14432407506535622,0.4587180361065015,0.39695788881153293,1.0,24.0,2.0889549528677565,0.3693964119187393,62170.0,0.13580646878564165,0.443000592934707,0.42119293789192735,1.0,0.9605001915775541,0.4732739420935412,1.3420952355904843,0.6634159933129006,0.6447399702366436,1.1123018729450909,0.6868208414600168,0.6674593815407153
92,1e-06,438.34428948799996,82581,True,8,2830.68994140625,3176.0,0.5452571455388613,0.3597601225244168,0.07269104604848296,0.05882305500446855,3.0315312377849207e-06,-0.0058903703267200016,0.014186928493548426,0.002128039358097516,1.1548442959794805,0.05774221573179431,0.917099167509485,2.8469413000736172,0.30000001192092896,2.956368064808951,0.7636824010507146,3.8684803443400315,0.9992972103222073,-0.23561480927149278,2.956368064808951,19.22804501740228,0.018860664319812374,0.023091713336118834,0.0013944431068873661,0.09060999346368427,0.08866377086124141,0.0019462225587257795,-0.02044677734375,0.3301110250406984,0.34131898705793806,0.32856996814768374,0.052666019889019,0.03257075781923615,0.05195160120039978,8.0,1.7413255832774035,0.34779823102411744,24047.0,0.23660199666742437,0.5021536187022086,0.26124438529993044,0.9697337628610913,16.0,2.018804561207796,0.34436415610420046,30135.0,0.14663125479967518,0.46601664323954417,0.3873521016618127,0.9999830119537333,16.0,2.0553103769214602,0.3352455745606119,27663.0,0.14180000816583177,0.4636347196139015,0.3945652724003741,0.9996524655838455,16.0,1.9584079992019992,0.36839990721999083,48510.0,0.14427980911503757,0.45857842519903735,0.39714176545650876,0.9999999259431649,24.0,2.089546155305055,0.3692316346156227,62526.0,0.13587794023840033,0.4431663821153728,0.42095567773757814,1.0,0.9623463025532063,0.5133630289532294,1.341741162776017,0.6628587350236835,0.6451072638868729,1.111617204471364,0.6876567288938423,0.6690074307026393
93,1e-06,431.5849965709999,83478,True,9,2830.68994140625,3176.0,0.5459297003936292,0.3599678158060403,0.07275938599709517,0.05876607903840545,3.028814557374224e-06,-0.005890345836527407,0.013352864004367675,0.0020029296808065063,1.1664159525075657,0.058320798593079176,0.9126754676233934,2.894422171635664,0.30000001192092896,2.9563425675991115,0.7636758154838486,3.8684510570894717,0.9992896449670111,-0.2356138294831626,2.9563425675991115,19.22755556426463,0.018852780777150663,0.02311716186343791,0.0014063504044877903,0.09061166878106215,0.08866652409537026,0.0019451447438488634,-0.02044677734375,0.32994988575105927,0.3414064310549477,0.3286436631133171,0.05278476254407974,0.0326036090954057,0.05203929290280803,8.0,1.7416733832081772,0.34761348628645683,23955.0,0.23656597935819978,0.5023293941969109,0.2611046266691152,0.969855038842926,16.0,2.0178687537848803,0.34468712241963795,30018.0,0.14665082574415955,0.46596141074359754,0.3873877636394081,0.9999844484736318,16.0,2.055632656065456,0.3351942807266782,27782.0,0.14188742957571432,0.46371259576574486,0.3943999741519563,0.9996556632383984,16.0,1.9575980136817126,0.3686125907104771,47867.0,0.14425966057447212,0.45863088863372403,0.3971094508665458,1.0,24.0,2.0913485148894035,0.3686427663918419,63077.0,0.13586389066956336,0.4430656960306258,0.4210704129593197,1.0,0.9619283151624926,0.48775055679287305,1.3420845642499055,0.6642518807467261,0.6464182563280454,1.1116175700542688,0.6884926163276679,0.6690340671581219
94,1e-06,431.8888062709998,84376,True,10,2830.68994140625,3176.0,0.542083377944476,0.35743191431647386,0.07237247988532867,0.05880096041670708,3.023174438800783e-06,-0.005890282290784628,0.012541816482503585,0.00188127254591398,1.1496802431675706,0.057484013132308935,0.9173429934874012,2.857692911904859,0.30000001192092896,2.956327931385744,0.7636720341360346,3.868426581427962,0.999283322242739,-0.23561128810670434,2.956327931385744,19.22727492278412,0.0188481115177676,0.023131357128963692,0.0014116371051953052,0.09061211008334459,0.08866594473740297,0.0019461654604227155,-0.02044677734375,0.32990489306380627,0.34141268613358483,0.3286824014641623,0.05271556150153777,0.03259593621272645,0.05201845751935368,8.0,1.7414289885103078,0.3476757712530124,23864.0,0.23647795091376184,0.5022259781098116,0.2612960706250355,0.9694881593945623,16.0,2.018624919892321,0.3444685690280657,30127.0,0.14671837235438404,0.46607399358761514,0.38720763396094005,0.999984374294303,16.0,2.057033897546596,0.33454610358510645,27744.0,0.14178471724395073,0.46358934221415854,0.3946259401873854,0.9996336568045082,16.0,1.957797810294635,0.36851812147800195,48026.0,0.14425004914695183,0.45857022104291045,0.39717973013142444,0.9999999259431649,24.0,2.091019590694315,0.3687118080999457,63083.0,0.13585278370194045,0.4430374296463754,0.42110978715567343,1.0,0.9630429482043958,0.47884187082405344,1.3411580211573506,0.6639732516021176,0.6462245874466276,1.1115596470443543,0.6873780997492338,0.6679422332046048
95,1e-06,442.6056523379998,85273,True,11,2830.68994140625,3176.0,0.5405188941370919,0.3557419694181296,0.0720501151961644,0.05877956289189056,3.0199589150159022e-06,-0.005890790167968234,0.014325881764975776,0.0021488823498967396,1.1537227126563694,0.05768613660384123,0.914451914038079,2.884266951892264,0.30000001192092896,2.9563830107115185,0.7636862624866253,3.8685603060897247,0.999317865747241,-0.23563160326061564,2.9563830107115185,19.228330701075734,0.01888487527725083,0.023052452904828796,0.0013793441181798182,0.09060111811298982,0.08865444329282267,0.001946674725360977,-0.02044677734375,0.3301456500886895,0.3413832321253859,0.3284710976284306,0.052658479360224435,0.03254974053231807,0.05197175359380997,8.0,1.7411945174698662,0.3478287195867869,23919.0,0.23656917846554967,0.5021706345192695,0.26126018734477213,0.9693677722234711,16.0,2.0197130372861514,0.34408523785274453,30014.0,0.1467751674516277,0.4660622864923215,0.3871625457295737,0.9999841078391805,16.0,2.055219876794856,0.3353650735884468,27683.0,0.14179675013741472,0.4635554209791168,0.39464782879471244,0.9996532351852996,16.0,1.959744356564583,0.36789979520787963,48288.0,0.1442741296554526,0.4585821054365373,0.39714376454260486,1.0,24.0,2.090520659730935,0.36901647290045236,62321.0,0.1359292257598851,0.4431363971724007,0.4209343770869187,1.0,0.963635097007907,0.5200445434298441,1.3416686866834124,0.6650877681805517,0.6472092416476557,1.1121781105349475,0.6882139871830594,0.6695888647905034
96,1e-06,433.4991602270002,86171,True,12,2830.68994140625,3176.0,0.5388416708888062,0.3547048860094698,0.0718993102390266,0.05885924826615191,3.0146405122703796e-06,-0.005890901929483256,0.013184188998940555,0.0019776284321821446,1.1457696379885753,0.05728848288384279,0.9144867463164861,2.867967982223911,0.30000001192092896,2.9563693027352835,0.7636827215152149,3.868563901311348,0.9993187950951223,-0.23563607357990746,2.9563693027352835,19.228065549121048,0.018875201436552434,0.02305606471404411,0.0013833826065157942,0.09059994861682366,0.08865407995342182,0.001945868502340844,-0.02044677734375,0.33026534042897704,0.3413721543616306,0.328362485372666,0.052761271314374907,0.03261180490859001,0.052027597478940125,8.0,1.741061193827838,0.34787843133979773,24070.0,0.23656159582056344,0.5021367498288987,0.26130165388236254,0.9693549325537659,16.0,2.0205008859125155,0.34397188898554465,30109.0,0.14674014276403333,0.4662017784178363,0.3870580788596537,0.9999895730965845,16.0,2.0553016872539547,0.33517295666413477,27735.0,0.14183365576273638,0.463696771683441,0.39446957243755737,0.9996787526751267,16.0,1.9593233602158,0.36813851788714247,48071.0,0.14426729487186896,0.45844214720313936,0.3972905575097585,0.9999999259431649,24.0,2.090601995748771,0.3688854162342733,62616.0,0.13591801996054023,0.4432751592643798,0.42080682105743844,1.0,0.9641227489637396,0.5044543429844098,1.3427495948781407,0.6642518807467261,0.6464545503648035,1.1132165670361682,0.6876567288938423,0.6692190122986613
97,1e-06,431.0732461460002,87068,True,13,2830.68994140625,3176.0,0.5386709476346494,0.3551981778542048,0.07181899403060191,0.05879732352967936,3.012470967283155e-06,-0.005890659084259086,0.01264582324212249,0.0018968735608981427,1.1369444021824788,0.056847221118580094,0.9169946706618065,2.8368990653410506,0.30000001192092896,2.9564833200074623,0.7637121741261542,3.868640313755902,0.9993385339323898,-0.23562635980623553,2.9564833200074623,19.230259293768114,0.01890782134791629,0.023034581886061705,0.0013573837026309697,0.09058181786393707,0.0886379635952401,0.0019438543149038398,-0.02044677734375,0.33036961021366534,0.3414399441375873,0.32819042459954006,0.05280147000432031,0.032614920095759975,0.05210461849246517,8.0,1.7406454374101819,0.3481017344216119,24042.0,0.23646651802236057,0.5021339221429442,0.2613995605769246,0.969445922416747,16.0,2.019476090978524,0.3442650283189348,29967.0,0.1466465086324108,0.4660817908308109,0.3872717002186059,0.9999890992677907,16.0,2.057397534644709,0.3344963455979588,27966.0,0.1418410901964726,0.46364875861920674,0.39451015076337803,0.9996643574568598,16.0,1.960345107031083,0.3679066835793795,48281.0,0.1442504340260541,0.45859521211881554,0.39715435388004433,1.0,24.0,2.0890641776931345,0.3693897599602423,62932.0,0.13593522878887637,0.4431856293259147,0.42087914149748495,1.0,0.9643665749416559,0.47438752783964366,1.344508258503903,0.6634159933129006,0.6450778610609643,1.114646769227607,0.6873780997492338,0.6689712758350412
98,1e-06,437.0480555559998,87966,True,14,2830.68994140625,3176.0,0.5428325946785123,0.35775215401474747,0.07229077156229974,0.05886772358627515,3.0081674590752877e-06,-0.0058906549085867834,0.013872155233952414,0.0020808233658784208,1.1545755053485025,0.057728776240913326,0.9159497021881364,2.870165120555032,0.30000001192092896,2.9565137585085832,0.763720036184133,3.868670104152793,0.9993462290521027,-0.23562619286796974,2.9565137585085832,19.230844096797956,0.01891111423275705,0.023026812469262394,0.0013515860369419455,0.09057831176328884,0.08863632799880732,0.0019419838254891766,-0.02044677734375,0.3303078540143658,0.34146421642931135,0.32822791028431353,0.05278320409926677,0.03266418727626766,0.05210757040982461,8.0,1.7401718790825393,0.34832284912083433,23817.0,0.2364971147807789,0.5021157065252222,0.26138717937757655,0.9692875477557538,16.0,2.0192748249011037,0.34417552205187435,29885.0,0.14675181257761719,0.46618305208304406,0.38706513525629216,0.9999875439143886,16.0,2.055220587615903,0.33537027115644785,27759.0,0.14187300499319602,0.46379008770234004,0.3943369076532598,0.9996637355538428,16.0,1.9596915180902628,0.3681350443444077,47897.0,0.1443212465982443,0.4587091205604581,0.3969696327639604,1.0,24.0,2.0901929725445134,0.36906543798533686,62433.0,0.13593942471067336,0.4432050698056956,0.42085550558588225,1.0,0.9621721411404089,0.4977728285077951,1.3444312800933274,0.6645305098913347,0.6466787919267821,1.114781959769652,0.6879353580384509,0.6695049066717571
99,1e-06,438.362723661,88863,True,15,2830.68994140625,3176.0,0.5443218771145467,0.3591109277553546,0.0725036999301872,0.05883679825852415,3.0014263872812605e-06,-0.0058906067957956105,0.013875809728747883,0.002081371544068408,1.1535337350702264,0.05767668776021818,0.9164373541439691,2.859750808404362,0.30000001192092896,2.956346204950292,0.7636767546416134,3.86849510373647,0.999301022978602,-0.23562426833698852,2.956346204950292,19.227623225279896,0.01886213983295988,0.023096018927288287,0.0013971369644374461,0.09059944799043836,0.08865326944631055,0.0019461785528014763,-0.020446794351700468,0.3301395917547929,0.34138802066069046,0.3284723675931159,0.052873286139275145,0.03265511588244699,0.05217466822955554,8.0,1.7403229739566413,0.34829029170355413,24132.0,0.23648516330727215,0.5020587622419687,0.2614560741294725,0.969264282170888,16.0,2.0193916372489005,0.34420891873116255,30127.0,0.1467091533102674,0.4661656282495699,0.38712521847909076,0.999986492332244,16.0,2.0547990005273524,0.33528379134019176,27913.0,0.1418725161926513,0.46395103125002674,0.3941764521779027,0.9996537830460146,16.0,1.959837009251614,0.3679895947489346,48149.0,0.14434526029572872,0.458710535150855,0.3969442046779862,1.0,24.0,2.089969285092777,0.36920715548380184,62334.0,0.1359578281933746,0.4431934442933382,0.420848727635262,1.0,0.9625204639660037,0.49888641425389757,1.3438881368615827,0.6634159933129006,0.6456403175065725,1.1135521668615898,0.6868208414600168,0.6684451004224451
