epoch,lr,epoch_duration_sec,global_optimizer_step,early_stop_monitor_active,early_stop_patience,gpu_peak_allocated_mib,gpu_peak_reserved_mib,train_loss,ce_final,weighted_ce_motif,weighted_ce_pixel,weighted_diversity,weighted_mi,consistency_loss_raw,weighted_consistency,supcon_loss_raw,supcon_loss_weighted,valid_supcon_anchor_fraction,mean_positive_count,tau,H_local_raw,H_local_normalized,H_global_raw,H_global_normalized,L_MI,mean_entropy,effective_motif_count,min_utilization,max_utilization,std_utilization,mean_top1_probability,mean_top2_probability,mean_top1_top2_margin,mean_offdiag_prototype_cosine,mean_alpha_8,mean_alpha_12,mean_alpha_16,std_alpha_8,std_alpha_12,std_alpha_16,motif_l1_selected_k,motif_l1_entropy,motif_l1_top1_mass,motif_l1_boundary_tie_count,motif_l1_local_share,motif_l1_meso_share,motif_l1_far_share,motif_l1_edge_universe_coverage,motif_l2_selected_k,motif_l2_entropy,motif_l2_top1_mass,motif_l2_boundary_tie_count,motif_l2_local_share,motif_l2_meso_share,motif_l2_far_share,motif_l2_edge_universe_coverage,motif_l3_selected_k,motif_l3_entropy,motif_l3_top1_mass,motif_l3_boundary_tie_count,motif_l3_local_share,motif_l3_meso_share,motif_l3_far_share,motif_l3_edge_universe_coverage,motif_l4_selected_k,motif_l4_entropy,motif_l4_top1_mass,motif_l4_boundary_tie_count,motif_l4_local_share,motif_l4_meso_share,motif_l4_far_share,motif_l4_edge_universe_coverage,motif_l5_selected_k,motif_l5_entropy,motif_l5_top1_mass,motif_l5_boundary_tie_count,motif_l5_local_share,motif_l5_meso_share,motif_l5_far_share,motif_l5_edge_universe_coverage,train_accuracy,consistency_group_fraction,val_raw_loss,val_raw_accuracy,val_raw_macro_f1,val_tta_loss,val_tta_accuracy,val_tta_macro_f1
1,5.9999999999999995e-05,427.83587758199997,896,False,0,2824.81494140625,3182.0,2.2892708901788645,1.7198138546888024,0.3423915102684974,0.09208973805462954,4.7149364974576994e-05,-8.655349011967173e-05,0.006082710187837158,0.0009124065632149271,2.6820558139932307,0.13410279373501596,0.9192936013096938,2.8555792368393864,0.699999988079071,3.854684114323302,0.9957333988184017,3.8680867524708265,0.9991955383701165,-0.0034621395517148803,3.854684114323302,47.21385163598816,0.01800536190704061,0.024667682054990876,0.001626211511283392,0.030887350575365388,0.02873440073891499,0.0021529496276740845,-0.0009119165425780773,0.33471114714299544,0.3673699417548675,0.2979188913598762,0.039985726690276994,0.02577722101343239,0.03663154955701754,8.0,2.0528947989383983,0.1697320641654633,49357.0,0.18442120834764109,0.44341551982861105,0.3721632719041993,0.988221631725196,16.0,2.7343463127613648,0.09943336174901557,55639.0,0.19196752905990974,0.49299648947765423,0.3150359814126081,0.9987860116416656,16.0,2.726394932448351,0.10224809543971188,71550.0,0.14278024386772478,0.4035643745390091,0.4536553815143718,0.9969638124180461,16.0,2.7469900615237974,0.09126684715321057,51701.0,0.12560950583219735,0.4214906489331295,0.4528998456125353,0.9998234445936043,24.0,3.150764684799369,0.06363632532128005,66104.0,0.13324580241117057,0.44658447742117513,0.4201697201702495,1.0,0.31916820509247973,0.48329621380846327,1.7079513520708187,0.3117860128169406,0.1675989606117783,1.707839383292444,0.31568682084146,0.1729388290348716
2,0.00011999999999999999,438.377190071,1794,False,0,2824.81494140625,3182.0,2.0862838649181716,1.5547329368102663,0.3090032677801763,0.09071246050320274,4.346837016726059e-05,-0.00015773504710264906,0.009723373409464456,0.001458506069850355,2.6098192402252587,0.13049096460992185,0.9176564840304365,2.8605366683960494,0.6991468071937561,3.8448963988358384,0.9932050581424188,3.869321360583589,0.9995144599158959,-0.006309401773477141,3.8448963988358384,46.754160063896826,0.01875652702882553,0.024074132834807423,0.0012820276552156949,0.03416331137091169,0.031168107774743565,0.0029952034295233814,-0.0025311056492723864,0.35154551063744416,0.3762799126941037,0.2721745560676967,0.051856597603585075,0.043007926256909565,0.049010827273583024,8.0,1.941267485906597,0.24795530925844608,30066.0,0.16964869221166415,0.46220341914125884,0.36814788897926354,0.9393455584352595,16.0,2.6723850108334055,0.13011217394685326,40880.0,0.17470055803194112,0.4870579262897011,0.3382415159939349,0.9999280059705927,16.0,2.535464303778931,0.17609993314588576,41353.0,0.12766562471488513,0.41343011530930773,0.4589042602150853,0.9953395041819338,16.0,2.6964832507661693,0.11463903657591926,42178.0,0.12868107037103024,0.43635883533289,0.4349600942478089,0.9996864996242434,24.0,3.127513074946298,0.07324303406647843,55374.0,0.13466890059052608,0.4446584982322905,0.4206726013017534,1.0,0.4131805357205058,0.5267260579064588,1.4997756885067273,0.4268598495402619,0.30237883279327676,1.494354086521443,0.43048202842017275,0.3055839172532958
3,0.00017999999999999998,432.27592762400013,2692,False,0,2824.81494140625,3182.0,1.957969028501535,1.4513143702789744,0.2886490104543847,0.08938920041033996,4.1324239733954e-05,-0.0003762006765430056,0.010650685309103536,0.0015976028623292118,2.547074244161805,0.12735371470836485,0.9182138005524262,2.833914758734803,0.6965945959091187,3.810633709456522,0.9843543967801561,3.868887643703801,0.9994024235695904,-0.015048026789434319,3.810633709456522,45.18770500068036,0.01839949250273935,0.02404498422716322,0.0013818267910614137,0.03945675571012295,0.03603716620594017,0.0034195895367364125,-0.004784510001032042,0.3988516239056273,0.35294074599506786,0.24820760970097558,0.07391947711763713,0.051192286770052865,0.05739140118072908,8.0,1.8119447947569935,0.3177477259968361,26873.0,0.17336268417451312,0.4672576397104096,0.3593796762645612,0.9540140658939863,16.0,2.426296253696646,0.22014169793126642,30358.0,0.16928412297789822,0.48374292806189007,0.34697294900433023,0.9999091234603784,16.0,2.205855707293614,0.2829057777736407,32248.0,0.13050510758169642,0.4234666554792211,0.44602823749705206,0.9985951599712186,16.0,2.616997138107453,0.14431920706480456,41961.0,0.13362926113885368,0.43969678110499016,0.42667395769646643,0.9999566356724443,24.0,3.062015457833306,0.09338105004517619,51414.0,0.13431911173077843,0.44264659827839864,0.42303429020414896,1.0,0.46692674770977743,0.5,1.3528223514025441,0.481471161883533,0.3631326681325862,1.3430602975660926,0.48704374477570356,0.36883086622185435
4,0.00023999999999999998,432.66195833100005,3590,False,0,2824.81494140625,3182.0,1.8908438862642776,1.3991815987859568,0.278333289497694,0.08801152124954759,5.3470586376385485e-05,-0.0012829046521134451,0.010442696780868448,0.0015664045778451417,2.4996101111479865,0.12498050782725845,0.915496882511749,2.866546539109455,0.6923651099205017,3.663880810260424,0.9464455149926887,3.8625360739725654,0.997761700232162,-0.051316185239473434,3.663880810260424,39.07512678786619,0.01622358615241205,0.02567705142340072,0.002685873801485361,0.04507964081160929,0.04244276469137968,0.0026368760896345518,-0.00802143655927325,0.4254074013529246,0.35981999532054215,0.21477258331540894,0.09233949123814444,0.06566490057443596,0.06796994036895121,8.0,1.6909306182096966,0.36764105093002053,24695.0,0.1895922472107277,0.4774291695654963,0.3329785828723849,0.9486452005612838,16.0,2.152707474313687,0.30693468823548853,26110.0,0.17261150957146276,0.48663433316301297,0.34075415729043823,0.9999019839766216,16.0,1.9688149826367773,0.3567434068263281,26863.0,0.13562509768250186,0.432546855370749,0.4318280465247684,0.9998111875936103,16.0,2.5300188535781793,0.18015324194635018,40963.0,0.13182218828436398,0.4358562554457813,0.43232155625895485,1.0,24.0,2.9295506047589632,0.13255929406162023,55014.0,0.1323547506344647,0.4409152668059908,0.4267299823918941,1.0,0.48887108572224736,0.5,1.257082612011618,0.5160211758149903,0.4009899071293471,1.2439423585608995,0.5235441627194205,0.40766625849096133
5,0.0003,440.189426982,4488,False,0,2824.81494140625,3182.0,1.8277868730047162,1.3494557262093982,0.2686560116543483,0.08672230016768318,6.96993344012146e-05,-0.00228664856799673,0.011553376487197163,0.0017330065431842333,2.468735571577613,0.12343678086515446,0.9145912431652027,2.8667966357725465,0.6864944696426392,3.5125180296964493,0.9073458197240675,3.8666010711662215,0.9988117605596215,-0.09146594083555407,3.5125180296964493,33.54515501055092,0.015535510630593736,0.023307487153181476,0.0018519105828401592,0.04128463406308724,0.040452233782110304,0.0008324002179914576,-0.012073489074909,0.42240011291139495,0.36077733303155307,0.21682253398779497,0.08132096538458702,0.05332089237900707,0.06135908006755485,8.0,1.5780043629893414,0.41588235540264445,24711.0,0.19565353834137839,0.48180417545375176,0.32254228616334657,0.9452806567297846,16.0,1.9155497587712491,0.3793859299181596,25426.0,0.1753332184431649,0.48669975533136284,0.3379670265218449,0.9998382119251488,16.0,1.823278804732912,0.4014580667261802,25521.0,0.1383990697099969,0.43800009941497503,0.4236008305527033,0.9999101912781397,16.0,2.3753424043245808,0.23362711439605144,41052.0,0.13653797884598068,0.4459939156886515,0.41746810542643975,0.9999951866711231,24.0,2.780891873220394,0.17481898653832775,58969.0,0.1340172466995815,0.4439830646832878,0.42199968830570583,1.0,0.5173638928558989,0.5100222717149221,1.1931646628843506,0.5338534410699359,0.42313402411319334,1.1800926465050163,0.5458344942881025,0.4370281302147376
6,0.0002998847409179881,436.83413014999996,5385,False,0,2824.81494140625,3182.0,1.757961698616347,1.295550063428404,0.2580827796693078,0.08397854580967117,5.717952225928568e-05,-0.0027277582335697866,0.01152016278299868,0.0017280244860541066,2.4258573223935045,0.12129286812608189,0.9169250060977256,2.8409215652804383,0.6790326833724976,3.4467157360121283,0.8903479172192778,3.869103742628255,0.9994582447364058,-0.10911032751712801,3.4467157360121283,31.39849642723339,0.018770728449663952,0.022235011601073624,0.0011222080782526496,0.039532080311906255,0.039276324891587104,0.000255755425059967,-0.015689946984857754,0.428527563277812,0.33766900384088533,0.2338034134463144,0.08502280801532576,0.05767362760792224,0.06037636611891842,8.0,1.4989581132384402,0.4464950924084276,23536.0,0.20728167072247344,0.49039248073108105,0.30232584872084345,0.9482057839190849,16.0,1.8118713015552317,0.40972623506091127,25203.0,0.17828703897918022,0.4908695360922366,0.3308434246436294,0.9998802575718261,16.0,1.6257348820899837,0.4632471118027225,25927.0,0.13953864961429682,0.4479290035879721,0.4125323472378782,0.999803011978535,16.0,2.283802027645694,0.2645312539399814,42682.0,0.13636925992127674,0.4483841998669549,0.41524654033893355,0.9999965343830283,24.0,2.5789560940062275,0.22970983814248935,61658.0,0.13526574913172926,0.44570371822929833,0.4190305324562698,1.0,0.5408408513009858,0.5011135857461024,1.1419149351903874,0.5617163555307885,0.45479693822037986,1.1288501636402026,0.566731680133742,0.460574403097519
7,0.0002995391413931026,435.9663339859999,6283,False,0,2824.81494140625,3182.0,1.7087323829968184,1.258373070910888,0.2503871369295025,0.08092606507622963,3.6537775406202686e-05,-0.0029138022110379606,0.01239577295742842,0.001859366021535362,2.401280185804168,0.1200640112420638,0.9155317147943085,2.8700050506942585,0.670043408870697,3.418640301690887,0.8830955337612743,3.869836849870509,0.9996476203567568,-0.11655208659548259,3.418640301690887,30.528369492184652,0.019709390964636864,0.021898891933161396,0.0008992225796532745,0.03938052181310591,0.03923942160623409,0.0001411001803550908,-0.018252511496013882,0.43705194391482277,0.32949594406898236,0.23345209020347762,0.0844191350150521,0.054974231929839926,0.05714413283526505,8.0,1.480780321156793,0.4527980296939156,23549.0,0.2164203022121075,0.49710144184011,0.28647825598359633,0.9449947125286621,16.0,1.7155495837147596,0.43941881455653115,24930.0,0.17948624990179005,0.49152287082835056,0.3289908792366407,0.9998884926005389,16.0,1.589097664146871,0.47348139274850726,26026.0,0.1382800521356749,0.4491637864142419,0.4125561610281025,0.9998548013205862,16.0,2.1695060293819552,0.3010474290671387,45929.0,0.1351161491240141,0.44669884720347414,0.41818500294585376,0.9999812800597985,24.0,2.4176581479185217,0.27318715749292183,63457.0,0.13448437723909917,0.4446005328751112,0.42091508939425737,1.0,0.5574210177992964,0.512249443207127,1.10744121108556,0.5750905544719978,0.482279316556395,1.0922725716484858,0.5762050710504318,0.48820162053652355
8,0.00029896373431476147,429.643258132,7181,False,0,2824.81494140625,3182.0,1.6580340690160023,1.2199932279795738,0.242935474588416,0.07802155814041617,2.102517222719045e-05,-0.0030361700395447936,0.01242230479343088,0.0018633457943080835,2.364712148500986,0.1182356094366334,0.9173081612058799,2.8544418098178377,0.6596034169197083,3.399584787825132,0.878173156217529,3.8697297564369704,0.9996199559495219,-0.12144679973199286,3.399584787825132,29.951819416040696,0.01982120020500154,0.02182537654302595,0.0008908692231488124,0.03946751570255431,0.03937947150196413,8.804426275959212e-05,-0.019797268164287004,0.4326968468893591,0.34495147721903374,0.22235165567286622,0.08660802055586135,0.053916949512267456,0.05926709646176319,8.0,1.440749754717683,0.4686742176146811,24785.0,0.2237115936099667,0.5010857546942797,0.27520265248469655,0.9467488697003769,16.0,1.6935394314946606,0.4454209749485375,24235.0,0.18244707533930274,0.49551932008011745,0.32203360458057984,0.9999245697272152,16.0,1.5708434875949289,0.47864543912972046,26868.0,0.13920175977820218,0.4531184355082933,0.4076798045889346,0.999818340171745,16.0,2.1758840819952145,0.3013452698811621,46911.0,0.13407438724694312,0.4477870383032678,0.4181385747404523,0.9999957346584842,24.0,2.1844024015006953,0.33647869253130336,65942.0,0.1348637807083344,0.4462707296889455,0.4188654890198365,1.0,0.5772405865756383,0.48997772828507796,1.0805147755740578,0.5812203956533853,0.49877506570115937,1.0635464324297497,0.5934800780161605,0.5170754940309419
9,0.00029815940691897306,447.4094969969997,8079,False,0,2824.81494140625,3182.0,1.616778570235662,1.1877995906917067,0.23662485126851682,0.07619291443552001,1.1698597326503835e-05,-0.003134076739427016,0.013561050622568965,0.0020341576744693523,2.344988658778732,0.1172494349565286,0.9144170817524052,2.8597800006910967,0.6478017568588257,3.383919973683011,0.8741266571672788,3.869225605540093,0.9994897249786452,-0.12536306781136647,3.383919973683011,29.486321676727904,0.01970147991582729,0.021965636830199368,0.001046845969294845,0.039624110395992895,0.03956357438776838,6.053606365247147e-05,-0.02059625862592224,0.4238455551117996,0.3553570464215536,0.22079737817056874,0.08693752070348619,0.0581211025966028,0.06057088396187993,8.0,1.4346053563687715,0.47061442274995646,23594.0,0.2251296170208205,0.5031342836872006,0.2717361000284987,0.9360946349773941,16.0,1.7075645443604963,0.43800926532274154,24184.0,0.18440506556298258,0.4933988974819305,0.3221960367256706,0.9999732369103316,16.0,1.5252103942029134,0.49163267940719857,25762.0,0.1396328762177286,0.4563358235242511,0.4040313006452252,0.9998302757501262,16.0,2.1324762795187304,0.3134957549454397,47613.0,0.13542723333220227,0.45046302953888046,0.41410973728514877,0.9999981042114585,24.0,2.118811854980986,0.35579026046228274,71841.0,0.13403650897685884,0.4441345327907589,0.4218289580247657,1.0,0.5888397366679439,0.5300668151447662,1.0567644808942742,0.5926441905823349,0.5269162002279215,1.0383760968633733,0.6076901643911953,0.5430488429352296
10,0.00029712739942028293,444.8173199339999,8977,False,0,2824.81494140625,3182.0,1.596519362196088,1.1725287082539178,0.233726854092267,0.07512683156921744,6.599349247368958e-06,-0.0032324983879623167,0.014555735805171903,0.0021833604570080357,2.323590193951141,0.116179511499669,0.9164025218572573,2.8536994672584792,0.634739100933075,3.3681639250910407,0.8700565892375538,3.868709950791062,0.9993565228566792,-0.12929993361912534,3.3681639250910407,29.02526182977046,0.01958760451720739,0.022109409714149243,0.001186618774086061,0.03984439618003925,0.039800040776299235,4.4355490052580626e-05,-0.02096336407531719,0.42956899969408957,0.35215507376974226,0.21827590651466305,0.09040741598364443,0.05928748885579084,0.0600894938768609,8.0,1.4217832561296464,0.47561357918982844,23773.0,0.22528834684631152,0.5019836629619211,0.2727279904357168,0.9418742454530735,16.0,1.7169283299723648,0.4367257121486754,23911.0,0.1861484275189449,0.4947883380583002,0.3190632341128872,0.999899466885075,16.0,1.5120137609563995,0.4951136342293832,27511.0,0.1420582808991984,0.46030806609943886,0.39763365301797204,0.999614570722082,16.0,2.0944810984355495,0.3258554896755591,49218.0,0.14007857222866665,0.4570312470393875,0.40289018046619657,0.9999823315090685,24.0,2.07707837065699,0.36890657843166214,70072.0,0.13601226856613938,0.44697546688814166,0.4170122644875863,1.0,0.6000208993695357,0.532293986636971,1.0406466335531528,0.6029534689328504,0.540113556426592,1.0210556494355965,0.609640568403455,0.5531953986190485
11,0.00029586930309945264,435.85191637000025,9874,False,0,2824.81494140625,3182.0,1.5658860569725408,1.1487485335689465,0.2288684002363992,0.07443068329897677,3.763216002678632e-06,-0.0033164531013967053,0.013187535136461615,0.0019781303468526805,2.3034601446237635,0.11517300913985934,0.9165766832710928,2.868634406474488,0.620526909828186,3.3554049967357518,0.8667607307724745,3.868951243796839,0.9994188530898782,-0.13265812231740373,3.3554049967357518,28.657293093615994,0.01962886828859245,0.02203665308100491,0.001126585640051173,0.040005436510791255,0.03996870113846389,3.673531613999398e-05,-0.021101175777474234,0.41678155508384035,0.355964495152315,0.22725392896637256,0.0816147780987473,0.05450068467490879,0.05810151815081204,8.0,1.3879703492628976,0.48990259846448775,23099.0,0.22313483198820816,0.5070359133379375,0.26982925426433063,0.9397243890166387,16.0,1.632001997327567,0.46103370120115195,23324.0,0.1840604825281475,0.4955012302105693,0.320438287521323,0.9999217711615627,16.0,1.4614482266621645,0.5107178757393255,28194.0,0.14169580751487032,0.46056259927250026,0.39774159282231025,0.9992732938199071,16.0,2.0383798513107196,0.3438494596717923,48810.0,0.13573326705472422,0.4506993468315849,0.4135673857249288,0.999978199096146,24.0,2.0052038059866106,0.38799925244457856,69388.0,0.1349074099800829,0.4441967927426304,0.4208957973852473,1.0,0.6067783621860741,0.4977728285077951,1.0260078980750644,0.6107550849818891,0.5549350287881146,1.0056221473512625,0.6185567010309279,0.5648884982519511
12,0.0002943870578498202,434.28407662300015,10771,False,0,2824.81494140625,3182.0,1.5404428515573285,1.1287003274854022,0.22493075361329562,0.07378649771065085,2.270767293315956e-06,-0.003396367409946703,0.013548970664696467,0.002032345681959565,2.2877404804144033,0.11438702595134677,0.9152182242512732,2.8456130739480643,0.6052864193916321,3.3430795609097714,0.863576852217285,3.8690003867997924,0.9994315468341921,-0.1358546946169071,3.3430795609097714,28.30621082724862,0.01962386543185724,0.022004672682631718,0.0010944622906272578,0.04017310683264861,0.040142575401826155,3.053150370703491e-05,-0.021132045207574553,0.40615296771485726,0.3633773369019946,0.23046967555784068,0.08441857791124681,0.059213393053644654,0.05998195848691808,8.0,1.3920878472300449,0.4870195560326766,23032.0,0.22826231590264967,0.5079532227690075,0.2637844612177871,0.9326103701873518,16.0,1.6552936184671614,0.45352804676368363,23480.0,0.18625000681331189,0.4982479082935552,0.3155020851422728,0.999949139802366,16.0,1.4684667473506385,0.5081830853088642,28749.0,0.14053314681121093,0.4616169790764613,0.3978498737386179,0.9997028060901825,16.0,1.999019823040624,0.3560967844848602,48648.0,0.14039680927554835,0.45581266552956234,0.4037905256324412,0.9999924171468781,24.0,1.9111152610466886,0.41037525740336334,67992.0,0.1358870036785595,0.4460868882401709,0.4180261079873231,1.0,0.6183775122783796,0.4955456570155902,1.0152030597659132,0.6163276678740597,0.5617471799921924,0.9936863730697122,0.6252438005015325,0.5754043834674363
13,0.0002926829491861254,440.05271168799936,11669,False,0,2824.81494140625,3182.0,1.5195594306458682,1.112631352253645,0.2218310275189393,0.0729750156316427,1.463936601476366e-06,-0.003472478801744718,0.014443958142283834,0.002166593807445065,2.26852897977525,0.11342645080359097,0.9163676895757359,2.875335963692775,0.589147686958313,3.3315921318668478,0.8606094447745687,3.8692986565476,0.999508594973732,-0.13889915019916332,3.3315921318668478,27.982911708358355,0.019685189670258094,0.021922272009748896,0.0010277230445847223,0.04030675304908066,0.04027899378208852,2.7759271416597598e-05,-0.02112357259074898,0.4083077845817084,0.35609722862344473,0.2355949660446075,0.08039562391075887,0.053537931711207264,0.05821475263425078,8.0,1.3985394628831322,0.48510735180855563,22468.0,0.2256484431302835,0.5136268859522657,0.26072467020584494,0.932978729348168,16.0,1.6567532647104073,0.45251510096898484,23899.0,0.1870536595269461,0.49789879285532246,0.3150475476483549,0.9999893361167884,16.0,1.4567747931772899,0.5117062502090217,29283.0,0.14364245396345285,0.46171719588233184,0.3946403502180574,0.9997226651561368,16.0,1.9633554549687102,0.36638023085099886,51674.0,0.14138652299988827,0.4574611485606513,0.40115232818461105,0.9999978228473893,24.0,1.904568529568345,0.41245266518820717,65277.0,0.13666180967755184,0.4469059107393642,0.41643227926491155,1.0,0.6228012121634331,0.5178173719376392,1.0020607399986992,0.6235720256338813,0.5725928919403465,0.9807386379382775,0.63137364168292,0.5870540393891744
14,0.00029075960472041136,439.52702924499954,12567,False,0,2824.81494140625,3182.0,1.4979681170569297,1.0954408037687005,0.218608839212945,0.0725322721838814,1.0265318864660094e-06,-0.0035516271565342802,0.014797332119474989,0.002219599907793277,2.2543440639563683,0.11271720490250627,0.9175171549012368,2.852088551190942,0.5722483396530151,3.3190441225683633,0.8573680715279551,3.8690066127975746,0.9994331558191099,-0.14206508429115472,3.3190441225683633,27.633970638249767,0.01952676684059572,0.022033171614777927,0.001119984044755079,0.04051407668676624,0.04048304412089785,3.1032448373039154e-05,-0.02111718025886509,0.4098849727114713,0.3642937444061432,0.2258212629044798,0.08561245410629581,0.05886230402385359,0.061342900321045876,8.0,1.3812173475952265,0.4924423015444849,22790.0,0.22920703789840619,0.5143394083881906,0.25645355399835695,0.9411761494464164,16.0,1.6481680319000218,0.4562280404610903,24567.0,0.18626126214530203,0.49298810729030745,0.32075063057788555,0.9999926983012547,16.0,1.458902626722068,0.5115089371554916,29082.0,0.1438124536774517,0.46227238758043243,0.3939151585760226,0.999761245692427,16.0,1.956228710498974,0.3695792880199551,55948.0,0.1420690698802249,0.4594114383101866,0.3985194916460904,0.9999995260362553,24.0,1.873558106710264,0.42416232743147475,67826.0,0.13801150143420568,0.4487498893681404,0.4132386092199727,1.0,0.6334947229091923,0.5111358574610245,0.9931597769775242,0.6244079130677069,0.5736512058566275,0.9699689855014889,0.6349958205628309,0.5879310586989562
15,0.0002886199901104373,427.54718548600067,13464,False,0,2824.81494140625,3182.0,1.474068378961183,1.077180247063663,0.2148246012500654,0.07177702760677933,8.655862335343493e-07,-0.0036183352360720598,0.013365441079386193,0.0020048162427616116,2.2379830373571337,0.11189915357101336,0.9168205092500472,2.850914707294788,0.554732620716095,3.3063630112917712,0.8540923148160062,3.866655121087455,0.9988257223512815,-0.14473340753527528,3.3063630112917712,27.285762358610356,0.018918541148372416,0.02266278419101372,0.0017055386840460715,0.04073832525787253,0.04070025355245606,3.807167169790296e-05,-0.02113764613826321,0.41204910976078124,0.3721101791265554,0.21584069117939522,0.08434504898593752,0.05893837276655033,0.060372661524230216,8.0,1.4023580018943111,0.48401214265786824,23632.0,0.23454982433721785,0.5124494603690136,0.25300071524965,0.9326028910158752,16.0,1.6792582380862573,0.4461155443768038,24077.0,0.19000830190801427,0.4947795782745219,0.3152121193830262,0.9999912468038958,16.0,1.4414022749978184,0.5160579338227035,27802.0,0.14445044580916966,0.4621820339304414,0.3933675205536474,0.9995517304392999,16.0,1.9411579003141874,0.37422392089508344,55186.0,0.14267930866124476,0.4609143953356334,0.39640629583131914,0.9999952607279582,24.0,1.8032125480380392,0.4417541331549191,64553.0,0.13793363736460934,0.44761030692728493,0.4144560558435756,1.0,0.6435264202863213,0.45879732739420936,0.9848176876327459,0.6322095291167457,0.5825797296352855,0.9611287769682728,0.6358317079966564,0.591884115798171
16,0.00028626740448684966,428.68389764699987,14362,False,0,2824.81494140625,3182.0,1.4490612918686405,1.057198759102598,0.21088670741737756,0.07141405352054542,7.423741064370736e-07,-0.0036866326020121767,0.013955356207969458,0.002093303513233976,2.2230871567893393,0.11115435961998676,0.91755198718172,2.85171731732732,0.5367498993873596,3.294814412498919,0.8511091069063342,3.8656822360501595,0.9985744091629746,-0.14746530225664028,3.294814412498919,26.972459238804372,0.018642738703432644,0.022863017237609657,0.001872851506874645,0.04095692571456697,0.0408991363617506,5.778935805165319e-05,-0.021138610276455392,0.3937711388266129,0.37068033194923117,0.23554850772701588,0.08272632665763749,0.060014016478615345,0.06010010832669389,8.0,1.366319620097301,0.4980076296847543,23327.0,0.2256466808065052,0.510375710651333,0.26397760842901075,0.9469599224248896,16.0,1.6776047269064513,0.44521301950841674,24545.0,0.18964247409837065,0.4945222755761774,0.3158352501427493,0.999994031104213,16.0,1.4313565548561913,0.5196024909417762,28693.0,0.14082040952919478,0.46204936200517144,0.3971302286400317,0.9998670174574843,16.0,1.9499941530295428,0.3720004886493625,56137.0,0.14432423070097522,0.46099740293063424,0.39467836656770244,0.9999990520725106,24.0,1.7634131616466309,0.4517766814225395,67325.0,0.13841274899362027,0.45020287850503615,0.4113843729222862,1.0,0.6510153610366087,0.4665924276169265,0.9782011212662224,0.6383393702981331,0.597415316071143,0.9541872141586436,0.6427974366118696,0.6016274193077631
17,0.00028370547536616097,440.8667225429999,15260,False,0,2824.81494140625,3182.0,1.4379433546035059,1.0490328597463556,0.2092470925978273,0.07098372362982543,6.106920436610164e-07,-0.003770210772636691,0.0157946654864655,0.0023691999155246485,2.2016015998987224,0.1100800817183484,0.9159497021860603,2.8483720643421777,0.5184536576271057,3.284451338036431,0.8484321406025545,3.8682610764640173,0.9992405697051965,-0.15080842910264203,3.284451338036431,26.694380674189777,0.01901704821169995,0.02225683171562509,0.0013188610362355687,0.04102239580069442,0.04096025642319144,6.213936461336104e-05,-0.0211455155043456,0.40127684188061835,0.3741999056721361,0.2245232318018525,0.08589560878242983,0.06085215905277892,0.06227829090085908,8.0,1.3830839766866092,0.49236989657334673,23372.0,0.228791123717061,0.50702014134352,0.2641887347733257,0.9444131514379907,16.0,1.7136577551191081,0.43565884592735826,24331.0,0.18761235342406027,0.49245685605968925,0.31993079061019697,0.9999823750857131,16.0,1.4524863855962267,0.5140490522142646,28605.0,0.14302834971927958,0.46329683034687175,0.3936748200999419,0.9998154645886448,16.0,1.887360749916039,0.390816637260454,53429.0,0.14275531912895117,0.4614298444466679,0.3958148361280082,0.9999989336438594,24.0,1.760772516877845,0.45113816409301366,63113.0,0.13674526686989621,0.4504752522219294,0.41277948030193395,1.0,0.6554738932042217,0.5155902004454342,0.9728191010830428,0.6411256617442185,0.6021324102086331,0.9482954593713185,0.6439119531903037,0.6062067898474738
18,0.0002809381530573832,437.87437900499935,16158,False,0,2824.81494140625,3182.0,1.4220698255307374,1.0365214979450523,0.2068041988666219,0.07046826623411068,5.601585420717767e-07,-0.003832835509204364,0.015048611392056025,0.002257291803715134,2.197016999643873,0.1098508517718405,0.9134069455581805,2.871263307971829,0.5,3.274541330053505,0.8458722097492752,3.86804838707722,0.9991856281579385,-0.1533134184086633,3.274541330053505,26.431180694608248,0.01839376349506761,0.02233328393023784,0.001397451711521749,0.04131012284200644,0.04117950305886111,0.00013061977305392922,-0.02112110909542331,0.4120327764666273,0.3511898407301952,0.23677736304430733,0.08504779509331407,0.054950472445755426,0.06162476225319238,8.0,1.390346784241052,0.48899899903391464,24891.0,0.23287569753455328,0.5112772177510503,0.25584708416940294,0.9418277738921391,16.0,1.7302017100797666,0.43047870916962155,23810.0,0.19081679014058575,0.49447883104425955,0.31470437803451634,0.9999866847990448,16.0,1.4547274811580357,0.5135533697320532,28735.0,0.14282256996755363,0.46347093959081226,0.3937064906020179,0.9997548620140022,16.0,1.9117271601748926,0.3840621128507557,56040.0,0.14219790627961457,0.4590557701583359,0.39874632331290966,0.9999996149148382,24.0,1.7479498006486234,0.45491628662276495,63055.0,0.1359239340190782,0.44941739948043596,0.41465866644494837,1.0,0.660036922219513,0.5044543429844098,0.963733978143938,0.6455837280579548,0.6088052704238318,0.9391385618110459,0.6475341320702146,0.6098888544457595
19,0.0002779697045709368,436.80660184099906,17055,False,0,2824.81494140625,3182.0,1.4011495616676923,1.0202099002762528,0.20352334330757857,0.07017901247724947,5.397017980653264e-07,-0.003909335892105172,0.016029926031395046,0.002404489002366907,2.1748324190379806,0.108741622700394,0.9139294297976107,2.8405371353068096,0.4815463423728943,3.2627620250562783,0.8428294058254493,3.868115010923085,0.9992028384037769,-0.15637343257832764,3.2627620250562783,26.12166326188581,0.019248874748633748,0.022268422727426594,0.001315797682869038,0.041275629115915834,0.04122441494796853,5.12141272253565e-05,-0.02111670137875971,0.3991008465060196,0.3602888033309407,0.2406103287157276,0.07991216264400675,0.05334039989519802,0.05797326326432005,8.0,1.3764745644206948,0.49405950886888717,23689.0,0.22979450679005176,0.5095460894667636,0.260659403998034,0.9415105208341902,16.0,1.7216872164828472,0.4329120052629406,24257.0,0.1910070199043824,0.4930829783408029,0.315910001682668,0.9999954381965371,16.0,1.483979512786553,0.5053727139732034,28334.0,0.14497210813762876,0.4609967437407171,0.3940311474240625,0.999910900097763,16.0,1.88562500394621,0.3928181093299421,55701.0,0.14052611223144207,0.4536248142878552,0.40584907358295386,0.9999991558268218,24.0,1.7186082218494645,0.46425617071290787,64809.0,0.13674986764558691,0.45104501892387683,0.4122051131756869,1.0,0.6695809676408095,0.49665924276169265,0.9530791598596623,0.6466982446363889,0.6141678614704407,0.9286561860915976,0.6539426023962106,0.6150289588992577
20,0.0002748047070392305,440.66774798699953,17953,False,0,2824.81494140625,3182.0,1.385226173781897,1.0081407930240673,0.2010265476019381,0.06962144587317033,6.38940153086281e-07,-0.003959408028162138,0.015407333468613553,0.002311100112966885,2.161701013602667,0.10808505240568668,0.9168205092521233,2.8627729086032327,0.4632501006126404,3.2546871113982285,0.8407435126927311,3.867793669134743,0.9991198301713932,-0.15837631747866213,3.2546871113982285,25.911577194635345,0.017872253377072954,0.02241131097119587,0.0014598771704955405,0.041738320258944805,0.04151313391552499,0.00022518649724514927,-0.02110600869289955,0.39088137984678595,0.36630082865810065,0.24281777093069087,0.08292702774519606,0.05861333027334625,0.06041134523350499,8.0,1.4107509037266497,0.4812125106906562,23940.0,0.2338702096954326,0.51036189275146,0.25576789764705393,0.9403201513390227,16.0,1.7246077008878364,0.4312416188287288,23220.0,0.1905579175650212,0.49246813374783305,0.31697394934321416,0.9999982671364958,16.0,1.4485769985760968,0.51557080193603,28746.0,0.14367860421943723,0.46135809225113256,0.3949633038865307,0.9999620256812941,16.0,1.9019784210841812,0.3883571367716149,55702.0,0.13903321125584672,0.45263610031417995,0.4083306881227008,0.9999995260362553,24.0,1.7389891263712718,0.4594408596748302,65553.0,0.13671542556230465,0.4496304852207849,0.4136540888432006,1.0,0.6741439966561009,0.48329621380846327,0.9489349934609032,0.6517135692393424,0.6193284754487058,0.9234239988321712,0.6581220395653385,0.6243786013262494
21,0.0002714480406590546,445.1516799120018,18851,False,0,2824.81494140625,3182.0,1.366298823945595,0.9935019526421337,0.1979830105927817,0.06904755354398902,6.130812211544933e-07,-0.004022364252786687,0.01686425867127693,0.0025296389023458086,2.1451685195050727,0.10725842765082327,0.9164721864234143,2.8530302216148065,0.4452674090862274,3.245170607246772,0.8382852306526745,3.8680258143213484,0.999179797123715,-0.16089456647104045,3.245170607246772,25.666163922967307,0.018418402255006804,0.022318966665185395,0.0013673522709076174,0.04174376838759152,0.04155866381380039,0.0001851046220077512,-0.02114960272744256,0.38967983125124717,0.35652135138730234,0.253798797048763,0.08097102201579984,0.05547502891265751,0.060714668070620356,8.0,1.421411190985836,0.47675724828906385,23282.0,0.23325766812833634,0.5117059876342532,0.2550363452007514,0.9418124010613638,16.0,1.743410049014972,0.42474312783782436,23501.0,0.19057963577103784,0.49264420541278114,0.3167761587995717,0.9999976301812765,16.0,1.4568050533938988,0.5127194917826091,28782.0,0.1415254301395597,0.4596058667119242,0.3988687034557886,0.9999292206542487,16.0,1.8952818738450459,0.38950641440549627,52451.0,0.13778385478094737,0.44958496548949356,0.4126311792837024,0.9999997630181277,24.0,1.7182432692137883,0.46328341475187984,62166.0,0.13455815919089031,0.44452495948598736,0.4209168815748574,1.0,0.6829565641436484,0.5055679287305123,0.9465729635583554,0.6497631652270828,0.618573936476867,0.9179257159446998,0.6600724435775982,0.6218170181313828
22,0.00026790488116667133,436.3543894180002,19749,False,0,2824.81494140625,3182.0,1.34968245256582,0.9805787218879759,0.19559466833179118,0.06877022668246445,5.085953035765932e-07,-0.004085499935362471,0.015621965122103417,0.002343294859249954,2.1296107965002506,0.10648054155290154,0.9167160124013307,2.842129448264149,0.42775166034698486,3.2361345023312302,0.8359510435771201,3.868766146089188,0.9993710375209185,-0.16341999394379836,3.2361345023312302,25.435268954525814,0.018745154560467655,0.022103363209531834,0.0011727360196317265,0.041725993636935736,0.04158605150913465,0.00013994202616932327,-0.021149699460160848,0.4079440468134288,0.34904195695026546,0.24301397749060452,0.08677201158461466,0.05457320504219846,0.06284030428336429,8.0,1.4205202538954924,0.47749942378454846,23375.0,0.23254248057335553,0.5115285521224772,0.2559289668640201,0.9422773057263683,16.0,1.7184791010522082,0.4325600984861885,23507.0,0.18960273989226703,0.49238493345350076,0.3180123270305373,0.9999840041513066,16.0,1.4757947599822656,0.5076719885763693,27601.0,0.1417857317784732,0.45904141988283065,0.399172848662578,0.9999636848180735,16.0,1.9114929497306334,0.38546428487253453,52933.0,0.13780397398009928,0.4494354547247285,0.41276057143894673,0.999998459746552,24.0,1.7132293002276324,0.46743438624966965,64232.0,0.13596993787071748,0.44696929624197834,0.4170607661753722,1.0,0.6876240900066182,0.47438752783964366,0.9428612811215311,0.6511563109501254,0.6228158680197204,0.9112833172008167,0.6603510727222067,0.6220883691675285
23,0.00026418069185720465,435.3342488420003,20647,False,0,2824.81494140625,3184.0,1.3322848268900427,0.9665297833749329,0.19291728418199092,0.06824539965832552,7.272075593030121e-07,-0.004103703061443447,0.016301439153416877,0.0024452159684253275,2.1250022824536656,0.10625011573835552,0.9155317147932704,2.865598178515261,0.4108523428440094,3.2280983251938853,0.8338751565671365,3.8635486857121824,0.9980232751379027,-0.16414811857076617,3.2280983251938853,25.231840290791222,0.012378991310430175,0.02294415247152426,0.002201384070411344,0.04281514633369465,0.04231019853300413,0.0005049478352899056,-0.0210276174546949,0.3972239894265935,0.35102747629198633,0.25174851441977975,0.08418709736319602,0.05324859221207111,0.06137981563142161,8.0,1.420535342841733,0.4778965458384443,23282.0,0.2320068157162677,0.5142875302298415,0.25370565450234267,0.9452378119295088,16.0,1.6986375839268677,0.43865610025320945,22746.0,0.1918091103001163,0.4948129740818204,0.313377915551626,0.9999873071318282,16.0,1.4664376125037057,0.5100247808984963,27131.0,0.14202418182602022,0.46118279028106596,0.3967930279427418,0.9999779617488685,16.0,1.897361515744186,0.3888982529685292,52929.0,0.13675145236064518,0.449610193859734,0.4136383534142156,0.9999990521389479,24.0,1.7086710334799955,0.4669474766476907,61033.0,0.13649582801243784,0.4478369192689841,0.41566725235057767,1.0,0.6926051064126232,0.47438752783964366,0.9423999376833755,0.6550571189746448,0.6237339046227978,0.9092567254321826,0.6623014767344664,0.6226096092644875
24,0.000260281215160635,443.57420223400004,21544,False,0,2824.81494140625,3184.0,1.3078976308104844,0.9475675455276286,0.18907911311179113,0.0680347397378995,9.43649237300304e-07,-0.004153024439157128,0.01767447762552808,0.0026511717508555604,2.0943427851234238,0.10471714085245723,0.916959838379247,2.868480983267608,0.3947135806083679,3.223342085836358,0.8326465348605431,3.866429766192199,0.9987675086524885,-0.1661209737919454,3.223342085836358,25.111991469084174,0.013715722049638411,0.022624626480298043,0.0018522378885461295,0.04308947861031632,0.04256008406183954,0.0005293945514288266,-0.020960453058294817,0.39080770367771994,0.36148319506936694,0.24770908192536636,0.07960236689784383,0.05385923943096594,0.06108792234891974,8.0,1.4212472929866997,0.4773753854215172,23306.0,0.23295488476383677,0.5158152188696356,0.2512298966405816,0.941944369882695,16.0,1.7327144708025188,0.42818117405396694,23174.0,0.19268437497414592,0.49535627312523023,0.31195935156532306,0.9999952012146648,16.0,1.4911140045936488,0.5034368405139801,27884.0,0.14246819710182568,0.4607836776159829,0.3967481252738868,0.9999854853233037,16.0,1.8870486751520055,0.3922050347472355,54719.0,0.13455213137247907,0.44913534512755354,0.4163125235856092,0.9999993779661845,24.0,1.732344702010228,0.4617264811810524,61819.0,0.13488333909824402,0.44401677613942003,0.42109988427236084,1.0,0.7020446549862412,0.49665924276169265,0.9375097233128434,0.6592365561437726,0.6291560181424288,0.9056585507992085,0.6645305098913347,0.6247467774664424
25,0.00025621246378738883,441.1696465690002,22442,False,0,2824.81494140625,3184.0,1.2909666606511163,0.9341544829888496,0.18627230219602411,0.06756089391981161,1.035805195078076e-06,-0.004180884446386645,0.017898693378162075,0.002684804114509758,2.089480747475744,0.10447403900731449,0.9145215786031979,2.8806379108228977,0.3794730603694916,3.2174555657238724,0.8311259423188686,3.8648573116198315,0.9983613165557071,-0.1672353742368385,3.2174555657238724,24.964616796772635,0.012178989065998996,0.02294123218779523,0.0021652137738794584,0.04413789610395864,0.043192694799628034,0.0009452012848178948,-0.020967316297807306,0.38477207240737293,0.35792860991051506,0.2572992971540224,0.08069775259555198,0.05284241010151756,0.06420053944812784,8.0,1.4349643508071432,0.4720455806605963,22414.0,0.23350641069790842,0.5190752217847604,0.24741836842253953,0.9405235917745345,16.0,1.7258873645686867,0.43088271719808385,23477.0,0.19429513857636965,0.4963136500653945,0.3093912113250172,0.9999889509298945,16.0,1.5062412296850782,0.49919211175080574,27746.0,0.14328751109418228,0.4613873408517891,0.3953251483919246,0.9999812644885548,16.0,1.839339132812887,0.4071113965174485,53137.0,0.1351872210269637,0.4514812810137635,0.4133314977158424,0.9999997630181277,24.0,1.7178865110011736,0.4668532308127349,61917.0,0.13495215466932767,0.4434531659574036,0.4215946793649641,1.0,0.7060155351980215,0.4766146993318486,0.9357753232117316,0.6609083310114238,0.6350420593935011,0.9029257734627669,0.668988576205071,0.6328165782338567
26,0.0002519807114571748,444.383392275,23339,False,0,2824.81494140625,3184.0,1.2737982197051851,0.9203104856677877,0.1836154375127596,0.06746418826810668,9.86681658301514e-07,-0.004221742166449347,0.018925240704592977,0.002838786222408394,2.075801450988459,0.1037900742470259,0.9142777526252815,2.904006606687336,0.36526086926460266,3.2127970615405435,0.8299225677458644,3.866525545418875,0.9987922506258652,-0.16886968288000087,3.2127970615405435,24.84856812382339,0.014198514679205137,0.022650825174536995,0.0018698392627499495,0.04368922910296376,0.043025274564271986,0.0006639545736115048,-0.021010167297514228,0.3862574206908264,0.3569265387911064,0.256816019294462,0.08421533301863503,0.05495164199343644,0.065321079064121,8.0,1.4647700947576474,0.4611548184476521,23323.0,0.23803280072206986,0.5205532825808237,0.24141391636751516,0.9480016765921188,16.0,1.727793641916541,0.4302717951924131,22602.0,0.1928631051512712,0.49677749541453664,0.3103593993371314,0.9999857962187557,16.0,1.5133838879866528,0.4970308582944437,27715.0,0.14210017770087607,0.46039151850362575,0.3975083041302799,0.9999824787715107,16.0,1.8333196101332663,0.4089286737996519,53267.0,0.13643828777927827,0.45110814495766655,0.41245356740163924,0.9999995557108935,24.0,1.695149119177924,0.47209847612151606,59968.0,0.1357161841993069,0.4457787884575574,0.41850502768933634,1.0,0.7164303876833049,0.49443207126948774,0.9347097504334916,0.6636946224575091,0.6351854157139943,0.9009641582635692,0.6667595430482028,0.6315106268437939
27,0.00024759248322536243,443.65757840100014,24236,False,0,2824.81494140625,3184.0,1.2583721495956923,0.908866988221133,0.1813971543485225,0.06708960166397777,9.664115397867835e-07,-0.004251668069266665,0.01828579970082792,0.002742870064226702,2.050524877361662,0.10252624556677602,0.9175519871827581,2.840740744723534,0.35219821333885193,3.208309222232702,0.8287632790303263,3.8666716704544153,0.9988299980341793,-0.17006671900385295,3.208309222232702,24.737303761895447,0.017034753361959712,0.02289784225164233,0.001765000309188333,0.043656164936685254,0.0431296970470642,0.000526467848595488,-0.021061182113446025,0.388506676958764,0.36098905395965697,0.2505042483536584,0.08031955306970727,0.05200366714989455,0.06130582904818477,8.0,1.440840984022793,0.4708729600371967,23024.0,0.23381707244112623,0.5194159765083914,0.2467669510613822,0.9419560544318658,16.0,1.7538091280878165,0.4216268652741689,23752.0,0.1938913980686219,0.496447825292513,0.3096607768490769,0.9999915132590182,16.0,1.571911532654899,0.47922768550667544,29560.0,0.14173079553478093,0.46117905071608933,0.3970901536743877,0.9999872330853739,16.0,1.8431652594046175,0.40540993329815045,53599.0,0.1377515032440564,0.4537418845836851,0.40850661215564915,0.9999997630181277,24.0,1.6959882351110511,0.4717695838786196,57966.0,0.13590658691861696,0.4465521924331846,0.4175412207701732,1.0,0.7219687206102616,0.477728285077951,0.9356923627800249,0.6642518807467261,0.6342666388475836,0.9002916278132292,0.6701030927835051,0.6355966911687548
28,0.00024305454542182016,444.9939448410005,25134,False,0,2824.81494140625,3184.0,1.2469245974781447,0.9000874442127232,0.17949107715706827,0.06676956743371495,1.020549370360179e-06,-0.004280164338276037,0.019301289515008917,0.0028951935412166213,2.0392093034850096,0.10196046679905786,0.915914869905577,2.8535135698947975,0.34039655327796936,3.2052546960856003,0.8279742406695908,3.868029734371573,0.9991808104961036,-0.17120656982651283,3.2052546960856003,24.661866654538866,0.016775344033297057,0.02252391758932353,0.0014819069127654885,0.043438101443819724,0.04303398947237473,0.0004041120191947828,-0.021017719890519142,0.38569862384702963,0.3624703368394783,0.25183101937191926,0.07893646546449111,0.051899527516408736,0.060943257635610926,8.0,1.4549472730790665,0.4645592960945852,22312.0,0.23447296195015846,0.5190528879914231,0.24647414962917108,0.9468171277233557,16.0,1.7578088474969613,0.41984283952650064,23503.0,0.19245124880489567,0.49401503068770714,0.3135337210082722,0.9999964453383521,16.0,1.58493966971816,0.47517208483090506,29106.0,0.14077017527531546,0.4604116519930271,0.39881817251833146,0.9999773100528719,16.0,1.893373714863949,0.3902648856725898,56223.0,0.1394277033759881,0.4547426238935807,0.40582967284410126,0.9999997630181277,24.0,1.704542348275983,0.47008266058115633,59631.0,0.13590258815523648,0.44678825312944004,0.4173091583748323,1.0,0.7231878504998432,0.49888641425389757,0.934848023278031,0.6636946224575091,0.6358132913869147,0.8968115482332979,0.6723321259403734,0.6393444307825309
29,0.0002383738952177247,441.32559377100006,26031,False,0,2824.81494140625,3184.0,1.2268755332716639,0.8842656090282057,0.17638162978889094,0.06627694035521901,1.1029088265627127e-06,-0.004289065274064819,0.020345142051816846,0.0030517714278008637,2.023750846307643,0.10118754387416745,0.914695740011843,2.8793498355520404,0.3299565613269806,3.2010433069445248,0.8268863645407626,3.8651966421476844,0.9984489715960113,-0.1715626070552487,3.2010433069445248,24.558276341582562,0.014085058247410815,0.022987756207925307,0.0020955575554580685,0.04484233171229946,0.04397125417710684,0.0008710775958353251,-0.020984677694746476,0.38016709187668674,0.3628038696503788,0.2570290184036775,0.08735916391780639,0.0588980735561816,0.0660973585569301,8.0,1.4548952316032848,0.46428329218201697,23049.0,0.233150253533744,0.5194838190262269,0.2473659272490219,0.9464074634904419,16.0,1.7698706415588237,0.41632756436895507,23498.0,0.19111558958629052,0.49476941862036233,0.31411499163296336,0.9999958233045366,16.0,1.5709887257920832,0.4790953576415305,29418.0,0.1408786928231425,0.4599676961910679,0.3991536111103595,0.9999867443787757,16.0,1.8621959486552144,0.39924403901961186,54387.0,0.140380748210334,0.4569603906149417,0.40265886104444487,0.9999985781419846,24.0,1.7025292099628784,0.47082553469709953,62229.0,0.13700800974348537,0.44909150381024143,0.4139004870691229,1.0,0.7340903549409593,0.5022271714922049,0.9383098381945402,0.6639732516021176,0.6376900435751421,0.895083202296693,0.6765115631095012,0.648469404354824
30,0.00023355774983643048,437.88206204000016,26929,False,0,2824.81494140625,3184.0,1.2104366545542815,0.8714444826561861,0.17374323240992476,0.06647173309538253,1.3732832226230217e-06,-0.00430223362912473,0.01986398038500516,0.0029795971748400388,2.001969310481528,0.10009846721510048,0.915496882512787,2.866830365993066,0.32096734642982483,3.1897166191279656,0.8239604798582074,3.8559090468638444,0.996049821169184,-0.17208934131097658,3.1897166191279656,24.28168635152592,0.004510856982108518,0.023645645550213836,0.0032170693529044742,0.046500473677216166,0.045082318427626326,0.0014181551876252083,-0.020965654302147464,0.3801737963694457,0.36577230511698594,0.2540538789093725,0.08700298846184246,0.05917534567596081,0.06660644742114745,8.0,1.468616989186334,0.45929708567390315,23314.0,0.23518749776554312,0.5198217602731824,0.24499074146870414,0.9422088698091965,16.0,1.7616387442065247,0.41887052174130884,22455.0,0.190344155068835,0.4962366693348067,0.3134191752366625,0.9999836043004535,16.0,1.5683620362459685,0.47984591278728717,28929.0,0.1417522770350553,0.45993598101924604,0.3983117419654222,0.999985263186017,16.0,1.8621058804583013,0.39980529910336593,51922.0,0.1407185193222474,0.45787792940316496,0.40140355134932965,0.9999997630181277,24.0,1.694539430734485,0.47290478791204454,60609.0,0.1369856817021656,0.44725166155882623,0.415762656298861,1.0,0.7384443902608938,0.4910913140311804,0.9359964459146355,0.6703817219281136,0.6456007191127731,0.8931808067118766,0.6801337419894121,0.6537727326392803
31,0.0002286135354250343,445.95356271499986,27827,False,0,2824.81494140625,3184.0,1.186826828650627,0.8525865078678309,0.1700643152361849,0.06619075095446644,1.5794510094887333e-06,-0.004337120551210842,0.022147840015641317,0.0033221761365962704,1.9799724854210992,0.09899862590228548,0.9166811801187712,2.884256137891882,0.3135055601596832,3.18327924493438,0.8222975912290604,3.8548738435499885,0.9957824093951938,-0.17348481816613331,3.18327924493438,24.12627672738028,0.006067225123186667,0.02397382534142956,0.003384895505037605,0.04930086246656252,0.04627068052437845,0.003030182004185191,-0.02092624847540732,0.37540879469936994,0.36630834154858644,0.25828284313467886,0.08559758544436376,0.05659440981414343,0.0672621491638183,8.0,1.4937516099387083,0.4499061814383108,23030.0,0.23352631498534973,0.5168882804050803,0.24958540409468088,0.9479742647110098,16.0,1.7810945602464694,0.4131032225168745,22745.0,0.1900634382364788,0.4939564136397216,0.3159801479078783,0.9999962083896984,16.0,1.573215822336579,0.47861869844914795,28684.0,0.14279064017364634,0.46149753223097834,0.395711827791573,0.9999835900018995,16.0,1.8789178620037845,0.39547049783419624,52577.0,0.13942051317150006,0.4540566562175784,0.4065228305221654,1.0,24.0,1.6723913215968862,0.4786009272679403,59385.0,0.1377840549975562,0.4476922985993274,0.4145236468764822,1.0,0.7489289073112961,0.5278396436525612,0.937828737867679,0.6667595430482028,0.6391100945917808,0.8921179507030488,0.6804123711340206,0.6515906697211294
32,0.00022354887560379475,437.6479700300006,28724,False,0,2824.81494140625,3184.0,1.167460851611345,0.8377023515704117,0.1672867626803514,0.06584425136073763,2.8142671505063812e-06,-0.004389091478861507,0.020738575782065914,0.0031107864881622024,1.958059566585641,0.09790297993837546,0.9142080880570483,2.854681361551639,0.3076348602771759,3.1589570786828487,0.8160147442123916,3.8385992761382264,0.9915783996014657,-0.17556365538907404,3.1589570786828487,23.546518901285612,0.004966911369153975,0.025959074309589415,0.004814648131993924,0.054482598303959594,0.05040425613440521,0.004078342204240949,-0.01995290366703658,0.37437552568485566,0.36705467156296906,0.2585697829600864,0.07907866937227685,0.05320316328059469,0.0632900216267732,8.0,1.4830868051212291,0.45392077459807,22616.0,0.2328731650954699,0.5178779058851058,0.24924892905835236,0.9468016362397033,16.0,1.7924980970878843,0.4088436083090817,22946.0,0.19023078725558387,0.49547561673855783,0.31429359618285146,0.9999916021147635,16.0,1.5800462707364866,0.47603758391016365,28299.0,0.14309510430130673,0.46071293982053824,0.39619195595289697,0.9999881217985377,16.0,1.8787127690420051,0.3947257272995952,50410.0,0.13987525816781174,0.4540392549426841,0.4060854874152932,1.0,24.0,1.7169052405501697,0.465785331349084,58486.0,0.13638858169316206,0.44564501779626464,0.41796640057441536,1.0,0.7540492528475391,0.49443207126948774,0.9373239861719785,0.6681526887712455,0.6404093268907359,0.8921121813255155,0.6787405962663695,0.6535855271877757
33,0.0002183715797110622,434.5533843060002,29622,False,0,2824.81494140625,3184.0,1.1530034688785618,0.8266807323738036,0.16485412643431555,0.06540767038034385,3.930413251936046e-06,-0.004500054076578424,0.020757561819510773,0.003113634399832252,1.9488685950213844,0.09744343133066485,0.9177261485965935,2.868055723450011,0.30340537428855896,3.151030620988324,0.813967198676386,3.8478551586700163,0.9939693580966305,-0.1800021594202445,3.151030620988324,23.360916720018306,0.008527819728887859,0.026743230654875345,0.004264122752395616,0.06096187331089427,0.057413695982504155,0.0035481772632260738,-0.017699467956868244,0.3750606100426111,0.3734000278343879,0.25153934282919194,0.0771739976807275,0.05629959931376067,0.06051382954166249,8.0,1.492121882820508,0.4497268126787713,22377.0,0.23160537078718668,0.5187186643809808,0.24967596515830962,0.9449641591823522,16.0,1.8119672011164787,0.4030073527713202,23493.0,0.19131805959075152,0.4964954903010411,0.31218645011910723,0.9999842264692198,16.0,1.5803109979034902,0.47640863850101867,29621.0,0.14226103968794532,0.460091459964559,0.3976475000900511,0.9999695199776387,16.0,1.8786122995947816,0.39513728588538183,49791.0,0.13875939580320734,0.45420184254691975,0.40703876179676163,0.9999980006938303,24.0,1.7171929611665269,0.4663015923769464,59263.0,0.13646406637654376,0.44713028170122465,0.41640565170631033,1.0,0.7592044306663416,0.48106904231625836,0.9362513387591834,0.668431317915854,0.6411279251030818,0.8894012825307689,0.679019225410978,0.6533082210961607
34,0.00021308963076184547,440.35546257699934,30519,False,0,2824.81494140625,3184.0,1.1277720473179635,0.8066811854822135,0.16109680509201024,0.06517999688900893,7.194065423706318e-06,-0.004630463761944303,0.022560696409054157,0.003384104593817503,1.9210645151120036,0.09605322737603463,0.9153923856640706,2.8767478529896797,0.3008531630039215,3.103149626753232,0.8015986870123204,3.8201678430130124,0.9868172337162718,-0.18521854670395144,3.103149626753232,22.269913936924457,0.004082831847811183,0.030710533731680454,0.006142035995966997,0.07402514547640064,0.0699293189483371,0.004095826620144753,-0.013831321612400646,0.37594197159974635,0.3622003571680876,0.2618576507673995,0.08136851280427303,0.05551528912419755,0.06378973350398588,8.0,1.4996944284434104,0.4473582977863924,22225.0,0.23255341014973674,0.517412082651673,0.2500345068861272,0.9419758547277941,16.0,1.8181404311844056,0.40109273189328887,22797.0,0.19281696586666355,0.49649250624035257,0.3106905284026826,0.9999895730301472,16.0,1.6029379162537092,0.4693221041345601,28703.0,0.14296626776229493,0.46141974417188913,0.3956139877336294,0.9999730295698788,16.0,1.8927856124162865,0.390825655826884,49396.0,0.14008175644886947,0.4576468322868693,0.4022714114775872,0.9999997630181277,24.0,1.721490443676732,0.4651330960040232,60287.0,0.1355641979400157,0.4460432439042822,0.4183925579506807,1.0,0.7677383398934132,0.5055679287305123,0.9396021118666276,0.6678740596266369,0.6423592749974621,0.8896719187074599,0.679019225410978,0.6488931157900871
35,0.00020771117313858088,437.2388530440003,31417,False,0,2824.81494140625,3184.0,1.1099735909363848,0.792966449147353,0.15831320404667992,0.06495283963293354,9.6963734773393e-06,-0.0048127325675593165,0.022951104802880866,0.003442665859249768,1.9020294057313474,0.09510147170506875,0.9167508446849282,2.8653200919478077,0.30000001192092896,3.0609488443478075,0.7906974753809805,3.8061910334822318,0.9832067743601389,-0.19250929897915853,3.0609488443478075,21.35061896468094,0.004145641079619322,0.0355505418088075,0.007194803279153921,0.0858182570565797,0.07920072217335616,0.006617534824734046,-0.012465956301693965,0.3654848957625239,0.3712414960622198,0.26327358813402757,0.08051268255384851,0.05664407337921561,0.06532170665583237,8.0,1.5111086432257559,0.44251694201513736,22904.0,0.23038794401328622,0.5190907564692714,0.25052129948993324,0.944964825480023,16.0,1.8430811374795122,0.39389257679090567,23845.0,0.19234282762853408,0.49743921992119305,0.31021795232570293,0.9999836042007976,16.0,1.652537377842575,0.4546745219754344,28732.0,0.1426368270332385,0.4602301156260492,0.39713305734330745,0.9999935275987047,16.0,1.9146277190849257,0.3847508352188744,49229.0,0.13927512681292384,0.45677162706800056,0.4039532458725309,1.0,24.0,1.7180886711503418,0.4659423362866619,58794.0,0.13561316334151555,0.44586945290230645,0.41851738347122425,1.0,0.7746351318401895,0.4933184855233853,0.9417755645641414,0.6714962385065478,0.6429144472919004,0.8905093112540597,0.6868208414600168,0.6607186907612805
36,0.00020224450003308517,434.9895743779998,32315,False,0,2824.81494140625,3184.0,1.0933834675578407,0.7805120546685154,0.1558508772478652,0.06479209375427042,1.1530964626649279e-05,-0.004941443883942997,0.02243711833461479,0.003365567886292188,1.8758557576610493,0.09379278945179931,0.9166463478362117,2.8513484402607094,0.30000001192092896,3.0179633239937567,0.7795935514317133,3.783136206737211,0.97725130303858,-0.19765775160686677,3.0179633239937567,20.45174290457964,0.0038908962245990733,0.03846636768047029,0.008409480866378374,0.0918340807275661,0.0846961006426675,0.007137980542790481,-0.01204969946994042,0.364850137019806,0.3622879256208579,0.27286191650736463,0.07824725418319572,0.05316457827989927,0.06383462125896315,8.0,1.5284443946005786,0.43577306961402024,22421.0,0.23099367314153357,0.5200140639496488,0.2489922630967107,0.9429249454181584,16.0,1.8411957738151112,0.3950870168053779,24162.0,0.19076115758616938,0.4967317855054173,0.31250705654300814,0.9999758432126477,16.0,1.650398107431057,0.45524378998754017,29158.0,0.1430318225379515,0.4584552093423178,0.3985129679593469,0.9999864924983373,16.0,1.9171105315598986,0.38407835017414427,48522.0,0.13932756785875727,0.45356130286059315,0.40711112908964237,0.9999999259431649,24.0,1.7240533906383952,0.46452334665625966,58627.0,0.13693320135866538,0.44781450257745964,0.41525229611941245,1.0,0.7805217875927409,0.48552338530066813,0.9420740994679028,0.6781833379771524,0.6501458597057178,0.8893225269750753,0.6884926163276679,0.6616038349627323
37,0.0001966980406590546,439.83906731500247,33212,False,0,2824.81494140625,3184.0,1.0691464774648225,0.7612737879687008,0.15192063369334166,0.06456811656230312,1.246695348746253e-05,-0.005037462158032791,0.02392292668107178,0.0035884391380993468,1.8564099313020332,0.09282049811222799,0.9165766832721308,2.8626803310069673,0.30000001192092896,2.982212679418278,0.7703585255075022,3.7622538076481344,0.9718570080980736,-0.2014984825905714,2.982212679418278,19.734017747336036,0.003769570893948882,0.03968349458751162,0.00925620419929828,0.09760381337639978,0.08958606590817618,0.00801774734148018,-0.01187395897524173,0.3645047517934228,0.3638998355562441,0.27159539291014834,0.07734831290445364,0.05208014701429989,0.0633375564952582,8.0,1.524935680117709,0.4372874157990303,22605.0,0.22903882979977122,0.5220525515914533,0.24890861816343798,0.9383819101247848,16.0,1.851106270083174,0.39274929697483935,24135.0,0.19324329094678083,0.49812078163281576,0.3086359265790372,0.9999857519133769,16.0,1.6629706678389173,0.45106053716515443,28690.0,0.1451536373433916,0.46067268695135866,0.3941736756029986,0.999982226924291,16.0,1.931155896584622,0.379900668457287,49816.0,0.13951445834702045,0.45284126590854457,0.4076442759686609,0.9999995260362553,24.0,1.7514065991848498,0.45668493053740294,55850.0,0.136146369764451,0.4467863527619148,0.4170672775898995,1.0,0.7913546274687381,0.5066815144766147,0.9495393674198915,0.6703817219281136,0.6403834767726161,0.8940541971091873,0.6876567288938423,0.667223944399313
38,0.00019108034725482856,441.24837816500076,34110,False,0,2824.81494140625,3184.0,1.0511143890587844,0.7472718832443748,0.1490637489848428,0.06432408433288295,1.3137832661272228e-05,-0.005119666072355628,0.024044840253562304,0.0036067261834275897,1.8390894943637457,0.091954476242638,0.9155665470768679,2.840633770495133,0.30000001192092896,2.9629585643875807,0.7653848443676916,3.7557288002056812,0.9701714834730438,-0.20478663910535225,2.9629585643875807,19.358481335180706,0.0037504582890638045,0.03898969770197755,0.009529884580903362,0.09888147373888999,0.09228433821912328,0.006597135341589509,-0.012593059904535735,0.3567621801727813,0.3595629679633099,0.28367483151748374,0.08310711947031466,0.05392411480575002,0.06891630253752902,8.0,1.521073624886682,0.438149978952467,22484.0,0.2289574064693006,0.5206146834578367,0.250427909638425,0.9423462006090626,16.0,1.8632819602397206,0.38855512925560287,24424.0,0.1934129871611494,0.49905136840180453,0.3075356443264902,0.999978776052249,16.0,1.716198064237101,0.4355246480513468,30389.0,0.14371682050333257,0.459383122306611,0.39690005705977704,0.9999951123589196,16.0,1.939284371392946,0.37657595291178886,50616.0,0.13799854311940896,0.45107571191206225,0.41092574526749664,1.0,24.0,1.7475126504175567,0.4566753808109359,54723.0,0.1348649111650569,0.44486270793914595,0.4202723798717284,1.0,0.7962311470270647,0.5111358574610245,0.9559337991165497,0.6773474505433268,0.6508285194273778,0.9000674566707095,0.6890498746168849,0.6680497058791269
39,0.00018540008189645783,439.5750331870004,35007,False,0,2824.81494140625,3184.0,1.0415653239730225,0.7399485085824302,0.14769345729802982,0.06420119590269655,1.3824395635395315e-05,-0.005234152655283599,0.0241976823897678,0.003629652506593114,1.8262567999113057,0.09131284158632355,0.914173255775527,2.8709394580589,0.30000001192092896,2.9322684538094923,0.7574570444132733,3.742766719132017,0.966823146638379,-0.20936610222510557,2.9322684538094923,18.77123905657443,0.004724743798974753,0.03806074798092095,0.010091979256589917,0.10021191092707021,0.09611208828844708,0.004099822875906169,-0.01308165181538101,0.3620417512845061,0.3628282553993749,0.27512997273197287,0.08078033139094103,0.05307691869434902,0.06629774271933203,8.0,1.52777334385944,0.43611843859129157,22711.0,0.230025137295863,0.5212849679567576,0.24868989443180226,0.9410298594200539,16.0,1.8676491845774799,0.3877048953080934,24125.0,0.19314533257593228,0.49833101973837085,0.30852364764417356,0.9999821822431262,16.0,1.7283191197535275,0.4319429898343825,29362.0,0.1428047019742143,0.4593638549728318,0.3978314429865166,0.9999857519133769,16.0,1.9340208382719284,0.37837182002766157,48937.0,0.13867777982634757,0.45287543924617446,0.40844678075308005,0.9999999259431649,24.0,1.7577335616090528,0.45347609463466027,54282.0,0.13588336058833755,0.4455526896969993,0.41856394992227974,1.0,0.7989480650667038,0.5055679287305123,0.9608379457946208,0.6776260796879353,0.6534479787874892,0.9025773297581177,0.6882139871830594,0.6669215957900523
40,0.00017966600314141116,435.5282488929988,35905,False,0,2824.81494140625,3184.0,1.0112247744582863,0.7161266779907072,0.14299681707461462,0.0637107188622154,1.2651535359857013e-05,-0.0053350664721138474,0.02426437193213733,0.003639655938259968,1.8014664513476237,0.09007332414303534,0.914033926644251,2.8588633934089294,0.30000001192092896,2.932303433350342,0.7574660798184463,3.7584280018240244,0.9708687352130952,-0.21340265539464892,2.932303433350342,18.771461390349437,0.005690703037583183,0.036293927757760115,0.009401138558796429,0.09762932261139162,0.09376354451347092,0.0038657782408355133,-0.014474912025100605,0.3637920076655488,0.3636617642677816,0.2725462089721725,0.08247356004217558,0.05393283047891987,0.06822562877569807,8.0,1.5256627461533963,0.43731485179688157,22400.0,0.22780213566821564,0.5195739363016241,0.2526239281355257,0.9449164134057829,16.0,1.889130673470295,0.3814519032996344,24288.0,0.19364138902232308,0.49762616942031757,0.30873244148261736,0.9999894249600765,16.0,1.7461239239975943,0.42631620573849677,29555.0,0.14282459136672293,0.4588101666845404,0.3983652420317833,0.9999827455608958,16.0,1.94241863954835,0.37561776468595115,47944.0,0.13874466015499146,0.4535376818371756,0.40771765776128827,1.0,24.0,1.793585187020465,0.4438050581926902,52593.0,0.13559960275955918,0.4453955889537112,0.41900480862462564,1.0,0.8087359364659166,0.4888641425389755,0.9713302913998189,0.6779047088325438,0.65468007303446,0.9092104473828805,0.6890498746168849,0.6638920547483904
41,0.00017388695252351449,432.3559000940004,36802,False,0,2824.81494140625,3184.0,0.9926139128214804,0.7018033353619418,0.14026830174381044,0.0638689805413784,1.1915030709028907e-05,-0.005434578190982916,0.02354544687134714,0.0035318171748139316,1.7712828872565827,0.08856414590471964,0.9153923856671848,2.8721790604716104,0.30000001192092896,2.9319866526990133,0.7573842490025418,3.7735204126623185,0.9747673730009123,-0.21738312399837056,2.9319866526990133,18.76551538648316,0.006740321123100481,0.035054130483132065,0.008785233844476869,0.09672817370815293,0.09319830193802657,0.0035298719880832215,-0.015325687443924787,0.35537875114806355,0.37119216765350566,0.2734290606672269,0.08226942174582236,0.055861170101220374,0.06791862328144121,8.0,1.5347440564448467,0.4339903904072996,22156.0,0.22962653590322452,0.5208541107566392,0.24951935309618675,0.9399970791598897,16.0,1.8847240684938396,0.38257062464424085,24088.0,0.19321818879963715,0.49831483301114354,0.30846697852140587,0.999986818325574,16.0,1.7445021617740186,0.4271347977208296,29606.0,0.14374601029711104,0.459540074988133,0.39671391480610724,0.9999859739530838,16.0,1.9560936125863901,0.3725901024045688,47864.0,0.13822724830166266,0.452158289657391,0.4096144621572116,0.9999999259431649,24.0,1.7872152871450098,0.44602535044002145,53060.0,0.13616869790335054,0.44671097609365557,0.417120325704026,1.0,0.8159113866731686,0.4766146993318486,0.9797805143983691,0.6787405962663695,0.6515638315509387,0.9138582601092857,0.6929506826414042,0.6664019239276043
42,0.0001680718409199467,437.30081386799793,37700,False,0,2824.81494140625,3184.0,0.9735662746925232,0.6866801082184789,0.13734502892730635,0.06338301741785483,1.1097343318164524e-05,-0.005523183277763265,0.02388147102096833,0.0035822207981167724,1.7617597146867863,0.08808798715472221,0.9144519140360028,2.8771312628849044,0.30000001192092896,2.932004480809726,0.7573888546006466,3.7872585672134518,0.9783161819892607,-0.22092732738861406,2.932004480809726,18.765764594347967,0.007772816068316778,0.03372213396958504,0.008174317296364836,0.09611421990892458,0.09325910086008343,0.002855119049189861,-0.01589609503750185,0.35872352413404673,0.365202330026122,0.27607412480723337,0.08022735820423162,0.054148958169948705,0.06585063157897246,8.0,1.5532921076842396,0.4263770233208726,22142.0,0.2316883936544634,0.5212619692401712,0.24704963749257028,0.944109347194725,16.0,1.8853554390097051,0.38255723732039904,24221.0,0.1933609535872548,0.49905383413523696,0.30758521233823605,0.9999764208974848,16.0,1.7472924391151807,0.426476990865388,29859.0,0.14415712593603236,0.4595896351779241,0.396253238653513,0.9999916612854896,16.0,1.9769903444530466,0.36662364967203454,47464.0,0.13820036157060972,0.45306705374147016,0.40873258516388117,1.0,24.0,1.8039344199843415,0.44202218118549874,53910.0,0.13632852851974955,0.445911641241785,0.4177598306261894,1.0,0.8243756313351214,0.49665924276169265,0.9857957509939769,0.6795764837001951,0.648665395383817,0.9144557379985394,0.6910002786291446,0.6663111009641842
43,0.0001622296348113128,432.8486697160006,38597,False,0,2824.81494140625,3184.0,0.9579500967924188,0.6747219007405298,0.13502131191917405,0.06336022132480235,1.0410298154971244e-05,-0.005581653668054725,0.02427515499349601,0.0036412733985732217,1.7355326889882439,0.08677663595281578,0.9153575533815111,2.8386232349590146,0.30000001192092896,2.936037575091151,0.7584306745511901,3.8003456862378324,0.9816968176298378,-0.22326614307864773,2.936037575091151,18.841480887742986,0.00844563440085568,0.032148788073080525,0.007540870360713357,0.09549831470430548,0.09244799948396999,0.003050315259141934,-0.01622092669450891,0.3590335052312116,0.3599753898240385,0.28099108520767946,0.08352183758472341,0.05541673448098844,0.07049619275481604,8.0,1.549693483822838,0.4275868810569776,22479.0,0.23166717139774948,0.5242225646706907,0.24411026369072458,0.9382460606484757,16.0,1.9078540868729923,0.3760046369582908,24325.0,0.1940985847974447,0.5012282085963072,0.30467320688030197,0.9999657273707775,16.0,1.756676597403211,0.42357356044880634,29112.0,0.14256179423773027,0.45893042860677563,0.3985077771887128,0.9999868479005561,16.0,2.0120930059721256,0.35570313326949304,47047.0,0.13691749080941365,0.4516869577342031,0.41139555170811837,1.0,24.0,1.8072496731954208,0.4412915450767845,55021.0,0.13534417604209611,0.4450706947054948,0.41958512941590714,1.0,0.8277543627433905,0.4799554565701559,0.9886917705554489,0.6792978545555866,0.6523965830816784,0.9151593301249069,0.6937865700752298,0.6686112047596904
44,0.00015636934245598073,440.9232538039978,39495,False,0,2824.81494140625,3184.0,0.929667990282165,0.6530066278977447,0.130582177382653,0.06322847516784441,1.0205991089666658e-05,-0.005632583192466632,0.02607196319031198,0.0039107946392647405,1.6912458768612273,0.08456229530340396,0.916298025010617,2.857537743921435,0.30000001192092896,2.9297489659523546,0.7568062162228216,3.801943419931276,0.9821095401816634,-0.2253033239588418,2.9297489659523546,18.723732143116287,0.009264449537147623,0.03183735703983355,0.007470430221514101,0.09580399632726934,0.09263092293110947,0.0031730735564382577,-0.016787696446930296,0.35526697222971154,0.36292311883864636,0.28180988864646384,0.07988603076247106,0.0549596973629559,0.0683321613501662,8.0,1.5557380077453478,0.4250141345998694,22226.0,0.23201940384031633,0.5230168381215321,0.2449637583594382,0.9396922229524648,16.0,1.9087430712380227,0.37533061421898706,24561.0,0.19285709243696633,0.5000603870956197,0.3070825211676009,0.9999793237281853,16.0,1.7600413070850651,0.42197965134659665,29746.0,0.14342778065539383,0.4583239214711978,0.3982482976657918,0.9999954974108627,16.0,2.014339013592801,0.3548550806290022,47314.0,0.13742769046958211,0.4522691244652845,0.41030318472464217,1.0,24.0,1.840180764539957,0.43269952951049295,54277.0,0.13606790356576004,0.4456678052235307,0.4182642918724871,1.0,0.8376815632728413,0.512249443207127,0.9968906295070346,0.6795764837001951,0.6517715392402923,0.9192918217690351,0.694901086653664,0.6698427869811407
45,0.00015049999999999997,437.8168599169985,40393,False,0,2824.81494140625,3184.0,0.9132011854028647,0.6398436048693649,0.12825932487777428,0.06288059662227292,9.608673489584286e-06,-0.005699373025713398,0.025793172856623147,0.0038689760829731857,1.6807689811124618,0.0840384504885668,0.9178654777257934,2.8536285007214643,0.30000001192092896,2.9346396496786817,0.7580695658638799,3.817176375528119,0.9860444833664375,-0.22797491750255755,2.9346396496786817,18.815213270299324,0.010483585765068922,0.030295589387537777,0.006624951004090411,0.09494340923654734,0.09146198982788048,0.003481419629259474,-0.017314987557323597,0.3518075652329948,0.35645980811645595,0.29173260771072645,0.07699613451174989,0.051033457278740264,0.06643422218480492,8.0,1.5638466615521416,0.42179229947200136,22402.0,0.2328723060683632,0.5200290664111257,0.24709862797155813,0.9432250476584397,16.0,1.9162689587627195,0.3725701164257116,24335.0,0.1940587840959019,0.4993593573223532,0.3065818585760354,0.9999699927455119,16.0,1.7991229128350101,0.41040582071111686,29490.0,0.14296238769227682,0.45792707500028745,0.3991105372768123,0.9999930684110323,16.0,2.0198596268845574,0.3529655047314075,47111.0,0.13638922337217763,0.45107343836099595,0.41253733804260057,1.0,24.0,1.8844616931410492,0.4201018815711771,52743.0,0.13529807340960098,0.44483327648329835,0.41986865008789614,1.0,0.8428715733742033,0.5011135857461024,1.0054631439149462,0.6745611590972416,0.6445183238281419,0.9254865287970487,0.694901086653664,0.6719729551395182
46,0.00014463065754401926,439.8622767579982,41289,False,0,2824.81494140625,3184.0,0.9048544013631843,0.6333960039334352,0.12683087010701508,0.06279024132134074,9.163619063988469e-06,-0.005705602208058402,0.0263876372008759,0.003958145737829156,1.6715116040319389,0.08357558165169496,0.9160890313162982,2.8584722672856135,0.30000001192092896,2.9362459955155993,0.7584845128612976,3.819747294895975,0.9867085975358103,-0.22822408467451272,2.9362459955155993,18.845260474685922,0.01067807582341683,0.03048209512626441,0.006470514689160004,0.09409717010744371,0.09142038691448291,0.0026767831991974136,-0.018017663589951105,0.3451138389904076,0.3570280955460981,0.29785804570981456,0.07762340016268862,0.05058590860784276,0.06787936038249832,8.0,1.5720285920996482,0.418562924829935,22287.0,0.23390458280744794,0.5205766678670303,0.24551874985702027,0.9430514644225308,16.0,1.9255611045286902,0.3697951465316724,24281.0,0.19370377466683103,0.5002468692062167,0.3060493557724469,0.9999831746524684,16.0,1.8075345555809774,0.4077871551753344,29081.0,0.142832418286114,0.45896152891378267,0.3982060531764084,0.9999871589953201,16.0,2.04102639785908,0.3462603873205665,47031.0,0.1363770128814125,0.45216363609893895,0.4114593516341936,0.9999996297573478,24.0,1.9075916854020358,0.41357050573087967,51439.0,0.1351274861033016,0.4456147470919041,0.41925776667191966,1.0,0.8449615103277718,0.5077951002227171,1.0110648711699568,0.673168013374199,0.6423312975323848,0.9313654693663037,0.6882139871830594,0.6669683337709216
47,0.00013877036518868718,430.33204795799975,42187,False,0,2824.81494140625,3184.0,0.8808925012970981,0.6150942511508538,0.12333548752110705,0.06258447364303812,8.258340698647772e-06,-0.005752210268607596,0.023978842137736784,0.003596826461255872,1.640508286984281,0.08202541578768555,0.916298025010617,2.8429590341684325,0.30000001192092896,2.947497549764232,0.761390990141546,3.838216016848071,0.991479396915572,-0.23008840677402598,2.947497549764232,19.058536593918767,0.012130015217715817,0.027982839622754982,0.0051589917870905845,0.09190367469370413,0.08970580574711179,0.002197869117746259,-0.018461332454373792,0.34578200400118553,0.36243210932300685,0.29178586716607735,0.08025483503637196,0.05316420061209948,0.06809063549382696,8.0,1.5722044437190466,0.4183930786323089,22199.0,0.23156071972783038,0.5241052572902183,0.24433402267156457,0.9419860434347802,16.0,1.9249581431656564,0.3697470254403778,24245.0,0.1931174831060229,0.5000098997254644,0.30687261648182085,0.9999878697416252,16.0,1.8175724771454722,0.40482325688990156,28692.0,0.142989230168298,0.46011745849162783,0.3968933113094507,0.9999941643982115,16.0,2.0383053026734492,0.3466048871514989,46374.0,0.13598338725167491,0.4513548736147233,0.4126617388595479,1.0,24.0,1.9183810334282196,0.4103778399782182,51507.0,0.135730905089098,0.4453249021841942,0.4189441922476326,1.0,0.8535302518374029,0.4688195991091314,1.0156985176875086,0.6753970465310671,0.6438309532232476,0.9346639144118366,0.6873780997492338,0.6644964325343433
48,0.00013292815908005326,437.5174107570019,43085,False,0,2824.81494140625,3184.0,0.8589767438415583,0.5981796705746477,0.11987490402661445,0.06250345670399178,7.640750558397078e-06,-0.005778807608371852,0.025485052561750814,0.0038227580372630675,1.6073424368676332,0.08036712316813117,0.916507018709088,2.8389102319651434,0.30000001192092896,2.9527452935278573,0.7627465766115437,3.8475823097706687,0.9938988773761911,-0.23115230076464746,2.9527452935278573,19.158716008648977,0.013361766509429643,0.02700369876355484,0.004387227344695876,0.09108757864185717,0.08897591750135724,0.0021116613293580277,-0.018815205718304254,0.34551140934041,0.36344617085545045,0.2910423998127388,0.07778390521442027,0.051824618101985756,0.0664135727378313,8.0,1.5750169104312985,0.417053026493874,22273.0,0.23230352695905335,0.5243528158571941,0.24334365730001792,0.9441235793239374,16.0,1.9477276315991043,0.36384889838787626,24673.0,0.19297629538953995,0.5001264523096213,0.3068972527524048,0.9999895136497284,16.0,1.838803497675075,0.398888222742672,29568.0,0.14393685473367718,0.45951067045288957,0.3965524749572077,0.9999948754102659,16.0,2.0295176343561745,0.34937250943965203,45551.0,0.1355672954854856,0.45084165278499727,0.4135910518706964,1.0,24.0,1.9221391544151365,0.40912136023493617,50467.0,0.13466527705000064,0.4448205650157949,0.42051415731965935,1.0,0.8600787209585844,0.5,1.0242438732863601,0.6773474505433268,0.6517197499101677,0.9415077811398191,0.6884926163276679,0.6664342092176242
49,0.00012711304747648543,431.8447850049997,43983,False,0,2824.81494140625,3184.0,0.8476589007675596,0.5890997648695893,0.11806774550744652,0.06223440794188893,7.720749629348171e-06,-0.005811402571570129,0.02492878084010999,0.0037393172795878895,1.6064269640502264,0.0803213496016265,0.914312584905765,2.884131235357005,0.30000001192092896,2.9517945669766084,0.7625009858117024,3.8516788450111736,0.9949570850974037,-0.2324560992857012,2.9517945669766084,19.140422110630805,0.013983568597440021,0.026485671656000385,0.003991804521707276,0.09138439283106593,0.08917814732691001,0.0022062458054432563,-0.018962104980995997,0.3489896387018552,0.356234167501335,0.29477617289189606,0.0786702792875225,0.0509848480135137,0.06758188378284989,8.0,1.5757755598116205,0.4168189916288829,22107.0,0.22909997878804128,0.5217661347802461,0.24913388747498594,0.9433297671873603,16.0,1.9423620856548618,0.365028722613262,24220.0,0.1918002689567586,0.499474449992375,0.30872528101193825,0.9999898396534391,16.0,1.8418383567226673,0.39801971374823175,29745.0,0.14325001306296964,0.4589867716874236,0.39776321500877154,0.9999906247783851,16.0,2.0464518230334856,0.3444896345560593,47391.0,0.13663299768834059,0.45254364317394175,0.4108233590852945,0.9999993927754754,24.0,1.9420676579557288,0.40428475460237484,51371.0,0.1354312517028928,0.44555628832042055,0.4190124593123136,1.0,0.8645024208436379,0.4755011135857461,1.0284026478884047,0.6795764837001951,0.6538693073024496,0.9411329905878505,0.6898857620507105,0.6682167604103773
50,0.00012133399685858881,433.8523088889997,44881,False,0,2824.81494140625,3184.0,0.827692583657477,0.5740803916101617,0.11516061693761095,0.06205387626334689,7.976249304670845e-06,-0.0058263901505713886,0.02398802738965934,0.0035982042553116813,1.5723581986255981,0.07861791122517889,0.9152878888174303,2.8526179603226667,0.30000001192092896,2.9508722956400066,0.7622627464140166,3.8530773699123735,0.9953183486313899,-0.23305560221737331,2.9508722956400066,19.122772894457402,0.014299129577156814,0.026473887815950572,0.00385366903412535,0.09210909649575573,0.08968553923620874,0.0024235573684970374,-0.0190430676087121,0.3464008017685675,0.36230660366299483,0.2912925733811654,0.07971944911813215,0.052094349484834775,0.06895243652156371,8.0,1.5883604881303297,0.4119326812524466,21990.0,0.23170015244213382,0.5215728377933815,0.2467270095293589,0.9442045570619885,16.0,1.9395779371884447,0.3661793725605756,24293.0,0.19201578628903102,0.4993175342655667,0.30866667944799747,0.9999843001481927,16.0,1.8695500893272108,0.38961321150892403,29077.0,0.1437593241210492,0.4592748712123493,0.3969658045695408,0.9999900768014047,16.0,2.032382059074037,0.3484340959687505,45612.0,0.13678593651223753,0.4511990911651087,0.41201497253286556,1.0,24.0,1.9466463287670024,0.40265311241843343,50256.0,0.13450696700395945,0.4434555203834336,0.422037512676449,1.0,0.8715733742032116,0.4821826280623608,1.044836236195632,0.6753970465310671,0.650718608870289,0.952304736971357,0.6893285037614935,0.6691964880988529
51,0.00011559991810354217,430.6036088360015,45777,False,0,2824.81494140625,3184.0,0.8094750964395337,0.5599882284539999,0.1126241834212082,0.06176599668223862,7.346624607846357e-06,-0.005834188276607999,0.024032951250198456,0.003604942831284788,1.5463717460513984,0.07731858872245972,0.9161586958814172,2.867046214025336,0.30000001192092896,2.9497902616072134,0.7619832370771111,3.85320286025132,0.9953507644437798,-0.2333675273666686,2.9497902616072134,19.10208907265736,0.014446276223668546,0.02602958998416203,0.0038368906553284104,0.0920540453230493,0.08976480134033668,0.0022892437894588918,-0.019325715296569672,0.3420613280996193,0.358927157232557,0.2990114954020429,0.0810853163253186,0.052451847771283804,0.07099928329904574,8.0,1.5908861872818432,0.4107534247701779,21991.0,0.23117990436098526,0.5209581483439794,0.24786194654242522,0.9425861610485645,16.0,1.95509496234777,0.3608438422221982,24114.0,0.19304478239129091,0.500401067465524,0.30655415009076187,0.9999822416567637,16.0,1.873468537312191,0.3885470732899643,28987.0,0.14440475813526732,0.460686689599886,0.3949085521485814,0.9999887289254824,16.0,2.058648117217505,0.34085467936846564,45719.0,0.13736659330500633,0.4509004916536542,0.4117329154425585,1.0,24.0,1.9639397552965194,0.3980089695142883,50462.0,0.13405393497888818,0.4430022022300116,0.4229438625336557,1.0,0.879062314953499,0.46993318485523383,1.0574683919860381,0.6753970465310671,0.6498696253620435,0.9616232016319749,0.6904430203399275,0.6719247695190373
52,0.00010991965274517138,437.63808243699896,46675,False,0,2824.81494140625,3184.0,0.7947373060357289,0.5483683206751129,0.11033373603893072,0.06187786677865703,6.818354097258284e-06,-0.005841776499246182,0.02482714781249519,0.003724072318049329,1.5253653829231724,0.07626827040057801,0.9173081612048418,2.855673022261732,0.30000001192092896,2.951659538291698,0.762466105314344,3.856247160459554,0.9961371615021957,-0.2336710561878517,2.951659538291698,19.13785699632226,0.015120580257619722,0.025710293574379945,0.0034742229233960336,0.09151132434752922,0.08925593060329169,0.002255394017772368,-0.01950246085484136,0.3446264513595512,0.3564917417372559,0.29888178789174236,0.07992805299389064,0.052172143841583724,0.07033939510786304,8.0,1.5877442878342924,0.41158828078577264,21267.0,0.22723440802063272,0.5206910424618816,0.2520745495564138,0.9428776741534417,16.0,1.9658478290177905,0.3579200671068275,24516.0,0.1933507053488088,0.5006257146882381,0.3060235799380391,0.9999823155703433,16.0,1.891875380428986,0.3826988034757179,29475.0,0.1444748520862554,0.45934978583613184,0.3961753622078921,0.9999915576972717,16.0,2.074478483116196,0.33646533071212065,45607.0,0.13829921576704715,0.45314384160559523,0.40855694269639015,1.0,24.0,1.9735532162136251,0.3957292923345067,51283.0,0.13394493125167575,0.44310162455884716,0.42295344412303976,1.0,0.8830331951652792,0.5,1.066144439927646,0.6779047088325438,0.6500348161247178,0.9684886533126554,0.6926720534967957,0.6711237352596193
53,0.00010430195934094535,437.17396952200215,47573,False,0,2824.81494140625,3184.0,0.7793404558903372,0.5369853572584858,0.10792107003324727,0.061604231508664314,6.531784716685168e-06,-0.005850517109341123,0.024325619795339527,0.0036488431161507333,1.5004988157072399,0.07502494208546108,0.917099167510523,2.857230625911966,0.30000001192092896,2.9550441380657286,0.7633404085398543,3.8609852316470152,0.9973610891597914,-0.2340206806199371,2.9550441380657286,19.202693370173453,0.01598848843610779,0.02499943859040843,0.0028843336105642534,0.0909744678677974,0.08877516424468229,0.002199303384818322,-0.019548401986549023,0.34267440039854347,0.3599620260439172,0.2973635537820598,0.07966134491788211,0.05222489581102716,0.06955325768488387,8.0,1.598406928834374,0.4075916074087903,22318.0,0.22975951166757783,0.5234720715015982,0.2467684170659497,0.943443550230663,16.0,1.975509315325327,0.3546558092227114,24462.0,0.19265569617408682,0.49962487230086144,0.3077194322309481,0.999981678637962,16.0,1.889639781574341,0.38328380372989407,29359.0,0.14475031133177071,0.4602334696491076,0.3950162187035444,0.9999891880446414,16.0,2.0784849021754432,0.33495905287188793,45285.0,0.13711744326660968,0.45297845530179426,0.4099041020767646,0.9999999259431649,24.0,1.9778255127603148,0.39437195191546465,51399.0,0.13464991448897962,0.44480668315444316,0.4205434018448024,1.0,0.8870040753770595,0.5011135857461024,1.0834518478719861,0.6728893842295904,0.6474692888315996,0.9812014014583406,0.6918361660629702,0.6707948445836406
54,9.875549996691475e-05,436.4350748910001,48470,False,0,2824.81494140625,3184.0,0.7591076940074892,0.5209598003657386,0.10504198969843047,0.061352653275211014,5.9632780694905025e-06,-0.005853248879078213,0.024933680278094377,0.003740052190387094,1.4772097354602272,0.07386048805200737,0.9175171549001986,2.863868703147561,0.30000001192092896,2.955880189515808,0.7635563746249897,3.8622442883480854,0.9976863260428448,-0.23412995141785514,2.955880189515808,19.218727900626547,0.016483227891132577,0.024903948205048303,0.0026869036799924842,0.09075024463240225,0.08846213204094623,0.0022881125778392835,-0.019616936585958727,0.34373338074203136,0.3597750568367885,0.29649154149965706,0.07606853453153153,0.05124666772684444,0.06645633994063065,8.0,1.6118166529109574,0.40211373252523014,22092.0,0.22999633271389236,0.5229491128198671,0.24705455442731244,0.9429415625636284,16.0,1.971231224519539,0.355795650839652,24511.0,0.1918045340460202,0.49952720187189453,0.3086682640711854,0.9999832190927981,16.0,1.903140169362787,0.37934989280127496,29578.0,0.14531694314632965,0.4608933654657879,0.39378969153477117,0.9999903284825312,16.0,2.0818895322326716,0.33377703525931274,45457.0,0.13718552311874657,0.45423674899427496,0.40857772793680647,1.0,24.0,1.9633477391101768,0.39802768012316253,52239.0,0.1349684405002546,0.4458370101101417,0.41919454933666145,1.0,0.8952593263436553,0.4977728285077951,1.0965672426816313,0.6726107550849819,0.6472783752926191,0.9883173201269477,0.6935079409306213,0.671762505534056
55,9.328882686141906e-05,439.09555543700117,49368,False,0,2824.81494140625,3184.0,0.7434204326718532,0.5089906816439526,0.10274452595201429,0.061298882097536304,5.989736286826544e-06,-0.005856492063899022,0.024544904031540193,0.003681735750403258,1.4511022227070973,0.07255511241647894,0.9175171549012368,2.85916930544841,0.30000001192092896,2.9568477240163182,0.7638063063803061,3.8637140251807964,0.9980659851202742,-0.23425967873996809,2.9568477240163182,19.237312830986408,0.016783010624545056,0.02486017196710049,0.0024718883968385596,0.09050149238737837,0.08844225284085469,0.0020592398037735937,-0.019748588752553912,0.3393074120001225,0.3629766798550077,0.29771588835278096,0.07676251301111574,0.05278231341115023,0.06789659236267864,8.0,1.6029629117746853,0.4054868114225468,21133.0,0.22934067986596485,0.5223886424078621,0.24827067793949906,0.9420429571817867,16.0,1.9904326529474468,0.3503184153425012,24499.0,0.19247298963281517,0.4995894324231818,0.30793757806286354,0.9999941051942668,16.0,1.912331399692048,0.37638051942883083,29197.0,0.14521080247099952,0.4594866936711907,0.39530250385780974,0.999987247986016,16.0,2.094500557000811,0.33011174557716344,45025.0,0.13796067474900237,0.4543871777253804,0.40765214767250596,1.0,24.0,1.9882682459934649,0.3912013338241562,51036.0,0.13478465270894777,0.4455769430966523,0.41963840441032113,1.0,0.9005538332926957,0.5066815144766147,1.1123413230157821,0.6728893842295904,0.6469888819140303,0.9983947277401244,0.689607132906102,0.6689908404898818
56,8.791036923815453e-05,445.2016737919985,50266,False,0,2824.81494140625,3184.0,0.7305280033772408,0.49874702013250205,0.10066126586470411,0.06134087682923116,5.602057486887637e-06,-0.0058637156891907264,0.025568954747800455,0.003835343369387726,1.4360322394807006,0.07180161324091953,0.9181441359862692,2.8501396538625046,0.30000001192092896,2.957158704989756,0.7638866377601828,3.86514356902095,0.9984352617034752,-0.23454862394329232,2.957158704989756,19.24329105787647,0.01730524431040155,0.024390436837649437,0.0022035974670301327,0.09067378703539447,0.08850902424423691,0.0021647628470599363,-0.01974691134343896,0.3372245370073168,0.35601420214986795,0.3067612412002103,0.07738202759836646,0.049868278664616676,0.06904354916068718,8.0,1.6167565256895957,0.40029330490325504,22224.0,0.23186566494256045,0.5218377232534965,0.24629661166016853,0.9420889268960694,16.0,1.991303636336045,0.34992189840063115,24589.0,0.19294606869262837,0.49907850659650554,0.307975424234386,0.9999886844851529,16.0,1.9350160347297982,0.36993373459216516,29670.0,0.14517055720577726,0.4597809317167278,0.39504851098925786,0.9999926982701122,16.0,2.0878654914762813,0.33164920240901197,44354.0,0.1381368206187124,0.4542308917038202,0.4076322876691627,0.9999998518967106,24.0,2.018521281995969,0.3831015165839816,50016.0,0.13457755969565524,0.4446194057290783,0.4208030343012126,1.0,0.9032010867672159,0.532293986636971,1.1197935812451376,0.6698244636388966,0.6448666921075018,1.0032014249260628,0.6915575369183616,0.6728171913894279
57,8.262842028893775e-05,441.34255182700144,51163,False,0,2824.81494140625,3184.0,0.7178231410822602,0.4891816432637403,0.09863744326318115,0.06086913603982929,5.65989074403812e-06,-0.00587380483265507,0.024863391802695367,0.0037295089209587674,1.4254710819992829,0.07127355535583887,0.914904733709276,2.871015432972267,0.30000001192092896,2.9555170142732403,0.7634625602816543,3.865064164447728,0.9984147496771392,-0.23495218939548493,2.9555170142732403,19.211740911598636,0.01733096324417593,0.0240494413134931,0.0021958589969828515,0.09088707971160342,0.08887963147559565,0.0020074483987921445,-0.01970077780929162,0.33053805413982446,0.3632436316752202,0.3062182957652121,0.07994697178536238,0.053516783024727094,0.07178659834196842,8.0,1.617043445566164,0.39947824960816447,21453.0,0.2301052130260223,0.5195564162876918,0.2503383707080857,0.9406300429295644,16.0,2.007964506854856,0.34443640655254454,24751.0,0.19260645413127594,0.4988160948983562,0.3085774506822998,0.9999910245628009,16.0,1.9287913938256125,0.371402615646969,29257.0,0.14405218498714042,0.45806522706699426,0.39788258804033083,0.999989765596604,16.0,2.092458435354605,0.32971346641376625,44164.0,0.13803925460894872,0.4536377133327889,0.40832303169026196,0.9999986671326805,24.0,2.0283561334278133,0.3807911883535262,50535.0,0.13465408099929244,0.4443406435710359,0.4210052754769044,1.0,0.9086349228464942,0.5167037861915368,1.1321152937249508,0.6698244636388966,0.6438227329460765,1.0129482198073758,0.6882139871830594,0.6726041846020204
58,7.745112439620527e-05,436.8504089600028,52061,False,0,2824.81494140625,3184.0,0.7054221684813786,0.48021174530411775,0.09686747960453808,0.06091577892012866,5.4598283904722426e-06,-0.0058736578125727626,0.02260343701033002,0.0033905156884985912,1.3980969652515884,0.0699048495431585,0.9168901738141281,2.862370793350795,0.30000001192092896,2.954004423268441,0.7630718310444269,3.8635288055191643,0.9980181396607549,-0.23494630861632806,2.954004423268441,19.182731949642346,0.017126419446230133,0.024350182778891706,0.0024562209830299372,0.091080117316064,0.08905691366018956,0.0020232037504697453,-0.01968025452806067,0.33363369772865165,0.36219559070450197,0.30417069314191275,0.0760036307444181,0.05094429144902519,0.06786752964906415,8.0,1.6197184384847045,0.3984765692999829,21651.0,0.2323578637051912,0.5226599113242522,0.24498222608078635,0.9400217078057546,16.0,2.0033032795890353,0.34596961526571096,25064.0,0.19268127237528843,0.4997533891238307,0.3075653377612468,0.9999948012641556,16.0,1.9365035599271034,0.36938110349270414,29712.0,0.14490220652939056,0.4591190442497393,0.3959787493734683,0.999990432170405,16.0,2.0952828808668587,0.32922854056643686,43935.0,0.13805844790042598,0.454059625117066,0.407881926669526,0.9999997778502563,24.0,2.0283371093293177,0.3809867377675079,49828.0,0.13427612404877035,0.444223983314843,0.42149989253413556,1.0,0.9121529833850012,0.49888641425389757,1.1381240551037919,0.6720534967957649,0.6479844477723347,1.0164638975099056,0.6884926163276679,0.6742231908697839
59,7.238646457496564e-05,434.6925114190017,52958,False,0,2824.81494140625,3184.0,0.6930454662237393,0.47010638665337434,0.09511241985813836,0.061031857555852616,5.213933539647216e-06,-0.005874077844017248,0.021957244921141258,0.003293586872583462,1.3874016311134496,0.06937008279367395,0.9162631927290956,2.892342636571865,0.30000001192092896,2.955173987372965,0.7633739513012844,3.864763413656841,0.9983370611234877,-0.23496310982220334,2.955173987372965,19.205136391912998,0.017341974675795506,0.0239796104428199,0.0022534177563418535,0.09086108818666336,0.08888478754571316,0.0019763006773925915,-0.01977712809344005,0.33685409827056967,0.3584745710137504,0.3046713082546799,0.07323532792829397,0.0484259545746235,0.06435644296377305,8.0,1.6270565253539147,0.39570567779080273,21910.0,0.23190544376650585,0.5233306828688385,0.24476387257623158,0.9422930781962277,16.0,2.0189211023917264,0.3416887192463874,24877.0,0.1922469352964963,0.49894615274606907,0.3088069114176315,0.9999938385045376,16.0,1.9510130721152714,0.36519262279133435,30115.0,0.14498813225228177,0.45923497380352124,0.3957768937365804,0.9999903729540032,16.0,2.102990264491297,0.32695080069020865,43561.0,0.1379486715639143,0.4541860257882908,0.40786530287202083,1.0,24.0,2.025756980255939,0.38152187509369656,49021.0,0.13506258526434367,0.44606336056532137,0.4188740541236213,1.0,0.9171339997910063,0.4888641425389755,1.14881149126182,0.6720534967957649,0.648224692645984,1.0197139090400913,0.6904430203399275,0.6749285043519225
60,6.744225016356949e-05,435.96519222200004,53855,False,0,2824.81494140625,3184.0,0.6720298276417116,0.4546982190809868,0.09201763378886196,0.060529889450582235,4.998497022920787e-06,-0.005875695214293029,0.021881368942104604,0.0032822054715950966,1.3474515332976016,0.06737257779555998,0.9171339997951586,2.857347730035804,0.30000001192092896,2.9562671332861084,0.7636563290481371,3.866107000502894,0.998684133939465,-0.23502780489132793,2.9562671332861084,19.22613705747981,0.01795191360786316,0.023816786166255204,0.001963875466528376,0.09060015287053694,0.08882266971102586,0.0017774830936901293,-0.0198285053913162,0.3327375951096981,0.3614154314904706,0.3058469532091186,0.07644089401882143,0.051478104118092054,0.06718756381474575,8.0,1.6299870731381398,0.3942750328228829,22535.0,0.23070220449826673,0.5227292054993111,0.2465685906725047,0.943956629522974,16.0,2.0306313242457694,0.33783996076023964,24738.0,0.19279313710157414,0.49891787425881,0.3082889889692072,0.9999954233208089,16.0,1.972102791933585,0.35865586143812417,29886.0,0.14492445801676676,0.45869514808484874,0.39638039382935203,0.9999932018399815,16.0,2.1078547864104933,0.32538824712014747,43879.0,0.13719743004552024,0.45306687558256614,0.40973569402571297,0.9999999259431649,24.0,2.0395180234723367,0.3772826919417724,48810.0,0.13487781518967432,0.4453013799291755,0.41982080488374535,1.0,0.9217318610888572,0.4977728285077951,1.163030161536082,0.6678740596266369,0.6393573455007575,1.028041449537115,0.6868208414600168,0.6712219815785895
61,6.262610478227527e-05,440.2139022029987,54753,False,0,2824.81494140625,3184.0,0.6618047293230568,0.44656643422072057,0.09067449525176177,0.06043085582741714,5.082874587263142e-06,-0.005884154282060401,0.021471991744469215,0.003220798887583352,1.3358244120902354,0.06679122175740666,0.917830645444272,2.8474710172086954,0.30000001192092896,2.9566554256755984,0.7637566327135193,3.867805166500955,0.999122800051869,-0.23536616733834978,2.9566554256755984,19.233585331689028,0.018430935501937598,0.023269769489576236,0.0016054828518115274,0.09050307823991596,0.08872041169962351,0.0017826665770470744,-0.019842366870948026,0.330311141641641,0.35685956329465424,0.3128292747785265,0.07720780795378895,0.05031500436842344,0.06890017096183032,8.0,1.6340623071829916,0.39264547650565496,22281.0,0.23035219330866802,0.5214602407431992,0.24818756615834459,0.9443519439412914,16.0,2.0372178577954063,0.33570146171387855,25178.0,0.19247054603286762,0.49879998905647344,0.30872946469162343,0.9999934534525945,16.0,1.9737317229376936,0.35809286010938446,29907.0,0.14476631320082592,0.458089951863213,0.3971437351378682,0.9999934683283227,16.0,2.1221292993359575,0.3212909772615829,44506.0,0.13664606708994712,0.45165721272644926,0.4116967204353387,0.9999995408683839,24.0,2.0618594110005826,0.3716088200114589,48998.0,0.13372108321837395,0.4440100282506429,0.42226888820139186,1.0,0.925598244452959,0.5133630289532294,1.1740642132351211,0.6720534967957649,0.6461793123975593,1.036328285724946,0.6879353580384509,0.6714545235251226
62,5.7945454578179794e-05,440.8085714530025,55651,False,0,2824.81494140625,3184.0,0.6487906320779201,0.43622095958413143,0.08867791683644938,0.060521094909906405,4.9380773767878316e-06,-0.005883089267966378,0.021939251811488095,0.003290887904468067,1.3191585070602971,0.06595792651699127,0.9160890313162982,2.876852272305021,0.30000001192092896,2.9557366545386623,0.7635192972078456,3.8667214804048795,0.9988428639611537,-0.23532356675330812,2.9557366545386623,19.2159363998673,0.018012439452217865,0.023774634584514086,0.0018689998133233758,0.09066609806528476,0.08889619469213911,0.0017699031524394955,-0.01985740987163896,0.3289687729152983,0.3581346272145399,0.3128965799555791,0.07810177408547282,0.051117307973152386,0.06999206303625759,8.0,1.62971202199987,0.39449729964050395,21683.0,0.23095493115791726,0.5216617107603126,0.24738335812900286,0.9446484480616216,16.0,2.033062466666875,0.3368878877427852,24447.0,0.19264684002766677,0.4994008389858497,0.3079523211250676,0.9999928165534318,16.0,1.9769133744666167,0.35740016086845877,29755.0,0.14535285662131073,0.45934057449874277,0.39530656906835854,0.9999956899441008,16.0,2.119887593223606,0.32192481920580374,43558.0,0.13668597900131255,0.4521457825852992,0.41116823831684657,0.9999997038038021,24.0,2.0669825481909223,0.3703408287798849,48814.0,0.13364147154293887,0.44439221107269217,0.42196631796569545,1.0,0.9306489254240831,0.5189309576837416,1.1824698034652132,0.6712176093619393,0.6476569799265647,1.045934839230721,0.6890498746168849,0.6698209427998784
63,5.3407516774637546e-05,431.895686464999,56549,False,0,2824.81494140625,3184.0,0.6442666505607942,0.433087372346758,0.08793071841107976,0.06043664047626821,4.673679631158406e-06,-0.0058825185587219955,0.019536256420084573,0.0029304385871479384,1.315186543613148,0.06575932829812771,0.9157058762060678,2.8652606663723352,0.30000001192092896,2.957157069834768,0.7638862157732497,3.868053519774382,0.9991869545227067,-0.2353007387494571,2.957157069834768,19.243243654459647,0.018579837710123094,0.023499726189457493,0.001556653500647453,0.09052499781066113,0.08869108602805814,0.0018339117430828506,-0.019922388214905388,0.3276249155033145,0.35790050668694673,0.31447455828858956,0.07801105107286431,0.050739532755913294,0.07014045862994135,8.0,1.6353277476621424,0.3923700983671149,22074.0,0.2314295804847507,0.5236498913511163,0.2449205290885458,0.9437504794647537,16.0,2.040593182896533,0.3350741490963057,24870.0,0.19336567779619446,0.4995264167417582,0.3071079045786388,0.9999878697084066,16.0,1.990901349376389,0.3531550326551314,30057.0,0.14603173080478168,0.4603985307433313,0.3935697382966936,0.9999924166133035,16.0,2.1181808235445234,0.32236807455404987,43378.0,0.1367608784607799,0.4530003360757476,0.4102387850150207,1.0,24.0,2.068446846557073,0.36951693376447925,48436.0,0.1333553739759656,0.4445128351405329,0.42213179044594956,1.0,0.9320073844439026,0.47884187082405344,1.1880604002461788,0.6728893842295904,0.6501887978720777,1.0521357407075644,0.6887712454722764,0.6738322024043846
64,4.901928854282519e-05,439.7954668889979,57447,False,0,2824.81494140625,3184.0,0.6262863037294221,0.41961985407522046,0.08554121001238085,0.06021446413263378,4.6570785552258335e-06,-0.005884420188345172,0.020615727443712185,0.0030923592393312187,1.2739636098296503,0.06369818152002724,0.9146957400139192,2.838858084725322,0.30000001192092896,2.9558517562919095,0.7635490298852505,3.8670426709403887,0.9989258335415583,-0.2353768036563077,2.9558517562919095,19.218138129813546,0.017983055729369035,0.02337092597984415,0.001784545235298391,0.09061281458843572,0.08866307738214797,0.0019497372163766217,-0.019946814289270406,0.3311252064468046,0.35739500996020857,0.3114797636119669,0.07841821963740822,0.05109392744279289,0.07092074325918142,8.0,1.6343593835257666,0.3929016167545996,22175.0,0.23204585404504682,0.5233650568045728,0.24458908933567824,0.9423473698765911,16.0,2.0465907447203318,0.33311197885841143,25136.0,0.19319701075591264,0.49940451142630893,0.30739847792573904,0.9999918835681079,16.0,2.0006721508308214,0.3504330090507037,30249.0,0.14593685281522106,0.4599751156821197,0.3940880317019712,0.9999916466194542,16.0,2.128590615848965,0.31905849736961533,43412.0,0.1371100976112814,0.4536160397601853,0.40927386234877,1.0,24.0,2.0745575330097052,0.36814328328773116,48208.0,0.1338886939854145,0.4449635568866453,0.42114774885959577,1.0,0.9370580654150267,0.5111358574610245,1.2004792348492872,0.6740039008080245,0.6485667356853073,1.0607748725481372,0.6859849540261911,0.670884406027615
65,4.478753621261114e-05,434.24211028100035,58343,False,0,2824.81494140625,3184.0,0.6214875661947705,0.41567169342915,0.08461494632852942,0.060037369294626476,4.5712728460172944e-06,-0.00588430159827208,0.019020453291633765,0.0028530681075838327,1.2838044091906018,0.06419022158591493,0.9165070187059738,2.8781066884432778,0.30000001192092896,2.95627784406783,0.7636590958401478,3.8674503947804144,0.9990311557938759,-0.23537205995372804,2.95627784406783,19.22632408753313,0.018134067789627933,0.02353593157925818,0.0017130480824493067,0.09060344105059129,0.08873653488164329,0.0018669061380082606,-0.019955587734219887,0.33014628169155324,0.3554458869421651,0.3144078117620858,0.07654149170587743,0.048881419949352134,0.06940012837536735,8.0,1.6391428734359375,0.3909586389465738,21874.0,0.2337264820656693,0.5238248669842476,0.24244865154542372,0.9412129364889316,16.0,2.0434206725371045,0.33419559177171765,24674.0,0.19279412159812942,0.4988855523700861,0.3083203261148311,0.9999932905836137,16.0,2.006744934766867,0.34875282949591435,30167.0,0.1459803262380245,0.4591151268258647,0.394904546487659,0.9999936015558839,16.0,2.123483801980955,0.32072055541927974,43541.0,0.13677534776702438,0.452644719533227,0.4105799326748346,1.0,24.0,2.0793606275184895,0.3671138651933477,48887.0,0.13372150309073222,0.44509549598039605,0.4211830011723022,1.0,0.9397053188895468,0.48775055679287305,1.2079114300123859,0.673725271663416,0.6451602249271433,1.063541908721201,0.6857063248815826,0.6697960521291797
66,4.071878483936503e-05,438.35491768200154,59241,False,0,2824.81494140625,3184.0,0.6121614091701695,0.40864462775078564,0.08332700605931678,0.0601532821934061,4.355965930131643e-06,-0.005885166009152507,0.018963158152964534,0.00284447383765933,1.2614565497136647,0.06307282859809288,0.9139294297996868,2.8532332467818575,0.30000001192092896,2.956383893638408,0.7636864894509976,3.867690292768848,0.9990931260801291,-0.23540663662913153,2.956383893638408,19.228360011488,0.018264585035289962,0.023204451756974036,0.001636622311332191,0.09056719825885784,0.08868981352266488,0.001877384771585097,-0.0199785224239282,0.33122034686216884,0.3565161044345828,0.3122635287720564,0.07682321582641832,0.04979061693100518,0.0703162912433393,8.0,1.6352602615098668,0.3924428999617064,21687.0,0.23222097798181746,0.5240176434036731,0.2437613783373413,0.9406718512268881,16.0,2.0371175555999494,0.33595261081553346,24828.0,0.19182314233573286,0.4991495414040813,0.3090273165560395,0.9999899730034941,16.0,2.0104728679040114,0.3474271678109458,29677.0,0.1463213630331784,0.45938094542805413,0.39429769193998654,0.9999882400963904,16.0,2.1313256920183328,0.31788281724077516,43706.0,0.1368952909687386,0.451902416266345,0.4112022932299776,1.0,24.0,2.0871481222104675,0.3644554937158642,48797.0,0.13399676978224775,0.4451292319871892,0.4208739977073693,1.0,0.9425615660594239,0.5077951002227171,1.2216267771095113,0.6709389802173308,0.6452635756273354,1.0706932299746281,0.6865422123154082,0.6703675769615324
67,3.6819308142795366e-05,431.61751564299993,60139,False,0,2824.81494140625,3184.0,0.6027091565503028,0.401626702867924,0.08211476898967977,0.05982443149121412,4.254490723997097e-06,-0.005886317273971252,0.01800181077039787,0.0027002717227093014,1.246500858312914,0.0623250439789151,0.9161935281639766,2.8441983893679255,0.30000001192092896,2.9568197817142874,0.7637990886313261,3.868304461237654,0.9992517761341386,-0.23545268750281256,2.9568197817142874,19.236733603043145,0.018524481712024726,0.02297880802753951,0.0014721898928095778,0.09048095624637627,0.08853643985413978,0.0019445163960076458,-0.019994526905319054,0.3304098867988872,0.3548052994687296,0.3147847932146744,0.07521433961827859,0.0483314214673495,0.06818957514524991,8.0,1.6341710119620483,0.39280073505454627,21822.0,0.23268259454254753,0.5229092456545467,0.24440815971466875,0.9406593221702763,16.0,2.047706070292261,0.3330956140439078,24764.0,0.1920136909056924,0.49883758309218923,0.3091487256315228,0.9999928461616326,16.0,2.0107652735297403,0.3472118990974552,30207.0,0.14570521517641855,0.45985621625824263,0.39443856853212017,0.9999871590409958,16.0,2.1329920426519227,0.31738174946676284,43791.0,0.13731561098989348,0.45244669234405105,0.4102376967075788,1.0,24.0,2.0947477958424012,0.3626192898495601,48895.0,0.13382661215196173,0.44492868023746013,0.42124470776577155,1.0,0.9448604967083493,0.4799554565701559,1.2281770873581277,0.673725271663416,0.6494439742422259,1.076151897014433,0.6879353580384509,0.6727080733072273
68,3.3095118833328656e-05,442.1440390750031,61037,False,0,2824.81494140625,3184.0,0.5924795323853009,0.39397436886451775,0.08062981098413824,0.05969388360997353,4.1457662736179335e-06,-0.005885398716961756,0.01799524896122714,0.002699287446633123,1.2272687238180142,0.06136343730497129,0.9145215785990456,2.8499742708110176,0.30000001192092896,2.9564027068648926,0.7636913505088507,3.867745145900508,0.9991072956627699,-0.2354159451539192,2.9564027068648926,19.228714571846552,0.01824485896267935,0.023255214944527005,0.0016288827279044892,0.09046618555741208,0.08854153377059992,0.0019246517670804698,-0.020009938765935768,0.33045791812403796,0.35555249033828296,0.313989571479841,0.07550026944610508,0.04899481845028062,0.06833944115911665,8.0,1.6356453292733337,0.39207713519431914,21800.0,0.23224717623915325,0.5217125817768468,0.24604024169593194,0.9416984255284225,16.0,2.046841323776402,0.3332605555354085,24944.0,0.19257468016918536,0.4992580293546073,0.30816729042637936,0.999989054650987,16.0,2.0029566672749435,0.3491316667833092,29965.0,0.14500955426780993,0.458993443871928,0.3959970020818928,0.9999843744271776,16.0,2.137927699402136,0.3158551846804458,43530.0,0.13708973421298573,0.4528787860940037,0.41003147971792453,1.0,24.0,2.0959388750001153,0.3621468008698131,48884.0,0.13379952523025201,0.44508329307801703,0.4211171818521147,1.0,0.9468459368142395,0.512249443207127,1.2343113968783548,0.6753970465310671,0.6513911671212197,1.0798402936819305,0.6884926163276679,0.673928208226384
69,2.955195934094537e-05,446.968594766,61935,False,0,2824.81494140625,3184.0,0.5898551493514613,0.3919682573045557,0.07998874150609753,0.059684931101430784,4.027140109403607e-06,-0.005887645890065498,0.017931308321585505,0.0026896963539243986,1.228142835621035,0.06140714281794087,0.9159497021881364,2.856022079286001,0.30000001192092896,2.95643955365946,0.7637008683568296,3.8681299617918414,0.9992067002466162,-0.23550583188978663,2.95643955365946,19.229420526560258,0.01856192847082998,0.023157386673171444,0.0015158264333565664,0.09037004146691072,0.08854018546984219,0.001829855848501023,-0.020027493628311514,0.3285896244085696,0.3507868805208269,0.3206234737836753,0.07463364486022239,0.0471577518134131,0.06840212880971311,8.0,1.6432062962730458,0.38909134164537157,22011.0,0.23229751432831416,0.5215966673292475,0.24610581902913023,0.942894823115017,16.0,2.0514916752385366,0.3317843513952751,24590.0,0.1933890770980775,0.49966324364164455,0.30694767927948247,0.9999914687190328,16.0,2.0056006027125877,0.34831240665344176,30087.0,0.14544951909720086,0.45952049661979866,0.3950299838926813,0.9999909356073998,16.0,2.1432386750715513,0.3142871211282163,42824.0,0.13703119159502614,0.4528149264657039,0.410153881288911,1.0,24.0,2.102608041448725,0.36060163830281583,48113.0,0.1338575492053783,0.4454300457647948,0.42071240460628906,1.0,0.949005538332927,0.4977728285077951,1.2456732425360202,0.673725271663416,0.6479783499146158,1.0890557179380573,0.6873780997492338,0.6715479578506619
70,2.6195292960769466e-05,455.1593503369986,62832,False,0,2824.81494140625,3184.0,0.576072015070426,0.3813903571128131,0.07814597857427587,0.059746554289868914,3.845137279989997e-06,-0.0058884497801929775,0.017547867543783353,0.0026321802446277083,1.2008309852051724,0.06004155023688703,0.9163676895757359,2.8445708171099455,0.30000001192092896,2.9559927369788457,0.7635854474740565,3.867807626458494,0.9991234350222739,-0.2355379875482173,2.9559927369788457,19.220831435835137,0.018605782784356265,0.023391577593167064,0.0015939702668254733,0.09035976045177525,0.08857963941432062,0.0017801210769098914,-0.0200341947607961,0.3301104668417156,0.35051815431898403,0.319371359390817,0.07581862556005896,0.0476685799715393,0.06991575129742536,8.0,1.6397802507521495,0.3905594526398887,21752.0,0.23191622508699947,0.5220356693777396,0.246048105574189,0.9434683863643885,16.0,2.0522370485681622,0.3315464816412676,24994.0,0.19282363743869907,0.49873524892209337,0.3084411134648096,0.9999942383782285,16.0,2.0094639420853984,0.34742041438088206,29947.0,0.14602922801127016,0.4605533432072326,0.3934174284825293,0.9999836191761817,16.0,2.1434334952810756,0.31443088489364585,42936.0,0.13696753266708178,0.4531978076403864,0.4098346596759225,1.0,24.0,2.1131189489419433,0.3578802950164069,48103.0,0.13390793658998254,0.4452871478954666,0.4208049154122997,1.0,0.9530809153923857,0.512249443207127,1.2587215735341686,0.6745611590972416,0.6488683225483131,1.0975636386645475,0.6870994706046253,0.6718126666008976
71,2.3030295429063216e-05,442.02906298699963,63730,False,0,2824.81494140625,3184.0,0.577316339937197,0.3825585845205294,0.07847906657573077,0.059499779686743345,3.7654986519600094e-06,-0.005888490039854463,0.015926963792848272,0.0023890446643286827,1.2054918069875022,0.060274591425036626,0.9158452053383819,2.8578706712299904,0.30000001192092896,2.955772664439089,0.7635285992425389,3.8675937919665864,0.9990681971002677,-0.23553959785772885,2.955772664439089,19.216600391848083,0.018556519811847434,0.023582166906778015,0.0016574024933975313,0.09045459033579507,0.08867075494995494,0.0017838353889787128,-0.020031830655680982,0.3275324100558879,0.35209772885292107,0.32036983984267187,0.07566738424334075,0.0480330167808309,0.07015279574761749,8.0,1.6446710970754794,0.38845647273299017,21678.0,0.2323685707306097,0.5227744929024558,0.24485693652472312,0.9437544794245247,16.0,2.055811231473242,0.3304689306037969,24785.0,0.1931075013834272,0.49942723658105714,0.3074652615730497,0.9999939274495578,16.0,2.0172491045040357,0.3445134797721677,29703.0,0.14551766564824115,0.4600189522242504,0.3944633821249133,0.999989276767512,16.0,2.143697304861677,0.31413188306173895,42808.0,0.1364357551850015,0.4524731866481009,0.41109105806983687,1.0,24.0,2.1196831427936274,0.3557290454664725,47948.0,0.13345602028604675,0.44538256608832366,0.4211614133764897,1.0,0.9522101083283988,0.4821826280623608,1.2640116498742007,0.6770688213987183,0.6499107378355802,1.0986244199534385,0.6882139871830594,0.6718522551492386
72,2.0061846942616818e-05,448.5297000009996,64627,False,0,2824.81494140625,3184.0,0.5697031959545119,0.3770270429977475,0.07728299456282117,0.0593254785699152,3.7374600167622827e-06,-0.005889872429487114,0.016995112385239163,0.002549266954480054,1.188090959006855,0.05940454906502321,0.9170643352269254,2.8475124445897984,0.30000001192092896,2.955868395340929,0.7635533280551003,3.867903575208262,0.9991482215543215,-0.2355948934992211,2.955868395340929,19.21843823397013,0.018629558521964473,0.023339703208249296,0.001570056139969195,0.09039649370939797,0.08852841045018826,0.0018680834132758092,-0.02004836504102862,0.32727686304745285,0.3517679078362031,0.32095520887580337,0.07432199803523008,0.04701794906225738,0.06861927888914021,8.0,1.647362031978667,0.3874425963249869,21791.0,0.23164331294089352,0.5219068544412333,0.24644983201163279,0.9428322372539003,16.0,2.0592857426853612,0.32934268151789053,25236.0,0.1927250939721394,0.4986924712421827,0.30858243479657776,0.9999948309055752,16.0,2.0198586065985364,0.3442132211395049,29669.0,0.14537749246835685,0.45944817380565656,0.39517433406076835,0.9999882400963904,16.0,2.1496738200692773,0.31230652966782185,42566.0,0.1367011886304015,0.45208605580176425,0.4112127559939673,0.9999997778502563,24.0,2.120738412922895,0.35555180840189293,48721.0,0.13351235130157602,0.44543726323037824,0.421050385246415,1.0,0.95544951060643,0.5256124721603563,1.2674652168298373,0.6767901922541097,0.6539688189675151,1.1015387424090075,0.6876567288938423,0.6715503743775022
73,1.7294524633839014e-05,443.57409822800037,65525,False,0,2824.81494140625,3184.0,0.5644110976204677,0.3727641185698429,0.07644969146437765,0.05936928472502332,3.71163097684587e-06,-0.005889099956971478,0.01653001922221959,0.002479502989953786,1.1846776582813736,0.05923388399761861,0.9175519871827581,2.8622329919464207,0.30000001192092896,2.956108252495333,0.7636152868310903,3.86802382041321,0.9991792813335335,-0.23556399450244322,2.956108252495333,19.22304871290836,0.018451314710430718,0.02319025442657158,0.0015530382271467047,0.09039060066139866,0.08853142854494421,0.0018591718265251894,-0.020052143463524887,0.32868301836673386,0.35289706650761554,0.3184198942871742,0.07392296211587635,0.04700197195913555,0.06798698977344425,8.0,1.648193952481597,0.3869713666218235,21558.0,0.23230391209663828,0.5226026713887562,0.24509341690803904,0.9427089168757263,16.0,2.0553201048296694,0.33034256389034033,25112.0,0.192909563108129,0.4987775967889638,0.3083128398843908,0.999995897251335,16.0,2.02010996772136,0.3437613457303265,29944.0,0.1453544190046103,0.45940350776468764,0.3952420729374436,0.9999912466025077,16.0,2.1480180951776564,0.312707758667352,42850.0,0.1363268006213959,0.4517496544542704,0.4119235451262408,1.0,24.0,2.1195673068666196,0.3559873394032017,48609.0,0.13348333424894682,0.44521136182702953,0.42130530385758636,1.0,0.955588839736668,0.5178173719376392,1.2700977852232245,0.6723321259403734,0.6498774875968408,1.1032493593102213,0.6893285037614935,0.6740105864158819
74,1.4732595513150335e-05,436.61261847999776,66423,False,0,2824.81494140625,3184.0,0.5588934774082646,0.36841289557950235,0.07579471714468418,0.05950700874433917,3.619128443676091e-06,-0.00588935738589811,0.0150172354728025,0.0022525854093488193,1.1762402038258262,0.05881201117186494,0.9144170817524052,2.859974526068464,0.30000001192092896,2.9565003158331224,0.7637165641248187,3.868455745163264,0.9992908558533596,-0.23557429172854102,2.9565003158331224,19.23058505853709,0.018641553085449555,0.022959557173910478,0.001429303432810722,0.09036740438647436,0.08844811717989244,0.001919287078467885,-0.02006588588750343,0.32708035345660336,0.3528493570514913,0.3200702684323173,0.07373853741294974,0.04700893094220307,0.06805427270386094,8.0,1.6463354738027127,0.38775230560636914,21887.0,0.23185943009044988,0.5220752846252508,0.24606528503775468,0.9424050831592105,16.0,2.0655484692820925,0.327366079599067,25137.0,0.1931451473035651,0.4983687768610648,0.3084860755005884,0.9999943421761391,16.0,2.0216362436860202,0.34338598420508765,30242.0,0.14555283137652777,0.45908181992413927,0.39536534838116055,0.9999902247946574,16.0,2.1508180688194787,0.31178104765566583,42583.0,0.13622223717239385,0.4516923778910569,0.4120853849640585,0.9999999259431649,24.0,2.125863396522248,0.354487927113254,48350.0,0.13374119979221413,0.4452642373422241,0.42099456283805253,1.0,0.9586889128844613,0.4933184855233853,1.2813238577445458,0.6709389802173308,0.6435103131030988,1.109949978755091,0.6887712454722764,0.6734555137457162
75,1.238000988956263e-05,438.0187224540023,67320,False,0,2824.81494140625,3184.0,0.5555267988557937,0.3663120018040284,0.07498922389031927,0.059402571629768273,3.563904283841109e-06,-0.0058889831103262,0.015394428450745401,0.0023091643619962553,1.167985230379603,0.05839926253484911,0.9155317147943085,2.8435046461633458,0.30000001192092896,2.956664718568933,0.7637590320137976,3.868562193075323,0.9993183527368501,-0.23555932072305252,2.956664718568933,19.2337475150534,0.01869497960460938,0.022914227849668817,0.0013988646874524137,0.09039207659548879,0.08848764517264181,0.0019044314268411668,-0.020067980522903314,0.3274166740038755,0.352171265535824,0.3204120398159456,0.0742605870631202,0.04722683600350301,0.06857994635520616,8.0,1.646703523936626,0.38755965919956203,21766.0,0.23181769649201564,0.5216911226991634,0.24649118053476707,0.9432466858054259,16.0,2.0681122252715993,0.3267797838537466,25527.0,0.19315649906152002,0.49839680405440234,0.3084466966598517,0.9999920315945791,16.0,2.029201781522593,0.3413378580703461,30111.0,0.14528239240950397,0.4587665080438691,0.3959510995160035,0.9999920909770741,16.0,2.1522529029959134,0.31148408573038955,42576.0,0.1362785582430888,0.45164606798039386,0.4120753732699329,0.9999997778502563,24.0,2.1334915765380114,0.35264532404710947,48360.0,0.13387470371654495,0.4452915364377007,0.4208337599703243,1.0,0.9596293845135672,0.4955456570155902,1.2882462249356215,0.6673168013374199,0.6385209171257685,1.1145811423381147,0.6870994706046253,0.6729842055838671
76,1.0240395279588634e-05,439.0201855340056,68218,False,0,2824.81494140625,3184.0,0.5492710415740393,0.3615611481244688,0.07416990105790809,0.05909521406112683,3.49799681982626e-06,-0.005888984246232209,0.015346479136610323,0.002301971961232971,1.1605657796115965,0.058028289996242176,0.9164373541408548,2.8560171750169085,0.30000001192092896,2.956109045706945,0.7636154917922571,3.8680066934320023,0.9991748575348893,-0.23555936574263237,2.956109045706945,19.223062411417278,0.01855468510624568,0.023161899008350195,0.0015423023680628829,0.09046677943219036,0.08856594611917312,0.0019008333754441482,-0.02008034530289391,0.32438119619346684,0.35140104844256326,0.32421773589264863,0.07381438175910211,0.046751896106881026,0.06862412978701633,8.0,1.650513853181878,0.3860316770874996,21815.0,0.2323271927876866,0.5215337703048533,0.24613903699310194,0.9442169098105981,16.0,2.0723940063832536,0.32544425087329043,25439.0,0.1937984305040528,0.4986895387441106,0.30751203033919866,0.9999936757040703,16.0,2.0364239268004116,0.33906069141623657,30155.0,0.1456657250967929,0.45951988947832073,0.39481438497643456,0.999985692645071,16.0,2.152025309437482,0.3113274894538745,43001.0,0.13614566402741496,0.45159963267554337,0.41225470350206306,1.0,24.0,2.1365359370297967,0.3518784440540795,48551.0,0.1338076210281701,0.4453492446378662,0.4208431344725478,1.0,0.9610226758159462,0.5055679287305123,1.2965035384064698,0.6675954304820284,0.6375189725662588,1.1202596737568542,0.685427695736974,0.6697326505820398
77,8.317050813874547e-06,432.18738488400413,69115,False,0,2824.81494140625,3184.0,0.547826381071869,0.360332984041157,0.07408510222008532,0.05926213452379101,3.4861015763840652e-06,-0.005889897930010125,0.013902743455890541,0.0020854116014950943,1.1589432227115442,0.05794716215020148,0.9172733289222823,2.874269881705729,0.30000001192092896,2.9565790985614604,0.7637369156656123,3.8686182290235696,0.999332829008631,-0.23559591334301866,2.9565790985614604,19.232100733802497,0.018738622222665504,0.022864144697321873,0.0013744797010336166,0.09036998589573711,0.08852267330719048,0.0018473125262089389,-0.02008031128699297,0.3265910015351521,0.35202877699504587,0.32138020023270175,0.07417093959342658,0.04726123160792039,0.06871034084620108,8.0,1.6510168323405896,0.38586637127457163,21588.0,0.23257375840551697,0.5220740256382923,0.24535221560739492,0.9427102651212061,16.0,2.06805168150643,0.3269499770596532,25239.0,0.19362619426013858,0.49904253422381417,0.30733127143300065,0.9999940755881421,16.0,2.0375781049133446,0.338775434659572,30036.0,0.1454108141606876,0.4592125004534313,0.39537668540819987,0.9999876624676097,16.0,2.1534433581370735,0.310960613663715,42315.0,0.13627172360276057,0.45175563002908287,0.4119726462601959,0.9999994816540584,24.0,2.1342721089553076,0.3525788326907288,48818.0,0.13370662914132486,0.44521607630965127,0.421077294989171,1.0,0.9619979797276116,0.4755011135857461,1.3042509557477409,0.6698244636388966,0.6421000669190435,1.1248673263217919,0.6834772917247144,0.6693950242016377
78,6.612942150179748e-06,441.4252570230019,70013,False,0,2824.81494140625,3184.0,0.5449421375999257,0.3581479648557334,0.07368734315919578,0.059159965638035356,3.4771114356024075e-06,-0.005889998028387864,0.01503302096541216,0.0022549532391054365,1.1515686232619344,0.057578432177894136,0.9138597652324917,2.8701607150307993,0.30000001192092896,2.9561973698290585,0.7636383082733877,3.868252003868486,0.9992382255748727,-0.23559991730148505,2.9561973698290585,19.224761921167996,0.018575549453900227,0.023026926559700213,0.0014837221999801356,0.09043413403323088,0.08857055090913048,0.0018635833453904895,-0.020067518650748403,0.32601022788227535,0.3522583280072582,0.3217314233270084,0.07406642054089509,0.04722793930241932,0.06860004262154934,8.0,1.6510773706329858,0.3857344216723075,21624.0,0.23264188292895685,0.5220359949890551,0.24532212225067657,0.9418202504028268,16.0,2.0720853347124577,0.32554200202981326,25479.0,0.19353898772044326,0.4992007532730642,0.30726025952138164,0.9999936015891026,16.0,2.0377138886250252,0.3387954766917924,30115.0,0.14556590802966252,0.45934747530855213,0.39508661598080297,0.9999906544198046,16.0,2.1550132547153518,0.31046773434171127,42793.0,0.13630551192322313,0.4519258150144108,0.41176867321755944,1.0,24.0,2.141752044809679,0.3503168802535157,49104.0,0.1335898946772557,0.4451901396730858,0.42121996563875863,1.0,0.9621721411404089,0.5155902004454342,1.3063706902283152,0.6717748676511563,0.6449880293696177,1.1269089812254567,0.68431317915854,0.669156809449687
79,5.130696900547354e-06,439.11205433800205,70911,False,0,2824.81494140625,3184.0,0.547167080407847,0.3602500050494927,0.07392604920110374,0.05895642412322235,3.437936582554827e-06,-0.0058905347349182055,0.014431500401124817,0.00216472514821924,1.1551394780446438,0.05775697489515201,0.9193632658758508,2.853219167985796,0.30000001192092896,2.95622676963272,0.7636459021737879,3.8683645101902218,0.999267287937226,-0.235621385763438,2.95622676963272,19.225324389437006,0.01870758430703682,0.023022887422809772,0.001447039135920915,0.09043072640201366,0.08855620988657732,0.0018745165200022744,-0.020067093451986692,0.3246434029678204,0.3523009630597669,0.323055613493113,0.07417613972808762,0.04742877220782252,0.06890057525671639,8.0,1.6559711066511151,0.3836236098668531,21848.0,0.23293262600313264,0.5225363831198025,0.24453099105405793,0.9419628375126918,16.0,2.070748110517422,0.32572483518450085,25292.0,0.19315787626276562,0.49896005224652573,0.30788207187843264,0.9999914094382699,16.0,2.039581008704712,0.33815301633303874,30006.0,0.14565083428476666,0.45981374980389433,0.3945354162295114,0.9999899284655848,16.0,2.1546263626664945,0.3105000805288419,43014.0,0.13618458373134523,0.45177074315123655,0.41204467312831805,1.0,24.0,2.1409590436130936,0.35070015222385403,49035.0,0.13359476212295204,0.44522943958734046,0.4211757983561448,1.0,0.9623811348357658,0.5066815144766147,1.3088202721961664,0.6701030927835051,0.643141771522105,1.1286252187666173,0.68431317915854,0.6675042189106256
80,3.87260057971705e-06,435.39319609200174,71807,False,0,2824.81494140625,3184.0,0.5486857068505863,0.36078489194648294,0.07408771127474845,0.05921869902397307,3.4140967466887694e-06,-0.005890127029426944,0.014356257537860429,0.002153438715646151,1.1665537144647895,0.05832768671647721,0.914765404576962,2.877921652638587,0.30000001192092896,2.956093001911278,0.7636113483631988,3.868167612104108,0.9992164258108339,-0.23560507744763512,2.956093001911278,19.222755246038012,0.018605682221112023,0.023083030794338395,0.0014993479217756008,0.09045181148774888,0.0885721225067135,0.0018796891878044707,-0.0200653076171875,0.3247063607916928,0.35188836123179384,0.32340525793528463,0.0741779533443213,0.04733042517561657,0.06886610963153027,8.0,1.6553951284679367,0.3839410657267564,21514.0,0.23326086681318647,0.5228364856652803,0.2439026474831242,0.9420540639755307,16.0,2.073504956664077,0.32493746803656337,25121.0,0.19340964029203941,0.49930247325725147,0.30728788659188844,0.9999915872722539,16.0,2.041605997585512,0.3374471244285413,30223.0,0.14552051663500476,0.4595943891450676,0.3948850940813436,0.9999876773412617,16.0,2.1559763658116897,0.3102453574488922,42807.0,0.13630973993268206,0.45195509361566355,0.41173516630217044,0.9999999259431649,24.0,2.1415371724424737,0.35043024547778806,48976.0,0.13355732324014674,0.4451229628757472,0.42131971344914926,1.0,0.961370998641541,0.5,1.3081117099824142,0.6701030927835051,0.6436171620655219,1.1274095749117665,0.6851490665923655,0.66755955131932
81,2.8405930810269197e-06,433.84742990499944,72705,False,0,2824.81494140625,3184.0,0.5447510878248496,0.35805299896286874,0.07349215457582803,0.058979726157774436,3.4046039705112066e-06,-0.005890784520748519,0.01297723079064113,0.0019465846975796812,1.1633402122641197,0.05816701160671621,0.9149395659907974,2.879363656106291,0.30000001192092896,2.9560647779316764,0.7636040572798892,3.8682411980731115,0.9992354344958742,-0.23563137721598487,2.9560647779316764,19.22221212079148,0.018622785059755228,0.023082945242227256,0.0014852858463224657,0.09045110569335878,0.08858743048974674,0.0018636752901905825,-0.0200653076171875,0.3257291297542791,0.3512824166821372,0.32298843328982435,0.07407232318441381,0.04720851743092353,0.06887444455392383,8.0,1.654284584658859,0.3844134323279467,21587.0,0.23298216418089457,0.5226244420096553,0.244393394521056,0.9420321025446111,16.0,2.070853089027268,0.32584018076785354,25161.0,0.19337444513825447,0.4993296857060233,0.30729586861072866,0.9999922834853983,16.0,2.0406567722267273,0.3379235935251044,30379.0,0.1456536036719847,0.4597294531933105,0.3946169431736329,0.9999922538792735,16.0,2.155330744468662,0.3103436834396765,43071.0,0.13631696704257482,0.45186216266635504,0.4118208693386291,1.0,24.0,2.141170230470376,0.3506980427293353,48604.0,0.13359143491461342,0.4451579877777057,0.42125057684261974,1.0,0.9632519418997527,0.4866369710467706,1.3072309772361783,0.6723321259403734,0.6458997859907976,1.127061122687423,0.6865422123154082,0.6701111742762066
82,2.0362656852385188e-06,431.9588347950048,73603,False,0,2824.81494140625,3184.0,0.5443312201327534,0.3578452381030856,0.07345934095073113,0.05912720529449045,3.3991705304349332e-06,-0.005890650826341943,0.013260877721548912,0.001989131735711439,1.15595114313741,0.05779755811128394,0.9158103730537462,2.8584762991664343,0.30000001192092896,2.9559385125600266,0.7635714404468954,3.868094231883138,0.9991974699912041,-0.23562602954430867,2.9559385125600266,19.21978740173263,0.01859282077314091,0.023136166745656075,0.0015199354786351606,0.09046572625555045,0.0886057467088625,0.001859979787210966,-0.0200653076171875,0.325849629526224,0.3506796482426606,0.3234707027431848,0.07432570030162806,0.04712537738238201,0.06915348771867544,8.0,1.6538369028690096,0.3846138656718624,21971.0,0.23271633110160078,0.522378348846197,0.24490531966447823,0.9422518318941561,16.0,2.07061454332038,0.32574731446723465,25183.0,0.193403383331877,0.49936137140563314,0.3072352459824003,0.9999925204008333,16.0,2.0411162830336704,0.3376585739882763,30216.0,0.14550855047002956,0.4596409137333534,0.39485053577170304,0.999990298708237,16.0,2.1549400581603155,0.31064962432436727,42764.0,0.13620479886285347,0.451983076311577,0.41181212449597815,1.0,24.0,2.143226698036291,0.34982036514160814,48735.0,0.13365974169738482,0.44524564645545245,0.42109461219284433,1.0,0.96210247657529,0.47884187082405344,1.3091889022950443,0.6714962385065478,0.644543015836348,1.1289706694179673,0.6876567288938423,0.6704314081415603
83,1.4608586068973694e-06,435.3437230510026,74501,False,0,2824.81494140625,3184.0,0.5408213930471493,0.35518169455706977,0.07287747584579984,0.05908781777304489,3.391089337364108e-06,-0.005891032524758171,0.013586465395811079,0.002037969891106093,1.1504814158977812,0.057524071778680234,0.913824932947856,2.8694689123270685,0.30000001192092896,2.9558564669294722,0.7635502465993966,3.868071287294271,0.9991915438457477,-0.23564129724635105,2.9558564669294722,19.218207700502752,0.01856578628688074,0.02315448465340833,0.0015344434782362177,0.0904792703034412,0.08861764271448488,0.0018616277068476618,-0.0200653076171875,0.3263442905369238,0.3505239489912393,0.323131740967297,0.07431563958792964,0.046984458765797266,0.06900374156419767,8.0,1.654714072297503,0.3842719586024925,21924.0,0.23291307695233596,0.5224994036208674,0.24458751968424117,0.9425086169690646,16.0,2.070405678023423,0.32596439551570505,25073.0,0.19339366817184533,0.49931631958294886,0.30729001159744207,0.9999934831604513,16.0,2.040835477228785,0.3377645319957893,30150.0,0.14562281430610532,0.4596817445250912,0.394695441938542,0.9999903135507465,16.0,2.153796452382062,0.3107724646410975,42384.0,0.13619180340493103,0.45189692888531785,0.41191126797290517,1.0,24.0,2.141786374900943,0.35035351672937076,48797.0,0.13363748289619545,0.4451949971277531,0.42116751954420895,1.0,0.9639485875509423,0.4910913140311804,1.3116744395649576,0.6728893842295904,0.6464372292945691,1.1312952007082187,0.685427695736974,0.6681980422344305
84,1.1152590820119262e-06,445.2107798890065,75399,False,0,2824.81494140625,3184.0,0.5438110324960588,0.3576244887903635,0.07352441001595626,0.05896479729105593,3.392106713877608e-06,-0.0058911367867242785,0.014397063868009628,0.0021595596653224184,1.1485103368634586,0.057425517855511386,0.9162631927270194,2.846957218053635,0.30000001192092896,2.9559028093508157,0.7635622175328057,3.8681337730177576,0.9992076851526952,-0.23564546761988947,2.9559028093508157,19.219099955389527,0.01859541026993264,0.02313026155442235,0.0015141378168794975,0.09046785124864709,0.088608894047796,0.0018589571236355628,-0.0200653076171875,0.32653866970031264,0.3503912476383949,0.32307006257023574,0.07432973256602034,0.04703926534839191,0.06918740290947945,8.0,1.6542402976416857,0.3844325938281347,21632.0,0.23283115014490435,0.5225394486222481,0.24462940113630582,0.9422192816998568,16.0,2.0690341879819982,0.3262937489061745,25346.0,0.19336845466072372,0.49934228865441505,0.3072892566516426,0.9999913946954163,16.0,2.039762690052426,0.33810715863205487,30138.0,0.1455224417810501,0.45946747816681527,0.39501008025975126,0.9999874108529206,16.0,2.1544259617232226,0.3106836801655444,42508.0,0.1361813256608858,0.45198219528334105,0.4118364790889918,1.0,24.0,2.1419443972386714,0.35036438074873977,48522.0,0.13360384046582952,0.44518424079495333,0.4212119191103318,1.0,0.9634609355951096,0.5289532293986637,1.311555948985523,0.6726107550849819,0.6445687548409837,1.1314840245027666,0.6865422123154082,0.6690436811986377
85,1e-06,418.99911367100003,76296,True,1,2830.68994140625,3176.0,0.5390080757834387,0.35390864066155986,0.0726737033332732,0.0590162631252072,3.3844358387522444e-06,-0.0058910290303115604,0.013028092755157167,0.001954213993452504,1.1468577165705618,0.05734288677629779,0.9142080880560103,2.8602040466991037,0.30000001192092896,2.9559373501729116,0.7635711405738078,3.86815163209656,0.9992122981045795,-0.2356411575307716,2.9559373501729116,19.219764770993603,0.018613054853749793,0.02311648606536194,0.0015050794166453455,0.09045990703600801,0.08860619219929046,0.0018537149741500072,-0.0200653076171875,0.3262443350289798,0.35052377600614054,0.3232318691447626,0.0743171010568534,0.047094580973369576,0.06924409996550128,8.0,1.654615450276614,0.38423545984909774,21863.0,0.23292716095126897,0.522711076932108,0.24436176134428927,0.9419122623373313,16.0,2.068826872044552,0.32631005063222707,25268.0,0.19326035921349993,0.4993245392013208,0.30741510106198544,0.9999918834684519,16.0,2.0401929833679815,0.33802091553088387,30332.0,0.1454209439113117,0.4594403985241429,0.3951386575064127,0.9999856778004853,16.0,2.1559365770320102,0.3101973938908322,42925.0,0.13611805890250003,0.4518066195739242,0.41207532208829284,1.0,24.0,2.142561255538097,0.35027973871399,48942.0,0.13357636361370606,0.445067550536088,0.4213560863733998,1.0,0.9645407363544533,0.4844097995545657,1.3116530798444113,0.6745611590972416,0.6478733607086907,1.1319310062275054,0.6868208414600168,0.6689264056221379
86,1e-06,423.119065032,77194,True,2,2830.68994140625,3176.0,0.5416466096459132,0.3559723345001537,0.07301962322841377,0.05899902860769272,3.3829177128032906e-06,-0.005891518997677726,0.013291670709356353,0.001993750685523213,1.1509999855553483,0.05755000025169781,0.9165418509885332,2.8531819466841317,0.30000001192092896,2.9559565905580585,0.7635761110788187,3.8682467416019675,0.9992368672703695,-0.23566075619155077,2.9559565905580585,19.220132518028066,0.018643219627198882,0.023077260528839787,0.0014803167478773746,0.09045500605270744,0.08860240058769124,0.0018526054003671602,-0.0200653076171875,0.32624055293686044,0.35059013278337603,0.3231692928651511,0.07434816907922229,0.047132816694199615,0.06925426496786402,8.0,1.6542337326558516,0.3843816980439803,21656.0,0.23271484979309587,0.5226655086341075,0.24461964133196132,0.9420672597055995,16.0,2.06988517868261,0.3259193137931186,25168.0,0.19331478439599745,0.4993112035698558,0.30737401190698155,0.9999944161561561,16.0,2.040607936446489,0.3377314447835511,30189.0,0.14545835314594993,0.4594338748031427,0.39510777178775336,0.9999877810644304,16.0,2.155207100862611,0.31045648668323,42229.0,0.13620803482007066,0.45197587875434775,0.41181608598543445,0.9999999259431649,24.0,2.1423682797610764,0.3503081275058634,48631.0,0.13355487969781277,0.44513260945950256,0.4213125112797176,1.0,0.96276428994392,0.4955456570155902,1.3110636543450365,0.674282529952633,0.6475377711723317,1.1315237892208807,0.6879353580384509,0.6700810491859476
87,1e-06,426.7632454280001,78091,True,3,2830.68994140625,3176.0,0.5412393448793709,0.35536862159623234,0.0728920802288205,0.05913431835722045,3.3814993170556692e-06,-0.005891273869417267,0.014471381462677306,0.0021707073074942853,1.1512301519726975,0.05756150865519769,0.9149395659907974,2.880580938440816,0.30000001192092896,2.956009753906655,0.7635898439565868,3.8682619486031493,0.999240795046007,-0.2356509510894202,2.956009753906655,19.221155146628348,0.018651665002717494,0.02305954614672804,0.0014713471562366857,0.09044756158538081,0.08859730785724083,0.0018502536133263765,-0.0200653076171875,0.3262050979965977,0.35063372752796773,0.3231611534044276,0.07429413437239159,0.04705945897380666,0.0691763843146336,8.0,1.6551314712197742,0.3840237883347786,21823.0,0.23269174695264094,0.5227814384162677,0.24452681467520987,0.9418564448287201,16.0,2.070347771175711,0.3259082529137819,25060.0,0.19332638793006338,0.4992310612933913,0.3074425511362411,0.9999936163547939,16.0,2.040299020020656,0.33785722497081827,30253.0,0.14549303725047805,0.4594948611331628,0.39501210177674295,0.9999898100784569,16.0,2.15592872857707,0.3102483615383525,42400.0,0.13614450134600362,0.45178281295062434,0.4120726855871068,0.9999997778502563,24.0,2.1411733916736853,0.35064320013214084,48531.0,0.13347827923620104,0.4449472367688777,0.4215744843878356,1.0,0.9637395938555854,0.5111358574610245,1.311982077023019,0.6748397882418501,0.648030997424678,1.1329128024437927,0.6865422123154082,0.6694711549984566
88,1e-06,417.0726657769999,78989,True,4,2830.68994140625,3176.0,0.5391492235207533,0.35427315534874,0.07276946370200497,0.05903942222871802,3.3768097053553015e-06,-0.005891582976803903,0.012889069591950991,0.0019333605139360646,1.1404405321771853,0.05702202759296187,0.9148699014256785,2.8446193699586098,0.30000001192092896,2.956043833147259,0.7635986465841231,3.8683438910316528,0.9992619621192712,-0.23566331553514808,2.956043833147259,19.221807760423143,0.01868519045729415,0.023060930493228084,0.0014597475611033773,0.09044658434995602,0.08859676788310122,0.0018498166698081118,-0.0200653076171875,0.3260684883394371,0.3508033893163926,0.3231281029289056,0.0743509427516466,0.04711337774429348,0.06921335223505143,8.0,1.654489549774499,0.3842560139655436,21943.0,0.23272748261284248,0.52275335981395,0.24451915808550148,0.941589930246955,16.0,2.0713117070746,0.325639615653845,25331.0,0.19337463770211605,0.49930631644574075,0.3073190460706597,0.9999907727737138,16.0,2.04048804151563,0.3377103368934699,30467.0,0.14545614652995087,0.4593855289326404,0.39515832462876005,0.9999909207648903,16.0,2.1571040456706676,0.30981121852507626,42520.0,0.13624243745879738,0.45193290895435595,0.4118246537446353,1.0,24.0,2.143096029781291,0.34985351750393007,48988.0,0.13360386993856058,0.44499253424246477,0.4214035953788275,1.0,0.9640182521160612,0.4732739420935412,1.3133747125940756,0.674282529952633,0.6473497833098303,1.133908292781546,0.6870994706046253,0.6708127840044048
89,1e-06,425.757582621,79887,True,5,2830.68994140625,3176.0,0.5339399160891684,0.35005703065715,0.0720668228219792,0.05884247023190929,3.3724511912823262e-06,-0.00589122311910071,0.013572884083176723,0.002035932696742889,1.136510122224718,0.05682550705215426,0.9150788951199972,2.8702455232491286,0.30000001192092896,2.956005421504983,0.7635887242097658,3.8682497516853185,0.999237645153649,-0.2356489209438833,2.956005421504983,19.221072737926217,0.018640885311819393,0.023075940819156322,0.0014800065316803168,0.09045296870417271,0.08860590387461573,0.0018470648701070988,-0.0200653076171875,0.3262641072769458,0.35087231216088843,0.3228635606538116,0.07431263978056135,0.04710033936670317,0.06916615355075632,8.0,1.6545929896669156,0.3843369966645928,21988.0,0.23270322444994598,0.5228073556386066,0.24448942038169902,0.9414283424971922,16.0,2.071921742760926,0.3255627301009273,25326.0,0.19341527550489726,0.49939379674866224,0.3071909278601106,0.9999919723906343,16.0,2.0395191960285115,0.3382122174666806,30210.0,0.14548000480047094,0.4594734757967373,0.3950465193254546,0.9999858851409381,16.0,2.156201485942418,0.3101183424713412,42416.0,0.13623004177819267,0.4518296707521067,0.41194028754444256,1.0,24.0,2.1427352492050002,0.3503075244689653,49116.0,0.13352573904895562,0.4450997809406408,0.42137447931021665,1.0,0.9659688599393919,0.5,1.3138344786432201,0.6748397882418501,0.6485363361755657,1.134389495245093,0.685427695736974,0.669272133571522
90,1e-06,426.35952299200017,80784,True,6,2830.68994140625,3176.0,0.5402559437683755,0.35471320529003003,0.07270675240945942,0.05899253450786936,3.373404636232906e-06,-0.005891670295683504,0.013590461026792561,0.002038569235944712,1.153863512524768,0.057693176623212224,0.9158800376209413,2.8731625487950656,0.30000001192092896,2.9559960461629506,0.7635863028730634,3.868309627203297,0.9992531109925011,-0.23566680811943772,2.9559960461629506,19.220889906112735,0.01863971440003255,0.02304087805247474,0.0014669235575492424,0.09045194413268606,0.08860388292701248,0.0018480610574102118,-0.0200653076171875,0.32663070380100157,0.3507700361348547,0.3225992407589157,0.07421618814320395,0.04703457312447374,0.06903291030539511,8.0,1.6539349170425244,0.3845977001184123,21885.0,0.23270710462740568,0.5227471249177208,0.24454577109173734,0.9415934995933238,16.0,2.072608945258355,0.32515562991620256,25303.0,0.1933875368679864,0.4992594067214271,0.3073530565102425,0.9999908171559108,16.0,2.0400432621931524,0.337973452108715,30115.0,0.14549876121631083,0.459634182905469,0.3948670558283922,0.9999888621530437,16.0,2.155711931047729,0.31024466195513933,42415.0,0.1363411659086181,0.4521245236427351,0.4115343102021021,0.9999999259431649,24.0,2.1423356361393147,0.3504568049900542,48419.0,0.13354424636330514,0.4450112688974916,0.4214444849883432,1.0,0.9637047615730259,0.5144766146993318,1.3141026702157035,0.6756756756756757,0.6491816526827191,1.1349509795185715,0.6865422123154082,0.6703702131377769
91,1e-06,429.0130625679999,81682,True,7,2830.68994140625,3176.0,0.5412549046491554,0.3555424678086479,0.07291597102585205,0.05905256718057168,3.3730902125034476e-06,-0.005891496459583832,0.014045354045520467,0.0021068031902412763,1.1505042941137027,0.05752521575552434,0.916507018709088,2.8705039788548143,0.30000001192092896,2.9560076224151595,0.7635892926826552,3.8682942833910916,0.9992491473843176,-0.23565985470166248,2.9560076224151595,19.22111203658958,0.018628331019606596,0.023045813518164756,0.0014717064978829093,0.09044822070937972,0.08860291175165622,0.0018453090315855441,-0.0200653076171875,0.3264432069570892,0.35076240310184287,0.32279436920224747,0.07430931558188461,0.047027393273175906,0.06917756287040887,8.0,1.65347058987135,0.3847684283045011,21600.0,0.2325806893145404,0.5225303699788456,0.24488894023065297,0.9417292737961646,16.0,2.071815526411947,0.32558408896623847,25167.0,0.19342877432766775,0.4994133896169387,0.3071578358643863,0.9999932313132317,16.0,2.0390214001216,0.33826006153309257,30337.0,0.14548936453336972,0.4596454825386856,0.3948651523829511,0.9999893954307699,16.0,2.157706973736154,0.30964101663352994,42450.0,0.13619572789295992,0.45193056136514,0.41187371049016497,0.9999999259431649,24.0,2.1420020180986925,0.3504175045152348,48507.0,0.13354784011500329,0.4450717908255487,0.4213803690760573,1.0,0.9640879166811801,0.5256124721603563,1.3145544052987619,0.6753970465310671,0.6490667582689097,1.135321225220528,0.6868208414600168,0.672946519457137
92,1e-06,424.78207056500014,82579,True,8,2830.68994140625,3176.0,0.5384152473107107,0.35359608944549703,0.07266133388671063,0.05897267672161169,3.3669735699958357e-06,-0.005891463124113806,0.013899736462300015,0.0020849605576489577,1.139765781003422,0.05698829001081507,0.9172036643571634,2.8376446539607683,0.30000001192092896,2.9560172606163952,0.763591782460164,3.8682987575782803,0.9992503035470873,-0.23565852108692326,2.9560172606163952,19.22129795302077,0.01863676637515964,0.02303528906356753,0.001467878859417458,0.09044773408984717,0.08860693581960531,0.001840798231297539,-0.0200653076171875,0.326431743918203,0.3506535526070875,0.3229146819500603,0.07430544043160095,0.04704042368905954,0.06921905998421245,8.0,1.6541367688561528,0.38444409679168984,21965.0,0.2325869243073112,0.5226111563940632,0.24480191862283363,0.9420767688046154,16.0,2.07156606667916,0.32555342904826046,25374.0,0.19337685178815975,0.4992599101459649,0.30736323821535927,0.9999918834352333,16.0,2.040133177181484,0.33786681189594847,30268.0,0.1455089356579615,0.45962952504300364,0.39486153946512814,0.9999862405763756,16.0,2.1577447491332595,0.309715863993692,42361.0,0.13620534683204819,0.4519416984605243,0.41185295518909804,1.0,24.0,2.1425571557251306,0.35018243358536255,48870.0,0.13358320586681532,0.4451843737474226,0.4212324204049666,1.0,0.9639137552683827,0.5033407572383074,1.3145107419818316,0.674282529952633,0.6483949641360771,1.1351881433941589,0.6859849540261911,0.6720537476558401
93,1e-06,431.87220417499975,83477,True,9,2830.68994140625,3176.0,0.5360668130049515,0.3523095499913211,0.072225617422806,0.058906289019626676,3.3638912666562692e-06,-0.0058913639116749544,0.013914833032460903,0.0020872250394278822,1.1285227480568927,0.05642613835393658,0.9183531296816261,2.8305464128062887,0.30000001192092896,2.9559012738600923,0.7635618201712754,3.8681674055837405,0.9992163729225856,-0.23565455275131014,2.9559012738600923,19.219068606813572,0.018591693552706807,0.023099104516767957,0.0015042488230230136,0.0904645852046728,0.08861981931794977,0.0018447659031296183,-0.0200653076171875,0.32640469010095746,0.35060857018543645,0.3229867196661489,0.07432524919932387,0.047055601330921105,0.06922405606421264,8.0,1.6544770953041446,0.3842716564207085,21782.0,0.23255543884662896,0.5226082396634325,0.2448363214925338,0.9424212402367136,16.0,2.0727535864125017,0.32514989501157104,25012.0,0.19335364497747246,0.4993587049412218,0.3072876493172767,0.9999930980856705,16.0,2.042498697427843,0.3371681236899789,30021.0,0.14544651291185115,0.45944309400400984,0.3951103928516085,0.9999894990397494,16.0,2.1571611132158863,0.3098163615854196,42658.0,0.1361811849129329,0.4517054104376057,0.4121134045139916,1.0,24.0,2.1433177042739917,0.34993314289607375,48568.0,0.13351852211487064,0.44503457937010066,0.4214468987501545,1.0,0.9644014072242154,0.5267260579064588,1.3149619880377599,0.6740039008080245,0.6477064739366148,1.135459634164277,0.684870437447757,0.6704086744127544
94,1e-06,425.2512169060001,84374,True,10,2830.68994140625,3176.0,0.5353122460580121,0.3512620815949578,0.07214197877707175,0.058904341068586594,3.356311763363782e-06,-0.005891646873402487,0.01365594248181552,0.0020483914562364077,1.1368748268052915,0.05684374233661605,0.9168901738141281,2.86426951822191,0.30000001192092896,2.955965931535394,0.7635785227551215,3.868275881469667,0.9992443938905399,-0.23566587113541843,2.955965931535394,19.220310231577894,0.018638575173780262,0.023065794789056456,0.001478819332259007,0.09045409026789837,0.0886130161356862,0.0018410741842176904,-0.0200653076171875,0.3259016556446071,0.350826378981934,0.3232719442422431,0.07444411282724728,0.04723624840626344,0.06945797744987237,8.0,1.6548484783942616,0.3841509349339766,21809.0,0.2324718087527515,0.5225890465546578,0.2449391446126583,0.942021528148299,16.0,2.0734252364555164,0.32492583296865274,25282.0,0.19325062920888258,0.4992749345784667,0.3074744364145578,0.9999893656232571,16.0,2.041890568583565,0.3372400185492491,30381.0,0.14546140393512724,0.45957139018245563,0.3949672059872635,0.999988802836986,16.0,2.159175010928166,0.30918990463571716,42428.0,0.13617948182631803,0.4518122323688625,0.41200828574668685,1.0,24.0,2.1461027109027926,0.3490479118070191,48756.0,0.13350660527803843,0.444956725025265,0.42153666982697596,1.0,0.9657946985265945,0.5055679287305123,1.314612761982705,0.673168013374199,0.6468782091076276,1.134961174719511,0.6845918083031485,0.6692286412837097
95,1e-06,416.92559405500015,85272,True,11,2830.68994140625,3176.0,0.5406630988521152,0.3553677732458084,0.07274362127354013,0.05903778313212918,3.3558678658373693e-06,-0.005891492841102534,0.013533222591585879,0.002029983468515365,1.147441485022057,0.057372075270136935,0.9159845344686197,2.861191364535344,0.30000001192092896,2.9560002484803762,0.7635873874060358,3.868286347953108,0.9992470973740261,-0.2356597099679902,2.9560002484803762,19.220972515987025,0.01865311338712516,0.023065063933852558,0.0014679382768626329,0.09044926651485238,0.08860818571269796,0.0018410810724695838,-0.0200653076171875,0.3257824945044562,0.3506809211980628,0.3235365639074564,0.074345728375007,0.047126057583616425,0.06947069638248952,8.0,1.6549340845121852,0.384000435675518,21795.0,0.2325161489784217,0.5225200766268733,0.24496377341994513,0.9421618944458621,16.0,2.072550562765204,0.3252136161201629,25317.0,0.19325231006079954,0.49929625312463755,0.30745143695262794,0.9999951863389366,16.0,2.041875988476503,0.3373193678476705,30370.0,0.14545486538874583,0.4594744240086614,0.3950707108543279,0.9999906837497993,16.0,2.159146542035739,0.30923843052536804,42343.0,0.1362457844908864,0.45181272869291317,0.4119414866942257,1.0,24.0,2.1452744581295016,0.34931429549898574,48418.0,0.1335774693230509,0.445122267152578,0.4213002636100129,1.0,0.9629036190741579,0.47216035634743875,1.3138625175715755,0.6748397882418501,0.648309040329614,1.1342333700704057,0.6845918083031485,0.6700154730846251
96,1e-06,422.21471326200026,86169,True,12,2830.68994140625,3176.0,0.5377307116576316,0.3527104423945424,0.07249414840511172,0.05915917003325312,3.3514241019532745e-06,-0.00589182010817641,0.013418094833372099,0.002012714307724803,1.144854239998261,0.05724271303633503,0.9149743982723187,2.854527259820548,0.30000001192092896,2.9560967291189155,0.7636123106100039,3.8684335069192306,0.9992851111253496,-0.2356728005153457,2.9560967291189155,19.222825452465802,0.018691658644167403,0.022995537044285478,0.001429796608096393,0.09043616756862755,0.08859534980604328,0.0018408179833147614,-0.0200653076171875,0.3258498944896213,0.350705801122278,0.3234442835112152,0.07438996765412084,0.047157454272638254,0.06938774101590553,8.0,1.6544487850307865,0.3843112936319779,21825.0,0.23250059895934994,0.5225773320983182,0.24492206944320688,0.9419723746088041,16.0,2.072284133719395,0.32520158838181873,25026.0,0.19319127224809535,0.4991245945806127,0.3076841332792526,0.9999936163215752,16.0,2.0426664693240375,0.3370489130706439,30280.0,0.1454757766830514,0.4595220885687377,0.3950021341585798,0.9999877069826812,16.0,2.158974624949898,0.30924559539232827,42353.0,0.13617303219848576,0.4518197113088465,0.4120072565923237,1.0,24.0,2.1460462732164585,0.34919527205949524,48847.0,0.13359038830955738,0.44510925898436837,0.42130035249586245,1.0,0.9648193946149292,0.4977728285077951,1.3136359103777575,0.674282529952633,0.6478332762188613,1.1342401554671526,0.68431317915854,0.67079364383475
97,1e-06,427.23311515800015,87067,True,13,2830.68994140625,3176.0,0.5388286973209382,0.35310576585456205,0.07280018393947764,0.059052657018473016,3.3527054647528857e-06,-0.00589134839084314,0.014201163520082832,0.0021301746144522914,1.152558297518816,0.05762791580045846,0.9140687589278486,2.889461855167688,0.30000001192092896,2.956007779871576,0.7635893334668566,3.8682715108582393,0.9992432654902597,-0.235653932023403,2.956007779871576,19.221118009702064,0.01863788754324595,0.02305787992457849,0.0014696492171627391,0.09045004214108013,0.08860492589851877,0.0018451161351359974,-0.0200653076171875,0.3258134516266107,0.35060465490935533,0.3235818735058519,0.074311191750659,0.04706715561937167,0.06944885991443399,8.0,1.6551311274108653,0.3840756145651062,21883.0,0.23266199431186343,0.5226273587631238,0.2447106469582314,0.9419036732662882,16.0,2.072462857963357,0.32527445939820515,25278.0,0.19326697152605327,0.49925994697610865,0.307473081370673,0.9999914687190328,16.0,2.042746005750399,0.33705183182553633,30250.0,0.1454614632714276,0.4596461415074911,0.39489239528180914,0.9999911578464186,16.0,2.158764915176642,0.3092671442268128,42570.0,0.13626000952791648,0.4518653396620198,0.41187465103169446,1.0,24.0,2.1448937454394374,0.3493846654103025,48873.0,0.13358315124652567,0.4450423942679725,0.42137445501700027,1.0,0.9640530843986207,0.5178173719376392,1.3149918040448028,0.673725271663416,0.6474531843627472,1.1347317487192405,0.6840345500139314,0.6704886340184307
98,1e-06,423.6158170009994,87965,True,14,2830.68994140625,3176.0,0.5391557992621646,0.35425465173359894,0.07273339329964046,0.05897551712356286,3.347960193665302e-06,-0.005891947550971936,0.0134616900470151,0.0020192535848922635,1.1412318531165455,0.05706159360754219,0.9176564840314746,2.8484940264283054,0.30000001192092896,2.9560087339279066,0.7635895796814385,3.868365245044964,0.9992674779769889,-0.23567789829555044,2.9560087339279066,19.221133626588205,0.01869181976936351,0.02302615490718898,0.0014469012741872489,0.09045203267570873,0.08860538331911462,0.0018466493541286501,-0.0200653076171875,0.32598964012779075,0.35059280190839387,0.3234175378063213,0.0743075080462216,0.047091224050945596,0.06943958145122991,8.0,1.6553421487022275,0.3839324985374631,21708.0,0.23265904749032326,0.5228467779023516,0.24449417418638256,0.9419086337973985,16.0,2.0738511645659794,0.32481874772662667,25191.0,0.19335858418739776,0.4993596157603613,0.30728179960897956,0.9999899285776978,16.0,2.0427663825041504,0.33701437491330694,29746.0,0.14545406561125956,0.4594233748955082,0.3951225591470316,0.9999849524566582,16.0,2.159819403895224,0.3090018638290911,42361.0,0.13619759399025388,0.45193983211824273,0.4118625735619121,0.9999995557108935,24.0,2.1448894180537823,0.3495090592658658,48678.0,0.13359297992144306,0.4451189055328289,0.4212881145706421,1.0,0.9649935560277265,0.5033407572383074,1.3155068785541733,0.6753970465310671,0.6487801829579879,1.1343468310076334,0.6837559208693229,0.6702306352678448
99,1e-06,433.6725325520001,88862,True,15,2830.68994140625,3176.0,0.5422410187805047,0.3566451362868188,0.07306830916436821,0.05906747666148105,3.3440556928435937e-06,-0.005891551731011003,0.014503943160816775,0.0021755915607991954,1.1434543780722195,0.05717271987982516,0.9166811801187712,2.8374980677506647,0.30000001192092896,2.9560708905625,0.7636056354981056,3.8683661050758973,0.9992677010879973,-0.23566206558989175,2.9560708905625,19.222329428014163,0.0186880506571085,0.023041431197031812,0.0014493983219260554,0.09044390637476228,0.08859852351539706,0.0018453828792915508,-0.0200653076171875,0.32584729066313306,0.3505561926614537,0.3235964968002778,0.07427435703418601,0.047033791014769386,0.06934755834773182,8.0,1.6549769317498795,0.38406357449329886,21736.0,0.2326054956028631,0.522691188585987,0.24470331608831805,0.9418786439370277,16.0,2.074190845343008,0.32484969107030665,25141.0,0.1933869151248342,0.4992665523620537,0.3073465329283453,0.9999916761944364,16.0,2.0425951054670155,0.33711711944795963,30446.0,0.14549936853685808,0.45949963017949874,0.3950010015852063,0.999990046894236,16.0,2.159170583197264,0.3093378649447554,42664.0,0.13613444559979146,0.4517825387264893,0.41208301515883006,1.0,24.0,2.145901257218876,0.3493919152879487,48722.0,0.13361344695622746,0.4451051367976008,0.42128141620464843,1.0,0.9631822773346337,0.5189309576837416,1.3154217413322744,0.6745611590972416,0.6480261536994314,1.1342612941406602,0.6826414042908888,0.6691542578584746
