row_index,true_label,true_class_name,v22_model_raw_pred,v23_model_raw_pred,v22_L5_probe_pred,v23_L5_probe_pred,v22_L2_probe_pred,v23_L2_probe_pred,v22_L2_L5_raw_pred,v23_L2_L5_raw_pred,v22_PCA_L2_L5_pred,v23_PCA_L2_L5_pred
0,0,Angry,0,0,0,1,0,0,0,1,0,1
1,5,Surprise,4,5,4,5,4,4,4,5,4,5
2,6,Neutral,2,6,2,6,2,2,2,6,2,6
3,4,Sad,0,0,0,0,0,1,0,0,0,0
4,2,Fear,2,2,2,2,0,2,2,2,2,2
5,0,Angry,0,0,0,0,0,0,0,0,0,0
6,4,Sad,6,6,6,6,6,6,6,6,6,6
7,3,Happy,3,3,3,3,3,3,3,3,3,3
8,0,Angry,2,2,2,2,2,0,2,2,0,2
9,3,Happy,3,3,3,5,3,3,3,3,3,3
10,5,Surprise,3,3,3,3,3,3,3,3,3,3
11,3,Happy,3,3,3,3,3,3,3,3,3,3
12,4,Sad,6,6,6,6,6,6,6,6,6,6
13,4,Sad,2,6,2,4,4,4,2,2,2,2
14,0,Angry,6,6,6,6,6,6,6,6,6,6
15,6,Neutral,6,6,6,6,6,6,6,6,6,6
16,2,Fear,2,2,2,2,2,2,2,2,2,2
17,5,Surprise,5,5,5,5,5,5,5,5,5,5
18,4,Sad,4,4,4,4,4,2,4,4,4,4
19,2,Fear,2,2,2,2,2,2,2,2,2,2
20,3,Happy,3,3,3,3,3,3,3,3,3,3
21,6,Neutral,6,6,6,6,6,6,6,3,6,3
22,0,Angry,0,0,0,0,0,0,0,0,0,0
23,6,Neutral,6,6,6,6,6,4,6,6,6,6
24,3,Happy,3,3,3,3,3,3,3,3,3,3
25,2,Fear,4,2,4,2,6,2,4,2,4,2
26,5,Surprise,5,5,5,5,5,5,5,5,5,5
27,6,Neutral,4,2,4,6,2,6,4,6,2,6
28,6,Neutral,6,6,6,6,6,6,6,6,6,6
29,3,Happy,0,0,0,0,0,0,0,0,0,0
30,4,Sad,4,6,4,4,4,4,4,6,4,6
31,6,Neutral,3,3,3,3,3,4,3,6,3,3
32,6,Neutral,4,6,4,6,4,6,4,6,4,6
33,0,Angry,2,2,0,2,0,4,2,2,4,2
34,1,Disgust,1,1,1,1,1,1,1,1,1,1
35,3,Happy,3,3,3,3,3,3,3,3,3,3
36,5,Surprise,2,2,2,0,5,2,2,0,2,0
37,0,Angry,4,0,2,0,2,2,4,0,2,0
38,0,Angry,0,0,0,0,0,0,0,0,0,0
39,4,Sad,4,2,0,2,0,2,0,2,0,2
40,6,Neutral,6,6,6,6,6,6,6,6,6,6
41,4,Sad,4,4,6,2,6,6,6,2,6,2
42,2,Fear,2,2,2,2,2,4,2,2,2,2
43,4,Sad,4,4,4,2,4,2,4,2,4,2
44,2,Fear,6,6,6,6,6,6,6,6,6,6
45,4,Sad,4,4,4,4,4,4,4,4,4,4
46,3,Happy,3,3,3,3,3,3,3,3,3,3
47,6,Neutral,6,6,6,6,6,6,6,6,6,6
48,3,Happy,3,6,3,6,3,3,3,6,3,6
49,3,Happy,3,3,3,3,3,3,3,3,3,3
50,4,Sad,4,4,4,4,4,4,4,4,4,4
51,2,Fear,5,2,5,2,2,2,5,2,5,2
52,3,Happy,3,3,3,3,3,3,3,3,3,3
53,2,Fear,0,0,0,0,0,0,0,0,0,0
54,0,Angry,0,6,0,0,0,0,0,6,0,0
55,4,Sad,0,0,0,0,0,0,0,0,0,5
56,3,Happy,3,5,3,5,3,3,3,5,3,5
57,6,Neutral,6,6,6,6,6,2,6,6,6,6
58,6,Neutral,4,6,6,6,2,6,4,6,0,6
59,2,Fear,2,4,2,4,4,4,2,4,4,4
60,6,Neutral,4,6,3,6,4,6,3,6,3,6
61,4,Sad,5,5,5,5,5,5,5,5,5,5
62,6,Neutral,6,6,6,6,6,3,6,6,6,6
63,3,Happy,6,6,6,6,6,6,6,6,6,6
64,0,Angry,0,3,0,3,0,3,0,4,0,3
65,0,Angry,0,0,0,0,0,0,0,0,0,0
66,3,Happy,3,3,3,3,3,3,3,3,3,3
67,5,Surprise,5,5,5,5,5,5,5,5,5,5
68,6,Neutral,6,6,6,6,6,6,6,6,6,6
69,0,Angry,2,2,2,2,2,2,0,2,2,2
70,2,Fear,0,0,0,2,4,0,0,2,0,2
71,5,Surprise,0,0,0,0,0,0,0,0,0,0
72,5,Surprise,5,5,5,5,5,5,5,5,5,5
73,6,Neutral,0,0,0,0,0,0,0,0,0,0
74,3,Happy,3,3,3,3,3,3,3,3,3,3
75,0,Angry,0,6,0,6,0,6,0,6,0,6
76,6,Neutral,6,6,6,6,6,6,6,6,6,6
77,0,Angry,4,4,4,4,4,2,4,4,4,4
78,5,Surprise,5,5,5,5,5,5,5,5,5,5
79,3,Happy,3,0,3,0,3,0,3,0,3,0
80,2,Fear,2,2,2,2,2,5,2,2,2,2
81,3,Happy,3,3,3,3,3,3,3,3,3,3
82,5,Surprise,5,5,5,5,5,5,5,5,5,5
83,6,Neutral,4,6,4,4,4,3,4,6,4,6
84,3,Happy,3,6,3,6,3,6,3,6,3,6
85,4,Sad,4,4,4,4,4,6,4,4,4,4
86,6,Neutral,4,6,4,4,6,6,4,4,4,4
87,2,Fear,2,2,2,2,2,2,2,2,2,2
88,3,Happy,3,3,3,3,3,3,3,3,3,3
89,3,Happy,3,3,3,3,3,3,3,3,3,3
90,3,Happy,3,3,3,3,3,3,3,3,3,3
91,2,Fear,2,2,2,2,2,5,2,2,2,2
92,4,Sad,0,2,0,2,0,4,0,2,0,2
93,6,Neutral,6,6,6,6,6,6,6,6,6,6
94,6,Neutral,2,6,2,2,6,2,2,2,2,0
95,4,Sad,4,4,4,2,4,4,4,2,4,2
96,4,Sad,4,4,4,4,4,4,4,4,4,4
97,5,Surprise,5,5,5,5,5,5,5,5,5,5
98,4,Sad,4,4,4,4,4,4,4,4,4,4
99,6,Neutral,6,6,6,6,6,6,6,6,6,6
100,5,Surprise,5,5,5,5,5,5,5,5,5,5
101,3,Happy,3,3,3,3,3,3,3,3,3,3
102,6,Neutral,6,6,6,4,6,6,6,4,6,4
103,6,Neutral,6,6,6,6,6,6,6,6,6,6
104,3,Happy,3,3,3,3,3,3,3,3,3,3
105,4,Sad,3,3,3,3,3,3,3,3,0,3
106,5,Surprise,5,5,5,5,5,5,5,5,5,5
107,5,Surprise,5,5,5,5,5,5,5,5,5,5
108,5,Surprise,5,0,5,0,5,0,5,0,5,0
109,3,Happy,3,3,3,3,3,3,3,3,3,3
110,0,Angry,0,0,0,0,0,0,0,0,0,0
111,3,Happy,3,3,3,3,3,3,3,3,3,3
112,0,Angry,0,0,0,0,0,0,0,0,0,0
113,0,Angry,0,0,0,0,0,0,0,0,0,0
114,3,Happy,3,3,3,3,3,3,3,3,3,3
115,3,Happy,6,6,6,6,6,6,6,6,6,6
116,3,Happy,3,3,3,3,3,3,3,3,3,3
117,3,Happy,3,2,6,4,3,2,3,4,3,4
118,3,Happy,3,3,3,3,3,3,3,3,3,3
119,0,Angry,0,6,4,3,4,3,4,3,4,6
120,6,Neutral,6,6,6,6,6,6,6,6,6,6
121,3,Happy,3,3,3,3,3,3,3,3,3,3
122,5,Surprise,5,5,5,5,5,5,5,5,5,5
123,4,Sad,4,4,4,4,4,4,4,4,4,4
124,4,Sad,2,4,2,4,2,2,2,4,2,4
125,0,Angry,4,4,4,4,4,0,4,4,4,4
126,4,Sad,2,4,4,4,2,4,6,4,6,4
127,3,Happy,3,3,3,3,3,3,3,3,3,3
128,3,Happy,3,3,3,3,3,3,3,3,3,3
129,3,Happy,3,3,3,3,3,3,3,3,3,3
130,6,Neutral,6,6,6,6,6,6,6,6,6,6
131,3,Happy,3,3,3,3,3,3,3,3,3,3
132,2,Fear,2,2,4,2,4,2,4,2,4,2
133,0,Angry,0,0,0,0,4,4,0,4,0,4
134,5,Surprise,5,5,5,5,5,5,5,5,5,5
135,0,Angry,0,0,0,0,0,0,0,0,0,0
136,6,Neutral,6,6,6,6,6,6,6,6,6,6
137,6,Neutral,6,6,6,6,6,6,6,6,6,6
138,3,Happy,3,3,3,0,3,3,3,0,3,0
139,0,Angry,0,0,0,0,0,0,0,2,0,0
140,2,Fear,2,2,4,2,2,2,4,2,4,2
141,3,Happy,3,3,3,3,3,3,3,3,3,3
142,3,Happy,3,3,3,3,3,3,3,3,3,3
143,4,Sad,2,4,2,0,2,4,2,0,2,0
144,0,Angry,4,0,6,0,4,4,6,6,4,6
145,6,Neutral,6,6,4,6,4,6,4,6,4,6
146,5,Surprise,5,5,2,5,5,5,5,5,5,5
147,6,Neutral,4,6,4,6,4,4,0,6,4,6
148,4,Sad,6,6,6,4,6,6,6,4,6,4
149,2,Fear,2,2,2,2,2,2,2,2,2,2
150,6,Neutral,6,6,6,6,6,6,6,6,6,6
151,6,Neutral,6,6,6,6,6,6,6,6,6,6
152,6,Neutral,6,6,6,6,6,6,6,6,6,6
153,6,Neutral,6,4,6,4,6,2,6,4,6,4
154,6,Neutral,0,6,0,6,0,0,3,6,0,6
155,5,Surprise,5,2,5,2,5,2,5,2,5,2
156,0,Angry,4,2,5,2,4,2,5,2,4,2
157,0,Angry,4,2,4,4,4,0,4,4,4,4
158,6,Neutral,6,6,6,6,6,6,6,6,6,6
159,3,Happy,3,3,3,3,3,3,3,3,3,3
160,4,Sad,2,6,4,6,2,6,4,6,0,6
161,5,Surprise,5,5,5,5,5,3,5,5,5,5
162,3,Happy,3,3,3,3,3,3,3,3,3,3
163,2,Fear,2,2,2,2,2,5,2,2,2,2
164,6,Neutral,6,6,6,6,6,6,6,6,6,6
165,2,Fear,4,2,4,2,2,2,4,2,4,2
166,0,Angry,4,4,0,4,2,2,0,6,0,4
167,0,Angry,5,5,5,5,5,5,5,5,5,5
168,3,Happy,3,3,3,3,3,3,3,3,3,3
169,6,Neutral,6,6,6,3,6,3,6,3,6,6
170,3,Happy,3,3,3,3,3,3,3,3,3,3
171,5,Surprise,5,5,5,5,5,5,5,5,5,5
172,0,Angry,0,0,0,0,4,0,0,0,0,0
173,3,Happy,3,3,3,3,3,3,3,3,3,3
174,4,Sad,6,6,6,6,6,6,4,6,6,6
175,0,Angry,0,0,0,0,0,0,0,0,0,0
176,6,Neutral,6,6,6,6,6,6,6,6,6,6
177,2,Fear,4,4,2,4,2,4,2,4,2,4
178,1,Disgust,4,0,1,0,4,2,4,0,4,0
179,6,Neutral,4,2,4,2,2,2,4,2,4,2
180,4,Sad,4,4,4,4,4,4,4,4,4,4
181,6,Neutral,6,6,6,6,6,6,6,6,6,6
182,6,Neutral,6,6,6,6,6,6,6,6,6,6
183,0,Angry,0,0,0,0,0,0,0,0,0,0
184,0,Angry,6,6,6,6,6,6,6,4,6,6
185,6,Neutral,6,6,6,6,6,6,6,6,6,6
186,5,Surprise,5,5,5,5,5,5,5,5,5,5
187,2,Fear,2,2,2,2,2,2,2,2,2,2
188,4,Sad,4,4,4,4,4,4,4,4,4,4
189,1,Disgust,2,2,2,2,2,2,2,2,2,2
190,3,Happy,3,3,3,3,3,3,3,3,3,3
191,2,Fear,2,2,2,2,0,2,2,2,2,2
192,6,Neutral,6,6,6,6,6,6,2,6,6,6
193,3,Happy,3,6,3,6,6,6,0,6,4,6
194,6,Neutral,6,4,6,4,6,4,4,4,4,4
195,2,Fear,5,5,5,5,5,5,5,5,5,5
196,5,Surprise,5,5,5,5,5,5,5,5,5,5
197,0,Angry,0,4,0,4,4,4,0,4,0,4
198,2,Fear,2,2,2,2,2,2,2,2,2,2
199,3,Happy,3,3,3,3,3,3,3,3,3,3
200,2,Fear,2,2,2,2,2,2,2,2,2,2
201,4,Sad,4,4,4,4,2,2,4,4,4,4
202,2,Fear,4,4,4,4,2,4,4,4,4,4
203,4,Sad,2,6,2,6,6,6,2,6,2,2
204,4,Sad,6,6,6,6,4,6,6,6,6,6
205,6,Neutral,2,6,2,6,2,6,2,6,2,6
206,2,Fear,2,2,2,2,2,3,2,2,2,2
207,2,Fear,5,5,5,5,5,5,5,5,5,5
208,0,Angry,0,0,0,5,0,6,0,5,0,3
209,2,Fear,2,2,2,2,2,2,2,2,2,2
210,6,Neutral,4,2,4,2,4,0,4,2,4,2
211,6,Neutral,6,6,6,6,6,6,6,6,6,6
212,5,Surprise,5,5,5,5,5,5,5,5,5,5
213,0,Angry,6,0,6,0,6,6,6,0,6,0
214,0,Angry,0,0,0,0,0,0,0,0,0,0
215,5,Surprise,6,2,6,2,6,2,6,2,6,2
216,6,Neutral,6,6,6,6,3,6,6,6,6,6
217,3,Happy,3,3,3,3,3,3,3,3,3,3
218,6,Neutral,0,6,0,6,6,6,0,6,0,6
219,6,Neutral,6,6,4,6,4,6,3,4,4,2
220,2,Fear,4,4,4,4,4,4,4,4,4,4
221,2,Fear,4,4,4,4,4,4,4,4,4,4
222,5,Surprise,2,4,2,4,4,4,2,4,2,4
223,5,Surprise,5,5,5,5,5,5,5,5,5,5
224,4,Sad,6,6,6,6,6,6,6,6,6,6
225,3,Happy,4,6,5,6,3,6,6,6,6,6
226,2,Fear,2,2,2,2,2,0,2,2,2,2
227,1,Disgust,1,1,1,1,1,1,1,1,1,1
228,5,Surprise,5,5,5,5,5,5,5,5,5,5
229,3,Happy,3,3,3,3,3,3,3,3,3,3
230,3,Happy,3,3,3,3,3,3,3,3,3,6
231,6,Neutral,6,4,4,4,6,4,3,4,3,4
232,5,Surprise,5,5,5,5,5,5,5,5,5,5
233,1,Disgust,1,1,1,1,1,2,1,1,1,1
234,2,Fear,2,2,6,2,4,2,2,2,2,2
235,2,Fear,4,4,4,4,6,2,4,4,4,4
236,0,Angry,0,0,0,4,0,0,0,4,0,4
237,5,Surprise,5,5,2,5,2,6,2,5,2,5
238,3,Happy,3,6,3,3,3,6,3,3,3,3
239,6,Neutral,0,6,0,5,0,2,0,5,0,6
240,2,Fear,5,2,5,2,0,0,5,2,5,2
241,4,Sad,0,4,0,6,2,6,0,6,0,4
242,0,Angry,0,0,0,0,0,0,0,0,0,0
243,3,Happy,3,3,3,3,3,3,3,3,3,3
244,5,Surprise,3,5,6,5,3,6,6,5,3,5
245,3,Happy,3,3,3,3,3,3,3,3,3,3
246,3,Happy,3,3,3,3,3,3,3,3,3,3
247,4,Sad,4,6,4,0,0,6,4,4,4,6
248,1,Disgust,0,0,0,0,0,2,0,0,0,0
249,6,Neutral,6,6,6,6,6,6,6,6,6,6
250,4,Sad,0,2,2,2,2,4,0,2,2,2
251,0,Angry,2,0,0,0,0,6,2,0,0,0
252,0,Angry,2,6,2,6,2,6,2,6,2,6
253,2,Fear,4,2,4,2,4,2,4,2,4,2
254,4,Sad,4,4,4,4,4,4,4,4,4,4
255,5,Surprise,5,5,5,5,5,5,5,5,5,5
256,3,Happy,3,3,3,3,3,3,3,3,3,3
257,3,Happy,3,3,3,3,3,3,3,3,3,3
258,3,Happy,3,3,3,3,3,3,3,3,3,3
259,3,Happy,0,3,0,6,2,4,0,0,0,3
260,3,Happy,6,3,3,3,6,3,6,3,4,3
261,0,Angry,0,0,0,0,0,0,0,0,0,0
262,3,Happy,3,3,3,3,2,3,3,3,3,3
263,6,Neutral,6,6,6,6,6,6,6,6,6,6
264,4,Sad,4,3,4,3,4,3,4,3,4,3
265,2,Fear,5,5,5,5,3,3,5,2,5,2
266,6,Neutral,6,6,6,6,6,6,2,6,1,6
267,4,Sad,0,0,0,0,0,0,0,0,0,0
268,2,Fear,2,2,2,2,2,2,2,2,2,2
269,6,Neutral,4,4,4,4,4,6,4,4,6,4
270,3,Happy,3,3,3,3,3,3,3,3,3,3
271,2,Fear,2,2,2,2,2,2,2,2,2,2
272,3,Happy,5,5,5,5,5,5,5,5,5,5
273,4,Sad,4,4,4,4,4,4,4,4,4,4
274,4,Sad,4,4,4,4,0,0,4,4,4,4
275,3,Happy,3,3,3,3,3,3,3,3,3,3
276,3,Happy,3,3,3,3,3,3,3,3,3,3
277,0,Angry,4,4,4,4,6,4,4,4,4,6
278,6,Neutral,6,6,6,6,6,6,6,6,6,6
279,6,Neutral,6,6,6,6,6,6,6,6,6,6
280,0,Angry,0,0,0,0,0,0,0,0,0,0
281,4,Sad,2,4,2,4,2,4,2,4,2,4
282,4,Sad,2,2,2,4,4,4,2,4,2,4
283,6,Neutral,3,3,3,3,3,6,3,3,3,3
284,4,Sad,4,6,6,6,6,6,6,6,6,6
285,4,Sad,0,0,0,0,0,0,0,0,0,0
286,0,Angry,0,0,0,0,0,0,0,0,0,0
287,6,Neutral,2,4,4,4,1,3,4,4,4,4
288,5,Surprise,2,4,4,4,3,3,6,3,6,4
289,6,Neutral,6,2,6,3,0,3,6,3,2,3
290,2,Fear,2,2,2,2,2,2,5,2,5,2
291,4,Sad,4,4,4,4,4,2,4,4,4,4
292,3,Happy,3,3,3,3,3,3,3,3,3,3
293,4,Sad,0,6,0,6,0,6,0,6,0,6
294,4,Sad,0,6,6,6,2,6,0,6,2,6
295,0,Angry,0,0,0,0,0,0,0,0,0,0
296,3,Happy,3,3,3,3,3,3,3,3,3,3
297,3,Happy,3,3,3,3,3,3,3,3,3,3
298,0,Angry,0,2,0,6,4,0,0,6,0,6
299,6,Neutral,6,6,6,6,6,6,6,6,6,6
300,5,Surprise,6,4,6,6,6,2,6,6,6,6
301,0,Angry,2,2,2,2,0,2,2,2,2,2
302,0,Angry,0,0,0,0,0,0,0,0,0,0
303,0,Angry,0,0,0,0,0,0,0,0,0,0
304,4,Sad,6,0,6,0,6,6,6,0,6,0
305,0,Angry,0,3,2,3,3,5,2,3,2,3
306,4,Sad,4,4,4,4,4,4,4,4,4,4
307,6,Neutral,6,6,6,6,6,6,6,6,6,6
308,6,Neutral,0,4,0,2,2,4,0,2,0,2
309,3,Happy,3,3,3,3,3,3,3,3,3,3
310,6,Neutral,6,6,6,6,6,6,6,6,6,6
311,6,Neutral,4,0,4,0,4,4,6,0,4,0
312,0,Angry,0,0,0,0,0,0,0,0,0,0
313,5,Surprise,5,5,5,5,5,5,5,5,5,5
314,4,Sad,0,0,0,0,0,2,0,0,0,0
315,4,Sad,4,4,4,4,4,4,4,4,4,4
316,3,Happy,3,3,3,3,3,3,3,3,3,3
317,6,Neutral,3,6,3,6,3,6,3,6,3,6
318,4,Sad,2,0,2,0,2,2,2,0,2,0
319,0,Angry,4,6,4,6,4,6,4,6,4,6
320,3,Happy,3,3,3,3,3,3,3,3,3,3
321,2,Fear,6,6,6,6,6,6,6,6,6,6
322,6,Neutral,6,6,6,6,4,6,6,6,6,6
323,2,Fear,2,2,2,2,2,2,2,2,2,2
324,0,Angry,4,0,4,0,4,2,4,0,4,0
325,2,Fear,2,0,2,2,2,2,2,0,2,2
326,3,Happy,3,4,4,3,3,4,3,3,3,3
327,6,Neutral,6,2,6,2,6,6,6,2,6,2
328,4,Sad,4,4,4,2,4,4,4,2,4,2
329,3,Happy,3,3,3,3,3,3,3,3,3,3
330,3,Happy,0,3,0,3,0,6,0,3,0,3
331,3,Happy,3,3,3,3,3,3,3,3,3,3
332,5,Surprise,5,5,3,5,5,5,5,5,5,5
333,6,Neutral,0,4,0,4,4,4,0,4,0,4
334,6,Neutral,6,6,6,6,6,6,6,6,6,6
335,5,Surprise,5,5,5,5,5,2,5,5,5,5
336,6,Neutral,6,6,6,6,6,6,6,6,6,6
337,0,Angry,0,5,0,5,5,5,0,5,0,5
338,6,Neutral,6,5,4,5,0,5,4,6,4,3
339,4,Sad,4,4,4,2,4,4,4,2,4,4
340,0,Angry,0,0,0,0,4,2,0,2,0,0
341,6,Neutral,4,4,4,4,6,4,4,4,4,4
342,4,Sad,0,2,2,3,2,2,0,3,0,3
343,3,Happy,3,4,3,4,5,4,5,4,5,4
344,2,Fear,2,2,2,2,4,2,2,2,2,2
345,0,Angry,0,0,0,0,0,0,0,0,0,0
346,3,Happy,3,3,3,3,3,3,3,3,3,3
347,5,Surprise,5,5,5,5,5,3,5,5,5,5
348,0,Angry,0,0,3,0,0,0,3,0,0,0
349,0,Angry,0,0,0,0,2,0,0,0,0,0
350,3,Happy,3,3,3,3,3,3,3,3,3,3
351,2,Fear,5,5,5,5,5,5,5,5,5,5
352,0,Angry,0,0,0,0,0,0,6,0,4,0
353,0,Angry,4,6,4,6,4,6,4,6,4,6
354,5,Surprise,5,5,5,5,5,5,5,5,5,5
355,6,Neutral,6,4,6,4,6,4,6,4,6,4
356,4,Sad,0,0,0,0,0,0,0,0,0,0
357,3,Happy,3,0,3,0,3,4,3,0,3,0
358,2,Fear,4,4,4,4,4,4,4,4,4,4
359,3,Happy,3,3,3,3,3,3,3,3,3,3
360,2,Fear,2,2,2,2,2,2,2,2,2,2
361,3,Happy,3,3,3,3,3,3,3,3,3,3
362,5,Surprise,3,3,3,3,3,3,3,3,3,3
363,4,Sad,4,4,4,4,4,4,4,4,4,4
364,0,Angry,5,0,5,0,5,0,5,0,5,0
365,3,Happy,3,3,3,3,3,3,3,3,3,3
366,0,Angry,4,4,4,4,4,4,4,4,4,4
367,4,Sad,4,4,4,0,4,4,4,0,4,4
368,6,Neutral,6,6,6,6,4,6,6,6,6,6
369,4,Sad,2,4,2,4,6,6,2,4,2,4
370,4,Sad,4,2,4,2,4,2,4,0,4,2
371,3,Happy,3,3,3,3,3,3,3,3,3,3
372,3,Happy,3,3,3,3,3,3,3,3,3,3
373,6,Neutral,6,0,6,4,4,6,6,4,6,0
374,6,Neutral,4,4,4,4,4,4,4,4,4,4
375,4,Sad,2,4,2,4,4,0,4,4,4,4
376,3,Happy,4,4,2,4,4,4,4,4,2,4
377,5,Surprise,5,0,5,0,5,5,5,0,5,0
378,3,Happy,6,3,6,3,3,3,6,3,6,3
379,3,Happy,6,6,4,6,0,4,4,6,4,6
380,3,Happy,3,3,3,3,3,3,3,3,3,3
381,6,Neutral,2,4,2,6,2,6,2,6,2,2
382,5,Surprise,2,2,2,2,2,5,2,2,2,2
383,1,Disgust,1,1,1,1,1,1,1,1,1,1
384,2,Fear,0,6,0,6,6,6,6,6,0,6
385,6,Neutral,5,2,5,2,4,6,5,2,5,2
386,3,Happy,0,2,0,2,0,5,0,2,0,2
387,2,Fear,6,5,6,5,6,5,6,5,6,5
388,3,Happy,3,3,3,3,3,3,3,3,3,3
389,3,Happy,3,3,3,3,3,3,3,3,3,3
390,2,Fear,6,6,6,6,6,6,4,6,4,6
391,2,Fear,5,2,2,2,5,2,2,2,2,2
392,3,Happy,3,3,3,3,3,3,3,3,3,3
393,2,Fear,2,2,2,2,2,2,2,2,2,2
394,2,Fear,4,4,4,4,4,4,4,4,4,4
395,4,Sad,6,4,4,4,6,4,4,4,4,4
396,4,Sad,4,4,4,4,4,4,2,4,4,4
397,5,Surprise,4,4,6,4,4,6,4,4,6,4
398,2,Fear,5,5,2,5,5,2,5,2,2,2
399,6,Neutral,3,3,3,3,3,3,3,4,3,0
400,2,Fear,2,2,2,2,2,4,2,2,2,2
401,3,Happy,3,3,3,3,3,3,3,3,3,3
402,6,Neutral,6,6,6,6,6,6,6,3,6,6
403,3,Happy,3,3,3,3,3,3,3,3,3,3
404,6,Neutral,6,6,4,6,4,3,6,6,6,6
405,4,Sad,6,6,6,6,6,6,6,6,6,6
406,6,Neutral,6,4,6,4,6,6,6,4,6,4
407,6,Neutral,4,0,4,0,4,4,4,0,4,0
408,2,Fear,4,6,6,6,6,6,6,6,6,3
409,4,Sad,4,2,4,2,4,2,4,2,4,2
410,3,Happy,5,3,3,3,5,5,5,3,3,3
411,0,Angry,4,4,4,4,4,3,4,4,4,4
412,0,Angry,0,0,0,0,0,0,0,0,0,0
413,4,Sad,0,0,0,0,0,0,0,0,0,0
414,6,Neutral,6,6,6,6,6,6,6,6,6,6
415,5,Surprise,2,5,2,5,2,5,2,5,2,5
416,6,Neutral,6,6,6,6,6,6,6,6,6,6
417,4,Sad,0,0,0,0,0,0,0,0,0,0
418,5,Surprise,5,5,5,5,5,5,5,5,5,5
419,1,Disgust,1,1,1,1,2,1,2,1,2,1
420,0,Angry,0,0,0,0,0,0,0,0,0,0
421,2,Fear,4,4,4,4,4,2,4,4,4,4
422,2,Fear,5,5,5,2,5,5,5,2,5,2
423,3,Happy,3,3,3,3,3,3,3,3,3,3
424,5,Surprise,5,5,5,5,5,5,5,5,5,5
425,3,Happy,3,3,3,3,3,3,3,3,3,3
426,6,Neutral,6,6,6,6,6,6,6,6,6,6
427,3,Happy,3,4,3,4,3,5,3,4,3,4
428,6,Neutral,6,6,6,6,6,6,6,6,6,6
429,5,Surprise,5,5,5,2,5,5,5,2,5,2
430,3,Happy,3,3,3,3,3,3,3,3,3,3
431,6,Neutral,4,6,4,6,4,4,4,6,4,6
432,6,Neutral,6,6,6,6,6,6,6,6,6,6
433,4,Sad,4,4,4,4,4,4,4,4,4,4
434,3,Happy,3,3,3,3,3,3,3,3,3,3
435,3,Happy,3,3,3,3,3,3,3,3,3,3
436,5,Surprise,5,5,5,5,5,5,5,5,5,5
437,6,Neutral,2,2,2,0,2,0,2,0,2,0
438,0,Angry,6,6,6,6,6,6,6,6,6,6
439,3,Happy,3,3,3,3,3,3,3,3,3,3
440,2,Fear,4,4,4,0,4,2,4,0,4,5
441,6,Neutral,4,2,4,2,2,4,4,2,4,2
442,6,Neutral,6,6,6,6,6,6,6,6,6,6
443,3,Happy,3,3,3,3,3,3,3,3,3,3
444,4,Sad,6,0,6,6,6,4,6,0,6,0
445,3,Happy,4,2,2,2,2,3,2,2,2,2
446,4,Sad,4,2,4,2,0,0,4,2,4,2
447,4,Sad,2,4,4,4,4,2,4,4,4,4
448,3,Happy,3,3,3,3,3,3,3,3,3,3
449,3,Happy,3,3,3,3,3,3,3,3,3,3
450,6,Neutral,4,4,2,4,4,4,2,4,2,4
451,5,Surprise,5,5,5,5,5,5,5,5,5,5
452,6,Neutral,6,6,0,0,6,6,0,0,6,0
453,0,Angry,0,0,0,0,0,0,0,0,0,0
454,6,Neutral,4,4,4,4,2,4,4,4,4,4
455,5,Surprise,5,5,5,5,5,5,5,5,5,5
456,4,Sad,0,0,2,0,2,2,2,0,2,0
457,0,Angry,0,0,0,0,0,0,0,0,0,0
458,5,Surprise,5,5,5,5,5,5,5,5,5,5
459,3,Happy,0,0,0,0,0,0,0,0,0,0
460,2,Fear,2,2,2,2,2,2,2,2,2,2
461,4,Sad,4,4,4,4,4,0,4,4,4,4
462,6,Neutral,6,6,6,6,6,6,6,6,6,6
463,2,Fear,2,1,3,1,2,0,3,1,3,1
464,5,Surprise,5,5,5,5,5,5,5,5,5,5
465,3,Happy,3,3,3,3,3,3,3,3,3,3
466,3,Happy,3,3,3,3,3,3,3,3,3,3
467,0,Angry,4,4,4,4,4,4,4,4,4,4
468,2,Fear,4,4,4,4,4,4,4,4,4,4
469,3,Happy,3,3,3,3,3,3,3,3,3,3
470,4,Sad,6,6,6,6,4,6,6,6,6,6
471,3,Happy,3,3,3,3,3,3,3,3,3,3
472,4,Sad,6,6,6,6,6,6,6,6,6,6
473,0,Angry,5,5,5,5,2,5,5,5,5,5
474,2,Fear,4,4,4,4,2,4,4,4,4,4
475,3,Happy,3,3,3,3,3,3,3,3,3,3
476,5,Surprise,5,5,5,5,5,5,5,5,5,5
477,0,Angry,0,0,0,0,0,4,0,0,0,0
478,0,Angry,0,0,0,0,0,0,0,4,0,0
479,0,Angry,0,0,0,0,0,0,0,0,0,0
480,6,Neutral,4,4,4,4,2,4,4,4,4,4
481,6,Neutral,6,6,6,6,6,6,4,4,4,4
482,5,Surprise,5,5,5,5,5,5,5,5,5,5
483,3,Happy,3,3,3,3,3,3,3,3,3,3
484,6,Neutral,6,6,6,6,6,6,6,6,6,6
485,6,Neutral,6,6,6,6,6,6,6,6,6,6
486,2,Fear,4,4,4,4,4,4,4,4,4,2
487,3,Happy,5,2,5,2,5,2,5,2,5,2
488,6,Neutral,6,6,6,6,6,6,6,6,6,6
489,6,Neutral,6,6,6,6,6,6,6,6,6,6
490,6,Neutral,1,1,1,1,1,2,1,1,1,1
491,2,Fear,4,2,4,2,2,4,4,2,4,4
492,4,Sad,0,0,0,0,0,0,0,0,0,0
493,4,Sad,0,4,0,4,4,3,0,6,0,6
494,6,Neutral,6,6,6,6,6,6,6,6,6,6
495,6,Neutral,6,6,6,6,6,3,6,6,6,6
496,2,Fear,2,2,2,2,2,2,2,2,2,2
497,2,Fear,0,2,2,2,2,2,2,2,2,2
498,3,Happy,3,3,3,3,3,3,3,3,3,3
499,3,Happy,3,3,3,3,3,3,3,3,3,3
500,2,Fear,2,2,2,2,2,2,2,2,2,2
501,2,Fear,2,2,2,2,2,2,2,2,2,2
502,3,Happy,3,3,3,3,3,3,3,3,3,3
503,4,Sad,4,4,4,4,4,4,4,2,4,4
504,3,Happy,3,3,3,3,3,3,3,3,3,3
505,0,Angry,0,0,0,0,0,0,0,0,0,0
506,2,Fear,5,5,5,5,5,5,5,5,5,5
507,4,Sad,6,6,3,6,3,3,3,3,3,6
508,5,Surprise,5,5,5,5,5,5,5,5,5,5
509,2,Fear,4,2,6,2,4,2,4,2,4,2
510,3,Happy,3,3,3,3,3,0,3,3,3,3
511,3,Happy,3,4,3,4,6,4,3,4,3,4
512,0,Angry,0,0,0,0,0,0,0,0,0,0
513,4,Sad,2,2,2,2,2,1,2,2,2,2
514,4,Sad,0,0,0,0,0,0,0,0,0,0
515,2,Fear,4,4,2,2,2,4,2,4,2,4
516,4,Sad,4,4,4,4,4,4,4,4,4,4
517,5,Surprise,5,5,5,5,5,5,5,5,5,5
518,0,Angry,0,1,0,1,0,3,0,4,0,4
519,6,Neutral,6,6,6,6,6,6,6,6,6,6
520,4,Sad,2,2,2,4,2,4,2,4,2,4
521,2,Fear,5,5,2,5,2,5,2,2,2,2
522,2,Fear,4,4,4,4,4,4,4,4,4,4
523,2,Fear,4,2,4,6,4,2,4,2,4,2
524,5,Surprise,5,5,5,5,5,5,5,5,5,5
525,6,Neutral,6,6,6,6,6,6,6,6,6,6
526,5,Surprise,5,5,5,5,5,5,5,5,5,5
527,4,Sad,6,6,6,6,6,6,6,6,6,6
528,3,Happy,3,3,3,3,3,6,3,3,3,3
529,3,Happy,3,3,3,3,3,3,3,3,3,3
530,6,Neutral,6,6,6,6,6,6,6,6,6,6
531,2,Fear,4,2,4,2,4,4,2,2,4,2
532,3,Happy,3,3,3,3,3,3,3,3,3,3
533,5,Surprise,5,5,5,5,5,5,5,5,5,5
534,3,Happy,3,3,3,3,3,3,3,3,3,3
535,2,Fear,6,6,6,4,6,4,6,4,6,4
536,3,Happy,3,3,3,3,3,3,3,5,3,3
537,3,Happy,3,3,3,3,3,3,3,3,3,3
538,4,Sad,4,4,2,4,4,4,2,4,4,4
539,3,Happy,2,3,5,3,3,3,5,3,5,3
540,3,Happy,3,3,3,3,3,5,3,3,3,3
541,2,Fear,2,2,2,2,2,2,2,2,2,2
542,6,Neutral,6,6,6,6,6,6,6,6,6,6
543,0,Angry,0,6,0,2,0,6,0,2,0,2
544,6,Neutral,6,6,6,6,6,6,6,6,6,6
545,4,Sad,4,4,4,4,4,4,4,4,4,4
546,3,Happy,5,4,4,4,4,3,4,4,4,4
547,3,Happy,3,3,3,3,3,3,3,3,3,3
548,3,Happy,3,3,3,3,3,3,3,3,3,3
549,6,Neutral,6,6,4,6,6,6,4,6,4,6
550,4,Sad,6,4,4,4,4,0,4,4,4,4
551,3,Happy,6,6,4,6,4,3,6,6,4,6
552,4,Sad,2,2,2,2,2,2,2,2,2,2
553,6,Neutral,6,6,0,0,0,0,0,6,0,6
554,3,Happy,4,4,4,4,4,4,4,4,4,4
555,4,Sad,2,4,2,4,2,4,2,4,2,4
556,6,Neutral,6,6,6,6,6,6,6,6,6,6
557,6,Neutral,6,6,0,6,6,0,6,6,0,6
558,6,Neutral,4,2,2,2,0,0,2,2,2,2
559,3,Happy,2,3,0,3,0,0,0,3,0,3
560,0,Angry,0,0,0,0,0,0,0,0,0,0
561,4,Sad,3,3,3,3,3,3,3,3,3,3
562,3,Happy,3,6,3,6,3,3,3,6,3,6
563,4,Sad,4,4,4,4,4,0,4,4,4,4
564,3,Happy,6,3,6,3,4,3,6,0,6,0
565,2,Fear,0,4,0,4,0,0,0,4,0,4
566,3,Happy,3,3,3,3,3,3,3,3,3,3
567,0,Angry,0,0,0,0,0,0,0,0,0,0
568,5,Surprise,2,2,2,2,2,2,2,2,2,2
569,5,Surprise,5,5,5,5,6,4,5,5,5,6
570,3,Happy,3,3,3,3,3,3,3,3,3,3
571,4,Sad,4,4,0,0,4,4,0,0,0,0
572,6,Neutral,6,6,6,6,6,6,6,6,6,6
573,4,Sad,0,4,0,4,0,4,0,4,0,4
574,0,Angry,4,6,4,6,6,6,4,6,4,6
575,0,Angry,0,0,0,0,0,0,0,0,0,0
576,6,Neutral,6,6,6,6,6,6,6,6,6,6
577,5,Surprise,2,5,2,5,2,6,2,5,2,5
578,2,Fear,0,2,0,4,0,0,2,4,2,4
579,2,Fear,4,2,4,4,2,4,3,4,4,4
580,5,Surprise,5,5,5,5,5,5,5,5,5,5
581,2,Fear,2,2,2,2,2,0,2,2,2,2
582,0,Angry,0,0,0,0,0,0,0,0,0,0
583,0,Angry,0,0,0,0,0,0,0,0,0,0
584,3,Happy,3,3,3,3,3,3,3,3,3,3
585,3,Happy,3,3,3,3,3,3,3,3,3,3
586,5,Surprise,5,5,5,5,5,5,5,5,5,5
587,2,Fear,2,2,2,2,2,2,2,2,2,2
588,3,Happy,3,3,3,3,3,3,3,3,3,3
589,3,Happy,3,3,3,3,3,3,3,3,3,3
590,4,Sad,4,4,2,4,4,4,2,4,2,4
591,2,Fear,0,0,0,0,0,0,0,0,0,0
592,6,Neutral,6,6,6,6,6,6,6,6,6,6
593,3,Happy,3,3,3,3,3,2,3,3,3,3
594,3,Happy,3,3,3,3,3,3,3,3,3,3
595,4,Sad,3,0,4,3,3,3,4,4,4,4
596,5,Surprise,3,3,3,3,3,0,3,3,3,3
597,6,Neutral,4,6,4,6,4,4,4,6,4,6
598,3,Happy,3,3,3,3,3,3,3,3,3,3
599,3,Happy,3,3,3,3,3,3,3,3,3,3
600,4,Sad,4,4,3,4,3,4,5,4,3,4
601,3,Happy,3,3,3,3,3,3,3,3,3,3
602,6,Neutral,6,6,6,6,6,6,6,6,6,6
603,4,Sad,4,4,4,4,4,4,4,4,4,4
604,3,Happy,3,3,3,3,3,3,3,3,3,3
605,4,Sad,4,4,4,4,6,4,4,6,4,4
606,3,Happy,3,3,3,3,3,3,3,3,3,3
607,6,Neutral,2,6,2,6,2,6,2,6,2,6
608,0,Angry,0,0,0,0,0,0,0,0,0,0
609,0,Angry,3,3,3,3,3,3,3,3,3,3
610,4,Sad,4,4,4,4,4,4,4,4,4,4
611,6,Neutral,3,3,6,3,3,3,6,6,6,3
612,0,Angry,0,0,0,0,0,0,0,0,0,4
613,4,Sad,3,4,3,4,3,0,3,0,3,4
614,1,Disgust,1,1,1,1,1,1,1,1,1,1
615,3,Happy,3,3,3,3,3,3,3,3,3,3
616,6,Neutral,4,4,4,0,4,0,4,4,4,2
617,0,Angry,4,0,4,0,0,0,4,0,4,0
618,0,Angry,0,4,0,0,0,0,0,0,0,0
619,3,Happy,3,3,3,3,3,3,3,3,3,3
620,5,Surprise,5,5,5,5,5,5,5,5,5,5
621,3,Happy,3,3,4,3,3,3,4,3,4,3
622,4,Sad,3,3,3,3,3,3,3,3,3,3
623,4,Sad,6,4,6,4,6,4,6,4,6,4
624,5,Surprise,4,2,4,2,2,0,4,4,4,2
625,1,Disgust,1,1,1,1,1,1,1,1,1,1
626,5,Surprise,5,5,5,5,5,5,5,5,5,5
627,5,Surprise,5,5,5,5,5,5,5,5,5,5
628,4,Sad,4,4,4,4,4,4,4,4,4,4
629,4,Sad,0,4,0,4,0,0,4,0,4,4
630,4,Sad,4,2,4,2,0,4,4,2,0,2
631,2,Fear,2,2,2,2,2,2,2,2,2,2
632,3,Happy,4,3,4,3,4,3,4,3,4,3
633,2,Fear,2,0,2,0,0,0,0,0,2,0
634,4,Sad,4,4,4,4,4,4,4,4,4,4
635,2,Fear,2,2,2,2,2,2,2,2,2,2
636,0,Angry,0,2,0,2,0,2,0,2,0,2
637,6,Neutral,6,6,6,6,6,6,6,6,6,6
638,3,Happy,4,3,4,3,3,3,3,3,3,3
639,4,Sad,4,4,4,4,2,4,4,4,4,4
640,0,Angry,0,0,0,0,0,4,0,0,0,0
641,6,Neutral,6,0,6,6,6,0,6,6,6,6
642,2,Fear,2,5,2,5,2,2,2,5,2,5
643,2,Fear,6,6,6,6,6,6,6,6,6,6
644,3,Happy,3,3,3,3,3,3,3,3,3,3
645,5,Surprise,5,5,5,5,5,5,5,5,5,5
646,3,Happy,0,0,3,3,0,0,3,3,3,0
647,0,Angry,4,0,4,0,6,0,4,0,4,0
648,2,Fear,2,2,2,2,2,2,2,2,2,2
649,6,Neutral,3,1,3,2,3,3,3,2,3,2
650,5,Surprise,5,5,5,5,5,5,5,5,5,5
651,5,Surprise,5,5,3,3,5,3,3,5,5,5
652,3,Happy,3,3,3,3,3,3,3,3,3,3
653,6,Neutral,4,6,4,6,4,4,4,6,4,6
654,3,Happy,3,3,3,3,3,3,3,3,3,3
655,3,Happy,3,3,3,3,3,3,3,3,3,3
656,2,Fear,4,4,4,4,4,3,4,4,4,4
657,3,Happy,3,3,3,3,3,3,3,3,3,3
658,4,Sad,4,4,6,4,6,4,6,4,6,2
659,6,Neutral,6,4,0,4,4,4,0,4,0,4
660,3,Happy,3,3,3,3,3,3,3,3,3,3
661,0,Angry,3,3,0,0,3,3,3,0,3,0
662,0,Angry,0,0,0,0,0,2,0,0,0,0
663,4,Sad,4,4,4,4,4,4,4,4,4,4
664,0,Angry,0,0,0,0,2,6,0,0,0,0
665,5,Surprise,0,4,0,4,0,4,2,4,0,4
666,4,Sad,0,4,6,0,6,0,6,0,6,0
667,6,Neutral,4,4,4,4,4,4,4,4,4,4
668,4,Sad,4,4,4,4,6,4,4,4,4,4
669,3,Happy,3,3,3,3,3,3,3,3,3,3
670,5,Surprise,5,5,5,5,5,5,5,5,5,5
671,4,Sad,4,4,4,4,4,4,4,4,4,4
672,6,Neutral,4,4,4,4,4,4,4,4,4,4
673,3,Happy,3,3,3,3,3,3,3,3,3,3
674,6,Neutral,6,5,6,6,6,2,6,6,6,6
675,3,Happy,3,3,3,3,3,3,3,3,3,3
676,0,Angry,4,4,4,4,4,4,2,4,4,4
677,3,Happy,3,3,3,3,3,3,3,3,3,3
678,0,Angry,0,0,0,0,0,0,0,0,0,0
679,4,Sad,4,4,4,4,4,4,4,4,4,4
680,6,Neutral,4,4,4,4,4,4,0,4,4,4
681,5,Surprise,5,5,5,5,5,5,5,5,5,5
682,3,Happy,2,3,5,3,5,2,5,3,5,5
683,0,Angry,0,0,0,0,0,0,0,0,0,0
684,4,Sad,4,4,4,4,4,4,4,4,4,4
685,3,Happy,3,3,3,3,3,3,3,3,3,3
686,6,Neutral,0,4,6,4,4,0,0,4,3,4
687,5,Surprise,5,5,5,5,5,5,5,5,5,5
688,2,Fear,3,2,3,5,3,2,0,2,3,2
689,4,Sad,0,4,0,4,0,4,0,4,0,4
690,5,Surprise,5,5,5,5,5,5,5,5,5,5
691,5,Surprise,5,5,5,5,5,5,5,5,5,5
692,6,Neutral,4,0,4,4,6,2,0,0,0,0
693,2,Fear,2,2,2,2,2,2,2,2,2,2
694,0,Angry,0,0,0,0,0,0,0,0,0,0
695,3,Happy,3,3,3,3,3,3,3,3,3,3
696,0,Angry,0,0,0,0,0,0,0,0,0,0
697,6,Neutral,3,3,3,3,3,3,3,3,3,3
698,2,Fear,2,6,2,6,2,6,2,6,2,6
699,3,Happy,3,3,3,3,3,3,3,3,3,3
700,3,Happy,3,3,3,3,3,3,3,3,3,3
701,5,Surprise,5,5,5,5,5,5,5,5,5,5
702,2,Fear,2,2,2,2,2,2,2,2,2,2
703,3,Happy,3,3,3,3,3,3,3,3,3,3
704,2,Fear,0,2,6,4,0,4,6,4,0,4
705,3,Happy,3,3,3,3,3,3,3,3,3,3
706,1,Disgust,1,1,1,1,1,1,1,1,1,1
707,6,Neutral,0,0,0,0,0,0,0,0,0,0
708,3,Happy,3,3,3,3,3,3,3,3,3,3
709,2,Fear,4,2,2,2,4,2,4,2,2,2
710,3,Happy,5,2,5,2,5,5,5,2,5,2
711,3,Happy,3,3,3,3,3,3,3,3,3,3
712,3,Happy,2,3,2,3,2,0,2,5,2,3
713,6,Neutral,6,6,6,6,6,6,6,6,6,6
714,6,Neutral,6,6,6,6,6,6,6,6,6,6
715,6,Neutral,6,3,6,3,6,6,6,3,6,3
716,2,Fear,6,6,6,6,6,6,6,6,6,6
717,0,Angry,0,0,0,0,0,2,0,0,0,0
718,3,Happy,3,6,3,4,3,3,3,4,3,4
719,3,Happy,3,3,3,3,3,3,3,3,3,3
720,6,Neutral,6,4,6,4,2,6,6,4,6,4
721,4,Sad,0,2,4,5,2,2,4,5,4,5
722,4,Sad,6,6,4,6,4,6,6,6,6,6
723,5,Surprise,5,5,5,5,5,5,5,5,5,5
724,6,Neutral,6,6,6,4,6,6,6,4,6,4
725,3,Happy,6,0,6,0,4,0,4,0,4,0
726,3,Happy,3,3,3,3,3,3,3,3,3,3
727,5,Surprise,5,5,5,5,5,5,5,5,5,5
728,2,Fear,4,6,4,6,4,4,4,6,4,6
729,5,Surprise,5,5,5,5,5,5,5,5,5,5
730,2,Fear,3,4,3,3,0,0,3,4,3,3
731,3,Happy,3,3,3,3,3,3,3,3,3,3
732,3,Happy,3,3,3,3,3,3,3,3,3,3
733,6,Neutral,6,6,6,6,6,6,6,6,6,6
734,3,Happy,3,3,3,3,3,3,3,3,3,3
735,4,Sad,4,4,4,4,4,4,2,4,2,4
736,0,Angry,0,0,0,0,0,0,0,0,0,0
737,2,Fear,0,0,2,2,0,0,0,2,2,2
738,0,Angry,4,0,4,0,0,0,0,0,0,5
739,4,Sad,6,6,6,4,6,0,6,4,6,6
740,6,Neutral,6,6,6,6,6,6,6,6,6,6
741,5,Surprise,2,2,2,2,2,2,2,2,2,5
742,0,Angry,0,4,0,0,0,0,0,4,0,0
743,6,Neutral,3,3,3,6,3,3,3,6,3,6
744,5,Surprise,5,5,5,5,5,5,5,5,5,5
745,3,Happy,3,3,3,3,3,3,3,3,3,3
746,0,Angry,0,0,5,0,5,0,5,0,5,0
747,2,Fear,2,2,2,2,2,2,2,2,2,2
748,3,Happy,3,3,3,3,3,3,3,3,3,3
749,0,Angry,4,4,4,4,4,6,6,6,6,4
750,0,Angry,0,0,0,0,0,0,0,0,0,0
751,6,Neutral,6,6,6,6,6,6,6,6,6,6
752,6,Neutral,3,3,6,6,5,5,6,6,6,5
753,2,Fear,2,2,2,2,2,2,2,2,2,2
754,6,Neutral,6,2,6,2,2,2,6,2,6,2
755,4,Sad,6,2,6,2,6,4,6,2,6,2
756,0,Angry,4,4,4,4,6,4,4,4,4,4
757,5,Surprise,5,5,5,5,5,5,5,5,5,5
758,4,Sad,4,4,4,4,4,4,4,4,4,4
759,3,Happy,3,3,3,3,3,3,3,3,3,3
760,6,Neutral,4,4,4,4,4,4,3,4,4,4
761,0,Angry,4,4,4,4,6,6,4,4,4,4
762,4,Sad,4,4,4,4,4,4,4,4,4,4
763,6,Neutral,4,4,4,4,4,4,4,4,4,4
764,2,Fear,0,0,0,0,6,4,0,0,0,0
765,2,Fear,2,2,2,0,0,6,2,0,2,0
766,0,Angry,0,0,0,0,0,0,0,0,0,0
767,3,Happy,3,3,3,3,3,3,3,3,3,3
768,3,Happy,4,4,4,4,6,4,4,4,4,4
769,5,Surprise,5,5,5,5,5,5,5,5,5,5
770,3,Happy,3,3,3,3,3,3,3,3,3,3
771,6,Neutral,6,6,6,6,6,6,6,6,6,6
772,4,Sad,4,4,4,4,4,4,4,4,4,4
773,3,Happy,3,6,3,0,3,3,3,0,3,0
774,5,Surprise,5,5,5,5,5,5,5,5,5,5
775,6,Neutral,2,2,4,2,4,6,4,2,4,2
776,3,Happy,3,3,3,3,3,3,3,3,3,3
777,4,Sad,4,4,4,4,4,4,4,4,4,4
778,4,Sad,6,6,6,6,6,4,6,6,6,6
779,2,Fear,0,0,0,0,0,0,0,0,0,0
780,3,Happy,3,3,3,3,3,3,3,3,3,3
781,5,Surprise,5,5,5,5,5,2,5,5,2,5
782,2,Fear,0,2,0,0,0,2,0,2,0,0
783,4,Sad,4,4,4,4,4,4,4,4,4,4
784,2,Fear,2,2,2,2,2,2,2,2,2,2
785,2,Fear,0,1,2,1,0,2,2,1,2,1
786,3,Happy,3,3,3,3,3,3,3,3,3,3
787,4,Sad,4,4,0,4,4,4,4,4,0,4
788,4,Sad,4,4,4,4,4,4,4,4,4,4
789,3,Happy,3,3,3,3,3,3,3,3,3,3
790,0,Angry,4,4,4,4,0,4,4,4,4,4
791,4,Sad,4,0,2,2,4,0,2,0,2,0
792,2,Fear,5,2,2,2,2,2,2,2,2,2
793,3,Happy,3,3,3,3,3,3,3,3,3,3
794,3,Happy,3,3,3,3,3,3,3,3,3,3
795,3,Happy,4,4,4,4,4,4,4,2,4,2
796,3,Happy,3,3,3,3,3,3,3,3,3,3
797,5,Surprise,5,5,5,5,5,5,5,5,5,5
798,6,Neutral,2,0,5,0,2,0,5,0,0,0
799,2,Fear,2,2,2,2,2,2,2,2,2,2
800,2,Fear,2,2,2,2,2,2,2,2,2,2
801,3,Happy,3,3,3,3,3,3,3,3,3,3
802,6,Neutral,6,0,6,0,6,6,6,0,6,0
803,3,Happy,3,3,3,3,3,3,3,3,3,3
804,3,Happy,3,3,3,3,3,3,3,3,3,3
805,6,Neutral,6,6,6,6,6,6,6,6,6,6
806,3,Happy,3,3,3,3,3,3,3,3,3,3
807,0,Angry,0,0,0,0,0,0,0,0,0,0
808,5,Surprise,5,5,5,5,5,5,5,5,5,5
809,3,Happy,3,6,3,6,6,3,3,6,3,6
810,0,Angry,3,4,3,4,0,3,3,4,3,4
811,4,Sad,4,4,4,2,4,4,0,2,4,2
812,6,Neutral,6,6,6,6,6,6,6,6,6,6
813,2,Fear,6,4,6,0,2,2,6,4,6,4
814,2,Fear,2,2,2,2,4,4,2,2,2,2
815,2,Fear,2,2,2,2,2,0,2,2,2,2
816,0,Angry,0,0,0,0,0,0,0,0,0,0
817,2,Fear,2,1,2,1,1,2,2,4,2,4
818,3,Happy,3,3,3,3,3,3,3,3,3,3
819,2,Fear,0,2,0,2,0,2,0,2,0,2
820,5,Surprise,0,0,0,0,0,3,0,4,0,0
821,3,Happy,0,3,5,3,0,3,0,3,0,3
822,0,Angry,0,6,5,6,2,0,5,6,0,5
823,6,Neutral,6,6,6,6,6,6,6,6,6,6
824,3,Happy,3,3,3,3,3,3,3,3,3,3
825,3,Happy,3,3,3,3,3,4,3,3,3,3
826,6,Neutral,6,6,6,6,6,6,6,6,6,6
827,3,Happy,3,3,3,3,3,3,3,3,3,3
828,3,Happy,3,3,3,3,3,3,3,3,3,3
829,0,Angry,0,0,0,0,0,0,0,0,0,0
830,2,Fear,2,2,2,2,2,2,2,2,2,2
831,0,Angry,2,2,2,2,2,3,2,2,2,2
832,6,Neutral,6,2,6,6,2,6,6,6,6,6
833,0,Angry,2,0,2,2,2,0,2,2,2,2
834,6,Neutral,6,6,6,6,6,4,6,6,6,6
835,6,Neutral,6,6,6,6,6,6,6,6,6,6
836,3,Happy,3,3,3,3,3,3,3,3,3,3
837,3,Happy,3,3,3,3,3,3,3,3,3,3
838,2,Fear,4,2,4,2,4,2,4,2,4,2
839,0,Angry,4,6,4,6,0,6,2,6,4,6
840,3,Happy,3,3,3,3,3,3,3,3,3,3
841,2,Fear,3,3,2,3,5,3,0,3,2,2
842,6,Neutral,6,4,6,4,6,4,6,4,2,4
843,4,Sad,6,3,6,3,6,3,6,3,6,3
844,5,Surprise,5,5,5,5,5,5,5,5,5,5
845,5,Surprise,5,5,5,5,5,5,5,5,5,5
846,3,Happy,3,5,3,5,3,3,3,5,3,5
847,4,Sad,4,4,4,4,4,4,4,4,4,4
848,3,Happy,3,4,4,4,3,4,4,4,4,4
849,5,Surprise,2,2,2,2,2,2,2,2,2,2
850,0,Angry,6,6,6,6,6,4,6,6,6,6
851,2,Fear,4,0,4,4,4,4,4,4,4,0
852,6,Neutral,6,6,6,6,6,6,6,6,6,6
853,3,Happy,3,3,3,3,3,3,3,3,3,3
854,4,Sad,6,4,0,4,0,2,3,0,0,4
855,3,Happy,3,3,3,3,3,3,3,3,3,3
856,6,Neutral,4,6,4,6,4,4,4,6,4,6
857,6,Neutral,4,4,4,4,4,4,4,4,4,4
858,2,Fear,2,2,2,2,2,2,2,2,2,2
859,4,Sad,3,4,6,4,2,6,2,4,0,4
860,5,Surprise,2,5,2,2,5,5,5,2,2,2
861,6,Neutral,4,4,4,4,6,4,4,4,4,4
862,0,Angry,2,2,2,4,2,6,2,4,2,4
863,3,Happy,3,3,3,3,3,3,3,3,3,3
864,0,Angry,2,2,2,2,2,2,2,2,2,2
865,6,Neutral,0,0,0,0,0,4,0,4,0,4
866,3,Happy,3,3,3,3,3,3,3,3,3,3
867,2,Fear,2,2,2,2,3,2,2,2,2,2
868,3,Happy,3,3,3,3,3,3,3,3,3,3
869,3,Happy,3,3,3,3,3,3,3,3,3,3
870,3,Happy,3,3,3,3,3,3,3,3,3,3
871,2,Fear,2,2,2,2,2,5,2,2,2,2
872,0,Angry,5,0,1,0,5,0,1,0,1,0
873,5,Surprise,5,5,5,5,5,5,5,5,5,5
874,6,Neutral,2,6,2,6,2,2,2,4,2,6
875,5,Surprise,2,2,2,2,2,2,2,2,2,2
876,3,Happy,3,6,6,6,3,6,6,6,6,6
877,3,Happy,3,3,3,3,3,3,3,3,3,3
878,3,Happy,4,0,4,3,3,3,4,0,4,3
879,5,Surprise,5,5,5,5,5,6,5,5,5,5
880,6,Neutral,4,4,4,4,4,4,4,4,4,4
881,4,Sad,4,4,4,4,4,4,4,4,4,4
882,5,Surprise,2,2,2,2,2,2,2,5,2,2
883,4,Sad,4,4,4,4,4,4,4,4,4,4
884,6,Neutral,6,6,4,6,6,6,4,6,4,6
885,2,Fear,5,5,5,5,5,5,5,5,5,5
886,2,Fear,2,2,2,2,2,5,2,2,2,2
887,0,Angry,6,6,6,4,6,4,6,4,6,4
888,6,Neutral,6,6,6,6,6,4,6,6,6,6
889,0,Angry,6,6,6,6,6,6,6,6,6,6
890,3,Happy,3,3,3,3,3,3,3,3,3,3
891,5,Surprise,5,5,5,5,5,5,5,5,5,5
892,0,Angry,0,0,0,0,0,0,0,0,0,0
893,2,Fear,2,2,2,2,2,2,2,6,2,4
894,2,Fear,5,5,5,2,5,5,5,5,5,5
895,4,Sad,0,6,6,6,6,6,6,6,6,6
896,3,Happy,3,3,3,3,3,3,3,3,3,3
897,4,Sad,2,4,4,6,4,4,4,6,4,6
898,6,Neutral,6,6,6,6,6,4,6,6,6,6
899,4,Sad,4,4,4,2,4,4,4,2,4,2
900,3,Happy,3,3,3,3,3,3,3,3,3,3
901,6,Neutral,6,6,6,6,6,6,6,6,6,6
902,4,Sad,4,4,4,4,4,4,4,4,4,4
903,4,Sad,6,6,6,6,6,4,6,6,6,6
904,4,Sad,6,4,4,6,6,6,6,4,4,4
905,3,Happy,3,3,3,3,3,3,3,3,3,3
906,2,Fear,2,2,2,2,2,2,2,2,2,2
907,3,Happy,3,3,3,3,3,3,3,3,3,3
908,0,Angry,0,4,6,6,6,6,6,6,6,0
909,3,Happy,3,3,3,3,3,3,3,3,3,3
910,6,Neutral,6,2,6,4,2,4,6,4,6,4
911,1,Disgust,0,0,0,0,0,1,0,0,0,0
912,0,Angry,0,0,0,0,0,0,0,0,0,0
913,5,Surprise,5,5,5,5,5,5,5,5,5,5
914,3,Happy,3,3,3,3,3,3,3,3,3,3
915,4,Sad,6,4,6,4,6,6,6,6,6,0
916,4,Sad,3,3,3,3,3,3,3,3,3,3
917,2,Fear,2,2,2,2,2,2,2,2,2,2
918,3,Happy,3,3,3,3,3,3,3,3,3,3
919,2,Fear,4,4,4,4,4,4,4,2,4,4
920,2,Fear,2,0,2,0,2,4,2,0,2,0
921,6,Neutral,2,2,5,2,5,2,5,6,5,6
922,3,Happy,3,3,3,3,3,3,3,3,3,3
923,0,Angry,0,0,0,0,0,0,0,0,0,0
924,6,Neutral,6,6,6,6,6,4,6,6,6,6
925,2,Fear,2,2,2,2,2,2,2,2,2,2
926,4,Sad,4,4,2,6,2,4,0,6,0,6
927,3,Happy,3,3,3,3,3,3,3,3,3,3
928,5,Surprise,5,5,5,5,5,5,5,5,5,5
929,4,Sad,2,4,2,4,4,4,2,4,4,4
930,3,Happy,3,3,3,3,3,3,3,3,3,3
931,3,Happy,3,3,3,3,3,3,3,3,3,3
932,3,Happy,3,3,3,3,3,3,3,3,3,3
933,3,Happy,3,3,3,3,6,3,3,3,3,3
934,5,Surprise,5,5,5,5,5,5,5,5,5,5
935,2,Fear,6,6,6,6,6,6,6,6,6,6
936,4,Sad,6,6,6,6,6,6,6,6,6,6
937,6,Neutral,4,6,4,6,4,6,4,2,4,2
938,2,Fear,0,0,0,2,0,2,0,2,0,2
939,6,Neutral,6,6,6,6,6,6,6,6,6,6
940,0,Angry,0,0,0,0,0,0,0,0,0,0
941,4,Sad,4,4,4,4,4,2,4,4,4,4
942,3,Happy,3,3,3,3,3,6,3,3,3,3
943,5,Surprise,5,5,5,5,5,2,5,5,5,5
944,5,Surprise,5,5,5,5,5,5,5,5,5,5
945,6,Neutral,2,6,5,3,3,3,3,3,5,3
946,6,Neutral,2,2,2,2,2,4,2,2,2,2
947,5,Surprise,2,5,2,2,2,2,2,2,2,2
948,3,Happy,3,3,3,3,3,3,3,0,3,3
949,4,Sad,4,4,6,4,4,4,6,4,6,4
950,5,Surprise,5,6,5,6,5,2,5,6,5,6
951,3,Happy,6,6,6,4,6,4,6,6,6,6
952,3,Happy,2,2,2,2,2,2,2,2,2,2
953,5,Surprise,5,2,5,5,5,5,5,5,5,5
954,3,Happy,3,3,3,3,3,3,3,3,3,3
955,2,Fear,2,2,6,2,3,6,6,5,6,5
956,4,Sad,4,4,4,4,4,4,4,4,4,4
957,6,Neutral,6,6,0,6,6,6,0,6,0,6
958,0,Angry,0,0,4,0,4,4,4,0,4,0
959,5,Surprise,5,5,4,5,5,2,4,0,2,2
960,2,Fear,6,6,6,6,6,4,6,6,6,4
961,2,Fear,2,2,2,2,4,2,2,2,2,2
962,0,Angry,0,0,0,0,0,0,0,0,0,0
963,3,Happy,3,3,3,3,3,3,3,0,3,0
964,4,Sad,4,4,4,4,2,1,4,4,6,4
965,3,Happy,3,3,3,3,3,3,3,3,3,3
966,2,Fear,4,4,4,4,4,2,4,4,4,4
967,4,Sad,4,4,4,4,4,4,4,4,4,4
968,3,Happy,6,3,6,3,6,6,6,3,6,3
969,3,Happy,3,3,3,3,3,3,3,3,3,3
970,3,Happy,0,5,0,5,0,5,0,5,0,5
971,2,Fear,5,5,2,5,2,5,5,5,2,0
972,4,Sad,4,4,4,4,4,4,4,4,4,4
973,3,Happy,3,3,3,3,3,3,3,3,3,3
974,5,Surprise,5,5,5,5,5,5,3,5,3,5
975,4,Sad,6,0,6,0,6,4,6,0,6,0
976,3,Happy,3,3,3,3,3,3,3,3,3,3
977,3,Happy,3,3,3,3,3,3,3,3,3,3
978,4,Sad,0,4,0,4,4,2,0,4,0,4
979,3,Happy,3,3,3,3,3,3,3,3,3,3
980,3,Happy,3,3,3,3,3,3,3,3,3,3
981,0,Angry,0,0,2,0,2,0,4,0,2,0
982,4,Sad,4,4,4,4,4,4,4,4,4,4
983,0,Angry,0,4,0,4,0,4,0,4,0,4
984,4,Sad,6,6,6,6,6,6,6,6,6,6
985,3,Happy,3,3,3,3,3,3,3,3,3,3
986,1,Disgust,1,1,1,1,1,1,1,1,1,1
987,6,Neutral,6,0,6,0,4,4,6,4,6,0
988,6,Neutral,4,6,4,6,6,2,4,6,4,6
989,2,Fear,2,2,2,5,2,5,2,5,2,5
990,3,Happy,3,3,3,3,3,3,3,3,3,3
991,4,Sad,6,5,5,5,6,5,5,5,5,5
992,5,Surprise,5,5,5,5,5,5,5,5,5,5
993,6,Neutral,6,4,6,4,6,6,6,4,6,4
994,2,Fear,2,4,2,4,2,4,2,4,2,4
995,3,Happy,3,3,3,3,3,3,3,3,3,3
996,4,Sad,0,4,0,4,0,4,0,4,0,4
997,4,Sad,4,2,4,2,4,2,4,2,4,2
998,3,Happy,3,3,3,3,3,3,2,3,2,3
999,3,Happy,3,3,3,3,3,3,3,3,3,3
1000,3,Happy,3,3,3,3,3,3,3,3,3,3
1001,2,Fear,2,2,2,2,2,2,2,2,2,2
1002,3,Happy,3,3,3,3,3,3,3,3,3,3
1003,0,Angry,3,3,0,3,0,3,0,3,0,3
1004,4,Sad,4,0,4,0,3,3,4,0,4,0
1005,2,Fear,0,0,0,0,0,0,0,0,0,0
1006,2,Fear,2,2,2,2,2,2,2,2,2,2
1007,6,Neutral,6,6,6,6,6,4,6,6,6,6
1008,5,Surprise,5,5,5,5,5,5,5,5,5,5
1009,4,Sad,4,2,4,0,4,0,4,0,4,0
1010,0,Angry,3,2,3,2,5,0,3,0,3,2
1011,4,Sad,4,4,4,4,4,4,4,4,4,4
1012,6,Neutral,6,6,6,6,6,6,6,6,6,6
1013,6,Neutral,0,2,0,2,0,0,2,2,2,2
1014,6,Neutral,2,6,6,6,6,6,6,6,6,2
1015,5,Surprise,5,5,5,5,5,5,5,5,5,5
1016,5,Surprise,5,5,5,5,5,5,5,5,5,5
1017,2,Fear,6,6,6,6,4,4,6,6,6,6
1018,5,Surprise,5,5,5,5,5,5,5,5,5,5
1019,6,Neutral,6,6,6,6,6,6,6,6,6,6
1020,5,Surprise,5,5,5,5,5,5,5,5,5,5
1021,3,Happy,3,3,3,3,3,3,3,3,3,3
1022,3,Happy,3,3,3,3,3,3,3,3,3,3
1023,0,Angry,0,0,0,0,0,0,0,0,0,0
1024,3,Happy,3,3,3,3,3,3,3,3,3,3
1025,3,Happy,3,3,3,3,3,3,3,3,3,3
1026,5,Surprise,5,5,5,5,5,5,5,5,5,5
1027,3,Happy,3,3,3,3,3,3,3,6,3,6
1028,3,Happy,5,5,5,5,5,5,5,5,5,5
1029,2,Fear,4,6,4,4,4,4,4,6,4,3
1030,0,Angry,0,0,0,0,0,0,0,0,0,0
1031,5,Surprise,5,5,5,5,5,5,5,5,5,5
1032,4,Sad,4,6,6,4,4,6,6,4,6,6
1033,4,Sad,6,4,6,4,6,6,6,4,6,4
1034,5,Surprise,5,5,5,5,5,5,5,5,5,5
1035,2,Fear,2,2,2,2,2,2,2,2,2,2
1036,4,Sad,4,4,4,4,4,4,4,4,4,4
1037,5,Surprise,5,5,5,5,5,5,5,5,5,5
1038,6,Neutral,6,6,6,6,6,6,6,6,6,6
1039,6,Neutral,6,6,6,6,6,4,6,6,6,6
1040,3,Happy,3,3,3,3,3,3,3,3,3,3
1041,6,Neutral,6,6,6,6,6,6,6,6,6,6
1042,6,Neutral,6,6,6,6,6,6,6,6,6,6
1043,2,Fear,6,6,6,6,6,6,6,6,6,6
1044,3,Happy,3,3,3,3,3,3,3,3,3,3
1045,3,Happy,3,6,6,6,6,6,6,6,6,6
1046,0,Angry,0,0,0,2,0,0,0,5,0,2
1047,5,Surprise,2,5,5,5,5,5,2,5,1,5
1048,6,Neutral,4,6,4,6,2,3,4,3,4,6
1049,5,Surprise,5,5,5,5,5,3,5,5,5,5
1050,2,Fear,2,2,2,2,2,2,2,2,2,2
1051,4,Sad,4,4,4,4,4,4,4,4,4,4
1052,2,Fear,2,4,2,2,2,6,2,2,2,4
1053,0,Angry,4,6,4,6,0,6,4,6,4,6
1054,0,Angry,0,0,0,0,0,0,0,0,0,0
1055,3,Happy,6,4,4,4,4,4,4,4,6,4
1056,4,Sad,4,2,2,2,2,0,2,2,2,2
1057,4,Sad,4,4,4,4,4,4,4,4,4,4
1058,0,Angry,2,2,2,2,2,0,2,2,2,2
1059,3,Happy,3,3,3,3,3,3,3,3,3,3
1060,2,Fear,0,0,2,0,0,0,2,0,2,0
1061,2,Fear,2,2,2,2,2,2,2,2,2,2
1062,3,Happy,3,3,3,3,3,3,3,3,3,3
1063,4,Sad,4,6,2,6,4,6,4,6,4,6
1064,1,Disgust,3,3,3,3,3,3,3,3,3,3
1065,4,Sad,4,4,4,4,4,4,4,4,4,4
1066,5,Surprise,5,5,5,5,5,5,5,5,5,5
1067,0,Angry,0,0,0,0,0,0,0,0,0,0
1068,3,Happy,3,3,3,3,3,3,3,3,3,3
1069,3,Happy,3,3,3,3,3,3,3,3,3,3
1070,3,Happy,3,3,3,3,3,3,3,3,3,3
1071,4,Sad,4,4,4,4,4,2,4,4,4,4
1072,6,Neutral,6,6,6,6,6,4,6,6,6,6
1073,4,Sad,4,4,6,2,2,4,6,4,2,2
1074,2,Fear,2,2,2,2,2,2,2,2,2,2
1075,4,Sad,6,6,6,6,6,6,6,6,6,6
1076,5,Surprise,5,5,5,5,5,5,5,5,5,5
1077,3,Happy,3,3,3,3,3,3,3,3,3,3
1078,5,Surprise,2,3,3,3,5,2,3,3,3,3
1079,6,Neutral,6,6,6,6,6,6,6,6,6,6
1080,5,Surprise,5,5,5,5,5,5,5,5,5,5
1081,0,Angry,0,0,0,0,0,0,0,0,0,0
1082,3,Happy,3,3,3,3,2,3,3,5,3,3
1083,6,Neutral,6,6,6,6,6,6,6,6,6,6
1084,4,Sad,4,4,4,4,4,4,4,4,4,2
1085,1,Disgust,1,1,1,1,0,1,0,1,0,1
1086,0,Angry,0,2,0,2,4,2,0,2,0,2
1087,5,Surprise,5,5,5,5,5,5,5,5,5,5
1088,3,Happy,3,3,3,3,3,3,3,3,3,3
1089,1,Disgust,1,1,1,1,1,1,1,1,1,1
1090,2,Fear,0,2,0,2,0,2,0,2,0,2
1091,2,Fear,5,5,5,5,5,5,5,5,5,5
1092,2,Fear,6,6,4,6,6,6,4,6,4,6
1093,3,Happy,3,3,3,3,3,3,3,3,3,3
1094,3,Happy,3,3,3,3,3,3,3,3,3,3
1095,5,Surprise,5,5,5,5,5,5,5,5,5,5
1096,2,Fear,0,0,0,0,0,2,0,0,0,0
1097,0,Angry,6,6,6,6,6,6,6,6,6,6
1098,6,Neutral,2,4,2,4,2,4,2,4,2,4
1099,4,Sad,4,4,4,4,4,4,4,4,4,4
1100,4,Sad,4,6,4,6,6,6,4,6,4,6
1101,6,Neutral,4,4,4,4,4,6,4,4,4,4
1102,3,Happy,3,3,3,3,3,3,3,3,3,3
1103,0,Angry,0,0,0,0,0,0,0,0,0,0
1104,0,Angry,6,2,6,6,6,6,6,2,6,2
1105,6,Neutral,6,6,6,6,6,6,6,6,6,6
1106,6,Neutral,6,6,6,6,6,6,6,6,6,6
1107,5,Surprise,5,5,5,5,5,4,5,5,5,5
1108,4,Sad,4,2,2,2,2,2,2,2,2,2
1109,3,Happy,3,3,3,3,3,3,3,3,3,3
1110,2,Fear,2,2,2,4,2,2,2,4,4,4
1111,4,Sad,4,4,4,4,4,4,4,4,4,4
1112,2,Fear,0,2,0,0,0,3,0,0,0,0
1113,5,Surprise,5,5,5,5,5,5,5,5,5,5
1114,4,Sad,0,0,0,0,0,4,0,0,0,0
1115,3,Happy,3,3,3,3,3,3,3,3,3,3
1116,6,Neutral,6,5,2,5,6,6,2,5,2,5
1117,3,Happy,3,3,3,3,3,3,3,3,3,3
1118,6,Neutral,6,6,6,6,6,6,6,6,6,6
1119,3,Happy,3,3,3,3,3,3,3,3,3,3
1120,6,Neutral,6,6,6,6,6,6,6,6,6,6
1121,2,Fear,3,3,3,3,2,5,3,3,3,3
1122,4,Sad,3,3,3,3,4,3,3,3,3,3
1123,4,Sad,4,4,4,4,4,6,4,4,4,4
1124,4,Sad,4,3,4,4,4,4,4,4,4,4
1125,3,Happy,3,3,3,3,3,3,3,3,3,3
1126,6,Neutral,6,4,6,4,6,4,6,4,6,4
1127,0,Angry,0,0,0,0,0,0,0,4,0,0
1128,0,Angry,0,2,0,2,0,2,0,2,0,0
1129,5,Surprise,2,2,2,2,2,2,2,2,2,2
1130,6,Neutral,6,6,6,6,6,6,6,6,6,6
1131,5,Surprise,5,5,5,5,5,5,5,5,5,5
1132,5,Surprise,2,2,2,2,2,2,2,2,2,5
1133,5,Surprise,5,5,5,5,5,5,5,5,5,5
1134,4,Sad,4,4,4,4,4,4,4,4,4,2
1135,0,Angry,0,0,0,0,0,0,0,0,0,0
1136,2,Fear,6,2,6,2,4,6,6,2,2,6
1137,6,Neutral,6,3,4,3,6,3,4,3,4,3
1138,3,Happy,6,6,6,6,6,4,6,6,6,6
1139,6,Neutral,6,6,6,6,6,6,6,6,6,6
1140,4,Sad,6,4,6,4,6,4,6,4,6,4
1141,5,Surprise,5,5,5,2,5,5,5,2,5,2
1142,2,Fear,2,2,2,2,2,2,2,2,2,2
1143,3,Happy,3,3,3,3,3,3,3,3,3,3
1144,3,Happy,3,3,3,3,3,3,3,3,3,3
1145,4,Sad,4,4,4,4,4,2,4,4,4,4
1146,0,Angry,0,4,2,4,6,6,2,4,2,4
1147,0,Angry,0,6,0,6,0,0,4,6,0,6
1148,0,Angry,2,6,2,6,2,5,2,6,2,6
1149,0,Angry,4,4,4,4,4,4,4,4,4,4
1150,0,Angry,0,0,0,0,0,0,0,0,0,0
1151,2,Fear,0,2,0,2,0,2,0,2,0,2
1152,0,Angry,0,6,0,4,0,6,0,6,0,4
1153,3,Happy,3,3,3,3,3,3,3,3,3,3
1154,6,Neutral,6,6,6,6,4,6,6,6,6,6
1155,5,Surprise,5,5,5,5,5,5,5,5,5,5
1156,2,Fear,4,4,4,2,4,4,4,2,4,2
1157,3,Happy,6,5,6,2,6,6,6,2,6,2
1158,4,Sad,2,6,6,6,4,6,2,5,6,6
1159,4,Sad,0,6,6,6,4,4,6,6,6,6
1160,5,Surprise,2,2,2,2,2,2,2,5,2,2
1161,0,Angry,6,6,6,6,6,6,6,6,6,6
1162,3,Happy,3,3,3,3,3,3,3,3,3,3
1163,5,Surprise,5,5,5,5,5,2,5,5,5,5
1164,6,Neutral,6,6,6,6,6,6,6,6,6,6
1165,3,Happy,3,3,3,3,3,3,3,3,3,3
1166,3,Happy,3,3,3,3,3,3,3,3,3,3
1167,2,Fear,3,6,6,6,6,6,3,6,3,6
1168,2,Fear,2,2,4,2,4,4,4,2,4,2
1169,0,Angry,0,0,0,0,0,0,0,0,0,0
1170,6,Neutral,6,6,6,6,6,6,6,6,6,6
1171,3,Happy,3,3,4,3,3,3,4,0,4,0
1172,3,Happy,3,3,3,3,3,3,3,3,3,3
1173,6,Neutral,6,6,6,6,6,6,6,6,6,6
1174,3,Happy,3,3,3,3,3,3,3,3,3,3
1175,2,Fear,2,2,2,4,0,2,0,4,0,4
1176,2,Fear,2,2,0,2,2,2,0,2,0,2
1177,4,Sad,6,6,6,0,6,6,6,6,6,6
1178,3,Happy,3,3,3,3,3,3,3,3,3,3
1179,2,Fear,2,2,2,2,4,4,4,2,2,2
1180,3,Happy,3,3,3,3,3,5,3,3,3,3
1181,3,Happy,3,3,3,3,3,3,3,3,3,3
1182,3,Happy,3,3,3,3,3,3,3,3,3,3
1183,1,Disgust,0,4,0,4,6,4,0,4,0,4
1184,6,Neutral,6,4,6,4,2,4,6,4,6,4
1185,5,Surprise,5,5,5,5,5,5,5,5,5,5
1186,5,Surprise,0,5,0,5,0,2,0,2,0,2
1187,3,Happy,3,3,3,3,3,3,3,3,3,3
1188,4,Sad,4,4,4,4,4,4,4,4,4,4
1189,6,Neutral,3,3,3,3,3,3,3,3,3,3
1190,2,Fear,2,2,2,2,2,2,2,2,2,2
1191,6,Neutral,6,6,6,6,3,3,6,6,6,6
1192,2,Fear,6,6,6,6,6,4,6,6,6,6
1193,3,Happy,6,3,6,3,6,3,6,3,6,3
1194,4,Sad,2,2,2,2,2,2,2,2,2,2
1195,4,Sad,6,2,6,0,4,4,6,0,6,0
1196,0,Angry,0,0,0,0,0,0,0,0,0,0
1197,6,Neutral,6,6,6,6,6,6,6,6,6,6
1198,4,Sad,6,4,6,4,6,0,6,4,6,4
1199,2,Fear,0,5,0,5,2,5,0,5,0,5
1200,2,Fear,6,2,6,2,2,2,6,2,6,2
1201,4,Sad,3,3,3,3,3,3,3,3,3,3
1202,5,Surprise,5,5,5,5,5,5,5,5,5,5
1203,5,Surprise,5,5,5,5,5,5,5,5,5,5
1204,3,Happy,3,3,3,3,3,3,3,3,3,3
1205,6,Neutral,6,6,6,6,6,6,6,6,6,6
1206,3,Happy,3,3,3,3,3,3,3,3,3,3
1207,4,Sad,4,4,4,4,4,4,4,4,4,4
1208,2,Fear,0,2,0,2,0,2,4,2,4,2
1209,3,Happy,4,3,4,3,4,3,2,3,4,3
1210,3,Happy,3,3,3,3,3,3,3,3,3,3
1211,0,Angry,0,0,0,0,3,0,0,0,0,0
1212,2,Fear,6,2,6,2,6,2,6,2,4,2
1213,5,Surprise,5,5,5,5,5,5,5,5,5,5
1214,4,Sad,4,4,4,4,4,4,4,4,4,4
1215,3,Happy,4,4,4,4,4,2,4,6,4,4
1216,6,Neutral,0,2,0,6,0,6,0,6,0,6
1217,4,Sad,4,4,4,4,4,4,4,4,4,4
1218,4,Sad,4,4,4,4,4,4,4,4,4,4
1219,4,Sad,4,2,4,4,4,6,4,4,4,4
1220,3,Happy,3,3,3,3,3,3,3,3,3,3
1221,2,Fear,1,1,1,4,1,1,1,4,1,4
1222,3,Happy,3,6,6,6,3,4,6,6,3,6
1223,6,Neutral,6,6,6,6,6,6,6,6,6,6
1224,4,Sad,4,4,4,4,2,4,4,4,4,4
1225,4,Sad,4,4,4,4,4,2,4,4,4,4
1226,3,Happy,3,3,3,3,3,3,3,3,3,3
1227,3,Happy,3,3,3,3,3,3,3,3,3,3
1228,6,Neutral,6,4,6,4,6,6,6,4,6,4
1229,3,Happy,3,3,3,3,3,3,3,3,3,3
1230,4,Sad,6,4,6,4,6,6,6,4,6,4
1231,0,Angry,0,3,0,0,3,3,0,0,3,0
1232,3,Happy,3,3,3,3,3,3,3,3,3,3
1233,3,Happy,3,3,3,3,3,3,3,3,3,3
1234,3,Happy,3,3,3,3,3,3,3,3,3,3
1235,3,Happy,3,3,3,3,3,3,3,3,3,3
1236,2,Fear,6,4,6,4,6,4,6,2,6,4
1237,2,Fear,2,2,2,2,2,4,2,2,2,2
1238,5,Surprise,6,3,5,5,6,3,5,2,6,5
1239,6,Neutral,4,0,4,0,2,1,1,0,1,0
1240,4,Sad,4,3,6,3,3,3,6,3,6,3
1241,2,Fear,0,0,0,0,0,0,0,0,0,0
1242,3,Happy,3,3,3,3,3,3,3,3,3,3
1243,3,Happy,3,3,3,3,3,3,3,3,3,3
1244,0,Angry,0,0,0,0,0,0,0,0,0,0
1245,1,Disgust,1,1,1,1,1,2,1,2,1,2
1246,3,Happy,3,3,3,3,3,3,3,3,3,3
1247,4,Sad,4,4,2,4,4,4,2,4,2,4
1248,5,Surprise,5,5,5,5,5,5,5,5,5,5
1249,2,Fear,2,4,4,4,4,2,4,4,4,4
1250,2,Fear,2,2,2,2,2,2,2,2,2,2
1251,4,Sad,4,4,4,4,4,4,4,4,4,4
1252,5,Surprise,5,5,5,5,5,5,0,5,5,5
1253,3,Happy,3,3,3,3,3,3,3,3,3,3
1254,3,Happy,3,3,3,3,3,3,3,3,3,3
1255,5,Surprise,5,5,5,5,5,5,5,5,5,5
1256,4,Sad,0,6,4,6,0,6,4,6,4,6
1257,4,Sad,6,4,6,4,6,4,6,4,6,4
1258,4,Sad,4,4,4,4,4,4,4,4,4,4
1259,2,Fear,4,2,4,2,2,2,4,2,4,2
1260,2,Fear,4,4,4,4,4,4,4,2,4,4
1261,2,Fear,2,2,2,2,2,6,4,2,4,4
1262,0,Angry,0,6,6,6,6,6,6,2,6,6
1263,1,Disgust,1,1,1,1,1,1,1,1,1,1
1264,3,Happy,3,3,3,3,3,3,3,3,3,3
1265,6,Neutral,6,6,6,6,6,6,6,6,6,6
1266,3,Happy,6,3,6,3,4,4,6,3,6,3
1267,3,Happy,4,3,4,3,4,2,4,0,4,3
1268,6,Neutral,4,4,4,4,4,6,4,4,4,4
1269,2,Fear,5,5,5,5,5,5,5,5,5,5
1270,3,Happy,3,3,3,3,3,3,3,3,3,3
1271,2,Fear,2,5,5,5,5,5,2,5,1,5
1272,3,Happy,3,3,3,3,3,3,3,3,3,3
1273,2,Fear,2,2,2,2,2,2,2,2,2,2
1274,6,Neutral,6,6,6,6,6,6,6,6,6,6
1275,0,Angry,0,0,0,0,2,0,0,0,0,0
1276,3,Happy,3,3,3,3,3,3,3,3,3,3
1277,4,Sad,2,2,2,2,4,4,2,2,2,4
1278,5,Surprise,5,5,5,5,5,2,5,5,5,5
1279,4,Sad,4,4,4,4,6,2,4,4,4,4
1280,6,Neutral,6,6,6,6,6,1,6,6,6,6
1281,0,Angry,0,0,0,0,0,0,0,0,0,0
1282,0,Angry,2,2,2,2,2,2,5,2,2,2
1283,3,Happy,6,6,3,6,6,3,3,6,3,6
1284,2,Fear,2,2,2,2,2,2,2,2,2,2
1285,2,Fear,0,0,0,0,0,0,0,0,0,0
1286,6,Neutral,6,0,6,0,4,6,6,0,6,0
1287,0,Angry,4,4,4,4,4,4,4,4,4,4
1288,6,Neutral,6,6,6,6,6,6,6,6,6,6
1289,2,Fear,2,0,2,0,0,0,2,0,2,0
1290,0,Angry,0,4,2,4,0,4,0,4,2,4
1291,2,Fear,2,2,2,2,2,2,2,2,2,2
1292,6,Neutral,6,4,6,4,6,6,6,4,6,4
1293,4,Sad,4,2,0,2,0,0,0,2,2,2
1294,2,Fear,6,6,6,4,6,6,6,4,6,6
1295,3,Happy,5,5,5,5,2,5,5,2,5,5
1296,4,Sad,4,4,4,4,4,4,4,4,4,4
1297,4,Sad,4,4,4,4,4,4,4,4,4,4
1298,5,Surprise,5,5,5,5,5,5,5,5,5,5
1299,0,Angry,4,4,4,4,4,6,4,4,4,4
1300,4,Sad,4,4,4,4,4,2,4,4,4,4
1301,4,Sad,4,4,4,4,2,4,4,4,4,4
1302,6,Neutral,6,6,6,6,6,4,2,6,6,6
1303,0,Angry,0,0,0,0,0,0,0,0,0,0
1304,5,Surprise,5,5,5,5,5,5,5,5,5,5
1305,4,Sad,4,6,4,6,4,6,4,6,4,6
1306,2,Fear,4,0,4,0,4,4,4,0,4,0
1307,2,Fear,2,2,2,2,2,2,2,2,2,2
1308,4,Sad,0,4,0,4,0,4,0,4,0,4
1309,2,Fear,6,4,6,6,3,4,3,6,3,3
1310,2,Fear,2,2,2,2,2,4,2,2,2,2
1311,6,Neutral,4,4,4,4,4,6,4,4,4,4
1312,3,Happy,3,3,3,3,3,3,3,3,3,3
1313,2,Fear,2,2,2,2,2,2,2,2,2,2
1314,6,Neutral,6,6,6,6,6,6,6,6,6,6
1315,2,Fear,4,2,4,4,4,2,4,4,4,4
1316,4,Sad,6,2,4,2,6,6,6,6,6,2
1317,3,Happy,5,2,5,2,5,5,5,2,5,2
1318,6,Neutral,6,6,6,6,6,6,6,6,6,6
1319,2,Fear,4,4,4,4,4,2,4,2,4,4
1320,4,Sad,4,6,0,4,0,0,0,4,0,4
1321,6,Neutral,6,3,3,6,3,6,3,6,3,6
1322,6,Neutral,6,4,6,4,6,4,6,0,6,4
1323,4,Sad,4,4,4,4,4,4,4,4,4,4
1324,0,Angry,0,0,0,0,0,0,0,0,0,0
1325,2,Fear,4,2,4,2,0,2,4,2,4,2
1326,2,Fear,2,0,2,0,2,0,2,0,2,0
1327,4,Sad,3,3,3,4,3,4,3,3,3,3
1328,2,Fear,2,6,6,6,2,6,4,6,6,6
1329,2,Fear,0,5,0,3,2,5,0,5,0,5
1330,4,Sad,4,4,4,4,4,4,4,4,4,4
1331,3,Happy,4,4,4,4,2,4,4,4,4,4
1332,3,Happy,3,2,3,4,3,3,3,4,3,4
1333,5,Surprise,5,5,5,5,5,5,5,5,5,5
1334,5,Surprise,5,5,5,5,5,5,5,5,5,5
1335,0,Angry,0,0,0,0,0,0,0,0,0,0
1336,3,Happy,3,3,3,3,3,3,3,3,3,3
1337,3,Happy,3,3,3,3,3,3,3,3,3,3
1338,4,Sad,3,3,3,3,3,3,3,3,3,3
1339,6,Neutral,6,6,6,6,6,6,6,6,6,6
1340,0,Angry,2,4,2,4,2,0,2,4,0,4
1341,6,Neutral,6,4,6,2,6,4,6,2,6,2
1342,4,Sad,4,4,4,4,4,4,4,4,4,4
1343,3,Happy,3,3,3,3,3,3,3,3,3,3
1344,6,Neutral,6,6,6,6,6,3,6,6,6,6
1345,3,Happy,3,3,3,3,3,3,3,3,3,3
1346,2,Fear,2,2,2,5,5,5,2,2,2,2
1347,3,Happy,5,5,5,2,5,2,5,2,5,2
1348,2,Fear,2,2,2,2,2,2,2,2,2,2
1349,5,Surprise,0,1,0,1,0,0,0,5,0,1
1350,3,Happy,0,0,0,0,0,0,0,0,0,0
1351,2,Fear,5,2,5,2,5,6,2,2,5,2
1352,5,Surprise,5,5,5,5,5,2,5,5,5,5
1353,2,Fear,2,4,4,4,2,2,4,4,4,4
1354,5,Surprise,5,5,2,5,5,5,5,5,5,5
1355,3,Happy,3,3,3,3,3,3,3,3,3,3
1356,0,Angry,0,0,0,0,0,0,0,0,0,0
1357,4,Sad,4,3,6,3,6,6,6,3,6,3
1358,3,Happy,3,6,6,6,6,6,3,6,6,6
1359,3,Happy,3,3,3,3,6,6,3,3,3,3
1360,0,Angry,0,0,0,0,0,0,0,0,0,0
1361,6,Neutral,6,6,6,6,6,6,6,6,6,6
1362,3,Happy,3,3,3,3,3,3,3,3,3,3
1363,1,Disgust,0,0,0,0,0,0,0,0,0,0
1364,2,Fear,2,2,2,2,2,2,2,2,2,2
1365,4,Sad,4,4,4,4,3,4,4,4,4,4
1366,0,Angry,4,4,4,4,4,4,4,4,4,4
1367,3,Happy,3,3,3,3,3,3,3,3,3,3
1368,0,Angry,0,3,0,3,0,0,0,0,0,0
1369,5,Surprise,5,5,5,5,5,5,5,5,5,5
1370,6,Neutral,6,6,6,6,6,5,6,6,6,6
1371,3,Happy,3,3,3,3,3,3,3,3,3,3
1372,1,Disgust,1,1,1,1,1,1,1,1,1,1
1373,4,Sad,0,0,0,0,0,6,0,0,0,0
1374,2,Fear,0,0,0,0,0,0,0,5,0,0
1375,2,Fear,0,0,0,0,5,2,0,0,0,0
1376,2,Fear,3,2,3,2,6,5,5,2,5,2
1377,3,Happy,3,3,3,3,3,3,3,3,3,3
1378,3,Happy,3,3,3,3,3,3,3,3,3,3
1379,5,Surprise,2,0,2,0,2,2,2,0,2,4
1380,5,Surprise,5,5,5,5,5,5,5,5,5,5
1381,4,Sad,4,4,4,4,4,4,4,4,4,4
1382,6,Neutral,6,6,6,6,6,6,6,6,6,6
1383,0,Angry,0,0,0,0,0,0,0,0,0,0
1384,0,Angry,0,0,0,0,0,0,0,0,0,0
1385,3,Happy,3,3,3,3,3,3,3,3,3,3
1386,4,Sad,4,4,2,4,0,4,2,4,4,4
1387,3,Happy,3,3,3,3,3,3,3,3,3,3
1388,4,Sad,4,4,4,4,4,4,4,4,4,4
1389,6,Neutral,6,6,6,6,6,6,6,6,6,6
1390,3,Happy,3,3,3,3,3,3,3,3,3,3
1391,4,Sad,4,4,4,4,4,4,4,4,4,4
1392,3,Happy,3,3,3,3,3,3,3,2,3,3
1393,4,Sad,4,2,2,4,4,4,2,4,2,4
1394,3,Happy,3,3,3,3,0,3,3,2,3,3
1395,4,Sad,4,4,4,4,4,4,4,4,4,4
1396,6,Neutral,6,6,6,6,6,6,6,6,6,6
1397,3,Happy,3,3,3,3,3,3,3,3,3,3
1398,2,Fear,0,1,0,1,0,1,0,1,0,1
1399,2,Fear,2,0,2,2,2,2,2,2,2,0
1400,2,Fear,2,2,2,2,2,2,2,2,2,2
1401,6,Neutral,6,6,6,6,6,6,6,6,6,6
1402,3,Happy,4,3,3,3,6,4,3,3,3,3
1403,2,Fear,6,2,6,2,6,2,4,4,6,4
1404,2,Fear,2,2,2,0,0,2,2,0,2,0
1405,6,Neutral,6,6,6,6,6,6,6,6,6,6
1406,3,Happy,3,3,3,3,3,3,3,3,3,3
1407,2,Fear,6,4,6,2,4,6,6,2,6,2
1408,0,Angry,0,0,0,0,0,0,0,0,0,0
1409,4,Sad,4,4,4,4,4,3,2,4,2,4
1410,6,Neutral,6,6,6,6,6,2,6,6,6,5
1411,2,Fear,4,2,4,2,2,2,4,2,4,2
1412,6,Neutral,6,6,6,6,6,6,6,6,6,6
1413,3,Happy,3,3,3,3,3,3,3,3,3,3
1414,6,Neutral,0,4,0,4,0,6,0,4,0,4
1415,0,Angry,0,0,0,0,0,0,0,0,0,0
1416,6,Neutral,6,6,6,6,6,6,6,6,6,6
1417,2,Fear,0,2,0,2,2,0,0,2,0,2
1418,6,Neutral,2,0,2,0,2,0,2,0,2,0
1419,4,Sad,6,6,6,6,6,6,6,6,6,6
1420,2,Fear,6,6,6,3,6,4,6,3,6,3
1421,0,Angry,0,0,0,0,0,3,0,3,0,3
1422,2,Fear,2,2,2,2,2,2,2,2,2,2
1423,3,Happy,3,3,3,3,3,3,3,3,3,3
1424,2,Fear,2,2,2,2,2,2,2,2,2,2
1425,3,Happy,3,3,3,3,3,3,3,3,3,3
1426,6,Neutral,6,6,6,6,6,6,6,6,6,6
1427,0,Angry,4,4,4,4,4,4,4,4,4,4
1428,3,Happy,3,3,3,3,3,3,3,3,3,3
1429,3,Happy,3,3,3,3,3,3,3,3,3,3
1430,4,Sad,4,4,2,4,2,4,2,4,4,4
1431,0,Angry,0,0,0,0,0,0,0,0,0,0
1432,4,Sad,6,4,6,4,4,0,6,4,6,4
1433,3,Happy,3,3,3,3,3,3,3,3,3,3
1434,6,Neutral,6,6,6,6,6,6,6,6,6,6
1435,6,Neutral,6,6,6,6,6,4,6,6,6,6
1436,5,Surprise,5,5,5,5,5,5,5,5,5,5
1437,0,Angry,4,4,4,4,2,2,4,4,4,4
1438,4,Sad,4,4,4,4,4,4,4,4,4,4
1439,2,Fear,5,2,5,2,5,2,5,2,5,2
1440,0,Angry,0,2,0,0,2,2,0,0,0,0
1441,4,Sad,1,2,1,2,0,4,1,2,1,2
1442,6,Neutral,6,6,6,6,6,6,6,6,6,6
1443,3,Happy,3,3,4,3,3,3,4,3,4,3
1444,3,Happy,3,3,3,3,3,3,3,3,3,3
1445,4,Sad,2,2,2,4,2,4,2,4,2,4
1446,4,Sad,4,4,6,4,4,6,6,4,6,4
1447,5,Surprise,5,5,5,5,5,5,5,5,5,5
1448,5,Surprise,5,5,5,5,5,5,5,5,5,5
1449,4,Sad,4,4,4,4,6,6,4,4,4,4
1450,2,Fear,4,4,4,4,4,4,4,4,4,4
1451,4,Sad,2,2,2,2,4,2,2,2,2,2
1452,3,Happy,4,2,4,3,4,4,2,3,2,3
1453,0,Angry,2,2,4,0,2,6,4,2,4,1
1454,4,Sad,4,4,4,4,2,4,4,4,2,4
1455,6,Neutral,6,4,6,6,6,4,6,6,6,6
1456,4,Sad,2,4,2,4,2,2,2,4,2,2
1457,5,Surprise,5,5,5,5,5,5,5,5,5,5
1458,2,Fear,2,2,2,2,2,0,2,2,2,2
1459,3,Happy,3,3,3,3,3,3,3,3,3,3
1460,6,Neutral,6,6,6,6,6,6,6,6,6,6
1461,5,Surprise,5,5,5,5,5,5,5,5,5,5
1462,6,Neutral,6,6,6,6,6,3,6,6,6,6
1463,3,Happy,3,3,3,3,3,3,3,3,3,3
1464,3,Happy,6,0,6,0,6,0,6,0,6,0
1465,0,Angry,0,0,0,0,0,0,0,0,0,0
1466,1,Disgust,2,1,4,1,2,4,4,4,4,4
1467,6,Neutral,6,6,6,2,6,6,6,2,6,2
1468,4,Sad,0,4,0,0,0,0,0,0,0,0
1469,6,Neutral,6,6,6,6,6,6,6,6,6,6
1470,6,Neutral,6,0,6,6,6,4,6,6,6,6
1471,3,Happy,3,3,3,3,3,3,3,3,3,3
1472,3,Happy,3,3,3,3,3,3,3,3,3,3
1473,4,Sad,0,0,0,0,0,0,0,0,0,0
1474,0,Angry,2,2,2,2,2,0,2,2,2,2
1475,2,Fear,2,4,2,4,4,4,2,4,2,4
1476,0,Angry,0,0,0,0,0,0,0,0,0,0
1477,2,Fear,4,2,4,2,4,0,4,2,3,2
1478,6,Neutral,0,6,0,6,4,0,0,6,0,6
1479,0,Angry,0,0,0,0,0,0,0,0,0,0
1480,4,Sad,4,4,4,4,4,4,4,4,4,4
1481,6,Neutral,6,6,6,6,6,6,6,6,6,6
1482,4,Sad,4,4,4,4,4,4,4,4,4,4
1483,6,Neutral,6,6,6,6,6,6,6,6,6,6
1484,6,Neutral,4,4,4,4,4,4,4,4,4,4
1485,2,Fear,2,2,2,2,2,4,2,2,2,2
1486,1,Disgust,1,1,1,1,1,1,1,1,1,1
1487,6,Neutral,6,6,6,6,6,6,6,6,6,6
1488,4,Sad,0,0,4,0,4,4,0,0,4,0
1489,0,Angry,3,3,2,3,4,4,2,3,2,3
1490,2,Fear,4,4,4,4,4,4,4,4,4,4
1491,5,Surprise,5,5,5,5,5,5,5,5,5,5
1492,2,Fear,0,2,0,2,0,2,0,2,0,2
1493,4,Sad,4,0,4,0,0,0,0,4,0,4
1494,4,Sad,6,4,4,4,4,6,4,4,4,4
1495,0,Angry,6,6,6,4,4,4,6,4,6,2
1496,6,Neutral,4,4,4,4,4,6,4,4,4,4
1497,4,Sad,6,4,6,4,6,4,4,4,6,4
1498,0,Angry,0,0,0,0,0,0,0,0,0,0
1499,0,Angry,4,4,4,4,2,0,4,4,4,4
1500,3,Happy,3,3,3,3,3,3,3,3,3,3
1501,3,Happy,3,3,3,3,3,3,3,3,3,3
1502,5,Surprise,4,2,4,5,6,4,4,2,4,2
1503,2,Fear,2,2,2,2,2,2,2,2,2,2
1504,3,Happy,3,3,3,3,3,3,3,3,3,3
1505,0,Angry,6,6,6,2,6,6,6,3,6,6
1506,2,Fear,2,2,2,2,2,5,2,2,2,2
1507,2,Fear,5,2,5,2,6,5,5,2,5,2
1508,2,Fear,0,1,0,4,0,0,0,4,0,4
1509,3,Happy,6,6,6,6,6,6,6,6,6,6
1510,3,Happy,3,3,3,3,3,3,3,3,3,3
1511,0,Angry,0,0,0,0,0,0,0,0,0,0
1512,5,Surprise,5,5,2,5,2,5,5,5,2,5
1513,4,Sad,2,0,4,0,4,0,4,0,4,0
1514,2,Fear,5,2,5,2,5,2,5,2,5,2
1515,6,Neutral,4,2,4,2,3,2,4,2,4,2
1516,3,Happy,3,3,3,3,3,3,3,3,3,3
1517,5,Surprise,5,5,5,5,5,5,5,5,5,5
1518,6,Neutral,6,6,6,6,6,6,6,6,6,6
1519,3,Happy,3,3,3,3,3,3,3,3,3,3
1520,3,Happy,3,3,3,3,3,3,3,3,3,3
1521,6,Neutral,6,6,6,6,6,6,6,6,6,6
1522,4,Sad,2,2,2,2,2,0,2,2,2,2
1523,6,Neutral,6,6,6,6,6,6,6,6,6,6
1524,4,Sad,4,4,4,4,4,4,4,4,4,4
1525,2,Fear,0,6,0,6,4,6,0,6,0,0
1526,4,Sad,6,4,6,4,6,6,6,4,6,4
1527,5,Surprise,5,5,5,5,5,5,5,5,5,5
1528,3,Happy,3,3,3,3,3,3,3,3,3,3
1529,0,Angry,0,2,0,2,4,2,0,2,0,2
1530,6,Neutral,5,5,5,5,5,5,5,5,5,2
1531,0,Angry,2,0,2,0,0,0,2,0,2,0
1532,2,Fear,4,4,6,4,4,4,6,4,6,4
1533,4,Sad,6,6,6,6,6,6,6,6,6,6
1534,5,Surprise,5,5,5,5,5,5,5,5,5,5
1535,6,Neutral,6,6,6,6,6,6,6,6,6,6
1536,6,Neutral,2,6,6,6,2,6,2,6,2,6
1537,0,Angry,2,2,3,2,2,2,3,2,3,2
1538,3,Happy,3,3,3,3,3,3,3,3,3,3
1539,2,Fear,2,2,2,2,2,2,2,2,2,2
1540,4,Sad,4,4,4,4,4,4,4,4,4,4
1541,3,Happy,3,3,3,3,3,3,3,3,3,3
1542,4,Sad,4,4,4,4,4,4,4,4,4,4
1543,3,Happy,3,3,3,3,3,3,3,3,3,3
1544,3,Happy,3,3,3,3,3,3,3,3,3,3
1545,3,Happy,3,3,3,3,3,3,3,3,3,3
1546,3,Happy,3,0,3,0,3,1,0,1,0,1
1547,3,Happy,4,4,4,4,4,3,4,4,0,4
1548,3,Happy,3,3,3,3,3,3,3,3,3,3
1549,1,Disgust,1,1,1,1,1,1,1,1,1,1
1550,4,Sad,4,4,6,4,4,4,4,4,4,4
1551,6,Neutral,6,6,6,6,6,6,6,6,6,6
1552,2,Fear,2,2,2,2,4,4,4,2,2,2
1553,3,Happy,3,3,3,3,3,3,3,3,3,3
1554,5,Surprise,5,2,5,5,5,2,5,5,5,5
1555,3,Happy,3,3,3,3,3,3,3,3,3,3
1556,3,Happy,3,3,3,3,3,3,3,3,3,3
1557,2,Fear,4,4,4,4,4,4,4,4,4,4
1558,6,Neutral,0,0,0,0,0,6,0,0,0,0
1559,4,Sad,0,3,0,3,0,6,0,3,0,3
1560,6,Neutral,6,6,6,6,6,6,6,6,6,6
1561,5,Surprise,5,5,5,5,5,5,5,5,5,5
1562,6,Neutral,6,6,6,6,6,6,6,6,6,6
1563,5,Surprise,2,2,2,2,2,3,2,6,2,6
1564,3,Happy,3,3,3,3,3,3,3,3,3,3
1565,6,Neutral,6,6,6,6,4,6,6,6,6,6
1566,4,Sad,4,4,4,4,4,4,4,4,4,4
1567,6,Neutral,6,6,6,6,6,6,6,6,6,6
1568,5,Surprise,5,5,5,5,5,5,5,5,5,5
1569,3,Happy,3,3,3,3,3,3,3,3,3,3
1570,3,Happy,3,3,3,3,3,3,3,3,3,3
1571,6,Neutral,4,0,0,0,4,4,6,0,0,0
1572,6,Neutral,3,6,6,6,6,6,6,6,6,6
1573,6,Neutral,6,2,6,0,6,6,6,0,6,0
1574,6,Neutral,6,6,6,6,6,6,6,6,6,6
1575,4,Sad,4,4,4,4,4,6,4,4,4,4
1576,3,Happy,3,3,3,3,3,3,3,3,3,3
1577,6,Neutral,6,6,6,6,6,6,6,6,6,6
1578,6,Neutral,6,6,6,6,6,6,6,6,6,6
1579,4,Sad,4,4,4,4,4,4,4,4,4,4
1580,3,Happy,3,3,3,3,3,3,3,3,3,3
1581,5,Surprise,5,5,5,5,5,5,5,5,5,5
1582,6,Neutral,4,4,4,4,4,6,4,4,4,4
1583,4,Sad,4,4,4,4,4,6,4,4,4,4
1584,3,Happy,3,3,3,3,3,3,3,3,3,3
1585,5,Surprise,5,5,5,5,5,5,5,5,5,5
1586,4,Sad,2,2,2,2,5,5,2,2,2,2
1587,4,Sad,4,4,4,4,4,4,4,4,4,4
1588,5,Surprise,5,5,5,5,5,5,5,5,5,5
1589,2,Fear,0,4,4,4,4,4,4,4,4,4
1590,3,Happy,3,3,3,3,3,3,3,3,3,3
1591,0,Angry,3,0,0,0,3,0,0,0,0,0
1592,0,Angry,0,0,0,0,0,0,0,0,0,0
1593,5,Surprise,3,3,3,3,3,3,3,3,3,3
1594,0,Angry,2,2,4,2,4,2,4,2,4,2
1595,4,Sad,6,6,6,6,6,6,6,6,6,6
1596,6,Neutral,4,4,4,4,4,4,4,4,4,4
1597,3,Happy,3,3,3,3,3,3,3,3,3,3
1598,6,Neutral,0,0,0,0,4,4,0,0,0,0
1599,0,Angry,0,0,0,0,0,0,0,0,0,0
1600,3,Happy,3,3,3,3,3,3,3,3,3,3
1601,0,Angry,4,4,4,2,4,0,4,4,4,2
1602,6,Neutral,6,4,6,4,4,6,6,2,6,2
1603,6,Neutral,6,6,6,6,6,6,6,6,6,6
1604,4,Sad,5,1,5,1,5,1,5,1,5,1
1605,6,Neutral,3,4,3,4,3,6,3,4,3,4
1606,2,Fear,3,3,3,3,3,3,3,3,3,3
1607,4,Sad,4,4,4,4,4,4,4,4,4,4
1608,3,Happy,3,3,3,3,3,3,3,3,3,3
1609,5,Surprise,5,2,5,5,5,5,5,5,5,2
1610,5,Surprise,5,5,5,5,5,5,5,5,5,5
1611,2,Fear,1,2,4,0,4,4,4,0,4,0
1612,5,Surprise,5,5,5,5,5,3,5,5,5,5
1613,5,Surprise,5,5,5,5,5,5,5,5,5,5
1614,3,Happy,4,0,2,0,6,0,2,0,2,0
1615,2,Fear,4,4,4,4,4,2,4,4,4,4
1616,0,Angry,0,0,0,0,0,0,0,0,0,0
1617,3,Happy,3,3,3,3,3,3,3,3,3,3
1618,4,Sad,6,0,6,0,0,3,6,6,6,0
1619,3,Happy,3,3,3,3,3,3,3,3,3,2
1620,6,Neutral,6,2,6,4,4,6,6,2,6,3
1621,2,Fear,2,2,2,2,2,2,2,2,2,2
1622,0,Angry,3,3,2,3,2,3,2,3,2,3
1623,2,Fear,4,0,6,0,6,6,6,0,6,0
1624,4,Sad,4,4,4,4,4,4,4,4,4,4
1625,3,Happy,3,2,2,2,5,0,3,2,2,2
1626,0,Angry,0,0,0,0,0,0,0,0,0,0
1627,3,Happy,4,3,3,3,4,3,4,3,4,3
1628,0,Angry,0,0,0,0,0,0,0,0,0,0
1629,3,Happy,3,3,3,3,3,3,3,3,3,3
1630,4,Sad,0,4,0,4,0,2,0,4,0,4
1631,0,Angry,0,0,0,0,0,3,0,0,0,0
1632,6,Neutral,2,0,2,0,2,0,2,2,2,0
1633,5,Surprise,5,5,5,5,5,5,5,5,5,5
1634,0,Angry,0,0,0,2,0,2,0,0,0,0
1635,3,Happy,3,3,3,3,3,3,3,3,3,3
1636,0,Angry,0,0,0,0,0,0,0,0,0,0
1637,0,Angry,1,1,1,1,1,1,1,1,1,1
1638,4,Sad,6,6,6,6,6,6,6,6,6,6
1639,6,Neutral,6,6,6,6,6,6,6,6,6,6
1640,3,Happy,3,3,3,3,3,3,3,3,3,3
1641,4,Sad,6,6,6,6,6,6,6,6,6,6
1642,2,Fear,2,5,2,5,4,2,2,3,2,5
1643,5,Surprise,4,0,4,0,4,0,0,0,0,0
1644,4,Sad,4,4,4,2,4,4,4,2,4,2
1645,4,Sad,2,4,2,2,4,4,2,2,2,2
1646,3,Happy,3,3,3,3,3,3,3,3,3,3
1647,2,Fear,2,2,2,2,2,2,2,2,2,2
1648,3,Happy,3,3,3,3,3,3,3,3,3,3
1649,3,Happy,3,3,3,3,3,3,3,3,3,3
1650,3,Happy,3,3,3,3,3,3,3,3,3,3
1651,3,Happy,3,3,3,3,3,3,3,3,3,3
1652,5,Surprise,2,0,2,0,0,0,2,0,2,0
1653,4,Sad,4,4,4,4,4,4,4,4,4,4
1654,6,Neutral,0,6,6,6,6,6,6,6,6,6
1655,6,Neutral,6,6,6,6,6,6,6,6,6,6
1656,3,Happy,3,3,3,3,3,3,3,3,3,3
1657,6,Neutral,6,6,6,6,4,6,6,6,6,6
1658,4,Sad,5,4,5,4,5,6,5,4,5,0
1659,2,Fear,2,2,2,2,2,2,2,2,2,2
1660,2,Fear,3,3,6,3,0,3,6,3,6,3
1661,6,Neutral,6,6,6,6,6,6,6,6,6,6
1662,4,Sad,3,4,4,4,4,4,4,0,4,4
1663,2,Fear,2,2,2,2,2,0,2,2,2,2
1664,4,Sad,4,4,2,4,2,4,2,4,2,4
1665,5,Surprise,5,5,5,2,5,5,5,2,5,2
1666,5,Surprise,5,5,5,5,5,5,5,5,5,5
1667,6,Neutral,6,6,6,6,6,6,6,6,6,6
1668,6,Neutral,0,5,3,5,6,5,3,5,3,5
1669,0,Angry,0,0,0,0,0,5,2,4,0,0
1670,0,Angry,0,0,0,0,0,0,0,0,0,0
1671,4,Sad,2,3,2,3,3,6,6,3,6,3
1672,1,Disgust,1,1,1,1,1,1,1,1,1,1
1673,2,Fear,0,2,2,2,0,2,2,2,0,2
1674,3,Happy,5,5,5,5,3,3,5,5,5,5
1675,0,Angry,0,0,0,0,0,0,0,0,0,0
1676,1,Disgust,1,1,1,1,1,1,1,1,1,1
1677,4,Sad,3,4,3,4,6,6,6,4,6,6
1678,6,Neutral,6,2,6,2,6,6,6,2,6,2
1679,0,Angry,0,0,0,0,0,0,0,0,0,0
1680,0,Angry,3,0,3,0,0,0,0,0,3,0
1681,2,Fear,0,3,0,3,5,3,0,3,0,3
1682,3,Happy,3,3,3,3,3,3,3,3,3,3
1683,3,Happy,3,3,3,3,3,3,3,3,3,3
1684,0,Angry,0,0,0,0,0,0,0,0,0,0
1685,6,Neutral,6,3,2,3,0,3,2,3,6,3
1686,3,Happy,3,3,3,3,3,3,3,3,3,3
1687,2,Fear,4,4,4,4,4,4,4,4,4,4
1688,0,Angry,0,0,0,0,0,0,0,0,0,0
1689,0,Angry,6,6,6,6,6,6,6,6,6,6
1690,4,Sad,4,4,4,4,4,0,4,4,4,4
1691,0,Angry,2,0,2,0,2,0,2,0,2,0
1692,5,Surprise,2,2,2,2,2,2,2,2,2,2
1693,3,Happy,4,4,4,4,3,3,4,4,4,4
1694,6,Neutral,4,6,4,0,4,0,4,6,4,6
1695,5,Surprise,5,5,5,5,5,5,5,5,5,5
1696,6,Neutral,6,6,6,6,6,6,6,6,6,6
1697,1,Disgust,1,1,1,1,1,1,1,1,1,1
1698,4,Sad,0,0,0,0,4,4,0,0,0,0
1699,5,Surprise,5,5,5,5,5,5,5,5,5,5
1700,0,Angry,0,0,0,0,0,0,0,0,0,0
1701,6,Neutral,3,3,3,3,3,3,3,3,3,3
1702,2,Fear,6,6,5,6,6,3,5,6,5,6
1703,4,Sad,4,4,2,4,4,2,2,4,2,4
1704,0,Angry,0,0,0,0,0,2,0,0,0,0
1705,4,Sad,6,4,6,4,6,6,6,4,6,6
1706,5,Surprise,5,5,5,5,0,0,5,0,5,0
1707,2,Fear,5,5,5,5,5,5,5,5,5,5
1708,3,Happy,3,3,3,3,3,3,3,3,3,3
1709,3,Happy,3,5,3,3,3,3,3,3,3,5
1710,6,Neutral,6,6,6,0,6,6,6,0,6,0
1711,5,Surprise,5,5,2,5,2,2,2,5,2,5
1712,4,Sad,4,4,4,4,4,4,4,4,4,4
1713,2,Fear,2,2,2,2,2,2,2,2,2,2
1714,5,Surprise,3,3,3,3,5,3,3,3,3,3
1715,4,Sad,6,4,6,4,6,4,6,4,6,4
1716,3,Happy,3,3,3,3,3,3,3,3,3,3
1717,3,Happy,3,3,3,3,3,3,3,3,3,3
1718,5,Surprise,5,5,5,5,5,5,5,5,5,5
1719,6,Neutral,3,6,3,6,3,6,3,6,3,6
1720,6,Neutral,6,6,6,6,6,6,6,6,6,6
1721,3,Happy,3,3,3,3,3,3,3,6,3,6
1722,2,Fear,2,0,0,0,2,0,0,0,0,0
1723,6,Neutral,6,6,6,6,6,6,6,6,6,6
1724,1,Disgust,0,0,0,0,0,0,0,0,0,0
1725,4,Sad,0,6,0,0,0,0,0,0,0,0
1726,2,Fear,2,2,2,2,2,2,2,2,2,2
1727,5,Surprise,5,5,5,5,5,5,5,5,5,5
1728,2,Fear,2,2,2,2,2,2,2,2,2,2
1729,3,Happy,3,3,3,3,3,3,3,3,3,3
1730,0,Angry,4,0,0,0,4,0,0,0,0,0
1731,3,Happy,3,3,3,3,3,3,3,3,3,3
1732,5,Surprise,5,5,5,5,5,5,5,5,5,5
1733,0,Angry,4,4,4,4,4,4,4,4,4,4
1734,4,Sad,6,6,6,4,6,4,6,6,6,6
1735,3,Happy,3,3,3,3,3,3,3,3,3,3
1736,5,Surprise,5,5,5,5,5,5,5,5,5,5
1737,3,Happy,3,3,3,3,3,3,3,3,3,3
1738,0,Angry,0,0,0,0,0,0,0,0,0,0
1739,6,Neutral,6,6,6,6,6,6,6,6,6,6
1740,3,Happy,3,3,3,3,3,3,3,3,3,3
1741,5,Surprise,5,5,5,5,5,5,5,5,5,5
1742,0,Angry,3,0,3,0,3,4,3,2,3,1
1743,3,Happy,3,3,3,3,3,3,3,3,3,3
1744,3,Happy,3,3,3,3,3,3,3,3,3,3
1745,3,Happy,3,3,3,3,3,3,3,3,3,3
1746,3,Happy,6,6,6,6,3,1,6,6,6,6
1747,2,Fear,2,2,2,2,2,2,2,2,2,2
1748,3,Happy,3,3,3,3,3,3,3,3,3,3
1749,6,Neutral,4,6,4,6,6,6,4,6,4,6
1750,5,Surprise,5,5,5,5,5,5,5,5,5,5
1751,3,Happy,3,3,3,3,3,3,3,3,3,3
1752,6,Neutral,6,3,6,3,3,3,6,3,6,3
1753,4,Sad,4,4,4,4,4,4,4,4,4,4
1754,3,Happy,5,5,5,5,5,5,5,5,5,5
1755,3,Happy,3,3,3,3,3,3,3,3,3,3
1756,3,Happy,3,3,3,3,3,3,3,3,3,3
1757,5,Surprise,3,5,3,5,3,3,3,5,3,5
1758,0,Angry,0,0,0,0,0,0,0,0,0,0
1759,3,Happy,3,3,3,3,3,3,3,3,3,3
1760,6,Neutral,0,0,0,0,0,2,0,0,0,0
1761,6,Neutral,4,0,4,0,4,4,4,0,4,0
1762,4,Sad,4,4,4,6,4,2,4,6,4,6
1763,6,Neutral,6,6,6,6,6,4,6,6,6,6
1764,6,Neutral,4,5,2,5,4,5,4,5,4,5
1765,2,Fear,2,2,2,2,2,2,2,2,2,2
1766,0,Angry,2,0,4,4,0,0,4,4,4,2
1767,3,Happy,3,3,3,3,3,3,3,3,3,3
1768,2,Fear,3,6,3,6,3,6,3,6,3,6
1769,4,Sad,6,4,6,4,6,4,6,4,6,4
1770,1,Disgust,1,1,1,1,1,0,1,1,1,1
1771,0,Angry,4,4,2,4,4,4,4,4,2,4
1772,4,Sad,2,2,2,2,2,2,0,2,0,2
1773,2,Fear,6,6,6,6,6,6,6,6,6,6
1774,5,Surprise,5,5,5,5,5,5,5,5,5,5
1775,1,Disgust,1,0,0,0,1,1,0,0,1,0
1776,2,Fear,2,6,4,6,2,2,4,4,6,6
1777,2,Fear,4,4,4,2,4,4,2,4,4,4
1778,4,Sad,2,4,6,4,6,4,6,4,6,4
1779,6,Neutral,6,6,6,6,6,6,6,6,6,6
1780,4,Sad,4,4,4,4,4,4,4,4,4,4
1781,0,Angry,4,4,0,4,0,4,0,4,0,4
1782,2,Fear,2,2,4,2,4,4,4,2,4,2
1783,6,Neutral,2,4,4,4,4,4,4,4,4,4
1784,3,Happy,6,3,6,3,6,3,6,3,6,3
1785,2,Fear,0,0,0,0,0,0,0,0,0,0
1786,3,Happy,3,3,3,3,3,3,3,3,3,3
1787,0,Angry,0,0,0,0,0,0,0,0,0,0
1788,0,Angry,4,6,4,4,4,0,4,6,4,4
1789,5,Surprise,4,6,4,0,5,5,5,0,5,0
1790,6,Neutral,2,6,2,2,4,2,2,2,2,2
1791,4,Sad,4,0,2,0,0,1,4,0,4,0
1792,4,Sad,4,1,4,1,2,0,4,4,4,0
1793,3,Happy,3,3,3,3,3,3,3,3,3,3
1794,2,Fear,2,2,2,2,2,2,2,2,2,2
1795,6,Neutral,6,6,6,6,6,6,6,6,6,6
1796,3,Happy,3,3,3,3,3,3,3,3,3,3
1797,4,Sad,2,2,2,2,2,2,2,2,2,4
1798,5,Surprise,5,5,5,5,5,5,5,5,5,5
1799,2,Fear,2,2,2,2,2,6,2,2,2,2
1800,3,Happy,3,3,3,3,3,3,3,3,3,3
1801,6,Neutral,6,2,6,4,4,6,6,4,6,4
1802,2,Fear,5,6,5,6,5,3,5,6,5,6
1803,2,Fear,6,4,6,3,6,3,6,3,6,3
1804,3,Happy,3,3,3,3,3,3,3,3,3,3
1805,6,Neutral,6,6,0,6,2,0,2,6,6,6
1806,5,Surprise,5,5,5,5,5,5,5,5,5,5
1807,4,Sad,4,2,4,2,4,4,4,2,4,2
1808,0,Angry,0,0,0,0,0,2,0,0,0,0
1809,3,Happy,3,3,3,3,3,3,3,3,3,3
1810,5,Surprise,5,5,5,5,5,5,5,5,5,5
1811,3,Happy,3,3,3,3,3,3,3,3,3,3
1812,6,Neutral,6,6,6,6,6,6,6,6,6,6
1813,5,Surprise,5,5,5,5,5,5,5,5,5,5
1814,2,Fear,2,2,2,2,2,5,2,2,2,2
1815,5,Surprise,5,5,5,5,5,5,5,5,6,5
1816,5,Surprise,5,5,5,5,5,5,5,5,5,5
1817,0,Angry,2,4,0,4,2,0,0,0,0,4
1818,0,Angry,0,0,0,0,0,0,0,0,0,0
1819,2,Fear,6,2,6,2,6,6,2,2,6,2
1820,3,Happy,3,3,3,3,3,3,3,3,3,3
1821,3,Happy,3,3,3,3,3,3,3,3,3,3
1822,2,Fear,2,2,2,4,4,4,2,2,2,2
1823,4,Sad,6,2,6,5,6,5,6,5,6,5
1824,2,Fear,4,4,4,4,0,4,4,4,1,4
1825,6,Neutral,6,6,6,6,6,6,6,6,6,6
1826,6,Neutral,6,0,6,0,6,6,6,0,6,0
1827,5,Surprise,5,5,5,5,5,5,5,5,5,5
1828,1,Disgust,1,1,1,1,1,1,1,1,1,1
1829,4,Sad,4,4,4,4,4,2,4,4,4,4
1830,3,Happy,3,3,3,3,3,6,3,3,3,3
1831,3,Happy,3,3,4,3,4,0,0,3,4,0
1832,6,Neutral,0,2,2,0,2,0,5,4,2,0
1833,6,Neutral,4,4,4,4,4,4,4,4,4,4
1834,6,Neutral,3,3,5,3,3,3,5,3,5,3
1835,0,Angry,0,0,0,0,0,0,0,0,0,0
1836,5,Surprise,5,3,5,3,3,3,3,3,5,3
1837,4,Sad,4,4,6,4,4,4,4,4,6,4
1838,5,Surprise,5,5,5,5,5,5,5,5,5,5
1839,4,Sad,0,4,5,2,4,2,0,5,5,2
1840,0,Angry,0,0,0,0,0,0,0,0,0,0
1841,2,Fear,0,2,2,2,0,2,0,2,0,2
1842,5,Surprise,5,5,5,5,5,5,5,5,5,5
1843,6,Neutral,6,6,6,6,6,6,6,6,6,6
1844,0,Angry,0,4,0,4,0,4,0,4,0,4
1845,2,Fear,2,2,2,2,2,2,2,2,2,2
1846,5,Surprise,5,5,5,5,5,5,5,5,5,5
1847,3,Happy,3,3,3,3,3,3,3,3,3,3
1848,3,Happy,3,3,3,3,3,3,3,3,3,3
1849,6,Neutral,6,6,6,6,6,6,6,6,6,6
1850,0,Angry,0,0,0,0,0,2,0,0,0,0
1851,0,Angry,0,0,0,0,0,0,0,0,0,0
1852,3,Happy,3,3,3,3,3,3,3,3,3,3
1853,0,Angry,2,0,2,4,2,1,2,4,2,4
1854,3,Happy,3,3,3,3,3,3,3,3,3,3
1855,4,Sad,4,6,4,4,4,4,4,4,4,4
1856,4,Sad,4,4,4,4,4,4,4,4,4,4
1857,6,Neutral,6,6,6,6,6,6,6,6,6,6
1858,0,Angry,0,0,2,0,2,0,2,0,2,0
1859,6,Neutral,6,6,6,6,6,6,6,6,6,6
1860,6,Neutral,6,6,6,6,6,6,6,6,6,6
1861,3,Happy,3,3,3,3,3,3,3,3,3,3
1862,5,Surprise,2,2,2,2,2,2,2,2,2,2
1863,6,Neutral,6,6,6,6,6,6,6,6,6,6
1864,5,Surprise,5,5,5,5,5,5,5,5,5,5
1865,3,Happy,3,3,3,3,3,3,3,3,3,3
1866,4,Sad,4,4,2,4,0,4,0,4,2,4
1867,4,Sad,4,4,4,4,4,3,4,4,4,4
1868,0,Angry,0,0,0,0,0,0,0,0,0,0
1869,5,Surprise,2,5,2,5,2,4,2,5,5,5
1870,6,Neutral,6,6,6,6,6,6,6,6,6,6
1871,5,Surprise,5,5,5,5,5,5,5,5,5,5
1872,3,Happy,3,3,3,3,3,3,3,3,3,3
1873,2,Fear,6,6,6,6,6,6,6,6,6,6
1874,6,Neutral,2,2,6,2,6,6,6,2,6,2
1875,3,Happy,3,3,3,3,3,3,3,3,3,3
1876,3,Happy,6,6,6,6,6,6,6,6,6,6
1877,0,Angry,0,0,0,0,0,0,0,0,0,0
1878,4,Sad,3,3,3,3,3,4,3,3,3,3
1879,0,Angry,0,0,0,0,0,0,0,0,0,0
1880,0,Angry,0,0,0,0,0,2,0,0,0,0
1881,6,Neutral,6,6,6,6,6,6,6,6,6,6
1882,2,Fear,0,5,0,5,0,5,0,5,0,5
1883,2,Fear,0,0,0,0,0,0,0,0,0,0
1884,5,Surprise,3,3,3,3,3,3,3,3,3,3
1885,6,Neutral,6,6,6,6,6,4,6,6,6,6
1886,0,Angry,0,0,0,0,0,0,0,0,0,0
1887,5,Surprise,5,5,5,5,5,5,5,5,5,5
1888,3,Happy,3,3,3,0,3,0,3,0,3,0
1889,5,Surprise,5,5,5,5,5,5,5,5,5,5
1890,3,Happy,0,0,3,0,0,6,3,0,3,0
1891,5,Surprise,5,2,2,5,2,2,2,2,2,5
1892,4,Sad,4,4,4,4,4,4,4,4,4,4
1893,6,Neutral,6,6,6,6,6,6,6,6,6,6
1894,4,Sad,2,1,2,1,2,4,2,1,2,1
1895,6,Neutral,6,6,6,6,6,6,6,6,6,6
1896,4,Sad,4,4,4,4,4,4,4,4,4,4
1897,4,Sad,4,4,4,4,4,4,4,4,4,4
1898,3,Happy,6,6,6,6,6,6,6,6,6,6
1899,4,Sad,4,4,4,4,4,4,4,4,4,4
1900,3,Happy,3,3,3,3,3,3,3,3,3,3
1901,6,Neutral,4,6,4,6,4,0,4,6,4,6
1902,2,Fear,2,2,2,2,2,4,2,2,2,2
1903,2,Fear,2,2,2,2,2,0,2,2,2,0
1904,3,Happy,3,3,3,3,3,3,3,3,3,3
1905,3,Happy,0,3,0,3,0,3,0,3,0,3
1906,0,Angry,0,0,0,0,0,0,0,0,0,0
1907,4,Sad,4,6,2,6,4,4,2,6,2,6
1908,3,Happy,6,3,6,3,6,3,6,2,6,5
1909,1,Disgust,0,2,0,4,0,0,0,4,0,4
1910,0,Angry,4,4,4,4,2,4,4,4,4,4
1911,3,Happy,3,3,3,3,3,3,3,3,3,3
1912,0,Angry,3,6,3,6,6,6,3,6,3,6
1913,3,Happy,3,3,3,3,3,3,3,3,3,3
1914,5,Surprise,5,5,5,5,5,5,5,5,5,5
1915,2,Fear,2,2,2,2,2,5,2,2,2,2
1916,3,Happy,3,3,3,3,3,3,3,3,3,3
1917,3,Happy,3,3,3,4,3,4,3,4,3,4
1918,3,Happy,0,3,0,3,3,3,0,3,0,3
1919,2,Fear,2,0,2,0,2,0,2,0,2,0
1920,6,Neutral,6,6,6,6,6,6,6,6,6,6
1921,3,Happy,3,3,3,3,3,3,3,3,3,3
1922,0,Angry,0,0,0,0,0,0,0,0,0,0
1923,4,Sad,4,4,4,4,4,4,4,4,4,4
1924,0,Angry,0,0,0,0,0,0,0,0,0,0
1925,6,Neutral,4,4,4,4,4,4,4,4,4,4
1926,4,Sad,4,4,4,4,6,6,4,6,4,6
1927,0,Angry,5,6,5,6,5,6,5,6,5,6
1928,3,Happy,3,3,3,3,3,3,3,3,3,3
1929,5,Surprise,5,5,5,5,5,0,5,5,5,5
1930,6,Neutral,6,6,6,6,6,4,6,6,6,6
1931,5,Surprise,5,5,0,2,0,5,0,5,0,5
1932,6,Neutral,0,4,0,4,0,4,0,4,0,4
1933,6,Neutral,6,6,6,6,6,6,6,6,6,6
1934,2,Fear,5,5,5,5,5,5,5,5,5,5
1935,4,Sad,4,4,4,4,4,4,4,4,4,4
1936,3,Happy,3,3,3,3,3,3,3,3,3,3
1937,2,Fear,5,2,5,2,5,5,5,2,5,2
1938,2,Fear,0,2,0,2,0,2,2,2,0,2
1939,5,Surprise,5,5,5,5,5,5,5,5,5,5
1940,0,Angry,0,0,0,0,0,0,0,0,0,0
1941,6,Neutral,5,5,5,5,5,5,5,5,5,5
1942,0,Angry,0,2,0,2,2,4,0,2,0,5
1943,2,Fear,2,4,6,2,2,2,2,4,6,4
1944,4,Sad,4,3,4,3,4,6,4,3,4,3
1945,3,Happy,3,3,3,3,3,3,3,3,3,3
1946,3,Happy,3,3,3,3,3,3,3,3,3,3
1947,3,Happy,3,3,3,3,3,3,3,3,3,3
1948,4,Sad,4,4,0,4,4,4,0,4,4,4
1949,4,Sad,4,2,2,2,2,2,2,2,2,2
1950,3,Happy,3,3,3,3,3,3,3,0,3,3
1951,2,Fear,0,4,4,4,0,3,0,0,4,0
1952,4,Sad,4,4,4,4,4,4,4,4,4,4
1953,4,Sad,6,3,6,3,6,0,6,3,6,3
1954,5,Surprise,2,2,2,2,2,2,2,2,2,0
1955,0,Angry,1,1,1,1,1,1,1,1,1,1
1956,4,Sad,4,0,4,0,4,2,4,2,4,2
1957,3,Happy,3,3,3,3,3,3,3,3,3,3
1958,4,Sad,3,3,3,3,3,3,3,3,3,3
1959,3,Happy,3,3,3,3,3,3,3,3,3,3
1960,2,Fear,2,2,2,2,2,0,2,2,2,2
1961,0,Angry,4,2,4,2,4,2,4,2,4,2
1962,3,Happy,3,3,3,3,3,3,3,3,3,3
1963,6,Neutral,0,4,4,4,6,4,4,4,4,4
1964,4,Sad,4,4,4,4,4,4,4,4,4,4
1965,6,Neutral,6,6,1,6,6,6,6,6,5,6
1966,3,Happy,3,3,3,3,3,3,2,3,2,3
1967,3,Happy,3,3,3,3,3,3,3,3,3,3
1968,0,Angry,0,0,0,0,0,0,2,0,2,0
1969,2,Fear,2,0,2,1,0,4,2,1,2,0
1970,2,Fear,2,2,2,2,2,2,2,2,2,2
1971,6,Neutral,3,3,6,3,6,6,6,3,6,3
1972,5,Surprise,5,5,5,5,2,5,2,5,5,5
1973,6,Neutral,6,6,6,6,6,6,6,6,6,6
1974,6,Neutral,6,6,6,6,6,6,6,6,6,6
1975,0,Angry,0,0,0,0,2,0,0,0,2,0
1976,3,Happy,3,3,3,3,3,3,3,3,3,3
1977,5,Surprise,5,5,5,5,5,5,2,5,2,5
1978,2,Fear,6,6,6,6,6,0,6,6,6,6
1979,2,Fear,6,0,4,0,4,6,4,0,4,0
1980,6,Neutral,3,3,3,3,3,3,3,3,3,3
1981,6,Neutral,6,6,6,6,6,6,6,6,6,6
1982,3,Happy,3,3,3,3,3,3,3,3,3,3
1983,3,Happy,3,3,3,3,3,3,3,3,3,3
1984,3,Happy,4,3,4,3,0,0,4,0,4,4
1985,0,Angry,4,4,2,4,2,4,4,4,2,4
1986,2,Fear,4,4,4,4,4,6,4,4,4,4
1987,2,Fear,2,2,2,2,2,2,2,2,2,2
1988,6,Neutral,6,6,6,6,6,2,6,6,6,6
1989,6,Neutral,6,6,2,6,6,6,2,6,6,6
1990,5,Surprise,5,5,5,5,5,5,5,5,5,5
1991,0,Angry,0,2,0,2,2,0,0,2,0,2
1992,2,Fear,2,2,2,2,2,2,2,2,2,2
1993,0,Angry,3,2,5,2,2,3,3,2,5,2
1994,6,Neutral,6,2,6,2,6,2,6,2,6,2
1995,3,Happy,3,3,3,3,3,3,3,3,3,3
1996,3,Happy,3,0,3,3,3,0,3,3,3,3
1997,3,Happy,3,3,3,3,3,3,3,3,3,3
1998,6,Neutral,6,4,6,3,0,4,6,3,6,3
1999,6,Neutral,6,6,6,6,6,6,6,6,6,6
2000,5,Surprise,5,5,5,5,5,5,5,5,5,5
2001,6,Neutral,6,6,6,6,4,6,6,6,6,6
2002,4,Sad,2,2,2,2,4,1,2,2,2,2
2003,3,Happy,3,3,3,3,3,3,3,3,3,3
2004,3,Happy,3,3,3,3,3,3,3,3,3,3
2005,3,Happy,3,3,3,3,3,3,3,3,3,3
2006,5,Surprise,5,5,5,5,5,5,5,5,5,5
2007,0,Angry,0,0,0,0,0,0,0,0,0,0
2008,6,Neutral,6,6,6,6,6,6,6,6,6,6
2009,5,Surprise,5,5,5,5,5,5,5,5,5,5
2010,6,Neutral,6,6,6,6,6,6,6,6,6,6
2011,6,Neutral,6,6,6,6,6,4,6,6,6,6
2012,2,Fear,2,2,5,2,2,2,4,2,4,2
2013,6,Neutral,6,6,6,6,6,6,6,6,6,6
2014,2,Fear,4,4,4,4,4,4,4,4,4,4
2015,3,Happy,3,3,3,3,3,3,3,3,3,3
2016,4,Sad,4,2,4,2,2,2,4,2,4,2
2017,3,Happy,3,3,3,3,3,3,3,3,3,3
2018,3,Happy,3,3,3,3,3,3,3,3,3,3
2019,3,Happy,3,3,3,3,3,3,3,3,3,3
2020,0,Angry,0,4,0,4,0,4,0,4,0,6
2021,4,Sad,4,2,4,2,4,2,4,2,4,2
2022,0,Angry,0,0,2,0,0,0,4,0,2,0
2023,6,Neutral,6,6,6,6,6,6,6,6,6,6
2024,6,Neutral,6,4,6,4,3,6,6,4,6,4
2025,6,Neutral,4,4,4,4,4,6,4,4,4,4
2026,6,Neutral,0,6,0,6,0,6,0,6,0,6
2027,2,Fear,2,2,2,2,2,5,2,2,2,2
2028,3,Happy,3,3,3,3,3,3,3,3,3,3
2029,2,Fear,6,2,4,2,0,2,4,2,4,2
2030,3,Happy,3,3,3,3,3,3,3,3,3,3
2031,3,Happy,3,3,3,3,3,6,3,3,3,3
2032,5,Surprise,5,5,5,5,5,5,5,5,5,5
2033,6,Neutral,6,6,6,6,6,6,6,6,6,6
2034,0,Angry,0,0,0,0,0,0,0,0,0,0
2035,0,Angry,0,4,0,4,0,5,0,4,0,4
2036,6,Neutral,6,6,6,6,6,6,6,6,6,6
2037,6,Neutral,6,6,6,6,6,6,6,6,6,6
2038,2,Fear,2,2,2,2,2,2,2,2,2,2
2039,4,Sad,4,4,4,4,4,4,4,4,4,4
2040,6,Neutral,4,2,6,2,4,5,6,2,6,2
2041,2,Fear,4,4,4,4,4,1,4,4,4,4
2042,5,Surprise,5,5,5,5,5,5,5,5,5,5
2043,4,Sad,6,4,6,4,6,4,6,4,6,4
2044,6,Neutral,6,6,6,5,6,6,6,5,6,5
2045,6,Neutral,6,3,6,6,6,6,6,6,6,6
2046,3,Happy,3,3,3,3,3,3,3,3,3,3
2047,2,Fear,4,2,4,2,4,6,4,2,4,2
2048,6,Neutral,6,3,6,3,3,3,6,3,6,3
2049,3,Happy,3,3,3,3,3,3,3,3,3,3
2050,2,Fear,0,0,0,0,0,0,0,0,0,0
2051,2,Fear,2,2,2,2,2,4,2,2,2,2
2052,0,Angry,0,0,0,2,0,2,0,2,0,2
2053,5,Surprise,5,5,5,5,5,5,5,5,5,5
2054,0,Angry,2,4,2,4,2,4,2,4,2,4
2055,3,Happy,3,3,3,3,3,3,3,3,3,3
2056,3,Happy,3,3,3,3,3,3,3,3,3,3
2057,0,Angry,0,0,0,0,0,0,0,0,0,0
2058,2,Fear,0,6,0,0,0,0,0,0,0,4
2059,4,Sad,4,2,4,2,4,4,4,2,4,2
2060,2,Fear,4,4,4,4,4,4,4,4,4,4
2061,0,Angry,0,0,0,0,0,0,0,0,0,0
2062,0,Angry,1,1,4,1,4,1,4,1,4,4
2063,3,Happy,3,3,3,3,3,3,3,3,3,3
2064,4,Sad,4,4,4,4,4,4,4,4,4,4
2065,0,Angry,4,4,4,4,4,4,4,4,4,4
2066,2,Fear,4,4,4,4,6,4,4,4,4,4
2067,5,Surprise,5,5,5,5,5,5,5,5,5,5
2068,4,Sad,6,6,6,6,6,6,0,6,0,6
2069,3,Happy,3,3,3,3,3,3,3,3,3,3
2070,3,Happy,3,3,3,3,3,3,3,3,3,3
2071,5,Surprise,5,5,5,5,5,5,5,5,5,5
2072,3,Happy,3,3,3,3,3,3,3,3,3,3
2073,2,Fear,2,4,2,4,2,4,2,4,2,4
2074,2,Fear,0,0,0,0,0,0,0,0,0,0
2075,4,Sad,4,4,4,4,4,4,4,4,4,4
2076,4,Sad,6,6,6,6,6,6,6,6,6,6
2077,3,Happy,3,3,3,3,3,3,3,3,3,3
2078,2,Fear,2,6,2,6,2,6,2,6,2,6
2079,3,Happy,3,3,3,3,3,3,3,3,3,3
2080,3,Happy,3,3,3,3,3,3,3,3,3,3
2081,4,Sad,6,6,4,6,6,6,4,6,4,6
2082,0,Angry,2,2,2,2,0,0,2,2,2,2
2083,0,Angry,5,3,5,3,5,5,5,3,5,3
2084,2,Fear,2,2,2,2,2,2,2,2,2,2
2085,0,Angry,0,0,0,0,0,0,0,0,0,0
2086,4,Sad,0,6,0,6,4,6,0,6,0,6
2087,5,Surprise,5,0,5,2,2,2,5,2,5,2
2088,3,Happy,3,3,3,3,3,3,3,3,3,3
2089,4,Sad,3,6,3,3,3,3,3,3,3,3
2090,6,Neutral,6,6,6,6,6,6,6,6,6,6
2091,0,Angry,0,2,0,2,0,0,0,2,0,2
2092,4,Sad,4,2,2,2,2,2,2,2,2,2
2093,3,Happy,3,3,3,3,3,3,3,3,3,3
2094,3,Happy,3,3,3,3,3,3,3,3,3,3
2095,5,Surprise,3,3,3,3,3,3,3,3,3,3
2096,3,Happy,3,3,3,6,3,3,3,3,3,6
2097,5,Surprise,5,5,5,5,5,5,5,5,5,5
2098,2,Fear,2,2,2,2,2,3,3,2,0,2
2099,3,Happy,3,3,3,3,3,3,3,3,3,3
2100,0,Angry,0,0,0,0,0,0,0,0,0,0
2101,6,Neutral,6,6,6,6,6,6,6,6,6,6
2102,5,Surprise,5,5,5,5,5,5,5,5,5,5
2103,4,Sad,6,6,6,6,4,6,6,6,6,6
2104,3,Happy,3,3,3,3,3,3,3,3,3,3
2105,4,Sad,4,4,4,4,4,6,4,4,4,4
2106,3,Happy,3,3,3,3,3,3,3,3,3,3
2107,0,Angry,0,0,0,0,0,0,0,0,0,0
2108,6,Neutral,6,6,3,6,5,6,5,6,3,6
2109,3,Happy,3,2,3,2,3,3,2,2,3,2
2110,4,Sad,3,4,3,4,6,4,3,4,3,4
2111,3,Happy,3,3,3,3,3,3,3,3,3,3
2112,3,Happy,3,2,3,2,3,3,3,2,3,2
2113,5,Surprise,5,5,5,5,3,5,3,5,3,5
2114,3,Happy,3,3,3,3,3,3,3,3,3,3
2115,4,Sad,0,6,0,0,4,2,0,2,0,2
2116,4,Sad,4,4,4,4,4,4,4,4,4,4
2117,2,Fear,6,2,6,4,6,4,6,2,6,4
2118,5,Surprise,5,5,3,3,3,3,5,5,3,3
2119,0,Angry,0,0,0,0,0,0,0,0,0,0
2120,6,Neutral,6,6,6,6,6,6,6,6,6,6
2121,6,Neutral,6,6,6,6,6,6,6,6,6,6
2122,0,Angry,4,0,4,2,4,2,4,4,4,0
2123,3,Happy,3,3,3,3,3,3,3,3,3,3
2124,6,Neutral,6,6,6,6,6,6,6,6,6,6
2125,1,Disgust,1,1,1,1,1,1,1,1,1,1
2126,2,Fear,2,2,0,0,0,2,2,0,0,0
2127,6,Neutral,3,3,3,3,3,3,6,3,6,3
2128,6,Neutral,4,3,4,3,6,3,4,3,3,3
2129,4,Sad,0,0,0,0,0,0,0,0,0,0
2130,6,Neutral,6,6,6,6,6,6,6,6,6,6
2131,3,Happy,3,3,3,3,3,3,3,3,3,3
2132,3,Happy,3,3,3,3,3,3,3,3,3,3
2133,3,Happy,3,3,3,3,3,3,3,3,3,3
2134,1,Disgust,1,1,1,1,1,1,1,0,2,1
2135,6,Neutral,4,6,2,6,4,4,2,6,2,6
2136,3,Happy,3,3,3,3,3,3,3,3,3,3
2137,3,Happy,3,3,3,3,3,3,3,3,3,3
2138,3,Happy,1,6,0,3,3,4,5,6,0,3
2139,3,Happy,3,3,3,3,3,3,3,3,3,3
2140,4,Sad,4,0,4,0,4,4,4,0,4,0
2141,5,Surprise,5,5,5,5,5,5,5,5,5,5
2142,3,Happy,3,3,3,3,3,3,3,3,3,3
2143,2,Fear,4,0,4,0,0,0,0,0,0,0
2144,2,Fear,6,0,6,2,6,0,6,2,6,2
2145,6,Neutral,6,6,6,6,6,6,6,6,6,6
2146,4,Sad,4,4,4,4,4,4,4,4,4,4
2147,3,Happy,0,3,0,3,0,0,0,3,0,3
2148,0,Angry,6,0,6,4,4,6,6,4,6,4
2149,3,Happy,3,0,3,0,3,3,3,0,3,4
2150,0,Angry,4,4,4,4,4,4,4,0,4,4
2151,5,Surprise,5,5,5,5,5,5,5,5,5,5
2152,2,Fear,2,5,2,5,2,5,2,5,2,2
2153,2,Fear,2,2,2,2,2,3,2,2,2,2
2154,3,Happy,5,6,2,5,5,5,2,5,2,6
2155,3,Happy,3,3,3,3,3,3,3,3,3,3
2156,4,Sad,6,6,6,6,6,6,6,6,6,6
2157,6,Neutral,6,6,6,6,6,6,6,6,6,6
2158,3,Happy,3,3,3,3,3,3,3,3,3,3
2159,0,Angry,0,4,2,4,0,2,0,4,2,4
2160,5,Surprise,5,5,5,5,5,5,5,5,5,5
2161,4,Sad,2,2,2,2,2,1,2,2,2,2
2162,0,Angry,0,0,0,0,0,0,0,0,0,0
2163,4,Sad,4,6,4,6,4,2,4,2,4,2
2164,2,Fear,2,2,2,2,2,0,2,2,2,2
2165,3,Happy,3,3,3,3,3,3,3,3,3,3
2166,3,Happy,3,3,3,3,3,3,3,3,3,3
2167,2,Fear,2,2,2,2,2,2,2,2,2,2
2168,3,Happy,3,3,3,3,3,3,3,3,3,3
2169,0,Angry,0,0,0,0,6,0,0,0,0,0
2170,3,Happy,3,3,3,3,3,3,3,3,3,3
2171,3,Happy,3,3,3,3,3,3,3,3,3,3
2172,0,Angry,3,6,3,6,3,6,3,6,3,6
2173,3,Happy,3,5,3,3,3,3,3,3,3,3
2174,5,Surprise,5,5,5,5,5,5,5,5,5,5
2175,3,Happy,3,0,3,0,3,3,3,0,3,0
2176,0,Angry,0,0,0,0,0,0,0,0,0,0
2177,4,Sad,4,0,4,6,4,4,6,2,4,0
2178,2,Fear,4,4,4,4,4,4,4,4,4,4
2179,4,Sad,0,4,0,4,0,0,0,4,0,4
2180,2,Fear,4,4,4,4,4,4,4,4,4,4
2181,3,Happy,3,3,3,3,3,3,3,3,3,3
2182,2,Fear,4,2,4,4,4,4,4,2,4,4
2183,6,Neutral,4,6,4,6,4,3,0,6,0,6
2184,4,Sad,4,4,4,4,4,4,4,4,4,0
2185,3,Happy,3,3,3,3,3,3,3,3,3,3
2186,4,Sad,4,6,4,2,4,2,4,2,4,2
2187,2,Fear,2,2,2,2,2,2,2,2,2,2
2188,2,Fear,2,2,2,2,2,2,2,2,2,2
2189,3,Happy,3,3,3,3,3,3,3,3,3,3
2190,6,Neutral,0,4,0,4,0,4,0,4,0,4
2191,2,Fear,2,2,2,2,2,2,2,2,2,2
2192,3,Happy,3,3,3,3,3,3,3,3,3,3
2193,6,Neutral,4,4,4,4,4,6,4,6,4,4
2194,2,Fear,4,4,4,2,4,4,4,2,2,4
2195,5,Surprise,3,5,3,3,3,5,3,5,3,3
2196,2,Fear,2,2,2,0,0,4,2,2,2,2
2197,4,Sad,4,2,4,2,4,0,4,2,4,2
2198,5,Surprise,2,5,2,5,2,5,2,2,2,5
2199,3,Happy,3,3,3,3,3,3,3,3,3,3
2200,3,Happy,3,3,3,3,3,3,3,3,3,3
2201,5,Surprise,5,5,5,5,5,5,5,5,5,5
2202,5,Surprise,5,5,5,5,5,5,5,5,5,5
2203,3,Happy,3,3,3,3,3,3,3,3,3,3
2204,6,Neutral,6,6,6,6,6,6,6,6,6,6
2205,4,Sad,4,4,4,4,6,4,4,4,4,4
2206,2,Fear,0,0,0,0,0,2,0,0,0,0
2207,1,Disgust,0,4,0,4,0,1,0,4,0,4
2208,2,Fear,2,2,2,2,2,2,2,2,2,2
2209,0,Angry,4,6,4,6,4,4,4,6,4,6
2210,2,Fear,6,4,6,4,6,2,6,4,6,4
2211,4,Sad,6,4,4,4,6,2,4,4,4,4
2212,3,Happy,3,3,3,3,3,3,3,6,3,6
2213,3,Happy,6,3,6,3,6,3,6,3,6,3
2214,0,Angry,0,0,0,0,0,0,0,0,0,0
2215,6,Neutral,6,6,6,6,6,6,6,6,6,6
2216,3,Happy,3,3,3,3,3,3,3,3,3,3
2217,0,Angry,2,2,2,2,2,5,2,2,2,2
2218,2,Fear,6,6,6,6,6,6,6,6,6,6
2219,6,Neutral,4,4,4,4,6,4,4,4,4,4
2220,6,Neutral,6,6,6,6,6,1,6,6,6,6
2221,1,Disgust,1,1,1,0,0,0,4,0,4,0
2222,4,Sad,4,4,4,4,4,4,4,4,4,4
2223,6,Neutral,3,3,3,3,3,3,3,3,3,3
2224,2,Fear,6,6,3,6,3,6,3,6,3,6
2225,6,Neutral,6,6,6,6,6,6,6,6,6,6
2226,3,Happy,4,2,4,4,4,0,4,2,4,2
2227,3,Happy,3,3,3,3,3,3,3,3,3,3
2228,6,Neutral,6,6,6,6,3,6,6,6,6,6
2229,3,Happy,3,3,3,3,3,3,3,3,3,3
2230,3,Happy,3,3,3,3,3,3,3,3,3,3
2231,6,Neutral,6,3,6,3,6,3,6,3,6,3
2232,6,Neutral,6,4,6,3,3,4,6,3,6,3
2233,3,Happy,3,4,3,3,3,2,3,4,3,4
2234,5,Surprise,2,2,0,2,2,2,0,2,5,2
2235,4,Sad,4,4,4,4,4,0,4,4,4,4
2236,0,Angry,0,0,0,0,0,0,0,0,0,0
2237,0,Angry,6,0,6,0,4,2,6,0,6,0
2238,5,Surprise,5,0,2,0,5,2,2,0,2,0
2239,4,Sad,4,4,4,4,4,3,4,4,4,4
2240,6,Neutral,6,6,6,6,6,6,6,6,6,6
2241,6,Neutral,3,6,3,6,3,6,3,6,3,6
2242,4,Sad,6,4,6,6,6,6,6,6,6,6
2243,4,Sad,4,4,4,4,4,4,2,4,4,4
2244,2,Fear,2,3,2,3,2,2,2,3,2,3
2245,0,Angry,3,3,0,3,2,3,0,3,0,3
2246,0,Angry,2,2,2,2,2,2,2,2,2,2
2247,2,Fear,6,3,6,3,0,3,6,3,6,3
2248,5,Surprise,5,2,5,2,5,2,5,2,5,2
2249,4,Sad,4,4,4,4,4,2,4,4,4,4
2250,6,Neutral,4,4,2,4,2,4,2,4,2,4
2251,3,Happy,3,3,3,3,3,3,3,3,3,3
2252,4,Sad,4,4,4,4,4,4,4,4,4,4
2253,3,Happy,6,6,6,6,6,6,6,6,3,3
2254,0,Angry,0,0,0,0,0,0,0,0,0,0
2255,3,Happy,3,3,3,3,3,3,3,3,3,3
2256,3,Happy,3,3,3,3,3,3,3,3,3,3
2257,6,Neutral,0,0,0,0,6,0,0,0,0,0
2258,3,Happy,3,3,3,3,3,3,3,3,3,3
2259,5,Surprise,5,5,5,5,5,5,5,5,5,5
2260,6,Neutral,6,3,4,3,6,3,5,3,6,3
2261,4,Sad,4,4,4,4,4,4,4,4,4,4
2262,6,Neutral,6,6,6,6,6,6,6,6,6,6
2263,2,Fear,2,2,2,2,2,2,2,2,2,2
2264,6,Neutral,6,6,6,6,6,6,6,6,6,6
2265,6,Neutral,6,4,6,4,4,6,6,4,6,4
2266,3,Happy,3,3,3,3,3,3,3,3,3,3
2267,5,Surprise,5,5,5,5,5,5,5,5,5,5
2268,3,Happy,3,3,3,3,3,3,3,3,3,3
2269,3,Happy,3,3,3,3,3,3,3,3,3,3
2270,5,Surprise,5,5,5,5,5,5,5,5,5,5
2271,3,Happy,3,3,3,3,3,3,3,3,3,3
2272,6,Neutral,4,6,6,6,4,6,4,6,6,6
2273,3,Happy,3,3,3,3,3,3,3,3,3,3
2274,4,Sad,4,4,4,4,4,4,4,4,4,4
2275,2,Fear,5,2,2,5,5,2,2,5,2,5
2276,3,Happy,3,3,3,3,3,3,3,3,3,3
2277,4,Sad,4,0,4,0,4,2,4,2,4,0
2278,4,Sad,2,0,2,0,1,0,0,0,2,0
2279,2,Fear,2,0,2,0,2,2,2,0,2,0
2280,6,Neutral,5,2,5,2,5,2,5,5,5,5
2281,0,Angry,0,0,0,0,0,0,0,0,0,0
2282,3,Happy,3,3,3,3,3,3,3,3,3,3
2283,0,Angry,0,0,0,0,0,0,0,0,0,0
2284,6,Neutral,6,4,6,4,6,6,6,4,6,4
2285,5,Surprise,5,5,5,5,5,5,5,5,5,5
2286,2,Fear,2,0,2,2,0,2,2,3,2,0
2287,3,Happy,0,3,2,3,0,3,2,3,2,3
2288,6,Neutral,6,2,6,2,0,6,6,6,6,6
2289,3,Happy,3,3,3,3,3,3,3,3,3,3
2290,6,Neutral,6,6,3,6,6,6,3,6,3,6
2291,0,Angry,0,0,0,0,0,0,0,0,0,0
2292,5,Surprise,5,5,5,5,3,2,3,5,5,5
2293,2,Fear,2,4,4,4,2,4,2,3,3,3
2294,0,Angry,0,0,0,0,0,0,0,0,0,0
2295,1,Disgust,2,0,2,0,2,5,2,0,2,0
2296,2,Fear,2,0,2,3,2,4,2,3,2,0
2297,6,Neutral,6,6,6,6,4,6,6,6,6,6
2298,0,Angry,4,0,4,0,4,4,4,0,4,0
2299,4,Sad,4,0,4,0,4,4,4,0,4,0
2300,6,Neutral,6,6,6,6,6,6,6,6,6,6
2301,3,Happy,3,3,3,3,3,3,3,3,3,3
2302,3,Happy,3,3,3,3,3,3,3,3,3,3
2303,0,Angry,0,0,0,0,0,0,0,0,0,0
2304,3,Happy,3,3,3,3,3,3,3,3,3,3
2305,6,Neutral,6,6,6,6,6,6,6,6,6,6
2306,3,Happy,3,3,3,3,3,3,3,3,3,3
2307,4,Sad,0,0,0,0,4,4,0,0,0,0
2308,5,Surprise,5,5,5,5,5,5,5,5,5,5
2309,3,Happy,3,3,3,3,3,6,3,3,3,3
2310,3,Happy,3,3,3,3,3,3,3,3,3,3
2311,0,Angry,0,0,0,0,0,0,0,0,0,0
2312,4,Sad,6,6,6,6,6,4,6,2,6,4
2313,5,Surprise,5,5,5,5,5,5,5,5,5,5
2314,6,Neutral,6,6,6,6,6,6,6,6,6,6
2315,2,Fear,0,2,0,2,2,2,0,0,0,2
2316,3,Happy,6,6,6,3,6,6,3,3,6,3
2317,2,Fear,0,0,0,0,0,0,0,0,0,0
2318,0,Angry,0,0,0,0,0,0,0,0,0,0
2319,3,Happy,3,3,3,3,3,3,3,3,3,3
2320,2,Fear,6,4,2,4,4,4,6,4,6,2
2321,6,Neutral,6,6,6,6,6,6,6,6,6,6
2322,0,Angry,0,0,0,0,0,0,0,0,0,0
2323,3,Happy,3,3,3,3,3,3,3,3,3,3
2324,1,Disgust,1,1,1,1,1,0,1,1,1,1
2325,0,Angry,0,0,0,0,2,0,0,0,0,0
2326,0,Angry,0,0,0,0,0,0,0,0,0,0
2327,3,Happy,6,6,6,6,6,4,6,4,6,6
2328,4,Sad,2,2,4,2,4,0,2,2,2,2
2329,0,Angry,0,0,0,0,2,3,0,0,0,0
2330,4,Sad,4,4,4,4,4,4,4,4,4,4
2331,4,Sad,1,0,1,0,1,0,1,0,1,0
2332,4,Sad,4,4,4,4,4,0,6,4,6,4
2333,3,Happy,3,2,3,2,3,6,3,4,3,4
2334,0,Angry,0,0,0,0,0,0,0,0,0,0
2335,4,Sad,4,4,4,4,0,2,4,4,4,4
2336,2,Fear,3,2,3,3,3,6,5,3,6,3
2337,3,Happy,6,6,6,6,6,6,6,6,6,6
2338,6,Neutral,6,6,6,6,6,6,6,6,6,6
2339,3,Happy,3,6,3,6,6,6,3,6,3,6
2340,3,Happy,0,0,0,0,0,0,0,0,0,0
2341,4,Sad,4,4,4,4,4,4,4,4,4,4
2342,2,Fear,2,2,2,2,2,2,2,2,2,2
2343,2,Fear,2,5,2,5,5,2,2,5,2,5
2344,6,Neutral,6,6,6,6,6,6,6,6,6,6
2345,4,Sad,4,4,4,4,4,2,4,4,4,4
2346,3,Happy,3,3,3,3,3,3,3,3,3,3
2347,3,Happy,3,3,3,3,3,3,3,3,3,3
2348,6,Neutral,6,6,6,6,6,6,6,6,6,6
2349,5,Surprise,5,5,5,5,5,5,5,5,5,5
2350,5,Surprise,5,5,5,5,5,5,5,5,5,5
2351,3,Happy,4,0,3,4,0,4,3,4,3,4
2352,3,Happy,3,3,3,3,3,3,3,3,3,3
2353,6,Neutral,6,6,6,6,6,6,6,6,6,6
2354,3,Happy,3,3,3,3,4,3,3,3,3,3
2355,4,Sad,6,4,6,4,4,4,6,4,6,4
2356,6,Neutral,6,6,6,6,6,6,6,6,6,6
2357,2,Fear,5,5,5,5,5,2,5,5,5,5
2358,2,Fear,2,2,2,2,2,2,2,2,2,2
2359,6,Neutral,6,6,6,6,6,6,6,6,6,6
2360,3,Happy,3,3,3,3,3,3,3,3,3,3
2361,2,Fear,2,2,2,2,2,2,2,2,2,2
2362,2,Fear,4,2,4,2,4,4,4,2,4,2
2363,4,Sad,4,6,4,6,4,4,4,6,4,6
2364,3,Happy,3,3,3,3,3,3,3,3,3,3
2365,6,Neutral,6,6,6,6,6,6,6,6,6,6
2366,5,Surprise,5,6,5,6,5,4,6,6,5,6
2367,6,Neutral,6,6,6,6,6,2,6,6,6,6
2368,4,Sad,2,4,2,4,2,4,0,6,2,4
2369,2,Fear,2,2,2,2,2,4,2,3,2,2
2370,6,Neutral,6,6,6,6,6,6,6,6,6,6
2371,3,Happy,3,3,3,3,3,3,3,3,3,3
2372,6,Neutral,6,6,0,6,2,4,0,6,6,6
2373,6,Neutral,6,6,6,6,6,6,6,6,6,6
2374,4,Sad,0,0,0,0,4,0,0,0,0,0
2375,6,Neutral,2,6,3,2,5,2,5,2,2,0
2376,5,Surprise,5,5,5,5,5,5,5,5,5,5
2377,2,Fear,2,2,2,2,2,2,2,2,2,2
2378,0,Angry,0,2,4,2,4,3,4,2,4,2
2379,4,Sad,4,4,4,4,1,0,4,4,4,4
2380,2,Fear,4,6,4,6,4,6,4,6,3,4
2381,4,Sad,2,4,4,2,0,2,4,0,4,6
2382,5,Surprise,5,5,5,5,5,5,5,5,5,5
2383,3,Happy,3,3,3,3,3,3,3,3,3,3
2384,6,Neutral,6,6,6,6,6,6,6,6,6,6
2385,3,Happy,3,3,3,3,3,3,3,3,3,3
2386,4,Sad,4,4,4,4,4,4,4,4,4,4
2387,6,Neutral,6,0,6,0,6,6,6,0,6,0
2388,0,Angry,4,0,4,0,4,3,4,0,4,0
2389,1,Disgust,1,1,1,1,1,1,1,1,1,1
2390,3,Happy,5,3,5,3,5,6,5,3,5,3
2391,3,Happy,3,3,3,3,3,3,3,3,3,3
2392,3,Happy,3,3,3,3,3,3,3,3,3,3
2393,3,Happy,3,3,3,3,3,2,3,6,3,6
2394,1,Disgust,6,6,4,6,6,4,4,6,4,6
2395,3,Happy,3,3,3,3,3,3,3,3,3,3
2396,4,Sad,0,0,0,0,0,0,0,0,0,0
2397,3,Happy,3,3,3,3,3,3,3,3,3,3
2398,3,Happy,3,3,3,3,3,3,3,3,3,3
2399,6,Neutral,6,6,6,4,4,2,6,4,6,2
2400,0,Angry,0,0,0,0,0,0,0,0,0,0
2401,2,Fear,2,2,5,2,2,2,5,2,5,2
2402,2,Fear,0,0,0,0,0,0,0,0,0,0
2403,5,Surprise,5,5,5,5,5,5,5,5,5,5
2404,3,Happy,3,3,3,3,3,3,3,3,3,3
2405,5,Surprise,5,5,5,5,5,2,5,5,5,5
2406,0,Angry,0,0,6,0,6,0,6,0,0,0
2407,4,Sad,4,4,4,4,4,4,4,4,4,4
2408,5,Surprise,5,5,5,5,5,5,5,5,5,5
2409,2,Fear,6,4,4,4,6,4,6,4,6,4
2410,6,Neutral,6,6,6,6,6,6,6,6,6,6
2411,5,Surprise,3,3,3,3,3,3,3,3,3,3
2412,5,Surprise,2,2,2,2,2,2,2,2,2,2
2413,5,Surprise,5,5,5,5,5,5,5,5,5,5
2414,3,Happy,3,3,3,3,3,3,3,3,3,3
2415,2,Fear,0,0,0,0,0,0,0,0,0,0
2416,0,Angry,0,0,0,0,0,0,0,0,0,0
2417,6,Neutral,6,6,6,6,6,6,6,6,6,6
2418,3,Happy,3,3,3,3,3,3,3,3,3,3
2419,2,Fear,2,2,2,2,2,2,2,2,2,2
2420,2,Fear,6,6,6,6,6,6,6,6,6,6
2421,0,Angry,0,0,0,0,0,0,0,0,0,0
2422,3,Happy,3,3,3,3,3,3,3,3,3,3
2423,2,Fear,5,5,5,5,2,6,5,5,5,5
2424,5,Surprise,5,0,2,0,2,2,3,0,2,0
2425,2,Fear,2,2,2,0,0,4,2,0,2,2
2426,3,Happy,3,3,3,3,3,3,3,3,3,3
2427,5,Surprise,5,5,5,2,5,5,5,5,5,2
2428,4,Sad,6,3,4,3,3,6,4,3,4,3
2429,0,Angry,4,4,4,4,4,4,4,4,4,4
2430,0,Angry,6,0,6,0,6,0,6,0,6,0
2431,4,Sad,4,4,4,4,4,4,4,4,4,4
2432,2,Fear,5,0,5,0,6,0,5,0,5,0
2433,0,Angry,4,4,4,4,4,0,4,4,4,4
2434,3,Happy,4,3,4,3,4,3,4,3,4,4
2435,4,Sad,4,2,4,2,4,2,4,2,4,2
2436,5,Surprise,5,5,5,5,5,2,5,5,5,5
2437,4,Sad,2,2,2,2,2,2,2,2,2,2
2438,3,Happy,3,3,3,3,3,3,3,3,3,3
2439,3,Happy,3,3,3,3,3,3,3,3,3,3
2440,5,Surprise,5,5,5,5,5,5,5,5,5,5
2441,6,Neutral,6,6,6,6,6,6,6,6,6,6
2442,0,Angry,4,0,4,0,4,0,4,0,4,0
2443,6,Neutral,6,6,6,6,6,6,6,6,6,6
2444,3,Happy,3,3,3,3,3,3,3,3,3,3
2445,5,Surprise,5,5,5,5,5,5,5,5,5,5
2446,4,Sad,4,4,4,4,4,4,4,4,4,4
2447,0,Angry,4,4,6,4,0,4,4,4,4,4
2448,3,Happy,3,3,3,3,3,3,3,3,3,3
2449,3,Happy,3,3,3,3,3,3,3,3,3,3
2450,3,Happy,3,3,3,3,3,3,3,3,3,3
2451,0,Angry,2,0,2,0,2,2,2,2,2,0
2452,0,Angry,0,0,0,0,0,0,0,0,0,0
2453,6,Neutral,6,6,6,6,4,4,4,6,4,6
2454,6,Neutral,4,6,4,6,4,6,4,6,4,6
2455,3,Happy,3,3,3,3,3,3,3,3,3,3
2456,3,Happy,3,3,3,3,3,3,3,3,3,3
2457,2,Fear,5,6,6,6,6,6,6,6,6,6
2458,3,Happy,3,3,3,3,3,3,3,3,3,3
2459,5,Surprise,5,5,5,5,5,5,5,5,5,5
2460,3,Happy,3,3,3,3,3,3,3,3,3,3
2461,3,Happy,3,3,3,3,3,3,3,3,3,3
2462,3,Happy,3,3,3,3,3,3,3,3,3,3
2463,3,Happy,3,3,3,5,3,2,3,5,3,5
2464,2,Fear,2,4,2,4,2,4,2,4,2,4
2465,6,Neutral,6,6,6,6,6,6,6,6,6,6
2466,6,Neutral,6,6,6,6,6,6,6,6,6,6
2467,3,Happy,3,3,3,3,3,3,3,3,3,3
2468,2,Fear,4,4,6,4,6,4,6,4,6,4
2469,2,Fear,5,2,5,2,5,5,5,2,5,2
2470,3,Happy,3,3,3,3,3,3,3,3,3,3
2471,6,Neutral,4,6,4,6,4,6,4,6,4,6
2472,6,Neutral,1,1,1,3,1,1,1,5,1,5
2473,3,Happy,3,3,3,3,3,3,3,3,3,3
2474,3,Happy,3,3,3,3,3,3,3,3,3,3
2475,3,Happy,3,3,3,3,3,3,3,3,3,0
2476,3,Happy,3,3,3,3,3,3,3,3,3,3
2477,2,Fear,2,5,2,2,2,2,2,2,2,2
2478,3,Happy,3,3,3,3,3,3,3,3,3,3
2479,5,Surprise,2,5,2,5,2,5,2,5,2,5
2480,0,Angry,2,0,1,0,1,4,6,0,2,0
2481,2,Fear,4,4,4,2,4,4,4,4,4,4
2482,1,Disgust,1,1,1,1,1,1,1,1,1,1
2483,0,Angry,0,0,0,0,0,0,0,0,0,0
2484,4,Sad,4,6,4,6,4,6,4,6,4,6
2485,3,Happy,3,3,3,3,3,3,3,3,3,3
2486,5,Surprise,5,5,5,5,5,3,5,6,5,5
2487,5,Surprise,4,2,4,2,4,2,4,2,4,2
2488,3,Happy,3,3,3,3,3,3,3,3,3,3
2489,5,Surprise,5,5,5,0,5,2,5,5,5,5
2490,4,Sad,4,4,4,4,2,4,4,4,4,4
2491,4,Sad,2,4,4,4,4,2,4,4,4,4
2492,0,Angry,0,6,0,6,0,0,0,6,0,4
2493,3,Happy,3,3,3,3,3,3,3,3,3,3
2494,3,Happy,3,3,3,3,3,3,3,3,3,3
2495,1,Disgust,1,1,1,1,1,1,1,1,1,1
2496,5,Surprise,5,5,5,5,5,5,5,5,5,5
2497,0,Angry,2,6,2,5,0,0,2,2,2,5
2498,2,Fear,2,6,2,6,2,6,2,6,2,4
2499,6,Neutral,6,6,6,6,6,6,6,6,6,6
2500,4,Sad,2,5,2,5,2,5,2,2,2,3
2501,4,Sad,0,0,0,0,0,3,0,0,0,0
2502,5,Surprise,5,5,5,5,5,5,5,5,5,5
2503,6,Neutral,6,6,6,6,6,6,6,6,6,6
2504,6,Neutral,3,2,3,2,3,6,3,4,3,2
2505,6,Neutral,6,6,6,6,6,6,6,6,6,6
2506,6,Neutral,6,6,6,6,6,6,6,6,6,6
2507,5,Surprise,5,5,5,5,5,5,5,5,5,5
2508,0,Angry,0,0,0,0,0,0,0,0,0,0
2509,0,Angry,0,0,0,0,0,0,0,3,0,2
2510,5,Surprise,5,5,5,5,5,5,5,5,5,5
2511,4,Sad,4,4,4,4,4,0,4,4,4,4
2512,4,Sad,4,4,4,4,4,4,4,4,4,4
2513,2,Fear,2,2,2,2,2,2,2,2,2,2
2514,3,Happy,3,3,3,3,3,3,3,3,3,3
2515,5,Surprise,5,5,5,5,5,5,5,5,5,5
2516,4,Sad,4,2,4,2,4,4,4,2,4,2
2517,3,Happy,3,3,3,3,3,3,3,3,3,3
2518,5,Surprise,5,5,5,5,5,5,5,5,5,5
2519,5,Surprise,5,5,5,5,5,5,5,5,5,5
2520,2,Fear,2,2,2,2,2,2,2,2,2,2
2521,3,Happy,3,3,3,4,3,3,3,4,3,4
2522,4,Sad,3,3,3,3,3,6,3,4,3,3
2523,4,Sad,2,2,2,2,0,4,2,2,4,2
2524,3,Happy,3,3,3,3,3,3,3,3,3,3
2525,4,Sad,2,4,2,4,0,4,2,4,2,4
2526,5,Surprise,5,5,5,5,5,5,5,5,5,5
2527,3,Happy,3,3,3,3,3,3,3,3,3,3
2528,5,Surprise,5,6,5,2,5,5,5,2,5,2
2529,4,Sad,0,0,0,0,0,0,0,0,0,0
2530,3,Happy,3,3,3,3,3,3,3,3,3,3
2531,3,Happy,3,3,3,3,3,3,3,3,3,3
2532,0,Angry,4,0,2,0,4,0,4,0,2,0
2533,6,Neutral,2,0,2,4,2,4,2,4,2,4
2534,3,Happy,3,3,3,3,3,3,3,3,3,3
2535,2,Fear,2,2,2,2,5,5,2,2,2,2
2536,4,Sad,4,2,4,2,4,4,4,2,4,2
2537,2,Fear,4,6,2,6,2,6,2,6,2,6
2538,3,Happy,3,3,3,3,3,3,3,3,3,3
2539,2,Fear,4,4,4,4,4,4,4,4,4,4
2540,4,Sad,4,4,4,4,4,6,4,4,4,4
2541,4,Sad,6,4,6,4,6,4,6,4,6,4
2542,3,Happy,3,3,3,3,3,3,3,3,3,3
2543,3,Happy,3,3,3,3,3,3,3,3,3,3
2544,0,Angry,0,0,0,4,0,0,0,4,0,4
2545,0,Angry,5,5,5,5,2,5,5,5,5,5
2546,5,Surprise,5,5,5,5,5,5,5,5,5,5
2547,3,Happy,3,3,3,3,3,3,3,3,3,3
2548,0,Angry,6,6,6,6,6,6,6,6,6,6
2549,3,Happy,3,3,3,3,3,3,3,3,3,3
2550,4,Sad,2,0,2,0,2,0,2,0,2,0
2551,2,Fear,4,1,4,2,4,5,4,2,4,2
2552,2,Fear,0,0,2,0,0,4,2,0,2,0
2553,6,Neutral,0,6,3,6,3,6,3,0,6,0
2554,0,Angry,4,0,4,2,4,4,4,2,4,4
2555,2,Fear,2,2,2,2,2,2,2,2,2,2
2556,6,Neutral,4,6,4,6,4,6,4,6,4,6
2557,3,Happy,3,3,3,3,3,3,3,3,3,3
2558,6,Neutral,4,4,4,4,6,4,4,4,4,4
2559,3,Happy,3,3,3,3,3,3,3,3,3,3
2560,0,Angry,4,4,4,4,4,4,4,4,4,4
2561,2,Fear,2,2,2,2,2,2,2,2,2,2
2562,0,Angry,0,0,0,0,0,0,0,0,0,0
2563,3,Happy,3,3,3,3,3,3,3,3,3,3
2564,3,Happy,3,3,3,3,3,3,3,3,3,3
2565,2,Fear,4,6,0,6,4,2,0,6,0,6
2566,3,Happy,3,3,3,3,3,3,3,3,3,3
2567,2,Fear,0,0,0,0,2,6,0,0,0,0
2568,4,Sad,4,4,4,4,4,4,4,4,4,4
2569,3,Happy,3,3,3,3,3,3,3,3,3,3
2570,4,Sad,6,6,6,6,4,6,6,6,6,6
2571,0,Angry,0,3,0,3,0,3,0,0,0,0
2572,6,Neutral,6,6,2,6,6,6,6,6,2,6
2573,3,Happy,3,3,3,3,3,3,3,3,3,3
2574,2,Fear,2,2,2,2,2,2,2,2,2,2
2575,4,Sad,6,6,6,6,6,6,6,6,6,6
2576,3,Happy,3,3,3,3,3,3,3,3,3,3
2577,6,Neutral,6,6,6,6,4,6,6,6,6,6
2578,2,Fear,2,2,2,2,2,2,2,2,2,2
2579,2,Fear,0,0,0,0,0,0,0,0,0,0
2580,2,Fear,5,0,5,0,5,0,5,0,5,0
2581,0,Angry,2,2,2,2,2,2,2,5,2,5
2582,3,Happy,3,3,3,3,3,3,3,3,3,3
2583,2,Fear,2,0,0,0,2,2,2,2,2,2
2584,3,Happy,3,3,3,3,3,3,3,3,3,3
2585,3,Happy,3,3,3,3,3,3,3,3,3,3
2586,3,Happy,3,3,3,3,3,3,3,3,3,3
2587,6,Neutral,6,0,6,0,6,3,6,0,6,0
2588,6,Neutral,2,0,2,2,6,4,2,0,2,0
2589,0,Angry,0,2,0,2,4,2,4,2,0,2
2590,3,Happy,3,3,3,3,3,3,3,3,3,3
2591,0,Angry,2,1,2,1,1,1,2,1,2,0
2592,3,Happy,3,3,3,3,3,3,3,3,3,3
2593,2,Fear,2,2,2,2,5,0,2,2,2,2
2594,3,Happy,5,2,5,2,6,6,5,2,2,2
2595,3,Happy,5,3,5,3,5,3,5,3,5,3
2596,3,Happy,3,3,3,3,3,3,3,3,3,3
2597,4,Sad,4,4,4,4,6,4,4,4,4,4
2598,0,Angry,0,6,6,6,0,6,6,6,6,2
2599,2,Fear,2,2,2,2,2,4,2,2,2,2
2600,5,Surprise,5,5,5,5,5,5,5,5,5,5
2601,4,Sad,4,4,4,4,4,4,4,4,4,4
2602,3,Happy,3,3,3,3,3,3,3,3,3,3
2603,3,Happy,3,3,3,3,3,3,3,3,3,3
2604,0,Angry,4,2,2,2,5,2,2,2,2,2
2605,6,Neutral,6,6,6,6,6,6,6,6,6,6
2606,5,Surprise,5,5,5,5,5,5,5,5,5,5
2607,4,Sad,6,4,6,4,4,4,6,4,6,4
2608,6,Neutral,2,6,2,6,2,6,5,6,2,6
2609,3,Happy,6,6,6,3,6,3,6,3,6,6
2610,2,Fear,2,5,0,5,0,5,2,5,0,5
2611,3,Happy,3,3,3,3,3,3,3,3,3,3
2612,6,Neutral,6,6,6,6,6,6,6,6,6,6
2613,6,Neutral,6,3,6,3,0,6,6,3,6,3
2614,4,Sad,4,4,4,4,4,4,4,4,4,4
2615,4,Sad,2,4,4,4,4,4,4,4,4,4
2616,3,Happy,3,3,3,3,3,3,3,3,3,3
2617,6,Neutral,6,6,6,6,6,6,6,6,6,6
2618,5,Surprise,2,5,5,5,2,5,5,5,5,5
2619,4,Sad,4,4,4,4,4,4,4,4,4,4
2620,0,Angry,0,0,0,0,0,0,0,0,0,0
2621,4,Sad,4,4,4,4,4,4,4,4,4,4
2622,6,Neutral,6,6,6,6,6,4,6,6,6,6
2623,3,Happy,3,3,3,3,3,3,3,3,3,3
2624,3,Happy,3,3,3,3,3,3,3,3,3,3
2625,5,Surprise,5,5,5,5,5,5,5,5,5,5
2626,6,Neutral,6,6,6,6,6,6,6,6,6,6
2627,2,Fear,2,2,2,2,2,2,2,2,2,2
2628,5,Surprise,5,5,5,5,5,5,5,5,5,5
2629,4,Sad,4,4,4,4,4,4,4,4,4,4
2630,3,Happy,3,3,4,3,3,3,3,3,3,3
2631,2,Fear,2,2,2,2,2,2,2,2,2,2
2632,6,Neutral,6,4,4,4,6,6,4,4,4,4
2633,3,Happy,3,3,0,3,3,3,0,3,0,3
2634,6,Neutral,6,4,6,4,2,6,2,4,2,4
2635,5,Surprise,5,5,5,5,5,5,5,5,5,5
2636,3,Happy,6,3,6,3,6,3,6,3,6,3
2637,6,Neutral,6,6,6,6,6,6,6,6,6,6
2638,0,Angry,6,6,6,3,3,3,6,3,4,3
2639,6,Neutral,6,6,6,6,6,6,6,6,6,6
2640,4,Sad,4,4,4,4,4,4,4,4,4,4
2641,5,Surprise,5,5,5,5,5,5,5,5,5,5
2642,4,Sad,4,4,6,4,4,4,6,4,4,4
2643,3,Happy,3,4,3,4,3,4,3,4,3,4
2644,4,Sad,2,2,2,2,6,4,6,2,6,2
2645,0,Angry,6,6,6,6,6,6,6,6,6,6
2646,0,Angry,0,0,0,0,0,0,0,0,0,0
2647,4,Sad,2,4,2,4,0,4,2,4,2,4
2648,4,Sad,4,4,4,4,0,4,0,4,4,4
2649,1,Disgust,1,1,1,1,1,1,1,1,1,1
2650,1,Disgust,1,1,1,1,1,1,1,1,1,1
2651,3,Happy,4,3,4,3,4,3,4,3,4,3
2652,3,Happy,4,4,4,4,4,4,4,4,4,4
2653,3,Happy,3,3,3,3,3,3,3,3,3,3
2654,3,Happy,3,3,3,3,3,3,3,3,3,3
2655,2,Fear,4,4,4,4,4,4,4,4,4,4
2656,3,Happy,0,3,3,0,4,3,3,0,0,0
2657,0,Angry,0,4,0,4,0,4,0,4,0,4
2658,5,Surprise,5,5,5,5,5,5,5,5,5,5
2659,5,Surprise,5,5,5,5,5,5,5,5,5,5
2660,1,Disgust,1,1,1,1,1,1,1,1,1,1
2661,2,Fear,2,2,2,2,2,5,2,2,2,2
2662,0,Angry,4,0,6,0,6,0,4,0,4,0
2663,3,Happy,3,3,3,3,3,3,3,3,3,3
2664,6,Neutral,4,0,4,0,4,4,4,0,4,6
2665,4,Sad,4,0,4,0,4,2,4,0,4,0
2666,0,Angry,0,0,0,0,0,0,0,0,0,0
2667,3,Happy,3,3,3,3,3,3,3,3,3,3
2668,4,Sad,6,6,6,6,6,6,6,6,6,6
2669,0,Angry,0,0,0,0,0,0,0,0,0,0
2670,2,Fear,2,2,2,2,2,2,2,2,2,2
2671,3,Happy,3,3,3,3,3,3,3,3,3,3
2672,4,Sad,0,4,0,4,0,6,0,4,0,4
2673,4,Sad,4,4,4,4,4,4,4,4,4,4
2674,2,Fear,2,2,2,2,2,4,2,2,2,2
2675,3,Happy,3,3,3,3,3,3,3,3,3,3
2676,2,Fear,2,6,2,6,2,6,2,4,2,4
2677,3,Happy,3,3,3,3,3,3,3,3,3,3
2678,3,Happy,5,5,5,5,5,5,5,5,5,5
2679,6,Neutral,6,6,6,6,6,6,6,6,6,6
2680,3,Happy,4,2,4,4,4,2,4,4,4,4
2681,6,Neutral,6,6,6,6,6,6,6,6,6,6
2682,6,Neutral,6,4,6,4,6,6,6,3,6,3
2683,6,Neutral,2,2,2,2,2,2,2,2,2,2
2684,4,Sad,4,4,4,4,4,2,4,4,4,4
2685,4,Sad,0,0,0,0,0,0,0,0,0,0
2686,5,Surprise,5,0,5,0,2,0,5,0,5,0
2687,4,Sad,4,4,4,4,4,4,4,4,4,4
2688,5,Surprise,5,5,5,5,5,5,5,5,5,5
2689,5,Surprise,2,2,2,2,2,2,2,2,2,2
2690,4,Sad,4,2,4,2,2,4,4,2,4,6
2691,0,Angry,6,6,6,6,6,6,6,6,6,6
2692,5,Surprise,5,5,5,5,5,5,5,5,5,5
2693,4,Sad,2,2,2,4,2,4,2,4,2,4
2694,6,Neutral,6,6,6,6,6,6,6,6,6,6
2695,6,Neutral,6,6,6,6,6,6,6,6,6,6
2696,6,Neutral,4,4,4,4,2,4,4,4,4,4
2697,3,Happy,3,3,3,3,3,3,3,3,3,3
2698,3,Happy,3,3,3,0,3,3,3,0,3,5
2699,2,Fear,2,2,5,2,5,2,2,5,2,2
2700,4,Sad,4,4,4,4,4,4,4,4,4,4
2701,3,Happy,3,3,0,3,3,3,0,3,0,2
2702,0,Angry,0,0,0,0,3,0,0,0,0,0
2703,3,Happy,3,3,3,3,3,3,3,3,3,3
2704,5,Surprise,5,5,5,5,5,5,5,5,5,5
2705,5,Surprise,2,2,4,2,0,5,3,2,3,2
2706,6,Neutral,4,2,4,2,4,4,4,2,4,2
2707,0,Angry,0,0,0,0,0,0,0,0,0,0
2708,2,Fear,4,4,4,4,4,4,4,4,4,4
2709,3,Happy,3,3,3,3,3,3,3,3,3,3
2710,4,Sad,4,4,4,4,4,4,4,4,4,4
2711,0,Angry,0,0,0,0,0,0,0,0,0,0
2712,0,Angry,6,6,6,6,6,6,6,6,6,6
2713,4,Sad,4,4,4,4,4,6,4,4,4,4
2714,0,Angry,0,0,0,0,0,0,0,0,0,0
2715,0,Angry,0,0,0,0,0,0,0,0,0,0
2716,6,Neutral,0,6,0,6,0,6,3,6,0,6
2717,1,Disgust,1,1,1,1,1,2,1,1,1,1
2718,3,Happy,2,3,2,3,2,3,2,3,2,3
2719,6,Neutral,4,6,4,0,4,4,4,6,4,6
2720,6,Neutral,4,4,4,4,4,4,4,4,4,4
2721,4,Sad,4,4,4,4,4,4,4,4,4,4
2722,0,Angry,0,0,0,0,0,0,0,0,0,0
2723,4,Sad,4,0,4,0,4,0,4,0,4,4
2724,2,Fear,2,2,2,2,2,2,2,2,2,2
2725,4,Sad,4,4,4,4,4,3,4,4,4,4
2726,6,Neutral,6,6,6,6,6,6,6,6,6,6
2727,6,Neutral,6,6,4,6,6,6,4,6,4,3
2728,5,Surprise,2,2,2,2,2,6,2,2,2,2
2729,3,Happy,3,3,3,3,3,3,3,3,3,3
2730,0,Angry,0,0,0,0,0,0,0,0,0,0
2731,3,Happy,3,3,3,3,3,3,3,3,3,3
2732,4,Sad,6,6,3,6,3,6,6,6,6,6
2733,0,Angry,0,2,0,2,0,0,0,2,0,2
2734,2,Fear,5,5,6,2,2,4,6,2,6,5
2735,0,Angry,0,0,0,0,0,1,0,0,0,0
2736,6,Neutral,6,0,6,0,4,0,6,0,6,0
2737,3,Happy,3,3,3,3,3,3,3,3,3,3
2738,5,Surprise,5,5,5,5,5,5,5,5,5,5
2739,0,Angry,4,6,4,6,4,6,4,6,4,6
2740,2,Fear,2,2,2,2,2,2,2,2,2,2
2741,4,Sad,0,0,0,2,0,4,0,5,0,2
2742,0,Angry,0,2,0,2,0,0,0,2,0,2
2743,0,Angry,0,0,0,0,0,0,0,0,0,0
2744,3,Happy,3,3,3,3,3,3,3,3,3,3
2745,4,Sad,4,4,4,4,4,4,4,4,4,4
2746,2,Fear,2,2,2,2,2,2,2,2,2,2
2747,4,Sad,0,0,0,0,0,0,0,0,0,0
2748,4,Sad,0,2,4,0,4,2,4,0,4,2
2749,3,Happy,4,3,4,3,4,4,4,4,4,3
2750,0,Angry,0,0,0,0,0,0,0,0,0,0
2751,5,Surprise,5,5,5,2,5,6,5,5,5,5
2752,3,Happy,6,3,6,3,6,3,6,3,6,3
2753,0,Angry,4,4,4,4,4,4,4,4,4,4
2754,4,Sad,2,4,2,4,6,6,2,4,2,2
2755,4,Sad,6,4,6,4,4,6,6,4,6,4
2756,3,Happy,3,3,3,3,3,3,3,3,3,3
2757,6,Neutral,2,2,6,2,2,4,2,2,2,2
2758,4,Sad,4,4,4,4,4,4,4,4,4,4
2759,3,Happy,2,3,2,3,0,2,2,3,2,3
2760,4,Sad,2,4,2,4,4,4,4,6,4,0
2761,0,Angry,0,0,0,0,0,0,0,0,0,0
2762,5,Surprise,5,5,5,5,5,2,5,5,5,5
2763,0,Angry,0,0,0,0,0,0,0,0,0,0
2764,3,Happy,3,3,3,3,3,3,3,3,3,3
2765,5,Surprise,5,5,5,5,2,5,5,5,5,5
2766,4,Sad,4,4,0,4,4,4,0,4,0,4
2767,3,Happy,3,3,3,3,3,3,3,3,3,3
2768,6,Neutral,6,6,6,6,6,6,6,6,6,6
2769,3,Happy,3,3,3,3,3,3,3,3,3,3
2770,4,Sad,4,4,4,4,4,4,4,4,4,4
2771,0,Angry,0,0,0,0,0,0,0,0,2,0
2772,6,Neutral,6,6,6,6,6,6,6,6,6,6
2773,4,Sad,4,4,4,4,4,4,4,4,4,4
2774,4,Sad,6,6,6,6,6,6,6,6,6,6
2775,0,Angry,0,0,0,0,0,0,0,0,0,0
2776,3,Happy,3,3,3,3,3,3,3,3,3,3
2777,6,Neutral,6,6,6,6,6,6,6,6,6,6
2778,5,Surprise,5,5,5,5,5,5,5,5,5,5
2779,6,Neutral,4,4,4,0,4,4,4,0,4,0
2780,4,Sad,4,4,4,4,4,4,4,4,4,4
2781,3,Happy,2,6,2,5,0,0,2,0,2,0
2782,2,Fear,0,2,4,2,4,0,0,2,4,2
2783,3,Happy,4,6,4,4,4,4,4,4,4,4
2784,3,Happy,3,3,3,3,3,3,3,3,3,3
2785,5,Surprise,5,5,5,5,5,5,5,5,5,5
2786,5,Surprise,6,6,6,6,6,2,6,6,6,6
2787,0,Angry,0,0,0,0,0,0,0,0,0,0
2788,6,Neutral,3,6,3,6,3,3,3,6,3,6
2789,5,Surprise,5,5,5,5,5,5,5,5,5,5
2790,0,Angry,6,2,6,6,6,4,6,6,6,6
2791,3,Happy,3,3,3,3,3,3,3,3,3,3
2792,3,Happy,3,3,3,3,3,3,3,3,3,3
2793,6,Neutral,4,2,4,2,4,6,4,2,4,2
2794,0,Angry,0,0,0,0,0,0,0,0,0,0
2795,0,Angry,0,0,0,0,4,4,0,0,0,0
2796,2,Fear,5,5,5,5,5,5,5,5,5,5
2797,5,Surprise,2,2,2,2,2,2,2,2,2,2
2798,3,Happy,3,3,3,3,3,3,3,3,3,3
2799,2,Fear,4,4,4,2,2,2,4,4,4,2
2800,4,Sad,4,4,4,4,4,4,4,4,4,4
2801,0,Angry,2,0,2,0,2,4,2,0,2,0
2802,6,Neutral,0,6,2,6,2,6,2,6,0,6
2803,3,Happy,3,3,3,3,3,3,3,3,3,3
2804,2,Fear,2,2,2,2,0,0,2,2,2,2
2805,3,Happy,3,3,3,3,3,3,3,3,3,3
2806,6,Neutral,6,6,6,6,6,4,6,6,6,6
2807,4,Sad,4,6,4,6,4,6,4,6,4,6
2808,2,Fear,6,6,6,6,4,6,6,6,6,6
2809,6,Neutral,6,0,6,6,4,2,6,6,6,6
2810,6,Neutral,0,0,0,0,0,6,0,0,0,0
2811,6,Neutral,6,6,6,6,6,6,6,6,6,6
2812,6,Neutral,6,6,6,6,6,6,6,6,6,6
2813,2,Fear,2,2,2,2,2,2,2,2,2,2
2814,6,Neutral,6,6,4,6,0,3,6,6,6,6
2815,0,Angry,0,0,0,0,0,0,0,0,0,0
2816,2,Fear,2,4,2,4,2,2,2,4,2,4
2817,0,Angry,1,0,1,0,1,0,1,0,1,0
2818,4,Sad,4,4,4,4,4,4,4,4,4,4
2819,3,Happy,3,3,3,3,3,3,3,3,3,3
2820,5,Surprise,5,5,5,5,5,5,5,5,5,5
2821,0,Angry,1,1,1,0,0,1,1,1,0,1
2822,2,Fear,2,2,2,2,2,2,2,2,2,4
2823,5,Surprise,3,3,5,4,6,5,5,4,5,0
2824,4,Sad,1,4,4,4,4,4,4,4,4,4
2825,0,Angry,6,6,6,6,6,6,4,6,6,6
2826,6,Neutral,6,6,6,4,6,3,6,4,6,4
2827,0,Angry,2,2,4,2,2,4,4,2,4,2
2828,6,Neutral,6,6,6,6,6,6,6,6,6,6
2829,6,Neutral,6,6,6,6,6,6,6,6,6,6
2830,0,Angry,6,4,6,4,6,4,6,4,6,4
2831,6,Neutral,6,4,6,2,6,6,6,2,6,4
2832,5,Surprise,5,5,5,5,5,5,5,5,5,5
2833,4,Sad,4,4,4,4,4,6,4,4,4,4
2834,3,Happy,5,5,5,3,5,5,5,5,5,3
2835,3,Happy,3,3,3,3,3,3,3,3,3,3
2836,5,Surprise,2,5,2,5,0,3,2,5,2,5
2837,0,Angry,0,0,0,0,0,0,0,0,0,0
2838,6,Neutral,4,6,4,2,6,6,4,2,4,2
2839,2,Fear,2,2,2,2,2,4,2,2,2,2
2840,5,Surprise,5,5,5,5,5,5,5,5,5,5
2841,3,Happy,3,3,3,3,3,3,3,3,3,3
2842,5,Surprise,3,3,3,3,3,3,3,6,6,3
2843,3,Happy,3,3,3,3,3,3,3,3,3,3
2844,3,Happy,3,3,3,3,3,3,3,3,3,3
2845,0,Angry,0,0,0,0,0,1,0,0,0,0
2846,5,Surprise,5,5,5,5,5,5,5,5,5,5
2847,0,Angry,0,0,0,0,0,0,0,0,0,0
2848,0,Angry,2,4,2,4,0,0,2,4,2,4
2849,0,Angry,6,6,6,6,6,6,6,6,6,6
2850,4,Sad,4,4,4,4,4,4,4,4,4,4
2851,0,Angry,0,0,0,0,0,0,0,0,0,0
2852,5,Surprise,5,5,5,5,5,0,5,5,5,5
2853,2,Fear,2,2,2,2,2,2,2,2,2,2
2854,5,Surprise,5,5,5,5,5,5,5,5,5,5
2855,3,Happy,3,3,3,3,3,3,3,3,3,3
2856,5,Surprise,5,5,5,5,5,5,5,5,5,5
2857,4,Sad,2,4,6,4,6,4,6,4,6,4
2858,5,Surprise,4,4,4,4,0,4,4,4,4,4
2859,4,Sad,6,4,6,4,6,6,6,4,6,4
2860,4,Sad,4,4,4,4,4,4,4,4,4,4
2861,3,Happy,3,3,3,3,3,3,3,3,3,3
2862,6,Neutral,4,2,4,2,2,2,4,2,4,2
2863,0,Angry,0,0,0,0,0,6,0,0,0,0
2864,0,Angry,0,0,0,0,0,0,0,0,0,0
2865,3,Happy,6,6,6,6,6,6,6,6,6,6
2866,5,Surprise,5,5,5,5,5,5,5,5,5,5
2867,4,Sad,4,5,4,5,4,5,4,5,4,5
2868,6,Neutral,0,4,0,4,2,2,0,2,0,2
2869,6,Neutral,6,6,6,3,6,4,6,4,6,6
2870,0,Angry,4,6,2,5,0,2,2,6,2,4
2871,3,Happy,6,3,4,3,6,6,4,3,4,3
2872,0,Angry,6,0,0,0,0,0,0,0,0,0
2873,3,Happy,3,3,3,3,3,3,3,3,3,3
2874,3,Happy,0,3,2,3,0,3,2,3,2,3
2875,4,Sad,4,4,4,4,4,4,4,4,4,4
2876,5,Surprise,5,5,5,5,5,5,5,5,5,5
2877,5,Surprise,5,2,5,2,5,5,5,2,5,2
2878,6,Neutral,6,4,6,4,4,4,2,4,6,4
2879,3,Happy,3,3,6,3,3,3,6,3,3,3
2880,4,Sad,4,4,4,4,4,0,4,4,4,4
2881,4,Sad,4,4,4,4,4,2,4,4,4,4
2882,3,Happy,3,3,3,3,3,3,3,3,3,3
2883,3,Happy,3,3,3,3,3,3,3,3,3,3
2884,3,Happy,3,3,3,4,3,2,3,4,3,4
2885,6,Neutral,6,6,4,6,6,6,6,6,4,6
2886,2,Fear,2,2,2,2,2,2,2,2,2,2
2887,0,Angry,5,5,2,4,2,2,5,4,2,5
2888,2,Fear,4,2,4,2,4,2,4,2,4,2
2889,0,Angry,4,6,4,6,0,4,4,6,4,6
2890,5,Surprise,5,5,5,5,5,2,5,5,5,5
2891,4,Sad,4,4,4,4,4,4,4,4,3,4
2892,0,Angry,0,0,0,0,0,0,0,0,0,0
2893,6,Neutral,6,6,6,6,6,6,6,6,6,6
2894,4,Sad,4,4,4,4,4,2,4,4,4,4
2895,0,Angry,0,0,0,0,0,0,0,0,0,0
2896,5,Surprise,5,5,5,5,5,5,5,5,5,5
2897,4,Sad,4,4,4,4,4,4,4,4,4,4
2898,4,Sad,5,5,5,5,3,5,5,5,5,5
2899,3,Happy,3,6,3,3,3,3,3,3,3,3
2900,4,Sad,4,4,4,4,4,4,4,4,4,4
2901,3,Happy,3,3,3,3,3,3,3,3,3,3
2902,3,Happy,3,3,3,3,3,3,3,3,3,3
2903,5,Surprise,5,5,5,5,5,5,5,5,5,5
2904,2,Fear,2,2,2,2,2,2,2,2,2,2
2905,6,Neutral,6,6,6,6,6,6,6,6,6,6
2906,4,Sad,2,2,4,2,4,4,4,2,4,2
2907,3,Happy,6,6,6,6,6,4,6,4,6,6
2908,5,Surprise,5,5,5,5,5,6,5,5,5,5
2909,2,Fear,0,2,0,2,0,2,0,2,0,2
2910,6,Neutral,6,6,6,6,6,6,6,6,6,6
2911,3,Happy,3,3,3,4,3,3,3,3,3,2
2912,0,Angry,4,2,4,2,2,2,4,2,4,2
2913,5,Surprise,5,5,5,5,5,5,5,5,5,5
2914,5,Surprise,5,5,5,5,5,5,5,5,5,5
2915,3,Happy,3,3,3,3,3,3,3,3,3,3
2916,4,Sad,6,6,6,4,6,5,6,4,6,4
2917,3,Happy,3,3,3,4,3,3,3,4,3,3
2918,6,Neutral,6,6,6,4,6,6,6,4,6,4
2919,6,Neutral,6,6,6,6,4,2,6,6,6,6
2920,3,Happy,2,3,2,3,4,4,2,0,2,5
2921,5,Surprise,5,5,5,5,5,5,5,5,5,5
2922,6,Neutral,6,6,6,6,6,6,6,6,6,6
2923,5,Surprise,5,5,5,5,5,5,5,5,5,5
2924,3,Happy,3,3,3,3,3,3,3,3,3,3
2925,2,Fear,1,4,1,4,1,4,1,4,1,4
2926,6,Neutral,6,6,6,6,6,6,6,6,6,6
2927,3,Happy,3,3,3,3,3,3,3,3,3,3
2928,3,Happy,6,5,6,3,6,5,6,5,6,3
2929,5,Surprise,5,5,5,5,5,6,5,5,5,5
2930,2,Fear,2,2,2,2,2,2,2,2,2,2
2931,6,Neutral,6,6,6,6,6,6,6,6,6,6
2932,2,Fear,2,2,2,2,2,2,2,2,2,2
2933,4,Sad,4,4,4,6,4,4,4,4,4,4
2934,6,Neutral,6,6,6,6,6,6,6,6,6,6
2935,4,Sad,6,6,6,6,6,6,6,6,6,6
2936,0,Angry,0,3,0,3,0,3,6,3,6,3
2937,6,Neutral,6,6,6,6,6,6,6,6,6,6
2938,0,Angry,0,0,0,0,0,0,0,0,0,0
2939,5,Surprise,5,5,5,5,5,2,5,5,5,5
2940,2,Fear,5,5,5,2,5,2,5,2,5,2
2941,3,Happy,3,3,3,3,3,3,3,3,3,3
2942,4,Sad,4,4,4,4,4,4,4,4,4,4
2943,6,Neutral,6,6,6,6,6,6,6,6,6,6
2944,3,Happy,3,3,3,3,3,3,3,3,3,3
2945,2,Fear,4,0,4,0,0,0,0,0,0,0
2946,2,Fear,3,3,3,3,2,5,3,3,3,3
2947,2,Fear,2,2,2,4,2,4,2,4,2,4
2948,5,Surprise,5,5,5,5,5,5,5,5,5,5
2949,5,Surprise,3,3,0,3,3,3,3,3,0,3
2950,0,Angry,0,0,0,0,0,0,0,0,0,0
2951,5,Surprise,5,5,5,5,5,5,5,5,5,5
2952,2,Fear,0,2,0,2,0,2,0,2,0,2
2953,2,Fear,2,2,2,2,2,2,2,2,2,2
2954,3,Happy,3,3,3,3,3,3,3,3,3,3
2955,3,Happy,3,3,3,3,3,3,3,3,3,3
2956,6,Neutral,6,6,6,4,6,6,6,2,6,2
2957,6,Neutral,0,6,0,6,0,0,0,6,0,6
2958,3,Happy,3,3,3,3,3,3,3,3,3,3
2959,2,Fear,4,2,4,2,4,4,2,2,2,2
2960,3,Happy,3,3,3,3,3,3,3,3,3,3
2961,4,Sad,6,4,4,4,6,2,0,4,4,4
2962,4,Sad,6,4,6,4,6,4,6,4,6,4
2963,0,Angry,3,3,3,3,3,3,3,3,3,3
2964,4,Sad,6,6,6,6,6,4,6,6,6,6
2965,4,Sad,2,2,2,2,2,2,2,2,2,2
2966,5,Surprise,5,5,5,5,5,5,5,5,5,5
2967,3,Happy,3,3,3,3,3,3,3,3,3,3
2968,2,Fear,2,2,2,2,2,6,2,2,2,2
2969,6,Neutral,0,6,0,6,0,6,0,6,0,6
2970,0,Angry,4,4,4,4,4,0,4,4,4,4
2971,2,Fear,2,6,6,4,6,4,6,2,6,4
2972,0,Angry,0,0,0,0,0,0,0,0,0,0
2973,4,Sad,2,4,2,4,0,2,2,4,2,4
2974,4,Sad,0,2,2,2,0,4,2,5,2,5
2975,4,Sad,4,4,4,4,6,6,4,4,4,4
2976,2,Fear,3,5,3,5,3,0,3,5,3,5
2977,3,Happy,4,4,4,4,4,4,4,4,4,4
2978,5,Surprise,5,5,5,5,5,5,5,5,5,5
2979,0,Angry,2,3,2,3,2,3,2,0,2,3
2980,0,Angry,4,0,1,0,4,0,4,0,1,0
2981,2,Fear,2,6,2,6,4,4,2,6,2,6
2982,5,Surprise,5,2,5,2,5,2,5,2,5,2
2983,2,Fear,2,2,2,5,2,2,2,0,2,2
2984,4,Sad,4,4,4,4,4,4,4,4,4,4
2985,3,Happy,3,3,3,3,3,3,3,3,3,3
2986,4,Sad,6,2,6,2,6,4,6,2,6,2
2987,5,Surprise,5,5,5,5,5,5,5,5,5,5
2988,6,Neutral,4,4,4,6,4,6,4,4,4,4
2989,3,Happy,3,3,3,3,3,3,3,3,3,3
2990,5,Surprise,5,5,5,5,5,5,5,5,5,5
2991,2,Fear,2,2,2,2,2,2,2,2,2,2
2992,0,Angry,0,2,0,2,0,0,2,2,2,2
2993,3,Happy,3,3,3,3,3,3,3,3,3,3
2994,4,Sad,0,0,0,0,0,0,0,0,0,0
2995,3,Happy,3,3,3,3,3,3,3,3,3,3
2996,0,Angry,0,0,0,0,0,0,0,0,0,0
2997,3,Happy,3,3,3,3,3,3,3,3,3,3
2998,1,Disgust,1,4,4,1,2,6,4,4,4,1
2999,4,Sad,6,6,6,6,6,6,6,6,6,6
3000,0,Angry,3,3,3,3,3,3,3,3,3,3
3001,3,Happy,3,3,3,3,3,3,3,3,3,3
3002,0,Angry,4,0,0,0,0,0,0,0,0,0
3003,3,Happy,3,6,3,3,3,6,3,3,3,3
3004,6,Neutral,6,4,6,4,6,4,6,4,6,4
3005,4,Sad,4,4,4,4,4,4,4,4,4,4
3006,3,Happy,3,3,3,3,3,3,3,3,3,3
3007,5,Surprise,5,5,5,5,5,5,5,5,5,5
3008,6,Neutral,6,6,6,6,6,6,6,6,6,6
3009,0,Angry,0,0,0,0,0,2,0,0,0,0
3010,3,Happy,3,3,3,3,3,3,3,3,3,3
3011,0,Angry,4,6,4,0,4,4,4,0,4,0
3012,3,Happy,3,3,3,3,3,3,3,3,3,3
3013,4,Sad,0,4,0,4,0,4,0,4,0,4
3014,1,Disgust,1,6,1,6,4,6,1,6,4,6
3015,0,Angry,0,0,0,0,0,0,0,0,0,0
3016,4,Sad,4,4,4,4,4,4,4,4,4,4
3017,2,Fear,2,2,2,2,2,2,2,2,2,2
3018,5,Surprise,5,5,5,5,5,5,5,5,5,5
3019,0,Angry,6,6,6,6,6,5,6,6,6,6
3020,4,Sad,4,4,4,4,4,4,4,4,4,4
3021,2,Fear,2,2,2,2,4,2,2,2,6,2
3022,4,Sad,3,3,3,3,3,3,3,3,3,3
3023,3,Happy,3,3,3,3,3,3,3,3,3,3
3024,2,Fear,2,2,2,2,2,4,2,2,2,2
3025,2,Fear,2,2,2,2,4,2,2,2,2,4
3026,3,Happy,3,3,3,3,3,3,3,3,3,3
3027,2,Fear,4,4,4,4,4,4,4,4,4,4
3028,0,Angry,0,0,0,0,0,0,0,0,0,0
3029,4,Sad,6,4,6,4,6,4,6,4,6,4
3030,4,Sad,4,0,4,4,4,4,4,4,4,4
3031,4,Sad,2,2,2,0,2,2,2,2,2,2
3032,2,Fear,1,1,1,1,1,1,1,0,1,0
3033,6,Neutral,4,6,4,4,4,4,4,4,4,6
3034,6,Neutral,0,0,3,0,0,6,3,0,4,0
3035,5,Surprise,5,5,5,5,5,5,5,5,5,5
3036,2,Fear,2,2,2,2,2,2,2,2,2,2
3037,4,Sad,3,6,3,4,6,4,6,4,3,4
3038,2,Fear,4,0,4,0,0,0,4,0,4,0
3039,4,Sad,4,4,4,4,4,4,4,4,4,4
3040,2,Fear,2,2,2,2,2,2,2,2,2,2
3041,3,Happy,3,3,3,3,3,3,3,3,3,3
3042,3,Happy,3,3,3,3,3,3,3,3,3,3
3043,3,Happy,4,4,4,4,4,4,4,4,4,4
3044,3,Happy,3,3,3,3,3,3,3,3,3,3
3045,3,Happy,3,0,3,0,3,3,3,0,3,0
3046,0,Angry,0,4,0,4,0,0,0,4,0,4
3047,6,Neutral,2,4,6,4,3,4,4,2,6,5
3048,3,Happy,3,3,3,3,3,3,3,3,3,3
3049,2,Fear,5,0,2,0,2,2,2,0,6,0
3050,4,Sad,4,4,4,2,4,2,4,0,4,4
3051,5,Surprise,5,5,5,5,5,5,5,5,5,5
3052,3,Happy,3,3,3,3,2,0,3,3,3,3
3053,2,Fear,2,2,2,2,2,2,2,2,2,2
3054,4,Sad,6,3,4,4,4,3,6,4,4,4
3055,2,Fear,2,2,2,2,2,2,2,2,2,2
3056,5,Surprise,5,2,2,2,0,6,2,2,0,2
3057,5,Surprise,5,5,5,5,5,5,5,5,5,5
3058,6,Neutral,6,6,6,6,6,6,6,6,6,6
3059,2,Fear,3,3,3,6,2,3,3,6,3,3
3060,3,Happy,3,3,3,3,3,3,3,3,3,3
3061,2,Fear,6,4,6,4,6,4,6,4,6,4
3062,5,Surprise,5,5,2,5,5,5,5,2,5,5
3063,3,Happy,3,3,3,3,3,3,3,3,3,3
3064,2,Fear,0,0,0,0,0,0,0,0,0,0
3065,2,Fear,2,2,2,2,2,2,2,2,2,2
3066,3,Happy,3,3,3,3,3,6,3,3,3,3
3067,4,Sad,4,6,6,6,6,6,6,6,6,6
3068,2,Fear,4,4,4,4,4,4,4,6,4,6
3069,3,Happy,3,3,3,3,3,3,3,3,3,3
3070,0,Angry,0,0,0,0,0,0,0,0,0,0
3071,3,Happy,3,3,3,6,3,3,3,6,3,3
3072,3,Happy,3,0,3,0,3,0,3,0,3,0
3073,3,Happy,3,3,3,3,3,3,3,3,3,3
3074,3,Happy,3,3,3,3,3,3,3,3,3,3
3075,6,Neutral,6,6,6,6,6,6,6,6,6,6
3076,2,Fear,2,2,2,2,2,2,2,2,2,2
3077,4,Sad,3,4,3,4,3,4,3,4,3,4
3078,1,Disgust,0,0,0,0,0,0,0,0,0,0
3079,3,Happy,3,3,3,3,3,3,3,3,3,3
3080,6,Neutral,6,6,6,6,6,6,6,6,6,6
3081,4,Sad,2,2,2,4,4,4,2,4,2,4
3082,4,Sad,6,4,6,4,6,4,6,4,6,4
3083,3,Happy,3,3,3,3,3,3,3,3,3,3
3084,4,Sad,4,6,4,2,4,6,4,2,4,4
3085,6,Neutral,6,6,6,6,6,6,6,6,6,6
3086,5,Surprise,5,5,5,5,5,5,5,5,5,5
3087,0,Angry,0,2,0,2,0,2,0,2,0,2
3088,4,Sad,4,4,4,4,4,4,4,4,4,4
3089,5,Surprise,5,5,5,5,5,5,5,5,5,5
3090,5,Surprise,5,5,5,5,5,5,5,5,5,5
3091,3,Happy,3,3,3,3,3,3,3,3,3,3
3092,5,Surprise,5,5,5,5,5,5,5,5,5,5
3093,1,Disgust,1,1,1,1,1,4,1,1,1,1
3094,6,Neutral,6,4,6,4,6,4,6,4,6,4
3095,4,Sad,2,4,4,4,4,4,4,4,4,4
3096,2,Fear,6,0,6,0,4,2,6,0,6,0
3097,6,Neutral,6,6,6,6,6,6,6,6,6,6
3098,0,Angry,0,0,0,0,0,0,0,0,0,0
3099,4,Sad,4,4,4,0,4,0,4,0,4,0
3100,4,Sad,6,6,6,6,4,6,6,3,6,6
3101,5,Surprise,3,3,3,3,5,3,3,3,3,3
3102,6,Neutral,6,6,6,6,6,6,6,6,6,6
3103,6,Neutral,6,3,6,6,6,3,6,3,6,6
3104,2,Fear,2,2,2,2,2,2,2,2,2,2
3105,0,Angry,0,0,0,0,0,4,0,0,0,0
3106,3,Happy,3,3,3,3,3,3,3,3,3,3
3107,2,Fear,4,6,4,2,4,4,4,2,4,2
3108,1,Disgust,0,1,0,0,0,1,0,0,0,0
3109,0,Angry,6,0,6,0,6,0,6,0,6,0
3110,6,Neutral,6,6,6,6,6,6,6,6,6,6
3111,1,Disgust,1,1,1,1,0,1,1,1,1,1
3112,2,Fear,6,4,4,6,6,6,4,6,4,4
3113,4,Sad,6,6,6,6,6,4,6,6,6,6
3114,3,Happy,3,3,3,3,3,3,3,3,3,3
3115,2,Fear,2,2,2,2,2,2,2,2,2,2
3116,6,Neutral,6,6,6,6,6,6,6,6,6,6
3117,6,Neutral,6,4,6,4,6,4,6,4,6,4
3118,6,Neutral,0,6,6,3,6,3,6,3,4,3
3119,6,Neutral,6,6,6,6,6,6,6,6,6,6
3120,6,Neutral,6,6,6,6,6,6,6,6,6,6
3121,3,Happy,3,3,3,3,3,3,3,3,3,3
3122,3,Happy,3,3,3,3,3,3,3,3,3,3
3123,4,Sad,4,2,4,2,4,2,4,2,4,2
3124,3,Happy,3,3,3,3,3,3,3,3,3,3
3125,0,Angry,6,6,6,6,4,4,6,6,6,6
3126,6,Neutral,6,3,4,3,6,6,4,3,4,6
3127,0,Angry,0,0,0,0,0,0,0,0,0,0
3128,3,Happy,3,3,3,3,3,3,3,3,3,3
3129,2,Fear,2,2,2,2,2,0,2,2,2,2
3130,5,Surprise,5,5,5,5,5,3,5,0,5,5
3131,6,Neutral,6,6,6,6,6,6,6,0,6,0
3132,6,Neutral,6,6,6,6,6,6,6,6,6,6
3133,4,Sad,6,4,4,4,6,4,6,4,6,4
3134,5,Surprise,5,5,5,5,5,5,5,5,5,5
3135,6,Neutral,5,5,5,5,5,5,5,5,5,5
3136,0,Angry,0,0,0,0,0,0,0,0,0,0
3137,3,Happy,3,3,3,3,3,3,3,3,3,3
3138,6,Neutral,6,6,6,6,6,6,6,6,6,6
3139,4,Sad,4,4,4,4,4,4,4,4,4,4
3140,4,Sad,4,4,4,4,4,4,4,4,4,4
3141,0,Angry,0,0,0,0,0,0,0,0,0,0
3142,3,Happy,3,3,3,3,3,3,3,3,3,3
3143,6,Neutral,4,4,4,4,4,6,4,4,4,4
3144,6,Neutral,6,6,6,6,6,6,6,6,6,6
3145,3,Happy,3,3,3,3,3,3,3,3,3,3
3146,2,Fear,2,2,2,2,2,4,2,2,2,2
3147,5,Surprise,5,5,5,5,5,5,5,5,5,5
3148,4,Sad,4,4,4,4,4,4,4,4,4,4
3149,0,Angry,4,2,4,2,4,4,4,2,4,4
3150,4,Sad,4,6,4,6,6,6,4,6,4,6
3151,4,Sad,4,0,4,0,4,4,4,6,4,0
3152,6,Neutral,6,6,6,6,6,6,6,6,6,6
3153,6,Neutral,4,2,4,2,4,2,4,2,4,4
3154,3,Happy,3,3,3,3,3,6,3,3,3,3
3155,2,Fear,2,2,2,2,2,2,2,2,2,2
3156,3,Happy,3,4,3,4,3,3,3,4,3,4
3157,4,Sad,4,4,4,4,2,4,4,4,4,4
3158,6,Neutral,6,6,6,6,0,6,6,6,6,6
3159,4,Sad,4,4,4,4,4,4,4,4,4,4
3160,5,Surprise,5,5,2,5,5,2,2,5,2,5
3161,3,Happy,3,5,3,2,3,2,3,2,3,2
3162,4,Sad,6,6,6,6,6,6,6,6,6,6
3163,5,Surprise,5,5,5,5,5,5,5,5,5,5
3164,2,Fear,2,4,2,4,4,4,2,4,2,4
3165,2,Fear,6,4,6,4,6,4,6,4,6,4
3166,6,Neutral,4,4,4,6,4,0,4,4,4,4
3167,5,Surprise,5,5,5,5,5,5,5,5,5,5
3168,4,Sad,0,0,0,0,0,0,0,0,0,0
3169,2,Fear,3,1,3,1,3,3,3,4,3,4
3170,5,Surprise,5,5,5,5,5,5,5,5,5,5
3171,6,Neutral,2,2,6,6,6,6,6,6,6,6
3172,4,Sad,4,4,4,4,4,4,4,4,4,4
3173,2,Fear,2,2,2,2,4,2,2,2,2,2
3174,4,Sad,4,4,4,4,4,4,4,4,4,4
3175,6,Neutral,3,3,3,3,3,3,3,3,3,3
3176,3,Happy,6,3,6,6,6,3,6,3,6,3
3177,2,Fear,2,2,2,2,2,2,2,2,2,2
3178,6,Neutral,6,2,6,2,6,4,4,2,6,2
3179,6,Neutral,6,6,3,2,3,2,3,2,6,6
3180,6,Neutral,6,6,6,6,6,6,6,6,6,6
3181,2,Fear,4,6,6,6,2,3,6,6,6,6
3182,2,Fear,2,2,2,2,2,2,2,2,2,2
3183,3,Happy,3,3,3,3,3,3,3,3,3,3
3184,2,Fear,2,4,2,4,2,4,2,4,2,4
3185,0,Angry,0,0,2,0,0,0,0,0,0,0
3186,6,Neutral,6,6,6,6,6,6,6,6,6,6
3187,0,Angry,4,4,4,4,4,4,4,4,4,4
3188,4,Sad,3,0,3,0,3,3,3,0,3,3
3189,6,Neutral,6,4,6,4,6,4,6,4,6,4
3190,0,Angry,4,4,4,4,4,4,4,4,4,4
3191,0,Angry,0,0,0,0,0,0,0,0,0,0
3192,4,Sad,4,4,4,4,4,4,4,4,4,4
3193,2,Fear,4,2,4,2,2,2,4,2,4,2
3194,3,Happy,6,6,6,6,6,6,6,6,6,6
3195,6,Neutral,6,6,6,6,0,6,6,6,6,6
3196,3,Happy,3,3,3,3,3,3,3,3,3,3
3197,4,Sad,2,2,2,2,2,2,2,2,2,2
3198,4,Sad,4,4,6,4,6,4,6,4,6,4
3199,3,Happy,3,3,3,3,3,3,3,3,3,3
3200,5,Surprise,5,5,5,5,5,5,5,5,5,5
3201,3,Happy,3,3,3,3,3,3,3,3,3,3
3202,4,Sad,6,0,3,4,3,3,3,4,3,4
3203,3,Happy,3,3,3,3,3,3,3,3,3,3
3204,0,Angry,0,0,0,0,0,0,0,0,0,0
3205,6,Neutral,6,6,6,6,6,4,6,6,6,6
3206,4,Sad,4,2,0,2,4,4,0,2,0,2
3207,5,Surprise,5,5,5,5,5,5,5,5,5,5
3208,3,Happy,6,0,6,0,6,0,6,0,6,0
3209,6,Neutral,6,6,6,6,6,6,6,6,6,6
3210,3,Happy,3,3,3,3,3,3,3,3,3,3
3211,2,Fear,4,4,4,4,4,4,4,4,4,4
3212,4,Sad,4,2,2,2,4,4,0,2,0,2
3213,5,Surprise,5,5,5,5,5,5,5,5,5,5
3214,4,Sad,4,4,4,4,4,4,4,4,4,4
3215,5,Surprise,0,5,0,5,5,5,5,5,0,5
3216,0,Angry,0,0,0,0,0,0,0,0,0,0
3217,4,Sad,4,4,3,4,2,6,3,4,3,4
3218,2,Fear,2,2,2,2,2,2,2,2,2,2
3219,3,Happy,3,3,3,3,3,3,3,3,3,6
3220,6,Neutral,6,6,6,6,6,4,6,6,6,6
3221,3,Happy,6,3,6,3,6,3,6,6,6,6
3222,3,Happy,3,6,6,6,3,3,6,6,6,3
3223,3,Happy,3,3,3,3,3,3,3,3,3,3
3224,0,Angry,0,0,0,0,0,0,0,0,0,0
3225,2,Fear,4,4,6,4,4,4,6,4,6,4
3226,5,Surprise,5,5,5,5,5,5,5,5,5,5
3227,3,Happy,2,2,2,2,2,2,2,2,2,2
3228,0,Angry,3,0,3,0,3,3,3,0,3,0
3229,4,Sad,0,0,0,0,0,0,0,0,0,0
3230,4,Sad,6,5,6,5,6,6,6,5,6,5
3231,3,Happy,3,3,3,3,3,6,3,3,3,3
3232,5,Surprise,5,2,5,2,5,2,5,3,5,3
3233,5,Surprise,5,5,5,5,5,5,5,5,5,5
3234,6,Neutral,6,6,6,6,6,6,6,6,6,6
3235,4,Sad,3,4,3,4,3,0,3,4,3,4
3236,0,Angry,0,0,0,1,0,0,0,1,0,1
3237,6,Neutral,6,6,6,6,6,6,6,6,6,6
3238,3,Happy,3,3,3,3,3,6,3,3,3,3
3239,6,Neutral,2,2,2,2,2,4,2,2,2,2
3240,4,Sad,4,0,2,5,4,0,2,5,4,5
3241,4,Sad,0,4,0,4,0,0,0,4,0,4
3242,5,Surprise,5,5,5,5,5,5,5,5,5,5
3243,2,Fear,4,0,4,0,4,4,4,0,4,0
3244,4,Sad,4,4,0,4,0,4,0,4,0,4
3245,2,Fear,6,3,6,3,6,6,6,3,6,3
3246,0,Angry,5,0,5,0,2,0,5,0,5,0
3247,3,Happy,3,3,3,3,3,3,3,3,3,3
3248,6,Neutral,6,6,6,6,6,4,6,6,6,6
3249,3,Happy,3,3,3,3,3,3,3,3,3,3
3250,0,Angry,3,3,3,3,3,2,3,3,3,3
3251,4,Sad,4,4,4,0,4,6,4,0,4,0
3252,4,Sad,4,4,4,4,4,4,4,4,4,4
3253,4,Sad,4,4,4,4,4,4,4,4,4,4
3254,3,Happy,3,3,3,3,3,3,3,3,3,3
3255,0,Angry,6,6,6,6,6,6,6,6,6,6
3256,0,Angry,0,0,0,4,0,0,0,4,0,4
3257,3,Happy,3,3,3,3,3,3,3,3,3,3
3258,6,Neutral,4,4,4,4,4,6,4,4,4,4
3259,2,Fear,6,6,4,6,2,2,4,6,4,6
3260,2,Fear,2,2,2,2,2,2,2,2,2,0
3261,3,Happy,3,3,3,5,3,5,3,3,3,5
3262,0,Angry,0,0,0,0,0,0,0,0,0,0
3263,4,Sad,4,4,4,4,4,4,4,4,4,4
3264,5,Surprise,2,2,3,2,3,2,3,2,3,2
3265,4,Sad,4,4,4,4,4,0,4,4,4,4
3266,3,Happy,3,3,3,3,3,3,3,3,3,3
3267,0,Angry,4,2,4,2,4,4,6,2,6,2
3268,3,Happy,3,3,3,3,3,3,3,3,3,3
3269,4,Sad,2,2,2,2,2,2,2,2,2,2
3270,5,Surprise,5,5,5,5,5,5,5,5,5,5
3271,0,Angry,0,0,0,0,0,2,0,0,0,0
3272,5,Surprise,5,5,5,5,5,5,5,5,5,5
3273,4,Sad,2,2,2,0,6,4,2,0,2,0
3274,0,Angry,0,3,0,3,0,0,0,3,0,3
3275,4,Sad,4,4,4,4,4,4,4,4,4,4
3276,4,Sad,1,2,1,2,1,3,3,2,3,2
3277,2,Fear,2,4,2,4,4,4,5,4,2,4
3278,6,Neutral,6,6,6,6,6,6,6,6,6,6
3279,6,Neutral,2,2,2,2,2,2,2,2,2,2
3280,3,Happy,3,3,3,3,3,3,3,3,3,3
3281,3,Happy,3,3,3,3,3,3,3,3,3,3
3282,1,Disgust,1,1,1,1,1,2,2,1,2,1
3283,2,Fear,6,6,6,6,6,6,6,6,6,6
3284,3,Happy,3,3,3,3,3,3,3,3,3,3
3285,0,Angry,0,4,0,4,0,4,0,4,0,4
3286,6,Neutral,6,6,6,6,6,6,6,6,6,6
3287,2,Fear,4,4,2,4,4,2,2,4,2,4
3288,5,Surprise,5,5,5,5,5,5,5,5,5,5
3289,3,Happy,3,3,3,3,3,3,3,3,3,3
3290,6,Neutral,6,6,6,6,6,6,6,6,6,6
3291,3,Happy,3,3,3,3,3,3,3,3,3,3
3292,3,Happy,3,3,3,3,3,3,3,3,3,3
3293,2,Fear,4,4,6,4,4,4,4,4,6,4
3294,2,Fear,2,2,2,2,2,2,2,2,2,2
3295,6,Neutral,0,0,4,0,4,0,4,4,4,0
3296,4,Sad,4,4,4,4,4,6,4,4,4,4
3297,6,Neutral,6,6,6,6,6,6,6,4,6,6
3298,3,Happy,5,5,2,2,0,3,2,2,2,5
3299,4,Sad,2,1,2,0,2,6,2,0,2,0
3300,3,Happy,3,3,3,3,3,3,3,3,3,3
3301,4,Sad,4,4,4,4,4,6,4,4,4,4
3302,4,Sad,2,0,2,0,2,4,2,0,2,0
3303,5,Surprise,5,5,5,5,5,5,5,5,5,5
3304,3,Happy,3,3,3,3,3,3,3,3,3,3
3305,3,Happy,3,3,3,3,3,3,3,3,3,3
3306,3,Happy,3,2,6,2,0,2,6,2,6,2
3307,4,Sad,4,4,4,4,4,4,4,4,4,4
3308,6,Neutral,6,6,6,6,6,6,6,6,6,6
3309,0,Angry,0,0,0,0,0,0,0,0,0,0
3310,5,Surprise,5,5,5,5,5,5,5,5,5,5
3311,2,Fear,2,2,2,0,0,2,2,2,2,2
3312,4,Sad,0,0,0,0,4,0,0,0,0,0
3313,0,Angry,3,3,0,3,3,3,0,3,0,3
3314,4,Sad,0,2,0,4,0,2,0,4,0,0
3315,3,Happy,3,3,3,3,3,3,3,3,3,3
3316,6,Neutral,0,0,0,0,6,6,0,0,0,0
3317,4,Sad,4,2,4,2,4,2,4,2,4,2
3318,5,Surprise,5,5,5,5,5,5,5,5,5,5
3319,5,Surprise,5,5,5,5,5,5,5,5,5,5
3320,0,Angry,0,0,0,0,0,0,0,0,0,0
3321,0,Angry,0,0,0,0,0,0,0,0,0,0
3322,4,Sad,6,6,6,6,6,6,6,6,6,6
3323,2,Fear,2,2,2,2,2,5,2,2,2,2
3324,5,Surprise,2,2,2,5,2,2,2,5,2,5
3325,6,Neutral,6,6,6,6,6,6,6,6,6,6
3326,0,Angry,0,0,0,0,0,0,0,0,0,0
3327,3,Happy,3,3,3,3,3,3,3,3,3,3
3328,6,Neutral,4,6,3,6,6,6,3,6,3,6
3329,3,Happy,3,3,3,3,3,3,3,3,3,3
3330,6,Neutral,4,6,4,6,4,4,4,6,4,6
3331,2,Fear,0,0,0,0,0,2,0,0,0,0
3332,4,Sad,4,4,4,4,4,4,4,4,4,4
3333,6,Neutral,6,6,6,6,6,6,6,6,6,6
3334,4,Sad,6,6,6,6,6,6,6,6,6,6
3335,2,Fear,2,2,2,2,2,2,2,2,2,1
3336,6,Neutral,4,6,4,6,4,6,4,6,4,6
3337,3,Happy,3,3,3,3,3,3,3,3,3,3
3338,5,Surprise,5,5,5,5,5,5,5,5,5,5
3339,6,Neutral,6,0,6,0,6,0,6,0,6,0
3340,3,Happy,3,3,3,3,3,3,3,3,3,3
3341,4,Sad,6,6,6,6,6,6,6,6,6,6
3342,6,Neutral,6,6,6,6,6,6,6,6,6,6
3343,2,Fear,4,4,4,4,4,4,4,4,4,4
3344,6,Neutral,6,6,6,6,6,6,6,6,6,6
3345,2,Fear,2,2,2,2,2,2,2,2,2,2
3346,5,Surprise,3,3,3,3,3,3,3,3,3,3
3347,0,Angry,1,0,1,0,1,0,1,1,1,1
3348,6,Neutral,3,6,6,6,3,3,3,6,3,6
3349,3,Happy,6,3,6,3,2,6,6,3,6,3
3350,0,Angry,0,0,0,0,0,0,0,0,0,0
3351,2,Fear,0,0,0,0,1,0,0,0,0,0
3352,0,Angry,6,6,4,6,4,6,4,6,4,6
3353,0,Angry,0,0,0,0,0,0,0,0,0,0
3354,6,Neutral,4,0,2,0,4,0,4,0,2,0
3355,3,Happy,3,3,3,3,3,3,3,3,3,3
3356,2,Fear,2,2,2,2,2,4,2,2,2,2
3357,4,Sad,4,4,4,4,4,2,4,4,4,4
3358,0,Angry,4,4,4,4,4,4,4,4,4,4
3359,6,Neutral,4,4,4,4,4,4,4,4,4,4
3360,3,Happy,2,2,0,5,2,6,0,5,0,5
3361,3,Happy,4,4,4,4,4,4,4,4,4,0
3362,2,Fear,2,2,2,2,2,2,2,2,2,2
3363,4,Sad,2,2,2,5,2,4,2,5,5,5
3364,5,Surprise,5,5,5,5,5,5,5,5,5,5
3365,0,Angry,4,4,4,4,4,4,4,4,4,4
3366,3,Happy,3,3,6,6,3,3,6,6,6,6
3367,0,Angry,0,0,0,0,0,0,0,0,0,0
3368,5,Surprise,5,5,5,5,5,5,5,5,5,5
3369,2,Fear,2,0,2,2,2,2,2,2,2,3
3370,6,Neutral,6,6,6,6,6,6,6,6,6,6
3371,0,Angry,4,0,4,4,4,6,4,4,4,4
3372,6,Neutral,4,6,4,6,4,6,4,6,4,6
3373,4,Sad,4,4,4,4,4,4,4,4,4,4
3374,2,Fear,0,2,0,2,0,2,0,2,0,2
3375,6,Neutral,6,6,6,6,6,4,6,6,6,6
3376,6,Neutral,6,4,6,4,4,4,6,4,6,4
3377,3,Happy,3,3,2,3,3,3,0,3,0,3
3378,4,Sad,3,3,3,4,3,3,3,4,3,4
3379,3,Happy,3,3,3,3,0,3,3,3,3,3
3380,5,Surprise,2,2,2,2,2,4,2,2,2,2
3381,6,Neutral,6,6,6,6,6,6,6,6,6,6
3382,4,Sad,6,6,2,6,6,2,2,6,2,6
3383,0,Angry,0,0,0,0,5,5,0,0,0,0
3384,0,Angry,0,0,0,0,0,0,0,0,2,0
3385,2,Fear,2,2,2,2,2,2,2,2,2,2
3386,5,Surprise,5,5,5,5,5,5,5,5,5,5
3387,3,Happy,3,3,3,3,3,3,3,3,3,3
3388,2,Fear,2,2,2,2,2,2,2,2,2,2
3389,5,Surprise,3,3,3,3,3,3,3,3,3,3
3390,5,Surprise,5,5,5,5,5,5,5,5,5,5
3391,6,Neutral,2,6,2,0,2,6,2,0,2,0
3392,2,Fear,2,2,2,2,2,2,2,2,2,2
3393,4,Sad,6,6,2,6,2,6,2,6,2,6
3394,6,Neutral,6,6,6,6,6,6,6,6,6,6
3395,2,Fear,0,0,4,0,0,1,4,1,4,1
3396,2,Fear,4,2,5,3,2,5,5,3,5,3
3397,5,Surprise,5,5,5,5,5,5,5,5,5,5
3398,4,Sad,4,4,4,2,4,4,4,2,4,2
3399,2,Fear,2,2,2,2,2,5,2,2,2,2
3400,3,Happy,3,3,3,3,3,3,3,3,3,3
3401,4,Sad,3,4,3,3,4,4,3,4,3,4
3402,0,Angry,0,0,0,0,0,0,0,0,0,0
3403,3,Happy,3,3,3,3,3,3,3,3,3,3
3404,2,Fear,3,3,3,3,3,3,3,3,3,3
3405,0,Angry,4,4,4,4,4,4,4,4,4,4
3406,6,Neutral,4,4,4,4,4,4,4,4,4,4
3407,6,Neutral,6,4,6,4,6,4,6,4,6,6
3408,4,Sad,4,3,4,3,4,3,4,3,4,3
3409,3,Happy,3,3,3,3,3,3,3,3,3,3
3410,2,Fear,0,0,0,0,0,4,0,0,0,0
3411,2,Fear,2,0,2,0,0,0,2,0,2,0
3412,2,Fear,0,0,0,2,4,2,0,4,0,4
3413,2,Fear,2,2,2,2,2,2,2,4,2,4
3414,5,Surprise,5,5,2,5,2,5,2,5,2,5
3415,3,Happy,3,3,3,3,3,3,3,3,3,3
3416,4,Sad,4,4,4,4,4,0,4,4,4,4
3417,3,Happy,3,3,3,3,3,3,3,3,3,3
3418,0,Angry,0,0,0,6,6,6,0,0,0,6
3419,6,Neutral,6,6,6,6,6,5,6,6,6,6
3420,4,Sad,2,2,2,2,2,5,2,2,2,2
3421,3,Happy,3,3,3,3,3,3,3,3,3,3
3422,2,Fear,0,4,0,0,2,4,0,0,0,0
3423,3,Happy,3,3,3,3,3,3,3,0,3,0
3424,0,Angry,6,0,6,4,6,6,6,4,6,4
3425,0,Angry,0,0,0,0,0,0,0,0,0,0
3426,3,Happy,3,3,3,3,3,3,3,3,3,3
3427,4,Sad,6,6,6,6,6,3,6,0,6,0
3428,2,Fear,2,2,2,2,2,2,2,2,2,2
3429,6,Neutral,0,4,3,4,3,6,3,4,3,4
3430,6,Neutral,6,6,6,6,6,6,6,6,6,6
3431,6,Neutral,6,6,6,6,6,2,6,6,6,6
3432,2,Fear,2,2,2,2,2,4,2,2,2,2
3433,0,Angry,6,6,4,6,6,6,4,6,4,6
3434,6,Neutral,4,4,4,4,4,4,4,4,4,4
3435,3,Happy,3,3,3,3,3,3,3,3,3,3
3436,4,Sad,0,1,0,1,0,3,0,1,0,1
3437,2,Fear,4,4,4,4,4,4,4,6,4,6
3438,6,Neutral,6,6,6,6,6,6,6,6,6,6
3439,4,Sad,3,3,3,3,3,3,3,3,3,3
3440,5,Surprise,5,2,5,2,5,5,5,2,5,2
3441,3,Happy,3,3,3,3,3,3,3,3,3,3
3442,2,Fear,4,2,4,2,4,2,4,2,4,2
3443,6,Neutral,6,6,6,6,6,6,6,6,6,6
3444,4,Sad,0,4,6,4,6,6,6,4,6,4
3445,2,Fear,6,6,6,6,6,6,6,6,6,6
3446,2,Fear,2,2,2,2,2,2,2,2,2,2
3447,4,Sad,4,4,4,4,4,4,4,4,4,4
3448,4,Sad,6,4,6,4,6,4,6,4,6,4
3449,6,Neutral,6,6,6,6,6,6,6,6,6,6
3450,6,Neutral,6,6,6,6,6,6,6,6,6,6
3451,3,Happy,3,3,3,3,3,3,3,3,3,3
3452,5,Surprise,5,5,5,5,5,5,5,5,5,5
3453,0,Angry,0,5,2,5,0,1,2,5,2,5
3454,0,Angry,2,2,2,2,2,5,2,2,2,2
3455,0,Angry,4,6,4,6,6,5,4,6,4,6
3456,6,Neutral,6,6,6,6,6,6,6,6,6,6
3457,6,Neutral,6,6,4,6,4,6,4,6,4,6
3458,4,Sad,4,4,4,4,4,4,4,4,4,4
3459,5,Surprise,5,5,5,5,5,2,5,5,5,5
3460,3,Happy,3,3,3,3,3,3,3,3,3,3
3461,3,Happy,3,3,3,3,3,3,3,3,3,3
3462,2,Fear,2,2,2,2,2,5,2,2,2,2
3463,6,Neutral,4,4,4,4,4,4,4,4,4,4
3464,3,Happy,3,3,3,3,3,3,3,3,3,3
3465,2,Fear,0,0,0,0,0,0,0,0,0,0
3466,6,Neutral,6,6,6,6,6,6,6,6,6,6
3467,6,Neutral,6,6,6,6,6,6,6,6,6,6
3468,3,Happy,2,2,2,2,2,2,2,2,2,2
3469,3,Happy,3,3,3,3,3,3,3,3,3,3
3470,4,Sad,6,0,4,0,2,2,4,6,2,6
3471,3,Happy,3,3,3,3,3,3,3,3,3,3
3472,3,Happy,3,3,3,3,3,3,3,3,3,3
3473,3,Happy,3,3,3,3,3,3,3,3,3,3
3474,5,Surprise,5,5,5,5,5,5,5,5,5,5
3475,2,Fear,0,0,0,0,0,0,0,0,0,0
3476,0,Angry,0,0,0,0,0,0,0,0,0,0
3477,6,Neutral,4,6,2,6,2,2,4,6,4,6
3478,0,Angry,0,2,0,2,0,2,0,2,0,2
3479,0,Angry,6,6,6,2,6,2,6,2,6,2
3480,0,Angry,0,0,0,0,0,4,0,0,0,0
3481,6,Neutral,6,6,6,6,6,6,6,6,6,6
3482,0,Angry,2,2,2,2,2,2,2,2,2,2
3483,6,Neutral,6,6,6,6,6,6,6,6,6,6
3484,4,Sad,4,4,4,6,4,3,4,6,4,6
3485,2,Fear,0,0,0,0,0,0,0,0,0,0
3486,4,Sad,4,4,4,4,4,4,4,4,4,4
3487,5,Surprise,5,5,5,5,5,5,5,5,5,5
3488,1,Disgust,1,1,1,1,1,1,1,1,1,1
3489,3,Happy,4,4,4,4,4,4,4,4,4,4
3490,0,Angry,0,0,0,0,0,0,0,0,0,0
3491,6,Neutral,4,6,4,6,6,6,4,6,4,6
3492,5,Surprise,5,5,5,5,2,5,5,5,5,5
3493,2,Fear,0,0,0,0,0,6,6,0,0,0
3494,3,Happy,3,3,3,3,3,3,3,3,3,3
3495,4,Sad,2,5,2,2,2,4,2,2,2,2
3496,3,Happy,3,3,3,3,3,3,3,3,3,3
3497,0,Angry,0,3,0,3,0,0,0,3,0,3
3498,5,Surprise,5,5,5,2,5,5,5,2,5,5
3499,6,Neutral,6,6,4,6,6,6,4,6,4,6
3500,5,Surprise,0,5,0,5,0,2,0,2,0,2
3501,0,Angry,0,0,0,0,0,0,0,0,0,0
3502,0,Angry,2,0,2,0,2,2,2,0,2,0
3503,3,Happy,3,3,3,3,3,3,3,3,3,3
3504,6,Neutral,6,6,6,6,6,6,6,6,6,6
3505,3,Happy,3,3,3,3,3,3,3,3,3,3
3506,3,Happy,3,3,3,3,3,3,3,3,3,3
3507,0,Angry,1,0,1,0,1,0,1,0,1,0
3508,4,Sad,4,4,4,4,4,6,4,4,4,4
3509,6,Neutral,6,6,6,6,6,6,6,6,6,6
3510,0,Angry,4,4,4,4,4,4,4,4,4,4
3511,0,Angry,0,0,0,2,2,0,0,2,0,2
3512,0,Angry,0,0,4,0,6,2,6,0,6,0
3513,6,Neutral,6,6,6,6,6,4,6,6,6,6
3514,4,Sad,3,6,3,6,6,6,0,6,3,6
3515,4,Sad,6,4,6,4,6,4,6,2,6,4
3516,3,Happy,3,3,3,3,3,3,3,3,3,3
3517,5,Surprise,4,4,4,4,2,0,4,4,2,4
3518,3,Happy,3,3,3,3,3,3,3,3,3,3
3519,0,Angry,0,0,0,0,0,0,0,0,0,0
3520,5,Surprise,6,5,6,5,3,5,6,5,6,5
3521,6,Neutral,4,6,4,6,6,6,4,6,4,6
3522,0,Angry,0,2,2,2,0,0,2,2,2,2
3523,0,Angry,6,6,6,6,6,6,6,6,6,6
3524,0,Angry,4,0,4,4,4,4,4,2,4,0
3525,5,Surprise,5,5,5,5,5,5,5,5,5,5
3526,5,Surprise,3,5,5,1,5,2,5,1,5,1
3527,4,Sad,4,4,6,2,6,4,6,4,6,2
3528,2,Fear,2,2,2,2,2,2,2,2,2,2
3529,0,Angry,0,0,0,0,0,0,0,0,0,0
3530,0,Angry,0,0,0,0,0,0,0,0,0,0
3531,5,Surprise,5,5,5,5,5,5,5,5,5,5
3532,5,Surprise,2,0,2,0,4,4,2,0,2,0
3533,5,Surprise,5,2,2,2,2,2,2,2,2,2
3534,2,Fear,4,2,4,2,2,4,4,2,4,2
3535,5,Surprise,5,5,5,5,5,5,5,5,5,5
3536,4,Sad,4,4,4,4,4,4,4,4,4,4
3537,2,Fear,2,2,2,2,2,2,2,2,2,2
3538,3,Happy,3,3,3,3,3,3,3,3,3,3
3539,3,Happy,3,3,3,3,3,3,3,3,3,3
3540,2,Fear,0,0,0,0,0,2,0,0,0,0
3541,3,Happy,3,0,3,0,3,0,3,0,3,0
3542,6,Neutral,6,0,6,0,6,6,6,0,6,0
3543,1,Disgust,1,1,1,1,1,2,1,1,1,1
3544,5,Surprise,6,2,6,2,2,0,6,2,6,2
3545,3,Happy,3,3,3,3,3,3,3,3,3,3
3546,0,Angry,2,0,0,0,4,0,0,0,4,0
3547,0,Angry,0,4,0,4,0,0,0,4,0,4
3548,3,Happy,3,6,0,6,3,0,3,6,0,6
3549,3,Happy,2,4,2,4,2,5,2,0,2,2
3550,2,Fear,2,2,6,2,2,2,6,2,2,6
3551,0,Angry,0,0,0,0,0,0,0,0,0,0
3552,3,Happy,3,3,3,3,3,3,3,3,3,3
3553,2,Fear,6,4,2,4,4,2,4,4,2,4
3554,6,Neutral,0,6,6,6,6,6,6,6,6,2
3555,4,Sad,4,6,4,6,2,6,4,6,4,2
3556,0,Angry,0,0,0,0,0,0,0,0,0,0
3557,4,Sad,4,4,4,4,4,2,4,4,4,4
3558,3,Happy,3,3,3,3,3,3,3,3,3,3
3559,5,Surprise,5,5,5,5,5,5,5,5,5,5
3560,4,Sad,0,3,0,3,0,4,0,3,3,3
3561,4,Sad,2,0,2,4,2,0,2,4,2,5
3562,3,Happy,3,3,3,3,3,6,3,3,3,3
3563,6,Neutral,4,6,6,6,6,6,6,0,6,3
3564,2,Fear,6,6,6,6,6,5,6,2,6,6
3565,5,Surprise,5,5,2,5,2,5,2,5,2,5
3566,4,Sad,4,4,4,4,4,4,4,4,4,4
3567,3,Happy,3,3,3,3,3,3,3,3,3,3
3568,6,Neutral,6,3,6,3,6,3,6,3,6,3
3569,3,Happy,3,3,3,3,3,3,3,3,3,3
3570,2,Fear,0,4,2,3,2,0,2,3,2,6
3571,3,Happy,3,3,3,3,3,3,3,3,3,3
3572,2,Fear,0,0,0,0,0,0,0,0,0,0
3573,6,Neutral,4,4,4,6,0,4,2,6,4,6
3574,5,Surprise,0,0,5,6,5,6,5,6,5,6
3575,4,Sad,4,4,4,4,1,1,4,4,4,4
3576,5,Surprise,5,5,5,5,5,3,5,5,5,5
3577,5,Surprise,5,5,5,5,5,5,5,5,5,5
3578,6,Neutral,3,3,3,3,3,3,3,3,3,3
3579,6,Neutral,2,2,2,2,2,2,2,2,2,2
3580,3,Happy,3,3,3,3,3,3,3,3,3,3
3581,2,Fear,4,4,4,4,4,6,4,4,4,4
3582,2,Fear,2,2,2,2,2,5,2,2,2,2
3583,0,Angry,0,0,0,0,0,0,0,0,0,0
3584,6,Neutral,6,6,6,6,6,6,6,6,6,6
3585,3,Happy,3,3,3,3,3,3,3,3,3,3
3586,0,Angry,0,0,2,0,0,0,2,0,2,0
3587,3,Happy,3,3,0,3,3,3,3,3,0,3
3588,2,Fear,2,2,2,2,4,2,2,2,2,2
