row_index,true_label,true_class_name,v23_L2_pred,v23_L5_pred,v23_L2_L5_raw_pred,v23_PCA_L2_L5_pred,complementarity_category,rescued_by_joint_raw,rescued_by_joint_pca
0,0,Angry,4,4,4,0,BOTH_WRONG,False,False
1,1,Disgust,6,1,1,1,EARLY_WRONG_LATE_CORRECT,False,False
2,4,Sad,0,0,0,0,BOTH_WRONG,False,False
3,6,Neutral,6,4,4,4,EARLY_CORRECT_LATE_WRONG,False,False
4,3,Happy,3,3,3,3,BOTH_CORRECT,False,False
5,3,Happy,3,3,3,3,BOTH_CORRECT,False,False
6,2,Fear,2,2,2,2,BOTH_CORRECT,False,False
7,0,Angry,6,4,4,4,BOTH_WRONG,False,False
8,2,Fear,0,3,3,3,BOTH_WRONG,False,False
9,0,Angry,5,5,5,5,BOTH_WRONG,False,False
10,3,Happy,3,3,3,3,BOTH_CORRECT,False,False
11,0,Angry,0,2,4,2,EARLY_CORRECT_LATE_WRONG,False,False
12,4,Sad,2,4,2,2,EARLY_WRONG_LATE_CORRECT,False,False
13,2,Fear,2,2,2,2,BOTH_CORRECT,False,False
14,6,Neutral,6,6,6,6,BOTH_CORRECT,False,False
15,2,Fear,5,5,5,5,BOTH_WRONG,False,False
16,5,Surprise,5,5,5,5,BOTH_CORRECT,False,False
17,0,Angry,5,2,2,2,BOTH_WRONG,False,False
18,5,Surprise,5,5,5,5,BOTH_CORRECT,False,False
19,3,Happy,3,3,3,3,BOTH_CORRECT,False,False
20,2,Fear,6,2,2,2,EARLY_WRONG_LATE_CORRECT,False,False
21,5,Surprise,5,5,5,5,BOTH_CORRECT,False,False
22,0,Angry,4,6,6,6,BOTH_WRONG,False,False
23,4,Sad,4,4,4,4,BOTH_CORRECT,False,False
24,0,Angry,0,0,0,0,BOTH_CORRECT,False,False
25,2,Fear,6,6,0,6,BOTH_WRONG,False,False
26,4,Sad,4,4,4,4,BOTH_CORRECT,False,False
27,4,Sad,4,2,2,2,EARLY_CORRECT_LATE_WRONG,False,False
28,0,Angry,2,0,0,0,EARLY_WRONG_LATE_CORRECT,False,False
29,2,Fear,5,5,5,5,BOTH_WRONG,False,False
30,3,Happy,3,3,3,3,BOTH_CORRECT,False,False
31,6,Neutral,6,6,2,2,BOTH_CORRECT,False,False
32,3,Happy,3,3,3,3,BOTH_CORRECT,False,False
33,6,Neutral,6,6,6,6,BOTH_CORRECT,False,False
34,0,Angry,6,6,6,6,BOTH_WRONG,False,False
35,4,Sad,4,4,2,2,BOTH_CORRECT,False,False
36,6,Neutral,4,4,4,4,BOTH_WRONG,False,False
37,2,Fear,2,2,2,2,BOTH_CORRECT,False,False
38,6,Neutral,6,6,6,6,BOTH_CORRECT,False,False
39,3,Happy,3,3,6,3,BOTH_CORRECT,False,False
40,0,Angry,0,0,0,0,BOTH_CORRECT,False,False
41,4,Sad,4,4,4,4,BOTH_CORRECT,False,False
42,4,Sad,0,0,0,0,BOTH_WRONG,False,False
43,2,Fear,3,2,2,2,EARLY_WRONG_LATE_CORRECT,False,False
44,6,Neutral,6,6,6,6,BOTH_CORRECT,False,False
45,3,Happy,3,3,3,3,BOTH_CORRECT,False,False
46,5,Surprise,5,5,5,5,BOTH_CORRECT,False,False
47,3,Happy,3,3,3,3,BOTH_CORRECT,False,False
48,5,Surprise,5,5,5,5,BOTH_CORRECT,False,False
49,6,Neutral,6,4,4,4,EARLY_CORRECT_LATE_WRONG,False,False
50,0,Angry,0,2,2,2,EARLY_CORRECT_LATE_WRONG,False,False
51,3,Happy,3,3,3,3,BOTH_CORRECT,False,False
52,5,Surprise,5,5,5,5,BOTH_CORRECT,False,False
53,4,Sad,6,4,6,6,EARLY_WRONG_LATE_CORRECT,False,False
54,4,Sad,4,2,2,2,EARLY_CORRECT_LATE_WRONG,False,False
55,3,Happy,3,3,3,3,BOTH_CORRECT,False,False
56,4,Sad,2,2,2,2,BOTH_WRONG,False,False
57,2,Fear,2,2,2,2,BOTH_CORRECT,False,False
58,5,Surprise,5,5,5,5,BOTH_CORRECT,False,False
59,3,Happy,3,3,3,3,BOTH_CORRECT,False,False
60,6,Neutral,6,6,6,6,BOTH_CORRECT,False,False
61,3,Happy,5,3,5,5,EARLY_WRONG_LATE_CORRECT,False,False
62,4,Sad,6,4,4,4,EARLY_WRONG_LATE_CORRECT,False,False
63,3,Happy,5,3,3,3,EARLY_WRONG_LATE_CORRECT,False,False
64,5,Surprise,5,5,5,5,BOTH_CORRECT,False,False
65,3,Happy,3,3,3,3,BOTH_CORRECT,False,False
66,5,Surprise,5,5,5,5,BOTH_CORRECT,False,False
67,4,Sad,6,6,6,6,BOTH_WRONG,False,False
68,2,Fear,2,2,2,2,BOTH_CORRECT,False,False
69,6,Neutral,6,6,6,6,BOTH_CORRECT,False,False
70,0,Angry,0,6,6,6,EARLY_CORRECT_LATE_WRONG,False,False
71,5,Surprise,5,5,5,5,BOTH_CORRECT,False,False
72,6,Neutral,5,6,6,6,EARLY_WRONG_LATE_CORRECT,False,False
73,6,Neutral,3,6,6,6,EARLY_WRONG_LATE_CORRECT,False,False
74,2,Fear,2,2,2,2,BOTH_CORRECT,False,False
75,6,Neutral,6,6,6,6,BOTH_CORRECT,False,False
76,5,Surprise,5,5,5,5,BOTH_CORRECT,False,False
77,6,Neutral,6,6,6,6,BOTH_CORRECT,False,False
78,4,Sad,4,4,4,4,BOTH_CORRECT,False,False
79,4,Sad,4,4,4,4,BOTH_CORRECT,False,False
80,0,Angry,0,0,0,0,BOTH_CORRECT,False,False
81,0,Angry,4,0,0,0,EARLY_WRONG_LATE_CORRECT,False,False
82,1,Disgust,0,0,0,2,BOTH_WRONG,False,False
83,3,Happy,6,3,6,6,EARLY_WRONG_LATE_CORRECT,False,False
84,5,Surprise,5,5,5,5,BOTH_CORRECT,False,False
85,4,Sad,4,4,4,4,BOTH_CORRECT,False,False
86,3,Happy,3,3,3,3,BOTH_CORRECT,False,False
87,3,Happy,3,3,3,3,BOTH_CORRECT,False,False
88,3,Happy,5,5,5,5,BOTH_WRONG,False,False
89,3,Happy,3,3,3,3,BOTH_CORRECT,False,False
90,6,Neutral,4,6,6,6,EARLY_WRONG_LATE_CORRECT,False,False
91,0,Angry,0,0,0,0,BOTH_CORRECT,False,False
92,6,Neutral,4,3,3,3,BOTH_WRONG,False,False
93,4,Sad,6,6,6,6,BOTH_WRONG,False,False
94,5,Surprise,0,0,0,0,BOTH_WRONG,False,False
95,2,Fear,0,0,0,0,BOTH_WRONG,False,False
96,3,Happy,2,2,2,2,BOTH_WRONG,False,False
97,3,Happy,3,3,3,3,BOTH_CORRECT,False,False
98,3,Happy,3,3,3,3,BOTH_CORRECT,False,False
99,0,Angry,0,0,0,0,BOTH_CORRECT,False,False
100,3,Happy,3,3,3,3,BOTH_CORRECT,False,False
101,6,Neutral,6,6,6,6,BOTH_CORRECT,False,False
102,0,Angry,0,0,0,0,BOTH_CORRECT,False,False
103,3,Happy,3,3,3,3,BOTH_CORRECT,False,False
104,2,Fear,5,5,5,5,BOTH_WRONG,False,False
105,3,Happy,5,5,5,5,BOTH_WRONG,False,False
106,6,Neutral,6,6,6,6,BOTH_CORRECT,False,False
107,6,Neutral,4,6,6,6,EARLY_WRONG_LATE_CORRECT,False,False
108,5,Surprise,6,6,6,6,BOTH_WRONG,False,False
109,3,Happy,3,3,3,3,BOTH_CORRECT,False,False
110,3,Happy,3,3,3,3,BOTH_CORRECT,False,False
111,0,Angry,0,0,0,0,BOTH_CORRECT,False,False
112,0,Angry,0,0,0,0,BOTH_CORRECT,False,False
113,2,Fear,4,4,4,4,BOTH_WRONG,False,False
114,3,Happy,3,3,3,3,BOTH_CORRECT,False,False
115,2,Fear,2,2,2,2,BOTH_CORRECT,False,False
116,3,Happy,3,3,3,3,BOTH_CORRECT,False,False
117,6,Neutral,6,6,6,6,BOTH_CORRECT,False,False
118,2,Fear,2,2,2,2,BOTH_CORRECT,False,False
119,6,Neutral,6,4,4,4,EARLY_CORRECT_LATE_WRONG,False,False
120,5,Surprise,5,5,5,5,BOTH_CORRECT,False,False
121,0,Angry,4,3,6,3,BOTH_WRONG,False,False
122,0,Angry,0,0,0,0,BOTH_CORRECT,False,False
123,2,Fear,2,2,2,2,BOTH_CORRECT,False,False
124,4,Sad,6,6,6,6,BOTH_WRONG,False,False
125,6,Neutral,6,6,6,6,BOTH_CORRECT,False,False
126,3,Happy,5,3,3,3,EARLY_WRONG_LATE_CORRECT,False,False
127,6,Neutral,6,6,6,6,BOTH_CORRECT,False,False
128,5,Surprise,5,3,5,3,EARLY_CORRECT_LATE_WRONG,True,False
129,5,Surprise,5,5,5,5,BOTH_CORRECT,False,False
130,2,Fear,2,2,2,2,BOTH_CORRECT,False,False
131,0,Angry,6,6,6,6,BOTH_WRONG,False,False
132,2,Fear,2,2,2,2,BOTH_CORRECT,False,False
133,6,Neutral,0,2,2,2,BOTH_WRONG,False,False
134,5,Surprise,5,5,6,5,BOTH_CORRECT,False,False
135,5,Surprise,5,5,5,5,BOTH_CORRECT,False,False
136,5,Surprise,5,5,5,5,BOTH_CORRECT,False,False
137,6,Neutral,6,3,3,3,EARLY_CORRECT_LATE_WRONG,False,False
138,2,Fear,6,6,6,6,BOTH_WRONG,False,False
139,6,Neutral,6,6,6,6,BOTH_CORRECT,False,False
140,6,Neutral,6,2,0,2,EARLY_CORRECT_LATE_WRONG,False,False
141,3,Happy,3,3,3,3,BOTH_CORRECT,False,False
142,1,Disgust,0,0,0,0,BOTH_WRONG,False,False
143,4,Sad,4,2,2,4,EARLY_CORRECT_LATE_WRONG,False,True
144,4,Sad,4,2,2,2,EARLY_CORRECT_LATE_WRONG,False,False
145,6,Neutral,6,2,2,2,EARLY_CORRECT_LATE_WRONG,False,False
146,3,Happy,3,3,3,3,BOTH_CORRECT,False,False
147,3,Happy,3,4,4,4,EARLY_CORRECT_LATE_WRONG,False,False
148,3,Happy,3,3,3,3,BOTH_CORRECT,False,False
149,2,Fear,2,2,2,2,BOTH_CORRECT,False,False
150,2,Fear,4,4,4,4,BOTH_WRONG,False,False
151,0,Angry,0,2,2,2,EARLY_CORRECT_LATE_WRONG,False,False
152,5,Surprise,5,5,5,5,BOTH_CORRECT,False,False
153,3,Happy,3,3,3,3,BOTH_CORRECT,False,False
154,5,Surprise,5,5,5,5,BOTH_CORRECT,False,False
155,5,Surprise,5,5,5,5,BOTH_CORRECT,False,False
156,4,Sad,4,4,4,4,BOTH_CORRECT,False,False
157,5,Surprise,5,5,5,5,BOTH_CORRECT,False,False
158,0,Angry,0,0,0,0,BOTH_CORRECT,False,False
159,3,Happy,3,3,3,3,BOTH_CORRECT,False,False
160,0,Angry,0,0,2,0,BOTH_CORRECT,False,False
161,3,Happy,3,3,3,3,BOTH_CORRECT,False,False
162,3,Happy,3,3,3,3,BOTH_CORRECT,False,False
163,0,Angry,3,3,3,3,BOTH_WRONG,False,False
164,6,Neutral,2,0,0,4,BOTH_WRONG,False,False
165,6,Neutral,6,6,6,6,BOTH_CORRECT,False,False
166,3,Happy,6,6,6,6,BOTH_WRONG,False,False
167,4,Sad,0,0,4,0,BOTH_WRONG,False,False
168,5,Surprise,5,5,5,5,BOTH_CORRECT,False,False
169,3,Happy,6,6,6,6,BOTH_WRONG,False,False
170,6,Neutral,6,6,6,6,BOTH_CORRECT,False,False
171,4,Sad,4,4,4,4,BOTH_CORRECT,False,False
172,5,Surprise,5,5,5,5,BOTH_CORRECT,False,False
173,6,Neutral,6,6,6,6,BOTH_CORRECT,False,False
174,0,Angry,0,0,0,0,BOTH_CORRECT,False,False
175,0,Angry,6,4,4,4,BOTH_WRONG,False,False
176,0,Angry,0,0,0,0,BOTH_CORRECT,False,False
177,4,Sad,4,3,0,0,EARLY_CORRECT_LATE_WRONG,False,False
178,4,Sad,6,4,4,4,EARLY_WRONG_LATE_CORRECT,False,False
179,5,Surprise,5,5,5,5,BOTH_CORRECT,False,False
180,4,Sad,6,6,6,6,BOTH_WRONG,False,False
181,3,Happy,3,3,3,3,BOTH_CORRECT,False,False
182,5,Surprise,2,2,2,2,BOTH_WRONG,False,False
183,3,Happy,3,3,3,3,BOTH_CORRECT,False,False
184,3,Happy,6,3,3,3,EARLY_WRONG_LATE_CORRECT,False,False
185,0,Angry,2,2,0,0,BOTH_WRONG,False,False
186,4,Sad,4,4,6,4,BOTH_CORRECT,False,False
187,3,Happy,3,3,3,3,BOTH_CORRECT,False,False
188,3,Happy,3,3,3,3,BOTH_CORRECT,False,False
189,3,Happy,3,3,3,3,BOTH_CORRECT,False,False
190,4,Sad,4,4,4,4,BOTH_CORRECT,False,False
191,6,Neutral,0,6,6,6,EARLY_WRONG_LATE_CORRECT,False,False
192,5,Surprise,5,5,5,5,BOTH_CORRECT,False,False
193,5,Surprise,5,2,5,2,EARLY_CORRECT_LATE_WRONG,True,False
194,3,Happy,3,3,3,3,BOTH_CORRECT,False,False
195,6,Neutral,4,4,4,4,BOTH_WRONG,False,False
196,5,Surprise,5,5,5,5,BOTH_CORRECT,False,False
197,6,Neutral,6,3,3,3,EARLY_CORRECT_LATE_WRONG,False,False
198,0,Angry,0,0,0,0,BOTH_CORRECT,False,False
199,1,Disgust,0,0,0,0,BOTH_WRONG,False,False
200,3,Happy,6,6,3,6,BOTH_WRONG,False,False
201,6,Neutral,3,3,3,3,BOTH_WRONG,False,False
202,2,Fear,3,3,3,3,BOTH_WRONG,False,False
203,3,Happy,3,3,3,3,BOTH_CORRECT,False,False
204,6,Neutral,3,6,6,6,EARLY_WRONG_LATE_CORRECT,False,False
205,2,Fear,5,2,2,2,EARLY_WRONG_LATE_CORRECT,False,False
206,0,Angry,1,4,4,4,BOTH_WRONG,False,False
207,4,Sad,4,4,4,4,BOTH_CORRECT,False,False
208,2,Fear,4,2,2,2,EARLY_WRONG_LATE_CORRECT,False,False
209,2,Fear,6,2,2,2,EARLY_WRONG_LATE_CORRECT,False,False
210,6,Neutral,6,6,6,6,BOTH_CORRECT,False,False
211,0,Angry,4,4,4,4,BOTH_WRONG,False,False
212,4,Sad,0,0,0,0,BOTH_WRONG,False,False
213,4,Sad,4,4,4,4,BOTH_CORRECT,False,False
214,4,Sad,3,4,4,4,EARLY_WRONG_LATE_CORRECT,False,False
215,2,Fear,5,5,5,5,BOTH_WRONG,False,False
216,5,Surprise,2,2,2,2,BOTH_WRONG,False,False
217,4,Sad,4,4,4,4,BOTH_CORRECT,False,False
218,0,Angry,4,4,4,4,BOTH_WRONG,False,False
219,3,Happy,3,3,3,3,BOTH_CORRECT,False,False
220,3,Happy,3,3,3,3,BOTH_CORRECT,False,False
221,4,Sad,3,4,4,4,EARLY_WRONG_LATE_CORRECT,False,False
222,5,Surprise,5,5,5,5,BOTH_CORRECT,False,False
223,0,Angry,0,4,4,4,EARLY_CORRECT_LATE_WRONG,False,False
224,0,Angry,0,0,0,0,BOTH_CORRECT,False,False
225,3,Happy,3,3,3,3,BOTH_CORRECT,False,False
226,5,Surprise,5,5,5,5,BOTH_CORRECT,False,False
227,6,Neutral,2,0,0,0,BOTH_WRONG,False,False
228,4,Sad,0,0,0,0,BOTH_WRONG,False,False
229,3,Happy,0,3,3,2,EARLY_WRONG_LATE_CORRECT,False,False
230,1,Disgust,2,1,1,1,EARLY_WRONG_LATE_CORRECT,False,False
231,6,Neutral,0,6,6,6,EARLY_WRONG_LATE_CORRECT,False,False
232,5,Surprise,5,5,5,5,BOTH_CORRECT,False,False
233,2,Fear,2,2,2,2,BOTH_CORRECT,False,False
234,3,Happy,3,3,3,3,BOTH_CORRECT,False,False
235,4,Sad,6,4,4,4,EARLY_WRONG_LATE_CORRECT,False,False
236,3,Happy,3,3,3,3,BOTH_CORRECT,False,False
237,0,Angry,0,4,1,4,EARLY_CORRECT_LATE_WRONG,False,False
238,0,Angry,0,0,0,0,BOTH_CORRECT,False,False
239,6,Neutral,6,6,6,6,BOTH_CORRECT,False,False
240,3,Happy,3,3,3,3,BOTH_CORRECT,False,False
241,6,Neutral,6,6,6,6,BOTH_CORRECT,False,False
242,6,Neutral,6,6,6,6,BOTH_CORRECT,False,False
243,0,Angry,0,0,0,0,BOTH_CORRECT,False,False
244,1,Disgust,1,1,1,1,BOTH_CORRECT,False,False
245,3,Happy,3,3,3,3,BOTH_CORRECT,False,False
246,3,Happy,3,3,3,3,BOTH_CORRECT,False,False
247,3,Happy,3,3,3,3,BOTH_CORRECT,False,False
248,0,Angry,0,0,0,0,BOTH_CORRECT,False,False
249,6,Neutral,0,0,0,0,BOTH_WRONG,False,False
250,4,Sad,6,4,4,4,EARLY_WRONG_LATE_CORRECT,False,False
251,2,Fear,5,4,4,4,BOTH_WRONG,False,False
252,4,Sad,0,0,0,0,BOTH_WRONG,False,False
253,3,Happy,2,3,3,5,EARLY_WRONG_LATE_CORRECT,False,False
254,3,Happy,3,3,3,3,BOTH_CORRECT,False,False
255,6,Neutral,6,6,6,6,BOTH_CORRECT,False,False
256,5,Surprise,0,5,5,5,EARLY_WRONG_LATE_CORRECT,False,False
257,4,Sad,4,4,4,4,BOTH_CORRECT,False,False
258,2,Fear,2,2,2,2,BOTH_CORRECT,False,False
259,6,Neutral,6,6,6,6,BOTH_CORRECT,False,False
260,0,Angry,0,0,0,0,BOTH_CORRECT,False,False
261,1,Disgust,2,0,4,4,BOTH_WRONG,False,False
262,0,Angry,2,2,2,2,BOTH_WRONG,False,False
263,6,Neutral,6,6,6,6,BOTH_CORRECT,False,False
264,2,Fear,2,2,2,2,BOTH_CORRECT,False,False
265,0,Angry,0,0,0,0,BOTH_CORRECT,False,False
266,0,Angry,2,2,2,2,BOTH_WRONG,False,False
267,3,Happy,3,3,3,3,BOTH_CORRECT,False,False
268,3,Happy,3,3,3,3,BOTH_CORRECT,False,False
269,4,Sad,4,4,4,4,BOTH_CORRECT,False,False
270,2,Fear,2,6,6,6,EARLY_CORRECT_LATE_WRONG,False,False
271,6,Neutral,6,6,6,6,BOTH_CORRECT,False,False
272,5,Surprise,0,5,5,5,EARLY_WRONG_LATE_CORRECT,False,False
273,3,Happy,3,3,3,3,BOTH_CORRECT,False,False
274,5,Surprise,5,5,5,5,BOTH_CORRECT,False,False
275,3,Happy,3,3,3,3,BOTH_CORRECT,False,False
276,4,Sad,2,4,4,4,EARLY_WRONG_LATE_CORRECT,False,False
277,5,Surprise,5,5,5,5,BOTH_CORRECT,False,False
278,1,Disgust,0,0,0,0,BOTH_WRONG,False,False
279,6,Neutral,0,4,6,4,BOTH_WRONG,False,False
280,3,Happy,3,3,3,3,BOTH_CORRECT,False,False
281,3,Happy,5,5,5,5,BOTH_WRONG,False,False
282,6,Neutral,4,6,6,6,EARLY_WRONG_LATE_CORRECT,False,False
283,2,Fear,2,2,2,2,BOTH_CORRECT,False,False
284,4,Sad,4,4,4,4,BOTH_CORRECT,False,False
285,0,Angry,6,6,6,6,BOTH_WRONG,False,False
286,0,Angry,4,2,2,2,BOTH_WRONG,False,False
287,0,Angry,0,0,0,0,BOTH_CORRECT,False,False
288,6,Neutral,4,4,2,2,BOTH_WRONG,False,False
289,2,Fear,6,2,2,2,EARLY_WRONG_LATE_CORRECT,False,False
290,5,Surprise,2,5,5,5,EARLY_WRONG_LATE_CORRECT,False,False
291,3,Happy,3,3,3,3,BOTH_CORRECT,False,False
292,6,Neutral,6,6,6,6,BOTH_CORRECT,False,False
293,4,Sad,2,2,4,2,BOTH_WRONG,False,False
294,3,Happy,3,3,3,3,BOTH_CORRECT,False,False
295,6,Neutral,4,6,6,6,EARLY_WRONG_LATE_CORRECT,False,False
296,2,Fear,4,2,2,2,EARLY_WRONG_LATE_CORRECT,False,False
297,6,Neutral,6,6,6,6,BOTH_CORRECT,False,False
298,6,Neutral,2,0,4,0,BOTH_WRONG,False,False
299,5,Surprise,3,3,3,3,BOTH_WRONG,False,False
300,6,Neutral,3,3,3,3,BOTH_WRONG,False,False
301,4,Sad,2,0,0,0,BOTH_WRONG,False,False
302,2,Fear,0,2,2,2,EARLY_WRONG_LATE_CORRECT,False,False
303,3,Happy,3,3,3,3,BOTH_CORRECT,False,False
304,0,Angry,3,0,0,2,EARLY_WRONG_LATE_CORRECT,False,False
305,3,Happy,3,3,3,3,BOTH_CORRECT,False,False
306,5,Surprise,5,5,5,5,BOTH_CORRECT,False,False
307,3,Happy,3,3,3,3,BOTH_CORRECT,False,False
308,3,Happy,3,3,3,3,BOTH_CORRECT,False,False
309,3,Happy,3,3,3,3,BOTH_CORRECT,False,False
310,3,Happy,3,3,3,3,BOTH_CORRECT,False,False
311,3,Happy,0,0,0,0,BOTH_WRONG,False,False
312,2,Fear,4,6,6,6,BOTH_WRONG,False,False
313,6,Neutral,6,3,3,3,EARLY_CORRECT_LATE_WRONG,False,False
314,1,Disgust,1,1,1,1,BOTH_CORRECT,False,False
315,0,Angry,3,3,3,3,BOTH_WRONG,False,False
316,4,Sad,4,4,4,4,BOTH_CORRECT,False,False
317,2,Fear,2,2,2,2,BOTH_CORRECT,False,False
318,2,Fear,2,2,2,2,BOTH_CORRECT,False,False
319,3,Happy,3,3,3,3,BOTH_CORRECT,False,False
320,4,Sad,4,4,4,4,BOTH_CORRECT,False,False
321,2,Fear,2,4,4,4,EARLY_CORRECT_LATE_WRONG,False,False
322,3,Happy,3,3,3,3,BOTH_CORRECT,False,False
323,6,Neutral,6,6,6,6,BOTH_CORRECT,False,False
324,0,Angry,0,0,0,0,BOTH_CORRECT,False,False
325,4,Sad,6,0,0,0,BOTH_WRONG,False,False
326,0,Angry,6,4,4,4,BOTH_WRONG,False,False
327,3,Happy,3,3,3,3,BOTH_CORRECT,False,False
328,3,Happy,3,3,3,3,BOTH_CORRECT,False,False
329,5,Surprise,2,2,2,5,BOTH_WRONG,False,False
330,3,Happy,3,3,3,3,BOTH_CORRECT,False,False
331,3,Happy,3,3,3,3,BOTH_CORRECT,False,False
332,0,Angry,0,0,0,0,BOTH_CORRECT,False,False
333,3,Happy,3,3,3,3,BOTH_CORRECT,False,False
334,2,Fear,2,2,2,2,BOTH_CORRECT,False,False
335,3,Happy,3,3,3,3,BOTH_CORRECT,False,False
336,5,Surprise,2,2,2,2,BOTH_WRONG,False,False
337,4,Sad,4,6,6,4,EARLY_CORRECT_LATE_WRONG,False,True
338,0,Angry,0,0,0,0,BOTH_CORRECT,False,False
339,3,Happy,3,3,3,3,BOTH_CORRECT,False,False
340,4,Sad,4,4,4,0,BOTH_CORRECT,False,False
341,5,Surprise,5,5,5,5,BOTH_CORRECT,False,False
342,2,Fear,6,6,6,6,BOTH_WRONG,False,False
343,4,Sad,2,4,4,4,EARLY_WRONG_LATE_CORRECT,False,False
344,0,Angry,2,0,2,2,EARLY_WRONG_LATE_CORRECT,False,False
345,6,Neutral,6,4,4,4,EARLY_CORRECT_LATE_WRONG,False,False
346,6,Neutral,3,3,3,3,BOTH_WRONG,False,False
347,3,Happy,3,3,3,3,BOTH_CORRECT,False,False
348,2,Fear,2,4,4,2,EARLY_CORRECT_LATE_WRONG,False,True
349,4,Sad,4,4,4,4,BOTH_CORRECT,False,False
350,6,Neutral,4,3,3,3,BOTH_WRONG,False,False
351,0,Angry,0,0,0,0,BOTH_CORRECT,False,False
352,6,Neutral,6,6,6,6,BOTH_CORRECT,False,False
353,3,Happy,3,3,3,3,BOTH_CORRECT,False,False
354,4,Sad,6,4,4,4,EARLY_WRONG_LATE_CORRECT,False,False
355,4,Sad,4,4,4,1,BOTH_CORRECT,False,False
356,3,Happy,3,3,3,3,BOTH_CORRECT,False,False
357,0,Angry,0,0,0,0,BOTH_CORRECT,False,False
358,3,Happy,3,3,3,3,BOTH_CORRECT,False,False
359,2,Fear,2,2,2,2,BOTH_CORRECT,False,False
360,2,Fear,3,4,4,4,BOTH_WRONG,False,False
361,2,Fear,5,5,5,5,BOTH_WRONG,False,False
362,3,Happy,3,3,3,3,BOTH_CORRECT,False,False
363,6,Neutral,6,6,6,6,BOTH_CORRECT,False,False
364,5,Surprise,5,5,5,5,BOTH_CORRECT,False,False
365,3,Happy,3,3,3,3,BOTH_CORRECT,False,False
366,3,Happy,3,3,3,3,BOTH_CORRECT,False,False
367,3,Happy,3,3,3,3,BOTH_CORRECT,False,False
368,2,Fear,2,2,2,2,BOTH_CORRECT,False,False
369,4,Sad,0,0,0,0,BOTH_WRONG,False,False
370,3,Happy,3,6,6,6,EARLY_CORRECT_LATE_WRONG,False,False
371,6,Neutral,6,6,6,6,BOTH_CORRECT,False,False
372,4,Sad,4,4,4,4,BOTH_CORRECT,False,False
373,4,Sad,2,2,4,2,BOTH_WRONG,False,False
374,4,Sad,4,4,4,4,BOTH_CORRECT,False,False
375,2,Fear,4,2,2,2,EARLY_WRONG_LATE_CORRECT,False,False
376,0,Angry,0,0,0,0,BOTH_CORRECT,False,False
377,5,Surprise,5,5,5,5,BOTH_CORRECT,False,False
378,4,Sad,4,4,4,4,BOTH_CORRECT,False,False
379,4,Sad,4,4,4,4,BOTH_CORRECT,False,False
380,0,Angry,2,6,6,6,BOTH_WRONG,False,False
381,5,Surprise,2,2,2,2,BOTH_WRONG,False,False
382,3,Happy,3,3,3,3,BOTH_CORRECT,False,False
383,2,Fear,2,4,4,2,EARLY_CORRECT_LATE_WRONG,False,True
384,3,Happy,3,3,3,3,BOTH_CORRECT,False,False
385,6,Neutral,6,4,4,4,EARLY_CORRECT_LATE_WRONG,False,False
386,3,Happy,3,3,3,3,BOTH_CORRECT,False,False
387,5,Surprise,5,5,5,5,BOTH_CORRECT,False,False
388,4,Sad,6,6,6,6,BOTH_WRONG,False,False
389,1,Disgust,0,0,0,0,BOTH_WRONG,False,False
390,6,Neutral,6,4,4,4,EARLY_CORRECT_LATE_WRONG,False,False
391,6,Neutral,6,3,3,3,EARLY_CORRECT_LATE_WRONG,False,False
392,3,Happy,3,3,3,3,BOTH_CORRECT,False,False
393,5,Surprise,5,5,5,5,BOTH_CORRECT,False,False
394,0,Angry,0,0,0,0,BOTH_CORRECT,False,False
395,5,Surprise,5,5,5,5,BOTH_CORRECT,False,False
396,2,Fear,2,2,2,2,BOTH_CORRECT,False,False
397,2,Fear,2,2,2,2,BOTH_CORRECT,False,False
398,2,Fear,4,6,6,6,BOTH_WRONG,False,False
399,0,Angry,0,0,0,0,BOTH_CORRECT,False,False
400,0,Angry,4,0,0,0,EARLY_WRONG_LATE_CORRECT,False,False
401,5,Surprise,5,5,5,5,BOTH_CORRECT,False,False
402,3,Happy,3,3,3,3,BOTH_CORRECT,False,False
403,4,Sad,3,3,3,3,BOTH_WRONG,False,False
404,2,Fear,5,2,2,2,EARLY_WRONG_LATE_CORRECT,False,False
405,4,Sad,6,6,6,6,BOTH_WRONG,False,False
406,5,Surprise,5,5,5,5,BOTH_CORRECT,False,False
407,5,Surprise,5,5,5,5,BOTH_CORRECT,False,False
408,5,Surprise,5,5,5,5,BOTH_CORRECT,False,False
409,5,Surprise,5,5,5,5,BOTH_CORRECT,False,False
410,0,Angry,3,0,0,0,EARLY_WRONG_LATE_CORRECT,False,False
411,5,Surprise,5,5,5,5,BOTH_CORRECT,False,False
412,4,Sad,6,4,4,4,EARLY_WRONG_LATE_CORRECT,False,False
413,3,Happy,3,3,3,3,BOTH_CORRECT,False,False
414,3,Happy,3,3,3,3,BOTH_CORRECT,False,False
415,3,Happy,6,6,6,6,BOTH_WRONG,False,False
416,6,Neutral,4,4,4,4,BOTH_WRONG,False,False
417,2,Fear,0,2,2,2,EARLY_WRONG_LATE_CORRECT,False,False
418,5,Surprise,5,5,5,5,BOTH_CORRECT,False,False
419,4,Sad,4,4,4,4,BOTH_CORRECT,False,False
420,6,Neutral,6,6,6,6,BOTH_CORRECT,False,False
421,3,Happy,3,3,3,3,BOTH_CORRECT,False,False
422,5,Surprise,2,3,3,3,BOTH_WRONG,False,False
423,0,Angry,0,0,0,0,BOTH_CORRECT,False,False
424,6,Neutral,6,0,0,6,EARLY_CORRECT_LATE_WRONG,False,True
425,0,Angry,0,0,0,0,BOTH_CORRECT,False,False
426,4,Sad,2,0,0,0,BOTH_WRONG,False,False
427,3,Happy,3,3,3,3,BOTH_CORRECT,False,False
428,3,Happy,3,3,3,3,BOTH_CORRECT,False,False
429,4,Sad,4,6,6,6,EARLY_CORRECT_LATE_WRONG,False,False
430,4,Sad,2,2,2,4,BOTH_WRONG,False,False
431,4,Sad,4,6,6,6,EARLY_CORRECT_LATE_WRONG,False,False
432,4,Sad,2,2,2,2,BOTH_WRONG,False,False
433,6,Neutral,6,6,6,6,BOTH_CORRECT,False,False
434,3,Happy,6,6,6,6,BOTH_WRONG,False,False
435,6,Neutral,2,6,6,6,EARLY_WRONG_LATE_CORRECT,False,False
436,6,Neutral,6,3,3,3,EARLY_CORRECT_LATE_WRONG,False,False
437,2,Fear,2,2,2,2,BOTH_CORRECT,False,False
438,3,Happy,6,6,6,6,BOTH_WRONG,False,False
439,0,Angry,4,0,4,0,EARLY_WRONG_LATE_CORRECT,False,False
440,0,Angry,4,4,4,4,BOTH_WRONG,False,False
441,4,Sad,0,0,0,0,BOTH_WRONG,False,False
442,6,Neutral,6,6,6,6,BOTH_CORRECT,False,False
443,2,Fear,2,2,2,2,BOTH_CORRECT,False,False
444,0,Angry,6,6,6,6,BOTH_WRONG,False,False
445,2,Fear,4,2,2,2,EARLY_WRONG_LATE_CORRECT,False,False
446,0,Angry,0,0,0,0,BOTH_CORRECT,False,False
447,5,Surprise,3,3,3,3,BOTH_WRONG,False,False
448,2,Fear,0,0,0,0,BOTH_WRONG,False,False
449,1,Disgust,1,1,1,1,BOTH_CORRECT,False,False
450,0,Angry,0,0,0,0,BOTH_CORRECT,False,False
451,3,Happy,3,3,3,3,BOTH_CORRECT,False,False
452,6,Neutral,3,4,4,4,BOTH_WRONG,False,False
453,4,Sad,4,6,6,6,EARLY_CORRECT_LATE_WRONG,False,False
454,4,Sad,4,4,4,4,BOTH_CORRECT,False,False
455,5,Surprise,5,5,5,5,BOTH_CORRECT,False,False
456,2,Fear,2,2,2,2,BOTH_CORRECT,False,False
457,4,Sad,2,4,4,4,EARLY_WRONG_LATE_CORRECT,False,False
458,0,Angry,0,0,0,0,BOTH_CORRECT,False,False
459,6,Neutral,6,6,6,6,BOTH_CORRECT,False,False
460,5,Surprise,5,5,5,5,BOTH_CORRECT,False,False
461,5,Surprise,5,5,5,5,BOTH_CORRECT,False,False
462,0,Angry,0,0,0,0,BOTH_CORRECT,False,False
463,3,Happy,3,3,3,3,BOTH_CORRECT,False,False
464,6,Neutral,6,6,6,6,BOTH_CORRECT,False,False
465,4,Sad,6,6,6,6,BOTH_WRONG,False,False
466,2,Fear,2,2,0,4,BOTH_CORRECT,False,False
467,6,Neutral,3,3,3,3,BOTH_WRONG,False,False
468,3,Happy,3,3,3,3,BOTH_CORRECT,False,False
469,2,Fear,4,2,2,2,EARLY_WRONG_LATE_CORRECT,False,False
470,3,Happy,3,3,3,3,BOTH_CORRECT,False,False
471,5,Surprise,5,5,5,5,BOTH_CORRECT,False,False
472,6,Neutral,2,0,4,4,BOTH_WRONG,False,False
473,6,Neutral,4,2,2,2,BOTH_WRONG,False,False
474,6,Neutral,6,6,6,6,BOTH_CORRECT,False,False
475,1,Disgust,0,1,1,1,EARLY_WRONG_LATE_CORRECT,False,False
476,3,Happy,3,6,6,6,EARLY_CORRECT_LATE_WRONG,False,False
477,6,Neutral,6,6,6,6,BOTH_CORRECT,False,False
478,2,Fear,4,2,2,2,EARLY_WRONG_LATE_CORRECT,False,False
479,4,Sad,4,4,4,4,BOTH_CORRECT,False,False
480,0,Angry,0,0,0,6,BOTH_CORRECT,False,False
481,6,Neutral,3,4,6,4,BOTH_WRONG,False,False
482,3,Happy,6,6,6,6,BOTH_WRONG,False,False
483,0,Angry,4,0,0,0,EARLY_WRONG_LATE_CORRECT,False,False
484,6,Neutral,4,4,6,6,BOTH_WRONG,False,False
485,4,Sad,2,2,2,2,BOTH_WRONG,False,False
486,6,Neutral,6,6,6,6,BOTH_CORRECT,False,False
487,5,Surprise,5,5,5,5,BOTH_CORRECT,False,False
488,3,Happy,3,3,3,3,BOTH_CORRECT,False,False
489,6,Neutral,3,6,6,6,EARLY_WRONG_LATE_CORRECT,False,False
490,2,Fear,2,0,0,0,EARLY_CORRECT_LATE_WRONG,False,False
491,2,Fear,4,4,4,4,BOTH_WRONG,False,False
492,3,Happy,3,3,3,3,BOTH_CORRECT,False,False
493,0,Angry,0,0,0,0,BOTH_CORRECT,False,False
494,4,Sad,4,4,4,4,BOTH_CORRECT,False,False
495,4,Sad,4,4,4,4,BOTH_CORRECT,False,False
496,5,Surprise,5,5,5,5,BOTH_CORRECT,False,False
497,4,Sad,2,2,2,2,BOTH_WRONG,False,False
498,4,Sad,4,4,4,4,BOTH_CORRECT,False,False
499,2,Fear,5,5,5,5,BOTH_WRONG,False,False
500,6,Neutral,6,6,6,6,BOTH_CORRECT,False,False
501,2,Fear,2,0,0,0,EARLY_CORRECT_LATE_WRONG,False,False
502,3,Happy,3,3,3,3,BOTH_CORRECT,False,False
503,5,Surprise,5,5,5,5,BOTH_CORRECT,False,False
504,0,Angry,2,2,2,2,BOTH_WRONG,False,False
505,3,Happy,3,3,3,3,BOTH_CORRECT,False,False
506,3,Happy,6,6,3,3,BOTH_WRONG,False,False
507,6,Neutral,6,6,6,6,BOTH_CORRECT,False,False
508,0,Angry,2,2,2,2,BOTH_WRONG,False,False
509,4,Sad,4,4,4,4,BOTH_CORRECT,False,False
510,2,Fear,2,0,0,0,EARLY_CORRECT_LATE_WRONG,False,False
511,3,Happy,3,3,3,3,BOTH_CORRECT,False,False
512,0,Angry,0,0,0,0,BOTH_CORRECT,False,False
513,5,Surprise,5,4,4,4,EARLY_CORRECT_LATE_WRONG,False,False
514,2,Fear,0,0,0,0,BOTH_WRONG,False,False
515,3,Happy,3,3,3,3,BOTH_CORRECT,False,False
516,5,Surprise,5,5,5,5,BOTH_CORRECT,False,False
517,4,Sad,3,4,4,4,EARLY_WRONG_LATE_CORRECT,False,False
518,0,Angry,0,0,0,0,BOTH_CORRECT,False,False
519,4,Sad,4,4,4,2,BOTH_CORRECT,False,False
520,3,Happy,3,3,3,3,BOTH_CORRECT,False,False
521,6,Neutral,6,6,6,6,BOTH_CORRECT,False,False
522,4,Sad,6,2,4,4,BOTH_WRONG,False,False
523,6,Neutral,6,6,6,6,BOTH_CORRECT,False,False
524,3,Happy,3,3,3,3,BOTH_CORRECT,False,False
525,3,Happy,3,3,3,3,BOTH_CORRECT,False,False
526,3,Happy,3,3,3,3,BOTH_CORRECT,False,False
527,5,Surprise,5,5,5,5,BOTH_CORRECT,False,False
528,4,Sad,2,4,4,4,EARLY_WRONG_LATE_CORRECT,False,False
529,2,Fear,0,0,0,0,BOTH_WRONG,False,False
530,0,Angry,4,3,3,3,BOTH_WRONG,False,False
531,3,Happy,3,3,3,3,BOTH_CORRECT,False,False
532,5,Surprise,5,5,5,5,BOTH_CORRECT,False,False
533,5,Surprise,5,5,5,5,BOTH_CORRECT,False,False
534,4,Sad,5,5,0,0,BOTH_WRONG,False,False
535,6,Neutral,6,6,6,6,BOTH_CORRECT,False,False
536,6,Neutral,4,6,6,4,EARLY_WRONG_LATE_CORRECT,False,False
537,6,Neutral,6,6,6,6,BOTH_CORRECT,False,False
538,5,Surprise,5,5,5,5,BOTH_CORRECT,False,False
539,3,Happy,6,6,6,6,BOTH_WRONG,False,False
540,2,Fear,0,4,0,2,BOTH_WRONG,False,False
541,6,Neutral,6,6,6,6,BOTH_CORRECT,False,False
542,4,Sad,6,6,6,6,BOTH_WRONG,False,False
543,3,Happy,4,4,2,6,BOTH_WRONG,False,False
544,5,Surprise,3,5,5,5,EARLY_WRONG_LATE_CORRECT,False,False
545,0,Angry,2,2,2,2,BOTH_WRONG,False,False
546,2,Fear,6,6,6,6,BOTH_WRONG,False,False
547,6,Neutral,4,6,6,6,EARLY_WRONG_LATE_CORRECT,False,False
548,3,Happy,3,3,3,3,BOTH_CORRECT,False,False
549,3,Happy,3,3,3,3,BOTH_CORRECT,False,False
550,0,Angry,2,2,2,2,BOTH_WRONG,False,False
551,2,Fear,4,4,4,4,BOTH_WRONG,False,False
552,4,Sad,4,4,4,4,BOTH_CORRECT,False,False
553,2,Fear,4,0,0,0,BOTH_WRONG,False,False
554,0,Angry,0,0,0,0,BOTH_CORRECT,False,False
555,4,Sad,4,4,4,4,BOTH_CORRECT,False,False
556,2,Fear,6,2,2,2,EARLY_WRONG_LATE_CORRECT,False,False
557,0,Angry,0,0,0,0,BOTH_CORRECT,False,False
558,0,Angry,0,0,0,0,BOTH_CORRECT,False,False
559,6,Neutral,4,4,4,4,BOTH_WRONG,False,False
560,1,Disgust,1,1,1,1,BOTH_CORRECT,False,False
561,4,Sad,0,0,0,0,BOTH_WRONG,False,False
562,5,Surprise,5,5,5,5,BOTH_CORRECT,False,False
563,0,Angry,0,0,0,0,BOTH_CORRECT,False,False
564,2,Fear,2,2,2,2,BOTH_CORRECT,False,False
565,5,Surprise,5,5,5,5,BOTH_CORRECT,False,False
566,6,Neutral,6,6,6,6,BOTH_CORRECT,False,False
567,5,Surprise,5,5,5,5,BOTH_CORRECT,False,False
568,2,Fear,2,4,4,4,EARLY_CORRECT_LATE_WRONG,False,False
569,0,Angry,2,0,6,0,EARLY_WRONG_LATE_CORRECT,False,False
570,0,Angry,0,0,0,0,BOTH_CORRECT,False,False
571,3,Happy,3,3,3,3,BOTH_CORRECT,False,False
572,6,Neutral,6,6,6,6,BOTH_CORRECT,False,False
573,0,Angry,0,4,4,4,EARLY_CORRECT_LATE_WRONG,False,False
574,5,Surprise,2,5,5,5,EARLY_WRONG_LATE_CORRECT,False,False
575,2,Fear,3,3,3,2,BOTH_WRONG,False,False
576,2,Fear,2,4,4,4,EARLY_CORRECT_LATE_WRONG,False,False
577,3,Happy,3,3,3,3,BOTH_CORRECT,False,False
578,2,Fear,6,2,6,6,EARLY_WRONG_LATE_CORRECT,False,False
579,5,Surprise,4,0,6,0,BOTH_WRONG,False,False
580,2,Fear,4,4,4,4,BOTH_WRONG,False,False
581,3,Happy,2,3,3,3,EARLY_WRONG_LATE_CORRECT,False,False
582,2,Fear,2,2,2,2,BOTH_CORRECT,False,False
583,3,Happy,3,3,3,3,BOTH_CORRECT,False,False
584,5,Surprise,5,5,5,5,BOTH_CORRECT,False,False
585,2,Fear,3,4,4,4,BOTH_WRONG,False,False
586,4,Sad,4,4,4,4,BOTH_CORRECT,False,False
587,5,Surprise,5,5,5,5,BOTH_CORRECT,False,False
588,6,Neutral,6,6,6,6,BOTH_CORRECT,False,False
589,4,Sad,4,4,4,4,BOTH_CORRECT,False,False
590,6,Neutral,3,6,6,6,EARLY_WRONG_LATE_CORRECT,False,False
591,3,Happy,3,3,3,3,BOTH_CORRECT,False,False
592,4,Sad,4,4,4,4,BOTH_CORRECT,False,False
593,6,Neutral,6,6,6,6,BOTH_CORRECT,False,False
594,3,Happy,3,3,3,3,BOTH_CORRECT,False,False
595,6,Neutral,3,6,6,6,EARLY_WRONG_LATE_CORRECT,False,False
596,4,Sad,0,4,1,1,EARLY_WRONG_LATE_CORRECT,False,False
597,4,Sad,4,0,0,0,EARLY_CORRECT_LATE_WRONG,False,False
598,4,Sad,2,4,4,4,EARLY_WRONG_LATE_CORRECT,False,False
599,0,Angry,4,6,6,4,BOTH_WRONG,False,False
600,4,Sad,4,4,4,4,BOTH_CORRECT,False,False
601,6,Neutral,6,4,4,4,EARLY_CORRECT_LATE_WRONG,False,False
602,6,Neutral,6,6,6,6,BOTH_CORRECT,False,False
603,6,Neutral,3,3,3,3,BOTH_WRONG,False,False
604,3,Happy,3,3,3,3,BOTH_CORRECT,False,False
605,4,Sad,0,4,4,4,EARLY_WRONG_LATE_CORRECT,False,False
606,2,Fear,0,0,0,0,BOTH_WRONG,False,False
607,4,Sad,4,4,4,4,BOTH_CORRECT,False,False
608,4,Sad,6,4,4,4,EARLY_WRONG_LATE_CORRECT,False,False
609,4,Sad,4,4,4,4,BOTH_CORRECT,False,False
610,0,Angry,6,0,0,3,EARLY_WRONG_LATE_CORRECT,False,False
611,5,Surprise,5,5,5,5,BOTH_CORRECT,False,False
612,3,Happy,3,3,3,3,BOTH_CORRECT,False,False
613,4,Sad,4,4,4,4,BOTH_CORRECT,False,False
614,5,Surprise,5,5,5,5,BOTH_CORRECT,False,False
615,6,Neutral,6,6,6,6,BOTH_CORRECT,False,False
616,0,Angry,0,0,0,0,BOTH_CORRECT,False,False
617,6,Neutral,6,6,6,6,BOTH_CORRECT,False,False
618,2,Fear,4,4,4,4,BOTH_WRONG,False,False
619,2,Fear,2,2,2,2,BOTH_CORRECT,False,False
620,3,Happy,3,3,3,3,BOTH_CORRECT,False,False
621,2,Fear,4,6,6,6,BOTH_WRONG,False,False
622,4,Sad,4,4,4,4,BOTH_CORRECT,False,False
623,3,Happy,3,3,3,3,BOTH_CORRECT,False,False
624,3,Happy,3,3,3,3,BOTH_CORRECT,False,False
625,3,Happy,3,3,3,3,BOTH_CORRECT,False,False
626,4,Sad,4,4,4,4,BOTH_CORRECT,False,False
627,2,Fear,2,2,2,2,BOTH_CORRECT,False,False
628,3,Happy,6,6,6,6,BOTH_WRONG,False,False
629,3,Happy,3,3,3,3,BOTH_CORRECT,False,False
630,6,Neutral,6,2,6,4,EARLY_CORRECT_LATE_WRONG,True,False
631,3,Happy,3,3,3,3,BOTH_CORRECT,False,False
632,0,Angry,0,0,0,0,BOTH_CORRECT,False,False
633,4,Sad,0,2,0,2,BOTH_WRONG,False,False
634,3,Happy,5,3,3,3,EARLY_WRONG_LATE_CORRECT,False,False
635,0,Angry,0,2,2,2,EARLY_CORRECT_LATE_WRONG,False,False
636,5,Surprise,5,5,5,5,BOTH_CORRECT,False,False
637,2,Fear,0,2,2,2,EARLY_WRONG_LATE_CORRECT,False,False
638,0,Angry,0,0,0,0,BOTH_CORRECT,False,False
639,0,Angry,0,4,0,4,EARLY_CORRECT_LATE_WRONG,True,False
640,2,Fear,5,2,5,5,EARLY_WRONG_LATE_CORRECT,False,False
641,4,Sad,3,4,4,4,EARLY_WRONG_LATE_CORRECT,False,False
642,3,Happy,3,3,3,3,BOTH_CORRECT,False,False
643,6,Neutral,3,0,0,0,BOTH_WRONG,False,False
644,3,Happy,3,3,3,3,BOTH_CORRECT,False,False
645,5,Surprise,4,0,4,0,BOTH_WRONG,False,False
646,3,Happy,3,3,3,3,BOTH_CORRECT,False,False
647,5,Surprise,5,2,2,5,EARLY_CORRECT_LATE_WRONG,False,True
648,5,Surprise,5,5,5,5,BOTH_CORRECT,False,False
649,3,Happy,3,3,3,3,BOTH_CORRECT,False,False
650,2,Fear,2,2,2,2,BOTH_CORRECT,False,False
651,2,Fear,2,2,2,2,BOTH_CORRECT,False,False
652,2,Fear,3,6,3,3,BOTH_WRONG,False,False
653,3,Happy,3,3,3,3,BOTH_CORRECT,False,False
654,2,Fear,6,6,6,6,BOTH_WRONG,False,False
655,2,Fear,5,2,2,2,EARLY_WRONG_LATE_CORRECT,False,False
656,3,Happy,3,3,3,3,BOTH_CORRECT,False,False
657,2,Fear,3,6,6,6,BOTH_WRONG,False,False
658,4,Sad,6,6,6,6,BOTH_WRONG,False,False
659,5,Surprise,5,5,5,5,BOTH_CORRECT,False,False
660,4,Sad,4,2,2,2,EARLY_CORRECT_LATE_WRONG,False,False
661,3,Happy,3,3,3,3,BOTH_CORRECT,False,False
662,3,Happy,3,3,3,3,BOTH_CORRECT,False,False
663,3,Happy,5,3,3,3,EARLY_WRONG_LATE_CORRECT,False,False
664,3,Happy,3,3,3,3,BOTH_CORRECT,False,False
665,5,Surprise,5,5,5,5,BOTH_CORRECT,False,False
666,6,Neutral,5,6,6,6,EARLY_WRONG_LATE_CORRECT,False,False
667,2,Fear,2,2,2,2,BOTH_CORRECT,False,False
668,4,Sad,4,4,4,4,BOTH_CORRECT,False,False
669,0,Angry,0,0,0,0,BOTH_CORRECT,False,False
670,4,Sad,4,6,6,6,EARLY_CORRECT_LATE_WRONG,False,False
671,6,Neutral,3,6,6,3,EARLY_WRONG_LATE_CORRECT,False,False
672,4,Sad,6,6,6,6,BOTH_WRONG,False,False
673,2,Fear,0,2,2,2,EARLY_WRONG_LATE_CORRECT,False,False
674,4,Sad,4,2,4,4,EARLY_CORRECT_LATE_WRONG,True,True
675,6,Neutral,6,4,4,4,EARLY_CORRECT_LATE_WRONG,False,False
676,0,Angry,0,0,0,0,BOTH_CORRECT,False,False
677,4,Sad,0,0,0,0,BOTH_WRONG,False,False
678,4,Sad,0,6,6,6,BOTH_WRONG,False,False
679,6,Neutral,6,6,6,6,BOTH_CORRECT,False,False
680,2,Fear,2,2,2,2,BOTH_CORRECT,False,False
681,2,Fear,2,2,2,2,BOTH_CORRECT,False,False
682,5,Surprise,2,5,5,5,EARLY_WRONG_LATE_CORRECT,False,False
683,6,Neutral,3,6,6,0,EARLY_WRONG_LATE_CORRECT,False,False
684,4,Sad,2,2,2,2,BOTH_WRONG,False,False
685,6,Neutral,6,3,6,3,EARLY_CORRECT_LATE_WRONG,True,False
686,6,Neutral,6,6,6,6,BOTH_CORRECT,False,False
687,3,Happy,3,3,3,3,BOTH_CORRECT,False,False
688,6,Neutral,6,6,6,6,BOTH_CORRECT,False,False
689,3,Happy,3,3,3,3,BOTH_CORRECT,False,False
690,3,Happy,3,3,3,3,BOTH_CORRECT,False,False
691,5,Surprise,0,2,2,2,BOTH_WRONG,False,False
692,4,Sad,4,4,4,4,BOTH_CORRECT,False,False
693,5,Surprise,0,0,0,0,BOTH_WRONG,False,False
694,6,Neutral,6,3,3,3,EARLY_CORRECT_LATE_WRONG,False,False
695,3,Happy,4,3,3,3,EARLY_WRONG_LATE_CORRECT,False,False
696,2,Fear,2,2,2,2,BOTH_CORRECT,False,False
697,3,Happy,3,3,3,3,BOTH_CORRECT,False,False
698,2,Fear,0,0,0,0,BOTH_WRONG,False,False
699,0,Angry,0,0,0,0,BOTH_CORRECT,False,False
700,2,Fear,2,5,5,5,EARLY_CORRECT_LATE_WRONG,False,False
701,3,Happy,3,3,3,3,BOTH_CORRECT,False,False
702,2,Fear,2,0,0,0,EARLY_CORRECT_LATE_WRONG,False,False
703,4,Sad,4,4,4,4,BOTH_CORRECT,False,False
704,5,Surprise,5,5,5,5,BOTH_CORRECT,False,False
705,0,Angry,4,0,4,0,EARLY_WRONG_LATE_CORRECT,False,False
706,3,Happy,3,3,3,3,BOTH_CORRECT,False,False
707,0,Angry,0,6,6,2,EARLY_CORRECT_LATE_WRONG,False,False
708,3,Happy,3,3,3,3,BOTH_CORRECT,False,False
709,3,Happy,3,3,3,3,BOTH_CORRECT,False,False
710,0,Angry,4,4,4,4,BOTH_WRONG,False,False
711,4,Sad,0,4,6,6,EARLY_WRONG_LATE_CORRECT,False,False
712,2,Fear,2,2,2,2,BOTH_CORRECT,False,False
713,3,Happy,3,3,3,3,BOTH_CORRECT,False,False
714,3,Happy,0,3,3,3,EARLY_WRONG_LATE_CORRECT,False,False
715,3,Happy,3,3,3,3,BOTH_CORRECT,False,False
716,4,Sad,4,4,4,4,BOTH_CORRECT,False,False
717,2,Fear,4,2,2,2,EARLY_WRONG_LATE_CORRECT,False,False
718,3,Happy,2,2,2,2,BOTH_WRONG,False,False
719,6,Neutral,6,6,6,6,BOTH_CORRECT,False,False
720,2,Fear,0,0,0,0,BOTH_WRONG,False,False
721,3,Happy,3,3,3,3,BOTH_CORRECT,False,False
722,3,Happy,3,3,3,3,BOTH_CORRECT,False,False
723,0,Angry,0,0,0,0,BOTH_CORRECT,False,False
724,4,Sad,4,4,4,4,BOTH_CORRECT,False,False
725,0,Angry,0,0,0,0,BOTH_CORRECT,False,False
726,0,Angry,0,0,0,0,BOTH_CORRECT,False,False
727,2,Fear,2,2,2,2,BOTH_CORRECT,False,False
728,6,Neutral,4,4,4,4,BOTH_WRONG,False,False
729,6,Neutral,3,3,3,3,BOTH_WRONG,False,False
730,3,Happy,3,4,3,4,EARLY_CORRECT_LATE_WRONG,True,False
731,2,Fear,2,2,2,2,BOTH_CORRECT,False,False
732,6,Neutral,6,6,6,6,BOTH_CORRECT,False,False
733,6,Neutral,6,6,6,6,BOTH_CORRECT,False,False
734,3,Happy,6,3,3,3,EARLY_WRONG_LATE_CORRECT,False,False
735,2,Fear,3,5,5,5,BOTH_WRONG,False,False
736,6,Neutral,6,4,4,4,EARLY_CORRECT_LATE_WRONG,False,False
737,4,Sad,4,6,6,6,EARLY_CORRECT_LATE_WRONG,False,False
738,3,Happy,4,4,4,4,BOTH_WRONG,False,False
739,3,Happy,3,3,3,3,BOTH_CORRECT,False,False
740,6,Neutral,4,6,6,6,EARLY_WRONG_LATE_CORRECT,False,False
741,0,Angry,6,6,2,0,BOTH_WRONG,False,False
742,0,Angry,0,0,0,0,BOTH_CORRECT,False,False
743,6,Neutral,4,6,6,6,EARLY_WRONG_LATE_CORRECT,False,False
744,3,Happy,6,3,3,3,EARLY_WRONG_LATE_CORRECT,False,False
745,2,Fear,2,2,2,2,BOTH_CORRECT,False,False
746,0,Angry,0,0,0,0,BOTH_CORRECT,False,False
747,3,Happy,3,3,3,3,BOTH_CORRECT,False,False
748,5,Surprise,5,5,5,5,BOTH_CORRECT,False,False
749,3,Happy,3,6,6,6,EARLY_CORRECT_LATE_WRONG,False,False
750,3,Happy,3,3,3,4,BOTH_CORRECT,False,False
751,3,Happy,3,3,3,3,BOTH_CORRECT,False,False
752,0,Angry,0,0,0,0,BOTH_CORRECT,False,False
753,2,Fear,4,6,5,6,BOTH_WRONG,False,False
754,6,Neutral,6,6,6,6,BOTH_CORRECT,False,False
755,3,Happy,3,4,4,4,EARLY_CORRECT_LATE_WRONG,False,False
756,0,Angry,0,0,0,0,BOTH_CORRECT,False,False
757,5,Surprise,5,2,2,2,EARLY_CORRECT_LATE_WRONG,False,False
758,3,Happy,3,3,3,3,BOTH_CORRECT,False,False
759,4,Sad,2,4,3,3,EARLY_WRONG_LATE_CORRECT,False,False
760,3,Happy,6,6,6,6,BOTH_WRONG,False,False
761,0,Angry,0,0,0,0,BOTH_CORRECT,False,False
762,0,Angry,0,0,0,0,BOTH_CORRECT,False,False
763,3,Happy,3,3,3,3,BOTH_CORRECT,False,False
764,2,Fear,6,3,3,3,BOTH_WRONG,False,False
765,3,Happy,3,3,3,3,BOTH_CORRECT,False,False
766,3,Happy,2,2,2,2,BOTH_WRONG,False,False
767,6,Neutral,0,4,4,4,BOTH_WRONG,False,False
768,0,Angry,6,6,6,6,BOTH_WRONG,False,False
769,2,Fear,4,4,4,4,BOTH_WRONG,False,False
770,3,Happy,3,3,3,3,BOTH_CORRECT,False,False
771,0,Angry,1,0,0,0,EARLY_WRONG_LATE_CORRECT,False,False
772,4,Sad,2,4,4,4,EARLY_WRONG_LATE_CORRECT,False,False
773,2,Fear,0,0,2,0,BOTH_WRONG,False,False
774,3,Happy,3,2,0,0,EARLY_CORRECT_LATE_WRONG,False,False
775,6,Neutral,5,5,5,5,BOTH_WRONG,False,False
776,3,Happy,3,3,3,3,BOTH_CORRECT,False,False
777,6,Neutral,6,4,4,6,EARLY_CORRECT_LATE_WRONG,False,True
778,6,Neutral,4,3,3,3,BOTH_WRONG,False,False
779,2,Fear,5,5,5,5,BOTH_WRONG,False,False
780,4,Sad,0,4,4,4,EARLY_WRONG_LATE_CORRECT,False,False
781,6,Neutral,6,6,6,6,BOTH_CORRECT,False,False
782,2,Fear,4,2,2,2,EARLY_WRONG_LATE_CORRECT,False,False
783,2,Fear,4,4,4,4,BOTH_WRONG,False,False
784,0,Angry,0,0,0,0,BOTH_CORRECT,False,False
785,6,Neutral,6,6,6,6,BOTH_CORRECT,False,False
786,3,Happy,3,3,3,3,BOTH_CORRECT,False,False
787,2,Fear,4,4,4,4,BOTH_WRONG,False,False
788,2,Fear,6,4,2,2,BOTH_WRONG,False,False
789,2,Fear,6,6,6,6,BOTH_WRONG,False,False
790,0,Angry,0,0,0,0,BOTH_CORRECT,False,False
791,6,Neutral,2,6,6,6,EARLY_WRONG_LATE_CORRECT,False,False
792,3,Happy,3,3,3,3,BOTH_CORRECT,False,False
793,4,Sad,4,2,2,2,EARLY_CORRECT_LATE_WRONG,False,False
794,0,Angry,0,0,0,0,BOTH_CORRECT,False,False
795,3,Happy,3,3,6,6,BOTH_CORRECT,False,False
796,6,Neutral,6,6,6,6,BOTH_CORRECT,False,False
797,5,Surprise,5,5,5,5,BOTH_CORRECT,False,False
798,0,Angry,0,0,0,0,BOTH_CORRECT,False,False
799,5,Surprise,5,5,5,5,BOTH_CORRECT,False,False
800,3,Happy,3,3,3,3,BOTH_CORRECT,False,False
801,4,Sad,0,0,0,0,BOTH_WRONG,False,False
802,5,Surprise,5,5,5,5,BOTH_CORRECT,False,False
803,1,Disgust,4,4,0,2,BOTH_WRONG,False,False
804,2,Fear,5,5,5,5,BOTH_WRONG,False,False
805,3,Happy,3,3,3,3,BOTH_CORRECT,False,False
806,5,Surprise,5,5,5,5,BOTH_CORRECT,False,False
807,5,Surprise,4,6,4,6,BOTH_WRONG,False,False
808,6,Neutral,4,4,4,4,BOTH_WRONG,False,False
809,4,Sad,4,4,4,4,BOTH_CORRECT,False,False
810,3,Happy,5,5,5,5,BOTH_WRONG,False,False
811,0,Angry,2,2,2,2,BOTH_WRONG,False,False
812,4,Sad,4,4,4,4,BOTH_CORRECT,False,False
813,6,Neutral,4,6,6,6,EARLY_WRONG_LATE_CORRECT,False,False
814,0,Angry,0,0,0,0,BOTH_CORRECT,False,False
815,4,Sad,6,6,6,6,BOTH_WRONG,False,False
816,6,Neutral,6,3,3,3,EARLY_CORRECT_LATE_WRONG,False,False
817,3,Happy,3,5,5,5,EARLY_CORRECT_LATE_WRONG,False,False
818,0,Angry,0,4,4,4,EARLY_CORRECT_LATE_WRONG,False,False
819,2,Fear,2,2,2,2,BOTH_CORRECT,False,False
820,4,Sad,4,4,4,4,BOTH_CORRECT,False,False
821,2,Fear,5,5,5,5,BOTH_WRONG,False,False
822,4,Sad,2,2,2,2,BOTH_WRONG,False,False
823,2,Fear,0,0,0,0,BOTH_WRONG,False,False
824,5,Surprise,5,5,5,5,BOTH_CORRECT,False,False
825,6,Neutral,6,6,6,6,BOTH_CORRECT,False,False
826,5,Surprise,5,5,5,5,BOTH_CORRECT,False,False
827,2,Fear,2,4,4,4,EARLY_CORRECT_LATE_WRONG,False,False
828,5,Surprise,5,5,5,5,BOTH_CORRECT,False,False
829,4,Sad,6,6,4,6,BOTH_WRONG,False,False
830,0,Angry,0,0,0,0,BOTH_CORRECT,False,False
831,5,Surprise,5,5,5,5,BOTH_CORRECT,False,False
832,2,Fear,2,2,2,2,BOTH_CORRECT,False,False
833,5,Surprise,2,4,5,4,BOTH_WRONG,False,False
834,2,Fear,2,2,2,2,BOTH_CORRECT,False,False
835,0,Angry,0,0,0,0,BOTH_CORRECT,False,False
836,6,Neutral,0,2,2,2,BOTH_WRONG,False,False
837,4,Sad,1,4,4,4,EARLY_WRONG_LATE_CORRECT,False,False
838,1,Disgust,0,1,1,1,EARLY_WRONG_LATE_CORRECT,False,False
839,0,Angry,0,0,0,0,BOTH_CORRECT,False,False
840,6,Neutral,6,6,6,6,BOTH_CORRECT,False,False
841,4,Sad,4,4,4,4,BOTH_CORRECT,False,False
842,5,Surprise,5,0,0,0,EARLY_CORRECT_LATE_WRONG,False,False
843,4,Sad,4,4,4,4,BOTH_CORRECT,False,False
844,4,Sad,4,0,0,0,EARLY_CORRECT_LATE_WRONG,False,False
845,0,Angry,5,0,0,0,EARLY_WRONG_LATE_CORRECT,False,False
846,3,Happy,3,3,3,3,BOTH_CORRECT,False,False
847,6,Neutral,6,4,4,4,EARLY_CORRECT_LATE_WRONG,False,False
848,5,Surprise,6,6,6,6,BOTH_WRONG,False,False
849,5,Surprise,5,5,5,5,BOTH_CORRECT,False,False
850,6,Neutral,6,6,6,6,BOTH_CORRECT,False,False
851,4,Sad,4,4,4,4,BOTH_CORRECT,False,False
852,4,Sad,4,4,4,4,BOTH_CORRECT,False,False
853,6,Neutral,4,4,4,4,BOTH_WRONG,False,False
854,2,Fear,4,6,6,6,BOTH_WRONG,False,False
855,2,Fear,2,2,2,2,BOTH_CORRECT,False,False
856,4,Sad,4,4,4,4,BOTH_CORRECT,False,False
857,3,Happy,3,3,3,3,BOTH_CORRECT,False,False
858,2,Fear,6,6,6,6,BOTH_WRONG,False,False
859,5,Surprise,2,2,2,2,BOTH_WRONG,False,False
860,4,Sad,4,4,4,4,BOTH_CORRECT,False,False
861,5,Surprise,5,5,5,5,BOTH_CORRECT,False,False
862,0,Angry,0,0,0,0,BOTH_CORRECT,False,False
863,0,Angry,0,0,0,0,BOTH_CORRECT,False,False
864,4,Sad,4,4,4,4,BOTH_CORRECT,False,False
865,0,Angry,2,0,0,0,EARLY_WRONG_LATE_CORRECT,False,False
866,1,Disgust,4,4,4,4,BOTH_WRONG,False,False
867,4,Sad,0,0,0,0,BOTH_WRONG,False,False
868,3,Happy,3,3,3,3,BOTH_CORRECT,False,False
869,3,Happy,3,3,3,3,BOTH_CORRECT,False,False
870,3,Happy,3,3,3,3,BOTH_CORRECT,False,False
871,4,Sad,3,3,3,3,BOTH_WRONG,False,False
872,0,Angry,0,0,0,0,BOTH_CORRECT,False,False
873,0,Angry,4,5,5,5,BOTH_WRONG,False,False
874,4,Sad,4,4,4,4,BOTH_CORRECT,False,False
875,4,Sad,2,4,4,4,EARLY_WRONG_LATE_CORRECT,False,False
876,4,Sad,4,4,4,4,BOTH_CORRECT,False,False
877,5,Surprise,5,5,5,5,BOTH_CORRECT,False,False
878,3,Happy,3,3,3,3,BOTH_CORRECT,False,False
879,0,Angry,0,0,0,0,BOTH_CORRECT,False,False
880,3,Happy,3,3,3,3,BOTH_CORRECT,False,False
881,6,Neutral,2,0,0,0,BOTH_WRONG,False,False
882,6,Neutral,6,6,6,6,BOTH_CORRECT,False,False
883,6,Neutral,6,6,6,6,BOTH_CORRECT,False,False
884,5,Surprise,5,5,5,5,BOTH_CORRECT,False,False
885,4,Sad,4,4,4,4,BOTH_CORRECT,False,False
886,2,Fear,0,0,0,0,BOTH_WRONG,False,False
887,0,Angry,0,3,3,3,EARLY_CORRECT_LATE_WRONG,False,False
888,4,Sad,4,0,0,6,EARLY_CORRECT_LATE_WRONG,False,False
889,5,Surprise,5,5,5,5,BOTH_CORRECT,False,False
890,0,Angry,2,3,3,3,BOTH_WRONG,False,False
891,5,Surprise,5,5,5,5,BOTH_CORRECT,False,False
892,6,Neutral,6,6,6,2,BOTH_CORRECT,False,False
893,4,Sad,4,4,4,4,BOTH_CORRECT,False,False
894,2,Fear,2,3,0,3,EARLY_CORRECT_LATE_WRONG,False,False
895,0,Angry,4,6,6,6,BOTH_WRONG,False,False
896,0,Angry,2,2,2,2,BOTH_WRONG,False,False
897,3,Happy,3,3,3,3,BOTH_CORRECT,False,False
898,6,Neutral,4,4,4,2,BOTH_WRONG,False,False
899,6,Neutral,6,6,6,6,BOTH_CORRECT,False,False
900,6,Neutral,6,0,0,0,EARLY_CORRECT_LATE_WRONG,False,False
901,2,Fear,6,6,6,6,BOTH_WRONG,False,False
902,2,Fear,3,3,3,3,BOTH_WRONG,False,False
903,3,Happy,6,6,6,6,BOTH_WRONG,False,False
904,5,Surprise,5,5,5,5,BOTH_CORRECT,False,False
905,0,Angry,4,4,4,4,BOTH_WRONG,False,False
906,3,Happy,3,3,3,3,BOTH_CORRECT,False,False
907,5,Surprise,5,5,5,5,BOTH_CORRECT,False,False
908,4,Sad,4,4,2,4,BOTH_CORRECT,False,False
909,5,Surprise,5,5,5,5,BOTH_CORRECT,False,False
910,5,Surprise,5,2,2,2,EARLY_CORRECT_LATE_WRONG,False,False
911,4,Sad,4,0,0,0,EARLY_CORRECT_LATE_WRONG,False,False
912,6,Neutral,6,6,6,6,BOTH_CORRECT,False,False
913,4,Sad,2,0,0,0,BOTH_WRONG,False,False
914,4,Sad,4,4,4,4,BOTH_CORRECT,False,False
915,6,Neutral,3,3,3,3,BOTH_WRONG,False,False
916,4,Sad,4,6,6,6,EARLY_CORRECT_LATE_WRONG,False,False
917,6,Neutral,6,6,6,6,BOTH_CORRECT,False,False
918,4,Sad,4,2,2,2,EARLY_CORRECT_LATE_WRONG,False,False
919,4,Sad,4,4,4,6,BOTH_CORRECT,False,False
920,2,Fear,6,6,6,6,BOTH_WRONG,False,False
921,1,Disgust,1,1,1,1,BOTH_CORRECT,False,False
922,3,Happy,3,3,3,3,BOTH_CORRECT,False,False
923,4,Sad,3,6,6,6,BOTH_WRONG,False,False
924,4,Sad,4,2,2,2,EARLY_CORRECT_LATE_WRONG,False,False
925,3,Happy,3,3,3,3,BOTH_CORRECT,False,False
926,4,Sad,0,0,0,0,BOTH_WRONG,False,False
927,6,Neutral,6,4,4,4,EARLY_CORRECT_LATE_WRONG,False,False
928,6,Neutral,6,6,6,6,BOTH_CORRECT,False,False
929,4,Sad,2,4,4,2,EARLY_WRONG_LATE_CORRECT,False,False
930,6,Neutral,2,2,2,2,BOTH_WRONG,False,False
931,0,Angry,0,0,0,0,BOTH_CORRECT,False,False
932,5,Surprise,2,2,2,2,BOTH_WRONG,False,False
933,4,Sad,4,4,4,4,BOTH_CORRECT,False,False
934,3,Happy,0,0,3,4,BOTH_WRONG,False,False
935,4,Sad,4,4,4,4,BOTH_CORRECT,False,False
936,3,Happy,3,3,3,3,BOTH_CORRECT,False,False
937,5,Surprise,2,5,5,5,EARLY_WRONG_LATE_CORRECT,False,False
938,3,Happy,3,3,3,3,BOTH_CORRECT,False,False
939,3,Happy,3,3,3,3,BOTH_CORRECT,False,False
940,3,Happy,3,3,3,3,BOTH_CORRECT,False,False
941,3,Happy,6,6,6,6,BOTH_WRONG,False,False
942,6,Neutral,3,2,2,2,BOTH_WRONG,False,False
943,4,Sad,4,3,3,3,EARLY_CORRECT_LATE_WRONG,False,False
944,0,Angry,4,4,4,4,BOTH_WRONG,False,False
945,4,Sad,6,4,4,4,EARLY_WRONG_LATE_CORRECT,False,False
946,2,Fear,0,4,4,4,BOTH_WRONG,False,False
947,6,Neutral,6,6,6,6,BOTH_CORRECT,False,False
948,3,Happy,3,3,3,3,BOTH_CORRECT,False,False
949,3,Happy,3,4,4,4,EARLY_CORRECT_LATE_WRONG,False,False
950,2,Fear,2,5,5,5,EARLY_CORRECT_LATE_WRONG,False,False
951,2,Fear,2,2,2,2,BOTH_CORRECT,False,False
952,0,Angry,0,0,0,4,BOTH_CORRECT,False,False
953,2,Fear,2,2,2,2,BOTH_CORRECT,False,False
954,2,Fear,0,0,0,4,BOTH_WRONG,False,False
955,6,Neutral,4,4,4,4,BOTH_WRONG,False,False
956,4,Sad,4,4,4,4,BOTH_CORRECT,False,False
957,6,Neutral,6,6,6,6,BOTH_CORRECT,False,False
958,6,Neutral,6,6,4,4,BOTH_CORRECT,False,False
959,3,Happy,5,5,5,5,BOTH_WRONG,False,False
960,0,Angry,5,2,2,2,BOTH_WRONG,False,False
961,2,Fear,4,4,2,4,BOTH_WRONG,False,False
962,0,Angry,0,0,6,6,BOTH_CORRECT,False,False
963,5,Surprise,3,3,3,3,BOTH_WRONG,False,False
964,5,Surprise,3,2,2,2,BOTH_WRONG,False,False
965,2,Fear,2,2,2,2,BOTH_CORRECT,False,False
966,0,Angry,0,0,0,0,BOTH_CORRECT,False,False
967,2,Fear,2,2,2,2,BOTH_CORRECT,False,False
968,5,Surprise,3,3,3,3,BOTH_WRONG,False,False
969,3,Happy,3,3,3,3,BOTH_CORRECT,False,False
970,3,Happy,3,3,3,3,BOTH_CORRECT,False,False
971,3,Happy,5,3,3,3,EARLY_WRONG_LATE_CORRECT,False,False
972,3,Happy,0,6,6,6,BOTH_WRONG,False,False
973,0,Angry,0,0,0,0,BOTH_CORRECT,False,False
974,6,Neutral,6,6,6,6,BOTH_CORRECT,False,False
975,2,Fear,6,4,4,4,BOTH_WRONG,False,False
976,0,Angry,4,0,4,0,EARLY_WRONG_LATE_CORRECT,False,False
977,6,Neutral,0,6,6,6,EARLY_WRONG_LATE_CORRECT,False,False
978,4,Sad,3,3,3,3,BOTH_WRONG,False,False
979,2,Fear,4,4,4,4,BOTH_WRONG,False,False
980,4,Sad,4,2,2,2,EARLY_CORRECT_LATE_WRONG,False,False
981,5,Surprise,5,5,5,5,BOTH_CORRECT,False,False
982,5,Surprise,3,5,3,3,EARLY_WRONG_LATE_CORRECT,False,False
983,4,Sad,6,0,0,0,BOTH_WRONG,False,False
984,4,Sad,4,4,4,4,BOTH_CORRECT,False,False
985,6,Neutral,6,6,0,6,BOTH_CORRECT,False,False
986,3,Happy,3,3,3,3,BOTH_CORRECT,False,False
987,3,Happy,5,3,3,3,EARLY_WRONG_LATE_CORRECT,False,False
988,3,Happy,3,3,3,3,BOTH_CORRECT,False,False
989,2,Fear,2,2,2,2,BOTH_CORRECT,False,False
990,3,Happy,5,3,5,5,EARLY_WRONG_LATE_CORRECT,False,False
991,6,Neutral,6,6,6,6,BOTH_CORRECT,False,False
992,2,Fear,4,4,6,6,BOTH_WRONG,False,False
993,6,Neutral,6,6,6,6,BOTH_CORRECT,False,False
994,4,Sad,4,4,4,4,BOTH_CORRECT,False,False
995,6,Neutral,6,4,4,4,EARLY_CORRECT_LATE_WRONG,False,False
996,2,Fear,2,2,2,2,BOTH_CORRECT,False,False
997,0,Angry,0,4,4,4,EARLY_CORRECT_LATE_WRONG,False,False
998,3,Happy,6,6,2,6,BOTH_WRONG,False,False
999,3,Happy,3,3,3,3,BOTH_CORRECT,False,False
1000,2,Fear,5,2,2,2,EARLY_WRONG_LATE_CORRECT,False,False
1001,4,Sad,0,0,0,4,BOTH_WRONG,False,False
1002,6,Neutral,6,6,6,6,BOTH_CORRECT,False,False
1003,2,Fear,4,6,6,6,BOTH_WRONG,False,False
1004,2,Fear,4,4,4,4,BOTH_WRONG,False,False
1005,6,Neutral,6,6,6,6,BOTH_CORRECT,False,False
1006,4,Sad,0,2,0,0,BOTH_WRONG,False,False
1007,2,Fear,6,6,6,6,BOTH_WRONG,False,False
1008,3,Happy,2,5,5,5,BOTH_WRONG,False,False
1009,2,Fear,2,0,0,0,EARLY_CORRECT_LATE_WRONG,False,False
1010,0,Angry,0,0,0,4,BOTH_CORRECT,False,False
1011,2,Fear,5,6,6,6,BOTH_WRONG,False,False
1012,6,Neutral,2,2,2,2,BOTH_WRONG,False,False
1013,3,Happy,3,3,3,3,BOTH_CORRECT,False,False
1014,2,Fear,2,2,2,2,BOTH_CORRECT,False,False
1015,3,Happy,3,3,3,3,BOTH_CORRECT,False,False
1016,6,Neutral,6,6,6,6,BOTH_CORRECT,False,False
1017,2,Fear,0,0,0,0,BOTH_WRONG,False,False
1018,3,Happy,3,3,3,3,BOTH_CORRECT,False,False
1019,4,Sad,4,4,4,4,BOTH_CORRECT,False,False
1020,6,Neutral,6,6,6,6,BOTH_CORRECT,False,False
1021,0,Angry,0,0,0,0,BOTH_CORRECT,False,False
1022,2,Fear,0,4,2,4,BOTH_WRONG,False,False
1023,1,Disgust,4,1,1,1,EARLY_WRONG_LATE_CORRECT,False,False
1024,2,Fear,2,2,2,2,BOTH_CORRECT,False,False
1025,0,Angry,4,4,4,4,BOTH_WRONG,False,False
1026,2,Fear,0,2,4,2,EARLY_WRONG_LATE_CORRECT,False,False
1027,2,Fear,2,2,2,2,BOTH_CORRECT,False,False
1028,4,Sad,2,4,4,4,EARLY_WRONG_LATE_CORRECT,False,False
1029,2,Fear,6,6,6,6,BOTH_WRONG,False,False
1030,5,Surprise,4,5,5,5,EARLY_WRONG_LATE_CORRECT,False,False
1031,3,Happy,0,0,0,0,BOTH_WRONG,False,False
1032,3,Happy,3,3,3,3,BOTH_CORRECT,False,False
1033,3,Happy,3,3,3,3,BOTH_CORRECT,False,False
1034,4,Sad,2,4,4,4,EARLY_WRONG_LATE_CORRECT,False,False
1035,3,Happy,3,3,3,3,BOTH_CORRECT,False,False
1036,3,Happy,3,3,3,3,BOTH_CORRECT,False,False
1037,0,Angry,0,0,0,0,BOTH_CORRECT,False,False
1038,5,Surprise,2,2,2,2,BOTH_WRONG,False,False
1039,3,Happy,3,3,3,3,BOTH_CORRECT,False,False
1040,4,Sad,4,4,4,4,BOTH_CORRECT,False,False
1041,6,Neutral,6,6,6,6,BOTH_CORRECT,False,False
1042,3,Happy,3,3,3,3,BOTH_CORRECT,False,False
1043,6,Neutral,0,0,0,0,BOTH_WRONG,False,False
1044,2,Fear,3,4,4,4,BOTH_WRONG,False,False
1045,6,Neutral,2,6,6,6,EARLY_WRONG_LATE_CORRECT,False,False
1046,4,Sad,0,3,3,3,BOTH_WRONG,False,False
1047,4,Sad,4,4,4,4,BOTH_CORRECT,False,False
1048,4,Sad,4,2,0,2,EARLY_CORRECT_LATE_WRONG,False,False
1049,6,Neutral,6,6,6,6,BOTH_CORRECT,False,False
1050,3,Happy,3,3,3,3,BOTH_CORRECT,False,False
1051,6,Neutral,4,4,4,4,BOTH_WRONG,False,False
1052,4,Sad,4,4,4,4,BOTH_CORRECT,False,False
1053,2,Fear,4,2,2,2,EARLY_WRONG_LATE_CORRECT,False,False
1054,5,Surprise,5,5,5,5,BOTH_CORRECT,False,False
1055,3,Happy,3,3,3,3,BOTH_CORRECT,False,False
1056,4,Sad,4,4,4,4,BOTH_CORRECT,False,False
1057,3,Happy,3,3,3,3,BOTH_CORRECT,False,False
1058,3,Happy,3,3,3,3,BOTH_CORRECT,False,False
1059,1,Disgust,4,4,4,4,BOTH_WRONG,False,False
1060,3,Happy,3,3,3,3,BOTH_CORRECT,False,False
1061,3,Happy,3,3,3,3,BOTH_CORRECT,False,False
1062,5,Surprise,3,3,5,5,BOTH_WRONG,False,False
1063,3,Happy,3,3,3,3,BOTH_CORRECT,False,False
1064,3,Happy,6,6,3,6,BOTH_WRONG,False,False
1065,6,Neutral,0,0,0,0,BOTH_WRONG,False,False
1066,6,Neutral,3,3,3,3,BOTH_WRONG,False,False
1067,3,Happy,3,3,3,3,BOTH_CORRECT,False,False
1068,2,Fear,2,2,2,2,BOTH_CORRECT,False,False
1069,3,Happy,3,3,3,3,BOTH_CORRECT,False,False
1070,4,Sad,4,4,4,4,BOTH_CORRECT,False,False
1071,4,Sad,4,4,4,4,BOTH_CORRECT,False,False
1072,4,Sad,4,5,5,5,EARLY_CORRECT_LATE_WRONG,False,False
1073,3,Happy,3,3,3,3,BOTH_CORRECT,False,False
1074,4,Sad,4,6,6,6,EARLY_CORRECT_LATE_WRONG,False,False
1075,2,Fear,2,2,2,2,BOTH_CORRECT,False,False
1076,0,Angry,2,2,2,2,BOTH_WRONG,False,False
1077,4,Sad,4,4,4,4,BOTH_CORRECT,False,False
1078,6,Neutral,5,6,6,6,EARLY_WRONG_LATE_CORRECT,False,False
1079,0,Angry,0,0,0,0,BOTH_CORRECT,False,False
1080,3,Happy,3,3,3,3,BOTH_CORRECT,False,False
1081,3,Happy,3,3,3,3,BOTH_CORRECT,False,False
1082,5,Surprise,5,5,5,5,BOTH_CORRECT,False,False
1083,4,Sad,4,4,4,4,BOTH_CORRECT,False,False
1084,2,Fear,4,4,4,4,BOTH_WRONG,False,False
1085,6,Neutral,6,6,6,6,BOTH_CORRECT,False,False
1086,2,Fear,3,2,2,2,EARLY_WRONG_LATE_CORRECT,False,False
1087,5,Surprise,5,5,5,5,BOTH_CORRECT,False,False
1088,5,Surprise,5,5,5,5,BOTH_CORRECT,False,False
1089,5,Surprise,0,3,3,3,BOTH_WRONG,False,False
1090,0,Angry,0,0,0,0,BOTH_CORRECT,False,False
1091,3,Happy,3,3,3,3,BOTH_CORRECT,False,False
1092,3,Happy,3,3,3,3,BOTH_CORRECT,False,False
1093,3,Happy,3,3,3,3,BOTH_CORRECT,False,False
1094,5,Surprise,5,5,5,5,BOTH_CORRECT,False,False
1095,4,Sad,4,0,0,0,EARLY_CORRECT_LATE_WRONG,False,False
1096,6,Neutral,0,0,6,3,BOTH_WRONG,False,False
1097,3,Happy,3,3,3,3,BOTH_CORRECT,False,False
1098,0,Angry,0,0,0,0,BOTH_CORRECT,False,False
1099,3,Happy,6,6,6,6,BOTH_WRONG,False,False
1100,6,Neutral,4,6,5,6,EARLY_WRONG_LATE_CORRECT,False,False
1101,0,Angry,0,0,0,0,BOTH_CORRECT,False,False
1102,3,Happy,3,3,3,3,BOTH_CORRECT,False,False
1103,2,Fear,2,2,2,2,BOTH_CORRECT,False,False
1104,2,Fear,4,2,2,2,EARLY_WRONG_LATE_CORRECT,False,False
1105,1,Disgust,4,1,4,4,EARLY_WRONG_LATE_CORRECT,False,False
1106,0,Angry,0,0,0,0,BOTH_CORRECT,False,False
1107,4,Sad,4,4,4,4,BOTH_CORRECT,False,False
1108,0,Angry,0,0,0,0,BOTH_CORRECT,False,False
1109,0,Angry,0,0,0,0,BOTH_CORRECT,False,False
1110,4,Sad,4,2,4,4,EARLY_CORRECT_LATE_WRONG,True,True
1111,6,Neutral,6,6,6,6,BOTH_CORRECT,False,False
1112,3,Happy,3,2,2,2,EARLY_CORRECT_LATE_WRONG,False,False
1113,6,Neutral,2,6,6,6,EARLY_WRONG_LATE_CORRECT,False,False
1114,5,Surprise,1,5,5,0,EARLY_WRONG_LATE_CORRECT,False,False
1115,5,Surprise,4,0,6,0,BOTH_WRONG,False,False
1116,4,Sad,4,4,4,4,BOTH_CORRECT,False,False
1117,3,Happy,3,3,3,3,BOTH_CORRECT,False,False
1118,2,Fear,0,0,0,0,BOTH_WRONG,False,False
1119,3,Happy,3,3,3,3,BOTH_CORRECT,False,False
1120,5,Surprise,5,2,2,2,EARLY_CORRECT_LATE_WRONG,False,False
1121,0,Angry,0,0,0,0,BOTH_CORRECT,False,False
1122,3,Happy,3,3,3,3,BOTH_CORRECT,False,False
1123,4,Sad,4,4,4,4,BOTH_CORRECT,False,False
1124,5,Surprise,5,5,5,5,BOTH_CORRECT,False,False
1125,3,Happy,3,3,3,3,BOTH_CORRECT,False,False
1126,4,Sad,4,2,2,2,EARLY_CORRECT_LATE_WRONG,False,False
1127,3,Happy,2,2,2,2,BOTH_WRONG,False,False
1128,3,Happy,3,3,3,3,BOTH_CORRECT,False,False
1129,0,Angry,4,0,0,0,EARLY_WRONG_LATE_CORRECT,False,False
1130,2,Fear,2,2,2,2,BOTH_CORRECT,False,False
1131,6,Neutral,6,2,2,2,EARLY_CORRECT_LATE_WRONG,False,False
1132,6,Neutral,6,6,6,6,BOTH_CORRECT,False,False
1133,3,Happy,3,3,3,3,BOTH_CORRECT,False,False
1134,3,Happy,6,6,6,6,BOTH_WRONG,False,False
1135,3,Happy,2,3,3,3,EARLY_WRONG_LATE_CORRECT,False,False
1136,5,Surprise,5,5,5,5,BOTH_CORRECT,False,False
1137,2,Fear,4,4,4,4,BOTH_WRONG,False,False
1138,3,Happy,3,3,3,3,BOTH_CORRECT,False,False
1139,6,Neutral,3,6,6,6,EARLY_WRONG_LATE_CORRECT,False,False
1140,5,Surprise,2,5,5,5,EARLY_WRONG_LATE_CORRECT,False,False
1141,0,Angry,0,0,0,0,BOTH_CORRECT,False,False
1142,0,Angry,2,2,2,2,BOTH_WRONG,False,False
1143,4,Sad,6,4,4,6,EARLY_WRONG_LATE_CORRECT,False,False
1144,6,Neutral,6,3,3,3,EARLY_CORRECT_LATE_WRONG,False,False
1145,4,Sad,4,4,4,4,BOTH_CORRECT,False,False
1146,0,Angry,1,1,1,1,BOTH_WRONG,False,False
1147,3,Happy,3,3,3,3,BOTH_CORRECT,False,False
1148,6,Neutral,3,6,6,6,EARLY_WRONG_LATE_CORRECT,False,False
1149,4,Sad,4,4,4,4,BOTH_CORRECT,False,False
1150,6,Neutral,6,6,6,6,BOTH_CORRECT,False,False
1151,0,Angry,6,6,6,6,BOTH_WRONG,False,False
1152,4,Sad,4,4,4,4,BOTH_CORRECT,False,False
1153,0,Angry,0,0,0,0,BOTH_CORRECT,False,False
1154,5,Surprise,5,5,5,5,BOTH_CORRECT,False,False
1155,5,Surprise,5,5,5,5,BOTH_CORRECT,False,False
1156,3,Happy,3,3,3,3,BOTH_CORRECT,False,False
1157,0,Angry,3,3,3,3,BOTH_WRONG,False,False
1158,3,Happy,3,3,3,3,BOTH_CORRECT,False,False
1159,0,Angry,0,0,0,0,BOTH_CORRECT,False,False
1160,2,Fear,4,2,2,2,EARLY_WRONG_LATE_CORRECT,False,False
1161,2,Fear,0,0,0,0,BOTH_WRONG,False,False
1162,2,Fear,4,4,4,4,BOTH_WRONG,False,False
1163,6,Neutral,4,4,4,4,BOTH_WRONG,False,False
1164,4,Sad,4,0,4,0,EARLY_CORRECT_LATE_WRONG,True,False
1165,5,Surprise,2,6,6,6,BOTH_WRONG,False,False
1166,4,Sad,0,0,0,0,BOTH_WRONG,False,False
1167,4,Sad,0,0,0,0,BOTH_WRONG,False,False
1168,6,Neutral,6,6,6,6,BOTH_CORRECT,False,False
1169,0,Angry,0,0,0,0,BOTH_CORRECT,False,False
1170,2,Fear,6,0,6,6,BOTH_WRONG,False,False
1171,2,Fear,2,2,2,2,BOTH_CORRECT,False,False
1172,3,Happy,3,3,3,3,BOTH_CORRECT,False,False
1173,5,Surprise,5,5,5,5,BOTH_CORRECT,False,False
1174,2,Fear,3,2,2,2,EARLY_WRONG_LATE_CORRECT,False,False
1175,5,Surprise,2,4,4,4,BOTH_WRONG,False,False
1176,6,Neutral,6,4,4,4,EARLY_CORRECT_LATE_WRONG,False,False
1177,5,Surprise,4,5,5,5,EARLY_WRONG_LATE_CORRECT,False,False
1178,2,Fear,0,2,2,2,EARLY_WRONG_LATE_CORRECT,False,False
1179,2,Fear,4,4,4,4,BOTH_WRONG,False,False
1180,3,Happy,3,3,3,3,BOTH_CORRECT,False,False
1181,6,Neutral,3,5,5,6,BOTH_WRONG,False,False
1182,6,Neutral,4,4,4,4,BOTH_WRONG,False,False
1183,2,Fear,0,0,0,0,BOTH_WRONG,False,False
1184,6,Neutral,6,6,6,6,BOTH_CORRECT,False,False
1185,3,Happy,5,5,5,5,BOTH_WRONG,False,False
1186,3,Happy,3,3,3,3,BOTH_CORRECT,False,False
1187,5,Surprise,5,5,5,5,BOTH_CORRECT,False,False
1188,4,Sad,6,4,4,4,EARLY_WRONG_LATE_CORRECT,False,False
1189,3,Happy,3,3,3,3,BOTH_CORRECT,False,False
1190,2,Fear,2,2,2,2,BOTH_CORRECT,False,False
1191,4,Sad,6,3,3,3,BOTH_WRONG,False,False
1192,0,Angry,0,0,0,0,BOTH_CORRECT,False,False
1193,6,Neutral,6,6,6,6,BOTH_CORRECT,False,False
1194,3,Happy,5,3,3,3,EARLY_WRONG_LATE_CORRECT,False,False
1195,5,Surprise,5,5,5,5,BOTH_CORRECT,False,False
1196,3,Happy,2,2,2,2,BOTH_WRONG,False,False
1197,2,Fear,4,6,6,6,BOTH_WRONG,False,False
1198,3,Happy,3,3,3,3,BOTH_CORRECT,False,False
1199,2,Fear,4,4,4,4,BOTH_WRONG,False,False
1200,5,Surprise,5,5,2,5,BOTH_CORRECT,False,False
1201,3,Happy,3,3,3,3,BOTH_CORRECT,False,False
1202,2,Fear,4,4,4,4,BOTH_WRONG,False,False
1203,2,Fear,4,4,4,4,BOTH_WRONG,False,False
1204,6,Neutral,6,4,4,4,EARLY_CORRECT_LATE_WRONG,False,False
1205,4,Sad,4,2,2,2,EARLY_CORRECT_LATE_WRONG,False,False
1206,6,Neutral,3,3,3,3,BOTH_WRONG,False,False
1207,6,Neutral,6,6,6,6,BOTH_CORRECT,False,False
1208,3,Happy,3,3,3,3,BOTH_CORRECT,False,False
1209,2,Fear,0,0,4,4,BOTH_WRONG,False,False
1210,3,Happy,3,3,3,3,BOTH_CORRECT,False,False
1211,5,Surprise,5,5,5,5,BOTH_CORRECT,False,False
1212,6,Neutral,6,4,4,4,EARLY_CORRECT_LATE_WRONG,False,False
1213,4,Sad,4,2,2,4,EARLY_CORRECT_LATE_WRONG,False,True
1214,2,Fear,5,5,5,5,BOTH_WRONG,False,False
1215,2,Fear,4,4,4,4,BOTH_WRONG,False,False
1216,2,Fear,4,6,4,4,BOTH_WRONG,False,False
1217,3,Happy,3,3,3,3,BOTH_CORRECT,False,False
1218,5,Surprise,5,5,5,5,BOTH_CORRECT,False,False
1219,6,Neutral,0,0,0,0,BOTH_WRONG,False,False
1220,0,Angry,4,0,0,0,EARLY_WRONG_LATE_CORRECT,False,False
1221,3,Happy,3,3,3,3,BOTH_CORRECT,False,False
1222,0,Angry,0,0,0,0,BOTH_CORRECT,False,False
1223,3,Happy,3,3,3,3,BOTH_CORRECT,False,False
1224,0,Angry,0,0,0,0,BOTH_CORRECT,False,False
1225,3,Happy,6,6,6,6,BOTH_WRONG,False,False
1226,2,Fear,4,4,4,4,BOTH_WRONG,False,False
1227,4,Sad,0,0,0,2,BOTH_WRONG,False,False
1228,4,Sad,4,2,2,2,EARLY_CORRECT_LATE_WRONG,False,False
1229,3,Happy,6,6,6,6,BOTH_WRONG,False,False
1230,6,Neutral,6,6,6,6,BOTH_CORRECT,False,False
1231,3,Happy,6,3,6,3,EARLY_WRONG_LATE_CORRECT,False,False
1232,4,Sad,4,6,6,6,EARLY_CORRECT_LATE_WRONG,False,False
1233,4,Sad,6,3,3,4,BOTH_WRONG,False,False
1234,6,Neutral,6,6,6,6,BOTH_CORRECT,False,False
1235,6,Neutral,6,6,6,6,BOTH_CORRECT,False,False
1236,3,Happy,2,5,5,5,BOTH_WRONG,False,False
1237,3,Happy,3,3,3,3,BOTH_CORRECT,False,False
1238,0,Angry,0,0,0,0,BOTH_CORRECT,False,False
1239,6,Neutral,0,4,4,4,BOTH_WRONG,False,False
1240,4,Sad,4,6,0,6,EARLY_CORRECT_LATE_WRONG,False,False
1241,0,Angry,0,0,0,0,BOTH_CORRECT,False,False
1242,1,Disgust,0,0,0,0,BOTH_WRONG,False,False
1243,5,Surprise,5,5,5,5,BOTH_CORRECT,False,False
1244,6,Neutral,6,6,6,6,BOTH_CORRECT,False,False
1245,5,Surprise,5,5,5,5,BOTH_CORRECT,False,False
1246,5,Surprise,5,5,5,5,BOTH_CORRECT,False,False
1247,4,Sad,6,6,6,6,BOTH_WRONG,False,False
1248,5,Surprise,5,5,5,5,BOTH_CORRECT,False,False
1249,3,Happy,3,3,3,3,BOTH_CORRECT,False,False
1250,3,Happy,3,3,3,3,BOTH_CORRECT,False,False
1251,4,Sad,2,6,6,6,BOTH_WRONG,False,False
1252,3,Happy,3,3,3,3,BOTH_CORRECT,False,False
1253,0,Angry,2,2,2,2,BOTH_WRONG,False,False
1254,0,Angry,0,0,0,0,BOTH_CORRECT,False,False
1255,4,Sad,6,6,6,6,BOTH_WRONG,False,False
1256,3,Happy,3,3,3,3,BOTH_CORRECT,False,False
1257,2,Fear,2,2,2,2,BOTH_CORRECT,False,False
1258,3,Happy,3,3,3,3,BOTH_CORRECT,False,False
1259,6,Neutral,6,6,6,6,BOTH_CORRECT,False,False
1260,6,Neutral,6,6,6,6,BOTH_CORRECT,False,False
1261,4,Sad,4,3,3,5,EARLY_CORRECT_LATE_WRONG,False,False
1262,0,Angry,0,0,0,0,BOTH_CORRECT,False,False
1263,4,Sad,4,4,4,4,BOTH_CORRECT,False,False
1264,4,Sad,4,4,4,4,BOTH_CORRECT,False,False
1265,3,Happy,3,3,3,3,BOTH_CORRECT,False,False
1266,3,Happy,3,3,3,3,BOTH_CORRECT,False,False
1267,0,Angry,0,2,2,2,EARLY_CORRECT_LATE_WRONG,False,False
1268,0,Angry,4,6,2,6,BOTH_WRONG,False,False
1269,6,Neutral,6,6,6,6,BOTH_CORRECT,False,False
1270,3,Happy,3,3,3,3,BOTH_CORRECT,False,False
1271,0,Angry,6,3,3,3,BOTH_WRONG,False,False
1272,3,Happy,3,3,3,3,BOTH_CORRECT,False,False
1273,4,Sad,4,4,2,2,BOTH_CORRECT,False,False
1274,2,Fear,6,6,6,6,BOTH_WRONG,False,False
1275,5,Surprise,5,5,5,5,BOTH_CORRECT,False,False
1276,4,Sad,2,4,4,4,EARLY_WRONG_LATE_CORRECT,False,False
1277,4,Sad,4,4,4,4,BOTH_CORRECT,False,False
1278,3,Happy,3,3,3,3,BOTH_CORRECT,False,False
1279,3,Happy,6,6,6,6,BOTH_WRONG,False,False
1280,5,Surprise,0,5,5,5,EARLY_WRONG_LATE_CORRECT,False,False
1281,2,Fear,2,2,2,2,BOTH_CORRECT,False,False
1282,3,Happy,3,3,3,3,BOTH_CORRECT,False,False
1283,3,Happy,3,3,3,3,BOTH_CORRECT,False,False
1284,3,Happy,3,3,3,3,BOTH_CORRECT,False,False
1285,2,Fear,4,2,2,2,EARLY_WRONG_LATE_CORRECT,False,False
1286,3,Happy,3,3,3,3,BOTH_CORRECT,False,False
1287,6,Neutral,6,6,6,6,BOTH_CORRECT,False,False
1288,5,Surprise,5,5,5,5,BOTH_CORRECT,False,False
1289,4,Sad,0,0,0,0,BOTH_WRONG,False,False
1290,3,Happy,1,0,0,0,BOTH_WRONG,False,False
1291,4,Sad,4,4,4,4,BOTH_CORRECT,False,False
1292,4,Sad,4,4,4,4,BOTH_CORRECT,False,False
1293,0,Angry,0,0,0,0,BOTH_CORRECT,False,False
1294,3,Happy,0,3,3,3,EARLY_WRONG_LATE_CORRECT,False,False
1295,0,Angry,0,0,0,0,BOTH_CORRECT,False,False
1296,5,Surprise,5,5,5,5,BOTH_CORRECT,False,False
1297,3,Happy,3,3,3,3,BOTH_CORRECT,False,False
1298,6,Neutral,6,6,6,6,BOTH_CORRECT,False,False
1299,5,Surprise,5,5,5,5,BOTH_CORRECT,False,False
1300,0,Angry,6,4,4,4,BOTH_WRONG,False,False
1301,6,Neutral,6,6,6,6,BOTH_CORRECT,False,False
1302,3,Happy,3,3,3,3,BOTH_CORRECT,False,False
1303,6,Neutral,4,6,6,6,EARLY_WRONG_LATE_CORRECT,False,False
1304,2,Fear,2,2,2,2,BOTH_CORRECT,False,False
1305,2,Fear,2,2,2,2,BOTH_CORRECT,False,False
1306,0,Angry,3,3,3,3,BOTH_WRONG,False,False
1307,3,Happy,3,3,3,3,BOTH_CORRECT,False,False
1308,4,Sad,6,6,4,4,BOTH_WRONG,False,False
1309,6,Neutral,4,4,4,6,BOTH_WRONG,False,False
1310,6,Neutral,3,4,4,4,BOTH_WRONG,False,False
1311,6,Neutral,4,4,4,4,BOTH_WRONG,False,False
1312,3,Happy,3,3,3,3,BOTH_CORRECT,False,False
1313,2,Fear,2,2,2,2,BOTH_CORRECT,False,False
1314,4,Sad,4,4,4,4,BOTH_CORRECT,False,False
1315,0,Angry,0,0,0,0,BOTH_CORRECT,False,False
1316,4,Sad,4,4,4,4,BOTH_CORRECT,False,False
1317,0,Angry,6,6,6,6,BOTH_WRONG,False,False
1318,2,Fear,2,4,4,4,EARLY_CORRECT_LATE_WRONG,False,False
1319,0,Angry,0,0,0,0,BOTH_CORRECT,False,False
1320,2,Fear,2,2,2,2,BOTH_CORRECT,False,False
1321,6,Neutral,6,6,6,6,BOTH_CORRECT,False,False
1322,3,Happy,3,3,3,3,BOTH_CORRECT,False,False
1323,4,Sad,4,4,4,4,BOTH_CORRECT,False,False
1324,3,Happy,3,3,3,3,BOTH_CORRECT,False,False
1325,3,Happy,3,3,3,3,BOTH_CORRECT,False,False
1326,4,Sad,3,3,4,3,BOTH_WRONG,False,False
1327,6,Neutral,2,4,4,4,BOTH_WRONG,False,False
1328,5,Surprise,5,5,5,5,BOTH_CORRECT,False,False
1329,6,Neutral,3,6,6,6,EARLY_WRONG_LATE_CORRECT,False,False
1330,6,Neutral,5,5,5,5,BOTH_WRONG,False,False
1331,2,Fear,6,2,6,6,EARLY_WRONG_LATE_CORRECT,False,False
1332,6,Neutral,4,3,3,3,BOTH_WRONG,False,False
1333,4,Sad,4,4,4,4,BOTH_CORRECT,False,False
1334,2,Fear,0,0,0,0,BOTH_WRONG,False,False
1335,6,Neutral,6,6,6,6,BOTH_CORRECT,False,False
1336,4,Sad,0,0,0,0,BOTH_WRONG,False,False
1337,5,Surprise,5,5,5,5,BOTH_CORRECT,False,False
1338,0,Angry,4,4,4,4,BOTH_WRONG,False,False
1339,5,Surprise,5,5,5,5,BOTH_CORRECT,False,False
1340,3,Happy,3,3,3,3,BOTH_CORRECT,False,False
1341,4,Sad,0,2,2,2,BOTH_WRONG,False,False
1342,6,Neutral,6,6,6,6,BOTH_CORRECT,False,False
1343,3,Happy,6,3,3,3,EARLY_WRONG_LATE_CORRECT,False,False
1344,6,Neutral,6,6,6,6,BOTH_CORRECT,False,False
1345,6,Neutral,3,3,3,3,BOTH_WRONG,False,False
1346,6,Neutral,6,6,6,6,BOTH_CORRECT,False,False
1347,4,Sad,6,6,6,6,BOTH_WRONG,False,False
1348,3,Happy,3,3,3,3,BOTH_CORRECT,False,False
1349,0,Angry,6,4,4,4,BOTH_WRONG,False,False
1350,0,Angry,6,4,0,4,BOTH_WRONG,False,False
1351,6,Neutral,2,4,4,4,BOTH_WRONG,False,False
1352,3,Happy,3,3,3,3,BOTH_CORRECT,False,False
1353,2,Fear,4,6,3,4,BOTH_WRONG,False,False
1354,6,Neutral,6,6,6,6,BOTH_CORRECT,False,False
1355,3,Happy,3,3,3,3,BOTH_CORRECT,False,False
1356,6,Neutral,3,3,3,3,BOTH_WRONG,False,False
1357,0,Angry,0,0,2,3,BOTH_CORRECT,False,False
1358,5,Surprise,5,5,5,5,BOTH_CORRECT,False,False
1359,5,Surprise,4,2,2,2,BOTH_WRONG,False,False
1360,3,Happy,2,2,4,4,BOTH_WRONG,False,False
1361,2,Fear,6,6,6,6,BOTH_WRONG,False,False
1362,5,Surprise,5,5,5,5,BOTH_CORRECT,False,False
1363,6,Neutral,6,6,6,6,BOTH_CORRECT,False,False
1364,5,Surprise,5,5,5,5,BOTH_CORRECT,False,False
1365,2,Fear,4,4,4,0,BOTH_WRONG,False,False
1366,6,Neutral,4,4,5,4,BOTH_WRONG,False,False
1367,2,Fear,2,2,2,2,BOTH_CORRECT,False,False
1368,2,Fear,2,2,2,2,BOTH_CORRECT,False,False
1369,2,Fear,0,2,2,2,EARLY_WRONG_LATE_CORRECT,False,False
1370,0,Angry,2,2,2,2,BOTH_WRONG,False,False
1371,4,Sad,6,6,6,0,BOTH_WRONG,False,False
1372,5,Surprise,5,5,5,5,BOTH_CORRECT,False,False
1373,0,Angry,0,0,0,0,BOTH_CORRECT,False,False
1374,3,Happy,3,3,3,3,BOTH_CORRECT,False,False
1375,2,Fear,4,4,4,2,BOTH_WRONG,False,False
1376,0,Angry,0,0,0,0,BOTH_CORRECT,False,False
1377,2,Fear,6,6,6,6,BOTH_WRONG,False,False
1378,5,Surprise,5,5,5,5,BOTH_CORRECT,False,False
1379,4,Sad,4,4,4,4,BOTH_CORRECT,False,False
1380,3,Happy,3,3,3,3,BOTH_CORRECT,False,False
1381,4,Sad,4,4,4,4,BOTH_CORRECT,False,False
1382,3,Happy,3,3,3,3,BOTH_CORRECT,False,False
1383,0,Angry,0,0,0,0,BOTH_CORRECT,False,False
1384,0,Angry,2,2,2,2,BOTH_WRONG,False,False
1385,4,Sad,6,6,2,6,BOTH_WRONG,False,False
1386,3,Happy,3,3,3,3,BOTH_CORRECT,False,False
1387,6,Neutral,6,6,6,6,BOTH_CORRECT,False,False
1388,3,Happy,3,3,3,3,BOTH_CORRECT,False,False
1389,3,Happy,3,3,3,3,BOTH_CORRECT,False,False
1390,3,Happy,3,3,3,3,BOTH_CORRECT,False,False
1391,6,Neutral,6,5,5,5,EARLY_CORRECT_LATE_WRONG,False,False
1392,3,Happy,3,3,3,3,BOTH_CORRECT,False,False
1393,3,Happy,3,3,3,3,BOTH_CORRECT,False,False
1394,6,Neutral,6,6,6,6,BOTH_CORRECT,False,False
1395,4,Sad,4,4,4,4,BOTH_CORRECT,False,False
1396,3,Happy,6,6,6,6,BOTH_WRONG,False,False
1397,3,Happy,3,3,3,3,BOTH_CORRECT,False,False
1398,3,Happy,3,0,3,0,EARLY_CORRECT_LATE_WRONG,True,False
1399,5,Surprise,5,5,5,5,BOTH_CORRECT,False,False
1400,6,Neutral,6,4,4,4,EARLY_CORRECT_LATE_WRONG,False,False
1401,6,Neutral,6,6,6,6,BOTH_CORRECT,False,False
1402,3,Happy,3,3,3,3,BOTH_CORRECT,False,False
1403,5,Surprise,5,5,5,5,BOTH_CORRECT,False,False
1404,1,Disgust,3,6,3,3,BOTH_WRONG,False,False
1405,3,Happy,3,3,3,4,BOTH_CORRECT,False,False
1406,2,Fear,4,4,4,4,BOTH_WRONG,False,False
1407,3,Happy,3,6,6,6,EARLY_CORRECT_LATE_WRONG,False,False
1408,6,Neutral,6,6,6,6,BOTH_CORRECT,False,False
1409,4,Sad,4,0,0,0,EARLY_CORRECT_LATE_WRONG,False,False
1410,3,Happy,3,3,3,3,BOTH_CORRECT,False,False
1411,0,Angry,0,0,0,0,BOTH_CORRECT,False,False
1412,6,Neutral,6,6,6,6,BOTH_CORRECT,False,False
1413,6,Neutral,4,6,6,6,EARLY_WRONG_LATE_CORRECT,False,False
1414,4,Sad,4,2,2,2,EARLY_CORRECT_LATE_WRONG,False,False
1415,2,Fear,4,4,4,4,BOTH_WRONG,False,False
1416,6,Neutral,6,6,6,6,BOTH_CORRECT,False,False
1417,2,Fear,5,2,2,2,EARLY_WRONG_LATE_CORRECT,False,False
1418,3,Happy,3,3,3,3,BOTH_CORRECT,False,False
1419,0,Angry,0,0,0,0,BOTH_CORRECT,False,False
1420,2,Fear,2,2,2,2,BOTH_CORRECT,False,False
1421,4,Sad,4,4,4,4,BOTH_CORRECT,False,False
1422,3,Happy,3,3,3,3,BOTH_CORRECT,False,False
1423,0,Angry,0,0,6,0,BOTH_CORRECT,False,False
1424,4,Sad,5,5,5,5,BOTH_WRONG,False,False
1425,4,Sad,6,4,4,4,EARLY_WRONG_LATE_CORRECT,False,False
1426,3,Happy,3,3,3,3,BOTH_CORRECT,False,False
1427,5,Surprise,4,2,2,2,BOTH_WRONG,False,False
1428,4,Sad,2,2,2,2,BOTH_WRONG,False,False
1429,4,Sad,4,0,0,0,EARLY_CORRECT_LATE_WRONG,False,False
1430,5,Surprise,2,2,2,2,BOTH_WRONG,False,False
1431,2,Fear,0,0,0,2,BOTH_WRONG,False,False
1432,1,Disgust,0,4,6,4,BOTH_WRONG,False,False
1433,5,Surprise,5,5,5,5,BOTH_CORRECT,False,False
1434,3,Happy,3,3,3,3,BOTH_CORRECT,False,False
1435,4,Sad,6,6,6,6,BOTH_WRONG,False,False
1436,2,Fear,2,4,4,4,EARLY_CORRECT_LATE_WRONG,False,False
1437,6,Neutral,0,0,0,0,BOTH_WRONG,False,False
1438,3,Happy,3,3,3,3,BOTH_CORRECT,False,False
1439,6,Neutral,6,6,6,6,BOTH_CORRECT,False,False
1440,6,Neutral,0,0,0,0,BOTH_WRONG,False,False
1441,4,Sad,4,4,4,4,BOTH_CORRECT,False,False
1442,2,Fear,2,2,2,2,BOTH_CORRECT,False,False
1443,5,Surprise,5,5,5,5,BOTH_CORRECT,False,False
1444,0,Angry,4,4,4,0,BOTH_WRONG,False,False
1445,4,Sad,6,6,6,6,BOTH_WRONG,False,False
1446,3,Happy,3,3,3,3,BOTH_CORRECT,False,False
1447,2,Fear,0,2,2,2,EARLY_WRONG_LATE_CORRECT,False,False
1448,6,Neutral,6,6,6,6,BOTH_CORRECT,False,False
1449,3,Happy,6,6,6,6,BOTH_WRONG,False,False
1450,6,Neutral,4,4,4,4,BOTH_WRONG,False,False
1451,6,Neutral,6,6,6,6,BOTH_CORRECT,False,False
1452,6,Neutral,6,6,6,6,BOTH_CORRECT,False,False
1453,4,Sad,4,2,2,2,EARLY_CORRECT_LATE_WRONG,False,False
1454,3,Happy,3,3,3,3,BOTH_CORRECT,False,False
1455,3,Happy,3,3,3,3,BOTH_CORRECT,False,False
1456,0,Angry,3,4,4,0,BOTH_WRONG,False,False
1457,3,Happy,3,3,3,3,BOTH_CORRECT,False,False
1458,6,Neutral,2,4,4,4,BOTH_WRONG,False,False
1459,3,Happy,3,3,3,1,BOTH_CORRECT,False,False
1460,6,Neutral,0,4,4,4,BOTH_WRONG,False,False
1461,4,Sad,6,6,5,6,BOTH_WRONG,False,False
1462,0,Angry,0,0,0,0,BOTH_CORRECT,False,False
1463,3,Happy,3,3,3,3,BOTH_CORRECT,False,False
1464,5,Surprise,2,2,2,2,BOTH_WRONG,False,False
1465,5,Surprise,5,3,5,5,EARLY_CORRECT_LATE_WRONG,True,True
1466,3,Happy,3,3,3,3,BOTH_CORRECT,False,False
1467,3,Happy,3,3,3,3,BOTH_CORRECT,False,False
1468,5,Surprise,5,5,5,5,BOTH_CORRECT,False,False
1469,3,Happy,3,3,3,3,BOTH_CORRECT,False,False
1470,4,Sad,4,4,4,4,BOTH_CORRECT,False,False
1471,3,Happy,4,3,3,3,EARLY_WRONG_LATE_CORRECT,False,False
1472,4,Sad,2,4,4,4,EARLY_WRONG_LATE_CORRECT,False,False
1473,3,Happy,3,3,3,3,BOTH_CORRECT,False,False
1474,4,Sad,4,4,4,4,BOTH_CORRECT,False,False
1475,5,Surprise,5,5,5,5,BOTH_CORRECT,False,False
1476,3,Happy,3,3,3,3,BOTH_CORRECT,False,False
1477,3,Happy,3,4,4,4,EARLY_CORRECT_LATE_WRONG,False,False
1478,3,Happy,3,3,3,3,BOTH_CORRECT,False,False
1479,3,Happy,3,3,3,3,BOTH_CORRECT,False,False
1480,6,Neutral,6,6,6,6,BOTH_CORRECT,False,False
1481,5,Surprise,5,5,5,5,BOTH_CORRECT,False,False
1482,2,Fear,5,2,2,2,EARLY_WRONG_LATE_CORRECT,False,False
1483,5,Surprise,5,5,5,5,BOTH_CORRECT,False,False
1484,3,Happy,3,3,3,3,BOTH_CORRECT,False,False
1485,0,Angry,0,0,0,0,BOTH_CORRECT,False,False
1486,6,Neutral,6,6,6,6,BOTH_CORRECT,False,False
1487,2,Fear,2,2,2,2,BOTH_CORRECT,False,False
1488,6,Neutral,2,0,0,0,BOTH_WRONG,False,False
1489,6,Neutral,3,3,3,3,BOTH_WRONG,False,False
1490,6,Neutral,6,3,5,5,EARLY_CORRECT_LATE_WRONG,False,False
1491,6,Neutral,6,6,6,6,BOTH_CORRECT,False,False
1492,3,Happy,3,3,3,3,BOTH_CORRECT,False,False
1493,5,Surprise,3,3,3,3,BOTH_WRONG,False,False
1494,6,Neutral,6,6,6,6,BOTH_CORRECT,False,False
1495,5,Surprise,5,5,5,5,BOTH_CORRECT,False,False
1496,2,Fear,0,2,2,0,EARLY_WRONG_LATE_CORRECT,False,False
1497,2,Fear,4,2,2,2,EARLY_WRONG_LATE_CORRECT,False,False
1498,2,Fear,6,2,2,2,EARLY_WRONG_LATE_CORRECT,False,False
1499,4,Sad,4,4,4,4,BOTH_CORRECT,False,False
1500,5,Surprise,5,5,5,5,BOTH_CORRECT,False,False
1501,6,Neutral,6,6,6,6,BOTH_CORRECT,False,False
1502,4,Sad,4,4,4,4,BOTH_CORRECT,False,False
1503,6,Neutral,2,6,6,6,EARLY_WRONG_LATE_CORRECT,False,False
1504,0,Angry,5,2,2,2,BOTH_WRONG,False,False
1505,4,Sad,4,4,4,4,BOTH_CORRECT,False,False
1506,4,Sad,4,4,4,4,BOTH_CORRECT,False,False
1507,3,Happy,3,3,3,3,BOTH_CORRECT,False,False
1508,3,Happy,3,3,3,3,BOTH_CORRECT,False,False
1509,6,Neutral,6,6,6,6,BOTH_CORRECT,False,False
1510,4,Sad,2,4,4,4,EARLY_WRONG_LATE_CORRECT,False,False
1511,6,Neutral,3,6,6,6,EARLY_WRONG_LATE_CORRECT,False,False
1512,3,Happy,6,3,3,3,EARLY_WRONG_LATE_CORRECT,False,False
1513,2,Fear,2,2,2,2,BOTH_CORRECT,False,False
1514,5,Surprise,0,0,0,0,BOTH_WRONG,False,False
1515,4,Sad,2,3,3,3,BOTH_WRONG,False,False
1516,5,Surprise,5,5,5,5,BOTH_CORRECT,False,False
1517,4,Sad,2,0,0,0,BOTH_WRONG,False,False
1518,0,Angry,0,0,0,0,BOTH_CORRECT,False,False
1519,3,Happy,3,3,3,3,BOTH_CORRECT,False,False
1520,6,Neutral,0,0,0,0,BOTH_WRONG,False,False
1521,0,Angry,0,0,0,0,BOTH_CORRECT,False,False
1522,4,Sad,6,4,4,4,EARLY_WRONG_LATE_CORRECT,False,False
1523,2,Fear,5,5,5,5,BOTH_WRONG,False,False
1524,4,Sad,6,4,4,2,EARLY_WRONG_LATE_CORRECT,False,False
1525,6,Neutral,6,6,6,6,BOTH_CORRECT,False,False
1526,0,Angry,5,5,5,5,BOTH_WRONG,False,False
1527,3,Happy,2,2,2,2,BOTH_WRONG,False,False
1528,2,Fear,2,2,2,2,BOTH_CORRECT,False,False
1529,6,Neutral,6,6,6,6,BOTH_CORRECT,False,False
1530,2,Fear,5,2,5,5,EARLY_WRONG_LATE_CORRECT,False,False
1531,2,Fear,2,2,2,2,BOTH_CORRECT,False,False
1532,3,Happy,3,3,3,3,BOTH_CORRECT,False,False
1533,2,Fear,3,3,3,3,BOTH_WRONG,False,False
1534,5,Surprise,5,5,5,5,BOTH_CORRECT,False,False
1535,2,Fear,2,2,2,2,BOTH_CORRECT,False,False
1536,3,Happy,3,3,3,3,BOTH_CORRECT,False,False
1537,0,Angry,6,6,6,6,BOTH_WRONG,False,False
1538,2,Fear,2,4,4,4,EARLY_CORRECT_LATE_WRONG,False,False
1539,3,Happy,3,3,3,3,BOTH_CORRECT,False,False
1540,3,Happy,3,3,3,3,BOTH_CORRECT,False,False
1541,2,Fear,4,2,2,2,EARLY_WRONG_LATE_CORRECT,False,False
1542,4,Sad,2,2,2,2,BOTH_WRONG,False,False
1543,1,Disgust,0,0,0,0,BOTH_WRONG,False,False
1544,2,Fear,4,0,6,0,BOTH_WRONG,False,False
1545,4,Sad,4,4,4,4,BOTH_CORRECT,False,False
1546,6,Neutral,6,6,6,6,BOTH_CORRECT,False,False
1547,3,Happy,3,3,3,3,BOTH_CORRECT,False,False
1548,6,Neutral,6,4,4,4,EARLY_CORRECT_LATE_WRONG,False,False
1549,6,Neutral,4,4,2,4,BOTH_WRONG,False,False
1550,0,Angry,0,0,0,0,BOTH_CORRECT,False,False
1551,0,Angry,0,0,0,4,BOTH_CORRECT,False,False
1552,3,Happy,3,3,3,3,BOTH_CORRECT,False,False
1553,0,Angry,0,0,0,0,BOTH_CORRECT,False,False
1554,3,Happy,6,6,6,6,BOTH_WRONG,False,False
1555,3,Happy,3,3,3,3,BOTH_CORRECT,False,False
1556,3,Happy,3,3,3,3,BOTH_CORRECT,False,False
1557,6,Neutral,6,6,6,6,BOTH_CORRECT,False,False
1558,3,Happy,3,3,3,3,BOTH_CORRECT,False,False
1559,0,Angry,0,0,0,0,BOTH_CORRECT,False,False
1560,6,Neutral,6,6,4,6,BOTH_CORRECT,False,False
1561,4,Sad,4,4,4,4,BOTH_CORRECT,False,False
1562,6,Neutral,6,6,6,6,BOTH_CORRECT,False,False
1563,4,Sad,4,4,4,4,BOTH_CORRECT,False,False
1564,0,Angry,4,4,4,4,BOTH_WRONG,False,False
1565,4,Sad,4,4,4,4,BOTH_CORRECT,False,False
1566,6,Neutral,6,6,6,6,BOTH_CORRECT,False,False
1567,3,Happy,4,0,0,0,BOTH_WRONG,False,False
1568,4,Sad,4,4,4,4,BOTH_CORRECT,False,False
1569,6,Neutral,5,6,6,6,EARLY_WRONG_LATE_CORRECT,False,False
1570,2,Fear,2,4,4,4,EARLY_CORRECT_LATE_WRONG,False,False
1571,3,Happy,6,3,5,5,EARLY_WRONG_LATE_CORRECT,False,False
1572,6,Neutral,6,6,6,6,BOTH_CORRECT,False,False
1573,5,Surprise,5,5,5,5,BOTH_CORRECT,False,False
1574,6,Neutral,6,6,6,6,BOTH_CORRECT,False,False
1575,3,Happy,3,3,3,3,BOTH_CORRECT,False,False
1576,0,Angry,0,0,0,0,BOTH_CORRECT,False,False
1577,3,Happy,3,3,3,3,BOTH_CORRECT,False,False
1578,6,Neutral,6,6,6,6,BOTH_CORRECT,False,False
1579,3,Happy,3,3,3,3,BOTH_CORRECT,False,False
1580,4,Sad,2,5,5,2,BOTH_WRONG,False,False
1581,0,Angry,6,6,6,6,BOTH_WRONG,False,False
1582,3,Happy,0,3,3,3,EARLY_WRONG_LATE_CORRECT,False,False
1583,4,Sad,4,4,4,4,BOTH_CORRECT,False,False
1584,5,Surprise,5,5,5,5,BOTH_CORRECT,False,False
1585,6,Neutral,6,6,6,6,BOTH_CORRECT,False,False
1586,6,Neutral,4,2,6,6,BOTH_WRONG,False,False
1587,2,Fear,6,2,2,2,EARLY_WRONG_LATE_CORRECT,False,False
1588,3,Happy,4,2,0,2,BOTH_WRONG,False,False
1589,4,Sad,4,4,4,4,BOTH_CORRECT,False,False
1590,3,Happy,3,3,3,3,BOTH_CORRECT,False,False
1591,5,Surprise,5,5,5,5,BOTH_CORRECT,False,False
1592,6,Neutral,6,6,6,6,BOTH_CORRECT,False,False
1593,0,Angry,0,0,0,0,BOTH_CORRECT,False,False
1594,5,Surprise,6,6,6,6,BOTH_WRONG,False,False
1595,6,Neutral,4,4,4,4,BOTH_WRONG,False,False
1596,0,Angry,0,0,0,0,BOTH_CORRECT,False,False
1597,2,Fear,6,5,5,3,BOTH_WRONG,False,False
1598,3,Happy,2,3,3,3,EARLY_WRONG_LATE_CORRECT,False,False
1599,4,Sad,4,4,6,4,BOTH_CORRECT,False,False
1600,0,Angry,1,2,2,2,BOTH_WRONG,False,False
1601,4,Sad,0,4,4,4,EARLY_WRONG_LATE_CORRECT,False,False
1602,6,Neutral,6,6,6,6,BOTH_CORRECT,False,False
1603,5,Surprise,5,5,5,5,BOTH_CORRECT,False,False
1604,6,Neutral,4,6,6,6,EARLY_WRONG_LATE_CORRECT,False,False
1605,4,Sad,2,2,2,2,BOTH_WRONG,False,False
1606,2,Fear,6,4,4,4,BOTH_WRONG,False,False
1607,2,Fear,4,5,5,5,BOTH_WRONG,False,False
1608,0,Angry,0,0,0,0,BOTH_CORRECT,False,False
1609,2,Fear,2,2,2,2,BOTH_CORRECT,False,False
1610,6,Neutral,6,6,6,6,BOTH_CORRECT,False,False
1611,0,Angry,4,4,4,0,BOTH_WRONG,False,False
1612,2,Fear,2,2,2,2,BOTH_CORRECT,False,False
1613,5,Surprise,3,3,3,3,BOTH_WRONG,False,False
1614,4,Sad,6,2,0,2,BOTH_WRONG,False,False
1615,2,Fear,3,3,3,3,BOTH_WRONG,False,False
1616,0,Angry,2,2,2,2,BOTH_WRONG,False,False
1617,4,Sad,3,4,4,4,EARLY_WRONG_LATE_CORRECT,False,False
1618,0,Angry,0,0,0,0,BOTH_CORRECT,False,False
1619,3,Happy,3,3,3,3,BOTH_CORRECT,False,False
1620,3,Happy,3,3,3,3,BOTH_CORRECT,False,False
1621,3,Happy,3,3,3,3,BOTH_CORRECT,False,False
1622,4,Sad,4,6,6,6,EARLY_CORRECT_LATE_WRONG,False,False
1623,3,Happy,3,3,3,3,BOTH_CORRECT,False,False
1624,2,Fear,2,2,2,2,BOTH_CORRECT,False,False
1625,3,Happy,0,3,3,3,EARLY_WRONG_LATE_CORRECT,False,False
1626,2,Fear,4,2,2,2,EARLY_WRONG_LATE_CORRECT,False,False
1627,5,Surprise,2,2,0,2,BOTH_WRONG,False,False
1628,3,Happy,3,3,3,3,BOTH_CORRECT,False,False
1629,3,Happy,3,3,3,3,BOTH_CORRECT,False,False
1630,6,Neutral,6,6,6,6,BOTH_CORRECT,False,False
1631,0,Angry,0,0,0,0,BOTH_CORRECT,False,False
1632,3,Happy,3,3,3,3,BOTH_CORRECT,False,False
1633,3,Happy,3,3,3,3,BOTH_CORRECT,False,False
1634,3,Happy,3,3,3,3,BOTH_CORRECT,False,False
1635,4,Sad,2,2,2,2,BOTH_WRONG,False,False
1636,6,Neutral,6,6,6,6,BOTH_CORRECT,False,False
1637,6,Neutral,6,2,2,2,EARLY_CORRECT_LATE_WRONG,False,False
1638,1,Disgust,5,4,4,4,BOTH_WRONG,False,False
1639,3,Happy,2,2,2,2,BOTH_WRONG,False,False
1640,2,Fear,6,2,2,2,EARLY_WRONG_LATE_CORRECT,False,False
1641,3,Happy,3,3,3,3,BOTH_CORRECT,False,False
1642,3,Happy,3,3,3,3,BOTH_CORRECT,False,False
1643,6,Neutral,3,2,2,2,BOTH_WRONG,False,False
1644,6,Neutral,3,3,3,3,BOTH_WRONG,False,False
1645,6,Neutral,6,3,3,3,EARLY_CORRECT_LATE_WRONG,False,False
1646,5,Surprise,5,5,5,5,BOTH_CORRECT,False,False
1647,2,Fear,4,4,4,4,BOTH_WRONG,False,False
1648,2,Fear,6,6,6,2,BOTH_WRONG,False,False
1649,4,Sad,4,4,4,4,BOTH_CORRECT,False,False
1650,3,Happy,3,3,3,3,BOTH_CORRECT,False,False
1651,2,Fear,3,3,3,3,BOTH_WRONG,False,False
1652,3,Happy,3,3,3,3,BOTH_CORRECT,False,False
1653,6,Neutral,5,2,2,2,BOTH_WRONG,False,False
1654,4,Sad,6,6,6,6,BOTH_WRONG,False,False
1655,4,Sad,4,4,4,4,BOTH_CORRECT,False,False
1656,6,Neutral,0,0,0,0,BOTH_WRONG,False,False
1657,6,Neutral,6,4,4,4,EARLY_CORRECT_LATE_WRONG,False,False
1658,6,Neutral,6,6,6,6,BOTH_CORRECT,False,False
1659,5,Surprise,6,6,0,5,BOTH_WRONG,False,False
1660,1,Disgust,1,1,1,1,BOTH_CORRECT,False,False
1661,6,Neutral,3,3,3,3,BOTH_WRONG,False,False
1662,6,Neutral,4,4,4,4,BOTH_WRONG,False,False
1663,3,Happy,3,3,3,3,BOTH_CORRECT,False,False
1664,6,Neutral,4,4,4,4,BOTH_WRONG,False,False
1665,6,Neutral,6,6,6,6,BOTH_CORRECT,False,False
1666,2,Fear,3,0,0,0,BOTH_WRONG,False,False
1667,6,Neutral,6,6,6,6,BOTH_CORRECT,False,False
1668,4,Sad,0,4,4,4,EARLY_WRONG_LATE_CORRECT,False,False
1669,4,Sad,4,4,4,4,BOTH_CORRECT,False,False
1670,6,Neutral,6,4,4,4,EARLY_CORRECT_LATE_WRONG,False,False
1671,3,Happy,0,0,0,0,BOTH_WRONG,False,False
1672,2,Fear,4,6,6,6,BOTH_WRONG,False,False
1673,0,Angry,3,3,3,3,BOTH_WRONG,False,False
1674,4,Sad,1,1,0,1,BOTH_WRONG,False,False
1675,0,Angry,0,0,0,0,BOTH_CORRECT,False,False
1676,6,Neutral,6,6,6,6,BOTH_CORRECT,False,False
1677,6,Neutral,6,6,3,6,BOTH_CORRECT,False,False
1678,5,Surprise,5,5,5,5,BOTH_CORRECT,False,False
1679,5,Surprise,5,5,5,5,BOTH_CORRECT,False,False
1680,4,Sad,2,2,2,2,BOTH_WRONG,False,False
1681,5,Surprise,5,5,5,5,BOTH_CORRECT,False,False
1682,3,Happy,6,6,6,6,BOTH_WRONG,False,False
1683,3,Happy,3,3,3,3,BOTH_CORRECT,False,False
1684,5,Surprise,5,5,5,5,BOTH_CORRECT,False,False
1685,0,Angry,0,0,0,0,BOTH_CORRECT,False,False
1686,6,Neutral,6,6,6,6,BOTH_CORRECT,False,False
1687,2,Fear,6,6,6,6,BOTH_WRONG,False,False
1688,6,Neutral,0,3,3,3,BOTH_WRONG,False,False
1689,0,Angry,6,4,4,4,BOTH_WRONG,False,False
1690,0,Angry,0,0,0,0,BOTH_CORRECT,False,False
1691,3,Happy,3,3,3,3,BOTH_CORRECT,False,False
1692,3,Happy,3,3,3,3,BOTH_CORRECT,False,False
1693,4,Sad,4,4,4,4,BOTH_CORRECT,False,False
1694,3,Happy,3,3,3,3,BOTH_CORRECT,False,False
1695,4,Sad,0,4,2,4,EARLY_WRONG_LATE_CORRECT,False,False
1696,1,Disgust,1,1,1,1,BOTH_CORRECT,False,False
1697,3,Happy,3,3,3,3,BOTH_CORRECT,False,False
1698,3,Happy,3,3,3,3,BOTH_CORRECT,False,False
1699,6,Neutral,5,6,6,6,EARLY_WRONG_LATE_CORRECT,False,False
1700,3,Happy,0,4,4,4,BOTH_WRONG,False,False
1701,4,Sad,2,2,2,2,BOTH_WRONG,False,False
1702,4,Sad,0,0,0,0,BOTH_WRONG,False,False
1703,5,Surprise,5,5,5,5,BOTH_CORRECT,False,False
1704,0,Angry,2,2,2,2,BOTH_WRONG,False,False
1705,3,Happy,3,3,3,3,BOTH_CORRECT,False,False
1706,0,Angry,0,0,0,0,BOTH_CORRECT,False,False
1707,3,Happy,3,3,3,3,BOTH_CORRECT,False,False
1708,3,Happy,3,3,3,3,BOTH_CORRECT,False,False
1709,4,Sad,4,4,4,4,BOTH_CORRECT,False,False
1710,6,Neutral,6,6,4,4,BOTH_CORRECT,False,False
1711,0,Angry,0,0,0,0,BOTH_CORRECT,False,False
1712,4,Sad,6,6,6,6,BOTH_WRONG,False,False
1713,6,Neutral,6,6,6,6,BOTH_CORRECT,False,False
1714,5,Surprise,5,5,5,5,BOTH_CORRECT,False,False
1715,3,Happy,3,3,3,3,BOTH_CORRECT,False,False
1716,3,Happy,3,3,3,3,BOTH_CORRECT,False,False
1717,6,Neutral,4,6,6,6,EARLY_WRONG_LATE_CORRECT,False,False
1718,5,Surprise,5,5,5,5,BOTH_CORRECT,False,False
1719,1,Disgust,1,1,1,1,BOTH_CORRECT,False,False
1720,6,Neutral,4,4,4,4,BOTH_WRONG,False,False
1721,0,Angry,0,0,0,0,BOTH_CORRECT,False,False
1722,3,Happy,0,3,0,0,EARLY_WRONG_LATE_CORRECT,False,False
1723,4,Sad,4,4,4,4,BOTH_CORRECT,False,False
1724,4,Sad,4,0,0,0,EARLY_CORRECT_LATE_WRONG,False,False
1725,4,Sad,6,6,6,6,BOTH_WRONG,False,False
1726,4,Sad,4,4,4,4,BOTH_CORRECT,False,False
1727,3,Happy,3,3,3,3,BOTH_CORRECT,False,False
1728,3,Happy,3,3,6,3,BOTH_CORRECT,False,False
1729,4,Sad,4,4,4,4,BOTH_CORRECT,False,False
1730,4,Sad,4,4,4,4,BOTH_CORRECT,False,False
1731,4,Sad,0,0,6,6,BOTH_WRONG,False,False
1732,6,Neutral,3,6,6,6,EARLY_WRONG_LATE_CORRECT,False,False
1733,4,Sad,4,2,2,2,EARLY_CORRECT_LATE_WRONG,False,False
1734,3,Happy,3,3,5,3,BOTH_CORRECT,False,False
1735,4,Sad,2,2,4,4,BOTH_WRONG,False,False
1736,0,Angry,3,2,2,2,BOTH_WRONG,False,False
1737,0,Angry,0,0,0,0,BOTH_CORRECT,False,False
1738,0,Angry,2,0,0,0,EARLY_WRONG_LATE_CORRECT,False,False
1739,5,Surprise,5,5,5,5,BOTH_CORRECT,False,False
1740,3,Happy,3,3,3,3,BOTH_CORRECT,False,False
1741,6,Neutral,6,0,0,0,EARLY_CORRECT_LATE_WRONG,False,False
1742,5,Surprise,5,5,5,5,BOTH_CORRECT,False,False
1743,3,Happy,3,3,3,3,BOTH_CORRECT,False,False
1744,5,Surprise,5,2,2,2,EARLY_CORRECT_LATE_WRONG,False,False
1745,6,Neutral,4,0,0,6,BOTH_WRONG,False,False
1746,4,Sad,4,2,2,2,EARLY_CORRECT_LATE_WRONG,False,False
1747,0,Angry,6,6,6,6,BOTH_WRONG,False,False
1748,6,Neutral,6,6,6,6,BOTH_CORRECT,False,False
1749,0,Angry,1,1,0,0,BOTH_WRONG,False,False
1750,2,Fear,2,2,2,2,BOTH_CORRECT,False,False
1751,0,Angry,0,0,0,0,BOTH_CORRECT,False,False
1752,5,Surprise,5,5,5,5,BOTH_CORRECT,False,False
1753,4,Sad,0,0,4,4,BOTH_WRONG,False,False
1754,3,Happy,3,3,3,3,BOTH_CORRECT,False,False
1755,2,Fear,4,4,4,4,BOTH_WRONG,False,False
1756,2,Fear,2,2,2,2,BOTH_CORRECT,False,False
1757,4,Sad,4,4,4,4,BOTH_CORRECT,False,False
1758,2,Fear,6,2,2,2,EARLY_WRONG_LATE_CORRECT,False,False
1759,2,Fear,5,5,5,5,BOTH_WRONG,False,False
1760,4,Sad,2,4,4,4,EARLY_WRONG_LATE_CORRECT,False,False
1761,0,Angry,0,0,0,0,BOTH_CORRECT,False,False
1762,3,Happy,4,6,6,6,BOTH_WRONG,False,False
1763,6,Neutral,6,4,4,4,EARLY_CORRECT_LATE_WRONG,False,False
1764,4,Sad,2,2,2,2,BOTH_WRONG,False,False
1765,6,Neutral,6,4,4,4,EARLY_CORRECT_LATE_WRONG,False,False
1766,2,Fear,4,4,4,4,BOTH_WRONG,False,False
1767,3,Happy,5,5,5,5,BOTH_WRONG,False,False
1768,3,Happy,3,3,3,3,BOTH_CORRECT,False,False
1769,3,Happy,3,3,3,3,BOTH_CORRECT,False,False
1770,0,Angry,0,2,2,2,EARLY_CORRECT_LATE_WRONG,False,False
1771,2,Fear,2,2,2,2,BOTH_CORRECT,False,False
1772,6,Neutral,3,3,3,3,BOTH_WRONG,False,False
1773,2,Fear,2,2,2,2,BOTH_CORRECT,False,False
1774,6,Neutral,3,3,3,3,BOTH_WRONG,False,False
1775,0,Angry,3,3,3,3,BOTH_WRONG,False,False
1776,6,Neutral,6,6,6,6,BOTH_CORRECT,False,False
1777,0,Angry,0,0,0,0,BOTH_CORRECT,False,False
1778,4,Sad,0,0,0,0,BOTH_WRONG,False,False
1779,6,Neutral,2,2,2,2,BOTH_WRONG,False,False
1780,5,Surprise,5,5,5,5,BOTH_CORRECT,False,False
1781,0,Angry,6,0,0,0,EARLY_WRONG_LATE_CORRECT,False,False
1782,2,Fear,2,2,2,2,BOTH_CORRECT,False,False
1783,2,Fear,2,0,4,4,EARLY_CORRECT_LATE_WRONG,False,False
1784,0,Angry,2,2,2,2,BOTH_WRONG,False,False
1785,3,Happy,3,3,3,3,BOTH_CORRECT,False,False
1786,5,Surprise,5,5,5,5,BOTH_CORRECT,False,False
1787,3,Happy,3,3,3,3,BOTH_CORRECT,False,False
1788,0,Angry,0,0,0,0,BOTH_CORRECT,False,False
1789,3,Happy,3,3,3,3,BOTH_CORRECT,False,False
1790,1,Disgust,1,1,1,1,BOTH_CORRECT,False,False
1791,3,Happy,3,3,3,3,BOTH_CORRECT,False,False
1792,2,Fear,6,2,2,2,EARLY_WRONG_LATE_CORRECT,False,False
1793,5,Surprise,5,5,5,5,BOTH_CORRECT,False,False
1794,0,Angry,4,4,4,4,BOTH_WRONG,False,False
1795,4,Sad,4,4,4,4,BOTH_CORRECT,False,False
1796,4,Sad,6,6,6,6,BOTH_WRONG,False,False
1797,0,Angry,0,0,0,0,BOTH_CORRECT,False,False
1798,5,Surprise,5,5,5,5,BOTH_CORRECT,False,False
1799,0,Angry,0,0,0,0,BOTH_CORRECT,False,False
1800,0,Angry,3,0,0,0,EARLY_WRONG_LATE_CORRECT,False,False
1801,6,Neutral,6,6,6,6,BOTH_CORRECT,False,False
1802,4,Sad,0,4,4,4,EARLY_WRONG_LATE_CORRECT,False,False
1803,6,Neutral,3,6,3,3,EARLY_WRONG_LATE_CORRECT,False,False
1804,5,Surprise,5,5,5,5,BOTH_CORRECT,False,False
1805,0,Angry,4,2,2,2,BOTH_WRONG,False,False
1806,6,Neutral,6,6,6,6,BOTH_CORRECT,False,False
1807,3,Happy,6,6,6,6,BOTH_WRONG,False,False
1808,3,Happy,3,3,3,3,BOTH_CORRECT,False,False
1809,5,Surprise,5,5,5,5,BOTH_CORRECT,False,False
1810,4,Sad,4,4,4,4,BOTH_CORRECT,False,False
1811,5,Surprise,5,5,5,5,BOTH_CORRECT,False,False
1812,3,Happy,3,3,3,3,BOTH_CORRECT,False,False
1813,6,Neutral,6,6,6,6,BOTH_CORRECT,False,False
1814,4,Sad,4,4,4,4,BOTH_CORRECT,False,False
1815,2,Fear,2,2,2,2,BOTH_CORRECT,False,False
1816,4,Sad,6,6,6,6,BOTH_WRONG,False,False
1817,0,Angry,0,0,0,0,BOTH_CORRECT,False,False
1818,6,Neutral,6,6,6,6,BOTH_CORRECT,False,False
1819,6,Neutral,2,2,2,2,BOTH_WRONG,False,False
1820,4,Sad,6,4,4,4,EARLY_WRONG_LATE_CORRECT,False,False
1821,6,Neutral,4,4,4,4,BOTH_WRONG,False,False
1822,3,Happy,3,3,3,3,BOTH_CORRECT,False,False
1823,2,Fear,0,0,0,0,BOTH_WRONG,False,False
1824,3,Happy,3,3,3,3,BOTH_CORRECT,False,False
1825,6,Neutral,0,6,6,6,EARLY_WRONG_LATE_CORRECT,False,False
1826,0,Angry,0,0,0,0,BOTH_CORRECT,False,False
1827,3,Happy,3,3,3,3,BOTH_CORRECT,False,False
1828,5,Surprise,5,5,5,5,BOTH_CORRECT,False,False
1829,2,Fear,4,4,0,1,BOTH_WRONG,False,False
1830,6,Neutral,6,6,6,6,BOTH_CORRECT,False,False
1831,4,Sad,6,6,6,6,BOTH_WRONG,False,False
1832,4,Sad,6,6,6,6,BOTH_WRONG,False,False
1833,3,Happy,3,3,3,3,BOTH_CORRECT,False,False
1834,6,Neutral,6,6,6,6,BOTH_CORRECT,False,False
1835,0,Angry,4,4,4,4,BOTH_WRONG,False,False
1836,0,Angry,0,0,0,0,BOTH_CORRECT,False,False
1837,6,Neutral,4,2,4,2,BOTH_WRONG,False,False
1838,6,Neutral,6,6,6,6,BOTH_CORRECT,False,False
1839,0,Angry,0,0,0,0,BOTH_CORRECT,False,False
1840,2,Fear,6,6,6,6,BOTH_WRONG,False,False
1841,1,Disgust,1,1,1,1,BOTH_CORRECT,False,False
1842,6,Neutral,6,6,6,6,BOTH_CORRECT,False,False
1843,4,Sad,6,6,3,6,BOTH_WRONG,False,False
1844,6,Neutral,4,4,4,4,BOTH_WRONG,False,False
1845,3,Happy,4,3,3,3,EARLY_WRONG_LATE_CORRECT,False,False
1846,2,Fear,4,4,4,4,BOTH_WRONG,False,False
1847,2,Fear,2,4,4,4,EARLY_CORRECT_LATE_WRONG,False,False
1848,4,Sad,4,4,4,4,BOTH_CORRECT,False,False
1849,2,Fear,1,3,3,3,BOTH_WRONG,False,False
1850,6,Neutral,3,6,6,6,EARLY_WRONG_LATE_CORRECT,False,False
1851,3,Happy,3,3,3,3,BOTH_CORRECT,False,False
1852,6,Neutral,6,6,6,6,BOTH_CORRECT,False,False
1853,2,Fear,2,2,2,2,BOTH_CORRECT,False,False
1854,0,Angry,0,0,0,0,BOTH_CORRECT,False,False
1855,2,Fear,2,2,2,2,BOTH_CORRECT,False,False
1856,4,Sad,2,4,2,2,EARLY_WRONG_LATE_CORRECT,False,False
1857,6,Neutral,3,3,3,3,BOTH_WRONG,False,False
1858,5,Surprise,5,5,5,5,BOTH_CORRECT,False,False
1859,5,Surprise,2,5,5,5,EARLY_WRONG_LATE_CORRECT,False,False
1860,3,Happy,3,3,3,3,BOTH_CORRECT,False,False
1861,2,Fear,4,4,4,4,BOTH_WRONG,False,False
1862,3,Happy,3,3,3,3,BOTH_CORRECT,False,False
1863,3,Happy,6,6,6,6,BOTH_WRONG,False,False
1864,5,Surprise,5,5,5,5,BOTH_CORRECT,False,False
1865,5,Surprise,5,5,5,5,BOTH_CORRECT,False,False
1866,4,Sad,4,4,4,4,BOTH_CORRECT,False,False
1867,4,Sad,6,6,6,6,BOTH_WRONG,False,False
1868,3,Happy,3,3,3,3,BOTH_CORRECT,False,False
1869,2,Fear,4,2,2,2,EARLY_WRONG_LATE_CORRECT,False,False
1870,2,Fear,2,2,2,2,BOTH_CORRECT,False,False
1871,3,Happy,3,2,2,2,EARLY_CORRECT_LATE_WRONG,False,False
1872,6,Neutral,6,6,6,6,BOTH_CORRECT,False,False
1873,3,Happy,3,3,3,3,BOTH_CORRECT,False,False
1874,6,Neutral,4,2,2,2,BOTH_WRONG,False,False
1875,0,Angry,2,3,3,3,BOTH_WRONG,False,False
1876,3,Happy,3,3,3,3,BOTH_CORRECT,False,False
1877,5,Surprise,5,5,5,5,BOTH_CORRECT,False,False
1878,3,Happy,3,3,3,3,BOTH_CORRECT,False,False
1879,4,Sad,4,4,4,4,BOTH_CORRECT,False,False
1880,0,Angry,0,0,0,0,BOTH_CORRECT,False,False
1881,5,Surprise,5,5,5,5,BOTH_CORRECT,False,False
1882,5,Surprise,5,5,5,5,BOTH_CORRECT,False,False
1883,0,Angry,3,3,3,3,BOTH_WRONG,False,False
1884,0,Angry,4,4,4,2,BOTH_WRONG,False,False
1885,2,Fear,5,2,2,2,EARLY_WRONG_LATE_CORRECT,False,False
1886,4,Sad,4,4,4,4,BOTH_CORRECT,False,False
1887,5,Surprise,5,5,5,5,BOTH_CORRECT,False,False
1888,5,Surprise,5,5,5,5,BOTH_CORRECT,False,False
1889,5,Surprise,5,5,5,5,BOTH_CORRECT,False,False
1890,0,Angry,2,2,2,2,BOTH_WRONG,False,False
1891,6,Neutral,6,4,6,6,EARLY_CORRECT_LATE_WRONG,True,True
1892,1,Disgust,0,1,1,1,EARLY_WRONG_LATE_CORRECT,False,False
1893,4,Sad,0,0,0,0,BOTH_WRONG,False,False
1894,3,Happy,0,0,0,3,BOTH_WRONG,False,False
1895,3,Happy,2,3,3,3,EARLY_WRONG_LATE_CORRECT,False,False
1896,0,Angry,0,0,0,0,BOTH_CORRECT,False,False
1897,2,Fear,2,2,2,2,BOTH_CORRECT,False,False
1898,4,Sad,4,3,3,4,EARLY_CORRECT_LATE_WRONG,False,True
1899,3,Happy,3,3,3,3,BOTH_CORRECT,False,False
1900,0,Angry,6,2,2,2,BOTH_WRONG,False,False
1901,3,Happy,3,3,3,3,BOTH_CORRECT,False,False
1902,4,Sad,4,4,4,4,BOTH_CORRECT,False,False
1903,5,Surprise,6,5,2,3,EARLY_WRONG_LATE_CORRECT,False,False
1904,6,Neutral,3,3,3,3,BOTH_WRONG,False,False
1905,6,Neutral,6,6,0,6,BOTH_CORRECT,False,False
1906,6,Neutral,6,6,6,6,BOTH_CORRECT,False,False
1907,6,Neutral,6,6,6,6,BOTH_CORRECT,False,False
1908,4,Sad,4,2,0,0,EARLY_CORRECT_LATE_WRONG,False,False
1909,6,Neutral,6,6,6,6,BOTH_CORRECT,False,False
1910,0,Angry,0,0,0,0,BOTH_CORRECT,False,False
1911,5,Surprise,5,5,5,5,BOTH_CORRECT,False,False
1912,2,Fear,4,4,4,4,BOTH_WRONG,False,False
1913,6,Neutral,6,4,4,4,EARLY_CORRECT_LATE_WRONG,False,False
1914,5,Surprise,2,2,2,2,BOTH_WRONG,False,False
1915,6,Neutral,6,6,6,6,BOTH_CORRECT,False,False
1916,5,Surprise,5,5,5,5,BOTH_CORRECT,False,False
1917,3,Happy,3,3,3,3,BOTH_CORRECT,False,False
1918,0,Angry,4,2,2,2,BOTH_WRONG,False,False
1919,5,Surprise,5,5,5,5,BOTH_CORRECT,False,False
1920,2,Fear,6,2,2,2,EARLY_WRONG_LATE_CORRECT,False,False
1921,5,Surprise,5,5,5,5,BOTH_CORRECT,False,False
1922,0,Angry,4,4,4,4,BOTH_WRONG,False,False
1923,4,Sad,0,2,2,2,BOTH_WRONG,False,False
1924,4,Sad,4,4,4,4,BOTH_CORRECT,False,False
1925,4,Sad,5,2,2,2,BOTH_WRONG,False,False
1926,3,Happy,0,3,3,3,EARLY_WRONG_LATE_CORRECT,False,False
1927,3,Happy,3,3,3,3,BOTH_CORRECT,False,False
1928,3,Happy,3,3,3,3,BOTH_CORRECT,False,False
1929,2,Fear,4,6,6,6,BOTH_WRONG,False,False
1930,1,Disgust,4,1,0,1,EARLY_WRONG_LATE_CORRECT,False,False
1931,5,Surprise,5,5,5,5,BOTH_CORRECT,False,False
1932,2,Fear,2,2,2,2,BOTH_CORRECT,False,False
1933,6,Neutral,1,1,1,1,BOTH_WRONG,False,False
1934,6,Neutral,6,6,6,6,BOTH_CORRECT,False,False
1935,5,Surprise,5,5,5,5,BOTH_CORRECT,False,False
1936,4,Sad,6,6,6,6,BOTH_WRONG,False,False
1937,3,Happy,3,3,3,3,BOTH_CORRECT,False,False
1938,6,Neutral,6,6,6,6,BOTH_CORRECT,False,False
1939,5,Surprise,5,5,5,5,BOTH_CORRECT,False,False
1940,0,Angry,3,6,6,6,BOTH_WRONG,False,False
1941,4,Sad,4,4,4,4,BOTH_CORRECT,False,False
1942,3,Happy,3,3,3,3,BOTH_CORRECT,False,False
1943,3,Happy,3,3,3,3,BOTH_CORRECT,False,False
1944,4,Sad,3,4,6,4,EARLY_WRONG_LATE_CORRECT,False,False
1945,4,Sad,1,5,5,5,BOTH_WRONG,False,False
1946,4,Sad,0,0,0,0,BOTH_WRONG,False,False
1947,4,Sad,2,2,2,2,BOTH_WRONG,False,False
1948,2,Fear,2,2,2,2,BOTH_CORRECT,False,False
1949,5,Surprise,5,5,5,5,BOTH_CORRECT,False,False
1950,4,Sad,4,4,0,4,BOTH_CORRECT,False,False
1951,2,Fear,6,4,4,4,BOTH_WRONG,False,False
1952,3,Happy,6,6,6,6,BOTH_WRONG,False,False
1953,6,Neutral,6,6,6,6,BOTH_CORRECT,False,False
1954,3,Happy,3,3,3,3,BOTH_CORRECT,False,False
1955,3,Happy,4,3,3,3,EARLY_WRONG_LATE_CORRECT,False,False
1956,4,Sad,0,3,3,3,BOTH_WRONG,False,False
1957,6,Neutral,6,6,2,2,BOTH_CORRECT,False,False
1958,3,Happy,3,3,3,3,BOTH_CORRECT,False,False
1959,3,Happy,3,3,3,3,BOTH_CORRECT,False,False
1960,5,Surprise,5,5,5,5,BOTH_CORRECT,False,False
1961,3,Happy,6,6,6,6,BOTH_WRONG,False,False
1962,4,Sad,4,4,4,4,BOTH_CORRECT,False,False
1963,3,Happy,3,3,3,3,BOTH_CORRECT,False,False
1964,0,Angry,4,0,4,0,EARLY_WRONG_LATE_CORRECT,False,False
1965,4,Sad,4,2,6,6,EARLY_CORRECT_LATE_WRONG,False,False
1966,3,Happy,3,3,3,3,BOTH_CORRECT,False,False
1967,3,Happy,3,3,3,3,BOTH_CORRECT,False,False
1968,6,Neutral,6,5,6,4,EARLY_CORRECT_LATE_WRONG,True,False
1969,3,Happy,3,3,3,3,BOTH_CORRECT,False,False
1970,3,Happy,3,3,3,3,BOTH_CORRECT,False,False
1971,2,Fear,4,4,4,4,BOTH_WRONG,False,False
1972,5,Surprise,2,5,5,5,EARLY_WRONG_LATE_CORRECT,False,False
1973,3,Happy,3,3,3,3,BOTH_CORRECT,False,False
1974,3,Happy,3,3,3,3,BOTH_CORRECT,False,False
1975,6,Neutral,6,6,6,6,BOTH_CORRECT,False,False
1976,0,Angry,2,5,5,5,BOTH_WRONG,False,False
1977,6,Neutral,6,6,6,6,BOTH_CORRECT,False,False
1978,2,Fear,2,4,4,2,EARLY_CORRECT_LATE_WRONG,False,True
1979,3,Happy,3,3,3,3,BOTH_CORRECT,False,False
1980,3,Happy,6,6,6,6,BOTH_WRONG,False,False
1981,0,Angry,0,5,5,3,EARLY_CORRECT_LATE_WRONG,False,False
1982,4,Sad,2,2,2,2,BOTH_WRONG,False,False
1983,6,Neutral,6,4,4,6,EARLY_CORRECT_LATE_WRONG,False,True
1984,3,Happy,3,3,3,3,BOTH_CORRECT,False,False
1985,0,Angry,4,4,4,4,BOTH_WRONG,False,False
1986,2,Fear,2,4,4,4,EARLY_CORRECT_LATE_WRONG,False,False
1987,0,Angry,0,0,0,0,BOTH_CORRECT,False,False
1988,3,Happy,3,3,3,3,BOTH_CORRECT,False,False
1989,3,Happy,3,3,3,3,BOTH_CORRECT,False,False
1990,2,Fear,4,4,4,4,BOTH_WRONG,False,False
1991,3,Happy,5,5,5,5,BOTH_WRONG,False,False
1992,4,Sad,6,6,6,6,BOTH_WRONG,False,False
1993,4,Sad,4,4,4,4,BOTH_CORRECT,False,False
1994,6,Neutral,6,6,6,6,BOTH_CORRECT,False,False
1995,3,Happy,3,3,3,3,BOTH_CORRECT,False,False
1996,4,Sad,6,6,6,6,BOTH_WRONG,False,False
1997,2,Fear,4,4,2,2,BOTH_WRONG,False,False
1998,6,Neutral,6,6,6,6,BOTH_CORRECT,False,False
1999,6,Neutral,4,4,6,6,BOTH_WRONG,False,False
2000,0,Angry,0,0,0,0,BOTH_CORRECT,False,False
2001,3,Happy,3,3,3,3,BOTH_CORRECT,False,False
2002,4,Sad,6,4,4,4,EARLY_WRONG_LATE_CORRECT,False,False
2003,4,Sad,4,4,4,4,BOTH_CORRECT,False,False
2004,6,Neutral,6,6,6,6,BOTH_CORRECT,False,False
2005,5,Surprise,5,5,5,5,BOTH_CORRECT,False,False
2006,4,Sad,4,4,4,4,BOTH_CORRECT,False,False
2007,2,Fear,2,4,4,4,EARLY_CORRECT_LATE_WRONG,False,False
2008,6,Neutral,2,6,6,6,EARLY_WRONG_LATE_CORRECT,False,False
2009,6,Neutral,4,0,0,0,BOTH_WRONG,False,False
2010,1,Disgust,1,1,1,1,BOTH_CORRECT,False,False
2011,3,Happy,3,3,3,3,BOTH_CORRECT,False,False
2012,2,Fear,2,2,2,2,BOTH_CORRECT,False,False
2013,6,Neutral,2,4,4,4,BOTH_WRONG,False,False
2014,2,Fear,2,2,2,2,BOTH_CORRECT,False,False
2015,3,Happy,6,6,6,6,BOTH_WRONG,False,False
2016,5,Surprise,5,5,5,5,BOTH_CORRECT,False,False
2017,5,Surprise,5,5,5,5,BOTH_CORRECT,False,False
2018,2,Fear,1,4,4,4,BOTH_WRONG,False,False
2019,3,Happy,4,4,4,6,BOTH_WRONG,False,False
2020,2,Fear,2,2,2,2,BOTH_CORRECT,False,False
2021,3,Happy,3,3,3,3,BOTH_CORRECT,False,False
2022,4,Sad,2,4,4,4,EARLY_WRONG_LATE_CORRECT,False,False
2023,2,Fear,4,2,2,2,EARLY_WRONG_LATE_CORRECT,False,False
2024,2,Fear,2,2,2,2,BOTH_CORRECT,False,False
2025,3,Happy,3,3,3,3,BOTH_CORRECT,False,False
2026,2,Fear,0,0,0,0,BOTH_WRONG,False,False
2027,6,Neutral,0,0,0,0,BOTH_WRONG,False,False
2028,3,Happy,3,3,3,3,BOTH_CORRECT,False,False
2029,3,Happy,3,3,3,3,BOTH_CORRECT,False,False
2030,5,Surprise,0,0,4,0,BOTH_WRONG,False,False
2031,4,Sad,5,5,5,5,BOTH_WRONG,False,False
2032,3,Happy,4,4,4,4,BOTH_WRONG,False,False
2033,0,Angry,0,0,0,0,BOTH_CORRECT,False,False
2034,4,Sad,2,2,4,4,BOTH_WRONG,False,False
2035,2,Fear,4,4,6,6,BOTH_WRONG,False,False
2036,0,Angry,0,0,0,0,BOTH_CORRECT,False,False
2037,0,Angry,6,6,6,6,BOTH_WRONG,False,False
2038,2,Fear,2,2,2,2,BOTH_CORRECT,False,False
2039,2,Fear,3,2,2,2,EARLY_WRONG_LATE_CORRECT,False,False
2040,3,Happy,3,3,3,3,BOTH_CORRECT,False,False
2041,4,Sad,0,4,4,4,EARLY_WRONG_LATE_CORRECT,False,False
2042,5,Surprise,5,5,5,5,BOTH_CORRECT,False,False
2043,4,Sad,4,4,4,4,BOTH_CORRECT,False,False
2044,2,Fear,2,2,2,2,BOTH_CORRECT,False,False
2045,2,Fear,4,0,0,0,BOTH_WRONG,False,False
2046,3,Happy,3,3,3,3,BOTH_CORRECT,False,False
2047,0,Angry,4,4,4,4,BOTH_WRONG,False,False
2048,4,Sad,6,6,6,6,BOTH_WRONG,False,False
2049,2,Fear,2,2,2,2,BOTH_CORRECT,False,False
2050,0,Angry,0,0,0,0,BOTH_CORRECT,False,False
2051,3,Happy,3,3,3,3,BOTH_CORRECT,False,False
2052,1,Disgust,1,1,1,1,BOTH_CORRECT,False,False
2053,6,Neutral,4,6,4,6,EARLY_WRONG_LATE_CORRECT,False,False
2054,4,Sad,6,4,4,4,EARLY_WRONG_LATE_CORRECT,False,False
2055,4,Sad,4,2,2,2,EARLY_CORRECT_LATE_WRONG,False,False
2056,6,Neutral,3,6,6,6,EARLY_WRONG_LATE_CORRECT,False,False
2057,6,Neutral,3,6,6,6,EARLY_WRONG_LATE_CORRECT,False,False
2058,4,Sad,4,4,4,4,BOTH_CORRECT,False,False
2059,3,Happy,3,3,3,3,BOTH_CORRECT,False,False
2060,5,Surprise,5,5,5,5,BOTH_CORRECT,False,False
2061,2,Fear,2,2,2,2,BOTH_CORRECT,False,False
2062,3,Happy,3,3,3,3,BOTH_CORRECT,False,False
2063,3,Happy,3,3,3,3,BOTH_CORRECT,False,False
2064,1,Disgust,1,1,1,1,BOTH_CORRECT,False,False
2065,2,Fear,0,2,2,2,EARLY_WRONG_LATE_CORRECT,False,False
2066,6,Neutral,0,6,6,6,EARLY_WRONG_LATE_CORRECT,False,False
2067,4,Sad,0,2,2,2,BOTH_WRONG,False,False
2068,3,Happy,3,3,3,3,BOTH_CORRECT,False,False
2069,5,Surprise,5,5,5,5,BOTH_CORRECT,False,False
2070,3,Happy,3,3,3,3,BOTH_CORRECT,False,False
2071,3,Happy,3,3,3,3,BOTH_CORRECT,False,False
2072,1,Disgust,6,1,1,1,EARLY_WRONG_LATE_CORRECT,False,False
2073,6,Neutral,4,6,6,6,EARLY_WRONG_LATE_CORRECT,False,False
2074,0,Angry,0,0,0,0,BOTH_CORRECT,False,False
2075,4,Sad,6,6,6,6,BOTH_WRONG,False,False
2076,4,Sad,2,4,4,4,EARLY_WRONG_LATE_CORRECT,False,False
2077,6,Neutral,4,4,4,4,BOTH_WRONG,False,False
2078,5,Surprise,5,5,5,5,BOTH_CORRECT,False,False
2079,6,Neutral,0,0,0,0,BOTH_WRONG,False,False
2080,4,Sad,0,2,2,2,BOTH_WRONG,False,False
2081,5,Surprise,5,5,5,5,BOTH_CORRECT,False,False
2082,4,Sad,4,4,4,4,BOTH_CORRECT,False,False
2083,5,Surprise,5,5,5,5,BOTH_CORRECT,False,False
2084,3,Happy,6,6,6,6,BOTH_WRONG,False,False
2085,6,Neutral,4,2,2,2,BOTH_WRONG,False,False
2086,3,Happy,3,3,3,3,BOTH_CORRECT,False,False
2087,3,Happy,3,3,3,3,BOTH_CORRECT,False,False
2088,0,Angry,0,0,0,0,BOTH_CORRECT,False,False
2089,2,Fear,6,6,6,6,BOTH_WRONG,False,False
2090,2,Fear,0,0,0,0,BOTH_WRONG,False,False
2091,4,Sad,6,6,0,6,BOTH_WRONG,False,False
2092,3,Happy,3,3,3,3,BOTH_CORRECT,False,False
2093,3,Happy,3,3,3,3,BOTH_CORRECT,False,False
2094,2,Fear,4,0,0,0,BOTH_WRONG,False,False
2095,3,Happy,3,3,3,3,BOTH_CORRECT,False,False
2096,3,Happy,3,3,3,3,BOTH_CORRECT,False,False
2097,2,Fear,3,4,3,3,BOTH_WRONG,False,False
2098,3,Happy,5,3,3,3,EARLY_WRONG_LATE_CORRECT,False,False
2099,3,Happy,0,0,0,0,BOTH_WRONG,False,False
2100,6,Neutral,6,6,6,6,BOTH_CORRECT,False,False
2101,4,Sad,4,4,4,4,BOTH_CORRECT,False,False
2102,5,Surprise,5,5,5,5,BOTH_CORRECT,False,False
2103,3,Happy,3,0,3,0,EARLY_CORRECT_LATE_WRONG,True,False
2104,2,Fear,2,2,2,2,BOTH_CORRECT,False,False
2105,3,Happy,3,3,3,3,BOTH_CORRECT,False,False
2106,0,Angry,6,4,4,4,BOTH_WRONG,False,False
2107,4,Sad,4,4,4,4,BOTH_CORRECT,False,False
2108,4,Sad,2,4,4,4,EARLY_WRONG_LATE_CORRECT,False,False
2109,4,Sad,4,4,4,4,BOTH_CORRECT,False,False
2110,6,Neutral,2,2,2,2,BOTH_WRONG,False,False
2111,3,Happy,3,3,3,3,BOTH_CORRECT,False,False
2112,5,Surprise,5,5,5,5,BOTH_CORRECT,False,False
2113,3,Happy,3,3,3,3,BOTH_CORRECT,False,False
2114,3,Happy,3,3,3,3,BOTH_CORRECT,False,False
2115,3,Happy,3,3,3,3,BOTH_CORRECT,False,False
2116,3,Happy,3,3,3,3,BOTH_CORRECT,False,False
2117,3,Happy,3,3,3,3,BOTH_CORRECT,False,False
2118,3,Happy,3,3,3,3,BOTH_CORRECT,False,False
2119,1,Disgust,1,1,1,1,BOTH_CORRECT,False,False
2120,2,Fear,2,2,2,2,BOTH_CORRECT,False,False
2121,3,Happy,3,3,3,3,BOTH_CORRECT,False,False
2122,0,Angry,3,0,0,0,EARLY_WRONG_LATE_CORRECT,False,False
2123,3,Happy,3,3,3,3,BOTH_CORRECT,False,False
2124,4,Sad,6,6,6,6,BOTH_WRONG,False,False
2125,0,Angry,0,0,0,0,BOTH_CORRECT,False,False
2126,3,Happy,3,3,3,3,BOTH_CORRECT,False,False
2127,3,Happy,3,3,3,3,BOTH_CORRECT,False,False
2128,3,Happy,3,3,3,3,BOTH_CORRECT,False,False
2129,4,Sad,4,4,4,4,BOTH_CORRECT,False,False
2130,4,Sad,4,3,4,4,EARLY_CORRECT_LATE_WRONG,True,True
2131,2,Fear,4,4,4,4,BOTH_WRONG,False,False
2132,6,Neutral,6,6,6,6,BOTH_CORRECT,False,False
2133,3,Happy,3,3,3,3,BOTH_CORRECT,False,False
2134,6,Neutral,6,6,6,6,BOTH_CORRECT,False,False
2135,6,Neutral,6,6,6,6,BOTH_CORRECT,False,False
2136,0,Angry,0,0,0,0,BOTH_CORRECT,False,False
2137,4,Sad,0,4,4,4,EARLY_WRONG_LATE_CORRECT,False,False
2138,0,Angry,4,4,4,4,BOTH_WRONG,False,False
2139,3,Happy,3,3,3,3,BOTH_CORRECT,False,False
2140,3,Happy,3,3,3,3,BOTH_CORRECT,False,False
2141,6,Neutral,6,6,6,6,BOTH_CORRECT,False,False
2142,3,Happy,3,3,3,3,BOTH_CORRECT,False,False
2143,0,Angry,0,0,0,0,BOTH_CORRECT,False,False
2144,4,Sad,0,0,0,0,BOTH_WRONG,False,False
2145,3,Happy,3,3,3,3,BOTH_CORRECT,False,False
2146,3,Happy,3,3,3,3,BOTH_CORRECT,False,False
2147,3,Happy,6,6,6,6,BOTH_WRONG,False,False
2148,2,Fear,2,2,2,2,BOTH_CORRECT,False,False
2149,1,Disgust,2,1,1,1,EARLY_WRONG_LATE_CORRECT,False,False
2150,3,Happy,3,3,3,3,BOTH_CORRECT,False,False
2151,6,Neutral,6,6,6,6,BOTH_CORRECT,False,False
2152,3,Happy,3,3,3,3,BOTH_CORRECT,False,False
2153,5,Surprise,6,6,5,6,BOTH_WRONG,False,False
2154,4,Sad,4,2,2,2,EARLY_CORRECT_LATE_WRONG,False,False
2155,3,Happy,3,3,3,3,BOTH_CORRECT,False,False
2156,3,Happy,5,5,3,5,BOTH_WRONG,False,False
2157,5,Surprise,5,5,5,5,BOTH_CORRECT,False,False
2158,4,Sad,4,4,4,4,BOTH_CORRECT,False,False
2159,5,Surprise,4,5,5,5,EARLY_WRONG_LATE_CORRECT,False,False
2160,6,Neutral,6,6,6,6,BOTH_CORRECT,False,False
2161,3,Happy,3,3,3,3,BOTH_CORRECT,False,False
2162,3,Happy,3,3,3,3,BOTH_CORRECT,False,False
2163,0,Angry,0,0,0,0,BOTH_CORRECT,False,False
2164,5,Surprise,5,5,5,5,BOTH_CORRECT,False,False
2165,3,Happy,3,3,3,3,BOTH_CORRECT,False,False
2166,3,Happy,3,3,3,3,BOTH_CORRECT,False,False
2167,5,Surprise,5,5,5,5,BOTH_CORRECT,False,False
2168,6,Neutral,4,0,0,2,BOTH_WRONG,False,False
2169,2,Fear,4,4,4,4,BOTH_WRONG,False,False
2170,4,Sad,2,2,2,2,BOTH_WRONG,False,False
2171,4,Sad,4,4,4,4,BOTH_CORRECT,False,False
2172,3,Happy,3,3,3,3,BOTH_CORRECT,False,False
2173,6,Neutral,6,0,0,0,EARLY_CORRECT_LATE_WRONG,False,False
2174,6,Neutral,6,6,6,6,BOTH_CORRECT,False,False
2175,6,Neutral,6,6,6,4,BOTH_CORRECT,False,False
2176,3,Happy,3,3,3,3,BOTH_CORRECT,False,False
2177,0,Angry,6,0,0,2,EARLY_WRONG_LATE_CORRECT,False,False
2178,0,Angry,0,0,0,0,BOTH_CORRECT,False,False
2179,6,Neutral,4,6,6,6,EARLY_WRONG_LATE_CORRECT,False,False
2180,5,Surprise,3,3,3,3,BOTH_WRONG,False,False
2181,0,Angry,0,2,2,2,EARLY_CORRECT_LATE_WRONG,False,False
2182,3,Happy,3,3,3,3,BOTH_CORRECT,False,False
2183,4,Sad,6,6,6,6,BOTH_WRONG,False,False
2184,3,Happy,5,5,5,5,BOTH_WRONG,False,False
2185,3,Happy,3,3,3,3,BOTH_CORRECT,False,False
2186,2,Fear,4,6,6,6,BOTH_WRONG,False,False
2187,2,Fear,4,2,2,2,EARLY_WRONG_LATE_CORRECT,False,False
2188,3,Happy,3,3,3,3,BOTH_CORRECT,False,False
2189,4,Sad,0,6,6,6,BOTH_WRONG,False,False
2190,5,Surprise,5,5,5,5,BOTH_CORRECT,False,False
2191,4,Sad,0,2,2,2,BOTH_WRONG,False,False
2192,0,Angry,0,0,0,0,BOTH_CORRECT,False,False
2193,3,Happy,3,3,3,3,BOTH_CORRECT,False,False
2194,3,Happy,3,3,3,3,BOTH_CORRECT,False,False
2195,3,Happy,3,3,3,3,BOTH_CORRECT,False,False
2196,0,Angry,2,6,6,6,BOTH_WRONG,False,False
2197,3,Happy,3,3,3,3,BOTH_CORRECT,False,False
2198,1,Disgust,6,3,3,3,BOTH_WRONG,False,False
2199,3,Happy,3,3,3,3,BOTH_CORRECT,False,False
2200,3,Happy,4,4,4,4,BOTH_WRONG,False,False
2201,6,Neutral,4,4,6,6,BOTH_WRONG,False,False
2202,4,Sad,4,0,0,0,EARLY_CORRECT_LATE_WRONG,False,False
2203,3,Happy,3,3,3,3,BOTH_CORRECT,False,False
2204,4,Sad,4,4,4,4,BOTH_CORRECT,False,False
2205,2,Fear,2,2,2,0,BOTH_CORRECT,False,False
2206,3,Happy,3,3,3,3,BOTH_CORRECT,False,False
2207,6,Neutral,6,6,6,6,BOTH_CORRECT,False,False
2208,3,Happy,6,3,3,6,EARLY_WRONG_LATE_CORRECT,False,False
2209,6,Neutral,6,6,6,6,BOTH_CORRECT,False,False
2210,4,Sad,4,5,5,4,EARLY_CORRECT_LATE_WRONG,False,True
2211,3,Happy,3,3,3,3,BOTH_CORRECT,False,False
2212,3,Happy,3,3,3,3,BOTH_CORRECT,False,False
2213,4,Sad,4,4,4,4,BOTH_CORRECT,False,False
2214,4,Sad,6,6,6,6,BOTH_WRONG,False,False
2215,5,Surprise,2,0,0,0,BOTH_WRONG,False,False
2216,2,Fear,2,2,2,2,BOTH_CORRECT,False,False
2217,6,Neutral,4,4,4,4,BOTH_WRONG,False,False
2218,4,Sad,0,0,0,0,BOTH_WRONG,False,False
2219,1,Disgust,6,2,1,1,BOTH_WRONG,False,False
2220,5,Surprise,5,5,5,5,BOTH_CORRECT,False,False
2221,0,Angry,2,2,2,2,BOTH_WRONG,False,False
2222,0,Angry,2,0,1,1,EARLY_WRONG_LATE_CORRECT,False,False
2223,6,Neutral,6,6,6,6,BOTH_CORRECT,False,False
2224,0,Angry,4,4,4,4,BOTH_WRONG,False,False
2225,6,Neutral,6,6,6,6,BOTH_CORRECT,False,False
2226,5,Surprise,5,5,5,5,BOTH_CORRECT,False,False
2227,2,Fear,4,2,2,2,EARLY_WRONG_LATE_CORRECT,False,False
2228,6,Neutral,0,4,4,4,BOTH_WRONG,False,False
2229,3,Happy,3,3,3,3,BOTH_CORRECT,False,False
2230,6,Neutral,1,6,6,6,EARLY_WRONG_LATE_CORRECT,False,False
2231,2,Fear,2,2,2,2,BOTH_CORRECT,False,False
2232,2,Fear,2,4,4,4,EARLY_CORRECT_LATE_WRONG,False,False
2233,3,Happy,3,6,6,6,EARLY_CORRECT_LATE_WRONG,False,False
2234,5,Surprise,5,5,5,5,BOTH_CORRECT,False,False
2235,0,Angry,3,3,3,3,BOTH_WRONG,False,False
2236,6,Neutral,6,6,6,6,BOTH_CORRECT,False,False
2237,4,Sad,0,0,0,0,BOTH_WRONG,False,False
2238,2,Fear,2,2,2,2,BOTH_CORRECT,False,False
2239,3,Happy,3,3,3,3,BOTH_CORRECT,False,False
2240,5,Surprise,6,5,5,5,EARLY_WRONG_LATE_CORRECT,False,False
2241,4,Sad,4,4,4,4,BOTH_CORRECT,False,False
2242,3,Happy,3,3,3,3,BOTH_CORRECT,False,False
2243,0,Angry,0,0,0,0,BOTH_CORRECT,False,False
2244,6,Neutral,6,6,6,6,BOTH_CORRECT,False,False
2245,6,Neutral,3,3,3,3,BOTH_WRONG,False,False
2246,3,Happy,3,3,3,3,BOTH_CORRECT,False,False
2247,2,Fear,2,0,0,0,EARLY_CORRECT_LATE_WRONG,False,False
2248,4,Sad,3,3,3,3,BOTH_WRONG,False,False
2249,4,Sad,4,4,4,4,BOTH_CORRECT,False,False
2250,6,Neutral,6,6,6,6,BOTH_CORRECT,False,False
2251,3,Happy,3,3,3,3,BOTH_CORRECT,False,False
2252,3,Happy,3,3,3,3,BOTH_CORRECT,False,False
2253,3,Happy,3,3,3,3,BOTH_CORRECT,False,False
2254,4,Sad,0,4,4,4,EARLY_WRONG_LATE_CORRECT,False,False
2255,5,Surprise,0,0,0,0,BOTH_WRONG,False,False
2256,3,Happy,3,3,3,3,BOTH_CORRECT,False,False
2257,2,Fear,4,6,6,2,BOTH_WRONG,False,False
2258,0,Angry,4,4,4,4,BOTH_WRONG,False,False
2259,4,Sad,0,4,0,4,EARLY_WRONG_LATE_CORRECT,False,False
2260,4,Sad,3,3,3,3,BOTH_WRONG,False,False
2261,3,Happy,3,3,3,3,BOTH_CORRECT,False,False
2262,5,Surprise,5,5,5,5,BOTH_CORRECT,False,False
2263,0,Angry,0,0,0,0,BOTH_CORRECT,False,False
2264,6,Neutral,6,6,6,6,BOTH_CORRECT,False,False
2265,3,Happy,3,3,3,3,BOTH_CORRECT,False,False
2266,3,Happy,3,3,3,3,BOTH_CORRECT,False,False
2267,6,Neutral,4,0,0,0,BOTH_WRONG,False,False
2268,0,Angry,4,4,4,4,BOTH_WRONG,False,False
2269,5,Surprise,5,5,5,5,BOTH_CORRECT,False,False
2270,3,Happy,3,3,3,3,BOTH_CORRECT,False,False
2271,4,Sad,0,0,0,0,BOTH_WRONG,False,False
2272,3,Happy,6,6,6,6,BOTH_WRONG,False,False
2273,0,Angry,4,4,4,4,BOTH_WRONG,False,False
2274,2,Fear,0,4,4,4,BOTH_WRONG,False,False
2275,3,Happy,6,6,6,6,BOTH_WRONG,False,False
2276,6,Neutral,6,6,6,6,BOTH_CORRECT,False,False
2277,3,Happy,3,3,3,3,BOTH_CORRECT,False,False
2278,6,Neutral,6,6,6,6,BOTH_CORRECT,False,False
2279,4,Sad,6,4,0,4,EARLY_WRONG_LATE_CORRECT,False,False
2280,5,Surprise,5,5,5,5,BOTH_CORRECT,False,False
2281,6,Neutral,6,4,4,4,EARLY_CORRECT_LATE_WRONG,False,False
2282,4,Sad,4,4,4,4,BOTH_CORRECT,False,False
2283,6,Neutral,6,3,3,3,EARLY_CORRECT_LATE_WRONG,False,False
2284,5,Surprise,5,5,5,5,BOTH_CORRECT,False,False
2285,4,Sad,2,2,2,4,BOTH_WRONG,False,False
2286,3,Happy,3,3,3,3,BOTH_CORRECT,False,False
2287,4,Sad,6,4,4,4,EARLY_WRONG_LATE_CORRECT,False,False
2288,6,Neutral,3,3,3,3,BOTH_WRONG,False,False
2289,6,Neutral,6,6,6,6,BOTH_CORRECT,False,False
2290,3,Happy,3,3,3,3,BOTH_CORRECT,False,False
2291,3,Happy,3,3,3,3,BOTH_CORRECT,False,False
2292,3,Happy,3,3,3,3,BOTH_CORRECT,False,False
2293,4,Sad,0,2,2,2,BOTH_WRONG,False,False
2294,3,Happy,3,3,3,3,BOTH_CORRECT,False,False
2295,2,Fear,0,2,2,2,EARLY_WRONG_LATE_CORRECT,False,False
2296,5,Surprise,5,5,5,5,BOTH_CORRECT,False,False
2297,3,Happy,3,3,3,3,BOTH_CORRECT,False,False
2298,2,Fear,2,4,4,4,EARLY_CORRECT_LATE_WRONG,False,False
2299,5,Surprise,5,5,5,5,BOTH_CORRECT,False,False
2300,4,Sad,2,4,4,4,EARLY_WRONG_LATE_CORRECT,False,False
2301,3,Happy,6,6,6,6,BOTH_WRONG,False,False
2302,3,Happy,3,3,3,3,BOTH_CORRECT,False,False
2303,3,Happy,3,3,3,3,BOTH_CORRECT,False,False
2304,0,Angry,0,0,0,0,BOTH_CORRECT,False,False
2305,2,Fear,2,4,2,2,EARLY_CORRECT_LATE_WRONG,True,True
2306,2,Fear,2,2,2,2,BOTH_CORRECT,False,False
2307,3,Happy,4,4,4,4,BOTH_WRONG,False,False
2308,3,Happy,3,3,3,3,BOTH_CORRECT,False,False
2309,3,Happy,3,3,3,3,BOTH_CORRECT,False,False
2310,0,Angry,0,0,0,2,BOTH_CORRECT,False,False
2311,3,Happy,3,3,3,3,BOTH_CORRECT,False,False
2312,6,Neutral,6,6,6,6,BOTH_CORRECT,False,False
2313,3,Happy,3,3,3,3,BOTH_CORRECT,False,False
2314,6,Neutral,6,6,6,6,BOTH_CORRECT,False,False
2315,3,Happy,3,3,3,3,BOTH_CORRECT,False,False
2316,4,Sad,2,2,4,2,BOTH_WRONG,False,False
2317,6,Neutral,0,2,6,2,BOTH_WRONG,False,False
2318,3,Happy,3,3,3,3,BOTH_CORRECT,False,False
2319,0,Angry,0,0,0,0,BOTH_CORRECT,False,False
2320,3,Happy,0,3,3,3,EARLY_WRONG_LATE_CORRECT,False,False
2321,5,Surprise,5,5,5,5,BOTH_CORRECT,False,False
2322,0,Angry,0,0,0,0,BOTH_CORRECT,False,False
2323,4,Sad,4,4,4,6,BOTH_CORRECT,False,False
2324,0,Angry,0,2,2,2,EARLY_CORRECT_LATE_WRONG,False,False
2325,5,Surprise,3,3,3,3,BOTH_WRONG,False,False
2326,3,Happy,3,3,3,3,BOTH_CORRECT,False,False
2327,4,Sad,4,4,4,4,BOTH_CORRECT,False,False
2328,5,Surprise,2,2,2,2,BOTH_WRONG,False,False
2329,6,Neutral,6,6,6,6,BOTH_CORRECT,False,False
2330,3,Happy,3,3,3,3,BOTH_CORRECT,False,False
2331,4,Sad,3,3,3,3,BOTH_WRONG,False,False
2332,6,Neutral,6,6,6,6,BOTH_CORRECT,False,False
2333,0,Angry,0,0,0,0,BOTH_CORRECT,False,False
2334,3,Happy,6,6,6,6,BOTH_WRONG,False,False
2335,0,Angry,0,0,0,0,BOTH_CORRECT,False,False
2336,0,Angry,0,0,0,0,BOTH_CORRECT,False,False
2337,2,Fear,4,4,4,4,BOTH_WRONG,False,False
2338,5,Surprise,5,5,5,5,BOTH_CORRECT,False,False
2339,3,Happy,2,6,3,3,BOTH_WRONG,False,False
2340,4,Sad,4,0,0,0,EARLY_CORRECT_LATE_WRONG,False,False
2341,6,Neutral,0,6,6,6,EARLY_WRONG_LATE_CORRECT,False,False
2342,3,Happy,3,3,3,3,BOTH_CORRECT,False,False
2343,3,Happy,3,3,3,3,BOTH_CORRECT,False,False
2344,3,Happy,3,3,3,3,BOTH_CORRECT,False,False
2345,5,Surprise,5,5,5,5,BOTH_CORRECT,False,False
2346,5,Surprise,2,2,2,2,BOTH_WRONG,False,False
2347,3,Happy,3,3,3,3,BOTH_CORRECT,False,False
2348,6,Neutral,0,0,0,0,BOTH_WRONG,False,False
2349,5,Surprise,2,5,5,5,EARLY_WRONG_LATE_CORRECT,False,False
2350,6,Neutral,3,3,3,3,BOTH_WRONG,False,False
2351,4,Sad,2,2,5,2,BOTH_WRONG,False,False
2352,3,Happy,3,3,3,3,BOTH_CORRECT,False,False
2353,3,Happy,3,3,3,3,BOTH_CORRECT,False,False
2354,3,Happy,3,3,3,3,BOTH_CORRECT,False,False
2355,0,Angry,4,2,2,2,BOTH_WRONG,False,False
2356,4,Sad,4,3,3,3,EARLY_CORRECT_LATE_WRONG,False,False
2357,3,Happy,3,3,3,3,BOTH_CORRECT,False,False
2358,4,Sad,4,4,4,4,BOTH_CORRECT,False,False
2359,4,Sad,2,2,2,2,BOTH_WRONG,False,False
2360,0,Angry,3,3,3,3,BOTH_WRONG,False,False
2361,6,Neutral,4,6,6,6,EARLY_WRONG_LATE_CORRECT,False,False
2362,5,Surprise,5,5,5,5,BOTH_CORRECT,False,False
2363,4,Sad,6,0,0,0,BOTH_WRONG,False,False
2364,6,Neutral,6,6,6,6,BOTH_CORRECT,False,False
2365,3,Happy,4,4,4,4,BOTH_WRONG,False,False
2366,6,Neutral,6,6,6,6,BOTH_CORRECT,False,False
2367,3,Happy,3,3,3,3,BOTH_CORRECT,False,False
2368,0,Angry,0,0,2,0,BOTH_CORRECT,False,False
2369,4,Sad,4,4,4,4,BOTH_CORRECT,False,False
2370,2,Fear,2,2,2,2,BOTH_CORRECT,False,False
2371,3,Happy,3,3,3,3,BOTH_CORRECT,False,False
2372,0,Angry,0,0,0,6,BOTH_CORRECT,False,False
2373,2,Fear,2,2,2,2,BOTH_CORRECT,False,False
2374,0,Angry,4,0,0,0,EARLY_WRONG_LATE_CORRECT,False,False
2375,3,Happy,3,3,3,3,BOTH_CORRECT,False,False
2376,3,Happy,3,3,3,3,BOTH_CORRECT,False,False
2377,3,Happy,3,3,3,3,BOTH_CORRECT,False,False
2378,3,Happy,3,3,3,3,BOTH_CORRECT,False,False
2379,0,Angry,6,4,4,4,BOTH_WRONG,False,False
2380,3,Happy,3,3,3,3,BOTH_CORRECT,False,False
2381,2,Fear,5,5,5,5,BOTH_WRONG,False,False
2382,5,Surprise,3,6,6,6,BOTH_WRONG,False,False
2383,4,Sad,6,6,6,6,BOTH_WRONG,False,False
2384,2,Fear,2,2,2,2,BOTH_CORRECT,False,False
2385,4,Sad,4,4,0,0,BOTH_CORRECT,False,False
2386,5,Surprise,5,5,5,5,BOTH_CORRECT,False,False
2387,6,Neutral,6,6,2,6,BOTH_CORRECT,False,False
2388,5,Surprise,5,5,5,5,BOTH_CORRECT,False,False
2389,0,Angry,4,2,2,6,BOTH_WRONG,False,False
2390,4,Sad,0,0,0,0,BOTH_WRONG,False,False
2391,0,Angry,0,0,0,0,BOTH_CORRECT,False,False
2392,3,Happy,3,4,3,4,EARLY_CORRECT_LATE_WRONG,True,False
2393,5,Surprise,5,5,5,5,BOTH_CORRECT,False,False
2394,0,Angry,6,0,0,0,EARLY_WRONG_LATE_CORRECT,False,False
2395,4,Sad,6,4,4,4,EARLY_WRONG_LATE_CORRECT,False,False
2396,2,Fear,0,0,0,0,BOTH_WRONG,False,False
2397,3,Happy,6,6,6,6,BOTH_WRONG,False,False
2398,2,Fear,4,6,2,2,BOTH_WRONG,False,False
2399,0,Angry,0,0,0,0,BOTH_CORRECT,False,False
2400,4,Sad,4,4,4,4,BOTH_CORRECT,False,False
2401,6,Neutral,3,3,3,6,BOTH_WRONG,False,False
2402,4,Sad,0,0,0,0,BOTH_WRONG,False,False
2403,3,Happy,3,3,3,3,BOTH_CORRECT,False,False
2404,4,Sad,4,4,4,4,BOTH_CORRECT,False,False
2405,2,Fear,2,2,2,2,BOTH_CORRECT,False,False
2406,4,Sad,4,4,4,4,BOTH_CORRECT,False,False
2407,2,Fear,5,2,2,2,EARLY_WRONG_LATE_CORRECT,False,False
2408,4,Sad,4,0,0,0,EARLY_CORRECT_LATE_WRONG,False,False
2409,3,Happy,3,3,3,3,BOTH_CORRECT,False,False
2410,3,Happy,3,3,3,3,BOTH_CORRECT,False,False
2411,0,Angry,0,0,0,0,BOTH_CORRECT,False,False
2412,3,Happy,3,3,3,3,BOTH_CORRECT,False,False
2413,2,Fear,6,6,6,5,BOTH_WRONG,False,False
2414,6,Neutral,6,6,6,6,BOTH_CORRECT,False,False
2415,3,Happy,3,3,3,3,BOTH_CORRECT,False,False
2416,0,Angry,3,3,3,3,BOTH_WRONG,False,False
2417,5,Surprise,5,5,5,5,BOTH_CORRECT,False,False
2418,6,Neutral,4,4,4,4,BOTH_WRONG,False,False
2419,3,Happy,3,3,3,3,BOTH_CORRECT,False,False
2420,6,Neutral,0,0,0,0,BOTH_WRONG,False,False
2421,2,Fear,2,2,2,2,BOTH_CORRECT,False,False
2422,3,Happy,3,3,3,3,BOTH_CORRECT,False,False
2423,6,Neutral,3,3,2,3,BOTH_WRONG,False,False
2424,3,Happy,5,3,3,3,EARLY_WRONG_LATE_CORRECT,False,False
2425,3,Happy,5,5,5,5,BOTH_WRONG,False,False
2426,6,Neutral,6,2,5,5,EARLY_CORRECT_LATE_WRONG,False,False
2427,3,Happy,3,3,3,3,BOTH_CORRECT,False,False
2428,3,Happy,3,3,3,3,BOTH_CORRECT,False,False
2429,0,Angry,2,4,4,4,BOTH_WRONG,False,False
2430,6,Neutral,6,6,6,6,BOTH_CORRECT,False,False
2431,3,Happy,3,3,3,3,BOTH_CORRECT,False,False
2432,3,Happy,3,3,3,3,BOTH_CORRECT,False,False
2433,0,Angry,2,2,2,2,BOTH_WRONG,False,False
2434,4,Sad,3,3,3,3,BOTH_WRONG,False,False
2435,3,Happy,6,2,2,2,BOTH_WRONG,False,False
2436,3,Happy,3,3,3,3,BOTH_CORRECT,False,False
2437,3,Happy,3,3,3,3,BOTH_CORRECT,False,False
2438,5,Surprise,5,5,5,5,BOTH_CORRECT,False,False
2439,3,Happy,3,3,3,3,BOTH_CORRECT,False,False
2440,4,Sad,6,6,6,6,BOTH_WRONG,False,False
2441,3,Happy,3,3,3,3,BOTH_CORRECT,False,False
2442,0,Angry,0,0,0,0,BOTH_CORRECT,False,False
2443,0,Angry,0,0,0,0,BOTH_CORRECT,False,False
2444,0,Angry,6,4,1,1,BOTH_WRONG,False,False
2445,0,Angry,6,6,6,6,BOTH_WRONG,False,False
2446,2,Fear,5,5,2,5,BOTH_WRONG,False,False
2447,4,Sad,0,1,1,1,BOTH_WRONG,False,False
2448,2,Fear,2,2,2,2,BOTH_CORRECT,False,False
2449,4,Sad,4,4,4,4,BOTH_CORRECT,False,False
2450,2,Fear,2,2,2,2,BOTH_CORRECT,False,False
2451,3,Happy,3,3,3,3,BOTH_CORRECT,False,False
2452,4,Sad,6,4,4,4,EARLY_WRONG_LATE_CORRECT,False,False
2453,0,Angry,0,4,4,4,EARLY_CORRECT_LATE_WRONG,False,False
2454,5,Surprise,5,5,5,5,BOTH_CORRECT,False,False
2455,6,Neutral,6,6,6,6,BOTH_CORRECT,False,False
2456,3,Happy,6,6,6,6,BOTH_WRONG,False,False
2457,4,Sad,0,0,4,4,BOTH_WRONG,False,False
2458,3,Happy,3,3,3,3,BOTH_CORRECT,False,False
2459,4,Sad,2,4,4,2,EARLY_WRONG_LATE_CORRECT,False,False
2460,6,Neutral,4,4,4,4,BOTH_WRONG,False,False
2461,3,Happy,3,1,1,1,EARLY_CORRECT_LATE_WRONG,False,False
2462,3,Happy,3,3,3,3,BOTH_CORRECT,False,False
2463,6,Neutral,3,3,3,3,BOTH_WRONG,False,False
2464,5,Surprise,2,5,5,5,EARLY_WRONG_LATE_CORRECT,False,False
2465,4,Sad,4,0,0,0,EARLY_CORRECT_LATE_WRONG,False,False
2466,4,Sad,4,4,4,4,BOTH_CORRECT,False,False
2467,3,Happy,3,3,3,3,BOTH_CORRECT,False,False
2468,3,Happy,3,3,3,3,BOTH_CORRECT,False,False
2469,3,Happy,3,3,3,3,BOTH_CORRECT,False,False
2470,3,Happy,5,3,3,3,EARLY_WRONG_LATE_CORRECT,False,False
2471,6,Neutral,2,2,2,2,BOTH_WRONG,False,False
2472,5,Surprise,6,2,2,2,BOTH_WRONG,False,False
2473,4,Sad,6,2,2,4,BOTH_WRONG,False,False
2474,4,Sad,4,4,4,4,BOTH_CORRECT,False,False
2475,2,Fear,2,2,2,2,BOTH_CORRECT,False,False
2476,5,Surprise,5,5,5,5,BOTH_CORRECT,False,False
2477,4,Sad,4,4,4,4,BOTH_CORRECT,False,False
2478,5,Surprise,5,5,5,5,BOTH_CORRECT,False,False
2479,2,Fear,2,2,2,2,BOTH_CORRECT,False,False
2480,6,Neutral,6,6,6,6,BOTH_CORRECT,False,False
2481,4,Sad,2,2,2,2,BOTH_WRONG,False,False
2482,4,Sad,2,2,2,2,BOTH_WRONG,False,False
2483,5,Surprise,5,5,5,5,BOTH_CORRECT,False,False
2484,0,Angry,4,6,6,6,BOTH_WRONG,False,False
2485,5,Surprise,5,5,5,5,BOTH_CORRECT,False,False
2486,0,Angry,4,4,4,4,BOTH_WRONG,False,False
2487,1,Disgust,1,1,1,1,BOTH_CORRECT,False,False
2488,4,Sad,2,2,6,6,BOTH_WRONG,False,False
2489,5,Surprise,5,5,5,5,BOTH_CORRECT,False,False
2490,5,Surprise,5,5,5,5,BOTH_CORRECT,False,False
2491,3,Happy,3,3,3,3,BOTH_CORRECT,False,False
2492,2,Fear,2,2,2,2,BOTH_CORRECT,False,False
2493,3,Happy,3,3,3,3,BOTH_CORRECT,False,False
2494,0,Angry,0,0,0,0,BOTH_CORRECT,False,False
2495,2,Fear,2,2,2,2,BOTH_CORRECT,False,False
2496,1,Disgust,2,2,2,2,BOTH_WRONG,False,False
2497,5,Surprise,5,5,5,5,BOTH_CORRECT,False,False
2498,0,Angry,4,3,3,3,BOTH_WRONG,False,False
2499,3,Happy,3,3,3,3,BOTH_CORRECT,False,False
2500,3,Happy,3,3,3,3,BOTH_CORRECT,False,False
2501,0,Angry,2,0,0,0,EARLY_WRONG_LATE_CORRECT,False,False
2502,6,Neutral,6,6,6,0,BOTH_CORRECT,False,False
2503,6,Neutral,6,6,6,6,BOTH_CORRECT,False,False
2504,0,Angry,0,0,0,0,BOTH_CORRECT,False,False
2505,3,Happy,3,6,6,6,EARLY_CORRECT_LATE_WRONG,False,False
2506,2,Fear,6,6,6,6,BOTH_WRONG,False,False
2507,4,Sad,2,4,4,4,EARLY_WRONG_LATE_CORRECT,False,False
2508,4,Sad,4,4,4,4,BOTH_CORRECT,False,False
2509,4,Sad,4,4,4,4,BOTH_CORRECT,False,False
2510,5,Surprise,2,2,2,2,BOTH_WRONG,False,False
2511,4,Sad,4,4,4,4,BOTH_CORRECT,False,False
2512,0,Angry,0,0,0,0,BOTH_CORRECT,False,False
2513,0,Angry,4,4,0,2,BOTH_WRONG,False,False
2514,5,Surprise,5,5,5,5,BOTH_CORRECT,False,False
2515,5,Surprise,0,0,0,0,BOTH_WRONG,False,False
2516,4,Sad,3,4,6,6,EARLY_WRONG_LATE_CORRECT,False,False
2517,5,Surprise,4,0,0,0,BOTH_WRONG,False,False
2518,4,Sad,6,4,6,4,EARLY_WRONG_LATE_CORRECT,False,False
2519,2,Fear,2,2,2,5,BOTH_CORRECT,False,False
2520,0,Angry,0,0,0,0,BOTH_CORRECT,False,False
2521,3,Happy,3,3,3,3,BOTH_CORRECT,False,False
2522,0,Angry,2,2,2,2,BOTH_WRONG,False,False
2523,1,Disgust,0,4,4,4,BOTH_WRONG,False,False
2524,3,Happy,6,6,6,6,BOTH_WRONG,False,False
2525,0,Angry,0,0,0,0,BOTH_CORRECT,False,False
2526,0,Angry,0,0,0,0,BOTH_CORRECT,False,False
2527,3,Happy,3,3,3,3,BOTH_CORRECT,False,False
2528,4,Sad,4,4,4,4,BOTH_CORRECT,False,False
2529,6,Neutral,2,2,2,2,BOTH_WRONG,False,False
2530,3,Happy,3,3,3,3,BOTH_CORRECT,False,False
2531,6,Neutral,6,6,6,6,BOTH_CORRECT,False,False
2532,3,Happy,3,3,3,3,BOTH_CORRECT,False,False
2533,3,Happy,3,3,3,3,BOTH_CORRECT,False,False
2534,3,Happy,3,3,3,3,BOTH_CORRECT,False,False
2535,6,Neutral,6,2,4,4,EARLY_CORRECT_LATE_WRONG,False,False
2536,3,Happy,3,3,3,3,BOTH_CORRECT,False,False
2537,6,Neutral,4,6,6,6,EARLY_WRONG_LATE_CORRECT,False,False
2538,0,Angry,0,0,0,0,BOTH_CORRECT,False,False
2539,4,Sad,4,4,4,4,BOTH_CORRECT,False,False
2540,4,Sad,3,2,2,2,BOTH_WRONG,False,False
2541,3,Happy,3,3,3,3,BOTH_CORRECT,False,False
2542,3,Happy,3,3,3,3,BOTH_CORRECT,False,False
2543,6,Neutral,4,4,4,4,BOTH_WRONG,False,False
2544,0,Angry,0,0,0,0,BOTH_CORRECT,False,False
2545,2,Fear,4,4,4,4,BOTH_WRONG,False,False
2546,3,Happy,3,3,3,3,BOTH_CORRECT,False,False
2547,3,Happy,3,3,3,3,BOTH_CORRECT,False,False
2548,6,Neutral,6,2,6,6,EARLY_CORRECT_LATE_WRONG,True,True
2549,3,Happy,3,3,3,3,BOTH_CORRECT,False,False
2550,2,Fear,2,3,3,6,EARLY_CORRECT_LATE_WRONG,False,False
2551,6,Neutral,6,6,6,6,BOTH_CORRECT,False,False
2552,0,Angry,0,0,0,0,BOTH_CORRECT,False,False
2553,2,Fear,3,3,3,3,BOTH_WRONG,False,False
2554,6,Neutral,6,6,6,6,BOTH_CORRECT,False,False
2555,6,Neutral,6,6,6,6,BOTH_CORRECT,False,False
2556,4,Sad,4,4,4,4,BOTH_CORRECT,False,False
2557,0,Angry,0,2,3,3,EARLY_CORRECT_LATE_WRONG,False,False
2558,4,Sad,2,4,4,4,EARLY_WRONG_LATE_CORRECT,False,False
2559,6,Neutral,6,6,6,6,BOTH_CORRECT,False,False
2560,6,Neutral,6,4,4,4,EARLY_CORRECT_LATE_WRONG,False,False
2561,2,Fear,2,2,2,2,BOTH_CORRECT,False,False
2562,0,Angry,0,2,2,3,EARLY_CORRECT_LATE_WRONG,False,False
2563,4,Sad,6,4,4,6,EARLY_WRONG_LATE_CORRECT,False,False
2564,2,Fear,5,5,5,5,BOTH_WRONG,False,False
2565,3,Happy,3,3,3,3,BOTH_CORRECT,False,False
2566,6,Neutral,6,6,6,6,BOTH_CORRECT,False,False
2567,3,Happy,3,3,3,3,BOTH_CORRECT,False,False
2568,4,Sad,5,2,2,2,BOTH_WRONG,False,False
2569,6,Neutral,6,6,6,6,BOTH_CORRECT,False,False
2570,0,Angry,2,2,2,2,BOTH_WRONG,False,False
2571,0,Angry,2,0,0,0,EARLY_WRONG_LATE_CORRECT,False,False
2572,4,Sad,6,6,6,6,BOTH_WRONG,False,False
2573,3,Happy,3,3,3,3,BOTH_CORRECT,False,False
2574,4,Sad,0,0,0,0,BOTH_WRONG,False,False
2575,6,Neutral,0,6,6,6,EARLY_WRONG_LATE_CORRECT,False,False
2576,3,Happy,3,3,3,3,BOTH_CORRECT,False,False
2577,2,Fear,2,2,2,2,BOTH_CORRECT,False,False
2578,6,Neutral,2,3,3,2,BOTH_WRONG,False,False
2579,4,Sad,0,6,6,6,BOTH_WRONG,False,False
2580,3,Happy,4,6,6,6,BOTH_WRONG,False,False
2581,4,Sad,4,4,4,4,BOTH_CORRECT,False,False
2582,3,Happy,3,3,3,3,BOTH_CORRECT,False,False
2583,3,Happy,3,3,3,3,BOTH_CORRECT,False,False
2584,0,Angry,4,0,0,0,EARLY_WRONG_LATE_CORRECT,False,False
2585,5,Surprise,5,5,5,5,BOTH_CORRECT,False,False
2586,3,Happy,3,3,3,3,BOTH_CORRECT,False,False
2587,0,Angry,0,0,0,0,BOTH_CORRECT,False,False
2588,3,Happy,3,3,3,3,BOTH_CORRECT,False,False
2589,3,Happy,3,3,3,3,BOTH_CORRECT,False,False
2590,2,Fear,2,0,0,0,EARLY_CORRECT_LATE_WRONG,False,False
2591,4,Sad,4,4,4,4,BOTH_CORRECT,False,False
2592,3,Happy,3,3,3,3,BOTH_CORRECT,False,False
2593,4,Sad,4,4,4,4,BOTH_CORRECT,False,False
2594,3,Happy,3,3,3,3,BOTH_CORRECT,False,False
2595,5,Surprise,5,5,5,5,BOTH_CORRECT,False,False
2596,3,Happy,3,3,3,3,BOTH_CORRECT,False,False
2597,5,Surprise,0,4,4,4,BOTH_WRONG,False,False
2598,6,Neutral,0,4,4,4,BOTH_WRONG,False,False
2599,3,Happy,6,6,6,6,BOTH_WRONG,False,False
2600,3,Happy,3,3,3,3,BOTH_CORRECT,False,False
2601,0,Angry,0,2,2,2,EARLY_CORRECT_LATE_WRONG,False,False
2602,2,Fear,6,6,6,6,BOTH_WRONG,False,False
2603,2,Fear,4,4,4,4,BOTH_WRONG,False,False
2604,4,Sad,3,4,4,4,EARLY_WRONG_LATE_CORRECT,False,False
2605,3,Happy,0,0,0,0,BOTH_WRONG,False,False
2606,6,Neutral,6,6,6,6,BOTH_CORRECT,False,False
2607,3,Happy,3,3,3,3,BOTH_CORRECT,False,False
2608,6,Neutral,2,4,6,6,BOTH_WRONG,False,False
2609,6,Neutral,4,6,6,6,EARLY_WRONG_LATE_CORRECT,False,False
2610,4,Sad,2,6,6,6,BOTH_WRONG,False,False
2611,3,Happy,3,3,3,3,BOTH_CORRECT,False,False
2612,4,Sad,2,2,2,2,BOTH_WRONG,False,False
2613,1,Disgust,1,1,1,1,BOTH_CORRECT,False,False
2614,1,Disgust,2,4,4,4,BOTH_WRONG,False,False
2615,5,Surprise,5,5,5,5,BOTH_CORRECT,False,False
2616,4,Sad,6,6,6,6,BOTH_WRONG,False,False
2617,4,Sad,6,4,4,4,EARLY_WRONG_LATE_CORRECT,False,False
2618,4,Sad,3,3,3,3,BOTH_WRONG,False,False
2619,4,Sad,6,6,6,6,BOTH_WRONG,False,False
2620,3,Happy,3,3,3,3,BOTH_CORRECT,False,False
2621,2,Fear,2,2,2,2,BOTH_CORRECT,False,False
2622,0,Angry,2,2,2,2,BOTH_WRONG,False,False
2623,6,Neutral,4,4,4,4,BOTH_WRONG,False,False
2624,4,Sad,2,4,4,4,EARLY_WRONG_LATE_CORRECT,False,False
2625,3,Happy,3,3,3,3,BOTH_CORRECT,False,False
2626,3,Happy,3,3,3,3,BOTH_CORRECT,False,False
2627,4,Sad,3,3,3,3,BOTH_WRONG,False,False
2628,0,Angry,6,6,6,6,BOTH_WRONG,False,False
2629,0,Angry,2,1,4,4,BOTH_WRONG,False,False
2630,3,Happy,3,3,3,3,BOTH_CORRECT,False,False
2631,5,Surprise,5,5,5,5,BOTH_CORRECT,False,False
2632,2,Fear,4,2,2,2,EARLY_WRONG_LATE_CORRECT,False,False
2633,2,Fear,6,4,4,2,BOTH_WRONG,False,False
2634,0,Angry,4,4,4,4,BOTH_WRONG,False,False
2635,6,Neutral,4,4,4,6,BOTH_WRONG,False,False
2636,5,Surprise,5,5,5,5,BOTH_CORRECT,False,False
2637,3,Happy,3,3,3,3,BOTH_CORRECT,False,False
2638,6,Neutral,6,6,6,6,BOTH_CORRECT,False,False
2639,5,Surprise,5,5,5,5,BOTH_CORRECT,False,False
2640,3,Happy,3,3,3,3,BOTH_CORRECT,False,False
2641,3,Happy,3,3,3,3,BOTH_CORRECT,False,False
2642,4,Sad,3,4,4,4,EARLY_WRONG_LATE_CORRECT,False,False
2643,6,Neutral,4,4,4,4,BOTH_WRONG,False,False
2644,5,Surprise,5,5,5,5,BOTH_CORRECT,False,False
2645,5,Surprise,5,5,5,5,BOTH_CORRECT,False,False
2646,4,Sad,4,4,4,4,BOTH_CORRECT,False,False
2647,2,Fear,4,4,4,4,BOTH_WRONG,False,False
2648,2,Fear,2,2,2,2,BOTH_CORRECT,False,False
2649,3,Happy,3,3,3,3,BOTH_CORRECT,False,False
2650,3,Happy,2,2,2,2,BOTH_WRONG,False,False
2651,2,Fear,4,4,2,2,BOTH_WRONG,False,False
2652,3,Happy,3,3,3,3,BOTH_CORRECT,False,False
2653,2,Fear,2,4,4,4,EARLY_CORRECT_LATE_WRONG,False,False
2654,3,Happy,3,3,3,3,BOTH_CORRECT,False,False
2655,5,Surprise,5,5,5,5,BOTH_CORRECT,False,False
2656,6,Neutral,6,6,6,6,BOTH_CORRECT,False,False
2657,3,Happy,3,3,3,3,BOTH_CORRECT,False,False
2658,4,Sad,4,4,4,4,BOTH_CORRECT,False,False
2659,1,Disgust,1,1,1,1,BOTH_CORRECT,False,False
2660,6,Neutral,6,6,6,6,BOTH_CORRECT,False,False
2661,3,Happy,3,3,3,3,BOTH_CORRECT,False,False
2662,6,Neutral,6,6,6,6,BOTH_CORRECT,False,False
2663,2,Fear,6,6,6,6,BOTH_WRONG,False,False
2664,6,Neutral,6,6,6,6,BOTH_CORRECT,False,False
2665,3,Happy,2,2,2,4,BOTH_WRONG,False,False
2666,2,Fear,6,6,6,0,BOTH_WRONG,False,False
2667,3,Happy,3,3,3,3,BOTH_CORRECT,False,False
2668,3,Happy,3,3,3,3,BOTH_CORRECT,False,False
2669,0,Angry,2,5,5,5,BOTH_WRONG,False,False
2670,2,Fear,4,0,0,0,BOTH_WRONG,False,False
2671,6,Neutral,6,6,6,6,BOTH_CORRECT,False,False
2672,4,Sad,6,6,6,6,BOTH_WRONG,False,False
2673,6,Neutral,2,2,2,2,BOTH_WRONG,False,False
2674,0,Angry,4,2,2,2,BOTH_WRONG,False,False
2675,3,Happy,3,3,3,3,BOTH_CORRECT,False,False
2676,3,Happy,6,3,3,6,EARLY_WRONG_LATE_CORRECT,False,False
2677,4,Sad,4,4,3,4,BOTH_CORRECT,False,False
2678,4,Sad,4,4,4,4,BOTH_CORRECT,False,False
2679,0,Angry,3,0,0,0,EARLY_WRONG_LATE_CORRECT,False,False
2680,3,Happy,3,6,6,6,EARLY_CORRECT_LATE_WRONG,False,False
2681,4,Sad,4,4,4,4,BOTH_CORRECT,False,False
2682,5,Surprise,5,5,5,5,BOTH_CORRECT,False,False
2683,5,Surprise,5,5,5,5,BOTH_CORRECT,False,False
2684,4,Sad,4,0,0,0,EARLY_CORRECT_LATE_WRONG,False,False
2685,4,Sad,6,4,4,4,EARLY_WRONG_LATE_CORRECT,False,False
2686,2,Fear,4,4,4,4,BOTH_WRONG,False,False
2687,2,Fear,4,4,4,4,BOTH_WRONG,False,False
2688,4,Sad,6,6,6,6,BOTH_WRONG,False,False
2689,2,Fear,0,0,2,0,BOTH_WRONG,False,False
2690,3,Happy,3,3,3,3,BOTH_CORRECT,False,False
2691,1,Disgust,2,0,0,0,BOTH_WRONG,False,False
2692,4,Sad,4,0,0,0,EARLY_CORRECT_LATE_WRONG,False,False
2693,3,Happy,3,3,3,3,BOTH_CORRECT,False,False
2694,2,Fear,2,2,2,2,BOTH_CORRECT,False,False
2695,4,Sad,4,2,4,2,EARLY_CORRECT_LATE_WRONG,True,False
2696,5,Surprise,5,5,5,5,BOTH_CORRECT,False,False
2697,4,Sad,6,4,4,4,EARLY_WRONG_LATE_CORRECT,False,False
2698,4,Sad,6,4,4,4,EARLY_WRONG_LATE_CORRECT,False,False
2699,4,Sad,0,0,0,0,BOTH_WRONG,False,False
2700,4,Sad,4,4,4,4,BOTH_CORRECT,False,False
2701,3,Happy,3,3,3,3,BOTH_CORRECT,False,False
2702,2,Fear,4,4,4,4,BOTH_WRONG,False,False
2703,6,Neutral,2,6,6,6,EARLY_WRONG_LATE_CORRECT,False,False
2704,3,Happy,3,3,3,3,BOTH_CORRECT,False,False
2705,6,Neutral,6,6,6,6,BOTH_CORRECT,False,False
2706,6,Neutral,4,2,2,2,BOTH_WRONG,False,False
2707,4,Sad,4,4,4,4,BOTH_CORRECT,False,False
2708,4,Sad,4,2,4,2,EARLY_CORRECT_LATE_WRONG,True,False
2709,2,Fear,2,2,2,2,BOTH_CORRECT,False,False
2710,3,Happy,3,3,3,3,BOTH_CORRECT,False,False
2711,3,Happy,3,3,3,3,BOTH_CORRECT,False,False
2712,2,Fear,4,4,4,4,BOTH_WRONG,False,False
2713,3,Happy,3,3,3,3,BOTH_CORRECT,False,False
2714,5,Surprise,5,5,5,5,BOTH_CORRECT,False,False
2715,4,Sad,2,2,6,2,BOTH_WRONG,False,False
2716,6,Neutral,6,6,6,6,BOTH_CORRECT,False,False
2717,2,Fear,2,5,0,4,EARLY_CORRECT_LATE_WRONG,False,False
2718,2,Fear,0,0,0,0,BOTH_WRONG,False,False
2719,2,Fear,6,6,6,6,BOTH_WRONG,False,False
2720,0,Angry,0,0,0,0,BOTH_CORRECT,False,False
2721,0,Angry,2,0,0,2,EARLY_WRONG_LATE_CORRECT,False,False
2722,4,Sad,4,2,4,2,EARLY_CORRECT_LATE_WRONG,True,False
2723,6,Neutral,6,6,6,6,BOTH_CORRECT,False,False
2724,5,Surprise,5,5,5,5,BOTH_CORRECT,False,False
2725,4,Sad,3,6,6,6,BOTH_WRONG,False,False
2726,6,Neutral,6,6,6,6,BOTH_CORRECT,False,False
2727,6,Neutral,6,6,6,6,BOTH_CORRECT,False,False
2728,4,Sad,6,0,0,0,BOTH_WRONG,False,False
2729,3,Happy,3,3,3,3,BOTH_CORRECT,False,False
2730,3,Happy,3,3,3,3,BOTH_CORRECT,False,False
2731,3,Happy,3,3,3,3,BOTH_CORRECT,False,False
2732,2,Fear,2,2,2,2,BOTH_CORRECT,False,False
2733,0,Angry,0,0,2,2,BOTH_CORRECT,False,False
2734,6,Neutral,6,6,6,6,BOTH_CORRECT,False,False
2735,0,Angry,6,6,6,6,BOTH_WRONG,False,False
2736,0,Angry,6,6,6,6,BOTH_WRONG,False,False
2737,6,Neutral,6,6,6,6,BOTH_CORRECT,False,False
2738,0,Angry,0,0,0,0,BOTH_CORRECT,False,False
2739,5,Surprise,5,5,5,5,BOTH_CORRECT,False,False
2740,2,Fear,3,4,4,4,BOTH_WRONG,False,False
2741,0,Angry,0,0,0,0,BOTH_CORRECT,False,False
2742,5,Surprise,5,5,5,5,BOTH_CORRECT,False,False
2743,3,Happy,3,3,3,3,BOTH_CORRECT,False,False
2744,3,Happy,3,3,3,3,BOTH_CORRECT,False,False
2745,4,Sad,0,0,0,0,BOTH_WRONG,False,False
2746,4,Sad,6,4,4,4,EARLY_WRONG_LATE_CORRECT,False,False
2747,3,Happy,3,3,3,3,BOTH_CORRECT,False,False
2748,3,Happy,3,3,3,3,BOTH_CORRECT,False,False
2749,3,Happy,3,3,3,3,BOTH_CORRECT,False,False
2750,4,Sad,4,4,4,4,BOTH_CORRECT,False,False
2751,4,Sad,4,4,4,4,BOTH_CORRECT,False,False
2752,2,Fear,6,6,4,6,BOTH_WRONG,False,False
2753,3,Happy,3,3,3,3,BOTH_CORRECT,False,False
2754,5,Surprise,5,5,5,5,BOTH_CORRECT,False,False
2755,5,Surprise,5,5,5,5,BOTH_CORRECT,False,False
2756,2,Fear,4,4,4,4,BOTH_WRONG,False,False
2757,6,Neutral,3,4,4,4,BOTH_WRONG,False,False
2758,6,Neutral,4,4,4,4,BOTH_WRONG,False,False
2759,4,Sad,0,4,4,4,EARLY_WRONG_LATE_CORRECT,False,False
2760,6,Neutral,6,6,6,6,BOTH_CORRECT,False,False
2761,4,Sad,1,4,4,4,EARLY_WRONG_LATE_CORRECT,False,False
2762,4,Sad,6,6,3,6,BOTH_WRONG,False,False
2763,0,Angry,2,0,1,1,EARLY_WRONG_LATE_CORRECT,False,False
2764,5,Surprise,5,5,5,5,BOTH_CORRECT,False,False
2765,3,Happy,3,3,3,3,BOTH_CORRECT,False,False
2766,2,Fear,5,5,5,5,BOTH_WRONG,False,False
2767,0,Angry,6,4,4,4,BOTH_WRONG,False,False
2768,2,Fear,2,0,0,0,EARLY_CORRECT_LATE_WRONG,False,False
2769,6,Neutral,2,3,3,3,BOTH_WRONG,False,False
2770,5,Surprise,5,5,5,5,BOTH_CORRECT,False,False
2771,4,Sad,4,0,2,0,EARLY_CORRECT_LATE_WRONG,False,False
2772,2,Fear,6,4,4,4,BOTH_WRONG,False,False
2773,3,Happy,3,3,3,3,BOTH_CORRECT,False,False
2774,6,Neutral,6,4,6,4,EARLY_CORRECT_LATE_WRONG,True,False
2775,4,Sad,1,0,0,0,BOTH_WRONG,False,False
2776,0,Angry,0,0,0,0,BOTH_CORRECT,False,False
2777,6,Neutral,6,0,0,4,EARLY_CORRECT_LATE_WRONG,False,False
2778,6,Neutral,6,6,6,6,BOTH_CORRECT,False,False
2779,2,Fear,2,2,2,2,BOTH_CORRECT,False,False
2780,2,Fear,2,2,2,2,BOTH_CORRECT,False,False
2781,4,Sad,4,4,4,4,BOTH_CORRECT,False,False
2782,0,Angry,6,6,6,6,BOTH_WRONG,False,False
2783,2,Fear,2,2,2,2,BOTH_CORRECT,False,False
2784,5,Surprise,5,5,5,5,BOTH_CORRECT,False,False
2785,0,Angry,0,2,2,2,EARLY_CORRECT_LATE_WRONG,False,False
2786,2,Fear,6,6,6,6,BOTH_WRONG,False,False
2787,5,Surprise,5,5,5,5,BOTH_CORRECT,False,False
2788,0,Angry,0,0,0,0,BOTH_CORRECT,False,False
2789,2,Fear,2,2,2,2,BOTH_CORRECT,False,False
2790,4,Sad,4,4,4,4,BOTH_CORRECT,False,False
2791,0,Angry,0,0,0,0,BOTH_CORRECT,False,False
2792,6,Neutral,6,6,6,6,BOTH_CORRECT,False,False
2793,6,Neutral,6,6,6,6,BOTH_CORRECT,False,False
2794,4,Sad,4,0,4,0,EARLY_CORRECT_LATE_WRONG,True,False
2795,5,Surprise,5,5,5,5,BOTH_CORRECT,False,False
2796,0,Angry,0,0,0,0,BOTH_CORRECT,False,False
2797,4,Sad,6,6,6,6,BOTH_WRONG,False,False
2798,6,Neutral,4,6,6,6,EARLY_WRONG_LATE_CORRECT,False,False
2799,4,Sad,4,4,4,4,BOTH_CORRECT,False,False
2800,3,Happy,5,5,5,5,BOTH_WRONG,False,False
2801,4,Sad,6,6,3,2,BOTH_WRONG,False,False
2802,4,Sad,4,4,4,4,BOTH_CORRECT,False,False
2803,5,Surprise,5,5,5,5,BOTH_CORRECT,False,False
2804,2,Fear,5,5,5,5,BOTH_WRONG,False,False
2805,3,Happy,3,3,3,3,BOTH_CORRECT,False,False
2806,3,Happy,3,3,3,3,BOTH_CORRECT,False,False
2807,4,Sad,4,4,4,4,BOTH_CORRECT,False,False
2808,6,Neutral,6,6,6,6,BOTH_CORRECT,False,False
2809,0,Angry,3,3,3,3,BOTH_WRONG,False,False
2810,0,Angry,4,4,4,4,BOTH_WRONG,False,False
2811,2,Fear,2,2,2,2,BOTH_CORRECT,False,False
2812,4,Sad,2,4,4,4,EARLY_WRONG_LATE_CORRECT,False,False
2813,4,Sad,6,6,6,6,BOTH_WRONG,False,False
2814,5,Surprise,5,5,5,5,BOTH_CORRECT,False,False
2815,3,Happy,3,3,3,3,BOTH_CORRECT,False,False
2816,3,Happy,4,4,4,4,BOTH_WRONG,False,False
2817,2,Fear,4,2,2,2,EARLY_WRONG_LATE_CORRECT,False,False
2818,4,Sad,4,4,4,4,BOTH_CORRECT,False,False
2819,5,Surprise,4,5,5,6,EARLY_WRONG_LATE_CORRECT,False,False
2820,0,Angry,4,0,6,6,EARLY_WRONG_LATE_CORRECT,False,False
2821,0,Angry,0,0,0,0,BOTH_CORRECT,False,False
2822,3,Happy,0,0,0,0,BOTH_WRONG,False,False
2823,3,Happy,3,3,3,3,BOTH_CORRECT,False,False
2824,5,Surprise,5,3,3,3,EARLY_CORRECT_LATE_WRONG,False,False
2825,4,Sad,4,4,4,4,BOTH_CORRECT,False,False
2826,2,Fear,0,4,0,4,BOTH_WRONG,False,False
2827,4,Sad,4,4,4,4,BOTH_CORRECT,False,False
2828,4,Sad,6,6,6,6,BOTH_WRONG,False,False
2829,0,Angry,0,0,0,0,BOTH_CORRECT,False,False
2830,4,Sad,4,4,4,4,BOTH_CORRECT,False,False
2831,3,Happy,0,0,0,0,BOTH_WRONG,False,False
2832,6,Neutral,6,6,5,6,BOTH_CORRECT,False,False
2833,3,Happy,3,3,3,3,BOTH_CORRECT,False,False
2834,0,Angry,0,0,0,0,BOTH_CORRECT,False,False
2835,0,Angry,0,0,0,0,BOTH_CORRECT,False,False
2836,5,Surprise,2,5,5,5,EARLY_WRONG_LATE_CORRECT,False,False
2837,6,Neutral,0,0,0,0,BOTH_WRONG,False,False
2838,4,Sad,2,0,0,0,BOTH_WRONG,False,False
2839,4,Sad,4,4,4,4,BOTH_CORRECT,False,False
2840,0,Angry,3,3,3,3,BOTH_WRONG,False,False
2841,5,Surprise,5,5,5,5,BOTH_CORRECT,False,False
2842,3,Happy,3,3,3,3,BOTH_CORRECT,False,False
2843,4,Sad,4,4,4,4,BOTH_CORRECT,False,False
2844,6,Neutral,6,6,6,6,BOTH_CORRECT,False,False
2845,3,Happy,3,3,3,3,BOTH_CORRECT,False,False
2846,4,Sad,4,4,4,4,BOTH_CORRECT,False,False
2847,5,Surprise,5,5,5,5,BOTH_CORRECT,False,False
2848,3,Happy,3,3,3,3,BOTH_CORRECT,False,False
2849,3,Happy,3,3,3,3,BOTH_CORRECT,False,False
2850,5,Surprise,5,2,2,2,EARLY_CORRECT_LATE_WRONG,False,False
2851,2,Fear,4,0,0,6,BOTH_WRONG,False,False
2852,6,Neutral,6,6,6,6,BOTH_CORRECT,False,False
2853,2,Fear,2,2,2,2,BOTH_CORRECT,False,False
2854,5,Surprise,5,5,5,5,BOTH_CORRECT,False,False
2855,0,Angry,0,0,0,0,BOTH_CORRECT,False,False
2856,6,Neutral,4,6,6,6,EARLY_WRONG_LATE_CORRECT,False,False
2857,2,Fear,2,2,2,2,BOTH_CORRECT,False,False
2858,2,Fear,2,2,2,2,BOTH_CORRECT,False,False
2859,2,Fear,1,0,0,1,BOTH_WRONG,False,False
2860,2,Fear,2,2,2,2,BOTH_CORRECT,False,False
2861,5,Surprise,5,5,3,3,BOTH_CORRECT,False,False
2862,3,Happy,3,3,3,3,BOTH_CORRECT,False,False
2863,3,Happy,3,3,3,3,BOTH_CORRECT,False,False
2864,3,Happy,3,3,3,3,BOTH_CORRECT,False,False
2865,3,Happy,3,3,3,3,BOTH_CORRECT,False,False
2866,2,Fear,0,4,0,4,BOTH_WRONG,False,False
2867,6,Neutral,6,6,6,6,BOTH_CORRECT,False,False
2868,3,Happy,3,3,3,3,BOTH_CORRECT,False,False
2869,6,Neutral,3,0,3,0,BOTH_WRONG,False,False
2870,2,Fear,2,2,2,2,BOTH_CORRECT,False,False
2871,4,Sad,4,4,4,4,BOTH_CORRECT,False,False
2872,0,Angry,0,0,0,0,BOTH_CORRECT,False,False
2873,6,Neutral,6,6,6,6,BOTH_CORRECT,False,False
2874,4,Sad,4,4,4,4,BOTH_CORRECT,False,False
2875,2,Fear,5,2,2,2,EARLY_WRONG_LATE_CORRECT,False,False
2876,4,Sad,4,6,6,6,EARLY_CORRECT_LATE_WRONG,False,False
2877,0,Angry,0,0,0,0,BOTH_CORRECT,False,False
2878,5,Surprise,5,5,5,5,BOTH_CORRECT,False,False
2879,2,Fear,6,2,2,2,EARLY_WRONG_LATE_CORRECT,False,False
2880,0,Angry,0,5,5,5,EARLY_CORRECT_LATE_WRONG,False,False
2881,0,Angry,5,5,5,5,BOTH_WRONG,False,False
2882,6,Neutral,6,6,6,6,BOTH_CORRECT,False,False
2883,0,Angry,0,0,0,0,BOTH_CORRECT,False,False
2884,6,Neutral,4,2,2,2,BOTH_WRONG,False,False
2885,5,Surprise,5,5,5,5,BOTH_CORRECT,False,False
2886,0,Angry,0,0,0,0,BOTH_CORRECT,False,False
2887,6,Neutral,5,6,6,6,EARLY_WRONG_LATE_CORRECT,False,False
2888,3,Happy,3,3,3,3,BOTH_CORRECT,False,False
2889,3,Happy,3,3,3,3,BOTH_CORRECT,False,False
2890,0,Angry,2,2,2,2,BOTH_WRONG,False,False
2891,4,Sad,4,4,4,4,BOTH_CORRECT,False,False
2892,4,Sad,4,4,4,4,BOTH_CORRECT,False,False
2893,6,Neutral,3,3,3,3,BOTH_WRONG,False,False
2894,0,Angry,0,0,0,0,BOTH_CORRECT,False,False
2895,1,Disgust,1,1,1,1,BOTH_CORRECT,False,False
2896,3,Happy,6,6,6,3,BOTH_WRONG,False,False
2897,3,Happy,3,3,3,3,BOTH_CORRECT,False,False
2898,5,Surprise,5,5,2,2,BOTH_CORRECT,False,False
2899,6,Neutral,6,6,6,6,BOTH_CORRECT,False,False
2900,0,Angry,4,0,0,0,EARLY_WRONG_LATE_CORRECT,False,False
2901,4,Sad,4,4,4,4,BOTH_CORRECT,False,False
2902,0,Angry,4,4,4,0,BOTH_WRONG,False,False
2903,5,Surprise,5,5,5,5,BOTH_CORRECT,False,False
2904,0,Angry,0,0,0,0,BOTH_CORRECT,False,False
2905,6,Neutral,6,4,4,4,EARLY_CORRECT_LATE_WRONG,False,False
2906,4,Sad,0,0,0,0,BOTH_WRONG,False,False
2907,4,Sad,2,2,2,2,BOTH_WRONG,False,False
2908,3,Happy,4,3,3,3,EARLY_WRONG_LATE_CORRECT,False,False
2909,5,Surprise,2,2,5,2,BOTH_WRONG,False,False
2910,4,Sad,6,6,6,6,BOTH_WRONG,False,False
2911,3,Happy,3,3,3,3,BOTH_CORRECT,False,False
2912,3,Happy,6,6,6,6,BOTH_WRONG,False,False
2913,0,Angry,3,3,3,3,BOTH_WRONG,False,False
2914,6,Neutral,6,6,6,6,BOTH_CORRECT,False,False
2915,6,Neutral,0,0,0,0,BOTH_WRONG,False,False
2916,2,Fear,2,1,1,1,EARLY_CORRECT_LATE_WRONG,False,False
2917,4,Sad,0,4,4,4,EARLY_WRONG_LATE_CORRECT,False,False
2918,3,Happy,6,3,3,3,EARLY_WRONG_LATE_CORRECT,False,False
2919,3,Happy,3,3,3,3,BOTH_CORRECT,False,False
2920,3,Happy,3,3,3,3,BOTH_CORRECT,False,False
2921,2,Fear,2,6,6,6,EARLY_CORRECT_LATE_WRONG,False,False
2922,5,Surprise,3,5,5,5,EARLY_WRONG_LATE_CORRECT,False,False
2923,5,Surprise,5,5,5,5,BOTH_CORRECT,False,False
2924,5,Surprise,5,5,5,5,BOTH_CORRECT,False,False
2925,4,Sad,4,4,4,4,BOTH_CORRECT,False,False
2926,0,Angry,4,6,6,6,BOTH_WRONG,False,False
2927,3,Happy,3,3,3,3,BOTH_CORRECT,False,False
2928,3,Happy,3,5,5,0,EARLY_CORRECT_LATE_WRONG,False,False
2929,2,Fear,2,2,2,2,BOTH_CORRECT,False,False
2930,2,Fear,5,5,5,5,BOTH_WRONG,False,False
2931,5,Surprise,2,2,2,2,BOTH_WRONG,False,False
2932,3,Happy,3,3,3,3,BOTH_CORRECT,False,False
2933,4,Sad,4,4,4,4,BOTH_CORRECT,False,False
2934,4,Sad,4,4,4,4,BOTH_CORRECT,False,False
2935,3,Happy,3,3,3,3,BOTH_CORRECT,False,False
2936,3,Happy,3,3,3,3,BOTH_CORRECT,False,False
2937,4,Sad,4,4,4,4,BOTH_CORRECT,False,False
2938,6,Neutral,6,6,6,6,BOTH_CORRECT,False,False
2939,0,Angry,3,0,0,0,EARLY_WRONG_LATE_CORRECT,False,False
2940,6,Neutral,6,2,2,2,EARLY_CORRECT_LATE_WRONG,False,False
2941,6,Neutral,6,6,6,6,BOTH_CORRECT,False,False
2942,3,Happy,0,4,4,4,BOTH_WRONG,False,False
2943,4,Sad,4,4,4,4,BOTH_CORRECT,False,False
2944,4,Sad,4,4,4,4,BOTH_CORRECT,False,False
2945,4,Sad,3,6,6,6,BOTH_WRONG,False,False
2946,2,Fear,4,2,2,4,EARLY_WRONG_LATE_CORRECT,False,False
2947,4,Sad,4,4,4,4,BOTH_CORRECT,False,False
2948,0,Angry,6,2,2,2,BOTH_WRONG,False,False
2949,6,Neutral,6,6,6,6,BOTH_CORRECT,False,False
2950,3,Happy,3,5,5,3,EARLY_CORRECT_LATE_WRONG,False,True
2951,4,Sad,6,4,4,4,EARLY_WRONG_LATE_CORRECT,False,False
2952,2,Fear,5,5,5,5,BOTH_WRONG,False,False
2953,5,Surprise,5,5,5,5,BOTH_CORRECT,False,False
2954,4,Sad,4,4,4,4,BOTH_CORRECT,False,False
2955,5,Surprise,5,5,5,5,BOTH_CORRECT,False,False
2956,4,Sad,3,3,3,3,BOTH_WRONG,False,False
2957,0,Angry,6,0,0,0,EARLY_WRONG_LATE_CORRECT,False,False
2958,5,Surprise,5,5,5,5,BOTH_CORRECT,False,False
2959,3,Happy,3,0,3,4,EARLY_CORRECT_LATE_WRONG,True,False
2960,4,Sad,0,0,0,0,BOTH_WRONG,False,False
2961,0,Angry,0,0,0,0,BOTH_CORRECT,False,False
2962,5,Surprise,5,5,5,5,BOTH_CORRECT,False,False
2963,2,Fear,2,2,2,2,BOTH_CORRECT,False,False
2964,0,Angry,0,0,0,0,BOTH_CORRECT,False,False
2965,3,Happy,3,3,3,3,BOTH_CORRECT,False,False
2966,3,Happy,3,3,3,3,BOTH_CORRECT,False,False
2967,4,Sad,4,4,4,4,BOTH_CORRECT,False,False
2968,6,Neutral,0,0,0,0,BOTH_WRONG,False,False
2969,2,Fear,5,5,5,5,BOTH_WRONG,False,False
2970,3,Happy,3,3,3,3,BOTH_CORRECT,False,False
2971,6,Neutral,3,5,5,2,BOTH_WRONG,False,False
2972,2,Fear,5,2,2,2,EARLY_WRONG_LATE_CORRECT,False,False
2973,3,Happy,3,3,3,3,BOTH_CORRECT,False,False
2974,3,Happy,3,3,3,3,BOTH_CORRECT,False,False
2975,2,Fear,2,0,0,0,EARLY_CORRECT_LATE_WRONG,False,False
2976,6,Neutral,6,6,6,6,BOTH_CORRECT,False,False
2977,5,Surprise,5,5,5,5,BOTH_CORRECT,False,False
2978,3,Happy,3,3,3,3,BOTH_CORRECT,False,False
2979,6,Neutral,6,6,6,6,BOTH_CORRECT,False,False
2980,3,Happy,6,6,6,6,BOTH_WRONG,False,False
2981,6,Neutral,4,4,4,4,BOTH_WRONG,False,False
2982,3,Happy,3,3,3,3,BOTH_CORRECT,False,False
2983,0,Angry,0,0,0,0,BOTH_CORRECT,False,False
2984,0,Angry,4,4,4,4,BOTH_WRONG,False,False
2985,0,Angry,0,0,0,0,BOTH_CORRECT,False,False
2986,6,Neutral,6,6,6,6,BOTH_CORRECT,False,False
2987,3,Happy,4,3,3,3,EARLY_WRONG_LATE_CORRECT,False,False
2988,3,Happy,3,3,3,3,BOTH_CORRECT,False,False
2989,5,Surprise,5,5,5,5,BOTH_CORRECT,False,False
2990,5,Surprise,5,5,5,5,BOTH_CORRECT,False,False
2991,4,Sad,4,4,4,4,BOTH_CORRECT,False,False
2992,6,Neutral,6,4,4,4,EARLY_CORRECT_LATE_WRONG,False,False
2993,2,Fear,4,4,6,2,BOTH_WRONG,False,False
2994,0,Angry,0,0,0,0,BOTH_CORRECT,False,False
2995,6,Neutral,6,6,6,6,BOTH_CORRECT,False,False
2996,4,Sad,4,6,4,4,EARLY_CORRECT_LATE_WRONG,True,True
2997,0,Angry,4,6,6,6,BOTH_WRONG,False,False
2998,3,Happy,3,3,3,3,BOTH_CORRECT,False,False
2999,4,Sad,2,5,5,5,BOTH_WRONG,False,False
3000,3,Happy,4,4,4,4,BOTH_WRONG,False,False
3001,4,Sad,4,4,4,4,BOTH_CORRECT,False,False
3002,0,Angry,0,0,0,0,BOTH_CORRECT,False,False
3003,4,Sad,4,5,5,5,EARLY_CORRECT_LATE_WRONG,False,False
3004,6,Neutral,0,0,0,0,BOTH_WRONG,False,False
3005,6,Neutral,4,6,6,6,EARLY_WRONG_LATE_CORRECT,False,False
3006,5,Surprise,2,2,2,2,BOTH_WRONG,False,False
3007,0,Angry,3,0,0,0,EARLY_WRONG_LATE_CORRECT,False,False
3008,2,Fear,2,5,5,5,EARLY_CORRECT_LATE_WRONG,False,False
3009,3,Happy,3,3,3,3,BOTH_CORRECT,False,False
3010,2,Fear,2,2,2,2,BOTH_CORRECT,False,False
3011,4,Sad,4,4,4,4,BOTH_CORRECT,False,False
3012,4,Sad,4,2,2,2,EARLY_CORRECT_LATE_WRONG,False,False
3013,0,Angry,0,0,0,0,BOTH_CORRECT,False,False
3014,3,Happy,3,6,3,6,EARLY_CORRECT_LATE_WRONG,True,False
3015,3,Happy,3,3,3,3,BOTH_CORRECT,False,False
3016,3,Happy,5,5,5,5,BOTH_WRONG,False,False
3017,0,Angry,4,4,4,4,BOTH_WRONG,False,False
3018,3,Happy,3,3,3,3,BOTH_CORRECT,False,False
3019,4,Sad,0,0,0,0,BOTH_WRONG,False,False
3020,0,Angry,0,0,0,0,BOTH_CORRECT,False,False
3021,3,Happy,3,3,3,3,BOTH_CORRECT,False,False
3022,5,Surprise,5,5,5,5,BOTH_CORRECT,False,False
3023,2,Fear,4,4,2,4,BOTH_WRONG,False,False
3024,4,Sad,0,0,0,0,BOTH_WRONG,False,False
3025,3,Happy,6,6,6,6,BOTH_WRONG,False,False
3026,2,Fear,2,2,3,2,BOTH_CORRECT,False,False
3027,2,Fear,2,2,2,2,BOTH_CORRECT,False,False
3028,3,Happy,3,3,3,3,BOTH_CORRECT,False,False
3029,2,Fear,4,2,2,2,EARLY_WRONG_LATE_CORRECT,False,False
3030,3,Happy,3,3,3,3,BOTH_CORRECT,False,False
3031,4,Sad,4,4,0,0,BOTH_CORRECT,False,False
3032,5,Surprise,5,5,5,5,BOTH_CORRECT,False,False
3033,3,Happy,3,3,5,3,BOTH_CORRECT,False,False
3034,2,Fear,6,6,6,6,BOTH_WRONG,False,False
3035,5,Surprise,5,5,5,5,BOTH_CORRECT,False,False
3036,6,Neutral,6,3,3,3,EARLY_CORRECT_LATE_WRONG,False,False
3037,3,Happy,3,3,3,3,BOTH_CORRECT,False,False
3038,5,Surprise,5,5,5,5,BOTH_CORRECT,False,False
3039,6,Neutral,6,6,6,6,BOTH_CORRECT,False,False
3040,0,Angry,0,0,0,0,BOTH_CORRECT,False,False
3041,6,Neutral,6,6,6,6,BOTH_CORRECT,False,False
3042,6,Neutral,6,6,6,6,BOTH_CORRECT,False,False
3043,3,Happy,3,3,3,3,BOTH_CORRECT,False,False
3044,6,Neutral,4,6,6,6,EARLY_WRONG_LATE_CORRECT,False,False
3045,3,Happy,3,3,3,3,BOTH_CORRECT,False,False
3046,3,Happy,3,3,3,3,BOTH_CORRECT,False,False
3047,3,Happy,3,3,3,3,BOTH_CORRECT,False,False
3048,3,Happy,3,3,3,3,BOTH_CORRECT,False,False
3049,5,Surprise,5,5,5,5,BOTH_CORRECT,False,False
3050,4,Sad,4,2,4,4,EARLY_CORRECT_LATE_WRONG,True,True
3051,3,Happy,3,3,3,3,BOTH_CORRECT,False,False
3052,3,Happy,3,3,3,3,BOTH_CORRECT,False,False
3053,4,Sad,4,4,4,6,BOTH_CORRECT,False,False
3054,5,Surprise,5,5,5,5,BOTH_CORRECT,False,False
3055,6,Neutral,4,6,6,6,EARLY_WRONG_LATE_CORRECT,False,False
3056,3,Happy,3,3,3,3,BOTH_CORRECT,False,False
3057,6,Neutral,4,2,2,2,BOTH_WRONG,False,False
3058,6,Neutral,4,4,4,4,BOTH_WRONG,False,False
3059,2,Fear,3,0,0,3,BOTH_WRONG,False,False
3060,6,Neutral,0,0,0,0,BOTH_WRONG,False,False
3061,3,Happy,3,3,3,3,BOTH_CORRECT,False,False
3062,2,Fear,6,6,6,6,BOTH_WRONG,False,False
3063,3,Happy,3,3,3,3,BOTH_CORRECT,False,False
3064,2,Fear,2,4,4,4,EARLY_CORRECT_LATE_WRONG,False,False
3065,6,Neutral,6,6,6,6,BOTH_CORRECT,False,False
3066,5,Surprise,5,5,5,5,BOTH_CORRECT,False,False
3067,6,Neutral,6,6,6,6,BOTH_CORRECT,False,False
3068,2,Fear,2,2,2,2,BOTH_CORRECT,False,False
3069,3,Happy,3,3,3,3,BOTH_CORRECT,False,False
3070,0,Angry,0,0,0,0,BOTH_CORRECT,False,False
3071,2,Fear,2,2,2,4,BOTH_CORRECT,False,False
3072,5,Surprise,5,5,5,5,BOTH_CORRECT,False,False
3073,2,Fear,2,2,2,2,BOTH_CORRECT,False,False
3074,4,Sad,4,4,4,4,BOTH_CORRECT,False,False
3075,5,Surprise,5,5,5,5,BOTH_CORRECT,False,False
3076,3,Happy,3,3,3,3,BOTH_CORRECT,False,False
3077,2,Fear,0,2,2,2,EARLY_WRONG_LATE_CORRECT,False,False
3078,5,Surprise,5,5,5,5,BOTH_CORRECT,False,False
3079,4,Sad,4,3,3,3,EARLY_CORRECT_LATE_WRONG,False,False
3080,6,Neutral,6,6,6,6,BOTH_CORRECT,False,False
3081,5,Surprise,5,5,5,5,BOTH_CORRECT,False,False
3082,4,Sad,4,4,4,4,BOTH_CORRECT,False,False
3083,3,Happy,3,3,3,3,BOTH_CORRECT,False,False
3084,5,Surprise,5,5,5,5,BOTH_CORRECT,False,False
3085,0,Angry,0,0,0,0,BOTH_CORRECT,False,False
3086,5,Surprise,5,2,2,2,EARLY_CORRECT_LATE_WRONG,False,False
3087,1,Disgust,2,1,1,1,EARLY_WRONG_LATE_CORRECT,False,False
3088,2,Fear,0,5,2,5,BOTH_WRONG,False,False
3089,6,Neutral,4,6,6,6,EARLY_WRONG_LATE_CORRECT,False,False
3090,5,Surprise,2,5,5,5,EARLY_WRONG_LATE_CORRECT,False,False
3091,2,Fear,4,4,4,4,BOTH_WRONG,False,False
3092,3,Happy,3,3,3,3,BOTH_CORRECT,False,False
3093,3,Happy,3,3,3,3,BOTH_CORRECT,False,False
3094,3,Happy,6,0,0,0,BOTH_WRONG,False,False
3095,2,Fear,5,2,2,2,EARLY_WRONG_LATE_CORRECT,False,False
3096,6,Neutral,5,5,5,5,BOTH_WRONG,False,False
3097,3,Happy,3,3,3,3,BOTH_CORRECT,False,False
3098,4,Sad,4,4,4,4,BOTH_CORRECT,False,False
3099,6,Neutral,6,6,6,6,BOTH_CORRECT,False,False
3100,0,Angry,4,6,6,6,BOTH_WRONG,False,False
3101,3,Happy,3,3,3,3,BOTH_CORRECT,False,False
3102,3,Happy,3,3,3,3,BOTH_CORRECT,False,False
3103,5,Surprise,3,2,2,2,BOTH_WRONG,False,False
3104,3,Happy,6,3,6,3,EARLY_WRONG_LATE_CORRECT,False,False
3105,5,Surprise,5,5,5,5,BOTH_CORRECT,False,False
3106,0,Angry,6,6,6,6,BOTH_WRONG,False,False
3107,4,Sad,4,4,4,4,BOTH_CORRECT,False,False
3108,4,Sad,2,3,6,3,BOTH_WRONG,False,False
3109,2,Fear,2,2,2,2,BOTH_CORRECT,False,False
3110,4,Sad,4,4,4,4,BOTH_CORRECT,False,False
3111,6,Neutral,6,3,3,3,EARLY_CORRECT_LATE_WRONG,False,False
3112,2,Fear,2,2,2,2,BOTH_CORRECT,False,False
3113,3,Happy,3,3,3,3,BOTH_CORRECT,False,False
3114,6,Neutral,6,4,2,4,EARLY_CORRECT_LATE_WRONG,False,False
3115,4,Sad,4,4,4,4,BOTH_CORRECT,False,False
3116,6,Neutral,3,4,4,4,BOTH_WRONG,False,False
3117,5,Surprise,5,5,5,5,BOTH_CORRECT,False,False
3118,4,Sad,4,4,4,4,BOTH_CORRECT,False,False
3119,1,Disgust,0,1,1,1,EARLY_WRONG_LATE_CORRECT,False,False
3120,4,Sad,2,4,4,4,EARLY_WRONG_LATE_CORRECT,False,False
3121,3,Happy,3,3,3,3,BOTH_CORRECT,False,False
3122,6,Neutral,4,2,0,0,BOTH_WRONG,False,False
3123,6,Neutral,6,6,6,6,BOTH_CORRECT,False,False
3124,3,Happy,3,3,3,3,BOTH_CORRECT,False,False
3125,4,Sad,4,4,4,4,BOTH_CORRECT,False,False
3126,6,Neutral,6,6,6,6,BOTH_CORRECT,False,False
3127,4,Sad,4,4,4,4,BOTH_CORRECT,False,False
3128,4,Sad,4,4,4,4,BOTH_CORRECT,False,False
3129,4,Sad,1,4,4,4,EARLY_WRONG_LATE_CORRECT,False,False
3130,2,Fear,4,4,4,4,BOTH_WRONG,False,False
3131,0,Angry,6,6,0,6,BOTH_WRONG,False,False
3132,6,Neutral,4,4,4,4,BOTH_WRONG,False,False
3133,2,Fear,2,2,2,2,BOTH_CORRECT,False,False
3134,4,Sad,4,4,0,4,BOTH_CORRECT,False,False
3135,2,Fear,2,5,5,5,EARLY_CORRECT_LATE_WRONG,False,False
3136,4,Sad,4,6,6,6,EARLY_CORRECT_LATE_WRONG,False,False
3137,3,Happy,3,3,3,3,BOTH_CORRECT,False,False
3138,6,Neutral,4,6,6,6,EARLY_WRONG_LATE_CORRECT,False,False
3139,5,Surprise,5,5,5,5,BOTH_CORRECT,False,False
3140,0,Angry,5,0,0,0,EARLY_WRONG_LATE_CORRECT,False,False
3141,3,Happy,3,3,3,3,BOTH_CORRECT,False,False
3142,6,Neutral,6,6,6,6,BOTH_CORRECT,False,False
3143,4,Sad,4,4,4,4,BOTH_CORRECT,False,False
3144,3,Happy,3,3,3,3,BOTH_CORRECT,False,False
3145,6,Neutral,3,3,3,3,BOTH_WRONG,False,False
3146,2,Fear,2,2,2,2,BOTH_CORRECT,False,False
3147,3,Happy,3,3,3,3,BOTH_CORRECT,False,False
3148,4,Sad,3,3,3,3,BOTH_WRONG,False,False
3149,3,Happy,3,3,3,3,BOTH_CORRECT,False,False
3150,4,Sad,4,4,4,4,BOTH_CORRECT,False,False
3151,2,Fear,2,2,2,2,BOTH_CORRECT,False,False
3152,3,Happy,3,3,3,3,BOTH_CORRECT,False,False
3153,2,Fear,6,6,6,6,BOTH_WRONG,False,False
3154,3,Happy,3,3,3,3,BOTH_CORRECT,False,False
3155,2,Fear,6,2,2,2,EARLY_WRONG_LATE_CORRECT,False,False
3156,3,Happy,3,3,3,3,BOTH_CORRECT,False,False
3157,2,Fear,4,3,3,3,BOTH_WRONG,False,False
3158,0,Angry,0,4,4,4,EARLY_CORRECT_LATE_WRONG,False,False
3159,4,Sad,4,4,4,4,BOTH_CORRECT,False,False
3160,6,Neutral,4,4,4,4,BOTH_WRONG,False,False
3161,3,Happy,3,6,6,6,EARLY_CORRECT_LATE_WRONG,False,False
3162,4,Sad,3,4,4,4,EARLY_WRONG_LATE_CORRECT,False,False
3163,5,Surprise,2,5,5,5,EARLY_WRONG_LATE_CORRECT,False,False
3164,0,Angry,0,0,0,0,BOTH_CORRECT,False,False
3165,0,Angry,4,4,4,4,BOTH_WRONG,False,False
3166,5,Surprise,3,5,5,0,EARLY_WRONG_LATE_CORRECT,False,False
3167,6,Neutral,6,6,6,6,BOTH_CORRECT,False,False
3168,0,Angry,5,5,5,5,BOTH_WRONG,False,False
3169,6,Neutral,0,0,0,0,BOTH_WRONG,False,False
3170,0,Angry,0,0,0,0,BOTH_CORRECT,False,False
3171,6,Neutral,0,0,0,0,BOTH_WRONG,False,False
3172,4,Sad,4,4,0,4,BOTH_CORRECT,False,False
3173,5,Surprise,3,3,3,3,BOTH_WRONG,False,False
3174,3,Happy,3,3,3,3,BOTH_CORRECT,False,False
3175,6,Neutral,4,6,6,6,EARLY_WRONG_LATE_CORRECT,False,False
3176,2,Fear,2,2,2,2,BOTH_CORRECT,False,False
3177,4,Sad,4,4,4,4,BOTH_CORRECT,False,False
3178,4,Sad,4,4,4,4,BOTH_CORRECT,False,False
3179,0,Angry,0,0,0,0,BOTH_CORRECT,False,False
3180,3,Happy,3,3,3,3,BOTH_CORRECT,False,False
3181,3,Happy,3,3,3,3,BOTH_CORRECT,False,False
3182,6,Neutral,6,6,6,6,BOTH_CORRECT,False,False
3183,5,Surprise,5,5,5,5,BOTH_CORRECT,False,False
3184,4,Sad,2,2,5,4,BOTH_WRONG,False,False
3185,4,Sad,4,4,4,4,BOTH_CORRECT,False,False
3186,5,Surprise,5,5,5,5,BOTH_CORRECT,False,False
3187,3,Happy,3,3,3,3,BOTH_CORRECT,False,False
3188,3,Happy,3,3,3,3,BOTH_CORRECT,False,False
3189,6,Neutral,4,6,6,6,EARLY_WRONG_LATE_CORRECT,False,False
3190,5,Surprise,5,5,5,5,BOTH_CORRECT,False,False
3191,4,Sad,4,6,6,0,EARLY_CORRECT_LATE_WRONG,False,False
3192,4,Sad,6,6,6,6,BOTH_WRONG,False,False
3193,5,Surprise,5,5,5,5,BOTH_CORRECT,False,False
3194,2,Fear,2,2,2,2,BOTH_CORRECT,False,False
3195,2,Fear,4,2,2,2,EARLY_WRONG_LATE_CORRECT,False,False
3196,5,Surprise,5,5,5,5,BOTH_CORRECT,False,False
3197,6,Neutral,6,6,6,6,BOTH_CORRECT,False,False
3198,4,Sad,4,4,4,4,BOTH_CORRECT,False,False
3199,3,Happy,3,4,4,4,EARLY_CORRECT_LATE_WRONG,False,False
3200,6,Neutral,4,4,4,4,BOTH_WRONG,False,False
3201,3,Happy,3,3,3,3,BOTH_CORRECT,False,False
3202,4,Sad,6,4,4,4,EARLY_WRONG_LATE_CORRECT,False,False
3203,4,Sad,3,0,2,4,BOTH_WRONG,False,False
3204,4,Sad,3,3,3,3,BOTH_WRONG,False,False
3205,2,Fear,4,4,4,4,BOTH_WRONG,False,False
3206,6,Neutral,4,6,6,6,EARLY_WRONG_LATE_CORRECT,False,False
3207,2,Fear,2,2,2,2,BOTH_CORRECT,False,False
3208,0,Angry,2,4,4,4,BOTH_WRONG,False,False
3209,5,Surprise,4,0,6,0,BOTH_WRONG,False,False
3210,2,Fear,6,6,6,6,BOTH_WRONG,False,False
3211,2,Fear,0,0,0,0,BOTH_WRONG,False,False
3212,0,Angry,0,0,0,0,BOTH_CORRECT,False,False
3213,3,Happy,3,3,3,3,BOTH_CORRECT,False,False
3214,5,Surprise,4,2,2,2,BOTH_WRONG,False,False
3215,6,Neutral,0,0,0,3,BOTH_WRONG,False,False
3216,0,Angry,6,0,0,0,EARLY_WRONG_LATE_CORRECT,False,False
3217,0,Angry,0,4,4,4,EARLY_CORRECT_LATE_WRONG,False,False
3218,3,Happy,6,6,6,6,BOTH_WRONG,False,False
3219,0,Angry,5,0,0,0,EARLY_WRONG_LATE_CORRECT,False,False
3220,3,Happy,5,5,5,5,BOTH_WRONG,False,False
3221,6,Neutral,6,6,6,6,BOTH_CORRECT,False,False
3222,0,Angry,0,2,2,2,EARLY_CORRECT_LATE_WRONG,False,False
3223,0,Angry,6,4,4,4,BOTH_WRONG,False,False
3224,3,Happy,3,3,3,3,BOTH_CORRECT,False,False
3225,3,Happy,3,3,3,3,BOTH_CORRECT,False,False
3226,5,Surprise,5,5,5,5,BOTH_CORRECT,False,False
3227,0,Angry,4,2,2,2,BOTH_WRONG,False,False
3228,0,Angry,0,2,2,2,EARLY_CORRECT_LATE_WRONG,False,False
3229,4,Sad,6,6,6,6,BOTH_WRONG,False,False
3230,0,Angry,0,0,0,0,BOTH_CORRECT,False,False
3231,2,Fear,6,4,4,4,BOTH_WRONG,False,False
3232,4,Sad,2,2,2,2,BOTH_WRONG,False,False
3233,6,Neutral,6,6,6,6,BOTH_CORRECT,False,False
3234,6,Neutral,2,4,4,4,BOTH_WRONG,False,False
3235,2,Fear,5,5,5,5,BOTH_WRONG,False,False
3236,3,Happy,3,3,3,3,BOTH_CORRECT,False,False
3237,0,Angry,0,0,0,0,BOTH_CORRECT,False,False
3238,0,Angry,0,0,0,0,BOTH_CORRECT,False,False
3239,0,Angry,4,4,3,3,BOTH_WRONG,False,False
3240,6,Neutral,6,6,6,6,BOTH_CORRECT,False,False
3241,3,Happy,6,3,3,3,EARLY_WRONG_LATE_CORRECT,False,False
3242,3,Happy,3,3,3,3,BOTH_CORRECT,False,False
3243,3,Happy,5,5,5,5,BOTH_WRONG,False,False
3244,5,Surprise,5,5,5,5,BOTH_CORRECT,False,False
3245,2,Fear,4,2,2,4,EARLY_WRONG_LATE_CORRECT,False,False
3246,6,Neutral,4,2,2,2,BOTH_WRONG,False,False
3247,6,Neutral,3,3,3,3,BOTH_WRONG,False,False
3248,4,Sad,6,6,6,6,BOTH_WRONG,False,False
3249,3,Happy,3,3,3,3,BOTH_CORRECT,False,False
3250,2,Fear,2,2,2,2,BOTH_CORRECT,False,False
3251,6,Neutral,3,3,3,3,BOTH_WRONG,False,False
3252,5,Surprise,5,5,5,5,BOTH_CORRECT,False,False
3253,3,Happy,6,6,6,6,BOTH_WRONG,False,False
3254,6,Neutral,4,4,4,4,BOTH_WRONG,False,False
3255,3,Happy,0,0,0,0,BOTH_WRONG,False,False
3256,2,Fear,2,2,2,2,BOTH_CORRECT,False,False
3257,3,Happy,3,3,3,3,BOTH_CORRECT,False,False
3258,4,Sad,4,4,4,4,BOTH_CORRECT,False,False
3259,5,Surprise,5,5,5,5,BOTH_CORRECT,False,False
3260,0,Angry,5,5,5,0,BOTH_WRONG,False,False
3261,6,Neutral,3,6,6,6,EARLY_WRONG_LATE_CORRECT,False,False
3262,0,Angry,5,5,5,5,BOTH_WRONG,False,False
3263,3,Happy,3,3,3,3,BOTH_CORRECT,False,False
3264,2,Fear,4,2,2,2,EARLY_WRONG_LATE_CORRECT,False,False
3265,6,Neutral,6,6,6,6,BOTH_CORRECT,False,False
3266,4,Sad,4,4,4,4,BOTH_CORRECT,False,False
3267,4,Sad,4,6,0,0,EARLY_CORRECT_LATE_WRONG,False,False
3268,3,Happy,3,3,3,3,BOTH_CORRECT,False,False
3269,5,Surprise,0,5,5,5,EARLY_WRONG_LATE_CORRECT,False,False
3270,2,Fear,4,4,4,4,BOTH_WRONG,False,False
3271,4,Sad,4,4,0,0,BOTH_CORRECT,False,False
3272,6,Neutral,3,6,6,6,EARLY_WRONG_LATE_CORRECT,False,False
3273,2,Fear,0,0,1,0,BOTH_WRONG,False,False
3274,5,Surprise,2,2,2,2,BOTH_WRONG,False,False
3275,4,Sad,2,4,4,4,EARLY_WRONG_LATE_CORRECT,False,False
3276,3,Happy,3,3,3,3,BOTH_CORRECT,False,False
3277,6,Neutral,6,6,6,6,BOTH_CORRECT,False,False
3278,3,Happy,3,3,3,3,BOTH_CORRECT,False,False
3279,4,Sad,0,2,2,4,BOTH_WRONG,False,False
3280,2,Fear,2,0,0,0,EARLY_CORRECT_LATE_WRONG,False,False
3281,3,Happy,3,3,3,3,BOTH_CORRECT,False,False
3282,2,Fear,4,2,2,2,EARLY_WRONG_LATE_CORRECT,False,False
3283,4,Sad,4,4,4,4,BOTH_CORRECT,False,False
3284,6,Neutral,3,3,3,3,BOTH_WRONG,False,False
3285,6,Neutral,3,3,3,3,BOTH_WRONG,False,False
3286,4,Sad,4,4,4,4,BOTH_CORRECT,False,False
3287,6,Neutral,6,6,6,6,BOTH_CORRECT,False,False
3288,6,Neutral,6,6,6,6,BOTH_CORRECT,False,False
3289,5,Surprise,5,5,5,5,BOTH_CORRECT,False,False
3290,6,Neutral,6,6,6,6,BOTH_CORRECT,False,False
3291,2,Fear,4,2,6,6,EARLY_WRONG_LATE_CORRECT,False,False
3292,0,Angry,4,6,6,6,BOTH_WRONG,False,False
3293,4,Sad,4,2,2,2,EARLY_CORRECT_LATE_WRONG,False,False
3294,3,Happy,6,6,6,3,BOTH_WRONG,False,False
3295,5,Surprise,5,5,5,5,BOTH_CORRECT,False,False
3296,4,Sad,4,4,4,4,BOTH_CORRECT,False,False
3297,4,Sad,6,6,6,6,BOTH_WRONG,False,False
3298,2,Fear,4,4,6,2,BOTH_WRONG,False,False
3299,6,Neutral,6,6,6,6,BOTH_CORRECT,False,False
3300,6,Neutral,6,6,6,6,BOTH_CORRECT,False,False
3301,4,Sad,0,0,0,0,BOTH_WRONG,False,False
3302,3,Happy,3,3,3,3,BOTH_CORRECT,False,False
3303,3,Happy,3,3,3,3,BOTH_CORRECT,False,False
3304,3,Happy,3,3,3,3,BOTH_CORRECT,False,False
3305,2,Fear,4,2,2,2,EARLY_WRONG_LATE_CORRECT,False,False
3306,4,Sad,4,4,4,4,BOTH_CORRECT,False,False
3307,6,Neutral,6,6,6,6,BOTH_CORRECT,False,False
3308,0,Angry,0,2,2,2,EARLY_CORRECT_LATE_WRONG,False,False
3309,2,Fear,4,2,2,2,EARLY_WRONG_LATE_CORRECT,False,False
3310,0,Angry,0,0,0,0,BOTH_CORRECT,False,False
3311,6,Neutral,2,2,2,2,BOTH_WRONG,False,False
3312,3,Happy,3,3,3,3,BOTH_CORRECT,False,False
3313,3,Happy,3,3,3,3,BOTH_CORRECT,False,False
3314,0,Angry,0,0,0,0,BOTH_CORRECT,False,False
3315,0,Angry,0,0,2,4,BOTH_CORRECT,False,False
3316,4,Sad,4,4,4,4,BOTH_CORRECT,False,False
3317,4,Sad,4,4,4,4,BOTH_CORRECT,False,False
3318,3,Happy,3,3,3,3,BOTH_CORRECT,False,False
3319,6,Neutral,4,6,6,6,EARLY_WRONG_LATE_CORRECT,False,False
3320,4,Sad,0,0,0,0,BOTH_WRONG,False,False
3321,4,Sad,4,4,2,4,BOTH_CORRECT,False,False
3322,5,Surprise,5,5,5,5,BOTH_CORRECT,False,False
3323,6,Neutral,6,4,4,4,EARLY_CORRECT_LATE_WRONG,False,False
3324,6,Neutral,4,4,4,4,BOTH_WRONG,False,False
3325,6,Neutral,6,6,6,6,BOTH_CORRECT,False,False
3326,5,Surprise,3,3,3,5,BOTH_WRONG,False,False
3327,3,Happy,3,6,6,6,EARLY_CORRECT_LATE_WRONG,False,False
3328,3,Happy,3,3,3,3,BOTH_CORRECT,False,False
3329,4,Sad,4,2,4,4,EARLY_CORRECT_LATE_WRONG,True,True
3330,3,Happy,3,3,3,3,BOTH_CORRECT,False,False
3331,5,Surprise,5,5,5,5,BOTH_CORRECT,False,False
3332,3,Happy,6,6,6,6,BOTH_WRONG,False,False
3333,4,Sad,4,3,3,3,EARLY_CORRECT_LATE_WRONG,False,False
3334,3,Happy,3,3,3,3,BOTH_CORRECT,False,False
3335,4,Sad,2,2,4,2,BOTH_WRONG,False,False
3336,4,Sad,4,4,4,4,BOTH_CORRECT,False,False
3337,3,Happy,3,3,3,3,BOTH_CORRECT,False,False
3338,3,Happy,3,3,3,3,BOTH_CORRECT,False,False
3339,3,Happy,3,3,3,3,BOTH_CORRECT,False,False
3340,6,Neutral,6,6,6,6,BOTH_CORRECT,False,False
3341,2,Fear,6,6,6,6,BOTH_WRONG,False,False
3342,3,Happy,0,0,0,0,BOTH_WRONG,False,False
3343,2,Fear,5,5,5,5,BOTH_WRONG,False,False
3344,2,Fear,6,4,4,4,BOTH_WRONG,False,False
3345,4,Sad,6,4,4,4,EARLY_WRONG_LATE_CORRECT,False,False
3346,3,Happy,0,3,3,3,EARLY_WRONG_LATE_CORRECT,False,False
3347,1,Disgust,6,4,4,4,BOTH_WRONG,False,False
3348,5,Surprise,2,2,2,2,BOTH_WRONG,False,False
3349,2,Fear,4,4,4,4,BOTH_WRONG,False,False
3350,2,Fear,4,2,2,2,EARLY_WRONG_LATE_CORRECT,False,False
3351,4,Sad,0,0,0,0,BOTH_WRONG,False,False
3352,5,Surprise,5,5,5,5,BOTH_CORRECT,False,False
3353,3,Happy,3,3,3,3,BOTH_CORRECT,False,False
3354,3,Happy,3,3,0,3,BOTH_CORRECT,False,False
3355,4,Sad,4,4,4,4,BOTH_CORRECT,False,False
3356,4,Sad,4,0,0,0,EARLY_CORRECT_LATE_WRONG,False,False
3357,3,Happy,6,6,6,6,BOTH_WRONG,False,False
3358,4,Sad,4,4,4,4,BOTH_CORRECT,False,False
3359,3,Happy,3,3,3,3,BOTH_CORRECT,False,False
3360,5,Surprise,5,5,5,5,BOTH_CORRECT,False,False
3361,3,Happy,6,6,6,6,BOTH_WRONG,False,False
3362,6,Neutral,0,0,0,0,BOTH_WRONG,False,False
3363,0,Angry,4,0,0,0,EARLY_WRONG_LATE_CORRECT,False,False
3364,6,Neutral,5,6,6,6,EARLY_WRONG_LATE_CORRECT,False,False
3365,2,Fear,0,0,0,0,BOTH_WRONG,False,False
3366,3,Happy,3,3,3,3,BOTH_CORRECT,False,False
3367,2,Fear,5,2,2,2,EARLY_WRONG_LATE_CORRECT,False,False
3368,4,Sad,4,4,4,4,BOTH_CORRECT,False,False
3369,0,Angry,0,0,0,0,BOTH_CORRECT,False,False
3370,5,Surprise,5,5,5,5,BOTH_CORRECT,False,False
3371,3,Happy,3,3,3,3,BOTH_CORRECT,False,False
3372,6,Neutral,6,6,6,6,BOTH_CORRECT,False,False
3373,6,Neutral,6,6,6,6,BOTH_CORRECT,False,False
3374,4,Sad,4,4,4,4,BOTH_CORRECT,False,False
3375,3,Happy,3,3,3,3,BOTH_CORRECT,False,False
3376,3,Happy,3,3,3,3,BOTH_CORRECT,False,False
3377,1,Disgust,2,2,1,2,BOTH_WRONG,False,False
3378,3,Happy,6,3,6,3,EARLY_WRONG_LATE_CORRECT,False,False
3379,2,Fear,2,2,2,2,BOTH_CORRECT,False,False
3380,4,Sad,4,4,4,4,BOTH_CORRECT,False,False
3381,6,Neutral,6,6,6,6,BOTH_CORRECT,False,False
3382,4,Sad,4,4,4,4,BOTH_CORRECT,False,False
3383,3,Happy,3,3,3,3,BOTH_CORRECT,False,False
3384,2,Fear,4,4,4,4,BOTH_WRONG,False,False
3385,0,Angry,0,0,0,0,BOTH_CORRECT,False,False
3386,3,Happy,3,3,3,3,BOTH_CORRECT,False,False
3387,5,Surprise,2,5,5,5,EARLY_WRONG_LATE_CORRECT,False,False
3388,2,Fear,2,2,2,2,BOTH_CORRECT,False,False
3389,5,Surprise,5,5,5,5,BOTH_CORRECT,False,False
3390,5,Surprise,5,5,5,5,BOTH_CORRECT,False,False
3391,3,Happy,3,3,3,3,BOTH_CORRECT,False,False
3392,6,Neutral,5,6,6,6,EARLY_WRONG_LATE_CORRECT,False,False
3393,2,Fear,0,0,0,0,BOTH_WRONG,False,False
3394,2,Fear,2,2,2,2,BOTH_CORRECT,False,False
3395,2,Fear,4,2,2,2,EARLY_WRONG_LATE_CORRECT,False,False
3396,3,Happy,3,3,3,3,BOTH_CORRECT,False,False
3397,6,Neutral,6,6,6,6,BOTH_CORRECT,False,False
3398,3,Happy,3,3,3,3,BOTH_CORRECT,False,False
3399,3,Happy,3,3,3,3,BOTH_CORRECT,False,False
3400,2,Fear,2,2,2,2,BOTH_CORRECT,False,False
3401,4,Sad,2,4,2,4,EARLY_WRONG_LATE_CORRECT,False,False
3402,2,Fear,4,2,2,2,EARLY_WRONG_LATE_CORRECT,False,False
3403,0,Angry,0,0,0,0,BOTH_CORRECT,False,False
3404,6,Neutral,2,4,4,4,BOTH_WRONG,False,False
3405,2,Fear,2,2,2,2,BOTH_CORRECT,False,False
3406,6,Neutral,6,6,6,6,BOTH_CORRECT,False,False
3407,6,Neutral,6,6,6,6,BOTH_CORRECT,False,False
3408,6,Neutral,6,6,6,6,BOTH_CORRECT,False,False
3409,6,Neutral,6,6,6,6,BOTH_CORRECT,False,False
3410,5,Surprise,5,5,5,5,BOTH_CORRECT,False,False
3411,1,Disgust,0,1,1,1,EARLY_WRONG_LATE_CORRECT,False,False
3412,2,Fear,2,2,2,2,BOTH_CORRECT,False,False
3413,6,Neutral,0,0,0,0,BOTH_WRONG,False,False
3414,6,Neutral,5,4,4,4,BOTH_WRONG,False,False
3415,4,Sad,0,0,0,0,BOTH_WRONG,False,False
3416,2,Fear,4,4,4,4,BOTH_WRONG,False,False
3417,4,Sad,4,4,4,4,BOTH_CORRECT,False,False
3418,6,Neutral,6,6,6,6,BOTH_CORRECT,False,False
3419,3,Happy,3,3,3,3,BOTH_CORRECT,False,False
3420,2,Fear,2,2,2,2,BOTH_CORRECT,False,False
3421,2,Fear,2,2,2,2,BOTH_CORRECT,False,False
3422,4,Sad,3,0,3,3,BOTH_WRONG,False,False
3423,5,Surprise,5,5,5,5,BOTH_CORRECT,False,False
3424,6,Neutral,0,0,0,0,BOTH_WRONG,False,False
3425,3,Happy,4,3,3,3,EARLY_WRONG_LATE_CORRECT,False,False
3426,2,Fear,1,2,2,2,EARLY_WRONG_LATE_CORRECT,False,False
3427,3,Happy,3,2,2,2,EARLY_CORRECT_LATE_WRONG,False,False
3428,2,Fear,2,2,2,2,BOTH_CORRECT,False,False
3429,4,Sad,3,4,4,4,EARLY_WRONG_LATE_CORRECT,False,False
3430,4,Sad,2,4,4,4,EARLY_WRONG_LATE_CORRECT,False,False
3431,3,Happy,3,3,3,3,BOTH_CORRECT,False,False
3432,0,Angry,0,4,2,2,EARLY_CORRECT_LATE_WRONG,False,False
3433,3,Happy,3,3,3,3,BOTH_CORRECT,False,False
3434,2,Fear,4,4,4,4,BOTH_WRONG,False,False
3435,3,Happy,3,3,3,3,BOTH_CORRECT,False,False
3436,4,Sad,4,4,4,4,BOTH_CORRECT,False,False
3437,5,Surprise,5,5,5,5,BOTH_CORRECT,False,False
3438,4,Sad,4,6,6,6,EARLY_CORRECT_LATE_WRONG,False,False
3439,5,Surprise,5,5,5,5,BOTH_CORRECT,False,False
3440,6,Neutral,0,0,0,0,BOTH_WRONG,False,False
3441,0,Angry,0,0,0,0,BOTH_CORRECT,False,False
3442,5,Surprise,5,5,5,5,BOTH_CORRECT,False,False
3443,5,Surprise,5,5,5,5,BOTH_CORRECT,False,False
3444,0,Angry,2,2,2,2,BOTH_WRONG,False,False
3445,4,Sad,3,4,4,4,EARLY_WRONG_LATE_CORRECT,False,False
3446,6,Neutral,6,6,2,2,BOTH_CORRECT,False,False
3447,3,Happy,3,3,3,3,BOTH_CORRECT,False,False
3448,4,Sad,3,3,3,3,BOTH_WRONG,False,False
3449,6,Neutral,6,6,6,6,BOTH_CORRECT,False,False
3450,5,Surprise,5,5,5,5,BOTH_CORRECT,False,False
3451,3,Happy,3,3,3,3,BOTH_CORRECT,False,False
3452,0,Angry,6,0,0,0,EARLY_WRONG_LATE_CORRECT,False,False
3453,3,Happy,3,3,3,3,BOTH_CORRECT,False,False
3454,4,Sad,6,4,2,4,EARLY_WRONG_LATE_CORRECT,False,False
3455,4,Sad,6,2,2,4,BOTH_WRONG,False,False
3456,5,Surprise,2,2,2,5,BOTH_WRONG,False,False
3457,3,Happy,3,3,3,3,BOTH_CORRECT,False,False
3458,3,Happy,3,3,3,3,BOTH_CORRECT,False,False
3459,2,Fear,6,2,2,2,EARLY_WRONG_LATE_CORRECT,False,False
3460,3,Happy,3,3,3,3,BOTH_CORRECT,False,False
3461,5,Surprise,2,2,2,2,BOTH_WRONG,False,False
3462,3,Happy,3,3,3,3,BOTH_CORRECT,False,False
3463,0,Angry,4,4,4,4,BOTH_WRONG,False,False
3464,5,Surprise,5,5,5,5,BOTH_CORRECT,False,False
3465,3,Happy,2,2,2,2,BOTH_WRONG,False,False
3466,4,Sad,0,4,0,2,EARLY_WRONG_LATE_CORRECT,False,False
3467,5,Surprise,5,5,5,5,BOTH_CORRECT,False,False
3468,3,Happy,3,3,3,3,BOTH_CORRECT,False,False
3469,1,Disgust,1,1,1,1,BOTH_CORRECT,False,False
3470,5,Surprise,5,5,5,5,BOTH_CORRECT,False,False
3471,2,Fear,2,2,2,2,BOTH_CORRECT,False,False
3472,0,Angry,4,6,6,6,BOTH_WRONG,False,False
3473,3,Happy,3,3,3,3,BOTH_CORRECT,False,False
3474,4,Sad,6,4,4,4,EARLY_WRONG_LATE_CORRECT,False,False
3475,4,Sad,4,4,4,4,BOTH_CORRECT,False,False
3476,3,Happy,3,3,3,3,BOTH_CORRECT,False,False
3477,3,Happy,4,4,4,4,BOTH_WRONG,False,False
3478,6,Neutral,6,6,6,6,BOTH_CORRECT,False,False
3479,3,Happy,3,3,3,3,BOTH_CORRECT,False,False
3480,4,Sad,4,4,4,4,BOTH_CORRECT,False,False
3481,4,Sad,2,2,4,2,BOTH_WRONG,False,False
3482,6,Neutral,6,6,6,6,BOTH_CORRECT,False,False
3483,6,Neutral,3,3,3,3,BOTH_WRONG,False,False
3484,4,Sad,5,4,2,4,EARLY_WRONG_LATE_CORRECT,False,False
3485,3,Happy,0,2,0,2,BOTH_WRONG,False,False
3486,4,Sad,4,2,2,2,EARLY_CORRECT_LATE_WRONG,False,False
3487,0,Angry,0,0,0,0,BOTH_CORRECT,False,False
3488,4,Sad,6,6,6,6,BOTH_WRONG,False,False
3489,3,Happy,3,3,3,3,BOTH_CORRECT,False,False
3490,3,Happy,2,2,2,2,BOTH_WRONG,False,False
3491,0,Angry,1,0,0,0,EARLY_WRONG_LATE_CORRECT,False,False
3492,2,Fear,2,2,2,2,BOTH_CORRECT,False,False
3493,4,Sad,4,2,0,0,EARLY_CORRECT_LATE_WRONG,False,False
3494,0,Angry,0,0,0,0,BOTH_CORRECT,False,False
3495,0,Angry,0,0,0,0,BOTH_CORRECT,False,False
3496,2,Fear,2,2,2,2,BOTH_CORRECT,False,False
3497,0,Angry,2,4,2,4,BOTH_WRONG,False,False
3498,0,Angry,0,0,0,0,BOTH_CORRECT,False,False
3499,2,Fear,5,2,2,5,EARLY_WRONG_LATE_CORRECT,False,False
3500,4,Sad,0,0,0,0,BOTH_WRONG,False,False
3501,5,Surprise,3,3,3,3,BOTH_WRONG,False,False
3502,0,Angry,0,0,0,0,BOTH_CORRECT,False,False
3503,5,Surprise,5,5,5,5,BOTH_CORRECT,False,False
3504,6,Neutral,6,6,6,6,BOTH_CORRECT,False,False
3505,5,Surprise,5,5,5,5,BOTH_CORRECT,False,False
3506,0,Angry,0,0,0,0,BOTH_CORRECT,False,False
3507,6,Neutral,3,3,3,3,BOTH_WRONG,False,False
3508,4,Sad,0,0,0,0,BOTH_WRONG,False,False
3509,2,Fear,0,0,0,0,BOTH_WRONG,False,False
3510,6,Neutral,6,6,6,6,BOTH_CORRECT,False,False
3511,6,Neutral,6,6,6,6,BOTH_CORRECT,False,False
3512,4,Sad,4,2,2,2,EARLY_CORRECT_LATE_WRONG,False,False
3513,6,Neutral,3,3,3,3,BOTH_WRONG,False,False
3514,0,Angry,0,0,0,0,BOTH_CORRECT,False,False
3515,3,Happy,2,3,3,3,EARLY_WRONG_LATE_CORRECT,False,False
3516,0,Angry,0,0,0,0,BOTH_CORRECT,False,False
3517,4,Sad,4,6,6,6,EARLY_CORRECT_LATE_WRONG,False,False
3518,3,Happy,3,3,3,3,BOTH_CORRECT,False,False
3519,6,Neutral,6,6,6,6,BOTH_CORRECT,False,False
3520,2,Fear,6,2,2,2,EARLY_WRONG_LATE_CORRECT,False,False
3521,6,Neutral,3,4,4,6,BOTH_WRONG,False,False
3522,0,Angry,0,0,0,0,BOTH_CORRECT,False,False
3523,2,Fear,5,5,5,5,BOTH_WRONG,False,False
3524,4,Sad,0,0,0,0,BOTH_WRONG,False,False
3525,4,Sad,4,2,2,4,EARLY_CORRECT_LATE_WRONG,False,True
3526,5,Surprise,2,5,5,5,EARLY_WRONG_LATE_CORRECT,False,False
3527,3,Happy,1,3,3,3,EARLY_WRONG_LATE_CORRECT,False,False
3528,5,Surprise,3,3,3,3,BOTH_WRONG,False,False
3529,0,Angry,2,6,6,6,BOTH_WRONG,False,False
3530,6,Neutral,3,3,3,3,BOTH_WRONG,False,False
3531,0,Angry,0,0,0,0,BOTH_CORRECT,False,False
3532,4,Sad,4,4,4,4,BOTH_CORRECT,False,False
3533,6,Neutral,6,6,6,6,BOTH_CORRECT,False,False
3534,5,Surprise,2,2,2,2,BOTH_WRONG,False,False
3535,3,Happy,3,3,3,3,BOTH_CORRECT,False,False
3536,4,Sad,4,4,4,4,BOTH_CORRECT,False,False
3537,4,Sad,6,6,6,6,BOTH_WRONG,False,False
3538,3,Happy,3,3,3,3,BOTH_CORRECT,False,False
3539,3,Happy,3,3,3,4,BOTH_CORRECT,False,False
3540,3,Happy,3,3,3,3,BOTH_CORRECT,False,False
3541,2,Fear,2,2,2,2,BOTH_CORRECT,False,False
3542,3,Happy,3,3,3,3,BOTH_CORRECT,False,False
3543,0,Angry,0,0,0,0,BOTH_CORRECT,False,False
3544,6,Neutral,6,6,6,6,BOTH_CORRECT,False,False
3545,4,Sad,2,5,5,5,BOTH_WRONG,False,False
3546,4,Sad,4,4,0,4,BOTH_CORRECT,False,False
3547,4,Sad,2,0,0,0,BOTH_WRONG,False,False
3548,3,Happy,3,3,3,3,BOTH_CORRECT,False,False
3549,3,Happy,3,3,3,3,BOTH_CORRECT,False,False
3550,3,Happy,3,3,3,3,BOTH_CORRECT,False,False
3551,1,Disgust,1,1,1,1,BOTH_CORRECT,False,False
3552,0,Angry,0,0,0,0,BOTH_CORRECT,False,False
3553,3,Happy,3,3,3,3,BOTH_CORRECT,False,False
3554,3,Happy,3,3,3,3,BOTH_CORRECT,False,False
3555,4,Sad,2,0,0,0,BOTH_WRONG,False,False
3556,5,Surprise,5,5,5,5,BOTH_CORRECT,False,False
3557,5,Surprise,2,5,2,2,EARLY_WRONG_LATE_CORRECT,False,False
3558,4,Sad,4,6,6,6,EARLY_CORRECT_LATE_WRONG,False,False
3559,4,Sad,4,6,6,6,EARLY_CORRECT_LATE_WRONG,False,False
3560,6,Neutral,4,4,4,4,BOTH_WRONG,False,False
3561,6,Neutral,6,6,6,6,BOTH_CORRECT,False,False
3562,2,Fear,2,2,2,2,BOTH_CORRECT,False,False
3563,6,Neutral,6,6,6,6,BOTH_CORRECT,False,False
3564,3,Happy,3,6,6,6,EARLY_CORRECT_LATE_WRONG,False,False
3565,3,Happy,3,3,3,3,BOTH_CORRECT,False,False
3566,4,Sad,3,4,4,4,EARLY_WRONG_LATE_CORRECT,False,False
3567,4,Sad,4,4,4,4,BOTH_CORRECT,False,False
3568,4,Sad,0,6,6,6,BOTH_WRONG,False,False
3569,0,Angry,0,0,0,0,BOTH_CORRECT,False,False
3570,2,Fear,5,5,5,5,BOTH_WRONG,False,False
3571,4,Sad,2,2,0,0,BOTH_WRONG,False,False
3572,0,Angry,0,6,6,0,EARLY_CORRECT_LATE_WRONG,False,True
3573,3,Happy,3,3,3,3,BOTH_CORRECT,False,False
3574,5,Surprise,5,5,5,5,BOTH_CORRECT,False,False
3575,5,Surprise,5,5,5,5,BOTH_CORRECT,False,False
3576,6,Neutral,6,6,6,6,BOTH_CORRECT,False,False
3577,4,Sad,2,4,4,4,EARLY_WRONG_LATE_CORRECT,False,False
3578,3,Happy,3,6,6,6,EARLY_CORRECT_LATE_WRONG,False,False
3579,4,Sad,4,2,4,4,EARLY_CORRECT_LATE_WRONG,True,True
3580,1,Disgust,1,1,1,1,BOTH_CORRECT,False,False
3581,2,Fear,4,6,6,2,BOTH_WRONG,False,False
3582,3,Happy,0,3,3,3,EARLY_WRONG_LATE_CORRECT,False,False
3583,3,Happy,3,3,3,3,BOTH_CORRECT,False,False
3584,4,Sad,2,2,2,2,BOTH_WRONG,False,False
3585,3,Happy,3,3,3,3,BOTH_CORRECT,False,False
3586,4,Sad,6,6,6,6,BOTH_WRONG,False,False
3587,4,Sad,0,0,0,0,BOTH_WRONG,False,False
3588,4,Sad,4,2,2,2,EARLY_CORRECT_LATE_WRONG,False,False
