row_index,true_label,true_class_name,v22_model_raw_pred,v23_model_raw_pred,v22_L5_probe_pred,v23_L5_probe_pred,v22_L2_probe_pred,v23_L2_probe_pred,v22_L2_L5_raw_pred,v23_L2_L5_raw_pred,v22_PCA_L2_L5_pred,v23_PCA_L2_L5_pred
0,0,Angry,0,4,4,4,4,4,0,4,4,0
1,1,Disgust,6,1,6,1,4,6,6,1,6,1
2,4,Sad,0,0,4,0,0,0,0,0,4,0
3,6,Neutral,6,6,4,4,6,6,6,4,6,4
4,3,Happy,3,3,3,3,3,3,3,3,3,3
5,3,Happy,3,3,3,3,3,3,3,3,3,3
6,2,Fear,0,5,0,2,2,2,0,2,0,2
7,0,Angry,6,6,4,4,6,6,6,4,4,4
8,2,Fear,4,3,4,3,4,0,4,3,4,3
9,0,Angry,2,2,2,5,2,5,2,5,2,5
10,3,Happy,3,3,3,3,3,3,3,3,3,3
11,0,Angry,0,2,0,2,0,0,0,4,0,2
12,4,Sad,0,0,4,4,0,2,4,2,4,2
13,2,Fear,2,2,2,2,2,2,2,2,2,2
14,6,Neutral,6,6,6,6,4,6,6,6,6,6
15,2,Fear,2,5,5,5,2,5,2,5,1,5
16,5,Surprise,5,5,5,5,5,5,5,5,5,5
17,0,Angry,2,2,2,2,2,5,2,2,2,2
18,5,Surprise,5,5,5,5,5,5,5,5,5,5
19,3,Happy,3,3,3,3,3,3,3,3,3,3
20,2,Fear,2,2,2,2,6,6,2,2,6,2
21,5,Surprise,5,5,5,5,5,5,5,5,5,5
22,0,Angry,6,6,6,6,4,4,6,6,6,6
23,4,Sad,4,4,4,4,4,4,4,4,4,4
24,0,Angry,0,0,0,0,0,0,0,0,0,0
25,2,Fear,0,4,0,6,2,6,2,0,2,6
26,4,Sad,4,4,4,4,4,4,4,4,4,4
27,4,Sad,4,2,4,2,4,4,4,2,4,2
28,0,Angry,6,0,2,0,2,2,2,0,6,0
29,2,Fear,5,5,5,5,5,5,5,5,5,5
30,3,Happy,3,3,3,3,3,3,3,3,3,3
31,6,Neutral,6,6,6,6,6,6,6,2,6,2
32,3,Happy,3,3,3,3,3,3,3,3,3,3
33,6,Neutral,6,6,6,6,6,6,6,6,6,6
34,0,Angry,0,6,0,6,0,6,0,6,0,6
35,4,Sad,2,4,2,4,4,4,2,2,2,2
36,6,Neutral,4,4,4,4,4,4,4,4,4,4
37,2,Fear,2,2,2,2,2,2,2,2,2,2
38,6,Neutral,6,6,6,6,6,6,6,6,6,6
39,3,Happy,3,3,3,3,3,3,3,6,3,3
40,0,Angry,0,0,0,0,0,0,0,0,0,0
41,4,Sad,4,4,4,4,4,4,4,4,4,4
42,4,Sad,0,0,0,0,0,0,0,0,0,0
43,2,Fear,6,2,6,2,3,3,6,2,6,2
44,6,Neutral,6,6,6,6,6,6,6,6,6,6
45,3,Happy,3,3,2,3,3,3,0,3,0,3
46,5,Surprise,5,5,5,5,5,5,5,5,5,5
47,3,Happy,3,3,3,3,3,3,3,3,3,3
48,5,Surprise,5,5,5,5,5,5,5,5,5,5
49,6,Neutral,0,6,0,4,4,6,0,4,0,4
50,0,Angry,0,6,6,2,6,0,6,2,6,2
51,3,Happy,3,3,3,3,3,3,3,3,3,3
52,5,Surprise,5,5,5,5,5,5,5,5,5,5
53,4,Sad,4,4,4,4,4,6,4,6,4,6
54,4,Sad,4,2,6,2,6,4,6,2,6,2
55,3,Happy,3,3,3,3,3,3,3,3,3,3
56,4,Sad,2,2,2,2,2,2,2,2,2,2
57,2,Fear,2,2,2,2,2,2,2,2,2,2
58,5,Surprise,5,5,5,5,5,5,5,5,5,5
59,3,Happy,3,3,3,3,3,3,3,3,3,3
60,6,Neutral,6,6,6,6,6,6,6,6,6,6
61,3,Happy,3,5,3,3,3,5,3,5,3,5
62,4,Sad,4,4,4,4,4,6,4,4,4,4
63,3,Happy,3,3,5,3,5,5,5,3,3,3
64,5,Surprise,5,5,5,5,5,5,5,5,5,5
65,3,Happy,3,3,3,3,3,3,3,3,3,3
66,5,Surprise,2,5,2,5,2,5,2,5,2,5
67,4,Sad,2,6,2,6,2,6,2,6,2,6
68,2,Fear,2,2,2,2,2,2,3,2,2,2
69,6,Neutral,0,6,3,6,0,6,3,6,3,6
70,0,Angry,6,6,0,6,6,0,0,6,0,6
71,5,Surprise,5,5,5,5,5,5,5,5,5,5
72,6,Neutral,6,6,6,6,6,5,6,6,6,6
73,6,Neutral,3,6,3,6,3,3,3,6,3,6
74,2,Fear,3,2,5,2,4,2,5,2,4,2
75,6,Neutral,6,6,6,6,6,6,6,6,6,6
76,5,Surprise,5,5,5,5,5,5,5,5,5,5
77,6,Neutral,6,6,6,6,6,6,6,6,6,6
78,4,Sad,4,4,4,4,4,4,4,4,4,4
79,4,Sad,2,4,4,4,4,4,4,4,4,4
80,0,Angry,0,0,0,0,0,0,0,0,0,0
81,0,Angry,0,0,0,0,0,4,0,0,0,0
82,1,Disgust,0,0,0,0,0,0,0,0,0,2
83,3,Happy,6,6,3,3,3,6,3,6,3,6
84,5,Surprise,5,5,5,5,5,5,5,5,5,5
85,4,Sad,2,4,2,4,0,4,2,4,2,4
86,3,Happy,3,3,3,3,3,3,3,3,3,3
87,3,Happy,3,3,3,3,3,3,3,3,3,3
88,3,Happy,5,5,5,5,5,5,5,5,5,5
89,3,Happy,3,3,3,3,3,3,3,3,3,3
90,6,Neutral,6,6,6,6,6,4,6,6,6,6
91,0,Angry,0,0,0,0,0,0,5,0,0,0
92,6,Neutral,3,3,3,3,6,4,3,3,3,3
93,4,Sad,2,6,2,6,2,6,2,6,2,6
94,5,Surprise,0,0,0,0,0,0,0,0,0,0
95,2,Fear,0,0,0,0,0,0,0,0,0,0
96,3,Happy,5,2,5,2,5,2,5,2,5,2
97,3,Happy,3,3,3,3,3,3,3,3,3,3
98,3,Happy,3,3,3,3,3,3,3,3,3,3
99,0,Angry,0,0,0,0,0,0,0,0,0,0
100,3,Happy,3,3,3,3,3,3,3,3,3,3
101,6,Neutral,6,6,6,6,6,6,6,6,6,6
102,0,Angry,0,0,0,0,0,0,0,0,0,0
103,3,Happy,3,3,3,3,3,3,3,3,3,3
104,2,Fear,5,5,5,5,5,5,5,5,5,5
105,3,Happy,6,5,5,5,5,5,6,5,5,5
106,6,Neutral,6,6,6,6,6,6,6,6,6,6
107,6,Neutral,6,6,6,6,6,4,6,6,6,6
108,5,Surprise,5,6,5,6,5,6,5,6,5,6
109,3,Happy,3,3,3,3,3,3,3,3,3,3
110,3,Happy,3,3,3,3,3,3,3,3,3,3
111,0,Angry,0,0,0,0,0,0,0,0,0,0
112,0,Angry,0,0,0,0,0,0,0,0,0,0
113,2,Fear,4,4,4,4,4,4,4,4,4,4
114,3,Happy,3,3,3,3,3,3,3,3,3,3
115,2,Fear,2,2,2,2,2,2,2,2,2,2
116,3,Happy,3,3,3,3,3,3,3,3,3,3
117,6,Neutral,6,6,6,6,6,6,6,6,6,6
118,2,Fear,2,2,2,2,2,2,2,2,2,2
119,6,Neutral,6,4,6,4,6,6,6,4,6,4
120,5,Surprise,5,5,5,5,5,5,5,5,5,5
121,0,Angry,3,6,3,3,3,4,0,6,0,3
122,0,Angry,0,0,0,0,0,0,0,0,0,0
123,2,Fear,2,2,2,2,2,2,2,2,2,2
124,4,Sad,4,6,4,6,4,6,4,6,4,6
125,6,Neutral,6,6,6,6,6,6,6,6,6,6
126,3,Happy,3,3,3,3,3,5,2,3,2,3
127,6,Neutral,6,6,6,6,6,6,6,6,6,6
128,5,Surprise,5,5,5,3,5,5,5,5,5,3
129,5,Surprise,5,5,5,5,5,5,5,5,5,5
130,2,Fear,2,2,2,2,2,2,2,2,2,2
131,0,Angry,6,6,6,6,6,6,6,6,6,6
132,2,Fear,2,2,2,2,2,2,2,2,2,2
133,6,Neutral,6,6,3,2,6,0,3,2,3,2
134,5,Surprise,5,5,5,5,5,5,5,6,5,5
135,5,Surprise,5,5,5,5,5,5,5,5,5,5
136,5,Surprise,5,5,5,5,5,5,5,5,5,5
137,6,Neutral,6,6,6,3,3,6,6,3,6,3
138,2,Fear,6,6,6,6,6,6,6,6,6,6
139,6,Neutral,6,6,4,6,4,6,4,6,4,6
140,6,Neutral,0,2,0,2,0,6,0,0,0,2
141,3,Happy,3,3,3,3,3,3,3,3,3,3
142,1,Disgust,4,0,3,0,2,0,3,0,3,0
143,4,Sad,4,2,4,2,4,4,4,2,4,4
144,4,Sad,4,2,2,2,4,4,2,2,2,2
145,6,Neutral,4,6,4,2,4,6,6,2,4,2
146,3,Happy,3,3,3,3,3,3,3,3,3,3
147,3,Happy,3,4,4,4,4,3,4,4,4,4
148,3,Happy,3,3,3,3,3,3,3,3,3,3
149,2,Fear,2,2,2,2,2,2,2,2,2,2
150,2,Fear,4,4,4,4,4,4,4,4,4,4
151,0,Angry,0,0,0,2,0,0,0,2,0,2
152,5,Surprise,5,5,5,5,5,5,5,5,5,5
153,3,Happy,3,3,3,3,3,3,3,3,3,3
154,5,Surprise,5,5,5,5,5,5,5,5,5,5
155,5,Surprise,5,5,5,5,5,5,5,5,5,5
156,4,Sad,2,4,2,4,4,4,2,4,2,4
157,5,Surprise,5,5,5,5,5,5,5,5,5,5
158,0,Angry,0,0,0,0,0,0,0,0,0,0
159,3,Happy,3,3,3,3,3,3,3,3,3,3
160,0,Angry,4,0,4,0,4,0,4,2,4,0
161,3,Happy,3,3,3,3,3,3,3,3,3,3
162,3,Happy,3,3,3,3,3,3,3,3,3,3
163,0,Angry,3,3,4,3,3,3,4,3,4,3
164,6,Neutral,4,4,4,0,4,2,4,0,1,4
165,6,Neutral,6,6,6,6,6,6,6,6,6,6
166,3,Happy,6,6,6,6,6,6,6,6,6,6
167,4,Sad,4,0,4,0,0,0,4,4,4,0
168,5,Surprise,5,5,5,5,5,5,5,5,5,5
169,3,Happy,6,6,6,6,6,6,6,6,6,6
170,6,Neutral,6,6,6,6,6,6,6,6,6,6
171,4,Sad,4,4,4,4,4,4,4,4,4,4
172,5,Surprise,5,5,5,5,5,5,5,5,5,5
173,6,Neutral,6,6,6,6,6,6,6,6,6,6
174,0,Angry,0,0,0,0,0,0,0,0,0,0
175,0,Angry,6,4,6,4,6,6,6,4,6,4
176,0,Angry,4,0,4,0,2,0,4,0,4,0
177,4,Sad,4,4,4,3,4,4,4,0,4,0
178,4,Sad,4,4,4,4,4,6,4,4,4,4
179,5,Surprise,5,5,5,5,5,5,5,5,5,5
180,4,Sad,6,6,6,6,6,6,6,6,6,6
181,3,Happy,3,3,3,3,3,3,3,3,3,3
182,5,Surprise,2,2,2,2,2,2,2,2,2,2
183,3,Happy,3,3,3,3,3,3,3,3,3,3
184,3,Happy,3,6,3,3,3,6,3,3,3,3
185,0,Angry,0,0,4,2,4,2,4,0,4,0
186,4,Sad,4,6,4,4,4,4,4,6,4,4
187,3,Happy,3,3,3,3,3,3,3,3,3,3
188,3,Happy,3,3,3,3,3,3,3,3,3,3
189,3,Happy,3,3,3,3,3,3,3,3,3,3
190,4,Sad,4,4,4,4,4,4,4,4,4,4
191,6,Neutral,3,6,3,6,3,0,3,6,3,6
192,5,Surprise,5,5,5,5,5,5,5,5,5,5
193,5,Surprise,5,2,5,2,5,5,5,5,5,2
194,3,Happy,3,3,3,3,3,3,3,3,3,3
195,6,Neutral,4,4,4,4,4,4,4,4,4,4
196,5,Surprise,5,5,5,5,5,5,5,5,5,5
197,6,Neutral,6,6,6,3,6,6,6,3,6,3
198,0,Angry,0,0,0,0,0,0,0,0,0,0
199,1,Disgust,0,0,0,0,0,0,2,0,0,0
200,3,Happy,6,6,4,6,3,6,4,3,3,6
201,6,Neutral,3,3,3,3,3,3,3,3,3,3
202,2,Fear,3,3,3,3,3,3,3,3,3,3
203,3,Happy,3,3,3,3,3,3,3,3,3,3
204,6,Neutral,3,6,3,6,3,3,3,6,3,6
205,2,Fear,2,2,2,2,2,5,2,2,2,2
206,0,Angry,4,4,4,4,1,1,4,4,4,4
207,4,Sad,4,4,4,4,4,4,4,4,4,4
208,2,Fear,2,2,2,2,2,4,2,2,2,2
209,2,Fear,0,2,0,2,0,6,6,2,1,2
210,6,Neutral,6,6,6,6,6,6,6,6,6,6
211,0,Angry,1,1,1,4,1,4,1,4,1,4
212,4,Sad,0,0,0,0,0,0,0,0,0,0
213,4,Sad,4,4,4,4,4,4,4,4,4,4
214,4,Sad,4,4,4,4,3,3,4,4,3,4
215,2,Fear,5,5,5,5,5,5,5,5,5,5
216,5,Surprise,5,2,5,2,5,2,5,2,5,2
217,4,Sad,4,4,4,4,4,4,4,4,4,4
218,0,Angry,4,4,4,4,2,4,4,4,4,4
219,3,Happy,3,3,3,3,3,3,3,3,3,3
220,3,Happy,3,3,3,3,3,3,3,3,3,3
221,4,Sad,4,4,4,4,4,3,4,4,4,4
222,5,Surprise,5,5,5,5,5,5,5,5,5,5
223,0,Angry,0,2,6,4,0,0,6,4,6,4
224,0,Angry,2,0,0,0,0,0,0,0,2,0
225,3,Happy,3,3,3,3,3,3,3,3,3,3
226,5,Surprise,5,5,5,5,5,5,5,5,5,5
227,6,Neutral,4,0,4,0,4,2,4,0,4,0
228,4,Sad,0,0,0,0,0,0,0,0,0,0
229,3,Happy,3,3,3,3,3,0,3,3,3,2
230,1,Disgust,0,1,0,1,0,2,0,1,0,1
231,6,Neutral,6,6,6,6,6,0,6,6,6,6
232,5,Surprise,5,5,5,5,5,5,5,5,5,5
233,2,Fear,3,4,3,2,2,2,3,2,3,2
234,3,Happy,4,3,3,3,3,3,3,3,3,3
235,4,Sad,3,3,3,4,3,6,4,4,3,4
236,3,Happy,3,3,6,3,3,3,6,3,6,3
237,0,Angry,2,4,4,4,4,0,4,1,4,4
238,0,Angry,0,0,2,0,0,0,2,0,2,0
239,6,Neutral,6,6,6,6,6,6,6,6,6,6
240,3,Happy,3,3,3,3,3,3,3,3,3,3
241,6,Neutral,6,6,6,6,6,6,6,6,6,6
242,6,Neutral,6,6,6,6,6,6,6,6,6,6
243,0,Angry,0,0,0,0,0,0,0,0,0,0
244,1,Disgust,1,1,1,1,1,1,1,1,1,1
245,3,Happy,3,3,3,3,3,3,3,3,3,3
246,3,Happy,3,3,3,3,3,3,3,3,3,3
247,3,Happy,3,3,3,3,3,3,3,3,3,3
248,0,Angry,0,0,0,0,0,0,0,0,0,0
249,6,Neutral,0,0,4,0,0,0,4,0,4,0
250,4,Sad,4,4,4,4,4,6,4,4,4,4
251,2,Fear,2,2,2,4,2,5,2,4,2,4
252,4,Sad,4,0,4,0,0,0,4,0,4,0
253,3,Happy,3,3,3,3,2,2,3,3,2,5
254,3,Happy,3,3,3,3,2,3,3,3,3,3
255,6,Neutral,3,6,3,6,3,6,3,6,3,6
256,5,Surprise,5,5,5,5,5,0,5,5,5,5
257,4,Sad,3,4,3,4,4,4,3,4,3,4
258,2,Fear,2,2,2,2,2,2,2,2,2,2
259,6,Neutral,6,6,6,6,6,6,6,6,6,6
260,0,Angry,6,0,6,0,6,0,6,0,6,0
261,1,Disgust,2,0,0,0,2,2,1,4,0,4
262,0,Angry,0,0,0,2,0,2,0,2,0,2
263,6,Neutral,6,6,6,6,6,6,6,6,6,6
264,2,Fear,2,2,2,2,2,2,2,2,2,2
265,0,Angry,0,0,0,0,0,0,0,0,0,0
266,0,Angry,2,2,2,2,2,2,2,2,2,2
267,3,Happy,3,3,3,3,3,3,3,3,3,3
268,3,Happy,3,3,3,3,3,3,3,3,3,3
269,4,Sad,4,4,4,4,4,4,4,4,4,4
270,2,Fear,4,6,4,6,4,2,4,6,4,6
271,6,Neutral,4,6,4,6,4,6,4,6,4,6
272,5,Surprise,5,5,5,5,0,0,5,5,5,5
273,3,Happy,3,3,3,3,3,3,3,3,3,3
274,5,Surprise,5,5,5,5,5,5,5,5,5,5
275,3,Happy,3,3,3,3,3,3,3,3,3,3
276,4,Sad,2,4,4,4,4,2,4,4,4,4
277,5,Surprise,2,5,2,5,5,5,2,5,2,5
278,1,Disgust,0,0,0,0,0,0,0,0,0,0
279,6,Neutral,4,2,2,4,4,0,4,6,2,4
280,3,Happy,3,3,3,3,3,3,3,3,3,3
281,3,Happy,5,5,2,5,2,5,2,5,2,5
282,6,Neutral,6,6,6,6,6,4,6,6,6,6
283,2,Fear,2,2,2,2,2,2,2,2,2,2
284,4,Sad,4,4,0,4,0,4,0,4,0,4
285,0,Angry,6,6,6,6,6,6,6,6,6,6
286,0,Angry,0,2,0,2,0,4,0,2,0,2
287,0,Angry,0,0,0,0,4,0,0,0,0,0
288,6,Neutral,6,4,6,4,6,4,6,2,6,2
289,2,Fear,6,2,6,2,6,6,6,2,6,2
290,5,Surprise,5,5,2,5,2,2,5,5,5,5
291,3,Happy,3,3,3,3,3,3,3,3,3,3
292,6,Neutral,6,6,6,6,6,6,6,6,6,6
293,4,Sad,0,4,2,2,2,2,2,4,2,2
294,3,Happy,3,3,3,3,3,3,3,3,3,3
295,6,Neutral,4,6,4,6,4,4,4,6,4,6
296,2,Fear,4,2,2,2,2,4,4,2,2,2
297,6,Neutral,6,6,6,6,6,6,4,6,6,6
298,6,Neutral,6,4,6,0,6,2,6,4,6,0
299,5,Surprise,3,3,3,3,3,3,3,3,3,3
300,6,Neutral,3,3,3,3,3,3,3,3,3,3
301,4,Sad,4,4,4,0,4,2,4,0,4,0
302,2,Fear,2,2,2,2,2,0,2,2,2,2
303,3,Happy,3,3,3,3,3,3,3,3,3,3
304,0,Angry,0,2,0,0,0,3,0,0,0,2
305,3,Happy,3,3,3,3,3,3,3,3,3,3
306,5,Surprise,5,5,5,5,5,5,5,5,5,5
307,3,Happy,3,3,3,3,3,3,3,3,3,3
308,3,Happy,3,3,3,3,3,3,3,3,3,3
309,3,Happy,3,3,3,3,3,3,3,3,3,3
310,3,Happy,3,3,3,3,3,3,3,3,3,3
311,3,Happy,0,0,0,0,0,0,0,0,0,0
312,2,Fear,6,6,6,6,6,4,6,6,6,6
313,6,Neutral,3,3,3,3,3,6,3,3,3,3
314,1,Disgust,1,1,1,1,1,1,1,1,1,1
315,0,Angry,0,3,0,3,3,3,0,3,0,3
316,4,Sad,4,4,4,4,4,4,4,4,4,4
317,2,Fear,2,2,2,2,2,2,2,2,2,2
318,2,Fear,2,2,2,2,2,2,2,2,2,2
319,3,Happy,3,3,3,3,3,3,3,3,3,3
320,4,Sad,4,4,4,4,0,4,4,4,4,4
321,2,Fear,4,4,4,4,2,2,4,4,4,4
322,3,Happy,3,3,3,3,3,3,3,3,3,3
323,6,Neutral,6,6,6,6,6,6,6,6,6,6
324,0,Angry,2,0,2,0,0,0,2,0,2,0
325,4,Sad,4,0,4,0,4,6,4,0,4,0
326,0,Angry,4,4,2,4,4,6,2,4,2,4
327,3,Happy,3,3,3,3,3,3,3,3,3,3
328,3,Happy,3,3,3,3,3,3,3,3,3,3
329,5,Surprise,2,5,2,2,2,2,2,2,2,5
330,3,Happy,3,3,3,3,3,3,3,3,3,3
331,3,Happy,3,3,3,3,3,3,3,3,3,3
332,0,Angry,0,0,0,0,0,0,0,0,0,0
333,3,Happy,3,3,3,3,3,3,3,3,3,3
334,2,Fear,2,2,2,2,2,2,2,2,2,2
335,3,Happy,3,3,3,3,3,3,3,3,3,3
336,5,Surprise,5,2,5,2,3,2,5,2,5,2
337,4,Sad,4,4,4,6,2,4,4,6,4,4
338,0,Angry,0,0,0,0,0,0,0,0,0,0
339,3,Happy,4,3,4,3,3,3,4,3,4,3
340,4,Sad,4,4,4,4,6,4,4,4,4,0
341,5,Surprise,5,5,5,5,5,5,5,5,5,5
342,2,Fear,6,6,6,6,6,6,6,6,6,6
343,4,Sad,4,4,4,4,4,2,4,4,4,4
344,0,Angry,0,0,6,0,6,2,6,2,6,2
345,6,Neutral,4,4,4,4,6,6,4,4,4,4
346,6,Neutral,6,3,6,3,6,3,6,3,6,3
347,3,Happy,3,3,3,3,3,3,3,3,3,3
348,2,Fear,4,2,4,4,2,2,4,4,4,2
349,4,Sad,4,4,4,4,4,4,4,4,4,4
350,6,Neutral,6,6,6,3,4,4,6,3,6,3
351,0,Angry,0,0,0,0,0,0,0,0,0,0
352,6,Neutral,6,6,6,6,6,6,6,6,6,6
353,3,Happy,3,3,3,3,3,3,3,3,3,3
354,4,Sad,4,4,4,4,6,6,4,4,4,4
355,4,Sad,4,4,4,4,4,4,0,4,0,1
356,3,Happy,3,3,3,3,3,3,3,3,3,3
357,0,Angry,0,0,0,0,0,0,0,0,0,0
358,3,Happy,3,3,3,3,3,3,3,3,3,3
359,2,Fear,2,2,2,2,2,2,2,2,2,2
360,2,Fear,4,4,4,4,6,3,4,4,4,4
361,2,Fear,2,5,2,5,2,5,2,5,2,5
362,3,Happy,3,3,3,3,3,3,3,3,3,3
363,6,Neutral,6,6,6,6,0,6,6,6,6,6
364,5,Surprise,5,5,5,5,5,5,5,5,5,5
365,3,Happy,3,3,3,3,3,3,3,3,3,3
366,3,Happy,3,3,3,3,3,3,3,3,3,3
367,3,Happy,3,3,3,3,3,3,3,3,3,3
368,2,Fear,4,2,2,2,4,2,2,2,2,2
369,4,Sad,0,0,0,0,0,0,0,0,0,0
370,3,Happy,6,6,6,6,6,3,6,6,6,6
371,6,Neutral,6,6,6,6,6,6,6,6,6,6
372,4,Sad,3,4,3,4,4,4,3,4,3,4
373,4,Sad,4,2,4,2,4,2,4,4,4,2
374,4,Sad,4,4,4,4,4,4,4,4,4,4
375,2,Fear,2,2,2,2,2,4,2,2,2,2
376,0,Angry,0,0,0,0,0,0,0,0,0,0
377,5,Surprise,5,5,5,5,5,5,5,5,5,5
378,4,Sad,4,4,0,4,4,4,0,4,0,4
379,4,Sad,4,4,2,4,4,4,2,4,2,4
380,0,Angry,5,6,2,6,2,2,2,6,2,6
381,5,Surprise,2,2,2,2,2,2,2,2,2,2
382,3,Happy,3,3,3,3,3,3,3,3,3,3
383,2,Fear,2,4,2,4,2,2,2,4,2,2
384,3,Happy,3,3,3,3,3,3,3,3,3,3
385,6,Neutral,6,6,6,4,6,6,6,4,6,4
386,3,Happy,3,3,3,3,3,3,3,3,3,3
387,5,Surprise,5,5,5,5,5,5,5,5,5,5
388,4,Sad,6,6,6,6,6,6,6,6,6,6
389,1,Disgust,1,0,0,0,0,0,1,0,1,0
390,6,Neutral,6,6,6,4,6,6,4,4,6,4
391,6,Neutral,6,6,6,3,6,6,6,3,6,3
392,3,Happy,3,3,3,3,3,3,3,3,3,3
393,5,Surprise,2,5,2,5,2,5,2,5,2,5
394,0,Angry,0,0,0,0,0,0,0,0,0,0
395,5,Surprise,5,5,5,5,5,5,5,5,5,5
396,2,Fear,2,2,2,2,2,2,2,2,2,2
397,2,Fear,2,2,2,2,2,2,2,2,2,2
398,2,Fear,4,6,4,6,4,4,4,6,4,6
399,0,Angry,0,0,0,0,0,0,0,0,0,0
400,0,Angry,0,0,0,0,0,4,4,0,0,0
401,5,Surprise,5,5,5,5,5,5,5,5,5,5
402,3,Happy,3,3,3,3,3,3,3,3,3,3
403,4,Sad,3,3,3,3,3,3,3,3,3,3
404,2,Fear,2,2,2,2,2,5,2,2,2,2
405,4,Sad,6,6,6,6,6,6,6,6,6,6
406,5,Surprise,5,5,5,5,5,5,5,5,5,5
407,5,Surprise,5,5,5,5,5,5,5,5,5,5
408,5,Surprise,5,5,5,5,5,5,5,5,5,5
409,5,Surprise,5,5,5,5,5,5,5,5,5,5
410,0,Angry,0,0,0,0,3,3,0,0,0,0
411,5,Surprise,5,5,5,5,5,5,5,5,5,5
412,4,Sad,4,4,4,4,6,6,4,4,4,4
413,3,Happy,3,3,3,3,3,3,3,3,3,3
414,3,Happy,3,3,3,3,3,3,3,3,3,3
415,3,Happy,6,6,6,6,6,6,6,6,6,6
416,6,Neutral,4,4,6,4,6,4,6,4,6,4
417,2,Fear,2,2,2,2,2,0,2,2,2,2
418,5,Surprise,5,5,2,5,2,5,2,5,2,5
419,4,Sad,4,4,4,4,4,4,4,4,4,4
420,6,Neutral,0,6,4,6,0,6,6,6,6,6
421,3,Happy,3,3,3,3,3,3,3,3,3,3
422,5,Surprise,0,0,0,3,3,2,0,3,0,3
423,0,Angry,0,0,0,0,0,0,0,0,0,0
424,6,Neutral,4,0,0,0,0,6,0,0,4,6
425,0,Angry,0,0,0,0,0,0,0,0,0,0
426,4,Sad,2,0,2,0,3,2,2,0,2,0
427,3,Happy,3,3,3,3,3,3,3,3,3,3
428,3,Happy,3,3,3,3,3,3,3,3,3,3
429,4,Sad,6,6,6,6,6,4,6,6,6,6
430,4,Sad,4,2,4,2,4,2,4,2,4,4
431,4,Sad,6,6,6,6,6,4,6,6,6,6
432,4,Sad,2,2,2,2,2,2,2,2,2,2
433,6,Neutral,6,6,6,6,6,6,6,6,6,6
434,3,Happy,6,6,3,6,6,6,3,6,3,6
435,6,Neutral,6,6,6,6,2,2,6,6,6,6
436,6,Neutral,6,3,6,3,6,6,6,3,6,3
437,2,Fear,2,2,2,2,2,2,2,2,2,2
438,3,Happy,3,3,3,6,3,6,3,6,3,6
439,0,Angry,0,0,0,0,0,4,4,4,4,0
440,0,Angry,0,4,0,4,0,4,0,4,0,4
441,4,Sad,0,0,0,0,0,0,0,0,0,0
442,6,Neutral,6,6,6,6,6,6,6,6,6,6
443,2,Fear,2,2,2,2,4,2,2,2,2,2
444,0,Angry,6,6,5,6,6,6,6,6,6,6
445,2,Fear,2,2,6,2,0,4,6,2,6,2
446,0,Angry,0,0,0,0,0,0,0,0,0,0
447,5,Surprise,3,3,3,3,3,3,5,3,3,3
448,2,Fear,0,0,0,0,5,0,0,0,0,0
449,1,Disgust,1,1,1,1,1,1,1,1,1,1
450,0,Angry,0,0,4,0,0,0,4,0,0,0
451,3,Happy,3,3,3,3,3,3,3,3,3,3
452,6,Neutral,0,4,3,4,5,3,0,4,3,4
453,4,Sad,0,6,2,6,0,4,0,6,0,6
454,4,Sad,4,4,4,4,4,4,4,4,4,4
455,5,Surprise,5,5,5,5,5,5,5,5,5,5
456,2,Fear,2,2,2,2,2,2,2,2,2,2
457,4,Sad,4,4,4,4,4,2,4,4,4,4
458,0,Angry,0,0,0,0,0,0,0,0,0,0
459,6,Neutral,6,6,6,6,6,6,6,6,6,6
460,5,Surprise,5,5,5,5,5,5,5,5,5,5
461,5,Surprise,5,5,5,5,5,5,5,5,5,5
462,0,Angry,0,0,0,0,0,0,0,0,0,0
463,3,Happy,3,3,3,3,3,3,3,3,3,3
464,6,Neutral,6,6,6,6,6,6,6,6,6,6
465,4,Sad,4,6,4,6,4,6,4,6,4,6
466,2,Fear,2,2,2,2,2,2,2,0,2,4
467,6,Neutral,3,3,3,3,3,3,6,3,3,3
468,3,Happy,3,3,3,3,3,3,3,3,3,3
469,2,Fear,2,2,2,2,2,4,2,2,2,2
470,3,Happy,3,3,3,3,3,3,3,3,3,3
471,5,Surprise,5,5,5,5,5,5,5,5,5,5
472,6,Neutral,2,2,6,0,6,2,6,4,6,4
473,6,Neutral,4,2,4,2,4,4,4,2,4,2
474,6,Neutral,6,6,6,6,6,6,6,6,6,6
475,1,Disgust,1,1,1,1,1,0,1,1,1,1
476,3,Happy,6,6,6,6,6,3,6,6,5,6
477,6,Neutral,6,6,6,6,6,6,6,6,6,6
478,2,Fear,2,2,2,2,4,4,2,2,2,2
479,4,Sad,4,4,4,4,4,4,4,4,4,4
480,0,Angry,0,6,0,0,0,0,0,0,0,6
481,6,Neutral,0,4,6,4,4,3,0,6,6,4
482,3,Happy,6,6,6,6,6,6,6,6,6,6
483,0,Angry,4,0,4,0,4,4,4,0,4,0
484,6,Neutral,0,5,2,4,0,4,6,6,5,6
485,4,Sad,2,4,2,2,2,2,4,2,2,2
486,6,Neutral,6,6,6,6,6,6,6,6,6,6
487,5,Surprise,5,5,5,5,5,5,5,5,5,5
488,3,Happy,3,3,3,3,3,3,3,3,3,3
489,6,Neutral,6,6,6,6,6,3,6,6,6,6
490,2,Fear,3,0,3,0,3,2,3,0,3,0
491,2,Fear,4,4,4,4,4,4,4,4,4,4
492,3,Happy,3,3,3,3,3,3,3,3,3,3
493,0,Angry,0,0,0,0,0,0,0,0,0,0
494,4,Sad,4,4,4,4,4,4,4,4,4,4
495,4,Sad,2,4,2,4,4,4,2,4,2,4
496,5,Surprise,5,5,5,5,5,5,5,5,5,5
497,4,Sad,2,2,2,2,2,2,2,2,2,2
498,4,Sad,4,4,4,4,4,4,4,4,4,4
499,2,Fear,5,5,5,5,5,5,5,5,5,5
500,6,Neutral,3,6,3,6,3,6,3,6,3,6
501,2,Fear,0,2,0,0,2,2,0,0,0,0
502,3,Happy,3,3,3,3,3,3,3,3,3,3
503,5,Surprise,5,5,5,5,5,5,5,5,5,5
504,0,Angry,4,2,4,2,2,2,4,2,0,2
505,3,Happy,3,3,3,3,3,3,3,3,3,3
506,3,Happy,3,6,3,6,3,6,3,3,3,3
507,6,Neutral,6,6,6,6,6,6,6,6,6,6
508,0,Angry,0,5,0,2,6,2,0,2,0,2
509,4,Sad,4,4,2,4,4,4,2,4,4,4
510,2,Fear,2,2,2,0,2,2,2,0,2,0
511,3,Happy,3,3,3,3,3,3,3,3,3,3
512,0,Angry,0,0,0,0,0,0,0,0,0,0
513,5,Surprise,5,4,5,4,5,5,5,4,5,4
514,2,Fear,2,0,2,0,2,0,2,0,2,0
515,3,Happy,3,3,3,3,3,3,3,3,3,3
516,5,Surprise,5,5,5,5,5,5,5,5,5,5
517,4,Sad,4,4,4,4,4,3,4,4,4,4
518,0,Angry,0,0,0,0,4,0,0,0,0,0
519,4,Sad,6,3,2,4,2,4,2,4,2,2
520,3,Happy,3,3,3,3,3,3,3,3,3,3
521,6,Neutral,6,6,6,6,6,6,6,6,6,6
522,4,Sad,4,2,4,2,4,6,4,4,4,4
523,6,Neutral,6,6,6,6,6,6,6,6,6,6
524,3,Happy,3,3,3,3,3,3,3,3,3,3
525,3,Happy,3,3,3,3,3,3,3,3,3,3
526,3,Happy,3,3,3,3,3,3,3,3,3,3
527,5,Surprise,5,3,5,5,5,5,5,5,5,5
528,4,Sad,0,2,2,4,2,2,0,4,2,4
529,2,Fear,0,0,5,0,0,0,5,0,0,0
530,0,Angry,3,3,3,3,3,4,3,3,4,3
531,3,Happy,3,3,3,3,3,3,3,3,3,3
532,5,Surprise,5,5,5,5,5,5,5,5,5,5
533,5,Surprise,2,5,2,5,5,5,2,5,2,5
534,4,Sad,0,0,0,5,0,5,0,0,0,0
535,6,Neutral,0,6,0,6,2,6,0,6,0,6
536,6,Neutral,6,4,6,6,6,4,6,6,6,4
537,6,Neutral,3,6,3,6,4,6,3,6,3,6
538,5,Surprise,5,5,5,5,5,5,5,5,5,5
539,3,Happy,4,6,6,6,4,6,4,6,4,6
540,2,Fear,4,3,4,4,4,0,4,0,4,2
541,6,Neutral,4,6,4,6,4,6,4,6,4,6
542,4,Sad,6,6,6,6,6,6,6,6,6,6
543,3,Happy,4,4,4,4,4,4,4,2,4,6
544,5,Surprise,5,5,5,5,5,3,5,5,5,5
545,0,Angry,0,0,2,2,0,2,2,2,2,2
546,2,Fear,6,6,6,6,4,6,6,6,6,6
547,6,Neutral,4,6,6,6,4,4,6,6,6,6
548,3,Happy,3,3,3,3,3,3,3,3,3,3
549,3,Happy,3,3,3,3,3,3,3,3,3,3
550,0,Angry,0,2,0,2,4,2,4,2,4,2
551,2,Fear,4,4,4,4,2,4,4,4,4,4
552,4,Sad,4,4,0,4,2,4,0,4,0,4
553,2,Fear,2,4,2,0,2,4,2,0,0,0
554,0,Angry,0,0,0,0,0,0,0,0,0,0
555,4,Sad,4,2,4,4,4,4,4,4,4,4
556,2,Fear,2,2,2,2,0,6,2,2,2,2
557,0,Angry,0,0,0,0,0,0,0,0,0,0
558,0,Angry,0,0,0,0,0,0,0,0,0,0
559,6,Neutral,4,4,4,4,4,4,4,4,4,4
560,1,Disgust,1,1,1,1,1,1,1,1,1,1
561,4,Sad,4,0,4,0,4,0,4,0,4,0
562,5,Surprise,5,5,5,5,5,5,5,5,5,5
563,0,Angry,0,0,0,0,0,0,0,0,0,0
564,2,Fear,2,2,2,2,2,2,2,2,2,2
565,5,Surprise,5,5,5,5,5,5,5,5,5,5
566,6,Neutral,6,6,6,6,6,6,6,6,6,6
567,5,Surprise,5,5,5,5,5,5,5,5,5,5
568,2,Fear,2,4,2,4,2,2,2,4,2,4
569,0,Angry,2,0,2,0,2,2,2,6,2,0
570,0,Angry,6,0,6,0,0,0,6,0,6,0
571,3,Happy,3,3,3,3,3,3,3,3,3,3
572,6,Neutral,6,6,3,6,6,6,6,6,3,6
573,0,Angry,6,4,2,4,0,0,2,4,6,4
574,5,Surprise,2,2,2,5,2,2,2,5,2,5
575,2,Fear,2,2,2,3,2,3,2,3,2,2
576,2,Fear,1,2,1,4,1,2,1,4,1,4
577,3,Happy,3,3,3,3,3,3,3,3,3,3
578,2,Fear,6,2,2,2,2,6,2,6,2,6
579,5,Surprise,5,0,5,0,5,4,5,6,5,0
580,2,Fear,4,4,4,4,4,4,4,4,4,4
581,3,Happy,3,3,3,3,3,2,3,3,3,3
582,2,Fear,2,2,2,2,2,2,2,2,2,2
583,3,Happy,3,3,3,3,3,3,3,3,3,3
584,5,Surprise,5,5,5,5,5,5,5,5,5,5
585,2,Fear,2,6,2,4,2,3,2,4,2,4
586,4,Sad,4,4,4,4,4,4,4,4,4,4
587,5,Surprise,5,5,5,5,5,5,5,5,5,5
588,6,Neutral,6,6,6,6,6,6,6,6,6,6
589,4,Sad,2,2,2,4,4,4,2,4,2,4
590,6,Neutral,6,6,6,6,6,3,6,6,6,6
591,3,Happy,3,3,3,3,3,3,3,3,3,3
592,4,Sad,4,4,4,4,4,4,4,4,4,4
593,6,Neutral,6,6,6,6,6,6,6,6,6,6
594,3,Happy,3,3,3,3,3,3,3,3,3,3
595,6,Neutral,3,6,3,6,6,3,3,6,6,6
596,4,Sad,4,1,4,4,4,0,4,1,4,1
597,4,Sad,4,6,4,0,6,4,4,0,4,0
598,4,Sad,4,4,4,4,4,2,4,4,4,4
599,0,Angry,0,4,0,6,4,4,0,6,0,4
600,4,Sad,4,4,4,4,4,4,4,4,4,4
601,6,Neutral,6,4,4,4,3,6,3,4,3,4
602,6,Neutral,4,6,4,6,4,6,4,6,4,6
603,6,Neutral,6,3,6,3,6,3,6,3,6,3
604,3,Happy,3,3,3,3,3,3,3,3,3,3
605,4,Sad,4,4,4,4,4,0,4,4,4,4
606,2,Fear,0,0,0,0,0,0,0,0,0,0
607,4,Sad,4,4,4,4,4,4,4,4,4,4
608,4,Sad,4,4,4,4,2,6,4,4,4,4
609,4,Sad,4,4,4,4,4,4,4,4,4,4
610,0,Angry,0,0,3,0,3,6,0,0,3,3
611,5,Surprise,5,5,5,5,5,5,5,5,5,5
612,3,Happy,3,3,3,3,3,3,3,3,3,3
613,4,Sad,4,4,4,4,6,4,4,4,4,4
614,5,Surprise,2,5,2,5,5,5,2,5,2,5
615,6,Neutral,6,6,3,6,6,6,6,6,3,6
616,0,Angry,0,0,0,0,0,0,0,0,0,0
617,6,Neutral,6,6,6,6,4,6,6,6,6,6
618,2,Fear,4,4,4,4,4,4,4,4,4,4
619,2,Fear,2,2,2,2,4,2,2,2,2,2
620,3,Happy,3,3,3,3,3,3,3,3,3,3
621,2,Fear,3,6,3,6,3,4,3,6,3,6
622,4,Sad,6,4,4,4,4,4,4,4,4,4
623,3,Happy,3,3,3,3,3,3,3,3,3,3
624,3,Happy,3,3,3,3,3,3,3,3,3,3
625,3,Happy,3,3,3,3,3,3,3,3,3,3
626,4,Sad,4,4,4,4,4,4,0,4,4,4
627,2,Fear,2,2,2,2,2,2,2,2,2,2
628,3,Happy,6,6,6,6,6,6,3,6,6,6
629,3,Happy,3,3,3,3,3,3,3,3,3,3
630,6,Neutral,0,4,0,2,0,6,0,6,0,4
631,3,Happy,3,3,3,3,3,3,3,3,3,3
632,0,Angry,0,0,0,0,0,0,0,0,0,0
633,4,Sad,4,4,4,2,4,0,4,0,4,2
634,3,Happy,5,5,5,3,5,5,5,3,5,3
635,0,Angry,2,2,2,2,4,0,2,2,2,2
636,5,Surprise,5,5,5,5,5,5,5,5,5,5
637,2,Fear,2,2,2,2,0,0,2,2,2,2
638,0,Angry,0,0,0,0,0,0,0,0,0,0
639,0,Angry,0,4,0,4,0,0,0,0,0,4
640,2,Fear,5,2,5,2,5,5,5,5,5,5
641,4,Sad,4,4,4,4,4,3,4,4,4,4
642,3,Happy,3,3,3,3,3,3,3,3,3,3
643,6,Neutral,6,0,3,0,6,3,3,0,3,0
644,3,Happy,3,3,3,3,3,3,3,3,3,3
645,5,Surprise,5,4,2,0,5,4,2,4,2,0
646,3,Happy,3,3,3,3,3,3,3,3,3,3
647,5,Surprise,6,5,2,2,6,5,6,2,2,5
648,5,Surprise,5,5,5,5,5,5,5,5,5,5
649,3,Happy,3,3,3,3,3,3,3,3,3,3
650,2,Fear,2,2,2,2,4,2,2,2,2,2
651,2,Fear,2,2,2,2,2,2,2,2,2,2
652,2,Fear,3,3,3,6,3,3,3,3,3,3
653,3,Happy,3,3,3,3,3,3,3,3,3,3
654,2,Fear,6,6,6,6,6,6,6,6,6,6
655,2,Fear,2,2,2,2,3,5,6,2,2,2
656,3,Happy,3,3,3,3,3,3,3,3,3,3
657,2,Fear,2,6,2,6,4,3,2,6,2,6
658,4,Sad,0,6,0,6,0,6,0,6,0,6
659,5,Surprise,5,5,5,5,5,5,5,5,5,5
660,4,Sad,2,2,2,2,0,4,2,2,2,2
661,3,Happy,3,3,3,3,3,3,3,3,3,3
662,3,Happy,3,3,3,3,3,3,3,3,3,3
663,3,Happy,3,3,3,3,4,5,4,3,3,3
664,3,Happy,3,3,3,3,3,3,3,3,3,3
665,5,Surprise,5,5,5,5,5,5,5,5,5,5
666,6,Neutral,2,6,2,6,2,5,2,6,2,6
667,2,Fear,2,2,2,2,2,2,2,2,2,2
668,4,Sad,4,4,4,4,4,4,4,4,4,4
669,0,Angry,0,0,0,0,0,0,0,0,0,0
670,4,Sad,4,6,3,6,4,4,4,6,4,6
671,6,Neutral,6,3,6,6,6,3,6,6,6,3
672,4,Sad,6,6,6,6,6,6,6,6,6,6
673,2,Fear,2,2,2,2,0,0,2,2,2,2
674,4,Sad,4,4,4,2,6,4,2,4,4,4
675,6,Neutral,6,4,6,4,6,6,6,4,6,4
676,0,Angry,0,0,0,0,0,0,0,0,0,0
677,4,Sad,0,0,0,0,0,0,0,0,0,0
678,4,Sad,4,6,4,6,6,0,4,6,4,6
679,6,Neutral,6,6,6,6,6,6,6,6,6,6
680,2,Fear,3,2,0,2,0,2,0,2,0,2
681,2,Fear,2,2,2,2,2,2,2,2,2,2
682,5,Surprise,5,5,5,5,5,2,5,5,5,5
683,6,Neutral,6,6,6,6,6,3,6,6,6,0
684,4,Sad,2,2,2,2,2,2,2,2,2,2
685,6,Neutral,6,6,6,3,6,6,6,6,6,3
686,6,Neutral,6,6,6,6,6,6,6,6,6,6
687,3,Happy,3,3,3,3,3,3,3,3,3,3
688,6,Neutral,6,6,6,6,6,6,6,6,6,6
689,3,Happy,3,3,3,3,3,3,3,3,3,3
690,3,Happy,3,3,3,3,3,3,3,3,3,3
691,5,Surprise,2,2,2,2,2,0,2,2,2,2
692,4,Sad,3,4,3,4,3,4,3,4,3,4
693,5,Surprise,0,0,0,0,0,0,0,0,0,0
694,6,Neutral,3,3,3,3,3,6,3,3,3,3
695,3,Happy,3,3,3,3,3,4,3,3,3,3
696,2,Fear,2,2,2,2,2,2,2,2,2,2
697,3,Happy,3,3,3,3,3,3,3,3,3,3
698,2,Fear,0,0,2,0,0,0,2,0,2,0
699,0,Angry,0,0,0,0,0,0,0,0,0,0
700,2,Fear,2,5,2,5,2,2,2,5,2,5
701,3,Happy,3,3,3,3,3,3,3,3,3,3
702,2,Fear,0,0,0,0,0,2,0,0,0,0
703,4,Sad,6,4,4,4,4,4,4,4,4,4
704,5,Surprise,5,5,5,5,5,5,5,5,5,5
705,0,Angry,4,0,4,0,0,4,4,4,4,0
706,3,Happy,3,3,3,3,3,3,3,3,3,3
707,0,Angry,0,6,0,6,6,0,0,6,0,2
708,3,Happy,3,3,3,3,3,3,3,3,3,3
709,3,Happy,3,3,3,3,3,3,3,3,3,3
710,0,Angry,4,0,4,4,2,4,4,4,4,4
711,4,Sad,6,6,6,4,6,0,6,6,6,6
712,2,Fear,2,2,2,2,2,2,2,2,2,2
713,3,Happy,3,3,3,3,3,3,3,3,3,3
714,3,Happy,4,6,5,3,2,0,2,3,2,3
715,3,Happy,3,3,3,3,3,3,3,3,3,3
716,4,Sad,4,4,4,4,4,4,4,4,4,4
717,2,Fear,2,2,2,2,2,4,2,2,2,2
718,3,Happy,3,2,3,2,3,2,3,2,3,2
719,6,Neutral,6,6,6,6,6,6,6,6,6,6
720,2,Fear,0,0,0,0,0,0,0,0,0,0
721,3,Happy,3,3,3,3,3,3,3,3,3,3
722,3,Happy,3,3,3,3,3,3,3,3,3,3
723,0,Angry,0,0,0,0,0,0,0,0,0,0
724,4,Sad,4,4,4,4,4,4,4,4,4,4
725,0,Angry,0,0,0,0,0,0,0,0,0,0
726,0,Angry,0,0,0,0,0,0,0,0,0,0
727,2,Fear,2,2,2,2,2,2,2,2,2,2
728,6,Neutral,4,4,5,4,2,4,0,4,2,4
729,6,Neutral,3,3,3,3,3,3,3,3,3,3
730,3,Happy,3,3,3,4,3,3,3,3,3,4
731,2,Fear,2,2,2,2,2,2,2,2,2,2
732,6,Neutral,6,6,6,6,6,6,6,6,6,6
733,6,Neutral,6,6,6,6,6,6,6,6,6,6
734,3,Happy,6,3,6,3,6,6,6,3,6,3
735,2,Fear,5,5,5,5,6,3,5,5,5,5
736,6,Neutral,6,4,6,4,6,6,6,4,6,4
737,4,Sad,4,4,4,6,4,4,4,6,4,6
738,3,Happy,0,0,0,4,4,4,4,4,3,4
739,3,Happy,3,3,3,3,3,3,3,3,3,3
740,6,Neutral,6,6,6,6,6,4,6,6,6,6
741,0,Angry,2,2,2,6,5,6,2,2,2,0
742,0,Angry,0,0,6,0,6,0,0,0,0,0
743,6,Neutral,3,3,3,6,3,4,3,6,3,6
744,3,Happy,3,3,3,3,3,6,3,3,3,3
745,2,Fear,2,2,2,2,2,2,2,2,2,2
746,0,Angry,0,0,0,0,0,0,0,0,0,0
747,3,Happy,3,3,3,3,3,3,3,3,3,3
748,5,Surprise,5,5,5,5,5,5,5,5,5,5
749,3,Happy,3,6,3,6,3,3,3,6,3,6
750,3,Happy,4,4,4,3,4,3,4,3,4,4
751,3,Happy,3,3,3,3,3,3,3,3,3,3
752,0,Angry,0,0,0,0,0,0,0,0,0,0
753,2,Fear,4,6,6,6,4,4,2,5,6,6
754,6,Neutral,6,6,6,6,6,6,6,6,6,6
755,3,Happy,3,4,4,4,4,3,4,4,4,4
756,0,Angry,0,0,0,0,0,0,0,0,0,0
757,5,Surprise,5,2,5,2,5,5,5,2,5,2
758,3,Happy,3,3,3,3,3,3,3,3,3,3
759,4,Sad,4,4,4,4,4,2,4,3,4,3
760,3,Happy,4,6,4,6,6,6,0,6,4,6
761,0,Angry,0,0,0,0,0,0,0,0,0,0
762,0,Angry,0,0,0,0,0,0,0,0,0,0
763,3,Happy,3,3,3,3,3,3,3,3,3,3
764,2,Fear,6,3,6,3,6,6,6,3,6,3
765,3,Happy,3,3,3,3,3,3,3,3,3,3
766,3,Happy,3,2,3,2,3,2,3,2,3,2
767,6,Neutral,3,6,3,4,3,0,3,4,3,4
768,0,Angry,6,6,6,6,6,6,6,6,6,6
769,2,Fear,4,4,6,4,6,4,4,4,6,4
770,3,Happy,3,3,3,3,3,3,3,3,3,3
771,0,Angry,1,5,1,0,5,1,1,0,1,0
772,4,Sad,2,4,2,4,2,2,4,4,2,4
773,2,Fear,4,0,4,0,4,0,4,2,4,0
774,3,Happy,5,0,5,2,0,3,5,0,5,0
775,6,Neutral,5,5,2,5,5,5,2,5,2,5
776,3,Happy,3,3,3,3,3,3,3,3,3,3
777,6,Neutral,4,4,4,4,4,6,4,4,4,6
778,6,Neutral,6,3,6,3,6,4,6,3,6,3
779,2,Fear,5,5,5,5,5,5,5,5,5,5
780,4,Sad,3,4,3,4,3,0,3,4,3,4
781,6,Neutral,6,6,6,6,6,6,6,6,6,6
782,2,Fear,2,2,2,2,2,4,2,2,2,2
783,2,Fear,4,4,4,4,4,4,4,4,4,4
784,0,Angry,0,0,0,0,0,0,0,0,0,0
785,6,Neutral,6,6,6,6,6,6,6,6,6,6
786,3,Happy,3,3,3,3,3,3,3,3,3,3
787,2,Fear,6,4,6,4,6,4,6,4,6,4
788,2,Fear,2,4,4,4,2,6,4,2,2,2
789,2,Fear,6,6,6,6,6,6,6,6,6,6
790,0,Angry,0,0,0,0,3,0,0,0,0,0
791,6,Neutral,6,6,6,6,6,2,6,6,6,6
792,3,Happy,3,3,3,3,3,3,3,3,3,3
793,4,Sad,4,2,4,2,4,4,4,2,4,2
794,0,Angry,4,0,4,0,4,0,4,0,4,0
795,3,Happy,3,3,3,3,3,3,3,6,3,6
796,6,Neutral,6,6,6,6,6,6,6,6,6,6
797,5,Surprise,5,5,5,5,5,5,5,5,5,5
798,0,Angry,0,0,0,0,0,0,0,0,0,0
799,5,Surprise,5,5,5,5,5,5,5,5,5,5
800,3,Happy,3,3,3,3,3,3,3,3,3,3
801,4,Sad,0,0,0,0,0,0,0,0,0,0
802,5,Surprise,5,5,5,5,5,5,5,5,5,5
803,1,Disgust,4,4,4,4,4,4,4,0,4,2
804,2,Fear,5,5,5,5,5,5,5,5,5,5
805,3,Happy,3,3,3,3,3,3,3,3,3,3
806,5,Surprise,5,5,5,5,5,5,5,5,5,5
807,5,Surprise,4,6,4,6,0,4,4,4,4,6
808,6,Neutral,4,4,4,4,4,4,4,4,4,4
809,4,Sad,0,4,0,4,0,4,0,4,0,4
810,3,Happy,5,5,5,5,5,5,5,5,5,5
811,0,Angry,2,2,2,2,2,2,2,2,2,2
812,4,Sad,4,4,4,4,4,4,4,4,4,4
813,6,Neutral,6,6,6,6,6,4,6,6,6,6
814,0,Angry,0,0,0,0,0,0,0,0,0,0
815,4,Sad,4,6,4,6,4,6,4,6,4,6
816,6,Neutral,0,6,0,3,6,6,4,3,0,3
817,3,Happy,3,5,5,5,3,3,3,5,3,5
818,0,Angry,4,4,4,4,4,0,4,4,4,4
819,2,Fear,5,2,5,2,5,2,5,2,5,2
820,4,Sad,4,4,4,4,4,4,4,4,4,4
821,2,Fear,5,5,5,5,5,5,5,5,5,5
822,4,Sad,2,2,2,2,2,2,2,2,2,2
823,2,Fear,0,0,0,0,0,0,0,0,0,0
824,5,Surprise,5,5,5,5,5,5,5,5,5,5
825,6,Neutral,6,6,6,6,6,6,6,6,6,6
826,5,Surprise,5,5,5,5,5,5,5,5,5,5
827,2,Fear,4,4,4,4,4,2,4,4,4,4
828,5,Surprise,5,5,5,5,5,5,5,5,5,5
829,4,Sad,4,6,6,6,4,6,4,4,4,6
830,0,Angry,0,0,0,0,0,0,0,0,0,0
831,5,Surprise,5,5,5,5,5,5,5,5,5,5
832,2,Fear,2,2,2,2,2,2,2,2,2,2
833,5,Surprise,4,5,4,4,4,2,4,5,0,4
834,2,Fear,2,5,2,2,2,2,2,2,2,2
835,0,Angry,0,0,0,0,0,0,0,0,0,0
836,6,Neutral,4,0,0,2,6,0,6,2,0,2
837,4,Sad,4,4,4,4,4,1,4,4,4,4
838,1,Disgust,1,1,1,1,1,0,1,1,1,1
839,0,Angry,0,0,0,0,0,0,0,0,0,0
840,6,Neutral,6,6,6,6,6,6,6,6,6,6
841,4,Sad,4,4,4,4,4,4,4,4,4,4
842,5,Surprise,4,5,4,0,0,5,4,0,4,0
843,4,Sad,4,4,4,4,4,4,4,4,4,4
844,4,Sad,6,0,6,0,6,4,6,0,6,0
845,0,Angry,0,0,0,0,0,5,0,0,0,0
846,3,Happy,3,3,3,3,3,3,3,3,3,3
847,6,Neutral,6,4,6,4,2,6,6,4,6,4
848,5,Surprise,6,6,6,6,6,6,6,6,6,6
849,5,Surprise,5,5,5,5,5,5,5,5,5,5
850,6,Neutral,4,6,2,6,4,6,4,6,2,6
851,4,Sad,4,4,4,4,4,4,4,4,4,4
852,4,Sad,4,4,4,4,4,4,4,4,4,4
853,6,Neutral,6,6,6,4,6,4,6,4,6,4
854,2,Fear,1,6,4,6,2,4,4,6,4,6
855,2,Fear,2,2,2,2,2,2,2,2,2,2
856,4,Sad,4,4,4,4,4,4,4,4,4,4
857,3,Happy,3,3,3,3,3,3,3,3,3,3
858,2,Fear,6,6,6,6,6,6,6,6,6,6
859,5,Surprise,5,2,2,2,2,2,2,2,2,2
860,4,Sad,4,4,4,4,4,4,4,4,4,4
861,5,Surprise,5,5,5,5,5,5,5,5,5,5
862,0,Angry,0,0,0,0,0,0,0,0,0,0
863,0,Angry,0,0,0,0,0,0,0,0,0,0
864,4,Sad,6,6,6,4,6,4,0,4,6,4
865,0,Angry,0,0,0,0,0,2,0,0,0,0
866,1,Disgust,4,0,4,4,4,4,4,4,4,4
867,4,Sad,0,0,0,0,0,0,0,0,0,0
868,3,Happy,3,3,3,3,3,3,3,3,3,3
869,3,Happy,3,3,3,3,3,3,3,3,3,3
870,3,Happy,3,3,3,3,3,3,3,3,3,3
871,4,Sad,3,3,3,3,3,3,3,3,3,3
872,0,Angry,0,0,0,0,0,0,0,0,0,0
873,0,Angry,2,5,2,5,4,4,2,5,2,5
874,4,Sad,6,4,6,4,4,4,6,4,6,4
875,4,Sad,4,4,4,4,4,2,4,4,4,4
876,4,Sad,6,4,6,4,6,4,6,4,4,4
877,5,Surprise,5,5,5,5,2,5,5,5,5,5
878,3,Happy,3,3,3,3,3,3,3,3,3,3
879,0,Angry,0,0,0,0,0,0,0,0,0,0
880,3,Happy,3,3,3,3,3,3,3,3,3,3
881,6,Neutral,0,0,0,0,0,2,0,0,0,0
882,6,Neutral,6,6,6,6,6,6,6,6,6,6
883,6,Neutral,6,6,6,6,6,6,6,6,6,6
884,5,Surprise,5,5,5,5,5,5,5,5,5,5
885,4,Sad,4,4,4,4,4,4,4,4,4,4
886,2,Fear,0,0,2,0,4,0,2,0,2,0
887,0,Angry,0,3,0,3,4,0,0,3,0,3
888,4,Sad,4,4,4,0,4,4,4,0,4,6
889,5,Surprise,5,5,5,5,5,5,5,5,5,5
890,0,Angry,3,3,3,3,0,2,3,3,3,3
891,5,Surprise,5,5,5,5,5,5,5,5,5,5
892,6,Neutral,4,4,4,6,4,6,4,6,4,2
893,4,Sad,4,4,4,4,4,4,4,4,4,4
894,2,Fear,0,0,0,3,0,2,0,0,0,3
895,0,Angry,2,4,6,6,6,4,6,6,6,6
896,0,Angry,1,2,1,2,1,2,1,2,1,2
897,3,Happy,3,3,3,3,3,3,3,3,3,3
898,6,Neutral,4,4,4,4,4,4,4,4,4,2
899,6,Neutral,6,6,6,6,6,6,6,6,6,6
900,6,Neutral,6,6,3,0,6,6,3,0,3,0
901,2,Fear,6,6,6,6,6,6,6,6,6,6
902,2,Fear,5,3,5,3,5,3,5,3,5,3
903,3,Happy,6,6,6,6,6,6,6,6,6,6
904,5,Surprise,5,5,5,5,5,5,5,5,5,5
905,0,Angry,4,4,4,4,4,4,4,4,4,4
906,3,Happy,3,3,3,3,3,3,3,3,3,3
907,5,Surprise,5,5,5,5,5,5,5,5,5,5
908,4,Sad,4,4,4,4,4,4,4,2,4,4
909,5,Surprise,5,5,5,5,5,5,5,5,5,5
910,5,Surprise,2,2,2,2,2,5,2,2,2,2
911,4,Sad,4,0,4,0,4,4,4,0,4,0
912,6,Neutral,4,6,6,6,6,6,6,6,6,6
913,4,Sad,0,0,0,0,2,2,0,0,0,0
914,4,Sad,4,4,4,4,4,4,4,4,4,4
915,6,Neutral,3,3,3,3,3,3,3,3,3,3
916,4,Sad,4,6,4,6,4,4,4,6,4,6
917,6,Neutral,6,6,6,6,6,6,6,6,6,6
918,4,Sad,2,2,4,2,2,4,2,2,4,2
919,4,Sad,6,4,6,4,6,4,6,4,6,6
920,2,Fear,6,6,6,6,6,6,6,6,6,6
921,1,Disgust,1,1,1,1,1,1,1,1,1,1
922,3,Happy,3,3,3,3,3,3,3,3,3,3
923,4,Sad,6,6,4,6,6,3,4,6,4,6
924,4,Sad,2,2,2,2,2,4,2,2,2,2
925,3,Happy,3,3,3,3,3,3,3,3,3,3
926,4,Sad,5,0,2,0,2,0,2,0,2,0
927,6,Neutral,4,4,4,4,4,6,4,4,4,4
928,6,Neutral,6,6,6,6,6,6,6,6,6,6
929,4,Sad,2,2,0,4,4,2,0,4,0,2
930,6,Neutral,4,2,4,2,4,2,4,2,4,2
931,0,Angry,0,0,0,0,0,0,0,0,0,0
932,5,Surprise,2,2,2,2,2,2,2,2,2,2
933,4,Sad,4,4,4,4,2,4,4,4,4,4
934,3,Happy,0,0,4,0,0,0,2,3,4,4
935,4,Sad,4,4,4,4,2,4,2,4,4,4
936,3,Happy,3,3,3,3,3,3,3,3,3,3
937,5,Surprise,5,5,5,5,2,2,5,5,5,5
938,3,Happy,3,3,3,3,3,3,3,3,3,3
939,3,Happy,3,3,3,3,3,3,3,3,3,3
940,3,Happy,3,3,3,3,3,3,3,3,3,3
941,3,Happy,0,6,0,6,0,6,0,6,0,6
942,6,Neutral,6,2,6,2,4,3,3,2,6,2
943,4,Sad,3,3,3,3,3,4,3,3,3,3
944,0,Angry,6,4,5,4,2,4,5,4,5,4
945,4,Sad,2,4,2,4,6,6,2,4,2,4
946,2,Fear,4,4,4,4,4,0,4,4,4,4
947,6,Neutral,4,6,4,6,4,6,2,6,0,6
948,3,Happy,3,3,3,3,3,3,3,3,3,3
949,3,Happy,3,4,3,4,3,3,3,4,3,4
950,2,Fear,5,5,5,5,5,2,5,5,5,5
951,2,Fear,2,2,2,2,2,2,2,2,2,2
952,0,Angry,2,0,2,0,2,0,2,0,2,4
953,2,Fear,2,2,2,2,2,2,2,2,2,2
954,2,Fear,0,4,0,0,5,0,0,0,0,4
955,6,Neutral,4,4,4,4,4,4,4,4,4,4
956,4,Sad,4,4,4,4,4,4,4,4,4,4
957,6,Neutral,6,6,6,6,6,6,6,6,6,6
958,6,Neutral,6,6,6,6,6,6,6,4,6,4
959,3,Happy,5,5,5,5,5,5,5,5,5,5
960,0,Angry,2,2,2,2,2,5,2,2,2,2
961,2,Fear,4,4,4,4,2,4,4,2,4,4
962,0,Angry,6,6,0,0,0,0,0,6,0,6
963,5,Surprise,3,3,3,3,3,3,3,3,3,3
964,5,Surprise,2,2,2,2,2,3,2,2,2,2
965,2,Fear,2,2,2,2,0,2,2,2,2,2
966,0,Angry,0,0,0,0,0,0,0,0,0,0
967,2,Fear,2,2,2,2,2,2,2,2,2,2
968,5,Surprise,3,3,3,3,3,3,3,3,3,3
969,3,Happy,3,3,3,3,3,3,3,3,3,3
970,3,Happy,3,3,3,3,3,3,3,3,3,3
971,3,Happy,3,3,3,3,3,5,3,3,3,3
972,3,Happy,6,6,6,6,6,0,6,6,6,6
973,0,Angry,0,0,0,0,0,0,0,0,0,0
974,6,Neutral,4,6,4,6,6,6,4,6,4,6
975,2,Fear,2,4,2,4,0,6,2,4,2,4
976,0,Angry,4,0,4,0,4,4,4,4,4,0
977,6,Neutral,0,6,0,6,0,0,0,6,0,6
978,4,Sad,4,3,4,3,6,3,4,3,4,3
979,2,Fear,6,4,6,4,4,4,4,4,4,4
980,4,Sad,4,2,4,2,4,4,4,2,4,2
981,5,Surprise,5,5,5,5,5,5,5,5,5,5
982,5,Surprise,5,5,5,5,5,3,5,3,5,3
983,4,Sad,4,0,4,0,4,6,4,0,4,0
984,4,Sad,4,4,4,4,4,4,4,4,4,4
985,6,Neutral,6,6,6,6,6,6,6,0,6,6
986,3,Happy,3,3,3,3,3,3,3,3,3,3
987,3,Happy,5,3,5,3,5,5,5,3,5,3
988,3,Happy,3,3,3,3,3,3,3,3,3,3
989,2,Fear,2,2,2,2,2,2,2,2,2,2
990,3,Happy,5,5,5,3,5,5,5,5,5,5
991,6,Neutral,6,6,6,6,6,6,6,6,6,6
992,2,Fear,4,4,6,4,2,4,6,6,6,6
993,6,Neutral,6,6,6,6,4,6,6,6,6,6
994,4,Sad,4,4,4,4,4,4,4,4,4,4
995,6,Neutral,0,4,0,4,1,6,0,4,0,4
996,2,Fear,2,2,2,2,2,2,2,2,2,2
997,0,Angry,0,0,0,4,0,0,0,4,0,4
998,3,Happy,6,3,6,6,6,6,6,2,6,6
999,3,Happy,3,3,3,3,3,3,3,3,3,3
1000,2,Fear,2,2,2,2,2,5,2,2,2,2
1001,4,Sad,6,0,6,0,0,0,6,0,6,4
1002,6,Neutral,3,3,3,6,3,6,3,6,3,6
1003,2,Fear,2,6,2,6,2,4,2,6,2,6
1004,2,Fear,4,4,2,4,2,4,4,4,2,4
1005,6,Neutral,6,6,6,6,6,6,6,6,6,6
1006,4,Sad,0,0,2,2,2,0,0,0,2,0
1007,2,Fear,6,6,6,6,4,6,4,6,4,6
1008,3,Happy,5,5,5,5,5,2,5,5,5,5
1009,2,Fear,0,0,0,0,0,2,0,0,0,0
1010,0,Angry,0,0,0,0,0,0,0,0,0,4
1011,2,Fear,6,6,6,6,2,5,6,6,6,6
1012,6,Neutral,6,2,6,2,2,2,6,2,6,2
1013,3,Happy,3,3,3,3,3,3,3,3,3,3
1014,2,Fear,2,2,2,2,4,2,2,2,2,2
1015,3,Happy,3,3,3,3,3,3,3,3,3,3
1016,6,Neutral,6,6,6,6,6,6,6,6,6,6
1017,2,Fear,0,0,0,0,0,0,0,0,0,0
1018,3,Happy,3,3,3,3,3,3,3,3,3,3
1019,4,Sad,4,4,4,4,4,4,4,4,4,4
1020,6,Neutral,6,6,6,6,6,6,6,6,6,6
1021,0,Angry,0,0,0,0,0,0,0,0,0,0
1022,2,Fear,2,2,2,4,4,0,2,2,2,4
1023,1,Disgust,1,1,1,1,1,4,1,1,1,1
1024,2,Fear,2,2,2,2,2,2,2,2,2,2
1025,0,Angry,2,4,4,4,4,4,2,4,2,4
1026,2,Fear,2,2,2,2,4,0,2,4,2,2
1027,2,Fear,2,2,2,2,2,2,2,2,2,2
1028,4,Sad,4,0,2,4,2,2,2,4,4,4
1029,2,Fear,6,6,6,6,6,6,6,6,6,6
1030,5,Surprise,5,5,5,5,5,4,5,5,5,5
1031,3,Happy,0,3,0,0,0,0,0,0,0,0
1032,3,Happy,3,3,3,3,3,3,3,3,3,3
1033,3,Happy,3,3,3,3,3,3,3,3,3,3
1034,4,Sad,4,4,4,4,2,2,4,4,4,4
1035,3,Happy,3,3,3,3,3,3,3,3,3,3
1036,3,Happy,3,3,3,3,3,3,3,3,3,3
1037,0,Angry,0,0,0,0,0,0,0,0,0,0
1038,5,Surprise,2,2,2,2,2,2,2,2,2,2
1039,3,Happy,3,3,3,3,3,3,3,3,3,3
1040,4,Sad,4,4,4,4,4,4,4,4,4,4
1041,6,Neutral,2,6,2,6,6,6,2,6,2,6
1042,3,Happy,3,3,3,3,3,3,3,3,3,3
1043,6,Neutral,0,0,0,0,0,0,0,0,0,0
1044,2,Fear,6,6,6,4,6,3,6,4,6,4
1045,6,Neutral,0,6,0,6,0,2,0,6,0,6
1046,4,Sad,3,3,3,3,3,0,3,3,3,3
1047,4,Sad,4,4,4,4,4,4,4,4,4,4
1048,4,Sad,4,4,4,2,4,4,4,0,4,2
1049,6,Neutral,0,6,2,6,6,6,2,6,2,6
1050,3,Happy,3,3,3,3,3,3,3,3,3,3
1051,6,Neutral,3,6,3,4,6,4,3,4,3,4
1052,4,Sad,4,4,2,4,0,4,4,4,4,4
1053,2,Fear,2,2,2,2,4,4,2,2,2,2
1054,5,Surprise,5,5,5,5,5,5,5,5,5,5
1055,3,Happy,3,3,3,3,3,3,3,3,3,3
1056,4,Sad,4,4,4,4,4,4,4,4,4,4
1057,3,Happy,3,3,3,3,3,3,3,3,3,3
1058,3,Happy,3,3,3,3,3,3,3,3,3,3
1059,1,Disgust,4,4,4,4,4,4,4,4,4,4
1060,3,Happy,3,3,3,3,3,3,3,3,3,3
1061,3,Happy,3,3,3,3,6,3,6,3,3,3
1062,5,Surprise,5,5,3,3,5,3,3,5,5,5
1063,3,Happy,3,3,3,3,3,3,3,3,3,3
1064,3,Happy,6,6,3,6,3,6,6,3,3,6
1065,6,Neutral,0,0,0,0,0,0,0,0,0,0
1066,6,Neutral,3,3,3,3,3,3,3,3,3,3
1067,3,Happy,3,3,3,3,3,3,3,3,3,3
1068,2,Fear,4,2,2,2,4,2,2,2,2,2
1069,3,Happy,3,3,3,3,3,3,3,3,3,3
1070,4,Sad,4,4,4,4,4,4,4,4,4,4
1071,4,Sad,0,4,0,4,0,4,0,4,0,4
1072,4,Sad,0,2,5,5,2,4,5,5,5,5
1073,3,Happy,3,3,3,3,3,3,3,3,3,3
1074,4,Sad,0,6,6,6,6,4,6,6,6,6
1075,2,Fear,2,2,4,2,2,2,4,2,4,2
1076,0,Angry,4,2,4,2,2,2,4,2,4,2
1077,4,Sad,4,4,4,4,4,4,4,4,4,4
1078,6,Neutral,6,6,6,6,6,5,6,6,6,6
1079,0,Angry,0,0,0,0,0,0,0,0,0,0
1080,3,Happy,3,3,3,3,3,3,3,3,3,3
1081,3,Happy,3,3,3,3,3,3,3,3,3,3
1082,5,Surprise,5,5,2,5,2,5,2,5,2,5
1083,4,Sad,4,4,4,4,4,4,4,4,4,4
1084,2,Fear,0,2,0,4,0,4,0,4,0,4
1085,6,Neutral,6,6,6,6,6,6,6,6,6,6
1086,2,Fear,2,2,2,2,2,3,2,2,2,2
1087,5,Surprise,5,5,5,5,5,5,5,5,5,5
1088,5,Surprise,5,5,5,5,5,5,5,5,5,5
1089,5,Surprise,3,3,3,3,3,0,3,3,3,3
1090,0,Angry,0,0,0,0,0,0,0,0,0,0
1091,3,Happy,3,3,3,3,3,3,3,3,3,3
1092,3,Happy,3,3,3,3,3,3,3,3,3,3
1093,3,Happy,3,3,3,3,3,3,3,3,3,3
1094,5,Surprise,5,0,5,5,5,5,5,5,5,5
1095,4,Sad,4,4,2,0,4,4,2,0,2,0
1096,6,Neutral,6,0,6,0,6,0,6,6,6,3
1097,3,Happy,3,3,3,3,3,3,3,3,3,3
1098,0,Angry,0,0,0,0,0,0,0,0,0,0
1099,3,Happy,6,6,6,6,6,6,6,6,6,6
1100,6,Neutral,0,6,0,6,2,4,0,5,0,6
1101,0,Angry,0,0,0,0,0,0,0,0,0,0
1102,3,Happy,3,3,3,3,3,3,3,3,3,3
1103,2,Fear,2,2,2,2,2,2,2,2,2,2
1104,2,Fear,6,2,6,2,6,4,6,2,6,2
1105,1,Disgust,1,1,4,1,2,4,2,4,4,4
1106,0,Angry,0,0,0,0,0,0,0,0,0,0
1107,4,Sad,4,4,4,4,4,4,0,4,0,4
1108,0,Angry,0,0,0,0,0,0,0,0,0,0
1109,0,Angry,0,0,2,0,0,0,0,0,0,0
1110,4,Sad,4,4,4,2,2,4,4,4,4,4
1111,6,Neutral,6,6,6,6,6,6,6,6,6,6
1112,3,Happy,2,2,2,2,2,3,2,2,2,2
1113,6,Neutral,4,4,4,6,4,2,4,6,4,6
1114,5,Surprise,0,0,0,5,2,1,0,5,0,0
1115,5,Surprise,4,0,4,0,4,4,4,6,4,0
1116,4,Sad,4,4,4,4,4,4,4,4,4,4
1117,3,Happy,3,3,3,3,3,3,3,3,3,3
1118,2,Fear,0,0,0,0,0,0,0,0,0,0
1119,3,Happy,3,3,3,3,3,3,3,3,3,3
1120,5,Surprise,5,2,5,2,5,5,5,2,5,2
1121,0,Angry,0,0,0,0,0,0,0,0,0,0
1122,3,Happy,3,3,3,3,3,3,3,3,3,3
1123,4,Sad,4,4,4,4,4,4,4,4,4,4
1124,5,Surprise,5,5,5,5,5,5,5,5,5,5
1125,3,Happy,3,3,3,3,3,3,3,3,3,3
1126,4,Sad,4,2,4,2,4,4,4,2,4,2
1127,3,Happy,2,2,2,2,0,2,2,2,2,2
1128,3,Happy,3,3,3,3,3,3,3,3,3,3
1129,0,Angry,4,0,4,0,4,4,4,0,4,0
1130,2,Fear,0,2,0,2,0,2,0,2,0,2
1131,6,Neutral,4,2,4,2,6,6,4,2,4,2
1132,6,Neutral,6,6,6,6,3,6,6,6,6,6
1133,3,Happy,3,3,3,3,3,3,3,3,3,3
1134,3,Happy,6,6,6,6,6,6,6,6,6,6
1135,3,Happy,3,3,3,3,3,2,2,3,2,3
1136,5,Surprise,2,5,2,5,2,5,2,5,2,5
1137,2,Fear,4,4,4,4,4,4,4,4,4,4
1138,3,Happy,3,3,3,3,3,3,3,3,3,3
1139,6,Neutral,0,6,0,6,0,3,0,6,0,6
1140,5,Surprise,5,5,5,5,5,2,5,5,5,5
1141,0,Angry,0,0,0,0,0,0,0,0,0,0
1142,0,Angry,2,2,5,2,2,2,5,2,2,2
1143,4,Sad,1,6,4,4,4,6,4,4,4,6
1144,6,Neutral,6,3,6,3,6,6,6,3,6,3
1145,4,Sad,4,4,4,4,6,4,2,4,4,4
1146,0,Angry,1,0,1,1,1,1,1,1,1,1
1147,3,Happy,3,3,3,3,3,3,3,3,3,3
1148,6,Neutral,6,6,6,6,3,3,3,6,3,6
1149,4,Sad,4,4,4,4,4,4,4,4,4,4
1150,6,Neutral,6,6,6,6,6,6,6,6,6,6
1151,0,Angry,6,6,6,6,6,6,6,6,6,6
1152,4,Sad,0,4,4,4,4,4,0,4,0,4
1153,0,Angry,0,0,0,0,0,0,0,0,0,0
1154,5,Surprise,5,5,5,5,5,5,5,5,5,5
1155,5,Surprise,5,5,5,5,5,5,5,5,5,5
1156,3,Happy,3,3,3,3,3,3,3,3,3,3
1157,0,Angry,0,3,0,3,0,3,0,3,0,3
1158,3,Happy,3,3,3,3,3,3,3,3,3,3
1159,0,Angry,0,0,0,0,0,0,0,0,0,0
1160,2,Fear,2,2,2,2,4,4,2,2,2,2
1161,2,Fear,6,0,6,0,6,0,6,0,6,0
1162,2,Fear,0,2,0,4,0,4,0,4,0,4
1163,6,Neutral,5,4,2,4,2,4,2,4,4,4
1164,4,Sad,0,0,0,0,0,4,0,4,0,0
1165,5,Surprise,6,6,4,6,4,2,4,6,4,6
1166,4,Sad,0,0,2,0,0,0,2,0,2,0
1167,4,Sad,0,0,0,0,0,0,0,0,0,0
1168,6,Neutral,6,6,6,6,6,6,6,6,6,6
1169,0,Angry,0,0,0,0,0,0,0,0,0,0
1170,2,Fear,4,6,6,0,6,6,6,6,6,6
1171,2,Fear,4,2,4,2,4,2,4,2,4,2
1172,3,Happy,3,3,3,3,3,3,3,3,3,3
1173,5,Surprise,5,5,5,5,5,5,5,5,5,5
1174,2,Fear,3,2,6,2,6,3,6,2,6,2
1175,5,Surprise,4,4,4,4,4,2,4,4,4,4
1176,6,Neutral,4,4,4,4,4,6,4,4,4,4
1177,5,Surprise,5,5,5,5,5,4,5,5,5,5
1178,2,Fear,2,2,2,2,0,0,2,2,2,2
1179,2,Fear,4,4,4,4,2,4,4,4,4,4
1180,3,Happy,3,3,3,3,3,3,3,3,3,3
1181,6,Neutral,3,6,3,5,3,3,3,5,3,6
1182,6,Neutral,6,6,6,4,6,4,6,4,6,4
1183,2,Fear,6,0,0,0,0,0,5,0,6,0
1184,6,Neutral,6,6,6,6,6,6,6,6,6,6
1185,3,Happy,5,5,5,5,5,5,5,5,5,5
1186,3,Happy,3,3,3,3,3,3,3,3,3,3
1187,5,Surprise,0,5,5,5,5,5,5,5,5,5
1188,4,Sad,4,4,4,4,4,6,4,4,4,4
1189,3,Happy,3,3,3,3,3,3,3,3,3,3
1190,2,Fear,2,2,2,2,2,2,2,2,2,2
1191,4,Sad,3,3,4,3,3,6,4,3,4,3
1192,0,Angry,0,0,0,0,0,0,0,0,0,0
1193,6,Neutral,6,6,6,6,6,6,6,6,6,6
1194,3,Happy,2,3,2,3,2,5,2,3,2,3
1195,5,Surprise,5,5,5,5,5,5,5,5,5,5
1196,3,Happy,2,2,3,2,3,2,2,2,3,2
1197,2,Fear,4,2,2,6,2,4,2,6,2,6
1198,3,Happy,3,3,3,3,3,3,3,3,3,3
1199,2,Fear,4,4,4,4,4,4,4,4,4,4
1200,5,Surprise,5,5,2,5,5,5,5,2,5,5
1201,3,Happy,3,3,3,3,3,3,3,3,3,3
1202,2,Fear,4,4,4,4,4,4,4,4,4,4
1203,2,Fear,4,4,4,4,4,4,4,4,4,4
1204,6,Neutral,4,4,4,4,4,6,4,4,4,4
1205,4,Sad,4,2,2,2,2,4,4,2,4,2
1206,6,Neutral,3,3,3,3,3,3,3,3,3,3
1207,6,Neutral,6,6,6,6,6,6,6,6,6,6
1208,3,Happy,3,3,3,3,3,3,3,3,3,3
1209,2,Fear,4,4,4,0,4,0,4,4,4,4
1210,3,Happy,3,3,3,3,3,3,3,3,3,3
1211,5,Surprise,5,5,5,5,5,5,5,5,5,5
1212,6,Neutral,4,4,4,4,4,6,4,4,4,4
1213,4,Sad,4,4,4,2,2,4,4,2,4,4
1214,2,Fear,5,5,2,5,5,5,2,5,2,5
1215,2,Fear,4,4,4,4,0,4,4,4,4,4
1216,2,Fear,0,6,0,6,6,4,0,4,0,4
1217,3,Happy,3,3,3,3,3,3,3,3,3,3
1218,5,Surprise,5,5,5,5,5,5,5,5,5,5
1219,6,Neutral,6,0,6,0,6,0,6,0,6,0
1220,0,Angry,4,0,4,0,4,4,4,0,4,0
1221,3,Happy,3,3,3,3,3,3,3,3,3,3
1222,0,Angry,0,0,0,0,0,0,0,0,0,0
1223,3,Happy,3,3,3,3,3,3,3,3,3,3
1224,0,Angry,0,0,0,0,2,0,0,0,0,0
1225,3,Happy,2,6,2,6,0,6,2,6,2,6
1226,2,Fear,4,4,4,4,4,4,4,4,4,4
1227,4,Sad,0,2,4,0,0,0,5,0,0,2
1228,4,Sad,2,2,2,2,2,4,2,2,2,2
1229,3,Happy,6,6,6,6,3,6,6,6,3,6
1230,6,Neutral,6,6,6,6,6,6,6,6,6,6
1231,3,Happy,6,3,6,3,6,6,6,6,6,3
1232,4,Sad,4,6,0,6,0,4,0,6,0,6
1233,4,Sad,4,3,2,3,3,6,2,3,2,4
1234,6,Neutral,6,6,6,6,6,6,6,6,6,6
1235,6,Neutral,6,6,6,6,6,6,6,6,6,6
1236,3,Happy,5,5,3,5,2,2,5,5,3,5
1237,3,Happy,3,3,3,3,3,3,3,3,3,3
1238,0,Angry,0,0,4,0,0,0,4,0,4,0
1239,6,Neutral,6,4,6,4,6,0,6,4,6,4
1240,4,Sad,6,4,6,6,6,4,6,0,6,6
1241,0,Angry,0,0,0,0,0,0,0,0,0,0
1242,1,Disgust,4,0,4,0,2,0,4,0,4,0
1243,5,Surprise,5,5,5,5,5,5,5,5,5,5
1244,6,Neutral,6,6,6,6,6,6,6,6,6,6
1245,5,Surprise,3,5,5,5,3,5,3,5,3,5
1246,5,Surprise,5,5,5,5,5,5,5,5,5,5
1247,4,Sad,6,6,6,6,6,6,6,6,6,6
1248,5,Surprise,5,5,5,5,5,5,5,5,5,5
1249,3,Happy,3,3,3,3,3,3,3,3,3,3
1250,3,Happy,3,3,3,3,3,3,3,3,3,3
1251,4,Sad,6,6,6,6,4,2,6,6,4,6
1252,3,Happy,3,3,3,3,3,3,3,3,3,3
1253,0,Angry,2,2,0,2,0,2,0,2,0,2
1254,0,Angry,0,0,0,0,0,0,0,0,0,0
1255,4,Sad,6,6,6,6,6,6,2,6,6,6
1256,3,Happy,5,3,3,3,5,3,3,3,5,3
1257,2,Fear,2,2,2,2,2,2,2,2,2,2
1258,3,Happy,3,3,3,3,3,3,3,3,3,3
1259,6,Neutral,6,6,6,6,6,6,6,6,6,6
1260,6,Neutral,6,6,6,6,6,6,6,6,6,6
1261,4,Sad,6,5,6,3,6,4,6,3,6,5
1262,0,Angry,0,0,0,0,0,0,0,0,0,0
1263,4,Sad,6,4,2,4,4,4,2,4,2,4
1264,4,Sad,4,4,4,4,4,4,4,4,4,4
1265,3,Happy,3,3,3,3,3,3,3,3,3,3
1266,3,Happy,3,3,3,3,3,3,3,3,3,3
1267,0,Angry,0,2,0,2,0,0,0,2,0,2
1268,0,Angry,4,2,4,6,4,4,4,2,4,6
1269,6,Neutral,6,6,2,6,6,6,2,6,2,6
1270,3,Happy,3,3,3,3,3,3,3,3,3,3
1271,0,Angry,0,3,6,3,0,6,6,3,6,3
1272,3,Happy,3,3,3,3,3,3,3,3,3,3
1273,4,Sad,0,0,0,4,0,4,0,2,0,2
1274,2,Fear,0,0,4,6,4,6,4,6,4,6
1275,5,Surprise,5,5,5,5,5,5,5,5,5,5
1276,4,Sad,4,4,4,4,2,2,4,4,4,4
1277,4,Sad,6,4,6,4,6,4,6,4,6,4
1278,3,Happy,3,3,3,3,3,3,3,3,3,3
1279,3,Happy,6,6,6,6,6,6,6,6,6,6
1280,5,Surprise,5,5,2,5,2,0,2,5,2,5
1281,2,Fear,3,2,3,2,4,2,4,2,3,2
1282,3,Happy,3,3,3,3,3,3,3,3,3,3
1283,3,Happy,3,3,3,3,3,3,3,3,3,3
1284,3,Happy,3,3,3,3,3,3,3,3,3,3
1285,2,Fear,4,2,4,2,2,4,4,2,4,2
1286,3,Happy,3,3,3,3,3,3,3,3,3,3
1287,6,Neutral,6,6,6,6,6,6,6,6,6,6
1288,5,Surprise,5,5,5,5,5,5,5,5,5,5
1289,4,Sad,4,0,4,0,0,0,4,0,4,0
1290,3,Happy,2,0,4,0,0,1,4,0,4,0
1291,4,Sad,4,4,4,4,4,4,4,4,4,4
1292,4,Sad,4,4,4,4,4,4,4,4,4,4
1293,0,Angry,0,0,0,0,0,0,0,0,0,0
1294,3,Happy,3,3,3,3,3,0,3,3,3,3
1295,0,Angry,0,0,0,0,0,0,0,0,0,0
1296,5,Surprise,5,5,5,5,5,5,5,5,5,5
1297,3,Happy,3,3,3,3,3,3,3,3,3,3
1298,6,Neutral,6,6,6,6,6,6,6,6,6,6
1299,5,Surprise,5,5,5,5,5,5,5,5,5,5
1300,0,Angry,0,4,0,4,0,6,2,4,0,4
1301,6,Neutral,6,6,6,6,4,6,6,6,6,6
1302,3,Happy,3,3,3,3,3,3,3,3,3,3
1303,6,Neutral,4,6,4,6,4,4,4,6,4,6
1304,2,Fear,2,2,2,2,2,2,2,2,2,2
1305,2,Fear,2,2,2,2,2,2,2,2,2,2
1306,0,Angry,3,3,3,3,3,3,3,3,3,3
1307,3,Happy,3,3,3,3,3,3,3,3,3,3
1308,4,Sad,2,6,4,6,2,6,4,4,4,4
1309,6,Neutral,4,4,4,4,4,4,4,4,4,6
1310,6,Neutral,6,6,3,4,3,3,3,4,3,4
1311,6,Neutral,4,4,4,4,4,4,4,4,4,4
1312,3,Happy,3,3,3,3,3,3,3,3,3,3
1313,2,Fear,2,2,2,2,2,2,2,2,2,2
1314,4,Sad,6,4,6,4,6,4,6,4,6,4
1315,0,Angry,0,0,0,0,0,0,0,0,0,0
1316,4,Sad,4,4,4,4,6,4,6,4,6,4
1317,0,Angry,6,6,6,6,6,6,6,6,6,6
1318,2,Fear,2,4,2,4,2,2,2,4,2,4
1319,0,Angry,0,0,0,0,0,0,0,0,0,0
1320,2,Fear,2,2,2,2,2,2,2,2,2,2
1321,6,Neutral,6,6,6,6,6,6,6,6,6,6
1322,3,Happy,3,3,3,3,3,3,3,3,3,3
1323,4,Sad,2,4,2,4,2,4,2,4,2,4
1324,3,Happy,3,3,3,3,3,3,3,3,3,3
1325,3,Happy,3,3,3,3,3,3,3,3,3,3
1326,4,Sad,4,3,4,3,4,3,4,4,4,3
1327,6,Neutral,0,6,0,4,2,2,0,4,6,4
1328,5,Surprise,5,5,5,5,5,5,5,5,5,5
1329,6,Neutral,6,6,6,6,6,3,6,6,6,6
1330,6,Neutral,5,5,5,5,5,5,5,5,5,5
1331,2,Fear,2,6,0,2,6,6,2,6,2,6
1332,6,Neutral,4,3,4,3,4,4,4,3,4,3
1333,4,Sad,4,4,4,4,4,4,4,4,4,4
1334,2,Fear,0,0,0,0,0,0,0,0,0,0
1335,6,Neutral,6,6,6,6,4,6,6,6,6,6
1336,4,Sad,0,0,0,0,6,0,0,0,0,0
1337,5,Surprise,5,5,5,5,5,5,5,5,5,5
1338,0,Angry,4,4,6,4,4,4,0,4,6,4
1339,5,Surprise,5,5,2,5,3,5,5,5,5,5
1340,3,Happy,3,3,3,3,3,3,3,3,3,3
1341,4,Sad,6,4,6,2,6,0,6,2,6,2
1342,6,Neutral,6,6,6,6,6,6,6,6,6,6
1343,3,Happy,3,3,3,3,3,6,3,3,3,3
1344,6,Neutral,6,6,6,6,6,6,6,6,6,6
1345,6,Neutral,6,3,6,3,6,3,6,3,6,3
1346,6,Neutral,6,6,6,6,6,6,6,6,6,6
1347,4,Sad,4,6,4,6,4,6,6,6,4,6
1348,3,Happy,3,3,3,3,3,3,3,3,3,3
1349,0,Angry,0,6,0,4,0,6,0,4,0,4
1350,0,Angry,0,4,2,4,0,6,2,0,2,4
1351,6,Neutral,4,4,2,4,2,2,2,4,2,4
1352,3,Happy,3,3,3,3,3,3,3,3,3,3
1353,2,Fear,6,3,6,6,6,4,6,3,6,4
1354,6,Neutral,6,6,4,6,4,6,4,6,4,6
1355,3,Happy,3,3,3,3,3,3,3,3,3,3
1356,6,Neutral,3,3,3,3,3,3,3,3,3,3
1357,0,Angry,2,0,2,0,0,0,2,2,2,3
1358,5,Surprise,5,5,5,5,5,5,5,5,5,5
1359,5,Surprise,2,2,4,2,0,4,2,2,2,2
1360,3,Happy,2,2,2,2,2,2,2,4,2,4
1361,2,Fear,2,6,3,6,6,6,3,6,6,6
1362,5,Surprise,5,5,5,5,5,5,5,5,5,5
1363,6,Neutral,6,6,6,6,6,6,6,6,6,6
1364,5,Surprise,5,5,5,5,5,5,5,5,5,5
1365,2,Fear,4,1,4,4,4,4,4,4,4,0
1366,6,Neutral,2,4,2,4,2,4,2,5,2,4
1367,2,Fear,2,2,2,2,2,2,2,2,2,2
1368,2,Fear,2,2,2,2,2,2,2,2,2,2
1369,2,Fear,2,2,2,2,5,0,2,2,2,2
1370,0,Angry,2,2,2,2,2,2,2,2,2,2
1371,4,Sad,6,6,6,6,6,6,6,6,6,0
1372,5,Surprise,5,5,5,5,5,5,5,5,5,5
1373,0,Angry,0,0,0,0,0,0,0,0,0,0
1374,3,Happy,3,3,3,3,3,3,3,3,3,3
1375,2,Fear,2,4,4,4,4,4,2,4,4,2
1376,0,Angry,0,0,0,0,0,0,0,0,0,0
1377,2,Fear,6,6,6,6,6,6,6,6,6,6
1378,5,Surprise,5,5,5,5,5,5,5,5,5,5
1379,4,Sad,4,4,4,4,0,4,4,4,4,4
1380,3,Happy,3,3,3,3,3,3,3,3,3,3
1381,4,Sad,4,4,4,4,4,4,4,4,4,4
1382,3,Happy,3,3,3,3,3,3,3,3,3,3
1383,0,Angry,0,0,0,0,0,0,0,0,0,0
1384,0,Angry,2,2,2,2,2,2,2,2,2,2
1385,4,Sad,4,5,4,6,2,6,4,2,4,6
1386,3,Happy,3,3,3,3,3,3,3,3,3,3
1387,6,Neutral,6,6,6,6,6,6,6,6,6,6
1388,3,Happy,3,3,3,3,3,3,3,3,3,3
1389,3,Happy,3,3,3,3,3,3,3,3,3,3
1390,3,Happy,3,3,3,3,3,3,3,3,3,3
1391,6,Neutral,2,5,2,5,6,6,2,5,6,5
1392,3,Happy,3,3,3,3,3,3,3,3,3,3
1393,3,Happy,3,3,3,3,3,3,3,3,3,3
1394,6,Neutral,3,6,6,6,6,6,3,6,6,6
1395,4,Sad,4,4,4,4,4,4,4,4,4,4
1396,3,Happy,6,6,6,6,6,6,6,6,6,6
1397,3,Happy,3,3,3,3,3,3,3,3,3,3
1398,3,Happy,0,3,0,0,0,3,0,3,0,0
1399,5,Surprise,5,5,5,5,5,5,5,5,5,5
1400,6,Neutral,6,3,6,4,6,6,6,4,6,4
1401,6,Neutral,6,6,6,6,6,6,6,6,6,6
1402,3,Happy,3,3,0,3,0,3,3,3,0,3
1403,5,Surprise,5,5,5,5,5,5,5,5,5,5
1404,1,Disgust,3,3,3,6,3,3,3,3,3,3
1405,3,Happy,0,3,0,3,0,3,0,3,0,4
1406,2,Fear,4,4,0,4,0,4,4,4,4,4
1407,3,Happy,3,3,3,6,3,3,3,6,3,6
1408,6,Neutral,6,6,6,6,6,6,6,6,6,6
1409,4,Sad,4,0,4,0,4,4,4,0,4,0
1410,3,Happy,3,3,3,3,3,3,3,3,3,3
1411,0,Angry,0,0,0,0,0,0,0,0,0,0
1412,6,Neutral,6,6,6,6,6,6,6,6,6,6
1413,6,Neutral,6,6,6,6,6,4,6,6,6,6
1414,4,Sad,4,2,4,2,4,4,4,2,4,2
1415,2,Fear,4,2,2,4,1,4,4,4,2,4
1416,6,Neutral,6,6,6,6,6,6,6,6,6,6
1417,2,Fear,0,2,0,2,0,5,0,2,0,2
1418,3,Happy,3,3,3,3,3,3,3,3,3,3
1419,0,Angry,6,6,6,0,6,0,0,0,0,0
1420,2,Fear,2,2,2,2,5,2,2,2,2,2
1421,4,Sad,6,4,6,4,6,4,6,4,6,4
1422,3,Happy,6,3,6,3,4,3,6,3,6,3
1423,0,Angry,6,0,6,0,6,0,6,6,6,0
1424,4,Sad,5,5,5,5,5,5,5,5,5,5
1425,4,Sad,4,4,4,4,4,6,4,4,4,4
1426,3,Happy,3,3,3,3,3,3,3,3,3,3
1427,5,Surprise,3,2,3,2,3,4,3,2,3,2
1428,4,Sad,4,2,4,2,4,2,4,2,4,2
1429,4,Sad,0,0,2,0,2,4,0,0,0,0
1430,5,Surprise,2,2,2,2,2,2,2,2,2,2
1431,2,Fear,4,0,4,0,4,0,4,0,4,2
1432,1,Disgust,4,6,4,4,4,0,4,6,4,4
1433,5,Surprise,5,5,5,5,5,5,5,5,5,5
1434,3,Happy,4,3,4,3,4,3,4,3,4,3
1435,4,Sad,6,6,6,6,6,6,6,6,6,6
1436,2,Fear,4,4,4,4,0,2,4,4,4,4
1437,6,Neutral,0,0,0,0,0,0,0,0,0,0
1438,3,Happy,3,3,3,3,3,3,3,3,3,3
1439,6,Neutral,3,6,3,6,6,6,3,6,3,6
1440,6,Neutral,0,0,0,0,0,0,0,0,0,0
1441,4,Sad,4,4,4,4,4,4,4,4,4,4
1442,2,Fear,2,2,2,2,2,2,2,2,2,2
1443,5,Surprise,5,5,5,5,5,5,5,5,5,5
1444,0,Angry,0,4,0,4,0,4,0,4,0,0
1445,4,Sad,6,6,6,6,6,6,6,6,6,6
1446,3,Happy,3,3,3,3,3,3,3,3,3,3
1447,2,Fear,2,0,2,2,3,0,2,2,2,2
1448,6,Neutral,6,6,6,6,0,6,6,6,6,6
1449,3,Happy,3,6,3,6,3,6,3,6,3,6
1450,6,Neutral,4,4,4,4,4,4,4,4,4,4
1451,6,Neutral,6,6,6,6,6,6,6,6,6,6
1452,6,Neutral,6,6,6,6,6,6,6,6,6,6
1453,4,Sad,4,4,4,2,4,4,4,2,4,2
1454,3,Happy,3,3,3,3,3,3,3,3,3,3
1455,3,Happy,3,3,3,3,3,3,3,3,3,3
1456,0,Angry,4,4,4,4,2,3,4,4,4,0
1457,3,Happy,3,3,3,3,3,3,3,3,3,3
1458,6,Neutral,4,4,4,4,4,2,4,4,1,4
1459,3,Happy,3,3,3,3,3,3,3,3,3,1
1460,6,Neutral,6,4,6,4,0,0,6,4,6,4
1461,4,Sad,5,5,5,6,5,6,5,5,5,6
1462,0,Angry,0,0,0,0,0,0,0,0,0,0
1463,3,Happy,3,3,3,3,3,3,3,3,3,3
1464,5,Surprise,2,2,2,2,2,2,2,2,2,2
1465,5,Surprise,3,5,3,3,5,5,3,5,3,5
1466,3,Happy,3,3,3,3,3,3,3,3,3,3
1467,3,Happy,3,3,3,3,3,3,3,3,3,3
1468,5,Surprise,5,5,5,5,5,5,5,5,5,5
1469,3,Happy,3,3,3,3,3,3,3,3,3,3
1470,4,Sad,4,4,4,4,4,4,4,4,4,4
1471,3,Happy,6,3,6,3,6,4,6,3,6,3
1472,4,Sad,4,4,4,4,4,2,4,4,4,4
1473,3,Happy,3,3,3,3,3,3,3,3,3,3
1474,4,Sad,4,4,4,4,4,4,4,4,4,4
1475,5,Surprise,5,5,5,5,5,5,5,5,5,5
1476,3,Happy,3,3,3,3,3,3,3,3,3,3
1477,3,Happy,4,4,4,4,4,3,4,4,4,4
1478,3,Happy,3,3,3,3,3,3,3,3,3,3
1479,3,Happy,3,3,3,3,3,3,3,3,3,3
1480,6,Neutral,6,6,6,6,4,6,6,6,6,6
1481,5,Surprise,5,5,5,5,5,5,5,5,5,5
1482,2,Fear,2,2,2,2,2,5,2,2,2,2
1483,5,Surprise,5,5,5,5,5,5,5,5,5,5
1484,3,Happy,3,3,3,3,3,3,3,3,3,3
1485,0,Angry,5,0,5,0,2,0,5,0,5,0
1486,6,Neutral,6,6,3,6,6,6,3,6,3,6
1487,2,Fear,2,2,2,2,2,2,2,2,2,2
1488,6,Neutral,4,0,4,0,4,2,4,0,4,0
1489,6,Neutral,3,3,3,3,3,3,3,3,3,3
1490,6,Neutral,3,5,3,3,5,6,3,5,3,5
1491,6,Neutral,4,6,4,6,4,6,4,6,1,6
1492,3,Happy,3,3,3,3,3,3,3,3,3,3
1493,5,Surprise,3,3,3,3,3,3,3,3,3,3
1494,6,Neutral,6,6,6,6,4,6,6,6,6,6
1495,5,Surprise,5,5,5,5,5,5,5,5,5,5
1496,2,Fear,2,2,2,2,0,0,2,2,2,0
1497,2,Fear,6,2,2,2,6,4,0,2,2,2
1498,2,Fear,2,2,2,2,2,6,2,2,2,2
1499,4,Sad,2,2,2,4,2,4,2,4,2,4
1500,5,Surprise,5,5,5,5,5,5,5,5,5,5
1501,6,Neutral,6,6,6,6,6,6,6,6,6,6
1502,4,Sad,5,4,5,4,5,4,5,4,5,4
1503,6,Neutral,2,6,4,6,2,2,2,6,4,6
1504,0,Angry,2,2,2,2,2,5,2,2,2,2
1505,4,Sad,6,4,6,4,6,4,6,4,6,4
1506,4,Sad,0,4,0,4,6,4,0,4,0,4
1507,3,Happy,3,3,3,3,3,3,3,3,3,3
1508,3,Happy,3,3,3,3,3,3,3,3,3,3
1509,6,Neutral,6,6,6,6,6,6,6,6,6,6
1510,4,Sad,2,4,2,4,4,2,2,4,2,4
1511,6,Neutral,4,4,2,6,6,3,2,6,2,6
1512,3,Happy,3,3,3,3,3,6,3,3,3,3
1513,2,Fear,2,2,2,2,2,2,2,2,2,2
1514,5,Surprise,0,0,0,0,0,0,0,0,0,0
1515,4,Sad,2,3,2,3,2,2,0,3,0,3
1516,5,Surprise,5,5,5,5,5,5,5,5,5,5
1517,4,Sad,2,1,2,0,2,2,2,0,2,0
1518,0,Angry,0,0,0,0,0,0,0,0,0,0
1519,3,Happy,3,3,3,3,3,3,3,3,3,3
1520,6,Neutral,6,0,6,0,6,0,6,0,6,0
1521,0,Angry,0,0,0,0,0,0,0,0,0,0
1522,4,Sad,6,6,6,4,6,6,6,4,4,4
1523,2,Fear,5,5,5,5,5,5,5,5,5,5
1524,4,Sad,0,4,0,4,4,6,0,4,0,2
1525,6,Neutral,6,6,6,6,6,6,6,6,6,6
1526,0,Angry,5,5,5,5,5,5,5,5,5,5
1527,3,Happy,0,2,3,2,2,2,0,2,0,2
1528,2,Fear,2,2,2,2,2,2,2,2,2,2
1529,6,Neutral,6,6,6,6,6,6,6,6,6,6
1530,2,Fear,2,2,2,2,2,5,2,5,2,5
1531,2,Fear,2,2,2,2,4,2,4,2,2,2
1532,3,Happy,3,3,3,3,3,3,3,3,3,3
1533,2,Fear,2,2,2,3,2,3,2,3,2,3
1534,5,Surprise,5,5,5,5,5,5,5,5,5,5
1535,2,Fear,2,2,2,2,2,2,2,2,2,2
1536,3,Happy,3,3,3,3,3,3,3,3,3,3
1537,0,Angry,6,6,6,6,6,6,6,6,6,6
1538,2,Fear,4,4,4,4,2,2,4,4,4,4
1539,3,Happy,3,3,3,3,3,3,3,3,3,3
1540,3,Happy,3,3,3,3,3,3,3,3,3,3
1541,2,Fear,2,2,2,2,2,4,2,2,2,2
1542,4,Sad,4,2,4,2,2,2,4,2,4,2
1543,1,Disgust,0,0,0,0,0,0,0,0,0,0
1544,2,Fear,2,0,4,0,4,4,4,6,4,0
1545,4,Sad,4,4,4,4,4,4,4,4,4,4
1546,6,Neutral,6,6,6,6,6,6,6,6,6,6
1547,3,Happy,3,3,3,3,3,3,3,3,3,3
1548,6,Neutral,4,4,4,4,4,6,4,4,4,4
1549,6,Neutral,2,4,6,4,4,4,6,2,6,4
1550,0,Angry,0,0,0,0,0,0,0,0,0,0
1551,0,Angry,4,0,4,0,4,0,4,0,4,4
1552,3,Happy,3,3,3,3,3,3,3,3,3,3
1553,0,Angry,0,0,0,0,0,0,0,0,0,0
1554,3,Happy,4,6,4,6,4,6,4,6,4,6
1555,3,Happy,3,3,3,3,3,3,3,3,3,3
1556,3,Happy,3,3,4,3,4,3,3,3,3,3
1557,6,Neutral,6,6,6,6,6,6,6,6,6,6
1558,3,Happy,3,3,3,3,3,3,3,3,3,3
1559,0,Angry,0,0,0,0,0,0,0,0,0,0
1560,6,Neutral,6,6,6,6,6,6,6,4,6,6
1561,4,Sad,4,4,4,4,4,4,4,4,4,4
1562,6,Neutral,6,6,6,6,6,6,6,6,6,6
1563,4,Sad,4,4,4,4,4,4,4,4,4,4
1564,0,Angry,4,4,4,4,4,4,4,4,4,4
1565,4,Sad,4,4,4,4,4,4,4,4,4,4
1566,6,Neutral,2,6,2,6,2,6,6,6,2,6
1567,3,Happy,4,0,0,0,0,4,0,0,0,0
1568,4,Sad,6,4,6,4,4,4,6,4,6,4
1569,6,Neutral,6,6,3,6,6,5,3,6,3,6
1570,2,Fear,2,4,4,4,4,2,2,4,2,4
1571,3,Happy,3,3,3,3,3,6,3,5,3,5
1572,6,Neutral,6,6,6,6,6,6,6,6,6,6
1573,5,Surprise,5,5,5,5,5,5,5,5,5,5
1574,6,Neutral,6,6,6,6,6,6,6,6,6,6
1575,3,Happy,3,3,3,3,3,3,3,3,3,3
1576,0,Angry,0,0,0,0,0,0,0,0,0,0
1577,3,Happy,3,3,3,3,3,3,3,3,3,3
1578,6,Neutral,6,6,6,6,6,6,6,6,6,6
1579,3,Happy,3,3,3,3,6,3,3,3,3,3
1580,4,Sad,0,2,0,5,4,2,0,5,0,2
1581,0,Angry,6,6,6,6,6,6,6,6,6,6
1582,3,Happy,3,3,3,3,3,0,3,3,3,3
1583,4,Sad,4,4,2,4,2,4,2,4,2,4
1584,5,Surprise,5,5,5,5,5,5,5,5,5,5
1585,6,Neutral,6,6,6,6,6,6,6,6,6,6
1586,6,Neutral,4,6,4,2,4,4,4,6,4,6
1587,2,Fear,4,6,4,2,4,6,4,2,4,2
1588,3,Happy,4,0,4,2,4,4,4,0,4,2
1589,4,Sad,4,4,4,4,4,4,4,4,4,4
1590,3,Happy,5,3,3,3,3,3,3,3,3,3
1591,5,Surprise,5,5,5,5,5,5,5,5,5,5
1592,6,Neutral,6,6,6,6,6,6,6,6,6,6
1593,0,Angry,0,0,0,0,0,0,0,0,0,0
1594,5,Surprise,5,6,5,6,5,6,5,6,5,6
1595,6,Neutral,4,4,4,4,0,4,0,4,0,4
1596,0,Angry,0,0,0,0,0,0,0,0,0,0
1597,2,Fear,2,6,5,5,3,6,5,5,5,3
1598,3,Happy,3,3,6,3,4,2,6,3,6,3
1599,4,Sad,3,2,3,4,3,4,3,6,3,4
1600,0,Angry,0,2,1,2,1,1,0,2,0,2
1601,4,Sad,4,4,4,4,2,0,4,4,4,4
1602,6,Neutral,6,6,6,6,6,6,6,6,6,6
1603,5,Surprise,5,5,5,5,5,5,5,5,5,5
1604,6,Neutral,6,6,6,6,6,4,6,6,6,6
1605,4,Sad,2,2,2,2,2,2,2,2,2,2
1606,2,Fear,6,6,6,4,6,6,6,4,6,4
1607,2,Fear,2,5,2,5,4,4,2,5,2,5
1608,0,Angry,0,0,0,0,0,0,0,0,0,0
1609,2,Fear,2,2,2,2,2,2,2,2,2,2
1610,6,Neutral,6,6,6,6,6,6,6,6,6,6
1611,0,Angry,4,0,4,4,4,4,4,4,4,0
1612,2,Fear,2,2,2,2,2,2,2,2,2,2
1613,5,Surprise,5,3,5,3,5,3,5,3,5,3
1614,4,Sad,2,6,2,2,2,6,2,0,2,2
1615,2,Fear,3,3,3,3,3,3,3,3,3,3
1616,0,Angry,3,2,5,2,4,2,5,2,4,2
1617,4,Sad,3,4,3,4,3,3,3,4,3,4
1618,0,Angry,0,0,0,0,0,0,0,0,0,0
1619,3,Happy,3,3,3,3,3,3,3,3,3,3
1620,3,Happy,3,3,3,3,3,3,3,3,3,3
1621,3,Happy,3,3,3,3,3,3,3,3,3,3
1622,4,Sad,4,6,4,6,4,4,4,6,4,6
1623,3,Happy,3,3,3,3,3,3,3,3,3,3
1624,2,Fear,2,2,2,2,0,2,2,2,4,2
1625,3,Happy,3,3,3,3,4,0,3,3,3,3
1626,2,Fear,2,2,2,2,2,4,2,2,2,2
1627,5,Surprise,4,2,4,2,4,2,4,0,4,2
1628,3,Happy,3,3,3,3,3,3,3,3,3,3
1629,3,Happy,3,3,3,3,3,3,3,3,3,3
1630,6,Neutral,6,6,6,6,6,6,6,6,6,6
1631,0,Angry,0,0,0,0,0,0,0,0,0,0
1632,3,Happy,3,3,3,3,3,3,3,3,3,3
1633,3,Happy,3,3,3,3,3,3,3,3,3,3
1634,3,Happy,3,3,3,3,3,3,3,3,3,3
1635,4,Sad,2,4,2,2,2,2,2,2,2,2
1636,6,Neutral,6,6,6,6,6,6,6,6,6,6
1637,6,Neutral,4,6,4,2,2,6,4,2,4,2
1638,1,Disgust,4,4,2,4,4,5,4,4,2,4
1639,3,Happy,4,2,4,2,4,2,4,2,4,2
1640,2,Fear,2,2,2,2,2,6,2,2,2,2
1641,3,Happy,3,3,3,3,3,3,3,3,3,3
1642,3,Happy,3,3,3,3,3,3,3,3,3,3
1643,6,Neutral,2,2,4,2,2,3,4,2,2,2
1644,6,Neutral,3,3,3,3,6,3,3,3,3,3
1645,6,Neutral,6,3,6,3,6,6,6,3,6,3
1646,5,Surprise,5,5,5,5,5,5,5,5,5,5
1647,2,Fear,6,4,6,4,4,4,6,4,6,4
1648,2,Fear,2,6,2,6,2,6,2,6,2,2
1649,4,Sad,4,4,4,4,4,4,4,4,4,4
1650,3,Happy,3,3,3,3,3,3,3,3,3,3
1651,2,Fear,3,3,3,3,3,3,3,3,3,3
1652,3,Happy,3,3,3,3,3,3,3,3,3,3
1653,6,Neutral,6,5,6,2,6,5,6,2,6,2
1654,4,Sad,6,6,6,6,6,6,6,6,6,6
1655,4,Sad,4,4,4,4,4,4,4,4,4,4
1656,6,Neutral,0,0,0,0,0,0,0,0,2,0
1657,6,Neutral,6,4,6,4,4,6,6,4,6,4
1658,6,Neutral,6,6,6,6,6,6,6,6,6,6
1659,5,Surprise,0,6,0,6,2,6,0,0,0,5
1660,1,Disgust,1,1,1,1,1,1,1,1,1,1
1661,6,Neutral,3,3,3,3,3,3,3,3,3,3
1662,6,Neutral,4,4,4,4,4,4,4,4,4,4
1663,3,Happy,3,3,3,3,3,3,3,3,3,3
1664,6,Neutral,4,4,4,4,4,4,4,4,4,4
1665,6,Neutral,6,6,6,6,6,6,6,6,6,6
1666,2,Fear,2,0,3,0,3,3,2,0,3,0
1667,6,Neutral,4,6,4,6,4,6,2,6,2,6
1668,4,Sad,4,4,4,4,4,0,4,4,4,4
1669,4,Sad,4,4,4,4,4,4,4,4,4,4
1670,6,Neutral,4,4,4,4,4,6,4,4,4,4
1671,3,Happy,3,0,3,0,3,0,3,0,3,0
1672,2,Fear,4,6,4,6,4,4,4,6,4,6
1673,0,Angry,3,3,3,3,3,3,3,3,3,3
1674,4,Sad,4,4,4,1,4,1,4,0,4,1
1675,0,Angry,0,0,0,0,0,0,0,0,0,0
1676,6,Neutral,6,6,6,6,6,6,6,6,6,6
1677,6,Neutral,6,6,6,6,6,6,6,3,6,6
1678,5,Surprise,5,5,5,5,5,5,5,5,5,5
1679,5,Surprise,5,5,5,5,5,5,5,5,5,5
1680,4,Sad,2,2,2,2,2,2,2,2,2,2
1681,5,Surprise,5,5,5,5,5,5,5,5,5,5
1682,3,Happy,6,6,6,6,6,6,6,6,6,6
1683,3,Happy,3,3,3,3,3,3,3,3,3,3
1684,5,Surprise,5,5,5,5,5,5,5,5,5,5
1685,0,Angry,0,0,0,0,0,0,0,0,0,0
1686,6,Neutral,6,6,6,6,6,6,6,6,6,6
1687,2,Fear,6,6,6,6,6,6,6,6,6,6
1688,6,Neutral,6,6,6,3,6,0,6,3,6,3
1689,0,Angry,4,4,4,4,4,6,4,4,4,4
1690,0,Angry,0,0,0,0,0,0,0,0,0,0
1691,3,Happy,3,3,3,3,3,3,3,3,3,3
1692,3,Happy,3,3,3,3,3,3,3,3,3,3
1693,4,Sad,4,4,4,4,4,4,4,4,4,4
1694,3,Happy,3,3,3,3,3,3,3,3,3,3
1695,4,Sad,4,4,4,4,4,0,4,2,4,4
1696,1,Disgust,1,1,1,1,0,1,1,1,1,1
1697,3,Happy,3,3,3,3,3,3,3,3,3,3
1698,3,Happy,3,3,3,3,3,3,3,3,3,3
1699,6,Neutral,6,6,6,6,3,5,6,6,6,6
1700,3,Happy,0,0,0,4,0,0,0,4,2,4
1701,4,Sad,2,2,2,2,2,2,2,2,2,2
1702,4,Sad,6,0,6,0,6,0,2,0,2,0
1703,5,Surprise,5,5,5,5,5,5,5,5,5,5
1704,0,Angry,2,2,2,2,2,2,2,2,2,2
1705,3,Happy,3,3,3,3,3,3,3,3,3,3
1706,0,Angry,0,0,0,0,0,0,0,0,0,0
1707,3,Happy,3,3,3,3,3,3,3,3,3,3
1708,3,Happy,3,3,3,3,3,3,3,3,3,3
1709,4,Sad,4,4,4,4,4,4,4,4,4,4
1710,6,Neutral,6,4,4,6,6,6,4,4,4,4
1711,0,Angry,0,0,0,0,0,0,0,0,0,0
1712,4,Sad,6,6,6,6,6,6,6,6,6,6
1713,6,Neutral,6,6,6,6,6,6,6,6,6,6
1714,5,Surprise,6,5,3,5,6,5,6,5,6,5
1715,3,Happy,3,3,3,3,3,3,3,3,3,3
1716,3,Happy,3,3,3,3,3,3,3,3,3,3
1717,6,Neutral,6,6,6,6,6,4,6,6,6,6
1718,5,Surprise,5,5,5,5,5,5,5,5,5,5
1719,1,Disgust,1,1,1,1,1,1,1,1,1,1
1720,6,Neutral,4,4,4,4,4,4,4,4,4,4
1721,0,Angry,2,0,2,0,2,0,2,0,2,0
1722,3,Happy,3,3,3,3,3,0,3,0,3,0
1723,4,Sad,4,4,4,4,4,4,4,4,4,4
1724,4,Sad,0,0,0,0,4,4,0,0,0,0
1725,4,Sad,6,6,6,6,6,6,6,6,6,6
1726,4,Sad,4,4,4,4,4,4,4,4,4,4
1727,3,Happy,3,3,3,3,3,3,3,3,3,3
1728,3,Happy,3,3,3,3,3,3,3,6,3,3
1729,4,Sad,4,4,4,4,4,4,4,4,4,4
1730,4,Sad,4,4,4,4,4,4,4,4,4,4
1731,4,Sad,4,6,4,0,2,0,4,6,4,6
1732,6,Neutral,6,6,3,6,3,3,3,6,3,6
1733,4,Sad,2,2,2,2,2,4,2,2,2,2
1734,3,Happy,3,3,3,3,3,3,3,5,3,3
1735,4,Sad,4,4,4,2,4,2,4,4,4,4
1736,0,Angry,0,2,0,2,0,3,0,2,0,2
1737,0,Angry,0,0,0,0,0,0,0,0,0,0
1738,0,Angry,0,0,0,0,0,2,0,0,0,0
1739,5,Surprise,5,5,5,5,5,5,5,5,5,5
1740,3,Happy,3,3,3,3,3,3,3,3,3,3
1741,6,Neutral,6,0,6,0,2,6,0,0,0,0
1742,5,Surprise,5,5,5,5,5,5,5,5,5,5
1743,3,Happy,3,3,3,3,3,3,3,3,3,3
1744,5,Surprise,5,2,2,2,5,5,2,2,2,2
1745,6,Neutral,6,6,3,0,6,4,6,0,4,6
1746,4,Sad,4,2,4,2,4,4,4,2,4,2
1747,0,Angry,2,6,2,6,2,6,2,6,2,6
1748,6,Neutral,6,6,6,6,6,6,6,6,6,6
1749,0,Angry,0,0,0,1,0,1,0,0,0,0
1750,2,Fear,2,2,2,2,2,2,2,2,2,2
1751,0,Angry,0,0,0,0,0,0,0,0,0,0
1752,5,Surprise,5,5,5,5,5,5,5,5,5,5
1753,4,Sad,2,4,4,0,4,0,2,4,2,4
1754,3,Happy,3,3,3,3,3,3,3,3,3,3
1755,2,Fear,2,2,2,4,4,4,2,4,2,4
1756,2,Fear,2,2,2,2,0,2,2,2,2,2
1757,4,Sad,4,4,4,4,4,4,6,4,3,4
1758,2,Fear,4,6,4,2,4,6,4,2,4,2
1759,2,Fear,5,5,5,5,5,5,5,5,5,5
1760,4,Sad,4,4,4,4,4,2,4,4,4,4
1761,0,Angry,0,0,0,0,6,0,0,0,0,0
1762,3,Happy,4,6,4,6,4,4,4,6,4,6
1763,6,Neutral,4,4,4,4,4,6,4,4,4,4
1764,4,Sad,2,2,2,2,4,2,2,2,2,2
1765,6,Neutral,0,6,0,4,6,6,0,4,0,4
1766,2,Fear,6,4,6,4,4,4,6,4,6,4
1767,3,Happy,5,5,5,5,5,5,5,5,5,5
1768,3,Happy,3,3,3,3,3,3,3,3,3,3
1769,3,Happy,3,3,3,3,3,3,3,3,3,3
1770,0,Angry,2,2,2,2,2,0,2,2,2,2
1771,2,Fear,2,2,2,2,2,2,2,2,2,2
1772,6,Neutral,2,3,2,3,0,3,2,3,2,3
1773,2,Fear,2,2,2,2,2,2,2,2,2,2
1774,6,Neutral,3,3,3,3,3,3,3,3,3,3
1775,0,Angry,3,3,0,3,3,3,0,3,0,3
1776,6,Neutral,6,6,6,6,6,6,6,6,6,6
1777,0,Angry,0,0,0,0,0,0,0,0,0,0
1778,4,Sad,0,0,0,0,0,0,0,0,0,0
1779,6,Neutral,2,2,2,2,2,2,2,2,2,2
1780,5,Surprise,5,5,5,5,5,5,5,5,5,5
1781,0,Angry,6,6,6,0,6,6,6,0,6,0
1782,2,Fear,2,2,2,2,2,2,2,2,2,2
1783,2,Fear,0,0,0,0,4,2,0,4,0,4
1784,0,Angry,2,2,2,2,2,2,2,2,2,2
1785,3,Happy,3,3,3,3,3,3,3,3,3,3
1786,5,Surprise,5,5,5,5,5,5,5,5,5,5
1787,3,Happy,3,3,3,3,3,3,3,3,3,3
1788,0,Angry,0,0,0,0,0,0,0,0,0,0
1789,3,Happy,3,3,3,3,3,3,3,3,3,3
1790,1,Disgust,1,1,1,1,1,1,1,1,1,1
1791,3,Happy,3,3,3,3,3,3,3,3,3,3
1792,2,Fear,2,2,4,2,4,6,4,2,4,2
1793,5,Surprise,5,5,5,5,5,5,5,5,5,5
1794,0,Angry,0,4,0,4,4,4,0,4,0,4
1795,4,Sad,0,4,0,4,0,4,0,4,0,4
1796,4,Sad,6,6,6,6,6,6,6,6,6,6
1797,0,Angry,0,0,0,0,0,0,0,0,0,0
1798,5,Surprise,5,5,5,5,5,5,5,5,5,5
1799,0,Angry,0,0,0,0,0,0,0,0,0,0
1800,0,Angry,0,0,0,0,0,3,0,0,0,0
1801,6,Neutral,6,6,3,6,6,6,3,6,6,6
1802,4,Sad,4,4,4,4,4,0,4,4,4,4
1803,6,Neutral,3,6,3,6,3,3,3,3,3,3
1804,5,Surprise,5,5,5,5,5,5,5,5,5,5
1805,0,Angry,4,2,4,2,4,4,4,2,4,2
1806,6,Neutral,3,6,3,6,3,6,3,6,3,6
1807,3,Happy,6,6,6,6,6,6,3,6,6,6
1808,3,Happy,3,3,3,3,3,3,3,3,3,3
1809,5,Surprise,5,5,5,5,5,5,5,5,5,5
1810,4,Sad,2,4,2,4,4,4,2,4,2,4
1811,5,Surprise,2,5,2,5,2,5,2,5,2,5
1812,3,Happy,3,3,3,3,3,3,3,3,3,3
1813,6,Neutral,0,6,0,6,6,6,0,6,0,6
1814,4,Sad,4,4,4,4,1,4,4,4,4,4
1815,2,Fear,2,2,2,2,2,2,2,2,2,2
1816,4,Sad,0,6,0,6,6,6,0,6,0,6
1817,0,Angry,0,0,0,0,0,0,0,0,0,0
1818,6,Neutral,6,6,6,6,6,6,6,6,6,6
1819,6,Neutral,5,2,2,2,2,2,2,2,2,2
1820,4,Sad,4,4,4,4,4,6,4,4,4,4
1821,6,Neutral,4,4,4,4,4,4,4,4,4,4
1822,3,Happy,3,3,3,3,3,3,3,3,3,3
1823,2,Fear,1,0,0,0,4,0,0,0,0,0
1824,3,Happy,0,3,0,3,0,3,0,3,0,3
1825,6,Neutral,6,6,6,6,6,0,6,6,6,6
1826,0,Angry,0,0,0,0,0,0,2,0,2,0
1827,3,Happy,6,6,6,3,6,3,6,3,6,3
1828,5,Surprise,5,5,5,5,5,5,5,5,5,5
1829,2,Fear,0,0,0,4,0,4,0,0,0,1
1830,6,Neutral,6,6,6,6,6,6,6,6,6,6
1831,4,Sad,4,6,4,6,4,6,4,6,4,6
1832,4,Sad,6,6,6,6,6,6,6,6,6,6
1833,3,Happy,3,3,3,3,3,3,3,3,3,3
1834,6,Neutral,6,6,6,6,6,6,6,6,4,6
1835,0,Angry,4,4,4,4,4,4,4,4,4,4
1836,0,Angry,0,0,0,0,0,0,0,0,0,0
1837,6,Neutral,6,4,6,2,4,4,4,4,6,2
1838,6,Neutral,6,6,6,6,6,6,6,6,6,6
1839,0,Angry,0,0,0,0,0,0,0,0,0,0
1840,2,Fear,3,6,3,6,3,6,3,6,3,6
1841,1,Disgust,1,1,1,1,1,1,1,1,1,1
1842,6,Neutral,6,6,6,6,6,6,6,6,6,6
1843,4,Sad,2,6,2,6,2,6,2,3,2,6
1844,6,Neutral,6,4,4,4,4,4,4,4,4,4
1845,3,Happy,6,3,6,3,6,4,6,3,6,3
1846,2,Fear,4,2,4,4,6,4,4,4,4,4
1847,2,Fear,2,4,2,4,4,2,4,4,2,4
1848,4,Sad,2,4,2,4,6,4,2,4,2,4
1849,2,Fear,4,3,4,3,4,1,4,3,4,3
1850,6,Neutral,3,3,3,6,3,3,3,6,3,6
1851,3,Happy,3,3,3,3,3,3,3,3,3,3
1852,6,Neutral,6,6,6,6,6,6,6,6,6,6
1853,2,Fear,4,2,4,2,4,2,4,2,4,2
1854,0,Angry,0,0,0,0,0,0,0,0,0,0
1855,2,Fear,2,2,2,2,2,2,2,2,2,2
1856,4,Sad,4,2,4,4,4,2,4,2,4,2
1857,6,Neutral,6,3,6,3,3,3,6,3,6,3
1858,5,Surprise,5,5,5,5,5,5,5,5,5,5
1859,5,Surprise,5,5,5,5,5,2,5,5,5,5
1860,3,Happy,3,3,3,3,3,3,3,3,3,3
1861,2,Fear,6,4,6,4,6,4,6,4,6,4
1862,3,Happy,3,3,3,3,3,3,3,3,3,3
1863,3,Happy,6,6,6,6,6,6,6,6,6,6
1864,5,Surprise,5,5,5,5,5,5,5,5,5,5
1865,5,Surprise,5,5,5,5,5,5,5,5,5,5
1866,4,Sad,4,4,0,4,0,4,0,4,0,4
1867,4,Sad,4,6,4,6,4,6,4,6,4,6
1868,3,Happy,3,3,3,3,3,3,3,3,3,3
1869,2,Fear,2,2,2,2,2,4,2,2,2,2
1870,2,Fear,2,2,2,2,2,2,2,2,2,2
1871,3,Happy,2,2,2,2,2,3,2,2,2,2
1872,6,Neutral,6,6,6,6,6,6,6,6,6,6
1873,3,Happy,3,3,3,3,3,3,3,3,3,3
1874,6,Neutral,4,2,2,2,2,4,2,2,2,2
1875,0,Angry,3,3,3,3,3,2,3,3,3,3
1876,3,Happy,3,3,3,3,3,3,3,3,3,3
1877,5,Surprise,5,5,5,5,5,5,5,5,5,5
1878,3,Happy,3,3,3,3,3,3,3,3,3,3
1879,4,Sad,4,4,4,4,4,4,4,4,4,4
1880,0,Angry,0,0,0,0,0,0,0,0,0,0
1881,5,Surprise,5,5,5,5,5,5,5,5,5,5
1882,5,Surprise,5,5,3,5,3,5,3,5,2,5
1883,0,Angry,3,3,3,3,3,3,3,3,3,3
1884,0,Angry,2,4,2,4,2,4,2,4,2,2
1885,2,Fear,2,2,2,2,2,5,2,2,2,2
1886,4,Sad,4,4,4,4,4,4,4,4,4,4
1887,5,Surprise,5,5,5,5,5,5,5,5,5,5
1888,5,Surprise,5,5,5,5,5,5,5,5,5,5
1889,5,Surprise,5,5,5,5,5,5,5,5,5,5
1890,0,Angry,5,2,2,2,5,2,1,2,2,2
1891,6,Neutral,6,6,2,4,2,6,2,6,2,6
1892,1,Disgust,1,0,1,1,1,0,1,1,1,1
1893,4,Sad,4,0,4,0,4,0,4,0,4,0
1894,3,Happy,3,0,6,0,6,0,6,0,6,3
1895,3,Happy,3,3,3,3,2,2,4,3,3,3
1896,0,Angry,0,0,0,0,0,0,0,0,0,0
1897,2,Fear,2,2,2,2,2,2,2,2,2,2
1898,4,Sad,4,4,6,3,4,4,6,3,6,4
1899,3,Happy,3,3,3,3,3,3,3,3,3,3
1900,0,Angry,2,2,6,2,6,6,2,2,2,2
1901,3,Happy,3,3,3,3,3,3,3,3,3,3
1902,4,Sad,4,4,4,4,4,4,4,4,4,4
1903,5,Surprise,5,5,2,5,4,6,2,2,2,3
1904,6,Neutral,4,3,3,3,3,3,3,3,3,3
1905,6,Neutral,6,6,6,6,6,6,6,0,6,6
1906,6,Neutral,6,6,6,6,6,6,6,6,6,6
1907,6,Neutral,6,6,6,6,6,6,6,6,6,6
1908,4,Sad,2,3,2,2,2,4,2,0,2,0
1909,6,Neutral,2,6,2,6,2,6,2,6,2,6
1910,0,Angry,0,0,0,0,0,0,0,0,0,0
1911,5,Surprise,2,5,5,5,5,5,5,5,5,5
1912,2,Fear,4,4,4,4,4,4,4,4,4,4
1913,6,Neutral,4,4,2,4,6,6,2,4,2,4
1914,5,Surprise,2,2,2,2,2,2,2,2,2,2
1915,6,Neutral,6,6,6,6,6,6,6,6,6,6
1916,5,Surprise,5,5,5,5,5,5,5,5,5,5
1917,3,Happy,6,3,6,3,6,3,6,3,6,3
1918,0,Angry,2,2,2,2,0,4,2,2,2,2
1919,5,Surprise,5,5,5,5,5,5,5,5,5,5
1920,2,Fear,2,2,2,2,2,6,2,2,2,2
1921,5,Surprise,5,5,5,5,5,5,5,5,5,5
1922,0,Angry,4,4,4,4,4,4,4,4,4,4
1923,4,Sad,2,2,2,2,2,0,2,2,2,2
1924,4,Sad,4,4,4,4,4,4,4,4,4,4
1925,4,Sad,6,2,2,2,2,5,2,2,2,2
1926,3,Happy,3,3,3,3,3,0,3,3,3,3
1927,3,Happy,3,3,3,3,3,3,3,3,3,3
1928,3,Happy,3,3,3,3,3,3,3,3,3,3
1929,2,Fear,6,6,6,6,6,4,6,6,6,6
1930,1,Disgust,0,0,0,1,1,4,0,0,0,1
1931,5,Surprise,5,5,5,5,5,5,5,5,5,5
1932,2,Fear,2,2,2,2,2,2,2,2,2,2
1933,6,Neutral,4,1,4,1,4,1,4,1,4,1
1934,6,Neutral,6,6,6,6,6,6,6,6,6,6
1935,5,Surprise,5,5,5,5,5,5,5,5,5,5
1936,4,Sad,6,6,6,6,6,6,6,6,6,6
1937,3,Happy,3,3,3,3,3,3,3,3,3,3
1938,6,Neutral,6,6,6,6,6,6,6,6,6,6
1939,5,Surprise,5,5,5,5,5,5,5,5,5,5
1940,0,Angry,3,6,3,6,3,3,3,6,3,6
1941,4,Sad,4,3,4,4,4,4,4,4,4,4
1942,3,Happy,3,3,3,3,3,3,3,3,3,3
1943,3,Happy,3,3,3,3,3,3,3,3,3,3
1944,4,Sad,4,4,4,4,4,3,4,6,4,4
1945,4,Sad,0,5,0,5,0,1,0,5,0,5
1946,4,Sad,4,0,4,0,4,0,0,0,4,0
1947,4,Sad,2,2,2,2,2,2,2,2,2,2
1948,2,Fear,2,2,2,2,2,2,2,2,2,2
1949,5,Surprise,5,5,5,5,5,5,5,5,5,5
1950,4,Sad,3,4,3,4,4,4,3,0,3,4
1951,2,Fear,6,6,6,4,6,6,6,4,6,4
1952,3,Happy,6,6,6,6,6,6,6,6,6,6
1953,6,Neutral,6,6,6,6,6,6,6,6,6,6
1954,3,Happy,3,3,3,3,3,3,3,3,3,3
1955,3,Happy,4,3,3,3,6,4,4,3,3,3
1956,4,Sad,4,6,4,3,4,0,4,3,4,3
1957,6,Neutral,6,6,6,6,6,6,6,2,6,2
1958,3,Happy,3,3,3,3,3,3,3,3,3,3
1959,3,Happy,3,3,3,3,3,3,3,3,3,3
1960,5,Surprise,5,5,5,5,5,5,5,5,5,5
1961,3,Happy,3,6,3,6,3,6,3,6,3,6
1962,4,Sad,4,4,4,4,0,4,4,4,4,4
1963,3,Happy,3,3,2,3,4,3,4,3,4,3
1964,0,Angry,4,0,1,0,1,4,4,4,1,0
1965,4,Sad,4,6,2,2,0,4,2,6,2,6
1966,3,Happy,3,3,3,3,3,3,3,3,3,3
1967,3,Happy,6,3,6,3,6,3,6,3,3,3
1968,6,Neutral,3,2,3,5,6,6,3,6,3,4
1969,3,Happy,3,3,3,3,3,3,3,3,3,3
1970,3,Happy,3,3,3,3,3,3,3,3,3,3
1971,2,Fear,4,4,4,4,4,4,4,4,4,4
1972,5,Surprise,5,5,5,5,5,2,5,5,5,5
1973,3,Happy,3,3,3,3,3,3,3,3,3,3
1974,3,Happy,3,3,3,3,3,3,3,3,3,3
1975,6,Neutral,6,6,6,6,6,6,6,6,6,6
1976,0,Angry,4,5,4,5,4,2,4,5,4,5
1977,6,Neutral,6,6,6,6,6,6,6,6,6,6
1978,2,Fear,0,4,2,4,0,2,0,4,0,2
1979,3,Happy,3,3,3,3,3,3,3,3,3,3
1980,3,Happy,6,6,6,6,6,6,6,6,6,6
1981,0,Angry,2,5,4,5,2,0,4,5,4,3
1982,4,Sad,2,4,2,2,2,2,2,2,2,2
1983,6,Neutral,0,4,0,4,6,6,0,4,0,6
1984,3,Happy,3,3,3,3,3,3,3,3,3,3
1985,0,Angry,6,4,2,4,2,4,2,4,2,4
1986,2,Fear,4,4,4,4,2,2,4,4,2,4
1987,0,Angry,0,0,0,0,0,0,0,0,0,0
1988,3,Happy,3,3,3,3,3,3,3,3,3,3
1989,3,Happy,0,3,0,3,0,3,0,3,0,3
1990,2,Fear,6,6,2,4,2,4,6,4,2,4
1991,3,Happy,5,5,5,5,5,5,5,5,5,5
1992,4,Sad,4,6,0,6,4,6,4,6,4,6
1993,4,Sad,4,4,4,4,4,4,4,4,4,4
1994,6,Neutral,6,6,6,6,6,6,6,6,6,6
1995,3,Happy,3,3,3,3,3,3,3,3,3,3
1996,4,Sad,6,6,6,6,6,6,6,6,6,6
1997,2,Fear,6,2,0,4,6,4,0,2,0,2
1998,6,Neutral,6,6,6,6,6,6,6,6,6,6
1999,6,Neutral,6,6,6,4,6,4,6,6,6,6
2000,0,Angry,0,0,0,0,0,0,0,0,0,0
2001,3,Happy,3,3,3,3,3,3,3,3,3,3
2002,4,Sad,2,6,2,4,2,6,2,4,2,4
2003,4,Sad,4,4,4,4,4,4,4,4,4,4
2004,6,Neutral,0,6,0,6,4,6,0,6,0,6
2005,5,Surprise,5,5,5,5,5,5,5,5,5,5
2006,4,Sad,6,4,0,4,0,4,0,4,0,4
2007,2,Fear,2,4,2,4,4,2,2,4,2,4
2008,6,Neutral,6,6,6,6,4,2,6,6,6,6
2009,6,Neutral,2,0,2,0,3,4,2,0,3,0
2010,1,Disgust,1,1,1,1,1,1,1,1,1,1
2011,3,Happy,3,3,3,3,3,3,3,3,3,3
2012,2,Fear,2,2,2,2,2,2,2,2,2,2
2013,6,Neutral,6,2,4,4,2,2,4,4,4,4
2014,2,Fear,2,2,2,2,2,2,2,2,2,2
2015,3,Happy,6,6,6,6,6,6,6,6,6,6
2016,5,Surprise,5,5,5,5,5,5,5,5,5,5
2017,5,Surprise,5,5,5,5,5,5,5,5,5,5
2018,2,Fear,4,4,4,4,2,1,4,4,4,4
2019,3,Happy,4,6,4,4,4,4,4,4,4,6
2020,2,Fear,2,2,2,2,2,2,2,2,2,2
2021,3,Happy,3,3,3,3,3,3,3,3,3,3
2022,4,Sad,4,4,4,4,4,2,4,4,4,4
2023,2,Fear,2,0,0,2,6,4,0,2,0,2
2024,2,Fear,2,2,2,2,2,2,2,2,2,2
2025,3,Happy,3,3,3,3,3,3,3,3,3,3
2026,2,Fear,0,0,0,0,0,0,0,0,0,0
2027,6,Neutral,0,0,0,0,0,0,0,0,0,0
2028,3,Happy,3,3,3,3,3,3,3,3,3,3
2029,3,Happy,3,3,3,3,3,3,3,3,3,3
2030,5,Surprise,0,0,0,0,0,0,0,4,0,0
2031,4,Sad,5,5,5,5,5,5,5,5,5,5
2032,3,Happy,0,4,0,4,4,4,0,4,0,4
2033,0,Angry,0,0,0,0,0,0,0,0,0,0
2034,4,Sad,2,4,2,2,2,2,2,4,2,4
2035,2,Fear,4,6,4,4,4,4,6,6,4,6
2036,0,Angry,3,0,3,0,0,0,0,0,3,0
2037,0,Angry,0,6,0,6,0,6,0,6,0,6
2038,2,Fear,2,2,2,2,2,2,2,2,2,2
2039,2,Fear,2,2,2,2,2,3,2,2,2,2
2040,3,Happy,3,3,3,3,3,3,3,3,3,3
2041,4,Sad,0,4,0,4,0,0,0,4,0,4
2042,5,Surprise,5,5,5,5,5,5,5,5,5,5
2043,4,Sad,4,4,4,4,3,4,4,4,4,4
2044,2,Fear,2,2,2,2,1,2,2,2,2,2
2045,2,Fear,6,4,6,0,4,4,6,0,6,0
2046,3,Happy,3,3,3,3,3,3,3,3,3,3
2047,0,Angry,5,4,6,4,6,4,6,4,5,4
2048,4,Sad,6,6,2,6,3,6,6,6,2,6
2049,2,Fear,2,2,2,2,2,2,2,2,2,2
2050,0,Angry,0,0,0,0,0,0,0,0,0,0
2051,3,Happy,3,3,3,3,3,3,3,3,3,3
2052,1,Disgust,1,1,1,1,1,1,1,1,1,1
2053,6,Neutral,4,6,6,6,6,4,4,4,4,6
2054,4,Sad,6,4,6,4,6,6,6,4,6,4
2055,4,Sad,4,2,4,2,2,4,4,2,4,2
2056,6,Neutral,6,3,6,6,3,3,6,6,6,6
2057,6,Neutral,4,6,4,6,4,3,4,6,4,6
2058,4,Sad,4,4,4,4,4,4,4,4,4,4
2059,3,Happy,3,3,3,3,3,3,3,3,3,3
2060,5,Surprise,5,5,5,5,5,5,5,5,5,5
2061,2,Fear,2,2,2,2,2,2,2,2,2,2
2062,3,Happy,3,3,3,3,3,3,3,3,3,3
2063,3,Happy,0,3,3,3,0,3,0,3,3,3
2064,1,Disgust,1,1,1,1,1,1,1,1,1,1
2065,2,Fear,0,2,2,2,0,0,2,2,2,2
2066,6,Neutral,6,6,6,6,6,0,6,6,6,6
2067,4,Sad,0,2,0,2,4,0,0,2,4,2
2068,3,Happy,2,3,2,3,5,3,2,3,2,3
2069,5,Surprise,5,5,5,5,5,5,5,5,5,5
2070,3,Happy,3,3,3,3,3,3,3,3,3,3
2071,3,Happy,3,3,3,3,3,3,3,3,3,3
2072,1,Disgust,1,1,1,1,1,6,1,1,1,1
2073,6,Neutral,6,6,2,6,6,4,6,6,2,6
2074,0,Angry,0,0,0,0,0,0,0,0,0,0
2075,4,Sad,2,6,2,6,2,6,2,6,4,6
2076,4,Sad,2,4,2,4,4,2,2,4,2,4
2077,6,Neutral,4,4,4,4,4,4,2,4,2,4
2078,5,Surprise,5,5,5,5,5,5,5,5,5,5
2079,6,Neutral,0,0,0,0,0,0,0,0,0,0
2080,4,Sad,0,0,4,2,4,0,1,2,4,2
2081,5,Surprise,5,5,5,5,5,5,5,5,5,5
2082,4,Sad,4,4,4,4,4,4,4,4,4,4
2083,5,Surprise,5,5,5,5,4,5,6,5,6,5
2084,3,Happy,6,6,3,6,6,6,3,6,3,6
2085,6,Neutral,2,2,2,2,2,4,2,2,2,2
2086,3,Happy,3,3,3,3,3,3,3,3,3,3
2087,3,Happy,3,3,3,3,3,3,3,3,3,3
2088,0,Angry,0,0,0,0,0,0,0,0,0,0
2089,2,Fear,0,6,6,6,2,6,6,6,6,6
2090,2,Fear,0,0,0,0,4,0,0,0,0,0
2091,4,Sad,4,6,0,6,4,6,0,0,0,6
2092,3,Happy,3,3,3,3,3,3,3,3,3,3
2093,3,Happy,3,3,3,3,3,3,3,3,3,3
2094,2,Fear,2,0,2,0,0,4,2,0,2,0
2095,3,Happy,3,3,3,3,3,3,3,3,3,3
2096,3,Happy,3,3,3,3,3,3,6,3,3,3
2097,2,Fear,3,3,3,4,3,3,3,3,3,3
2098,3,Happy,3,3,3,3,3,5,3,3,3,3
2099,3,Happy,0,0,0,0,0,0,0,0,0,0
2100,6,Neutral,4,6,4,6,6,6,4,6,4,6
2101,4,Sad,4,4,4,4,4,4,4,4,4,4
2102,5,Surprise,5,5,5,5,5,5,5,5,5,5
2103,3,Happy,3,3,3,0,3,3,3,3,3,0
2104,2,Fear,2,2,2,2,5,2,2,2,5,2
2105,3,Happy,3,3,3,3,3,3,3,3,3,3
2106,0,Angry,0,4,0,4,4,6,0,4,0,4
2107,4,Sad,4,4,4,4,2,4,4,4,4,4
2108,4,Sad,4,4,4,4,4,2,4,4,4,4
2109,4,Sad,4,4,4,4,6,4,4,4,6,4
2110,6,Neutral,2,2,2,2,2,2,2,2,2,2
2111,3,Happy,3,3,3,3,3,3,3,3,3,3
2112,5,Surprise,5,5,5,5,5,5,5,5,5,5
2113,3,Happy,3,3,3,3,3,3,3,3,3,3
2114,3,Happy,3,3,3,3,3,3,3,3,3,3
2115,3,Happy,3,3,3,3,3,3,3,3,3,3
2116,3,Happy,3,3,3,3,3,3,3,3,3,3
2117,3,Happy,3,3,3,3,3,3,3,3,3,3
2118,3,Happy,3,3,3,3,3,3,3,3,3,3
2119,1,Disgust,1,1,1,1,1,1,1,1,1,1
2120,2,Fear,2,2,2,2,2,2,2,2,2,2
2121,3,Happy,3,3,3,3,3,3,3,3,3,3
2122,0,Angry,0,0,0,0,0,3,0,0,0,0
2123,3,Happy,3,3,3,3,3,3,3,3,3,3
2124,4,Sad,6,6,6,6,6,6,6,6,6,6
2125,0,Angry,0,0,0,0,0,0,0,0,0,0
2126,3,Happy,3,3,3,3,3,3,3,3,3,3
2127,3,Happy,3,3,3,3,3,3,5,3,3,3
2128,3,Happy,3,3,3,3,3,3,3,3,3,3
2129,4,Sad,4,4,6,4,2,4,2,4,2,4
2130,4,Sad,4,4,4,3,4,4,4,4,4,4
2131,2,Fear,4,2,4,4,4,4,4,4,4,4
2132,6,Neutral,6,6,6,6,6,6,6,6,6,6
2133,3,Happy,3,3,3,3,3,3,3,3,3,3
2134,6,Neutral,6,6,2,6,2,6,4,6,4,6
2135,6,Neutral,6,6,6,6,6,6,6,6,6,6
2136,0,Angry,0,0,0,0,0,0,0,0,0,0
2137,4,Sad,4,4,4,4,0,0,4,4,4,4
2138,0,Angry,2,4,4,4,2,4,4,4,4,4
2139,3,Happy,3,3,3,3,3,3,3,3,3,3
2140,3,Happy,3,3,3,3,3,3,3,3,3,3
2141,6,Neutral,6,6,6,6,4,6,6,6,6,6
2142,3,Happy,3,3,3,3,3,3,3,3,3,3
2143,0,Angry,0,0,0,0,0,0,0,0,0,0
2144,4,Sad,0,0,4,0,0,0,4,0,4,0
2145,3,Happy,3,3,3,3,3,3,3,3,3,3
2146,3,Happy,3,3,3,3,3,3,3,3,3,3
2147,3,Happy,6,6,3,6,3,6,3,6,3,6
2148,2,Fear,2,2,2,2,2,2,2,2,2,2
2149,1,Disgust,1,1,1,1,1,2,1,1,1,1
2150,3,Happy,3,3,3,3,3,3,3,3,3,3
2151,6,Neutral,6,6,6,6,6,6,6,6,6,6
2152,3,Happy,3,3,3,3,3,3,3,3,3,3
2153,5,Surprise,2,5,6,6,6,6,6,5,6,6
2154,4,Sad,4,2,6,2,4,4,4,2,6,2
2155,3,Happy,3,3,3,3,3,3,3,3,3,3
2156,3,Happy,3,5,3,5,3,5,3,3,3,5
2157,5,Surprise,5,5,2,5,5,5,5,5,2,5
2158,4,Sad,4,4,4,4,4,4,4,4,4,4
2159,5,Surprise,4,5,4,5,4,4,4,5,4,5
2160,6,Neutral,6,6,6,6,6,6,6,6,6,6
2161,3,Happy,3,3,3,3,3,3,3,3,3,3
2162,3,Happy,3,3,3,3,3,3,3,3,3,3
2163,0,Angry,0,0,0,0,0,0,0,0,0,0
2164,5,Surprise,5,5,5,5,5,5,5,5,5,5
2165,3,Happy,3,3,3,3,3,3,3,3,3,3
2166,3,Happy,3,3,3,3,3,3,3,3,3,3
2167,5,Surprise,5,5,5,5,5,5,5,5,5,5
2168,6,Neutral,0,2,0,0,0,4,0,0,0,2
2169,2,Fear,6,4,6,4,6,4,6,4,6,4
2170,4,Sad,2,2,2,2,2,2,2,2,2,2
2171,4,Sad,4,4,4,4,4,4,4,4,4,4
2172,3,Happy,3,3,3,3,3,3,3,3,3,3
2173,6,Neutral,0,0,0,0,6,6,4,0,0,0
2174,6,Neutral,6,6,6,6,6,6,6,6,6,6
2175,6,Neutral,6,6,4,6,4,6,6,6,4,4
2176,3,Happy,3,3,3,3,3,3,3,3,3,3
2177,0,Angry,3,2,3,0,3,6,3,0,3,2
2178,0,Angry,0,0,0,0,0,0,0,0,0,0
2179,6,Neutral,4,6,4,6,6,4,4,6,4,6
2180,5,Surprise,4,3,4,3,4,3,4,3,4,3
2181,0,Angry,2,2,2,2,2,0,2,2,2,2
2182,3,Happy,3,3,3,3,3,3,3,3,3,3
2183,4,Sad,6,6,6,6,6,6,6,6,6,6
2184,3,Happy,5,5,5,5,5,5,5,5,5,5
2185,3,Happy,3,3,3,3,3,3,3,3,3,3
2186,2,Fear,3,6,3,6,0,4,3,6,3,6
2187,2,Fear,6,2,6,2,4,4,6,2,6,2
2188,3,Happy,3,3,3,3,3,3,3,3,3,3
2189,4,Sad,6,6,2,6,2,0,2,6,2,6
2190,5,Surprise,5,5,5,5,5,5,5,5,5,5
2191,4,Sad,4,4,0,2,0,0,0,2,0,2
2192,0,Angry,0,0,0,0,0,0,0,0,0,0
2193,3,Happy,3,3,3,3,3,3,3,3,3,3
2194,3,Happy,3,3,3,3,3,3,3,3,3,3
2195,3,Happy,3,3,3,3,3,3,3,3,3,3
2196,0,Angry,6,6,2,6,2,2,2,6,2,6
2197,3,Happy,2,3,2,3,2,3,5,3,5,3
2198,1,Disgust,6,6,1,3,0,6,1,3,3,3
2199,3,Happy,3,3,3,3,3,3,3,3,3,3
2200,3,Happy,6,4,6,4,6,4,6,4,6,4
2201,6,Neutral,6,6,0,4,4,4,0,6,0,6
2202,4,Sad,4,4,4,0,4,4,4,0,4,0
2203,3,Happy,3,3,3,3,3,3,3,3,3,3
2204,4,Sad,4,4,4,4,4,4,4,4,4,4
2205,2,Fear,6,2,6,2,4,2,6,2,6,0
2206,3,Happy,3,3,3,3,3,3,3,3,3,3
2207,6,Neutral,6,6,6,6,6,6,6,6,6,6
2208,3,Happy,6,3,6,3,3,6,6,3,6,6
2209,6,Neutral,6,6,6,6,6,6,6,6,6,6
2210,4,Sad,4,2,4,5,4,4,4,5,4,4
2211,3,Happy,3,3,3,3,3,3,3,3,3,3
2212,3,Happy,3,3,3,3,3,3,3,3,3,3
2213,4,Sad,4,4,4,4,2,4,4,4,4,4
2214,4,Sad,4,6,3,6,6,6,3,6,4,6
2215,5,Surprise,5,0,2,0,2,2,3,0,2,0
2216,2,Fear,2,2,2,2,2,2,2,2,2,2
2217,6,Neutral,6,4,6,4,6,4,6,4,6,4
2218,4,Sad,4,0,0,0,0,0,0,0,0,0
2219,1,Disgust,6,3,1,2,3,6,1,1,1,1
2220,5,Surprise,5,5,5,5,5,5,5,5,5,5
2221,0,Angry,2,2,2,2,2,2,2,2,2,2
2222,0,Angry,0,0,0,0,0,2,2,1,2,1
2223,6,Neutral,6,6,6,6,6,6,6,6,6,6
2224,0,Angry,4,4,4,4,4,4,4,4,4,4
2225,6,Neutral,6,6,6,6,6,6,6,6,6,6
2226,5,Surprise,5,5,5,5,5,5,5,5,5,5
2227,2,Fear,2,2,2,2,2,4,2,2,2,2
2228,6,Neutral,4,4,2,4,0,0,2,4,2,4
2229,3,Happy,3,3,3,3,3,3,3,3,3,3
2230,6,Neutral,6,6,6,6,6,1,6,6,6,6
2231,2,Fear,2,2,2,2,2,2,2,2,2,2
2232,2,Fear,2,4,2,4,2,2,2,4,2,4
2233,3,Happy,6,6,6,6,6,3,6,6,6,6
2234,5,Surprise,5,5,5,5,5,5,5,5,5,5
2235,0,Angry,3,3,3,3,3,3,3,3,3,3
2236,6,Neutral,6,6,6,6,6,6,6,6,6,6
2237,4,Sad,0,0,0,0,0,0,0,0,0,0
2238,2,Fear,2,2,2,2,6,2,2,2,2,2
2239,3,Happy,3,3,3,3,3,3,3,3,3,3
2240,5,Surprise,5,5,5,5,5,6,5,5,5,5
2241,4,Sad,4,4,4,4,4,4,4,4,4,4
2242,3,Happy,3,3,3,3,3,3,3,3,3,3
2243,0,Angry,0,0,0,0,0,0,0,0,0,0
2244,6,Neutral,6,6,6,6,6,6,6,6,6,6
2245,6,Neutral,3,3,3,3,3,3,3,3,3,3
2246,3,Happy,3,3,3,3,3,3,3,3,3,3
2247,2,Fear,0,0,0,0,0,2,0,0,0,0
2248,4,Sad,6,3,4,3,4,3,4,3,4,3
2249,4,Sad,4,4,4,4,4,4,4,4,4,4
2250,6,Neutral,6,6,6,6,6,6,6,6,6,6
2251,3,Happy,3,3,3,3,3,3,3,3,3,3
2252,3,Happy,3,3,3,3,3,3,3,3,3,3
2253,3,Happy,3,3,3,3,3,3,3,3,3,3
2254,4,Sad,4,4,4,4,4,0,4,4,4,4
2255,5,Surprise,0,0,0,0,0,0,0,0,0,0
2256,3,Happy,3,3,3,3,3,3,3,3,3,3
2257,2,Fear,2,2,2,6,4,4,2,6,2,2
2258,0,Angry,4,4,4,4,4,4,4,4,4,4
2259,4,Sad,0,0,0,4,0,0,0,0,0,4
2260,4,Sad,3,3,3,3,3,3,3,3,3,3
2261,3,Happy,3,3,3,3,3,3,3,3,3,3
2262,5,Surprise,5,5,5,5,5,5,5,5,5,5
2263,0,Angry,0,0,0,0,0,0,0,0,0,0
2264,6,Neutral,6,6,6,6,6,6,6,6,6,6
2265,3,Happy,6,3,4,3,4,3,6,3,6,3
2266,3,Happy,3,3,3,3,3,3,3,3,3,3
2267,6,Neutral,0,6,0,0,4,4,0,0,0,0
2268,0,Angry,2,4,2,4,2,4,2,4,2,4
2269,5,Surprise,5,5,5,5,5,5,5,5,5,5
2270,3,Happy,3,3,3,3,3,3,3,3,3,3
2271,4,Sad,0,0,6,0,4,0,6,0,6,0
2272,3,Happy,4,6,4,6,4,6,4,6,4,6
2273,0,Angry,4,4,4,4,4,4,4,4,4,4
2274,2,Fear,6,4,6,4,6,0,6,4,6,4
2275,3,Happy,3,6,3,6,6,6,6,6,3,6
2276,6,Neutral,6,6,6,6,6,6,6,6,6,6
2277,3,Happy,3,3,3,3,3,3,3,3,3,3
2278,6,Neutral,4,6,4,6,3,6,4,6,4,6
2279,4,Sad,4,4,4,4,4,6,4,0,4,4
2280,5,Surprise,5,5,5,5,5,5,5,5,5,5
2281,6,Neutral,3,4,3,4,3,6,3,4,3,4
2282,4,Sad,4,4,4,4,4,4,4,4,4,4
2283,6,Neutral,6,6,6,3,4,6,6,3,6,3
2284,5,Surprise,5,5,5,5,5,5,5,5,5,5
2285,4,Sad,4,4,4,2,4,2,4,2,4,4
2286,3,Happy,3,3,3,3,3,3,3,3,3,3
2287,4,Sad,4,4,4,4,0,6,4,4,4,4
2288,6,Neutral,4,3,4,3,6,3,4,3,4,3
2289,6,Neutral,6,6,6,6,6,6,6,6,6,6
2290,3,Happy,3,3,3,3,3,3,3,3,3,3
2291,3,Happy,3,3,3,3,3,3,3,3,3,3
2292,3,Happy,3,3,3,3,3,3,3,3,3,3
2293,4,Sad,4,2,2,2,2,0,2,2,2,2
2294,3,Happy,3,3,3,3,3,3,3,3,3,3
2295,2,Fear,5,2,2,2,5,0,2,2,2,2
2296,5,Surprise,5,5,5,5,5,5,5,5,5,5
2297,3,Happy,3,3,3,3,3,3,3,3,3,3
2298,2,Fear,6,4,2,4,2,2,2,4,2,4
2299,5,Surprise,5,5,5,5,5,5,5,5,5,5
2300,4,Sad,0,4,0,4,4,2,2,4,0,4
2301,3,Happy,6,6,6,6,6,6,6,6,6,6
2302,3,Happy,3,3,3,3,3,3,3,3,3,3
2303,3,Happy,3,3,3,3,3,3,3,3,3,3
2304,0,Angry,0,0,0,0,0,0,0,0,0,0
2305,2,Fear,2,2,2,4,2,2,2,2,2,2
2306,2,Fear,2,2,2,2,2,2,2,2,2,2
2307,3,Happy,3,4,3,4,3,4,3,4,3,4
2308,3,Happy,3,3,3,3,3,3,3,3,3,3
2309,3,Happy,3,3,3,3,3,3,3,3,3,3
2310,0,Angry,0,0,2,0,0,0,2,0,0,2
2311,3,Happy,3,3,3,3,3,3,3,3,3,3
2312,6,Neutral,6,6,6,6,6,6,6,6,6,6
2313,3,Happy,3,3,3,3,3,3,3,3,3,3
2314,6,Neutral,6,6,6,6,6,6,3,6,6,6
2315,3,Happy,3,3,3,3,3,3,3,3,3,3
2316,4,Sad,4,4,4,2,0,2,4,4,4,2
2317,6,Neutral,6,2,4,2,2,0,6,6,4,2
2318,3,Happy,3,3,3,3,3,3,3,3,3,3
2319,0,Angry,0,0,0,0,0,0,0,0,0,0
2320,3,Happy,3,3,3,3,3,0,3,3,3,3
2321,5,Surprise,5,5,5,5,5,5,5,5,5,5
2322,0,Angry,0,0,0,0,0,0,0,0,0,0
2323,4,Sad,4,6,4,4,4,4,4,4,4,6
2324,0,Angry,6,0,6,2,0,0,6,2,6,2
2325,5,Surprise,3,3,3,3,3,3,3,3,3,3
2326,3,Happy,3,3,3,3,3,3,3,3,3,3
2327,4,Sad,4,4,4,4,4,4,4,4,4,4
2328,5,Surprise,2,2,2,2,2,2,2,2,2,2
2329,6,Neutral,6,6,6,6,6,6,6,6,6,6
2330,3,Happy,3,3,3,3,3,3,3,3,3,3
2331,4,Sad,3,3,3,3,3,3,3,3,3,3
2332,6,Neutral,6,6,6,6,6,6,6,6,6,6
2333,0,Angry,0,0,0,0,0,0,0,0,0,0
2334,3,Happy,6,6,3,6,3,6,3,6,3,6
2335,0,Angry,0,0,0,0,0,0,0,0,0,0
2336,0,Angry,0,0,0,0,0,0,0,0,0,0
2337,2,Fear,4,4,4,4,4,4,4,4,4,4
2338,5,Surprise,5,5,5,5,5,5,5,5,5,5
2339,3,Happy,6,6,6,6,6,2,6,3,6,3
2340,4,Sad,0,0,0,0,0,4,0,0,0,0
2341,6,Neutral,6,6,6,6,6,0,6,6,6,6
2342,3,Happy,3,3,3,3,3,3,3,3,3,3
2343,3,Happy,3,3,3,3,3,3,3,3,3,3
2344,3,Happy,3,3,3,3,3,3,3,3,3,3
2345,5,Surprise,5,5,5,5,5,5,5,5,5,5
2346,5,Surprise,4,2,4,2,6,2,4,2,4,2
2347,3,Happy,3,3,3,3,3,3,3,3,3,3
2348,6,Neutral,0,0,0,0,0,0,0,0,0,0
2349,5,Surprise,5,5,2,5,5,2,5,5,5,5
2350,6,Neutral,6,3,6,3,6,3,6,3,6,3
2351,4,Sad,2,5,2,2,2,2,2,5,2,2
2352,3,Happy,3,3,3,3,3,3,3,3,3,3
2353,3,Happy,3,3,3,3,3,3,3,3,3,3
2354,3,Happy,3,3,3,3,3,3,3,3,3,3
2355,0,Angry,2,2,2,2,2,4,2,2,2,2
2356,4,Sad,4,4,4,3,4,4,4,3,4,3
2357,3,Happy,3,3,3,3,3,3,3,3,3,3
2358,4,Sad,4,4,4,4,4,4,4,4,4,4
2359,4,Sad,0,2,2,2,0,2,0,2,0,2
2360,0,Angry,6,3,6,3,6,3,6,3,6,3
2361,6,Neutral,6,6,6,6,6,4,6,6,6,6
2362,5,Surprise,5,5,5,5,5,5,5,5,5,5
2363,4,Sad,3,0,6,0,0,6,6,0,6,0
2364,6,Neutral,6,6,6,6,6,6,6,6,6,6
2365,3,Happy,3,3,3,4,6,4,3,4,3,4
2366,6,Neutral,6,6,6,6,6,6,6,6,6,6
2367,3,Happy,3,3,3,3,3,3,3,3,3,3
2368,0,Angry,0,2,2,0,0,0,2,2,2,0
2369,4,Sad,4,4,4,4,4,4,4,4,4,4
2370,2,Fear,2,2,2,2,2,2,2,2,2,2
2371,3,Happy,3,3,3,3,3,3,3,3,3,3
2372,0,Angry,0,0,0,0,0,0,0,0,0,6
2373,2,Fear,2,2,2,2,4,2,2,2,4,2
2374,0,Angry,4,4,4,0,4,4,4,0,4,0
2375,3,Happy,3,3,3,3,3,3,3,3,3,3
2376,3,Happy,3,3,3,3,3,3,3,3,3,3
2377,3,Happy,3,3,3,3,3,3,3,3,3,3
2378,3,Happy,3,3,3,3,3,3,3,3,3,3
2379,0,Angry,4,4,4,4,4,6,4,4,4,4
2380,3,Happy,3,3,3,3,3,3,3,3,3,3
2381,2,Fear,5,5,5,5,5,5,5,5,5,5
2382,5,Surprise,3,6,3,6,3,3,5,6,3,6
2383,4,Sad,6,6,6,6,6,6,6,6,6,6
2384,2,Fear,2,2,2,2,2,2,2,2,2,2
2385,4,Sad,3,6,3,4,6,4,2,0,4,0
2386,5,Surprise,5,5,5,5,5,5,5,5,5,5
2387,6,Neutral,6,6,3,6,3,6,3,2,3,6
2388,5,Surprise,5,5,5,5,5,5,5,5,5,5
2389,0,Angry,4,4,6,2,6,4,6,2,6,6
2390,4,Sad,0,0,0,0,0,0,0,0,0,0
2391,0,Angry,0,0,0,0,0,0,0,0,0,0
2392,3,Happy,3,3,3,4,3,3,3,3,3,4
2393,5,Surprise,5,5,5,5,5,5,5,5,5,5
2394,0,Angry,0,0,0,0,0,6,0,0,0,0
2395,4,Sad,6,4,6,4,6,6,6,4,6,4
2396,2,Fear,2,0,2,0,0,0,2,0,2,0
2397,3,Happy,2,6,3,6,2,6,3,6,3,6
2398,2,Fear,6,2,6,6,4,4,6,2,6,2
2399,0,Angry,0,0,0,0,0,0,0,0,0,0
2400,4,Sad,4,4,4,4,4,4,4,4,4,4
2401,6,Neutral,4,6,4,3,4,3,4,3,4,6
2402,4,Sad,0,0,0,0,0,0,0,0,0,0
2403,3,Happy,3,3,3,3,3,3,3,3,3,3
2404,4,Sad,2,4,2,4,4,4,2,4,2,4
2405,2,Fear,6,2,2,2,2,2,2,2,2,2
2406,4,Sad,4,4,4,4,4,4,4,4,4,4
2407,2,Fear,5,2,2,2,2,5,5,2,2,2
2408,4,Sad,1,0,2,0,1,4,1,0,1,0
2409,3,Happy,3,3,3,3,3,3,3,3,3,3
2410,3,Happy,3,3,3,3,3,3,3,3,3,3
2411,0,Angry,0,4,0,0,0,0,0,0,0,0
2412,3,Happy,3,3,3,3,3,3,3,3,3,3
2413,2,Fear,5,6,5,6,5,6,5,6,5,5
2414,6,Neutral,6,6,6,6,6,6,6,6,6,6
2415,3,Happy,3,3,3,3,3,3,3,3,3,3
2416,0,Angry,2,3,2,3,2,3,2,3,2,3
2417,5,Surprise,5,5,5,5,5,5,5,5,5,5
2418,6,Neutral,3,4,3,4,3,4,3,4,3,4
2419,3,Happy,3,3,3,3,3,3,3,3,3,3
2420,6,Neutral,1,0,1,0,0,0,1,0,1,0
2421,2,Fear,2,2,2,2,2,2,2,2,2,2
2422,3,Happy,3,3,3,3,3,3,3,3,3,3
2423,6,Neutral,2,3,4,3,4,3,3,2,3,3
2424,3,Happy,5,3,5,3,5,5,5,3,5,3
2425,3,Happy,5,5,5,5,5,5,5,5,5,5
2426,6,Neutral,6,2,6,2,0,6,6,5,6,5
2427,3,Happy,3,3,3,3,3,3,3,3,3,3
2428,3,Happy,3,3,3,3,3,3,3,3,3,3
2429,0,Angry,0,4,0,4,2,2,0,4,0,4
2430,6,Neutral,6,6,6,6,6,6,6,6,6,6
2431,3,Happy,3,3,3,3,3,3,3,3,3,3
2432,3,Happy,3,3,3,3,3,3,3,3,3,3
2433,0,Angry,2,2,2,2,2,2,2,2,2,2
2434,4,Sad,4,3,3,3,4,3,3,3,3,3
2435,3,Happy,6,2,6,2,2,6,6,2,6,2
2436,3,Happy,3,3,3,3,6,3,3,3,3,3
2437,3,Happy,3,3,3,3,3,3,3,3,3,3
2438,5,Surprise,5,5,5,5,5,5,5,5,5,5
2439,3,Happy,3,3,3,3,3,3,3,3,3,3
2440,4,Sad,6,6,6,6,6,6,6,6,6,6
2441,3,Happy,3,3,3,3,3,3,3,3,3,3
2442,0,Angry,0,0,0,0,0,0,0,0,0,0
2443,0,Angry,0,0,0,0,2,0,0,0,0,0
2444,0,Angry,4,0,4,4,0,6,4,1,0,1
2445,0,Angry,6,6,6,6,6,6,6,6,6,6
2446,2,Fear,2,2,2,5,2,5,2,2,2,5
2447,4,Sad,1,1,1,1,0,0,0,1,0,1
2448,2,Fear,2,2,2,2,2,2,2,2,2,2
2449,4,Sad,4,4,2,4,6,4,2,4,2,4
2450,2,Fear,2,2,2,2,2,2,2,2,2,2
2451,3,Happy,3,3,3,3,3,3,3,3,3,3
2452,4,Sad,2,6,2,4,2,6,2,4,2,4
2453,0,Angry,0,4,0,4,0,0,4,4,0,4
2454,5,Surprise,5,5,5,5,5,5,5,5,5,5
2455,6,Neutral,6,6,6,6,6,6,6,6,6,6
2456,3,Happy,4,6,3,6,3,6,3,6,3,6
2457,4,Sad,4,0,4,0,4,0,4,4,4,4
2458,3,Happy,3,3,5,3,3,3,5,3,5,3
2459,4,Sad,0,4,0,4,0,2,0,4,0,2
2460,6,Neutral,4,4,4,4,4,4,4,4,4,4
2461,3,Happy,3,1,3,1,3,3,0,1,3,1
2462,3,Happy,3,3,3,3,3,3,3,3,3,3
2463,6,Neutral,3,3,3,3,3,3,3,3,3,3
2464,5,Surprise,5,5,2,5,2,2,5,5,2,5
2465,4,Sad,2,4,2,0,2,4,2,0,2,0
2466,4,Sad,4,4,2,4,2,4,2,4,2,4
2467,3,Happy,3,3,3,3,3,3,3,3,3,3
2468,3,Happy,3,3,3,3,3,3,3,3,3,3
2469,3,Happy,6,3,6,3,6,3,6,3,6,3
2470,3,Happy,0,3,0,3,4,5,0,3,0,3
2471,6,Neutral,6,6,6,2,6,2,6,2,6,2
2472,5,Surprise,6,2,5,2,6,6,5,2,5,2
2473,4,Sad,4,6,4,2,4,6,4,2,4,4
2474,4,Sad,4,4,4,4,4,4,4,4,4,4
2475,2,Fear,2,2,2,2,4,2,4,2,2,2
2476,5,Surprise,5,5,5,5,5,5,5,5,5,5
2477,4,Sad,4,4,4,4,4,4,4,4,4,4
2478,5,Surprise,5,5,5,5,5,5,5,5,5,5
2479,2,Fear,2,2,2,2,2,2,2,2,2,2
2480,6,Neutral,6,6,6,6,6,6,6,6,6,6
2481,4,Sad,2,2,2,2,2,2,2,2,2,2
2482,4,Sad,4,2,0,2,4,2,0,2,4,2
2483,5,Surprise,5,5,5,5,5,5,5,5,5,5
2484,0,Angry,6,0,4,6,4,4,6,6,4,6
2485,5,Surprise,5,5,5,5,5,5,5,5,5,5
2486,0,Angry,4,4,4,4,4,4,4,4,4,4
2487,1,Disgust,1,1,1,1,1,1,1,1,1,1
2488,4,Sad,0,0,0,2,0,2,0,6,0,6
2489,5,Surprise,5,5,5,5,5,5,5,5,5,5
2490,5,Surprise,5,5,5,5,5,5,5,5,5,5
2491,3,Happy,3,3,3,3,0,3,3,3,3,3
2492,2,Fear,2,2,2,2,2,2,2,2,2,2
2493,3,Happy,3,3,3,3,3,3,3,3,3,3
2494,0,Angry,0,0,0,0,0,0,0,0,0,0
2495,2,Fear,2,2,2,2,2,2,2,2,2,2
2496,1,Disgust,5,2,5,2,5,2,5,2,5,2
2497,5,Surprise,5,5,5,5,5,5,5,5,5,5
2498,0,Angry,0,3,0,3,0,4,0,3,0,3
2499,3,Happy,3,3,3,3,3,3,3,3,3,3
2500,3,Happy,3,3,3,3,3,3,3,3,3,3
2501,0,Angry,0,0,0,0,0,2,0,0,0,0
2502,6,Neutral,0,6,0,6,6,6,0,6,0,0
2503,6,Neutral,6,6,6,6,6,6,6,6,6,6
2504,0,Angry,0,0,0,0,0,0,0,0,0,0
2505,3,Happy,6,6,5,6,3,3,4,6,5,6
2506,2,Fear,2,6,2,6,2,6,2,6,2,6
2507,4,Sad,4,4,6,4,6,2,4,4,6,4
2508,4,Sad,4,4,4,4,4,4,4,4,4,4
2509,4,Sad,4,4,4,4,4,4,4,4,4,4
2510,5,Surprise,2,2,0,2,0,2,0,2,0,2
2511,4,Sad,4,4,4,4,4,4,4,4,4,4
2512,0,Angry,0,0,0,0,0,0,0,0,0,0
2513,0,Angry,4,0,4,4,4,4,4,0,4,2
2514,5,Surprise,5,5,5,5,5,5,5,5,5,5
2515,5,Surprise,0,0,4,0,0,0,4,0,4,0
2516,4,Sad,6,6,3,4,3,3,3,6,3,6
2517,5,Surprise,0,2,0,0,0,4,0,0,0,0
2518,4,Sad,4,6,4,4,6,6,4,6,4,4
2519,2,Fear,2,5,2,2,2,2,2,2,2,5
2520,0,Angry,0,0,0,0,0,0,0,0,0,0
2521,3,Happy,3,3,3,3,3,3,3,3,3,3
2522,0,Angry,2,2,2,2,2,2,2,2,2,2
2523,1,Disgust,6,4,6,4,6,0,6,4,6,4
2524,3,Happy,2,6,2,6,2,6,2,6,2,6
2525,0,Angry,0,0,0,0,0,0,0,0,0,0
2526,0,Angry,0,0,0,0,0,0,0,0,0,0
2527,3,Happy,3,3,3,3,3,3,3,3,3,3
2528,4,Sad,4,4,4,4,4,4,4,4,4,4
2529,6,Neutral,2,2,2,2,4,2,2,2,2,2
2530,3,Happy,3,3,3,3,3,3,3,3,3,3
2531,6,Neutral,6,6,6,6,6,6,6,6,6,6
2532,3,Happy,3,3,3,3,3,3,3,3,3,3
2533,3,Happy,3,3,3,3,3,3,3,3,3,3
2534,3,Happy,3,3,3,3,3,3,3,3,3,3
2535,6,Neutral,4,6,4,2,4,6,4,4,4,4
2536,3,Happy,3,3,3,3,3,3,3,3,3,3
2537,6,Neutral,6,6,4,6,6,4,6,6,6,6
2538,0,Angry,0,0,0,0,0,0,0,0,0,0
2539,4,Sad,4,4,4,4,4,4,4,4,4,4
2540,4,Sad,2,2,2,2,2,3,2,2,2,2
2541,3,Happy,3,3,3,3,3,3,3,3,3,3
2542,3,Happy,3,3,3,3,3,3,3,3,3,3
2543,6,Neutral,0,0,6,4,0,4,0,4,0,4
2544,0,Angry,0,0,0,0,0,0,0,0,0,0
2545,2,Fear,6,4,4,4,2,4,4,4,4,4
2546,3,Happy,3,3,3,3,3,3,3,3,3,3
2547,3,Happy,3,3,3,3,3,3,3,3,3,3
2548,6,Neutral,6,6,6,2,6,6,6,6,6,6
2549,3,Happy,3,3,3,3,3,3,3,3,3,3
2550,2,Fear,2,2,4,3,2,2,3,3,3,6
2551,6,Neutral,6,6,6,6,6,6,6,6,6,6
2552,0,Angry,0,0,0,0,5,0,0,0,0,0
2553,2,Fear,3,3,6,3,6,3,3,3,6,3
2554,6,Neutral,6,6,2,6,4,6,2,6,4,6
2555,6,Neutral,4,6,4,6,6,6,5,6,5,6
2556,4,Sad,4,4,4,4,4,4,4,4,4,4
2557,0,Angry,0,2,0,2,0,0,0,3,0,3
2558,4,Sad,4,4,4,4,4,2,4,4,4,4
2559,6,Neutral,6,6,6,6,6,6,6,6,6,6
2560,6,Neutral,4,4,4,4,4,6,4,4,4,4
2561,2,Fear,2,2,2,2,2,2,2,2,2,2
2562,0,Angry,0,0,0,2,3,0,0,2,0,3
2563,4,Sad,4,4,4,4,6,6,2,4,2,6
2564,2,Fear,5,5,5,5,5,5,5,5,5,5
2565,3,Happy,3,3,3,3,3,3,3,3,3,3
2566,6,Neutral,4,6,4,6,4,6,4,6,4,6
2567,3,Happy,3,3,3,3,6,3,3,3,3,3
2568,4,Sad,4,2,4,2,4,5,4,2,4,2
2569,6,Neutral,6,6,6,6,6,6,6,6,6,6
2570,0,Angry,2,2,2,2,2,2,2,2,2,2
2571,0,Angry,0,0,0,0,0,2,0,0,0,0
2572,4,Sad,6,6,0,6,0,6,3,6,6,6
2573,3,Happy,3,3,6,3,3,3,4,3,4,3
2574,4,Sad,0,0,0,0,0,0,0,0,0,0
2575,6,Neutral,3,6,3,6,6,0,3,6,3,6
2576,3,Happy,3,3,3,3,3,3,3,3,3,3
2577,2,Fear,2,2,2,2,2,2,2,2,2,2
2578,6,Neutral,4,3,4,3,4,2,3,3,4,2
2579,4,Sad,0,6,0,6,6,0,0,6,0,6
2580,3,Happy,6,6,6,6,6,4,6,6,6,6
2581,4,Sad,4,4,4,4,4,4,4,4,4,4
2582,3,Happy,3,3,3,3,3,3,3,3,3,3
2583,3,Happy,3,3,3,3,3,3,3,3,3,3
2584,0,Angry,0,0,0,0,4,4,0,0,0,0
2585,5,Surprise,5,5,5,5,5,5,5,5,5,5
2586,3,Happy,3,3,3,3,3,3,3,3,3,3
2587,0,Angry,0,0,0,0,0,0,0,0,0,0
2588,3,Happy,3,3,3,3,3,3,3,3,3,3
2589,3,Happy,3,3,3,3,3,3,3,3,3,3
2590,2,Fear,2,2,2,0,2,2,2,0,2,0
2591,4,Sad,4,4,4,4,4,4,4,4,4,4
2592,3,Happy,3,3,3,3,3,3,3,3,3,3
2593,4,Sad,4,4,4,4,4,4,4,4,4,4
2594,3,Happy,3,3,3,3,3,3,3,3,3,3
2595,5,Surprise,5,5,5,5,5,5,5,5,5,5
2596,3,Happy,3,3,3,3,3,3,6,3,3,3
2597,5,Surprise,0,4,0,4,0,0,0,4,0,4
2598,6,Neutral,0,4,4,4,0,0,4,4,4,4
2599,3,Happy,6,6,6,6,6,6,6,6,6,6
2600,3,Happy,3,3,3,3,3,3,3,3,3,3
2601,0,Angry,0,2,0,2,0,0,0,2,0,2
2602,2,Fear,6,6,6,6,6,6,6,6,6,6
2603,2,Fear,4,4,4,4,2,4,4,4,4,4
2604,4,Sad,6,4,3,4,6,3,6,4,6,4
2605,3,Happy,0,0,5,0,0,0,5,0,0,0
2606,6,Neutral,6,6,6,6,6,6,6,6,6,6
2607,3,Happy,3,3,3,3,3,3,3,3,3,3
2608,6,Neutral,4,6,6,4,4,2,6,6,6,6
2609,6,Neutral,6,6,6,6,6,4,6,6,6,6
2610,4,Sad,6,6,6,6,0,2,6,6,6,6
2611,3,Happy,3,3,3,3,3,3,3,3,3,3
2612,4,Sad,2,2,2,2,1,2,2,2,2,2
2613,1,Disgust,1,1,1,1,1,1,1,1,1,1
2614,1,Disgust,6,4,6,4,6,2,6,4,6,4
2615,5,Surprise,5,5,5,5,5,5,5,5,5,5
2616,4,Sad,2,6,2,6,2,6,2,6,2,6
2617,4,Sad,3,4,6,4,3,6,3,4,6,4
2618,4,Sad,4,3,4,3,4,3,4,3,4,3
2619,4,Sad,6,6,4,6,6,6,6,6,6,6
2620,3,Happy,3,3,3,3,3,3,3,3,3,3
2621,2,Fear,2,2,2,2,4,2,2,2,2,2
2622,0,Angry,2,2,2,2,2,2,2,2,2,2
2623,6,Neutral,6,4,6,4,2,4,6,4,6,4
2624,4,Sad,4,4,4,4,6,2,4,4,4,4
2625,3,Happy,3,3,3,3,3,3,3,3,3,3
2626,3,Happy,3,3,3,3,3,3,3,3,3,3
2627,4,Sad,3,3,3,3,3,3,3,3,3,3
2628,0,Angry,0,6,0,6,2,6,0,6,0,6
2629,0,Angry,0,1,0,1,0,2,0,4,0,4
2630,3,Happy,3,3,3,3,3,3,3,3,3,3
2631,5,Surprise,5,5,5,5,5,5,5,5,5,5
2632,2,Fear,0,2,0,2,0,4,0,2,0,2
2633,2,Fear,2,4,4,4,2,6,4,4,2,2
2634,0,Angry,4,4,4,4,4,4,4,4,4,4
2635,6,Neutral,4,6,4,4,4,4,2,4,4,6
2636,5,Surprise,5,5,5,5,5,5,5,5,5,5
2637,3,Happy,3,3,3,3,3,3,3,3,3,3
2638,6,Neutral,6,6,6,6,6,6,6,6,6,6
2639,5,Surprise,5,5,5,5,5,5,5,5,5,5
2640,3,Happy,3,3,3,3,3,3,3,3,3,3
2641,3,Happy,3,3,3,3,3,3,4,3,3,3
2642,4,Sad,3,4,3,4,3,3,0,4,3,4
2643,6,Neutral,4,1,4,4,4,4,4,4,4,4
2644,5,Surprise,5,5,5,5,5,5,5,5,5,5
2645,5,Surprise,5,5,5,5,5,5,5,5,5,5
2646,4,Sad,4,4,4,4,4,4,4,4,4,4
2647,2,Fear,2,4,2,4,2,4,2,4,2,4
2648,2,Fear,3,2,3,2,2,2,3,2,3,2
2649,3,Happy,3,3,3,3,3,3,3,3,3,3
2650,3,Happy,5,2,3,2,3,2,5,2,3,2
2651,2,Fear,4,4,4,4,4,4,2,2,4,2
2652,3,Happy,3,3,3,3,3,3,3,3,3,3
2653,2,Fear,2,4,4,4,2,2,2,4,4,4
2654,3,Happy,3,3,3,3,3,3,3,3,3,3
2655,5,Surprise,5,5,5,5,5,5,5,5,5,5
2656,6,Neutral,6,6,6,6,6,6,6,6,6,6
2657,3,Happy,3,3,3,3,3,3,3,3,3,3
2658,4,Sad,4,4,4,4,4,4,4,4,4,4
2659,1,Disgust,1,1,1,1,1,1,1,1,1,1
2660,6,Neutral,6,6,6,6,6,6,6,6,6,6
2661,3,Happy,3,3,3,3,3,3,3,3,3,3
2662,6,Neutral,6,6,6,6,6,6,6,6,6,6
2663,2,Fear,4,6,2,6,6,6,2,6,6,6
2664,6,Neutral,6,6,6,6,6,6,6,6,6,6
2665,3,Happy,2,2,2,2,2,2,2,2,2,4
2666,2,Fear,0,0,0,6,0,6,0,6,0,0
2667,3,Happy,3,3,3,3,3,3,3,3,3,3
2668,3,Happy,3,3,3,3,3,3,3,3,3,3
2669,0,Angry,2,5,2,5,2,2,2,5,2,5
2670,2,Fear,0,0,0,0,0,4,0,0,0,0
2671,6,Neutral,6,6,6,6,6,6,6,6,6,6
2672,4,Sad,0,6,0,6,4,6,0,6,0,6
2673,6,Neutral,2,2,2,2,2,2,2,2,2,2
2674,0,Angry,4,2,2,2,4,4,2,2,2,2
2675,3,Happy,3,3,3,3,3,3,3,3,3,3
2676,3,Happy,6,6,6,3,6,6,6,3,6,6
2677,4,Sad,4,4,4,4,4,4,4,3,4,4
2678,4,Sad,6,4,6,4,6,4,6,4,6,4
2679,0,Angry,0,0,0,0,0,3,0,0,0,0
2680,3,Happy,3,6,3,6,6,3,3,6,3,6
2681,4,Sad,6,4,6,4,6,4,6,4,6,4
2682,5,Surprise,5,5,5,5,5,5,5,5,5,5
2683,5,Surprise,5,5,5,5,5,5,5,5,5,5
2684,4,Sad,4,0,4,0,4,4,4,0,4,0
2685,4,Sad,4,4,4,4,4,6,4,4,4,4
2686,2,Fear,4,4,6,4,4,4,6,4,6,4
2687,2,Fear,2,4,2,4,4,4,2,4,2,4
2688,4,Sad,6,6,2,6,6,6,2,6,2,6
2689,2,Fear,2,0,2,0,2,0,2,2,2,0
2690,3,Happy,3,3,3,3,3,3,3,3,3,3
2691,1,Disgust,2,0,0,0,2,2,0,0,0,0
2692,4,Sad,0,0,0,0,4,4,0,0,0,0
2693,3,Happy,3,3,3,3,3,3,3,3,3,3
2694,2,Fear,2,2,4,2,4,2,2,2,4,2
2695,4,Sad,2,4,2,2,4,4,2,4,2,2
2696,5,Surprise,5,5,5,5,5,5,5,5,5,5
2697,4,Sad,4,4,6,4,4,6,4,4,6,4
2698,4,Sad,4,4,4,4,4,6,4,4,4,4
2699,4,Sad,4,0,4,0,4,0,4,0,4,0
2700,4,Sad,4,4,4,4,4,4,4,4,4,4
2701,3,Happy,3,3,3,3,3,3,3,3,3,3
2702,2,Fear,6,4,6,4,6,4,6,4,6,4
2703,6,Neutral,4,6,4,6,4,2,4,6,4,6
2704,3,Happy,3,3,3,3,3,3,3,3,3,3
2705,6,Neutral,6,6,6,6,6,6,6,6,6,6
2706,6,Neutral,6,4,6,2,6,4,6,2,6,2
2707,4,Sad,6,4,6,4,6,4,6,4,6,4
2708,4,Sad,2,4,2,2,4,4,2,4,2,2
2709,2,Fear,2,2,2,2,2,2,2,2,2,2
2710,3,Happy,3,3,3,3,3,3,3,3,3,3
2711,3,Happy,3,3,3,3,3,3,3,3,3,3
2712,2,Fear,4,4,4,4,4,4,4,4,4,4
2713,3,Happy,3,3,3,3,3,3,3,3,3,3
2714,5,Surprise,5,5,5,5,3,5,5,5,5,5
2715,4,Sad,4,2,4,2,0,2,4,6,4,2
2716,6,Neutral,6,4,6,6,6,6,6,6,2,6
2717,2,Fear,4,4,4,5,4,2,4,0,4,4
2718,2,Fear,4,0,4,0,4,0,4,0,4,0
2719,2,Fear,4,6,4,6,4,6,4,6,4,6
2720,0,Angry,0,0,0,0,0,0,0,0,0,0
2721,0,Angry,2,2,2,0,0,2,0,0,2,2
2722,4,Sad,4,4,4,2,0,4,4,4,4,2
2723,6,Neutral,6,6,6,6,6,6,6,6,6,6
2724,5,Surprise,5,5,5,5,5,5,5,5,5,5
2725,4,Sad,4,6,3,6,4,3,4,6,3,6
2726,6,Neutral,6,6,6,6,6,6,6,6,6,6
2727,6,Neutral,6,6,6,6,6,6,6,6,6,6
2728,4,Sad,6,3,3,0,6,6,3,0,3,0
2729,3,Happy,3,3,3,3,3,3,3,3,3,3
2730,3,Happy,3,3,3,3,3,3,3,3,3,3
2731,3,Happy,6,3,6,3,6,3,6,3,6,3
2732,2,Fear,2,2,2,2,2,2,2,2,2,2
2733,0,Angry,0,0,0,0,0,0,0,2,0,2
2734,6,Neutral,6,6,6,6,6,6,6,6,6,6
2735,0,Angry,6,6,6,6,6,6,6,6,6,6
2736,0,Angry,0,6,0,6,0,6,0,6,0,6
2737,6,Neutral,6,6,6,6,6,6,6,6,6,6
2738,0,Angry,1,0,1,0,2,0,1,0,1,0
2739,5,Surprise,5,5,5,5,5,5,5,5,5,5
2740,2,Fear,0,4,0,4,3,3,3,4,0,4
2741,0,Angry,0,0,0,0,0,0,0,0,0,0
2742,5,Surprise,5,5,5,5,5,5,5,5,5,5
2743,3,Happy,3,3,4,3,4,3,4,3,3,3
2744,3,Happy,3,3,2,3,3,3,3,3,2,3
2745,4,Sad,4,0,5,0,5,0,5,0,5,0
2746,4,Sad,4,4,4,4,4,6,4,4,4,4
2747,3,Happy,3,3,3,3,3,3,3,3,3,3
2748,3,Happy,3,3,3,3,3,3,3,3,3,3
2749,3,Happy,3,3,3,3,3,3,3,3,3,3
2750,4,Sad,4,4,4,4,4,4,4,4,4,4
2751,4,Sad,4,4,4,4,4,4,4,4,4,4
2752,2,Fear,6,4,6,6,6,6,6,4,6,6
2753,3,Happy,3,3,3,3,3,3,3,3,3,3
2754,5,Surprise,5,5,5,5,5,5,5,5,5,5
2755,5,Surprise,5,5,5,5,5,5,5,5,5,5
2756,2,Fear,2,4,2,4,4,4,2,4,2,4
2757,6,Neutral,4,6,4,4,6,3,4,4,4,4
2758,6,Neutral,4,4,4,4,4,4,4,4,4,4
2759,4,Sad,4,4,4,4,4,0,4,4,4,4
2760,6,Neutral,6,6,6,6,6,6,6,6,6,6
2761,4,Sad,4,2,4,4,2,1,4,4,4,4
2762,4,Sad,6,6,6,6,6,6,6,3,6,6
2763,0,Angry,3,3,3,0,3,2,3,1,3,1
2764,5,Surprise,5,5,5,5,5,5,5,5,5,5
2765,3,Happy,3,3,3,3,3,3,3,3,3,3
2766,2,Fear,5,5,5,5,5,5,5,5,5,5
2767,0,Angry,6,6,6,4,6,6,6,4,6,4
2768,2,Fear,2,0,4,0,4,2,2,0,2,0
2769,6,Neutral,6,3,6,3,2,2,6,3,6,3
2770,5,Surprise,5,5,5,5,5,5,5,5,5,5
2771,4,Sad,4,2,4,0,4,4,4,2,4,0
2772,2,Fear,2,0,0,4,2,6,0,4,2,4
2773,3,Happy,3,3,3,3,3,3,3,3,3,3
2774,6,Neutral,6,4,6,4,6,6,6,6,6,4
2775,4,Sad,2,0,2,0,5,1,2,0,2,0
2776,0,Angry,0,0,0,0,0,0,0,0,0,0
2777,6,Neutral,4,0,4,0,6,6,4,0,4,4
2778,6,Neutral,6,6,6,6,6,6,6,6,6,6
2779,2,Fear,2,2,2,2,2,2,2,2,2,2
2780,2,Fear,2,2,2,2,2,2,2,2,2,2
2781,4,Sad,4,4,4,4,4,4,4,4,4,4
2782,0,Angry,0,6,0,6,0,6,0,6,0,6
2783,2,Fear,2,2,2,2,2,2,2,2,2,2
2784,5,Surprise,5,5,5,5,5,5,5,5,5,5
2785,0,Angry,0,0,0,2,0,0,0,2,0,2
2786,2,Fear,6,6,6,6,6,6,6,6,6,6
2787,5,Surprise,5,5,5,5,5,5,5,5,5,5
2788,0,Angry,0,0,0,0,0,0,0,0,0,0
2789,2,Fear,2,2,2,2,2,2,2,2,2,2
2790,4,Sad,4,4,4,4,2,4,4,4,4,4
2791,0,Angry,0,0,0,0,0,0,0,0,0,0
2792,6,Neutral,6,6,6,6,6,6,6,6,6,6
2793,6,Neutral,6,6,6,6,6,6,6,6,6,6
2794,4,Sad,0,6,2,0,0,4,2,4,2,0
2795,5,Surprise,0,5,0,5,0,5,0,5,0,5
2796,0,Angry,2,0,2,0,2,0,2,0,2,0
2797,4,Sad,6,6,6,6,6,6,6,6,6,6
2798,6,Neutral,6,6,4,6,6,4,4,6,4,6
2799,4,Sad,4,4,4,4,4,4,4,4,4,4
2800,3,Happy,2,5,2,5,2,5,2,5,2,5
2801,4,Sad,3,6,3,6,2,6,3,3,3,2
2802,4,Sad,4,4,4,4,6,4,4,4,4,4
2803,5,Surprise,5,5,5,5,5,5,5,5,5,5
2804,2,Fear,5,5,5,5,5,5,5,5,5,5
2805,3,Happy,3,3,3,3,3,3,3,3,3,3
2806,3,Happy,4,3,4,3,5,3,6,3,5,3
2807,4,Sad,4,6,4,4,4,4,4,4,4,4
2808,6,Neutral,3,6,6,6,6,6,6,6,3,6
2809,0,Angry,3,3,3,3,3,3,3,3,3,3
2810,0,Angry,4,4,4,4,4,4,4,4,4,4
2811,2,Fear,2,2,2,2,2,2,2,2,2,2
2812,4,Sad,4,4,4,4,4,2,4,4,4,4
2813,4,Sad,0,6,0,6,4,6,6,6,0,6
2814,5,Surprise,5,5,5,5,5,5,5,5,5,5
2815,3,Happy,3,3,3,3,3,3,3,3,3,3
2816,3,Happy,3,4,3,4,3,4,3,4,3,4
2817,2,Fear,4,2,2,2,2,4,2,2,2,2
2818,4,Sad,4,4,4,4,4,4,4,4,4,4
2819,5,Surprise,2,4,0,5,2,4,0,5,5,6
2820,0,Angry,2,0,6,0,6,4,6,6,6,6
2821,0,Angry,0,0,5,0,0,0,5,0,5,0
2822,3,Happy,0,0,0,0,0,0,0,0,0,0
2823,3,Happy,3,3,3,3,3,3,3,3,3,3
2824,5,Surprise,5,5,5,3,5,5,5,3,5,3
2825,4,Sad,4,4,4,4,4,4,4,4,4,4
2826,2,Fear,2,2,0,4,0,0,2,0,0,4
2827,4,Sad,2,4,2,4,2,4,2,4,2,4
2828,4,Sad,4,6,6,6,6,6,6,6,6,6
2829,0,Angry,0,0,0,0,0,0,0,0,0,0
2830,4,Sad,4,4,2,4,2,4,2,4,2,4
2831,3,Happy,0,0,0,0,3,0,0,0,0,0
2832,6,Neutral,6,6,6,6,6,6,6,5,6,6
2833,3,Happy,3,3,3,3,3,3,3,3,3,3
2834,0,Angry,0,0,0,0,0,0,0,0,0,0
2835,0,Angry,0,0,0,0,4,0,0,0,0,0
2836,5,Surprise,5,5,5,5,5,2,5,5,5,5
2837,6,Neutral,4,0,2,0,2,0,2,0,2,0
2838,4,Sad,4,1,4,0,4,2,4,0,4,0
2839,4,Sad,4,4,4,4,4,4,4,4,4,4
2840,0,Angry,3,3,3,3,3,3,3,3,3,3
2841,5,Surprise,5,5,5,5,5,5,5,5,5,5
2842,3,Happy,3,3,3,3,3,3,3,3,3,3
2843,4,Sad,4,4,4,4,4,4,4,4,4,4
2844,6,Neutral,6,6,6,6,6,6,6,6,6,6
2845,3,Happy,3,3,3,3,3,3,3,3,3,3
2846,4,Sad,4,4,4,4,4,4,4,4,4,4
2847,5,Surprise,5,5,5,5,5,5,5,5,5,5
2848,3,Happy,3,3,3,3,3,3,3,3,3,3
2849,3,Happy,3,3,3,3,3,3,3,3,3,3
2850,5,Surprise,5,5,5,2,5,5,5,2,5,2
2851,2,Fear,6,0,4,0,4,4,4,0,4,6
2852,6,Neutral,6,6,6,6,6,6,6,6,6,6
2853,2,Fear,2,2,2,2,0,2,2,2,2,2
2854,5,Surprise,5,5,5,5,5,5,5,5,5,5
2855,0,Angry,0,0,0,0,0,0,0,0,0,0
2856,6,Neutral,4,6,4,6,6,4,4,6,4,6
2857,2,Fear,2,2,2,2,2,2,2,2,2,2
2858,2,Fear,2,2,2,2,2,2,2,2,2,2
2859,2,Fear,1,1,0,0,0,1,0,0,1,1
2860,2,Fear,2,2,2,2,2,2,2,2,2,2
2861,5,Surprise,5,5,5,5,3,5,5,3,5,3
2862,3,Happy,3,3,3,3,3,3,3,3,3,3
2863,3,Happy,3,3,3,3,3,3,3,3,3,3
2864,3,Happy,3,3,3,3,3,3,3,3,3,3
2865,3,Happy,3,3,3,3,3,3,3,3,3,3
2866,2,Fear,0,4,0,4,0,0,0,0,0,4
2867,6,Neutral,6,6,6,6,6,6,6,6,6,6
2868,3,Happy,3,3,3,3,3,3,3,3,3,3
2869,6,Neutral,3,3,3,0,3,3,3,3,3,0
2870,2,Fear,2,2,2,2,2,2,2,2,2,2
2871,4,Sad,2,4,2,4,4,4,2,4,2,4
2872,0,Angry,0,0,0,0,0,0,0,0,0,0
2873,6,Neutral,6,6,6,6,6,6,6,6,6,6
2874,4,Sad,2,4,2,4,4,4,4,4,4,4
2875,2,Fear,2,2,2,2,2,5,2,2,2,2
2876,4,Sad,4,4,2,6,2,4,4,6,2,6
2877,0,Angry,4,0,4,0,2,0,0,0,4,0
2878,5,Surprise,5,5,5,5,5,5,5,5,5,5
2879,2,Fear,0,2,0,2,0,6,0,2,0,2
2880,0,Angry,2,0,3,5,2,0,3,5,3,5
2881,0,Angry,5,5,5,5,5,5,5,5,5,5
2882,6,Neutral,6,6,6,6,6,6,6,6,6,6
2883,0,Angry,0,0,0,0,0,0,0,0,0,0
2884,6,Neutral,4,2,4,2,4,4,2,2,4,2
2885,5,Surprise,5,5,5,5,5,5,5,5,5,5
2886,0,Angry,0,0,0,0,0,0,0,0,0,0
2887,6,Neutral,6,6,6,6,6,5,6,6,6,6
2888,3,Happy,3,3,3,3,3,3,3,3,3,3
2889,3,Happy,3,3,3,3,3,3,5,3,5,3
2890,0,Angry,2,2,2,2,2,2,2,2,2,2
2891,4,Sad,4,4,4,4,4,4,4,4,4,4
2892,4,Sad,4,4,4,4,4,4,4,4,4,4
2893,6,Neutral,3,3,3,3,3,3,3,3,3,3
2894,0,Angry,0,0,0,0,0,0,0,0,0,0
2895,1,Disgust,1,1,1,1,1,1,1,1,1,1
2896,3,Happy,3,3,3,6,3,6,3,6,3,3
2897,3,Happy,3,3,3,3,3,3,3,3,3,3
2898,5,Surprise,5,5,5,5,5,5,5,2,5,2
2899,6,Neutral,4,6,4,6,2,6,4,6,4,6
2900,0,Angry,0,3,0,0,0,4,0,0,0,0
2901,4,Sad,4,4,4,4,4,4,4,4,4,4
2902,0,Angry,0,0,0,4,4,4,0,4,0,0
2903,5,Surprise,5,5,5,5,5,5,5,5,5,5
2904,0,Angry,0,0,0,0,0,0,0,0,0,0
2905,6,Neutral,4,4,2,4,4,6,2,4,2,4
2906,4,Sad,4,0,6,0,6,0,6,0,6,0
2907,4,Sad,2,2,2,2,4,2,4,2,2,2
2908,3,Happy,3,3,3,3,3,4,3,3,3,3
2909,5,Surprise,2,2,2,2,2,2,2,5,2,2
2910,4,Sad,6,6,6,6,6,6,6,6,6,6
2911,3,Happy,3,3,3,3,3,3,3,3,3,3
2912,3,Happy,6,6,6,6,6,6,6,6,6,6
2913,0,Angry,3,3,3,3,3,3,3,3,3,3
2914,6,Neutral,6,6,6,6,6,6,6,6,6,6
2915,6,Neutral,0,0,0,0,4,0,0,0,0,0
2916,2,Fear,5,1,5,1,2,2,5,1,2,1
2917,4,Sad,4,4,4,4,4,0,4,4,4,4
2918,3,Happy,3,3,3,3,3,6,3,3,3,3
2919,3,Happy,3,3,3,3,3,3,3,3,3,3
2920,3,Happy,3,3,3,3,3,3,3,3,3,3
2921,2,Fear,6,6,4,6,2,2,4,6,4,6
2922,5,Surprise,2,5,2,5,0,3,0,5,2,5
2923,5,Surprise,5,5,5,5,5,5,5,5,5,5
2924,5,Surprise,5,5,5,5,5,5,5,5,5,5
2925,4,Sad,4,4,4,4,4,4,4,4,4,4
2926,0,Angry,0,6,4,6,4,4,0,6,0,6
2927,3,Happy,4,3,4,3,4,3,4,3,4,3
2928,3,Happy,3,3,3,5,3,3,3,5,3,0
2929,2,Fear,2,2,2,2,4,2,4,2,2,2
2930,2,Fear,5,5,5,5,5,5,5,5,5,5
2931,5,Surprise,2,2,2,2,2,2,2,2,2,2
2932,3,Happy,3,3,3,3,3,3,3,3,3,3
2933,4,Sad,4,4,4,4,4,4,4,4,4,4
2934,4,Sad,4,4,4,4,0,4,4,4,4,4
2935,3,Happy,3,3,3,3,3,3,3,3,3,3
2936,3,Happy,3,3,3,3,3,3,3,3,3,3
2937,4,Sad,4,4,4,4,4,4,4,4,4,4
2938,6,Neutral,6,6,6,6,6,6,6,6,6,6
2939,0,Angry,3,0,3,0,3,3,3,0,3,0
2940,6,Neutral,6,2,6,2,6,6,3,2,6,2
2941,6,Neutral,6,6,6,6,6,6,6,6,6,6
2942,3,Happy,4,4,0,4,4,0,4,4,0,4
2943,4,Sad,4,4,4,4,4,4,4,4,4,4
2944,4,Sad,4,4,4,4,4,4,4,4,4,4
2945,4,Sad,4,6,4,6,2,3,4,6,4,6
2946,2,Fear,4,4,4,2,4,4,4,2,4,4
2947,4,Sad,4,4,2,4,4,4,2,4,2,4
2948,0,Angry,4,2,6,2,5,6,6,2,4,2
2949,6,Neutral,6,6,6,6,6,6,6,6,6,6
2950,3,Happy,0,5,0,5,0,3,0,5,0,3
2951,4,Sad,4,4,6,4,4,6,6,4,6,4
2952,2,Fear,5,5,5,5,5,5,5,5,5,5
2953,5,Surprise,5,5,5,5,5,5,5,5,5,5
2954,4,Sad,4,4,4,4,4,4,4,4,4,4
2955,5,Surprise,5,5,5,5,5,5,5,5,5,5
2956,4,Sad,3,3,3,3,3,3,3,3,3,3
2957,0,Angry,2,0,0,0,2,6,0,0,0,0
2958,5,Surprise,5,5,5,5,5,5,5,5,5,5
2959,3,Happy,3,2,3,0,3,3,3,3,3,4
2960,4,Sad,4,0,4,0,4,0,4,0,4,0
2961,0,Angry,0,0,0,0,0,0,0,0,0,0
2962,5,Surprise,5,5,5,5,5,5,5,5,5,5
2963,2,Fear,4,2,4,2,2,2,4,2,4,2
2964,0,Angry,0,0,0,0,0,0,0,0,0,0
2965,3,Happy,3,3,3,3,3,3,3,3,3,3
2966,3,Happy,3,3,3,3,3,3,3,3,3,3
2967,4,Sad,4,4,4,4,4,4,4,4,4,4
2968,6,Neutral,4,0,4,0,4,0,4,0,4,0
2969,2,Fear,5,5,5,5,5,5,5,5,5,5
2970,3,Happy,3,3,3,3,3,3,3,3,3,3
2971,6,Neutral,6,5,6,5,6,3,6,5,6,2
2972,2,Fear,5,2,5,2,5,5,5,2,5,2
2973,3,Happy,3,3,3,3,4,3,4,3,3,3
2974,3,Happy,3,3,3,3,3,3,3,3,3,3
2975,2,Fear,0,0,2,0,2,2,2,0,2,0
2976,6,Neutral,6,6,6,6,6,6,6,6,6,6
2977,5,Surprise,5,5,5,5,5,5,5,5,5,5
2978,3,Happy,3,3,3,3,3,3,3,3,3,3
2979,6,Neutral,0,6,0,6,0,6,0,6,0,6
2980,3,Happy,3,6,3,6,6,6,3,6,3,6
2981,6,Neutral,2,4,2,4,2,4,2,4,2,4
2982,3,Happy,3,3,3,3,3,3,3,3,3,3
2983,0,Angry,0,0,0,0,0,0,0,0,0,0
2984,0,Angry,2,4,0,4,0,4,0,4,0,4
2985,0,Angry,0,0,0,0,0,0,0,0,0,0
2986,6,Neutral,1,6,6,6,5,6,5,6,6,6
2987,3,Happy,3,3,3,3,4,4,3,3,3,3
2988,3,Happy,3,3,3,3,3,3,3,3,3,3
2989,5,Surprise,5,5,5,5,5,5,5,5,5,5
2990,5,Surprise,5,5,5,5,5,5,5,5,5,5
2991,4,Sad,4,4,4,4,4,4,4,4,4,4
2992,6,Neutral,4,6,4,4,4,6,6,4,4,4
2993,2,Fear,6,6,6,4,6,4,6,6,6,2
2994,0,Angry,0,0,0,0,0,0,0,0,0,0
2995,6,Neutral,6,6,6,6,6,6,6,6,6,6
2996,4,Sad,6,4,6,6,6,4,3,4,3,4
2997,0,Angry,6,6,4,6,4,4,6,6,4,6
2998,3,Happy,4,3,4,3,4,3,4,3,4,3
2999,4,Sad,5,5,5,5,5,2,5,5,5,5
3000,3,Happy,4,4,4,4,4,4,4,4,4,4
3001,4,Sad,4,4,4,4,4,4,4,4,4,4
3002,0,Angry,6,0,4,0,4,0,4,0,4,0
3003,4,Sad,6,5,2,5,4,4,2,5,2,5
3004,6,Neutral,6,0,4,0,6,0,6,0,6,0
3005,6,Neutral,4,6,6,6,4,4,6,6,4,6
3006,5,Surprise,2,2,2,2,2,2,2,2,2,2
3007,0,Angry,0,0,0,0,0,3,0,0,0,0
3008,2,Fear,2,5,2,5,2,2,2,5,2,5
3009,3,Happy,3,3,3,3,3,3,3,3,3,3
3010,2,Fear,2,2,2,2,2,2,2,2,2,2
3011,4,Sad,4,4,4,4,2,4,4,4,4,4
3012,4,Sad,4,2,4,2,4,4,4,2,4,2
3013,0,Angry,0,0,0,0,0,0,0,0,0,0
3014,3,Happy,6,6,6,6,3,3,3,3,3,6
3015,3,Happy,3,3,3,3,3,3,3,3,3,3
3016,3,Happy,3,5,3,5,3,5,3,5,3,5
3017,0,Angry,0,4,0,4,0,4,1,4,1,4
3018,3,Happy,3,3,3,3,3,3,3,3,3,3
3019,4,Sad,0,0,0,0,0,0,0,0,0,0
3020,0,Angry,0,0,0,0,0,0,0,0,0,0
3021,3,Happy,3,3,3,3,3,3,3,3,3,3
3022,5,Surprise,5,5,5,5,5,5,5,5,5,5
3023,2,Fear,4,4,4,4,4,4,4,2,4,4
3024,4,Sad,0,0,0,0,0,0,0,0,0,0
3025,3,Happy,3,3,3,6,6,6,3,6,3,6
3026,2,Fear,3,2,3,2,3,2,3,3,3,2
3027,2,Fear,2,2,2,2,2,2,2,2,2,2
3028,3,Happy,3,3,3,3,3,3,3,3,3,3
3029,2,Fear,4,4,4,2,4,4,4,2,4,2
3030,3,Happy,3,3,3,3,3,3,3,3,3,3
3031,4,Sad,0,4,0,4,4,4,0,0,0,0
3032,5,Surprise,5,5,5,5,5,5,5,5,3,5
3033,3,Happy,5,3,5,3,5,3,5,5,5,3
3034,2,Fear,6,6,6,6,6,6,6,6,6,6
3035,5,Surprise,5,5,5,5,5,5,5,5,5,5
3036,6,Neutral,6,3,6,3,3,6,6,3,6,3
3037,3,Happy,3,3,3,3,3,3,3,3,3,3
3038,5,Surprise,5,5,5,5,5,5,5,5,5,5
3039,6,Neutral,6,6,6,6,6,6,6,6,6,6
3040,0,Angry,0,0,0,0,0,0,0,0,0,0
3041,6,Neutral,6,6,6,6,6,6,6,6,6,6
3042,6,Neutral,6,6,6,6,6,6,6,6,6,6
3043,3,Happy,3,3,3,3,3,3,3,3,3,3
3044,6,Neutral,4,6,4,6,4,4,4,6,4,6
3045,3,Happy,3,3,3,3,3,3,3,3,3,3
3046,3,Happy,3,3,3,3,3,3,3,3,3,3
3047,3,Happy,3,3,3,3,3,3,3,3,3,3
3048,3,Happy,3,3,3,3,3,3,3,3,3,3
3049,5,Surprise,5,5,5,5,5,5,5,5,5,5
3050,4,Sad,6,4,6,2,6,4,6,4,6,4
3051,3,Happy,3,3,3,3,3,3,3,3,3,3
3052,3,Happy,3,3,3,3,3,3,3,3,3,3
3053,4,Sad,2,4,2,4,2,4,2,4,2,6
3054,5,Surprise,5,5,5,5,5,5,5,5,5,5
3055,6,Neutral,6,6,6,6,6,4,6,6,6,6
3056,3,Happy,3,3,3,3,3,3,3,3,3,3
3057,6,Neutral,4,4,2,2,2,4,2,2,2,2
3058,6,Neutral,4,4,4,4,4,4,4,4,4,4
3059,2,Fear,2,0,2,0,3,3,3,0,2,3
3060,6,Neutral,3,0,1,0,0,0,3,0,3,0
3061,3,Happy,3,3,3,3,3,3,3,3,3,3
3062,2,Fear,4,6,4,6,4,6,4,6,4,6
3063,3,Happy,3,3,3,3,3,3,3,3,3,3
3064,2,Fear,2,2,2,4,4,2,2,4,2,4
3065,6,Neutral,6,6,4,6,4,6,4,6,4,6
3066,5,Surprise,5,5,5,5,5,5,5,5,5,5
3067,6,Neutral,6,6,6,6,6,6,6,6,6,6
3068,2,Fear,2,5,2,2,2,2,2,2,2,2
3069,3,Happy,3,3,3,3,3,3,3,3,3,3
3070,0,Angry,0,0,0,0,0,0,0,0,0,0
3071,2,Fear,2,2,2,2,2,2,2,2,2,4
3072,5,Surprise,5,5,5,5,5,5,5,5,5,5
3073,2,Fear,2,2,2,2,2,2,2,2,2,2
3074,4,Sad,4,4,4,4,4,4,4,4,4,4
3075,5,Surprise,5,5,5,5,5,5,5,5,5,5
3076,3,Happy,3,3,3,3,3,3,3,3,3,3
3077,2,Fear,2,2,2,2,2,0,2,2,2,2
3078,5,Surprise,5,5,5,5,5,5,5,5,5,5
3079,4,Sad,4,0,2,3,4,4,2,3,2,3
3080,6,Neutral,6,6,6,6,6,6,6,6,6,6
3081,5,Surprise,5,5,5,5,5,5,5,5,5,5
3082,4,Sad,4,4,4,4,4,4,4,4,4,4
3083,3,Happy,3,3,3,3,3,3,3,3,3,3
3084,5,Surprise,5,5,5,5,5,5,5,5,5,5
3085,0,Angry,0,0,0,0,5,0,0,0,0,0
3086,5,Surprise,2,5,2,2,5,5,5,2,2,2
3087,1,Disgust,1,1,1,1,1,2,1,1,1,1
3088,2,Fear,0,2,0,5,0,0,0,2,0,5
3089,6,Neutral,4,4,6,6,6,4,6,6,6,6
3090,5,Surprise,5,5,5,5,5,2,5,5,5,5
3091,2,Fear,4,4,4,4,4,4,4,4,4,4
3092,3,Happy,3,3,3,3,3,3,3,3,3,3
3093,3,Happy,3,3,3,3,3,3,3,3,3,3
3094,3,Happy,6,6,6,0,6,6,6,0,6,0
3095,2,Fear,0,2,0,2,0,5,0,2,0,2
3096,6,Neutral,2,5,4,5,2,5,2,5,2,5
3097,3,Happy,6,3,6,3,6,3,6,3,6,3
3098,4,Sad,4,4,2,4,0,4,2,4,2,4
3099,6,Neutral,6,6,6,6,6,6,6,6,6,6
3100,0,Angry,6,6,6,6,6,4,6,6,6,6
3101,3,Happy,3,3,3,3,3,3,3,3,3,3
3102,3,Happy,3,3,3,3,3,3,3,3,3,3
3103,5,Surprise,5,2,5,2,5,3,5,2,5,2
3104,3,Happy,3,6,3,3,3,6,3,6,3,3
3105,5,Surprise,5,5,5,5,5,5,5,5,5,5
3106,0,Angry,3,6,3,6,3,6,3,6,3,6
3107,4,Sad,4,4,4,4,4,4,4,4,4,4
3108,4,Sad,6,6,4,3,6,2,4,6,6,3
3109,2,Fear,2,2,2,2,2,2,2,2,2,2
3110,4,Sad,6,3,3,4,0,4,6,4,0,4
3111,6,Neutral,3,3,3,3,3,6,3,3,3,3
3112,2,Fear,2,2,2,2,2,2,2,2,2,2
3113,3,Happy,3,3,3,3,3,3,3,3,3,3
3114,6,Neutral,4,4,4,4,4,6,4,2,4,4
3115,4,Sad,4,4,4,4,4,4,4,4,4,4
3116,6,Neutral,6,4,2,4,0,3,2,4,2,4
3117,5,Surprise,5,5,5,5,5,5,5,5,5,5
3118,4,Sad,4,4,4,4,4,4,4,4,4,4
3119,1,Disgust,1,1,1,1,1,0,1,1,1,1
3120,4,Sad,4,4,4,4,4,2,4,4,4,4
3121,3,Happy,3,3,3,3,3,3,3,3,3,3
3122,6,Neutral,4,0,2,2,4,4,4,0,2,0
3123,6,Neutral,6,6,6,6,6,6,6,6,6,6
3124,3,Happy,3,3,3,3,3,3,3,3,3,3
3125,4,Sad,0,4,0,4,0,4,0,4,0,4
3126,6,Neutral,6,6,6,6,6,6,6,6,6,6
3127,4,Sad,4,4,4,4,6,4,4,4,4,4
3128,4,Sad,4,4,4,4,4,4,4,4,4,4
3129,4,Sad,4,4,4,4,4,1,4,4,4,4
3130,2,Fear,4,0,4,4,4,4,4,4,4,4
3131,0,Angry,4,6,3,6,6,6,6,0,6,6
3132,6,Neutral,0,4,0,4,4,4,0,4,0,4
3133,2,Fear,2,2,2,2,2,2,2,2,2,2
3134,4,Sad,4,4,4,4,4,4,4,0,4,4
3135,2,Fear,5,5,2,5,2,2,2,5,5,5
3136,4,Sad,4,4,4,6,4,4,4,6,4,6
3137,3,Happy,3,3,3,3,3,3,3,3,3,3
3138,6,Neutral,6,6,6,6,4,4,6,6,6,6
3139,5,Surprise,5,5,5,5,5,5,5,5,5,5
3140,0,Angry,0,0,0,0,2,5,0,0,2,0
3141,3,Happy,3,3,3,3,3,3,3,3,3,3
3142,6,Neutral,6,6,6,6,6,6,6,6,6,6
3143,4,Sad,4,4,4,4,4,4,4,4,4,4
3144,3,Happy,3,3,3,3,3,3,3,3,3,3
3145,6,Neutral,6,6,3,3,3,3,3,3,3,3
3146,2,Fear,2,2,2,2,2,2,2,2,2,2
3147,3,Happy,3,3,3,3,3,3,3,3,3,3
3148,4,Sad,3,3,4,3,4,3,4,3,4,3
3149,3,Happy,3,3,3,3,3,3,3,3,3,3
3150,4,Sad,4,4,4,4,2,4,4,4,4,4
3151,2,Fear,2,2,2,2,2,2,2,2,2,2
3152,3,Happy,3,3,3,3,3,3,3,3,3,3
3153,2,Fear,6,6,6,6,6,6,6,6,6,6
3154,3,Happy,3,3,3,3,3,3,3,3,3,3
3155,2,Fear,6,2,3,2,6,6,3,2,3,2
3156,3,Happy,3,3,3,3,3,3,3,3,3,3
3157,2,Fear,4,3,4,3,3,4,4,3,4,3
3158,0,Angry,4,0,4,4,4,0,4,4,4,4
3159,4,Sad,4,4,4,4,4,4,4,4,4,4
3160,6,Neutral,4,4,4,4,4,4,4,4,4,4
3161,3,Happy,3,6,3,6,3,3,3,6,3,6
3162,4,Sad,6,2,6,4,4,3,6,4,6,4
3163,5,Surprise,5,5,5,5,5,2,5,5,5,5
3164,0,Angry,0,0,0,0,0,0,0,0,0,0
3165,0,Angry,4,4,4,4,4,4,4,4,4,4
3166,5,Surprise,5,5,3,5,3,3,5,5,5,0
3167,6,Neutral,6,6,6,6,6,6,6,6,6,6
3168,0,Angry,5,5,5,5,5,5,5,5,5,5
3169,6,Neutral,6,0,6,0,6,0,0,0,6,0
3170,0,Angry,0,0,0,0,0,0,0,0,0,0
3171,6,Neutral,0,0,2,0,2,0,0,0,2,0
3172,4,Sad,4,4,2,4,2,4,2,0,2,4
3173,5,Surprise,3,3,5,3,5,3,5,3,5,3
3174,3,Happy,3,3,3,3,3,3,3,3,3,3
3175,6,Neutral,6,6,6,6,6,4,6,6,6,6
3176,2,Fear,2,2,2,2,2,2,2,2,2,2
3177,4,Sad,4,4,4,4,4,4,4,4,4,4
3178,4,Sad,4,4,4,4,4,4,4,4,4,4
3179,0,Angry,0,0,0,0,0,0,0,0,0,0
3180,3,Happy,3,3,3,3,3,3,3,3,3,3
3181,3,Happy,3,3,3,3,3,3,3,3,3,3
3182,6,Neutral,6,6,6,6,6,6,6,6,6,6
3183,5,Surprise,3,5,5,5,5,5,5,5,3,5
3184,4,Sad,0,4,0,2,6,2,0,5,0,4
3185,4,Sad,4,4,4,4,4,4,4,4,4,4
3186,5,Surprise,5,5,5,5,5,5,5,5,5,5
3187,3,Happy,3,3,3,3,3,3,3,3,3,3
3188,3,Happy,3,3,3,3,3,3,3,3,3,3
3189,6,Neutral,6,6,6,6,6,4,6,6,6,6
3190,5,Surprise,5,5,5,5,5,5,5,5,5,5
3191,4,Sad,4,6,4,6,4,4,4,6,4,0
3192,4,Sad,6,6,6,6,6,6,6,6,6,6
3193,5,Surprise,5,5,5,5,5,5,5,5,5,5
3194,2,Fear,2,2,2,2,2,2,2,2,2,2
3195,2,Fear,2,2,4,2,4,4,2,2,4,2
3196,5,Surprise,5,5,5,5,5,5,5,5,5,5
3197,6,Neutral,0,6,6,6,6,6,6,6,6,6
3198,4,Sad,4,4,4,4,4,4,4,4,4,4
3199,3,Happy,3,4,3,4,3,3,3,4,3,4
3200,6,Neutral,4,4,4,4,4,4,0,4,0,4
3201,3,Happy,3,3,3,3,3,3,3,3,3,3
3202,4,Sad,4,4,4,4,4,6,4,4,4,4
3203,4,Sad,0,6,6,0,6,3,6,2,6,4
3204,4,Sad,3,3,6,3,6,3,6,3,6,3
3205,2,Fear,4,4,4,4,4,4,4,4,4,4
3206,6,Neutral,4,4,4,6,4,4,4,6,4,6
3207,2,Fear,2,2,2,2,2,2,2,2,2,2
3208,0,Angry,2,2,2,4,4,2,2,4,2,4
3209,5,Surprise,4,0,4,0,4,4,4,6,4,0
3210,2,Fear,6,6,6,6,6,6,6,6,6,6
3211,2,Fear,1,0,1,0,0,0,1,0,1,0
3212,0,Angry,0,0,0,0,0,0,0,0,0,0
3213,3,Happy,3,3,3,3,3,3,3,3,3,3
3214,5,Surprise,4,4,2,2,2,4,2,2,2,2
3215,6,Neutral,0,0,0,0,0,0,0,0,0,3
3216,0,Angry,0,0,0,0,6,6,0,0,2,0
3217,0,Angry,0,0,0,4,0,0,2,4,0,4
3218,3,Happy,6,6,6,6,6,6,6,6,6,6
3219,0,Angry,3,0,3,0,3,5,3,0,3,0
3220,3,Happy,3,5,3,5,3,5,3,5,3,5
3221,6,Neutral,6,6,6,6,6,6,6,6,6,6
3222,0,Angry,0,2,0,2,0,0,0,2,0,2
3223,0,Angry,4,4,4,4,4,6,4,4,4,4
3224,3,Happy,3,3,3,3,3,3,3,3,3,3
3225,3,Happy,3,3,3,3,3,3,3,3,3,3
3226,5,Surprise,5,5,5,5,5,5,5,5,5,5
3227,0,Angry,0,2,0,2,0,4,0,2,0,2
3228,0,Angry,0,2,1,2,0,0,0,2,0,2
3229,4,Sad,3,6,6,6,6,6,3,6,6,6
3230,0,Angry,0,0,0,0,0,0,0,0,0,0
3231,2,Fear,4,4,4,4,4,6,4,4,4,4
3232,4,Sad,2,2,2,2,2,2,2,2,2,2
3233,6,Neutral,6,6,6,6,6,6,6,6,6,6
3234,6,Neutral,4,2,4,4,4,2,4,4,4,4
3235,2,Fear,5,5,5,5,5,5,5,5,5,5
3236,3,Happy,3,3,3,3,3,3,3,3,3,3
3237,0,Angry,2,0,0,0,0,0,0,0,0,0
3238,0,Angry,0,0,0,0,0,0,0,0,0,0
3239,0,Angry,3,4,3,4,3,4,0,3,0,3
3240,6,Neutral,6,6,4,6,4,6,6,6,6,6
3241,3,Happy,3,3,6,3,6,6,6,3,6,3
3242,3,Happy,3,3,3,3,3,3,3,3,3,3
3243,3,Happy,3,5,3,5,3,5,3,5,3,5
3244,5,Surprise,5,5,5,5,5,5,5,5,5,5
3245,2,Fear,0,4,0,2,2,4,2,2,0,4
3246,6,Neutral,4,2,4,2,4,4,4,2,4,2
3247,6,Neutral,3,3,3,3,6,3,3,3,3,3
3248,4,Sad,4,6,6,6,6,6,6,6,6,6
3249,3,Happy,3,3,2,3,3,3,2,3,2,3
3250,2,Fear,2,2,2,2,2,2,2,2,2,2
3251,6,Neutral,3,3,3,3,3,3,3,3,3,3
3252,5,Surprise,5,5,5,5,5,5,5,5,5,5
3253,3,Happy,3,6,3,6,3,6,3,6,3,6
3254,6,Neutral,4,4,2,4,6,4,4,4,2,4
3255,3,Happy,0,0,4,0,2,0,4,0,4,0
3256,2,Fear,2,2,2,2,2,2,2,2,2,2
3257,3,Happy,3,3,5,3,3,3,3,3,5,3
3258,4,Sad,4,4,6,4,4,4,4,4,4,4
3259,5,Surprise,5,5,5,5,5,5,5,5,5,5
3260,0,Angry,5,5,5,5,5,5,5,5,5,0
3261,6,Neutral,6,6,6,6,6,3,6,6,6,6
3262,0,Angry,5,5,5,5,5,5,5,5,5,5
3263,3,Happy,3,3,3,3,3,3,3,3,3,3
3264,2,Fear,2,2,6,2,4,4,6,2,2,2
3265,6,Neutral,3,6,6,6,6,6,6,6,6,6
3266,4,Sad,4,4,4,4,2,4,4,4,4,4
3267,4,Sad,4,0,4,6,6,4,4,0,4,0
3268,3,Happy,3,3,3,3,3,3,3,3,3,3
3269,5,Surprise,5,5,5,5,0,0,5,5,5,5
3270,2,Fear,4,4,4,4,4,4,4,4,4,4
3271,4,Sad,0,0,0,4,0,4,0,0,0,0
3272,6,Neutral,6,6,6,6,6,3,6,6,6,6
3273,2,Fear,0,0,0,0,0,0,0,1,0,0
3274,5,Surprise,5,2,5,2,5,2,4,2,4,2
3275,4,Sad,4,4,4,4,4,2,4,4,4,4
3276,3,Happy,3,3,3,3,3,3,3,3,3,3
3277,6,Neutral,6,6,6,6,6,6,6,6,6,6
3278,3,Happy,3,3,3,3,3,3,3,3,3,3
3279,4,Sad,4,2,0,2,5,0,3,2,5,4
3280,2,Fear,0,0,0,0,0,2,0,0,0,0
3281,3,Happy,3,3,3,3,3,3,3,3,3,3
3282,2,Fear,2,2,2,2,2,4,2,2,2,2
3283,4,Sad,4,4,4,4,4,4,4,4,4,4
3284,6,Neutral,3,3,3,3,3,3,3,3,3,3
3285,6,Neutral,6,3,6,3,4,3,6,3,6,3
3286,4,Sad,4,6,4,4,2,4,4,4,4,4
3287,6,Neutral,6,6,6,6,6,6,6,6,6,6
3288,6,Neutral,2,6,2,6,0,6,2,6,2,6
3289,5,Surprise,5,5,5,5,5,5,5,5,5,5
3290,6,Neutral,6,6,6,6,6,6,6,6,6,6
3291,2,Fear,4,2,4,2,4,4,4,6,4,6
3292,0,Angry,0,6,0,6,6,4,0,6,0,6
3293,4,Sad,4,2,4,2,4,4,4,2,4,2
3294,3,Happy,3,3,3,6,3,6,3,6,3,3
3295,5,Surprise,5,5,3,5,5,5,3,5,3,5
3296,4,Sad,4,4,4,4,4,4,4,4,4,4
3297,4,Sad,6,6,0,6,2,6,0,6,0,6
3298,2,Fear,6,2,6,4,2,4,6,6,6,2
3299,6,Neutral,6,6,6,6,6,6,6,6,6,6
3300,6,Neutral,6,6,6,6,6,6,6,6,6,6
3301,4,Sad,4,0,4,0,4,0,4,0,4,0
3302,3,Happy,3,3,3,3,3,3,3,3,3,3
3303,3,Happy,3,3,3,3,3,3,3,3,3,3
3304,3,Happy,3,3,3,3,3,3,3,3,3,3
3305,2,Fear,0,2,5,2,0,4,0,2,0,2
3306,4,Sad,4,4,4,4,4,4,4,4,4,4
3307,6,Neutral,6,6,6,6,6,6,6,6,6,6
3308,0,Angry,4,5,4,2,0,0,4,2,4,2
3309,2,Fear,4,2,4,2,4,4,4,2,4,2
3310,0,Angry,0,0,0,0,0,0,0,0,0,0
3311,6,Neutral,4,2,4,2,4,2,4,2,4,2
3312,3,Happy,3,3,3,3,3,3,3,3,3,3
3313,3,Happy,3,3,3,3,3,3,3,3,3,3
3314,0,Angry,0,0,0,0,0,0,0,0,0,0
3315,0,Angry,2,0,2,0,4,0,2,2,2,4
3316,4,Sad,4,4,4,4,4,4,4,4,4,4
3317,4,Sad,4,4,4,4,4,4,4,4,4,4
3318,3,Happy,3,3,3,3,3,3,3,3,3,3
3319,6,Neutral,6,6,6,6,6,4,6,6,6,6
3320,4,Sad,0,0,0,0,0,0,0,0,0,0
3321,4,Sad,4,4,4,4,4,4,4,2,4,4
3322,5,Surprise,5,5,5,5,5,5,5,5,5,5
3323,6,Neutral,3,2,3,4,3,6,3,4,3,4
3324,6,Neutral,4,4,4,4,4,4,4,4,4,4
3325,6,Neutral,6,6,6,6,6,6,6,6,6,6
3326,5,Surprise,5,0,5,3,5,3,5,3,5,5
3327,3,Happy,6,6,6,6,6,3,6,6,6,6
3328,3,Happy,3,3,3,3,1,3,3,3,3,3
3329,4,Sad,4,4,4,2,4,4,4,4,4,4
3330,3,Happy,3,3,3,3,3,3,0,3,0,3
3331,5,Surprise,5,5,5,5,5,5,5,5,5,5
3332,3,Happy,6,6,6,6,6,6,6,6,6,6
3333,4,Sad,3,3,3,3,3,4,3,3,3,3
3334,3,Happy,6,3,6,3,3,3,3,3,6,3
3335,4,Sad,4,4,4,2,4,2,4,4,4,2
3336,4,Sad,6,4,6,4,4,4,6,4,6,4
3337,3,Happy,3,3,3,3,3,3,3,3,3,3
3338,3,Happy,3,3,3,3,3,3,3,3,3,3
3339,3,Happy,3,3,3,3,3,3,3,3,3,3
3340,6,Neutral,6,6,6,6,6,6,6,6,6,6
3341,2,Fear,6,6,6,6,6,6,6,6,6,6
3342,3,Happy,0,0,0,0,0,0,0,0,0,0
3343,2,Fear,5,5,5,5,5,5,5,5,5,5
3344,2,Fear,2,4,6,4,6,6,6,4,6,4
3345,4,Sad,4,4,4,4,4,6,4,4,4,4
3346,3,Happy,3,3,3,3,3,0,3,3,3,3
3347,1,Disgust,6,4,6,4,2,6,6,4,6,4
3348,5,Surprise,5,5,5,2,5,2,5,2,5,2
3349,2,Fear,0,4,0,4,4,4,0,4,0,4
3350,2,Fear,2,2,2,2,4,4,4,2,4,2
3351,4,Sad,0,0,0,0,0,0,0,0,0,0
3352,5,Surprise,5,5,5,5,5,5,5,5,5,5
3353,3,Happy,3,3,3,3,3,3,3,3,3,3
3354,3,Happy,6,3,6,3,3,3,6,0,6,3
3355,4,Sad,4,4,4,4,4,4,4,4,4,4
3356,4,Sad,0,0,0,0,0,4,0,0,0,0
3357,3,Happy,0,6,0,6,0,6,0,6,0,6
3358,4,Sad,4,4,4,4,4,4,4,4,4,4
3359,3,Happy,3,3,3,3,3,3,3,3,3,3
3360,5,Surprise,5,5,5,5,5,5,5,5,5,5
3361,3,Happy,3,6,3,6,3,6,3,6,3,6
3362,6,Neutral,0,0,0,0,0,0,0,0,0,0
3363,0,Angry,3,0,3,0,3,4,3,0,0,0
3364,6,Neutral,6,6,6,6,6,5,6,6,6,6
3365,2,Fear,0,0,0,0,2,0,0,0,0,0
3366,3,Happy,3,3,3,3,3,3,3,3,3,3
3367,2,Fear,2,2,2,2,2,5,2,2,2,2
3368,4,Sad,4,4,4,4,4,4,4,4,4,4
3369,0,Angry,0,0,0,0,0,0,0,0,0,0
3370,5,Surprise,5,5,5,5,5,5,5,5,5,5
3371,3,Happy,3,3,3,3,3,3,3,3,3,3
3372,6,Neutral,6,6,6,6,6,6,6,6,6,6
3373,6,Neutral,6,6,2,6,6,6,2,6,2,6
3374,4,Sad,4,4,4,4,2,4,4,4,4,4
3375,3,Happy,3,3,3,3,3,3,3,3,3,3
3376,3,Happy,3,3,3,3,3,3,3,3,3,3
3377,1,Disgust,0,2,0,2,0,2,0,1,0,2
3378,3,Happy,6,6,6,3,6,6,6,6,6,3
3379,2,Fear,2,2,2,2,2,2,2,2,2,2
3380,4,Sad,4,4,2,4,2,4,2,4,2,4
3381,6,Neutral,6,6,6,6,6,6,6,6,6,6
3382,4,Sad,4,4,4,4,4,4,4,4,4,4
3383,3,Happy,3,3,3,3,3,3,3,3,3,3
3384,2,Fear,4,4,4,4,4,4,4,4,4,4
3385,0,Angry,0,0,0,0,0,0,0,0,0,0
3386,3,Happy,3,3,3,3,3,3,3,3,3,3
3387,5,Surprise,5,5,5,5,5,2,5,5,5,5
3388,2,Fear,2,2,2,2,0,2,2,2,2,2
3389,5,Surprise,5,5,5,5,5,5,5,5,5,5
3390,5,Surprise,5,5,5,5,5,5,5,5,5,5
3391,3,Happy,3,3,3,3,3,3,3,3,3,3
3392,6,Neutral,6,6,6,6,0,5,6,6,6,6
3393,2,Fear,0,0,0,0,0,0,0,0,0,0
3394,2,Fear,2,2,2,2,2,2,2,2,2,2
3395,2,Fear,2,2,2,2,4,4,2,2,2,2
3396,3,Happy,3,3,3,3,3,3,3,3,3,3
3397,6,Neutral,6,6,6,6,6,6,6,6,6,6
3398,3,Happy,3,3,3,3,3,3,5,3,3,3
3399,3,Happy,3,3,3,3,3,3,3,3,3,3
3400,2,Fear,6,2,6,2,6,2,6,2,6,2
3401,4,Sad,4,6,4,4,4,2,4,2,4,4
3402,2,Fear,2,2,2,2,2,4,2,2,2,2
3403,0,Angry,0,0,0,0,0,0,0,0,0,0
3404,6,Neutral,0,2,0,4,0,2,0,4,0,4
3405,2,Fear,2,2,2,2,2,2,2,2,2,2
3406,6,Neutral,6,6,6,6,6,6,6,6,6,6
3407,6,Neutral,6,6,6,6,6,6,6,6,6,6
3408,6,Neutral,6,6,6,6,6,6,6,6,6,6
3409,6,Neutral,4,6,4,6,4,6,4,6,4,6
3410,5,Surprise,5,5,5,5,5,5,5,5,5,5
3411,1,Disgust,1,1,1,1,1,0,1,1,1,1
3412,2,Fear,2,2,2,2,2,2,2,2,2,2
3413,6,Neutral,0,0,0,0,0,0,0,0,0,0
3414,6,Neutral,6,4,6,4,6,5,6,4,6,4
3415,4,Sad,0,0,0,0,0,0,0,0,0,0
3416,2,Fear,4,4,4,4,4,4,4,4,4,4
3417,4,Sad,4,4,4,4,4,4,4,4,4,4
3418,6,Neutral,4,6,4,6,4,6,4,6,4,6
3419,3,Happy,3,3,3,3,3,3,3,3,3,3
3420,2,Fear,2,2,2,2,2,2,2,2,2,2
3421,2,Fear,2,2,2,2,2,2,2,2,2,2
3422,4,Sad,6,0,6,0,4,3,6,3,6,3
3423,5,Surprise,5,5,5,5,5,5,5,5,5,5
3424,6,Neutral,2,4,2,0,2,0,2,0,2,0
3425,3,Happy,3,3,3,3,3,4,3,3,3,3
3426,2,Fear,2,2,2,2,2,1,2,2,2,2
3427,3,Happy,3,3,3,2,3,3,3,2,3,2
3428,2,Fear,2,2,2,2,2,2,2,2,2,2
3429,4,Sad,4,4,4,4,4,3,4,4,4,4
3430,4,Sad,4,4,4,4,4,2,4,4,4,4
3431,3,Happy,3,3,3,3,3,3,3,3,3,3
3432,0,Angry,0,0,4,4,0,0,4,2,4,2
3433,3,Happy,3,3,3,3,3,3,3,3,3,3
3434,2,Fear,4,4,4,4,4,4,4,4,4,4
3435,3,Happy,3,3,3,3,3,3,3,3,3,3
3436,4,Sad,4,4,4,4,4,4,4,4,4,4
3437,5,Surprise,5,5,5,5,5,5,5,5,5,5
3438,4,Sad,2,0,2,6,2,4,2,6,2,6
3439,5,Surprise,5,5,5,5,5,5,5,5,5,5
3440,6,Neutral,6,0,6,0,6,0,6,0,6,0
3441,0,Angry,4,0,2,0,2,0,2,0,4,0
3442,5,Surprise,5,5,5,5,5,5,5,5,5,5
3443,5,Surprise,5,5,5,5,5,5,5,5,5,5
3444,0,Angry,2,2,2,2,0,2,2,2,2,2
3445,4,Sad,6,4,6,4,4,3,6,4,6,4
3446,6,Neutral,6,6,6,6,6,6,6,2,6,2
3447,3,Happy,3,3,3,3,3,3,3,3,3,3
3448,4,Sad,6,4,6,3,6,3,6,3,6,3
3449,6,Neutral,6,6,6,6,6,6,6,6,6,6
3450,5,Surprise,5,5,5,5,5,5,5,5,5,5
3451,3,Happy,3,3,3,3,3,3,3,3,3,3
3452,0,Angry,0,0,0,0,0,6,0,0,0,0
3453,3,Happy,3,3,3,3,3,3,3,3,3,3
3454,4,Sad,2,2,4,4,6,6,4,2,4,4
3455,4,Sad,4,2,6,2,6,6,6,2,6,4
3456,5,Surprise,2,2,2,2,2,2,2,2,2,5
3457,3,Happy,3,3,3,3,3,3,3,3,3,3
3458,3,Happy,3,3,3,3,3,3,3,3,3,3
3459,2,Fear,2,2,2,2,2,6,2,2,2,2
3460,3,Happy,3,3,3,3,3,3,3,3,3,3
3461,5,Surprise,5,5,2,2,5,2,2,2,2,2
3462,3,Happy,3,3,3,3,3,3,3,3,3,3
3463,0,Angry,4,4,4,4,4,4,4,4,4,4
3464,5,Surprise,5,5,5,5,5,5,5,5,5,5
3465,3,Happy,2,2,2,2,2,2,3,2,3,2
3466,4,Sad,4,2,4,4,4,0,4,0,4,2
3467,5,Surprise,5,5,5,5,5,5,5,5,5,5
3468,3,Happy,3,3,3,3,3,3,3,3,3,3
3469,1,Disgust,1,1,1,1,1,1,1,1,1,1
3470,5,Surprise,5,5,5,5,5,5,5,5,5,5
3471,2,Fear,4,2,4,2,4,2,4,2,4,2
3472,0,Angry,0,2,0,6,0,4,0,6,0,6
3473,3,Happy,3,3,3,3,3,3,3,3,3,3
3474,4,Sad,2,4,2,4,4,6,2,4,2,4
3475,4,Sad,4,4,4,4,4,4,4,4,4,4
3476,3,Happy,3,3,3,3,3,3,3,3,3,3
3477,3,Happy,3,4,3,4,6,4,3,4,6,4
3478,6,Neutral,6,6,4,6,4,6,6,6,6,6
3479,3,Happy,3,3,3,3,3,3,3,3,3,3
3480,4,Sad,4,4,4,4,4,4,4,4,4,4
3481,4,Sad,4,2,4,2,4,2,4,4,4,2
3482,6,Neutral,6,6,6,6,6,6,6,6,6,6
3483,6,Neutral,3,3,3,3,3,3,3,3,3,3
3484,4,Sad,4,2,4,4,4,5,4,2,4,4
3485,3,Happy,3,0,3,2,3,0,3,0,4,2
3486,4,Sad,4,2,4,2,4,4,4,2,4,2
3487,0,Angry,4,0,4,0,0,0,4,0,4,0
3488,4,Sad,6,6,6,6,4,6,6,6,6,6
3489,3,Happy,3,3,3,3,3,3,3,3,3,3
3490,3,Happy,3,2,3,2,4,2,5,2,3,2
3491,0,Angry,0,0,0,0,0,1,0,0,0,0
3492,2,Fear,2,2,2,2,2,2,2,2,2,2
3493,4,Sad,6,0,6,2,6,4,6,0,6,0
3494,0,Angry,0,0,0,0,0,0,0,0,0,0
3495,0,Angry,0,0,0,0,0,0,0,0,0,0
3496,2,Fear,2,2,2,2,2,2,2,2,2,2
3497,0,Angry,4,4,4,4,2,2,4,2,4,4
3498,0,Angry,0,0,0,0,0,0,0,0,0,0
3499,2,Fear,2,5,5,2,2,5,5,2,2,5
3500,4,Sad,4,0,4,0,0,0,5,0,4,0
3501,5,Surprise,3,3,3,3,3,3,3,3,3,3
3502,0,Angry,0,0,0,0,0,0,0,0,0,0
3503,5,Surprise,5,5,5,5,5,5,5,5,5,5
3504,6,Neutral,6,6,6,6,6,6,6,6,6,6
3505,5,Surprise,5,5,5,5,5,5,5,5,5,5
3506,0,Angry,0,0,0,0,6,0,0,0,0,0
3507,6,Neutral,6,3,6,3,6,3,6,3,6,3
3508,4,Sad,4,0,4,0,0,0,4,0,4,0
3509,2,Fear,0,0,0,0,0,0,0,0,0,0
3510,6,Neutral,0,6,4,6,0,6,4,6,4,6
3511,6,Neutral,6,6,6,6,6,6,6,6,6,6
3512,4,Sad,4,2,4,2,4,4,4,2,4,2
3513,6,Neutral,3,3,3,3,3,3,3,3,3,3
3514,0,Angry,4,0,4,0,2,0,4,0,4,0
3515,3,Happy,4,3,4,3,4,2,4,3,4,3
3516,0,Angry,0,0,0,0,0,0,0,0,0,0
3517,4,Sad,4,6,4,6,4,4,4,6,4,6
3518,3,Happy,3,3,3,3,3,3,3,3,3,3
3519,6,Neutral,6,6,6,6,6,6,6,6,6,6
3520,2,Fear,2,2,2,2,5,6,2,2,2,2
3521,6,Neutral,6,6,6,4,4,3,4,4,4,6
3522,0,Angry,4,0,0,0,0,0,0,0,0,0
3523,2,Fear,2,5,2,5,2,5,2,5,2,5
3524,4,Sad,6,0,6,0,6,0,6,0,6,0
3525,4,Sad,2,2,2,2,4,4,4,2,2,4
3526,5,Surprise,5,5,5,5,5,2,5,5,5,5
3527,3,Happy,3,3,3,3,3,1,3,3,3,3
3528,5,Surprise,2,3,2,3,2,3,2,3,2,3
3529,0,Angry,5,6,0,6,5,2,5,6,5,6
3530,6,Neutral,3,3,3,3,3,3,3,3,3,3
3531,0,Angry,4,0,0,0,4,0,0,0,0,0
3532,4,Sad,4,4,4,4,4,4,4,4,4,4
3533,6,Neutral,6,6,6,6,6,6,6,6,6,6
3534,5,Surprise,6,2,2,2,2,2,2,2,2,2
3535,3,Happy,3,3,3,3,3,3,3,3,3,3
3536,4,Sad,4,4,4,4,4,4,4,4,4,4
3537,4,Sad,3,6,3,6,3,6,3,6,3,6
3538,3,Happy,3,3,3,3,3,3,3,3,3,3
3539,3,Happy,3,3,3,3,3,3,3,3,3,4
3540,3,Happy,3,3,3,3,3,3,3,3,3,3
3541,2,Fear,2,2,2,2,6,2,2,2,2,2
3542,3,Happy,3,3,3,3,3,3,3,3,3,3
3543,0,Angry,0,0,0,0,0,0,0,0,0,0
3544,6,Neutral,6,6,6,6,6,6,6,6,6,6
3545,4,Sad,5,5,5,5,5,2,5,5,5,5
3546,4,Sad,4,4,4,4,4,4,4,0,4,4
3547,4,Sad,2,0,2,0,2,2,2,0,2,0
3548,3,Happy,3,3,3,3,3,3,3,3,3,3
3549,3,Happy,3,3,3,3,3,3,3,3,3,3
3550,3,Happy,3,3,3,3,3,3,3,3,3,3
3551,1,Disgust,1,1,1,1,1,1,1,1,1,1
3552,0,Angry,0,0,0,0,0,0,0,0,0,0
3553,3,Happy,3,3,3,3,6,3,3,3,3,3
3554,3,Happy,3,3,3,3,3,3,3,3,3,3
3555,4,Sad,0,0,0,0,0,2,0,0,0,0
3556,5,Surprise,5,5,5,5,5,5,5,5,5,5
3557,5,Surprise,2,5,2,5,2,2,2,2,2,2
3558,4,Sad,4,6,4,6,4,4,4,6,4,6
3559,4,Sad,4,6,6,6,4,4,4,6,4,6
3560,6,Neutral,4,4,4,4,4,4,4,4,4,4
3561,6,Neutral,6,6,6,6,6,6,6,6,6,6
3562,2,Fear,2,2,2,2,2,2,2,2,2,2
3563,6,Neutral,6,6,6,6,6,6,6,6,6,6
3564,3,Happy,4,6,4,6,4,3,4,6,4,6
3565,3,Happy,3,3,3,3,3,3,3,3,3,3
3566,4,Sad,4,4,6,4,4,3,6,4,6,4
3567,4,Sad,4,4,4,4,2,4,4,4,4,4
3568,4,Sad,6,6,6,6,6,0,6,6,6,6
3569,0,Angry,0,0,0,0,0,0,0,0,0,0
3570,2,Fear,5,5,5,5,3,5,5,5,5,5
3571,4,Sad,2,4,2,2,2,2,2,0,2,0
3572,0,Angry,0,0,0,6,0,0,2,6,0,0
3573,3,Happy,3,3,3,3,3,3,3,3,3,3
3574,5,Surprise,5,5,5,5,5,5,5,5,5,5
3575,5,Surprise,5,5,5,5,5,5,5,5,5,5
3576,6,Neutral,6,6,6,6,6,6,6,6,6,6
3577,4,Sad,4,4,4,4,2,2,4,4,4,4
3578,3,Happy,6,6,6,6,4,3,6,6,6,6
3579,4,Sad,4,2,4,2,4,4,4,4,4,4
3580,1,Disgust,1,1,2,1,0,1,2,1,2,1
3581,2,Fear,4,6,4,6,4,4,4,6,4,2
3582,3,Happy,3,3,3,3,3,0,3,3,3,3
3583,3,Happy,3,3,3,3,3,3,3,3,3,3
3584,4,Sad,6,2,6,2,4,2,6,2,6,2
3585,3,Happy,3,3,3,3,3,3,3,3,3,3
3586,4,Sad,4,6,4,6,4,6,4,6,4,6
3587,4,Sad,0,0,0,0,0,0,0,0,0,0
3588,4,Sad,4,6,4,2,4,4,4,2,4,2
