epoch,lr,epoch_duration_sec,global_optimizer_step,early_stop_monitor_active,early_stop_patience,gpu_peak_allocated_mib,gpu_peak_reserved_mib,train_loss,ce_final,weighted_ce_motif,weighted_ce_pixel,weighted_diversity,weighted_mi,consistency_loss_raw,weighted_consistency,supcon_loss_raw,supcon_loss_weighted,valid_supcon_anchor_fraction,mean_positive_count,tau,H_local_raw,H_local_normalized,H_global_raw,H_global_normalized,L_MI,mean_entropy,effective_motif_count,min_utilization,max_utilization,std_utilization,mean_top1_probability,mean_top2_probability,mean_top1_top2_margin,mean_offdiag_prototype_cosine,mean_alpha_8,mean_alpha_12,mean_alpha_16,std_alpha_8,std_alpha_12,std_alpha_16,motif_l1_selected_k,motif_l1_entropy,motif_l1_top1_mass,motif_l1_boundary_tie_count,motif_l1_local_share,motif_l1_meso_share,motif_l1_far_share,motif_l1_edge_universe_coverage,motif_l2_selected_k,motif_l2_entropy,motif_l2_top1_mass,motif_l2_boundary_tie_count,motif_l2_local_share,motif_l2_meso_share,motif_l2_far_share,motif_l2_edge_universe_coverage,motif_l3_selected_k,motif_l3_entropy,motif_l3_top1_mass,motif_l3_boundary_tie_count,motif_l3_local_share,motif_l3_meso_share,motif_l3_far_share,motif_l3_edge_universe_coverage,motif_l4_selected_k,motif_l4_entropy,motif_l4_top1_mass,motif_l4_boundary_tie_count,motif_l4_local_share,motif_l4_meso_share,motif_l4_far_share,motif_l4_edge_universe_coverage,motif_l5_selected_k,motif_l5_entropy,motif_l5_top1_mass,motif_l5_boundary_tie_count,motif_l5_local_share,motif_l5_meso_share,motif_l5_far_share,motif_l5_edge_universe_coverage,train_accuracy,consistency_group_fraction,val_raw_loss,val_raw_accuracy,val_raw_macro_f1,val_tta_loss,val_tta_accuracy,val_tta_macro_f1
1,5.9999999999999995e-05,436.074408003,897,False,0,2824.81494140625,3182.0,2.2895263105505266,1.7208676693801483,0.3419717335280358,0.09187955486054637,4.631241354995007e-05,-7.604402516626963e-05,0.005854996916451272,0.0008782495725484053,2.6791768354234984,0.1339588448145226,0.9146260754477621,2.8914848994534403,0.699999988079071,3.8575294711978554,0.9964684047807434,3.869304737537656,0.9995101657343607,-0.0030417609536173185,3.8575294711978554,47.348301637674716,0.01828395541385063,0.02366641411129779,0.0012739540462955775,0.030585802544067054,0.02836394015967061,0.0022218623948502625,-0.0029357829235610662,0.32204820952689023,0.3442803484368978,0.3336714214800941,0.03126107977205648,0.021525863995086877,0.029175894720884502,8.0,2.0620221792706928,0.16256700152191747,60542.0,0.14990214974320318,0.40113761441503065,0.44896023576442895,0.9928688408584446,16.0,2.7285693915744256,0.10034835317753014,62917.0,0.12309357680149631,0.40162066806736707,0.4752857552681636,0.9996344412816904,16.0,2.7355132351275744,0.09713077979707524,53015.0,0.17834888420602762,0.480310274692716,0.34134084135870096,0.9996591468930988,16.0,2.750871992753987,0.08917516916149433,73438.0,0.15215799918248324,0.46263578623193796,0.3852062143696576,0.9999944756590687,24.0,3.1559962843888614,0.062394129974166324,77243.0,0.11564977827949614,0.4038472859279552,0.48050293597109894,1.0,0.31749625552962485,0.5011135857461024,1.7225133981436334,0.3148509334076344,0.17632056802737975,1.720838902321457,0.3165227082752856,0.17564948509005607
2,0.00011999999999999999,435.5647694690001,1794,False,0,2824.81494140625,3182.0,2.081808547091013,1.5515914527785837,0.3081132140734788,0.09060586879434139,4.259994196589413e-05,-0.00012207614426683035,0.008989786942477734,0.0013484680938078233,2.60458040435493,0.13022902288188248,0.9135811069699398,2.8780205579938265,0.6991468071937561,3.8509033056232114,0.9947567489699529,3.869806557141143,0.9996397946524418,-0.004883045682488881,3.8509033056232114,47.03575435597104,0.018732289349316218,0.023741343454317516,0.0011005906796486993,0.032951408807273784,0.030092539466750643,0.0028588690726004296,-0.004460006544319182,0.32342016892919984,0.34129681333283396,0.33528299640640036,0.04946800021256743,0.05214896264883633,0.051439038330073426,8.0,1.974601655163533,0.22581911314791525,42383.0,0.14144699819552878,0.41647308953063583,0.4420799119193301,0.9991310454676395,16.0,2.570304224253523,0.16300001065442213,42253.0,0.12756966574259565,0.4265009073323933,0.44592942663019547,0.9984004407858474,16.0,2.56843223058217,0.1668976787980553,33795.0,0.16396289214187168,0.48868235924109477,0.3473547489076968,0.9986142168129253,16.0,2.7169284723558174,0.10744577162534807,57834.0,0.14772833837100532,0.46673593264317215,0.3855357285041521,0.9999932316786369,24.0,3.1413874006382643,0.06930861155736359,74291.0,0.12282759314983291,0.4216524962607154,0.4555199108993194,1.0,0.41314570343794627,0.48775055679287305,1.5007214358869985,0.43048202842017275,0.312405009386417,1.4950084499609972,0.43243243243243246,0.3141130173811953
3,0.00017999999999999998,438.6298348129999,2692,False,0,2824.81494140625,3182.0,1.9534949141612699,1.4484442328579594,0.287725885123302,0.08898886887060072,3.981148456026905e-05,-0.00023602505549622543,0.01061410400553878,0.0015921156662105766,2.5388004791691343,0.1269400264412396,0.9168205092521233,2.849614202002505,0.6965945959091187,3.832444047391375,0.9899883951515965,3.868992066000517,0.9994293972053118,-0.009441002053715201,3.832444047391375,46.176723990994624,0.018400624299691744,0.02492113055098096,0.0013734511524526316,0.0371885581284667,0.03356789040730131,0.00362066777830861,-0.006077075038626757,0.35710684688280875,0.33337128829248497,0.30952184567519075,0.054766259750891694,0.05645725798612997,0.05156227275874511,8.0,1.8236155653370265,0.30387185846211673,40414.0,0.14884734772808306,0.4348811659397611,0.41627148593612723,0.9971312361848305,16.0,2.347745269737322,0.23895150243876817,31512.0,0.13151692471503712,0.4392968690724635,0.42918620612218616,0.9984914749811974,16.0,2.204926870211301,0.2862446231971843,27146.0,0.1572808250709613,0.4836311746596161,0.3590880000727059,0.9972492713859958,16.0,2.587722219159027,0.1545326947130925,50047.0,0.15571460181551297,0.4744955720275816,0.3697898263754219,0.9999997630181277,24.0,3.104964988168294,0.082678621305055,72006.0,0.12123115799742111,0.4246604632524086,0.45410837903097173,1.0,0.46466264934341145,0.5033407572383074,1.347075438193871,0.4901086653663973,0.37054613039372947,1.3398600079681788,0.4917804402340485,0.37093151451723266
4,0.00023999999999999998,434.84879581300015,3590,False,0,2824.81494140625,3182.0,1.8738487886449893,1.3852108967184227,0.2754495642123466,0.087186787698792,4.077035415421938e-05,-0.00064567780316915,0.010442904208358025,0.0015664356958565231,2.5008002823309083,0.12504001618510727,0.9162283604486122,2.877001660242778,0.6923651099205017,3.7665348182282123,0.9729628699974953,3.8665167575902486,0.998789981696344,-0.025827111698848756,3.7665348182282123,43.25332567457529,0.017459521043456962,0.025234122780479668,0.0019888407184665735,0.0423245355175445,0.03910474774312452,0.003219787767494011,-0.008298332370881763,0.35751408485850716,0.3479202146940651,0.29456567992141425,0.051167833021694954,0.05305211995418673,0.05025352827140337,8.0,1.740792673314858,0.3423687735526198,40662.0,0.15582298629097216,0.4407568775121809,0.4034201364849149,0.9969763707652054,16.0,2.1001537951636147,0.31548854188799647,27686.0,0.13788782611368358,0.45049798762982257,0.41161418637535435,0.9993788285470356,16.0,1.9518327508053606,0.36310171428143306,24665.0,0.15903123626701843,0.4875228156896963,0.3534459482758159,0.9961038468615622,16.0,2.4285256094625116,0.21111448581062425,46093.0,0.15223916336385893,0.47796370899537344,0.369797127845789,0.9999978081149166,24.0,3.0253342177336475,0.10694935258100713,75181.0,0.12002706972087304,0.42540104434285,0.4545718863917359,1.0,0.4971611689714027,0.4922048997772829,1.2449114638538739,0.5282808581777654,0.41413372018040173,1.237295198121686,0.5291167456115909,0.41528052034796764
5,0.0003,432.0521542050001,4488,False,0,2824.81494140625,3182.0,1.8236592402008576,1.347125677966271,0.26825519332924275,0.08479472409143954,5.60595103518854e-05,-0.0016617492436056633,0.010412365647495517,0.0015618549084036597,2.4705495735691185,0.12352748090602615,0.9177261485965935,2.853962727145112,0.6864944696426392,3.6074115960026383,0.9318585141420389,3.8647302059823474,0.9983284827218608,-0.0664699685798219,3.6074115960026383,36.91691180088373,0.016266673610246047,0.024589742295135962,0.002276895133024837,0.04264455450122403,0.0409952648899617,0.001649289589734272,-0.011201819123185047,0.37029572356236784,0.3580167281537965,0.271687529745751,0.05033033917448111,0.052827667881588006,0.05017001748608216,8.0,1.6405569173196062,0.38443894348962043,39509.0,0.16868283692289948,0.4505364262425309,0.3807807373935773,0.995555679158418,16.0,1.8926049709868176,0.3796539703541246,26414.0,0.1401130637978805,0.45159402687416966,0.40829290882967006,0.9993714673308445,16.0,1.739856840197314,0.4257888652049759,24112.0,0.15928280021619132,0.4866186869769781,0.35409851259350456,0.9978464254869048,16.0,2.2308259485756916,0.2765672389570874,49153.0,0.15134514213384823,0.4767311393400773,0.3719237187419957,0.9999890554980626,24.0,2.9201555845028158,0.13696213791315498,78833.0,0.12264928489735584,0.4282248435644044,0.44912587187457864,1.0,0.5132536835138807,0.47216035634743875,1.1862175814053846,0.5477848983003623,0.43880692145830646,1.1771544559847582,0.5516857063248816,0.4432135298971285
6,0.0002998847409179881,434.80895753999994,5386,False,0,2824.81494140625,3182.0,1.7546517264818489,1.2943943702023148,0.2576007145290909,0.0818767253879266,6.49521745861414e-05,-0.0024623082297173175,0.011206380279143738,0.0016809571110727628,2.4299263438775194,0.1214963192525501,0.9165766832721308,2.858022260435024,0.6790326833724976,3.4876559724827336,0.9009235081945394,3.8689395652976155,0.9994158354845785,-0.09849232729003905,3.4876559724827336,32.71477964264982,0.017930316900173767,0.02253791144931116,0.0012588470343871101,0.03999723281894691,0.03944948434935077,0.0005477484627279646,-0.014334253351484671,0.3683101967371072,0.3609379703198661,0.2707518135464475,0.051657814999655695,0.056146216979449166,0.05103563758984803,8.0,1.5666441627669732,0.4127200926891535,38666.0,0.1744509115869662,0.4590150063665456,0.3665340820989114,0.990595944755989,16.0,1.7683758506157368,0.41560614490015735,25747.0,0.14332838591413066,0.4577956988890055,0.39887591570085307,0.9995305246081719,16.0,1.6680037631705835,0.44627149000474786,25121.0,0.16210398566746123,0.4914313766885657,0.3464646373008867,0.9980402231972155,16.0,2.0885610213046033,0.3222702558079485,57171.0,0.15318669930135217,0.4806577016828601,0.36615559931994607,0.9999690028047308,24.0,2.8144668642682067,0.16681432788152548,82748.0,0.12185968909517858,0.4272906311081347,0.4508496792483194,1.0,0.5438364276011007,0.4844097995545657,1.1395400317142388,0.5625522429646141,0.4649505232468313,1.1290564230140054,0.561994984675397,0.46268403927414575
7,0.0002995391413931026,435.141474821,6284,False,0,2824.81494140625,3182.0,1.6977603706289905,1.2503466680757536,0.2489520935025425,0.08001336836918481,5.179944940135644e-05,-0.002779289840930254,0.011259193947693992,0.001688879162393384,2.3897369757869233,0.11948685080623746,0.9138249329488941,2.874291043980974,0.670043408870697,3.4387979275663136,0.8883026070557251,3.869165503445985,0.9994741988105665,-0.11117159175484144,3.4387979275663136,31.150706444170627,0.019261245774444838,0.022175533137482394,0.0010864639692280667,0.03944243946583041,0.03920082869106477,0.00024161076330111186,-0.017025969860517118,0.37341493724730285,0.3562906586966913,0.2702943840064725,0.05448326438428188,0.05803931963437424,0.054806291369956225,8.0,1.5776854437377255,0.40932660240141083,36799.0,0.1845474753682859,0.4675398968174945,0.3479126282211481,0.9909340920063465,16.0,1.7033374947213367,0.43501062308522437,24149.0,0.1458676620134968,0.4599333599003726,0.39419897834357515,0.9996474168322969,16.0,1.5969971697874181,0.46835263726139,24751.0,0.1621527242167018,0.49022547222964297,0.34762180378047636,0.9982431310546689,16.0,2.005894358095245,0.34879392451712476,53656.0,0.1549560814341215,0.48532875982848633,0.3597151590944927,0.9999926542263303,24.0,2.7331458966748383,0.18998074640917212,85764.0,0.11991858404037484,0.42512597967732174,0.454955436139567,1.0,0.5626110279006583,0.4866369710467706,1.1091776518610468,0.5773195876288659,0.49283836213900417,1.0965841723936585,0.5745332961827807,0.4956683582241057
8,0.00029896373431476147,434.88931680999985,7182,False,0,2824.81494140625,3182.0,1.655712577466112,1.2172400228090847,0.24231753592859212,0.0789545280350538,3.3872269366780065e-05,-0.002953647967317543,0.012112047064557228,0.0018168071323429002,2.366069184271759,0.11830346117764083,0.9165070187049358,2.8679156004603974,0.6596034169197083,3.4120901017283867,0.881403500925241,3.8694566882695973,0.9995494176300139,-0.11814591670477294,3.4120901017283867,30.328877752886665,0.019609728053273413,0.02199382793280657,0.0009905873314752303,0.03945274169652592,0.03930902912986474,0.0001437126389328879,-0.018942453357226555,0.3726299868280177,0.36714277181315935,0.26022722055045094,0.053452825066618435,0.05784054201389165,0.0550964752457349,8.0,1.5470572649122527,0.42269694178558415,36114.0,0.1796433209688828,0.4624199210588426,0.3579367577506439,0.9911943572438445,16.0,1.6877308296531945,0.4409305858962517,24065.0,0.15049332846082603,0.4672648075234492,0.38224186406555277,0.9993192915333622,16.0,1.5324649497289975,0.48808162796563365,24851.0,0.16208023112581924,0.4906989961012374,0.34722077341811186,0.9975870173861645,16.0,1.8427710398440451,0.40106357968589756,54867.0,0.15445239067164834,0.48290854539341876,0.36263906395984685,0.9999011890563253,24.0,2.6368975246117454,0.21804330877684897,87060.0,0.12064227704804138,0.4246632327174828,0.45469449056951705,1.0,0.5771012574454004,0.4866369710467706,1.0856335742389236,0.5881861242685985,0.5148784385100112,1.0693689040003065,0.5918083031485093,0.5174143250089388
9,0.00029815940691897306,432.1596702900001,8079,False,0,2824.81494140625,3182.0,1.6166147040475387,1.1867418811464847,0.23656033114387248,0.07784290014093641,1.996218190815301e-05,-0.0030786558255921637,0.012108911062332587,0.0018163367318340276,2.3342389582055434,0.11671194984628884,0.914765404578,2.863353989350102,0.6478017568588257,3.3925857066178033,0.876365169665296,3.86930951918009,0.9995114008474884,-0.12314623118219233,3.3925857066178033,29.742974592071537,0.019634152261943913,0.02195105277478857,0.0010387098522546185,0.03952065911995895,0.03943653455228387,8.412450762771255e-05,-0.020096132401417836,0.38426694496202224,0.36043106317582424,0.2553019718370151,0.05388039891727147,0.05515707417917192,0.052405858650430376,8.0,1.5511563970957178,0.42114462893253923,35163.0,0.19093083194318314,0.47163572589067787,0.33743344258708163,0.9874819800283116,16.0,1.617869687913341,0.46252159970968243,23697.0,0.14889637489914956,0.4632088903984832,0.38789473478022346,0.999270435803246,16.0,1.5424715351163998,0.48543016320465127,26079.0,0.16085196360429255,0.4899586984935925,0.34918933785747736,0.9975524814036113,16.0,1.8602605128621286,0.39557266742143643,61489.0,0.15538238456968503,0.4835481886619302,0.36106942714209456,0.9998717320044672,24.0,2.5898668799904754,0.2316230446123073,85944.0,0.1199033893365825,0.4209278160821325,0.45916879461735843,1.0,0.5920791389459751,0.4755011135857461,1.0691230286791917,0.5940373363053776,0.5288742869466139,1.0499053896220822,0.5998885483421565,0.5308590562757168
10,0.00029712739942028293,429.51337620699996,8977,False,0,2824.81494140625,3182.0,1.5887774458549053,1.1652537645800842,0.23229740838935753,0.07691164122000811,1.1243644546839865e-05,-0.003189065278086989,0.01177536941468643,0.0017663054826758183,2.3145230096843723,0.1157261521717262,0.9139642620822463,2.878448756395776,0.634739100933075,3.3745740525479757,0.8717124395233623,3.868394552617035,0.9992750487904252,-0.1275626092670629,3.3745740525479757,29.21200855953649,0.019458782396194054,0.022235170146828326,0.0013062521635269647,0.039781128768958854,0.039722983731565034,5.814502962048666e-05,-0.02070684963485291,0.38024200211145476,0.37305172306001694,0.24670625356651407,0.05779385885234192,0.058898758041454446,0.0541891277778715,8.0,1.525046826642178,0.431956851373185,36031.0,0.18730935559993528,0.4711030674504322,0.3415875774702311,0.9830749574165666,16.0,1.5784971252944868,0.47544518494320337,23462.0,0.15314631316464516,0.4692529720519959,0.37760071409666707,0.9993360413707425,16.0,1.5087448574581583,0.49599075307521023,24946.0,0.16237171443045012,0.4887583325589279,0.3488699529665034,0.9981481846549252,16.0,1.7857699145999688,0.4189072877802924,62799.0,0.1546770011150848,0.4853509147020047,0.35997208400332215,0.9998971600323088,24.0,2.5060119198309456,0.2539010691617432,80914.0,0.11952718988041747,0.42028901138634195,0.46018379825987477,1.0,0.5992894214357867,0.4643652561247216,1.0483405070239769,0.6057397603789356,0.5437390084246224,1.0293650102668501,0.6113123432711062,0.5526986400024079
11,0.00029586930309945264,431.3670203239999,9874,False,0,2824.81494140625,3182.0,1.559785127608628,1.1428487237840408,0.22787148615200611,0.0757598866329644,6.427893049512984e-06,-0.0032883751271515433,0.01269690169153129,0.0019045353291074893,2.293648917557445,0.11468244760358129,0.9166115155536523,2.8509177416194516,0.620526909828186,3.359351373764368,0.8677801513083074,3.8685498087793735,0.9993151545591035,-0.131535003250796,3.359351373764368,28.770603749365794,0.01950567218120571,0.022158278710964978,0.00123580054981739,0.0399709185435182,0.0399262062928074,4.4712244866257406e-05,-0.020955600477426777,0.3774601897530564,0.37101835306213377,0.25152143795120957,0.0542836190378173,0.053997052479646285,0.05088593523299675,8.0,1.489618207847874,0.44621680835608074,35291.0,0.1894968880759648,0.4714402827732723,0.33906282925041886,0.9766022975556325,16.0,1.5724169571341806,0.4781107124130763,23428.0,0.1561548331669827,0.46987594756019074,0.3739692190293961,0.999370594132868,16.0,1.468953785537872,0.5074386232520202,26408.0,0.16177804744001956,0.48988716052411396,0.34833479192531064,0.9979447291049262,16.0,1.8081636410977981,0.41278022721816204,64202.0,0.15190142203194915,0.47835454264401833,0.3697440351304301,0.9999648855685805,24.0,2.394531350062888,0.2834863686003926,80354.0,0.11987027004317034,0.42343627303769177,0.4566934565314139,1.0,0.6107492423978543,0.46993318485523383,1.0327306594248102,0.6138200055725829,0.5573149182134195,1.0143480404534688,0.6179994427417108,0.5627371563854097
12,0.0002943870578498202,431.2217613420007,10772,False,0,2824.81494140625,3182.0,1.5369834607412103,1.1251195739701547,0.22405078952078444,0.07502454162093472,3.847336150518594e-06,-0.0033769326729784247,0.013271497084685115,0.0019907246439911474,2.2834184199780263,0.11417092271566986,0.9156710439255845,2.865808604067448,0.6052864193916321,3.3467886508530538,0.8645349754788558,3.8697000427004262,0.9996122805326227,-0.1350773050537669,3.3467886508530538,28.411413969467574,0.019811507904788365,0.021782210770302932,0.0008996430931942619,0.04008434612595025,0.04005048930239618,3.385682040269362e-05,-0.021052539417115768,0.379673557712257,0.3618016072984499,0.2585248137745116,0.05302371009532891,0.05288247944944609,0.04972200509796713,8.0,1.4777343967432695,0.45090359725309037,35225.0,0.18865784756786594,0.47526391116241296,0.33607824121158847,0.9792781041277137,16.0,1.5871414096092429,0.47279037254025824,23448.0,0.15769380718503875,0.4704238081942565,0.37188238458177664,0.9994157043601731,16.0,1.475077534420346,0.5065667996391109,25859.0,0.16396998587212405,0.4885593356539403,0.34747067879781757,0.9991050837530671,16.0,1.7633279233173316,0.42718416906880535,64614.0,0.15298638397864012,0.48147452017423764,0.36553909578328014,0.9999380054745107,24.0,2.3069311352773347,0.30693859388854106,85642.0,0.11850054584228946,0.4195112092765946,0.4619882448673614,1.0,0.6211989271656971,0.4766146993318486,1.0182187390148092,0.6221788799108386,0.567880965111589,0.9993663159676268,0.6305377542490944,0.5799353465720554
13,0.0002926829491861254,438.6977401079994,11669,False,0,2824.81494140625,3182.0,1.510389532995239,1.1045440081340225,0.22024736224436128,0.07407398728712246,2.423042441926411e-06,-0.0034540235407653328,0.013699678895993269,0.0020549519169784864,2.2584165153867493,0.11292082759994479,0.9156013793625417,2.8606533120429156,0.589147686958313,3.3330304613598063,0.8609809907004479,3.8678792251880036,0.9991419305953865,-0.13816093989493866,3.3330304613598063,28.02322342983005,0.01941537421034888,0.022236420709549346,0.0013195877928488763,0.04032120018550738,0.040286692410910936,3.450780427874851e-05,-0.021074292585764973,0.37274574654832054,0.3767082914100171,0.25054594328454216,0.053755551401308124,0.05437848195856636,0.048391195528294594,8.0,1.5172421725725005,0.43586712079389645,37512.0,0.19267696274863652,0.47333338494302335,0.33398965236647277,0.977902481515578,16.0,1.6256746037127876,0.4610112456085083,24114.0,0.1569825591474513,0.47000659067697453,0.37301085006501833,0.9995838982038535,16.0,1.4537640635448794,0.5118957965628697,26809.0,0.1660634700427289,0.4924192982530672,0.3415172313746126,0.9980460282212336,16.0,1.7167522663390642,0.4423169082770872,68081.0,0.15434420623424772,0.48140009434632847,0.36425569940540975,0.9999459734480891,24.0,2.288478264294928,0.31327200853993614,95085.0,0.1179474698900429,0.4190480872293704,0.4630044430993626,1.0,0.6284440419380682,0.5033407572383074,1.00313212905431,0.6274728336584007,0.5757425818965335,0.9856732683482028,0.6333240456951797,0.5839304777542083
14,0.00029075960472041136,433.38030033299947,12567,False,0,2824.81494140625,3182.0,1.4960227164277429,1.0940616498019546,0.21795443179824642,0.07328229605878565,1.6462327622520008e-06,-0.0035421577288948804,0.01323960200621689,0.0019859403814034234,2.2455782427002657,0.11227891400024068,0.9152530565338327,2.8736459657712317,0.5722483396530151,3.319930355893253,0.8575970019773155,3.8684265341993416,0.999283309347673,-0.1416863073703575,3.319930355893253,27.658471077552903,0.019451544171482663,0.022179967807774228,0.0012610625656551287,0.04049102369803733,0.040462589919802755,2.8433786664689587e-05,-0.021060000592386916,0.38354466027395323,0.3676744772486521,0.24878084319189028,0.05222885413004847,0.051900089558893504,0.0478337278737598,8.0,1.5221944666858866,0.4343384264541846,35776.0,0.19621757848280474,0.478024013945416,0.3257584081531057,0.9777358284194732,16.0,1.6060779928401194,0.46725838025280864,23952.0,0.1544104349250276,0.46779536242050546,0.3777942020565312,0.9998290896137504,16.0,1.4280617262627904,0.5193164750786758,27282.0,0.16331733988014782,0.49039294672753936,0.3462897134836641,0.9985568559573791,16.0,1.6905582575652038,0.4493785574147269,67042.0,0.15445053933900768,0.48232006961584567,0.36322939138563787,0.9999697434415953,24.0,2.2598258402783644,0.32018471194445525,93641.0,0.1169172123153945,0.4167922128049918,0.4662905750472641,1.0,0.6342262008429412,0.4821826280623608,0.991771316455247,0.6310950125383115,0.5807032557968795,0.9737278770423925,0.64084703259961,0.5926090200384992
15,0.0002886199901104373,430.9411620760002,13465,False,0,2824.81494140625,3182.0,1.4713985784129624,1.074980204463059,0.21421653149450515,0.07241358786207339,1.1929578516435703e-06,-0.003611369117725406,0.013379128158493198,0.002006869302227096,2.227831078103445,0.11139155571501791,0.9167508446870044,2.8479189405853527,0.554732620716095,3.307570832920629,0.8544043169910538,3.8667842506295216,0.9988590798751202,-0.14445476288406647,3.307570832920629,27.31875549069791,0.018912381962904023,0.022559928839193263,0.0016256431565073665,0.04070664352438821,0.040660606399077294,4.603702062420982e-05,-0.02105282323728921,0.3847248517253223,0.3618386897544485,0.25343643816653755,0.05396842152417991,0.05475717501199612,0.04919746056253054,8.0,1.5000353575566665,0.44353702705898623,35362.0,0.19400983078080147,0.4776754092377486,0.3283147599622454,0.9758963083630424,16.0,1.5417569196769414,0.4871110623906974,23748.0,0.15581523327737515,0.47186075092678287,0.3723240156406486,0.9999400327134155,16.0,1.4224731837732756,0.520686753784262,24511.0,0.16227889483214347,0.49216258807999325,0.3455585167748813,0.9974131375014534,16.0,1.694780784493027,0.44846781567992566,67047.0,0.15419328098029875,0.4844857721575135,0.36132094672931314,0.9999339035480074,24.0,2.2897587013433975,0.3132152846832087,98681.0,0.11698894531599817,0.41424093567871195,0.46877011887527004,1.0,0.6419241352885855,0.4710467706013363,0.9824154382298071,0.6341599331290053,0.5872150327022336,0.9635480751596676,0.6422401783226526,0.598165964720943
16,0.00028626740448684966,438.3125942510005,14363,False,0,2824.81494140625,3182.0,1.4439101906097471,1.053442332240007,0.20996122133522566,0.07149528551183278,9.354218126247631e-07,-0.0036930609321217623,0.015016896837601528,0.002252534613599914,2.209019059391039,0.11045095469281825,0.9171688320746039,2.8545094195435032,0.5367498993873596,3.296960613687624,0.8516635086710889,3.868823848202035,0.9993859440552295,-0.14772243538414068,3.296960613687624,27.030417205040937,0.019470924707554887,0.022046799013330346,0.0011463143765143289,0.04076811142587343,0.04073017140919003,3.794006514268408e-05,-0.021044798142160343,0.38119838912121873,0.36553618148799194,0.2532654088928041,0.05251224655545764,0.05071615619064125,0.047708163364567874,8.0,1.5134129914965366,0.4384350266215852,34866.0,0.19551302453846164,0.4798989145146787,0.3245880610548203,0.9756552214001143,16.0,1.5595315477475922,0.48189950132159054,23975.0,0.15788754689090947,0.47719419217208503,0.3649182608871775,0.9998028457004899,16.0,1.3938824558188299,0.5308429034028899,24667.0,0.16602893385307813,0.4967225002461439,0.3372485665568464,0.9967311061227113,16.0,1.6553157638816682,0.46124892910864124,66507.0,0.15468559806310103,0.4846719221667007,0.3606424799196822,0.9999801099161282,24.0,2.2505415906776243,0.32361510158490353,95585.0,0.11534952259369124,0.4146413887372157,0.47000908848094053,1.0,0.6531052979901772,0.5011135857461024,0.9731360792150469,0.636667595430482,0.5904088697615493,0.9542667859774441,0.6441905823349122,0.6002757538892631
17,0.00028370547536616097,435.50808059500014,15260,False,0,2824.81494140625,3182.0,1.4260205547115912,1.0400077320707726,0.20727875187311548,0.07088336915845943,7.985144423376785e-07,-0.003764576735683472,0.014775112372132701,0.002216266944696023,2.1879643421008828,0.10939821885387647,0.9154968825148633,2.847798494000624,0.5184536576271057,3.2844287104116487,0.848426295361128,3.8673660291342022,0.9990093628500417,-0.15058306748891367,3.2844287104116487,26.693801195047058,0.018940958401759266,0.022406882127209277,0.001473673813243108,0.04101418804047337,0.040954173336207725,6.0014742220547215e-05,-0.02106119114891971,0.3868588268613611,0.35661588381826537,0.2565252685566391,0.05438675303496788,0.05148977538927408,0.04929971737858042,8.0,1.5116051888614535,0.44000588277775715,35235.0,0.1977950720586034,0.4834052159271003,0.31879971157155396,0.9726412952571184,16.0,1.5989566929325663,0.4702256536156976,24126.0,0.15778723363156494,0.4724188745322864,0.3697938916036181,0.9998982230250608,16.0,1.3919141675956803,0.5318994925919361,24604.0,0.16707884132749978,0.49386791906127936,0.33905323990759356,0.9976659343946798,16.0,1.6450365459812262,0.46533788335315446,65740.0,0.15532664804347918,0.48334830299706505,0.3613250484087528,0.9999620713943133,24.0,2.2734177457970293,0.31816146617096175,92330.0,0.11662480081281856,0.41641224656920894,0.4669629522829313,1.0,0.6566233585286844,0.4866369710467706,0.9657610204765211,0.641961549178044,0.5989926633782582,0.9487227224048116,0.651992198383951,0.6141710769247117
18,0.0002809381530573832,437.4667225939993,16158,False,0,2824.81494140625,3182.0,1.410127794419948,1.0279416088408664,0.2049001905575471,0.07009792850425846,6.88781714631183e-07,-0.0038342615195433465,0.01537307827918398,0.0023059618311786797,2.174313317347089,0.10871566749615846,0.9164373541408548,2.8463382703009192,0.5,3.275501396676881,0.8461202117873482,3.869229269673813,0.9994906707365413,-0.15337045894919313,3.275501396676881,26.456557220814556,0.019101767967263334,0.02194670032319388,0.0010481601132785142,0.041151684535760534,0.04105237803660576,9.930659011551795e-05,-0.021056910460386172,0.38338256080225597,0.3637164074741622,0.25290101071589793,0.05531280654621679,0.05511910126758737,0.05072425480059618,8.0,1.489295910213546,0.44826524702748344,34665.0,0.19821345933806025,0.4799748437420162,0.3218116968784002,0.9772466801418614,16.0,1.6122207430829207,0.466202455092184,24166.0,0.158595921476581,0.4719055791723595,0.3694984989524357,0.9999805237354249,16.0,1.419866189940388,0.5239214417561455,25505.0,0.16760827119493107,0.49590761376617304,0.3364841146096486,0.9978957515910749,16.0,1.6643508398701867,0.4594983360129483,65218.0,0.1560031898664105,0.48463218819053244,0.3593646218709103,0.9999361244288228,24.0,2.2944744644529114,0.313908611720348,92363.0,0.116988017160355,0.4186619750890925,0.4643500077020221,1.0,0.661499878087011,0.49665924276169265,0.9630233071314721,0.6464196154917804,0.6076095833389444,0.9429460824382906,0.6486486486486487,0.6146088179252808
19,0.0002779697045709368,429.09664787400106,17055,False,0,2824.81494140625,3182.0,1.392323889795144,1.0141134678543064,0.20209052112839632,0.06975864056064283,6.616173020424217e-07,-0.0038933974517002434,0.01466606635679612,0.002199910042590176,2.161081662654395,0.10805408489829117,0.9170295029443659,2.864762937068823,0.4815463423728943,3.2660120370233647,0.8436689414928698,3.8688969888500777,0.9994048368902165,-0.15573589539734678,3.2660120370233647,26.20669687322873,0.018880340726838193,0.022028176690618188,0.00116065745835837,0.04120469873052783,0.04112533179935984,7.936700361621537e-05,-0.021068813368221855,0.3703141455914584,0.37631198305118513,0.2533738505629986,0.05373235274605971,0.055897145042647936,0.0488814211283548,8.0,1.5043967982279254,0.4418659590693609,35451.0,0.19852243280551116,0.48184596825664977,0.3196315993364629,0.973400423432423,16.0,1.6133545137148482,0.46573436409188285,23982.0,0.1560281813362681,0.46911007391276616,0.3748617450001056,0.9999593299688966,16.0,1.4357456083502689,0.5181285741602499,24706.0,0.16692237010883343,0.4963434025234694,0.3367342273121597,0.9972311989043365,16.0,1.6792590684861515,0.45482170258143373,70900.0,0.1565457782045195,0.48391443075541274,0.35953979065805325,0.9999717719448851,24.0,2.2450404692196106,0.3270350263000735,93210.0,0.1176999463884699,0.418950580416804,0.46334947342595906,1.0,0.6709742589431885,0.46325167037861914,0.957079054419793,0.6500417943716913,0.6187621337711197,0.9358179619731462,0.657286152131513,0.6305030104965171
20,0.0002748047070392305,433.3656911730013,17953,False,0,2824.81494140625,3182.0,1.372180732538751,0.9981347012284815,0.19886210124803821,0.06927586138274915,6.588709094466016e-07,-0.003966279309605644,0.015653239973344883,0.0023479860901363886,2.1505140193374293,0.1075257027235024,0.9160193667511792,2.87807535302191,0.4632501006126404,3.2553128216133675,0.840905144214298,3.8694833828125748,0.9995563128487087,-0.15865116863441076,3.2553128216133675,25.927787625763482,0.019133153769520368,0.021948196153765066,0.0010205413023088694,0.04147936990021675,0.04135238915409861,0.0001269807191269698,-0.021051890457505704,0.3774216116500327,0.3696455510271609,0.2529328172182546,0.053571367612511946,0.052713984365393124,0.050161740560732214,8.0,1.4905180571208725,0.447031542360357,33497.0,0.19635595978001882,0.4812223191478708,0.3224217211883757,0.9782273159567235,16.0,1.6115422678731228,0.46757575585229333,24323.0,0.15443966159618255,0.46558449037492183,0.379975847846193,0.9999569606359959,16.0,1.4190800533992602,0.5247024060699143,24947.0,0.1669797648930816,0.49436751467904483,0.33865272017613846,0.9981723815288874,16.0,1.6613996598683096,0.4595867602809967,68569.0,0.1553878047099295,0.4796820049803435,0.36493018984985626,0.9999962084893543,24.0,2.2371682149248024,0.33086800765017904,92865.0,0.11709854151242463,0.420414118850205,0.46248734025061783,1.0,0.677453063499251,0.4844097995545657,0.9575860678701222,0.6517135692393424,0.6159412710950474,0.9343881339009142,0.6609083310114238,0.6315335258720483
21,0.0002714480406590546,434.0696238850014,18851,False,0,2824.81494140625,3182.0,1.3524496712909355,0.9831950469236106,0.195881819046338,0.0686359646261982,6.647966284355447e-07,-0.004022434556530339,0.015953267281946706,0.0023929901895863273,2.12731225495802,0.10636561442103114,0.9148699014256785,2.8599041821154487,0.4452674090862274,3.245529747934417,0.8383780024410344,3.868395838137393,0.999275380993567,-0.1608973785525326,3.245529747934417,25.67538283344529,0.01838620675381849,0.022259923953377028,0.0013178307419853617,0.04171183558181642,0.041543195915781074,0.0001686396807428736,-0.0210530443406453,0.3730838659957034,0.36895140776307345,0.257964705657077,0.053587757085247795,0.05267265298606842,0.05099874663367603,8.0,1.4827723070439833,0.45020858274677455,33737.0,0.19975388460174,0.48269503481971326,0.31755108112094504,0.9745641058899525,16.0,1.5948722797059818,0.47264835888608053,24673.0,0.15348495087284683,0.467768490456701,0.37874655841560284,0.9999045915287894,16.0,1.4329586072278506,0.5201194580269232,25200.0,0.16712327769625718,0.49375677252227707,0.33911994982298904,0.998589082568777,16.0,1.6172012311379411,0.4735081471525359,69497.0,0.15674912943549033,0.4811993126954906,0.3620515579406468,0.9999944018119264,24.0,2.194538455301951,0.34255434122947265,93601.0,0.11619441283370364,0.42113047118611985,0.4626751160647803,1.0,0.6840363649029921,0.48552338530066813,0.9495838129875819,0.6581220395653385,0.6251414031106247,0.924627942340093,0.6636946224575091,0.6292641430228673
22,0.00026790488116667133,445.6141654459989,19748,False,0,2824.81494140625,3182.0,1.3337464072520036,0.9682743049738379,0.19310959439111305,0.06802679609023705,8.683072978598289e-07,-0.004051595690753509,0.017979759126958723,0.0026969639777440655,2.113789545056746,0.1056894788679386,0.9166463478362117,2.875447991076273,0.42775166034698486,3.2379713935859358,0.8364255455761122,3.8653530321955336,0.9984893694583838,-0.16206382388227175,3.2379713935859358,25.482142889402915,0.012752712870577844,0.02236833951909511,0.0018690253938720362,0.042484032381333095,0.04200942451202773,0.00047460790167247116,-0.021017010871583988,0.3757420967070676,0.37201974679610794,0.25223813621164626,0.05493577717675897,0.05389380796702081,0.05057010264436779,8.0,1.5007796810813456,0.4429782253932943,33233.0,0.19786347779559052,0.4833728129620246,0.31876370933633136,0.9716002818367906,16.0,1.6146127679944349,0.46639111004630956,24443.0,0.1555494298872527,0.46897063416129864,0.37547993600387186,0.9999349672674174,16.0,1.4407878316820275,0.5175603474688392,25393.0,0.16581260937137363,0.49721286195859776,0.3369745287224518,0.9981738781641675,16.0,1.5861393268622677,0.4829968943205235,64336.0,0.15753634339405115,0.48350540388464663,0.35895825301456064,0.9999925800366205,24.0,2.233512801998457,0.3317462893772484,86500.0,0.11780748919875915,0.42246555065306474,0.45972696024238213,1.0,0.6874150963112613,0.5300668151447662,0.9451832402944897,0.6592365561437726,0.6302408197780024,0.9173296962019526,0.6656450264697688,0.631578071766733
23,0.00026418069185720465,442.91409201700117,20646,False,0,2824.81494140625,3182.0,1.3180428986958963,0.9559657710332424,0.19054266114901622,0.06783715908527956,1.3451435721892713e-06,-0.004079450920336173,0.017773570657334918,0.0026660357051140325,2.1021874756302976,0.10510937539393014,0.9159148699024627,2.8416915013791875,0.4108523428440094,3.2292609952569005,0.834175494597571,3.8609559600175274,0.9973535277451578,-0.16317803314758686,3.2292609952569005,25.261156245987717,0.00745860062812204,0.022920208946109157,0.002672133743176129,0.043878051228534505,0.04291877538545025,0.0009592758344308649,-0.020916897823138814,0.37019877153452946,0.3726349509571234,0.25716625702697127,0.05232010628362282,0.05367624977905053,0.05010366933804067,8.0,1.483044792780404,0.44940985280554174,32515.0,0.19758261295908186,0.482879725360103,0.319537661528736,0.9709738186710477,16.0,1.6152663061979144,0.4661485919449047,24527.0,0.15811133517527298,0.47322608881030087,0.36866257579590966,0.9999285103730047,16.0,1.4710535649043472,0.5076895082518866,25641.0,0.16561718120340013,0.4949157238297255,0.33946709562034755,0.999204173029609,16.0,1.6292850152755831,0.46992201618924195,66926.0,0.15718977559243563,0.4808397049649996,0.36197051999067253,0.999996608408721,24.0,2.2265977213892545,0.33393151248887004,90779.0,0.11743552012952245,0.42256137396193144,0.4600031059570765,1.0,0.6980389424919015,0.5200445434298441,0.9378980379245446,0.6628587350236835,0.6325127962988891,0.9140115538225363,0.668988576205071,0.639712177956586
24,0.000260281215160635,429.9529677169994,21544,False,0,2824.81494140625,3182.0,1.296057670624421,0.9391109538952789,0.18720771829282368,0.06716690946179227,1.5084413760718214e-06,-0.004115031130540917,0.017153162288480576,0.0025729744454843257,2.082252670527792,0.10411263510427561,0.9152182242502351,2.8529445692440607,0.3947135806083679,3.22545353375307,0.8331919603264898,3.8626580236598307,0.9977932016492168,-0.16460124132272705,3.22545353375307,25.16525107769762,0.00997016650482064,0.023057490781420883,0.002469495946978948,0.04484333350136967,0.04363275958680136,0.0012105740055952073,-0.021003166399902632,0.3697274486748435,0.37050034457428327,0.25977218744564534,0.05076121888374052,0.05235112617436906,0.04894234037667844,8.0,1.496007253082366,0.44544763923866454,32408.0,0.1988443204863633,0.4863522614814125,0.3148034177830843,0.9715997039754793,16.0,1.634449587678323,0.4603208802219236,24322.0,0.157597322221327,0.4703659393248079,0.37203673796389,0.9999714448885583,16.0,1.480626091600324,0.5053389078023861,24757.0,0.16426962958806784,0.49492813362929594,0.34080223660823833,0.9990508933044733,16.0,1.6338316590904987,0.46902008262222566,68971.0,0.15676271007165146,0.4833896961525742,0.3598475944925706,0.9999965344162469,24.0,2.2674853091221827,0.3231272495396272,93332.0,0.11562647772057892,0.4192182300124756,0.4651552922046605,1.0,0.7074088265004006,0.4710467706013363,0.9334912580778154,0.6642518807467261,0.6357608612842005,0.910591335972892,0.6720534967957649,0.6436216786487169
25,0.00025621246378738883,440.14141012800064,22442,False,0,2824.81494140625,3182.0,1.2828300083031114,0.9286417753130313,0.18502019124492972,0.06700948343872651,1.6487766191110583e-06,-0.004167252640766754,0.018540894915855036,0.002781134349919419,2.0708606705295844,0.10354303520406986,0.9145215786000837,2.8858744821153492,0.3794730603694916,3.2217728127555922,0.8322411640264501,3.867063700183232,0.998931265804535,-0.16669010177808494,3.2217728127555922,25.07273692155259,0.015517793525233666,0.022740836112872802,0.0017778124333370946,0.044547462538951345,0.04362177620359821,0.0009256862661827523,-0.020911048682673006,0.37232099172795696,0.3653097780106513,0.26236921070702396,0.047835571173714876,0.04771316530727108,0.04554764780751602,8.0,1.4903976245004351,0.4472357510862241,31890.0,0.20119689161430196,0.4872722807324266,0.31153082723544306,0.9731586120246475,16.0,1.6296873313846074,0.4618073672470393,24461.0,0.15917123193680055,0.47037150810399253,0.37045726039104937,0.9999594632192956,16.0,1.4543808454995353,0.5131454005753875,24758.0,0.16373250578485724,0.49663513788501273,0.33963235665972136,0.9986729189837098,16.0,1.6472134482728107,0.464342001270586,64693.0,0.1579370551796691,0.4882254887596352,0.3538374553714087,0.9999669587260449,24.0,2.2479543143452476,0.3281114831431341,92305.0,0.11560723012283207,0.4186042025630811,0.4657885675808741,1.0,0.7092201051934933,0.5111358574610245,0.9311947741857908,0.6584006687099471,0.6265830012741632,0.9079345422855291,0.6703817219281136,0.6409901531057987
26,0.0002519807114571748,440.0931730020002,23340,False,0,2824.81494140625,3182.0,1.2667655549273105,0.9160627903117461,0.1825567462735467,0.06676313797661228,1.7597381566082471e-06,-0.004203663643974685,0.019197428734923958,0.002879614421177217,2.054103561024701,0.10270517968099926,0.916228360445498,2.8453784090103436,0.36526086926460266,3.2086608229919538,0.8288541042450525,3.8595898837944222,0.997000646093322,-0.16814654184826955,3.2086608229919538,24.746235074375427,0.010660829659682569,0.023718323548512527,0.0029351290675571962,0.04633590667049353,0.04491560791113284,0.0014202987529699956,-0.020865996747875776,0.3769397200547007,0.3649501767567596,0.25811008197323915,0.053229542206010665,0.052429831479758306,0.049559513557016,8.0,1.498702554021112,0.44455851030605514,32730.0,0.1985455063792945,0.48514684530970253,0.31630764838574493,0.9716184671705197,16.0,1.63379033853228,0.4603554821217038,24091.0,0.15722617777557207,0.4678138154820467,0.3749600064574275,0.9999698303415923,16.0,1.4834574618605787,0.5058003318480445,25184.0,0.16359527242775806,0.4956350056397769,0.3407697219215651,0.9984788523891627,16.0,1.6334968486538608,0.47008404802360887,64780.0,0.1579285325464516,0.4875474667093623,0.3545240011287959,0.9999703057005204,24.0,2.2344646938517574,0.33240807827203567,88628.0,0.11521838330363832,0.4169254256150595,0.46785619128061406,1.0,0.7159427357274722,0.5111358574610245,0.9343191441070672,0.6634159933129006,0.6371048757509528,0.9070303112260144,0.6745611590972416,0.6480195608168433
27,0.00024759248322536243,440.9849339979992,24237,False,0,2824.81494140625,3182.0,1.2422408285698732,0.8963880527832943,0.17873595686781688,0.06653130800258594,2.354182513644692e-06,-0.004233431281368345,0.019083268763715144,0.00286249043084851,2.0390819901146773,0.10195410104624891,0.9157058762060678,2.8702474242197797,0.35219821333885193,3.2014030183535467,0.8269792845050777,3.8569415385722534,0.9963165320233619,-0.1693372475182841,3.2014030183535467,24.567087090880342,0.007193226692544417,0.023803577766579175,0.00321434449919205,0.0486551177362212,0.04647335628400988,0.0021817614119288412,-0.020934425579093502,0.37176285101173273,0.3633601422595805,0.264876986612716,0.04923980943776875,0.049999564740631774,0.04612898556295306,8.0,1.48942699028019,0.44726903520514383,32091.0,0.20112294731360958,0.4844091768390835,0.31446787587793035,0.9734632161710075,16.0,1.6460260809134315,0.4563633515844857,24084.0,0.15711761562028415,0.4676282137207794,0.3752541703298642,0.9999751031924043,16.0,1.4621709976380985,0.5111511110898208,24361.0,0.16328351453230577,0.496559142098913,0.3401573430641039,0.9980068385628034,16.0,1.6565543539766823,0.4632077273210432,66082.0,0.1580292824862739,0.4852978962562879,0.3566728213072662,0.9999794138462392,24.0,2.274538093776039,0.32266788677368846,91104.0,0.11389071835610655,0.4159794151097855,0.47012986660755235,1.0,0.7259744331046013,0.5111358574610245,0.9353959069473892,0.668431317915854,0.6396152596257422,0.9055523727557293,0.6759543048202842,0.6497405935936557
28,0.00024305454542182016,437.64983317299993,25134,False,0,2824.81494140625,3182.0,1.2294578595762529,0.8868094231418077,0.17679433538518924,0.06593557239007525,2.5760005941855267e-06,-0.004276374779258706,0.019402555138025294,0.0029103833875919302,2.0256390696143427,0.10128195504403756,0.9167856769674877,2.8608789240339383,0.34039655327796936,3.1874027544770556,0.8233627673143661,3.849590991099695,0.9944177548287161,-0.17105498751434994,3.1874027544770556,24.225632702321434,0.00672306119172669,0.02478795795806193,0.003993497290248372,0.05095129315776882,0.048363243777762556,0.002588049363169861,-0.020881118941836075,0.3677877106966031,0.3654096387374729,0.2668026297217381,0.045776961076551936,0.046432801475438615,0.04282562672381321,8.0,1.5098331243566903,0.44015555518033667,32210.0,0.19960792082978532,0.4876652697671597,0.3127268094393879,0.9710584269296937,16.0,1.6741267888871283,0.4480920961728319,24488.0,0.15700537307385995,0.4668634510068519,0.37613117544851754,0.999981367842166,16.0,1.499999571230233,0.49913723137881205,24073.0,0.1654272845043542,0.4953165166309674,0.33925619876502244,0.9980425294125989,16.0,1.660509331509787,0.4621830207704688,67118.0,0.15700365531965252,0.48377980447711566,0.35921654075704906,0.9999881813118312,24.0,2.2597984590892146,0.32669641192070914,92064.0,0.11415631451451537,0.4167718297355439,0.4690718556601466,1.0,0.7299801455989411,0.5044543429844098,0.9322911961293214,0.6650877681805517,0.6368213492003193,0.9012700482708859,0.6753970465310671,0.648937740881241
29,0.0002383738952177247,429.2748838319985,26031,False,0,2824.81494140625,3182.0,1.206409769935366,0.8695302698703481,0.1731735311264055,0.0654949330879807,3.872732754509151e-06,-0.004412228491724605,0.018877245888688554,0.0028315869946238885,1.9957561760371605,0.09978781035911215,0.9182486328370618,2.8517697654617025,0.3299565613269806,3.149509910115578,0.8135743709670044,3.8327348259674676,0.9900635069820665,-0.17648913601506214,3.149509910115578,23.327636743929737,0.005784202772941537,0.0272191125780044,0.005359481629252817,0.057171492764476556,0.05458061366361375,0.00259087922064379,-0.0208288178996501,0.3698766015511811,0.37314045129327583,0.25698292607882667,0.048387963648667105,0.04985028712695356,0.046416649938443556,8.0,1.5049579802665298,0.44210629027470877,31921.0,0.19910110486264204,0.48531878516796867,0.31558010977007733,0.9722661534390141,16.0,1.6706219819144414,0.44992716335183985,24026.0,0.15799916714814985,0.4732555820995573,0.3687452507580023,0.999970156245647,16.0,1.5142952688452285,0.49531668452945987,23006.0,0.16606201870886816,0.4982454938663327,0.3356924873832758,0.997187212538813,16.0,1.6806925263722583,0.4560741346131307,63054.0,0.15778187269370814,0.48476351998709283,0.35745460746608776,0.9999822128292012,24.0,2.216815468808975,0.3383802285537878,88225.0,0.11624133459822196,0.41838942833831055,0.4653692371714281,1.0,0.7374690863492285,0.46770601336302897,0.9324239421335891,0.6667595430482028,0.6435582837563458,0.9004273752742373,0.6765115631095012,0.6521906629048183
30,0.00023355774983643048,435.6133204380003,26929,False,0,2824.81494140625,3182.0,1.1905376247869872,0.8569047840258857,0.17090496051821816,0.06543228759743493,6.378039421060057e-06,-0.0046774419315087695,0.019434515366836744,0.002915177420632264,1.9810296616761378,0.09905148461721107,0.916298025010617,2.8741604629830717,0.32096734642982483,3.093014492112112,0.7989806015811465,3.8173071926857323,0.9860782750829883,-0.1870976735018418,3.093014492112112,22.045295658328822,0.004836231856209996,0.029474217446734445,0.0064131328469348185,0.06727889911097591,0.06420600699930588,0.003072892221528385,-0.020279356925821116,0.36022691103378063,0.37680093905300327,0.26297212992181535,0.04812569834590124,0.05045000695865428,0.04739958010937022,8.0,1.5183087450993995,0.43668096568638504,32222.0,0.19916820747182803,0.48267196156877373,0.31815983148518723,0.9741819427323078,16.0,1.677411735985877,0.4466434309284425,25003.0,0.15632540320581087,0.4696532251041027,0.37402137126654866,0.9999602039392068,16.0,1.5030649331027162,0.4984441756218046,24091.0,0.16589355167809763,0.4969349288851985,0.33717151937026657,0.997773185915789,16.0,1.7038583826456513,0.44886257026324167,59577.0,0.1585163051251014,0.48579345655925443,0.355690238401805,0.999979250582787,24.0,2.2189996211463754,0.3374420446372754,89110.0,0.1169272384212252,0.4194479472352576,0.46362481395890753,1.0,0.7449580270995159,0.4910913140311804,0.9317490053761467,0.6709389802173308,0.6461738469146194,0.8995045055815621,0.6806910002786292,0.657493023033586
31,0.0002286135354250343,442.14352299299935,27827,False,0,2824.81494140625,3182.0,1.1728191620180186,0.8430876002307887,0.16821190530213073,0.06527115806110384,8.762905450658015e-06,-0.004942083976216366,0.02117907708180711,0.0031768616870940488,1.9600991598511486,0.09800495959037465,0.9154620502281514,2.858403175875138,0.3135055601596832,3.0384468329297847,0.7848848058240716,3.8037188327434133,0.9825681613494728,-0.19768335552540123,3.0384468329297847,20.873954273274236,0.004958370249918129,0.03230008807126339,0.007108738950750752,0.07771164402295613,0.0734258459095833,0.004285798209525271,-0.0190499340372153,0.359950519110733,0.37396335080792825,0.2660861097328375,0.046688831333478314,0.04969629108061831,0.04685679983569934,8.0,1.5319437072204736,0.43121841352118556,31872.0,0.20364101601070925,0.48436984267016886,0.31198914103105385,0.9746344074227477,16.0,1.7028536046658727,0.44013829000226473,24813.0,0.1580171904106649,0.47103187013097625,0.37095093956631947,0.9999909949878186,16.0,1.531906429330833,0.48973616703437983,23951.0,0.1668379033346602,0.49790653099111515,0.33525556573806675,0.9985233249574285,16.0,1.699837870896641,0.4502207567489252,61234.0,0.1586308500356213,0.4856275515648683,0.35574159833047786,0.9999934982354914,24.0,2.209789992043157,0.3392978473159187,91395.0,0.11709881302223231,0.41978764139421265,0.46311354566244933,1.0,0.7480929325298686,0.5155902004454342,0.9351152201222324,0.6701030927835051,0.6465768376727228,0.901342315938221,0.6801337419894121,0.6617936835667899
32,0.00022354887560379475,443.58929241199985,28725,False,0,2824.81494140625,3182.0,1.147773142103292,0.8232441521736475,0.16425313983665224,0.06488215113422989,9.419341266360947e-06,-0.005113006335746717,0.02212061768224394,0.003318092782434332,1.943583862828197,0.09717919464494318,0.9154620502291896,2.871259404182135,0.3076348602771759,3.01538150044518,0.7789266198803968,3.8071204883110776,0.9834468693061202,-0.20452024942572336,3.01538150044518,20.397633122070744,0.0057155259646718744,0.03145872528124218,0.006848488767531144,0.08399119439011163,0.07963384986037957,0.004357344636897904,-0.01850291742476771,0.3659181162912713,0.3729179872482057,0.2611638779743425,0.048458829153613436,0.05077991193019819,0.046898122367573125,8.0,1.5124166769320166,0.43984975071531207,31029.0,0.19940174062563717,0.4822639259768776,0.31833433331132427,0.97840103352679,16.0,1.7179393575476265,0.43574733726801995,24786.0,0.15855679451264934,0.4721034518283605,0.3693397539636675,0.9999860777177757,16.0,1.5436608906038718,0.48709463174305156,23175.0,0.16828942589396664,0.4988117403564518,0.332898833154241,0.9981095121403366,16.0,1.6836443875184681,0.4557967605805994,61641.0,0.15803094846090557,0.4852871224432099,0.3566819294695944,0.99998933641368,24.0,2.1931734926760633,0.3440625976609305,92426.0,0.11707606536755596,0.41934996181456347,0.46357397231285324,1.0,0.757845971646522,0.5200445434298441,0.9428387607960822,0.6706603510727223,0.6432884916780169,0.9054701861381265,0.6815268877124547,0.6608292419145213
33,0.0002183715797110622,442.1874246239986,29623,False,0,2824.81494140625,3182.0,1.1316740595583108,0.8115379816997744,0.16178209944874886,0.06455089952584539,1.0115168204146148e-05,-0.005317801072086824,0.02185884966141976,0.00327882758384583,1.9166387865980523,0.0958319408908614,0.9163328572942145,2.8324015071023414,0.30340537428855896,2.9922770113484765,0.7729583200817426,3.8157280680735393,0.9856703593035079,-0.21271203922176524,2.9922770113484765,19.93143863499262,0.007438283306823386,0.030710426590234544,0.006507258019366117,0.08665514001600412,0.0830810992735245,0.0035740408459878446,-0.018035495894518867,0.3614238172643938,0.3737629789953392,0.26481318348830735,0.04775983574049692,0.04924270456848924,0.045725615214940674,8.0,1.5254218811741185,0.43468328529675015,31316.0,0.2009875574428014,0.48499803818867926,0.31401440464257324,0.975544919632226,16.0,1.7245988917037682,0.43329277683825795,24994.0,0.15958802694966498,0.4734185702065622,0.3669934032730201,0.9999827009586253,16.0,1.553303555338737,0.4831864919442485,22777.0,0.16725329165278635,0.49701595309822155,0.33573075582201384,0.997930610724687,16.0,1.675219485339436,0.45847547964897106,60391.0,0.15798015139532204,0.48572690226598286,0.35629294618402074,0.9999910248949874,24.0,2.155540971207209,0.3550708043934048,88970.0,0.11682482971625707,0.41847859195392456,0.46469657806822146,1.0,0.7653697446793688,0.512249443207127,0.9505069293694165,0.6664809139035943,0.640138841398023,0.9093486948178053,0.6787405962663695,0.6564684827519788
34,0.00021308963076184547,432.79856332300005,30520,False,0,2824.81494140625,3182.0,1.1181311432173968,0.8013316668322719,0.1595939904448256,0.06417933264185076,1.0061649350773602e-05,-0.005485242977845433,0.02117905732047147,0.003176858727114159,1.906489514329598,0.09532447741473164,0.9172036643571634,2.854645189560794,0.3008531630039215,2.970058879382583,0.767218982333769,3.81943798596684,0.986628697572812,-0.21940971523904307,2.970058879382583,19.493674000053055,0.009109218978215698,0.03071609132701393,0.006413775476899192,0.08949712068211003,0.08654890528024063,0.0029482154763437384,-0.01866664658594648,0.36475059046774033,0.37124651406679066,0.2640028754906776,0.04661782553188562,0.04852296167211168,0.04512713024048016,8.0,1.5167076607483625,0.4385142539795209,30779.0,0.199492760746659,0.4838493870077323,0.3166578518885082,0.9765888802343088,16.0,1.736527756545282,0.42970438428365093,25185.0,0.15818043709581908,0.47563710643594975,0.3661824561941773,0.9999796645972434,16.0,1.5455577371303904,0.4864248749836846,23191.0,0.16655640892214468,0.49504054628481015,0.338403044377812,0.9981210484782573,16.0,1.6856109795058307,0.45571813348684237,60778.0,0.1576023648907479,0.48374616406322574,0.35865147132319447,0.9999888032356098,24.0,2.1623674337175216,0.35337165603879694,91251.0,0.11717477664073776,0.4176150859450716,0.46521013721747395,1.0,0.7703855933679334,0.4799554565701559,0.951587973480671,0.6706603510727223,0.643930509776798,0.910198693223636,0.6823627751462803,0.660381936701486
35,0.00020771117313858088,438.92818372799957,31418,False,0,2824.81494140625,3182.0,1.0984422569717707,0.7853100795415988,0.15672498204071214,0.06397119317350519,1.084271413505022e-05,-0.005620934614717878,0.02209124088807952,0.003313686263142603,1.8946482426586468,0.09473241374154562,0.9154620502302276,2.876613893787616,0.30000001192092896,2.9501869495960813,0.7620857099039419,3.8205776412748875,0.9869230906934033,-0.22483738078946142,2.9501869495960813,19.110306108486625,0.010090241558668667,0.030604560306170727,0.006389268577771524,0.09137230583609424,0.08881439067097126,0.0025579151362593996,-0.019020124946527005,0.3630083570900895,0.37118446653159737,0.2658071562228953,0.04611680026101034,0.04974731909538508,0.044905584951342156,8.0,1.538819233606907,0.429572325760537,31118.0,0.1993188512812563,0.484385215009931,0.31629593349860097,0.9761547803704387,16.0,1.7371695979917356,0.429894745600062,25862.0,0.15628080397845354,0.47589663068467314,0.3678225652263175,0.9999840635670203,16.0,1.5506638802556585,0.4843632472622768,23589.0,0.16510421961100608,0.49591761083578656,0.33897816962535415,0.9976304198923337,16.0,1.6878831401763696,0.4549580815153239,59645.0,0.15756463709856766,0.48338612728372354,0.35904923564833224,0.9999953791815234,24.0,2.1722915099994147,0.35072796031318326,93605.0,0.11702017388827059,0.417268515801022,0.46571131039531116,1.0,0.7750879515134627,0.5055679287305123,0.951986453665369,0.6667595430482028,0.6435577978056485,0.9065696565378805,0.6809696294232377,0.6589244589545025
36,0.00020224450003308517,432.54208286099856,32314,False,0,2824.81494140625,3182.0,1.0755179109209287,0.7680279488635622,0.15305243121096945,0.06377662128898524,1.0075655579286754e-05,-0.005712526927528672,0.02222722302788149,0.003334083584260501,1.8605856358550295,0.0930292834132508,0.914765404578,2.8615925970352896,0.30000001192092896,2.956107096627379,0.7636149892106425,3.8406806793028196,0.9921160626633172,-0.2285010734526747,2.956107096627379,19.22323252899054,0.012417931440361112,0.029298578232595292,0.005047206706418851,0.09048110944795038,0.08804840290890853,0.0024327063447581346,-0.01975492740309414,0.3635576194028769,0.36568409864911383,0.2707582624268601,0.04635283492681765,0.049380475289987555,0.04568641449807268,8.0,1.5404708821628446,0.42868294796727247,30559.0,0.19992680179067504,0.48555311829390463,0.3145200797659364,0.9742962141894693,16.0,1.7526119820745834,0.42552637743714866,25284.0,0.1555593374466098,0.47558345084400644,0.3688572116346418,0.9999932905503951,16.0,1.575291116582533,0.4772006013416738,23306.0,0.16395800508886524,0.49603559886127385,0.3400063959444955,0.9986947006581158,16.0,1.7264734212497403,0.44355860561482263,61523.0,0.1580696980297937,0.4840139967798377,0.35791630569435784,0.9999982671032771,24.0,2.186265326280397,0.34712591766792056,91666.0,0.11627860566091004,0.41710728845184736,0.46661410620437693,1.0,0.7857117976941029,0.4844097995545657,0.9547110807267893,0.6717748676511563,0.652587209112899,0.9062434483717066,0.6831986625801059,0.6635944171512035
37,0.0001966980406590546,437.7780172820003,33212,False,0,2824.81494140625,3182.0,1.059793303020239,0.7555119185874719,0.15053494644277568,0.06353531069925114,9.186232585117486e-06,-0.005756776978812699,0.023635391515891394,0.0035453088697178525,1.848268237055384,0.09241341333307544,0.9198160855491241,2.8387698858790547,0.30000001192092896,2.9600192584597482,0.764625569131333,3.8514448682144646,0.9948966445239046,-0.23027107539257163,2.9600192584597482,19.298751979342757,0.014087370379542347,0.027305855211486218,0.004019222502680729,0.08971451497365698,0.087773684960219,0.0019408301739353348,-0.02035037202850696,0.3633930526074041,0.37228120480021726,0.2643257227836804,0.04859137334368907,0.052316657933733045,0.04934550242517916,8.0,1.542534589053255,0.4283323092804279,29809.0,0.20022994071102976,0.4877406953166672,0.312029364096873,0.9741139076168732,16.0,1.7539317361853988,0.4257910864761105,25404.0,0.1576681788372991,0.47486536847751565,0.36746645255802013,0.9999925796379967,16.0,1.579931212225621,0.47633208005840805,22602.0,0.16430231451618663,0.4971984671285739,0.3384992187206447,0.9981593468324689,16.0,1.7105812908751143,0.44858030892804507,59674.0,0.1573729486071647,0.4839682197576199,0.3586588319341833,0.9999970971028622,24.0,2.1901146525470327,0.3466845228715295,93172.0,0.11693308822217126,0.4177012634373263,0.4653656483319383,1.0,0.788498380298861,0.5022271714922049,0.957393689884984,0.673725271663416,0.6523979047780445,0.9065614680653995,0.6859849540261911,0.666214111531313
38,0.00019108034725482856,440.46319499600213,34110,False,0,2824.81494140625,3182.0,1.0383294808951378,0.7382828363007299,0.14707556708138325,0.06345062565088704,8.736995741865756e-06,-0.005786643225048655,0.024102835870209754,0.0036154255269530582,1.8336586607565946,0.09168293458118652,0.9131979518617855,2.9039214476841804,0.30000001192092896,2.958245485071196,0.7641673729131453,3.8542958278882558,0.995633098215364,-0.2314657253022187,2.958245485071196,19.26434003346359,0.01449648212166425,0.026023132933842286,0.003709261028591829,0.09057290578898336,0.0885296034799536,0.00204330218058322,-0.020171308605485487,0.36154977061115773,0.37336570660108526,0.26508450238631354,0.04842952945124929,0.05234843532629839,0.04902029633451963,8.0,1.534470976459938,0.43151786317790936,30150.0,0.20229415311356266,0.4886039196894732,0.3091019268232543,0.9736529419138877,16.0,1.7573823622183316,0.42463754514088436,25224.0,0.15788038631175072,0.47466025518384436,0.3674593592907527,0.999992402283607,16.0,1.6083359311020542,0.46797575695544824,22659.0,0.1654809992452239,0.49801321208254873,0.33650578876669296,0.9987173750443811,16.0,1.7306622569100678,0.44225831848915903,61826.0,0.15730876363226062,0.4831405086995932,0.3595507273691783,0.9999952903735301,24.0,2.1606958270708243,0.35468766389419143,87287.0,0.11675738663378211,0.41731372956048857,0.46592888400789595,1.0,0.7976592706120033,0.5100222717149221,0.9609956780526923,0.6695458344942881,0.648654257351655,0.9082870036986387,0.6831986625801059,0.6628686983820653
39,0.00018540008189645783,434.24287327300044,35008,False,0,2824.81494140625,3182.0,1.0228746787412748,0.7264199592592225,0.1449082114523641,0.06333061953369234,8.57325482309379e-06,-0.005814511733431118,0.023586557538559472,0.003537983768731353,1.8096769262794123,0.09048384793919323,0.9166115155536523,2.8689866723542243,0.30000001192092896,2.9565370330832472,0.7637260488953236,3.856902760279092,0.996306514340536,-0.23258046544521238,2.9565370330832472,19.231433123645996,0.015344565137110038,0.02598291144110806,0.003397476816780676,0.0910912416726138,0.08918926397621323,0.0019019777017004749,-0.0200906356444258,0.36168715082584674,0.37550853729962247,0.2628042920492233,0.04838804160168691,0.05239780022362697,0.04891719792920962,8.0,1.540211122961701,0.42910747792122944,30702.0,0.2014437535788523,0.48752080174863366,0.31103544454534887,0.9741561296566754,16.0,1.7413215836726568,0.4287496320977265,24945.0,0.15673784444028088,0.4746109314963313,0.3686512243509367,0.9999903728211286,16.0,1.6353099417954704,0.459488148329512,22737.0,0.16634123228608955,0.4966874233819071,0.33697134444567345,0.9984615072465257,16.0,1.745661717505244,0.43668642676135305,60099.0,0.1583318064919858,0.4852459588607753,0.35642223470537154,0.9999960604192836,24.0,2.1417714171559257,0.3590441131274974,84464.0,0.11668315079425079,0.41833962364262217,0.4649772260710091,1.0,0.803720087777352,0.4866369710467706,0.9675840567200588,0.6714962385065478,0.6450948173487071,0.9114052173851526,0.6876567288938423,0.6665465945177681
40,0.00017966600314141116,431.0361834889991,35906,False,0,2824.81494140625,3182.0,1.0014732875994719,0.7103446580373846,0.14168048492678903,0.06292104296285807,8.79450939325151e-06,-0.005841462479180815,0.02291678248218635,0.0034375175138965097,1.7784451108736372,0.08892225707752723,0.914835069143119,2.859513154319347,0.30000001192092896,2.953795830895939,0.7630179478517666,3.858334829858023,0.9966764432841065,-0.23365849543234005,2.953795830895939,19.17876533503783,0.01585782498285798,0.026112731202817634,0.003254891215055442,0.09147801384417514,0.08969599820678396,0.001782015584205643,-0.02029648871542896,0.3590170013135975,0.3707553458573398,0.2702276325968267,0.04728830625027706,0.050541326338737674,0.046767018070646434,8.0,1.5434071920961874,0.4280195056690376,30334.0,0.20209605928880633,0.487764479490386,0.31013946087512606,0.9726630808492494,16.0,1.7736147774179767,0.41902366415610315,25433.0,0.15524352922567966,0.4734862648339152,0.3712702064417992,0.9999843598275794,16.0,1.6797302898732327,0.44615826929822655,23823.0,0.16656389502386276,0.49634392118395015,0.3370921835347425,0.9985895964011341,16.0,1.7514341341431452,0.43524919246974514,57956.0,0.15794175018577924,0.4831291792349879,0.3589290708532868,0.9999982671364958,24.0,2.105848848900703,0.36876641806794946,82487.0,0.11654992326754106,0.4170497135923941,0.46640036395651707,1.0,0.811243860810199,0.4710467706013363,0.9758821595973974,0.6720534967957649,0.6493705542985063,0.914367042367722,0.6890498746168849,0.6687860067728657
41,0.00017388695252351449,440.19895258500037,36803,False,0,2824.81494140625,3182.0,0.9924593257980455,0.7027593154245179,0.14007207035464037,0.06272005826793306,8.139902217467381e-06,-0.005842020738859006,0.024872767891888085,0.0037309153357715273,1.7802169675375916,0.08901084993815629,0.9165070187059738,2.868225495416404,0.30000001192092896,2.9540069016955517,0.7630724723305281,3.8586323484988614,0.9967532981243032,-0.2336808257937751,2.9540069016955517,19.182811875781642,0.016206890370961104,0.02625112612448066,0.003230563069547861,0.09149157341633633,0.08946295413354242,0.0020286192540519892,-0.020346865201719733,0.3606657761477175,0.37119383942167805,0.26814036470183866,0.0468020053367791,0.0506691482152833,0.04633337456061219,8.0,1.5562706352455322,0.4229201814488369,29863.0,0.20068564822145288,0.48778324322107713,0.3115311086929398,0.970266539741407,16.0,1.7663395547448266,0.4205099650425715,25045.0,0.15502578288595972,0.47313112177139266,0.37184309491651457,0.9999891138320939,16.0,1.6813235813067655,0.4453826202067002,24066.0,0.16712352178069284,0.49730999091105954,0.33556648720859167,0.99857149884562,16.0,1.768960730139832,0.4298497210945296,58757.0,0.15792121651281926,0.4836082791679186,0.3584705045575022,0.999999229873276,24.0,2.116105140524061,0.3657400520334357,82787.0,0.11649235810689648,0.41730571779745856,0.46620192415222045,1.0,0.8153192378696577,0.5089086859688196,0.9746368400364342,0.6762329339648927,0.6529741808137335,0.9152214367032948,0.6887712454722764,0.6686864277435609
42,0.0001680718409199467,437.6697812040002,37701,False,0,2824.81494140625,3182.0,0.9675553611251743,0.683756405804207,0.13637981823716544,0.06259431440733938,7.761430782181202e-06,-0.0058517328352322585,0.024659097941572287,0.0036988648382218956,1.7393985603968425,0.08696992954112669,0.9144170817513672,2.889249645445787,0.30000001192092896,2.956626855773551,0.7637492513294533,3.862756195443398,0.9978185608542374,-0.23406930952478408,2.956626855773551,19.233116652301256,0.01692698345228258,0.0248986809155708,0.0025886111685094557,0.09092676029112227,0.08891502143212747,0.0020117389323742827,-0.020433726930756145,0.35986067774324126,0.37306119675417715,0.2670781046776003,0.04551928794818129,0.04934254179518983,0.04564499223484835,8.0,1.5599877425772157,0.4214825986956324,29901.0,0.20049638099771977,0.48707771173585335,0.31242590735206877,0.9716478799232275,16.0,1.8026353978800123,0.41033671869351,25506.0,0.15547966166540242,0.4718159004319752,0.37270443840349743,0.9999844634510922,16.0,1.6824479790174698,0.44556154722562674,23685.0,0.16769531493779238,0.4979666804519084,0.3343380047930018,0.9981207217935643,16.0,1.786432245320057,0.4248142307841245,55487.0,0.1573699423065878,0.4827274453576038,0.35990261200362184,0.9999947868140415,24.0,2.129909008219223,0.36212639185036855,82076.0,0.11661178313473133,0.4174495142095577,0.46593870244523966,1.0,0.8211013967745306,0.4977728285077951,0.9819042368099928,0.6709389802173308,0.6464049218108784,0.9230228274869666,0.6887712454722764,0.6674339439476643
43,0.0001622296348113128,433.64028791300007,38597,False,0,2824.81494140625,3182.0,0.9393970576767355,0.6619071546420229,0.1321358179533476,0.06241826717120722,7.617104592847054e-06,-0.005859917670851946,0.024207427024866224,0.003631114201526988,1.7031401278660454,0.08515700793791774,0.9149395659939117,2.8584359347822357,0.30000001192092896,2.9555130015014504,0.763461524291515,3.8629097516909843,0.9978582272979216,-0.2343967030064066,2.9555130015014504,19.211769014579293,0.016933112087100563,0.02501557807337933,0.0025700653616642995,0.09132449353605757,0.08931996751539162,0.002004525946970179,-0.020287759384851004,0.3574546786557379,0.3710258161350205,0.2715194849853103,0.0446278854957778,0.04688714138766168,0.04527928204116679,8.0,1.5645433961462754,0.41976647055789784,29673.0,0.19984822193488103,0.4859124151974571,0.3142393628676619,0.9733984535143806,16.0,1.7895731822197587,0.4142838269923688,24861.0,0.155472189957742,0.47432272125571046,0.37020508902478755,0.9999832640750069,16.0,1.7057192084922899,0.4394201238967395,23998.0,0.16614588546488843,0.4968784825422908,0.3369756321921327,0.9989679246272009,16.0,1.7991750561716398,0.42138598817319695,54990.0,0.15772134545429975,0.48324493156829273,0.35903372299401687,0.9999972009256868,24.0,2.1529154419845007,0.35604382428493764,83392.0,0.11681035575862256,0.41737772228658926,0.4658119218055638,1.0,0.8352084712111185,0.48329621380846327,0.9878073007026135,0.6756756756756757,0.6460767510953119,0.929010624605223,0.6876567288938423,0.6685157915931427
44,0.00015636934245598073,434.74071636699955,39495,False,0,2824.81494140625,3182.0,0.9257078746746291,0.6515071148317458,0.1300665508619508,0.061880993950364484,7.138904123865818e-06,-0.0058610879512735175,0.024241054250691237,0.003636158285562941,1.689420143195739,0.08447100857612132,0.9154620502291896,2.8648994163707977,0.30000001192092896,2.956628629624721,0.7637497098735144,3.8642065928246336,0.9981932242033171,-0.2344435143298027,2.956628629624721,19.233175686299397,0.017360659501544817,0.02467818915920003,0.0023582531027985056,0.09126944092586582,0.08928381021212184,0.0019856308808023347,-0.02032361214443859,0.3545378723788641,0.3761852747534314,0.26927683226902527,0.04672265219602358,0.04977003977353049,0.04573328566655951,8.0,1.5685833141453203,0.41789882346220064,29443.0,0.20104016132335883,0.48820032709867894,0.31075951152553904,0.9737891908631877,16.0,1.8027145655710182,0.41044902810337375,25329.0,0.15430209486083163,0.4742425781685031,0.3714553264474714,0.999982315703218,16.0,1.731118194627315,0.43203326599459824,23867.0,0.16684015427835683,0.4974889288173997,0.3356709168320967,0.9989789862331957,16.0,1.781416297266196,0.42662846994331927,54805.0,0.15747726048092478,0.48386371581879706,0.3586590239577227,0.9999983559922409,24.0,2.1637356509492665,0.352807393799531,82165.0,0.11702822040112615,0.4176410870912236,0.4653306927375856,1.0,0.8386568671845066,0.48997772828507796,0.9923431319956595,0.6759543048202842,0.6503643515527104,0.9346348296370337,0.6912789077737531,0.6730428228197004
45,0.00015049999999999997,437.92057471500084,40393,False,0,2824.81494140625,3182.0,0.9121697464973859,0.6408226932835781,0.12801444798338404,0.061928516078198347,7.059166983286305e-06,-0.005866596902382248,0.024755718313727724,0.0037133578993232145,1.671005413102304,0.08355027216661258,0.917760980878115,2.83911035900401,0.30000001192092896,2.955553056196449,0.7634718704092419,3.863984070882565,0.9981357428201161,-0.2346638724108741,2.955553056196449,19.21251572944423,0.017468602206740822,0.024865162037833323,0.0023810231422974255,0.0910690736894058,0.08907112335720889,0.0019979502424108415,-0.02045604189326926,0.3548864082730532,0.36891329645894616,0.27620027455720847,0.04484789169113619,0.047434903315873043,0.044750846669883944,8.0,1.5663617714772906,0.41888172369611365,28908.0,0.1976506929171032,0.4869257648987989,0.3154235419681767,0.9713730133727093,16.0,1.8384053413096197,0.39984163906952197,25508.0,0.15536452396957223,0.47404154541578913,0.370593931057381,0.9999862110013934,16.0,1.747446388625946,0.4269706231753668,23989.0,0.1664727268903838,0.49619367731465014,0.3373335956729913,0.9991453743710937,16.0,1.7969305389473658,0.4212441946278919,55234.0,0.1581178073331378,0.48473366356397596,0.357148528986621,0.9999978820617148,24.0,2.1593258650708402,0.3540781301811632,81699.0,0.11765737361782184,0.4174636625717076,0.46487896359740405,1.0,0.8425232505486084,0.49888641425389757,0.9995876810417165,0.6787405962663695,0.6569490485664843,0.937486339791235,0.6893285037614935,0.6708660145650206
46,0.00014463065754401926,434.67513987599887,41291,False,0,2824.81494140625,3182.0,0.8947544177604396,0.6269754469290876,0.12534743613902835,0.06179954139318846,6.660171872264847e-06,-0.005863855925125448,0.02447906942428427,0.0036718605633536605,1.656346607373411,0.08281733175725892,0.9161935281629385,2.868142091483423,0.30000001192092896,2.958376421292767,0.7642011956725276,3.866382999743051,0.9987554289362947,-0.2345542332637671,2.958376421292767,19.266760691608514,0.017831948723256944,0.023838047194587403,0.0019397731143625026,0.09096941986133272,0.08907622844577687,0.0018931910732926211,-0.020611388792359322,0.3531067209344427,0.37586910746688773,0.27102415077887865,0.04480729219439307,0.047553169702125975,0.044922530812254904,8.0,1.5796011227243285,0.41320214952340945,28977.0,0.20177972516053863,0.4888731441991432,0.3093471304327016,0.973149163202954,16.0,1.845359391107127,0.39744705581408424,25840.0,0.15525576927481768,0.4755355417271668,0.3692086884499078,0.9999926685269604,16.0,1.7475274578107969,0.4265125005012014,23468.0,0.16604812733141033,0.497561547229804,0.33639032491247767,0.999052028045364,16.0,1.834131127581576,0.4094384078396671,56376.0,0.15861630721494005,0.4862684018601361,0.3551152910993218,0.9999957049879984,24.0,2.1581084556583576,0.353504386834787,77986.0,0.11755806997170822,0.4173153043166984,0.4651266256259516,1.0,0.8479919189104462,0.48775055679287305,1.0150628481511785,0.679019225410978,0.6587551878738697,0.9448465307830403,0.6904430203399275,0.670495779877738
47,0.00013877036518868718,439.92915703700055,42189,False,0,2824.81494140625,3182.0,0.8712912327883913,0.6088987799343376,0.121735584891479,0.06142898046889189,6.320218651222092e-06,-0.005865551294129124,0.02607545199649885,0.003911317958077677,1.6235160040728347,0.08117580160857017,0.914835069143119,2.8464378409551943,0.30000001192092896,2.956568774320293,0.7637342477945986,3.864837875875785,0.9983562955957141,-0.2346220478011156,2.956568774320293,19.231945605880767,0.01786457619432986,0.02526371580608242,0.002288309795953708,0.0910900326228934,0.08911605584862888,0.001973976694494346,-0.020657860891020674,0.34954112737238346,0.37720364524971095,0.27325520718200247,0.04534715670453721,0.049021170155864977,0.04640286568919607,8.0,1.5829634672048518,0.41222425087055753,29423.0,0.2037663502007045,0.48742948547086107,0.3088041643865671,0.9741396172330099,16.0,1.8342140951294141,0.40112634483846676,25441.0,0.154314527646153,0.4761013585983671,0.3695841135701821,0.9999931277935273,16.0,1.7575140156887588,0.4237829134111648,23256.0,0.16662083086750218,0.49784364918813073,0.3355355200222233,0.9988190570035912,16.0,1.8401192533064255,0.40803135020937426,58343.0,0.1579363519807458,0.48421383061218487,0.3578498177947933,0.9999964306972307,24.0,2.1489280792209287,0.3559302207074854,77334.0,0.1172728462434682,0.4174756040765041,0.4652515498879038,1.0,0.857117976941029,0.5100222717149221,1.025466430051043,0.6792978545555866,0.6593725852759956,0.9512736314384012,0.6893285037614935,0.6718950858690869
48,0.00013292815908005326,439.48651938200055,43085,False,0,2824.81494140625,3182.0,0.8558694010738578,0.5968866597738688,0.11936209922107335,0.06155196749320901,6.197560445742498e-06,-0.00587095584882379,0.025255821570517888,0.0037883733875724857,1.6029012241210387,0.08014506250871624,0.9183879619672998,2.8187854872082396,0.30000001192092896,2.954617753971117,0.7632302648450037,3.8637237424756457,0.9980684951445522,-0.23483823029954853,2.954617753971117,19.194474191275994,0.01783057805946827,0.025623195477626995,0.0024721113999188232,0.09131537501885229,0.0895047540444537,0.0018106209495251447,-0.020600745535855208,0.3538252058321167,0.3773610034458664,0.26881376988665473,0.0458488919020214,0.04890295521946672,0.04578644549333006,8.0,1.590456090417251,0.4094171584723798,29052.0,0.20208600350678033,0.48767565152227305,0.3102383451645491,0.9743589184024192,16.0,1.8573633954834674,0.39429122589591103,26090.0,0.15520550527155821,0.4765915580439283,0.368202936014431,0.9999961047371194,16.0,1.7824873130412604,0.4163230714121891,23361.0,0.1671347847602398,0.4980216168606558,0.3348435984538463,0.9990298737220296,16.0,1.842119343639803,0.4068921213312547,56937.0,0.15852399851900145,0.4843084936453974,0.3571675077468451,0.9999986669873488,24.0,2.1377449212616906,0.3594038730980382,78275.0,0.11732631381705552,0.41754955857739917,0.46512412769014905,1.0,0.8627608067156641,0.5055679287305123,1.0395519292331332,0.673168013374199,0.6517318226467237,0.9595235047416124,0.6876567288938423,0.670579999794965
49,0.00012711304747648543,438.9013899390011,43983,False,0,2824.81494140625,3182.0,0.8344508206409581,0.5798484678676856,0.11604282955768079,0.06150219080473812,5.978589082089663e-06,-0.005868587828384317,0.02561846135785024,0.003842769363866706,1.5815434609871182,0.0790771744503445,0.914974398274395,2.85622653956531,0.30000001192092896,2.9541449067468797,0.763108120668752,3.8628842129495236,0.9978516302415539,-0.23474350957280188,2.9541449067468797,19.18540401246805,0.017764266780498607,0.02606688813847849,0.0026182322781721805,0.0912783422480972,0.08957306397806628,0.001705278353187038,-0.020687759804947383,0.350214081157225,0.37817619156781823,0.27160970669911527,0.044997777511105896,0.048476552703165164,0.04586013983157204,8.0,1.595195915520538,0.4073175324587792,29485.0,0.20069990968117915,0.487699020649681,0.31160106926221137,0.9744729969464041,16.0,1.8681863579216402,0.39133791095298875,25911.0,0.15511765460400975,0.4769394519720719,0.3679428936813629,0.9999900471267665,16.0,1.803068516035099,0.41001912701602866,23890.0,0.1666806543136848,0.49724816100579694,0.3360711849685863,0.9991096983347414,16.0,1.8490060606555565,0.4048568470232074,55909.0,0.15839951616167927,0.4842648569954746,0.357335626665853,0.9999990521057293,24.0,2.147791822816416,0.3571697373299096,76277.0,0.11708869811178205,0.4179108694593852,0.4650004325173293,1.0,0.8698317600752378,0.5066815144766147,1.0493849411619245,0.6703817219281136,0.6513610344567005,0.9662053322984702,0.6857063248815826,0.6713211623944078
50,0.00012133399685858881,442.61388123100187,44881,False,0,2824.81494140625,3182.0,0.8238033129340192,0.5724985531398822,0.11448082548072003,0.06096006925657208,5.713224001994796e-06,-0.0058695077639030445,0.025984359262485508,0.003897654047894575,1.556600161879583,0.07783000942486633,0.9164721864234143,2.841757908058107,0.30000001192092896,2.957352432596251,0.7639366813042167,3.866234188198757,0.9987169883688762,-0.23478030706465966,2.957352432596251,19.24701071185807,0.01820275220302279,0.02447667087570781,0.0019973835321659716,0.09107328431642583,0.08927677939177024,0.0017965050559041495,-0.02076646728473105,0.35042924401117237,0.3756510723558579,0.2739196634868946,0.04519824185204766,0.04926419433436904,0.04592650029062809,8.0,1.5926358585235754,0.40824213133298753,29421.0,0.2006741260829492,0.4872854020755498,0.3120404715010097,0.97439893385996,16.0,1.8756911714496631,0.38888823150396723,26126.0,0.1542330448148459,0.47542446180090703,0.3703424931351072,0.9999956011983925,16.0,1.8052182500649487,0.4093618779775553,23828.0,0.16724099199277503,0.49886952780179084,0.33388947971234473,0.9987228529892345,16.0,1.8454025361458957,0.4059726651613273,55353.0,0.1581896114836849,0.4836847631135469,0.3581256253861589,0.9999985781087659,24.0,2.157898160871399,0.3543688336467663,74932.0,0.11680714697789704,0.4175292350586158,0.46566361806028844,1.0,0.8710508899648194,0.5200445434298441,1.0585014745364716,0.6745611590972416,0.6532589357968669,0.9745671019377433,0.6831986625801059,0.6670640152155619
51,0.00011559991810354217,440.08220067500224,45778,False,0,2824.81494140625,3182.0,0.8061542934368445,0.5586026662498637,0.11174531316873156,0.06088909700737631,5.796453435862771e-06,-0.005872939712244971,0.025229603020412873,0.0037844406079536336,1.5399984395215618,0.07699992330896845,0.9133372809930614,2.875227714997523,0.30000001192092896,2.95439095811712,0.7631716797284487,3.8638041429690064,0.9980892647130307,-0.23491758498458215,2.95439095811712,19.19010803214418,0.01764727130352157,0.025081328322254584,0.0024591222345387046,0.09116315767062595,0.0893094275746086,0.0018537302199182334,-0.0207175120253013,0.3494223167243192,0.37478785483024685,0.2757898085869078,0.04465818154895529,0.04894050180246607,0.04495736963590458,8.0,1.6075486564732564,0.40229176970882524,29664.0,0.20027066698961776,0.48846239912260364,0.31126693441927705,0.9725322675387718,16.0,1.8791614205051048,0.3877834402334354,26006.0,0.154501810219371,0.4754393977607163,0.3700587918148913,0.9999904024957668,16.0,1.8191154756542367,0.40508460953793785,23950.0,0.16756821117508586,0.49909921065987606,0.3333325780570775,0.9986174389703872,16.0,1.8682086896388117,0.3989024561393838,55357.0,0.15767275513810894,0.48184446512297063,0.3604827797140064,0.9999990817471488,24.0,2.1647188683413856,0.35236771097003516,74579.0,0.11611820736679314,0.41704756083369376,0.4668342318368841,1.0,0.8784353338674283,0.5111358574610245,1.069750033536971,0.668988576205071,0.6492542047606005,0.980070499465073,0.68431317915854,0.6658010726042308
52,0.00010991965274517138,438.51941042199905,46676,False,0,2824.81494140625,3182.0,0.7909077889198686,0.5468048747066935,0.10963844797635652,0.06075609944704483,5.544779660549686e-06,-0.005875401658978015,0.024230120557921987,0.0036345182282040375,1.5188741308581393,0.07594370784008726,0.9152530565348708,2.8701086736920445,0.30000001192092896,2.9567265768501922,0.7637750120441834,3.866520991174732,0.9987910747187585,-0.23501606267457506,2.9567265768501922,19.234965572511978,0.018275984519366403,0.02417883756708875,0.001918424239261211,0.09067395489132556,0.08885829029532451,0.0018156646525887225,-0.02078479547735466,0.3493119199666539,0.3739204445043541,0.27676761407597056,0.04440875009679114,0.04954044171747666,0.04451906667565713,8.0,1.615007259146564,0.39967958805138276,29165.0,0.19984210550623124,0.485801950121479,0.3143559447517091,0.9756542874576779,16.0,1.8656499794298604,0.39177888261328886,25849.0,0.15433290651798448,0.47560930133110896,0.3700577921233974,0.9999891138653126,16.0,1.82441783222087,0.40376437612555527,23866.0,0.16741890778503032,0.49805071042570526,0.3345303822792396,0.9988110153593445,16.0,1.8662452658929605,0.39939031405813324,54400.0,0.1570827241275514,0.48201613806416743,0.36090113780828115,0.9999991854682413,24.0,2.1739302882705056,0.3498644358866632,73570.0,0.11604665702570194,0.416728072329588,0.4672252702806025,1.0,0.8829983628827197,0.48329621380846327,1.0809136596221585,0.6751184173864586,0.6571027388789737,0.9872045593694845,0.6831986625801059,0.6649506028354969
53,0.00010430195934094535,434.7478666980023,47573,False,0,2824.81494140625,3182.0,0.7741192020199474,0.5341209875527891,0.10696576294321522,0.06070349084204228,5.284351323952797e-06,-0.005876892904061229,0.023964566536466506,0.003594685126917523,1.4921177296713604,0.07460588774193011,0.9158800376199032,2.843984897534731,0.30000001192092896,2.9567072104833034,0.7637700083599664,3.8667325373747956,0.9988457208213904,-0.23507571246142406,2.9567072104833034,19.234600150716805,0.01804712666184662,0.024018591610212168,0.0018896552247686471,0.09090176802687172,0.08907504874317951,0.0018267191940805154,-0.020654230225094102,0.3500720573765485,0.37878334491935295,0.27114457716459,0.043663423889122595,0.04822048510172831,0.0445278995075135,8.0,1.609785560173211,0.4018124303493369,28987.0,0.2005262371239449,0.48774377556819476,0.31172998743502545,0.9743146522777025,16.0,1.8736433885227803,0.38970354831290555,26012.0,0.15509743199415219,0.4767658977713421,0.3681366708075275,0.9999904617765297,16.0,1.855198798032966,0.3947400520154229,24015.0,0.16784546256694446,0.4987318203003206,0.33342271703878845,0.9985161100652525,16.0,1.873943309665345,0.3975230511351229,54034.0,0.1571483975353234,0.48186062248698464,0.3609909802211224,0.9999988151570756,24.0,2.1925373119580267,0.3454927023565214,75231.0,0.11560952570850587,0.4157655344138454,0.4686249401156293,1.0,0.8895119997213418,0.4933184855233853,1.0904243960955842,0.6762329339648927,0.6536735580226886,0.9915834704160226,0.6870994706046253,0.6702002876967867
54,9.875549996691475e-05,439.6547086030005,48471,False,0,2824.81494140625,3182.0,0.7578244938740034,0.5214439175215637,0.10469099173887492,0.060449126251570014,4.943054219121237e-06,-0.005870055852282639,0.023684786998646158,0.0035527181889357185,1.4710570661607816,0.07355285451603022,0.9146957400159953,2.8552204533228536,0.30000001192092896,2.9584802855493266,0.7642280262230523,3.867446910625358,0.9990302564901902,-0.2348022302671379,2.9584802855493266,19.268739627236346,0.01842750270522241,0.023772678008886515,0.0017148363020696288,0.09091018953550165,0.08905550075070837,0.0018546887277960445,-0.020682264642450703,0.3468281968220253,0.3772607645423249,0.2759110182009876,0.04256203635427212,0.046979276830027304,0.04346122928170053,8.0,1.6176555363327787,0.3983590910147298,29346.0,0.20211126863138443,0.4875533388091079,0.3103353929524221,0.9743860653232451,16.0,1.9002456977585067,0.3819797194401852,26357.0,0.15562901678416766,0.47673122831104964,0.36763975545029526,0.9999933646072302,16.0,1.8642572911166277,0.3927450823166838,23954.0,0.168142854968077,0.49941806239250325,0.33243908252315446,0.9988450623363315,16.0,1.8928090994740658,0.3919721733540086,53660.0,0.15727254680557606,0.4827368573211254,0.3599905961722664,0.9999986226155327,24.0,2.18436976771996,0.3472825591996602,73263.0,0.11597868076074484,0.41581454964540127,0.46820677017907314,1.0,0.8944930161273468,0.5066815144766147,1.1040958586626646,0.6720534967957649,0.6527436856378604,0.9976388671730979,0.6884926163276679,0.6706854975866943
55,9.328882686141906e-05,432.6815463410021,49368,False,0,2824.81494140625,3182.0,0.7425196662650569,0.5096261394638856,0.10232593969022921,0.0603599769770715,4.966679498490041e-06,-0.005880498771954962,0.02239220086526022,0.003358830269073808,1.4544862563750676,0.07272431409632202,0.913441777841778,2.8671707915489093,0.30000001192092896,2.953788986964769,0.7630161804117966,3.864372680211226,0.998236127372919,-0.23521994696112236,2.953788986964769,19.178547070547847,0.017722236641806832,0.025265365164639904,0.002384647445594844,0.09138214404061279,0.08947604841877498,0.0019060954691463557,-0.020652224881434176,0.3454240886250892,0.3771271401811715,0.2774487501497224,0.04395018064899751,0.04850855422535782,0.044016353908485455,8.0,1.6301222599562966,0.39325394926576424,29277.0,0.20237911579188203,0.48578844351049144,0.31183244046769115,0.9752815596204204,16.0,1.8956872150356432,0.38278578590369283,26046.0,0.15558683158904227,0.4764484380155136,0.3679647304727813,0.9999906393779832,16.0,1.8757116863722503,0.38886627448489997,24165.0,0.16764871631395215,0.4983580617879085,0.3339932215965763,0.9988592500958042,16.0,1.8943919330153323,0.39116682388191293,53581.0,0.1576222986898484,0.48255018157899854,0.3598275197254436,0.9999967860413169,24.0,2.188820423180168,0.346241930787676,72050.0,0.1158595075027925,0.41588438668903455,0.4682561055979612,1.0,0.8992302065554356,0.48106904231625836,1.1128218749599823,0.6726107550849819,0.6515241324457125,1.0040542844544882,0.6898857620507105,0.6706171512555413
56,8.791036923815453e-05,441.2044279670008,50266,False,0,2824.81494140625,3182.0,0.7295749774827176,0.499718521218418,0.10029024425205643,0.06032461447290187,4.895884155194942e-06,-0.005880351633109481,0.02446238880523457,0.0036693584673852015,1.4289538987667867,0.07144769615789535,0.9145912431652027,2.8482517571429184,0.30000001192092896,2.952467121713035,0.7626747186104453,3.8630280304264013,0.997888780312045,-0.23521406170159964,2.952467121713035,19.153229407263613,0.017254166330303546,0.025305936664157064,0.0025897167442173333,0.09142307802376119,0.08951816310159938,0.0019049147007176356,-0.020707843536958412,0.3464927819221636,0.37432769838971125,0.2791794991984446,0.043605752111912775,0.04626595016479754,0.04211306289368328,8.0,1.631908075629849,0.39257289309221616,28985.0,0.20160908854893414,0.48547244995854244,0.31291846171674936,0.974432522730957,16.0,1.9171879782796781,0.37686708463849833,26674.0,0.15513099816487108,0.4749961524528082,0.3698728492188227,0.9999943125679382,16.0,1.8900844925494398,0.38468409371980616,24170.0,0.1680235778237175,0.4985249818747866,0.3334514402075494,0.9987805217339446,16.0,1.9189134036084112,0.3835423370184389,53827.0,0.15783109236998452,0.4829769288853271,0.35919197881112563,0.9999989780488941,24.0,2.181322785728325,0.34848517852063055,71726.0,0.11595970464815121,0.41540809435826814,0.4686322018253446,1.0,0.9044898812219164,0.5077951002227171,1.128462431357079,0.673168013374199,0.6530239464228671,1.01326297424935,0.6882139871830594,0.6682873750138939
57,8.262842028893775e-05,440.3395443510017,51164,False,0,2824.81494140625,3182.0,0.7124339245264174,0.4863638790565879,0.0976974059678369,0.06005608951381275,4.8545521687896695e-06,-0.0058846232801841375,0.023947779547688224,0.0035921670768899717,1.4120830511813454,0.07060415370503295,0.9161238636009338,2.8700585976352535,0.30000001192092896,2.954445806465294,0.7631858478598496,3.8656681707491756,0.9985707754097893,-0.23538492754993987,2.954445806465294,19.191168740283253,0.017830972012323542,0.024530148075437998,0.0021037224765843377,0.09121397203222795,0.08928897656419109,0.0019249955055740937,-0.020696448210144523,0.3495789194369483,0.37253110500092734,0.277889955299784,0.04395352338446134,0.04668266648202361,0.04293325796215743,8.0,1.6170343556180387,0.3984041300378518,28570.0,0.2006677282897111,0.4865973758728237,0.3127348956682577,0.973799246209738,16.0,1.9193482864047962,0.37586926385719305,26856.0,0.15425734765475485,0.47402292178269195,0.3717197305485391,0.9999953049025385,16.0,1.8817063807909664,0.38682875453568355,24199.0,0.16786022038913045,0.49816744735262614,0.33397233256551595,0.9989112022154848,16.0,1.9498554663272971,0.37425972129688306,54673.0,0.15853996344424284,0.48302775534630454,0.35843228099612656,0.9999992890876016,24.0,2.190211599824604,0.3463966015937448,72675.0,0.11608582839985876,0.41508946435599914,0.46882470744215643,1.0,0.9090877425197673,0.5100222717149221,1.134544349108675,0.6720534967957649,0.6507218095918879,1.01905741117631,0.6876567288938423,0.6685938767462248
58,7.745112439620527e-05,442.0209884830001,52060,False,0,2824.81494140625,3182.0,0.6996282195902912,0.4765818778397816,0.09598180297418939,0.05997051051723271,4.63571974043958e-06,-0.005882115327611396,0.02366817319904725,0.0035502261179448237,1.3884256868192555,0.06942128549208643,0.9168901738151661,2.8531183831897446,0.30000001192092896,2.9547298641022794,0.763259225271767,3.865563873163589,0.9985438346148592,-0.23528460934309214,2.9547298641022794,19.196609526767787,0.017630860384381997,0.024265206226788825,0.0021340130018243247,0.09118028736616103,0.08930971552012354,0.0018705721604428077,-0.02069290152097339,0.3496019946415599,0.3672888393212587,0.2831091462232928,0.04314692698948776,0.045754942184369214,0.04334829894332013,8.0,1.6217370648598188,0.3964529647183205,29054.0,0.2015743895619303,0.48716785828311254,0.311257751928136,0.9735710748211377,16.0,1.9302739984725328,0.3724484897815445,27086.0,0.15534487153869334,0.47495949871778664,0.369695629843176,0.9999905506322748,16.0,1.8936521910654431,0.38323520632982544,24106.0,0.16777392449158146,0.4979602083827997,0.3342658673140309,0.9988778949971442,16.0,1.94458883342426,0.37614043737168706,52779.0,0.15797708580204425,0.482840724292272,0.359182189733881,0.9999995260362553,24.0,2.189438843071874,0.3466462376791713,71466.0,0.11614669613383681,0.41550254025048705,0.4683507643854146,1.0,0.9132676164269045,0.5144766146993318,1.1525317363069396,0.6726107550849819,0.6536692860981476,1.0316678757254345,0.6851490665923655,0.6691801827123224
59,7.238646457496564e-05,437.3105738009981,52958,False,0,2824.81494140625,3182.0,0.6921128676126916,0.47151651708902603,0.09475591318858505,0.059633394817263485,4.493725137713544e-06,-0.005883580683166247,0.020970320123854073,0.0031455481519685217,1.3788116668804864,0.06894058454262729,0.9152530565348708,2.855065767275651,0.30000001192092896,2.955074434673372,0.763348234065619,3.8661353572159296,0.9986914579964402,-0.23534322393082116,2.955074434673372,19.20322348400569,0.018065182445033943,0.02438694111302922,0.0020167125413910122,0.09103781600435756,0.08917765562803777,0.0018601605344125197,-0.020736757052754854,0.3501640328515049,0.36991643741207314,0.27991950885330796,0.04369657321790675,0.04653837667352715,0.043297382459013836,8.0,1.6335579253375798,0.3920117168004388,28727.0,0.20142419016150714,0.4860467681215327,0.3125290417584835,0.9741317237148904,16.0,1.9357176160292506,0.3713256305377475,26465.0,0.15524577287995805,0.4748899746094383,0.3698642525853456,0.9999943274332856,16.0,1.8999865277732253,0.3817117126214973,24472.0,0.1684854760298373,0.4988744822974871,0.3326400421242417,0.9989882430593781,16.0,1.9424719388110663,0.3768556627429903,53316.0,0.1582313748579704,0.48384498143159566,0.3579236438848319,0.9999988151570756,24.0,2.1961541293685456,0.3448179981085179,70372.0,0.11631254933411402,0.41564786696600947,0.46803958417479946,1.0,0.9157058762060678,0.4888641425389755,1.1572696646132088,0.6734466425188075,0.6564127788506545,1.0360547881765463,0.685427695736974,0.6673828268823987
60,6.744225016356949e-05,426.3305405379979,53856,False,0,2824.81494140625,3182.0,0.6764313944436452,0.4594893227064845,0.09224511154758722,0.05960829066986379,4.400797666516117e-06,-0.005886743149303504,0.02006315589527247,0.0030094735036185014,1.3592307708207036,0.06796153972030346,0.9170643352279635,2.8873295457623316,0.30000001192092896,2.9546108538173756,0.763228482747303,3.8661614763370906,0.9986982050204942,-0.2354697222731912,2.9546108538173756,19.194302558002022,0.01790206628187252,0.024187435811086608,0.002023194810094186,0.09103659369157081,0.08928089591371938,0.0017556978782940665,-0.020765029581418012,0.3454518054482448,0.3734430065255599,0.2811051672531182,0.04389493167504169,0.047409682416196294,0.043487905808229914,8.0,1.6329414882755915,0.39206242784631967,28830.0,0.20243370431101665,0.4874179336229434,0.3101483619274559,0.9728265500993803,16.0,1.9387733081676912,0.36994757379972804,26627.0,0.15429574158422218,0.4746368187398737,0.37106743999407654,0.9999909356406185,16.0,1.9052272803723043,0.3797135825187727,24145.0,0.1683230215888017,0.49920905356397366,0.33246792462818914,0.9987548712989148,16.0,1.9379322254286941,0.3779878559030831,52831.0,0.15755916505469653,0.48290075548635497,0.3595400793374928,0.9999993779329659,24.0,2.208412220221527,0.34145875985962315,71325.0,0.11603055395731719,0.4150166106527596,0.4689528353608569,1.0,0.9206868926120728,0.4465478841870824,1.168329157580835,0.6726107550849819,0.65461251597817,1.0419516108035376,0.6834772917247144,0.6673596509398766
61,6.262610478227527e-05,429.6797897969991,54754,False,0,2824.81494140625,3182.0,0.6610922196327139,0.4474599910856203,0.09011335703790377,0.05955478407902181,4.283834097836193e-06,-0.0058862026874757795,0.020077907721033333,0.003011686273901245,1.3366864136242063,0.06683432184497912,0.9169598383823613,2.850405886021356,0.30000001192092896,2.954231657243256,0.7631305294843415,3.8656985871515874,0.9985786333195887,-0.2354481038352473,2.954231657243256,19.18703644983804,0.017786657997371044,0.024371931536207567,0.002106998677056425,0.09113921313437762,0.08930721950944578,0.0018319936472141211,-0.020760674483101173,0.3455462233890431,0.3763954142463,0.2780583410611193,0.043735514936461384,0.047190586276597134,0.04296829829353155,8.0,1.635066632002207,0.3913607766164118,28923.0,0.20173489636425904,0.4870206647301431,0.3112444381223643,0.973301924044421,16.0,1.9535513810052771,0.36581548071691555,26504.0,0.15481618941172798,0.4758523202940249,0.3693314900783259,0.9999933793397029,16.0,1.9159758503174864,0.3770109219116171,24236.0,0.16893922123448005,0.5002338368631322,0.33082694191328765,0.9986462126647199,16.0,1.9544772601782863,0.37337753711301847,52602.0,0.15800651268565571,0.48327143343581463,0.35872205399479495,0.999999289054383,24.0,2.2152766137085074,0.3398192411354083,71569.0,0.11600464204555104,0.4154845902854495,0.468510767443476,1.0,0.9258769027134348,0.4665924276169265,1.1755378448587834,0.674282529952633,0.655304586371447,1.0487922462921482,0.6868208414600168,0.6708557195027522
62,5.7945454578179794e-05,448.3519508749996,55652,False,0,2824.81494140625,3182.0,0.655054480029463,0.4426159039303246,0.08907014618173338,0.059456056918240525,4.01179665704601e-06,-0.005885913904033283,0.022399908947384698,0.0033599864797250593,1.328685744337172,0.06643428837660484,0.9166811801218855,2.8755252101610784,0.30000001192092896,2.9538705661057754,0.7630372527226239,3.8652927752692827,0.9984738051054632,-0.23543655238283925,2.9538705661057754,19.180104265342898,0.017760502420652063,0.02460688989507099,0.0021960496237573715,0.091192266242202,0.08931009674102162,0.0018821696932540964,-0.020779860514226537,0.3448477775546724,0.3718848665487497,0.28326733651453184,0.041810316749646616,0.04568843676378172,0.0422884384304801,8.0,1.6371531049852033,0.3903700149681315,29145.0,0.2030385450100159,0.4878196898616715,0.3091417654132664,0.9732482683559359,16.0,1.9440580064747384,0.3684155191534419,26614.0,0.1541906301717349,0.47581779877300473,0.3699915707173644,0.9999917058005611,16.0,1.9266896450580602,0.37388012939172294,24509.0,0.16846903729915885,0.4994849871557672,0.33204597515734996,0.9985675875069874,16.0,1.9606304790388267,0.37150797458202256,52354.0,0.15837513224541852,0.48358932233511986,0.35803554566029683,0.9999981041782399,24.0,2.2217569852216625,0.3377960344831075,69894.0,0.11599956719581932,0.4157246253558463,0.46827580709123384,1.0,0.9281061687972413,0.5278396436525612,1.1934608550548687,0.673168013374199,0.6544174721613898,1.0583868742188427,0.6859849540261911,0.6704322590150109
63,5.3407516774637546e-05,446.31817137300095,56550,False,0,2824.81494140625,3182.0,0.636255064982764,0.4285958044091056,0.08649871240252964,0.059266098379297784,4.041192385707323e-06,-0.0058879054998096925,0.02156676421056592,0.00323501475469179,1.2908659803766491,0.06454330008432076,0.9187014525072208,2.8428630331241997,0.30000001192092896,2.9542290662132156,0.7631298607949275,3.865959677320359,0.9986460770952436,-0.23551621630031605,2.9542290662132156,19.18697889925208,0.01788504010909119,0.024367398111141688,0.002060846869016504,0.09104989952201102,0.08927575029372305,0.0017741492380483747,-0.020791679976805238,0.3460497796024755,0.3712970072325629,0.28265319400921757,0.0426787978950472,0.04645123962595685,0.0427232165455459,8.0,1.6355945154717775,0.3914631320526742,28775.0,0.20245928075564867,0.487783924529427,0.309756795086039,0.9730437182471596,16.0,1.9442302576322708,0.36857916958018394,26761.0,0.15369593631193934,0.47493500325069304,0.3713690602105465,0.9999927278762368,16.0,1.9320968128038785,0.37232740109997187,24182.0,0.1683834895054048,0.49921223114096486,0.3324042801342687,0.9986936627059999,16.0,1.9603505790360258,0.3712924289931332,52242.0,0.15812167994920154,0.4836911538104502,0.3581871666472768,0.9999976302144952,24.0,2.2275253899016305,0.33652302633072123,69119.0,0.1159503547334406,0.4155532478987226,0.46849639769042106,1.0,0.9340624891149117,0.5244988864142539,1.2038299569382114,0.6765115631095012,0.6606327958347599,1.0626257267062065,0.684870437447757,0.6681707687424172
64,4.901928854282519e-05,435.91006235700115,57447,False,0,2824.81494140625,3182.0,0.6287697585296173,0.42337486853050277,0.08538213025381076,0.05906919761752546,3.8004204790541135e-06,-0.005885742431891708,0.01930441598153367,0.0028956625099820746,1.2785968166418868,0.06392984192439763,0.9165070187059738,2.8569169369871337,0.30000001192092896,2.954352461825411,0.7631617355585023,3.8657481240945497,0.9985914291635095,-0.23542969360500715,2.954352461825411,19.189328693505626,0.017941418464899505,0.024449088679968308,0.002114024165214035,0.09084796795039604,0.08915562443587012,0.0016923434095132924,-0.020859291894902023,0.34119630882124563,0.37069978569986395,0.2881038846123858,0.04230915195312162,0.045870289986753895,0.04271882394272073,8.0,1.6382250487191945,0.38996333788316484,28775.0,0.20130470590870633,0.4875144928578544,0.31118080111717394,0.9726176743696898,16.0,1.9557298139418142,0.3646850321568924,26675.0,0.1542021668075855,0.4751669520372017,0.3706308810166287,0.9999915874715658,16.0,1.9418631402206061,0.3689005496031962,24844.0,0.16816953437476742,0.49996181316495986,0.3318686520367349,0.9987593138079653,16.0,1.9799345079736113,0.3649666866734549,52673.0,0.15752890187124668,0.48305026597291384,0.35942083243819806,0.9999986818962957,24.0,2.228932357032893,0.33604001664327243,68542.0,0.11568784896733184,0.4151498925337502,0.46916225854744836,1.0,0.9356996063952071,0.48997772828507796,1.2073827760735738,0.6751184173864586,0.6581396567740663,1.0676052531813407,0.6857063248815826,0.6720241766233478
65,4.478753621261114e-05,441.2014287159982,58345,False,0,2824.81494140625,3182.0,0.625125199809643,0.42032452743854587,0.08483613049989376,0.05909825629844736,3.7075040878426557e-06,-0.0058888726912794676,0.01990047350271266,0.002985071146431147,1.275327602533926,0.06376638118346369,0.9160541990327006,2.873651788735399,0.30000001192092896,2.9546730774622976,0.7632445569463424,3.8665534568607773,0.998799460747012,-0.23555490380066965,2.9546730774622976,19.195488128149215,0.018233516448593248,0.02423880173429899,0.0019357301746499448,0.09067329296917413,0.08905788247442623,0.0016154104484842858,-0.02084947299249718,0.3435284450093284,0.3738197876167271,0.2826517466403145,0.04191423080992107,0.045625696754359235,0.04268151400149182,8.0,1.6456477527745637,0.3867840796076868,28704.0,0.2004689682575971,0.4866797028850947,0.3128513294801579,0.9739422788917801,16.0,1.9539682038621207,0.3651862117552725,26295.0,0.1543054641753704,0.47538033701014115,0.37031419943993343,0.9999908468513106,16.0,1.938030996410329,0.3698712961772313,24240.0,0.16748561782343865,0.49899232995236464,0.3335220524759318,0.9987485018837493,16.0,1.975744015537105,0.3662356695326947,50704.0,0.1575836455303157,0.48362234785201436,0.3587940063379066,0.99999798571637,24.0,2.217817748027675,0.3388113113947226,67756.0,0.11596269622170534,0.41543245560746944,0.4686048478495386,1.0,0.9382771953046083,0.5133630289532294,1.2140743269100598,0.6745611590972416,0.6565656358419953,1.0722253331569418,0.6859849540261911,0.671465372387379
66,4.071878483936503e-05,437.2219211470001,59242,False,0,2824.81494140625,3182.0,0.6168067857092121,0.4140915523303199,0.08370911958245421,0.059057315413474934,3.5656271896311086e-06,-0.005888245625097588,0.018860731331178743,0.0028291098183264446,1.2600874027208164,0.063004371202787,0.9189801107687348,2.8336944071168357,0.30000001192092896,2.9547202579736536,0.7632567442909728,3.8665035361427136,0.998786565766173,-0.23552982147520016,2.9547202579736536,19.19638687901007,0.01820057655316682,0.024243946900782846,0.0019599209425962736,0.09071118848311323,0.08917232908238695,0.0015388594730190285,-0.020847060521022916,0.3433506744334539,0.37224076879556417,0.2844085360819894,0.04165138272273573,0.04517265838141094,0.043052592289184524,8.0,1.6476345288267271,0.3861873022104581,28943.0,0.20074257618085256,0.4872227574931969,0.31203466603788255,0.9737415779965263,16.0,1.9639462234001515,0.36243718125287083,26694.0,0.15386724688589995,0.4740803540438095,0.37205239923638384,0.9999950827299571,16.0,1.953219524043253,0.36592031758761445,24537.0,0.16789005438965637,0.4994516133153412,0.3326583316970666,0.9986804666645064,16.0,1.98266684279438,0.3645218483878675,50843.0,0.15713141812331136,0.4826973523668097,0.360171229484965,0.9999973934693057,24.0,2.2176386872870597,0.339110412265968,67634.0,0.11607674026240948,0.4149010363392556,0.4690222235062955,1.0,0.9396704866069874,0.49443207126948774,1.2259538363334228,0.6717748676511563,0.6571362922795324,1.0788142517038826,0.6876567288938423,0.6725646421311275
67,3.6819308142795366e-05,436.1904114809986,60140,False,0,2824.81494140625,3182.0,0.612256340257152,0.4108434949218012,0.08267617831277521,0.058825005388774984,3.534256101377741e-06,-0.005889046241614376,0.01887435170416442,0.002831152863914958,1.2593204289028033,0.06296602252588829,0.9167856769664496,2.8770596664557866,0.30000001192092896,2.955161296518674,0.763370671397346,3.867068545829706,0.9989325172197168,-0.23556184582237066,2.955161296518674,19.20485495212181,0.01831980306081498,0.02391638124882687,0.0018253618318118717,0.09060697168555062,0.0891228833342301,0.0014840882567454866,-0.02085201249210151,0.34464769935864525,0.3749042791530312,0.28044800072147485,0.04289976040028476,0.0467249714415534,0.04337210214276303,8.0,1.6419928982579317,0.3885789481459285,28457.0,0.20014887243969162,0.48627557717747705,0.31357555020843336,0.9723386171386552,16.0,1.966104307976581,0.3619423072701184,27129.0,0.15417578353896036,0.4749409793175568,0.3708832375447019,0.9999955270855009,16.0,1.95213854133516,0.3662066310908861,24469.0,0.1681466759364015,0.5005270969951168,0.33132622723457494,0.9985254550371313,16.0,1.9765011366766745,0.36634238913804246,50700.0,0.15713537988734058,0.482571767021477,0.36029285360036206,0.9999988150906383,24.0,2.2360198474436115,0.3345738087204865,68405.0,0.11602165335811057,0.4144893528149998,0.4694889937671998,1.0,0.940227803127939,0.48997772828507796,1.2322336633612632,0.6734466425188075,0.6575900857884146,1.084930938576948,0.6893285037614935,0.6758960036482595
68,3.3095118833328656e-05,435.7025181070021,61037,False,0,2824.81494140625,3182.0,0.6040219310192925,0.4039983309450109,0.08162735170468736,0.05887777098850661,3.546480808602458e-06,-0.005889890701319751,0.01740421085050767,0.002610631731616389,1.2558837972126966,0.0627941909144966,0.9149395659918355,2.891227770401453,0.30000001192092896,2.9552825784694856,0.7634020008518138,3.8673205899031267,0.9989976251323401,-0.2355956242805265,2.9552825784694856,19.207182319731732,0.01837542742112387,0.02385967406286755,0.001767144272745376,0.0905227353260777,0.08906067113858446,0.0014620642862489823,-0.02086339081096493,0.3424850167756112,0.3731796955777052,0.284335266868416,0.04234630351663549,0.04577836669363042,0.04300075698328735,8.0,1.6477608041639733,0.3861494297609047,28651.0,0.20095654607043378,0.4869949111449664,0.31204854294238843,0.9722895224190143,16.0,1.9686508781172738,0.3610413527170225,26501.0,0.1543593859208731,0.47548721841628233,0.37015339577910983,0.9999934682618854,16.0,1.9517324519525305,0.3658077519467069,24238.0,0.16795667558581467,0.5005008922072014,0.33154243284073354,0.9985280168347567,16.0,1.9833037963734512,0.364072736216304,50308.0,0.15724670375581862,0.4828897593159167,0.35986353668483423,0.9999989040024398,24.0,2.231925394248637,0.3353729628877973,67327.0,0.11593019882949353,0.4151121380571296,0.46895766368899383,1.0,0.9441290187746003,0.48106904231625836,1.2391682026877182,0.674282529952633,0.6600127722260524,1.0897266115109945,0.690164391195319,0.674943134087996
69,2.955195934094537e-05,436.86938595200263,61935,False,0,2824.81494140625,3182.0,0.5939044858477217,0.3969259621676883,0.08014083078785136,0.05890602100270848,3.391991679984113e-06,-0.005890773985293682,0.017467553239332488,0.0026201330885532973,1.223978468585832,0.0611989244754675,0.9180396391396288,2.832267491495004,0.30000001192092896,2.9554757814620944,0.7634519083073298,3.8676505686077536,0.9990828640491944,-0.23563095574186466,2.9554757814620944,19.21089095880654,0.01840692674241896,0.023622879029483485,0.0016882109019834349,0.09047961607536488,0.08904773001236461,0.0014318859825731688,-0.02086919317956695,0.34300366703642376,0.3712555608067909,0.2857407522370123,0.04137100167386941,0.04492786151309211,0.042425381676104296,8.0,1.6484257623175933,0.38597487434062294,29043.0,0.20066971286133192,0.4876000041406752,0.3117302832720467,0.9718646332260841,16.0,1.9639037217942394,0.36250027547149544,26700.0,0.15412133578231182,0.4752797423088711,0.3705989216928958,0.999994312501501,16.0,1.9675398034782692,0.36151526096372993,24219.0,0.16823067619247975,0.4994870683043939,0.3322822559905063,0.9986137494679973,16.0,1.9895820372854307,0.3624289842262974,49775.0,0.15719629196225174,0.4826155367951528,0.36018817158049143,0.9999990520725106,24.0,2.2411846459325053,0.33307043217459154,68257.0,0.11608940256760368,0.41535692173089556,0.468553675860587,1.0,0.9473335887700721,0.4955456570155902,1.247568304208568,0.6740039008080245,0.6590109840113858,1.0931235946762625,0.6893285037614935,0.674255573754267
70,2.6195292960769466e-05,438.8212408489999,62833,False,0,2824.81494140625,3182.0,0.5927328643718605,0.3954922066756669,0.07999183029987963,0.05880589287455185,3.2487769790990056e-06,-0.005890125092072265,0.01728376934129073,0.0025925655041876545,1.2347449238007782,0.06173724725345257,0.9158452053373438,2.8998540931910806,0.30000001192092896,2.955424603841543,0.7634386890480738,3.867498912666446,0.9990436889197727,-0.23560499987169894,2.955424603841543,19.209902596708716,0.018479437571478415,0.023842018832601786,0.0017330940884470098,0.0904693024831114,0.08901283471817224,0.0014564679094192109,-0.020868884378966255,0.34162832463504733,0.3755426200614038,0.28282903541180404,0.041813223740983445,0.0455521044424096,0.04259259838868722,8.0,1.6517041972191,0.3846981650904605,29044.0,0.2011593937720204,0.4873029663543757,0.31153764000336426,0.9720428521914926,16.0,1.9695054427255902,0.3608282188739874,26520.0,0.15478169789286117,0.47616961688501896,0.3690486853856179,0.9999936904012482,16.0,1.972594159536964,0.36028650397728545,24428.0,0.16881020705716282,0.5003293001783393,0.3308604927478886,0.998575791621591,16.0,1.9975857232538707,0.3600389189734521,49920.0,0.15718702828783637,0.48319865891234937,0.3596143122574159,0.9999992298400574,24.0,2.2369513087870745,0.33431780225759167,67112.0,0.11612586879708217,0.41549479385155436,0.4683793366522146,1.0,0.9477167438782264,0.5044543429844098,1.2566136626288498,0.674282529952633,0.6581253963528065,1.1009393598283357,0.6890498746168849,0.673599518277365
71,2.3030295429063216e-05,436.42958126899975,63730,False,0,2824.81494140625,3182.0,0.5781547789541032,0.38485637563884956,0.07803370305353718,0.05850273224087634,3.1880277619237255e-06,-0.005888381108169686,0.01621366414952612,0.0024320497204872032,1.2043022173059295,0.060215111814110336,0.914974398274395,2.8587605452030123,0.30000001192092896,2.953951195708188,0.7630580813684011,3.8657554496712785,0.9985933220744851,-0.235535240706084,2.953951195708188,19.181623286191744,0.017936274072955265,0.02445782666906609,0.0021220752357077473,0.09065678604397431,0.08916485758234313,0.001491928463678956,-0.020855632528059036,0.3401427103469994,0.3775688200725018,0.2822884491240369,0.04201448073310203,0.04591883585742472,0.04250243783768946,8.0,1.6558237156776132,0.3827872114053793,28606.0,0.20100180437403822,0.48738616731204293,0.31161202869593335,0.9728707560069833,16.0,1.9749353359334292,0.3590095021932816,26637.0,0.15505378058217129,0.47652314537358537,0.3684230743489207,0.9999970821606967,16.0,1.977301748765001,0.3584572536201079,24646.0,0.16857395617010335,0.5006117495715986,0.33081429447681454,0.9985099036187237,16.0,1.9979251856224063,0.35988635225971854,50282.0,0.15698811992664996,0.4826692811971656,0.36034259905058236,0.9999980450303516,24.0,2.24240725512722,0.33266918577782983,66804.0,0.11608156330929957,0.4155382060378467,0.46838023055060257,1.0,0.9509213138736982,0.49443207126948774,1.2674137858103562,0.6734466425188075,0.6579980680595844,1.1098295069896733,0.6879353580384509,0.6723333370149038
72,2.0061846942616818e-05,434.7263916060001,64628,False,0,2824.81494140625,3182.0,0.5793502095726915,0.38602495237392354,0.07791936220598282,0.0586616088554438,3.0945462804111823e-06,-0.005888595337859759,0.01643740651179403,0.002465611079002429,1.2032834672125081,0.060164174377117206,0.9174823226176392,2.840814765449967,0.30000001192092896,2.955065942308057,0.7633460401936448,3.8669033701622713,0.9988898501226265,-0.23554380992898175,2.955065942308057,19.203019023394194,0.018197034069399334,0.0239443433476182,0.0018717317915691515,0.09058892408829589,0.08912418967100506,0.0014647342408086114,-0.02085027502366146,0.3403615055776339,0.374366001704921,0.2852724717014565,0.041408253689293135,0.04486146504229096,0.04217303044822295,8.0,1.6547710916424558,0.3832080693953571,29018.0,0.20058476470631156,0.4874220214325572,0.3119932142016224,0.9725492387203435,16.0,1.977301290119208,0.35827346288998835,26495.0,0.1548950213379295,0.47620441964865273,0.3689005594369556,0.9999936906483119,16.0,1.9804564579730124,0.3575551335075157,24608.0,0.16859976945075708,0.4999817171933995,0.3314185131399222,0.9987123811887331,16.0,2.00568028187535,0.3576800200247732,50458.0,0.15696432851956943,0.4824532523993651,0.360582419363424,0.9999985929741132,24.0,2.249185282200198,0.33089462489231225,67873.0,0.1161044491263238,0.41545414683682536,0.46844140391098327,1.0,0.9513044689818524,0.4922048997772829,1.2745727980558703,0.6753970465310671,0.6601066642101747,1.1124875082482066,0.6882139871830594,0.6730842555027986
73,1.7294524633839014e-05,437.15204890800305,65525,False,0,2824.81494140625,3182.0,0.5674988893463285,0.37667272832123827,0.07635597762433712,0.05859391975257345,3.053273407407471e-06,-0.005888818379803252,0.015715564568715683,0.002357334782836864,1.1880939202200846,0.059404696990954506,0.9141035912104081,2.8625277909512032,0.30000001192092896,2.956029036753545,0.763594824354528,3.8679010027059255,0.9991475558089107,-0.2355527314543828,2.956029036753545,19.221524734707014,0.01848337107863119,0.02344927192097643,0.0016212657591811188,0.09051272991650605,0.08900917542503314,0.0015035546566213556,-0.020846295163251833,0.34006605388756195,0.372608816456764,0.28732510846217324,0.04101503024700356,0.04436503327118324,0.04162463288173028,8.0,1.6562850997010228,0.3824584814802416,28979.0,0.20055862576814773,0.4876948888253516,0.31174648515736075,0.9727433050782077,16.0,1.9809773481561952,0.3571428293311329,26821.0,0.1548262526118945,0.47614677327359134,0.3690269743579446,0.9999943125679382,16.0,1.9902296257623622,0.35451032994740966,24349.0,0.16873900228167632,0.5001322278655798,0.33112876934045005,0.9985472395807985,16.0,2.0125524492455464,0.3555747597299942,50482.0,0.15701140829691665,0.4822514044152245,0.36073718721882636,0.9999980005588796,24.0,2.243261441179916,0.3326242639957922,67247.0,0.11609348014249851,0.4156108279205622,0.4682956916462761,1.0,0.9563551499529764,0.5,1.2861551586450326,0.6734466425188075,0.6573482497016352,1.119603949624139,0.6857063248815826,0.6684581686513541
74,1.4732595513150335e-05,431.7496568660026,66423,False,0,2824.81494140625,3182.0,0.5673193748648618,0.37675511381391025,0.07617845622365692,0.0586245293839336,3.0121467090818978e-06,-0.00588926286509121,0.015206759675518195,0.002281014044255614,1.1873302983534733,0.05936651594848949,0.9158452053373438,2.855586776273652,0.30000001192092896,2.954938387371678,0.7633130899138857,3.8668791795417206,0.9988836007285314,-0.23557051081464575,2.954938387371678,19.20057259674269,0.018133395488009862,0.023894948178299596,0.0018758480313503187,0.09066676387661382,0.08917099093823246,0.001495772983379825,-0.0208378565623272,0.33961115977063966,0.3729093952985587,0.2874794252331784,0.04115498960451557,0.044381086818211846,0.04177720946386929,8.0,1.6585680263959035,0.3815082694174184,29024.0,0.20054306092421387,0.487660412082038,0.3117965271764508,0.9724674301567843,16.0,1.9786025789772366,0.3578477665834398,26938.0,0.1550315882089457,0.4762192512022348,0.368749160420131,0.9999925945469436,16.0,1.999820745777339,0.35195801495309864,24654.0,0.16905015309170715,0.5002530597109062,0.3306967875186733,0.9986482847238924,16.0,2.0098901006461163,0.35629755275273317,50530.0,0.15701907961754064,0.48173744306697536,0.36124347746237273,0.999999289054383,24.0,2.251345377173675,0.3303560723594963,67219.0,0.11608341451373701,0.41545371236694517,0.4684628731400795,1.0,0.9548573618029189,0.477728285077951,1.2939327321500291,0.6756756756756757,0.659977312831996,1.1264331951284847,0.6857063248815826,0.6679285696335197
75,1.238000988956263e-05,447.91584431500087,67320,False,0,2824.81494140625,3182.0,0.5629436606511107,0.37307237138144916,0.07549354377230232,0.058429274564777166,2.969668550052028e-06,-0.0058910225804428935,0.017515810073463225,0.002627371621088713,1.1841830475587838,0.05920915333526078,0.9142429203396079,2.863708165368838,0.30000001192092896,2.955246475938844,0.7633926757197755,3.8674597594592592,0.9990335751270782,-0.23564089940730262,2.955246475938844,19.20648761125953,0.018462163257173887,0.0238544161900348,0.0017444194983693897,0.09060250253747584,0.08908653238749255,0.0015159700045624814,-0.020833179375948363,0.33936998245505073,0.3722371485322665,0.288392848883217,0.04070232786413889,0.04413974329205328,0.04151710923574923,8.0,1.6589798659066504,0.38129922134312616,28357.0,0.20090373481568582,0.4875467332664123,0.3115495320424718,0.9723180461928091,16.0,1.9754616221089718,0.3587168395652131,26815.0,0.1550344613208895,0.47638508995447404,0.3685804490152997,0.9999952900704099,16.0,1.9940034870551777,0.35350039990503274,24372.0,0.16883935978930506,0.5007974028934061,0.3303632369960022,0.9985399961828658,16.0,2.011497246724543,0.35583053195986025,50311.0,0.15732492120596736,0.48252045118018555,0.36015462763876105,0.9999980005920982,24.0,2.2568760840362705,0.3288675985765572,67719.0,0.11614868554448113,0.4156683535852661,0.4681829615304735,1.0,0.9570169633216065,0.5423162583518931,1.300898405528394,0.6745611590972416,0.6587907059568696,1.1288661365556862,0.685427695736974,0.668073778111195
76,1.0240395279588634e-05,432.70064658799674,68218,False,0,2824.81494140625,3182.0,0.5627939179827749,0.3734973162893276,0.07554912637974855,0.05819312160851344,2.9135380575450386e-06,-0.0058901953285027285,0.014485919371669272,0.0021728879935689616,1.1853748568827391,0.059268743883387716,0.9148699014246403,2.857466781109062,0.30000001192092896,2.955026404661396,0.7633358272806413,3.8671115888996663,0.9989436367818806,-0.23560780950123922,2.955026404661396,19.20226446421004,0.018396512859547756,0.024017379302857828,0.0018232040325803162,0.09066173141128844,0.08913214618207195,0.0015295851156396788,-0.020831022023731126,0.33968246827396614,0.3712362380123939,0.2890812748682827,0.040837792608104634,0.04427829781870487,0.04174898295913118,8.0,1.6627129965837675,0.3796911314552848,28959.0,0.20081817949064024,0.4876785239028874,0.3115032961855297,0.9722742243717322,16.0,1.9792419591498618,0.3576377159764207,26881.0,0.154731648585391,0.47607644155542117,0.3691919092555426,0.9999947124748478,16.0,1.9915631914459353,0.35419454763702907,24456.0,0.16862682668070023,0.5007056425632099,0.3306675305292688,0.998583967220057,16.0,2.0156258229423063,0.35463198174951616,50405.0,0.15730969657087082,0.4823648240620317,0.3603254791262622,0.999999289054383,24.0,2.256889132854769,0.3289317582398855,67343.0,0.11611338423815402,0.4153824978381506,0.4685041178102848,1.0,0.957574279842558,0.47884187082405344,1.3066642381381643,0.674282529952633,0.6598471192460461,1.1326550312711854,0.684870437447757,0.668314949623258
77,8.317050813874547e-06,437.23834907499986,69116,False,0,2824.81494140625,3182.0,0.5514041002614151,0.36502258097528767,0.0740808741323809,0.05814521726270285,2.879898524279576e-06,-0.005890627466070161,0.014307341824069538,0.0021461013578930313,1.1579416261177427,0.057897082300578176,0.9176564840314746,2.8484551878432884,0.30000001192092896,2.95521116894512,0.7633835552810788,3.8673632696440667,0.999008650156293,-0.23562509487521424,2.95521116894512,19.205809121329715,0.01836449793739156,0.02382869421772685,0.0017643233575853018,0.09058078097455857,0.0890689939613431,0.0015117869789708985,-0.020843401154179927,0.33982645573795905,0.3699353464068969,0.29023817742567226,0.04058598363567986,0.04406915773549064,0.041586450257932984,8.0,1.6621849699791722,0.3799380742615802,29004.0,0.20110690831284758,0.48785886174812226,0.31103422998626296,0.9721727776400343,16.0,1.9814124246546998,0.35707320439275303,26880.0,0.154623649526242,0.47582046466335626,0.369555885763169,0.9999935868483252,16.0,1.996906778797377,0.3526564699018374,24206.0,0.16868583559512412,0.5004096867011805,0.3309044778666745,0.9985979473255757,16.0,2.01906515411409,0.35335063359228236,50906.0,0.15724702977717678,0.48190357035124637,0.36084940016794953,0.9999993779329659,24.0,2.2600814705711536,0.32810097954200057,68026.0,0.11610254362444049,0.4153688186209646,0.46852863757578517,1.0,0.9602215333170783,0.49443207126948774,1.3091234412489579,0.6765115631095012,0.6618628571939553,1.1330087384861405,0.6820841460016718,0.6667330210752619
78,6.612942150179748e-06,431.6814243970002,70013,False,0,2824.81494140625,3182.0,0.5579498057276724,0.3699193972096497,0.07476398784193239,0.05808300334254196,2.865371106151135e-06,-0.005891369030250945,0.014569175175368657,0.002185376361983634,1.1777309964971299,0.05888655080917077,0.916367689576774,2.858952758163489,0.30000001192092896,2.9550559757487385,0.7633434649549219,3.8673229009497483,0.998998222306146,-0.23565475735122404,2.9550559757487385,19.20282793242695,0.018316073990013185,0.023818854655330967,0.0017745825204833912,0.0906057285034045,0.08907941524743236,0.0015263133270361974,-0.020843267748068443,0.339737093329467,0.370582229541783,0.28968065815570854,0.04072928327722291,0.04412580555498033,0.041580303618345416,8.0,1.659950499844537,0.38092144783119775,28980.0,0.20035209055002376,0.48738812210002685,0.31225978745791005,0.9725073127895402,16.0,1.9852411288436775,0.3560271929779406,26916.0,0.1544273328080837,0.4753846315508531,0.37018803562704905,0.9999945792244488,16.0,2.001833549549539,0.3511587924342564,24574.0,0.16879812993565724,0.5002602945301217,0.3309415757828419,0.9986944469028998,16.0,2.0237059390400804,0.35203595088606093,51052.0,0.15721070153097685,0.4818712035311797,0.36091809481898296,0.9999990520725106,24.0,2.2612038233706295,0.3279658112505095,67357.0,0.11614117705910021,0.41528998174310755,0.4685688407384405,1.0,0.9580270995158313,0.4799554565701559,1.3122529725106389,0.673725271663416,0.6583621260850416,1.1359700277078182,0.68431317915854,0.6688553807778337
79,5.130696900547354e-06,437.53632509499585,70911,False,0,2824.81494140625,3182.0,0.5556749449879022,0.36827062747147876,0.07445132802799331,0.058089900914570676,2.851207584847265e-06,-0.005891498148285213,0.01445117176235399,0.0021676758483940204,1.1716810403653315,0.05858405302396131,0.9155317147943085,2.8657735292222823,0.30000001192092896,2.955111932445583,0.7633579204505113,3.867398855483471,0.9990178426628581,-0.23565992221234672,2.955111932445583,19.20390006286638,0.0183375014690366,0.023777332607035295,0.0017600721327523147,0.09059904308204529,0.0890710657342644,0.0015279775083877267,-0.020843505859375,0.33976470067847453,0.37080786361801965,0.28942741521382526,0.04090537748401174,0.04442931448805191,0.04170946013460738,8.0,1.6605413022337465,0.3806671573120938,28826.0,0.2005947462726758,0.48728565362380166,0.3121195992175188,0.972279155375612,16.0,1.986550253259504,0.355610232499331,26874.0,0.15443139794700475,0.4752346837884759,0.3703339183698848,0.9999921354485461,16.0,2.003901853386671,0.35042923153653,24611.0,0.16874239358748258,0.5004301468161041,0.3308274601751445,0.9986419762358895,16.0,2.0248259701380524,0.35183735448799475,50844.0,0.15726751884786624,0.4820179450986959,0.36071453605343784,0.9999997630181277,24.0,2.2610854040372623,0.32791548560017714,67401.0,0.11615148452977875,0.4150178497261735,0.4688306652678272,1.0,0.9583057577763071,0.5011135857461024,1.311039841384335,0.6734466425188075,0.6578609741743434,1.1354825626212794,0.6840345500139314,0.6717509549803069
80,3.87260057971705e-06,438.1539998119988,71808,False,0,2824.81494140625,3182.0,0.5487489687912293,0.36301490071425346,0.07358136682796222,0.05813237972470086,2.8328809470051157e-06,-0.005891808680927249,0.014304004179948242,0.0021456007146145443,1.155273895829178,0.05776369576021409,0.9184576265293045,2.838230672394695,0.30000001192092896,2.954919633158131,0.7633082460425333,3.867254639665113,0.9989805894006968,-0.2356723433581634,2.954919633158131,19.200209925053382,0.018253797399554034,0.02385134632692736,0.001792316348787456,0.09059281165924161,0.08907750205698796,0.0015153096003924134,-0.020845376733926533,0.33977665478663577,0.3719165252602799,0.288306799917046,0.041140171450118446,0.04492164303855615,0.042064013326496924,8.0,1.6615692022896564,0.3802005784238509,28717.0,0.2006547847925099,0.48737209778398577,0.31197311726831095,0.9720945830749425,16.0,1.9864899975125154,0.35557715233671383,26983.0,0.154448443779714,0.4752467092606851,0.37030484649453976,0.9999970081142424,16.0,2.0003131918118386,0.35154553680751444,24828.0,0.1688838555504193,0.5005508078106303,0.3305653368854951,0.9986022425078229,16.0,2.0238215320473816,0.3519042472772669,51141.0,0.15726918476851756,0.4818515663938573,0.3608792488376251,0.9999983412618444,24.0,2.263431102854401,0.3273574845351712,67318.0,0.11610994346250648,0.4149593369515406,0.46893071940195274,1.0,0.9596990490786861,0.5044543429844098,1.3129785706585715,0.673725271663416,0.6574283493364529,1.1372453547945658,0.6845918083031485,0.6722908527151787
81,2.8405930810269197e-06,444.6596921759992,72706,False,0,2824.81494140625,3182.0,0.5483370811840248,0.36224703932386476,0.07347670099725419,0.05814345581818077,2.8207176269107956e-06,-0.0058912327722823905,0.014950840592547122,0.0022426261784333455,1.1623134331218359,0.05811567268657076,0.9153923856671848,2.8820469453751785,0.30000001192092896,2.9549389775259676,0.7633132430539534,3.867184808574885,0.9989625501376906,-0.23564930708373724,2.9549389775259676,19.200581518741455,0.01825007873384657,0.02384941408694779,0.001804669523625403,0.09058502802401527,0.08908535166965009,0.0014996763601435707,-0.020856806076641362,0.34031299447339797,0.37114400124158714,0.28854298338010115,0.04082965483932648,0.04470043640567274,0.041971155997379855,8.0,1.6612805611719603,0.380485380663178,28720.0,0.20079922319297328,0.48749870582784394,0.31170207121171334,0.9718762138548505,16.0,1.9855983625190285,0.35601523558736126,26889.0,0.154431257112891,0.4752829856401103,0.3702857570559915,0.9999959713413887,16.0,2.002678339016874,0.3508993880809954,24556.0,0.16896093237738055,0.5004766780636919,0.3305623895864368,0.9986206212135612,16.0,2.0266352691738088,0.35120366671361986,50768.0,0.15738001298821788,0.4818926186854988,0.36072736859774196,0.9999985929741132,24.0,2.2625717110401156,0.32753240302079994,67969.0,0.11615122783574994,0.4151248935642626,0.4687238784061255,1.0,0.9604653592949945,0.5267260579064588,1.3176458087197318,0.673725271663416,0.6573979911713825,1.139042971027233,0.6834772917247144,0.6704986781475923
82,2.0362656852385188e-06,432.0658544079997,73603,False,0,2824.81494140625,3182.0,0.544913925636134,0.3597281143443496,0.07311112986204558,0.05810581696790655,2.8154671125401907e-06,-0.005891987058882971,0.013832819011705704,0.0020749229369423183,1.1556623412227467,0.0577831180306419,0.9142080880560103,2.8642030944727552,0.30000001192092896,2.9548319066894178,0.7632855850205476,3.867194536449875,0.9989650637994113,-0.2356794787788637,2.9548319066894178,19.19852236677617,0.018264977002552137,0.023869007952367797,0.0018116738652088533,0.09060255871229467,0.08910824506519863,0.0014943137704210984,-0.020844781455660138,0.3403112112421107,0.37085073672162605,0.2888380301067616,0.04078272151640372,0.04460296175797563,0.041920622831028896,8.0,1.660232187347222,0.3808650186374197,28744.0,0.20063526568469583,0.487498068838368,0.31186666521949163,0.9716322710054073,16.0,1.9867409588654565,0.3554405942421696,27057.0,0.15439338176449105,0.47520497561813235,0.37040164282239796,0.9999933351671988,16.0,2.0018828398772195,0.35113528934743876,24668.0,0.16888370740664466,0.5007619339348717,0.33035435864446955,0.9986517956428026,16.0,2.0293647964578123,0.35039761770028605,50949.0,0.1574617619538798,0.48205370344983284,0.360484534729162,0.9999989780156755,24.0,2.2627481941876355,0.32751981209756076,67427.0,0.11616615603796562,0.4151411450045407,0.4686926988010027,1.0,0.9615103277717789,0.4799554565701559,1.3212450972902772,0.6709389802173308,0.6549240322415034,1.1410352526085727,0.68431317915854,0.6711694901824413
83,1.4608586068973694e-06,441.80249479300255,74501,False,0,2824.81494140625,3182.0,0.5495442114673093,0.3639966097594412,0.07358702253958388,0.05806940532913236,2.808318496721527e-06,-0.005891839130234813,0.014385127289832964,0.0021577691804500728,1.1524488436696065,0.05762244320308638,0.9167856769664496,2.8387722121813423,0.30000001192092896,2.95485635281124,0.7632919002789275,3.867196082188553,0.998965461655069,-0.2356735613761416,2.95485635281124,19.198992506323066,0.018284093439301322,0.023878452320555882,0.0018095626317633801,0.09059418243994438,0.08910531510783444,0.0014888674370495724,-0.020853353462696258,0.34034794818674446,0.37081651471555493,0.2888355170066439,0.04082849750546952,0.04467659877314933,0.04198547338901354,8.0,1.6605515225877283,0.38081399649469877,28607.0,0.20096983041852665,0.48767237836691174,0.31135779123117097,0.9714592051271851,16.0,1.9871414292422975,0.3554371197693126,26697.0,0.1544671854194817,0.47534799994983545,0.370184814644697,0.9999950827963944,16.0,2.003216284350079,0.35067249776872,24709.0,0.16892681826653327,0.5008132043600356,0.3302599769607931,0.9986179257378467,16.0,2.0268642369090313,0.3510842357476912,51332.0,0.1573423668630586,0.4821082690003449,0.36054936431929907,0.9999978080152606,24.0,2.2622366400903418,0.3275863561854392,67353.0,0.1161914163183558,0.41529478485102006,0.46851379894143946,1.0,0.9600822041868403,0.5167037861915368,1.3239042760602409,0.6712176093619393,0.6553532489837283,1.1437633658691049,0.68431317915854,0.6712179367361504
84,1.1152590820119262e-06,439.790442092999,75399,False,0,2824.81494140625,3182.0,0.5464830597290163,0.36105906951306627,0.0731692332423399,0.058086399376945666,2.803940977126992e-06,-0.005892029126382072,0.014012609287152292,0.0021018914806529795,1.159113883058655,0.05795569516028841,0.9152878888195064,2.8635992825959327,0.30000001192092896,2.9549454841881513,0.7633149237973907,3.8673146274621395,0.9989960852422213,-0.23568116144483053,2.9549454841881513,19.20070478306523,0.018295292861345985,0.023814539411417777,0.0017783734661321405,0.0905761118317652,0.08908986239112894,0.00148624926908088,-0.020845223662372316,0.3404121899613933,0.37117930752214806,0.2884084819717597,0.04088305356582756,0.04475097611298415,0.04200129088247544,8.0,1.6608767998023792,0.38062155320646124,28678.0,0.20100116753871755,0.48753479692088786,0.3114640360776025,0.9718348065917946,16.0,1.987891367101392,0.35512764631337834,26610.0,0.15450701615276322,0.47546718065888743,0.37002580317174005,0.9999960010492456,16.0,2.0026969071685916,0.350993278133794,24532.0,0.1689421314687879,0.5007691679651441,0.3302887000070603,0.9986365115224408,16.0,2.027129490363311,0.3509194839419672,51117.0,0.15739114971300655,0.4821247004836475,0.3604841499388158,0.999998059796043,24.0,2.259628476915184,0.32825838646888233,67521.0,0.1161215146636634,0.41516955967270686,0.46870892571761,1.0,0.9617889860322547,0.5011135857461024,1.3250457687476247,0.6712176093619393,0.6553103655982407,1.1442349089922497,0.68431317915854,0.669597853245044
85,1e-06,411.77071039000003,76297,True,1,2832.37744140625,3178.0,0.5493866685162708,0.3636323634416084,0.07353382630867289,0.05826954541916637,2.803594509715503e-06,-0.005891980898379916,0.013434421081635606,0.0020151632438808304,1.1564989945512234,0.05782495070364459,0.9186666202277756,2.84431639338508,0.30000001192092896,2.954880289740936,0.7632980822910606,3.867241959606884,0.9989773144068906,-0.23567923211583008,2.954880289740936,19.19945409917554,0.018247112781995412,0.023822413631835397,0.0017948289998126776,0.09058139412783418,0.08909212376003277,0.0014892702977875975,-0.020843505859375,0.340336213186744,0.3713611476581387,0.28830261919174477,0.04090237035387682,0.0448428918763732,0.0420686011985575,8.0,1.660487899744065,0.3808083822422921,29048.0,0.20102132342839102,0.4874848881739966,0.31149378817338647,0.9719517733897197,16.0,1.9883699282329572,0.35501876391003034,26783.0,0.15445524897845364,0.4754241219076469,0.37012062972273513,0.9999940905178506,16.0,2.0030838887292624,0.3509739852133471,24558.0,0.16900676089992983,0.5008508138424251,0.3301424252965731,0.9986344675247255,16.0,2.0282779003062457,0.3505279820959597,50415.0,0.1573829525161875,0.4822108922921036,0.3604061545880637,0.999998104279972,24.0,2.260924614502671,0.3279224074778792,67094.0,0.11614737241864391,0.4152188956573501,0.4686337318339523,1.0,0.9601518687519593,0.47884187082405344,1.3250638929772556,0.6728893842295904,0.6568662967985278,1.1445024501118164,0.6837559208693229,0.669852015822303
86,1e-06,420.18871820900006,77194,True,2,2832.37744140625,3178.0,0.5455202072917981,0.3603252572256585,0.07319147336348673,0.05830355746790742,2.800176039477438e-06,-0.005892038834793008,0.013873027707736376,0.002080954239002717,1.1501640734484362,0.05750820461269136,0.9154272179497444,2.8497816139164587,0.30000001192092896,2.954782713069542,0.7632728768531097,3.867153356855012,0.998954426449599,-0.23568154959648918,2.954782713069542,19.19757889078563,0.018215017305837786,0.02388272174543564,0.00182021345402055,0.09059095350509859,0.08910502616160756,0.0014859274035741278,-0.020843539875275936,0.34028476633108407,0.3715454888711708,0.2881697239924874,0.040918478561031514,0.04485052362151345,0.04209300794732218,8.0,1.6614213402881082,0.38046791799190777,28636.0,0.20107617830610636,0.48775045482100576,0.31117336663516687,0.9716491383164025,16.0,1.9884787536206392,0.3549281947789403,26885.0,0.15456509221318065,0.4756317603203598,0.369803147873388,0.9999937202419796,16.0,2.0035809180368562,0.3507053955972637,24863.0,0.169036365275477,0.5009349626850204,0.3300286724189219,0.9986296106025947,16.0,2.0277959006080732,0.3507122789828513,50449.0,0.15736518833062058,0.48233364226759207,0.36030116920507066,0.9999990225328232,24.0,2.2580871151517505,0.32878148617729164,66893.0,0.11608397729741297,0.41512775217782133,0.4687882704557332,1.0,0.9615799923368978,0.4799554565701559,1.3261164093323157,0.6726107550849819,0.6566465138021689,1.1456992679334477,0.684870437447757,0.6710752044282106
87,1e-06,431.97487896200005,78092,True,3,2832.37744140625,3178.0,0.5487661647613513,0.3629385159138481,0.07344106217007568,0.05803926688665639,2.7953773633988887e-06,-0.005892158930070107,0.014985216184534446,0.002247782518241547,1.1597779084297666,0.057988896461439794,0.9165070187059738,2.8540062045821815,0.30000001192092896,2.9548734146838878,0.7632963069865745,3.8672626589718915,0.998982660465386,-0.23568635347881156,2.9548734146838878,19.199321236720532,0.018266460921446286,0.02383801637098607,0.001790205096772058,0.09058473498177273,0.08909776603626629,0.0014869688236938984,-0.020843675938879685,0.34029949275697136,0.37143805863266893,0.2882624280044139,0.04088387897280243,0.04478586020392619,0.04199039459754304,8.0,1.6613046990163756,0.3805268044296761,28635.0,0.20097342876270358,0.48763325111179784,0.31139332024176386,0.9717785005717448,16.0,1.988114180902548,0.35511190958782785,27070.0,0.15448504582495395,0.47549172762319825,0.37002322648281527,0.9999943421429205,16.0,2.0047652316967928,0.35034933223375236,24739.0,0.16902140741367533,0.500692661860598,0.3302859305596334,0.9986282919632395,16.0,2.02837572795287,0.3505434681940379,50973.0,0.1573433368773191,0.48216964773712556,0.3604870154628925,0.999998385666879,24.0,2.2596981957014495,0.3281142366975115,66846.0,0.11611860721089871,0.41520108429714325,0.46868030842707786,1.0,0.9610226758159462,0.5256124721603563,1.3266308163493814,0.6723321259403734,0.6564936349751506,1.145952413327251,0.6829200334354973,0.6691728305402451
88,1e-06,423.973296635,78990,True,4,2832.37744140625,3178.0,0.5476203655253185,0.3618503131127838,0.07333611258809695,0.058121560844291216,2.791684523257749e-06,-0.005892336768238933,0.013738365132286259,0.0020607548546121407,1.162823218724792,0.05814116196976103,0.9160541990327006,2.8724861019453023,0.30000001192092896,2.9548722381622357,0.7632960029860691,3.8672890179400334,0.9989894698429284,-0.23569346685685924,2.9548722381622357,19.199298175733503,0.01827197550222464,0.023835203717250723,0.001785010806183275,0.09058531672369745,0.08909609871887439,0.0014892178998955844,-0.020850209649351848,0.3402406985476795,0.3715804895432359,0.2881787919509024,0.04098195874887518,0.04486178810887586,0.042075356103607284,8.0,1.6606576703734073,0.3807118335906364,28856.0,0.20093519031418092,0.48760419483780093,0.31146061450752693,0.9719041902205343,16.0,1.9880374031317032,0.35509688165075803,26966.0,0.15449434632691783,0.47535581166079277,0.3701498414641816,0.9999952012146648,16.0,2.006881385824682,0.34992224784944453,24559.0,0.1689801106685597,0.5007229992711285,0.330296890013079,0.9986530843438464,16.0,2.029122230471719,0.3503640219374566,50915.0,0.1573279125306411,0.48208325572399857,0.36058883161508093,0.9999977191262968,24.0,2.2595160944824153,0.32827639550083776,66521.0,0.11622112439267666,0.4152511609383746,0.4685277146609036,1.0,0.961370998641541,0.49665924276169265,1.3271259552723653,0.6720534967957649,0.6566184886837129,1.1460592121624886,0.6834772917247144,0.6696897704185533
89,1e-06,413.9966276299997,79888,True,5,2832.37744140625,3178.0,0.5420311911194389,0.3579100557085555,0.07261019328873755,0.05803144801837689,2.788501049229495e-06,-0.005892076124012675,0.014033106444507662,0.002104966051393447,1.1452761088225147,0.05726380643919056,0.9185969556626566,2.8502489662190342,0.30000001192092896,2.9549014613755364,0.7633035520952678,3.8672778837367483,0.9989865933733054,-0.2356830412780376,2.9549014613755364,19.19985940295363,0.01828403459803677,0.023848863381431405,0.0017897695549232207,0.09058312033878407,0.08909189855495156,0.0014912217290371434,-0.020854988883433494,0.34017380204207054,0.37164229796952497,0.2881838798309104,0.04098267043127158,0.04485363611446897,0.04200937537476226,8.0,1.6608079625104486,0.38070490758344044,28902.0,0.20107327572558384,0.48755166453915566,0.3113750593750457,0.971915475394294,16.0,1.988072298143537,0.35504828936636207,26831.0,0.1544714801413391,0.47533561903907445,0.37019290081958645,0.9999950680223983,16.0,2.0063991583628136,0.3498294954503972,24869.0,0.16893124620089972,0.5005519337288542,0.33051682057112103,0.9986231534403566,16.0,2.027372648949417,0.35092541431968766,50587.0,0.1572759677818682,0.4820419369761965,0.3606820956239498,0.9999989780488941,24.0,2.262800120224445,0.3273248157097946,66982.0,0.11612471852491399,0.4151594447370831,0.46871583671724126,1.0,0.9616844891845763,0.4910913140311804,1.3267503909727232,0.6723321259403734,0.6568469822513892,1.145860541926416,0.68431317915854,0.6704495485310024
90,1e-06,418.25495890499997,80785,True,6,2832.37744140625,3178.0,0.5413743105713338,0.3571350724268011,0.07247249922304469,0.0579567321145471,2.7868801715413317e-06,-0.005892086933310541,0.014249208857503848,0.0021373814098896273,1.1512383497505836,0.05756191847495364,0.9162980250095789,2.8694131076470857,0.30000001192092896,2.954934579916079,0.7633121070050783,3.8673126748115685,0.9989955806654114,-0.2356834736603331,2.954934579916079,19.2004942001895,0.018287428179255907,0.02383153150030374,0.001782667573501242,0.09058052722686859,0.08909036217770518,0.0014901650582223075,-0.020849968880553026,0.34011872209033195,0.3717437205118148,0.2881375365811766,0.04101221602044284,0.04487284081253106,0.042045644374196486,8.0,1.6610736853484511,0.38055973369137047,28619.0,0.20098540993991484,0.4874834368354645,0.31153115277616883,0.9718399746896597,16.0,1.988426423279601,0.3549536766479903,27176.0,0.15444674077614576,0.47537810836757977,0.37017515133534973,0.9999923427682373,16.0,2.007170371004579,0.34953323393004404,24649.0,0.1689979933653054,0.5007071014818234,0.3302949051248429,0.9985935344392592,16.0,2.0278209632016626,0.35074896018347057,50697.0,0.15728166926282505,0.4819385063694315,0.3607798242540734,0.9999989336438594,24.0,2.2587325879824838,0.3285779428698392,66995.0,0.1160921965451893,0.4151445707591285,0.46876323278547644,1.0,0.9622418057055279,0.5178173719376392,1.3266647522347854,0.6720534967957649,0.6564952549154117,1.1459549772071784,0.6829200334354973,0.6691311682460784
91,1e-06,419.772530446,81683,True,7,2832.37744140625,3178.0,0.5457888640002184,0.360375854536061,0.07305069317253365,0.05816620368579387,2.787496348800381e-06,-0.005892391511817161,0.013921510563724931,0.002088226666997121,1.1599496115084569,0.05799748157385251,0.9167508446838901,2.869968268078129,0.30000001192092896,2.9549957011501644,0.7633278953513779,3.8674209585524997,0.9990235522600662,-0.2356956569086883,2.9549957011501644,19.201669334298145,0.018334624664372356,0.023780471379384195,0.001752606979409569,0.09057360346037466,0.08908255687223847,0.0014910465325744182,-0.020845940653784256,0.340126868254995,0.37180923070232924,0.2880638807907162,0.04099203586778719,0.044774370258190345,0.04197891613949225,8.0,1.6618487047025488,0.38024955314422104,28822.0,0.2009675494794242,0.487568384866953,0.3114640654709202,0.9719670868919803,16.0,1.989405542901701,0.35462792697585305,26982.0,0.1544916733594361,0.4753363368173532,0.37017198931091677,0.9999955271187195,16.0,2.005922385644645,0.3498262297962231,24947.0,0.16896279843522735,0.5006209983422575,0.33041620378152275,0.9986394132756112,16.0,2.029879504898764,0.35001283308639103,51275.0,0.15737878360167462,0.4820994871334287,0.3605217288662728,0.9999997630181277,24.0,2.2605250631406344,0.3281588878253813,66824.0,0.11613719321426882,0.4152000825512832,0.4686627242066792,1.0,0.9617193214671358,0.5033407572383074,1.3263751199631413,0.6714962385065478,0.6559856978896498,1.1456692775466975,0.6831986625801059,0.6694407542521228
92,1e-06,412.79788080399976,82581,True,8,2832.37744140625,3178.0,0.5411509156669335,0.3570441061677494,0.07242980660754082,0.05807144504021405,2.7878360248122763e-06,-0.0058925787793310406,0.013463655337802902,0.0020195483827681955,1.1495158100390601,0.057475791519559734,0.9148699014267165,2.8594729356321613,0.30000001192092896,2.9551446210287917,0.7633663645968749,3.86759887946977,0.9990695122537404,-0.2357031476568655,2.9551446210287917,19.204528600312795,0.018402218247199908,0.023702865544915627,0.0017075046355493168,0.09054364274963157,0.08905671269512296,0.001486930211198312,-0.02085754007600377,0.34021000166149273,0.37194008344438634,0.2878498938729419,0.04106056072050665,0.044869018245688626,0.04209228310268324,8.0,1.6625236666909686,0.37993414316719165,28755.0,0.20106120562670918,0.48769057949714856,0.3112482145880743,0.971910573184758,16.0,1.9901187262476465,0.3543965880391806,26908.0,0.1545275128258529,0.4753897040952622,0.3700827833311391,0.9999964009229365,16.0,2.005861856977354,0.34996565626126735,24671.0,0.16890297460080173,0.5006844127596332,0.3304126123852348,0.9985843965150939,16.0,2.0267333081907237,0.3510356042517893,50718.0,0.15728788218231982,0.4820385968260782,0.3606735206428061,0.999998059796043,24.0,2.2602843925195444,0.32821244456587906,67371.0,0.11616981889666,0.4152131193197153,0.468617061061119,1.0,0.9630081159218363,0.48552338530066813,1.3260681415275133,0.6717748676511563,0.656265906945931,1.1461335927804355,0.6829200334354973,0.6677840792622511
93,1e-06,418.621624292,83479,True,9,2832.37744140625,3178.0,0.5412770985919624,0.35731198815177645,0.07253832448703534,0.058073405841293245,2.783953404958716e-06,-0.005892547265258587,0.014319507171463441,0.0021479261626735583,1.141904386849051,0.05709522033174557,0.9141035912083318,2.8539240123992338,0.30000001192092896,2.9551645677753817,0.7633715171380295,3.867613943879883,0.9990734037546085,-0.23570188661657898,2.9551645677753817,19.204912514267864,0.018400411123785588,0.02368735170472029,0.001702274047176958,0.09053879163375805,0.08904812488197686,0.0014906666746102614,-0.0208587646484375,0.3401418152049881,0.37204870302382587,0.2878094609379,0.04104586890625013,0.04480567833411892,0.041992249718407794,8.0,1.6623948811155995,0.3799958305716984,28828.0,0.2010716168363871,0.4877074473022713,0.31122093575909043,0.9719834651932572,16.0,1.98928071150457,0.3547696993650283,26779.0,0.15452995612475642,0.4753246301757018,0.3701454134197784,0.9999952751946817,16.0,2.005524602744052,0.3501480663027018,24462.0,0.16890749160423935,0.5005938077783496,0.3304987009106694,0.9986123123480869,16.0,2.0278393599160633,0.3507394983379888,50652.0,0.15738170102211146,0.4820391079666863,0.3605791907677718,0.9999985781087659,24.0,2.2615744509440012,0.32756293953251925,66799.0,0.11611603022430371,0.41514294148072783,0.4687410276874305,1.0,0.9631474450520743,0.5189309576837416,1.3262146582474579,0.6726107550849819,0.6578719915693828,1.146499327744372,0.6829200334354973,0.6677383144921839
94,1e-06,411.8086440850002,84377,True,10,2832.37744140625,3178.0,0.5417446842877576,0.3576518463506698,0.07255615759819353,0.05799661651814265,2.7804875791730745e-06,-0.005892582404868059,0.013321989235960438,0.0019982984652533588,1.1486313302941762,0.05743156745978254,0.9139990943616916,2.871518714570207,0.30000001192092896,2.9551074933788155,0.7633567733543578,3.8675623124427,0.9990600658403992,-0.23570329248604138,2.9551074933788155,19.203815858430293,0.018379402096568864,0.023707370420754954,0.0017164640729467886,0.0905423598623711,0.08905236846112238,0.0014899913588941154,-0.0208587646484375,0.34018907937648435,0.37210448600787543,0.2877064141591783,0.04101249643025438,0.044889404877577546,0.04206811579163556,8.0,1.662148078945663,0.3800612934692314,28771.0,0.20107894770941467,0.48775956274976534,0.31116148952680583,0.9719036127827609,16.0,1.9896660868561569,0.35463927563149716,27012.0,0.15457862066335656,0.47543966453141595,0.36998171492668314,0.9999909505059658,16.0,2.0051433592074517,0.3502037299020258,24700.0,0.16896128768772908,0.5006189324866683,0.330419780169208,0.9986293436616495,16.0,2.028583581770902,0.35051468331955243,50960.0,0.15739522251246046,0.48214852910184813,0.36045624848534735,0.999998992858185,24.0,2.2634561018591834,0.3272611296707578,67158.0,0.11614347253655385,0.415192084933171,0.46866444240830035,1.0,0.963495767877669,0.4933184855233853,1.3270528245749464,0.673168013374199,0.6580955072757941,1.1471862323970374,0.6829200334354973,0.66766360687658
95,1e-06,408.7775572270002,85274,True,11,2832.37744140625,3178.0,0.5434861234292088,0.35875383709045805,0.07266376956673437,0.05814336104653087,2.7772632456146033e-06,-0.005892316691439629,0.013432511767676647,0.0020148768407442083,1.1559963029316174,0.05779981618363381,0.9164721864234143,2.873237860730551,0.30000001192092896,2.9552089358543734,0.7633829780799882,3.8676226100950197,0.9990756419049713,-0.23569266382498305,2.9552089358543734,19.205764504825023,0.018400792519925047,0.02369167318069938,0.0017006896205030138,0.09052775098172644,0.08903931150613,0.0014884394955592601,-0.0208587646484375,0.3402971023873204,0.3721352856632327,0.2875675915095943,0.04103334885825163,0.04489260061933286,0.04207490328470323,8.0,1.6614978259590303,0.38031675682894517,28926.0,0.2010579180710617,0.48766196728284184,0.31128011505873443,0.9719705959859406,16.0,1.9895645130921766,0.35468177838241455,27047.0,0.15467041812525958,0.47547523646362316,0.36985434452822774,0.9999970081806797,16.0,2.006977438391046,0.3496602736046257,25020.0,0.16904577673241414,0.5007302339616218,0.33022398940302483,0.9986236858377886,16.0,2.030559019416414,0.3499398462438273,50494.0,0.15740792899768494,0.4821260925632164,0.3604659784281988,0.9999995260362553,24.0,2.2627261760337896,0.3274156191071322,67358.0,0.11614862624399465,0.4151807800275313,0.46867059316790927,1.0,0.9623114702706468,0.4755011135857461,1.3277511108084354,0.6717748676511563,0.6569172113487287,1.1477336611180426,0.6818055168570633,0.6667083343501493
96,1e-06,410.2856932799996,86172,True,12,2832.37744140625,3178.0,0.5487023369046172,0.3630583173445788,0.07335365356611373,0.057902744293509785,2.7766204863145014e-06,-0.005892261529773507,0.013953977483337196,0.0020930967054190743,1.1636800927880242,0.05818400563981388,0.9172733289222823,2.8647207170906532,0.30000001192092896,2.9551471577380295,0.7633670201213213,3.867552289262187,0.9990574775114508,-0.23569045739012945,2.9551471577380295,19.204578426764623,0.018368161457279885,0.023704495288701805,0.0017180318339537752,0.09053557531784817,0.08904756830551767,0.0014880070002141182,-0.0208587646484375,0.34026393170075886,0.37213997784160496,0.2875960705098349,0.04102566808056252,0.04491397874575348,0.04207469621363294,8.0,1.6621892743982813,0.3800575846636896,28820.0,0.2011626369745373,0.48756876971854607,0.3112685932954977,0.9717443796168168,16.0,1.990524931754383,0.35433531572562227,26936.0,0.15466444993744516,0.47545374837982696,0.3698818021919075,0.9999936905341228,16.0,2.0074781371639534,0.3496056727748658,24579.0,0.16898792298471937,0.5006782076190127,0.330333869523433,0.9986480191116933,16.0,2.0291470098264615,0.3503175359201795,50945.0,0.15735922755835144,0.4819771002295158,0.36066367224535145,0.9999988150906383,24.0,2.26463009638532,0.3268842322136102,67523.0,0.11617297331687612,0.4152794023837211,0.468547623845501,1.0,0.9605350238601136,0.47884187082405344,1.3295170827707763,0.6709389802173308,0.6562644964014671,1.1483644074668258,0.6815268877124547,0.6664017479709495
97,1e-06,417.3243863059997,87070,True,13,2832.37744140625,3178.0,0.5435497616790604,0.358732773409214,0.07270405996066491,0.05810553026095429,2.775594834584039e-06,-0.005892718229453216,0.013672675893425405,0.0020509014632406233,1.1569286844657083,0.05784643524808087,0.914033926645289,2.8703741699248515,0.30000001192092896,2.955160650955671,0.7633705050383306,3.8676364972360613,0.9990792306634906,-0.2357087256251601,2.955160650955671,19.20483556053366,0.01837037564765093,0.023660957035544196,0.0016993828038174578,0.09053135172647013,0.08904268317296465,0.0014886684668944893,-0.0208587646484375,0.340216229147886,0.3725604939753078,0.2872232558275989,0.041049353761623185,0.044926081228013934,0.042076570519048506,8.0,1.6628177356784748,0.37980784375161236,28935.0,0.20113520935090085,0.48762017455676193,0.3112446161836885,0.9718753410035936,16.0,1.9908231316682765,0.35431779188635437,26657.0,0.15463956231428808,0.47534266887606696,0.37001776948543696,0.9999935424079957,16.0,2.0073950821430966,0.3494841089284866,24567.0,0.16895930314569366,0.5005792937774453,0.33046140250124406,0.9986566522036805,16.0,2.027056032431454,0.3508991925155171,50705.0,0.1573694536171179,0.48203669442910085,0.3605938525460075,0.9999954385453329,24.0,2.265346400370447,0.3266772165468375,67169.0,0.11611391247650678,0.415163536992806,0.4687225505444418,1.0,0.9621373088578494,0.49888641425389757,1.3274016042179502,0.6723321259403734,0.6575363597009384,1.1468756701096614,0.6823627751462803,0.6671028937336297
98,1e-06,419.0450559409992,87967,True,14,2832.37744140625,3178.0,0.537395682786549,0.35438322263549765,0.07183723626489956,0.05784130926785094,2.7698335459344846e-06,-0.00589259290952103,0.014332038881220519,0.0021498059185515762,1.1414787463041969,0.057073938273775604,0.9153227210989516,2.8370955127496953,0.30000001192092896,2.955206217339447,0.7633822759248573,3.867662665097291,0.9990859885272065,-0.23570371260234915,2.955206217339447,19.205711963877725,0.01837926621313738,0.023649827607245676,0.001691559697398202,0.09052974531989083,0.08904038825399961,0.0014893573070427493,-0.0208587646484375,0.3401993276912294,0.37211527331084093,0.2876853783369654,0.0410065844974507,0.04489523880779297,0.041993351957311686,8.0,1.6622975953856274,0.38001663930185486,28682.0,0.201293272929068,0.48768609231004745,0.3110206350572572,0.9716236211919806,16.0,1.9899437238963371,0.35442970669806456,26868.0,0.15453391048465928,0.47543899797422434,0.37002709217798024,0.9999937941223407,16.0,2.0060170561821593,0.3499221189050134,24816.0,0.16896407193406596,0.5005731923631077,0.3304627354952097,0.9986127420936517,16.0,2.029302433115997,0.3503160790330942,50870.0,0.15745620833330093,0.48217639374489646,0.3603673982596986,0.9999974081311888,24.0,2.2642587486730688,0.32707030685797783,67174.0,0.11613575175439324,0.41524535053085854,0.46861889724397765,1.0,0.963565432442788,0.5167037861915368,1.3277743368900796,0.6728893842295904,0.6564681335102461,1.1472540955983288,0.6826414042908888,0.6675787452419677
99,1e-06,420.5248388359996,88865,True,15,2832.37744140625,3178.0,0.5452457785133018,0.36064928522274914,0.07292759137699097,0.058043286676146756,2.768501631945289e-06,-0.005892818061919528,0.01445283687725835,0.0021679256150198005,1.1469549466219187,0.05734774835397093,0.9160193667532553,2.822661010551911,0.30000001192092896,2.955156232418031,0.7633693626052455,3.867647537820877,0.9990820813990382,-0.23571271879379269,2.955156232418031,19.20475068720677,0.01836007638003334,0.023656786701063668,0.001697802017943595,0.090530653005577,0.0890458136905431,0.0014848393526968547,-0.0208587646484375,0.34004702132453846,0.37182561777436857,0.28812733923734063,0.04094340134691165,0.04479609711662808,0.04201154976996526,8.0,1.6632087874625967,0.3796490570734344,28905.0,0.20142632268537627,0.487703211726745,0.31087046514513633,0.9718608869509395,16.0,1.9909550006322598,0.3541735406153885,26880.0,0.1546581407871452,0.4755270931938648,0.3698147662157067,0.9999947125869608,16.0,2.006929880200212,0.3496839439774669,24581.0,0.16896638218292045,0.5007024139198059,0.3303312037752989,0.998604907791934,16.0,2.0285514560777727,0.3505186322336723,50583.0,0.15738214549651577,0.4821699294520668,0.3604479251427687,0.9999989336438594,24.0,2.2625390205883575,0.32746247353692126,67243.0,0.1160946056514583,0.41518434457172854,0.4687210495886606,1.0,0.96210247657529,0.5200445434298441,1.3278696481216317,0.6717748676511563,0.6553421465751199,1.1470316081500114,0.6834772917247144,0.6682810925251873
