split,row_index,true_label,true_class,sample_category,is_clean,is_strict_clean,pred_21to22_WHAT_ONLY,corr_21to22_WHAT_ONLY,pred_22to21_WHAT_ONLY,corr_22to21_WHAT_ONLY,margin_21to22_WHAT_ONLY,margin_22to21_WHAT_ONLY,pred_21to22_TYPE_ONLY,corr_21to22_TYPE_ONLY,pred_22to21_TYPE_ONLY,corr_22to21_TYPE_ONLY,margin_21to22_TYPE_ONLY,margin_22to21_TYPE_ONLY,pred_21to22_WHERE_ONLY,corr_21to22_WHERE_ONLY,pred_22to21_WHERE_ONLY,corr_22to21_WHERE_ONLY,margin_21to22_WHERE_ONLY,margin_22to21_WHERE_ONLY,pred_21to22_WHAT_WHERE,corr_21to22_WHAT_WHERE,pred_22to21_WHAT_WHERE,corr_22to21_WHAT_WHERE,margin_21to22_WHAT_WHERE,margin_22to21_WHAT_WHERE,pred_21to22_TYPE_WHERE,corr_21to22_TYPE_WHERE,pred_22to21_TYPE_WHERE,corr_22to21_TYPE_WHERE,margin_21to22_TYPE_WHERE,margin_22to21_TYPE_WHERE,pred_21to22_FULL_PRE_PROJ,corr_21to22_FULL_PRE_PROJ,pred_22to21_FULL_PRE_PROJ,corr_22to21_FULL_PRE_PROJ,margin_21to22_FULL_PRE_PROJ,margin_22to21_FULL_PRE_PROJ,pred_21to22_H_PIXEL,corr_21to22_H_PIXEL,pred_22to21_H_PIXEL,corr_22to21_H_PIXEL,margin_21to22_H_PIXEL,margin_22to21_H_PIXEL,pred_21to22_FULL_S1,corr_21to22_FULL_S1,pred_22to21_FULL_S1,corr_22to21_FULL_S1,margin_21to22_FULL_S1,margin_22to21_FULL_S1
public,2,4,Sad,V21_CORRECT_V22_WRONG,True,True,0,False,4,True,-3.0864436626434326,1.2609424591064453,0,False,4,True,-0.2631845474243164,1.2912275791168213,0,False,4,True,-0.418454647064209,1.3263014554977417,0,False,4,True,-3.124129056930542,1.280290126800537,0,False,4,True,-0.2732107639312744,1.2872090339660645,0,False,4,True,-3.1048481464385986,1.2102223634719849,0,False,4,True,-3.1485962867736816,1.5255553722381592,0,False,4,True,-3.3984410762786865,2.400461435317993
public,20,2,Fear,V22_CORRECT_V21_WRONG,True,True,3,False,4,False,-1.0262622833251953,-0.2628629207611084,6,False,5,False,-0.32881438732147217,-1.569317102432251,2,True,5,False,0.4482043981552124,-1.8371962308883667,3,False,4,False,-0.9943128824234009,-0.23059189319610596,6,False,5,False,-0.3606797456741333,-1.5609720945358276,3,False,4,False,-1.5259472131729126,-0.16288065910339355,3,False,4,False,-1.1393821239471436,-0.008000493049621582,6,False,6,False,-4.93057918548584,-1.4746906757354736
public,25,2,Fear,V21_CORRECT_V22_WRONG,True,True,4,False,2,True,-3.1975290775299072,0.3621123433113098,0,False,2,True,-2.0041987895965576,0.04425466060638428,0,False,2,True,-2.121333360671997,0.06653451919555664,4,False,2,True,-3.254021167755127,0.3845875859260559,0,False,6,False,-1.99595308303833,-0.009280085563659668,4,False,2,True,-3.398041009902954,0.47898900508880615,4,False,2,True,-3.5128443241119385,1.2460863590240479,0,False,0,False,-1.7648026943206787,-3.103546619415283
public,28,0,Angry,V21_CORRECT_V22_WRONG,True,True,2,False,0,True,-3.8277504444122314,3.230947494506836,6,False,0,True,-2.7458934783935547,3.830899477005005,6,False,0,True,-2.8600244522094727,3.8137102127075195,2,False,0,True,-3.782520055770874,3.2317965030670166,6,False,0,True,-2.8654608726501465,3.8224871158599854,2,False,0,True,-3.9755797386169434,3.281219720840454,2,False,0,True,-3.8238203525543213,3.655719757080078,2,False,0,True,-2.850222110748291,2.3400425910949707
public,34,0,Angry,V22_CORRECT_V21_WRONG,True,True,4,False,0,True,-2.184736728668213,2.245262622833252,0,True,6,False,1.13373863697052,-2.805020570755005,0,True,6,False,1.1761095523834229,-2.879287004470825,4,False,0,True,-2.2332465648651123,2.2963356971740723,0,True,6,False,1.0621895790100098,-2.8997325897216797,4,False,0,True,-2.715024948120117,2.4492058753967285,4,False,0,True,-1.471091866493225,1.8151230812072754,0,True,0,True,2.6263720989227295,0.7837858200073242
public,35,4,Sad,V21_CORRECT_V22_WRONG,True,False,2,False,0,False,-1.3685626983642578,-0.11960494518280029,2,False,4,True,-3.7137527465820312,1.1574790477752686,2,False,4,True,-3.9842233657836914,1.1604125499725342,2,False,0,False,-1.514043927192688,-0.08308565616607666,2,False,4,True,-3.7736897468566895,1.1379907131195068,2,False,0,False,-1.8191074132919312,-0.14939260482788086,2,False,4,True,-0.550858199596405,0.2576920986175537,2,False,6,False,-0.7788467407226562,-2.179960250854492
public,44,6,Neutral,V22_CORRECT_V21_WRONG,True,True,6,True,4,False,1.7492761611938477,-0.9396024942398071,6,True,4,False,1.8344738483428955,-1.202368140220642,6,True,4,False,1.6821329593658447,-1.1828471422195435,6,True,4,False,1.6216301918029785,-0.8664939403533936,6,True,4,False,1.8791706562042236,-1.224118709564209,6,True,4,False,1.817954659461975,-0.574637770652771,6,True,6,True,1.3206607103347778,1.001051664352417,6,True,4,False,1.5800824165344238,-3.877490758895874
public,49,6,Neutral,V21_CORRECT_V22_WRONG,True,True,4,False,6,True,-2.847905397415161,3.1165544986724854,0,False,6,True,-1.8666863441467285,1.138622522354126,0,False,6,True,-1.8606700897216797,1.174338459968567,4,False,6,True,-2.899827480316162,3.17989444732666,0,False,6,True,-1.9319751262664795,1.2129898071289062,4,False,6,True,-2.9466185569763184,3.193288803100586,4,False,6,True,-2.815636396408081,2.964555263519287,6,True,6,True,1.1314469575881958,2.91544771194458
public,58,5,Surprise,V22_CORRECT_V21_WRONG,True,True,2,False,2,False,-4.358528137207031,-3.3515586853027344,5,True,0,False,4.398986339569092,-1.0700560808181763,5,True,0,False,4.4060587882995605,-1.3547241687774658,2,False,2,False,-4.349122047424316,-3.342951536178589,5,True,0,False,4.459194660186768,-1.3027411699295044,2,False,2,False,-4.376445770263672,-3.290071964263916,2,False,2,False,-4.430458068847656,-2.623551845550537,2,False,2,False,-1.3323639631271362,-1.66264009475708
public,68,2,Fear,V22_CORRECT_V21_WRONG,True,True,5,False,0,False,-3.7154958248138428,-4.884476661682129,2,True,0,False,3.2114291191101074,-4.971088886260986,2,True,0,False,3.2643561363220215,-4.90423583984375,5,False,0,False,-3.7692692279815674,-4.799991130828857,2,True,0,False,3.190237522125244,-4.949813365936279,5,False,0,False,-3.8544743061065674,-4.662104606628418,5,False,0,False,-3.1186776161193848,-3.981670379638672,0,False,6,False,-2.712761402130127,-4.289850234985352
public,70,0,Angry,V21_CORRECT_V22_WRONG,True,True,0,True,2,False,4.513589382171631,-0.6906158328056335,6,False,0,True,-0.6780707836151123,1.7952334880828857,6,False,0,True,-0.6775115728378296,1.803574562072754,0,True,2,False,4.521610260009766,-0.6907853484153748,6,False,0,True,-0.47015535831451416,1.789197325706482,0,True,2,False,4.570962905883789,-0.7983766198158264,0,True,2,False,4.838437557220459,-0.6988967657089233,0,True,4,False,2.686939001083374,-0.8332566022872925
public,79,4,Sad,V21_CORRECT_V22_WRONG,True,True,2,False,4,True,-1.4969794750213623,3.614807367324829,2,False,4,True,-0.20437407493591309,2.7723729610443115,2,False,4,True,-0.5772494077682495,2.8647782802581787,2,False,4,True,-1.4906816482543945,3.585404872894287,2,False,4,True,-0.2434842586517334,2.794729232788086,2,False,4,True,-1.5009260177612305,3.5386648178100586,2,False,4,True,-1.5231437683105469,3.2773988246917725,4,True,4,True,2.4404242038726807,1.5101683139801025
public,122,0,Angry,V22_CORRECT_V21_WRONG,True,False,4,False,0,True,-4.5502166748046875,3.5360946655273438,0,True,1,False,0.7329981327056885,-4.471392631530762,0,True,1,False,1.1311004161834717,-4.490063190460205,4,False,0,True,-4.5735907554626465,3.526477813720703,0,True,1,False,0.8703088760375977,-4.40854024887085,4,False,0,True,-4.63444185256958,3.510834217071533,4,False,0,True,-4.888680458068848,2.9517436027526855,4,False,0,True,-4.743067741394043,0.18575596809387207
public,130,2,Fear,V22_CORRECT_V21_WRONG,True,True,2,True,2,True,0.6149253845214844,4.8036417961120605,2,True,5,False,4.3558349609375,-0.46318912506103516,2,True,5,False,4.350135326385498,-0.49350404739379883,2,True,2,True,0.810659646987915,4.823648452758789,2,True,5,False,4.388448715209961,-0.476479172706604,2,True,2,True,0.75713050365448,4.839710235595703,2,True,2,True,3.8729209899902344,4.730714797973633,2,True,2,True,2.939030647277832,2.182656764984131
public,132,2,Fear,V22_CORRECT_V21_WRONG,True,True,2,True,4,False,1.2843656539916992,-1.298547625541687,2,True,6,False,3.9241886138916016,-1.436290979385376,2,True,6,False,4.024254322052002,-1.3651199340820312,2,True,4,False,1.2567434310913086,-1.3815975189208984,2,True,6,False,3.9591357707977295,-1.455277681350708,2,True,4,False,1.2693607807159424,-1.6154407262802124,2,True,4,False,1.5968832969665527,-0.9405243396759033,2,True,4,False,2.5492959022521973,-3.5504519939422607
public,137,6,Neutral,V22_CORRECT_V21_WRONG,True,True,6,True,3,False,0.4038426876068115,-4.426194667816162,6,True,3,False,1.5656343698501587,-0.9434691667556763,6,True,3,False,1.6124157905578613,-0.9024850130081177,6,True,3,False,0.4252657890319824,-4.42375373840332,6,True,3,False,1.6493799686431885,-1.016501545906067,6,True,3,False,0.3926067352294922,-4.477540016174316,3,False,3,False,-0.015418767929077148,-4.42365837097168,6,True,3,False,0.018126726150512695,-4.674197196960449
public,140,6,Neutral,V21_CORRECT_V22_WRONG,True,True,0,False,0,False,-4.964569091796875,-1.1524920463562012,0,False,6,True,-3.1607534885406494,2.5820512771606445,0,False,6,True,-2.8593993186950684,2.708620071411133,0,False,0,False,-4.99458122253418,-1.2961138486862183,0,False,6,True,-3.1886096000671387,2.645026683807373,0,False,0,False,-5.019840240478516,-0.9495081901550293,0,False,3,False,-5.070140838623047,-1.062041997909546,6,True,4,False,2.5224382877349854,-2.4524922370910645
public,145,6,Neutral,V21_CORRECT_V22_WRONG,True,True,4,False,3,False,-3.8226492404937744,-2.323058605194092,4,False,6,True,-1.6154506206512451,0.32092130184173584,4,False,6,True,-1.6240673065185547,0.5297552347183228,4,False,3,False,-3.8198015689849854,-2.2734222412109375,4,False,6,True,-1.630279779434204,0.35533350706100464,4,False,3,False,-3.5662548542022705,-2.3993916511535645,4,False,2,False,-3.9150290489196777,-1.681652545928955,4,False,3,False,-4.255318641662598,-3.5202784538269043
public,156,4,Sad,V21_CORRECT_V22_WRONG,True,True,2,False,4,True,-0.734661340713501,3.9598233699798584,2,False,4,True,-0.15975213050842285,2.980104446411133,2,False,4,True,-0.057074785232543945,2.9659576416015625,2,False,4,True,-0.7529184818267822,3.9613330364227295,2,False,4,True,-0.07422709465026855,2.9554390907287598,2,False,4,True,-0.8844397068023682,3.965656280517578,2,False,4,True,-2.023437976837158,3.9320249557495117,6,False,4,True,-0.6315815448760986,1.9763245582580566
public,160,0,Angry,V21_CORRECT_V22_WRONG,True,True,0,True,4,False,4.3389387130737305,-2.9430251121520996,4,False,0,True,-1.9101734161376953,1.5946531295776367,4,False,0,True,-1.924278736114502,1.687651515007019,0,True,4,False,4.3349761962890625,-2.955925464630127,4,False,0,True,-1.965637445449829,1.6262027025222778,0,True,4,False,4.355834007263184,-2.913055896759033,0,True,4,False,3.9110560417175293,-2.3683648109436035,1,False,4,False,-1.7234655618667603,-2.2278661727905273
public,167,4,Sad,V22_CORRECT_V21_WRONG,True,True,0,False,4,True,-2.296095848083496,0.10186290740966797,4,True,0,False,1.0066057443618774,-1.0072286128997803,4,True,0,False,1.1647902727127075,-1.0452662706375122,0,False,4,True,-2.235053539276123,0.03230023384094238,4,True,0,False,1.0338151454925537,-1.034043788909912,0,False,4,True,-2.198807954788208,0.14246320724487305,0,False,0,False,-1.1196786165237427,-0.7632348537445068,0,False,4,True,-3.518528461456299,0.24631834030151367
public,185,0,Angry,V22_CORRECT_V21_WRONG,True,True,0,True,4,False,2.9529922008514404,-1.2414963245391846,0,True,4,False,1.8746933937072754,-1.4639437198638916,0,True,4,False,1.7501670122146606,-1.4422239065170288,0,True,4,False,2.9841814041137695,-1.1922932863235474,0,True,4,False,1.8567554950714111,-1.4172804355621338,0,True,4,False,2.9937994480133057,-1.1887812614440918,0,True,4,False,2.6083812713623047,-1.5647996664047241,4,False,4,False,-3.8398523330688477,-1.894794225692749
public,200,3,Happy,V21_CORRECT_V22_WRONG,True,True,3,True,3,True,1.0623950958251953,1.1027991771697998,6,False,3,True,-1.7412289381027222,2.894745111465454,6,False,3,True,-1.7865867614746094,2.944650411605835,3,True,3,True,1.2309004068374634,1.0859633684158325,6,False,3,True,-1.6838182210922241,2.9579856395721436,3,True,3,True,0.8072171211242676,1.0065371990203857,3,True,3,True,2.802180290222168,0.3086763024330139,3,True,3,True,4.324178695678711,2.6845641136169434
public,208,2,Fear,V22_CORRECT_V21_WRONG,True,True,4,False,4,False,-1.7415196895599365,-2.257286548614502,2,True,4,False,3.389589548110962,-1.867846965789795,2,True,4,False,3.227290153503418,-1.9778293371200562,4,False,4,False,-1.2047719955444336,-2.2876720428466797,2,True,4,False,3.4490807056427,-1.8850007057189941,0,False,4,False,-1.4441789388656616,-2.310429334640503,4,False,4,False,-1.6779428720474243,-2.710752487182617,2,True,4,False,1.853294014930725,-1.9888808727264404
public,223,0,Angry,V22_CORRECT_V21_WRONG,True,True,0,True,2,False,3.25290846824646,-3.1691393852233887,0,True,6,False,1.4432624578475952,-0.651430606842041,0,True,6,False,1.7054105997085571,-0.6594923734664917,0,True,2,False,3.295276165008545,-3.1866211891174316,0,True,6,False,1.5303144454956055,-0.6574621200561523,0,True,2,False,3.2585525512695312,-3.301788330078125,0,True,6,False,3.860804557800293,-2.7007923126220703,0,True,2,False,2.8085169792175293,-4.008319854736328
public,224,0,Angry,V21_CORRECT_V22_WRONG,True,True,2,False,0,True,-3.923275947570801,4.31477165222168,2,False,0,True,-0.540593147277832,0.9229950904846191,2,False,0,True,-0.08128988742828369,0.9459195137023926,2,False,0,True,-3.9335498809814453,4.328852653503418,2,False,0,True,-0.43539905548095703,0.9335935115814209,2,False,0,True,-3.989234447479248,4.307855129241943,2,False,0,True,-4.053347110748291,4.3722429275512695,2,False,0,True,-2.858616352081299,3.1526594161987305
public,234,3,Happy,V21_CORRECT_V22_WRONG,True,True,3,True,4,False,2.927030563354492,-0.6029702425003052,4,False,3,True,-0.9397717714309692,0.8253321647644043,4,False,3,True,-0.506101131439209,1.0215215682983398,3,True,4,False,3.099968910217285,-0.5555338859558105,4,False,3,True,-0.6582658290863037,0.7898304462432861,3,True,4,False,3.148289918899536,-0.7486376762390137,3,True,4,False,4.079240798950195,-2.513582468032837,3,True,3,True,3.9197425842285156,4.202038764953613
public,237,0,Angry,V21_CORRECT_V22_WRONG,True,True,0,True,4,False,1.1144651174545288,-4.146055221557617,2,False,0,True,-1.8949050903320312,0.2816578149795532,2,False,0,True,-2.026899814605713,0.2701990604400635,0,True,4,False,1.281315565109253,-4.13232946395874,2,False,0,True,-1.8427138328552246,0.2843083143234253,0,True,4,False,0.7110936641693115,-4.118682861328125,0,True,4,False,0.8155708312988281,-3.9597504138946533,0,True,4,False,4.398880958557129,-2.182192802429199
public,253,3,Happy,V22_CORRECT_V21_WRONG,True,True,3,True,2,False,2.2851531505584717,-1.6522198915481567,3,True,2,False,0.8012194633483887,-3.069952964782715,3,True,2,False,0.9525799751281738,-2.9593379497528076,3,True,2,False,2.1316168308258057,-1.6320594549179077,3,True,2,False,0.8396708965301514,-3.0644071102142334,3,True,2,False,1.9657436609268188,-1.8307055234909058,3,True,2,False,2.811797857284546,-2.5928165912628174,3,True,2,False,0.6968296766281128,-3.7134742736816406
public,255,6,Neutral,V21_CORRECT_V22_WRONG,True,True,0,False,2,False,-4.850391864776611,-1.9322389364242554,3,False,6,True,-3.7277615070343018,2.7504892349243164,3,False,6,True,-3.6090078353881836,2.8192057609558105,0,False,2,False,-4.877859115600586,-1.9168386459350586,3,False,6,True,-3.705392837524414,2.743394136428833,0,False,2,False,-4.851341247558594,-2.1572651863098145,0,False,2,False,-4.65277099609375,-2.9085052013397217,5,False,3,False,-4.831927299499512,-3.252082586288452
public,271,6,Neutral,V21_CORRECT_V22_WRONG,True,True,6,True,4,False,0.33234071731567383,-3.4976978302001953,4,False,6,True,-3.4677586555480957,1.0518652200698853,4,False,6,True,-3.289522409439087,1.0731066465377808,6,True,4,False,0.13464510440826416,-3.466334819793701,4,False,6,True,-3.542903184890747,1.127895474433899,4,False,4,False,-0.1374058723449707,-3.3582072257995605,4,False,4,False,-2.5740621089935303,-1.038191556930542,6,True,4,False,1.41952383518219,-2.0002994537353516
public,276,4,Sad,V21_CORRECT_V22_WRONG,True,True,2,False,4,True,-0.5772905349731445,4.2938055992126465,2,False,4,True,-1.639024019241333,4.176867961883545,2,False,4,True,-1.3915599584579468,4.123591423034668,6,False,4,True,-0.8566060066223145,4.287092685699463,2,False,4,True,-1.2256531715393066,4.157164573669434,2,False,4,True,-0.7991818785667419,4.249297142028809,2,False,4,True,-1.8066338300704956,4.266984462738037,6,False,3,False,-3.698765516281128,-1.1940598487854004
public,277,5,Surprise,V21_CORRECT_V22_WRONG,True,True,5,True,2,False,4.393294334411621,-3.9377284049987793,2,False,5,True,-0.8599390983581543,4.172281265258789,2,False,5,True,-0.8407505750656128,4.145848274230957,5,True,2,False,4.411532402038574,-3.950540542602539,2,False,5,True,-0.7341761589050293,4.155844688415527,5,True,2,False,4.379648208618164,-3.8942315578460693,5,True,2,False,4.551943302154541,-3.2697486877441406,5,True,2,False,4.648024559020996,-4.590807914733887
public,279,6,Neutral,V21_CORRECT_V22_WRONG,True,True,4,False,0,False,-2.5792133808135986,-0.345680832862854,4,False,6,True,-1.9472272396087646,0.9295552968978882,4,False,6,True,-1.7501391172409058,0.8830028772354126,4,False,0,False,-2.593904733657837,-0.3770095109939575,4,False,6,True,-1.8691056966781616,0.9014689922332764,4,False,0,False,-2.6325151920318604,-0.4195951223373413,4,False,6,True,-2.4451448917388916,1.1538472175598145,4,False,0,False,-2.666724920272827,-2.1561975479125977
public,286,0,Angry,V22_CORRECT_V21_WRONG,True,True,0,True,2,False,2.6348507404327393,-1.899564504623413,0,True,2,False,1.2685551643371582,-1.7462220191955566,0,True,2,False,1.0447368621826172,-1.8423504829406738,0,True,2,False,2.641308546066284,-1.8997457027435303,0,True,2,False,1.1284708976745605,-1.767322063446045,0,True,2,False,2.8250491619110107,-1.9732544422149658,0,True,2,False,2.058946132659912,-1.3921833038330078,0,True,5,False,1.304447889328003,-1.0107064247131348
public,288,6,Neutral,V22_CORRECT_V21_WRONG,True,True,4,False,2,False,-3.611262798309326,-1.4316734075546265,6,True,2,False,0.9411020278930664,-3.446918487548828,6,True,2,False,0.9767131805419922,-3.5516676902770996,4,False,2,False,-3.4278767108917236,-1.346211552619934,6,True,2,False,0.9030252695083618,-3.469491481781006,4,False,2,False,-3.826352119445801,-1.4235351085662842,4,False,2,False,-4.3915181159973145,-0.5635908842086792,3,False,3,False,-3.146573305130005,-1.7661817073822021
public,296,2,Fear,V21_CORRECT_V22_WRONG,True,True,4,False,2,True,-4.184426307678223,1.1595749855041504,4,False,2,True,-0.20964229106903076,2.699267864227295,4,False,2,True,-0.16830980777740479,2.60313081741333,4,False,2,True,-4.1770405769348145,1.1215381622314453,4,False,2,True,-0.21657299995422363,2.6308999061584473,4,False,2,True,-4.312523365020752,1.2106585502624512,4,False,2,True,-4.30863094329834,1.8524197340011597,2,True,2,True,2.287600040435791,2.019575834274292
public,302,2,Fear,V22_CORRECT_V21_WRONG,True,True,3,False,3,False,-3.844228982925415,-2.8952813148498535,2,True,3,False,1.9454450607299805,-0.8844248056411743,2,True,3,False,2.3396382331848145,-0.998638391494751,3,False,3,False,-3.960336446762085,-2.928203582763672,2,True,3,False,1.9164032936096191,-0.946850061416626,3,False,3,False,-4.091819763183594,-2.9308648109436035,3,False,3,False,-3.7848284244537354,-3.401984214782715,3,False,3,False,-3.4191267490386963,-2.686764717102051
public,313,6,Neutral,V21_CORRECT_V22_WRONG,True,True,0,False,3,False,-3.9097583293914795,-4.047632217407227,3,False,6,True,-1.1737568378448486,0.10920107364654541,3,False,6,True,-1.3497159481048584,0.03781437873840332,0,False,3,False,-3.9704482555389404,-4.058517932891846,3,False,6,True,-1.1205875873565674,0.0720529556274414,0,False,3,False,-4.049765586853027,-4.185990810394287,0,False,3,False,-3.291877269744873,-3.462313652038574,3,False,3,False,-0.061212778091430664,-2.090714931488037
public,318,2,Fear,V22_CORRECT_V21_WRONG,True,True,2,True,4,False,2.9791998863220215,-1.506879448890686,2,True,4,False,3.2288784980773926,-0.18786263465881348,2,True,4,False,3.3664464950561523,-0.1703786849975586,2,True,4,False,2.997596025466919,-1.5220725536346436,2,True,4,False,3.2593836784362793,-0.23321127891540527,2,True,4,False,2.8363049030303955,-1.3099045753479004,2,True,4,False,2.7694263458251953,-1.2650574445724487,6,False,3,False,-0.23797118663787842,-1.352464199066162
public,324,0,Angry,V21_CORRECT_V22_WRONG,True,True,2,False,3,False,-2.544172763824463,-1.407974362373352,2,False,0,True,-3.91003155708313,4.762448787689209,2,False,0,True,-3.8419041633605957,4.781761169433594,2,False,3,False,-2.5781056880950928,-1.354156255722046,2,False,0,True,-3.912126064300537,4.762848377227783,2,False,3,False,-2.650984764099121,-1.5734689235687256,2,False,3,False,-2.57563853263855,-1.2329318523406982,2,False,3,False,-4.526388645172119,-5.090693473815918
public,329,5,Surprise,V21_CORRECT_V22_WRONG,True,True,2,False,2,False,-0.9044279456138611,-1.4171626567840576,2,False,5,True,-1.8085044622421265,2.853267192840576,2,False,5,True,-2.161750078201294,2.916013240814209,2,False,2,False,-0.8428285717964172,-1.3037642240524292,2,False,5,True,-1.8050109148025513,2.8478903770446777,2,False,2,False,-0.9266481995582581,-1.6480214595794678,4,False,2,False,-2.0868520736694336,-0.9995527267456055,4,False,2,False,-3.9242634773254395,-2.0901124477386475
public,331,3,Happy,V22_CORRECT_V21_WRONG,True,True,3,True,3,True,3.7022480964660645,4.497260570526123,3,True,6,False,1.9678462743759155,-0.4685850143432617,3,True,6,False,1.8555676937103271,-0.5022225379943848,3,True,3,True,3.64921498298645,4.502420425415039,3,True,6,False,1.9462342262268066,-0.43309760093688965,3,True,3,True,3.695553779602051,4.526136875152588,3,True,3,True,4.458811283111572,4.5429558753967285,3,True,3,True,4.802014350891113,4.5916290283203125
public,336,5,Surprise,V22_CORRECT_V21_WRONG,True,True,2,False,0,False,-2.131000518798828,-1.7970671653747559,5,True,2,False,1.0202022790908813,-2.4477365016937256,5,True,2,False,1.0695406198501587,-2.3632068634033203,2,False,0,False,-2.1516361236572266,-1.7903883457183838,5,True,2,False,0.980338454246521,-2.4238522052764893,2,False,0,False,-2.216261386871338,-2.053809404373169,3,False,2,False,-1.3033723831176758,-1.823042631149292,3,False,0,False,-3.7387664318084717,-3.0813863277435303
public,343,4,Sad,V22_CORRECT_V21_WRONG,True,True,4,True,6,False,0.8698478937149048,-2.4705822467803955,4,True,0,False,1.083620548248291,-0.19288134574890137,4,True,0,False,1.218666434288025,-0.12219226360321045,4,True,6,False,0.8848645687103271,-2.4364871978759766,4,True,0,False,1.3031940460205078,-0.17742955684661865,4,True,6,False,1.029205083847046,-2.420422077178955,2,False,6,False,-1.0094966888427734,-2.663137912750244,2,False,6,False,-4.786418914794922,-2.4383437633514404
public,344,0,Angry,V22_CORRECT_V21_WRONG,True,True,2,False,0,True,-4.753005027770996,2.7019057273864746,0,True,6,False,0.21312403678894043,-1.8500218391418457,0,True,6,False,0.31156110763549805,-1.6034659147262573,2,False,0,True,-4.7678632736206055,2.716946840286255,0,True,6,False,0.17304551601409912,-1.7633681297302246,2,False,0,True,-4.764954566955566,2.630995035171509,2,False,0,True,-4.742654800415039,1.9386016130447388,5,False,0,True,-5.116259574890137,2.0174050331115723
public,345,6,Neutral,V21_CORRECT_V22_WRONG,True,True,4,False,6,True,-2.701780080795288,0.5244420766830444,4,False,6,True,-0.9680562019348145,3.1744227409362793,4,False,6,True,-1.0322355031967163,3.1894280910491943,4,False,6,True,-2.676318883895874,0.5190377235412598,4,False,6,True,-0.9422078132629395,3.1687841415405273,4,False,6,True,-2.609492301940918,0.5980156660079956,4,False,6,True,-2.8222479820251465,1.0399986505508423,4,False,6,True,-0.6685988903045654,0.10076451301574707
public,346,6,Neutral,V22_CORRECT_V21_WRONG,True,True,6,True,3,False,1.6355106830596924,-3.5961191654205322,6,True,3,False,0.7690944671630859,-3.0968375205993652,6,True,3,False,1.0083439350128174,-3.0759425163269043,6,True,3,False,1.453625202178955,-3.6162102222442627,6,True,3,False,0.8185234069824219,-3.111509084701538,6,True,3,False,1.5789862871170044,-3.6938953399658203,6,True,3,False,0.5983797311782837,-3.6313984394073486,3,False,3,False,-3.0373058319091797,-3.8644256591796875
public,349,4,Sad,V22_CORRECT_V21_WRONG,True,True,0,False,4,True,-1.768363356590271,1.4499176740646362,4,True,0,False,3.1252734661102295,-0.6422580480575562,4,True,0,False,3.2101430892944336,-0.6034578084945679,0,False,4,True,-1.831740140914917,1.4331923723220825,4,True,0,False,3.067204236984253,-0.6544582843780518,0,False,4,True,-1.7977421283721924,1.4228053092956543,0,False,4,True,-1.380780816078186,1.5991873741149902,4,True,4,True,0.7501799464225769,0.3124467134475708
public,350,6,Neutral,V22_CORRECT_V21_WRONG,True,True,4,False,6,True,-0.6621615886688232,0.9520692825317383,6,True,3,False,3.1343226432800293,-1.9656376838684082,6,True,3,False,3.2561302185058594,-1.6897728443145752,4,False,6,True,-0.805898129940033,0.9890679717063904,6,True,3,False,3.164562225341797,-1.9705116748809814,4,False,6,True,-0.11220738291740417,0.838268518447876,2,False,3,False,-0.986748218536377,-0.5485401153564453,2,False,3,False,-3.6177406311035156,-4.437280654907227
public,354,4,Sad,V22_CORRECT_V21_WRONG,True,True,4,True,4,True,0.3143913745880127,3.0371530055999756,4,True,6,False,3.298858165740967,-3.783872127532959,4,True,6,False,3.5761375427246094,-3.811678647994995,4,True,4,True,0.2845728397369385,3.066558837890625,4,True,6,False,3.453472375869751,-3.76761794090271,4,True,4,True,0.7945998907089233,3.090467929840088,4,True,4,True,0.30486035346984863,2.7494497299194336,0,False,4,True,-1.5649745464324951,2.361680507659912
public,361,2,Fear,V22_CORRECT_V21_WRONG,True,True,5,False,2,True,-1.8151483535766602,2.197784423828125,2,True,1,False,1.4121577739715576,-4.425057411193848,2,True,1,False,1.8570411205291748,-4.497860908508301,5,False,2,True,-1.9720094203948975,2.116863250732422,2,True,1,False,1.5622559785842896,-4.413402080535889,5,False,2,True,-2.893942356109619,2.249507188796997,5,False,2,True,-2.455548048019409,1.6243265867233276,5,False,2,True,-5.6383795738220215,0.7736097574234009
public,363,6,Neutral,V22_CORRECT_V21_WRONG,True,True,6,True,2,False,2.4474735260009766,-1.86017906665802,6,True,0,False,2.9483675956726074,-2.0966796875,6,True,0,False,2.958181858062744,-2.137360095977783,6,True,2,False,2.3830642700195312,-2.1451256275177,6,True,0,False,3.0040152072906494,-2.010288715362549,6,True,2,False,2.2495687007904053,-2.786489248275757,6,True,2,False,1.2909437417984009,-0.767478883266449,6,True,6,True,3.510833263397217,2.6431939601898193
public,368,2,Fear,V21_CORRECT_V22_WRONG,True,True,2,True,0,False,0.10224390029907227,-1.8763668537139893,4,False,2,True,-0.6210148334503174,0.1179807186126709,4,False,2,True,-0.3874748945236206,0.18003427982330322,4,False,0,False,-0.10744929313659668,-1.894929051399231,4,False,2,True,-0.5967284440994263,0.13867402076721191,4,False,0,False,-0.2318415641784668,-2.1527740955352783,4,False,0,False,-0.15412557125091553,-3.539341449737549,4,False,2,True,-2.2779595851898193,1.0270209312438965
public,372,4,Sad,V21_CORRECT_V22_WRONG,True,True,4,True,3,False,2.4903106689453125,-1.82188880443573,3,False,4,True,-1.5338263511657715,3.785578966140747,3,False,4,True,-2.082940101623535,3.806777000427246,4,True,3,False,2.4907166957855225,-2.1358840465545654,3,False,4,True,-1.5561355352401733,3.773184299468994,4,True,3,False,2.2385263442993164,-2.193960189819336,4,True,3,False,1.4900695085525513,-2.786118745803833,4,True,4,True,3.81650972366333,2.804887294769287
public,389,1,Disgust,V22_CORRECT_V21_WRONG,True,False,2,False,0,False,-5.348738670349121,-0.3811553716659546,1,True,4,False,2.665142297744751,-3.619516611099243,1,True,4,False,2.249131679534912,-3.6963720321655273,2,False,0,False,-5.33693790435791,-0.38450467586517334,1,True,4,False,2.514216423034668,-3.621795654296875,2,False,0,False,-5.311069488525391,-0.8210439682006836,2,False,0,False,-5.346970081329346,-2.081450939178467,5,False,0,False,-5.044533729553223,-3.1771774291992188
public,410,0,Angry,V22_CORRECT_V21_WRONG,True,True,3,False,3,False,-1.98721182346344,-4.242131233215332,0,True,3,False,3.8010199069976807,-1.8403830528259277,0,True,3,False,3.6965408325195312,-1.8584284782409668,3,False,3,False,-1.8350387811660767,-4.290130615234375,0,True,3,False,3.8588473796844482,-1.8359527587890625,3,False,3,False,-1.5674207210540771,-4.340828895568848,3,False,3,False,-3.0016584396362305,-3.5470712184906006,3,False,3,False,-4.5928449630737305,-5.4373884201049805
public,416,6,Neutral,V21_CORRECT_V22_WRONG,True,True,0,False,0,False,-1.8442089557647705,-1.694377064704895,6,True,6,True,0.03841757774353027,2.956603765487671,4,False,6,True,-0.260329008102417,2.989586591720581,0,False,0,False,-1.8467307090759277,-1.724928379058838,6,True,6,True,0.11632776260375977,2.941718578338623,0,False,0,False,-1.686157464981079,-1.6013355255126953,0,False,0,False,-1.7935221195220947,-1.3064000606536865,6,True,4,False,4.082007884979248,-3.0759665966033936
public,429,4,Sad,V21_CORRECT_V22_WRONG,True,True,2,False,0,False,-1.9967135190963745,-0.1279294490814209,6,False,4,True,-4.086313724517822,0.45639312267303467,6,False,4,True,-3.8932383060455322,0.34681081771850586,2,False,0,False,-2.2433722019195557,-0.09777283668518066,6,False,4,True,-4.08653450012207,0.41054701805114746,2,False,4,True,-1.9674687385559082,0.08981609344482422,2,False,0,False,-0.8805382251739502,-0.14338994026184082,2,False,0,False,-2.17795991897583,-3.2698795795440674
public,430,4,Sad,V22_CORRECT_V21_WRONG,True,True,2,False,4,True,-5.14516544342041,1.2213590145111084,4,True,2,False,3.049529552459717,-3.631385564804077,4,True,2,False,2.7993736267089844,-3.6373958587646484,2,False,4,True,-5.169392108917236,1.1853262186050415,4,True,2,False,3.0443367958068848,-3.661139488220215,2,False,4,True,-5.195836067199707,1.1247791051864624,2,False,4,True,-5.106311321258545,1.768789291381836,2,False,4,True,-4.635279178619385,4.2597808837890625
public,434,3,Happy,V21_CORRECT_V22_WRONG,True,True,6,False,3,True,-1.6593519449234009,1.140379786491394,6,False,3,True,-0.2773716449737549,0.7979527711868286,6,False,3,True,-0.41939306259155273,0.8431302309036255,6,False,3,True,-1.7102757692337036,1.1470264196395874,6,False,3,True,-0.41361188888549805,0.7774730920791626,6,False,3,True,-1.565577745437622,1.0689033269882202,6,False,6,False,-0.6995244026184082,-0.4776487350463867,3,True,3,True,2.8339743614196777,2.7727413177490234
public,435,6,Neutral,V22_CORRECT_V21_WRONG,True,True,6,True,0,False,4.309164047241211,-3.235161542892456,6,True,0,False,1.6855807304382324,-1.0567724704742432,6,True,0,False,1.7994649410247803,-1.0067390203475952,6,True,0,False,4.3100128173828125,-3.222585916519165,6,True,0,False,1.7493070363998413,-1.0612256526947021,6,True,0,False,4.352323532104492,-3.201003074645996,6,True,0,False,3.2835278511047363,-3.021211624145508,6,True,0,False,4.730861186981201,-3.2725822925567627
public,440,0,Angry,V22_CORRECT_V21_WRONG,True,True,0,True,4,False,2.0033984184265137,-0.9166836738586426,0,True,4,False,2.5996499061584473,-1.866985559463501,0,True,4,False,2.710092306137085,-1.890303134918213,0,True,4,False,2.1385467052459717,-0.9404311180114746,0,True,4,False,2.643467903137207,-1.8869597911834717,0,True,4,False,2.2033936977386475,-1.0526542663574219,0,True,4,False,1.3927658796310425,-0.7940778732299805,0,True,4,False,3.5597434043884277,-0.9632019996643066
public,445,2,Fear,V22_CORRECT_V21_WRONG,True,True,4,False,0,False,-0.6375644207000732,-3.4193058013916016,2,True,4,False,2.850010633468628,-1.0755219459533691,2,True,4,False,1.8225222826004028,-1.1215933561325073,4,False,0,False,-0.6751189231872559,-3.4022679328918457,2,True,4,False,2.809443473815918,-1.0911846160888672,4,False,0,False,-0.04376494884490967,-3.4148221015930176,4,False,0,False,-0.22070538997650146,-3.6339352130889893,4,False,2,True,-0.026246309280395508,2.057502269744873
public,453,4,Sad,V21_CORRECT_V22_WRONG,True,True,4,True,4,True,4.518200874328613,3.6849544048309326,0,False,4,True,-2.0631325244903564,1.4067304134368896,0,False,4,True,-2.0079307556152344,1.2677838802337646,4,True,4,True,4.52924919128418,3.6589672565460205,0,False,4,True,-2.1307671070098877,1.441006064414978,4,True,4,True,4.502265453338623,3.704857110977173,4,True,4,True,4.520693302154541,3.966047525405884,6,False,6,False,-2.089588165283203,-0.03822064399719238
public,454,4,Sad,V22_CORRECT_V21_WRONG,True,True,4,True,4,True,3.6084184646606445,2.9300286769866943,4,True,2,False,4.167879104614258,-0.09595775604248047,4,True,2,False,4.121181964874268,-0.22191715240478516,4,True,4,True,3.6182730197906494,2.9245240688323975,4,True,2,False,4.137089729309082,-0.09328842163085938,4,True,4,True,3.5685596466064453,2.9758267402648926,4,True,4,True,3.796478748321533,1.7723238468170166,4,True,4,True,4.11923360824585,2.468597888946533
public,465,4,Sad,V22_CORRECT_V21_WRONG,True,True,6,False,4,True,-2.4564390182495117,3.978361129760742,4,True,6,False,3.9020729064941406,-2.2701916694641113,4,True,6,False,3.8163528442382812,-2.302732229232788,6,False,4,True,-2.5359292030334473,3.989269495010376,4,True,6,False,3.9090938568115234,-2.268996477127075,6,False,4,True,-2.310817003250122,4.062298774719238,6,False,4,True,-2.566542148590088,3.532165288925171,6,False,4,True,-4.890904903411865,4.273428440093994
public,477,6,Neutral,V22_CORRECT_V21_WRONG,True,True,3,False,6,True,-0.5886335372924805,1.5058931112289429,6,True,3,False,4.4377312660217285,-1.5833607912063599,6,True,3,False,4.441061019897461,-1.31765878200531,3,False,6,True,-0.751164436340332,1.6139650344848633,6,True,3,False,4.4365386962890625,-1.6444250345230103,3,False,6,True,-0.7178703546524048,1.4600569009780884,3,False,6,True,-1.6560882329940796,2.156402587890625,6,True,6,True,1.4267901182174683,2.9983105659484863
public,478,2,Fear,V22_CORRECT_V21_WRONG,True,True,2,True,4,False,3.9606404304504395,-0.508497953414917,2,True,4,False,0.6114101409912109,-0.6225171089172363,2,True,4,False,0.5614868402481079,-0.4797666072845459,2,True,4,False,3.893345832824707,-0.44369983673095703,2,True,4,False,0.5138897895812988,-0.5480129718780518,2,True,4,False,3.6541383266448975,-0.40991640090942383,2,True,4,False,3.813800096511841,-1.1778063774108887,2,True,3,False,2.28021240234375,-4.065616607666016
public,481,6,Neutral,V21_CORRECT_V22_WRONG,True,True,0,False,6,True,-1.6722396612167358,3.410477876663208,0,False,6,True,-0.7639305591583252,3.2839105129241943,0,False,6,True,-1.3164973258972168,3.501223564147949,0,False,6,True,-1.7231860160827637,3.3927419185638428,0,False,6,True,-0.8946484327316284,3.2797508239746094,0,False,6,True,-1.620121955871582,3.334623336791992,0,False,6,True,-0.949278712272644,3.2674877643585205,6,True,6,True,4.046041965484619,3.4124631881713867
public,495,4,Sad,V21_CORRECT_V22_WRONG,True,True,2,False,2,False,-0.23125362396240234,-0.5337882041931152,2,False,4,True,-0.4867439270019531,0.4966697692871094,2,False,4,True,-0.6534960269927979,0.41283464431762695,2,False,2,False,-0.2779529094696045,-0.5222322940826416,2,False,4,True,-0.5227193832397461,0.4705824851989746,2,False,2,False,-0.2851603031158447,-0.48837947845458984,2,False,2,False,-0.008272647857666016,-0.5415477752685547,4,True,4,True,1.1086857318878174,3.605181932449341
public,500,6,Neutral,V21_CORRECT_V22_WRONG,True,True,0,False,6,True,-5.35605001449585,1.5597255229949951,3,False,6,True,-1.1552228927612305,3.035033702850342,3,False,6,True,-0.8318653106689453,3.05098032951355,0,False,6,True,-5.375185966491699,1.6419165134429932,3,False,6,True,-1.0250014066696167,3.0786585807800293,0,False,6,True,-5.354921340942383,1.5206787586212158,0,False,6,True,-5.048856735229492,0.16706180572509766,4,False,6,True,-5.453673362731934,0.6621236801147461
public,505,3,Happy,V22_CORRECT_V21_WRONG,True,True,6,False,0,False,-3.3623509407043457,-0.9410113096237183,3,True,6,False,3.748270034790039,-1.1205662488937378,3,True,6,False,3.7640349864959717,-1.2427352666854858,6,False,0,False,-3.3396363258361816,-0.7798799276351929,3,True,6,False,3.748877763748169,-1.055691123008728,6,False,0,False,-3.0744948387145996,-0.6606199741363525,6,False,3,True,-3.641087293624878,1.9356675148010254,6,False,3,True,-4.634162425994873,4.307744026184082
public,508,0,Angry,V22_CORRECT_V21_WRONG,True,True,2,False,6,False,-5.26450252532959,-3.236361503601074,0,True,0,True,2.3133418560028076,0.003367602825164795,0,True,2,False,2.3890678882598877,-0.05449312925338745,2,False,6,False,-5.229640483856201,-3.2443010807037354,0,True,2,False,2.6249163150787354,-0.043734848499298096,2,False,6,False,-5.037049770355225,-3.266558885574341,2,False,6,False,-5.2859344482421875,-3.4587173461914062,2,False,6,False,-5.016768932342529,-4.717401027679443
public,513,5,Surprise,V22_CORRECT_V21_WRONG,True,True,5,True,5,True,0.9242161512374878,0.7377815246582031,5,True,4,False,4.087064743041992,-0.3767968416213989,5,True,4,False,4.075379371643066,-0.31824934482574463,5,True,5,True,0.7211288213729858,0.7221406698226929,5,True,4,False,4.0879225730896,-0.35299038887023926,5,True,5,True,0.2619600296020508,0.801324725151062,2,False,5,True,-0.5789457559585571,0.46217918395996094,6,False,4,False,-1.5988150835037231,-3.083251476287842
public,520,3,Happy,V22_CORRECT_V21_WRONG,True,True,3,True,3,True,3.466946840286255,1.886240005493164,3,True,0,False,3.6892991065979004,-0.5620779991149902,3,True,0,False,3.6765623092651367,-0.4457395076751709,3,True,3,True,3.5088939666748047,1.8203558921813965,3,True,0,False,3.671201467514038,-0.5302681922912598,3,True,3,True,3.289262533187866,1.7390947341918945,3,True,3,True,3.9015793800354004,1.813459873199463,3,True,3,True,2.6728501319885254,4.6923828125
public,528,4,Sad,V21_CORRECT_V22_WRONG,True,True,2,False,4,True,-0.10659170150756836,0.2782708406448364,0,False,4,True,-3.128452777862549,3.0521812438964844,0,False,4,True,-2.9316959381103516,3.0778915882110596,2,False,4,True,-0.2878901958465576,0.32085466384887695,0,False,4,True,-3.0041327476501465,3.046353816986084,2,False,4,True,-0.47812414169311523,0.4921778440475464,2,False,2,False,-0.6995667219161987,-0.11361289024353027,4,True,2,False,3.829960584640503,-2.0942516326904297
public,533,5,Surprise,V21_CORRECT_V22_WRONG,True,True,5,True,5,True,2.427664279937744,3.536949634552002,2,False,5,True,-0.3850860595703125,4.18897008895874,2,False,5,True,-0.6234667301177979,4.191068172454834,5,True,5,True,2.3893158435821533,3.502863883972168,2,False,5,True,-0.41463208198547363,4.183880805969238,5,True,5,True,2.6874008178710938,3.5777692794799805,5,True,5,True,0.32607126235961914,3.4642813205718994,5,True,5,True,4.085583209991455,1.984342098236084
public,537,6,Neutral,V21_CORRECT_V22_WRONG,True,True,4,False,3,False,-0.27025341987609863,-3.413255453109741,3,False,6,True,-2.451005458831787,2.902134418487549,3,False,6,True,-2.3503317832946777,2.874037504196167,4,False,3,False,-0.40978455543518066,-3.4103639125823975,3,False,6,True,-2.32548451423645,2.9125263690948486,4,False,3,False,-0.8421602249145508,-3.4980711936950684,4,False,3,False,-1.2060847282409668,-2.435110330581665,6,True,3,False,2.200925588607788,-3.788480520248413
public,541,6,Neutral,V21_CORRECT_V22_WRONG,True,False,4,False,6,True,-4.117074966430664,2.843663215637207,4,False,6,True,-3.5486443042755127,2.7164769172668457,4,False,6,True,-3.1138460636138916,2.5916197299957275,4,False,6,True,-4.004426956176758,2.869730234146118,4,False,6,True,-3.392214298248291,2.677868127822876,4,False,6,True,-4.277695178985596,2.8195571899414062,4,False,6,True,-3.527566432952881,2.7365012168884277,4,False,6,True,-2.528123617172241,3.2191379070281982
public,550,0,Angry,V22_CORRECT_V21_WRONG,True,True,4,False,4,False,-1.839996099472046,-1.6057350635528564,0,True,2,False,0.6318371295928955,-1.9133846759796143,0,True,2,False,0.5378516912460327,-1.9257431030273438,4,False,4,False,-1.8620809316635132,-1.5970869064331055,0,True,2,False,0.6545910835266113,-1.806959629058838,4,False,4,False,-1.7186007499694824,-1.718883752822876,4,False,4,False,-1.298480749130249,-1.3113906383514404,0,True,4,False,2.441542148590088,-0.7496548891067505
public,555,4,Sad,V22_CORRECT_V21_WRONG,True,True,2,False,4,True,-2.7884256839752197,3.849541664123535,4,True,3,False,2.9432220458984375,-3.299190044403076,4,True,3,False,3.021721124649048,-3.203195333480835,2,False,4,True,-2.849370002746582,3.8136608600616455,4,True,3,False,2.8966097831726074,-3.313666820526123,2,False,4,True,-2.901238441467285,3.7864630222320557,2,False,4,True,-2.5338239669799805,4.082451343536377,6,False,3,False,-0.695112943649292,-2.1384599208831787
public,561,4,Sad,V22_CORRECT_V21_WRONG,True,True,0,False,6,False,-1.3302922248840332,-2.7787914276123047,4,True,0,False,2.914320945739746,-2.235616683959961,4,True,0,False,2.7581825256347656,-2.325228691101074,0,False,6,False,-1.2966535091400146,-2.7868247032165527,4,True,0,False,2.912646532058716,-2.311668634414673,0,False,6,False,-1.0480839014053345,-2.7925891876220703,0,False,6,False,-1.0541296005249023,-3.106196880340576,4,True,6,False,2.3933002948760986,-3.5345451831817627
public,568,2,Fear,V22_CORRECT_V21_WRONG,True,True,2,True,4,False,0.4905707836151123,-3.1495354175567627,2,True,4,False,0.9327225685119629,-2.133523941040039,2,True,4,False,0.839431881904602,-2.066094160079956,2,True,4,False,0.4824059009552002,-3.152658224105835,2,True,4,False,0.9201257228851318,-2.1025197505950928,2,True,4,False,0.1568915843963623,-3.12113356590271,4,False,4,False,-0.2748394012451172,-3.0551276206970215,4,False,6,False,-2.956214666366577,-1.6828067302703857
public,570,0,Angry,V21_CORRECT_V22_WRONG,True,True,6,False,6,False,-2.331576347351074,-2.864042043685913,6,False,0,True,-1.3566789627075195,0.7193841934204102,6,False,0,True,-1.4151471853256226,0.9207723140716553,6,False,6,False,-2.2309718132019043,-2.8853087425231934,6,False,0,True,-1.3711656332015991,0.7420002222061157,6,False,6,False,-2.1173412799835205,-2.9163880348205566,6,False,6,False,-3.2357373237609863,-2.9391121864318848,0,True,3,False,0.44389212131500244,-3.78436541557312
public,573,0,Angry,V21_CORRECT_V22_WRONG,True,True,0,True,3,False,0.29792869091033936,-2.409649133682251,3,False,0,True,-0.9626721739768982,2.444502592086792,3,False,0,True,-0.9627681374549866,2.508772611618042,0,True,3,False,0.4407724142074585,-2.4023513793945312,3,False,0,True,-1.1029887199401855,2.4378085136413574,0,True,3,False,0.6203653812408447,-2.5228843688964844,0,True,3,False,0.26814448833465576,-2.8637003898620605,2,False,6,False,-4.96866512298584,-3.9487946033477783
public,578,2,Fear,V21_CORRECT_V22_WRONG,True,True,2,True,2,True,0.2841275930404663,1.2298870086669922,6,False,2,True,-0.36907505989074707,2.236687183380127,6,False,2,True,-0.00042951107025146484,2.2063934803009033,2,True,2,True,0.3144826889038086,1.2705302238464355,6,False,2,True,-0.7304894924163818,2.2464146614074707,2,True,2,True,0.04819035530090332,1.4123427867889404,2,True,2,True,0.04354524612426758,1.0834088325500488,2,True,6,False,1.9385285377502441,-1.9929226636886597
public,596,4,Sad,V22_CORRECT_V21_WRONG,True,True,0,False,4,True,-0.46865200996398926,0.7329096794128418,4,True,1,False,0.841322660446167,-0.24607086181640625,4,True,1,False,0.6418139934539795,-0.10617733001708984,0,False,4,True,-0.5534673929214478,0.8718302249908447,4,True,1,False,0.8871712684631348,-0.06359696388244629,0,False,4,True,-0.17692232131958008,1.0215808153152466,4,True,4,True,1.1660504341125488,0.5289971828460693,0,False,0,False,-4.123311519622803,-0.5740587711334229
public,599,0,Angry,V22_CORRECT_V21_WRONG,True,True,0,True,4,False,0.7702258825302124,-3.607361316680908,0,True,4,False,2.316101551055908,-1.634657859802246,0,True,6,False,2.383728504180908,-1.6340875625610352,0,True,4,False,0.709954023361206,-3.5921130180358887,0,True,4,False,2.321653127670288,-1.6209274530410767,0,True,4,False,0.5722737312316895,-3.631455183029175,0,True,4,False,1.4543182849884033,-3.8395791053771973,0,True,2,False,0.09698641300201416,-0.16975879669189453
public,600,4,Sad,V22_CORRECT_V21_WRONG,True,True,4,True,1,False,4.120365619659424,-1.5548412799835205,4,True,4,True,3.3668699264526367,0.25424301624298096,4,True,1,False,3.7131683826446533,-2.765655517578125e-05,4,True,1,False,4.144260883331299,-1.4337972402572632,4,True,4,True,3.411306858062744,0.3721654415130615,4,True,1,False,4.219729900360107,-1.1350311040878296,4,True,1,False,3.396616220474243,-0.020400643348693848,4,True,3,False,3.1327006816864014,-2.9041659832000732
public,601,6,Neutral,V22_CORRECT_V21_WRONG,True,True,3,False,0,False,-2.3417892456054688,-4.812264919281006,2,False,5,False,-0.16229760646820068,-4.647099494934082,6,True,5,False,0.16179907321929932,-4.597464084625244,3,False,0,False,-2.1621642112731934,-4.794246673583984,2,False,5,False,-0.15347826480865479,-4.600919723510742,3,False,0,False,-2.4108805656433105,-4.8255157470703125,3,False,0,False,-2.3633642196655273,-4.894590377807617,6,True,5,False,4.251608371734619,-2.139116048812866
public,608,4,Sad,V22_CORRECT_V21_WRONG,True,True,4,True,4,True,0.5920789241790771,1.4488334655761719,4,True,0,False,2.392153263092041,-1.713283896446228,4,True,0,False,2.7396814823150635,-1.6425076723098755,4,True,4,True,0.7923084497451782,1.4151039123535156,4,True,0,False,2.3382036685943604,-1.7636759281158447,4,True,4,True,1.3373260498046875,1.2293133735656738,0,False,4,True,-1.7926340103149414,1.829460620880127,2,False,4,True,-4.827616214752197,3.1380972862243652
public,613,4,Sad,V22_CORRECT_V21_WRONG,True,True,4,True,5,False,2.8214056491851807,-4.3552937507629395,4,True,5,False,2.459406852722168,-4.312855243682861,4,True,5,False,2.4096078872680664,-4.310667037963867,4,True,5,False,2.804672956466675,-4.3736748695373535,4,True,5,False,2.445875644683838,-4.311495780944824,4,True,5,False,2.535346508026123,-4.465725898742676,4,True,5,False,4.263200759887695,-4.911991119384766,5,False,3,False,-3.220043182373047,-4.915459632873535
public,614,5,Surprise,V21_CORRECT_V22_WRONG,True,True,2,False,5,True,-4.733813762664795,2.4723591804504395,2,False,5,True,-0.43126749992370605,1.4314889907836914,2,False,5,True,-0.9493157863616943,1.2618598937988281,2,False,5,True,-4.638030052185059,2.351858615875244,2,False,5,True,-0.11327874660491943,1.3514132499694824,2,False,5,True,-4.664067268371582,2.2930521965026855,2,False,5,True,-3.868594169616699,3.3859074115753174,0,False,2,False,-2.6381185054779053,-2.575538158416748
public,635,0,Angry,V21_CORRECT_V22_WRONG,True,True,0,True,4,False,2.7064123153686523,-2.178009510040283,2,False,0,True,-2.49928879737854,1.0356934070587158,2,False,0,True,-2.1707687377929688,0.9165551662445068,0,True,4,False,2.6917483806610107,-2.229865550994873,2,False,0,True,-2.5254290103912354,1.0060648918151855,0,True,4,False,2.6811041831970215,-2.0836899280548096,0,True,4,False,2.173492670059204,-1.3960872888565063,4,False,4,False,-4.322662353515625,-1.172647476196289
public,637,2,Fear,V22_CORRECT_V21_WRONG,True,True,2,True,0,False,3.726902723312378,-4.91074275970459,2,True,0,False,4.141152858734131,-0.03875327110290527,2,True,0,False,4.149599552154541,-0.04752755165100098,2,True,0,False,3.7216391563415527,-4.897979736328125,2,True,0,False,4.1587395668029785,-0.032288551330566406,2,True,0,False,3.997237205505371,-4.927545547485352,2,True,0,False,3.788776159286499,-4.764402866363525,0,False,0,False,-4.835337162017822,-4.255147457122803
public,639,0,Angry,V22_CORRECT_V21_WRONG,True,True,0,True,0,True,2.9437754154205322,2.1993043422698975,0,True,4,False,3.875265598297119,-3.2590155601501465,0,True,4,False,3.848318099975586,-3.2520034313201904,0,True,0,True,2.8868236541748047,2.101922035217285,0,True,4,False,3.8864755630493164,-3.2675788402557373,0,True,0,True,3.0246613025665283,1.817577600479126,0,True,0,True,2.737203598022461,1.8370225429534912,4,False,4,False,-2.3360533714294434,-0.06453144550323486
public,640,2,Fear,V21_CORRECT_V22_WRONG,True,True,2,True,2,True,2.221935749053955,0.7797386646270752,5,False,2,True,-1.9113119840621948,3.284381628036499,5,False,2,True,-1.948929786682129,3.334023952484131,2,True,2,True,2.2543933391571045,0.7928122282028198,5,False,2,True,-1.9540461301803589,3.2727458477020264,2,True,2,True,2.054156541824341,0.6217119693756104,2,True,2,True,1.6862452030181885,0.3159630298614502,5,False,2,True,-3.3151986598968506,3.326843500137329
public,643,6,Neutral,V22_CORRECT_V21_WRONG,True,True,0,False,3,False,-1.4002084732055664,-3.964388608932495,6,True,3,False,1.944064974784851,-3.329195976257324,6,True,3,False,1.6703376770019531,-3.2290637493133545,0,False,3,False,-1.3854098320007324,-3.9638617038726807,6,True,3,False,2.0196328163146973,-3.3456358909606934,0,False,3,False,-1.7018272876739502,-3.975649118423462,0,False,3,False,-1.6404163837432861,-3.4909303188323975,0,False,3,False,-2.3613860607147217,-1.7050151824951172
public,645,5,Surprise,V22_CORRECT_V21_WRONG,True,True,2,False,4,False,-1.6315507888793945,-3.547657012939453,5,True,2,False,0.6904569864273071,-0.24454689025878906,5,True,2,False,0.7724559307098389,-0.05524778366088867,2,False,4,False,-1.6792471408843994,-3.572059154510498,5,True,2,False,0.7863774299621582,-0.24494433403015137,2,False,4,False,-1.4040462970733643,-3.6808128356933594,2,False,4,False,-1.523219347000122,-4.0335893630981445,5,True,2,False,4.447907447814941,-4.4018354415893555
public,647,5,Surprise,V21_CORRECT_V22_WRONG,True,True,2,False,2,False,-2.2443273067474365,-4.107446193695068,6,False,5,True,-3.098798990249634,1.4275959730148315,6,False,5,True,-3.0940887928009033,1.4127687215805054,2,False,2,False,-2.159940481185913,-4.106654644012451,6,False,5,True,-3.0976004600524902,1.4525024890899658,2,False,2,False,-2.0899765491485596,-4.0881500244140625,2,False,2,False,-2.002300262451172,-4.084283828735352,5,True,2,False,4.93480110168457,-0.8398083448410034
public,650,2,Fear,V22_CORRECT_V21_WRONG,True,True,2,True,6,False,4.593879699707031,-1.8502931594848633,2,True,6,False,1.14634370803833,-3.928550958633423,2,True,6,False,1.1686906814575195,-3.750016212463379,2,True,6,False,4.627191543579102,-1.800187349319458,2,True,6,False,1.0469473600387573,-3.894092082977295,2,True,6,False,4.572359085083008,-1.8563178777694702,2,True,6,False,4.31270170211792,-1.8529040813446045,4,False,6,False,-1.468369960784912,-0.8905922770500183
public,657,2,Fear,V22_CORRECT_V21_WRONG,True,True,2,True,0,False,3.442714214324951,-2.14225697517395,2,True,4,False,3.784597873687744,-3.8586270809173584,2,True,4,False,3.8632936477661133,-3.7675957679748535,2,True,0,False,3.325739622116089,-2.108752727508545,2,True,4,False,3.7861154079437256,-3.843311071395874,2,True,0,False,3.124206066131592,-2.0238373279571533,2,True,0,False,1.964359164237976,-1.8229963779449463,2,True,0,False,2.4794325828552246,-1.969551920890808
public,660,4,Sad,V21_CORRECT_V22_WRONG,True,True,4,True,4,True,3.166166305541992,2.518538236618042,2,False,4,True,-1.6432886123657227,1.7564504146575928,2,False,4,True,-1.6546573638916016,1.8424279689788818,4,True,4,True,2.9819188117980957,2.4984893798828125,2,False,4,True,-1.717512607574463,1.7258942127227783,4,True,4,True,3.3473517894744873,2.194334030151367,4,True,4,True,4.237536430358887,2.969177722930908,4,True,4,True,3.933610439300537,0.6052291393280029
public,666,6,Neutral,V21_CORRECT_V22_WRONG,True,True,2,False,2,False,-1.009493350982666,-3.842008352279663,2,False,6,True,-2.1661176681518555,0.8380937576293945,2,False,6,True,-2.1335055828094482,0.9374411106109619,2,False,2,False,-1.1307997703552246,-3.816293478012085,2,False,6,True,-2.255565881729126,0.8543144464492798,2,False,2,False,-1.0380513668060303,-3.923017740249634,2,False,2,False,-1.6079460382461548,-3.711081027984619,6,True,4,False,2.5579111576080322,-1.9385794401168823
public,670,4,Sad,V22_CORRECT_V21_WRONG,True,True,4,True,6,False,4.563059329986572,-2.515472173690796,4,True,6,False,3.1045830249786377,-3.581172466278076,4,True,6,False,2.9682252407073975,-3.5556352138519287,4,True,6,False,4.561436176300049,-2.4827704429626465,4,True,6,False,3.131652593612671,-3.5485188961029053,4,True,6,False,4.586879730224609,-2.527334213256836,4,True,6,False,4.610093116760254,-2.4271016120910645,4,True,6,False,3.378784656524658,-4.699915409088135
public,675,6,Neutral,V22_CORRECT_V21_WRONG,True,True,6,True,3,False,4.477128505706787,-4.427036285400391,6,True,4,False,2.971412420272827,-1.3542362451553345,6,True,4,False,3.3706798553466797,-1.170230746269226,6,True,3,False,4.447943210601807,-4.365937232971191,6,True,4,False,3.055771827697754,-1.2183715105056763,6,True,3,False,4.497351169586182,-4.470580577850342,6,True,3,False,4.52963399887085,-4.538433074951172,6,True,3,False,3.398141860961914,-4.250073432922363
public,677,4,Sad,V21_CORRECT_V22_WRONG,True,True,4,True,4,True,3.9232797622680664,0.7673474550247192,0,False,4,True,-1.8438715934753418,2.11763072013855,0,False,4,True,-1.6350504159927368,2.298673629760742,4,True,4,True,3.930809497833252,0.7153233289718628,0,False,4,True,-1.7135696411132812,2.1159958839416504,4,True,4,True,3.9142403602600098,0.4303017854690552,4,True,4,True,4.235877990722656,1.3076725006103516,6,False,4,True,-4.226373195648193,0.7845262885093689
public,678,4,Sad,V22_CORRECT_V21_WRONG,True,True,6,False,4,True,-0.33044981956481934,0.028638124465942383,4,True,6,False,0.47908973693847656,-3.759143590927124,4,True,6,False,0.21226537227630615,-3.662227153778076,6,False,4,True,-0.2817591428756714,0.01527702808380127,4,True,6,False,0.6728202104568481,-3.7794854640960693,4,True,4,True,0.2992367744445801,0.07501626014709473,6,False,4,True,-2.1190507411956787,2.1208231449127197,6,False,4,True,-5.348519325256348,3.546459913253784
public,684,4,Sad,V21_CORRECT_V22_WRONG,True,True,5,False,2,False,-5.276059150695801,-1.2816524505615234,2,False,4,True,-2.6773908138275146,2.6494898796081543,2,False,4,True,-2.641232490539551,2.8198390007019043,5,False,2,False,-5.288590431213379,-1.2449238300323486,2,False,4,True,-2.631023406982422,2.669475555419922,5,False,2,False,-5.2606201171875,-1.188278317451477,5,False,2,False,-5.25862979888916,-0.31052732467651367,5,False,4,True,-4.452108383178711,2.0502140522003174
public,695,3,Happy,V22_CORRECT_V21_WRONG,True,True,2,False,3,True,-2.9772486686706543,2.646686315536499,3,True,4,False,3.6849331855773926,-2.9234230518341064,3,True,4,False,3.6602063179016113,-3.0431244373321533,2,False,3,True,-2.961965560913086,2.642393112182617,3,True,4,False,3.65826678276062,-2.8814051151275635,2,False,3,True,-2.78180193901062,2.8181843757629395,2,False,3,True,-2.7517127990722656,2.5667917728424072,2,False,3,True,-2.093818426132202,2.6053903102874756
public,702,2,Fear,V21_CORRECT_V22_WRONG,True,True,2,True,0,False,0.8405593633651733,-3.1610426902770996,0,False,2,True,-5.440695762634277,3.0426018238067627,0,False,2,True,-5.409066677093506,3.0713295936584473,2,True,0,False,0.9266918897628784,-3.1285600662231445,0,False,2,True,-5.431046009063721,3.0528721809387207,2,True,0,False,1.0248353481292725,-3.3220736980438232,2,True,0,False,1.5733344554901123,-3.4796676635742188,0,False,0,False,-0.3850771188735962,-3.367696762084961
public,707,0,Angry,V22_CORRECT_V21_WRONG,True,True,2,False,0,True,-4.551197052001953,1.2918376922607422,0,True,5,False,3.7338180541992188,-3.3164219856262207,0,True,5,False,3.7819015979766846,-3.037519931793213,2,False,0,True,-4.554776668548584,1.3677048683166504,0,True,5,False,3.69987154006958,-3.242347240447998,2,False,0,True,-4.528829097747803,1.2033103704452515,2,False,0,True,-3.50268292427063,0.13431298732757568,6,False,3,False,-4.883481025695801,-2.4275434017181396
public,740,6,Neutral,V22_CORRECT_V21_WRONG,True,True,4,False,6,True,-3.061786651611328,1.0688116550445557,6,True,4,False,1.7863672971725464,-1.883615493774414,6,True,4,False,1.8114657402038574,-1.8153223991394043,4,False,6,True,-3.051610231399536,1.1175264120101929,6,True,4,False,1.8590078353881836,-1.8403489589691162,4,False,6,True,-3.0682713985443115,1.13461172580719,4,False,6,True,-2.81400465965271,1.5818310976028442,6,True,4,False,0.6948540210723877,-1.3703851699829102
public,743,6,Neutral,V21_CORRECT_V22_WRONG,True,True,3,False,3,False,-4.725540637969971,-2.139894723892212,3,False,6,True,-4.92250919342041,0.1780078411102295,3,False,6,True,-4.960972785949707,0.15584611892700195,3,False,3,False,-4.720609188079834,-2.281830310821533,3,False,6,True,-4.899462699890137,0.12722063064575195,3,False,3,False,-4.694298267364502,-2.224052906036377,3,False,3,False,-4.540358066558838,-2.695967197418213,3,False,3,False,-4.301515102386475,-2.4691414833068848
public,749,3,Happy,V22_CORRECT_V21_WRONG,True,True,4,False,3,True,-2.2639048099517822,2.2202513217926025,3,True,3,True,2.804874897003174,0.39577245712280273,3,True,3,True,3.319200038909912,0.12614154815673828,4,False,3,True,-2.248692274093628,2.208284854888916,3,True,3,True,2.6094067096710205,0.5359897613525391,6,False,3,True,-2.4485716819763184,2.2161777019500732,6,False,3,True,-2.526458263397217,0.49921202659606934,6,False,3,True,-4.2213664054870605,4.4154744148254395
public,750,3,Happy,V21_CORRECT_V22_WRONG,True,True,6,False,2,False,-4.703897953033447,-1.439878225326538,4,False,3,True,-5.393092632293701,1.4780014753341675,4,False,3,True,-5.402423858642578,1.8435845375061035,6,False,2,False,-4.615442276000977,-1.388559103012085,4,False,3,True,-5.399559020996094,1.4724361896514893,6,False,2,False,-4.443253517150879,-1.894118070602417,6,False,2,False,-4.871275901794434,-0.15747353434562683,2,False,4,False,-4.10966157913208,-4.447484016418457
public,753,2,Fear,V21_CORRECT_V22_WRONG,True,True,4,False,2,True,-3.344531774520874,1.1047484874725342,4,False,2,True,-0.684680700302124,1.1811476945877075,4,False,2,True,-0.5575403571128845,1.1508797407150269,4,False,2,True,-3.3241047859191895,1.1732985973358154,4,False,2,True,-0.6826544404029846,1.1473701000213623,4,False,2,True,-3.4386775493621826,1.2276611328125,4,False,2,True,-4.033639907836914,2.0244295597076416,5,False,2,True,-5.658710479736328,0.5285754203796387
public,755,3,Happy,V22_CORRECT_V21_WRONG,True,True,0,False,3,True,-3.4028143882751465,3.18003511428833,3,True,4,False,0.7558740377426147,-4.210904598236084,3,True,4,False,1.9667510986328125,-4.283316135406494,0,False,3,True,-3.4351649284362793,3.132341146469116,3,True,4,False,1.446938395500183,-4.179582118988037,0,False,3,True,-3.2729687690734863,2.9060332775115967,0,False,3,True,-3.2144458293914795,4.023637294769287,4,False,3,True,-4.973271369934082,3.9464287757873535
public,757,5,Surprise,V22_CORRECT_V21_WRONG,True,True,2,False,2,False,-2.054090976715088,-1.076973557472229,5,True,2,False,3.9104576110839844,-3.5576300621032715,5,True,2,False,3.9463491439819336,-3.647702693939209,2,False,2,False,-1.9842488765716553,-1.2114135026931763,5,True,2,False,3.9088797569274902,-3.5908408164978027,2,False,2,False,-2.0186715126037598,-1.0132865905761719,2,False,2,False,-1.0739105939865112,-0.5927304029464722,5,True,5,True,2.8269283771514893,2.3156819343566895
public,766,3,Happy,V22_CORRECT_V21_WRONG,True,True,0,False,4,False,-3.284153699874878,-4.016729354858398,3,True,3,True,4.228686809539795,0.008318662643432617,3,True,0,False,4.219193935394287,-0.23004108667373657,0,False,4,False,-3.353006362915039,-4.042552471160889,3,True,0,False,4.22076416015625,-0.025163650512695312,0,False,4,False,-3.232783079147339,-4.039544582366943,2,False,4,False,-3.6951677799224854,-3.317098379135132,0,False,4,False,-5.032583713531494,-3.1564512252807617
public,768,0,Angry,V21_CORRECT_V22_WRONG,True,True,2,False,4,False,-2.2033424377441406,-1.5091464519500732,6,False,0,True,-4.35069465637207,1.274010181427002,6,False,0,True,-4.377865314483643,1.3039798736572266,2,False,4,False,-2.3756303787231445,-1.4160571098327637,6,False,0,True,-4.362729549407959,1.3455572128295898,2,False,4,False,-2.015943765640259,-1.539773941040039,2,False,4,False,-1.9801305532455444,-0.798086404800415,2,False,0,True,-1.9620063304901123,1.9799964427947998
public,772,4,Sad,V21_CORRECT_V22_WRONG,True,True,4,True,0,False,2.301529884338379,-4.350318431854248,2,False,4,True,-1.3675122261047363,2.1815009117126465,2,False,4,True,-1.1727604866027832,2.1877026557922363,4,True,0,False,2.295454263687134,-4.351423263549805,2,False,4,True,-1.3373324871063232,2.198542594909668,4,True,0,False,2.316483974456787,-4.184615135192871,4,True,0,False,3.470125198364258,-4.432108402252197,2,False,2,False,-3.691126823425293,-4.258997440338135
public,780,4,Sad,V21_CORRECT_V22_WRONG,True,True,4,True,0,False,0.2006906270980835,-0.23953723907470703,3,False,4,True,-3.715327024459839,4.716307163238525,3,False,4,True,-3.599008798599243,4.70831823348999,4,True,0,False,0.1502385139465332,-0.21810269355773926,3,False,4,True,-3.5878281593322754,4.704893112182617,4,True,0,False,0.5030838847160339,-0.25490736961364746,2,False,0,False,-2.043757677078247,-0.11178326606750488,5,False,0,False,-0.27735424041748047,-2.439485549926758
public,805,3,Happy,V22_CORRECT_V21_WRONG,True,True,3,True,3,True,1.507977843284607,1.6225507259368896,3,True,6,False,1.8309303522109985,-1.802361249923706,3,True,6,False,1.4613693952560425,-1.6847108602523804,3,True,3,True,1.410509467124939,1.6348226070404053,3,True,6,False,1.7803077697753906,-1.7316020727157593,3,True,3,True,1.5624735355377197,1.7331132888793945,3,True,3,True,2.0633792877197266,1.17049241065979,3,True,3,True,0.701317310333252,3.8813395500183105
public,833,5,Surprise,V21_CORRECT_V22_WRONG,True,True,4,False,0,False,-4.267983913421631,-0.8937473297119141,4,False,5,True,-3.8508658409118652,1.9394358396530151,4,False,5,True,-3.926940679550171,1.64962899684906,4,False,0,False,-4.253560543060303,-0.9479823708534241,4,False,5,True,-3.8524062633514404,1.7013423442840576,4,False,0,False,-4.213490962982178,-1.085632562637329,4,False,4,False,-4.207492351531982,-1.7023009061813354,2,False,3,False,-4.921019554138184,-2.0327553749084473
public,834,2,Fear,V22_CORRECT_V21_WRONG,True,True,5,False,0,False,-1.5774266719818115,-0.5200333595275879,2,True,0,False,0.4783506393432617,-2.725571632385254,2,True,0,False,0.5771336555480957,-2.6342523097991943,5,False,0,False,-1.955130696296692,-0.47729384899139404,2,True,0,False,0.3483922481536865,-2.6780929565429688,5,False,0,False,-1.8329498767852783,-0.5676133632659912,5,False,0,False,-2.5394251346588135,-0.39546722173690796,5,False,0,False,-0.6482515335083008,-1.1518268585205078
public,836,6,Neutral,V21_CORRECT_V22_WRONG,True,True,0,False,0,False,-2.150357246398926,-3.912074565887451,4,False,6,True,-1.6913237571716309,2.1453163623809814,4,False,6,True,-1.7439639568328857,2.2876665592193604,0,False,0,False,-2.165205240249634,-4.027846336364746,4,False,6,True,-1.8055298328399658,2.1918458938598633,0,False,0,False,-1.8966336250305176,-4.16537618637085,0,False,0,False,-2.6134724617004395,-1.702614665031433,6,True,3,False,2.487732410430908,-2.3597638607025146
public,844,4,Sad,V21_CORRECT_V22_WRONG,True,True,4,True,0,False,2.4327988624572754,-0.17298924922943115,6,False,4,True,-4.710455894470215,0.9301631450653076,6,False,4,True,-4.667665004730225,1.0588105916976929,4,True,0,False,2.2972540855407715,-0.2262115478515625,6,False,4,True,-4.700333595275879,0.896765947341919,4,True,0,False,2.2939505577087402,-0.3584650754928589,4,True,4,True,2.4152355194091797,0.49715733528137207,4,True,0,False,0.8601477146148682,-2.7277708053588867
public,847,6,Neutral,V22_CORRECT_V21_WRONG,True,True,6,True,4,False,1.1327531337738037,-3.9813051223754883,6,True,4,False,0.9614171981811523,-1.9222522974014282,6,True,4,False,1.1263432502746582,-1.9059439897537231,6,True,4,False,1.226768136024475,-3.9763026237487793,6,True,4,False,0.8847835063934326,-1.9344028234481812,6,True,4,False,0.4206552505493164,-3.892469644546509,6,True,4,False,1.2954342365264893,-4.35132360458374,4,False,4,False,-2.5383450984954834,-1.1613562107086182
public,850,6,Neutral,V21_CORRECT_V22_WRONG,True,True,6,True,2,False,3.0620477199554443,-0.513171374797821,4,False,6,True,-1.517334222793579,2.9626011848449707,4,False,6,True,-1.2834858894348145,3.074578046798706,6,True,2,False,2.9791100025177,-0.47534412145614624,4,False,6,True,-1.4458712339401245,2.938521385192871,6,True,2,False,3.071038246154785,-0.7719060778617859,6,True,6,True,3.343579053878784,0.7968403697013855,6,True,6,True,3.460862398147583,0.41805994510650635
public,858,2,Fear,V21_CORRECT_V22_WRONG,True,True,6,False,6,False,-0.9344713687896729,-1.0879480838775635,6,False,2,True,-1.6897027492523193,0.08712983131408691,6,False,2,True,-1.6488821506500244,0.17399704456329346,6,False,6,False,-0.8226475715637207,-1.1283552646636963,6,False,2,True,-1.638059139251709,0.0745389461517334,6,False,6,False,-0.9833122491836548,-1.258965015411377,6,False,6,False,-1.4253411293029785,-0.6381059885025024,6,False,6,False,-4.415534496307373,-0.38850975036621094
public,867,4,Sad,V21_CORRECT_V22_WRONG,True,True,4,True,1,False,0.6479009389877319,-3.261125326156616,0,False,4,True,-3.4161367416381836,1.6194422245025635,0,False,4,True,-3.5102267265319824,1.5574431419372559,4,True,1,False,1.1129686832427979,-3.2935776710510254,0,False,4,True,-3.4322967529296875,1.5957958698272705,4,True,1,False,1.0377745628356934,-3.334901809692383,4,True,1,False,0.6364282369613647,-3.6328203678131104,4,True,4,True,0.957122802734375,1.6132028102874756
public,874,4,Sad,V21_CORRECT_V22_WRONG,True,True,4,True,4,True,0.2838871479034424,1.4739142656326294,6,False,4,True,-2.513029098510742,1.098375678062439,6,False,4,True,-2.5846076011657715,1.1785449981689453,4,True,4,True,0.0819094181060791,1.4495896100997925,6,False,4,True,-2.5099575519561768,1.1150399446487427,4,True,4,True,0.10923266410827637,1.3804354667663574,4,True,4,True,0.9946407079696655,1.471686601638794,4,True,4,True,2.830300807952881,1.1355684995651245
public,876,4,Sad,V21_CORRECT_V22_WRONG,True,True,4,True,3,False,1.8708126544952393,-0.9097858667373657,6,False,4,True,-0.4501941204071045,4.551383972167969,6,False,4,True,-0.43129992485046387,4.535635471343994,4,True,3,False,1.8213605880737305,-0.8726183176040649,6,False,4,True,-0.527935266494751,4.5493855476379395,4,True,3,False,1.8353626728057861,-0.9006022214889526,4,True,3,False,2.4415547847747803,-0.796416163444519,6,False,6,False,-3.994079351425171,-3.058589458465576
public,892,6,Neutral,V21_CORRECT_V22_WRONG,True,True,6,True,6,True,3.3685507774353027,2.156069755554199,4,False,6,True,-2.30647873878479,3.443911075592041,4,False,6,True,-2.0315473079681396,3.4233322143554688,6,True,6,True,3.3406591415405273,2.19242000579834,4,False,6,True,-2.1685807704925537,3.461690902709961,6,True,6,True,3.3269143104553223,2.295314311981201,6,True,6,True,3.1651461124420166,3.2952475547790527,6,True,3,False,4.2582573890686035,-4.046730041503906
public,899,6,Neutral,V22_CORRECT_V21_WRONG,True,True,6,True,0,False,2.5143179893493652,-4.746595859527588,6,True,4,False,3.866626262664795,-2.398460865020752,6,True,4,False,3.8281569480895996,-2.2201435565948486,6,True,0,False,2.356416702270508,-4.691283702850342,6,True,4,False,3.829624652862549,-2.2912933826446533,6,True,0,False,2.8341329097747803,-4.504034519195557,6,True,0,False,2.6035144329071045,-4.922057151794434,6,True,0,False,4.12589168548584,-1.2693167924880981
public,902,2,Fear,V21_CORRECT_V22_WRONG,True,True,5,False,2,True,-3.998464584350586,1.251281976699829,5,False,2,True,-4.973008155822754,1.0184564590454102,5,False,2,True,-5.063261985778809,1.2345657348632812,5,False,2,True,-3.9698972702026367,1.2257119417190552,5,False,2,True,-4.965843200683594,1.0557479858398438,5,False,2,True,-3.971055030822754,1.318407416343689,5,False,2,True,-3.9444921016693115,1.9653271436691284,5,False,6,False,-1.7994500398635864,-1.9087674617767334
public,915,6,Neutral,V21_CORRECT_V22_WRONG,True,True,4,False,6,True,-4.8423333168029785,1.001662254333496,3,False,6,True,-4.535390853881836,3.1533944606781006,3,False,6,True,-4.455763816833496,3.115753412246704,4,False,6,True,-4.8523850440979,1.1109817028045654,3,False,6,True,-4.605170249938965,3.099544048309326,4,False,6,True,-4.896822452545166,1.0103471279144287,4,False,6,True,-4.959402084350586,1.1286609172821045,4,False,6,True,-4.918313980102539,0.2030024528503418
public,919,4,Sad,V21_CORRECT_V22_WRONG,True,True,6,False,4,True,-2.155184507369995,3.2645106315612793,6,False,4,True,-2.6425294876098633,1.1532396078109741,6,False,4,True,-2.737544298171997,1.14683997631073,6,False,4,True,-2.1056437492370605,3.2782201766967773,6,False,4,True,-2.6284594535827637,1.1416665315628052,6,False,4,True,-1.9187796115875244,3.2232165336608887,6,False,4,True,-1.0006297826766968,2.8097589015960693,6,False,4,True,-3.4775569438934326,2.657576084136963
public,927,6,Neutral,V21_CORRECT_V22_WRONG,True,True,4,False,4,False,-4.2354512214660645,-4.099509239196777,4,False,6,True,-3.868232488632202,1.50017511844635,4,False,6,True,-3.930539131164551,1.2705934047698975,4,False,4,False,-4.355253219604492,-4.060088157653809,4,False,6,True,-3.8730146884918213,1.556473731994629,4,False,4,False,-4.272585868835449,-3.939221143722534,4,False,4,False,-5.1704301834106445,-3.819463014602661,1,False,4,False,-4.303455352783203,-1.8152378797531128
public,932,5,Surprise,V21_CORRECT_V22_WRONG,True,True,5,True,4,False,3.6676158905029297,-3.264092445373535,2,False,5,True,-4.621189117431641,3.7821707725524902,2,False,5,True,-4.675656318664551,3.7337164878845215,5,True,4,False,3.6648359298706055,-3.2303028106689453,2,False,5,True,-4.618073463439941,3.754464626312256,5,True,2,False,3.6545937061309814,-3.4595274925231934,5,True,4,False,3.4265429973602295,-3.8729593753814697,6,False,2,False,-3.3329873085021973,-2.8478763103485107
public,934,3,Happy,V21_CORRECT_V22_WRONG,True,False,4,False,0,False,-1.9916083812713623,-0.7113916873931885,4,False,3,True,-3.562744617462158,1.4966847896575928,4,False,3,True,-3.3490610122680664,1.2467129230499268,4,False,0,False,-1.789704442024231,-0.7336183786392212,4,False,3,True,-3.561919689178467,1.5182304382324219,4,False,0,False,-2.071964740753174,-0.5101171731948853,4,False,0,False,-2.212358236312866,-1.148620367050171,3,True,0,False,3.2681543827056885,-2.4546923637390137
public,939,3,Happy,V22_CORRECT_V21_WRONG,True,True,3,True,4,False,4.330595970153809,-3.4557199478149414,3,True,5,False,3.734968900680542,-0.11950874328613281,3,True,5,False,3.780245780944824,-0.25481581687927246,3,True,4,False,4.298116683959961,-3.456082344055176,3,True,5,False,3.7152814865112305,-0.002504587173461914,3,True,4,False,4.427896499633789,-3.432039499282837,3,True,4,False,4.5330586433410645,-3.22582745552063,3,True,2,False,4.368289947509766,-3.908900260925293
public,944,0,Angry,V21_CORRECT_V22_WRONG,True,True,0,True,4,False,3.307061195373535,-2.599170207977295,6,False,0,True,-3.2265546321868896,0.3317422866821289,6,False,0,True,-3.3400309085845947,0.4242132902145386,0,True,4,False,3.2597172260284424,-2.574578285217285,6,False,0,True,-3.1926627159118652,0.3353416919708252,0,True,4,False,3.4440886974334717,-2.59676456451416,0,True,4,False,2.5312743186950684,-2.4431378841400146,1,False,4,False,-2.6326189041137695,-3.5508344173431396
public,945,4,Sad,V21_CORRECT_V22_WRONG,True,True,4,True,4,True,0.06770455837249756,0.15673208236694336,2,False,4,True,-1.6027438640594482,1.1614282131195068,2,False,4,True,-1.536449670791626,1.1493748426437378,4,True,4,True,0.8093690872192383,0.1112058162689209,2,False,4,True,-1.6470682621002197,1.151587724685669,4,True,2,False,0.5355459451675415,-0.09633302688598633,4,True,4,True,0.6731083393096924,0.00671076774597168,4,True,2,False,2.4251511096954346,-0.649654746055603
public,947,6,Neutral,V21_CORRECT_V22_WRONG,True,True,0,False,6,True,-5.552217483520508,0.5194195508956909,4,False,6,True,-4.83883810043335,0.8105485439300537,4,False,6,True,-4.9195380210876465,0.7287237644195557,0,False,6,True,-5.555108070373535,0.3909609317779541,4,False,6,True,-4.8325676918029785,0.8214106559753418,0,False,6,True,-5.547857284545898,0.23324084281921387,0,False,6,True,-5.5363969802856445,1.2533624172210693,2,False,4,False,-3.9240050315856934,-4.288013458251953
public,967,2,Fear,V22_CORRECT_V21_WRONG,True,True,5,False,5,False,-1.4921586513519287,-0.7105538845062256,2,True,5,False,3.3981740474700928,-0.5614855289459229,2,True,5,False,3.2929508686065674,-0.5752468109130859,5,False,5,False,-1.6689274311065674,-0.7163486480712891,2,True,5,False,3.437748432159424,-0.550361156463623,5,False,5,False,-1.8458271026611328,-0.7217254638671875,5,False,2,True,-1.9028053283691406,0.19440603256225586,2,True,2,True,0.14719748497009277,2.062617778778076
public,974,6,Neutral,V21_CORRECT_V22_WRONG,True,True,6,True,6,True,2.228182315826416,3.0811595916748047,4,False,6,True,-2.053687810897827,3.658334493637085,4,False,6,True,-2.084378242492676,3.662086009979248,6,True,6,True,2.179361343383789,3.104140520095825,4,False,6,True,-2.0913825035095215,3.6572206020355225,6,True,6,True,2.400050640106201,3.08884859085083,6,True,6,True,1.6448206901550293,3.4134554862976074,6,True,6,True,2.7726378440856934,2.237056016921997
public,978,4,Sad,V22_CORRECT_V21_WRONG,True,True,3,False,4,True,-0.8187608122825623,1.163098692893982,4,True,3,False,0.7849916815757751,-2.7309560775756836,4,True,3,False,0.7057472467422485,-2.797400951385498,3,False,4,True,-0.7803845405578613,1.2827696800231934,4,True,3,False,0.7394798398017883,-2.8350634574890137,3,False,4,True,-1.204376459121704,0.8962368965148926,3,False,4,True,-3.2612249851226807,1.081882119178772,3,False,6,False,-1.4678144454956055,-1.5269837379455566
public,983,4,Sad,V22_CORRECT_V21_WRONG,True,True,0,False,4,True,-3.4735522270202637,3.7572121620178223,4,True,6,False,1.987065315246582,-3.5351386070251465,4,True,6,False,1.930478572845459,-3.593994617462158,0,False,4,True,-3.384213447570801,3.746044397354126,4,True,6,False,1.9135735034942627,-3.5693962574005127,0,False,4,True,-3.4696593284606934,3.7130467891693115,0,False,4,True,-2.7958905696868896,3.927450180053711,0,False,6,False,-2.192312240600586,-0.8321573734283447
public,984,4,Sad,V22_CORRECT_V21_WRONG,True,True,4,True,0,False,1.7623238563537598,-2.8515472412109375,4,True,6,False,3.778791666030884,-0.8593080639839172,4,True,6,False,4.023653507232666,-0.9352397918701172,4,True,0,False,2.070944309234619,-2.875037670135498,4,True,6,False,3.796898365020752,-0.7722330689430237,4,True,0,False,1.6274164915084839,-2.7736151218414307,4,True,0,False,0.5441421270370483,-3.249763011932373,2,False,4,True,-4.927941799163818,0.8597313165664673
public,992,2,Fear,V21_CORRECT_V22_WRONG,True,True,2,True,2,True,3.1582860946655273,0.26055002212524414,4,False,2,True,-1.7925090789794922,3.1344332695007324,4,False,2,True,-1.7638273239135742,3.1363794803619385,2,True,2,True,3.3135225772857666,0.22882699966430664,4,False,2,True,-1.5658042430877686,3.1170897483825684,2,True,2,True,3.12143611907959,0.40605390071868896,2,True,2,True,3.0210511684417725,1.7237133979797363,6,False,4,False,-4.682315826416016,-2.0679969787597656
public,996,2,Fear,V22_CORRECT_V21_WRONG,True,True,4,False,4,False,-0.4096548557281494,-1.2054795026779175,2,True,4,False,4.140233993530273,-2.9535765647888184,2,True,4,False,4.2274017333984375,-2.9755213260650635,4,False,4,False,-0.3689448833465576,-1.2182586193084717,2,True,4,False,4.140644073486328,-2.9177932739257812,4,False,4,False,-0.4349558353424072,-1.1107635498046875,4,False,4,False,-1.7326292991638184,-0.3477137088775635,2,True,4,False,0.8689830303192139,-1.8614760637283325
public,998,3,Happy,V21_CORRECT_V22_WRONG,True,True,4,False,3,True,-3.3929736614227295,2.362617015838623,6,False,3,True,-3.3072268962860107,3.059553384780884,4,False,3,True,-3.2308809757232666,3.073640823364258,4,False,3,True,-3.4826338291168213,2.369542121887207,6,False,3,True,-3.244969367980957,3.090247631072998,4,False,3,True,-3.375661611557007,2.4754910469055176,4,False,3,True,-4.1669921875,1.9132026433944702,2,False,3,True,-4.375088691711426,2.579965114593506
public,1001,4,Sad,V21_CORRECT_V22_WRONG,True,True,0,False,0,False,-4.339358329772949,-0.539725661277771,6,False,4,True,-2.517519474029541,1.1060999631881714,6,False,4,True,-2.51375675201416,1.2313776016235352,0,False,0,False,-4.41840124130249,-0.5793542861938477,6,False,4,True,-2.388759136199951,1.1486306190490723,0,False,0,False,-4.347870349884033,-0.7440822124481201,0,False,0,False,-3.800802230834961,-0.7748110294342041,0,False,3,False,-3.4109480381011963,-4.971905708312988
public,1002,6,Neutral,V21_CORRECT_V22_WRONG,True,True,0,False,3,False,-2.761599540710449,-4.121300220489502,3,False,6,True,-3.361764907836914,2.207033634185791,3,False,6,True,-3.55517315864563,2.2501590251922607,0,False,3,False,-2.9838881492614746,-4.112826347351074,3,False,6,True,-3.355398654937744,2.2009646892547607,0,False,3,False,-2.863172769546509,-4.200207233428955,0,False,3,False,-1.7694485187530518,-4.264194488525391,0,False,3,False,-4.290746212005615,-3.75174617767334
public,1003,2,Fear,V22_CORRECT_V21_WRONG,True,True,4,False,2,True,-2.8589372634887695,3.89125394821167,2,True,2,True,0.47957825660705566,0.23649191856384277,2,True,4,False,0.5366030931472778,-0.03580021858215332,4,False,2,True,-2.8200490474700928,3.883065700531006,2,True,2,True,0.43692564964294434,0.28897786140441895,4,False,2,True,-2.6016805171966553,3.9064462184906006,4,False,2,True,-3.1064534187316895,4.036553859710693,2,True,2,True,0.24027013778686523,3.9608449935913086
public,1006,4,Sad,V21_CORRECT_V22_WRONG,True,True,2,False,4,True,-0.11900568008422852,1.552131175994873,0,False,4,True,-1.7568618059158325,0.6209840774536133,0,False,4,True,-2.0003950595855713,0.6438558101654053,4,True,4,True,0.03844344615936279,1.5232300758361816,0,False,4,True,-1.7063082456588745,0.6277682781219482,2,False,4,True,-0.17679321765899658,1.4567073583602905,4,True,4,True,0.16702520847320557,1.6138836145401,4,True,0,False,1.8873281478881836,-0.1870572566986084
public,1012,6,Neutral,V22_CORRECT_V21_WRONG,True,True,2,False,6,True,-4.822240829467773,3.289468765258789,6,True,2,False,2.161008834838867,-4.687821388244629,6,True,2,False,2.2532827854156494,-4.693426132202148,2,False,6,True,-4.824454307556152,3.2267627716064453,6,True,2,False,2.2096755504608154,-4.705556392669678,2,False,6,True,-4.770479202270508,3.1690845489501953,2,False,6,True,-5.1513991355896,3.1742472648620605,2,False,2,False,-5.425283432006836,-2.5801901817321777
public,1022,2,Fear,V22_CORRECT_V21_WRONG,True,True,4,False,2,True,-4.693553924560547,1.349135160446167,2,True,0,False,2.9548001289367676,-2.5632081031799316,2,True,0,False,2.9852452278137207,-2.725288152694702,4,False,2,True,-4.662688732147217,1.1663037538528442,2,True,0,False,2.854656934738159,-2.54948091506958,4,False,2,True,-4.733301162719727,1.0839381217956543,4,False,2,True,-4.073653221130371,0.7386528849601746,4,False,2,True,-1.3951871395111084,2.1287686824798584
public,1031,3,Happy,V21_CORRECT_V22_WRONG,True,True,0,False,0,False,-4.418058395385742,-4.0410685539245605,0,False,3,True,-2.2087433338165283,0.6651313304901123,0,False,3,True,-1.9898782968521118,0.7063099145889282,0,False,0,False,-4.377841472625732,-4.0638227462768555,0,False,3,True,-2.130246162414551,0.5908210277557373,0,False,0,False,-4.418111324310303,-4.17838716506958,0,False,0,False,-3.0623068809509277,-4.19240140914917,2,False,0,False,-4.342151165008545,-3.960200309753418
public,1041,6,Neutral,V21_CORRECT_V22_WRONG,True,True,4,False,6,True,-2.9169697761535645,2.3679986000061035,2,False,6,True,-0.7409204244613647,1.2949316501617432,2,False,6,True,-0.771169900894165,1.3084261417388916,4,False,6,True,-2.9346892833709717,2.3980515003204346,2,False,6,True,-0.7170575857162476,1.2830148935317993,4,False,6,True,-2.7475078105926514,2.427946090698242,4,False,6,True,-3.199197292327881,2.072497844696045,4,False,6,True,-2.994208812713623,3.216169834136963
public,1047,4,Sad,V22_CORRECT_V21_WRONG,True,True,4,True,4,True,4.015125751495361,3.846041679382324,4,True,6,False,4.006962299346924,-0.3706371784210205,4,True,6,False,4.099533557891846,-0.53774094581604,4,True,4,True,4.031461238861084,3.8696084022521973,4,True,6,False,4.022761821746826,-0.3302168846130371,4,True,4,True,4.0152411460876465,3.8653221130371094,4,True,4,True,3.646369457244873,3.881930112838745,4,True,4,True,3.191119909286499,2.1729023456573486
public,1048,4,Sad,V22_CORRECT_V21_WRONG,True,True,0,False,0,False,-2.4439566135406494,-3.0972909927368164,4,True,0,False,4.244585990905762,-1.6696298122406006,4,True,0,False,4.431385040283203,-1.5520706176757812,0,False,0,False,-2.3377187252044678,-3.103861093521118,4,True,0,False,4.278374671936035,-1.712233066558838,0,False,0,False,-2.419707775115967,-2.940408229827881,0,False,0,False,-0.6773948073387146,-2.624211311340332,0,False,4,True,-3.722843885421753,0.7995061874389648
public,1049,6,Neutral,V21_CORRECT_V22_WRONG,True,True,0,False,0,False,-3.931040048599243,-1.8875402212142944,0,False,6,True,-0.6693605184555054,3.4299368858337402,0,False,6,True,-0.4550851583480835,3.430748224258423,0,False,0,False,-3.9583513736724854,-1.8282694816589355,0,False,6,True,-0.6790250539779663,3.4753057956695557,0,False,0,False,-3.7809505462646484,-2.0511155128479004,0,False,0,False,-3.4491233825683594,-1.11159348487854,4,False,4,False,-4.558191299438477,-2.7462127208709717
public,1051,6,Neutral,V21_CORRECT_V22_WRONG,True,True,4,False,3,False,-3.6343986988067627,-2.41377854347229,3,False,6,True,-3.7350432872772217,0.6361396312713623,3,False,6,True,-3.97163987159729,1.0290663242340088,4,False,3,False,-3.633770704269409,-2.455697536468506,3,False,6,True,-3.7849714756011963,0.6565005779266357,4,False,3,False,-3.6352250576019287,-2.6069767475128174,4,False,3,False,-3.639012575149536,-2.3636443614959717,4,False,6,True,-1.9208791255950928,3.93837571144104
public,1070,4,Sad,V22_CORRECT_V21_WRONG,True,True,6,False,4,True,-2.8652446269989014,2.8927571773529053,4,True,6,False,4.195092678070068,-2.4969422817230225,4,True,6,False,4.284127235412598,-2.336221933364868,6,False,4,True,-2.8126022815704346,2.9187159538269043,4,True,6,False,4.221079349517822,-2.523364543914795,6,False,4,True,-2.8798584938049316,2.757260799407959,6,False,4,True,-3.2439372539520264,3.104942560195923,6,False,4,True,-1.4930706024169922,3.0696749687194824
public,1071,4,Sad,V21_CORRECT_V22_WRONG,True,True,4,True,4,True,4.000840187072754,3.482484817504883,0,False,4,True,-1.3442705869674683,0.2577708959579468,0,False,4,True,-1.6884543895721436,0.3110997676849365,4,True,4,True,3.9654605388641357,3.4789774417877197,0,False,4,True,-1.3473525047302246,0.270611047744751,4,True,4,True,3.78751802444458,3.343623161315918,4,True,4,True,3.9603612422943115,3.767998456954956,6,False,4,True,-3.7677111625671387,0.24251413345336914
public,1072,4,Sad,V21_CORRECT_V22_WRONG,True,True,0,False,0,False,-3.837425470352173,-0.2896428108215332,0,False,4,True,-1.1909366846084595,0.13419699668884277,0,False,4,True,-1.0283938646316528,0.030399680137634277,0,False,0,False,-3.8265092372894287,-0.339763879776001,0,False,4,True,-1.155452847480774,0.10508847236633301,0,False,0,False,-3.8049023151397705,-0.11782872676849365,0,False,0,False,-3.794142961502075,-0.99298095703125,0,False,0,False,-1.7507622241973877,-1.5859086513519287
public,1078,6,Neutral,V22_CORRECT_V21_WRONG,True,True,4,False,4,False,-0.6238749027252197,-3.513089895248413,6,True,2,False,0.38279175758361816,-1.1168566942214966,6,True,2,False,0.5409371852874756,-1.0824593305587769,4,False,4,False,-0.535425066947937,-3.515018939971924,6,True,2,False,0.5579942464828491,-1.1282480955123901,4,False,4,False,-0.3187168836593628,-3.5026097297668457,4,False,4,False,-1.4613449573516846,-3.9579970836639404,4,False,6,True,-2.118471622467041,0.6445033550262451
public,1084,2,Fear,V21_CORRECT_V22_WRONG,True,True,4,False,0,False,-4.3607964515686035,-3.2079005241394043,0,False,2,True,-4.580705165863037,1.4210973978042603,0,False,2,True,-4.581374645233154,1.434185266494751,4,False,0,False,-4.358339786529541,-3.199366807937622,0,False,2,True,-4.609025478363037,1.4565174579620361,4,False,0,False,-4.412555694580078,-3.165109872817993,4,False,0,False,-4.0984649658203125,-3.1601014137268066,4,False,2,True,-3.4745779037475586,0.2984771728515625
public,1089,5,Surprise,V21_CORRECT_V22_WRONG,True,True,3,False,2,False,-4.2226033210754395,-3.4792444705963135,3,False,5,True,-3.398437023162842,1.5099693536758423,3,False,5,True,-3.2990922927856445,1.6458964347839355,3,False,2,False,-4.267629146575928,-3.4863858222961426,3,False,5,True,-3.35194730758667,1.6423041820526123,3,False,2,False,-4.346519947052002,-3.563756227493286,3,False,2,False,-4.698647975921631,-3.426453113555908,3,False,3,False,-4.198846817016602,-3.635514497756958
public,1094,5,Surprise,V22_CORRECT_V21_WRONG,True,True,5,True,0,False,2.8950483798980713,-4.677849292755127,5,True,0,False,0.11488282680511475,-2.2046165466308594,5,True,0,False,0.130376935005188,-2.275393486022949,5,True,0,False,2.9807846546173096,-4.673654079437256,5,True,0,False,0.07093644142150879,-2.27840518951416,5,True,0,False,3.1995348930358887,-4.67171573638916,5,True,0,False,2.7446346282958984,-4.752205848693848,0,False,0,False,-1.5464264154434204,-2.5705924034118652
public,1100,6,Neutral,V21_CORRECT_V22_WRONG,True,True,2,False,6,True,-5.10427188873291,2.688037872314453,0,False,6,True,-1.2763595581054688,0.3599439859390259,0,False,6,True,-1.5330207347869873,0.2404162883758545,2,False,6,True,-5.152497291564941,2.7087411880493164,0,False,6,True,-1.257941722869873,0.5172162652015686,2,False,6,True,-5.024038791656494,2.89650297164917,2,False,6,True,-5.1573076248168945,3.7462875843048096,2,False,6,True,-4.613980293273926,3.8084495067596436
public,1113,6,Neutral,V21_CORRECT_V22_WRONG,True,True,4,False,4,False,-5.596318244934082,-5.220178604125977,4,False,6,True,-4.430975437164307,2.0648694038391113,4,False,6,True,-4.651811122894287,2.058631181716919,4,False,4,False,-5.5902299880981445,-5.228840351104736,4,False,6,True,-4.5208892822265625,2.0612778663635254,4,False,4,False,-5.585061550140381,-5.177713394165039,4,False,4,False,-5.506248474121094,-5.2312846183776855,6,True,4,False,2.9570417404174805,-2.129051923751831
public,1114,5,Surprise,V21_CORRECT_V22_WRONG,True,True,0,False,5,True,-2.4739646911621094,3.711617946624756,0,False,5,True,-2.3105406761169434,3.358541488647461,0,False,5,True,-2.4010329246520996,3.427807331085205,0,False,5,True,-2.5021817684173584,3.7349417209625244,0,False,5,True,-2.3242082595825195,3.355579376220703,0,False,5,True,-2.455195188522339,3.7087769508361816,0,False,5,True,-3.0371274948120117,4.263982772827148,2,False,4,False,-5.343110084533691,-1.2809404134750366
public,1120,5,Surprise,V22_CORRECT_V21_WRONG,False,False,2,False,2,False,-4.147582530975342,-2.907757520675659,5,True,2,False,1.539324164390564,-0.31229686737060547,5,True,2,False,1.1623740196228027,-0.34189701080322266,2,False,2,False,-4.221058368682861,-2.896277666091919,5,True,2,False,1.5441192388534546,-0.27139735221862793,2,False,2,False,-4.170462608337402,-2.8619258403778076,2,False,2,False,-4.44343376159668,-2.8187263011932373,5,True,2,False,2.6400070190429688,-1.6777763366699219
public,1135,3,Happy,V22_CORRECT_V21_WRONG,True,True,2,False,0,False,-3.426853656768799,-1.534956455230713,3,True,2,False,0.20831215381622314,-0.3369401693344116,3,True,3,True,0.005762457847595215,0.023697495460510254,2,False,0,False,-3.46163272857666,-1.3633733987808228,3,True,2,False,0.07202017307281494,-0.24619543552398682,2,False,0,False,-3.4573755264282227,-1.7009451389312744,2,False,2,False,-3.2281017303466797,-2.2896008491516113,2,False,0,False,-4.128572463989258,-0.9356462359428406
public,1136,5,Surprise,V21_CORRECT_V22_WRONG,True,True,5,True,2,False,3.2401070594787598,-2.0362415313720703,2,False,5,True,-4.103360176086426,0.8793245553970337,2,False,5,True,-4.228919982910156,0.892503023147583,5,True,2,False,3.2276883125305176,-2.0502727031707764,2,False,5,True,-4.080031394958496,0.8585290908813477,5,True,2,False,3.3572027683258057,-1.921597957611084,5,True,2,False,1.9684929847717285,-1.4673633575439453,6,False,2,False,-2.8064539432525635,-1.693005919456482
public,1137,2,Fear,V21_CORRECT_V22_WRONG,True,True,2,True,0,False,3.1266865730285645,-0.7540034651756287,4,False,2,True,-3.1167287826538086,3.2074813842773438,4,False,2,True,-3.0742177963256836,3.1094183921813965,2,True,0,False,3.008042335510254,-0.7899433374404907,4,False,2,True,-3.1239469051361084,3.16892147064209,2,True,0,False,2.907524347305298,-0.4100468158721924,4,False,2,True,-0.46631920337677,1.3590127229690552,4,False,6,False,-2.6576290130615234,-3.4379379749298096
public,1148,6,Neutral,V22_CORRECT_V21_WRONG,True,True,3,False,3,False,-4.596816539764404,-3.7938804626464844,6,True,3,False,1.8759410381317139,-3.064081907272339,6,True,3,False,1.9627152681350708,-3.039708137512207,3,False,3,False,-4.600245952606201,-3.7992656230926514,6,True,3,False,1.7603408098220825,-3.064250946044922,3,False,3,False,-4.654407024383545,-3.796860694885254,3,False,3,False,-4.66717529296875,-3.016268730163574,3,False,3,False,-3.5137572288513184,-2.775799036026001
public,1157,0,Angry,V22_CORRECT_V21_WRONG,True,True,0,True,0,True,3.5015697479248047,0.5412243604660034,0,True,3,False,0.6058905124664307,-1.5016310214996338,0,True,3,False,0.673072099685669,-1.3073680400848389,0,True,0,True,3.536846399307251,0.5951626300811768,0,True,3,False,0.6798137426376343,-1.483887791633606,0,True,0,True,3.5441648960113525,0.3968759775161743,0,True,0,True,4.054384231567383,0.6532814502716064,0,True,3,False,3.7962441444396973,-2.8498189449310303
public,1174,2,Fear,V21_CORRECT_V22_WRONG,True,True,2,True,3,False,0.29052257537841797,-4.561678886413574,3,False,2,True,-5.32359504699707,1.3732640743255615,3,False,2,True,-5.3063225746154785,1.1793181896209717,2,True,3,False,0.3161327838897705,-4.576874256134033,3,False,2,True,-5.346040725708008,1.4006134271621704,3,False,3,False,-0.15956974029541016,-4.529228687286377,2,True,3,False,1.2843694686889648,-4.644030570983887,2,True,3,False,0.7670518159866333,-5.11153507232666
public,1176,6,Neutral,V21_CORRECT_V22_WRONG,True,True,4,False,4,False,-4.647078514099121,-1.2979377508163452,4,False,6,True,-3.943392753601074,1.8863770961761475,4,False,6,True,-4.10630989074707,1.9689207077026367,4,False,4,False,-4.608165264129639,-1.2108043432235718,4,False,6,True,-3.9091577529907227,1.9222278594970703,4,False,4,False,-4.562155246734619,-1.1942058801651,4,False,4,False,-4.58909797668457,-1.4531681537628174,0,False,4,False,-4.8466010093688965,-2.8944687843322754
public,1181,6,Neutral,V21_CORRECT_V22_WRONG,True,True,3,False,3,False,-4.872474670410156,-2.159071445465088,6,True,6,True,0.4188886880874634,2.059061288833618,6,True,6,True,0.20650744438171387,2.1631052494049072,3,False,3,False,-4.839925289154053,-2.1187357902526855,6,True,6,True,0.8111099004745483,2.0659425258636475,3,False,3,False,-4.869594573974609,-2.0892467498779297,3,False,3,False,-4.358499050140381,-2.2381691932678223,3,False,3,False,-3.494807243347168,-2.6263880729675293
public,1191,4,Sad,V21_CORRECT_V22_WRONG,True,True,4,True,0,False,2.14139461517334,-0.6270453929901123,3,False,4,True,-2.8630433082580566,1.3916605710983276,3,False,4,True,-2.7943172454833984,1.4398735761642456,4,True,0,False,1.9939820766448975,-0.4784886837005615,3,False,4,True,-2.8013370037078857,1.4826807975769043,4,True,0,False,2.1444332599639893,-0.43018054962158203,4,True,4,True,0.3029426336288452,0.017711162567138672,4,True,3,False,1.854906439781189,-4.1187262535095215
public,1194,3,Happy,V21_CORRECT_V22_WRONG,True,True,2,False,2,False,-1.7179529666900635,-5.006651878356934,2,False,3,True,-4.031874179840088,4.364299774169922,2,False,3,True,-4.227514743804932,4.327274322509766,2,False,2,False,-1.590693473815918,-5.017124652862549,2,False,3,True,-3.819730043411255,4.362374782562256,2,False,2,False,-0.14191222190856934,-4.9842400550842285,2,False,2,False,-3.835742712020874,-5.070834636688232,5,False,2,False,-3.338636875152588,-3.963339328765869
public,1197,2,Fear,V21_CORRECT_V22_WRONG,True,True,4,False,4,False,-2.445681571960449,-1.741708517074585,4,False,2,True,-2.8556160926818848,0.5522801876068115,4,False,2,True,-2.716123580932617,0.6221396923065186,4,False,4,False,-2.7754836082458496,-1.7728877067565918,4,False,2,True,-2.6038970947265625,0.48108863830566406,4,False,4,False,-2.8236396312713623,-1.825663685798645,4,False,2,True,-5.067349433898926,0.7071576118469238,4,False,4,False,-3.814481735229492,-1.8398536443710327
public,1200,5,Surprise,V22_CORRECT_V21_WRONG,True,True,5,True,2,False,4.700389385223389,-3.2739510536193848,5,True,2,False,2.6415915489196777,-0.6702029705047607,5,True,2,False,2.557211399078369,-0.8959007263183594,5,True,2,False,4.700511455535889,-3.33695912361145,5,True,2,False,2.609604835510254,-0.7098166942596436,5,True,2,False,4.684388637542725,-3.475590944290161,5,True,2,False,4.689793586730957,-2.7988064289093018,5,True,6,False,0.7666938304901123,-3.9432239532470703
public,1204,6,Neutral,V21_CORRECT_V22_WRONG,True,True,4,False,4,False,-5.332484245300293,-1.4937379360198975,4,False,6,True,-3.3900113105773926,1.5537405014038086,4,False,6,True,-3.326639413833618,1.6238058805465698,4,False,4,False,-5.335506439208984,-1.4066317081451416,4,False,6,True,-3.408637285232544,1.593167781829834,4,False,4,False,-5.3459272384643555,-1.272572636604309,4,False,4,False,-5.255487442016602,-0.9668287038803101,4,False,6,True,-5.206931114196777,3.410952568054199
public,1205,4,Sad,V22_CORRECT_V21_WRONG,True,True,4,True,2,False,4.351658821105957,-4.463639259338379,4,True,2,False,3.3748271465301514,-1.8756039142608643,4,True,2,False,3.0140562057495117,-1.6547483205795288,4,True,2,False,4.331118106842041,-4.447965621948242,4,True,2,False,3.300468683242798,-1.8449373245239258,4,True,2,False,4.48203706741333,-4.4909586906433105,4,True,2,False,4.1114983558654785,-4.1541032791137695,4,True,2,False,4.489051818847656,-3.7829558849334717
public,1212,6,Neutral,V21_CORRECT_V22_WRONG,True,True,6,True,3,False,1.7055035829544067,-1.5733891725540161,4,False,6,True,-1.7220672369003296,0.5534417629241943,4,False,6,True,-1.5679783821105957,0.4388035535812378,6,True,3,False,1.9121122360229492,-1.5541235208511353,4,False,6,True,-1.6953928470611572,0.5225276947021484,6,True,3,False,2.747809410095215,-1.6382102966308594,6,True,3,False,2.2613537311553955,-1.5123103857040405,6,True,3,False,3.7075586318969727,-4.197275638580322
public,1213,4,Sad,V22_CORRECT_V21_WRONG,True,True,4,True,0,False,2.066159725189209,-1.6747550964355469,4,True,2,False,2.230700969696045,-2.839348316192627,4,True,2,False,1.8693293333053589,-2.8597066402435303,4,True,0,False,2.2104156017303467,-1.6530461311340332,4,True,2,False,2.0659496784210205,-2.849306583404541,4,True,0,False,2.0714993476867676,-1.5131250619888306,4,True,4,True,1.8844367265701294,0.45065557956695557,4,True,6,False,1.2918428182601929,-4.52294921875
public,1219,6,Neutral,V22_CORRECT_V21_WRONG,True,True,6,True,6,True,3.2759957313537598,3.2130227088928223,6,True,3,False,1.9070416688919067,-1.1211553812026978,6,True,3,False,1.7933275699615479,-0.9832500219345093,6,True,6,True,3.2423574924468994,3.248166561126709,6,True,3,False,1.8373498916625977,-1.1468932628631592,6,True,6,True,3.3117313385009766,3.0803322792053223,6,True,6,True,1.9990618228912354,3.4997143745422363,4,False,6,True,-1.5496450662612915,3.270707607269287
public,1224,0,Angry,V22_CORRECT_V21_WRONG,True,True,0,True,0,True,4.1051025390625,3.4205214977264404,0,True,2,False,0.648295521736145,-0.21349382400512695,0,True,2,False,0.39710521697998047,-0.13729381561279297,0,True,0,True,3.905100107192993,3.428337574005127,0,True,2,False,0.6965897083282471,-0.17491364479064941,0,True,0,True,3.8399014472961426,3.35709285736084,0,True,0,True,4.018228530883789,3.4473748207092285,0,True,0,True,0.373043417930603,2.9822463989257812
public,1225,3,Happy,V21_CORRECT_V22_WRONG,True,True,3,True,3,True,3.5916457176208496,3.8275763988494873,2,False,3,True,-3.647629737854004,2.222182273864746,2,False,3,True,-3.2223219871520996,2.199087142944336,3,True,3,True,3.504889965057373,3.8287720680236816,2,False,3,True,-3.658367156982422,2.2764835357666016,3,True,3,True,3.624009132385254,3.7582876682281494,3,True,3,True,3.042377233505249,3.50644588470459,6,False,3,True,-4.8869709968566895,4.275805950164795
public,1239,6,Neutral,V22_CORRECT_V21_WRONG,True,True,6,True,0,False,2.768110513687134,-2.83081316947937,6,True,0,False,3.472891330718994,-0.3351844549179077,6,True,3,False,3.494149923324585,-0.07377099990844727,6,True,0,False,2.999145984649658,-2.8703198432922363,6,True,0,False,3.5179266929626465,-0.3360963463783264,6,True,0,False,2.8599510192871094,-2.9997191429138184,6,True,0,False,2.0399489402770996,-2.465400218963623,2,False,3,False,-4.6524338722229,-0.8860476016998291
public,1245,5,Surprise,V21_CORRECT_V22_WRONG,True,True,3,False,5,True,-3.6088857650756836,1.7118414640426636,3,False,5,True,-0.20941925048828125,3.458333969116211,3,False,5,True,-0.12352204322814941,3.453155279159546,3,False,5,True,-3.6130642890930176,1.6856237649917603,3,False,5,True,-0.16610383987426758,3.4440224170684814,3,False,5,True,-3.5997555255889893,1.7027798891067505,3,False,5,True,-3.3726682662963867,2.21950626373291,3,False,3,False,-1.2845823764801025,-1.717278242111206
public,1253,0,Angry,V21_CORRECT_V22_WRONG,True,True,1,False,0,True,-3.2484028339385986,3.141080141067505,2,False,0,True,-1.3707910776138306,0.9624044895172119,2,False,0,True,-1.0367363691329956,1.1487817764282227,1,False,0,True,-3.1670608520507812,3.128591537475586,2,False,0,True,-1.2390936613082886,0.9568120241165161,1,False,0,True,-3.2703330516815186,2.9812471866607666,5,False,0,True,-3.8855366706848145,3.9114930629730225,0,True,2,False,2.444000482559204,-0.34345102310180664
public,1256,3,Happy,V21_CORRECT_V22_WRONG,True,True,3,True,0,False,0.5015745162963867,-2.7899651527404785,5,False,3,True,-2.248051404953003,3.0267813205718994,5,False,3,True,-2.26933217048645,3.0360641479492188,3,True,0,False,0.48313021659851074,-2.814004898071289,5,False,3,True,-2.163336753845215,2.9820899963378906,3,True,0,False,0.4804966449737549,-2.7690672874450684,3,True,0,False,1.6961214542388916,-2.5102322101593018,0,False,2,False,-0.24297559261322021,-3.3574635982513428
public,1263,4,Sad,V21_CORRECT_V22_WRONG,True,True,4,True,6,False,0.07073974609375,-0.5503144264221191,2,False,4,True,-0.9239850640296936,0.17523598670959473,2,False,6,False,-1.0073819160461426,-0.0647726058959961,2,False,6,False,-0.04805493354797363,-0.6421319246292114,2,False,4,True,-0.9159483313560486,0.031821370124816895,2,False,6,False,-0.1057138442993164,-0.643165111541748,2,False,6,False,-0.6798250675201416,-1.5084290504455566,0,False,3,False,-1.3163220882415771,-2.9027905464172363
public,1271,0,Angry,V22_CORRECT_V21_WRONG,True,True,0,True,0,True,0.14084875583648682,3.614656686782837,0,True,6,False,2.191324472427368,-5.001529693603516,0,True,6,False,2.4307007789611816,-4.915532112121582,0,True,0,True,0.45892298221588135,3.6107113361358643,0,True,6,False,2.7007980346679688,-4.979514122009277,0,True,0,True,0.5568991899490356,3.602053165435791,6,False,0,True,-0.11865723133087158,4.041033744812012,6,False,0,True,-4.483073711395264,2.475564956665039
public,1277,4,Sad,V21_CORRECT_V22_WRONG,True,True,4,True,4,True,1.1985113620758057,1.7917135953903198,6,False,4,True,-4.08933162689209,2.6270015239715576,6,False,4,True,-4.113773822784424,2.776177167892456,4,True,4,True,0.9423623085021973,1.8701801300048828,6,False,4,True,-4.1636457443237305,2.6333119869232178,4,True,4,True,0.2860703468322754,1.6850513219833374,4,True,4,True,1.8368232250213623,2.25166916847229,2,False,4,True,-2.9480626583099365,1.8144199848175049
public,1279,3,Happy,V21_CORRECT_V22_WRONG,True,True,6,False,3,True,-2.6891255378723145,2.0655293464660645,6,False,3,True,-3.0217318534851074,0.6441874504089355,6,False,3,True,-2.909712314605713,0.5978457927703857,6,False,3,True,-2.648599147796631,2.0733261108398438,6,False,3,True,-3.0317864418029785,0.7284293174743652,6,False,3,True,-2.549717903137207,2.403162717819214,6,False,3,True,-2.714526414871216,1.3782382011413574,6,False,3,True,-2.8011512756347656,3.1535210609436035
public,1281,2,Fear,V21_CORRECT_V22_WRONG,True,True,2,True,2,True,1.3048762083053589,0.29094791412353516,3,False,2,True,-0.3711892366409302,4.024084568023682,3,False,2,True,-0.04420888423919678,4.042114734649658,2,True,2,True,1.4931262731552124,0.34626173973083496,3,False,2,True,-0.5167474746704102,4.019871711730957,2,True,2,True,1.1735132932662964,1.0067322254180908,2,True,5,False,2.2288763523101807,-0.5603159666061401,2,True,6,False,2.8664474487304688,-0.8242250084877014
public,1284,3,Happy,V22_CORRECT_V21_WRONG,True,True,3,True,3,True,4.510415554046631,2.0397109985351562,3,True,4,False,3.9700541496276855,-4.440739631652832,3,True,4,False,4.021091461181641,-4.437158584594727,3,True,3,True,4.499770641326904,2.055823564529419,3,True,4,False,3.9415924549102783,-4.443655014038086,3,True,3,True,4.477476119995117,2.0996549129486084,3,True,3,True,4.588694095611572,2.771881103515625,3,True,3,True,3.272894859313965,2.634894847869873
public,1289,4,Sad,V22_CORRECT_V21_WRONG,True,True,0,False,6,False,-4.507002353668213,-0.5097991228103638,4,True,0,False,0.23374807834625244,-1.2419383525848389,4,True,0,False,0.22103261947631836,-1.1571496725082397,0,False,6,False,-4.4969987869262695,-0.4378281831741333,4,True,0,False,0.16987240314483643,-1.2176629304885864,0,False,6,False,-4.526493549346924,-0.3705573081970215,0,False,6,False,-4.5516557693481445,-0.318578839302063,0,False,0,False,-4.805185317993164,-1.7051365375518799
public,1291,4,Sad,V22_CORRECT_V21_WRONG,True,True,4,True,2,False,1.378727674484253,-2.564361572265625,4,True,2,False,2.2080254554748535,-0.731499433517456,4,True,2,False,1.9953269958496094,-0.748420000076294,4,True,2,False,1.4252501726150513,-2.6019978523254395,4,True,2,False,2.208451271057129,-0.7039293050765991,4,True,2,False,1.4111013412475586,-2.711407423019409,4,True,2,False,1.5260084867477417,-1.9776651859283447,4,True,2,False,0.8902790546417236,-2.550489664077759
public,1300,0,Angry,V22_CORRECT_V21_WRONG,True,True,0,True,3,False,3.7463982105255127,-3.2967686653137207,0,True,3,False,1.5896644592285156,-3.697730302810669,0,True,3,False,1.5614230632781982,-3.692014217376709,0,True,3,False,3.8713932037353516,-3.271078109741211,0,True,3,False,1.5620088577270508,-3.7384755611419678,0,True,3,False,4.040445804595947,-3.244251012802124,0,True,3,False,4.069068908691406,-2.5038411617279053,6,False,4,False,-5.927082061767578,-2.016148567199707
public,1316,4,Sad,V22_CORRECT_V21_WRONG,True,True,4,True,0,False,2.3059117794036865,-4.4711503982543945,4,True,2,False,1.5379865169525146,-1.056549072265625,4,True,2,False,1.6280438899993896,-1.0393617153167725,4,True,0,False,2.356163740158081,-4.476748943328857,4,True,2,False,1.4845165014266968,-1.121550440788269,4,True,0,False,2.3636035919189453,-4.498647212982178,4,True,0,False,2.983295440673828,-4.334779739379883,2,False,0,False,-1.076138973236084,-1.6495420932769775
public,1318,2,Fear,V22_CORRECT_V21_WRONG,True,True,4,False,3,False,-0.721066951751709,-3.7577903270721436,2,True,3,False,0.9008257389068604,-0.8604056239128113,2,True,3,False,0.9957289695739746,-0.4579726457595825,4,False,3,False,-0.6776454448699951,-3.784494638442993,2,True,3,False,0.8498858213424683,-0.8611823320388794,4,False,3,False,-0.5760195255279541,-3.816622734069824,4,False,3,False,-0.6882128715515137,-3.7147655487060547,4,False,3,False,-3.6409096717834473,-4.733486652374268
public,1319,0,Angry,V22_CORRECT_V21_WRONG,True,True,3,False,0,True,-2.341437339782715,1.7781963348388672,0,True,1,False,3.7122714519500732,-0.9677736759185791,0,True,1,False,3.736635446548462,-1.2227476835250854,3,False,0,True,-2.5225512981414795,1.7595338821411133,0,True,1,False,3.6962320804595947,-1.0559041500091553,3,False,0,True,-2.5667829513549805,1.9651365280151367,3,False,0,True,-2.6335387229919434,2.8219966888427734,2,False,3,False,-3.3417551517486572,-2.103074789047241
public,1323,4,Sad,V21_CORRECT_V22_WRONG,True,True,0,False,4,True,-1.594618558883667,1.5030927658081055,2,False,4,True,-0.5231781005859375,0.8966308832168579,2,False,4,True,-0.3263373374938965,1.1476190090179443,0,False,4,True,-1.6854979991912842,1.5199209451675415,2,False,4,True,-0.4089782238006592,0.9005640149116516,0,False,4,True,-1.7421215772628784,1.2684881687164307,0,False,4,True,-1.4977309703826904,0.39141154289245605,4,True,4,True,1.595179557800293,1.1355595588684082
public,1332,6,Neutral,V21_CORRECT_V22_WRONG,True,True,4,False,0,False,-1.2386128902435303,-1.5257962942123413,4,False,6,True,-2.04891037940979,1.1017929315567017,4,False,6,True,-1.8550941944122314,1.057747721672058,4,False,0,False,-1.224480390548706,-1.5099151134490967,4,False,6,True,-2.025635242462158,1.116939902305603,4,False,0,False,-1.4738473892211914,-1.4175596237182617,6,True,6,True,0.9805161952972412,1.0989214181900024,6,True,3,False,2.7598628997802734,-3.7738161087036133
public,1335,6,Neutral,V22_CORRECT_V21_WRONG,True,True,4,False,4,False,-2.0341358184814453,-1.3080511093139648,6,True,4,False,0.6361902952194214,-0.8155688047409058,6,True,4,False,0.5907005071640015,-0.800145149230957,4,False,4,False,-2.0527071952819824,-1.2793269157409668,6,True,4,False,0.5950510501861572,-0.7929881811141968,4,False,4,False,-1.9526251554489136,-1.160905361175537,4,False,0,False,-2.3807811737060547,-1.0125617980957031,0,False,6,True,-5.343597412109375,2.511894941329956
public,1338,0,Angry,V21_CORRECT_V22_WRONG,True,True,0,True,4,False,2.729090690612793,-1.8556289672851562,4,False,0,True,-1.8297758102416992,0.441747784614563,4,False,0,True,-1.5921647548675537,0.3930952548980713,0,True,4,False,2.6894540786743164,-1.7400814294815063,4,False,0,True,-1.934295415878296,0.35598576068878174,0,True,4,False,2.776728868484497,-1.59187912940979,0,True,4,False,0.7493860721588135,-1.1804072856903076,0,True,4,False,4.5272016525268555,-2.786452531814575
public,1343,3,Happy,V22_CORRECT_V21_WRONG,True,True,6,False,3,True,-4.296990871429443,0.9495974779129028,3,True,6,False,1.8586819171905518,-1.6444257497787476,3,True,6,False,1.7989931106567383,-1.7672924995422363,6,False,3,True,-4.269796371459961,0.8843008279800415,3,True,6,False,1.8870965242385864,-1.6314843893051147,6,False,3,True,-4.233977794647217,1.0415650606155396,6,False,3,True,-4.533229827880859,0.994977593421936,6,False,3,True,-3.344261646270752,1.4090850353240967
public,1352,3,Happy,V22_CORRECT_V21_WRONG,True,True,3,True,4,False,4.30008602142334,-1.395121693611145,3,True,6,False,3.4826457500457764,-2.782756805419922,3,True,6,False,3.4816648960113525,-2.924158811569214,3,True,4,False,4.388227462768555,-1.3707820177078247,3,True,6,False,3.362173080444336,-2.7982289791107178,3,True,4,False,4.21747350692749,-1.2094217538833618,3,True,4,False,4.6216816902160645,-2.9543347358703613,3,True,3,True,2.013951539993286,4.691994667053223
public,1357,0,Angry,V21_CORRECT_V22_WRONG,True,True,2,False,0,True,-0.89398592710495,3.8669142723083496,2,False,0,True,-1.8589736223220825,0.5728746652603149,2,False,0,True,-1.967393398284912,0.8538104295730591,2,False,0,True,-1.2043507099151611,3.959367513656616,2,False,0,True,-1.9669773578643799,0.576384425163269,2,False,0,True,-0.9258101582527161,3.6769356727600098,0,True,0,True,0.8870598077774048,3.4566776752471924,2,False,4,False,-0.7399029731750488,-4.641918182373047
public,1361,2,Fear,V22_CORRECT_V21_WRONG,True,True,4,False,6,False,-2.1067049503326416,-2.318162441253662,2,True,5,False,1.2929127216339111,-1.0043820142745972,2,True,5,False,0.3824089765548706,-1.1480633020401,4,False,6,False,-2.1620824337005615,-2.223365306854248,2,True,5,False,1.16074800491333,-1.0663318634033203,4,False,6,False,-1.8294408321380615,-2.3235278129577637,4,False,6,False,-1.5597858428955078,-3.723325729370117,6,False,6,False,-2.302628755569458,-3.4234883785247803
public,1369,2,Fear,V22_CORRECT_V21_WRONG,True,True,0,False,5,False,-1.4564425945281982,-0.9783413410186768,2,True,5,False,0.279879093170166,-2.4162797927856445,2,True,5,False,0.9945812225341797,-2.451678991317749,0,False,5,False,-1.2555291652679443,-0.9653676748275757,2,True,5,False,0.2974381446838379,-2.420612335205078,0,False,5,False,-2.185079574584961,-0.9670439958572388,0,False,5,False,-3.0903983116149902,-0.6513395309448242,6,False,2,True,-6.011884689331055,1.396989107131958
public,1375,2,Fear,V22_CORRECT_V21_WRONG,True,True,4,False,2,True,-2.9223852157592773,0.3127152919769287,2,True,4,False,0.5643584728240967,-1.2629849910736084,2,True,4,False,0.44090473651885986,-1.3869104385375977,4,False,2,True,-3.046156883239746,0.26277637481689453,2,True,4,False,0.5083456039428711,-1.298136830329895,4,False,2,True,-3.3339650630950928,0.261371374130249,4,False,4,False,-3.2252135276794434,-0.5404777526855469,4,False,4,False,-1.0132031440734863,-1.7988778352737427
public,1379,4,Sad,V22_CORRECT_V21_WRONG,True,True,2,False,4,True,-2.586019515991211,2.391965866088867,4,True,0,False,2.1135799884796143,-3.5352163314819336,4,True,0,False,2.009457588195801,-3.5442426204681396,2,False,4,True,-2.624176263809204,2.436582326889038,4,True,0,False,2.147242784500122,-3.5139355659484863,2,False,4,True,-2.5925397872924805,2.383474349975586,0,False,4,True,-2.830751895904541,2.497769355773926,0,False,4,True,-3.5527398586273193,2.0644097328186035
public,1385,4,Sad,V22_CORRECT_V21_WRONG,True,True,4,True,2,False,1.2404943704605103,-1.7991368770599365,4,True,2,False,4.294740676879883,-3.5378034114837646,4,True,2,False,4.373773097991943,-3.430379867553711,4,True,2,False,1.2234320640563965,-1.774041771888733,4,True,2,False,4.2596235275268555,-3.5327932834625244,4,True,2,False,2.0045273303985596,-1.9449844360351562,5,False,2,False,-0.06121647357940674,-1.194706678390503,5,False,2,False,-1.8103976249694824,-1.5936360359191895
public,1387,6,Neutral,V22_CORRECT_V21_WRONG,True,True,3,False,3,False,-4.619101524353027,-0.059597015380859375,6,True,3,False,3.0346312522888184,-3.21578311920166,6,True,3,False,3.0722134113311768,-3.0953691005706787,3,False,3,False,-4.623834609985352,-0.13072919845581055,6,True,3,False,3.020469903945923,-3.2084503173828125,3,False,3,False,-4.639244556427002,-0.40690457820892334,3,False,6,True,-4.507104396820068,1.312254786491394,3,False,3,False,-4.921071529388428,-2.727870464324951
public,1394,6,Neutral,V21_CORRECT_V22_WRONG,True,True,6,True,6,True,3.500279188156128,1.5378023386001587,3,False,6,True,-0.4251835346221924,1.7978850603103638,3,False,6,True,-0.4257469177246094,1.8406420946121216,6,True,6,True,3.4568328857421875,1.5676437616348267,3,False,6,True,-0.5337607860565186,1.822914958000183,6,True,6,True,3.344287157058716,1.4562538862228394,6,True,6,True,3.888059616088867,1.4908732175827026,6,True,6,True,3.7413947582244873,1.490265965461731
public,1398,3,Happy,V21_CORRECT_V22_WRONG,True,True,3,True,3,True,4.667272567749023,2.4853856563568115,0,False,3,True,-1.8046422004699707,4.438011169433594,0,False,3,True,-1.194032907485962,4.445898056030273,3,True,3,True,4.666522979736328,2.431551694869995,0,False,3,True,-1.65134596824646,4.439107894897461,3,True,3,True,4.643054962158203,2.4074769020080566,3,True,3,True,4.717015266418457,0.7662978172302246,3,True,3,True,4.703713417053223,4.096489906311035
public,1414,4,Sad,V22_CORRECT_V21_WRONG,True,True,4,True,4,True,0.8424937725067139,1.8952440023422241,4,True,6,False,1.7261844873428345,-3.1509313583374023,4,True,6,False,1.836083173751831,-3.1493051052093506,4,True,4,True,0.8883066177368164,1.8766634464263916,4,True,6,False,1.671606421470642,-3.1632328033447266,4,True,4,True,0.5743613243103027,1.8489843606948853,4,True,4,True,0.5835258960723877,2.0035672187805176,6,False,4,True,-3.359531879425049,1.4522318840026855
public,1415,2,Fear,V21_CORRECT_V22_WRONG,True,True,4,False,1,False,-4.610523700714111,-3.7541205883026123,4,False,2,True,-3.174668073654175,0.7633501291275024,4,False,2,True,-3.1234703063964844,0.8025448322296143,4,False,1,False,-4.572298049926758,-3.7036538124084473,4,False,2,True,-3.2608675956726074,0.738163948059082,4,False,1,False,-4.648426055908203,-3.489114761352539,4,False,1,False,-4.733051300048828,-3.6323418617248535,2,True,4,False,3.248124122619629,-2.839113235473633
public,1419,0,Angry,V21_CORRECT_V22_WRONG,True,True,0,True,6,False,0.7507404088973999,-3.3197665214538574,6,False,0,True,-2.1269114017486572,0.23400235176086426,6,False,0,True,-2.2959070205688477,0.3573751449584961,0,True,6,False,0.6790773868560791,-3.3485794067382812,6,False,0,True,-2.112276554107666,0.273775577545166,0,True,6,False,0.6267029643058777,-3.6065258979797363,0,True,6,False,1.4154155254364014,-3.2330355644226074,2,False,0,True,-1.0901591777801514,0.36668360233306885
public,1421,4,Sad,V21_CORRECT_V22_WRONG,True,True,0,False,6,False,-0.9991204738616943,-3.5593466758728027,6,False,4,True,-1.5857347249984741,2.8471274375915527,6,False,4,True,-1.4633886814117432,2.9791345596313477,0,False,6,False,-1.0640512704849243,-3.5685133934020996,6,False,4,True,-1.387765884399414,2.8717243671417236,0,False,6,False,-1.1471631526947021,-3.566042184829712,0,False,6,False,-0.7630550861358643,-3.7692389488220215,0,False,6,False,-1.205437421798706,-0.37160706520080566
public,1422,3,Happy,V21_CORRECT_V22_WRONG,True,True,3,True,0,False,0.37288975715637207,-1.0219991207122803,6,False,3,True,-3.0649588108062744,3.4976189136505127,6,False,3,True,-3.041128635406494,3.26709246635437,3,True,0,False,0.3932805061340332,-1.1346218585968018,6,False,3,True,-3.1696622371673584,3.427123546600342,3,True,0,False,0.1451956033706665,-0.8077462911605835,4,False,0,False,-0.014732122421264648,-0.8894625306129456,4,False,3,True,-3.776230573654175,4.250971794128418
public,1439,6,Neutral,V21_CORRECT_V22_WRONG,True,True,3,False,6,True,-0.8356039524078369,1.1251494884490967,3,False,6,True,-1.5243415832519531,2.434725046157837,3,False,6,True,-1.774482250213623,2.6488561630249023,3,False,6,True,-0.8443167209625244,1.288536548614502,3,False,6,True,-1.6311168670654297,2.4893388748168945,3,False,6,True,-0.26431798934936523,1.2220133543014526,3,False,6,True,-2.339308738708496,2.181370735168457,6,True,3,False,4.02099084854126,-1.3629889488220215
public,1441,4,Sad,V22_CORRECT_V21_WRONG,True,True,4,True,4,True,4.532382965087891,1.3809341192245483,4,True,0,False,2.1537818908691406,-0.5170481204986572,4,True,0,False,2.259902000427246,-0.41725432872772217,4,True,4,True,4.540946960449219,1.3673913478851318,4,True,0,False,2.154249906539917,-0.5239747762680054,4,True,4,True,4.56494140625,1.0812464952468872,4,True,4,True,4.503648281097412,0.21871435642242432,4,True,4,True,3.1871719360351562,1.9019062519073486
public,1445,4,Sad,V21_CORRECT_V22_WRONG,True,True,6,False,6,False,-4.605035305023193,-1.0316511392593384,6,False,4,True,-4.860640525817871,0.7887766361236572,6,False,4,True,-4.829278469085693,0.7552138566970825,6,False,6,False,-4.566442489624023,-1.0053924322128296,6,False,4,True,-4.827736854553223,0.817306399345398,6,False,6,False,-4.511896133422852,-0.9149760007858276,6,False,6,False,-3.642601728439331,-1.379398226737976,6,False,6,False,-4.364591598510742,-1.688959002494812
public,1460,6,Neutral,V22_CORRECT_V21_WRONG,True,True,4,False,0,False,-5.023870944976807,-3.2210679054260254,6,True,0,False,0.3685249090194702,-1.8172836303710938,6,True,2,False,1.3240876197814941,-1.7434951066970825,4,False,0,False,-5.075815200805664,-3.1720216274261475,6,True,0,False,0.4095473289489746,-1.7812336683273315,4,False,0,False,-5.175140380859375,-3.1822566986083984,4,False,0,False,-5.199945449829102,-3.064929962158203,0,False,4,False,-4.775449752807617,-4.895237922668457
public,1465,5,Surprise,V21_CORRECT_V22_WRONG,True,True,5,True,5,True,2.808539867401123,1.3754009008407593,5,True,5,True,0.03773689270019531,0.22170913219451904,3,False,5,True,-0.08516383171081543,0.20137906074523926,5,True,5,True,2.8609323501586914,1.4180423021316528,5,True,5,True,0.24887466430664062,0.2682143449783325,5,True,5,True,2.698277473449707,1.5257331132888794,5,True,5,True,2.4803483486175537,1.8766505718231201,5,True,3,False,1.4127007722854614,-4.146670341491699
public,1470,4,Sad,V22_CORRECT_V21_WRONG,True,True,4,True,4,True,2.75738787651062,0.6913107633590698,4,True,6,False,4.137180328369141,-1.157159686088562,4,True,6,False,4.133346080780029,-1.2361223697662354,4,True,4,True,2.920764684677124,0.5885484218597412,4,True,6,False,4.148835182189941,-1.256199836730957,4,True,4,True,2.713850736618042,0.6858609914779663,4,True,4,True,3.0449178218841553,1.1374038457870483,4,True,6,False,0.05995798110961914,-0.9462594985961914
public,1485,0,Angry,V21_CORRECT_V22_WRONG,True,True,5,False,0,True,-4.204338550567627,3.5406832695007324,5,False,0,True,-4.712348461151123,1.47914457321167,5,False,0,True,-4.7832159996032715,1.4507712125778198,5,False,0,True,-4.196946620941162,3.590660333633423,5,False,0,True,-4.758526802062988,1.4189729690551758,5,False,0,True,-4.274223804473877,3.6091108322143555,5,False,0,True,-3.6349375247955322,2.992568016052246,5,False,3,False,-4.729182720184326,-4.322900772094727
public,1489,6,Neutral,V21_CORRECT_V22_WRONG,True,True,3,False,3,False,-3.2905685901641846,-1.0963566303253174,3,False,6,True,-1.6277668476104736,2.555556297302246,3,False,6,True,-1.4457695484161377,2.5773959159851074,3,False,3,False,-3.2398288249969482,-1.047275424003601,3,False,6,True,-1.7985262870788574,2.570645332336426,3,False,3,False,-3.7054996490478516,-1.0354212522506714,3,False,6,True,-3.926100492477417,0.6574084758758545,0,False,3,False,-3.1343626976013184,-1.628567099571228
public,1499,4,Sad,V21_CORRECT_V22_WRONG,True,True,2,False,4,True,-0.1501164436340332,0.5813051462173462,2,False,4,True,-0.09773945808410645,0.9243448972702026,2,False,4,True,-0.30193209648132324,0.9788616895675659,2,False,4,True,-0.2590982913970947,0.6007471084594727,2,False,4,True,-0.13765406608581543,0.9854930639266968,2,False,4,True,-0.07708406448364258,0.6883136034011841,4,True,4,True,0.9209872484207153,1.027801275253296,2,False,4,True,-0.8759278059005737,0.07936763763427734
public,1505,4,Sad,V21_CORRECT_V22_WRONG,True,True,4,True,1,False,0.13428032398223877,-1.0643010139465332,6,False,4,True,-2.051328659057617,1.966949462890625,6,False,4,True,-2.141139030456543,2.0701568126678467,4,True,1,False,0.27159178256988525,-1.089893102645874,6,False,4,True,-1.8726282119750977,1.9853248596191406,4,True,1,False,0.5802050828933716,-0.9061117172241211,4,True,1,False,1.450533390045166,-0.4174771308898926,6,False,4,True,-3.626882553100586,3.3525338172912598
public,1510,4,Sad,V21_CORRECT_V22_WRONG,True,True,0,False,4,True,-3.6889309883117676,1.1737486124038696,2,False,4,True,-1.1029953956604004,0.36010897159576416,2,False,4,True,-1.1696932315826416,0.29928839206695557,0,False,4,True,-3.6967318058013916,1.1750893592834473,2,False,4,True,-1.0758919715881348,0.3404015302658081,0,False,4,True,-3.6202104091644287,1.213341474533081,0,False,4,True,-3.9549028873443604,2.047300338745117,2,False,4,True,-0.5373480319976807,1.8244715929031372
public,1514,5,Surprise,V21_CORRECT_V22_WRONG,True,True,0,False,5,True,-4.595088958740234,3.0261781215667725,0,False,5,True,-1.2255516052246094,3.722209930419922,0,False,5,True,-0.9431241750717163,3.650283098220825,0,False,5,True,-4.553963661193848,2.9186525344848633,0,False,5,True,-1.1491827964782715,3.7073261737823486,0,False,5,True,-4.624577522277832,2.986538887023926,0,False,5,True,-4.456653118133545,2.9479544162750244,5,True,0,False,0.5878714323043823,-2.9882278442382812
public,1520,6,Neutral,V22_CORRECT_V21_WRONG,True,True,0,False,0,False,-4.639541149139404,-3.482118606567383,6,True,0,False,1.6577211618423462,-4.526760101318359,6,True,0,False,1.6435787677764893,-4.524376392364502,0,False,0,False,-4.640483856201172,-3.4623942375183105,6,True,0,False,1.6388940811157227,-4.534123420715332,0,False,0,False,-4.420648574829102,-3.460587739944458,0,False,0,False,-4.960158348083496,-3.166339635848999,0,False,6,True,-5.087697982788086,0.3164469003677368
public,1531,2,Fear,V22_CORRECT_V21_WRONG,True,True,4,False,0,False,-0.4191840887069702,-3.88155460357666,2,True,4,False,1.441866397857666,-3.0161495208740234,2,True,4,False,1.5552544593811035,-3.1298413276672363,4,False,0,False,-0.4967081546783447,-3.8810012340545654,2,True,4,False,1.4602711200714111,-3.035658359527588,4,False,0,False,-0.8755389451980591,-3.8290462493896484,4,False,0,False,-0.03080594539642334,-3.5435192584991455,4,False,2,True,-2.1149721145629883,2.745678424835205
public,1542,4,Sad,V22_CORRECT_V21_WRONG,True,True,5,False,0,False,-4.790233612060547,-0.8650476932525635,4,True,0,False,2.0020062923431396,-2.5562915802001953,4,True,0,False,2.16587233543396,-2.5856032371520996,5,False,0,False,-4.771210670471191,-0.8594725131988525,4,True,0,False,1.9440371990203857,-2.5527617931365967,5,False,0,False,-4.956120014190674,-0.8219411373138428,5,False,0,False,-4.024407386779785,-0.3700913190841675,5,False,5,False,-4.9756951332092285,-3.2554144859313965
public,1544,2,Fear,V22_CORRECT_V21_WRONG,True,True,2,True,4,False,2.957228422164917,-3.343984842300415,2,True,4,False,1.2854902744293213,-3.7280914783477783,2,True,4,False,0.8702232837677002,-3.735767364501953,2,True,4,False,2.9744069576263428,-3.3143179416656494,2,True,4,False,1.4460257291793823,-3.733867645263672,2,True,4,False,3.3386847972869873,-3.373277187347412,2,True,4,False,3.5557971000671387,-3.387155532836914,2,True,6,False,0.0897359848022461,-2.571749687194824
public,1551,0,Angry,V21_CORRECT_V22_WRONG,True,True,0,True,4,False,1.5470473766326904,-0.6876198053359985,4,False,0,True,-0.7289111614227295,3.828795909881592,4,False,0,True,-0.8596326112747192,3.818687677383423,0,True,4,False,1.4456706047058105,-0.6447467803955078,4,False,0,True,-0.7800449132919312,3.841304063796997,0,True,4,False,1.014544129371643,-0.6520341634750366,0,True,4,False,1.393242597579956,-0.6108171939849854,2,False,4,False,-3.2433202266693115,-1.295456051826477
public,1566,6,Neutral,V21_CORRECT_V22_WRONG,True,True,6,True,4,False,0.20088458061218262,-0.7963075637817383,2,False,6,True,-1.5522117614746094,3.3379616737365723,2,False,6,True,-1.2522423267364502,3.4163296222686768,2,False,4,False,-0.046987056732177734,-0.7807952165603638,2,False,6,True,-1.734872579574585,3.3052120208740234,2,False,4,False,-0.23658335208892822,-0.7237738370895386,2,False,6,True,-1.0900484323501587,0.5891039371490479,6,True,3,False,4.256259918212891,-0.3367191553115845
public,1568,4,Sad,V21_CORRECT_V22_WRONG,True,True,4,True,4,True,2.2744174003601074,2.9257915019989014,6,False,4,True,-1.3845114707946777,1.329065203666687,6,False,4,True,-1.2090427875518799,1.3318307399749756,4,True,4,True,2.415961265563965,2.857543706893921,6,False,4,True,-1.3537675142288208,1.3074802160263062,4,True,4,True,2.321716547012329,2.2574639320373535,4,True,4,True,0.1174168586730957,1.683016300201416,4,True,0,False,1.70895516872406,-0.03470146656036377
public,1570,2,Fear,V22_CORRECT_V21_WRONG,True,True,6,False,4,False,-0.4183615446090698,-0.03849196434020996,2,True,2,True,3.1265058517456055,0.060057640075683594,2,True,4,False,3.124929904937744,-0.1385500431060791,6,False,2,True,-0.33632540702819824,0.03969120979309082,2,True,2,True,3.180116891860962,0.04507255554199219,6,False,2,True,-0.9149689674377441,0.10692775249481201,6,False,4,False,-1.420020341873169,-0.734262228012085,5,False,4,False,-3.234196901321411,-2.087390899658203
public,1579,3,Happy,V22_CORRECT_V21_WRONG,True,True,0,False,3,True,-0.6621572971343994,2.8751323223114014,3,True,0,False,3.340468168258667,-3.59260892868042,3,True,0,False,3.330484390258789,-3.5971949100494385,0,False,3,True,-0.8914298415184021,2.9004852771759033,3,True,0,False,3.362173318862915,-3.553502082824707,0,False,3,True,-0.32988131046295166,2.935992956161499,0,False,3,True,-2.685019016265869,2.7554211616516113,0,False,3,True,-3.4967894554138184,4.127352237701416
public,1580,4,Sad,V21_CORRECT_V22_WRONG,True,True,0,False,0,False,-2.4762704372406006,-0.8171305656433105,0,False,4,True,-0.48410165309906006,0.1371626853942871,0,False,4,True,-0.22982919216156006,0.09172391891479492,0,False,0,False,-2.4886491298675537,-0.840458869934082,0,False,4,True,-0.44563138484954834,0.1678934097290039,0,False,0,False,-2.5335776805877686,-0.7311522960662842,0,False,4,True,-2.4978790283203125,0.19715797901153564,2,False,4,True,-2.589099407196045,0.05777692794799805
public,1582,3,Happy,V22_CORRECT_V21_WRONG,True,True,3,True,3,True,1.8692834377288818,3.6566829681396484,3,True,6,False,4.362096309661865,-2.12271785736084,3,True,6,False,4.406800270080566,-2.166088581085205,3,True,3,True,1.7351348400115967,3.6534318923950195,3,True,6,False,4.36245059967041,-2.1194000244140625,3,True,3,True,1.6757360696792603,3.668739080429077,3,True,3,True,1.1379948854446411,3.486359119415283,3,True,3,True,0.16557812690734863,3.626497268676758
public,1586,6,Neutral,V21_CORRECT_V22_WRONG,True,True,4,False,4,False,-2.7220664024353027,-5.0953569412231445,4,False,6,True,-2.4862184524536133,3.071129083633423,4,False,6,True,-2.5770504474639893,3.0400516986846924,4,False,4,False,-2.7406744956970215,-5.083209037780762,4,False,6,True,-2.5048000812530518,3.106036424636841,4,False,4,False,-2.855987071990967,-5.081813335418701,4,False,4,False,-3.2955050468444824,-4.540842533111572,4,False,3,False,-4.148787498474121,-3.182629346847534
public,1590,3,Happy,V21_CORRECT_V22_WRONG,True,True,3,True,3,True,3.4732537269592285,2.55426287651062,5,False,3,True,-0.1540827751159668,3.1161961555480957,5,False,3,True,-0.010607242584228516,3.175070285797119,3,True,3,True,3.5088021755218506,2.5108394622802734,5,False,3,True,-0.0932760238647461,3.1245100498199463,3,True,3,True,3.4221935272216797,2.3011913299560547,3,True,3,True,4.181822299957275,1.8811798095703125,2,False,3,True,-4.476217269897461,4.566585540771484
public,1594,5,Surprise,V22_CORRECT_V21_WRONG,True,True,5,True,6,False,1.2227802276611328,-0.5628818273544312,5,True,3,False,4.462549686431885,-1.1425037384033203,5,True,3,False,4.432342529296875,-1.027151346206665,5,True,6,False,1.2342910766601562,-0.5404458045959473,5,True,3,False,4.460939407348633,-1.1294529438018799,5,True,6,False,1.484183430671692,-0.6437416076660156,5,True,6,False,1.1201863288879395,-0.7727599143981934,6,False,6,False,-1.4888509511947632,-2.7725300788879395
public,1597,2,Fear,V22_CORRECT_V21_WRONG,True,True,4,False,5,False,-0.7952516078948975,-3.4091248512268066,2,True,5,False,1.9100428819656372,-1.622105598449707,2,True,5,False,1.8533258438110352,-1.5905780792236328,4,False,5,False,-0.845934271812439,-3.3603928089141846,2,True,5,False,1.7823742628097534,-1.5453684329986572,4,False,5,False,-0.9268159866333008,-3.2210569381713867,2,True,5,False,0.2135171890258789,-3.787863254547119,4,False,5,False,-2.4312703609466553,-4.950564384460449
public,1598,3,Happy,V22_CORRECT_V21_WRONG,True,True,4,False,6,False,-2.955702304840088,-3.2240970134735107,3,True,6,False,2.6704366207122803,-1.7681353092193604,3,True,6,False,2.891054391860962,-1.8316476345062256,4,False,6,False,-3.061939239501953,-3.2501094341278076,3,True,6,False,2.798534393310547,-1.7929620742797852,4,False,6,False,-3.001915454864502,-3.188452959060669,4,False,6,False,-2.940983772277832,-2.838254928588867,6,False,6,False,-4.959490776062012,-2.0860376358032227
public,1599,4,Sad,V21_CORRECT_V22_WRONG,True,True,4,True,4,True,1.5114532709121704,1.7129946947097778,3,False,4,True,-1.687225341796875,2.7591936588287354,3,False,4,True,-1.9214284420013428,2.7465906143188477,4,True,4,True,1.7673838138580322,2.008070468902588,3,False,4,True,-1.833222508430481,2.7785770893096924,4,True,4,True,1.8073408603668213,1.9632632732391357,4,True,4,True,1.723848819732666,1.3353142738342285,4,True,4,True,4.550026893615723,3.859950304031372
public,1600,0,Angry,V22_CORRECT_V21_WRONG,True,True,2,False,2,False,-3.121852159500122,-1.254495620727539,0,True,2,False,2.4985032081604004,-2.867401123046875,0,True,2,False,2.4024999141693115,-2.885610818862915,2,False,2,False,-3.0288214683532715,-1.06964111328125,0,True,2,False,2.45253849029541,-2.858794927597046,2,False,2,False,-3.0070366859436035,-1.4603229761123657,2,False,0,True,-2.1979033946990967,2.61775803565979,2,False,0,True,-4.507291793823242,0.2671395540237427
public,1607,2,Fear,V22_CORRECT_V21_WRONG,True,True,2,True,2,True,3.194127321243286,1.7050725221633911,2,True,5,False,3.965670585632324,-2.643627166748047,2,True,5,False,4.007455348968506,-2.6990559101104736,2,True,2,True,3.290923595428467,1.6243476867675781,2,True,5,False,3.9578049182891846,-2.6786813735961914,2,True,2,True,3.120377540588379,1.6048729419708252,2,True,2,True,2.7251384258270264,2.2202563285827637,5,False,2,True,-5.243098258972168,0.9550752639770508
public,1611,0,Angry,V21_CORRECT_V22_WRONG,True,True,4,False,0,True,-1.2444126605987549,3.3449978828430176,4,False,0,True,-2.203014612197876,1.2421207427978516,4,False,0,True,-2.271094560623169,1.100609302520752,4,False,0,True,-1.0460559129714966,3.345576286315918,4,False,0,True,-2.3370234966278076,1.187119722366333,4,False,0,True,-1.4513570070266724,3.3449230194091797,4,False,0,True,-1.2428333759307861,2.826632261276245,4,False,0,True,-0.7726272344589233,3.909353256225586
public,1618,0,Angry,V22_CORRECT_V21_WRONG,True,True,0,True,0,True,3.8148045539855957,0.6537847518920898,0,True,1,False,4.108002185821533,-5.256904125213623,0,True,1,False,4.219604969024658,-5.259997367858887,0,True,0,True,3.8913300037384033,0.5809592008590698,0,True,1,False,4.119510650634766,-5.24859619140625,0,True,0,True,3.8089892864227295,0.35049760341644287,0,True,0,True,3.466294050216675,1.4226202964782715,0,True,4,False,1.368028998374939,-2.221972703933716
public,1635,4,Sad,V21_CORRECT_V22_WRONG,True,True,4,True,2,False,0.16954612731933594,-2.9026103019714355,2,False,4,True,-2.9472711086273193,0.8637356758117676,2,False,4,True,-2.885472059249878,0.8813474178314209,4,True,2,False,0.24422883987426758,-2.934774875640869,2,False,4,True,-2.8079473972320557,0.8855280876159668,2,False,2,False,-0.25245559215545654,-3.0255980491638184,2,False,2,False,-1.012775182723999,-2.93902587890625,4,True,4,True,1.931783676147461,1.2150776386260986
public,1645,6,Neutral,V22_CORRECT_V21_WRONG,True,True,6,True,3,False,1.0643444061279297,-2.165912389755249,6,True,3,False,3.8122026920318604,-2.5679190158843994,6,True,3,False,3.7769594192504883,-2.405089855194092,6,True,3,False,1.1034358739852905,-2.0471649169921875,6,True,3,False,3.807995080947876,-2.504450559616089,6,True,3,False,0.9046417474746704,-2.184824228286743,6,True,3,False,0.7381683588027954,-1.4436019659042358,5,False,3,False,-3.4188694953918457,-2.95452618598938
public,1647,2,Fear,V21_CORRECT_V22_WRONG,True,True,2,True,2,True,1.2369986772537231,1.5894793272018433,6,False,2,True,-0.26267778873443604,2.172882318496704,6,False,2,True,-1.3025901317596436,2.118084192276001,2,True,2,True,1.242056131362915,1.6266319751739502,6,False,2,True,-0.6491754055023193,2.1620941162109375,2,True,2,True,0.9751342535018921,1.6700752973556519,2,True,2,True,0.4838566780090332,1.088213324546814,2,True,0,False,0.5515134334564209,-0.12424910068511963
public,1653,6,Neutral,V22_CORRECT_V21_WRONG,True,True,2,False,6,True,-2.0745983123779297,1.4560468196868896,6,True,4,False,3.660728931427002,-3.8034067153930664,6,True,4,False,3.5981428623199463,-3.8216757774353027,2,False,6,True,-2.0912206172943115,1.4249060153961182,6,True,4,False,3.6675353050231934,-3.8070497512817383,2,False,6,True,-2.1322274208068848,1.4577491283416748,2,False,6,True,-1.6151893138885498,1.0960009098052979,4,False,6,True,-0.9405950903892517,3.7196333408355713
public,1670,6,Neutral,V21_CORRECT_V22_WRONG,True,True,4,False,4,False,-3.635538101196289,-2.428274631500244,4,False,6,True,-2.293400287628174,1.3531826734542847,4,False,6,True,-2.4407529830932617,1.2969651222229004,2,False,4,False,-3.6600379943847656,-2.395585298538208,4,False,6,True,-2.337128162384033,1.3275715112686157,2,False,4,False,-3.769589900970459,-2.4860122203826904,4,False,4,False,-3.896692991256714,-2.30592942237854,4,False,0,False,-2.207973003387451,-2.4513180255889893
public,1671,3,Happy,V22_CORRECT_V21_WRONG,True,True,4,False,2,False,-3.495720386505127,-3.667612075805664,0,False,2,False,-0.24756979942321777,-3.910144329071045,3,True,2,False,0.35363781452178955,-3.7494142055511475,4,False,2,False,-3.5005831718444824,-3.677739381790161,0,False,2,False,-0.3101511001586914,-3.876864433288574,4,False,2,False,-3.530700206756592,-3.6968531608581543,4,False,2,False,-4.283595085144043,-4.512813091278076,3,True,0,False,0.6773476600646973,-3.784213066101074
public,1688,6,Neutral,V22_CORRECT_V21_WRONG,True,True,6,True,0,False,0.519834041595459,-1.1640077829360962,6,True,0,False,3.0308971405029297,-3.620694160461426,6,True,0,False,2.518268585205078,-3.6315717697143555,6,True,0,False,0.49408817291259766,-1.1191672086715698,6,True,0,False,3.0204172134399414,-3.6435563564300537,6,True,0,False,0.9809927940368652,-1.2483280897140503,6,True,0,False,0.29789209365844727,-1.4041868448257446,6,True,4,False,2.822450637817383,-3.0870676040649414
public,1699,6,Neutral,V22_CORRECT_V21_WRONG,True,True,4,False,4,False,-2.229107618331909,-3.3036227226257324,6,True,3,False,1.6521589756011963,-2.201726198196411,6,True,3,False,0.6685760021209717,-2.1064751148223877,4,False,4,False,-2.2653846740722656,-3.229813575744629,6,True,3,False,1.833634614944458,-2.044879674911499,4,False,4,False,-2.459771156311035,-3.2502503395080566,4,False,4,False,-1.964547872543335,-2.7696385383605957,6,True,3,False,0.9723484516143799,-5.540782928466797
public,1714,5,Surprise,V21_CORRECT_V22_WRONG,True,True,5,True,6,False,3.9849495887756348,-3.2839999198913574,6,False,5,True,-2.044156312942505,2.4646167755126953,6,False,5,True,-2.0191969871520996,2.483786106109619,5,True,6,False,3.956345319747925,-3.2684783935546875,6,False,5,True,-2.0990467071533203,2.4591903686523438,5,True,6,False,3.8906543254852295,-3.157675266265869,5,True,6,False,3.6467885971069336,-2.1081037521362305,5,True,6,False,4.422055244445801,-2.9607081413269043
public,1721,0,Angry,V21_CORRECT_V22_WRONG,True,True,0,True,0,True,0.5031229257583618,3.121879816055298,2,False,0,True,-0.4891207218170166,4.176559925079346,2,False,0,True,-0.7020294666290283,4.20884895324707,0,True,0,True,0.2438570261001587,3.142303705215454,2,False,0,True,-0.5576423406600952,4.18895959854126,4,False,0,True,-0.1898258924484253,3.152805805206299,0,True,0,True,1.478564977645874,3.206685781478882,0,True,4,False,3.5382022857666016,-2.6508021354675293
public,1731,4,Sad,V22_CORRECT_V21_WRONG,True,True,4,True,6,False,2.334252119064331,-3.885728597640991,4,True,6,False,0.03745877742767334,-3.653014659881592,4,True,6,False,0.02391672134399414,-3.608114242553711,4,True,6,False,2.275684118270874,-3.8458173274993896,6,False,6,False,-0.03583371639251709,-3.6592888832092285,4,True,6,False,2.1819841861724854,-3.877066135406494,4,True,6,False,2.216156005859375,-3.769277334213257,4,True,6,False,2.150047779083252,-3.933114767074585
public,1733,4,Sad,V21_CORRECT_V22_WRONG,True,True,2,False,2,False,-4.026427268981934,-2.6244966983795166,2,False,4,True,-1.595828652381897,1.928391695022583,2,False,4,True,-1.6375043392181396,1.8488329648971558,2,False,2,False,-3.971067190170288,-2.640399694442749,2,False,4,True,-1.61520254611969,1.8786392211914062,2,False,2,False,-4.244655132293701,-2.929384708404541,2,False,2,False,-4.517631530761719,-2.238058567047119,2,False,4,True,-3.5295021533966064,0.1429886817932129
public,1734,3,Happy,V22_CORRECT_V21_WRONG,True,True,5,False,3,True,-5.016955375671387,2.8980751037597656,3,True,5,False,3.6771645545959473,-2.9564549922943115,3,True,5,False,3.640385150909424,-2.999197006225586,5,False,3,True,-5.009469985961914,2.9173552989959717,3,True,5,False,3.658182382583618,-2.935023307800293,5,False,3,True,-4.975203990936279,2.999570608139038,5,False,3,True,-4.984604358673096,2.225846529006958,2,False,3,True,-2.6868021488189697,4.0244598388671875
public,1736,0,Angry,V22_CORRECT_V21_WRONG,True,True,0,True,2,False,1.0553873777389526,-0.20059919357299805,0,True,2,False,2.724269390106201,-2.0168440341949463,0,True,2,False,2.5161490440368652,-2.016125440597534,0,True,2,False,1.156302809715271,-0.265688419342041,0,True,2,False,2.5960378646850586,-2.0153322219848633,0,True,2,False,1.4752546548843384,-0.2353065013885498,0,True,2,False,2.229617118835449,-0.5528391599655151,4,False,2,False,-4.160158634185791,-1.0344388484954834
public,1746,4,Sad,V22_CORRECT_V21_WRONG,True,True,4,True,4,True,4.315561294555664,1.5751268863677979,4,True,2,False,4.069845676422119,-0.59153151512146,4,True,2,False,4.117488384246826,-0.730959415435791,4,True,4,True,4.328625202178955,1.5258829593658447,4,True,2,False,4.051132678985596,-0.5701138973236084,4,True,4,True,4.340616703033447,1.8811132907867432,4,True,4,True,4.382331848144531,1.2860839366912842,4,True,4,True,3.474578619003296,2.2354648113250732
public,1755,2,Fear,V22_CORRECT_V21_WRONG,True,True,2,True,4,False,0.7356016635894775,-2.6791038513183594,2,True,4,False,2.8044586181640625,-0.7114987373352051,2,True,4,False,2.738614320755005,-0.7434520721435547,2,True,4,False,0.7871558666229248,-2.6849546432495117,2,True,4,False,2.756535768508911,-0.8223521709442139,2,True,4,False,0.5030653476715088,-2.717895984649658,2,True,4,False,1.6276779174804688,-2.3621819019317627,2,True,4,False,2.854851722717285,-2.8032121658325195
public,1756,2,Fear,V22_CORRECT_V21_WRONG,True,True,2,True,2,True,2.780705213546753,1.444399118423462,0,False,0,False,-0.05134093761444092,-1.493812918663025,2,True,0,False,0.9164937138557434,-1.6617034673690796,2,True,2,True,2.7678232192993164,1.4526325464248657,2,True,0,False,0.17699062824249268,-1.5090115070343018,2,True,2,True,2.598538637161255,1.4405075311660767,2,True,2,True,1.8306031227111816,0.8195319175720215,5,False,2,True,-0.18811166286468506,1.6052114963531494
public,1757,4,Sad,V22_CORRECT_V21_WRONG,True,True,6,False,6,False,-1.4438021183013916,-1.296759009361267,4,True,6,False,2.885906219482422,-2.0123677253723145,4,True,6,False,2.470604658126831,-2.0841920375823975,6,False,6,False,-1.4343161582946777,-1.2775170803070068,4,True,6,False,2.969776153564453,-2.050144672393799,6,False,6,False,-1.1579039096832275,-1.2246335744857788,6,False,6,False,-1.3795528411865234,-1.8554174900054932,1,False,4,True,-4.521936893463135,2.1219890117645264
public,1759,2,Fear,V21_CORRECT_V22_WRONG,True,True,5,False,2,True,-0.3552183508872986,2.1642277240753174,5,False,2,True,-3.7465016841888428,2.103382110595703,5,False,2,True,-3.7745094299316406,1.9032262563705444,5,False,2,True,-0.5425925850868225,2.190215587615967,5,False,2,True,-3.7541961669921875,2.05780291557312,0,False,2,True,-0.814537525177002,2.0078375339508057,5,False,2,True,-0.7388623952865601,1.5599421262741089,5,False,2,True,-4.850018501281738,3.1733672618865967
public,1760,4,Sad,V22_CORRECT_V21_WRONG,True,True,4,True,0,False,0.9039802551269531,-0.7458518743515015,4,True,2,False,0.9785596132278442,-1.3065742254257202,4,True,2,False,0.8860241174697876,-1.38400137424469,4,True,0,False,0.7531337738037109,-0.7993462085723877,4,True,2,False,0.7901351451873779,-1.2997660636901855,4,True,0,False,1.2864638566970825,-0.5318646430969238,4,True,0,False,1.1672651767730713,-1.035625696182251,2,False,0,False,-0.6004279851913452,-0.006545543670654297
public,1761,0,Angry,V22_CORRECT_V21_WRONG,True,True,0,True,0,True,2.096374273300171,1.9051458835601807,0,True,4,False,1.5313444137573242,-1.4795081615447998,0,True,4,False,1.463026523590088,-1.513777256011963,0,True,0,True,1.9916828870773315,1.9737114906311035,0,True,4,False,1.4592397212982178,-1.470029592514038,0,True,0,True,2.048875331878662,1.657546877861023,0,True,0,True,1.6379568576812744,1.6140732765197754,6,False,6,False,-4.3923821449279785,-3.0625596046447754
public,1762,3,Happy,V21_CORRECT_V22_WRONG,True,True,4,False,4,False,-4.221261978149414,-2.3973898887634277,4,False,3,True,-5.315286159515381,0.811415433883667,4,False,3,True,-5.260464191436768,0.6472072601318359,4,False,4,False,-4.165056228637695,-2.4217941761016846,4,False,3,True,-5.3470563888549805,0.73807692527771,4,False,4,False,-4.332946300506592,-2.464297294616699,4,False,4,False,-4.743774890899658,-3.7151308059692383,2,False,6,False,-4.6687912940979,-1.582127571105957
public,1764,4,Sad,V21_CORRECT_V22_WRONG,True,True,2,False,0,False,-2.507150888442993,-0.4128727912902832,2,False,4,True,-0.44398045539855957,2.5758285522460938,2,False,4,True,-0.00858759880065918,2.5643115043640137,2,False,0,False,-2.576688051223755,-0.4163062572479248,2,False,4,True,-0.22271227836608887,2.5816962718963623,2,False,4,True,-2.74908185005188,0.003239750862121582,0,False,0,False,-2.167180299758911,-0.9781014919281006,4,True,0,False,0.24778950214385986,-2.8130173683166504
public,1794,0,Angry,V22_CORRECT_V21_WRONG,True,True,4,False,4,False,-4.059963226318359,-2.6469156742095947,0,True,4,False,0.32494330406188965,-1.6505422592163086,0,True,4,False,0.3997976779937744,-1.7511916160583496,4,False,4,False,-4.1060075759887695,-2.6093740463256836,0,True,4,False,0.2530510425567627,-1.6562447547912598,4,False,4,False,-4.184308052062988,-2.5375287532806396,4,False,4,False,-3.914311647415161,-2.8957526683807373,0,True,4,False,0.4642293453216553,-1.0336484909057617
public,1795,4,Sad,V21_CORRECT_V22_WRONG,True,True,4,True,0,False,3.342376470565796,-1.3658735752105713,0,False,4,True,-2.2412705421447754,0.2196803092956543,0,False,4,True,-2.330108165740967,0.22573542594909668,4,True,0,False,3.3313164710998535,-1.3732330799102783,0,False,4,True,-2.1950817108154297,0.17266011238098145,4,True,0,False,3.3989367485046387,-1.470801591873169,4,True,0,False,3.560983419418335,-1.4522483348846436,0,False,6,False,-4.219122409820557,-0.5090440511703491
public,1800,0,Angry,V22_CORRECT_V21_WRONG,True,True,0,True,3,False,2.719794511795044,-1.4618442058563232,0,True,3,False,3.0845887660980225,-1.468859314918518,0,True,3,False,3.1315441131591797,-1.4444546699523926,0,True,3,False,2.73657488822937,-1.502223014831543,0,True,3,False,3.0331149101257324,-1.4211094379425049,0,True,3,False,2.8644602298736572,-1.517328143119812,0,True,3,False,2.39288592338562,-0.03388702869415283,0,True,3,False,1.7125122547149658,-5.196402072906494
public,1806,6,Neutral,V21_CORRECT_V22_WRONG,True,True,0,False,6,True,-5.35605001449585,1.5597255229949951,3,False,6,True,-1.1552228927612305,3.035033702850342,3,False,6,True,-0.8318653106689453,3.05098032951355,0,False,6,True,-5.375185966491699,1.6419165134429932,3,False,6,True,-1.0250014066696167,3.0786585807800293,0,False,6,True,-5.354921340942383,1.5206787586212158,0,False,6,True,-5.048856735229492,0.16706180572509766,4,False,6,True,-5.453673362731934,0.6621236801147461
public,1810,4,Sad,V21_CORRECT_V22_WRONG,True,True,2,False,0,False,-2.3075265884399414,-0.8094304203987122,2,False,4,True,-3.519843101501465,1.2085288763046265,2,False,4,True,-3.558744192123413,1.2097399234771729,2,False,0,False,-2.5971179008483887,-0.845981240272522,2,False,4,True,-3.601222515106201,1.2698564529418945,2,False,0,False,-2.3158106803894043,-0.9238105416297913,4,True,0,False,0.6086658239364624,-1.0266892910003662,4,True,3,False,3.0027105808258057,-4.804259777069092
public,1813,6,Neutral,V21_CORRECT_V22_WRONG,True,True,4,False,4,False,-2.5177950859069824,-3.9844560623168945,0,False,6,True,-1.3450849056243896,2.086000442504883,0,False,6,True,-1.0573232173919678,2.1319918632507324,4,False,4,False,-2.4637017250061035,-4.001852989196777,0,False,6,True,-1.5341742038726807,2.1585733890533447,4,False,4,False,-2.928988456726074,-3.9283547401428223,4,False,4,False,-2.8923490047454834,-3.627349376678467,2,False,0,False,-3.892329216003418,-1.9347026348114014
public,1814,4,Sad,V22_CORRECT_V21_WRONG,True,True,4,True,1,False,3.658161163330078,-5.075272083282471,4,True,1,False,1.8853254318237305,-5.244695663452148,4,True,1,False,1.7863260507583618,-5.233665466308594,4,True,1,False,3.6339871883392334,-5.081891059875488,4,True,1,False,1.9383254051208496,-5.248735427856445,4,True,1,False,3.8062167167663574,-5.06062126159668,4,True,1,False,4.237397193908691,-4.807445526123047,4,True,1,False,3.100247383117676,-1.4490833282470703
public,1820,4,Sad,V22_CORRECT_V21_WRONG,True,True,4,True,4,True,4.534996509552002,0.06960844993591309,4,True,6,False,3.677783489227295,-3.467393398284912,4,True,6,False,3.5531272888183594,-3.3563342094421387,4,True,4,True,4.411861896514893,0.04454779624938965,4,True,6,False,3.7418150901794434,-3.4623372554779053,4,True,6,False,4.4247331619262695,-0.15475332736968994,4,True,6,False,4.559692859649658,-0.4099009037017822,4,True,3,False,3.6189544200897217,-0.5106490850448608
public,1824,3,Happy,V21_CORRECT_V22_WRONG,True,True,3,True,3,True,1.818333387374878,3.622044086456299,0,False,3,True,-1.7775359153747559,4.4067277908325195,0,False,3,True,-2.0829052925109863,4.396903038024902,3,True,3,True,1.8141615390777588,3.6306674480438232,0,False,3,True,-1.7340953350067139,4.412597179412842,3,True,3,True,1.8583521842956543,3.6888346672058105,3,True,3,True,2.2971129417419434,2.551422595977783,3,True,3,True,2.2857511043548584,3.131406545639038
public,1825,6,Neutral,V22_CORRECT_V21_WRONG,True,True,6,True,2,False,3.2186665534973145,-2.9975531101226807,6,True,4,False,4.472957611083984,-0.3963508605957031,6,True,4,False,4.468691349029541,-0.4549751281738281,6,True,2,False,3.3551268577575684,-2.9584193229675293,6,True,4,False,4.449735641479492,-0.41001737117767334,6,True,2,False,3.3635575771331787,-2.969381809234619,6,True,4,False,2.3186123371124268,-3.0542261600494385,6,True,4,False,1.7154747247695923,-1.4993653297424316
public,1827,3,Happy,V21_CORRECT_V22_WRONG,True,False,2,False,4,False,-3.0154571533203125,-1.642662763595581,6,False,6,False,-2.8331480026245117,-0.008736848831176758,6,False,3,True,-2.9294228553771973,0.058603525161743164,2,False,4,False,-3.01680064201355,-1.607187271118164,6,False,3,True,-2.8685028553009033,0.03930163383483887,2,False,4,False,-2.901744842529297,-1.4500751495361328,0,False,4,False,-4.630664348602295,-1.4161279201507568,3,True,3,True,4.3917999267578125,2.960172176361084
public,1833,3,Happy,V22_CORRECT_V21_WRONG,True,True,3,True,3,True,0.31270694732666016,1.5800390243530273,3,True,0,False,2.6555228233337402,-3.289313793182373,3,True,0,False,2.4636685848236084,-3.286442756652832,0,False,3,True,-0.05622982978820801,1.5237245559692383,3,True,0,False,2.6160197257995605,-3.3045167922973633,3,True,3,True,0.21278858184814453,1.7439192533493042,3,True,3,True,0.0017058849334716797,1.6693661212921143,2,False,6,False,-5.816265106201172,-0.782575786113739
public,1837,6,Neutral,V22_CORRECT_V21_WRONG,True,True,2,False,4,False,-4.786635875701904,-3.4963183403015137,6,True,4,False,1.4922373294830322,-0.24718093872070312,6,True,4,False,1.6778850555419922,-0.30756235122680664,2,False,4,False,-4.823352813720703,-3.4753668308258057,6,True,4,False,1.467892050743103,-0.2442913055419922,2,False,4,False,-4.89818811416626,-3.6078672409057617,2,False,4,False,-4.539306640625,-3.627814769744873,2,False,4,False,-5.467077255249023,-3.2712740898132324
public,1844,6,Neutral,V22_CORRECT_V21_WRONG,True,True,4,False,4,False,-1.712458848953247,-1.1268454790115356,6,True,4,False,0.023276209831237793,-4.30004358291626,6,True,4,False,0.1312572956085205,-4.298661231994629,4,False,4,False,-1.6871600151062012,-1.0848264694213867,6,True,4,False,0.052055954933166504,-4.2896728515625,4,False,4,False,-1.9447669982910156,-1.0631098747253418,4,False,4,False,-2.3245320320129395,-1.2049368619918823,6,True,2,False,0.13295674324035645,-0.9486146569252014
public,1845,3,Happy,V21_CORRECT_V22_WRONG,True,True,6,False,3,True,-0.03297305107116699,2.443000316619873,6,False,3,True,-1.097078800201416,4.349175453186035,6,False,3,True,-0.7728993892669678,4.365097522735596,6,False,3,True,-0.13333821296691895,2.512282133102417,6,False,3,True,-0.9927351474761963,4.359198093414307,6,False,3,True,-0.474653959274292,2.4454398155212402,3,True,3,True,2.4770092964172363,2.809842586517334,6,False,4,False,-0.523594856262207,-0.3151557445526123
public,1848,4,Sad,V21_CORRECT_V22_WRONG,True,True,2,False,6,False,-1.8347433805465698,-2.7716994285583496,2,False,4,True,-3.4222629070281982,0.4048856496810913,2,False,4,True,-3.7021868228912354,0.3680673837661743,2,False,6,False,-1.8070976734161377,-2.7693424224853516,2,False,4,True,-3.4133949279785156,0.3525583744049072,2,False,6,False,-1.8431942462921143,-2.8120718002319336,2,False,6,False,-1.701873540878296,-3.429567813873291,6,False,6,False,-1.88634192943573,-3.3329834938049316
public,1853,2,Fear,V21_CORRECT_V22_WRONG,True,True,2,True,2,True,0.11510968208312988,1.4590870141983032,4,False,2,True,-4.474774360656738,2.1267030239105225,4,False,2,True,-4.4186577796936035,2.1071994304656982,2,True,2,True,0.5744141340255737,1.4218089580535889,4,False,2,True,-4.425568103790283,2.123198986053467,4,False,2,True,-0.0896613597869873,1.8577344417572021,4,False,2,True,-0.8840510845184326,1.6484317779541016,2,True,4,False,3.6724419593811035,-1.5083919763565063
public,1854,0,Angry,V22_CORRECT_V21_WRONG,True,True,0,True,0,True,2.8141627311706543,2.7858645915985107,0,True,6,False,3.538762331008911,-3.4601287841796875,0,True,6,False,3.586674451828003,-3.4726595878601074,0,True,0,True,2.656747341156006,2.7370009422302246,0,True,6,False,3.5112545490264893,-3.450821876525879,0,True,0,True,2.4732553958892822,2.7145118713378906,0,True,0,True,3.825162887573242,2.6481223106384277,0,True,4,False,4.5276780128479,-2.657172203063965
public,1856,4,Sad,V22_CORRECT_V21_WRONG,True,True,2,False,2,False,-3.7103219032287598,-3.5557518005371094,4,True,2,False,3.376852035522461,-5.30408239364624,4,True,2,False,3.2432479858398438,-5.287040710449219,2,False,2,False,-3.7623777389526367,-3.545663833618164,4,True,2,False,3.3633387088775635,-5.2936296463012695,2,False,2,False,-3.6809322834014893,-3.5359890460968018,2,False,2,False,-2.9046671390533447,-3.3449742794036865,4,True,3,False,0.19448208808898926,-1.436415433883667
public,1857,6,Neutral,V22_CORRECT_V21_WRONG,True,True,6,True,3,False,1.604020118713379,-4.409756183624268,6,True,3,False,1.0730490684509277,-0.4989004135131836,6,True,3,False,1.4496243000030518,-0.4972982406616211,6,True,3,False,1.7368175983428955,-4.419225692749023,6,True,3,False,1.0839366912841797,-0.5848147869110107,6,True,3,False,1.6002333164215088,-4.400297164916992,6,True,3,False,0.3606986999511719,-4.029730319976807,3,False,3,False,-2.7318387031555176,-4.189077377319336
public,1875,0,Angry,V21_CORRECT_V22_WRONG,True,True,5,False,0,True,-3.1540026664733887,1.494146704673767,3,False,0,True,-1.8124984502792358,2.2653794288635254,3,False,0,True,-2.2886667251586914,2.2622649669647217,5,False,0,True,-3.1955418586730957,1.4857113361358643,3,False,0,True,-1.867274522781372,2.251883029937744,5,False,0,True,-3.020254373550415,1.5823626518249512,5,False,0,True,-2.4370458126068115,0.30421900749206543,5,False,3,False,-1.753581166267395,-0.8747764825820923
public,1882,5,Surprise,V22_CORRECT_V21_WRONG,True,True,3,False,2,False,-1.0887575149536133,-2.983222246170044,5,True,3,False,1.0212843418121338,-2.686300039291382,5,True,3,False,1.2237277030944824,-2.682251214981079,3,False,2,False,-1.1177983283996582,-3.0373785495758057,5,True,3,False,0.8413884043693542,-2.6858744621276855,3,False,2,False,-0.8372390270233154,-2.936908006668091,3,False,2,False,-0.5996513366699219,-2.495481014251709,5,True,2,False,2.9207444190979004,-4.789155006408691
public,1892,1,Disgust,V22_CORRECT_V21_WRONG,True,True,0,False,0,False,-4.832662582397461,-2.496312141418457,1,True,0,False,4.365692615509033,-4.140925884246826,1,True,0,False,4.416481971740723,-4.130132675170898,0,False,0,False,-4.830291271209717,-2.490680694580078,1,True,0,False,4.40283727645874,-4.147468090057373,0,False,0,False,-4.815245628356934,-2.3270835876464844,0,False,0,False,-4.7943620681762695,-3.6221020221710205,0,False,2,False,-4.597821235656738,-4.144406318664551
public,1893,4,Sad,V22_CORRECT_V21_WRONG,True,True,1,False,1,False,-2.078831911087036,-3.4544992446899414,4,True,1,False,3.388373613357544,-4.912549018859863,4,True,1,False,3.2781667709350586,-4.978439807891846,1,False,1,False,-1.643552541732788,-3.2868964672088623,4,True,1,False,3.2533247470855713,-4.875678062438965,1,False,1,False,-2.5930001735687256,-2.8873281478881836,1,False,1,False,-2.5068671703338623,-2.1901822090148926,1,False,4,True,-3.4395837783813477,0.3836809992790222
public,1898,4,Sad,V22_CORRECT_V21_WRONG,True,True,4,True,6,False,3.3084564208984375,-3.4368696212768555,4,True,6,False,0.49286532402038574,-0.39258646965026855,4,True,6,False,0.4014604091644287,-0.18637609481811523,4,True,6,False,3.358473062515259,-3.412838935852051,4,True,6,False,0.28521132469177246,-0.37496280670166016,4,True,6,False,3.217532157897949,-3.3186445236206055,4,True,6,False,3.5015523433685303,-3.7177000045776367,4,True,6,False,3.9965789318084717,-3.158559799194336
public,1901,3,Happy,V22_CORRECT_V21_WRONG,True,True,3,True,3,True,1.225035309791565,4.315439224243164,3,True,3,True,1.4436609745025635,0.011793136596679688,3,True,3,True,1.2330491542816162,0.010413646697998047,3,True,3,True,1.0485986471176147,4.318609237670898,3,True,3,True,1.378602147102356,0.039293527603149414,3,True,3,True,1.3155666589736938,4.330646991729736,3,True,3,True,1.7709394693374634,4.271309852600098,3,True,3,True,4.628764629364014,4.075230121612549
public,1909,6,Neutral,V21_CORRECT_V22_WRONG,True,True,2,False,0,False,-3.4560539722442627,-2.6206533908843994,2,False,6,True,-2.630005359649658,2.4883368015289307,2,False,6,True,-2.527352809906006,2.5102334022521973,2,False,0,False,-3.349081039428711,-2.627187490463257,2,False,6,True,-2.6345505714416504,2.517364978790283,2,False,0,False,-3.3189992904663086,-2.5618908405303955,2,False,0,False,-3.1185665130615234,-2.228644847869873,2,False,6,True,-2.179713249206543,1.623138427734375
public,1911,5,Surprise,V21_CORRECT_V22_WRONG,True,True,5,True,5,True,2.607271194458008,3.437784194946289,2,False,5,True,-0.42676305770874023,3.4177639484405518,2,False,5,True,-0.39527881145477295,3.4366297721862793,5,True,5,True,2.5329177379608154,3.436533212661743,2,False,5,True,-0.38291776180267334,3.431983470916748,5,True,5,True,2.3959784507751465,3.546046495437622,5,True,5,True,2.1299166679382324,4.251456260681152,5,True,2,False,4.115423202514648,-2.5561182498931885
public,1928,3,Happy,V22_CORRECT_V21_WRONG,True,True,3,True,3,True,4.338988304138184,3.829704761505127,3,True,0,False,4.601375579833984,-1.2972650527954102,3,True,0,False,4.612160682678223,-1.5386817455291748,3,True,3,True,4.366147994995117,3.809810161590576,3,True,0,False,4.6069488525390625,-1.368888020515442,3,True,3,True,4.3899245262146,3.912698984146118,3,True,3,True,4.137243270874023,3.8775534629821777,3,True,3,True,1.72640061378479,3.684070587158203
public,1930,1,Disgust,V21_CORRECT_V22_WRONG,True,False,0,False,1,True,-3.314861536026001,2.486523389816284,0,False,1,True,-3.176699638366699,1.7389721870422363,0,False,1,True,-2.949286460876465,1.5444121360778809,0,False,1,True,-3.3139231204986572,2.423537254333496,0,False,1,True,-2.998372793197632,1.6234445571899414,0,False,1,True,-3.383359909057617,2.168205976486206,0,False,0,False,-2.194552183151245,-0.6248588562011719,0,False,2,False,-2.812295436859131,-2.1368930339813232
public,1936,4,Sad,V21_CORRECT_V22_WRONG,True,False,4,True,4,True,3.1947200298309326,2.633427143096924,6,False,4,True,-4.204878330230713,0.5417755842208862,6,False,4,True,-4.077733516693115,0.31032299995422363,4,True,4,True,3.218839645385742,2.6451196670532227,6,False,4,True,-4.231091022491455,0.5423928499221802,4,True,4,True,3.3281149864196777,2.5918171405792236,4,True,4,True,3.7427279949188232,2.193880796432495,4,True,3,False,4.1066107749938965,-1.6036219596862793
public,1939,5,Surprise,V22_CORRECT_V21_WRONG,True,True,5,True,6,False,3.263119697570801,-2.9048314094543457,5,True,2,False,4.459489822387695,-0.16233396530151367,5,True,2,False,4.582511901855469,-0.2505471706390381,5,True,6,False,3.3650667667388916,-2.947467565536499,5,True,2,False,4.455685615539551,-0.16851282119750977,5,True,6,False,3.118952512741089,-2.9797916412353516,5,True,6,False,2.0719151496887207,-2.37229323387146,6,False,6,False,-1.46158766746521,-1.5640684366226196
public,1941,4,Sad,V22_CORRECT_V21_WRONG,True,True,2,False,4,True,-0.40632742643356323,1.96365225315094,4,True,3,False,4.326374530792236,-1.3185243606567383,4,True,3,False,4.426570415496826,-1.1106607913970947,2,False,4,True,-0.4902920722961426,1.990454077720642,4,True,3,False,4.301526069641113,-1.286851406097412,4,True,4,True,0.018372297286987305,1.994592547416687,2,False,4,True,-0.41466009616851807,1.6732378005981445,3,False,2,False,-2.4439311027526855,-3.3232274055480957
public,1946,4,Sad,V22_CORRECT_V21_WRONG,True,True,4,True,4,True,4.407144069671631,4.213510036468506,4,True,0,False,0.357511043548584,-1.2138352394104004,4,True,0,False,0.33622026443481445,-1.169893503189087,4,True,4,True,4.367338180541992,4.2161784172058105,4,True,0,False,0.22954273223876953,-1.1973050832748413,4,True,4,True,4.447933673858643,4.252490997314453,4,True,4,True,4.641435623168945,4.2407941818237305,4,True,4,True,4.9475507736206055,4.082436561584473
public,1947,4,Sad,V21_CORRECT_V22_WRONG,True,True,2,False,2,False,-2.995483875274658,-1.9934927225112915,2,False,4,True,-5.228671550750732,1.5797244310379028,2,False,4,True,-5.20400333404541,1.6374433040618896,2,False,2,False,-2.9891724586486816,-2.0360615253448486,2,False,4,True,-5.231988906860352,1.6375224590301514,2,False,2,False,-3.782865285873413,-2.0543744564056396,2,False,2,False,-3.9877169132232666,-2.22263503074646,6,False,2,False,-4.400941848754883,-3.0267083644866943
public,1948,2,Fear,V22_CORRECT_V21_WRONG,True,True,4,False,2,True,-1.0369136333465576,0.7153217792510986,4,False,4,False,-0.16175127029418945,-0.7876479625701904,4,False,4,False,-0.07038187980651855,-0.7321586608886719,4,False,2,True,-1.0889952182769775,0.7128974199295044,4,False,4,False,-0.2918879985809326,-0.8058891296386719,4,False,2,True,-0.7608863115310669,0.6556046009063721,4,False,2,True,-3.030872344970703,0.1407374143600464,4,False,2,True,-3.989978313446045,0.012363910675048828
public,1950,4,Sad,V21_CORRECT_V22_WRONG,True,True,2,False,4,True,-0.7399007678031921,4.706307888031006,3,False,4,True,-3.221402168273926,1.2249938249588013,3,False,4,True,-3.307830572128296,1.4630966186523438,2,False,4,True,-0.7373307943344116,4.657125473022461,3,False,4,True,-3.170382499694824,1.2899681329727173,2,False,4,True,-0.7344464659690857,4.665957450866699,2,False,4,True,-1.702584981918335,4.288131237030029,4,True,4,True,1.5345491170883179,2.988046646118164
public,1956,4,Sad,V22_CORRECT_V21_WRONG,True,True,2,False,6,False,-2.972282886505127,-0.9963054656982422,4,True,6,False,3.0821876525878906,-2.9056906700134277,4,True,0,False,3.271909713745117,-2.99615478515625,2,False,6,False,-2.8930110931396484,-0.9630615711212158,4,True,0,False,3.266928195953369,-2.9399638175964355,2,False,6,False,-2.8620922565460205,-1.3027849197387695,2,False,6,False,-2.662968397140503,-1.5409400463104248,4,True,6,False,1.7632043361663818,-3.576143741607666
public,1961,3,Happy,V22_CORRECT_V21_WRONG,True,True,4,False,3,True,-4.269120216369629,3.8962864875793457,3,True,6,False,0.8313212394714355,-4.607872486114502,3,True,6,False,0.9484986066818237,-4.580577850341797,4,False,3,True,-4.2646894454956055,3.905909538269043,3,True,6,False,0.7460368871688843,-4.60546875,4,False,3,True,-4.193550109863281,4.031708240509033,4,False,3,True,-4.409368515014648,3.3610901832580566,4,False,3,True,-3.3615946769714355,3.74111270904541
public,1962,4,Sad,V22_CORRECT_V21_WRONG,True,True,4,True,4,True,2.7755799293518066,1.2045364379882812,4,True,2,False,3.1701948642730713,-0.5969841480255127,4,True,2,False,3.129007339477539,-0.3213191032409668,4,True,4,True,2.8353238105773926,1.2353875637054443,4,True,2,False,3.0822370052337646,-0.6322171688079834,4,True,4,True,2.8707504272460938,1.2292635440826416,4,True,4,True,3.655543565750122,1.300767183303833,6,False,4,True,-1.3096063137054443,1.4616034030914307
public,1967,3,Happy,V21_CORRECT_V22_WRONG,True,True,6,False,3,True,-2.830185890197754,3.6791844367980957,6,False,3,True,-0.753582239151001,2.327251434326172,6,False,3,True,-1.4068305492401123,2.311121940612793,6,False,3,True,-2.9486658573150635,3.6937217712402344,6,False,3,True,-0.8192028999328613,2.3065695762634277,6,False,3,True,-2.767033100128174,3.6573615074157715,6,False,3,True,-2.8339853286743164,3.2475178241729736,6,False,3,True,-1.9649860858917236,4.341638088226318
public,1968,6,Neutral,V21_CORRECT_V22_WRONG,True,True,2,False,6,True,-4.050086975097656,1.5070216655731201,3,False,6,True,-1.6685537099838257,1.811645269393921,3,False,6,True,-1.6855332851409912,1.8845075368881226,2,False,6,True,-4.097253799438477,1.5646326541900635,3,False,6,True,-1.7221930027008057,1.7879509925842285,2,False,6,True,-4.3037614822387695,1.393088698387146,2,False,6,True,-3.7385776042938232,2.0218558311462402,2,False,6,True,-3.808326482772827,2.0066909790039062
public,1977,6,Neutral,V22_CORRECT_V21_WRONG,True,True,4,False,4,False,-0.3729546070098877,-2.888941764831543,6,True,4,False,1.8643532991409302,-0.6789377927780151,6,True,4,False,1.6695172786712646,-0.43381714820861816,4,False,4,False,-0.3924987316131592,-2.82441782951355,6,True,4,False,1.801501989364624,-0.5418065786361694,4,False,4,False,-0.2980186939239502,-2.814516544342041,4,False,4,False,-0.6382284164428711,-2.3913493156433105,6,True,4,False,4.41544771194458,-0.45673537254333496
public,1983,6,Neutral,V21_CORRECT_V22_WRONG,True,True,4,False,3,False,-1.8948676586151123,-0.23474502563476562,0,False,6,True,-0.6154346466064453,3.5305984020233154,0,False,6,True,-0.6336085796356201,3.508803606033325,4,False,3,False,-1.8295942544937134,-0.25102996826171875,0,False,6,True,-0.5525479316711426,3.546372413635254,4,False,3,False,-1.6988096237182617,-0.26997804641723633,4,False,6,True,-1.8167548179626465,0.5735291242599487,4,False,3,False,-4.533287048339844,-4.5973968505859375
public,1991,3,Happy,V21_CORRECT_V22_WRONG,True,True,5,False,3,True,-0.7756268978118896,1.4207226037979126,5,False,3,True,-1.0936899185180664,1.9365127086639404,5,False,3,True,-1.1910035610198975,1.9424426555633545,5,False,3,True,-0.9855735301971436,1.426553726196289,5,False,3,True,-1.189833641052246,1.9086384773254395,5,False,3,True,-0.9207491874694824,1.2701613903045654,5,False,5,False,-0.48674845695495605,-0.19355010986328125,5,False,3,True,-2.1675100326538086,0.16127777099609375
public,1992,4,Sad,V22_CORRECT_V21_WRONG,True,True,0,False,6,False,-0.6254288554191589,-3.948276996612549,4,True,6,False,2.6961774826049805,-3.724731922149658,4,True,6,False,2.523003578186035,-3.6975364685058594,0,False,6,False,-0.7002039551734924,-3.94455885887146,4,True,6,False,2.612466335296631,-3.708838701248169,0,False,6,False,-0.7842171788215637,-3.968378782272339,0,False,6,False,-0.09805405139923096,-3.544567346572876,6,False,6,False,-3.4701483249664307,-4.909111499786377
public,2006,4,Sad,V21_CORRECT_V22_WRONG,True,True,6,False,0,False,-0.0023996829986572266,-2.840181350708008,4,True,4,True,0.05831027030944824,1.722946286201477,4,True,4,True,0.16560614109039307,1.713383436203003,4,True,0,False,0.023773908615112305,-2.821202278137207,4,True,4,True,0.12760329246520996,1.7347067594528198,4,True,0,False,0.6568057537078857,-2.657409191131592,4,True,0,False,0.18411564826965332,-2.58542799949646,4,True,0,False,0.784662663936615,-1.8759660720825195
public,2009,6,Neutral,V21_CORRECT_V22_WRONG,True,True,0,False,6,True,-5.370113372802734,2.714865207672119,2,False,6,True,-4.115131378173828,2.962378740310669,2,False,6,True,-4.363436698913574,3.123140811920166,0,False,6,True,-5.355330467224121,2.672959327697754,2,False,6,True,-4.0915727615356445,2.9803314208984375,0,False,6,True,-5.345468997955322,2.5538740158081055,0,False,6,True,-5.352236747741699,4.2559614181518555,2,False,6,True,-4.2281317710876465,1.3410543203353882
public,2013,6,Neutral,V22_CORRECT_V21_WRONG,True,True,6,True,4,False,2.674482822418213,-4.769702434539795,6,True,4,False,0.7418959140777588,-2.659647226333618,6,True,4,False,0.9219653606414795,-2.652574300765991,6,True,4,False,2.5227150917053223,-4.759522438049316,6,True,4,False,0.7378115653991699,-2.6091668605804443,6,True,4,False,2.4689340591430664,-4.7628092765808105,6,True,4,False,1.556821584701538,-4.731138706207275,6,True,6,True,2.080784320831299,0.10091102123260498
public,2022,4,Sad,V22_CORRECT_V21_WRONG,True,True,2,False,4,True,-2.271744966506958,0.2799801826477051,4,True,2,False,4.064089298248291,-4.499935150146484,4,True,2,False,4.1174702644348145,-4.442844390869141,2,False,4,True,-1.9730818271636963,0.34278059005737305,4,True,2,False,4.0637640953063965,-4.461954593658447,2,False,4,True,-1.7331982851028442,0.3042933940887451,2,False,2,False,-0.7490756511688232,-0.7051602602005005,3,False,3,False,-1.9709423780441284,-3.052426338195801
public,2027,6,Neutral,V21_CORRECT_V22_WRONG,True,True,0,False,6,True,-4.539290428161621,0.2909935712814331,0,False,6,True,-5.119688510894775,1.1859071254730225,0,False,6,True,-5.109247207641602,1.3030110597610474,0,False,6,True,-4.636165618896484,0.39478516578674316,0,False,6,True,-5.115856170654297,1.1903374195098877,0,False,6,True,-4.687889099121094,0.40172624588012695,0,False,6,True,-3.789064884185791,0.8906000852584839,4,False,4,False,-4.713125228881836,-3.9277737140655518
public,2041,4,Sad,V21_CORRECT_V22_WRONG,False,False,4,True,0,False,2.6030526161193848,-2.9648261070251465,0,False,4,True,-0.4406881332397461,0.008234500885009766,0,False,0,False,-0.294780969619751,-0.04326963424682617,4,True,0,False,2.5809993743896484,-2.9832968711853027,0,False,0,False,-0.3954315185546875,-0.03928661346435547,4,True,0,False,2.4805047512054443,-2.9942331314086914,4,True,0,False,2.837317705154419,-3.2407479286193848,4,True,0,False,4.213278293609619,-1.3688132762908936
public,2045,2,Fear,V21_CORRECT_V22_WRONG,True,True,0,False,0,False,-2.9239041805267334,-3.2288777828216553,6,False,2,True,-3.5640950202941895,0.2136298418045044,6,False,2,True,-3.734657049179077,0.1367863416671753,0,False,0,False,-2.958461284637451,-3.2153751850128174,6,False,2,True,-3.610201835632324,0.22002995014190674,0,False,0,False,-2.993431806564331,-3.249889612197876,6,False,0,False,-1.7473502159118652,-2.35898756980896,6,False,0,False,-2.7413017749786377,-2.0708255767822266
public,2053,6,Neutral,V21_CORRECT_V22_WRONG,True,True,4,False,4,False,-3.981379508972168,-2.412027359008789,4,False,6,True,-2.6463844776153564,0.6958386898040771,4,False,6,True,-2.7508513927459717,0.7516348361968994,4,False,4,False,-3.9162349700927734,-2.3651926517486572,4,False,6,True,-2.67828369140625,0.6905176639556885,4,False,4,False,-3.396888494491577,-2.3258585929870605,4,False,4,False,-5.02849817276001,-2.863460063934326,6,True,4,False,0.14660120010375977,-3.45060658454895
public,2054,4,Sad,V21_CORRECT_V22_WRONG,True,True,6,False,4,True,-0.8896141052246094,1.1423472166061401,6,False,4,True,-2.296165704727173,0.7087726593017578,6,False,4,True,-2.0744435787200928,0.6492151021957397,6,False,4,True,-0.8840175867080688,1.1513645648956299,6,False,4,True,-2.3356645107269287,0.6900210380554199,6,False,4,True,-0.92601478099823,1.166794776916504,6,False,4,True,-1.5777528285980225,1.495434284210205,6,False,4,True,-1.0475454330444336,1.6544578075408936
public,2055,4,Sad,V22_CORRECT_V21_WRONG,True,True,4,True,4,True,1.6675798892974854,0.47774219512939453,4,True,2,False,1.85711669921875,-2.315763235092163,4,True,2,False,1.9325470924377441,-2.27589750289917,4,True,4,True,1.6150996685028076,0.5529546737670898,4,True,2,False,1.7776416540145874,-2.238631248474121,4,True,4,True,1.6943421363830566,0.6043083667755127,4,True,4,True,2.6132192611694336,0.5934872627258301,4,True,3,False,4.206728935241699,-2.6417529582977295
public,2057,6,Neutral,V21_CORRECT_V22_WRONG,True,True,4,False,4,False,-3.8246467113494873,-3.0913543701171875,4,False,4,False,-2.0542449951171875,-0.019123554229736328,4,False,6,True,-2.11262583732605,0.1847832202911377,4,False,4,False,-3.8392934799194336,-3.1104941368103027,4,False,4,False,-2.156695604324341,-0.004967451095581055,4,False,4,False,-3.5773518085479736,-3.1238954067230225,4,False,4,False,-4.345527648925781,-3.337810516357422,4,False,4,False,-2.918827772140503,-2.227379083633423
public,2063,3,Happy,V21_CORRECT_V22_WRONG,True,True,0,False,3,True,-4.858728408813477,0.256999135017395,0,False,3,True,-1.127761721611023,4.057348728179932,0,False,3,True,-0.3060462474822998,4.050698757171631,0,False,3,True,-4.863142490386963,0.1808260679244995,0,False,3,True,-1.1310133934020996,4.067471981048584,0,False,3,True,-4.8964738845825195,0.30945539474487305,0,False,3,True,-4.57631778717041,0.9357166290283203,0,False,0,False,-4.373167514801025,-1.9263546466827393
public,2065,2,Fear,V21_CORRECT_V22_WRONG,True,True,2,True,0,False,2.5592782497406006,-1.0653674602508545,0,False,2,True,-0.9155983924865723,1.039847493171692,0,False,2,True,-0.7212049961090088,0.9864358901977539,2,True,0,False,2.5614211559295654,-1.0638864040374756,0,False,2,True,-0.9311566352844238,1.0394147634506226,2,True,0,False,2.426602363586426,-1.0224391222000122,2,True,0,False,2.6102511882781982,-1.1613528728485107,0,False,0,False,-1.0365872383117676,-1.4411017894744873
public,2066,6,Neutral,V22_CORRECT_V21_WRONG,True,True,0,False,6,True,-3.0117969512939453,1.8353188037872314,6,True,0,False,3.6122097969055176,-1.4117791652679443,6,True,0,False,3.520571231842041,-1.4505770206451416,0,False,6,True,-2.9958691596984863,1.8293521404266357,6,True,0,False,3.61590838432312,-1.4423291683197021,0,False,6,True,-3.014948606491089,1.8172166347503662,0,False,6,True,-4.368381500244141,1.9760022163391113,0,False,6,True,-3.463719606399536,2.838733673095703
public,2068,3,Happy,V21_CORRECT_V22_WRONG,True,True,0,False,3,True,-0.28060150146484375,1.816223382949829,2,False,3,True,-4.1787872314453125,3.7735443115234375,2,False,3,True,-3.8750033378601074,3.8346400260925293,0,False,3,True,-0.3129737377166748,1.9471948146820068,2,False,3,True,-4.094164848327637,3.9214375019073486,3,True,3,True,0.20865511894226074,1.9440178871154785,0,False,3,True,-0.8108655214309692,2.6460132598876953,3,True,3,True,1.2698696851730347,1.0670077800750732
public,2080,4,Sad,V21_CORRECT_V22_WRONG,True,True,4,True,4,True,0.5177299976348877,3.3504750728607178,0,False,4,True,-3.3687076568603516,1.327024221420288,0,False,4,True,-3.046421766281128,1.2467350959777832,4,True,4,True,0.20767521858215332,3.311323404312134,0,False,4,True,-3.3518900871276855,1.2936676740646362,4,True,4,True,0.11752426624298096,3.227102279663086,2,False,4,True,-0.5563217401504517,3.7514309883117676,2,False,4,True,-3.2243871688842773,2.44600248336792
public,2082,4,Sad,V22_CORRECT_V21_WRONG,True,True,4,True,1,False,4.715748310089111,-0.6925258636474609,4,True,2,False,4.349471569061279,-1.7267624139785767,4,True,2,False,4.423779487609863,-2.005171775817871,4,True,1,False,4.710926055908203,-0.6808357238769531,4,True,2,False,4.417324066162109,-1.7020981311798096,4,True,1,False,4.712111473083496,-0.5896728038787842,4,True,4,True,4.566969394683838,1.7373340129852295,4,True,4,True,4.882779598236084,3.9600276947021484
public,2084,3,Happy,V21_CORRECT_V22_WRONG,True,True,6,False,3,True,-2.82450532913208,1.9362601041793823,6,False,3,True,-0.024575233459472656,1.7988413572311401,3,True,3,True,0.02286672592163086,1.788659930229187,6,False,3,True,-2.6541173458099365,1.9246701002120972,3,True,3,True,0.2249138355255127,1.7987793684005737,6,False,3,True,-2.640230655670166,1.9040902853012085,6,False,3,True,-3.029038190841675,2.024402618408203,2,False,3,True,-2.9094696044921875,0.994621992111206
public,2091,4,Sad,V22_CORRECT_V21_WRONG,True,True,6,False,6,False,-1.5969226360321045,-1.2192353010177612,4,True,6,False,1.4876370429992676,-2.9348044395446777,4,True,6,False,1.2817249298095703,-2.9850518703460693,6,False,6,False,-1.519228458404541,-1.2890963554382324,4,True,6,False,1.4560320377349854,-2.984128713607788,6,False,6,False,-1.537152886390686,-1.1482864618301392,6,False,6,False,-2.095419406890869,-2.887739419937134,6,False,6,False,-3.502115249633789,-3.0861778259277344
public,2094,2,Fear,V22_CORRECT_V21_WRONG,True,True,2,True,4,False,2.1628477573394775,-1.2669599056243896,2,True,6,False,0.8779577016830444,-2.309231758117676,2,True,6,False,1.0528626441955566,-2.3044064044952393,2,True,4,False,1.9665992259979248,-1.2665045261383057,2,True,6,False,0.8545072674751282,-2.3077690601348877,2,True,4,False,2.142920970916748,-1.2132154703140259,2,True,4,False,1.5326714515686035,-1.2752540111541748,4,False,0,False,-2.5404248237609863,-2.6010236740112305
public,2099,3,Happy,V21_CORRECT_V22_WRONG,True,True,5,False,0,False,-4.173789024353027,-5.403652191162109,0,False,3,True,-3.169645309448242,4.01306676864624,0,False,3,True,-3.1725258827209473,4.006211280822754,5,False,0,False,-4.17539644241333,-5.422991752624512,0,False,3,True,-3.198305606842041,4.051361560821533,5,False,0,False,-4.146402835845947,-5.413093566894531,5,False,0,False,-3.7170841693878174,-5.399821758270264,5,False,3,True,-3.0132133960723877,1.3277175426483154
public,2100,6,Neutral,V21_CORRECT_V22_WRONG,True,True,4,False,4,False,-2.5375945568084717,-0.39306390285491943,4,False,6,True,-2.45600962638855,0.6307302713394165,4,False,6,True,-2.3840034008026123,0.6082767844200134,4,False,4,False,-2.5335874557495117,-0.35650336742401123,4,False,6,True,-2.4881622791290283,0.6337481141090393,4,False,4,False,-2.5681583881378174,-0.4690859317779541,4,False,6,True,-2.6410419940948486,0.9921704530715942,4,False,6,True,-2.793877363204956,3.1566553115844727
public,2101,4,Sad,V22_CORRECT_V21_WRONG,True,True,0,False,4,True,-2.300978422164917,1.5586297512054443,4,True,0,False,4.678346157073975,-0.663698673248291,4,True,0,False,4.677556037902832,-0.7109938859939575,0,False,4,True,-2.206552028656006,1.6234633922576904,4,True,0,False,4.648416042327881,-0.66791832447052,0,False,4,True,-2.3389780521392822,1.632798433303833,0,False,4,True,-2.6802268028259277,1.8752577304840088,2,False,4,True,-4.918850421905518,3.550442695617676
public,2104,2,Fear,V22_CORRECT_V21_WRONG,False,False,5,False,5,False,-1.1815803050994873,-1.4862942695617676,2,True,5,False,0.22700285911560059,-0.6013405323028564,2,True,5,False,0.13566923141479492,-0.7309613227844238,5,False,5,False,-1.2459193468093872,-1.5186803340911865,2,True,5,False,0.2532765865325928,-0.698077917098999,5,False,5,False,-1.1842498779296875,-1.5940783023834229,5,False,5,False,-1.0060417652130127,-2.439241886138916,2,True,5,False,2.36163330078125,-3.0733585357666016
public,2106,0,Angry,V22_CORRECT_V21_WRONG,True,True,0,True,4,False,1.207162618637085,-1.7479726076126099,0,True,4,False,1.3843224048614502,-3.879270315170288,0,True,4,False,1.2108583450317383,-3.9624195098876953,0,True,4,False,1.1367394924163818,-1.7484307289123535,0,True,4,False,1.2741607427597046,-3.871011972427368,0,True,4,False,1.5138475894927979,-1.5721898078918457,0,True,4,False,0.9651432037353516,-1.464033842086792,6,False,6,False,-4.077583312988281,-3.1269164085388184
public,2125,0,Angry,V22_CORRECT_V21_WRONG,True,True,3,False,3,False,-0.5354191064834595,-0.8929727673530579,0,True,2,False,3.011474609375,-1.9012947082519531,0,True,2,False,3.126502275466919,-1.8523720502853394,3,False,3,False,-0.3754202127456665,-0.9985360503196716,0,True,2,False,3.0207037925720215,-1.905320405960083,3,False,3,False,-0.715954065322876,-0.78080815076828,3,False,2,False,-0.7509424686431885,-0.13042426109313965,3,False,3,False,-1.6979012489318848,-3.1170856952667236
public,2130,4,Sad,V22_CORRECT_V21_WRONG,True,True,3,False,4,True,-2.272968053817749,2.814409017562866,4,True,6,False,1.050811529159546,-1.3997867107391357,4,True,6,False,1.0063908100128174,-1.3204158544540405,3,False,4,True,-2.240025520324707,2.809276580810547,4,True,6,False,1.0663433074951172,-1.3674790859222412,3,False,4,True,-1.4678726196289062,2.8087847232818604,3,False,4,True,-3.959240436553955,2.4287073612213135,4,True,3,False,0.9898985624313354,-4.503161907196045
public,2132,6,Neutral,V22_CORRECT_V21_WRONG,False,False,6,True,4,False,1.131479263305664,-2.9372804164886475,6,True,4,False,1.727131724357605,-1.1923154592514038,6,True,4,False,1.738527774810791,-1.2522293329238892,6,True,4,False,1.1509324312210083,-2.9260900020599365,6,True,4,False,1.6998289823532104,-1.1752742528915405,6,True,4,False,0.9099292755126953,-2.8374383449554443,6,True,4,False,0.5538320541381836,-3.061194658279419,6,True,2,False,1.6797168254852295,-3.5259125232696533
public,2151,6,Neutral,V22_CORRECT_V21_WRONG,True,True,4,False,0,False,-3.2396113872528076,-4.489260196685791,6,True,0,False,4.133021354675293,-1.4560668468475342,6,True,0,False,4.251810550689697,-1.3088200092315674,4,False,0,False,-3.237943410873413,-4.50363826751709,6,True,0,False,4.1880693435668945,-1.423094391822815,4,False,0,False,-3.358668565750122,-4.610769271850586,4,False,0,False,-3.318148136138916,-5.003165245056152,4,False,6,True,-4.53665018081665,3.5796566009521484
public,2159,5,Surprise,V21_CORRECT_V22_WRONG,True,True,4,False,5,True,-1.414306402206421,1.0398629903793335,4,False,5,True,-4.4815216064453125,3.98364520072937,4,False,5,True,-4.52885103225708,3.8297786712646484,4,False,5,True,-1.5629016160964966,1.0525952577590942,4,False,5,True,-4.476321220397949,3.913865327835083,4,False,5,True,-1.6973732709884644,0.8234155178070068,4,False,5,True,-3.5800743103027344,1.5311001539230347,2,False,3,False,-3.3054468631744385,-2.7512364387512207
public,2179,6,Neutral,V21_CORRECT_V22_WRONG,True,True,0,False,6,True,-4.390010356903076,0.5604104995727539,4,False,6,True,-3.147237539291382,2.7297377586364746,4,False,6,True,-3.1866445541381836,2.7426793575286865,0,False,6,True,-4.398627758026123,0.5931034088134766,4,False,6,True,-3.151022434234619,2.7711009979248047,0,False,6,True,-4.381021976470947,0.9719724655151367,0,False,6,True,-4.073361396789551,1.1412250995635986,6,True,4,False,1.765623927116394,-4.913517951965332
public,2189,4,Sad,V21_CORRECT_V22_WRONG,True,True,6,False,2,False,-0.5156773328781128,-0.08397269248962402,6,False,4,True,-0.48622041940689087,1.234513759613037,6,False,4,True,-0.6166967749595642,1.2879464626312256,6,False,2,False,-0.44412028789520264,-0.138879656791687,6,False,4,True,-0.43183082342147827,1.2074365615844727,6,False,2,False,-0.6155320405960083,-0.2763030529022217,4,True,2,False,0.9723261594772339,-0.1587275266647339,4,True,2,False,0.9805059432983398,-1.1578940153121948
public,2191,4,Sad,V22_CORRECT_V21_WRONG,True,True,0,False,0,False,-1.8604413270950317,-1.9942033290863037,2,False,0,False,-0.05343663692474365,-2.108173370361328,4,True,0,False,0.19940614700317383,-2.1136586666107178,0,False,0,False,-1.851874828338623,-2.1496424674987793,4,True,0,False,0.061188459396362305,-2.20570707321167,0,False,0,False,-1.708796501159668,-1.996189832687378,0,False,0,False,-2.466581344604492,-2.1910417079925537,4,True,0,False,1.7425473928451538,-0.04446244239807129
public,2192,0,Angry,V22_CORRECT_V21_WRONG,True,True,0,True,0,True,3.6798934936523438,3.801574468612671,0,True,1,False,4.58066463470459,-1.2637131214141846,0,True,1,False,4.6249823570251465,-1.4384047985076904,0,True,0,True,3.529818296432495,3.7898998260498047,0,True,1,False,4.571019649505615,-1.1830635070800781,0,True,0,True,3.7057271003723145,3.769864082336426,0,True,0,True,3.6335792541503906,3.989201545715332,2,False,3,False,-1.653255820274353,-1.614386796951294
public,2196,0,Angry,V21_CORRECT_V22_WRONG,True,True,4,False,2,False,-3.074700355529785,-0.7855322957038879,6,False,0,True,-3.9423482418060303,1.3286713361740112,6,False,0,True,-3.9071907997131348,1.2996424436569214,4,False,2,False,-3.037997245788574,-0.813567042350769,6,False,0,True,-3.9603867530822754,1.3100254535675049,4,False,2,False,-3.195598840713501,-0.7846556305885315,4,False,6,False,-3.1859655380249023,-1.1699843406677246,2,False,0,True,-0.7201058864593506,0.018151402473449707
public,2197,3,Happy,V21_CORRECT_V22_WRONG,True,True,3,True,3,True,4.50639009475708,3.3654544353485107,2,False,3,True,-0.6113564968109131,3.6629037857055664,2,False,3,True,-0.4832277297973633,3.676086664199829,3,True,3,True,4.501543998718262,3.405306100845337,2,False,3,True,-0.5851993560791016,3.6904826164245605,3,True,3,True,4.481172561645508,3.381028890609741,3,True,3,True,4.50499963760376,3.7048404216766357,3,True,3,True,3.719945192337036,3.8095428943634033
public,2210,4,Sad,V22_CORRECT_V21_WRONG,True,True,2,False,4,True,-5.013422966003418,4.063937664031982,4,True,2,False,4.344532012939453,-4.800534725189209,4,True,2,False,4.308289527893066,-4.864254474639893,2,False,4,True,-4.997691631317139,4.100918769836426,4,True,2,False,4.377408504486084,-4.833011627197266,2,False,4,True,-4.984457015991211,4.205841541290283,2,False,4,True,-4.959454536437988,3.5635364055633545,5,False,2,False,-3.9868147373199463,-3.257648468017578
public,2215,5,Surprise,V22_CORRECT_V21_WRONG,True,True,2,False,4,False,-1.8153035640716553,-3.529864549636841,5,True,3,False,2.331373929977417,-0.7507176399230957,5,True,3,False,2.3679442405700684,-0.7377116680145264,2,False,4,False,-1.6815223693847656,-3.437582015991211,5,True,3,False,2.3263258934020996,-0.6408061981201172,2,False,4,False,-1.4354510307312012,-3.0467541217803955,2,False,4,False,-1.6707565784454346,-2.744004011154175,6,False,4,False,-4.756018161773682,-4.799810409545898
public,2217,6,Neutral,V22_CORRECT_V21_WRONG,True,True,4,False,4,False,-3.492520332336426,-3.084650993347168,6,True,4,False,0.6211233139038086,-2.5594513416290283,6,True,4,False,0.6495227813720703,-2.671556234359741,4,False,4,False,-3.5294461250305176,-3.0573220252990723,6,True,4,False,0.6539809703826904,-2.4917044639587402,4,False,4,False,-3.527756452560425,-2.9788472652435303,4,False,4,False,-4.121984481811523,-2.6356582641601562,4,False,6,True,-4.044064998626709,1.123492956161499
public,2218,4,Sad,V22_CORRECT_V21_WRONG,True,True,4,True,4,True,0.5457112789154053,2.5274994373321533,4,True,6,False,0.20719623565673828,-0.9154914617538452,4,True,6,False,0.5113272666931152,-0.8357902765274048,4,True,4,True,0.5121654272079468,2.4778525829315186,4,True,6,False,0.14095354080200195,-0.9360573291778564,4,True,4,True,0.6706571578979492,2.388810634613037,4,True,4,True,2.201695203781128,1.5011601448059082,4,True,4,True,3.062063217163086,3.5626542568206787
public,2222,0,Angry,V22_CORRECT_V21_WRONG,True,True,2,False,0,True,-1.9629034996032715,1.7065726518630981,0,True,2,False,1.4915361404418945,-1.9177780151367188,0,True,2,False,1.677800178527832,-1.9802818298339844,2,False,0,True,-1.8775684833526611,1.6855934858322144,0,True,2,False,1.5199508666992188,-1.8945271968841553,2,False,0,True,-1.8900848627090454,1.7199320793151855,2,False,0,True,-2.3152871131896973,2.539539337158203,2,False,0,True,-0.07280182838439941,0.9216816425323486
public,2241,4,Sad,V22_CORRECT_V21_WRONG,True,True,4,True,4,True,4.027022361755371,1.686694622039795,4,True,6,False,2.498225450515747,-0.09499537944793701,4,True,6,False,2.6500208377838135,-0.49656999111175537,4,True,4,True,4.0027689933776855,1.5439345836639404,4,True,6,False,2.3653199672698975,-0.07129859924316406,4,True,4,True,4.123594760894775,1.5554609298706055,4,True,4,True,3.9280459880828857,1.1129275560379028,4,True,4,True,2.691986560821533,0.3387782573699951
public,2245,6,Neutral,V21_CORRECT_V22_WRONG,True,True,3,False,6,True,-2.0731120109558105,2.123994827270508,3,False,6,True,-2.2079873085021973,2.5737061500549316,3,False,6,True,-2.019498825073242,2.5618793964385986,3,False,6,True,-2.0994508266448975,2.134291648864746,3,False,6,True,-2.1155507564544678,2.5558300018310547,3,False,6,True,-2.071486234664917,2.223172187805176,6,True,6,True,0.16655254364013672,1.934780478477478,3,False,3,False,-4.376676559448242,-3.855051279067993
public,2257,2,Fear,V22_CORRECT_V21_WRONG,True,True,0,False,4,False,-4.946287631988525,-0.38065171241760254,2,True,6,False,1.323643445968628,-2.7691702842712402,2,True,6,False,1.5192358493804932,-2.858454704284668,0,False,4,False,-4.931400775909424,-0.33497440814971924,2,True,6,False,1.5514020919799805,-2.766619920730591,0,False,4,False,-4.9558000564575195,-0.2821294069290161,0,False,6,False,-4.837976932525635,-1.1970691680908203,2,True,6,False,0.6723699569702148,-3.286524534225464
public,2259,4,Sad,V21_CORRECT_V22_WRONG,True,True,0,False,6,False,-0.47197461128234863,-0.8198111057281494,0,False,4,True,-2.8449132442474365,0.5006856918334961,0,False,4,True,-2.931028366088867,0.5331547260284424,0,False,6,False,-0.48322010040283203,-0.7701001167297363,0,False,4,True,-2.871617078781128,0.4789842367172241,4,True,6,False,0.10212063789367676,-0.8237608671188354,4,True,6,False,0.29036641120910645,-0.46729516983032227,4,True,6,False,1.2482168674468994,-1.915673017501831
public,2260,4,Sad,V21_CORRECT_V22_WRONG,True,True,4,True,3,False,1.3654649257659912,-5.629730224609375,3,False,4,True,-1.2226996421813965,0.6184996366500854,3,False,4,True,-1.510418176651001,0.4961402416229248,4,True,3,False,1.6162997484207153,-5.629839897155762,3,False,4,True,-1.2537858486175537,0.5534251928329468,4,True,3,False,1.830712080001831,-5.639013290405273,4,True,3,False,0.44776201248168945,-5.669064044952393,2,False,3,False,-3.7063019275665283,-4.349613666534424
public,2265,3,Happy,V21_CORRECT_V22_WRONG,True,True,3,True,6,False,4.383696556091309,-2.2063510417938232,6,False,3,True,-2.319429874420166,3.2444067001342773,6,False,3,True,-2.444946527481079,3.2369556427001953,3,True,6,False,4.381041526794434,-2.304813861846924,6,False,3,True,-2.311171054840088,3.248645067214966,3,True,6,False,4.394384860992432,-1.997219204902649,3,True,6,False,3.6575729846954346,-1.3410362005233765,4,False,3,True,-2.366485834121704,1.3958004713058472
public,2278,6,Neutral,V21_CORRECT_V22_WRONG,True,True,4,False,3,False,-3.262700319290161,-0.11078786849975586,4,False,6,True,-1.5686026811599731,2.58500075340271,4,False,6,True,-1.3671138286590576,2.6770730018615723,4,False,3,False,-3.2570314407348633,-0.1392533779144287,4,False,6,True,-1.710625171661377,2.544997215270996,4,False,3,False,-3.676013946533203,-0.2290341854095459,4,False,6,True,-4.066500663757324,0.8003274202346802,4,False,6,True,-5.345767974853516,2.30877685546875
public,2281,6,Neutral,V21_CORRECT_V22_WRONG,True,True,5,False,6,True,-3.059006929397583,2.524322509765625,6,True,6,True,0.047210693359375,2.655097007751465,3,False,6,True,-0.5622535943984985,2.549698829650879,5,False,6,True,-2.9785213470458984,2.546086311340332,3,False,6,True,-0.3454113006591797,2.645418882369995,5,False,6,True,-2.7856152057647705,2.499894618988037,4,False,6,True,-1.0846631526947021,2.489682912826538,6,True,3,False,3.722783088684082,-2.6300041675567627
public,2283,6,Neutral,V22_CORRECT_V21_WRONG,True,True,4,False,2,False,-2.995840311050415,-4.351078033447266,6,True,3,False,1.9726314544677734,-2.699198007583618,6,True,3,False,2.0252203941345215,-2.356189250946045,4,False,2,False,-3.0609498023986816,-4.329911231994629,6,True,3,False,2.0718095302581787,-2.680234670639038,4,False,2,False,-2.9272053241729736,-4.2797465324401855,0,False,2,False,-2.8572518825531006,-4.027565002441406,3,False,3,False,-4.595923900604248,-1.9599297046661377
public,2288,6,Neutral,V21_CORRECT_V22_WRONG,True,True,4,False,3,False,-3.4268109798431396,-3.413121461868286,4,False,6,True,-2.3633012771606445,0.6412807703018188,4,False,6,True,-2.4758121967315674,0.6244899034500122,4,False,3,False,-3.5704917907714844,-3.4012575149536133,4,False,6,True,-2.4075052738189697,0.6826962232589722,4,False,3,False,-3.457951307296753,-3.400740623474121,4,False,3,False,-2.8666157722473145,-2.9954168796539307,3,False,3,False,-1.6746041774749756,-4.100991249084473
public,2289,6,Neutral,V22_CORRECT_V21_WRONG,True,True,5,False,0,False,-5.5807976722717285,-2.7743263244628906,6,True,5,False,1.0043944120407104,-5.095346450805664,6,True,5,False,1.2470735311508179,-5.082911014556885,5,False,0,False,-5.614029884338379,-2.7827820777893066,6,True,5,False,1.0139139890670776,-5.095278263092041,5,False,0,False,-5.651632308959961,-2.655435085296631,5,False,5,False,-5.683295726776123,-2.8730273246765137,5,False,6,True,-5.004604339599609,1.596560001373291
public,2293,4,Sad,V22_CORRECT_V21_WRONG,True,False,4,True,4,True,0.6771645545959473,0.3069136142730713,4,True,2,False,0.6948108673095703,-0.9724317789077759,4,True,2,False,0.4808080196380615,-0.7943204641342163,4,True,4,True,0.7699601650238037,0.3353191614151001,4,True,2,False,0.6811031699180603,-1.015708565711975,4,True,4,True,0.9745365381240845,0.3190727233886719,0,False,4,True,-0.4472919702529907,0.6947646141052246,0,False,4,True,-2.315645694732666,0.29147088527679443
public,2301,3,Happy,V21_CORRECT_V22_WRONG,True,True,6,False,3,True,-2.9497809410095215,4.163750171661377,6,False,3,True,-2.137101650238037,0.15567851066589355,6,False,3,True,-2.278944969177246,0.34050893783569336,6,False,3,True,-2.964543581008911,4.177093505859375,6,False,3,True,-2.1500582695007324,0.13071346282958984,6,False,3,True,-2.9112935066223145,4.132418632507324,0,False,3,True,-2.790191650390625,4.073011875152588,3,True,3,True,1.5579590797424316,3.2562692165374756
public,2306,2,Fear,V22_CORRECT_V21_WRONG,True,True,0,False,4,False,-1.1070358753204346,-0.9813951253890991,2,True,0,False,4.1707258224487305,-1.9857083559036255,2,True,0,False,4.071224212646484,-1.6707215309143066,0,False,4,False,-1.145278811454773,-1.063554048538208,2,True,0,False,4.161862373352051,-1.9822627305984497,0,False,4,False,-1.4078381061553955,-0.8787046670913696,0,False,4,False,-0.7810261249542236,-1.89268159866333,4,False,6,False,-0.4854618310928345,-2.131479501724243
public,2313,3,Happy,V22_CORRECT_V21_WRONG,True,True,3,True,3,True,3.360358715057373,2.2714529037475586,3,True,0,False,4.12792444229126,-4.130383491516113,3,True,0,False,4.211705207824707,-4.39017915725708,3,True,3,True,3.3690786361694336,2.3045787811279297,3,True,0,False,4.13873291015625,-4.097420692443848,3,True,3,True,3.207301139831543,2.3383142948150635,3,True,3,True,2.6159069538116455,3.0327000617980957,3,True,3,True,4.504329204559326,4.892753601074219
public,2317,6,Neutral,V22_CORRECT_V21_WRONG,True,True,4,False,6,True,-2.404726266860962,0.8350077867507935,6,True,4,False,0.7035670280456543,-1.570383906364441,6,True,4,False,0.5042662620544434,-1.654699444770813,4,False,6,True,-2.342212677001953,0.8676056861877441,6,True,4,False,0.693915605545044,-1.6365227699279785,4,False,6,True,-2.056382656097412,0.986973762512207,0,False,6,True,-2.9456539154052734,2.562260866165161,0,False,2,False,-4.595333576202393,-0.24886882305145264
public,2322,0,Angry,V22_CORRECT_V21_WRONG,True,True,1,False,0,True,-1.3660691976547241,3.9133200645446777,0,True,1,False,4.364497661590576,-0.8181514739990234,0,True,1,False,4.349545001983643,-1.4073147773742676,1,False,0,True,-1.506125569343567,3.9243407249450684,0,True,1,False,4.357342720031738,-0.6962552070617676,1,False,0,True,-1.5172368288040161,3.9032111167907715,1,False,0,True,-1.4565671682357788,3.6782829761505127,1,False,2,False,-0.9557579755783081,-0.9207391142845154
public,2323,4,Sad,V22_CORRECT_V21_WRONG,True,True,4,True,6,False,3.463245153427124,-3.7673521041870117,4,True,6,False,1.9478440284729004,-0.6497888565063477,4,True,6,False,1.821137547492981,-0.7131924629211426,4,True,6,False,3.4970757961273193,-3.7792553901672363,4,True,6,False,1.9399787187576294,-0.7218207120895386,4,True,6,False,3.5119645595550537,-3.690877914428711,4,True,6,False,3.8088910579681396,-4.463801383972168,2,False,4,True,-1.8115344047546387,1.5138376951217651
public,2331,4,Sad,V21_CORRECT_V22_WRONG,True,True,3,False,2,False,-4.024305820465088,-4.224900245666504,3,False,4,True,-2.688478946685791,0.16199851036071777,3,False,4,True,-2.7265071868896484,0.31507444381713867,3,False,2,False,-4.116502285003662,-4.205709457397461,3,False,4,True,-2.4969842433929443,0.18998241424560547,3,False,2,False,-3.993129253387451,-4.353414058685303,3,False,2,False,-3.9774484634399414,-4.599089622497559,6,False,6,False,-4.0924835205078125,-2.1601502895355225
public,2357,3,Happy,V22_CORRECT_V21_WRONG,True,True,3,True,3,True,4.152541160583496,2.7873404026031494,3,True,6,False,1.471794605255127,-0.7431991100311279,3,True,6,False,1.5223472118377686,-0.7136352062225342,3,True,3,True,4.139251708984375,2.801999568939209,3,True,6,False,1.4339449405670166,-0.7332103252410889,3,True,3,True,4.164219856262207,2.854346513748169,3,True,3,True,4.2321391105651855,2.6954245567321777,3,True,3,True,2.554941415786743,4.527831554412842
public,2360,0,Angry,V21_CORRECT_V22_WRONG,True,True,4,False,3,False,-1.924554705619812,-2.194549322128296,6,False,0,True,-2.026376724243164,1.327136516571045,6,False,0,True,-1.845697045326233,1.400490164756775,4,False,3,False,-1.7929327487945557,-2.1698708534240723,6,False,0,True,-1.9447081089019775,1.2751389741897583,4,False,3,False,-1.6852880716323853,-2.034977912902832,0,True,4,False,1.1536568403244019,-1.7482465505599976,4,False,6,False,-1.5402743816375732,-2.806727409362793
public,2365,3,Happy,V22_CORRECT_V21_WRONG,True,True,6,False,3,True,-4.724055290222168,4.701905250549316,3,True,6,False,3.0903706550598145,-3.9362294673919678,3,True,6,False,2.8416175842285156,-4.00015115737915,6,False,3,True,-4.696470737457275,4.698636054992676,3,True,6,False,3.103593111038208,-3.9677276611328125,6,False,3,True,-4.651320934295654,4.70024299621582,6,False,3,True,-4.402819633483887,4.474862575531006,2,False,3,True,-5.319382667541504,2.6419270038604736
public,2372,0,Angry,V22_CORRECT_V21_WRONG,True,True,6,False,0,True,-0.29235541820526123,0.84703528881073,0,True,6,False,2.422504425048828,-2.802619695663452,0,True,6,False,2.240685224533081,-2.754460334777832,6,False,0,True,-0.30764901638031006,0.6764694452285767,0,True,6,False,2.2748687267303467,-2.8445253372192383,6,False,0,True,-0.19030094146728516,0.4802020788192749,6,False,6,False,-0.6905227899551392,-0.8152433633804321,0,True,6,False,4.2793965339660645,-3.890334129333496
public,2379,0,Angry,V21_CORRECT_V22_WRONG,True,True,0,True,0,True,2.166376829147339,2.5524377822875977,4,False,0,True,-1.2964165210723877,2.2799980640411377,4,False,0,True,-1.2684009075164795,2.27689266204834,0,True,0,True,2.2111763954162598,2.4976954460144043,4,False,0,True,-1.141708254814148,2.2384514808654785,0,True,0,True,2.3500216007232666,2.5680887699127197,0,True,0,True,1.1636700630187988,1.2205978631973267,2,False,6,False,-2.5557897090911865,-0.4144684076309204
public,2385,4,Sad,V21_CORRECT_V22_WRONG,True,True,4,True,3,False,4.352638244628906,-2.4121060371398926,3,False,4,True,-3.7972254753112793,4.036381721496582,3,False,4,True,-3.6403160095214844,3.957900285720825,4,True,3,False,4.3530964851379395,-2.5040416717529297,3,False,4,True,-3.8825912475585938,4.072033405303955,4,True,3,False,4.375244617462158,-2.532029390335083,4,True,3,False,4.393099784851074,-2.5798325538635254,4,True,3,False,4.734926223754883,-3.1040356159210205
public,2389,0,Angry,V21_CORRECT_V22_WRONG,True,True,6,False,4,False,-3.866848945617676,-2.8606221675872803,4,False,0,True,-3.7906174659729004,0.23145616054534912,4,False,0,True,-3.719555139541626,0.3155174255371094,6,False,4,False,-3.8601901531219482,-2.812671661376953,4,False,0,True,-3.775998115539551,0.27651846408843994,4,False,4,False,-3.8282546997070312,-2.7875123023986816,4,False,4,False,-3.70986270904541,-3.2149531841278076,2,False,4,False,-3.7466392517089844,-0.7218460440635681
public,2390,4,Sad,V21_CORRECT_V22_WRONG,True,True,0,False,0,False,-0.9449738264083862,-2.52719783782959,0,False,4,True,-1.6504449844360352,0.008817672729492188,0,False,4,True,-1.623641014099121,0.06888914108276367,0,False,0,False,-0.8644485473632812,-2.4775145053863525,0,False,4,True,-2.026247978210449,0.0026373863220214844,0,False,0,False,-0.7541577816009521,-2.5521745681762695,0,False,0,False,-1.5812246799468994,-3.62770414352417,0,False,0,False,-2.851227045059204,-1.0470525026321411
public,2396,2,Fear,V22_CORRECT_V21_WRONG,True,True,0,False,0,False,-0.02166128158569336,-4.5907301902771,2,True,0,False,0.5062904357910156,-1.4682432413101196,2,True,0,False,0.7187093496322632,-1.658019781112671,2,True,0,False,0.004102945327758789,-4.591733932495117,2,True,0,False,0.5646357536315918,-1.501493215560913,2,True,0,False,0.014130115509033203,-4.601900100708008,0,False,0,False,-0.518397331237793,-4.648427486419678,0,False,0,False,-1.6363754272460938,-4.41690731048584
public,2397,3,Happy,V21_CORRECT_V22_WRONG,True,True,3,True,3,True,2.1860122680664062,4.354106903076172,2,False,3,True,-1.4003510475158691,1.98373281955719,2,False,3,True,-1.2061703205108643,2.035810947418213,3,True,3,True,2.278507709503174,4.357023239135742,2,False,3,True,-1.4338515996932983,1.976523518562317,3,True,3,True,2.1031041145324707,4.371455192565918,3,True,3,True,3.1520566940307617,4.377964496612549,3,True,3,True,3.8403496742248535,4.587337493896484
public,2398,2,Fear,V21_CORRECT_V22_WRONG,True,True,2,True,4,False,3.561147928237915,-1.9821672439575195,6,False,2,True,-1.0116543769836426,1.6405847072601318,6,False,2,True,-0.6133456230163574,1.633858561515808,2,True,4,False,3.62172269821167,-1.9553499221801758,6,False,2,True,-1.2730211019515991,1.6634068489074707,2,True,4,False,3.6865901947021484,-1.8583834171295166,2,True,4,False,3.3000125885009766,-1.9024806022644043,5,False,2,True,-1.1652945280075073,0.16451454162597656
public,2401,6,Neutral,V21_CORRECT_V22_WRONG,True,True,3,False,6,True,-2.803079605102539,3.0272157192230225,4,False,6,True,-4.39829158782959,3.280649185180664,4,False,6,True,-4.238243103027344,3.1625096797943115,3,False,6,True,-2.7258141040802,3.0057761669158936,4,False,6,True,-4.4790568351745605,3.23030424118042,3,False,6,True,-2.9322779178619385,3.0223870277404785,3,False,6,True,-2.0878753662109375,2.6777353286743164,6,True,3,False,3.4661340713500977,-3.077300548553467
public,2404,4,Sad,V21_CORRECT_V22_WRONG,True,True,4,True,4,True,1.4656329154968262,2.7484447956085205,2,False,4,True,-0.13381409645080566,1.631665825843811,2,False,4,True,-0.24480223655700684,1.711044192314148,4,True,4,True,1.4759042263031006,2.71526837348938,2,False,4,True,-0.1379079818725586,1.6136736869812012,4,True,4,True,1.5358691215515137,2.713209629058838,4,True,4,True,1.1778790950775146,2.917365312576294,3,False,4,True,-4.096063137054443,3.6875743865966797
public,2405,2,Fear,V21_CORRECT_V22_WRONG,True,True,0,False,6,False,-3.6545073986053467,-1.380395770072937,6,False,2,True,-1.1772396564483643,1.0274004936218262,6,False,2,True,-1.0590393543243408,1.0162445306777954,0,False,6,False,-3.707209348678589,-1.468134880065918,6,False,2,True,-1.1762298345565796,0.9512955546379089,0,False,6,False,-4.183813095092773,-1.385938048362732,0,False,6,False,-3.3390870094299316,-1.3192845582962036,0,False,6,False,-3.616962432861328,-2.0226693153381348
public,2408,4,Sad,V21_CORRECT_V22_WRONG,True,True,1,False,0,False,-4.3593244552612305,-0.27405595779418945,1,False,4,True,-1.2112008333206177,1.4836149215698242,1,False,4,True,-1.077521562576294,1.215287208557129,1,False,0,False,-4.38234281539917,-0.2947549819946289,1,False,4,True,-1.1037912368774414,1.4779090881347656,1,False,0,False,-4.531915664672852,-0.3390049934387207,1,False,0,False,-4.136799335479736,-0.7154006958007812,4,True,0,False,2.0737075805664062,-1.2163491249084473
public,2411,0,Angry,V22_CORRECT_V21_WRONG,True,True,4,False,4,False,-2.68727707862854,-0.49912071228027344,0,True,4,False,2.0809731483459473,-3.071420907974243,0,True,4,False,1.9149127006530762,-3.0602364540100098,4,False,4,False,-2.6826775074005127,-0.4956251382827759,0,True,4,False,2.0814175605773926,-3.0843052864074707,4,False,4,False,-2.9081294536590576,-0.490444540977478,4,False,4,False,-3.4489448070526123,-0.7398488521575928,4,False,4,False,-4.850956439971924,-0.0774846076965332
public,2413,2,Fear,V21_CORRECT_V22_WRONG,True,True,5,False,2,True,-0.020754694938659668,2.745344400405884,5,False,2,True,-4.512732028961182,1.3214073181152344,5,False,2,True,-4.6146416664123535,1.3757944107055664,2,True,2,True,0.01645803451538086,2.7671926021575928,5,False,2,True,-4.459792137145996,1.3122353553771973,5,False,2,True,-0.049914002418518066,2.6392223834991455,2,True,2,True,0.6607639789581299,1.7879561185836792,6,False,6,False,-2.542684316635132,-2.1679434776306152
public,2424,3,Happy,V21_CORRECT_V22_WRONG,True,False,5,False,5,False,-3.644695281982422,-2.1661486625671387,5,False,3,True,-1.1797094345092773,3.3191754817962646,5,False,3,True,-1.6845738887786865,3.2719783782958984,5,False,5,False,-3.742694854736328,-2.1345901489257812,5,False,3,True,-1.566857099533081,3.3038511276245117,5,False,5,False,-3.58459734916687,-2.185865879058838,5,False,5,False,-3.722154140472412,-2.851292610168457,5,False,5,False,-2.963921546936035,-2.4360837936401367
public,2447,4,Sad,V21_CORRECT_V22_WRONG,True,True,4,True,0,False,3.411649227142334,-0.6822667121887207,1,False,4,True,-1.3998924493789673,0.555220365524292,1,False,4,True,-1.519105315208435,0.5483747720718384,4,True,0,False,3.444369077682495,-0.6935902833938599,0,False,4,True,-1.4505305290222168,0.5857506990432739,4,True,0,False,3.626162052154541,-0.6095395088195801,4,True,4,True,2.6363439559936523,0.22966408729553223,0,False,4,True,-0.42045146226882935,0.6222734451293945
public,2456,3,Happy,V21_CORRECT_V22_WRONG,True,True,6,False,6,False,-3.048081874847412,-1.403186559677124,4,False,3,True,-0.08494281768798828,0.9626151323318481,4,False,3,True,-0.6501293182373047,0.6317715644836426,6,False,6,False,-3.1248176097869873,-1.4025938510894775,4,False,3,True,-0.47855639457702637,0.9193121194839478,6,False,6,False,-2.8827404975891113,-1.408374309539795,6,False,6,False,-3.467256784439087,-1.903716802597046,2,False,4,False,-4.884097099304199,-4.141661643981934
public,2457,4,Sad,V22_CORRECT_V21_WRONG,True,True,0,False,4,True,-3.6072866916656494,0.7778617143630981,4,True,0,False,4.17804479598999,-3.217313528060913,4,True,0,False,4.068812847137451,-3.1709794998168945,0,False,4,True,-3.6759777069091797,0.7817833423614502,4,True,0,False,4.185886383056641,-3.1961286067962646,0,False,4,True,-3.822971820831299,0.5935049057006836,0,False,4,True,-3.523082971572876,0.680401086807251,2,False,4,True,-1.4212956428527832,1.1114259958267212
public,2458,3,Happy,V22_CORRECT_V21_WRONG,True,True,3,True,3,True,4.715502738952637,2.047511339187622,3,True,5,False,0.10772180557250977,-0.6280474662780762,3,True,5,False,0.51755690574646,-0.5477502346038818,3,True,3,True,4.70580530166626,2.10136079788208,3,True,5,False,0.30969715118408203,-0.567941427230835,3,True,3,True,4.7431535720825195,2.052701473236084,3,True,3,True,4.961452007293701,1.829056978225708,3,True,3,True,0.7518805861473083,4.471601963043213
public,2465,4,Sad,V21_CORRECT_V22_WRONG,True,True,4,True,4,True,2.4960861206054688,2.466740846633911,2,False,4,True,-2.4447450637817383,1.742934226989746,2,False,4,True,-2.4360625743865967,1.6898937225341797,4,True,4,True,2.711963176727295,2.466005563735962,2,False,4,True,-2.4180710315704346,1.7167837619781494,4,True,4,True,2.767043113708496,2.6028566360473633,4,True,4,True,3.3181657791137695,2.8587777614593506,4,True,4,True,3.8969650268554688,0.9221501350402832
public,2471,6,Neutral,V22_CORRECT_V21_WRONG,True,True,5,False,2,False,-5.581486701965332,-2.6118061542510986,6,True,4,False,4.102665424346924,-0.593555212020874,6,True,4,False,4.275425910949707,-0.7700537443161011,5,False,2,False,-5.554185390472412,-2.636112689971924,6,True,4,False,4.113469123840332,-0.5542024374008179,5,False,2,False,-5.5754289627075195,-2.38686203956604,5,False,2,False,-4.963088035583496,-1.3806922435760498,6,True,6,True,2.799144744873047,3.338718891143799
public,2472,5,Surprise,V21_CORRECT_V22_WRONG,True,True,2,False,2,False,-4.635415077209473,-4.290334701538086,6,False,5,True,-0.7531642913818359,2.509791135787964,6,False,5,True,-0.7089297771453857,2.2728917598724365,2,False,2,False,-4.57399320602417,-4.224249839782715,6,False,5,True,-0.5852062702178955,2.502546787261963,2,False,2,False,-4.557794570922852,-4.181276321411133,2,False,2,False,-4.111083984375,-4.098193168640137,2,False,2,False,-1.7243609428405762,-3.2517764568328857
public,2473,4,Sad,V22_CORRECT_V21_WRONG,True,True,5,False,2,False,-0.8025709986686707,-0.8787473440170288,4,True,2,False,3.2876498699188232,-1.6314520835876465,4,True,2,False,3.20879864692688,-1.4773499965667725,5,False,2,False,-0.6522237658500671,-0.8743410110473633,4,True,2,False,3.287376642227173,-1.6437445878982544,5,False,2,False,-0.24874520301818848,-0.907394289970398,5,False,2,False,-0.43434906005859375,-0.8450989723205566,0,False,2,False,-5.389838695526123,-0.8194987773895264
public,2477,4,Sad,V22_CORRECT_V21_WRONG,True,True,4,True,4,True,0.013855218887329102,2.530466079711914,4,True,5,False,3.0216119289398193,-2.238664150238037,4,True,5,False,3.0329601764678955,-2.4263999462127686,4,True,4,True,0.177698016166687,2.5259392261505127,4,True,5,False,2.998413562774658,-2.2203917503356934,4,True,4,True,0.08807933330535889,2.588838577270508,3,False,4,True,-2.1475603580474854,2.6538915634155273,4,True,3,False,2.2987496852874756,-3.1373097896575928
public,2484,0,Angry,V21_CORRECT_V22_WRONG,True,True,6,False,4,False,-3.620297908782959,-1.9035048484802246,6,False,0,True,-3.1659326553344727,3.502192974090576,6,False,0,True,-3.241286277770996,3.5423243045806885,6,False,4,False,-3.678098201751709,-1.9593496322631836,6,False,0,True,-3.240708351135254,3.508073568344116,6,False,4,False,-3.7607078552246094,-1.7645511627197266,6,False,4,False,-3.0632710456848145,-1.0291141271591187,6,False,4,False,-3.4762561321258545,-3.899148464202881
public,2496,1,Disgust,V21_CORRECT_V22_WRONG,True,True,5,False,5,False,-5.059523105621338,-4.28913688659668,5,False,1,True,-4.982649803161621,0.2016737461090088,5,False,1,True,-5.004024505615234,0.17780399322509766,5,False,5,False,-5.058154106140137,-4.319338321685791,5,False,1,True,-4.981508255004883,0.17852210998535156,5,False,5,False,-5.057943820953369,-4.3296051025390625,5,False,5,False,-5.061241149902344,-4.399319171905518,5,False,2,False,-4.769737243652344,-4.344831466674805
public,2498,0,Angry,V22_CORRECT_V21_WRONG,True,True,0,True,3,False,1.4447691440582275,-1.472137212753296,0,True,3,False,4.3809003829956055,-4.158290386199951,0,True,3,False,4.352147102355957,-4.207331657409668,0,True,3,False,1.5658475160598755,-1.5364758968353271,0,True,3,False,4.36636209487915,-4.1579270362854,0,True,3,False,1.3407918214797974,-1.350832462310791,0,True,3,False,1.3998172283172607,-2.3590493202209473,0,True,3,False,4.230837821960449,-4.920035362243652
public,2502,6,Neutral,V21_CORRECT_V22_WRONG,True,True,0,False,4,False,-0.842427670955658,-2.4825439453125,0,False,6,True,-1.9695284366607666,2.1567986011505127,0,False,6,True,-1.9356114864349365,2.1419875621795654,0,False,4,False,-0.8980131149291992,-2.4828665256500244,0,False,6,True,-2.1088833808898926,2.1486399173736572,0,False,4,False,-1.3657050132751465,-2.31516170501709,6,True,4,False,0.10687541961669922,-3.1300346851348877,6,True,6,True,1.2270665168762207,2.2861461639404297
public,2516,4,Sad,V21_CORRECT_V22_WRONG,True,True,6,False,3,False,-3.235600471496582,-1.736375093460083,6,False,4,True,-2.460454225540161,2.1924030780792236,6,False,4,True,-2.62398362159729,2.341723918914795,6,False,3,False,-3.333028793334961,-1.960642695426941,6,False,4,True,-2.576763391494751,2.00600266456604,6,False,3,False,-3.1792445182800293,-1.5061779022216797,6,False,3,False,-3.288877487182617,-1.0913493633270264,3,False,3,False,-4.436675071716309,-4.311191082000732
public,2518,4,Sad,V22_CORRECT_V21_WRONG,True,True,4,True,6,False,0.9066619873046875,-1.9690009355545044,4,True,6,False,2.2919607162475586,-0.4986686706542969,4,True,6,False,2.125624418258667,-0.4900021553039551,4,True,6,False,0.9954578876495361,-1.9974244832992554,4,True,6,False,2.293942451477051,-0.5132979154586792,4,True,6,False,1.0479846000671387,-1.9510104656219482,4,True,6,False,0.9289867877960205,-1.7217426300048828,6,False,6,False,-4.395556449890137,-3.002326250076294
public,2519,2,Fear,V22_CORRECT_V21_WRONG,True,True,2,True,5,False,4.544629096984863,-0.6595067977905273,2,True,5,False,3.1037817001342773,-3.022937774658203,2,True,5,False,3.0514984130859375,-3.080130100250244,2,True,5,False,4.573696613311768,-0.6230795383453369,2,True,5,False,3.039060592651367,-3.086874485015869,2,True,5,False,4.704998016357422,-0.6888594627380371,2,True,5,False,4.926599979400635,-1.636275053024292,2,True,2,True,4.048668384552002,3.2138800621032715
public,2539,4,Sad,V22_CORRECT_V21_WRONG,True,True,6,False,4,True,-3.8578379154205322,3.2208547592163086,4,True,3,False,4.266472816467285,-1.2419655323028564,4,True,3,False,4.185051441192627,-1.0659806728363037,6,False,4,True,-3.764469623565674,3.21730899810791,4,True,3,False,4.268298149108887,-1.2324271202087402,6,False,4,True,-3.759833574295044,3.426964282989502,6,False,4,True,-4.372792720794678,1.3926149606704712,6,False,4,True,-4.690924167633057,3.4210569858551025
public,2545,2,Fear,V21_CORRECT_V22_WRONG,True,True,2,True,4,False,1.2956387996673584,-1.0604246854782104,4,False,2,True,-3.21433687210083,0.7336102724075317,6,False,2,True,-3.085141658782959,0.8677427768707275,2,True,4,False,1.2393666505813599,-1.1109040975570679,4,False,2,True,-3.1462340354919434,0.7430027723312378,2,True,4,False,0.8182659149169922,-1.1196414232254028,4,False,2,True,-0.915925145149231,1.3145066499710083,2,True,6,False,2.6184401512145996,-2.1254568099975586
public,2550,2,Fear,V22_CORRECT_V21_WRONG,True,True,2,True,4,False,2.93635892868042,-3.349621295928955,2,True,4,False,1.0498806238174438,-3.8586103916168213,2,True,4,False,1.4421145915985107,-3.832557201385498,2,True,4,False,2.820646286010742,-3.3763413429260254,2,True,4,False,1.0386909246444702,-3.8310739994049072,2,True,4,False,2.5456044673919678,-3.3376011848449707,2,True,4,False,2.5655457973480225,-3.656503915786743,2,True,3,False,0.43373537063598633,-4.538261890411377
public,2555,6,Neutral,V21_CORRECT_V22_WRONG,True,True,6,True,4,False,3.47975754737854,-4.397879600524902,4,False,6,True,-0.6046128273010254,4.720986843109131,4,False,6,True,-0.4862053394317627,4.72136926651001,6,True,4,False,3.3877949714660645,-4.342474460601807,4,False,6,True,-0.8185780048370361,4.725765705108643,6,True,4,False,3.191227912902832,-4.132843494415283,6,True,4,False,2.9818410873413086,-3.8343863487243652,6,True,4,False,4.44950008392334,-4.9431257247924805
public,2562,0,Angry,V22_CORRECT_V21_WRONG,True,True,0,True,0,True,0.7328892946243286,2.841223955154419,0,True,3,False,0.6985584497451782,-3.6848161220550537,0,True,3,False,1.3414280414581299,-3.615527391433716,0,True,0,True,0.4296119213104248,2.881814479827881,0,True,3,False,0.8286714553833008,-3.6775102615356445,3,False,0,True,-0.09191060066223145,2.8643674850463867,3,False,0,True,-0.0708317756652832,3.1167356967926025,0,True,0,True,3.516152858734131,1.086564302444458
public,2573,3,Happy,V22_CORRECT_V21_WRONG,True,True,6,False,3,True,-3.8419840335845947,1.738553524017334,3,True,6,False,0.9831256866455078,-2.8288211822509766,3,True,6,False,0.7301391363143921,-2.8688433170318604,6,False,3,True,-3.8021883964538574,1.6187173128128052,3,True,6,False,0.942838191986084,-2.8032102584838867,6,False,3,True,-3.6923677921295166,1.30491304397583,4,False,3,True,-3.285344123840332,0.6630948781967163,6,False,3,True,-4.032679557800293,3.656471014022827
public,2575,6,Neutral,V21_CORRECT_V22_WRONG,True,True,0,False,3,False,-3.581345319747925,-2.139702081680298,3,False,6,True,-4.957672119140625,2.9993209838867188,3,False,6,True,-4.882080554962158,3.0149316787719727,0,False,3,False,-3.6328206062316895,-2.1076955795288086,3,False,6,True,-4.990457534790039,2.9913225173950195,0,False,3,False,-3.705885410308838,-1.9368293285369873,0,False,3,False,-2.482297658920288,-1.839346170425415,0,False,4,False,-0.6441510319709778,-3.8735482692718506
public,2577,2,Fear,V22_CORRECT_V21_WRONG,True,True,0,False,4,False,-1.1070358753204346,-0.9813951253890991,2,True,0,False,4.1707258224487305,-1.9857083559036255,2,True,0,False,4.071224212646484,-1.6707215309143066,0,False,4,False,-1.145278811454773,-1.063554048538208,2,True,0,False,4.161862373352051,-1.9822627305984497,0,False,4,False,-1.4078381061553955,-0.8787046670913696,0,False,4,False,-0.7810261249542236,-1.89268159866333,4,False,6,False,-0.4854618310928345,-2.131479501724243
public,2578,6,Neutral,V21_CORRECT_V22_WRONG,True,True,0,False,3,False,-4.281486988067627,-0.7922333478927612,4,False,6,True,-2.6781396865844727,3.1255412101745605,4,False,6,True,-2.547800302505493,3.1989991664886475,0,False,3,False,-4.306220054626465,-0.7139277458190918,4,False,6,True,-2.629603385925293,3.114352226257324,0,False,3,False,-4.2644429206848145,-0.7931802272796631,0,False,3,False,-4.277695178985596,-1.210128903388977,0,False,3,False,-2.581338882446289,-4.213416576385498
public,2586,3,Happy,V22_CORRECT_V21_WRONG,True,True,3,True,0,False,1.4167736768722534,-1.795850396156311,3,True,0,False,2.737323522567749,-4.065685749053955,3,True,0,False,2.540099859237671,-3.842411518096924,3,True,0,False,1.3668395280838013,-1.57863187789917,3,True,0,False,2.668156147003174,-3.9744083881378174,3,True,0,False,1.0773316621780396,-1.9725948572158813,3,True,0,False,1.9532015323638916,-3.1044812202453613,3,True,3,True,3.524125814437866,4.044234275817871
public,2604,4,Sad,V21_CORRECT_V22_WRONG,True,True,3,False,6,False,-3.331810474395752,-3.672032117843628,6,False,4,True,-2.729602575302124,1.649196743965149,6,False,4,True,-2.5774037837982178,1.481566071510315,3,False,6,False,-3.205341339111328,-3.7129268646240234,6,False,4,True,-2.6569931507110596,1.4448353052139282,3,False,6,False,-3.0337066650390625,-3.7304205894470215,6,False,6,False,-1.7431185245513916,-3.769909620285034,3,False,6,False,-4.756359100341797,-3.1308963298797607
public,2616,4,Sad,V21_CORRECT_V22_WRONG,True,True,2,False,6,False,-0.40965116024017334,-1.353977918624878,2,False,4,True,-3.761288642883301,1.146742582321167,2,False,4,True,-3.7684593200683594,1.2526698112487793,2,False,6,False,-0.30938196182250977,-1.3303543329238892,2,False,4,True,-3.721240997314453,1.162116527557373,2,False,6,False,-0.6883220672607422,-1.541061282157898,4,True,6,False,0.3941159248352051,-1.123800277709961,4,True,6,False,3.194002151489258,-3.1195309162139893
public,2617,4,Sad,V21_CORRECT_V22_WRONG,True,True,4,True,6,False,3.8464691638946533,-1.3863930702209473,3,False,4,True,-1.0942800045013428,2.6441941261291504,3,False,4,True,-1.6897985935211182,2.733860731124878,4,True,6,False,3.814575433731079,-1.4612228870391846,3,False,4,True,-1.4221904277801514,2.6447227001190186,4,True,6,False,3.802867889404297,-1.5475491285324097,4,True,6,False,3.759110450744629,-1.431098222732544,4,True,4,True,4.432193756103516,0.09289312362670898
public,2618,4,Sad,V22_CORRECT_V21_WRONG,True,True,4,True,0,False,2.260592222213745,-0.9251091480255127,4,True,0,False,1.2764912843704224,-5.272738456726074,4,True,0,False,1.3702940940856934,-5.246534824371338,4,True,0,False,2.4063618183135986,-0.9349950551986694,4,True,0,False,1.3393011093139648,-5.276912212371826,4,True,0,False,2.5488040447235107,-1.0958621501922607,4,True,0,False,3.0564587116241455,-1.9501683712005615,0,False,3,False,-0.8255822062492371,-3.191115140914917
public,2619,4,Sad,V21_CORRECT_V22_WRONG,True,True,4,True,6,False,3.585249423980713,-3.811145544052124,6,False,4,True,-0.6399524211883545,1.7706785202026367,6,False,4,True,-0.1324779987335205,1.8858819007873535,4,True,6,False,3.6758546829223633,-3.872053861618042,6,False,4,True,-0.5744993686676025,1.8368276357650757,4,True,6,False,3.857558250427246,-3.842930316925049,4,True,6,False,3.464207887649536,-3.4075043201446533,4,True,4,True,0.9249194860458374,3.300750255584717
public,2626,3,Happy,V22_CORRECT_V21_WRONG,True,True,0,False,3,True,-0.5016669034957886,3.657586097717285,3,True,6,False,2.1806089878082275,-1.2188827991485596,3,True,6,False,2.7831854820251465,-1.3918182849884033,0,False,3,True,-0.12151813507080078,3.6518352031707764,3,True,6,False,2.2522287368774414,-1.1944999694824219,0,False,3,True,-0.08863294124603271,3.559722423553467,0,False,3,True,-1.4856353998184204,3.3201069831848145,3,True,3,True,1.4828051328659058,3.922783851623535
public,2628,0,Angry,V22_CORRECT_V21_WRONG,True,True,4,False,3,False,-1.9575204849243164,-2.6110663414001465,0,True,3,False,2.905974864959717,-3.001814842224121,0,True,3,False,2.8630247116088867,-2.903663158416748,4,False,3,False,-1.9375413656234741,-2.6102242469787598,0,True,3,False,2.9732892513275146,-2.9855213165283203,4,False,3,False,-2.2299411296844482,-2.7122654914855957,4,False,3,False,-2.786667823791504,-2.9127113819122314,3,False,6,False,-1.876917839050293,-3.5343611240386963
public,2629,0,Angry,V22_CORRECT_V21_WRONG,True,True,0,True,2,False,0.5342823266983032,-2.5917580127716064,0,True,2,False,2.6355063915252686,-0.021712899208068848,0,True,2,False,2.6109237670898438,-0.13001513481140137,0,True,2,False,0.5705399513244629,-2.563756227493286,0,True,2,False,2.6177878379821777,-0.03571486473083496,0,True,2,False,0.295551061630249,-2.56874942779541,2,False,2,False,-0.21217703819274902,-2.365838050842285,2,False,4,False,-1.7446620464324951,-3.6030499935150146
public,2632,2,Fear,V21_CORRECT_V22_WRONG,True,True,0,False,2,True,-3.1015658378601074,3.689401388168335,0,False,2,True,-5.157427787780762,3.1956307888031006,0,False,2,True,-5.215244293212891,3.3624911308288574,0,False,2,True,-3.142988681793213,3.6932504177093506,0,False,2,True,-5.13472843170166,3.142854690551758,0,False,2,True,-2.8321478366851807,3.680952310562134,0,False,2,True,-3.502084255218506,3.4544677734375,0,False,2,True,-3.119692802429199,0.1651158332824707
public,2635,6,Neutral,V21_CORRECT_V22_WRONG,True,True,4,False,4,False,-4.738402843475342,-3.694073438644409,4,False,6,True,-3.9003500938415527,0.22419452667236328,4,False,6,True,-3.9963982105255127,0.2539229393005371,4,False,4,False,-4.7279744148254395,-3.6716818809509277,4,False,6,True,-4.0042853355407715,0.25153326988220215,4,False,4,False,-4.667501926422119,-3.6685540676116943,4,False,4,False,-4.914383411407471,-3.532773017883301,2,False,4,False,-2.7054738998413086,-1.931706190109253
public,2642,4,Sad,V21_CORRECT_V22_WRONG,True,True,3,False,4,True,-4.6216721534729,1.4084045886993408,3,False,4,True,-3.322432279586792,2.9960732460021973,3,False,4,True,-3.445228338241577,3.0011940002441406,3,False,4,True,-4.635285377502441,1.4354567527770996,3,False,4,True,-3.3332607746124268,2.9851462841033936,3,False,4,True,-4.638856410980225,1.386168360710144,3,False,4,True,-4.662972927093506,0.8141186237335205,3,False,3,False,-4.812577724456787,-2.877364158630371
public,2648,2,Fear,V21_CORRECT_V22_WRONG,True,True,5,False,2,True,-3.1208267211914062,2.906193733215332,3,False,2,True,-0.8099229335784912,0.7709716558456421,3,False,2,True,-0.5825161933898926,0.7626984119415283,5,False,2,True,-3.104341983795166,2.9129552841186523,3,False,2,True,-0.8583178520202637,0.7855557203292847,5,False,2,True,-3.2053661346435547,2.8798134326934814,5,False,2,True,-2.698249340057373,3.0933258533477783,5,False,2,True,-4.575779914855957,2.8081347942352295
public,2665,3,Happy,V21_CORRECT_V22_WRONG,True,True,2,False,0,False,-4.860820770263672,-1.6781667470932007,2,False,3,True,-5.358210563659668,0.9872069358825684,2,False,3,True,-5.343796730041504,0.5341700315475464,2,False,0,False,-4.7980780601501465,-1.7054051160812378,2,False,3,True,-5.354162216186523,0.9505970478057861,2,False,0,False,-4.81027889251709,-1.534753680229187,2,False,0,False,-3.7548422813415527,-1.581843614578247,6,False,3,True,-0.007313251495361328,3.1675267219543457
public,2669,0,Angry,V21_CORRECT_V22_WRONG,True,True,5,False,0,True,-2.635668992996216,0.5761322975158691,2,False,0,True,-1.829362154006958,1.1249003410339355,2,False,0,True,-1.8769959211349487,0.9078083038330078,5,False,0,True,-2.677485227584839,0.5363298654556274,2,False,0,True,-1.756500005722046,1.0545763969421387,5,False,0,True,-3.0123836994171143,0.7171233892440796,5,False,2,False,-1.3472256660461426,-0.6072350740432739,2,False,0,True,-2.1646008491516113,0.6045057773590088
public,2676,3,Happy,V21_CORRECT_V22_WRONG,True,True,6,False,3,True,-3.488459825515747,4.5906572341918945,6,False,3,True,-3.515247344970703,3.114546060562134,6,False,3,True,-3.806175947189331,3.2409045696258545,6,False,3,True,-3.5268657207489014,4.594762325286865,6,False,3,True,-3.5982093811035156,3.1890008449554443,6,False,3,True,-3.2917375564575195,4.571100234985352,6,False,3,True,-2.223214626312256,4.593438625335693,3,True,3,True,3.2743725776672363,4.169776916503906
public,2678,4,Sad,V21_CORRECT_V22_WRONG,True,True,6,False,3,False,-0.424896240234375,-4.476205348968506,6,False,6,False,-0.7016222476959229,-0.06021130084991455,6,False,4,True,-0.3720667362213135,0.03707325458526611,6,False,3,False,-0.43256568908691406,-4.508329391479492,6,False,6,False,-0.5103042125701904,-0.05027973651885986,6,False,3,False,-0.21328473091125488,-4.550559043884277,6,False,3,False,-0.5985040664672852,-3.6367130279541016,6,False,3,False,-3.8593850135803223,-5.080625534057617
public,2687,2,Fear,V22_CORRECT_V21_WRONG,True,True,2,True,0,False,0.6596066951751709,-3.080029010772705,2,True,0,False,1.278348445892334,-0.08768212795257568,2,True,0,False,1.4813932180404663,-0.00493621826171875,2,True,0,False,0.6851009130477905,-3.0287630558013916,2,True,0,False,1.2650222778320312,-0.08999872207641602,2,True,0,False,0.5175161361694336,-2.939922332763672,2,True,0,False,1.2329306602478027,-2.611576557159424,2,True,0,False,3.6560311317443848,-1.6329641342163086
public,2691,1,Disgust,V21_CORRECT_V22_WRONG,True,False,2,False,0,False,-1.7090613842010498,-4.194250583648682,2,False,1,True,-2.969312906265259,1.1898539066314697,2,False,1,True,-3.390458822250366,1.070967435836792,2,False,0,False,-1.4761171340942383,-4.226195335388184,2,False,1,True,-2.9308905601501465,1.134347915649414,2,False,0,False,-1.3797433376312256,-4.103363037109375,2,False,0,False,-1.8590917587280273,-4.441043376922607,1,True,0,False,3.1016149520874023,-2.7120964527130127
public,2694,2,Fear,V22_CORRECT_V21_WRONG,True,True,2,True,6,False,3.336484909057617,-1.7776191234588623,2,True,6,False,1.5463457107543945,-1.0554145574569702,2,True,6,False,1.583547830581665,-1.0338058471679688,2,True,6,False,3.326145887374878,-1.8062760829925537,2,True,6,False,1.5175161361694336,-1.108842134475708,2,True,6,False,3.2850215435028076,-1.732934832572937,2,True,6,False,3.1057186126708984,-2.493940830230713,2,True,6,False,3.4140913486480713,-3.4260401725769043
public,2697,4,Sad,V22_CORRECT_V21_WRONG,True,True,4,True,6,False,2.7287750244140625,-2.2981984615325928,4,True,6,False,1.1295318603515625,-2.0695528984069824,4,True,6,False,1.1312203407287598,-1.983208417892456,4,True,6,False,2.8077547550201416,-2.336407423019409,4,True,6,False,1.1762559413909912,-2.0874037742614746,4,True,6,False,2.4678077697753906,-2.4752230644226074,4,True,6,False,2.336909294128418,-2.699917793273926,4,True,6,False,3.3309483528137207,-0.5493844747543335
public,2700,4,Sad,V22_CORRECT_V21_WRONG,True,True,4,True,0,False,1.6990164518356323,-1.410011649131775,4,True,0,False,3.5783610343933105,-0.9477157592773438,4,True,0,False,3.7018189430236816,-1.0640465021133423,4,True,0,False,1.730931282043457,-1.393479347229004,4,True,0,False,3.5933945178985596,-0.9464316368103027,4,True,0,False,1.7997208833694458,-1.2471030950546265,4,True,0,False,3.0687243938446045,-0.8318967819213867,4,True,0,False,3.2762794494628906,-1.4661009311676025
public,2708,4,Sad,V21_CORRECT_V22_WRONG,True,True,3,False,4,True,-1.2120755910873413,3.465947151184082,2,False,4,True,-1.1964569091796875,2.127201795578003,2,False,4,True,-1.4282406568527222,2.260619640350342,3,False,4,True,-1.1678054332733154,3.4589643478393555,2,False,4,True,-1.1718792915344238,2.1483192443847656,3,False,4,True,-0.9683833122253418,3.443155288696289,4,True,4,True,0.814176082611084,3.2912402153015137,4,True,4,True,2.3047361373901367,2.73738956451416
public,2715,4,Sad,V22_CORRECT_V21_WRONG,True,True,4,True,3,False,4.349252223968506,-5.309017181396484,4,True,2,False,4.627923965454102,-3.175769805908203,4,True,2,False,4.588969707489014,-2.9561092853546143,4,True,3,False,4.350885391235352,-5.3103718757629395,4,True,2,False,4.637831211090088,-3.223263740539551,4,True,3,False,4.380350112915039,-5.3331499099731445,4,True,3,False,4.558209419250488,-4.775673866271973,2,False,2,False,-3.816166400909424,-3.2967782020568848
public,2716,6,Neutral,V22_CORRECT_V21_WRONG,True,True,6,True,6,True,3.9196133613586426,2.7395811080932617,6,True,0,False,2.607821226119995,-2.654977321624756,6,True,0,False,2.7019033432006836,-2.6237192153930664,6,True,6,True,3.934495210647583,2.677950620651245,6,True,0,False,2.5861377716064453,-2.676448345184326,6,True,6,True,4.007917881011963,2.736283302307129,6,True,6,True,3.777006149291992,1.813839316368103,6,True,6,True,4.073873043060303,2.070734977722168
public,2721,0,Angry,V21_CORRECT_V22_WRONG,True,True,4,False,2,False,-2.366338014602661,-1.2940256595611572,2,False,0,True,-1.7771618366241455,2.4026248455047607,2,False,0,True,-1.9355499744415283,2.163318157196045,4,False,2,False,-2.4776601791381836,-1.2218050956726074,2,False,0,True,-1.789128065109253,2.3677356243133545,4,False,2,False,-2.425009250640869,-1.2755012512207031,4,False,2,False,-3.2157745361328125,-1.6947999000549316,2,False,2,False,-3.9024457931518555,-3.5258681774139404
public,2722,4,Sad,V22_CORRECT_V21_WRONG,True,True,4,True,0,False,2.706482410430908,-1.5584973096847534,4,True,0,False,0.4115027189254761,-4.287222862243652,4,True,0,False,0.4470113515853882,-4.1914873123168945,4,True,0,False,2.718520402908325,-1.6952903270721436,4,True,0,False,0.4656256437301636,-4.285909175872803,4,True,0,False,2.497288942337036,-1.31179940700531,4,True,0,False,2.3067703247070312,-3.33689022064209,4,True,0,False,3.4837169647216797,-1.9185035228729248
public,2725,4,Sad,V22_CORRECT_V21_WRONG,True,True,3,False,6,False,-5.216493606567383,-2.9075942039489746,4,True,3,False,0.39079999923706055,-4.441142559051514,4,True,3,False,0.1572432518005371,-4.441049575805664,3,False,6,False,-5.217519760131836,-2.9950222969055176,4,True,3,False,0.3838505744934082,-4.434256553649902,3,False,6,False,-5.215895175933838,-3.2158560752868652,3,False,6,False,-5.190108299255371,-1.5971839427947998,3,False,3,False,-4.689493656158447,-2.780534267425537
public,2729,3,Happy,V22_CORRECT_V21_WRONG,True,True,3,True,3,True,3.0496745109558105,4.588461399078369,3,True,3,True,3.2984466552734375,0.08330297470092773,3,True,6,False,3.28363037109375,-0.0679786205291748,3,True,3,True,3.125007152557373,4.589381217956543,3,True,3,True,3.268947124481201,0.060597896575927734,3,True,3,True,3.4089479446411133,4.618125915527344,3,True,3,True,3.418447971343994,4.761252403259277,3,True,3,True,4.587582111358643,4.3772406578063965
public,2731,3,Happy,V21_CORRECT_V22_WRONG,True,True,3,True,3,True,2.285494327545166,4.750187397003174,6,False,3,True,-2.162641763687134,3.67080020904541,6,False,3,True,-2.256338119506836,3.615499258041382,3,True,3,True,2.344269275665283,4.753349304199219,6,False,3,True,-2.123929500579834,3.692718982696533,3,True,3,True,2.0718607902526855,4.753127098083496,3,True,3,True,2.7026448249816895,4.749649524688721,3,True,3,True,3.031527042388916,4.623511791229248
public,2736,0,Angry,V22_CORRECT_V21_WRONG,True,True,6,False,0,True,-1.9694201946258545,0.5669441223144531,6,False,6,False,-0.1451120376586914,-1.4269635677337646,0,True,6,False,0.521217942237854,-1.489594578742981,6,False,0,True,-1.8831164836883545,0.6646164655685425,6,False,6,False,-0.06183052062988281,-1.5226407051086426,6,False,0,True,-3.144857883453369,0.5394903421401978,6,False,6,False,-2.040039539337158,-0.25526857376098633,6,False,3,False,-3.4930343627929688,-1.728173017501831
public,2746,4,Sad,V22_CORRECT_V21_WRONG,True,True,6,False,6,False,-2.344635009765625,-1.9520578384399414,4,True,3,False,2.6161322593688965,-2.0677857398986816,4,True,3,False,2.9221174716949463,-2.151646614074707,6,False,6,False,-2.2149078845977783,-1.9458739757537842,4,True,3,False,2.5880868434906006,-1.9755284786224365,6,False,6,False,-2.1766560077667236,-1.7649645805358887,3,False,6,False,-2.130463123321533,-1.3983893394470215,6,False,6,False,-4.52690315246582,-1.4808988571166992
public,2751,4,Sad,V22_CORRECT_V21_WRONG,True,True,4,True,2,False,4.397546768188477,-1.0912621021270752,4,True,2,False,3.8007733821868896,-3.8932831287384033,4,True,2,False,3.7571122646331787,-3.9322173595428467,4,True,2,False,4.414214611053467,-1.0627214908599854,4,True,2,False,3.8010640144348145,-3.872889757156372,4,True,2,False,4.402402877807617,-0.8606313467025757,4,True,2,False,4.171694278717041,-1.7075523138046265,4,True,4,True,4.779544353485107,0.5104191303253174
public,2757,6,Neutral,V21_CORRECT_V22_WRONG,True,True,6,True,4,False,1.728686809539795,-4.952569961547852,4,False,6,True,-4.694725513458252,3.1843435764312744,4,False,6,True,-4.570973873138428,3.2446844577789307,6,True,4,False,1.6834936141967773,-4.939146518707275,4,False,6,True,-4.641078948974609,3.2286038398742676,6,True,4,False,1.408244013786316,-4.929085731506348,6,True,4,False,1.609513521194458,-4.645570278167725,6,True,3,False,1.2595877647399902,-4.524662971496582
public,2772,2,Fear,V22_CORRECT_V21_WRONG,True,True,4,False,4,False,-3.1329944133758545,-1.9736963510513306,2,True,6,False,1.0404475927352905,-1.711785078048706,2,True,6,False,1.0560286045074463,-1.901938557624817,4,False,4,False,-3.1508023738861084,-1.945026159286499,2,True,6,False,1.206132173538208,-1.727353811264038,4,False,4,False,-3.2970995903015137,-2.07832407951355,4,False,4,False,-3.204261302947998,-1.9556853771209717,2,True,4,False,1.0582244396209717,-0.8858082294464111
public,2776,0,Angry,V22_CORRECT_V21_WRONG,True,True,5,False,0,True,-3.4640934467315674,4.091280460357666,0,True,2,False,1.5638164281845093,-0.7288670539855957,0,True,2,False,1.6322659254074097,-0.7023992538452148,5,False,0,True,-3.421538829803467,4.082883358001709,0,True,2,False,1.5096484422683716,-0.7158925533294678,5,False,0,True,-3.4795804023742676,4.079166889190674,5,False,0,True,-3.221980571746826,3.947939872741699,0,True,0,True,4.519468784332275,4.29593563079834
public,2794,4,Sad,V21_CORRECT_V22_WRONG,True,True,0,False,4,True,-3.27396821975708,0.696688175201416,0,False,4,True,-2.613757610321045,3.3110949993133545,0,False,4,True,-2.438943386077881,3.3257803916931152,0,False,4,True,-3.2912139892578125,0.6592003107070923,0,False,4,True,-2.4805967807769775,3.3270697593688965,0,False,4,True,-3.0067052841186523,0.39131641387939453,0,False,4,True,-1.4917707443237305,0.5315111875534058,2,False,4,True,-0.48564720153808594,1.9608781337738037
public,2808,6,Neutral,V21_CORRECT_V22_WRONG,True,True,2,False,1,False,-4.2920122146606445,-3.035263776779175,3,False,6,True,-2.1627016067504883,2.167246103286743,3,False,6,True,-1.0742448568344116,2.0958139896392822,2,False,1,False,-4.395242214202881,-2.9786829948425293,3,False,6,True,-1.9164016246795654,2.160248041152954,2,False,1,False,-4.214198589324951,-2.5374135971069336,2,False,6,True,-4.067473411560059,0.18287646770477295,2,False,3,False,-5.199762344360352,-0.8924343585968018
public,2817,2,Fear,V21_CORRECT_V22_WRONG,True,True,2,True,4,False,3.8749170303344727,-1.4616276025772095,4,False,2,True,-0.9134871959686279,0.4640563726425171,4,False,2,True,-0.6861642599105835,0.47166872024536133,2,True,4,False,3.8473286628723145,-1.4699959754943848,4,False,2,True,-1.0394344329833984,0.47104358673095703,2,True,4,False,3.853444814682007,-1.3727307319641113,2,True,4,False,4.1256585121154785,-1.3718572854995728,2,True,3,False,3.7535831928253174,-4.256587505340576
public,2820,0,Angry,V21_CORRECT_V22_WRONG,True,True,5,False,5,False,-4.24759578704834,-3.927917242050171,2,False,0,True,-4.069378852844238,1.379726767539978,5,False,0,True,-3.9318618774414062,1.5040769577026367,5,False,5,False,-4.2564616203308105,-3.863222360610962,2,False,0,True,-3.987328052520752,1.3919832706451416,5,False,5,False,-4.038485050201416,-4.024547100067139,5,False,5,False,-3.0137457847595215,-4.596141815185547,4,False,2,False,-3.7198569774627686,-0.7150378227233887
public,2821,0,Angry,V22_CORRECT_V21_WRONG,True,True,2,False,0,True,-1.091529130935669,1.2625749111175537,0,True,5,False,0.7560290098190308,-3.3866984844207764,0,True,5,False,0.4609518051147461,-3.394538640975952,2,False,0,True,-1.2177741527557373,1.2320587635040283,0,True,5,False,0.6490329504013062,-3.401966094970703,2,False,0,True,-1.1864964962005615,1.3656315803527832,2,False,5,False,-0.4241288900375366,-0.494718074798584,5,False,2,False,-1.727536916732788,-0.9361667633056641
public,2827,4,Sad,V21_CORRECT_V22_WRONG,True,False,5,False,4,True,-3.2249083518981934,1.1325056552886963,2,False,4,True,-0.3270675539970398,3.803018569946289,2,False,4,True,-0.670539915561676,3.8397715091705322,5,False,4,True,-3.175215244293213,1.028674840927124,2,False,4,True,-0.4499756693840027,3.751502513885498,5,False,4,True,-3.05643892288208,0.8313651084899902,5,False,4,True,-2.6115400791168213,1.414560079574585,4,True,2,False,0.8252965211868286,-0.4117870330810547
public,2828,4,Sad,V22_CORRECT_V21_WRONG,True,True,4,True,6,False,2.9112987518310547,-3.415027618408203,4,True,6,False,1.4824738502502441,-2.477293014526367,4,True,6,False,0.4445631504058838,-2.509824514389038,4,True,6,False,2.7111167907714844,-3.466970920562744,4,True,6,False,1.1441152095794678,-2.5256378650665283,4,True,6,False,3.169173002243042,-3.429239273071289,4,True,6,False,3.7053956985473633,-3.416093587875366,4,True,6,False,2.693349838256836,-2.637233257293701
public,2835,0,Angry,V22_CORRECT_V21_WRONG,True,True,4,False,4,False,-2.082620859146118,-2.7230324745178223,0,True,5,False,1.9022738933563232,-1.5645086765289307,0,True,5,False,1.7937209606170654,-1.6627991199493408,4,False,4,False,-2.1261796951293945,-2.7464144229888916,0,True,5,False,1.854093074798584,-1.572780966758728,4,False,4,False,-2.3955726623535156,-2.586848020553589,4,False,4,False,-2.8800418376922607,-3.313167095184326,4,False,4,False,-3.2728354930877686,-2.451349973678589
public,2838,4,Sad,V22_CORRECT_V21_WRONG,True,True,1,False,4,True,-5.093738555908203,1.8200892210006714,4,True,0,False,0.9818273782730103,-0.7635791301727295,4,True,0,False,1.0151724815368652,-0.9610602855682373,1,False,4,True,-5.194332599639893,1.7685636281967163,4,True,0,False,1.0703787803649902,-0.8217195272445679,1,False,4,True,-5.262171745300293,1.7210302352905273,1,False,4,True,-5.376770973205566,2.7703373432159424,1,False,4,True,-3.709212064743042,3.3509416580200195
public,2853,2,Fear,V22_CORRECT_V21_WRONG,True,True,0,False,0,False,-4.664157867431641,-2.1179611682891846,2,True,1,False,4.693449974060059,-4.891933441162109,2,True,1,False,4.588322639465332,-4.94437313079834,0,False,0,False,-4.6800642013549805,-1.9989721775054932,2,True,1,False,4.621419906616211,-4.845656871795654,0,False,0,False,-4.4589524269104,-1.3492186069488525,0,False,0,False,-4.428228378295898,-1.9116706848144531,4,False,2,True,-2.3254404067993164,1.1465961933135986
public,2865,3,Happy,V22_CORRECT_V21_WRONG,True,True,2,False,0,False,-3.2139408588409424,-0.2763160467147827,3,True,0,False,3.1256840229034424,-4.1933183670043945,3,True,0,False,3.1963419914245605,-4.14467716217041,2,False,0,False,-3.5239312648773193,-0.24067699909210205,3,True,0,False,3.1582980155944824,-4.16911506652832,2,False,0,False,-3.274423599243164,-0.24816203117370605,2,False,0,False,-4.021517753601074,-0.441522479057312,3,True,3,True,4.539661884307861,2.972942590713501
public,2874,4,Sad,V21_CORRECT_V22_WRONG,True,True,2,False,4,True,-2.1958494186401367,0.9079538583755493,2,False,4,True,-0.052611589431762695,2.691741704940796,2,False,4,True,-0.04625225067138672,2.6865992546081543,2,False,4,True,-2.1708502769470215,0.9376285076141357,2,False,4,True,-0.0790252685546875,2.691135883331299,2,False,4,True,-1.892885684967041,1.0435158014297485,2,False,4,True,-0.7704901695251465,1.5285100936889648,3,False,4,True,-4.182846546173096,2.8226516246795654
public,2876,4,Sad,V22_CORRECT_V21_WRONG,True,True,2,False,4,True,-1.3214483261108398,0.5628552436828613,4,True,6,False,1.11167573928833,-2.442401885986328,4,True,6,False,1.1749975681304932,-2.4791910648345947,2,False,4,True,-1.6974003314971924,0.6465578675270081,4,True,6,False,1.1216201782226562,-2.406438112258911,2,False,4,True,-1.4249248504638672,0.7570844292640686,2,False,6,False,-0.6843745708465576,-1.142378807067871,2,False,6,False,-3.538125514984131,-1.7730093002319336
public,2880,0,Angry,V21_CORRECT_V22_WRONG,True,True,0,True,0,True,0.5082089304924011,2.750201940536499,2,False,0,True,-3.405916690826416,2.1089887619018555,2,False,0,True,-3.363798141479492,2.094542980194092,0,True,0,True,0.23497748374938965,2.7224361896514893,2,False,0,True,-3.490217685699463,2.0693554878234863,0,True,0,True,0.7540255188941956,2.7142746448516846,0,True,0,True,1.19217848777771,0.9999431371688843,4,False,2,False,-4.109572410583496,-1.0622268915176392
public,2889,3,Happy,V22_CORRECT_V21_WRONG,True,True,3,True,3,True,3.427966356277466,3.552794933319092,3,True,5,False,2.614316940307617,-0.36017608642578125,3,True,5,False,2.5261638164520264,-0.43290281295776367,3,True,3,True,3.4252147674560547,3.4967100620269775,3,True,5,False,2.602275848388672,-0.4209141731262207,3,True,3,True,3.638504981994629,3.563643217086792,3,True,3,True,3.9174530506134033,1.7413450479507446,5,False,3,True,-3.543205499649048,3.5357444286346436
public,2902,0,Angry,V22_CORRECT_V21_WRONG,True,True,0,True,4,False,3.5813255310058594,-1.2763102054595947,0,True,4,False,1.2607152462005615,-1.0331406593322754,0,True,4,False,1.3402236700057983,-0.9471625089645386,0,True,4,False,3.6278908252716064,-1.2778728008270264,0,True,4,False,1.2907593250274658,-1.074498176574707,0,True,4,False,3.5339694023132324,-1.248772382736206,0,True,4,False,3.6081395149230957,-1.100628137588501,0,True,0,True,4.618851184844971,1.5439157485961914
public,2906,4,Sad,V22_CORRECT_V21_WRONG,True,True,0,False,4,True,-1.3159632682800293,1.0281260013580322,4,True,0,False,0.6899920701980591,-1.2601797580718994,4,True,0,False,0.696139931678772,-1.108595371246338,0,False,4,True,-1.3825690746307373,0.9916613101959229,4,True,0,False,0.6888431310653687,-1.1983819007873535,0,False,4,True,-1.5957506895065308,0.9248654842376709,0,False,4,True,-1.2552361488342285,0.45203542709350586,4,True,2,False,3.7168989181518555,-1.6327334642410278
public,2907,4,Sad,V21_CORRECT_V22_WRONG,True,True,2,False,4,True,-0.8104794025421143,1.5099050998687744,2,False,4,True,-0.7702019214630127,1.1693143844604492,2,False,4,True,-0.18186426162719727,1.2210357189178467,2,False,4,True,-0.9699833393096924,1.5245797634124756,2,False,4,True,-0.7268643379211426,1.2085447311401367,2,False,4,True,-1.1623153686523438,1.508028268814087,2,False,4,True,-0.4205901622772217,0.8383774757385254,4,True,3,False,0.947001576423645,-0.8377457857131958
public,2922,5,Surprise,V21_CORRECT_V22_WRONG,True,False,2,False,3,False,-3.6188106536865234,-0.5711740255355835,2,False,5,True,-1.1694841384887695,0.0284731388092041,2,False,5,True,-1.0612680912017822,0.11867189407348633,2,False,3,False,-3.817516326904297,-0.6709290742874146,2,False,5,True,-1.2764770984649658,0.03864908218383789,2,False,3,False,-3.786147117614746,-0.6951950788497925,2,False,5,True,-4.615863800048828,0.30418097972869873,6,False,3,False,-4.33820915222168,-3.2112529277801514
public,2926,0,Angry,V22_CORRECT_V21_WRONG,True,True,2,False,6,False,-3.971506118774414,-4.094701290130615,0,True,2,False,0.40604937076568604,-2.976594924926758,0,True,6,False,0.7093205451965332,-3.1270322799682617,2,False,6,False,-3.984046697616577,-4.128788948059082,0,True,6,False,0.45517075061798096,-2.984959602355957,2,False,6,False,-4.002321720123291,-4.156998634338379,2,False,6,False,-3.7570290565490723,-4.272158622741699,2,False,6,False,-4.370203971862793,-4.510127544403076
public,2927,3,Happy,V21_CORRECT_V22_WRONG,True,True,4,False,3,True,-3.645928144454956,1.0669137239456177,4,False,3,True,-4.7757039070129395,4.794403553009033,4,False,3,True,-4.609799385070801,4.779819488525391,4,False,3,True,-3.657031297683716,1.0570147037506104,4,False,3,True,-4.7890729904174805,4.789443016052246,4,False,3,True,-3.802274703979492,1.4200806617736816,4,False,3,True,-3.338268280029297,1.1695247888565063,4,False,3,True,-5.13224458694458,0.9417457580566406
public,2933,4,Sad,V22_CORRECT_V21_WRONG,False,False,4,True,2,False,1.528648853302002,-0.8657162189483643,4,True,2,False,4.442798137664795,-0.3668968677520752,4,True,2,False,4.460635662078857,-0.3593113422393799,4,True,2,False,1.5567784309387207,-0.8650634288787842,4,True,2,False,4.390774726867676,-0.3505692481994629,4,True,2,False,1.647989273071289,-0.9369461536407471,4,True,2,False,1.945754051208496,-1.0366604328155518,2,False,4,True,-1.1099878549575806,1.9320355653762817
public,2939,0,Angry,V21_CORRECT_V22_WRONG,True,True,2,False,3,False,-2.900092363357544,-4.82412052154541,3,False,0,True,-0.3492600917816162,4.056830883026123,3,False,0,True,-0.5301196575164795,4.083162784576416,2,False,3,False,-3.049302339553833,-4.827556610107422,3,False,0,True,-0.31239962577819824,4.066224575042725,2,False,3,False,-2.9863550662994385,-4.828562259674072,2,False,3,False,-1.2927931547164917,-4.619641304016113,2,False,3,False,-3.374713897705078,-4.5689616203308105
public,2940,6,Neutral,V22_CORRECT_V21_WRONG,True,True,4,False,6,True,-0.621722936630249,0.8470951318740845,6,True,4,False,1.6523518562316895,-1.034264326095581,6,True,4,False,1.8950388431549072,-1.0492980480194092,4,False,6,True,-0.5966993570327759,0.8137673139572144,6,True,4,False,1.6498115062713623,-0.9807338118553162,4,False,6,True,-0.43013107776641846,0.7537283897399902,4,False,6,True,-0.7222068309783936,1.8152990341186523,6,True,6,True,3.8485898971557617,2.4094061851501465
public,2949,6,Neutral,V22_CORRECT_V21_WRONG,True,True,4,False,6,True,-3.634942054748535,3.4957661628723145,6,True,4,False,2.698329448699951,-2.798142194747925,6,True,4,False,2.671617269515991,-2.950597047805786,4,False,6,True,-3.6191415786743164,3.4873552322387695,6,True,4,False,2.6492040157318115,-2.833294630050659,4,False,6,True,-3.7300920486450195,3.580340623855591,4,False,6,True,-4.34355354309082,3.8436391353607178,4,False,3,False,-5.6841816902160645,-2.948277235031128
public,2956,4,Sad,V21_CORRECT_V22_WRONG,True,True,4,True,3,False,4.335918426513672,-4.427000045776367,3,False,4,True,-4.83311653137207,4.575751304626465,3,False,4,True,-4.855316638946533,4.570844650268555,4,True,3,False,4.387856483459473,-4.416640281677246,3,False,4,True,-4.835232734680176,4.581686019897461,4,True,3,False,4.4927978515625,-4.417021751403809,4,True,3,False,3.8563737869262695,-4.54822301864624,1,False,3,False,-0.4379061460494995,-4.1385908126831055
public,2957,0,Angry,V21_CORRECT_V22_WRONG,True,True,0,True,0,True,3.4371893405914307,1.0841163396835327,2,False,0,True,-3.624776840209961,2.8053297996520996,2,False,0,True,-3.3479104042053223,2.9045519828796387,0,True,0,True,3.474703311920166,0.9986395835876465,2,False,0,True,-3.6296489238739014,2.798903226852417,0,True,0,True,3.6100597381591797,0.9288207292556763,0,True,0,True,3.887768268585205,2.299098491668701,4,False,3,False,-0.9991554021835327,-3.7724556922912598
public,2960,4,Sad,V22_CORRECT_V21_WRONG,True,True,0,False,0,False,-4.062548637390137,-1.93088960647583,4,True,0,False,2.030364990234375,-3.3026351928710938,4,True,0,False,2.012820243835449,-3.517327070236206,0,False,0,False,-3.9637813568115234,-2.0029704570770264,4,True,0,False,2.055999279022217,-3.289409637451172,0,False,0,False,-4.161243438720703,-1.9479233026504517,0,False,0,False,-4.693472862243652,-1.3799610137939453,2,False,6,False,-4.933590888977051,-0.38269567489624023
public,2971,6,Neutral,V22_CORRECT_V21_WRONG,True,True,5,False,3,False,-4.452095031738281,-5.087348937988281,6,True,0,False,2.1341118812561035,-3.961116313934326,6,True,0,False,2.2596817016601562,-4.0826640129089355,5,False,3,False,-4.450572967529297,-5.102320194244385,6,True,0,False,1.9605896472930908,-3.9860525131225586,5,False,3,False,-4.435648441314697,-5.142348766326904,5,False,3,False,-2.265867233276367,-4.867602348327637,5,False,3,False,-2.0848147869110107,-2.55698561668396
public,2973,3,Happy,V22_CORRECT_V21_WRONG,True,True,6,False,4,False,-1.824308156967163,-3.064671516418457,3,True,4,False,0.582944393157959,-2.426548957824707,3,True,4,False,1.2195566892623901,-2.441861629486084,6,False,4,False,-1.9191337823867798,-3.0109996795654297,3,True,4,False,0.8610337972640991,-2.4914045333862305,6,False,4,False,-1.343390703201294,-2.9911673069000244,6,False,6,False,-2.7498276233673096,-1.9015144109725952,4,False,3,True,-2.1106488704681396,0.871713399887085
public,2975,2,Fear,V21_CORRECT_V22_WRONG,True,True,4,False,4,False,-0.2938493490219116,-1.1510981321334839,0,False,2,True,-1.1343069076538086,2.719627857208252,0,False,2,True,-0.8079894781112671,2.7932465076446533,4,False,4,False,-0.36953747272491455,-1.1694856882095337,0,False,2,True,-1.1191167831420898,2.721318006515503,4,False,4,False,-0.7085130214691162,-1.2940607070922852,4,False,4,False,-1.1872527599334717,-1.9296960830688477,2,True,2,True,1.5580685138702393,0.1711113452911377
public,2986,6,Neutral,V21_CORRECT_V22_WRONG,True,True,0,False,5,False,-2.756622791290283,-4.859189510345459,1,False,6,True,-3.207364797592163,2.3293023109436035,1,False,6,True,-3.2251646518707275,2.3813204765319824,0,False,5,False,-2.8212924003601074,-4.841622352600098,1,False,6,True,-3.2420568466186523,2.337702751159668,0,False,5,False,-3.009650707244873,-4.8561248779296875,1,False,5,False,-3.76942777633667,-5.178496837615967,1,False,6,True,-3.559901237487793,1.7935185432434082
public,2987,3,Happy,V22_CORRECT_V21_WRONG,True,True,3,True,4,False,2.4405345916748047,-2.1354525089263916,3,True,4,False,4.43567419052124,-1.8401185274124146,3,True,4,False,4.455066680908203,-1.963945984840393,3,True,4,False,2.4952611923217773,-2.2308599948883057,3,True,4,False,4.454405307769775,-1.8049031496047974,3,True,4,False,2.686689853668213,-2.5933218002319336,3,True,4,False,1.7756242752075195,-2.036978006362915,4,False,2,False,-4.492208480834961,-2.5431206226348877
public,2998,3,Happy,V21_CORRECT_V22_WRONG,True,True,3,True,4,False,0.7626590728759766,-1.012930154800415,4,False,3,True,-4.651493549346924,3.2466728687286377,4,False,3,True,-4.631385326385498,3.2224674224853516,3,True,4,False,0.808875322341919,-1.0240147113800049,4,False,3,True,-4.628675937652588,3.2609798908233643,3,True,4,False,0.6648632287979126,-0.8039003014564514,3,True,3,True,0.8685301542282104,1.9179937839508057,3,True,3,True,2.679887294769287,1.655563235282898
public,3002,0,Angry,V21_CORRECT_V22_WRONG,True,True,0,True,0,True,1.6214922666549683,3.9717445373535156,6,False,0,True,-0.8244824409484863,2.8224730491638184,6,False,0,True,-0.973399817943573,2.85465145111084,0,True,0,True,1.812092661857605,3.963677406311035,6,False,0,True,-0.8468586206436157,2.786203384399414,0,True,0,True,2.083422899246216,3.9374465942382812,0,True,0,True,0.4387547969818115,3.9759604930877686,0,True,0,True,0.5829216241836548,2.8173441886901855
public,3004,6,Neutral,V22_CORRECT_V21_WRONG,True,True,0,False,0,False,-4.448953151702881,-4.400607585906982,6,True,5,False,2.9362099170684814,-3.5219733715057373,6,True,5,False,3.066373109817505,-3.663062572479248,0,False,0,False,-4.429092884063721,-4.445919513702393,6,True,5,False,3.1163835525512695,-3.533949851989746,0,False,0,False,-4.241378307342529,-4.457011699676514,0,False,0,False,-4.634350776672363,-4.918972492218018,0,False,6,True,-3.3346991539001465,0.7081258296966553
public,3005,6,Neutral,V21_CORRECT_V22_WRONG,True,True,4,False,6,True,-2.7448034286499023,0.16435670852661133,4,False,6,True,-1.0189316272735596,3.120884418487549,4,False,6,True,-0.9697500467300415,3.0370359420776367,4,False,6,True,-2.6608452796936035,0.13183069229125977,4,False,6,True,-1.1630218029022217,3.103088855743408,4,False,6,True,-2.665252208709717,0.08011841773986816,4,False,6,True,-3.752624988555908,0.5245583653450012,4,False,4,False,-3.4956254959106445,-3.8219971656799316
public,3017,0,Angry,V22_CORRECT_V21_WRONG,True,True,4,False,4,False,-0.7684890031814575,-0.452522873878479,0,True,4,False,1.1785144805908203,-1.152414083480835,0,True,4,False,1.017297625541687,-1.4026949405670166,4,False,4,False,-0.7965380549430847,-0.5691523551940918,0,True,4,False,1.2472738027572632,-1.1694003343582153,4,False,4,False,-0.6722312569618225,-0.42235517501831055,4,False,4,False,-2.83931303024292,-0.8328874111175537,4,False,4,False,-2.5338590145111084,-4.0455851554870605
public,3033,3,Happy,V21_CORRECT_V22_WRONG,True,True,3,True,5,False,4.096077919006348,-1.809741735458374,5,False,3,True,-0.5112705230712891,1.639495849609375,5,False,3,True,-0.39373087882995605,1.6212410926818848,3,True,5,False,4.089616775512695,-1.73312509059906,5,False,3,True,-0.5364139080047607,1.63730788230896,3,True,5,False,4.111076354980469,-1.7411836385726929,3,True,5,False,4.21327543258667,-2.445080280303955,3,True,3,True,3.5655007362365723,3.8962759971618652
public,3036,6,Neutral,V22_CORRECT_V21_WRONG,True,True,3,False,3,False,-3.3838276863098145,-3.5319411754608154,6,True,3,False,0.16290807723999023,-1.0837126970291138,6,True,3,False,0.2766854763031006,-1.255374550819397,3,False,3,False,-3.4203999042510986,-3.537870168685913,6,True,3,False,0.2247481346130371,-1.1370769739151,3,False,3,False,-3.5387327671051025,-3.5183167457580566,3,False,3,False,-4.29880428314209,-3.2867209911346436,3,False,3,False,-3.026646852493286,-4.06145715713501
public,3039,6,Neutral,V22_CORRECT_V21_WRONG,True,True,6,True,4,False,1.5901389122009277,-1.5188730955123901,6,True,3,False,1.3057537078857422,-0.930362343788147,6,True,3,False,1.44357168674469,-0.9295967817306519,6,True,4,False,1.6738642454147339,-1.4541904926300049,6,True,3,False,1.3012796640396118,-0.9686832427978516,6,True,4,False,1.7774748802185059,-1.3962923288345337,4,False,4,False,-0.6008994579315186,-0.000438690185546875,6,True,4,False,4.711253643035889,-1.2800320386886597
public,3044,6,Neutral,V21_CORRECT_V22_WRONG,True,True,4,False,4,False,-0.2077808380126953,-3.0706160068511963,4,False,6,True,-1.9868147373199463,3.612668037414551,4,False,6,True,-1.4400757551193237,3.534249782562256,4,False,4,False,-0.3431050777435303,-3.0542733669281006,4,False,6,True,-1.9415943622589111,3.6045784950256348,4,False,4,False,-0.38155174255371094,-2.9880783557891846,6,True,4,False,0.05499768257141113,-3.545295238494873,4,False,4,False,-1.9895204305648804,-4.508912563323975
public,3055,6,Neutral,V22_CORRECT_V21_WRONG,True,True,2,False,0,False,-4.827389717102051,-0.1165761947631836,6,True,4,False,2.3034050464630127,-1.3567427396774292,6,True,4,False,2.285841464996338,-1.2739582061767578,2,False,0,False,-4.908025741577148,-0.11954379081726074,6,True,4,False,2.376343250274658,-1.3203905820846558,2,False,0,False,-4.949240684509277,-0.0955270528793335,2,False,0,False,-4.950790882110596,-0.24508363008499146,4,False,3,False,-4.036605358123779,-2.4212093353271484
public,3085,0,Angry,V22_CORRECT_V21_WRONG,True,True,0,True,2,False,1.9714317321777344,-1.2410099506378174,0,True,2,False,2.568451404571533,-2.8088724613189697,0,True,2,False,2.5490012168884277,-2.6905763149261475,0,True,2,False,1.75148344039917,-1.143162488937378,0,True,2,False,2.4864044189453125,-2.7765097618103027,0,True,2,False,1.4040663242340088,-1.2831730842590332,0,True,2,False,4.104540824890137,-1.3975119590759277,5,False,3,False,-4.004482746124268,-2.868055820465088
public,3086,5,Surprise,V21_CORRECT_V22_WRONG,True,True,5,True,0,False,2.257596492767334,-2.4833083152770996,2,False,5,True,-1.037651538848877,1.3093043565750122,2,False,5,True,-1.1745169162750244,1.3410131931304932,5,True,0,False,2.2752952575683594,-2.4981393814086914,2,False,5,True,-1.018857479095459,1.3331832885742188,5,True,0,False,2.0800015926361084,-2.500074863433838,5,True,0,False,1.9354667663574219,-2.219116687774658,5,True,2,False,2.32147216796875,-1.9841607809066772
public,3091,2,Fear,V21_CORRECT_V22_WRONG,True,True,5,False,4,False,-1.0978548526763916,-4.733761310577393,4,False,2,True,-2.9784886837005615,2.7321181297302246,4,False,2,True,-3.099228620529175,2.6404571533203125,5,False,4,False,-1.1313724517822266,-4.777702808380127,4,False,2,True,-2.983879566192627,2.807345390319824,5,False,4,False,-0.6509180068969727,-4.7920122146606445,5,False,4,False,-0.2022995948791504,-3.9568002223968506,2,True,4,False,1.8008424043655396,-5.387958526611328
public,3095,2,Fear,V21_CORRECT_V22_WRONG,True,True,3,False,0,False,-0.8734258413314819,-3.35280179977417,2,True,2,True,0.1445753574371338,1.9915173053741455,0,False,2,True,-0.16584420204162598,2.128211736679077,3,False,0,False,-1.0056307315826416,-3.292884111404419,2,True,2,True,0.08634471893310547,2.14180588722229,3,False,0,False,-1.1159870624542236,-3.093106508255005,3,False,0,False,-2.322141170501709,-2.924834966659546,0,False,0,False,-2.1476478576660156,-2.4427602291107178
public,3097,3,Happy,V21_CORRECT_V22_WRONG,True,True,3,True,3,True,3.8426263332366943,4.666421413421631,6,False,3,True,-1.4783416986465454,3.3605196475982666,6,False,3,True,-1.396135687828064,3.3553578853607178,3,True,3,True,3.7700002193450928,4.661532878875732,6,False,3,True,-1.4781715869903564,3.369492530822754,3,True,3,True,3.8542087078094482,4.665696144104004,3,True,3,True,3.7646353244781494,4.7325758934021,3,True,3,True,3.548731565475464,4.862211227416992
public,3108,4,Sad,V21_CORRECT_V22_WRONG,True,True,4,True,6,False,4.450789451599121,-4.040419578552246,6,False,4,True,-2.821925401687622,1.503814697265625,6,False,4,True,-2.7591588497161865,1.4285023212432861,4,True,6,False,4.45452880859375,-4.02932071685791,6,False,4,True,-2.8773553371429443,1.5878831148147583,4,True,6,False,4.424420356750488,-3.988903760910034,4,True,6,False,4.5616278648376465,-3.5265893936157227,4,True,3,False,3.356318473815918,-1.284494161605835
public,3114,6,Neutral,V21_CORRECT_V22_WRONG,True,True,4,False,4,False,-0.29388272762298584,-3.8029160499572754,4,False,6,True,-3.3187577724456787,1.4469783306121826,4,False,6,True,-3.269099712371826,1.3514342308044434,4,False,4,False,-0.32664501667022705,-3.7101187705993652,4,False,6,True,-3.3195722103118896,1.429220199584961,4,False,4,False,-0.5123916864395142,-3.593231439590454,6,True,4,False,0.12792444229125977,-2.985609531402588,4,False,6,True,-2.0900495052337646,3.204956531524658
public,3116,6,Neutral,V22_CORRECT_V21_WRONG,True,True,4,False,0,False,-3.370973587036133,-5.368104457855225,6,True,4,False,0.5156724452972412,-1.7625436782836914,6,True,4,False,0.6120838522911072,-1.794906735420227,4,False,0,False,-3.2354772090911865,-5.366476535797119,6,True,4,False,0.6085702776908875,-1.7614179849624634,4,False,0,False,-3.1314873695373535,-5.43147087097168,4,False,0,False,-3.239837169647217,-5.401521682739258,2,False,0,False,-3.4578402042388916,-5.612560272216797
public,3126,6,Neutral,V22_CORRECT_V21_WRONG,True,True,6,True,4,False,4.018060684204102,-0.39581799507141113,6,True,4,False,3.6079466342926025,-2.359872817993164,6,True,4,False,3.598860025405884,-1.999817132949829,6,True,4,False,3.993513345718384,-0.3252227306365967,6,True,4,False,3.558262348175049,-2.207862615585327,6,True,4,False,4.053906440734863,-0.5892200469970703,6,True,6,True,3.897353172302246,1.9258930683135986,0,False,6,True,-4.949077606201172,1.8527201414108276
public,3131,0,Angry,V21_CORRECT_V22_WRONG,True,True,4,False,0,True,-3.1494357585906982,2.165498733520508,4,False,0,True,-2.8570895195007324,1.6015524864196777,4,False,0,True,-2.965862512588501,1.6477949619293213,4,False,0,True,-3.083367109298706,2.2140183448791504,4,False,0,True,-2.8898637294769287,1.6101962327957153,4,False,0,True,-3.016042470932007,2.2613933086395264,4,False,0,True,-3.251796007156372,1.299379825592041,3,False,0,True,-4.272765636444092,2.055116891860962
public,3136,4,Sad,V22_CORRECT_V21_WRONG,True,True,6,False,4,True,-1.9230358600616455,3.6680521965026855,4,True,6,False,1.941263198852539,-1.995858907699585,4,True,6,False,1.6279516220092773,-2.039246082305908,6,False,4,True,-1.636003017425537,3.667306900024414,4,True,6,False,1.991037368774414,-2.0249931812286377,6,False,4,True,-2.0912089347839355,3.696780204772949,6,False,4,True,-1.1728224754333496,3.8097829818725586,4,True,6,False,4.54392147064209,-3.034080982208252
public,3145,6,Neutral,V22_CORRECT_V21_WRONG,True,True,6,True,3,False,3.646235466003418,-2.879704475402832,6,True,3,False,0.6695723533630371,-2.787356376647949,6,True,3,False,0.7868044376373291,-2.874589443206787,6,True,3,False,3.707214593887329,-2.8757405281066895,6,True,3,False,0.6696195602416992,-2.7839455604553223,6,True,3,False,3.621715784072876,-2.866499662399292,6,True,3,False,3.0572097301483154,-3.0973353385925293,3,False,3,False,-1.0117497444152832,-3.776175022125244
public,3155,2,Fear,V21_CORRECT_V22_WRONG,True,True,6,False,2,True,-3.7239692211151123,1.499168872833252,6,False,2,True,-0.14429783821105957,4.3646321296691895,6,False,2,True,-0.34715867042541504,4.418258190155029,6,False,2,True,-3.631868362426758,1.4622786045074463,6,False,2,True,-0.09552860260009766,4.364837646484375,6,False,2,True,-3.617093086242676,1.3541646003723145,6,False,2,True,-3.017256498336792,0.2725520730018616,3,False,4,False,-5.485217094421387,-0.3638046979904175
public,3158,0,Angry,V21_CORRECT_V22_WRONG,True,True,4,False,0,True,-0.28086256980895996,2.601022720336914,4,False,0,True,-2.407060146331787,1.000442385673523,4,False,0,True,-2.4104113578796387,0.9753334522247314,4,False,0,True,-0.18492662906646729,2.604140520095825,4,False,0,True,-2.418374538421631,0.9629044532775879,4,False,0,True,-0.02072465419769287,2.548143148422241,0,True,0,True,0.22529661655426025,2.1566715240478516,4,False,0,True,-5.170752048492432,1.3982601165771484
public,3166,5,Surprise,V22_CORRECT_V21_WRONG,True,True,3,False,3,False,-0.411576509475708,-1.5508743524551392,5,True,3,False,0.04489898681640625,-0.6407058238983154,5,True,3,False,0.1970212459564209,-0.6724727153778076,3,False,3,False,-0.29245734214782715,-1.5659775733947754,5,True,3,False,0.07851076126098633,-0.6833109855651855,3,False,3,False,-0.4558258056640625,-1.6342740058898926,5,True,3,False,1.477156400680542,-0.09848785400390625,5,True,3,False,2.201181411743164,-2.095402717590332
public,3168,0,Angry,V21_CORRECT_V22_WRONG,True,True,5,False,5,False,-2.34102725982666,-4.669332027435303,5,False,0,True,-2.7562828063964844,1.9831740856170654,5,False,0,True,-2.828704357147217,2.202037811279297,5,False,5,False,-2.4536426067352295,-4.6724677085876465,5,False,0,True,-2.8601839542388916,1.9711990356445312,2,False,5,False,-2.3915131092071533,-4.69328498840332,5,False,5,False,-2.6902382373809814,-4.889212608337402,5,False,2,False,-3.563337564468384,-3.0653882026672363
public,3169,6,Neutral,V22_CORRECT_V21_WRONG,True,True,0,False,6,True,-0.573815643787384,1.3164689540863037,6,True,0,False,0.22845220565795898,-1.1404454708099365,6,True,0,False,0.46053075790405273,-1.074240803718567,0,False,6,True,-0.7451973557472229,1.4559593200683594,6,True,0,False,0.30828857421875,-1.026391625404358,0,False,6,True,-1.500455379486084,1.3411937952041626,0,False,6,True,-3.3405275344848633,1.1143988370895386,0,False,4,False,-4.422386169433594,-0.16965347528457642
public,3172,4,Sad,V22_CORRECT_V21_WRONG,True,True,4,True,4,True,1.0038907527923584,3.9884254932403564,4,True,0,False,0.7092188596725464,-1.6635446548461914,4,True,0,False,1.596788763999939,-1.6965800523757935,4,True,4,True,1.25217866897583,3.9909112453460693,4,True,0,False,0.6084597110748291,-1.6311672925949097,4,True,4,True,0.8951897621154785,4.041085720062256,4,True,4,True,1.3166840076446533,4.047158718109131,1,False,4,True,-4.1297221183776855,3.775080680847168
public,3176,2,Fear,V22_CORRECT_V21_WRONG,True,True,2,True,5,False,0.9983114004135132,-0.6746869087219238,2,True,5,False,1.6750848293304443,-0.7262750864028931,2,True,5,False,1.6123921871185303,-0.6004841327667236,2,True,5,False,0.8920705318450928,-0.6459846496582031,2,True,5,False,1.706324815750122,-0.6758434772491455,2,True,5,False,0.7378839254379272,-0.6132228374481201,2,True,5,False,1.1948232650756836,-0.6853749752044678,5,False,5,False,-4.709096908569336,-1.3873395919799805
public,3216,0,Angry,V22_CORRECT_V21_WRONG,True,True,6,False,6,False,-3.6224169731140137,-2.0635933876037598,0,True,6,False,2.310617446899414,-2.4521353244781494,0,True,6,False,2.1633012294769287,-2.5865933895111084,6,False,6,False,-3.6042864322662354,-2.066999673843384,0,True,6,False,2.2532451152801514,-2.45644474029541,6,False,6,False,-3.6967549324035645,-1.9515552520751953,6,False,6,False,-3.625253200531006,-2.694305181503296,6,False,2,False,-5.301351547241211,-3.5320186614990234
public,3219,0,Angry,V21_CORRECT_V22_WRONG,True,True,0,True,0,True,1.4306421279907227,2.2456159591674805,3,False,0,True,-4.322253227233887,1.8152804374694824,3,False,0,True,-4.3636932373046875,1.8115776777267456,0,True,0,True,1.5195385217666626,2.2317605018615723,3,False,0,True,-4.3048553466796875,1.8557161092758179,0,True,0,True,1.8848745822906494,2.187251091003418,3,False,0,True,-0.7525626420974731,2.243647813796997,0,True,3,False,3.9180498123168945,-5.036521911621094
public,3220,3,Happy,V22_CORRECT_V21_WRONG,True,True,5,False,5,False,-3.3103880882263184,-4.032308578491211,3,True,5,False,0.7573418617248535,-2.834846019744873,3,True,5,False,0.5801684856414795,-3.0421876907348633,5,False,5,False,-3.377976655960083,-4.0456719398498535,3,True,5,False,0.47673773765563965,-2.889720916748047,5,False,5,False,-3.353973388671875,-4.076330661773682,5,False,5,False,-1.0373315811157227,-4.38828706741333,5,False,3,True,-4.903583526611328,0.23367559909820557
public,3235,2,Fear,V21_CORRECT_V22_WRONG,True,True,5,False,5,False,-1.285008430480957,-2.93031907081604,5,False,2,True,-3.7522592544555664,0.8223183155059814,5,False,2,True,-3.7987494468688965,0.8666211366653442,5,False,5,False,-1.2460353374481201,-2.8993287086486816,5,False,2,True,-3.774273157119751,0.8319331407546997,5,False,5,False,-0.6854891777038574,-2.920154571533203,2,True,5,False,0.4034552574157715,-2.5369224548339844,6,False,5,False,-3.619640827178955,-0.20375275611877441
public,3237,0,Angry,V21_CORRECT_V22_WRONG,True,True,2,False,0,True,-3.805687665939331,2.9786453247070312,2,False,0,True,-0.35469257831573486,1.0420281887054443,2,False,0,True,-0.6631292104721069,0.8746590614318848,2,False,0,True,-3.756833076477051,3.01342511177063,2,False,0,True,-0.5032705068588257,1.115776538848877,2,False,0,True,-3.7996368408203125,3.077801465988159,2,False,0,True,-2.6544017791748047,3.538970947265625,2,False,0,True,-3.056919813156128,1.9077727794647217
public,3243,3,Happy,V22_CORRECT_V21_WRONG,True,True,5,False,3,True,-3.6653859615325928,4.119030475616455,3,True,5,False,4.077950477600098,-2.770814895629883,3,True,5,False,4.073941230773926,-2.7138147354125977,5,False,3,True,-3.565984010696411,4.1531524658203125,3,True,5,False,4.077674865722656,-2.701432704925537,5,False,3,True,-3.583141326904297,4.109223365783691,5,False,3,True,-4.214704513549805,4.122714996337891,5,False,3,True,-3.937288522720337,4.7008185386657715
public,3245,2,Fear,V21_CORRECT_V22_WRONG,True,True,2,True,4,False,2.071033477783203,-1.5285389423370361,0,False,2,True,-1.2487609386444092,0.19480109214782715,0,False,2,True,-1.1971968412399292,0.08610010147094727,2,True,4,False,1.8960520029067993,-1.535599708557129,0,False,2,True,-1.0559799671173096,0.13471221923828125,2,True,4,False,1.8465301990509033,-1.5118589401245117,2,True,4,False,2.3593032360076904,-1.8130074739456177,6,False,6,False,-1.0682318210601807,-2.1672887802124023
public,3248,4,Sad,V22_CORRECT_V21_WRONG,True,True,6,False,4,True,-3.6045970916748047,3.8561606407165527,6,False,6,False,-0.3224499225616455,-0.5284171104431152,4,True,6,False,0.3975064754486084,-0.6310687065124512,6,False,4,True,-3.590701103210449,3.8423919677734375,6,False,6,False,-0.20607686042785645,-0.5730555057525635,6,False,4,True,-3.6036038398742676,3.815903425216675,6,False,4,True,-4.035341262817383,3.6575286388397217,6,False,4,True,-4.562458515167236,1.9748866558074951
public,3249,3,Happy,V22_CORRECT_V21_WRONG,True,True,4,False,0,False,-4.2719244956970215,-2.7193922996520996,3,True,4,False,2.3112969398498535,-2.6918420791625977,3,True,4,False,2.14524245262146,-2.6378333568573,4,False,0,False,-4.2480340003967285,-2.798828601837158,3,True,4,False,2.3986072540283203,-2.7150444984436035,4,False,0,False,-4.23010778427124,-2.7440829277038574,4,False,0,False,-4.312097072601318,-3.364954948425293,4,False,3,True,-3.7900564670562744,3.9742746353149414
public,3253,3,Happy,V22_CORRECT_V21_WRONG,True,True,6,False,3,True,-4.004905700683594,1.3740872144699097,3,True,6,False,3.1949656009674072,-2.5809261798858643,3,True,6,False,3.104473114013672,-2.648545742034912,6,False,3,True,-4.066378593444824,1.3897563219070435,3,True,6,False,3.2072739601135254,-2.6488125324249268,6,False,3,True,-3.869122266769409,1.371595025062561,6,False,6,False,-4.544805526733398,-0.11427068710327148,3,True,3,True,3.0131914615631104,1.5720137357711792
public,3265,6,Neutral,V21_CORRECT_V22_WRONG,True,True,3,False,3,False,-3.5091845989227295,-3.3520679473876953,3,False,6,True,-0.6667859554290771,1.2014261484146118,3,False,6,True,-0.731508731842041,1.1265116930007935,3,False,3,False,-3.5047049522399902,-3.3677806854248047,3,False,6,True,-0.70420241355896,1.2061388492584229,3,False,3,False,-3.578667402267456,-3.38269305229187,3,False,3,False,-3.8699557781219482,-3.1685128211975098,3,False,3,False,-4.17277193069458,-4.0827250480651855
public,3279,4,Sad,V22_CORRECT_V21_WRONG,True,True,4,True,6,False,2.3796167373657227,-1.3239326477050781,4,True,2,False,0.23819077014923096,-1.9004757404327393,4,True,2,False,0.3940170407295227,-1.8130360841751099,4,True,2,False,2.424302101135254,-1.3274445533752441,4,True,2,False,0.10284709930419922,-1.859114646911621,4,True,2,False,2.4564836025238037,-1.3798258304595947,4,True,6,False,1.469994306564331,-1.1544504165649414,4,True,6,False,0.7099745273590088,-4.383735179901123
public,3285,6,Neutral,V22_CORRECT_V21_WRONG,True,True,4,False,4,False,-2.8907346725463867,-2.503279209136963,6,True,4,False,1.9110393524169922,-4.214410781860352,6,True,4,False,2.1831517219543457,-4.341852188110352,4,False,4,False,-2.8395841121673584,-2.5155484676361084,6,True,4,False,1.7453069686889648,-4.209181308746338,4,False,4,False,-3.1320788860321045,-2.4265189170837402,4,False,4,False,-4.342177391052246,-1.4023667573928833,4,False,6,True,-4.468351364135742,0.9253736734390259
public,3286,4,Sad,V22_CORRECT_V21_WRONG,True,True,4,True,2,False,0.9855167865753174,-1.3717594146728516,4,True,2,False,3.6569643020629883,-2.6106977462768555,4,True,2,False,3.5741474628448486,-2.646632432937622,4,True,2,False,0.911028265953064,-1.4053399562835693,4,True,2,False,3.66764760017395,-2.6340808868408203,4,True,2,False,1.3413443565368652,-1.5496432781219482,4,True,2,False,1.5694994926452637,-1.9980463981628418,2,False,2,False,-1.4079701900482178,-0.10971963405609131
public,3288,6,Neutral,V21_CORRECT_V22_WRONG,True,True,4,False,4,False,-2.8972833156585693,-1.9451770782470703,2,False,6,True,-2.4781124591827393,2.215033531188965,2,False,6,True,-2.9627511501312256,2.3505024909973145,4,False,4,False,-3.045267343521118,-1.8830666542053223,2,False,6,True,-2.6951346397399902,2.2736244201660156,4,False,4,False,-2.9704787731170654,-1.9079502820968628,4,False,4,False,-2.5979599952697754,-0.3881028890609741,6,True,4,False,2.762763500213623,-2.625955581665039
public,3292,0,Angry,V22_CORRECT_V21_WRONG,True,True,4,False,0,True,-3.307936429977417,0.6889088153839111,0,True,6,False,0.298145055770874,-4.581427574157715,0,True,6,False,0.4805583953857422,-4.646529674530029,4,False,0,True,-3.3077900409698486,0.7080607414245605,0,True,6,False,0.39496564865112305,-4.643071174621582,4,False,0,True,-3.2649221420288086,0.7915548086166382,4,False,0,True,-3.444520950317383,0.25510072708129883,6,False,0,True,-3.6705410480499268,0.6474018692970276
public,3298,2,Fear,V21_CORRECT_V22_WRONG,True,True,6,False,3,False,-3.306138753890991,-2.3857803344726562,6,False,2,True,-0.9907691478729248,3.456472396850586,6,False,2,True,-0.6769427061080933,3.3739681243896484,6,False,3,False,-3.25740909576416,-2.387068033218384,6,False,2,True,-0.9019993543624878,3.448702096939087,6,False,3,False,-3.283684730529785,-2.5471832752227783,6,False,3,False,-2.358950614929199,-2.789090156555176,6,False,2,True,-1.0095012187957764,1.776414155960083
public,3305,2,Fear,V21_CORRECT_V22_WRONG,True,True,2,True,2,True,2.1125988960266113,0.1513749361038208,0,False,2,True,-1.2219552993774414,3.048344135284424,0,False,2,True,-1.4442992210388184,3.0152392387390137,2,True,2,True,2.207747220993042,0.1337118148803711,0,False,2,True,-1.2120075225830078,2.9818062782287598,2,True,2,True,1.6982349157333374,0.22715890407562256,2,True,4,False,1.7884371280670166,-0.02676212787628174,0,False,4,False,-0.5705001354217529,-0.7550872564315796
public,3308,0,Angry,V21_CORRECT_V22_WRONG,True,True,4,False,0,True,-0.09685838222503662,3.910583019256592,4,False,0,True,-1.8965771198272705,1.9269459247589111,4,False,0,True,-1.8299031257629395,1.885757327079773,4,False,0,True,-0.24664032459259033,3.932183265686035,4,False,0,True,-1.9133707284927368,1.9072730541229248,2,False,0,True,-0.11616218090057373,3.9638941287994385,2,False,0,True,-0.2376636266708374,3.7440786361694336,0,True,0,True,0.46857261657714844,2.821230411529541
public,3317,4,Sad,V22_CORRECT_V21_WRONG,True,True,4,True,6,False,3.9412496089935303,-0.840341329574585,4,True,6,False,2.167933940887451,-1.2487132549285889,4,True,6,False,2.112773895263672,-1.171710729598999,4,True,6,False,3.8561997413635254,-0.8489475250244141,4,True,6,False,2.0618791580200195,-1.2504048347473145,4,True,6,False,3.9763104915618896,-0.8096065521240234,4,True,6,False,3.8777503967285156,-1.1882150173187256,4,True,2,False,3.7195703983306885,-1.6850428581237793
public,3319,6,Neutral,V22_CORRECT_V21_WRONG,True,True,4,False,4,False,-3.7445201873779297,-3.9228079319000244,6,True,4,False,0.6027836799621582,-1.3991628885269165,6,True,4,False,0.939002513885498,-1.5648564100265503,4,False,4,False,-3.7715651988983154,-3.963026285171509,6,True,4,False,0.7206792831420898,-1.4796561002731323,4,False,4,False,-3.9128904342651367,-3.971445083618164,4,False,4,False,-3.0855586528778076,-3.7144172191619873,4,False,4,False,-0.6473140716552734,-2.1032097339630127
public,3328,3,Happy,V22_CORRECT_V21_WRONG,True,True,3,True,4,False,3.151179313659668,-4.1190338134765625,3,True,4,False,0.7235461473464966,-3.5372886657714844,3,True,4,False,1.2014596462249756,-3.6648600101470947,3,True,4,False,3.1610233783721924,-4.179765701293945,3,True,4,False,0.5644736289978027,-3.5681705474853516,3,True,4,False,2.810868263244629,-4.10997200012207,3,True,0,False,4.015612602233887,-5.617495536804199,0,False,4,False,-3.509519100189209,-4.6973958015441895
public,3334,3,Happy,V21_CORRECT_V22_WRONG,True,True,6,False,3,True,-4.535877704620361,4.273481369018555,6,False,3,True,-2.706174612045288,3.8757472038269043,6,False,3,True,-2.803354024887085,3.9764373302459717,6,False,3,True,-4.538086414337158,4.300597190856934,6,False,3,True,-2.668948173522949,3.9264559745788574,6,False,3,True,-4.480513572692871,4.3286824226379395,6,False,3,True,-4.936859130859375,4.285840034484863,4,False,3,True,-0.9939146637916565,3.661982536315918
public,3335,4,Sad,V22_CORRECT_V21_WRONG,True,True,2,False,2,False,-2.3718607425689697,-0.9065166711807251,4,True,2,False,3.9631474018096924,-0.6430531740188599,4,True,2,False,3.8805673122406006,-0.6543333530426025,2,False,2,False,-2.4877848625183105,-0.9044473171234131,4,True,2,False,3.9435298442840576,-0.6018190383911133,2,False,2,False,-2.4430861473083496,-0.770404577255249,2,False,2,False,-2.6024460792541504,-0.6572117805480957,2,False,2,False,-4.009335041046143,-0.15664362907409668
public,3344,2,Fear,V22_CORRECT_V21_WRONG,True,True,4,False,4,False,-2.3120248317718506,-3.0193369388580322,2,True,4,False,0.6551529169082642,-0.5361738204956055,2,True,4,False,0.5655006170272827,-0.5300586223602295,4,False,4,False,-2.316840887069702,-3.0084640979766846,2,True,4,False,0.6543879508972168,-0.521975040435791,4,False,4,False,-2.3378005027770996,-3.0020461082458496,4,False,4,False,-2.3533692359924316,-3.0583088397979736,4,False,0,False,-0.3915292024612427,-1.411489486694336
public,3348,5,Surprise,V22_CORRECT_V21_WRONG,True,True,2,False,2,False,-1.5538920164108276,-1.371617317199707,5,True,2,False,2.815256118774414,-1.8810760974884033,5,True,2,False,3.012148857116699,-1.9614076614379883,2,False,2,False,-1.4264438152313232,-1.4245529174804688,5,True,2,False,2.9464850425720215,-1.919343113899231,2,False,2,False,-1.5576964616775513,-1.537050724029541,2,False,2,False,-2.0028514862060547,-0.9662902355194092,2,False,0,False,-2.9562606811523438,-0.9507876634597778
public,3363,0,Angry,V21_CORRECT_V22_WRONG,True,True,4,False,3,False,-2.357886791229248,-4.185060024261475,3,False,0,True,-1.7145739793777466,1.503394603729248,3,False,0,True,-1.889984130859375,1.745477557182312,4,False,3,False,-2.276953935623169,-4.195065498352051,3,False,0,True,-1.7259856462478638,1.5061331987380981,4,False,3,False,-2.4838569164276123,-4.196060657501221,4,False,3,False,-1.7639710903167725,-4.077735900878906,4,False,6,False,-3.6578574180603027,-4.303360939025879
public,3374,4,Sad,V22_CORRECT_V21_WRONG,True,True,4,True,0,False,2.1190779209136963,-0.4299960136413574,4,True,0,False,3.8379476070404053,-2.264950752258301,4,True,0,False,3.9220681190490723,-2.2295615673065186,4,True,0,False,2.319509267807007,-0.38437676429748535,4,True,0,False,3.9227099418640137,-2.2387876510620117,4,True,0,False,2.1701836585998535,-0.2341388463973999,4,True,0,False,2.026981830596924,-1.3884135484695435,4,True,2,False,3.372129440307617,-1.2679858207702637
public,3392,6,Neutral,V22_CORRECT_V21_WRONG,True,True,6,True,0,False,2.510322093963623,-1.178025722503662,6,True,0,False,4.148064613342285,-0.8870649337768555,6,True,0,False,4.084588527679443,-0.7034850120544434,6,True,0,False,2.4515256881713867,-1.1318424940109253,6,True,0,False,4.1736226081848145,-0.8504375219345093,6,True,0,False,2.976902961730957,-1.2892132997512817,6,True,0,False,1.763128399848938,-0.5689362287521362,2,False,4,False,-1.961995244026184,-1.9441030025482178
public,3400,2,Fear,V21_CORRECT_V22_WRONG,True,True,3,False,4,False,-1.8299418687820435,-2.454785108566284,6,False,2,True,-2.4201173782348633,1.1528674364089966,6,False,2,True,-2.891814708709717,1.16671884059906,3,False,4,False,-1.7187879085540771,-2.4952664375305176,6,False,2,True,-2.5033960342407227,1.145329475402832,3,False,4,False,-2.0060935020446777,-2.545736789703369,6,False,4,False,-2.1171553134918213,-2.7762274742126465,2,True,3,False,1.0900964736938477,-0.8042498826980591
public,3402,2,Fear,V22_CORRECT_V21_WRONG,True,True,4,False,4,False,-4.335426330566406,-2.090339422225952,2,True,4,False,3.1681244373321533,-1.9511654376983643,2,True,4,False,3.2547378540039062,-2.010406970977783,4,False,4,False,-4.343349933624268,-2.077209949493408,2,True,4,False,3.136054754257202,-1.9442483186721802,4,False,4,False,-4.372608661651611,-2.012648582458496,4,False,4,False,-4.6006178855896,-1.5109386444091797,4,False,0,False,-3.4987404346466064,-0.8807228803634644
public,3409,6,Neutral,V21_CORRECT_V22_WRONG,True,True,4,False,6,True,-2.5113234519958496,1.3535447120666504,4,False,6,True,-1.602493166923523,2.311436653137207,4,False,6,True,-1.6550792455673218,2.323190212249756,4,False,6,True,-2.437537670135498,1.3774493932724,4,False,6,True,-1.5935463905334473,2.350832462310791,4,False,6,True,-2.246738910675049,1.5316729545593262,4,False,6,True,-3.5424277782440186,1.8149734735488892,4,False,3,False,-0.8045992851257324,-0.5585172176361084
public,3413,6,Neutral,V21_CORRECT_V22_WRONG,True,True,0,False,3,False,-5.232778549194336,-5.33095645904541,0,False,6,True,-2.260065793991089,3.363241672515869,0,False,6,True,-2.460759162902832,3.367002248764038,0,False,3,False,-5.22764778137207,-5.335573673248291,0,False,6,True,-2.3729519844055176,3.3705360889434814,0,False,3,False,-5.161105632781982,-5.339995384216309,0,False,3,False,-5.3419575691223145,-5.303807735443115,4,False,3,False,-4.139672756195068,-5.057183265686035
public,3432,0,Angry,V22_CORRECT_V21_WRONG,True,True,0,True,4,False,2.960468053817749,-2.5906333923339844,0,True,4,False,0.7246261835098267,-0.7929360866546631,0,True,4,False,0.25634241104125977,-0.7436254024505615,0,True,4,False,2.8392302989959717,-2.56872820854187,0,True,4,False,0.9592102766036987,-0.8431110382080078,0,True,4,False,3.0712409019470215,-2.9477832317352295,0,True,4,False,2.8089587688446045,-2.6405961513519287,2,False,4,False,-3.4803411960601807,-3.3602168560028076
public,3441,0,Angry,V21_CORRECT_V22_WRONG,True,True,0,True,0,True,0.7847949266433716,3.8428308963775635,4,False,0,True,-2.6513941287994385,2.0236949920654297,4,False,0,True,-2.607548475265503,1.9850651025772095,0,True,0,True,0.8545558452606201,3.8669612407684326,4,False,0,True,-2.5829083919525146,2.0219826698303223,0,True,0,True,0.33030903339385986,3.846947193145752,0,True,0,True,0.5003715753555298,4.401551246643066,2,False,0,True,-2.635000228881836,2.5140199661254883
public,3448,4,Sad,V21_CORRECT_V22_WRONG,True,True,4,True,4,True,1.1551129817962646,2.9616212844848633,6,False,4,True,-0.1693875789642334,4.508174896240234,6,False,4,True,-0.6002938747406006,4.47158145904541,4,True,4,True,0.816347599029541,2.923954963684082,6,False,4,True,-0.3831658363342285,4.504451751708984,4,True,4,True,1.1441738605499268,2.8845133781433105,4,True,4,True,1.1207104921340942,3.2643609046936035,6,False,4,True,-3.5526821613311768,2.452387809753418
public,3472,0,Angry,V22_CORRECT_V21_WRONG,True,True,0,True,0,True,4.055886268615723,4.087120532989502,0,True,2,False,3.7598745822906494,-0.9916778802871704,0,True,2,False,3.9481289386749268,-0.9851800203323364,0,True,0,True,3.83669376373291,4.084430694580078,0,True,2,False,3.8477718830108643,-0.909367561340332,0,True,0,True,3.84175443649292,4.121601104736328,0,True,0,True,4.411354064941406,4.213006973266602,0,True,0,True,1.1697113513946533,1.7565861940383911
public,3477,3,Happy,V22_CORRECT_V21_WRONG,True,True,4,False,0,False,-1.5950796604156494,-1.6755259037017822,3,True,4,False,0.6633409261703491,-4.578366756439209,3,True,4,False,0.5448204278945923,-4.5777106285095215,4,False,0,False,-1.4201321601867676,-1.61277437210083,3,True,4,False,0.6335315704345703,-4.569195747375488,4,False,0,False,-1.8981754779815674,-1.6732277870178223,4,False,0,False,-1.112967848777771,-3.1514689922332764,4,False,3,True,-4.8770222663879395,4.154136657714844
public,3481,4,Sad,V22_CORRECT_V21_WRONG,True,True,2,False,2,False,-5.494405269622803,-0.34875309467315674,4,True,2,False,2.589963674545288,-4.617050647735596,4,True,2,False,2.2378740310668945,-4.5909199714660645,2,False,2,False,-5.49132776260376,-0.38086366653442383,4,True,2,False,2.6832239627838135,-4.619095325469971,2,False,6,False,-5.371234893798828,-0.5100547075271606,2,False,2,False,-5.0929694175720215,-0.7196027040481567,6,False,3,False,-5.435068130493164,-0.2587113380432129
public,3486,4,Sad,V22_CORRECT_V21_WRONG,True,True,6,False,0,False,-0.5042423009872437,-2.8351619243621826,4,True,6,False,0.3074948787689209,-1.830958366394043,4,True,6,False,0.29405951499938965,-1.907942295074463,6,False,0,False,-0.5173157453536987,-2.823901653289795,4,True,6,False,0.3085954189300537,-1.841343641281128,6,False,0,False,-0.5113253593444824,-2.9156508445739746,4,True,0,False,0.42348289489746094,-2.279099702835083,6,False,6,False,-0.48859167098999023,-3.5218918323516846
public,3490,3,Happy,V22_CORRECT_V21_WRONG,True,True,2,False,4,False,-4.551882743835449,-4.526191711425781,3,True,4,False,1.9313709735870361,-3.482050657272339,3,True,4,False,2.0346858501434326,-3.4334211349487305,2,False,4,False,-4.593874454498291,-4.553991794586182,3,True,4,False,1.9043011665344238,-3.455886125564575,2,False,4,False,-4.572135925292969,-4.554844856262207,2,False,4,False,-4.499624252319336,-4.472939491271973,4,False,4,False,-4.874685287475586,-3.2997093200683594
public,3493,4,Sad,V21_CORRECT_V22_WRONG,True,True,6,False,4,True,-5.84800910949707,2.2290048599243164,6,False,4,True,-4.0993452072143555,0.8396116495132446,6,False,4,True,-3.700629711151123,0.792335033416748,6,False,4,True,-5.834414958953857,2.1589393615722656,6,False,4,True,-4.063531875610352,0.7694655656814575,6,False,4,True,-5.780146598815918,2.060953378677368,6,False,4,True,-5.818390369415283,2.3646578788757324,6,False,6,False,-5.219363689422607,-2.612884998321533
public,3499,2,Fear,V22_CORRECT_V21_WRONG,True,True,5,False,2,True,-3.6441242694854736,2.538527011871338,2,True,5,False,2.421872138977051,-2.0368549823760986,2,True,5,False,2.406344413757324,-2.036898136138916,5,False,2,True,-3.638951539993286,2.53945255279541,2,True,5,False,2.363471269607544,-2.0443170070648193,5,False,2,True,-3.839252471923828,2.628664493560791,5,False,2,True,-2.203483819961548,2.1782591342926025,0,False,5,False,-5.933148384094238,-0.15125298500061035
public,3500,4,Sad,V22_CORRECT_V21_WRONG,True,True,4,True,4,True,2.4424233436584473,2.271259069442749,4,True,0,False,0.8278342485427856,-2.7464303970336914,4,True,0,False,0.833682656288147,-2.581242561340332,4,True,4,True,2.3630454540252686,2.2467877864837646,4,True,0,False,0.9453307390213013,-2.768847703933716,4,True,4,True,2.2386937141418457,2.0387909412384033,4,True,4,True,0.777251124382019,1.875831127166748,6,False,0,False,-5.212060451507568,-2.4502673149108887
public,3510,6,Neutral,V21_CORRECT_V22_WRONG,True,True,0,False,4,False,-2.376384973526001,-1.9939913749694824,0,False,6,True,-1.6308956146240234,0.4206044673919678,0,False,6,True,-1.7187073230743408,0.41078925132751465,0,False,4,False,-2.442307949066162,-1.925158143043518,0,False,6,True,-1.7051315307617188,0.4837898015975952,0,False,4,False,-2.5373353958129883,-2.0010719299316406,0,False,4,False,-2.013235330581665,-2.5194783210754395,0,False,6,True,-2.25547456741333,2.3349246978759766
public,3514,0,Angry,V21_CORRECT_V22_WRONG,True,True,4,False,0,True,-0.39757096767425537,0.6711488962173462,4,False,0,True,-0.11948299407958984,0.3994171619415283,4,False,0,True,-0.28023195266723633,0.38828206062316895,4,False,0,True,-0.4203212261199951,0.6318905353546143,4,False,0,True,-0.16325247287750244,0.37747859954833984,0,True,0,True,0.2183992862701416,0.6107516288757324,4,False,0,True,-0.11806666851043701,0.9400275945663452,4,False,4,False,-2.1975622177124023,-2.0172324180603027
public,3517,4,Sad,V22_CORRECT_V21_WRONG,True,True,2,False,6,False,-0.2879757881164551,-0.662696361541748,4,True,6,False,3.0467255115509033,-3.6321475505828857,4,True,6,False,2.9541943073272705,-3.6020944118499756,2,False,6,False,-0.20646286010742188,-0.6841909885406494,4,True,6,False,3.0179009437561035,-3.6556098461151123,2,False,6,False,-0.3851780891418457,-0.7882530689239502,2,False,6,False,-0.24799609184265137,-1.0683543682098389,2,False,6,False,-3.032489776611328,-2.1972625255584717
public,3520,2,Fear,V22_CORRECT_V21_WRONG,True,True,2,True,6,False,2.500596761703491,-4.2010626792907715,2,True,6,False,2.775178909301758,-0.12469148635864258,2,True,6,False,2.800884962081909,-0.03921318054199219,2,True,6,False,2.5527596473693848,-4.179011821746826,2,True,6,False,2.8771896362304688,-0.14951491355895996,2,True,6,False,2.8725242614746094,-4.174879550933838,2,True,6,False,2.7978107929229736,-4.046957969665527,6,False,6,False,-0.4804879426956177,-4.072941303253174
public,3521,6,Neutral,V22_CORRECT_V21_WRONG,True,True,6,True,6,True,0.512962818145752,2.847567558288574,4,False,4,False,-0.2998392581939697,-2.6793007850646973,6,True,4,False,0.18369412422180176,-2.6240642070770264,6,True,6,True,0.6263788938522339,2.708517074584961,4,False,4,False,-0.45031189918518066,-2.633910655975342,6,True,6,True,0.24877572059631348,2.696781635284424,4,False,6,True,-0.7857151031494141,3.0792174339294434,6,True,6,True,0.377704381942749,2.0279266834259033
public,3525,4,Sad,V21_CORRECT_V22_WRONG,True,True,4,True,4,True,3.521052122116089,0.39644622802734375,4,True,4,True,0.020678281784057617,1.4602258205413818,2,False,4,True,-0.15989351272583008,1.5648062229156494,4,True,4,True,3.47939133644104,0.3735332489013672,4,True,4,True,0.05575704574584961,1.4962139129638672,4,True,4,True,3.704265832901001,0.41989564895629883,4,True,4,True,3.812448263168335,0.46706390380859375,4,True,4,True,4.100295543670654,2.1375441551208496
public,3528,5,Surprise,V21_CORRECT_V22_WRONG,True,True,5,True,3,False,1.7050572633743286,-3.8858609199523926,2,False,5,True,-3.301543951034546,0.7268384695053101,2,False,5,True,-3.0697989463806152,0.9925298690795898,5,True,3,False,1.6437171697616577,-3.900158405303955,2,False,5,True,-3.320547580718994,0.701966404914856,5,True,3,False,1.3368433713912964,-3.9309396743774414,5,True,3,False,0.5752140879631042,-3.889301300048828,2,False,3,False,-2.188261032104492,-4.736865997314453
public,3531,0,Angry,V21_CORRECT_V22_WRONG,True,True,0,True,4,False,3.710733652114868,-1.2366158962249756,4,False,0,True,-2.358943462371826,0.05795407295227051,4,False,0,True,-2.5109195709228516,0.06656718254089355,0,True,4,False,3.6964235305786133,-1.2433604001998901,4,False,0,True,-2.437950372695923,0.060044050216674805,0,True,4,False,3.7517940998077393,-1.2267322540283203,0,True,4,False,2.110994815826416,-1.9088640213012695,1,False,4,False,-1.6691596508026123,-1.0424801111221313
public,3541,2,Fear,V22_CORRECT_V21_WRONG,True,True,2,True,4,False,3.0480518341064453,-0.6510951519012451,2,True,6,False,4.766402244567871,-1.8754682540893555,2,True,6,False,4.721352577209473,-1.8089810609817505,2,True,4,False,3.0738162994384766,-0.6130640506744385,2,True,6,False,4.742272853851318,-1.8592357635498047,2,True,4,False,2.9224483966827393,-0.3304743766784668,2,True,2,True,3.163567543029785,0.922150731086731,2,True,4,False,4.297651290893555,-3.308567523956299
public,3547,4,Sad,V21_CORRECT_V22_WRONG,True,True,2,False,4,True,-4.512757778167725,0.8838801383972168,2,False,4,True,-1.2825289964675903,1.522573471069336,2,False,4,True,-1.3951585292816162,1.483514666557312,2,False,4,True,-4.506021022796631,0.8581730127334595,2,False,4,True,-1.2210137844085693,1.5332156419754028,2,False,4,True,-4.540950775146484,0.8335256576538086,2,False,4,True,-4.587213039398193,1.0176140069961548,0,False,4,True,-2.725163698196411,0.060011863708496094
public,3548,3,Happy,V22_CORRECT_V21_WRONG,True,True,5,False,4,False,-0.9082949161529541,-0.6456966400146484,3,True,4,False,4.729592800140381,-0.1346237063407898,3,True,4,False,4.747894763946533,-0.24313503503799438,5,False,4,False,-1.0219039916992188,-0.671880841255188,3,True,4,False,4.734702110290527,-0.13764041662216187,5,False,4,False,-0.7531826496124268,-0.5921589136123657,5,False,4,False,-1.3536673784255981,-1.165697455406189,6,False,4,False,-5.252105236053467,-3.200504779815674
public,3557,5,Surprise,V21_CORRECT_V22_WRONG,True,True,5,True,5,True,4.636980056762695,4.816493988037109,2,False,5,True,-0.3271505832672119,2.3654990196228027,2,False,5,True,-0.7906675338745117,2.3446311950683594,5,True,5,True,4.637328147888184,4.817129135131836,2,False,5,True,-0.40579938888549805,2.4227354526519775,5,True,5,True,4.638830184936523,4.817509651184082,5,True,5,True,4.628278732299805,4.831302165985107,5,True,5,True,4.487581253051758,4.5786213874816895
public,3560,6,Neutral,V21_CORRECT_V22_WRONG,True,True,4,False,6,True,-5.166713237762451,2.2484071254730225,4,False,6,True,-3.5124971866607666,2.8308892250061035,4,False,6,True,-3.2375121116638184,2.9072821140289307,4,False,6,True,-5.19045352935791,2.2733824253082275,4,False,6,True,-3.5346384048461914,2.807596206665039,4,False,6,True,-5.192699909210205,2.3101000785827637,4,False,6,True,-5.275058746337891,1.3718031644821167,6,True,6,True,3.779954671859741,1.7032285928726196
public,3566,4,Sad,V22_CORRECT_V21_WRONG,True,True,4,True,6,False,2.1128015518188477,-2.140648365020752,4,True,6,False,0.5608713626861572,-0.6000057458877563,4,True,6,False,0.5024800300598145,-0.6822760105133057,4,True,6,False,2.2388832569122314,-2.1583251953125,4,True,6,False,0.5202591419219971,-0.6763753890991211,4,True,6,False,1.9012625217437744,-2.221217632293701,4,True,6,False,3.1212034225463867,-2.121860980987549,6,False,3,False,-1.3955713510513306,-4.240639686584473
public,3567,4,Sad,V22_CORRECT_V21_WRONG,True,True,0,False,0,False,-4.425470352172852,-2.2516818046569824,4,True,0,False,0.22095608711242676,-2.877462387084961,4,True,0,False,0.6076992750167847,-2.8569376468658447,0,False,0,False,-4.445226192474365,-2.2181708812713623,4,True,0,False,0.31057584285736084,-2.858884572982788,0,False,0,False,-4.408425807952881,-2.1941800117492676,0,False,0,False,-4.235095024108887,-2.1049728393554688,0,False,0,False,-4.126526355743408,-0.49822676181793213
public,3568,4,Sad,V21_CORRECT_V22_WRONG,True,True,0,False,6,False,-1.269518494606018,-0.8376944065093994,6,False,4,True,-2.1843950748443604,0.8931814432144165,6,False,4,True,-2.2538492679595947,1.0462090969085693,0,False,6,False,-1.2728855609893799,-0.9011174440383911,6,False,4,True,-2.2543041706085205,0.8955898284912109,0,False,6,False,-1.391984462738037,-0.8082089424133301,0,False,6,False,-0.8830788135528564,-0.09819769859313965,2,False,6,False,-0.8199726343154907,-3.2368195056915283
public,3571,4,Sad,V21_CORRECT_V22_WRONG,True,True,6,False,6,False,-0.5321953296661377,-0.33188819885253906,2,False,4,True,-5.142829418182373,1.010819673538208,2,False,4,True,-5.106343746185303,0.9168094396591187,6,False,6,False,-0.29880309104919434,-0.3255971670150757,2,False,4,True,-5.130585670471191,0.9686462879180908,6,False,6,False,-0.1336514949798584,-0.47224581241607666,4,True,6,False,0.19596219062805176,-0.9643336534500122,4,True,2,False,0.08905041217803955,-0.6681597232818604
public,3577,4,Sad,V22_CORRECT_V21_WRONG,True,True,2,False,2,False,-4.482733726501465,-3.714224100112915,4,True,2,False,2.4784629344940186,-4.497946739196777,4,True,2,False,2.239736318588257,-4.495664119720459,2,False,2,False,-4.4993896484375,-3.7395031452178955,4,True,2,False,2.477888345718384,-4.537066459655762,2,False,2,False,-4.501187324523926,-3.757558584213257,2,False,2,False,-4.476810932159424,-3.7221436500549316,2,False,4,True,-2.8958628177642822,0.8277384042739868
public,3580,1,Disgust,V22_CORRECT_V21_WRONG,True,True,0,False,4,False,-2.476461172103882,-1.6839768886566162,1,True,4,False,1.259824275970459,-3.577420949935913,1,True,4,False,1.3739771842956543,-3.67669677734375,0,False,4,False,-2.4850080013275146,-1.699729561805725,1,True,4,False,1.2719213962554932,-3.599771499633789,0,False,4,False,-2.5527656078338623,-1.8298423290252686,0,False,4,False,-2.6669697761535645,-1.5800704956054688,0,False,3,False,-1.9370180368423462,-4.1615753173828125
public,3584,4,Sad,V21_CORRECT_V22_WRONG,True,True,6,False,4,True,-1.2501022815704346,2.420773983001709,6,False,4,True,-2.036363124847412,0.9323137998580933,6,False,4,True,-2.9066162109375,0.916379451751709,6,False,4,True,-1.1751283407211304,2.405742645263672,6,False,4,True,-2.109597682952881,0.9092502593994141,6,False,4,True,-0.7863157987594604,2.348240613937378,4,True,4,True,0.15681910514831543,3.3241467475891113,4,True,3,False,4.133775234222412,-3.1431028842926025
public,3586,4,Sad,V22_CORRECT_V21_WRONG,True,True,4,True,6,False,1.8091158866882324,-3.967606782913208,4,True,6,False,3.2268190383911133,-1.4575532674789429,4,True,6,False,3.345614194869995,-1.3583327531814575,4,True,6,False,1.8739726543426514,-3.964585304260254,4,True,6,False,3.2950479984283447,-1.5012637376785278,4,True,6,False,2.0261449813842773,-3.917215347290039,4,True,6,False,1.0700466632843018,-3.8796980381011963,2,False,6,False,-1.3822531700134277,-3.4610397815704346
public,3588,4,Sad,V22_CORRECT_V21_WRONG,True,True,4,True,2,False,1.101480484008789,-0.40481746196746826,4,True,6,False,1.0998951196670532,-1.0415809154510498,4,True,6,False,1.1341383457183838,-0.9294100403785706,4,True,2,False,1.0769083499908447,-0.4739198684692383,4,True,6,False,0.9905571937561035,-1.147346019744873,4,True,2,False,1.1674604415893555,-0.44313371181488037,4,True,4,True,0.7212696075439453,0.017133235931396484,6,False,2,False,-3.979191541671753,-1.1834275722503662
private,0,0,Angry,V22_CORRECT_V21_WRONG,True,True,2,False,0,True,-2.0286314487457275,3.7495832443237305,0,True,2,False,2.2945668697357178,-1.460119605064392,0,True,2,False,2.155585527420044,-1.5807104110717773,2,False,0,True,-2.006767749786377,3.717862129211426,0,True,2,False,2.263963460922241,-1.434445858001709,2,False,0,True,-2.1228623390197754,3.703535556793213,2,False,0,True,-0.9386686086654663,3.62658429145813,2,False,4,False,-2.2044739723205566,-0.4628574848175049
private,8,0,Angry,V21_CORRECT_V22_WRONG,True,True,2,False,0,True,-2.024911403656006,2.605255126953125,2,False,0,True,-1.5121127367019653,2.823759078979492,2,False,0,True,-1.6138893365859985,2.916853666305542,2,False,0,True,-2.032721519470215,2.5611155033111572,2,False,0,True,-1.546844720840454,2.7637810707092285,2,False,0,True,-2.194390296936035,2.5775146484375,2,False,0,True,-1.7804311513900757,3.006579875946045,0,True,3,False,0.5774567127227783,-2.429910659790039
private,13,4,Sad,V21_CORRECT_V22_WRONG,True,True,4,True,0,False,3.469339370727539,-0.9129139184951782,2,False,4,True,-1.0471456050872803,2.21768856048584,2,False,4,True,-0.8827927112579346,2.262155294418335,4,True,0,False,3.5397229194641113,-0.9883949160575867,2,False,4,True,-1.1146416664123535,2.234917163848877,4,True,0,False,3.486462354660034,-1.0153430700302124,4,True,0,False,3.483797550201416,-1.7532811164855957,1,False,2,False,-5.691832542419434,-1.5588736534118652
private,29,3,Happy,V21_CORRECT_V22_WRONG,True,True,2,False,3,True,-5.406803131103516,4.731118679046631,0,False,3,True,-5.534246444702148,0.7925211191177368,0,False,3,True,-5.485395908355713,1.0886311531066895,2,False,3,True,-5.414000511169434,4.7293853759765625,0,False,3,True,-5.494141578674316,0.8307559490203857,2,False,3,True,-5.357208728790283,4.7650556564331055,2,False,3,True,-5.303069114685059,4.858196258544922,3,True,3,True,0.8406805396080017,4.725516319274902
private,30,4,Sad,V22_CORRECT_V21_WRONG,True,True,4,True,4,True,2.3933215141296387,3.212259292602539,4,True,2,False,4.1238555908203125,-0.5752009153366089,4,True,2,False,3.974062919616699,-0.4104952812194824,4,True,4,True,2.5052759647369385,3.2227180004119873,4,True,2,False,4.084559917449951,-0.5824794769287109,4,True,4,True,2.641767978668213,3.0703530311584473,4,True,4,True,1.7054047584533691,3.2900564670562744,2,False,4,True,-3.4156482219696045,0.2701423168182373
private,32,6,Neutral,V21_CORRECT_V22_WRONG,True,True,4,False,4,False,-5.229397773742676,-2.299586534500122,4,False,6,True,-5.20001745223999,2.6327662467956543,4,False,6,True,-5.2179036140441895,2.8129630088806152,4,False,4,False,-5.2534332275390625,-2.380016326904297,4,False,6,True,-5.17998743057251,2.6286747455596924,4,False,4,False,-5.180032730102539,-2.528062343597412,4,False,4,False,-5.313172340393066,-2.8170971870422363,4,False,4,False,-4.819643974304199,-5.231766223907471
private,36,5,Surprise,V21_CORRECT_V22_WRONG,True,True,2,False,2,False,-2.4864425659179688,-0.8846451044082642,2,False,5,True,-3.3378801345825195,2.1718459129333496,2,False,5,True,-3.236675977706909,2.095046043395996,2,False,2,False,-2.419400215148926,-0.9124336242675781,2,False,5,True,-3.3186991214752197,2.1203560829162598,2,False,2,False,-2.170269727706909,-0.9908890724182129,2,False,5,True,-3.198962688446045,1.0809358358383179,2,False,2,False,-2.9662723541259766,-0.992470383644104
private,37,0,Angry,V21_CORRECT_V22_WRONG,True,True,4,False,0,True,-0.96053546667099,2.345921516418457,4,False,0,True,-1.4290632009506226,3.3875322341918945,4,False,0,True,-1.8776559829711914,3.296241521835327,4,False,0,True,-0.9844334721565247,2.2878575325012207,4,False,0,True,-1.4904974699020386,3.381901741027832,2,False,0,True,-1.009783387184143,2.3636369705200195,4,False,0,True,-2.4926769733428955,2.069608449935913,4,False,3,False,-2.867441415786743,-3.718480110168457
private,51,2,Fear,V21_CORRECT_V22_WRONG,True,True,2,True,0,False,1.4467262029647827,-4.021196365356445,5,False,2,True,-3.7853450775146484,4.042788505554199,5,False,2,True,-3.6784253120422363,3.996513605117798,2,True,0,False,1.2660260200500488,-4.005364894866943,5,False,2,True,-3.776228904724121,4.036537170410156,2,True,0,False,1.1637811660766602,-3.8938260078430176,2,True,0,False,1.6788948774337769,-4.186775207519531,2,True,0,False,2.7549145221710205,-4.07638692855835
private,54,0,Angry,V22_CORRECT_V21_WRONG,True,True,0,True,6,False,3.778310775756836,-1.1152026653289795,0,True,6,False,4.460132598876953,-0.38739848136901855,0,True,6,False,4.555505275726318,-0.3668198585510254,0,True,6,False,3.6414642333984375,-1.143029808998108,0,True,6,False,4.45505952835083,-0.3900473117828369,0,True,6,False,3.315086841583252,-1.2163581848144531,0,True,6,False,3.9465317726135254,-0.638491153717041,6,False,6,False,-4.796792984008789,-2.39394211769104
private,56,3,Happy,V22_CORRECT_V21_WRONG,True,True,5,False,5,False,-1.9360496997833252,-0.8120661973953247,3,True,5,False,0.5391788482666016,-0.2871236801147461,3,True,5,False,0.5717744827270508,-0.24456381797790527,5,False,5,False,-1.8507791757583618,-0.8156214952468872,3,True,5,False,0.5580334663391113,-0.27756476402282715,5,False,5,False,-1.893249750137329,-0.8819476366043091,5,False,5,False,-1.6136846542358398,-0.9504692554473877,5,False,3,True,-3.043675184249878,1.9943630695343018
private,58,6,Neutral,V21_CORRECT_V22_WRONG,True,True,0,False,4,False,-3.6115424633026123,-2.103943109512329,4,False,6,True,-0.9545166492462158,0.8636907339096069,4,False,6,True,-1.1773810386657715,0.7972992658615112,0,False,4,False,-3.7342312335968018,-2.0210678577423096,4,False,6,True,-1.0253777503967285,0.8866863250732422,0,False,4,False,-3.7878284454345703,-1.9735121726989746,0,False,4,False,-4.08083438873291,-0.17468500137329102,0,False,4,False,-5.390741348266602,-3.692598819732666
private,59,2,Fear,V22_CORRECT_V21_WRONG,True,True,5,False,0,False,-1.470184564590454,-1.4100936651229858,2,True,0,False,2.697157621383667,-0.8944137692451477,2,True,0,False,2.5878732204437256,-1.0113542079925537,5,False,0,False,-1.3153077363967896,-1.4182261228561401,2,True,0,False,2.676164150238037,-0.9163912534713745,5,False,0,False,-1.1588133573532104,-1.521253228187561,5,False,0,False,-1.201172947883606,-2.3052215576171875,0,False,2,True,-4.524110317230225,0.15725302696228027
private,60,6,Neutral,V21_CORRECT_V22_WRONG,True,True,4,False,4,False,-4.768222808837891,-0.1308072805404663,4,False,6,True,-2.8945045471191406,1.901273488998413,4,False,6,True,-3.0760881900787354,2.011451482772827,4,False,4,False,-4.763802528381348,-0.1674177646636963,4,False,6,True,-2.9375298023223877,1.9376649856567383,4,False,4,False,-4.811845779418945,-0.11170053482055664,4,False,4,False,-4.867631435394287,-0.10585927963256836,4,False,6,True,-5.086300849914551,1.0518676042556763
private,69,0,Angry,V21_CORRECT_V22_WRONG,True,True,6,False,2,False,-4.41912841796875,-3.245985507965088,2,False,0,True,-4.21406888961792,2.701478958129883,2,False,0,True,-4.2557878494262695,2.8951823711395264,6,False,2,False,-4.39621639251709,-3.434662342071533,2,False,0,True,-4.325417518615723,2.6593048572540283,6,False,2,False,-4.345271110534668,-3.609618663787842,6,False,2,False,-1.6257847547531128,-3.560905933380127,6,False,2,False,-4.907574653625488,-1.6434845924377441
private,92,4,Sad,V21_CORRECT_V22_WRONG,True,True,0,False,4,True,-3.5640997886657715,3.305319309234619,0,False,4,True,-0.7297146320343018,1.4220976829528809,0,False,4,True,-0.7050735950469971,1.322026014328003,0,False,4,True,-3.563706398010254,3.2971198558807373,0,False,4,True,-0.6869217157363892,1.3990402221679688,0,False,4,True,-3.4874155521392822,3.2683498859405518,0,False,4,True,-3.8218045234680176,3.3480608463287354,2,False,4,True,-1.07846999168396,2.553506851196289
private,95,4,Sad,V22_CORRECT_V21_WRONG,True,True,6,False,4,True,-0.6939730644226074,0.004174947738647461,4,True,6,False,1.2079107761383057,-1.5427381992340088,4,True,6,False,1.4405604600906372,-1.6375739574432373,6,False,4,True,-0.6823866367340088,0.05648183822631836,4,True,6,False,1.2598481178283691,-1.5177922248840332,6,False,6,False,-0.57550048828125,-0.020699024200439453,4,True,4,True,0.8638086318969727,1.786267638206482,6,False,4,True,-4.946112632751465,0.8846797943115234
private,117,3,Happy,V22_CORRECT_V21_WRONG,True,True,3,True,4,False,1.8354291915893555,-4.582032203674316,3,True,4,False,0.29646074771881104,-2.0206692218780518,3,True,4,False,0.07342278957366943,-2.0306124687194824,3,True,4,False,1.8330544233322144,-4.596211910247803,3,True,4,False,0.7587528228759766,-2.1487715244293213,3,True,4,False,2.239623546600342,-4.631876468658447,3,True,4,False,1.334205150604248,-4.931649684906006,6,False,6,False,-2.2082324028015137,-4.113452911376953
private,119,0,Angry,V22_CORRECT_V21_WRONG,True,True,5,False,0,True,-1.103679895401001,0.9330108165740967,0,True,5,False,1.0754294395446777,-1.4101388454437256,0,True,5,False,0.7324352264404297,-1.135301113128662,5,False,0,True,-1.0620402097702026,1.0033255815505981,0,True,5,False,1.001943826675415,-1.309985876083374,5,False,0,True,-1.230692744255066,1.1583967208862305,5,False,4,False,-0.03844034671783447,-0.3350987434387207,5,False,6,False,-3.60896372795105,-3.5177552700042725
private,133,0,Angry,V22_CORRECT_V21_WRONG,True,False,2,False,0,True,-2.597055196762085,0.2500394582748413,0,True,4,False,3.041264057159424,-1.9438717365264893,0,True,4,False,2.998342990875244,-1.9816045761108398,2,False,0,True,-2.54025936126709,0.2625631093978882,0,True,4,False,3.0170223712921143,-1.9330235719680786,2,False,3,False,-2.533557176589966,-0.838803768157959,4,False,0,True,-1.7226901054382324,2.397138833999634,4,False,3,False,-4.651844024658203,-4.647683620452881
private,143,4,Sad,V21_CORRECT_V22_WRONG,True,True,4,True,4,True,2.4960861206054688,2.466740846633911,2,False,4,True,-2.4447450637817383,1.742934226989746,2,False,4,True,-2.4360625743865967,1.6898937225341797,4,True,4,True,2.711963176727295,2.466005563735962,2,False,4,True,-2.4180710315704346,1.7167837619781494,4,True,4,True,2.767043113708496,2.6028566360473633,4,True,4,True,3.3181657791137695,2.8587777614593506,4,True,4,True,3.8969650268554688,0.9221501350402832
private,147,6,Neutral,V21_CORRECT_V22_WRONG,True,True,4,False,4,False,-2.558237314224243,-1.7964236736297607,4,False,6,True,-2.847885847091675,1.0975422859191895,4,False,6,True,-2.756308078765869,1.1067206859588623,4,False,4,False,-2.491074800491333,-1.7415730953216553,4,False,6,True,-2.8346285820007324,1.0594561100006104,4,False,4,False,-2.9246723651885986,-1.67746102809906,0,False,4,False,-1.9058095216751099,-1.881356954574585,1,False,0,False,-2.991065502166748,-3.763019561767578
private,153,6,Neutral,V22_CORRECT_V21_WRONG,True,True,5,False,3,False,-4.681796550750732,-4.320342063903809,6,True,3,False,2.2756474018096924,-2.6855123043060303,6,True,3,False,2.5298871994018555,-2.874458074569702,5,False,3,False,-4.599199295043945,-4.2751078605651855,6,True,3,False,2.294325351715088,-2.706089973449707,5,False,3,False,-4.850406646728516,-4.169315814971924,5,False,3,False,-4.560189247131348,-4.947504043579102,4,False,3,False,-2.766465902328491,-3.812500476837158
private,160,4,Sad,V21_CORRECT_V22_WRONG,True,True,2,False,4,True,-1.342877745628357,2.1029856204986572,2,False,4,True,-0.7805016040802002,2.6728780269622803,2,False,4,True,-0.5850040912628174,2.6984596252441406,2,False,4,True,-1.4352631568908691,2.112553834915161,2,False,4,True,-0.6806702613830566,2.6760051250457764,2,False,4,True,-1.3823645114898682,2.1608939170837402,4,True,4,True,0.20754361152648926,1.75630521774292,4,True,2,False,1.6025543212890625,-0.2717723846435547
private,165,2,Fear,V21_CORRECT_V22_WRONG,True,True,4,False,4,False,-1.2388982772827148,-0.8413441181182861,4,False,2,True,-3.5037946701049805,0.5365794897079468,4,False,2,True,-3.4071855545043945,0.6031233072280884,4,False,4,False,-1.3257712125778198,-0.9038605690002441,4,False,2,True,-3.4815635681152344,0.4996076822280884,4,False,4,False,-1.2658382654190063,-0.920063853263855,4,False,4,False,-1.6639621257781982,-0.9674206972122192,2,True,4,False,1.507244348526001,-0.6727651357650757
private,172,0,Angry,V22_CORRECT_V21_WRONG,True,True,4,False,0,True,-2.357783317565918,4.294373035430908,0,True,4,False,1.988542914390564,-0.7347816228866577,0,True,4,False,1.7174063920974731,-0.835584282875061,4,False,0,True,-2.5330207347869873,4.289056301116943,0,True,4,False,1.9379630088806152,-0.7369974255561829,4,False,0,True,-2.4879672527313232,4.282283782958984,4,False,0,True,-3.6305060386657715,3.971999168395996,0,True,0,True,0.4202537536621094,1.2511394023895264
private,177,2,Fear,V21_CORRECT_V22_WRONG,True,True,2,True,6,False,2.710191488265991,-0.48915350437164307,4,False,2,True,-0.3508392572402954,0.5230846405029297,4,False,2,True,-0.43282294273376465,0.45205914974212646,2,True,6,False,2.791858434677124,-0.4844810962677002,4,False,2,True,-0.3808605670928955,0.49220144748687744,2,True,6,False,2.830686569213867,-0.6054532527923584,2,True,6,False,0.8914192914962769,-0.6936907768249512,2,True,0,False,3.025998592376709,-2.265566110610962
private,180,4,Sad,V22_CORRECT_V21_WRONG,True,True,4,True,6,False,3.4211297035217285,-0.7252074480056763,4,True,6,False,4.182777404785156,-1.7619158029556274,4,True,6,False,4.237248420715332,-1.7626519203186035,4,True,6,False,3.503093957901001,-0.7024167776107788,4,True,6,False,4.232826232910156,-1.7888190746307373,4,True,6,False,3.3353164196014404,-0.6777021884918213,4,True,6,False,4.120598316192627,-1.0138616561889648,2,False,6,False,-1.566779375076294,-3.4621355533599854
private,194,6,Neutral,V22_CORRECT_V21_WRONG,True,True,6,True,6,True,0.8763883113861084,0.4984232187271118,6,True,4,False,4.421417713165283,-1.6772502660751343,6,True,4,False,4.412994384765625,-1.4675277471542358,6,True,6,True,0.8691534996032715,0.6470834016799927,6,True,4,False,4.5014328956604,-1.5607739686965942,6,True,6,True,1.5438131093978882,0.8500890731811523,6,True,0,False,1.0468707084655762,-1.4387961626052856,2,False,6,True,-3.1501946449279785,0.39069151878356934
private,195,2,Fear,V21_CORRECT_V22_WRONG,True,True,5,False,4,False,-4.270874977111816,-0.32632291316986084,5,False,2,True,-3.108035087585449,2.77372145652771,5,False,2,True,-3.1890408992767334,2.8184762001037598,5,False,4,False,-4.2467122077941895,-0.30439186096191406,5,False,2,True,-3.1662826538085938,2.7445595264434814,5,False,4,False,-4.312624931335449,-0.3924903869628906,5,False,4,False,-4.197010040283203,-0.07015883922576904,5,False,4,False,-1.7617721557617188,-2.3279807567596436
private,201,4,Sad,V22_CORRECT_V21_WRONG,True,True,2,False,2,False,-2.810699462890625,-0.9841804504394531,4,True,2,False,1.0122023820877075,-0.2551851272583008,4,True,2,False,0.9135239124298096,-0.35309648513793945,2,False,2,False,-2.81402587890625,-0.9782760143280029,4,True,2,False,0.8484477996826172,-0.30954575538635254,2,False,2,False,-3.2570528984069824,-1.0449483394622803,2,False,2,False,-1.2198866605758667,-1.2558637857437134,2,False,3,False,-1.3133063316345215,-3.2788960933685303
private,213,0,Angry,V21_CORRECT_V22_WRONG,True,True,2,False,6,False,-3.7510242462158203,-5.276477813720703,6,False,0,True,-1.3855242729187012,0.7458618879318237,6,False,0,True,-0.7685840129852295,0.7682757377624512,2,False,6,False,-3.7053825855255127,-5.282872200012207,6,False,0,True,-1.1833003759384155,0.8018970489501953,2,False,6,False,-3.5564725399017334,-5.361571311950684,2,False,6,False,-2.625001907348633,-5.372674942016602,2,False,2,False,-4.3800201416015625,-3.0893192291259766
private,216,6,Neutral,V22_CORRECT_V21_WRONG,True,True,0,False,3,False,-3.4786500930786133,-0.399324893951416,6,True,0,False,2.8776402473449707,-1.9132053852081299,6,True,0,False,2.7281789779663086,-1.9102721214294434,0,False,3,False,-3.4869613647460938,-0.36908113956451416,6,True,0,False,2.8700432777404785,-1.8606609106063843,0,False,3,False,-3.3814096450805664,-0.4352254867553711,0,False,3,False,-3.2188310623168945,-0.4515289068222046,6,True,3,False,3.164027690887451,-3.0845353603363037
private,218,6,Neutral,V21_CORRECT_V22_WRONG,True,True,0,False,6,True,-2.875438690185547,3.2138283252716064,0,False,6,True,-4.3121185302734375,2.4025540351867676,0,False,6,True,-4.3740057945251465,2.3416996002197266,0,False,6,True,-2.8355154991149902,3.1827213764190674,0,False,6,True,-4.322788238525391,2.3972270488739014,0,False,6,True,-2.9321305751800537,3.2878127098083496,0,False,6,True,-3.273930788040161,3.8215811252593994,6,True,4,False,1.8860357999801636,-0.7814333438873291
private,222,5,Surprise,V21_CORRECT_V22_WRONG,True,True,4,False,2,False,-4.055840492248535,-1.7194105386734009,2,False,5,True,-5.497962474822998,0.44547319412231445,2,False,5,True,-5.512558937072754,0.2916393280029297,4,False,2,False,-3.9940176010131836,-1.6899365186691284,2,False,5,True,-5.518565654754639,0.48418688774108887,4,False,4,False,-4.162234783172607,-1.6278094053268433,4,False,4,False,-4.487035274505615,-1.5887634754180908,4,False,4,False,-3.801474094390869,-3.7600479125976562
private,225,3,Happy,V21_CORRECT_V22_WRONG,True,True,3,True,6,False,1.0120010375976562,-4.236782073974609,4,False,3,True,-2.701979875564575,2.7307627201080322,4,False,3,True,-2.5224390029907227,2.6500027179718018,3,True,6,False,1.1016780138015747,-4.253568172454834,4,False,3,True,-2.606593370437622,2.7509613037109375,3,True,6,False,1.1470026969909668,-4.222491264343262,3,True,6,False,3.4945051670074463,-4.226977348327637,3,True,6,False,2.100569486618042,-4.372197151184082
private,231,6,Neutral,V22_CORRECT_V21_WRONG,True,True,4,False,4,False,-4.814040660858154,-3.357959747314453,6,True,4,False,0.11719584465026855,-3.8825840950012207,6,True,4,False,0.3887670040130615,-3.9093785285949707,4,False,4,False,-4.858466625213623,-3.385942220687866,6,True,4,False,0.1309983730316162,-3.8954837322235107,4,False,4,False,-4.899380683898926,-3.31162691116333,4,False,4,False,-4.841793060302734,-3.7216062545776367,4,False,4,False,-0.905308723449707,-2.7309703826904297
private,236,0,Angry,V22_CORRECT_V21_WRONG,True,True,0,True,0,True,4.245256423950195,1.8526227474212646,0,True,4,False,2.9281063079833984,-0.26470720767974854,0,True,4,False,2.923762083053589,-0.22860896587371826,0,True,0,True,4.262269973754883,1.9002867937088013,0,True,4,False,2.920698642730713,-0.26032769680023193,0,True,0,True,4.257658958435059,1.8167386054992676,0,True,0,True,4.193552017211914,1.8023734092712402,0,True,4,False,2.286844253540039,-1.5540528297424316
private,239,6,Neutral,V21_CORRECT_V22_WRONG,True,True,0,False,6,True,-4.7580695152282715,2.255974769592285,0,False,6,True,-3.9265356063842773,3.0451369285583496,0,False,6,True,-3.3916263580322266,2.9541239738464355,0,False,6,True,-4.7590250968933105,2.243154525756836,0,False,6,True,-3.980081796646118,3.0550146102905273,0,False,6,True,-4.831067085266113,2.361027240753174,0,False,6,True,-4.72715425491333,1.9990246295928955,0,False,0,False,-4.968687534332275,-3.4915807247161865
private,240,2,Fear,V21_CORRECT_V22_WRONG,True,True,5,False,0,False,-3.7766690254211426,-3.7983007431030273,5,False,2,True,-0.5038270950317383,1.9092481136322021,5,False,2,True,-0.21418273448944092,1.8791818618774414,5,False,0,False,-3.78725528717041,-3.764024019241333,5,False,2,True,-0.37682223320007324,1.8792531490325928,5,False,0,False,-3.6960113048553467,-3.5484092235565186,5,False,0,False,-3.4753661155700684,-3.694654941558838,5,False,0,False,-4.734551906585693,-2.057217836380005
private,244,5,Surprise,V21_CORRECT_V22_WRONG,True,True,3,False,5,True,-4.078570365905762,4.626429557800293,3,False,5,True,-4.184024810791016,4.675185680389404,3,False,5,True,-4.293571472167969,4.665099143981934,3,False,5,True,-4.0268378257751465,4.6284332275390625,3,False,5,True,-4.087627410888672,4.676150798797607,3,False,5,True,-3.8203659057617188,4.639481067657471,6,False,5,True,-3.0981838703155518,4.609749794006348,6,False,2,False,-4.361482620239258,-1.2577836513519287
private,247,4,Sad,V22_CORRECT_V21_WRONG,True,True,4,True,0,False,3.4705257415771484,-3.3405182361602783,4,True,0,False,3.5298311710357666,-0.7705084085464478,4,True,0,False,3.4331674575805664,-0.7300236225128174,4,True,0,False,3.5264182090759277,-3.3493738174438477,4,True,0,False,3.546719789505005,-0.8304717540740967,4,True,0,False,3.438095808029175,-3.319838762283325,4,True,0,False,2.892009735107422,-3.7202157974243164,6,False,0,False,-1.3003461360931396,-1.8914774656295776
private,248,1,Disgust,V21_CORRECT_V22_WRONG,True,True,2,False,2,False,-3.0600428581237793,-1.1698499917984009,0,False,1,True,-4.955227851867676,1.0508049726486206,0,False,1,True,-4.973367691040039,0.5587961673736572,2,False,2,False,-3.068263292312622,-1.3116347789764404,0,False,1,True,-4.955156326293945,0.8694820404052734,2,False,2,False,-3.0645384788513184,-1.0320507287979126,2,False,2,False,-3.227735996246338,-1.8976852893829346,2,False,2,False,-4.2414445877075195,-3.3312504291534424
private,259,3,Happy,V21_CORRECT_V22_WRONG,True,True,0,False,3,True,-3.3908164501190186,3.62225604057312,0,False,3,True,-1.8025836944580078,3.2403664588928223,0,False,3,True,-1.4099957942962646,3.3279285430908203,0,False,3,True,-3.3807201385498047,3.678884983062744,0,False,3,True,-1.891987681388855,3.2915360927581787,0,False,3,True,-3.6648716926574707,3.779716730117798,0,False,3,True,-3.0405657291412354,2.528432607650757,0,False,2,False,-4.759584903717041,-0.8335615396499634
private,260,3,Happy,V21_CORRECT_V22_WRONG,True,True,6,False,3,True,-0.20534944534301758,0.30426788330078125,6,False,3,True,-3.6984338760375977,0.6861991882324219,6,False,3,True,-3.5370707511901855,0.5313096046447754,6,False,3,True,-0.3473854064941406,0.24808263778686523,6,False,3,True,-3.696289539337158,0.7538967132568359,6,False,3,True,-0.7023003101348877,0.3249528408050537,3,True,6,False,0.8808672428131104,-1.1349953413009644,6,False,6,False,-1.5774481296539307,-1.8802589178085327
private,263,6,Neutral,V22_CORRECT_V21_WRONG,True,True,6,True,4,False,3.791882038116455,-1.053718090057373,6,True,4,False,1.1040269136428833,-1.5404330492019653,6,True,4,False,1.3274109363555908,-1.3615822792053223,6,True,4,False,3.7713027000427246,-1.0181665420532227,6,True,4,False,1.1215327978134155,-1.5261324644088745,6,True,4,False,3.701160192489624,-0.9870182871818542,6,True,4,False,3.57718563079834,-1.4684224128723145,6,True,2,False,2.121089458465576,-1.569117784500122
private,267,4,Sad,V21_CORRECT_V22_WRONG,True,True,4,True,4,True,1.2485461235046387,4.409975051879883,0,False,4,True,-1.6999971866607666,3.693910598754883,0,False,4,True,-1.4883352518081665,3.735402822494507,4,True,4,True,0.9398599863052368,4.415842533111572,0,False,4,True,-1.7137670516967773,3.7134103775024414,4,True,4,True,0.8171298503875732,4.426681041717529,4,True,4,True,1.2066752910614014,4.382957458496094,6,False,4,True,-0.7544336318969727,4.0298614501953125
private,273,4,Sad,V22_CORRECT_V21_WRONG,True,True,4,True,4,True,0.9763280153274536,1.4022347927093506,4,True,6,False,2.7752273082733154,-2.3720030784606934,4,True,6,False,2.971360445022583,-2.2854628562927246,4,True,4,True,0.8794713020324707,1.3494837284088135,4,True,6,False,2.845134735107422,-2.368971347808838,4,True,4,True,0.8576139211654663,1.4661123752593994,4,True,4,True,1.0773937702178955,0.6971920728683472,4,True,2,False,4.558109760284424,-2.3806538581848145
private,274,4,Sad,V22_CORRECT_V21_WRONG,True,True,4,True,2,False,4.207244873046875,-0.5326251983642578,4,True,6,False,1.447260856628418,-4.151546478271484,4,True,6,False,1.4844872951507568,-4.127155303955078,4,True,2,False,4.188138008117676,-0.5329000949859619,4,True,6,False,1.3747353553771973,-4.161389350891113,4,True,2,False,4.110651016235352,-0.6132717132568359,4,True,6,False,4.229376792907715,-0.6505858898162842,6,False,2,False,-1.4099104404449463,-3.260684013366699
private,282,4,Sad,V21_CORRECT_V22_WRONG,True,True,2,False,4,True,-2.6252071857452393,0.12984466552734375,2,False,4,True,-1.53169846534729,1.0185214281082153,2,False,4,True,-1.4846644401550293,0.9834232330322266,2,False,4,True,-2.633049964904785,0.12730813026428223,2,False,4,True,-1.4694733619689941,1.0168559551239014,2,False,4,True,-2.6531333923339844,0.1909956932067871,2,False,2,False,-2.0529098510742188,-0.49102139472961426,2,False,4,True,-2.802154541015625,0.17922616004943848
private,289,6,Neutral,V22_CORRECT_V21_WRONG,True,True,0,False,6,True,-4.186287879943848,2.8190062046051025,6,True,3,False,1.3913419246673584,-2.1433002948760986,6,True,3,False,1.6801341772079468,-2.2213659286499023,0,False,6,True,-4.109974384307861,2.8284456729888916,6,True,3,False,0.9414389133453369,-2.1384642124176025,0,False,6,True,-4.233974933624268,2.7380118370056152,0,False,6,True,-3.872715473175049,3.592193365097046,2,False,6,True,-3.7143659591674805,3.206090211868286
private,298,0,Angry,V22_CORRECT_V21_WRONG,True,True,4,False,0,True,-5.0004563331604,1.9278199672698975,0,True,4,False,1.8522865772247314,-0.7989557981491089,0,True,4,False,1.9455516338348389,-0.9364237785339355,4,False,0,True,-4.986472129821777,1.9081776142120361,0,True,4,False,1.9626425504684448,-0.7783372402191162,4,False,0,True,-4.988419055938721,1.7991210222244263,4,False,0,True,-4.9522528648376465,1.3171277046203613,2,False,0,True,-4.658380031585693,0.9672954082489014
private,317,6,Neutral,V21_CORRECT_V22_WRONG,True,True,3,False,3,False,-2.5626113414764404,-3.894987106323242,3,False,6,True,-1.400256633758545,3.3515923023223877,3,False,6,True,-1.438474416732788,3.42525577545166,3,False,3,False,-2.567533493041992,-3.914923667907715,3,False,6,True,-1.3173702955245972,3.3490238189697266,3,False,3,False,-2.518368721008301,-3.9639134407043457,3,False,3,False,-3.4713587760925293,-3.4604105949401855,5,False,3,False,-2.0910325050354004,-3.246410846710205
private,318,4,Sad,V21_CORRECT_V22_WRONG,True,True,2,False,0,False,-1.9733545780181885,-2.4556965827941895,2,False,4,True,-2.0819168090820312,0.34172868728637695,2,False,4,True,-2.003887176513672,0.20838260650634766,2,False,0,False,-2.0664472579956055,-2.4581806659698486,2,False,4,True,-2.016507863998413,0.3122091293334961,2,False,0,False,-1.610622525215149,-2.417116641998291,2,False,0,False,-2.2542617321014404,-2.161576509475708,4,True,0,False,2.281148672103882,-3.9023356437683105
private,326,3,Happy,V22_CORRECT_V21_WRONG,True,True,4,False,4,False,-5.187505722045898,-4.836700439453125,3,True,4,False,0.8805609941482544,-2.9986374378204346,3,True,4,False,0.9423753023147583,-3.072183609008789,4,False,4,False,-5.189894199371338,-4.772473335266113,3,True,4,False,0.8824176788330078,-2.984415054321289,4,False,4,False,-5.251034259796143,-4.766059398651123,4,False,4,False,-5.415739059448242,-4.6276421546936035,4,False,4,False,-5.39211893081665,-3.237760066986084
private,337,0,Angry,V22_CORRECT_V21_WRONG,True,True,5,False,0,True,-4.758883476257324,1.2050988674163818,0,True,2,False,0.6825544834136963,-3.066984176635742,0,True,2,False,0.781928539276123,-3.1114580631256104,5,False,0,True,-4.7274932861328125,1.3666125535964966,0,True,2,False,0.7129267454147339,-3.057363510131836,5,False,0,True,-4.672987461090088,1.2088704109191895,5,False,0,True,-3.6072096824645996,0.606787919998169,0,True,5,False,3.449385166168213,-4.552763938903809
private,338,6,Neutral,V22_CORRECT_V21_WRONG,True,True,3,False,2,False,-2.8839478492736816,-4.427962303161621,6,True,2,False,1.8193492889404297,-4.568317890167236,6,True,2,False,2.167440891265869,-4.7474365234375,3,False,2,False,-2.857484817504883,-4.469026565551758,6,True,2,False,1.7871389389038086,-4.527050018310547,3,False,2,False,-3.88142991065979,-4.619447231292725,3,False,2,False,-3.380380630493164,-5.449873447418213,3,False,3,False,-2.7030982971191406,-1.4395660161972046
private,340,0,Angry,V22_CORRECT_V21_WRONG,True,True,6,False,6,False,-2.0807924270629883,-2.8566110134124756,4,False,6,False,-0.19483411312103271,-1.8267637491226196,0,True,6,False,0.19955956935882568,-1.8938510417938232,6,False,6,False,-2.2523550987243652,-2.8297574520111084,4,False,6,False,-0.285037636756897,-1.8516361713409424,6,False,6,False,-2.3408377170562744,-2.9104666709899902,6,False,6,False,-1.1057990789413452,-3.0010948181152344,6,False,6,False,-5.076990127563477,-2.469862461090088
private,343,3,Happy,V22_CORRECT_V21_WRONG,True,True,4,False,0,False,-1.2327017784118652,-4.308415412902832,3,True,4,False,0.09798955917358398,-4.453514575958252,3,True,4,False,0.3539879322052002,-4.522946357727051,4,False,0,False,-1.1773264408111572,-4.274657249450684,3,True,4,False,0.0284879207611084,-4.456271648406982,4,False,0,False,-1.5843614339828491,-4.298392295837402,4,False,0,False,-1.7368428707122803,-4.045858860015869,0,False,4,False,-2.276629686355591,-4.103407859802246
private,364,0,Angry,V21_CORRECT_V22_WRONG,True,True,0,True,3,False,2.9332480430603027,-3.827305316925049,5,False,0,True,-4.4526591300964355,3.586162567138672,5,False,0,True,-4.529295921325684,3.6116302013397217,0,True,3,False,2.9235987663269043,-3.869157075881958,5,False,0,True,-4.482357025146484,3.6199965476989746,0,True,3,False,2.8870201110839844,-3.8616838455200195,0,True,3,False,3.398782253265381,-4.217774868011475,6,False,6,False,-3.9065017700195312,-5.044054985046387
private,368,6,Neutral,V22_CORRECT_V21_WRONG,True,True,6,True,4,False,0.26920175552368164,-2.704136610031128,6,True,4,False,3.9067251682281494,-2.2830734252929688,6,True,4,False,3.983883857727051,-2.296173572540283,6,True,4,False,0.06193971633911133,-2.711785316467285,6,True,4,False,3.9169304370880127,-2.3122336864471436,0,False,4,False,-0.6653850078582764,-2.754155158996582,0,False,4,False,-0.5857517719268799,-2.070202350616455,0,False,4,False,-5.045273303985596,-3.6565427780151367
private,375,4,Sad,V21_CORRECT_V22_WRONG,True,True,4,True,4,True,2.884002447128296,0.687862753868103,2,False,4,True,-0.5174887180328369,3.0948286056518555,2,False,4,True,-0.6497112512588501,3.0714664459228516,4,True,4,True,2.929732322692871,0.8326452970504761,2,False,4,True,-0.5180528163909912,3.0800271034240723,4,True,4,True,2.6645121574401855,0.9651935696601868,4,True,4,True,2.898192882537842,1.3293943405151367,4,True,4,True,3.449122905731201,2.451817035675049
private,376,3,Happy,V21_CORRECT_V22_WRONG,True,True,4,False,3,True,-3.681457042694092,0.7566546201705933,4,False,3,True,-4.310581684112549,3.5949337482452393,4,False,3,True,-4.278825759887695,3.5577006340026855,4,False,3,True,-3.4446823596954346,0.6893950700759888,4,False,3,True,-4.242613792419434,3.5966579914093018,4,False,3,True,-3.792112350463867,0.6747802495956421,4,False,0,False,-2.1471288204193115,-2.2549755573272705,0,False,3,True,-4.749382972717285,3.301790475845337
private,378,3,Happy,V21_CORRECT_V22_WRONG,True,True,3,True,3,True,4.769461631774902,4.019946098327637,6,False,3,True,-0.7984659671783447,4.412006378173828,6,False,3,True,-0.8153996467590332,4.400537014007568,3,True,3,True,4.7979655265808105,4.038815498352051,6,False,3,True,-0.801926851272583,4.406269073486328,3,True,3,True,4.826908588409424,4.060457229614258,3,True,3,True,4.9610066413879395,4.103370666503906,3,True,3,True,3.7748212814331055,3.9034688472747803
private,385,6,Neutral,V21_CORRECT_V22_WRONG,True,True,6,True,6,True,3.2493555545806885,3.3057713508605957,5,False,6,True,-5.202585220336914,0.6579482555389404,5,False,6,True,-5.191733360290527,0.5927265882492065,6,True,6,True,3.2650043964385986,3.338327407836914,5,False,6,True,-5.186966896057129,0.7148311138153076,6,True,6,True,3.357819080352783,3.404644727706909,6,True,6,True,0.3951294422149658,3.7048168182373047,6,True,3,False,4.368403434753418,-3.662970542907715
private,395,4,Sad,V21_CORRECT_V22_WRONG,True,True,4,True,0,False,3.232654571533203,-0.2518119812011719,6,False,4,True,-1.8098231554031372,1.4122169017791748,6,False,4,True,-2.1228716373443604,1.3394774198532104,4,True,0,False,3.176100969314575,-0.2965877056121826,6,False,4,True,-1.8515276908874512,1.4336509704589844,4,True,4,True,3.444235324859619,0.07230055332183838,4,True,4,True,3.331221342086792,0.26106786727905273,4,True,6,False,3.695863723754883,-1.737515926361084
private,396,4,Sad,V22_CORRECT_V21_WRONG,True,True,2,False,4,True,-4.121134281158447,1.0382628440856934,4,True,2,False,1.4098527431488037,-1.2622578144073486,4,True,2,False,1.1654361486434937,-1.2823328971862793,2,False,4,True,-4.136117935180664,0.9857428073883057,4,True,2,False,1.427910327911377,-1.2701891660690308,2,False,4,True,-4.2344160079956055,1.0633060932159424,2,False,4,True,-4.692155838012695,2.6710028648376465,4,True,0,False,0.366701602935791,-0.920184850692749
private,400,2,Fear,V22_CORRECT_V21_WRONG,True,True,2,True,2,True,3.48524808883667,2.375356435775757,2,True,4,False,3.268402099609375,-0.1870718002319336,2,True,4,False,3.5874462127685547,-0.3127264976501465,2,True,2,True,3.4970057010650635,2.374636173248291,2,True,4,False,3.2236993312835693,-0.17441010475158691,2,True,2,True,3.377654790878296,2.505995750427246,2,True,2,True,2.643211841583252,2.3730063438415527,2,True,2,True,4.611669540405273,1.2393535375595093
private,408,2,Fear,V21_CORRECT_V22_WRONG,True,True,4,False,4,False,-5.07155179977417,-2.044893503189087,4,False,2,True,-3.273545026779175,0.3799789547920227,4,False,2,True,-3.2950515747070312,0.18002194166183472,4,False,4,False,-5.071784973144531,-2.021723985671997,4,False,2,True,-3.3639864921569824,0.3819473385810852,4,False,4,False,-5.073953151702881,-2.1081795692443848,4,False,4,False,-5.248235702514648,-1.7747056484222412,4,False,4,False,-5.083979606628418,-2.8673148155212402
private,410,3,Happy,V21_CORRECT_V22_WRONG,True,True,5,False,2,False,-2.4657843112945557,-2.7926244735717773,5,False,3,True,-0.9285273551940918,0.8804807662963867,5,False,3,True,-0.863274097442627,1.0110118389129639,5,False,2,False,-2.499708652496338,-2.774355888366699,5,False,3,True,-0.9215643405914307,0.9226853847503662,5,False,2,False,-2.476321220397949,-2.729581594467163,5,False,2,False,-2.0361838340759277,-3.0318520069122314,5,False,2,False,-3.0780954360961914,-3.7127268314361572
private,415,5,Surprise,V21_CORRECT_V22_WRONG,True,True,5,True,5,True,4.177126407623291,3.3701179027557373,2,False,5,True,-2.1588518619537354,2.8135604858398438,2,False,5,True,-2.0760226249694824,2.766469955444336,5,True,5,True,4.161590576171875,3.3494837284088135,2,False,5,True,-2.3637144565582275,2.824335813522339,5,True,5,True,4.161255359649658,3.293755054473877,5,True,5,True,4.209808349609375,3.3229916095733643,5,True,5,True,3.2860264778137207,2.675018787384033
private,422,2,Fear,V21_CORRECT_V22_WRONG,True,True,5,False,2,True,-0.5889341831207275,3.648771047592163,5,False,2,True,-2.936923027038574,2.712162733078003,5,False,2,True,-3.1821370124816895,2.6390037536621094,5,False,2,True,-0.618868350982666,3.639005422592163,5,False,2,True,-2.9502921104431152,2.7011096477508545,5,False,2,True,-0.2823057174682617,3.7150559425354004,2,True,2,True,0.47113990783691406,3.5262508392333984,2,True,2,True,2.0532140731811523,1.4355357885360718
private,427,3,Happy,V22_CORRECT_V21_WRONG,True,True,0,False,2,False,-4.640288829803467,-2.2755844593048096,3,True,4,False,3.5006184577941895,-5.008699417114258,3,True,4,False,3.5482664108276367,-5.021762371063232,0,False,2,False,-4.607670307159424,-2.186891555786133,3,True,4,False,3.4524548053741455,-5.018996238708496,0,False,2,False,-4.58506965637207,-2.168931245803833,0,False,2,False,-4.471117973327637,-3.482825756072998,0,False,4,False,-3.5554680824279785,-1.550118088722229
private,431,6,Neutral,V21_CORRECT_V22_WRONG,True,True,4,False,6,True,-0.18455791473388672,0.7142550945281982,4,False,6,True,-3.8217790126800537,1.305649995803833,4,False,6,True,-3.915292263031006,1.4233571290969849,4,False,6,True,-0.28798627853393555,0.8436589241027832,4,False,6,True,-3.7844483852386475,1.3923499584197998,6,True,6,True,0.15198767185211182,0.742384672164917,6,True,6,True,0.38600635528564453,1.0871485471725464,4,False,4,False,-2.001063823699951,-1.1715983152389526
private,437,6,Neutral,V21_CORRECT_V22_WRONG,True,True,2,False,0,False,-5.12103271484375,-2.688657760620117,2,False,6,True,-5.850622177124023,0.9847874045372009,2,False,6,True,-5.811757564544678,0.9711260795593262,2,False,0,False,-5.1744208335876465,-2.7006194591522217,2,False,6,True,-5.85720157623291,0.948771595954895,2,False,0,False,-5.083602428436279,-2.6638410091400146,2,False,0,False,-4.931007385253906,-2.0638773441314697,2,False,6,True,-3.339341640472412,2.2302865982055664
private,446,4,Sad,V22_CORRECT_V21_WRONG,True,True,0,False,4,True,-2.628016710281372,2.526977777481079,4,True,2,False,3.4194440841674805,-1.4707982540130615,4,True,2,False,3.454235315322876,-1.2707247734069824,0,False,4,True,-2.700092077255249,2.482285499572754,4,True,2,False,3.454322576522827,-1.4410934448242188,0,False,4,True,-1.9161784648895264,2.4182140827178955,0,False,4,True,-3.397179126739502,3.2180702686309814,6,False,4,True,-4.729779243469238,0.002027750015258789
private,447,4,Sad,V21_CORRECT_V22_WRONG,True,True,4,True,4,True,0.8692548274993896,3.305604934692383,4,True,4,True,0.15941119194030762,1.6252336502075195,4,True,4,True,0.0009322166442871094,1.667358160018921,4,True,4,True,0.5894734859466553,3.2985572814941406,4,True,4,True,0.3103036880493164,1.626882791519165,4,True,4,True,1.019615888595581,3.3111190795898438,4,True,4,True,0.4978342056274414,3.086911678314209,6,False,4,True,-1.965700626373291,0.47467494010925293
private,460,2,Fear,V22_CORRECT_V21_WRONG,True,True,2,True,0,False,4.796504974365234,-1.9498246908187866,2,True,6,False,3.3371849060058594,-0.8565911054611206,2,True,6,False,3.4426536560058594,-0.5817070007324219,2,True,0,False,4.818788051605225,-1.8726454973220825,2,True,6,False,3.2815303802490234,-0.8789124488830566,2,True,0,False,4.800654411315918,-2.038459539413452,2,True,0,False,4.851394176483154,-2.953467845916748,2,True,4,False,4.420737266540527,-1.7919942140579224
private,461,4,Sad,V22_CORRECT_V21_WRONG,True,True,4,True,0,False,2.0453383922576904,-0.3562164306640625,4,True,0,False,0.3323557376861572,-0.7364174127578735,4,True,0,False,0.34607553482055664,-0.7154972553253174,4,True,0,False,2.0344386100769043,-0.38053083419799805,4,True,0,False,0.3635847568511963,-0.7287321090698242,4,True,0,False,2.0892083644866943,-0.38195013999938965,3,False,0,False,-0.5473014116287231,-0.36553239822387695,3,False,3,False,-4.546815872192383,-3.5408360958099365
private,463,2,Fear,V22_CORRECT_V21_WRONG,True,True,2,True,4,False,2.955000877380371,-2.4284749031066895,2,True,5,False,0.630944013595581,-0.5323159694671631,2,True,5,False,0.7370648384094238,-0.6703615188598633,2,True,4,False,2.9005112648010254,-2.4165191650390625,2,True,5,False,0.5894879102706909,-0.550670862197876,2,True,4,False,2.849464178085327,-2.400346517562866,2,True,4,False,3.0676677227020264,-1.7072042226791382,1,False,2,True,-4.051836013793945,1.8884145021438599
private,481,6,Neutral,V22_CORRECT_V21_WRONG,True,True,4,False,6,True,-4.82438325881958,0.7347315549850464,6,True,4,False,0.7152520418167114,-0.898100733757019,6,True,4,False,0.23689723014831543,-0.9667633771896362,4,False,6,True,-4.842860221862793,0.7621563673019409,6,True,4,False,0.7467814683914185,-0.8733159303665161,4,False,6,True,-4.8742499351501465,0.8709310293197632,4,False,6,True,-4.416810989379883,1.1267859935760498,4,False,6,True,-4.748679161071777,2.575831651687622
private,493,4,Sad,V21_CORRECT_V22_WRONG,True,True,4,True,6,False,1.399526834487915,-2.6089046001434326,4,True,4,True,0.5913752317428589,1.2869471311569214,4,True,4,True,0.04222917556762695,1.167234182357788,4,True,6,False,1.5917888879776,-2.6175003051757812,4,True,4,True,0.6251553297042847,1.250715732574463,4,True,6,False,1.4505221843719482,-2.753788948059082,4,True,6,False,1.514301061630249,-3.172769784927368,4,True,3,False,2.2774953842163086,-4.075875759124756
private,495,6,Neutral,V22_CORRECT_V21_WRONG,True,True,4,False,6,True,-3.964346170425415,1.3762202262878418,6,True,0,False,3.7725377082824707,-3.386308431625366,6,True,0,False,3.7844491004943848,-3.360213279724121,4,False,6,True,-4.0765533447265625,1.3540199995040894,6,True,0,False,3.7262585163116455,-3.2577388286590576,4,False,6,True,-3.970365285873413,1.273777723312378,4,False,6,True,-3.127084493637085,1.4227313995361328,2,False,6,True,-4.185051441192627,3.5303664207458496
private,497,2,Fear,V21_CORRECT_V22_WRONG,True,True,2,True,4,False,4.046199798583984,-4.116204738616943,0,False,2,True,-0.7957053184509277,0.4813728332519531,0,False,2,True,-0.1912447214126587,0.5490691661834717,2,True,4,False,4.0107598304748535,-4.1493306159973145,0,False,2,True,-0.6008743047714233,0.5493125915527344,2,True,4,False,4.088837623596191,-4.193922519683838,2,True,4,False,3.9017410278320312,-3.896091938018799,5,False,2,True,-4.98414421081543,3.141989231109619
private,507,4,Sad,V21_CORRECT_V22_WRONG,True,True,4,True,3,False,1.696964144706726,-2.619936943054199,6,False,4,True,-3.3399605751037598,0.8004180192947388,6,False,4,True,-3.550663471221924,0.3708937168121338,4,True,3,False,1.632326364517212,-2.6160006523132324,6,False,4,True,-3.29379940032959,0.7307785749435425,4,True,3,False,1.5417966842651367,-2.3167600631713867,4,True,4,True,2.154740333557129,0.9985698461532593,4,True,4,True,2.402967929840088,2.3058247566223145
private,511,3,Happy,V22_CORRECT_V21_WRONG,True,True,3,True,3,True,1.339569091796875,4.106392860412598,3,True,4,False,1.7468221187591553,-3.0675570964813232,3,True,4,False,1.5430142879486084,-3.066467761993408,3,True,3,True,1.2056275606155396,4.128322124481201,3,True,4,False,1.7762984037399292,-3.0232629776000977,3,True,3,True,1.3275256156921387,4.20698881149292,3,True,3,True,1.928372859954834,3.419579267501831,4,False,3,True,-4.161946773529053,4.310806751251221
private,520,4,Sad,V21_CORRECT_V22_WRONG,True,True,4,True,4,True,3.029618740081787,1.3302597999572754,2,False,4,True,-4.081326007843018,3.7557528018951416,2,False,4,True,-4.127262115478516,3.7275283336639404,4,True,4,True,3.1971118450164795,1.4045276641845703,2,False,4,True,-4.078702449798584,3.755361318588257,4,True,4,True,3.0598955154418945,1.1251643896102905,4,True,4,True,3.838775157928467,1.641488790512085,2,False,0,False,-3.642488718032837,-1.6095259189605713
private,521,2,Fear,V21_CORRECT_V22_WRONG,True,True,5,False,5,False,-2.31081485748291,-0.7361717224121094,5,False,2,True,-1.6777749061584473,0.9417860507965088,5,False,2,True,-1.7867114543914795,1.0420626401901245,5,False,5,False,-2.347676992416382,-0.7182459831237793,5,False,2,True,-1.6535325050354004,0.931873083114624,5,False,5,False,-2.2045397758483887,-0.4482283592224121,2,True,5,False,0.5763782262802124,-1.864876627922058,5,False,2,True,-3.031526565551758,1.1324284076690674
private,523,2,Fear,V21_CORRECT_V22_WRONG,True,True,2,True,2,True,4.699337005615234,1.8763344287872314,4,False,2,True,-1.7598706483840942,3.1147713661193848,4,False,2,True,-1.8237957954406738,3.0224032402038574,2,True,2,True,4.6973652839660645,1.9240801334381104,4,False,2,True,-1.724457025527954,3.1341264247894287,2,True,2,True,4.690969944000244,2.0696284770965576,2,True,2,True,4.737308979034424,0.9859318733215332,2,True,2,True,4.356432914733887,1.8542224168777466
private,524,5,Surprise,V22_CORRECT_V21_WRONG,True,True,6,False,2,False,-1.7804207801818848,-1.7256399393081665,5,True,6,False,3.92832612991333,-0.4718877077102661,5,True,6,False,4.000885486602783,-0.6072087287902832,6,False,2,False,-1.6587352752685547,-1.7632637023925781,5,True,6,False,3.917837619781494,-0.587234377861023,6,False,2,False,-1.723811149597168,-1.8650062084197998,6,False,2,False,-0.6297433376312256,-2.0001161098480225,5,True,5,True,4.797637462615967,1.4869611263275146
private,538,4,Sad,V22_CORRECT_V21_WRONG,True,True,2,False,6,False,-0.19568848609924316,-3.1706223487854004,4,True,6,False,0.5312219858169556,-0.7818388938903809,4,True,6,False,0.5327777862548828,-0.7798103094100952,4,True,6,False,0.04031634330749512,-3.1891021728515625,4,True,6,False,0.5967482328414917,-0.7794166803359985,2,False,6,False,-0.10913968086242676,-3.2954797744750977,2,False,6,False,-0.7785308361053467,-3.186293601989746,6,False,6,False,-3.1709349155426025,-2.196265935897827
private,539,3,Happy,V21_CORRECT_V22_WRONG,True,True,2,False,2,False,-3.9359421730041504,-2.564368486404419,2,False,3,True,-2.9541289806365967,3.4951395988464355,2,False,3,True,-2.5223021507263184,3.4261975288391113,2,False,2,False,-4.0090460777282715,-2.579946756362915,2,False,3,True,-2.76346755027771,3.5099730491638184,2,False,2,False,-4.09058952331543,-2.3516950607299805,2,False,2,False,-2.079770803451538,-2.993842124938965,2,False,3,True,-2.5103745460510254,3.852982521057129
private,543,0,Angry,V22_CORRECT_V21_WRONG,True,True,0,True,4,False,4.695899963378906,-1.8822548389434814,0,True,4,False,2.8728997707366943,-0.6288696527481079,0,True,4,False,2.7430708408355713,-0.562652587890625,0,True,4,False,4.7067766189575195,-1.859269618988037,0,True,4,False,2.813868522644043,-0.6132087707519531,0,True,4,False,4.744807720184326,-1.8262183666229248,0,True,4,False,4.729941368103027,-1.5079171657562256,0,True,4,False,3.974790573120117,-4.0299553871154785
private,550,4,Sad,V21_CORRECT_V22_WRONG,True,True,4,True,0,False,1.7663650512695312,-0.5013632774353027,6,False,4,True,-0.7593815326690674,2.4753012657165527,6,False,4,True,-1.1839025020599365,2.463808536529541,4,True,0,False,1.8271292448043823,-0.5318179130554199,6,False,4,True,-0.8453583717346191,2.468642234802246,4,True,0,False,1.9779261350631714,-0.44811511039733887,4,True,0,False,1.1866536140441895,-0.48313212394714355,4,True,4,True,3.30489444732666,1.517504334449768
private,552,4,Sad,V21_CORRECT_V22_WRONG,True,False,2,False,2,False,-4.952761173248291,-0.2790505886077881,2,False,4,True,-4.6197509765625,1.0088168382644653,2,False,4,True,-4.619366645812988,1.095961332321167,2,False,2,False,-4.93486213684082,-0.33541929721832275,2,False,4,True,-4.618915557861328,0.9523283243179321,2,False,2,False,-4.6877970695495605,-0.4707237482070923,2,False,2,False,-3.764862537384033,-1.1181695461273193,2,False,4,True,-4.391800880432129,0.029222607612609863
private,553,6,Neutral,V22_CORRECT_V21_WRONG,True,True,0,False,0,False,-4.941814422607422,-4.908433437347412,6,True,0,False,0.6740932464599609,-0.45487838983535767,6,True,0,False,0.4218482971191406,-0.48495548963546753,0,False,0,False,-4.962747573852539,-4.887192726135254,6,True,0,False,0.559128999710083,-0.4356669783592224,0,False,0,False,-4.959619522094727,-4.868495941162109,0,False,0,False,-4.275991916656494,-4.592407703399658,0,False,2,False,-4.936338901519775,-2.563629150390625
private,555,4,Sad,V21_CORRECT_V22_WRONG,True,True,4,True,4,True,2.29274320602417,1.5978909730911255,2,False,4,True,-1.9731333255767822,2.2073800563812256,2,False,4,True,-1.9471107721328735,2.2729673385620117,4,True,4,True,2.3258514404296875,1.6152862310409546,2,False,4,True,-1.9268829822540283,2.210981607437134,4,True,4,True,2.3466010093688965,1.5950109958648682,4,True,4,True,1.8672842979431152,1.4975303411483765,4,True,2,False,0.3787781000137329,-1.1135554313659668
private,559,3,Happy,V21_CORRECT_V22_WRONG,True,True,3,True,4,False,4.582461833953857,-3.615579605102539,2,False,3,True,-1.0665345191955566,1.4189308881759644,2,False,3,True,-0.6347634792327881,1.533493995666504,3,True,4,False,4.630634784698486,-3.6063618659973145,2,False,3,True,-0.8973388075828552,1.3846114873886108,3,True,4,False,4.641671180725098,-3.575451374053955,3,True,4,False,4.600329399108887,-3.4990482330322266,2,False,2,False,-4.413602352142334,-1.7416460514068604
private,563,4,Sad,V22_CORRECT_V21_WRONG,True,True,2,False,0,False,-4.046555995941162,-0.4142439365386963,4,True,0,False,3.785236358642578,-0.7956646680831909,4,True,0,False,3.991708755493164,-0.9229481220245361,2,False,0,False,-3.884949207305908,-0.4210439920425415,4,True,0,False,3.8439972400665283,-0.8262063264846802,2,False,2,False,-3.838864803314209,-0.19815468788146973,2,False,4,True,-2.8066248893737793,0.9970846176147461,2,False,4,True,-5.003626346588135,1.533996343612671
private,564,3,Happy,V21_CORRECT_V22_WRONG,True,True,6,False,0,False,-4.844523906707764,-1.4370840787887573,6,False,3,True,-4.621461868286133,1.3717012405395508,6,False,3,True,-4.600120544433594,1.410991907119751,6,False,0,False,-4.840631484985352,-1.280850887298584,6,False,3,True,-4.636960983276367,1.387476921081543,6,False,0,False,-4.782314300537109,-1.568179965019226,6,False,0,False,-4.899353981018066,-1.4685802459716797,5,False,4,False,-2.36519193649292,-2.4002108573913574
private,569,5,Surprise,V22_CORRECT_V21_WRONG,True,True,3,False,6,False,-1.516764521598816,-2.7883994579315186,5,True,0,False,1.7662160396575928,-1.2926923036575317,5,True,0,False,1.860385775566101,-1.41046142578125,3,False,6,False,-1.5567556619644165,-2.7765941619873047,5,True,0,False,1.7948030233383179,-1.3983771800994873,3,False,6,False,-1.6282799243927002,-2.674788475036621,3,False,6,False,-1.8176379203796387,-3.862691879272461,6,False,2,False,-1.1414047479629517,-2.804361343383789
private,577,5,Surprise,V21_CORRECT_V22_WRONG,True,True,5,True,2,False,3.5367891788482666,-0.7587512731552124,5,True,5,True,0.09253311157226562,4.378695487976074,2,False,5,True,-0.3276158571243286,4.3802809715271,5,True,2,False,3.5220439434051514,-0.6743161678314209,5,True,5,True,0.08455371856689453,4.377386569976807,5,True,2,False,3.642536163330078,-0.745087742805481,5,True,5,True,3.5186383724212646,0.911168098449707,5,True,2,False,4.053861141204834,-2.6632273197174072
private,578,2,Fear,V21_CORRECT_V22_WRONG,True,True,4,False,0,False,-1.7630095481872559,-3.048311233520508,0,False,2,True,-1.3590599298477173,2.0115790367126465,0,False,2,True,-1.3576593399047852,2.234893560409546,4,False,0,False,-1.8222079277038574,-3.0833675861358643,0,False,2,True,-1.4106059074401855,2.0040857791900635,4,False,0,False,-1.5875468254089355,-2.884626865386963,4,False,0,False,-0.6619224548339844,-3.7085978984832764,6,False,0,False,-3.402674674987793,-2.6425154209136963
private,579,2,Fear,V21_CORRECT_V22_WRONG,True,True,6,False,4,False,-5.909740447998047,-0.23017466068267822,4,False,2,True,-4.117725372314453,1.4469249248504639,4,False,2,True,-3.5742077827453613,1.5806609392166138,6,False,4,False,-5.956173896789551,-0.3058966398239136,4,False,2,True,-4.063748359680176,1.5198068618774414,6,False,4,False,-5.988701820373535,-0.4379148483276367,6,False,2,True,-6.086941719055176,0.44161128997802734,6,False,2,True,-4.977777481079102,3.3833627700805664
private,597,6,Neutral,V21_CORRECT_V22_WRONG,True,True,4,False,4,False,-2.1877012252807617,-4.426516056060791,4,False,6,True,-5.37033224105835,0.47723388671875,4,False,6,True,-5.383141040802002,0.43663763999938965,4,False,4,False,-2.465268135070801,-4.357789039611816,4,False,6,True,-5.351719856262207,0.4277290105819702,4,False,4,False,-2.7352776527404785,-4.257996559143066,4,False,4,False,-0.7007308006286621,-2.559567451477051,4,False,4,False,-4.143924236297607,-4.45216703414917
private,600,4,Sad,V22_CORRECT_V21_WRONG,True,True,2,False,3,False,-1.5779156684875488,-4.584063529968262,3,False,3,False,-0.2631080150604248,-3.1492111682891846,3,False,3,False,-0.1304922103881836,-3.1544957160949707,2,False,3,False,-1.6728875637054443,-4.568182468414307,3,False,3,False,-0.391024112701416,-3.182162284851074,2,False,3,False,-1.6966174840927124,-4.546895980834961,4,True,3,False,0.009471774101257324,-4.878629207611084,5,False,3,False,-3.2427351474761963,-4.693706512451172
private,605,4,Sad,V22_CORRECT_V21_WRONG,True,True,4,True,6,False,1.5913773775100708,-3.1140987873077393,4,True,6,False,1.0025187730789185,-2.2627573013305664,4,True,6,False,1.049211859703064,-2.2386159896850586,4,True,6,False,1.6638826131820679,-3.1043341159820557,4,True,6,False,1.1111371517181396,-2.2953460216522217,4,True,6,False,1.7644177675247192,-3.140822172164917,4,True,6,False,2.05462384223938,-3.20615291595459,4,True,6,False,0.5671665668487549,-2.408611536026001
private,609,0,Angry,V21_CORRECT_V22_WRONG,True,True,5,False,3,False,-4.501825332641602,-4.352716445922852,3,False,0,True,-3.210834503173828,1.204577922821045,3,False,0,True,-3.3287315368652344,1.15226411819458,5,False,3,False,-4.5478715896606445,-4.381106376647949,3,False,0,True,-3.122708320617676,1.0556118488311768,5,False,3,False,-4.602077484130859,-4.243813514709473,5,False,3,False,-4.554354190826416,-3.7972192764282227,3,False,3,False,-4.306783676147461,-4.732461452484131
private,610,4,Sad,V22_CORRECT_V21_WRONG,True,True,4,True,4,True,4.492196083068848,0.5316357612609863,4,True,2,False,2.8706324100494385,-0.008961200714111328,4,True,2,False,3.058973789215088,-0.12308764457702637,4,True,4,True,4.5160746574401855,0.567674994468689,4,True,4,True,2.8668198585510254,0.07593441009521484,4,True,4,True,4.513071537017822,0.554081916809082,4,True,2,False,4.247631072998047,-0.11655044555664062,4,True,4,True,4.774564266204834,2.220594644546509
private,613,4,Sad,V21_CORRECT_V22_WRONG,True,True,2,False,3,False,-2.0442028045654297,-5.134507656097412,3,False,4,True,-3.817697525024414,0.8524757623672485,3,False,4,True,-3.5796241760253906,0.9351987838745117,2,False,3,False,-1.997800350189209,-5.150035381317139,3,False,4,True,-3.7880210876464844,0.9141530990600586,2,False,3,False,-1.744619607925415,-5.15018367767334,2,False,3,False,-1.3951964378356934,-4.982918739318848,2,False,3,False,-1.3646081686019897,-3.8152098655700684
private,628,4,Sad,V22_CORRECT_V21_WRONG,True,True,4,True,4,True,3.864990234375,3.0920727252960205,4,True,2,False,3.8694958686828613,-0.49683868885040283,4,True,2,False,3.884477138519287,-0.4510784149169922,4,True,4,True,3.8669638633728027,3.061877727508545,4,True,2,False,3.8800666332244873,-0.4181331396102905,4,True,4,True,3.7719051837921143,3.0713694095611572,4,True,4,True,3.7123525142669678,3.2078516483306885,4,True,4,True,1.0295488834381104,3.627599000930786
private,630,4,Sad,V22_CORRECT_V21_WRONG,True,False,4,True,0,False,0.37459373474121094,-1.2959823608398438,4,True,2,False,1.6781741380691528,-0.9880139827728271,4,True,2,False,1.6983506679534912,-1.019364595413208,4,True,0,False,0.5413633584976196,-1.2355080842971802,4,True,2,False,1.6942628622055054,-0.9731653928756714,4,True,0,False,1.072524905204773,-1.1783580780029297,4,True,2,False,0.22473251819610596,-0.48035717010498047,4,True,4,True,2.6012585163116455,0.9689359664916992
private,632,3,Happy,V21_CORRECT_V22_WRONG,True,True,4,False,4,False,-3.3954267501831055,-4.449326992034912,4,False,3,True,-1.4797009229660034,4.222111225128174,4,False,3,True,-1.0696442127227783,4.133398532867432,4,False,4,False,-3.345585823059082,-4.526159286499023,4,False,3,True,-1.2037640810012817,4.203299522399902,4,False,4,False,-3.2816696166992188,-4.234193325042725,2,False,4,False,-3.259326219558716,-3.448421001434326,4,False,4,False,-4.948232173919678,-4.007948875427246
private,635,2,Fear,V22_CORRECT_V21_WRONG,True,True,2,True,0,False,2.0235002040863037,-3.9110236167907715,2,True,0,False,0.9018239974975586,-0.9656003713607788,2,True,0,False,0.6564114093780518,-1.2261250019073486,2,True,0,False,2.0225205421447754,-3.9217774868011475,2,True,0,False,0.7674623727798462,-0.9395550489425659,2,True,0,False,2.2544312477111816,-3.8573062419891357,2,True,0,False,1.9869987964630127,-4.403644561767578,6,False,0,False,-1.8991960287094116,-3.4799644947052
private,636,0,Angry,V22_CORRECT_V21_WRONG,True,True,2,False,2,False,-2.389493942260742,-2.120332717895508,0,True,2,False,4.945312976837158,-4.791755199432373,0,True,2,False,4.944247722625732,-4.647250175476074,2,False,2,False,-2.6421728134155273,-2.1907572746276855,0,True,2,False,4.9430952072143555,-4.790788173675537,2,False,2,False,-1.9712679386138916,-2.56695818901062,2,False,2,False,-0.8404741287231445,-1.299047827720642,6,False,2,False,-4.046914100646973,-4.33396053314209
private,638,3,Happy,V21_CORRECT_V22_WRONG,True,True,6,False,3,True,-2.8453307151794434,4.267151355743408,4,False,3,True,-0.7778177261352539,1.4183121919631958,4,False,3,True,-1.372144341468811,1.4946560859680176,6,False,3,True,-2.988793134689331,4.281230926513672,4,False,3,True,-1.1211988925933838,1.6049929857254028,6,False,3,True,-2.3821182250976562,4.27671480178833,6,False,3,True,-0.30870771408081055,4.101893901824951,6,False,3,True,-1.9507513046264648,4.662137508392334
private,642,2,Fear,V22_CORRECT_V21_WRONG,True,True,5,False,5,False,-0.606360912322998,-0.03736138343811035,2,True,5,False,2.3217737674713135,-0.07683563232421875,2,True,5,False,2.328961133956909,-0.0024635791778564453,5,False,5,False,-0.6285643577575684,-0.018579721450805664,2,True,5,False,2.3288731575012207,-0.03383946418762207,3,False,5,False,-0.9120392799377441,-0.08257913589477539,3,False,5,False,-2.933330535888672,-1.094289779663086,5,False,5,False,-0.23867106437683105,-0.3889179229736328
private,659,6,Neutral,V22_CORRECT_V21_WRONG,True,True,0,False,0,False,-2.3308396339416504,-2.644533157348633,6,True,0,False,2.1245148181915283,-4.25142240524292,6,True,0,False,2.241877555847168,-4.128921985626221,0,False,0,False,-2.44130277633667,-2.645787477493286,6,True,0,False,2.1135759353637695,-4.242563247680664,0,False,0,False,-2.3698441982269287,-2.6228103637695312,0,False,0,False,-2.6402125358581543,-3.0524773597717285,4,False,6,True,-3.5571775436401367,2.7637686729431152
private,663,4,Sad,V22_CORRECT_V21_WRONG,True,True,4,True,1,False,1.240418553352356,-0.35932016372680664,4,True,2,False,4.834753036499023,-0.690176248550415,4,True,2,False,4.817333698272705,-0.6711976528167725,4,True,1,False,1.4234365224838257,-0.32226288318634033,4,True,2,False,4.856598377227783,-0.6890804767608643,4,True,3,False,0.39247429370880127,-0.18087899684906006,2,False,4,True,-0.06402885913848877,0.11344444751739502,2,False,4,True,-1.7911396026611328,0.21004438400268555
private,666,4,Sad,V21_CORRECT_V22_WRONG,True,True,0,False,6,False,-3.3779313564300537,-3.6177096366882324,0,False,4,True,-0.96229487657547,2.6315813064575195,0,False,4,True,-0.7463197112083435,2.5783536434173584,0,False,6,False,-3.3886771202087402,-3.658067464828491,0,False,4,True,-0.9911835789680481,2.6232709884643555,0,False,6,False,-3.430605888366699,-3.665093421936035,0,False,6,False,-3.4810731410980225,-3.7050893306732178,0,False,4,True,-3.719273090362549,0.4953267574310303
private,688,2,Fear,V21_CORRECT_V22_WRONG,True,True,0,False,2,True,-2.545654296875,0.1680220365524292,3,False,2,True,-2.0806124210357666,0.5195474624633789,3,False,2,True,-2.2745018005371094,0.5721195936203003,0,False,2,True,-2.569589138031006,0.028075098991394043,3,False,2,True,-2.0891103744506836,0.5357098579406738,0,False,3,False,-2.644376516342163,-0.057978153228759766,0,False,2,True,-2.8808164596557617,0.11059939861297607,0,False,0,False,-3.221628427505493,-2.706080913543701
private,689,4,Sad,V21_CORRECT_V22_WRONG,True,True,6,False,2,False,-3.1280264854431152,-0.9563138484954834,0,False,4,True,-3.122150182723999,0.8869705200195312,0,False,4,True,-3.1784443855285645,0.8542344570159912,6,False,2,False,-3.2484734058380127,-0.8934214115142822,0,False,4,True,-3.0714659690856934,0.8706815242767334,6,False,2,False,-3.5768508911132812,-0.8175809383392334,6,False,2,False,-3.629075050354004,-2.310957670211792,4,True,4,True,2.515960216522217,1.3122813701629639
private,704,2,Fear,V21_CORRECT_V22_WRONG,True,True,4,False,2,True,-5.148721694946289,0.5781590342521667,0,False,2,True,-3.7572944164276123,1.270229697227478,0,False,2,True,-3.884441375732422,1.538508415222168,4,False,2,True,-5.219049453735352,0.5954799056053162,0,False,2,True,-3.6366522312164307,1.310171127319336,4,False,2,True,-5.15242862701416,0.6985251903533936,4,False,2,True,-5.623669147491455,0.04926908016204834,4,False,6,False,-0.8674812316894531,-2.104478120803833
private,709,2,Fear,V21_CORRECT_V22_WRONG,True,True,4,False,0,False,-1.7351651191711426,-2.1321983337402344,4,False,2,True,-0.838067889213562,1.5392210483551025,4,False,2,True,-1.0846285820007324,1.636960506439209,4,False,0,False,-1.5302090644836426,-2.1273410320281982,4,False,2,True,-0.6603150367736816,1.4874789714813232,4,False,0,False,-1.5325740575790405,-2.1667540073394775,4,False,0,False,-2.5774049758911133,-2.6716926097869873,3,False,3,False,-4.149387359619141,-4.536826133728027
private,716,2,Fear,V21_CORRECT_V22_WRONG,True,True,0,False,6,False,-2.8425326347351074,-4.70736026763916,6,False,2,True,-3.1755621433258057,1.5751619338989258,6,False,2,True,-3.1856589317321777,1.5928013324737549,0,False,6,False,-2.7397878170013428,-4.702576160430908,6,False,2,True,-3.1426820755004883,1.6533095836639404,0,False,6,False,-2.5268912315368652,-4.694763660430908,0,False,6,False,-2.8513858318328857,-4.721127986907959,6,False,6,False,-3.229642868041992,-2.10205078125
private,718,3,Happy,V22_CORRECT_V21_WRONG,True,True,3,True,3,True,4.4573073387146,4.507903575897217,3,True,6,False,4.881449222564697,-3.744563341140747,3,True,6,False,4.8867692947387695,-3.6960010528564453,3,True,3,True,4.417388439178467,4.539271831512451,3,True,6,False,4.87969970703125,-3.6533796787261963,3,True,3,True,4.556361675262451,4.542268753051758,3,True,3,True,4.116757392883301,4.552656650543213,0,False,3,True,-3.553107500076294,0.7490777969360352
private,720,6,Neutral,V22_CORRECT_V21_WRONG,True,True,4,False,6,True,-4.310556888580322,3.8468356132507324,6,True,2,False,2.900892496109009,-2.069443702697754,6,True,2,False,3.021514654159546,-1.679687261581421,4,False,6,True,-4.262777805328369,3.854381561279297,6,True,2,False,2.9173526763916016,-1.967314600944519,4,False,6,True,-4.1053147315979,3.89862060546875,4,False,6,True,-4.839528560638428,3.9988300800323486,4,False,6,True,-4.0013933181762695,2.4228129386901855
private,722,4,Sad,V21_CORRECT_V22_WRONG,True,False,4,True,4,True,4.906961441040039,4.184855937957764,6,False,4,True,-2.348281145095825,0.2169327735900879,6,False,4,True,-1.9789332151412964,0.2633399963378906,4,True,4,True,4.903322219848633,4.189056873321533,6,False,4,True,-2.209378242492676,0.1980595588684082,4,True,4,True,4.78889274597168,4.17860746383667,4,True,4,True,4.897451877593994,4.238773822784424,4,True,4,True,4.868673324584961,3.4092023372650146
private,723,5,Surprise,V22_CORRECT_V21_WRONG,True,True,5,True,5,True,0.18370270729064941,3.12257719039917,5,True,2,False,1.967246651649475,-0.04125356674194336,5,True,2,False,2.2682766914367676,-0.3392941951751709,5,True,5,True,0.02899801731109619,3.14475679397583,5,True,2,False,2.0577328205108643,-0.061509132385253906,5,True,5,True,0.25617337226867676,3.328834056854248,5,True,5,True,0.7023324966430664,2.2574124336242676,5,True,5,True,2.658417224884033,2.1533377170562744
private,738,0,Angry,V21_CORRECT_V22_WRONG,True,True,4,False,0,True,-0.9710404872894287,2.035956382751465,4,False,0,True,-0.829047441482544,1.8404033184051514,4,False,0,True,-0.9984951019287109,1.5581676959991455,4,False,0,True,-0.9333014488220215,2.0159339904785156,4,False,0,True,-0.8920260667800903,1.8045835494995117,4,False,0,True,-1.3083972930908203,2.098541736602783,4,False,0,True,-2.8904454708099365,1.6745671033859253,0,True,0,True,0.9709814786911011,1.129266619682312
private,741,5,Surprise,V21_CORRECT_V22_WRONG,True,True,2,False,5,True,-5.409693241119385,0.965683102607727,2,False,5,True,-4.220760822296143,0.7665435075759888,2,False,5,True,-4.590214729309082,0.7080588340759277,2,False,5,True,-5.417132377624512,1.0120115280151367,2,False,5,True,-4.283416748046875,0.7471582889556885,2,False,5,True,-5.384227752685547,1.0660068988800049,2,False,5,True,-5.542170524597168,1.3488930463790894,2,False,2,False,-0.5300382971763611,-0.11661505699157715
private,742,0,Angry,V22_CORRECT_V21_WRONG,True,True,0,True,0,True,4.576764106750488,0.8639600276947021,0,True,4,False,3.461515188217163,-0.01396322250366211,0,True,4,False,3.4009342193603516,-0.16967105865478516,0,True,0,True,4.557487487792969,0.856245756149292,0,True,4,False,3.459038019180298,-0.008033275604248047,0,True,0,True,4.503701686859131,0.8480297327041626,0,True,0,True,4.479548454284668,0.8489105701446533,0,True,4,False,1.458830714225769,-1.0080376863479614
private,746,0,Angry,V22_CORRECT_V21_WRONG,True,False,0,True,2,False,1.3589768409729004,-0.052802085876464844,0,True,2,False,2.6626925468444824,-0.1592726707458496,0,True,2,False,2.6408424377441406,-0.29769158363342285,0,True,2,False,1.1755201816558838,-0.14677786827087402,0,True,2,False,2.6613526344299316,-0.1891498565673828,0,True,2,False,1.3577828407287598,-0.3379478454589844,0,True,2,False,3.1995491981506348,-1.0577387809753418,0,True,0,True,1.683262586593628,1.2203559875488281
private,754,6,Neutral,V22_CORRECT_V21_WRONG,True,True,2,False,2,False,-4.202720642089844,-5.067130088806152,6,True,5,False,3.3891067504882812,-5.210052967071533,6,True,5,False,3.5407752990722656,-5.195196628570557,2,False,2,False,-4.283679962158203,-5.070163249969482,6,True,5,False,3.400089979171753,-5.206507682800293,2,False,2,False,-4.179605960845947,-5.09104061126709,5,False,2,False,-3.5625386238098145,-4.8577446937561035,5,False,2,False,-5.2698516845703125,-5.436427116394043
private,755,4,Sad,V21_CORRECT_V22_WRONG,True,True,0,False,4,True,-1.0664541721343994,0.69014573097229,6,False,4,True,-2.8654048442840576,0.4656432867050171,6,False,4,True,-2.7870290279388428,0.3920961618423462,0,False,4,True,-1.154066801071167,0.696652889251709,6,False,4,True,-2.8545680046081543,0.42706048488616943,0,False,4,True,-1.0426552295684814,0.4848601818084717,0,False,4,True,-1.4464671611785889,1.0975719690322876,6,False,0,False,-1.9854459762573242,-0.8560070991516113
private,756,0,Angry,V21_CORRECT_V22_WRONG,True,True,6,False,0,True,-1.1451455354690552,0.26003098487854004,4,False,0,True,-3.8571605682373047,2.8039560317993164,4,False,0,True,-3.816433906555176,2.7518486976623535,6,False,0,True,-1.1261848211288452,0.33969902992248535,4,False,0,True,-3.8497400283813477,2.782412528991699,6,False,0,True,-1.220656394958496,0.3411250114440918,6,False,4,False,-1.384844422340393,-0.883213996887207,2,False,4,False,-2.711123466491699,-2.032423257827759
private,765,2,Fear,V22_CORRECT_V21_WRONG,True,True,6,False,5,False,-1.3080278635025024,-0.07101953029632568,2,True,6,False,1.6052651405334473,-1.938938021659851,2,True,6,False,1.773423194885254,-2.044463634490967,6,False,5,False,-1.2160968780517578,-0.07458245754241943,2,True,6,False,1.5016391277313232,-1.989806890487671,6,False,2,True,-1.6844751834869385,0.05684936046600342,2,True,6,False,0.7056384086608887,-0.29162895679473877,6,False,5,False,-1.9415082931518555,-0.6710878610610962
private,773,3,Happy,V22_CORRECT_V21_WRONG,True,True,0,False,3,True,-4.21043586730957,3.623091459274292,3,True,6,False,4.300147533416748,-2.7376785278320312,3,True,6,False,4.230325222015381,-2.6519925594329834,0,False,3,True,-4.220012187957764,3.634535312652588,3,True,6,False,4.324769973754883,-2.75286865234375,0,False,3,True,-4.28388786315918,3.5588722229003906,0,False,3,True,-4.0655012130737305,3.311795473098755,2,False,3,True,-4.344751358032227,3.917541980743408
private,775,6,Neutral,V21_CORRECT_V22_WRONG,True,True,2,False,4,False,-1.6672399044036865,-0.8206123113632202,2,False,6,True,-4.269741058349609,3.3071155548095703,2,False,6,True,-3.8689072132110596,3.3082094192504883,2,False,4,False,-1.704545497894287,-0.9869763851165771,2,False,6,True,-4.271633148193359,3.2842040061950684,2,False,4,False,-1.914285659790039,-0.9689868092536926,0,False,4,False,-2.3455605506896973,-1.7154994010925293,0,False,6,True,-0.2702951431274414,1.0227327346801758
private,782,2,Fear,V21_CORRECT_V22_WRONG,True,True,4,False,2,True,-1.0016813278198242,2.14548921585083,0,False,2,True,-3.5777840614318848,3.8767690658569336,0,False,2,True,-3.548783540725708,3.884315013885498,4,False,2,True,-1.0831079483032227,2.122985601425171,0,False,2,True,-3.4144794940948486,3.866774320602417,4,False,2,True,-0.9711093902587891,2.098707675933838,2,True,2,True,0.5061886310577393,2.4179935455322266,6,False,2,True,-5.231329917907715,3.20572566986084
private,792,2,Fear,V21_CORRECT_V22_WRONG,True,True,2,True,5,False,4.979623794555664,-3.3276970386505127,5,False,2,True,-0.6613776683807373,0.6681166887283325,5,False,2,True,-1.3564705848693848,0.8473378419876099,2,True,5,False,4.987584114074707,-3.2764134407043457,5,False,2,True,-0.7830755710601807,0.7068997621536255,2,True,5,False,4.941041469573975,-3.258831262588501,2,True,5,False,4.632935523986816,-3.4928581714630127,2,True,2,True,1.7113360166549683,3.130246162414551
private,798,6,Neutral,V21_CORRECT_V22_WRONG,True,True,0,False,0,False,-5.506855010986328,-0.410922646522522,2,False,6,True,-5.275784492492676,3.9459424018859863,2,False,6,True,-5.43170166015625,4.0347418785095215,0,False,0,False,-5.495518207550049,-0.48443305492401123,2,False,6,True,-5.013574123382568,3.9086568355560303,0,False,0,False,-5.524194240570068,-0.4553619623184204,0,False,6,True,-5.407815933227539,0.21844005584716797,2,False,3,False,-4.851461410522461,-0.4938771724700928
private,802,6,Neutral,V22_CORRECT_V21_WRONG,True,True,2,False,2,False,-2.7882304191589355,-0.7730712890625,6,True,0,False,3.1984848976135254,-0.8461847901344299,6,True,0,False,3.2782413959503174,-1.2348601818084717,2,False,2,False,-2.7580816745758057,-0.7659658193588257,6,True,0,False,3.1776235103607178,-0.8479446768760681,2,False,2,False,-2.8305397033691406,-0.5169868469238281,2,False,0,False,-2.8703742027282715,-1.4589073657989502,2,False,2,False,-4.833382606506348,-2.4313411712646484
private,813,2,Fear,V21_CORRECT_V22_WRONG,True,True,6,False,2,True,-2.5241658687591553,1.5906836986541748,6,False,2,True,-3.4406421184539795,2.707477331161499,6,False,2,True,-3.4735822677612305,2.6635632514953613,6,False,2,True,-2.573288917541504,1.605055570602417,6,False,2,True,-3.4391379356384277,2.7269325256347656,6,False,2,True,-2.3470559120178223,1.8987817764282227,6,False,2,True,-2.5724873542785645,1.7951393127441406,6,False,2,True,-1.365936040878296,2.525103807449341
private,814,2,Fear,V22_CORRECT_V21_WRONG,False,False,4,False,4,False,-3.008164405822754,-2.3283820152282715,2,True,4,False,1.4041143655776978,-1.0896828174591064,2,True,4,False,1.5112969875335693,-1.0911692380905151,4,False,4,False,-3.0589730739593506,-2.401461362838745,2,True,4,False,1.4286476373672485,-1.11055326461792,4,False,4,False,-3.083634376525879,-2.3181655406951904,4,False,4,False,-2.916402816772461,-2.5453925132751465,2,True,4,False,0.34635043144226074,-1.698865532875061
private,817,2,Fear,V22_CORRECT_V21_WRONG,True,True,2,True,2,True,3.962456464767456,0.4516710042953491,2,True,1,False,3.2245092391967773,-0.8852760791778564,2,True,1,False,3.1959571838378906,-0.8624991178512573,2,True,2,True,3.890566110610962,0.4436906576156616,2,True,1,False,3.173156261444092,-0.8200292587280273,2,True,2,True,3.9447150230407715,0.5561429262161255,2,True,2,True,3.6930158138275146,1.1469361782073975,3,False,2,True,-1.894120216369629,0.5665746927261353
private,821,3,Happy,V21_CORRECT_V22_WRONG,True,True,3,True,3,True,2.6350831985473633,4.714264869689941,0,False,3,True,-5.263921737670898,2.3050756454467773,0,False,3,True,-5.170077323913574,1.8834397792816162,3,True,3,True,3.1609268188476562,4.694586277008057,0,False,3,True,-5.271663665771484,2.2043251991271973,3,True,3,True,2.4603219032287598,4.7295002937316895,3,True,3,True,2.0047624111175537,4.590109348297119,4,False,3,True,-3.3110475540161133,4.450072288513184
private,827,3,Happy,V22_CORRECT_V21_WRONG,True,True,3,True,3,True,0.8622467517852783,4.07604455947876,3,True,0,False,4.385265350341797,-1.094228982925415,3,True,0,False,4.450847625732422,-1.5921406745910645,3,True,3,True,0.8232080936431885,4.077242851257324,3,True,0,False,4.383055210113525,-1.213459849357605,3,True,3,True,0.8751060962677002,4.1102190017700195,3,True,3,True,0.3449063301086426,4.408050537109375,0,False,3,True,-1.373763918876648,4.708741188049316
private,829,0,Angry,V22_CORRECT_V21_WRONG,True,True,0,True,4,False,2.149306058883667,-2.836078643798828,0,True,6,False,1.837723731994629,-0.17028260231018066,0,True,6,False,2.2729697227478027,-0.04032421112060547,0,True,4,False,2.1607422828674316,-2.784911870956421,0,True,6,False,1.744765043258667,-0.19238972663879395,0,True,4,False,1.7378876209259033,-2.7348275184631348,0,True,4,False,2.207517385482788,-2.003836154937744,6,False,4,False,-4.949986934661865,-5.053247451782227
private,835,6,Neutral,V22_CORRECT_V21_WRONG,True,True,6,True,3,False,4.761770725250244,-4.714914798736572,6,True,3,False,4.215552806854248,-0.2611856460571289,6,True,3,False,4.284036636352539,-0.19106364250183105,6,True,3,False,4.759296894073486,-4.71457052230835,6,True,3,False,4.211389064788818,-0.31279659271240234,6,True,3,False,4.7487616539001465,-4.731955051422119,6,True,3,False,4.684493064880371,-4.756903171539307,6,True,3,False,2.4753072261810303,-4.8772873878479
private,836,3,Happy,V22_CORRECT_V21_WRONG,True,True,3,True,3,True,3.8312602043151855,3.1868250370025635,3,True,6,False,2.6225223541259766,-1.3740040063858032,3,True,6,False,3.1629958152770996,-1.9031330347061157,3,True,3,True,3.7758827209472656,3.2042458057403564,3,True,6,False,2.6969046592712402,-1.4389218091964722,3,True,3,True,3.8249034881591797,3.3320798873901367,3,True,3,True,3.6486926078796387,3.2439804077148438,3,True,3,True,3.9936234951019287,4.4586334228515625
private,838,2,Fear,V21_CORRECT_V22_WRONG,True,True,2,True,4,False,1.479133129119873,-3.646653890609741,4,False,4,False,-2.1039609909057617,-0.04031848907470703,4,False,4,False,-1.9334810972213745,-0.05471992492675781,2,True,4,False,1.3988314867019653,-3.6778430938720703,4,False,4,False,-2.0240883827209473,-0.13735675811767578,2,True,4,False,1.4951714277267456,-3.600461959838867,2,True,4,False,0.09313702583312988,-3.639434814453125,4,False,4,False,-1.2112832069396973,-3.8105499744415283
private,848,3,Happy,V22_CORRECT_V21_WRONG,True,True,4,False,3,True,-2.9164021015167236,0.20750117301940918,3,True,4,False,0.8044694662094116,-5.100917816162109,3,True,4,False,1.1258876323699951,-5.088258743286133,4,False,3,True,-2.6510298252105713,0.2769569158554077,3,True,4,False,1.0603934526443481,-5.096846580505371,4,False,3,True,-2.7278690338134766,0.667833685874939,4,False,4,False,-1.4470951557159424,-2.0969018936157227,4,False,3,True,-4.381087303161621,3.9815335273742676
private,849,5,Surprise,V21_CORRECT_V22_WRONG,True,True,2,False,2,False,-3.44984769821167,-4.1190505027771,2,False,5,True,-4.9649434089660645,4.191617965698242,2,False,5,True,-5.0019989013671875,4.241254806518555,2,False,2,False,-3.2766127586364746,-4.105952739715576,2,False,5,True,-4.981918811798096,4.18060302734375,2,False,2,False,-3.1872003078460693,-4.141600608825684,2,False,2,False,-3.6570491790771484,-2.2875375747680664,2,False,2,False,-4.878965854644775,-4.870493412017822
private,854,4,Sad,V21_CORRECT_V22_WRONG,True,True,4,True,0,False,4.656814098358154,-3.6462807655334473,6,False,4,True,-3.4666147232055664,0.615441083908081,6,False,4,True,-3.570037364959717,0.5808985233306885,4,True,0,False,4.617435455322266,-3.6668813228607178,6,False,4,True,-3.516836166381836,0.5768158435821533,4,True,0,False,4.7272844314575195,-3.5983824729919434,4,True,0,False,4.937496185302734,-3.2767279148101807,4,True,6,False,4.755257606506348,-1.899798035621643
private,860,5,Surprise,V21_CORRECT_V22_WRONG,True,False,5,True,0,False,2.257596492767334,-2.4833083152770996,2,False,5,True,-1.037651538848877,1.3093043565750122,2,False,5,True,-1.1745169162750244,1.3410131931304932,5,True,0,False,2.2752952575683594,-2.4981393814086914,2,False,5,True,-1.018857479095459,1.3331832885742188,5,True,0,False,2.0800015926361084,-2.500074863433838,5,True,0,False,1.9354667663574219,-2.219116687774658,5,True,2,False,2.32147216796875,-1.9841607809066772
private,861,6,Neutral,V21_CORRECT_V22_WRONG,True,True,4,False,0,False,-5.009496212005615,-0.9938277006149292,4,False,6,True,-1.8234691619873047,0.21152114868164062,4,False,0,False,-1.9612983465194702,-0.014093279838562012,4,False,0,False,-4.976733207702637,-1.1327487230300903,4,False,6,True,-1.7316453456878662,0.08288991451263428,4,False,0,False,-4.94693660736084,-1.1898959875106812,4,False,0,False,-5.323661804199219,-1.2067548036575317,4,False,0,False,-4.374602794647217,-1.3066494464874268
private,867,2,Fear,V22_CORRECT_V21_WRONG,True,True,2,True,3,False,4.557920455932617,-4.094918727874756,2,True,4,False,1.934177041053772,-0.47075939178466797,2,True,4,False,1.8421550989151,-0.6169569492340088,2,True,3,False,4.559854030609131,-4.137725830078125,2,True,4,False,2.1202704906463623,-0.593032717704773,2,True,3,False,4.563416004180908,-4.1118316650390625,2,True,3,False,4.604899883270264,-4.12397575378418,2,True,3,False,3.9310457706451416,-4.7634477615356445
private,872,0,Angry,V21_CORRECT_V22_WRONG,True,True,0,True,5,False,3.7207698822021484,-2.009308099746704,5,False,0,True,-3.7387185096740723,4.319390296936035,5,False,0,True,-3.7372379302978516,4.378848075866699,0,True,5,False,3.608253002166748,-1.9563705921173096,5,False,0,True,-3.8073534965515137,4.340158939361572,0,True,5,False,3.5381901264190674,-2.166393756866455,0,True,5,False,3.601868152618408,-3.8876242637634277,0,True,2,False,1.3303864002227783,-3.485018014907837
private,878,3,Happy,V21_CORRECT_V22_WRONG,True,True,3,True,3,True,2.691419839859009,2.022125244140625,3,True,3,True,0.14599788188934326,1.541320562362671,4,False,3,True,-0.7156646251678467,1.7067081928253174,3,True,3,True,2.6445963382720947,2.0640273094177246,4,False,3,True,-0.006566524505615234,1.5751756429672241,3,True,3,True,2.6981427669525146,2.0713448524475098,3,True,3,True,2.44863224029541,0.7836320400238037,0,False,3,True,-4.133609771728516,3.21317720413208
private,884,6,Neutral,V22_CORRECT_V21_WRONG,True,True,3,False,4,False,-1.8452975749969482,-0.004807114601135254,6,True,4,False,1.9210025072097778,-0.4255102872848511,6,True,4,False,1.9795632362365723,-0.4369868040084839,3,False,6,True,-1.7453980445861816,0.07688403129577637,6,True,4,False,1.811848759651184,-0.23146557807922363,3,False,6,True,-2.032559633255005,0.2752014398574829,3,False,6,True,-1.9389764070510864,0.6041979789733887,3,False,6,True,-0.7298319339752197,0.339871883392334
private,892,0,Angry,V22_CORRECT_V21_WRONG,True,True,0,True,0,True,4.35857629776001,3.1947028636932373,0,True,2,False,3.694819688796997,-1.3049585819244385,0,True,2,False,3.69058895111084,-1.3172838687896729,0,True,0,True,4.407742023468018,3.1966919898986816,0,True,2,False,3.697983741760254,-1.3633838891983032,0,True,0,True,4.414226055145264,3.1000373363494873,0,True,0,True,3.509320020675659,3.1943275928497314,0,True,0,True,3.336433172225952,0.21485888957977295
private,893,2,Fear,V22_CORRECT_V21_WRONG,True,True,4,False,0,False,-0.6136723756790161,-3.42533540725708,2,True,4,False,2.6786186695098877,-1.8373371362686157,2,True,4,False,3.1007869243621826,-1.8653335571289062,4,False,0,False,-0.6857266426086426,-3.433910846710205,2,True,4,False,2.896397352218628,-1.8203630447387695,4,False,0,False,-1.0812464952468872,-3.21173357963562,4,False,0,False,-0.5741944313049316,-3.192873477935791,6,False,4,False,-2.10752272605896,-1.7046958208084106
private,897,4,Sad,V21_CORRECT_V22_WRONG,True,True,0,False,4,True,-5.939574241638184,4.341251850128174,2,False,4,True,-1.4681544303894043,4.071974277496338,2,False,4,True,-1.1380572319030762,4.07130765914917,0,False,4,True,-5.927519798278809,4.3426513671875,2,False,4,True,-1.421410322189331,4.076413154602051,0,False,4,True,-5.972098350524902,4.297961235046387,0,False,4,True,-5.994135856628418,4.522397041320801,2,False,4,True,-4.938345432281494,3.0371458530426025
private,902,4,Sad,V22_CORRECT_V21_WRONG,True,True,6,False,2,False,-2.9711029529571533,-0.8083238005638123,4,True,0,False,0.8982201814651489,-1.8765376806259155,4,True,0,False,0.7928560972213745,-1.9372555017471313,6,False,2,False,-3.0884182453155518,-0.8285488486289978,4,True,0,False,0.839341402053833,-1.9026706218719482,6,False,2,False,-3.0148141384124756,-0.8085952997207642,6,False,2,False,-2.829094886779785,-0.7544724941253662,6,False,2,False,-3.4376380443573,-2.4067111015319824
private,904,4,Sad,V21_CORRECT_V22_WRONG,True,True,6,False,4,True,-1.966886281967163,1.6601052284240723,6,False,4,True,-0.9155652523040771,1.3554219007492065,6,False,4,True,-1.1766306161880493,1.1983692646026611,6,False,4,True,-2.0069291591644287,1.5453686714172363,6,False,4,True,-0.9799530506134033,1.2945271730422974,6,False,4,True,-1.7376675605773926,1.5627515316009521,4,True,4,True,0.020681381225585938,2.311304807662964,6,False,3,False,-4.404792308807373,-2.908921241760254
private,908,0,Angry,V22_CORRECT_V21_WRONG,True,True,0,True,4,False,4.308457851409912,-2.479556083679199,0,True,6,False,0.1741039752960205,-1.4880424737930298,0,True,6,False,0.06217360496520996,-1.6440153121948242,0,True,4,False,4.254148006439209,-2.455003023147583,0,True,6,False,0.18235790729522705,-1.5002286434173584,0,True,4,False,4.125876426696777,-2.425431728363037,0,True,4,False,4.523421287536621,-1.97628653049469,0,True,6,False,0.08001458644866943,-3.5090842247009277
private,912,0,Angry,V22_CORRECT_V21_WRONG,True,True,2,False,0,True,-4.640927791595459,2.430427074432373,0,True,3,False,3.2382242679595947,-1.4838075637817383,0,True,3,False,3.087224006652832,-1.4854729175567627,2,False,0,True,-4.662704944610596,2.4368515014648438,0,True,3,False,3.087177276611328,-1.4054678678512573,2,False,0,True,-4.680447578430176,2.5137979984283447,2,False,0,True,-3.667771816253662,2.58176851272583,2,False,0,True,-3.3883328437805176,0.39316892623901367
private,924,6,Neutral,V22_CORRECT_V21_WRONG,True,True,2,False,6,True,-2.426729202270508,0.22989487648010254,6,True,2,False,3.8002877235412598,-0.4092974066734314,6,True,2,False,3.9016377925872803,-0.6272795796394348,2,False,6,True,-2.409031629562378,0.29502034187316895,6,True,2,False,3.8166518211364746,-0.4200827479362488,2,False,6,True,-2.9020631313323975,0.48317694664001465,2,False,6,True,-3.8028693199157715,0.8246963024139404,6,True,4,False,2.5952320098876953,-3.613593578338623
private,926,4,Sad,V22_CORRECT_V21_WRONG,True,True,2,False,4,True,-2.307718276977539,4.494132041931152,4,True,0,False,2.5103089809417725,-0.9268026351928711,4,True,0,False,2.3913211822509766,-1.064489483833313,2,False,4,True,-2.625828266143799,4.4924421310424805,4,True,0,False,2.381545305252075,-0.9959172010421753,2,False,4,True,-2.422834634780884,4.450737476348877,2,False,4,True,-0.7602756023406982,3.921595811843872,4,True,4,True,4.011826992034912,3.49167537689209
private,941,4,Sad,V22_CORRECT_V21_WRONG,True,True,4,True,4,True,0.727374792098999,0.756658673286438,4,True,2,False,2.191279411315918,-0.6166133880615234,4,True,2,False,2.4037909507751465,-0.7447760105133057,4,True,4,True,0.940199613571167,0.722732663154602,4,True,2,False,2.266021490097046,-0.6269567012786865,4,True,4,True,1.02189040184021,0.6191480159759521,4,True,4,True,1.6648154258728027,0.014671802520751953,2,False,0,False,-2.418203592300415,-0.2153184413909912
private,949,4,Sad,V22_CORRECT_V21_WRONG,True,True,0,False,3,False,-2.43204402923584,-0.8537284135818481,4,True,6,False,0.17833828926086426,-0.6807600259780884,4,True,6,False,0.08216416835784912,-0.6304455995559692,0,False,3,False,-2.440155506134033,-0.9132848978042603,4,True,6,False,0.19801712036132812,-0.6893678903579712,0,False,3,False,-2.6882946491241455,-0.8446199893951416,0,False,3,False,-2.888392448425293,-2.5127177238464355,0,False,6,False,-2.8183767795562744,-1.3640849590301514
private,959,5,Surprise,V22_CORRECT_V21_WRONG,True,True,5,True,4,False,1.344341516494751,-4.46525239944458,5,True,3,False,2.4202985763549805,-2.6073389053344727,5,True,3,False,2.6888935565948486,-2.720240354537964,5,True,4,False,1.4481937885284424,-4.466338157653809,5,True,3,False,2.523430109024048,-2.6697614192962646,5,True,4,False,1.0661910772323608,-4.4976959228515625,5,True,4,False,2.2546188831329346,-4.393448352813721,5,True,3,False,1.273782730102539,-3.1756739616394043
private,968,3,Happy,V21_CORRECT_V22_WRONG,True,True,2,False,3,True,-3.525717258453369,0.6792089939117432,6,False,3,True,-2.438188076019287,0.7314774990081787,6,False,3,True,-2.570115566253662,0.47459447383880615,2,False,3,True,-3.6142661571502686,0.599002480506897,6,False,3,True,-2.35943865776062,0.6979248523712158,2,False,3,True,-3.5782275199890137,1.02727210521698,2,False,3,True,-3.77944278717041,0.23242497444152832,4,False,3,True,-3.6452651023864746,3.270819664001465
private,978,4,Sad,V21_CORRECT_V22_WRONG,True,True,4,True,4,True,1.659923791885376,0.7555210590362549,0,False,4,True,-0.5234898328781128,2.36561918258667,0,False,4,True,-0.35736751556396484,2.442777156829834,4,True,4,True,1.6005241870880127,0.7757539749145508,0,False,4,True,-0.4966639280319214,2.3871679306030273,4,True,4,True,1.7758733034133911,1.0303208827972412,4,True,4,True,2.125896692276001,0.8065874576568604,4,True,4,True,0.5862501859664917,0.589389443397522
private,983,0,Angry,V22_CORRECT_V21_WRONG,True,True,4,False,4,False,-3.9890403747558594,-1.5156915187835693,0,True,4,False,1.5574036836624146,-0.45621347427368164,0,True,4,False,1.1303569078445435,-0.3325846195220947,4,False,4,False,-4.040985107421875,-1.4743001461029053,0,True,4,False,1.4112958908081055,-0.3089113235473633,4,False,4,False,-4.071805000305176,-1.7343015670776367,4,False,4,False,-3.9842920303344727,-2.8841655254364014,4,False,4,False,-4.482023239135742,-1.4270026683807373
private,988,6,Neutral,V21_CORRECT_V22_WRONG,True,True,0,False,6,True,-3.9138031005859375,3.380647897720337,4,False,6,True,-0.6462123394012451,3.7613542079925537,4,False,6,True,-0.89927077293396,3.68916654586792,0,False,6,True,-3.9442083835601807,3.4027647972106934,4,False,6,True,-0.7550839185714722,3.7911972999572754,0,False,6,True,-4.120465278625488,3.4274144172668457,0,False,6,True,-4.538998603820801,3.6291470527648926,5,False,6,True,-4.688653469085693,1.1027843952178955
private,994,2,Fear,V22_CORRECT_V21_WRONG,True,True,2,True,0,False,1.5177087783813477,-1.886278748512268,2,True,4,False,3.8676986694335938,-1.430747151374817,2,True,4,False,4.0547966957092285,-1.4105311632156372,2,True,0,False,1.599381446838379,-1.8372091054916382,2,True,4,False,3.8949005603790283,-1.449730396270752,2,True,0,False,1.6423335075378418,-1.8874995708465576,2,True,0,False,1.8646352291107178,-2.3040425777435303,4,False,0,False,-3.9386472702026367,-4.156861782073975
private,997,4,Sad,V22_CORRECT_V21_WRONG,True,True,4,True,2,False,2.9791769981384277,-1.0054326057434082,4,True,2,False,1.762446403503418,-2.5829665660858154,4,True,2,False,1.914770483970642,-2.6888670921325684,4,True,2,False,3.0656814575195312,-0.9908053874969482,4,True,2,False,1.537197232246399,-2.6237359046936035,4,True,2,False,2.7327451705932617,-1.1670820713043213,4,True,2,False,2.1483402252197266,-2.0958173274993896,4,True,2,False,3.0497028827667236,-2.9521420001983643
private,1004,4,Sad,V22_CORRECT_V21_WRONG,True,True,0,False,3,False,-4.025205135345459,-2.160203218460083,4,True,3,False,2.521087884902954,-3.2510111331939697,4,True,3,False,2.428849697113037,-3.0736727714538574,0,False,3,False,-3.9328176975250244,-2.0604357719421387,4,True,3,False,2.5739550590515137,-3.18644642829895,0,False,3,False,-3.9436957836151123,-2.594303607940674,0,False,4,True,-3.431934118270874,1.1413344144821167,0,False,3,False,-4.273831844329834,-4.159713268280029
private,1011,4,Sad,V22_CORRECT_V21_WRONG,True,True,4,True,0,False,3.8989005088806152,-0.31035447120666504,4,True,3,False,2.863114833831787,-1.8645079135894775,4,True,3,False,2.618403673171997,-1.6310579776763916,4,True,0,False,3.9024438858032227,-0.4079713821411133,4,True,3,False,3.004075765609741,-1.7228528261184692,4,True,0,False,3.904538154602051,-0.3921351432800293,4,True,4,True,4.266495227813721,0.32460176944732666,3,False,2,False,-3.7853474617004395,-4.0813117027282715
private,1012,6,Neutral,V22_CORRECT_V21_WRONG,True,True,4,False,4,False,-4.364926338195801,-0.7623096704483032,6,True,4,False,4.418748378753662,-1.0485934019088745,6,True,4,False,4.411712169647217,-1.1404742002487183,4,False,4,False,-4.378536224365234,-0.8069907426834106,6,True,4,False,4.400779724121094,-1.0705207586288452,4,False,4,False,-4.428624153137207,-0.8289157152175903,4,False,4,False,-4.815150737762451,-0.637387752532959,4,False,4,False,-1.2250754833221436,-3.896000385284424
private,1029,2,Fear,V21_CORRECT_V22_WRONG,True,True,6,False,2,True,-2.2492218017578125,0.9967098236083984,4,False,2,True,-4.3919172286987305,1.8932650089263916,4,False,2,True,-4.398967742919922,2.0207953453063965,6,False,2,True,-2.343392848968506,0.9929637908935547,4,False,2,True,-4.365897178649902,1.9429922103881836,6,False,2,True,-2.1580898761749268,0.9739152193069458,4,False,2,True,-2.1713438034057617,0.6994307041168213,6,False,3,False,-0.684503436088562,-0.9158080816268921
private,1032,4,Sad,V22_CORRECT_V21_WRONG,True,True,4,True,0,False,0.7740886211395264,-1.460341215133667,4,True,6,False,1.742602825164795,-4.4853196144104,4,True,6,False,1.2700531482696533,-4.472851753234863,4,True,0,False,0.7206051349639893,-1.4586865901947021,4,True,6,False,1.8060213327407837,-4.481320381164551,4,True,0,False,1.1685762405395508,-1.4964594841003418,4,True,0,False,1.5358645915985107,-0.9230209589004517,6,False,4,True,-3.1754300594329834,1.3851418495178223
private,1036,4,Sad,V22_CORRECT_V21_WRONG,True,True,4,True,4,True,3.696141481399536,0.8246481418609619,4,True,3,False,2.5534183979034424,-1.5429493188858032,4,True,3,False,2.641343355178833,-1.4816282987594604,4,True,4,True,3.694119453430176,0.8454110622406006,4,True,3,False,2.521493673324585,-1.5224261283874512,4,True,4,True,3.62581467628479,0.7768222093582153,4,True,4,True,3.7476110458374023,0.6436614990234375,2,False,3,False,-2.3236074447631836,-2.9034335613250732
private,1043,2,Fear,V21_CORRECT_V22_WRONG,True,True,2,True,0,False,4.962425708770752,-0.0023164749145507812,6,False,2,True,-5.053905487060547,1.2842847108840942,6,False,2,True,-5.045679092407227,1.2494878768920898,2,True,0,False,4.949454307556152,-0.001058816909790039,6,False,2,True,-5.054009437561035,1.2642521858215332,2,True,2,True,5.034332752227783,0.2704089879989624,2,True,0,False,4.9214301109313965,-0.7961522936820984,2,True,6,False,1.5181419849395752,-0.03687703609466553
private,1045,3,Happy,V22_CORRECT_V21_WRONG,True,True,3,True,6,False,3.1596128940582275,-4.15350866317749,3,True,6,False,0.6700071096420288,-4.81944465637207,3,True,6,False,0.27582764625549316,-4.844325542449951,3,True,6,False,3.0267224311828613,-4.214488983154297,3,True,6,False,0.3035902976989746,-4.807776927947998,3,True,6,False,2.6862545013427734,-4.2198405265808105,3,True,6,False,3.7964234352111816,-4.897331237792969,3,True,6,False,1.3724125623703003,-2.800354242324829
private,1046,0,Angry,V22_CORRECT_V21_WRONG,True,True,0,True,4,False,2.1660943031311035,-1.3380392789840698,0,True,6,False,3.031268358230591,-1.9916428327560425,0,True,6,False,3.1859920024871826,-2.074219226837158,0,True,4,False,2.116163492202759,-1.3150538206100464,0,True,6,False,3.048182964324951,-2.0117433071136475,0,True,4,False,1.6832680702209473,-1.1295641660690308,0,True,4,False,2.0198521614074707,-1.374260425567627,4,False,4,False,-0.5757268667221069,-2.1472134590148926
private,1047,5,Surprise,V21_CORRECT_V22_WRONG,False,False,5,True,5,True,0.5003471374511719,1.6574779748916626,2,False,5,True,-0.46227359771728516,1.8374626636505127,2,False,5,True,-0.23727965354919434,1.8281408548355103,5,True,5,True,0.5303053855895996,1.719222068786621,2,False,5,True,-0.5184980630874634,1.8554327487945557,5,True,5,True,0.36341822147369385,1.6267726421356201,2,False,5,True,-0.25581061840057373,1.7637238502502441,5,True,5,True,0.08680272102355957,2.3935890197753906
private,1052,2,Fear,V22_CORRECT_V21_WRONG,True,True,2,True,4,False,4.6502909660339355,-2.258307695388794,2,True,4,False,1.8935669660568237,-2.037348985671997,2,True,4,False,2.2517037391662598,-2.0240907669067383,2,True,4,False,4.653177261352539,-2.293494462966919,2,True,4,False,2.124237537384033,-2.0304393768310547,2,True,4,False,4.685080528259277,-2.1588213443756104,2,True,4,False,4.397404193878174,-2.2100846767425537,2,True,4,False,3.9329628944396973,-1.8245220184326172
private,1055,3,Happy,V21_CORRECT_V22_WRONG,True,True,4,False,3,True,-4.792038917541504,3.8816604614257812,6,False,3,True,-2.716792345046997,0.7115920782089233,6,False,3,True,-2.6823410987854004,0.8276951313018799,4,False,3,True,-4.778067111968994,3.9655632972717285,6,False,3,True,-2.738327980041504,0.8175371885299683,4,False,3,True,-4.7860493659973145,3.9493634700775146,4,False,3,True,-4.983540058135986,3.4395060539245605,2,False,3,True,-4.372762203216553,1.2551920413970947
private,1063,4,Sad,V22_CORRECT_V21_WRONG,True,True,4,True,6,False,0.686042070388794,-2.878413677215576,4,True,6,False,0.8864082098007202,-1.993348240852356,4,True,6,False,0.9031462669372559,-2.023564100265503,4,True,6,False,0.8337175846099854,-2.888538360595703,4,True,6,False,1.0025631189346313,-2.028768539428711,4,True,6,False,0.8859149217605591,-2.8663854598999023,4,True,6,False,0.5682899951934814,-3.006864070892334,2,False,6,False,-2.35652494430542,-1.0974011421203613
private,1073,4,Sad,V22_CORRECT_V21_WRONG,True,True,2,False,6,False,-0.08144450187683105,-0.15119421482086182,4,True,2,False,0.2226114273071289,-0.14624404907226562,4,True,2,False,0.05593419075012207,-0.08880376815795898,2,False,6,False,-0.17428803443908691,-0.13480758666992188,4,True,2,False,0.20833325386047363,-0.08294010162353516,2,False,4,True,-0.16396093368530273,0.18596243858337402,4,True,6,False,0.6704025268554688,-0.43302297592163086,0,False,6,False,-3.6219730377197266,-1.215301513671875
private,1078,5,Surprise,V21_CORRECT_V22_WRONG,True,True,3,False,5,True,-2.3372154235839844,1.6842310428619385,2,False,5,True,-2.147029399871826,4.339841365814209,2,False,5,True,-1.6818190813064575,4.3651909828186035,3,False,5,True,-2.202986001968384,1.54696786403656,2,False,5,True,-1.8767904043197632,4.341885566711426,3,False,5,True,-2.7158384323120117,1.7377206087112427,3,False,5,True,-2.8875210285186768,2.671607494354248,5,True,5,True,3.8595340251922607,1.2889955043792725
private,1082,3,Happy,V22_CORRECT_V21_WRONG,True,True,5,False,5,False,-3.0384867191314697,-2.5845742225646973,3,True,5,False,1.849891185760498,-2.6010828018188477,3,True,5,False,1.7808836698532104,-2.5396392345428467,5,False,5,False,-3.166067600250244,-2.5983710289001465,3,True,5,False,1.890028476715088,-2.5987977981567383,5,False,5,False,-2.7349483966827393,-2.581855297088623,5,False,5,False,-3.7824134826660156,-3.354247808456421,3,True,5,False,1.046187400817871,-2.2345314025878906
private,1097,0,Angry,V21_CORRECT_V22_WRONG,True,True,0,True,6,False,2.2714028358459473,-0.8543505668640137,6,False,0,True,-1.841341257095337,0.6143912076950073,6,False,0,True,-1.856945514678955,0.6505476236343384,0,True,6,False,2.368586778640747,-0.8390052318572998,6,False,0,True,-1.8269597291946411,0.7296446561813354,0,True,6,False,2.382770538330078,-0.8469991683959961,0,True,6,False,1.695117473602295,-0.025265216827392578,6,False,6,False,-3.131357431411743,-3.5973854064941406
private,1100,4,Sad,V22_CORRECT_V21_WRONG,True,True,4,True,4,True,1.2403823137283325,2.5343620777130127,4,True,6,False,1.257814645767212,-0.8847894668579102,4,True,6,False,1.2563202381134033,-0.8142127990722656,4,True,4,True,1.262557864189148,2.552699565887451,4,True,6,False,1.2480186223983765,-0.9799227714538574,4,True,4,True,1.0499656200408936,2.5190842151641846,4,True,4,True,0.543449878692627,3.0593388080596924,6,False,4,True,-2.210844039916992,1.003893494606018
private,1110,2,Fear,V22_CORRECT_V21_WRONG,True,True,4,False,4,False,-1.276770830154419,-0.13093233108520508,2,True,4,False,1.8651680946350098,-0.09681224822998047,2,True,4,False,1.9161165952682495,-0.1105501651763916,4,False,4,False,-1.2257142066955566,-0.26170480251312256,2,True,4,False,1.8714196681976318,-0.1576676368713379,4,False,4,False,-0.036186814308166504,-0.3413475751876831,2,True,4,False,0.05039715766906738,-0.837533712387085,2,True,4,False,0.20781373977661133,-2.049741268157959
private,1116,6,Neutral,V22_CORRECT_V21_WRONG,True,True,5,False,2,False,-5.532287120819092,-5.166544437408447,6,True,5,False,3.1158509254455566,-4.1339569091796875,6,True,5,False,3.1078858375549316,-4.2198805809021,5,False,2,False,-5.514559745788574,-5.173708438873291,6,True,5,False,3.0596511363983154,-4.115688800811768,5,False,2,False,-5.473329067230225,-5.177377223968506,5,False,2,False,-4.755363941192627,-4.904285430908203,5,False,2,False,-5.498863220214844,-4.512684345245361
private,1121,2,Fear,V21_CORRECT_V22_WRONG,True,True,5,False,2,True,-2.983588933944702,1.7808482646942139,3,False,2,True,-3.2790141105651855,0.9567315578460693,3,False,2,True,-2.7654333114624023,1.0698755979537964,5,False,2,True,-2.9978721141815186,1.8390355110168457,3,False,2,True,-3.2273473739624023,0.9019917249679565,5,False,2,True,-3.366584539413452,1.7150635719299316,5,False,2,True,-3.334895610809326,0.7851029634475708,5,False,6,False,-2.168959617614746,-1.357811689376831
private,1124,4,Sad,V22_CORRECT_V21_WRONG,True,True,4,True,4,True,3.654478073120117,0.5805816650390625,4,True,3,False,1.6046526432037354,-3.253880739212036,4,True,3,False,1.7422757148742676,-3.066898822784424,4,True,4,True,3.654155969619751,0.5716567039489746,4,True,3,False,1.54157292842865,-3.2210373878479004,4,True,4,True,3.612840414047241,0.5690739154815674,4,True,4,True,3.6234378814697266,0.14431977272033691,6,False,4,True,-4.106689453125,2.420544147491455
private,1129,5,Surprise,V21_CORRECT_V22_WRONG,True,False,0,False,5,True,-4.451231956481934,3.9734344482421875,2,False,5,True,-5.6771039962768555,2.0144026279449463,2,False,5,True,-5.6800432205200195,1.794769287109375,0,False,5,True,-4.419938087463379,4.006373882293701,2,False,5,True,-5.678471565246582,2.007838726043701,0,False,5,True,-4.515185356140137,4.060675144195557,0,False,5,True,-4.6060709953308105,3.9127790927886963,0,False,2,False,-4.328178405761719,-3.2418885231018066
private,1140,4,Sad,V21_CORRECT_V22_WRONG,True,True,2,False,2,False,-0.40227508544921875,-1.5348920822143555,6,False,4,True,-4.277437686920166,0.16656994819641113,6,False,4,True,-4.2209153175354,0.23245453834533691,2,False,2,False,-0.5255348682403564,-1.6129546165466309,6,False,4,True,-4.2497172355651855,0.09395074844360352,2,False,2,False,-0.29320502281188965,-2.1465036869049072,2,False,2,False,-0.06780838966369629,-1.6148098707199097,6,False,6,False,-3.128807544708252,-2.6988916397094727
private,1146,0,Angry,V22_CORRECT_V21_WRONG,True,True,0,True,2,False,0.2498711347579956,-4.306543350219727,0,True,2,False,0.6820379495620728,-4.947977066040039,0,True,2,False,1.003875732421875,-4.9785566329956055,0,True,2,False,0.37643980979919434,-4.303342819213867,0,True,2,False,0.6934276819229126,-4.958558082580566,0,True,2,False,0.3719816207885742,-4.249117851257324,2,False,2,False,-1.078447937965393,-4.4427032470703125,2,False,6,False,-4.91752815246582,-3.095425605773926
private,1147,0,Angry,V22_CORRECT_V21_WRONG,True,True,4,False,4,False,-0.2545574903488159,-2.143329381942749,0,True,4,False,2.2945518493652344,-1.5976957082748413,0,True,4,False,1.8919553756713867,-1.4317824840545654,4,False,4,False,-0.23405885696411133,-2.1533918380737305,0,True,4,False,2.148527145385742,-1.539311170578003,4,False,4,False,-0.18518304824829102,-2.2137131690979004,0,True,4,False,1.0365206003189087,-1.8214919567108154,0,True,6,False,4.048456192016602,-0.5073672533035278
private,1151,2,Fear,V21_CORRECT_V22_WRONG,True,True,0,False,0,False,-3.7410764694213867,-1.980762004852295,0,False,2,True,-3.1531097888946533,3.035836696624756,0,False,2,True,-3.4733963012695312,2.893181324005127,0,False,0,False,-3.628272294998169,-2.039050579071045,0,False,2,True,-3.121845245361328,2.988837718963623,0,False,0,False,-3.8140366077423096,-1.765695571899414,0,False,0,False,-4.395689964294434,-2.0263192653656006,1,False,0,False,-2.980884075164795,-0.4504885673522949
private,1156,2,Fear,V21_CORRECT_V22_WRONG,True,True,4,False,3,False,-4.936467170715332,-3.312840223312378,4,False,2,True,-5.135078430175781,3.419252395629883,4,False,2,True,-5.139124870300293,3.3577985763549805,4,False,3,False,-4.934806823730469,-3.442749500274658,4,False,2,True,-5.156195640563965,3.4266269207000732,4,False,3,False,-4.718871116638184,-3.3549158573150635,4,False,4,False,-5.069180488586426,-3.48612642288208,4,False,3,False,-2.8798813819885254,-5.189013957977295
private,1158,4,Sad,V21_CORRECT_V22_WRONG,True,True,2,False,4,True,-4.516808986663818,3.8574037551879883,2,False,4,True,-5.23225736618042,0.05876779556274414,2,False,5,False,-5.279682159423828,-0.02856612205505371,2,False,4,True,-4.535087585449219,3.8297922611236572,2,False,5,False,-5.275263786315918,-0.0691293478012085,2,False,4,True,-4.636314868927002,3.8830349445343018,6,False,4,True,-4.023998260498047,3.9815409183502197,5,False,4,True,-5.544556617736816,2.4327447414398193
private,1159,4,Sad,V21_CORRECT_V22_WRONG,True,True,0,False,4,True,-1.0005673170089722,0.9775228500366211,0,False,4,True,-1.739847183227539,3.338271379470825,0,False,4,True,-1.9701042175292969,3.314340114593506,0,False,4,True,-1.0679926872253418,0.839866042137146,0,False,4,True,-1.6816445589065552,3.2762198448181152,0,False,4,True,-0.8763699531555176,0.7087825536727905,0,False,4,True,-0.6795309782028198,1.980798602104187,4,True,6,False,0.08122193813323975,-3.586082696914673
private,1160,5,Surprise,V21_CORRECT_V22_WRONG,True,True,2,False,2,False,-4.9828033447265625,-4.274394989013672,2,False,5,True,-4.058691024780273,2.4415836334228516,2,False,5,True,-3.926215648651123,2.4680593013763428,2,False,2,False,-4.998343467712402,-4.296694755554199,2,False,5,True,-4.051077842712402,2.44020676612854,2,False,2,False,-5.031106948852539,-4.337127685546875,2,False,2,False,-5.025924205780029,-4.447659015655518,2,False,2,False,-2.507956027984619,-3.054392099380493
private,1176,2,Fear,V22_CORRECT_V21_WRONG,True,True,2,True,0,False,4.830936431884766,-5.333523750305176,0,False,4,False,-0.14736950397491455,-1.2488079071044922,2,True,4,False,1.4212565422058105,-1.4960670471191406,2,True,0,False,4.829380989074707,-5.3363752365112305,2,True,4,False,0.3592141270637512,-1.3583345413208008,2,True,0,False,4.84075927734375,-5.3245463371276855,2,True,0,False,4.835399627685547,-5.327232837677002,2,True,0,False,4.120733261108398,-4.210171699523926
private,1184,6,Neutral,V22_CORRECT_V21_WRONG,True,True,6,True,0,False,1.7936182022094727,-4.3427605628967285,6,True,0,False,3.634420871734619,-1.4259796142578125,6,True,0,False,3.1860437393188477,-1.3689994812011719,6,True,0,False,1.8025695085525513,-4.357395648956299,6,True,0,False,3.5657424926757812,-1.4123355150222778,6,True,0,False,2.239583730697632,-4.325240612030029,6,True,0,False,1.3991689682006836,-4.388165473937988,6,True,0,False,3.643126964569092,-3.4676668643951416
private,1186,5,Surprise,V21_CORRECT_V22_WRONG,True,True,5,True,5,True,1.0624535083770752,3.436668872833252,0,False,5,True,-0.47391295433044434,3.9585249423980713,0,False,5,True,-0.22113680839538574,3.899275779724121,5,True,5,True,1.2567880153656006,3.4045021533966064,0,False,5,True,-0.7144535779953003,3.9350476264953613,5,True,5,True,1.5477252006530762,3.5552046298980713,5,True,5,True,1.2292158603668213,3.379925012588501,5,True,5,True,3.167868137359619,3.7486135959625244
private,1198,4,Sad,V21_CORRECT_V22_WRONG,True,True,6,False,2,False,-3.2945494651794434,-1.3415398597717285,6,False,4,True,-0.9200795292854309,0.5547930002212524,6,False,4,True,-1.0201003551483154,0.6841645240783691,6,False,2,False,-3.2181272506713867,-1.3465752601623535,6,False,4,True,-0.8430412411689758,0.5127075910568237,6,False,2,False,-3.1872947216033936,-1.3677492141723633,6,False,2,False,-2.8053009510040283,-1.5348354578018188,2,False,4,True,-4.556606292724609,1.7064142227172852
private,1200,2,Fear,V21_CORRECT_V22_WRONG,True,True,3,False,6,False,-1.716370701789856,-2.8786239624023438,6,False,2,True,-1.6444249153137207,0.8282595872879028,6,False,2,True,-1.2030425071716309,0.638556718826294,3,False,6,False,-1.537996530532837,-2.87575626373291,6,False,2,True,-1.581850528717041,0.7668247222900391,3,False,6,False,-1.7890009880065918,-2.8088417053222656,3,False,0,False,-1.6966078281402588,-3.354016065597534,3,False,3,False,-0.39120328426361084,-5.56025505065918
private,1219,4,Sad,V22_CORRECT_V21_WRONG,True,True,2,False,4,True,-4.251119136810303,2.245185136795044,4,True,2,False,1.3519518375396729,-1.269808053970337,4,True,2,False,1.0053138732910156,-1.2362786531448364,2,False,4,True,-4.218468189239502,2.2576382160186768,4,True,2,False,1.3687902688980103,-1.237960934638977,2,False,4,True,-4.2943572998046875,2.5266733169555664,2,False,4,True,-4.026570796966553,2.510758399963379,2,False,2,False,-4.978554725646973,-2.2175188064575195
private,1222,3,Happy,V22_CORRECT_V21_WRONG,True,True,4,False,3,True,-3.413806438446045,1.271161437034607,3,True,6,False,0.7802660465240479,-0.44097912311553955,3,True,6,False,0.7807157039642334,-0.5685409307479858,4,False,3,True,-3.300222158432007,1.1921167373657227,3,True,6,False,0.5693225860595703,-0.5691219568252563,4,False,3,True,-2.599156379699707,1.5877660512924194,4,False,6,False,-2.73787784576416,-0.8732377290725708,4,False,3,True,-5.282375335693359,3.0768465995788574
private,1230,4,Sad,V21_CORRECT_V22_WRONG,True,True,6,False,4,True,-0.8896141052246094,1.1423472166061401,6,False,4,True,-2.296165704727173,0.7087726593017578,6,False,4,True,-2.0744435787200928,0.6492151021957397,6,False,4,True,-0.8840175867080688,1.1513645648956299,6,False,4,True,-2.3356645107269287,0.6900210380554199,6,False,4,True,-0.92601478099823,1.166794776916504,6,False,4,True,-1.5777528285980225,1.495434284210205,6,False,4,True,-1.0475454330444336,1.6544578075408936
private,1247,4,Sad,V22_CORRECT_V21_WRONG,True,True,4,True,0,False,2.605506181716919,-1.5995993614196777,4,True,0,False,1.542480230331421,-0.19947099685668945,4,True,0,False,1.4116092920303345,-0.20622754096984863,4,True,0,False,2.513728618621826,-1.553870439529419,4,True,0,False,1.5320124626159668,-0.20865154266357422,4,True,0,False,2.6102640628814697,-1.4630975723266602,4,True,0,False,0.5842028856277466,-0.5441758632659912,4,True,0,False,3.324310064315796,-0.40667200088500977
private,1261,2,Fear,V22_CORRECT_V21_WRONG,True,True,4,False,4,False,-2.5974459648132324,-3.921633243560791,2,True,6,False,1.6366230249404907,-2.840738296508789,2,True,6,False,1.419103741645813,-2.901951789855957,4,False,4,False,-2.6005594730377197,-3.91939115524292,2,True,6,False,1.691335916519165,-2.8291807174682617,4,False,4,False,-2.3744425773620605,-3.866654396057129,4,False,4,False,-2.9288785457611084,-3.956052303314209,4,False,4,False,-0.4405834674835205,-3.304568290710449
private,1262,0,Angry,V22_CORRECT_V21_WRONG,True,False,3,False,3,False,-0.4013577699661255,-2.345984697341919,0,True,6,False,2.8247714042663574,-5.435211658477783,0,True,6,False,3.039231300354004,-5.413060665130615,3,False,3,False,-0.25553739070892334,-2.4626128673553467,0,True,6,False,2.8128390312194824,-5.433137893676758,3,False,3,False,-0.7826552391052246,-2.3889408111572266,3,False,6,False,-0.643867015838623,-3.102201223373413,3,False,3,False,-5.217111110687256,-5.20178747177124
private,1266,3,Happy,V21_CORRECT_V22_WRONG,True,True,6,False,3,True,-4.975245952606201,3.9106733798980713,6,False,3,True,-0.4829833507537842,4.136252403259277,6,False,3,True,-1.101467251777649,4.1490478515625,6,False,3,True,-4.956773281097412,3.9194388389587402,6,False,3,True,-0.4787449836730957,4.143046855926514,6,False,3,True,-4.75778865814209,3.91719126701355,6,False,3,True,-4.972840309143066,3.7108895778656006,4,False,3,True,-4.726319313049316,4.036889553070068
private,1267,3,Happy,V21_CORRECT_V22_WRONG,True,True,3,True,2,False,4.354167461395264,-3.4717633724212646,4,False,3,True,-4.329970359802246,1.9569628238677979,4,False,3,True,-4.3979082107543945,1.8474092483520508,3,True,2,False,4.288328170776367,-3.456690788269043,4,False,3,True,-4.369664192199707,1.9719579219818115,3,True,2,False,4.384787559509277,-3.511030435562134,3,True,2,False,4.561975479125977,-4.267268657684326,3,True,2,False,4.074639320373535,-3.379645824432373
private,1271,2,Fear,V22_CORRECT_V21_WRONG,False,False,5,False,5,False,-0.5003471374511719,-1.6574779748916626,2,True,5,False,0.46227359771728516,-1.8374626636505127,2,True,5,False,0.23727965354919434,-1.8281408548355103,5,False,5,False,-0.5303053855895996,-1.719222068786621,2,True,5,False,0.5184980630874634,-1.8554327487945557,5,False,5,False,-0.36341822147369385,-1.6267726421356201,2,True,5,False,0.25581061840057373,-1.7637238502502441,5,False,5,False,-0.08680272102355957,-2.3935890197753906
private,1278,5,Surprise,V22_CORRECT_V21_WRONG,True,True,5,True,3,False,3.888981580734253,-3.70035457611084,5,True,2,False,4.278419494628906,-0.5908651351928711,5,True,2,False,4.309081554412842,-0.3871147632598877,5,True,3,False,3.901926279067993,-3.7292230129241943,5,True,2,False,4.259253025054932,-0.49793028831481934,5,True,3,False,3.8605105876922607,-3.921402931213379,5,True,3,False,3.902529239654541,-3.413141965866089,2,False,4,False,-1.8721139430999756,-3.527125358581543
private,1279,4,Sad,V22_CORRECT_V21_WRONG,True,True,4,True,6,False,1.9500439167022705,-3.3543877601623535,4,True,6,False,1.7423171997070312,-0.7433580756187439,4,True,6,False,1.95097815990448,-0.8189049959182739,4,True,6,False,1.7898657321929932,-3.3453526496887207,4,True,6,False,1.6795250177383423,-0.6967378854751587,4,True,6,False,1.5213955640792847,-3.4272208213806152,4,True,6,False,0.5667228698730469,-3.7857608795166016,2,False,6,False,-2.8998141288757324,-0.18153822422027588
private,1284,2,Fear,V22_CORRECT_V21_WRONG,True,True,2,True,2,True,3.021838665008545,0.8932507038116455,2,True,3,False,4.198365211486816,-2.920790910720825,2,True,3,False,4.239639759063721,-2.7462449073791504,2,True,2,True,3.040400743484497,0.8423891067504883,2,True,3,False,4.19582462310791,-2.8660974502563477,2,True,2,True,2.868614673614502,0.9028549194335938,2,True,2,True,0.9144035577774048,0.947420597076416,2,True,2,True,2.3546230792999268,1.2007464170455933
private,1290,0,Angry,V22_CORRECT_V21_WRONG,True,True,6,False,0,True,-2.4804322719573975,3.455638885498047,0,True,2,False,0.6323246955871582,-0.03285980224609375,0,True,0,True,1.1376681327819824,0.0153428316116333,6,False,0,True,-2.2962517738342285,3.4638514518737793,0,True,2,False,0.7178798913955688,-0.008303284645080566,6,False,0,True,-2.454468250274658,3.3612003326416016,6,False,0,True,-2.11283802986145,3.0054335594177246,4,False,0,True,-4.186021327972412,2.0618138313293457
private,1293,4,Sad,V22_CORRECT_V21_WRONG,True,True,2,False,6,False,-1.204046607017517,-0.38969147205352783,4,True,6,False,1.6541833877563477,-1.2291498184204102,4,True,6,False,1.7272858619689941,-1.1318554878234863,2,False,6,False,-1.1959483623504639,-0.44465816020965576,4,True,6,False,1.5338313579559326,-1.2729356288909912,2,False,6,False,-0.8443975448608398,-0.6934211254119873,4,True,6,False,1.4246259927749634,-0.3611323833465576,4,True,6,False,0.509483814239502,-2.8603570461273193
private,1302,6,Neutral,V22_CORRECT_V21_WRONG,True,True,6,True,0,False,2.7682766914367676,-1.6771212816238403,6,True,2,False,2.125105857849121,-1.3072209358215332,6,True,2,False,2.0465011596679688,-1.2521722316741943,6,True,0,False,2.7418408393859863,-1.776087760925293,6,True,2,False,2.093266725540161,-1.2813074588775635,6,True,0,False,2.917659044265747,-1.9709335565567017,6,True,0,False,0.9131760597229004,-1.1381884813308716,6,True,0,False,4.060373783111572,-2.419804096221924
private,1308,4,Sad,V21_CORRECT_V22_WRONG,True,True,0,False,0,False,-3.3510987758636475,-1.5546104907989502,0,False,4,True,-0.10548543930053711,0.029745101928710938,0,False,4,True,-0.35962820053100586,0.04825878143310547,0,False,0,False,-3.356644630432129,-1.515503168106079,0,False,4,True,-0.156951904296875,0.05585741996765137,0,False,0,False,-3.327096700668335,-1.5146068334579468,0,False,0,False,-2.3369719982147217,-0.7565665245056152,3,False,3,False,-4.539527893066406,-4.854835033416748
private,1320,4,Sad,V22_CORRECT_V21_WRONG,True,True,0,False,0,False,-2.1562657356262207,-0.5062500238418579,4,True,0,False,0.4634287357330322,-1.0267181396484375,4,True,0,False,0.2885463237762451,-1.0676710605621338,0,False,0,False,-2.297902822494507,-0.5188297033309937,4,True,0,False,0.4248046875,-1.0119571685791016,0,False,0,False,-2.320969820022583,-0.4793384075164795,0,False,0,False,-2.969069480895996,-0.41877901554107666,4,True,4,True,0.41552484035491943,0.35462820529937744
private,1322,6,Neutral,V22_CORRECT_V21_WRONG,True,True,4,False,0,False,-1.367349624633789,-3.8994956016540527,6,True,0,False,1.9236392974853516,-2.457120895385742,6,True,0,False,1.9660706520080566,-2.445951223373413,4,False,0,False,-1.2501728534698486,-3.911594867706299,6,True,0,False,1.9915064573287964,-2.5011520385742188,4,False,0,False,-1.4395513534545898,-3.937880516052246,4,False,0,False,-0.983569860458374,-3.573697566986084,6,True,0,False,2.489041805267334,-3.2048258781433105
private,1326,2,Fear,V22_CORRECT_V21_WRONG,True,True,2,True,2,True,4.135571479797363,0.720109224319458,2,True,5,False,0.7229348421096802,-0.9699722528457642,2,True,5,False,1.0385873317718506,-0.9394171237945557,2,True,2,True,4.134463310241699,0.7432980537414551,2,True,5,False,0.6830289363861084,-0.9489136934280396,2,True,2,True,4.198245525360107,0.778841495513916,2,True,2,True,4.210978984832764,1.3075571060180664,2,True,2,True,0.6229432821273804,2.590470790863037
private,1328,2,Fear,V22_CORRECT_V21_WRONG,True,True,4,False,6,False,-1.8448529243469238,-3.281902551651001,2,True,6,False,2.1827924251556396,-3.5266363620758057,2,True,6,False,2.0896098613739014,-3.4198687076568604,4,False,6,False,-1.7730575799942017,-3.303734540939331,2,True,6,False,2.092892646789551,-3.520728588104248,4,False,6,False,-1.92573881149292,-3.3492565155029297,4,False,6,False,-2.8151447772979736,-3.4527957439422607,2,True,6,False,0.8364308476448059,-2.994673728942871
private,1330,4,Sad,V22_CORRECT_V21_WRONG,True,True,4,True,4,True,3.2320809364318848,3.5994277000427246,4,True,6,False,2.6849114894866943,-0.6422181129455566,4,True,6,False,2.782834529876709,-0.7944912910461426,4,True,4,True,3.2517244815826416,3.593989133834839,4,True,6,False,2.731116771697998,-0.774669885635376,4,True,4,True,3.1896698474884033,3.5716140270233154,4,True,4,True,3.401045799255371,3.5432558059692383,0,False,4,True,-1.8190680742263794,3.810314178466797
private,1340,0,Angry,V21_CORRECT_V22_WRONG,True,True,0,True,0,True,3.9988832473754883,1.6890389919281006,2,False,0,True,-0.48196351528167725,3.6640193462371826,2,False,0,True,-0.5884738564491272,3.62269926071167,0,True,0,True,3.984873056411743,1.71099853515625,2,False,0,True,-0.5276246666908264,3.6702091693878174,0,True,0,True,4.002625942230225,1.8239665031433105,0,True,0,True,4.001962184906006,1.7190961837768555,0,True,0,True,4.376841068267822,0.5273001194000244
private,1348,2,Fear,V22_CORRECT_V21_WRONG,True,True,5,False,4,False,-2.1476399898529053,-3.0781021118164062,2,True,4,False,3.402367115020752,-2.9305596351623535,2,True,4,False,3.5063695907592773,-2.983299970626831,5,False,4,False,-2.2685389518737793,-2.9773056507110596,2,True,4,False,3.4067184925079346,-2.853438138961792,4,False,4,False,-2.326707363128662,-2.71215558052063,4,False,4,False,-2.332310199737549,-1.8325459957122803,4,False,3,False,-0.7051308155059814,-3.6313681602478027
private,1358,3,Happy,V22_CORRECT_V21_WRONG,True,True,6,False,6,False,-4.345221042633057,-0.9277443885803223,3,True,6,False,1.4240317344665527,-0.8019537925720215,3,True,6,False,1.2603200674057007,-0.8920586109161377,6,False,6,False,-4.351593017578125,-0.9923102855682373,3,True,6,False,1.3358017206192017,-0.8104715347290039,6,False,6,False,-4.444415092468262,-0.8769116401672363,6,False,6,False,-4.4275617599487305,-1.1694246530532837,6,False,6,False,-4.505958557128906,-1.1002018451690674
private,1395,4,Sad,V22_CORRECT_V21_WRONG,True,True,4,True,4,True,0.8790345191955566,0.14156556129455566,4,True,2,False,4.6352057456970215,-2.19008469581604,4,True,2,False,4.568696022033691,-2.28002667427063,4,True,4,True,0.6683254241943359,0.10610449314117432,4,True,2,False,4.641462326049805,-2.2313003540039062,4,True,4,True,0.7207626104354858,0.23908865451812744,2,False,4,True,-0.16542625427246094,0.3487290143966675,2,False,4,True,-4.698084831237793,0.5382702350616455
private,1402,3,Happy,V21_CORRECT_V22_WRONG,True,True,4,False,3,True,-5.239148139953613,4.30142879486084,4,False,3,True,-0.07997381687164307,1.8595929145812988,4,False,3,True,-0.10332536697387695,1.8456143140792847,4,False,3,True,-5.2377214431762695,4.2880048751831055,4,False,3,True,-0.04777216911315918,1.8595770597457886,4,False,3,True,-5.308170795440674,4.256743907928467,4,False,3,True,-5.146272659301758,4.209222316741943,6,False,0,False,-3.6676316261291504,-1.5614407062530518
private,1403,2,Fear,V21_CORRECT_V22_WRONG,True,True,6,False,6,False,-3.761139392852783,-1.2661690711975098,6,False,2,True,-2.4509692192077637,1.9763139486312866,6,False,2,True,-2.3059632778167725,1.8772730827331543,6,False,6,False,-3.6019487380981445,-1.3109469413757324,6,False,2,True,-2.3932125568389893,1.9808417558670044,6,False,6,False,-3.776505470275879,-1.326627254486084,4,False,6,False,-2.4898526668548584,-1.3663275241851807,2,True,4,False,2.841848850250244,-2.1651337146759033
private,1412,6,Neutral,V22_CORRECT_V21_WRONG,True,True,0,False,2,False,-3.287689685821533,-0.29470741748809814,6,True,2,False,2.8186068534851074,-2.258065938949585,6,True,2,False,2.6415300369262695,-2.3274590969085693,0,False,2,False,-3.1864013671875,-0.2150897979736328,6,True,2,False,2.744014263153076,-2.241405963897705,0,False,2,False,-3.249704360961914,-0.08799612522125244,2,False,6,True,-3.3999955654144287,0.5083976984024048,5,False,6,True,-5.203373432159424,0.17109787464141846
private,1421,0,Angry,V22_CORRECT_V21_WRONG,True,True,0,True,0,True,3.321937322616577,2.7909865379333496,0,True,6,False,2.5526952743530273,-1.2639329433441162,0,True,6,False,2.285431385040283,-1.3375043869018555,0,True,0,True,3.4154133796691895,2.62587833404541,0,True,6,False,2.444751262664795,-1.2626622915267944,0,True,0,True,3.4037675857543945,2.3401849269866943,0,True,0,True,1.9095335006713867,3.415964365005493,2,False,3,False,-3.6632955074310303,-3.8576347827911377
private,1432,4,Sad,V21_CORRECT_V22_WRONG,True,True,6,False,4,True,-2.7174017429351807,4.1030964851379395,6,False,4,True,-1.6946089267730713,3.6060142517089844,6,False,4,True,-1.6169787645339966,3.613069534301758,6,False,4,True,-2.7559616565704346,4.098759174346924,6,False,4,True,-1.7676267623901367,3.5673630237579346,6,False,4,True,-2.790550470352173,4.06784200668335,6,False,4,True,-2.3439064025878906,3.9230589866638184,4,True,4,True,3.639112949371338,4.157121181488037
private,1439,2,Fear,V21_CORRECT_V22_WRONG,True,True,2,True,5,False,1.3828704357147217,-2.366978168487549,5,False,2,True,-2.13419246673584,2.5689923763275146,5,False,2,True,-2.293837070465088,2.766223430633545,2,True,5,False,1.4627832174301147,-2.381294012069702,5,False,2,True,-2.1179075241088867,2.541189670562744,2,True,5,False,1.7749828100204468,-2.5829999446868896,2,True,5,False,1.0798261165618896,-3.214197874069214,5,False,5,False,-3.894911289215088,-1.8297836780548096
private,1441,4,Sad,V21_CORRECT_V22_WRONG,True,True,0,False,4,True,-0.36939752101898193,1.8590419292449951,1,False,4,True,-1.1886690855026245,1.59415864944458,1,False,4,True,-1.1333699226379395,1.753056526184082,0,False,4,True,-0.33000612258911133,1.9332795143127441,1,False,4,True,-1.0748188495635986,1.6922898292541504,0,False,4,True,-0.019852638244628906,2.018712282180786,4,True,4,True,0.6440681219100952,0.03147387504577637,4,True,4,True,1.4078631401062012,0.9920305013656616
private,1445,4,Sad,V21_CORRECT_V22_WRONG,True,True,4,True,4,True,3.029618740081787,1.3302597999572754,2,False,4,True,-4.081326007843018,3.7557528018951416,2,False,4,True,-4.127262115478516,3.7275283336639404,4,True,4,True,3.1971118450164795,1.4045276641845703,2,False,4,True,-4.078702449798584,3.755361318588257,4,True,4,True,3.0598955154418945,1.1251643896102905,4,True,4,True,3.838775157928467,1.641488790512085,2,False,0,False,-3.642488718032837,-1.6095259189605713
private,1446,4,Sad,V22_CORRECT_V21_WRONG,True,True,6,False,4,True,-0.9638271331787109,3.8520350456237793,4,True,6,False,2.038332462310791,-3.157377004623413,4,True,6,False,1.813393235206604,-3.1679000854492188,6,False,4,True,-0.8232905864715576,3.82727313041687,4,True,6,False,2.1041035652160645,-3.1358482837677,6,False,4,True,-0.8337067365646362,3.8755691051483154,6,False,4,True,-0.06107759475708008,3.3850831985473633,6,False,4,True,-0.8500816822052002,2.1004638671875
private,1450,2,Fear,V21_CORRECT_V22_WRONG,True,True,4,False,4,False,-5.33919620513916,-3.0709872245788574,4,False,2,True,-5.073692321777344,0.06053507328033447,4,False,2,True,-5.025903701782227,0.1530236005783081,4,False,4,False,-5.338891983032227,-3.0952506065368652,4,False,2,True,-5.056367874145508,0.06549787521362305,4,False,4,False,-5.341283321380615,-3.0369162559509277,4,False,4,False,-5.346775054931641,-3.2997429370880127,4,False,4,False,-2.999985694885254,-3.7130024433135986
private,1451,4,Sad,V21_CORRECT_V22_WRONG,True,True,2,False,4,True,-3.6838748455047607,2.365159511566162,4,True,4,True,0.29703617095947266,2.5060455799102783,2,False,4,True,-0.2579770088195801,2.398592472076416,2,False,4,True,-3.813339948654175,2.3267760276794434,4,True,4,True,0.15696930885314941,2.545928955078125,2,False,4,True,-3.8375439643859863,2.245864152908325,2,False,4,True,-1.738795518875122,1.1576383113861084,2,False,4,True,-4.577266693115234,1.044037938117981
private,1454,4,Sad,V22_CORRECT_V21_WRONG,True,True,4,True,4,True,1.4862936735153198,0.40505778789520264,4,True,0,False,4.4115800857543945,-0.22725844383239746,4,True,0,False,4.340412139892578,-0.25590014457702637,4,True,4,True,1.3206688165664673,0.5722401142120361,4,True,0,False,4.442607402801514,-0.1542365550994873,4,True,4,True,1.421420931816101,0.30401647090911865,4,True,4,True,2.0115809440612793,2.281531810760498,3,False,0,False,-2.560551166534424,-1.7695608139038086
private,1458,2,Fear,V22_CORRECT_V21_WRONG,True,True,0,False,0,False,-4.1290602684021,-2.0333027839660645,2,True,0,False,0.5756008625030518,-1.5157463550567627,2,True,0,False,0.5103329420089722,-1.4850671291351318,0,False,0,False,-4.154453754425049,-1.9879496097564697,2,True,0,False,0.8131431341171265,-1.4625914096832275,0,False,0,False,-3.9398751258850098,-1.8422493934631348,0,False,0,False,-3.692809581756592,-2.6319468021392822,0,False,0,False,-4.0812530517578125,-3.5001821517944336
private,1466,1,Disgust,V21_CORRECT_V22_WRONG,True,True,4,False,1,True,-4.209817409515381,2.198556661605835,2,False,1,True,-3.2164111137390137,4.790097236633301,2,False,1,True,-3.461080312728882,4.765349864959717,4,False,1,True,-4.0206122398376465,2.1788206100463867,2,False,1,True,-3.181852340698242,4.796371936798096,4,False,1,True,-4.583488464355469,2.073735237121582,4,False,4,False,-3.79740047454834,-0.3257097005844116,1,True,2,False,1.1855261325836182,-2.953728437423706
private,1467,6,Neutral,V22_CORRECT_V21_WRONG,True,True,0,False,2,False,-1.2584589719772339,-4.1765217781066895,6,True,2,False,1.3795019388198853,-1.6535389423370361,6,True,2,False,1.4609665870666504,-1.7568507194519043,0,False,2,False,-1.1864683628082275,-4.21281099319458,6,True,2,False,1.247972846031189,-1.6281569004058838,0,False,2,False,-1.2202353477478027,-4.151669502258301,0,False,2,False,-1.315309762954712,-2.863295555114746,2,False,2,False,-0.35563933849334717,-1.816279411315918
private,1468,4,Sad,V21_CORRECT_V22_WRONG,True,True,0,False,4,True,-4.134539604187012,1.354063630104065,0,False,4,True,-1.912855863571167,0.7336335182189941,0,False,4,True,-1.9578325748443604,0.7664337158203125,0,False,4,True,-4.15947961807251,1.389644742012024,0,False,4,True,-1.9891899824142456,0.7206251621246338,0,False,4,True,-4.121209144592285,1.3177554607391357,0,False,4,True,-4.034207344055176,0.7013401985168457,0,False,4,True,-4.603096961975098,1.0919215679168701
private,1470,6,Neutral,V22_CORRECT_V21_WRONG,True,True,4,False,6,True,-3.0293123722076416,0.30822253227233887,6,True,4,False,2.497298240661621,-1.6794637441635132,6,True,4,False,2.5150153636932373,-1.5020140409469604,4,False,6,True,-3.0575814247131348,0.4007505178451538,6,True,4,False,2.4494545459747314,-1.5470329523086548,4,False,6,True,-3.0664117336273193,0.18023037910461426,4,False,6,True,-3.2617599964141846,0.623294472694397,0,False,6,True,-3.9801154136657715,2.2900705337524414
private,1473,4,Sad,V21_CORRECT_V22_WRONG,True,True,4,True,0,False,0.9948755502700806,-1.7963658571243286,0,False,4,True,-0.9297082424163818,1.7770776748657227,0,False,4,True,-1.1068010330200195,1.8155181407928467,4,True,0,False,0.9132207632064819,-1.7905350923538208,0,False,4,True,-0.9982147216796875,1.7994755506515503,4,True,0,False,0.8818427324295044,-1.8584214448928833,4,True,0,False,0.5669577121734619,-1.6773438453674316,1,False,0,False,-1.3863248825073242,-2.0997989177703857
private,1475,2,Fear,V22_CORRECT_V21_WRONG,True,True,2,True,2,True,1.903469204902649,2.8118457794189453,2,True,4,False,3.054813861846924,-1.690385341644287,2,True,4,False,2.821072578430176,-1.7147505283355713,2,True,2,True,1.9998332262039185,2.854600667953491,2,True,4,False,3.1397745609283447,-1.7017438411712646,2,True,2,True,2.093088388442993,3.0743918418884277,2,True,2,True,1.8404241800308228,3.6301188468933105,4,False,4,False,-2.9035372734069824,-2.6342313289642334
private,1492,2,Fear,V21_CORRECT_V22_WRONG,True,True,0,False,0,False,-0.6578725576400757,-2.2039663791656494,0,False,2,True,-4.154958248138428,1.9391889572143555,0,False,2,True,-4.316082954406738,1.8583884239196777,0,False,0,False,-0.7576474547386169,-2.273622512817383,0,False,2,True,-4.1778883934021,1.8935015201568604,0,False,0,False,-0.5437848567962646,-2.1688008308410645,4,False,0,False,-0.324212908744812,-1.569079041481018,4,False,0,False,-0.5884747505187988,-2.7950479984283447
private,1493,4,Sad,V22_CORRECT_V21_WRONG,True,True,4,True,4,True,0.031349897384643555,1.7485640048980713,0,False,0,False,-0.18292760848999023,-1.2105443477630615,4,True,0,False,0.05296754837036133,-1.3329124450683594,0,False,4,True,-0.0348583459854126,1.7790815830230713,0,False,0,False,-0.12806439399719238,-1.236833095550537,4,True,4,True,0.12187063694000244,1.8502075672149658,4,True,4,True,1.163260579109192,2.624835968017578,2,False,4,True,-1.9333531856536865,1.9627153873443604
private,1497,4,Sad,V21_CORRECT_V22_WRONG,True,True,6,False,6,False,-3.9015438556671143,-0.5674569606781006,6,False,4,True,-0.6384892463684082,3.811185121536255,6,False,4,True,-1.1375677585601807,3.788560152053833,6,False,6,False,-3.8916587829589844,-0.6058320999145508,6,False,4,True,-0.6576958894729614,3.7970902919769287,6,False,6,False,-3.8217923641204834,-0.4762575626373291,6,False,6,False,-3.7786993980407715,-0.5333056449890137,6,False,6,False,-2.92480731010437,-1.1731953620910645
private,1498,0,Angry,V22_CORRECT_V21_WRONG,True,True,0,True,0,True,3.9812097549438477,0.3754245638847351,0,True,1,False,4.539680480957031,-1.085632562637329,0,True,1,False,4.5451273918151855,-0.7882176637649536,0,True,0,True,4.015650272369385,0.49626511335372925,0,True,1,False,4.525247573852539,-1.0720229148864746,0,True,0,True,4.063558101654053,0.10855329036712646,0,True,4,False,4.202566623687744,-0.38063478469848633,0,True,0,True,4.1981000900268555,1.6512179374694824
private,1513,4,Sad,V21_CORRECT_V22_WRONG,True,True,4,True,4,True,2.179339647293091,2.9107742309570312,2,False,4,True,-0.8331565260887146,2.223461151123047,2,False,4,True,-1.280989646911621,2.445434808731079,4,True,4,True,2.1970298290252686,2.89560866355896,2,False,4,True,-1.4586524963378906,2.1454973220825195,4,True,4,True,2.5205533504486084,2.816901683807373,4,True,4,True,2.676926374435425,2.3819780349731445,4,True,4,True,1.1011526584625244,2.351114511489868
private,1531,0,Angry,V21_CORRECT_V22_WRONG,True,True,0,True,0,True,0.06612026691436768,0.7621142864227295,2,False,0,True,-2.4865829944610596,3.2471139430999756,2,False,0,True,-2.517524003982544,3.1641907691955566,0,True,0,True,0.0891033411026001,0.7761486768722534,2,False,0,True,-2.417637825012207,3.169342517852783,0,True,0,True,0.5955929756164551,0.7693710327148438,2,False,4,False,-1.3436530828475952,-0.1577446460723877,2,False,0,True,-3.23443603515625,2.3355300426483154
private,1536,6,Neutral,V21_CORRECT_V22_WRONG,True,True,2,False,4,False,-2.6669774055480957,-0.23476076126098633,2,False,6,True,-0.9809157848358154,0.37903130054473877,2,False,6,True,-0.5228759050369263,0.22192347049713135,2,False,4,False,-3.0851387977600098,-0.2676461935043335,2,False,6,True,-1.1631290912628174,0.3937016725540161,2,False,4,False,-3.5504794120788574,-0.2691967487335205,4,False,0,False,-1.2428107261657715,-0.15815985202789307,6,True,6,True,2.2310967445373535,1.7619071006774902
private,1546,3,Happy,V22_CORRECT_V21_WRONG,True,True,2,False,3,True,-4.592453479766846,2.9149186611175537,3,True,2,False,2.8175861835479736,-2.2810585498809814,3,True,2,False,3.103339910507202,-2.3982093334198,2,False,3,True,-4.631665229797363,2.9844706058502197,3,True,2,False,2.9325926303863525,-2.254235029220581,2,False,3,True,-4.684021472930908,3.2380146980285645,2,False,3,True,-4.054014682769775,1.4731967449188232,2,False,3,True,-0.07825779914855957,4.585596084594727
private,1547,3,Happy,V21_CORRECT_V22_WRONG,True,True,4,False,3,True,-5.1434173583984375,4.54629373550415,4,False,3,True,-3.1249704360961914,1.2614765167236328,4,False,3,True,-2.9297709465026855,0.5545456409454346,4,False,3,True,-5.1507463455200195,4.5473480224609375,4,False,3,True,-3.0723509788513184,1.1318168640136719,4,False,3,True,-5.149645805358887,4.548494338989258,4,False,3,True,-5.1504364013671875,4.57663106918335,4,False,3,True,-4.437485218048096,4.654158115386963
private,1552,2,Fear,V22_CORRECT_V21_WRONG,True,True,6,False,2,True,-5.1052775382995605,3.0768604278564453,2,True,0,False,0.5478572845458984,-1.0824077129364014,2,True,0,False,0.6148812770843506,-1.053243637084961,6,False,2,True,-5.10009765625,3.0082461833953857,2,True,0,False,0.8363304138183594,-1.0509538650512695,6,False,2,True,-5.121356010437012,3.006730318069458,6,False,2,True,-5.0372843742370605,2.9138457775115967,4,False,2,True,-5.112603664398193,0.7242343425750732
private,1563,5,Surprise,V21_CORRECT_V22_WRONG,True,False,2,False,6,False,-3.013808250427246,-5.035478115081787,2,False,5,True,-4.942066192626953,0.11881804466247559,2,False,5,True,-4.854970932006836,0.1803528070449829,2,False,6,False,-3.0547122955322266,-5.041944980621338,2,False,2,False,-4.923850059509277,-0.059295058250427246,2,False,6,False,-2.726311683654785,-5.022911548614502,2,False,6,False,-2.180912494659424,-4.547582149505615,2,False,6,False,-4.390507221221924,-5.106142044067383
private,1572,6,Neutral,V21_CORRECT_V22_WRONG,True,True,6,True,3,False,3.412074565887451,-2.8531198501586914,3,False,6,True,-0.2944679260253906,2.6417670249938965,3,False,6,True,-0.1945035457611084,2.692272901535034,6,True,3,False,3.407850980758667,-2.846172571182251,3,False,6,True,-0.30992770195007324,2.658003568649292,6,True,3,False,3.3084278106689453,-2.819481372833252,6,True,3,False,3.269470691680908,-2.8539905548095703,6,True,3,False,3.4577746391296387,-3.6313257217407227
private,1579,4,Sad,V22_CORRECT_V21_WRONG,True,True,4,True,4,True,0.5548287630081177,3.176801919937134,4,True,0,False,2.093540668487549,-0.5606586933135986,4,True,0,False,2.1555440425872803,-0.44666504859924316,4,True,4,True,0.5648514032363892,3.159942388534546,4,True,0,False,2.1273417472839355,-0.5463080406188965,4,True,4,True,0.5399196147918701,3.1363332271575928,4,True,4,True,0.15159010887145996,3.1141979694366455,0,False,4,True,-0.24821805953979492,2.1329145431518555
private,1582,6,Neutral,V21_CORRECT_V22_WRONG,True,True,0,False,6,True,-0.6399496793746948,1.2321720123291016,4,False,6,True,-3.526435613632202,2.0491251945495605,4,False,6,True,-3.58205509185791,2.151789426803589,0,False,6,True,-0.5555931329727173,1.2373604774475098,4,False,6,True,-3.6036760807037354,2.0865023136138916,0,False,6,True,-0.33606719970703125,1.2727601528167725,0,False,6,True,-2.00213360786438,2.236724376678467,6,True,6,True,1.6037453413009644,3.668860912322998
private,1591,0,Angry,V21_CORRECT_V22_WRONG,True,True,2,False,0,True,-2.912100315093994,4.50555944442749,3,False,0,True,-1.3550527095794678,4.409618377685547,3,False,0,True,-1.6071654558181763,4.40034294128418,2,False,0,True,-2.898512840270996,4.516569137573242,3,False,0,True,-1.2709327936172485,4.415956497192383,2,False,0,True,-2.9749372005462646,4.45770263671875,2,False,0,True,-2.7877299785614014,4.467662811279297,0,True,0,True,2.876988649368286,1.3287758827209473
private,1602,6,Neutral,V22_CORRECT_V21_WRONG,True,True,4,False,4,False,-0.802019476890564,-3.753260374069214,6,True,4,False,2.0112717151641846,-3.338923215866089,6,True,4,False,1.8395249843597412,-3.2390215396881104,4,False,4,False,-0.7732048034667969,-3.636812686920166,6,True,4,False,2.014768123626709,-3.270580530166626,4,False,4,False,-0.8838022947311401,-3.6914570331573486,4,False,4,False,-1.5780936479568481,-4.539120674133301,2,False,4,False,-3.804136276245117,-1.0873748064041138
private,1624,4,Sad,V22_CORRECT_V21_WRONG,True,True,6,False,4,True,-1.111132025718689,2.0647313594818115,4,True,2,False,2.9769392013549805,-0.8542494773864746,4,True,2,False,2.6984241008758545,-0.7861886024475098,6,False,4,True,-0.9510235786437988,2.090062379837036,4,True,2,False,2.88931941986084,-0.8629209995269775,6,False,4,True,-0.8780297040939331,2.112842321395874,6,False,4,True,-1.0903801918029785,2.1943960189819336,4,True,6,False,3.261240243911743,-0.594314455986023
private,1625,3,Happy,V22_CORRECT_V21_WRONG,True,True,2,False,0,False,-3.7913737297058105,-5.078598976135254,3,True,2,False,0.6249668598175049,-4.16995096206665,3,True,2,False,1.0425525903701782,-4.165128231048584,2,False,0,False,-3.8380050659179688,-5.056204795837402,3,True,2,False,0.7128698825836182,-4.1617817878723145,2,False,0,False,-4.047952651977539,-5.036221981048584,2,False,0,False,-3.5891828536987305,-4.963299751281738,1,False,2,False,-5.338796615600586,-3.5953638553619385
private,1630,4,Sad,V21_CORRECT_V22_WRONG,True,True,0,False,4,True,-0.20949041843414307,2.466735363006592,0,False,4,True,-3.188011646270752,2.014835834503174,0,False,4,True,-3.319575548171997,2.08941388130188,0,False,4,True,-0.28208065032958984,2.4944419860839844,0,False,4,True,-3.1869730949401855,2.0281102657318115,0,False,4,True,-0.8618367910385132,2.470033645629883,0,False,4,True,-0.8958238363265991,2.1478171348571777,6,False,4,True,-1.4210361242294312,1.530806303024292
private,1644,4,Sad,V22_CORRECT_V21_WRONG,True,True,5,False,2,False,-5.456489562988281,-2.9966111183166504,4,True,2,False,4.56079626083374,-0.8126967549324036,4,True,2,False,4.619137763977051,-0.8440252542495728,5,False,2,False,-5.461325168609619,-3.0486273765563965,4,True,2,False,4.577674865722656,-0.8422602415084839,5,False,2,False,-5.467556476593018,-2.7188963890075684,5,False,4,True,-5.193467140197754,0.7019716501235962,5,False,2,False,-3.9763174057006836,-2.8336777687072754
private,1649,3,Happy,V22_CORRECT_V21_WRONG,True,True,3,True,3,True,4.781968116760254,3.439880132675171,3,True,2,False,3.59206485748291,-0.7298319339752197,3,True,2,False,3.8389487266540527,-0.8263448476791382,3,True,3,True,4.780254364013672,3.4331862926483154,3,True,2,False,3.618489980697632,-0.7441942691802979,3,True,3,True,4.7744646072387695,3.4585509300231934,3,True,3,True,4.757719993591309,3.3152339458465576,3,True,3,True,4.820377826690674,0.09915566444396973
private,1654,6,Neutral,V21_CORRECT_V22_WRONG,True,True,6,True,4,False,0.4974137544631958,-1.522444486618042,0,False,6,True,-0.19289302825927734,2.46039080619812,6,True,6,True,0.03551971912384033,2.5058743953704834,6,True,4,False,0.6682538986206055,-1.4512783288955688,0,False,6,True,-0.22656559944152832,2.50604248046875,6,True,4,False,0.39038562774658203,-1.4648696184158325,6,True,2,False,0.8594306707382202,-0.8049726486206055,6,True,6,True,3.620602607727051,2.531407356262207
private,1662,4,Sad,V21_CORRECT_V22_WRONG,True,True,4,True,4,True,3.265530824661255,0.6805679798126221,3,False,4,True,-0.21477079391479492,4.380550861358643,3,False,4,True,-0.45642197132110596,4.382808685302734,4,True,4,True,3.256833553314209,0.7934602499008179,3,False,4,True,-0.43796324729919434,4.384048938751221,4,True,4,True,3.243946075439453,0.12976980209350586,4,True,4,True,3.9310622215270996,0.9065022468566895,0,False,0,False,-0.7389204502105713,-1.8166383504867554
private,1671,4,Sad,V21_CORRECT_V22_WRONG,True,True,4,True,3,False,1.6361240148544312,-3.5040950775146484,2,False,4,True,-3.9784560203552246,0.4283151626586914,2,False,4,True,-3.8795840740203857,0.647748589515686,4,True,3,False,1.7271230220794678,-3.4672088623046875,2,False,4,True,-3.9991769790649414,0.47814464569091797,4,True,3,False,1.9693094491958618,-3.5128536224365234,4,True,3,False,0.7032857537269592,-3.12290096282959,2,False,3,False,-3.5646567344665527,-4.982872009277344
private,1673,2,Fear,V21_CORRECT_V22_WRONG,True,True,0,False,0,False,-0.444186806678772,-1.1128662824630737,0,False,2,True,-2.2110064029693604,1.3014466762542725,0,False,2,True,-2.001572608947754,1.2455235719680786,0,False,0,False,-0.3089214563369751,-1.1575708389282227,0,False,2,True,-2.1862528324127197,1.2699298858642578,0,False,0,False,-0.36890220642089844,-1.1319254636764526,2,True,0,False,0.12009537220001221,-1.6686674356460571,3,False,0,False,-4.714292049407959,-1.2262247800827026
private,1677,4,Sad,V21_CORRECT_V22_WRONG,True,True,4,True,4,True,1.602381944656372,2.689532995223999,3,False,4,True,-3.9662926197052,4.450351715087891,3,False,4,True,-4.144174575805664,4.457621097564697,4,True,4,True,1.6953338384628296,2.6440396308898926,3,False,4,True,-3.9349851608276367,4.44479513168335,4,True,4,True,2.169191837310791,2.6367104053497314,4,True,4,True,1.5127838850021362,2.096818447113037,4,True,3,False,1.0700836181640625,-3.4093074798583984
private,1680,0,Angry,V21_CORRECT_V22_WRONG,True,True,3,False,0,True,-2.684309244155884,4.451545715332031,1,False,0,True,-0.7210046648979187,4.35630989074707,3,False,0,True,-0.8998656868934631,4.33363151550293,3,False,0,True,-2.540039539337158,4.4347639083862305,1,False,0,True,-0.5103515386581421,4.349658966064453,3,False,0,True,-2.4537510871887207,4.4448957443237305,3,False,0,True,-2.4391915798187256,4.809682369232178,1,False,3,False,-4.516864776611328,-3.9193432331085205
private,1688,0,Angry,V22_CORRECT_V21_WRONG,True,True,2,False,0,True,-4.630135536193848,0.9224504232406616,0,True,1,False,4.068696975708008,-2.521078586578369,0,True,1,False,4.083309173583984,-2.309295654296875,2,False,0,True,-4.63985538482666,0.9947360754013062,0,True,1,False,4.120537281036377,-2.4892797470092773,2,False,0,True,-4.6606950759887695,0.844448447227478,2,False,0,True,-4.354552268981934,1.1588903665542603,0,True,0,True,2.0083985328674316,2.904878854751587
private,1691,0,Angry,V21_CORRECT_V22_WRONG,True,True,0,True,0,True,1.7333614826202393,1.9521183967590332,2,False,0,True,-2.2535085678100586,4.1835618019104,2,False,0,True,-2.180023193359375,4.201810836791992,0,True,0,True,1.5186078548431396,1.9253284931182861,2,False,0,True,-2.2464637756347656,4.186821460723877,0,True,0,True,1.4509978294372559,1.9459110498428345,5,False,0,True,-0.328582763671875,1.8310158252716064,2,False,0,True,-2.1876468658447266,3.342897891998291
private,1693,3,Happy,V21_CORRECT_V22_WRONG,True,True,3,True,4,False,2.1977498531341553,-2.750539541244507,4,False,3,True,-3.4116668701171875,1.824136734008789,4,False,3,True,-3.3544301986694336,1.8207285404205322,3,True,4,False,2.1837222576141357,-2.785278797149658,4,False,3,True,-3.42631459236145,1.7631862163543701,3,True,4,False,2.199835777282715,-2.9696426391601562,3,True,3,True,0.26683568954467773,0.4938998222351074,3,True,3,True,2.224724292755127,4.263244152069092
private,1694,6,Neutral,V21_CORRECT_V22_WRONG,True,True,4,False,2,False,-4.4271111488342285,-0.397963285446167,4,False,6,True,-1.1638423204421997,2.5874314308166504,4,False,6,True,-0.8901036977767944,2.9796671867370605,4,False,2,False,-4.433480262756348,-0.3684539794921875,4,False,6,True,-1.0551122426986694,2.6457433700561523,4,False,2,False,-4.383012294769287,-0.4164673089981079,4,False,6,True,-3.775843620300293,0.8472355604171753,4,False,6,True,-4.429637908935547,2.7813684940338135
private,1702,2,Fear,V21_CORRECT_V22_WRONG,True,True,6,False,3,False,-2.749147891998291,-1.2659140825271606,6,False,2,True,-2.95060658454895,0.9025278687477112,6,False,2,True,-2.770758628845215,0.8543972373008728,6,False,3,False,-2.6947832107543945,-1.181762933731079,6,False,2,True,-2.971245527267456,0.9323957562446594,6,False,3,False,-2.7841877937316895,-1.033825397491455,6,False,3,False,-2.573312997817993,-2.387411117553711,2,True,2,True,1.956176996231079,1.5911357402801514
private,1705,4,Sad,V21_CORRECT_V22_WRONG,True,True,4,True,2,False,2.348869562149048,-1.2158598899841309,6,False,4,True,-2.7019615173339844,1.0495586395263672,6,False,4,True,-2.7927896976470947,0.8571858406066895,4,True,2,False,2.3367772102355957,-1.2589049339294434,6,False,4,True,-2.7292709350585938,1.0140480995178223,4,True,2,False,1.9078583717346191,-1.3242244720458984,4,True,2,False,2.3389124870300293,-2.450406789779663,4,True,3,False,1.5939630270004272,-1.5088609457015991
private,1706,5,Surprise,V22_CORRECT_V21_WRONG,True,True,0,False,0,False,-0.5446414947509766,-5.137137413024902,5,True,0,False,1.5987218618392944,-5.108718395233154,5,True,0,False,1.871110439300537,-5.102733612060547,0,False,0,False,-0.518161416053772,-5.1309709548950195,5,True,0,False,1.7103004455566406,-5.107291221618652,0,False,0,False,-0.9036014080047607,-5.116908073425293,0,False,0,False,-0.20552539825439453,-4.604100227355957,6,False,0,False,-3.076141357421875,-4.7268757820129395
private,1710,6,Neutral,V22_CORRECT_V21_WRONG,True,True,0,False,0,False,-4.594216346740723,-5.2929277420043945,6,True,0,False,1.5057140588760376,-3.272265672683716,6,True,0,False,1.4481793642044067,-3.159330368041992,0,False,0,False,-4.578341007232666,-5.303797721862793,6,True,0,False,1.5119999647140503,-3.2779486179351807,0,False,0,False,-4.518872261047363,-5.303931713104248,0,False,0,False,-4.587151527404785,-5.158276557922363,0,False,0,False,-5.59802770614624,-2.536773443222046
private,1721,3,Happy,V22_CORRECT_V21_WRONG,True,True,4,False,4,False,-4.998717784881592,-1.9731113910675049,3,True,4,False,3.2728395462036133,-4.684322357177734,3,True,4,False,3.3005008697509766,-4.661302089691162,4,False,4,False,-4.967722415924072,-1.759179711341858,3,True,4,False,3.206594705581665,-4.6738057136535645,4,False,4,False,-4.9624433517456055,-1.6567991971969604,4,False,4,False,-5.085485935211182,-1.927820086479187,2,False,3,True,-3.7849810123443604,4.853846073150635
private,1722,2,Fear,V22_CORRECT_V21_WRONG,True,True,0,False,0,False,-4.238309383392334,-2.6661629676818848,2,True,0,False,1.839725136756897,-0.5636729001998901,2,True,0,False,1.002065896987915,-0.452786922454834,0,False,0,False,-4.265751838684082,-2.6366214752197266,2,True,0,False,1.602717399597168,-0.5137203931808472,0,False,0,False,-3.9088480472564697,-2.6847634315490723,0,False,0,False,-4.272969722747803,-1.8920601606369019,2,True,2,True,1.1409614086151123,1.8496742248535156
private,1730,0,Angry,V21_CORRECT_V22_WRONG,True,True,4,False,0,True,-3.9985804557800293,4.670093059539795,4,False,0,True,-1.0664887428283691,4.500605583190918,4,False,0,True,-1.113369107246399,4.483285903930664,4,False,0,True,-3.99932861328125,4.652714729309082,4,False,0,True,-1.1684534549713135,4.480321884155273,4,False,0,True,-4.262418746948242,4.6455183029174805,4,False,0,True,-4.680028438568115,4.62625789642334,4,False,0,True,-5.438156604766846,1.2987116575241089
private,1734,4,Sad,V21_CORRECT_V22_WRONG,True,True,6,False,2,False,-4.269198894500732,-1.8377010822296143,6,False,4,True,-1.4359288215637207,3.7673423290252686,6,False,4,True,-1.957254409790039,3.77215576171875,6,False,2,False,-4.242219924926758,-1.8198586702346802,6,False,4,True,-1.581511378288269,3.787757635116577,6,False,2,False,-4.300076007843018,-1.739995002746582,6,False,2,False,-4.397229194641113,-1.7438123226165771,4,True,2,False,0.519660234451294,-0.07955300807952881
private,1737,3,Happy,V22_CORRECT_V21_WRONG,True,True,3,True,4,False,2.279348373413086,-3.7390806674957275,3,True,6,False,4.104893207550049,-3.3186092376708984,3,True,6,False,4.185177803039551,-3.3692824840545654,3,True,4,False,2.35973858833313,-3.7442338466644287,3,True,6,False,4.100747108459473,-3.37978458404541,3,True,4,False,1.7630054950714111,-3.666865110397339,3,True,4,False,1.0214580297470093,-2.9540066719055176,3,True,3,True,4.293464183807373,0.24904155731201172
private,1746,3,Happy,V21_CORRECT_V22_WRONG,True,True,6,False,3,True,-2.5693557262420654,4.438153266906738,6,False,3,True,-1.5376152992248535,0.15655601024627686,6,False,3,True,-0.8706189393997192,0.09594178199768066,6,False,3,True,-2.6341729164123535,4.4350996017456055,6,False,3,True,-1.3517308235168457,0.14746296405792236,6,False,3,True,-2.7806875705718994,4.451877117156982,6,False,3,True,-3.1617307662963867,4.225897312164307,3,True,3,True,0.8981679677963257,4.643063068389893
private,1769,4,Sad,V21_CORRECT_V22_WRONG,True,True,4,True,4,True,3.1408841609954834,2.9512836933135986,6,False,4,True,-1.9695689678192139,3.4769937992095947,6,False,4,True,-1.5303080081939697,3.388230800628662,4,True,4,True,3.2219977378845215,2.875894069671631,6,False,4,True,-1.8975857496261597,3.450857162475586,4,True,4,True,3.215233564376831,2.868215799331665,4,True,4,True,3.1515419483184814,3.1747360229492188,4,True,6,False,1.0086995363235474,-0.25771307945251465
private,1771,0,Angry,V21_CORRECT_V22_WRONG,True,True,4,False,0,True,-4.230335235595703,1.9215352535247803,4,False,0,True,-3.2990643978118896,0.6736795902252197,4,False,0,True,-3.2908096313476562,0.7707967758178711,4,False,0,True,-4.231289386749268,1.91336190700531,4,False,0,True,-3.205061912536621,0.7260496616363525,4,False,0,True,-4.127161979675293,1.9312653541564941,4,False,0,True,-4.557196617126465,1.8444244861602783,1,False,0,True,-2.9797348976135254,3.016064167022705
private,1775,1,Disgust,V22_CORRECT_V21_WRONG,True,True,0,False,4,False,-4.987274646759033,-2.4429585933685303,1,True,0,False,2.535667657852173,-2.8477189540863037,1,True,0,False,2.337571620941162,-2.8268561363220215,0,False,4,False,-4.989486217498779,-2.464026927947998,1,True,0,False,2.299647569656372,-2.969287872314453,0,False,4,False,-4.969937324523926,-2.6519250869750977,0,False,4,False,-4.980886459350586,-3.488290548324585,4,False,4,False,-4.161044120788574,-3.917407512664795
private,1776,2,Fear,V22_CORRECT_V21_WRONG,True,True,4,False,6,False,-0.24612021446228027,-3.5897164344787598,2,True,4,False,0.9854574799537659,-0.962061882019043,2,True,4,False,0.9124482274055481,-0.8997483253479004,4,False,6,False,-0.1062920093536377,-3.612238645553589,2,True,4,False,1.0143630504608154,-0.9772539138793945,4,False,6,False,-0.005527496337890625,-3.58762788772583,2,True,6,False,0.05639052391052246,-3.556136131286621,2,True,6,False,2.7387638092041016,-3.596724271774292
private,1778,4,Sad,V21_CORRECT_V22_WRONG,True,True,2,False,0,False,-2.6397647857666016,-1.3157373666763306,2,False,4,True,-0.7977590560913086,1.7159078121185303,2,False,4,True,-1.0261274576187134,1.7572687864303589,2,False,0,False,-2.6840336322784424,-1.3333373069763184,2,False,4,True,-0.8053292036056519,1.7010626792907715,2,False,0,False,-2.6415319442749023,-1.0977680683135986,2,False,0,False,-2.431992769241333,-2.6111526489257812,6,False,2,False,-1.6322569847106934,-1.0794011354446411
private,1784,3,Happy,V21_CORRECT_V22_WRONG,True,True,3,True,3,True,3.256258010864258,3.961298704147339,6,False,3,True,-0.8774961233139038,4.484908580780029,6,False,3,True,-1.0115110874176025,4.479437351226807,3,True,3,True,3.2361536026000977,3.948777198791504,6,False,3,True,-0.7850712537765503,4.483780384063721,3,True,3,True,3.4816763401031494,3.9553136825561523,3,True,3,True,3.5125725269317627,3.0759103298187256,6,False,3,True,-1.2463058233261108,3.9588894844055176
private,1791,4,Sad,V22_CORRECT_V21_WRONG,True,True,2,False,0,False,-4.609302520751953,-4.415059566497803,4,True,0,False,0.0328441858291626,-4.0984721183776855,4,True,0,False,0.35254967212677,-4.099397659301758,2,False,0,False,-4.579667091369629,-4.417727947235107,4,True,0,False,0.1102672815322876,-4.0828704833984375,2,False,0,False,-4.653728008270264,-4.379620552062988,2,False,0,False,-4.850460529327393,-4.5912885665893555,2,False,4,True,-4.069868087768555,0.06718993186950684
private,1792,4,Sad,V22_CORRECT_V21_WRONG,True,True,2,False,3,False,-0.7997594475746155,-5.0148420333862305,4,True,3,False,2.071927309036255,-2.4808294773101807,4,True,3,False,2.1063737869262695,-2.406634569168091,2,False,3,False,-0.749563992023468,-5.0160932540893555,4,True,3,False,2.1186575889587402,-2.456460952758789,2,False,3,False,-0.8264346122741699,-5.015390396118164,0,False,3,False,-1.1478351354599,-4.993176460266113,0,False,3,False,-3.548652172088623,-4.668281078338623
private,1797,4,Sad,V21_CORRECT_V22_WRONG,True,True,4,True,4,True,0.3310995101928711,3.2946479320526123,2,False,4,True,-1.0542137622833252,1.598222017288208,2,False,4,True,-1.101898431777954,1.6816082000732422,4,True,4,True,0.23151326179504395,3.2997384071350098,2,False,4,True,-1.073136568069458,1.6411644220352173,4,True,4,True,0.32608258724212646,3.2185797691345215,4,True,4,True,1.8583800792694092,3.390679359436035,4,True,2,False,0.41965246200561523,-0.9852721691131592
private,1805,6,Neutral,V22_CORRECT_V21_WRONG,True,True,2,False,0,False,-2.5190811157226562,-4.15685510635376,6,True,0,False,1.9679014682769775,-2.4478378295898438,6,True,0,False,1.9143874645233154,-2.518385410308838,2,False,0,False,-2.5737550258636475,-4.157167434692383,6,True,0,False,1.8836959600448608,-2.4814367294311523,2,False,0,False,-2.5467464923858643,-4.070427417755127,4,False,2,False,-2.2308402061462402,-2.6534886360168457,2,False,0,False,-2.1660311222076416,-2.7276523113250732
private,1817,0,Angry,V21_CORRECT_V22_WRONG,True,True,4,False,0,True,-0.16640150547027588,1.716810703277588,2,False,0,True,-0.27740490436553955,0.10966122150421143,2,False,0,True,-0.2680240869522095,0.15251827239990234,4,False,0,True,-0.3059108257293701,1.718563437461853,2,False,0,True,-0.2756009101867676,0.08466458320617676,4,False,0,True,-0.36827754974365234,1.8007735013961792,0,True,0,True,0.47057127952575684,0.9319857358932495,4,False,2,False,-2.2759928703308105,-2.0462687015533447
private,1819,2,Fear,V21_CORRECT_V22_WRONG,True,True,2,True,6,False,4.655761241912842,-2.7509233951568604,6,False,2,True,-0.36799848079681396,1.3416385650634766,6,False,2,True,-0.8878240585327148,1.2256513833999634,2,True,6,False,4.636800765991211,-2.7363123893737793,6,False,2,True,-0.3380388021469116,1.321902871131897,2,True,6,False,4.5904645919799805,-2.5712270736694336,2,True,6,False,4.628061294555664,-2.3423116207122803,2,True,6,False,2.847076416015625,-3.1528360843658447
private,1822,2,Fear,V22_CORRECT_V21_WRONG,True,True,4,False,4,False,-0.49610793590545654,-3.698225498199463,2,True,4,False,3.0121607780456543,-1.55509614944458,2,True,4,False,3.0995073318481445,-1.69366455078125,4,False,4,False,-0.5439549684524536,-3.6698665618896484,2,True,4,False,3.0339698791503906,-1.5608634948730469,4,False,4,False,-0.6590538024902344,-3.5665414333343506,4,False,4,False,-0.6836206912994385,-3.1997575759887695,2,True,4,False,1.9496550559997559,-3.26366925239563
private,1831,3,Happy,V22_CORRECT_V21_WRONG,True,True,2,False,1,False,-3.469655990600586,-4.598735809326172,3,True,0,False,0.9676526784896851,-3.232936382293701,3,True,0,False,1.0328924655914307,-3.102079391479492,2,False,1,False,-3.3274502754211426,-4.573935508728027,3,True,0,False,1.1123005151748657,-3.2450320720672607,2,False,1,False,-3.017047882080078,-4.562770843505859,3,True,1,False,0.7804713249206543,-4.325098037719727,3,True,4,False,3.4415948390960693,-2.388871669769287
private,1839,4,Sad,V21_CORRECT_V22_WRONG,True,True,2,False,2,False,-1.2268702983856201,-2.1247785091400146,0,False,4,True,-2.31878924369812,0.28112149238586426,0,False,4,True,-2.3125557899475098,0.19570708274841309,2,False,2,False,-1.2217845916748047,-2.1899008750915527,0,False,4,True,-2.3102011680603027,0.2700979709625244,2,False,2,False,-1.1896965503692627,-2.158957004547119,2,False,2,False,-0.3656160831451416,-1.8708510398864746,2,False,2,False,-3.4316086769104004,-1.5275967121124268
private,1844,0,Angry,V22_CORRECT_V21_WRONG,True,True,4,False,4,False,-3.3546738624572754,-4.594310283660889,0,True,4,False,0.7721126079559326,-1.6140625476837158,0,True,4,False,0.7527509927749634,-1.5113790035247803,4,False,4,False,-3.239927053451538,-4.653007984161377,0,True,4,False,0.7943475246429443,-1.4931150674819946,4,False,4,False,-3.236424446105957,-4.631112098693848,4,False,4,False,-4.402579307556152,-4.057033538818359,4,False,0,True,-5.2946929931640625,1.0643141269683838
private,1849,6,Neutral,V22_CORRECT_V21_WRONG,True,True,6,True,3,False,3.94183611869812,-2.2116341590881348,6,True,3,False,3.8269731998443604,-0.48758864402770996,6,True,3,False,3.8339998722076416,-0.2992668151855469,6,True,3,False,3.9060165882110596,-2.2130842208862305,6,True,3,False,3.8303284645080566,-0.46422505378723145,6,True,3,False,3.828500270843506,-2.4280261993408203,6,True,3,False,3.9084818363189697,-2.1743297576904297,3,False,3,False,-2.149486780166626,-4.388176441192627
private,1853,0,Angry,V21_CORRECT_V22_WRONG,True,True,2,False,0,True,-1.0745267868041992,2.861729383468628,2,False,0,True,-3.791504383087158,1.9156694412231445,2,False,0,True,-3.7481141090393066,1.7827420234680176,2,False,0,True,-1.2477588653564453,2.8469831943511963,2,False,0,True,-3.781318426132202,1.9863331317901611,2,False,0,True,-1.358904480934143,2.95719313621521,2,False,0,True,-1.542831301689148,2.9029431343078613,2,False,0,True,-0.6999005079269409,1.6088485717773438
private,1866,4,Sad,V22_CORRECT_V21_WRONG,True,True,2,False,6,False,-5.7466559410095215,-1.2319324016571045,4,True,2,False,0.641690731048584,-2.5024046897888184,2,False,2,False,-0.09376287460327148,-2.5154521465301514,2,False,6,False,-5.757330894470215,-1.2279694080352783,4,True,2,False,0.4910762310028076,-2.4885268211364746,2,False,2,False,-5.751348972320557,-1.0508253574371338,2,False,2,False,-5.591078758239746,-1.2121176719665527,2,False,2,False,-2.89060115814209,-1.721268653869629
private,1890,3,Happy,V21_CORRECT_V22_WRONG,True,True,3,True,0,False,1.3016624450683594,-0.650801956653595,0,False,3,True,-3.418917655944824,3.2364442348480225,0,False,3,True,-3.0603647232055664,3.291043996810913,3,True,0,False,0.7662585973739624,-0.6662521958351135,0,False,3,True,-3.271306276321411,3.262516736984253,3,True,0,False,0.8746645450592041,-0.42507708072662354,3,True,0,False,1.7719392776489258,-1.519411563873291,3,True,6,False,4.451351642608643,-3.1699676513671875
private,1894,4,Sad,V21_CORRECT_V22_WRONG,True,True,4,True,2,False,2.2217159271240234,-3.2245352268218994,2,False,4,True,-2.643707275390625,2.10469126701355,2,False,4,True,-2.577512264251709,1.9716787338256836,4,True,2,False,2.3466131687164307,-3.1785292625427246,2,False,4,True,-2.7493109703063965,2.1292049884796143,4,True,2,False,2.640994071960449,-3.0880367755889893,4,True,2,False,0.9961049556732178,-3.6190719604492188,0,False,0,False,-1.7155258655548096,-1.869692087173462
private,1905,3,Happy,V21_CORRECT_V22_WRONG,True,True,3,True,0,False,4.560292720794678,-2.8202462196350098,0,False,3,True,-3.1436314582824707,1.8317748308181763,0,False,3,True,-2.8085834980010986,1.8092055320739746,3,True,0,False,4.544562816619873,-2.7190117835998535,0,False,3,True,-3.1925899982452393,1.9346168041229248,3,True,0,False,4.497885704040527,-2.7811472415924072,3,True,0,False,4.531685829162598,-2.465114116668701,3,True,3,True,4.737244129180908,2.596592426300049
private,1908,3,Happy,V21_CORRECT_V22_WRONG,True,True,2,False,3,True,-4.163394451141357,4.145366668701172,6,False,3,True,-1.326698660850525,4.12263298034668,6,False,3,True,-1.3030121326446533,4.039390563964844,2,False,3,True,-4.075995445251465,4.1291890144348145,6,False,3,True,-1.2497639656066895,4.119574546813965,2,False,3,True,-4.072973251342773,4.1849846839904785,2,False,3,True,-4.49846076965332,4.09721565246582,6,False,3,True,-3.2616944313049316,4.1836371421813965
private,1919,2,Fear,V22_CORRECT_V21_WRONG,True,True,2,True,0,False,0.39697444438934326,-3.288054943084717,2,True,0,False,1.0386004447937012,-2.930488348007202,2,True,0,False,1.0397201776504517,-2.9936323165893555,2,True,0,False,0.3102771043777466,-3.2744245529174805,2,True,0,False,0.8338068723678589,-2.8918659687042236,0,False,0,False,-0.39193153381347656,-3.116321325302124,2,True,0,False,1.3372552394866943,-2.7745277881622314,0,False,0,False,-4.4599432945251465,-1.4514780044555664
private,1926,4,Sad,V22_CORRECT_V21_WRONG,True,True,6,False,4,True,-1.6222463846206665,1.4325801134109497,4,True,6,False,2.0308547019958496,-1.2226622104644775,4,True,6,False,2.0036134719848633,-1.2020604610443115,6,False,4,True,-1.4820835590362549,1.4422396421432495,4,True,6,False,2.00455904006958,-1.1881237030029297,6,False,4,True,-1.7644180059432983,1.425333023071289,6,False,4,True,-0.7556066513061523,1.2446215152740479,6,False,6,False,-1.4556798934936523,-2.5563230514526367
private,1929,5,Surprise,V22_CORRECT_V21_WRONG,True,True,0,False,3,False,-0.09859585762023926,-2.9999840259552,5,True,0,False,4.078042030334473,-3.0107569694519043,5,True,0,False,4.147713661193848,-3.0660769939422607,0,False,6,False,-0.16640377044677734,-2.99703049659729,5,True,0,False,4.078979969024658,-2.9992215633392334,0,False,6,False,-0.3095966577529907,-2.9531075954437256,0,False,6,False,-2.300248146057129,-3.135408878326416,6,False,6,False,-0.22825932502746582,-4.369189262390137
private,1931,5,Surprise,V22_CORRECT_V21_WRONG,True,True,2,False,2,False,-4.967899322509766,-5.258099555969238,5,True,2,False,2.1679625511169434,-2.505927085876465,5,True,2,False,1.7423795461654663,-2.8114211559295654,2,False,2,False,-4.963769435882568,-5.203728675842285,5,True,2,False,2.115844964981079,-2.472843647003174,2,False,2,False,-5.005735397338867,-5.264909744262695,2,False,2,False,-4.812526702880859,-5.285236358642578,2,False,2,False,-4.722752094268799,-4.070754051208496
private,1938,2,Fear,V21_CORRECT_V22_WRONG,True,True,0,False,0,False,-0.609161376953125,-2.851525068283081,0,False,2,True,-0.6676548719406128,0.1095438003540039,0,False,2,True,-0.6237859725952148,0.07961845397949219,0,False,0,False,-0.6597915887832642,-2.8434433937072754,0,False,2,True,-0.6941852569580078,0.09559035301208496,0,False,0,False,-0.6817196607589722,-2.7961251735687256,0,False,0,False,-0.3881610631942749,-2.942042827606201,3,False,0,False,-4.801459789276123,-0.9615383148193359
private,1942,0,Angry,V22_CORRECT_V21_WRONG,True,True,0,True,2,False,1.550827145576477,-0.8984656929969788,0,True,2,False,1.318021535873413,-2.696408987045288,0,True,2,False,1.039259910583496,-2.652326822280884,0,True,2,False,1.273280382156372,-0.8738589286804199,0,True,2,False,1.2332953214645386,-2.6816956996917725,0,True,2,False,1.6077065467834473,-0.8377154469490051,0,True,2,False,1.3403455018997192,-0.9182794094085693,6,False,2,False,-5.36297082901001,-2.0932207107543945
private,1943,2,Fear,V22_CORRECT_V21_WRONG,True,True,2,True,4,False,3.9507861137390137,-1.5958489179611206,2,True,4,False,3.363211154937744,-0.5689187049865723,2,True,4,False,2.9190890789031982,-0.5875265598297119,2,True,4,False,3.9612364768981934,-1.633126139640808,2,True,4,False,3.2735793590545654,-0.5209438800811768,2,True,4,False,4.003890514373779,-1.453016996383667,2,True,4,False,3.526538848876953,-1.464013934135437,2,True,2,True,2.9819998741149902,0.029845476150512695
private,1944,4,Sad,V22_CORRECT_V21_WRONG,True,True,4,True,6,False,2.7972185611724854,-1.437450647354126,4,True,6,False,2.2003326416015625,-0.512275218963623,4,True,6,False,2.2715330123901367,-0.43479883670806885,4,True,6,False,2.8916690349578857,-1.4957380294799805,4,True,6,False,2.2735414505004883,-0.4837052822113037,4,True,6,False,2.723660945892334,-1.4551252126693726,4,True,6,False,2.5954675674438477,-0.8644046783447266,2,False,3,False,-1.4484094381332397,-2.8533616065979004
private,1948,4,Sad,V22_CORRECT_V21_WRONG,True,True,4,True,0,False,1.9240986108779907,-3.1249475479125977,4,True,0,False,1.179806113243103,-2.848369598388672,4,True,0,False,1.4751380681991577,-2.772130012512207,4,True,0,False,1.8542978763580322,-3.0876219272613525,4,True,0,False,1.427584171295166,-2.8055801391601562,4,True,0,False,1.9492030143737793,-3.1213936805725098,4,True,0,False,1.9836583137512207,-2.9181790351867676,0,False,3,False,-4.476983070373535,-2.579347610473633
private,1951,2,Fear,V21_CORRECT_V22_WRONG,True,True,2,True,0,False,1.7776291370391846,-1.7841112613677979,0,False,2,True,-2.0718910694122314,2.880471706390381,0,False,2,True,-2.323183298110962,2.9286468029022217,2,True,0,False,1.847291350364685,-1.7474596500396729,0,False,2,True,-2.1031763553619385,2.8773672580718994,2,True,0,False,2.142188787460327,-1.6131901741027832,2,True,0,False,1.9363075494766235,-2.2701570987701416,3,False,0,False,-3.490450382232666,-2.225318670272827
private,1963,6,Neutral,V21_CORRECT_V22_WRONG,True,True,4,False,6,True,-2.3745973110198975,0.29629218578338623,6,True,6,True,0.2393181324005127,0.9607255458831787,0,False,6,True,-0.43847930431365967,0.8611880540847778,4,False,6,True,-2.5149810314178467,0.332352876663208,6,True,6,True,0.12691736221313477,0.9878890514373779,4,False,6,True,-2.5107460021972656,0.3623234033584595,4,False,6,True,-3.2679483890533447,0.26197338104248047,4,False,6,True,-2.7387428283691406,0.32530760765075684
private,1980,6,Neutral,V21_CORRECT_V22_WRONG,True,True,6,True,3,False,0.6994107961654663,-4.809065341949463,3,False,6,True,-0.44301319122314453,0.5865063667297363,3,False,6,True,-0.8410375118255615,0.7286276817321777,6,True,3,False,0.7302128076553345,-4.813042640686035,3,False,6,True,-0.5169022083282471,0.5406696796417236,6,True,3,False,1.0112934112548828,-4.817241191864014,0,False,3,False,-1.186422348022461,-4.702333927154541,6,True,3,False,1.6795364618301392,-4.590538501739502
private,1984,3,Happy,V21_CORRECT_V22_WRONG,True,True,3,True,4,False,4.370523452758789,-4.9392290115356445,4,False,3,True,-5.298482418060303,4.574122905731201,4,False,3,True,-5.317487716674805,4.579362869262695,3,True,4,False,4.395185947418213,-4.943928241729736,4,False,3,True,-5.309678077697754,4.586965084075928,3,True,4,False,4.32327127456665,-4.921003341674805,3,True,4,False,0.4147456884384155,-4.953884124755859,3,True,3,True,4.757331371307373,4.265750408172607
private,1992,2,Fear,V22_CORRECT_V21_WRONG,True,True,2,True,1,False,3.057129383087158,-0.0823216438293457,2,True,1,False,3.792487144470215,-4.029247283935547,2,True,1,False,3.745500087738037,-4.075178623199463,2,True,1,False,3.164767026901245,-0.007355451583862305,2,True,1,False,3.7464828491210938,-3.9644100666046143,2,True,2,True,3.1433441638946533,0.25536906719207764,2,True,1,False,1.612837791442871,-0.115226149559021,2,True,2,True,4.007296562194824,1.0967965126037598
private,1994,6,Neutral,V22_CORRECT_V21_WRONG,True,True,2,False,0,False,-4.383522987365723,-1.4317864179611206,6,True,2,False,2.2791576385498047,-4.185535430908203,6,True,2,False,2.3043155670166016,-4.15387487411499,2,False,0,False,-4.404589653015137,-1.3565666675567627,6,True,2,False,2.1909120082855225,-4.174153804779053,2,False,0,False,-4.25041389465332,-1.2756762504577637,2,False,0,False,-4.327973365783691,-1.291102409362793,2,False,0,False,-4.963602542877197,-2.4741244316101074
private,1996,3,Happy,V22_CORRECT_V21_WRONG,True,True,3,True,3,True,2.2776126861572266,0.5746811628341675,3,True,0,False,3.482795476913452,-2.7391252517700195,3,True,0,False,3.49959397315979,-2.736158609390259,3,True,3,True,2.3201913833618164,0.6839969158172607,3,True,0,False,3.4320011138916016,-2.7056355476379395,3,True,3,True,2.2867770195007324,0.6364530324935913,3,True,0,False,1.3961222171783447,-1.5533136129379272,5,False,3,True,-0.5045843124389648,4.274176120758057
private,2001,6,Neutral,V22_CORRECT_V21_WRONG,True,True,4,False,1,False,-4.4520182609558105,-3.305161237716675,6,True,4,False,2.9496641159057617,-0.9213431477546692,6,True,4,False,2.9048218727111816,-1.1171133518218994,4,False,1,False,-4.536858081817627,-3.163163185119629,6,True,4,False,2.856719970703125,-0.8427512049674988,4,False,1,False,-4.4728169441223145,-3.160043954849243,4,False,2,False,-4.838888168334961,-1.9242621660232544,4,False,4,False,-4.744056701660156,-3.754836082458496
private,2012,2,Fear,V22_CORRECT_V21_WRONG,True,True,1,False,2,True,-1.6639761924743652,2.6747446060180664,2,True,0,False,1.596142292022705,-3.206163167953491,2,True,0,False,1.8159246444702148,-2.7252774238586426,0,False,2,True,-1.5598487854003906,2.568758726119995,2,True,0,False,1.6480047702789307,-3.145498275756836,1,False,2,True,-1.2715531587600708,2.546269416809082,1,False,2,True,-3.4430091381073,2.109795093536377,2,True,6,False,0.16464149951934814,-0.41938090324401855
private,2016,4,Sad,V22_CORRECT_V21_WRONG,True,True,2,False,4,True,-4.844692230224609,0.16956567764282227,4,True,2,False,1.7113538980484009,-2.666599988937378,4,True,2,False,2.184372901916504,-2.610142946243286,2,False,4,True,-4.83202600479126,0.26113247871398926,4,True,2,False,1.7204208374023438,-2.642301559448242,2,False,4,True,-4.801126480102539,0.29085588455200195,2,False,4,True,-4.464537143707275,0.2867429256439209,2,False,2,False,-3.909966468811035,-1.979399561882019
private,2021,4,Sad,V22_CORRECT_V21_WRONG,True,True,2,False,4,True,-0.4131755828857422,2.2792890071868896,4,True,2,False,0.21735930442810059,-0.5241529941558838,4,True,2,False,0.09344696998596191,-0.5088663101196289,2,False,4,True,-0.46166276931762695,2.3072495460510254,4,True,2,False,0.14565682411193848,-0.509508490562439,2,False,4,True,-0.36691999435424805,2.396470785140991,2,False,4,True,-0.004292964935302734,2.4591426849365234,2,False,4,True,-1.1271060705184937,3.7527239322662354
private,2024,6,Neutral,V22_CORRECT_V21_WRONG,True,True,6,True,4,False,4.227555274963379,-2.1524980068206787,6,True,4,False,2.7473018169403076,-4.148316860198975,6,True,4,False,2.7601218223571777,-4.1526079177856445,6,True,4,False,4.198263168334961,-2.0951037406921387,6,True,4,False,2.6989574432373047,-4.1183881759643555,6,True,4,False,4.166194438934326,-1.931602954864502,6,True,6,True,3.906338930130005,0.0049741268157958984,4,False,3,False,-3.6971662044525146,-1.419356107711792
private,2026,6,Neutral,V21_CORRECT_V22_WRONG,True,True,0,False,0,False,-4.13186502456665,-3.601748466491699,0,False,6,True,-5.443622589111328,3.125117063522339,0,False,6,True,-5.446335792541504,3.1419479846954346,0,False,0,False,-4.067472457885742,-3.545881986618042,0,False,6,True,-5.429867267608643,3.1311817169189453,0,False,0,False,-4.14961576461792,-3.674724578857422,0,False,0,False,-4.278538227081299,-3.3641750812530518,0,False,0,False,-4.601839065551758,-2.3991289138793945
private,2029,2,Fear,V21_CORRECT_V22_WRONG,True,True,2,True,4,False,2.817918300628662,-0.25867486000061035,6,False,2,True,-1.7703185081481934,2.596367597579956,6,False,2,True,-1.659926176071167,2.456231117248535,2,True,4,False,2.784724235534668,-0.2780952453613281,6,False,2,True,-1.7869824171066284,2.52694034576416,2,True,4,False,3.1327497959136963,-0.3361334800720215,2,True,4,False,3.8769984245300293,-0.09455299377441406,6,False,4,False,-2.2582437992095947,-1.9126904010772705
private,2043,4,Sad,V21_CORRECT_V22_WRONG,True,True,4,True,4,True,4.319698333740234,2.813890218734741,6,False,4,True,-1.9841312170028687,0.05813431739807129,6,False,4,True,-2.234128952026367,0.03369307518005371,4,True,4,True,4.382920742034912,2.7597451210021973,6,False,4,True,-1.958561658859253,0.007733583450317383,4,True,4,True,4.1885199546813965,2.771312952041626,4,True,4,True,3.9557478427886963,2.1416213512420654,6,False,4,True,-2.6491007804870605,1.429872751235962
private,2044,6,Neutral,V22_CORRECT_V21_WRONG,True,True,4,False,4,False,-2.5172150135040283,-2.014036178588867,6,True,2,False,3.038376569747925,-4.970429420471191,6,True,2,False,3.2039780616760254,-4.97039270401001,4,False,4,False,-2.2463061809539795,-2.0007376670837402,6,True,2,False,3.110867977142334,-4.973474502563477,4,False,4,False,-2.252019166946411,-1.960189938545227,4,False,4,False,-3.45993709564209,-1.4271330833435059,2,False,2,False,-5.666954040527344,-3.8486552238464355
private,2045,6,Neutral,V22_CORRECT_V21_WRONG,True,True,6,True,3,False,1.627630591392517,-4.602423667907715,6,True,3,False,3.412371873855591,-2.4439752101898193,6,True,3,False,3.2345190048217773,-2.2830417156219482,6,True,3,False,1.443923830986023,-4.6074981689453125,6,True,3,False,3.395662546157837,-2.5780487060546875,6,True,3,False,1.6747405529022217,-4.623959064483643,6,True,3,False,0.797476053237915,-4.530499458312988,6,True,3,False,1.809938669204712,-4.403267860412598
private,2048,6,Neutral,V22_CORRECT_V21_WRONG,True,True,3,False,3,False,-1.9043259620666504,-4.094424724578857,6,True,3,False,0.49282383918762207,-4.37123441696167,6,True,3,False,0.3513374328613281,-4.33529806137085,3,False,3,False,-1.9718546867370605,-4.104244709014893,6,True,3,False,0.3459746837615967,-4.367362976074219,3,False,3,False,-1.7164535522460938,-4.2205095291137695,3,False,3,False,-3.0048792362213135,-3.244959831237793,3,False,3,False,-4.404319763183594,-4.420974254608154
private,2073,2,Fear,V22_CORRECT_V21_WRONG,True,True,4,False,4,False,-0.7672700881958008,-0.49273955821990967,2,True,4,False,1.3915271759033203,-2.1031699180603027,2,True,4,False,1.4530024528503418,-1.9424080848693848,4,False,4,False,-0.8889278173446655,-0.5080150365829468,2,True,4,False,1.4521985054016113,-2.0790488719940186,4,False,4,False,-1.0462665557861328,-0.47017335891723633,4,False,4,False,-0.2961735725402832,-0.20950889587402344,6,False,4,False,-4.808140277862549,-2.8186428546905518
private,2078,2,Fear,V22_CORRECT_V21_WRONG,True,True,6,False,5,False,-4.261597633361816,-1.948018193244934,2,True,6,False,3.8193140029907227,-2.9697680473327637,2,True,6,False,3.4772331714630127,-3.023355484008789,6,False,5,False,-4.197960376739502,-1.9027302265167236,2,True,6,False,3.8779261112213135,-2.921999931335449,6,False,5,False,-4.3027849197387695,-1.9870237112045288,6,False,5,False,-3.2704436779022217,-0.8102933168411255,6,False,5,False,-5.244655609130859,-3.469022750854492
private,2092,4,Sad,V22_CORRECT_V21_WRONG,False,False,4,True,2,False,0.4281039237976074,-0.024561166763305664,4,True,2,False,0.5966249704360962,-1.1534799337387085,4,True,2,False,0.5035905838012695,-1.1631983518600464,4,True,4,True,0.5275402069091797,0.07105588912963867,4,True,2,False,0.47042202949523926,-1.130455732345581,4,True,4,True,0.09814023971557617,0.014910459518432617,2,False,2,False,-0.8922784328460693,-0.27652931213378906,2,False,4,True,-4.444455623626709,3.6972150802612305
private,2094,3,Happy,V22_CORRECT_V21_WRONG,True,True,3,True,2,False,3.209165334701538,-2.880511999130249,3,True,2,False,4.419353008270264,-4.224997520446777,3,True,2,False,4.446712017059326,-4.270516395568848,3,True,2,False,3.2388525009155273,-2.9250149726867676,3,True,2,False,4.438129425048828,-4.239640712738037,3,True,2,False,3.3262577056884766,-2.5678045749664307,3,True,2,False,3.29245924949646,-2.972018241882324,3,True,2,False,3.897958517074585,-2.116328716278076
private,2096,3,Happy,V22_CORRECT_V21_WRONG,True,True,3,True,3,True,1.6713125705718994,3.8437933921813965,3,True,6,False,3.8644206523895264,-3.692140579223633,3,True,6,False,3.7985897064208984,-3.7571349143981934,3,True,3,True,1.8598709106445312,3.78452467918396,3,True,6,False,3.843090057373047,-3.6797921657562256,3,True,3,True,1.094388723373413,3.87976336479187,3,True,3,True,0.8128519058227539,3.469088554382324,4,False,3,True,-1.8751351833343506,2.281224489212036
private,2100,0,Angry,V22_CORRECT_V21_WRONG,True,True,0,True,4,False,3.3534088134765625,-2.286284923553467,0,True,6,False,3.7306976318359375,-0.78533935546875,0,True,6,False,3.6129062175750732,-0.810483455657959,0,True,4,False,3.41115665435791,-2.2670037746429443,0,True,6,False,3.708664894104004,-0.804931640625,0,True,4,False,3.4320261478424072,-2.205127716064453,0,True,4,False,2.806271553039551,-2.576566457748413,0,True,4,False,4.037837028503418,-2.568376302719116
private,2128,6,Neutral,V21_CORRECT_V22_WRONG,True,True,6,True,3,False,3.166788101196289,-3.0532944202423096,4,False,6,True,-2.168966293334961,3.385634660720825,4,False,6,True,-2.1679916381835938,3.358107805252075,6,True,3,False,3.0654263496398926,-3.005582332611084,4,False,6,True,-2.257631778717041,3.349381923675537,6,True,3,False,2.8241705894470215,-2.9733245372772217,6,True,3,False,3.1775577068328857,-1.728289246559143,6,True,3,False,1.6199896335601807,-1.1720964908599854
private,2138,3,Happy,V21_CORRECT_V22_WRONG,True,True,2,False,3,True,-5.200913906097412,4.401289463043213,1,False,3,True,-0.7838238477706909,0.9094635248184204,1,False,3,True,-0.8891617059707642,0.5795431137084961,2,False,3,True,-5.17613410949707,4.405333518981934,1,False,3,True,-0.6039079427719116,0.8905762434005737,2,False,3,True,-5.197910308837891,4.412238121032715,2,False,3,True,-4.446101188659668,4.339930057525635,2,False,3,True,-4.437262058258057,1.1142370700836182
private,2140,4,Sad,V22_CORRECT_V21_WRONG,True,True,1,False,4,True,-3.4416487216949463,0.3215334415435791,4,True,0,False,3.779872417449951,-2.0876669883728027,4,True,0,False,3.773573875427246,-2.0612521171569824,1,False,4,True,-3.5610947608947754,0.3304860591888428,4,True,0,False,3.7362329959869385,-2.0636348724365234,1,False,4,True,-3.5233395099639893,0.3004746437072754,1,False,4,True,-2.7030646800994873,0.3177809715270996,4,True,4,True,1.8298430442810059,4.064925670623779
private,2146,4,Sad,V22_CORRECT_V21_WRONG,True,True,0,False,0,False,-3.8900389671325684,-1.4761900901794434,4,True,0,False,0.761627197265625,-4.1400675773620605,4,True,0,False,1.1377447843551636,-4.111681938171387,0,False,0,False,-3.9093594551086426,-1.6388047933578491,4,True,0,False,0.9094070196151733,-4.165480613708496,0,False,0,False,-4.070175647735596,-1.760017991065979,0,False,0,False,-3.1623711585998535,-3.2439382076263428,4,True,4,True,1.0166828632354736,3.1864261627197266
private,2149,3,Happy,V22_CORRECT_V21_WRONG,True,True,0,False,3,True,-4.2793450355529785,1.2493350505828857,3,True,0,False,4.07149076461792,-5.40934944152832,3,True,0,False,4.148284435272217,-5.354677200317383,0,False,3,True,-4.309340000152588,1.281219720840454,3,True,0,False,4.036349773406982,-5.389725685119629,0,False,3,True,-4.393039703369141,1.2052528858184814,0,False,0,False,-4.33250617980957,-0.9570621252059937,5,False,3,True,-1.1458203792572021,4.208723068237305
private,2150,0,Angry,V21_CORRECT_V22_WRONG,True,False,4,False,0,True,-4.692144393920898,0.3530799150466919,4,False,0,True,-4.6971235275268555,0.10703825950622559,4,False,0,True,-4.622518062591553,0.22418212890625,4,False,0,True,-4.622162818908691,0.36035847663879395,4,False,0,True,-4.648829936981201,0.15182232856750488,4,False,0,True,-4.46087646484375,0.30224108695983887,4,False,0,True,-4.954860687255859,1.1301175355911255,6,False,4,False,-4.007481098175049,-4.099753379821777
private,2169,0,Angry,V22_CORRECT_V21_WRONG,True,True,4,False,0,True,-4.151133060455322,2.105234384536743,0,True,4,False,2.1761741638183594,-0.6495316028594971,0,True,4,False,1.8917911052703857,-0.579972505569458,4,False,0,True,-4.133357524871826,2.140563488006592,0,True,4,False,2.1310641765594482,-0.6310592889785767,4,False,0,True,-4.021951198577881,2.115274667739868,4,False,0,True,-4.1191511154174805,1.9572206735610962,4,False,6,False,-2.795473575592041,-1.3426074981689453
private,2172,0,Angry,V21_CORRECT_V22_WRONG,True,True,0,True,3,False,1.1629297733306885,-4.25808572769165,3,False,0,True,-2.9790501594543457,1.7291481494903564,3,False,0,True,-2.6605277061462402,1.508237361907959,0,True,3,False,1.2903077602386475,-4.26019811630249,3,False,0,True,-2.9474966526031494,1.7072079181671143,0,True,3,False,1.1327226161956787,-4.172891616821289,4,False,3,False,-0.3596367835998535,-3.984736442565918,0,True,3,False,3.25606369972229,-4.115668296813965
private,2179,4,Sad,V21_CORRECT_V22_WRONG,True,True,4,True,4,True,1.8995765447616577,1.0960630178451538,0,False,4,True,-0.8908171653747559,2.2465262413024902,0,False,4,True,-0.827264666557312,2.2164688110351562,4,True,4,True,1.8784960508346558,1.020198106765747,0,False,4,True,-0.7889292240142822,2.2239277362823486,4,True,4,True,1.8519936800003052,0.8903310298919678,4,True,4,True,1.4394893646240234,0.9713706970214844,0,False,0,False,-0.47417259216308594,-1.5096354484558105
private,2183,6,Neutral,V21_CORRECT_V22_WRONG,True,True,4,False,4,False,-1.614086627960205,-1.556767463684082,0,False,6,True,-1.792081356048584,3.698009967803955,4,False,6,True,-1.5788724422454834,3.69288969039917,4,False,4,False,-1.572858452796936,-1.58701753616333,0,False,6,True,-1.838334560394287,3.7147018909454346,4,False,4,False,-1.4620704650878906,-1.4877046346664429,4,False,4,False,-0.5767368078231812,-1.6534411907196045,6,True,6,True,4.876920700073242,3.553856134414673
private,2186,4,Sad,V22_CORRECT_V21_WRONG,True,True,4,True,0,False,3.095888614654541,-1.203601598739624,4,True,6,False,1.8831493854522705,-0.601953387260437,4,True,6,False,1.819082260131836,-0.6647323369979858,4,True,0,False,2.9898862838745117,-1.141845941543579,4,True,6,False,1.729689359664917,-0.6082655191421509,4,True,0,False,2.9258649349212646,-1.078674554824829,4,True,0,False,3.0987563133239746,-0.605867862701416,2,False,6,False,-2.9725418090820312,-2.3372156620025635
private,2190,6,Neutral,V21_CORRECT_V22_WRONG,True,True,4,False,0,False,-3.16274356842041,-1.9963231086730957,0,False,6,True,-3.137655019760132,1.9321084022521973,0,False,6,True,-3.120333671569824,1.8323067426681519,4,False,0,False,-3.2044825553894043,-1.9617055654525757,0,False,6,True,-3.2257843017578125,1.9494214057922363,4,False,0,False,-3.4739692211151123,-2.06387996673584,4,False,0,False,-4.156001091003418,-0.8258965015411377,2,False,6,True,-4.272019386291504,2.1628870964050293
private,2193,6,Neutral,V21_CORRECT_V22_WRONG,True,True,4,False,0,False,-2.2789647579193115,-1.193766474723816,4,False,6,True,-3.907822370529175,3.1856822967529297,4,False,6,True,-3.7564854621887207,3.091805934906006,4,False,0,False,-2.266160726547241,-1.1716344356536865,4,False,6,True,-3.9268102645874023,3.1719911098480225,4,False,0,False,-2.7347512245178223,-1.3913484811782837,4,False,0,False,-3.2545745372772217,-0.38251793384552,4,False,3,False,-3.7547690868377686,-1.625451922416687
private,2195,5,Surprise,V21_CORRECT_V22_WRONG,True,True,3,False,5,True,-4.687933921813965,1.4257259368896484,3,False,5,True,-1.19331693649292,1.5866632461547852,3,False,5,True,-1.385312795639038,1.8101346492767334,3,False,5,True,-4.695731163024902,1.6230840682983398,3,False,5,True,-1.2580513954162598,1.6029934883117676,3,False,5,True,-4.66261100769043,1.7496501207351685,3,False,5,True,-4.847593307495117,3.1101269721984863,3,False,5,True,-4.852265357971191,3.451322317123413
private,2196,2,Fear,V22_CORRECT_V21_WRONG,False,False,4,False,0,False,-1.119624137878418,-1.48292875289917,2,True,2,True,1.3421376943588257,0.10501766204833984,2,True,0,False,1.3064440488815308,-0.03452491760253906,4,False,0,False,-1.0801910161972046,-1.4753296375274658,2,True,2,True,1.345497727394104,0.0831148624420166,4,False,0,False,-1.2851009368896484,-1.389992117881775,0,False,0,False,-0.782905101776123,-1.5979046821594238,4,False,2,True,-1.7084017992019653,0.0800328254699707
private,2197,4,Sad,V22_CORRECT_V21_WRONG,True,True,2,False,0,False,-3.189488172531128,-4.406713485717773,4,True,2,False,1.5060365200042725,-5.543923377990723,4,True,2,False,1.166701316833496,-5.572551250457764,2,False,0,False,-3.0924346446990967,-4.400357246398926,4,True,2,False,1.4136745929718018,-5.543051719665527,2,False,0,False,-2.6099061965942383,-4.391935348510742,2,False,2,False,-2.773533821105957,-4.452983856201172,6,False,0,False,-1.0031983852386475,-4.4492950439453125
private,2198,5,Surprise,V21_CORRECT_V22_WRONG,True,True,5,True,5,True,2.05001163482666,4.1550164222717285,2,False,5,True,-3.737638235092163,1.9283777475357056,2,False,5,True,-3.6192665100097656,1.8823702335357666,5,True,5,True,2.025805711746216,4.1620635986328125,2,False,5,True,-3.7374989986419678,1.9370074272155762,5,True,5,True,1.7925167083740234,4.214276313781738,5,True,5,True,1.3614258766174316,3.7117927074432373,2,False,5,True,-1.371778964996338,0.6686258316040039
private,2207,1,Disgust,V21_CORRECT_V22_WRONG,True,False,0,False,1,True,-2.06190824508667,1.8086328506469727,0,False,1,True,-2.8007161617279053,2.1807868480682373,0,False,1,True,-2.4910144805908203,2.2440319061279297,0,False,1,True,-1.7617746591567993,1.8791871070861816,0,False,1,True,-2.770998477935791,2.208134651184082,0,False,1,True,-1.786420226097107,2.0911366939544678,0,False,1,True,-0.9751183390617371,2.3310675621032715,1,True,4,False,3.23185396194458,-4.547347068786621
private,2213,3,Happy,V21_CORRECT_V22_WRONG,True,True,3,True,3,True,4.550600528717041,4.466390609741211,6,False,3,True,-0.6440837383270264,3.0310328006744385,6,False,3,True,-0.12575435638427734,3.0507781505584717,3,True,3,True,4.549211502075195,4.4698309898376465,6,False,3,True,-0.6908876895904541,3.0395946502685547,3,True,3,True,4.55518102645874,4.46738338470459,3,True,3,True,4.6264495849609375,4.454055309295654,3,True,3,True,4.212399005889893,3.7865896224975586
private,2221,1,Disgust,V22_CORRECT_V21_WRONG,True,False,4,False,0,False,-5.400378227233887,-5.085551738739014,1,True,0,False,1.1857798099517822,-4.34339714050293,1,True,0,False,0.13094210624694824,-4.411614418029785,4,False,0,False,-5.409395217895508,-5.078481674194336,1,True,0,False,1.2711169719696045,-4.3517889976501465,4,False,0,False,-5.361220359802246,-5.090882301330566,4,False,0,False,-5.3636016845703125,-4.86002779006958,4,False,0,False,-5.3242034912109375,-3.8009495735168457
private,2232,6,Neutral,V22_CORRECT_V21_WRONG,True,True,0,False,3,False,-0.9725831747055054,-2.4281270503997803,6,True,0,False,1.0650728940963745,-1.9147162437438965,6,True,0,False,1.0369518995285034,-2.08944034576416,0,False,3,False,-0.9950716495513916,-2.5210089683532715,6,True,0,False,1.1727056503295898,-1.927383542060852,0,False,3,False,-1.05517578125,-2.322175979614258,0,False,3,False,-0.7778842449188232,-1.0932334661483765,0,False,2,False,-3.289283275604248,-0.45964351296424866
private,2233,3,Happy,V22_CORRECT_V21_WRONG,True,True,3,True,2,False,4.3130292892456055,-2.5481061935424805,3,True,5,False,0.4141566753387451,-2.2386162281036377,3,True,5,False,0.22447943687438965,-2.2648138999938965,3,True,2,False,4.289941310882568,-2.4569497108459473,3,True,5,False,0.32451295852661133,-2.193355083465576,3,True,2,False,4.3454694747924805,-2.6113576889038086,3,True,0,False,4.780888557434082,-2.8461318016052246,3,True,4,False,4.468518257141113,-4.678600311279297
private,2238,5,Surprise,V22_CORRECT_V21_WRONG,True,True,0,False,0,False,-1.9018266201019287,-2.4979920387268066,5,True,2,False,1.117574691772461,-0.8684637546539307,5,True,2,False,1.2873783111572266,-0.8630800247192383,0,False,0,False,-1.8624494075775146,-2.4680700302124023,5,True,2,False,1.075087547302246,-0.8845014572143555,0,False,0,False,-1.9163988828659058,-2.5126428604125977,0,False,0,False,-3.152334451675415,-2.874861478805542,2,False,2,False,-3.3016762733459473,-3.3220458030700684
private,2246,0,Angry,V21_CORRECT_V22_WRONG,True,True,2,False,0,True,-2.0969040393829346,0.46064305305480957,2,False,2,False,-3.101809501647949,-0.034247756004333496,2,False,2,False,-2.9158663749694824,-0.017985820770263672,2,False,0,True,-2.2164759635925293,0.40419673919677734,2,False,2,False,-2.9138588905334473,-0.10075163841247559,2,False,0,True,-2.125692367553711,0.2612483501434326,2,False,0,True,-3.6858866214752197,0.21309828758239746,2,False,0,True,-5.199504852294922,0.5289318561553955
private,2248,5,Surprise,V22_CORRECT_V21_WRONG,True,True,2,False,5,True,-3.2781734466552734,3.1528077125549316,5,True,2,False,1.9381356239318848,-0.8790154457092285,5,True,2,False,2.0800979137420654,-1.0781147480010986,2,False,5,True,-3.1993613243103027,3.146805763244629,5,True,2,False,1.9045872688293457,-0.9184353351593018,2,False,5,True,-3.5676815509796143,3.160266876220703,2,False,5,True,-3.2516210079193115,3.4290058612823486,5,True,5,True,2.1935973167419434,3.818136215209961
private,2249,4,Sad,V22_CORRECT_V21_WRONG,True,True,6,False,4,True,-4.769110679626465,1.2540597915649414,4,True,2,False,2.5357322692871094,-2.237870454788208,4,True,2,False,2.211711883544922,-2.174041986465454,6,False,4,True,-4.764997482299805,1.2787116765975952,4,True,2,False,2.3780453205108643,-2.2281124591827393,6,False,4,True,-4.819699764251709,1.1018147468566895,6,False,4,True,-4.745031356811523,0.8849372863769531,2,False,2,False,-3.2542967796325684,-2.4902281761169434
private,2260,6,Neutral,V22_CORRECT_V21_WRONG,True,True,3,False,6,True,-1.2462515830993652,0.9352118968963623,6,True,4,False,0.37120890617370605,-0.16042768955230713,6,True,4,False,0.04631352424621582,-0.03819596767425537,3,False,6,True,-1.3076672554016113,0.9842568635940552,6,True,4,False,0.32353997230529785,-0.12967288494110107,3,False,6,True,-1.6645350456237793,0.9577653408050537,5,False,6,True,-1.4813441038131714,2.5781145095825195,5,False,6,True,-3.4671292304992676,0.9681082963943481
private,2265,6,Neutral,V22_CORRECT_V21_WRONG,True,True,4,False,6,True,-2.825608730316162,2.3620638847351074,6,True,4,False,2.1420576572418213,-2.03928804397583,6,True,4,False,2.4443187713623047,-1.9072660207748413,4,False,6,True,-2.7822999954223633,2.4506454467773438,6,True,4,False,2.15625,-1.9788838624954224,4,False,6,True,-2.814491033554077,2.2332170009613037,4,False,6,True,-2.8657710552215576,3.3570730686187744,2,False,6,True,-3.5931220054626465,4.151137351989746
private,2272,6,Neutral,V21_CORRECT_V22_WRONG,True,True,4,False,4,False,-3.451910972595215,-1.9021904468536377,4,False,6,True,-0.5047099590301514,1.5981522798538208,4,False,6,True,-0.6448068618774414,1.3797378540039062,4,False,4,False,-3.4464473724365234,-1.8290693759918213,4,False,6,True,-0.5156373977661133,1.5903024673461914,4,False,4,False,-3.669110059738159,-1.6212574243545532,4,False,4,False,-2.936781644821167,-2.217907428741455,4,False,6,True,-2.7037782669067383,2.1641035079956055
private,2275,2,Fear,V21_CORRECT_V22_WRONG,True,True,2,True,5,False,3.6501567363739014,-2.755321979522705,5,False,2,True,-0.2830698490142822,3.198788642883301,5,False,2,True,-0.24785709381103516,3.223947286605835,2,True,5,False,3.6504268646240234,-2.745365619659424,5,False,2,True,-0.3815641403198242,3.2205066680908203,2,True,5,False,3.470597267150879,-2.6252760887145996,2,True,5,False,3.7691993713378906,-2.865880012512207,5,False,5,False,-4.174583435058594,-0.798825740814209
private,2277,4,Sad,V22_CORRECT_V21_WRONG,True,True,4,True,0,False,2.7705507278442383,-4.83460807800293,4,True,2,False,4.383021354675293,-2.8852524757385254,4,True,2,False,4.280603885650635,-3.1356208324432373,4,True,0,False,2.790807008743286,-4.849673271179199,4,True,2,False,4.376272201538086,-2.9222030639648438,4,True,0,False,2.8191275596618652,-4.748513698577881,4,True,0,False,3.2912380695343018,-4.632559776306152,6,False,0,False,-3.2775442600250244,-2.8247807025909424
private,2286,2,Fear,V22_CORRECT_V21_WRONG,True,True,2,True,4,False,2.073808193206787,-2.4957666397094727,2,True,2,True,3.155768394470215,0.04787564277648926,2,True,4,False,3.0669920444488525,-0.09355330467224121,2,True,4,False,2.093230962753296,-2.5163450241088867,2,True,2,True,3.1916370391845703,0.019835948944091797,2,True,4,False,2.2179341316223145,-2.410946846008301,2,True,4,False,0.9019880294799805,-3.316943883895874,2,True,4,False,2.552581548690796,-1.6240127086639404
private,2287,3,Happy,V21_CORRECT_V22_WRONG,True,True,3,True,3,True,0.42487430572509766,3.4208385944366455,0,False,3,True,-2.8372745513916016,4.6593852043151855,0,False,3,True,-2.1941285133361816,4.661367893218994,3,True,3,True,0.6928548812866211,3.359530448913574,0,False,3,True,-2.8212153911590576,4.662692070007324,3,True,3,True,0.05270695686340332,3.299478054046631,3,True,3,True,1.5281007289886475,3.5079550743103027,3,True,3,True,4.555692672729492,4.150569915771484
private,2288,6,Neutral,V22_CORRECT_V21_WRONG,True,True,2,False,0,False,-1.1701477766036987,-5.18632698059082,6,True,4,False,0.4081658124923706,-0.4693114757537842,6,True,4,False,0.21127831935882568,-0.7059546709060669,2,False,0,False,-1.3772127628326416,-5.170051574707031,6,True,4,False,0.32785725593566895,-0.4696037769317627,2,False,0,False,-1.0551891326904297,-5.241395473480225,2,False,0,False,-1.7227894067764282,-4.9885687828063965,2,False,0,False,-4.657374858856201,-1.995323657989502
private,2296,2,Fear,V22_CORRECT_V21_WRONG,True,True,3,False,0,False,-4.490329742431641,-2.343607187271118,2,True,0,False,3.628589391708374,-2.037590980529785,2,True,0,False,3.5467307567596436,-2.07761549949646,3,False,0,False,-4.440667629241943,-2.305351734161377,2,True,0,False,3.6593823432922363,-2.025606632232666,3,False,0,False,-4.527008056640625,-2.3527588844299316,3,False,0,False,-3.8470864295959473,-0.8818439841270447,3,False,4,False,-4.522742748260498,-3.540271282196045
private,2297,6,Neutral,V22_CORRECT_V21_WRONG,True,True,4,False,3,False,-3.730443000793457,-0.8102213144302368,6,True,4,False,1.4677656888961792,-0.6302134990692139,6,True,4,False,1.4901765584945679,-0.8141515254974365,4,False,3,False,-3.7709436416625977,-0.8262491226196289,6,True,4,False,1.192116379737854,-0.6172914505004883,4,False,3,False,-4.055248737335205,-0.8290799856185913,4,False,6,True,-3.8742122650146484,2.0222480297088623,4,False,6,True,-2.0133414268493652,0.6909008026123047
private,2307,4,Sad,V21_CORRECT_V22_WRONG,True,True,4,True,0,False,4.339271545410156,-1.7375723123550415,0,False,4,True,-0.9103384017944336,0.2999095916748047,0,False,4,True,-0.9914243221282959,0.19887661933898926,4,True,0,False,4.333996295928955,-1.7340080738067627,0,False,4,True,-0.9756977558135986,0.29566097259521484,4,True,0,False,4.274189472198486,-1.6132171154022217,4,True,0,False,4.551621437072754,-1.211401104927063,4,True,6,False,3.9017300605773926,-2.5323195457458496
private,2316,3,Happy,V21_CORRECT_V22_WRONG,True,True,0,False,3,True,-3.557745933532715,4.1129150390625,6,False,3,True,-1.3226649761199951,2.6082122325897217,6,False,3,True,-1.3147573471069336,2.5045459270477295,0,False,3,True,-3.610924243927002,4.113213062286377,6,False,3,True,-1.3535311222076416,2.604058027267456,0,False,3,True,-3.8673157691955566,4.154822826385498,0,False,3,True,-3.55123233795166,3.9688899517059326,0,False,3,True,-3.1548550128936768,3.526747465133667
private,2342,2,Fear,V22_CORRECT_V21_WRONG,True,True,2,True,4,False,2.9543447494506836,-0.4300791025161743,2,True,3,False,3.5194931030273438,-4.124317169189453,2,True,3,False,3.563796043395996,-4.111309051513672,2,True,4,False,2.894662380218506,-0.4781251847743988,2,True,3,False,3.532712459564209,-4.112130165100098,2,True,4,False,2.8001809120178223,-0.4151450991630554,2,True,2,True,3.4414875507354736,0.3234708309173584,2,True,3,False,4.604912757873535,-4.501830101013184
private,2343,2,Fear,V22_CORRECT_V21_WRONG,True,True,2,True,4,False,5.053820610046387,-1.9253795146942139,2,True,5,False,1.3932827711105347,-0.22747421264648438,2,True,5,False,1.317842721939087,-0.3295433521270752,2,True,4,False,5.037212371826172,-1.9097756147384644,2,True,5,False,1.3812236785888672,-0.2330186367034912,2,True,4,False,5.0410475730896,-1.9079009294509888,2,True,5,False,5.094444274902344,-1.5070581436157227,2,True,5,False,4.190904140472412,-2.6221296787261963
private,2362,2,Fear,V21_CORRECT_V22_WRONG,True,True,4,False,2,True,-4.291271209716797,1.3149195909500122,4,False,2,True,-4.066238880157471,2.919839859008789,4,False,2,True,-4.161942958831787,2.825977325439453,4,False,2,True,-4.186859607696533,1.2510443925857544,4,False,2,True,-4.046249866485596,2.904560089111328,4,False,2,True,-3.9626588821411133,1.1924688816070557,4,False,2,True,-3.3393216133117676,0.432262659072876,2,True,2,True,4.6721601486206055,2.1621127128601074
private,2379,4,Sad,V22_CORRECT_V21_WRONG,True,True,0,False,4,True,-1.8515156507492065,1.276224136352539,4,True,0,False,2.5098352432250977,-1.4250998497009277,4,True,0,False,2.6923322677612305,-1.5348031520843506,1,False,4,True,-1.702099323272705,1.2841461896896362,4,True,0,False,2.6099541187286377,-1.4337589740753174,1,False,4,True,-1.777779221534729,1.416654348373413,0,False,4,True,-0.7430203557014465,0.5744470357894897,0,False,4,True,-0.15951156616210938,2.588839292526245
private,2381,4,Sad,V21_CORRECT_V22_WRONG,True,True,4,True,2,False,1.4204424619674683,-0.8897917866706848,2,False,4,True,-0.6545170545578003,1.4918545484542847,2,False,4,True,-0.8926829099655151,1.3469315767288208,4,True,2,False,1.3580020666122437,-0.8756731748580933,2,False,4,True,-0.6909195184707642,1.4665374755859375,4,True,2,False,1.4179048538208008,-0.8413360118865967,4,True,4,True,2.193561315536499,0.11052727699279785,4,True,4,True,3.3208749294281006,0.7002493143081665
private,2385,3,Happy,V22_CORRECT_V21_WRONG,True,True,5,False,3,True,-3.279350519180298,2.588827610015869,3,True,5,False,4.083415985107422,-1.1840910911560059,3,True,5,False,4.079943656921387,-1.1052255630493164,5,False,3,True,-3.289280414581299,2.6256942749023438,3,True,5,False,4.082324028015137,-1.1811156272888184,5,False,3,True,-3.2417197227478027,2.5030879974365234,5,False,3,True,-3.544121265411377,2.4393153190612793,5,False,3,True,-3.1896660327911377,2.772719383239746
private,2388,0,Angry,V21_CORRECT_V22_WRONG,True,True,4,False,0,True,-4.696599960327148,3.836878776550293,4,False,0,True,-2.1520304679870605,4.4635233879089355,4,False,0,True,-2.241767644882202,4.502911567687988,4,False,0,True,-4.683284282684326,3.836456775665283,4,False,0,True,-2.1442322731018066,4.4800124168396,4,False,0,True,-4.537348747253418,3.80161190032959,4,False,0,True,-3.930874824523926,3.6099815368652344,4,False,3,False,-3.882108449935913,-1.3724353313446045
private,2390,3,Happy,V21_CORRECT_V22_WRONG,True,True,3,True,3,True,3.7978975772857666,3.583940029144287,5,False,3,True,-0.6529960632324219,0.6110951900482178,5,False,3,True,-0.3659524917602539,0.8575074672698975,3,True,3,True,3.807795763015747,3.5907623767852783,5,False,3,True,-0.6399383544921875,0.7206182479858398,3,True,3,True,3.805875778198242,3.493964910507202,3,True,3,True,4.257350444793701,2.909616231918335,3,True,3,True,3.4891934394836426,3.8982768058776855
private,2399,6,Neutral,V22_CORRECT_V21_WRONG,True,True,6,True,3,False,2.3299388885498047,-0.6372432708740234,6,True,2,False,2.0422911643981934,-3.0916175842285156,6,True,2,False,2.0947799682617188,-3.1721396446228027,6,True,3,False,2.2221970558166504,-0.6428729295730591,6,True,2,False,2.1902735233306885,-3.0321102142333984,6,True,3,False,2.135434627532959,-0.6816966533660889,6,True,3,False,2.451517343521118,-0.9440582990646362,6,True,4,False,1.1039999723434448,-3.7544398307800293
private,2415,2,Fear,V21_CORRECT_V22_WRONG,True,True,0,False,4,False,-4.661574363708496,-3.3315906524658203,0,False,2,True,-2.098461151123047,0.31715989112854004,0,False,2,True,-2.424438953399658,0.4176368713378906,0,False,4,False,-4.674618721008301,-3.3401098251342773,0,False,2,True,-2.0415685176849365,0.3083505630493164,0,False,4,False,-4.68921422958374,-3.265188217163086,0,False,4,False,-4.548845291137695,-3.5639421939849854,0,False,4,False,-1.8904399871826172,-4.7485527992248535
private,2424,5,Surprise,V22_CORRECT_V21_WRONG,True,True,2,False,4,False,-1.8153035640716553,-3.529864549636841,5,True,3,False,2.331373929977417,-0.7507176399230957,5,True,3,False,2.3679442405700684,-0.7377116680145264,2,False,4,False,-1.6815223693847656,-3.437582015991211,5,True,3,False,2.3263258934020996,-0.6408061981201172,2,False,4,False,-1.4354510307312012,-3.0467541217803955,2,False,4,False,-1.6707565784454346,-2.744004011154175,6,False,4,False,-4.756018161773682,-4.799810409545898
private,2425,2,Fear,V22_CORRECT_V21_WRONG,True,True,6,False,4,False,-2.55056095123291,-2.94657564163208,2,True,5,False,2.631772994995117,-0.11047351360321045,2,True,5,False,2.5406723022460938,-0.191228985786438,6,False,4,False,-2.4159529209136963,-2.9094295501708984,2,True,2,True,2.710355758666992,0.07206118106842041,6,False,4,False,-2.5537450313568115,-2.8587992191314697,6,False,4,False,-4.333252429962158,-2.9245316982269287,2,True,6,False,2.9460997581481934,-1.9239250421524048
private,2427,5,Surprise,V22_CORRECT_V21_WRONG,True,True,2,False,5,True,-0.5404503345489502,0.32767319679260254,5,True,2,False,4.067862510681152,-1.8861589431762695,5,True,2,False,3.995587110519409,-2.0104103088378906,2,False,5,True,-0.42660069465637207,0.25109004974365234,5,True,2,False,4.038039684295654,-1.905522108078003,2,False,5,True,-0.5077590942382812,0.33999180793762207,2,False,5,True,-0.16843032836914062,0.35789918899536133,5,True,0,False,1.2916696071624756,-3.4083104133605957
private,2428,4,Sad,V21_CORRECT_V22_WRONG,True,True,4,True,4,True,4.134166240692139,3.721850872039795,6,False,4,True,-2.564892053604126,2.5008230209350586,6,False,4,True,-2.56356143951416,2.857919931411743,4,True,4,True,4.12938117980957,3.6948227882385254,6,False,4,True,-2.580023765563965,2.496206045150757,4,True,4,True,4.094995021820068,3.621001720428467,4,True,4,True,4.2278265953063965,3.8060240745544434,4,True,4,True,4.070813179016113,3.613950729370117
private,2432,2,Fear,V21_CORRECT_V22_WRONG,True,True,4,False,3,False,-5.086634635925293,-0.08568751811981201,5,False,2,True,-2.8341383934020996,0.3597118854522705,5,False,2,True,-2.4826292991638184,0.3904283046722412,4,False,3,False,-5.022333145141602,-0.05213057994842529,5,False,2,True,-2.810962200164795,0.2713029384613037,4,False,3,False,-5.312335968017578,-0.17476260662078857,4,False,3,False,-5.128973007202148,-1.516946792602539,6,False,3,False,-6.461322784423828,-1.8616220951080322
private,2442,0,Angry,V21_CORRECT_V22_WRONG,True,True,4,False,4,False,-3.210413932800293,-1.6044740676879883,4,False,0,True,-2.9794139862060547,0.4773223400115967,4,False,0,True,-3.1297199726104736,0.47924327850341797,4,False,4,False,-3.234694480895996,-1.5649957656860352,4,False,0,True,-2.916131019592285,0.5142030715942383,4,False,4,False,-3.272789478302002,-1.7449170351028442,4,False,4,False,-3.379574775695801,-2.2310585975646973,4,False,4,False,-2.1692051887512207,-0.28359949588775635
private,2451,0,Angry,V21_CORRECT_V22_WRONG,True,True,2,False,0,True,-4.247764587402344,1.5204843282699585,2,False,0,True,-3.3588716983795166,0.30881762504577637,2,False,0,True,-3.5287392139434814,0.4934197664260864,2,False,0,True,-4.237765312194824,1.5362937450408936,2,False,0,True,-3.2553603649139404,0.34033751487731934,2,False,0,True,-4.2364678382873535,1.4352619647979736,2,False,0,True,-4.027135848999023,1.5200676918029785,2,False,0,True,-3.5923240184783936,0.8076930046081543
private,2454,6,Neutral,V21_CORRECT_V22_WRONG,True,True,4,False,4,False,-4.406538963317871,-4.239105701446533,4,False,6,True,-4.876692771911621,1.1131199598312378,4,False,6,True,-4.817358016967773,0.9502863883972168,4,False,4,False,-4.388027191162109,-4.286893367767334,4,False,6,True,-4.876502990722656,1.0764093399047852,4,False,4,False,-4.573372840881348,-4.306708335876465,4,False,4,False,-4.394806861877441,-3.4376492500305176,0,False,4,False,-1.7625960111618042,-4.619035243988037
private,2464,2,Fear,V22_CORRECT_V21_WRONG,True,True,2,True,4,False,1.8709261417388916,-3.611023426055908,2,True,4,False,3.5172150135040283,-3.9172253608703613,2,True,4,False,2.9765281677246094,-3.9694933891296387,2,True,4,False,1.911808967590332,-3.641356945037842,2,True,4,False,3.60739803314209,-3.996306896209717,2,True,4,False,2.388690233230591,-3.6514525413513184,2,True,4,False,2.0084726810455322,-3.9260213375091553,2,True,0,False,1.5237808227539062,-3.2876009941101074
private,2469,2,Fear,V21_CORRECT_V22_WRONG,True,True,5,False,5,False,-1.6293931007385254,-1.0921049118041992,5,False,2,True,-3.789402484893799,0.750617265701294,5,False,2,True,-3.67885160446167,0.8941020965576172,5,False,5,False,-1.7977805137634277,-1.1685513257980347,5,False,2,True,-3.7794342041015625,0.6952941417694092,5,False,5,False,-1.400484323501587,-1.3542733192443848,5,False,5,False,-0.25043559074401855,-2.681276321411133,5,False,2,True,-5.593069076538086,1.0885059833526611
private,2471,6,Neutral,V21_CORRECT_V22_WRONG,True,True,6,True,0,False,4.232934951782227,-2.3966140747070312,4,False,6,True,-2.2010796070098877,3.7708494663238525,4,False,6,True,-2.4080593585968018,3.746068000793457,6,True,0,False,4.278322219848633,-2.4144887924194336,4,False,6,True,-2.2001824378967285,3.7761194705963135,6,True,0,False,4.170316219329834,-2.4003889560699463,6,True,0,False,3.5876543521881104,-2.187699794769287,6,True,4,False,2.0420150756835938,-3.7569947242736816
private,2474,3,Happy,V22_CORRECT_V21_WRONG,True,True,3,True,3,True,2.0803165435791016,4.14046573638916,3,True,6,False,4.294201374053955,-0.6414415836334229,3,True,6,False,4.244596481323242,-0.7231550216674805,3,True,3,True,2.06905198097229,4.150634765625,3,True,6,False,4.289106369018555,-0.6354672908782959,3,True,3,True,1.8327826261520386,4.176690578460693,3,True,3,True,2.154135227203369,4.124176025390625,3,True,3,True,0.5800459384918213,4.614869117736816
private,2479,5,Surprise,V21_CORRECT_V22_WRONG,True,True,5,True,5,True,4.523914337158203,2.1522274017333984,2,False,5,True,-0.15583515167236328,3.5194201469421387,2,False,5,True,-0.2597625255584717,3.4598419666290283,5,True,5,True,4.528107166290283,2.131578207015991,2,False,5,True,-0.19104599952697754,3.497424364089966,5,True,5,True,4.52318811416626,2.211280345916748,5,True,5,True,4.4407429695129395,2.247282028198242,5,True,2,False,4.631949424743652,-0.3434774875640869
private,2484,4,Sad,V22_CORRECT_V21_WRONG,True,True,2,False,0,False,-5.348480701446533,-4.337453842163086,4,True,0,False,2.546612024307251,-3.5568299293518066,4,True,0,False,2.360159158706665,-3.6196298599243164,2,False,0,False,-5.39523458480835,-4.347993850708008,4,True,0,False,2.4904556274414062,-3.5757360458374023,2,False,0,False,-5.652830123901367,-4.2556867599487305,2,False,0,False,-5.473681926727295,-3.599561929702759,5,False,2,False,-5.771207332611084,-3.3262932300567627
private,2490,4,Sad,V22_CORRECT_V21_WRONG,True,True,4,True,4,True,0.33045846223831177,3.735503911972046,4,True,3,False,2.626345634460449,-4.706555366516113,4,True,3,False,2.2373080253601074,-4.76164436340332,4,True,4,True,0.2530246376991272,3.7872121334075928,4,True,3,False,2.475360870361328,-4.714409828186035,4,True,4,True,1.9807361364364624,3.81380295753479,4,True,4,True,0.6215258836746216,4.032334804534912,2,False,3,False,-4.456513404846191,-3.923748254776001
private,2491,4,Sad,V21_CORRECT_V22_WRONG,True,True,2,False,4,True,-0.9172258377075195,1.3347563743591309,2,False,4,True,-0.7831869125366211,1.2039737701416016,2,False,4,True,-0.7569842338562012,1.2656927108764648,2,False,4,True,-0.8929309844970703,1.1974505186080933,2,False,4,True,-0.7817994356155396,1.240959644317627,2,False,4,True,-0.24535441398620605,0.9962153434753418,4,True,4,True,0.48212361335754395,1.4512311220169067,4,True,0,False,2.3861656188964844,-0.0746607780456543
private,2521,3,Happy,V22_CORRECT_V21_WRONG,True,True,3,True,4,False,0.5942414999008179,-1.399283528327942,3,True,2,False,4.024795055389404,-0.21593040227890015,3,True,2,False,3.950672149658203,-0.17522674798965454,3,True,4,False,0.9354695081710815,-1.164148211479187,3,True,2,False,4.063059329986572,-0.1605929732322693,3,True,4,False,0.9518436193466187,-0.905659019947052,3,True,6,False,2.965616226196289,-1.6253087520599365,3,True,3,True,1.9710872173309326,1.4323551654815674
private,2525,4,Sad,V21_CORRECT_V22_WRONG,True,True,0,False,2,False,-3.578782320022583,-0.8802745342254639,2,False,4,True,-1.2355566024780273,1.3142006397247314,2,False,4,True,-2.35134220123291,1.3673977851867676,0,False,2,False,-3.482877492904663,-0.8314676284790039,2,False,4,True,-1.6272724866867065,1.3339803218841553,0,False,2,False,-2.8143646717071533,-0.8600571155548096,0,False,2,False,-2.8316092491149902,-1.2027113437652588,6,False,4,True,-4.0562744140625,1.9202067852020264
private,2532,0,Angry,V21_CORRECT_V22_WRONG,True,True,0,True,0,True,4.185965061187744,0.11714673042297363,4,False,0,True,-0.9872033596038818,0.3665515184402466,4,False,0,True,-0.9087194204330444,0.39358484745025635,0,True,0,True,4.214228630065918,0.15256738662719727,4,False,0,True,-1.0266400575637817,0.2943294048309326,0,True,3,False,3.9953575134277344,-0.009660005569458008,0,True,3,False,4.201067924499512,-0.23267412185668945,0,True,6,False,4.178509712219238,-3.2083308696746826
private,2533,6,Neutral,V21_CORRECT_V22_WRONG,True,True,4,False,0,False,-2.0666332244873047,-0.9289853572845459,2,False,6,True,-2.9885222911834717,2.2391819953918457,2,False,6,True,-3.058616876602173,2.350353479385376,4,False,0,False,-2.04750657081604,-0.8739315867424011,2,False,6,True,-3.0119290351867676,2.2646591663360596,4,False,0,False,-2.437972068786621,-0.699122965335846,4,False,2,False,-1.2636041641235352,-1.4833241701126099,0,False,0,False,-3.395695924758911,-2.7467041015625
private,2536,4,Sad,V22_CORRECT_V21_WRONG,True,True,2,False,2,False,-1.3076837062835693,-2.622523069381714,4,True,2,False,0.896863579750061,-3.1770248413085938,4,True,2,False,0.6352037191390991,-3.235619306564331,2,False,2,False,-1.3329334259033203,-2.5972604751586914,4,True,2,False,0.7968217134475708,-3.152440071105957,2,False,2,False,-0.9356799125671387,-2.561481475830078,4,True,2,False,0.9004732370376587,-2.0219473838806152,5,False,2,False,-1.3854976892471313,-1.3271281719207764
private,2540,4,Sad,V22_CORRECT_V21_WRONG,True,True,5,False,2,False,-1.8346433639526367,-0.23955023288726807,4,True,5,False,4.03015661239624,-1.1562074422836304,4,True,5,False,4.0780463218688965,-0.9018282890319824,5,False,2,False,-1.7988553047180176,-0.2653852701187134,4,True,5,False,4.054362773895264,-1.176893949508667,5,False,2,False,-1.5152342319488525,-0.086334228515625,5,False,5,False,-0.7559483051300049,-0.6101207733154297,5,False,4,True,-0.4182167649269104,1.582548975944519
private,2544,0,Angry,V22_CORRECT_V21_WRONG,True,True,4,False,4,False,-3.755038261413574,-1.4989535808563232,4,False,4,False,-0.24615848064422607,-3.35152006149292,4,False,4,False,-0.027547717094421387,-3.405489683151245,4,False,4,False,-3.7793095111846924,-1.5042665004730225,4,False,4,False,-0.2916454076766968,-3.3362793922424316,4,False,4,False,-3.8037147521972656,-1.4624890089035034,4,False,4,False,-3.7652511596679688,-0.7028028964996338,4,False,4,False,-3.0912606716156006,-1.8031010627746582
private,2553,6,Neutral,V21_CORRECT_V22_WRONG,True,True,6,True,0,False,1.177642822265625,-0.10825419425964355,0,False,6,True,-0.21319317817687988,3.823899745941162,0,False,6,True,-0.3210809826850891,3.8439319133758545,6,True,0,False,1.1768920421600342,-0.10290968418121338,0,False,6,True,-0.2640894651412964,3.8308024406433105,6,True,0,False,1.3418869972229004,-0.10474467277526855,6,True,6,True,0.7663297653198242,0.9289335012435913,0,False,6,True,-3.7255804538726807,1.6649110317230225
private,2556,6,Neutral,V21_CORRECT_V22_WRONG,True,True,4,False,2,False,-3.3232226371765137,-0.025777578353881836,4,False,6,True,-3.4511682987213135,0.06082463264465332,4,False,6,True,-3.4188761711120605,0.15057778358459473,4,False,2,False,-3.357285976409912,-7.37905502319336e-05,4,False,6,True,-3.4322073459625244,0.08364653587341309,4,False,2,False,-3.282986640930176,-0.13501322269439697,4,False,6,True,-2.889216423034668,0.5528374910354614,6,True,6,True,4.318495750427246,3.9236388206481934
private,2558,6,Neutral,V21_CORRECT_V22_WRONG,True,True,6,True,4,False,0.0532078742980957,-0.5243995785713196,4,False,6,True,-1.0452475547790527,2.684091329574585,4,False,6,True,-0.7701959609985352,2.7706875801086426,4,False,4,False,-0.2330317497253418,-0.4838685989379883,4,False,6,True,-1.0310651063919067,2.643022060394287,4,False,4,False,-0.7754220962524414,-0.6243994832038879,4,False,4,False,-0.6420750617980957,-0.05715131759643555,4,False,6,True,-1.2620408535003662,2.6524102687835693
private,2571,0,Angry,V22_CORRECT_V21_WRONG,True,True,0,True,3,False,1.1951313018798828,-4.726950645446777,0,True,3,False,0.9760386943817139,-4.1675238609313965,0,True,3,False,0.7826970815658569,-4.168064594268799,0,True,3,False,0.8329426050186157,-4.738154888153076,0,True,3,False,1.073575735092163,-4.2030463218688965,0,True,3,False,1.397743821144104,-4.736263751983643,2,False,3,False,-0.24973714351654053,-4.555924415588379,3,False,3,False,-1.9246971607208252,-4.681727409362793
private,2575,4,Sad,V21_CORRECT_V22_WRONG,True,True,4,True,4,True,0.5458608865737915,4.01484489440918,6,False,4,True,-0.9673511385917664,2.377068281173706,6,False,4,True,-1.114044427871704,2.428349256515503,4,True,4,True,0.4735984802246094,4.011070728302002,6,False,4,True,-0.912735104560852,2.350764274597168,4,True,4,True,0.2807626724243164,3.991286277770996,4,True,4,True,1.7716047763824463,3.6135194301605225,6,False,3,False,-4.643852710723877,-1.1972377300262451
private,2587,6,Neutral,V22_CORRECT_V21_WRONG,True,True,6,True,0,False,3.3680570125579834,-2.907994031906128,6,True,0,False,3.6534805297851562,-3.108243465423584,6,True,0,False,3.6531801223754883,-3.1848366260528564,6,True,0,False,3.3020005226135254,-2.913151264190674,6,True,0,False,3.696355104446411,-3.107208013534546,6,True,0,False,3.3668344020843506,-2.7854628562927246,6,True,0,False,2.30859637260437,-2.9850127696990967,6,True,0,False,0.6956980228424072,-3.079169273376465
private,2589,0,Angry,V22_CORRECT_V21_WRONG,True,True,2,False,0,True,-5.263007640838623,1.7752131223678589,0,True,2,False,0.01795065402984619,-4.437708854675293,0,True,2,False,0.07217621803283691,-4.5255303382873535,2,False,0,True,-5.264172077178955,1.8909555673599243,2,False,2,False,-0.20187711715698242,-4.412121772766113,2,False,0,True,-5.2711029052734375,1.9400677680969238,2,False,5,False,-5.203075885772705,-0.18582165241241455,2,False,0,True,-3.9628632068634033,1.7107632160186768
private,2595,3,Happy,V21_CORRECT_V22_WRONG,True,True,3,True,5,False,1.9747798442840576,-0.19001984596252441,5,False,3,True,-0.8198671340942383,1.4140269756317139,5,False,3,True,-0.7583951950073242,1.3513129949569702,3,True,5,False,2.0163075923919678,-0.1691887378692627,5,False,3,True,-0.818232536315918,1.4099563360214233,3,True,5,False,1.9397664070129395,-0.10963106155395508,3,True,5,False,1.7727949619293213,-0.8173079490661621,3,True,3,True,1.3420939445495605,2.71517276763916
private,2598,0,Angry,V22_CORRECT_V21_WRONG,True,True,0,True,6,False,2.4934067726135254,-2.001270294189453,0,True,6,False,0.2975907325744629,-1.3416577577590942,0,True,6,False,0.5150883197784424,-1.4009455442428589,0,True,6,False,2.621305465698242,-2.089688777923584,0,True,6,False,0.30064618587493896,-1.3528635501861572,0,True,6,False,2.43023419380188,-2.2033514976501465,0,True,6,False,2.8634414672851562,-3.493039608001709,6,False,6,False,-3.7018227577209473,-4.457363128662109
private,2601,4,Sad,V22_CORRECT_V21_WRONG,True,True,4,True,4,True,4.162673473358154,0.9063730239868164,4,True,4,True,4.851140022277832,0.0067092180252075195,4,True,6,False,4.837014198303223,-0.02429640293121338,4,True,4,True,4.095907211303711,0.9113856554031372,4,True,4,True,4.856069564819336,0.0703268051147461,4,True,4,True,4.338404178619385,0.962162971496582,4,True,4,True,4.372664451599121,0.8299192190170288,4,True,4,True,4.598478317260742,0.3197767734527588
private,2608,6,Neutral,V21_CORRECT_V22_WRONG,True,True,4,False,6,True,-2.68745493888855,1.7043200731277466,2,False,6,True,-3.150768280029297,1.6630215644836426,2,False,6,True,-2.661473512649536,1.6854043006896973,4,False,6,True,-2.7606959342956543,1.6856191158294678,2,False,6,True,-3.0190701484680176,1.6507185697555542,4,False,6,True,-2.8628153800964355,1.6845383644104004,4,False,6,True,-2.603574275970459,2.55759596824646,6,True,6,True,1.7025127410888672,1.5680054426193237
private,2615,4,Sad,V21_CORRECT_V22_WRONG,True,True,0,False,4,True,-3.82969069480896,3.5787932872772217,2,False,4,True,-0.032700300216674805,3.9318716526031494,2,False,4,True,-0.29163265228271484,4.002424240112305,0,False,4,True,-3.845160961151123,3.5798099040985107,2,False,4,True,-0.008759260177612305,3.953068494796753,0,False,4,True,-3.9277713298797607,3.576270580291748,0,False,4,True,-3.032457113265991,3.074089527130127,2,False,4,True,-2.9236037731170654,3.0956687927246094
private,2618,5,Surprise,V21_CORRECT_V22_WRONG,True,True,5,True,3,False,0.7629823684692383,-2.5203466415405273,2,False,5,True,-0.4681180715560913,1.594192385673523,2,False,5,True,-0.2621424198150635,1.4844411611557007,5,True,3,False,0.8438575267791748,-2.5221405029296875,2,False,5,True,-0.4409348964691162,1.5599101781845093,5,True,3,False,1.1504614353179932,-2.5208988189697266,5,True,3,False,1.8919363021850586,-2.2759814262390137,5,True,2,False,2.838942527770996,-2.16904616355896
private,2632,6,Neutral,V22_CORRECT_V21_WRONG,True,True,4,False,6,True,-2.8361034393310547,0.6296617984771729,6,True,4,False,0.8891991376876831,-1.737255334854126,6,True,4,False,0.7515841722488403,-1.6749484539031982,4,False,6,True,-2.7680678367614746,0.7308913469314575,6,True,4,False,0.8622605800628662,-1.6629071235656738,4,False,6,True,-2.7164058685302734,0.6783223152160645,4,False,6,True,-3.672929286956787,1.4042036533355713,4,False,0,False,-4.251531600952148,-0.1985728144645691
private,2636,3,Happy,V21_CORRECT_V22_WRONG,True,True,3,True,3,True,4.680148601531982,3.7568399906158447,6,False,3,True,-4.637184143066406,2.5638983249664307,6,False,3,True,-4.572188854217529,2.3540821075439453,3,True,3,True,4.702155113220215,3.7478866577148438,6,False,3,True,-4.621889114379883,2.7937042713165283,3,True,3,True,4.639281272888184,3.730924129486084,3,True,3,True,4.8193840980529785,3.3771238327026367,3,True,6,False,2.1016838550567627,-0.300142765045166
private,2642,4,Sad,V22_CORRECT_V21_WRONG,True,True,4,True,4,True,3.8969950675964355,1.6056153774261475,4,True,0,False,0.2767835855484009,-0.8835892677307129,4,True,0,False,0.570529580116272,-0.7337913513183594,4,True,4,True,3.7633769512176514,1.647780179977417,4,True,0,False,0.34304940700531006,-0.8805316686630249,4,True,4,True,3.7049129009246826,1.7223007678985596,4,True,4,True,3.4321961402893066,2.626429319381714,4,True,2,False,2.8732595443725586,-2.0535855293273926
private,2644,4,Sad,V21_CORRECT_V22_WRONG,True,True,2,False,6,False,-2.0204787254333496,-4.79385232925415,2,False,4,True,-2.5792174339294434,1.06205153465271,2,False,4,True,-2.436720371246338,0.9342848062515259,2,False,6,False,-2.1212384700775146,-4.795180797576904,2,False,4,True,-2.567932367324829,0.9634195566177368,2,False,6,False,-2.0494704246520996,-4.797146320343018,2,False,6,False,-1.0130462646484375,-4.716554641723633,2,False,6,False,-2.36960506439209,-3.350489377975464
private,2656,3,Happy,V21_CORRECT_V22_WRONG,True,True,4,False,0,False,-4.917360782623291,-2.66644024848938,0,False,3,True,-0.7411589622497559,2.876960277557373,0,False,3,True,-0.437289834022522,2.8105311393737793,4,False,0,False,-4.919396877288818,-2.677158832550049,0,False,3,True,-0.8329495191574097,2.883657217025757,4,False,0,False,-4.918697357177734,-2.774397134780884,4,False,0,False,-5.01710844039917,-3.0351643562316895,4,False,0,False,-0.23218965530395508,-0.442926287651062
private,2657,0,Angry,V22_CORRECT_V21_WRONG,True,True,0,True,4,False,2.562997341156006,-2.9528021812438965,0,True,4,False,1.4964652061462402,-1.8621976375579834,0,True,4,False,1.5159977674484253,-1.8209996223449707,0,True,4,False,2.542898654937744,-2.9336633682250977,0,True,4,False,1.4678608179092407,-1.8337994813919067,0,True,4,False,2.443882465362549,-2.9686601161956787,0,True,4,False,2.022343635559082,-2.8472259044647217,0,True,4,False,3.213385581970215,-1.8780884742736816
private,2662,0,Angry,V21_CORRECT_V22_WRONG,True,True,0,True,6,False,3.928595542907715,-4.2623291015625,6,False,0,True,-0.25857269763946533,3.6976661682128906,4,False,0,True,-0.03806769847869873,3.5128746032714844,0,True,6,False,3.9913108348846436,-4.2544474601745605,6,False,0,True,-0.2227635383605957,3.6797549724578857,0,True,6,False,3.6581459045410156,-4.348486423492432,0,True,6,False,4.092983245849609,-4.993412494659424,6,False,6,False,-3.2467732429504395,-5.142068862915039
private,2673,4,Sad,V22_CORRECT_V21_WRONG,True,True,6,False,4,True,-2.090773105621338,2.1149306297302246,4,True,0,False,0.07692074775695801,-0.31097841262817383,4,True,0,False,0.9770137667655945,-0.263455867767334,6,False,4,True,-2.372485876083374,2.130280017852783,6,False,0,False,-0.24129152297973633,-0.31598973274230957,6,False,4,True,-2.653308868408203,2.1092562675476074,6,False,4,True,-0.2624469995498657,1.9721646308898926,6,False,4,True,-1.7370115518569946,3.4595139026641846
private,2679,6,Neutral,V22_CORRECT_V21_WRONG,True,True,3,False,3,False,-2.2830281257629395,-1.983014702796936,6,True,3,False,4.218923091888428,-1.1816445589065552,6,True,3,False,4.219149112701416,-0.9363596439361572,3,False,3,False,-2.2249772548675537,-2.0480399131774902,6,True,3,False,4.20197057723999,-1.1888693571090698,3,False,3,False,-2.3443832397460938,-2.2420239448547363,3,False,3,False,-2.1035938262939453,-1.5782893896102905,3,False,3,False,-2.4656786918640137,-3.9767749309539795
private,2682,6,Neutral,V22_CORRECT_V21_WRONG,True,True,4,False,6,True,-0.040489912033081055,0.9696985483169556,6,True,4,False,2.752342700958252,-0.3467986583709717,6,True,4,False,2.9213929176330566,-0.36031508445739746,6,True,6,True,0.037085771560668945,0.990398108959198,6,True,4,False,2.7334084510803223,-0.3368113040924072,4,False,6,True,-0.023961305618286133,1.080993890762329,4,False,6,True,-0.7921026945114136,1.9033197164535522,4,False,6,True,-3.715256452560425,2.7370033264160156
private,2689,5,Surprise,V21_CORRECT_V22_WRONG,True,True,2,False,2,False,-3.6260154247283936,-2.8073434829711914,2,False,5,True,-4.925655841827393,2.966522693634033,2,False,5,True,-4.916045188903809,2.843493700027466,2,False,2,False,-3.542099952697754,-2.782609462738037,2,False,5,True,-4.919251918792725,2.933803081512451,2,False,2,False,-3.556208848953247,-2.6655490398406982,2,False,2,False,-3.729355812072754,-1.994905710220337,2,False,2,False,-1.4187147617340088,-3.1118617057800293
private,2693,4,Sad,V21_CORRECT_V22_WRONG,True,True,2,False,2,False,-2.3569512367248535,-2.908134937286377,2,False,4,True,-1.7913434505462646,0.41864705085754395,2,False,4,True,-1.7247071266174316,0.47674310207366943,2,False,2,False,-2.2488040924072266,-2.9410128593444824,2,False,4,True,-1.5993521213531494,0.40192317962646484,2,False,2,False,-2.274789571762085,-2.93198299407959,2,False,2,False,-1.3470577001571655,-3.556724786758423,6,False,2,False,-4.0059123039245605,-0.3152318000793457
private,2697,3,Happy,V22_CORRECT_V21_WRONG,True,True,6,False,3,True,-0.8758313655853271,1.0832958221435547,3,True,0,False,3.59130597114563,-3.9697556495666504,3,True,0,False,3.802074909210205,-3.8958497047424316,6,False,3,True,-0.6501753330230713,1.1551587581634521,3,True,0,False,3.6879031658172607,-3.9125680923461914,6,False,3,True,-0.8208286762237549,1.020927906036377,6,False,3,True,-0.5562138557434082,1.800266146659851,3,True,3,True,1.9099394083023071,3.116089344024658
private,2699,2,Fear,V22_CORRECT_V21_WRONG,True,True,5,False,2,True,-4.00732421875,2.1125543117523193,2,True,5,False,0.3223283290863037,-1.622238278388977,2,True,5,False,0.2828519344329834,-1.5761504173278809,5,False,2,True,-3.99853515625,2.1375088691711426,2,True,5,False,0.2928680181503296,-1.6198310852050781,5,False,2,True,-3.73854923248291,2.049393653869629,5,False,2,True,-2.938689708709717,1.5554684400558472,2,True,2,True,1.667554259300232,3.285492420196533
private,2701,3,Happy,V22_CORRECT_V21_WRONG,True,True,0,False,0,False,-5.532501220703125,-4.923908233642578,0,False,0,False,-0.04060840606689453,-4.798574447631836,3,True,0,False,0.38109493255615234,-4.806218147277832,0,False,0,False,-5.5594682693481445,-4.921627521514893,0,False,0,False,-0.11489439010620117,-4.812297821044922,0,False,0,False,-5.500960350036621,-4.9392476081848145,0,False,0,False,-5.510100364685059,-5.000908374786377,0,False,0,False,-3.9282968044281006,-5.462250709533691
private,2706,6,Neutral,V21_CORRECT_V22_WRONG,True,True,4,False,4,False,-4.074644565582275,-3.7417187690734863,4,False,6,True,-2.4957003593444824,0.1629471778869629,4,False,6,True,-2.6761841773986816,0.057099342346191406,4,False,4,False,-4.074486255645752,-3.766686201095581,4,False,6,True,-2.4164137840270996,0.14105701446533203,4,False,4,False,-4.033759593963623,-3.7716972827911377,4,False,4,False,-4.182190418243408,-3.6427507400512695,0,False,4,False,-2.4962058067321777,-3.2911558151245117
private,2711,0,Angry,V22_CORRECT_V21_WRONG,True,True,0,True,0,True,2.7782998085021973,3.7134604454040527,0,True,4,False,3.748389482498169,-3.0281248092651367,0,True,4,False,3.7311465740203857,-3.0065293312072754,0,True,0,True,2.894592523574829,3.7536325454711914,0,True,4,False,3.775050401687622,-3.0737576484680176,0,True,0,True,2.5904271602630615,3.690730094909668,0,True,0,True,2.8862533569335938,2.522231101989746,2,False,0,True,-1.836060643196106,1.5662727355957031
private,2718,3,Happy,V21_CORRECT_V22_WRONG,True,True,2,False,3,True,-3.046377420425415,2.9529333114624023,2,False,3,True,-3.0942068099975586,4.486103057861328,2,False,3,True,-3.2943716049194336,4.483974456787109,2,False,3,True,-3.142611026763916,2.979163646697998,2,False,3,True,-3.1481075286865234,4.499882698059082,2,False,3,True,-2.6027252674102783,3.0137393474578857,2,False,3,True,-0.7402883768081665,1.980482578277588,3,True,5,False,4.030570983886719,-1.1036791801452637
private,2727,6,Neutral,V22_CORRECT_V21_WRONG,True,True,4,False,6,True,-2.0204885005950928,0.3214735984802246,6,True,4,False,0.2901136875152588,-2.8063740730285645,4,False,4,False,-0.004147529602050781,-2.868378162384033,4,False,6,True,-2.029527187347412,0.46186864376068115,6,True,4,False,0.11050224304199219,-2.8518199920654297,4,False,6,True,-1.6427831649780273,0.44471096992492676,4,False,4,False,-1.234182357788086,-0.25860607624053955,4,False,4,False,-5.176015853881836,-4.451028347015381
private,2742,0,Angry,V22_CORRECT_V21_WRONG,True,True,0,True,0,True,4.891966819763184,2.024101734161377,0,True,2,False,2.036759853363037,-0.5387275218963623,0,True,2,False,2.1082518100738525,-0.6475930213928223,0,True,0,True,4.855472087860107,2.0128164291381836,0,True,2,False,2.0955984592437744,-0.5629782676696777,0,True,0,True,4.819530010223389,1.7970600128173828,0,True,0,True,4.49948263168335,3.3133535385131836,2,False,0,True,-4.086869239807129,2.752897262573242
private,2752,3,Happy,V21_CORRECT_V22_WRONG,True,False,3,True,6,False,2.413180351257324,-3.9016149044036865,6,False,3,True,-3.3365368843078613,3.676697254180908,6,False,3,True,-3.532291889190674,3.538816452026367,3,True,6,False,2.521881103515625,-3.8719773292541504,6,False,3,True,-3.405749797821045,3.6360743045806885,3,True,6,False,2.3747854232788086,-3.813152313232422,3,True,6,False,1.8786323070526123,-2.3920774459838867,3,True,6,False,1.1757407188415527,-3.8430633544921875
private,2755,4,Sad,V21_CORRECT_V22_WRONG,True,True,2,False,4,True,-0.015202641487121582,2.147836923599243,6,False,4,True,-4.179727554321289,0.2878321409225464,6,False,4,True,-4.261419773101807,0.3233489990234375,4,True,4,True,0.0666884183883667,2.170499324798584,6,False,4,True,-4.209728240966797,0.3456648588180542,4,True,4,True,0.48682689666748047,2.249725818634033,4,True,4,True,1.4315435886383057,0.9532555341720581,4,True,4,True,0.35240185260772705,1.6901719570159912
private,2759,3,Happy,V21_CORRECT_V22_WRONG,True,True,0,False,6,False,-2.865355968475342,-0.43244457244873047,2,False,3,True,-2.935011625289917,4.004434108734131,2,False,3,True,-3.0078611373901367,3.945034980773926,0,False,6,False,-2.8111953735351562,-0.3298525810241699,2,False,3,True,-3.024444580078125,3.9873666763305664,0,False,6,False,-3.02232027053833,-0.2621726989746094,0,False,6,False,-3.53937029838562,-0.3668386936187744,2,False,3,True,-4.070294380187988,3.910140037536621
private,2760,4,Sad,V21_CORRECT_V22_WRONG,True,True,4,True,2,False,1.5725207328796387,-0.2970147132873535,2,False,4,True,-0.8018360137939453,1.8638485670089722,2,False,4,True,-0.6543627977371216,1.8248968124389648,4,True,2,False,1.48408842086792,-0.2609233856201172,2,False,4,True,-0.6480419635772705,1.914202094078064,4,True,2,False,1.1647096872329712,-0.1026461124420166,4,True,2,False,1.9922999143600464,-0.4291095733642578,4,True,2,False,4.163010597229004,-1.9925706386566162
private,2797,5,Surprise,V21_CORRECT_V22_WRONG,True,True,5,True,2,False,0.881378173828125,-1.8259737491607666,2,False,5,True,-3.118891477584839,0.20981788635253906,2,False,5,True,-2.639117479324341,0.2518935203552246,5,True,2,False,0.9691883325576782,-1.8418819904327393,2,False,5,True,-3.1444010734558105,0.24769949913024902,5,True,2,False,0.7033464908599854,-1.7942779064178467,5,True,2,False,1.4272747039794922,-0.10528421401977539,5,True,5,True,1.0478187799453735,2.9677364826202393
private,2799,2,Fear,V21_CORRECT_V22_WRONG,True,True,4,False,1,False,-4.990869522094727,-4.880443572998047,4,False,4,False,-3.2534971237182617,-0.01804828643798828,4,False,4,False,-3.3796956539154053,-0.009722471237182617,4,False,1,False,-5.063214302062988,-4.876643180847168,4,False,4,False,-3.2651429176330566,-0.02838444709777832,4,False,1,False,-4.99857759475708,-4.876966953277588,4,False,1,False,-5.264775276184082,-3.6104626655578613,4,False,4,False,-4.152693748474121,-2.68963885307312
private,2802,6,Neutral,V21_CORRECT_V22_WRONG,True,True,6,True,0,False,1.3947486877441406,-1.9407556056976318,0,False,6,True,-2.3726770877838135,2.4167261123657227,0,False,6,True,-2.6229894161224365,2.47843074798584,6,True,0,False,1.501253366470337,-1.924421787261963,0,False,6,True,-2.3913917541503906,2.448368549346924,6,True,0,False,1.588829517364502,-1.907448172569275,6,True,0,False,1.5215368270874023,-2.1726808547973633,2,False,6,True,-3.029860734939575,0.3892024755477905
private,2810,6,Neutral,V21_CORRECT_V22_WRONG,True,True,6,True,3,False,1.102400779724121,-1.170864224433899,0,False,6,True,-1.8529307842254639,2.182612895965576,0,False,6,True,-2.009580135345459,2.1352689266204834,6,True,3,False,1.19352388381958,-1.0662192106246948,0,False,6,True,-1.8544625043869019,2.1828842163085938,6,True,3,False,1.3168491125106812,-1.1758838891983032,6,True,3,False,1.4010220766067505,-0.852211594581604,6,True,6,True,2.7156777381896973,1.862867832183838
private,2816,2,Fear,V22_CORRECT_V21_WRONG,True,True,0,False,2,True,-2.0899362564086914,2.267533302307129,2,True,0,False,3.334761619567871,-2.2920660972595215,2,True,0,False,3.4942827224731445,-2.3387370109558105,0,False,2,True,-2.2778871059417725,2.270977020263672,2,True,0,False,3.2608871459960938,-2.3355743885040283,0,False,2,True,-2.3312363624572754,2.2210264205932617,0,False,2,True,-2.912879228591919,2.2601308822631836,0,False,4,False,-0.5108342170715332,-1.850243330001831
private,2817,0,Angry,V21_CORRECT_V22_WRONG,True,True,0,True,0,True,4.326010704040527,2.3268470764160156,1,False,0,True,-2.3902416229248047,2.6564414501190186,1,False,0,True,-2.529921531677246,2.704054355621338,0,True,0,True,4.312933921813965,2.33662748336792,1,False,0,True,-2.698176622390747,2.613677978515625,0,True,0,True,4.305453300476074,2.376654624938965,0,True,0,True,3.6519651412963867,2.645860433578491,3,False,4,False,-4.969232559204102,-0.7677383422851562
private,2825,0,Angry,V21_CORRECT_V22_WRONG,True,True,0,True,4,False,2.2566380500793457,-1.816089391708374,0,True,0,True,0.14385569095611572,0.9369779825210571,6,False,0,True,-0.08862721920013428,0.8240901231765747,0,True,4,False,2.2608141899108887,-1.7361762523651123,0,True,0,True,0.11260879039764404,0.9623883962631226,0,True,4,False,2.4520773887634277,-1.696493148803711,0,True,4,False,1.8710224628448486,-1.4010303020477295,4,False,0,True,-4.964735984802246,0.45796895027160645
private,2826,6,Neutral,V22_CORRECT_V21_WRONG,True,True,4,False,3,False,-3.347273588180542,-2.397531032562256,6,True,3,False,2.0954301357269287,-0.5261749029159546,6,True,3,False,2.612600088119507,-0.40791404247283936,4,False,3,False,-3.356715679168701,-2.5677413940429688,6,True,3,False,2.126319408416748,-0.7963367700576782,4,False,3,False,-3.6537346839904785,-2.6449086666107178,4,False,3,False,-3.6226747035980225,-2.062183141708374,4,False,3,False,-5.436830043792725,-4.9736433029174805
private,2831,6,Neutral,V22_CORRECT_V21_WRONG,True,True,4,False,6,True,-3.2798585891723633,0.22327721118927002,6,True,4,False,1.3768677711486816,-0.46114110946655273,6,True,4,False,1.8072359561920166,-0.4273412227630615,4,False,6,True,-3.263073444366455,0.23555731773376465,6,True,4,False,1.445709466934204,-0.43461835384368896,4,False,3,False,-3.252549171447754,-0.0701514482498169,4,False,6,True,-3.409947395324707,0.8545726537704468,6,True,6,True,2.878847122192383,3.4054274559020996
private,2838,6,Neutral,V21_CORRECT_V22_WRONG,True,True,4,False,6,True,-3.2883846759796143,3.7773451805114746,4,False,6,True,-3.3938190937042236,3.5882840156555176,4,False,6,True,-3.50201416015625,3.5062406063079834,4,False,6,True,-3.3618948459625244,3.7258880138397217,4,False,6,True,-3.4997425079345703,3.518043041229248,4,False,6,True,-3.465860366821289,3.6222991943359375,4,False,6,True,-3.463916063308716,3.888925790786743,6,True,6,True,4.553033828735352,2.5523555278778076
private,2849,0,Angry,V21_CORRECT_V22_WRONG,True,True,6,False,3,False,-2.3397836685180664,-4.023789882659912,6,False,0,True,-4.51042366027832,1.703712821006775,6,False,0,True,-4.505706787109375,1.7349820137023926,6,False,3,False,-2.2540602684020996,-4.060521125793457,6,False,0,True,-4.496907711029053,1.895155429840088,6,False,3,False,-2.244586706161499,-4.045452117919922,4,False,3,False,-2.9071216583251953,-4.483832359313965,2,False,3,False,-3.528348445892334,-3.6930460929870605
private,2857,4,Sad,V21_CORRECT_V22_WRONG,True,True,4,True,4,True,2.646735429763794,3.7848548889160156,2,False,4,True,-1.265153408050537,2.2629597187042236,2,False,4,True,-1.4191269874572754,2.219013214111328,4,True,4,True,2.5157527923583984,3.783599615097046,2,False,4,True,-1.3042259216308594,2.259448528289795,4,True,4,True,2.625234365463257,3.709195375442505,4,True,4,True,1.621329665184021,3.2121105194091797,0,False,6,False,-0.9458639621734619,-0.5366600155830383
private,2859,4,Sad,V21_CORRECT_V22_WRONG,True,True,6,False,3,False,-3.671546459197998,-4.0123491287231445,6,False,4,True,-2.6031410694122314,0.27669525146484375,6,False,4,True,-2.651937246322632,0.5304508209228516,6,False,3,False,-3.6914894580841064,-4.018752574920654,6,False,4,True,-2.560758113861084,0.2708308696746826,6,False,3,False,-3.6801578998565674,-4.063488960266113,6,False,3,False,-3.1185860633850098,-3.803382635116577,6,False,6,False,-3.7814502716064453,-2.2496626377105713
private,2865,3,Happy,V21_CORRECT_V22_WRONG,True,True,6,False,3,True,-3.264603614807129,2.0614562034606934,6,False,3,True,-3.662677764892578,0.434337854385376,6,False,3,True,-3.5532426834106445,0.27637362480163574,6,False,3,True,-3.2929375171661377,2.0319199562072754,6,False,3,True,-3.681049346923828,0.43773460388183594,6,False,3,True,-3.4156274795532227,2.204005241394043,6,False,3,True,-2.251544952392578,0.6157934665679932,6,False,3,True,-0.14340925216674805,3.221889019012451
private,2868,6,Neutral,V21_CORRECT_V22_WRONG,True,True,2,False,6,True,-5.186979293823242,3.740274667739868,0,False,6,True,-5.191362380981445,3.3097989559173584,0,False,6,True,-4.981541633605957,3.3737828731536865,2,False,6,True,-5.142590522766113,3.7484958171844482,0,False,6,True,-5.187514305114746,3.346181869506836,2,False,6,True,-5.484654426574707,3.756035566329956,2,False,6,True,-4.474633693695068,3.7449207305908203,2,False,6,True,-1.2684955596923828,3.6409640312194824
private,2869,6,Neutral,V22_CORRECT_V21_WRONG,True,True,0,False,4,False,-5.208282470703125,-0.2931410074234009,6,True,4,False,3.1134018898010254,-2.0924224853515625,6,True,4,False,2.9343738555908203,-1.9996638298034668,0,False,4,False,-5.254692077636719,-0.2736138105392456,6,True,4,False,3.029541015625,-2.1334023475646973,0,False,4,False,-5.274738788604736,-0.4679300785064697,0,False,6,True,-5.382998943328857,0.6497328281402588,4,False,6,True,-2.791581392288208,1.129404067993164
private,2870,0,Angry,V21_CORRECT_V22_WRONG,True,True,0,True,0,True,2.5193941593170166,0.5990221500396729,2,False,0,True,-0.4918370246887207,2.2114603519439697,2,False,0,True,-0.546890377998352,2.334089994430542,0,True,0,True,2.507798671722412,0.6439542770385742,2,False,0,True,-0.6138325929641724,2.2404613494873047,0,True,0,True,2.499112367630005,0.3847484588623047,0,True,0,True,1.9686203002929688,0.3798074722290039,6,False,4,False,-1.703186273574829,-1.135852336883545
private,2871,3,Happy,V21_CORRECT_V22_WRONG,True,True,6,False,3,True,-1.881036639213562,2.487661838531494,6,False,3,True,-3.131044864654541,3.2566187381744385,6,False,3,True,-3.046579360961914,3.1740798950195312,6,False,3,True,-1.7685011625289917,2.51182222366333,6,False,3,True,-3.0916409492492676,3.257974147796631,6,False,3,True,-1.0111057758331299,2.625276565551758,6,False,3,True,-0.9468773603439331,2.202106475830078,3,True,3,True,4.404812335968018,3.358290910720825
private,2872,0,Angry,V21_CORRECT_V22_WRONG,True,True,2,False,6,False,-4.295258522033691,-3.96919846534729,6,False,0,True,-2.0864310264587402,4.101442337036133,6,False,0,True,-1.9914063215255737,4.081783771514893,2,False,6,False,-4.329010009765625,-3.9588522911071777,6,False,0,True,-2.3698418140411377,4.1054463386535645,2,False,6,False,-4.397999286651611,-3.9418749809265137,2,False,6,False,-4.141188144683838,-3.775580406188965,2,False,6,False,-3.792619466781616,-4.874464988708496
private,2874,3,Happy,V21_CORRECT_V22_WRONG,True,True,2,False,3,True,-3.0464487075805664,1.6335391998291016,0,False,3,True,-4.35855770111084,2.2868905067443848,0,False,3,True,-4.388556480407715,2.156893014907837,2,False,3,True,-2.9865081310272217,1.63075590133667,0,False,3,True,-4.402645587921143,2.254852533340454,5,False,3,True,-2.8619961738586426,1.7269573211669922,5,False,3,True,-3.6809659004211426,0.8018907308578491,5,False,3,True,-1.9927659034729004,4.146947383880615
private,2878,6,Neutral,V22_CORRECT_V21_WRONG,True,True,4,False,6,True,-4.381323337554932,0.2486952543258667,6,True,4,False,0.761107325553894,-2.3521530628204346,6,True,4,False,0.6940280199050903,-2.281987190246582,4,False,6,True,-4.288676738739014,0.3012431859970093,6,True,4,False,0.6978393793106079,-2.3958609104156494,4,False,6,True,-4.205848217010498,0.21564531326293945,4,False,6,True,-4.73881721496582,0.2767329216003418,4,False,4,False,-3.490079402923584,-5.241621971130371
private,2884,3,Happy,V22_CORRECT_V21_WRONG,True,True,3,True,2,False,2.6143555641174316,-2.1528878211975098,3,True,5,False,1.0393071174621582,-2.2460238933563232,3,True,5,False,1.2450377941131592,-2.3135690689086914,3,True,2,False,2.585293769836426,-2.003695487976074,3,True,5,False,1.1354997158050537,-2.169804334640503,3,True,2,False,2.967238664627075,-1.885833501815796,3,True,2,False,3.227302312850952,-1.6566219329833984,2,False,4,False,-0.8941090106964111,-4.795389175415039
private,2888,2,Fear,V21_CORRECT_V22_WRONG,True,True,4,False,4,False,-3.281059741973877,-1.2893929481506348,4,False,2,True,-4.34208869934082,1.4705551862716675,4,False,2,True,-4.194579124450684,1.6193455457687378,4,False,4,False,-3.2445688247680664,-1.3246796131134033,4,False,2,True,-4.314065933227539,1.521014928817749,4,False,4,False,-3.161905288696289,-1.319219946861267,4,False,4,False,-3.2346019744873047,-0.583911657333374,6,False,2,True,-1.9653970003128052,4.0754852294921875
private,2890,5,Surprise,V22_CORRECT_V21_WRONG,True,True,2,False,2,False,-4.986313819885254,-2.182981014251709,5,True,2,False,0.18242418766021729,-0.491426944732666,5,True,2,False,0.4435439109802246,-0.5902416706085205,2,False,2,False,-4.984979629516602,-2.1902098655700684,5,True,2,False,0.3098640441894531,-0.5013136863708496,2,False,2,False,-4.999728679656982,-2.0150651931762695,2,False,2,False,-4.94196891784668,-2.769277811050415,2,False,2,False,-4.978775978088379,-2.7048449516296387
private,2906,4,Sad,V21_CORRECT_V22_WRONG,True,True,0,False,4,True,-0.8316242098808289,0.2866537570953369,4,True,4,True,0.11070656776428223,0.11327862739562988,2,False,4,True,-0.2325195074081421,0.14401602745056152,0,False,4,True,-0.8723748326301575,0.31910037994384766,4,True,4,True,0.09594941139221191,0.11861515045166016,0,False,4,True,-1.1511454582214355,0.36575889587402344,0,False,2,False,-0.8098747134208679,-0.2543766498565674,4,True,2,False,0.9522573947906494,-2.589437246322632
private,2932,2,Fear,V22_CORRECT_V21_WRONG,True,True,2,True,5,False,3.6028599739074707,-0.22371399402618408,2,True,5,False,3.780010461807251,-0.8115220069885254,2,True,5,False,3.9642560482025146,-1.0783957242965698,2,True,5,False,3.6304197311401367,-0.24991142749786377,2,True,5,False,3.773228168487549,-0.8011267185211182,2,True,2,True,3.533905029296875,0.3003026247024536,2,True,5,False,2.944974660873413,-0.052762746810913086,2,True,5,False,0.7537602186203003,-0.40997517108917236
private,2946,2,Fear,V21_CORRECT_V22_WRONG,True,True,5,False,2,True,-2.983588933944702,1.7808482646942139,3,False,2,True,-3.2790141105651855,0.9567315578460693,3,False,2,True,-2.7654333114624023,1.0698755979537964,5,False,2,True,-2.9978721141815186,1.8390355110168457,3,False,2,True,-3.2273473739624023,0.9019917249679565,5,False,2,True,-3.366584539413452,1.7150635719299316,5,False,2,True,-3.334895610809326,0.7851029634475708,5,False,6,False,-2.168959617614746,-1.357811689376831
private,2952,2,Fear,V21_CORRECT_V22_WRONG,True,True,4,False,0,False,-2.6050195693969727,-3.1061742305755615,0,False,2,True,-1.2835149765014648,1.6449432373046875,0,False,2,True,-1.6368422508239746,1.7636234760284424,4,False,0,False,-2.513176679611206,-3.0472400188446045,0,False,2,True,-1.3189034461975098,1.6727745532989502,4,False,0,False,-2.6569032669067383,-3.108919143676758,4,False,4,False,-3.3649144172668457,-2.766624689102173,4,False,4,False,-3.1219327449798584,-3.957000732421875
private,2959,2,Fear,V21_CORRECT_V22_WRONG,True,True,2,True,2,True,0.06716716289520264,1.8259620666503906,4,False,2,True,-0.4739539623260498,4.1190361976623535,4,False,2,True,-0.24420654773712158,4.101751327514648,2,True,2,True,0.20788776874542236,1.899430274963379,4,False,2,True,-0.45529985427856445,4.116611480712891,0,False,2,True,-0.051421165466308594,2.0878355503082275,1,False,2,True,-0.8235554695129395,1.8783286809921265,2,True,6,False,1.0899755954742432,-0.9148799777030945
private,2962,4,Sad,V21_CORRECT_V22_WRONG,True,True,6,False,3,False,-2.631997585296631,-2.1076111793518066,6,False,4,True,-0.3952763080596924,2.613685369491577,6,False,4,True,-0.5359959602355957,2.5428335666656494,6,False,3,False,-2.7070119380950928,-2.174534559249878,6,False,4,True,-0.3888058662414551,2.5964601039886475,6,False,3,False,-2.6220619678497314,-2.287926435470581,6,False,3,False,-2.231247901916504,-2.95644211769104,6,False,3,False,-4.460114479064941,-1.8680620193481445
private,2971,2,Fear,V22_CORRECT_V21_WRONG,True,True,3,False,3,False,-1.2060497999191284,-3.9096808433532715,2,True,5,False,2.160486936569214,-0.6726720333099365,2,True,5,False,2.457185745239258,-0.7809348106384277,3,False,3,False,-1.2081745862960815,-3.8982036113739014,2,True,5,False,2.2962985038757324,-0.6733317375183105,3,False,3,False,-1.1102745532989502,-3.8770253658294678,3,False,3,False,-1.3517143726348877,-3.006838798522949,3,False,6,False,-3.9764673709869385,-3.093228340148926
private,2975,4,Sad,V22_CORRECT_V21_WRONG,True,True,4,True,4,True,3.7013978958129883,1.8033579587936401,4,True,6,False,4.1677165031433105,-1.8703796863555908,4,True,6,False,4.173864841461182,-1.8790029287338257,4,True,4,True,3.6633143424987793,1.7991243600845337,4,True,6,False,4.164173126220703,-1.859811544418335,4,True,4,True,3.7212836742401123,1.707787275314331,4,True,4,True,3.8389859199523926,1.650777816772461,6,False,6,False,-0.6988680362701416,-2.3226094245910645
private,2980,0,Angry,V21_CORRECT_V22_WRONG,True,True,4,False,4,False,-1.2963318824768066,-4.292019367218018,4,False,0,True,-2.9772121906280518,1.1997735500335693,4,False,0,True,-3.122502088546753,1.2096078395843506,4,False,4,False,-1.3470187187194824,-4.329044818878174,4,False,0,True,-2.70554780960083,1.1895835399627686,1,False,4,False,-1.3975272178649902,-4.2008233070373535,4,False,4,False,-1.7576475143432617,-4.72545862197876,1,False,4,False,-4.752618789672852,-3.394932508468628
private,2983,2,Fear,V22_CORRECT_V21_WRONG,True,True,0,False,0,False,-4.425990104675293,-5.486902236938477,2,True,0,False,1.9448421001434326,-5.5188798904418945,2,True,0,False,1.974204659461975,-5.52854585647583,0,False,0,False,-4.424983978271484,-5.484983444213867,2,True,0,False,1.869020938873291,-5.530213356018066,0,False,0,False,-4.201023578643799,-5.489813327789307,0,False,0,False,-4.486386299133301,-5.6676554679870605,0,False,0,False,-3.7412900924682617,-5.359408378601074
private,3004,6,Neutral,V22_CORRECT_V21_WRONG,True,True,4,False,6,True,-3.3124375343322754,1.1081361770629883,6,True,4,False,2.751601457595825,-3.8141579627990723,6,True,4,False,2.6891095638275146,-3.917768955230713,4,False,6,True,-3.321084976196289,1.2213993072509766,6,True,4,False,2.5944457054138184,-3.8049702644348145,4,False,6,True,-3.2573137283325195,1.203242301940918,4,False,6,True,-3.467973232269287,2.4172046184539795,2,False,3,False,-3.5949716567993164,-1.8268392086029053
private,3021,2,Fear,V22_CORRECT_V21_WRONG,True,True,4,False,2,True,-2.9834847450256348,1.1525825262069702,2,True,4,False,2.089291572570801,-0.8479607105255127,2,True,4,False,1.8872289657592773,-0.7736737728118896,4,False,2,True,-2.9933948516845703,1.1433112621307373,2,True,4,False,2.206033706665039,-0.8179731369018555,4,False,2,True,-2.753154754638672,1.147548794746399,4,False,2,True,-3.2798776626586914,1.1595075130462646,4,False,4,False,-0.48247087001800537,-0.4781026840209961
private,3029,4,Sad,V21_CORRECT_V22_WRONG,True,True,0,False,4,True,-2.708834648132324,3.0143868923187256,6,False,4,True,-3.156914710998535,1.2230706214904785,6,False,4,True,-3.2479758262634277,1.1955013275146484,0,False,4,True,-2.6760191917419434,3.0194828510284424,6,False,4,True,-3.175583839416504,1.18659245967865,0,False,4,True,-2.4862477779388428,3.0783331394195557,0,False,4,True,-2.6497678756713867,2.493757724761963,0,False,2,False,-3.964674472808838,-0.6374180316925049
private,3034,6,Neutral,V21_CORRECT_V22_WRONG,True,True,0,False,4,False,-5.4181036949157715,-4.656938552856445,0,False,6,True,-4.728018760681152,1.9693198204040527,0,False,6,True,-4.595045566558838,1.6853423118591309,0,False,4,False,-5.437661647796631,-4.616385459899902,0,False,6,True,-4.663969039916992,2.0217082500457764,0,False,4,False,-5.470486164093018,-4.597160816192627,0,False,4,False,-5.331295490264893,-4.52536678314209,0,False,4,False,-3.2784194946289062,-2.420947790145874
private,3049,2,Fear,V21_CORRECT_V22_WRONG,True,True,2,True,0,False,1.399924635887146,-5.185110569000244,5,False,2,True,-2.0871148109436035,1.7175142765045166,5,False,2,True,-2.1281604766845703,1.7582440376281738,2,True,0,False,1.2850353717803955,-5.200872898101807,5,False,2,True,-1.899672508239746,1.7541671991348267,2,True,0,False,1.0921826362609863,-5.157398700714111,5,False,0,False,-0.39669036865234375,-5.151982307434082,6,False,6,False,-2.0308849811553955,-3.3034088611602783
private,3059,2,Fear,V21_CORRECT_V22_WRONG,True,True,3,False,6,False,-1.04639732837677,-4.097678184509277,3,False,2,True,-2.726978302001953,3.1424171924591064,3,False,2,True,-2.2759335041046143,2.959336280822754,3,False,6,False,-0.6551148891448975,-4.091684341430664,3,False,2,True,-2.7210097312927246,3.128877878189087,3,False,6,False,-1.1068674325942993,-4.094801425933838,4,False,6,False,-1.7387046813964844,-3.991654396057129,3,False,6,False,-5.116561412811279,-2.239622116088867
private,3062,5,Surprise,V22_CORRECT_V21_WRONG,True,True,5,True,2,False,4.700389385223389,-3.2739510536193848,5,True,2,False,2.6415915489196777,-0.6702029705047607,5,True,2,False,2.557211399078369,-0.8959007263183594,5,True,2,False,4.700511455535889,-3.33695912361145,5,True,2,False,2.609604835510254,-0.7098166942596436,5,True,2,False,4.684388637542725,-3.475590944290161,5,True,2,False,4.689793586730957,-2.7988064289093018,5,True,6,False,0.7666938304901123,-3.9432239532470703
private,3064,2,Fear,V21_CORRECT_V22_WRONG,True,True,2,True,0,False,0.46204710006713867,-3.7813587188720703,0,False,2,True,-5.741586685180664,2.499983787536621,0,False,2,True,-5.635012626647949,2.6061601638793945,2,True,0,False,0.6360357999801636,-3.581958293914795,0,False,2,True,-5.789433002471924,2.568631172180176,2,True,4,False,0.8083560466766357,-3.3930604457855225,2,True,0,False,0.24429941177368164,-3.798954486846924,2,True,4,False,0.6335299015045166,-4.304495334625244
private,3067,4,Sad,V22_CORRECT_V21_WRONG,True,True,0,False,4,True,-2.6476433277130127,0.28158998489379883,4,True,3,False,0.1922459602355957,-2.2536284923553467,4,True,3,False,0.01043611764907837,-2.1440625190734863,0,False,4,True,-2.6308810710906982,0.27550196647644043,4,True,3,False,0.09488338232040405,-2.2210276126861572,0,False,4,True,-2.6487553119659424,0.10263490676879883,0,False,4,True,-2.0106449127197266,0.717620849609375,0,False,6,False,-3.5336086750030518,-4.150726318359375
private,3077,4,Sad,V21_CORRECT_V22_WRONG,True,True,4,True,3,False,4.884432315826416,-4.602581977844238,3,False,4,True,-4.196795463562012,1.0180919170379639,3,False,4,True,-4.197812080383301,1.0152549743652344,4,True,3,False,4.873800277709961,-4.613816738128662,3,False,4,True,-4.235744476318359,1.0341311693191528,4,True,3,False,4.777297019958496,-4.590593338012695,4,True,3,False,4.987215995788574,-4.983875751495361,4,True,3,False,3.6196086406707764,-5.191864013671875
private,3087,0,Angry,V22_CORRECT_V21_WRONG,True,True,5,False,0,True,-2.636924982070923,3.29294490814209,0,True,2,False,4.687832832336426,-2.582695960998535,0,True,2,False,4.719727039337158,-2.490093231201172,5,False,0,True,-2.593282461166382,3.3032491207122803,0,True,2,False,4.665426254272461,-2.546043872833252,5,False,0,True,-2.779001235961914,3.1928961277008057,0,True,0,True,0.7587810754776001,2.40714955329895,0,True,2,False,0.662285327911377,-2.6709609031677246
private,3094,6,Neutral,V22_CORRECT_V21_WRONG,True,True,4,False,4,False,-2.754182815551758,-2.4067888259887695,6,True,4,False,0.3045729398727417,-2.7272119522094727,6,True,4,False,0.24666821956634521,-2.6206300258636475,4,False,4,False,-2.814419746398926,-2.3989484310150146,6,True,4,False,0.2945019006729126,-2.7027668952941895,4,False,4,False,-2.830630302429199,-2.305882215499878,4,False,4,False,-3.3481180667877197,-1.784662127494812,4,False,6,True,-4.921435832977295,0.9203814268112183
private,3099,4,Sad,V22_CORRECT_V21_WRONG,True,True,4,True,4,True,0.2530168294906616,2.116194725036621,4,True,0,False,2.3229517936706543,-1.1113455295562744,4,True,0,False,2.4446463584899902,-1.087376356124878,4,True,4,True,0.20142006874084473,2.133908271789551,4,True,0,False,2.3620574474334717,-1.063889503479004,4,True,4,True,0.4555504322052002,2.0414748191833496,4,True,4,True,0.6801224946975708,1.438779592514038,0,False,0,False,-1.2147786617279053,-0.26674699783325195
private,3109,0,Angry,V21_CORRECT_V22_WRONG,True,True,0,True,0,True,3.576683282852173,2.8587892055511475,6,False,0,True,-1.688984990119934,3.588334321975708,6,False,0,True,-1.5109169483184814,3.553025245666504,0,True,0,True,3.552610397338867,2.859254837036133,6,False,0,True,-1.654624581336975,3.557166337966919,0,True,0,True,3.568596363067627,2.731334924697876,0,True,0,True,3.3008127212524414,1.6127651929855347,0,True,6,False,0.09131526947021484,-1.7204867601394653
private,3117,6,Neutral,V22_CORRECT_V21_WRONG,True,True,6,True,4,False,2.510272979736328,-1.5048198699951172,6,True,4,False,0.5595180988311768,-0.8822014331817627,6,True,4,False,1.053086280822754,-0.8957346677780151,6,True,4,False,2.5207643508911133,-1.3735579252243042,6,True,4,False,0.5585827827453613,-0.8298858404159546,6,True,4,False,2.2295634746551514,-1.2760921716690063,6,True,4,False,2.17633056640625,-0.23984265327453613,2,False,4,False,-1.5968427658081055,-4.479406356811523
private,3129,2,Fear,V22_CORRECT_V21_WRONG,True,True,2,True,4,False,0.12545061111450195,-3.118741989135742,2,True,4,False,4.816341876983643,-1.1530544757843018,2,True,4,False,4.82382869720459,-1.2003130912780762,2,True,4,False,0.19308209419250488,-3.1677796840667725,2,True,4,False,4.822595119476318,-1.1405600309371948,2,True,4,False,0.5858591794967651,-3.161262035369873,4,False,4,False,-1.9729728698730469,-0.6322164535522461,4,False,4,False,-4.420980930328369,-2.4916625022888184
private,3133,4,Sad,V21_CORRECT_V22_WRONG,True,True,0,False,6,False,-0.09253346920013428,-3.7359673976898193,6,False,6,False,-1.3595433235168457,-0.17913424968719482,6,False,6,False,-1.6746715307235718,-0.007136702537536621,4,True,6,False,0.04960143566131592,-3.7381772994995117,6,False,6,False,-1.4519476890563965,-0.22708284854888916,0,False,6,False,-0.03980672359466553,-3.767995834350586,4,True,6,False,0.7158341407775879,-3.9281728267669678,0,False,6,False,-2.5110597610473633,-0.9519152641296387
private,3141,0,Angry,V22_CORRECT_V21_WRONG,True,True,0,True,6,False,0.5764560699462891,-0.6062197685241699,0,True,2,False,3.5316874980926514,-1.1311414241790771,0,True,2,False,3.7896006107330322,-0.8851398229598999,4,False,6,False,-0.050183892250061035,-0.6157436370849609,0,True,2,False,3.82517147064209,-1.1720000505447388,0,True,6,False,0.023192882537841797,-0.7230720520019531,1,False,0,True,-1.9424302577972412,0.8828486204147339,1,False,6,False,-5.570919036865234,-3.532930850982666
private,3143,6,Neutral,V21_CORRECT_V22_WRONG,True,True,4,False,4,False,-2.006742477416992,-2.986301898956299,4,False,6,True,-2.5268261432647705,3.11120343208313,4,False,6,True,-2.634234666824341,3.1058270931243896,4,False,4,False,-2.1019911766052246,-2.9572110176086426,4,False,6,True,-2.5104196071624756,3.1485395431518555,4,False,4,False,-1.9251288175582886,-2.892516613006592,4,False,4,False,-2.6700234413146973,-2.940709352493286,6,True,4,False,1.5737671852111816,-1.6045024394989014
private,3149,0,Angry,V21_CORRECT_V22_WRONG,True,True,4,False,4,False,-3.5197372436523438,-1.8950190544128418,4,False,0,True,-3.7632858753204346,0.2573009729385376,4,False,0,True,-3.8110783100128174,0.20797836780548096,4,False,4,False,-3.4846482276916504,-1.881636619567871,4,False,0,True,-3.754185676574707,0.2737537622451782,4,False,4,False,-3.408074378967285,-1.7789814472198486,4,False,4,False,-3.6689507961273193,-1.7261525392532349,4,False,4,False,-1.6994127035140991,-0.43235957622528076
private,3150,4,Sad,V22_CORRECT_V21_WRONG,True,True,4,True,6,False,1.8094055652618408,-0.48036766052246094,4,True,6,False,0.9179961681365967,-1.0552043914794922,4,True,6,False,0.7280322313308716,-0.8696742057800293,4,True,6,False,1.8057438135147095,-0.5055979490280151,4,True,6,False,0.9027482271194458,-1.0491746664047241,4,True,6,False,1.7251678705215454,-0.598781943321228,4,True,6,False,1.544480562210083,-1.007351279258728,6,False,4,True,-2.5195400714874268,2.8336548805236816
private,3160,5,Surprise,V22_CORRECT_V21_WRONG,True,True,2,False,3,False,-0.03919637203216553,-2.4045896530151367,5,True,2,False,1.5617823600769043,-4.437285423278809,5,True,2,False,0.9811532497406006,-4.442185401916504,2,False,3,False,-0.0035119056701660156,-2.5006942749023438,5,True,2,False,1.3924472332000732,-4.3943963050842285,5,True,3,False,0.07125568389892578,-2.5022695064544678,5,True,3,False,1.1257233619689941,-0.7158935070037842,2,False,3,False,-4.438563823699951,-4.297304153442383
private,3161,3,Happy,V22_CORRECT_V21_WRONG,True,True,5,False,4,False,-1.1128129959106445,-0.8071409463882446,3,True,4,False,4.471182823181152,-3.338064193725586,3,True,4,False,4.427459239959717,-3.2332189083099365,5,False,4,False,-1.1668310165405273,-0.9076968431472778,3,True,4,False,4.457395553588867,-3.355388879776001,5,False,4,False,-0.9881969094276428,-0.6602511405944824,5,False,4,False,-1.582634687423706,-2.9174015522003174,5,False,3,True,-1.4173911809921265,4.688488960266113
private,3170,5,Surprise,V22_CORRECT_V21_WRONG,True,True,5,True,5,True,3.063392162322998,2.4812052249908447,5,True,2,False,3.246809482574463,-0.8495252132415771,5,True,2,False,3.2834925651550293,-1.1427335739135742,5,True,5,True,3.1048946380615234,2.4615042209625244,5,True,2,False,3.2454934120178223,-0.8931052684783936,5,True,5,True,3.0352702140808105,2.991260051727295,5,True,5,True,2.875670909881592,2.3315675258636475,5,True,5,True,4.2768874168396,3.472184896469116
private,3178,6,Neutral,V22_CORRECT_V21_WRONG,True,True,6,True,6,True,0.5287832021713257,0.6027059555053711,6,True,0,False,0.24124956130981445,-1.537339687347412,4,False,0,False,-0.1179664134979248,-1.2489545345306396,6,True,6,True,0.07219159603118896,0.5907725095748901,6,True,0,False,0.0736532211303711,-1.4264633655548096,2,False,6,True,-0.5271309614181519,0.6847370862960815,2,False,6,True,-0.7889536619186401,1.0927538871765137,2,False,6,True,-3.599957227706909,0.0462338924407959
private,3181,2,Fear,V21_CORRECT_V22_WRONG,True,True,3,False,3,False,-4.163011074066162,-2.513315200805664,2,True,2,True,0.11466753482818604,1.861307144165039,3,False,2,True,-0.4691082239151001,2.2087960243225098,3,False,3,False,-4.1495361328125,-2.493682622909546,2,True,2,True,0.1526486873626709,1.8999865055084229,3,False,3,False,-3.8054656982421875,-2.447683095932007,3,False,3,False,-4.363124847412109,-3.207756996154785,3,False,2,True,-4.400503158569336,0.16454005241394043
private,3188,4,Sad,V21_CORRECT_V22_WRONG,True,True,4,True,3,False,3.280879020690918,-0.10114502906799316,3,False,4,True,-1.9771225452423096,3.0963680744171143,3,False,4,True,-1.9137933254241943,2.8773880004882812,4,True,3,False,3.2885403633117676,-0.4106900691986084,3,False,4,True,-1.9330343008041382,3.07305645942688,4,True,3,False,3.554476022720337,-0.8312749862670898,4,True,3,False,4.008792400360107,-0.5457963943481445,4,True,3,False,3.2387876510620117,-4.4674835205078125
private,3193,2,Fear,V21_CORRECT_V22_WRONG,True,True,4,False,2,True,-0.9208787679672241,2.8070976734161377,4,False,2,True,-2.7318832874298096,0.6584043502807617,4,False,2,True,-2.7014613151550293,0.4849693775177002,4,False,2,True,-0.8072926998138428,2.758925437927246,4,False,2,True,-2.5786213874816895,0.6601920127868652,4,False,2,True,-0.5643219947814941,2.8179750442504883,4,False,2,True,-0.9346437454223633,2.4974145889282227,4,False,2,True,-1.7593997716903687,1.966950535774231
private,3195,6,Neutral,V22_CORRECT_V21_WRONG,True,True,6,True,4,False,2.0751891136169434,-1.6003144979476929,6,True,2,False,2.5457777976989746,-1.5283892154693604,6,True,2,False,2.434152364730835,-1.4097650051116943,6,True,4,False,2.064242362976074,-1.5983989238739014,6,True,2,False,2.5913259983062744,-1.4941047430038452,6,True,4,False,2.1780993938446045,-1.4772487878799438,6,True,4,False,0.2733755111694336,-1.0833359956741333,6,True,4,False,3.1411073207855225,-1.556139349937439
private,3197,4,Sad,V21_CORRECT_V22_WRONG,True,True,4,True,2,False,2.6248698234558105,-2.140385627746582,2,False,4,True,-3.115250587463379,0.4174463748931885,2,False,4,True,-3.167985439300537,0.33342838287353516,4,True,2,False,2.652878999710083,-2.1017494201660156,2,False,4,True,-3.040161371231079,0.3090357780456543,4,True,2,False,2.468442916870117,-2.086527109146118,2,False,2,False,-0.3052184581756592,-2.155611038208008,2,False,3,False,-1.693824291229248,-1.8579014539718628
private,3198,4,Sad,V22_CORRECT_V21_WRONG,True,True,6,False,4,True,-2.4645962715148926,3.209540605545044,4,True,6,False,3.4113988876342773,-0.5900371074676514,4,True,6,False,3.3318378925323486,-0.5355014801025391,6,False,4,True,-2.090446710586548,3.069188117980957,4,True,6,False,3.4997055530548096,-0.664238691329956,6,False,4,True,-2.4561879634857178,2.7759549617767334,4,True,4,True,0.8932205438613892,3.9692647457122803,6,False,3,False,-0.03020334243774414,-4.884763717651367
private,3215,5,Surprise,V21_CORRECT_V22_WRONG,True,True,5,True,5,True,3.65213942527771,4.068447589874268,0,False,5,True,-0.5985167026519775,4.295904159545898,0,False,5,True,-0.5280348062515259,4.347066879272461,5,True,5,True,3.5717360973358154,4.101472854614258,0,False,5,True,-0.5101786851882935,4.304777145385742,5,True,5,True,3.350412368774414,4.08103609085083,5,True,5,True,0.9962375164031982,4.329545021057129,2,False,5,True,-5.75282621383667,2.361727714538574
private,3217,4,Sad,V22_CORRECT_V21_WRONG,True,True,3,False,4,True,-4.632152557373047,3.8441696166992188,4,True,3,False,0.9672113656997681,-0.7003293037414551,4,True,3,False,0.8963203430175781,-0.6939243674278259,3,False,4,True,-4.7353515625,3.8330342769622803,4,True,3,False,0.9307596683502197,-0.7767435312271118,3,False,4,True,-4.6470818519592285,3.790614604949951,3,False,4,True,-4.4452805519104,3.5799832344055176,6,False,4,True,-1.5404436588287354,1.3309482336044312
private,3221,3,Happy,V21_CORRECT_V22_WRONG,True,True,6,False,3,True,-4.565982818603516,3.1595959663391113,6,False,3,True,-4.398545742034912,4.066678524017334,6,False,3,True,-4.394061088562012,3.981994152069092,6,False,3,True,-4.564666748046875,3.1560475826263428,6,False,3,True,-4.439134120941162,4.077243328094482,6,False,3,True,-4.561651229858398,3.302757501602173,6,False,3,True,-4.671268939971924,2.7840898036956787,6,False,3,True,-3.976778507232666,3.5154807567596436
private,3222,3,Happy,V22_CORRECT_V21_WRONG,True,True,6,False,3,True,-3.4222567081451416,3.9853718280792236,3,True,6,False,0.7087693214416504,-1.8084824085235596,3,True,6,False,0.9204044342041016,-1.8678873777389526,6,False,3,True,-3.300773859024048,4.074211597442627,3,True,6,False,0.6398000717163086,-1.6924736499786377,6,False,3,True,-3.27173113822937,4.178582668304443,6,False,3,True,-4.209439277648926,3.8658108711242676,6,False,3,True,-3.5850141048431396,2.5445923805236816
private,3228,0,Angry,V21_CORRECT_V22_WRONG,True,True,6,False,3,False,-0.2534278631210327,-3.4245009422302246,3,False,0,True,-3.23136568069458,3.79449200630188,3,False,0,True,-3.3266704082489014,3.8003058433532715,6,False,3,False,-0.35438084602355957,-3.4336743354797363,3,False,0,True,-3.1990978717803955,3.8119027614593506,0,True,3,False,0.012698769569396973,-3.404588222503662,3,False,3,False,-0.06166982650756836,-3.176906108856201,3,False,3,False,-2.615394115447998,-3.545950174331665
private,3232,5,Surprise,V22_CORRECT_V21_WRONG,True,True,2,False,5,True,-2.3304734230041504,1.443333387374878,5,True,3,False,2.210919141769409,-3.1091017723083496,5,True,3,False,2.193294048309326,-2.974792957305908,2,False,5,True,-2.317627191543579,1.373298168182373,5,True,3,False,2.3059306144714355,-3.1391608715057373,2,False,5,True,-2.0165152549743652,1.1248180866241455,2,False,5,True,-3.098428964614868,1.4904212951660156,5,True,5,True,3.630427837371826,0.07045269012451172
private,3234,6,Neutral,V22_CORRECT_V21_WRONG,True,True,0,False,4,False,-2.0564768314361572,-2.5649991035461426,6,True,4,False,3.9147255420684814,-0.7842651009559631,6,True,4,False,4.064137935638428,-0.9400913119316101,0,False,4,False,-2.043144464492798,-2.551999807357788,6,True,4,False,3.9482128620147705,-0.7686019539833069,0,False,4,False,-2.075101137161255,-2.540469169616699,0,False,4,False,-2.506855010986328,-2.4443442821502686,0,False,4,False,-4.569125175476074,-3.1826562881469727
private,3235,4,Sad,V21_CORRECT_V22_WRONG,True,True,3,False,3,False,-1.2063068151474,-2.587783098220825,3,False,4,True,-3.167468309402466,0.1770801544189453,3,False,4,True,-3.1037466526031494,0.4706467390060425,3,False,3,False,-1.4273868799209595,-2.675665855407715,3,False,4,True,-3.292064905166626,0.26674485206604004,3,False,3,False,-2.1674692630767822,-2.848057746887207,3,False,6,False,-2.250164747238159,-1.1819957494735718,3,False,4,True,-3.2212178707122803,1.9399023056030273
private,3237,6,Neutral,V22_CORRECT_V21_WRONG,True,True,6,True,3,False,1.6003849506378174,-1.9684473276138306,6,True,3,False,3.220703363418579,-0.49778199195861816,6,True,3,False,3.18808650970459,-0.6564970016479492,6,True,3,False,1.5832252502441406,-1.970197081565857,6,True,3,False,3.2316365242004395,-0.4845428466796875,6,True,3,False,1.4257636070251465,-1.8594712018966675,6,True,3,False,1.1430333852767944,-0.4795553684234619,6,True,3,False,3.8689048290252686,-2.221365451812744
private,3243,2,Fear,V21_CORRECT_V22_WRONG,True,True,6,False,6,False,-1.4384846687316895,-4.307760715484619,4,False,2,True,-1.236633062362671,0.26275908946990967,4,False,2,True,-1.4201784133911133,0.41150593757629395,6,False,6,False,-1.8633673191070557,-4.3582987785339355,4,False,2,True,-1.4893872737884521,0.1999880075454712,6,False,6,False,-2.3362321853637695,-4.3327131271362305,6,False,6,False,-0.7619885802268982,-4.5034356117248535,6,False,6,False,-3.132946729660034,-5.257902145385742
private,3267,0,Angry,V21_CORRECT_V22_WRONG,True,True,4,False,4,False,-3.0034196376800537,-0.797440767288208,4,False,0,True,-2.218478202819824,0.5257127285003662,6,False,0,True,-2.1584486961364746,0.5324579477310181,4,False,4,False,-3.063952684402466,-0.814753532409668,4,False,0,True,-2.1969025135040283,0.5234330892562866,4,False,4,False,-2.9866206645965576,-0.6971118450164795,4,False,4,False,-3.1545724868774414,-0.3401273488998413,2,False,0,True,-1.6188429594039917,1.944791316986084
private,3274,0,Angry,V22_CORRECT_V21_WRONG,True,True,5,False,0,True,-1.619920015335083,1.968339443206787,0,True,3,False,4.095837116241455,-2.33920955657959,0,True,3,False,4.110066890716553,-2.529186725616455,5,False,0,True,-1.5204532146453857,1.9465996026992798,0,True,3,False,4.114567756652832,-2.405301570892334,5,False,0,True,-1.2746696472167969,1.965793251991272,5,False,0,True,-2.3054845333099365,2.0813283920288086,5,False,0,True,-3.043309211730957,3.2302746772766113
private,3277,2,Fear,V22_CORRECT_V21_WRONG,True,True,2,True,4,False,3.310392379760742,-0.07622742652893066,4,False,4,False,-0.2758139371871948,-0.5743478536605835,2,True,4,False,0.34326791763305664,-0.39650964736938477,2,True,4,False,3.3242502212524414,-0.1427609920501709,4,False,4,False,-0.2372760772705078,-0.5752789974212646,2,True,4,False,3.4454309940338135,-0.21328210830688477,2,True,2,True,2.999380588531494,0.4851491451263428,3,False,2,True,-4.326931953430176,1.281972885131836
private,3298,3,Happy,V21_CORRECT_V22_WRONG,True,True,5,False,3,True,-2.9356296062469482,3.086022138595581,5,False,3,True,-2.394679307937622,2.4410958290100098,5,False,3,True,-2.573936700820923,2.4241626262664795,5,False,3,True,-2.9831385612487793,3.118317127227783,5,False,3,True,-2.554225206375122,2.4080402851104736,5,False,3,True,-2.8334832191467285,3.249019145965576,5,False,3,True,-3.27067232131958,3.244983434677124,5,False,3,True,-2.7935073375701904,1.1132328510284424
private,3302,4,Sad,V21_CORRECT_V22_WRONG,True,True,4,True,4,True,1.0079543590545654,0.24575567245483398,2,False,4,True,-1.1388664245605469,0.9754317998886108,2,False,4,True,-1.0642318725585938,1.0353337526321411,4,True,4,True,1.0341525077819824,0.20491886138916016,2,False,4,True,-1.1234877109527588,1.0266293287277222,4,True,4,True,1.092189073562622,0.1669921875,4,True,4,True,1.2053024768829346,1.3896344900131226,4,True,4,True,3.5231456756591797,0.9433361291885376
private,3306,3,Happy,V22_CORRECT_V21_WRONG,True,True,2,False,0,False,-4.914141654968262,-2.069906234741211,3,True,2,False,0.21220338344573975,-3.720977306365967,3,True,2,False,1.410601019859314,-3.7967913150787354,2,False,0,False,-4.909883499145508,-2.1086015701293945,4,False,2,False,-0.16475129127502441,-3.776128053665161,2,False,0,False,-4.913186073303223,-2.0427064895629883,2,False,4,False,-4.960321426391602,-0.40989458560943604,2,False,2,False,-4.8705549240112305,-2.746673583984375
private,3313,0,Angry,V21_CORRECT_V22_WRONG,True,True,0,True,0,True,2.3394265174865723,3.2081940174102783,3,False,0,True,-1.8793176412582397,2.4824681282043457,3,False,0,True,-2.174564838409424,2.4783918857574463,0,True,0,True,2.436319351196289,3.211359977722168,3,False,0,True,-1.7520862817764282,2.435537099838257,0,True,0,True,2.7847483158111572,3.1914145946502686,3,False,0,True,-2.002412796020508,3.4224085807800293,0,True,3,False,0.6815454959869385,-4.168749809265137
private,3328,6,Neutral,V21_CORRECT_V22_WRONG,True,True,4,False,6,True,-3.6597023010253906,1.2581989765167236,4,False,6,True,-2.352318286895752,2.641172170639038,4,False,6,True,-2.1251134872436523,2.6524062156677246,4,False,6,True,-3.6532554626464844,1.2258241176605225,4,False,6,True,-2.530496597290039,2.6418070793151855,4,False,6,True,-4.055208683013916,1.1963145732879639,4,False,6,True,-3.8325533866882324,0.7680788040161133,6,True,3,False,3.6133835315704346,-0.39758825302124023
private,3331,2,Fear,V21_CORRECT_V22_WRONG,True,True,4,False,2,True,-3.4965929985046387,1.7225210666656494,0,False,2,True,-4.000007152557373,2.4450156688690186,0,False,2,True,-3.9186205863952637,2.411036491394043,4,False,2,True,-3.4867429733276367,1.710455060005188,0,False,2,True,-3.9772698879241943,2.3815457820892334,4,False,2,True,-3.421335220336914,1.7531477212905884,4,False,2,True,-3.7207608222961426,1.6486872434616089,4,False,4,False,-5.015526294708252,-3.0116655826568604
private,3336,6,Neutral,V21_CORRECT_V22_WRONG,True,True,4,False,6,True,-5.050753593444824,0.3147904872894287,4,False,6,True,-0.742344856262207,1.615649938583374,4,False,6,True,-1.176424503326416,1.4457736015319824,4,False,6,True,-5.049851417541504,0.32032620906829834,4,False,6,True,-0.6835000514984131,1.6020550727844238,4,False,6,True,-5.043133735656738,0.3125886917114258,4,False,6,True,-5.074955940246582,0.9901221990585327,4,False,3,False,-5.347736358642578,-1.7884637117385864
private,3348,6,Neutral,V21_CORRECT_V22_WRONG,True,True,6,True,3,False,0.201574444770813,-0.8196452856063843,3,False,6,True,-0.7849218845367432,1.0971357822418213,3,False,6,True,-0.6000810861587524,1.081343412399292,3,False,3,False,-0.0921088457107544,-0.8597208261489868,3,False,6,True,-0.7016847133636475,1.1284935474395752,3,False,3,False,-0.07085299491882324,-0.8852263689041138,3,False,3,False,-0.5557982921600342,-0.2437211275100708,3,False,6,True,-3.408726930618286,2.6021487712860107
private,3349,3,Happy,V21_CORRECT_V22_WRONG,True,True,3,True,4,False,3.6951096057891846,-0.32104671001434326,6,False,3,True,-0.0002193450927734375,1.4607857465744019,6,False,3,True,-0.5764627456665039,1.608569622039795,3,True,4,False,3.6420552730560303,-0.2266322374343872,3,True,3,True,0.014658451080322266,1.4957228899002075,3,True,4,False,3.9535160064697266,-0.29927098751068115,3,True,6,False,3.631917715072632,-1.6374084949493408,4,False,3,True,-1.7228279113769531,3.816472053527832
private,3356,2,Fear,V22_CORRECT_V21_WRONG,True,True,2,True,4,False,2.8227295875549316,-3.5116922855377197,2,True,4,False,2.3213119506835938,-1.17319655418396,2,True,4,False,2.6407079696655273,-1.2048416137695312,2,True,4,False,2.9847424030303955,-3.53786039352417,2,True,4,False,2.4700839519500732,-1.204741358757019,2,True,4,False,2.9872312545776367,-3.4246134757995605,2,True,4,False,3.510871171951294,-3.4493513107299805,2,True,4,False,4.103525161743164,-3.642854690551758
private,3357,4,Sad,V22_CORRECT_V21_WRONG,True,True,4,True,4,True,2.8086130619049072,3.719569206237793,4,True,2,False,4.4525346755981445,-0.3888436555862427,4,True,2,False,4.497079849243164,-0.572041392326355,4,True,4,True,2.6915907859802246,3.721066951751709,4,True,2,False,4.509880065917969,-0.4284311532974243,4,True,4,True,2.3960282802581787,3.666304588317871,4,True,4,True,3.325263500213623,3.9092423915863037,4,True,4,True,2.150531768798828,2.6683621406555176
private,3372,6,Neutral,V21_CORRECT_V22_WRONG,True,True,6,True,0,False,3.456897497177124,-1.6384353637695312,4,False,6,True,-2.4932146072387695,1.5051827430725098,4,False,6,True,-2.4500961303710938,1.4819188117980957,6,True,0,False,3.3753716945648193,-1.656710147857666,4,False,6,True,-2.5128865242004395,1.487870454788208,6,True,0,False,3.2390992641448975,-1.6112333536148071,6,True,0,False,2.368701219558716,-1.9995328187942505,0,False,6,True,-2.3726067543029785,0.5123914480209351
private,3375,6,Neutral,V22_CORRECT_V21_WRONG,True,True,4,False,6,True,-3.7748966217041016,0.03815722465515137,6,True,6,True,2.948366165161133,0.08175945281982422,6,True,4,False,2.8689754009246826,-0.09879350662231445,4,False,6,True,-3.904792308807373,0.08517813682556152,6,True,6,True,2.9855566024780273,0.11084520816802979,4,False,6,True,-3.810406446456909,0.009252071380615234,4,False,6,True,-3.98996901512146,0.2731592655181885,4,False,6,True,-2.4112114906311035,2.5817151069641113
private,3376,6,Neutral,V22_CORRECT_V21_WRONG,True,True,4,False,4,False,-2.7016518115997314,-4.561682224273682,6,True,4,False,0.8635183572769165,-1.11500084400177,6,True,4,False,1.0464550256729126,-1.1663788557052612,4,False,4,False,-2.68241286277771,-4.545330047607422,6,True,4,False,0.8440879583358765,-1.0948985815048218,4,False,4,False,-2.480637311935425,-4.546783924102783,4,False,4,False,-1.9432169198989868,-3.7947030067443848,0,False,4,False,-4.3303046226501465,-1.5281791687011719
private,3378,4,Sad,V21_CORRECT_V22_WRONG,True,True,4,True,3,False,0.24854278564453125,-4.1929168701171875,3,False,4,True,-4.580930709838867,0.18238210678100586,3,False,4,True,-4.586560249328613,0.31246042251586914,4,True,3,False,0.05559659004211426,-4.185118198394775,3,False,4,True,-4.604075908660889,0.2706718444824219,3,False,3,False,-0.3570561408996582,-4.200959205627441,3,False,3,False,-1.941467046737671,-4.160484313964844,5,False,3,False,-1.9601986408233643,-4.355340957641602
private,3389,5,Surprise,V21_CORRECT_V22_WRONG,True,True,3,False,5,True,-1.6863747835159302,2.3747293949127197,3,False,5,True,-1.3481221199035645,2.2600326538085938,3,False,5,True,-1.351481318473816,2.4252166748046875,3,False,5,True,-1.6515629291534424,2.367778778076172,3,False,5,True,-1.4143394231796265,2.2741169929504395,3,False,5,True,-1.7193537950515747,2.277073383331299,3,False,5,True,-1.1186895370483398,2.595226764678955,5,True,3,False,0.9684967994689941,-0.354461669921875
private,3391,6,Neutral,V21_CORRECT_V22_WRONG,True,True,2,False,6,True,-4.295906066894531,2.8504879474639893,2,False,6,True,-2.291785717010498,2.504154682159424,2,False,6,True,-1.9525151252746582,2.4839367866516113,2,False,6,True,-4.295521259307861,2.8522567749023438,2,False,6,True,-2.3270456790924072,2.5107085704803467,2,False,6,True,-4.448387145996094,2.913325786590576,2,False,6,True,-4.952641010284424,3.2729101181030273,2,False,6,True,-5.560569763183594,2.8408079147338867
private,3393,4,Sad,V21_CORRECT_V22_WRONG,True,True,4,True,4,True,0.3366434574127197,0.4247143268585205,4,True,4,True,0.06816649436950684,0.45751678943634033,6,False,4,True,-0.3027303218841553,0.4909130334854126,4,True,4,True,0.28728973865509033,0.4056665897369385,4,True,4,True,0.07040417194366455,0.44243323802948,4,True,4,True,0.04034304618835449,0.41404223442077637,4,True,4,True,0.17418766021728516,0.42949116230010986,4,True,6,False,1.0762985944747925,-2.4075658321380615
private,3401,4,Sad,V21_CORRECT_V22_WRONG,True,True,4,True,4,True,4.595221519470215,0.7267987728118896,3,False,4,True,-1.9846166372299194,1.6546287536621094,3,False,4,True,-1.5668907165527344,1.7111085653305054,4,True,4,True,4.620519638061523,0.6716526746749878,3,False,4,True,-1.8193247318267822,1.6465163230895996,4,True,4,True,4.691923141479492,0.3159750699996948,4,True,4,True,4.679672718048096,0.5223270654678345,4,True,3,False,2.4826087951660156,-4.679432392120361
private,3407,6,Neutral,V22_CORRECT_V21_WRONG,True,True,4,False,6,True,-1.212398648262024,4.128634929656982,6,True,4,False,4.478543758392334,-0.7453387975692749,6,True,4,False,4.487040996551514,-0.7525864839553833,4,False,6,True,-1.154860496520996,4.166178226470947,6,True,4,False,4.488537788391113,-0.6657977104187012,4,False,6,True,-1.2021188735961914,4.175840854644775,4,False,6,True,-1.226084589958191,4.388502597808838,4,False,6,True,-4.667220115661621,4.2278852462768555
private,3408,4,Sad,V22_CORRECT_V21_WRONG,True,True,4,True,3,False,0.6723191738128662,-2.485668659210205,4,True,0,False,3.0215675830841064,-1.428207516670227,4,True,0,False,2.996800422668457,-1.3617212772369385,4,True,3,False,0.6006901264190674,-2.595456838607788,4,True,0,False,3.0862812995910645,-1.3097326755523682,4,True,3,False,0.9230036735534668,-2.446376085281372,4,True,3,False,2.2832016944885254,-2.7409005165100098,6,False,3,False,-4.148359298706055,-4.110179424285889
private,3418,0,Angry,V22_CORRECT_V21_WRONG,True,True,0,True,6,False,2.6391189098358154,-1.0369501113891602,0,True,6,False,1.192870855331421,-0.7092737555503845,0,True,6,False,1.0857435464859009,-0.7221134305000305,0,True,6,False,2.66050124168396,-1.0590423345565796,0,True,6,False,0.9748659133911133,-0.7297472357749939,0,True,6,False,2.807905912399292,-1.113991618156433,0,True,6,False,2.711921453475952,-0.9986802339553833,0,True,0,True,2.9378066062927246,0.20776522159576416
private,3430,6,Neutral,V22_CORRECT_V21_WRONG,True,True,3,False,6,True,-5.770527362823486,2.723804235458374,6,True,3,False,3.8563344478607178,-0.9198522567749023,6,True,3,False,3.614319324493408,-0.7880133390426636,3,False,6,True,-5.754049301147461,2.7036445140838623,6,True,3,False,3.8844799995422363,-0.8766754865646362,3,False,6,True,-5.695224761962891,2.829103708267212,3,False,6,True,-5.606115341186523,3.063560724258423,3,False,3,False,-4.322936058044434,-4.687724590301514
private,3440,5,Surprise,V22_CORRECT_V21_WRONG,True,True,5,True,2,False,1.668295979499817,-2.4907782077789307,5,True,2,False,4.031987190246582,-1.1051959991455078,5,True,2,False,4.109985828399658,-1.2444521188735962,5,True,2,False,1.6433801651000977,-2.4788553714752197,5,True,2,False,4.052988529205322,-1.0927149057388306,5,True,2,False,1.2711440324783325,-2.487434148788452,5,True,2,False,1.4716590642929077,-2.0232555866241455,2,False,2,False,-2.707866668701172,-3.0129055976867676
private,3442,2,Fear,V21_CORRECT_V22_WRONG,True,True,2,True,4,False,4.837796688079834,-2.4656238555908203,4,False,2,True,-1.4132229089736938,0.7423226237297058,4,False,2,True,-1.2692551612854004,0.44778645038604736,2,True,4,False,4.857708930969238,-2.4061596393585205,4,False,2,True,-1.3436708450317383,0.754823625087738,2,True,4,False,4.834291458129883,-2.2250571250915527,2,True,4,False,4.850729465484619,-2.5241196155548096,2,True,3,False,1.8029392957687378,-2.606113910675049
private,3443,6,Neutral,V22_CORRECT_V21_WRONG,True,True,4,False,2,False,-0.19509375095367432,-3.6780290603637695,6,True,4,False,3.4844179153442383,-3.761111259460449,6,True,4,False,3.559835910797119,-3.91542387008667,4,False,2,False,-0.15372848510742188,-3.6911234855651855,6,True,4,False,3.5009849071502686,-3.775958776473999,2,False,2,False,-0.4360489845275879,-3.6794633865356445,4,False,2,False,-0.37234508991241455,-3.341160297393799,2,False,6,True,-2.6358468532562256,0.7829488515853882
private,3444,4,Sad,V21_CORRECT_V22_WRONG,True,True,4,True,6,False,2.166332244873047,-3.6266579627990723,0,False,4,True,-1.6225907802581787,1.5767613649368286,0,False,4,True,-1.5921090841293335,1.470764398574829,4,True,6,False,2.1494569778442383,-3.6155877113342285,0,False,4,True,-1.6882550716400146,1.3809741735458374,4,True,6,False,2.0732760429382324,-3.5558888912200928,0,False,6,False,-0.06929028034210205,-3.9747657775878906,1,False,6,False,-1.9887495040893555,-3.7295308113098145
private,3453,0,Angry,V22_CORRECT_V21_WRONG,True,True,1,False,1,False,-0.8819818496704102,-3.241793632507324,0,True,1,False,3.0633676052093506,-2.091083526611328,0,True,1,False,3.1104774475097656,-2.3147621154785156,1,False,1,False,-0.7920390367507935,-3.1720762252807617,0,True,1,False,3.0967838764190674,-2.056689500808716,2,False,1,False,-1.1060316562652588,-3.112405776977539,4,False,5,False,-3.6192116737365723,-3.1855902671813965,2,False,2,False,-3.824162006378174,-3.5152275562286377
private,3455,0,Angry,V21_CORRECT_V22_WRONG,True,True,6,False,4,False,-4.42467737197876,-1.2242838144302368,4,False,0,True,-3.394597291946411,0.6186670064926147,4,False,0,True,-3.238615036010742,0.5845736265182495,6,False,4,False,-4.4354424476623535,-1.295644998550415,4,False,0,True,-3.3408141136169434,0.6400455236434937,6,False,4,False,-4.275991916656494,-1.4008636474609375,6,False,4,False,-4.332854270935059,-1.1137312650680542,6,False,4,False,-4.162276268005371,-3.302611827850342
private,3457,6,Neutral,V22_CORRECT_V21_WRONG,True,True,4,False,4,False,-0.8142025470733643,-2.4517264366149902,6,True,0,False,0.38978099822998047,-0.2859557867050171,6,True,0,False,0.6540966033935547,-0.27778327465057373,4,False,4,False,-1.0759227275848389,-2.3304314613342285,6,True,0,False,0.2931802272796631,-0.18425512313842773,4,False,4,False,-1.0142136812210083,-2.2243759632110596,4,False,4,False,-1.5469659566879272,-2.582726240158081,6,True,0,False,1.160399079322815,-0.5917903184890747
private,3462,2,Fear,V22_CORRECT_V21_WRONG,True,True,2,True,4,False,4.913805961608887,-2.9164505004882812,2,True,5,False,4.906813144683838,-0.2538726329803467,2,True,5,False,5.002379417419434,-0.2861952781677246,2,True,4,False,4.899133682250977,-2.9431991577148438,2,True,5,False,4.889771461486816,-0.3186471462249756,2,True,4,False,4.823936462402344,-2.761441946029663,2,True,4,False,4.837754249572754,-2.591503143310547,6,False,3,False,-3.162559747695923,-4.304053783416748
private,3466,6,Neutral,V22_CORRECT_V21_WRONG,True,True,4,False,6,True,-2.70949387550354,3.1282451152801514,6,True,2,False,1.843031883239746,-3.5555577278137207,6,True,2,False,1.8245735168457031,-3.5914721488952637,4,False,6,True,-2.7861993312835693,3.1961896419525146,6,True,2,False,1.6843332052230835,-3.5585403442382812,4,False,6,True,-2.8726251125335693,3.250049114227295,4,False,6,True,-2.438218116760254,1.0946029424667358,2,False,4,False,-4.3250017166137695,-0.6812683343887329
private,3467,6,Neutral,V22_CORRECT_V21_WRONG,True,True,6,True,6,True,0.9833638668060303,3.304535150527954,6,True,4,False,4.672771453857422,-0.3011209964752197,6,True,4,False,4.63594388961792,-0.11449885368347168,6,True,6,True,1.3390562534332275,3.3356857299804688,6,True,4,False,4.642570495605469,-0.12586712837219238,6,True,6,True,1.1128473281860352,3.405449390411377,6,True,6,True,0.9873882532119751,3.9483959674835205,6,True,6,True,4.5015692710876465,1.8200534582138062
private,3486,4,Sad,V22_CORRECT_V21_WRONG,True,True,4,True,0,False,0.7630419731140137,-3.678222417831421,4,True,3,False,3.6618754863739014,-0.5034868717193604,4,True,3,False,3.610538959503174,-0.18473434448242188,4,True,0,False,0.7376539707183838,-3.6697123050689697,4,True,3,False,3.6720380783081055,-0.39836907386779785,4,True,0,False,0.8015830516815186,-3.656069040298462,4,True,0,False,0.7243063449859619,-3.495793342590332,0,False,4,True,-4.4348039627075195,0.06558585166931152
private,3493,2,Fear,V21_CORRECT_V22_WRONG,True,True,2,True,2,True,0.6629701852798462,2.391940116882324,0,False,2,True,-2.9256367683410645,0.7256232500076294,0,False,2,True,-2.7191176414489746,0.794701099395752,2,True,2,True,0.31640028953552246,2.4033122062683105,0,False,2,True,-2.9482667446136475,0.7749084234237671,2,True,2,True,0.6164994239807129,2.477229356765747,2,True,2,True,0.9104869365692139,0.5206596255302429,5,False,2,True,-4.022454261779785,1.815451741218567
private,3500,5,Surprise,V21_CORRECT_V22_WRONG,True,True,5,True,5,True,1.0624549388885498,3.4366674423217773,0,False,5,True,-0.47391223907470703,3.958526372909546,0,False,5,True,-0.2211313247680664,3.8992767333984375,5,True,5,True,1.256786584854126,3.4045023918151855,0,False,5,True,-0.7144455909729004,3.9350478649139404,5,True,5,True,1.5477244853973389,3.555203676223755,5,True,5,True,1.229215383529663,3.379924774169922,5,True,5,True,3.1678662300109863,3.7486138343811035
private,3507,0,Angry,V21_CORRECT_V22_WRONG,True,True,0,True,0,True,2.700005531311035,0.4436759948730469,1,False,0,True,-4.074771404266357,3.5632429122924805,1,False,0,True,-3.8357467651367188,3.5620181560516357,0,True,0,True,2.7014355659484863,0.39498138427734375,1,False,0,True,-4.100392818450928,3.5546131134033203,0,True,0,True,2.945300579071045,0.32498645782470703,0,True,0,True,3.636819362640381,0.061945199966430664,0,True,4,False,0.41924047470092773,-1.9280941486358643
private,3512,0,Angry,V22_CORRECT_V21_WRONG,True,True,6,False,6,False,-0.6729865074157715,-2.27203369140625,0,True,6,False,0.2721078395843506,-0.9219845533370972,0,True,6,False,0.06631028652191162,-1.0708036422729492,6,False,6,False,-0.644829511642456,-2.3054471015930176,0,True,6,False,0.20642244815826416,-0.9562530517578125,6,False,6,False,-0.6387531757354736,-2.3141133785247803,6,False,6,False,-1.5820540189743042,-1.9016492366790771,4,False,3,False,-4.057745456695557,-4.711198329925537
private,3515,4,Sad,V21_CORRECT_V22_WRONG,True,True,6,False,4,True,-2.1155757904052734,4.254604339599609,6,False,4,True,-1.1284735202789307,0.82487952709198,6,False,4,True,-1.230677843093872,1.0305936336517334,6,False,4,True,-2.254446268081665,4.242273807525635,6,False,4,True,-1.0595767498016357,0.8832811117172241,6,False,4,True,-1.979370355606079,4.179458141326904,6,False,4,True,-1.933483362197876,4.258408069610596,6,False,4,True,-3.8422012329101562,2.29616641998291
private,3520,5,Surprise,V21_CORRECT_V22_WRONG,True,True,5,True,0,False,0.20650291442871094,-3.0584323406219482,6,False,5,True,-0.7285950183868408,2.022738456726074,6,False,5,True,-1.005246639251709,2.090674638748169,5,True,0,False,0.265529990196228,-3.0692977905273438,6,False,5,True,-0.8093552589416504,1.9891910552978516,5,True,0,False,0.5419269800186157,-3.113243341445923,5,True,0,False,0.35887205600738525,-1.9331203699111938,5,True,0,False,1.0183217525482178,-3.506117820739746
private,3521,6,Neutral,V21_CORRECT_V22_WRONG,True,True,6,True,0,False,2.267343521118164,-3.324892997741699,4,False,6,True,-0.42654335498809814,3.6554319858551025,4,False,6,True,-0.10957682132720947,3.6052541732788086,6,True,0,False,2.317225933074951,-3.314765453338623,4,False,6,True,-0.5207729339599609,3.6214959621429443,6,True,0,False,2.241295099258423,-3.2724568843841553,6,True,0,False,1.8907045125961304,-2.858065128326416,3,False,4,False,-1.0043666362762451,-3.549832344055176
private,3522,0,Angry,V22_CORRECT_V21_WRONG,True,True,0,True,4,False,3.059292793273926,-2.3317596912384033,0,True,4,False,1.613454818725586,-2.718263864517212,0,True,4,False,1.136573314666748,-2.694640636444092,0,True,4,False,2.917316436767578,-2.328234910964966,0,True,4,False,1.5907549858093262,-2.743832588195801,0,True,4,False,2.846750497817993,-2.2900876998901367,0,True,4,False,2.484450101852417,-1.4220139980316162,0,True,2,False,0.7081815004348755,-0.5095387101173401
private,3533,5,Surprise,V22_CORRECT_V21_WRONG,True,True,6,False,4,False,-4.758429527282715,-4.531432151794434,5,True,2,False,1.630906581878662,-1.5942652225494385,5,True,2,False,1.5136340856552124,-1.712110996246338,6,False,4,False,-4.856306076049805,-4.52643346786499,5,True,2,False,1.51532781124115,-1.5930836200714111,6,False,4,False,-4.691486358642578,-4.541006565093994,6,False,4,False,-4.65969181060791,-4.716577529907227,0,False,4,False,-4.651907920837402,-3.6659440994262695
private,3540,2,Fear,V21_CORRECT_V22_WRONG,True,True,2,True,0,False,2.693391799926758,-3.579439878463745,0,False,2,True,-1.1226580142974854,2.1232190132141113,0,False,2,True,-1.188698172569275,2.0356338024139404,2,True,0,False,2.6485695838928223,-3.554626703262329,0,False,2,True,-1.1050972938537598,2.1355602741241455,2,True,0,False,2.7045717239379883,-3.5274839401245117,2,True,0,False,1.7907134294509888,-3.299708127975464,0,False,0,False,-3.9494266510009766,-4.163363456726074
private,3541,3,Happy,V22_CORRECT_V21_WRONG,True,True,3,True,3,True,3.7377405166625977,2.4752161502838135,3,True,6,False,0.7056838274002075,-3.389498710632324,3,True,6,False,0.867428183555603,-3.483333110809326,3,True,3,True,3.785780191421509,2.426259994506836,3,True,6,False,0.981308102607727,-3.442340850830078,3,True,3,True,3.8094232082366943,2.43206787109375,3,True,3,True,4.305778980255127,2.131946325302124,3,True,3,True,4.8431878089904785,4.65796422958374
private,3544,5,Surprise,V21_CORRECT_V22_WRONG,True,True,4,False,2,False,-5.31960391998291,-0.8151987791061401,6,False,5,True,-3.3755059242248535,0.6086605787277222,6,False,5,True,-3.253744125366211,0.7141947746276855,4,False,2,False,-5.318135738372803,-0.728279709815979,6,False,5,True,-3.363419771194458,0.5681631565093994,4,False,2,False,-5.320348262786865,-0.9035589694976807,4,False,5,True,-5.311301231384277,0.07655847072601318,2,False,2,False,-3.5742905139923096,-3.0176451206207275
private,3550,2,Fear,V22_CORRECT_V21_WRONG,True,True,2,True,2,True,3.115414619445801,2.657296895980835,2,True,6,False,1.5525469779968262,-2.3792805671691895,2,True,6,False,1.3948355913162231,-2.5755629539489746,2,True,2,True,3.115847587585449,2.646697998046875,2,True,6,False,1.489521861076355,-2.3907482624053955,2,True,2,True,3.2054123878479004,2.660977840423584,2,True,2,True,4.527534484863281,2.1497740745544434,5,False,0,False,-1.124643325805664,-1.125795602798462
private,3553,2,Fear,V21_CORRECT_V22_WRONG,True,True,4,False,2,True,-4.62680721282959,0.17284631729125977,6,False,2,True,-2.54813814163208,1.9455491304397583,6,False,2,True,-2.8598804473876953,1.9558053016662598,4,False,2,True,-4.625798225402832,0.20149612426757812,6,False,2,True,-2.6247448921203613,1.938578724861145,4,False,2,True,-4.629367828369141,0.23176908493041992,4,False,4,False,-4.678128242492676,-0.27916622161865234,4,False,2,True,-2.6029186248779297,1.6563187837600708
private,3554,6,Neutral,V21_CORRECT_V22_WRONG,True,True,6,True,2,False,3.2972664833068848,-3.9147377014160156,0,False,6,True,-0.08334457874298096,1.1869351863861084,0,False,6,True,-0.07973802089691162,1.4992146492004395,6,True,2,False,3.328803777694702,-3.8498075008392334,0,False,6,True,-0.1075735092163086,1.3019864559173584,6,True,2,False,3.477902889251709,-3.960014820098877,6,True,2,False,3.2047486305236816,-4.0883636474609375,6,True,4,False,0.09885823726654053,-3.372880697250366
private,3555,4,Sad,V22_CORRECT_V21_WRONG,True,True,4,True,6,False,0.3808082342147827,-0.9286637306213379,4,True,6,False,2.9715843200683594,-2.0647785663604736,4,True,6,False,2.852961540222168,-1.941588282585144,4,True,6,False,0.4220602512359619,-1.0365184545516968,4,True,6,False,2.9719231128692627,-2.0224156379699707,4,True,6,False,0.6224046945571899,-1.0678110122680664,4,True,6,False,2.3737854957580566,-1.2457795143127441,6,False,6,False,-2.251631259918213,-2.34930419921875
private,3564,2,Fear,V21_CORRECT_V22_WRONG,True,True,2,True,6,False,1.5139377117156982,-4.37747049331665,6,False,2,True,-2.4251112937927246,0.17059826850891113,6,False,2,True,-2.3941855430603027,0.14341473579406738,2,True,6,False,1.4112403392791748,-4.388775825500488,6,False,2,True,-2.3820154666900635,0.10752153396606445,2,True,6,False,1.8486053943634033,-4.457179546356201,0,False,6,False,-0.3263988494873047,-4.232568264007568,2,True,6,False,0.5814671516418457,-4.7393388748168945
private,3573,6,Neutral,V21_CORRECT_V22_WRONG,True,True,0,False,4,False,-1.4154196977615356,-3.8217430114746094,4,False,6,True,-2.4097259044647217,0.49816131591796875,4,False,6,True,-2.2309889793395996,0.4495418071746826,0,False,4,False,-1.5201122760772705,-3.8708133697509766,4,False,6,True,-2.4411587715148926,0.3753366470336914,0,False,4,False,-1.5539031028747559,-3.775482177734375,2,False,4,False,-2.5179810523986816,-3.860156536102295,0,False,4,False,-5.007678985595703,-5.6988420486450195
private,3575,4,Sad,V22_CORRECT_V21_WRONG,True,True,4,True,2,False,2.989035129547119,-1.9994827508926392,4,True,2,False,2.1641993522644043,-2.35367488861084,4,True,2,False,2.1789822578430176,-2.4455137252807617,4,True,2,False,3.013801097869873,-1.8868091106414795,4,True,2,False,2.1830124855041504,-2.443682909011841,4,True,2,False,3.1216237545013428,-1.6673997640609741,4,True,2,False,3.2685739994049072,-2.4409663677215576,2,False,2,False,-4.331661224365234,-1.726900339126587
