split,row_index,true_label,true_class,sample_category,is_clean,is_strict_clean,cos_same_node_diff_readout,cos_diff_node_same_readout,base_pred,base_correct,base_margin,readout_op_only_pred,readout_op_only_correct,readout_op_only_margin,node_state_only_pred,node_state_only_correct,node_state_only_margin,both_pred,both_correct,both_margin
public,2,4,Sad,V21_CORRECT_V22_WRONG,True,True,0.5515175461769104,0.7712792158126831,4,True,0.3853766918182373,0,False,-1.0381466150283813,0,False,-0.5224474668502808,4,True,1.3313976526260376
public,20,2,Fear,V22_CORRECT_V21_WRONG,True,True,0.4447150230407715,0.471655011177063,5,False,-1.8498644828796387,2,True,0.7164028882980347,2,True,1.6782031059265137,2,True,0.736587643623352
public,25,2,Fear,V21_CORRECT_V22_WRONG,True,True,0.6176714897155762,0.4950850009918213,4,False,-0.8497392535209656,0,False,-0.7267051935195923,2,True,1.4854896068572998,2,True,0.12023711204528809
public,28,0,Angry,V21_CORRECT_V22_WRONG,True,True,0.5894325971603394,0.220881849527359,3,False,-1.8326542377471924,3,False,-4.197093486785889,0,True,4.515084266662598,0,True,3.8221194744110107
public,34,0,Angry,V22_CORRECT_V21_WRONG,True,True,0.5837609767913818,0.5493516325950623,6,False,-2.7811551094055176,6,False,-4.661672592163086,4,False,-0.26786231994628906,6,False,-0.5690336227416992
public,35,4,Sad,V21_CORRECT_V22_WRONG,True,False,0.6053063869476318,0.40500593185424805,2,False,-2.7514874935150146,2,False,-1.777323603630066,0,False,-0.011731743812561035,4,True,1.1755528450012207
public,44,6,Neutral,V22_CORRECT_V21_WRONG,True,True,0.6295113563537598,0.7338320016860962,4,False,-1.1640269756317139,4,False,-2.3306593894958496,6,True,2.0612101554870605,6,True,0.9060838222503662
public,49,6,Neutral,V21_CORRECT_V22_WRONG,True,True,0.6876183748245239,0.5407684445381165,0,False,-0.11250829696655273,0,False,-1.6133002042770386,6,True,0.013933539390563965,6,True,1.1033425331115723
public,58,5,Surprise,V22_CORRECT_V21_WRONG,True,True,0.47806236147880554,0.5138932466506958,0,False,-1.124892234802246,5,True,0.2966066598892212,5,True,3.3734378814697266,5,True,2.699082612991333
public,68,2,Fear,V22_CORRECT_V21_WRONG,True,True,0.2956550419330597,0.24123337864875793,0,False,-4.926244258880615,5,False,-0.520648717880249,2,True,2.4355788230895996,2,True,2.7349913120269775
public,70,0,Angry,V21_CORRECT_V22_WRONG,True,True,0.5153927206993103,0.5460143685340881,6,False,-1.920607328414917,6,False,-0.8192543387413025,0,True,0.11640667915344238,0,True,1.8104580640792847
public,79,4,Sad,V21_CORRECT_V22_WRONG,True,True,0.6214361190795898,0.6987835764884949,4,True,0.6312310695648193,4,True,2.6057052612304688,4,True,2.2179272174835205,4,True,2.845296859741211
public,122,0,Angry,V22_CORRECT_V21_WRONG,True,False,0.32334384322166443,0.3891395032405853,1,False,-4.554656505584717,0,True,0.1295161247253418,0,True,2.9471845626831055,0,True,0.29963457584381104
public,130,2,Fear,V22_CORRECT_V21_WRONG,True,True,0.6380553841590881,0.67458176612854,5,False,-0.4741448163986206,2,True,1.0236635208129883,2,True,3.9866857528686523,2,True,3.4464924335479736
public,132,2,Fear,V22_CORRECT_V21_WRONG,True,True,0.531181275844574,0.4504089653491974,6,False,-1.3447480201721191,2,True,0.9758083820343018,2,True,2.423190116882324,2,True,1.460949420928955
public,137,6,Neutral,V22_CORRECT_V21_WRONG,True,True,0.703335165977478,0.9133957028388977,3,False,-0.8285346031188965,3,False,-0.1903386116027832,3,False,-0.5617866516113281,6,True,1.113426685333252
public,140,6,Neutral,V21_CORRECT_V22_WRONG,True,True,0.6520373821258545,0.5535250306129456,4,False,-1.3618080615997314,0,False,-1.9320887327194214,6,True,3.27866268157959,6,True,2.645883798599243
public,145,6,Neutral,V21_CORRECT_V22_WRONG,True,True,0.4917259216308594,0.3693065643310547,4,False,-1.424750566482544,4,False,-2.4316558837890625,4,False,-0.38067150115966797,6,True,0.5008062720298767
public,156,4,Sad,V21_CORRECT_V22_WRONG,True,True,0.5885064601898193,0.8200563788414001,2,False,-0.058934926986694336,4,True,3.025498867034912,4,True,1.9557549953460693,4,True,2.9909162521362305
public,160,0,Angry,V21_CORRECT_V22_WRONG,True,True,0.5915865302085876,0.6355070471763611,4,False,-1.8427977561950684,4,False,-0.299760103225708,0,True,0.5993027687072754,0,True,1.6559135913848877
public,167,4,Sad,V22_CORRECT_V21_WRONG,True,True,0.5836281776428223,0.6902319192886353,0,False,-1.021282434463501,0,False,-0.2978125810623169,4,True,0.5601495504379272,4,True,1.6526196002960205
public,185,0,Angry,V22_CORRECT_V21_WRONG,True,True,0.554267942905426,0.5116578340530396,4,False,-1.4854042530059814,4,False,-2.0162575244903564,0,True,2.9726192951202393,0,True,0.39148616790771484
public,200,3,Happy,V21_CORRECT_V22_WRONG,True,True,0.7176336050033569,0.8896863460540771,6,False,-1.0092830657958984,3,True,1.5558078289031982,3,True,2.7995076179504395,3,True,2.8787853717803955
public,208,2,Fear,V22_CORRECT_V21_WRONG,True,True,0.5875351428985596,0.649951696395874,4,False,-1.9643528461456299,4,False,-0.36715805530548096,2,True,0.8695813417434692,2,True,2.1048526763916016
public,223,0,Angry,V22_CORRECT_V21_WRONG,True,True,0.5927600860595703,0.48039913177490234,6,False,-0.6566834449768066,6,False,-1.4093172550201416,0,True,0.6996490955352783,0,True,0.9283281564712524
public,224,0,Angry,V21_CORRECT_V22_WRONG,True,True,0.6388936042785645,0.7525903582572937,2,False,-0.22204065322875977,2,False,-1.1872801780700684,0,True,0.39153051376342773,0,True,0.933957576751709
public,234,3,Happy,V21_CORRECT_V22_WRONG,True,True,0.5636502504348755,0.6386594176292419,3,True,0.16940641403198242,4,False,-0.12517786026000977,3,True,0.3552849292755127,3,True,1.051466941833496
public,237,0,Angry,V21_CORRECT_V22_WRONG,True,True,0.6246511936187744,0.4357098340988159,2,False,-1.9680871963500977,2,False,-0.3472418785095215,4,False,-1.0060441493988037,0,True,0.2680015563964844
public,253,3,Happy,V22_CORRECT_V21_WRONG,True,True,0.47394734621047974,0.5974594950675964,2,False,-2.9662365913391113,2,False,-1.398535132408142,3,True,1.890551209449768,3,True,0.6245549917221069
public,255,6,Neutral,V21_CORRECT_V22_WRONG,True,True,0.6585716605186462,0.42373597621917725,3,False,-2.976362705230713,3,False,-3.194007158279419,6,True,1.2076711654663086,6,True,2.8254570960998535
public,271,6,Neutral,V21_CORRECT_V22_WRONG,True,True,0.5881687998771667,0.7647902369499207,4,False,-2.6304285526275635,4,False,-2.612082004547119,4,False,-0.31946659088134766,6,True,1.009087324142456
public,276,4,Sad,V21_CORRECT_V22_WRONG,True,True,0.4850967824459076,0.6901392936706543,2,False,-0.3216264247894287,4,True,3.496354341506958,4,True,0.44484663009643555,4,True,4.100864410400391
public,277,5,Surprise,V21_CORRECT_V22_WRONG,True,True,0.668897271156311,0.4040316641330719,2,False,-1.512699842453003,2,False,-3.6413605213165283,5,True,2.922811508178711,5,True,4.1625542640686035
public,279,6,Neutral,V21_CORRECT_V22_WRONG,True,True,0.665057897567749,0.700759768486023,4,False,-1.4461455345153809,4,False,-2.5788280963897705,6,True,0.09049439430236816,6,True,0.9121414422988892
public,286,0,Angry,V22_CORRECT_V21_WRONG,True,True,0.49772125482559204,0.5431961417198181,2,False,-1.8216025829315186,2,False,-2.9961347579956055,0,True,2.4069035053253174,0,True,1.3671634197235107
public,288,6,Neutral,V22_CORRECT_V21_WRONG,True,True,0.6065047979354858,0.5083737373352051,2,False,-3.5282325744628906,4,False,-2.3960630893707275,6,True,0.48297131061553955,6,True,0.6719177961349487
public,296,2,Fear,V21_CORRECT_V22_WRONG,True,True,0.5404915809631348,0.47970518469810486,2,True,0.5053009986877441,4,False,-0.4026925563812256,2,True,1.3649928569793701,2,True,2.672377109527588
public,302,2,Fear,V22_CORRECT_V21_WRONG,True,True,0.6451098918914795,0.41234290599823,3,False,-0.93187415599823,3,False,-0.9382915496826172,2,True,2.7323925495147705,2,True,2.0814943313598633
public,313,6,Neutral,V21_CORRECT_V22_WRONG,True,True,0.35182636976242065,0.48023802042007446,3,False,-1.0655426979064941,3,False,-2.813397169113159,4,False,-1.8247733116149902,6,True,0.07546448707580566
public,318,2,Fear,V22_CORRECT_V21_WRONG,True,True,0.5828588008880615,0.6963793039321899,4,False,-0.12796974182128906,2,True,2.1181769371032715,2,True,2.407588481903076,2,True,1.7833232879638672
public,324,0,Angry,V21_CORRECT_V22_WRONG,True,True,0.45570361614227295,0.12438659369945526,2,False,-4.268390655517578,2,False,-3.6836118698120117,0,True,3.366772174835205,0,True,4.7818098068237305
public,329,5,Surprise,V21_CORRECT_V22_WRONG,True,True,0.7315144538879395,0.7278345823287964,2,False,-1.64396071434021,2,False,-1.9606952667236328,5,True,1.9888694286346436,5,True,2.9204936027526855
public,331,3,Happy,V22_CORRECT_V21_WRONG,True,True,0.6982804536819458,0.8048354983329773,6,False,-0.5371813774108887,6,False,-1.0030879974365234,3,True,2.9718780517578125,3,True,1.4671437740325928
public,336,5,Surprise,V22_CORRECT_V21_WRONG,True,True,0.4446725845336914,0.6105970740318298,2,False,-2.385037422180176,2,False,-2.5905256271362305,0,False,-1.7617182731628418,5,True,1.5192793607711792
public,343,4,Sad,V22_CORRECT_V21_WRONG,True,True,0.5205665230751038,0.6392453908920288,0,False,-0.13952064514160156,0,False,-0.03846466541290283,4,True,2.217622756958008,4,True,0.9302177429199219
public,344,0,Angry,V22_CORRECT_V21_WRONG,True,True,0.4393230676651001,0.3528765141963959,6,False,-1.6893993616104126,2,False,-2.4220104217529297,0,True,1.907564640045166,2,False,-1.3125503063201904
public,345,6,Neutral,V21_CORRECT_V22_WRONG,True,True,0.689858078956604,0.3994983434677124,4,False,-0.8617641925811768,4,False,-1.7805399894714355,6,True,2.7046685218811035,6,True,3.1946346759796143
public,346,6,Neutral,V22_CORRECT_V21_WRONG,True,True,0.7012304067611694,0.8443273305892944,3,False,-3.060739517211914,3,False,-2.5332860946655273,3,False,-1.7954702377319336,6,True,0.5098814964294434
public,349,4,Sad,V22_CORRECT_V21_WRONG,True,True,0.593356728553772,0.5925859808921814,0,False,-0.5913019180297852,4,True,0.9303542375564575,4,True,1.731093168258667,4,True,2.751572370529175
public,350,6,Neutral,V22_CORRECT_V21_WRONG,True,True,0.5621693134307861,0.5692808032035828,3,False,-1.6808056831359863,4,False,-0.5906856060028076,6,True,1.500807285308838,6,True,2.3780157566070557
public,354,4,Sad,V22_CORRECT_V21_WRONG,True,True,0.6425579786300659,0.43327027559280396,6,False,-3.829658031463623,6,False,-2.186332941055298,4,True,3.455122947692871,4,True,3.07071590423584
public,361,2,Fear,V22_CORRECT_V21_WRONG,True,True,0.4840988218784332,0.32153093814849854,1,False,-4.503573894500732,2,True,0.8275985717773438,0,False,-0.14923906326293945,2,True,1.58799409866333
public,363,6,Neutral,V22_CORRECT_V21_WRONG,True,True,0.45500752329826355,0.6464674472808838,0,False,-2.22286319732666,0,False,-0.23134422302246094,6,True,1.6372034549713135,6,True,2.612370252609253
public,368,2,Fear,V21_CORRECT_V22_WRONG,True,True,0.48812657594680786,0.5153645277023315,4,False,-3.0196189880371094,4,False,-1.7640795707702637,2,True,0.43463778495788574,2,True,0.16651320457458496
public,372,4,Sad,V21_CORRECT_V22_WRONG,True,True,0.619009792804718,0.40037551522254944,3,False,-2.207817554473877,4,True,0.6242525577545166,4,True,2.756542444229126,4,True,3.819087028503418
public,389,1,Disgust,V22_CORRECT_V21_WRONG,True,False,0.44889596104621887,0.3184334635734558,4,False,-3.693127155303955,4,False,-3.61222505569458,0,False,-1.3869438171386719,0,False,-0.6649081707000732
public,410,0,Angry,V22_CORRECT_V21_WRONG,True,True,0.6440542340278625,0.6883159875869751,3,False,-1.8602957725524902,3,False,-4.03298807144165,0,True,2.710606813430786,0,True,3.4525084495544434
public,416,6,Neutral,V21_CORRECT_V22_WRONG,True,True,0.7214288711547852,0.6778420209884644,4,False,-0.7486307621002197,4,False,-0.14076769351959229,6,True,2.167173385620117,6,True,3.0049691200256348
public,429,4,Sad,V21_CORRECT_V22_WRONG,True,True,0.4806535243988037,0.6318531632423401,6,False,-3.234450578689575,6,False,-2.3404083251953125,4,True,1.874749779701233,4,True,0.39267730712890625
public,430,4,Sad,V22_CORRECT_V21_WRONG,True,True,0.5287837982177734,0.4441552758216858,2,False,-3.6105949878692627,2,False,-1.8776299953460693,4,True,0.30104196071624756,4,True,0.7763183116912842
public,434,3,Happy,V21_CORRECT_V22_WRONG,True,True,0.697563648223877,0.8367624282836914,6,False,-0.4459623098373413,3,True,1.2025914192199707,3,True,0.11481308937072754,3,True,0.8664352893829346
public,435,6,Neutral,V22_CORRECT_V21_WRONG,True,True,0.43987607955932617,0.43475666642189026,0,False,-1.0027129650115967,0,False,-3.792027235031128,0,False,-1.440787672996521,6,True,0.25504159927368164
public,440,0,Angry,V22_CORRECT_V21_WRONG,True,True,0.5990461707115173,0.4704588055610657,4,False,-1.8668911457061768,4,False,-1.557867407798767,0,True,2.0851473808288574,0,True,0.6558568477630615
public,445,2,Fear,V22_CORRECT_V21_WRONG,True,True,0.36689436435699463,0.4958457350730896,4,False,-1.1066383123397827,0,False,-1.9262821674346924,0,False,-0.7544071078300476,6,False,-0.29807960987091064
public,453,4,Sad,V21_CORRECT_V22_WRONG,True,True,0.6456588506698608,0.6251156330108643,4,True,0.056800782680511475,2,False,-0.32875382900238037,4,True,2.0633678436279297,4,True,1.233583688735962
public,454,4,Sad,V22_CORRECT_V21_WRONG,True,True,0.5079957246780396,0.6054984331130981,2,False,-0.2247779369354248,4,True,0.009814739227294922,4,True,3.320403575897217,4,True,3.8389780521392822
public,465,4,Sad,V22_CORRECT_V21_WRONG,True,True,0.6951234340667725,0.5296832323074341,6,False,-2.301727533340454,6,False,-2.1013600826263428,4,True,3.7774853706359863,4,True,3.0866189002990723
public,477,6,Neutral,V22_CORRECT_V21_WRONG,True,True,0.6649625301361084,0.6073769330978394,3,False,-1.2560241222381592,3,False,-1.7464913129806519,6,True,2.9106223583221436,6,True,3.8823084831237793
public,478,2,Fear,V22_CORRECT_V21_WRONG,True,True,0.6087946891784668,0.7546829581260681,4,False,-0.5560362339019775,2,True,0.36136960983276367,4,False,-2.0867834091186523,2,True,0.7737593650817871
public,481,6,Neutral,V21_CORRECT_V22_WRONG,True,True,0.6839232444763184,0.3213319182395935,6,True,0.07587027549743652,0,False,-4.115254878997803,6,True,2.6588516235351562,6,True,3.5052497386932373
public,495,4,Sad,V21_CORRECT_V22_WRONG,True,True,0.6129742860794067,0.8025825023651123,4,True,1.0839478969573975,4,True,1.4049830436706543,4,True,1.6030406951904297,4,True,0.4364619255065918
public,500,6,Neutral,V21_CORRECT_V22_WRONG,True,True,0.6672946810722351,0.2793433666229248,3,False,-0.48009002208709717,3,False,-2.015611410140991,6,True,1.4966044425964355,6,True,3.014712333679199
public,505,3,Happy,V22_CORRECT_V21_WRONG,True,True,0.5220070481300354,0.5603678226470947,6,False,-1.3050141334533691,6,False,-1.380314826965332,3,True,3.414395332336426,3,True,2.6708261966705322
public,508,0,Angry,V22_CORRECT_V21_WRONG,True,True,0.48961472511291504,0.5042541027069092,2,False,-0.0040877461433410645,2,False,-2.542031764984131,0,True,1.678614616394043,0,True,0.8968422412872314
public,513,5,Surprise,V22_CORRECT_V21_WRONG,True,True,0.6800801753997803,0.6205817461013794,4,False,-0.3395918607711792,2,False,-0.33919596672058105,5,True,0.9618686437606812,5,True,2.7481706142425537
public,520,3,Happy,V22_CORRECT_V21_WRONG,True,True,0.6960099935531616,0.9000551104545593,0,False,-0.47241759300231934,3,True,1.6307350397109985,3,True,1.3297646045684814,3,True,3.549790859222412
public,528,4,Sad,V21_CORRECT_V22_WRONG,True,True,0.670661211013794,0.4845142066478729,2,False,-2.5767219066619873,0,False,-1.169020652770996,4,True,1.2127342224121094,4,True,3.0837860107421875
public,533,5,Surprise,V21_CORRECT_V22_WRONG,True,True,0.6762164831161499,0.6325505971908569,2,False,-1.4942845106124878,2,False,-1.4579441547393799,5,True,2.9798176288604736,5,True,4.1979851722717285
public,537,6,Neutral,V21_CORRECT_V22_WRONG,True,True,0.6524771451950073,0.6082474589347839,3,False,-1.2079882621765137,3,False,-0.5428777933120728,6,True,0.9163135290145874,6,True,2.864009141921997
public,541,6,Neutral,V21_CORRECT_V22_WRONG,True,False,0.6754508018493652,0.4008854031562805,4,False,-3.54441237449646,4,False,-3.330878734588623,6,True,1.9311168193817139,6,True,2.6346323490142822
public,550,0,Angry,V22_CORRECT_V21_WRONG,True,True,0.5575982332229614,0.5571689009666443,2,False,-2.0280489921569824,2,False,-1.6032917499542236,4,False,-0.8630142211914062,4,False,-0.9423645734786987
public,555,4,Sad,V22_CORRECT_V21_WRONG,True,True,0.5273025035858154,0.33116424083709717,3,False,-3.1888303756713867,4,True,0.6626138687133789,4,True,3.194889783859253,4,True,2.932170867919922
public,561,4,Sad,V22_CORRECT_V21_WRONG,True,True,0.5120011568069458,0.6019455790519714,0,False,-2.251983404159546,0,False,-0.6430059671401978,0,False,-0.7214860916137695,4,True,3.12501859664917
public,568,2,Fear,V22_CORRECT_V21_WRONG,True,True,0.6360302567481995,0.7351527214050293,4,False,-2.0969443321228027,4,False,-1.5030453205108643,4,False,-2.5849697589874268,4,False,-0.039781808853149414
public,570,0,Angry,V21_CORRECT_V22_WRONG,True,True,0.4910075068473816,0.5552933812141418,6,False,-2.307748317718506,6,False,-0.6683518886566162,0,True,0.6106313467025757,0,True,0.9003118276596069
public,573,0,Angry,V21_CORRECT_V22_WRONG,True,True,0.5019580125808716,0.5381921529769897,6,False,-1.8733587265014648,4,False,-1.0069968700408936,0,True,1.021550178527832,0,True,2.5126895904541016
public,578,2,Fear,V21_CORRECT_V22_WRONG,True,True,0.630055844783783,0.5713543891906738,6,False,-0.26130199432373047,4,False,-1.2055201530456543,2,True,0.29099106788635254,2,True,2.197460889816284
public,596,4,Sad,V22_CORRECT_V21_WRONG,True,True,0.499877393245697,0.73486328125,1,False,-0.28989577293395996,4,True,1.130089282989502,4,True,2.0413899421691895,4,True,0.015710115432739258
public,599,0,Angry,V22_CORRECT_V21_WRONG,True,True,0.7187807559967041,0.5709161758422852,4,False,-1.6188620328903198,6,False,-1.6778711080551147,0,True,1.6967700719833374,0,True,0.25189852714538574
public,600,4,Sad,V22_CORRECT_V21_WRONG,True,True,0.5032192468643188,0.5291278958320618,1,False,-0.10284876823425293,4,True,0.4561476707458496,4,True,2.7102017402648926,4,True,3.3983912467956543
public,601,6,Neutral,V22_CORRECT_V21_WRONG,True,True,0.5365184545516968,0.3278427720069885,5,False,-4.647241115570068,5,False,-2.4281389713287354,6,True,0.6244622468948364,3,False,-0.22428452968597412
public,608,4,Sad,V22_CORRECT_V21_WRONG,True,True,0.3787916898727417,0.29938358068466187,0,False,-1.5892772674560547,2,False,-1.021815299987793,6,False,-0.3377891778945923,4,True,2.5719761848449707
public,613,4,Sad,V22_CORRECT_V21_WRONG,True,True,0.4978591501712799,0.3489237427711487,5,False,-4.310585975646973,2,False,-3.9675018787384033,6,False,-1.3018426895141602,4,True,1.906313180923462
public,614,5,Surprise,V21_CORRECT_V22_WRONG,True,True,0.5653259754180908,0.4142637848854065,2,False,-0.898965060710907,2,False,-3.6260364055633545,5,True,0.1236257553100586,5,True,1.3401029109954834
public,635,0,Angry,V21_CORRECT_V22_WRONG,True,True,0.5564436316490173,0.6439390182495117,2,False,-2.277421712875366,4,False,-1.8570688962936401,0,True,0.9936666488647461,0,True,0.9448086023330688
public,637,2,Fear,V22_CORRECT_V21_WRONG,True,True,0.6273295879364014,0.5845417380332947,0,False,-0.053880929946899414,0,False,-0.44564080238342285,2,True,3.5448594093322754,2,True,3.223101854324341
public,639,0,Angry,V22_CORRECT_V21_WRONG,True,True,0.562141478061676,0.5228185653686523,4,False,-3.243227481842041,4,False,-3.6286301612854004,0,True,2.5862345695495605,0,True,2.0351204872131348
public,640,2,Fear,V21_CORRECT_V22_WRONG,True,True,0.6137006878852844,0.7834995985031128,5,False,-0.5123594999313354,5,False,-1.3115521669387817,2,True,2.079741954803467,2,True,3.346519708633423
public,643,6,Neutral,V22_CORRECT_V21_WRONG,True,True,0.6697143912315369,0.5873885154724121,3,False,-3.2124288082122803,3,False,-2.7843849658966064,6,True,0.5711920261383057,6,True,1.6208724975585938
public,645,5,Surprise,V22_CORRECT_V21_WRONG,True,True,0.5675346851348877,0.6359387636184692,2,False,-0.05321776866912842,2,False,-0.3340792655944824,2,False,-3.160736322402954,5,True,0.07022428512573242
public,647,5,Surprise,V21_CORRECT_V22_WRONG,True,True,0.6200125217437744,0.16297242045402527,6,False,-3.153883218765259,6,False,-3.4790446758270264,2,False,-0.6510828733444214,5,True,1.3895944356918335
public,650,2,Fear,V22_CORRECT_V21_WRONG,True,True,0.43768662214279175,0.6338754892349243,6,False,-3.785297393798828,2,True,1.0613412857055664,4,False,-2.4915785789489746,4,False,-0.5516856908798218
public,657,2,Fear,V22_CORRECT_V21_WRONG,True,True,0.3918518126010895,0.3106672167778015,4,False,-3.7863197326660156,2,True,0.19714593887329102,4,False,-0.48517656326293945,2,True,2.896505832672119
public,660,4,Sad,V21_CORRECT_V22_WRONG,True,True,0.5330798625946045,0.5866206884384155,2,False,-0.16542792320251465,2,False,-0.7753448486328125,2,False,-0.2600400447845459,4,True,1.8712965250015259
public,666,6,Neutral,V21_CORRECT_V22_WRONG,True,True,0.6346619725227356,0.7616944313049316,2,False,-1.2796438932418823,2,False,-0.2894248962402344,6,True,0.294238805770874,6,True,0.9228429794311523
public,670,4,Sad,V22_CORRECT_V21_WRONG,True,True,0.6603724360466003,0.41404256224632263,6,False,-3.5896921157836914,6,False,-2.7218902111053467,0,False,-0.029761791229248047,4,True,1.29668390750885
public,675,6,Neutral,V22_CORRECT_V21_WRONG,True,True,0.6805605292320251,0.4797990024089813,4,False,-1.3068864345550537,4,False,-0.49727940559387207,6,True,1.6851118803024292,6,True,3.3079633712768555
public,677,4,Sad,V21_CORRECT_V22_WRONG,True,True,0.5244831442832947,0.5003530979156494,0,False,-1.2459849119186401,0,False,-3.1151039600372314,4,True,2.87186861038208,4,True,2.3015358448028564
public,678,4,Sad,V22_CORRECT_V21_WRONG,True,True,0.5522959232330322,0.6001685857772827,6,False,-3.638977289199829,6,False,-2.1258583068847656,4,True,1.5652161836624146,4,True,0.9749867916107178
public,684,4,Sad,V21_CORRECT_V22_WRONG,True,True,0.611473560333252,0.32271748781204224,2,False,-2.6136679649353027,2,False,-2.775773763656616,2,False,-0.16571044921875,4,True,2.7987170219421387
public,695,3,Happy,V22_CORRECT_V21_WRONG,True,True,0.5411925911903381,0.17039182782173157,4,False,-3.0839006900787354,4,False,-1.802551507949829,3,True,3.758603096008301,3,True,3.629441976547241
public,702,2,Fear,V21_CORRECT_V22_WRONG,True,True,0.5784339904785156,0.6128162741661072,0,False,-4.717597007751465,0,False,-3.3513927459716797,2,True,1.6123228073120117,2,True,3.061513900756836
public,707,0,Angry,V22_CORRECT_V21_WRONG,True,True,0.48048335313796997,0.1507624089717865,5,False,-3.1241390705108643,5,False,-2.5067999362945557,0,True,0.7850421667098999,0,True,3.802157402038574
public,740,6,Neutral,V22_CORRECT_V21_WRONG,True,True,0.6187230348587036,0.8371595144271851,4,False,-1.8571224212646484,4,False,-2.374765157699585,4,False,-0.4149363040924072,6,True,2.4756195545196533
public,743,6,Neutral,V21_CORRECT_V22_WRONG,True,True,0.6840850114822388,0.5560157299041748,3,False,-4.097125053405762,3,False,-5.092947006225586,3,False,-0.0993337631225586,6,True,0.20446205139160156
public,749,3,Happy,V22_CORRECT_V21_WRONG,True,True,0.5753151178359985,0.7338630557060242,6,False,-0.014383316040039062,6,False,-1.2330540418624878,3,True,2.2264676094055176,3,True,2.2402312755584717
public,750,3,Happy,V21_CORRECT_V22_WRONG,True,True,0.5036085247993469,0.25755196809768677,4,False,-4.066211700439453,4,False,-4.082483291625977,4,False,-0.17070889472961426,3,True,1.8407597541809082
public,753,2,Fear,V21_CORRECT_V22_WRONG,True,True,0.5632750988006592,0.6010109186172485,4,False,-0.46346569061279297,4,False,-1.3970725536346436,2,True,0.9918544888496399,2,True,1.1853351593017578
public,755,3,Happy,V22_CORRECT_V21_WRONG,True,True,0.6013240814208984,0.2697533965110779,4,False,-4.311052322387695,4,False,-2.2084038257598877,0,False,-2.529484748840332,3,True,2.390030860900879
public,757,5,Surprise,V22_CORRECT_V21_WRONG,True,True,0.6025776863098145,0.38710764050483704,2,False,-3.61521315574646,2,False,-3.191664218902588,5,True,2.367497682571411,5,True,2.279090404510498
public,766,3,Happy,V22_CORRECT_V21_WRONG,True,True,0.4604395925998688,0.40764468908309937,0,False,-0.19230324029922485,2,False,-2.515665054321289,3,True,1.2164686918258667,3,True,3.8407139778137207
public,768,0,Angry,V21_CORRECT_V22_WRONG,True,True,0.5269190073013306,0.5214576721191406,6,False,-3.7818474769592285,6,False,-3.6231260299682617,2,False,-1.3464243412017822,0,True,1.23502516746521
public,772,4,Sad,V21_CORRECT_V22_WRONG,True,True,0.5884113311767578,0.34684282541275024,2,False,-0.8235483169555664,2,False,-1.5024166107177734,4,True,0.7753282785415649,4,True,2.1752548217773438
public,780,4,Sad,V21_CORRECT_V22_WRONG,True,True,0.6105955839157104,0.19665256142616272,3,False,-2.871886968612671,0,False,-3.1801629066467285,4,True,3.3780694007873535,4,True,4.719423770904541
public,805,3,Happy,V22_CORRECT_V21_WRONG,True,True,0.6553144454956055,0.6669398546218872,6,False,-1.7630786895751953,6,False,-0.8401343822479248,3,True,1.1204314231872559,3,True,1.1974798440933228
public,833,5,Surprise,V21_CORRECT_V22_WRONG,True,True,0.5598801374435425,0.33721762895584106,4,False,-3.8740651607513428,4,False,-4.86244010925293,5,True,1.644271731376648,5,True,1.8934671878814697
public,834,2,Fear,V22_CORRECT_V21_WRONG,True,True,0.5233376622200012,0.35860270261764526,0,False,-2.685408353805542,2,True,0.26706862449645996,2,True,1.5927354097366333,2,True,1.1665292978286743
public,836,6,Neutral,V21_CORRECT_V22_WRONG,True,True,0.5653262734413147,0.47724518179893494,4,False,-1.5644252300262451,4,False,-2.7568140029907227,4,False,-0.3354353904724121,6,True,2.2413949966430664
public,844,4,Sad,V21_CORRECT_V22_WRONG,True,True,0.5343012809753418,0.4678313732147217,6,False,-3.476180076599121,6,False,-2.569329023361206,6,False,-0.29767680168151855,4,True,1.0923454761505127
public,847,6,Neutral,V22_CORRECT_V21_WRONG,True,True,0.6384432315826416,0.8157947063446045,4,False,-1.8894718885421753,4,False,-1.497715950012207,4,False,-0.4901278018951416,6,True,1.5561504364013672
public,850,6,Neutral,V21_CORRECT_V22_WRONG,True,True,0.6409732103347778,0.36578169465065,4,False,-1.0936083793640137,2,False,-2.0564205646514893,6,True,1.5439823865890503,6,True,3.096658945083618
public,858,2,Fear,V21_CORRECT_V22_WRONG,True,True,0.6011025309562683,0.7621009945869446,6,False,-2.259629964828491,6,False,-2.683182954788208,2,True,0.29236316680908203,2,True,0.1834850311279297
public,867,4,Sad,V21_CORRECT_V22_WRONG,True,True,0.54865562915802,0.5231942534446716,0,False,-2.0914456844329834,0,False,-2.6066155433654785,2,False,-0.16513991355895996,4,True,1.5822768211364746
public,874,4,Sad,V21_CORRECT_V22_WRONG,True,True,0.6480541229248047,0.6186940670013428,6,False,-1.7705481052398682,0,False,-0.9939126968383789,4,True,1.3229280710220337,4,True,1.162329912185669
public,876,4,Sad,V21_CORRECT_V22_WRONG,True,True,0.5899989008903503,0.435249388217926,4,True,0.24625658988952637,6,False,-1.6173030138015747,4,True,3.76651668548584,4,True,4.537858963012695
public,892,6,Neutral,V21_CORRECT_V22_WRONG,True,True,0.5436725616455078,0.5033571720123291,4,False,-2.068540096282959,4,False,-2.486983299255371,6,True,1.3773036003112793,6,True,3.406784772872925
public,899,6,Neutral,V22_CORRECT_V21_WRONG,True,True,0.6048176288604736,0.3410109877586365,4,False,-2.3240489959716797,4,False,-0.6599072217941284,6,True,2.588160276412964,6,True,3.054419755935669
public,902,2,Fear,V21_CORRECT_V22_WRONG,True,True,0.7130452394485474,0.7091267108917236,5,False,-3.8424155712127686,5,False,-3.4146766662597656,2,True,0.21687078475952148,2,True,1.1959519386291504
public,915,6,Neutral,V21_CORRECT_V22_WRONG,True,True,0.57913738489151,0.36780112981796265,3,False,-4.305880546569824,3,False,-2.912017822265625,6,True,1.3581568002700806,6,True,3.1658763885498047
public,919,4,Sad,V21_CORRECT_V22_WRONG,True,True,0.46806856989860535,0.7811355590820312,6,False,-1.8737342357635498,4,True,1.952039361000061,6,False,-0.49686217308044434,4,True,1.1579303741455078
public,927,6,Neutral,V21_CORRECT_V22_WRONG,True,True,0.6894259452819824,0.639830470085144,4,False,-3.7343006134033203,4,False,-3.3902840614318848,6,True,0.8823714256286621,6,True,1.2115825414657593
public,932,5,Surprise,V21_CORRECT_V22_WRONG,True,True,0.6565109491348267,0.20452526211738586,2,False,-3.8872780799865723,2,False,-4.598428726196289,5,True,1.8834490776062012,5,True,3.7613964080810547
public,934,3,Happy,V21_CORRECT_V22_WRONG,True,False,0.6390466094017029,0.414020836353302,4,False,-2.2358689308166504,0,False,-3.403552532196045,4,False,-0.6780531406402588,3,True,1.2223947048187256
public,939,3,Happy,V22_CORRECT_V21_WRONG,True,True,0.4063733220100403,0.4275669455528259,5,False,-0.36673498153686523,5,False,-1.561371088027954,3,True,3.911006212234497,3,True,3.6892447471618652
public,944,0,Angry,V21_CORRECT_V22_WRONG,True,True,0.46084752678871155,0.18853908777236938,6,False,-3.6470694541931152,6,False,-1.8739231824874878,4,False,-0.791396975517273,0,True,0.4220532178878784
public,945,4,Sad,V21_CORRECT_V22_WRONG,True,True,0.5396620035171509,0.705565333366394,2,False,-1.030771255493164,2,False,-0.49315428733825684,2,False,-0.4167419672012329,4,True,1.165228009223938
public,947,6,Neutral,V21_CORRECT_V22_WRONG,True,True,0.6530510783195496,0.2978883385658264,4,False,-4.126184463500977,4,False,-3.196718692779541,4,False,-1.2269095182418823,6,True,0.7179906368255615
public,967,2,Fear,V22_CORRECT_V21_WRONG,True,True,0.6838459968566895,0.6930657625198364,5,False,-0.5868051052093506,5,False,-0.6163637638092041,2,True,4.2192702293396,2,True,3.2207255363464355
public,974,6,Neutral,V21_CORRECT_V22_WRONG,True,True,0.7113286852836609,0.38248103857040405,4,False,-1.9749459028244019,4,False,-2.542067289352417,6,True,3.450711250305176,6,True,3.664141893386841
public,978,4,Sad,V22_CORRECT_V21_WRONG,True,True,0.447788804769516,0.3914898931980133,3,False,-2.691831350326538,4,True,2.0238375663757324,0,False,-3.5301361083984375,4,True,0.8491641879081726
public,983,4,Sad,V22_CORRECT_V21_WRONG,True,True,0.688987135887146,0.447981059551239,6,False,-3.563474655151367,6,False,-3.3403818607330322,4,True,1.4443455934524536,4,True,1.527999758720398
public,984,4,Sad,V22_CORRECT_V21_WRONG,True,True,0.4713886082172394,0.5055862665176392,6,False,-1.0227024555206299,2,False,-1.037024974822998,4,True,2.3695244789123535,4,True,3.1698107719421387
public,992,2,Fear,V21_CORRECT_V22_WRONG,True,True,0.4047698974609375,0.20494136214256287,4,False,-0.521399736404419,4,False,-3.3737571239471436,2,True,2.523824691772461,2,True,3.1515848636627197
public,996,2,Fear,V22_CORRECT_V21_WRONG,True,True,0.6262673735618591,0.7383434772491455,4,False,-3.0117435455322266,4,False,-1.4694769382476807,4,False,-0.18108081817626953,2,True,2.2319045066833496
public,998,3,Happy,V21_CORRECT_V22_WRONG,True,True,0.703456461429596,0.3122761845588684,4,False,-2.044680595397949,6,False,-2.3832125663757324,3,True,2.4500393867492676,3,True,3.042752504348755
public,1001,4,Sad,V21_CORRECT_V22_WRONG,True,True,0.43754443526268005,0.4222681224346161,6,False,-2.232729434967041,6,False,-1.9722299575805664,4,True,0.11210811138153076,4,True,1.189739465713501
public,1002,6,Neutral,V21_CORRECT_V22_WRONG,True,True,0.5986339449882507,0.16307827830314636,3,False,-3.3751885890960693,3,False,-4.215213775634766,4,False,-0.7839813232421875,6,True,2.256298065185547
public,1003,2,Fear,V22_CORRECT_V21_WRONG,True,True,0.5277118682861328,0.5555934906005859,4,False,-0.0880742073059082,4,False,-0.0852813720703125,0,False,-0.3967435359954834,2,True,0.6535310745239258
public,1006,4,Sad,V21_CORRECT_V22_WRONG,True,True,0.5748193264007568,0.5396076440811157,0,False,-1.1383601427078247,0,False,-1.1262526512145996,4,True,1.7115211486816406,4,True,0.6473464965820312
public,1012,6,Neutral,V22_CORRECT_V21_WRONG,True,True,0.593952476978302,0.3870503902435303,2,False,-4.677440643310547,2,False,-3.5325331687927246,6,True,1.5222017765045166,6,True,2.1670467853546143
public,1022,2,Fear,V22_CORRECT_V21_WRONG,True,True,0.3900180160999298,0.3254706859588623,0,False,-2.742461681365967,2,True,1.2256288528442383,4,False,-1.0073519945144653,2,True,2.257246494293213
public,1031,3,Happy,V21_CORRECT_V22_WRONG,True,True,0.7362280488014221,0.5560543537139893,0,False,-1.6736485958099365,0,False,-4.6981940269470215,3,True,0.6794432401657104,3,True,0.7784280776977539
public,1041,6,Neutral,V21_CORRECT_V22_WRONG,True,True,0.6552175283432007,0.8432669639587402,6,True,0.22239923477172852,6,True,0.9928785562515259,6,True,0.2994866371154785,6,True,1.3207061290740967
public,1047,4,Sad,V22_CORRECT_V21_WRONG,True,True,0.6215401887893677,0.611477255821228,6,False,-0.5774550437927246,4,True,0.5759599208831787,4,True,4.046671390533447,4,True,2.550891637802124
public,1048,4,Sad,V22_CORRECT_V21_WRONG,True,True,0.44172704219818115,0.4036097526550293,0,False,-1.5048387050628662,2,False,-1.1169933080673218,4,True,3.073352575302124,4,True,3.9094061851501465
public,1049,6,Neutral,V21_CORRECT_V22_WRONG,True,True,0.6127591133117676,0.6025528907775879,6,True,1.3440219163894653,6,True,0.38346433639526367,6,True,1.6093403100967407,6,True,3.382056474685669
public,1051,6,Neutral,V21_CORRECT_V22_WRONG,True,True,0.49465230107307434,0.465641587972641,3,False,-4.256834030151367,3,False,-4.691710472106934,6,True,0.9415887594223022,6,True,1.0183398723602295
public,1070,4,Sad,V22_CORRECT_V21_WRONG,True,True,0.6659142374992371,0.6200774312019348,6,False,-2.3028829097747803,6,False,-2.2616004943847656,4,True,3.1830248832702637,4,True,2.4702980518341064
public,1071,4,Sad,V21_CORRECT_V22_WRONG,True,True,0.5692347288131714,0.677080512046814,4,True,0.023027896881103516,2,False,-0.19987702369689941,4,True,0.6899533271789551,4,True,0.2948589324951172
public,1072,4,Sad,V21_CORRECT_V22_WRONG,True,True,0.4517967700958252,0.3516714572906494,5,False,-1.194489598274231,0,False,-2.7015182971954346,0,False,-0.09236264228820801,4,True,0.06094801425933838
public,1078,6,Neutral,V22_CORRECT_V21_WRONG,True,True,0.6038713455200195,0.7636906504631042,2,False,-1.0676844120025635,2,False,-2.629035472869873,6,True,0.9259862899780273,6,True,1.2094355821609497
public,1084,2,Fear,V21_CORRECT_V22_WRONG,True,True,0.43230876326560974,0.540215015411377,0,False,-3.276427745819092,0,False,-2.885836601257324,2,True,0.7058886289596558,2,True,1.421576976776123
public,1089,5,Surprise,V21_CORRECT_V22_WRONG,True,True,0.40421485900878906,0.47532081604003906,3,False,-3.2765121459960938,3,False,-2.9892191886901855,2,False,-0.1665419340133667,5,True,1.521824836730957
public,1094,5,Surprise,V22_CORRECT_V21_WRONG,True,True,0.5552128553390503,0.6697238683700562,0,False,-2.2040576934814453,2,False,-0.9597228765487671,2,False,-1.0788543224334717,5,True,0.8524962663650513
public,1100,6,Neutral,V21_CORRECT_V22_WRONG,True,True,0.4795432388782501,0.7301273345947266,2,False,-0.020187318325042725,0,False,-2.038116931915283,2,False,-1.704456090927124,6,True,0.0887300968170166
public,1113,6,Neutral,V21_CORRECT_V22_WRONG,True,True,0.5998520851135254,0.5368204712867737,4,False,-4.518554210662842,4,False,-4.648883819580078,4,False,-0.005361080169677734,6,True,2.058159828186035
public,1114,5,Surprise,V21_CORRECT_V22_WRONG,True,True,0.571418285369873,0.6401104927062988,0,False,-3.0358452796936035,0,False,-0.5796613693237305,5,True,2.6098310947418213,5,True,3.430342197418213
public,1120,5,Surprise,V22_CORRECT_V21_WRONG,False,False,0.6954915523529053,0.8114686012268066,2,False,-0.3821091651916504,2,False,-0.19708490371704102,2,False,-0.7444207668304443,5,True,0.3359682559967041
public,1135,3,Happy,V22_CORRECT_V21_WRONG,True,True,0.6436971426010132,0.7708223462104797,2,False,-0.06823158264160156,3,True,1.9059126377105713,3,True,1.2398951053619385,2,False,-0.8413937091827393
public,1136,5,Surprise,V21_CORRECT_V22_WRONG,True,True,0.6170879602432251,0.6068621873855591,2,False,-4.124476432800293,2,False,-3.551482915878296,5,True,0.5208725929260254,5,True,0.9143697023391724
public,1137,2,Fear,V21_CORRECT_V22_WRONG,True,True,0.549156665802002,0.3008778691291809,4,False,-2.2970244884490967,4,False,-3.6821916103363037,2,True,2.4114809036254883,2,True,3.1511049270629883
public,1148,6,Neutral,V22_CORRECT_V21_WRONG,True,True,0.7282302975654602,0.7999539375305176,3,False,-3.038963556289673,3,False,-2.3624112606048584,3,False,-0.0007758140563964844,6,True,1.1373364925384521
public,1157,0,Angry,V22_CORRECT_V21_WRONG,True,True,0.4881609380245209,0.6131862998008728,3,False,-1.3259550333023071,6,False,-2.0531258583068848,0,True,2.017641305923462,3,False,-0.5226912498474121
public,1174,2,Fear,V21_CORRECT_V22_WRONG,True,True,0.4092448651790619,0.405198872089386,3,False,-4.312602519989014,3,False,-2.636486530303955,2,True,2.2093303203582764,2,True,1.1521414518356323
public,1176,6,Neutral,V21_CORRECT_V22_WRONG,True,True,0.6531504392623901,0.606450080871582,4,False,-3.854463577270508,4,False,-4.290797710418701,6,True,1.4623517990112305,6,True,1.9329168796539307
public,1181,6,Neutral,V21_CORRECT_V22_WRONG,True,True,0.38936424255371094,0.5597329139709473,6,True,0.21102416515350342,3,False,-0.44506216049194336,2,False,-1.1184380054473877,6,True,2.157792806625366
public,1191,4,Sad,V21_CORRECT_V22_WRONG,True,True,0.5632429122924805,0.36698904633522034,3,False,-2.547346830368042,3,False,-3.5588574409484863,4,True,1.3833954334259033,4,True,1.3431565761566162
public,1194,3,Happy,V21_CORRECT_V22_WRONG,True,True,0.7264189720153809,0.05840132385492325,2,False,-2.859708786010742,2,False,-5.009934902191162,3,True,3.3432424068450928,3,True,4.329869270324707
public,1197,2,Fear,V21_CORRECT_V22_WRONG,True,True,0.5302480459213257,0.6757467985153198,4,False,-1.3569653034210205,4,False,-3.65667724609375,2,True,1.5493574142456055,2,True,0.6927266120910645
public,1200,5,Surprise,V22_CORRECT_V21_WRONG,True,True,0.7131124138832092,0.8759995698928833,2,False,-0.8590370416641235,2,False,-0.0816950798034668,5,True,0.11118817329406738,5,True,0.7973315715789795
public,1204,6,Neutral,V21_CORRECT_V22_WRONG,True,True,0.739611029624939,0.7253967523574829,4,False,-2.860382556915283,4,False,-2.088606834411621,6,True,0.7717862129211426,6,True,1.5880489349365234
public,1205,4,Sad,V22_CORRECT_V21_WRONG,True,True,0.4056776165962219,0.449748158454895,2,False,-1.6887164115905762,2,False,-2.225123167037964,4,True,3.227559804916382,4,True,1.2594397068023682
public,1212,6,Neutral,V21_CORRECT_V22_WRONG,True,True,0.4806830585002899,0.38656097650527954,4,False,-1.7235902547836304,4,False,-0.5057480335235596,3,False,-0.4641495943069458,6,True,0.46555793285369873
public,1213,4,Sad,V22_CORRECT_V21_WRONG,True,True,0.5446616411209106,0.33509907126426697,2,False,-2.8529562950134277,2,False,-0.7676742076873779,4,True,1.7397172451019287,4,True,0.7094558477401733
public,1219,6,Neutral,V22_CORRECT_V21_WRONG,True,True,0.6396910548210144,0.6434063911437988,3,False,-0.9610776901245117,6,True,0.032779812812805176,6,True,1.2404522895812988,6,True,2.8086743354797363
public,1224,0,Angry,V22_CORRECT_V21_WRONG,True,True,0.6422462463378906,0.8800288438796997,2,False,-0.17817306518554688,0,True,0.6046624183654785,0,True,1.0027340650558472,0,True,0.5769822597503662
public,1225,3,Happy,V21_CORRECT_V22_WRONG,True,True,0.41413936018943787,0.3399304747581482,2,False,-1.902228832244873,0,False,-3.79160213470459,2,False,-1.379382848739624,3,True,2.145052433013916
public,1239,6,Neutral,V22_CORRECT_V21_WRONG,True,True,0.5572551488876343,0.40151265263557434,0,False,-0.046677470207214355,6,True,0.3354811668395996,4,False,-3.269954204559326,6,True,1.4945769309997559
public,1245,5,Surprise,V21_CORRECT_V22_WRONG,True,True,0.6384983658790588,0.7630051970481873,3,False,-0.09883856773376465,3,False,-0.2620575428009033,5,True,3.334003448486328,5,True,3.4677858352661133
public,1253,0,Angry,V21_CORRECT_V22_WRONG,True,True,0.5537714958190918,0.793122410774231,2,False,-0.6133649349212646,0,True,0.5215299129486084,2,False,-2.0213680267333984,0,True,1.155954360961914
public,1256,3,Happy,V21_CORRECT_V22_WRONG,True,True,0.5992486476898193,0.4672313332557678,5,False,-2.3900904655456543,2,False,-0.906869649887085,3,True,1.5899546146392822,3,True,3.0798044204711914
public,1263,4,Sad,V21_CORRECT_V22_WRONG,True,True,0.6031041145324707,0.8176056146621704,6,False,-0.8584645390510559,6,False,-0.978840708732605,2,False,-0.12121415138244629,4,True,0.07394170761108398
public,1271,0,Angry,V22_CORRECT_V21_WRONG,True,True,0.4510476589202881,0.39304447174072266,6,False,-4.94056510925293,6,False,-3.9614334106445312,3,False,-1.0816795825958252,0,True,2.123579263687134
public,1277,4,Sad,V21_CORRECT_V22_WRONG,True,True,0.6226948499679565,0.582528829574585,6,False,-3.192061185836792,6,False,-2.1638906002044678,4,True,2.0264554023742676,4,True,2.7721047401428223
public,1279,3,Happy,V21_CORRECT_V22_WRONG,True,True,0.6935423612594604,0.748880922794342,6,False,-2.8586180210113525,6,False,-1.7099756002426147,3,True,0.4481825828552246,3,True,0.510802149772644
public,1281,2,Fear,V21_CORRECT_V22_WRONG,True,True,0.602823793888092,0.43527477979660034,3,False,-0.05499899387359619,2,True,1.1920958757400513,2,True,2.78987193107605,2,True,3.993389129638672
public,1284,3,Happy,V22_CORRECT_V21_WRONG,True,True,0.49335986375808716,0.29675349593162537,4,False,-4.435290336608887,4,False,-3.1895971298217773,3,True,4.466506004333496,3,True,3.9466724395751953
public,1289,4,Sad,V22_CORRECT_V21_WRONG,True,True,0.41683775186538696,0.6050695776939392,0,False,-1.182000994682312,0,False,-2.359358787536621,4,True,0.448167085647583,4,True,1.0278124809265137
public,1291,4,Sad,V22_CORRECT_V21_WRONG,True,True,0.589691698551178,0.6055858731269836,2,False,-0.7752015590667725,2,False,-1.1269712448120117,4,True,0.4953269958496094,4,True,1.4695844650268555
public,1300,0,Angry,V22_CORRECT_V21_WRONG,True,True,0.6254280805587769,0.4360758364200592,3,False,-3.6560397148132324,3,False,-3.501514434814453,4,False,-1.3989721536636353,4,False,-0.2833096981048584
public,1316,4,Sad,V22_CORRECT_V21_WRONG,True,True,0.517190158367157,0.5239012241363525,2,False,-0.9646639823913574,2,False,-1.095625638961792,4,True,0.3430832624435425,4,True,2.2097225189208984
public,1318,2,Fear,V22_CORRECT_V21_WRONG,True,True,0.44985252618789673,0.27491387724876404,3,False,-0.4651832580566406,3,False,-2.396616220474243,4,False,-3.248530864715576,4,False,-0.9341961145401001
public,1319,0,Angry,V22_CORRECT_V21_WRONG,True,True,0.509960949420929,0.4129853844642639,1,False,-1.142836570739746,1,False,-1.4716448783874512,0,True,3.189707040786743,0,True,3.488532066345215
public,1323,4,Sad,V21_CORRECT_V22_WRONG,True,True,0.5470187664031982,0.4176100492477417,4,True,0.0641486644744873,0,False,-2.9678409099578857,2,False,-1.2286843061447144,4,True,1.147923469543457
public,1332,6,Neutral,V21_CORRECT_V22_WRONG,True,True,0.6161197423934937,0.5850726962089539,4,False,-1.8736454248428345,4,False,-2.4032931327819824,6,True,0.1311051845550537,6,True,1.0423705577850342
public,1335,6,Neutral,V22_CORRECT_V21_WRONG,True,True,0.6968204975128174,0.8230488300323486,4,False,-0.821338415145874,4,False,-1.1885319948196411,6,True,1.1235074996948242,6,True,1.6654105186462402
public,1338,0,Angry,V21_CORRECT_V22_WRONG,True,True,0.5635822415351868,0.5253558158874512,4,False,-2.230412483215332,4,False,-0.5077481269836426,6,False,-1.7340307235717773,0,True,0.4749586582183838
public,1343,3,Happy,V22_CORRECT_V21_WRONG,True,True,0.7015655636787415,0.7180638909339905,6,False,-1.7807037830352783,6,False,-2.1039090156555176,3,True,2.2822723388671875,3,True,1.4003803730010986
public,1352,3,Happy,V22_CORRECT_V21_WRONG,True,True,0.634088397026062,0.4559198021888733,6,False,-2.9134416580200195,6,False,-1.9402644634246826,3,True,3.1641499996185303,3,True,2.6256771087646484
public,1357,0,Angry,V21_CORRECT_V22_WRONG,True,True,0.40855568647384644,0.3634754419326782,2,False,-2.188856363296509,2,False,-0.4087132215499878,3,False,-0.5362343192100525,0,True,0.8556438684463501
public,1361,2,Fear,V22_CORRECT_V21_WRONG,True,True,0.5462630987167358,0.5525817275047302,5,False,-1.0880451202392578,2,True,1.4479424953460693,6,False,-2.450460433959961,2,True,0.35537731647491455
public,1369,2,Fear,V22_CORRECT_V21_WRONG,True,True,0.6307924389839172,0.6050615310668945,5,False,-2.4498181343078613,5,False,-1.4557255506515503,2,True,2.045989990234375,2,True,1.7433348894119263
public,1375,2,Fear,V22_CORRECT_V21_WRONG,True,True,0.46769458055496216,0.6671224236488342,4,False,-1.3519794940948486,4,False,-0.002530694007873535,4,False,-3.7078957557678223,2,True,0.9307889938354492
public,1379,4,Sad,V22_CORRECT_V21_WRONG,True,True,0.40554046630859375,0.48240435123443604,0,False,-3.5698134899139404,0,False,-0.9560686349868774,2,False,-0.027798891067504883,4,True,2.1164231300354004
public,1385,4,Sad,V22_CORRECT_V21_WRONG,True,True,0.5111042857170105,0.3197888433933258,2,False,-3.4369795322418213,2,False,-3.491309642791748,4,True,0.8939857482910156,4,True,3.793346405029297
public,1387,6,Neutral,V22_CORRECT_V21_WRONG,True,True,0.7057474255561829,0.7160928845405579,3,False,-3.103907585144043,3,False,-3.4883131980895996,6,True,1.1587262153625488,6,True,2.234158754348755
public,1394,6,Neutral,V21_CORRECT_V22_WRONG,True,True,0.6859089136123657,0.757682204246521,6,True,0.2016749382019043,3,False,-1.296462059020996,6,True,2.498934745788574,6,True,1.8160510063171387
public,1398,3,Happy,V21_CORRECT_V22_WRONG,True,True,0.7490023374557495,0.44313448667526245,0,False,-0.9909766912460327,0,False,-3.291128635406494,3,True,4.17432975769043,3,True,4.444591999053955
public,1414,4,Sad,V22_CORRECT_V21_WRONG,True,True,0.7390450835227966,0.33724838495254517,6,False,-3.1360795497894287,6,False,-2.6978769302368164,4,True,1.6387995481491089,4,True,1.5329293012619019
public,1415,2,Fear,V21_CORRECT_V22_WRONG,True,True,0.5105100870132446,0.6551513075828552,4,False,-2.6888420581817627,4,False,-0.6211587190628052,2,True,1.1261367797851562,2,True,0.8290497064590454
public,1419,0,Angry,V21_CORRECT_V22_WRONG,True,True,0.6351832747459412,0.5833785533905029,6,False,-3.200917959213257,6,False,-1.4623252153396606,4,False,-1.2403005361557007,0,True,0.3200814723968506
public,1421,4,Sad,V21_CORRECT_V22_WRONG,True,True,0.557964563369751,0.5733329653739929,6,False,-0.8870978355407715,6,False,-1.5265227556228638,4,True,2.482150077819824,4,True,2.956392765045166
public,1422,3,Happy,V21_CORRECT_V22_WRONG,True,True,0.6469106674194336,0.44061464071273804,6,False,-2.2303197383880615,4,False,-1.712050199508667,3,True,0.772696852684021,3,True,3.345245122909546
public,1439,6,Neutral,V21_CORRECT_V22_WRONG,True,True,0.7027215957641602,0.7152172923088074,3,False,-0.819490909576416,3,False,-1.8955563306808472,6,True,1.749002456665039,6,True,2.5919606685638428
public,1441,4,Sad,V22_CORRECT_V21_WRONG,True,True,0.6034246683120728,0.8881884217262268,0,False,-0.4074031114578247,4,True,0.7631800174713135,4,True,0.5973168611526489,4,True,2.9264848232269287
public,1445,4,Sad,V21_CORRECT_V22_WRONG,True,True,0.5652693510055542,0.548548698425293,6,False,-4.207114219665527,6,False,-4.237159729003906,4,True,1.926848292350769,4,True,0.7296160459518433
public,1460,6,Neutral,V22_CORRECT_V21_WRONG,True,True,0.4909480810165405,0.44388964772224426,2,False,-1.7393064498901367,4,False,-2.695984363555908,6,True,2.1476528644561768,6,True,0.9955536723136902
public,1465,5,Surprise,V21_CORRECT_V22_WRONG,True,True,0.6064949631690979,0.8100396394729614,5,True,0.4653221368789673,3,False,-0.5400221347808838,5,True,0.9180824756622314,5,True,0.15655136108398438
public,1470,4,Sad,V22_CORRECT_V21_WRONG,True,True,0.6588453054428101,0.5813677310943604,6,False,-1.1358466148376465,4,True,0.15325021743774414,4,True,4.532238483428955,4,True,3.3108632564544678
public,1485,0,Angry,V21_CORRECT_V22_WRONG,True,True,0.528636634349823,0.3092067837715149,5,False,-3.722787618637085,5,False,-3.2895548343658447,0,True,1.815943956375122,0,True,1.519453763961792
public,1489,6,Neutral,V21_CORRECT_V22_WRONG,True,True,0.49697256088256836,0.6035823225975037,3,False,-0.9660549163818359,3,False,-0.45746028423309326,6,True,0.7611591815948486,6,True,2.5713000297546387
public,1499,4,Sad,V21_CORRECT_V22_WRONG,True,True,0.6467849016189575,0.775677502155304,2,False,-0.006783723831176758,2,False,-0.29783594608306885,2,False,-0.3123188018798828,4,True,0.9212641716003418
public,1505,4,Sad,V21_CORRECT_V22_WRONG,True,True,0.4178522527217865,0.2923653721809387,6,False,-1.913640022277832,6,False,-1.9987045526504517,4,True,1.2907311916351318,4,True,2.053586006164551
public,1510,4,Sad,V21_CORRECT_V22_WRONG,True,True,0.49112311005592346,0.7636514902114868,2,False,-1.1698052883148193,2,False,-0.8141463398933411,2,False,-0.273484468460083,4,True,0.32554197311401367
public,1514,5,Surprise,V21_CORRECT_V22_WRONG,True,True,0.5578091740608215,0.6103476285934448,0,False,-0.9199901819229126,0,False,-1.2904887199401855,5,True,2.3404183387756348,5,True,3.6664886474609375
public,1520,6,Neutral,V22_CORRECT_V21_WRONG,True,True,0.6201261878013611,0.5030853152275085,0,False,-4.5170464515686035,0,False,-3.687328577041626,6,True,0.5637321472167969,6,True,2.5358526706695557
public,1531,2,Fear,V22_CORRECT_V21_WRONG,True,True,0.5390387177467346,0.6277132630348206,4,False,-3.111509084701538,4,False,-1.8456482887268066,2,True,0.15130043029785156,2,True,0.3650904893875122
public,1542,4,Sad,V22_CORRECT_V21_WRONG,True,True,0.578892171382904,0.46233880519866943,0,False,-2.5915110111236572,2,False,-2.1780285835266113,4,True,2.45306658744812,4,True,2.1572425365448
public,1544,2,Fear,V22_CORRECT_V21_WRONG,True,True,0.5926042795181274,0.41766393184661865,4,False,-3.7288475036621094,4,False,-2.581075668334961,6,False,-1.1172467470169067,4,False,-1.611830711364746
public,1551,0,Angry,V21_CORRECT_V22_WRONG,True,True,0.5400370359420776,0.681950569152832,4,False,-1.1571195125579834,0,True,1.5099375247955322,0,True,2.462502956390381,0,True,3.80682635307312
public,1566,6,Neutral,V21_CORRECT_V22_WRONG,True,True,0.6093802452087402,0.7395460605621338,6,True,0.6852822303771973,6,True,0.27016735076904297,6,True,1.329261302947998,6,True,3.4471020698547363
public,1568,4,Sad,V21_CORRECT_V22_WRONG,True,True,0.6414544582366943,0.7331675887107849,6,False,-0.3799130916595459,6,False,-0.30932295322418213,4,True,0.47799062728881836,4,True,1.3556008338928223
public,1570,2,Fear,V22_CORRECT_V21_WRONG,True,True,0.6107970476150513,0.7930757999420166,4,False,-0.12299704551696777,2,True,0.1535015106201172,4,False,-0.7265927791595459,2,True,2.4224488735198975
public,1579,3,Happy,V22_CORRECT_V21_WRONG,True,True,0.5279061794281006,0.27959197759628296,0,False,-3.639570713043213,6,False,-1.4799582958221436,3,True,3.570375919342041,3,True,2.77514910697937
public,1580,4,Sad,V21_CORRECT_V22_WRONG,True,True,0.6206817030906677,0.7612449526786804,4,True,0.957007110118866,0,False,-0.5538603067398071,4,True,0.5568909645080566,4,True,0.062014102935791016
public,1582,3,Happy,V22_CORRECT_V21_WRONG,True,True,0.6548848748207092,0.4479728937149048,6,False,-2.1691689491271973,6,False,-1.5876491069793701,3,True,3.7388181686401367,3,True,3.831521511077881
public,1586,6,Neutral,V21_CORRECT_V22_WRONG,True,True,0.5610404014587402,0.3933005630970001,4,False,-2.5640478134155273,4,False,-2.849147081375122,6,True,0.6308310031890869,6,True,3.003063201904297
public,1590,3,Happy,V21_CORRECT_V22_WRONG,True,True,0.7066221833229065,0.675345242023468,3,True,0.2031235694885254,5,False,-0.18817472457885742,3,True,1.6828733682632446,3,True,3.1667232513427734
public,1594,5,Surprise,V22_CORRECT_V21_WRONG,True,True,0.5094980597496033,0.42491981387138367,3,False,-1.0390639305114746,3,False,-2.316425323486328,5,True,3.606501579284668,5,True,3.7603774070739746
public,1597,2,Fear,V22_CORRECT_V21_WRONG,True,True,0.5028994083404541,0.5795477032661438,5,False,-1.6675680875778198,2,True,0.23660337924957275,2,True,0.6942735910415649,2,True,0.8517813682556152
public,1598,3,Happy,V22_CORRECT_V21_WRONG,True,True,0.4209044277667999,0.5632850527763367,6,False,-1.806581974029541,4,False,-2.1637368202209473,3,True,1.0310652256011963,3,True,1.824286699295044
public,1599,4,Sad,V21_CORRECT_V22_WRONG,True,True,0.5146552324295044,0.42899268865585327,3,False,-2.367241621017456,3,False,-3.285273313522339,2,False,-0.06092119216918945,4,True,2.7271323204040527
public,1600,0,Angry,V22_CORRECT_V21_WRONG,True,True,0.5054662227630615,0.5921897292137146,2,False,-2.8915607929229736,2,False,-1.7866992950439453,0,True,1.551952600479126,0,True,2.7135794162750244
public,1607,2,Fear,V22_CORRECT_V21_WRONG,True,True,0.6739946007728577,0.253379762172699,5,False,-2.6634082794189453,5,False,-1.115581750869751,4,False,-0.7060971260070801,2,True,3.993691921234131
public,1611,0,Angry,V21_CORRECT_V22_WRONG,True,True,0.5133669376373291,0.5978537797927856,4,False,-2.0507311820983887,4,False,-2.662554979324341,2,False,-1.7401055097579956,0,True,1.1560407876968384
public,1618,0,Angry,V22_CORRECT_V21_WRONG,True,True,0.5495496392250061,0.2601209878921509,1,False,-5.271048545837402,1,False,-1.9463598728179932,0,True,4.121496200561523,0,True,4.195538520812988
public,1635,4,Sad,V21_CORRECT_V22_WRONG,True,True,0.5771653056144714,0.45071497559547424,2,False,-1.8700840473175049,2,False,-1.4545915126800537,2,False,-1.5173876285552979,4,True,0.8593186140060425
public,1645,6,Neutral,V22_CORRECT_V21_WRONG,True,True,0.6867592930793762,0.6009796857833862,3,False,-2.4728622436523438,3,False,-2.9259250164031982,6,True,1.960343360900879,6,True,3.492225170135498
public,1647,2,Fear,V21_CORRECT_V22_WRONG,True,True,0.5087447166442871,0.32361704111099243,6,False,-0.6999833583831787,4,False,-3.441814422607422,2,True,0.6974222660064697,2,True,2.1330556869506836
public,1653,6,Neutral,V22_CORRECT_V21_WRONG,True,True,0.5828115344047546,0.36830949783325195,4,False,-3.818668842315674,2,False,-3.8868019580841064,6,True,1.9422191381454468,6,True,2.90765118598938
public,1670,6,Neutral,V21_CORRECT_V22_WRONG,True,True,0.6988316178321838,0.6587871313095093,4,False,-2.575141429901123,4,False,-1.5393400192260742,6,True,0.4787992238998413,6,True,1.3237608671188354
public,1671,3,Happy,V22_CORRECT_V21_WRONG,True,True,0.4397141635417938,0.40135371685028076,2,False,-3.786173105239868,2,False,-3.49900484085083,0,False,-0.6923584938049316,0,False,-0.07614493370056152
public,1688,6,Neutral,V22_CORRECT_V21_WRONG,True,True,0.5095544457435608,0.33283451199531555,0,False,-3.60756516456604,0,False,-4.55662727355957,6,True,0.6909371614456177,6,True,1.5894019603729248
public,1699,6,Neutral,V22_CORRECT_V21_WRONG,True,True,0.45817020535469055,0.49265095591545105,3,False,-2.2580130100250244,0,False,-2.7570555210113525,3,False,-2.9534645080566406,3,False,-0.31689953804016113
public,1714,5,Surprise,V21_CORRECT_V22_WRONG,True,True,0.5127914547920227,0.7527011036872864,6,False,-2.1645092964172363,6,False,-1.6906721591949463,5,True,2.4698679447174072,5,True,2.489149570465088
public,1721,0,Angry,V21_CORRECT_V22_WRONG,True,True,0.5979157090187073,0.614215612411499,2,False,-0.2279677391052246,2,False,-1.7698755264282227,0,True,0.46832573413848877,0,True,4.196682453155518
public,1731,4,Sad,V22_CORRECT_V21_WRONG,True,True,0.7023129463195801,0.6174575090408325,6,False,-3.604187250137329,6,False,-2.8074958324432373,4,True,0.12825822830200195,4,True,0.3009183406829834
public,1733,4,Sad,V21_CORRECT_V22_WRONG,True,True,0.5603690147399902,0.641045331954956,2,False,-0.8037123680114746,2,False,-0.4232959747314453,2,False,-0.0807185173034668,4,True,1.8597720861434937
public,1734,3,Happy,V22_CORRECT_V21_WRONG,True,True,0.6785519123077393,0.5039100646972656,5,False,-3.02170729637146,5,False,-2.701188564300537,3,True,3.3474137783050537,3,True,3.6204190254211426
public,1736,0,Angry,V22_CORRECT_V21_WRONG,True,True,0.5963258743286133,0.6893706917762756,2,False,-2.015557289123535,2,False,-1.6135694980621338,0,True,1.8606314659118652,0,True,1.5779447555541992
public,1746,4,Sad,V22_CORRECT_V21_WRONG,True,True,0.43704771995544434,0.48942333459854126,2,False,-0.7514886856079102,4,True,0.5443795919418335,4,True,1.8632779121398926,4,True,3.4931581020355225
public,1755,2,Fear,V22_CORRECT_V21_WRONG,True,True,0.6234993934631348,0.5642240643501282,4,False,-0.6321620941162109,4,False,-0.7824289798736572,2,True,0.11800765991210938,2,True,0.9812942743301392
public,1756,2,Fear,V22_CORRECT_V21_WRONG,True,True,0.6002386808395386,0.5767855644226074,0,False,-1.6457067728042603,2,True,0.42675089836120605,2,True,2.310981035232544,4,False,-0.1808699369430542
public,1757,4,Sad,V22_CORRECT_V21_WRONG,True,True,0.5878369808197021,0.32795923948287964,6,False,-2.046548366546631,6,False,-0.02829110622406006,4,True,2.4189414978027344,4,True,2.43300199508667
public,1759,2,Fear,V21_CORRECT_V22_WRONG,True,True,0.46861907839775085,0.3437756896018982,5,False,-1.6666735410690308,2,True,1.6699541807174683,2,True,2.2587521076202393,2,True,1.951308012008667
public,1760,4,Sad,V22_CORRECT_V21_WRONG,True,True,0.5706421136856079,0.7364834547042847,2,False,-1.3912513256072998,2,False,-0.4689960479736328,4,True,0.19214403629302979,4,True,0.7544944286346436
public,1761,0,Angry,V22_CORRECT_V21_WRONG,True,True,0.4562135338783264,0.5170100927352905,4,False,-1.5208871364593506,4,False,-2.411982774734497,0,True,1.797075867652893,6,False,-0.2539069652557373
public,1762,3,Happy,V21_CORRECT_V22_WRONG,True,True,0.6647878885269165,0.32864201068878174,4,False,-4.211749076843262,4,False,-4.279584884643555,3,True,0.8195902109146118,3,True,0.7213802337646484
public,1764,4,Sad,V21_CORRECT_V22_WRONG,True,True,0.568047046661377,0.5646345615386963,4,True,1.1712887287139893,4,True,1.3950642347335815,4,True,1.8879910707473755,4,True,2.5599591732025146
public,1794,0,Angry,V22_CORRECT_V21_WRONG,True,True,0.6288371682167053,0.7732668519020081,4,False,-1.7440030574798584,4,False,-2.159174919128418,4,False,-0.391099214553833,4,False,-0.7744953632354736
public,1795,4,Sad,V21_CORRECT_V22_WRONG,True,True,0.33982783555984497,0.41813963651657104,0,False,-0.5797837972640991,0,False,-1.5436229705810547,2,False,-2.164916753768921,4,True,0.2760319709777832
public,1800,0,Angry,V22_CORRECT_V21_WRONG,True,True,0.5627953410148621,0.5845499038696289,3,False,-1.489978551864624,3,False,-1.1165719032287598,0,True,2.9992005825042725,0,True,2.636000156402588
public,1806,6,Neutral,V21_CORRECT_V22_WRONG,True,True,0.6672946810722351,0.2793433666229248,3,False,-0.48009002208709717,3,False,-2.015611410140991,6,True,1.4966044425964355,6,True,3.014712333679199
public,1810,4,Sad,V21_CORRECT_V22_WRONG,True,True,0.5606766939163208,0.42208290100097656,2,False,-1.976675271987915,2,False,-2.2519826889038086,4,True,0.23784029483795166,4,True,1.1464192867279053
public,1813,6,Neutral,V21_CORRECT_V22_WRONG,True,True,0.5826379060745239,0.702315092086792,6,True,0.4538411498069763,2,False,-0.8383393287658691,6,True,1.1453009843826294,6,True,2.0587689876556396
public,1814,4,Sad,V22_CORRECT_V21_WRONG,True,True,0.4637368321418762,0.3798069655895233,1,False,-5.229392051696777,1,False,-0.7698000073432922,4,True,0.9228893518447876,4,True,0.9650675654411316
public,1820,4,Sad,V22_CORRECT_V21_WRONG,True,True,0.6277555227279663,0.5414741039276123,6,False,-3.364797592163086,6,False,-2.8980093002319336,4,True,2.1091208457946777,4,True,3.2671546936035156
public,1824,3,Happy,V21_CORRECT_V22_WRONG,True,True,0.763588547706604,0.23015549778938293,0,False,-2.1444599628448486,0,False,-3.8626465797424316,3,True,4.130645275115967,3,True,4.3908586502075195
public,1825,6,Neutral,V22_CORRECT_V21_WRONG,True,True,0.5586204528808594,0.6458624601364136,4,False,-0.4367668628692627,4,False,-1.4470361471176147,6,True,3.7371413707733154,6,True,3.3489580154418945
public,1827,3,Happy,V21_CORRECT_V22_WRONG,True,False,0.5075966119766235,0.7607472538948059,6,False,-2.5162384510040283,6,False,-1.195022463798523,3,True,0.44700419902801514,3,True,0.002817392349243164
public,1833,3,Happy,V22_CORRECT_V21_WRONG,True,True,0.5938389301300049,0.4625248610973358,0,False,-3.27227783203125,6,False,-2.3387413024902344,3,True,0.7020604014396667,3,True,2.023175001144409
public,1837,6,Neutral,V22_CORRECT_V21_WRONG,True,True,0.530201256275177,0.7062509655952454,4,False,-0.3134636878967285,4,False,-1.3346272706985474,4,False,-2.170100688934326,6,True,0.16459894180297852
public,1844,6,Neutral,V22_CORRECT_V21_WRONG,True,True,0.6815081834793091,0.5411370992660522,4,False,-4.308034420013428,4,False,-3.271573305130005,6,True,0.6047908067703247,6,True,0.3039332628250122
public,1845,3,Happy,V21_CORRECT_V22_WRONG,True,True,0.7396692037582397,0.32836511731147766,6,False,-0.2784169912338257,6,False,-1.2240371704101562,3,True,4.214348793029785,3,True,4.3559980392456055
public,1848,4,Sad,V21_CORRECT_V22_WRONG,True,True,0.56276535987854,0.6619871854782104,2,False,-2.192683219909668,6,False,-1.447416067123413,2,False,-0.5969312191009521,4,True,0.4206423759460449
public,1853,2,Fear,V21_CORRECT_V22_WRONG,True,True,0.6079759001731873,0.6143897771835327,4,False,-2.439846992492676,4,False,-2.911363363265991,2,True,1.9572184085845947,2,True,2.1049766540527344
public,1854,0,Angry,V22_CORRECT_V21_WRONG,True,True,0.7070375084877014,0.287121057510376,6,False,-3.4827141761779785,6,False,-3.761679172515869,0,True,2.605409860610962,0,True,1.4625810384750366
public,1856,4,Sad,V22_CORRECT_V21_WRONG,True,True,0.5886750221252441,0.2403223067522049,2,False,-5.297219276428223,2,False,-2.8174753189086914,4,True,3.208514928817749,4,True,2.6990296840667725
public,1857,6,Neutral,V22_CORRECT_V21_WRONG,True,True,0.619661808013916,0.8526749014854431,3,False,-0.4155912399291992,3,False,-0.3303046226501465,3,False,-0.7304089069366455,6,True,0.46389782428741455
public,1875,0,Angry,V21_CORRECT_V22_WRONG,True,True,0.6187824010848999,0.751422643661499,3,False,-0.4369826316833496,0,True,0.7683126926422119,3,False,-1.3359724283218384,0,True,2.275836706161499
public,1882,5,Surprise,V22_CORRECT_V21_WRONG,True,True,0.6478886008262634,0.39101022481918335,3,False,-2.6825332641601562,3,False,-2.400677442550659,2,False,-1.320075273513794,0,False,-0.03930068016052246
public,1892,1,Disgust,V22_CORRECT_V21_WRONG,True,True,0.5593737363815308,0.6665844917297363,0,False,-4.122550964355469,0,False,-3.4947731494903564,0,False,-2.831472873687744,1,True,1.8001024723052979
public,1893,4,Sad,V22_CORRECT_V21_WRONG,True,True,0.45934903621673584,0.3498643636703491,1,False,-5.0115251541137695,2,False,-1.1607211828231812,4,True,2.382474660873413,4,True,2.348299503326416
public,1898,4,Sad,V22_CORRECT_V21_WRONG,True,True,0.6541106700897217,0.8751064538955688,6,False,-0.21181249618530273,6,False,-0.0012873411178588867,6,False,-0.6501727104187012,4,True,0.3637789487838745
public,1901,3,Happy,V22_CORRECT_V21_WRONG,True,True,0.6883462071418762,0.7689976692199707,6,False,-0.020488739013671875,3,True,0.14049434661865234,3,True,2.4642457962036133,3,True,0.5711438655853271
public,1909,6,Neutral,V21_CORRECT_V22_WRONG,True,True,0.5847128033638,0.33423638343811035,4,False,-2.5289535522460938,2,False,-3.241041898727417,6,True,0.6652438640594482,6,True,2.4840643405914307
public,1911,5,Surprise,V21_CORRECT_V22_WRONG,True,True,0.6430959105491638,0.7745521068572998,2,False,-0.7612932920455933,2,False,-0.648474931716919,5,True,1.7960617542266846,5,True,3.420337200164795
public,1928,3,Happy,V22_CORRECT_V21_WRONG,True,True,0.33818745613098145,0.4446485936641693,0,False,-1.4622840881347656,3,True,2.1037886142730713,3,True,4.199107646942139,3,True,4.38295841217041
public,1930,1,Disgust,V21_CORRECT_V22_WRONG,True,False,0.5624889135360718,0.7550785541534424,0,False,-4.20501708984375,0,False,-3.643104076385498,0,False,-0.25589489936828613,1,True,1.6468820571899414
public,1936,4,Sad,V21_CORRECT_V22_WRONG,True,False,0.6222745180130005,0.5467931032180786,6,False,-2.841092824935913,6,False,-2.6909122467041016,4,True,1.482176423072815,4,True,0.3065969944000244
public,1939,5,Surprise,V22_CORRECT_V21_WRONG,True,True,0.6055541038513184,0.6910651326179504,2,False,-0.2367870807647705,2,False,-0.3865962028503418,5,True,3.3751416206359863,5,True,3.15972638130188
public,1941,4,Sad,V22_CORRECT_V21_WRONG,True,True,0.5981374979019165,0.47533178329467773,3,False,-1.1423673629760742,6,False,-0.5429341793060303,4,True,2.3270816802978516,4,True,3.66907000541687
public,1946,4,Sad,V22_CORRECT_V21_WRONG,True,True,0.6112102270126343,0.8099474906921387,0,False,-1.1866698265075684,4,True,0.1015397310256958,4,True,0.026678800582885742,4,True,1.393118977546692
public,1947,4,Sad,V21_CORRECT_V22_WRONG,True,True,0.524140477180481,0.5215847492218018,2,False,-3.6831705570220947,2,False,-3.4778590202331543,2,False,-1.1942988634109497,4,True,1.5810363292694092
public,1948,2,Fear,V22_CORRECT_V21_WRONG,True,True,0.7145627737045288,0.7110021114349365,4,False,-0.714134693145752,4,False,-0.8271641731262207,4,False,-1.0002385377883911,4,False,-0.25048303604125977
public,1950,4,Sad,V21_CORRECT_V22_WRONG,True,True,0.5867354273796082,0.5353438854217529,3,False,-3.159489154815674,3,False,-1.2758294343948364,4,True,1.1454652547836304,4,True,1.396754264831543
public,1956,4,Sad,V22_CORRECT_V21_WRONG,True,True,0.34634876251220703,0.16384363174438477,0,False,-2.921456813812256,6,False,-1.5130716562271118,4,True,4.207736968994141,4,True,2.462596893310547
public,1961,3,Happy,V22_CORRECT_V21_WRONG,True,True,0.6564574241638184,0.4338396489620209,6,False,-4.582021236419678,6,False,-4.45963191986084,3,True,1.917780876159668,3,True,1.295051097869873
public,1962,4,Sad,V22_CORRECT_V21_WRONG,True,True,0.5313584804534912,0.4439324736595154,2,False,-0.2896428108215332,4,True,2.09430193901062,4,True,3.6753344535827637,4,True,2.767399787902832
public,1967,3,Happy,V21_CORRECT_V22_WRONG,True,True,0.7046037912368774,0.7776869535446167,6,False,-0.724822998046875,3,True,0.6206188201904297,3,True,1.5988001823425293,3,True,2.332047462463379
public,1968,6,Neutral,V21_CORRECT_V22_WRONG,True,True,0.5267266631126404,0.5078504085540771,3,False,-1.1495091915130615,3,False,-0.9097497463226318,6,True,0.7251979112625122,6,True,1.9022953510284424
public,1977,6,Neutral,V22_CORRECT_V21_WRONG,True,True,0.6248569488525391,0.8391759991645813,4,False,-0.5707879066467285,4,False,-0.19273138046264648,6,True,1.1628093719482422,6,True,1.812180757522583
public,1983,6,Neutral,V21_CORRECT_V22_WRONG,True,True,0.6878360509872437,0.33293503522872925,0,False,-0.11603260040283203,0,False,-1.500319242477417,6,True,2.605809211730957,6,True,3.492652654647827
public,1991,3,Happy,V21_CORRECT_V22_WRONG,True,True,0.6843571662902832,0.8702783584594727,5,False,-1.2249119281768799,5,False,-0.470958948135376,3,True,2.1204891204833984,3,True,1.9725055694580078
public,1992,4,Sad,V22_CORRECT_V21_WRONG,True,True,0.6558960676193237,0.28701654076576233,6,False,-3.712773084640503,6,False,-3.714996814727783,4,True,1.1814942359924316,4,True,1.143825650215149
public,2006,4,Sad,V21_CORRECT_V22_WRONG,True,True,0.5844906568527222,0.6954137682914734,6,False,-0.5664596557617188,0,False,-0.06427109241485596,4,True,1.4172909259796143,4,True,1.7027878761291504
public,2009,6,Neutral,V21_CORRECT_V22_WRONG,True,True,0.4705941677093506,0.24578087031841278,2,False,-3.342548370361328,2,False,-2.34751558303833,6,True,1.3097808361053467,6,True,3.1092848777770996
public,2013,6,Neutral,V22_CORRECT_V21_WRONG,True,True,0.5977024435997009,0.7340525984764099,4,False,-2.703737497329712,4,False,-3.5318870544433594,6,True,0.1838313341140747,6,True,0.8007263541221619
public,2022,4,Sad,V22_CORRECT_V21_WRONG,True,True,0.5469191074371338,0.3022564947605133,2,False,-4.4824748039245605,2,False,-3.048272132873535,4,True,3.28188419342041,4,True,2.5940215587615967
public,2027,6,Neutral,V21_CORRECT_V22_WRONG,True,True,0.5503168106079102,0.40454718470573425,0,False,-3.8478705883026123,0,False,-5.340328216552734,6,True,0.5987381935119629,6,True,1.299691915512085
public,2041,4,Sad,V21_CORRECT_V22_WRONG,False,False,0.5848947763442993,0.8748759031295776,4,True,0.5349850654602051,0,False,-0.9321644306182861,4,True,1.574249505996704,4,True,0.003924369812011719
public,2045,2,Fear,V21_CORRECT_V22_WRONG,True,True,0.584740936756134,0.7006597518920898,6,False,-1.5552170276641846,4,False,-0.8612749576568604,2,True,0.7710243463516235,2,True,0.12934386730194092
public,2053,6,Neutral,V21_CORRECT_V22_WRONG,True,True,0.6220108270645142,0.661017894744873,4,False,-2.817136526107788,4,False,-1.551443099975586,4,False,-0.3730587959289551,6,True,0.7587137222290039
public,2054,4,Sad,V21_CORRECT_V22_WRONG,True,True,0.6710456013679504,0.7430572509765625,6,False,-1.6729735136032104,6,False,-0.9863104820251465,4,True,0.09035921096801758,4,True,0.6671574115753174
public,2055,4,Sad,V22_CORRECT_V21_WRONG,True,True,0.5831167697906494,0.39945507049560547,2,False,-2.3512942790985107,4,True,0.06905102729797363,4,True,3.627763509750366,4,True,2.7511723041534424
public,2057,6,Neutral,V21_CORRECT_V22_WRONG,True,True,0.5901980400085449,0.8023620843887329,4,False,-2.3593661785125732,4,False,-2.8667550086975098,4,False,-1.6758992671966553,6,True,0.1717531681060791
public,2063,3,Happy,V21_CORRECT_V22_WRONG,True,True,0.6553113460540771,0.3336378335952759,0,False,-0.6206696033477783,0,False,-3.0961430072784424,3,True,3.119694709777832,3,True,4.0433173179626465
public,2065,2,Fear,V21_CORRECT_V22_WRONG,True,True,0.6645297408103943,0.9146561622619629,0,False,-0.3881411552429199,2,True,0.024164438247680664,0,False,-0.40915369987487793,2,True,0.9856352806091309
public,2066,6,Neutral,V22_CORRECT_V21_WRONG,True,True,0.4424947500228882,0.6571824550628662,0,False,-1.4212579727172852,6,True,0.5728311538696289,6,True,2.157750129699707,6,True,2.6612043380737305
public,2068,3,Happy,V21_CORRECT_V22_WRONG,True,True,0.7395031452178955,0.1424069106578827,2,False,-4.16437292098999,2,False,-4.353397369384766,3,True,3.022249221801758,3,True,3.6821095943450928
public,2080,4,Sad,V21_CORRECT_V22_WRONG,True,True,0.6038132905960083,0.568324089050293,0,False,-2.2474045753479004,0,False,-2.6089417934417725,4,True,1.8746123313903809,4,True,1.276611089706421
public,2082,4,Sad,V22_CORRECT_V21_WRONG,True,True,0.4848676323890686,0.49898579716682434,2,False,-2.038424491882324,2,False,-0.844793438911438,4,True,2.740384101867676,4,True,2.7742247581481934
public,2084,3,Happy,V21_CORRECT_V22_WRONG,True,True,0.6901020407676697,0.8166803121566772,6,False,-0.3908052444458008,3,True,0.6330306529998779,3,True,1.2244987487792969,3,True,1.791263461112976
public,2091,4,Sad,V22_CORRECT_V21_WRONG,True,True,0.648058295249939,0.6412241458892822,6,False,-2.9368042945861816,6,False,-1.7241427898406982,4,True,1.6202791929244995,4,True,0.6470266580581665
public,2094,2,Fear,V22_CORRECT_V21_WRONG,True,True,0.5114880800247192,0.5873892307281494,6,False,-2.3062360286712646,2,True,0.11763572692871094,2,True,0.8538355827331543,2,True,0.9818477630615234
public,2099,3,Happy,V21_CORRECT_V22_WRONG,True,True,0.646956205368042,0.179550439119339,0,False,-2.9961423873901367,0,False,-4.653131484985352,3,True,3.600416898727417,3,True,3.961728572845459
public,2100,6,Neutral,V21_CORRECT_V22_WRONG,True,True,0.5670195817947388,0.35875362157821655,4,False,-2.1082868576049805,4,False,-0.49941086769104004,6,True,0.2805769443511963,6,True,0.6063814759254456
public,2101,4,Sad,V22_CORRECT_V21_WRONG,True,True,0.4947679042816162,0.3644852638244629,0,False,-0.7067258358001709,0,False,-1.9071221351623535,4,True,3.9695396423339844,4,True,3.934096574783325
public,2104,2,Fear,V22_CORRECT_V21_WRONG,False,False,0.6931277513504028,0.9037366509437561,5,False,-0.6328749656677246,5,False,-1.2921925783157349,2,True,0.39359521865844727,2,True,0.19610285758972168
public,2106,0,Angry,V22_CORRECT_V21_WRONG,True,True,0.6749701499938965,0.283071905374527,4,False,-3.969956398010254,4,False,-2.73964786529541,0,True,2.994673013687134,4,False,-0.5325528383255005
public,2125,0,Angry,V22_CORRECT_V21_WRONG,True,True,0.6164602041244507,0.5373976230621338,2,False,-1.8480275869369507,3,False,-2.5327138900756836,0,True,1.4130398035049438,0,True,2.3749139308929443
public,2130,4,Sad,V22_CORRECT_V21_WRONG,True,True,0.5910980701446533,0.6740395426750183,6,False,-1.3557109832763672,4,True,0.6331918239593506,3,False,-2.0143113136291504,4,True,0.2805445194244385
public,2132,6,Neutral,V22_CORRECT_V21_WRONG,False,False,0.6312707662582397,0.7906208634376526,4,False,-1.2688779830932617,4,False,-2.0670690536499023,6,True,1.0291715860366821,6,True,1.3997236490249634
public,2151,6,Neutral,V22_CORRECT_V21_WRONG,True,True,0.5580371618270874,0.4817233681678772,0,False,-1.34233558177948,6,True,0.5338631868362427,6,True,3.2376797199249268,6,True,3.836794853210449
public,2159,5,Surprise,V21_CORRECT_V22_WRONG,True,True,0.691984236240387,0.10085219144821167,4,False,-4.460468292236328,4,False,-4.681363105773926,5,True,2.2925379276275635,5,True,3.9004766941070557
public,2179,6,Neutral,V21_CORRECT_V22_WRONG,True,True,0.5699288845062256,0.5885159373283386,4,False,-2.9182488918304443,4,False,-2.3369693756103516,6,True,0.08151757717132568,6,True,2.698197364807129
public,2189,4,Sad,V21_CORRECT_V22_WRONG,True,True,0.5325554609298706,0.6500052213668823,2,False,-0.12120997905731201,4,True,1.3205538988113403,2,False,-0.5371415615081787,4,True,1.3137121200561523
public,2191,4,Sad,V22_CORRECT_V21_WRONG,True,True,0.5024247169494629,0.46227529644966125,0,False,-2.0149407386779785,0,False,-1.8190269470214844,2,False,-0.9216265678405762,4,True,0.20460379123687744
public,2192,0,Angry,V22_CORRECT_V21_WRONG,True,True,0.327276349067688,0.5657890439033508,1,False,-1.5185253620147705,4,False,-3.1931748390197754,0,True,3.193009614944458,0,True,4.254446029663086
public,2196,0,Angry,V21_CORRECT_V22_WRONG,True,True,0.39005568623542786,0.15808793902397156,6,False,-3.8398025035858154,6,False,-3.97723126411438,2,False,-1.4973883628845215,0,True,1.3199446201324463
public,2197,3,Happy,V21_CORRECT_V22_WRONG,True,True,0.6721194982528687,0.8455042839050293,2,False,-0.7448959350585938,3,True,1.862906575202942,3,True,2.367675304412842,3,True,3.6483101844787598
public,2210,4,Sad,V22_CORRECT_V21_WRONG,True,True,0.594727635383606,0.10203536599874496,2,False,-4.832334518432617,2,False,-4.324731826782227,4,True,3.511631488800049,4,True,3.750965118408203
public,2215,5,Surprise,V22_CORRECT_V21_WRONG,True,True,0.3665534257888794,0.40716466307640076,3,False,-0.8473846912384033,2,False,-0.5388643741607666,5,True,1.413561463356018,5,True,2.0947632789611816
public,2217,6,Neutral,V22_CORRECT_V21_WRONG,True,True,0.6916558146476746,0.7968547344207764,4,False,-2.7297723293304443,4,False,-2.0973763465881348,4,False,-0.28029942512512207,6,True,0.39734816551208496
public,2218,4,Sad,V22_CORRECT_V21_WRONG,True,True,0.5783235430717468,0.5004354119300842,6,False,-0.8139528036117554,4,True,0.8240666389465332,0,False,-0.6686079502105713,4,True,1.9150537252426147
public,2222,0,Angry,V22_CORRECT_V21_WRONG,True,True,0.5221242308616638,0.6361172199249268,2,False,-2.0064034461975098,2,False,-2.1259095668792725,0,True,0.657320499420166,0,True,1.8749536275863647
public,2241,4,Sad,V22_CORRECT_V21_WRONG,True,True,0.6168090105056763,0.6687020063400269,6,False,-0.5121344327926636,4,True,0.8057854175567627,4,True,1.7350208759307861,4,True,2.241074562072754
public,2245,6,Neutral,V21_CORRECT_V22_WRONG,True,True,0.4939008355140686,0.4772831201553345,3,False,-1.8155667781829834,3,False,-3.32997727394104,6,True,0.21258056163787842,6,True,2.5859017372131348
public,2257,2,Fear,V22_CORRECT_V21_WRONG,True,True,0.5699752569198608,0.27059829235076904,6,False,-2.8681952953338623,6,False,-2.596513271331787,2,True,0.9895106554031372,2,True,1.67759108543396
public,2259,4,Sad,V21_CORRECT_V22_WRONG,True,True,0.5696744918823242,0.6842161417007446,0,False,-1.1374595165252686,0,False,-0.496280312538147,0,False,-0.09019279479980469,4,True,0.5541768074035645
public,2260,4,Sad,V21_CORRECT_V22_WRONG,True,True,0.5042833089828491,0.621224582195282,3,False,-2.359426975250244,3,False,-3.3876771926879883,4,True,0.9788638353347778,4,True,0.5641181468963623
public,2265,3,Happy,V21_CORRECT_V22_WRONG,True,True,0.7040876746177673,0.5319823622703552,6,False,-0.24991977214813232,6,False,-0.40702009201049805,3,True,2.313680648803711,3,True,3.234097957611084
public,2278,6,Neutral,V21_CORRECT_V22_WRONG,True,True,0.5822145938873291,0.5147913694381714,4,False,-1.545285940170288,4,False,-0.22832107543945312,6,True,0.5474417209625244,6,True,2.714918375015259
public,2281,6,Neutral,V21_CORRECT_V22_WRONG,True,True,0.4687850773334503,0.5736328363418579,3,False,-2.2542762756347656,3,False,-0.6568838357925415,2,False,-1.8763471841812134,6,True,2.557457447052002
public,2283,6,Neutral,V22_CORRECT_V21_WRONG,True,True,0.5318434238433838,0.26449882984161377,3,False,-2.3828511238098145,2,False,-1.8401482105255127,4,False,-0.15062689781188965,6,True,0.8438022136688232
public,2288,6,Neutral,V21_CORRECT_V22_WRONG,True,True,0.6803790926933289,0.7168581485748291,4,False,-2.186397075653076,4,False,-1.2444764375686646,6,True,0.3539111614227295,6,True,0.5829732418060303
public,2289,6,Neutral,V22_CORRECT_V21_WRONG,True,True,0.5536569356918335,-0.004392670467495918,5,False,-5.082970142364502,5,False,-4.592357158660889,6,True,1.085205078125,6,True,1.1859657764434814
public,2293,4,Sad,V22_CORRECT_V21_WRONG,True,False,0.5643798112869263,0.6924383640289307,2,False,-0.7487130165100098,2,False,-0.6040983200073242,2,False,-1.6385231018066406,2,False,-0.18944895267486572
public,2301,3,Happy,V21_CORRECT_V22_WRONG,True,True,0.6898033618927002,0.7099587917327881,6,False,-2.4156272411346436,6,False,-1.3870962858200073,3,True,0.09209156036376953,3,True,0.36476778984069824
public,2306,2,Fear,V22_CORRECT_V21_WRONG,True,True,0.5115205645561218,0.42812833189964294,0,False,-1.669177770614624,2,True,0.571953296661377,2,True,0.8202526569366455,2,True,3.045334577560425
public,2313,3,Happy,V22_CORRECT_V21_WRONG,True,True,0.49798983335494995,0.6849545240402222,0,False,-4.416809558868408,3,True,0.4006556272506714,3,True,1.406211256980896,3,True,3.4291341304779053
public,2317,6,Neutral,V22_CORRECT_V21_WRONG,True,True,0.41974690556526184,0.6460139751434326,4,False,-1.5878205299377441,4,False,-1.0446655750274658,6,True,0.9680746793746948,6,True,0.03194427490234375
public,2322,0,Angry,V22_CORRECT_V21_WRONG,True,True,0.29857245087623596,0.40121543407440186,1,False,-1.5173051357269287,2,False,-1.1069905757904053,0,True,4.127144813537598,0,True,4.491742134094238
public,2323,4,Sad,V22_CORRECT_V21_WRONG,True,True,0.459544837474823,0.4381747245788574,6,False,-0.6411271095275879,6,False,-0.6188788414001465,4,True,3.9356753826141357,4,True,2.461574077606201
public,2331,4,Sad,V21_CORRECT_V22_WRONG,True,True,0.5321194529533386,0.4915582537651062,3,False,-2.805600643157959,4,True,1.5014801025390625,3,False,-0.5934157371520996,4,True,0.28743529319763184
public,2357,3,Happy,V22_CORRECT_V21_WRONG,True,True,0.667829155921936,0.8523644208908081,6,False,-0.7233235836029053,6,False,-0.7117462158203125,3,True,2.545671224594116,3,True,1.2095921039581299
public,2360,0,Angry,V21_CORRECT_V22_WRONG,True,True,0.4498172104358673,0.7087478041648865,6,False,-2.0738420486450195,0,True,1.5291012525558472,4,False,-2.7710962295532227,0,True,1.454083800315857
public,2365,3,Happy,V22_CORRECT_V21_WRONG,True,True,0.51469486951828,0.3606075346469879,6,False,-3.9685168266296387,4,False,-2.8344368934631348,3,True,4.021635055541992,3,True,2.6870334148406982
public,2372,0,Angry,V22_CORRECT_V21_WRONG,True,True,0.5992798209190369,0.441893070936203,6,False,-2.7084360122680664,6,False,-2.8163464069366455,4,False,-0.7871154546737671,0,True,0.5340590476989746
public,2379,0,Angry,V21_CORRECT_V22_WRONG,True,True,0.3444846272468567,0.565558910369873,4,False,-2.436842203140259,4,False,-2.033169746398926,2,False,-1.2334787845611572,0,True,2.318927049636841
public,2385,4,Sad,V21_CORRECT_V22_WRONG,True,True,0.505843460559845,0.2248392254114151,3,False,-3.2911458015441895,3,False,-3.2960944175720215,4,True,2.325347423553467,4,True,3.919874668121338
public,2389,0,Angry,V21_CORRECT_V22_WRONG,True,True,0.6295430660247803,0.6663684248924255,4,False,-3.261384963989258,4,False,-3.913936138153076,4,False,-1.0772972106933594,0,True,0.308330774307251
public,2390,4,Sad,V21_CORRECT_V22_WRONG,True,True,0.6269865036010742,0.4698733687400818,4,True,0.24004387855529785,0,False,-0.7590458393096924,4,True,0.35229039192199707,4,True,0.07531428337097168
public,2396,2,Fear,V22_CORRECT_V21_WRONG,True,True,0.7035499811172485,0.86729896068573,0,False,-1.6308751106262207,0,False,-1.0492427349090576,0,False,-0.9892520904541016,2,True,0.10748887062072754
public,2397,3,Happy,V21_CORRECT_V22_WRONG,True,True,0.708676815032959,0.8416168689727783,2,False,-1.3529393672943115,3,True,3.4646213054656982,3,True,0.6072907447814941,3,True,2.04508376121521
public,2398,2,Fear,V21_CORRECT_V22_WRONG,True,True,0.6174410581588745,0.7176952362060547,4,False,-0.6099138259887695,4,False,-0.6400120258331299,2,True,1.3921940326690674,2,True,1.6031657457351685
public,2401,6,Neutral,V21_CORRECT_V22_WRONG,True,True,0.6839478611946106,0.34467613697052,4,False,-4.046210765838623,4,False,-2.642720937728882,6,True,2.3114893436431885,6,True,3.2120988368988037
public,2404,4,Sad,V21_CORRECT_V22_WRONG,True,True,0.5786482095718384,0.7126463651657104,4,True,0.7976013422012329,4,True,1.3390345573425293,4,True,1.9044358730316162,4,True,1.7289299964904785
public,2405,2,Fear,V21_CORRECT_V22_WRONG,True,True,0.7017540335655212,0.5366396903991699,6,False,-1.4309593439102173,6,False,-0.12463736534118652,2,True,1.2540929317474365,2,True,1.091993808746338
public,2408,4,Sad,V21_CORRECT_V22_WRONG,True,True,0.553794264793396,0.5359178781509399,3,False,-1.1914570331573486,2,False,-1.7413477897644043,4,True,1.4751359224319458,4,True,1.2097160816192627
public,2411,0,Angry,V22_CORRECT_V21_WRONG,True,True,0.5311179161071777,0.7386165261268616,4,False,-3.047031879425049,4,False,-0.8714603185653687,0,True,0.30921387672424316,0,True,0.06842732429504395
public,2413,2,Fear,V21_CORRECT_V22_WRONG,True,True,0.4965525269508362,0.4753488302230835,5,False,-3.0550012588500977,5,False,-3.0869150161743164,2,True,1.4446815252304077,2,True,1.3830081224441528
public,2424,3,Happy,V21_CORRECT_V22_WRONG,True,False,0.7244042158126831,0.587446928024292,5,False,-0.5619015693664551,5,False,-0.24988937377929688,3,True,2.038588047027588,3,True,3.2884650230407715
public,2447,4,Sad,V21_CORRECT_V22_WRONG,True,True,0.5178312063217163,0.4279947280883789,0,False,-2.4255003929138184,4,True,1.034197211265564,4,True,0.35661613941192627,4,True,0.5186867713928223
public,2456,3,Happy,V21_CORRECT_V22_WRONG,True,True,0.4049326777458191,0.2221812605857849,3,True,0.6373918056488037,4,False,-0.6920102834701538,6,False,-1.905447244644165,3,True,0.6771242618560791
public,2457,4,Sad,V22_CORRECT_V21_WRONG,True,True,0.6893773078918457,0.5832630395889282,0,False,-3.1916537284851074,0,False,-1.8877513408660889,4,True,0.8527529239654541,4,True,3.0822250843048096
public,2458,3,Happy,V22_CORRECT_V21_WRONG,True,True,0.627191424369812,0.8048081398010254,5,False,-0.6103062629699707,5,False,-2.2136130332946777,3,True,1.5222305059432983,3,True,0.3906550407409668
public,2465,4,Sad,V21_CORRECT_V22_WRONG,True,True,0.4611204266548157,0.5345207452774048,2,False,-0.5307998657226562,4,True,1.7594741582870483,4,True,0.013337850570678711,4,True,1.714064359664917
public,2471,6,Neutral,V22_CORRECT_V21_WRONG,True,True,0.5108639001846313,0.5532099008560181,4,False,-0.8121316432952881,4,False,-0.2099926471710205,6,True,1.4364972114562988,6,True,3.2872536182403564
public,2472,5,Surprise,V21_CORRECT_V22_WRONG,True,True,0.4975844621658325,0.630397617816925,6,False,-0.10154414176940918,6,False,-0.8068044185638428,2,False,-1.3699769973754883,5,True,2.280866861343384
public,2473,4,Sad,V22_CORRECT_V21_WRONG,True,True,0.524907648563385,0.41376209259033203,2,False,-1.465937614440918,2,False,-0.12584614753723145,4,True,2.7578492164611816,4,True,2.4725301265716553
public,2477,4,Sad,V22_CORRECT_V21_WRONG,True,True,0.5906418561935425,0.39155781269073486,5,False,-2.4438445568084717,5,False,-1.7904356718063354,4,True,3.2396323680877686,4,True,2.8890860080718994
public,2484,0,Angry,V21_CORRECT_V22_WRONG,True,True,0.5015650987625122,0.205908864736557,4,False,-2.4068634510040283,4,False,-4.846389293670654,0,True,3.0860989093780518,0,True,3.531623363494873
public,2496,1,Disgust,V21_CORRECT_V22_WRONG,True,True,0.41291552782058716,0.56565260887146,5,False,-4.4053955078125,5,False,-4.877650260925293,2,False,-3.074082374572754,1,True,0.20468997955322266
public,2498,0,Angry,V22_CORRECT_V21_WRONG,True,True,0.7077683210372925,0.3342825472354889,3,False,-4.205373764038086,3,False,-4.166561126708984,0,True,2.802924633026123,0,True,2.7354745864868164
public,2502,6,Neutral,V21_CORRECT_V22_WRONG,True,True,0.6670887470245361,0.5848379135131836,4,False,-0.7652102708816528,4,False,-1.7898272275924683,6,True,3.1154463291168213,6,True,2.148620843887329
public,2516,4,Sad,V21_CORRECT_V22_WRONG,True,True,0.6125543713569641,0.3614983558654785,6,False,-2.230741024017334,3,False,-2.5939078330993652,4,True,1.4163899421691895,4,True,2.519977569580078
public,2518,4,Sad,V22_CORRECT_V21_WRONG,True,True,0.6609902381896973,0.7769138813018799,6,False,-0.47328484058380127,4,True,0.3213670253753662,4,True,0.9450845718383789,4,True,2.1835594177246094
public,2519,2,Fear,V22_CORRECT_V21_WRONG,True,True,0.6670393943786621,0.6073039174079895,5,False,-3.015791177749634,5,False,-1.936530590057373,2,True,3.7983336448669434,2,True,2.556638717651367
public,2539,4,Sad,V22_CORRECT_V21_WRONG,True,True,0.6098292469978333,0.46331489086151123,3,False,-1.0870044231414795,3,False,-1.24936044216156,4,True,4.013162136077881,4,True,2.9798738956451416
public,2545,2,Fear,V21_CORRECT_V22_WRONG,True,True,0.5393475294113159,0.6005241870880127,0,False,-0.3888242244720459,4,False,-1.2817708253860474,2,True,3.006659984588623,2,True,0.8523096442222595
public,2550,2,Fear,V22_CORRECT_V21_WRONG,True,True,0.5266464948654175,0.44241222739219666,4,False,-3.859452486038208,4,False,-2.4996557235717773,2,True,0.20875847339630127,4,False,-0.44383561611175537
public,2555,6,Neutral,V21_CORRECT_V22_WRONG,True,True,0.7002831697463989,0.5296289920806885,5,False,-0.42370903491973877,3,False,-0.37206363677978516,6,True,4.328480243682861,6,True,4.720008850097656
public,2562,0,Angry,V22_CORRECT_V21_WRONG,True,True,0.5523940324783325,0.3804413974285126,3,False,-3.625645160675049,3,False,-2.6246213912963867,0,True,2.448683261871338,0,True,1.1619834899902344
public,2573,3,Happy,V22_CORRECT_V21_WRONG,True,True,0.5634844303131104,0.6474314332008362,6,False,-2.897237539291382,4,False,-2.386941432952881,3,True,0.4356420040130615,3,True,1.059596300125122
public,2575,6,Neutral,V21_CORRECT_V22_WRONG,True,True,0.47821861505508423,0.12885823845863342,3,False,-3.6566555500030518,3,False,-5.553316593170166,0,False,-0.5835839509963989,6,True,3.024683713912964
public,2577,2,Fear,V22_CORRECT_V21_WRONG,True,True,0.5115205645561218,0.42812833189964294,0,False,-1.669177770614624,2,True,0.571953296661377,2,True,0.8202526569366455,2,True,3.045334577560425
public,2578,6,Neutral,V21_CORRECT_V22_WRONG,True,True,0.6320140361785889,0.35472092032432556,3,False,-2.4964423179626465,4,False,-1.9834034442901611,6,True,2.9448180198669434,6,True,3.2092580795288086
public,2586,3,Happy,V22_CORRECT_V21_WRONG,True,True,0.565110445022583,0.7760355472564697,0,False,-3.945296287536621,0,False,-0.10010266304016113,3,True,0.8767848014831543,3,True,2.483860969543457
public,2604,4,Sad,V21_CORRECT_V22_WRONG,True,True,0.630082368850708,0.5520918369293213,6,False,-1.955416202545166,6,False,-2.465393543243408,4,True,1.8191598653793335,4,True,1.6772801876068115
public,2616,4,Sad,V21_CORRECT_V22_WRONG,True,True,0.6143128871917725,0.5550258755683899,2,False,-1.412964940071106,4,True,1.2893126010894775,4,True,2.126041889190674,4,True,1.2375379800796509
public,2617,4,Sad,V21_CORRECT_V22_WRONG,True,True,0.5638538002967834,0.6024529933929443,3,False,-2.0925629138946533,3,False,-1.2615277767181396,4,True,0.999293327331543,4,True,2.7328097820281982
public,2618,4,Sad,V22_CORRECT_V21_WRONG,True,True,0.5712958574295044,0.26601681113243103,0,False,-5.241408348083496,0,False,-4.444845676422119,4,True,3.200943946838379,4,True,0.7518806457519531
public,2619,4,Sad,V21_CORRECT_V22_WRONG,True,True,0.644247829914093,0.8655103445053101,6,False,-0.38199472427368164,4,True,1.724677562713623,4,True,1.354065179824829,4,True,1.822657823562622
public,2626,3,Happy,V22_CORRECT_V21_WRONG,True,True,0.5841870307922363,0.5356855392456055,6,False,-1.4092614650726318,6,False,-1.7101339101791382,3,True,2.7635462284088135,3,True,2.4874866008758545
public,2628,0,Angry,V22_CORRECT_V21_WRONG,True,True,0.505450963973999,0.3780292868614197,3,False,-2.920954704284668,2,False,-2.637577533721924,2,False,-0.00679779052734375,0,True,1.0740300416946411
public,2629,0,Angry,V22_CORRECT_V21_WRONG,True,True,0.5798225402832031,0.7098290920257568,2,False,-0.11806058883666992,2,False,-0.455849289894104,0,True,2.0266411304473877,0,True,3.2240865230560303
public,2632,2,Fear,V21_CORRECT_V22_WRONG,True,True,0.43698322772979736,0.3465416729450226,0,False,-4.505598545074463,0,False,-3.3410887718200684,2,True,0.12028360366821289,2,True,3.412590265274048
public,2635,6,Neutral,V21_CORRECT_V22_WRONG,True,True,0.6982415318489075,0.7886661887168884,4,False,-3.1823573112487793,4,False,-2.660813093185425,4,False,-0.7206273078918457,6,True,0.2272428274154663
public,2642,4,Sad,V21_CORRECT_V22_WRONG,True,True,0.5760483741760254,0.26232272386550903,3,False,-3.1288013458251953,3,False,-1.817756175994873,4,True,2.1112277507781982,4,True,3.010237216949463
public,2648,2,Fear,V21_CORRECT_V22_WRONG,True,True,0.5553486943244934,0.5987774133682251,2,True,0.11322641372680664,2,True,1.9459795951843262,2,True,1.4166728258132935,2,True,0.7486522197723389
public,2665,3,Happy,V21_CORRECT_V22_WRONG,True,True,0.6016506552696228,0.461056113243103,2,False,-3.983424186706543,2,False,-3.740854501724243,3,True,0.3350033760070801,3,True,0.5738691091537476
public,2669,0,Angry,V21_CORRECT_V22_WRONG,True,True,0.4480420649051666,0.6527886390686035,2,False,-2.481168270111084,0,True,0.7187271118164062,2,False,-3.006195068359375,0,True,0.9760837554931641
public,2676,3,Happy,V21_CORRECT_V22_WRONG,True,True,0.6301459074020386,0.5210025310516357,6,False,-3.1273179054260254,6,False,-2.392164707183838,3,True,2.3789162635803223,3,True,3.170165777206421
public,2678,4,Sad,V21_CORRECT_V22_WRONG,True,True,0.4991553723812103,0.6472477316856384,6,False,-0.30731749534606934,4,True,2.060718059539795,2,False,-1.6675492525100708,4,True,0.017587661743164062
public,2687,2,Fear,V22_CORRECT_V21_WRONG,True,True,0.5800932049751282,0.4372239112854004,0,False,-0.004845619201660156,2,True,1.8970088958740234,2,True,1.776452898979187,2,True,0.9581732749938965
public,2691,1,Disgust,V21_CORRECT_V22_WRONG,True,False,0.44885772466659546,0.4559858739376068,2,False,-2.97908353805542,2,False,-3.6424360275268555,2,False,-1.7228007316589355,1,True,1.1232750415802002
public,2694,2,Fear,V22_CORRECT_V21_WRONG,True,True,0.6191966533660889,0.4950750470161438,6,False,-0.9836442470550537,2,True,1.1797078847885132,2,True,0.9067802429199219,2,True,1.0082392692565918
public,2697,4,Sad,V22_CORRECT_V21_WRONG,True,True,0.5752196311950684,0.6808431148529053,6,False,-1.9650180339813232,4,True,0.5567502975463867,6,False,-0.15981173515319824,4,True,1.1970560550689697
public,2700,4,Sad,V22_CORRECT_V21_WRONG,True,True,0.5537932515144348,0.7612067461013794,0,False,-1.0617014169692993,0,False,-1.2845401763916016,4,True,0.9504404067993164,4,True,2.421083927154541
public,2708,4,Sad,V21_CORRECT_V22_WRONG,True,True,0.5030471682548523,0.6001114249229431,4,True,0.1680147647857666,2,False,-0.10661077499389648,6,False,-0.0870354175567627,4,True,2.2383346557617188
public,2715,4,Sad,V22_CORRECT_V21_WRONG,True,True,0.4003489315509796,0.5135498046875,2,False,-2.905700445175171,2,False,-1.5513222217559814,4,True,2.4902515411376953,4,True,3.7677290439605713
public,2716,6,Neutral,V22_CORRECT_V21_WRONG,True,True,0.3358954191207886,0.1495741605758667,0,False,-2.601976156234741,0,False,-1.4696528911590576,6,True,0.08844518661499023,6,True,1.6980500221252441
public,2721,0,Angry,V21_CORRECT_V22_WRONG,True,True,0.4693850576877594,0.428963303565979,2,False,-1.944675326347351,2,False,-1.392234444618225,2,False,-0.2449895143508911,0,True,2.2001166343688965
public,2722,4,Sad,V22_CORRECT_V21_WRONG,True,True,0.5731250047683716,0.6476315259933472,0,False,-4.193291187286377,0,False,-2.752687931060791,0,False,-0.2117919921875,4,True,1.410114049911499
public,2725,4,Sad,V22_CORRECT_V21_WRONG,True,True,0.6829598546028137,0.35852253437042236,3,False,-4.4478278160095215,3,False,-3.4412965774536133,6,False,-1.7420257329940796,3,False,-1.7231963872909546
public,2729,3,Happy,V22_CORRECT_V21_WRONG,True,True,0.6405611038208008,0.7158397436141968,6,False,-0.04422330856323242,3,True,1.1479816436767578,3,True,3.5573489665985107,3,True,2.7289743423461914
public,2731,3,Happy,V21_CORRECT_V22_WRONG,True,True,0.7381556034088135,0.6697990894317627,6,False,-2.042909622192383,6,False,-0.7196362018585205,3,True,3.1790974140167236,3,True,3.591984748840332
public,2736,0,Angry,V22_CORRECT_V21_WRONG,True,True,0.5218546390533447,0.4412420392036438,6,False,-1.3895988464355469,6,False,-2.59732723236084,0,True,0.15562224388122559,6,False,-1.3873248100280762
public,2746,4,Sad,V22_CORRECT_V21_WRONG,True,True,0.5639603734016418,0.3062617778778076,3,False,-2.2382280826568604,4,True,0.40290558338165283,4,True,1.9505864381790161,4,True,1.6903526782989502
public,2751,4,Sad,V22_CORRECT_V21_WRONG,True,True,0.5366347432136536,0.3900878429412842,2,False,-3.9513700008392334,2,False,-2.2563230991363525,4,True,3.874089002609253,4,True,2.449460029602051
public,2757,6,Neutral,V21_CORRECT_V22_WRONG,True,True,0.4396480321884155,0.23006798326969147,4,False,-4.032118797302246,3,False,-3.613924980163574,6,True,1.1016491651535034,6,True,3.20678448677063
public,2772,2,Fear,V22_CORRECT_V21_WRONG,True,True,0.6105091571807861,0.4344181716442108,6,False,-1.8873145580291748,6,False,-1.0185468196868896,0,False,-3.2381811141967773,4,False,-0.32099413871765137
public,2776,0,Angry,V22_CORRECT_V21_WRONG,True,True,0.5574327707290649,0.816655158996582,2,False,-0.7172732353210449,2,False,-1.0219993591308594,0,True,1.730129361152649,0,True,1.8755409717559814
public,2794,4,Sad,V21_CORRECT_V22_WRONG,True,True,0.6759997606277466,0.39993536472320557,0,False,-1.6257166862487793,0,False,-2.9367923736572266,4,True,1.8801664113998413,4,True,3.3106706142425537
public,2808,6,Neutral,V21_CORRECT_V22_WRONG,True,True,0.46826857328414917,0.4649062752723694,3,False,-1.7831708192825317,6,True,0.5432493686676025,6,True,0.49071526527404785,6,True,2.1017842292785645
public,2817,2,Fear,V21_CORRECT_V22_WRONG,True,True,0.5935686826705933,0.6802117228507996,4,False,-0.48446357250213623,2,True,0.5335665941238403,2,True,0.029660820960998535,2,True,0.4647514820098877
public,2820,0,Angry,V21_CORRECT_V22_WRONG,True,True,0.48689085245132446,0.3015558421611786,2,False,-3.798673152923584,2,False,-3.320653200149536,5,False,-1.0288981199264526,0,True,1.4995485544204712
public,2821,0,Angry,V22_CORRECT_V21_WRONG,True,True,0.5667202472686768,0.4814814627170563,5,False,-3.3788070678710938,5,False,-2.9481325149536133,0,True,1.169445514678955,0,True,1.7595547437667847
public,2827,4,Sad,V21_CORRECT_V22_WRONG,True,False,0.5663758516311646,0.39523035287857056,2,False,-1.4096412658691406,2,False,-1.414350152015686,4,True,1.0673741102218628,4,True,3.888948440551758
public,2828,4,Sad,V22_CORRECT_V21_WRONG,True,True,0.6302111148834229,0.6774083375930786,6,False,-2.4623708724975586,6,False,-0.272808313369751,4,True,1.6378017663955688,4,True,1.3493952751159668
public,2835,0,Angry,V22_CORRECT_V21_WRONG,True,True,0.49157631397247314,0.38743725419044495,5,False,-1.6563560962677002,2,False,-2.6158742904663086,0,True,2.4713990688323975,0,True,0.22812390327453613
public,2838,4,Sad,V22_CORRECT_V21_WRONG,True,True,0.517578125,0.7283642292022705,0,False,-0.9065276384353638,0,False,-1.5933616161346436,0,False,-0.22765779495239258,4,True,1.4217736721038818
public,2853,2,Fear,V22_CORRECT_V21_WRONG,True,True,0.3927445709705353,0.5299456119537354,1,False,-4.986769676208496,2,True,3.260467529296875,2,True,3.3982865810394287,2,True,3.379459857940674
public,2865,3,Happy,V22_CORRECT_V21_WRONG,True,True,0.49854815006256104,0.692375123500824,0,False,-4.168310165405273,0,False,-1.0299041271209717,3,True,2.6079156398773193,3,True,1.9893126487731934
public,2874,4,Sad,V21_CORRECT_V22_WRONG,True,True,0.6143172979354858,0.8308917284011841,4,True,0.8607883453369141,4,True,1.9799268245697021,4,True,2.1145424842834473,4,True,2.6880407333374023
public,2876,4,Sad,V22_CORRECT_V21_WRONG,True,True,0.6593714356422424,0.6310811638832092,6,False,-2.5157055854797363,6,False,-2.5024542808532715,4,True,0.6809676885604858,4,True,1.1650983095169067
public,2880,0,Angry,V21_CORRECT_V22_WRONG,True,True,0.445264995098114,0.36715537309646606,2,False,-2.8093762397766113,2,False,-1.7242640256881714,0,True,0.6383824348449707,0,True,2.1403071880340576
public,2889,3,Happy,V22_CORRECT_V21_WRONG,True,True,0.6621527671813965,0.6175976991653442,5,False,-0.37387990951538086,5,False,-0.8194630146026611,3,True,3.793097972869873,3,True,2.441075086593628
public,2902,0,Angry,V22_CORRECT_V21_WRONG,True,True,0.5501648783683777,0.7190088033676147,4,False,-0.9109190106391907,2,False,-2.1219239234924316,0,True,1.575135350227356,0,True,0.03230595588684082
public,2906,4,Sad,V22_CORRECT_V21_WRONG,True,True,0.580959141254425,0.5144670605659485,0,False,-1.1734689474105835,0,False,-0.14471077919006348,4,True,1.0724200010299683,4,True,0.9773885011672974
public,2907,4,Sad,V21_CORRECT_V22_WRONG,True,True,0.6406970024108887,0.6452819108963013,2,False,-0.2794148921966553,0,False,-1.659402847290039,4,True,0.7584443092346191,4,True,1.1803820133209229
public,2922,5,Surprise,V21_CORRECT_V22_WRONG,True,False,0.4933597147464752,0.41154661774635315,2,False,-1.0407171249389648,2,False,-2.635171890258789,2,False,-0.08792281150817871,5,True,0.11216497421264648
public,2926,0,Angry,V22_CORRECT_V21_WRONG,True,True,0.6327875852584839,0.7031925916671753,6,False,-3.1054272651672363,2,False,-3.116065502166748,6,False,-0.6368544101715088,6,False,-0.8328337073326111
public,2927,3,Happy,V21_CORRECT_V22_WRONG,True,True,0.45092612504959106,0.19705131649971008,4,False,-3.236461877822876,4,False,-3.8784875869750977,3,True,1.192505121231079,3,True,4.784355163574219
public,2933,4,Sad,V22_CORRECT_V21_WRONG,False,False,0.5911362767219543,0.6489889621734619,2,False,-0.37749576568603516,2,False,-1.2638658285140991,4,True,3.127525568008423,4,True,3.1129953861236572
public,2939,0,Angry,V21_CORRECT_V22_WRONG,True,True,0.2687202990055084,0.6370300650596619,3,False,-0.9445880651473999,0,True,1.1154859066009521,3,False,-1.8863894939422607,0,True,4.074783802032471
public,2940,6,Neutral,V22_CORRECT_V21_WRONG,True,True,0.6353578567504883,0.6252337098121643,4,False,-1.1017861366271973,4,False,-2.1370327472686768,6,True,0.06910586357116699,6,True,1.8299553394317627
public,2949,6,Neutral,V22_CORRECT_V21_WRONG,True,True,0.539338231086731,0.646044909954071,4,False,-2.914815902709961,4,False,-1.5644242763519287,6,True,0.9443173408508301,6,True,1.8750667572021484
public,2956,4,Sad,V21_CORRECT_V22_WRONG,True,True,0.5477544069290161,0.06634587049484253,3,False,-4.506001949310303,3,False,-4.922072410583496,4,True,2.1701416969299316,4,True,4.56493616104126
public,2957,0,Angry,V21_CORRECT_V22_WRONG,True,True,0.44890034198760986,0.297886461019516,2,False,-3.3135080337524414,2,False,-2.950809955596924,4,False,-0.11460483074188232,0,True,2.9079208374023438
public,2960,4,Sad,V22_CORRECT_V21_WRONG,True,True,0.4288851320743561,0.3657943904399872,0,False,-3.5251877307891846,2,False,-3.545626401901245,4,True,1.1055018901824951,4,True,1.7638587951660156
public,2971,6,Neutral,V22_CORRECT_V21_WRONG,True,True,0.4543885886669159,0.37923622131347656,0,False,-4.06125020980835,3,False,-0.8868119716644287,6,True,0.912426233291626,6,True,1.7824064493179321
public,2973,3,Happy,V22_CORRECT_V21_WRONG,True,True,0.529010534286499,0.6904840469360352,4,False,-2.3781750202178955,4,False,-2.907162666320801,3,True,0.21905183792114258,3,True,1.126456618309021
public,2975,2,Fear,V21_CORRECT_V22_WRONG,True,True,0.5147210955619812,0.6190868616104126,0,False,-0.3776421546936035,0,False,-0.9374605417251587,2,True,1.8422855138778687,2,True,2.794586658477783
public,2986,6,Neutral,V21_CORRECT_V22_WRONG,True,True,0.5334650278091431,0.2102952003479004,5,False,-1.633194923400879,5,False,-2.4179186820983887,4,False,-0.28624939918518066,6,True,2.3740177154541016
public,2987,3,Happy,V22_CORRECT_V21_WRONG,True,True,0.4954029619693756,0.5693644285202026,4,False,-2.0089573860168457,4,False,-1.2698489427566528,3,True,1.7801185846328735,3,True,4.238852024078369
public,2998,3,Happy,V21_CORRECT_V22_WRONG,True,True,0.542443573474884,0.2817041277885437,4,False,-3.214977741241455,4,False,-2.6979024410247803,3,True,2.856292963027954,3,True,3.208834648132324
public,3002,0,Angry,V21_CORRECT_V22_WRONG,True,True,0.6244783401489258,0.46166670322418213,0,True,0.5073293447494507,4,False,-2.0335967540740967,0,True,1.3851056098937988,0,True,2.8887767791748047
public,3004,6,Neutral,V22_CORRECT_V21_WRONG,True,True,0.4060870110988617,0.4354163706302643,5,False,-3.653553009033203,5,False,-1.384251594543457,6,True,3.461390733718872,6,True,2.2157764434814453
public,3005,6,Neutral,V21_CORRECT_V22_WRONG,True,True,0.5288969278335571,0.600157618522644,4,False,-1.1483771800994873,4,False,-1.4922354221343994,6,True,0.7476787567138672,6,True,3.0522146224975586
public,3017,0,Angry,V22_CORRECT_V21_WRONG,True,True,0.5522445440292358,0.6908741593360901,4,False,-1.3903710842132568,6,False,-2.1655516624450684,0,True,0.27546000480651855,4,False,-0.4843306541442871
public,3033,3,Happy,V21_CORRECT_V22_WRONG,True,True,0.6372898817062378,0.9357925653457642,5,False,-0.24910402297973633,3,True,1.1402699947357178,5,False,-0.10068750381469727,3,True,1.6227467060089111
public,3036,6,Neutral,V22_CORRECT_V21_WRONG,True,True,0.6765704154968262,0.8337230086326599,3,False,-1.2033827304840088,6,True,0.3440985679626465,3,False,-1.7834436893463135,3,False,-0.013898849487304688
public,3039,6,Neutral,V22_CORRECT_V21_WRONG,True,True,0.5567951798439026,0.6623891592025757,3,False,-0.8875024318695068,6,True,1.3609319925308228,6,True,2.4095096588134766,6,True,1.51741623878479
public,3044,6,Neutral,V21_CORRECT_V22_WRONG,True,True,0.7195073366165161,0.5669220685958862,4,False,-1.8309879302978516,4,False,-1.998431921005249,6,True,2.2184231281280518,6,True,3.54386043548584
public,3055,6,Neutral,V22_CORRECT_V21_WRONG,True,True,0.5983321666717529,0.758267879486084,4,False,-1.30998957157135,4,False,-2.262199878692627,4,False,-0.14721810817718506,6,True,1.4949915409088135
public,3085,0,Angry,V22_CORRECT_V21_WRONG,True,True,0.47078126668930054,0.7029091119766235,2,False,-2.726346969604492,2,False,-2.3095061779022217,0,True,0.2876307964324951,0,True,2.3538808822631836
public,3086,5,Surprise,V21_CORRECT_V22_WRONG,True,True,0.6991193294525146,0.8301488161087036,2,False,-1.62539541721344,2,False,-1.100058913230896,2,False,-0.04157090187072754,5,True,1.3152611255645752
public,3091,2,Fear,V21_CORRECT_V22_WRONG,True,True,0.4911217987537384,0.6279647946357727,4,False,-2.4438815116882324,4,False,-2.164515733718872,2,True,2.289703845977783,2,True,2.557400703430176
public,3095,2,Fear,V21_CORRECT_V22_WRONG,True,True,0.5939987897872925,0.6440314650535583,2,True,0.14110493659973145,2,True,0.33759593963623047,2,True,0.19656240940093994,2,True,1.9735076427459717
public,3097,3,Happy,V21_CORRECT_V22_WRONG,True,True,0.7142496109008789,0.8384180068969727,6,False,-1.5666331052780151,3,True,0.9165647029876709,3,True,2.8162245750427246,3,True,3.3469364643096924
public,3108,4,Sad,V21_CORRECT_V22_WRONG,True,True,0.566653311252594,0.3231193423271179,6,False,-2.4533743858337402,6,False,-3.487013578414917,2,False,-0.11544013023376465,4,True,1.3391484022140503
public,3114,6,Neutral,V21_CORRECT_V22_WRONG,True,True,0.7054105401039124,0.6453151702880859,4,False,-3.771385669708252,4,False,-3.412874698638916,6,True,0.9616870880126953,6,True,1.3707910776138306
public,3116,6,Neutral,V22_CORRECT_V21_WRONG,True,True,0.30509132146835327,0.45351842045783997,4,False,-1.7978098392486572,0,False,-2.4102721214294434,4,False,-3.4584450721740723,4,False,-0.23463177680969238
public,3126,6,Neutral,V22_CORRECT_V21_WRONG,True,True,0.5254628658294678,0.4288782775402069,4,False,-2.15451717376709,4,False,-2.8697726726531982,6,True,1.2049052715301514,6,True,2.668412208557129
public,3131,0,Angry,V21_CORRECT_V22_WRONG,True,True,0.5351072549819946,0.38061365485191345,4,False,-2.7634143829345703,3,False,-2.7110955715179443,4,False,-1.17787504196167,0,True,1.6353378295898438
public,3136,4,Sad,V22_CORRECT_V21_WRONG,True,True,0.6468826532363892,0.5827521681785583,6,False,-2.0115742683410645,6,False,-0.9262194633483887,4,True,0.7177300453186035,4,True,1.1920080184936523
public,3145,6,Neutral,V22_CORRECT_V21_WRONG,True,True,0.7110384702682495,0.8246473073959351,3,False,-2.8800368309020996,3,False,-2.7871336936950684,3,False,-0.22963953018188477,6,True,0.7276687622070312
public,3155,2,Fear,V21_CORRECT_V22_WRONG,True,True,0.5850003957748413,0.5716532468795776,6,False,-0.45016026496887207,2,True,0.5784420967102051,2,True,2.792783260345459,2,True,4.418832778930664
public,3158,0,Angry,V21_CORRECT_V22_WRONG,True,True,0.5793008208274841,0.7302451133728027,4,False,-3.1566810607910156,4,False,-1.8033496141433716,0,True,1.1214569807052612,0,True,1.0132296085357666
public,3166,5,Surprise,V22_CORRECT_V21_WRONG,True,True,0.6796119809150696,0.814956784248352,3,False,-0.6310796737670898,5,True,0.350583553314209,3,False,-1.2156054973602295,3,False,-0.2655305862426758
public,3168,0,Angry,V21_CORRECT_V22_WRONG,True,True,0.472079336643219,0.5578598976135254,5,False,-0.6986371278762817,5,False,-2.734074592590332,5,False,-0.11104404926300049,0,True,2.2130136489868164
public,3169,6,Neutral,V22_CORRECT_V21_WRONG,True,True,0.5486499667167664,0.7641043066978455,0,False,-1.1823844909667969,6,True,0.46204423904418945,0,False,-1.9515776634216309,6,True,1.9704965353012085
public,3172,4,Sad,V22_CORRECT_V21_WRONG,True,True,0.5195579528808594,0.5210858583450317,0,False,-1.7305024862289429,6,False,-1.5178816318511963,0,False,-1.038393497467041,4,True,1.047995686531067
public,3176,2,Fear,V22_CORRECT_V21_WRONG,True,True,0.6117641925811768,0.7217824459075928,5,False,-0.6507008075714111,5,False,-0.5891232490539551,2,True,1.9070566892623901,2,True,1.62381911277771
public,3216,0,Angry,V22_CORRECT_V21_WRONG,True,True,0.3373400568962097,0.36387115716934204,6,False,-2.587444543838501,2,False,-0.1764196753501892,4,False,-0.9795303344726562,0,True,2.2227954864501953
public,3219,0,Angry,V21_CORRECT_V22_WRONG,True,True,0.6324797868728638,0.6163073778152466,3,False,-3.55120587348938,3,False,-3.254260778427124,3,False,-0.35999011993408203,0,True,1.7692480087280273
public,3220,3,Happy,V22_CORRECT_V21_WRONG,True,True,0.6170415878295898,0.5759448409080505,5,False,-2.985950469970703,5,False,-2.325697183609009,3,True,1.2568137645721436,3,True,0.510190486907959
public,3235,2,Fear,V21_CORRECT_V22_WRONG,True,True,0.5120083093643188,0.42843976616859436,5,False,-2.015718698501587,5,False,-3.8326363563537598,2,True,0.5196219682693481,2,True,0.8584878444671631
public,3237,0,Angry,V21_CORRECT_V22_WRONG,True,True,0.6329565048217773,0.8120028376579285,2,False,-1.1006709337234497,2,False,-0.05247616767883301,0,True,0.5129810571670532,0,True,0.7977880239486694
public,3243,3,Happy,V22_CORRECT_V21_WRONG,True,True,0.6896718740463257,0.31804001331329346,5,False,-2.78196382522583,5,False,-3.4608802795410156,3,True,3.637974262237549,3,True,3.7516989707946777
public,3245,2,Fear,V21_CORRECT_V22_WRONG,True,True,0.5358442664146423,0.5587683916091919,2,True,0.488735556602478,2,True,1.7382028102874756,2,True,0.32447564601898193,2,True,0.14589929580688477
public,3248,4,Sad,V22_CORRECT_V21_WRONG,True,True,0.5014406442642212,0.7117719650268555,6,False,-0.588463544845581,4,True,0.8697428703308105,6,False,-2.5189809799194336,4,True,0.10862946510314941
public,3249,3,Happy,V22_CORRECT_V21_WRONG,True,True,0.608275830745697,0.553188145160675,4,False,-2.6155996322631836,4,False,-2.5534186363220215,3,True,2.5173308849334717,3,True,2.1172454357147217
public,3253,3,Happy,V22_CORRECT_V21_WRONG,True,True,0.5875784158706665,0.5046910643577576,6,False,-2.582568645477295,4,False,-1.3061436414718628,3,True,3.2523138523101807,3,True,2.703078508377075
public,3265,6,Neutral,V21_CORRECT_V22_WRONG,True,True,0.5992727875709534,0.7256961464881897,3,False,-0.8093709945678711,3,False,-2.3597140312194824,6,True,2.021635055541992,6,True,1.1209375858306885
public,3279,4,Sad,V22_CORRECT_V21_WRONG,True,True,0.5586662292480469,0.5667070150375366,2,False,-1.855904459953308,2,False,-0.6866722106933594,2,False,-1.651758074760437,2,False,-0.53169184923172
public,3285,6,Neutral,V22_CORRECT_V21_WRONG,True,True,0.43238890171051025,0.576957106590271,4,False,-4.346755504608154,4,False,-0.6357519626617432,4,False,-0.8864047527313232,6,True,1.7304179668426514
public,3286,4,Sad,V22_CORRECT_V21_WRONG,True,True,0.48352399468421936,0.3575122356414795,2,False,-2.6227526664733887,2,False,-0.4625859260559082,4,True,2.69686222076416,4,True,2.3663277626037598
public,3288,6,Neutral,V21_CORRECT_V22_WRONG,True,True,0.641891360282898,0.3428249955177307,2,False,-1.6244146823883057,2,False,-1.0365656614303589,6,True,2.330334424972534,6,True,2.2979393005371094
public,3292,0,Angry,V22_CORRECT_V21_WRONG,True,True,0.6508724689483643,0.31381380558013916,6,False,-4.584875583648682,6,False,-3.5337939262390137,0,True,1.6582857370376587,6,False,-0.5816404819488525
public,3298,2,Fear,V21_CORRECT_V22_WRONG,True,True,0.5693970322608948,0.41615819931030273,6,False,-1.1844427585601807,6,False,-3.1058850288391113,2,True,1.7953588962554932,2,True,3.3790338039398193
public,3305,2,Fear,V21_CORRECT_V22_WRONG,True,True,0.4982580244541168,0.6566066741943359,0,False,-0.6874088048934937,2,True,1.4160244464874268,2,True,1.942277193069458,2,True,3.0840418338775635
public,3308,0,Angry,V21_CORRECT_V22_WRONG,True,True,0.6128270626068115,0.5690462589263916,4,False,-1.996427297592163,4,False,-0.8525593280792236,0,True,0.7443187236785889,0,True,1.9084221124649048
public,3317,4,Sad,V22_CORRECT_V21_WRONG,True,True,0.6075171232223511,0.7000731229782104,6,False,-1.1695163249969482,4,True,0.2032608985900879,4,True,1.91341233253479,4,True,1.8330148458480835
public,3319,6,Neutral,V22_CORRECT_V21_WRONG,True,True,0.406706303358078,0.5753507614135742,4,False,-1.4915655851364136,2,False,-2.9213788509368896,6,True,1.4594416618347168,6,True,0.38271021842956543
public,3328,3,Happy,V22_CORRECT_V21_WRONG,True,True,0.3597225546836853,0.14829197525978088,4,False,-3.632561683654785,2,False,-3.3231427669525146,0,False,-0.42733025550842285,3,True,1.0634675025939941
public,3334,3,Happy,V21_CORRECT_V22_WRONG,True,True,0.5977064371109009,0.5802490711212158,6,False,-1.5275007486343384,6,False,-0.06618928909301758,3,True,2.3259525299072266,3,True,3.930772304534912
public,3335,4,Sad,V22_CORRECT_V21_WRONG,True,True,0.6480131149291992,0.4575161039829254,2,False,-0.6956472396850586,2,False,-0.7215917110443115,4,True,3.5160439014434814,4,True,2.7828900814056396
public,3344,2,Fear,V22_CORRECT_V21_WRONG,True,True,0.6622717976570129,0.8790603876113892,4,False,-0.5434701442718506,4,False,-0.4603123664855957,4,False,-0.47731494903564453,6,False,-0.12148332595825195
public,3348,5,Surprise,V22_CORRECT_V21_WRONG,True,True,0.6060841083526611,0.7926962375640869,2,False,-1.9254932403564453,2,False,-2.0722150802612305,2,False,-1.0122328996658325,5,True,1.679671049118042
public,3363,0,Angry,V21_CORRECT_V22_WRONG,True,True,0.5338549613952637,0.7316364645957947,3,False,-1.8425179719924927,0,True,1.345932960510254,0,True,0.07531929016113281,0,True,1.7509002685546875
public,3374,4,Sad,V22_CORRECT_V21_WRONG,True,True,0.5194804072380066,0.4647141098976135,0,False,-2.246459484100342,2,False,-1.3095084428787231,4,True,3.6043975353240967,4,True,1.568565845489502
public,3392,6,Neutral,V22_CORRECT_V21_WRONG,True,True,0.4538913369178772,0.44126731157302856,0,False,-0.7401487827301025,0,False,-3.3381237983703613,6,True,2.3185973167419434,6,True,3.802755832672119
public,3400,2,Fear,V21_CORRECT_V22_WRONG,True,True,0.49424272775650024,0.384136825799942,6,False,-3.072492837905884,3,False,-2.531492233276367,2,True,2.066617727279663,2,True,1.1677343845367432
public,3402,2,Fear,V22_CORRECT_V21_WRONG,True,True,0.5716456174850464,0.7425419092178345,4,False,-2.0163087844848633,2,True,0.09667670726776123,4,False,-0.7020131349563599,2,True,2.6763458251953125
public,3409,6,Neutral,V21_CORRECT_V22_WRONG,True,True,0.5952946543693542,0.8218687772750854,4,False,-1.4131141901016235,6,True,1.1659423112869263,6,True,0.2907806634902954,6,True,2.2832717895507812
public,3413,6,Neutral,V21_CORRECT_V22_WRONG,True,True,0.5039516687393188,0.362646222114563,6,True,0.19689512252807617,0,False,-2.9613161087036133,6,True,0.5996630191802979,6,True,3.3584446907043457
public,3432,0,Angry,V22_CORRECT_V21_WRONG,True,True,0.5298910140991211,0.7554028630256653,4,False,-0.6967853307723999,2,False,-2.935178756713867,0,True,0.21842026710510254,4,False,-0.11525547504425049
public,3441,0,Angry,V21_CORRECT_V22_WRONG,True,True,0.3822633922100067,0.2347492277622223,4,False,-2.6128900051116943,4,False,-2.0989911556243896,0,True,2.5310864448547363,0,True,1.987565040588379
public,3448,4,Sad,V21_CORRECT_V22_WRONG,True,True,0.5901517271995544,0.6090061664581299,4,True,1.0361697673797607,4,True,2.03690767288208,4,True,4.057709217071533,4,True,4.476624011993408
public,3472,0,Angry,V22_CORRECT_V21_WRONG,True,True,0.5035544037818909,0.5532984733581543,2,False,-1.068602442741394,2,False,-3.624364137649536,0,True,3.3936104774475098,0,True,2.906557559967041
public,3477,3,Happy,V22_CORRECT_V21_WRONG,True,True,0.5815244317054749,0.39619380235671997,4,False,-4.585131645202637,4,False,-4.301084995269775,0,False,-1.2801276445388794,3,True,0.9056581258773804
public,3481,4,Sad,V22_CORRECT_V21_WRONG,True,True,0.45002979040145874,0.4870515465736389,2,False,-4.589663505554199,2,False,-2.319135904312134,4,True,2.1294124126434326,4,True,0.8295668363571167
public,3486,4,Sad,V22_CORRECT_V21_WRONG,True,True,0.609864354133606,0.7869360446929932,6,False,-1.8979859352111816,6,False,-1.3074283599853516,2,False,-0.18798410892486572,4,True,0.11558187007904053
public,3490,3,Happy,V22_CORRECT_V21_WRONG,True,True,0.549000084400177,0.555077075958252,4,False,-3.4609506130218506,4,False,-0.3995894193649292,3,True,0.4155845642089844,3,True,2.0761125087738037
public,3493,4,Sad,V21_CORRECT_V22_WRONG,True,True,0.5404202342033386,0.7148487567901611,6,False,-2.3102328777313232,4,True,1.6583685874938965,4,True,2.635451316833496,4,True,0.8584892749786377
public,3499,2,Fear,V22_CORRECT_V21_WRONG,True,True,0.677966833114624,0.5117943286895752,5,False,-2.0325536727905273,5,False,-0.47719883918762207,2,True,2.7724733352661133,2,True,2.163839340209961
public,3500,4,Sad,V22_CORRECT_V21_WRONG,True,True,0.5437474250793457,0.6969845294952393,0,False,-2.5557219982147217,4,True,0.5994600057601929,4,True,0.7918186187744141,4,True,1.8554441928863525
public,3510,6,Neutral,V21_CORRECT_V22_WRONG,True,True,0.49695438146591187,0.8088145852088928,4,False,-0.9572596549987793,6,True,0.2573045492172241,4,False,-1.0451104640960693,6,True,0.34731876850128174
public,3514,0,Angry,V21_CORRECT_V22_WRONG,True,True,0.534333348274231,0.5884513854980469,4,False,-1.0945568084716797,4,False,-0.48891115188598633,4,False,-3.1092801094055176,0,True,0.40563011169433594
public,3517,4,Sad,V22_CORRECT_V21_WRONG,True,True,0.7113853693008423,0.5252166986465454,6,False,-3.57663631439209,6,False,-2.938307285308838,4,True,2.578880548477173,4,True,2.4540345668792725
public,3520,2,Fear,V22_CORRECT_V21_WRONG,True,True,0.4696168303489685,0.6452940106391907,6,False,-0.012547969818115234,2,True,2.012070655822754,2,True,1.3143925666809082,2,True,1.8359692096710205
public,3521,6,Neutral,V22_CORRECT_V21_WRONG,True,True,0.6075195670127869,0.8326963186264038,4,False,-2.679788827896118,4,False,-2.524200439453125,4,False,-0.5602047443389893,6,True,0.5583387613296509
public,3525,4,Sad,V21_CORRECT_V22_WRONG,True,True,0.5165338516235352,0.7039391398429871,4,True,0.11619138717651367,4,True,4.432592868804932,4,True,0.9331586360931396,4,True,1.5315800905227661
public,3528,5,Surprise,V21_CORRECT_V22_WRONG,True,True,0.6488324403762817,0.3623599410057068,2,False,-2.229231119155884,2,False,-3.260986804962158,5,True,0.8897480368614197,5,True,1.017646074295044
public,3531,0,Angry,V21_CORRECT_V22_WRONG,True,True,0.6051709055900574,0.7992343902587891,4,False,-2.0253207683563232,4,False,-0.23822498321533203,4,False,-0.08448243141174316,0,True,0.05683088302612305
public,3541,2,Fear,V22_CORRECT_V21_WRONG,True,True,0.5427024364471436,0.4696982502937317,6,False,-1.8290865421295166,2,True,1.936375617980957,2,True,0.2949514389038086,2,True,2.6726274490356445
public,3547,4,Sad,V21_CORRECT_V22_WRONG,True,True,0.6130924820899963,0.7524316310882568,2,False,-0.7152450084686279,2,False,-2.2819666862487793,4,True,0.596116304397583,4,True,1.473152995109558
public,3548,3,Happy,V22_CORRECT_V21_WRONG,True,True,0.5442702770233154,0.5384402275085449,4,False,-0.24306005239486694,3,True,1.1354248523712158,3,True,2.467602014541626,3,True,4.04722261428833
public,3557,5,Surprise,V21_CORRECT_V22_WRONG,True,True,0.6836317777633667,0.8650519847869873,2,False,-1.152888298034668,2,False,-1.2489644289016724,5,True,1.8796420097351074,5,True,2.288658618927002
public,3560,6,Neutral,V21_CORRECT_V22_WRONG,True,True,0.7045828700065613,0.4912394881248474,4,False,-3.0298120975494385,4,False,-4.168557167053223,6,True,1.5935674905776978,6,True,2.92647647857666
public,3566,4,Sad,V22_CORRECT_V21_WRONG,True,True,0.4268655478954315,0.5452442765235901,6,False,-0.605340838432312,4,True,2.436215877532959,4,True,1.0271215438842773,4,True,2.3431434631347656
public,3567,4,Sad,V22_CORRECT_V21_WRONG,True,True,0.4882085621356964,0.5444645881652832,0,False,-2.874484062194824,4,True,0.2990880012512207,4,True,0.22995758056640625,4,True,1.3517969846725464
public,3568,4,Sad,V21_CORRECT_V22_WRONG,True,True,0.6415627002716064,0.7162784337997437,6,False,-1.8840978145599365,6,False,-1.7441316843032837,4,True,1.2997095584869385,4,True,1.0432868003845215
public,3571,4,Sad,V21_CORRECT_V22_WRONG,True,True,0.5026047229766846,0.3344966769218445,2,False,-3.79232120513916,2,False,-2.0553338527679443,4,True,0.19994401931762695,4,True,0.9591689109802246
public,3577,4,Sad,V22_CORRECT_V21_WRONG,True,True,0.5397948026657104,0.3517746329307556,2,False,-4.453622817993164,2,False,-1.1191364526748657,4,True,3.5590927600860596,4,True,1.8051742315292358
public,3580,1,Disgust,V22_CORRECT_V21_WRONG,True,True,0.5474183559417725,0.2061139941215515,4,False,-3.6546082496643066,4,False,-3.720292329788208,1,True,0.4429130554199219,4,False,-1.0557756423950195
public,3584,4,Sad,V21_CORRECT_V22_WRONG,True,True,0.5117704272270203,0.31711411476135254,6,False,-2.0713324546813965,6,False,-2.720480442047119,4,True,0.44414377212524414,4,True,0.9361445903778076
public,3586,4,Sad,V22_CORRECT_V21_WRONG,True,True,0.6763778924942017,0.5141363143920898,6,False,-1.3135721683502197,6,False,-1.538939118385315,4,True,1.6659109592437744,4,True,2.8874669075012207
public,3588,4,Sad,V22_CORRECT_V21_WRONG,True,True,0.6386548280715942,0.6088830232620239,6,False,-0.8228288888931274,4,True,0.10564613342285156,4,True,2.337305784225464,4,True,0.8906221389770508
private,0,0,Angry,V22_CORRECT_V21_WRONG,True,True,0.4939252436161041,0.5704602003097534,2,False,-1.6021428108215332,0,True,0.25129079818725586,0,True,2.9785923957824707,0,True,1.1677998304367065
private,8,0,Angry,V21_CORRECT_V22_WRONG,True,True,0.5712392926216125,0.7815238237380981,2,False,-1.4067511558532715,0,True,0.5492521524429321,0,True,1.8662419319152832,0,True,2.9751033782958984
private,13,4,Sad,V21_CORRECT_V22_WRONG,True,True,0.38496649265289307,0.6184161901473999,2,False,-1.7235145568847656,2,False,-0.579545259475708,6,False,-0.45975518226623535,4,True,2.2397561073303223
private,29,3,Happy,V21_CORRECT_V22_WRONG,True,True,0.5150548219680786,0.4584013819694519,0,False,-5.134066581726074,0,False,-5.222552299499512,3,True,4.055392742156982,3,True,1.0465470552444458
private,30,4,Sad,V22_CORRECT_V21_WRONG,True,True,0.37914222478866577,0.3928337097167969,2,False,-0.4041541814804077,6,False,-1.1537799835205078,4,True,4.558798789978027,4,True,4.191985607147217
private,32,6,Neutral,V21_CORRECT_V22_WRONG,True,True,0.6362065076828003,0.3389100134372711,4,False,-5.49482536315918,4,False,-5.164076328277588,6,True,2.3018410205841064,6,True,2.812302827835083
private,36,5,Surprise,V21_CORRECT_V22_WRONG,True,True,0.648151159286499,0.5917052030563354,2,False,-2.7061657905578613,2,False,-3.5455193519592285,5,True,0.9385349750518799,5,True,2.1451516151428223
private,37,0,Angry,V21_CORRECT_V22_WRONG,True,True,0.24983394145965576,0.400379478931427,4,False,-2.1834821701049805,0,True,1.0459873676300049,5,False,-0.8901705741882324,0,True,3.3038837909698486
private,51,2,Fear,V21_CORRECT_V22_WRONG,True,True,0.6284447312355042,0.7689756751060486,5,False,-2.0526039600372314,2,True,2.1223185062408447,2,True,3.600421667098999,2,True,4.0034074783325195
private,54,0,Angry,V22_CORRECT_V21_WRONG,True,True,0.6147408485412598,0.30054759979248047,6,False,-0.36443185806274414,6,False,-2.6165103912353516,0,True,0.6181004047393799,0,True,3.0665316581726074
private,56,3,Happy,V22_CORRECT_V21_WRONG,True,True,0.6632360219955444,0.9479359984397888,5,False,-0.255465030670166,5,False,-1.1352934837341309,3,True,0.6947650909423828,3,True,0.14035797119140625
private,58,6,Neutral,V21_CORRECT_V22_WRONG,True,True,0.6678122878074646,0.8147618770599365,4,False,-0.9671351909637451,2,False,-0.5614708662033081,6,True,0.670478105545044,6,True,0.7748842239379883
private,59,2,Fear,V22_CORRECT_V21_WRONG,True,True,0.47693923115730286,0.6523967981338501,0,False,-0.9884159564971924,2,True,1.5983060598373413,2,True,2.2008495330810547,2,True,1.925641655921936
private,60,6,Neutral,V21_CORRECT_V22_WRONG,True,True,0.5923420190811157,0.5915495157241821,3,False,-3.2202486991882324,3,False,-3.0177502632141113,6,True,0.46672725677490234,6,True,1.9739022254943848
private,69,0,Angry,V21_CORRECT_V22_WRONG,True,True,0.5106080174446106,0.12998247146606445,2,False,-4.084766864776611,4,False,-3.952087879180908,0,True,0.6470467448234558,0,True,2.9317591190338135
private,92,4,Sad,V21_CORRECT_V22_WRONG,True,True,0.555822491645813,0.6663587093353271,4,True,0.3771684169769287,0,False,-1.3384501934051514,4,True,0.355973482131958,4,True,1.3478362560272217
private,95,4,Sad,V22_CORRECT_V21_WRONG,True,True,0.6724604368209839,0.8181806802749634,6,False,-1.660372257232666,6,False,-0.4531511068344116,4,True,2.0843939781188965,4,True,1.2940751314163208
private,117,3,Happy,V22_CORRECT_V21_WRONG,True,True,0.4221395254135132,0.6881016492843628,4,False,-1.9067357778549194,2,False,-2.040297269821167,4,False,-1.1097087860107422,3,True,0.7032139301300049
private,119,0,Angry,V22_CORRECT_V21_WRONG,True,True,0.42592090368270874,0.2546008229255676,5,False,-1.2412302494049072,2,False,-1.603863000869751,2,False,-2.197275161743164,4,False,-0.2646205425262451
private,133,0,Angry,V22_CORRECT_V21_WRONG,True,False,0.48760300874710083,0.5221587419509888,4,False,-1.9932892322540283,4,False,-3.326939582824707,0,True,2.8917503356933594,0,True,1.6278376579284668
private,143,4,Sad,V21_CORRECT_V22_WRONG,True,True,0.4611204266548157,0.5345207452774048,2,False,-0.5307998657226562,4,True,1.7594741582870483,4,True,0.013337850570678711,4,True,1.714064359664917
private,147,6,Neutral,V21_CORRECT_V22_WRONG,True,True,0.6446897387504578,0.577904462814331,4,False,-2.4476802349090576,0,False,-1.6695836782455444,4,False,-0.4825003743171692,6,True,1.140124797821045
private,153,6,Neutral,V22_CORRECT_V21_WRONG,True,True,0.5002513527870178,0.6299163699150085,3,False,-2.8554859161376953,3,False,-1.7254080772399902,3,False,-1.7706516981124878,6,True,1.3901698589324951
private,160,4,Sad,V21_CORRECT_V22_WRONG,True,True,0.5984840393066406,0.7863280773162842,2,False,-0.467876672744751,4,True,0.8102959394454956,4,True,0.2328352928161621,4,True,2.6962363719940186
private,165,2,Fear,V21_CORRECT_V22_WRONG,True,True,0.573849081993103,0.6606966257095337,4,False,-2.028313159942627,4,False,-1.2655996084213257,2,True,2.125004291534424,2,True,0.6377015113830566
private,172,0,Angry,V22_CORRECT_V21_WRONG,True,True,0.38489413261413574,0.7365083694458008,4,False,-0.8325837850570679,2,False,-2.5994226932525635,4,False,-1.0282998085021973,0,True,0.17570078372955322
private,177,2,Fear,V21_CORRECT_V22_WRONG,True,True,0.577055811882019,0.6569125652313232,4,False,-1.126649260520935,4,False,-2.43359112739563,2,True,1.7456021308898926,2,True,0.4820150136947632
private,180,4,Sad,V22_CORRECT_V21_WRONG,True,True,0.6571683287620544,0.6427645087242126,6,False,-1.7329349517822266,2,False,-0.4777984619140625,4,True,2.8432977199554443,4,True,2.6816248893737793
private,194,6,Neutral,V22_CORRECT_V21_WRONG,True,True,0.5388627648353577,0.3665280342102051,4,False,-1.5858466625213623,4,False,-1.8608635663986206,6,True,0.4517052173614502,6,True,3.535024642944336
private,195,2,Fear,V21_CORRECT_V22_WRONG,True,True,0.48144298791885376,0.4079146385192871,5,False,-1.6684478521347046,5,False,-2.345820188522339,2,True,1.4770667552947998,2,True,2.842820405960083
private,201,4,Sad,V22_CORRECT_V21_WRONG,True,True,0.5276850461959839,0.7508997321128845,2,False,-0.3028745651245117,4,True,0.08468747138977051,4,True,0.6992357969284058,2,False,-0.1653285026550293
private,213,0,Angry,V21_CORRECT_V22_WRONG,True,True,0.5586408972740173,0.5343990921974182,0,True,0.1435474157333374,0,True,0.9533325433731079,3,False,-0.4713726043701172,0,True,0.7135787010192871
private,216,6,Neutral,V22_CORRECT_V21_WRONG,True,True,0.48015621304512024,0.6930466294288635,0,False,-1.963744878768921,4,False,-2.5277397632598877,6,True,1.5422675609588623,6,True,1.9632344245910645
private,218,6,Neutral,V21_CORRECT_V22_WRONG,True,True,0.661434531211853,0.36856338381767273,0,False,-3.1717920303344727,0,False,-4.144651412963867,6,True,2.236374616622925,6,True,2.3456530570983887
private,222,5,Surprise,V21_CORRECT_V22_WRONG,True,True,0.6996813416481018,0.16638462245464325,2,False,-4.946983814239502,4,False,-4.121551513671875,5,True,0.596024751663208,5,True,0.25200867652893066
private,225,3,Happy,V21_CORRECT_V22_WRONG,True,True,0.46737897396087646,0.5442579388618469,4,False,-0.9054644107818604,4,False,-0.16659951210021973,3,True,1.2596485614776611,3,True,2.625528573989868
private,231,6,Neutral,V22_CORRECT_V21_WRONG,True,True,0.6519204378128052,0.37117210030555725,4,False,-3.895549774169922,2,False,-2.564265012741089,3,False,-0.35129618644714355,6,True,0.453548789024353
private,236,0,Angry,V22_CORRECT_V21_WRONG,True,True,0.5250373482704163,0.654636025428772,4,False,-0.23643732070922852,2,False,-1.2878644466400146,0,True,3.1175308227539062,0,True,2.0248279571533203
private,239,6,Neutral,V21_CORRECT_V22_WRONG,True,True,0.6606902480125427,0.2761056423187256,0,False,-2.3092780113220215,0,False,-4.087098598480225,6,True,1.9565800428390503,6,True,2.9440622329711914
private,240,2,Fear,V21_CORRECT_V22_WRONG,True,True,0.6293597221374512,0.8342432975769043,2,True,0.430547833442688,2,True,1.8799763917922974,2,True,1.3319182395935059,2,True,1.9165910482406616
private,244,5,Surprise,V21_CORRECT_V22_WRONG,True,True,0.5936754941940308,0.01222765538841486,3,False,-3.6643598079681396,3,False,-4.2627458572387695,5,True,3.3329949378967285,5,True,4.663848400115967
private,247,4,Sad,V22_CORRECT_V21_WRONG,True,True,0.5276186466217041,0.6046699285507202,0,False,-0.6666713953018188,6,False,-0.14937961101531982,4,True,1.2023119926452637,4,True,1.976515531539917
private,248,1,Disgust,V21_CORRECT_V22_WRONG,True,True,0.4024082124233246,0.47417932748794556,0,False,-4.974186897277832,0,False,-4.1402740478515625,2,False,-4.018464088439941,1,True,0.7370771169662476
private,259,3,Happy,V21_CORRECT_V22_WRONG,True,True,0.5797725915908813,0.3544675409793854,3,True,0.18221604824066162,0,False,-2.7808749675750732,3,True,1.4841694831848145,3,True,3.277566432952881
private,260,3,Happy,V21_CORRECT_V22_WRONG,True,True,0.683007001876831,0.6694608926773071,6,False,-2.536872148513794,6,False,-1.8883944749832153,3,True,0.6673069000244141,3,True,0.4638180732727051
private,263,6,Neutral,V22_CORRECT_V21_WRONG,True,True,0.7107030153274536,0.4956669211387634,4,False,-1.3769867420196533,4,False,-1.7040319442749023,6,True,3.027881145477295,6,True,1.808227300643921
private,267,4,Sad,V21_CORRECT_V22_WRONG,True,True,0.6664028167724609,0.6910666227340698,6,False,-0.08116984367370605,0,False,-0.03997516632080078,4,True,3.2646138668060303,4,True,3.714587688446045
private,273,4,Sad,V22_CORRECT_V21_WRONG,True,True,0.5074266195297241,0.2964625954627991,6,False,-2.285590410232544,6,False,-0.6092737913131714,4,True,3.296804666519165,4,True,2.3808882236480713
private,274,4,Sad,V22_CORRECT_V21_WRONG,True,True,0.699768602848053,0.4178027808666229,6,False,-4.118228435516357,6,False,-3.233022451400757,4,True,2.0979323387145996,4,True,1.294765591621399
private,282,4,Sad,V21_CORRECT_V22_WRONG,True,True,0.5682706832885742,0.7808505892753601,2,False,-0.7789347171783447,4,True,2.164609909057617,4,True,0.3717302083969116,4,True,0.9853335618972778
private,289,6,Neutral,V22_CORRECT_V21_WRONG,True,True,0.3564055562019348,0.39752471446990967,3,False,-2.2237257957458496,3,False,-3.5450594425201416,2,False,-1.3493911027908325,6,True,2.50700044631958
private,298,0,Angry,V22_CORRECT_V21_WRONG,True,True,0.5094645023345947,0.6740031838417053,4,False,-0.9572553634643555,2,False,-2.626504898071289,0,True,0.6659308671951294,0,True,1.2056729793548584
private,317,6,Neutral,V21_CORRECT_V22_WRONG,True,True,0.47200262546539307,0.2874873876571655,3,False,-1.570380449295044,3,False,-2.125369071960449,6,True,0.24102449417114258,6,True,3.4292807579040527
private,318,4,Sad,V21_CORRECT_V22_WRONG,True,True,0.5389571189880371,0.6906708478927612,2,False,-0.7096443176269531,4,True,0.47071588039398193,2,False,-0.4339604377746582,4,True,0.2405637502670288
private,326,3,Happy,V22_CORRECT_V21_WRONG,True,True,0.4760793447494507,0.6419452428817749,4,False,-3.087991714477539,4,False,-1.6416993141174316,4,False,-3.510450839996338,3,True,1.7865614891052246
private,337,0,Angry,V22_CORRECT_V21_WRONG,True,True,0.5331307649612427,0.7192198038101196,2,False,-3.1208407878875732,2,False,-2.1562917232513428,0,True,0.0993955135345459,0,True,0.3528285026550293
private,338,6,Neutral,V22_CORRECT_V21_WRONG,True,True,0.4503481686115265,0.24242834746837616,2,False,-4.785308837890625,2,False,-4.06414794921875,3,False,-1.266745924949646,6,True,0.7292777299880981
private,340,0,Angry,V22_CORRECT_V21_WRONG,True,True,0.541145920753479,0.4211789667606354,6,False,-1.8700861930847168,6,False,-3.208028554916382,4,False,-1.5163573026657104,4,False,-1.0957096815109253
private,343,3,Happy,V22_CORRECT_V21_WRONG,True,True,0.5858179330825806,0.15283408761024475,4,False,-4.520061492919922,4,False,-4.4900641441345215,3,True,0.1182560920715332,3,True,0.19710230827331543
private,364,0,Angry,V21_CORRECT_V22_WRONG,True,True,0.42633897066116333,0.21786442399024963,5,False,-4.28342342376709,5,False,-5.046474933624268,0,True,1.9549064636230469,0,True,3.577648639678955
private,368,6,Neutral,V22_CORRECT_V21_WRONG,True,True,0.5482036471366882,0.3819458484649658,4,False,-2.2663815021514893,4,False,-1.219572901725769,6,True,0.38414812088012695,6,True,3.5147945880889893
private,375,4,Sad,V21_CORRECT_V22_WRONG,True,True,0.5889614820480347,0.6395469903945923,2,False,-0.589775562286377,4,True,1.127190113067627,4,True,1.2437987327575684,4,True,3.0867092609405518
private,376,3,Happy,V21_CORRECT_V22_WRONG,True,True,0.7293037176132202,0.28325507044792175,4,False,-2.701679229736328,4,False,-3.979370355606079,3,True,2.6194405555725098,3,True,3.555384874343872
private,378,3,Happy,V21_CORRECT_V22_WRONG,True,True,0.7576639652252197,0.4224695563316345,6,False,-0.7473760843276978,3,True,1.295978307723999,3,True,3.396674156188965,3,True,4.4066338539123535
private,385,6,Neutral,V21_CORRECT_V22_WRONG,True,True,0.40961360931396484,0.22244569659233093,5,False,-4.544597148895264,5,False,-4.001837253570557,6,True,0.9286442995071411,6,True,0.5379185676574707
private,395,4,Sad,V21_CORRECT_V22_WRONG,True,True,0.5118114948272705,0.3305671215057373,6,False,-1.3118482828140259,6,False,-2.164065361022949,4,True,0.5171246528625488,4,True,1.3212642669677734
private,396,4,Sad,V22_CORRECT_V21_WRONG,True,True,0.6434020400047302,0.7238970994949341,2,False,-1.2772544622421265,2,False,-1.8116941452026367,2,False,-0.15106284618377686,4,True,0.9681099653244019
private,400,2,Fear,V22_CORRECT_V21_WRONG,True,True,0.5900253057479858,0.8587313294410706,4,False,-0.3248436450958252,2,True,0.5107312202453613,2,True,1.7042983770370483,2,True,2.4093189239501953
private,408,2,Fear,V21_CORRECT_V22_WRONG,True,True,0.4729926884174347,0.5930018424987793,4,False,-2.1921112537384033,4,False,-3.7181127071380615,4,False,-0.6094152927398682,2,True,0.18215155601501465
private,410,3,Happy,V21_CORRECT_V22_WRONG,True,True,0.6658852100372314,0.5596047043800354,5,False,-1.7155907154083252,5,False,-1.263767957687378,3,True,1.8490840196609497,3,True,0.9674179553985596
private,415,5,Surprise,V21_CORRECT_V22_WRONG,True,True,0.7090710401535034,0.6530104875564575,2,False,-2.2098777294158936,2,False,-1.4206349849700928,5,True,1.6787713766098022,5,True,2.7571511268615723
private,422,2,Fear,V21_CORRECT_V22_WRONG,True,True,0.7336264848709106,0.7360098361968994,5,False,-1.8955765962600708,5,False,-2.035700798034668,2,True,0.9890443086624146,2,True,2.650087594985962
private,427,3,Happy,V22_CORRECT_V21_WRONG,True,True,0.5450034141540527,-0.10001339763402939,4,False,-5.011192798614502,4,False,-4.089043140411377,3,True,3.097163438796997,3,True,3.4169812202453613
private,431,6,Neutral,V21_CORRECT_V22_WRONG,True,True,0.6342536807060242,0.5507564544677734,4,False,-4.247921466827393,4,False,-1.3558545112609863,6,True,0.1778801679611206,6,True,1.3393054008483887
private,437,6,Neutral,V21_CORRECT_V22_WRONG,True,True,0.568134069442749,0.47723281383514404,2,False,-5.409257888793945,0,False,-4.053540229797363,2,False,-0.7000360488891602,6,True,1.006622552871704
private,446,4,Sad,V22_CORRECT_V21_WRONG,True,True,0.36710411310195923,0.3533044457435608,2,False,-1.300467610359192,0,False,-1.954132080078125,4,True,2.179804563522339,4,True,3.3752715587615967
private,447,4,Sad,V21_CORRECT_V22_WRONG,True,True,0.6193714141845703,0.8455600738525391,4,True,0.08477067947387695,4,True,1.2590343952178955,4,True,0.4704325199127197,4,True,1.6670430898666382
private,460,2,Fear,V22_CORRECT_V21_WRONG,True,True,0.5227760076522827,0.5582024455070496,6,False,-0.5592136383056641,2,True,0.8781189918518066,2,True,0.08058714866638184,2,True,1.6239838600158691
private,461,4,Sad,V22_CORRECT_V21_WRONG,True,True,0.5770062208175659,0.850823700428009,0,False,-0.7224690914154053,0,False,-0.3206980228424072,4,True,0.08637571334838867,4,True,0.3451375961303711
private,463,2,Fear,V22_CORRECT_V21_WRONG,True,True,0.5698378086090088,0.6293662786483765,5,False,-0.6524510383605957,2,True,0.19915425777435303,2,True,1.9593371152877808,2,True,1.077052354812622
private,481,6,Neutral,V22_CORRECT_V21_WRONG,True,True,0.660820722579956,0.8011658787727356,4,False,-0.9902937412261963,4,False,-1.0676113367080688,4,False,-0.5072207450866699,6,True,0.4536144733428955
private,493,4,Sad,V21_CORRECT_V22_WRONG,True,True,0.5089807510375977,0.1770210564136505,4,True,0.24086284637451172,0,False,-3.39935564994812,4,True,0.40712153911590576,4,True,1.2044018507003784
private,495,6,Neutral,V22_CORRECT_V21_WRONG,True,True,0.4283531904220581,0.20012322068214417,0,False,-3.4845571517944336,2,False,-2.8313307762145996,6,True,3.2544760704040527,6,True,3.5326921939849854
private,497,2,Fear,V21_CORRECT_V22_WRONG,True,True,0.48926860094070435,0.2832532525062561,2,True,0.9008932113647461,0,False,-1.2940433025360107,2,True,1.7858117818832397,2,True,0.48018407821655273
private,507,4,Sad,V21_CORRECT_V22_WRONG,True,True,0.5221586227416992,0.6069853901863098,6,False,-2.717608690261841,0,False,-0.011043310165405273,4,True,0.5619894862174988,4,True,0.43065333366394043
private,511,3,Happy,V22_CORRECT_V21_WRONG,True,True,0.6224175691604614,0.5563763380050659,4,False,-3.1098337173461914,4,False,-2.40913987159729,3,True,1.6834510564804077,3,True,1.592902421951294
private,520,4,Sad,V21_CORRECT_V22_WRONG,True,True,0.5887465476989746,0.33869463205337524,2,False,-2.441565990447998,2,False,-3.0675058364868164,4,True,2.094331741333008,4,True,3.7300918102264404
private,521,2,Fear,V21_CORRECT_V22_WRONG,True,True,0.6946220397949219,0.8867868185043335,5,False,-0.8084385395050049,5,False,-0.7392983436584473,2,True,0.33083295822143555,2,True,1.0514795780181885
private,523,2,Fear,V21_CORRECT_V22_WRONG,True,True,0.5763978362083435,0.5193042159080505,4,False,-0.9880287647247314,2,True,0.5155633687973022,2,True,1.2143990993499756,2,True,2.998544216156006
private,524,5,Surprise,V22_CORRECT_V21_WRONG,True,True,0.498134046792984,0.5798490047454834,6,False,-0.4908703565597534,6,False,-0.27913427352905273,5,True,0.1864776611328125,5,True,2.2778515815734863
private,538,4,Sad,V22_CORRECT_V21_WRONG,True,True,0.5754877924919128,0.6860509514808655,6,False,-0.7815650701522827,2,False,-0.49975860118865967,4,True,0.14351177215576172,4,True,0.8835591077804565
private,539,3,Happy,V21_CORRECT_V22_WRONG,True,True,0.4963182210922241,0.5766270160675049,2,False,-0.3593238592147827,2,False,-0.9472851157188416,3,True,0.4590892791748047,3,True,3.4139766693115234
private,543,0,Angry,V22_CORRECT_V21_WRONG,True,True,0.6318451166152954,0.47292661666870117,4,False,-0.5759769678115845,4,False,-0.9066419005393982,0,True,0.7671339511871338,0,True,2.8203442096710205
private,550,4,Sad,V21_CORRECT_V22_WRONG,True,True,0.6763705015182495,0.5918742418289185,6,False,-0.9260463714599609,0,False,-0.02814948558807373,4,True,2.108048677444458,4,True,2.4695112705230713
private,552,4,Sad,V21_CORRECT_V22_WRONG,True,False,0.5246225595474243,0.46156758069992065,2,False,-3.5812649726867676,2,False,-4.268945693969727,4,True,0.7092106342315674,4,True,1.1534278392791748
private,553,6,Neutral,V22_CORRECT_V21_WRONG,True,True,0.48169055581092834,0.6150868535041809,0,False,-0.5010095834732056,2,False,-1.0385960340499878,0,False,-0.9969230890274048,6,True,1.6131980419158936
private,555,4,Sad,V21_CORRECT_V22_WRONG,True,True,0.6672676801681519,0.7562705874443054,2,False,-0.11007022857666016,4,True,1.8467860221862793,4,True,0.3889281749725342,4,True,2.2690482139587402
private,559,3,Happy,V21_CORRECT_V22_WRONG,True,True,0.534749448299408,0.638150691986084,0,False,-0.40645599365234375,2,False,-1.2065361738204956,3,True,1.0939589738845825,3,True,1.5722057819366455
private,563,4,Sad,V22_CORRECT_V21_WRONG,True,True,0.49776408076286316,0.59752357006073,0,False,-0.8947166204452515,2,False,-1.6335537433624268,4,True,0.9207437038421631,4,True,3.299455404281616
private,564,3,Happy,V21_CORRECT_V22_WRONG,True,True,0.6045027375221252,0.5586109161376953,6,False,-3.0996458530426025,6,False,-3.85048770904541,3,True,0.9281264543533325,3,True,1.3978074789047241
private,569,5,Surprise,V22_CORRECT_V21_WRONG,True,True,0.4850209951400757,0.12148264795541763,0,False,-1.3001341819763184,0,False,-2.4551992416381836,2,False,-2.042245626449585,5,True,0.6717824935913086
private,577,5,Surprise,V21_CORRECT_V22_WRONG,True,True,0.5780903697013855,0.6607657074928284,5,True,0.1737896203994751,2,False,-0.6019835472106934,5,True,3.7334275245666504,5,True,4.381593704223633
private,578,2,Fear,V21_CORRECT_V22_WRONG,True,True,0.45918983221054077,0.567517876625061,0,False,-1.2010843753814697,0,False,-2.3011186122894287,0,False,-1.9291441440582275,2,True,2.2431676387786865
private,579,2,Fear,V21_CORRECT_V22_WRONG,True,True,0.3825601637363434,0.5023932456970215,4,False,-2.06251859664917,4,False,-1.4825952053070068,2,True,1.5399937629699707,2,True,1.5052497386932373
private,597,6,Neutral,V21_CORRECT_V22_WRONG,True,True,0.5377910733222961,0.5395430326461792,4,False,-5.855219841003418,4,False,-3.5421206951141357,6,True,1.6342809200286865,6,True,0.485065221786499
private,600,4,Sad,V22_CORRECT_V21_WRONG,True,True,0.4516232907772064,0.6508954167366028,3,False,-3.126072406768799,4,True,0.10414993762969971,3,False,-4.255334854125977,3,False,-0.9195780754089355
private,605,4,Sad,V22_CORRECT_V21_WRONG,True,True,0.6616948246955872,0.6193811893463135,6,False,-2.2036566734313965,6,False,-2.602238416671753,4,True,2.368669271469116,4,True,1.437445878982544
private,609,0,Angry,V21_CORRECT_V22_WRONG,True,True,0.5364334583282471,0.8083620071411133,3,False,-3.3690598011016846,3,False,-0.2297353744506836,3,False,-3.5408730506896973,0,True,1.3056011199951172
private,610,4,Sad,V22_CORRECT_V21_WRONG,True,True,0.5579258799552917,0.568637490272522,2,False,-0.2139596939086914,4,True,1.5542227029800415,4,True,3.6909873485565186,4,True,2.472893238067627
private,613,4,Sad,V21_CORRECT_V22_WRONG,True,True,0.5375540256500244,0.48351994156837463,3,False,-3.1594035625457764,3,False,-3.2270326614379883,4,True,1.684144377708435,4,True,0.8802218437194824
private,628,4,Sad,V22_CORRECT_V21_WRONG,True,True,0.5721584558486938,0.5847568511962891,2,False,-0.5313882827758789,0,False,-0.6945497989654541,4,True,3.721404552459717,4,True,2.863065242767334
private,630,4,Sad,V22_CORRECT_V21_WRONG,True,False,0.5230480432510376,0.7859612703323364,2,False,-1.0358446836471558,2,False,-1.5096652507781982,4,True,1.9547199010849,4,True,1.287170648574829
private,632,3,Happy,V21_CORRECT_V22_WRONG,True,True,0.6442505717277527,0.518286943435669,4,False,-0.09696078300476074,4,False,-0.22625136375427246,3,True,1.103102684020996,3,True,4.15263032913208
private,635,2,Fear,V22_CORRECT_V21_WRONG,True,True,0.5887649059295654,0.7803255319595337,0,False,-1.2459495067596436,2,True,0.24068474769592285,0,False,-0.9773368835449219,2,True,0.0990138053894043
private,636,0,Angry,V22_CORRECT_V21_WRONG,True,True,0.5984021425247192,0.5894930362701416,2,False,-4.649852275848389,2,False,-4.667550563812256,2,False,-1.1436831951141357,0,True,3.4228363037109375
private,638,3,Happy,V21_CORRECT_V22_WRONG,True,True,0.6384286880493164,0.45203322172164917,4,False,-0.10676097869873047,3,True,0.32960057258605957,3,True,1.1502411365509033,3,True,1.3000034093856812
private,642,2,Fear,V22_CORRECT_V21_WRONG,True,True,0.6826812028884888,0.85222989320755,5,False,-0.04390239715576172,5,False,-0.8014508485794067,2,True,1.8242617845535278,2,True,1.67726469039917
private,659,6,Neutral,V22_CORRECT_V21_WRONG,True,True,0.6268558502197266,0.3962518572807312,0,False,-4.136801719665527,0,False,-2.3732736110687256,6,True,2.756985902786255,6,True,1.8295817375183105
private,663,4,Sad,V22_CORRECT_V21_WRONG,True,True,0.48544901609420776,0.5416608452796936,2,False,-0.6736993789672852,2,False,-0.07901382446289062,4,True,3.90242862701416,4,True,3.433215618133545
private,666,4,Sad,V21_CORRECT_V22_WRONG,True,True,0.6380354166030884,0.4290779232978821,6,False,-0.4056442975997925,6,False,-0.7507591247558594,4,True,1.4136242866516113,4,True,2.5862715244293213
private,688,2,Fear,V21_CORRECT_V22_WRONG,True,True,0.6522802710533142,0.7623010277748108,3,False,-1.6396552324295044,0,False,-0.40110182762145996,0,False,-0.8269636631011963,2,True,0.5540220737457275
private,689,4,Sad,V21_CORRECT_V22_WRONG,True,True,0.4573591947555542,0.763228178024292,2,False,-1.4140260219573975,2,False,-1.6342192888259888,4,True,0.34426212310791016,4,True,0.872061014175415
private,704,2,Fear,V21_CORRECT_V22_WRONG,True,True,0.5260121822357178,0.585090160369873,0,False,-1.8562732934951782,0,False,-1.447643756866455,6,False,-0.3091773986816406,2,True,1.5055921077728271
private,709,2,Fear,V21_CORRECT_V22_WRONG,True,True,0.5032082796096802,0.6552088856697083,4,False,-0.9621090888977051,4,False,-0.8325176239013672,2,True,0.9251352548599243,2,True,1.6870474815368652
private,716,2,Fear,V21_CORRECT_V22_WRONG,True,True,0.639400839805603,0.5453274250030518,6,False,-2.7363712787628174,6,False,-3.401829242706299,2,True,2.8166537284851074,2,True,1.5141880512237549
private,718,3,Happy,V22_CORRECT_V21_WRONG,True,True,0.6008274555206299,0.21031633019447327,6,False,-3.7810304164886475,6,False,-2.0049779415130615,3,True,4.28368616104126,3,True,4.602902889251709
private,720,6,Neutral,V22_CORRECT_V21_WRONG,True,True,0.46677884459495544,0.4600292444229126,2,False,-1.7843749523162842,2,False,-2.1179933547973633,6,True,2.817206859588623,6,True,3.1938726902008057
private,722,4,Sad,V21_CORRECT_V22_WRONG,True,False,0.6492953300476074,0.46071162819862366,6,False,-1.7851930856704712,6,False,-2.5777482986450195,4,True,0.5151114463806152,4,True,0.283616304397583
private,723,5,Surprise,V22_CORRECT_V21_WRONG,True,True,0.6327796578407288,0.9135702252388,2,False,-0.3177032470703125,5,True,0.34923887252807617,5,True,1.070865273475647,5,True,0.9385073184967041
private,738,0,Angry,V21_CORRECT_V22_WRONG,True,True,0.4382596015930176,0.601457953453064,4,False,-1.4457453489303589,4,False,-0.4822702407836914,2,False,-0.8526431322097778,0,True,1.6016013622283936
private,741,5,Surprise,V21_CORRECT_V22_WRONG,True,True,0.6295129656791687,0.6044937372207642,2,False,-4.389307022094727,2,False,-4.524008274078369,5,True,0.2175753116607666,5,True,0.726499080657959
private,742,0,Angry,V22_CORRECT_V21_WRONG,True,True,0.5723371505737305,0.6617414951324463,4,False,-0.18013691902160645,0,True,1.01115083694458,0,True,3.2340338230133057,0,True,1.370664358139038
private,746,0,Angry,V22_CORRECT_V21_WRONG,True,False,0.5418055653572083,0.6523797512054443,2,False,-0.27261829376220703,2,False,-2.625267267227173,5,False,-0.02821218967437744,0,True,2.073057174682617
private,754,6,Neutral,V22_CORRECT_V21_WRONG,True,True,0.6184269189834595,0.2009989470243454,5,False,-5.199071884155273,5,False,-4.255435466766357,6,True,2.9328367710113525,6,True,3.519916534423828
private,755,4,Sad,V21_CORRECT_V22_WRONG,True,True,0.6442167162895203,0.6896247267723083,6,False,-2.112442970275879,4,True,1.1182550191879272,4,True,1.0037163496017456,4,True,0.42793941497802734
private,756,0,Angry,V21_CORRECT_V22_WRONG,True,True,0.43568307161331177,0.3827229142189026,4,False,-3.4576094150543213,4,False,-3.760047197341919,4,False,-0.12196874618530273,0,True,2.7887766361236572
private,765,2,Fear,V22_CORRECT_V21_WRONG,True,True,0.6032000184059143,0.516228437423706,6,False,-1.9927432537078857,6,False,-0.06081712245941162,2,True,1.927175760269165,2,True,1.1122077703475952
private,773,3,Happy,V22_CORRECT_V21_WRONG,True,True,0.6242473721504211,0.43743062019348145,6,False,-2.636955499649048,6,False,-1.3885506391525269,3,True,3.2350974082946777,3,True,2.88223934173584
private,775,6,Neutral,V21_CORRECT_V22_WRONG,True,True,0.653562068939209,0.30365586280822754,2,False,-3.8984434604644775,4,False,-3.6908860206604004,6,True,1.6957145929336548,6,True,3.3372950553894043
private,782,2,Fear,V21_CORRECT_V22_WRONG,True,True,0.6016142964363098,0.5212836265563965,0,False,-2.279991626739502,2,True,0.25121569633483887,2,True,3.4208590984344482,2,True,3.8925905227661133
private,792,2,Fear,V21_CORRECT_V22_WRONG,True,True,0.6094565391540527,0.7123312950134277,5,False,-0.6539137363433838,2,True,1.0824729204177856,2,True,1.002590298652649,2,True,0.807204008102417
private,798,6,Neutral,V21_CORRECT_V22_WRONG,True,True,0.39855092763900757,0.34648820757865906,2,False,-3.8554515838623047,2,False,-2.9380741119384766,6,True,2.3207640647888184,6,True,4.0676469802856445
private,802,6,Neutral,V22_CORRECT_V21_WRONG,True,True,0.405730664730072,0.4117787182331085,0,False,-1.2340569496154785,2,False,-0.9868288636207581,6,True,2.2206835746765137,6,True,2.645327091217041
private,813,2,Fear,V21_CORRECT_V22_WRONG,True,True,0.5721490979194641,0.4783925712108612,6,False,-2.9797329902648926,6,False,-2.3378329277038574,2,True,1.7731853723526,2,True,2.646850347518921
private,814,2,Fear,V22_CORRECT_V21_WRONG,False,False,0.6538431644439697,0.883137583732605,4,False,-1.0734750032424927,2,True,0.13499760627746582,4,False,-1.1817792654037476,2,True,0.6036791801452637
private,817,2,Fear,V22_CORRECT_V21_WRONG,True,True,0.5651903748512268,0.6086409091949463,1,False,-0.9310023784637451,2,True,2.0692949295043945,2,True,1.6689785718917847,2,True,1.53842294216156
private,821,3,Happy,V21_CORRECT_V22_WRONG,True,True,0.3686460256576538,0.3415423035621643,0,False,-2.9894330501556396,0,False,-3.8601696491241455,2,False,-0.7418515682220459,3,True,1.9987107515335083
private,827,3,Happy,V22_CORRECT_V21_WRONG,True,True,0.52083820104599,0.5959697961807251,0,False,-1.4728596210479736,3,True,1.8861055374145508,3,True,2.8633904457092285,3,True,4.145024299621582
private,829,0,Angry,V22_CORRECT_V21_WRONG,True,True,0.41348397731781006,0.30442044138908386,6,False,-0.014697551727294922,4,False,-3.066659927368164,0,True,1.9232386350631714,0,True,1.8420825004577637
private,835,6,Neutral,V22_CORRECT_V21_WRONG,True,True,0.6517964601516724,0.7877066731452942,3,False,-0.14110755920410156,6,True,0.13526201248168945,6,True,1.5391583442687988,6,True,3.4491093158721924
private,836,3,Happy,V22_CORRECT_V21_WRONG,True,True,0.5919674634933472,0.6375298500061035,6,False,-1.834047555923462,6,False,-1.3797944784164429,3,True,3.0476574897766113,3,True,2.7250843048095703
private,838,2,Fear,V21_CORRECT_V22_WRONG,True,True,0.6202853918075562,0.6417311429977417,4,False,-1.9040422439575195,4,False,-2.980903148651123,2,True,0.06317794322967529,2,True,0.04222369194030762
private,848,3,Happy,V22_CORRECT_V21_WRONG,True,True,0.43851929903030396,0.32933640480041504,4,False,-5.092711925506592,4,False,-4.254359245300293,3,True,2.1001670360565186,3,True,1.360353946685791
private,849,5,Surprise,V21_CORRECT_V22_WRONG,True,True,0.5974314212799072,0.44069617986679077,2,False,-4.541212558746338,2,False,-4.411278247833252,5,True,1.4778016805648804,5,True,4.252366065979004
private,854,4,Sad,V21_CORRECT_V22_WRONG,True,True,0.594243049621582,0.7250256538391113,6,False,-3.143956422805786,6,False,-0.9722909927368164,4,True,0.019472122192382812,4,True,0.6195273399353027
private,860,5,Surprise,V21_CORRECT_V22_WRONG,True,False,0.6991193294525146,0.8301488161087036,2,False,-1.62539541721344,2,False,-1.100058913230896,2,False,-0.04157090187072754,5,True,1.3152611255645752
private,861,6,Neutral,V21_CORRECT_V22_WRONG,True,True,0.5262879729270935,0.6575246453285217,4,False,-1.8382986783981323,4,False,-1.5221846103668213,6,True,1.7736064195632935,6,True,0.12023365497589111
private,867,2,Fear,V22_CORRECT_V21_WRONG,True,True,0.3962852954864502,0.3258006274700165,4,False,-0.5034741163253784,2,True,2.1679248809814453,2,True,0.10051918029785156,2,True,0.6549530029296875
private,872,0,Angry,V21_CORRECT_V22_WRONG,True,True,0.547722339630127,0.6052993535995483,5,False,-2.316187620162964,5,False,-1.6119153499603271,0,True,2.544830799102783,0,True,4.358747482299805
private,878,3,Happy,V21_CORRECT_V22_WRONG,True,True,0.5602853298187256,0.7393622994422913,4,False,-0.4699589014053345,0,False,-1.5798344612121582,3,True,0.9134899377822876,3,True,1.6766760349273682
private,884,6,Neutral,V22_CORRECT_V21_WRONG,True,True,0.4163873791694641,0.6024258136749268,4,False,-0.6283543109893799,4,False,-2.045220136642456,6,True,0.899653434753418,6,True,1.0191478729248047
private,892,0,Angry,V22_CORRECT_V21_WRONG,True,True,0.5374326705932617,0.6194654703140259,2,False,-1.2572472095489502,2,False,-0.9813635349273682,0,True,1.5314456224441528,0,True,3.372281074523926
private,893,2,Fear,V22_CORRECT_V21_WRONG,True,True,0.4098304510116577,0.6614006757736206,4,False,-1.8829865455627441,2,True,3.339034080505371,2,True,0.7964152097702026,2,True,1.434912919998169
private,897,4,Sad,V21_CORRECT_V22_WRONG,True,True,0.4747944474220276,0.3694245219230652,2,False,-0.1415926218032837,4,True,0.4733457565307617,4,True,1.9381111860275269,4,True,4.064472675323486
private,902,4,Sad,V22_CORRECT_V21_WRONG,True,True,0.6140096783638,0.5998563170433044,0,False,-1.9144935607910156,6,False,-1.4465069770812988,4,True,1.80047607421875,4,True,1.063744306564331
private,904,4,Sad,V21_CORRECT_V22_WRONG,True,True,0.6451404690742493,0.6672802567481995,6,False,-0.5527310371398926,6,False,-1.9001821279525757,4,True,1.2715632915496826,4,True,1.2588895559310913
private,908,0,Angry,V22_CORRECT_V21_WRONG,True,True,0.5640363693237305,0.5773820281028748,6,False,-1.6292452812194824,6,False,-0.37817275524139404,6,False,-0.7154455184936523,6,False,-0.47507524490356445
private,912,0,Angry,V22_CORRECT_V21_WRONG,True,True,0.4307657480239868,0.3950474262237549,3,False,-1.5610888004302979,3,False,-2.2373135089874268,0,True,0.18622756004333496,0,True,1.108776330947876
private,924,6,Neutral,V22_CORRECT_V21_WRONG,True,True,0.5150972604751587,0.42049068212509155,2,False,-0.6151165962219238,2,False,-1.6569311618804932,6,True,3.687041997909546,6,True,3.7022273540496826
private,926,4,Sad,V22_CORRECT_V21_WRONG,True,True,0.5061706304550171,0.5218331813812256,0,False,-1.0024746656417847,4,True,0.891974687576294,4,True,1.9614371061325073,4,True,2.8582398891448975
private,941,4,Sad,V22_CORRECT_V21_WRONG,True,True,0.5994969010353088,0.755898118019104,2,False,-0.7357327938079834,2,False,-0.12762737274169922,4,True,1.62934410572052,4,True,1.1801685094833374
private,949,4,Sad,V22_CORRECT_V21_WRONG,True,True,0.6097222566604614,0.7743744850158691,6,False,-0.6169418096542358,4,True,0.8568711280822754,4,True,0.44676828384399414,4,True,0.40642237663269043
private,959,5,Surprise,V22_CORRECT_V21_WRONG,True,True,0.5550873279571533,0.23881985247135162,3,False,-2.657763957977295,3,False,-0.8223370313644409,5,True,2.30198335647583,5,True,2.5182859897613525
private,968,3,Happy,V21_CORRECT_V22_WRONG,True,True,0.4918482303619385,0.5862054824829102,6,False,-1.7733432054519653,6,False,-2.5560660362243652,3,True,0.45769429206848145,3,True,0.5025491714477539
private,978,4,Sad,V21_CORRECT_V22_WRONG,True,True,0.6512013077735901,0.4784972667694092,6,False,-0.05414783954620361,0,False,-1.820951223373413,4,True,1.9354077577590942,4,True,2.422022819519043
private,983,0,Angry,V22_CORRECT_V21_WRONG,True,True,0.5911405682563782,0.7006591558456421,4,False,-0.4842679500579834,4,False,-0.4308680295944214,4,False,-0.23938441276550293,4,False,-0.41002607345581055
private,988,6,Neutral,V21_CORRECT_V22_WRONG,True,True,0.5802167057991028,0.5592037439346313,4,False,-1.3276762962341309,4,False,-1.6341694593429565,6,True,1.8633021116256714,6,True,3.6584537029266357
private,994,2,Fear,V22_CORRECT_V21_WRONG,True,True,0.5335701704025269,0.6144338846206665,4,False,-1.4024525880813599,2,True,0.4438985586166382,2,True,0.5349740982055664,2,True,1.673185110092163
private,997,4,Sad,V22_CORRECT_V21_WRONG,True,True,0.35875481367111206,0.4280194640159607,2,False,-2.649973154067993,4,True,0.18575835227966309,4,True,2.670787811279297,4,True,0.12683963775634766
private,1004,4,Sad,V22_CORRECT_V21_WRONG,True,True,0.5915018916130066,0.4510941505432129,3,False,-3.139190912246704,4,True,0.6738903522491455,4,True,2.1380441188812256,4,True,1.1182000637054443
private,1011,4,Sad,V22_CORRECT_V21_WRONG,True,True,0.6124386787414551,0.2845461964607239,3,False,-1.7735978364944458,4,True,0.40617454051971436,4,True,1.271000862121582,4,True,2.4847466945648193
private,1012,6,Neutral,V22_CORRECT_V21_WRONG,True,True,0.5649208426475525,0.4265449047088623,4,False,-1.117043375968933,4,False,-2.930978775024414,6,True,3.9745121002197266,6,True,4.011340141296387
private,1029,2,Fear,V21_CORRECT_V22_WRONG,True,True,0.546329140663147,0.24956181645393372,4,False,-3.4893524646759033,4,False,-4.433163642883301,2,True,1.3829450607299805,2,True,1.9709925651550293
private,1032,4,Sad,V22_CORRECT_V21_WRONG,True,True,0.6254763603210449,0.4217858910560608,6,False,-4.4773268699646,6,False,-3.41042423248291,4,True,0.885584831237793,4,True,1.1302659511566162
private,1036,4,Sad,V22_CORRECT_V21_WRONG,True,True,0.4360694885253906,0.5422465801239014,3,False,-1.5024770498275757,2,False,-1.9814118146896362,4,True,2.3970017433166504,4,True,1.5286290645599365
private,1043,2,Fear,V21_CORRECT_V22_WRONG,True,True,0.5271036028862,0.526882529258728,6,False,-4.21669864654541,6,False,-4.054771423339844,2,True,0.9731737375259399,2,True,1.274348497390747
private,1045,3,Happy,V22_CORRECT_V21_WRONG,True,True,0.639045774936676,0.5702757835388184,6,False,-4.855440616607666,6,False,-3.512580394744873,3,True,0.8819258213043213,3,True,0.00923466682434082
private,1046,0,Angry,V22_CORRECT_V21_WRONG,True,True,0.5723994970321655,0.38807106018066406,6,False,-2.0548629760742188,6,False,-2.5820679664611816,0,True,1.9788260459899902,0,True,1.1206650733947754
private,1047,5,Surprise,V21_CORRECT_V22_WRONG,False,False,0.6956144571304321,0.6794083118438721,2,False,-0.5580214262008667,2,False,-0.7130556106567383,5,True,0.05552339553833008,5,True,1.8096075057983398
private,1052,2,Fear,V22_CORRECT_V21_WRONG,True,True,0.5583240389823914,0.8272659778594971,4,False,-2.0295615196228027,4,False,-0.07041966915130615,4,False,-2.3273258209228516,2,True,0.7499144077301025
private,1055,3,Happy,V21_CORRECT_V22_WRONG,True,True,0.5577532052993774,0.45810797810554504,6,False,-2.0625040531158447,4,False,-1.279077172279358,4,False,-0.6585794687271118,3,True,0.729056715965271
private,1063,4,Sad,V22_CORRECT_V21_WRONG,True,True,0.6356723308563232,0.4913930296897888,6,False,-1.988647699356079,6,False,-1.8584299087524414,4,True,2.972339391708374,4,True,1.0636576414108276
private,1073,4,Sad,V22_CORRECT_V21_WRONG,True,True,0.6106152534484863,0.5023966431617737,2,False,-0.15593171119689941,2,False,-0.3440089225769043,6,False,-1.8099722862243652,4,True,0.06717801094055176
private,1078,5,Surprise,V21_CORRECT_V22_WRONG,True,True,0.6000657081604004,0.6509661674499512,2,False,-2.107419967651367,5,True,1.7727980613708496,5,True,2.979708194732666,5,True,4.354369640350342
private,1082,3,Happy,V22_CORRECT_V21_WRONG,True,True,0.6434673070907593,0.5116487741470337,5,False,-2.5419507026672363,5,False,-2.8258252143859863,3,True,2.1033265590667725,3,True,1.711800217628479
private,1097,0,Angry,V21_CORRECT_V22_WRONG,True,True,0.5277960300445557,0.7092896699905396,6,False,-2.780977964401245,6,False,-1.4063184261322021,6,False,-1.6692562103271484,0,True,0.5318219661712646
private,1100,4,Sad,V22_CORRECT_V21_WRONG,True,True,0.5951584577560425,0.6284074783325195,6,False,-0.7238500118255615,2,False,-0.2653782367706299,2,False,-0.5775539875030518,4,True,0.6409327983856201
private,1110,2,Fear,V22_CORRECT_V21_WRONG,True,True,0.5785152316093445,0.6838306784629822,4,False,-0.048355817794799805,4,False,-0.4785034656524658,4,False,-1.3592016696929932,2,True,0.686312198638916
private,1116,6,Neutral,V22_CORRECT_V21_WRONG,True,True,0.5394262075424194,0.3556481599807739,5,False,-4.237490653991699,5,False,-4.557893753051758,6,True,0.39603614807128906,6,True,2.473555088043213
private,1121,2,Fear,V21_CORRECT_V22_WRONG,True,True,0.6154519319534302,0.48131975531578064,3,False,-1.7477738857269287,3,False,-2.7264952659606934,5,False,-0.3953368663787842,2,True,1.123173475265503
private,1124,4,Sad,V22_CORRECT_V21_WRONG,True,True,0.6225194334983826,0.31287217140197754,3,False,-3.1033010482788086,3,False,-3.3689494132995605,4,True,3.5022737979888916,4,True,1.8695125579833984
private,1129,5,Surprise,V21_CORRECT_V22_WRONG,True,False,0.5473401546478271,0.43014296889305115,2,False,-5.378539085388184,2,False,-5.3457112312316895,5,True,0.35488224029541016,5,True,1.802872896194458
private,1140,4,Sad,V21_CORRECT_V22_WRONG,True,True,0.6491572856903076,0.7493901252746582,6,False,-3.8819210529327393,6,False,-3.0878658294677734,4,True,1.5559190511703491,4,True,0.3060288429260254
private,1146,0,Angry,V22_CORRECT_V21_WRONG,True,True,0.4749052822589874,0.5859453678131104,2,False,-4.968544960021973,2,False,-4.409666061401367,2,False,-2.366795063018799,4,False,-0.09126430749893188
private,1147,0,Angry,V22_CORRECT_V21_WRONG,True,True,0.5752323865890503,0.6871211528778076,4,False,-1.4881784915924072,4,False,-2.8890862464904785,0,True,1.3319472074508667,4,False,-0.6632194519042969
private,1151,2,Fear,V21_CORRECT_V22_WRONG,True,True,0.539260745048523,0.5435250401496887,0,False,-2.627593517303467,0,False,-1.9937007427215576,2,True,2.755378246307373,2,True,2.943739175796509
private,1156,2,Fear,V21_CORRECT_V22_WRONG,True,True,0.5849999189376831,0.46040254831314087,4,False,-4.3302717208862305,4,False,-2.844027280807495,2,True,2.2824044227600098,2,True,3.35003662109375
private,1158,4,Sad,V21_CORRECT_V22_WRONG,True,True,0.29942578077316284,0.29053381085395813,2,False,-3.9600634574890137,2,False,-2.770169734954834,2,False,-1.9952576160430908,4,True,0.09512770175933838
private,1159,4,Sad,V21_CORRECT_V22_WRONG,True,True,0.6718432307243347,0.7017714381217957,6,False,-0.24292504787445068,4,True,0.6954203844070435,4,True,1.7228209972381592,4,True,3.371844530105591
private,1160,5,Surprise,V21_CORRECT_V22_WRONG,True,True,0.6629582047462463,0.5486372709274292,2,False,-3.1371676921844482,2,False,-2.0794997215270996,5,True,1.2849029302597046,5,True,2.4692749977111816
private,1176,2,Fear,V22_CORRECT_V21_WRONG,True,True,0.4694429337978363,0.34440362453460693,4,False,-1.3851592540740967,2,True,1.2673683166503906,2,True,0.09701013565063477,2,True,1.6900137662887573
private,1184,6,Neutral,V22_CORRECT_V21_WRONG,True,True,0.4763411581516266,0.39261212944984436,0,False,-1.3852040767669678,0,False,-3.330530881881714,4,False,-2.2533726692199707,6,True,0.8294312953948975
private,1186,5,Surprise,V21_CORRECT_V22_WRONG,True,True,0.595521092414856,0.8023664951324463,0,False,-0.30280303955078125,5,True,0.5546395778656006,5,True,1.3431341648101807,5,True,3.922956943511963
private,1198,4,Sad,V21_CORRECT_V22_WRONG,True,True,0.5786333680152893,0.5433272123336792,6,False,-0.7819305658340454,6,False,-0.9777439832687378,2,False,-0.6482049226760864,4,True,0.72951340675354
private,1200,2,Fear,V21_CORRECT_V22_WRONG,True,True,0.4575602114200592,0.3566143214702606,6,False,-1.4261342287063599,3,False,-0.7927024364471436,2,True,1.726786732673645,2,True,0.6964349746704102
private,1219,4,Sad,V22_CORRECT_V21_WRONG,True,True,0.6319900751113892,0.4917277991771698,2,False,-1.2706611156463623,2,False,-1.875684142112732,2,False,-0.08684825897216797,4,True,0.9111391305923462
private,1222,3,Happy,V22_CORRECT_V21_WRONG,True,True,0.6137121319770813,0.7472705841064453,6,False,-0.44330453872680664,6,False,-2.360440731048584,3,True,0.5637550354003906,3,True,0.9823544025421143
private,1230,4,Sad,V21_CORRECT_V22_WRONG,True,True,0.6710456013679504,0.7430572509765625,6,False,-1.6729735136032104,6,False,-0.9863104820251465,4,True,0.09035921096801758,4,True,0.6671574115753174
private,1247,4,Sad,V22_CORRECT_V21_WRONG,True,True,0.5996923446655273,0.6774429678916931,0,False,-0.1952732801437378,0,False,-0.022779345512390137,4,True,1.3113270998001099,4,True,1.2081258296966553
private,1261,2,Fear,V22_CORRECT_V21_WRONG,True,True,0.6337490081787109,0.28355735540390015,6,False,-2.9144909381866455,6,False,-1.6644797325134277,4,False,-0.7987267971038818,2,True,0.4853907823562622
private,1262,0,Angry,V22_CORRECT_V21_WRONG,True,False,0.6791859865188599,0.2067776471376419,6,False,-5.4148688316345215,6,False,-4.980417251586914,0,True,3.2325966358184814,0,True,1.07431960105896
private,1266,3,Happy,V21_CORRECT_V22_WRONG,True,True,0.761314868927002,0.43225738406181335,6,False,-0.6973268985748291,6,False,-1.4202923774719238,3,True,3.4232606887817383,3,True,4.14190149307251
private,1267,3,Happy,V21_CORRECT_V22_WRONG,True,True,0.5643895268440247,0.3179740011692047,4,False,-2.99222731590271,4,False,-3.6956562995910645,3,True,0.03956937789916992,3,True,1.837921380996704
private,1271,2,Fear,V22_CORRECT_V21_WRONG,False,False,0.6956144571304321,0.6794083118438721,5,False,-1.8096075057983398,5,False,-0.05552339553833008,2,True,0.7130556106567383,2,True,0.5580214262008667
private,1278,5,Surprise,V22_CORRECT_V21_WRONG,True,True,0.5890929698944092,0.5470685958862305,2,False,-0.4764765501022339,5,True,0.10994625091552734,5,True,3.719426393508911,5,True,4.094393730163574
private,1279,4,Sad,V22_CORRECT_V21_WRONG,True,True,0.6057772636413574,0.6038479804992676,6,False,-0.8628525733947754,6,False,-0.5386090278625488,6,False,-0.8631820678710938,4,True,1.2343430519104004
private,1284,2,Fear,V22_CORRECT_V21_WRONG,True,True,0.5498841404914856,0.37839338183403015,3,False,-2.8090620040893555,3,False,-0.5796136856079102,2,True,2.6484763622283936,2,True,3.9490573406219482
private,1290,0,Angry,V22_CORRECT_V21_WRONG,True,True,0.6003299355506897,0.6470513343811035,2,False,-0.004747867584228516,2,False,-2.0214695930480957,0,True,0.8128042221069336,2,False,-1.2491552829742432
private,1293,4,Sad,V22_CORRECT_V21_WRONG,True,True,0.5102909803390503,0.484561562538147,6,False,-1.0929824113845825,6,False,-0.6965079307556152,4,True,0.148703932762146,4,True,0.8168932199478149
private,1302,6,Neutral,V22_CORRECT_V21_WRONG,True,True,0.6556689739227295,0.6695733070373535,2,False,-1.2817184925079346,2,False,-2.2821171283721924,6,True,0.3681892156600952,6,True,2.0588059425354004
private,1308,4,Sad,V21_CORRECT_V22_WRONG,True,True,0.6137065887451172,0.8400859236717224,4,True,1.3834717273712158,0,False,-0.933719277381897,4,True,1.036195158958435,4,True,0.01937389373779297
private,1320,4,Sad,V22_CORRECT_V21_WRONG,True,True,0.625775158405304,0.6319424510002136,0,False,-1.0844030380249023,2,False,-0.26447027921676636,0,False,-1.6419768333435059,4,True,1.4449684619903564
private,1322,6,Neutral,V22_CORRECT_V21_WRONG,True,True,0.5869660973548889,0.6307672262191772,0,False,-2.400742292404175,0,False,-0.9616986513137817,4,False,-0.0852363109588623,6,True,1.2236109972000122
private,1326,2,Fear,V22_CORRECT_V21_WRONG,True,True,0.6854238510131836,0.8220113515853882,5,False,-0.9618427753448486,2,True,0.19905996322631836,2,True,0.5759158134460449,2,True,1.504244327545166
private,1328,2,Fear,V22_CORRECT_V21_WRONG,True,True,0.6279112100601196,0.665674090385437,6,False,-3.4251868724823,6,False,-1.9625298976898193,4,False,-1.8209583759307861,2,True,0.18555104732513428
private,1330,4,Sad,V22_CORRECT_V21_WRONG,True,True,0.6362256407737732,0.7364717721939087,6,False,-0.6618571281433105,4,True,1.2098324298858643,4,True,1.8953295946121216,4,True,1.752661108970642
private,1340,0,Angry,V21_CORRECT_V22_WRONG,True,True,0.6035870313644409,0.5262628197669983,4,False,-1.3476037979125977,0,True,0.5420041084289551,0,True,2.3305001258850098,0,True,3.615751028060913
private,1348,2,Fear,V22_CORRECT_V21_WRONG,True,True,0.47743725776672363,0.7021774053573608,4,False,-3.058192729949951,2,True,2.1248435974121094,2,True,0.3461354970932007,2,True,2.14143443107605
private,1358,3,Happy,V22_CORRECT_V21_WRONG,True,True,0.6811339855194092,0.7427264451980591,6,False,-0.8853280544281006,6,False,-0.10228204727172852,3,True,1.654526948928833,3,True,1.013519525527954
private,1395,4,Sad,V22_CORRECT_V21_WRONG,True,True,0.6179214119911194,0.49368059635162354,2,False,-2.2388057708740234,2,False,-2.2661783695220947,4,True,3.2686548233032227,4,True,2.7604117393493652
private,1402,3,Happy,V21_CORRECT_V22_WRONG,True,True,0.5709564685821533,0.5736750960350037,3,True,0.03460037708282471,0,False,-1.1536483764648438,3,True,1.3096330165863037,3,True,1.845736026763916
private,1403,2,Fear,V21_CORRECT_V22_WRONG,True,True,0.4553285241127014,0.5639516711235046,4,False,-1.3294024467468262,4,False,-1.693460464477539,2,True,1.3568904399871826,2,True,1.8721582889556885
private,1412,6,Neutral,V22_CORRECT_V21_WRONG,True,True,0.5089081525802612,0.4144424796104431,2,False,-2.3426759243011475,2,False,-3.2724437713623047,6,True,2.7404468059539795,6,True,2.302894115447998
private,1421,0,Angry,V22_CORRECT_V21_WRONG,True,True,0.2839278280735016,0.2532958388328552,6,False,-1.3445911407470703,3,False,-2.01779842376709,0,True,3.7063961029052734,0,True,1.2024099826812744
private,1432,4,Sad,V21_CORRECT_V22_WRONG,True,True,0.5476566553115845,0.5820119380950928,6,False,-0.808570384979248,4,True,0.3943948745727539,4,True,2.8884387016296387,4,True,3.650163412094116
private,1439,2,Fear,V21_CORRECT_V22_WRONG,True,True,0.697311282157898,0.7724916934967041,5,False,-0.8351925611495972,5,False,-2.099626064300537,2,True,1.8974345922470093,2,True,2.7944259643554688
private,1441,4,Sad,V21_CORRECT_V22_WRONG,True,True,0.5188916921615601,0.4670424163341522,1,False,-0.1183699369430542,2,False,-1.6235723495483398,4,True,0.5673950910568237,4,True,1.658630132675171
private,1445,4,Sad,V21_CORRECT_V22_WRONG,True,True,0.5887465476989746,0.33869463205337524,2,False,-2.441565990447998,2,False,-3.0675058364868164,4,True,2.094331741333008,4,True,3.7300918102264404
private,1446,4,Sad,V22_CORRECT_V21_WRONG,True,True,0.6283642649650574,0.7203812599182129,6,False,-3.1878607273101807,4,True,0.04196321964263916,4,True,1.5572013854980469,4,True,1.7429876327514648
private,1450,2,Fear,V21_CORRECT_V22_WRONG,True,True,0.400285542011261,0.5767191648483276,4,False,-4.016047477722168,4,False,-5.032646656036377,4,False,-3.3558764457702637,2,True,0.14739298820495605
private,1451,4,Sad,V21_CORRECT_V22_WRONG,True,True,0.558705747127533,0.6040074229240417,2,False,-0.1057504415512085,4,True,0.6579375267028809,2,False,-1.7391482591629028,4,True,2.356477737426758
private,1454,4,Sad,V22_CORRECT_V21_WRONG,True,True,0.5964199304580688,0.5163357257843018,0,False,-0.3291049003601074,4,True,1.4758161306381226,4,True,4.429116249084473,4,True,3.496262311935425
private,1458,2,Fear,V22_CORRECT_V21_WRONG,True,True,0.5775813460350037,0.7005192637443542,0,False,-1.53983736038208,0,False,-0.547263503074646,0,False,-0.2141733169555664,0,False,-0.4647231101989746
private,1466,1,Disgust,V21_CORRECT_V22_WRONG,True,True,0.32369375228881836,0.40231800079345703,2,False,-2.103963851928711,2,False,-0.9394470453262329,2,False,-2.84130597114563,1,True,4.758376121520996
private,1467,6,Neutral,V22_CORRECT_V21_WRONG,True,True,0.5042766332626343,0.5967903137207031,2,False,-1.7719032764434814,2,False,-2.9015228748321533,6,True,1.4461164474487305,6,True,1.0151337385177612
private,1468,4,Sad,V21_CORRECT_V22_WRONG,True,True,0.5598315000534058,0.7196033000946045,0,False,-0.46092915534973145,0,False,-2.3738460540771484,4,True,0.6473820209503174,4,True,0.7720831632614136
private,1470,6,Neutral,V22_CORRECT_V21_WRONG,True,True,0.604594349861145,0.6933736801147461,4,False,-1.625930666923523,4,False,-1.1048929691314697,6,True,1.5136454105377197,6,True,1.8773715496063232
private,1473,4,Sad,V21_CORRECT_V22_WRONG,True,True,0.6133210062980652,0.6538971662521362,4,True,0.19510221481323242,0,False,-2.278872013092041,2,False,-0.5267913341522217,4,True,1.7941360473632812
private,1475,2,Fear,V22_CORRECT_V21_WRONG,True,True,0.5983902812004089,0.5784668922424316,4,False,-1.704954981803894,4,False,-1.1998640298843384,0,False,-0.1939023733139038,2,True,1.296964406967163
private,1492,2,Fear,V21_CORRECT_V22_WRONG,True,True,0.5448359251022339,0.6624270677566528,0,False,-2.1139488220214844,0,False,-2.5668697357177734,2,True,2.0257108211517334,2,True,1.8990263938903809
private,1493,4,Sad,V22_CORRECT_V21_WRONG,True,True,0.6334502696990967,0.8351393342018127,0,False,-1.304499626159668,0,False,-0.9542174339294434,0,False,-1.6090972423553467,4,True,1.1457915306091309
private,1497,4,Sad,V21_CORRECT_V22_WRONG,True,True,0.6103626489639282,0.5666577219963074,6,False,-0.37981319427490234,4,True,0.04098081588745117,4,True,3.4305243492126465,4,True,3.8013713359832764
private,1498,0,Angry,V22_CORRECT_V21_WRONG,True,True,0.4197547733783722,0.5330694913864136,1,False,-0.8006269931793213,0,True,1.0698652267456055,0,True,3.583221673965454,0,True,4.3094282150268555
private,1513,4,Sad,V21_CORRECT_V22_WRONG,True,True,0.5726951360702515,0.34687718749046326,2,False,-1.249819278717041,2,False,-0.4959736466407776,4,True,2.2385194301605225,4,True,2.5135841369628906
private,1531,0,Angry,V21_CORRECT_V22_WRONG,True,True,0.5252776741981506,0.30227169394493103,2,False,-1.7834664583206177,4,False,-1.3291678428649902,0,True,0.49613499641418457,0,True,3.2419612407684326
private,1536,6,Neutral,V21_CORRECT_V22_WRONG,True,True,0.45909011363983154,0.5389493703842163,6,True,0.6207007765769958,6,True,0.17106878757476807,4,False,-0.9534578323364258,6,True,0.21465253829956055
private,1546,3,Happy,V22_CORRECT_V21_WRONG,True,True,0.5457687377929688,0.6754626035690308,2,False,-2.4228100776672363,3,True,1.1299171447753906,3,True,1.8106330633163452,3,True,2.261723518371582
private,1547,3,Happy,V21_CORRECT_V22_WRONG,True,True,0.5467108488082886,0.48210304975509644,4,False,-2.258087158203125,4,False,-3.4452805519104004,4,False,-1.2966384887695312,3,True,0.7003617286682129
private,1552,2,Fear,V22_CORRECT_V21_WRONG,True,True,0.48889920115470886,0.23841960728168488,0,False,-1.0940985679626465,2,True,1.2397037744522095,4,False,-3.318328857421875,2,True,0.5054059028625488
private,1563,5,Surprise,V21_CORRECT_V22_WRONG,True,False,0.5118786096572876,0.5333936214447021,2,False,-4.767724990844727,2,False,-4.522639751434326,2,False,-2.8181350231170654,5,True,0.2901327610015869
private,1572,6,Neutral,V21_CORRECT_V22_WRONG,True,True,0.7294901013374329,0.7484487295150757,6,True,0.4077930450439453,3,False,-1.181438684463501,6,True,2.409313201904297,6,True,2.675624370574951
private,1579,4,Sad,V22_CORRECT_V21_WRONG,True,True,0.5048375129699707,0.6672986149787903,0,False,-0.4614987373352051,4,True,1.9539272785186768,4,True,2.4484856128692627,4,True,2.211782455444336
private,1582,6,Neutral,V21_CORRECT_V22_WRONG,True,True,0.6440398097038269,0.4180205166339874,4,False,-3.583387851715088,4,False,-2.2940914630889893,6,True,0.7969844341278076,6,True,2.1166515350341797
private,1591,0,Angry,V21_CORRECT_V22_WRONG,True,True,0.6459931135177612,0.5617982149124146,3,False,-0.5928711891174316,0,True,1.401191234588623,0,True,3.193669319152832,0,True,4.393161773681641
private,1602,6,Neutral,V22_CORRECT_V21_WRONG,True,True,0.6004961729049683,0.4739936590194702,4,False,-3.3102824687957764,4,False,-3.928466320037842,6,True,2.5097219944000244,6,True,0.5520182847976685
private,1624,4,Sad,V22_CORRECT_V21_WRONG,True,True,0.6036911010742188,0.6820731163024902,2,False,-0.7776334285736084,2,False,-0.49144744873046875,4,True,3.622654676437378,4,True,1.84024977684021
private,1625,3,Happy,V22_CORRECT_V21_WRONG,True,True,0.5992724895477295,0.409365177154541,2,False,-4.174289703369141,2,False,-3.4065022468566895,3,True,2.9119832515716553,3,True,0.31833159923553467
private,1630,4,Sad,V21_CORRECT_V22_WRONG,True,True,0.6164819598197937,0.3743094801902771,0,False,-0.24734985828399658,0,False,-1.4990018606185913,4,True,1.7653141021728516,4,True,2.079289197921753
private,1644,4,Sad,V22_CORRECT_V21_WRONG,True,True,0.4086207151412964,0.3719092011451721,2,False,-0.8116081357002258,2,False,-3.0596723556518555,4,True,3.9824845790863037,4,True,4.243871688842773
private,1649,3,Happy,V22_CORRECT_V21_WRONG,True,True,0.556836724281311,0.6159808039665222,2,False,-0.8160262107849121,3,True,1.5168802738189697,3,True,3.7565054893493652,3,True,3.398690938949585
private,1654,6,Neutral,V21_CORRECT_V22_WRONG,True,True,0.592201292514801,0.6650656461715698,6,True,1.2365572452545166,2,False,-0.0446627140045166,6,True,2.9329731464385986,6,True,2.4607133865356445
private,1662,4,Sad,V21_CORRECT_V22_WRONG,True,True,0.6763409972190857,0.3092639744281769,3,False,-0.42127251625061035,3,False,-0.7622535228729248,4,True,3.9852213859558105,4,True,4.379359245300293
private,1671,4,Sad,V21_CORRECT_V22_WRONG,True,True,0.46931517124176025,0.5306209921836853,2,False,-1.3461726903915405,0,False,-2.965611457824707,4,True,0.11251842975616455,4,True,0.5944184064865112
private,1673,2,Fear,V21_CORRECT_V22_WRONG,True,True,0.602837324142456,0.8428318500518799,0,False,-1.8752541542053223,0,False,-2.4737982749938965,2,True,0.06624376773834229,2,True,1.2781531810760498
private,1677,4,Sad,V21_CORRECT_V22_WRONG,True,True,0.6142843961715698,0.016404852271080017,3,False,-3.6400668621063232,3,False,-3.348970413208008,4,True,2.91697359085083,4,True,4.461795806884766
private,1680,0,Angry,V21_CORRECT_V22_WRONG,True,True,0.6031900644302368,0.8943920135498047,0,True,0.8195054531097412,0,True,3.674412965774536,0,True,1.7016328573226929,0,True,4.342462539672852
private,1688,0,Angry,V22_CORRECT_V21_WRONG,True,True,0.444487988948822,0.5272573232650757,1,False,-2.3473334312438965,2,False,-0.9863439798355103,0,True,2.1229231357574463,0,True,3.512608766555786
private,1691,0,Angry,V21_CORRECT_V22_WRONG,True,True,0.5543869137763977,0.4455937445163727,2,False,-1.7127690315246582,2,False,-0.6228389739990234,0,True,2.1977858543395996,0,True,4.197317600250244
private,1693,3,Happy,V21_CORRECT_V22_WRONG,True,True,0.6735731959342957,0.4309470057487488,4,False,-2.143040657043457,4,False,-3.77435564994812,3,True,1.3603851795196533,3,True,1.8783824443817139
private,1694,6,Neutral,V21_CORRECT_V22_WRONG,True,True,0.665188729763031,0.5922640562057495,4,False,-1.2611521482467651,0,False,-0.9877197742462158,6,True,2.778818130493164,6,True,2.9406676292419434
private,1702,2,Fear,V21_CORRECT_V22_WRONG,True,True,0.42952579259872437,0.5660462379455566,6,False,-1.2427209615707397,6,False,-2.5763745307922363,2,True,3.2986934185028076,2,True,0.829863429069519
private,1705,4,Sad,V21_CORRECT_V22_WRONG,True,True,0.6247299909591675,0.684918999671936,6,False,-2.3441834449768066,6,False,-1.369612216949463,4,True,0.01066124439239502,4,True,0.8942141532897949
private,1706,5,Surprise,V22_CORRECT_V21_WRONG,True,True,0.5316821336746216,0.597469687461853,0,False,-5.104911804199219,0,False,-3.255282163619995,2,False,-2.6959524154663086,5,True,0.9557100534439087
private,1710,6,Neutral,V22_CORRECT_V21_WRONG,True,True,0.40026700496673584,0.6540452241897583,0,False,-3.1515235900878906,2,False,-2.777111768722534,0,False,-1.5323710441589355,6,True,2.1936187744140625
private,1721,3,Happy,V22_CORRECT_V21_WRONG,True,True,0.6362154483795166,0.01630820706486702,4,False,-4.673058986663818,4,False,-4.042919158935547,3,True,2.8454902172088623,3,True,3.4078915119171143
private,1722,2,Fear,V22_CORRECT_V21_WRONG,True,True,0.46380603313446045,0.6954345107078552,0,False,-0.5045607089996338,0,False,-2.903730869293213,2,True,0.35346150398254395,2,True,1.2422281503677368
private,1730,0,Angry,V21_CORRECT_V22_WRONG,True,True,0.5410412549972534,0.3648730218410492,4,False,-0.7971775531768799,4,False,-0.978020429611206,0,True,3.4172582626342773,0,True,4.503994941711426
private,1734,4,Sad,V21_CORRECT_V22_WRONG,True,True,0.635369062423706,0.7821188569068909,6,False,-1.4300529956817627,4,True,1.8734300136566162,4,True,1.5491617918014526,4,True,3.7507543563842773
private,1737,3,Happy,V22_CORRECT_V21_WRONG,True,True,0.4451415538787842,0.1535385400056839,6,False,-3.3121097087860107,2,False,-1.9203821420669556,3,True,3.9986484050750732,3,True,3.8164939880371094
private,1746,3,Happy,V21_CORRECT_V22_WRONG,True,True,0.4971613883972168,0.6914158463478088,6,False,-1.0059401988983154,3,True,2.1078786849975586,3,True,0.06568372249603271,3,True,0.11015331745147705
private,1769,4,Sad,V21_CORRECT_V22_WRONG,True,True,0.6525682210922241,0.6022796034812927,6,False,-0.9750577211380005,6,False,-1.543502688407898,4,True,2.5135385990142822,4,True,3.4144768714904785
private,1771,0,Angry,V21_CORRECT_V22_WRONG,True,True,0.6199160814285278,0.6514075398445129,4,False,-1.7068439722061157,4,False,-1.68212890625,0,True,1.2871851921081543,0,True,0.7170675992965698
private,1775,1,Disgust,V22_CORRECT_V21_WRONG,True,True,0.5731133818626404,0.7086871266365051,0,False,-2.7108187675476074,0,False,-2.1487443447113037,0,False,-4.648766040802002,0,False,-0.771381139755249
private,1776,2,Fear,V22_CORRECT_V21_WRONG,True,True,0.7040584683418274,0.31577450037002563,4,False,-0.8814222812652588,4,False,-0.4123687744140625,6,False,-3.7039685249328613,2,True,0.7200860977172852
private,1778,4,Sad,V21_CORRECT_V22_WRONG,True,True,0.5953384637832642,0.6580264568328857,2,False,-0.30287909507751465,4,True,0.5333437919616699,4,True,0.6311863660812378,4,True,1.7717007398605347
private,1784,3,Happy,V21_CORRECT_V22_WRONG,True,True,0.761138916015625,0.7873824834823608,3,True,0.016149520874023438,3,True,1.82388436794281,3,True,3.831990957260132,3,True,4.4808149337768555
private,1791,4,Sad,V22_CORRECT_V21_WRONG,True,True,0.5813805460929871,0.5143405795097351,0,False,-4.115005970001221,0,False,-3.13602352142334,0,False,-0.9920299649238586,2,False,-0.25635993480682373
private,1792,4,Sad,V22_CORRECT_V21_WRONG,True,True,0.6215836405754089,0.4535435438156128,3,False,-2.434415340423584,3,False,-1.7105649709701538,4,True,1.827462077140808,4,True,2.037536144256592
private,1797,4,Sad,V21_CORRECT_V22_WRONG,True,True,0.5282551050186157,0.6622538566589355,2,False,-0.3685431480407715,4,True,1.2420743703842163,4,True,3.3080554008483887,4,True,1.6395153999328613
private,1805,6,Neutral,V22_CORRECT_V21_WRONG,True,True,0.4001813530921936,0.3320559859275818,0,False,-2.4848268032073975,2,False,-0.3124123215675354,6,True,0.4232325553894043,6,True,1.8721623420715332
private,1817,0,Angry,V21_CORRECT_V22_WRONG,True,True,0.471782922744751,0.6397929191589355,2,False,-0.10969245433807373,0,True,0.6656908988952637,0,True,0.14775347709655762,0,True,0.17691922187805176
private,1819,2,Fear,V21_CORRECT_V22_WRONG,True,True,0.5204336643218994,0.7832252979278564,6,False,-1.3281725645065308,6,False,-1.7416468858718872,2,True,1.3518338203430176,2,True,1.2502822875976562
private,1822,2,Fear,V22_CORRECT_V21_WRONG,True,True,0.616665780544281,0.6777849197387695,4,False,-1.6887948513031006,4,False,-2.2109153270721436,4,False,-3.7997095584869385,2,True,1.4647505283355713
private,1831,3,Happy,V22_CORRECT_V21_WRONG,True,True,0.4051421284675598,0.6677608489990234,0,False,-3.0905442237854004,4,False,-3.6031370162963867,0,False,-2.216071128845215,3,True,1.5979328155517578
private,1839,4,Sad,V21_CORRECT_V22_WRONG,True,True,0.43990716338157654,0.6216335892677307,0,False,-1.197106122970581,4,True,0.15762019157409668,4,True,0.04365551471710205,4,True,0.20360946655273438
private,1844,0,Angry,V22_CORRECT_V21_WRONG,True,True,0.5466263294219971,0.7224714756011963,4,False,-1.6269997358322144,4,False,-0.8668760061264038,0,True,0.19357800483703613,4,False,-0.9016268253326416
private,1849,6,Neutral,V22_CORRECT_V21_WRONG,True,True,0.6485387086868286,0.771793782711029,3,False,-0.3243980407714844,6,True,0.7728338241577148,6,True,2.4532861709594727,6,True,3.4145736694335938
private,1853,0,Angry,V21_CORRECT_V22_WRONG,True,True,0.5477151274681091,0.688292920589447,2,False,-2.809401273727417,0,True,1.0085090398788452,0,True,1.4794447422027588,0,True,1.7087838649749756
private,1866,4,Sad,V22_CORRECT_V21_WRONG,True,True,0.49013176560401917,0.6088757514953613,2,False,-2.528225898742676,2,False,-1.7956161499023438,4,True,1.5415234565734863,4,True,1.557522177696228
private,1890,3,Happy,V21_CORRECT_V22_WRONG,True,True,0.7278009653091431,0.5434739589691162,0,False,-2.3080356121063232,0,False,-1.8770431280136108,3,True,3.2717206478118896,3,True,3.262644052505493
private,1894,4,Sad,V21_CORRECT_V22_WRONG,True,True,0.5292741656303406,0.5287051200866699,2,False,-1.7134947776794434,2,False,-2.181959629058838,4,True,0.8106667995452881,4,True,1.9468070268630981
private,1905,3,Happy,V21_CORRECT_V22_WRONG,True,True,0.7035764455795288,0.6807167530059814,0,False,-2.11714506149292,0,False,-4.297683238983154,3,True,3.252887725830078,3,True,1.7026076316833496
private,1908,3,Happy,V21_CORRECT_V22_WRONG,True,True,0.7053346633911133,0.6492589712142944,6,False,-1.3015480041503906,3,True,0.17994284629821777,3,True,2.996722459793091,3,True,4.043126106262207
private,1919,2,Fear,V22_CORRECT_V21_WRONG,True,True,0.6482300758361816,0.8116487860679626,0,False,-3.0299453735351562,0,False,-1.0033249855041504,2,True,0.91538405418396,2,True,1.2131311893463135
private,1926,4,Sad,V22_CORRECT_V21_WRONG,True,True,0.4549235701560974,0.529093325138092,6,False,-1.2355979681015015,6,False,-3.11824893951416,4,True,2.1838583946228027,4,True,1.79939603805542
private,1929,5,Surprise,V22_CORRECT_V21_WRONG,True,True,0.48036912083625793,0.43368878960609436,0,False,-3.076399803161621,0,False,-0.21699738502502441,5,True,1.8341470956802368,5,True,2.920830011367798
private,1931,5,Surprise,V22_CORRECT_V21_WRONG,True,True,0.5167999863624573,0.4795106053352356,2,False,-2.8421993255615234,5,True,0.767638087272644,5,True,2.800529956817627,5,True,1.2884409427642822
private,1938,2,Fear,V21_CORRECT_V22_WRONG,True,True,0.593538761138916,0.8755196332931519,0,False,-0.6219484806060791,0,False,-0.8753515481948853,0,False,-0.4543522596359253,2,True,0.09406018257141113
private,1942,0,Angry,V22_CORRECT_V21_WRONG,True,True,0.4595920443534851,0.7565910816192627,2,False,-2.666438102722168,2,False,-1.9475376605987549,2,False,-0.4930686950683594,0,True,1.1448538303375244
private,1943,2,Fear,V22_CORRECT_V21_WRONG,True,True,0.5569589734077454,0.3787778913974762,4,False,-0.6363227367401123,2,True,0.5229240655899048,2,True,0.7837079763412476,2,True,1.55943763256073
private,1944,4,Sad,V22_CORRECT_V21_WRONG,True,True,0.4620423913002014,0.6202601194381714,6,False,-0.4637463092803955,4,True,1.2129597663879395,4,True,2.9475505352020264,4,True,2.307302713394165
private,1948,4,Sad,V22_CORRECT_V21_WRONG,True,True,0.4079776108264923,0.43133896589279175,0,False,-2.821469306945801,0,False,-2.839855194091797,4,True,0.710605263710022,4,True,1.0108963251113892
private,1951,2,Fear,V21_CORRECT_V22_WRONG,True,True,0.5645942687988281,0.7024679780006409,0,False,-1.8836063146591187,0,False,-0.9219965934753418,2,True,0.5474514961242676,2,True,2.930759906768799
private,1963,6,Neutral,V21_CORRECT_V22_WRONG,True,True,0.6090756058692932,0.6716557741165161,6,True,0.5921664237976074,0,False,-1.8791141510009766,6,True,1.4431777000427246,6,True,0.8324447870254517
private,1980,6,Neutral,V21_CORRECT_V22_WRONG,True,True,0.6718876361846924,0.8214490413665771,3,False,-0.6254817247390747,3,False,-2.32053804397583,6,True,1.2961862087249756,6,True,0.7743760347366333
private,1984,3,Happy,V21_CORRECT_V22_WRONG,True,True,0.7185874581336975,0.1326320469379425,4,False,-4.445840358734131,4,False,-4.559218406677246,3,True,4.207208633422852,3,True,4.565164089202881
private,1992,2,Fear,V22_CORRECT_V21_WRONG,True,True,0.48805269598960876,0.2159183919429779,1,False,-4.138058662414551,2,True,2.021327018737793,2,True,3.452700614929199,2,True,2.747293472290039
private,1994,6,Neutral,V22_CORRECT_V21_WRONG,True,True,0.5268076658248901,0.4673891067504883,2,False,-4.1689629554748535,2,False,-3.3284847736358643,6,True,1.5066337585449219,6,True,1.9991132020950317
private,1996,3,Happy,V22_CORRECT_V21_WRONG,True,True,0.451515257358551,0.5575488805770874,0,False,-2.7717089653015137,3,True,1.0273792743682861,3,True,2.7032382488250732,3,True,3.3594248294830322
private,2001,6,Neutral,V22_CORRECT_V21_WRONG,True,True,0.5993363857269287,0.6661660671234131,4,False,-1.1926125288009644,4,False,-0.9696388244628906,6,True,1.4311153888702393,6,True,2.4904699325561523
private,2012,2,Fear,V22_CORRECT_V21_WRONG,True,True,0.33085376024246216,0.3646559715270996,0,False,-2.789917469024658,6,False,-0.321666955947876,2,True,1.074461579322815,2,True,0.8076057434082031
private,2016,4,Sad,V22_CORRECT_V21_WRONG,True,True,0.5913915038108826,0.5905724763870239,2,False,-2.631974458694458,2,False,-0.416390061378479,4,True,1.7905675172805786,4,True,1.6523398160934448
private,2021,4,Sad,V22_CORRECT_V21_WRONG,True,True,0.6062321066856384,0.7623090744018555,2,False,-0.5237189531326294,2,False,-0.6623392105102539,4,True,1.9970650672912598,4,True,1.5146701335906982
private,2024,6,Neutral,V22_CORRECT_V21_WRONG,True,True,0.4526364207267761,0.3216845393180847,4,False,-4.18155574798584,4,False,-2.3969297409057617,3,False,-1.305113673210144,6,True,1.6847591400146484
private,2026,6,Neutral,V21_CORRECT_V22_WRONG,True,True,0.6615844368934631,0.18094220757484436,0,False,-4.014922142028809,0,False,-6.0069990158081055,6,True,3.772399663925171,6,True,3.1358823776245117
private,2029,2,Fear,V21_CORRECT_V22_WRONG,True,True,0.5662166476249695,0.5126370787620544,6,False,-0.3846702575683594,4,False,-0.8777433633804321,2,True,2.333292007446289,2,True,2.5274875164031982
private,2043,4,Sad,V21_CORRECT_V22_WRONG,True,True,0.6664201021194458,0.7399807572364807,6,False,-1.6355946063995361,6,False,-2.2883169651031494,6,False,-1.468672752380371,4,True,0.08462953567504883
private,2044,6,Neutral,V22_CORRECT_V21_WRONG,True,True,0.5593641996383667,0.39517468214035034,2,False,-4.966982364654541,2,False,-4.783710956573486,6,True,2.6626033782958984,6,True,2.2155203819274902
private,2045,6,Neutral,V22_CORRECT_V21_WRONG,True,True,0.5906478762626648,0.5634856820106506,3,False,-2.129321575164795,3,False,-0.9407930374145508,6,True,0.9251956939697266,6,True,3.2948131561279297
private,2048,6,Neutral,V22_CORRECT_V21_WRONG,True,True,0.7513337135314941,0.6943755149841309,3,False,-4.339145183563232,3,False,-3.8219456672668457,3,False,-0.5774879455566406,6,True,0.47703003883361816
private,2073,2,Fear,V22_CORRECT_V21_WRONG,True,True,0.6581747531890869,0.9149391651153564,4,False,-1.9681416749954224,4,False,-0.386319637298584,4,False,-1.8295114040374756,2,True,0.6125521659851074
private,2078,2,Fear,V22_CORRECT_V21_WRONG,True,True,0.40076014399528503,0.45560184121131897,6,False,-3.066990852355957,2,True,0.03587758541107178,4,False,-2.4641473293304443,2,True,2.055483818054199
private,2092,4,Sad,V22_CORRECT_V21_WRONG,False,False,0.6185038089752197,0.724834680557251,2,False,-1.1853820085525513,2,False,-0.15036320686340332,4,True,3.001547336578369,4,True,0.5043528079986572
private,2094,3,Happy,V22_CORRECT_V21_WRONG,True,True,0.45930999517440796,0.158921480178833,2,False,-4.256374835968018,2,False,-3.0733842849731445,3,True,4.274061679840088,3,True,4.57071590423584
private,2096,3,Happy,V22_CORRECT_V21_WRONG,True,True,0.7225370407104492,0.2429855316877365,6,False,-3.767979860305786,6,False,-3.4388327598571777,3,True,3.705597400665283,3,True,3.586846113204956
private,2100,0,Angry,V22_CORRECT_V21_WRONG,True,True,0.585101842880249,0.44529324769973755,6,False,-0.7954088449478149,6,False,-1.7337040901184082,0,True,2.864858865737915,0,True,1.4715838432312012
private,2128,6,Neutral,V21_CORRECT_V22_WRONG,True,True,0.6534465551376343,0.26397860050201416,4,False,-3.2435221672058105,4,False,-1.653079867362976,6,True,2.2222461700439453,6,True,3.3919243812561035
private,2138,3,Happy,V21_CORRECT_V22_WRONG,True,True,0.3675748109817505,0.43121522665023804,3,True,0.8610411882400513,0,False,-3.516859531402588,3,True,0.06367909908294678,3,True,0.5999784469604492
private,2140,4,Sad,V22_CORRECT_V21_WRONG,True,True,0.5217999815940857,0.6991878151893616,0,False,-2.084444999694824,2,False,-0.3750028610229492,4,True,1.4528553485870361,4,True,3.313323497772217
private,2146,4,Sad,V22_CORRECT_V21_WRONG,True,True,0.4765280783176422,0.48520898818969727,0,False,-4.084874153137207,0,False,-2.5706398487091064,4,True,0.010441303253173828,4,True,1.8046274185180664
private,2149,3,Happy,V22_CORRECT_V21_WRONG,True,True,0.5458077192306519,0.2391687035560608,0,False,-5.3780517578125,0,False,-1.4007413387298584,3,True,4.530324459075928,3,True,3.673114538192749
private,2150,0,Angry,V21_CORRECT_V22_WRONG,True,False,0.6197829246520996,0.6951173543930054,4,False,-3.9873011112213135,4,False,-3.7109155654907227,4,False,-0.9129590392112732,0,True,0.17943859100341797
private,2169,0,Angry,V22_CORRECT_V21_WRONG,True,True,0.6056891679763794,0.6426670551300049,4,False,-0.5959780216217041,4,False,-0.5701631307601929,0,True,0.04525959491729736,0,True,0.6558572053909302
private,2172,0,Angry,V21_CORRECT_V22_WRONG,True,True,0.4707893133163452,0.5205637812614441,6,False,-2.4994523525238037,3,False,-1.9020090103149414,4,False,-0.8973082900047302,0,True,1.5338666439056396
private,2179,4,Sad,V21_CORRECT_V22_WRONG,True,True,0.6094382405281067,0.7686729431152344,4,True,0.8278634548187256,4,True,1.3255215883255005,4,True,1.517333745956421,4,True,2.239406108856201
private,2183,6,Neutral,V21_CORRECT_V22_WRONG,True,True,0.5835013389587402,0.3424755930900574,4,False,-1.5734533071517944,0,False,-2.530139923095703,6,True,2.6704182624816895,6,True,3.6789159774780273
private,2186,4,Sad,V22_CORRECT_V21_WRONG,True,True,0.6107531785964966,0.4649099111557007,6,False,-0.6598374843597412,4,True,0.33079707622528076,4,True,3.8849008083343506,4,True,1.8654508590698242
private,2190,6,Neutral,V21_CORRECT_V22_WRONG,True,True,0.643425703048706,0.4827607572078705,4,False,-2.8606319427490234,4,False,-2.1719377040863037,6,True,0.34724247455596924,6,True,1.8163199424743652
private,2193,6,Neutral,V21_CORRECT_V22_WRONG,True,True,0.7011111974716187,0.3287559747695923,4,False,-4.424105644226074,4,False,-2.869499444961548,6,True,2.3708224296569824,6,True,3.104524850845337
private,2195,5,Surprise,V21_CORRECT_V22_WRONG,True,True,0.5913730263710022,0.6744199991226196,3,False,-1.5266116857528687,3,False,-2.701068878173828,5,True,1.372654676437378,5,True,1.7967467308044434
private,2196,2,Fear,V22_CORRECT_V21_WRONG,False,False,0.6766417622566223,0.8020085692405701,0,False,-0.013696908950805664,0,False,-1.3646349906921387,0,False,-0.8150112628936768,2,True,0.22185802459716797
private,2197,4,Sad,V22_CORRECT_V21_WRONG,True,True,0.5955387353897095,0.34927719831466675,2,False,-5.573548316955566,2,False,-4.558070182800293,2,False,-0.8613839149475098,2,False,-0.01772451400756836
private,2198,5,Surprise,V21_CORRECT_V22_WRONG,True,True,0.5860852003097534,0.633599579334259,2,False,-3.309873104095459,2,False,-2.8336243629455566,5,True,0.9292339086532593,5,True,1.875490427017212
private,2207,1,Disgust,V21_CORRECT_V22_WRONG,True,False,0.3793506622314453,0.3595455586910248,0,False,-2.328975200653076,0,False,-2.936182975769043,4,False,-4.250330924987793,1,True,2.1994240283966064
private,2213,3,Happy,V21_CORRECT_V22_WRONG,True,True,0.746587872505188,0.8234574794769287,6,False,-0.16305780410766602,3,True,1.3090506792068481,3,True,2.333554267883301,3,True,3.0415990352630615
private,2221,1,Disgust,V22_CORRECT_V21_WRONG,True,False,0.6483751535415649,0.6132687330245972,0,False,-4.40411376953125,0,False,-4.54747200012207,0,False,-4.588077545166016,0,False,-1.921399474143982
private,2232,6,Neutral,V22_CORRECT_V21_WRONG,True,True,0.5942153930664062,0.6511234045028687,0,False,-2.0778307914733887,4,False,-1.7534704208374023,0,False,-0.5526173114776611,6,True,1.291629433631897
private,2233,3,Happy,V22_CORRECT_V21_WRONG,True,True,0.4377358853816986,0.6773198843002319,5,False,-2.311882495880127,5,False,-1.1134575605392456,3,True,0.8253662586212158,3,True,0.49020957946777344
private,2238,5,Surprise,V22_CORRECT_V21_WRONG,True,True,0.5167486667633057,0.6425656080245972,2,False,-0.8512859344482422,2,False,-0.42333555221557617,5,True,2.2137258052825928,5,True,0.7145358324050903
private,2246,0,Angry,V21_CORRECT_V22_WRONG,True,True,0.47757038474082947,0.6612651348114014,2,False,-1.813394546508789,4,False,-0.614051342010498,0,True,1.9037925004959106,0,True,0.043099164962768555
private,2248,5,Surprise,V22_CORRECT_V21_WRONG,True,True,0.6187523603439331,0.7805847525596619,2,False,-1.039461612701416,2,False,-0.28674936294555664,5,True,1.4158172607421875,5,True,1.004733920097351
private,2249,4,Sad,V22_CORRECT_V21_WRONG,True,True,0.43598902225494385,0.40305274724960327,2,False,-2.1856417655944824,4,True,0.37038373947143555,4,True,3.7276718616485596,4,True,1.9630523920059204
private,2260,6,Neutral,V22_CORRECT_V21_WRONG,True,True,0.6268531084060669,0.6521475315093994,4,False,-0.06905686855316162,4,False,-0.6121616363525391,2,False,-1.155853509902954,2,False,-0.09709930419921875
private,2265,6,Neutral,V22_CORRECT_V21_WRONG,True,True,0.5380210876464844,0.6808229088783264,4,False,-1.9663220643997192,4,False,-2.7376251220703125,6,True,1.9602813720703125,6,True,2.1126885414123535
private,2272,6,Neutral,V21_CORRECT_V22_WRONG,True,True,0.7289283275604248,0.7561719417572021,4,False,-0.8896322250366211,4,False,-1.1663875579833984,6,True,0.946200966835022,6,True,1.3892154693603516
private,2275,2,Fear,V21_CORRECT_V22_WRONG,True,True,0.6696678400039673,0.8693935871124268,2,True,0.16542339324951172,2,True,0.8447732925415039,2,True,2.1512880325317383,2,True,3.202471971511841
private,2277,4,Sad,V22_CORRECT_V21_WRONG,True,True,0.3971855640411377,0.3480786979198456,2,False,-3.09830379486084,0,False,-2.2236123085021973,4,True,1.4973597526550293,4,True,2.938338041305542
private,2286,2,Fear,V22_CORRECT_V21_WRONG,True,True,0.5690696239471436,0.6635555028915405,4,False,-0.06349039077758789,2,True,1.852021336555481,2,True,3.1307754516601562,2,True,1.7375845909118652
private,2287,3,Happy,V21_CORRECT_V22_WRONG,True,True,0.7353672385215759,0.3777616620063782,0,False,-2.098050832748413,0,False,-3.4660871028900146,3,True,4.395583629608154,3,True,4.657932281494141
private,2288,6,Neutral,V22_CORRECT_V21_WRONG,True,True,0.5733271837234497,0.7617121934890747,4,False,-0.7069348096847534,2,False,-1.140025019645691,4,False,-1.0219883918762207,4,False,-0.1658538579940796
private,2296,2,Fear,V22_CORRECT_V21_WRONG,True,True,0.4328690469264984,0.3604569733142853,0,False,-2.0884249210357666,3,False,-1.1139531135559082,2,True,0.5214173793792725,2,True,1.6948599815368652
private,2297,6,Neutral,V22_CORRECT_V21_WRONG,True,True,0.6303455829620361,0.8977657556533813,4,False,-0.8253272771835327,4,False,-1.0971226692199707,6,True,0.3209400177001953,6,True,1.039409875869751
private,2307,4,Sad,V21_CORRECT_V22_WRONG,True,True,0.5203383564949036,0.6769755482673645,4,True,0.7337721586227417,0,False,-0.23507654666900635,4,True,1.260040521621704,4,True,0.20364904403686523
private,2316,3,Happy,V21_CORRECT_V22_WRONG,True,True,0.5502293705940247,0.6956456899642944,6,False,-1.2176156044006348,3,True,0.9803166389465332,3,True,0.984846830368042,3,True,2.5102996826171875
private,2342,2,Fear,V22_CORRECT_V21_WRONG,True,True,0.7019907832145691,0.17078229784965515,3,False,-4.123093128204346,5,False,-3.305863618850708,2,True,3.681427240371704,2,True,3.0990681648254395
private,2343,2,Fear,V22_CORRECT_V21_WRONG,True,True,0.608266294002533,0.554161548614502,5,False,-0.32430970668792725,5,False,-0.39109599590301514,2,True,1.5138591527938843,2,True,1.1250436305999756
private,2362,2,Fear,V21_CORRECT_V22_WRONG,True,True,0.5203540325164795,0.511169970035553,4,False,-3.0225863456726074,4,False,-3.3271167278289795,2,True,1.1069295406341553,2,True,2.8443856239318848
private,2379,4,Sad,V22_CORRECT_V21_WRONG,True,True,0.5770531892776489,0.5464861392974854,0,False,-1.527652621269226,0,False,-2.6066744327545166,4,True,2.2898428440093994,4,True,1.2443113327026367
private,2381,4,Sad,V21_CORRECT_V22_WRONG,True,True,0.48678141832351685,0.5945174694061279,2,False,-1.0373176336288452,2,False,-1.814378261566162,4,True,1.1977509260177612,4,True,1.368438959121704
private,2385,3,Happy,V22_CORRECT_V21_WRONG,True,True,0.6501765847206116,0.6208187341690063,5,False,-1.1075925827026367,5,False,-1.3749728202819824,3,True,3.8767969608306885,3,True,3.6237545013427734
private,2388,0,Angry,V21_CORRECT_V22_WRONG,True,True,0.5806668996810913,0.7361586689949036,4,False,-1.5665245056152344,0,True,0.5690405368804932,0,True,1.9096204042434692,0,True,4.485957622528076
private,2390,3,Happy,V21_CORRECT_V22_WRONG,True,True,0.6271957755088806,0.711374044418335,5,False,-0.5281970500946045,3,True,2.715414524078369,5,False,-0.11477327346801758,3,True,0.7545971870422363
private,2399,6,Neutral,V22_CORRECT_V21_WRONG,True,True,0.6147786378860474,0.049629561603069305,2,False,-3.2334299087524414,2,False,-2.8579912185668945,6,True,0.16435837745666504,6,True,1.6441618204116821
private,2415,2,Fear,V21_CORRECT_V22_WRONG,True,True,0.5707749724388123,0.5425019264221191,0,False,-1.0369105339050293,0,False,-3.2707712650299072,2,True,1.0379456281661987,2,True,0.41751861572265625
private,2424,5,Surprise,V22_CORRECT_V21_WRONG,True,True,0.3665534257888794,0.40716466307640076,3,False,-0.8473846912384033,2,False,-0.5388643741607666,5,True,1.413561463356018,5,True,2.0947632789611816
private,2425,2,Fear,V22_CORRECT_V21_WRONG,True,True,0.4358377754688263,0.4706903100013733,5,False,-0.3738943338394165,2,True,2.068185329437256,2,True,3.228919506072998,2,True,2.395139455795288
private,2427,5,Surprise,V22_CORRECT_V21_WRONG,True,True,0.6630814075469971,0.7290185689926147,2,False,-1.990851640701294,2,False,-0.10164403915405273,5,True,2.9502577781677246,5,True,2.31233549118042
private,2428,4,Sad,V21_CORRECT_V22_WRONG,True,True,0.5731602907180786,0.218303844332695,6,False,-2.1150503158569336,0,False,-0.8229129910469055,4,True,1.3590494394302368,4,True,2.866292953491211
private,2432,2,Fear,V21_CORRECT_V22_WRONG,True,True,0.5017575025558472,0.6283988952636719,5,False,-0.9763584136962891,5,False,-2.0344629287719727,3,False,-1.0996980667114258,2,True,0.4801936149597168
private,2442,0,Angry,V21_CORRECT_V22_WRONG,True,True,0.6670070290565491,0.717549204826355,4,False,-2.959975481033325,4,False,-1.8258674144744873,4,False,-0.1431877613067627,0,True,0.4415709972381592
private,2451,0,Angry,V21_CORRECT_V22_WRONG,True,True,0.5540366172790527,0.7008947730064392,2,False,-2.1591908931732178,2,False,-0.9055173993110657,2,False,-2.013979911804199,0,True,0.4650005102157593
private,2454,6,Neutral,V21_CORRECT_V22_WRONG,True,True,0.6857584714889526,0.5654209852218628,4,False,-5.032617092132568,4,False,-3.970245361328125,2,False,-0.36108946800231934,6,True,0.9903982877731323
private,2464,2,Fear,V22_CORRECT_V21_WRONG,True,True,0.6055933237075806,0.2935698926448822,4,False,-3.8823611736297607,4,False,-1.8005496263504028,2,True,1.295960545539856,2,True,0.7197461128234863
private,2469,2,Fear,V21_CORRECT_V22_WRONG,True,True,0.6482461094856262,0.8665562868118286,5,False,-2.032074451446533,5,False,-1.269322156906128,5,False,-0.32359766960144043,2,True,0.9475386142730713
private,2471,6,Neutral,V21_CORRECT_V22_WRONG,True,True,0.7066811919212341,0.2206966131925583,4,False,-2.490894317626953,4,False,-4.0114426612854,6,True,3.2765371799468994,6,True,3.7419357299804688
private,2474,3,Happy,V22_CORRECT_V21_WRONG,True,True,0.6432350873947144,0.7048801183700562,6,False,-0.7290220260620117,6,False,-0.9409818649291992,3,True,4.080772876739502,3,True,3.994645357131958
private,2479,5,Surprise,V21_CORRECT_V22_WRONG,True,True,0.6755397319793701,0.7480818629264832,2,False,-0.529883861541748,2,False,-0.7876815795898438,5,True,1.9694819450378418,5,True,3.485382556915283
private,2484,4,Sad,V22_CORRECT_V21_WRONG,True,True,0.5692307949066162,0.20909690856933594,0,False,-3.600338935852051,2,False,-3.1255805492401123,4,True,2.1497182846069336,4,True,2.2761268615722656
private,2490,4,Sad,V22_CORRECT_V21_WRONG,True,True,0.5198867321014404,0.15538451075553894,3,False,-4.75550651550293,3,False,-2.723367214202881,4,True,3.8577983379364014,4,True,1.379290223121643
private,2491,4,Sad,V21_CORRECT_V22_WRONG,True,True,0.6213966608047485,0.8498364090919495,4,True,0.1517648696899414,4,True,2.5969111919403076,2,False,-0.612703800201416,4,True,1.2260582447052002
private,2521,3,Happy,V22_CORRECT_V21_WRONG,True,True,0.4667230248451233,0.4975597560405731,0,False,-0.22965335845947266,3,True,0.18972694873809814,3,True,1.3223233222961426,3,True,3.7831358909606934
private,2525,4,Sad,V21_CORRECT_V22_WRONG,True,True,0.5739860534667969,0.6170667409896851,4,True,0.0971224308013916,4,True,3.2918882369995117,4,True,1.8025754690170288,4,True,1.3480918407440186
private,2532,0,Angry,V21_CORRECT_V22_WRONG,True,True,0.3719393014907837,0.5933331847190857,4,False,-1.816813588142395,0,True,0.45665526390075684,6,False,-1.0260083675384521,0,True,0.4633580446243286
private,2533,6,Neutral,V21_CORRECT_V22_WRONG,True,True,0.47541168332099915,0.4364786148071289,2,False,-2.2091052532196045,2,False,-1.9208954572677612,6,True,1.1867045164108276,6,True,2.328364372253418
private,2536,4,Sad,V22_CORRECT_V21_WRONG,True,True,0.5914435386657715,0.7232757210731506,2,False,-3.2583038806915283,2,False,-2.831078052520752,2,False,-0.3926715850830078,4,True,2.0340490341186523
private,2540,4,Sad,V22_CORRECT_V21_WRONG,True,True,0.5359063148498535,0.4016854763031006,5,False,-0.8870011568069458,5,False,-1.9081456661224365,4,True,3.0682740211486816,4,True,3.735304355621338
private,2544,0,Angry,V22_CORRECT_V21_WRONG,True,True,0.5846400260925293,0.8317900896072388,4,False,-3.4205050468444824,4,False,-2.276172399520874,4,False,-1.7198474407196045,4,False,-1.2000329494476318
private,2553,6,Neutral,V21_CORRECT_V22_WRONG,True,True,0.6646226644515991,0.503699004650116,6,True,0.0682218074798584,0,False,-1.1363452672958374,6,True,2.094029426574707,6,True,3.8369054794311523
private,2556,6,Neutral,V21_CORRECT_V22_WRONG,True,True,0.6622821092605591,0.6153562068939209,4,False,-2.4278037548065186,4,False,-1.037451148033142,4,False,-0.12515926361083984,6,True,0.1245732307434082
private,2558,6,Neutral,V21_CORRECT_V22_WRONG,True,True,0.5961178541183472,0.556288480758667,4,False,-0.8629083633422852,4,False,-1.6778080463409424,6,True,1.1472232341766357,6,True,2.8090031147003174
private,2571,0,Angry,V22_CORRECT_V21_WRONG,True,True,0.7226774096488953,0.5111669898033142,3,False,-4.131092071533203,3,False,-4.573811054229736,0,True,2.527265787124634,3,False,-0.6904278993606567
private,2575,4,Sad,V21_CORRECT_V22_WRONG,True,True,0.6431424021720886,0.5747044086456299,6,False,-0.7960119247436523,4,True,0.06964123249053955,4,True,1.7413568496704102,4,True,2.457005500793457
private,2587,6,Neutral,V22_CORRECT_V21_WRONG,True,True,0.5029289722442627,0.4866555333137512,0,False,-3.1874074935913086,4,False,-2.7118964195251465,6,True,2.463141918182373,6,True,3.980801820755005
private,2589,0,Angry,V22_CORRECT_V21_WRONG,True,True,0.5436670780181885,0.5532099604606628,2,False,-4.5517730712890625,2,False,-2.752551317214966,0,True,0.4972120523452759,2,False,-0.001373291015625
private,2595,3,Happy,V21_CORRECT_V22_WRONG,True,True,0.7095749378204346,0.9098939299583435,5,False,-0.48953962326049805,3,True,0.3070206642150879,3,True,0.7068703174591064,3,True,1.3537988662719727
private,2598,0,Angry,V22_CORRECT_V21_WRONG,True,True,0.5242892503738403,0.6911764740943909,6,False,-1.3858296871185303,4,False,-3.0715575218200684,2,False,-0.12690693140029907,6,False,-0.88560950756073
private,2601,4,Sad,V22_CORRECT_V21_WRONG,True,True,0.416689932346344,0.3916926383972168,6,False,-0.0841134786605835,4,True,2.0023646354675293,4,True,4.21921968460083,4,True,4.275160312652588
private,2608,6,Neutral,V21_CORRECT_V22_WRONG,True,True,0.5967649221420288,0.4511394500732422,2,False,-2.2413170337677,2,False,-2.5510427951812744,6,True,2.0090067386627197,6,True,1.697218418121338
private,2615,4,Sad,V21_CORRECT_V22_WRONG,True,True,0.5747227668762207,0.6175811290740967,4,True,1.3407642841339111,4,True,1.1305687427520752,4,True,2.430743932723999,4,True,3.981717586517334
private,2618,5,Surprise,V21_CORRECT_V22_WRONG,True,True,0.5162067413330078,0.730065643787384,2,False,-0.5521966218948364,5,True,0.46778345108032227,5,True,1.8863922357559204,5,True,1.5185445547103882
private,2632,6,Neutral,V22_CORRECT_V21_WRONG,True,True,0.5282129049301147,0.7669435739517212,4,False,-1.7484005689620972,2,False,-2.03067684173584,4,False,-0.5873997211456299,6,True,0.40477848052978516
private,2636,3,Happy,V21_CORRECT_V22_WRONG,True,True,0.575325071811676,0.43649402260780334,6,False,-4.068706035614014,6,False,-2.5775797367095947,3,True,1.3154047727584839,3,True,2.0921452045440674
private,2642,4,Sad,V22_CORRECT_V21_WRONG,True,True,0.5331373810768127,0.7050926089286804,0,False,-0.7356302738189697,4,True,1.4031254053115845,4,True,1.6858186721801758,4,True,1.409404993057251
private,2644,4,Sad,V21_CORRECT_V22_WRONG,True,True,0.5564182996749878,0.7128304243087769,6,False,-1.6616852283477783,6,False,-0.8132710456848145,2,False,-0.50504469871521,4,True,1.0381324291229248
private,2656,3,Happy,V21_CORRECT_V22_WRONG,True,True,0.5155540108680725,0.3992408215999603,3,True,0.26267147064208984,0,False,-2.101938486099243,4,False,-0.7495317459106445,3,True,2.7984330654144287
private,2657,0,Angry,V22_CORRECT_V21_WRONG,True,True,0.6456553936004639,0.668921172618866,4,False,-1.851171851158142,4,False,-2.3513011932373047,0,True,2.171107053756714,0,True,0.18913531303405762
private,2662,0,Angry,V21_CORRECT_V22_WRONG,True,True,0.2770247459411621,0.5898605585098267,4,False,-0.6723772287368774,0,True,2.4508721828460693,2,False,-3.038194179534912,0,True,3.52895188331604
private,2673,4,Sad,V22_CORRECT_V21_WRONG,True,True,0.5653376579284668,0.49668779969215393,0,False,-0.25580739974975586,4,True,1.2274420261383057,4,True,1.1324419975280762,4,True,1.1442222595214844
private,2679,6,Neutral,V22_CORRECT_V21_WRONG,True,True,0.7071915864944458,0.8123501539230347,3,False,-0.9252431392669678,3,False,-1.0670615434646606,6,True,1.631134033203125,6,True,3.5136947631835938
private,2682,6,Neutral,V22_CORRECT_V21_WRONG,True,True,0.6558284759521484,0.7599310874938965,4,False,-0.3718678951263428,4,False,-2.2418642044067383,6,True,2.5160393714904785,6,True,2.0069081783294678
private,2689,5,Surprise,V21_CORRECT_V22_WRONG,True,True,0.6710785627365112,0.30046308040618896,2,False,-3.893799066543579,2,False,-3.438899517059326,5,True,1.3908920288085938,5,True,2.8774795532226562
private,2693,4,Sad,V21_CORRECT_V22_WRONG,True,True,0.5612758994102478,0.7350980043411255,2,False,-1.1260268688201904,4,True,2.2954261302948,0,False,-1.122499942779541,4,True,0.4920614957809448
private,2697,3,Happy,V22_CORRECT_V21_WRONG,True,True,0.4839438498020172,0.4908899962902069,0,False,-3.954376459121704,6,False,-1.1204627752304077,3,True,0.7263057231903076,3,True,2.9281411170959473
private,2699,2,Fear,V22_CORRECT_V21_WRONG,True,True,0.6927518844604492,0.8985922336578369,5,False,-1.5796173810958862,5,False,-0.8563253879547119,2,True,0.5717434883117676,2,True,0.38411152362823486
private,2701,3,Happy,V22_CORRECT_V21_WRONG,True,True,0.6814131736755371,0.6295952796936035,0,False,-4.793734073638916,0,False,-3.732027530670166,0,False,-3.0874953269958496,0,False,-0.7106502652168274
private,2706,6,Neutral,V21_CORRECT_V22_WRONG,True,True,0.6456295251846313,0.590920090675354,4,False,-2.7169666290283203,4,False,-3.5341761112213135,4,False,-0.797279953956604,6,True,0.07942724227905273
private,2711,0,Angry,V22_CORRECT_V21_WRONG,True,True,0.5312449336051941,0.298160195350647,4,False,-2.9614875316619873,2,False,-2.5734012126922607,0,True,2.538719654083252,0,True,2.022146224975586
private,2718,3,Happy,V21_CORRECT_V22_WRONG,True,True,0.7226208448410034,0.0044368780218064785,2,False,-2.7279579639434814,2,False,-4.852316379547119,3,True,3.631315231323242,3,True,4.469843864440918
private,2727,6,Neutral,V22_CORRECT_V21_WRONG,True,True,0.5109034776687622,0.5055696368217468,4,False,-2.8191277980804443,4,False,-4.056732177734375,6,True,0.28122615814208984,4,False,-0.29492616653442383
private,2742,0,Angry,V22_CORRECT_V21_WRONG,True,True,0.6322805285453796,0.8594653010368347,2,False,-0.6228874921798706,0,True,1.079333782196045,0,True,1.1369554996490479,0,True,1.5918079614639282
private,2752,3,Happy,V21_CORRECT_V22_WRONG,True,False,0.5698550343513489,0.6262868046760559,6,False,-2.707291841506958,6,False,-0.3454807996749878,3,True,0.48979246616363525,3,True,3.5801916122436523
private,2755,4,Sad,V21_CORRECT_V22_WRONG,True,True,0.3196573257446289,0.5903503894805908,6,False,-2.886941432952881,6,False,-1.0578725337982178,2,False,-0.5216474533081055,4,True,0.2637655735015869
private,2759,3,Happy,V21_CORRECT_V22_WRONG,True,True,0.7203808426856995,0.21547716856002808,2,False,-1.3261311054229736,0,False,-2.676440715789795,3,True,3.7177982330322266,3,True,3.96386981010437
private,2760,4,Sad,V21_CORRECT_V22_WRONG,True,True,0.5433776378631592,0.5361289381980896,4,True,0.568723201751709,4,True,1.3676834106445312,4,True,0.6346448659896851,4,True,1.771662712097168
private,2797,5,Surprise,V21_CORRECT_V22_WRONG,True,True,0.7400836944580078,0.5309469699859619,2,False,-2.3869497776031494,2,False,-4.127581596374512,2,False,-0.5987944602966309,5,True,0.21385622024536133
private,2799,2,Fear,V21_CORRECT_V22_WRONG,True,True,0.6030458807945251,0.5235599279403687,4,False,-2.127918243408203,2,True,0.9870554208755493,2,True,0.035979509353637695,2,True,0.0004096031188964844
private,2802,6,Neutral,V21_CORRECT_V22_WRONG,True,True,0.6735448837280273,0.571664571762085,2,False,-1.4519859552383423,2,False,-2.270991325378418,6,True,0.3905130624771118,6,True,2.4504237174987793
private,2810,6,Neutral,V21_CORRECT_V22_WRONG,True,True,0.5983336567878723,0.8025315999984741,0,False,-0.15665125846862793,6,True,0.8563958406448364,4,False,-0.0379176139831543,6,True,2.125873327255249
private,2816,2,Fear,V22_CORRECT_V21_WRONG,True,True,0.44200342893600464,0.5656968355178833,0,False,-2.283905267715454,0,False,-2.3892440795898438,0,False,-0.5587634444236755,2,True,1.6904526948928833
private,2817,0,Angry,V21_CORRECT_V22_WRONG,True,True,0.4665716290473938,0.5729737281799316,0,True,1.7883973121643066,0,True,3.864825963973999,0,True,1.416224718093872,0,True,2.744647979736328
private,2825,0,Angry,V21_CORRECT_V22_WRONG,True,True,0.4692731201648712,0.763674259185791,6,False,-1.1541601419448853,6,False,-1.3684208393096924,4,False,-1.8628864288330078,0,True,0.7975702285766602
private,2826,6,Neutral,V22_CORRECT_V21_WRONG,True,True,0.4809744954109192,0.5771691203117371,3,False,-0.13534879684448242,6,True,0.3894233703613281,6,True,2.7600505352020264,6,True,1.6329550743103027
private,2831,6,Neutral,V22_CORRECT_V21_WRONG,True,True,0.6438519954681396,0.6505959630012512,4,False,-0.44867920875549316,4,False,-1.0165318250656128,6,True,2.5878937244415283,6,True,1.362033486366272
private,2838,6,Neutral,V21_CORRECT_V22_WRONG,True,True,0.5669382810592651,0.6045441031455994,4,False,-3.907222270965576,4,False,-1.7683521509170532,6,True,0.5877184867858887,6,True,3.5806524753570557
private,2849,0,Angry,V21_CORRECT_V22_WRONG,True,True,0.5069608688354492,0.7322639226913452,6,False,-3.405275344848633,0,True,0.8593252897262573,6,False,-1.2342944145202637,0,True,1.5291191339492798
private,2857,4,Sad,V21_CORRECT_V22_WRONG,True,True,0.5804075598716736,0.31413525342941284,6,False,-0.7706470489501953,6,False,-0.8818392753601074,4,True,2.2604217529296875,4,True,2.2227115631103516
private,2859,4,Sad,V21_CORRECT_V22_WRONG,True,True,0.6722196340560913,0.7198823690414429,6,False,-1.9162453413009644,6,False,-1.9033995866775513,4,True,1.4998605251312256,4,True,0.5367205142974854
private,2865,3,Happy,V21_CORRECT_V22_WRONG,True,True,0.620251476764679,0.8545441031455994,6,False,-3.1038453578948975,6,False,-1.5903993844985962,6,False,-0.6435704231262207,3,True,0.27031421661376953
private,2868,6,Neutral,V21_CORRECT_V22_WRONG,True,True,0.6685707569122314,0.25106191635131836,0,False,-2.9121010303497314,0,False,-5.37403678894043,6,True,2.245666027069092,6,True,3.3375768661499023
private,2869,6,Neutral,V22_CORRECT_V21_WRONG,True,True,0.5282282829284668,0.39163100719451904,4,False,-1.9450420141220093,4,False,-2.4091808795928955,0,False,-0.025597333908081055,6,True,2.9743809700012207
private,2870,0,Angry,V21_CORRECT_V22_WRONG,True,True,0.5417513847351074,0.6164183020591736,4,False,-1.4603792428970337,4,False,-0.32755398750305176,0,True,1.8189095258712769,0,True,2.3081440925598145
private,2871,3,Happy,V21_CORRECT_V22_WRONG,True,True,0.6478341817855835,0.6794925928115845,6,False,-1.8889050483703613,6,False,-1.3630197048187256,3,True,2.1713271141052246,3,True,3.1710591316223145
private,2872,0,Angry,V21_CORRECT_V22_WRONG,True,True,0.597309410572052,0.4020540416240692,6,False,-2.283658027648926,4,False,-0.017258048057556152,0,True,3.8541207313537598,0,True,4.076687335968018
private,2874,3,Happy,V21_CORRECT_V22_WRONG,True,True,0.6026294827461243,0.31688031554222107,0,False,-4.17604923248291,0,False,-3.948057174682617,3,True,1.6762679815292358,3,True,2.2004003524780273
private,2878,6,Neutral,V22_CORRECT_V21_WRONG,True,True,0.585628867149353,0.6893004775047302,4,False,-2.237726926803589,4,False,-1.2610440254211426,0,False,-0.603232741355896,6,True,0.4157959222793579
private,2884,3,Happy,V22_CORRECT_V21_WRONG,True,True,0.36162057518959045,0.4078105092048645,5,False,-2.388906478881836,5,False,-2.5962107181549072,3,True,2.544773578643799,3,True,1.5038652420043945
private,2888,2,Fear,V21_CORRECT_V22_WRONG,True,True,0.5049832463264465,0.29842299222946167,4,False,-2.758405923843384,4,False,-3.055875539779663,2,True,1.852453589439392,2,True,1.5719801187515259
private,2890,5,Surprise,V22_CORRECT_V21_WRONG,True,True,0.7177643179893494,0.9161489009857178,2,False,-0.5801838636398315,5,True,0.2382352352142334,2,False,-1.0197781324386597,2,False,-0.11500287055969238
private,2906,4,Sad,V21_CORRECT_V22_WRONG,True,True,0.4762791097164154,0.612594485282898,4,True,0.7271851301193237,4,True,0.6564853191375732,2,False,-0.7374261617660522,4,True,0.13734936714172363
private,2932,2,Fear,V22_CORRECT_V21_WRONG,True,True,0.5570544600486755,0.7187678813934326,5,False,-1.0903825759887695,5,False,-1.056023359298706,2,True,2.387850284576416,2,True,2.8946216106414795
private,2946,2,Fear,V21_CORRECT_V22_WRONG,True,True,0.6154519319534302,0.48131975531578064,3,False,-1.7477738857269287,3,False,-2.7264952659606934,5,False,-0.3953368663787842,2,True,1.123173475265503
private,2952,2,Fear,V21_CORRECT_V22_WRONG,True,True,0.44601374864578247,0.5516743659973145,4,False,-1.3760477304458618,4,False,-1.9327106475830078,4,False,-1.5073537826538086,2,True,1.7379032373428345
private,2959,2,Fear,V21_CORRECT_V22_WRONG,True,True,0.5507153868675232,0.6172699928283691,4,False,-0.920001745223999,2,True,0.06207132339477539,2,True,2.389267683029175,2,True,4.104639530181885
private,2962,4,Sad,V21_CORRECT_V22_WRONG,True,True,0.4950031042098999,0.7211218476295471,4,True,0.017378568649291992,4,True,1.7185053825378418,4,True,2.9359467029571533,4,True,2.5625152587890625
private,2971,2,Fear,V22_CORRECT_V21_WRONG,True,True,0.5087623596191406,0.4506649374961853,5,False,-0.7773027420043945,2,True,1.0142508745193481,2,True,0.6946057081222534,2,True,0.5572844743728638
private,2975,4,Sad,V22_CORRECT_V21_WRONG,True,True,0.6913684606552124,0.6627953052520752,6,False,-1.889909267425537,6,False,-0.01586449146270752,4,True,2.6354007720947266,4,True,3.017683506011963
private,2980,0,Angry,V21_CORRECT_V22_WRONG,True,True,0.6004672050476074,0.7316573858261108,4,False,-2.663072347640991,0,True,0.9587737321853638,0,True,2.2550981044769287,0,True,1.2264755964279175
private,2983,2,Fear,V22_CORRECT_V21_WRONG,True,True,0.35585883259773254,0.2798318564891815,0,False,-5.518092632293701,5,False,-0.9274013638496399,2,True,2.536982297897339,2,True,2.2946510314941406
private,3004,6,Neutral,V22_CORRECT_V21_WRONG,True,True,0.5480436682701111,0.358062744140625,4,False,-3.9237027168273926,4,False,-3.960282802581787,6,True,1.1610273122787476,6,True,1.5399656295776367
private,3021,2,Fear,V22_CORRECT_V21_WRONG,True,True,0.6332363486289978,0.6309239268302917,4,False,-0.8054217100143433,2,True,1.1189777851104736,2,True,0.3765597343444824,2,True,1.3711971044540405
private,3029,4,Sad,V21_CORRECT_V22_WRONG,True,True,0.48891767859458923,0.24105943739414215,6,False,-2.78749418258667,6,False,-1.753838062286377,4,True,1.4008469581604004,4,True,1.2335937023162842
private,3034,6,Neutral,V21_CORRECT_V22_WRONG,True,True,0.5425301790237427,0.4077591001987457,0,False,-3.7825827598571777,0,False,-4.085630416870117,6,True,3.6191413402557373,6,True,1.6267772912979126
private,3049,2,Fear,V21_CORRECT_V22_WRONG,True,True,0.6958707571029663,0.5242118239402771,5,False,-1.2649307250976562,2,True,1.1882774829864502,2,True,0.9373908042907715,2,True,1.72330641746521
private,3059,2,Fear,V21_CORRECT_V22_WRONG,True,True,0.5372417569160461,0.33839184045791626,3,False,-1.8041300773620605,2,True,0.586031436920166,2,True,1.0101860761642456,2,True,2.972139358520508
private,3062,5,Surprise,V22_CORRECT_V21_WRONG,True,True,0.7131124138832092,0.8759995698928833,2,False,-0.8590370416641235,2,False,-0.0816950798034668,5,True,0.11118817329406738,5,True,0.7973315715789795
private,3064,2,Fear,V21_CORRECT_V22_WRONG,True,True,0.5866979360580444,0.5601102709770203,0,False,-4.8590922355651855,0,False,-1.7600594758987427,2,True,1.5668087005615234,2,True,2.5352423191070557
private,3067,4,Sad,V22_CORRECT_V21_WRONG,True,True,0.5186421275138855,0.46744394302368164,3,False,-2.1774184703826904,6,False,-0.36480700969696045,0,False,-0.21125906705856323,6,False,-0.2119966745376587
private,3077,4,Sad,V21_CORRECT_V22_WRONG,True,True,0.5896353721618652,0.26417991518974304,3,False,-3.8844761848449707,3,False,-1.8274478912353516,4,True,0.5599846839904785,4,True,1.0002764463424683
private,3087,0,Angry,V22_CORRECT_V21_WRONG,True,True,0.6429345607757568,0.7718477249145508,2,False,-2.526379108428955,2,False,-1.66608464717865,0,True,1.3512604236602783,0,True,3.826021432876587
private,3094,6,Neutral,V22_CORRECT_V21_WRONG,True,True,0.5452793836593628,0.6839518547058105,4,False,-2.644155502319336,4,False,-2.332273006439209,4,False,-0.4791131019592285,6,True,1.1865720748901367
private,3099,4,Sad,V22_CORRECT_V21_WRONG,True,True,0.5439496040344238,0.5206936597824097,0,False,-1.1328850984573364,4,True,0.04083395004272461,4,True,2.651339530944824,4,True,2.96989369392395
private,3109,0,Angry,V21_CORRECT_V22_WRONG,True,True,0.5690868496894836,0.32527217268943787,6,False,-2.431886911392212,6,False,-1.761136770248413,0,True,2.036273956298828,0,True,3.5833358764648438
private,3117,6,Neutral,V22_CORRECT_V21_WRONG,True,True,0.612666130065918,0.8210687637329102,4,False,-0.9477400779724121,4,False,-1.826636552810669,6,True,1.1130319833755493,6,True,0.6768758296966553
private,3129,2,Fear,V22_CORRECT_V21_WRONG,True,True,0.5905030369758606,0.523374080657959,4,False,-1.2130523920059204,2,True,1.2730052471160889,2,True,4.331453800201416,2,True,3.8732028007507324
private,3133,4,Sad,V21_CORRECT_V22_WRONG,True,True,0.6077066659927368,0.7413938045501709,6,False,-1.1989705562591553,6,False,-2.4711461067199707,6,False,-0.14004266262054443,4,True,0.03727877140045166
private,3141,0,Angry,V22_CORRECT_V21_WRONG,True,True,0.49508804082870483,0.5639852285385132,2,False,-0.8413553237915039,2,False,-1.8445146083831787,0,True,2.225057363510132,0,True,2.0847086906433105
private,3143,6,Neutral,V21_CORRECT_V22_WRONG,True,True,0.6878359317779541,0.7949661016464233,4,False,-2.3757810592651367,6,True,0.15050029754638672,6,True,1.7989054918289185,6,True,3.0688605308532715
private,3149,0,Angry,V21_CORRECT_V22_WRONG,True,True,0.6450886726379395,0.5794440507888794,4,False,-3.7296409606933594,4,False,-2.812572479248047,2,False,-0.28646713495254517,0,True,0.19228684902191162
private,3150,4,Sad,V22_CORRECT_V21_WRONG,True,True,0.5513390898704529,0.8536288142204285,6,False,-0.8773941993713379,4,True,0.2786085605621338,4,True,0.20745205879211426,4,True,0.7063665390014648
private,3160,5,Surprise,V22_CORRECT_V21_WRONG,True,True,0.623960018157959,0.6461361646652222,2,False,-4.481282711029053,2,False,-2.310333251953125,5,True,1.3891607522964478,5,True,1.268608570098877
private,3161,3,Happy,V22_CORRECT_V21_WRONG,True,True,0.5632611513137817,0.23625238239765167,4,False,-3.216338872909546,4,False,-3.0036067962646484,3,True,1.7494356632232666,3,True,3.726957082748413
private,3170,5,Surprise,V22_CORRECT_V21_WRONG,True,True,0.6336253881454468,0.8543179035186768,2,False,-1.0993528366088867,2,False,-0.7684628963470459,5,True,2.5474600791931152,5,True,1.7610328197479248
private,3178,6,Neutral,V22_CORRECT_V21_WRONG,True,True,0.5457354784011841,0.46174347400665283,0,False,-1.3532458543777466,4,False,-1.1086034774780273,4,False,-2.020843267440796,4,False,-0.02385568618774414
private,3181,2,Fear,V21_CORRECT_V22_WRONG,True,True,0.47220414876937866,0.395444393157959,3,False,-0.21007132530212402,3,False,-2.507678747177124,2,True,0.33034002780914307,2,True,2.1734886169433594
private,3188,4,Sad,V21_CORRECT_V22_WRONG,True,True,0.47609949111938477,0.46416565775871277,3,False,-1.608734130859375,0,False,-0.3822965621948242,2,False,-0.009043335914611816,4,True,2.920239210128784
private,3193,2,Fear,V21_CORRECT_V22_WRONG,True,True,0.620621383190155,0.6878510117530823,4,False,-1.8852784633636475,4,False,-3.2277297973632812,4,False,-0.6660982370376587,2,True,0.4819939136505127
private,3195,6,Neutral,V22_CORRECT_V21_WRONG,True,True,0.573879063129425,0.4402093291282654,2,False,-1.4402016401290894,2,False,-0.1823582649230957,0,False,-0.37574803829193115,6,True,1.6628234386444092
private,3197,4,Sad,V21_CORRECT_V22_WRONG,True,True,0.5901238918304443,0.6079952716827393,2,False,-1.2173545360565186,4,True,1.0550020933151245,2,False,-0.18432164192199707,4,True,0.4380056858062744
private,3198,4,Sad,V22_CORRECT_V21_WRONG,True,True,0.5263526439666748,0.753254771232605,6,False,-0.46157288551330566,4,True,0.6925640106201172,4,True,1.7169491052627563,4,True,2.8290863037109375
private,3215,5,Surprise,V21_CORRECT_V22_WRONG,True,True,0.5712856650352478,0.31689226627349854,0,False,-1.1326724290847778,2,False,-2.8023691177368164,5,True,3.0369458198547363,5,True,4.338613033294678
private,3217,4,Sad,V22_CORRECT_V21_WRONG,True,True,0.4373541474342346,0.23491649329662323,3,False,-0.6123135089874268,3,False,-1.2462408542633057,4,True,3.4561123847961426,4,True,1.0538814067840576
private,3221,3,Happy,V21_CORRECT_V22_WRONG,True,True,0.7448686361312866,0.47363200783729553,6,False,-4.1168904304504395,6,False,-1.5756549835205078,3,True,2.9434151649475098,3,True,3.9686667919158936
private,3222,3,Happy,V22_CORRECT_V21_WRONG,True,True,0.6232702732086182,0.7801116704940796,6,False,-1.978527545928955,6,False,-2.6206259727478027,3,True,2.125415325164795,3,True,0.49702930450439453
private,3228,0,Angry,V21_CORRECT_V22_WRONG,True,True,0.5760230422019958,0.6464974284172058,3,False,-3.466862916946411,3,False,-2.724107265472412,3,False,-1.412139654159546,0,True,3.7786309719085693
private,3232,5,Surprise,V22_CORRECT_V21_WRONG,True,True,0.5667095184326172,0.6076536774635315,3,False,-2.942465305328369,3,False,-1.418327808380127,5,True,1.2299396991729736,5,True,1.6209992170333862
private,3234,6,Neutral,V22_CORRECT_V21_WRONG,True,True,0.592422366142273,0.5597642660140991,4,False,-0.9546205401420593,2,False,-1.0802392959594727,6,True,3.3401644229888916,6,True,3.0929226875305176
private,3235,4,Sad,V21_CORRECT_V22_WRONG,True,True,0.5137873291969299,0.45232877135276794,3,False,-3.1597845554351807,4,True,1.2300912141799927,4,True,0.6807606220245361,4,True,0.37027525901794434
private,3237,6,Neutral,V22_CORRECT_V21_WRONG,True,True,0.5976343154907227,0.7051831483840942,3,False,-0.669968843460083,6,True,0.603193998336792,6,True,2.746016502380371,6,True,2.7330236434936523
private,3243,2,Fear,V21_CORRECT_V22_WRONG,True,True,0.5882370471954346,0.4411667585372925,2,True,0.06668877601623535,4,False,-0.8159127235412598,2,True,0.5848500728607178,2,True,0.47654104232788086
private,3267,0,Angry,V21_CORRECT_V22_WRONG,True,True,0.5843578577041626,0.5973794460296631,4,False,-2.195176839828491,4,False,-3.4008407592773438,0,True,1.087585210800171,0,True,0.5349760055541992
private,3274,0,Angry,V22_CORRECT_V21_WRONG,True,True,0.6285938024520874,0.35744768381118774,3,False,-2.4686691761016846,3,False,-3.0897955894470215,0,True,3.0632219314575195,0,True,3.400261163711548
private,3277,2,Fear,V22_CORRECT_V21_WRONG,True,True,0.5812596082687378,0.37386083602905273,4,False,-0.3950209617614746,4,False,-0.9512873888015747,4,False,-2.7624001502990723,4,False,-1.6273869276046753
private,3298,3,Happy,V21_CORRECT_V22_WRONG,True,True,0.5993016958236694,0.3047575354576111,2,False,-1.8861825466156006,2,False,-4.456204891204834,3,True,1.8223626613616943,3,True,2.4589974880218506
private,3302,4,Sad,V21_CORRECT_V22_WRONG,True,True,0.583701491355896,0.6840286254882812,2,False,-0.22780537605285645,4,True,0.44309699535369873,4,True,1.1317263841629028,4,True,0.9830907583236694
private,3306,3,Happy,V22_CORRECT_V21_WRONG,True,True,0.5308557748794556,0.32475510239601135,2,False,-3.738720417022705,2,False,-0.8079138994216919,3,True,1.3201806545257568,3,True,0.44687366485595703
private,3313,0,Angry,V21_CORRECT_V22_WRONG,True,True,0.7611675262451172,0.8101209402084351,3,False,-2.2807457447052,0,True,1.3106077909469604,0,True,1.4751474857330322,0,True,2.5240094661712646
private,3328,6,Neutral,V21_CORRECT_V22_WRONG,True,True,0.4305846095085144,0.4720286726951599,4,False,-1.6958385705947876,6,True,1.8655939102172852,2,False,-0.6781243085861206,6,True,2.6578946113586426
private,3331,2,Fear,V21_CORRECT_V22_WRONG,True,True,0.5495407581329346,0.5972375869750977,0,False,-3.3002586364746094,0,False,-3.0039801597595215,2,True,1.8803129196166992,2,True,2.476257801055908
private,3336,6,Neutral,V21_CORRECT_V22_WRONG,True,True,0.6865194439888,0.7190248966217041,4,False,-1.2714271545410156,4,False,-2.7537434101104736,6,True,0.9285590648651123,6,True,1.459913730621338
private,3348,6,Neutral,V21_CORRECT_V22_WRONG,True,True,0.5851057767868042,0.683596134185791,3,False,-0.8818411827087402,3,False,-1.5872318744659424,4,False,-0.31049394607543945,6,True,1.0496243238449097
private,3349,3,Happy,V21_CORRECT_V22_WRONG,True,True,0.5028685927391052,0.7757983207702637,6,False,-0.2512078285217285,3,True,1.1625370979309082,3,True,0.7002915143966675,3,True,1.5766971111297607
private,3356,2,Fear,V22_CORRECT_V21_WRONG,True,True,0.6333976984024048,0.7529155015945435,4,False,-1.1704895496368408,4,False,-0.2581508159637451,4,False,-1.8908077478408813,2,True,1.281123399734497
private,3357,4,Sad,V22_CORRECT_V21_WRONG,True,True,0.48296505212783813,0.5493001341819763,2,False,-0.5321511030197144,4,True,2.242732048034668,4,True,3.773439407348633,4,True,3.7399537563323975
private,3372,6,Neutral,V21_CORRECT_V22_WRONG,True,True,0.5473493337631226,0.6237204074859619,4,False,-2.275599479675293,4,False,-1.0978522300720215,6,True,0.9463492631912231,6,True,1.503948450088501
private,3375,6,Neutral,V22_CORRECT_V21_WRONG,True,True,0.6583415865898132,0.7884583473205566,4,False,-0.12241363525390625,4,False,-1.1200220584869385,6,True,2.432039260864258,6,True,2.675283908843994
private,3376,6,Neutral,V22_CORRECT_V21_WRONG,True,True,0.5852909088134766,0.8138148188591003,4,False,-1.1784336566925049,4,False,-0.16397464275360107,4,False,-0.5494418144226074,6,True,0.8816235065460205
private,3378,4,Sad,V21_CORRECT_V22_WRONG,True,True,0.6283972263336182,0.5189188122749329,3,False,-3.9425456523895264,3,False,-4.266380786895752,3,False,-0.6092196702957153,4,True,0.2242748737335205
private,3389,5,Surprise,V21_CORRECT_V22_WRONG,True,True,0.6464296579360962,0.8208293318748474,3,False,-1.0485581159591675,3,False,-0.8359630107879639,5,True,2.211290121078491,5,True,2.4094161987304688
private,3391,6,Neutral,V21_CORRECT_V22_WRONG,True,True,0.6726327538490295,0.6066383719444275,2,False,-1.0912320613861084,4,False,-0.9127125144004822,6,True,1.3196911811828613,6,True,2.4772348403930664
private,3393,4,Sad,V21_CORRECT_V22_WRONG,True,True,0.5632544755935669,0.6710789203643799,2,False,-0.25858843326568604,4,True,0.0900038480758667,4,True,1.13680100440979,4,True,0.507758378982544
private,3401,4,Sad,V21_CORRECT_V22_WRONG,True,True,0.5819880962371826,0.5099925994873047,3,False,-2.4392666816711426,3,False,-1.074786901473999,4,True,1.1502630710601807,4,True,1.7198923826217651
private,3407,6,Neutral,V22_CORRECT_V21_WRONG,True,True,0.5655125379562378,0.5807663202285767,4,False,-0.832950234413147,4,False,-1.2296322584152222,6,True,3.0748608112335205,6,True,3.754570960998535
private,3408,4,Sad,V22_CORRECT_V21_WRONG,True,True,0.3628963828086853,0.5375096201896667,0,False,-1.480778455734253,4,True,1.68207848072052,4,True,1.6961225271224976,4,True,3.661149740219116
private,3418,0,Angry,V22_CORRECT_V21_WRONG,True,True,0.633486270904541,0.7224301695823669,6,False,-0.7019995450973511,6,False,-1.0500779151916504,0,True,0.10253334045410156,6,False,-0.33928585052490234
private,3430,6,Neutral,V22_CORRECT_V21_WRONG,True,True,0.5544770359992981,0.5321265459060669,3,False,-0.8294410705566406,6,True,1.4419523477554321,6,True,1.3144073486328125,6,True,3.700124740600586
private,3440,5,Surprise,V22_CORRECT_V21_WRONG,True,True,0.6328296661376953,0.6899033784866333,2,False,-1.256130337715149,2,False,-2.244990348815918,5,True,2.90590238571167,5,True,2.4894421100616455
private,3442,2,Fear,V21_CORRECT_V22_WRONG,True,True,0.43505656719207764,0.6423599720001221,4,False,-1.0476274490356445,6,False,-2.3052711486816406,2,True,2.3636980056762695,2,True,0.4402734041213989
private,3443,6,Neutral,V22_CORRECT_V21_WRONG,True,True,0.6608446836471558,0.31499314308166504,4,False,-3.902855157852173,4,False,-3.568866729736328,6,True,2.7448344230651855,6,True,3.1349966526031494
private,3444,4,Sad,V21_CORRECT_V22_WRONG,True,True,0.5928943753242493,0.7595468163490295,4,True,0.5139858722686768,0,False,-0.35073399543762207,4,True,2.651947498321533,4,True,1.6730899810791016
private,3453,0,Angry,V22_CORRECT_V21_WRONG,True,True,0.44991427659988403,0.3176373243331909,1,False,-2.351402759552002,2,False,-1.9836171865463257,2,False,-1.7703367471694946,0,True,2.964294910430908
private,3455,0,Angry,V21_CORRECT_V22_WRONG,True,True,0.6099063158035278,0.6035854816436768,4,False,-2.5067925453186035,6,False,-4.001692771911621,4,False,-1.173689365386963,0,True,0.563927173614502
private,3457,6,Neutral,V22_CORRECT_V21_WRONG,True,True,0.5457208156585693,0.5004390478134155,0,False,-0.3768097162246704,6,True,0.6434144973754883,4,False,-0.3338942527770996,6,True,0.2822413444519043
private,3462,2,Fear,V22_CORRECT_V21_WRONG,True,True,0.6640236377716064,0.5704514980316162,5,False,-0.22263550758361816,2,True,0.9286003112792969,2,True,4.095395088195801,2,True,3.518080234527588
private,3466,6,Neutral,V22_CORRECT_V21_WRONG,True,True,0.48836153745651245,0.4015776515007019,2,False,-3.59067964553833,2,False,-1.5842012166976929,6,True,0.7066106796264648,6,True,0.864539384841919
private,3467,6,Neutral,V22_CORRECT_V21_WRONG,True,True,0.6208053827285767,0.5375111699104309,4,False,-0.2810037136077881,4,False,-0.9609227180480957,6,True,3.747511625289917,6,True,3.933091878890991
private,3486,4,Sad,V22_CORRECT_V21_WRONG,True,True,0.5307626724243164,0.4003323018550873,3,False,-0.28574609756469727,3,False,-0.12367415428161621,4,True,3.0712952613830566,4,True,3.2091917991638184
private,3493,2,Fear,V21_CORRECT_V22_WRONG,True,True,0.5875938534736633,0.5609663724899292,4,False,-0.5942844748497009,2,True,0.9521796703338623,2,True,2.3824338912963867,2,True,0.7412173748016357
private,3500,5,Surprise,V21_CORRECT_V22_WRONG,True,True,0.595521092414856,0.8023664951324463,0,False,-0.30280303955078125,5,True,0.5546395778656006,5,True,1.3431341648101807,5,True,3.922956943511963
private,3507,0,Angry,V21_CORRECT_V22_WRONG,True,True,0.589093804359436,0.7374550700187683,0,True,0.13687121868133545,0,True,3.1208083629608154,0,True,2.1985244750976562,0,True,3.5706284046173096
private,3512,0,Angry,V22_CORRECT_V21_WRONG,True,True,0.630521833896637,0.5764148235321045,6,False,-1.0373008251190186,6,False,-2.878065347671509,4,False,-0.23515784740447998,6,False,-1.1192597150802612
private,3515,4,Sad,V21_CORRECT_V22_WRONG,True,True,0.5193120241165161,0.5735503435134888,6,False,-0.7968214750289917,6,False,-0.16511297225952148,4,True,2.239238739013672,4,True,0.9769582748413086
private,3520,5,Surprise,V21_CORRECT_V22_WRONG,True,True,0.5574049949645996,0.4776860475540161,5,True,0.20739197731018066,2,False,-0.33421993255615234,5,True,0.08028948307037354,5,True,2.122468948364258
private,3521,6,Neutral,V21_CORRECT_V22_WRONG,True,True,0.641670823097229,0.3982800543308258,4,False,-0.18267345428466797,4,False,-2.256627321243286,6,True,3.0142016410827637,6,True,3.638291597366333
private,3522,0,Angry,V22_CORRECT_V21_WRONG,True,True,0.49348536133766174,0.7441113591194153,4,False,-2.665677309036255,4,False,-2.214621067047119,4,False,-2.054354190826416,4,False,-1.6612212657928467
private,3533,5,Surprise,V22_CORRECT_V21_WRONG,True,True,0.5310376882553101,0.5925207138061523,2,False,-1.713002324104309,2,False,-2.0917115211486816,2,False,-1.9292900562286377,5,True,1.230136513710022
private,3540,2,Fear,V21_CORRECT_V22_WRONG,True,True,0.6150654554367065,0.8444868326187134,0,False,-1.2567453384399414,0,False,-0.9456138610839844,2,True,1.5723142623901367,2,True,2.02306866645813
private,3541,3,Happy,V22_CORRECT_V21_WRONG,True,True,0.41437286138534546,0.4655993580818176,6,False,-3.4350104331970215,6,False,-1.5275781154632568,0,False,-0.2604691982269287,3,True,1.252874493598938
private,3544,5,Surprise,V21_CORRECT_V22_WRONG,True,True,0.55974280834198,0.2683979272842407,6,False,-3.60202693939209,6,False,-3.5862932205200195,2,False,-2.0194668769836426,5,True,0.7577496767044067
private,3550,2,Fear,V22_CORRECT_V21_WRONG,True,True,0.5155239105224609,0.6864812970161438,6,False,-2.5696816444396973,2,True,1.0712096691131592,2,True,0.3598865270614624,2,True,1.0430582761764526
private,3553,2,Fear,V21_CORRECT_V22_WRONG,True,True,0.629309356212616,0.3487151861190796,6,False,-1.4299829006195068,4,False,-3.0627033710479736,2,True,2.4224376678466797,2,True,1.9625478982925415
private,3554,6,Neutral,V21_CORRECT_V22_WRONG,True,True,0.6712509989738464,0.8011179566383362,6,True,0.8318197727203369,6,True,2.0162763595581055,6,True,1.6886906623840332,6,True,1.3889436721801758
private,3555,4,Sad,V22_CORRECT_V21_WRONG,True,True,0.7048286199569702,0.6482053995132446,6,False,-1.9851329326629639,6,False,-2.397747039794922,4,True,2.670768976211548,4,True,2.0098819732666016
private,3564,2,Fear,V21_CORRECT_V22_WRONG,True,True,0.5981744527816772,0.6427626609802246,6,False,-1.5987703800201416,6,False,-0.4499722719192505,2,True,2.188352584838867,2,True,0.20517277717590332
private,3573,6,Neutral,V21_CORRECT_V22_WRONG,True,True,0.4114689230918884,0.6709610223770142,4,False,-2.295423984527588,4,False,-2.797853946685791,4,False,-1.9875891208648682,6,True,0.5655999183654785
private,3575,4,Sad,V22_CORRECT_V21_WRONG,True,True,0.5679503679275513,0.5719833970069885,2,False,-2.358097791671753,2,False,-2.232133388519287,4,True,1.8193150758743286,4,True,2.1353769302368164
