split,row_index,true_label,true_class,sample_category,is_clean,is_strict_clean,jaccard_layer_1,overlap_k_layer_1,routing_divergence_layer_1,jaccard_layer_2,overlap_k_layer_2,routing_divergence_layer_2,jaccard_layer_3,overlap_k_layer_3,routing_divergence_layer_3,jaccard_layer_4,overlap_k_layer_4,routing_divergence_layer_4,jaccard_layer_5,overlap_k_layer_5,routing_divergence_layer_5
public,2,4,Sad,V21_CORRECT_V22_WRONG,True,True,0.3984678089618683,0.5221088528633118,0.6015321910381317,0.394923597574234,0.540603756904602,0.605076402425766,0.3448244035243988,0.4842686951160431,0.6551755964756012,0.20380133390426636,0.32185372710227966,0.7961986660957336,0.45857736468315125,0.6147959232330322,0.5414226353168488
public,20,2,Fear,V22_CORRECT_V21_WRONG,True,True,0.37578558921813965,0.5012754797935486,0.6242144107818604,0.3705131411552429,0.5165815949440002,0.6294868588447571,0.2220972776412964,0.34417515993118286,0.7779027223587036,0.2691037058830261,0.3996598422527313,0.7308962941169739,0.3180983066558838,0.4712302088737488,0.6819016933441162
public,25,2,Fear,V21_CORRECT_V22_WRONG,True,True,0.4464821219444275,0.5722789168357849,0.5535178780555725,0.3314133584499359,0.47427719831466675,0.6685866415500641,0.297537237405777,0.42963433265686035,0.702462762594223,0.262081116437912,0.3898809552192688,0.737918883562088,0.34949421882629395,0.5004251599311829,0.650505781173706
public,28,0,Angry,V21_CORRECT_V22_WRONG,True,True,0.4134456515312195,0.5625,0.5865543484687805,0.3634994924068451,0.5148809552192688,0.6365005075931549,0.33140528202056885,0.4866071343421936,0.6685947179794312,0.252278596162796,0.3788265287876129,0.747721403837204,0.40086591243743896,0.5653344988822937,0.599134087562561
public,34,0,Angry,V22_CORRECT_V21_WRONG,True,True,0.3731473982334137,0.5029761791229248,0.6268526017665863,0.34611111879348755,0.5017006993293762,0.6538888812065125,0.30422088503837585,0.43707481026649475,0.6957791149616241,0.2383393496274948,0.3609693944454193,0.7616606503725052,0.2994813323020935,0.4535147547721863,0.7005186676979065
public,35,4,Sad,V21_CORRECT_V22_WRONG,True,False,0.3533291518688202,0.4664115607738495,0.6466708481311798,0.38431090116500854,0.5367771983146667,0.6156890988349915,0.2903650104999542,0.420918345451355,0.7096349895000458,0.26171666383743286,0.3964710831642151,0.7382833361625671,0.3164523243904114,0.47179707884788513,0.6835476756095886
public,44,6,Neutral,V22_CORRECT_V21_WRONG,True,True,0.3427613079547882,0.4710884392261505,0.6572386920452118,0.28767311573028564,0.4270833134651184,0.7123268842697144,0.19346219301223755,0.3093112111091614,0.8065378069877625,0.3294161260128021,0.47045066952705383,0.6705838739871979,0.3212263584136963,0.46981295943260193,0.6787736415863037
public,49,6,Neutral,V21_CORRECT_V22_WRONG,True,True,0.3757062256336212,0.5042517185211182,0.6242937743663788,0.3276652693748474,0.4755527079105377,0.6723347306251526,0.25916412472724915,0.3979591727256775,0.7408358752727509,0.2742283344268799,0.40667515993118286,0.7257716655731201,0.37093687057495117,0.5284863710403442,0.6290631294250488
public,58,5,Surprise,V22_CORRECT_V21_WRONG,True,True,0.38012269139289856,0.4961734712123871,0.6198773086071014,0.3482179641723633,0.49234694242477417,0.6517820358276367,0.2629738450050354,0.40051019191741943,0.7370261549949646,0.3006795048713684,0.4389880895614624,0.6993204951286316,0.35385146737098694,0.5134637355804443,0.6461485326290131
public,68,2,Fear,V22_CORRECT_V21_WRONG,True,True,0.4054846167564392,0.5471938848495483,0.5945153832435608,0.41580188274383545,0.5686649680137634,0.5841981172561646,0.25000330805778503,0.3732993006706238,0.749996691942215,0.22212031483650208,0.34502550959587097,0.7778796851634979,0.3268541097640991,0.484127014875412,0.6731458902359009
public,70,0,Angry,V21_CORRECT_V22_WRONG,True,True,0.4333072304725647,0.5603741407394409,0.5666927695274353,0.4092223644256592,0.5601615309715271,0.5907776355743408,0.2969411313533783,0.42240646481513977,0.7030588686466217,0.21378394961357117,0.3282312750816345,0.7862160503864288,0.3378361463546753,0.49277210235595703,0.6621638536453247
public,79,4,Sad,V21_CORRECT_V22_WRONG,True,True,0.3119230270385742,0.41921767592430115,0.6880769729614258,0.3560214340686798,0.4904336631298065,0.6439785659313202,0.2772811949253082,0.419642835855484,0.7227188050746918,0.2466588318347931,0.3756377398967743,0.7533411681652069,0.33996763825416565,0.4960317611694336,0.6600323617458344
public,122,0,Angry,V22_CORRECT_V21_WRONG,True,False,0.33139270544052124,0.4693877398967743,0.6686072945594788,0.3358888030052185,0.4842686951160431,0.6641111969947815,0.2997347116470337,0.43346086144447327,0.7002652883529663,0.30886977910995483,0.45429420471191406,0.6911302208900452,0.343624085187912,0.5024093389511108,0.656375914812088
public,130,2,Fear,V22_CORRECT_V21_WRONG,True,True,0.4246116876602173,0.5403911471366882,0.5753883123397827,0.3230224549770355,0.47576528787612915,0.6769775450229645,0.2434132844209671,0.3684098422527313,0.7565867155790329,0.2576625645160675,0.3890306055545807,0.7423374354839325,0.35372331738471985,0.5151644349098206,0.6462766826152802
public,132,2,Fear,V22_CORRECT_V21_WRONG,True,True,0.3012715280056,0.4128401279449463,0.6987284719944,0.3173174560070038,0.46917515993118286,0.6826825439929962,0.21443885564804077,0.32759353518486023,0.7855611443519592,0.2572583258152008,0.3913690447807312,0.7427416741847992,0.3997279405593872,0.5551304221153259,0.6002720594406128
public,137,6,Neutral,V22_CORRECT_V21_WRONG,True,True,0.47271528840065,0.5973639488220215,0.52728471159935,0.29782405495643616,0.4366496503353119,0.7021759450435638,0.3041265308856964,0.4434523582458496,0.6958734691143036,0.31784766912460327,0.46471086144447327,0.6821523308753967,0.30402761697769165,0.45677438378334045,0.6959723830223083
public,140,6,Neutral,V21_CORRECT_V22_WRONG,True,True,0.41549786925315857,0.5425170063972473,0.5845021307468414,0.4990164637565613,0.6481717824935913,0.5009835362434387,0.2401014268398285,0.3639455735683441,0.7598985731601715,0.23081092536449432,0.3526785671710968,0.7691890746355057,0.39745062589645386,0.5579648613929749,0.6025493741035461
public,145,6,Neutral,V21_CORRECT_V22_WRONG,True,True,0.39537546038627625,0.5195578336715698,0.6046245396137238,0.4434581995010376,0.5948129296302795,0.5565418004989624,0.34209904074668884,0.4785288870334625,0.6579009592533112,0.3169027864933014,0.46109694242477417,0.6830972135066986,0.3529740869998932,0.5001417994499207,0.6470259130001068
public,156,4,Sad,V21_CORRECT_V22_WRONG,True,True,0.35410428047180176,0.4804421663284302,0.6458957195281982,0.3026726543903351,0.45429420471191406,0.6973273456096649,0.2795977294445038,0.4092261791229248,0.7204022705554962,0.28499773144721985,0.41709181666374207,0.7150022685527802,0.31804129481315613,0.46754539012908936,0.6819587051868439
public,160,0,Angry,V21_CORRECT_V22_WRONG,True,True,0.4104263186454773,0.534013569355011,0.5895736813545227,0.335141122341156,0.4738520383834839,0.664858877658844,0.2900971472263336,0.4313350319862366,0.7099028527736664,0.28784048557281494,0.41857993602752686,0.7121595144271851,0.3518511652946472,0.5116212964057922,0.6481488347053528
public,167,4,Sad,V22_CORRECT_V21_WRONG,True,True,0.4494558274745941,0.5688775181770325,0.5505441725254059,0.33622634410858154,0.48171767592430115,0.6637736558914185,0.36841967701911926,0.4925595223903656,0.6315803229808807,0.2270403504371643,0.35756802558898926,0.7729596495628357,0.3179844915866852,0.4703798294067383,0.6820155084133148
public,185,0,Angry,V22_CORRECT_V21_WRONG,True,True,0.3209787905216217,0.4506802558898926,0.6790212094783783,0.3375937342643738,0.4747023582458496,0.6624062657356262,0.34566307067871094,0.4970237910747528,0.6543369293212891,0.2930726706981659,0.43494898080825806,0.7069273293018341,0.4058102071285248,0.5634921193122864,0.5941897928714752
public,200,3,Happy,V21_CORRECT_V22_WRONG,True,True,0.4615570902824402,0.5977891087532043,0.5384429097175598,0.3831467926502228,0.5344387888908386,0.6168532073497772,0.28460657596588135,0.41560372710227966,0.7153934240341187,0.3543263077735901,0.5076530575752258,0.6456736922264099,0.3351787030696869,0.4902210831642151,0.6648212969303131
public,208,2,Fear,V22_CORRECT_V21_WRONG,True,True,0.31318432092666626,0.4353741407394409,0.6868156790733337,0.36523327231407166,0.5159438848495483,0.6347667276859283,0.30344676971435547,0.43877550959587097,0.6965532302856445,0.29066914319992065,0.42878401279449463,0.7093308568000793,0.3622204065322876,0.5208333134651184,0.6377795934677124
public,223,0,Angry,V22_CORRECT_V21_WRONG,True,True,0.32801973819732666,0.4655612111091614,0.6719802618026733,0.35637611150741577,0.5089285373687744,0.6436238884925842,0.4279197156429291,0.5695152878761292,0.5720802843570709,0.23787029087543488,0.35522958636283875,0.7621297091245651,0.3762604594230652,0.5294784903526306,0.6237395405769348
public,224,0,Angry,V21_CORRECT_V22_WRONG,True,True,0.3469911217689514,0.4744897782802582,0.6530088782310486,0.32568788528442383,0.4717261791229248,0.6743121147155762,0.24821342527866364,0.38499149680137634,0.7517865747213364,0.24149088561534882,0.3639455735683441,0.7585091143846512,0.3742334246635437,0.5342970490455627,0.6257665753364563
public,234,3,Happy,V21_CORRECT_V22_WRONG,True,True,0.37390026450157166,0.5140305757522583,0.6260997354984283,0.43869537115097046,0.593962550163269,0.5613046288490295,0.30847659707069397,0.4511054456233978,0.691523402929306,0.29870301485061646,0.43707481026649475,0.7012969851493835,0.36069563031196594,0.5191326141357422,0.6393043696880341
public,237,0,Angry,V21_CORRECT_V22_WRONG,True,True,0.3665763735771179,0.48171767592430115,0.6334236264228821,0.40543827414512634,0.5561224222183228,0.5945617258548737,0.28747332096099854,0.4226190447807312,0.7125266790390015,0.25309762358665466,0.3818027079105377,0.7469023764133453,0.38280874490737915,0.5375567078590393,0.6171912550926208
public,253,3,Happy,V22_CORRECT_V21_WRONG,True,True,0.37447217106819153,0.5106292366981506,0.6255278289318085,0.39373674988746643,0.5452805757522583,0.6062632501125336,0.32763680815696716,0.47661563754081726,0.6723631918430328,0.2613654136657715,0.3875425159931183,0.7386345863342285,0.297118604183197,0.4383503198623657,0.702881395816803
public,255,6,Neutral,V21_CORRECT_V22_WRONG,True,True,0.39958810806274414,0.5208333134651184,0.6004118919372559,0.2542966306209564,0.3869047462940216,0.7457033693790436,0.29109641909599304,0.41921767592430115,0.708903580904007,0.29506930708885193,0.431547611951828,0.7049306929111481,0.3284838795661926,0.48455217480659485,0.6715161204338074
public,271,6,Neutral,V21_CORRECT_V22_WRONG,True,True,0.3895125985145569,0.5225340127944946,0.6104874014854431,0.30866608023643494,0.45344385504722595,0.6913339197635651,0.25850245356559753,0.38562923669815063,0.7414975464344025,0.23474447429180145,0.3565050959587097,0.7652555257081985,0.3529717028141022,0.5110543966293335,0.6470282971858978
public,276,4,Sad,V21_CORRECT_V22_WRONG,True,True,0.3010897934436798,0.42517006397247314,0.6989102065563202,0.3097621202468872,0.4589710831642151,0.6902378797531128,0.3308071792125702,0.47810372710227966,0.6691928207874298,0.26247379183769226,0.3988095223903656,0.7375262081623077,0.34273403882980347,0.49447277188301086,0.6572659611701965
public,277,5,Surprise,V21_CORRECT_V22_WRONG,True,True,0.35709884762763977,0.4761904776096344,0.6429011523723602,0.3506484031677246,0.49872449040412903,0.6493515968322754,0.2171202450990677,0.3407737910747528,0.7828797549009323,0.2228243499994278,0.34375,0.7771756500005722,0.3891466557979584,0.5491780042648315,0.6108533442020416
public,279,6,Neutral,V21_CORRECT_V22_WRONG,True,True,0.37544670701026917,0.49277210235595703,0.6245532929897308,0.34953755140304565,0.49893707036972046,0.6504624485969543,0.25717654824256897,0.3892431855201721,0.742823451757431,0.2332460582256317,0.36203229427337646,0.7667539417743683,0.36178678274154663,0.5177154541015625,0.6382132172584534
public,286,0,Angry,V22_CORRECT_V21_WRONG,True,True,0.3330267369747162,0.4566326439380646,0.6669732630252838,0.2432214617729187,0.37244898080825806,0.7567785382270813,0.2517913579940796,0.3794642686843872,0.7482086420059204,0.3025067448616028,0.4428146183490753,0.6974932551383972,0.40800905227661133,0.5715702772140503,0.5919909477233887
public,288,6,Neutral,V22_CORRECT_V21_WRONG,True,True,0.3557157814502716,0.4931972622871399,0.6442842185497284,0.31962311267852783,0.4657737910747528,0.6803768873214722,0.26600050926208496,0.3905186951160431,0.733999490737915,0.15748310089111328,0.25871598720550537,0.8425168991088867,0.3458214998245239,0.502267599105835,0.6541785001754761
public,296,2,Fear,V21_CORRECT_V22_WRONG,True,True,0.43564459681510925,0.5565475821495056,0.5643554031848907,0.32688459753990173,0.4664115607738495,0.6731154024600983,0.2759402394294739,0.40880101919174194,0.7240597605705261,0.24213629961013794,0.36734694242477417,0.7578637003898621,0.314595490694046,0.46584469079971313,0.685404509305954
public,302,2,Fear,V22_CORRECT_V21_WRONG,True,True,0.4214330017566681,0.557823121547699,0.5785669982433319,0.3505416512489319,0.4963860511779785,0.6494583487510681,0.2808723747730255,0.4279336631298065,0.7191276252269745,0.2726746201515198,0.40433672070503235,0.7273253798484802,0.3495451807975769,0.5048186182975769,0.6504548192024231
public,313,6,Neutral,V21_CORRECT_V22_WRONG,True,True,0.46758949756622314,0.605867326259613,0.5324105024337769,0.38421136140823364,0.5380527377128601,0.6157886385917664,0.3281233310699463,0.46832481026649475,0.6718766689300537,0.2972062826156616,0.4336734712123871,0.7027937173843384,0.30220234394073486,0.45479026436805725,0.6977976560592651
public,318,2,Fear,V22_CORRECT_V21_WRONG,True,True,0.4068758487701416,0.5335884094238281,0.5931241512298584,0.37464022636413574,0.5250850319862366,0.6253597736358643,0.23666292428970337,0.3688350319862366,0.7633370757102966,0.34357109665870667,0.4919217526912689,0.6564289033412933,0.3928075134754181,0.5487528443336487,0.6071924865245819
public,324,0,Angry,V21_CORRECT_V22_WRONG,True,True,0.37583595514297485,0.5102040767669678,0.6241640448570251,0.3958570063114166,0.5420918464660645,0.6041429936885834,0.2523654103279114,0.3809523582458496,0.7476345896720886,0.2150983214378357,0.3309949040412903,0.7849016785621643,0.39435213804244995,0.5547052621841431,0.60564786195755
public,329,5,Surprise,V21_CORRECT_V22_WRONG,True,True,0.387967586517334,0.5102040767669678,0.612032413482666,0.3155005872249603,0.4538690447807312,0.6844994127750397,0.1904907077550888,0.3012329936027527,0.8095092922449112,0.24980857968330383,0.37308672070503235,0.7501914203166962,0.3530745208263397,0.5092120170593262,0.6469254791736603
public,331,3,Happy,V22_CORRECT_V21_WRONG,True,True,0.37391138076782227,0.504676878452301,0.6260886192321777,0.27720797061920166,0.4175170063972473,0.7227920293807983,0.24148213863372803,0.37372449040412903,0.758517861366272,0.29062896966934204,0.42283162474632263,0.709371030330658,0.37201040983200073,0.5300453901290894,0.6279895901679993
public,336,5,Surprise,V22_CORRECT_V21_WRONG,True,True,0.42971837520599365,0.5667517185211182,0.5702816247940063,0.35852089524269104,0.5123299360275269,0.641479104757309,0.2921825647354126,0.43494898080825806,0.7078174352645874,0.1967579871416092,0.3107993006706238,0.8032420128583908,0.30368706583976746,0.45649096369743347,0.6963129341602325
public,343,4,Sad,V22_CORRECT_V21_WRONG,True,True,0.42576995491981506,0.5527210831642151,0.5742300450801849,0.2734852135181427,0.41326528787612915,0.7265147864818573,0.23916105926036835,0.36798468232154846,0.7608389407396317,0.24687255918979645,0.37521257996559143,0.7531274408102036,0.3881579339504242,0.5449263453483582,0.6118420660495758
public,344,0,Angry,V22_CORRECT_V21_WRONG,True,True,0.3449602723121643,0.47066324949264526,0.6550397276878357,0.2883314788341522,0.431547611951828,0.7116685211658478,0.21956877410411835,0.32865646481513977,0.7804312258958817,0.22538051009178162,0.3356717526912689,0.7746194899082184,0.36354461312294006,0.5113378763198853,0.6364553868770599
public,345,6,Neutral,V21_CORRECT_V22_WRONG,True,True,0.4302747845649719,0.5676020383834839,0.5697252154350281,0.29006803035736084,0.4292091727256775,0.7099319696426392,0.2240268439054489,0.3416241407394409,0.7759731560945511,0.33263444900512695,0.47661563754081726,0.667365550994873,0.3672909438610077,0.5274943709373474,0.6327090561389923
public,346,6,Neutral,V22_CORRECT_V21_WRONG,True,True,0.4173322319984436,0.5357142686843872,0.5826677680015564,0.291559636592865,0.4292091727256775,0.708440363407135,0.2738575339317322,0.40731292963027954,0.7261424660682678,0.27881166338920593,0.4160289168357849,0.7211883366107941,0.3317175805568695,0.4871031939983368,0.6682824194431305
public,349,4,Sad,V22_CORRECT_V21_WRONG,True,True,0.3707757890224457,0.4991496503353119,0.6292242109775543,0.33362022042274475,0.4863945543766022,0.6663797795772552,0.3300703465938568,0.4717261791229248,0.6699296534061432,0.26622143387794495,0.39009353518486023,0.733778566122055,0.3139041066169739,0.4642857015132904,0.6860958933830261
public,350,6,Neutral,V22_CORRECT_V21_WRONG,True,True,0.3845883905887604,0.5068027377128601,0.6154116094112396,0.41404610872268677,0.5667517185211182,0.5859538912773132,0.322785884141922,0.44897958636283875,0.677214115858078,0.32879042625427246,0.4598214328289032,0.6712095737457275,0.3544021546840668,0.5114795565605164,0.6455978453159332
public,354,4,Sad,V22_CORRECT_V21_WRONG,True,True,0.34962135553359985,0.4791666567325592,0.6503786444664001,0.3266705870628357,0.4723639488220215,0.6733294129371643,0.20143680274486542,0.31420066952705383,0.7985631972551346,0.25271520018577576,0.38796767592430115,0.7472847998142242,0.34144914150238037,0.49872449040412903,0.6585508584976196
public,361,2,Fear,V22_CORRECT_V21_WRONG,True,True,0.36132386326789856,0.49447277188301086,0.6386761367321014,0.41277068853378296,0.565263569355011,0.587229311466217,0.28278088569641113,0.4198554456233978,0.7172191143035889,0.25454914569854736,0.3928571343421936,0.7454508543014526,0.3928479552268982,0.5534297227859497,0.6071520447731018
public,363,6,Neutral,V22_CORRECT_V21_WRONG,True,True,0.3901103436946869,0.5323129296302795,0.6098896563053131,0.3471875786781311,0.4919217526912689,0.6528124213218689,0.24969707429409027,0.3722364008426666,0.7503029257059097,0.3004482090473175,0.4330357015132904,0.6995517909526825,0.3974778354167938,0.5463435053825378,0.6025221645832062
public,368,2,Fear,V21_CORRECT_V22_WRONG,True,True,0.2935869097709656,0.4056122303009033,0.7064130902290344,0.3351191282272339,0.4874574840068817,0.6648808717727661,0.2229592353105545,0.3465135991573334,0.7770407646894455,0.22733618319034576,0.35586732625961304,0.7726638168096542,0.34069424867630005,0.49518144130706787,0.6593057513237
public,372,4,Sad,V21_CORRECT_V22_WRONG,True,True,0.3092561960220337,0.4353741407394409,0.6907438039779663,0.2697986662387848,0.40667515993118286,0.7302013337612152,0.22703294456005096,0.35905611515045166,0.772967055439949,0.2552870213985443,0.3801020383834839,0.7447129786014557,0.356647789478302,0.5161564350128174,0.643352210521698
public,389,1,Disgust,V22_CORRECT_V21_WRONG,True,False,0.36729559302330017,0.4948979616165161,0.6327044069766998,0.34019747376441956,0.49234694242477417,0.6598025262355804,0.2591683864593506,0.39306971430778503,0.7408316135406494,0.20587165653705597,0.3297193944454193,0.794128343462944,0.35760360956192017,0.5147392749786377,0.6423963904380798
public,410,0,Angry,V22_CORRECT_V21_WRONG,True,True,0.3897969126701355,0.5267857313156128,0.6102030873298645,0.4428015351295471,0.5971513390541077,0.5571984648704529,0.36444199085235596,0.5112670063972473,0.635558009147644,0.26948311924934387,0.4039115607738495,0.7305168807506561,0.31708458065986633,0.46952947974205017,0.6829154193401337
public,416,6,Neutral,V21_CORRECT_V22_WRONG,True,True,0.32439520955085754,0.4562074840068817,0.6756047904491425,0.3150346875190735,0.45642006397247314,0.6849653124809265,0.32547181844711304,0.47130101919174194,0.674528181552887,0.2354610711336136,0.36267006397247314,0.7645389288663864,0.36691027879714966,0.5249433517456055,0.6330897212028503
public,429,4,Sad,V21_CORRECT_V22_WRONG,True,True,0.3506220281124115,0.4842686951160431,0.6493779718875885,0.29326412081718445,0.4343112111091614,0.7067358791828156,0.33996260166168213,0.48490646481513977,0.6600373983383179,0.25441408157348633,0.37244898080825806,0.7455859184265137,0.3550513684749603,0.5124716758728027,0.6449486315250397
public,430,4,Sad,V22_CORRECT_V21_WRONG,True,True,0.3611016273498535,0.4851190447807312,0.6388983726501465,0.3399062752723694,0.4800170063972473,0.6600937247276306,0.28616660833358765,0.4158163070678711,0.7138333916664124,0.27906128764152527,0.39902210235595703,0.7209387123584747,0.3364282250404358,0.4873866140842438,0.6635717749595642
public,434,3,Happy,V21_CORRECT_V22_WRONG,True,True,0.39056846499443054,0.5123299360275269,0.6094315350055695,0.3006151616573334,0.4447278678417206,0.6993848383426666,0.25928986072540283,0.39753401279449463,0.7407101392745972,0.32413965463638306,0.4798044264316559,0.6758603453636169,0.3520427346229553,0.5094954967498779,0.6479572653770447
public,435,6,Neutral,V22_CORRECT_V21_WRONG,True,True,0.35131052136421204,0.47789114713668823,0.648689478635788,0.41706520318984985,0.5690901279449463,0.5829347968101501,0.2775164246559143,0.42304420471191406,0.7224835753440857,0.31124481558799744,0.45578229427337646,0.6887551844120026,0.35568365454673767,0.5045351982116699,0.6443163454532623
public,440,0,Angry,V22_CORRECT_V21_WRONG,True,True,0.42540180683135986,0.5352891087532043,0.5745981931686401,0.3912166357040405,0.5380527377128601,0.6087833642959595,0.2568788528442383,0.3892431855201721,0.7431211471557617,0.22683845460414886,0.35671767592430115,0.7731615453958511,0.4213753640651703,0.5719954967498779,0.5786246359348297
public,445,2,Fear,V22_CORRECT_V21_WRONG,True,True,0.34275174140930176,0.47363945841789246,0.6572482585906982,0.41492894291877747,0.5716411471366882,0.5850710570812225,0.2426806092262268,0.36713433265686035,0.7573193907737732,0.21970732510089874,0.3326955735683441,0.7802926748991013,0.3607846796512604,0.5028344988822937,0.6392153203487396
public,453,4,Sad,V21_CORRECT_V22_WRONG,True,True,0.37836024165153503,0.495323121547699,0.621639758348465,0.36256471276283264,0.5021258592605591,0.6374352872371674,0.19838690757751465,0.31356292963027954,0.8016130924224854,0.2709190547466278,0.4041241407394409,0.7290809452533722,0.38716092705726624,0.552862823009491,0.6128390729427338
public,454,4,Sad,V22_CORRECT_V21_WRONG,True,True,0.3319292962551117,0.44387754797935486,0.6680707037448883,0.3013862073421478,0.4449404776096344,0.6986137926578522,0.23075678944587708,0.3616071343421936,0.7692432105541229,0.2497604489326477,0.38499149680137634,0.7502395510673523,0.3608778119087219,0.5231009125709534,0.6391221880912781
public,465,4,Sad,V22_CORRECT_V21_WRONG,True,True,0.3155061900615692,0.4404761791229248,0.6844938099384308,0.37797799706459045,0.5242347121238708,0.6220220029354095,0.21058571338653564,0.3235544264316559,0.7894142866134644,0.2720489501953125,0.4047619104385376,0.7279510498046875,0.3250192701816559,0.48044222593307495,0.6749807298183441
public,477,6,Neutral,V22_CORRECT_V21_WRONG,True,True,0.37886399030685425,0.5161564350128174,0.6211360096931458,0.3328673839569092,0.48384353518486023,0.6671326160430908,0.27987635135650635,0.40667515993118286,0.7201236486434937,0.2602718770503998,0.39902210235595703,0.7397281229496002,0.38206714391708374,0.540107786655426,0.6179328560829163
public,478,2,Fear,V22_CORRECT_V21_WRONG,True,True,0.3054506480693817,0.426870733499527,0.6945493519306183,0.38432222604751587,0.5378401279449463,0.6156777739524841,0.28940293192863464,0.42878401279449463,0.7105970680713654,0.2427949160337448,0.3639455735683441,0.7572050839662552,0.4462226629257202,0.5963718891143799,0.5537773370742798
public,481,6,Neutral,V21_CORRECT_V22_WRONG,True,True,0.3097818195819855,0.4404761791229248,0.6902181804180145,0.3697196841239929,0.5210459232330322,0.6302803158760071,0.4012373089790344,0.5352891087532043,0.5987626910209656,0.26883864402770996,0.4047619104385376,0.73116135597229,0.328706294298172,0.4822845757007599,0.671293705701828
public,495,4,Sad,V21_CORRECT_V22_WRONG,True,True,0.3079257905483246,0.42899659276008606,0.6920742094516754,0.32701700925827026,0.47215133905410767,0.6729829907417297,0.3298454284667969,0.4776785671710968,0.6701545715332031,0.1935378760099411,0.3146258294582367,0.8064621239900589,0.37890225648880005,0.5378401279449463,0.6210977435112
public,500,6,Neutral,V21_CORRECT_V22_WRONG,True,True,0.3934408128261566,0.5161564350128174,0.6065591871738434,0.4065215289592743,0.5616496205329895,0.5934784710407257,0.3717372417449951,0.521896243095398,0.6282627582550049,0.3131846785545349,0.45408162474632263,0.6868153214454651,0.4030378460884094,0.5590986609458923,0.5969621539115906
public,505,3,Happy,V22_CORRECT_V21_WRONG,True,True,0.3155355155467987,0.4413265287876129,0.6844644844532013,0.3014470338821411,0.4502550959587097,0.6985529661178589,0.23883669078350067,0.3594812750816345,0.7611633092164993,0.2638661563396454,0.4068877398967743,0.7361338436603546,0.3496609032154083,0.4975907504558563,0.6503390967845917
public,508,0,Angry,V22_CORRECT_V21_WRONG,True,True,0.4252554178237915,0.5544217824935913,0.5747445821762085,0.3923262059688568,0.5365645885467529,0.6076737940311432,0.2655828297138214,0.4011479616165161,0.7344171702861786,0.2344493716955185,0.3613945543766022,0.7655506283044815,0.3330954313278198,0.48469385504722595,0.6669045686721802
public,513,5,Surprise,V22_CORRECT_V21_WRONG,True,True,0.388248473405838,0.5272108912467957,0.611751526594162,0.3635118305683136,0.5125424861907959,0.6364881694316864,0.2858581840991974,0.426870733499527,0.7141418159008026,0.31666943430900574,0.46024659276008606,0.6833305656909943,0.4083830416202545,0.5663264989852905,0.5916169583797455
public,520,3,Happy,V22_CORRECT_V21_WRONG,True,True,0.3344479501247406,0.4672618806362152,0.6655520498752594,0.3710627555847168,0.5244472622871399,0.6289372444152832,0.3569675385951996,0.5017006993293762,0.6430324614048004,0.301348477602005,0.44005101919174194,0.698651522397995,0.3464289605617523,0.5062358379364014,0.6535710394382477
public,528,4,Sad,V21_CORRECT_V22_WRONG,True,True,0.35603415966033936,0.4872448742389679,0.6439658403396606,0.3269476592540741,0.4732142686843872,0.6730523407459259,0.22450782358646393,0.35140305757522583,0.7754921764135361,0.31005367636680603,0.45131802558898926,0.689946323633194,0.34392955899238586,0.49461451172828674,0.6560704410076141
public,533,5,Surprise,V21_CORRECT_V22_WRONG,True,True,0.3592691719532013,0.4859693646430969,0.6407308280467987,0.356871098279953,0.49511054158210754,0.643128901720047,0.30801090598106384,0.45578229427337646,0.6919890940189362,0.20065748691558838,0.3178146183490753,0.7993425130844116,0.3298697769641876,0.4871031939983368,0.6701302230358124
public,537,6,Neutral,V21_CORRECT_V22_WRONG,True,True,0.442561537027359,0.5659013390541077,0.557438462972641,0.3365996479988098,0.47937923669815063,0.6634003520011902,0.2743799090385437,0.4105016887187958,0.7256200909614563,0.34504184126853943,0.49298468232154846,0.6549581587314606,0.3475508987903595,0.506944477558136,0.6524491012096405
public,541,6,Neutral,V21_CORRECT_V22_WRONG,True,False,0.3576807975769043,0.48681971430778503,0.6423192024230957,0.48250603675842285,0.6215986013412476,0.5174939632415771,0.2380412071943283,0.3511904776096344,0.7619587928056717,0.24747100472450256,0.3741496503353119,0.7525289952754974,0.41871196031570435,0.5753968358039856,0.5812880396842957
public,550,0,Angry,V22_CORRECT_V21_WRONG,True,True,0.3425377905368805,0.4625850319862366,0.6574622094631195,0.3630034923553467,0.4982993006706238,0.6369965076446533,0.28512701392173767,0.4247449040412903,0.7148729860782623,0.2778864800930023,0.4143282175064087,0.7221135199069977,0.3814751207828522,0.538690447807312,0.6185248792171478
public,555,4,Sad,V22_CORRECT_V21_WRONG,True,True,0.3744579553604126,0.5034013390541077,0.6255420446395874,0.3172811269760132,0.462797611951828,0.6827188730239868,0.25765323638916016,0.3735119104385376,0.7423467636108398,0.23938265442848206,0.3616071343421936,0.7606173455715179,0.4071691036224365,0.5632086396217346,0.5928308963775635
public,561,4,Sad,V22_CORRECT_V21_WRONG,True,True,0.4302615523338318,0.5710033774375916,0.5697384476661682,0.3398626744747162,0.4938350319862366,0.6601373255252838,0.3406769931316376,0.49298468232154846,0.6593230068683624,0.23985186219215393,0.37011054158210754,0.7601481378078461,0.3577826917171478,0.5177154541015625,0.6422173082828522
public,568,2,Fear,V22_CORRECT_V21_WRONG,True,True,0.3183842897415161,0.43707481026649475,0.6816157102584839,0.2922482192516327,0.43792515993118286,0.7077517807483673,0.24267564713954926,0.37074828147888184,0.7573243528604507,0.24477173388004303,0.37755101919174194,0.755228266119957,0.3144836723804474,0.46967121958732605,0.6855163276195526
public,570,0,Angry,V21_CORRECT_V22_WRONG,True,True,0.3415214419364929,0.4655612111091614,0.6584785580635071,0.2447710633277893,0.37691324949264526,0.7552289366722107,0.3208104372024536,0.4619472622871399,0.6791895627975464,0.250882625579834,0.37606292963027954,0.749117374420166,0.3844819962978363,0.5422335863113403,0.6155180037021637
public,573,0,Angry,V21_CORRECT_V22_WRONG,True,True,0.40777280926704407,0.5442177057266235,0.5922271907329559,0.43641915917396545,0.5894982814788818,0.5635808408260345,0.3621467351913452,0.4955357015132904,0.6378532648086548,0.20990855991840363,0.3169642686843872,0.7900914400815964,0.34478655457496643,0.49872449040412903,0.6552134454250336
public,578,2,Fear,V21_CORRECT_V22_WRONG,True,True,0.3011864721775055,0.4234693646430969,0.6988135278224945,0.383435994386673,0.5425170063972473,0.616564005613327,0.29838883876800537,0.4398384392261505,0.7016111612319946,0.32093939185142517,0.45727041363716125,0.6790606081485748,0.3916713297367096,0.5480442047119141,0.6083286702632904
public,596,4,Sad,V22_CORRECT_V21_WRONG,True,True,0.3363765478134155,0.4693877398967743,0.6636234521865845,0.3442670404911041,0.49574828147888184,0.6557329595088959,0.3717825710773468,0.5282738208770752,0.6282174289226532,0.28226423263549805,0.4234693646430969,0.717735767364502,0.31355229020118713,0.4688208997249603,0.6864477097988129
public,599,0,Angry,V22_CORRECT_V21_WRONG,True,True,0.4065122902393341,0.5276360511779785,0.5934877097606659,0.36687377095222473,0.509991466999054,0.6331262290477753,0.2900087535381317,0.42665815353393555,0.7099912464618683,0.2798610329627991,0.4198554456233978,0.7201389670372009,0.3642459511756897,0.5151644349098206,0.6357540488243103
public,600,4,Sad,V22_CORRECT_V21_WRONG,True,True,0.3296769857406616,0.44600337743759155,0.6703230142593384,0.3100578486919403,0.4545067846775055,0.6899421513080597,0.26833075284957886,0.4092261791229248,0.7316692471504211,0.24242836236953735,0.37521257996559143,0.7575716376304626,0.37051740288734436,0.529053270816803,0.6294825971126556
public,601,6,Neutral,V22_CORRECT_V21_WRONG,True,True,0.3663680851459503,0.49872449040412903,0.6336319148540497,0.33683863282203674,0.4895833134651184,0.6631613671779633,0.2777652442455292,0.4164540767669678,0.7222347557544708,0.3457728624343872,0.4887329936027527,0.6542271375656128,0.33951282501220703,0.5008503198623657,0.660487174987793
public,608,4,Sad,V22_CORRECT_V21_WRONG,True,True,0.38513126969337463,0.5276360511779785,0.6148687303066254,0.43563348054885864,0.5812074542045593,0.5643665194511414,0.2572225332260132,0.39859694242477417,0.7427774667739868,0.2653357982635498,0.38435372710227966,0.7346642017364502,0.4082469642162323,0.5629251599311829,0.5917530357837677
public,613,4,Sad,V22_CORRECT_V21_WRONG,True,True,0.35277125239372253,0.4783163070678711,0.6472287476062775,0.288671612739563,0.4309098422527313,0.711328387260437,0.24995644390583038,0.38052719831466675,0.7500435560941696,0.3039439022541046,0.4402635991573334,0.6960560977458954,0.3250836730003357,0.47562360763549805,0.6749163269996643
public,614,5,Surprise,V21_CORRECT_V22_WRONG,True,True,0.33155983686447144,0.46386054158210754,0.6684401631355286,0.3440829813480377,0.48681971430778503,0.6559170186519623,0.2661568820476532,0.4056122303009033,0.7338431179523468,0.19188292324543,0.3029336631298065,0.80811707675457,0.36625000834465027,0.5231009125709534,0.6337499916553497
public,635,0,Angry,V21_CORRECT_V22_WRONG,True,True,0.41804707050323486,0.5395408272743225,0.5819529294967651,0.36665743589401245,0.5221088528633118,0.6333425641059875,0.28635373711586,0.4247449040412903,0.71364626288414,0.26875558495521545,0.4047619104385376,0.7312444150447845,0.318103551864624,0.46754539012908936,0.681896448135376
public,637,2,Fear,V22_CORRECT_V21_WRONG,True,True,0.3572847545146942,0.49277210235595703,0.6427152454853058,0.3507106304168701,0.5063775181770325,0.6492893695831299,0.3039695918560028,0.44068875908851624,0.6960304081439972,0.2169286459684372,0.32546767592430115,0.7830713540315628,0.4096604883670807,0.5646258592605591,0.5903395116329193
public,639,0,Angry,V22_CORRECT_V21_WRONG,True,True,0.39344096183776855,0.5174319744110107,0.6065590381622314,0.3483108580112457,0.495323121547699,0.6516891419887543,0.3275159001350403,0.46598637104034424,0.6724840998649597,0.32228153944015503,0.46152210235595703,0.677718460559845,0.4578419327735901,0.6101190447807312,0.5421580672264099
public,640,2,Fear,V21_CORRECT_V22_WRONG,True,True,0.3453819155693054,0.46386054158210754,0.6546180844306946,0.32187220454216003,0.4598214328289032,0.67812779545784,0.2687264680862427,0.40646257996559143,0.7312735319137573,0.3180098831653595,0.426870733499527,0.6819901168346405,0.33223167061805725,0.4801587462425232,0.6677683293819427
public,643,6,Neutral,V22_CORRECT_V21_WRONG,True,True,0.322280615568161,0.4515306055545807,0.677719384431839,0.29745420813560486,0.44515305757522583,0.7025457918643951,0.27111977338790894,0.41028910875320435,0.7288802266120911,0.3039221167564392,0.4366496503353119,0.6960778832435608,0.36595118045806885,0.5248016715049744,0.6340488195419312
public,645,5,Surprise,V22_CORRECT_V21_WRONG,True,True,0.3218478560447693,0.4613095223903656,0.6781521439552307,0.3887747824192047,0.5469812750816345,0.6112252175807953,0.2911767065525055,0.42219385504722595,0.7088232934474945,0.19515837728977203,0.31568875908851624,0.804841622710228,0.31228986382484436,0.46598637104034424,0.6877101361751556
public,647,5,Surprise,V21_CORRECT_V22_WRONG,True,True,0.37940841913223267,0.5,0.6205915808677673,0.36528876423835754,0.5189200639724731,0.6347112357616425,0.25279635190963745,0.38435372710227966,0.7472036480903625,0.2582671046257019,0.3905186951160431,0.7417328953742981,0.32868292927742004,0.48554420471191406,0.67131707072258
public,650,2,Fear,V22_CORRECT_V21_WRONG,True,True,0.31340277194976807,0.44005101919174194,0.6865972280502319,0.25979188084602356,0.39328229427337646,0.7402081191539764,0.30873730778694153,0.45344385504722595,0.6912626922130585,0.26490405201911926,0.3994472622871399,0.7350959479808807,0.34926897287368774,0.5042517185211182,0.6507310271263123
public,657,2,Fear,V22_CORRECT_V21_WRONG,True,True,0.3336261510848999,0.46471086144447327,0.6663738489151001,0.27583834528923035,0.41560372710227966,0.7241616547107697,0.2877342998981476,0.43197277188301086,0.7122657001018524,0.31934481859207153,0.46386054158210754,0.6806551814079285,0.3450632095336914,0.5042517185211182,0.6549367904663086
public,660,4,Sad,V21_CORRECT_V22_WRONG,True,True,0.38203108310699463,0.5004251599311829,0.6179689168930054,0.28875938057899475,0.4202806055545807,0.7112406194210052,0.2276780754327774,0.35246598720550537,0.7723219245672226,0.3045191764831543,0.43494898080825806,0.6954808235168457,0.3737800717353821,0.538123607635498,0.6262199282646179
public,666,6,Neutral,V21_CORRECT_V22_WRONG,True,True,0.399980753660202,0.5106292366981506,0.600019246339798,0.38616713881492615,0.5395408272743225,0.6138328611850739,0.20808616280555725,0.32121598720550537,0.7919138371944427,0.2569616734981537,0.3886054456233978,0.7430383265018463,0.3169223964214325,0.46782881021499634,0.6830776035785675
public,670,4,Sad,V22_CORRECT_V21_WRONG,True,True,0.2948429584503174,0.41921767592430115,0.7051570415496826,0.43382367491722107,0.5905612111091614,0.5661763250827789,0.29423409700393677,0.42431971430778503,0.7057659029960632,0.2694994807243347,0.39689624309539795,0.7305005192756653,0.3164620101451874,0.4699546694755554,0.6835379898548126
public,675,6,Neutral,V22_CORRECT_V21_WRONG,True,True,0.33524367213249207,0.45578229427337646,0.6647563278675079,0.3780882954597473,0.5338010191917419,0.6219117045402527,0.3174279034137726,0.46301019191741943,0.6825720965862274,0.318179190158844,0.4625850319862366,0.681820809841156,0.3675178289413452,0.5239512324333191,0.6324821710586548
public,677,4,Sad,V21_CORRECT_V22_WRONG,True,True,0.2746378183364868,0.39625850319862366,0.7253621816635132,0.41901111602783203,0.5775935053825378,0.580988883972168,0.2760082185268402,0.40880101919174194,0.7239917814731598,0.229779452085495,0.3613945543766022,0.770220547914505,0.31206777691841125,0.46853742003440857,0.6879322230815887
public,678,4,Sad,V22_CORRECT_V21_WRONG,True,True,0.3558613657951355,0.4851190447807312,0.6441386342048645,0.2886025011539459,0.4234693646430969,0.7113974988460541,0.20030812919139862,0.30378401279449463,0.7996918708086014,0.24574434757232666,0.3720237910747528,0.7542556524276733,0.4015914797782898,0.5534297227859497,0.5984085202217102
public,684,4,Sad,V21_CORRECT_V22_WRONG,True,True,0.3975706100463867,0.5229591727256775,0.6024293899536133,0.351039856672287,0.4970237910747528,0.648960143327713,0.2747718393802643,0.41326528787612915,0.7252281606197357,0.36215725541114807,0.4968112111091614,0.6378427445888519,0.3029146194458008,0.4512471854686737,0.6970853805541992
public,695,3,Happy,V22_CORRECT_V21_WRONG,True,True,0.38587528467178345,0.5102040767669678,0.6141247153282166,0.36543506383895874,0.5201955437660217,0.6345649361610413,0.33427610993385315,0.4812925159931183,0.6657238900661469,0.24578647315502167,0.37755101919174194,0.7542135268449783,0.40259307622909546,0.5646258592605591,0.5974069237709045
public,702,2,Fear,V21_CORRECT_V22_WRONG,True,True,0.35475635528564453,0.4889455735683441,0.6452436447143555,0.2970081567764282,0.4449404776096344,0.7029918432235718,0.3055908977985382,0.44749149680137634,0.6944091022014618,0.22406838834285736,0.34778910875320435,0.7759316116571426,0.3817473351955414,0.5374149680137634,0.6182526648044586
public,707,0,Angry,V22_CORRECT_V21_WRONG,True,True,0.38644781708717346,0.5233843326568604,0.6135521829128265,0.3432227671146393,0.49234694242477417,0.6567772328853607,0.2995840907096863,0.4434523582458496,0.7004159092903137,0.24494396150112152,0.37244898080825806,0.7550560384988785,0.3584086000919342,0.5138888955116272,0.6415913999080658
public,740,6,Neutral,V22_CORRECT_V21_WRONG,True,True,0.4051051139831543,0.5408163070678711,0.5948948860168457,0.2730613648891449,0.40497449040412903,0.7269386351108551,0.25661909580230713,0.38052719831466675,0.7433809041976929,0.21796920895576477,0.33439624309539795,0.7820307910442352,0.3457103371620178,0.5028344988822937,0.6542896628379822
public,743,6,Neutral,V21_CORRECT_V22_WRONG,True,True,0.33592498302459717,0.4417516887187958,0.6640750169754028,0.3106979727745056,0.46173468232154846,0.6893020272254944,0.3250618577003479,0.47640305757522583,0.6749381422996521,0.3126493990421295,0.45578229427337646,0.6873506009578705,0.3891255259513855,0.5532880425453186,0.6108744740486145
public,749,3,Happy,V22_CORRECT_V21_WRONG,True,True,0.30621466040611267,0.4375,0.6937853395938873,0.4750531017780304,0.6301020383834839,0.5249468982219696,0.34978705644607544,0.4961734712123871,0.6502129435539246,0.34163346886634827,0.4749149680137634,0.6583665311336517,0.3122504949569702,0.4634353518486023,0.6877495050430298
public,750,3,Happy,V21_CORRECT_V22_WRONG,True,True,0.3639499843120575,0.4919217526912689,0.6360500156879425,0.28788095712661743,0.4300595223903656,0.7121190428733826,0.30929502844810486,0.44961732625961304,0.6907049715518951,0.22826457023620605,0.35140305757522583,0.771735429763794,0.3704695999622345,0.528769850730896,0.6295304000377655
public,753,2,Fear,V21_CORRECT_V22_WRONG,True,True,0.3616815507411957,0.5038264989852905,0.6383184492588043,0.3096121549606323,0.44749149680137634,0.6903878450393677,0.2954516112804413,0.43771257996559143,0.7045483887195587,0.2325896918773651,0.34715133905410767,0.7674103081226349,0.3179321885108948,0.4739229381084442,0.6820678114891052
public,755,3,Happy,V22_CORRECT_V21_WRONG,True,True,0.35780417919158936,0.49447277188301086,0.6421958208084106,0.4159523546695709,0.5701530575752258,0.5840476453304291,0.3222505748271942,0.46471086144447327,0.6777494251728058,0.23926615715026855,0.36500850319862366,0.7607338428497314,0.352215051651001,0.5124717354774475,0.647784948348999
public,757,5,Surprise,V22_CORRECT_V21_WRONG,True,True,0.4362809360027313,0.5778061151504517,0.5637190639972687,0.45600220561027527,0.601190447807312,0.5439977943897247,0.27109774947166443,0.40625,0.7289022505283356,0.32892584800720215,0.462797611951828,0.6710741519927979,0.32642483711242676,0.47562360763549805,0.6735751628875732
public,766,3,Happy,V22_CORRECT_V21_WRONG,True,True,0.311463862657547,0.43792515993118286,0.688536137342453,0.2807089686393738,0.4234693646430969,0.7192910313606262,0.32950305938720703,0.47810372710227966,0.670496940612793,0.3020998239517212,0.4432397782802582,0.6979001760482788,0.3644542992115021,0.5236678123474121,0.6355457007884979
public,768,0,Angry,V21_CORRECT_V22_WRONG,True,True,0.4403028190135956,0.5612244606018066,0.5596971809864044,0.3646925091743469,0.5006377696990967,0.6353074908256531,0.2731654942035675,0.39859694242477417,0.7268345057964325,0.3166593313217163,0.45046767592430115,0.6833406686782837,0.3399931788444519,0.5004251599311829,0.6600068211555481
public,772,4,Sad,V21_CORRECT_V22_WRONG,True,True,0.34529590606689453,0.4613095223903656,0.6547040939331055,0.2853524088859558,0.42219385504722595,0.7146475911140442,0.3083440661430359,0.4432397782802582,0.6916559338569641,0.270260751247406,0.40603742003440857,0.729739248752594,0.3753895163536072,0.5365645885467529,0.6246104836463928
public,780,4,Sad,V21_CORRECT_V22_WRONG,True,True,0.44225555658340454,0.5722789168357849,0.5577444434165955,0.3646833300590515,0.5242347121238708,0.6353166699409485,0.3054567277431488,0.4494047462940216,0.6945432722568512,0.26365000009536743,0.39625850319862366,0.7363499999046326,0.3579998314380646,0.5192744135856628,0.6420001685619354
public,805,3,Happy,V22_CORRECT_V21_WRONG,True,True,0.40480169653892517,0.5301870703697205,0.5951983034610748,0.32612329721450806,0.46619898080825806,0.6738767027854919,0.218111053109169,0.33588433265686035,0.781888946890831,0.32342293858528137,0.46981292963027954,0.6765770614147186,0.358005166053772,0.5133220553398132,0.641994833946228
public,833,5,Surprise,V21_CORRECT_V22_WRONG,True,True,0.4022168517112732,0.534013569355011,0.5977831482887268,0.3570133149623871,0.5106292366981506,0.6429866850376129,0.24416807293891907,0.36564624309539795,0.7558319270610809,0.2628619372844696,0.37840133905410767,0.7371380627155304,0.3381454646587372,0.4981576204299927,0.6618545353412628
public,834,2,Fear,V22_CORRECT_V21_WRONG,True,True,0.3408970534801483,0.47193875908851624,0.6591029465198517,0.4048391282558441,0.5533588528633118,0.5951608717441559,0.2797757685184479,0.41624149680137634,0.7202242314815521,0.296205073595047,0.44217684864997864,0.703794926404953,0.38025715947151184,0.5401077270507812,0.6197428405284882
public,836,6,Neutral,V21_CORRECT_V22_WRONG,True,True,0.3040292263031006,0.4026360511779785,0.6959707736968994,0.32422205805778503,0.4649234712123871,0.675777941942215,0.20832347869873047,0.318452388048172,0.7916765213012695,0.25133761763572693,0.37478742003440857,0.7486623823642731,0.39184606075286865,0.5518707633018494,0.6081539392471313
public,844,4,Sad,V21_CORRECT_V22_WRONG,True,True,0.38585907220840454,0.5212584733963013,0.6141409277915955,0.30842819809913635,0.4585459232330322,0.6915718019008636,0.31487008929252625,0.45344385504722595,0.6851299107074738,0.25904956459999084,0.3920067846775055,0.7409504354000092,0.35033684968948364,0.5117630362510681,0.6496631503105164
public,847,6,Neutral,V22_CORRECT_V21_WRONG,True,True,0.3914070725440979,0.5293367505073547,0.6085929274559021,0.3104206919670105,0.4604591727256775,0.6895793080329895,0.22593580186367035,0.3473639488220215,0.7740641981363297,0.30780428647994995,0.45131802558898926,0.69219571352005,0.36558154225349426,0.5110543966293335,0.6344184577465057
public,850,6,Neutral,V21_CORRECT_V22_WRONG,True,True,0.3151074945926666,0.4136904776096344,0.6848925054073334,0.3973866403102875,0.553146243095398,0.6026133596897125,0.2465803176164627,0.3756377398967743,0.7534196823835373,0.27471187710762024,0.41390305757522583,0.7252881228923798,0.344008207321167,0.49971655011177063,0.655991792678833
public,858,2,Fear,V21_CORRECT_V22_WRONG,True,True,0.35748106241226196,0.4710884392261505,0.642518937587738,0.3358956277370453,0.4806547462940216,0.6641043722629547,0.19083328545093536,0.2997449040412903,0.8091667145490646,0.17057070136070251,0.27487245202064514,0.8294292986392975,0.3433237671852112,0.495323121547699,0.6566762328147888
public,867,4,Sad,V21_CORRECT_V22_WRONG,True,True,0.3468271791934967,0.4604591727256775,0.6531728208065033,0.32441258430480957,0.4749149680137634,0.6755874156951904,0.3499401807785034,0.488095223903656,0.6500598192214966,0.2502312660217285,0.3815901279449463,0.7497687339782715,0.31700098514556885,0.46598637104034424,0.6829990148544312
public,874,4,Sad,V21_CORRECT_V22_WRONG,True,True,0.37559834122657776,0.5055271983146667,0.6244016587734222,0.3855051100254059,0.531462550163269,0.6144948899745941,0.31444212794303894,0.4434523582458496,0.6855578720569611,0.3026588559150696,0.44685372710227966,0.6973411440849304,0.34142884612083435,0.49844104051589966,0.6585711538791656
public,876,4,Sad,V21_CORRECT_V22_WRONG,True,True,0.3780987858772278,0.4889455735683441,0.6219012141227722,0.2752395570278168,0.40646257996559143,0.7247604429721832,0.30894309282302856,0.4398384392261505,0.6910569071769714,0.26363667845726013,0.3801020383834839,0.7363633215427399,0.33997154235839844,0.49348074197769165,0.6600284576416016
public,892,6,Neutral,V21_CORRECT_V22_WRONG,True,True,0.2639291286468506,0.3852040767669678,0.7360708713531494,0.3771621584892273,0.5342261791229248,0.6228378415107727,0.23972447216510773,0.3684098422527313,0.7602755278348923,0.2693604528903961,0.39094385504722595,0.7306395471096039,0.37215009331703186,0.5219671726226807,0.6278499066829681
public,899,6,Neutral,V22_CORRECT_V21_WRONG,True,True,0.3913134038448334,0.5195578336715698,0.6086865961551666,0.3470340967178345,0.49893707036972046,0.6529659032821655,0.1816595196723938,0.29336732625961304,0.8183404803276062,0.35654133558273315,0.5053145885467529,0.6434586644172668,0.356108695268631,0.5117630362510681,0.643891304731369
public,902,2,Fear,V21_CORRECT_V22_WRONG,True,True,0.3689698576927185,0.4978741407394409,0.6310301423072815,0.36661815643310547,0.5214710831642151,0.6333818435668945,0.31006020307540894,0.4517431855201721,0.6899397969245911,0.2003718614578247,0.3182397782802582,0.7996281385421753,0.34193822741508484,0.5002834796905518,0.6580617725849152
public,915,6,Neutral,V21_CORRECT_V22_WRONG,True,True,0.3814496397972107,0.507227897644043,0.6185503602027893,0.4001878499984741,0.5559098720550537,0.5998121500015259,0.3508301377296448,0.5,0.6491698622703552,0.2884450852870941,0.4232567846775055,0.7115549147129059,0.3442196547985077,0.49744898080825806,0.6557803452014923
public,919,4,Sad,V21_CORRECT_V22_WRONG,True,True,0.36319705843925476,0.48852038383483887,0.6368029415607452,0.34653154015541077,0.4889455735683441,0.6534684598445892,0.3108757734298706,0.4436649680137634,0.6891242265701294,0.2811239957809448,0.40582481026649475,0.7188760042190552,0.3467416763305664,0.5012754797935486,0.6532583236694336
public,927,6,Neutral,V21_CORRECT_V22_WRONG,True,True,0.37637072801589966,0.4948979616165161,0.6236292719841003,0.3166271448135376,0.458120733499527,0.6833728551864624,0.23945635557174683,0.3569302558898926,0.7605436444282532,0.26406624913215637,0.38414114713668823,0.7359337508678436,0.36516252160072327,0.5222506523132324,0.6348374783992767
public,932,5,Surprise,V21_CORRECT_V22_WRONG,True,True,0.4619658887386322,0.5769557952880859,0.5380341112613678,0.4403688609600067,0.5801445245742798,0.5596311390399933,0.20547957718372345,0.31887754797935486,0.7945204228162766,0.27411189675331116,0.40816324949264526,0.7258881032466888,0.48748019337654114,0.6397392749786377,0.5125198066234589
public,934,3,Happy,V21_CORRECT_V22_WRONG,True,False,0.3481305241584778,0.483418345451355,0.6518694758415222,0.39215388894081116,0.5442177057266235,0.6078461110591888,0.24589647352695465,0.3652210831642151,0.7541035264730453,0.3466167747974396,0.48703229427337646,0.6533832252025604,0.33550766110420227,0.484127014875412,0.6644923388957977
public,939,3,Happy,V22_CORRECT_V21_WRONG,True,True,0.4118180572986603,0.5323129296302795,0.5881819427013397,0.31607121229171753,0.4589710831642151,0.6839287877082825,0.28915491700172424,0.4249574840068817,0.7108450829982758,0.2779083847999573,0.40625,0.7220916152000427,0.39240533113479614,0.5483276844024658,0.6075946688652039
public,944,0,Angry,V21_CORRECT_V22_WRONG,True,True,0.44178640842437744,0.5680271983146667,0.5582135915756226,0.3962016701698303,0.5457057952880859,0.6037983298301697,0.3305388391017914,0.4744897782802582,0.6694611608982086,0.22869442403316498,0.3579931855201721,0.771305575966835,0.41901084780693054,0.5814909338951111,0.5809891521930695
public,945,4,Sad,V21_CORRECT_V22_WRONG,True,True,0.35588160157203674,0.47746598720550537,0.6441183984279633,0.31922733783721924,0.4664115607738495,0.6807726621627808,0.26924267411231995,0.40795066952705383,0.73075732588768,0.2858547866344452,0.4219812750816345,0.7141452133655548,0.3961833417415619,0.5508787035942078,0.6038166582584381
public,947,6,Neutral,V21_CORRECT_V22_WRONG,True,True,0.40667086839675903,0.5484693646430969,0.593329131603241,0.3914060592651367,0.5369898080825806,0.6085939407348633,0.26774877309799194,0.3877550959587097,0.7322512269020081,0.21824967861175537,0.33886054158210754,0.7817503213882446,0.32354745268821716,0.47959181666374207,0.6764525473117828
public,967,2,Fear,V22_CORRECT_V21_WRONG,True,True,0.3382527530193329,0.47746598720550537,0.6617472469806671,0.367643266916275,0.5136054158210754,0.632356733083725,0.3155836760997772,0.45429420471191406,0.6844163239002228,0.3230315148830414,0.46152210235595703,0.6769684851169586,0.3665210008621216,0.5219671726226807,0.6334789991378784
public,974,6,Neutral,V21_CORRECT_V22_WRONG,True,True,0.4106946587562561,0.5425170063972473,0.5893053412437439,0.2925322651863098,0.4383503198623657,0.7074677348136902,0.22220756113529205,0.3282312750816345,0.777792438864708,0.2741823196411133,0.3979591727256775,0.7258176803588867,0.3446447551250458,0.5009921193122864,0.6553552448749542
public,978,4,Sad,V22_CORRECT_V21_WRONG,True,True,0.292321115732193,0.41113945841789246,0.707678884267807,0.2778063416481018,0.41836732625961304,0.7221936583518982,0.306779146194458,0.44600337743759155,0.693220853805542,0.4142761826515198,0.5497449040412903,0.5857238173484802,0.3454127609729767,0.5048186182975769,0.6545872390270233
public,983,4,Sad,V22_CORRECT_V21_WRONG,True,True,0.3978821039199829,0.5259353518486023,0.6021178960800171,0.3377748131752014,0.47959181666374207,0.6622251868247986,0.36826205253601074,0.49893707036972046,0.6317379474639893,0.2445298433303833,0.3764880895614624,0.7554701566696167,0.31235986948013306,0.4681122899055481,0.6876401305198669
public,984,4,Sad,V22_CORRECT_V21_WRONG,True,True,0.43852338194847107,0.5663264989852905,0.5614766180515289,0.4199405610561371,0.5765305757522583,0.5800594389438629,0.3519485294818878,0.49957481026649475,0.6480514705181122,0.2693893611431122,0.40603742003440857,0.7306106388568878,0.38906922936439514,0.5415249466896057,0.6109307706356049
public,992,2,Fear,V21_CORRECT_V22_WRONG,True,True,0.3487807810306549,0.4710884392261505,0.6512192189693451,0.28550586104393005,0.4306972622871399,0.71449413895607,0.24079497158527374,0.3688350319862366,0.7592050284147263,0.28644511103630066,0.42070576548576355,0.7135548889636993,0.35100871324539185,0.5059523582458496,0.6489912867546082
public,996,2,Fear,V22_CORRECT_V21_WRONG,True,True,0.40888357162475586,0.5344387888908386,0.5911164283752441,0.306029736995697,0.456845223903656,0.693970263004303,0.2750636339187622,0.40518707036972046,0.7249363660812378,0.22234828770160675,0.34566324949264526,0.7776517122983932,0.2750891447067261,0.41808390617370605,0.7249108552932739
public,998,3,Happy,V21_CORRECT_V22_WRONG,True,True,0.3715392053127289,0.5068027377128601,0.6284607946872711,0.3826071321964264,0.5125424861907959,0.6173928678035736,0.30569136142730713,0.4402635991573334,0.6943086385726929,0.3490520119667053,0.5025510191917419,0.6509479880332947,0.3150130808353424,0.4631519317626953,0.6849869191646576
public,1001,4,Sad,V21_CORRECT_V22_WRONG,True,True,0.3423387110233307,0.45875850319862366,0.6576612889766693,0.29933637380599976,0.4434523582458496,0.7006636261940002,0.3669092655181885,0.5161564350128174,0.6330907344818115,0.2805010974407196,0.41857993602752686,0.7194989025592804,0.3469349145889282,0.5052437782287598,0.6530650854110718
public,1002,6,Neutral,V21_CORRECT_V22_WRONG,True,True,0.3781266510486603,0.49957481026649475,0.6218733489513397,0.4214514493942261,0.577168345451355,0.5785485506057739,0.31647780537605286,0.4621598422527313,0.6835221946239471,0.2861691117286682,0.419642835855484,0.7138308882713318,0.3376385569572449,0.4897959232330322,0.6623614430427551
public,1003,2,Fear,V22_CORRECT_V21_WRONG,True,True,0.3585972487926483,0.488095223903656,0.6414027512073517,0.2656400501728058,0.40284863114356995,0.7343599498271942,0.2894076406955719,0.42580780386924744,0.7105923593044281,0.2619815468788147,0.39306971430778503,0.7380184531211853,0.3525840938091278,0.5103458166122437,0.6474159061908722
public,1006,4,Sad,V21_CORRECT_V22_WRONG,True,True,0.31410664319992065,0.42219385504722595,0.6858933568000793,0.2812657952308655,0.41921767592430115,0.7187342047691345,0.26063060760498047,0.4009353518486023,0.7393693923950195,0.31668737530708313,0.4598214328289032,0.6833126246929169,0.4170062243938446,0.5753968358039856,0.5829937756061554
public,1012,6,Neutral,V22_CORRECT_V21_WRONG,True,True,0.38457435369491577,0.49659863114356995,0.6154256463050842,0.3429746627807617,0.4730016887187958,0.6570253372192383,0.26923537254333496,0.4056122303009033,0.730764627456665,0.33251598477363586,0.4702380895614624,0.6674840152263641,0.3708779513835907,0.5318877696990967,0.6291220486164093
public,1022,2,Fear,V22_CORRECT_V21_WRONG,True,True,0.30098339915275574,0.4030612111091614,0.6990166008472443,0.38409921526908875,0.5367771983146667,0.6159007847309113,0.2810750901699066,0.41326528787612915,0.7189249098300934,0.24441330134868622,0.3773384392261505,0.7555866986513138,0.4002974331378937,0.5569728016853333,0.5997025668621063
public,1031,3,Happy,V21_CORRECT_V22_WRONG,True,True,0.38362953066825867,0.5080782175064087,0.6163704693317413,0.31766581535339355,0.46322277188301086,0.6823341846466064,0.35685813426971436,0.5068027377128601,0.6431418657302856,0.16868583858013153,0.26955780386924744,0.8313141614198685,0.3077976703643799,0.45875850319862366,0.6922023296356201
public,1041,6,Neutral,V21_CORRECT_V22_WRONG,True,True,0.41208264231681824,0.5310373902320862,0.5879173576831818,0.36127185821533203,0.4993622303009033,0.638728141784668,0.24312181770801544,0.3684098422527313,0.7568781822919846,0.24751625955104828,0.3788265287876129,0.7524837404489517,0.35047924518585205,0.5004251599311829,0.649520754814148
public,1047,4,Sad,V22_CORRECT_V21_WRONG,True,True,0.40650665760040283,0.5429421663284302,0.5934933423995972,0.4309134781360626,0.5799319744110107,0.5690865218639374,0.21509744226932526,0.32631802558898926,0.7849025577306747,0.32708635926246643,0.464073121547699,0.6729136407375336,0.3460557162761688,0.5025510191917419,0.6539442837238312
public,1048,4,Sad,V22_CORRECT_V21_WRONG,True,True,0.3678940236568451,0.48681971430778503,0.6321059763431549,0.31224584579467773,0.45259353518486023,0.6877541542053223,0.3279911279678345,0.47045066952705383,0.6720088720321655,0.21062101423740387,0.3235544264316559,0.7893789857625961,0.36829322576522827,0.5291950106620789,0.6317067742347717
public,1049,6,Neutral,V21_CORRECT_V22_WRONG,True,True,0.40560975670814514,0.5361394286155701,0.5943902432918549,0.36638596653938293,0.5153061151504517,0.6336140334606171,0.3247978389263153,0.4515306055545807,0.6752021610736847,0.29212602972984314,0.4306972622871399,0.7078739702701569,0.37296175956726074,0.5331632494926453,0.6270382404327393
public,1051,6,Neutral,V21_CORRECT_V22_WRONG,True,True,0.3707691431045532,0.5051020383834839,0.6292308568954468,0.3351912796497345,0.4819302558898926,0.6648087203502655,0.35905590653419495,0.49574828147888184,0.640944093465805,0.2366350144147873,0.3637329936027527,0.7633649855852127,0.3169863224029541,0.46371883153915405,0.6830136775970459
public,1070,4,Sad,V22_CORRECT_V21_WRONG,True,True,0.3262428641319275,0.45875850319862366,0.6737571358680725,0.3633798658847809,0.5140305757522583,0.6366201341152191,0.2906937599182129,0.42240646481513977,0.7093062400817871,0.2618282437324524,0.3937074840068817,0.7381717562675476,0.37034285068511963,0.5310373902320862,0.6296571493148804
public,1071,4,Sad,V21_CORRECT_V22_WRONG,True,True,0.3859037458896637,0.5272108912467957,0.6140962541103363,0.4129410684108734,0.5642006397247314,0.5870589315891266,0.3517133295536041,0.5017006993293762,0.6482866704463959,0.31219086050987244,0.4440901279449463,0.6878091394901276,0.34244006872177124,0.4982993006706238,0.6575599312782288
public,1072,4,Sad,V21_CORRECT_V22_WRONG,True,True,0.3878372609615326,0.5191326141357422,0.6121627390384674,0.3246784806251526,0.46832481026649475,0.6753215193748474,0.34971001744270325,0.48618197441101074,0.6502899825572968,0.25045377016067505,0.3667091727256775,0.749546229839325,0.38701939582824707,0.5371315479278564,0.6129806041717529
public,1078,6,Neutral,V22_CORRECT_V21_WRONG,True,True,0.3744249939918518,0.488095223903656,0.6255750060081482,0.3811330497264862,0.5303996205329895,0.6188669502735138,0.22116973996162415,0.3494897782802582,0.7788302600383759,0.26474902033805847,0.3926445543766022,0.7352509796619415,0.32358425855636597,0.4811508059501648,0.676415741443634
public,1084,2,Fear,V21_CORRECT_V22_WRONG,True,True,0.39474350214004517,0.5063775181770325,0.6052564978599548,0.34131428599357605,0.49277210235595703,0.658685714006424,0.24369260668754578,0.3726615607738495,0.7563073933124542,0.2804831564426422,0.4204931855201721,0.7195168435573578,0.3385102450847626,0.4882369637489319,0.6614897549152374
public,1089,5,Surprise,V21_CORRECT_V22_WRONG,True,True,0.3608017861843109,0.4872448742389679,0.6391982138156891,0.34024184942245483,0.4874574840068817,0.6597581505775452,0.2641166150569916,0.3966836631298065,0.7358833849430084,0.2779024839401245,0.41262754797935486,0.7220975160598755,0.32904544472694397,0.48837870359420776,0.670954555273056
public,1094,5,Surprise,V22_CORRECT_V21_WRONG,True,True,0.41063910722732544,0.5297619104385376,0.5893608927726746,0.3550448715686798,0.5116921663284302,0.6449551284313202,0.2325344681739807,0.3592686951160431,0.7674655318260193,0.2613009512424469,0.3920067846775055,0.7386990487575531,0.40140312910079956,0.5583900213241577,0.5985968708992004
public,1100,6,Neutral,V21_CORRECT_V22_WRONG,True,True,0.3264085054397583,0.432823121547699,0.6735914945602417,0.36360904574394226,0.5014880895614624,0.6363909542560577,0.2903168797492981,0.40284863114356995,0.7096831202507019,0.31474703550338745,0.45259353518486023,0.6852529644966125,0.32737916707992554,0.4839852750301361,0.6726208329200745
public,1113,6,Neutral,V21_CORRECT_V22_WRONG,True,True,0.3942923843860626,0.5233843326568604,0.6057076156139374,0.3470156490802765,0.49426019191741943,0.6529843509197235,0.28977739810943604,0.41113945841789246,0.710222601890564,0.22129514813423157,0.34034863114356995,0.7787048518657684,0.4448278546333313,0.6004819273948669,0.5551721453666687
public,1114,5,Surprise,V21_CORRECT_V22_WRONG,True,True,0.35938483476638794,0.48171767592430115,0.6406151652336121,0.37013155221939087,0.5231717824935913,0.6298684477806091,0.30651071667671204,0.4562074840068817,0.693489283323288,0.34484604001045227,0.495323121547699,0.6551539599895477,0.2815694510936737,0.4314059317111969,0.7184305489063263
public,1120,5,Surprise,V22_CORRECT_V21_WRONG,False,False,0.32730934023857117,0.4532312750816345,0.6726906597614288,0.35482972860336304,0.5068027377128601,0.645170271396637,0.270862340927124,0.4017857015132904,0.729137659072876,0.27202537655830383,0.4039115607738495,0.7279746234416962,0.360324501991272,0.5167233943939209,0.639675498008728
public,1135,3,Happy,V22_CORRECT_V21_WRONG,True,True,0.38526713848114014,0.5114795565605164,0.6147328615188599,0.3035186529159546,0.4487670063972473,0.6964813470840454,0.28366199135780334,0.420918345451355,0.7163380086421967,0.22527754306793213,0.3569302558898926,0.7747224569320679,0.37815332412719727,0.5358560085296631,0.6218466758728027
public,1136,5,Surprise,V21_CORRECT_V22_WRONG,True,True,0.3570798933506012,0.4710884392261505,0.6429201066493988,0.39227285981178284,0.5448554158210754,0.6077271401882172,0.24528424441814423,0.37967684864997864,0.7547157555818558,0.18804970383644104,0.301870733499527,0.811950296163559,0.33629950881004333,0.49333906173706055,0.6637004911899567
public,1137,2,Fear,V21_CORRECT_V22_WRONG,True,True,0.386820912361145,0.5174319744110107,0.613179087638855,0.3763939440250397,0.5195578336715698,0.6236060559749603,0.29325374960899353,0.4351615607738495,0.7067462503910065,0.2913924753665924,0.43622449040412903,0.7086075246334076,0.32953253388404846,0.48143425583839417,0.6704674661159515
public,1148,6,Neutral,V22_CORRECT_V21_WRONG,True,True,0.37653112411499023,0.5038264989852905,0.6234688758850098,0.3190171718597412,0.4670493006706238,0.6809828281402588,0.2285168617963791,0.3562925159931183,0.7714831382036209,0.2983833849430084,0.4389880895614624,0.7016166150569916,0.341203898191452,0.4978741407394409,0.658796101808548
public,1157,0,Angry,V22_CORRECT_V21_WRONG,True,True,0.41549116373062134,0.5399659872055054,0.5845088362693787,0.4365602731704712,0.5867346525192261,0.5634397268295288,0.3242248296737671,0.4678996503353119,0.6757751703262329,0.3075118660926819,0.44897958636283875,0.6924881339073181,0.3447723388671875,0.5029761791229248,0.6552276611328125
public,1174,2,Fear,V21_CORRECT_V22_WRONG,True,True,0.338481605052948,0.44685372710227966,0.661518394947052,0.333772212266922,0.47661563754081726,0.666227787733078,0.2101830095052719,0.33078229427337646,0.7898169904947281,0.3137139678001404,0.45790815353393555,0.6862860321998596,0.3650963008403778,0.5259353518486023,0.6349036991596222
public,1176,6,Neutral,V21_CORRECT_V22_WRONG,True,True,0.37975916266441345,0.5051020383834839,0.6202408373355865,0.39469674229621887,0.5420918464660645,0.6053032577037811,0.21654167771339417,0.3312074840068817,0.7834583222866058,0.24379926919937134,0.37627550959587097,0.7562007308006287,0.38945162296295166,0.550028383731842,0.6105483770370483
public,1181,6,Neutral,V21_CORRECT_V22_WRONG,True,True,0.4370657801628113,0.5625,0.5629342198371887,0.3970731794834137,0.5474064350128174,0.6029268205165863,0.2620541453361511,0.3996598422527313,0.7379458546638489,0.31123799085617065,0.45556971430778503,0.6887620091438293,0.3398311734199524,0.4930555820465088,0.6601688265800476
public,1191,4,Sad,V21_CORRECT_V22_WRONG,True,True,0.3759737014770508,0.5229591727256775,0.6240262985229492,0.4704010486602783,0.6198979616165161,0.5295989513397217,0.40543508529663086,0.5369898080825806,0.5945649147033691,0.3193766474723816,0.46534863114356995,0.6806233525276184,0.31330958008766174,0.46060091257095337,0.6866904199123383
public,1194,3,Happy,V21_CORRECT_V22_WRONG,True,True,0.31314817070961,0.43409863114356995,0.68685182929039,0.24905627965927124,0.3743622303009033,0.7509437203407288,0.29319512844085693,0.4413265287876129,0.7068048715591431,0.2377931773662567,0.36798468232154846,0.7622068226337433,0.37550678849220276,0.526218831539154,0.6244932115077972
public,1197,2,Fear,V21_CORRECT_V22_WRONG,True,True,0.3581957519054413,0.4744897782802582,0.6418042480945587,0.3907553553581238,0.5403911471366882,0.6092446446418762,0.307762086391449,0.45131802558898926,0.692237913608551,0.2820900082588196,0.41539114713668823,0.7179099917411804,0.343522310256958,0.5004251599311829,0.656477689743042
public,1200,5,Surprise,V22_CORRECT_V21_WRONG,True,True,0.39268097281455994,0.5208333134651184,0.6073190271854401,0.39016640186309814,0.5486819744110107,0.6098335981369019,0.2816011607646942,0.4253826439380646,0.7183988392353058,0.2569214105606079,0.38052719831466675,0.7430785894393921,0.2739725410938263,0.41992631554603577,0.7260274589061737
public,1204,6,Neutral,V21_CORRECT_V22_WRONG,True,True,0.4036853611469269,0.541241466999054,0.5963146388530731,0.3386172652244568,0.48852038383483887,0.6613827347755432,0.23485688865184784,0.3475765287876129,0.7651431113481522,0.26966893672943115,0.40284863114356995,0.7303310632705688,0.3378933072090149,0.4960317611694336,0.6621066927909851
public,1205,4,Sad,V22_CORRECT_V21_WRONG,True,True,0.2625710666179657,0.37755101919174194,0.7374289333820343,0.3112964630126953,0.4547193646430969,0.6887035369873047,0.30426159501075745,0.4375,0.6957384049892426,0.27076005935668945,0.39243197441101074,0.7292399406433105,0.3427148461341858,0.49957481026649475,0.6572851538658142
public,1212,6,Neutral,V21_CORRECT_V22_WRONG,True,True,0.3628603219985962,0.4872448742389679,0.6371396780014038,0.34712809324264526,0.49723637104034424,0.6528719067573547,0.2417941391468048,0.36713433265686035,0.7582058608531952,0.2693798243999481,0.40880101919174194,0.7306201756000519,0.31890514492988586,0.4783163070678711,0.6810948550701141
public,1213,4,Sad,V22_CORRECT_V21_WRONG,True,True,0.34046950936317444,0.47661563754081726,0.6595304906368256,0.3691321015357971,0.507227897644043,0.6308678984642029,0.29763591289520264,0.43941324949264526,0.7023640871047974,0.2773338258266449,0.40731292963027954,0.7226661741733551,0.34459054470062256,0.5009920597076416,0.6554094552993774
public,1219,6,Neutral,V22_CORRECT_V21_WRONG,True,True,0.3830912113189697,0.5136054158210754,0.6169087886810303,0.39141523838043213,0.5467687249183655,0.6085847616195679,0.2552981674671173,0.36734694242477417,0.7447018325328827,0.2864508330821991,0.4219812750816345,0.7135491669178009,0.33165115118026733,0.48653629422187805,0.6683488488197327
public,1224,0,Angry,V22_CORRECT_V21_WRONG,True,True,0.41668185591697693,0.5497449040412903,0.5833181440830231,0.33543020486831665,0.48703229427337646,0.6645697951316833,0.25600239634513855,0.38584181666374207,0.7439976036548615,0.277363657951355,0.4115646183490753,0.722636342048645,0.3141082525253296,0.4669784605503082,0.6858917474746704
public,1225,3,Happy,V21_CORRECT_V22_WRONG,True,True,0.3440188765525818,0.4545067846775055,0.6559811234474182,0.3493513762950897,0.4938350319862366,0.6506486237049103,0.241195410490036,0.3594812750816345,0.758804589509964,0.2344372272491455,0.3579931855201721,0.7655627727508545,0.3720725476741791,0.5286281108856201,0.6279274523258209
public,1239,6,Neutral,V22_CORRECT_V21_WRONG,True,True,0.3713264763355255,0.5034013390541077,0.6286735236644745,0.3119701147079468,0.45875850319862366,0.6880298852920532,0.22565330564975739,0.34927719831466675,0.7743466943502426,0.2627180814743042,0.38350340723991394,0.7372819185256958,0.34565794467926025,0.5004251599311829,0.6543420553207397
public,1245,5,Surprise,V21_CORRECT_V22_WRONG,True,True,0.38109737634658813,0.5140305757522583,0.6189026236534119,0.32713472843170166,0.47789114713668823,0.6728652715682983,0.32261279225349426,0.47193875908851624,0.6773872077465057,0.26332589983940125,0.3958333134651184,0.7366741001605988,0.33477169275283813,0.49135491251945496,0.6652283072471619
public,1253,0,Angry,V21_CORRECT_V22_WRONG,True,True,0.3205140233039856,0.44600337743759155,0.6794859766960144,0.2204277664422989,0.34332481026649475,0.7795722335577011,0.2734241485595703,0.39838433265686035,0.7265758514404297,0.2740080952644348,0.400297611951828,0.7259919047355652,0.3272777199745178,0.47477325797080994,0.6727222800254822
public,1256,3,Happy,V21_CORRECT_V22_WRONG,True,True,0.36262786388397217,0.5017006993293762,0.6373721361160278,0.39288660883903503,0.5414540767669678,0.607113391160965,0.32257556915283203,0.4693877398967743,0.677424430847168,0.22867220640182495,0.34545066952705383,0.771327793598175,0.30680081248283386,0.45365646481513977,0.6931991875171661
public,1263,4,Sad,V21_CORRECT_V22_WRONG,True,True,0.40713801980018616,0.5229591727256775,0.5928619801998138,0.39777901768684387,0.5512329936027527,0.6022209823131561,0.3150482773780823,0.458120733499527,0.6849517226219177,0.29697173833847046,0.43409863114356995,0.7030282616615295,0.3468545973300934,0.4988662302494049,0.6531454026699066
public,1271,0,Angry,V22_CORRECT_V21_WRONG,True,True,0.38612931966781616,0.5208333134651184,0.6138706803321838,0.3712961971759796,0.5178571343421936,0.6287038028240204,0.3034016489982605,0.4440901279449463,0.6965983510017395,0.2792492210865021,0.4181547462940216,0.7207507789134979,0.2881699204444885,0.43778347969055176,0.7118300795555115
public,1277,4,Sad,V21_CORRECT_V22_WRONG,True,True,0.38556817173957825,0.5110543966293335,0.6144318282604218,0.39347589015960693,0.5514455437660217,0.6065241098403931,0.20559147000312805,0.3261054456233978,0.794408529996872,0.27054449915885925,0.40582481026649475,0.7294555008411407,0.310576856136322,0.4623015820980072,0.689423143863678
public,1279,3,Happy,V21_CORRECT_V22_WRONG,True,True,0.39952412247657776,0.5276360511779785,0.6004758775234222,0.43912002444267273,0.5933248400688171,0.5608799755573273,0.395336776971817,0.5382652878761292,0.604663223028183,0.2786131501197815,0.4128401279449463,0.7213868498802185,0.3483121991157532,0.5051020383834839,0.6516878008842468
public,1281,2,Fear,V21_CORRECT_V22_WRONG,True,True,0.31399768590927124,0.4375,0.6860023140907288,0.3613530695438385,0.5102040767669678,0.6386469304561615,0.30705949664115906,0.450892835855484,0.6929405033588409,0.26759442687034607,0.4026360511779785,0.7324055731296539,0.37632471323013306,0.5310373902320862,0.6236752867698669
public,1284,3,Happy,V22_CORRECT_V21_WRONG,True,True,0.3159148395061493,0.419642835855484,0.6840851604938507,0.32435140013694763,0.46683672070503235,0.6756485998630524,0.30030855536460876,0.4491921663284302,0.6996914446353912,0.3266594111919403,0.47278910875320435,0.6733405888080597,0.3577878773212433,0.5170068144798279,0.6422121226787567
public,1289,4,Sad,V22_CORRECT_V21_WRONG,True,True,0.4001644551753998,0.5306122303009033,0.5998355448246002,0.38549157977104187,0.543367326259613,0.6145084202289581,0.35765528678894043,0.4910714328289032,0.6423447132110596,0.37059611082077026,0.5150935053825378,0.6294038891792297,0.361714243888855,0.5182822942733765,0.638285756111145
public,1291,4,Sad,V22_CORRECT_V21_WRONG,True,True,0.35496172308921814,0.4804421663284302,0.6450382769107819,0.36729374527931213,0.5172193646430969,0.6327062547206879,0.24232634902000427,0.36649659276008606,0.7576736509799957,0.27436092495918274,0.40731292963027954,0.7256390750408173,0.32897505164146423,0.48370182514190674,0.6710249483585358
public,1300,0,Angry,V22_CORRECT_V21_WRONG,True,True,0.3898053467273712,0.5293367505073547,0.6101946532726288,0.31496334075927734,0.46768707036972046,0.6850366592407227,0.3494972586631775,0.4982993006706238,0.6505027413368225,0.24003538489341736,0.3652210831642151,0.7599646151065826,0.3074289858341217,0.4621598422527313,0.6925710141658783
public,1316,4,Sad,V22_CORRECT_V21_WRONG,True,True,0.27258795499801636,0.37755101919174194,0.7274120450019836,0.2923479676246643,0.4368622303009033,0.7076520323753357,0.39377713203430176,0.5378401279449463,0.6062228679656982,0.22617018222808838,0.34332481026649475,0.7738298177719116,0.36048707365989685,0.5137471556663513,0.6395129263401031
public,1318,2,Fear,V22_CORRECT_V21_WRONG,True,True,0.3605908155441284,0.47789114713668823,0.6394091844558716,0.3005933463573456,0.4485544264316559,0.6994066536426544,0.36327725648880005,0.5127550959587097,0.6367227435112,0.28358495235443115,0.42368197441101074,0.7164150476455688,0.35206058621406555,0.5029761791229248,0.6479394137859344
public,1319,0,Angry,V22_CORRECT_V21_WRONG,True,True,0.38428783416748047,0.4991496503353119,0.6157121658325195,0.378597229719162,0.5261479616165161,0.621402770280838,0.28920090198516846,0.43048468232154846,0.7107990980148315,0.2532918155193329,0.3905186951160431,0.7467081844806671,0.3819461464881897,0.5352891087532043,0.6180538535118103
public,1323,4,Sad,V21_CORRECT_V22_WRONG,True,True,0.37001752853393555,0.48554420471191406,0.6299824714660645,0.31868863105773926,0.4636479616165161,0.6813113689422607,0.29107600450515747,0.4292091727256775,0.7089239954948425,0.33116614818573,0.47215133905410767,0.66883385181427,0.3925130069255829,0.5504535436630249,0.6074869930744171
public,1332,6,Neutral,V21_CORRECT_V22_WRONG,True,True,0.3705810308456421,0.5021258592605591,0.6294189691543579,0.3385757505893707,0.4948979616165161,0.6614242494106293,0.25225380063056946,0.38201528787612915,0.7477461993694305,0.3205426335334778,0.44812923669815063,0.6794573664665222,0.35363125801086426,0.5114795565605164,0.6463687419891357
public,1335,6,Neutral,V22_CORRECT_V21_WRONG,True,True,0.4049175977706909,0.5344387888908386,0.5950824022293091,0.2844166159629822,0.42006802558898926,0.7155833840370178,0.28968313336372375,0.42602041363716125,0.7103168666362762,0.2485114336013794,0.37011054158210754,0.7514885663986206,0.36787089705467224,0.5263605117797852,0.6321291029453278
public,1338,0,Angry,V21_CORRECT_V22_WRONG,True,True,0.39903587102890015,0.5310373902320862,0.6009641289710999,0.43959516286849976,0.5899234414100647,0.5604048371315002,0.3186495006084442,0.4511054456233978,0.6813504993915558,0.20786914229393005,0.3265306055545807,0.79213085770607,0.42143070697784424,0.5727040767669678,0.5785692930221558
public,1343,3,Happy,V22_CORRECT_V21_WRONG,True,True,0.4014667272567749,0.5127550959587097,0.5985332727432251,0.31241294741630554,0.4583333134651184,0.6875870525836945,0.2513587474822998,0.3681972622871399,0.7486412525177002,0.32931867241859436,0.46747449040412903,0.6706813275814056,0.35049983859062195,0.5104875564575195,0.649500161409378
public,1352,3,Happy,V22_CORRECT_V21_WRONG,True,True,0.3631579279899597,0.4991496503353119,0.6368420720100403,0.2882237732410431,0.4345237910747528,0.7117762267589569,0.2866995632648468,0.4270833134651184,0.7133004367351532,0.3313227593898773,0.4744897782802582,0.6686772406101227,0.333857923746109,0.4899376630783081,0.666142076253891
public,1357,0,Angry,V21_CORRECT_V22_WRONG,True,True,0.4048011898994446,0.5442177057266235,0.5951988101005554,0.31045466661453247,0.452168345451355,0.6895453333854675,0.38088059425354004,0.5303996205329895,0.61911940574646,0.2948252558708191,0.4343112111091614,0.7051747441291809,0.37263113260269165,0.5270692110061646,0.6273688673973083
public,1361,2,Fear,V22_CORRECT_V21_WRONG,True,True,0.4262342154979706,0.5450680255889893,0.5737657845020294,0.3784539997577667,0.5233843326568604,0.6215460002422333,0.24316094815731049,0.3684098422527313,0.7568390518426895,0.2550041079521179,0.3705357015132904,0.7449958920478821,0.3622039556503296,0.5158730149269104,0.6377960443496704
public,1369,2,Fear,V22_CORRECT_V21_WRONG,True,True,0.3484252095222473,0.4732142686843872,0.6515747904777527,0.3619178533554077,0.495323121547699,0.6380821466445923,0.25290197134017944,0.37755101919174194,0.7470980286598206,0.33190953731536865,0.4776785671710968,0.6680904626846313,0.34067100286483765,0.4998582899570465,0.6593289971351624
public,1375,2,Fear,V22_CORRECT_V21_WRONG,True,True,0.4195767939090729,0.5616496205329895,0.5804232060909271,0.2796209752559662,0.42134353518486023,0.7203790247440338,0.23160241544246674,0.36500850319862366,0.7683975845575333,0.2616991698741913,0.39753401279449463,0.7383008301258087,0.32571589946746826,0.4791666567325592,0.6742841005325317
public,1379,4,Sad,V22_CORRECT_V21_WRONG,True,True,0.3946620523929596,0.5136054158210754,0.6053379476070404,0.3123464584350586,0.4619472622871399,0.6876535415649414,0.3671680688858032,0.5165815949440002,0.6328319311141968,0.2143039107322693,0.3288690447807312,0.7856960892677307,0.376889169216156,0.5335884094238281,0.623110830783844
public,1385,4,Sad,V22_CORRECT_V21_WRONG,True,True,0.2790272533893585,0.40433672070503235,0.7209727466106415,0.29248905181884766,0.4330357015132904,0.7075109481811523,0.30794036388397217,0.44387754797935486,0.6920596361160278,0.33660221099853516,0.4566326439380646,0.6633977890014648,0.4689847230911255,0.6218820810317993,0.5310152769088745
public,1387,6,Neutral,V22_CORRECT_V21_WRONG,True,True,0.34998977184295654,0.4740646183490753,0.6500102281570435,0.2691611051559448,0.4056122303009033,0.7308388948440552,0.29928621649742126,0.4389880895614624,0.7007137835025787,0.28062084317207336,0.42453229427337646,0.7193791568279266,0.33089491724967957,0.48554420471191406,0.6691050827503204
public,1394,6,Neutral,V21_CORRECT_V22_WRONG,True,True,0.40313073992729187,0.5331632494926453,0.5968692600727081,0.333094984292984,0.4776785671710968,0.666905015707016,0.270084410905838,0.4039115607738495,0.729915589094162,0.33868011832237244,0.48320576548576355,0.6613198816776276,0.3182283341884613,0.4688208997249603,0.6817716658115387
public,1398,3,Happy,V21_CORRECT_V22_WRONG,True,True,0.41429102420806885,0.5454931855201721,0.5857089757919312,0.34614142775535583,0.49511054158210754,0.6538585722446442,0.25288093090057373,0.3786139488220215,0.7471190690994263,0.2552441358566284,0.3794642686843872,0.7447558641433716,0.3483541011810303,0.5070862174034119,0.6516458988189697
public,1414,4,Sad,V22_CORRECT_V21_WRONG,True,True,0.4152309000492096,0.5467687249183655,0.5847690999507904,0.4232240319252014,0.5729166269302368,0.5767759680747986,0.2561064660549164,0.38435372710227966,0.7438935339450836,0.2729974687099457,0.4113520383834839,0.7270025312900543,0.3667450249195099,0.5248016715049744,0.6332549750804901
public,1415,2,Fear,V21_CORRECT_V22_WRONG,True,True,0.3647804856300354,0.4710884392261505,0.6352195143699646,0.3666004240512848,0.5095663070678711,0.6333995759487152,0.3516731560230255,0.48915815353393555,0.6483268439769745,0.2698870897293091,0.4083758294582367,0.7301129102706909,0.43418848514556885,0.5955215692520142,0.5658115148544312
public,1419,0,Angry,V21_CORRECT_V22_WRONG,True,True,0.4054342806339264,0.5284863710403442,0.5945657193660736,0.3867083191871643,0.5372023582458496,0.6132916808128357,0.25640374422073364,0.38222789764404297,0.7435962557792664,0.21959589421749115,0.3420493006706238,0.7804041057825089,0.3580353856086731,0.5188491940498352,0.6419646143913269
public,1421,4,Sad,V21_CORRECT_V22_WRONG,True,True,0.3455635905265808,0.46386054158210754,0.6544364094734192,0.3142503798007965,0.46024659276008606,0.6857496201992035,0.2721916735172272,0.4145407974720001,0.7278083264827728,0.2743638753890991,0.4151785671710968,0.7256361246109009,0.3598690330982208,0.5172902941703796,0.6401309669017792
public,1422,3,Happy,V21_CORRECT_V22_WRONG,True,True,0.3001662790775299,0.4234693646430969,0.6998337209224701,0.32288774847984314,0.46832481026649475,0.6771122515201569,0.2642575800418854,0.39753401279449463,0.7357424199581146,0.3416162133216858,0.47045066952705383,0.6583837866783142,0.3752198815345764,0.5274943709373474,0.6247801184654236
public,1439,6,Neutral,V21_CORRECT_V22_WRONG,True,True,0.33656343817710876,0.46386054158210754,0.6634365618228912,0.3240075707435608,0.47576528787612915,0.6759924292564392,0.25244101881980896,0.38286563754081726,0.747558981180191,0.25868818163871765,0.3803146183490753,0.7413118183612823,0.3564993739128113,0.5114795565605164,0.6435006260871887
public,1441,4,Sad,V22_CORRECT_V21_WRONG,True,True,0.44118648767471313,0.5603741407394409,0.5588135123252869,0.36407947540283203,0.4985118806362152,0.635920524597168,0.18127386271953583,0.2857142686843872,0.8187261372804642,0.210508793592453,0.3339710831642151,0.789491206407547,0.32746145129203796,0.47789114713668823,0.672538548707962
public,1445,4,Sad,V21_CORRECT_V22_WRONG,True,True,0.4348321557044983,0.5637754797935486,0.5651678442955017,0.34788158535957336,0.49957481026649475,0.6521184146404266,0.22085285186767578,0.3405612111091614,0.7791471481323242,0.26274797320365906,0.395620733499527,0.7372520267963409,0.3268331289291382,0.48242631554603577,0.6731668710708618
public,1460,6,Neutral,V22_CORRECT_V21_WRONG,True,True,0.3766933083534241,0.495323121547699,0.6233066916465759,0.33498045802116394,0.48830780386924744,0.6650195419788361,0.26275935769081116,0.3966836631298065,0.7372406423091888,0.31248539686203003,0.45578229427337646,0.68751460313797,0.3609764277935028,0.5148809552192688,0.6390235722064972
public,1465,5,Surprise,V21_CORRECT_V22_WRONG,True,True,0.3857598900794983,0.5178571343421936,0.6142401099205017,0.33725377917289734,0.48767006397247314,0.6627462208271027,0.33575350046157837,0.4755527079105377,0.6642464995384216,0.193693608045578,0.30314624309539795,0.806306391954422,0.3304871618747711,0.4849773347377777,0.6695128381252289
public,1470,4,Sad,V22_CORRECT_V21_WRONG,True,True,0.38185247778892517,0.5208333134651184,0.6181475222110748,0.3978186547756195,0.5448554158210754,0.6021813452243805,0.3224547505378723,0.46386054158210754,0.6775452494621277,0.2324351817369461,0.3573554456233978,0.7675648182630539,0.4065057337284088,0.5663264989852905,0.5934942662715912
public,1485,0,Angry,V21_CORRECT_V22_WRONG,True,True,0.33748188614845276,0.47363945841789246,0.6625181138515472,0.3581635355949402,0.5108418464660645,0.6418364644050598,0.2469024360179901,0.37691324949264526,0.7530975639820099,0.3053901195526123,0.4351615607738495,0.6946098804473877,0.36346110701560974,0.5196996331214905,0.6365388929843903
public,1489,6,Neutral,V21_CORRECT_V22_WRONG,True,True,0.40548545122146606,0.5484693646430969,0.5945145487785339,0.31653454899787903,0.4655612111091614,0.683465451002121,0.2789020240306854,0.41772958636283875,0.7210979759693146,0.30690184235572815,0.45131802558898926,0.6930981576442719,0.305267333984375,0.45776647329330444,0.694732666015625
public,1499,4,Sad,V21_CORRECT_V22_WRONG,True,True,0.3543403744697571,0.47278910875320435,0.6456596255302429,0.29287493228912354,0.4353741407394409,0.7071250677108765,0.19956815242767334,0.31420066952705383,0.8004318475723267,0.24023175239562988,0.3628826439380646,0.7597682476043701,0.3438902199268341,0.4988662302494049,0.6561097800731659
public,1505,4,Sad,V21_CORRECT_V22_WRONG,True,True,0.4129941165447235,0.5399659872055054,0.5870058834552765,0.4338422417640686,0.5797193646430969,0.5661577582359314,0.2985585629940033,0.44005101919174194,0.7014414370059967,0.22886213660240173,0.34630101919174194,0.7711378633975983,0.3215137720108032,0.477182537317276,0.6784862279891968
public,1510,4,Sad,V21_CORRECT_V22_WRONG,True,True,0.3873814642429352,0.5195578336715698,0.6126185357570648,0.3201536238193512,0.45344385504722595,0.6798463761806488,0.3021807074546814,0.4411139488220215,0.6978192925453186,0.33200690150260925,0.47363945841789246,0.6679930984973907,0.3205621540546417,0.4733560085296631,0.6794378459453583
public,1514,5,Surprise,V21_CORRECT_V22_WRONG,True,True,0.3312515914440155,0.4681122303009033,0.6687484085559845,0.29295217990875244,0.43324828147888184,0.7070478200912476,0.2572309374809265,0.39625850319862366,0.7427690625190735,0.2342466413974762,0.35990646481513977,0.7657533586025238,0.3572661578655243,0.5120465159416199,0.6427338421344757
public,1520,6,Neutral,V22_CORRECT_V21_WRONG,True,True,0.4164815843105316,0.5565475821495056,0.5835184156894684,0.38253799080848694,0.5306122303009033,0.6174620091915131,0.3353555202484131,0.46683672070503235,0.6646444797515869,0.24794024229049683,0.3792516887187958,0.7520597577095032,0.3793989419937134,0.5389739274978638,0.6206010580062866
public,1531,2,Fear,V22_CORRECT_V21_WRONG,True,True,0.4035321772098541,0.5335884094238281,0.5964678227901459,0.30563366413116455,0.4477040767669678,0.6943663358688354,0.2922908663749695,0.43494898080825806,0.7077091336250305,0.38917192816734314,0.53125,0.6108280718326569,0.3410325348377228,0.495039701461792,0.6589674651622772
public,1542,4,Sad,V22_CORRECT_V21_WRONG,True,True,0.3941783905029297,0.5221088528633118,0.6058216094970703,0.38297364115715027,0.5278486013412476,0.6170263588428497,0.2750276029109955,0.4130527079105377,0.7249723970890045,0.29550087451934814,0.43643707036972046,0.7044991254806519,0.35058078169822693,0.5099206566810608,0.6494192183017731
public,1544,2,Fear,V22_CORRECT_V21_WRONG,True,True,0.3368701636791229,0.4596088230609894,0.6631298363208771,0.4462113678455353,0.6039540767669678,0.5537886321544647,0.28626635670661926,0.41028910875320435,0.7137336432933807,0.2660766839981079,0.4024234712123871,0.7339233160018921,0.3982064425945282,0.5542800426483154,0.6017935574054718
public,1551,0,Angry,V21_CORRECT_V22_WRONG,True,True,0.33021673560142517,0.44217684864997864,0.6697832643985748,0.30522701144218445,0.4532312750816345,0.6947729885578156,0.31288942694664,0.4591836631298065,0.68711057305336,0.24006237089633942,0.36926019191741943,0.7599376291036606,0.38801151514053345,0.5367063283920288,0.6119884848594666
public,1566,6,Neutral,V21_CORRECT_V22_WRONG,True,True,0.40590566396713257,0.5225340127944946,0.5940943360328674,0.3558727204799652,0.504676878452301,0.6441272795200348,0.31712713837623596,0.458120733499527,0.682872861623764,0.3532242178916931,0.5057398080825806,0.6467757821083069,0.35531625151634216,0.5104875564575195,0.6446837484836578
public,1568,4,Sad,V21_CORRECT_V22_WRONG,True,True,0.3856428563594818,0.5106292366981506,0.6143571436405182,0.31175827980041504,0.4574829936027527,0.688241720199585,0.24063856899738312,0.358418345451355,0.7593614310026169,0.2817152738571167,0.4136904776096344,0.7182847261428833,0.29983749985694885,0.44897958636283875,0.7001625001430511
public,1570,2,Fear,V22_CORRECT_V21_WRONG,True,True,0.3833852708339691,0.5012754797935486,0.6166147291660309,0.39763343334198,0.5525084733963013,0.60236656665802,0.30537399649620056,0.4494047462940216,0.6946260035037994,0.29916125535964966,0.4449404776096344,0.7008387446403503,0.36362025141716003,0.5150226950645447,0.63637974858284
public,1579,3,Happy,V22_CORRECT_V21_WRONG,True,True,0.3891395926475525,0.509353756904602,0.6108604073524475,0.3107664883136749,0.4576955735683441,0.6892335116863251,0.27806875109672546,0.41326528787612915,0.7219312489032745,0.27039048075675964,0.40943875908851624,0.7296095192432404,0.2977440655231476,0.44997167587280273,0.7022559344768524
public,1580,4,Sad,V21_CORRECT_V22_WRONG,True,True,0.4015524089336395,0.5335884094238281,0.5984475910663605,0.29856717586517334,0.4321853518486023,0.7014328241348267,0.3341794013977051,0.4823554456233978,0.6658205986022949,0.2804988920688629,0.41539114713668823,0.7195011079311371,0.3870643377304077,0.5345805287361145,0.6129356622695923
public,1582,3,Happy,V22_CORRECT_V21_WRONG,True,True,0.42686590552330017,0.5667517185211182,0.5731340944766998,0.42617011070251465,0.5803571343421936,0.5738298892974854,0.3309674561023712,0.462797611951828,0.6690325438976288,0.2767072916030884,0.41411563754081726,0.7232927083969116,0.3013862073421478,0.4554988741874695,0.6986137926578522
public,1586,6,Neutral,V21_CORRECT_V22_WRONG,True,True,0.4117811918258667,0.5408163070678711,0.5882188081741333,0.4205993711948395,0.5758928656578064,0.5794006288051605,0.23758593201637268,0.36267006397247314,0.7624140679836273,0.2728380858898163,0.4032737910747528,0.7271619141101837,0.3290630578994751,0.481859415769577,0.6709369421005249
public,1590,3,Happy,V21_CORRECT_V22_WRONG,True,True,0.3657054901123047,0.49277210235595703,0.6342945098876953,0.36687734723091125,0.5187074542045593,0.6331226527690887,0.33130452036857605,0.4753401279449463,0.668695479631424,0.18028362095355988,0.2895407974720001,0.8197163790464401,0.3252604305744171,0.47859978675842285,0.6747395694255829
public,1594,5,Surprise,V22_CORRECT_V21_WRONG,True,True,0.332205593585968,0.4472789168357849,0.667794406414032,0.3018323481082916,0.44153910875320435,0.6981676518917084,0.250732421875,0.38265305757522583,0.749267578125,0.2741667628288269,0.40582481026649475,0.7258332371711731,0.32643723487854004,0.4801587462425232,0.67356276512146
public,1597,2,Fear,V22_CORRECT_V21_WRONG,True,True,0.3341172933578491,0.4583333134651184,0.6658827066421509,0.33113157749176025,0.47725337743759155,0.6688684225082397,0.2739967703819275,0.41411563754081726,0.7260032296180725,0.23727057874202728,0.3586309552192688,0.7627294212579727,0.3585917353630066,0.5174319744110107,0.6414082646369934
public,1598,3,Happy,V22_CORRECT_V21_WRONG,True,True,0.3402960002422333,0.46471086144447327,0.6597039997577667,0.3358836770057678,0.4872448742389679,0.6641163229942322,0.2842698395252228,0.4241071343421936,0.7157301604747772,0.2504297196865082,0.3771258294582367,0.7495702803134918,0.3663046360015869,0.5246599316596985,0.6336953639984131
public,1599,4,Sad,V21_CORRECT_V22_WRONG,True,True,0.27814385294914246,0.39753401279449463,0.7218561470508575,0.26145872473716736,0.40136054158210754,0.7385412752628326,0.244216650724411,0.37627550959587097,0.755783349275589,0.30516451597213745,0.4500425159931183,0.6948354840278625,0.3372982144355774,0.4897959232330322,0.6627017855644226
public,1600,0,Angry,V22_CORRECT_V21_WRONG,True,True,0.38884878158569336,0.5076530575752258,0.6111512184143066,0.31534823775291443,0.4583333134651184,0.6846517622470856,0.27919986844062805,0.41624149680137634,0.720800131559372,0.28094232082366943,0.4190050959587097,0.7190576791763306,0.34926968812942505,0.5058106780052185,0.650730311870575
public,1607,2,Fear,V22_CORRECT_V21_WRONG,True,True,0.3262779414653778,0.45578229427337646,0.6737220585346222,0.39057719707489014,0.5284863710403442,0.6094228029251099,0.3054035007953644,0.4343112111091614,0.6945964992046356,0.2710111737251282,0.40625,0.7289888262748718,0.3408740162849426,0.49943313002586365,0.6591259837150574
public,1611,0,Angry,V21_CORRECT_V22_WRONG,True,True,0.3210086226463318,0.44005101919174194,0.6789913773536682,0.2742878794670105,0.40518707036972046,0.7257121205329895,0.30265405774116516,0.43707481026649475,0.6973459422588348,0.222760871052742,0.348426878452301,0.777239128947258,0.3711429536342621,0.5259353518486023,0.6288570463657379
public,1618,0,Angry,V22_CORRECT_V21_WRONG,True,True,0.415347695350647,0.5272108912467957,0.584652304649353,0.32248255610466003,0.47661563754081726,0.67751744389534,0.271018922328949,0.4030612111091614,0.728981077671051,0.32486480474472046,0.46853742003440857,0.6751351952552795,0.41286852955818176,0.5728458166122437,0.5871314704418182
public,1635,4,Sad,V21_CORRECT_V22_WRONG,True,True,0.37417182326316833,0.511904776096344,0.6258281767368317,0.3954371213912964,0.543367326259613,0.6045628786087036,0.28919166326522827,0.43197277188301086,0.7108083367347717,0.19474788010120392,0.3093112111091614,0.8052521198987961,0.35557323694229126,0.5103458762168884,0.6444267630577087
public,1645,6,Neutral,V22_CORRECT_V21_WRONG,True,True,0.3830932676792145,0.5153061151504517,0.6169067323207855,0.36381134390830994,0.5189200639724731,0.6361886560916901,0.2628515958786011,0.3898809552192688,0.7371484041213989,0.257864773273468,0.39392006397247314,0.742135226726532,0.34405362606048584,0.5,0.6559463739395142
public,1647,2,Fear,V21_CORRECT_V22_WRONG,True,True,0.41210371255874634,0.550595223903656,0.5878962874412537,0.2749454379081726,0.41028910875320435,0.7250545620918274,0.2629018723964691,0.39838433265686035,0.7370981276035309,0.3522574305534363,0.5038264989852905,0.6477425694465637,0.3660537302494049,0.5274943709373474,0.6339462697505951
public,1653,6,Neutral,V22_CORRECT_V21_WRONG,True,True,0.34893798828125,0.4783163070678711,0.65106201171875,0.33673104643821716,0.48490646481513977,0.6632689535617828,0.2654322385787964,0.39902210235595703,0.7345677614212036,0.3489193022251129,0.48554420471191406,0.6510806977748871,0.360721230506897,0.5100623965263367,0.639278769493103
public,1670,6,Neutral,V21_CORRECT_V22_WRONG,True,True,0.4081094264984131,0.5289115309715271,0.5918905735015869,0.3874164819717407,0.5355017185211182,0.6125835180282593,0.21125343441963196,0.3316326439380646,0.788746565580368,0.32126927375793457,0.4642857015132904,0.6787307262420654,0.3677099645137787,0.5238094925880432,0.6322900354862213
public,1671,3,Happy,V22_CORRECT_V21_WRONG,True,True,0.30916693806648254,0.43112245202064514,0.6908330619335175,0.3106210231781006,0.4485544264316559,0.6893789768218994,0.2319088876247406,0.35310372710227966,0.7680911123752594,0.25578776001930237,0.3852040767669678,0.7442122399806976,0.37982040643692017,0.5320295095443726,0.6201795935630798
public,1688,6,Neutral,V22_CORRECT_V21_WRONG,True,True,0.40456339716911316,0.5352891087532043,0.5954366028308868,0.3979506492614746,0.5401785373687744,0.6020493507385254,0.2572900652885437,0.3926445543766022,0.7427099347114563,0.3032470941543579,0.44238945841789246,0.6967529058456421,0.37902238965034485,0.54067462682724,0.6209776103496552
public,1699,6,Neutral,V22_CORRECT_V21_WRONG,True,True,0.3662666082382202,0.4991496503353119,0.6337333917617798,0.43401527404785156,0.5786564350128174,0.5659847259521484,0.3412967026233673,0.4759778678417206,0.6587032973766327,0.26825249195098877,0.38711732625961304,0.7317475080490112,0.3539345860481262,0.5103458166122437,0.6460654139518738
public,1714,5,Surprise,V21_CORRECT_V22_WRONG,True,True,0.32801008224487305,0.4532312750816345,0.671989917755127,0.3236825466156006,0.4655612111091614,0.6763174533843994,0.22271214425563812,0.3405612111091614,0.7772878557443619,0.29213809967041016,0.4285714328289032,0.7078619003295898,0.31140145659446716,0.46286851167678833,0.6885985434055328
public,1721,0,Angry,V21_CORRECT_V22_WRONG,True,True,0.40505051612854004,0.5480442047119141,0.59494948387146,0.45092150568962097,0.5914115309715271,0.549078494310379,0.2460847944021225,0.3807397782802582,0.7539152055978775,0.33740097284317017,0.48915815353393555,0.6625990271568298,0.4279536008834839,0.5918367505073547,0.5720463991165161
public,1731,4,Sad,V22_CORRECT_V21_WRONG,True,True,0.4674893617630005,0.5884353518486023,0.5325106382369995,0.3231622576713562,0.4672618806362152,0.6768377423286438,0.27318960428237915,0.40199828147888184,0.7268103957176208,0.29473260045051575,0.4381377398967743,0.7052673995494843,0.34359386563301086,0.4977324604988098,0.6564061343669891
public,1733,4,Sad,V21_CORRECT_V22_WRONG,True,True,0.3341435492038727,0.4613095223903656,0.6658564507961273,0.39187175035476685,0.5486819744110107,0.6081282496452332,0.2641281485557556,0.3960459232330322,0.7358718514442444,0.2182590365409851,0.33652210235595703,0.7817409634590149,0.3559574484825134,0.5137472152709961,0.6440425515174866
public,1734,3,Happy,V22_CORRECT_V21_WRONG,True,True,0.44636663794517517,0.5731292366981506,0.5536333620548248,0.3878890872001648,0.5452805757522583,0.6121109127998352,0.2995375394821167,0.4428146183490753,0.7004624605178833,0.23140716552734375,0.3569302558898926,0.7685928344726562,0.3303561508655548,0.48667803406715393,0.6696438491344452
public,1736,0,Angry,V22_CORRECT_V21_WRONG,True,True,0.3119783401489258,0.431547611951828,0.6880216598510742,0.3159797787666321,0.4589710831642151,0.6840202212333679,0.2758794128894806,0.42219385504722595,0.7241205871105194,0.31306225061416626,0.4538690447807312,0.6869377493858337,0.3118549585342407,0.4651360511779785,0.6881450414657593
public,1746,4,Sad,V22_CORRECT_V21_WRONG,True,True,0.4067264497280121,0.5301870703697205,0.5932735502719879,0.32017982006073,0.46896257996559143,0.67982017993927,0.2898273468017578,0.42899659276008606,0.7101726531982422,0.26045650243759155,0.39115646481513977,0.7395434975624084,0.4095345139503479,0.569727897644043,0.5904654860496521
public,1755,2,Fear,V22_CORRECT_V21_WRONG,True,True,0.3160422444343567,0.4383503198623657,0.6839577555656433,0.2889510691165924,0.4383503198623657,0.7110489308834076,0.25012409687042236,0.38350340723991394,0.7498759031295776,0.22817710041999817,0.3586309552192688,0.7718228995800018,0.36898136138916016,0.5266439914703369,0.6310186386108398
public,1756,2,Fear,V22_CORRECT_V21_WRONG,True,True,0.4458554685115814,0.5586734414100647,0.5541445314884186,0.4022938013076782,0.5393282175064087,0.5977061986923218,0.33031904697418213,0.46853742003440857,0.6696809530258179,0.22507263720035553,0.34927719831466675,0.7749273627996445,0.36358606815338135,0.5209751129150391,0.6364139318466187
public,1757,4,Sad,V22_CORRECT_V21_WRONG,True,True,0.3750060200691223,0.5106292366981506,0.6249939799308777,0.3190377354621887,0.4485544264316559,0.6809622645378113,0.29044705629348755,0.420918345451355,0.7095529437065125,0.3063153624534607,0.43324828147888184,0.6936846375465393,0.3088671565055847,0.4613095223903656,0.6911328434944153
public,1759,2,Fear,V21_CORRECT_V22_WRONG,True,True,0.3102048337459564,0.4166666567325592,0.6897951662540436,0.2994963526725769,0.4351615607738495,0.7005036473274231,0.26801326870918274,0.40880101919174194,0.7319867312908173,0.29278403520584106,0.42878401279449463,0.7072159647941589,0.299751877784729,0.45479026436805725,0.700248122215271
public,1760,4,Sad,V22_CORRECT_V21_WRONG,True,True,0.2777363061904907,0.38435372710227966,0.7222636938095093,0.2703878581523895,0.40582481026649475,0.7296121418476105,0.299151211977005,0.4353741407394409,0.700848788022995,0.21049919724464417,0.3282312750816345,0.7895008027553558,0.3963228464126587,0.5547052621841431,0.6036771535873413
public,1761,0,Angry,V22_CORRECT_V21_WRONG,True,True,0.39399686455726624,0.5289115309715271,0.6060031354427338,0.35304659605026245,0.5034013390541077,0.6469534039497375,0.3097439706325531,0.44812923669815063,0.6902560293674469,0.2862776517868042,0.41411563754081726,0.7137223482131958,0.3919977843761444,0.5504535436630249,0.6080022156238556
public,1762,3,Happy,V21_CORRECT_V22_WRONG,True,True,0.3959924578666687,0.5259353518486023,0.6040075421333313,0.343196839094162,0.4982993006706238,0.656803160905838,0.2518676817417145,0.37606292963027954,0.7481323182582855,0.35320940613746643,0.49149659276008606,0.6467905938625336,0.39273837208747864,0.5515872836112976,0.6072616279125214
public,1764,4,Sad,V21_CORRECT_V22_WRONG,True,True,0.3442698121070862,0.4791666567325592,0.6557301878929138,0.33668622374534607,0.4827806055545807,0.6633137762546539,0.23326170444488525,0.35289114713668823,0.7667382955551147,0.19448623061180115,0.3093112111091614,0.8055137693881989,0.40925997495651245,0.5626417994499207,0.5907400250434875
public,1794,0,Angry,V22_CORRECT_V21_WRONG,True,True,0.38414841890335083,0.489370733499527,0.6158515810966492,0.3568691611289978,0.49447277188301086,0.6431308388710022,0.2704005837440491,0.39902210235595703,0.7295994162559509,0.23323889076709747,0.35756802558898926,0.7667611092329025,0.3737424612045288,0.5318877696990967,0.6262575387954712
public,1795,4,Sad,V21_CORRECT_V22_WRONG,True,True,0.3545631766319275,0.45705780386924744,0.6454368233680725,0.323119580745697,0.46875,0.676880419254303,0.370930939912796,0.5182822942733765,0.629069060087204,0.3062906563282013,0.44090133905410767,0.6937093436717987,0.3189443051815033,0.4753401279449463,0.6810556948184967
public,1800,0,Angry,V22_CORRECT_V21_WRONG,True,True,0.42441844940185547,0.5625,0.5755815505981445,0.40476134419441223,0.5571853518486023,0.5952386558055878,0.3125605583190918,0.4566326439380646,0.6874394416809082,0.2723086476325989,0.4011479616165161,0.7276913523674011,0.31464144587516785,0.4700964093208313,0.6853585541248322
public,1806,6,Neutral,V21_CORRECT_V22_WRONG,True,True,0.3934408128261566,0.5161564350128174,0.6065591871738434,0.4065215289592743,0.5616496205329895,0.5934784710407257,0.3717372417449951,0.521896243095398,0.6282627582550049,0.3131846785545349,0.45408162474632263,0.6868153214454651,0.4030378460884094,0.5590986609458923,0.5969621539115906
public,1810,4,Sad,V21_CORRECT_V22_WRONG,True,True,0.3709915578365326,0.4842686951160431,0.6290084421634674,0.330892950296402,0.4670493006706238,0.669107049703598,0.3454187512397766,0.4819302558898926,0.6545812487602234,0.32244741916656494,0.47045066952705383,0.6775525808334351,0.2848348617553711,0.4318310618400574,0.7151651382446289
public,1813,6,Neutral,V21_CORRECT_V22_WRONG,True,True,0.42323046922683716,0.5318877696990967,0.5767695307731628,0.3016141355037689,0.44685372710227966,0.6983858644962311,0.2975851595401764,0.43409863114356995,0.7024148404598236,0.31813696026802063,0.4562074840068817,0.6818630397319794,0.3381580710411072,0.49659863114356995,0.6618419289588928
public,1814,4,Sad,V22_CORRECT_V21_WRONG,True,True,0.3482706844806671,0.4672618806362152,0.6517293155193329,0.3320811092853546,0.4800170063972473,0.6679188907146454,0.27960044145584106,0.42453229427337646,0.7203995585441589,0.34273451566696167,0.48681971430778503,0.6572654843330383,0.40602919459342957,0.5542800426483154,0.5939708054065704
public,1820,4,Sad,V22_CORRECT_V21_WRONG,True,True,0.3667443096637726,0.49234694242477417,0.6332556903362274,0.3085102140903473,0.45408162474632263,0.6914897859096527,0.2590164244174957,0.395620733499527,0.7409835755825043,0.30446961522102356,0.4487670063972473,0.6955303847789764,0.3579372465610504,0.5145975351333618,0.6420627534389496
public,1824,3,Happy,V21_CORRECT_V22_WRONG,True,True,0.3808642029762268,0.5204081535339355,0.6191357970237732,0.32997092604637146,0.48171767592430115,0.6700290739536285,0.3949069380760193,0.5442177057266235,0.6050930619239807,0.2600851058959961,0.389668345451355,0.7399148941040039,0.37018388509750366,0.5270692110061646,0.6298161149024963
public,1825,6,Neutral,V22_CORRECT_V21_WRONG,True,True,0.39924272894859314,0.5229591727256775,0.6007572710514069,0.41632306575775146,0.5688775181770325,0.5836769342422485,0.21067428588867188,0.32631802558898926,0.7893257141113281,0.28809085488319397,0.42665815353393555,0.711909145116806,0.3268354833126068,0.4829931855201721,0.6731645166873932
public,1827,3,Happy,V21_CORRECT_V22_WRONG,True,False,0.42455074191093445,0.5399659872055054,0.5754492580890656,0.3503233790397644,0.494047611951828,0.6496766209602356,0.2950402796268463,0.41709181666374207,0.7049597203731537,0.23157072067260742,0.35522958636283875,0.7684292793273926,0.3116600811481476,0.4671202003955841,0.6883399188518524
public,1833,3,Happy,V22_CORRECT_V21_WRONG,True,True,0.31997835636138916,0.4485544264316559,0.6800216436386108,0.33344408869743347,0.4791666567325592,0.6665559113025665,0.31079810857772827,0.4583333134651184,0.6892018914222717,0.24699510633945465,0.36649659276008606,0.7530048936605453,0.3800322115421295,0.5369898080825806,0.6199677884578705
public,1837,6,Neutral,V22_CORRECT_V21_WRONG,True,True,0.3446477949619293,0.4723639488220215,0.6553522050380707,0.3699244260787964,0.5176445245742798,0.6300755739212036,0.2358911633491516,0.35969388484954834,0.7641088366508484,0.29063040018081665,0.41857993602752686,0.7093695998191833,0.33227548003196716,0.4863945543766022,0.6677245199680328
public,1844,6,Neutral,V22_CORRECT_V21_WRONG,True,True,0.40914347767829895,0.5255101919174194,0.590856522321701,0.32049742341041565,0.4717261791229248,0.6795025765895844,0.2407536804676056,0.35161563754081726,0.7592463195323944,0.28295788168907166,0.40965133905410767,0.7170421183109283,0.3676939606666565,0.5192743539810181,0.6323060393333435
public,1845,3,Happy,V21_CORRECT_V22_WRONG,True,True,0.31891828775405884,0.45280611515045166,0.6810817122459412,0.3890385925769806,0.5435799360275269,0.6109614074230194,0.25836849212646484,0.37903910875320435,0.7416315078735352,0.3554113805294037,0.49234694242477417,0.6445886194705963,0.32076090574264526,0.4791666567325592,0.6792390942573547
public,1848,4,Sad,V21_CORRECT_V22_WRONG,True,True,0.4150126576423645,0.5420918464660645,0.5849873423576355,0.31864166259765625,0.46109694242477417,0.6813583374023438,0.18889008462429047,0.3014455735683441,0.8111099153757095,0.266098290681839,0.3988095223903656,0.733901709318161,0.3051994740962982,0.4532312750816345,0.6948005259037018
public,1853,2,Fear,V21_CORRECT_V22_WRONG,True,True,0.3920905292034149,0.5097789168357849,0.6079094707965851,0.35344836115837097,0.5068027377128601,0.646551638841629,0.2388247549533844,0.37096089124679565,0.7611752450466156,0.21875855326652527,0.33886054158210754,0.7812414467334747,0.3345043659210205,0.4783163070678711,0.6654956340789795
public,1854,0,Angry,V22_CORRECT_V21_WRONG,True,True,0.4195893406867981,0.538690447807312,0.5804106593132019,0.4020705223083496,0.5561224222183228,0.5979294776916504,0.24765540659427643,0.3771258294582367,0.7523445934057236,0.2717244625091553,0.4134778678417206,0.7282755374908447,0.3682935833930969,0.5286281108856201,0.6317064166069031
public,1856,4,Sad,V22_CORRECT_V21_WRONG,True,True,0.37064385414123535,0.494047611951828,0.6293561458587646,0.28450602293014526,0.42453229427337646,0.7154939770698547,0.38751688599586487,0.5446428656578064,0.6124831140041351,0.3172081708908081,0.45344385504722595,0.6827918291091919,0.30504336953163147,0.46102607250213623,0.6949566304683685
public,1857,6,Neutral,V22_CORRECT_V21_WRONG,True,True,0.43124255537986755,0.5518707633018494,0.5687574446201324,0.31227007508277893,0.4517431855201721,0.6877299249172211,0.3573961555957794,0.5004251599311829,0.6426038444042206,0.3110652267932892,0.4559948742389679,0.6889347732067108,0.3286685347557068,0.484127014875412,0.6713314652442932
public,1875,0,Angry,V21_CORRECT_V22_WRONG,True,True,0.3292008936405182,0.4511054456233978,0.6707991063594818,0.30343762040138245,0.44621598720550537,0.6965623795986176,0.23914401233196259,0.3732993006706238,0.7608559876680374,0.23930269479751587,0.36947277188301086,0.7606973052024841,0.31510719656944275,0.4688208997249603,0.6848928034305573
public,1882,5,Surprise,V22_CORRECT_V21_WRONG,True,True,0.3520093858242035,0.4740646183490753,0.6479906141757965,0.3377927839756012,0.47959181666374207,0.6622072160243988,0.30720362067222595,0.4523809552192688,0.692796379327774,0.23937681317329407,0.3654336631298065,0.7606231868267059,0.2755747139453888,0.4213435649871826,0.7244252860546112
public,1892,1,Disgust,V22_CORRECT_V21_WRONG,True,True,0.3793227970600128,0.5034013390541077,0.6206772029399872,0.39126482605934143,0.5497449040412903,0.6087351739406586,0.2974264919757843,0.43920066952705383,0.7025735080242157,0.320966899394989,0.4723639488220215,0.679033100605011,0.4635707139968872,0.6231576204299927,0.5364292860031128
public,1893,4,Sad,V22_CORRECT_V21_WRONG,True,True,0.34509041905403137,0.46386054158210754,0.6549095809459686,0.4039187729358673,0.5590986013412476,0.5960812270641327,0.2745765149593353,0.4136904776096344,0.7254234850406647,0.2781073749065399,0.4145407974720001,0.7218926250934601,0.39770886301994324,0.5607993006706238,0.6022911369800568
public,1898,4,Sad,V22_CORRECT_V21_WRONG,True,True,0.32808446884155273,0.45493197441101074,0.6719155311584473,0.31676608324050903,0.46237245202064514,0.683233916759491,0.2538774907588959,0.3892431855201721,0.7461225092411041,0.312343031167984,0.45131802558898926,0.687656968832016,0.32183411717414856,0.477182537317276,0.6781658828258514
public,1901,3,Happy,V22_CORRECT_V21_WRONG,True,True,0.4116406738758087,0.5527210831642151,0.5883593261241913,0.31889116764068604,0.45790815353393555,0.681108832359314,0.321757972240448,0.45705780386924744,0.678242027759552,0.2825256288051605,0.4247449040412903,0.7174743711948395,0.34664732217788696,0.5051020383834839,0.653352677822113
public,1909,6,Neutral,V21_CORRECT_V22_WRONG,True,True,0.3770308494567871,0.5012754797935486,0.6229691505432129,0.3286817967891693,0.47193875908851624,0.6713182032108307,0.21038541197776794,0.33056971430778503,0.7896145880222321,0.26735061407089233,0.4045493006706238,0.7326493859291077,0.40775012969970703,0.5673186182975769,0.592249870300293
public,1911,5,Surprise,V21_CORRECT_V22_WRONG,True,True,0.42702922224998474,0.5454931855201721,0.5729707777500153,0.32227852940559387,0.4678996503353119,0.6777214705944061,0.21178793907165527,0.32844388484954834,0.7882120609283447,0.23232179880142212,0.3562925159931183,0.7676782011985779,0.3854816257953644,0.5395408272743225,0.6145183742046356
public,1928,3,Happy,V22_CORRECT_V21_WRONG,True,True,0.295572429895401,0.4264455735683441,0.704427570104599,0.2670624256134033,0.40497449040412903,0.7329375743865967,0.3288086950778961,0.462797611951828,0.6711913049221039,0.42469847202301025,0.5659013390541077,0.5753015279769897,0.3559476137161255,0.5157312750816345,0.6440523862838745
public,1930,1,Disgust,V21_CORRECT_V22_WRONG,True,False,0.39970311522483826,0.5297619104385376,0.6002968847751617,0.451641321182251,0.5943877696990967,0.548358678817749,0.26278674602508545,0.4030612111091614,0.7372132539749146,0.31056052446365356,0.4559948742389679,0.6894394755363464,0.3581143915653229,0.5178571343421936,0.6418856084346771
public,1936,4,Sad,V21_CORRECT_V22_WRONG,True,False,0.36202380061149597,0.48681971430778503,0.637976199388504,0.33656081557273865,0.48171767592430115,0.6634391844272614,0.3031838834285736,0.4404761791229248,0.6968161165714264,0.2813427150249481,0.4145407974720001,0.7186572849750519,0.39426541328430176,0.5565476417541504,0.6057345867156982
public,1939,5,Surprise,V22_CORRECT_V21_WRONG,True,True,0.2687366306781769,0.3809523582458496,0.7312633693218231,0.32164207100868225,0.46832481026649475,0.6783579289913177,0.19588853418827057,0.31228742003440857,0.8041114658117294,0.24993589520454407,0.3777635991573334,0.7500641047954559,0.3500635325908661,0.5102041363716125,0.6499364674091339
public,1941,4,Sad,V22_CORRECT_V21_WRONG,True,True,0.35376355051994324,0.4702380895614624,0.6462364494800568,0.3759578466415405,0.5259353518486023,0.6240421533584595,0.25044623017311096,0.3722364008426666,0.749553769826889,0.2134566456079483,0.3267431855201721,0.7865433543920517,0.3251466751098633,0.4632936716079712,0.6748533248901367
public,1946,4,Sad,V22_CORRECT_V21_WRONG,True,True,0.3684749901294708,0.495323121547699,0.6315250098705292,0.38487550616264343,0.5335884094238281,0.6151244938373566,0.36275967955589294,0.5176445245742798,0.6372403204441071,0.2798689603805542,0.4100765287876129,0.7201310396194458,0.3585923910140991,0.5162981748580933,0.6414076089859009
public,1947,4,Sad,V21_CORRECT_V22_WRONG,True,True,0.36584293842315674,0.4902210831642151,0.6341570615768433,0.31034794449806213,0.46088433265686035,0.6896520555019379,0.2849472165107727,0.42750850319862366,0.7150527834892273,0.236128568649292,0.3601190447807312,0.763871431350708,0.33262738585472107,0.4879535436630249,0.6673726141452789
public,1948,2,Fear,V22_CORRECT_V21_WRONG,True,True,0.3724347949028015,0.49447277188301086,0.6275652050971985,0.2997867166996002,0.44217684864997864,0.7002132833003998,0.21699222922325134,0.34183672070503235,0.7830077707767487,0.2506239414215088,0.38584181666374207,0.7493760585784912,0.37828290462493896,0.526218831539154,0.621717095375061
public,1950,4,Sad,V21_CORRECT_V22_WRONG,True,True,0.3227822780609131,0.431547611951828,0.6772177219390869,0.2666865289211273,0.4034864008426666,0.7333134710788727,0.32594528794288635,0.4744897782802582,0.6740547120571136,0.2554711401462555,0.3905186951160431,0.7445288598537445,0.34600597620010376,0.5058106780052185,0.6539940237998962
public,1956,4,Sad,V22_CORRECT_V21_WRONG,True,True,0.3413509428501129,0.4604591727256775,0.6586490571498871,0.27446117997169495,0.41539114713668823,0.725538820028305,0.2691478431224823,0.39540815353393555,0.7308521568775177,0.25308096408843994,0.3824404776096344,0.7469190359115601,0.412528932094574,0.5676020979881287,0.587471067905426
public,1961,3,Happy,V22_CORRECT_V21_WRONG,True,True,0.34627360105514526,0.4770407974720001,0.6537263989448547,0.29582151770591736,0.44451528787612915,0.7041784822940826,0.21812137961387634,0.33737245202064514,0.7818786203861237,0.30039873719215393,0.44536563754081726,0.6996012628078461,0.32516711950302124,0.4732142686843872,0.6748328804969788
public,1962,4,Sad,V22_CORRECT_V21_WRONG,True,True,0.35853731632232666,0.483418345451355,0.6414626836776733,0.3608916997909546,0.5112670063972473,0.6391083002090454,0.21686844527721405,0.3428996503353119,0.783131554722786,0.23533572256565094,0.36203229427337646,0.7646642774343491,0.3735949397087097,0.5299036502838135,0.6264050602912903
public,1967,3,Happy,V21_CORRECT_V22_WRONG,True,True,0.3940991759300232,0.5174319744110107,0.6059008240699768,0.30560407042503357,0.4449404776096344,0.6943959295749664,0.28538402915000916,0.4283588230609894,0.7146159708499908,0.27334001660346985,0.41262754797935486,0.7266599833965302,0.35822877287864685,0.5196996331214905,0.6417712271213531
public,1968,6,Neutral,V21_CORRECT_V22_WRONG,True,True,0.39145398139953613,0.5097789168357849,0.6085460186004639,0.3464040756225586,0.49277210235595703,0.6535959243774414,0.2532128095626831,0.3832907974720001,0.7467871904373169,0.3362947106361389,0.47725337743759155,0.6637052893638611,0.3246708810329437,0.4743480980396271,0.6753291189670563
public,1977,6,Neutral,V22_CORRECT_V21_WRONG,True,True,0.3715965747833252,0.48086732625961304,0.6284034252166748,0.410299688577652,0.5580357313156128,0.589700311422348,0.17836856842041016,0.28146257996559143,0.8216314315795898,0.24652177095413208,0.3684098422527313,0.7534782290458679,0.34598004817962646,0.5004251599311829,0.6540199518203735
public,1983,6,Neutral,V21_CORRECT_V22_WRONG,True,True,0.2386910319328308,0.3414115607738495,0.7613089680671692,0.2801837921142578,0.42665815353393555,0.7198162078857422,0.2922942340373993,0.4300595223903656,0.7077057659626007,0.2491263747215271,0.37308672070503235,0.7508736252784729,0.34306755661964417,0.5002834796905518,0.6569324433803558
public,1991,3,Happy,V21_CORRECT_V22_WRONG,True,True,0.38720327615737915,0.5110543966293335,0.6127967238426208,0.27764764428138733,0.41836732625961304,0.7223523557186127,0.2635492980480194,0.3996598422527313,0.7364507019519806,0.19450269639492035,0.30761054158210754,0.8054973036050797,0.3515464961528778,0.5059523582458496,0.6484535038471222
public,1992,4,Sad,V22_CORRECT_V21_WRONG,True,True,0.30079612135887146,0.41326528787612915,0.6992038786411285,0.33064004778862,0.4827806055545807,0.66935995221138,0.21551023423671722,0.3384353816509247,0.7844897657632828,0.2890055179595947,0.42899659276008606,0.7109944820404053,0.39448660612106323,0.5556972622871399,0.6055133938789368
public,2006,4,Sad,V21_CORRECT_V22_WRONG,True,True,0.3309473395347595,0.4494047462940216,0.6690526604652405,0.31768181920051575,0.46471086144447327,0.6823181807994843,0.2572878897190094,0.3832907974720001,0.7427121102809906,0.26158052682876587,0.38265305757522583,0.7384194731712341,0.41855889558792114,0.5762471556663513,0.5814411044120789
public,2009,6,Neutral,V21_CORRECT_V22_WRONG,True,True,0.3397980332374573,0.4723639488220215,0.6602019667625427,0.3909914195537567,0.5474064350128174,0.6090085804462433,0.27386119961738586,0.4113520383834839,0.7261388003826141,0.28500235080718994,0.4241071343421936,0.7149976491928101,0.3569585382938385,0.5140305757522583,0.6430414617061615
public,2013,6,Neutral,V22_CORRECT_V21_WRONG,True,True,0.3834286034107208,0.4889455735683441,0.6165713965892792,0.33758994936943054,0.48490646481513977,0.6624100506305695,0.23372286558151245,0.357142835855484,0.7662771344184875,0.3055782616138458,0.4443027079105377,0.6944217383861542,0.3241713047027588,0.47959181666374207,0.6758286952972412
public,2022,4,Sad,V22_CORRECT_V21_WRONG,True,True,0.4045378565788269,0.5374149680137634,0.5954621434211731,0.31763744354248047,0.46768707036972046,0.6823625564575195,0.31803804636001587,0.4613095223903656,0.6819619536399841,0.30073511600494385,0.4404761791229248,0.6992648839950562,0.3668237626552582,0.516298234462738,0.6331762373447418
public,2027,6,Neutral,V21_CORRECT_V22_WRONG,True,True,0.3408539891242981,0.46173468232154846,0.6591460108757019,0.4488367438316345,0.5958758592605591,0.5511632561683655,0.37040290236473083,0.5170068144798279,0.6295970976352692,0.20511488616466522,0.3029336631298065,0.7948851138353348,0.3060954511165619,0.4560657739639282,0.6939045488834381
public,2041,4,Sad,V21_CORRECT_V22_WRONG,False,False,0.3702942728996277,0.5,0.6297057271003723,0.35267898440361023,0.5048894286155701,0.6473210155963898,0.238247349858284,0.3622449040412903,0.761752650141716,0.2773262560367584,0.4056122303009033,0.7226737439632416,0.34491702914237976,0.5042517185211182,0.6550829708576202
public,2045,2,Fear,V21_CORRECT_V22_WRONG,True,True,0.35402965545654297,0.46471086144447327,0.645970344543457,0.2993261516094208,0.42963433265686035,0.7006738483905792,0.29887595772743225,0.4383503198623657,0.7011240422725677,0.21675018966197968,0.3148384392261505,0.7832498103380203,0.32557621598243713,0.4770407974720001,0.6744237840175629
public,2053,6,Neutral,V21_CORRECT_V22_WRONG,True,True,0.42030858993530273,0.5501700639724731,0.5796914100646973,0.4148065447807312,0.5661139488220215,0.5851934552192688,0.29867810010910034,0.44685372710227966,0.7013218998908997,0.3082609474658966,0.44982993602752686,0.6917390525341034,0.3431723415851593,0.49447277188301086,0.6568276584148407
public,2054,4,Sad,V21_CORRECT_V22_WRONG,True,True,0.41847527027130127,0.5395408272743225,0.5815247297286987,0.28520137071609497,0.41560372710227966,0.714798629283905,0.15732908248901367,0.2491496503353119,0.8426709175109863,0.2723398506641388,0.3973214328289032,0.7276601493358612,0.36145687103271484,0.5153061151504517,0.6385431289672852
public,2055,4,Sad,V22_CORRECT_V21_WRONG,True,True,0.33956530690193176,0.46598637104034424,0.6604346930980682,0.2918947637081146,0.4277210831642151,0.7081052362918854,0.33273234963417053,0.4693877398967743,0.6672676503658295,0.2654043436050415,0.3971088230609894,0.7345956563949585,0.3938072919845581,0.5524377226829529,0.6061927080154419
public,2057,6,Neutral,V21_CORRECT_V22_WRONG,True,True,0.3408469259738922,0.47959181666374207,0.6591530740261078,0.3154561221599579,0.4651360511779785,0.6845438778400421,0.2949606776237488,0.43324828147888184,0.7050393223762512,0.31355586647987366,0.4396258294582367,0.6864441335201263,0.35418790578842163,0.5085033774375916,0.6458120942115784
public,2063,3,Happy,V21_CORRECT_V22_WRONG,True,True,0.3579915165901184,0.49064624309539795,0.6420084834098816,0.32443588972091675,0.4732142686843872,0.6755641102790833,0.2885119318962097,0.42750850319862366,0.7114880681037903,0.24392953515052795,0.370323121547699,0.756070464849472,0.29190555214881897,0.44075965881347656,0.708094447851181
public,2065,2,Fear,V21_CORRECT_V22_WRONG,True,True,0.3710574507713318,0.5025510191917419,0.6289425492286682,0.3691433370113373,0.5110543966293335,0.6308566629886627,0.32674261927604675,0.47512754797935486,0.6732573807239532,0.30452239513397217,0.43877550959587097,0.6954776048660278,0.3533117175102234,0.5090702772140503,0.6466882824897766
public,2066,6,Neutral,V22_CORRECT_V21_WRONG,True,True,0.41044777631759644,0.531462550163269,0.5895522236824036,0.37388452887535095,0.5259353518486023,0.626115471124649,0.2750999331474304,0.41177719831466675,0.7249000668525696,0.2768791913986206,0.40518707036972046,0.7231208086013794,0.3927468955516815,0.5520125031471252,0.6072531044483185
public,2068,3,Happy,V21_CORRECT_V22_WRONG,True,True,0.3998376429080963,0.5357142686843872,0.6001623570919037,0.347489595413208,0.5021258592605591,0.652510404586792,0.3231092691421509,0.4723639488220215,0.6768907308578491,0.23628117144107819,0.3684098422527313,0.7637188285589218,0.3494652509689331,0.5082200169563293,0.6505347490310669
public,2080,4,Sad,V21_CORRECT_V22_WRONG,True,True,0.3991738557815552,0.5331632494926453,0.6008261442184448,0.4682251811027527,0.6260629296302795,0.5317748188972473,0.26246750354766846,0.39455780386924744,0.7375324964523315,0.17468146979808807,0.2827380895614624,0.8253185302019119,0.3147798478603363,0.4604591727256775,0.6852201521396637
public,2082,4,Sad,V22_CORRECT_V21_WRONG,True,True,0.39114928245544434,0.5085033774375916,0.6088507175445557,0.33251437544822693,0.4789540767669678,0.6674856245517731,0.2558205723762512,0.3845663070678711,0.7441794276237488,0.18027204275131226,0.2916666567325592,0.8197279572486877,0.3829480707645416,0.5338718891143799,0.6170519292354584
public,2084,3,Happy,V21_CORRECT_V22_WRONG,True,True,0.3589131236076355,0.4783163070678711,0.6410868763923645,0.2777913510799408,0.4160289168357849,0.7222086489200592,0.2471497356891632,0.3801020383834839,0.7528502643108368,0.259368896484375,0.3934949040412903,0.740631103515625,0.3878471553325653,0.5460600852966309,0.6121528446674347
public,2091,4,Sad,V22_CORRECT_V21_WRONG,True,True,0.33945542573928833,0.45195576548576355,0.6605445742607117,0.3462735116481781,0.4919217526912689,0.6537264883518219,0.19998162984848022,0.30846089124679565,0.8000183701515198,0.27317097783088684,0.40582481026649475,0.7268290221691132,0.37834322452545166,0.535997748374939,0.6216567754745483
public,2094,2,Fear,V22_CORRECT_V21_WRONG,True,True,0.37682098150253296,0.5,0.623179018497467,0.3744116425514221,0.5216836333274841,0.6255883574485779,0.260800302028656,0.3854166567325592,0.739199697971344,0.3162597417831421,0.44834181666374207,0.6837402582168579,0.3331207036972046,0.4822845757007599,0.6668792963027954
public,2099,3,Happy,V21_CORRECT_V22_WRONG,True,True,0.36026784777641296,0.48681971430778503,0.639732152223587,0.29804134368896484,0.4447278678417206,0.7019586563110352,0.34596097469329834,0.4878826439380646,0.6540390253067017,0.2318841516971588,0.3550170063972473,0.7681158483028412,0.3821331858634949,0.5391156077384949,0.6178668141365051
public,2100,6,Neutral,V21_CORRECT_V22_WRONG,True,True,0.36428123712539673,0.48681971430778503,0.6357187628746033,0.43794089555740356,0.5869472622871399,0.5620591044425964,0.25137436389923096,0.3675595223903656,0.748625636100769,0.3243579864501953,0.464073121547699,0.6756420135498047,0.3441880941390991,0.5032596588134766,0.6558119058609009
public,2101,4,Sad,V22_CORRECT_V21_WRONG,True,True,0.36547768115997314,0.489370733499527,0.6345223188400269,0.34929123520851135,0.5010629296302795,0.6507087647914886,0.21790145337581635,0.3341836631298065,0.7820985466241837,0.24355722963809967,0.36862245202064514,0.7564427703619003,0.3995648920536041,0.557539701461792,0.6004351079463959
public,2104,2,Fear,V22_CORRECT_V21_WRONG,False,False,0.3492307960987091,0.4664115607738495,0.6507692039012909,0.27608156204223633,0.41262754797935486,0.7239184379577637,0.2678186893463135,0.4009353518486023,0.7321813106536865,0.21089991927146912,0.333120733499527,0.7891000807285309,0.33357149362564087,0.49248868227005005,0.6664285063743591
public,2106,0,Angry,V22_CORRECT_V21_WRONG,True,True,0.4359923303127289,0.5680271983146667,0.5640076696872711,0.3863099217414856,0.5318877696990967,0.6136900782585144,0.3492298424243927,0.47576528787612915,0.6507701575756073,0.2761423587799072,0.40072277188301086,0.7238576412200928,0.3415517807006836,0.49362245202064514,0.6584482192993164
public,2125,0,Angry,V22_CORRECT_V21_WRONG,True,True,0.41774022579193115,0.543367326259613,0.5822597742080688,0.3103468716144562,0.4559948742389679,0.6896531283855438,0.3102591335773468,0.4613095223903656,0.6897408664226532,0.3057886064052582,0.4464285671710968,0.6942113935947418,0.36920464038848877,0.5226757526397705,0.6307953596115112
public,2130,4,Sad,V22_CORRECT_V21_WRONG,True,True,0.369963139295578,0.5004251599311829,0.630036860704422,0.41682350635528564,0.5690901279449463,0.5831764936447144,0.2534264624118805,0.3809523582458496,0.7465735375881195,0.3485553562641144,0.4961734712123871,0.6514446437358856,0.29573696851730347,0.4434523582458496,0.7042630314826965
public,2132,6,Neutral,V22_CORRECT_V21_WRONG,False,False,0.36530831456184387,0.4859693646430969,0.6346916854381561,0.30195701122283936,0.44536563754081726,0.6980429887771606,0.24695080518722534,0.369047611951828,0.7530491948127747,0.3215896189212799,0.46471086144447327,0.6784103810787201,0.3909928500652313,0.5415249466896057,0.6090071499347687
public,2151,6,Neutral,V22_CORRECT_V21_WRONG,True,True,0.397151917219162,0.509353756904602,0.602848082780838,0.3707237243652344,0.5014880895614624,0.6292762756347656,0.21407122910022736,0.32631802558898926,0.7859287708997726,0.31557026505470276,0.4502550959587097,0.6844297349452972,0.38134926557540894,0.5399659872055054,0.6186507344245911
public,2159,5,Surprise,V21_CORRECT_V22_WRONG,True,True,0.39787763357162476,0.5327380895614624,0.6021223664283752,0.39365506172180176,0.543367326259613,0.6063449382781982,0.35980966687202454,0.5112670063972473,0.6401903331279755,0.2500534951686859,0.37755101919174194,0.7499465048313141,0.3150191903114319,0.4662698805332184,0.6849808096885681
public,2179,6,Neutral,V21_CORRECT_V22_WRONG,True,True,0.3925536870956421,0.5208333134651184,0.6074463129043579,0.344413697719574,0.4938350319862366,0.655586302280426,0.3194867968559265,0.45939624309539795,0.6805132031440735,0.2598861753940582,0.3886054456233978,0.7401138246059418,0.3783293664455414,0.5355725884437561,0.6216706335544586
public,2189,4,Sad,V21_CORRECT_V22_WRONG,True,True,0.3705471456050873,0.4897959232330322,0.6294528543949127,0.3097422420978546,0.44664114713668823,0.6902577579021454,0.29525884985923767,0.4124149680137634,0.7047411501407623,0.3011035919189453,0.43771257996559143,0.6988964080810547,0.38439497351646423,0.543367326259613,0.6156050264835358
public,2191,4,Sad,V22_CORRECT_V21_WRONG,True,True,0.4160705804824829,0.5327380895614624,0.5839294195175171,0.3938615918159485,0.5484693646430969,0.6061384081840515,0.3573068678379059,0.4874574840068817,0.6426931321620941,0.2288065254688263,0.3577806055545807,0.7711934745311737,0.4051145911216736,0.564767599105835,0.5948854088783264
public,2192,0,Angry,V22_CORRECT_V21_WRONG,True,True,0.42536595463752747,0.555272102355957,0.5746340453624725,0.40945136547088623,0.5642006397247314,0.5905486345291138,0.2988436818122864,0.4477040767669678,0.7011563181877136,0.28677672147750854,0.41687923669815063,0.7132232785224915,0.33873745799064636,0.4920635521411896,0.6612625420093536
public,2196,0,Angry,V21_CORRECT_V22_WRONG,True,True,0.4117012917995453,0.5331632494926453,0.5882987082004547,0.3645539879798889,0.5129677057266235,0.6354460120201111,0.2910592555999756,0.4247449040412903,0.7089407444000244,0.31315675377845764,0.4576955735683441,0.6868432462215424,0.38541653752326965,0.5462018251419067,0.6145834624767303
public,2197,3,Happy,V21_CORRECT_V22_WRONG,True,True,0.3552490770816803,0.48681971430778503,0.6447509229183197,0.3004312217235565,0.44664114713668823,0.6995687782764435,0.2729758322238922,0.3951955735683441,0.7270241677761078,0.23408564925193787,0.36500850319862366,0.7659143507480621,0.34711286425590515,0.49759072065353394,0.6528871357440948
public,2210,4,Sad,V22_CORRECT_V21_WRONG,True,True,0.3530344069004059,0.4761904776096344,0.6469655930995941,0.36462584137916565,0.5085033774375916,0.6353741586208344,0.3037404417991638,0.4396258294582367,0.6962595582008362,0.3482409119606018,0.49447277188301086,0.6517590880393982,0.3523777723312378,0.5126134157180786,0.6476222276687622
public,2215,5,Surprise,V22_CORRECT_V21_WRONG,True,True,0.3483775556087494,0.489370733499527,0.6516224443912506,0.30341705679893494,0.4506802558898926,0.6965829432010651,0.33566659688949585,0.48490646481513977,0.6643334031105042,0.21853795647621155,0.3467261791229248,0.7814620435237885,0.3909243047237396,0.5415249466896057,0.6090756952762604
public,2217,6,Neutral,V22_CORRECT_V21_WRONG,True,True,0.36471307277679443,0.483418345451355,0.6352869272232056,0.40577203035354614,0.5576105117797852,0.5942279696464539,0.29805028438568115,0.4336734712123871,0.7019497156143188,0.24079173803329468,0.36267006397247314,0.7592082619667053,0.33202388882637024,0.483418345451355,0.6679761111736298
public,2218,4,Sad,V22_CORRECT_V21_WRONG,True,True,0.38646915555000305,0.5148809552192688,0.613530844449997,0.3002539873123169,0.44387754797935486,0.6997460126876831,0.30707651376724243,0.4368622303009033,0.6929234862327576,0.27510830760002136,0.41113945841789246,0.7248916923999786,0.3729742467403412,0.5350056886672974,0.6270257532596588
public,2222,0,Angry,V22_CORRECT_V21_WRONG,True,True,0.4162927567958832,0.5454931855201721,0.5837072432041168,0.3358704745769501,0.48767006397247314,0.6641295254230499,0.2637673318386078,0.39689624309539795,0.7362326681613922,0.21094916760921478,0.33439624309539795,0.7890508323907852,0.38527023792266846,0.5491780042648315,0.6147297620773315
public,2241,4,Sad,V22_CORRECT_V21_WRONG,True,True,0.35007843375205994,0.4732142686843872,0.6499215662479401,0.4005107283592224,0.553146243095398,0.5994892716407776,0.2601858079433441,0.38881802558898926,0.7398141920566559,0.20594066381454468,0.32185372710227966,0.7940593361854553,0.39541149139404297,0.550028383731842,0.604588508605957
public,2245,6,Neutral,V21_CORRECT_V22_WRONG,True,True,0.3938360810279846,0.5229591727256775,0.6061639189720154,0.2866849899291992,0.42750850319862366,0.7133150100708008,0.2584111988544464,0.38881802558898926,0.7415888011455536,0.3035615384578705,0.44621598720550537,0.6964384615421295,0.35147354006767273,0.5077947974205017,0.6485264599323273
public,2257,2,Fear,V22_CORRECT_V21_WRONG,True,True,0.29060524702072144,0.40433672070503235,0.7093947529792786,0.33741292357444763,0.4908588230609894,0.6625870764255524,0.21309591829776764,0.33375850319862366,0.7869040817022324,0.24839019775390625,0.3807397782802582,0.7516098022460938,0.3275771737098694,0.48441043496131897,0.6724228262901306
public,2259,4,Sad,V21_CORRECT_V22_WRONG,True,True,0.36880481243133545,0.5034013390541077,0.6311951875686646,0.22600258886814117,0.3550170063972473,0.7739974111318588,0.30345606803894043,0.4432397782802582,0.6965439319610596,0.26111140847206116,0.3862670063972473,0.7388885915279388,0.3571227192878723,0.5164399147033691,0.6428772807121277
public,2260,4,Sad,V21_CORRECT_V22_WRONG,True,True,0.2935146987438202,0.41411563754081726,0.7064853012561798,0.3679426610469818,0.504676878452301,0.6320573389530182,0.26327452063560486,0.4024234712123871,0.7367254793643951,0.35005906224250793,0.4934098422527313,0.6499409377574921,0.3459837734699249,0.5012755393981934,0.6540162265300751
public,2265,3,Happy,V21_CORRECT_V22_WRONG,True,True,0.32428690791130066,0.4353741407394409,0.6757130920886993,0.36200469732284546,0.5087159872055054,0.6379953026771545,0.26224371790885925,0.3905186951160431,0.7377562820911407,0.2864912152290344,0.420918345451355,0.7135087847709656,0.3961699903011322,0.5535714030265808,0.6038300096988678
public,2278,6,Neutral,V21_CORRECT_V22_WRONG,True,True,0.410426527261734,0.543367326259613,0.589573472738266,0.39196300506591797,0.5327380895614624,0.608036994934082,0.2672485113143921,0.3845663070678711,0.7327514886856079,0.30062979459762573,0.4411139488220215,0.6993702054023743,0.2919885516166687,0.4444444477558136,0.7080114483833313
public,2281,6,Neutral,V21_CORRECT_V22_WRONG,True,True,0.23332904279232025,0.3295067846775055,0.7666709572076797,0.29071158170700073,0.4306972622871399,0.7092884182929993,0.30310776829719543,0.44664114713668823,0.6968922317028046,0.33383262157440186,0.47959181666374207,0.6661673784255981,0.34401991963386536,0.5005668997764587,0.6559800803661346
public,2283,6,Neutral,V22_CORRECT_V21_WRONG,True,True,0.3293142318725586,0.4545067846775055,0.6706857681274414,0.33418557047843933,0.4827806055545807,0.6658144295215607,0.2654820680618286,0.400297611951828,0.7345179319381714,0.3168472945690155,0.4491921663284302,0.6831527054309845,0.34686538577079773,0.504393458366394,0.6531346142292023
public,2288,6,Neutral,V21_CORRECT_V22_WRONG,True,True,0.4193355441093445,0.545918345451355,0.5806644558906555,0.3694256842136383,0.5182822942733765,0.6305743157863617,0.2853175103664398,0.42283162474632263,0.7146824896335602,0.2957214117050171,0.44090133905410767,0.7042785882949829,0.32660967111587524,0.48143425583839417,0.6733903288841248
public,2289,6,Neutral,V22_CORRECT_V21_WRONG,True,True,0.40413811802864075,0.5263605117797852,0.5958618819713593,0.4570997953414917,0.6067176461219788,0.5429002046585083,0.23448289930820465,0.3601190447807312,0.7655171006917953,0.19206802546977997,0.3080357015132904,0.80793197453022,0.41293084621429443,0.5681689381599426,0.5870691537857056
public,2293,4,Sad,V22_CORRECT_V21_WRONG,True,False,0.340036004781723,0.4651360511779785,0.659963995218277,0.2955899238586426,0.43707481026649475,0.7044100761413574,0.23940736055374146,0.369047611951828,0.7605926394462585,0.21184541285037994,0.3288690447807312,0.7881545871496201,0.36618903279304504,0.5282029509544373,0.633810967206955
public,2301,3,Happy,V21_CORRECT_V22_WRONG,True,True,0.3467596769332886,0.4744897782802582,0.6532403230667114,0.32584261894226074,0.47130101919174194,0.6741573810577393,0.3424999713897705,0.4717261791229248,0.6575000286102295,0.24510249495506287,0.36777210235595703,0.7548975050449371,0.3026740849018097,0.44671204686164856,0.6973259150981903
public,2306,2,Fear,V22_CORRECT_V21_WRONG,True,True,0.32406261563301086,0.44217684864997864,0.6759373843669891,0.38295090198516846,0.5289115309715271,0.6170490980148315,0.2957179844379425,0.4300595223903656,0.7042820155620575,0.29961395263671875,0.43112245202064514,0.7003860473632812,0.33284997940063477,0.48667803406715393,0.6671500205993652
public,2313,3,Happy,V22_CORRECT_V21_WRONG,True,True,0.4516248404979706,0.5739795565605164,0.5483751595020294,0.3322811722755432,0.47278910875320435,0.6677188277244568,0.3170624375343323,0.45556971430778503,0.6829375624656677,0.2946356534957886,0.4292091727256775,0.7053643465042114,0.3358213007450104,0.4793083965778351,0.6641786992549896
public,2317,6,Neutral,V22_CORRECT_V21_WRONG,True,True,0.41751816868782043,0.5382652878761292,0.5824818313121796,0.3579534590244293,0.5082908272743225,0.6420465409755707,0.27040889859199524,0.38945576548576355,0.7295911014080048,0.20220361649990082,0.3176020383834839,0.7977963835000992,0.3565654158592224,0.5131802558898926,0.6434345841407776
public,2322,0,Angry,V22_CORRECT_V21_WRONG,True,True,0.39811164140701294,0.5289115309715271,0.6018883585929871,0.38527822494506836,0.5357142686843872,0.6147217750549316,0.3415262997150421,0.48618197441101074,0.6584737002849579,0.269302636384964,0.4026360511779785,0.730697363615036,0.41231048107147217,0.5685940980911255,0.5876895189285278
public,2323,4,Sad,V22_CORRECT_V21_WRONG,True,True,0.36635681986808777,0.4829931855201721,0.6336431801319122,0.38295432925224304,0.5344387888908386,0.617045670747757,0.29762759804725647,0.4353741407394409,0.7023724019527435,0.3023380935192108,0.4417516887187958,0.6976619064807892,0.3625977337360382,0.5140305757522583,0.6374022662639618
public,2331,4,Sad,V21_CORRECT_V22_WRONG,True,True,0.30810171365737915,0.425595223903656,0.6918982863426208,0.2570095658302307,0.39158162474632263,0.7429904341697693,0.2685617506504059,0.40646257996559143,0.7314382493495941,0.3066699504852295,0.44515305757522583,0.6933300495147705,0.37628525495529175,0.5403911471366882,0.6237147450447083
public,2357,3,Happy,V22_CORRECT_V21_WRONG,True,True,0.459861695766449,0.593962550163269,0.540138304233551,0.3369540572166443,0.4897959232330322,0.6630459427833557,0.2182004749774933,0.3446003198623657,0.7817995250225067,0.30694127082824707,0.45408162474632263,0.6930587291717529,0.320194810628891,0.4763322174549103,0.679805189371109
public,2360,0,Angry,V21_CORRECT_V22_WRONG,True,True,0.4140872061252594,0.5437924861907959,0.5859127938747406,0.4077026844024658,0.5580357313156128,0.5922973155975342,0.3586040735244751,0.49808672070503235,0.6413959264755249,0.29839596152305603,0.4321853518486023,0.701604038476944,0.37917718291282654,0.5376984477043152,0.6208228170871735
public,2365,3,Happy,V22_CORRECT_V21_WRONG,True,True,0.3708042502403259,0.5034013390541077,0.6291957497596741,0.359792560338974,0.507227897644043,0.640207439661026,0.27790141105651855,0.4122023582458496,0.7220985889434814,0.32401660084724426,0.4532312750816345,0.6759833991527557,0.3335886299610138,0.4929138422012329,0.6664113700389862
public,2372,0,Angry,V22_CORRECT_V21_WRONG,True,True,0.4341652989387512,0.5595238208770752,0.5658347010612488,0.3768479824066162,0.5342261791229248,0.6231520175933838,0.2783074676990509,0.4160289168357849,0.7216925323009491,0.24240775406360626,0.36947277188301086,0.7575922459363937,0.396388977766037,0.5585317611694336,0.603611022233963
public,2379,0,Angry,V21_CORRECT_V22_WRONG,True,True,0.40300706028938293,0.5382652878761292,0.5969929397106171,0.35888099670410156,0.5038264989852905,0.6411190032958984,0.27761176228523254,0.39987245202064514,0.7223882377147675,0.2266121655702591,0.3475765287876129,0.7733878344297409,0.4139743745326996,0.5693027377128601,0.5860256254673004
public,2385,4,Sad,V21_CORRECT_V22_WRONG,True,True,0.3081124424934387,0.4204931855201721,0.6918875575065613,0.322356641292572,0.4693877398967743,0.677643358707428,0.26625579595565796,0.4047619104385376,0.733744204044342,0.3489627242088318,0.500212550163269,0.6510372757911682,0.2657705843448639,0.4138322174549103,0.7342294156551361
public,2389,0,Angry,V21_CORRECT_V22_WRONG,True,True,0.43186110258102417,0.5471938848495483,0.5681388974189758,0.36525389552116394,0.509353756904602,0.6347461044788361,0.21749429404735565,0.3335459232330322,0.7825057059526443,0.303077757358551,0.4417516887187958,0.696922242641449,0.3059704005718231,0.4554988741874695,0.6940295994281769
public,2390,4,Sad,V21_CORRECT_V22_WRONG,True,True,0.4113878905773163,0.5514455437660217,0.5886121094226837,0.2975279688835144,0.4336734712123871,0.7024720311164856,0.304132878780365,0.4443027079105377,0.695867121219635,0.30633896589279175,0.43622449040412903,0.6936610341072083,0.35639387369155884,0.5134637355804443,0.6436061263084412
public,2396,2,Fear,V22_CORRECT_V21_WRONG,True,True,0.34447556734085083,0.46301019191741943,0.6555244326591492,0.36242613196372986,0.502763569355011,0.6375738680362701,0.26105624437332153,0.3803146183490753,0.7389437556266785,0.2608954906463623,0.3949829936027527,0.7391045093536377,0.30345091223716736,0.46102607250213623,0.6965490877628326
public,2397,3,Happy,V21_CORRECT_V22_WRONG,True,True,0.38897785544395447,0.5080782175064087,0.6110221445560455,0.4068772494792938,0.5508078336715698,0.5931227505207062,0.24484921991825104,0.369047611951828,0.755150780081749,0.2814302146434784,0.41560372710227966,0.7185697853565216,0.3163556456565857,0.46782881021499634,0.6836443543434143
public,2398,2,Fear,V21_CORRECT_V22_WRONG,True,True,0.37970608472824097,0.5131802558898926,0.620293915271759,0.3242378830909729,0.46832481026649475,0.6757621169090271,0.23095031082630157,0.3458758294582367,0.7690496891736984,0.2488446831703186,0.37967684864997864,0.7511553168296814,0.35578522086143494,0.5161564350128174,0.6442147791385651
public,2401,6,Neutral,V21_CORRECT_V22_WRONG,True,True,0.3977527618408203,0.5212584733963013,0.6022472381591797,0.31749895215034485,0.46471086144447327,0.6825010478496552,0.2531493008136749,0.3845663070678711,0.7468506991863251,0.3240591883659363,0.4696003198623657,0.6759408116340637,0.36766016483306885,0.5196995735168457,0.6323398351669312
public,2404,4,Sad,V21_CORRECT_V22_WRONG,True,True,0.3089791536331177,0.43027210235595703,0.6910208463668823,0.37101230025291443,0.5235969424247742,0.6289876997470856,0.3003341853618622,0.4449404776096344,0.6996658146381378,0.2820422649383545,0.4158163070678711,0.7179577350616455,0.3339707553386688,0.47576528787612915,0.6660292446613312
public,2405,2,Fear,V21_CORRECT_V22_WRONG,True,True,0.36648687720298767,0.488095223903656,0.6335131227970123,0.35877737402915955,0.5127550959587097,0.6412226259708405,0.3252250850200653,0.4749149680137634,0.6747749149799347,0.27272388339042664,0.3979591727256775,0.7272761166095734,0.41778481006622314,0.5770975351333618,0.5822151899337769
public,2408,4,Sad,V21_CORRECT_V22_WRONG,True,True,0.3569500148296356,0.47661563754081726,0.6430499851703644,0.3178176283836365,0.4636479616165161,0.6821823716163635,0.2960363030433655,0.44090133905410767,0.7039636969566345,0.29204869270324707,0.4272959232330322,0.7079513072967529,0.3612190783023834,0.516865074634552,0.6387809216976166
public,2411,0,Angry,V22_CORRECT_V21_WRONG,True,True,0.4505695700645447,0.5816326141357422,0.5494304299354553,0.29807597398757935,0.4368622303009033,0.7019240260124207,0.28414303064346313,0.41411563754081726,0.7158569693565369,0.23768171668052673,0.36926019191741943,0.7623182833194733,0.39606282114982605,0.5539965629577637,0.603937178850174
public,2413,2,Fear,V21_CORRECT_V22_WRONG,True,True,0.34308958053588867,0.47363945841789246,0.6569104194641113,0.3363322913646698,0.4859693646430969,0.6636677086353302,0.32347801327705383,0.46683672070503235,0.6765219867229462,0.3532223701477051,0.49064624309539795,0.6467776298522949,0.3721576929092407,0.5236678123474121,0.6278423070907593
public,2424,3,Happy,V21_CORRECT_V22_WRONG,True,False,0.4104815125465393,0.538690447807312,0.5895184874534607,0.3020792305469513,0.44834181666374207,0.6979207694530487,0.23332375288009644,0.35671767592430115,0.7666762471199036,0.27235859632492065,0.4034864008426666,0.7276414036750793,0.2804805636405945,0.4257369637489319,0.7195194363594055
public,2447,4,Sad,V21_CORRECT_V22_WRONG,True,True,0.37473341822624207,0.5029761791229248,0.6252665817737579,0.32450300455093384,0.46237245202064514,0.6754969954490662,0.2969144284725189,0.4432397782802582,0.7030855715274811,0.2828877866268158,0.4045493006706238,0.7171122133731842,0.3845461308956146,0.538123607635498,0.6154538691043854
public,2456,3,Happy,V21_CORRECT_V22_WRONG,True,True,0.2802693247795105,0.3988095223903656,0.7197306752204895,0.24804559350013733,0.3779761791229248,0.7519544064998627,0.27434471249580383,0.4041241407394409,0.7256552875041962,0.31873127818107605,0.45046767592430115,0.681268721818924,0.33152976632118225,0.4812925159931183,0.6684702336788177
public,2457,4,Sad,V22_CORRECT_V21_WRONG,True,True,0.37816327810287476,0.5191326141357422,0.6218367218971252,0.4006178677082062,0.5484693646430969,0.5993821322917938,0.36603790521621704,0.5070152878761292,0.633962094783783,0.2689800262451172,0.40752550959587097,0.7310199737548828,0.3306991159915924,0.4879535436630249,0.6693008840084076
public,2458,3,Happy,V22_CORRECT_V21_WRONG,True,True,0.3542163074016571,0.48767006397247314,0.6457836925983429,0.3939725458621979,0.5527210831642151,0.6060274541378021,0.3499808609485626,0.4897959232330322,0.6500191390514374,0.2676154673099518,0.40369898080825806,0.7323845326900482,0.34559813141822815,0.5035430788993835,0.6544018685817719
public,2465,4,Sad,V21_CORRECT_V22_WRONG,True,True,0.3792192041873932,0.5017006993293762,0.6207807958126068,0.31257495284080505,0.4589710831642151,0.687425047159195,0.2541258931159973,0.36734694242477417,0.7458741068840027,0.2571829557418823,0.3869047462940216,0.7428170442581177,0.3416931629180908,0.4960317611694336,0.6583068370819092
public,2471,6,Neutral,V22_CORRECT_V21_WRONG,True,True,0.3799070119857788,0.5008503198623657,0.6200929880142212,0.376783162355423,0.5331632494926453,0.623216837644577,0.2434542030096054,0.36649659276008606,0.7565457969903946,0.3746287226676941,0.5248724222183228,0.6253712773323059,0.3711647391319275,0.5284863710403442,0.6288352608680725
public,2472,5,Surprise,V21_CORRECT_V22_WRONG,True,True,0.3604048192501068,0.47363945841789246,0.6395951807498932,0.39495140314102173,0.5306122303009033,0.6050485968589783,0.21456103026866913,0.3227040767669678,0.7854389697313309,0.3049239218235016,0.4357993006706238,0.6950760781764984,0.33129382133483887,0.4863945543766022,0.6687061786651611
public,2473,4,Sad,V22_CORRECT_V21_WRONG,True,True,0.43256163597106934,0.5607993006706238,0.5674383640289307,0.3853883743286133,0.5376275181770325,0.6146116256713867,0.29344362020492554,0.43877550959587097,0.7065563797950745,0.345890074968338,0.48767006397247314,0.654109925031662,0.33756697177886963,0.4919217526912689,0.6624330282211304
public,2477,4,Sad,V22_CORRECT_V21_WRONG,True,True,0.36549511551856995,0.4710884392261505,0.63450488448143,0.3024185597896576,0.44897958636283875,0.6975814402103424,0.2891124486923218,0.43197277188301086,0.7108875513076782,0.27257058024406433,0.4000850319862366,0.7274294197559357,0.35251685976982117,0.5138888955116272,0.6474831402301788
public,2484,0,Angry,V21_CORRECT_V22_WRONG,True,True,0.29000961780548096,0.39753401279449463,0.709990382194519,0.3417915403842926,0.47576528787612915,0.6582084596157074,0.2056560069322586,0.32334181666374207,0.7943439930677414,0.22468174993991852,0.3316326439380646,0.7753182500600815,0.3571253716945648,0.5177154541015625,0.6428746283054352
public,2496,1,Disgust,V21_CORRECT_V22_WRONG,True,True,0.4231213331222534,0.5535714030265808,0.5768786668777466,0.39838141202926636,0.5576105117797852,0.6016185879707336,0.2545515298843384,0.39115646481513977,0.7454484701156616,0.2030634880065918,0.32121598720550537,0.7969365119934082,0.3726869225502014,0.526218831539154,0.6273130774497986
public,2498,0,Angry,V22_CORRECT_V21_WRONG,True,True,0.34949782490730286,0.4732142686843872,0.6505021750926971,0.32032012939453125,0.4651360511779785,0.6796798706054688,0.362810879945755,0.5017006993293762,0.637189120054245,0.2801664471626282,0.40369898080825806,0.7198335528373718,0.29779523611068726,0.45096373558044434,0.7022047638893127
public,2502,6,Neutral,V21_CORRECT_V22_WRONG,True,True,0.3698436915874481,0.4859693646430969,0.6301563084125519,0.42095187306404114,0.5648384094238281,0.5790481269359589,0.245064839720726,0.37308672070503235,0.754935160279274,0.2496650218963623,0.3698979616165161,0.7503349781036377,0.36073410511016846,0.5236678123474121,0.6392658948898315
public,2516,4,Sad,V21_CORRECT_V22_WRONG,True,True,0.32158178091049194,0.4455782175064087,0.6784182190895081,0.2867879867553711,0.4238945543766022,0.7132120132446289,0.2843684256076813,0.4187925159931183,0.7156315743923187,0.32834699749946594,0.46449828147888184,0.6716530025005341,0.3600451946258545,0.5165815949440002,0.6399548053741455
public,2518,4,Sad,V22_CORRECT_V21_WRONG,True,True,0.4054807722568512,0.5250850319862366,0.5945192277431488,0.3620840907096863,0.5034013390541077,0.6379159092903137,0.2228541374206543,0.3490646183490753,0.7771458625793457,0.29383495450019836,0.42602041363716125,0.7061650454998016,0.3515554964542389,0.5073696970939636,0.6484445035457611
public,2519,2,Fear,V22_CORRECT_V21_WRONG,True,True,0.3611425757408142,0.4812925159931183,0.6388574242591858,0.3232366144657135,0.46024659276008606,0.6767633855342865,0.29095298051834106,0.4253826439380646,0.7090470194816589,0.22472459077835083,0.3420493006706238,0.7752754092216492,0.39299559593200684,0.5454932451248169,0.6070044040679932
public,2539,4,Sad,V22_CORRECT_V21_WRONG,True,True,0.3275436460971832,0.4583333134651184,0.6724563539028168,0.30452436208724976,0.4530186951160431,0.6954756379127502,0.2674320936203003,0.4085884392261505,0.7325679063796997,0.25742635130882263,0.3713860511779785,0.7425736486911774,0.33521851897239685,0.49447277188301086,0.6647814810276031
public,2545,2,Fear,V21_CORRECT_V22_WRONG,True,True,0.30096155405044556,0.4124149680137634,0.6990384459495544,0.37500351667404175,0.5223214030265808,0.6249964833259583,0.35667136311531067,0.504676878452301,0.6433286368846893,0.282114177942276,0.4202806055545807,0.717885822057724,0.2827053964138031,0.4267290532588959,0.7172946035861969
public,2550,2,Fear,V22_CORRECT_V21_WRONG,True,True,0.33189380168914795,0.4553571343421936,0.668106198310852,0.39106377959251404,0.5491071343421936,0.608936220407486,0.32555654644966125,0.4670493006706238,0.6744434535503387,0.3038289248943329,0.4449404776096344,0.6961710751056671,0.42323100566864014,0.5753968954086304,0.5767689943313599
public,2555,6,Neutral,V21_CORRECT_V22_WRONG,True,True,0.3748667240142822,0.5004251599311829,0.6251332759857178,0.39987698197364807,0.553146243095398,0.6001230180263519,0.2730393707752228,0.40221086144447327,0.7269606292247772,0.29389750957489014,0.41560372710227966,0.7061024904251099,0.4039625823497772,0.5629252195358276,0.5960374176502228
public,2562,0,Angry,V22_CORRECT_V21_WRONG,True,True,0.36782482266426086,0.5085033774375916,0.6321751773357391,0.38374483585357666,0.5380527377128601,0.6162551641464233,0.3371507227420807,0.4857567846775055,0.6628492772579193,0.21458154916763306,0.33822277188301086,0.7854184508323669,0.3226343095302582,0.47647395730018616,0.6773656904697418
public,2573,3,Happy,V22_CORRECT_V21_WRONG,True,True,0.42396122217178345,0.5454931855201721,0.5760387778282166,0.34478628635406494,0.4863945543766022,0.6552137136459351,0.2933436334133148,0.43197277188301086,0.7066563665866852,0.33386895060539246,0.48405611515045166,0.6661310493946075,0.3618752658367157,0.5209750533103943,0.6381247341632843
public,2575,6,Neutral,V21_CORRECT_V22_WRONG,True,True,0.3323834240436554,0.4664115607738495,0.6676165759563446,0.3594971001148224,0.5061649680137634,0.6405028998851776,0.34332573413848877,0.4895833134651184,0.6566742658615112,0.32673150300979614,0.4655612111091614,0.6732684969902039,0.3429017663002014,0.5007086396217346,0.6570982336997986
public,2577,2,Fear,V22_CORRECT_V21_WRONG,True,True,0.32406261563301086,0.44217684864997864,0.6759373843669891,0.38295090198516846,0.5289115309715271,0.6170490980148315,0.2957179844379425,0.4300595223903656,0.7042820155620575,0.29961395263671875,0.43112245202064514,0.7003860473632812,0.3328499495983124,0.48667803406715393,0.6671500504016876
public,2578,6,Neutral,V21_CORRECT_V22_WRONG,True,True,0.3884229063987732,0.5051020383834839,0.6115770936012268,0.39857810735702515,0.550595223903656,0.6014218926429749,0.2513534128665924,0.3832907974720001,0.7486465871334076,0.31261417269706726,0.4494047462940216,0.6873858273029327,0.34825798869132996,0.5014172196388245,0.65174201130867
public,2586,3,Happy,V22_CORRECT_V21_WRONG,True,True,0.3792112171649933,0.5051020383834839,0.6207887828350067,0.3920403718948364,0.5401785373687744,0.6079596281051636,0.24926625192165375,0.3728741407394409,0.7507337480783463,0.3447844088077545,0.4993622303009033,0.6552155911922455,0.2821888327598572,0.4304138422012329,0.7178111672401428
public,2604,4,Sad,V21_CORRECT_V22_WRONG,True,True,0.3436815142631531,0.4749149680137634,0.6563184857368469,0.3153432309627533,0.4672618806362152,0.6846567690372467,0.2590787410736084,0.38584181666374207,0.7409212589263916,0.3709637522697449,0.5114795565605164,0.6290362477302551,0.3372596800327301,0.4968821108341217,0.6627403199672699
public,2616,4,Sad,V21_CORRECT_V22_WRONG,True,True,0.28774166107177734,0.40943875908851624,0.7122583389282227,0.2817041277885437,0.4198554456233978,0.7182958722114563,0.2820723056793213,0.42368197441101074,0.7179276943206787,0.2003183662891388,0.3107993006706238,0.7996816337108612,0.3877570629119873,0.5457766652107239,0.6122429370880127
public,2617,4,Sad,V21_CORRECT_V22_WRONG,True,True,0.25735077261924744,0.3647959232330322,0.7426492273807526,0.24520888924598694,0.37670066952705383,0.7547911107540131,0.2515123188495636,0.3830782175064087,0.7484876811504364,0.2592535614967346,0.39328229427337646,0.7407464385032654,0.3358326554298401,0.4947562515735626,0.6641673445701599
public,2618,4,Sad,V22_CORRECT_V21_WRONG,True,True,0.3343561291694641,0.4562074840068817,0.6656438708305359,0.3068758249282837,0.4470663070678711,0.6931241750717163,0.342302143573761,0.4946853518486023,0.657697856426239,0.33759868144989014,0.4576955735683441,0.6624013185501099,0.4185706377029419,0.5664682388305664,0.5814293622970581
public,2619,4,Sad,V21_CORRECT_V22_WRONG,True,True,0.3544386923313141,0.4812925159931183,0.6455613076686859,0.279176265001297,0.4173044264316559,0.720823734998703,0.2129400074481964,0.3244047462940216,0.7870599925518036,0.24739982187747955,0.37967684864997864,0.7526001781225204,0.26848849654197693,0.4163832366466522,0.7315115034580231
public,2626,3,Happy,V22_CORRECT_V21_WRONG,True,True,0.3896072208881378,0.5204081535339355,0.6103927791118622,0.3370179235935211,0.4872448742389679,0.6629820764064789,0.2597752809524536,0.3941326439380646,0.7402247190475464,0.28992486000061035,0.4330357015132904,0.7100751399993896,0.32364585995674133,0.4750567078590393,0.6763541400432587
public,2628,0,Angry,V22_CORRECT_V21_WRONG,True,True,0.3590450584888458,0.4842686951160431,0.6409549415111542,0.3153807818889618,0.46534863114356995,0.6846192181110382,0.2671460509300232,0.3941326439380646,0.7328539490699768,0.31560900807380676,0.45705780386924744,0.6843909919261932,0.3594144284725189,0.5127551555633545,0.6405855715274811
public,2629,0,Angry,V22_CORRECT_V21_WRONG,True,True,0.3645549416542053,0.49362245202064514,0.6354450583457947,0.3787693381309509,0.5316751599311829,0.6212306618690491,0.29710182547569275,0.43707481026649475,0.7028981745243073,0.34753328561782837,0.49744898080825806,0.6524667143821716,0.3757854998111725,0.533446729183197,0.6242145001888275
public,2632,2,Fear,V21_CORRECT_V22_WRONG,True,True,0.3722332715988159,0.5025510191917419,0.6277667284011841,0.3317583501338959,0.4836309552192688,0.6682416498661041,0.2908734679222107,0.4313350319862366,0.7091265320777893,0.19048313796520233,0.30527210235595703,0.8095168620347977,0.40424370765686035,0.5592403411865234,0.5957562923431396
public,2635,6,Neutral,V21_CORRECT_V22_WRONG,True,True,0.3814050853252411,0.5140305757522583,0.6185949146747589,0.3451690971851349,0.49213433265686035,0.6548309028148651,0.2532084286212921,0.37967684864997864,0.7467915713787079,0.2497337907552719,0.38052719831466675,0.7502662092447281,0.3768146336078644,0.5391156077384949,0.6231853663921356
public,2642,4,Sad,V21_CORRECT_V22_WRONG,True,True,0.30256637930870056,0.4026360511779785,0.6974336206912994,0.2792443335056305,0.41560372710227966,0.7207556664943695,0.2884666323661804,0.4313350319862366,0.7115333676338196,0.3429449200630188,0.48171767592430115,0.6570550799369812,0.3224810063838959,0.4751984477043152,0.6775189936161041
public,2648,2,Fear,V21_CORRECT_V22_WRONG,True,True,0.3557359576225281,0.48384353518486023,0.6442640423774719,0.3674165904521942,0.5201955437660217,0.6325834095478058,0.27659323811531067,0.4164540767669678,0.7234067618846893,0.2615734040737152,0.40136054158210754,0.7384265959262848,0.3226771354675293,0.4730725884437561,0.6773228645324707
public,2665,3,Happy,V21_CORRECT_V22_WRONG,True,True,0.3744216561317444,0.5025510191917419,0.6255783438682556,0.32906684279441833,0.47959181666374207,0.6709331572055817,0.24890774488449097,0.38052719831466675,0.751092255115509,0.23600459098815918,0.3711734712123871,0.7639954090118408,0.4203675389289856,0.5758219957351685,0.5796324610710144
public,2669,0,Angry,V21_CORRECT_V22_WRONG,True,True,0.3800608217716217,0.5038264989852905,0.6199391782283783,0.30418986082077026,0.4532312750816345,0.6958101391792297,0.23718416690826416,0.3705357015132904,0.7628158330917358,0.2666894793510437,0.3973214328289032,0.7333105206489563,0.36680811643600464,0.5250850319862366,0.6331918835639954
public,2676,3,Happy,V21_CORRECT_V22_WRONG,True,True,0.4437628388404846,0.5701530575752258,0.5562371611595154,0.3695485591888428,0.5252975821495056,0.6304514408111572,0.26191186904907227,0.3890306055545807,0.7380881309509277,0.27298569679260254,0.40221086144447327,0.7270143032073975,0.3462327718734741,0.5038264989852905,0.6537672281265259
public,2678,4,Sad,V21_CORRECT_V22_WRONG,True,True,0.3965221643447876,0.5454931855201721,0.6034778356552124,0.38116756081581116,0.5246598720550537,0.6188324391841888,0.25648486614227295,0.38796767592430115,0.743515133857727,0.273189902305603,0.3788265287876129,0.726810097694397,0.3237026035785675,0.47250568866729736,0.6762973964214325
public,2687,2,Fear,V22_CORRECT_V21_WRONG,True,True,0.3308253288269043,0.4494047462940216,0.6691746711730957,0.30237874388694763,0.44897958636283875,0.6976212561130524,0.3618704080581665,0.5136054158210754,0.6381295919418335,0.32042282819747925,0.45939624309539795,0.6795771718025208,0.36568576097488403,0.5266439914703369,0.634314239025116
public,2691,1,Disgust,V21_CORRECT_V22_WRONG,True,False,0.345604807138443,0.47661563754081726,0.654395192861557,0.3325374126434326,0.4710884392261505,0.6674625873565674,0.2358851432800293,0.3624574840068817,0.7641148567199707,0.2691047787666321,0.40136054158210754,0.7308952212333679,0.42921093106269836,0.5901361107826233,0.5707890689373016
public,2694,2,Fear,V22_CORRECT_V21_WRONG,True,True,0.3859612047672272,0.5034013390541077,0.6140387952327728,0.3025229871273041,0.4321853518486023,0.6974770128726959,0.25107282400131226,0.3845663070678711,0.7489271759986877,0.27661117911338806,0.40795066952705383,0.7233888208866119,0.34496182203292847,0.49943313002586365,0.6550381779670715
public,2697,4,Sad,V22_CORRECT_V21_WRONG,True,True,0.27038705348968506,0.3886054456233978,0.7296129465103149,0.31823936104774475,0.46747449040412903,0.6817606389522552,0.22145433723926544,0.3518282175064087,0.7785456627607346,0.25332894921302795,0.3807397782802582,0.746671050786972,0.4036485254764557,0.5599490404129028,0.5963514745235443
public,2700,4,Sad,V22_CORRECT_V21_WRONG,True,True,0.3748009502887726,0.4961734712123871,0.6251990497112274,0.33818963170051575,0.48554420471191406,0.6618103682994843,0.256779283285141,0.3881802558898926,0.743220716714859,0.2582010328769684,0.3866921663284302,0.7417989671230316,0.40781375765800476,0.5666099786758423,0.5921862423419952
public,2708,4,Sad,V21_CORRECT_V22_WRONG,True,True,0.32329973578453064,0.4434523582458496,0.6767002642154694,0.33813387155532837,0.482142835855484,0.6618661284446716,0.3111695945262909,0.44812923669815063,0.6888304054737091,0.24153032898902893,0.3660714328289032,0.7584696710109711,0.43722376227378845,0.5888605117797852,0.5627762377262115
public,2715,4,Sad,V22_CORRECT_V21_WRONG,True,True,0.373931348323822,0.5148809552192688,0.626068651676178,0.35801416635513306,0.5110543966293335,0.6419858336448669,0.27576395869255066,0.4151785671710968,0.7242360413074493,0.2349589318037033,0.36734694242477417,0.7650410681962967,0.39638572931289673,0.5547052621841431,0.6036142706871033
public,2716,6,Neutral,V22_CORRECT_V21_WRONG,True,True,0.39223262667655945,0.509353756904602,0.6077673733234406,0.2615579068660736,0.4017857015132904,0.7384420931339264,0.2146885246038437,0.33290815353393555,0.7853114753961563,0.3172003924846649,0.4532312750816345,0.6827996075153351,0.29844462871551514,0.44784581661224365,0.7015553712844849
public,2721,0,Angry,V21_CORRECT_V22_WRONG,True,True,0.3517356514930725,0.4740646183490753,0.6482643485069275,0.3459251821041107,0.49511054158210754,0.6540748178958893,0.3340461850166321,0.4740646183490753,0.6659538149833679,0.2474457025527954,0.3786139488220215,0.7525542974472046,0.3481750786304474,0.5007086396217346,0.6518249213695526
public,2722,4,Sad,V22_CORRECT_V21_WRONG,True,True,0.40921610593795776,0.5187074542045593,0.5907838940620422,0.33835917711257935,0.49277210235595703,0.6616408228874207,0.30584296584129333,0.4440901279449463,0.6941570341587067,0.24817387759685516,0.3860544264316559,0.7518261224031448,0.3886955976486206,0.5437924861907959,0.6113044023513794
public,2725,4,Sad,V22_CORRECT_V21_WRONG,True,True,0.32200929522514343,0.4336734712123871,0.6779907047748566,0.268747478723526,0.4100765287876129,0.731252521276474,0.24120205640792847,0.3669217526912689,0.7587979435920715,0.3052915334701538,0.44961732625961304,0.6947084665298462,0.36985135078430176,0.5242347121238708,0.6301486492156982
public,2729,3,Happy,V22_CORRECT_V21_WRONG,True,True,0.40916457772254944,0.5280612111091614,0.5908354222774506,0.3952437937259674,0.5452805757522583,0.6047562062740326,0.35080382227897644,0.488095223903656,0.6491961777210236,0.3021417558193207,0.4417516887187958,0.6978582441806793,0.3612859845161438,0.5218254327774048,0.6387140154838562
public,2731,3,Happy,V21_CORRECT_V22_WRONG,True,True,0.4038870334625244,0.534013569355011,0.5961129665374756,0.37194767594337463,0.5204081535339355,0.6280523240566254,0.33493679761886597,0.46003401279449463,0.665063202381134,0.29191359877586365,0.4294217526912689,0.7080864012241364,0.38191285729408264,0.5462018251419067,0.6180871427059174
public,2736,0,Angry,V22_CORRECT_V21_WRONG,True,True,0.39532366394996643,0.5276360511779785,0.6046763360500336,0.3929957151412964,0.5484693646430969,0.6070042848587036,0.3174833655357361,0.4538690447807312,0.6825166344642639,0.2586686611175537,0.39392006397247314,0.7413313388824463,0.34775790572166443,0.5028344988822937,0.6522420942783356
public,2746,4,Sad,V22_CORRECT_V21_WRONG,True,True,0.4289233088493347,0.5659013390541077,0.5710766911506653,0.3824453353881836,0.5346513390541077,0.6175546646118164,0.2772985100746155,0.4128401279449463,0.7227014899253845,0.23905876278877258,0.3654336631298065,0.7609412372112274,0.4122766852378845,0.5712868571281433,0.5877233147621155
public,2751,4,Sad,V22_CORRECT_V21_WRONG,True,True,0.40287038683891296,0.5272108912467957,0.597129613161087,0.35401397943496704,0.5029761791229248,0.645986020565033,0.25138548016548157,0.3815901279449463,0.7486145198345184,0.2358614057302475,0.3660714328289032,0.7641385942697525,0.4037511944770813,0.5515872836112976,0.5962488055229187
public,2757,6,Neutral,V21_CORRECT_V22_WRONG,True,True,0.42316102981567383,0.5454931855201721,0.5768389701843262,0.39912694692611694,0.5514455437660217,0.6008730530738831,0.25338008999824524,0.3860544264316559,0.7466199100017548,0.25228407979011536,0.3647959232330322,0.7477159202098846,0.3455102741718292,0.5012754797935486,0.6544897258281708
public,2772,2,Fear,V22_CORRECT_V21_WRONG,True,True,0.35426607728004456,0.4681122303009033,0.6457339227199554,0.3102790117263794,0.4472789168357849,0.6897209882736206,0.3715307414531708,0.5053145885467529,0.6284692585468292,0.232021301984787,0.35820576548576355,0.767978698015213,0.3616727292537689,0.5194161534309387,0.6383272707462311
public,2776,0,Angry,V22_CORRECT_V21_WRONG,True,True,0.37125158309936523,0.5085033774375916,0.6287484169006348,0.3958381116390228,0.5512329936027527,0.6041618883609772,0.2567550539970398,0.3824404776096344,0.7432449460029602,0.21572035551071167,0.32695576548576355,0.7842796444892883,0.38395699858665466,0.5378401279449463,0.6160430014133453
public,2794,4,Sad,V21_CORRECT_V22_WRONG,True,True,0.2807702422142029,0.4056122303009033,0.7192297577857971,0.31961947679519653,0.4649234712123871,0.6803805232048035,0.28353071212768555,0.4272959232330322,0.7164692878723145,0.30308449268341064,0.43494898080825806,0.6969155073165894,0.373954713344574,0.533446729183197,0.626045286655426
public,2808,6,Neutral,V21_CORRECT_V22_WRONG,True,True,0.39011600613594055,0.5182822942733765,0.6098839938640594,0.3361150920391083,0.47363945841789246,0.6638849079608917,0.28670570254325867,0.42963433265686035,0.7132942974567413,0.2906692326068878,0.4262329936027527,0.7093307673931122,0.4258158504962921,0.5823413133621216,0.5741841495037079
public,2817,2,Fear,V21_CORRECT_V22_WRONG,True,True,0.33654457330703735,0.4553571343421936,0.6634554266929626,0.4011933207511902,0.5497449040412903,0.5988066792488098,0.281202495098114,0.40667515993118286,0.718797504901886,0.2204601764678955,0.3416241407394409,0.7795398235321045,0.376144677400589,0.5229592323303223,0.623855322599411
public,2820,0,Angry,V21_CORRECT_V22_WRONG,True,True,0.34667304158210754,0.46003401279449463,0.6533269584178925,0.27779537439346313,0.41687923669815063,0.7222046256065369,0.21844986081123352,0.34693875908851624,0.7815501391887665,0.2901671230792999,0.42580780386924744,0.7098328769207001,0.35481497645378113,0.5143140554428101,0.6451850235462189
public,2821,0,Angry,V22_CORRECT_V21_WRONG,True,True,0.3706928789615631,0.495323121547699,0.6293071210384369,0.33850714564323425,0.48767006397247314,0.6614928543567657,0.30948182940483093,0.4532312750816345,0.6905181705951691,0.15589185059070587,0.25340136885643005,0.8441081494092941,0.40279290080070496,0.562216579914093,0.597207099199295
public,2827,4,Sad,V21_CORRECT_V22_WRONG,True,False,0.44587093591690063,0.5603741407394409,0.5541290640830994,0.30569174885749817,0.44536563754081726,0.6943082511425018,0.21468579769134521,0.3326955735683441,0.7853142023086548,0.2929103672504425,0.43048468232154846,0.7070896327495575,0.33681395649909973,0.49064624309539795,0.6631860435009003
public,2828,4,Sad,V22_CORRECT_V21_WRONG,True,True,0.3814578354358673,0.5170068144798279,0.6185421645641327,0.33140087127685547,0.483418345451355,0.6685991287231445,0.19807277619838715,0.3088860511779785,0.8019272238016129,0.26286056637763977,0.3862670063972473,0.7371394336223602,0.3890838027000427,0.5488945841789246,0.6109161972999573
public,2835,0,Angry,V22_CORRECT_V21_WRONG,True,True,0.39578887820243835,0.5165815949440002,0.6042111217975616,0.3617616891860962,0.5091411471366882,0.6382383108139038,0.26024672389030457,0.3928571343421936,0.7397532761096954,0.232822984457016,0.35437923669815063,0.767177015542984,0.36485418677330017,0.5204082131385803,0.6351458132266998
public,2838,4,Sad,V22_CORRECT_V21_WRONG,True,True,0.37559476494789124,0.49234694242477417,0.6244052350521088,0.37041202187538147,0.5159438848495483,0.6295879781246185,0.23442721366882324,0.3628826439380646,0.7655727863311768,0.23556508123874664,0.3601190447807312,0.7644349187612534,0.35766807198524475,0.5090702772140503,0.6423319280147552
public,2853,2,Fear,V22_CORRECT_V21_WRONG,True,True,0.34606415033340454,0.4625850319862366,0.6539358496665955,0.2970111668109894,0.4294217526912689,0.7029888331890106,0.2779898941516876,0.42006802558898926,0.7220101058483124,0.27663785219192505,0.40284863114356995,0.723362147808075,0.3643966019153595,0.521541953086853,0.6356033980846405
public,2865,3,Happy,V22_CORRECT_V21_WRONG,True,True,0.4189499318599701,0.5518707633018494,0.5810500681400299,0.3928031027317047,0.5425170063972473,0.6071968972682953,0.30883774161338806,0.45705780386924744,0.6911622583866119,0.29460760951042175,0.4366496503353119,0.7053923904895782,0.3095208406448364,0.46386054158210754,0.6904791593551636
public,2874,4,Sad,V21_CORRECT_V22_WRONG,True,True,0.3571135103702545,0.4872448742389679,0.6428864896297455,0.29636937379837036,0.4398384392261505,0.7036306262016296,0.2505474090576172,0.37967684864997864,0.7494525909423828,0.2645808756351471,0.400297611951828,0.7354191243648529,0.33363258838653564,0.48767006397247314,0.6663674116134644
public,2876,4,Sad,V22_CORRECT_V21_WRONG,True,True,0.43689587712287903,0.557823121547699,0.563104122877121,0.35359320044517517,0.49298468232154846,0.6464067995548248,0.2743205726146698,0.40943875908851624,0.7256794273853302,0.23469659686088562,0.3616071343421936,0.7653034031391144,0.3989953100681305,0.5494614839553833,0.6010046899318695
public,2880,0,Angry,V21_CORRECT_V22_WRONG,True,True,0.39624765515327454,0.5238094925880432,0.6037523448467255,0.29998788237571716,0.4402635991573334,0.7000121176242828,0.28584709763526917,0.4077380895614624,0.7141529023647308,0.3049798905849457,0.43558672070503235,0.6950201094150543,0.37478071451187134,0.5317460298538208,0.6252192854881287
public,2889,3,Happy,V22_CORRECT_V21_WRONG,True,True,0.3632487654685974,0.4919217526912689,0.6367512345314026,0.2647709548473358,0.4092261791229248,0.7352290451526642,0.26859793066978455,0.41113945841789246,0.7314020693302155,0.3029584288597107,0.4306972622871399,0.6970415711402893,0.35730260610580444,0.5060941576957703,0.6426973938941956
public,2902,0,Angry,V22_CORRECT_V21_WRONG,True,True,0.35437336564064026,0.47576528787612915,0.6456266343593597,0.28537696599960327,0.42304420471191406,0.7146230340003967,0.33617985248565674,0.48681971430778503,0.6638201475143433,0.24567630887031555,0.37011054158210754,0.7543236911296844,0.3407394289970398,0.4991496503353119,0.6592605710029602
public,2906,4,Sad,V22_CORRECT_V21_WRONG,True,True,0.4118199050426483,0.5259353518486023,0.5881800949573517,0.3349016308784485,0.4815050959587097,0.6650983691215515,0.3176681697368622,0.4547193646430969,0.6823318302631378,0.26317647099494934,0.4017857015132904,0.7368235290050507,0.34871044754981995,0.5063775181770325,0.65128955245018
public,2907,4,Sad,V21_CORRECT_V22_WRONG,True,True,0.3098105192184448,0.42899659276008606,0.6901894807815552,0.34287509322166443,0.49298468232154846,0.6571249067783356,0.24953815340995789,0.3803146183490753,0.7504618465900421,0.25358128547668457,0.3818027079105377,0.7464187145233154,0.30960750579833984,0.46655330061912537,0.6903924942016602
public,2922,5,Surprise,V21_CORRECT_V22_WRONG,True,False,0.3961600959300995,0.5289115309715271,0.6038399040699005,0.34686923027038574,0.4993622303009033,0.6531307697296143,0.3598109185695648,0.5125424861907959,0.6401890814304352,0.26861968636512756,0.40051019191741943,0.7313803136348724,0.32747459411621094,0.4842686951160431,0.6725254058837891
public,2926,0,Angry,V22_CORRECT_V21_WRONG,True,True,0.36802220344543457,0.494047611951828,0.6319777965545654,0.2772195339202881,0.41028910875320435,0.7227804660797119,0.23391546308994293,0.3609693944454193,0.7660845369100571,0.2418728768825531,0.36713433265686035,0.7581271231174469,0.3942272663116455,0.5551304221153259,0.6057727336883545
public,2927,3,Happy,V21_CORRECT_V22_WRONG,True,True,0.2675768733024597,0.38265305757522583,0.7324231266975403,0.29189133644104004,0.43792515993118286,0.70810866355896,0.29246240854263306,0.4417516887187958,0.7075375914573669,0.2551235556602478,0.3881802558898926,0.7448764443397522,0.32474151253700256,0.48270976543426514,0.6752584874629974
public,2933,4,Sad,V22_CORRECT_V21_WRONG,False,False,0.3040889501571655,0.4145407974720001,0.6959110498428345,0.349742591381073,0.5042517185211182,0.650257408618927,0.2639399766921997,0.4000850319862366,0.7360600233078003,0.23790675401687622,0.3667091727256775,0.7620932459831238,0.34474045038223267,0.49858278036117554,0.6552595496177673
public,2939,0,Angry,V21_CORRECT_V22_WRONG,True,True,0.36043331027030945,0.49447277188301086,0.6395666897296906,0.4276956021785736,0.5803571343421936,0.5723043978214264,0.3235526382923126,0.4670493006706238,0.6764473617076874,0.31963422894477844,0.4664115607738495,0.6803657710552216,0.2926906645298004,0.4433106780052185,0.7073093354701996
public,2940,6,Neutral,V22_CORRECT_V21_WRONG,True,True,0.3848029673099518,0.5229591727256775,0.6151970326900482,0.34268444776535034,0.48915815353393555,0.6573155522346497,0.19936925172805786,0.3003826439380646,0.8006307482719421,0.30514150857925415,0.4447278678417206,0.6948584914207458,0.3615994155406952,0.5198413133621216,0.6384005844593048
public,2949,6,Neutral,V22_CORRECT_V21_WRONG,True,True,0.31240609288215637,0.44005101919174194,0.6875939071178436,0.37664994597435,0.5216836333274841,0.62335005402565,0.3210834264755249,0.4589710831642151,0.6789165735244751,0.3328058123588562,0.47661563754081726,0.6671941876411438,0.36682364344596863,0.5218254327774048,0.6331763565540314
public,2956,4,Sad,V21_CORRECT_V22_WRONG,True,True,0.37039369344711304,0.5021258592605591,0.629606306552887,0.3011522889137268,0.4411139488220215,0.6988477110862732,0.3290711045265198,0.4747023582458496,0.6709288954734802,0.3229634761810303,0.46471086144447327,0.6770365238189697,0.41566237807273865,0.579365074634552,0.5843376219272614
public,2957,0,Angry,V21_CORRECT_V22_WRONG,True,True,0.3531680703163147,0.48384353518486023,0.6468319296836853,0.4078529477119446,0.5512329936027527,0.5921470522880554,0.31289443373680115,0.464073121547699,0.6871055662631989,0.24379761517047882,0.36713433265686035,0.7562023848295212,0.37918174266815186,0.5376984477043152,0.6208182573318481
public,2960,4,Sad,V22_CORRECT_V21_WRONG,True,True,0.3401929438114166,0.4672618806362152,0.6598070561885834,0.3369297683238983,0.48852038383483887,0.6630702316761017,0.28697335720062256,0.4309098422527313,0.7130266427993774,0.3266816735267639,0.4708758294582367,0.6733183264732361,0.4050394594669342,0.5660431385040283,0.5949605405330658
public,2971,6,Neutral,V22_CORRECT_V21_WRONG,True,True,0.2849312126636505,0.41326528787612915,0.7150687873363495,0.3064780533313751,0.45408162474632263,0.6935219466686249,0.3048650920391083,0.4538690447807312,0.6951349079608917,0.31684625148773193,0.45556971430778503,0.6831537485122681,0.33714988827705383,0.487811803817749,0.6628501117229462
public,2973,3,Happy,V22_CORRECT_V21_WRONG,True,True,0.32831478118896484,0.4625850319862366,0.6716852188110352,0.26788610219955444,0.40625,0.7321138978004456,0.25337785482406616,0.3937074840068817,0.7466221451759338,0.3317207098007202,0.4785288870334625,0.6682792901992798,0.38050827383995056,0.5437925457954407,0.6194917261600494
public,2975,2,Fear,V21_CORRECT_V22_WRONG,True,True,0.3623548150062561,0.48767006397247314,0.6376451849937439,0.35331815481185913,0.5053145885467529,0.6466818451881409,0.22562870383262634,0.3458758294582367,0.7743712961673737,0.29048046469688416,0.43409863114356995,0.7095195353031158,0.30760860443115234,0.4552154541015625,0.6923913955688477
public,2986,6,Neutral,V21_CORRECT_V22_WRONG,True,True,0.3796609342098236,0.5148809552192688,0.6203390657901764,0.3148852288722992,0.46152210235595703,0.6851147711277008,0.26619666814804077,0.40369898080825806,0.7338033318519592,0.25847458839416504,0.3845663070678711,0.741525411605835,0.3878090977668762,0.5497449040412903,0.6121909022331238
public,2987,3,Happy,V22_CORRECT_V21_WRONG,True,True,0.30166396498680115,0.42219385504722595,0.6983360350131989,0.3322400450706482,0.4851190447807312,0.6677599549293518,0.2816334664821625,0.4164540767669678,0.7183665335178375,0.2864196002483368,0.4204931855201721,0.7135803997516632,0.3588614761829376,0.5184240341186523,0.6411385238170624
public,2998,3,Happy,V21_CORRECT_V22_WRONG,True,True,0.36727654933929443,0.489370733499527,0.6327234506607056,0.40511763095855713,0.5550594925880432,0.5948823690414429,0.31447073817253113,0.4538690447807312,0.6855292618274689,0.2843111455440521,0.41560372710227966,0.7156888544559479,0.3314402103424072,0.48937079310417175,0.6685597896575928
public,3002,0,Angry,V21_CORRECT_V22_WRONG,True,True,0.3578493893146515,0.49234694242477417,0.6421506106853485,0.4431779682636261,0.5837584733963013,0.5568220317363739,0.27995312213897705,0.4024234712123871,0.720046877861023,0.29865744709968567,0.41539114713668823,0.7013425529003143,0.34713950753211975,0.4981576204299927,0.6528604924678802
public,3004,6,Neutral,V22_CORRECT_V21_WRONG,True,True,0.41616976261138916,0.5501700639724731,0.5838302373886108,0.3580496609210968,0.5114795565605164,0.6419503390789032,0.26251137256622314,0.39774659276008606,0.7374886274337769,0.2061050832271576,0.325892835855484,0.7938949167728424,0.3634222447872162,0.5211167931556702,0.6365777552127838
public,3005,6,Neutral,V21_CORRECT_V22_WRONG,True,True,0.33780989050865173,0.46386054158210754,0.6621901094913483,0.2678326368331909,0.40625,0.7321673631668091,0.27091869711875916,0.3907312750816345,0.7290813028812408,0.2645530104637146,0.37988945841789246,0.7354469895362854,0.32936641573905945,0.47945013642311096,0.6706335842609406
public,3017,0,Angry,V22_CORRECT_V21_WRONG,True,True,0.4026738405227661,0.5361394286155701,0.5973261594772339,0.3757363259792328,0.5208333134651184,0.6242636740207672,0.34145405888557434,0.4908588230609894,0.6585459411144257,0.3526497185230255,0.4997873902320862,0.6473502814769745,0.32964402437210083,0.4858276844024658,0.6703559756278992
public,3033,3,Happy,V21_CORRECT_V22_WRONG,True,True,0.4127708375453949,0.5369898080825806,0.5872291624546051,0.2874537706375122,0.43048468232154846,0.7125462293624878,0.2612915337085724,0.400297611951828,0.7387084662914276,0.22473400831222534,0.35459181666374207,0.7752659916877747,0.3506968319416046,0.5045351982116699,0.6493031680583954
public,3036,6,Neutral,V22_CORRECT_V21_WRONG,True,True,0.4428318440914154,0.5646258592605591,0.5571681559085846,0.3361692726612091,0.48256802558898926,0.6638307273387909,0.2738783359527588,0.40667515993118286,0.7261216640472412,0.3113205134868622,0.45429420471191406,0.6886794865131378,0.2993941307067871,0.44586169719696045,0.7006058692932129
public,3039,6,Neutral,V22_CORRECT_V21_WRONG,True,True,0.36885344982147217,0.4919217526912689,0.6311465501785278,0.2699829339981079,0.4090135991573334,0.7300170660018921,0.24632571637630463,0.3756377398967743,0.7536742836236954,0.2765348553657532,0.4179421663284302,0.7234651446342468,0.33821168541908264,0.4978741407394409,0.6617883145809174
public,3044,6,Neutral,V21_CORRECT_V22_WRONG,True,True,0.38919970393180847,0.511904776096344,0.6108002960681915,0.4332237243652344,0.5754676461219788,0.5667762756347656,0.21763236820697784,0.3335459232330322,0.7823676317930222,0.27718445658683777,0.4234693646430969,0.7228155434131622,0.32399803400039673,0.47760772705078125,0.6760019659996033
public,3055,6,Neutral,V22_CORRECT_V21_WRONG,True,True,0.3121187388896942,0.43409863114356995,0.6878812611103058,0.24712194502353668,0.37627550959587097,0.7528780549764633,0.2718568742275238,0.39625850319862366,0.7281431257724762,0.2713357210159302,0.39392006397247314,0.7286642789840698,0.3263513445854187,0.4804421663284302,0.6736486554145813
public,3085,0,Angry,V22_CORRECT_V21_WRONG,True,True,0.43283045291900635,0.571853756904602,0.5671695470809937,0.4311481714248657,0.5686649680137634,0.5688518285751343,0.37468457221984863,0.5235969424247742,0.6253154277801514,0.2736831307411194,0.4032737910747528,0.7263168692588806,0.3419792354106903,0.49277210235595703,0.6580207645893097
public,3086,5,Surprise,V21_CORRECT_V22_WRONG,True,True,0.42370590567588806,0.5569728016853333,0.5762940943241119,0.3247741460800171,0.46832481026649475,0.6752258539199829,0.2377479076385498,0.36500850319862366,0.7622520923614502,0.23004332184791565,0.3556547462940216,0.7699566781520844,0.3773847222328186,0.5344387888908386,0.6226152777671814
public,3091,2,Fear,V21_CORRECT_V22_WRONG,True,True,0.36499494314193726,0.49064624309539795,0.6350050568580627,0.3133173882961273,0.46301019191741943,0.6866826117038727,0.24210883677005768,0.3624574840068817,0.7578911632299423,0.23429584503173828,0.35140305757522583,0.7657041549682617,0.3625545799732208,0.5221088528633118,0.6374454200267792
public,3095,2,Fear,V21_CORRECT_V22_WRONG,True,True,0.3474871516227722,0.4693877398967743,0.6525128483772278,0.3797833025455475,0.53125,0.6202166974544525,0.3565775156021118,0.5133928656578064,0.6434224843978882,0.2429198920726776,0.36330780386924744,0.7570801079273224,0.3642566502094269,0.5182822942733765,0.6357433497905731
public,3097,3,Happy,V21_CORRECT_V22_WRONG,True,True,0.37564679980278015,0.5012754797935486,0.6243532001972198,0.346584677696228,0.4991496503353119,0.653415322303772,0.2795352339744568,0.41113945841789246,0.7204647660255432,0.3018031716346741,0.44897958636283875,0.6981968283653259,0.3014797866344452,0.4540816843509674,0.6985202133655548
public,3108,4,Sad,V21_CORRECT_V22_WRONG,True,True,0.3805759847164154,0.5250850319862366,0.6194240152835846,0.3255424201488495,0.47342684864997864,0.6744575798511505,0.2673162817955017,0.40433672070503235,0.7326837182044983,0.29664909839630127,0.42134353518486023,0.7033509016036987,0.30087485909461975,0.4411848187446594,0.6991251409053802
public,3114,6,Neutral,V21_CORRECT_V22_WRONG,True,True,0.38292577862739563,0.5289115309715271,0.6170742213726044,0.3383196294307709,0.4798044264316559,0.6616803705692291,0.2178710252046585,0.32546767592430115,0.7821289747953415,0.28643590211868286,0.419642835855484,0.7135640978813171,0.35087811946868896,0.5031179189682007,0.649121880531311
public,3116,6,Neutral,V22_CORRECT_V21_WRONG,True,True,0.3069766163825989,0.4272959232330322,0.6930233836174011,0.32705169916152954,0.47789114713668823,0.6729483008384705,0.3381024897098541,0.48490646481513977,0.6618975102901459,0.2367653250694275,0.3526785671710968,0.7632346749305725,0.38852134346961975,0.5419501662254333,0.6114786565303802
public,3126,6,Neutral,V22_CORRECT_V21_WRONG,True,True,0.3203417956829071,0.42602041363716125,0.6796582043170929,0.28064224123954773,0.40667515993118286,0.7193577587604523,0.3654237985610962,0.5048894286155701,0.6345762014389038,0.29900193214416504,0.4330357015132904,0.700998067855835,0.34985873103141785,0.5080782175064087,0.6501412689685822
public,3131,0,Angry,V21_CORRECT_V22_WRONG,True,True,0.3717734217643738,0.5008503198623657,0.6282265782356262,0.39493709802627563,0.550595223903656,0.6050629019737244,0.3104654550552368,0.44664114713668823,0.6895345449447632,0.2902623116970062,0.4217686951160431,0.7097376883029938,0.3376501500606537,0.4920635521411896,0.6623498499393463
public,3136,4,Sad,V22_CORRECT_V21_WRONG,True,True,0.3258640170097351,0.4506802558898926,0.6741359829902649,0.333606481552124,0.4887329936027527,0.666393518447876,0.2584412693977356,0.3979591727256775,0.7415587306022644,0.2693156898021698,0.4056122303009033,0.7306843101978302,0.33252862095832825,0.4882369637489319,0.6674713790416718
public,3145,6,Neutral,V22_CORRECT_V21_WRONG,True,True,0.37796005606651306,0.49149659276008606,0.6220399439334869,0.2469102442264557,0.375,0.7530897557735443,0.23562896251678467,0.36330780386924744,0.7643710374832153,0.32890093326568604,0.47342684864997864,0.671099066734314,0.3377399444580078,0.4849773347377777,0.6622600555419922
public,3155,2,Fear,V21_CORRECT_V22_WRONG,True,True,0.29253655672073364,0.40816324949264526,0.7074634432792664,0.266159325838089,0.39625850319862366,0.733840674161911,0.2726336717605591,0.4077380895614624,0.7273663282394409,0.27710914611816406,0.4107142686843872,0.7228908538818359,0.36090293526649475,0.5188491940498352,0.6390970647335052
public,3158,0,Angry,V21_CORRECT_V22_WRONG,True,True,0.38047540187835693,0.5051020383834839,0.6195245981216431,0.27778059244155884,0.4166666567325592,0.7222194075584412,0.2663709819316864,0.39115646481513977,0.7336290180683136,0.24813657999038696,0.38137754797935486,0.751863420009613,0.3686731457710266,0.5179988741874695,0.6313268542289734
public,3166,5,Surprise,V22_CORRECT_V21_WRONG,True,True,0.36256012320518494,0.4948979616165161,0.6374398767948151,0.34953078627586365,0.4997873902320862,0.6504692137241364,0.2562985122203827,0.3794642686843872,0.7437014877796173,0.22414927184581757,0.35310372710227966,0.7758507281541824,0.3709196150302887,0.5273526310920715,0.6290803849697113
public,3168,0,Angry,V21_CORRECT_V22_WRONG,True,True,0.38138547539711,0.504676878452301,0.61861452460289,0.3566019535064697,0.5017006993293762,0.6433980464935303,0.2462790608406067,0.37818875908851624,0.7537209391593933,0.2705514132976532,0.394345223903656,0.7294485867023468,0.328228235244751,0.48455217480659485,0.671771764755249
public,3169,6,Neutral,V22_CORRECT_V21_WRONG,True,True,0.37820857763290405,0.5034013390541077,0.621791422367096,0.38045790791511536,0.5350764989852905,0.6195420920848846,0.3458862900733948,0.4902210831642151,0.6541137099266052,0.2701573073863983,0.40051019191741943,0.7298426926136017,0.3471721112728119,0.5039682388305664,0.6528278887271881
public,3172,4,Sad,V22_CORRECT_V21_WRONG,True,True,0.3516263961791992,0.4791666567325592,0.6483736038208008,0.3257822096347809,0.4740646183490753,0.6742177903652191,0.2825269103050232,0.41857993602752686,0.7174730896949768,0.2666110694408417,0.3981717526912689,0.7333889305591583,0.4232028126716614,0.5863094925880432,0.5767971873283386
public,3176,2,Fear,V22_CORRECT_V21_WRONG,True,True,0.3411861062049866,0.4642857015132904,0.6588138937950134,0.2971256375312805,0.42602041363716125,0.7028743624687195,0.29877668619155884,0.4279336631298065,0.7012233138084412,0.22501219809055328,0.3548044264316559,0.7749878019094467,0.31712964177131653,0.472930908203125,0.6828703582286835
public,3216,0,Angry,V22_CORRECT_V21_WRONG,True,True,0.29491108655929565,0.43112245202064514,0.7050889134407043,0.3414256274700165,0.48681971430778503,0.6585743725299835,0.2868211269378662,0.43324828147888184,0.7131788730621338,0.20721590518951416,0.3080357015132904,0.7927840948104858,0.36905911564826965,0.4990079700946808,0.6309408843517303
public,3219,0,Angry,V21_CORRECT_V22_WRONG,True,True,0.4278329610824585,0.5667517185211182,0.5721670389175415,0.36907240748405457,0.5176445245742798,0.6309275925159454,0.37762024998664856,0.5325254797935486,0.6223797500133514,0.29004815220832825,0.4381377398967743,0.7099518477916718,0.34862273931503296,0.504676878452301,0.651377260684967
public,3220,3,Happy,V22_CORRECT_V21_WRONG,True,True,0.38184648752212524,0.5025510191917419,0.6181535124778748,0.3352733850479126,0.4812925159931183,0.6647266149520874,0.30214375257492065,0.4506802558898926,0.6978562474250793,0.19613027572631836,0.3101615607738495,0.8038697242736816,0.39077380299568176,0.5480442047119141,0.6092261970043182
public,3235,2,Fear,V21_CORRECT_V22_WRONG,True,True,0.38408899307250977,0.5102040767669678,0.6159110069274902,0.3021760880947113,0.44621598720550537,0.6978239119052887,0.3144295811653137,0.4591836631298065,0.6855704188346863,0.2552967071533203,0.38499149680137634,0.7447032928466797,0.378050297498703,0.5364229083061218,0.621949702501297
public,3237,0,Angry,V21_CORRECT_V22_WRONG,True,True,0.42204734683036804,0.5582482814788818,0.577952653169632,0.4084302484989166,0.5576105117797852,0.5915697515010834,0.329452246427536,0.4666241407394409,0.670547753572464,0.2859222888946533,0.4164540767669678,0.7140777111053467,0.4092174470424652,0.5702947974205017,0.5907825529575348
public,3243,3,Happy,V22_CORRECT_V21_WRONG,True,True,0.3658493459224701,0.49277210235595703,0.6341506540775299,0.30080562829971313,0.4440901279449463,0.6991943717002869,0.28975364565849304,0.432823121547699,0.710246354341507,0.23348157107830048,0.35884353518486023,0.7665184289216995,0.341259241104126,0.49957481026649475,0.658740758895874
public,3245,2,Fear,V21_CORRECT_V22_WRONG,True,True,0.35162353515625,0.4651360511779785,0.64837646484375,0.33965009450912476,0.4948979616165161,0.6603499054908752,0.2343621701002121,0.3675595223903656,0.7656378298997879,0.21302266418933868,0.33290815353393555,0.7869773358106613,0.4037036597728729,0.5513038635253906,0.5962963402271271
public,3248,4,Sad,V22_CORRECT_V21_WRONG,True,True,0.3786984384059906,0.5021258592605591,0.6213015615940094,0.2954656183719635,0.4419642686843872,0.7045343816280365,0.289366751909256,0.42665815353393555,0.710633248090744,0.2798841893672943,0.4122023582458496,0.7201158106327057,0.3733222484588623,0.5282029509544373,0.6266777515411377
public,3249,3,Happy,V22_CORRECT_V21_WRONG,True,True,0.32056131958961487,0.4566326439380646,0.6794386804103851,0.3425544798374176,0.49213433265686035,0.6574455201625824,0.3341900110244751,0.47215133905410767,0.6658099889755249,0.340902715921402,0.4829931855201721,0.659097284078598,0.2946876287460327,0.4433106780052185,0.7053123712539673
public,3253,3,Happy,V22_CORRECT_V21_WRONG,True,True,0.36981719732284546,0.49362245202064514,0.6301828026771545,0.31810399889945984,0.4619472622871399,0.6818960011005402,0.31944435834884644,0.4613095223903656,0.6805556416511536,0.28559204936027527,0.42240646481513977,0.7144079506397247,0.32572516798973083,0.48568594455718994,0.6742748320102692
public,3265,6,Neutral,V21_CORRECT_V22_WRONG,True,True,0.41705891489982605,0.5276360511779785,0.582941085100174,0.40379223227500916,0.5471938848495483,0.5962077677249908,0.3033757507801056,0.43261054158210754,0.6966242492198944,0.256865918636322,0.38945576548576355,0.743134081363678,0.3207171559333801,0.47576528787612915,0.6792828440666199
public,3279,4,Sad,V22_CORRECT_V21_WRONG,True,True,0.34688812494277954,0.4702380895614624,0.6531118750572205,0.3746776580810547,0.5321003198623657,0.6253223419189453,0.2505398690700531,0.3788265287876129,0.7494601309299469,0.2897574305534363,0.426870733499527,0.7102425694465637,0.3549710810184479,0.506944477558136,0.6450289189815521
public,3285,6,Neutral,V22_CORRECT_V21_WRONG,True,True,0.2998276650905609,0.42517006397247314,0.7001723349094391,0.29629382491111755,0.4357993006706238,0.7037061750888824,0.21885299682617188,0.34183672070503235,0.7811470031738281,0.32286176085472107,0.4562074840068817,0.6771382391452789,0.3259541988372803,0.4839852750301361,0.6740458011627197
public,3286,4,Sad,V22_CORRECT_V21_WRONG,True,True,0.35477209091186523,0.47959181666374207,0.6452279090881348,0.3157808780670166,0.45280611515045166,0.6842191219329834,0.27495279908180237,0.40497449040412903,0.7250472009181976,0.2454703152179718,0.3658588230609894,0.7545296847820282,0.3698327839374542,0.5232426524162292,0.6301672160625458
public,3288,6,Neutral,V21_CORRECT_V22_WRONG,True,True,0.37011587619781494,0.49957481026649475,0.6298841238021851,0.32060232758522034,0.4708758294582367,0.6793976724147797,0.25748303532600403,0.3847789168357849,0.742516964673996,0.23092570900917053,0.3579931855201721,0.7690742909908295,0.3276238739490509,0.48384353518486023,0.6723761260509491
public,3292,0,Angry,V22_CORRECT_V21_WRONG,True,True,0.3535623848438263,0.48767006397247314,0.6464376151561737,0.39521998167037964,0.5486819744110107,0.6047800183296204,0.2962348461151123,0.43048468232154846,0.7037651538848877,0.2902446389198303,0.41496598720550537,0.7097553610801697,0.3605863153934479,0.5214002132415771,0.6394136846065521
public,3298,2,Fear,V21_CORRECT_V22_WRONG,True,True,0.2993687093257904,0.4187925159931183,0.7006312906742096,0.428234338760376,0.5809949040412903,0.571765661239624,0.3183493912220001,0.46024659276008606,0.6816506087779999,0.2500000596046448,0.37691324949264526,0.7499999403953552,0.3766588866710663,0.535714328289032,0.6233411133289337
public,3305,2,Fear,V21_CORRECT_V22_WRONG,True,True,0.40438005328178406,0.5246598720550537,0.5956199467182159,0.41739368438720703,0.571853756904602,0.582606315612793,0.2746807336807251,0.4100765287876129,0.7253192663192749,0.29513266682624817,0.42602041363716125,0.7048673331737518,0.3691072463989258,0.5266439914703369,0.6308927536010742
public,3308,0,Angry,V21_CORRECT_V22_WRONG,True,True,0.3267880380153656,0.4404761791229248,0.6732119619846344,0.31741130352020264,0.4655612111091614,0.6825886964797974,0.30229151248931885,0.4457907974720001,0.6977084875106812,0.2692967653274536,0.4068877398967743,0.7307032346725464,0.35867494344711304,0.5151644349098206,0.641325056552887
public,3317,4,Sad,V22_CORRECT_V21_WRONG,True,True,0.39251577854156494,0.5182822942733765,0.6074842214584351,0.26926156878471375,0.4045493006706238,0.7307384312152863,0.2575870454311371,0.3803146183490753,0.7424129545688629,0.2643343508243561,0.39179420471191406,0.7356656491756439,0.37721890211105347,0.5323129296302795,0.6227810978889465
public,3319,6,Neutral,V22_CORRECT_V21_WRONG,True,True,0.3353142738342285,0.4583333134651184,0.6646857261657715,0.31925782561302185,0.4585459232330322,0.6807421743869781,0.22065822780132294,0.34630101919174194,0.7793417721986771,0.3406893014907837,0.47874149680137634,0.6593106985092163,0.35192808508872986,0.5090702772140503,0.6480719149112701
public,3328,3,Happy,V22_CORRECT_V21_WRONG,True,True,0.35842376947402954,0.4919217526912689,0.6415762305259705,0.3332333564758301,0.48533162474632263,0.6667666435241699,0.3035610020160675,0.44536563754081726,0.6964389979839325,0.28557583689689636,0.4211309552192688,0.7144241631031036,0.3555081784725189,0.5144557952880859,0.6444918215274811
public,3334,3,Happy,V21_CORRECT_V22_WRONG,True,True,0.405032753944397,0.5289115309715271,0.594967246055603,0.40021955966949463,0.5593112111091614,0.5997804403305054,0.3590782880783081,0.4931972622871399,0.6409217119216919,0.24652299284934998,0.37840133905410767,0.75347700715065,0.39866378903388977,0.5616496205329895,0.6013362109661102
public,3335,4,Sad,V22_CORRECT_V21_WRONG,True,True,0.2910684049129486,0.4017857015132904,0.7089315950870514,0.33501705527305603,0.48703229427337646,0.664982944726944,0.28770217299461365,0.42219385504722595,0.7122978270053864,0.23976005613803864,0.3647959232330322,0.7602399438619614,0.3434409499168396,0.490079402923584,0.6565590500831604
public,3344,2,Fear,V22_CORRECT_V21_WRONG,True,True,0.40784987807273865,0.5127550959587097,0.5921501219272614,0.3847123384475708,0.5346513390541077,0.6152876615524292,0.27948978543281555,0.40646257996559143,0.7205102145671844,0.17247267067432404,0.2803996503353119,0.827527329325676,0.30895641446113586,0.45975056290626526,0.6910435855388641
public,3348,5,Surprise,V22_CORRECT_V21_WRONG,True,True,0.36302852630615234,0.49149659276008606,0.6369714736938477,0.3717585504055023,0.5248724222183228,0.6282414495944977,0.24164290726184845,0.3735119104385376,0.7583570927381516,0.260461688041687,0.3951955735683441,0.739538311958313,0.3048495650291443,0.4579082131385803,0.6951504349708557
public,3363,0,Angry,V21_CORRECT_V22_WRONG,True,True,0.37403348088264465,0.504676878452301,0.6259665191173553,0.3801489472389221,0.5286989808082581,0.6198510527610779,0.33688193559646606,0.4819302558898926,0.6631180644035339,0.2682829201221466,0.4047619104385376,0.7317170798778534,0.3725031614303589,0.5289115309715271,0.6274968385696411
public,3374,4,Sad,V22_CORRECT_V21_WRONG,True,True,0.2859898507595062,0.39838433265686035,0.7140101492404938,0.26889821887016296,0.4071003198623657,0.731101781129837,0.31347543001174927,0.46237245202064514,0.6865245699882507,0.24278970062732697,0.3726615607738495,0.757210299372673,0.33042892813682556,0.48738667368888855,0.6695710718631744
public,3392,6,Neutral,V22_CORRECT_V21_WRONG,True,True,0.4048866629600525,0.5501700639724731,0.5951133370399475,0.36509233713150024,0.5187074542045593,0.6349076628684998,0.29690027236938477,0.4396258294582367,0.7030997276306152,0.29795825481414795,0.43176019191741943,0.702041745185852,0.375744104385376,0.5357142686843872,0.624255895614624
public,3400,2,Fear,V21_CORRECT_V22_WRONG,True,True,0.3239472508430481,0.43324828147888184,0.6760527491569519,0.2787266969680786,0.4217686951160431,0.7212733030319214,0.23584356904029846,0.358418345451355,0.7641564309597015,0.26724496483802795,0.4115646183490753,0.732755035161972,0.3522665202617645,0.5058106780052185,0.6477334797382355
public,3402,2,Fear,V22_CORRECT_V21_WRONG,True,True,0.32053425908088684,0.44515305757522583,0.6794657409191132,0.34974759817123413,0.495323121547699,0.6502524018287659,0.2654983699321747,0.40603742003440857,0.7345016300678253,0.24947543442249298,0.3818027079105377,0.750524565577507,0.38052573800086975,0.5440759658813477,0.6194742619991302
public,3409,6,Neutral,V21_CORRECT_V22_WRONG,True,True,0.33687108755111694,0.46683672070503235,0.6631289124488831,0.3291817903518677,0.4740646183490753,0.6708182096481323,0.24612686038017273,0.3660714328289032,0.7538731396198273,0.27116072177886963,0.40369898080825806,0.7288392782211304,0.3421848714351654,0.49659863114356995,0.6578151285648346
public,3413,6,Neutral,V21_CORRECT_V22_WRONG,True,True,0.3558330535888672,0.47661563754081726,0.6441669464111328,0.4704585671424866,0.6207482814788818,0.5295414328575134,0.455709844827652,0.6022533774375916,0.544290155172348,0.18751521408557892,0.2914540767669678,0.8124847859144211,0.31459206342697144,0.46754539012908936,0.6854079365730286
public,3432,0,Angry,V22_CORRECT_V21_WRONG,True,True,0.4086388349533081,0.5212584733963013,0.5913611650466919,0.3596884310245514,0.495323121547699,0.6403115689754486,0.23495648801326752,0.3654336631298065,0.7650435119867325,0.22306257486343384,0.3465135991573334,0.7769374251365662,0.39801642298698425,0.5605158805847168,0.6019835770130157
public,3441,0,Angry,V21_CORRECT_V22_WRONG,True,True,0.39976319670677185,0.5361394286155701,0.6002368032932281,0.38792261481285095,0.5348639488220215,0.612077385187149,0.2712947130203247,0.4090135991573334,0.7287052869796753,0.28708311915397644,0.42517006397247314,0.7129168808460236,0.3115314245223999,0.46371883153915405,0.6884685754776001
public,3448,4,Sad,V21_CORRECT_V22_WRONG,True,True,0.30271127820014954,0.42134353518486023,0.6972887217998505,0.3634445071220398,0.5206207633018494,0.6365554928779602,0.24916423857212067,0.3811649680137634,0.7508357614278793,0.28161340951919556,0.4202806055545807,0.7183865904808044,0.34887921810150146,0.5055271983146667,0.6511207818984985
public,3472,0,Angry,V22_CORRECT_V21_WRONG,True,True,0.3151737451553345,0.4277210831642151,0.6848262548446655,0.3352949917316437,0.4812925159931183,0.6647050082683563,0.3614853620529175,0.5048894286155701,0.6385146379470825,0.21042585372924805,0.32482993602752686,0.789574146270752,0.4245012104511261,0.5765305757522583,0.5754987895488739
public,3477,3,Happy,V22_CORRECT_V21_WRONG,True,True,0.32350999116897583,0.4553571343421936,0.6764900088310242,0.3590475916862488,0.5025510191917419,0.6409524083137512,0.3285398781299591,0.4642857015132904,0.6714601218700409,0.30269211530685425,0.43324828147888184,0.6973078846931458,0.35544028878211975,0.5052437782287598,0.6445597112178802
public,3481,4,Sad,V22_CORRECT_V21_WRONG,True,True,0.3256056010723114,0.4532312750816345,0.6743943989276886,0.31521350145339966,0.4562074840068817,0.6847864985466003,0.30248990654945374,0.4366496503353119,0.6975100934505463,0.28583478927612305,0.420918345451355,0.714165210723877,0.29599928855895996,0.44798755645751953,0.70400071144104
public,3486,4,Sad,V22_CORRECT_V21_WRONG,True,True,0.4121091365814209,0.5263605117797852,0.5878908634185791,0.4242826998233795,0.5797193646430969,0.5757173001766205,0.23775994777679443,0.3654336631298065,0.7622400522232056,0.27762922644615173,0.4226190447807312,0.7223707735538483,0.3397088646888733,0.4988662302494049,0.6602911353111267
public,3490,3,Happy,V22_CORRECT_V21_WRONG,True,True,0.34351733326911926,0.4693877398967743,0.6564826667308807,0.3634593188762665,0.5140305757522583,0.6365406811237335,0.2890179753303528,0.42602041363716125,0.7109820246696472,0.3418983817100525,0.482142835855484,0.6581016182899475,0.323660284280777,0.48157599568367004,0.676339715719223
public,3493,4,Sad,V21_CORRECT_V22_WRONG,True,True,0.37563323974609375,0.5110543966293335,0.6243667602539062,0.3531724512577057,0.4946853518486023,0.6468275487422943,0.21613411605358124,0.3420493006706238,0.7838658839464188,0.26611408591270447,0.3866921663284302,0.7338859140872955,0.3952280580997467,0.5517290234565735,0.6047719419002533
public,3499,2,Fear,V22_CORRECT_V21_WRONG,True,True,0.36929360032081604,0.4872448742389679,0.630706399679184,0.3762926161289215,0.5325254797935486,0.6237073838710785,0.2837201952934265,0.42431971430778503,0.7162798047065735,0.29238080978393555,0.4383503198623657,0.7076191902160645,0.3531856834888458,0.5065192580223083,0.6468143165111542
public,3500,4,Sad,V22_CORRECT_V21_WRONG,True,True,0.38784950971603394,0.5157312750816345,0.6121504902839661,0.3473760187625885,0.4897959232330322,0.6526239812374115,0.33157867193222046,0.47363945841789246,0.6684213280677795,0.2994597554206848,0.4383503198623657,0.7005402445793152,0.37123778462409973,0.526218831539154,0.6287622153759003
public,3510,6,Neutral,V21_CORRECT_V22_WRONG,True,True,0.4201972782611847,0.5425170063972473,0.5798027217388153,0.2592160999774933,0.3875425159931183,0.7407839000225067,0.28673985600471497,0.42665815353393555,0.713260143995285,0.2415955662727356,0.36947277188301086,0.7584044337272644,0.36009398102760315,0.5171485543251038,0.6399060189723969
public,3514,0,Angry,V21_CORRECT_V22_WRONG,True,True,0.3525214195251465,0.46683672070503235,0.6474785804748535,0.2689707279205322,0.39774659276008606,0.7310292720794678,0.3365318179130554,0.47810372710227966,0.6634681820869446,0.24132542312145233,0.369047611951828,0.7586745768785477,0.4006357192993164,0.5538548827171326,0.5993642807006836
public,3517,4,Sad,V22_CORRECT_V21_WRONG,True,True,0.41045862436294556,0.5272108912467957,0.5895413756370544,0.36393502354621887,0.5065901279449463,0.6360649764537811,0.23526693880558014,0.3550170063972473,0.7647330611944199,0.28367701172828674,0.4145407974720001,0.7163229882717133,0.31588584184646606,0.4692460596561432,0.6841141581535339
public,3520,2,Fear,V22_CORRECT_V21_WRONG,True,True,0.36416712403297424,0.4842686951160431,0.6358328759670258,0.339413583278656,0.4842686951160431,0.660586416721344,0.2231462597846985,0.348426878452301,0.7768537402153015,0.28847965598106384,0.4232567846775055,0.7115203440189362,0.3599267601966858,0.5184240341186523,0.6400732398033142
public,3521,6,Neutral,V22_CORRECT_V21_WRONG,True,True,0.3071713149547577,0.4396258294582367,0.6928286850452423,0.31762808561325073,0.4585459232330322,0.6823719143867493,0.22974509000778198,0.34715133905410767,0.770254909992218,0.25882595777511597,0.38435372710227966,0.741174042224884,0.3999752402305603,0.5562642216682434,0.6000247597694397
public,3525,4,Sad,V21_CORRECT_V22_WRONG,True,True,0.30200377106666565,0.420918345451355,0.6979962289333344,0.4221649169921875,0.569940447807312,0.5778350830078125,0.24611593782901764,0.3818027079105377,0.7538840621709824,0.29100263118743896,0.42750850319862366,0.708997368812561,0.3391556143760681,0.4919217526912689,0.6608443856239319
public,3528,5,Surprise,V21_CORRECT_V22_WRONG,True,True,0.3794102370738983,0.5089285373687744,0.6205897629261017,0.36371496319770813,0.5150935053825378,0.6362850368022919,0.34292203187942505,0.48533162474632263,0.657077968120575,0.24842499196529388,0.37478742003440857,0.7515750080347061,0.3353806436061859,0.494047611951828,0.6646193563938141
public,3531,0,Angry,V21_CORRECT_V22_WRONG,True,True,0.3340601921081543,0.4545067846775055,0.6659398078918457,0.3948930501937866,0.5389030575752258,0.6051069498062134,0.36207443475723267,0.5142431855201721,0.6379255652427673,0.29620757699012756,0.42878401279449463,0.7037924230098724,0.333029180765152,0.489370733499527,0.666970819234848
public,3541,2,Fear,V22_CORRECT_V21_WRONG,True,True,0.2892773747444153,0.39923468232154846,0.7107226252555847,0.3675025701522827,0.5187074542045593,0.6324974298477173,0.2571389377117157,0.3854166567325592,0.7428610622882843,0.23876309394836426,0.357142835855484,0.7612369060516357,0.37161970138549805,0.5303288102149963,0.628380298614502
public,3547,4,Sad,V21_CORRECT_V22_WRONG,True,True,0.39274540543556213,0.507227897644043,0.6072545945644379,0.3499770760536194,0.4968112111091614,0.6500229239463806,0.2731809616088867,0.4047619104385376,0.7268190383911133,0.19379977881908417,0.30824828147888184,0.8062002211809158,0.4051656723022461,0.5619331002235413,0.5948343276977539
public,3548,3,Happy,V22_CORRECT_V21_WRONG,True,True,0.2670922577381134,0.3877550959587097,0.7329077422618866,0.3094395101070404,0.452168345451355,0.6905604898929596,0.34076088666915894,0.4878826439380646,0.6592391133308411,0.30345895886421204,0.4398384392261505,0.696541041135788,0.3022019565105438,0.45266443490982056,0.6977980434894562
public,3557,5,Surprise,V21_CORRECT_V22_WRONG,True,True,0.41651010513305664,0.5382652878761292,0.5834898948669434,0.4009181261062622,0.5497449040412903,0.5990818738937378,0.2642807364463806,0.40284863114356995,0.7357192635536194,0.30110618472099304,0.4436649680137634,0.698893815279007,0.3532503545284271,0.5120465159416199,0.6467496454715729
public,3560,6,Neutral,V21_CORRECT_V22_WRONG,True,True,0.3554948568344116,0.4902210831642151,0.6445051431655884,0.35025158524513245,0.5017006993293762,0.6497484147548676,0.25028133392333984,0.375,0.7497186660766602,0.3044663667678833,0.44217684864997864,0.6955336332321167,0.31542256474494934,0.47137191891670227,0.6845774352550507
public,3566,4,Sad,V22_CORRECT_V21_WRONG,True,True,0.37107837200164795,0.5008503198623657,0.628921627998352,0.3350217640399933,0.4827806055545807,0.6649782359600067,0.22136957943439484,0.3473639488220215,0.7786304205656052,0.2795594036579132,0.40497449040412903,0.7204405963420868,0.3194495737552643,0.46598637104034424,0.6805504262447357
public,3567,4,Sad,V22_CORRECT_V21_WRONG,True,True,0.37122002243995667,0.4991496503353119,0.6287799775600433,0.38993579149246216,0.541241466999054,0.6100642085075378,0.25940102338790894,0.39115646481513977,0.7405989766120911,0.23235803842544556,0.36033162474632263,0.7676419615745544,0.368505597114563,0.5259353518486023,0.631494402885437
public,3568,4,Sad,V21_CORRECT_V22_WRONG,True,True,0.31829002499580383,0.4455782175064087,0.6817099750041962,0.2629031836986542,0.40136054158210754,0.7370968163013458,0.31362178921699524,0.4494047462940216,0.6863782107830048,0.19935552775859833,0.31143707036972046,0.8006444722414017,0.44075047969818115,0.591269850730896,0.5592495203018188
public,3571,4,Sad,V21_CORRECT_V22_WRONG,True,True,0.3088023364543915,0.43197277188301086,0.6911976635456085,0.25947871804237366,0.3966836631298065,0.7405212819576263,0.2358129471540451,0.35586732625961304,0.7641870528459549,0.3144563138484955,0.45705780386924744,0.6855436861515045,0.3075941205024719,0.46187642216682434,0.6924058794975281
public,3577,4,Sad,V22_CORRECT_V21_WRONG,True,True,0.36031678318977356,0.4812925159931183,0.6396832168102264,0.3626439571380615,0.5112670063972473,0.6373560428619385,0.28210723400115967,0.4100765287876129,0.7178927659988403,0.29067569971084595,0.4338860511779785,0.709324300289154,0.3924216330051422,0.5538548827171326,0.6075783669948578
public,3580,1,Disgust,V22_CORRECT_V21_WRONG,True,True,0.3714509904384613,0.494047611951828,0.6285490095615387,0.387116014957428,0.5414540767669678,0.612883985042572,0.29731616377830505,0.44451528787612915,0.702683836221695,0.2920771837234497,0.4279336631298065,0.7079228162765503,0.26780426502227783,0.40617915987968445,0.7321957349777222
public,3584,4,Sad,V21_CORRECT_V22_WRONG,True,True,0.3629060387611389,0.5004251599311829,0.6370939612388611,0.34318217635154724,0.4991496503353119,0.6568178236484528,0.3048637807369232,0.4491921663284302,0.6951362192630768,0.26354244351387024,0.389668345451355,0.7364575564861298,0.43427959084510803,0.5888605117797852,0.565720409154892
public,3586,4,Sad,V22_CORRECT_V21_WRONG,True,True,0.3301832675933838,0.4447278678417206,0.6698167324066162,0.3258115351200104,0.4749149680137634,0.6741884648799896,0.225712850689888,0.34396257996559143,0.774287149310112,0.23403427004814148,0.36054420471191406,0.7659657299518585,0.36490505933761597,0.5150227546691895,0.635094940662384
public,3588,4,Sad,V22_CORRECT_V21_WRONG,True,True,0.379579097032547,0.5021258592605591,0.620420902967453,0.4147884249687195,0.569940447807312,0.5852115750312805,0.25125831365585327,0.37755101919174194,0.7487416863441467,0.26931488513946533,0.40582481026649475,0.7306851148605347,0.3184288740158081,0.47250568866729736,0.6815711259841919
private,0,0,Angry,V22_CORRECT_V21_WRONG,True,True,0.33772745728492737,0.4583333134651184,0.6622725427150726,0.39609459042549133,0.553146243095398,0.6039054095745087,0.291109561920166,0.42665815353393555,0.708890438079834,0.2241208553314209,0.3407737910747528,0.7758791446685791,0.34760820865631104,0.5042517185211182,0.652391791343689
private,8,0,Angry,V21_CORRECT_V22_WRONG,True,True,0.3973134160041809,0.5344387888908386,0.6026865839958191,0.4437762200832367,0.5935373902320862,0.5562237799167633,0.3435846269130707,0.49723637104034424,0.6564153730869293,0.33009177446365356,0.46471086144447327,0.6699082255363464,0.35562872886657715,0.5145975351333618,0.6443712711334229
private,13,4,Sad,V21_CORRECT_V22_WRONG,True,True,0.38067132234573364,0.4991496503353119,0.6193286776542664,0.279473215341568,0.4226190447807312,0.720526784658432,0.2955200672149658,0.4285714328289032,0.7044799327850342,0.21553589403629303,0.33609694242477417,0.784464105963707,0.34699776768684387,0.5001417398452759,0.6530022323131561
private,29,3,Happy,V21_CORRECT_V22_WRONG,True,True,0.3563556671142578,0.48384353518486023,0.6436443328857422,0.30725884437561035,0.45429420471191406,0.6927411556243896,0.2638600468635559,0.40369898080825806,0.7361399531364441,0.25194215774536133,0.37903910875320435,0.7480578422546387,0.3466542363166809,0.5053855180740356,0.6533457636833191
private,30,4,Sad,V22_CORRECT_V21_WRONG,True,True,0.41766682267189026,0.5382652878761292,0.5823331773281097,0.32318389415740967,0.4702380895614624,0.6768161058425903,0.2946631610393524,0.4309098422527313,0.7053368389606476,0.3771344721317291,0.5208333134651184,0.6228655278682709,0.3082510530948639,0.4625850319862366,0.6917489469051361
private,32,6,Neutral,V21_CORRECT_V22_WRONG,True,True,0.3816722333431244,0.5136054158210754,0.6183277666568756,0.41793233156204224,0.5799319744110107,0.5820676684379578,0.3530814051628113,0.494047611951828,0.6469185948371887,0.2808885872364044,0.4166666567325592,0.7191114127635956,0.38063374161720276,0.5402494668960571,0.6193662583827972
private,36,5,Surprise,V21_CORRECT_V22_WRONG,True,True,0.39580923318862915,0.5216836333274841,0.6041907668113708,0.322654128074646,0.4696003198623657,0.677345871925354,0.27933385968208313,0.4187925159931183,0.7206661403179169,0.19816891849040985,0.3163265287876129,0.8018310815095901,0.3440854251384735,0.5012754797935486,0.6559145748615265
private,37,0,Angry,V21_CORRECT_V22_WRONG,True,True,0.31934043765068054,0.4464285671710968,0.6806595623493195,0.3840935528278351,0.5367771983146667,0.6159064471721649,0.31888264417648315,0.45131802558898926,0.6811173558235168,0.26023271679878235,0.3960459232330322,0.7397672832012177,0.26114413142204285,0.4026360511779785,0.7388558685779572
private,51,2,Fear,V21_CORRECT_V22_WRONG,True,True,0.37038904428482056,0.49277210235595703,0.6296109557151794,0.33638161420822144,0.4776785671710968,0.6636183857917786,0.23572015762329102,0.358418345451355,0.764279842376709,0.3108701705932617,0.4576955735683441,0.6891298294067383,0.33572152256965637,0.48157599568367004,0.6642784774303436
private,54,0,Angry,V22_CORRECT_V21_WRONG,True,True,0.32531678676605225,0.46088433265686035,0.6746832132339478,0.37192919850349426,0.5276360511779785,0.6280708014965057,0.27238646149635315,0.40731292963027954,0.7276135385036469,0.27523189783096313,0.40943875908851624,0.7247681021690369,0.37392401695251465,0.5316043496131897,0.6260759830474854
private,56,3,Happy,V22_CORRECT_V21_WRONG,True,True,0.40639445185661316,0.5484693646430969,0.5936055481433868,0.3220267593860626,0.46003401279449463,0.6779732406139374,0.3349289000034332,0.49064624309539795,0.6650710999965668,0.17941495776176453,0.28890305757522583,0.8205850422382355,0.3188886344432831,0.4683957099914551,0.6811113655567169
private,58,6,Neutral,V21_CORRECT_V22_WRONG,True,True,0.4445956349372864,0.5637754797935486,0.5554043650627136,0.3457789719104767,0.4897959232330322,0.6542210280895233,0.21554310619831085,0.32461732625961304,0.7844568938016891,0.24688637256622314,0.3758503198623657,0.7531136274337769,0.3824943006038666,0.5358560085296631,0.6175056993961334
private,59,2,Fear,V22_CORRECT_V21_WRONG,True,True,0.37521547079086304,0.4931972622871399,0.624784529209137,0.259464293718338,0.4009353518486023,0.740535706281662,0.25129514932632446,0.3881802558898926,0.7487048506736755,0.36582550406455994,0.511904776096344,0.6341744959354401,0.32304054498672485,0.4803004860877991,0.6769594550132751
private,60,6,Neutral,V21_CORRECT_V22_WRONG,True,True,0.3683866560459137,0.49447277188301086,0.6316133439540863,0.32209834456443787,0.46875,0.6779016554355621,0.3342531621456146,0.4829931855201721,0.6657468378543854,0.3473578095436096,0.47066324949264526,0.6526421904563904,0.34629368782043457,0.5025510191917419,0.6537063121795654
private,69,0,Angry,V21_CORRECT_V22_WRONG,True,True,0.33940309286117554,0.4672618806362152,0.6605969071388245,0.36802569031715393,0.5212584733963013,0.6319743096828461,0.31191161274909973,0.456845223903656,0.6880883872509003,0.28063374757766724,0.40752550959587097,0.7193662524223328,0.38923367857933044,0.5324546694755554,0.6107663214206696
private,92,4,Sad,V21_CORRECT_V22_WRONG,True,True,0.34014052152633667,0.46981292963027954,0.6598594784736633,0.39087530970573425,0.5440050959587097,0.6091246902942657,0.34410542249679565,0.48533162474632263,0.6558945775032043,0.24470898509025574,0.3726615607738495,0.7552910149097443,0.3639926314353943,0.5100623965263367,0.6360073685646057
private,95,4,Sad,V22_CORRECT_V21_WRONG,True,True,0.3396637439727783,0.4753401279449463,0.6603362560272217,0.3710927963256836,0.5263605117797852,0.6289072036743164,0.2554241716861725,0.3973214328289032,0.7445758283138275,0.26598310470581055,0.39838433265686035,0.7340168952941895,0.41542717814445496,0.574404776096344,0.584572821855545
private,117,3,Happy,V22_CORRECT_V21_WRONG,True,True,0.3493233919143677,0.4723639488220215,0.6506766080856323,0.25133711099624634,0.3832907974720001,0.7486628890037537,0.2931767702102661,0.44068875908851624,0.7068232297897339,0.28731173276901245,0.42750850319862366,0.7126882672309875,0.3224011957645416,0.47590702772140503,0.6775988042354584
private,119,0,Angry,V22_CORRECT_V21_WRONG,True,True,0.38051721453666687,0.5110543966293335,0.6194827854633331,0.319266676902771,0.4693877398967743,0.680733323097229,0.2522788345813751,0.370323121547699,0.7477211654186249,0.20739568769931793,0.32780611515045166,0.7926043123006821,0.40776264667510986,0.5688775181770325,0.5922373533248901
private,133,0,Angry,V22_CORRECT_V21_WRONG,True,False,0.31917378306388855,0.4238945543766022,0.6808262169361115,0.3579692840576172,0.49723637104034424,0.6420307159423828,0.2806116044521332,0.4173044264316559,0.7193883955478668,0.27491235733032227,0.4000850319862366,0.7250876426696777,0.34703806042671204,0.5041099786758423,0.652961939573288
private,143,4,Sad,V21_CORRECT_V22_WRONG,True,True,0.3792192041873932,0.5017006993293762,0.6207807958126068,0.31257495284080505,0.4589710831642151,0.687425047159195,0.2541258931159973,0.36734694242477417,0.7458741068840027,0.2571829855442047,0.3869047462940216,0.7428170144557953,0.3416931629180908,0.4960317611694336,0.6583068370819092
private,147,6,Neutral,V21_CORRECT_V22_WRONG,True,True,0.39851653575897217,0.5250850319862366,0.6014834642410278,0.39032211899757385,0.5465561151504517,0.6096778810024261,0.27081817388534546,0.4045493006706238,0.7291818261146545,0.2523587644100189,0.3845663070678711,0.7476412355899811,0.3385838568210602,0.49943313002586365,0.6614161431789398
private,153,6,Neutral,V22_CORRECT_V21_WRONG,True,True,0.29703289270401,0.41836732625961304,0.70296710729599,0.2704553008079529,0.41390305757522583,0.7295446991920471,0.30940479040145874,0.45365646481513977,0.6905952095985413,0.2925194799900055,0.42602041363716125,0.7074805200099945,0.3735085427761078,0.5310373902320862,0.6264914572238922
private,160,4,Sad,V21_CORRECT_V22_WRONG,True,True,0.38772621750831604,0.5204081535339355,0.612273782491684,0.32784250378608704,0.4585459232330322,0.672157496213913,0.22118476033210754,0.34863945841789246,0.7788152396678925,0.25545334815979004,0.39243197441101074,0.74454665184021,0.36999568343162537,0.5272109508514404,0.6300043165683746
private,165,2,Fear,V21_CORRECT_V22_WRONG,True,True,0.36996224522590637,0.48767006397247314,0.6300377547740936,0.3740805685520172,0.511904776096344,0.6259194314479828,0.19244298338890076,0.2967686951160431,0.8075570166110992,0.23543646931648254,0.35310372710227966,0.7645635306835175,0.3805299699306488,0.5371315479278564,0.6194700300693512
private,172,0,Angry,V22_CORRECT_V21_WRONG,True,True,0.3644489347934723,0.48171767592430115,0.6355510652065277,0.3695952296257019,0.5238094925880432,0.6304047703742981,0.40764686465263367,0.5518707633018494,0.5923531353473663,0.24011749029159546,0.370323121547699,0.7598825097084045,0.38014501333236694,0.5393990874290466,0.6198549866676331
private,177,2,Fear,V21_CORRECT_V22_WRONG,True,True,0.402012437582016,0.5306122303009033,0.597987562417984,0.3174099624156952,0.4562074840068817,0.6825900375843048,0.2415969967842102,0.3647959232330322,0.7584030032157898,0.3145507872104645,0.4500425159931183,0.6854492127895355,0.3334682285785675,0.4873866140842438,0.6665317714214325
private,180,4,Sad,V22_CORRECT_V21_WRONG,True,True,0.3260076344013214,0.45365646481513977,0.6739923655986786,0.33213457465171814,0.4723639488220215,0.6678654253482819,0.18527254462242126,0.2914540767669678,0.8147274553775787,0.32569682598114014,0.4585459232330322,0.6743031740188599,0.3423818349838257,0.49461451172828674,0.6576181650161743
private,194,6,Neutral,V22_CORRECT_V21_WRONG,True,True,0.4108722507953644,0.5450680255889893,0.5891277492046356,0.31844252347946167,0.4642857015132904,0.6815574765205383,0.2875744104385376,0.4238945543766022,0.7124255895614624,0.34632015228271484,0.4938350319862366,0.6536798477172852,0.36994704604148865,0.5297619104385376,0.6300529539585114
private,195,2,Fear,V21_CORRECT_V22_WRONG,True,True,0.42644545435905457,0.5688775181770325,0.5735545456409454,0.4780418276786804,0.6281887888908386,0.5219581723213196,0.3314705491065979,0.4702380895614624,0.6685294508934021,0.27126654982566833,0.39477041363716125,0.7287334501743317,0.3631451725959778,0.524092972278595,0.6368548274040222
private,201,4,Sad,V22_CORRECT_V21_WRONG,True,True,0.35209304094314575,0.48086732625961304,0.6479069590568542,0.31831488013267517,0.4664115607738495,0.6816851198673248,0.2710481882095337,0.4145407974720001,0.7289518117904663,0.23440733551979065,0.364370733499527,0.7655926644802094,0.3729633092880249,0.5342970490455627,0.6270366907119751
private,213,0,Angry,V21_CORRECT_V22_WRONG,True,True,0.3236711323261261,0.4455782175064087,0.6763288676738739,0.3504466712474823,0.49574828147888184,0.6495533287525177,0.32787492871284485,0.4791666567325592,0.6721250712871552,0.2584982216358185,0.3832907974720001,0.7415017783641815,0.3420217037200928,0.4892290532588959,0.6579782962799072
private,216,6,Neutral,V22_CORRECT_V21_WRONG,True,True,0.37136492133140564,0.5021258592605591,0.6286350786685944,0.3563573360443115,0.5129677057266235,0.6436426639556885,0.28002312779426575,0.41262754797935486,0.7199768722057343,0.23459811508655548,0.3452380895614624,0.7654018849134445,0.33731546998023987,0.4862528443336487,0.6626845300197601
private,218,6,Neutral,V21_CORRECT_V22_WRONG,True,True,0.41106587648391724,0.5416666269302368,0.5889341235160828,0.3937276005744934,0.5401785373687744,0.6062723994255066,0.34476059675216675,0.4827806055545807,0.6552394032478333,0.28342142701148987,0.41262754797935486,0.7165785729885101,0.33566907048225403,0.48370182514190674,0.664330929517746
private,222,5,Surprise,V21_CORRECT_V22_WRONG,True,True,0.39330747723579407,0.5242347121238708,0.6066925227642059,0.32058197259902954,0.4596088230609894,0.6794180274009705,0.26166480779647827,0.3920067846775055,0.7383351922035217,0.24236491322517395,0.36649659276008606,0.757635086774826,0.32176652550697327,0.4760487675666809,0.6782334744930267
private,225,3,Happy,V21_CORRECT_V22_WRONG,True,True,0.3173673748970032,0.4464285671710968,0.6826326251029968,0.2877695560455322,0.425595223903656,0.7122304439544678,0.23947574198246002,0.36777210235595703,0.76052425801754,0.3359983265399933,0.4604591727256775,0.6640016734600067,0.3655446767807007,0.5204081535339355,0.6344553232192993
private,231,6,Neutral,V22_CORRECT_V21_WRONG,True,True,0.4060712456703186,0.5361394286155701,0.5939287543296814,0.3571045398712158,0.5017006993293762,0.6428954601287842,0.23246821761131287,0.35522958636283875,0.7675317823886871,0.2710026800632477,0.4009353518486023,0.7289973199367523,0.37420403957366943,0.5289115309715271,0.6257959604263306
private,236,0,Angry,V22_CORRECT_V21_WRONG,True,True,0.34973350167274475,0.46173468232154846,0.6502664983272552,0.293642520904541,0.4402635991573334,0.706357479095459,0.3109121024608612,0.45344385504722595,0.6890878975391388,0.22640249133110046,0.3482142686843872,0.7735975086688995,0.33050158619880676,0.47349774837493896,0.6694984138011932
private,239,6,Neutral,V21_CORRECT_V22_WRONG,True,True,0.367851197719574,0.5170068144798279,0.632148802280426,0.3896203935146332,0.5416666269302368,0.6103796064853668,0.23418286442756653,0.35437923669815063,0.7658171355724335,0.30853697657585144,0.44217684864997864,0.6914630234241486,0.3640434145927429,0.5191326141357422,0.6359565854072571
private,240,2,Fear,V21_CORRECT_V22_WRONG,True,True,0.3407476842403412,0.47661563754081726,0.6592523157596588,0.3408844470977783,0.4889455735683441,0.6591155529022217,0.28337377309799194,0.4262329936027527,0.7166262269020081,0.24008533358573914,0.3660714328289032,0.7599146664142609,0.3711608052253723,0.5235260725021362,0.6288391947746277
private,244,5,Surprise,V21_CORRECT_V22_WRONG,True,True,0.2986275255680084,0.42304420471191406,0.7013724744319916,0.39771977066993713,0.5522959232330322,0.6022802293300629,0.3818797469139099,0.5197703838348389,0.6181202530860901,0.2699664235115051,0.4100765287876129,0.7300335764884949,0.3593848943710327,0.5133219957351685,0.6406151056289673
private,247,4,Sad,V22_CORRECT_V21_WRONG,True,True,0.41322651505470276,0.5297619104385376,0.5867734849452972,0.27982428669929504,0.41177719831466675,0.720175713300705,0.2663932144641876,0.39477041363716125,0.7336067855358124,0.26587602496147156,0.4030612111091614,0.7341239750385284,0.36698657274246216,0.5248016119003296,0.6330134272575378
private,248,1,Disgust,V21_CORRECT_V22_WRONG,True,True,0.35739976167678833,0.48086732625961304,0.6426002383232117,0.3298649191856384,0.4747023582458496,0.6701350808143616,0.2890109419822693,0.42750850319862366,0.7109890580177307,0.29213660955429077,0.4338860511779785,0.7078633904457092,0.47162196040153503,0.6179138422012329,0.528378039598465
private,259,3,Happy,V21_CORRECT_V22_WRONG,True,True,0.4269562065601349,0.5722789168357849,0.5730437934398651,0.35876592993736267,0.5148809552192688,0.6412340700626373,0.30965951085090637,0.44005101919174194,0.6903404891490936,0.2807927429676056,0.41262754797935486,0.7192072570323944,0.30331286787986755,0.45464858412742615,0.6966871321201324
private,260,3,Happy,V21_CORRECT_V22_WRONG,True,True,0.4117056131362915,0.5378401279449463,0.5882943868637085,0.38630810379981995,0.5465561151504517,0.61369189620018,0.3588399887084961,0.502763569355011,0.6411600112915039,0.3240258991718292,0.4634353518486023,0.6759741008281708,0.34940004348754883,0.5065192580223083,0.6505999565124512
private,263,6,Neutral,V22_CORRECT_V21_WRONG,True,True,0.36607909202575684,0.495323121547699,0.6339209079742432,0.3532087206840515,0.4908588230609894,0.6467912793159485,0.26457497477531433,0.39455780386924744,0.7354250252246857,0.2550713121891022,0.3839285671710968,0.7449286878108978,0.3238896429538727,0.47874149680137634,0.6761103570461273
private,267,4,Sad,V21_CORRECT_V22_WRONG,True,True,0.4873799979686737,0.6347789168357849,0.5126200020313263,0.42578762769699097,0.577168345451355,0.574212372303009,0.25725167989730835,0.38414114713668823,0.7427483201026917,0.2501969039440155,0.3622449040412903,0.7498030960559845,0.36234551668167114,0.5188491940498352,0.6376544833183289
private,273,4,Sad,V22_CORRECT_V21_WRONG,True,True,0.3525683879852295,0.47278910875320435,0.6474316120147705,0.2925778031349182,0.42814624309539795,0.7074221968650818,0.2825731039047241,0.42750850319862366,0.7174268960952759,0.2481081336736679,0.3777635991573334,0.7518918663263321,0.37012243270874023,0.5277778506278992,0.6298775672912598
private,274,4,Sad,V22_CORRECT_V21_WRONG,True,True,0.40961119532585144,0.5463435053825378,0.5903888046741486,0.4324807822704315,0.5856717824935913,0.5675192177295685,0.22063590586185455,0.3401360511779785,0.7793640941381454,0.25118276476860046,0.36713433265686035,0.7488172352313995,0.39418667554855347,0.5517290234565735,0.6058133244514465
private,282,4,Sad,V21_CORRECT_V22_WRONG,True,True,0.320197194814682,0.44217684864997864,0.679802805185318,0.4477766752243042,0.589073121547699,0.5522233247756958,0.2496488392353058,0.37691324949264526,0.7503511607646942,0.33772361278533936,0.4723639488220215,0.6622763872146606,0.41831010580062866,0.5663264989852905,0.5816898941993713
private,289,6,Neutral,V22_CORRECT_V21_WRONG,True,True,0.32830798625946045,0.4634353518486023,0.6716920137405396,0.42145463824272156,0.5761054158210754,0.5785453617572784,0.27576133608818054,0.41560372710227966,0.7242386639118195,0.2545429766178131,0.3892431855201721,0.7454570233821869,0.41249752044677734,0.5708616971969604,0.5875024795532227
private,298,0,Angry,V22_CORRECT_V21_WRONG,True,True,0.3539668321609497,0.47789114713668823,0.6460331678390503,0.33525794744491577,0.4776785671710968,0.6647420525550842,0.2979435324668884,0.4432397782802582,0.7020564675331116,0.32935288548469543,0.4708758294582367,0.6706471145153046,0.3576967120170593,0.5127550959587097,0.6423032879829407
private,317,6,Neutral,V21_CORRECT_V22_WRONG,True,True,0.425426721572876,0.5642006397247314,0.574573278427124,0.41250234842300415,0.5695152878761292,0.5874976515769958,0.3198591470718384,0.4672618806362152,0.6801408529281616,0.32143259048461914,0.4655612111091614,0.6785674095153809,0.35395318269729614,0.5079365372657776,0.6460468173027039
private,318,4,Sad,V21_CORRECT_V22_WRONG,True,True,0.34177809953689575,0.4642857015132904,0.6582219004631042,0.34978389739990234,0.5051020383834839,0.6502161026000977,0.2802281081676483,0.41709181666374207,0.7197718918323517,0.2789880335330963,0.41709181666374207,0.7210119664669037,0.3806569576263428,0.5405329465866089,0.6193430423736572
private,326,3,Happy,V22_CORRECT_V21_WRONG,True,True,0.3157618045806885,0.44217684864997864,0.6842381954193115,0.3464004695415497,0.48767006397247314,0.6535995304584503,0.23696328699588776,0.37074828147888184,0.7630367130041122,0.3348463773727417,0.4753401279449463,0.6651536226272583,0.37735188007354736,0.5293367505073547,0.6226481199264526
private,337,0,Angry,V22_CORRECT_V21_WRONG,True,True,0.37340247631073,0.4910714328289032,0.62659752368927,0.3557005226612091,0.5110543966293335,0.6442994773387909,0.2565152943134308,0.38945576548576355,0.7434847056865692,0.3418866693973541,0.4904336631298065,0.6581133306026459,0.3313292860984802,0.4804421663284302,0.6686707139015198
private,338,6,Neutral,V22_CORRECT_V21_WRONG,True,True,0.34245309233665466,0.4651360511779785,0.6575469076633453,0.29027116298675537,0.43877550959587097,0.7097288370132446,0.26499903202056885,0.3988095223903656,0.7350009679794312,0.3045743405818939,0.44217684864997864,0.6954256594181061,0.38441652059555054,0.5410997867584229,0.6155834794044495
private,340,0,Angry,V22_CORRECT_V21_WRONG,True,True,0.3231348991394043,0.44600337743759155,0.6768651008605957,0.37264618277549744,0.5229591727256775,0.6273538172245026,0.3178412616252899,0.4562074840068817,0.6821587383747101,0.2391296625137329,0.36054420471191406,0.7608703374862671,0.38376814126968384,0.5331632494926453,0.6162318587303162
private,343,3,Happy,V22_CORRECT_V21_WRONG,True,True,0.36286261677742004,0.4859693646430969,0.63713738322258,0.3455715477466583,0.48915815353393555,0.6544284522533417,0.2984606921672821,0.42814624309539795,0.7015393078327179,0.3627910017967224,0.5036139488220215,0.6372089982032776,0.2945324182510376,0.4444444477558136,0.7054675817489624
private,364,0,Angry,V21_CORRECT_V22_WRONG,True,True,0.3780823051929474,0.48852038383483887,0.6219176948070526,0.4996568262577057,0.6547619104385376,0.5003431737422943,0.3034733533859253,0.43877550959587097,0.6965266466140747,0.39728087186813354,0.5297619104385376,0.6027191281318665,0.4703306257724762,0.619756281375885,0.5296693742275238
private,368,6,Neutral,V22_CORRECT_V21_WRONG,True,True,0.44384416937828064,0.5625,0.5561558306217194,0.3326607644557953,0.4823554456233978,0.6673392355442047,0.27852576971054077,0.39392006397247314,0.7214742302894592,0.21432770788669586,0.32164114713668823,0.7856722921133041,0.34079575538635254,0.4968821108341217,0.6592042446136475
private,375,4,Sad,V21_CORRECT_V22_WRONG,True,True,0.3607005774974823,0.482142835855484,0.6392994225025177,0.33024680614471436,0.47066324949264526,0.6697531938552856,0.2948928475379944,0.4306972622871399,0.7051071524620056,0.2857051491737366,0.42155611515045166,0.7142948508262634,0.3609105348587036,0.5212584733963013,0.6390894651412964
private,376,3,Happy,V21_CORRECT_V22_WRONG,True,True,0.32972946763038635,0.4583333134651184,0.6702705323696136,0.3433213531970978,0.4931972622871399,0.6566786468029022,0.34038469195365906,0.4791666567325592,0.6596153080463409,0.2887428104877472,0.4202806055545807,0.7112571895122528,0.3186655044555664,0.4681122303009033,0.6813344955444336
private,378,3,Happy,V21_CORRECT_V22_WRONG,True,True,0.3530764877796173,0.49064624309539795,0.6469235122203827,0.4115995168685913,0.5705782175064087,0.5884004831314087,0.3304188847541809,0.47342684864997864,0.6695811152458191,0.27078375220298767,0.4034864008426666,0.7292162477970123,0.33670851588249207,0.482142835855484,0.6632914841175079
private,385,6,Neutral,V21_CORRECT_V22_WRONG,True,True,0.30880728363990784,0.41624149680137634,0.6911927163600922,0.30966368317604065,0.4432397782802582,0.6903363168239594,0.23785054683685303,0.3713860511779785,0.762149453163147,0.2822541892528534,0.4115646183490753,0.7177458107471466,0.40962547063827515,0.5680271983146667,0.5903745293617249
private,395,4,Sad,V21_CORRECT_V22_WRONG,True,True,0.37931832671165466,0.5170068144798279,0.6206816732883453,0.34066739678382874,0.4946853518486023,0.6593326032161713,0.31257882714271545,0.456845223903656,0.6874211728572845,0.24065497517585754,0.35607993602752686,0.7593450248241425,0.3936953842639923,0.5551304221153259,0.6063046157360077
private,396,4,Sad,V22_CORRECT_V21_WRONG,True,True,0.43027281761169434,0.550595223903656,0.5697271823883057,0.36222705245018005,0.5125424861907959,0.63777294754982,0.3051551580429077,0.44749149680137634,0.6948448419570923,0.25678521394729614,0.39158162474632263,0.7432147860527039,0.32077479362487793,0.4783163070678711,0.6792252063751221
private,400,2,Fear,V22_CORRECT_V21_WRONG,True,True,0.38728106021881104,0.48384353518486023,0.612718939781189,0.3675067722797394,0.4993622303009033,0.6324932277202606,0.22434036433696747,0.3443877398967743,0.7756596356630325,0.286101758480072,0.4202806055545807,0.713898241519928,0.3969358205795288,0.5576814413070679,0.6030641794204712
private,408,2,Fear,V21_CORRECT_V22_WRONG,True,True,0.35911819338798523,0.49659863114356995,0.6408818066120148,0.3373225927352905,0.4866071343421936,0.6626774072647095,0.23831523954868317,0.36181971430778503,0.7616847604513168,0.27280116081237793,0.40646257996559143,0.7271988391876221,0.3884349465370178,0.5477607846260071,0.6115650534629822
private,410,3,Happy,V21_CORRECT_V22_WRONG,True,True,0.3812398910522461,0.5182822942733765,0.6187601089477539,0.3371090292930603,0.49362245202064514,0.6628909707069397,0.32452547550201416,0.47130101919174194,0.6754745244979858,0.25779956579208374,0.3937074840068817,0.7422004342079163,0.31783097982406616,0.47278910875320435,0.6821690201759338
private,415,5,Surprise,V21_CORRECT_V22_WRONG,True,True,0.3190529942512512,0.4404761791229248,0.6809470057487488,0.34945258498191833,0.4919217526912689,0.6505474150180817,0.25180763006210327,0.37670066952705383,0.7481923699378967,0.24693749845027924,0.3652210831642151,0.7530625015497208,0.41354766488075256,0.5749716758728027,0.5864523351192474
private,422,2,Fear,V21_CORRECT_V22_WRONG,True,True,0.39043986797332764,0.5136054158210754,0.6095601320266724,0.3816065788269043,0.5184949040412903,0.6183934211730957,0.25856176018714905,0.3869047462940216,0.741438239812851,0.2501288056373596,0.3815901279449463,0.7498711943626404,0.3876301944255829,0.540107786655426,0.6123698055744171
private,427,3,Happy,V22_CORRECT_V21_WRONG,True,True,0.3160601258277893,0.4434523582458496,0.6839398741722107,0.3379385471343994,0.49362245202064514,0.6620614528656006,0.26234686374664307,0.39306971430778503,0.7376531362533569,0.3140389025211334,0.4598214328289032,0.6859610974788666,0.2955192029476166,0.4444445073604584,0.7044807970523834
private,431,6,Neutral,V21_CORRECT_V22_WRONG,True,True,0.3505643308162689,0.4791666567325592,0.6494356691837311,0.36139538884162903,0.5025510191917419,0.638604611158371,0.2858636975288391,0.4181547462940216,0.7141363024711609,0.24776458740234375,0.369047611951828,0.7522354125976562,0.3448885679244995,0.5007086396217346,0.6551114320755005
private,437,6,Neutral,V21_CORRECT_V22_WRONG,True,True,0.31689971685409546,0.4434523582458496,0.6831002831459045,0.36013150215148926,0.5140305757522583,0.6398684978485107,0.2726711928844452,0.4034864008426666,0.7273288071155548,0.2589050829410553,0.39158162474632263,0.7410949170589447,0.3236675560474396,0.4740646183490753,0.6763324439525604
private,446,4,Sad,V22_CORRECT_V21_WRONG,True,True,0.37127047777175903,0.5021258592605591,0.628729522228241,0.38735342025756836,0.5399659872055054,0.6126465797424316,0.2781296372413635,0.4145407974720001,0.7218703627586365,0.24587482213974,0.37542515993118286,0.75412517786026,0.4398912191390991,0.6003401279449463,0.5601087808609009
private,447,4,Sad,V21_CORRECT_V22_WRONG,True,True,0.33852022886276245,0.4545067846775055,0.6614797711372375,0.3287351429462433,0.4749149680137634,0.6712648570537567,0.2581236958503723,0.3928571343421936,0.7418763041496277,0.24719448387622833,0.3807397782802582,0.7528055161237717,0.3271629214286804,0.4749149680137634,0.6728370785713196
private,460,2,Fear,V22_CORRECT_V21_WRONG,True,True,0.3124317526817322,0.4294217526912689,0.6875682473182678,0.2779243588447571,0.41028910875320435,0.7220756411552429,0.18280231952667236,0.28465136885643005,0.8171976804733276,0.17098712921142578,0.2759353816509247,0.8290128707885742,0.34987375140190125,0.5041099786758423,0.6501262485980988
private,461,4,Sad,V22_CORRECT_V21_WRONG,True,True,0.3260819911956787,0.4447278678417206,0.6739180088043213,0.4336780905723572,0.5824829936027527,0.5663219094276428,0.25497180223464966,0.3877550959587097,0.7450281977653503,0.31251922249794006,0.4506802558898926,0.6874807775020599,0.36432933807373047,0.5245181918144226,0.6356706619262695
private,463,2,Fear,V22_CORRECT_V21_WRONG,True,True,0.317790687084198,0.4413265287876129,0.682209312915802,0.40629950165748596,0.5561224222183228,0.593700498342514,0.26073458790779114,0.3960459232330322,0.7392654120922089,0.25055742263793945,0.38201528787612915,0.7494425773620605,0.33085328340530396,0.48270976543426514,0.669146716594696
private,481,6,Neutral,V22_CORRECT_V21_WRONG,True,True,0.3455466032028198,0.4604591727256775,0.6544533967971802,0.3012826442718506,0.4417516887187958,0.6987173557281494,0.27443549036979675,0.40731292963027954,0.7255645096302032,0.24976950883865356,0.3794642686843872,0.7502304911613464,0.3300879895687103,0.48370182514190674,0.6699120104312897
private,493,4,Sad,V21_CORRECT_V22_WRONG,True,True,0.3379650413990021,0.4783163070678711,0.6620349586009979,0.3397018015384674,0.48469385504722595,0.6602981984615326,0.36052826046943665,0.5091411471366882,0.6394717395305634,0.1853361874818802,0.2929421663284302,0.8146638125181198,0.37997347116470337,0.541241466999054,0.6200265288352966
private,495,6,Neutral,V22_CORRECT_V21_WRONG,True,True,0.31785857677459717,0.43197277188301086,0.6821414232254028,0.3271245062351227,0.47746598720550537,0.6728754937648773,0.22461935877799988,0.3482142686843872,0.7753806412220001,0.23614174127578735,0.3586309552192688,0.7638582587242126,0.33623000979423523,0.49461451172828674,0.6637699902057648
private,497,2,Fear,V21_CORRECT_V22_WRONG,True,True,0.34798648953437805,0.4744897782802582,0.652013510465622,0.37365344166755676,0.5131802558898926,0.6263465583324432,0.29573220014572144,0.42368197441101074,0.7042677998542786,0.29527315497398376,0.42963433265686035,0.7047268450260162,0.33056122064590454,0.47945013642311096,0.6694387793540955
private,507,4,Sad,V21_CORRECT_V22_WRONG,True,True,0.30550289154052734,0.4277210831642151,0.6944971084594727,0.3453449606895447,0.49808672070503235,0.6546550393104553,0.2756088078022003,0.40284863114356995,0.7243911921977997,0.2988264560699463,0.43346086144447327,0.7011735439300537,0.29528242349624634,0.4441610276699066,0.7047175765037537
private,511,3,Happy,V22_CORRECT_V21_WRONG,True,True,0.3737480044364929,0.5029761791229248,0.6262519955635071,0.32201164960861206,0.4753401279449463,0.6779883503913879,0.25948119163513184,0.3937074840068817,0.7405188083648682,0.2879386246204376,0.420918345451355,0.7120613753795624,0.3326267898082733,0.49163833260536194,0.6673732101917267
private,520,4,Sad,V21_CORRECT_V22_WRONG,True,True,0.3589746952056885,0.4863945543766022,0.6410253047943115,0.31318196654319763,0.46449828147888184,0.6868180334568024,0.27330654859542847,0.4115646183490753,0.7266934514045715,0.2458948940038681,0.37606292963027954,0.7541051059961319,0.4175580143928528,0.567176878452301,0.5824419856071472
private,521,2,Fear,V21_CORRECT_V22_WRONG,True,True,0.3942868113517761,0.5242347121238708,0.6057131886482239,0.31207624077796936,0.4532312750816345,0.6879237592220306,0.2207372486591339,0.3490646183490753,0.7792627513408661,0.27165457606315613,0.4056122303009033,0.7283454239368439,0.328128457069397,0.482142835855484,0.671871542930603
private,523,2,Fear,V21_CORRECT_V22_WRONG,True,True,0.3556477427482605,0.46981292963027954,0.6443522572517395,0.3047462999820709,0.4470663070678711,0.6952537000179291,0.23456713557243347,0.3669217526912689,0.7654328644275665,0.2801235318183899,0.41539114713668823,0.7198764681816101,0.38346007466316223,0.5452097654342651,0.6165399253368378
private,524,5,Surprise,V22_CORRECT_V21_WRONG,True,True,0.37656164169311523,0.4961734712123871,0.6234383583068848,0.3157808482646942,0.46534863114356995,0.6842191517353058,0.2374277412891388,0.369047611951828,0.7625722587108612,0.24204041063785553,0.36330780386924744,0.7579595893621445,0.37098565697669983,0.5303288102149963,0.6290143430233002
private,538,4,Sad,V22_CORRECT_V21_WRONG,True,True,0.3059360086917877,0.42304420471191406,0.6940639913082123,0.2904762327671051,0.4345237910747528,0.7095237672328949,0.2875075936317444,0.42602041363716125,0.7124924063682556,0.25316759943962097,0.3777635991573334,0.746832400560379,0.33923855423927307,0.495323121547699,0.6607614457607269
private,539,3,Happy,V21_CORRECT_V22_WRONG,True,True,0.3704264461994171,0.49744898080825806,0.6295735538005829,0.31413254141807556,0.4606717526912689,0.6858674585819244,0.3050033748149872,0.4272959232330322,0.6949966251850128,0.2960284352302551,0.426870733499527,0.7039715647697449,0.3456176817417145,0.5058106780052185,0.6543823182582855
private,543,0,Angry,V22_CORRECT_V21_WRONG,True,True,0.4017733633518219,0.5238094925880432,0.5982266366481781,0.3129056394100189,0.4566326439380646,0.6870943605899811,0.35904547572135925,0.5065901279449463,0.6409545242786407,0.36910077929496765,0.5110543966293335,0.6308992207050323,0.39751169085502625,0.557539701461792,0.6024883091449738
private,550,4,Sad,V21_CORRECT_V22_WRONG,True,True,0.35599568486213684,0.48469385504722595,0.6440043151378632,0.44509026408195496,0.6067176461219788,0.554909735918045,0.3442709147930145,0.48086732625961304,0.6557290852069855,0.2752950191497803,0.40880101919174194,0.7247049808502197,0.3758193254470825,0.526218831539154,0.6241806745529175
private,552,4,Sad,V21_CORRECT_V22_WRONG,True,False,0.37045547366142273,0.49234694242477417,0.6295445263385773,0.35268354415893555,0.49872449040412903,0.6473164558410645,0.24156364798545837,0.3681972622871399,0.7584363520145416,0.31161925196647644,0.4598214328289032,0.6883807480335236,0.3697015643119812,0.5301870703697205,0.6302984356880188
private,553,6,Neutral,V22_CORRECT_V21_WRONG,True,True,0.4125460982322693,0.5425170063972473,0.5874539017677307,0.3187713623046875,0.46747449040412903,0.6812286376953125,0.2713361382484436,0.41028910875320435,0.7286638617515564,0.2552967071533203,0.3862670063972473,0.7447032928466797,0.34694424271583557,0.5065192580223083,0.6530557572841644
private,555,4,Sad,V21_CORRECT_V22_WRONG,True,True,0.27492669224739075,0.3847789168357849,0.7250733077526093,0.35368090867996216,0.5061649680137634,0.6463190913200378,0.2567235231399536,0.3654336631298065,0.7432764768600464,0.338840514421463,0.47789114713668823,0.661159485578537,0.33134984970092773,0.4848356544971466,0.6686501502990723
private,559,3,Happy,V21_CORRECT_V22_WRONG,True,True,0.4319113492965698,0.5527210831642151,0.5680886507034302,0.33462679386138916,0.483418345451355,0.6653732061386108,0.22201965749263763,0.34566324949264526,0.7779803425073624,0.2810712456703186,0.4247449040412903,0.7189287543296814,0.33816829323768616,0.4961734712123871,0.6618317067623138
private,563,4,Sad,V22_CORRECT_V21_WRONG,True,True,0.36950963735580444,0.49659863114356995,0.6304903626441956,0.2674558162689209,0.40433672070503235,0.7325441837310791,0.2345748096704483,0.35522958636283875,0.7654251903295517,0.24900153279304504,0.3807397782802582,0.750998467206955,0.3914145231246948,0.5508787035942078,0.6085854768753052
private,564,3,Happy,V21_CORRECT_V22_WRONG,True,True,0.3915303349494934,0.5178571343421936,0.6084696650505066,0.34682098031044006,0.49574828147888184,0.6531790196895599,0.31780651211738586,0.45344385504722595,0.6821934878826141,0.28203460574150085,0.4113520383834839,0.7179653942584991,0.3611292243003845,0.5145975351333618,0.6388707756996155
private,569,5,Surprise,V22_CORRECT_V21_WRONG,True,True,0.3050708770751953,0.4145407974720001,0.6949291229248047,0.277812123298645,0.4160289168357849,0.722187876701355,0.1914745420217514,0.29931971430778503,0.8085254579782486,0.3061853349208832,0.4411139488220215,0.6938146650791168,0.30605828762054443,0.45578229427337646,0.6939417123794556
private,577,5,Surprise,V21_CORRECT_V22_WRONG,True,True,0.4142487347126007,0.5595238208770752,0.5857512652873993,0.32022300362586975,0.45493197441101074,0.6797769963741302,0.18359439074993134,0.2944302558898926,0.8164056092500687,0.2948457896709442,0.42304420471191406,0.7051542103290558,0.4557124078273773,0.6037415266036987,0.5442875921726227
private,578,2,Fear,V21_CORRECT_V22_WRONG,True,True,0.31885454058647156,0.43792515993118286,0.6811454594135284,0.31548741459846497,0.4634353518486023,0.684512585401535,0.2961846888065338,0.4398384392261505,0.7038153111934662,0.18614208698272705,0.2952806055545807,0.813857913017273,0.3409176766872406,0.4980159401893616,0.6590823233127594
private,579,2,Fear,V21_CORRECT_V22_WRONG,True,True,0.31164517998695374,0.42219385504722595,0.6883548200130463,0.2998201549053192,0.43792515993118286,0.7001798450946808,0.25607267022132874,0.38732993602752686,0.7439273297786713,0.31388357281684875,0.4491921663284302,0.6861164271831512,0.3349527418613434,0.49645695090293884,0.6650472581386566
private,597,6,Neutral,V21_CORRECT_V22_WRONG,True,True,0.31361573934555054,0.44090133905410767,0.6863842606544495,0.3001886010169983,0.4396258294582367,0.6998113989830017,0.23070792853832245,0.35969388484954834,0.7692920714616776,0.26830679178237915,0.4041241407394409,0.7316932082176208,0.3433261811733246,0.5036848187446594,0.6566738188266754
private,600,4,Sad,V22_CORRECT_V21_WRONG,True,True,0.3482215404510498,0.47789114713668823,0.6517784595489502,0.34406906366348267,0.4910714328289032,0.6559309363365173,0.39590132236480713,0.5512329936027527,0.6040986776351929,0.322908878326416,0.456845223903656,0.677091121673584,0.268276572227478,0.4145408272743225,0.731723427772522
private,605,4,Sad,V22_CORRECT_V21_WRONG,True,True,0.39098861813545227,0.49149659276008606,0.6090113818645477,0.3746128976345062,0.5293367505073547,0.6253871023654938,0.17603452503681183,0.27423468232154846,0.8239654749631882,0.2829175293445587,0.42006802558898926,0.7170824706554413,0.35751327872276306,0.5178571343421936,0.6424867212772369
private,609,0,Angry,V21_CORRECT_V22_WRONG,True,True,0.3974989652633667,0.5327380895614624,0.6025010347366333,0.43177977204322815,0.5888605117797852,0.5682202279567719,0.3440948724746704,0.48852038383483887,0.6559051275253296,0.32505783438682556,0.47512754797935486,0.6749421656131744,0.28584080934524536,0.43197280168533325,0.7141591906547546
private,610,4,Sad,V22_CORRECT_V21_WRONG,True,True,0.33880728483200073,0.4523809552192688,0.6611927151679993,0.30457407236099243,0.45365646481513977,0.6954259276390076,0.3329080045223236,0.47789114713668823,0.6670919954776764,0.2931655943393707,0.4368622303009033,0.7068344056606293,0.38536974787712097,0.5477607846260071,0.614630252122879
private,613,4,Sad,V21_CORRECT_V22_WRONG,True,True,0.3306003510951996,0.45790815353393555,0.6693996489048004,0.33190780878067017,0.4878826439380646,0.6680921912193298,0.29434704780578613,0.4323979616165161,0.7056529521942139,0.2608093023300171,0.395620733499527,0.7391906976699829,0.3367151618003845,0.4863945543766022,0.6632848381996155
private,628,4,Sad,V22_CORRECT_V21_WRONG,True,True,0.4055648744106293,0.5276360511779785,0.5944351255893707,0.389244943857193,0.5363520383834839,0.610755056142807,0.26163917779922485,0.388392835855484,0.7383608222007751,0.20704486966133118,0.3341836631298065,0.7929551303386688,0.37228211760520935,0.533446729183197,0.6277178823947906
private,630,4,Sad,V22_CORRECT_V21_WRONG,True,False,0.39191290736198425,0.5059523582458496,0.6080870926380157,0.3031361699104309,0.4436649680137634,0.6968638300895691,0.3578858971595764,0.5059523582458496,0.6421141028404236,0.18530483543872833,0.30017006397247314,0.8146951645612717,0.31316161155700684,0.4642857015132904,0.6868383884429932
private,632,3,Happy,V21_CORRECT_V22_WRONG,True,True,0.30072134733200073,0.42602041363716125,0.6992786526679993,0.32274776697158813,0.47512754797935486,0.6772522330284119,0.3465590178966522,0.4889455735683441,0.6534409821033478,0.2764587998390198,0.40625,0.7235412001609802,0.31460174918174744,0.46584469079971313,0.6853982508182526
private,635,2,Fear,V22_CORRECT_V21_WRONG,True,True,0.35296517610549927,0.4744897782802582,0.6470348238945007,0.3816382586956024,0.5352891087532043,0.6183617413043976,0.280429869890213,0.4202806055545807,0.719570130109787,0.24173316359519958,0.3562925159931183,0.7582668364048004,0.39816975593566895,0.5564059019088745,0.601830244064331
private,636,0,Angry,V22_CORRECT_V21_WRONG,True,True,0.34296831488609314,0.46981292963027954,0.6570316851139069,0.32876503467559814,0.4744897782802582,0.6712349653244019,0.26576679944992065,0.40284863114356995,0.7342332005500793,0.279367595911026,0.4160289168357849,0.720632404088974,0.37426120042800903,0.533730149269104,0.625738799571991
private,638,3,Happy,V21_CORRECT_V22_WRONG,True,True,0.37546610832214355,0.507227897644043,0.6245338916778564,0.40260186791419983,0.5367771983146667,0.5973981320858002,0.2974972128868103,0.4360119104385376,0.7025027871131897,0.25073370337486267,0.37840133905410767,0.7492662966251373,0.32692909240722656,0.4822845757007599,0.6730709075927734
private,642,2,Fear,V22_CORRECT_V21_WRONG,True,True,0.34378737211227417,0.46173468232154846,0.6562126278877258,0.2969653606414795,0.43877550959587097,0.7030346393585205,0.33053240180015564,0.47130101919174194,0.6694675981998444,0.3200271427631378,0.4696003198623657,0.6799728572368622,0.36184725165367126,0.5191326141357422,0.6381527483463287
private,659,6,Neutral,V22_CORRECT_V21_WRONG,True,True,0.36889412999153137,0.4851190447807312,0.6311058700084686,0.35886046290397644,0.5108418464660645,0.6411395370960236,0.28860369324684143,0.42517006397247314,0.7113963067531586,0.19804848730564117,0.3101615607738495,0.8019515126943588,0.39299654960632324,0.5561224222183228,0.6070034503936768
private,663,4,Sad,V22_CORRECT_V21_WRONG,True,True,0.3479236662387848,0.46471086144447327,0.6520763337612152,0.3033725917339325,0.4411139488220215,0.6966274082660675,0.24759554862976074,0.370323121547699,0.7524044513702393,0.28333956003189087,0.40880101919174194,0.7166604399681091,0.37474560737609863,0.538407027721405,0.6252543926239014
private,666,4,Sad,V21_CORRECT_V22_WRONG,True,True,0.3858145773410797,0.5161564350128174,0.6141854226589203,0.38565295934677124,0.5238094925880432,0.6143470406532288,0.2886292338371277,0.41687923669815063,0.7113707661628723,0.30163952708244324,0.4428146183490753,0.6983604729175568,0.3446076214313507,0.5007086396217346,0.6553923785686493
private,688,2,Fear,V21_CORRECT_V22_WRONG,True,True,0.39438551664352417,0.5263605117797852,0.6056144833564758,0.3528277277946472,0.4897959232330322,0.6471722722053528,0.3137146234512329,0.4664115607738495,0.6862853765487671,0.2216397225856781,0.34566324949264526,0.7783602774143219,0.3189839720726013,0.4712301790714264,0.6810160279273987
private,689,4,Sad,V21_CORRECT_V22_WRONG,True,True,0.3683358132839203,0.5063775181770325,0.6316641867160797,0.352572500705719,0.5053145885467529,0.647427499294281,0.23816415667533875,0.37074828147888184,0.7618358433246613,0.2243877798318863,0.34119898080825806,0.7756122201681137,0.3958549201488495,0.5538548827171326,0.6041450798511505
private,704,2,Fear,V21_CORRECT_V22_WRONG,True,True,0.3046892583370209,0.42602041363716125,0.6953107416629791,0.3090514838695526,0.4545067846775055,0.6909485161304474,0.27616357803344727,0.4160289168357849,0.7238364219665527,0.20601503551006317,0.325892835855484,0.7939849644899368,0.3662988543510437,0.5273526310920715,0.6337011456489563
private,709,2,Fear,V21_CORRECT_V22_WRONG,True,True,0.32799893617630005,0.4404761791229248,0.6720010638237,0.3298623561859131,0.4749149680137634,0.6701376438140869,0.26551374793052673,0.40518707036972046,0.7344862520694733,0.2867547869682312,0.4124149680137634,0.7132452130317688,0.3763565421104431,0.5391156077384949,0.6236434578895569
private,716,2,Fear,V21_CORRECT_V22_WRONG,True,True,0.3495159447193146,0.46003401279449463,0.6504840552806854,0.3789363503456116,0.5323129296302795,0.6210636496543884,0.3560276925563812,0.5014880895614624,0.6439723074436188,0.2808481454849243,0.4136904776096344,0.7191518545150757,0.34925544261932373,0.504393458366394,0.6507445573806763
private,718,3,Happy,V22_CORRECT_V21_WRONG,True,True,0.3599385619163513,0.49659863114356995,0.6400614380836487,0.4852372705936432,0.639668345451355,0.5147627294063568,0.27152928709983826,0.40072277188301086,0.7284707129001617,0.28182554244995117,0.41496598720550537,0.7181744575500488,0.35324859619140625,0.5157312750816345,0.6467514038085938
private,720,6,Neutral,V22_CORRECT_V21_WRONG,True,True,0.42638713121414185,0.5331632494926453,0.5736128687858582,0.3907262086868286,0.5350764989852905,0.6092737913131714,0.2809620797634125,0.41390305757522583,0.7190379202365875,0.31757503747940063,0.46088433265686035,0.6824249625205994,0.3513738214969635,0.4982993006706238,0.6486261785030365
private,722,4,Sad,V21_CORRECT_V22_WRONG,True,False,0.37466752529144287,0.49872449040412903,0.6253324747085571,0.3337463438510895,0.48405611515045166,0.6662536561489105,0.26792532205581665,0.39243197441101074,0.7320746779441833,0.2858043909072876,0.4115646183490753,0.7141956090927124,0.3672153651714325,0.5206916332244873,0.6327846348285675
private,723,5,Surprise,V22_CORRECT_V21_WRONG,True,True,0.4160291850566864,0.5484693646430969,0.5839708149433136,0.34240996837615967,0.47045066952705383,0.6575900316238403,0.3375537693500519,0.482142835855484,0.6624462306499481,0.21106909215450287,0.32716837525367737,0.7889309078454971,0.31821107864379883,0.47463151812553406,0.6817889213562012
private,738,0,Angry,V21_CORRECT_V22_WRONG,True,True,0.3615869879722595,0.488095223903656,0.6384130120277405,0.38542401790618896,0.5318877696990967,0.614575982093811,0.2764240801334381,0.40795066952705383,0.7235759198665619,0.2547049820423126,0.3637329936027527,0.7452950179576874,0.38085153698921204,0.5413832664489746,0.619148463010788
private,741,5,Surprise,V21_CORRECT_V22_WRONG,True,True,0.34023088216781616,0.4613095223903656,0.6597691178321838,0.3629232347011566,0.5091411471366882,0.6370767652988434,0.28271177411079407,0.42750850319862366,0.7172882258892059,0.1612924486398697,0.26509353518486023,0.8387075513601303,0.3442629873752594,0.5008503198623657,0.6557370126247406
private,742,0,Angry,V22_CORRECT_V21_WRONG,True,True,0.3711053133010864,0.5165815949440002,0.6288946866989136,0.357527494430542,0.5031887888908386,0.642472505569458,0.24080504477024078,0.3548044264316559,0.7591949552297592,0.27056989073753357,0.3892431855201721,0.7294301092624664,0.3718123435974121,0.526218831539154,0.6281876564025879
private,746,0,Angry,V22_CORRECT_V21_WRONG,True,False,0.34934309124946594,0.4506802558898926,0.6506569087505341,0.32896268367767334,0.47066324949264526,0.6710373163223267,0.23482352495193481,0.35905611515045166,0.7651764750480652,0.2948015034198761,0.42155611515045166,0.7051984965801239,0.3201426863670349,0.4763322174549103,0.6798573136329651
private,754,6,Neutral,V22_CORRECT_V21_WRONG,True,True,0.3324369490146637,0.45408162474632263,0.6675630509853363,0.39051637053489685,0.5369898080825806,0.6094836294651031,0.29990050196647644,0.43941324949264526,0.7000994980335236,0.2788684666156769,0.4083758294582367,0.7211315333843231,0.347567617893219,0.5025510191917419,0.652432382106781
private,755,4,Sad,V21_CORRECT_V22_WRONG,True,True,0.43930405378341675,0.5680271983146667,0.5606959462165833,0.3358486592769623,0.48107993602752686,0.6641513407230377,0.29876574873924255,0.4249574840068817,0.7012342512607574,0.23920224606990814,0.36564624309539795,0.7607977539300919,0.3535918593406677,0.5121882557868958,0.6464081406593323
private,756,0,Angry,V21_CORRECT_V22_WRONG,True,True,0.5263844132423401,0.6534863710403442,0.4736155867576599,0.38781803846359253,0.540603756904602,0.6121819615364075,0.26407521963119507,0.39179420471191406,0.7359247803688049,0.2476559728384018,0.37521257996559143,0.7523440271615982,0.30745431780815125,0.46088433265686035,0.6925456821918488
private,765,2,Fear,V22_CORRECT_V21_WRONG,True,True,0.41616684198379517,0.5467687249183655,0.5838331580162048,0.35639557242393494,0.5065901279449463,0.6436044275760651,0.25179335474967957,0.375,0.7482066452503204,0.2979986369609833,0.4398384392261505,0.7020013630390167,0.4106704592704773,0.5714285373687744,0.5893295407295227
private,773,3,Happy,V22_CORRECT_V21_WRONG,True,True,0.3965614140033722,0.5157312750816345,0.6034385859966278,0.32925766706466675,0.47512754797935486,0.6707423329353333,0.29591482877731323,0.4238945543766022,0.7040851712226868,0.31129077076911926,0.44536563754081726,0.6887092292308807,0.325008362531662,0.4801587462425232,0.674991637468338
private,775,6,Neutral,V21_CORRECT_V22_WRONG,True,True,0.3395932912826538,0.46896257996559143,0.6604067087173462,0.4530561566352844,0.6067176461219788,0.5469438433647156,0.28719475865364075,0.4198554456233978,0.7128052413463593,0.2071518898010254,0.32015305757522583,0.7928481101989746,0.3422652781009674,0.5007086396217346,0.6577347218990326
private,782,2,Fear,V21_CORRECT_V22_WRONG,True,True,0.3549538850784302,0.4872448742389679,0.6450461149215698,0.4498733580112457,0.6048043966293335,0.5501266419887543,0.31318455934524536,0.4613095223903656,0.6868154406547546,0.2805977463722229,0.4238945543766022,0.7194022536277771,0.36014804244041443,0.5205499529838562,0.6398519575595856
private,792,2,Fear,V21_CORRECT_V22_WRONG,True,True,0.3442005515098572,0.4749149680137634,0.6557994484901428,0.3350962996482849,0.4819302558898926,0.6649037003517151,0.21737301349639893,0.34481292963027954,0.7826269865036011,0.23260298371315002,0.3535289168357849,0.76739701628685,0.29980161786079407,0.45365646481513977,0.7001983821392059
private,798,6,Neutral,V21_CORRECT_V22_WRONG,True,True,0.3462842106819153,0.48384353518486023,0.6537157893180847,0.4293551743030548,0.5892857313156128,0.5706448256969452,0.23482860624790192,0.35820576548576355,0.7651713937520981,0.2571382522583008,0.3922193944454193,0.7428617477416992,0.33292272686958313,0.49333900213241577,0.6670772731304169
private,802,6,Neutral,V22_CORRECT_V21_WRONG,True,True,0.4041224718093872,0.5246598720550537,0.5958775281906128,0.355385959148407,0.5097789168357849,0.644614040851593,0.24458183348178864,0.3713860511779785,0.7554181665182114,0.2553364336490631,0.38796767592430115,0.7446635663509369,0.325702428817749,0.4829932451248169,0.674297571182251
private,813,2,Fear,V21_CORRECT_V22_WRONG,True,True,0.3469081521034241,0.47066324949264526,0.6530918478965759,0.35148969292640686,0.5068027377128601,0.6485103070735931,0.25900012254714966,0.38945576548576355,0.7409998774528503,0.2559932768344879,0.388392835855484,0.7440067231655121,0.32132118940353394,0.478458046913147,0.6786788105964661
private,814,2,Fear,V22_CORRECT_V21_WRONG,False,False,0.3674776554107666,0.49064624309539795,0.6325223445892334,0.34225648641586304,0.4961734712123871,0.657743513584137,0.23536349833011627,0.3658588230609894,0.7646365016698837,0.22512096166610718,0.3535289168357849,0.7748790383338928,0.398540198802948,0.5569728016853333,0.601459801197052
private,817,2,Fear,V22_CORRECT_V21_WRONG,True,True,0.410253643989563,0.5233843326568604,0.589746356010437,0.31295740604400635,0.4625850319862366,0.6870425939559937,0.35420486330986023,0.5034013390541077,0.6457951366901398,0.32749995589256287,0.4725765287876129,0.6725000441074371,0.42534348368644714,0.5864512920379639,0.5746565163135529
private,821,3,Happy,V21_CORRECT_V22_WRONG,True,True,0.32436037063598633,0.44897958636283875,0.6756396293640137,0.2839515209197998,0.42878401279449463,0.7160484790802002,0.2570798993110657,0.3964710831642151,0.7429201006889343,0.2463396191596985,0.37818875908851624,0.7536603808403015,0.3865818679332733,0.543367326259613,0.6134181320667267
private,827,3,Happy,V22_CORRECT_V21_WRONG,True,True,0.3765762746334076,0.4948979616165161,0.6234237253665924,0.31534039974212646,0.464073121547699,0.6846596002578735,0.3484109938144684,0.47661563754081726,0.6515890061855316,0.2669548988342285,0.3958333134651184,0.7330451011657715,0.3198821544647217,0.47378119826316833,0.6801178455352783
private,829,0,Angry,V22_CORRECT_V21_WRONG,True,True,0.36965611577033997,0.49957481026649475,0.63034388422966,0.31789007782936096,0.45642006397247314,0.682109922170639,0.24959656596183777,0.3860544264316559,0.7504034340381622,0.28439053893089294,0.4194302558898926,0.7156094610691071,0.36905789375305176,0.5289115309715271,0.6309421062469482
private,835,6,Neutral,V22_CORRECT_V21_WRONG,True,True,0.37551963329315186,0.5080782175064087,0.6244803667068481,0.3102443218231201,0.45705780386924744,0.6897556781768799,0.31544220447540283,0.44961732625961304,0.6845577955245972,0.29371166229248047,0.44090133905410767,0.7062883377075195,0.3751082122325897,0.5376984477043152,0.6248917877674103
private,836,3,Happy,V22_CORRECT_V21_WRONG,True,True,0.3433667719364166,0.4642857015132904,0.6566332280635834,0.38178497552871704,0.5327380895614624,0.618215024471283,0.32962337136268616,0.4776785671710968,0.6703766286373138,0.3074086308479309,0.4532312750816345,0.6925913691520691,0.29389825463294983,0.4445861876010895,0.7061017453670502
private,838,2,Fear,V21_CORRECT_V22_WRONG,True,True,0.2935952842235565,0.4158163070678711,0.7064047157764435,0.24551339447498322,0.3815901279449463,0.7544866055250168,0.25872594118118286,0.3862670063972473,0.7412740588188171,0.2167516052722931,0.33205780386924744,0.7832483947277069,0.34435656666755676,0.5029761791229248,0.6556434333324432
private,848,3,Happy,V22_CORRECT_V21_WRONG,True,True,0.3498515784740448,0.4583333134651184,0.6501484215259552,0.34949055314064026,0.507227897644043,0.6505094468593597,0.2567887008190155,0.39392006397247314,0.7432112991809845,0.3222493529319763,0.4604591727256775,0.6777506470680237,0.3212471306324005,0.47363945841789246,0.6787528693675995
private,849,5,Surprise,V21_CORRECT_V22_WRONG,True,True,0.3261219263076782,0.4523809552192688,0.6738780736923218,0.3114176392555237,0.4606717526912689,0.6885823607444763,0.23794259130954742,0.3684098422527313,0.7620574086904526,0.23105491697788239,0.3533163070678711,0.7689450830221176,0.38691675662994385,0.5440759658813477,0.6130832433700562
private,854,4,Sad,V21_CORRECT_V22_WRONG,True,True,0.3539768159389496,0.4812925159931183,0.6460231840610504,0.36259523034095764,0.5182822942733765,0.6374047696590424,0.23011940717697144,0.3539540767669678,0.7698805928230286,0.3096000850200653,0.4479166567325592,0.6903999149799347,0.34028542041778564,0.5005668997764587,0.6597145795822144
private,860,5,Surprise,V21_CORRECT_V22_WRONG,True,False,0.42370593547821045,0.5569728016853333,0.5762940645217896,0.3247741460800171,0.46832481026649475,0.6752258539199829,0.2377479374408722,0.36500850319862366,0.7622520625591278,0.23004332184791565,0.3556547462940216,0.7699566781520844,0.3773847222328186,0.5344387888908386,0.6226152777671814
private,861,6,Neutral,V21_CORRECT_V22_WRONG,True,True,0.36245861649513245,0.4829931855201721,0.6375413835048676,0.29435521364212036,0.42984694242477417,0.7056447863578796,0.2721332907676697,0.395620733499527,0.7278667092323303,0.20604366064071655,0.3154761791229248,0.7939563393592834,0.39000511169433594,0.5440759658813477,0.6099948883056641
private,867,2,Fear,V22_CORRECT_V21_WRONG,True,True,0.3525051772594452,0.4791666567325592,0.6474948227405548,0.3283563554286957,0.4819302558898926,0.6716436445713043,0.33927610516548157,0.49234694242477417,0.6607238948345184,0.3339945375919342,0.48171767592430115,0.6660054624080658,0.3735206127166748,0.534013569355011,0.6264793872833252
private,872,0,Angry,V21_CORRECT_V22_WRONG,True,True,0.39316582679748535,0.5123299360275269,0.6068341732025146,0.3258168399333954,0.4604591727256775,0.6741831600666046,0.2247525155544281,0.337797611951828,0.7752474844455719,0.24423015117645264,0.3773384392261505,0.7557698488235474,0.34758058190345764,0.5062358379364014,0.6524194180965424
private,878,3,Happy,V21_CORRECT_V22_WRONG,True,True,0.34923255443573,0.4672618806362152,0.65076744556427,0.33244940638542175,0.482142835855484,0.6675505936145782,0.3240017890930176,0.4655612111091614,0.6759982109069824,0.2774040400981903,0.4151785671710968,0.7225959599018097,0.355509489774704,0.5162981748580933,0.644490510225296
private,884,6,Neutral,V22_CORRECT_V21_WRONG,True,True,0.41352978348731995,0.5425170063972473,0.58647021651268,0.3309195637702942,0.4789540767669678,0.6690804362297058,0.2777682840824127,0.4100765287876129,0.7222317159175873,0.27326515316963196,0.4098639488220215,0.726734846830368,0.29335176944732666,0.4434523582458496,0.7066482305526733
private,892,0,Angry,V22_CORRECT_V21_WRONG,True,True,0.35328710079193115,0.4800170063972473,0.6467128992080688,0.32636886835098267,0.4657737910747528,0.6736311316490173,0.26999005675315857,0.40943875908851624,0.7300099432468414,0.27763479948043823,0.4113520383834839,0.7223652005195618,0.41944223642349243,0.5712868571281433,0.5805577635765076
private,893,2,Fear,V22_CORRECT_V21_WRONG,True,True,0.3784770667552948,0.5114795565605164,0.6215229332447052,0.360956609249115,0.5095663070678711,0.639043390750885,0.28904929757118225,0.426870733499527,0.7109507024288177,0.2740490436553955,0.4077380895614624,0.7259509563446045,0.3976849913597107,0.5507369637489319,0.6023150086402893
private,897,4,Sad,V21_CORRECT_V22_WRONG,True,True,0.37348321080207825,0.5063775181770325,0.6265167891979218,0.2943788468837738,0.44153910875320435,0.7056211531162262,0.31114959716796875,0.4464285671710968,0.6888504028320312,0.19864609837532043,0.3103741407394409,0.8013539016246796,0.314513623714447,0.46669498085975647,0.685486376285553
private,902,4,Sad,V22_CORRECT_V21_WRONG,True,True,0.31904837489128113,0.45408162474632263,0.6809516251087189,0.49506527185440063,0.6411564350128174,0.5049347281455994,0.24038627743721008,0.36118197441101074,0.7596137225627899,0.2212531566619873,0.34630101919174194,0.7787468433380127,0.38386765122413635,0.5423753261566162,0.6161323487758636
private,904,4,Sad,V21_CORRECT_V22_WRONG,True,True,0.40174445509910583,0.5221088528633118,0.5982555449008942,0.3517743945121765,0.5053145885467529,0.6482256054878235,0.2445290982723236,0.37372449040412903,0.7554709017276764,0.28405603766441345,0.4217686951160431,0.7159439623355865,0.3568517863750458,0.5196995735168457,0.6431482136249542
private,908,0,Angry,V22_CORRECT_V21_WRONG,True,True,0.38788098096847534,0.5212584733963013,0.6121190190315247,0.3664807975292206,0.519345223903656,0.6335192024707794,0.3069893419742584,0.44302719831466675,0.6930106580257416,0.25826817750930786,0.3905186951160431,0.7417318224906921,0.37805837392807007,0.5357142686843872,0.6219416260719299
private,912,0,Angry,V22_CORRECT_V21_WRONG,True,True,0.32863849401474,0.4566326439380646,0.67136150598526,0.3996327221393585,0.5535714030265808,0.6003672778606415,0.26457592844963074,0.4030612111091614,0.7354240715503693,0.29679885506629944,0.4432397782802582,0.7032011449337006,0.39803847670555115,0.5568310618400574,0.6019615232944489
private,924,6,Neutral,V22_CORRECT_V21_WRONG,True,True,0.35373538732528687,0.4842686951160431,0.6462646126747131,0.3158222436904907,0.458120733499527,0.6841777563095093,0.23081684112548828,0.3548044264316559,0.7691831588745117,0.2923050820827484,0.41921767592430115,0.7076949179172516,0.3359619379043579,0.4863945543766022,0.6640380620956421
private,926,4,Sad,V22_CORRECT_V21_WRONG,True,True,0.3935421407222748,0.5182822942733765,0.6064578592777252,0.34195563197135925,0.488095223903656,0.6580443680286407,0.19839128851890564,0.3014455735683441,0.8016087114810944,0.2384658008813858,0.3526785671710968,0.7615341991186142,0.3525407910346985,0.509353756904602,0.6474592089653015
private,941,4,Sad,V22_CORRECT_V21_WRONG,True,True,0.3122078478336334,0.4336734712123871,0.6877921521663666,0.2608993649482727,0.3886054456233978,0.7391006350517273,0.2935343086719513,0.42368197441101074,0.7064656913280487,0.30066224932670593,0.4434523582458496,0.6993377506732941,0.35591554641723633,0.5114796161651611,0.6440844535827637
private,949,4,Sad,V22_CORRECT_V21_WRONG,True,True,0.36492621898651123,0.4812925159931183,0.6350737810134888,0.3024694323539734,0.4283588230609894,0.6975305676460266,0.274376779794693,0.4030612111091614,0.725623220205307,0.32707837224006653,0.46534863114356995,0.6729216277599335,0.35961341857910156,0.5209750533103943,0.6403865814208984
private,959,5,Surprise,V22_CORRECT_V21_WRONG,True,True,0.38582029938697815,0.5293367505073547,0.6141797006130219,0.36137938499450684,0.5104166269302368,0.6386206150054932,0.3742115795612335,0.5144557952880859,0.6257884204387665,0.2992769479751587,0.43558672070503235,0.7007230520248413,0.3207288980484009,0.46867915987968445,0.6792711019515991
private,968,3,Happy,V21_CORRECT_V22_WRONG,True,True,0.3791099190711975,0.4970237910747528,0.6208900809288025,0.3374409079551697,0.47874149680137634,0.6625590920448303,0.29999712109565735,0.43856292963027954,0.7000028789043427,0.32247889041900635,0.46003401279449463,0.6775211095809937,0.3531906008720398,0.5070862174034119,0.6468093991279602
private,978,4,Sad,V21_CORRECT_V22_WRONG,True,True,0.33975857496261597,0.4732142686843872,0.660241425037384,0.365970253944397,0.5170068144798279,0.634029746055603,0.31005167961120605,0.45408162474632263,0.689948320388794,0.267117440700531,0.4085884392261505,0.732882559299469,0.3509220480918884,0.5004251599311829,0.6490779519081116
private,983,0,Angry,V22_CORRECT_V21_WRONG,True,True,0.417732298374176,0.5518707633018494,0.582267701625824,0.3092411756515503,0.45408162474632263,0.6907588243484497,0.3207065165042877,0.46449828147888184,0.6792934834957123,0.22923769056797028,0.3548044264316559,0.7707623094320297,0.3594353497028351,0.5136054158210754,0.6405646502971649
private,988,6,Neutral,V21_CORRECT_V22_WRONG,True,True,0.42343974113464355,0.5352891087532043,0.5765602588653564,0.335020512342453,0.4770407974720001,0.664979487657547,0.2327934056520462,0.3550170063972473,0.7672065943479538,0.3802700340747833,0.5291241407394409,0.6197299659252167,0.3563266694545746,0.5096372365951538,0.6436733305454254
private,994,2,Fear,V22_CORRECT_V21_WRONG,True,True,0.3368229568004608,0.4553571343421936,0.6631770431995392,0.3225947618484497,0.47640305757522583,0.6774052381515503,0.2652145326137543,0.3926445543766022,0.7347854673862457,0.2788572609424591,0.4238945543766022,0.7211427390575409,0.3417828679084778,0.4967403709888458,0.6582171320915222
private,997,4,Sad,V22_CORRECT_V21_WRONG,True,True,0.3824980854988098,0.5153061151504517,0.6175019145011902,0.38272836804389954,0.5350764989852905,0.6172716319561005,0.34325551986694336,0.49362245202064514,0.6567444801330566,0.226028174161911,0.35522958636283875,0.773971825838089,0.3840051591396332,0.5374149680137634,0.6159948408603668
private,1004,4,Sad,V22_CORRECT_V21_WRONG,True,True,0.3573778569698334,0.4829931855201721,0.6426221430301666,0.357883483171463,0.5133928656578064,0.642116516828537,0.3680763840675354,0.514668345451355,0.6319236159324646,0.26091572642326355,0.38796767592430115,0.7390842735767365,0.36707639694213867,0.5256519913673401,0.6329236030578613
private,1011,4,Sad,V22_CORRECT_V21_WRONG,True,True,0.3017885982990265,0.4238945543766022,0.6982114017009735,0.41422024369239807,0.5682398080825806,0.5857797563076019,0.33561772108078003,0.483418345451355,0.66438227891922,0.27874332666397095,0.41560372710227966,0.721256673336029,0.36729976534843445,0.5231009125709534,0.6327002346515656
private,1012,6,Neutral,V22_CORRECT_V21_WRONG,True,True,0.4313369393348694,0.5633503198623657,0.5686630606651306,0.32338055968284607,0.4655612111091614,0.6766194403171539,0.21139077842235565,0.33056971430778503,0.7886092215776443,0.23067177832126617,0.35607993602752686,0.7693282216787338,0.37151315808296204,0.5313208699226379,0.628486841917038
private,1029,2,Fear,V21_CORRECT_V22_WRONG,True,True,0.34896320104599,0.47789114713668823,0.65103679895401,0.3561064898967743,0.5063775181770325,0.6438935101032257,0.30546140670776367,0.44685372710227966,0.6945385932922363,0.26785847544670105,0.388392835855484,0.732141524553299,0.3485516905784607,0.5075113773345947,0.6514483094215393
private,1032,4,Sad,V22_CORRECT_V21_WRONG,True,True,0.3611348569393158,0.49064624309539795,0.6388651430606842,0.33384424448013306,0.48256802558898926,0.6661557555198669,0.2295132577419281,0.3556547462940216,0.7704867422580719,0.20295684039592743,0.32546767592430115,0.7970431596040726,0.357364296913147,0.5151644349098206,0.642635703086853
private,1036,4,Sad,V22_CORRECT_V21_WRONG,True,True,0.3395554721355438,0.45578229427337646,0.6604445278644562,0.27806171774864197,0.41411563754081726,0.721938282251358,0.37700143456459045,0.5299744606018066,0.6229985654354095,0.2175651639699936,0.3482142686843872,0.7824348360300064,0.3407900929450989,0.5018424391746521,0.6592099070549011
private,1043,2,Fear,V21_CORRECT_V22_WRONG,True,True,0.34565412998199463,0.46386054158210754,0.6543458700180054,0.3709026575088501,0.5261479616165161,0.6290973424911499,0.24866721034049988,0.37755101919174194,0.7513327896595001,0.29470589756965637,0.4173044264316559,0.7052941024303436,0.3798525929450989,0.5418083667755127,0.6201474070549011
private,1045,3,Happy,V22_CORRECT_V21_WRONG,True,True,0.33671143651008606,0.46301019191741943,0.6632885634899139,0.3567017912864685,0.5087159872055054,0.6432982087135315,0.20251095294952393,0.30994898080825806,0.7974890470504761,0.31941652297973633,0.46853742003440857,0.6805834770202637,0.33723291754722595,0.49447277188301086,0.662767082452774
private,1046,0,Angry,V22_CORRECT_V21_WRONG,True,True,0.33656957745552063,0.46088433265686035,0.6634304225444794,0.385669469833374,0.5272108912467957,0.614330530166626,0.3562803268432617,0.49872449040412903,0.6437196731567383,0.2757870554924011,0.4009353518486023,0.7242129445075989,0.3798219561576843,0.5269274711608887,0.6201780438423157
private,1047,5,Surprise,V21_CORRECT_V22_WRONG,False,False,0.3222206234931946,0.4562074840068817,0.6777793765068054,0.3448565900325775,0.4917091727256775,0.6551434099674225,0.2859053909778595,0.4279336631298065,0.7140946090221405,0.2885024845600128,0.42814624309539795,0.7114975154399872,0.33803755044937134,0.4917800724506378,0.6619624495506287
private,1052,2,Fear,V22_CORRECT_V21_WRONG,True,True,0.349423348903656,0.4897959232330322,0.650576651096344,0.31234559416770935,0.46152210235595703,0.6876544058322906,0.24393104016780853,0.3705357015132904,0.7560689598321915,0.2832438051700592,0.42155611515045166,0.7167561948299408,0.39762604236602783,0.5494614839553833,0.6023739576339722
private,1055,3,Happy,V21_CORRECT_V22_WRONG,True,True,0.3500676155090332,0.4710884392261505,0.6499323844909668,0.42700982093811035,0.5750424861907959,0.5729901790618896,0.32162049412727356,0.46534863114356995,0.6783795058727264,0.28544360399246216,0.41411563754081726,0.7145563960075378,0.3244386315345764,0.47774946689605713,0.6755613684654236
private,1063,4,Sad,V22_CORRECT_V21_WRONG,True,True,0.3913905620574951,0.5038264989852905,0.6086094379425049,0.3275773823261261,0.46449828147888184,0.6724226176738739,0.19792205095291138,0.30548468232154846,0.8020779490470886,0.29765209555625916,0.4330357015132904,0.7023479044437408,0.40607893466949463,0.562216579914093,0.5939210653305054
private,1073,4,Sad,V22_CORRECT_V21_WRONG,True,True,0.38199934363365173,0.5102040767669678,0.6180006563663483,0.4480746388435364,0.5948129296302795,0.5519253611564636,0.24840228259563446,0.37988945841789246,0.7515977174043655,0.3033702075481415,0.42517006397247314,0.6966297924518585,0.45378392934799194,0.6079931855201721,0.5462160706520081
private,1078,5,Surprise,V21_CORRECT_V22_WRONG,True,True,0.39039865136146545,0.5102040767669678,0.6096013486385345,0.40621545910835266,0.5616496205329895,0.5937845408916473,0.37281402945518494,0.5197703838348389,0.6271859705448151,0.23720477521419525,0.3645833134651184,0.7627952247858047,0.41526201367378235,0.5729875564575195,0.5847379863262177
private,1082,3,Happy,V22_CORRECT_V21_WRONG,True,True,0.3858131170272827,0.5165815949440002,0.6141868829727173,0.32925301790237427,0.4723639488220215,0.6707469820976257,0.34743690490722656,0.49298468232154846,0.6525630950927734,0.286884605884552,0.42431971430778503,0.713115394115448,0.3210773468017578,0.4720804989337921,0.6789226531982422
private,1097,0,Angry,V21_CORRECT_V22_WRONG,True,True,0.44410020112991333,0.5820578336715698,0.5558997988700867,0.33843404054641724,0.4887329936027527,0.6615659594535828,0.2705021798610687,0.4026360511779785,0.7294978201389313,0.2510274052619934,0.37818875908851624,0.7489725947380066,0.4007534682750702,0.5629251599311829,0.5992465317249298
private,1100,4,Sad,V22_CORRECT_V21_WRONG,True,True,0.38472867012023926,0.5,0.6152713298797607,0.29465603828430176,0.43558672070503235,0.7053439617156982,0.17161718010902405,0.2795493006706238,0.828382819890976,0.27301642298698425,0.4053996503353119,0.7269835770130157,0.3768187463283539,0.5350056886672974,0.6231812536716461
private,1110,2,Fear,V22_CORRECT_V21_WRONG,True,True,0.31888505816459656,0.43409863114356995,0.6811149418354034,0.26923948526382446,0.39392006397247314,0.7307605147361755,0.30546924471855164,0.43792515993118286,0.6945307552814484,0.22352169454097748,0.34502550959587097,0.7764783054590225,0.33976200222969055,0.4961734712123871,0.6602379977703094
private,1116,6,Neutral,V22_CORRECT_V21_WRONG,True,True,0.40234309434890747,0.5199829936027527,0.5976569056510925,0.3494933247566223,0.4902210831642151,0.6505066752433777,0.25151321291923523,0.37818875908851624,0.7484867870807648,0.22675761580467224,0.34332481026649475,0.7732423841953278,0.36842721700668335,0.5242347121238708,0.6315727829933167
private,1121,2,Fear,V21_CORRECT_V22_WRONG,True,True,0.3622979521751404,0.49362245202064514,0.6377020478248596,0.35069453716278076,0.5019132494926453,0.6493054628372192,0.2668107748031616,0.41092684864997864,0.7331892251968384,0.24593479931354523,0.3811649680137634,0.7540652006864548,0.3451846241950989,0.5036848187446594,0.6548153758049011
private,1124,4,Sad,V22_CORRECT_V21_WRONG,True,True,0.3155190348625183,0.4413265287876129,0.6844809651374817,0.3022362291812897,0.44897958636283875,0.6977637708187103,0.26099032163619995,0.395620733499527,0.7390096783638,0.2540735602378845,0.38945576548576355,0.7459264397621155,0.3780445456504822,0.5398243069648743,0.6219554543495178
private,1129,5,Surprise,V21_CORRECT_V22_WRONG,True,False,0.4434877634048462,0.5850340127944946,0.5565122365951538,0.43811750411987305,0.5782312750816345,0.561882495880127,0.2115812450647354,0.33290815353393555,0.7884187549352646,0.1871342808008194,0.29740646481513977,0.8128657191991806,0.38868167996406555,0.5518707633018494,0.6113183200359344
private,1140,4,Sad,V21_CORRECT_V22_WRONG,True,True,0.26578348875045776,0.37755101919174194,0.7342165112495422,0.34775224328041077,0.49957481026649475,0.6522477567195892,0.32481637597084045,0.4693877398967743,0.6751836240291595,0.2717481851577759,0.3966836631298065,0.7282518148422241,0.36151131987571716,0.509353756904602,0.6384886801242828
private,1146,0,Angry,V22_CORRECT_V21_WRONG,True,True,0.32794153690338135,0.44302719831466675,0.6720584630966187,0.3024367690086365,0.44812923669815063,0.6975632309913635,0.20636263489723206,0.3199404776096344,0.7936373651027679,0.22529152035713196,0.3428996503353119,0.774708479642868,0.3556823134422302,0.5126134157180786,0.6443176865577698
private,1147,0,Angry,V22_CORRECT_V21_WRONG,True,True,0.39790278673171997,0.5085033774375916,0.60209721326828,0.38584038615226746,0.5410289168357849,0.6141596138477325,0.3021734654903412,0.44897958636283875,0.6978265345096588,0.21565485000610352,0.3386479616165161,0.7843451499938965,0.37820038199424744,0.538123607635498,0.6217996180057526
private,1151,2,Fear,V21_CORRECT_V22_WRONG,True,True,0.3349107503890991,0.46598637104034424,0.6650892496109009,0.2840338945388794,0.4262329936027527,0.7159661054611206,0.28384077548980713,0.42665815353393555,0.7161592245101929,0.252609521150589,0.39030611515045166,0.747390478849411,0.35541054606437683,0.5102040767669678,0.6445894539356232
private,1156,2,Fear,V21_CORRECT_V22_WRONG,True,True,0.4260358512401581,0.5565475821495056,0.5739641487598419,0.3589504659175873,0.5076530575752258,0.6410495340824127,0.2619670331478119,0.3862670063972473,0.7380329668521881,0.3120943307876587,0.45790815353393555,0.6879056692123413,0.3191896378993988,0.46981292963027954,0.6808103621006012
private,1158,4,Sad,V21_CORRECT_V22_WRONG,True,True,0.4733732044696808,0.6016156077384949,0.5266267955303192,0.36213427782058716,0.514668345451355,0.6378657221794128,0.2799196243286133,0.4130527079105377,0.7200803756713867,0.28436118364334106,0.4181547462940216,0.7156388163566589,0.41721177101135254,0.5654761791229248,0.5827882289886475
private,1159,4,Sad,V21_CORRECT_V22_WRONG,True,True,0.30713650584220886,0.4375,0.6928634941577911,0.3296525478363037,0.47937923669815063,0.6703474521636963,0.2947077453136444,0.43473637104034424,0.7052922546863556,0.2848508954048157,0.42665815353393555,0.7151491045951843,0.406762957572937,0.5661848187446594,0.593237042427063
private,1160,5,Surprise,V21_CORRECT_V22_WRONG,True,True,0.40414443612098694,0.5280612111091614,0.5958555638790131,0.4008176028728485,0.5546343326568604,0.5991823971271515,0.29316720366477966,0.4330357015132904,0.7068327963352203,0.23878836631774902,0.3705357015132904,0.761211633682251,0.34193649888038635,0.49730727076530457,0.6580635011196136
private,1176,2,Fear,V22_CORRECT_V21_WRONG,True,True,0.3275512158870697,0.4485544264316559,0.6724487841129303,0.3890467584133148,0.5376275181770325,0.6109532415866852,0.2810422480106354,0.4202806055545807,0.7189577519893646,0.30513206124305725,0.44749149680137634,0.6948679387569427,0.3885591924190521,0.5490362644195557,0.6114408075809479
private,1184,6,Neutral,V22_CORRECT_V21_WRONG,True,True,0.3586292862892151,0.483418345451355,0.6413707137107849,0.4391735792160034,0.5873724222183228,0.5608264207839966,0.3036189377307892,0.43920066952705383,0.6963810622692108,0.31515803933143616,0.4589710831642151,0.6848419606685638,0.30093061923980713,0.45393994450569153,0.6990693807601929
private,1186,5,Surprise,V21_CORRECT_V22_WRONG,True,True,0.4164341390132904,0.5416666269302368,0.5835658609867096,0.39975011348724365,0.5391156077384949,0.6002498865127563,0.24967257678508759,0.3711734712123871,0.7503274232149124,0.24801993370056152,0.36415815353393555,0.7519800662994385,0.34224918484687805,0.4978741407394409,0.657750815153122
private,1198,4,Sad,V21_CORRECT_V22_WRONG,True,True,0.36535996198654175,0.48256802558898926,0.6346400380134583,0.34526994824409485,0.4910714328289032,0.6547300517559052,0.23192331194877625,0.35990646481513977,0.7680766880512238,0.25538256764411926,0.3869047462940216,0.7446174323558807,0.40245959162712097,0.5622166395187378,0.597540408372879
private,1200,2,Fear,V21_CORRECT_V22_WRONG,True,True,0.30576348304748535,0.4217686951160431,0.6942365169525146,0.34446457028388977,0.49277210235595703,0.6555354297161102,0.23603110015392303,0.36862245202064514,0.763968899846077,0.2850833237171173,0.43176019191741943,0.7149166762828827,0.28722772002220154,0.4336735010147095,0.7127722799777985
private,1219,4,Sad,V22_CORRECT_V21_WRONG,True,True,0.3816068470478058,0.5076530575752258,0.6183931529521942,0.4042501449584961,0.5554847121238708,0.5957498550415039,0.239394873380661,0.36649659276008606,0.760605126619339,0.20964474976062775,0.3252550959587097,0.7903552502393723,0.3542158901691437,0.5085033774375916,0.6457841098308563
private,1222,3,Happy,V22_CORRECT_V21_WRONG,True,True,0.31263214349746704,0.4306972622871399,0.687367856502533,0.29436638951301575,0.4345237910747528,0.7056336104869843,0.2651653289794922,0.39625850319862366,0.7348346710205078,0.3049379289150238,0.43728742003440857,0.6950620710849762,0.3467632532119751,0.5062358379364014,0.6532367467880249
private,1230,4,Sad,V21_CORRECT_V22_WRONG,True,True,0.41847527027130127,0.5395408272743225,0.5815247297286987,0.28520137071609497,0.41560372710227966,0.714798629283905,0.15732908248901367,0.2491496503353119,0.8426709175109863,0.2723398506641388,0.3973214328289032,0.7276601493358612,0.36145687103271484,0.5153061151504517,0.6385431289672852
private,1247,4,Sad,V22_CORRECT_V21_WRONG,True,True,0.40833234786987305,0.5276360511779785,0.591667652130127,0.3806104063987732,0.5267857313156128,0.6193895936012268,0.25851231813430786,0.3809523582458496,0.7414876818656921,0.15725083649158478,0.25935372710227966,0.8427491635084152,0.32475170493125916,0.4798752963542938,0.6752482950687408
private,1261,2,Fear,V22_CORRECT_V21_WRONG,True,True,0.37757980823516846,0.5097789168357849,0.6224201917648315,0.41280269622802734,0.5686649680137634,0.5871973037719727,0.24579058587551117,0.37011054158210754,0.7542094141244888,0.2132909893989563,0.33375850319862366,0.7867090106010437,0.30053937435150146,0.4482709765434265,0.6994606256484985
private,1262,0,Angry,V22_CORRECT_V21_WRONG,True,False,0.3609013855457306,0.47874149680137634,0.6390986144542694,0.35095223784446716,0.5012754797935486,0.6490477621555328,0.20955589413642883,0.3267431855201721,0.7904441058635712,0.3208145201206207,0.4625850319862366,0.6791854798793793,0.36428216099739075,0.5209750533103943,0.6357178390026093
private,1266,3,Happy,V21_CORRECT_V22_WRONG,True,True,0.3758091628551483,0.5106292366981506,0.6241908371448517,0.28045058250427246,0.4113520383834839,0.7195494174957275,0.26064783334732056,0.39774659276008606,0.7393521666526794,0.2899833619594574,0.42899659276008606,0.7100166380405426,0.33922284841537476,0.49319732189178467,0.6607771515846252
private,1267,3,Happy,V21_CORRECT_V22_WRONG,True,True,0.36901798844337463,0.49744898080825806,0.6309820115566254,0.44392549991607666,0.5967261791229248,0.5560745000839233,0.3710936903953552,0.5187074542045593,0.6289063096046448,0.21796712279319763,0.32716837525367737,0.7820328772068024,0.39000165462493896,0.545634925365448,0.609998345375061
private,1271,2,Fear,V22_CORRECT_V21_WRONG,False,False,0.3222206234931946,0.4562074840068817,0.6777793765068054,0.3448565602302551,0.4917091727256775,0.6551434397697449,0.2859053611755371,0.4279336631298065,0.7140946388244629,0.28850245475769043,0.42814624309539795,0.7114975452423096,0.33803755044937134,0.4917800724506378,0.6619624495506287
private,1278,5,Surprise,V22_CORRECT_V21_WRONG,True,True,0.3358910381793976,0.4591836631298065,0.6641089618206024,0.36310333013534546,0.5163690447807312,0.6368966698646545,0.20464187860488892,0.3267431855201721,0.7953581213951111,0.22655761241912842,0.35374149680137634,0.7734423875808716,0.31245675683021545,0.4692460596561432,0.6875432431697845
private,1279,4,Sad,V22_CORRECT_V21_WRONG,True,True,0.33275502920150757,0.4511054456233978,0.6672449707984924,0.26994723081588745,0.4124149680137634,0.7300527691841125,0.27837181091308594,0.41177719831466675,0.7216281890869141,0.21069379150867462,0.325892835855484,0.7893062084913254,0.34587371349334717,0.4980158805847168,0.6541262865066528
private,1284,2,Fear,V22_CORRECT_V21_WRONG,True,True,0.38893043994903564,0.5131802558898926,0.6110695600509644,0.3826881945133209,0.5318877696990967,0.6173118054866791,0.27476903796195984,0.41539114713668823,0.7252309620380402,0.27601003646850586,0.41390305757522583,0.7239899635314941,0.30708909034729004,0.46159300208091736,0.69291090965271
private,1290,0,Angry,V22_CORRECT_V21_WRONG,True,True,0.34555551409721375,0.47746598720550537,0.6544444859027863,0.36974576115608215,0.514668345451355,0.6302542388439178,0.3313053846359253,0.4604591727256775,0.6686946153640747,0.2285589873790741,0.3431122303009033,0.7714410126209259,0.3230990767478943,0.4798752963542938,0.6769009232521057
private,1293,4,Sad,V22_CORRECT_V21_WRONG,True,True,0.39846956729888916,0.5310373902320862,0.6015304327011108,0.4195789098739624,0.5707908272743225,0.5804210901260376,0.25767406821250916,0.37627550959587097,0.7423259317874908,0.21685321629047394,0.33142006397247314,0.7831467837095261,0.3601320683956146,0.5123299360275269,0.6398679316043854
private,1302,6,Neutral,V22_CORRECT_V21_WRONG,True,True,0.45259395241737366,0.5756802558898926,0.5474060475826263,0.39028501510620117,0.5369898080825806,0.6097149848937988,0.3157792091369629,0.44812923669815063,0.6842207908630371,0.31714797019958496,0.45195576548576355,0.682852029800415,0.3130958676338196,0.46173468232154846,0.6869041323661804
private,1308,4,Sad,V21_CORRECT_V22_WRONG,True,True,0.3433603346347809,0.4732142686843872,0.6566396653652191,0.41745421290397644,0.5739795565605164,0.5825457870960236,0.2714260220527649,0.40625,0.7285739779472351,0.29474765062332153,0.4345237910747528,0.7052523493766785,0.34187594056129456,0.4981576204299927,0.6581240594387054
private,1320,4,Sad,V22_CORRECT_V21_WRONG,True,True,0.36054375767707825,0.4749149680137634,0.6394562423229218,0.3807331919670105,0.5286989808082581,0.6192668080329895,0.2183070182800293,0.3405612111091614,0.7816929817199707,0.20744401216506958,0.32780611515045166,0.7925559878349304,0.37825095653533936,0.5352891087532043,0.6217490434646606
private,1322,6,Neutral,V22_CORRECT_V21_WRONG,True,True,0.42823541164398193,0.5607993006706238,0.5717645883560181,0.34857815504074097,0.502763569355011,0.651421844959259,0.27404558658599854,0.4092261791229248,0.7259544134140015,0.22926853597164154,0.3480016887187958,0.7707314640283585,0.318605899810791,0.4693877398967743,0.681394100189209
private,1326,2,Fear,V22_CORRECT_V21_WRONG,True,True,0.3705707788467407,0.4948979616165161,0.6294292211532593,0.36121928691864014,0.5082908272743225,0.6387807130813599,0.19899772107601166,0.3237670063972473,0.8010022789239883,0.32997557520866394,0.47130101919174194,0.6700244247913361,0.327926367521286,0.482851505279541,0.672073632478714
private,1328,2,Fear,V22_CORRECT_V21_WRONG,True,True,0.383163183927536,0.5144557952880859,0.616836816072464,0.36376067996025085,0.5125424861907959,0.6362393200397491,0.1753944456577301,0.27338436245918274,0.8246055543422699,0.33760789036750793,0.48405611515045166,0.6623921096324921,0.34217947721481323,0.49631524085998535,0.6578205227851868
private,1330,4,Sad,V22_CORRECT_V21_WRONG,True,True,0.33605125546455383,0.4485544264316559,0.6639487445354462,0.3391784429550171,0.47725337743759155,0.6608215570449829,0.27823981642723083,0.4083758294582367,0.7217601835727692,0.21266253292560577,0.3301445543766022,0.7873374670743942,0.3724909722805023,0.5320295095443726,0.6275090277194977
private,1340,0,Angry,V21_CORRECT_V22_WRONG,True,True,0.3552911877632141,0.4800170063972473,0.6447088122367859,0.3385692834854126,0.48681971430778503,0.6614307165145874,0.23766019940376282,0.36033162474632263,0.7623398005962372,0.23373724520206451,0.3669217526912689,0.7662627547979355,0.31292590498924255,0.4683957099914551,0.6870740950107574
private,1348,2,Fear,V22_CORRECT_V21_WRONG,True,True,0.3327394425868988,0.4604591727256775,0.6672605574131012,0.33495938777923584,0.48554420471191406,0.6650406122207642,0.27141237258911133,0.4045493006706238,0.7285876274108887,0.4037516117095947,0.5584608912467957,0.5962483882904053,0.3819357752799988,0.536281168460846,0.6180642247200012
private,1358,3,Happy,V22_CORRECT_V21_WRONG,True,True,0.37959715723991394,0.5051020383834839,0.6204028427600861,0.3171026408672333,0.46853742003440857,0.6828973591327667,0.2349143773317337,0.36033162474632263,0.7650856226682663,0.2541636824607849,0.38945576548576355,0.7458363175392151,0.3365274965763092,0.48767006397247314,0.6634725034236908
private,1395,4,Sad,V22_CORRECT_V21_WRONG,True,True,0.39402759075164795,0.5170068144798279,0.605972409248352,0.36898016929626465,0.5059523582458496,0.6310198307037354,0.29371896386146545,0.4366496503353119,0.7062810361385345,0.23934295773506165,0.3654336631298065,0.7606570422649384,0.29011401534080505,0.44189342856407166,0.709885984659195
private,1402,3,Happy,V21_CORRECT_V22_WRONG,True,True,0.410648375749588,0.5323129296302795,0.589351624250412,0.3328592777252197,0.4806547462940216,0.6671407222747803,0.3031379282474518,0.44153910875320435,0.6968620717525482,0.2710530161857605,0.4083758294582367,0.7289469838142395,0.33042824268341064,0.4862528443336487,0.6695717573165894
private,1403,2,Fear,V21_CORRECT_V22_WRONG,True,True,0.38981232047080994,0.5153061151504517,0.6101876795291901,0.2719266712665558,0.4143282175064087,0.7280733287334442,0.22461777925491333,0.34332481026649475,0.7753822207450867,0.2301306128501892,0.3539540767669678,0.7698693871498108,0.36781054735183716,0.524092972278595,0.6321894526481628
private,1412,6,Neutral,V22_CORRECT_V21_WRONG,True,True,0.42698171734809875,0.5480442047119141,0.5730182826519012,0.2425750344991684,0.37755101919174194,0.7574249655008316,0.19545651972293854,0.306547611951828,0.8045434802770615,0.28732097148895264,0.4277210831642151,0.7126790285110474,0.38478803634643555,0.5422335863113403,0.6152119636535645
private,1421,0,Angry,V22_CORRECT_V21_WRONG,True,True,0.3599148690700531,0.49574828147888184,0.6400851309299469,0.3540237247943878,0.5070152878761292,0.6459762752056122,0.2883242666721344,0.4217686951160431,0.7116757333278656,0.30290767550468445,0.4413265287876129,0.6970923244953156,0.44761282205581665,0.5977891087532043,0.5523871779441833
private,1432,4,Sad,V21_CORRECT_V22_WRONG,True,True,0.4043027460575104,0.5378401279449463,0.5956972539424896,0.38164466619491577,0.5410289168357849,0.6183553338050842,0.22621691226959229,0.3416241407394409,0.7737830877304077,0.2492455393075943,0.3718112111091614,0.7507544606924057,0.3449454605579376,0.4981576204299927,0.6550545394420624
private,1439,2,Fear,V21_CORRECT_V22_WRONG,True,True,0.35407981276512146,0.4859693646430969,0.6459201872348785,0.330790251493454,0.4740646183490753,0.669209748506546,0.25968196988105774,0.39689624309539795,0.7403180301189423,0.283627450466156,0.4187925159931183,0.716372549533844,0.25627401471138,0.39951813220977783,0.74372598528862
private,1441,4,Sad,V21_CORRECT_V22_WRONG,True,True,0.3424171209335327,0.4783163070678711,0.6575828790664673,0.34948408603668213,0.4993622303009033,0.6505159139633179,0.27255186438560486,0.4107142686843872,0.7274481356143951,0.30266934633255005,0.44685372710227966,0.69733065366745,0.3832080662250519,0.543083906173706,0.6167919337749481
private,1445,4,Sad,V21_CORRECT_V22_WRONG,True,True,0.3589746952056885,0.4863945543766022,0.6410253047943115,0.31318196654319763,0.46449828147888184,0.6868180334568024,0.27330654859542847,0.4115646183490753,0.7266934514045715,0.2458948940038681,0.37606292963027954,0.7541051059961319,0.4175580143928528,0.567176878452301,0.5824419856071472
private,1446,4,Sad,V22_CORRECT_V21_WRONG,True,True,0.45648181438446045,0.5782312750816345,0.5435181856155396,0.3364318907260895,0.4798044264316559,0.6635681092739105,0.21428558230400085,0.32844388484954834,0.7857144176959991,0.2366589903831482,0.3645833134651184,0.7633410096168518,0.3622629940509796,0.5201247930526733,0.6377370059490204
private,1450,2,Fear,V21_CORRECT_V22_WRONG,True,True,0.34766191244125366,0.46598637104034424,0.6523380875587463,0.3038701117038727,0.450892835855484,0.6961298882961273,0.2070423811674118,0.32993197441101074,0.7929576188325882,0.2730051577091217,0.4128401279449463,0.7269948422908783,0.34594279527664185,0.4991496503353119,0.6540572047233582
private,1451,4,Sad,V21_CORRECT_V22_WRONG,True,True,0.3369213044643402,0.47066324949264526,0.6630786955356598,0.35405975580215454,0.4963860511779785,0.6459402441978455,0.3541993498802185,0.5091411471366882,0.6458006501197815,0.313296914100647,0.44834181666374207,0.686703085899353,0.38542741537094116,0.5473356246948242,0.6145725846290588
private,1454,4,Sad,V22_CORRECT_V21_WRONG,True,True,0.32100093364715576,0.4447278678417206,0.6789990663528442,0.2997978925704956,0.44834181666374207,0.7002021074295044,0.3031459450721741,0.450892835855484,0.6968540549278259,0.3522082269191742,0.5034013390541077,0.6477917730808258,0.358519971370697,0.5195578336715698,0.641480028629303
private,1458,2,Fear,V22_CORRECT_V21_WRONG,True,True,0.36770790815353394,0.5012754797935486,0.6322920918464661,0.3392591178417206,0.48320576548576355,0.6607408821582794,0.27279672026634216,0.39838433265686035,0.7272032797336578,0.26810744404792786,0.3830782175064087,0.7318925559520721,0.29275447130203247,0.44075965881347656,0.7072455286979675
private,1466,1,Disgust,V21_CORRECT_V22_WRONG,True,True,0.37300145626068115,0.49574828147888184,0.6269985437393188,0.3662845194339752,0.5197703838348389,0.6337154805660248,0.2312372326850891,0.3609693944454193,0.7687627673149109,0.2671266794204712,0.39987245202064514,0.7328733205795288,0.3431084156036377,0.5001417398452759,0.6568915843963623
private,1467,6,Neutral,V22_CORRECT_V21_WRONG,True,True,0.37626591324806213,0.4948979616165161,0.6237340867519379,0.31299060583114624,0.456845223903656,0.6870093941688538,0.2351902574300766,0.3550170063972473,0.7648097425699234,0.25704413652420044,0.3892431855201721,0.7429558634757996,0.38335278630256653,0.5405329465866089,0.6166472136974335
private,1468,4,Sad,V21_CORRECT_V22_WRONG,True,True,0.3870035409927368,0.5170068144798279,0.6129964590072632,0.27453720569610596,0.40943875908851624,0.725462794303894,0.3089815676212311,0.4576955735683441,0.6910184323787689,0.24869614839553833,0.38371598720550537,0.7513038516044617,0.35050836205482483,0.4990079700946808,0.6494916379451752
private,1470,6,Neutral,V22_CORRECT_V21_WRONG,True,True,0.3480938673019409,0.4672618806362152,0.6519061326980591,0.34971123933792114,0.49000850319862366,0.6502887606620789,0.208553746342659,0.3148384392261505,0.791446253657341,0.23654329776763916,0.3541666567325592,0.7634567022323608,0.3766792118549347,0.5388321876525879,0.6233207881450653
private,1473,4,Sad,V21_CORRECT_V22_WRONG,True,True,0.41278162598609924,0.5382652878761292,0.5872183740139008,0.3546750843524933,0.49277210235595703,0.6453249156475067,0.27231699228286743,0.4045493006706238,0.7276830077171326,0.2451753169298172,0.3758503198623657,0.7548246830701828,0.3218872845172882,0.4733560085296631,0.6781127154827118
private,1475,2,Fear,V22_CORRECT_V21_WRONG,True,True,0.38228264451026917,0.5174319744110107,0.6177173554897308,0.33094701170921326,0.47789114713668823,0.6690529882907867,0.27746647596359253,0.4151785671710968,0.7225335240364075,0.28918150067329407,0.41921767592430115,0.7108184993267059,0.3722291588783264,0.5272108912467957,0.6277708411216736
private,1492,2,Fear,V21_CORRECT_V22_WRONG,True,True,0.3484663665294647,0.4642857015132904,0.6515336334705353,0.31825751066207886,0.4591836631298065,0.6817424893379211,0.28565436601638794,0.42155611515045166,0.7143456339836121,0.245558500289917,0.3779761791229248,0.754441499710083,0.39687833189964294,0.5537131428718567,0.6031216681003571
private,1493,4,Sad,V22_CORRECT_V21_WRONG,True,True,0.40100595355033875,0.5352891087532043,0.5989940464496613,0.2911684811115265,0.4323979616165161,0.7088315188884735,0.30636847019195557,0.4491921663284302,0.6936315298080444,0.18597134947776794,0.2997449040412903,0.8140286505222321,0.3724757432937622,0.5252267718315125,0.6275242567062378
private,1497,4,Sad,V21_CORRECT_V22_WRONG,True,True,0.41203072667121887,0.5471938848495483,0.5879692733287811,0.39798372983932495,0.5372023582458496,0.602016270160675,0.2660292387008667,0.3934949040412903,0.7339707612991333,0.2884398102760315,0.4068877398967743,0.7115601897239685,0.3183044493198395,0.4674036502838135,0.6816955506801605
private,1498,0,Angry,V22_CORRECT_V21_WRONG,True,True,0.361723393201828,0.489370733499527,0.638276606798172,0.30372458696365356,0.44600337743759155,0.6962754130363464,0.21231891214847565,0.3267431855201721,0.7876810878515244,0.30685046315193176,0.44749149680137634,0.6931495368480682,0.38581615686416626,0.545351505279541,0.6141838431358337
private,1513,4,Sad,V21_CORRECT_V22_WRONG,True,True,0.3351421058177948,0.4693877398967743,0.6648578941822052,0.36808520555496216,0.5106292366981506,0.6319147944450378,0.30460768938064575,0.45131802558898926,0.6953923106193542,0.20896509289741516,0.32695576548576355,0.7910349071025848,0.3479650020599365,0.5065192580223083,0.6520349979400635
private,1531,0,Angry,V21_CORRECT_V22_WRONG,True,True,0.4271853566169739,0.5650510191917419,0.5728146433830261,0.5389714241027832,0.6758078336715698,0.4610285758972168,0.41794803738594055,0.5567601919174194,0.5820519626140594,0.20870736241340637,0.32461732625961304,0.7912926375865936,0.325326144695282,0.4783163070678711,0.674673855304718
private,1536,6,Neutral,V21_CORRECT_V22_WRONG,True,True,0.34791868925094604,0.4753401279449463,0.652081310749054,0.2847372591495514,0.42602041363716125,0.7152627408504486,0.2958364486694336,0.43707481026649475,0.7041635513305664,0.2855106592178345,0.4105016887187958,0.7144893407821655,0.36350390315055847,0.5184240341186523,0.6364960968494415
private,1546,3,Happy,V22_CORRECT_V21_WRONG,True,True,0.37108802795410156,0.5029761791229248,0.6289119720458984,0.3948509097099304,0.5471938848495483,0.6051490902900696,0.35420697927474976,0.5057398080825806,0.6457930207252502,0.3230748772621155,0.46619898080825806,0.6769251227378845,0.35356658697128296,0.5034013986587524,0.646433413028717
private,1547,3,Happy,V21_CORRECT_V22_WRONG,True,True,0.30498170852661133,0.41326528787612915,0.6950182914733887,0.3172285556793213,0.4702380895614624,0.6827714443206787,0.2956777811050415,0.42219385504722595,0.7043222188949585,0.2490568608045578,0.3756377398967743,0.7509431391954422,0.35685572028160095,0.5175737142562866,0.643144279718399
private,1552,2,Fear,V22_CORRECT_V21_WRONG,True,True,0.3611065447330475,0.49064624309539795,0.6388934552669525,0.3676416873931885,0.5221088528633118,0.6323583126068115,0.2661344110965729,0.39477041363716125,0.7338655889034271,0.28200456500053406,0.41092684864997864,0.7179954349994659,0.36235547065734863,0.5248016119003296,0.6376445293426514
private,1563,5,Surprise,V21_CORRECT_V22_WRONG,True,False,0.36793282628059387,0.507227897644043,0.6320671737194061,0.34141990542411804,0.4908588230609894,0.658580094575882,0.24351593852043152,0.37372449040412903,0.7564840614795685,0.30923476815223694,0.44217684864997864,0.6907652318477631,0.36324143409729004,0.5235260725021362,0.63675856590271
private,1572,6,Neutral,V21_CORRECT_V22_WRONG,True,True,0.3832995295524597,0.5165815949440002,0.6167004704475403,0.31553182005882263,0.4649234712123871,0.6844681799411774,0.291946142911911,0.41496598720550537,0.708053857088089,0.3294612169265747,0.47874149680137634,0.6705387830734253,0.3393652141094208,0.49135491251945496,0.6606347858905792
private,1579,4,Sad,V22_CORRECT_V21_WRONG,True,True,0.4082700312137604,0.534013569355011,0.5917299687862396,0.3480217456817627,0.49808672070503235,0.6519782543182373,0.3146912157535553,0.4562074840068817,0.6853087842464447,0.2838180363178253,0.4238945543766022,0.7161819636821747,0.3420918583869934,0.4988662302494049,0.6579081416130066
private,1582,6,Neutral,V21_CORRECT_V22_WRONG,True,True,0.40163102746009827,0.5327380895614624,0.5983689725399017,0.3272205889225006,0.47278910875320435,0.6727794110774994,0.20613622665405273,0.3265306055545807,0.7938637733459473,0.2932083010673523,0.4321853518486023,0.7067916989326477,0.35390418767929077,0.5106292366981506,0.6460958123207092
private,1591,0,Angry,V21_CORRECT_V22_WRONG,True,True,0.30591917037963867,0.41624149680137634,0.6940808296203613,0.336718887090683,0.4889455735683441,0.663281112909317,0.3815532326698303,0.5365645885467529,0.6184467673301697,0.27815988659858704,0.4130527079105377,0.721840113401413,0.2918487787246704,0.4386337995529175,0.7081512212753296
private,1602,6,Neutral,V22_CORRECT_V21_WRONG,True,True,0.40146052837371826,0.5225340127944946,0.5985394716262817,0.36837080121040344,0.5068027377128601,0.6316291987895966,0.21974731981754303,0.34863945841789246,0.780252680182457,0.25923484563827515,0.38881802558898926,0.7407651543617249,0.34456223249435425,0.5028344988822937,0.6554377675056458
private,1624,4,Sad,V22_CORRECT_V21_WRONG,True,True,0.26977890729904175,0.3877550959587097,0.7302210927009583,0.35124802589416504,0.4991496503353119,0.648751974105835,0.2900439202785492,0.426870733499527,0.7099560797214508,0.25856614112854004,0.38796767592430115,0.74143385887146,0.36769336462020874,0.5304705500602722,0.6323066353797913
private,1625,3,Happy,V22_CORRECT_V21_WRONG,True,True,0.39750176668167114,0.5306122303009033,0.6024982333183289,0.4081031084060669,0.5561224222183228,0.5918968915939331,0.3228045105934143,0.4770407974720001,0.6771954894065857,0.3172970116138458,0.46237245202064514,0.6827029883861542,0.31047365069389343,0.4620181620121002,0.6895263493061066
private,1630,4,Sad,V21_CORRECT_V22_WRONG,True,True,0.3480648696422577,0.4851190447807312,0.6519351303577423,0.42687785625457764,0.5858843326568604,0.5731221437454224,0.3309420645236969,0.4827806055545807,0.6690579354763031,0.2490956336259842,0.3711734712123871,0.7509043663740158,0.41326338052749634,0.5636337995529175,0.5867366194725037
private,1644,4,Sad,V22_CORRECT_V21_WRONG,True,True,0.39280423521995544,0.5191326141357422,0.6071957647800446,0.30986955761909485,0.4574829936027527,0.6901304423809052,0.3252302408218384,0.47342684864997864,0.6747697591781616,0.2831529378890991,0.41772958636283875,0.7168470621109009,0.35195034742355347,0.5103458166122437,0.6480496525764465
private,1649,3,Happy,V22_CORRECT_V21_WRONG,True,True,0.3041563332080841,0.4272959232330322,0.6958436667919159,0.3054789900779724,0.44005101919174194,0.6945210099220276,0.3037261962890625,0.44812923669815063,0.6962738037109375,0.3365150988101959,0.4800170063972473,0.6634849011898041,0.3305341303348541,0.4871031939983368,0.6694658696651459
private,1654,6,Neutral,V21_CORRECT_V22_WRONG,True,True,0.455670028924942,0.5756802558898926,0.544329971075058,0.3831474483013153,0.5361394286155701,0.6168525516986847,0.30299538373947144,0.42963433265686035,0.6970046162605286,0.3006930947303772,0.4360119104385376,0.6993069052696228,0.3459855020046234,0.5024093389511108,0.6540144979953766
private,1662,4,Sad,V21_CORRECT_V22_WRONG,True,True,0.35567858815193176,0.47576528787612915,0.6443214118480682,0.37179091572761536,0.524022102355957,0.6282090842723846,0.26854175329208374,0.401573121547699,0.7314582467079163,0.28154683113098145,0.43048468232154846,0.7184531688690186,0.34455424547195435,0.5072279572486877,0.6554457545280457
private,1671,4,Sad,V21_CORRECT_V22_WRONG,True,True,0.3966074287891388,0.5437924861907959,0.6033925712108612,0.3919920027256012,0.5416666269302368,0.6080079972743988,0.3308752477169037,0.4761904776096344,0.6691247522830963,0.3158155381679535,0.426870733499527,0.6841844618320465,0.28944867849349976,0.4244614541530609,0.7105513215065002
private,1673,2,Fear,V21_CORRECT_V22_WRONG,True,True,0.37207281589508057,0.4970237910747528,0.6279271841049194,0.355866402387619,0.5163690447807312,0.644133597612381,0.20885448157787323,0.33227041363716125,0.7911455184221268,0.31726205348968506,0.45727041363716125,0.6827379465103149,0.3613065183162689,0.5211167931556702,0.6386934816837311
private,1677,4,Sad,V21_CORRECT_V22_WRONG,True,True,0.3117161989212036,0.431547611951828,0.6882838010787964,0.38933950662612915,0.5446428656578064,0.6106604933738708,0.27114489674568176,0.39902210235595703,0.7288551032543182,0.32775965332984924,0.4636479616165161,0.6722403466701508,0.3061777651309967,0.45479026436805725,0.6938222348690033
private,1680,0,Angry,V21_CORRECT_V22_WRONG,True,True,0.3259787857532501,0.4413265287876129,0.6740212142467499,0.39572253823280334,0.5544217824935913,0.6042774617671967,0.4253844916820526,0.5831207633018494,0.5746155083179474,0.31948503851890564,0.46534863114356995,0.6805149614810944,0.34763744473457336,0.5056689381599426,0.6523625552654266
private,1688,0,Angry,V22_CORRECT_V21_WRONG,True,True,0.35113149881362915,0.4732142686843872,0.6488685011863708,0.2910432815551758,0.43027210235595703,0.7089567184448242,0.2984183728694916,0.4283588230609894,0.7015816271305084,0.23662914335727692,0.36798468232154846,0.7633708566427231,0.40423592925071716,0.5609410405158997,0.5957640707492828
private,1691,0,Angry,V21_CORRECT_V22_WRONG,True,True,0.34463730454444885,0.4710884392261505,0.6553626954555511,0.34104856848716736,0.4948979616165161,0.6589514315128326,0.24377049505710602,0.3609693944454193,0.756229504942894,0.2879078984260559,0.4092261791229248,0.7120921015739441,0.37745407223701477,0.5328798890113831,0.6225459277629852
private,1693,3,Happy,V21_CORRECT_V22_WRONG,True,True,0.37514859437942505,0.5178571343421936,0.624851405620575,0.39751172065734863,0.5535714030265808,0.6024882793426514,0.2302747368812561,0.35374149680137634,0.7697252631187439,0.30276113748550415,0.4447278678417206,0.6972388625144958,0.3342568278312683,0.4899376928806305,0.6657431721687317
private,1694,6,Neutral,V21_CORRECT_V22_WRONG,True,True,0.40458744764328003,0.5323129296302795,0.59541255235672,0.35664236545562744,0.5104166269302368,0.6433576345443726,0.30364465713500977,0.43494898080825806,0.6963553428649902,0.30549412965774536,0.43856292963027954,0.6945058703422546,0.3773214817047119,0.5364229083061218,0.6226785182952881
private,1702,2,Fear,V21_CORRECT_V22_WRONG,True,True,0.3611507713794708,0.48681971430778503,0.6388492286205292,0.3802783191204071,0.5318877696990967,0.6197216808795929,0.32840675115585327,0.4657737910747528,0.6715932488441467,0.32584044337272644,0.4562074840068817,0.6741595566272736,0.3546368479728699,0.5121882557868958,0.6453631520271301
private,1705,4,Sad,V21_CORRECT_V22_WRONG,True,True,0.32856887578964233,0.4596088230609894,0.6714311242103577,0.25329628586769104,0.389668345451355,0.746703714132309,0.2431529313325882,0.37606292963027954,0.7568470686674118,0.30281394720077515,0.4440901279449463,0.6971860527992249,0.3670395612716675,0.5277777910232544,0.6329604387283325
private,1706,5,Surprise,V22_CORRECT_V21_WRONG,True,True,0.3986278176307678,0.5221088528633118,0.6013721823692322,0.38372600078582764,0.5397533774375916,0.6162739992141724,0.33408477902412415,0.48703229427337646,0.6659152209758759,0.2579074501991272,0.3890306055545807,0.7420925498008728,0.2871382236480713,0.4227607846260071,0.7128617763519287
private,1710,6,Neutral,V22_CORRECT_V21_WRONG,True,True,0.3203400671482086,0.4353741407394409,0.6796599328517914,0.33991995453834534,0.49128401279449463,0.6600800454616547,0.3427695333957672,0.494047611951828,0.6572304666042328,0.27075669169425964,0.3913690447807312,0.7292433083057404,0.3042876124382019,0.45564061403274536,0.6957123875617981
private,1721,3,Happy,V22_CORRECT_V21_WRONG,True,True,0.3508823812007904,0.4744897782802582,0.6491176187992096,0.35246390104293823,0.4985118806362152,0.6475360989570618,0.2833545207977295,0.4211309552192688,0.7166454792022705,0.30990350246429443,0.4530186951160431,0.6900964975357056,0.3922845721244812,0.5511621832847595,0.6077154278755188
private,1722,2,Fear,V22_CORRECT_V21_WRONG,True,True,0.4010934829711914,0.5352891087532043,0.5989065170288086,0.4362667202949524,0.5850340127944946,0.5637332797050476,0.28191861510276794,0.4232567846775055,0.7180813848972321,0.2846854627132416,0.4262329936027527,0.7153145372867584,0.3367944359779358,0.4937642216682434,0.6632055640220642
private,1730,0,Angry,V21_CORRECT_V22_WRONG,True,True,0.33553755283355713,0.4604591727256775,0.6644624471664429,0.307865172624588,0.4530186951160431,0.692134827375412,0.26726818084716797,0.3988095223903656,0.732731819152832,0.2889260947704315,0.43409863114356995,0.7110739052295685,0.395572304725647,0.5547052621841431,0.604427695274353
private,1734,4,Sad,V21_CORRECT_V22_WRONG,True,True,0.3865179419517517,0.5216836333274841,0.6134820580482483,0.3035331070423126,0.4500425159931183,0.6964668929576874,0.265760600566864,0.39306971430778503,0.734239399433136,0.24468165636062622,0.37244898080825806,0.7553183436393738,0.35492008924484253,0.509353756904602,0.6450799107551575
private,1737,3,Happy,V22_CORRECT_V21_WRONG,True,True,0.34781959652900696,0.47576528787612915,0.652180403470993,0.32420051097869873,0.47002550959587097,0.6757994890213013,0.3012314736843109,0.4426020383834839,0.6987685263156891,0.329843670129776,0.4836309552192688,0.670156329870224,0.33529728651046753,0.48852038383483887,0.6647027134895325
private,1746,3,Happy,V21_CORRECT_V22_WRONG,True,True,0.3459436893463135,0.4681122303009033,0.6540563106536865,0.4245164096355438,0.5833333134651184,0.5754835903644562,0.2822342813014984,0.42283162474632263,0.7177657186985016,0.3274507522583008,0.46683672070503235,0.6725492477416992,0.3471442461013794,0.4998582899570465,0.6528557538986206
private,1769,4,Sad,V21_CORRECT_V22_WRONG,True,True,0.3336978256702423,0.47193875908851624,0.6663021743297577,0.3467314839363098,0.49808672070503235,0.6532685160636902,0.33153942227363586,0.46747449040412903,0.6684605777263641,0.19606907665729523,0.3086734712123871,0.8039309233427048,0.36260855197906494,0.5161564350128174,0.6373914480209351
private,1771,0,Angry,V21_CORRECT_V22_WRONG,True,True,0.3233560025691986,0.4306972622871399,0.6766439974308014,0.3759685158729553,0.5157312750816345,0.6240314841270447,0.30286285281181335,0.4277210831642151,0.6971371471881866,0.32948675751686096,0.45259353518486023,0.670513242483139,0.29837971925735474,0.44784581661224365,0.7016202807426453
private,1775,1,Disgust,V22_CORRECT_V21_WRONG,True,True,0.41579002141952515,0.5212584733963013,0.5842099785804749,0.26797884702682495,0.39987245202064514,0.732021152973175,0.30141395330429077,0.42814624309539795,0.6985860466957092,0.22447484731674194,0.35140305757522583,0.7755251526832581,0.4480988383293152,0.6010487675666809,0.5519011616706848
private,1776,2,Fear,V22_CORRECT_V21_WRONG,True,True,0.3676646053791046,0.49659863114356995,0.6323353946208954,0.334476500749588,0.4866071343421936,0.665523499250412,0.22617781162261963,0.3503401279449463,0.7738221883773804,0.26172012090682983,0.40369898080825806,0.7382798790931702,0.3722952902317047,0.526218831539154,0.6277047097682953
private,1778,4,Sad,V21_CORRECT_V22_WRONG,True,True,0.28563976287841797,0.4115646183490753,0.714360237121582,0.29684579372406006,0.43176019191741943,0.7031542062759399,0.1993321180343628,0.30165815353393555,0.8006678819656372,0.22434210777282715,0.3499149680137634,0.7756578922271729,0.34229135513305664,0.49858278036117554,0.6577086448669434
private,1784,3,Happy,V21_CORRECT_V22_WRONG,True,True,0.32801082730293274,0.4464285671710968,0.6719891726970673,0.2682008147239685,0.3994472622871399,0.7317991852760315,0.29770374298095703,0.431547611951828,0.702296257019043,0.25287601351737976,0.37627550959587097,0.7471239864826202,0.38356712460517883,0.5408163070678711,0.6164328753948212
private,1791,4,Sad,V22_CORRECT_V21_WRONG,True,True,0.37178364396095276,0.4897959232330322,0.6282163560390472,0.35491642355918884,0.512117326259613,0.6450835764408112,0.25028616189956665,0.3847789168357849,0.7497138381004333,0.2798844873905182,0.41028910875320435,0.7201155126094818,0.3971211612224579,0.5578231811523438,0.6028788387775421
private,1792,4,Sad,V22_CORRECT_V21_WRONG,True,True,0.35976138710975647,0.4791666567325592,0.6402386128902435,0.31184354424476624,0.46173468232154846,0.6881564557552338,0.3095788061618805,0.4500425159931183,0.6904211938381195,0.2478201985359192,0.3830782175064087,0.7521798014640808,0.40777501463890076,0.5654761791229248,0.5922249853610992
private,1797,4,Sad,V21_CORRECT_V22_WRONG,True,True,0.36928021907806396,0.504676878452301,0.630719780921936,0.30838742852211,0.45642006397247314,0.69161257147789,0.26008230447769165,0.39859694242477417,0.7399176955223083,0.26928943395614624,0.4026360511779785,0.7307105660438538,0.3989732563495636,0.5372732877731323,0.6010267436504364
private,1805,6,Neutral,V22_CORRECT_V21_WRONG,True,True,0.440910279750824,0.5731292366981506,0.559089720249176,0.36222735047340393,0.5155187249183655,0.6377726495265961,0.22499138116836548,0.34481292963027954,0.7750086188316345,0.24164840579032898,0.36649659276008606,0.758351594209671,0.35092848539352417,0.5073696374893188,0.6490715146064758
private,1817,0,Angry,V21_CORRECT_V22_WRONG,True,True,0.4179617464542389,0.5667517185211182,0.5820382535457611,0.41430726647377014,0.5680271983146667,0.5856927335262299,0.2894950211048126,0.43261054158210754,0.7105049788951874,0.21315303444862366,0.3405612111091614,0.7868469655513763,0.3122707009315491,0.4674036502838135,0.6877292990684509
private,1819,2,Fear,V21_CORRECT_V22_WRONG,True,True,0.3827669322490692,0.507227897644043,0.6172330677509308,0.38691237568855286,0.534013569355011,0.6130876243114471,0.14897488057613373,0.24149659276008606,0.8510251194238663,0.3606548011302948,0.5078656077384949,0.6393451988697052,0.31738585233688354,0.4710884392261505,0.6826141476631165
private,1822,2,Fear,V22_CORRECT_V21_WRONG,True,True,0.39303073287010193,0.5140305757522583,0.6069692671298981,0.31733646988868713,0.4553571343421936,0.6826635301113129,0.2648044526576996,0.4047619104385376,0.7351955473423004,0.2225922793149948,0.3414115607738495,0.7774077206850052,0.3580985367298126,0.5117630362510681,0.6419014632701874
private,1831,3,Happy,V22_CORRECT_V21_WRONG,True,True,0.37737199664115906,0.5034013390541077,0.6226280033588409,0.30190157890319824,0.4477040767669678,0.6980984210968018,0.3219752907752991,0.46683672070503235,0.6780247092247009,0.32298532128334045,0.46598637104034424,0.6770146787166595,0.3886353671550751,0.5508787035942078,0.6113646328449249
private,1839,4,Sad,V21_CORRECT_V22_WRONG,True,True,0.36046507954597473,0.488095223903656,0.6395349204540253,0.4424125552177429,0.601190447807312,0.5575874447822571,0.24079017341136932,0.3624574840068817,0.7592098265886307,0.30752989649772644,0.45344385504722595,0.6924701035022736,0.32581043243408203,0.48540252447128296,0.674189567565918
private,1844,0,Angry,V22_CORRECT_V21_WRONG,True,True,0.39714285731315613,0.5301870703697205,0.6028571426868439,0.3121909201145172,0.46088433265686035,0.6878090798854828,0.30935153365135193,0.45195576548576355,0.6906484663486481,0.267327219247818,0.4105016887187958,0.732672780752182,0.3280658721923828,0.4852607846260071,0.6719341278076172
private,1849,6,Neutral,V22_CORRECT_V21_WRONG,True,True,0.3638916611671448,0.49234694242477417,0.6361083388328552,0.25560224056243896,0.3898809552192688,0.744397759437561,0.18303179740905762,0.29209181666374207,0.8169682025909424,0.26268190145492554,0.394345223903656,0.7373180985450745,0.3417385518550873,0.4937642216682434,0.6582614481449127
private,1853,0,Angry,V21_CORRECT_V22_WRONG,True,True,0.4185306131839752,0.5535714030265808,0.5814693868160248,0.37708592414855957,0.5299744606018066,0.6229140758514404,0.37573131918907166,0.5263605117797852,0.6242686808109283,0.2935827672481537,0.43261054158210754,0.7064172327518463,0.34706977009773254,0.5018424391746521,0.6529302299022675
private,1866,4,Sad,V22_CORRECT_V21_WRONG,True,True,0.3719125986099243,0.5017006993293762,0.6280874013900757,0.37297752499580383,0.5259353518486023,0.6270224750041962,0.3094479739665985,0.45408162474632263,0.6905520260334015,0.24340617656707764,0.3488520383834839,0.7565938234329224,0.38689738512039185,0.545634925365448,0.6131026148796082
private,1890,3,Happy,V21_CORRECT_V22_WRONG,True,True,0.35291165113449097,0.46896257996559143,0.647088348865509,0.35281386971473694,0.5017006993293762,0.6471861302852631,0.25219830870628357,0.37691324949264526,0.7478016912937164,0.25237780809402466,0.38137754797935486,0.7476221919059753,0.3451785147190094,0.4991496503353119,0.6548214852809906
private,1894,4,Sad,V21_CORRECT_V22_WRONG,True,True,0.3109709620475769,0.4264455735683441,0.6890290379524231,0.30621337890625,0.4447278678417206,0.69378662109375,0.28113114833831787,0.42431971430778503,0.7188688516616821,0.2774408459663391,0.40816324949264526,0.7225591540336609,0.30294322967529297,0.4502550959587097,0.697056770324707
private,1905,3,Happy,V21_CORRECT_V22_WRONG,True,True,0.4208804666996002,0.5625,0.5791195333003998,0.36275479197502136,0.514668345451355,0.6372452080249786,0.32459524273872375,0.45344385504722595,0.6754047572612762,0.3538561463356018,0.5008503198623657,0.6461438536643982,0.34630346298217773,0.5009920597076416,0.6536965370178223
private,1908,3,Happy,V21_CORRECT_V22_WRONG,True,True,0.3485141396522522,0.46386054158210754,0.6514858603477478,0.3999636471271515,0.5546343326568604,0.6000363528728485,0.3557528853416443,0.4938350319862366,0.6442471146583557,0.25143060088157654,0.3743622303009033,0.7485693991184235,0.3455241024494171,0.4971655309200287,0.6544758975505829
private,1919,2,Fear,V22_CORRECT_V21_WRONG,True,True,0.3486584424972534,0.4723639488220215,0.6513415575027466,0.41229647397994995,0.572491466999054,0.58770352602005,0.3022427558898926,0.4494047462940216,0.6977572441101074,0.25335749983787537,0.3777635991573334,0.7466425001621246,0.3097077012062073,0.46173468232154846,0.6902922987937927
private,1926,4,Sad,V22_CORRECT_V21_WRONG,True,True,0.2977011799812317,0.4226190447807312,0.7022988200187683,0.32033684849739075,0.4717261791229248,0.6796631515026093,0.2910342514514923,0.43622449040412903,0.7089657485485077,0.23941583931446075,0.3647959232330322,0.7605841606855392,0.3197651505470276,0.4750567078590393,0.6802348494529724
private,1929,5,Surprise,V22_CORRECT_V21_WRONG,True,True,0.38354721665382385,0.5165815949440002,0.6164527833461761,0.3599981665611267,0.5038264989852905,0.6400018334388733,0.24278248846530914,0.36203229427337646,0.7572175115346909,0.2789488434791565,0.40582481026649475,0.7210511565208435,0.31553903222084045,0.46669504046440125,0.6844609677791595
private,1931,5,Surprise,V22_CORRECT_V21_WRONG,True,True,0.34443238377571106,0.47746598720550537,0.6555676162242889,0.3208189308643341,0.47576528787612915,0.6791810691356659,0.251899391412735,0.3905186951160431,0.748100608587265,0.23220254480838776,0.3556547462940216,0.7677974551916122,0.4209291636943817,0.5735543966293335,0.5790708363056183
private,1938,2,Fear,V21_CORRECT_V22_WRONG,True,True,0.37342697381973267,0.4970237910747528,0.6265730261802673,0.39164042472839355,0.5527210831642151,0.6083595752716064,0.21706804633140564,0.3480016887187958,0.7829319536685944,0.3325895071029663,0.4747023582458496,0.6674104928970337,0.3573925495147705,0.5172902941703796,0.6426074504852295
private,1942,0,Angry,V22_CORRECT_V21_WRONG,True,True,0.35012978315353394,0.4604591727256775,0.6498702168464661,0.3856748640537262,0.5297619104385376,0.6143251359462738,0.3177156448364258,0.47045066952705383,0.6822843551635742,0.3337738513946533,0.48320576548576355,0.6662261486053467,0.38193032145500183,0.5450680255889893,0.6180696785449982
private,1943,2,Fear,V22_CORRECT_V21_WRONG,True,True,0.3208079934120178,0.4511054456233978,0.6791920065879822,0.3027544617652893,0.44664114713668823,0.6972455382347107,0.2769593596458435,0.4085884392261505,0.7230406403541565,0.2833409905433655,0.4151785671710968,0.7166590094566345,0.43968987464904785,0.5972222685813904,0.5603101253509521
private,1944,4,Sad,V22_CORRECT_V21_WRONG,True,True,0.3195120394229889,0.44387754797935486,0.6804879605770111,0.3353988230228424,0.47661563754081726,0.6646011769771576,0.27487269043922424,0.4077380895614624,0.7251273095607758,0.30245596170425415,0.4330357015132904,0.6975440382957458,0.3584364354610443,0.5181406140327454,0.6415635645389557
private,1948,4,Sad,V22_CORRECT_V21_WRONG,True,True,0.3330027759075165,0.4672618806362152,0.6669972240924835,0.29372918605804443,0.4277210831642151,0.7062708139419556,0.25137022137641907,0.38732993602752686,0.7486297786235809,0.24532921612262726,0.3667091727256775,0.7546707838773727,0.3959854543209076,0.5558390021324158,0.6040145456790924
private,1951,2,Fear,V21_CORRECT_V22_WRONG,True,True,0.4015461206436157,0.5391156077384949,0.5984538793563843,0.3831729292869568,0.5369898080825806,0.6168270707130432,0.3276911973953247,0.47427719831466675,0.6723088026046753,0.3358617126941681,0.47512754797935486,0.6641382873058319,0.4067303240299225,0.569444477558136,0.5932696759700775
private,1963,6,Neutral,V21_CORRECT_V22_WRONG,True,True,0.3420448899269104,0.46768707036972046,0.6579551100730896,0.3122676908969879,0.4613095223903656,0.6877323091030121,0.33656859397888184,0.47810372710227966,0.6634314060211182,0.3048591911792755,0.44600337743759155,0.6951408088207245,0.36675742268562317,0.526077151298523,0.6332425773143768
private,1980,6,Neutral,V21_CORRECT_V22_WRONG,True,True,0.39906081557273865,0.5153061151504517,0.6009391844272614,0.30931583046913147,0.4559948742389679,0.6906841695308685,0.3462800979614258,0.4829931855201721,0.6537199020385742,0.28421029448509216,0.42070576548576355,0.7157897055149078,0.36103203892707825,0.5181406140327454,0.6389679610729218
private,1984,3,Happy,V21_CORRECT_V22_WRONG,True,True,0.3664199113845825,0.5029761791229248,0.6335800886154175,0.3359014689922333,0.4842686951160431,0.6640985310077667,0.3256479799747467,0.4806547462940216,0.6743520200252533,0.2939470112323761,0.4124149680137634,0.7060529887676239,0.3632326126098633,0.5192744135856628,0.6367673873901367
private,1992,2,Fear,V22_CORRECT_V21_WRONG,True,True,0.30796822905540466,0.425595223903656,0.6920317709445953,0.3129291832447052,0.45556971430778503,0.6870708167552948,0.2821802794933319,0.41687923669815063,0.7178197205066681,0.2669220566749573,0.3941326439380646,0.7330779433250427,0.39724430441856384,0.5564059019088745,0.6027556955814362
private,1994,6,Neutral,V22_CORRECT_V21_WRONG,True,True,0.39368733763694763,0.5068027377128601,0.6063126623630524,0.26675134897232056,0.4032737910747528,0.7332486510276794,0.23423820734024048,0.35225340723991394,0.7657617926597595,0.22220398485660553,0.33375850319862366,0.7777960151433945,0.41402682662010193,0.5768140554428101,0.5859731733798981
private,1996,3,Happy,V22_CORRECT_V21_WRONG,True,True,0.3664378821849823,0.48852038383483887,0.6335621178150177,0.36276325583457947,0.5127550959587097,0.6372367441654205,0.3256659507751465,0.4723639488220215,0.6743340492248535,0.29986536502838135,0.4419642686843872,0.7001346349716187,0.3628422021865845,0.5235260725021362,0.6371577978134155
private,2001,6,Neutral,V22_CORRECT_V21_WRONG,True,True,0.4323929250240326,0.5616496205329895,0.5676070749759674,0.30725622177124023,0.4449404776096344,0.6927437782287598,0.30669349431991577,0.4472789168357849,0.6933065056800842,0.3036676347255707,0.44685372710227966,0.6963323652744293,0.390115886926651,0.5450680255889893,0.609884113073349
private,2012,2,Fear,V22_CORRECT_V21_WRONG,True,True,0.4249087870121002,0.5395408272743225,0.5750912129878998,0.41566190123558044,0.5710033774375916,0.5843380987644196,0.26162368059158325,0.3898809552192688,0.7383763194084167,0.23991093039512634,0.37074828147888184,0.7600890696048737,0.3622260093688965,0.521541953086853,0.6377739906311035
private,2016,4,Sad,V22_CORRECT_V21_WRONG,True,True,0.301961749792099,0.4353741407394409,0.698038250207901,0.2931444048881531,0.4351615607738495,0.7068555951118469,0.2928105592727661,0.43048468232154846,0.7071894407272339,0.31205615401268005,0.4566326439380646,0.68794384598732,0.3857707679271698,0.5456349849700928,0.6142292320728302
private,2021,4,Sad,V22_CORRECT_V21_WRONG,True,True,0.28472381830215454,0.3949829936027527,0.7152761816978455,0.3641647398471832,0.512117326259613,0.6358352601528168,0.23909620940685272,0.36267006397247314,0.7609037905931473,0.2694636881351471,0.4090135991573334,0.7305363118648529,0.37986239790916443,0.5401077270507812,0.6201376020908356
private,2024,6,Neutral,V22_CORRECT_V21_WRONG,True,True,0.2969503104686737,0.4077380895614624,0.7030496895313263,0.3858850300312042,0.5274234414100647,0.6141149699687958,0.3355860114097595,0.47959181666374207,0.6644139885902405,0.2617511451244354,0.3860544264316559,0.7382488548755646,0.2792142927646637,0.42020976543426514,0.7207857072353363
private,2026,6,Neutral,V21_CORRECT_V22_WRONG,True,True,0.413227379322052,0.5425170063972473,0.586772620677948,0.38515302538871765,0.5391156077384949,0.6148469746112823,0.2964180111885071,0.43771257996559143,0.7035819888114929,0.25987550616264343,0.3886054456233978,0.7401244938373566,0.3823240101337433,0.5413832664489746,0.6176759898662567
private,2029,2,Fear,V21_CORRECT_V22_WRONG,True,True,0.38091841340065,0.5068027377128601,0.61908158659935,0.42570680379867554,0.5703656077384949,0.5742931962013245,0.2364717274904251,0.36628401279449463,0.7635282725095749,0.21685977280139923,0.34332481026649475,0.7831402271986008,0.3345407545566559,0.48852038383483887,0.6654592454433441
private,2043,4,Sad,V21_CORRECT_V22_WRONG,True,True,0.36183053255081177,0.4732142686843872,0.6381694674491882,0.3432079553604126,0.49064624309539795,0.6567920446395874,0.24639925360679626,0.3645833134651184,0.7536007463932037,0.2889801859855652,0.4238945543766022,0.7110198140144348,0.37618598341941833,0.5335884094238281,0.6238140165805817
private,2044,6,Neutral,V22_CORRECT_V21_WRONG,True,True,0.39558395743370056,0.5280612111091614,0.6044160425662994,0.36081793904304504,0.5125424861907959,0.639182060956955,0.27456992864608765,0.41709181666374207,0.7254300713539124,0.32775643467903137,0.4693877398967743,0.6722435653209686,0.3389073610305786,0.4899376630783081,0.6610926389694214
private,2045,6,Neutral,V22_CORRECT_V21_WRONG,True,True,0.3938884139060974,0.5216836333274841,0.6061115860939026,0.39482903480529785,0.5537840127944946,0.6051709651947021,0.28510230779647827,0.41539114713668823,0.7148976922035217,0.2813243269920349,0.41262754797935486,0.7186756730079651,0.36669766902923584,0.5286281108856201,0.6333023309707642
private,2048,6,Neutral,V22_CORRECT_V21_WRONG,True,True,0.33730942010879517,0.46386054158210754,0.6626905798912048,0.44674426317214966,0.6022533774375916,0.5532557368278503,0.32348671555519104,0.4613095223903656,0.676513284444809,0.2719045579433441,0.4000850319862366,0.7280954420566559,0.39346909523010254,0.5520125031471252,0.6065309047698975
private,2073,2,Fear,V22_CORRECT_V21_WRONG,True,True,0.3968812823295593,0.531462550163269,0.6031187176704407,0.38607120513916016,0.5361394286155701,0.6139287948608398,0.25539538264274597,0.39030611515045166,0.744604617357254,0.26050546765327454,0.3960459232330322,0.7394945323467255,0.38486146926879883,0.5385487675666809,0.6151385307312012
private,2078,2,Fear,V22_CORRECT_V21_WRONG,True,True,0.31560078263282776,0.432823121547699,0.6843992173671722,0.33324652910232544,0.48320576548576355,0.6667534708976746,0.1975240856409073,0.3139880895614624,0.8024759143590927,0.380842387676239,0.5129677057266235,0.619157612323761,0.32034486532211304,0.46967121958732605,0.679655134677887
private,2092,4,Sad,V22_CORRECT_V21_WRONG,False,False,0.299806147813797,0.42899659276008606,0.700193852186203,0.3445935547351837,0.4955357015132904,0.6554064452648163,0.22710952162742615,0.34481292963027954,0.7728904783725739,0.23347970843315125,0.35756802558898926,0.7665202915668488,0.4288557171821594,0.5895692110061646,0.5711442828178406
private,2094,3,Happy,V22_CORRECT_V21_WRONG,True,True,0.3242613673210144,0.4336734712123871,0.6757386326789856,0.3143293559551239,0.4547193646430969,0.6856706440448761,0.2989257574081421,0.4398384392261505,0.7010742425918579,0.2578563094139099,0.3964710831642151,0.7421436905860901,0.40147721767425537,0.5603741407394409,0.5985227823257446
private,2096,3,Happy,V22_CORRECT_V21_WRONG,True,True,0.35996294021606445,0.4931972622871399,0.6400370597839355,0.3097110092639923,0.4472789168357849,0.6902889907360077,0.2829429507255554,0.42517006397247314,0.7170570492744446,0.29863178730010986,0.4313350319862366,0.7013682126998901,0.3697865903377533,0.5325964093208313,0.6302134096622467
private,2100,0,Angry,V22_CORRECT_V21_WRONG,True,True,0.4231298565864563,0.550595223903656,0.5768701434135437,0.3212456703186035,0.4708758294582367,0.6787543296813965,0.28978267312049866,0.42899659276008606,0.7102173268795013,0.24365004897117615,0.3688350319862366,0.7563499510288239,0.39150261878967285,0.5518707633018494,0.6084973812103271
private,2128,6,Neutral,V21_CORRECT_V22_WRONG,True,True,0.35729843378067017,0.483418345451355,0.6427015662193298,0.3380371332168579,0.48320576548576355,0.6619628667831421,0.25713860988616943,0.3913690447807312,0.7428613901138306,0.3172540068626404,0.46088433265686035,0.6827459931373596,0.3761351406574249,0.538407027721405,0.6238648593425751
private,2138,3,Happy,V21_CORRECT_V22_WRONG,True,True,0.3642682433128357,0.494047611951828,0.6357317566871643,0.38353103399276733,0.5204081535339355,0.6164689660072327,0.3374340534210205,0.48384353518486023,0.6625659465789795,0.33904480934143066,0.4753401279449463,0.6609551906585693,0.3036460280418396,0.45578229427337646,0.6963539719581604
private,2140,4,Sad,V22_CORRECT_V21_WRONG,True,True,0.3690571188926697,0.4910714328289032,0.6309428811073303,0.44865328073501587,0.5973639488220215,0.5513467192649841,0.3509145677089691,0.49957481026649475,0.6490854322910309,0.2582962214946747,0.3949829936027527,0.7417037785053253,0.34960028529167175,0.509353756904602,0.6503997147083282
private,2146,4,Sad,V22_CORRECT_V21_WRONG,True,True,0.37139588594436646,0.4902210831642151,0.6286041140556335,0.37148937582969666,0.5142431855201721,0.6285106241703033,0.26734504103660583,0.40136054158210754,0.7326549589633942,0.22923828661441803,0.36033162474632263,0.770761713385582,0.33936554193496704,0.4948979616165161,0.660634458065033
private,2149,3,Happy,V22_CORRECT_V21_WRONG,True,True,0.35492143034935,0.47066324949264526,0.64507856965065,0.3765495717525482,0.5263605117797852,0.6234504282474518,0.29312121868133545,0.43771257996559143,0.7068787813186646,0.274336040019989,0.4071003198623657,0.725663959980011,0.32480907440185547,0.4804421663284302,0.6751909255981445
private,2150,0,Angry,V21_CORRECT_V22_WRONG,True,False,0.34831881523132324,0.4625850319862366,0.6516811847686768,0.2906027138233185,0.4241071343421936,0.7093972861766815,0.32019561529159546,0.47193875908851624,0.6798043847084045,0.22945456206798553,0.35076528787612915,0.7705454379320145,0.3378664255142212,0.49277210235595703,0.6621335744857788
private,2169,0,Angry,V22_CORRECT_V21_WRONG,True,True,0.37472113966941833,0.49574828147888184,0.6252788603305817,0.3619357943534851,0.5114795565605164,0.6380642056465149,0.3320646584033966,0.4738520383834839,0.6679353415966034,0.26787710189819336,0.4017857015132904,0.7321228981018066,0.34411799907684326,0.4970238506793976,0.6558820009231567
private,2172,0,Angry,V21_CORRECT_V22_WRONG,True,True,0.4352089464664459,0.5527210831642151,0.5647910535335541,0.3782195448875427,0.5310373902320862,0.6217804551124573,0.3569585382938385,0.5021258592605591,0.6430414617061615,0.295181542634964,0.4264455735683441,0.704818457365036,0.3200918734073639,0.4732142686843872,0.6799081265926361
private,2179,4,Sad,V21_CORRECT_V22_WRONG,True,True,0.30796346068382263,0.41709181666374207,0.6920365393161774,0.32439619302749634,0.4598214328289032,0.6756038069725037,0.36300086975097656,0.4819302558898926,0.6369991302490234,0.22819821536540985,0.35289114713668823,0.7718017846345901,0.36350271105766296,0.5154478549957275,0.636497288942337
private,2183,6,Neutral,V21_CORRECT_V22_WRONG,True,True,0.31499552726745605,0.4272959232330322,0.685004472732544,0.40846335887908936,0.5639880895614624,0.5915366411209106,0.26277005672454834,0.3949829936027527,0.7372299432754517,0.2570919096469879,0.38711732625961304,0.7429080903530121,0.377871036529541,0.5376984477043152,0.622128963470459
private,2186,4,Sad,V22_CORRECT_V21_WRONG,True,True,0.3777630031108856,0.5059523582458496,0.6222369968891144,0.338217169046402,0.48554420471191406,0.661782830953598,0.32599249482154846,0.44515305757522583,0.6740075051784515,0.18663379549980164,0.300595223903656,0.8133662045001984,0.3275335729122162,0.4751984477043152,0.6724664270877838
private,2190,6,Neutral,V21_CORRECT_V22_WRONG,True,True,0.2993883490562439,0.4175170063972473,0.7006116509437561,0.42495304346084595,0.569727897644043,0.575046956539154,0.246731236577034,0.3681972622871399,0.753268763422966,0.19886954128742218,0.30612245202064514,0.8011304587125778,0.33811694383621216,0.4967403709888458,0.6618830561637878
private,2193,6,Neutral,V21_CORRECT_V22_WRONG,True,True,0.32366469502449036,0.4345237910747528,0.6763353049755096,0.3748004734516144,0.5136054158210754,0.6251995265483856,0.22126074135303497,0.3339710831642151,0.778739258646965,0.25177401304244995,0.3705357015132904,0.74822598695755,0.3550753891468048,0.5117630362510681,0.6449246108531952
private,2195,5,Surprise,V21_CORRECT_V22_WRONG,True,True,0.39289799332618713,0.5331632494926453,0.6071020066738129,0.36827099323272705,0.5165815949440002,0.631729006767273,0.25616714358329773,0.37670066952705383,0.7438328564167023,0.2857716679573059,0.4270833134651184,0.7142283320426941,0.39292269945144653,0.5530045628547668,0.6070773005485535
private,2196,2,Fear,V22_CORRECT_V21_WRONG,False,False,0.43344178795814514,0.5693027377128601,0.5665582120418549,0.4731595814228058,0.6245748400688171,0.5268404185771942,0.278005987405777,0.4145407974720001,0.721994012594223,0.28267550468444824,0.4124149680137634,0.7173244953155518,0.3160530924797058,0.4644274413585663,0.6839469075202942
private,2197,4,Sad,V22_CORRECT_V21_WRONG,True,True,0.3741374611854553,0.5212584733963013,0.6258625388145447,0.35382261872291565,0.5070152878761292,0.6461773812770844,0.2995292544364929,0.44982993602752686,0.7004707455635071,0.25992754101753235,0.39902210235595703,0.7400724589824677,0.3275759220123291,0.47463151812553406,0.6724240779876709
private,2198,5,Surprise,V21_CORRECT_V22_WRONG,True,True,0.40142664313316345,0.5323129296302795,0.5985733568668365,0.37163272500038147,0.5110543966293335,0.6283672749996185,0.2784266471862793,0.4277210831642151,0.7215733528137207,0.2984324097633362,0.44451528787612915,0.7015675902366638,0.36486297845840454,0.5228174924850464,0.6351370215415955
private,2207,1,Disgust,V21_CORRECT_V22_WRONG,True,False,0.3629484474658966,0.49234694242477417,0.6370515525341034,0.3970356583595276,0.5512329936027527,0.6029643416404724,0.376069039106369,0.5350764989852905,0.623930960893631,0.33949506282806396,0.495323121547699,0.660504937171936,0.3477279841899872,0.509353756904602,0.6522720158100128
private,2213,3,Happy,V21_CORRECT_V22_WRONG,True,True,0.3774614632129669,0.5080782175064087,0.6225385367870331,0.34693244099617004,0.4985118806362152,0.65306755900383,0.29591482877731323,0.42814624309539795,0.7040851712226868,0.24858906865119934,0.37627550959587097,0.7514109313488007,0.3544035851955414,0.504676878452301,0.6455964148044586
private,2221,1,Disgust,V22_CORRECT_V21_WRONG,True,False,0.34977591037750244,0.4702380895614624,0.6502240896224976,0.3423323929309845,0.49000850319862366,0.6576676070690155,0.25652027130126953,0.38732993602752686,0.7434797286987305,0.2874327301979065,0.41262754797935486,0.7125672698020935,0.313183069229126,0.4703798294067383,0.686816930770874
private,2232,6,Neutral,V22_CORRECT_V21_WRONG,True,True,0.41143161058425903,0.5357142686843872,0.588568389415741,0.3837963342666626,0.5348639488220215,0.6162036657333374,0.33630940318107605,0.4738520383834839,0.663690596818924,0.319193959236145,0.4506802558898926,0.680806040763855,0.32004857063293457,0.47378119826316833,0.6799514293670654
private,2233,3,Happy,V22_CORRECT_V21_WRONG,True,True,0.35481682419776917,0.49234694242477417,0.6451831758022308,0.3714124858379364,0.5250850319862366,0.6285875141620636,0.2477526217699051,0.37542515993118286,0.7522473782300949,0.29159197211265564,0.4343112111091614,0.7084080278873444,0.3756227493286133,0.5297619700431824,0.6243772506713867
private,2238,5,Surprise,V22_CORRECT_V21_WRONG,True,True,0.33824974298477173,0.46386054158210754,0.6617502570152283,0.3515987694263458,0.4991496503353119,0.6484012305736542,0.29228219389915466,0.43728742003440857,0.7077178061008453,0.2328684777021408,0.36033162474632263,0.7671315222978592,0.3776329755783081,0.5379818677902222,0.6223670244216919
private,2246,0,Angry,V21_CORRECT_V22_WRONG,True,True,0.38290107250213623,0.5029761791229248,0.6170989274978638,0.2776298522949219,0.41560372710227966,0.7223701477050781,0.28971555829048157,0.4262329936027527,0.7102844417095184,0.2724649906158447,0.39243197441101074,0.7275350093841553,0.41180577874183655,0.5695862174034119,0.5881942212581635
private,2248,5,Surprise,V22_CORRECT_V21_WRONG,True,True,0.33090856671333313,0.4566326439380646,0.6690914332866669,0.36707571148872375,0.5059523582458496,0.6329242885112762,0.2715255320072174,0.40433672070503235,0.7284744679927826,0.21203123033046722,0.3335459232330322,0.7879687696695328,0.28221040964126587,0.4323979616165161,0.7177895903587341
private,2249,4,Sad,V22_CORRECT_V21_WRONG,True,True,0.2849169969558716,0.38562923669815063,0.7150830030441284,0.28475645184516907,0.4241071343421936,0.7152435481548309,0.2271760106086731,0.33056971430778503,0.7728239893913269,0.24110321700572968,0.363095223903656,0.7588967829942703,0.34841781854629517,0.5083616971969604,0.6515821814537048
private,2260,6,Neutral,V22_CORRECT_V21_WRONG,True,True,0.37004274129867554,0.5123299360275269,0.6299572587013245,0.3403550088405609,0.4878826439380646,0.6596449911594391,0.24117812514305115,0.369047611951828,0.7588218748569489,0.3412318229675293,0.47215133905410767,0.6587681770324707,0.31691163778305054,0.4699546694755554,0.6830883622169495
private,2265,6,Neutral,V22_CORRECT_V21_WRONG,True,True,0.4265464246273041,0.5590986013412476,0.5734535753726959,0.3961207866668701,0.5467687249183655,0.6038792133331299,0.25073811411857605,0.3792516887187958,0.749261885881424,0.28297892212867737,0.4179421663284302,0.7170210778713226,0.437314510345459,0.5904195308685303,0.562685489654541
private,2272,6,Neutral,V21_CORRECT_V22_WRONG,True,True,0.38454627990722656,0.5144557952880859,0.6154537200927734,0.2667888104915619,0.40072277188301086,0.7332111895084381,0.27783551812171936,0.401573121547699,0.7221644818782806,0.28120553493499756,0.40518707036972046,0.7187944650650024,0.33600708842277527,0.4897959232330322,0.6639929115772247
private,2275,2,Fear,V21_CORRECT_V22_WRONG,True,True,0.3756256401538849,0.494047611951828,0.6243743598461151,0.3062954545021057,0.4432397782802582,0.6937045454978943,0.27857139706611633,0.4217686951160431,0.7214286029338837,0.2819158434867859,0.4194302558898926,0.7180841565132141,0.3403916656970978,0.4980159401893616,0.6596083343029022
private,2277,4,Sad,V22_CORRECT_V21_WRONG,True,True,0.37395668029785156,0.5221088528633118,0.6260433197021484,0.38223010301589966,0.5331632494926453,0.6177698969841003,0.2282533198595047,0.35969388484954834,0.7717466801404953,0.2983950078487396,0.4436649680137634,0.7016049921512604,0.37811964750289917,0.5376984477043152,0.6218803524971008
private,2286,2,Fear,V22_CORRECT_V21_WRONG,True,True,0.3380531072616577,0.45790815353393555,0.6619468927383423,0.264678955078125,0.40731292963027954,0.735321044921875,0.2897602915763855,0.43197277188301086,0.7102397084236145,0.33348768949508667,0.4657737910747528,0.6665123105049133,0.3321329951286316,0.4832766652107239,0.6678670048713684
private,2287,3,Happy,V21_CORRECT_V22_WRONG,True,True,0.31883347034454346,0.4506802558898926,0.6811665296554565,0.3910835087299347,0.5484693646430969,0.6089164912700653,0.36331069469451904,0.5155187249183655,0.636689305305481,0.3052332103252411,0.44387754797935486,0.6947667896747589,0.3641754388809204,0.5198413133621216,0.6358245611190796
private,2288,6,Neutral,V22_CORRECT_V21_WRONG,True,True,0.3769598603248596,0.5017006993293762,0.6230401396751404,0.31463849544525146,0.4566326439380646,0.6853615045547485,0.2145339697599411,0.3295067846775055,0.7854660302400589,0.21625447273254395,0.3375850319862366,0.783745527267456,0.305362343788147,0.44982996582984924,0.694637656211853
private,2296,2,Fear,V22_CORRECT_V21_WRONG,True,True,0.44611799716949463,0.5722789168357849,0.5538820028305054,0.4155195653438568,0.5678145885467529,0.5844804346561432,0.3167389929294586,0.4523809552192688,0.6832610070705414,0.26377588510513306,0.4030612111091614,0.7362241148948669,0.3995228111743927,0.5605158805847168,0.6004771888256073
private,2297,6,Neutral,V22_CORRECT_V21_WRONG,True,True,0.34259718656539917,0.4574829936027527,0.6574028134346008,0.35967621207237244,0.5029761791229248,0.6403237879276276,0.2621162533760071,0.3875425159931183,0.7378837466239929,0.30055588483810425,0.4479166567325592,0.6994441151618958,0.3224572539329529,0.479166716337204,0.6775427460670471
private,2307,4,Sad,V21_CORRECT_V22_WRONG,True,True,0.3708217740058899,0.49362245202064514,0.6291782259941101,0.34575214982032776,0.49872449040412903,0.6542478501796722,0.2593057155609131,0.39115646481513977,0.7406942844390869,0.32814398407936096,0.4747023582458496,0.671856015920639,0.3593040406703949,0.521541953086853,0.6406959593296051
private,2316,3,Happy,V21_CORRECT_V22_WRONG,True,True,0.4286138713359833,0.5535714030265808,0.5713861286640167,0.3403566777706146,0.48469385504722595,0.6596433222293854,0.2897803783416748,0.43048468232154846,0.7102196216583252,0.259625643491745,0.3832907974720001,0.740374356508255,0.3207375705242157,0.4773242771625519,0.6792624294757843
private,2342,2,Fear,V22_CORRECT_V21_WRONG,True,True,0.3875715732574463,0.509353756904602,0.6124284267425537,0.34139376878738403,0.49362245202064514,0.658606231212616,0.311082124710083,0.46109694242477417,0.688917875289917,0.22905535995960236,0.35884353518486023,0.7709446400403976,0.33998677134513855,0.4910714328289032,0.6600132286548615
private,2343,2,Fear,V22_CORRECT_V21_WRONG,True,True,0.3025679886341095,0.431547611951828,0.6974320113658905,0.2863047122955322,0.42665815353393555,0.7136952877044678,0.276538223028183,0.4173044264316559,0.723461776971817,0.26971521973609924,0.40625,0.7302847802639008,0.3608895540237427,0.5198413133621216,0.6391104459762573
private,2362,2,Fear,V21_CORRECT_V22_WRONG,True,True,0.34821635484695435,0.47066324949264526,0.6517836451530457,0.32724571228027344,0.46237245202064514,0.6727542877197266,0.284640908241272,0.41475340723991394,0.715359091758728,0.2577214539051056,0.3815901279449463,0.7422785460948944,0.3614486753940582,0.5196995735168457,0.6385513246059418
private,2379,4,Sad,V22_CORRECT_V21_WRONG,True,True,0.33093583583831787,0.43877550959587097,0.6690641641616821,0.32678472995758057,0.46853742003440857,0.6732152700424194,0.3188941776752472,0.4538690447807312,0.6811058223247528,0.23094649612903595,0.3494897782802582,0.769053503870964,0.3864744305610657,0.5437924861907959,0.6135255694389343
private,2381,4,Sad,V21_CORRECT_V22_WRONG,True,True,0.3416670262813568,0.46853742003440857,0.6583329737186432,0.2794412672519684,0.40582481026649475,0.7205587327480316,0.29421743750572205,0.431547611951828,0.705782562494278,0.22425514459609985,0.35310372710227966,0.7757448554039001,0.4010837972164154,0.5605158805847168,0.5989162027835846
private,2385,3,Happy,V22_CORRECT_V21_WRONG,True,True,0.3435446619987488,0.47661563754081726,0.6564553380012512,0.40497052669525146,0.5582482814788818,0.5950294733047485,0.3621215224266052,0.5189200639724731,0.6378784775733948,0.2342991977930069,0.3573554456233978,0.7657008022069931,0.32357147336006165,0.4751984477043152,0.6764285266399384
private,2388,0,Angry,V21_CORRECT_V22_WRONG,True,True,0.3667776882648468,0.48469385504722595,0.6332223117351532,0.33656570315361023,0.4812925159931183,0.6634342968463898,0.2938515543937683,0.43494898080825806,0.7061484456062317,0.3423892557621002,0.47640305757522583,0.6576107442378998,0.41571536660194397,0.5778061151504517,0.584284633398056
private,2390,3,Happy,V21_CORRECT_V22_WRONG,True,True,0.3324386775493622,0.44812923669815063,0.6675613224506378,0.3631475865840912,0.5170068144798279,0.6368524134159088,0.3726516664028168,0.5159438848495483,0.6273483335971832,0.25981464982032776,0.3777635991573334,0.7401853501796722,0.3545457720756531,0.5121882557868958,0.6454542279243469
private,2399,6,Neutral,V22_CORRECT_V21_WRONG,True,True,0.3703238070011139,0.489370733499527,0.6296761929988861,0.31620892882347107,0.4636479616165161,0.6837910711765289,0.22794444859027863,0.34247449040412903,0.7720555514097214,0.3398955166339874,0.48320576548576355,0.6601044833660126,0.35070323944091797,0.5053855180740356,0.649296760559082
private,2415,2,Fear,V21_CORRECT_V22_WRONG,True,True,0.37348735332489014,0.49872449040412903,0.6265126466751099,0.3302488625049591,0.47874149680137634,0.6697511374950409,0.30356931686401367,0.44961732625961304,0.6964306831359863,0.27905455231666565,0.4198554456233978,0.7209454476833344,0.3340696394443512,0.49234697222709656,0.6659303605556488
private,2424,5,Surprise,V22_CORRECT_V21_WRONG,True,True,0.3483775556087494,0.489370733499527,0.6516224443912506,0.30341705679893494,0.4506802558898926,0.6965829432010651,0.33566659688949585,0.48490646481513977,0.6643334031105042,0.21853795647621155,0.3467261791229248,0.7814620435237885,0.3909243047237396,0.5415249466896057,0.6090756952762604
private,2425,2,Fear,V22_CORRECT_V21_WRONG,True,True,0.3054410517215729,0.41921767592430115,0.6945589482784271,0.30806297063827515,0.4523809552192688,0.6919370293617249,0.2912105917930603,0.4306972622871399,0.7087894082069397,0.27431944012641907,0.39455780386924744,0.7256805598735809,0.3525201380252838,0.5107710361480713,0.6474798619747162
private,2427,5,Surprise,V22_CORRECT_V21_WRONG,True,True,0.39818188548088074,0.5191326141357422,0.6018181145191193,0.3555792272090912,0.5008503198623657,0.6444207727909088,0.26365357637405396,0.4039115607738495,0.736346423625946,0.2415229082107544,0.3652210831642151,0.7584770917892456,0.3065902590751648,0.46060091257095337,0.6934097409248352
private,2428,4,Sad,V21_CORRECT_V22_WRONG,True,True,0.36927366256713867,0.489370733499527,0.6307263374328613,0.39823612570762634,0.5518707633018494,0.6017638742923737,0.3020036518573761,0.4351615607738495,0.6979963481426239,0.3495180606842041,0.4902210831642151,0.6504819393157959,0.32433363795280457,0.47859978675842285,0.6756663620471954
private,2432,2,Fear,V21_CORRECT_V22_WRONG,True,True,0.38259008526802063,0.5195578336715698,0.6174099147319794,0.4342709481716156,0.581845223903656,0.5657290518283844,0.4075292646884918,0.5695152878761292,0.5924707353115082,0.24739998579025269,0.3735119104385376,0.7526000142097473,0.33346277475357056,0.48752838373184204,0.6665372252464294
private,2442,0,Angry,V21_CORRECT_V22_WRONG,True,True,0.39470812678337097,0.5348639488220215,0.605291873216629,0.3333417773246765,0.4785288870334625,0.6666582226753235,0.2848224341869354,0.4187925159931183,0.7151775658130646,0.3202817142009735,0.4562074840068817,0.6797182857990265,0.3694223463535309,0.5279195308685303,0.6305776536464691
private,2451,0,Angry,V21_CORRECT_V22_WRONG,True,True,0.35643601417541504,0.47959181666374207,0.643563985824585,0.40178626775741577,0.5582482814788818,0.5982137322425842,0.24026158452033997,0.3654336631298065,0.75973841547966,0.24395312368869781,0.3720237910747528,0.7560468763113022,0.4273003041744232,0.5827664732933044,0.5726996958255768
private,2454,6,Neutral,V21_CORRECT_V22_WRONG,True,True,0.3958306312561035,0.5153061151504517,0.6041693687438965,0.3827621340751648,0.5352891087532043,0.6172378659248352,0.2633795440196991,0.39477041363716125,0.7366204559803009,0.2453605979681015,0.3728741407394409,0.7546394020318985,0.34895992279052734,0.5089285969734192,0.6510400772094727
private,2464,2,Fear,V22_CORRECT_V21_WRONG,True,True,0.33859777450561523,0.46003401279449463,0.6614022254943848,0.3596402108669281,0.512117326259613,0.6403597891330719,0.2958029806613922,0.4351615607738495,0.7041970193386078,0.292247474193573,0.41028910875320435,0.707752525806427,0.3859463036060333,0.5316042900085449,0.6140536963939667
private,2469,2,Fear,V21_CORRECT_V22_WRONG,True,True,0.34362053871154785,0.46768707036972046,0.6563794612884521,0.31662535667419434,0.45259353518486023,0.6833746433258057,0.25399768352508545,0.39115646481513977,0.7460023164749146,0.20415066182613373,0.3235544264316559,0.7958493381738663,0.3617904484272003,0.5225340127944946,0.6382095515727997
private,2471,6,Neutral,V21_CORRECT_V22_WRONG,True,True,0.40670832991600037,0.5344387888908386,0.5932916700839996,0.3474375307559967,0.49426019191741943,0.6525624692440033,0.2773151695728302,0.3958333134651184,0.7226848304271698,0.2885510325431824,0.41326528787612915,0.7114489674568176,0.3681774437427521,0.5273526906967163,0.6318225562572479
private,2474,3,Happy,V22_CORRECT_V21_WRONG,True,True,0.38395753502845764,0.5123299360275269,0.6160424649715424,0.45119842886924744,0.5848214030265808,0.5488015711307526,0.2989235520362854,0.43346086144447327,0.7010764479637146,0.30844706296920776,0.4447278678417206,0.6915529370307922,0.37448057532310486,0.5330215692520142,0.6255194246768951
private,2479,5,Surprise,V21_CORRECT_V22_WRONG,True,True,0.3893890678882599,0.5110543966293335,0.6106109321117401,0.3527009189128876,0.4946853518486023,0.6472990810871124,0.25586044788360596,0.3886054456233978,0.744139552116394,0.21129345893859863,0.32036563754081726,0.7887065410614014,0.3791731297969818,0.5306122303009033,0.6208268702030182
private,2484,4,Sad,V22_CORRECT_V21_WRONG,True,True,0.38090980052948,0.509353756904602,0.61909019947052,0.34239134192466736,0.4908588230609894,0.6576086580753326,0.3269195556640625,0.4613095223903656,0.6730804443359375,0.3121306300163269,0.4589710831642151,0.6878693699836731,0.36197566986083984,0.5161564350128174,0.6380243301391602
private,2490,4,Sad,V22_CORRECT_V21_WRONG,True,True,0.3131446838378906,0.431547611951828,0.6868553161621094,0.3413388729095459,0.4970237910747528,0.6586611270904541,0.29637759923934937,0.42155611515045166,0.7036224007606506,0.3080846071243286,0.4547193646430969,0.6919153928756714,0.30871549248695374,0.46074265241622925,0.6912845075130463
private,2491,4,Sad,V21_CORRECT_V22_WRONG,True,True,0.28565463423728943,0.3881802558898926,0.7143453657627106,0.25855815410614014,0.38647958636283875,0.7414418458938599,0.2719336152076721,0.40731292963027954,0.7280663847923279,0.23619405925273895,0.364370733499527,0.763805940747261,0.38021793961524963,0.5418083667755127,0.6197820603847504
private,2521,3,Happy,V22_CORRECT_V21_WRONG,True,True,0.3588128983974457,0.4948979616165161,0.6411871016025543,0.2856183648109436,0.43176019191741943,0.7143816351890564,0.33527711033821106,0.4789540767669678,0.6647228896617889,0.3076181709766388,0.43728742003440857,0.6923818290233612,0.37418878078460693,0.5279195308685303,0.6258112192153931
private,2525,4,Sad,V21_CORRECT_V22_WRONG,True,True,0.31420862674713135,0.44302719831466675,0.6857913732528687,0.3095038831233978,0.45493197441101074,0.6904961168766022,0.308635950088501,0.45556971430778503,0.691364049911499,0.2984605133533478,0.4366496503353119,0.7015394866466522,0.4202861189842224,0.5756802558898926,0.5797138810157776
private,2532,0,Angry,V21_CORRECT_V22_WRONG,True,True,0.39849594235420227,0.5284863710403442,0.6015040576457977,0.3962850272655487,0.5488945245742798,0.6037149727344513,0.33293163776397705,0.4770407974720001,0.667068362236023,0.23201769590377808,0.3586309552192688,0.7679823040962219,0.3834158778190613,0.54067462682724,0.6165841221809387
private,2533,6,Neutral,V21_CORRECT_V22_WRONG,True,True,0.3582909107208252,0.48256802558898926,0.6417090892791748,0.4266621470451355,0.5767431855201721,0.5733378529548645,0.2753477096557617,0.40136054158210754,0.7246522903442383,0.30987104773521423,0.44451528787612915,0.6901289522647858,0.30711913108825684,0.4525226950645447,0.6928808689117432
private,2536,4,Sad,V22_CORRECT_V21_WRONG,True,True,0.42408543825149536,0.5399659872055054,0.5759145617485046,0.2951716184616089,0.4368622303009033,0.7048283815383911,0.30952218174934387,0.4553571343421936,0.6904778182506561,0.3021854758262634,0.4436649680137634,0.6978145241737366,0.31394022703170776,0.4623015820980072,0.6860597729682922
private,2540,4,Sad,V22_CORRECT_V21_WRONG,True,True,0.43512487411499023,0.5335884094238281,0.5648751258850098,0.3189556300640106,0.46109694242477417,0.6810443699359894,0.2333064079284668,0.3526785671710968,0.7666935920715332,0.32083773612976074,0.46598637104034424,0.6791622638702393,0.3131692707538605,0.46272677183151245,0.6868307292461395
private,2544,0,Angry,V22_CORRECT_V21_WRONG,True,True,0.3827320635318756,0.49744898080825806,0.6172679364681244,0.2968638837337494,0.4389880895614624,0.7031361162662506,0.30647027492523193,0.4502550959587097,0.6935297250747681,0.23279166221618652,0.3624574840068817,0.7672083377838135,0.33419269323349,0.48667803406715393,0.66580730676651
private,2553,6,Neutral,V21_CORRECT_V22_WRONG,True,True,0.3710620701313019,0.5089285373687744,0.6289379298686981,0.38471102714538574,0.5357142686843872,0.6152889728546143,0.3127603828907013,0.45195576548576355,0.6872396171092987,0.30302199721336365,0.44387754797935486,0.6969780027866364,0.331398069858551,0.48568594455718994,0.668601930141449
private,2556,6,Neutral,V21_CORRECT_V22_WRONG,True,True,0.39108920097351074,0.5263605117797852,0.6089107990264893,0.3489593267440796,0.5042517185211182,0.6510406732559204,0.2127029150724411,0.3333333134651184,0.7872970849275589,0.31706497073173523,0.4589710831642151,0.6829350292682648,0.316022127866745,0.4642857015132904,0.683977872133255
private,2558,6,Neutral,V21_CORRECT_V22_WRONG,True,True,0.4196760058403015,0.534013569355011,0.5803239941596985,0.3737786114215851,0.5303996205329895,0.6262213885784149,0.22452378273010254,0.3431122303009033,0.7754762172698975,0.28710323572158813,0.4238945543766022,0.7128967642784119,0.3820815682411194,0.5423753261566162,0.6179184317588806
private,2571,0,Angry,V22_CORRECT_V21_WRONG,True,True,0.4220045208930969,0.5625,0.5779954791069031,0.47764426469802856,0.6330782175064087,0.5223557353019714,0.30042609572410583,0.43771257996559143,0.6995739042758942,0.30594292283058167,0.44238945841789246,0.6940570771694183,0.3392695486545563,0.4892290532588959,0.6607304513454437
private,2575,4,Sad,V21_CORRECT_V22_WRONG,True,True,0.41424304246902466,0.5140305757522583,0.5857569575309753,0.357695072889328,0.512117326259613,0.642304927110672,0.348276287317276,0.49872449040412903,0.651723712682724,0.28757554292678833,0.4277210831642151,0.7124244570732117,0.3899102807044983,0.5520125031471252,0.6100897192955017
private,2587,6,Neutral,V22_CORRECT_V21_WRONG,True,True,0.3890262544155121,0.5246598720550537,0.6109737455844879,0.3620922267436981,0.5163690447807312,0.6379077732563019,0.2568012773990631,0.37606292963027954,0.7431987226009369,0.28617778420448303,0.42283162474632263,0.713822215795517,0.3165891766548157,0.4729308485984802,0.6834108233451843
private,2589,0,Angry,V22_CORRECT_V21_WRONG,True,True,0.33485087752342224,0.4613095223903656,0.6651491224765778,0.3750203251838684,0.5303996205329895,0.6249796748161316,0.25674647092819214,0.3892431855201721,0.7432535290718079,0.2516688108444214,0.3824404776096344,0.7483311891555786,0.3159618079662323,0.4683957099914551,0.6840381920337677
private,2595,3,Happy,V21_CORRECT_V22_WRONG,True,True,0.3901764452457428,0.5187074542045593,0.6098235547542572,0.29878368973731995,0.4447278678417206,0.70121631026268,0.3255780339241028,0.45705780386924744,0.6744219660758972,0.22682645916938782,0.3446003198623657,0.7731735408306122,0.33193814754486084,0.48086732625961304,0.6680618524551392
private,2598,0,Angry,V22_CORRECT_V21_WRONG,True,True,0.40428462624549866,0.5289115309715271,0.5957153737545013,0.38650408387184143,0.545918345451355,0.6134959161281586,0.3309081792831421,0.47130101919174194,0.6690918207168579,0.2495410442352295,0.38201528787612915,0.7504589557647705,0.35478729009628296,0.5127550959587097,0.645212709903717
private,2601,4,Sad,V22_CORRECT_V21_WRONG,True,True,0.3955819308757782,0.5276360511779785,0.6044180691242218,0.3540240228176117,0.5102040767669678,0.6459759771823883,0.2914566993713379,0.4179421663284302,0.7085433006286621,0.26172465085983276,0.40136054158210754,0.7382753491401672,0.39348652958869934,0.5556972622871399,0.6065134704113007
private,2608,6,Neutral,V21_CORRECT_V22_WRONG,True,True,0.32846057415008545,0.45408162474632263,0.6715394258499146,0.33379119634628296,0.4857567846775055,0.666208803653717,0.1894422173500061,0.29634353518486023,0.8105577826499939,0.3193705081939697,0.462797611951828,0.6806294918060303,0.3299309015274048,0.477182537317276,0.6700690984725952
private,2615,4,Sad,V21_CORRECT_V22_WRONG,True,True,0.3423798382282257,0.4749149680137634,0.6576201617717743,0.32108888030052185,0.4710884392261505,0.6789111196994781,0.23542313277721405,0.3594812750816345,0.764576867222786,0.22336526215076447,0.349702388048172,0.7766347378492355,0.35548311471939087,0.516298234462738,0.6445168852806091
private,2618,5,Surprise,V21_CORRECT_V22_WRONG,True,True,0.4124971032142639,0.5403911471366882,0.5875028967857361,0.33832281827926636,0.4902210831642151,0.6616771817207336,0.305286705493927,0.452168345451355,0.694713294506073,0.23803964257240295,0.36118197441101074,0.761960357427597,0.34110429883003235,0.49872449040412903,0.6588957011699677
private,2632,6,Neutral,V22_CORRECT_V21_WRONG,True,True,0.38088420033454895,0.509353756904602,0.619115799665451,0.3336952328681946,0.48469385504722595,0.6663047671318054,0.22941365838050842,0.3458758294582367,0.7705863416194916,0.3087324798107147,0.4479166567325592,0.6912675201892853,0.2983189821243286,0.44756239652633667,0.7016810178756714
private,2636,3,Happy,V21_CORRECT_V22_WRONG,True,True,0.3962380886077881,0.5255101919174194,0.6037619113922119,0.3694472908973694,0.5195578336715698,0.6305527091026306,0.30282336473464966,0.4472789168357849,0.6971766352653503,0.29260948300361633,0.43261054158210754,0.7073905169963837,0.3574291467666626,0.5177154541015625,0.6425708532333374
private,2642,4,Sad,V22_CORRECT_V21_WRONG,True,True,0.39584457874298096,0.5216836333274841,0.604155421257019,0.28070494532585144,0.4198554456233978,0.7192950546741486,0.2596515715122223,0.39115646481513977,0.7403484284877777,0.2312956303358078,0.35097789764404297,0.7687043696641922,0.3661392033100128,0.5269274711608887,0.6338607966899872
private,2644,4,Sad,V21_CORRECT_V22_WRONG,True,True,0.3502146303653717,0.46173468232154846,0.6497853696346283,0.29789817333221436,0.43771257996559143,0.7021018266677856,0.2563911974430084,0.39030611515045166,0.7436088025569916,0.2295146882534027,0.3565050959587097,0.7704853117465973,0.34217897057533264,0.48767006397247314,0.6578210294246674
private,2656,3,Happy,V21_CORRECT_V22_WRONG,True,True,0.3623354434967041,0.49744898080825806,0.6376645565032959,0.3108559548854828,0.45705780386924744,0.6891440451145172,0.2504977881908417,0.37521257996559143,0.7495022118091583,0.2560345232486725,0.38732993602752686,0.7439654767513275,0.37528109550476074,0.5280612111091614,0.6247189044952393
private,2657,0,Angry,V22_CORRECT_V21_WRONG,True,True,0.36826851963996887,0.4783163070678711,0.6317314803600311,0.35162216424942017,0.502763569355011,0.6483778357505798,0.3008866012096405,0.432823121547699,0.6991133987903595,0.23976808786392212,0.3652210831642151,0.7602319121360779,0.35185331106185913,0.5042517185211182,0.6481466889381409
private,2662,0,Angry,V21_CORRECT_V22_WRONG,True,True,0.41741085052490234,0.5561224222183228,0.5825891494750977,0.38641834259033203,0.5437924861907959,0.613581657409668,0.22563497722148895,0.3503401279449463,0.774365022778511,0.3130667507648468,0.46152210235595703,0.6869332492351532,0.3885810375213623,0.5508787035942078,0.6114189624786377
private,2673,4,Sad,V22_CORRECT_V21_WRONG,True,True,0.30251994729042053,0.42134353518486023,0.6974800527095795,0.3046557605266571,0.43941324949264526,0.6953442394733429,0.3943103551864624,0.550595223903656,0.6056896448135376,0.23682112991809845,0.3647959232330322,0.7631788700819016,0.3057223856449127,0.4554988741874695,0.6942776143550873
private,2679,6,Neutral,V22_CORRECT_V21_WRONG,True,True,0.3748932182788849,0.5017006993293762,0.6251067817211151,0.3697812855243683,0.5127550959587097,0.6302187144756317,0.21293574571609497,0.33290815353393555,0.787064254283905,0.25320369005203247,0.3862670063972473,0.7467963099479675,0.3315199315547943,0.48908731341362,0.6684800684452057
private,2682,6,Neutral,V22_CORRECT_V21_WRONG,True,True,0.37031519412994385,0.4910714328289032,0.6296848058700562,0.3120326101779938,0.4517431855201721,0.6879673898220062,0.2844372093677521,0.4226190447807312,0.7155627906322479,0.3390160799026489,0.4934098422527313,0.6609839200973511,0.38094058632850647,0.5452097654342651,0.6190594136714935
private,2689,5,Surprise,V21_CORRECT_V22_WRONG,True,True,0.31407269835472107,0.43877550959587097,0.6859273016452789,0.4226093292236328,0.5769557952880859,0.5773906707763672,0.2825029194355011,0.420918345451355,0.7174970805644989,0.24721552431583405,0.3758503198623657,0.752784475684166,0.372548371553421,0.5331632494926453,0.627451628446579
private,2693,4,Sad,V21_CORRECT_V22_WRONG,True,True,0.39158982038497925,0.5297619104385376,0.6084101796150208,0.3992752730846405,0.5478315949440002,0.6007247269153595,0.31246620416641235,0.45790815353393555,0.6875337958335876,0.32309287786483765,0.44302719831466675,0.6769071221351624,0.36051711440086365,0.5177154541015625,0.6394828855991364
private,2697,3,Happy,V22_CORRECT_V21_WRONG,True,True,0.392061710357666,0.5263605117797852,0.607938289642334,0.41104254126548767,0.5656887888908386,0.5889574587345123,0.3520326018333435,0.5019132494926453,0.6479673981666565,0.2783825993537903,0.41092684864997864,0.7216174006462097,0.32261916995048523,0.4800170063972473,0.6773808300495148
private,2699,2,Fear,V22_CORRECT_V21_WRONG,True,True,0.37486231327056885,0.495323121547699,0.6251376867294312,0.2727498710155487,0.39753401279449463,0.7272501289844513,0.2806302309036255,0.41390305757522583,0.7193697690963745,0.24129781126976013,0.36330780386924744,0.7587021887302399,0.40086594223976135,0.5589569211006165,0.5991340577602386
private,2701,3,Happy,V22_CORRECT_V21_WRONG,True,True,0.377758264541626,0.5059523582458496,0.622241735458374,0.3118338882923126,0.4619472622871399,0.6881661117076874,0.2795722782611847,0.4198554456233978,0.7204277217388153,0.3572562634944916,0.5029761791229248,0.6427437365055084,0.34907540678977966,0.5052438378334045,0.6509245932102203
private,2706,6,Neutral,V21_CORRECT_V22_WRONG,True,True,0.40503406524658203,0.5131802558898926,0.594965934753418,0.36212047934532166,0.5153061151504517,0.6378795206546783,0.22304724156856537,0.3490646183490753,0.7769527584314346,0.1768617331981659,0.2895407974720001,0.8231382668018341,0.3042497932910919,0.45578229427337646,0.6957502067089081
private,2711,0,Angry,V22_CORRECT_V21_WRONG,True,True,0.3983008861541748,0.5408163070678711,0.6016991138458252,0.40300875902175903,0.5614370703697205,0.596991240978241,0.2890043258666992,0.4204931855201721,0.7109956741333008,0.20763085782527924,0.3297193944454193,0.7923691421747208,0.3619186282157898,0.5223923325538635,0.6380813717842102
private,2718,3,Happy,V21_CORRECT_V22_WRONG,True,True,0.3232825994491577,0.43112245202064514,0.6767174005508423,0.34572383761405945,0.49277210235595703,0.6542761623859406,0.3428124487400055,0.4968112111091614,0.6571875512599945,0.22077253460884094,0.33886054158210754,0.7792274653911591,0.3431224226951599,0.49943313002586365,0.6568775773048401
private,2727,6,Neutral,V22_CORRECT_V21_WRONG,True,True,0.33142897486686707,0.4447278678417206,0.6685710251331329,0.3295312821865082,0.48107993602752686,0.6704687178134918,0.29009148478507996,0.419642835855484,0.70990851521492,0.30820682644844055,0.45365646481513977,0.6917931735515594,0.3244316875934601,0.4820011556148529,0.6755683124065399
private,2742,0,Angry,V22_CORRECT_V21_WRONG,True,True,0.3486268222332001,0.4910714328289032,0.6513731777667999,0.37990978360176086,0.5223214030265808,0.6200902163982391,0.27346304059028625,0.41028910875320435,0.7265369594097137,0.20651689171791077,0.32249149680137634,0.7934831082820892,0.3359135091304779,0.47675737738609314,0.6640864908695221
private,2752,3,Happy,V21_CORRECT_V22_WRONG,True,False,0.2831243574619293,0.40051019191741943,0.7168756425380707,0.2548503875732422,0.38945576548576355,0.7451496124267578,0.2126895785331726,0.33673468232154846,0.7873104214668274,0.30033475160598755,0.4343112111091614,0.6996652483940125,0.29080069065093994,0.4393424093723297,0.7091993093490601
private,2755,4,Sad,V21_CORRECT_V22_WRONG,True,True,0.4124501347541809,0.5199829936027527,0.5875498652458191,0.3514678180217743,0.49234694242477417,0.6485321819782257,0.25997406244277954,0.38286563754081726,0.7400259375572205,0.27683719992637634,0.4122023582458496,0.7231628000736237,0.3901156485080719,0.5544217824935913,0.6098843514919281
private,2759,3,Happy,V21_CORRECT_V22_WRONG,True,True,0.36837267875671387,0.49064624309539795,0.6316273212432861,0.2877846658229828,0.42878401279449463,0.7122153341770172,0.22637850046157837,0.35437923669815063,0.7736214995384216,0.2755148410797119,0.4100765287876129,0.7244851589202881,0.3555102050304413,0.5154478549957275,0.6444897949695587
private,2760,4,Sad,V21_CORRECT_V22_WRONG,True,True,0.3766377568244934,0.49064624309539795,0.6233622431755066,0.37378233671188354,0.5284863710403442,0.6262176632881165,0.2950749099254608,0.4357993006706238,0.7049250900745392,0.27835410833358765,0.4105016887187958,0.7216458916664124,0.38090062141418457,0.5402494668960571,0.6190993785858154
private,2797,5,Surprise,V21_CORRECT_V22_WRONG,True,True,0.3196989893913269,0.44387754797935486,0.6803010106086731,0.34227633476257324,0.4919217526912689,0.6577236652374268,0.29774099588394165,0.44090133905410767,0.7022590041160583,0.28021520376205444,0.4194302558898926,0.7197847962379456,0.34602826833724976,0.489370733499527,0.6539717316627502
private,2799,2,Fear,V21_CORRECT_V22_WRONG,True,True,0.33497363328933716,0.4553571343421936,0.6650263667106628,0.2923010289669037,0.43027210235595703,0.7076989710330963,0.25237566232681274,0.37606292963027954,0.7476243376731873,0.21500957012176514,0.3401360511779785,0.7849904298782349,0.3671056926250458,0.5238094925880432,0.6328943073749542
private,2802,6,Neutral,V21_CORRECT_V22_WRONG,True,True,0.3886220455169678,0.5148809552192688,0.6113779544830322,0.36775416135787964,0.5136054158210754,0.6322458386421204,0.18115921318531036,0.28231292963027954,0.8188407868146896,0.28135624527931213,0.41262754797935486,0.7186437547206879,0.37229523062705994,0.5341553688049316,0.6277047693729401
private,2810,6,Neutral,V21_CORRECT_V22_WRONG,True,True,0.38466984033584595,0.5012754797935486,0.615330159664154,0.3343362808227539,0.4806547462940216,0.6656637191772461,0.2922717034816742,0.4294217526912689,0.7077282965183258,0.22797243297100067,0.3533163070678711,0.7720275670289993,0.36246442794799805,0.5157312750816345,0.637535572052002
private,2816,2,Fear,V22_CORRECT_V21_WRONG,True,True,0.36990469694137573,0.49277210235595703,0.6300953030586243,0.2948346734046936,0.432823121547699,0.7051653265953064,0.32029014825820923,0.4547193646430969,0.6797098517417908,0.22047460079193115,0.35161563754081726,0.7795253992080688,0.3377207815647125,0.48483559489250183,0.6622792184352875
private,2817,0,Angry,V21_CORRECT_V22_WRONG,True,True,0.4275337755680084,0.5693027377128601,0.5724662244319916,0.3979978561401367,0.5565475821495056,0.6020021438598633,0.2922016382217407,0.42219385504722595,0.7077983617782593,0.2724728286266327,0.4113520383834839,0.7275271713733673,0.38682079315185547,0.5494614839553833,0.6131792068481445
private,2825,0,Angry,V21_CORRECT_V22_WRONG,True,True,0.40848419070243835,0.5357142686843872,0.5915158092975616,0.3542647063732147,0.49213433265686035,0.6457352936267853,0.22932007908821106,0.3499149680137634,0.7706799209117889,0.2361675202846527,0.3652210831642151,0.7638324797153473,0.3633940517902374,0.5238094925880432,0.6366059482097626
private,2826,6,Neutral,V22_CORRECT_V21_WRONG,True,True,0.37912827730178833,0.5076530575752258,0.6208717226982117,0.337915301322937,0.4917091727256775,0.662084698677063,0.3038710951805115,0.43856292963027954,0.6961289048194885,0.2397030144929886,0.369047611951828,0.7602969855070114,0.3552095592021942,0.5111961960792542,0.6447904407978058
private,2831,6,Neutral,V22_CORRECT_V21_WRONG,True,True,0.3516683578491211,0.4723639488220215,0.6483316421508789,0.37537845969200134,0.5229591727256775,0.6246215403079987,0.2709077298641205,0.3951955735683441,0.7290922701358795,0.2819013297557831,0.4181547462940216,0.7180986702442169,0.3554585576057434,0.5136054158210754,0.6445414423942566
private,2838,6,Neutral,V21_CORRECT_V22_WRONG,True,True,0.39409753680229187,0.5250850319862366,0.6059024631977081,0.3890659809112549,0.5410289168357849,0.6109340190887451,0.2794688940048218,0.4179421663284302,0.7205311059951782,0.2358877956867218,0.35607993602752686,0.7641122043132782,0.4246414005756378,0.583758533000946,0.5753585994243622
private,2849,0,Angry,V21_CORRECT_V22_WRONG,True,True,0.35293707251548767,0.48384353518486023,0.6470629274845123,0.31738466024398804,0.4678996503353119,0.682615339756012,0.30610957741737366,0.4428146183490753,0.6938904225826263,0.25222253799438477,0.3718112111091614,0.7477774620056152,0.4099506139755249,0.5745465159416199,0.5900493860244751
private,2857,4,Sad,V21_CORRECT_V22_WRONG,True,True,0.3453250527381897,0.4574829936027527,0.6546749472618103,0.3288221061229706,0.4800170063972473,0.6711778938770294,0.2872523069381714,0.4285714328289032,0.7127476930618286,0.24516752362251282,0.37988945841789246,0.7548324763774872,0.338685005903244,0.4961734712123871,0.661314994096756
private,2859,4,Sad,V21_CORRECT_V22_WRONG,True,True,0.40745487809181213,0.5510203838348389,0.5925451219081879,0.3148185908794403,0.46109694242477417,0.6851814091205597,0.25740358233451843,0.3786139488220215,0.7425964176654816,0.3173462748527527,0.4530186951160431,0.6826537251472473,0.3162645399570465,0.46301019191741943,0.6837354600429535
private,2865,3,Happy,V21_CORRECT_V22_WRONG,True,True,0.38152581453323364,0.5161564350128174,0.6184741854667664,0.30362260341644287,0.45259353518486023,0.6963773965835571,0.257770299911499,0.3735119104385376,0.742229700088501,0.2587980329990387,0.38562923669815063,0.7412019670009613,0.36802226305007935,0.5269274711608887,0.6319777369499207
private,2868,6,Neutral,V21_CORRECT_V22_WRONG,True,True,0.4070202112197876,0.5382652878761292,0.5929797887802124,0.3814941644668579,0.540603756904602,0.6185058355331421,0.340358167886734,0.4827806055545807,0.659641832113266,0.2257385402917862,0.3520407974720001,0.7742614597082138,0.3541434705257416,0.5068027377128601,0.6458565294742584
private,2869,6,Neutral,V22_CORRECT_V21_WRONG,True,True,0.33749207854270935,0.4655612111091614,0.6625079214572906,0.3229564428329468,0.4747023582458496,0.6770435571670532,0.19700740277767181,0.31568875908851624,0.8029925972223282,0.3217940628528595,0.47045066952705383,0.6782059371471405,0.3579338490962982,0.5160147547721863,0.6420661509037018
private,2870,0,Angry,V21_CORRECT_V22_WRONG,True,True,0.3941608667373657,0.5123299360275269,0.6058391332626343,0.31039491295814514,0.4506802558898926,0.6896050870418549,0.25170639157295227,0.3807397782802582,0.7482936084270477,0.22636942565441132,0.34247449040412903,0.7736305743455887,0.4210819900035858,0.5773809552192688,0.5789180099964142
private,2871,3,Happy,V21_CORRECT_V22_WRONG,True,True,0.4003141522407532,0.5301870703697205,0.5996858477592468,0.3173156976699829,0.4574829936027527,0.6826843023300171,0.23237280547618866,0.35756802558898926,0.7676271945238113,0.25388869643211365,0.3852040767669678,0.7461113035678864,0.3480033278465271,0.5025510191917419,0.6519966721534729
private,2872,0,Angry,V21_CORRECT_V22_WRONG,True,True,0.2614346444606781,0.3792516887187958,0.7385653555393219,0.33391934633255005,0.4872448742389679,0.66608065366745,0.20054315030574799,0.3146258294582367,0.799456849694252,0.2671095132827759,0.39030611515045166,0.7328904867172241,0.33898186683654785,0.4980159401893616,0.6610181331634521
private,2874,3,Happy,V21_CORRECT_V22_WRONG,True,True,0.43271496891975403,0.5616496205329895,0.567285031080246,0.3996739387512207,0.5527210831642151,0.6003260612487793,0.3235607445240021,0.4678996503353119,0.6764392554759979,0.20309145748615265,0.3169642686843872,0.7969085425138474,0.32886847853660583,0.48469385504722595,0.6711315214633942
private,2878,6,Neutral,V22_CORRECT_V21_WRONG,True,True,0.38727879524230957,0.5195578336715698,0.6127212047576904,0.29823800921440125,0.4283588230609894,0.7017619907855988,0.27418196201324463,0.4119897782802582,0.7258180379867554,0.29709893465042114,0.4306972622871399,0.7029010653495789,0.3851501941680908,0.54067462682724,0.6148498058319092
private,2884,3,Happy,V22_CORRECT_V21_WRONG,True,True,0.3911614716053009,0.531462550163269,0.6088385283946991,0.46926406025886536,0.6175594925880432,0.5307359397411346,0.30927905440330505,0.44387754797935486,0.690720945596695,0.308579683303833,0.4506802558898926,0.691420316696167,0.3342476487159729,0.4899376630783081,0.6657523512840271
private,2888,2,Fear,V21_CORRECT_V22_WRONG,True,True,0.41114547848701477,0.5318877696990967,0.5888545215129852,0.312112957239151,0.45578229427337646,0.687887042760849,0.2416239082813263,0.37011054158210754,0.7583760917186737,0.2514289617538452,0.3860544264316559,0.7485710382461548,0.3876594007015228,0.5501700639724731,0.6123405992984772
private,2890,5,Surprise,V22_CORRECT_V21_WRONG,True,True,0.3817126452922821,0.511904776096344,0.6182873547077179,0.29644453525543213,0.4323979616165161,0.7035554647445679,0.27055785059928894,0.4100765287876129,0.7294421494007111,0.1988551914691925,0.31590136885643005,0.8011448085308075,0.36413687467575073,0.5246598720550537,0.6358631253242493
private,2906,4,Sad,V21_CORRECT_V22_WRONG,True,True,0.3554013669490814,0.4897959232330322,0.6445986330509186,0.2563406527042389,0.3958333134651184,0.7436593472957611,0.32707998156547546,0.48171767592430115,0.6729200184345245,0.19329272210597992,0.30994898080825806,0.8067072778940201,0.3275163173675537,0.4790249764919281,0.6724836826324463
private,2932,2,Fear,V22_CORRECT_V21_WRONG,True,True,0.48152148723602295,0.6228741407394409,0.518478512763977,0.3375309407711029,0.4747023582458496,0.6624690592288971,0.19889101386070251,0.3186649680137634,0.8011089861392975,0.308848112821579,0.4553571343421936,0.691151887178421,0.4073878526687622,0.5524377226829529,0.5926121473312378
private,2946,2,Fear,V21_CORRECT_V22_WRONG,True,True,0.3622979521751404,0.49362245202064514,0.6377020478248596,0.3506945073604584,0.5019132494926453,0.6493054926395416,0.266810804605484,0.41092684864997864,0.733189195394516,0.24593476951122284,0.3811649680137634,0.7540652304887772,0.3451846241950989,0.5036848187446594,0.6548153758049011
private,2952,2,Fear,V21_CORRECT_V22_WRONG,True,True,0.3923508822917938,0.5297619104385376,0.6076491177082062,0.41668933629989624,0.572491466999054,0.5833106637001038,0.2872934341430664,0.43197277188301086,0.7127065658569336,0.24099819362163544,0.3705357015132904,0.7590018063783646,0.37149763107299805,0.529053270816803,0.628502368927002
private,2959,2,Fear,V21_CORRECT_V22_WRONG,True,True,0.3530164361000061,0.4710884392261505,0.6469835638999939,0.36907076835632324,0.5023384094238281,0.6309292316436768,0.29590678215026855,0.43473637104034424,0.7040932178497314,0.3002847135066986,0.43728742003440857,0.6997152864933014,0.3611902594566345,0.5113378763198853,0.6388097405433655
private,2962,4,Sad,V21_CORRECT_V22_WRONG,True,True,0.35605013370513916,0.4566326439380646,0.6439498662948608,0.3764971196651459,0.5323129296302795,0.6235028803348541,0.3368039131164551,0.4770407974720001,0.6631960868835449,0.2732510268688202,0.4071003198623657,0.7267489731311798,0.39085641503334045,0.5486111640930176,0.6091435849666595
private,2971,2,Fear,V22_CORRECT_V21_WRONG,True,True,0.4368235170841217,0.5816326141357422,0.5631764829158783,0.3567879796028137,0.5144557952880859,0.6432120203971863,0.296958327293396,0.43728742003440857,0.703041672706604,0.24807240068912506,0.3667091727256775,0.7519275993108749,0.38169407844543457,0.5399659872055054,0.6183059215545654
private,2975,4,Sad,V22_CORRECT_V21_WRONG,True,True,0.38044607639312744,0.4910714328289032,0.6195539236068726,0.37183812260627747,0.5178571343421936,0.6281618773937225,0.19382207095623016,0.30846089124679565,0.8061779290437698,0.23457995057106018,0.35140305757522583,0.7654200494289398,0.390290766954422,0.5490362644195557,0.609709233045578
private,2980,0,Angry,V21_CORRECT_V22_WRONG,True,True,0.38893988728523254,0.5178571343421936,0.6110601127147675,0.42056238651275635,0.5659013390541077,0.5794376134872437,0.3083801865577698,0.4470663070678711,0.6916198134422302,0.35534846782684326,0.49596086144447327,0.6446515321731567,0.3354416489601135,0.4863945543766022,0.6645583510398865
private,2983,2,Fear,V22_CORRECT_V21_WRONG,True,True,0.3807627856731415,0.5212584733963013,0.6192372143268585,0.2985839247703552,0.4404761791229248,0.7014160752296448,0.2605452835559845,0.39179420471191406,0.7394547164440155,0.24617299437522888,0.3722364008426666,0.7538270056247711,0.3759217858314514,0.5355725884437561,0.6240782141685486
private,3004,6,Neutral,V22_CORRECT_V21_WRONG,True,True,0.369306743144989,0.5012754797935486,0.630693256855011,0.30703258514404297,0.4506802558898926,0.692967414855957,0.30036234855651855,0.4417516887187958,0.6996376514434814,0.24007607996463776,0.3609693944454193,0.7599239200353622,0.3778323829174042,0.5354308485984802,0.6221676170825958
private,3021,2,Fear,V22_CORRECT_V21_WRONG,True,True,0.39127394556999207,0.5255101919174194,0.6087260544300079,0.333536297082901,0.4740646183490753,0.666463702917099,0.3030071258544922,0.4383503198623657,0.6969928741455078,0.2622929811477661,0.39540815353393555,0.7377070188522339,0.3790714740753174,0.5345805287361145,0.6209285259246826
private,3029,4,Sad,V21_CORRECT_V22_WRONG,True,True,0.38347509503364563,0.5097789168357849,0.6165249049663544,0.30117806792259216,0.43941324949264526,0.6988219320774078,0.2809968888759613,0.4128401279449463,0.7190031111240387,0.2184295654296875,0.3309949040412903,0.7815704345703125,0.33708298206329346,0.4917800724506378,0.6629170179367065
private,3034,6,Neutral,V21_CORRECT_V22_WRONG,True,True,0.41103628277778625,0.5450680255889893,0.5889637172222137,0.33599743247032166,0.48703229427337646,0.6640025675296783,0.2562015950679779,0.39306971430778503,0.7437984049320221,0.3012409806251526,0.4404761791229248,0.6987590193748474,0.3286978006362915,0.4852607846260071,0.6713021993637085
private,3049,2,Fear,V21_CORRECT_V22_WRONG,True,True,0.4448390007019043,0.5863094925880432,0.5551609992980957,0.4265398681163788,0.5841836333274841,0.5734601318836212,0.3199550211429596,0.4551445543766022,0.6800449788570404,0.2078787088394165,0.3316326439380646,0.7921212911605835,0.38454481959342957,0.5432256460189819,0.6154551804065704
private,3059,2,Fear,V21_CORRECT_V22_WRONG,True,True,0.3207205533981323,0.4562074840068817,0.6792794466018677,0.3571125864982605,0.5106292366981506,0.6428874135017395,0.26449280977249146,0.3951955735683441,0.7355071902275085,0.33710604906082153,0.47130101919174194,0.6628939509391785,0.2875889837741852,0.43721655011177063,0.7124110162258148
private,3062,5,Surprise,V22_CORRECT_V21_WRONG,True,True,0.39268097281455994,0.5208333134651184,0.6073190271854401,0.39016640186309814,0.5486819744110107,0.6098335981369019,0.2816011309623718,0.4253826439380646,0.7183988690376282,0.2569214105606079,0.38052719831466675,0.7430785894393921,0.2739725410938263,0.41992631554603577,0.7260274589061737
private,3064,2,Fear,V21_CORRECT_V22_WRONG,True,True,0.3905758559703827,0.5378401279449463,0.6094241440296173,0.34446075558662415,0.48830780386924744,0.6555392444133759,0.30042213201522827,0.4455782175064087,0.6995778679847717,0.1895034909248352,0.2961309552192688,0.8104965090751648,0.42279306054115295,0.5755385756492615,0.577206939458847
private,3067,4,Sad,V22_CORRECT_V21_WRONG,True,True,0.45578765869140625,0.5731292366981506,0.5442123413085938,0.3860316276550293,0.531462550163269,0.6139683723449707,0.3257330060005188,0.45939624309539795,0.6742669939994812,0.25727397203445435,0.3809523582458496,0.7427260279655457,0.3730650842189789,0.5323129296302795,0.6269349157810211
private,3077,4,Sad,V21_CORRECT_V22_WRONG,True,True,0.33233335614204407,0.45790815353393555,0.6676666438579559,0.29394057393074036,0.43920066952705383,0.7060594260692596,0.3336162269115448,0.48852038383483887,0.6663837730884552,0.33314573764801025,0.4708758294582367,0.6668542623519897,0.3350220024585724,0.488803893327713,0.6649779975414276
private,3087,0,Angry,V22_CORRECT_V21_WRONG,True,True,0.43377062678337097,0.571853756904602,0.566229373216629,0.4420904517173767,0.6001275181770325,0.5579095482826233,0.28423523902893066,0.4262329936027527,0.7157647609710693,0.2674349844455719,0.39689624309539795,0.7325650155544281,0.3307381272315979,0.4820011556148529,0.6692618727684021
private,3094,6,Neutral,V22_CORRECT_V21_WRONG,True,True,0.40883514285087585,0.5348639488220215,0.5911648571491241,0.2993200421333313,0.4279336631298065,0.7006799578666687,0.1934715062379837,0.2967686951160431,0.8065284937620163,0.26861536502838135,0.40433672070503235,0.7313846349716187,0.3404061496257782,0.49858278036117554,0.6595938503742218
private,3099,4,Sad,V22_CORRECT_V21_WRONG,True,True,0.3513852059841156,0.46386054158210754,0.6486147940158844,0.37900111079216003,0.5316751599311829,0.62099888920784,0.29125168919563293,0.43027210235595703,0.7087483108043671,0.26041340827941895,0.3949829936027527,0.739586591720581,0.3856827914714813,0.540958046913147,0.6143172085285187
private,3109,0,Angry,V21_CORRECT_V22_WRONG,True,True,0.40751913189888,0.5297619104385376,0.59248086810112,0.3721975088119507,0.5167942047119141,0.6278024911880493,0.33809447288513184,0.4723639488220215,0.6619055271148682,0.34876757860183716,0.48320576548576355,0.6512324213981628,0.36163175106048584,0.5145975351333618,0.6383682489395142
private,3117,6,Neutral,V22_CORRECT_V21_WRONG,True,True,0.3562086522579193,0.4842686951160431,0.6437913477420807,0.24060940742492676,0.36628401279449463,0.7593905925750732,0.23643864691257477,0.3675595223903656,0.7635613530874252,0.287448525428772,0.431547611951828,0.712551474571228,0.34510257840156555,0.5014172196388245,0.6548974215984344
private,3129,2,Fear,V22_CORRECT_V21_WRONG,True,True,0.35479840636253357,0.4812925159931183,0.6452015936374664,0.38998398184776306,0.5367771983146667,0.6100160181522369,0.3487715721130371,0.4812925159931183,0.6512284278869629,0.26746317744255066,0.4017857015132904,0.7325368225574493,0.3216826617717743,0.4820011556148529,0.6783173382282257
private,3133,4,Sad,V21_CORRECT_V22_WRONG,True,True,0.3876144289970398,0.5038264989852905,0.6123855710029602,0.3519285023212433,0.5070152878761292,0.6480714976787567,0.29542484879493713,0.42453229427337646,0.7045751512050629,0.2599268853664398,0.39243197441101074,0.7400731146335602,0.32153835892677307,0.46952953934669495,0.6784616410732269
private,3141,0,Angry,V22_CORRECT_V21_WRONG,True,True,0.2819945216178894,0.39753401279449463,0.7180054783821106,0.31432434916496277,0.45046767592430115,0.6856756508350372,0.3243364691734314,0.47640305757522583,0.6756635308265686,0.2435993254184723,0.37478742003440857,0.7564006745815277,0.3523041605949402,0.5028344988822937,0.6476958394050598
private,3143,6,Neutral,V21_CORRECT_V22_WRONG,True,True,0.3660467267036438,0.49234694242477417,0.6339532732963562,0.40699490904808044,0.5539965629577637,0.5930050909519196,0.17115691304206848,0.2744472622871399,0.8288430869579315,0.3086976110935211,0.4559948742389679,0.6913023889064789,0.34419819712638855,0.5024093389511108,0.6558018028736115
private,3149,0,Angry,V21_CORRECT_V22_WRONG,True,True,0.3624313175678253,0.489370733499527,0.6375686824321747,0.33551716804504395,0.4768282175064087,0.664482831954956,0.2841084599494934,0.4179421663284302,0.7158915400505066,0.2448267936706543,0.3764880895614624,0.7551732063293457,0.35538995265960693,0.511904776096344,0.6446100473403931
private,3150,4,Sad,V22_CORRECT_V21_WRONG,True,True,0.3707425594329834,0.4919217526912689,0.6292574405670166,0.3242398202419281,0.4696003198623657,0.6757601797580719,0.18315021693706512,0.29124149680137634,0.8168497830629349,0.2699771225452423,0.4098639488220215,0.7300228774547577,0.31592410802841187,0.46853742003440857,0.6840758919715881
private,3160,5,Surprise,V22_CORRECT_V21_WRONG,True,True,0.36921536922454834,0.495323121547699,0.6307846307754517,0.3086194097995758,0.45259353518486023,0.6913805902004242,0.30397599935531616,0.4494047462940216,0.6960240006446838,0.32586854696273804,0.4589710831642151,0.674131453037262,0.3500460386276245,0.5111961364746094,0.6499539613723755
private,3161,3,Happy,V22_CORRECT_V21_WRONG,True,True,0.32320308685302734,0.45195576548576355,0.6767969131469727,0.2916085422039032,0.4368622303009033,0.7083914577960968,0.31220728158950806,0.4434523582458496,0.6877927184104919,0.2709445059299469,0.4083758294582367,0.7290554940700531,0.38817518949508667,0.5483276844024658,0.6118248105049133
private,3170,5,Surprise,V22_CORRECT_V21_WRONG,True,True,0.37702298164367676,0.507227897644043,0.6229770183563232,0.35625195503234863,0.5021258592605591,0.6437480449676514,0.233842134475708,0.364370733499527,0.766157865524292,0.2739795446395874,0.39923468232154846,0.7260204553604126,0.2919366657733917,0.44075965881347656,0.7080633342266083
private,3178,6,Neutral,V22_CORRECT_V21_WRONG,True,True,0.34006184339523315,0.4621598422527313,0.6599381566047668,0.3454950749874115,0.4878826439380646,0.6545049250125885,0.2822619676589966,0.39477041363716125,0.7177380323410034,0.24994701147079468,0.37755101919174194,0.7500529885292053,0.3792102634906769,0.5280612111091614,0.6207897365093231
private,3181,2,Fear,V21_CORRECT_V22_WRONG,True,True,0.3854445815086365,0.5276360511779785,0.6145554184913635,0.3929513990879059,0.5478315949440002,0.6070486009120941,0.21067073941230774,0.32015305757522583,0.7893292605876923,0.2895074784755707,0.4277210831642151,0.7104925215244293,0.3646204471588135,0.524092972278595,0.6353795528411865
private,3188,4,Sad,V21_CORRECT_V22_WRONG,True,True,0.3658970594406128,0.5110543966293335,0.6341029405593872,0.3173167407512665,0.4604591727256775,0.6826832592487335,0.3352181613445282,0.4738520383834839,0.6647818386554718,0.28669992089271545,0.4119897782802582,0.7133000791072845,0.3126331567764282,0.4632936716079712,0.6873668432235718
private,3193,2,Fear,V21_CORRECT_V22_WRONG,True,True,0.3116808831691742,0.43409863114356995,0.6883191168308258,0.26957428455352783,0.41028910875320435,0.7304257154464722,0.3254551589488983,0.4732142686843872,0.6745448410511017,0.2947848439216614,0.43558672070503235,0.7052151560783386,0.3740611672401428,0.533730149269104,0.6259388327598572
private,3195,6,Neutral,V22_CORRECT_V21_WRONG,True,True,0.3977665603160858,0.534013569355011,0.6022334396839142,0.3471141457557678,0.49744898080825806,0.6528858542442322,0.27990004420280457,0.4226190447807312,0.7200999557971954,0.31116238236427307,0.4432397782802582,0.6888376176357269,0.3181794285774231,0.47378119826316833,0.6818205714225769
private,3197,4,Sad,V21_CORRECT_V22_WRONG,True,True,0.31997302174568176,0.4375,0.6800269782543182,0.30236372351646423,0.4511054456233978,0.6976362764835358,0.29628244042396545,0.43346086144447327,0.7037175595760345,0.24647508561611176,0.3713860511779785,0.7535249143838882,0.32066476345062256,0.472222238779068,0.6793352365493774
private,3198,4,Sad,V22_CORRECT_V21_WRONG,True,True,0.39433416724205017,0.5229591727256775,0.6056658327579498,0.32727694511413574,0.4798044264316559,0.6727230548858643,0.248704731464386,0.37308672070503235,0.751295268535614,0.29410290718078613,0.4309098422527313,0.7058970928192139,0.34830528497695923,0.5031179189682007,0.6516947150230408
private,3215,5,Surprise,V21_CORRECT_V22_WRONG,True,True,0.40369078516960144,0.5233843326568604,0.5963092148303986,0.2746707499027252,0.400297611951828,0.7253292500972748,0.22875525057315826,0.3503401279449463,0.7712447494268417,0.18231534957885742,0.28762754797935486,0.8176846504211426,0.37330523133277893,0.5236678123474121,0.6266947686672211
private,3217,4,Sad,V22_CORRECT_V21_WRONG,True,True,0.25791436433792114,0.3669217526912689,0.7420856356620789,0.27555182576179504,0.4145407974720001,0.724448174238205,0.29826873540878296,0.43643707036972046,0.701731264591217,0.2718171775341034,0.40284863114356995,0.7281828224658966,0.3518773019313812,0.5014172196388245,0.6481226980686188
private,3221,3,Happy,V21_CORRECT_V22_WRONG,True,True,0.36516493558883667,0.48681971430778503,0.6348350644111633,0.4181249737739563,0.5688775181770325,0.5818750262260437,0.29077813029289246,0.4219812750816345,0.7092218697071075,0.2446039319038391,0.37159863114356995,0.7553960680961609,0.369685560464859,0.5294784903526306,0.630314439535141
private,3222,3,Happy,V22_CORRECT_V21_WRONG,True,True,0.45753300189971924,0.5905612111091614,0.5424669981002808,0.4761298596858978,0.6167091727256775,0.5238701403141022,0.33347710967063904,0.46683672070503235,0.666522890329361,0.3387279212474823,0.4666241407394409,0.6612720787525177,0.317859023809433,0.4641440212726593,0.682140976190567
private,3228,0,Angry,V21_CORRECT_V22_WRONG,True,True,0.4583686590194702,0.5875850319862366,0.5416313409805298,0.4152141213417053,0.5688775181770325,0.5847858786582947,0.337299108505249,0.483418345451355,0.662700891494751,0.31836414337158203,0.4634353518486023,0.681635856628418,0.35670173168182373,0.5124716758728027,0.6432982683181763
private,3232,5,Surprise,V22_CORRECT_V21_WRONG,True,True,0.342003732919693,0.4621598422527313,0.657996267080307,0.3477051258087158,0.4976615607738495,0.6522948741912842,0.22158470749855042,0.3473639488220215,0.7784152925014496,0.2559373378753662,0.3877550959587097,0.7440626621246338,0.3248797059059143,0.4811508059501648,0.6751202940940857
private,3234,6,Neutral,V22_CORRECT_V21_WRONG,True,True,0.3727496862411499,0.4889455735683441,0.6272503137588501,0.3602338135242462,0.4961734712123871,0.6397661864757538,0.293413907289505,0.42240646481513977,0.706586092710495,0.2806800603866577,0.40795066952705383,0.7193199396133423,0.34157732129096985,0.4998582899570465,0.6584226787090302
private,3235,4,Sad,V21_CORRECT_V22_WRONG,True,True,0.2831486761569977,0.3920067846775055,0.7168513238430023,0.35628923773765564,0.5023384094238281,0.6437107622623444,0.2935502529144287,0.4130527079105377,0.7064497470855713,0.2698238492012024,0.39328229427337646,0.7301761507987976,0.3041782081127167,0.4573412835597992,0.6958217918872833
private,3237,6,Neutral,V22_CORRECT_V21_WRONG,True,True,0.35507404804229736,0.4744897782802582,0.6449259519577026,0.33029982447624207,0.4842686951160431,0.6697001755237579,0.25856220722198486,0.37606292963027954,0.7414377927780151,0.2542743682861328,0.38562923669815063,0.7457256317138672,0.33250680565834045,0.4889455735683441,0.6674931943416595
private,3243,2,Fear,V21_CORRECT_V22_WRONG,True,True,0.3590373396873474,0.48554420471191406,0.6409626603126526,0.4610110819339752,0.6137329936027527,0.5389889180660248,0.3087614178657532,0.44302719831466675,0.6912385821342468,0.24054397642612457,0.3681972622871399,0.7594560235738754,0.39910072088241577,0.5558390021324158,0.6008992791175842
private,3267,0,Angry,V21_CORRECT_V22_WRONG,True,True,0.3751946687698364,0.5025510191917419,0.6248053312301636,0.3270409405231476,0.47427719831466675,0.6729590594768524,0.2602265179157257,0.3949829936027527,0.7397734820842743,0.2809610366821289,0.4107142686843872,0.7190389633178711,0.3225032687187195,0.4773242771625519,0.6774967312812805
private,3274,0,Angry,V22_CORRECT_V21_WRONG,True,True,0.3673058748245239,0.4910714328289032,0.6326941251754761,0.3737315535545349,0.5306122303009033,0.6262684464454651,0.27119070291519165,0.4047619104385376,0.7288092970848083,0.2441120743751526,0.3554421663284302,0.7558879256248474,0.4021852910518646,0.5664682388305664,0.5978147089481354
private,3277,2,Fear,V22_CORRECT_V21_WRONG,True,True,0.3645763099193573,0.49149659276008606,0.6354236900806427,0.3122856914997101,0.45705780386924744,0.6877143085002899,0.2881329655647278,0.4249574840068817,0.7118670344352722,0.2611677646636963,0.3881802558898926,0.7388322353363037,0.3829210102558136,0.5415249466896057,0.6170789897441864
private,3298,3,Happy,V21_CORRECT_V22_WRONG,True,True,0.37610891461372375,0.49744898080825806,0.6238910853862762,0.3142119348049164,0.4574829936027527,0.6857880651950836,0.2711842656135559,0.4092261791229248,0.7288157343864441,0.29182735085487366,0.4190050959587097,0.7081726491451263,0.3874994218349457,0.5422335863113403,0.6125005781650543
private,3302,4,Sad,V21_CORRECT_V22_WRONG,True,True,0.4328400492668152,0.5510203838348389,0.5671599507331848,0.37452295422554016,0.5199829936027527,0.6254770457744598,0.21549436450004578,0.3335459232330322,0.7845056354999542,0.3118097186088562,0.452168345451355,0.6881902813911438,0.3406727910041809,0.49844104051589966,0.6593272089958191
private,3306,3,Happy,V22_CORRECT_V21_WRONG,True,True,0.38139092922210693,0.509353756904602,0.6186090707778931,0.37139052152633667,0.5204081535339355,0.6286094784736633,0.2924404442310333,0.4351615607738495,0.7075595557689667,0.2695057988166809,0.41028910875320435,0.7304942011833191,0.3857384920120239,0.5422335863113403,0.6142615079879761
private,3313,0,Angry,V21_CORRECT_V22_WRONG,True,True,0.4248991310596466,0.5625,0.5751008689403534,0.3756296634674072,0.5284863710403442,0.6243703365325928,0.3234787583351135,0.4672618806362152,0.6765212416648865,0.2470446228981018,0.3845663070678711,0.7529553771018982,0.2763538360595703,0.4187925159931183,0.7236461639404297
private,3328,6,Neutral,V21_CORRECT_V22_WRONG,True,True,0.36488667130470276,0.4842686951160431,0.6351133286952972,0.32132044434547424,0.4693877398967743,0.6786795556545258,0.24021729826927185,0.3688350319862366,0.7597827017307281,0.3396456837654114,0.48384353518486023,0.6603543162345886,0.36520102620124817,0.5279195308685303,0.6347989737987518
private,3331,2,Fear,V21_CORRECT_V22_WRONG,True,True,0.4058035612106323,0.5471938848495483,0.5941964387893677,0.3860037922859192,0.5399659872055054,0.6139962077140808,0.3081510365009308,0.45727041363716125,0.6918489634990692,0.2714862525463104,0.41411563754081726,0.7285137474536896,0.3685047924518585,0.5269274711608887,0.6314952075481415
private,3336,6,Neutral,V21_CORRECT_V22_WRONG,True,True,0.3807326555252075,0.5204081535339355,0.6192673444747925,0.3866387605667114,0.5350764989852905,0.6133612394332886,0.24141637980937958,0.3541666567325592,0.7585836201906204,0.3063848316669464,0.44515305757522583,0.6936151683330536,0.3442481458187103,0.5001417398452759,0.6557518541812897
private,3348,6,Neutral,V21_CORRECT_V22_WRONG,True,True,0.3882039189338684,0.5174319744110107,0.6117960810661316,0.30413705110549927,0.45131802558898926,0.6958629488945007,0.24695605039596558,0.37308672070503235,0.7530439496040344,0.25846976041793823,0.39094385504722595,0.7415302395820618,0.3366664946079254,0.495323121547699,0.6633335053920746
private,3349,3,Happy,V21_CORRECT_V22_WRONG,True,True,0.32539501786231995,0.44897958636283875,0.67460498213768,0.30962660908699036,0.4545067846775055,0.6903733909130096,0.25697845220565796,0.38499149680137634,0.743021547794342,0.3828350603580475,0.5355017185211182,0.6171649396419525,0.32969382405281067,0.48767006397247314,0.6703061759471893
private,3356,2,Fear,V22_CORRECT_V21_WRONG,True,True,0.3217760920524597,0.44515305757522583,0.6782239079475403,0.36177828907966614,0.5142431855201721,0.6382217109203339,0.30535954236984253,0.4532312750816345,0.6946404576301575,0.3048829436302185,0.43324828147888184,0.6951170563697815,0.4289407730102539,0.5894274711608887,0.5710592269897461
private,3357,4,Sad,V22_CORRECT_V21_WRONG,True,True,0.28623199462890625,0.3988095223903656,0.7137680053710938,0.2611713409423828,0.395620733499527,0.7388286590576172,0.3382216691970825,0.483418345451355,0.6617783308029175,0.24542468786239624,0.37372449040412903,0.7545753121376038,0.39368587732315063,0.5585317611694336,0.6063141226768494
private,3372,6,Neutral,V21_CORRECT_V22_WRONG,True,True,0.38984423875808716,0.5272108912467957,0.6101557612419128,0.410395085811615,0.5625,0.589604914188385,0.281351774930954,0.4115646183490753,0.718648225069046,0.24537673592567444,0.3675595223903656,0.7546232640743256,0.38104942440986633,0.5388321876525879,0.6189505755901337
private,3375,6,Neutral,V22_CORRECT_V21_WRONG,True,True,0.3643955588340759,0.48554420471191406,0.6356044411659241,0.3963240087032318,0.5491071343421936,0.6036759912967682,0.2740541696548462,0.4039115607738495,0.7259458303451538,0.2504865527153015,0.3726615607738495,0.7495134472846985,0.37285175919532776,0.5324547290802002,0.6271482408046722
private,3376,6,Neutral,V22_CORRECT_V21_WRONG,True,True,0.37065860629081726,0.4897959232330322,0.6293413937091827,0.3485678732395172,0.4895833134651184,0.6514321267604828,0.3004840016365051,0.43346086144447327,0.6995159983634949,0.3090166747570038,0.432823121547699,0.6909833252429962,0.379329115152359,0.5344387888908386,0.620670884847641
private,3378,4,Sad,V21_CORRECT_V22_WRONG,True,True,0.31133967638015747,0.43027210235595703,0.6886603236198425,0.32406729459762573,0.4559948742389679,0.6759327054023743,0.2985324263572693,0.4447278678417206,0.7014675736427307,0.3092538118362427,0.4559948742389679,0.6907461881637573,0.3352726101875305,0.4919217526912689,0.6647273898124695
private,3389,5,Surprise,V21_CORRECT_V22_WRONG,True,True,0.3808373212814331,0.5085033774375916,0.6191626787185669,0.2932182252407074,0.4353741407394409,0.7067817747592926,0.2576987147331238,0.39328229427337646,0.7423012852668762,0.1999543458223343,0.32015305757522583,0.8000456541776657,0.33481910824775696,0.49348074197769165,0.665180891752243
private,3391,6,Neutral,V21_CORRECT_V22_WRONG,True,True,0.3916667699813843,0.5161564350128174,0.6083332300186157,0.34232282638549805,0.4747023582458496,0.657677173614502,0.23167870938777924,0.34715133905410767,0.7683212906122208,0.2792547643184662,0.40518707036972046,0.7207452356815338,0.3615099787712097,0.5189909338951111,0.6384900212287903
private,3393,4,Sad,V21_CORRECT_V22_WRONG,True,True,0.35710081458091736,0.46768707036972046,0.6428991854190826,0.3658827245235443,0.5170068144798279,0.6341172754764557,0.22578266263008118,0.3494897782802582,0.7742173373699188,0.2548961341381073,0.3824404776096344,0.7451038658618927,0.3690768778324127,0.5303288102149963,0.6309231221675873
private,3401,4,Sad,V21_CORRECT_V22_WRONG,True,True,0.31575870513916016,0.4285714328289032,0.6842412948608398,0.35108593106269836,0.5065901279449463,0.6489140689373016,0.31523358821868896,0.46024659276008606,0.684766411781311,0.3084329068660736,0.4515306055545807,0.6915670931339264,0.33421391248703003,0.48852038383483887,0.66578608751297
private,3407,6,Neutral,V22_CORRECT_V21_WRONG,True,True,0.318123459815979,0.43324828147888184,0.681876540184021,0.32341381907463074,0.4655612111091614,0.6765861809253693,0.2798735499382019,0.4105016887187958,0.7201264500617981,0.30523034930229187,0.43920066952705383,0.6947696506977081,0.31963253021240234,0.4691043794155121,0.6803674697875977
private,3408,4,Sad,V22_CORRECT_V21_WRONG,True,True,0.34535208344459534,0.47066324949264526,0.6546479165554047,0.3504360020160675,0.5029761791229248,0.6495639979839325,0.26206329464912415,0.38584181666374207,0.7379367053508759,0.24800615012645721,0.3779761791229248,0.7519938498735428,0.3476199507713318,0.5075113773345947,0.6523800492286682
private,3418,0,Angry,V22_CORRECT_V21_WRONG,True,True,0.3370717167854309,0.45280611515045166,0.6629282832145691,0.33957043290138245,0.48915815353393555,0.6604295670986176,0.31976354122161865,0.45556971430778503,0.6802364587783813,0.30531880259513855,0.4426020383834839,0.6946811974048615,0.3483552932739258,0.5087868571281433,0.6516447067260742
private,3430,6,Neutral,V22_CORRECT_V21_WRONG,True,True,0.3358515501022339,0.45365646481513977,0.6641484498977661,0.2923430800437927,0.4264455735683441,0.7076569199562073,0.2707679867744446,0.3981717526912689,0.7292320132255554,0.31372886896133423,0.4547193646430969,0.6862711310386658,0.3719235956668854,0.5284863710403442,0.6280764043331146
private,3440,5,Surprise,V22_CORRECT_V21_WRONG,True,True,0.3930751085281372,0.5076530575752258,0.6069248914718628,0.27034151554107666,0.40284863114356995,0.7296584844589233,0.22929005324840546,0.3473639488220215,0.7707099467515945,0.2684667110443115,0.4026360511779785,0.7315332889556885,0.38553303480148315,0.5443594455718994,0.6144669651985168
private,3442,2,Fear,V21_CORRECT_V22_WRONG,True,True,0.3486629128456116,0.4744897782802582,0.6513370871543884,0.429516077041626,0.5824829936027527,0.570483922958374,0.2953154742717743,0.42580780386924744,0.7046845257282257,0.36924847960472107,0.4968112111091614,0.6307515203952789,0.33944645524024963,0.49844110012054443,0.6605535447597504
private,3443,6,Neutral,V22_CORRECT_V21_WRONG,True,True,0.39714059233665466,0.5204081535339355,0.6028594076633453,0.3947169780731201,0.545918345451355,0.6052830219268799,0.1820194125175476,0.2925170063972473,0.8179805874824524,0.3016805350780487,0.4366496503353119,0.6983194649219513,0.3069642186164856,0.4530895948410034,0.6930357813835144
private,3444,4,Sad,V21_CORRECT_V22_WRONG,True,True,0.3511499762535095,0.48171767592430115,0.6488500237464905,0.37312522530555725,0.5231717824935913,0.6268747746944427,0.2644081711769104,0.4039115607738495,0.7355918288230896,0.25054076313972473,0.3741496503353119,0.7494592368602753,0.39769113063812256,0.5599490404129028,0.6023088693618774
private,3453,0,Angry,V22_CORRECT_V21_WRONG,True,True,0.2996128499507904,0.40051019191741943,0.7003871500492096,0.2960413694381714,0.4398384392261505,0.7039586305618286,0.21059948205947876,0.32780611515045166,0.7894005179405212,0.2328973263502121,0.36352041363716125,0.7671026736497879,0.43205705285072327,0.5786564946174622,0.5679429471492767
private,3455,0,Angry,V21_CORRECT_V22_WRONG,True,True,0.2959134876728058,0.4166666567325592,0.7040865123271942,0.35944101214408875,0.5023384094238281,0.6405589878559113,0.1890581250190735,0.2874149680137634,0.8109418749809265,0.29304662346839905,0.4294217526912689,0.706953376531601,0.3662816286087036,0.5250850319862366,0.6337183713912964
private,3457,6,Neutral,V22_CORRECT_V21_WRONG,True,True,0.362596720457077,0.4872448742389679,0.637403279542923,0.36219003796577454,0.5116921663284302,0.6378099620342255,0.2448028177022934,0.37011054158210754,0.7551971822977066,0.28398337960243225,0.41857993602752686,0.7160166203975677,0.42240333557128906,0.5848923325538635,0.5775966644287109
private,3462,2,Fear,V22_CORRECT_V21_WRONG,True,True,0.3953497111797333,0.531462550163269,0.6046502888202667,0.3974023163318634,0.5522959232330322,0.6025976836681366,0.3684956133365631,0.5250850319862366,0.6315043866634369,0.20428596436977386,0.3256802558898926,0.7957140356302261,0.3432627022266388,0.5025510787963867,0.6567372977733612
private,3466,6,Neutral,V22_CORRECT_V21_WRONG,True,True,0.3278796970844269,0.4591836631298065,0.6721203029155731,0.32795339822769165,0.4732142686843872,0.6720466017723083,0.26340943574905396,0.3934949040412903,0.736590564250946,0.23687618970870972,0.3541666567325592,0.7631238102912903,0.32409924268722534,0.47874152660369873,0.6759007573127747
private,3467,6,Neutral,V22_CORRECT_V21_WRONG,True,True,0.4112507998943329,0.5399659872055054,0.5887492001056671,0.4404425621032715,0.5946003198623657,0.5595574378967285,0.308811217546463,0.4398384392261505,0.691188782453537,0.2708568274974823,0.4083758294582367,0.7291431725025177,0.3509863317012787,0.5092120170593262,0.6490136682987213
private,3486,4,Sad,V22_CORRECT_V21_WRONG,True,True,0.30919942259788513,0.4396258294582367,0.6908005774021149,0.2934734523296356,0.43792515993118286,0.7065265476703644,0.290383517742157,0.4264455735683441,0.709616482257843,0.3813593089580536,0.5138180255889893,0.6186406910419464,0.3378359079360962,0.49631521105766296,0.6621640920639038
private,3493,2,Fear,V21_CORRECT_V22_WRONG,True,True,0.41814982891082764,0.543367326259613,0.5818501710891724,0.3819851875305176,0.5323129296302795,0.6180148124694824,0.253959596157074,0.38286563754081726,0.746040403842926,0.26491230726242065,0.3988095223903656,0.7350876927375793,0.335635781288147,0.48483559489250183,0.664364218711853
private,3500,5,Surprise,V21_CORRECT_V22_WRONG,True,True,0.4164341390132904,0.5416666269302368,0.5835658609867096,0.39975011348724365,0.5391156077384949,0.6002498865127563,0.24967257678508759,0.3711734712123871,0.7503274232149124,0.24801993370056152,0.36415815353393555,0.7519800662994385,0.34224918484687805,0.4978741407394409,0.657750815153122
private,3507,0,Angry,V21_CORRECT_V22_WRONG,True,True,0.39904895424842834,0.5246598720550537,0.6009510457515717,0.39644861221313477,0.5467687249183655,0.6035513877868652,0.28745439648628235,0.4204931855201721,0.7125456035137177,0.28426629304885864,0.4024234712123871,0.7157337069511414,0.39349403977394104,0.5579648613929749,0.606505960226059
private,3512,0,Angry,V22_CORRECT_V21_WRONG,True,True,0.3336668908596039,0.4523809552192688,0.6663331091403961,0.34426069259643555,0.4785288870334625,0.6557393074035645,0.3185138702392578,0.45578229427337646,0.6814861297607422,0.2543904781341553,0.38562923669815063,0.7456095218658447,0.3721698522567749,0.5317460298538208,0.6278301477432251
private,3515,4,Sad,V21_CORRECT_V22_WRONG,True,True,0.3670653700828552,0.495323121547699,0.6329346299171448,0.2947971224784851,0.4381377398967743,0.7052028775215149,0.3230166733264923,0.4642857015132904,0.6769833266735077,0.26032784581184387,0.3981717526912689,0.7396721541881561,0.3351363241672516,0.4931972622871399,0.6648636758327484
private,3520,5,Surprise,V21_CORRECT_V22_WRONG,True,True,0.44767677783966064,0.5948129296302795,0.5523232221603394,0.43204766511917114,0.5805697441101074,0.5679523348808289,0.3422362506389618,0.4889455735683441,0.6577637493610382,0.2755722403526306,0.4136904776096344,0.7244277596473694,0.35900503396987915,0.5184240341186523,0.6409949660301208
private,3521,6,Neutral,V21_CORRECT_V22_WRONG,True,True,0.36013874411582947,0.49659863114356995,0.6398612558841705,0.3735378086566925,0.5286989808082581,0.6264621913433075,0.2550967037677765,0.3756377398967743,0.7449032962322235,0.21622119843959808,0.32695576548576355,0.7837788015604019,0.36831027269363403,0.5255101919174194,0.631689727306366
private,3522,0,Angry,V22_CORRECT_V21_WRONG,True,True,0.4104929268360138,0.5310373902320862,0.5895070731639862,0.30355891585350037,0.43771257996559143,0.6964410841464996,0.29684320092201233,0.4241071343421936,0.7031567990779877,0.2869119346141815,0.4217686951160431,0.7130880653858185,0.37481001019477844,0.533730149269104,0.6251899898052216
private,3533,5,Surprise,V22_CORRECT_V21_WRONG,True,True,0.36506327986717224,0.4970237910747528,0.6349367201328278,0.3838959336280823,0.5423043966293335,0.6161040663719177,0.33232319355010986,0.4844812750816345,0.6676768064498901,0.3066513240337372,0.4436649680137634,0.6933486759662628,0.32134124636650085,0.47448983788490295,0.6786587536334991
private,3540,2,Fear,V21_CORRECT_V22_WRONG,True,True,0.3251532018184662,0.45578229427337646,0.6748467981815338,0.29177045822143555,0.43048468232154846,0.7082295417785645,0.25101935863494873,0.38286563754081726,0.7489806413650513,0.2616121172904968,0.39158162474632263,0.7383878827095032,0.3501247465610504,0.5055271983146667,0.6498752534389496
private,3541,3,Happy,V22_CORRECT_V21_WRONG,True,True,0.3736926019191742,0.5042517185211182,0.6263073980808258,0.32493695616722107,0.4744897782802582,0.6750630438327789,0.3072550296783447,0.44600337743759155,0.6927449703216553,0.34936603903770447,0.4910714328289032,0.6506339609622955,0.3359929621219635,0.4930555820465088,0.6640070378780365
private,3544,5,Surprise,V21_CORRECT_V22_WRONG,True,True,0.4129486382007599,0.5318877696990967,0.5870513617992401,0.27656495571136475,0.40731292963027954,0.7234350442886353,0.24646711349487305,0.3732993006706238,0.753532886505127,0.27903351187705994,0.41921767592430115,0.7209664881229401,0.3933740556240082,0.5565475821495056,0.6066259443759918
private,3550,2,Fear,V22_CORRECT_V21_WRONG,True,True,0.3798712193965912,0.5076530575752258,0.6201287806034088,0.33656731247901917,0.47959181666374207,0.6634326875209808,0.2345404028892517,0.35969388484954834,0.7654595971107483,0.3038910925388336,0.4472789168357849,0.6961089074611664,0.35397401452064514,0.5124717354774475,0.6460259854793549
private,3553,2,Fear,V21_CORRECT_V22_WRONG,True,True,0.36591964960098267,0.495323121547699,0.6340803503990173,0.3385285437107086,0.483418345451355,0.6614714562892914,0.21612508594989777,0.3301445543766022,0.7838749140501022,0.36652639508247375,0.5065901279449463,0.6334736049175262,0.34890249371528625,0.5021258592605591,0.6510975062847137
private,3554,6,Neutral,V21_CORRECT_V22_WRONG,True,True,0.3814670741558075,0.5076530575752258,0.6185329258441925,0.32820215821266174,0.4798044264316559,0.6717978417873383,0.22134263813495636,0.33290815353393555,0.7786573618650436,0.25423353910446167,0.37818875908851624,0.7457664608955383,0.32642051577568054,0.4811508059501648,0.6735794842243195
private,3555,4,Sad,V22_CORRECT_V21_WRONG,True,True,0.40094953775405884,0.5263605117797852,0.5990504622459412,0.26527026295661926,0.39859694242477417,0.7347297370433807,0.1622433215379715,0.2631802558898926,0.8377566784620285,0.2610534429550171,0.39987245202064514,0.7389465570449829,0.35133665800094604,0.5097789168357849,0.648663341999054
private,3564,2,Fear,V21_CORRECT_V22_WRONG,True,True,0.3650473654270172,0.4902210831642151,0.6349526345729828,0.4309994578361511,0.5784438848495483,0.5690005421638489,0.27494481205940247,0.40752550959587097,0.7250551879405975,0.3370154798030853,0.48022958636283875,0.6629845201969147,0.33977341651916504,0.4947562515735626,0.660226583480835
private,3573,6,Neutral,V21_CORRECT_V22_WRONG,True,True,0.3694562315940857,0.4800170063972473,0.6305437684059143,0.31357046961784363,0.4502550959587097,0.6864295303821564,0.27118659019470215,0.40752550959587097,0.7288134098052979,0.3253372013568878,0.47193875908851624,0.6746627986431122,0.3384203612804413,0.49163833260536194,0.6615796387195587
private,3575,4,Sad,V22_CORRECT_V21_WRONG,True,True,0.44028717279434204,0.567176878452301,0.559712827205658,0.41302579641342163,0.5676020383834839,0.5869742035865784,0.3294071555137634,0.4789540767669678,0.6705928444862366,0.3146141767501831,0.4634353518486023,0.6853858232498169,0.36917760968208313,0.5327380895614624,0.6308223903179169
