direction,sample_category,split,row_index,true_label,true_class,is_clean,is_strict_clean,f00_pred,f00_correct,f00_margin,f01_pred,f01_correct,f01_margin,f10_pred,f10_correct,f10_margin,f11_pred,f11_correct,f11_margin,cos_same_node_diff_readout,cos_diff_node_same_readout
dir_A,V21_CORRECT_V22_WRONG,public,2,4,Sad,True,True,0,False,-0.3757164478302002,0,False,-0.535858154296875,0,False,-1.7562874555587769,4,True,1.5792268514633179,0.5515175461769104,0.7712792158126831
dir_A,V21_CORRECT_V22_WRONG,public,25,2,Fear,True,True,0,False,-2.181380271911621,0,False,-1.0146443843841553,2,True,1.526953935623169,6,False,-0.5844916701316833,0.6176714897155762,0.4950850009918213
dir_A,V21_CORRECT_V22_WRONG,public,28,0,Angry,True,True,6,False,-2.8190207481384277,3,False,-3.034308910369873,0,True,4.429383754730225,0,True,2.9489974975585938,0.5894325971603394,0.220881849527359
dir_A,V21_CORRECT_V22_WRONG,public,35,4,Sad,True,False,2,False,-3.9271254539489746,2,False,-1.082352876663208,0,False,-1.746534824371338,4,True,0.5033869743347168,0.6053063869476318,0.40500593185424805
dir_A,V21_CORRECT_V22_WRONG,public,49,6,Neutral,True,True,0,False,-1.77608323097229,0,False,-1.7424346208572388,2,False,-0.5992469787597656,6,True,1.0581746101379395,0.6876183748245239,0.5407684445381165
dir_A,V21_CORRECT_V22_WRONG,public,70,0,Angry,True,True,6,False,-0.7773019075393677,6,False,-0.9286501407623291,0,True,1.3172543048858643,0,True,1.0859342813491821,0.5153927206993103,0.5460143685340881
dir_A,V21_CORRECT_V22_WRONG,public,79,4,Sad,True,True,2,False,-0.4732997417449951,4,True,2.6211135387420654,4,True,2.4016001224517822,4,True,2.6884765625,0.6214361190795898,0.6987835764884949
dir_A,V21_CORRECT_V22_WRONG,public,140,6,Neutral,True,True,0,False,-2.8402881622314453,0,False,-1.7174968719482422,6,True,3.119990110397339,6,True,1.6311534643173218,0.6520373821258545,0.5535250306129456
dir_A,V21_CORRECT_V22_WRONG,public,145,6,Neutral,True,True,4,False,-1.456892728805542,4,False,-1.8595348596572876,4,False,-0.553095817565918,6,True,0.10111284255981445,0.4917259216308594,0.3693065643310547
dir_A,V21_CORRECT_V22_WRONG,public,156,4,Sad,True,True,2,False,-0.20743727684020996,4,True,3.346402168273926,4,True,1.958413004875183,4,True,2.928122043609619,0.5885064601898193,0.8200563788414001
dir_A,V21_CORRECT_V22_WRONG,public,160,0,Angry,True,True,4,False,-1.9672796726226807,4,False,-0.24283623695373535,0,True,0.9726704359054565,0,True,0.8364527225494385,0.5915865302085876,0.6355070471763611
dir_A,V21_CORRECT_V22_WRONG,public,200,3,Happy,True,True,6,False,-1.7480970621109009,3,True,0.6432340145111084,3,True,2.205878496170044,3,True,2.3657751083374023,0.7176336050033569,0.8896863460540771
dir_A,V21_CORRECT_V22_WRONG,public,224,0,Angry,True,True,2,False,-0.23950552940368652,2,False,-0.8409585952758789,2,False,-0.741722822189331,0,True,0.4809699058532715,0.6388936042785645,0.7525903582572937
dir_A,V21_CORRECT_V22_WRONG,public,234,3,Happy,True,True,4,False,-0.8447655439376831,4,False,-0.7644344568252563,4,False,-0.4059791564941406,3,True,0.677281379699707,0.5636502504348755,0.6386594176292419
dir_A,V21_CORRECT_V22_WRONG,public,237,0,Angry,True,True,2,False,-2.055410623550415,4,False,-0.34755605459213257,0,True,0.14307236671447754,0,True,0.0852348804473877,0.6246511936187744,0.4357098340988159
dir_A,V21_CORRECT_V22_WRONG,public,255,6,Neutral,True,True,3,False,-3.649486541748047,3,False,-3.161471128463745,6,True,1.9272135496139526,6,True,2.638320207595825,0.6585716605186462,0.42373597621917725
dir_A,V21_CORRECT_V22_WRONG,public,271,6,Neutral,True,True,4,False,-3.1156246662139893,4,False,-2.0658740997314453,4,False,-0.711179256439209,6,True,1.128737211227417,0.5881687998771667,0.7647902369499207
dir_A,V21_CORRECT_V22_WRONG,public,276,4,Sad,True,True,2,False,-1.4632166624069214,4,True,2.954606056213379,4,True,0.5084125995635986,4,True,3.458638906478882,0.4850967824459076,0.6901392936706543
dir_A,V21_CORRECT_V22_WRONG,public,277,5,Surprise,True,True,2,False,-0.9566764831542969,2,False,-1.8297410011291504,5,True,4.333273410797119,5,True,4.624977111816406,0.668897271156311,0.4040316641330719
dir_A,V21_CORRECT_V22_WRONG,public,279,6,Neutral,True,True,4,False,-1.7882766723632812,4,False,-1.9920574426651,2,False,-0.12691330909729004,6,True,0.7829477787017822,0.665057897567749,0.700759768486023
dir_A,V21_CORRECT_V22_WRONG,public,296,2,Fear,True,True,4,False,-0.11901414394378662,4,False,-1.020451307296753,2,True,1.9437428712844849,2,True,0.47084474563598633,0.5404915809631348,0.47970518469810486
dir_A,V21_CORRECT_V22_WRONG,public,313,6,Neutral,True,True,3,False,-1.4246411323547363,3,False,-2.4326984882354736,4,False,-1.5640918016433716,6,True,0.38909971714019775,0.35182636976242065,0.48023802042007446
dir_A,V21_CORRECT_V22_WRONG,public,324,0,Angry,True,True,2,False,-3.804419994354248,4,False,-2.685898780822754,0,True,3.9552690982818604,0,True,3.465471029281616,0.45570361614227295,0.12438659369945526
dir_A,V21_CORRECT_V22_WRONG,public,329,5,Surprise,True,True,2,False,-2.074265241622925,2,False,-0.6335693597793579,5,True,3.3152658939361572,5,True,3.329538583755493,0.7315144538879395,0.7278345823287964
dir_A,V21_CORRECT_V22_WRONG,public,345,6,Neutral,True,True,4,False,-1.0316851139068604,4,False,-1.4118709564208984,6,True,3.2760374546051025,6,True,2.544908285140991,0.689858078956604,0.3994983434677124
dir_A,V21_CORRECT_V22_WRONG,public,368,2,Fear,True,True,4,False,-0.3685044050216675,2,True,0.17984843254089355,2,True,2.3442094326019287,2,True,0.6545825004577637,0.48812657594680786,0.5153645277023315
dir_A,V21_CORRECT_V22_WRONG,public,372,4,Sad,True,True,3,False,-2.089510440826416,4,True,0.3357619047164917,4,True,2.4845054149627686,4,True,3.349390745162964,0.619009792804718,0.40037551522254944
dir_A,V21_CORRECT_V22_WRONG,public,416,6,Neutral,True,True,4,False,-0.31244969367980957,6,True,0.49338722229003906,6,True,2.478480339050293,6,True,2.8955588340759277,0.7214288711547852,0.6778420209884644
dir_A,V21_CORRECT_V22_WRONG,public,429,4,Sad,True,True,6,False,-3.9149703979492188,6,False,-2.275036334991455,4,True,2.5156807899475098,0,False,-0.23867273330688477,0.4806535243988037,0.6318531632423401
dir_A,V21_CORRECT_V22_WRONG,public,434,3,Happy,True,True,6,False,-0.4392738342285156,3,True,1.0751979351043701,3,True,0.03582501411437988,3,True,0.8023726940155029,0.697563648223877,0.8367624282836914
dir_A,V21_CORRECT_V22_WRONG,public,453,4,Sad,True,True,0,False,-1.8562121391296387,2,False,-0.490763783454895,4,True,1.8291734457015991,4,True,1.0081911087036133,0.6456588506698608,0.6251156330108643
dir_A,V21_CORRECT_V22_WRONG,public,481,6,Neutral,True,True,0,False,-1.1877373456954956,0,False,-3.953361749649048,6,True,3.42063570022583,6,True,3.5781900882720947,0.6839232444763184,0.3213319182395935
dir_A,V21_CORRECT_V22_WRONG,public,495,4,Sad,True,True,2,False,-0.5993204116821289,4,True,0.5002448558807373,4,True,0.9407528638839722,4,True,0.57275390625,0.6129742860794067,0.8025825023651123
dir_A,V21_CORRECT_V22_WRONG,public,500,6,Neutral,True,True,3,False,-0.869270920753479,3,False,-2.4267358779907227,6,True,2.2890706062316895,6,True,2.9257001876831055,0.6672946810722351,0.2793433666229248
dir_A,V21_CORRECT_V22_WRONG,public,528,4,Sad,True,True,0,False,-2.963139772415161,0,False,-1.0930442810058594,4,True,1.5602667331695557,4,True,3.2782225608825684,0.670661211013794,0.4845142066478729
dir_A,V21_CORRECT_V22_WRONG,public,533,5,Surprise,True,True,2,False,-0.6139459609985352,5,True,0.7241477966308594,5,True,4.304741382598877,5,True,3.7506816387176514,0.6762164831161499,0.6325505971908569
dir_A,V21_CORRECT_V22_WRONG,public,537,6,Neutral,True,True,3,False,-2.367931365966797,3,False,-0.6518032550811768,6,True,1.3098598718643188,6,True,3.0831298828125,0.6524771451950073,0.6082474589347839
dir_A,V21_CORRECT_V22_WRONG,public,541,6,Neutral,True,False,4,False,-3.3175878524780273,4,False,-1.8802061080932617,6,True,2.741654634475708,6,True,2.033918619155884,0.6754508018493652,0.4008854031562805
dir_A,V21_CORRECT_V22_WRONG,public,570,0,Angry,True,True,6,False,-1.526832103729248,6,False,-0.5698124170303345,0,True,2.970205068588257,0,True,1.101912260055542,0.4910075068473816,0.5552933812141418
dir_A,V21_CORRECT_V22_WRONG,public,573,0,Angry,True,True,6,False,-1.0189452171325684,0,True,0.19392216205596924,0,True,2.4780309200286865,0,True,3.3538870811462402,0.5019580125808716,0.5381921529769897
dir_A,V21_CORRECT_V22_WRONG,public,578,2,Fear,True,True,6,False,-0.09465718269348145,4,False,-1.1751569509506226,2,True,1.0724809169769287,2,True,0.7812279462814331,0.630055844783783,0.5713543891906738
dir_A,V21_CORRECT_V22_WRONG,public,614,5,Surprise,True,True,2,False,-1.1143484115600586,2,False,-2.1597042083740234,5,True,1.0187723636627197,5,True,2.194643974304199,0.5653259754180908,0.4142637848854065
dir_A,V21_CORRECT_V22_WRONG,public,635,0,Angry,True,True,2,False,-2.2192909717559814,4,False,-1.4882937669754028,0,True,2.353520154953003,0,True,1.217137336730957,0.5564436316490173,0.6439390182495117
dir_A,V21_CORRECT_V22_WRONG,public,640,2,Fear,True,True,5,False,-1.9292467832565308,5,False,-2.9709770679473877,2,True,1.8429372310638428,2,True,2.683077573776245,0.6137006878852844,0.7834995985031128
dir_A,V21_CORRECT_V22_WRONG,public,647,5,Surprise,True,True,6,False,-3.0871570110321045,6,False,-2.9812870025634766,2,False,-0.6187151670455933,5,True,2.3823530673980713,0.6200125217437744,0.16297242045402527
dir_A,V21_CORRECT_V22_WRONG,public,660,4,Sad,True,True,2,False,-1.5611391067504883,2,False,-0.6141717433929443,2,False,-1.645940899848938,4,True,1.9928715229034424,0.5330798625946045,0.5866206884384155
dir_A,V21_CORRECT_V22_WRONG,public,666,6,Neutral,True,True,2,False,-2.1017367839813232,2,False,-0.5230768918991089,6,True,0.4442399740219116,6,True,0.6721154451370239,0.6346619725227356,0.7616944313049316
dir_A,V21_CORRECT_V22_WRONG,public,677,4,Sad,True,True,0,False,-1.8199098110198975,0,False,-3.0220465660095215,4,True,4.175419330596924,4,True,2.4190785884857178,0.5244831442832947,0.5003530979156494
dir_A,V21_CORRECT_V22_WRONG,public,684,4,Sad,True,True,2,False,-2.7446138858795166,5,False,-2.7236433029174805,4,True,0.28154754638671875,4,True,2.95976185798645,0.611473560333252,0.32271748781204224
dir_A,V21_CORRECT_V22_WRONG,public,702,2,Fear,True,True,0,False,-5.417760848999023,0,False,-4.224183559417725,2,True,2.2191998958587646,2,True,1.771976351737976,0.5784339904785156,0.6128162741661072
dir_A,V21_CORRECT_V22_WRONG,public,743,6,Neutral,True,True,3,False,-4.949573040008545,3,False,-5.134720325469971,3,False,-0.4210662841796875,6,True,0.37620866298675537,0.6840850114822388,0.5560157299041748
dir_A,V21_CORRECT_V22_WRONG,public,750,3,Happy,True,True,4,False,-5.390515327453613,4,False,-4.055489540100098,4,False,-0.26902228593826294,3,True,1.3370360136032104,0.5036085247993469,0.25755196809768677
dir_A,V21_CORRECT_V22_WRONG,public,753,2,Fear,True,True,4,False,-0.5407789945602417,4,False,-1.337881326675415,2,True,0.6597350835800171,4,False,-0.015241146087646484,0.5632750988006592,0.6010109186172485
dir_A,V21_CORRECT_V22_WRONG,public,768,0,Angry,True,True,6,False,-4.345749378204346,6,False,-2.870327949523926,2,False,-1.576371669769287,0,True,1.4537001848220825,0.5269190073013306,0.5214576721191406
dir_A,V21_CORRECT_V22_WRONG,public,772,4,Sad,True,True,2,False,-1.0374679565429688,2,False,-0.5428915023803711,4,True,0.5885519981384277,4,True,2.0394492149353027,0.5884113311767578,0.34684282541275024
dir_A,V21_CORRECT_V22_WRONG,public,780,4,Sad,True,True,3,False,-3.8156025409698486,0,False,-3.559274196624756,4,True,4.255022048950195,4,True,4.299929618835449,0.6105955839157104,0.19665256142616272
dir_A,V21_CORRECT_V22_WRONG,public,833,5,Surprise,True,True,4,False,-3.939563512802124,4,False,-4.678438663482666,5,True,2.491781711578369,5,True,2.119959592819214,0.5598801374435425,0.33721762895584106
dir_A,V21_CORRECT_V22_WRONG,public,836,6,Neutral,True,True,4,False,-1.7046592235565186,4,False,-2.5598182678222656,4,False,-0.34781503677368164,6,True,1.68623948097229,0.5653262734413147,0.47724518179893494
dir_A,V21_CORRECT_V22_WRONG,public,844,4,Sad,True,True,6,False,-4.680078506469727,6,False,-2.589634418487549,6,False,-0.1381092071533203,4,True,0.9764201641082764,0.5343012809753418,0.4678313732147217
dir_A,V21_CORRECT_V22_WRONG,public,850,6,Neutral,True,True,4,False,-1.3347747325897217,4,False,-1.7215261459350586,6,True,1.8416247367858887,6,True,1.9515970945358276,0.6409732103347778,0.36578169465065
dir_A,V21_CORRECT_V22_WRONG,public,858,2,Fear,True,True,6,False,-1.6839735507965088,6,False,-1.649430274963379,2,True,1.2611279487609863,2,True,0.37344515323638916,0.6011025309562683,0.7621009945869446
dir_A,V21_CORRECT_V22_WRONG,public,867,4,Sad,True,True,0,False,-3.4655520915985107,0,False,-2.215777635574341,2,False,-0.5128400325775146,4,True,2.0999221801757812,0.54865562915802,0.5231942534446716
dir_A,V21_CORRECT_V22_WRONG,public,874,4,Sad,True,True,6,False,-2.620577096939087,0,False,-1.155972957611084,0,False,-0.6917809247970581,4,True,0.6036887168884277,0.6480541229248047,0.6186940670013428
dir_A,V21_CORRECT_V22_WRONG,public,876,4,Sad,True,True,6,False,-0.3495216369628906,6,False,-2.050985097885132,4,True,4.262333393096924,4,True,4.527054786682129,0.5899989008903503,0.435249388217926
dir_A,V21_CORRECT_V22_WRONG,public,892,6,Neutral,True,True,4,False,-2.0740013122558594,4,False,-2.4936091899871826,6,True,0.910067081451416,6,True,3.1591711044311523,0.5436725616455078,0.5033571720123291
dir_A,V21_CORRECT_V22_WRONG,public,902,2,Fear,True,True,5,False,-5.060973644256592,5,False,-4.140351295471191,2,True,0.4747171401977539,2,True,0.2729980945587158,0.7130452394485474,0.7091267108917236
dir_A,V21_CORRECT_V22_WRONG,public,915,6,Neutral,True,True,3,False,-4.514202117919922,3,False,-1.8105030059814453,6,True,1.8211852312088013,6,True,3.202893018722534,0.57913738489151,0.36780112981796265
dir_A,V21_CORRECT_V22_WRONG,public,919,4,Sad,True,True,6,False,-2.6964826583862305,4,True,1.7576825618743896,6,False,-0.4217984676361084,4,True,1.2946665287017822,0.46806856989860535,0.7811355590820312
dir_A,V21_CORRECT_V22_WRONG,public,927,6,Neutral,True,True,4,False,-3.9210636615753174,4,False,-3.120297908782959,6,True,0.5422420501708984,6,True,0.772768497467041,0.6894259452819824,0.639830470085144
dir_A,V21_CORRECT_V22_WRONG,public,932,5,Surprise,True,True,2,False,-4.667847633361816,2,False,-2.9245760440826416,5,True,3.150247573852539,5,True,4.523590564727783,0.6565109491348267,0.20452526211738586
dir_A,V21_CORRECT_V22_WRONG,public,934,3,Happy,True,False,0,False,-3.329394578933716,0,False,-3.560511350631714,4,False,-0.63388991355896,3,True,1.6079314947128296,0.6390466094017029,0.414020836353302
dir_A,V21_CORRECT_V22_WRONG,public,944,0,Angry,True,True,6,False,-3.368587017059326,6,False,-1.4044612646102905,0,True,0.7168248891830444,4,False,-0.748866081237793,0.46084752678871155,0.18853908777236938
dir_A,V21_CORRECT_V22_WRONG,public,945,4,Sad,True,True,2,False,-1.484144926071167,2,False,-0.11240875720977783,2,False,-1.222472071647644,4,True,1.4290571212768555,0.5396620035171509,0.705565333366394
dir_A,V21_CORRECT_V22_WRONG,public,947,6,Neutral,True,True,4,False,-4.946173667907715,4,False,-2.5519065856933594,4,False,-1.1993329524993896,6,True,1.222590446472168,0.6530510783195496,0.2978883385658264
dir_A,V21_CORRECT_V22_WRONG,public,974,6,Neutral,True,True,4,False,-2.0708584785461426,0,False,-2.087189197540283,6,True,4.14411735534668,6,True,3.9949655532836914,0.7113286852836609,0.38248103857040405
dir_A,V21_CORRECT_V22_WRONG,public,992,2,Fear,True,True,4,False,-1.822706937789917,4,False,-2.5463461875915527,2,True,4.171738624572754,2,True,2.6033754348754883,0.4047698974609375,0.20494136214256287
dir_A,V21_CORRECT_V22_WRONG,public,998,3,Happy,True,True,6,False,-3.1085519790649414,6,False,-2.5631017684936523,3,True,2.522339344024658,3,True,3.086477518081665,0.703456461429596,0.3122761845588684
dir_A,V21_CORRECT_V22_WRONG,public,1001,4,Sad,True,True,6,False,-2.5567193031311035,6,False,-1.810671091079712,2,False,-0.0042002201080322266,4,True,1.1520663499832153,0.43754443526268005,0.4222681224346161
dir_A,V21_CORRECT_V22_WRONG,public,1002,6,Neutral,True,True,3,False,-3.5864381790161133,3,False,-3.951385974884033,4,False,-0.2825765609741211,6,True,1.7967863082885742,0.5986339449882507,0.16307827830314636
dir_A,V21_CORRECT_V22_WRONG,public,1006,4,Sad,True,True,0,False,-2.050018072128296,0,False,-1.6808098554611206,4,True,1.5411157608032227,4,True,1.0743694305419922,0.5748193264007568,0.5396076440811157
dir_A,V21_CORRECT_V22_WRONG,public,1031,3,Happy,True,True,0,False,-2.1763782501220703,0,False,-3.7501115798950195,3,True,1.0677475929260254,3,True,1.4941704273223877,0.7362280488014221,0.5560543537139893
dir_A,V21_CORRECT_V22_WRONG,public,1041,6,Neutral,True,True,2,False,-0.8278683423995972,6,True,0.6831319332122803,6,True,0.32068395614624023,6,True,1.2859599590301514,0.6552175283432007,0.8432669639587402
dir_A,V21_CORRECT_V22_WRONG,public,1049,6,Neutral,True,True,0,False,-0.4608856439590454,2,False,-0.22419893741607666,6,True,1.612492561340332,6,True,2.685751438140869,0.6127591133117676,0.6025528907775879
dir_A,V21_CORRECT_V22_WRONG,public,1051,6,Neutral,True,True,3,False,-3.9282071590423584,3,False,-4.355484962463379,6,True,1.2718124389648438,6,True,1.3170664310455322,0.49465230107307434,0.465641587972641
dir_A,V21_CORRECT_V22_WRONG,public,1071,4,Sad,True,True,0,False,-1.698693037033081,4,True,0.29674315452575684,4,True,0.022719979286193848,0,False,-0.43861687183380127,0.5692347288131714,0.677080512046814
dir_A,V21_CORRECT_V22_WRONG,public,1072,4,Sad,True,True,0,False,-0.9768859148025513,0,False,-3.031982898712158,0,False,-1.4893555641174316,4,True,1.0987396240234375,0.4517967700958252,0.3516714572906494
dir_A,V21_CORRECT_V22_WRONG,public,1084,2,Fear,True,True,0,False,-4.5879669189453125,0,False,-2.804203748703003,2,True,0.8257473707199097,2,True,0.8206543922424316,0.43230876326560974,0.540215015411377
dir_A,V21_CORRECT_V22_WRONG,public,1089,5,Surprise,True,True,3,False,-3.3134589195251465,3,False,-2.982283592224121,2,False,-0.011367321014404297,5,True,1.1773453950881958,0.40421485900878906,0.47532081604003906
dir_A,V21_CORRECT_V22_WRONG,public,1100,6,Neutral,True,True,0,False,-1.5790159702301025,0,False,-1.7105791568756104,2,False,-2.3674633502960205,0,False,-0.42150700092315674,0.4795432388782501,0.7301273345947266
dir_A,V21_CORRECT_V22_WRONG,public,1113,6,Neutral,True,True,4,False,-4.5525360107421875,4,False,-4.409145355224609,6,True,0.2596261501312256,6,True,2.651275157928467,0.5998520851135254,0.5368204712867737
dir_A,V21_CORRECT_V22_WRONG,public,1114,5,Surprise,True,True,0,False,-2.3770644664764404,5,True,0.7780677080154419,5,True,3.7438464164733887,5,True,3.0638267993927,0.571418285369873,0.6401104927062988
dir_A,V21_CORRECT_V22_WRONG,public,1136,5,Surprise,True,True,2,False,-4.196166515350342,2,False,-2.666978359222412,5,True,1.460885763168335,5,True,2.592142105102539,0.6170879602432251,0.6068621873855591
dir_A,V21_CORRECT_V22_WRONG,public,1137,2,Fear,True,True,4,False,-3.0776901245117188,4,False,-3.5070714950561523,2,True,3.393232583999634,2,True,1.5367839336395264,0.549156665802002,0.3008778691291809
dir_A,V21_CORRECT_V22_WRONG,public,1174,2,Fear,True,True,3,False,-5.2823486328125,3,False,-3.1941797733306885,2,True,3.5298564434051514,6,False,-0.4758497476577759,0.4092448651790619,0.405198872089386
dir_A,V21_CORRECT_V22_WRONG,public,1176,6,Neutral,True,True,4,False,-4.062735080718994,4,False,-4.004970550537109,6,True,1.407170295715332,6,True,1.6681863069534302,0.6531504392623901,0.606450080871582
dir_A,V21_CORRECT_V22_WRONG,public,1181,6,Neutral,True,True,3,False,-0.2111644744873047,3,False,-0.9626703262329102,2,False,-0.7974534630775452,6,True,2.267768144607544,0.38936424255371094,0.5597329139709473
dir_A,V21_CORRECT_V22_WRONG,public,1191,4,Sad,True,True,3,False,-2.866335391998291,3,False,-3.150231122970581,4,True,1.688488245010376,4,True,1.7103159427642822,0.5632429122924805,0.36698904633522034
dir_A,V21_CORRECT_V22_WRONG,public,1194,3,Happy,True,True,2,False,-4.409131050109863,0,False,-4.768302917480469,3,True,3.9119763374328613,3,True,4.6691131591796875,0.7264189720153809,0.05840132385492325
dir_A,V21_CORRECT_V22_WRONG,public,1197,2,Fear,True,True,4,False,-2.9136102199554443,4,False,-3.5334079265594482,2,True,1.936875820159912,4,False,-0.929081916809082,0.5302480459213257,0.6757467985153198
dir_A,V21_CORRECT_V22_WRONG,public,1204,6,Neutral,True,True,4,False,-3.2979953289031982,4,False,-1.8119502067565918,6,True,0.9927840232849121,6,True,1.7613885402679443,0.739611029624939,0.7253967523574829
dir_A,V21_CORRECT_V22_WRONG,public,1212,6,Neutral,True,True,4,False,-1.7034567594528198,6,True,0.2329401969909668,6,True,0.5221471786499023,6,True,0.4687933921813965,0.4806830585002899,0.38656097650527954
dir_A,V21_CORRECT_V22_WRONG,public,1225,3,Happy,True,True,2,False,-3.4137344360351562,0,False,-4.150987148284912,2,False,-1.637476921081543,3,True,1.6018155813217163,0.41413936018943787,0.3399304747581482
dir_A,V21_CORRECT_V22_WRONG,public,1245,5,Surprise,True,True,3,False,-0.1944904327392578,3,False,-0.6699929237365723,5,True,3.434203624725342,5,True,2.85477352142334,0.6384983658790588,0.7630051970481873
dir_A,V21_CORRECT_V22_WRONG,public,1253,0,Angry,True,True,2,False,-1.0484669208526611,2,False,-0.16645324230194092,2,False,-2.6008124351501465,0,True,0.9376927614212036,0.5537714958190918,0.793122410774231
dir_A,V21_CORRECT_V22_WRONG,public,1256,3,Happy,True,True,5,False,-2.3308262825012207,5,False,-0.7476009130477905,3,True,2.008798360824585,3,True,2.975496530532837,0.5992486476898193,0.4672313332557678
dir_A,V21_CORRECT_V22_WRONG,public,1263,4,Sad,True,True,6,False,-1.0746591091156006,6,False,-0.7475337982177734,2,False,-0.25263237953186035,4,True,0.2525935173034668,0.6031041145324707,0.8176056146621704
dir_A,V21_CORRECT_V22_WRONG,public,1277,4,Sad,True,True,6,False,-4.041849136352539,6,False,-2.2783989906311035,4,True,2.387688636779785,4,True,2.711852788925171,0.6226948499679565,0.582528829574585
dir_A,V21_CORRECT_V22_WRONG,public,1279,3,Happy,True,True,6,False,-2.8993887901306152,6,False,-1.8573112487792969,3,True,0.13614046573638916,3,True,0.2145683765411377,0.6935423612594604,0.748880922794342
dir_A,V21_CORRECT_V22_WRONG,public,1281,2,Fear,True,True,3,False,-0.05426502227783203,2,True,0.6148502826690674,2,True,3.6249587535858154,2,True,2.4691107273101807,0.602823793888092,0.43527477979660034
dir_A,V21_CORRECT_V22_WRONG,public,1323,4,Sad,True,True,2,False,-0.38368022441864014,0,False,-1.804335594177246,2,False,-1.3225958347320557,4,True,1.4794912338256836,0.5470187664031982,0.4176100492477417
dir_A,V21_CORRECT_V22_WRONG,public,1332,6,Neutral,True,True,4,False,-1.8469536304473877,4,False,-2.1017954349517822,6,True,0.20126843452453613,6,True,0.5845832824707031,0.6161197423934937,0.5850726962089539
dir_A,V21_CORRECT_V22_WRONG,public,1338,0,Angry,True,True,4,False,-1.4553074836730957,4,False,-0.5486999750137329,6,False,-1.2856557369232178,6,False,-0.09805440902709961,0.5635822415351868,0.5253558158874512
dir_A,V21_CORRECT_V22_WRONG,public,1357,0,Angry,True,True,2,False,-1.6520332098007202,0,True,0.3185915946960449,0,True,0.0791361927986145,0,True,0.4532299041748047,0.40855568647384644,0.3634754419326782
dir_A,V21_CORRECT_V22_WRONG,public,1394,6,Neutral,True,True,3,False,-0.3430464267730713,3,False,-1.5167243480682373,6,True,2.968334197998047,6,True,1.489436149597168,0.6859089136123657,0.757682204246521
dir_A,V21_CORRECT_V22_WRONG,public,1398,3,Happy,True,True,0,False,-1.1432952880859375,0,False,-2.677018880844116,3,True,4.514627456665039,3,True,4.3696699142456055,0.7490023374557495,0.44313448667526245
dir_A,V21_CORRECT_V22_WRONG,public,1415,2,Fear,True,True,4,False,-3.240610122680664,4,False,-1.321070671081543,2,True,2.2248525619506836,4,False,-0.26749444007873535,0.5105100870132446,0.6551513075828552
dir_A,V21_CORRECT_V22_WRONG,public,1419,0,Angry,True,True,6,False,-2.1859025955200195,6,False,-0.7883144617080688,0,True,0.4650458097457886,0,True,0.5774490833282471,0.6351832747459412,0.5833785533905029
dir_A,V21_CORRECT_V22_WRONG,public,1421,4,Sad,True,True,6,False,-1.5573128461837769,6,False,-1.887923240661621,4,True,2.7300832271575928,4,True,2.6176230907440186,0.557964563369751,0.5733329653739929
dir_A,V21_CORRECT_V22_WRONG,public,1422,3,Happy,True,True,6,False,-2.9433391094207764,4,False,-1.9183064699172974,3,True,0.19226503372192383,3,True,3.0643789768218994,0.6469106674194336,0.44061464071273804
dir_A,V21_CORRECT_V22_WRONG,public,1439,6,Neutral,True,True,3,False,-1.7249228954315186,3,False,-2.4768576622009277,6,True,2.021620750427246,6,True,2.483607292175293,0.7027215957641602,0.7152172923088074
dir_A,V21_CORRECT_V22_WRONG,public,1445,4,Sad,True,True,6,False,-4.8626389503479,6,False,-4.043684959411621,4,True,1.1945271492004395,6,False,-0.9761263132095337,0.5652693510055542,0.548548698425293
dir_A,V21_CORRECT_V22_WRONG,public,1465,5,Surprise,True,True,3,False,-0.2968456745147705,3,False,-1.3828396797180176,5,True,0.905264139175415,3,False,-0.08310115337371826,0.6064949631690979,0.8100396394729614
dir_A,V21_CORRECT_V22_WRONG,public,1485,0,Angry,True,True,5,False,-4.77778959274292,5,False,-3.906527519226074,0,True,2.824664831161499,0,True,2.605095148086548,0.528636634349823,0.3092067837715149
dir_A,V21_CORRECT_V22_WRONG,public,1489,6,Neutral,True,True,3,False,-1.278730869293213,0,False,-0.05816495418548584,6,True,0.8232195973396301,6,True,1.426566243171692,0.49697256088256836,0.6035823225975037
dir_A,V21_CORRECT_V22_WRONG,public,1499,4,Sad,True,True,2,False,-0.32471418380737305,2,False,-0.1564035415649414,2,False,-0.34598255157470703,4,True,1.3991429805755615,0.6467849016189575,0.775677502155304
dir_A,V21_CORRECT_V22_WRONG,public,1505,4,Sad,True,True,6,False,-2.2484312057495117,6,False,-1.5952754020690918,4,True,0.4671117067337036,4,True,2.1520001888275146,0.4178522527217865,0.2923653721809387
dir_A,V21_CORRECT_V22_WRONG,public,1510,4,Sad,True,True,2,False,-1.041847825050354,0,False,-0.342315673828125,4,True,0.065407395362854,0,False,-0.2830202579498291,0.49112311005592346,0.7636514902114868
dir_A,V21_CORRECT_V22_WRONG,public,1514,5,Surprise,True,True,0,False,-1.0474944114685059,0,False,-0.36523187160491943,5,True,3.366809129714966,5,True,3.3464813232421875,0.5578091740608215,0.6103476285934448
dir_A,V21_CORRECT_V22_WRONG,public,1551,0,Angry,True,True,4,False,-0.8600449562072754,0,True,1.0616936683654785,0,True,4.217766284942627,0,True,3.4565508365631104,0.5400370359420776,0.681950569152832
dir_A,V21_CORRECT_V22_WRONG,public,1566,6,Neutral,True,True,2,False,-1.067249059677124,6,True,0.16401135921478271,6,True,1.4482256174087524,6,True,2.9777770042419434,0.6093802452087402,0.7395460605621338
dir_A,V21_CORRECT_V22_WRONG,public,1568,4,Sad,True,True,6,False,-1.35404634475708,6,False,-0.6737338304519653,4,True,0.08402371406555176,4,True,1.1796584129333496,0.6414544582366943,0.7331675887107849
dir_A,V21_CORRECT_V22_WRONG,public,1580,4,Sad,True,True,0,False,-0.261874794960022,0,False,-0.6881771087646484,0,False,-0.7071789503097534,0,False,-0.40997958183288574,0.6206817030906677,0.7612449526786804
dir_A,V21_CORRECT_V22_WRONG,public,1586,6,Neutral,True,True,4,False,-2.5426344871520996,4,False,-2.702636480331421,6,True,0.5135356187820435,6,True,2.1714444160461426,0.5610404014587402,0.3933005630970001
dir_A,V21_CORRECT_V22_WRONG,public,1590,3,Happy,True,True,5,False,-0.06357455253601074,5,False,-0.2720673084259033,3,True,1.857393741607666,3,True,2.982114553451538,0.7066221833229065,0.675345242023468
dir_A,V21_CORRECT_V22_WRONG,public,1599,4,Sad,True,True,3,False,-1.6799283027648926,3,False,-2.84067440032959,2,False,-2.123136520385742,4,True,2.0901615619659424,0.5146552324295044,0.42899268865585327
dir_A,V21_CORRECT_V22_WRONG,public,1611,0,Angry,True,True,4,False,-2.2560107707977295,4,False,-2.7613296508789062,2,False,-1.6615581512451172,0,True,0.6471445560455322,0.5133669376373291,0.5978537797927856
dir_A,V21_CORRECT_V22_WRONG,public,1635,4,Sad,True,True,2,False,-2.9399516582489014,4,True,0.2820456027984619,2,False,-0.541229248046875,4,True,2.037557601928711,0.5771653056144714,0.45071497559547424
dir_A,V21_CORRECT_V22_WRONG,public,1647,2,Fear,True,True,6,False,-1.0599493980407715,4,False,-1.9306163787841797,2,True,3.814077854156494,2,True,2.3672072887420654,0.5087447166442871,0.32361704111099243
dir_A,V21_CORRECT_V22_WRONG,public,1670,6,Neutral,True,True,4,False,-2.352372646331787,4,False,-1.2371400594711304,6,True,1.1788551807403564,6,True,1.7125217914581299,0.6988316178321838,0.6587871313095093
dir_A,V21_CORRECT_V22_WRONG,public,1714,5,Surprise,True,True,6,False,-1.9255356788635254,6,False,-2.833885908126831,5,True,3.3886988162994385,5,True,2.126852512359619,0.5127914547920227,0.7527011036872864
dir_A,V21_CORRECT_V22_WRONG,public,1721,0,Angry,True,True,2,False,-0.7176620960235596,2,False,-1.310619831085205,0,True,0.4953279495239258,0,True,3.021785020828247,0.5979157090187073,0.614215612411499
dir_A,V21_CORRECT_V22_WRONG,public,1733,4,Sad,True,True,2,False,-1.6453337669372559,4,True,0.537583589553833,4,True,0.41713833808898926,4,True,1.7841525077819824,0.5603690147399902,0.641045331954956
dir_A,V21_CORRECT_V22_WRONG,public,1759,2,Fear,True,True,5,False,-3.7451395988464355,5,False,-0.29019832611083984,2,True,3.4151623249053955,2,True,0.2858150005340576,0.46861907839775085,0.3437756896018982
dir_A,V21_CORRECT_V22_WRONG,public,1762,3,Happy,True,True,4,False,-5.219529151916504,4,False,-4.276357650756836,3,True,0.6922566890716553,3,True,0.5919651985168457,0.6647878885269165,0.32864201068878174
dir_A,V21_CORRECT_V22_WRONG,public,1764,4,Sad,True,True,2,False,-0.09155011177062988,4,True,0.7153332233428955,4,True,3.4520668983459473,4,True,1.908926248550415,0.568047046661377,0.5646345615386963
dir_A,V21_CORRECT_V22_WRONG,public,1795,4,Sad,True,True,0,False,-2.3550326824188232,0,False,-1.4171500205993652,2,False,-3.905600070953369,4,True,0.6652446985244751,0.33982783555984497,0.41813963651657104
dir_A,V21_CORRECT_V22_WRONG,public,1806,6,Neutral,True,True,3,False,-0.869270920753479,3,False,-2.4267358779907227,6,True,2.2890706062316895,6,True,2.9257001876831055,0.6672946810722351,0.2793433666229248
dir_A,V21_CORRECT_V22_WRONG,public,1810,4,Sad,True,True,2,False,-3.5157530307769775,2,False,-1.811111330986023,2,False,-0.392366886138916,4,True,1.2365258932113647,0.5606766939163208,0.42208290100097656
dir_A,V21_CORRECT_V22_WRONG,public,1813,6,Neutral,True,True,0,False,-1.0369813442230225,2,False,-0.7743687033653259,6,True,0.8431179523468018,6,True,1.4189205169677734,0.5826379060745239,0.702315092086792
dir_A,V21_CORRECT_V22_WRONG,public,1824,3,Happy,True,True,0,False,-2.2121784687042236,0,False,-2.941516399383545,3,True,4.703450679779053,3,True,4.434970855712891,0.763588547706604,0.23015549778938293
dir_A,V21_CORRECT_V22_WRONG,public,1827,3,Happy,True,False,6,False,-3.0028884410858154,6,False,-1.8004543781280518,2,False,-0.8279938697814941,6,False,-1.329070806503296,0.5075966119766235,0.7607472538948059
dir_A,V21_CORRECT_V22_WRONG,public,1845,3,Happy,True,True,6,False,-0.8347318172454834,6,False,-1.2736949920654297,3,True,4.7683820724487305,3,True,4.680026531219482,0.7396692037582397,0.32836511731147766
dir_A,V21_CORRECT_V22_WRONG,public,1848,4,Sad,True,True,2,False,-3.653275728225708,2,False,-1.2130224704742432,2,False,-0.78983473777771,4,True,0.3508446216583252,0.56276535987854,0.6619871854782104
dir_A,V21_CORRECT_V22_WRONG,public,1853,2,Fear,True,True,4,False,-4.493598937988281,4,False,-3.276850461959839,2,True,2.819535255432129,2,True,0.4517529010772705,0.6079759001731873,0.6143897771835327
dir_A,V21_CORRECT_V22_WRONG,public,1875,0,Angry,True,True,3,False,-2.205442428588867,0,True,0.3176511526107788,3,False,-2.602403163909912,0,True,1.4752246141433716,0.6187824010848999,0.751422643661499
dir_A,V21_CORRECT_V22_WRONG,public,1909,6,Neutral,True,True,2,False,-2.4858438968658447,2,False,-2.3623528480529785,2,False,-0.35394287109375,6,True,2.0596985816955566,0.5847128033638,0.33423638343811035
dir_A,V21_CORRECT_V22_WRONG,public,1911,5,Surprise,True,True,2,False,-0.40811240673065186,5,True,1.2867854833602905,5,True,2.974045753479004,5,True,4.391429424285889,0.6430959105491638,0.7745521068572998
dir_A,V21_CORRECT_V22_WRONG,public,1930,1,Disgust,True,False,0,False,-3.0935330390930176,0,False,-2.34505033493042,1,True,3.8241748809814453,1,True,2.860020160675049,0.5624889135360718,0.7550785541534424
dir_A,V21_CORRECT_V22_WRONG,public,1936,4,Sad,True,False,6,False,-4.100269317626953,6,False,-3.0409045219421387,4,True,1.4902386665344238,6,False,-0.12336421012878418,0.6222745180130005,0.5467931032180786
dir_A,V21_CORRECT_V22_WRONG,public,1947,4,Sad,True,True,2,False,-5.196126937866211,2,False,-3.021688461303711,2,False,-2.5056207180023193,4,True,1.3786569833755493,0.524140477180481,0.5215847492218018
dir_A,V21_CORRECT_V22_WRONG,public,1950,4,Sad,True,True,3,False,-3.3326828479766846,3,False,-1.6682820320129395,4,True,1.8864648342132568,4,True,1.2596969604492188,0.5867354273796082,0.5353438854217529
dir_A,V21_CORRECT_V22_WRONG,public,1967,3,Happy,True,True,6,False,-1.2332298755645752,6,False,-0.08663320541381836,3,True,1.1765738725662231,3,True,2.352665901184082,0.7046037912368774,0.7776869535446167
dir_A,V21_CORRECT_V22_WRONG,public,1968,6,Neutral,True,True,3,False,-1.6764779090881348,3,False,-1.4113848209381104,6,True,0.3713352680206299,6,True,2.0414655208587646,0.5267266631126404,0.5078504085540771
dir_A,V21_CORRECT_V22_WRONG,public,1983,6,Neutral,True,True,0,False,-0.6027324199676514,0,False,-1.686215877532959,6,True,3.090979814529419,6,True,3.321833372116089,0.6878360509872437,0.33293503522872925
dir_A,V21_CORRECT_V22_WRONG,public,1991,3,Happy,True,True,5,False,-1.1143808364868164,5,False,-0.09269094467163086,3,True,2.4895694255828857,3,True,2.0641424655914307,0.6843571662902832,0.8702783584594727
dir_A,V21_CORRECT_V22_WRONG,public,2006,4,Sad,True,True,6,False,-0.01635003089904785,0,False,-0.10232019424438477,4,True,0.44186103343963623,4,True,0.8451000452041626,0.5844906568527222,0.6954137682914734
dir_A,V21_CORRECT_V22_WRONG,public,2009,6,Neutral,True,True,2,False,-4.222994804382324,4,False,-1.184791088104248,6,True,0.9518864154815674,0,False,-0.3247288465499878,0.4705941677093506,0.24578087031841278
dir_A,V21_CORRECT_V22_WRONG,public,2027,6,Neutral,True,True,0,False,-5.097259521484375,0,False,-5.271153926849365,0,False,-1.812398910522461,6,True,0.8928254842758179,0.5503168106079102,0.40454718470573425
dir_A,V21_CORRECT_V22_WRONG,public,2041,4,Sad,False,False,0,False,-0.3386411666870117,0,False,-1.2329694032669067,4,True,0.7595515251159668,0,False,-0.17333650588989258,0.5848947763442993,0.8748759031295776
dir_A,V21_CORRECT_V22_WRONG,public,2045,2,Fear,True,True,6,False,-3.635695457458496,4,False,-1.7071149349212646,2,True,0.1959993839263916,4,False,-0.5597113966941833,0.584740936756134,0.7006597518920898
dir_A,V21_CORRECT_V22_WRONG,public,2053,6,Neutral,True,True,4,False,-2.7152292728424072,4,False,-1.089677095413208,4,False,-0.23045635223388672,6,True,0.46006548404693604,0.6220108270645142,0.661017894744873
dir_A,V21_CORRECT_V22_WRONG,public,2054,4,Sad,True,True,6,False,-2.0916240215301514,6,False,-1.0703136920928955,4,True,0.33465850353240967,4,True,0.033905029296875,0.6710456013679504,0.7430572509765625
dir_A,V21_CORRECT_V22_WRONG,public,2057,6,Neutral,True,True,4,False,-2.0236635208129883,4,False,-2.239016056060791,4,False,-1.2484993934631348,6,True,0.4642629623413086,0.5901980400085449,0.8023620843887329
dir_A,V21_CORRECT_V22_WRONG,public,2063,3,Happy,True,True,0,False,-0.48598432540893555,0,False,-2.4157705307006836,3,True,3.8277158737182617,3,True,3.9644389152526855,0.6553113460540771,0.3336378335952759
dir_A,V21_CORRECT_V22_WRONG,public,2065,2,Fear,True,True,0,False,-0.7636263370513916,0,False,-0.05680966377258301,0,False,-0.21766257286071777,2,True,0.1251540184020996,0.6645297408103943,0.9146561622619629
dir_A,V21_CORRECT_V22_WRONG,public,2068,3,Happy,True,True,2,False,-3.906932830810547,2,False,-3.838688373565674,3,True,3.9663171768188477,3,True,3.4582698345184326,0.7395031452178955,0.1424069106578827
dir_A,V21_CORRECT_V22_WRONG,public,2080,4,Sad,True,True,0,False,-3.106736421585083,0,False,-2.782027006149292,4,True,1.4785149097442627,4,True,1.1455388069152832,0.6038132905960083,0.568324089050293
dir_A,V21_CORRECT_V22_WRONG,public,2084,3,Happy,True,True,6,False,-0.202850341796875,3,True,0.5923874378204346,3,True,0.9080650806427002,3,True,1.5002423524856567,0.6901020407676697,0.8166803121566772
dir_A,V21_CORRECT_V22_WRONG,public,2099,3,Happy,True,True,0,False,-3.154078960418701,0,False,-3.9868435859680176,3,True,3.903576612472534,3,True,3.6108384132385254,0.646956205368042,0.179550439119339
dir_A,V21_CORRECT_V22_WRONG,public,2100,6,Neutral,True,True,4,False,-2.402355909347534,4,False,-0.4382753372192383,6,True,0.39171552658081055,6,True,0.24092227220535278,0.5670195817947388,0.35875362157821655
dir_A,V21_CORRECT_V22_WRONG,public,2159,5,Surprise,True,True,4,False,-4.516119480133057,4,False,-4.144228458404541,5,True,3.3618297576904297,5,True,3.5427439212799072,0.691984236240387,0.10085219144821167
dir_A,V21_CORRECT_V22_WRONG,public,2179,6,Neutral,True,True,4,False,-3.1948142051696777,4,False,-1.4721702337265015,0,False,-0.3107670545578003,6,True,2.3206748962402344,0.5699288845062256,0.5885159373283386
dir_A,V21_CORRECT_V22_WRONG,public,2189,4,Sad,True,True,6,False,-0.6561077833175659,4,True,1.5697773694992065,2,False,-0.5426392555236816,4,True,1.3860125541687012,0.5325554609298706,0.6500052213668823
dir_A,V21_CORRECT_V22_WRONG,public,2196,0,Angry,True,True,6,False,-3.8968112468719482,6,False,-2.662116050720215,2,False,-1.2446331977844238,0,True,1.8393051624298096,0.39005568623542786,0.15808793902397156
dir_A,V21_CORRECT_V22_WRONG,public,2197,3,Happy,True,True,2,False,-0.4235870838165283,3,True,2.1927566528320312,3,True,2.615110158920288,3,True,3.9427738189697266,0.6721194982528687,0.8455042839050293
dir_A,V21_CORRECT_V22_WRONG,public,2245,6,Neutral,True,True,3,False,-2.1057722568511963,3,False,-3.2885286808013916,6,True,0.03873264789581299,6,True,3.042229413986206,0.4939008355140686,0.4772831201553345
dir_A,V21_CORRECT_V22_WRONG,public,2259,4,Sad,True,True,0,False,-2.9306142330169678,0,False,-0.9427536725997925,0,False,-2.19852876663208,0,False,-0.14708518981933594,0.5696744918823242,0.6842161417007446
dir_A,V21_CORRECT_V22_WRONG,public,2260,4,Sad,True,True,3,False,-1.4925222396850586,3,False,-2.3078064918518066,4,True,2.508821487426758,4,True,1.0307230949401855,0.5042833089828491,0.621224582195282
dir_A,V21_CORRECT_V22_WRONG,public,2265,3,Happy,True,True,6,False,-2.4008145332336426,6,False,-1.9229021072387695,3,True,2.6839704513549805,3,True,3.453213691711426,0.7040876746177673,0.5319823622703552
dir_A,V21_CORRECT_V22_WRONG,public,2278,6,Neutral,True,True,4,False,-1.3649370670318604,4,False,-0.16135907173156738,6,True,0.3008904457092285,6,True,2.127255916595459,0.5822145938873291,0.5147913694381714
dir_A,V21_CORRECT_V22_WRONG,public,2281,6,Neutral,True,True,3,False,-0.24183833599090576,6,True,1.3815088272094727,2,False,-2.051682233810425,6,True,2.516812562942505,0.4687850773334503,0.5736328363418579
dir_A,V21_CORRECT_V22_WRONG,public,2288,6,Neutral,True,True,4,False,-2.3716540336608887,4,False,-0.5813804864883423,6,True,1.6880204677581787,6,True,1.4238765239715576,0.6803790926933289,0.7168581485748291
dir_A,V21_CORRECT_V22_WRONG,public,2301,3,Happy,True,True,6,False,-2.259115219116211,6,False,-0.9524800777435303,6,False,-0.12396275997161865,3,True,0.6125601530075073,0.6898033618927002,0.7099587917327881
dir_A,V21_CORRECT_V22_WRONG,public,2331,4,Sad,True,True,3,False,-2.8221700191497803,4,True,1.7330400943756104,3,False,-0.7377186417579651,3,False,-0.047991275787353516,0.5321194529533386,0.4915582537651062
dir_A,V21_CORRECT_V22_WRONG,public,2360,0,Angry,True,True,6,False,-1.9008269309997559,0,True,1.7196964025497437,4,False,-3.182027578353882,0,True,1.90127694606781,0.4498172104358673,0.7087478041648865
dir_A,V21_CORRECT_V22_WRONG,public,2379,0,Angry,True,True,4,False,-1.3215628862380981,4,False,-0.5425348281860352,2,False,-0.5401231646537781,0,True,2.5965147018432617,0.3444846272468567,0.565558910369873
dir_A,V21_CORRECT_V22_WRONG,public,2385,4,Sad,True,True,3,False,-3.6198315620422363,3,False,-2.9372847080230713,4,True,2.3037538528442383,4,True,3.766244411468506,0.505843460559845,0.2248392254114151
dir_A,V21_CORRECT_V22_WRONG,public,2389,0,Angry,True,True,4,False,-3.7456982135772705,4,False,-3.5302696228027344,0,True,0.020549893379211426,6,False,-0.1159132719039917,0.6295430660247803,0.6663684248924255
dir_A,V21_CORRECT_V22_WRONG,public,2390,4,Sad,True,True,0,False,-1.3419489860534668,0,False,-2.1778717041015625,0,False,-1.641683578491211,0,False,-0.2597329616546631,0.6269865036010742,0.4698733687400818
dir_A,V21_CORRECT_V22_WRONG,public,2397,3,Happy,True,True,2,False,-1.071899652481079,3,True,2.8289530277252197,3,True,0.015060186386108398,3,True,1.6115481853485107,0.708676815032959,0.8416168689727783
dir_A,V21_CORRECT_V22_WRONG,public,2398,2,Fear,True,True,6,False,-0.33415770530700684,2,True,0.10836708545684814,2,True,2.6781182289123535,2,True,1.5465216636657715,0.6174410581588745,0.7176952362060547
dir_A,V21_CORRECT_V22_WRONG,public,2401,6,Neutral,True,True,4,False,-4.16215705871582,4,False,-2.5323076248168945,6,True,3.0651230812072754,6,True,3.2011477947235107,0.6839478611946106,0.34467613697052
dir_A,V21_CORRECT_V22_WRONG,public,2404,4,Sad,True,True,2,False,-0.2137465476989746,4,True,0.17954206466674805,4,True,2.602400541305542,4,True,1.7196974754333496,0.5786482095718384,0.7126463651657104
dir_A,V21_CORRECT_V22_WRONG,public,2405,2,Fear,True,True,6,False,-1.140542984008789,6,False,-0.31677645444869995,2,True,0.6102502346038818,5,False,-0.03985428810119629,0.7017540335655212,0.5366396903991699
dir_A,V21_CORRECT_V22_WRONG,public,2408,4,Sad,True,True,1,False,-1.0714495182037354,0,False,-1.915886640548706,4,True,0.5621057748794556,4,True,1.2198116779327393,0.553794264793396,0.5359178781509399
dir_A,V21_CORRECT_V22_WRONG,public,2413,2,Fear,True,True,5,False,-4.6038432121276855,5,False,-4.25318717956543,2,True,3.3826334476470947,2,True,0.623084306716919,0.4965525269508362,0.4753488302230835
dir_A,V21_CORRECT_V22_WRONG,public,2424,3,Happy,True,False,5,False,-1.5952401161193848,5,False,-0.38797831535339355,3,True,2.073336124420166,3,True,3.3971734046936035,0.7244042158126831,0.587446928024292
dir_A,V21_CORRECT_V22_WRONG,public,2447,4,Sad,True,True,1,False,-1.3269821405410767,4,True,0.4541773796081543,4,True,0.44962358474731445,4,True,0.929997444152832,0.5178312063217163,0.4279947280883789
dir_A,V21_CORRECT_V22_WRONG,public,2456,3,Happy,True,True,4,False,-0.4387887716293335,4,False,-1.0290610790252686,6,False,-1.970778465270996,5,False,-0.01412343978881836,0.4049326777458191,0.2221812605857849
dir_A,V21_CORRECT_V22_WRONG,public,2465,4,Sad,True,True,2,False,-2.5357015132904053,4,True,1.1155304908752441,2,False,-0.6431552171707153,4,True,1.6482454538345337,0.4611204266548157,0.5345207452774048
dir_A,V21_CORRECT_V22_WRONG,public,2472,5,Surprise,True,True,6,False,-0.761577844619751,6,False,-1.0386888980865479,2,False,-2.206930160522461,5,True,2.4633188247680664,0.4975844621658325,0.630397617816925
dir_A,V21_CORRECT_V22_WRONG,public,2484,0,Angry,True,True,6,False,-3.206916570663452,4,False,-4.2490234375,0,True,3.3004727363586426,0,True,3.544924020767212,0.5015650987625122,0.205908864736557
dir_A,V21_CORRECT_V22_WRONG,public,2496,1,Disgust,True,True,5,False,-4.992503643035889,5,False,-5.015766143798828,5,False,-2.8444137573242188,1,True,0.8436551094055176,0.41291552782058716,0.56565260887146
dir_A,V21_CORRECT_V22_WRONG,public,2502,6,Neutral,True,True,0,False,-1.8039836883544922,4,False,-1.2144917249679565,6,True,2.592292308807373,6,True,2.0103654861450195,0.6670887470245361,0.5848379135131836
dir_A,V21_CORRECT_V22_WRONG,public,2516,4,Sad,True,True,6,False,-2.5328407287597656,6,False,-2.460228681564331,4,True,1.2838129997253418,4,True,2.8339264392852783,0.6125543713569641,0.3614983558654785
dir_A,V21_CORRECT_V22_WRONG,public,2545,2,Fear,True,True,6,False,-2.988750457763672,4,False,-1.8294538259506226,2,True,4.102851390838623,4,False,-0.4161255955696106,0.5393475294113159,0.6005241870880127
dir_A,V21_CORRECT_V22_WRONG,public,2555,6,Neutral,True,True,4,False,-0.3027653694152832,3,False,-0.8593308925628662,6,True,4.645828723907471,6,True,4.361456871032715,0.7002831697463989,0.5296289920806885
dir_A,V21_CORRECT_V22_WRONG,public,2575,6,Neutral,True,True,3,False,-4.86946964263916,3,False,-4.8710246086120605,0,False,-0.3205077648162842,6,True,0.5305361747741699,0.47821861505508423,0.12885823845863342
dir_A,V21_CORRECT_V22_WRONG,public,2578,6,Neutral,True,True,4,False,-2.552957534790039,4,False,-1.6611058712005615,6,True,3.43624210357666,6,True,3.3299331665039062,0.6320140361785889,0.35472092032432556
dir_A,V21_CORRECT_V22_WRONG,public,2604,4,Sad,True,True,6,False,-2.665332794189453,6,False,-2.1069982051849365,4,True,2.0789687633514404,4,True,1.8722195625305176,0.630082368850708,0.5520918369293213
dir_A,V21_CORRECT_V22_WRONG,public,2616,4,Sad,True,True,2,False,-3.764345169067383,2,False,-0.3338204622268677,4,True,1.29155433177948,4,True,0.7143998146057129,0.6143128871917725,0.5550258755683899
dir_A,V21_CORRECT_V22_WRONG,public,2617,4,Sad,True,True,3,False,-1.4015789031982422,3,False,-0.821007251739502,4,True,1.3889892101287842,4,True,3.2605013847351074,0.5638538002967834,0.6024529933929443
dir_A,V21_CORRECT_V22_WRONG,public,2619,4,Sad,True,True,6,False,-0.1921825408935547,4,True,1.589019775390625,4,True,1.7871559858322144,4,True,1.5988410711288452,0.644247829914093,0.8655103445053101
dir_A,V21_CORRECT_V22_WRONG,public,2632,2,Fear,True,True,0,False,-5.220012664794922,0,False,-4.050659656524658,4,False,-0.28557777404785156,2,True,1.7139712572097778,0.43698322772979736,0.3465416729450226
dir_A,V21_CORRECT_V22_WRONG,public,2635,6,Neutral,True,True,4,False,-3.895599603652954,4,False,-2.273371934890747,4,False,-1.2518705129623413,6,True,0.16072618961334229,0.6982415318489075,0.7886661887168884
dir_A,V21_CORRECT_V22_WRONG,public,2642,4,Sad,True,True,3,False,-3.3978097438812256,3,False,-2.4336161613464355,4,True,3.8860559463500977,4,True,2.806680202484131,0.5760483741760254,0.26232272386550903
dir_A,V21_CORRECT_V22_WRONG,public,2648,2,Fear,True,True,3,False,-0.566162109375,2,True,0.7886261940002441,2,True,1.1219446659088135,5,False,-0.18082034587860107,0.5553486943244934,0.5987774133682251
dir_A,V21_CORRECT_V22_WRONG,public,2665,3,Happy,True,True,2,False,-5.34398078918457,2,False,-4.416690349578857,2,False,-1.8614097833633423,3,True,0.4241518974304199,0.6016506552696228,0.461056113243103
dir_A,V21_CORRECT_V22_WRONG,public,2669,0,Angry,True,True,2,False,-1.9514926671981812,0,True,0.5459263324737549,2,False,-3.4672060012817383,0,True,0.8548406362533569,0.4480420649051666,0.6527886390686035
dir_A,V21_CORRECT_V22_WRONG,public,2676,3,Happy,True,True,6,False,-3.751621961593628,6,False,-2.9413681030273438,3,True,1.3381119966506958,3,True,2.642455577850342,0.6301459074020386,0.5210025310516357
dir_A,V21_CORRECT_V22_WRONG,public,2678,4,Sad,True,True,6,False,-0.4800138473510742,4,True,1.4494575262069702,2,False,-2.318828582763672,6,False,-0.18191814422607422,0.4991553723812103,0.6472477316856384
dir_A,V21_CORRECT_V22_WRONG,public,2691,1,Disgust,True,False,2,False,-3.434492588043213,2,False,-3.0954065322875977,2,False,-2.1434895992279053,1,True,0.8680741786956787,0.44885772466659546,0.4559858739376068
dir_A,V21_CORRECT_V22_WRONG,public,2708,4,Sad,True,True,2,False,-1.398142695426941,2,False,-0.030645132064819336,2,False,-0.4819248914718628,4,True,1.6340599060058594,0.5030471682548523,0.6001114249229431
dir_A,V21_CORRECT_V22_WRONG,public,2721,0,Angry,True,True,2,False,-1.911268711090088,2,False,-0.2683534622192383,0,True,1.0419788360595703,0,True,2.6182703971862793,0.4693850576877594,0.428963303565979
dir_A,V21_CORRECT_V22_WRONG,public,2731,3,Happy,True,True,6,False,-2.278920888900757,6,False,-0.8350248336791992,3,True,3.5037665367126465,3,True,3.573004722595215,0.7381556034088135,0.6697990894317627
dir_A,V21_CORRECT_V22_WRONG,public,2757,6,Neutral,True,True,4,False,-4.6374664306640625,4,False,-2.9290547370910645,6,True,0.5675215721130371,6,True,2.75325083732605,0.4396480321884155,0.23006798326969147
dir_A,V21_CORRECT_V22_WRONG,public,2794,4,Sad,True,True,0,False,-2.596588611602783,0,False,-3.1841087341308594,4,True,1.3629465103149414,4,True,3.171370506286621,0.6759997606277466,0.39993536472320557
dir_A,V21_CORRECT_V22_WRONG,public,2808,6,Neutral,True,True,3,False,-1.1659435033798218,6,True,1.7346022129058838,6,True,0.13471436500549316,6,True,1.4186395406723022,0.46826857328414917,0.4649062752723694
dir_A,V21_CORRECT_V22_WRONG,public,2817,2,Fear,True,True,4,False,-0.5451374053955078,4,False,-0.38570094108581543,2,True,0.27999353408813477,4,False,-0.5676690340042114,0.5935686826705933,0.6802117228507996
dir_A,V21_CORRECT_V22_WRONG,public,2820,0,Angry,True,True,2,False,-3.997246265411377,5,False,-2.622861623764038,5,False,-0.5477793216705322,0,True,1.5939171314239502,0.48689085245132446,0.3015558421611786
dir_A,V21_CORRECT_V22_WRONG,public,2827,4,Sad,True,False,2,False,-0.6487799286842346,4,True,0.10394227504730225,4,True,2.056605339050293,4,True,3.840603828430176,0.5663758516311646,0.39523035287857056
dir_A,V21_CORRECT_V22_WRONG,public,2874,4,Sad,True,True,2,False,-0.018604755401611328,4,True,1.23298180103302,4,True,1.8670103549957275,4,True,2.158477783203125,0.6143172979354858,0.8308917284011841
dir_A,V21_CORRECT_V22_WRONG,public,2880,0,Angry,True,True,2,False,-3.439919948577881,5,False,-1.254854440689087,0,True,1.4101510047912598,0,True,1.6749085187911987,0.445264995098114,0.36715537309646606
dir_A,V21_CORRECT_V22_WRONG,public,2907,4,Sad,True,True,2,False,-0.146101713180542,0,False,-1.595837116241455,4,True,1.1972016096115112,4,True,0.6801126003265381,0.6406970024108887,0.6452819108963013
dir_A,V21_CORRECT_V22_WRONG,public,2922,5,Surprise,True,False,2,False,-1.1514639854431152,5,True,0.22521376609802246,2,False,-0.19229483604431152,5,True,0.07019257545471191,0.4933597147464752,0.41154661774635315
dir_A,V21_CORRECT_V22_WRONG,public,2927,3,Happy,True,True,4,False,-4.621088027954102,4,False,-4.277401447296143,2,False,-1.0077064037322998,3,True,4.436964511871338,0.45092612504959106,0.19705131649971008
dir_A,V21_CORRECT_V22_WRONG,public,2939,0,Angry,True,True,3,False,-0.45569324493408203,0,True,1.253950834274292,3,False,-2.1364409923553467,0,True,3.9879705905914307,0.2687202990055084,0.6370300650596619
dir_A,V21_CORRECT_V22_WRONG,public,2956,4,Sad,True,True,3,False,-4.851768493652344,3,False,-4.961812496185303,4,True,3.478625535964966,4,True,4.499610900878906,0.5477544069290161,0.06634587049484253
dir_A,V21_CORRECT_V22_WRONG,public,2957,0,Angry,True,True,2,False,-3.303159236907959,2,False,-0.4035606384277344,0,True,2.1247620582580566,0,True,3.7382779121398926,0.44890034198760986,0.297886461019516
dir_A,V21_CORRECT_V22_WRONG,public,2975,2,Fear,True,True,0,False,-0.7778998613357544,0,False,-0.83942049741745,2,True,3.2832937240600586,2,True,1.3975589275360107,0.5147210955619812,0.6190868616104126
dir_A,V21_CORRECT_V22_WRONG,public,2986,6,Neutral,True,True,1,False,-3.2120134830474854,5,False,-1.0933252573013306,6,True,0.5446826219558716,6,True,2.9840476512908936,0.5334650278091431,0.2102952003479004
dir_A,V21_CORRECT_V22_WRONG,public,2998,3,Happy,True,True,4,False,-4.625385284423828,4,False,-2.667292356491089,3,True,1.7022446393966675,3,True,2.48052716255188,0.542443573474884,0.2817041277885437
dir_A,V21_CORRECT_V22_WRONG,public,3002,0,Angry,True,True,6,False,-0.9934737682342529,4,False,-2.6830625534057617,0,True,1.3511152267456055,0,True,2.100586414337158,0.6244783401489258,0.46166670322418213
dir_A,V21_CORRECT_V22_WRONG,public,3005,6,Neutral,True,True,4,False,-1.0573935508728027,4,False,-1.132514238357544,6,True,0.37435948848724365,6,True,2.363236427307129,0.5288969278335571,0.600157618522644
dir_A,V21_CORRECT_V22_WRONG,public,3033,3,Happy,True,True,5,False,-0.36040449142456055,3,True,1.2166838645935059,5,False,-0.21913957595825195,3,True,1.831814169883728,0.6372898817062378,0.9357925653457642
dir_A,V21_CORRECT_V22_WRONG,public,3044,6,Neutral,True,True,4,False,-1.4707413911819458,4,False,-1.3118150234222412,6,True,3.153794050216675,6,True,3.5215532779693604,0.7195073366165161,0.5669220685958862
dir_A,V21_CORRECT_V22_WRONG,public,3086,5,Surprise,True,True,2,False,-1.1657503843307495,5,True,0.7553191184997559,5,True,0.9258859157562256,5,True,2.6177310943603516,0.6991193294525146,0.8301488161087036
dir_A,V21_CORRECT_V22_WRONG,public,3091,2,Fear,True,True,4,False,-3.0951192378997803,4,False,-2.47052001953125,2,True,4.094231605529785,2,True,1.2464091777801514,0.4911217987537384,0.6279647946357727
dir_A,V21_CORRECT_V22_WRONG,public,3095,2,Fear,True,True,0,False,-0.06039714813232422,2,True,0.15828990936279297,3,False,-0.36633050441741943,2,True,0.8231426477432251,0.5939987897872925,0.6440314650535583
dir_A,V21_CORRECT_V22_WRONG,public,3097,3,Happy,True,True,6,False,-1.408501386642456,3,True,1.0196399688720703,3,True,3.410156488418579,3,True,3.6193742752075195,0.7142496109008789,0.8384180068969727
dir_A,V21_CORRECT_V22_WRONG,public,3108,4,Sad,True,True,6,False,-2.6723790168762207,6,False,-3.2632837295532227,2,False,-1.4336838722229004,4,True,0.31988728046417236,0.566653311252594,0.3231193423271179
dir_A,V21_CORRECT_V22_WRONG,public,3114,6,Neutral,True,True,4,False,-3.3076493740081787,4,False,-2.548251152038574,6,True,0.9287209510803223,6,True,1.6503177881240845,0.7054105401039124,0.6453151702880859
dir_A,V21_CORRECT_V22_WRONG,public,3131,0,Angry,True,True,4,False,-2.902566432952881,3,False,-1.5552732944488525,0,True,1.7474424839019775,0,True,3.057535171508789,0.5351072549819946,0.38061365485191345
dir_A,V21_CORRECT_V22_WRONG,public,3155,2,Fear,True,True,6,False,-0.3633451461791992,4,False,-0.021518707275390625,2,True,4.6361613273620605,2,True,3.5914175510406494,0.5850003957748413,0.5716532468795776
dir_A,V21_CORRECT_V22_WRONG,public,3158,0,Angry,True,True,4,False,-2.339715003967285,4,False,-1.372106671333313,0,True,3.0913336277008057,0,True,1.0906517505645752,0.5793008208274841,0.7302451133728027
dir_A,V21_CORRECT_V22_WRONG,public,3168,0,Angry,True,True,5,False,-2.583123207092285,5,False,-2.9503591060638428,5,False,-0.45398950576782227,0,True,2.411498785018921,0.472079336643219,0.5578598976135254
dir_A,V21_CORRECT_V22_WRONG,public,3219,0,Angry,True,True,3,False,-4.3506669998168945,3,False,-3.368572950363159,3,False,-0.969205379486084,0,True,1.1147867441177368,0.6324797868728638,0.6163073778152466
dir_A,V21_CORRECT_V22_WRONG,public,3235,2,Fear,True,True,5,False,-3.7815704345703125,5,False,-4.338627338409424,2,True,0.26217401027679443,5,False,-0.8866864442825317,0.5120083093643188,0.42843976616859436
dir_A,V21_CORRECT_V22_WRONG,public,3237,0,Angry,True,True,2,False,-0.6183757781982422,0,True,0.10030341148376465,0,True,0.5871646404266357,0,True,0.8397178649902344,0.6329565048217773,0.8120028376579285
dir_A,V21_CORRECT_V22_WRONG,public,3245,2,Fear,True,True,0,False,-1.2941126823425293,2,True,0.8083784580230713,2,True,0.09286653995513916,4,False,-0.9341092109680176,0.5358442664146423,0.5587683916091919
dir_A,V21_CORRECT_V22_WRONG,public,3265,6,Neutral,True,True,3,False,-0.6697909832000732,3,False,-1.9119998216629028,6,True,3.487478256225586,6,True,1.5007160902023315,0.5992727875709534,0.7256961464881897
dir_A,V21_CORRECT_V22_WRONG,public,3288,6,Neutral,True,True,2,False,-2.855633020401001,4,False,-0.7864822149276733,6,True,2.5725858211517334,6,True,2.0551934242248535,0.641891360282898,0.3428249955177307
dir_A,V21_CORRECT_V22_WRONG,public,3298,2,Fear,True,True,6,False,-0.6701645851135254,6,False,-2.419039011001587,2,True,2.787235975265503,2,True,2.5381581783294678,0.5693970322608948,0.41615819931030273
dir_A,V21_CORRECT_V22_WRONG,public,3305,2,Fear,True,True,0,False,-1.4264320135116577,2,True,1.1755826473236084,2,True,3.4415769577026367,2,True,1.053286075592041,0.4982580244541168,0.6566066741943359
dir_A,V21_CORRECT_V22_WRONG,public,3308,0,Angry,True,True,4,False,-1.8378294706344604,4,False,-0.5958638787269592,0,True,1.7987629175186157,0,True,1.222001552581787,0.6128270626068115,0.5690462589263916
dir_A,V21_CORRECT_V22_WRONG,public,3334,3,Happy,True,True,6,False,-2.843714952468872,6,False,-0.6749842166900635,3,True,2.93114972114563,3,True,3.7700610160827637,0.5977064371109009,0.5802490711212158
dir_A,V21_CORRECT_V22_WRONG,public,3363,0,Angry,True,True,3,False,-1.783413290977478,0,True,1.4447076320648193,0,True,1.15414297580719,0,True,1.2013230323791504,0.5338549613952637,0.7316364645957947
dir_A,V21_CORRECT_V22_WRONG,public,3400,2,Fear,True,True,6,False,-2.8534111976623535,6,False,-0.654319703578949,2,True,3.256558656692505,2,True,0.9750633239746094,0.49424272775650024,0.384136825799942
dir_A,V21_CORRECT_V22_WRONG,public,3409,6,Neutral,True,True,4,False,-1.6577537059783936,6,True,0.9878907203674316,4,False,-0.062119483947753906,6,True,2.401002883911133,0.5952946543693542,0.8218687772750854
dir_A,V21_CORRECT_V22_WRONG,public,3413,6,Neutral,True,True,0,False,-2.435680389404297,0,False,-3.5653858184814453,6,True,1.002078890800476,6,True,2.464216470718384,0.5039516687393188,0.362646222114563
dir_A,V21_CORRECT_V22_WRONG,public,3441,0,Angry,True,True,4,False,-2.7398083209991455,4,False,-1.1988447904586792,0,True,2.6830804347991943,0,True,2.288440227508545,0.3822633922100067,0.2347492277622223
dir_A,V21_CORRECT_V22_WRONG,public,3448,4,Sad,True,True,6,False,-0.3197340965270996,4,True,0.9884648323059082,4,True,2.7132411003112793,4,True,4.649172306060791,0.5901517271995544,0.6090061664581299
dir_A,V21_CORRECT_V22_WRONG,public,3493,4,Sad,True,True,6,False,-3.5906262397766113,4,True,2.3927865028381348,4,True,2.9635729789733887,4,True,0.892733097076416,0.5404202342033386,0.7148487567901611
dir_A,V21_CORRECT_V22_WRONG,public,3510,6,Neutral,True,True,0,False,-1.6162126064300537,6,True,0.09710562229156494,4,False,-0.4692268371582031,6,True,0.6724503040313721,0.49695438146591187,0.8088145852088928
dir_A,V21_CORRECT_V22_WRONG,public,3514,0,Angry,True,True,4,False,-0.2863428592681885,4,False,-0.03601694107055664,4,False,-2.025726795196533,0,True,1.0620830059051514,0.534333348274231,0.5884513854980469
dir_A,V21_CORRECT_V22_WRONG,public,3525,4,Sad,True,True,2,False,-0.18310260772705078,4,True,4.648076057434082,4,True,0.03248476982116699,4,True,0.5075581073760986,0.5165338516235352,0.7039391398429871
dir_A,V21_CORRECT_V22_WRONG,public,3528,5,Surprise,True,True,2,False,-3.052780866622925,2,False,-2.4380247592926025,5,True,1.4483983516693115,5,True,0.5888476371765137,0.6488324403762817,0.3623599410057068
dir_A,V21_CORRECT_V22_WRONG,public,3531,0,Angry,True,True,4,False,-2.3753128051757812,4,False,-0.29241418838500977,0,True,0.7222278118133545,4,False,-0.04851937294006348,0.6051709055900574,0.7992343902587891
dir_A,V21_CORRECT_V22_WRONG,public,3547,4,Sad,True,True,2,False,-1.3683068752288818,2,False,-1.4852925539016724,2,False,-0.19118571281433105,4,True,1.5473651885986328,0.6130924820899963,0.7524316310882568
dir_A,V21_CORRECT_V22_WRONG,public,3557,5,Surprise,True,True,2,False,-0.8187255859375,5,True,0.5116713047027588,5,True,3.2154221534729004,5,True,3.72678279876709,0.6836317777633667,0.8650519847869873
dir_A,V21_CORRECT_V22_WRONG,public,3560,6,Neutral,True,True,4,False,-3.22413969039917,4,False,-3.713984966278076,6,True,2.1251728534698486,6,True,2.7395358085632324,0.7045828700065613,0.4912394881248474
dir_A,V21_CORRECT_V22_WRONG,public,3568,4,Sad,True,True,6,False,-2.1970207691192627,6,False,-1.8262251615524292,4,True,1.5872924327850342,4,True,0.77998948097229,0.6415627002716064,0.7162784337997437
dir_A,V21_CORRECT_V22_WRONG,public,3571,4,Sad,True,True,2,False,-5.13165283203125,2,False,-0.5503778457641602,2,False,-0.6841530799865723,4,True,0.5325057506561279,0.5026047229766846,0.3344966769218445
dir_A,V21_CORRECT_V22_WRONG,public,3584,4,Sad,True,True,6,False,-2.757573127746582,6,False,-2.947826623916626,4,True,1.1842687129974365,4,True,0.8899517059326172,0.5117704272270203,0.31711411476135254
dir_A,V21_CORRECT_V22_WRONG,private,8,0,Angry,True,True,2,False,-1.6226271390914917,0,True,0.6107537746429443,0,True,3.1562421321868896,0,True,1.7921236753463745,0.5712392926216125,0.7815238237380981
dir_A,V21_CORRECT_V22_WRONG,private,13,4,Sad,True,True,2,False,-0.8229119777679443,4,True,1.1196448802947998,6,False,-0.17471694946289062,4,True,2.268212080001831,0.38496649265289307,0.6184161901473999
dir_A,V21_CORRECT_V22_WRONG,private,29,3,Happy,True,True,0,False,-5.49981689453125,0,False,-5.110464096069336,3,True,4.147954940795898,3,True,0.6513950824737549,0.5150548219680786,0.4584013819694519
dir_A,V21_CORRECT_V22_WRONG,private,32,6,Neutral,True,True,4,False,-5.23715353012085,4,False,-4.609169960021973,6,True,3.3339786529541016,6,True,2.4047389030456543,0.6362065076828003,0.3389100134372711
dir_A,V21_CORRECT_V22_WRONG,private,36,5,Surprise,True,True,2,False,-3.2752933502197266,2,False,-2.2453436851501465,5,True,1.6708166599273682,5,True,2.396637439727783,0.648151159286499,0.5917052030563354
dir_A,V21_CORRECT_V22_WRONG,private,37,0,Angry,True,True,4,False,-1.9732935428619385,0,True,1.0831222534179688,5,False,-1.2969447374343872,0,True,3.1513147354125977,0.24983394145965576,0.400379478931427
dir_A,V21_CORRECT_V22_WRONG,private,51,2,Fear,True,True,5,False,-3.629321336746216,2,True,0.6972742080688477,2,True,4.184475421905518,2,True,2.6515398025512695,0.6284447312355042,0.7689756751060486
dir_A,V21_CORRECT_V22_WRONG,private,58,6,Neutral,True,True,4,False,-1.1656639575958252,2,False,-0.8343042135238647,2,False,-0.137825608253479,6,True,0.3700038194656372,0.6678122878074646,0.8147618770599365
dir_A,V21_CORRECT_V22_WRONG,private,60,6,Neutral,True,True,4,False,-3.0331337451934814,3,False,-2.8665943145751953,6,True,0.47761034965515137,6,True,1.3992691040039062,0.5923420190811157,0.5915495157241821
dir_A,V21_CORRECT_V22_WRONG,private,69,0,Angry,True,True,2,False,-4.21009635925293,4,False,-3.809858798980713,0,True,2.6028032302856445,0,True,3.2234151363372803,0.5106080174446106,0.12998247146606445
dir_A,V21_CORRECT_V22_WRONG,private,92,4,Sad,True,True,0,False,-0.8211429119110107,0,False,-1.0048978328704834,0,False,-1.278304934501648,4,True,1.7768537998199463,0.555822491645813,0.6663587093353271
dir_A,V21_CORRECT_V22_WRONG,private,143,4,Sad,True,True,2,False,-2.5357015132904053,4,True,1.1155304908752441,2,False,-0.6431552171707153,4,True,1.6482454538345337,0.4611204266548157,0.5345207452774048
dir_A,V21_CORRECT_V22_WRONG,private,147,6,Neutral,True,True,4,False,-2.792175054550171,4,False,-1.4041268825531006,4,False,-0.5352779626846313,6,True,1.2721607685089111,0.6446897387504578,0.577904462814331
dir_A,V21_CORRECT_V22_WRONG,private,160,4,Sad,True,True,2,False,-0.6434143781661987,4,True,1.5363962650299072,2,False,-0.09356975555419922,4,True,2.8959481716156006,0.5984840393066406,0.7863280773162842
dir_A,V21_CORRECT_V22_WRONG,private,165,2,Fear,True,True,4,False,-3.3964152336120605,4,False,-1.0722007751464844,2,True,2.447658061981201,2,True,0.31649816036224365,0.573849081993103,0.6606966257095337
dir_A,V21_CORRECT_V22_WRONG,private,177,2,Fear,True,True,4,False,-0.4002394676208496,4,False,-2.2648136615753174,2,True,2.224285840988159,4,False,-0.3380403518676758,0.577055811882019,0.6569125652313232
dir_A,V21_CORRECT_V22_WRONG,private,195,2,Fear,True,True,5,False,-3.176575183868408,5,False,-3.492948532104492,2,True,1.4611315727233887,2,True,2.12749981880188,0.48144298791885376,0.4079146385192871
dir_A,V21_CORRECT_V22_WRONG,private,213,0,Angry,True,True,6,False,-0.9765625,0,True,1.8841943740844727,0,True,0.5945465564727783,0,True,2.0220611095428467,0.5586408972740173,0.5343990921974182
dir_A,V21_CORRECT_V22_WRONG,private,218,6,Neutral,True,True,0,False,-4.4070210456848145,0,False,-4.317892074584961,6,True,2.7545857429504395,6,True,2.0816385746002197,0.661434531211853,0.36856338381767273
dir_A,V21_CORRECT_V22_WRONG,private,222,5,Surprise,True,True,2,False,-5.508899211883545,4,False,-3.2474920749664307,5,True,1.5141065120697021,5,True,0.9956015348434448,0.6996813416481018,0.16638462245464325
dir_A,V21_CORRECT_V22_WRONG,private,225,3,Happy,True,True,4,False,-2.7392759323120117,4,False,-0.701183557510376,2,False,-0.3031191825866699,3,True,2.3833751678466797,0.46737897396087646,0.5442579388618469
dir_A,V21_CORRECT_V22_WRONG,private,239,6,Neutral,True,True,0,False,-3.616600513458252,0,False,-3.314657211303711,6,True,2.3245584964752197,6,True,2.84657883644104,0.6606902480125427,0.2761056423187256
dir_A,V21_CORRECT_V22_WRONG,private,240,2,Fear,True,True,5,False,-0.2604501247406006,2,True,0.8123252391815186,2,True,1.6062934398651123,2,True,0.6341856718063354,0.6293597221374512,0.8342432975769043
dir_A,V21_CORRECT_V22_WRONG,private,244,5,Surprise,True,True,3,False,-4.256509304046631,3,False,-4.136052131652832,5,True,4.489760875701904,5,True,4.160202503204346,0.5936754941940308,0.01222765538841486
dir_A,V21_CORRECT_V22_WRONG,private,248,1,Disgust,True,True,0,False,-4.976815223693848,0,False,-3.977640151977539,2,False,-5.456141948699951,1,True,1.7361562252044678,0.4024082124233246,0.47417932748794556
dir_A,V21_CORRECT_V22_WRONG,private,259,3,Happy,True,True,0,False,-1.3241796493530273,0,False,-2.7486274242401123,3,True,1.299996256828308,3,True,3.0840237140655518,0.5797725915908813,0.3544675409793854
dir_A,V21_CORRECT_V22_WRONG,private,260,3,Happy,True,True,6,False,-3.578355312347412,6,False,-1.3794586658477783,3,True,0.5340859889984131,3,True,0.9673627614974976,0.683007001876831,0.6694608926773071
dir_A,V21_CORRECT_V22_WRONG,private,267,4,Sad,True,True,0,False,-1.474514126777649,0,False,-1.5172679424285889,4,True,2.5924453735351562,4,True,2.8799657821655273,0.6664028167724609,0.6910666227340698
dir_A,V21_CORRECT_V22_WRONG,private,282,4,Sad,True,True,2,False,-1.5171024799346924,4,True,2.39188289642334,4,True,0.22143971920013428,4,True,1.1928757429122925,0.5682706832885742,0.7808505892753601
dir_A,V21_CORRECT_V22_WRONG,private,317,6,Neutral,True,True,3,False,-1.518040418624878,3,False,-2.1380505561828613,2,False,-0.7331578731536865,6,True,3.387866735458374,0.47200262546539307,0.2874873876571655
dir_A,V21_CORRECT_V22_WRONG,private,318,4,Sad,True,True,2,False,-2.091395854949951,4,True,0.11586403846740723,2,False,-0.7785906791687012,4,True,0.44061338901519775,0.5389571189880371,0.6906708478927612
dir_A,V21_CORRECT_V22_WRONG,private,364,0,Angry,True,True,5,False,-4.555233478546143,5,False,-3.9349558353424072,0,True,2.773143768310547,0,True,2.77408504486084,0.42633897066116333,0.21786442399024963
dir_A,V21_CORRECT_V22_WRONG,private,375,4,Sad,True,True,2,False,-0.6981862783432007,4,True,1.4702178239822388,4,True,1.1561216115951538,4,True,2.6957342624664307,0.5889614820480347,0.6395469903945923
dir_A,V21_CORRECT_V22_WRONG,private,376,3,Happy,True,True,4,False,-4.345641136169434,4,False,-4.080053329467773,3,True,3.043020009994507,3,True,3.3812315464019775,0.7293037176132202,0.28325507044792175
dir_A,V21_CORRECT_V22_WRONG,private,378,3,Happy,True,True,6,False,-0.7890868186950684,3,True,1.3967095613479614,3,True,3.7851173877716064,3,True,4.680808067321777,0.7576639652252197,0.4224695563316345
dir_A,V21_CORRECT_V22_WRONG,private,385,6,Neutral,True,True,5,False,-5.122551918029785,5,False,-5.123713970184326,6,True,1.7205904722213745,6,True,0.07551610469818115,0.40961360931396484,0.22244569659233093
dir_A,V21_CORRECT_V22_WRONG,private,395,4,Sad,True,True,6,False,-2.0078580379486084,6,False,-2.7039616107940674,2,False,-0.19582486152648926,4,True,0.11961090564727783,0.5118114948272705,0.3305671215057373
dir_A,V21_CORRECT_V22_WRONG,private,408,2,Fear,True,True,4,False,-3.267192840576172,4,False,-3.3790736198425293,4,False,-0.5872026681900024,2,True,0.16475874185562134,0.4729926884174347,0.5930018424987793
dir_A,V21_CORRECT_V22_WRONG,private,410,3,Happy,True,True,5,False,-0.8732621669769287,5,False,-0.857873797416687,3,True,2.721045970916748,3,True,1.6600401401519775,0.6658852100372314,0.5596047043800354
dir_A,V21_CORRECT_V22_WRONG,private,415,5,Surprise,True,True,2,False,-2.081719160079956,5,True,0.258007287979126,5,True,3.0872204303741455,5,True,3.7843029499053955,0.7090710401535034,0.6530104875564575
dir_A,V21_CORRECT_V22_WRONG,private,422,2,Fear,True,True,5,False,-3.1728076934814453,5,False,-2.6094324588775635,2,True,0.7943601608276367,2,True,1.6872164011001587,0.7336264848709106,0.7360098361968994
dir_A,V21_CORRECT_V22_WRONG,private,431,6,Neutral,True,True,4,False,-3.9016191959381104,4,False,-0.6894592046737671,6,True,0.22182321548461914,6,True,1.3424664735794067,0.6342536807060242,0.5507564544677734
dir_A,V21_CORRECT_V22_WRONG,private,437,6,Neutral,True,True,2,False,-5.815426826477051,0,False,-4.332103729248047,2,False,-1.7506736516952515,6,True,0.2873799800872803,0.568134069442749,0.47723281383514404
dir_A,V21_CORRECT_V22_WRONG,private,447,4,Sad,True,True,2,False,-0.11522865295410156,4,True,1.4189302921295166,4,True,0.5655462741851807,4,True,2.0094103813171387,0.6193714141845703,0.8455600738525391
dir_A,V21_CORRECT_V22_WRONG,private,493,4,Sad,True,True,0,False,-0.048564791679382324,0,False,-3.2359352111816406,4,True,0.6873656511306763,4,True,2.0061473846435547,0.5089807510375977,0.1770210564136505
dir_A,V21_CORRECT_V22_WRONG,private,497,2,Fear,True,True,0,False,-0.4671146869659424,0,False,-2.2383010387420654,2,True,1.7194316387176514,5,False,-2.349480628967285,0.48926860094070435,0.2832532525062561
dir_A,V21_CORRECT_V22_WRONG,private,507,4,Sad,True,True,6,False,-3.5380027294158936,0,False,-2.1785950660705566,2,False,-1.1636348962783813,0,False,-1.1603000164031982,0.5221586227416992,0.6069853901863098
dir_A,V21_CORRECT_V22_WRONG,private,520,4,Sad,True,True,2,False,-4.150537490844727,2,False,-2.876603364944458,4,True,2.8203072547912598,4,True,3.493278980255127,0.5887465476989746,0.33869463205337524
dir_A,V21_CORRECT_V22_WRONG,private,521,2,Fear,True,True,5,False,-1.7517085075378418,5,False,-2.5897393226623535,5,False,-0.07468962669372559,5,False,-0.6069557666778564,0.6946220397949219,0.8867868185043335
dir_A,V21_CORRECT_V22_WRONG,private,523,2,Fear,True,True,4,False,-1.7189432382583618,4,False,-0.36834728717803955,2,True,1.9630191326141357,2,True,1.8884074687957764,0.5763978362083435,0.5193042159080505
dir_A,V21_CORRECT_V22_WRONG,private,539,3,Happy,True,True,2,False,-2.5512490272521973,2,False,-0.8692877888679504,2,False,-0.5928252339363098,3,True,2.868211269378662,0.4963182210922241,0.5766270160675049
dir_A,V21_CORRECT_V22_WRONG,private,550,4,Sad,True,True,6,False,-1.0829987525939941,0,False,-0.3598859906196594,4,True,1.8928688764572144,4,True,2.0360851287841797,0.6763705015182495,0.5918742418289185
dir_A,V21_CORRECT_V22_WRONG,private,552,4,Sad,True,False,2,False,-4.616985321044922,2,False,-4.304925441741943,2,False,-0.36331653594970703,4,True,0.8045974969863892,0.5246225595474243,0.46156758069992065
dir_A,V21_CORRECT_V22_WRONG,private,555,4,Sad,True,True,2,False,-1.883702039718628,4,True,1.056259036064148,2,False,-0.21113300323486328,4,True,1.9267674684524536,0.6672676801681519,0.7562705874443054
dir_A,V21_CORRECT_V22_WRONG,private,559,3,Happy,True,True,2,False,-0.6917111873626709,2,False,-1.2673394680023193,2,False,-0.3965761661529541,3,True,1.3509483337402344,0.534749448299408,0.638150691986084
dir_A,V21_CORRECT_V22_WRONG,private,564,3,Happy,True,True,6,False,-4.591233253479004,6,False,-4.559484958648682,3,True,0.6900163888931274,3,True,1.4933151006698608,0.6045027375221252,0.5586109161376953
dir_A,V21_CORRECT_V22_WRONG,private,577,5,Surprise,True,True,2,False,-0.3277348279953003,5,True,0.6267507076263428,5,True,4.049749851226807,5,True,3.977529764175415,0.5780903697013855,0.6607657074928284
dir_A,V21_CORRECT_V22_WRONG,private,578,2,Fear,True,True,0,False,-1.4415507316589355,0,False,-2.490006923675537,0,False,-2.7383573055267334,2,True,1.2105271816253662,0.45918983221054077,0.567517876625061
dir_A,V21_CORRECT_V22_WRONG,private,579,2,Fear,True,True,4,False,-3.753739595413208,4,False,-2.1374971866607666,2,True,2.1144371032714844,4,False,-0.1080780029296875,0.3825601637363434,0.5023932456970215
dir_A,V21_CORRECT_V22_WRONG,private,597,6,Neutral,True,True,4,False,-5.376265525817871,4,False,-3.7788872718811035,6,True,2.2114899158477783,6,True,0.42515289783477783,0.5377910733222961,0.5395430326461792
dir_A,V21_CORRECT_V22_WRONG,private,609,0,Angry,True,True,3,False,-3.3825409412384033,3,False,-0.5004329681396484,3,False,-3.894676923751831,0,True,1.0956884622573853,0.5364334583282471,0.8083620071411133
dir_A,V21_CORRECT_V22_WRONG,private,613,4,Sad,True,True,3,False,-3.6125898361206055,3,False,-2.517681360244751,4,True,1.682143211364746,4,True,0.38409900665283203,0.5375540256500244,0.48351994156837463
dir_A,V21_CORRECT_V22_WRONG,private,632,3,Happy,True,True,4,False,-1.206005334854126,4,False,-0.3287668824195862,3,True,1.3358118534088135,3,True,3.8221662044525146,0.6442505717277527,0.518286943435669
dir_A,V21_CORRECT_V22_WRONG,private,638,3,Happy,True,True,4,False,-1.0817152261734009,0,False,-0.542811393737793,3,True,0.010239601135253906,3,True,0.6669328212738037,0.6384286880493164,0.45203322172164917
dir_A,V21_CORRECT_V22_WRONG,private,666,4,Sad,True,True,0,False,-0.7879545092582703,0,False,-1.1347150802612305,4,True,2.528592586517334,4,True,1.8064223527908325,0.6380354166030884,0.4290779232978821
dir_A,V21_CORRECT_V22_WRONG,private,688,2,Fear,True,True,3,False,-2.3063788414001465,0,False,-1.3708122968673706,0,False,-0.7066184282302856,0,False,-0.3888176679611206,0.6522802710533142,0.7623010277748108
dir_A,V21_CORRECT_V22_WRONG,private,689,4,Sad,True,True,0,False,-3.229123115539551,2,False,-0.5873947143554688,4,True,1.1816787719726562,4,True,1.328136920928955,0.4573591947555542,0.763228178024292
dir_A,V21_CORRECT_V22_WRONG,private,704,2,Fear,True,True,0,False,-3.891315460205078,0,False,-1.6466138362884521,2,True,0.11570310592651367,2,True,1.6891489028930664,0.5260121822357178,0.585090160369873
dir_A,V21_CORRECT_V22_WRONG,private,709,2,Fear,True,True,4,False,-1.2086665630340576,4,False,-0.9857397079467773,2,True,1.4002320766448975,2,True,0.6462485790252686,0.5032082796096802,0.6552088856697083
dir_A,V21_CORRECT_V22_WRONG,private,716,2,Fear,True,True,6,False,-3.1789584159851074,6,False,-2.5933563709259033,2,True,3.0762951374053955,2,True,1.6543242931365967,0.639400839805603,0.5453274250030518
dir_A,V21_CORRECT_V22_WRONG,private,722,4,Sad,True,False,6,False,-2.154951572418213,6,False,-2.8020055294036865,4,True,1.7787784337997437,4,True,0.758941650390625,0.6492953300476074,0.46071162819862366
dir_A,V21_CORRECT_V22_WRONG,private,738,0,Angry,True,True,4,False,-0.8709402084350586,4,False,-0.33453965187072754,0,True,0.014030933380126953,0,True,2.246950387954712,0.4382596015930176,0.601457953453064
dir_A,V21_CORRECT_V22_WRONG,private,741,5,Surprise,True,True,2,False,-4.575915336608887,2,False,-3.698009490966797,5,True,1.104976773262024,5,True,2.6292245388031006,0.6295129656791687,0.6044937372207642
dir_A,V21_CORRECT_V22_WRONG,private,755,4,Sad,True,True,6,False,-2.772531032562256,4,True,0.5436910390853882,4,True,0.8987833261489868,4,True,0.11058056354522705,0.6442167162895203,0.6896247267723083
dir_A,V21_CORRECT_V22_WRONG,private,756,0,Angry,True,True,4,False,-3.8380565643310547,4,False,-3.3535807132720947,0,True,1.02414870262146,0,True,2.8822238445281982,0.43568307161331177,0.3827229142189026
dir_A,V21_CORRECT_V22_WRONG,private,775,6,Neutral,True,True,2,False,-3.890970230102539,4,False,-2.7819371223449707,6,True,2.188094139099121,6,True,2.930713415145874,0.653562068939209,0.30365586280822754
dir_A,V21_CORRECT_V22_WRONG,private,782,2,Fear,True,True,0,False,-3.573702812194824,0,False,-0.44553565979003906,2,True,4.312882900238037,2,True,3.270543336868286,0.6016142964363098,0.5212836265563965
dir_A,V21_CORRECT_V22_WRONG,private,792,2,Fear,True,True,5,False,-1.316204309463501,5,False,-0.32129621505737305,2,True,1.0832502841949463,2,True,0.2968888282775879,0.6094565391540527,0.7123312950134277
dir_A,V21_CORRECT_V22_WRONG,private,798,6,Neutral,True,True,2,False,-5.525683403015137,0,False,-3.7623281478881836,6,True,1.9769705533981323,6,True,1.0706377029418945,0.39855092763900757,0.34648820757865906
dir_A,V21_CORRECT_V22_WRONG,private,813,2,Fear,True,True,6,False,-3.4635555744171143,6,False,-1.8889950513839722,2,True,2.7993905544281006,2,True,1.715489387512207,0.5721490979194641,0.4783925712108612
dir_A,V21_CORRECT_V22_WRONG,private,821,3,Happy,True,True,0,False,-5.193399906158447,0,False,-3.712928056716919,2,False,-3.3545422554016113,3,True,2.7372231483459473,0.3686460256576538,0.3415423035621643
dir_A,V21_CORRECT_V22_WRONG,private,838,2,Fear,True,True,4,False,-1.9785428047180176,4,False,-2.028834819793701,2,True,0.6179583072662354,4,False,-0.05516505241394043,0.6202853918075562,0.6417311429977417
dir_A,V21_CORRECT_V22_WRONG,private,849,5,Surprise,True,True,2,False,-5.008421421051025,2,False,-2.819310426712036,5,True,3.1045336723327637,5,True,4.235577583312988,0.5974314212799072,0.44069617986679077
dir_A,V21_CORRECT_V22_WRONG,private,854,4,Sad,True,True,6,False,-3.522611618041992,6,False,-0.7154062986373901,0,False,-0.7400804162025452,4,True,0.8811312913894653,0.594243049621582,0.7250256538391113
dir_A,V21_CORRECT_V22_WRONG,private,860,5,Surprise,True,False,2,False,-1.1657503843307495,5,True,0.7553191184997559,5,True,0.9258859157562256,5,True,2.6177310943603516,0.6991193294525146,0.8301488161087036
dir_A,V21_CORRECT_V22_WRONG,private,861,6,Neutral,True,True,4,False,-1.9261956214904785,0,False,-1.5552592277526855,6,True,0.005919218063354492,0,False,-1.7057362794876099,0.5262879729270935,0.6575246453285217
dir_A,V21_CORRECT_V22_WRONG,private,872,0,Angry,True,True,5,False,-3.6510674953460693,5,False,-1.357456922531128,0,True,3.2131216526031494,0,True,3.107844829559326,0.547722339630127,0.6052993535995483
dir_A,V21_CORRECT_V22_WRONG,private,878,3,Happy,True,True,4,False,-0.5443190336227417,0,False,-1.5458288192749023,3,True,1.2969987392425537,3,True,1.96730375289917,0.5602853298187256,0.7393622994422913
dir_A,V21_CORRECT_V22_WRONG,private,897,4,Sad,True,True,2,False,-1.0841844081878662,2,False,-0.278927206993103,4,True,2.869588613510132,4,True,4.061399459838867,0.4747944474220276,0.3694245219230652
dir_A,V21_CORRECT_V22_WRONG,private,904,4,Sad,True,True,6,False,-1.1796022653579712,6,False,-2.13629150390625,4,True,0.818574070930481,4,True,0.8775901794433594,0.6451404690742493,0.6672802567481995
dir_A,V21_CORRECT_V22_WRONG,private,968,3,Happy,True,True,6,False,-2.6354856491088867,6,False,-3.2277209758758545,3,True,0.6813130378723145,3,True,0.6222019195556641,0.4918482303619385,0.5862054824829102
dir_A,V21_CORRECT_V22_WRONG,private,978,4,Sad,True,True,0,False,-0.49274539947509766,0,False,-1.7775217294692993,4,True,2.232166290283203,4,True,1.6266684532165527,0.6512013077735901,0.4784972667694092
dir_A,V21_CORRECT_V22_WRONG,private,988,6,Neutral,True,True,4,False,-0.935208797454834,4,False,-0.9537667036056519,0,False,-0.17766666412353516,6,True,2.932321071624756,0.5802167057991028,0.5592037439346313
dir_A,V21_CORRECT_V22_WRONG,private,1029,2,Fear,True,True,4,False,-4.408655166625977,4,False,-2.931746482849121,2,True,1.9165383577346802,2,True,1.1984914541244507,0.546329140663147,0.24956181645393372
dir_A,V21_CORRECT_V22_WRONG,private,1043,2,Fear,True,True,6,False,-5.02712345123291,6,False,-3.2835376262664795,2,True,0.939953088760376,2,True,0.27931714057922363,0.5271036028862,0.526882529258728
dir_A,V21_CORRECT_V22_WRONG,private,1047,5,Surprise,False,False,2,False,-0.23771309852600098,5,True,0.529273271560669,5,True,0.6357768774032593,5,True,2.7292966842651367,0.6956144571304321,0.6794083118438721
dir_A,V21_CORRECT_V22_WRONG,private,1055,3,Happy,True,True,6,False,-2.667344331741333,4,False,-0.8612139225006104,4,False,-0.9689819812774658,3,True,1.118497371673584,0.5577532052993774,0.45810797810554504
dir_A,V21_CORRECT_V22_WRONG,private,1078,5,Surprise,True,True,2,False,-2.001225233078003,0,False,-0.8161658048629761,5,True,4.492016792297363,5,True,3.9436252117156982,0.6000657081604004,0.6509661674499512
dir_A,V21_CORRECT_V22_WRONG,private,1097,0,Angry,True,True,6,False,-1.8911287784576416,0,True,0.10786557197570801,6,False,-0.538939356803894,0,True,1.2351582050323486,0.5277960300445557,0.7092896699905396
dir_A,V21_CORRECT_V22_WRONG,private,1121,2,Fear,True,True,3,False,-2.8348641395568848,3,False,-3.4735500812530518,3,False,-1.3011728525161743,5,False,-0.06017112731933594,0.6154519319534302,0.48131975531578064
dir_A,V21_CORRECT_V22_WRONG,private,1129,5,Surprise,True,False,2,False,-5.6802592277526855,2,False,-4.943133354187012,5,True,1.6623274087905884,5,True,3.545640230178833,0.5473401546478271,0.43014296889305115
dir_A,V21_CORRECT_V22_WRONG,private,1140,4,Sad,True,True,6,False,-4.237489223480225,6,False,-2.8935303688049316,4,True,1.5149558782577515,4,True,0.033873558044433594,0.6491572856903076,0.7493901252746582
dir_A,V21_CORRECT_V22_WRONG,private,1151,2,Fear,True,True,0,False,-3.4637739658355713,0,False,-1.7833114862442017,2,True,3.5123133659362793,2,True,2.230848789215088,0.539260745048523,0.5435250401496887
dir_A,V21_CORRECT_V22_WRONG,private,1156,2,Fear,True,True,4,False,-5.122506141662598,4,False,-2.295445680618286,2,True,3.841430187225342,2,True,2.2488207817077637,0.5849999189376831,0.46040254831314087
dir_A,V21_CORRECT_V22_WRONG,private,1158,4,Sad,True,True,2,False,-5.242254734039307,2,False,-2.0901105403900146,2,False,-3.1785008907318115,5,False,-0.40702319145202637,0.29942578077316284,0.29053381085395813
dir_A,V21_CORRECT_V22_WRONG,private,1159,4,Sad,True,True,0,False,-1.9974719285964966,0,False,-0.5807116031646729,4,True,2.332638740539551,4,True,3.3704516887664795,0.6718432307243347,0.7017714381217957
dir_A,V21_CORRECT_V22_WRONG,private,1160,5,Surprise,True,True,2,False,-3.9911270141601562,2,False,-0.930424690246582,5,True,2.082712411880493,5,True,3.288684368133545,0.6629582047462463,0.5486372709274292
dir_A,V21_CORRECT_V22_WRONG,private,1186,5,Surprise,True,True,0,False,-0.12058424949645996,5,True,0.385312557220459,5,True,3.627079486846924,5,True,3.735611915588379,0.595521092414856,0.8023664951324463
dir_A,V21_CORRECT_V22_WRONG,private,1198,4,Sad,True,True,6,False,-1.0999939441680908,6,False,-1.3366708755493164,2,False,-1.0161230564117432,4,True,2.108725070953369,0.5786333680152893,0.5433272123336792
dir_A,V21_CORRECT_V22_WRONG,private,1200,2,Fear,True,True,6,False,-1.3493661880493164,3,False,-0.05675780773162842,2,True,2.459385871887207,2,True,0.11737453937530518,0.4575602114200592,0.3566143214702606
dir_A,V21_CORRECT_V22_WRONG,private,1230,4,Sad,True,True,6,False,-2.0916240215301514,6,False,-1.0703136920928955,4,True,0.33465850353240967,4,True,0.033905029296875,0.6710456013679504,0.7430572509765625
dir_A,V21_CORRECT_V22_WRONG,private,1266,3,Happy,True,True,6,False,-1.1498615741729736,6,False,-2.124265432357788,3,True,3.8750994205474854,3,True,4.334671497344971,0.761314868927002,0.43225738406181335
dir_A,V21_CORRECT_V22_WRONG,private,1267,3,Happy,True,True,4,False,-4.3627166748046875,4,False,-3.670318365097046,0,False,-0.05661368370056152,3,True,1.9776456356048584,0.5643895268440247,0.3179740011692047
dir_A,V21_CORRECT_V22_WRONG,private,1308,4,Sad,True,True,0,False,-0.2942016124725342,0,False,-1.592430830001831,0,False,-0.12403059005737305,0,False,-0.8735496997833252,0.6137065887451172,0.8400859236717224
dir_A,V21_CORRECT_V22_WRONG,private,1340,0,Angry,True,True,2,False,-0.7490192651748657,0,True,0.32020652294158936,0,True,4.183093070983887,0,True,4.462084770202637,0.6035870313644409,0.5262628197669983
dir_A,V21_CORRECT_V22_WRONG,private,1402,3,Happy,True,True,4,False,-0.20962178707122803,0,False,-1.9444084167480469,3,True,1.2687697410583496,3,True,1.126959204673767,0.5709564685821533,0.5736750960350037
dir_A,V21_CORRECT_V22_WRONG,private,1403,2,Fear,True,True,6,False,-2.353172779083252,6,False,-1.9376415014266968,2,True,2.393653631210327,2,True,0.12016940116882324,0.4553285241127014,0.5639516711235046
dir_A,V21_CORRECT_V22_WRONG,private,1432,4,Sad,True,True,6,False,-1.6009371280670166,6,False,-0.1923619508743286,4,True,3.141908645629883,4,True,2.9498064517974854,0.5476566553115845,0.5820119380950928
dir_A,V21_CORRECT_V22_WRONG,private,1439,2,Fear,True,True,5,False,-2.258495569229126,5,False,-3.467233657836914,2,True,1.6773335933685303,2,True,1.5284461975097656,0.697311282157898,0.7724916934967041
dir_A,V21_CORRECT_V22_WRONG,private,1441,4,Sad,True,True,1,False,-1.313187599182129,2,False,-0.90657639503479,4,True,0.581951379776001,4,True,2.523284435272217,0.5188916921615601,0.4670424163341522
dir_A,V21_CORRECT_V22_WRONG,private,1445,4,Sad,True,True,2,False,-4.150537490844727,2,False,-2.876603364944458,4,True,2.8203072547912598,4,True,3.493278980255127,0.5887465476989746,0.33869463205337524
dir_A,V21_CORRECT_V22_WRONG,private,1450,2,Fear,True,True,4,False,-5.025562286376953,4,False,-4.163293838500977,0,False,-3.71244478225708,2,True,0.5504035949707031,0.400285542011261,0.5767191648483276
dir_A,V21_CORRECT_V22_WRONG,private,1451,4,Sad,True,True,2,False,-0.1749420166015625,4,True,1.2600862979888916,2,False,-2.1762001514434814,4,True,1.5821171998977661,0.558705747127533,0.6040074229240417
dir_A,V21_CORRECT_V22_WRONG,private,1466,1,Disgust,True,True,2,False,-3.397325277328491,4,False,-1.3532034158706665,2,False,-4.02967643737793,1,True,3.5091233253479004,0.32369375228881836,0.40231800079345703
dir_A,V21_CORRECT_V22_WRONG,private,1468,4,Sad,True,True,0,False,-1.8636322021484375,0,False,-1.8757922649383545,0,False,-0.5528444051742554,4,True,0.5172839164733887,0.5598315000534058,0.7196033000946045
dir_A,V21_CORRECT_V22_WRONG,private,1473,4,Sad,True,True,0,False,-0.939072847366333,0,False,-1.7944636344909668,2,False,-0.006437778472900391,4,True,2.057999610900879,0.6133210062980652,0.6538971662521362
dir_A,V21_CORRECT_V22_WRONG,private,1492,2,Fear,True,True,0,False,-4.270598888397217,0,False,-2.854311227798462,2,True,1.746821403503418,2,True,0.3515814542770386,0.5448359251022339,0.6624270677566528
dir_A,V21_CORRECT_V22_WRONG,private,1497,4,Sad,True,True,6,False,-0.9277280569076538,6,False,-0.7157478332519531,4,True,3.722200632095337,4,True,2.7504889965057373,0.6103626489639282,0.5666577219963074
dir_A,V21_CORRECT_V22_WRONG,private,1513,4,Sad,True,True,2,False,-0.9494609832763672,0,False,-0.12205177545547485,4,True,2.792020082473755,4,True,1.921879529953003,0.5726951360702515,0.34687718749046326
dir_A,V21_CORRECT_V22_WRONG,private,1531,0,Angry,True,True,2,False,-2.56097412109375,4,False,-1.1153054237365723,0,True,1.7298145294189453,0,True,3.635843276977539,0.5252776741981506,0.30227169394493103
dir_A,V21_CORRECT_V22_WRONG,private,1536,6,Neutral,True,True,2,False,-0.4755479097366333,0,False,-0.30735576152801514,2,False,-2.506122350692749,2,False,-0.523525595664978,0.45909011363983154,0.5389493703842163
dir_A,V21_CORRECT_V22_WRONG,private,1547,3,Happy,True,True,4,False,-3.0670440196990967,4,False,-2.7852985858917236,4,False,-2.100619077682495,3,True,1.3680698871612549,0.5467108488082886,0.48210304975509644
dir_A,V21_CORRECT_V22_WRONG,private,1563,5,Surprise,True,False,2,False,-4.877734661102295,2,False,-3.697661876678467,2,False,-3.8182899951934814,5,True,0.6015042066574097,0.5118786096572876,0.5333936214447021
dir_A,V21_CORRECT_V22_WRONG,private,1572,6,Neutral,True,True,3,False,-0.16654634475708008,3,False,-1.4639356136322021,6,True,2.5525779724121094,6,True,2.419163703918457,0.7294901013374329,0.7484487295150757
dir_A,V21_CORRECT_V22_WRONG,private,1582,6,Neutral,True,True,4,False,-3.5592291355133057,4,False,-1.2175273895263672,6,True,1.2928838729858398,6,True,2.416557788848877,0.6440398097038269,0.4180205166339874
dir_A,V21_CORRECT_V22_WRONG,private,1591,0,Angry,True,True,3,False,-1.5885480642318726,0,True,1.3243980407714844,0,True,4.111123085021973,0,True,3.6553571224212646,0.6459931135177612,0.5617982149124146
dir_A,V21_CORRECT_V22_WRONG,private,1630,4,Sad,True,True,0,False,-3.3980913162231445,0,False,-2.4983325004577637,4,True,3.310802698135376,4,True,2.7036056518554688,0.6164819598197937,0.3743094801902771
dir_A,V21_CORRECT_V22_WRONG,private,1654,6,Neutral,True,True,0,False,-0.16678333282470703,2,False,-0.07027173042297363,6,True,3.488997459411621,6,True,1.9296066761016846,0.592201292514801,0.6650656461715698
dir_A,V21_CORRECT_V22_WRONG,private,1662,4,Sad,True,True,3,False,-0.31919217109680176,3,False,-0.9137380123138428,4,True,4.137475490570068,4,True,4.203394889831543,0.6763409972190857,0.3092639744281769
dir_A,V21_CORRECT_V22_WRONG,private,1671,4,Sad,True,True,2,False,-3.7611148357391357,0,False,-3.4988956451416016,0,False,-1.3753397464752197,4,True,0.21475481986999512,0.46931517124176025,0.5306209921836853
dir_A,V21_CORRECT_V22_WRONG,private,1673,2,Fear,True,True,0,False,-1.9974130392074585,0,False,-1.747169017791748,2,True,0.3333740234375,2,True,0.8620574474334717,0.602837324142456,0.8428318500518799
dir_A,V21_CORRECT_V22_WRONG,private,1677,4,Sad,True,True,3,False,-4.185866355895996,3,False,-2.922311544418335,4,True,2.594372034072876,4,True,4.210757255554199,0.6142843961715698,0.016404852271080017
dir_A,V21_CORRECT_V22_WRONG,private,1680,0,Angry,True,True,3,False,-1.0415756702423096,0,True,2.8598873615264893,0,True,1.6927998065948486,0,True,3.7091927528381348,0.6031900644302368,0.8943920135498047
dir_A,V21_CORRECT_V22_WRONG,private,1691,0,Angry,True,True,2,False,-2.2639787197113037,2,False,-1.1193183660507202,0,True,3.327094554901123,0,True,3.382368326187134,0.5543869137763977,0.4455937445163727
dir_A,V21_CORRECT_V22_WRONG,private,1693,3,Happy,True,True,4,False,-3.2790284156799316,4,False,-4.031143665313721,3,True,1.4164917469024658,3,True,1.9527149200439453,0.6735731959342957,0.4309470057487488
dir_A,V21_CORRECT_V22_WRONG,private,1694,6,Neutral,True,True,4,False,-1.0035443305969238,0,False,-0.7553275227546692,6,True,2.1482625007629395,6,True,2.096020221710205,0.665188729763031,0.5922640562057495
dir_A,V21_CORRECT_V22_WRONG,private,1702,2,Fear,True,True,6,False,-2.7310128211975098,6,False,-2.3300843238830566,2,True,4.13141393661499,2,True,0.2919350862503052,0.42952579259872437,0.5660462379455566
dir_A,V21_CORRECT_V22_WRONG,private,1705,4,Sad,True,True,6,False,-2.7907471656799316,6,False,-1.0242996215820312,4,True,0.002665400505065918,4,True,0.8928601741790771,0.6247299909591675,0.684918999671936
dir_A,V21_CORRECT_V22_WRONG,private,1730,0,Angry,True,True,4,False,-1.1491084098815918,4,False,-0.6886782646179199,0,True,4.485083103179932,0,True,3.9423933029174805,0.5410412549972534,0.3648730218410492
dir_A,V21_CORRECT_V22_WRONG,private,1734,4,Sad,True,True,6,False,-1.8340948820114136,4,True,1.6187058687210083,4,True,2.634765148162842,4,True,4.026108264923096,0.635369062423706,0.7821188569068909
dir_A,V21_CORRECT_V22_WRONG,private,1746,3,Happy,True,True,6,False,-0.878225564956665,3,True,1.901584267616272,2,False,-1.1155861616134644,3,True,0.37608110904693604,0.4971613883972168,0.6914158463478088
dir_A,V21_CORRECT_V22_WRONG,private,1769,4,Sad,True,True,6,False,-1.695047378540039,6,False,-2.2491683959960938,4,True,2.947373628616333,4,True,3.5022363662719727,0.6525682210922241,0.6022796034812927
dir_A,V21_CORRECT_V22_WRONG,private,1771,0,Angry,True,True,4,False,-3.2699708938598633,4,False,-2.064497947692871,0,True,2.899738311767578,0,True,0.1948329210281372,0.6199160814285278,0.6514075398445129
dir_A,V21_CORRECT_V22_WRONG,private,1778,4,Sad,True,True,2,False,-1.0219919681549072,4,True,0.13617444038391113,4,True,0.48518407344818115,4,True,1.9385991096496582,0.5953384637832642,0.6580264568328857
dir_A,V21_CORRECT_V22_WRONG,private,1784,3,Happy,True,True,6,False,-1.123758316040039,3,True,1.2356135845184326,3,True,3.890768051147461,3,True,4.3632283210754395,0.761138916015625,0.7873824834823608
dir_A,V21_CORRECT_V22_WRONG,private,1797,4,Sad,True,True,2,False,-1.142317771911621,4,True,1.603491187095642,4,True,4.006253242492676,4,True,2.25630259513855,0.5282551050186157,0.6622538566589355
dir_A,V21_CORRECT_V22_WRONG,private,1817,0,Angry,True,True,2,False,-0.24756121635437012,0,True,1.2270793914794922,0,True,2.2154550552368164,0,True,0.23466825485229492,0.471782922744751,0.6397929191589355
dir_A,V21_CORRECT_V22_WRONG,private,1819,2,Fear,True,True,6,False,-0.8469408750534058,6,False,-1.1605663299560547,2,True,2.8442578315734863,2,True,0.4837791919708252,0.5204336643218994,0.7832252979278564
dir_A,V21_CORRECT_V22_WRONG,private,1839,4,Sad,True,True,0,False,-2.5973167419433594,4,True,0.1167609691619873,2,False,-0.3797403573989868,4,True,0.9544006586074829,0.43990716338157654,0.6216335892677307
dir_A,V21_CORRECT_V22_WRONG,private,1853,0,Angry,True,True,2,False,-3.732151985168457,0,True,0.10501575469970703,0,True,2.0979197025299072,0,True,1.1840505599975586,0.5477151274681091,0.688292920589447
dir_A,V21_CORRECT_V22_WRONG,private,1890,3,Happy,True,True,0,False,-3.2173988819122314,0,False,-1.7405447959899902,3,True,4.046412944793701,3,True,3.716642141342163,0.7278009653091431,0.5434739589691162
dir_A,V21_CORRECT_V22_WRONG,private,1894,4,Sad,True,True,2,False,-2.5043859481811523,2,False,-1.0102072954177856,4,True,1.8318637609481812,4,True,2.0150983333587646,0.5292741656303406,0.5287051200866699
dir_A,V21_CORRECT_V22_WRONG,private,1905,3,Happy,True,True,0,False,-2.7099976539611816,0,False,-3.8070569038391113,3,True,3.880675792694092,3,True,1.691032886505127,0.7035764455795288,0.6807167530059814
dir_A,V21_CORRECT_V22_WRONG,private,1908,3,Happy,True,True,6,False,-1.3572003841400146,6,False,-0.09701991081237793,3,True,3.3231558799743652,3,True,4.054839134216309,0.7053346633911133,0.6492589712142944
dir_A,V21_CORRECT_V22_WRONG,private,1938,2,Fear,True,True,0,False,-0.6025301218032837,0,False,-0.7446916103363037,0,False,-0.5716336965560913,0,False,-0.06598043441772461,0.593538761138916,0.8755196332931519
dir_A,V21_CORRECT_V22_WRONG,private,1951,2,Fear,True,True,0,False,-2.2945473194122314,0,False,-0.7653610706329346,2,True,1.835939645767212,2,True,2.181018590927124,0.5645942687988281,0.7024679780006409
dir_A,V21_CORRECT_V22_WRONG,private,1963,6,Neutral,True,True,0,False,-0.36713290214538574,0,False,-2.495351552963257,6,True,1.683525800704956,6,True,0.3775908946990967,0.6090756058692932,0.6716557741165161
dir_A,V21_CORRECT_V22_WRONG,private,1980,6,Neutral,True,True,3,False,-0.7417600154876709,3,False,-2.354617118835449,6,True,2.098186492919922,6,True,0.9449305534362793,0.6718876361846924,0.8214490413665771
dir_A,V21_CORRECT_V22_WRONG,private,1984,3,Happy,True,True,4,False,-5.2980122566223145,4,False,-4.401177883148193,3,True,4.563499927520752,3,True,4.337985515594482,0.7185874581336975,0.1326320469379425
dir_A,V21_CORRECT_V22_WRONG,private,2026,6,Neutral,True,True,0,False,-5.4172563552856445,0,False,-5.42833137512207,6,True,4.192874908447266,6,True,2.8242592811584473,0.6615844368934631,0.18094220757484436
dir_A,V21_CORRECT_V22_WRONG,private,2029,2,Fear,True,True,6,False,-1.5887408256530762,4,False,-1.0770158767700195,2,True,3.3638217449188232,2,True,1.5926175117492676,0.5662166476249695,0.5126370787620544
dir_A,V21_CORRECT_V22_WRONG,private,2043,4,Sad,True,True,6,False,-2.1291661262512207,6,False,-2.726341485977173,6,False,-1.1418265104293823,4,True,0.25112175941467285,0.6664201021194458,0.7399807572364807
dir_A,V21_CORRECT_V22_WRONG,private,2128,6,Neutral,True,True,4,False,-2.117767572402954,4,False,-0.4855715036392212,6,True,3.515634536743164,6,True,3.3093769550323486,0.6534465551376343,0.26397860050201416
dir_A,V21_CORRECT_V22_WRONG,private,2138,3,Happy,True,True,1,False,-0.8517941236495972,0,False,-3.9461207389831543,6,False,-0.14390826225280762,3,True,0.9426006078720093,0.3675748109817505,0.43121522665023804
dir_A,V21_CORRECT_V22_WRONG,private,2150,0,Angry,True,False,4,False,-4.6377105712890625,4,False,-3.5810444355010986,4,False,-0.2786405086517334,4,False,-0.13637614250183105,0.6197829246520996,0.6951173543930054
dir_A,V21_CORRECT_V22_WRONG,private,2172,0,Angry,True,True,3,False,-2.7324342727661133,3,False,-1.857040524482727,4,False,-0.9290748238563538,0,True,0.819401741027832,0.4707893133163452,0.5205637812614441
dir_A,V21_CORRECT_V22_WRONG,private,2179,4,Sad,True,True,0,False,-0.8458267450332642,4,True,0.5954995155334473,4,True,0.4150700569152832,4,True,2.3045847415924072,0.6094382405281067,0.7686729431152344
dir_A,V21_CORRECT_V22_WRONG,private,2183,6,Neutral,True,True,4,False,-1.5630548000335693,0,False,-2.973134756088257,6,True,3.1337785720825195,6,True,3.513169288635254,0.5835013389587402,0.3424755930900574
dir_A,V21_CORRECT_V22_WRONG,private,2190,6,Neutral,True,True,0,False,-3.0782175064086914,4,False,-2.1980204582214355,6,True,0.8202532529830933,6,True,1.8727943897247314,0.643425703048706,0.4827607572078705
dir_A,V21_CORRECT_V22_WRONG,private,2193,6,Neutral,True,True,4,False,-3.7148404121398926,4,False,-1.9865988492965698,6,True,2.4288442134857178,6,True,2.3035449981689453,0.7011111974716187,0.3287559747695923
dir_A,V21_CORRECT_V22_WRONG,private,2195,5,Surprise,True,True,3,False,-1.3543131351470947,3,False,-2.7198143005371094,5,True,2.090026378631592,5,True,1.4344487190246582,0.5913730263710022,0.6744199991226196
dir_A,V21_CORRECT_V22_WRONG,private,2198,5,Surprise,True,True,2,False,-3.6168911457061768,2,False,-1.0439634323120117,5,True,2.1883578300476074,5,True,3.7229244709014893,0.5860852003097534,0.633599579334259
dir_A,V21_CORRECT_V22_WRONG,private,2207,1,Disgust,True,False,0,False,-2.5045742988586426,0,False,-2.6460201740264893,4,False,-4.535264015197754,1,True,0.4066678285598755,0.3793506622314453,0.3595455586910248
dir_A,V21_CORRECT_V22_WRONG,private,2213,3,Happy,True,True,6,False,-0.17226624488830566,3,True,1.7450857162475586,3,True,2.4681763648986816,3,True,2.9931445121765137,0.746587872505188,0.8234574794769287
dir_A,V21_CORRECT_V22_WRONG,private,2246,0,Angry,True,True,2,False,-3.1035268306732178,4,False,-1.4661192893981934,0,True,3.263695001602173,2,False,-1.0226399898529053,0.47757038474082947,0.6612651348114014
dir_A,V21_CORRECT_V22_WRONG,private,2272,6,Neutral,True,True,4,False,-0.6557433605194092,4,False,-0.6787137985229492,6,True,0.9518524408340454,6,True,1.5343124866485596,0.7289283275604248,0.7561719417572021
dir_A,V21_CORRECT_V22_WRONG,private,2275,2,Fear,True,True,5,False,-0.19586467742919922,5,False,-0.20249485969543457,2,True,2.804577589035034,2,True,1.9524909257888794,0.6696678400039673,0.8693935871124268
dir_A,V21_CORRECT_V22_WRONG,private,2287,3,Happy,True,True,0,False,-2.306760787963867,0,False,-2.6052191257476807,3,True,4.580399036407471,3,True,4.424116134643555,0.7353672385215759,0.3777616620063782
dir_A,V21_CORRECT_V22_WRONG,private,2307,4,Sad,True,True,0,False,-0.9990737438201904,0,False,-0.3400993347167969,4,True,1.4415537118911743,0,False,-0.27556705474853516,0.5203383564949036,0.6769755482673645
dir_A,V21_CORRECT_V22_WRONG,private,2316,3,Happy,True,True,6,False,-1.3211185932159424,3,True,0.43472468852996826,3,True,0.7381012439727783,3,True,2.98697566986084,0.5502293705940247,0.6956456899642944
dir_A,V21_CORRECT_V22_WRONG,private,2362,2,Fear,True,True,4,False,-4.12490177154541,4,False,-2.493185520172119,2,True,2.4134669303894043,2,True,1.3468149900436401,0.5203540325164795,0.511169970035553
dir_A,V21_CORRECT_V22_WRONG,private,2381,4,Sad,True,True,2,False,-0.750933051109314,2,False,-0.4747418165206909,4,True,0.5999008417129517,4,True,1.3995084762573242,0.48678141832351685,0.5945174694061279
dir_A,V21_CORRECT_V22_WRONG,private,2388,0,Angry,True,True,4,False,-2.239936590194702,0,True,0.557876706123352,0,True,2.7049643993377686,0,True,3.157102108001709,0.5806668996810913,0.7361586689949036
dir_A,V21_CORRECT_V22_WRONG,private,2390,3,Happy,True,True,5,False,-0.39838123321533203,3,True,2.9664249420166016,3,True,0.5016064643859863,3,True,1.3579657077789307,0.6271957755088806,0.711374044418335
dir_A,V21_CORRECT_V22_WRONG,private,2415,2,Fear,True,True,0,False,-2.443699359893799,0,False,-2.4895853996276855,2,True,1.572364330291748,4,False,-0.7837114334106445,0.5707749724388123,0.5425019264221191
dir_A,V21_CORRECT_V22_WRONG,private,2428,4,Sad,True,True,6,False,-2.5938260555267334,0,False,-0.18257543444633484,4,True,2.3549680709838867,4,True,2.150507688522339,0.5731602907180786,0.218303844332695
dir_A,V21_CORRECT_V22_WRONG,private,2432,2,Fear,True,True,5,False,-2.5726118087768555,5,False,-1.7254130840301514,3,False,-1.4682235717773438,3,False,-0.1802380084991455,0.5017575025558472,0.6283988952636719
dir_A,V21_CORRECT_V22_WRONG,private,2442,0,Angry,True,True,4,False,-3.1641526222229004,4,False,-1.1520006656646729,0,True,1.0694783926010132,0,True,0.6456232070922852,0.6670070290565491,0.717549204826355
dir_A,V21_CORRECT_V22_WRONG,private,2451,0,Angry,True,True,2,False,-3.554645299911499,2,False,-1.2055156230926514,2,False,-3.6562533378601074,2,False,-0.41487860679626465,0.5540366172790527,0.7008947730064392
dir_A,V21_CORRECT_V22_WRONG,private,2454,6,Neutral,True,True,4,False,-4.802999019622803,4,False,-3.501702308654785,2,False,-0.6508185863494873,6,True,1.1096563339233398,0.6857584714889526,0.5654209852218628
dir_A,V21_CORRECT_V22_WRONG,private,2469,2,Fear,True,True,5,False,-3.7600462436676025,5,False,-3.0019960403442383,5,False,-0.6217715740203857,5,False,-0.5235074758529663,0.6482461094856262,0.8665562868118286
dir_A,V21_CORRECT_V22_WRONG,private,2471,6,Neutral,True,True,4,False,-2.2469215393066406,4,False,-2.999718189239502,6,True,3.218139886856079,6,True,3.296999216079712,0.7066811919212341,0.2206966131925583
dir_A,V21_CORRECT_V22_WRONG,private,2479,5,Surprise,True,True,2,False,-0.15161395072937012,5,True,0.8234803676605225,5,True,3.422511577606201,5,True,4.471014976501465,0.6755397319793701,0.7480818629264832
dir_A,V21_CORRECT_V22_WRONG,private,2491,4,Sad,True,True,2,False,-0.8059492111206055,4,True,2.562593698501587,2,False,-1.5165460109710693,4,True,1.9599072933197021,0.6213966608047485,0.8498364090919495
dir_A,V21_CORRECT_V22_WRONG,private,2525,4,Sad,True,True,2,False,-2.2137577533721924,4,True,2.1619579792022705,2,False,-0.10906839370727539,4,True,1.2701988220214844,0.5739860534667969,0.6170667409896851
dir_A,V21_CORRECT_V22_WRONG,private,2532,0,Angry,True,True,4,False,-0.8870830535888672,0,True,1.23116135597229,6,False,-0.18282735347747803,0,True,0.321791410446167,0.3719393014907837,0.5933331847190857
dir_A,V21_CORRECT_V22_WRONG,private,2533,6,Neutral,True,True,2,False,-3.0533676147460938,2,False,-2.2203967571258545,6,True,1.3689446449279785,6,True,1.728834629058838,0.47541168332099915,0.4364786148071289
dir_A,V21_CORRECT_V22_WRONG,private,2553,6,Neutral,True,True,0,False,-0.219488263130188,0,False,-1.3296144008636475,6,True,2.2968380451202393,6,True,3.5828850269317627,0.6646226644515991,0.503699004650116
dir_A,V21_CORRECT_V22_WRONG,private,2556,6,Neutral,True,True,4,False,-3.407667398452759,4,False,-1.2838654518127441,4,False,-0.5606179237365723,4,False,-0.32120203971862793,0.6622821092605591,0.6153562068939209
dir_A,V21_CORRECT_V22_WRONG,private,2558,6,Neutral,True,True,4,False,-0.7568695545196533,4,False,-0.9785306453704834,6,True,1.501693844795227,6,True,2.8998866081237793,0.5961178541183472,0.556288480758667
dir_A,V21_CORRECT_V22_WRONG,private,2575,4,Sad,True,True,6,False,-1.136311411857605,6,False,-0.38992464542388916,4,True,1.6303192377090454,4,True,1.990869402885437,0.6431424021720886,0.5747044086456299
dir_A,V21_CORRECT_V22_WRONG,private,2595,3,Happy,True,True,5,False,-0.7809865474700928,3,True,0.23468828201293945,3,True,0.35702061653137207,3,True,1.306762933731079,0.7095749378204346,0.9098939299583435
dir_A,V21_CORRECT_V22_WRONG,private,2608,6,Neutral,True,True,2,False,-2.763232707977295,2,False,-2.517993211746216,6,True,2.4466495513916016,6,True,1.755523681640625,0.5967649221420288,0.4511394500732422
dir_A,V21_CORRECT_V22_WRONG,private,2615,4,Sad,True,True,2,False,-0.3917679786682129,4,True,0.9835801124572754,4,True,1.9646320343017578,4,True,3.208700656890869,0.5747227668762207,0.6175811290740967
dir_A,V21_CORRECT_V22_WRONG,private,2618,5,Surprise,True,True,2,False,-0.2660796642303467,5,True,1.1338423490524292,5,True,1.6237266063690186,5,True,0.9859519004821777,0.5162067413330078,0.730065643787384
dir_A,V21_CORRECT_V22_WRONG,private,2636,3,Happy,True,True,6,False,-4.575637340545654,6,False,-3.015207290649414,2,False,-1.0688371658325195,3,True,0.5640008449554443,0.575325071811676,0.43649402260780334
dir_A,V21_CORRECT_V22_WRONG,private,2644,4,Sad,True,True,2,False,-2.421940326690674,6,False,-0.711660623550415,2,False,-1.3119438886642456,4,True,0.9409589767456055,0.5564182996749878,0.7128304243087769
dir_A,V21_CORRECT_V22_WRONG,private,2656,3,Happy,True,True,0,False,-0.3793736696243286,0,False,-2.4659266471862793,4,False,-1.5670652389526367,3,True,3.338803768157959,0.5155540108680725,0.3992408215999603
dir_A,V21_CORRECT_V22_WRONG,private,2662,0,Angry,True,True,4,False,-0.04797530174255371,0,True,2.3474466800689697,2,False,-4.047589302062988,0,True,3.1553282737731934,0.2770247459411621,0.5898605585098267
dir_A,V21_CORRECT_V22_WRONG,private,2689,5,Surprise,True,True,2,False,-4.92453670501709,2,False,-2.3888931274414062,5,True,2.094207286834717,5,True,3.287792921066284,0.6710785627365112,0.30046308040618896
dir_A,V21_CORRECT_V22_WRONG,private,2693,4,Sad,True,True,2,False,-1.8961181640625,4,True,2.713231086730957,0,False,-1.8431761264801025,4,True,0.5432394742965698,0.5612758994102478,0.7350980043411255
dir_A,V21_CORRECT_V22_WRONG,private,2706,6,Neutral,True,True,4,False,-2.683821678161621,4,False,-2.377362012863159,4,False,-0.5507577657699585,6,True,0.436981201171875,0.6456295251846313,0.590920090675354
dir_A,V21_CORRECT_V22_WRONG,private,2718,3,Happy,True,True,2,False,-3.3388686180114746,2,False,-3.75726318359375,3,True,3.608505964279175,3,True,4.250267028808594,0.7226208448410034,0.0044368780218064785
dir_A,V21_CORRECT_V22_WRONG,private,2752,3,Happy,True,False,6,False,-3.5125064849853516,6,False,-0.856791615486145,3,True,0.36897945404052734,3,True,3.800361156463623,0.5698550343513489,0.6262868046760559
dir_A,V21_CORRECT_V22_WRONG,private,2755,4,Sad,True,True,6,False,-4.245395183563232,6,False,-1.3997246026992798,2,False,-2.807023048400879,6,False,-0.597787618637085,0.3196573257446289,0.5903503894805908
dir_A,V21_CORRECT_V22_WRONG,private,2759,3,Happy,True,True,2,False,-2.9110851287841797,0,False,-4.261850357055664,3,True,3.826399803161621,3,True,3.823045015335083,0.7203808426856995,0.21547716856002808
dir_A,V21_CORRECT_V22_WRONG,private,2760,4,Sad,True,True,2,False,-0.6864314079284668,4,True,1.565840721130371,4,True,0.09992480278015137,4,True,2.4080235958099365,0.5433776378631592,0.5361289381980896
dir_A,V21_CORRECT_V22_WRONG,private,2797,5,Surprise,True,True,2,False,-2.6199004650115967,2,False,-2.7923507690429688,2,False,-0.08872222900390625,5,True,1.4898086786270142,0.7400836944580078,0.5309469699859619
dir_A,V21_CORRECT_V22_WRONG,private,2799,2,Fear,True,True,4,False,-3.393580675125122,2,True,0.2651820182800293,4,False,-0.4435844421386719,4,False,-1.4275126457214355,0.6030458807945251,0.5235599279403687
dir_A,V21_CORRECT_V22_WRONG,private,2802,6,Neutral,True,True,0,False,-2.601952314376831,2,False,-1.6822516918182373,6,True,0.33324265480041504,6,True,2.4342262744903564,0.6735448837280273,0.571664571762085
dir_A,V21_CORRECT_V22_WRONG,private,2810,6,Neutral,True,True,0,False,-1.970859408378601,6,True,0.4259471893310547,4,False,-0.18387341499328613,6,True,1.9243717193603516,0.5983336567878723,0.8025315999984741
dir_A,V21_CORRECT_V22_WRONG,private,2817,0,Angry,True,True,1,False,-2.182943344116211,0,True,2.9629158973693848,0,True,0.8565158843994141,0,True,2.955864429473877,0.4665716290473938,0.5729737281799316
dir_A,V21_CORRECT_V22_WRONG,private,2825,0,Angry,True,True,6,False,-0.15643393993377686,6,False,-1.3722678422927856,2,False,-2.0686235427856445,0,True,0.8261793851852417,0.4692731201648712,0.763674259185791
dir_A,V21_CORRECT_V22_WRONG,private,2838,6,Neutral,True,True,4,False,-3.4609668254852295,4,False,-1.413012146949768,6,True,1.3079495429992676,6,True,3.3321378231048584,0.5669382810592651,0.6045441031455994
dir_A,V21_CORRECT_V22_WRONG,private,2849,0,Angry,True,True,6,False,-4.5125579833984375,0,True,1.383634328842163,6,False,-0.023319721221923828,0,True,2.218268871307373,0.5069608688354492,0.7322639226913452
dir_A,V21_CORRECT_V22_WRONG,private,2857,4,Sad,True,True,2,False,-1.3837414979934692,6,False,-1.094364881515503,4,True,1.6344797611236572,4,True,2.1723861694335938,0.5804075598716736,0.31413525342941284
dir_A,V21_CORRECT_V22_WRONG,private,2859,4,Sad,True,True,6,False,-2.6005568504333496,6,False,-2.159742593765259,4,True,1.5060219764709473,4,True,0.08197617530822754,0.6722196340560913,0.7198823690414429
dir_A,V21_CORRECT_V22_WRONG,private,2865,3,Happy,True,True,6,False,-3.5624678134918213,6,False,-1.794330358505249,6,False,-1.7911263704299927,3,True,0.25950026512145996,0.620251476764679,0.8545441031455994
dir_A,V21_CORRECT_V22_WRONG,private,2868,6,Neutral,True,True,0,False,-4.996859073638916,0,False,-5.859984397888184,6,True,2.2469797134399414,6,True,2.6721744537353516,0.6685707569122314,0.25106191635131836
dir_A,V21_CORRECT_V22_WRONG,private,2870,0,Angry,True,True,4,False,-0.5500501394271851,0,True,0.12968802452087402,0,True,3.7330527305603027,0,True,2.576323986053467,0.5417513847351074,0.6164183020591736
dir_A,V21_CORRECT_V22_WRONG,private,2871,3,Happy,True,True,6,False,-3.16426420211792,6,False,-1.7652783393859863,3,True,1.2118629217147827,3,True,3.1987767219543457,0.6478341817855835,0.6794925928115845
dir_A,V21_CORRECT_V22_WRONG,private,2872,0,Angry,True,True,6,False,-2.1014246940612793,0,True,0.0427168607711792,0,True,4.7099080085754395,0,True,4.132942199707031,0.597309410572052,0.4020540416240692
dir_A,V21_CORRECT_V22_WRONG,private,2874,3,Happy,True,True,0,False,-4.354466438293457,0,False,-3.7133853435516357,3,True,2.9321377277374268,3,True,2.1353883743286133,0.6026294827461243,0.31688031554222107
dir_A,V21_CORRECT_V22_WRONG,private,2888,2,Fear,True,True,4,False,-4.253158092498779,4,False,-2.8266921043395996,2,True,3.0884933471679688,2,True,1.412980318069458,0.5049832463264465,0.29842299222946167
dir_A,V21_CORRECT_V22_WRONG,private,2906,4,Sad,True,True,2,False,-0.3584580421447754,4,True,0.31287264823913574,2,False,-1.560572862625122,4,True,1.502148985862732,0.4762791097164154,0.612594485282898
dir_A,V21_CORRECT_V22_WRONG,private,2946,2,Fear,True,True,3,False,-2.8348641395568848,3,False,-3.4735500812530518,3,False,-1.3011728525161743,5,False,-0.06017112731933594,0.6154519319534302,0.48131975531578064
dir_A,V21_CORRECT_V22_WRONG,private,2952,2,Fear,True,True,0,False,-1.5651049613952637,0,False,-1.0211812257766724,4,False,-1.3303968906402588,2,True,2.2989017963409424,0.44601374864578247,0.5516743659973145
dir_A,V21_CORRECT_V22_WRONG,private,2959,2,Fear,True,True,4,False,-0.27494072914123535,4,False,-0.691030740737915,2,True,4.089078426361084,2,True,2.853789806365967,0.5507153868675232,0.6172699928283691
dir_A,V21_CORRECT_V22_WRONG,private,2962,4,Sad,True,True,6,False,-0.4963514804840088,4,True,0.9979051351547241,4,True,3.602473020553589,4,True,2.194321632385254,0.4950031042098999,0.7211218476295471
dir_A,V21_CORRECT_V22_WRONG,private,2980,0,Angry,True,True,4,False,-3.1214842796325684,0,True,0.9124455451965332,0,True,2.9540276527404785,0,True,1.116032361984253,0.6004672050476074,0.7316573858261108
dir_A,V21_CORRECT_V22_WRONG,private,3029,4,Sad,True,True,6,False,-3.253406286239624,6,False,-1.678038239479065,4,True,1.5021131038665771,4,True,1.3588080406188965,0.48891767859458923,0.24105943739414215
dir_A,V21_CORRECT_V22_WRONG,private,3034,6,Neutral,True,True,0,False,-4.600555896759033,0,False,-3.839229106903076,6,True,3.7001376152038574,6,True,1.6036667823791504,0.5425301790237427,0.4077591001987457
dir_A,V21_CORRECT_V22_WRONG,private,3049,2,Fear,True,True,5,False,-2.4275965690612793,2,True,0.11908924579620361,2,True,0.26372671127319336,2,True,0.4297513961791992,0.6958707571029663,0.5242118239402771
dir_A,V21_CORRECT_V22_WRONG,private,3059,2,Fear,True,True,3,False,-2.710784912109375,0,False,-0.25176048278808594,2,True,1.1822998523712158,2,True,1.8645496368408203,0.5372417569160461,0.33839184045791626
dir_A,V21_CORRECT_V22_WRONG,private,3064,2,Fear,True,True,0,False,-5.602457523345947,0,False,-1.64689302444458,2,True,1.7304188013076782,2,True,0.8199350833892822,0.5866979360580444,0.5601102709770203
dir_A,V21_CORRECT_V22_WRONG,private,3077,4,Sad,True,True,3,False,-4.150920867919922,3,False,-1.1971160173416138,4,True,0.5465419292449951,4,True,2.1391196250915527,0.5896353721618652,0.26417991518974304
dir_A,V21_CORRECT_V22_WRONG,private,3109,0,Angry,True,True,6,False,-1.5611920356750488,6,False,-1.5715086460113525,0,True,1.7692748308181763,0,True,3.1007943153381348,0.5690868496894836,0.32527217268943787
dir_A,V21_CORRECT_V22_WRONG,private,3133,4,Sad,True,True,6,False,-1.5876917839050293,6,False,-2.4371697902679443,2,False,-0.7554748058319092,6,False,-0.40065979957580566,0.6077066659927368,0.7413938045501709
dir_A,V21_CORRECT_V22_WRONG,private,3143,6,Neutral,True,True,4,False,-2.5032026767730713,4,False,-0.06732726097106934,6,True,1.812879204750061,6,True,2.883028507232666,0.6878359317779541,0.7949661016464233
dir_A,V21_CORRECT_V22_WRONG,private,3149,0,Angry,True,True,4,False,-3.774970293045044,4,False,-2.4763004779815674,2,False,-0.01797330379486084,2,False,-0.2888457775115967,0.6450886726379395,0.5794440507888794
dir_A,V21_CORRECT_V22_WRONG,private,3181,2,Fear,True,True,4,False,-0.5456342101097107,4,False,-1.9299800395965576,2,True,0.6965193748474121,2,True,1.6858434677124023,0.47220414876937866,0.395444393157959
dir_A,V21_CORRECT_V22_WRONG,private,3188,4,Sad,True,True,3,False,-2.0236425399780273,0,False,-0.8231614828109741,4,True,0.10342419147491455,4,True,2.208941698074341,0.47609949111938477,0.46416565775871277
dir_A,V21_CORRECT_V22_WRONG,private,3193,2,Fear,True,True,4,False,-2.724686861038208,4,False,-3.2601704597473145,4,False,-1.3973783254623413,4,False,-1.0579743385314941,0.620621383190155,0.6878510117530823
dir_A,V21_CORRECT_V22_WRONG,private,3197,4,Sad,True,True,2,False,-3.219109296798706,4,True,1.1819777488708496,2,False,-0.8639721870422363,4,True,1.271106243133545,0.5901238918304443,0.6079952716827393
dir_A,V21_CORRECT_V22_WRONG,private,3215,5,Surprise,True,True,0,False,-0.44619297981262207,2,False,-0.9129990935325623,5,True,4.284390449523926,5,True,4.015092372894287,0.5712856650352478,0.31689226627349854
dir_A,V21_CORRECT_V22_WRONG,private,3221,3,Happy,True,True,6,False,-4.380044460296631,6,False,-1.1224602460861206,3,True,3.4295785427093506,3,True,4.033203125,0.7448686361312866,0.47363200783729553
dir_A,V21_CORRECT_V22_WRONG,private,3228,0,Angry,True,True,3,False,-3.3822262287139893,3,False,-1.641932725906372,3,False,-0.9570326805114746,0,True,3.4365804195404053,0.5760230422019958,0.6464974284172058
dir_A,V21_CORRECT_V22_WRONG,private,3235,4,Sad,True,True,3,False,-3.167468309402466,4,True,0.8430653810501099,0,False,-0.26185810565948486,0,False,-0.928703784942627,0.5137873291969299,0.45232877135276794
dir_A,V21_CORRECT_V22_WRONG,private,3243,2,Fear,True,True,4,False,-1.434436321258545,4,False,-1.8505280017852783,2,True,0.165793776512146,2,True,0.18626165390014648,0.5882370471954346,0.4411667585372925
dir_A,V21_CORRECT_V22_WRONG,private,3267,0,Angry,True,True,4,False,-2.1557493209838867,4,False,-2.710275888442993,0,True,2.531132698059082,0,True,0.7797021865844727,0.5843578577041626,0.5973794460296631
dir_A,V21_CORRECT_V22_WRONG,private,3298,3,Happy,True,True,5,False,-2.4967451095581055,2,False,-3.2994437217712402,3,True,0.4559190273284912,3,True,2.2294509410858154,0.5993016958236694,0.3047575354576111
dir_A,V21_CORRECT_V22_WRONG,private,3302,4,Sad,True,True,2,False,-1.130506992340088,4,True,0.27384817600250244,4,True,1.209708333015442,4,True,0.3069641590118408,0.583701491355896,0.6840286254882812
dir_A,V21_CORRECT_V22_WRONG,private,3313,0,Angry,True,True,3,False,-2.178534984588623,0,True,1.15677809715271,0,True,1.7323540449142456,0,True,1.2446141242980957,0.7611675262451172,0.8101209402084351
dir_A,V21_CORRECT_V22_WRONG,private,3328,6,Neutral,True,True,4,False,-2.0000882148742676,6,True,1.9951090812683105,2,False,-0.6746388673782349,6,True,2.0299229621887207,0.4305846095085144,0.4720286726951599
dir_A,V21_CORRECT_V22_WRONG,private,3331,2,Fear,True,True,0,False,-3.907804489135742,0,False,-2.607959032058716,2,True,2.24680233001709,2,True,1.8409610986709595,0.5495407581329346,0.5972375869750977
dir_A,V21_CORRECT_V22_WRONG,private,3336,6,Neutral,True,True,4,False,-1.2296719551086426,4,False,-1.7450971603393555,6,True,1.5889179706573486,6,True,1.980649709701538,0.6865194439888,0.7190248966217041
dir_A,V21_CORRECT_V22_WRONG,private,3348,6,Neutral,True,True,3,False,-0.6019066572189331,3,False,-0.6551403999328613,6,True,1.003575086593628,6,True,1.7621245384216309,0.5851057767868042,0.683596134185791
dir_A,V21_CORRECT_V22_WRONG,private,3349,3,Happy,True,True,6,False,-0.6143555641174316,3,True,1.0496315956115723,3,True,0.6376457214355469,3,True,2.1049296855926514,0.5028685927391052,0.7757983207702637
dir_A,V21_CORRECT_V22_WRONG,private,3372,6,Neutral,True,True,4,False,-2.408691167831421,4,False,-0.35752415657043457,6,True,1.0277390480041504,6,True,1.4873117208480835,0.5473493337631226,0.6237204074859619
dir_A,V21_CORRECT_V22_WRONG,private,3378,4,Sad,True,True,3,False,-4.571504592895508,3,False,-4.549396514892578,3,False,-1.18414306640625,3,False,-0.9676990509033203,0.6283972263336182,0.5189188122749329
dir_A,V21_CORRECT_V22_WRONG,private,3389,5,Surprise,True,True,3,False,-1.30979323387146,3,False,-1.279496192932129,5,True,2.1566543579101562,5,True,1.7284642457962036,0.6464296579360962,0.8208293318748474
dir_A,V21_CORRECT_V22_WRONG,private,3391,6,Neutral,True,True,2,False,-1.9910309314727783,4,False,-1.0706661939620972,6,True,0.6549053192138672,6,True,2.554006814956665,0.6726327538490295,0.6066383719444275
dir_A,V21_CORRECT_V22_WRONG,private,3393,4,Sad,True,True,6,False,-0.3140900135040283,4,True,0.1403028964996338,4,True,1.0946052074432373,4,True,0.5798197984695435,0.5632544755935669,0.6710789203643799
dir_A,V21_CORRECT_V22_WRONG,private,3401,4,Sad,True,True,3,False,-1.770801305770874,3,False,-0.4730761647224426,4,True,1.1112546920776367,4,True,1.7628527879714966,0.5819880962371826,0.5099925994873047
dir_A,V21_CORRECT_V22_WRONG,private,3442,2,Fear,True,True,4,False,-1.3084946870803833,6,False,-1.858724594116211,2,True,3.666029691696167,5,False,-0.8531389236450195,0.43505656719207764,0.6423599720001221
dir_A,V21_CORRECT_V22_WRONG,private,3444,4,Sad,True,True,0,False,-1.4913012981414795,0,False,-1.3801368474960327,4,True,2.4611690044403076,4,True,1.0440094470977783,0.5928943753242493,0.7595468163490295
dir_A,V21_CORRECT_V22_WRONG,private,3455,0,Angry,True,True,4,False,-3.309180498123169,6,False,-3.7430403232574463,4,False,-1.2556874752044678,0,True,0.04128694534301758,0.6099063158035278,0.6035854816436768
dir_A,V21_CORRECT_V22_WRONG,private,3493,2,Fear,True,True,0,False,-2.6216495037078857,2,True,0.4510154724121094,2,True,2.933661937713623,2,True,0.8060497641563416,0.5875938534736633,0.5609663724899292
dir_A,V21_CORRECT_V22_WRONG,private,3500,5,Surprise,True,True,0,False,-0.12058424949645996,5,True,0.385312557220459,5,True,3.627079486846924,5,True,3.735611915588379,0.595521092414856,0.8023664951324463
dir_A,V21_CORRECT_V22_WRONG,private,3507,0,Angry,True,True,1,False,-3.892035484313965,0,True,2.50844407081604,0,True,2.5662760734558105,0,True,2.936937093734741,0.589093804359436,0.7374550700187683
dir_A,V21_CORRECT_V22_WRONG,private,3515,4,Sad,True,True,6,False,-1.2735673189163208,6,False,-0.7102696895599365,4,True,2.7955832481384277,4,True,1.114042043685913,0.5193120241165161,0.5735503435134888
dir_A,V21_CORRECT_V22_WRONG,private,3520,5,Surprise,True,True,6,False,-0.9943099021911621,5,True,1.8257098197937012,5,True,0.8918983936309814,5,True,1.665480136871338,0.5574049949645996,0.4776860475540161
dir_A,V21_CORRECT_V22_WRONG,private,3521,6,Neutral,True,True,4,False,-0.007138729095458984,4,False,-1.2603158950805664,6,True,3.450192928314209,6,True,2.514054775238037,0.641670823097229,0.3982800543308258
dir_A,V21_CORRECT_V22_WRONG,private,3540,2,Fear,True,True,0,False,-1.1719887256622314,0,False,-0.5034825801849365,2,True,2.5048158168792725,2,True,1.7432842254638672,0.6150654554367065,0.8444868326187134
dir_A,V21_CORRECT_V22_WRONG,private,3544,5,Surprise,True,True,6,False,-3.274393320083618,6,False,-2.747917413711548,2,False,-2.3446335792541504,5,True,1.2589482069015503,0.55974280834198,0.2683979272842407
dir_A,V21_CORRECT_V22_WRONG,private,3553,2,Fear,True,True,6,False,-2.6261370182037354,4,False,-1.9139069318771362,2,True,3.210655689239502,2,True,1.598525881767273,0.629309356212616,0.3487151861190796
dir_A,V21_CORRECT_V22_WRONG,private,3554,6,Neutral,True,True,0,False,-0.05958688259124756,6,True,1.7563542127609253,6,True,1.8385257720947266,6,True,1.7743855714797974,0.6712509989738464,0.8011179566383362
dir_A,V21_CORRECT_V22_WRONG,private,3564,2,Fear,True,True,6,False,-2.4693639278411865,6,False,-0.6012411117553711,2,True,2.5748581886291504,6,False,-0.014470815658569336,0.5981744527816772,0.6427626609802246
dir_A,V21_CORRECT_V22_WRONG,private,3573,6,Neutral,True,True,4,False,-2.2672736644744873,4,False,-1.9221915006637573,2,False,-2.976531982421875,6,True,0.9111223220825195,0.4114689230918884,0.6709610223770142
dir_B,V22_CORRECT_V21_WRONG,public,20,2,Fear,True,True,5,False,-1.8498644828796387,2,True,0.7164028882980347,2,True,1.6782031059265137,2,True,0.736587643623352,0.5846344232559204,0.5999388694763184
dir_B,V22_CORRECT_V21_WRONG,public,34,0,Angry,True,True,6,False,-2.7811551094055176,6,False,-4.661672592163086,4,False,-0.26786231994628906,6,False,-0.5690336227416992,0.5505748391151428,0.4720061123371124
dir_B,V22_CORRECT_V21_WRONG,public,44,6,Neutral,True,True,4,False,-1.1640269756317139,4,False,-2.3306593894958496,6,True,2.0612101554870605,6,True,0.9060838222503662,0.6677778959274292,0.6242758631706238
dir_B,V22_CORRECT_V21_WRONG,public,58,5,Surprise,True,True,0,False,-1.124892234802246,5,True,0.2966066598892212,5,True,3.3734378814697266,5,True,2.699082612991333,0.6580634713172913,0.7336170077323914
dir_B,V22_CORRECT_V21_WRONG,public,68,2,Fear,True,True,0,False,-4.926244258880615,5,False,-0.520648717880249,2,True,2.4355788230895996,2,True,2.7349913120269775,0.5673259496688843,0.3390073776245117
dir_B,V22_CORRECT_V21_WRONG,public,122,0,Angry,True,False,1,False,-4.554656505584717,0,True,0.1295161247253418,0,True,2.9471845626831055,0,True,0.29963457584381104,0.49073323607444763,0.6952705979347229
dir_B,V22_CORRECT_V21_WRONG,public,130,2,Fear,True,True,5,False,-0.4741448163986206,2,True,1.0236635208129883,2,True,3.9866857528686523,2,True,3.4464924335479736,0.5626698732376099,0.8350417613983154
dir_B,V22_CORRECT_V21_WRONG,public,132,2,Fear,True,True,6,False,-1.3447480201721191,2,True,0.9758083820343018,2,True,2.423190116882324,2,True,1.460949420928955,0.4892301559448242,0.6385942697525024
dir_B,V22_CORRECT_V21_WRONG,public,137,6,Neutral,True,True,3,False,-0.8285346031188965,3,False,-0.1903386116027832,3,False,-0.5617866516113281,6,True,1.113426685333252,0.6481605172157288,0.8800286054611206
dir_B,V22_CORRECT_V21_WRONG,public,167,4,Sad,True,True,0,False,-1.021282434463501,0,False,-0.2978125810623169,4,True,0.5601495504379272,4,True,1.6526196002960205,0.6172178983688354,0.4855167269706726
dir_B,V22_CORRECT_V21_WRONG,public,185,0,Angry,True,True,4,False,-1.4854042530059814,4,False,-2.0162575244903564,0,True,2.9726192951202393,0,True,0.39148616790771484,0.5635204315185547,0.4879046082496643
dir_B,V22_CORRECT_V21_WRONG,public,208,2,Fear,True,True,4,False,-1.9643528461456299,4,False,-0.36715805530548096,2,True,0.8695813417434692,2,True,2.1048526763916016,0.5293338298797607,0.3871244788169861
dir_B,V22_CORRECT_V21_WRONG,public,223,0,Angry,True,True,6,False,-0.6566834449768066,6,False,-1.4093172550201416,0,True,0.6996490955352783,0,True,0.9283281564712524,0.4704376757144928,0.41665777564048767
dir_B,V22_CORRECT_V21_WRONG,public,253,3,Happy,True,True,2,False,-2.9662365913391113,2,False,-1.398535132408142,3,True,1.890551209449768,3,True,0.6245549917221069,0.6108474731445312,0.6355106234550476
dir_B,V22_CORRECT_V21_WRONG,public,286,0,Angry,True,True,2,False,-1.8216025829315186,2,False,-2.9961347579956055,0,True,2.4069035053253174,0,True,1.3671634197235107,0.6353782415390015,0.5042084455490112
dir_B,V22_CORRECT_V21_WRONG,public,288,6,Neutral,True,True,2,False,-3.5282325744628906,4,False,-2.3960630893707275,6,True,0.48297131061553955,6,True,0.6719177961349487,0.5731439590454102,0.7210332155227661
dir_B,V22_CORRECT_V21_WRONG,public,302,2,Fear,True,True,3,False,-0.93187415599823,3,False,-0.9382915496826172,2,True,2.7323925495147705,2,True,2.0814943313598633,0.5083553194999695,0.4682159423828125
dir_B,V22_CORRECT_V21_WRONG,public,318,2,Fear,True,True,4,False,-0.12796974182128906,2,True,2.1181769371032715,2,True,2.407588481903076,2,True,1.7833232879638672,0.5602570176124573,0.7725934982299805
dir_B,V22_CORRECT_V21_WRONG,public,331,3,Happy,True,True,6,False,-0.5371813774108887,6,False,-1.0030879974365234,3,True,2.9718780517578125,3,True,1.4671437740325928,0.6939054727554321,0.8101930618286133
dir_B,V22_CORRECT_V21_WRONG,public,336,5,Surprise,True,True,2,False,-2.385037422180176,2,False,-2.5905256271362305,0,False,-1.7617182731628418,5,True,1.5192793607711792,0.47041141986846924,0.49191993474960327
dir_B,V22_CORRECT_V21_WRONG,public,343,4,Sad,True,True,0,False,-0.13952064514160156,0,False,-0.03846466541290283,4,True,2.217622756958008,4,True,0.9302177429199219,0.6128543019294739,0.349513977766037
dir_B,V22_CORRECT_V21_WRONG,public,344,0,Angry,True,True,6,False,-1.6893993616104126,2,False,-2.4220104217529297,0,True,1.907564640045166,2,False,-1.3125503063201904,0.3203834295272827,0.5170809030532837
dir_B,V22_CORRECT_V21_WRONG,public,346,6,Neutral,True,True,3,False,-3.060739517211914,3,False,-2.5332860946655273,3,False,-1.7954702377319336,6,True,0.5098814964294434,0.62525475025177,0.7630606889724731
dir_B,V22_CORRECT_V21_WRONG,public,349,4,Sad,True,True,0,False,-0.5913019180297852,4,True,0.9303542375564575,4,True,1.731093168258667,4,True,2.751572370529175,0.5168932676315308,0.5789140462875366
dir_B,V22_CORRECT_V21_WRONG,public,350,6,Neutral,True,True,3,False,-1.6808056831359863,4,False,-0.5906856060028076,6,True,1.500807285308838,6,True,2.3780157566070557,0.6317282915115356,0.5625087022781372
dir_B,V22_CORRECT_V21_WRONG,public,354,4,Sad,True,True,6,False,-3.829658031463623,6,False,-2.186332941055298,4,True,3.455122947692871,4,True,3.07071590423584,0.6025140285491943,0.47716376185417175
dir_B,V22_CORRECT_V21_WRONG,public,361,2,Fear,True,True,1,False,-4.503573894500732,2,True,0.8275985717773438,0,False,-0.14923906326293945,2,True,1.58799409866333,0.4357556998729706,0.734548032283783
dir_B,V22_CORRECT_V21_WRONG,public,363,6,Neutral,True,True,0,False,-2.22286319732666,0,False,-0.23134422302246094,6,True,1.6372034549713135,6,True,2.612370252609253,0.6557477712631226,0.4813030958175659
dir_B,V22_CORRECT_V21_WRONG,public,389,1,Disgust,True,False,4,False,-3.693127155303955,4,False,-3.61222505569458,0,False,-1.3869438171386719,0,False,-0.6649081707000732,0.42758578062057495,0.333268940448761
dir_B,V22_CORRECT_V21_WRONG,public,410,0,Angry,True,True,3,False,-1.8602957725524902,3,False,-4.03298807144165,0,True,2.710606813430786,0,True,3.4525084495544434,0.6279122829437256,0.4786505699157715
dir_B,V22_CORRECT_V21_WRONG,public,430,4,Sad,True,True,2,False,-3.6105949878692627,2,False,-1.8776299953460693,4,True,0.30104196071624756,4,True,0.7763183116912842,0.5023763179779053,0.6186885833740234
dir_B,V22_CORRECT_V21_WRONG,public,435,6,Neutral,True,True,0,False,-1.0027129650115967,0,False,-3.792027235031128,0,False,-1.440787672996521,6,True,0.25504159927368164,0.33580803871154785,0.4582614004611969
dir_B,V22_CORRECT_V21_WRONG,public,440,0,Angry,True,True,4,False,-1.8668911457061768,4,False,-1.557867407798767,0,True,2.0851473808288574,0,True,0.6558568477630615,0.5171281695365906,0.46154287457466125
dir_B,V22_CORRECT_V21_WRONG,public,445,2,Fear,True,True,4,False,-1.1066383123397827,0,False,-1.9262821674346924,0,False,-0.7544071078300476,6,False,-0.29807960987091064,0.38495945930480957,0.4849630892276764
dir_B,V22_CORRECT_V21_WRONG,public,454,4,Sad,True,True,2,False,-0.2247779369354248,4,True,0.009814739227294922,4,True,3.320403575897217,4,True,3.8389780521392822,0.5409297943115234,0.5700305700302124
dir_B,V22_CORRECT_V21_WRONG,public,465,4,Sad,True,True,6,False,-2.301727533340454,6,False,-2.1013600826263428,4,True,3.7774853706359863,4,True,3.0866189002990723,0.6166270971298218,0.4504345655441284
dir_B,V22_CORRECT_V21_WRONG,public,477,6,Neutral,True,True,3,False,-1.2560241222381592,3,False,-1.7464913129806519,6,True,2.9106223583221436,6,True,3.8823084831237793,0.6470516920089722,0.3204387426376343
dir_B,V22_CORRECT_V21_WRONG,public,478,2,Fear,True,True,4,False,-0.5560362339019775,2,True,0.36136960983276367,4,False,-2.0867834091186523,2,True,0.7737593650817871,0.5686178207397461,0.8828437328338623
dir_B,V22_CORRECT_V21_WRONG,public,505,3,Happy,True,True,6,False,-1.3050141334533691,6,False,-1.380314826965332,3,True,3.414395332336426,3,True,2.6708261966705322,0.6636084318161011,0.5060025453567505
dir_B,V22_CORRECT_V21_WRONG,public,508,0,Angry,True,True,2,False,-0.0040877461433410645,2,False,-2.542031764984131,0,True,1.678614616394043,0,True,0.8968422412872314,0.5254300832748413,0.43889158964157104
dir_B,V22_CORRECT_V21_WRONG,public,513,5,Surprise,True,True,4,False,-0.3395918607711792,2,False,-0.33919596672058105,5,True,0.9618686437606812,5,True,2.7481706142425537,0.6434340476989746,0.6369609832763672
dir_B,V22_CORRECT_V21_WRONG,public,520,3,Happy,True,True,0,False,-0.47241759300231934,3,True,1.6307350397109985,3,True,1.3297646045684814,3,True,3.549790859222412,0.654415488243103,0.8099075555801392
dir_B,V22_CORRECT_V21_WRONG,public,550,0,Angry,True,True,2,False,-2.0280489921569824,2,False,-1.6032917499542236,4,False,-0.8630142211914062,4,False,-0.9423645734786987,0.49852117896080017,0.4742708206176758
dir_B,V22_CORRECT_V21_WRONG,public,555,4,Sad,True,True,3,False,-3.1888303756713867,4,True,0.6626138687133789,4,True,3.194889783859253,4,True,2.932170867919922,0.6310039162635803,0.651891827583313
dir_B,V22_CORRECT_V21_WRONG,public,561,4,Sad,True,True,0,False,-2.251983404159546,0,False,-0.6430059671401978,0,False,-0.7214860916137695,4,True,3.12501859664917,0.4628337025642395,0.6155983209609985
dir_B,V22_CORRECT_V21_WRONG,public,568,2,Fear,True,True,4,False,-2.0969443321228027,4,False,-1.5030453205108643,4,False,-2.5849697589874268,4,False,-0.039781808853149414,0.4812283515930176,0.6763195991516113
dir_B,V22_CORRECT_V21_WRONG,public,596,4,Sad,True,True,1,False,-0.28989577293395996,4,True,1.130089282989502,4,True,2.0413899421691895,4,True,0.015710115432739258,0.4622237980365753,0.49393320083618164
dir_B,V22_CORRECT_V21_WRONG,public,599,0,Angry,True,True,4,False,-1.6188620328903198,6,False,-1.6778711080551147,0,True,1.6967700719833374,0,True,0.25189852714538574,0.607360303401947,0.48619961738586426
dir_B,V22_CORRECT_V21_WRONG,public,600,4,Sad,True,True,1,False,-0.10284876823425293,4,True,0.4561476707458496,4,True,2.7102017402648926,4,True,3.3983912467956543,0.4796375632286072,0.5181452631950378
dir_B,V22_CORRECT_V21_WRONG,public,601,6,Neutral,True,True,5,False,-4.647241115570068,5,False,-2.4281389713287354,6,True,0.6244622468948364,3,False,-0.22428452968597412,0.2841443419456482,0.28653231263160706
dir_B,V22_CORRECT_V21_WRONG,public,608,4,Sad,True,True,0,False,-1.5892772674560547,2,False,-1.021815299987793,6,False,-0.3377891778945923,4,True,2.5719761848449707,0.4632556438446045,0.43644648790359497
dir_B,V22_CORRECT_V21_WRONG,public,613,4,Sad,True,True,5,False,-4.310585975646973,2,False,-3.9675018787384033,6,False,-1.3018426895141602,4,True,1.906313180923462,0.4976307451725006,0.245233952999115
dir_B,V22_CORRECT_V21_WRONG,public,637,2,Fear,True,True,0,False,-0.053880929946899414,0,False,-0.44564080238342285,2,True,3.5448594093322754,2,True,3.223101854324341,0.5269363522529602,0.6889264583587646
dir_B,V22_CORRECT_V21_WRONG,public,639,0,Angry,True,True,4,False,-3.243227481842041,4,False,-3.6286301612854004,0,True,2.5862345695495605,0,True,2.0351204872131348,0.5566049814224243,0.33273157477378845
dir_B,V22_CORRECT_V21_WRONG,public,643,6,Neutral,True,True,3,False,-3.2124288082122803,3,False,-2.7843849658966064,6,True,0.5711920261383057,6,True,1.6208724975585938,0.5784618854522705,0.6306784152984619
dir_B,V22_CORRECT_V21_WRONG,public,645,5,Surprise,True,True,2,False,-0.05321776866912842,2,False,-0.3340792655944824,2,False,-3.160736322402954,5,True,0.07022428512573242,0.564527153968811,0.6753199100494385
dir_B,V22_CORRECT_V21_WRONG,public,650,2,Fear,True,True,6,False,-3.785297393798828,2,True,1.0613412857055664,4,False,-2.4915785789489746,4,False,-0.5516856908798218,0.5766775608062744,0.751322865486145
dir_B,V22_CORRECT_V21_WRONG,public,657,2,Fear,True,True,4,False,-3.7863197326660156,2,True,0.19714593887329102,4,False,-0.48517656326293945,2,True,2.896505832672119,0.4088914394378662,0.2853566110134125
dir_B,V22_CORRECT_V21_WRONG,public,670,4,Sad,True,True,6,False,-3.5896921157836914,6,False,-2.7218902111053467,0,False,-0.029761791229248047,4,True,1.29668390750885,0.46330976486206055,0.3561024069786072
dir_B,V22_CORRECT_V21_WRONG,public,675,6,Neutral,True,True,4,False,-1.3068864345550537,4,False,-0.49727940559387207,6,True,1.6851118803024292,6,True,3.3079633712768555,0.6383036971092224,0.6580432057380676
dir_B,V22_CORRECT_V21_WRONG,public,678,4,Sad,True,True,6,False,-3.638977289199829,6,False,-2.1258583068847656,4,True,1.5652161836624146,4,True,0.9749867916107178,0.6239290237426758,0.7632378339767456
dir_B,V22_CORRECT_V21_WRONG,public,695,3,Happy,True,True,4,False,-3.0839006900787354,4,False,-1.802551507949829,3,True,3.758603096008301,3,True,3.629441976547241,0.6950787305831909,0.2537267804145813
dir_B,V22_CORRECT_V21_WRONG,public,707,0,Angry,True,True,5,False,-3.1241390705108643,5,False,-2.5067999362945557,0,True,0.7850421667098999,0,True,3.802157402038574,0.49758943915367126,0.1291860044002533
dir_B,V22_CORRECT_V21_WRONG,public,740,6,Neutral,True,True,4,False,-1.8571224212646484,4,False,-2.374765157699585,4,False,-0.4149363040924072,6,True,2.4756195545196533,0.5817888975143433,0.5278851389884949
dir_B,V22_CORRECT_V21_WRONG,public,749,3,Happy,True,True,6,False,-0.014383316040039062,6,False,-1.2330540418624878,3,True,2.2264676094055176,3,True,2.2402312755584717,0.5806596875190735,0.5532360076904297
dir_B,V22_CORRECT_V21_WRONG,public,755,3,Happy,True,True,4,False,-4.311052322387695,4,False,-2.2084038257598877,0,False,-2.529484748840332,3,True,2.390030860900879,0.38688480854034424,0.46718934178352356
dir_B,V22_CORRECT_V21_WRONG,public,757,5,Surprise,True,True,2,False,-3.61521315574646,2,False,-3.191664218902588,5,True,2.367497682571411,5,True,2.279090404510498,0.6749900579452515,0.395708829164505
dir_B,V22_CORRECT_V21_WRONG,public,766,3,Happy,True,True,0,False,-0.19230324029922485,2,False,-2.515665054321289,3,True,1.2164686918258667,3,True,3.8407139778137207,0.6425482034683228,0.0036584772169589996
dir_B,V22_CORRECT_V21_WRONG,public,805,3,Happy,True,True,6,False,-1.7630786895751953,6,False,-0.8401343822479248,3,True,1.1204314231872559,3,True,1.1974798440933228,0.5572434663772583,0.7446291446685791
dir_B,V22_CORRECT_V21_WRONG,public,834,2,Fear,True,True,0,False,-2.685408353805542,2,True,0.26706862449645996,2,True,1.5927354097366333,2,True,1.1665292978286743,0.6119725108146667,0.5951216220855713
dir_B,V22_CORRECT_V21_WRONG,public,847,6,Neutral,True,True,4,False,-1.8894718885421753,4,False,-1.497715950012207,4,False,-0.4901278018951416,6,True,1.5561504364013672,0.6438713073730469,0.8118090629577637
dir_B,V22_CORRECT_V21_WRONG,public,899,6,Neutral,True,True,4,False,-2.3240489959716797,4,False,-0.6599072217941284,6,True,2.588160276412964,6,True,3.054419755935669,0.5828928351402283,0.6201539039611816
dir_B,V22_CORRECT_V21_WRONG,public,939,3,Happy,True,True,5,False,-0.36673498153686523,5,False,-1.561371088027954,3,True,3.911006212234497,3,True,3.6892447471618652,0.6851562857627869,0.22279630601406097
dir_B,V22_CORRECT_V21_WRONG,public,967,2,Fear,True,True,5,False,-0.5868051052093506,5,False,-0.6163637638092041,2,True,4.2192702293396,2,True,3.2207255363464355,0.5203917026519775,0.7080748081207275
dir_B,V22_CORRECT_V21_WRONG,public,978,4,Sad,True,True,3,False,-2.691831350326538,4,True,2.0238375663757324,0,False,-3.5301361083984375,4,True,0.8491641879081726,0.32427000999450684,0.5865066051483154
dir_B,V22_CORRECT_V21_WRONG,public,983,4,Sad,True,True,6,False,-3.563474655151367,6,False,-3.3403818607330322,4,True,1.4443455934524536,4,True,1.527999758720398,0.5902400612831116,0.47121283411979675
dir_B,V22_CORRECT_V21_WRONG,public,984,4,Sad,True,True,6,False,-1.0227024555206299,2,False,-1.037024974822998,4,True,2.3695244789123535,4,True,3.1698107719421387,0.5934528112411499,0.4289284348487854
dir_B,V22_CORRECT_V21_WRONG,public,996,2,Fear,True,True,4,False,-3.0117435455322266,4,False,-1.4694769382476807,4,False,-0.18108081817626953,2,True,2.2319045066833496,0.5723205804824829,0.6194828152656555
dir_B,V22_CORRECT_V21_WRONG,public,1003,2,Fear,True,True,4,False,-0.0880742073059082,4,False,-0.0852813720703125,0,False,-0.3967435359954834,2,True,0.6535310745239258,0.46555086970329285,0.6993316411972046
dir_B,V22_CORRECT_V21_WRONG,public,1012,6,Neutral,True,True,2,False,-4.677440643310547,2,False,-3.5325331687927246,6,True,1.5222017765045166,6,True,2.1670467853546143,0.6234731078147888,0.3316267132759094
dir_B,V22_CORRECT_V21_WRONG,public,1022,2,Fear,True,True,0,False,-2.742461681365967,2,True,1.2256288528442383,4,False,-1.0073519945144653,2,True,2.257246494293213,0.3420337438583374,0.6250625848770142
dir_B,V22_CORRECT_V21_WRONG,public,1047,4,Sad,True,True,6,False,-0.5774550437927246,4,True,0.5759599208831787,4,True,4.046671390533447,4,True,2.550891637802124,0.609844446182251,0.7806422710418701
dir_B,V22_CORRECT_V21_WRONG,public,1048,4,Sad,True,True,0,False,-1.5048387050628662,2,False,-1.1169933080673218,4,True,3.073352575302124,4,True,3.9094061851501465,0.5392555594444275,0.10927441716194153
dir_B,V22_CORRECT_V21_WRONG,public,1070,4,Sad,True,True,6,False,-2.3028829097747803,6,False,-2.2616004943847656,4,True,3.1830248832702637,4,True,2.4702980518341064,0.6188557147979736,0.6254489421844482
dir_B,V22_CORRECT_V21_WRONG,public,1078,6,Neutral,True,True,2,False,-1.0676844120025635,2,False,-2.629035472869873,6,True,0.9259862899780273,6,True,1.2094355821609497,0.6336204409599304,0.695560872554779
dir_B,V22_CORRECT_V21_WRONG,public,1094,5,Surprise,True,True,0,False,-2.2040576934814453,2,False,-0.9597228765487671,2,False,-1.0788543224334717,5,True,0.8524962663650513,0.5714803338050842,0.7703165411949158
dir_B,V22_CORRECT_V21_WRONG,public,1120,5,Surprise,False,False,2,False,-0.3821091651916504,2,False,-0.19708490371704102,2,False,-0.7444207668304443,5,True,0.3359682559967041,0.642711877822876,0.8540971279144287
dir_B,V22_CORRECT_V21_WRONG,public,1135,3,Happy,True,True,2,False,-0.06823158264160156,3,True,1.9059126377105713,3,True,1.2398951053619385,2,False,-0.8413937091827393,0.47949281334877014,0.6874324083328247
dir_B,V22_CORRECT_V21_WRONG,public,1148,6,Neutral,True,True,3,False,-3.038963556289673,3,False,-2.3624112606048584,3,False,-0.0007758140563964844,6,True,1.1373364925384521,0.6252467632293701,0.7827372550964355
dir_B,V22_CORRECT_V21_WRONG,public,1157,0,Angry,True,True,3,False,-1.3259550333023071,6,False,-2.0531258583068848,0,True,2.017641305923462,3,False,-0.5226912498474121,0.5785936117172241,0.5238335728645325
dir_B,V22_CORRECT_V21_WRONG,public,1200,5,Surprise,True,True,2,False,-0.8590370416641235,2,False,-0.0816950798034668,5,True,0.11118817329406738,5,True,0.7973315715789795,0.6310144066810608,0.8908559083938599
dir_B,V22_CORRECT_V21_WRONG,public,1205,4,Sad,True,True,2,False,-1.6887164115905762,2,False,-2.225123167037964,4,True,3.227559804916382,4,True,1.2594397068023682,0.5899414420127869,0.41618090867996216
dir_B,V22_CORRECT_V21_WRONG,public,1213,4,Sad,True,True,2,False,-2.8529562950134277,2,False,-0.7676742076873779,4,True,1.7397172451019287,4,True,0.7094558477401733,0.44706982374191284,0.5015981197357178
dir_B,V22_CORRECT_V21_WRONG,public,1219,6,Neutral,True,True,3,False,-0.9610776901245117,6,True,0.032779812812805176,6,True,1.2404522895812988,6,True,2.8086743354797363,0.6175011396408081,0.5473518371582031
dir_B,V22_CORRECT_V21_WRONG,public,1224,0,Angry,True,True,2,False,-0.17817306518554688,0,True,0.6046624183654785,0,True,1.0027340650558472,0,True,0.5769822597503662,0.6575725078582764,0.8817324042320251
dir_B,V22_CORRECT_V21_WRONG,public,1239,6,Neutral,True,True,0,False,-0.046677470207214355,6,True,0.3354811668395996,4,False,-3.269954204559326,6,True,1.4945769309997559,0.3428012430667877,0.3572239875793457
dir_B,V22_CORRECT_V21_WRONG,public,1271,0,Angry,True,True,6,False,-4.94056510925293,6,False,-3.9614334106445312,3,False,-1.0816795825958252,0,True,2.123579263687134,0.5589422583580017,0.2000831961631775
dir_B,V22_CORRECT_V21_WRONG,public,1284,3,Happy,True,True,4,False,-4.435290336608887,4,False,-3.1895971298217773,3,True,4.466506004333496,3,True,3.9466724395751953,0.694377064704895,0.3037620782852173
dir_B,V22_CORRECT_V21_WRONG,public,1289,4,Sad,True,True,0,False,-1.182000994682312,0,False,-2.359358787536621,4,True,0.448167085647583,4,True,1.0278124809265137,0.3960787057876587,0.4822181463241577
dir_B,V22_CORRECT_V21_WRONG,public,1291,4,Sad,True,True,2,False,-0.7752015590667725,2,False,-1.1269712448120117,4,True,0.4953269958496094,4,True,1.4695844650268555,0.6920098066329956,0.4831324815750122
dir_B,V22_CORRECT_V21_WRONG,public,1300,0,Angry,True,True,3,False,-3.6560397148132324,3,False,-3.501514434814453,4,False,-1.3989721536636353,4,False,-0.2833096981048584,0.49030187726020813,0.3302929401397705
dir_B,V22_CORRECT_V21_WRONG,public,1316,4,Sad,True,True,2,False,-0.9646639823913574,2,False,-1.095625638961792,4,True,0.3430832624435425,4,True,2.2097225189208984,0.4077357053756714,0.45491185784339905
dir_B,V22_CORRECT_V21_WRONG,public,1318,2,Fear,True,True,3,False,-0.4651832580566406,3,False,-2.396616220474243,4,False,-3.248530864715576,4,False,-0.9341961145401001,0.4708561599254608,0.24704459309577942
dir_B,V22_CORRECT_V21_WRONG,public,1319,0,Angry,True,True,1,False,-1.142836570739746,1,False,-1.4716448783874512,0,True,3.189707040786743,0,True,3.488532066345215,0.5260270237922668,0.3588481545448303
dir_B,V22_CORRECT_V21_WRONG,public,1335,6,Neutral,True,True,4,False,-0.821338415145874,4,False,-1.1885319948196411,6,True,1.1235074996948242,6,True,1.6654105186462402,0.6681827306747437,0.7135787010192871
dir_B,V22_CORRECT_V21_WRONG,public,1343,3,Happy,True,True,6,False,-1.7807037830352783,6,False,-2.1039090156555176,3,True,2.2822723388671875,3,True,1.4003803730010986,0.6823697686195374,0.7261319160461426
dir_B,V22_CORRECT_V21_WRONG,public,1352,3,Happy,True,True,6,False,-2.9134416580200195,6,False,-1.9402644634246826,3,True,3.1641499996185303,3,True,2.6256771087646484,0.6997021436691284,0.4137783646583557
dir_B,V22_CORRECT_V21_WRONG,public,1361,2,Fear,True,True,5,False,-1.0880451202392578,2,True,1.4479424953460693,6,False,-2.450460433959961,2,True,0.35537731647491455,0.4995025396347046,0.6119365692138672
dir_B,V22_CORRECT_V21_WRONG,public,1369,2,Fear,True,True,5,False,-2.4498181343078613,5,False,-1.4557255506515503,2,True,2.045989990234375,2,True,1.7433348894119263,0.5635703802108765,0.7429738640785217
dir_B,V22_CORRECT_V21_WRONG,public,1375,2,Fear,True,True,4,False,-1.3519794940948486,4,False,-0.002530694007873535,4,False,-3.7078957557678223,2,True,0.9307889938354492,0.5607402324676514,0.607040524482727
dir_B,V22_CORRECT_V21_WRONG,public,1379,4,Sad,True,True,0,False,-3.5698134899139404,0,False,-0.9560686349868774,2,False,-0.027798891067504883,4,True,2.1164231300354004,0.5390204191207886,0.5824198722839355
dir_B,V22_CORRECT_V21_WRONG,public,1385,4,Sad,True,True,2,False,-3.4369795322418213,2,False,-3.491309642791748,4,True,0.8939857482910156,4,True,3.793346405029297,0.5012161135673523,0.4379495084285736
dir_B,V22_CORRECT_V21_WRONG,public,1387,6,Neutral,True,True,3,False,-3.103907585144043,3,False,-3.4883131980895996,6,True,1.1587262153625488,6,True,2.234158754348755,0.6760475635528564,0.568311870098114
dir_B,V22_CORRECT_V21_WRONG,public,1414,4,Sad,True,True,6,False,-3.1360795497894287,6,False,-2.6978769302368164,4,True,1.6387995481491089,4,True,1.5329293012619019,0.6410919427871704,0.4043785333633423
dir_B,V22_CORRECT_V21_WRONG,public,1441,4,Sad,True,True,0,False,-0.4074031114578247,4,True,0.7631800174713135,4,True,0.5973168611526489,4,True,2.9264848232269287,0.6181921362876892,0.7243394255638123
dir_B,V22_CORRECT_V21_WRONG,public,1460,6,Neutral,True,True,2,False,-1.7393064498901367,4,False,-2.695984363555908,6,True,2.1476528644561768,6,True,0.9955536723136902,0.5893499851226807,0.3826097548007965
dir_B,V22_CORRECT_V21_WRONG,public,1470,4,Sad,True,True,6,False,-1.1358466148376465,4,True,0.15325021743774414,4,True,4.532238483428955,4,True,3.3108632564544678,0.5625303387641907,0.6454579830169678
dir_B,V22_CORRECT_V21_WRONG,public,1520,6,Neutral,True,True,0,False,-4.5170464515686035,0,False,-3.687328577041626,6,True,0.5637321472167969,6,True,2.5358526706695557,0.640684962272644,0.4282423257827759
dir_B,V22_CORRECT_V21_WRONG,public,1531,2,Fear,True,True,4,False,-3.111509084701538,4,False,-1.8456482887268066,2,True,0.15130043029785156,2,True,0.3650904893875122,0.5698704719543457,0.5328824520111084
dir_B,V22_CORRECT_V21_WRONG,public,1542,4,Sad,True,True,0,False,-2.5915110111236572,2,False,-2.1780285835266113,4,True,2.45306658744812,4,True,2.1572425365448,0.6194849014282227,0.3344634175300598
dir_B,V22_CORRECT_V21_WRONG,public,1544,2,Fear,True,True,4,False,-3.7288475036621094,4,False,-2.581075668334961,6,False,-1.1172467470169067,4,False,-1.611830711364746,0.4843110740184784,0.6835574507713318
dir_B,V22_CORRECT_V21_WRONG,public,1570,2,Fear,True,True,4,False,-0.12299704551696777,2,True,0.1535015106201172,4,False,-0.7265927791595459,2,True,2.4224488735198975,0.5159919857978821,0.7110180258750916
dir_B,V22_CORRECT_V21_WRONG,public,1579,3,Happy,True,True,0,False,-3.639570713043213,6,False,-1.4799582958221436,3,True,3.570375919342041,3,True,2.77514910697937,0.6975324153900146,0.5449596047401428
dir_B,V22_CORRECT_V21_WRONG,public,1582,3,Happy,True,True,6,False,-2.1691689491271973,6,False,-1.5876491069793701,3,True,3.7388181686401367,3,True,3.831521511077881,0.6775926351547241,0.436504989862442
dir_B,V22_CORRECT_V21_WRONG,public,1594,5,Surprise,True,True,3,False,-1.0390639305114746,3,False,-2.316425323486328,5,True,3.606501579284668,5,True,3.7603774070739746,0.6406315565109253,0.23348373174667358
dir_B,V22_CORRECT_V21_WRONG,public,1597,2,Fear,True,True,5,False,-1.6675680875778198,2,True,0.23660337924957275,2,True,0.6942735910415649,2,True,0.8517813682556152,0.3233778476715088,0.6907957792282104
dir_B,V22_CORRECT_V21_WRONG,public,1598,3,Happy,True,True,6,False,-1.806581974029541,4,False,-2.1637368202209473,3,True,1.0310652256011963,3,True,1.824286699295044,0.44621965289115906,0.23263804614543915
dir_B,V22_CORRECT_V21_WRONG,public,1600,0,Angry,True,True,2,False,-2.8915607929229736,2,False,-1.7866992950439453,0,True,1.551952600479126,0,True,2.7135794162750244,0.44877076148986816,0.4646639823913574
dir_B,V22_CORRECT_V21_WRONG,public,1607,2,Fear,True,True,5,False,-2.6634082794189453,5,False,-1.115581750869751,4,False,-0.7060971260070801,2,True,3.993691921234131,0.3734593391418457,0.4334956407546997
dir_B,V22_CORRECT_V21_WRONG,public,1618,0,Angry,True,True,1,False,-5.271048545837402,1,False,-1.9463598728179932,0,True,4.121496200561523,0,True,4.195538520812988,0.5842612385749817,0.3629474639892578
dir_B,V22_CORRECT_V21_WRONG,public,1645,6,Neutral,True,True,3,False,-2.4728622436523438,3,False,-2.9259250164031982,6,True,1.960343360900879,6,True,3.492225170135498,0.689204216003418,0.433260440826416
dir_B,V22_CORRECT_V21_WRONG,public,1653,6,Neutral,True,True,4,False,-3.818668842315674,2,False,-3.8868019580841064,6,True,1.9422191381454468,6,True,2.90765118598938,0.5895055532455444,0.3058033883571625
dir_B,V22_CORRECT_V21_WRONG,public,1671,3,Happy,True,True,2,False,-3.786173105239868,2,False,-3.49900484085083,0,False,-0.6923584938049316,0,False,-0.07614493370056152,0.658643364906311,0.07360951602458954
dir_B,V22_CORRECT_V21_WRONG,public,1688,6,Neutral,True,True,0,False,-3.60756516456604,0,False,-4.55662727355957,6,True,0.6909371614456177,6,True,1.5894019603729248,0.3629287779331207,0.3135545551776886
dir_B,V22_CORRECT_V21_WRONG,public,1699,6,Neutral,True,True,3,False,-2.2580130100250244,0,False,-2.7570555210113525,3,False,-2.9534645080566406,3,False,-0.31689953804016113,0.42467132210731506,0.2978317141532898
dir_B,V22_CORRECT_V21_WRONG,public,1731,4,Sad,True,True,6,False,-3.604187250137329,6,False,-2.8074958324432373,4,True,0.12825822830200195,4,True,0.3009183406829834,0.5911823511123657,0.6657816171646118
dir_B,V22_CORRECT_V21_WRONG,public,1734,3,Happy,True,True,5,False,-3.02170729637146,5,False,-2.701188564300537,3,True,3.3474137783050537,3,True,3.6204190254211426,0.6930679082870483,0.4224696755409241
dir_B,V22_CORRECT_V21_WRONG,public,1736,0,Angry,True,True,2,False,-2.015557289123535,2,False,-1.6135694980621338,0,True,1.8606314659118652,0,True,1.5779447555541992,0.6087316274642944,0.5119396448135376
dir_B,V22_CORRECT_V21_WRONG,public,1746,4,Sad,True,True,2,False,-0.7514886856079102,4,True,0.5443795919418335,4,True,1.8632779121398926,4,True,3.4931581020355225,0.505050539970398,0.5369086265563965
dir_B,V22_CORRECT_V21_WRONG,public,1755,2,Fear,True,True,4,False,-0.6321620941162109,4,False,-0.7824289798736572,2,True,0.11800765991210938,2,True,0.9812942743301392,0.4684571921825409,0.6869902610778809
dir_B,V22_CORRECT_V21_WRONG,public,1756,2,Fear,True,True,0,False,-1.6457067728042603,2,True,0.42675089836120605,2,True,2.310981035232544,4,False,-0.1808699369430542,0.5065929293632507,0.6243730783462524
dir_B,V22_CORRECT_V21_WRONG,public,1757,4,Sad,True,True,6,False,-2.046548366546631,6,False,-0.02829110622406006,4,True,2.4189414978027344,4,True,2.43300199508667,0.4407861530780792,0.5457959175109863
dir_B,V22_CORRECT_V21_WRONG,public,1760,4,Sad,True,True,2,False,-1.3912513256072998,2,False,-0.4689960479736328,4,True,0.19214403629302979,4,True,0.7544944286346436,0.5613173246383667,0.8193174600601196
dir_B,V22_CORRECT_V21_WRONG,public,1761,0,Angry,True,True,4,False,-1.5208871364593506,4,False,-2.411982774734497,0,True,1.797075867652893,6,False,-0.2539069652557373,0.5960224866867065,0.13999617099761963
dir_B,V22_CORRECT_V21_WRONG,public,1794,0,Angry,True,True,4,False,-1.7440030574798584,4,False,-2.159174919128418,4,False,-0.391099214553833,4,False,-0.7744953632354736,0.6019618511199951,0.7502117156982422
dir_B,V22_CORRECT_V21_WRONG,public,1800,0,Angry,True,True,3,False,-1.489978551864624,3,False,-1.1165719032287598,0,True,2.9992005825042725,0,True,2.636000156402588,0.6038730144500732,0.4533401131629944
dir_B,V22_CORRECT_V21_WRONG,public,1814,4,Sad,True,True,1,False,-5.229392051696777,1,False,-0.7698000073432922,4,True,0.9228893518447876,4,True,0.9650675654411316,0.5513656139373779,0.6873849630355835
dir_B,V22_CORRECT_V21_WRONG,public,1820,4,Sad,True,True,6,False,-3.364797592163086,6,False,-2.8980093002319336,4,True,2.1091208457946777,4,True,3.2671546936035156,0.5868546962738037,0.5365221500396729
dir_B,V22_CORRECT_V21_WRONG,public,1825,6,Neutral,True,True,4,False,-0.4367668628692627,4,False,-1.4470361471176147,6,True,3.7371413707733154,6,True,3.3489580154418945,0.5884400606155396,0.5714056491851807
dir_B,V22_CORRECT_V21_WRONG,public,1833,3,Happy,True,True,0,False,-3.27227783203125,6,False,-2.3387413024902344,3,True,0.7020604014396667,3,True,2.023175001144409,0.5258504152297974,0.33163613080978394
dir_B,V22_CORRECT_V21_WRONG,public,1837,6,Neutral,True,True,4,False,-0.3134636878967285,4,False,-1.3346272706985474,4,False,-2.170100688934326,6,True,0.16459894180297852,0.47290945053100586,0.5998216867446899
dir_B,V22_CORRECT_V21_WRONG,public,1844,6,Neutral,True,True,4,False,-4.308034420013428,4,False,-3.271573305130005,6,True,0.6047908067703247,6,True,0.3039332628250122,0.6479170322418213,0.7270196676254272
dir_B,V22_CORRECT_V21_WRONG,public,1854,0,Angry,True,True,6,False,-3.4827141761779785,6,False,-3.761679172515869,0,True,2.605409860610962,0,True,1.4625810384750366,0.5188419222831726,0.37879908084869385
dir_B,V22_CORRECT_V21_WRONG,public,1856,4,Sad,True,True,2,False,-5.297219276428223,2,False,-2.8174753189086914,4,True,3.208514928817749,4,True,2.6990296840667725,0.5351914167404175,0.26398977637290955
dir_B,V22_CORRECT_V21_WRONG,public,1857,6,Neutral,True,True,3,False,-0.4155912399291992,3,False,-0.3303046226501465,3,False,-0.7304089069366455,6,True,0.46389782428741455,0.6384192705154419,0.7539232969284058
dir_B,V22_CORRECT_V21_WRONG,public,1882,5,Surprise,True,True,3,False,-2.6825332641601562,3,False,-2.400677442550659,2,False,-1.320075273513794,0,False,-0.03930068016052246,0.5487415790557861,0.2999599874019623
dir_B,V22_CORRECT_V21_WRONG,public,1892,1,Disgust,True,True,0,False,-4.122550964355469,0,False,-3.4947731494903564,0,False,-2.831472873687744,1,True,1.8001024723052979,0.5064762830734253,0.6933020949363708
dir_B,V22_CORRECT_V21_WRONG,public,1893,4,Sad,True,True,1,False,-5.0115251541137695,2,False,-1.1607211828231812,4,True,2.382474660873413,4,True,2.348299503326416,0.4966721534729004,0.5579837560653687
dir_B,V22_CORRECT_V21_WRONG,public,1898,4,Sad,True,True,6,False,-0.21181249618530273,6,False,-0.0012873411178588867,6,False,-0.6501727104187012,4,True,0.3637789487838745,0.6441264152526855,0.9203941822052002
dir_B,V22_CORRECT_V21_WRONG,public,1901,3,Happy,True,True,6,False,-0.020488739013671875,3,True,0.14049434661865234,3,True,2.4642457962036133,3,True,0.5711438655853271,0.668121874332428,0.8815039396286011
dir_B,V22_CORRECT_V21_WRONG,public,1928,3,Happy,True,True,0,False,-1.4622840881347656,3,True,2.1037886142730713,3,True,4.199107646942139,3,True,4.38295841217041,0.6979675889015198,0.6850911378860474
dir_B,V22_CORRECT_V21_WRONG,public,1939,5,Surprise,True,True,2,False,-0.2367870807647705,2,False,-0.3865962028503418,5,True,3.3751416206359863,5,True,3.15972638130188,0.631909966468811,0.5950206518173218
dir_B,V22_CORRECT_V21_WRONG,public,1941,4,Sad,True,True,3,False,-1.1423673629760742,6,False,-0.5429341793060303,4,True,2.3270816802978516,4,True,3.66907000541687,0.4838186800479889,0.562617301940918
dir_B,V22_CORRECT_V21_WRONG,public,1946,4,Sad,True,True,0,False,-1.1866698265075684,4,True,0.1015397310256958,4,True,0.026678800582885742,4,True,1.393118977546692,0.5933265686035156,0.7106625437736511
dir_B,V22_CORRECT_V21_WRONG,public,1948,2,Fear,True,True,4,False,-0.714134693145752,4,False,-0.8271641731262207,4,False,-1.0002385377883911,4,False,-0.25048303604125977,0.5379124879837036,0.7391513586044312
dir_B,V22_CORRECT_V21_WRONG,public,1956,4,Sad,True,True,0,False,-2.921456813812256,6,False,-1.5130716562271118,4,True,4.207736968994141,4,True,2.462596893310547,0.5691947937011719,0.3132689297199249
dir_B,V22_CORRECT_V21_WRONG,public,1961,3,Happy,True,True,6,False,-4.582021236419678,6,False,-4.45963191986084,3,True,1.917780876159668,3,True,1.295051097869873,0.6168079376220703,0.40964990854263306
dir_B,V22_CORRECT_V21_WRONG,public,1962,4,Sad,True,True,2,False,-0.2896428108215332,4,True,2.09430193901062,4,True,3.6753344535827637,4,True,2.767399787902832,0.6088641285896301,0.5422651171684265
dir_B,V22_CORRECT_V21_WRONG,public,1977,6,Neutral,True,True,4,False,-0.5707879066467285,4,False,-0.19273138046264648,6,True,1.1628093719482422,6,True,1.812180757522583,0.687394917011261,0.7363201975822449
dir_B,V22_CORRECT_V21_WRONG,public,1992,4,Sad,True,True,6,False,-3.712773084640503,6,False,-3.714996814727783,4,True,1.1814942359924316,4,True,1.143825650215149,0.5394120216369629,0.5035103559494019
dir_B,V22_CORRECT_V21_WRONG,public,2013,6,Neutral,True,True,4,False,-2.703737497329712,4,False,-3.5318870544433594,6,True,0.1838313341140747,6,True,0.8007263541221619,0.6041290163993835,0.5407869219779968
dir_B,V22_CORRECT_V21_WRONG,public,2022,4,Sad,True,True,2,False,-4.4824748039245605,2,False,-3.048272132873535,4,True,3.28188419342041,4,True,2.5940215587615967,0.6054718494415283,0.4602431654930115
dir_B,V22_CORRECT_V21_WRONG,public,2055,4,Sad,True,True,2,False,-2.3512942790985107,4,True,0.06905102729797363,4,True,3.627763509750366,4,True,2.7511723041534424,0.49935320019721985,0.6723778247833252
dir_B,V22_CORRECT_V21_WRONG,public,2066,6,Neutral,True,True,0,False,-1.4212579727172852,6,True,0.5728311538696289,6,True,2.157750129699707,6,True,2.6612043380737305,0.6506527662277222,0.31824788451194763
dir_B,V22_CORRECT_V21_WRONG,public,2082,4,Sad,True,True,2,False,-2.038424491882324,2,False,-0.844793438911438,4,True,2.740384101867676,4,True,2.7742247581481934,0.49628934264183044,0.6703364849090576
dir_B,V22_CORRECT_V21_WRONG,public,2091,4,Sad,True,True,6,False,-2.9368042945861816,6,False,-1.7241427898406982,4,True,1.6202791929244995,4,True,0.6470266580581665,0.5568791627883911,0.7056008577346802
dir_B,V22_CORRECT_V21_WRONG,public,2094,2,Fear,True,True,6,False,-2.3062360286712646,2,True,0.11763572692871094,2,True,0.8538355827331543,2,True,0.9818477630615234,0.5123822093009949,0.5695158839225769
dir_B,V22_CORRECT_V21_WRONG,public,2101,4,Sad,True,True,0,False,-0.7067258358001709,0,False,-1.9071221351623535,4,True,3.9695396423339844,4,True,3.934096574783325,0.6095765829086304,0.12670674920082092
dir_B,V22_CORRECT_V21_WRONG,public,2104,2,Fear,False,False,5,False,-0.6328749656677246,5,False,-1.2921925783157349,2,True,0.39359521865844727,2,True,0.19610285758972168,0.6958615779876709,0.9134341478347778
dir_B,V22_CORRECT_V21_WRONG,public,2106,0,Angry,True,True,4,False,-3.969956398010254,4,False,-2.73964786529541,0,True,2.994673013687134,4,False,-0.5325528383255005,0.4652593731880188,0.471779465675354
dir_B,V22_CORRECT_V21_WRONG,public,2125,0,Angry,True,True,2,False,-1.8480275869369507,3,False,-2.5327138900756836,0,True,1.4130398035049438,0,True,2.3749139308929443,0.6191638708114624,0.329533189535141
dir_B,V22_CORRECT_V21_WRONG,public,2130,4,Sad,True,True,6,False,-1.3557109832763672,4,True,0.6331918239593506,3,False,-2.0143113136291504,4,True,0.2805445194244385,0.5455878973007202,0.7709139585494995
dir_B,V22_CORRECT_V21_WRONG,public,2132,6,Neutral,False,False,4,False,-1.2688779830932617,4,False,-2.0670690536499023,6,True,1.0291715860366821,6,True,1.3997236490249634,0.7082974314689636,0.7195716500282288
dir_B,V22_CORRECT_V21_WRONG,public,2151,6,Neutral,True,True,0,False,-1.34233558177948,6,True,0.5338631868362427,6,True,3.2376797199249268,6,True,3.836794853210449,0.702522873878479,0.40867358446121216
dir_B,V22_CORRECT_V21_WRONG,public,2191,4,Sad,True,True,0,False,-2.0149407386779785,0,False,-1.8190269470214844,2,False,-0.9216265678405762,4,True,0.20460379123687744,0.4705536663532257,0.5456502437591553
dir_B,V22_CORRECT_V21_WRONG,public,2192,0,Angry,True,True,1,False,-1.5185253620147705,4,False,-3.1931748390197754,0,True,3.193009614944458,0,True,4.254446029663086,0.6429195404052734,0.11396332085132599
dir_B,V22_CORRECT_V21_WRONG,public,2210,4,Sad,True,True,2,False,-4.832334518432617,2,False,-4.324731826782227,4,True,3.511631488800049,4,True,3.750965118408203,0.5629078149795532,0.05948331579566002
dir_B,V22_CORRECT_V21_WRONG,public,2215,5,Surprise,True,True,3,False,-0.8473846912384033,2,False,-0.5388643741607666,5,True,1.413561463356018,5,True,2.0947632789611816,0.5167731642723083,0.4350665509700775
dir_B,V22_CORRECT_V21_WRONG,public,2217,6,Neutral,True,True,4,False,-2.7297723293304443,4,False,-2.0973763465881348,4,False,-0.28029942512512207,6,True,0.39734816551208496,0.6746065020561218,0.8085758686065674
dir_B,V22_CORRECT_V21_WRONG,public,2218,4,Sad,True,True,6,False,-0.8139528036117554,4,True,0.8240666389465332,0,False,-0.6686079502105713,4,True,1.9150537252426147,0.5444437265396118,0.37651652097702026
dir_B,V22_CORRECT_V21_WRONG,public,2222,0,Angry,True,True,2,False,-2.0064034461975098,2,False,-2.1259095668792725,0,True,0.657320499420166,0,True,1.8749536275863647,0.5595973134040833,0.5868365168571472
dir_B,V22_CORRECT_V21_WRONG,public,2241,4,Sad,True,True,6,False,-0.5121344327926636,4,True,0.8057854175567627,4,True,1.7350208759307861,4,True,2.241074562072754,0.5732236504554749,0.7075765132904053
dir_B,V22_CORRECT_V21_WRONG,public,2257,2,Fear,True,True,6,False,-2.8681952953338623,6,False,-2.596513271331787,2,True,0.9895106554031372,2,True,1.67759108543396,0.5167347192764282,0.2652885317802429
dir_B,V22_CORRECT_V21_WRONG,public,2283,6,Neutral,True,True,3,False,-2.3828511238098145,2,False,-1.8401482105255127,4,False,-0.15062689781188965,6,True,0.8438022136688232,0.616822361946106,0.23461994528770447
dir_B,V22_CORRECT_V21_WRONG,public,2289,6,Neutral,True,True,5,False,-5.082970142364502,5,False,-4.592357158660889,6,True,1.085205078125,6,True,1.1859657764434814,0.5895566940307617,0.08979950845241547
dir_B,V22_CORRECT_V21_WRONG,public,2293,4,Sad,True,False,2,False,-0.7487130165100098,2,False,-0.6040983200073242,2,False,-1.6385231018066406,2,False,-0.18944895267486572,0.5235628485679626,0.621586799621582
dir_B,V22_CORRECT_V21_WRONG,public,2306,2,Fear,True,True,0,False,-1.669177770614624,2,True,0.571953296661377,2,True,0.8202526569366455,2,True,3.045334577560425,0.3947315216064453,0.5312269926071167
dir_B,V22_CORRECT_V21_WRONG,public,2313,3,Happy,True,True,0,False,-4.416809558868408,3,True,0.4006556272506714,3,True,1.406211256980896,3,True,3.4291341304779053,0.6707202196121216,0.6340744495391846
dir_B,V22_CORRECT_V21_WRONG,public,2317,6,Neutral,True,True,4,False,-1.5878205299377441,4,False,-1.0446655750274658,6,True,0.9680746793746948,6,True,0.03194427490234375,0.48552870750427246,0.6117877960205078
dir_B,V22_CORRECT_V21_WRONG,public,2322,0,Angry,True,True,1,False,-1.5173051357269287,2,False,-1.1069905757904053,0,True,4.127144813537598,0,True,4.491742134094238,0.6129136085510254,0.25742220878601074
dir_B,V22_CORRECT_V21_WRONG,public,2323,4,Sad,True,True,6,False,-0.6411271095275879,6,False,-0.6188788414001465,4,True,3.9356753826141357,4,True,2.461574077606201,0.5319950580596924,0.3800971508026123
dir_B,V22_CORRECT_V21_WRONG,public,2357,3,Happy,True,True,6,False,-0.7233235836029053,6,False,-0.7117462158203125,3,True,2.545671224594116,3,True,1.2095921039581299,0.690942108631134,0.8605262637138367
dir_B,V22_CORRECT_V21_WRONG,public,2365,3,Happy,True,True,6,False,-3.9685168266296387,4,False,-2.8344368934631348,3,True,4.021635055541992,3,True,2.6870334148406982,0.6668593883514404,0.22724050283432007
dir_B,V22_CORRECT_V21_WRONG,public,2372,0,Angry,True,True,6,False,-2.7084360122680664,6,False,-2.8163464069366455,4,False,-0.7871154546737671,0,True,0.5340590476989746,0.5437325835227966,0.6416441202163696
dir_B,V22_CORRECT_V21_WRONG,public,2396,2,Fear,True,True,0,False,-1.6308751106262207,0,False,-1.0492427349090576,0,False,-0.9892520904541016,2,True,0.10748887062072754,0.5778302550315857,0.8850114345550537
dir_B,V22_CORRECT_V21_WRONG,public,2411,0,Angry,True,True,4,False,-3.047031879425049,4,False,-0.8714603185653687,0,True,0.30921387672424316,0,True,0.06842732429504395,0.5573064088821411,0.7940682768821716
dir_B,V22_CORRECT_V21_WRONG,public,2457,4,Sad,True,True,0,False,-3.1916537284851074,0,False,-1.8877513408660889,4,True,0.8527529239654541,4,True,3.0822250843048096,0.5033980011940002,0.26409438252449036
dir_B,V22_CORRECT_V21_WRONG,public,2458,3,Happy,True,True,5,False,-0.6103062629699707,5,False,-2.2136130332946777,3,True,1.5222305059432983,3,True,0.3906550407409668,0.5503023266792297,0.7950319051742554
dir_B,V22_CORRECT_V21_WRONG,public,2471,6,Neutral,True,True,4,False,-0.8121316432952881,4,False,-0.2099926471710205,6,True,1.4364972114562988,6,True,3.2872536182403564,0.4929046034812927,0.25222936272621155
dir_B,V22_CORRECT_V21_WRONG,public,2473,4,Sad,True,True,2,False,-1.465937614440918,2,False,-0.12584614753723145,4,True,2.7578492164611816,4,True,2.4725301265716553,0.5595213770866394,0.6916117668151855
dir_B,V22_CORRECT_V21_WRONG,public,2477,4,Sad,True,True,5,False,-2.4438445568084717,5,False,-1.7904356718063354,4,True,3.2396323680877686,4,True,2.8890860080718994,0.49623626470565796,0.5536289215087891
dir_B,V22_CORRECT_V21_WRONG,public,2498,0,Angry,True,True,3,False,-4.205373764038086,3,False,-4.166561126708984,0,True,2.802924633026123,0,True,2.7354745864868164,0.5179933309555054,0.261301726102829
dir_B,V22_CORRECT_V21_WRONG,public,2518,4,Sad,True,True,6,False,-0.47328484058380127,4,True,0.3213670253753662,4,True,0.9450845718383789,4,True,2.1835594177246094,0.6297399401664734,0.7935463786125183
dir_B,V22_CORRECT_V21_WRONG,public,2519,2,Fear,True,True,5,False,-3.015791177749634,5,False,-1.936530590057373,2,True,3.7983336448669434,2,True,2.556638717651367,0.5933242440223694,0.7217034101486206
dir_B,V22_CORRECT_V21_WRONG,public,2539,4,Sad,True,True,3,False,-1.0870044231414795,3,False,-1.24936044216156,4,True,4.013162136077881,4,True,2.9798738956451416,0.518345832824707,0.28653043508529663
dir_B,V22_CORRECT_V21_WRONG,public,2550,2,Fear,True,True,4,False,-3.859452486038208,4,False,-2.4996557235717773,2,True,0.20875847339630127,4,False,-0.44383561611175537,0.5488037467002869,0.6157734394073486
dir_B,V22_CORRECT_V21_WRONG,public,2562,0,Angry,True,True,3,False,-3.625645160675049,3,False,-2.6246213912963867,0,True,2.448683261871338,0,True,1.1619834899902344,0.616057276725769,0.33360326290130615
dir_B,V22_CORRECT_V21_WRONG,public,2573,3,Happy,True,True,6,False,-2.897237539291382,4,False,-2.386941432952881,3,True,0.4356420040130615,3,True,1.059596300125122,0.5799705982208252,0.591806173324585
dir_B,V22_CORRECT_V21_WRONG,public,2577,2,Fear,True,True,0,False,-1.669177770614624,2,True,0.571953296661377,2,True,0.8202526569366455,2,True,3.045334577560425,0.3947315216064453,0.5312269926071167
dir_B,V22_CORRECT_V21_WRONG,public,2586,3,Happy,True,True,0,False,-3.945296287536621,0,False,-0.10010266304016113,3,True,0.8767848014831543,3,True,2.483860969543457,0.6525010466575623,0.7611774802207947
dir_B,V22_CORRECT_V21_WRONG,public,2618,4,Sad,True,True,0,False,-5.241408348083496,0,False,-4.444845676422119,4,True,3.200943946838379,4,True,0.7518806457519531,0.5582014918327332,0.14867405593395233
dir_B,V22_CORRECT_V21_WRONG,public,2626,3,Happy,True,True,6,False,-1.4092614650726318,6,False,-1.7101339101791382,3,True,2.7635462284088135,3,True,2.4874866008758545,0.6503171324729919,0.3372184634208679
dir_B,V22_CORRECT_V21_WRONG,public,2628,0,Angry,True,True,3,False,-2.920954704284668,2,False,-2.637577533721924,2,False,-0.00679779052734375,0,True,1.0740300416946411,0.4463847875595093,0.16525819897651672
dir_B,V22_CORRECT_V21_WRONG,public,2629,0,Angry,True,True,2,False,-0.11806058883666992,2,False,-0.455849289894104,0,True,2.0266411304473877,0,True,3.2240865230560303,0.5375041961669922,0.6724221706390381
dir_B,V22_CORRECT_V21_WRONG,public,2687,2,Fear,True,True,0,False,-0.004845619201660156,2,True,1.8970088958740234,2,True,1.776452898979187,2,True,0.9581732749938965,0.4968334436416626,0.6107460856437683
dir_B,V22_CORRECT_V21_WRONG,public,2694,2,Fear,True,True,6,False,-0.9836442470550537,2,True,1.1797078847885132,2,True,0.9067802429199219,2,True,1.0082392692565918,0.624951958656311,0.675385594367981
dir_B,V22_CORRECT_V21_WRONG,public,2697,4,Sad,True,True,6,False,-1.9650180339813232,4,True,0.5567502975463867,6,False,-0.15981173515319824,4,True,1.1970560550689697,0.6028035283088684,0.5666208267211914
dir_B,V22_CORRECT_V21_WRONG,public,2700,4,Sad,True,True,0,False,-1.0617014169692993,0,False,-1.2845401763916016,4,True,0.9504404067993164,4,True,2.421083927154541,0.5843567848205566,0.44158440828323364
dir_B,V22_CORRECT_V21_WRONG,public,2715,4,Sad,True,True,2,False,-2.905700445175171,2,False,-1.5513222217559814,4,True,2.4902515411376953,4,True,3.7677290439605713,0.5308187007904053,0.4280674457550049
dir_B,V22_CORRECT_V21_WRONG,public,2716,6,Neutral,True,True,0,False,-2.601976156234741,0,False,-1.4696528911590576,6,True,0.08844518661499023,6,True,1.6980500221252441,0.5446844100952148,0.2905360758304596
dir_B,V22_CORRECT_V21_WRONG,public,2722,4,Sad,True,True,0,False,-4.193291187286377,0,False,-2.752687931060791,0,False,-0.2117919921875,4,True,1.410114049911499,0.6068885326385498,0.6396277546882629
dir_B,V22_CORRECT_V21_WRONG,public,2725,4,Sad,True,True,3,False,-4.4478278160095215,3,False,-3.4412965774536133,6,False,-1.7420257329940796,3,False,-1.7231963872909546,0.3895176351070404,0.5875747203826904
dir_B,V22_CORRECT_V21_WRONG,public,2729,3,Happy,True,True,6,False,-0.04422330856323242,3,True,1.1479816436767578,3,True,3.5573489665985107,3,True,2.7289743423461914,0.7054721117019653,0.6774203777313232
dir_B,V22_CORRECT_V21_WRONG,public,2736,0,Angry,True,True,6,False,-1.3895988464355469,6,False,-2.59732723236084,0,True,0.15562224388122559,6,False,-1.3873248100280762,0.45736801624298096,0.49271947145462036
dir_B,V22_CORRECT_V21_WRONG,public,2746,4,Sad,True,True,3,False,-2.2382280826568604,4,True,0.40290558338165283,4,True,1.9505864381790161,4,True,1.6903526782989502,0.5734857320785522,0.6244708895683289
dir_B,V22_CORRECT_V21_WRONG,public,2751,4,Sad,True,True,2,False,-3.9513700008392334,2,False,-2.2563230991363525,4,True,3.874089002609253,4,True,2.449460029602051,0.6209936141967773,0.44328731298446655
dir_B,V22_CORRECT_V21_WRONG,public,2772,2,Fear,True,True,6,False,-1.8873145580291748,6,False,-1.0185468196868896,0,False,-3.2381811141967773,4,False,-0.32099413871765137,0.41279178857803345,0.47189199924468994
dir_B,V22_CORRECT_V21_WRONG,public,2776,0,Angry,True,True,2,False,-0.7172732353210449,2,False,-1.0219993591308594,0,True,1.730129361152649,0,True,1.8755409717559814,0.6135858297348022,0.8085474371910095
dir_B,V22_CORRECT_V21_WRONG,public,2821,0,Angry,True,True,5,False,-3.3788070678710938,5,False,-2.9481325149536133,0,True,1.169445514678955,0,True,1.7595547437667847,0.5706710815429688,0.6114447116851807
dir_B,V22_CORRECT_V21_WRONG,public,2828,4,Sad,True,True,6,False,-2.4623708724975586,6,False,-0.272808313369751,4,True,1.6378017663955688,4,True,1.3493952751159668,0.5843926072120667,0.7051906585693359
dir_B,V22_CORRECT_V21_WRONG,public,2835,0,Angry,True,True,5,False,-1.6563560962677002,2,False,-2.6158742904663086,0,True,2.4713990688323975,0,True,0.22812390327453613,0.5133565068244934,0.3877427577972412
dir_B,V22_CORRECT_V21_WRONG,public,2838,4,Sad,True,True,0,False,-0.9065276384353638,0,False,-1.5933616161346436,0,False,-0.22765779495239258,4,True,1.4217736721038818,0.6294865608215332,0.6525849103927612
dir_B,V22_CORRECT_V21_WRONG,public,2853,2,Fear,True,True,1,False,-4.986769676208496,2,True,3.260467529296875,2,True,3.3982865810394287,2,True,3.379459857940674,0.563164472579956,0.7699999809265137
dir_B,V22_CORRECT_V21_WRONG,public,2865,3,Happy,True,True,0,False,-4.168310165405273,0,False,-1.0299041271209717,3,True,2.6079156398773193,3,True,1.9893126487731934,0.6316556930541992,0.6165505647659302
dir_B,V22_CORRECT_V21_WRONG,public,2876,4,Sad,True,True,6,False,-2.5157055854797363,6,False,-2.5024542808532715,4,True,0.6809676885604858,4,True,1.1650983095169067,0.5655313730239868,0.6309378743171692
dir_B,V22_CORRECT_V21_WRONG,public,2889,3,Happy,True,True,5,False,-0.37387990951538086,5,False,-0.8194630146026611,3,True,3.793097972869873,3,True,2.441075086593628,0.624357283115387,0.6703314781188965
dir_B,V22_CORRECT_V21_WRONG,public,2902,0,Angry,True,True,4,False,-0.9109190106391907,2,False,-2.1219239234924316,0,True,1.575135350227356,0,True,0.03230595588684082,0.46268177032470703,0.4842018485069275
dir_B,V22_CORRECT_V21_WRONG,public,2906,4,Sad,True,True,0,False,-1.1734689474105835,0,False,-0.14471077919006348,4,True,1.0724200010299683,4,True,0.9773885011672974,0.6444993615150452,0.6356449127197266
dir_B,V22_CORRECT_V21_WRONG,public,2926,0,Angry,True,True,6,False,-3.1054272651672363,2,False,-3.116065502166748,6,False,-0.6368544101715088,6,False,-0.8328337073326111,0.6208400726318359,0.5851282477378845
dir_B,V22_CORRECT_V21_WRONG,public,2933,4,Sad,False,False,2,False,-0.37749576568603516,2,False,-1.2638658285140991,4,True,3.127525568008423,4,True,3.1129953861236572,0.5874979496002197,0.4194028377532959
dir_B,V22_CORRECT_V21_WRONG,public,2940,6,Neutral,True,True,4,False,-1.1017861366271973,4,False,-2.1370327472686768,6,True,0.06910586357116699,6,True,1.8299553394317627,0.616144061088562,0.3932746946811676
dir_B,V22_CORRECT_V21_WRONG,public,2949,6,Neutral,True,True,4,False,-2.914815902709961,4,False,-1.5644242763519287,6,True,0.9443173408508301,6,True,1.8750667572021484,0.6247493028640747,0.6282733082771301
dir_B,V22_CORRECT_V21_WRONG,public,2960,4,Sad,True,True,0,False,-3.5251877307891846,2,False,-3.545626401901245,4,True,1.1055018901824951,4,True,1.7638587951660156,0.6091362833976746,0.34189373254776
dir_B,V22_CORRECT_V21_WRONG,public,2971,6,Neutral,True,True,0,False,-4.06125020980835,3,False,-0.8868119716644287,6,True,0.912426233291626,6,True,1.7824064493179321,0.5244224071502686,0.37617605924606323
dir_B,V22_CORRECT_V21_WRONG,public,2973,3,Happy,True,True,4,False,-2.3781750202178955,4,False,-2.907162666320801,3,True,0.21905183792114258,3,True,1.126456618309021,0.6176744103431702,0.567795991897583
dir_B,V22_CORRECT_V21_WRONG,public,2987,3,Happy,True,True,4,False,-2.0089573860168457,4,False,-1.2698489427566528,3,True,1.7801185846328735,3,True,4.238852024078369,0.5944559574127197,0.2602750062942505
dir_B,V22_CORRECT_V21_WRONG,public,3004,6,Neutral,True,True,5,False,-3.653553009033203,5,False,-1.384251594543457,6,True,3.461390733718872,6,True,2.2157764434814453,0.4668768644332886,0.24203363060951233
dir_B,V22_CORRECT_V21_WRONG,public,3017,0,Angry,True,True,4,False,-1.3903710842132568,6,False,-2.1655516624450684,0,True,0.27546000480651855,4,False,-0.4843306541442871,0.6266653537750244,0.6999828815460205
dir_B,V22_CORRECT_V21_WRONG,public,3036,6,Neutral,True,True,3,False,-1.2033827304840088,6,True,0.3440985679626465,3,False,-1.7834436893463135,3,False,-0.013898849487304688,0.6586140394210815,0.767181396484375
dir_B,V22_CORRECT_V21_WRONG,public,3039,6,Neutral,True,True,3,False,-0.8875024318695068,6,True,1.3609319925308228,6,True,2.4095096588134766,6,True,1.51741623878479,0.6455224752426147,0.7530374526977539
dir_B,V22_CORRECT_V21_WRONG,public,3055,6,Neutral,True,True,4,False,-1.30998957157135,4,False,-2.262199878692627,4,False,-0.14721810817718506,6,True,1.4949915409088135,0.6069663763046265,0.6528654098510742
dir_B,V22_CORRECT_V21_WRONG,public,3085,0,Angry,True,True,2,False,-2.726346969604492,2,False,-2.3095061779022217,0,True,0.2876307964324951,0,True,2.3538808822631836,0.5756426453590393,0.3868410587310791
dir_B,V22_CORRECT_V21_WRONG,public,3116,6,Neutral,True,True,4,False,-1.7978098392486572,0,False,-2.4102721214294434,4,False,-3.4584450721740723,4,False,-0.23463177680969238,0.35183101892471313,0.6306427717208862
dir_B,V22_CORRECT_V21_WRONG,public,3126,6,Neutral,True,True,4,False,-2.15451717376709,4,False,-2.8697726726531982,6,True,1.2049052715301514,6,True,2.668412208557129,0.5038525462150574,0.4414703845977783
dir_B,V22_CORRECT_V21_WRONG,public,3136,4,Sad,True,True,6,False,-2.0115742683410645,6,False,-0.9262194633483887,4,True,0.7177300453186035,4,True,1.1920080184936523,0.5874959230422974,0.7715839147567749
dir_B,V22_CORRECT_V21_WRONG,public,3145,6,Neutral,True,True,3,False,-2.8800368309020996,3,False,-2.7871336936950684,3,False,-0.22963953018188477,6,True,0.7276687622070312,0.6706732511520386,0.8038052320480347
dir_B,V22_CORRECT_V21_WRONG,public,3166,5,Surprise,True,True,3,False,-0.6310796737670898,5,True,0.350583553314209,3,False,-1.2156054973602295,3,False,-0.2655305862426758,0.6330761313438416,0.842531144618988
dir_B,V22_CORRECT_V21_WRONG,public,3169,6,Neutral,True,True,0,False,-1.1823844909667969,6,True,0.46204423904418945,0,False,-1.9515776634216309,6,True,1.9704965353012085,0.5309937596321106,0.7612360715866089
dir_B,V22_CORRECT_V21_WRONG,public,3172,4,Sad,True,True,0,False,-1.7305024862289429,6,False,-1.5178816318511963,0,False,-1.038393497467041,4,True,1.047995686531067,0.38275641202926636,0.22931179404258728
dir_B,V22_CORRECT_V21_WRONG,public,3176,2,Fear,True,True,5,False,-0.6507008075714111,5,False,-0.5891232490539551,2,True,1.9070566892623901,2,True,1.62381911277771,0.6716402769088745,0.8129432797431946
dir_B,V22_CORRECT_V21_WRONG,public,3216,0,Angry,True,True,6,False,-2.587444543838501,2,False,-0.1764196753501892,4,False,-0.9795303344726562,0,True,2.2227954864501953,0.4461381435394287,0.4238471984863281
dir_B,V22_CORRECT_V21_WRONG,public,3220,3,Happy,True,True,5,False,-2.985950469970703,5,False,-2.325697183609009,3,True,1.2568137645721436,3,True,0.510190486907959,0.5945289134979248,0.5874274969100952
dir_B,V22_CORRECT_V21_WRONG,public,3243,3,Happy,True,True,5,False,-2.78196382522583,5,False,-3.4608802795410156,3,True,3.637974262237549,3,True,3.7516989707946777,0.6771077513694763,0.17957079410552979
dir_B,V22_CORRECT_V21_WRONG,public,3248,4,Sad,True,True,6,False,-0.588463544845581,4,True,0.8697428703308105,6,False,-2.5189809799194336,4,True,0.10862946510314941,0.5283302068710327,0.5575575828552246
dir_B,V22_CORRECT_V21_WRONG,public,3249,3,Happy,True,True,4,False,-2.6155996322631836,4,False,-2.5534186363220215,3,True,2.5173308849334717,3,True,2.1172454357147217,0.4760567545890808,0.39753299951553345
dir_B,V22_CORRECT_V21_WRONG,public,3253,3,Happy,True,True,6,False,-2.582568645477295,4,False,-1.3061436414718628,3,True,3.2523138523101807,3,True,2.703078508377075,0.6562078595161438,0.4286997318267822
dir_B,V22_CORRECT_V21_WRONG,public,3279,4,Sad,True,True,2,False,-1.855904459953308,2,False,-0.6866722106933594,2,False,-1.651758074760437,2,False,-0.53169184923172,0.4403959810733795,0.5294950008392334
dir_B,V22_CORRECT_V21_WRONG,public,3285,6,Neutral,True,True,4,False,-4.346755504608154,4,False,-0.6357519626617432,4,False,-0.8864047527313232,6,True,1.7304179668426514,0.4762837290763855,0.5289108157157898
dir_B,V22_CORRECT_V21_WRONG,public,3286,4,Sad,True,True,2,False,-2.6227526664733887,2,False,-0.4625859260559082,4,True,2.69686222076416,4,True,2.3663277626037598,0.5991520285606384,0.4530121982097626
dir_B,V22_CORRECT_V21_WRONG,public,3292,0,Angry,True,True,6,False,-4.584875583648682,6,False,-3.5337939262390137,0,True,1.6582857370376587,6,False,-0.5816404819488525,0.3542647361755371,0.47798070311546326
dir_B,V22_CORRECT_V21_WRONG,public,3317,4,Sad,True,True,6,False,-1.1695163249969482,4,True,0.2032608985900879,4,True,1.91341233253479,4,True,1.8330148458480835,0.6018842458724976,0.6900998950004578
dir_B,V22_CORRECT_V21_WRONG,public,3319,6,Neutral,True,True,4,False,-1.4915655851364136,2,False,-2.9213788509368896,6,True,1.4594416618347168,6,True,0.38271021842956543,0.6601899266242981,0.4944301247596741
dir_B,V22_CORRECT_V21_WRONG,public,3328,3,Happy,True,True,4,False,-3.632561683654785,2,False,-3.3231427669525146,0,False,-0.42733025550842285,3,True,1.0634675025939941,0.45603737235069275,0.21270236372947693
dir_B,V22_CORRECT_V21_WRONG,public,3335,4,Sad,True,True,2,False,-0.6956472396850586,2,False,-0.7215917110443115,4,True,3.5160439014434814,4,True,2.7828900814056396,0.5182589292526245,0.5588922500610352
dir_B,V22_CORRECT_V21_WRONG,public,3344,2,Fear,True,True,4,False,-0.5434701442718506,4,False,-0.4603123664855957,4,False,-0.47731494903564453,6,False,-0.12148332595825195,0.6218681931495667,0.8292589783668518
dir_B,V22_CORRECT_V21_WRONG,public,3348,5,Surprise,True,True,2,False,-1.9254932403564453,2,False,-2.0722150802612305,2,False,-1.0122328996658325,5,True,1.679671049118042,0.680793821811676,0.5636507272720337
dir_B,V22_CORRECT_V21_WRONG,public,3374,4,Sad,True,True,0,False,-2.246459484100342,2,False,-1.3095084428787231,4,True,3.6043975353240967,4,True,1.568565845489502,0.5395951271057129,0.3157028555870056
dir_B,V22_CORRECT_V21_WRONG,public,3392,6,Neutral,True,True,0,False,-0.7401487827301025,0,False,-3.3381237983703613,6,True,2.3185973167419434,6,True,3.802755832672119,0.4892820715904236,0.4115816354751587
dir_B,V22_CORRECT_V21_WRONG,public,3402,2,Fear,True,True,4,False,-2.0163087844848633,2,True,0.09667670726776123,4,False,-0.7020131349563599,2,True,2.6763458251953125,0.46426305174827576,0.7054039239883423
dir_B,V22_CORRECT_V21_WRONG,public,3432,0,Angry,True,True,4,False,-0.6967853307723999,2,False,-2.935178756713867,0,True,0.21842026710510254,4,False,-0.11525547504425049,0.6378493309020996,0.6160211563110352
dir_B,V22_CORRECT_V21_WRONG,public,3472,0,Angry,True,True,2,False,-1.068602442741394,2,False,-3.624364137649536,0,True,3.3936104774475098,0,True,2.906557559967041,0.5689657926559448,0.3032982349395752
dir_B,V22_CORRECT_V21_WRONG,public,3477,3,Happy,True,True,4,False,-4.585131645202637,4,False,-4.301084995269775,0,False,-1.2801276445388794,3,True,0.9056581258773804,0.492082417011261,0.34923768043518066
dir_B,V22_CORRECT_V21_WRONG,public,3481,4,Sad,True,True,2,False,-4.589663505554199,2,False,-2.319135904312134,4,True,2.1294124126434326,4,True,0.8295668363571167,0.5045068264007568,0.4946296215057373
dir_B,V22_CORRECT_V21_WRONG,public,3486,4,Sad,True,True,6,False,-1.8979859352111816,6,False,-1.3074283599853516,2,False,-0.18798410892486572,4,True,0.11558187007904053,0.6236199736595154,0.8261960744857788
dir_B,V22_CORRECT_V21_WRONG,public,3490,3,Happy,True,True,4,False,-3.4609506130218506,4,False,-0.3995894193649292,3,True,0.4155845642089844,3,True,2.0761125087738037,0.5531163215637207,0.5667897462844849
dir_B,V22_CORRECT_V21_WRONG,public,3499,2,Fear,True,True,5,False,-2.0325536727905273,5,False,-0.47719883918762207,2,True,2.7724733352661133,2,True,2.163839340209961,0.572265625,0.6973841786384583
dir_B,V22_CORRECT_V21_WRONG,public,3500,4,Sad,True,True,0,False,-2.5557219982147217,4,True,0.5994600057601929,4,True,0.7918186187744141,4,True,1.8554441928863525,0.5461500883102417,0.6536082625389099
dir_B,V22_CORRECT_V21_WRONG,public,3517,4,Sad,True,True,6,False,-3.57663631439209,6,False,-2.938307285308838,4,True,2.578880548477173,4,True,2.4540345668792725,0.6283575296401978,0.5572572946548462
dir_B,V22_CORRECT_V21_WRONG,public,3520,2,Fear,True,True,6,False,-0.012547969818115234,2,True,2.012070655822754,2,True,1.3143925666809082,2,True,1.8359692096710205,0.5044901371002197,0.7930046319961548
dir_B,V22_CORRECT_V21_WRONG,public,3521,6,Neutral,True,True,4,False,-2.679788827896118,4,False,-2.524200439453125,4,False,-0.5602047443389893,6,True,0.5583387613296509,0.5871758460998535,0.7037373781204224
dir_B,V22_CORRECT_V21_WRONG,public,3541,2,Fear,True,True,6,False,-1.8290865421295166,2,True,1.936375617980957,2,True,0.2949514389038086,2,True,2.6726274490356445,0.5755747556686401,0.836473822593689
dir_B,V22_CORRECT_V21_WRONG,public,3548,3,Happy,True,True,4,False,-0.24306005239486694,3,True,1.1354248523712158,3,True,2.467602014541626,3,True,4.04722261428833,0.5494188070297241,0.4295573830604553
dir_B,V22_CORRECT_V21_WRONG,public,3566,4,Sad,True,True,6,False,-0.605340838432312,4,True,2.436215877532959,4,True,1.0271215438842773,4,True,2.3431434631347656,0.5372710227966309,0.7155351638793945
dir_B,V22_CORRECT_V21_WRONG,public,3567,4,Sad,True,True,0,False,-2.874484062194824,4,True,0.2990880012512207,4,True,0.22995758056640625,4,True,1.3517969846725464,0.6231894493103027,0.7798534631729126
dir_B,V22_CORRECT_V21_WRONG,public,3577,4,Sad,True,True,2,False,-4.453622817993164,2,False,-1.1191364526748657,4,True,3.5590927600860596,4,True,1.8051742315292358,0.6824977397918701,0.6066313982009888
dir_B,V22_CORRECT_V21_WRONG,public,3580,1,Disgust,True,True,4,False,-3.6546082496643066,4,False,-3.720292329788208,1,True,0.4429130554199219,4,False,-1.0557756423950195,0.4449324905872345,0.36714068055152893
dir_B,V22_CORRECT_V21_WRONG,public,3586,4,Sad,True,True,6,False,-1.3135721683502197,6,False,-1.538939118385315,4,True,1.6659109592437744,4,True,2.8874669075012207,0.6159919500350952,0.6175386905670166
dir_B,V22_CORRECT_V21_WRONG,public,3588,4,Sad,True,True,6,False,-0.8228288888931274,4,True,0.10564613342285156,4,True,2.337305784225464,4,True,0.8906221389770508,0.6143902540206909,0.6720318794250488
dir_B,V22_CORRECT_V21_WRONG,private,0,0,Angry,True,True,2,False,-1.6021428108215332,0,True,0.25129079818725586,0,True,2.9785923957824707,0,True,1.1677998304367065,0.6175134181976318,0.6786831617355347
dir_B,V22_CORRECT_V21_WRONG,private,30,4,Sad,True,True,2,False,-0.4041541814804077,6,False,-1.1537799835205078,4,True,4.558798789978027,4,True,4.191985607147217,0.5789181590080261,0.18660703301429749
dir_B,V22_CORRECT_V21_WRONG,private,54,0,Angry,True,True,6,False,-0.36443185806274414,6,False,-2.6165103912353516,0,True,0.6181004047393799,0,True,3.0665316581726074,0.5682244300842285,0.34967076778411865
dir_B,V22_CORRECT_V21_WRONG,private,56,3,Happy,True,True,5,False,-0.255465030670166,5,False,-1.1352934837341309,3,True,0.6947650909423828,3,True,0.14035797119140625,0.6871213912963867,0.9263170957565308
dir_B,V22_CORRECT_V21_WRONG,private,59,2,Fear,True,True,0,False,-0.9884159564971924,2,True,1.5983060598373413,2,True,2.2008495330810547,2,True,1.925641655921936,0.5672390460968018,0.8231089115142822
dir_B,V22_CORRECT_V21_WRONG,private,95,4,Sad,True,True,6,False,-1.660372257232666,6,False,-0.4531511068344116,4,True,2.0843939781188965,4,True,1.2940751314163208,0.6485010385513306,0.799138605594635
dir_B,V22_CORRECT_V21_WRONG,private,117,3,Happy,True,True,4,False,-1.9067357778549194,2,False,-2.040297269821167,4,False,-1.1097087860107422,3,True,0.7032139301300049,0.5977307558059692,0.39991500973701477
dir_B,V22_CORRECT_V21_WRONG,private,119,0,Angry,True,True,5,False,-1.2412302494049072,2,False,-1.603863000869751,2,False,-2.197275161743164,4,False,-0.2646205425262451,0.32515841722488403,0.2945551872253418
dir_B,V22_CORRECT_V21_WRONG,private,133,0,Angry,True,False,4,False,-1.9932892322540283,4,False,-3.326939582824707,0,True,2.8917503356933594,0,True,1.6278376579284668,0.5732228755950928,0.26849403977394104
dir_B,V22_CORRECT_V21_WRONG,private,153,6,Neutral,True,True,3,False,-2.8554859161376953,3,False,-1.7254080772399902,3,False,-1.7706516981124878,6,True,1.3901698589324951,0.4568443298339844,0.42345690727233887
dir_B,V22_CORRECT_V21_WRONG,private,172,0,Angry,True,True,4,False,-0.8325837850570679,2,False,-2.5994226932525635,4,False,-1.0282998085021973,0,True,0.17570078372955322,0.5025055408477783,0.6165887117385864
dir_B,V22_CORRECT_V21_WRONG,private,180,4,Sad,True,True,6,False,-1.7329349517822266,2,False,-0.4777984619140625,4,True,2.8432977199554443,4,True,2.6816248893737793,0.6270498633384705,0.5404115319252014
dir_B,V22_CORRECT_V21_WRONG,private,194,6,Neutral,True,True,4,False,-1.5858466625213623,4,False,-1.8608635663986206,6,True,0.4517052173614502,6,True,3.535024642944336,0.40189310908317566,0.5103648900985718
dir_B,V22_CORRECT_V21_WRONG,private,201,4,Sad,True,True,2,False,-0.3028745651245117,4,True,0.08468747138977051,4,True,0.6992357969284058,2,False,-0.1653285026550293,0.4845276474952698,0.6529122591018677
dir_B,V22_CORRECT_V21_WRONG,private,216,6,Neutral,True,True,0,False,-1.963744878768921,4,False,-2.5277397632598877,6,True,1.5422675609588623,6,True,1.9632344245910645,0.6741382479667664,0.5418029427528381
dir_B,V22_CORRECT_V21_WRONG,private,231,6,Neutral,True,True,4,False,-3.895549774169922,2,False,-2.564265012741089,3,False,-0.35129618644714355,6,True,0.453548789024353,0.5995859503746033,0.43805426359176636
dir_B,V22_CORRECT_V21_WRONG,private,236,0,Angry,True,True,4,False,-0.23643732070922852,2,False,-1.2878644466400146,0,True,3.1175308227539062,0,True,2.0248279571533203,0.6232239007949829,0.5719184875488281
dir_B,V22_CORRECT_V21_WRONG,private,247,4,Sad,True,True,0,False,-0.6666713953018188,6,False,-0.14937961101531982,4,True,1.2023119926452637,4,True,1.976515531539917,0.5203186273574829,0.6693432331085205
dir_B,V22_CORRECT_V21_WRONG,private,263,6,Neutral,True,True,4,False,-1.3769867420196533,4,False,-1.7040319442749023,6,True,3.027881145477295,6,True,1.808227300643921,0.6873987317085266,0.45768147706985474
dir_B,V22_CORRECT_V21_WRONG,private,273,4,Sad,True,True,6,False,-2.285590410232544,6,False,-0.6092737913131714,4,True,3.296804666519165,4,True,2.3808882236480713,0.5110771656036377,0.4217468500137329
dir_B,V22_CORRECT_V21_WRONG,private,274,4,Sad,True,True,6,False,-4.118228435516357,6,False,-3.233022451400757,4,True,2.0979323387145996,4,True,1.294765591621399,0.6238725185394287,0.615222692489624
dir_B,V22_CORRECT_V21_WRONG,private,289,6,Neutral,True,True,3,False,-2.2237257957458496,3,False,-3.5450594425201416,2,False,-1.3493911027908325,6,True,2.50700044631958,0.3537933826446533,0.4290691912174225
dir_B,V22_CORRECT_V21_WRONG,private,298,0,Angry,True,True,4,False,-0.9572553634643555,2,False,-2.626504898071289,0,True,0.6659308671951294,0,True,1.2056729793548584,0.550954282283783,0.4505978226661682
dir_B,V22_CORRECT_V21_WRONG,private,326,3,Happy,True,True,4,False,-3.087991714477539,4,False,-1.6416993141174316,4,False,-3.510450839996338,3,True,1.7865614891052246,0.43394094705581665,0.37408408522605896
dir_B,V22_CORRECT_V21_WRONG,private,337,0,Angry,True,True,2,False,-3.1208407878875732,2,False,-2.1562917232513428,0,True,0.0993955135345459,0,True,0.3528285026550293,0.601008951663971,0.6806490421295166
dir_B,V22_CORRECT_V21_WRONG,private,338,6,Neutral,True,True,2,False,-4.785308837890625,2,False,-4.06414794921875,3,False,-1.266745924949646,6,True,0.7292777299880981,0.3916509747505188,0.27358320355415344
dir_B,V22_CORRECT_V21_WRONG,private,340,0,Angry,True,True,6,False,-1.8700861930847168,6,False,-3.208028554916382,4,False,-1.5163573026657104,4,False,-1.0957096815109253,0.49487125873565674,0.39474189281463623
dir_B,V22_CORRECT_V21_WRONG,private,343,3,Happy,True,True,4,False,-4.520061492919922,4,False,-4.4900641441345215,3,True,0.1182560920715332,3,True,0.19710230827331543,0.442874014377594,-0.0712013989686966
dir_B,V22_CORRECT_V21_WRONG,private,368,6,Neutral,True,True,4,False,-2.2663815021514893,4,False,-1.219572901725769,6,True,0.38414812088012695,6,True,3.5147945880889893,0.49894779920578003,0.23999439179897308
dir_B,V22_CORRECT_V21_WRONG,private,396,4,Sad,True,True,2,False,-1.2772544622421265,2,False,-1.8116941452026367,2,False,-0.15106284618377686,4,True,0.9681099653244019,0.5822065472602844,0.6189025640487671
dir_B,V22_CORRECT_V21_WRONG,private,400,2,Fear,True,True,4,False,-0.3248436450958252,2,True,0.5107312202453613,2,True,1.7042983770370483,2,True,2.4093189239501953,0.5581368207931519,0.8556102514266968
dir_B,V22_CORRECT_V21_WRONG,private,427,3,Happy,True,True,4,False,-5.011192798614502,4,False,-4.089043140411377,3,True,3.097163438796997,3,True,3.4169812202453613,0.5472960472106934,-0.02853894606232643
dir_B,V22_CORRECT_V21_WRONG,private,446,4,Sad,True,True,2,False,-1.300467610359192,0,False,-1.954132080078125,4,True,2.179804563522339,4,True,3.3752715587615967,0.5734633207321167,0.46290698647499084
dir_B,V22_CORRECT_V21_WRONG,private,460,2,Fear,True,True,6,False,-0.5592136383056641,2,True,0.8781189918518066,2,True,0.08058714866638184,2,True,1.6239838600158691,0.4438922703266144,0.7888318300247192
dir_B,V22_CORRECT_V21_WRONG,private,461,4,Sad,True,True,0,False,-0.7224690914154053,0,False,-0.3206980228424072,4,True,0.08637571334838867,4,True,0.3451375961303711,0.6077840328216553,0.8612154722213745
dir_B,V22_CORRECT_V21_WRONG,private,463,2,Fear,True,True,5,False,-0.6524510383605957,2,True,0.19915425777435303,2,True,1.9593371152877808,2,True,1.077052354812622,0.540067195892334,0.697928786277771
dir_B,V22_CORRECT_V21_WRONG,private,481,6,Neutral,True,True,4,False,-0.9902937412261963,4,False,-1.0676113367080688,4,False,-0.5072207450866699,6,True,0.4536144733428955,0.5907652378082275,0.7592990398406982
dir_B,V22_CORRECT_V21_WRONG,private,495,6,Neutral,True,True,0,False,-3.4845571517944336,2,False,-2.8313307762145996,6,True,3.2544760704040527,6,True,3.5326921939849854,0.6095870733261108,0.15444575250148773
dir_B,V22_CORRECT_V21_WRONG,private,511,3,Happy,True,True,4,False,-3.1098337173461914,4,False,-2.40913987159729,3,True,1.6834510564804077,3,True,1.592902421951294,0.5689771771430969,0.5437721014022827
dir_B,V22_CORRECT_V21_WRONG,private,524,5,Surprise,True,True,6,False,-0.4908703565597534,6,False,-0.27913427352905273,5,True,0.1864776611328125,5,True,2.2778515815734863,0.6088287830352783,0.7234152555465698
dir_B,V22_CORRECT_V21_WRONG,private,538,4,Sad,True,True,6,False,-0.7815650701522827,2,False,-0.49975860118865967,4,True,0.14351177215576172,4,True,0.8835591077804565,0.5467864274978638,0.7733445763587952
dir_B,V22_CORRECT_V21_WRONG,private,543,0,Angry,True,True,4,False,-0.5759769678115845,4,False,-0.9066419005393982,0,True,0.7671339511871338,0,True,2.8203442096710205,0.4795849323272705,0.5381531715393066
dir_B,V22_CORRECT_V21_WRONG,private,553,6,Neutral,True,True,0,False,-0.5010095834732056,2,False,-1.0385960340499878,0,False,-0.9969230890274048,6,True,1.6131980419158936,0.4799351096153259,0.6347236633300781
dir_B,V22_CORRECT_V21_WRONG,private,563,4,Sad,True,True,0,False,-0.8947166204452515,2,False,-1.6335537433624268,4,True,0.9207437038421631,4,True,3.299455404281616,0.560653030872345,0.474995493888855
dir_B,V22_CORRECT_V21_WRONG,private,569,5,Surprise,True,True,0,False,-1.3001341819763184,0,False,-2.4551992416381836,2,False,-2.042245626449585,5,True,0.6717824935913086,0.3448466360569,0.49665600061416626
dir_B,V22_CORRECT_V21_WRONG,private,600,4,Sad,True,True,3,False,-3.126072406768799,4,True,0.10414993762969971,3,False,-4.255334854125977,3,False,-0.9195780754089355,0.5003219246864319,0.5576128959655762
dir_B,V22_CORRECT_V21_WRONG,private,605,4,Sad,True,True,6,False,-2.2036566734313965,6,False,-2.602238416671753,4,True,2.368669271469116,4,True,1.437445878982544,0.6352239847183228,0.6073147058486938
dir_B,V22_CORRECT_V21_WRONG,private,610,4,Sad,True,True,2,False,-0.2139596939086914,4,True,1.5542227029800415,4,True,3.6909873485565186,4,True,2.472893238067627,0.5565037727355957,0.6175746917724609
dir_B,V22_CORRECT_V21_WRONG,private,628,4,Sad,True,True,2,False,-0.5313882827758789,0,False,-0.6945497989654541,4,True,3.721404552459717,4,True,2.863065242767334,0.6488158702850342,0.3319612443447113
dir_B,V22_CORRECT_V21_WRONG,private,630,4,Sad,True,False,2,False,-1.0358446836471558,2,False,-1.5096652507781982,4,True,1.9547199010849,4,True,1.287170648574829,0.5728440284729004,0.7232083082199097
dir_B,V22_CORRECT_V21_WRONG,private,635,2,Fear,True,True,0,False,-1.2459495067596436,2,True,0.24068474769592285,0,False,-0.9773368835449219,2,True,0.0990138053894043,0.5847880244255066,0.6482944488525391
dir_B,V22_CORRECT_V21_WRONG,private,636,0,Angry,True,True,2,False,-4.649852275848389,2,False,-4.667550563812256,2,False,-1.1436831951141357,0,True,3.4228363037109375,0.4704166650772095,0.3037182092666626
dir_B,V22_CORRECT_V21_WRONG,private,642,2,Fear,True,True,5,False,-0.04390239715576172,5,False,-0.8014508485794067,2,True,1.8242617845535278,2,True,1.67726469039917,0.6655226945877075,0.8590257167816162
dir_B,V22_CORRECT_V21_WRONG,private,659,6,Neutral,True,True,0,False,-4.136801719665527,0,False,-2.3732736110687256,6,True,2.756985902786255,6,True,1.8295817375183105,0.6821818351745605,0.4717255234718323
dir_B,V22_CORRECT_V21_WRONG,private,663,4,Sad,True,True,2,False,-0.6736993789672852,2,False,-0.07901382446289062,4,True,3.90242862701416,4,True,3.433215618133545,0.5894668102264404,0.4507752060890198
dir_B,V22_CORRECT_V21_WRONG,private,718,3,Happy,True,True,6,False,-3.7810304164886475,6,False,-2.0049779415130615,3,True,4.28368616104126,3,True,4.602902889251709,0.7014949917793274,0.26673269271850586
dir_B,V22_CORRECT_V21_WRONG,private,720,6,Neutral,True,True,2,False,-1.7843749523162842,2,False,-2.1179933547973633,6,True,2.817206859588623,6,True,3.1938726902008057,0.5158491134643555,0.4641418159008026
dir_B,V22_CORRECT_V21_WRONG,private,723,5,Surprise,True,True,2,False,-0.3177032470703125,5,True,0.34923887252807617,5,True,1.070865273475647,5,True,0.9385073184967041,0.6631098985671997,0.8932104110717773
dir_B,V22_CORRECT_V21_WRONG,private,742,0,Angry,True,True,4,False,-0.18013691902160645,0,True,1.01115083694458,0,True,3.2340338230133057,0,True,1.370664358139038,0.5368708968162537,0.8067542314529419
dir_B,V22_CORRECT_V21_WRONG,private,746,0,Angry,True,False,2,False,-0.27261829376220703,2,False,-2.625267267227173,5,False,-0.02821218967437744,0,True,2.073057174682617,0.532294511795044,0.5559400320053101
dir_B,V22_CORRECT_V21_WRONG,private,754,6,Neutral,True,True,5,False,-5.199071884155273,5,False,-4.255435466766357,6,True,2.9328367710113525,6,True,3.519916534423828,0.6156162023544312,0.2565690577030182
dir_B,V22_CORRECT_V21_WRONG,private,765,2,Fear,True,True,6,False,-1.9927432537078857,6,False,-0.06081712245941162,2,True,1.927175760269165,2,True,1.1122077703475952,0.5472567677497864,0.6620582342147827
dir_B,V22_CORRECT_V21_WRONG,private,773,3,Happy,True,True,6,False,-2.636955499649048,6,False,-1.3885506391525269,3,True,3.2350974082946777,3,True,2.88223934173584,0.6091760993003845,0.641523003578186
dir_B,V22_CORRECT_V21_WRONG,private,802,6,Neutral,True,True,0,False,-1.2340569496154785,2,False,-0.9868288636207581,6,True,2.2206835746765137,6,True,2.645327091217041,0.7415251135826111,0.41661083698272705
dir_B,V22_CORRECT_V21_WRONG,private,814,2,Fear,False,False,4,False,-1.0734750032424927,2,True,0.13499760627746582,4,False,-1.1817792654037476,2,True,0.6036791801452637,0.6077870726585388,0.8418049216270447
dir_B,V22_CORRECT_V21_WRONG,private,817,2,Fear,True,True,1,False,-0.9310023784637451,2,True,2.0692949295043945,2,True,1.6689785718917847,2,True,1.53842294216156,0.36045438051223755,0.8408053517341614
dir_B,V22_CORRECT_V21_WRONG,private,827,3,Happy,True,True,0,False,-1.4728596210479736,3,True,1.8861055374145508,3,True,2.8633904457092285,3,True,4.145024299621582,0.6521915197372437,0.7681441307067871
dir_B,V22_CORRECT_V21_WRONG,private,829,0,Angry,True,True,6,False,-0.014697551727294922,4,False,-3.066659927368164,0,True,1.9232386350631714,0,True,1.8420825004577637,0.5252307057380676,0.26029643416404724
dir_B,V22_CORRECT_V21_WRONG,private,835,6,Neutral,True,True,3,False,-0.14110755920410156,6,True,0.13526201248168945,6,True,1.5391583442687988,6,True,3.4491093158721924,0.6572215557098389,0.7338741421699524
dir_B,V22_CORRECT_V21_WRONG,private,836,3,Happy,True,True,6,False,-1.834047555923462,6,False,-1.3797944784164429,3,True,3.0476574897766113,3,True,2.7250843048095703,0.6769614219665527,0.5816724300384521
dir_B,V22_CORRECT_V21_WRONG,private,848,3,Happy,True,True,4,False,-5.092711925506592,4,False,-4.254359245300293,3,True,2.1001670360565186,3,True,1.360353946685791,0.5403027534484863,0.3382226228713989
dir_B,V22_CORRECT_V21_WRONG,private,867,2,Fear,True,True,4,False,-0.5034741163253784,2,True,2.1679248809814453,2,True,0.10051918029785156,2,True,0.6549530029296875,0.5425894856452942,0.5125136375427246
dir_B,V22_CORRECT_V21_WRONG,private,884,6,Neutral,True,True,4,False,-0.6283543109893799,4,False,-2.045220136642456,6,True,0.899653434753418,6,True,1.0191478729248047,0.5473095774650574,0.42764902114868164
dir_B,V22_CORRECT_V21_WRONG,private,892,0,Angry,True,True,2,False,-1.2572472095489502,2,False,-0.9813635349273682,0,True,1.5314456224441528,0,True,3.372281074523926,0.6272786855697632,0.6641495227813721
dir_B,V22_CORRECT_V21_WRONG,private,893,2,Fear,True,True,4,False,-1.8829865455627441,2,True,3.339034080505371,2,True,0.7964152097702026,2,True,1.434912919998169,0.49782711267471313,0.7245239019393921
dir_B,V22_CORRECT_V21_WRONG,private,902,4,Sad,True,True,0,False,-1.9144935607910156,6,False,-1.4465069770812988,4,True,1.80047607421875,4,True,1.063744306564331,0.6496716737747192,0.51050865650177
dir_B,V22_CORRECT_V21_WRONG,private,908,0,Angry,True,True,6,False,-1.6292452812194824,6,False,-0.37817275524139404,6,False,-0.7154455184936523,6,False,-0.47507524490356445,0.5212753415107727,0.5791225433349609
dir_B,V22_CORRECT_V21_WRONG,private,912,0,Angry,True,True,3,False,-1.5610888004302979,3,False,-2.2373135089874268,0,True,0.18622756004333496,0,True,1.108776330947876,0.5194582939147949,0.43723708391189575
dir_B,V22_CORRECT_V21_WRONG,private,924,6,Neutral,True,True,2,False,-0.6151165962219238,2,False,-1.6569311618804932,6,True,3.687041997909546,6,True,3.7022273540496826,0.6938052177429199,0.18172454833984375
dir_B,V22_CORRECT_V21_WRONG,private,926,4,Sad,True,True,0,False,-1.0024746656417847,4,True,0.891974687576294,4,True,1.9614371061325073,4,True,2.8582398891448975,0.5573939681053162,0.5354451537132263
dir_B,V22_CORRECT_V21_WRONG,private,941,4,Sad,True,True,2,False,-0.7357327938079834,2,False,-0.12762737274169922,4,True,1.62934410572052,4,True,1.1801685094833374,0.5956615209579468,0.7078491449356079
dir_B,V22_CORRECT_V21_WRONG,private,949,4,Sad,True,True,6,False,-0.6169418096542358,4,True,0.8568711280822754,4,True,0.44676828384399414,4,True,0.40642237663269043,0.6124799847602844,0.762811541557312
dir_B,V22_CORRECT_V21_WRONG,private,959,5,Surprise,True,True,3,False,-2.657763957977295,3,False,-0.8223370313644409,5,True,2.30198335647583,5,True,2.5182859897613525,0.48298758268356323,0.47529613971710205
dir_B,V22_CORRECT_V21_WRONG,private,983,0,Angry,True,True,4,False,-0.4842679500579834,4,False,-0.4308680295944214,4,False,-0.23938441276550293,4,False,-0.41002607345581055,0.5886802673339844,0.7629632949829102
dir_B,V22_CORRECT_V21_WRONG,private,994,2,Fear,True,True,4,False,-1.4024525880813599,2,True,0.4438985586166382,2,True,0.5349740982055664,2,True,1.673185110092163,0.48324185609817505,0.602973461151123
dir_B,V22_CORRECT_V21_WRONG,private,997,4,Sad,True,True,2,False,-2.649973154067993,4,True,0.18575835227966309,4,True,2.670787811279297,4,True,0.12683963775634766,0.44648557901382446,0.3904677629470825
dir_B,V22_CORRECT_V21_WRONG,private,1004,4,Sad,True,True,3,False,-3.139190912246704,4,True,0.6738903522491455,4,True,2.1380441188812256,4,True,1.1182000637054443,0.4952830970287323,0.7728442549705505
dir_B,V22_CORRECT_V21_WRONG,private,1011,4,Sad,True,True,3,False,-1.7735978364944458,4,True,0.40617454051971436,4,True,1.271000862121582,4,True,2.4847466945648193,0.4607381522655487,0.5806089639663696
dir_B,V22_CORRECT_V21_WRONG,private,1012,6,Neutral,True,True,4,False,-1.117043375968933,4,False,-2.930978775024414,6,True,3.9745121002197266,6,True,4.011340141296387,0.7011220455169678,0.2414199560880661
dir_B,V22_CORRECT_V21_WRONG,private,1032,4,Sad,True,True,6,False,-4.4773268699646,6,False,-3.41042423248291,4,True,0.885584831237793,4,True,1.1302659511566162,0.5998522043228149,0.42631280422210693
dir_B,V22_CORRECT_V21_WRONG,private,1036,4,Sad,True,True,3,False,-1.5024770498275757,2,False,-1.9814118146896362,4,True,2.3970017433166504,4,True,1.5286290645599365,0.47653907537460327,0.5742480158805847
dir_B,V22_CORRECT_V21_WRONG,private,1045,3,Happy,True,True,6,False,-4.855440616607666,6,False,-3.512580394744873,3,True,0.8819258213043213,3,True,0.00923466682434082,0.5849658250808716,0.7389219999313354
dir_B,V22_CORRECT_V21_WRONG,private,1046,0,Angry,True,True,6,False,-2.0548629760742188,6,False,-2.5820679664611816,0,True,1.9788260459899902,0,True,1.1206650733947754,0.5311381816864014,0.3432597219944
dir_B,V22_CORRECT_V21_WRONG,private,1052,2,Fear,True,True,4,False,-2.0295615196228027,4,False,-0.07041966915130615,4,False,-2.3273258209228516,2,True,0.7499144077301025,0.5450572371482849,0.639249324798584
dir_B,V22_CORRECT_V21_WRONG,private,1063,4,Sad,True,True,6,False,-1.988647699356079,6,False,-1.8584299087524414,4,True,2.972339391708374,4,True,1.0636576414108276,0.589565634727478,0.4709458351135254
dir_B,V22_CORRECT_V21_WRONG,private,1073,4,Sad,True,True,2,False,-0.15593171119689941,2,False,-0.3440089225769043,6,False,-1.8099722862243652,4,True,0.06717801094055176,0.6645245552062988,0.6514537930488586
dir_B,V22_CORRECT_V21_WRONG,private,1082,3,Happy,True,True,5,False,-2.5419507026672363,5,False,-2.8258252143859863,3,True,2.1033265590667725,3,True,1.711800217628479,0.6012130379676819,0.6073741316795349
dir_B,V22_CORRECT_V21_WRONG,private,1100,4,Sad,True,True,6,False,-0.7238500118255615,2,False,-0.2653782367706299,2,False,-0.5775539875030518,4,True,0.6409327983856201,0.5971251726150513,0.8280749917030334
dir_B,V22_CORRECT_V21_WRONG,private,1110,2,Fear,True,True,4,False,-0.048355817794799805,4,False,-0.4785034656524658,4,False,-1.3592016696929932,2,True,0.686312198638916,0.5918315649032593,0.6927908658981323
dir_B,V22_CORRECT_V21_WRONG,private,1116,6,Neutral,True,True,5,False,-4.237490653991699,5,False,-4.557893753051758,6,True,0.39603614807128906,6,True,2.473555088043213,0.5241537690162659,0.3575248122215271
dir_B,V22_CORRECT_V21_WRONG,private,1124,4,Sad,True,True,3,False,-3.1033010482788086,3,False,-3.3689494132995605,4,True,3.5022737979888916,4,True,1.8695125579833984,0.5638347864151001,0.13803592324256897
dir_B,V22_CORRECT_V21_WRONG,private,1146,0,Angry,True,True,2,False,-4.968544960021973,2,False,-4.409666061401367,2,False,-2.366795063018799,4,False,-0.09126430749893188,0.39651739597320557,0.5936598777770996
dir_B,V22_CORRECT_V21_WRONG,private,1147,0,Angry,True,True,4,False,-1.4881784915924072,4,False,-2.8890862464904785,0,True,1.3319472074508667,4,False,-0.6632194519042969,0.516560435295105,0.6188510060310364
dir_B,V22_CORRECT_V21_WRONG,private,1176,2,Fear,True,True,4,False,-1.3851592540740967,2,True,1.2673683166503906,2,True,0.09701013565063477,2,True,1.6900137662887573,0.439083993434906,0.4792883098125458
dir_B,V22_CORRECT_V21_WRONG,private,1184,6,Neutral,True,True,0,False,-1.3852040767669678,0,False,-3.330530881881714,4,False,-2.2533726692199707,6,True,0.8294312953948975,0.4504236876964569,0.30410340428352356
dir_B,V22_CORRECT_V21_WRONG,private,1219,4,Sad,True,True,2,False,-1.2706611156463623,2,False,-1.875684142112732,2,False,-0.08684825897216797,4,True,0.9111391305923462,0.5615447163581848,0.5226148962974548
dir_B,V22_CORRECT_V21_WRONG,private,1222,3,Happy,True,True,6,False,-0.44330453872680664,6,False,-2.360440731048584,3,True,0.5637550354003906,3,True,0.9823544025421143,0.6311624050140381,0.5810595750808716
dir_B,V22_CORRECT_V21_WRONG,private,1247,4,Sad,True,True,0,False,-0.1952732801437378,0,False,-0.022779345512390137,4,True,1.3113270998001099,4,True,1.2081258296966553,0.6889268159866333,0.557032585144043
dir_B,V22_CORRECT_V21_WRONG,private,1261,2,Fear,True,True,6,False,-2.9144909381866455,6,False,-1.6644797325134277,4,False,-0.7987267971038818,2,True,0.4853907823562622,0.61106938123703,0.42895907163619995
dir_B,V22_CORRECT_V21_WRONG,private,1262,0,Angry,True,False,6,False,-5.4148688316345215,6,False,-4.980417251586914,0,True,3.2325966358184814,0,True,1.07431960105896,0.542210578918457,0.30336588621139526
dir_B,V22_CORRECT_V21_WRONG,private,1271,2,Fear,False,False,5,False,-1.8096075057983398,5,False,-0.05552339553833008,2,True,0.7130556106567383,2,True,0.5580214262008667,0.578933596611023,0.7930811643600464
dir_B,V22_CORRECT_V21_WRONG,private,1278,5,Surprise,True,True,2,False,-0.4764765501022339,5,True,0.10994625091552734,5,True,3.719426393508911,5,True,4.094393730163574,0.6903508901596069,0.564289927482605
dir_B,V22_CORRECT_V21_WRONG,private,1279,4,Sad,True,True,6,False,-0.8628525733947754,6,False,-0.5386090278625488,6,False,-0.8631820678710938,4,True,1.2343430519104004,0.5822573900222778,0.5779935717582703
dir_B,V22_CORRECT_V21_WRONG,private,1284,2,Fear,True,True,3,False,-2.8090620040893555,3,False,-0.5796136856079102,2,True,2.6484763622283936,2,True,3.9490573406219482,0.5351876020431519,0.5243631601333618
dir_B,V22_CORRECT_V21_WRONG,private,1290,0,Angry,True,True,2,False,-0.004747867584228516,2,False,-2.0214695930480957,0,True,0.8128042221069336,2,False,-1.2491552829742432,0.49789461493492126,0.6254966855049133
dir_B,V22_CORRECT_V21_WRONG,private,1293,4,Sad,True,True,6,False,-1.0929824113845825,6,False,-0.6965079307556152,4,True,0.148703932762146,4,True,0.8168932199478149,0.6292269229888916,0.5110083818435669
dir_B,V22_CORRECT_V21_WRONG,private,1302,6,Neutral,True,True,2,False,-1.2817184925079346,2,False,-2.2821171283721924,6,True,0.3681892156600952,6,True,2.0588059425354004,0.6023477911949158,0.5090752840042114
dir_B,V22_CORRECT_V21_WRONG,private,1320,4,Sad,True,True,0,False,-1.0844030380249023,2,False,-0.26447027921676636,0,False,-1.6419768333435059,4,True,1.4449684619903564,0.5879768133163452,0.6180832386016846
dir_B,V22_CORRECT_V21_WRONG,private,1322,6,Neutral,True,True,0,False,-2.400742292404175,0,False,-0.9616986513137817,4,False,-0.0852363109588623,6,True,1.2236109972000122,0.6128532886505127,0.6318444013595581
dir_B,V22_CORRECT_V21_WRONG,private,1326,2,Fear,True,True,5,False,-0.9618427753448486,2,True,0.19905996322631836,2,True,0.5759158134460449,2,True,1.504244327545166,0.6357400417327881,0.7498190402984619
dir_B,V22_CORRECT_V21_WRONG,private,1328,2,Fear,True,True,6,False,-3.4251868724823,6,False,-1.9625298976898193,4,False,-1.8209583759307861,2,True,0.18555104732513428,0.5436892509460449,0.7107622623443604
dir_B,V22_CORRECT_V21_WRONG,private,1330,4,Sad,True,True,6,False,-0.6618571281433105,4,True,1.2098324298858643,4,True,1.8953295946121216,4,True,1.752661108970642,0.6071244478225708,0.8050659894943237
dir_B,V22_CORRECT_V21_WRONG,private,1348,2,Fear,True,True,4,False,-3.058192729949951,2,True,2.1248435974121094,2,True,0.3461354970932007,2,True,2.14143443107605,0.4258096218109131,0.8230979442596436
dir_B,V22_CORRECT_V21_WRONG,private,1358,3,Happy,True,True,6,False,-0.8853280544281006,6,False,-0.10228204727172852,3,True,1.654526948928833,3,True,1.013519525527954,0.6370471715927124,0.8060106039047241
dir_B,V22_CORRECT_V21_WRONG,private,1395,4,Sad,True,True,2,False,-2.2388057708740234,2,False,-2.2661783695220947,4,True,3.2686548233032227,4,True,2.7604117393493652,0.6205898523330688,0.46038034558296204
dir_B,V22_CORRECT_V21_WRONG,private,1412,6,Neutral,True,True,2,False,-2.3426759243011475,2,False,-3.2724437713623047,6,True,2.7404468059539795,6,True,2.302894115447998,0.6941758990287781,0.3513815999031067
dir_B,V22_CORRECT_V21_WRONG,private,1421,0,Angry,True,True,6,False,-1.3445911407470703,3,False,-2.01779842376709,0,True,3.7063961029052734,0,True,1.2024099826812744,0.48325836658477783,0.28858935832977295
dir_B,V22_CORRECT_V21_WRONG,private,1446,4,Sad,True,True,6,False,-3.1878607273101807,4,True,0.04196321964263916,4,True,1.5572013854980469,4,True,1.7429876327514648,0.6767402291297913,0.8942098617553711
dir_B,V22_CORRECT_V21_WRONG,private,1454,4,Sad,True,True,0,False,-0.3291049003601074,4,True,1.4758161306381226,4,True,4.429116249084473,4,True,3.496262311935425,0.615180253982544,0.5735759735107422
dir_B,V22_CORRECT_V21_WRONG,private,1458,2,Fear,True,True,0,False,-1.53983736038208,0,False,-0.547263503074646,0,False,-0.2141733169555664,0,False,-0.4647231101989746,0.6158319711685181,0.8526637554168701
dir_B,V22_CORRECT_V21_WRONG,private,1467,6,Neutral,True,True,2,False,-1.7719032764434814,2,False,-2.9015228748321533,6,True,1.4461164474487305,6,True,1.0151337385177612,0.6483149528503418,0.5359935164451599
dir_B,V22_CORRECT_V21_WRONG,private,1470,6,Neutral,True,True,4,False,-1.625930666923523,4,False,-1.1048929691314697,6,True,1.5136454105377197,6,True,1.8773715496063232,0.6249370574951172,0.545764684677124
dir_B,V22_CORRECT_V21_WRONG,private,1475,2,Fear,True,True,4,False,-1.704954981803894,4,False,-1.1998640298843384,0,False,-0.1939023733139038,2,True,1.296964406967163,0.4329979121685028,0.6196452379226685
dir_B,V22_CORRECT_V21_WRONG,private,1493,4,Sad,True,True,0,False,-1.304499626159668,0,False,-0.9542174339294434,0,False,-1.6090972423553467,4,True,1.1457915306091309,0.5225095748901367,0.680105447769165
dir_B,V22_CORRECT_V21_WRONG,private,1498,0,Angry,True,True,1,False,-0.8006269931793213,0,True,1.0698652267456055,0,True,3.583221673965454,0,True,4.3094282150268555,0.6288543939590454,0.6267383694648743
dir_B,V22_CORRECT_V21_WRONG,private,1546,3,Happy,True,True,2,False,-2.4228100776672363,3,True,1.1299171447753906,3,True,1.8106330633163452,3,True,2.261723518371582,0.5648125410079956,0.6777140498161316
dir_B,V22_CORRECT_V21_WRONG,private,1552,2,Fear,True,True,0,False,-1.0940985679626465,2,True,1.2397037744522095,4,False,-3.318328857421875,2,True,0.5054059028625488,0.5241042375564575,0.4951901435852051
dir_B,V22_CORRECT_V21_WRONG,private,1579,4,Sad,True,True,0,False,-0.4614987373352051,4,True,1.9539272785186768,4,True,2.4484856128692627,4,True,2.211782455444336,0.6237655878067017,0.6626461744308472
dir_B,V22_CORRECT_V21_WRONG,private,1602,6,Neutral,True,True,4,False,-3.3102824687957764,4,False,-3.928466320037842,6,True,2.5097219944000244,6,True,0.5520182847976685,0.6340880393981934,0.5524930357933044
dir_B,V22_CORRECT_V21_WRONG,private,1624,4,Sad,True,True,2,False,-0.7776334285736084,2,False,-0.49144744873046875,4,True,3.622654676437378,4,True,1.84024977684021,0.5921733379364014,0.7636630535125732
dir_B,V22_CORRECT_V21_WRONG,private,1625,3,Happy,True,True,2,False,-4.174289703369141,2,False,-3.4065022468566895,3,True,2.9119832515716553,3,True,0.31833159923553467,0.5014301538467407,0.7309376001358032
dir_B,V22_CORRECT_V21_WRONG,private,1644,4,Sad,True,True,2,False,-0.8116081357002258,2,False,-3.0596723556518555,4,True,3.9824845790863037,4,True,4.243871688842773,0.5567523241043091,0.12967759370803833
dir_B,V22_CORRECT_V21_WRONG,private,1649,3,Happy,True,True,2,False,-0.8160262107849121,3,True,1.5168802738189697,3,True,3.7565054893493652,3,True,3.398690938949585,0.6384801864624023,0.815549373626709
dir_B,V22_CORRECT_V21_WRONG,private,1688,0,Angry,True,True,1,False,-2.3473334312438965,2,False,-0.9863439798355103,0,True,2.1229231357574463,0,True,3.512608766555786,0.5622555017471313,0.48431897163391113
dir_B,V22_CORRECT_V21_WRONG,private,1706,5,Surprise,True,True,0,False,-5.104911804199219,0,False,-3.255282163619995,2,False,-2.6959524154663086,5,True,0.9557100534439087,0.5069607496261597,0.5285367965698242
dir_B,V22_CORRECT_V21_WRONG,private,1710,6,Neutral,True,True,0,False,-3.1515235900878906,2,False,-2.777111768722534,0,False,-1.5323710441589355,6,True,2.1936187744140625,0.5004933476448059,0.47927170991897583
dir_B,V22_CORRECT_V21_WRONG,private,1721,3,Happy,True,True,4,False,-4.673058986663818,4,False,-4.042919158935547,3,True,2.8454902172088623,3,True,3.4078915119171143,0.6129633188247681,0.12084169685840607
dir_B,V22_CORRECT_V21_WRONG,private,1722,2,Fear,True,True,0,False,-0.5045607089996338,0,False,-2.903730869293213,2,True,0.35346150398254395,2,True,1.2422281503677368,0.4895594120025635,0.665091335773468
dir_B,V22_CORRECT_V21_WRONG,private,1737,3,Happy,True,True,6,False,-3.3121097087860107,2,False,-1.9203821420669556,3,True,3.9986484050750732,3,True,3.8164939880371094,0.6832298040390015,0.16330486536026
dir_B,V22_CORRECT_V21_WRONG,private,1775,1,Disgust,True,True,0,False,-2.7108187675476074,0,False,-2.1487443447113037,0,False,-4.648766040802002,0,False,-0.771381139755249,0.4388376474380493,0.6678958535194397
dir_B,V22_CORRECT_V21_WRONG,private,1776,2,Fear,True,True,4,False,-0.8814222812652588,4,False,-0.4123687744140625,6,False,-3.7039685249328613,2,True,0.7200860977172852,0.44967079162597656,0.647243857383728
dir_B,V22_CORRECT_V21_WRONG,private,1791,4,Sad,True,True,0,False,-4.115005970001221,0,False,-3.13602352142334,0,False,-0.9920299649238586,2,False,-0.25635993480682373,0.3783109784126282,0.4542462229728699
dir_B,V22_CORRECT_V21_WRONG,private,1792,4,Sad,True,True,3,False,-2.434415340423584,3,False,-1.7105649709701538,4,True,1.827462077140808,4,True,2.037536144256592,0.5591412782669067,0.4024524986743927
dir_B,V22_CORRECT_V21_WRONG,private,1805,6,Neutral,True,True,0,False,-2.4848268032073975,2,False,-0.3124123215675354,6,True,0.4232325553894043,6,True,1.8721623420715332,0.5940943360328674,0.4416322112083435
dir_B,V22_CORRECT_V21_WRONG,private,1822,2,Fear,True,True,4,False,-1.6887948513031006,4,False,-2.2109153270721436,4,False,-3.7997095584869385,2,True,1.4647505283355713,0.39184656739234924,0.6220356225967407
dir_B,V22_CORRECT_V21_WRONG,private,1831,3,Happy,True,True,0,False,-3.0905442237854004,4,False,-3.6031370162963867,0,False,-2.216071128845215,3,True,1.5979328155517578,0.41872304677963257,0.5908370018005371
dir_B,V22_CORRECT_V21_WRONG,private,1844,0,Angry,True,True,4,False,-1.6269997358322144,4,False,-0.8668760061264038,0,True,0.19357800483703613,4,False,-0.9016268253326416,0.6094193458557129,0.6457187533378601
dir_B,V22_CORRECT_V21_WRONG,private,1849,6,Neutral,True,True,3,False,-0.3243980407714844,6,True,0.7728338241577148,6,True,2.4532861709594727,6,True,3.4145736694335938,0.6812370419502258,0.7964687347412109
dir_B,V22_CORRECT_V21_WRONG,private,1866,4,Sad,True,True,2,False,-2.528225898742676,2,False,-1.7956161499023438,4,True,1.5415234565734863,4,True,1.557522177696228,0.5365899801254272,0.7364319562911987
dir_B,V22_CORRECT_V21_WRONG,private,1919,2,Fear,True,True,0,False,-3.0299453735351562,0,False,-1.0033249855041504,2,True,0.91538405418396,2,True,1.2131311893463135,0.6509949564933777,0.7984514832496643
dir_B,V22_CORRECT_V21_WRONG,private,1926,4,Sad,True,True,6,False,-1.2355979681015015,6,False,-3.11824893951416,4,True,2.1838583946228027,4,True,1.79939603805542,0.5964293479919434,0.38755831122398376
dir_B,V22_CORRECT_V21_WRONG,private,1929,5,Surprise,True,True,0,False,-3.076399803161621,0,False,-0.21699738502502441,5,True,1.8341470956802368,5,True,2.920830011367798,0.5476055145263672,0.53798907995224
dir_B,V22_CORRECT_V21_WRONG,private,1931,5,Surprise,True,True,2,False,-2.8421993255615234,5,True,0.767638087272644,5,True,2.800529956817627,5,True,1.2884409427642822,0.6018270254135132,0.5652757287025452
dir_B,V22_CORRECT_V21_WRONG,private,1942,0,Angry,True,True,2,False,-2.666438102722168,2,False,-1.9475376605987549,2,False,-0.4930686950683594,0,True,1.1448538303375244,0.5244221687316895,0.5766516923904419
dir_B,V22_CORRECT_V21_WRONG,private,1943,2,Fear,True,True,4,False,-0.6363227367401123,2,True,0.5229240655899048,2,True,0.7837079763412476,2,True,1.55943763256073,0.4626709222793579,0.699347972869873
dir_B,V22_CORRECT_V21_WRONG,private,1944,4,Sad,True,True,6,False,-0.4637463092803955,4,True,1.2129597663879395,4,True,2.9475505352020264,4,True,2.307302713394165,0.5818915963172913,0.543749988079071
dir_B,V22_CORRECT_V21_WRONG,private,1948,4,Sad,True,True,0,False,-2.821469306945801,0,False,-2.839855194091797,4,True,0.710605263710022,4,True,1.0108963251113892,0.5132032632827759,0.5397301316261292
dir_B,V22_CORRECT_V21_WRONG,private,1992,2,Fear,True,True,1,False,-4.138058662414551,2,True,2.021327018737793,2,True,3.452700614929199,2,True,2.747293472290039,0.48465728759765625,0.47968676686286926
dir_B,V22_CORRECT_V21_WRONG,private,1994,6,Neutral,True,True,2,False,-4.1689629554748535,2,False,-3.3284847736358643,6,True,1.5066337585449219,6,True,1.9991132020950317,0.5863631367683411,0.5671454668045044
dir_B,V22_CORRECT_V21_WRONG,private,1996,3,Happy,True,True,0,False,-2.7717089653015137,3,True,1.0273792743682861,3,True,2.7032382488250732,3,True,3.3594248294830322,0.7206829190254211,0.2873793840408325
dir_B,V22_CORRECT_V21_WRONG,private,2001,6,Neutral,True,True,4,False,-1.1926125288009644,4,False,-0.9696388244628906,6,True,1.4311153888702393,6,True,2.4904699325561523,0.6407831907272339,0.6189279556274414
dir_B,V22_CORRECT_V21_WRONG,private,2012,2,Fear,True,True,0,False,-2.789917469024658,6,False,-0.321666955947876,2,True,1.074461579322815,2,True,0.8076057434082031,0.4815208315849304,0.6629749536514282
dir_B,V22_CORRECT_V21_WRONG,private,2016,4,Sad,True,True,2,False,-2.631974458694458,2,False,-0.416390061378479,4,True,1.7905675172805786,4,True,1.6523398160934448,0.45804426074028015,0.7200586199760437
dir_B,V22_CORRECT_V21_WRONG,private,2021,4,Sad,True,True,2,False,-0.5237189531326294,2,False,-0.6623392105102539,4,True,1.9970650672912598,4,True,1.5146701335906982,0.6049302816390991,0.7683324217796326
dir_B,V22_CORRECT_V21_WRONG,private,2024,6,Neutral,True,True,4,False,-4.18155574798584,4,False,-2.3969297409057617,3,False,-1.305113673210144,6,True,1.6847591400146484,0.5604304671287537,0.31704598665237427
dir_B,V22_CORRECT_V21_WRONG,private,2044,6,Neutral,True,True,2,False,-4.966982364654541,2,False,-4.783710956573486,6,True,2.6626033782958984,6,True,2.2155203819274902,0.6673058271408081,0.3305659294128418
dir_B,V22_CORRECT_V21_WRONG,private,2045,6,Neutral,True,True,3,False,-2.129321575164795,3,False,-0.9407930374145508,6,True,0.9251956939697266,6,True,3.2948131561279297,0.5812506079673767,0.6156971454620361
dir_B,V22_CORRECT_V21_WRONG,private,2048,6,Neutral,True,True,3,False,-4.339145183563232,3,False,-3.8219456672668457,3,False,-0.5774879455566406,6,True,0.47703003883361816,0.6663306951522827,0.7317134141921997
dir_B,V22_CORRECT_V21_WRONG,private,2073,2,Fear,True,True,4,False,-1.9681416749954224,4,False,-0.386319637298584,4,False,-1.8295114040374756,2,True,0.6125521659851074,0.6254374980926514,0.8891535997390747
dir_B,V22_CORRECT_V21_WRONG,private,2078,2,Fear,True,True,6,False,-3.066990852355957,2,True,0.03587758541107178,4,False,-2.4641473293304443,2,True,2.055483818054199,0.33356812596321106,0.6482526063919067
dir_B,V22_CORRECT_V21_WRONG,private,2092,4,Sad,False,False,2,False,-1.1853820085525513,2,False,-0.15036320686340332,4,True,3.001547336578369,4,True,0.5043528079986572,0.6255576610565186,0.7623591423034668
dir_B,V22_CORRECT_V21_WRONG,private,2094,3,Happy,True,True,2,False,-4.256374835968018,2,False,-3.0733842849731445,3,True,4.274061679840088,3,True,4.57071590423584,0.6615820527076721,0.14346833527088165
dir_B,V22_CORRECT_V21_WRONG,private,2096,3,Happy,True,True,6,False,-3.767979860305786,6,False,-3.4388327598571777,3,True,3.705597400665283,3,True,3.586846113204956,0.7070974111557007,0.19007667899131775
dir_B,V22_CORRECT_V21_WRONG,private,2100,0,Angry,True,True,6,False,-0.7954088449478149,6,False,-1.7337040901184082,0,True,2.864858865737915,0,True,1.4715838432312012,0.5593112707138062,0.46609294414520264
dir_B,V22_CORRECT_V21_WRONG,private,2140,4,Sad,True,True,0,False,-2.084444999694824,2,False,-0.3750028610229492,4,True,1.4528553485870361,4,True,3.313323497772217,0.591616153717041,0.4817148447036743
dir_B,V22_CORRECT_V21_WRONG,private,2146,4,Sad,True,True,0,False,-4.084874153137207,0,False,-2.5706398487091064,4,True,0.010441303253173828,4,True,1.8046274185180664,0.5390058159828186,0.4330972135066986
dir_B,V22_CORRECT_V21_WRONG,private,2149,3,Happy,True,True,0,False,-5.3780517578125,0,False,-1.4007413387298584,3,True,4.530324459075928,3,True,3.673114538192749,0.6992186307907104,0.35030481219291687
dir_B,V22_CORRECT_V21_WRONG,private,2169,0,Angry,True,True,4,False,-0.5959780216217041,4,False,-0.5701631307601929,0,True,0.04525959491729736,0,True,0.6558572053909302,0.485693097114563,0.47514939308166504
dir_B,V22_CORRECT_V21_WRONG,private,2186,4,Sad,True,True,6,False,-0.6598374843597412,4,True,0.33079707622528076,4,True,3.8849008083343506,4,True,1.8654508590698242,0.49668407440185547,0.5443843603134155
dir_B,V22_CORRECT_V21_WRONG,private,2196,2,Fear,False,False,0,False,-0.013696908950805664,0,False,-1.3646349906921387,0,False,-0.8150112628936768,2,True,0.22185802459716797,0.5146351456642151,0.7869153618812561
dir_B,V22_CORRECT_V21_WRONG,private,2197,4,Sad,True,True,2,False,-5.573548316955566,2,False,-4.558070182800293,2,False,-0.8613839149475098,2,False,-0.01772451400756836,0.456825852394104,0.33967921137809753
dir_B,V22_CORRECT_V21_WRONG,private,2221,1,Disgust,True,False,0,False,-4.40411376953125,0,False,-4.54747200012207,0,False,-4.588077545166016,0,False,-1.921399474143982,0.4520695209503174,0.4815922975540161
dir_B,V22_CORRECT_V21_WRONG,private,2232,6,Neutral,True,True,0,False,-2.0778307914733887,4,False,-1.7534704208374023,0,False,-0.5526173114776611,6,True,1.291629433631897,0.5638339519500732,0.45069169998168945
dir_B,V22_CORRECT_V21_WRONG,private,2233,3,Happy,True,True,5,False,-2.311882495880127,5,False,-1.1134575605392456,3,True,0.8253662586212158,3,True,0.49020957946777344,0.5682550668716431,0.6512312293052673
dir_B,V22_CORRECT_V21_WRONG,private,2238,5,Surprise,True,True,2,False,-0.8512859344482422,2,False,-0.42333555221557617,5,True,2.2137258052825928,5,True,0.7145358324050903,0.5509613752365112,0.5936792492866516
dir_B,V22_CORRECT_V21_WRONG,private,2248,5,Surprise,True,True,2,False,-1.039461612701416,2,False,-0.28674936294555664,5,True,1.4158172607421875,5,True,1.004733920097351,0.6424902677536011,0.6862914562225342
dir_B,V22_CORRECT_V21_WRONG,private,2249,4,Sad,True,True,2,False,-2.1856417655944824,4,True,0.37038373947143555,4,True,3.7276718616485596,4,True,1.9630523920059204,0.49948829412460327,0.2589508593082428
dir_B,V22_CORRECT_V21_WRONG,private,2260,6,Neutral,True,True,4,False,-0.06905686855316162,4,False,-0.6121616363525391,2,False,-1.155853509902954,2,False,-0.09709930419921875,0.4200831353664398,0.7417870759963989
dir_B,V22_CORRECT_V21_WRONG,private,2265,6,Neutral,True,True,4,False,-1.9663220643997192,4,False,-2.7376251220703125,6,True,1.9602813720703125,6,True,2.1126885414123535,0.6033977270126343,0.7140309810638428
dir_B,V22_CORRECT_V21_WRONG,private,2277,4,Sad,True,True,2,False,-3.09830379486084,0,False,-2.2236123085021973,4,True,1.4973597526550293,4,True,2.938338041305542,0.47183024883270264,0.3680865168571472
dir_B,V22_CORRECT_V21_WRONG,private,2286,2,Fear,True,True,4,False,-0.06349039077758789,2,True,1.852021336555481,2,True,3.1307754516601562,2,True,1.7375845909118652,0.5039534568786621,0.7053600549697876
dir_B,V22_CORRECT_V21_WRONG,private,2288,6,Neutral,True,True,4,False,-0.7069348096847534,2,False,-1.140025019645691,4,False,-1.0219883918762207,4,False,-0.1658538579940796,0.5705352425575256,0.7477859258651733
dir_B,V22_CORRECT_V21_WRONG,private,2296,2,Fear,True,True,0,False,-2.0884249210357666,3,False,-1.1139531135559082,2,True,0.5214173793792725,2,True,1.6948599815368652,0.5031163692474365,0.41145801544189453
dir_B,V22_CORRECT_V21_WRONG,private,2297,6,Neutral,True,True,4,False,-0.8253272771835327,4,False,-1.0971226692199707,6,True,0.3209400177001953,6,True,1.039409875869751,0.6125112175941467,0.7135097980499268
dir_B,V22_CORRECT_V21_WRONG,private,2342,2,Fear,True,True,3,False,-4.123093128204346,5,False,-3.305863618850708,2,True,3.681427240371704,2,True,3.0990681648254395,0.5256289839744568,0.28419002890586853
dir_B,V22_CORRECT_V21_WRONG,private,2343,2,Fear,True,True,5,False,-0.32430970668792725,5,False,-0.39109599590301514,2,True,1.5138591527938843,2,True,1.1250436305999756,0.6350513696670532,0.7553083896636963
dir_B,V22_CORRECT_V21_WRONG,private,2379,4,Sad,True,True,0,False,-1.527652621269226,0,False,-2.6066744327545166,4,True,2.2898428440093994,4,True,1.2443113327026367,0.5017097592353821,0.49800145626068115
dir_B,V22_CORRECT_V21_WRONG,private,2385,3,Happy,True,True,5,False,-1.1075925827026367,5,False,-1.3749728202819824,3,True,3.8767969608306885,3,True,3.6237545013427734,0.7138078212738037,0.5758435726165771
dir_B,V22_CORRECT_V21_WRONG,private,2399,6,Neutral,True,True,2,False,-3.2334299087524414,2,False,-2.8579912185668945,6,True,0.16435837745666504,6,True,1.6441618204116821,0.6296868324279785,0.15151430666446686
dir_B,V22_CORRECT_V21_WRONG,private,2424,5,Surprise,True,True,3,False,-0.8473846912384033,2,False,-0.5388643741607666,5,True,1.413561463356018,5,True,2.0947632789611816,0.5167731642723083,0.4350665509700775
dir_B,V22_CORRECT_V21_WRONG,private,2425,2,Fear,True,True,5,False,-0.3738943338394165,2,True,2.068185329437256,2,True,3.228919506072998,2,True,2.395139455795288,0.5351777076721191,0.6113739013671875
dir_B,V22_CORRECT_V21_WRONG,private,2427,5,Surprise,True,True,2,False,-1.990851640701294,2,False,-0.10164403915405273,5,True,2.9502577781677246,5,True,2.31233549118042,0.6594181060791016,0.8814201354980469
dir_B,V22_CORRECT_V21_WRONG,private,2464,2,Fear,True,True,4,False,-3.8823611736297607,4,False,-1.8005496263504028,2,True,1.295960545539856,2,True,0.7197461128234863,0.42339909076690674,0.42626136541366577
dir_B,V22_CORRECT_V21_WRONG,private,2474,3,Happy,True,True,6,False,-0.7290220260620117,6,False,-0.9409818649291992,3,True,4.080772876739502,3,True,3.994645357131958,0.7159658074378967,0.5322526693344116
dir_B,V22_CORRECT_V21_WRONG,private,2484,4,Sad,True,True,0,False,-3.600338935852051,2,False,-3.1255805492401123,4,True,2.1497182846069336,4,True,2.2761268615722656,0.4912819266319275,0.05058279633522034
dir_B,V22_CORRECT_V21_WRONG,private,2490,4,Sad,True,True,3,False,-4.75550651550293,3,False,-2.723367214202881,4,True,3.8577983379364014,4,True,1.379290223121643,0.5476256012916565,0.3078935146331787
dir_B,V22_CORRECT_V21_WRONG,private,2521,3,Happy,True,True,0,False,-0.22965335845947266,3,True,0.18972694873809814,3,True,1.3223233222961426,3,True,3.7831358909606934,0.6085571646690369,0.37784308195114136
dir_B,V22_CORRECT_V21_WRONG,private,2536,4,Sad,True,True,2,False,-3.2583038806915283,2,False,-2.831078052520752,2,False,-0.3926715850830078,4,True,2.0340490341186523,0.4143162667751312,0.4645184874534607
dir_B,V22_CORRECT_V21_WRONG,private,2540,4,Sad,True,True,5,False,-0.8870011568069458,5,False,-1.9081456661224365,4,True,3.0682740211486816,4,True,3.735304355621338,0.63045734167099,0.45659351348876953
dir_B,V22_CORRECT_V21_WRONG,private,2544,0,Angry,True,True,4,False,-3.4205050468444824,4,False,-2.276172399520874,4,False,-1.7198474407196045,4,False,-1.2000329494476318,0.5711308717727661,0.8575676083564758
dir_B,V22_CORRECT_V21_WRONG,private,2571,0,Angry,True,True,3,False,-4.131092071533203,3,False,-4.573811054229736,0,True,2.527265787124634,3,False,-0.6904278993606567,0.5967585444450378,0.5514903664588928
dir_B,V22_CORRECT_V21_WRONG,private,2587,6,Neutral,True,True,0,False,-3.1874074935913086,4,False,-2.7118964195251465,6,True,2.463141918182373,6,True,3.980801820755005,0.5631678104400635,0.16373153030872345
dir_B,V22_CORRECT_V21_WRONG,private,2589,0,Angry,True,True,2,False,-4.5517730712890625,2,False,-2.752551317214966,0,True,0.4972120523452759,2,False,-0.001373291015625,0.5408111214637756,0.5664716958999634
dir_B,V22_CORRECT_V21_WRONG,private,2598,0,Angry,True,True,6,False,-1.3858296871185303,4,False,-3.0715575218200684,2,False,-0.12690693140029907,6,False,-0.88560950756073,0.4988889694213867,0.5309892892837524
dir_B,V22_CORRECT_V21_WRONG,private,2601,4,Sad,True,True,6,False,-0.0841134786605835,4,True,2.0023646354675293,4,True,4.21921968460083,4,True,4.275160312652588,0.5590980052947998,0.41341346502304077
dir_B,V22_CORRECT_V21_WRONG,private,2632,6,Neutral,True,True,4,False,-1.7484005689620972,2,False,-2.03067684173584,4,False,-0.5873997211456299,6,True,0.40477848052978516,0.6833765506744385,0.5920367240905762
dir_B,V22_CORRECT_V21_WRONG,private,2642,4,Sad,True,True,0,False,-0.7356302738189697,4,True,1.4031254053115845,4,True,1.6858186721801758,4,True,1.409404993057251,0.5976518392562866,0.725632905960083
dir_B,V22_CORRECT_V21_WRONG,private,2657,0,Angry,True,True,4,False,-1.851171851158142,4,False,-2.3513011932373047,0,True,2.171107053756714,0,True,0.18913531303405762,0.5604488253593445,0.7009683847427368
dir_B,V22_CORRECT_V21_WRONG,private,2673,4,Sad,True,True,0,False,-0.25580739974975586,4,True,1.2274420261383057,4,True,1.1324419975280762,4,True,1.1442222595214844,0.43915870785713196,0.3031463623046875
dir_B,V22_CORRECT_V21_WRONG,private,2679,6,Neutral,True,True,3,False,-0.9252431392669678,3,False,-1.0670615434646606,6,True,1.631134033203125,6,True,3.5136947631835938,0.6819850206375122,0.6499238014221191
dir_B,V22_CORRECT_V21_WRONG,private,2682,6,Neutral,True,True,4,False,-0.3718678951263428,4,False,-2.2418642044067383,6,True,2.5160393714904785,6,True,2.0069081783294678,0.6494606733322144,0.6982570886611938
dir_B,V22_CORRECT_V21_WRONG,private,2697,3,Happy,True,True,0,False,-3.954376459121704,6,False,-1.1204627752304077,3,True,0.7263057231903076,3,True,2.9281411170959473,0.6058883666992188,0.46505963802337646
dir_B,V22_CORRECT_V21_WRONG,private,2699,2,Fear,True,True,5,False,-1.5796173810958862,5,False,-0.8563253879547119,2,True,0.5717434883117676,2,True,0.38411152362823486,0.6426694393157959,0.9324401617050171
dir_B,V22_CORRECT_V21_WRONG,private,2701,3,Happy,True,True,0,False,-4.793734073638916,0,False,-3.732027530670166,0,False,-3.0874953269958496,0,False,-0.7106502652168274,0.5751971006393433,0.49039801955223083
dir_B,V22_CORRECT_V21_WRONG,private,2711,0,Angry,True,True,4,False,-2.9614875316619873,2,False,-2.5734012126922607,0,True,2.538719654083252,0,True,2.022146224975586,0.5856409668922424,0.1858496367931366
dir_B,V22_CORRECT_V21_WRONG,private,2727,6,Neutral,True,True,4,False,-2.8191277980804443,4,False,-4.056732177734375,6,True,0.28122615814208984,4,False,-0.29492616653442383,0.4557574391365051,0.5748445987701416
dir_B,V22_CORRECT_V21_WRONG,private,2742,0,Angry,True,True,2,False,-0.6228874921798706,0,True,1.079333782196045,0,True,1.1369554996490479,0,True,1.5918079614639282,0.620988130569458,0.8409262895584106
dir_B,V22_CORRECT_V21_WRONG,private,2816,2,Fear,True,True,0,False,-2.283905267715454,0,False,-2.3892440795898438,0,False,-0.5587634444236755,2,True,1.6904526948928833,0.3873268961906433,0.5012413859367371
dir_B,V22_CORRECT_V21_WRONG,private,2826,6,Neutral,True,True,3,False,-0.13534879684448242,6,True,0.3894233703613281,6,True,2.7600505352020264,6,True,1.6329550743103027,0.5564972162246704,0.7375114560127258
dir_B,V22_CORRECT_V21_WRONG,private,2831,6,Neutral,True,True,4,False,-0.44867920875549316,4,False,-1.0165318250656128,6,True,2.5878937244415283,6,True,1.362033486366272,0.6807093620300293,0.6876641511917114
dir_B,V22_CORRECT_V21_WRONG,private,2869,6,Neutral,True,True,4,False,-1.9450420141220093,4,False,-2.4091808795928955,0,False,-0.025597333908081055,6,True,2.9743809700012207,0.5674062371253967,0.3422728180885315
dir_B,V22_CORRECT_V21_WRONG,private,2878,6,Neutral,True,True,4,False,-2.237726926803589,4,False,-1.2610440254211426,0,False,-0.603232741355896,6,True,0.4157959222793579,0.5826133489608765,0.7907441854476929
dir_B,V22_CORRECT_V21_WRONG,private,2884,3,Happy,True,True,5,False,-2.388906478881836,5,False,-2.5962107181549072,3,True,2.544773578643799,3,True,1.5038652420043945,0.5500447154045105,0.4962692856788635
dir_B,V22_CORRECT_V21_WRONG,private,2890,5,Surprise,True,True,2,False,-0.5801838636398315,5,True,0.2382352352142334,2,False,-1.0197781324386597,2,False,-0.11500287055969238,0.6428128480911255,0.9397655725479126
dir_B,V22_CORRECT_V21_WRONG,private,2932,2,Fear,True,True,5,False,-1.0903825759887695,5,False,-1.056023359298706,2,True,2.387850284576416,2,True,2.8946216106414795,0.5448026657104492,0.7212033271789551
dir_B,V22_CORRECT_V21_WRONG,private,2971,2,Fear,True,True,5,False,-0.7773027420043945,2,True,1.0142508745193481,2,True,0.6946057081222534,2,True,0.5572844743728638,0.4423644542694092,0.6728700399398804
dir_B,V22_CORRECT_V21_WRONG,private,2975,4,Sad,True,True,6,False,-1.889909267425537,6,False,-0.01586449146270752,4,True,2.6354007720947266,4,True,3.017683506011963,0.60626220703125,0.7137444019317627
dir_B,V22_CORRECT_V21_WRONG,private,2983,2,Fear,True,True,0,False,-5.518092632293701,5,False,-0.9274013638496399,2,True,2.536982297897339,2,True,2.2946510314941406,0.5482704639434814,0.45816341042518616
dir_B,V22_CORRECT_V21_WRONG,private,3004,6,Neutral,True,True,4,False,-3.9237027168273926,4,False,-3.960282802581787,6,True,1.1610273122787476,6,True,1.5399656295776367,0.4635688364505768,0.4453370273113251
dir_B,V22_CORRECT_V21_WRONG,private,3021,2,Fear,True,True,4,False,-0.8054217100143433,2,True,1.1189777851104736,2,True,0.3765597343444824,2,True,1.3711971044540405,0.44336163997650146,0.6352038383483887
dir_B,V22_CORRECT_V21_WRONG,private,3062,5,Surprise,True,True,2,False,-0.8590370416641235,2,False,-0.0816950798034668,5,True,0.11118817329406738,5,True,0.7973315715789795,0.6310144066810608,0.8908559083938599
dir_B,V22_CORRECT_V21_WRONG,private,3067,4,Sad,True,True,3,False,-2.1774184703826904,6,False,-0.36480700969696045,0,False,-0.21125906705856323,6,False,-0.2119966745376587,0.5489020943641663,0.595248818397522
dir_B,V22_CORRECT_V21_WRONG,private,3087,0,Angry,True,True,2,False,-2.526379108428955,2,False,-1.66608464717865,0,True,1.3512604236602783,0,True,3.826021432876587,0.5963786840438843,0.5752268433570862
dir_B,V22_CORRECT_V21_WRONG,private,3094,6,Neutral,True,True,4,False,-2.644155502319336,4,False,-2.332273006439209,4,False,-0.4791131019592285,6,True,1.1865720748901367,0.5850083827972412,0.5197057723999023
dir_B,V22_CORRECT_V21_WRONG,private,3099,4,Sad,True,True,0,False,-1.1328850984573364,4,True,0.04083395004272461,4,True,2.651339530944824,4,True,2.96989369392395,0.5639457702636719,0.4795612394809723
dir_B,V22_CORRECT_V21_WRONG,private,3117,6,Neutral,True,True,4,False,-0.9477400779724121,4,False,-1.826636552810669,6,True,1.1130319833755493,6,True,0.6768758296966553,0.6171006560325623,0.7772272825241089
dir_B,V22_CORRECT_V21_WRONG,private,3129,2,Fear,True,True,4,False,-1.2130523920059204,2,True,1.2730052471160889,2,True,4.331453800201416,2,True,3.8732028007507324,0.5352271199226379,0.693210244178772
dir_B,V22_CORRECT_V21_WRONG,private,3141,0,Angry,True,True,2,False,-0.8413553237915039,2,False,-1.8445146083831787,0,True,2.225057363510132,0,True,2.0847086906433105,0.5958033800125122,0.4544903337955475
dir_B,V22_CORRECT_V21_WRONG,private,3150,4,Sad,True,True,6,False,-0.8773941993713379,4,True,0.2786085605621338,4,True,0.20745205879211426,4,True,0.7063665390014648,0.6805788278579712,0.6933029890060425
dir_B,V22_CORRECT_V21_WRONG,private,3160,5,Surprise,True,True,2,False,-4.481282711029053,2,False,-2.310333251953125,5,True,1.3891607522964478,5,True,1.268608570098877,0.6067149043083191,0.7285333275794983
dir_B,V22_CORRECT_V21_WRONG,private,3161,3,Happy,True,True,4,False,-3.216338872909546,4,False,-3.0036067962646484,3,True,1.7494356632232666,3,True,3.726957082748413,0.6798489689826965,0.04919341579079628
dir_B,V22_CORRECT_V21_WRONG,private,3170,5,Surprise,True,True,2,False,-1.0993528366088867,2,False,-0.7684628963470459,5,True,2.5474600791931152,5,True,1.7610328197479248,0.6755003929138184,0.8476278781890869
dir_B,V22_CORRECT_V21_WRONG,private,3178,6,Neutral,True,True,0,False,-1.3532458543777466,4,False,-1.1086034774780273,4,False,-2.020843267440796,4,False,-0.02385568618774414,0.5864509344100952,0.39160871505737305
dir_B,V22_CORRECT_V21_WRONG,private,3195,6,Neutral,True,True,2,False,-1.4402016401290894,2,False,-0.1823582649230957,0,False,-0.37574803829193115,6,True,1.6628234386444092,0.5154169797897339,0.5883681178092957
dir_B,V22_CORRECT_V21_WRONG,private,3198,4,Sad,True,True,6,False,-0.46157288551330566,4,True,0.6925640106201172,4,True,1.7169491052627563,4,True,2.8290863037109375,0.5437344312667847,0.7352468967437744
dir_B,V22_CORRECT_V21_WRONG,private,3217,4,Sad,True,True,3,False,-0.6123135089874268,3,False,-1.2462408542633057,4,True,3.4561123847961426,4,True,1.0538814067840576,0.47565293312072754,0.4793510437011719
dir_B,V22_CORRECT_V21_WRONG,private,3222,3,Happy,True,True,6,False,-1.978527545928955,6,False,-2.6206259727478027,3,True,2.125415325164795,3,True,0.49702930450439453,0.6891894340515137,0.7073384523391724
dir_B,V22_CORRECT_V21_WRONG,private,3232,5,Surprise,True,True,3,False,-2.942465305328369,3,False,-1.418327808380127,5,True,1.2299396991729736,5,True,1.6209992170333862,0.6357574462890625,0.47350630164146423
dir_B,V22_CORRECT_V21_WRONG,private,3234,6,Neutral,True,True,4,False,-0.9546205401420593,2,False,-1.0802392959594727,6,True,3.3401644229888916,6,True,3.0929226875305176,0.699093222618103,0.515019953250885
dir_B,V22_CORRECT_V21_WRONG,private,3237,6,Neutral,True,True,3,False,-0.669968843460083,6,True,0.603193998336792,6,True,2.746016502380371,6,True,2.7330236434936523,0.7158161401748657,0.7134951949119568
dir_B,V22_CORRECT_V21_WRONG,private,3274,0,Angry,True,True,3,False,-2.4686691761016846,3,False,-3.0897955894470215,0,True,3.0632219314575195,0,True,3.400261163711548,0.611640989780426,0.19730965793132782
dir_B,V22_CORRECT_V21_WRONG,private,3277,2,Fear,True,True,4,False,-0.3950209617614746,4,False,-0.9512873888015747,4,False,-2.7624001502990723,4,False,-1.6273869276046753,0.41905689239501953,0.6463850736618042
dir_B,V22_CORRECT_V21_WRONG,private,3306,3,Happy,True,True,2,False,-3.738720417022705,2,False,-0.8079138994216919,3,True,1.3201806545257568,3,True,0.44687366485595703,0.3856779932975769,0.28742411732673645
dir_B,V22_CORRECT_V21_WRONG,private,3356,2,Fear,True,True,4,False,-1.1704895496368408,4,False,-0.2581508159637451,4,False,-1.8908077478408813,2,True,1.281123399734497,0.5143630504608154,0.6960959434509277
dir_B,V22_CORRECT_V21_WRONG,private,3357,4,Sad,True,True,2,False,-0.5321511030197144,4,True,2.242732048034668,4,True,3.773439407348633,4,True,3.7399537563323975,0.4526762068271637,0.6252950429916382
dir_B,V22_CORRECT_V21_WRONG,private,3375,6,Neutral,True,True,4,False,-0.12241363525390625,4,False,-1.1200220584869385,6,True,2.432039260864258,6,True,2.675283908843994,0.7017068266868591,0.635827898979187
dir_B,V22_CORRECT_V21_WRONG,private,3376,6,Neutral,True,True,4,False,-1.1784336566925049,4,False,-0.16397464275360107,4,False,-0.5494418144226074,6,True,0.8816235065460205,0.6611593961715698,0.6238515973091125
dir_B,V22_CORRECT_V21_WRONG,private,3407,6,Neutral,True,True,4,False,-0.832950234413147,4,False,-1.2296322584152222,6,True,3.0748608112335205,6,True,3.754570960998535,0.6205432415008545,0.38535672426223755
dir_B,V22_CORRECT_V21_WRONG,private,3408,4,Sad,True,True,0,False,-1.480778455734253,4,True,1.68207848072052,4,True,1.6961225271224976,4,True,3.661149740219116,0.4606318175792694,0.4392874836921692
dir_B,V22_CORRECT_V21_WRONG,private,3418,0,Angry,True,True,6,False,-0.7019995450973511,6,False,-1.0500779151916504,0,True,0.10253334045410156,6,False,-0.33928585052490234,0.5835801362991333,0.7542632818222046
dir_B,V22_CORRECT_V21_WRONG,private,3430,6,Neutral,True,True,3,False,-0.8294410705566406,6,True,1.4419523477554321,6,True,1.3144073486328125,6,True,3.700124740600586,0.3501686453819275,0.5805960893630981
dir_B,V22_CORRECT_V21_WRONG,private,3440,5,Surprise,True,True,2,False,-1.256130337715149,2,False,-2.244990348815918,5,True,2.90590238571167,5,True,2.4894421100616455,0.6637818813323975,0.6539711356163025
dir_B,V22_CORRECT_V21_WRONG,private,3443,6,Neutral,True,True,4,False,-3.902855157852173,4,False,-3.568866729736328,6,True,2.7448344230651855,6,True,3.1349966526031494,0.7072148323059082,0.2654584050178528
dir_B,V22_CORRECT_V21_WRONG,private,3453,0,Angry,True,True,1,False,-2.351402759552002,2,False,-1.9836171865463257,2,False,-1.7703367471694946,0,True,2.964294910430908,0.37743866443634033,0.5527511835098267
dir_B,V22_CORRECT_V21_WRONG,private,3457,6,Neutral,True,True,0,False,-0.3768097162246704,6,True,0.6434144973754883,4,False,-0.3338942527770996,6,True,0.2822413444519043,0.6814277768135071,0.5053083896636963
dir_B,V22_CORRECT_V21_WRONG,private,3462,2,Fear,True,True,5,False,-0.22263550758361816,2,True,0.9286003112792969,2,True,4.095395088195801,2,True,3.518080234527588,0.5277121067047119,0.6853668689727783
dir_B,V22_CORRECT_V21_WRONG,private,3466,6,Neutral,True,True,2,False,-3.59067964553833,2,False,-1.5842012166976929,6,True,0.7066106796264648,6,True,0.864539384841919,0.4428406357765198,0.3545531630516052
dir_B,V22_CORRECT_V21_WRONG,private,3467,6,Neutral,True,True,4,False,-0.2810037136077881,4,False,-0.9609227180480957,6,True,3.747511625289917,6,True,3.933091878890991,0.6616550087928772,0.4708878993988037
dir_B,V22_CORRECT_V21_WRONG,private,3486,4,Sad,True,True,3,False,-0.28574609756469727,3,False,-0.12367415428161621,4,True,3.0712952613830566,4,True,3.2091917991638184,0.49515408277511597,0.25723105669021606
dir_B,V22_CORRECT_V21_WRONG,private,3512,0,Angry,True,True,6,False,-1.0373008251190186,6,False,-2.878065347671509,4,False,-0.23515784740447998,6,False,-1.1192597150802612,0.6051419973373413,0.7103754281997681
dir_B,V22_CORRECT_V21_WRONG,private,3522,0,Angry,True,True,4,False,-2.665677309036255,4,False,-2.214621067047119,4,False,-2.054354190826416,4,False,-1.6612212657928467,0.5249532461166382,0.7706485986709595
dir_B,V22_CORRECT_V21_WRONG,private,3533,5,Surprise,True,True,2,False,-1.713002324104309,2,False,-2.0917115211486816,2,False,-1.9292900562286377,5,True,1.230136513710022,0.4897361397743225,0.3833464980125427
dir_B,V22_CORRECT_V21_WRONG,private,3541,3,Happy,True,True,6,False,-3.4350104331970215,6,False,-1.5275781154632568,0,False,-0.2604691982269287,3,True,1.252874493598938,0.6067151427268982,0.25722572207450867
dir_B,V22_CORRECT_V21_WRONG,private,3550,2,Fear,True,True,6,False,-2.5696816444396973,2,True,1.0712096691131592,2,True,0.3598865270614624,2,True,1.0430582761764526,0.5557880401611328,0.6404543519020081
dir_B,V22_CORRECT_V21_WRONG,private,3555,4,Sad,True,True,6,False,-1.9851329326629639,6,False,-2.397747039794922,4,True,2.670768976211548,4,True,2.0098819732666016,0.6432638168334961,0.6258629560470581
dir_B,V22_CORRECT_V21_WRONG,private,3575,4,Sad,True,True,2,False,-2.358097791671753,2,False,-2.232133388519287,4,True,1.8193150758743286,4,True,2.1353769302368164,0.6237475872039795,0.3542475998401642
