group_id,sha256,split,row_index,label,class_name,group_size,is_cross_split,splits_in_group,labels_in_group,status_flag
1,5c5c81303a7f90d8ab905ac43a2239f3d84c5ff753560627ab6991b6b1992aab,train,30,3,Happy,2,False,train,Happy,EXACT_DUPLICATE_CONSISTENT_LABEL
1,5c5c81303a7f90d8ab905ac43a2239f3d84c5ff753560627ab6991b6b1992aab,train,19215,3,Happy,2,False,train,Happy,EXACT_DUPLICATE_CONSISTENT_LABEL
2,c131e0c07950607c6fc78d67162f8f67bb2ddbab2bbd650322fe5b3f30d7c1aa,train,38,0,Angry,2,False,train,Angry,EXACT_DUPLICATE_CONSISTENT_LABEL
2,c131e0c07950607c6fc78d67162f8f67bb2ddbab2bbd650322fe5b3f30d7c1aa,train,26123,0,Angry,2,False,train,Angry,EXACT_DUPLICATE_CONSISTENT_LABEL
3,da0edbdb6bb5a0414396fa4e2b662c72cbaad7d0087f7d4bc321e436043581c0,train,50,2,Fear,2,False,train,Fear,EXACT_DUPLICATE_CONSISTENT_LABEL
3,da0edbdb6bb5a0414396fa4e2b662c72cbaad7d0087f7d4bc321e436043581c0,train,6821,2,Fear,2,False,train,Fear,EXACT_DUPLICATE_CONSISTENT_LABEL
4,766982c9e533a17902a210231813341814ec18e0fd846e0351f110e89171cd76,train,62,3,Happy,2,False,train,Happy,EXACT_DUPLICATE_CONSISTENT_LABEL
4,766982c9e533a17902a210231813341814ec18e0fd846e0351f110e89171cd76,train,24142,3,Happy,2,False,train,Happy,EXACT_DUPLICATE_CONSISTENT_LABEL
5,8145faf1b405f0276e1ddd305439dd3a1b03c8dec186e205f8376002b771ef79,train,69,5,Surprise,2,False,train,Surprise,EXACT_DUPLICATE_CONSISTENT_LABEL
5,8145faf1b405f0276e1ddd305439dd3a1b03c8dec186e205f8376002b771ef79,train,15056,5,Surprise,2,False,train,Surprise,EXACT_DUPLICATE_CONSISTENT_LABEL
6,a13b63f345e24de32b9d8562f1d64c2c84dfcc410f5f4be8a5b7b8304eedf505,train,71,2,Fear,2,False,train,Fear,EXACT_DUPLICATE_CONSISTENT_LABEL
6,a13b63f345e24de32b9d8562f1d64c2c84dfcc410f5f4be8a5b7b8304eedf505,train,5406,2,Fear,2,False,train,Fear,EXACT_DUPLICATE_CONSISTENT_LABEL
7,2b443b470e7f91b8733cd4ce8281642268d810fb27a66d7e11e176904ab0712c,train,78,5,Surprise,2,True,private/train,Surprise,EXACT_DUPLICATE_CONSISTENT_LABEL
7,2b443b470e7f91b8733cd4ce8281642268d810fb27a66d7e11e176904ab0712c,private,106,5,Surprise,2,True,private/train,Surprise,EXACT_DUPLICATE_CONSISTENT_LABEL
8,d4639281709b96de3e465a168d0912212590e9ef8c16862b4fad443e5e6fbe3f,train,80,3,Happy,2,False,train,Happy,EXACT_DUPLICATE_CONSISTENT_LABEL
8,d4639281709b96de3e465a168d0912212590e9ef8c16862b4fad443e5e6fbe3f,train,18438,3,Happy,2,False,train,Happy,EXACT_DUPLICATE_CONSISTENT_LABEL
9,bcb23a2399892857779c0c39744da5a3cac87fde890ddc20f8d5ba8f10570b18,train,81,5,Surprise,2,True,public/train,Surprise,EXACT_DUPLICATE_CONSISTENT_LABEL
9,bcb23a2399892857779c0c39744da5a3cac87fde890ddc20f8d5ba8f10570b18,public,831,5,Surprise,2,True,public/train,Surprise,EXACT_DUPLICATE_CONSISTENT_LABEL
10,9fd494d907f443ff2b5e97e47d7f11854bb0ec6d1a6041e0765812b566c7d618,train,107,0,Angry,3,False,train,Angry,EXACT_DUPLICATE_CONSISTENT_LABEL
10,9fd494d907f443ff2b5e97e47d7f11854bb0ec6d1a6041e0765812b566c7d618,train,12262,0,Angry,3,False,train,Angry,EXACT_DUPLICATE_CONSISTENT_LABEL
10,9fd494d907f443ff2b5e97e47d7f11854bb0ec6d1a6041e0765812b566c7d618,train,15138,0,Angry,3,False,train,Angry,EXACT_DUPLICATE_CONSISTENT_LABEL
11,8f6abd5182f8a52e10f82596be34d8433375cf9c60f1c73be957d96d967a9717,train,109,3,Happy,2,False,train,Happy,EXACT_DUPLICATE_CONSISTENT_LABEL
11,8f6abd5182f8a52e10f82596be34d8433375cf9c60f1c73be957d96d967a9717,train,22585,3,Happy,2,False,train,Happy,EXACT_DUPLICATE_CONSISTENT_LABEL
12,f8e90efc0df30f4c9cd42a44e218350cee667255779def672cd1787d66c91918,train,120,0,Angry,4,True,private/train,Angry,EXACT_DUPLICATE_CONSISTENT_LABEL
12,f8e90efc0df30f4c9cd42a44e218350cee667255779def672cd1787d66c91918,train,5233,0,Angry,4,True,private/train,Angry,EXACT_DUPLICATE_CONSISTENT_LABEL
12,f8e90efc0df30f4c9cd42a44e218350cee667255779def672cd1787d66c91918,train,17860,0,Angry,4,True,private/train,Angry,EXACT_DUPLICATE_CONSISTENT_LABEL
12,f8e90efc0df30f4c9cd42a44e218350cee667255779def672cd1787d66c91918,private,1030,0,Angry,4,True,private/train,Angry,EXACT_DUPLICATE_CONSISTENT_LABEL
13,977ca7913df1ec11cb448b2dc5900f746bfcf1f19d5ce74764108a4b08994274,train,136,6,Neutral,2,False,train,Neutral,EXACT_DUPLICATE_CONSISTENT_LABEL
13,977ca7913df1ec11cb448b2dc5900f746bfcf1f19d5ce74764108a4b08994274,train,3312,6,Neutral,2,False,train,Neutral,EXACT_DUPLICATE_CONSISTENT_LABEL
14,8208a404b3d556825416de5c41fa9666754ca86da9ab0ca1e84c5861aa2b0a36,train,137,2,Fear,2,False,train,Fear,EXACT_DUPLICATE_CONSISTENT_LABEL
14,8208a404b3d556825416de5c41fa9666754ca86da9ab0ca1e84c5861aa2b0a36,train,10262,2,Fear,2,False,train,Fear,EXACT_DUPLICATE_CONSISTENT_LABEL
15,5bfb8d79aceba039814724ae6ba4f9774121d6396acf092a254e157f153cbe66,train,151,2,Fear,2,False,train,Fear,EXACT_DUPLICATE_CONSISTENT_LABEL
15,5bfb8d79aceba039814724ae6ba4f9774121d6396acf092a254e157f153cbe66,train,12654,2,Fear,2,False,train,Fear,EXACT_DUPLICATE_CONSISTENT_LABEL
16,07bf9353246651f0900b52bc0816efd5687ed426faaee1ae59763f80ce889f47,train,157,0,Angry,2,True,public/train,Angry/Disgust,EXACT_DUPLICATE_CONFLICTING_LABEL
16,07bf9353246651f0900b52bc0816efd5687ed426faaee1ae59763f80ce889f47,public,82,1,Disgust,2,True,public/train,Angry/Disgust,EXACT_DUPLICATE_CONFLICTING_LABEL
17,1c2b49d08901a9c6b3afbe1b92f9c2f24470a91b05cadd451697efbe4a693615,train,158,2,Fear,2,True,public/train,Fear,EXACT_DUPLICATE_CONSISTENT_LABEL
17,1c2b49d08901a9c6b3afbe1b92f9c2f24470a91b05cadd451697efbe4a693615,public,1160,2,Fear,2,True,public/train,Fear,EXACT_DUPLICATE_CONSISTENT_LABEL
18,b376408a703e4bf3dddc9478565ebbae2bf3c6a5a3b8ec13e4571617fcedcd46,train,161,2,Fear,2,False,train,Fear,EXACT_DUPLICATE_CONSISTENT_LABEL
18,b376408a703e4bf3dddc9478565ebbae2bf3c6a5a3b8ec13e4571617fcedcd46,train,25623,2,Fear,2,False,train,Fear,EXACT_DUPLICATE_CONSISTENT_LABEL
19,44ea05a248e588e98447fb880e17fb559c1c50c1a06e53e6f22ac66ea631a974,train,175,5,Surprise,3,False,train,Surprise,EXACT_DUPLICATE_CONSISTENT_LABEL
19,44ea05a248e588e98447fb880e17fb559c1c50c1a06e53e6f22ac66ea631a974,train,24046,5,Surprise,3,False,train,Surprise,EXACT_DUPLICATE_CONSISTENT_LABEL
19,44ea05a248e588e98447fb880e17fb559c1c50c1a06e53e6f22ac66ea631a974,train,27081,5,Surprise,3,False,train,Surprise,EXACT_DUPLICATE_CONSISTENT_LABEL
20,f3b10d48d131c8420af583997ad83f8a690a3102c260949dd765216649ba78e8,train,178,5,Surprise,2,True,public/train,Surprise,EXACT_DUPLICATE_CONSISTENT_LABEL
20,f3b10d48d131c8420af583997ad83f8a690a3102c260949dd765216649ba78e8,public,1679,5,Surprise,2,True,public/train,Surprise,EXACT_DUPLICATE_CONSISTENT_LABEL
21,c8a203db3d3ff9a9bc5a572867fb661a58eb44a5482cda6125091568513631ba,train,193,5,Surprise,2,False,train,Surprise,EXACT_DUPLICATE_CONSISTENT_LABEL
21,c8a203db3d3ff9a9bc5a572867fb661a58eb44a5482cda6125091568513631ba,train,6567,5,Surprise,2,False,train,Surprise,EXACT_DUPLICATE_CONSISTENT_LABEL
22,283340b41d47862fcd7c3f600974234e4aee3451ad227b1ff47a7112e5364fcf,train,194,5,Surprise,2,False,train,Surprise,EXACT_DUPLICATE_CONSISTENT_LABEL
22,283340b41d47862fcd7c3f600974234e4aee3451ad227b1ff47a7112e5364fcf,train,5003,5,Surprise,2,False,train,Surprise,EXACT_DUPLICATE_CONSISTENT_LABEL
23,0ddf11363af49363dcd4a2ef2e50dc27485485969805351d217288af6e3efd4e,train,198,6,Neutral,2,False,train,Neutral,EXACT_DUPLICATE_CONSISTENT_LABEL
23,0ddf11363af49363dcd4a2ef2e50dc27485485969805351d217288af6e3efd4e,train,14676,6,Neutral,2,False,train,Neutral,EXACT_DUPLICATE_CONSISTENT_LABEL
24,124d252b98af00c716e41e9254e8d34c9d7d13f6b975ad628efe7d156e089940,train,199,5,Surprise,3,False,train,Surprise,EXACT_DUPLICATE_CONSISTENT_LABEL
24,124d252b98af00c716e41e9254e8d34c9d7d13f6b975ad628efe7d156e089940,train,6384,5,Surprise,3,False,train,Surprise,EXACT_DUPLICATE_CONSISTENT_LABEL
24,124d252b98af00c716e41e9254e8d34c9d7d13f6b975ad628efe7d156e089940,train,17322,5,Surprise,3,False,train,Surprise,EXACT_DUPLICATE_CONSISTENT_LABEL
25,7a4dbcef248ae7f52fc379082f70364754403e3e2ba910ed353784cd9426bd0c,train,208,5,Surprise,2,False,train,Surprise,EXACT_DUPLICATE_CONSISTENT_LABEL
25,7a4dbcef248ae7f52fc379082f70364754403e3e2ba910ed353784cd9426bd0c,train,26483,5,Surprise,2,False,train,Surprise,EXACT_DUPLICATE_CONSISTENT_LABEL
26,7d4512bd2192154914f60bc8adeb05cffd54ac354c3e182f046a8d1ee383c5b7,train,209,5,Surprise,2,True,private/train,Surprise,EXACT_DUPLICATE_CONSISTENT_LABEL
26,7d4512bd2192154914f60bc8adeb05cffd54ac354c3e182f046a8d1ee383c5b7,private,2160,5,Surprise,2,True,private/train,Surprise,EXACT_DUPLICATE_CONSISTENT_LABEL
27,848855c4691eaee2ef896f0ce3c6f25c775e80168906b2e8ea330cf3019e6048,train,218,3,Happy,2,False,train,Happy,EXACT_DUPLICATE_CONSISTENT_LABEL
27,848855c4691eaee2ef896f0ce3c6f25c775e80168906b2e8ea330cf3019e6048,train,25691,3,Happy,2,False,train,Happy,EXACT_DUPLICATE_CONSISTENT_LABEL
28,fa68eb26ac4eb23a1f192e0b542965500a86d4b5dde1b5eba371a64e0cb6ff63,train,229,0,Angry,2,True,public/train,Angry,EXACT_DUPLICATE_CONSISTENT_LABEL
28,fa68eb26ac4eb23a1f192e0b542965500a86d4b5dde1b5eba371a64e0cb6ff63,public,1550,0,Angry,2,True,public/train,Angry,EXACT_DUPLICATE_CONSISTENT_LABEL
29,23d50a085b6b8b52ffc2a0b736717c4220f05422b9e75366ca1b0e306920b2de,train,233,0,Angry,2,False,train,Angry,EXACT_DUPLICATE_CONSISTENT_LABEL
29,23d50a085b6b8b52ffc2a0b736717c4220f05422b9e75366ca1b0e306920b2de,train,10002,0,Angry,2,False,train,Angry,EXACT_DUPLICATE_CONSISTENT_LABEL
30,0034bd296defc91fe8bf1a0d0c02f566003ae5087625fb60665144fa6755c1bb,train,237,5,Surprise,2,False,train,Surprise,EXACT_DUPLICATE_CONSISTENT_LABEL
30,0034bd296defc91fe8bf1a0d0c02f566003ae5087625fb60665144fa6755c1bb,train,20084,5,Surprise,2,False,train,Surprise,EXACT_DUPLICATE_CONSISTENT_LABEL
31,6d9be468fa6ff4006e872ac19dd2d094f75da9ada6b4e532eb7c57aab8682529,train,251,0,Angry,2,True,public/train,Angry/Sad,EXACT_DUPLICATE_CONFLICTING_LABEL
31,6d9be468fa6ff4006e872ac19dd2d094f75da9ada6b4e532eb7c57aab8682529,public,3555,4,Sad,2,True,public/train,Angry/Sad,EXACT_DUPLICATE_CONFLICTING_LABEL
32,ed76612806e3c6ae305a1a4dfca20771f788dc15cfb82a6539a52b946e33a254,train,269,5,Surprise,2,False,train,Surprise,EXACT_DUPLICATE_CONSISTENT_LABEL
32,ed76612806e3c6ae305a1a4dfca20771f788dc15cfb82a6539a52b946e33a254,train,26674,5,Surprise,2,False,train,Surprise,EXACT_DUPLICATE_CONSISTENT_LABEL
33,00c732bdd0508368b448ede66fbef010c1e2da9be500504a9fcd24fa6cfd7315,train,270,2,Fear,2,False,train,Fear,EXACT_DUPLICATE_CONSISTENT_LABEL
33,00c732bdd0508368b448ede66fbef010c1e2da9be500504a9fcd24fa6cfd7315,train,9148,2,Fear,2,False,train,Fear,EXACT_DUPLICATE_CONSISTENT_LABEL
34,9d1737c9cbcdb81cb4cfcf6d98babcf65061f961dcd200733c3481bb3ad8a359,train,271,2,Fear,2,False,train,Fear,EXACT_DUPLICATE_CONSISTENT_LABEL
34,9d1737c9cbcdb81cb4cfcf6d98babcf65061f961dcd200733c3481bb3ad8a359,train,1471,2,Fear,2,False,train,Fear,EXACT_DUPLICATE_CONSISTENT_LABEL
35,172af6a0622c1070be14070c8aa60cb6fc96ffcdeaaf81d7f69effdc698d19e8,train,276,5,Surprise,2,False,train,Surprise,EXACT_DUPLICATE_CONSISTENT_LABEL
35,172af6a0622c1070be14070c8aa60cb6fc96ffcdeaaf81d7f69effdc698d19e8,train,18262,5,Surprise,2,False,train,Surprise,EXACT_DUPLICATE_CONSISTENT_LABEL
36,5ee3dff9972d083d1581acd3418029e696ee3437740468232ac3473cd9ea2df9,train,279,5,Surprise,5,True,private/public/train,Surprise,EXACT_DUPLICATE_CONSISTENT_LABEL
36,5ee3dff9972d083d1581acd3418029e696ee3437740468232ac3473cd9ea2df9,train,8143,5,Surprise,5,True,private/public/train,Surprise,EXACT_DUPLICATE_CONSISTENT_LABEL
36,5ee3dff9972d083d1581acd3418029e696ee3437740468232ac3473cd9ea2df9,train,26487,5,Surprise,5,True,private/public/train,Surprise,EXACT_DUPLICATE_CONSISTENT_LABEL
36,5ee3dff9972d083d1581acd3418029e696ee3437740468232ac3473cd9ea2df9,public,2639,5,Surprise,5,True,private/public/train,Surprise,EXACT_DUPLICATE_CONSISTENT_LABEL
36,5ee3dff9972d083d1581acd3418029e696ee3437740468232ac3473cd9ea2df9,private,744,5,Surprise,5,True,private/public/train,Surprise,EXACT_DUPLICATE_CONSISTENT_LABEL
37,476168baa0cc38e16aecf43196cf02b10d5710b67844e6f24b079b9859f62dff,train,304,5,Surprise,2,False,train,Surprise,EXACT_DUPLICATE_CONSISTENT_LABEL
37,476168baa0cc38e16aecf43196cf02b10d5710b67844e6f24b079b9859f62dff,train,675,5,Surprise,2,False,train,Surprise,EXACT_DUPLICATE_CONSISTENT_LABEL
38,98da6c1304c1636fa86a558efdcb96be1a6bfbaa01cb95d84431020cac6ccb51,train,316,5,Surprise,2,False,train,Surprise,EXACT_DUPLICATE_CONSISTENT_LABEL
38,98da6c1304c1636fa86a558efdcb96be1a6bfbaa01cb95d84431020cac6ccb51,train,10491,5,Surprise,2,False,train,Surprise,EXACT_DUPLICATE_CONSISTENT_LABEL
39,dc3ffce23932bc1c82c4bf111102bfc76a04678348a3f3c85f3353826fdf65d2,train,322,5,Surprise,2,True,private/train,Surprise,EXACT_DUPLICATE_CONSISTENT_LABEL
39,dc3ffce23932bc1c82c4bf111102bfc76a04678348a3f3c85f3353826fdf65d2,private,1816,5,Surprise,2,True,private/train,Surprise,EXACT_DUPLICATE_CONSISTENT_LABEL
40,fcd44571db68c91dd55d0d3aa2382a050bf104cac4a172423a3205bb692b690e,train,328,5,Surprise,2,False,train,Surprise,EXACT_DUPLICATE_CONSISTENT_LABEL
40,fcd44571db68c91dd55d0d3aa2382a050bf104cac4a172423a3205bb692b690e,train,19498,5,Surprise,2,False,train,Surprise,EXACT_DUPLICATE_CONSISTENT_LABEL
41,f23e05248b6d4498f0f74d8f756b305d872507ce032750155028ff449cfdfe2e,train,329,5,Surprise,2,True,public/train,Surprise,EXACT_DUPLICATE_CONSISTENT_LABEL
41,f23e05248b6d4498f0f74d8f756b305d872507ce032750155028ff449cfdfe2e,public,3461,5,Surprise,2,True,public/train,Surprise,EXACT_DUPLICATE_CONSISTENT_LABEL
42,7fba724c4e626b13bf298a6db2dcd03bb410e2582a9eede4d3ef6088a11060ed,train,332,5,Surprise,3,False,train,Surprise,EXACT_DUPLICATE_CONSISTENT_LABEL
42,7fba724c4e626b13bf298a6db2dcd03bb410e2582a9eede4d3ef6088a11060ed,train,1289,5,Surprise,3,False,train,Surprise,EXACT_DUPLICATE_CONSISTENT_LABEL
42,7fba724c4e626b13bf298a6db2dcd03bb410e2582a9eede4d3ef6088a11060ed,train,1824,5,Surprise,3,False,train,Surprise,EXACT_DUPLICATE_CONSISTENT_LABEL
43,6df3f93bc99cd371dd4860a6d692ac130c8560f1073e55fb8be301279fd0ff53,train,357,5,Surprise,2,False,train,Surprise,EXACT_DUPLICATE_CONSISTENT_LABEL
43,6df3f93bc99cd371dd4860a6d692ac130c8560f1073e55fb8be301279fd0ff53,train,6670,5,Surprise,2,False,train,Surprise,EXACT_DUPLICATE_CONSISTENT_LABEL
44,d559421467301e058ef6ccd698f92367f54b1132d207ba10919c7cd63f9bde13,train,362,5,Surprise,2,True,private/train,Surprise,EXACT_DUPLICATE_CONSISTENT_LABEL
44,d559421467301e058ef6ccd698f92367f54b1132d207ba10919c7cd63f9bde13,private,1333,5,Surprise,2,True,private/train,Surprise,EXACT_DUPLICATE_CONSISTENT_LABEL
45,608c22b21d8702a57b013fde724cf3d47b46f90ed45caf8e14ef41687bca3054,train,366,3,Happy,2,False,train,Happy,EXACT_DUPLICATE_CONSISTENT_LABEL
45,608c22b21d8702a57b013fde724cf3d47b46f90ed45caf8e14ef41687bca3054,train,21178,3,Happy,2,False,train,Happy,EXACT_DUPLICATE_CONSISTENT_LABEL
46,d9b5aeb79f37eb695b2551b305f1692fc9e71888de58315308b762f854bbdccd,train,369,0,Angry,2,False,train,Angry,EXACT_DUPLICATE_CONSISTENT_LABEL
46,d9b5aeb79f37eb695b2551b305f1692fc9e71888de58315308b762f854bbdccd,train,10544,0,Angry,2,False,train,Angry,EXACT_DUPLICATE_CONSISTENT_LABEL
47,4dac9311cbc18a17ff9b28816bae2c470fa54baa3f9e785a4d51ba92dc810a8c,train,387,0,Angry,2,False,train,Angry,EXACT_DUPLICATE_CONSISTENT_LABEL
47,4dac9311cbc18a17ff9b28816bae2c470fa54baa3f9e785a4d51ba92dc810a8c,train,2103,0,Angry,2,False,train,Angry,EXACT_DUPLICATE_CONSISTENT_LABEL
48,00178ce0f5df0ce1f2996898f374c351d1484e286c8b01870cae938cbcdae45b,train,392,5,Surprise,3,True,public/train,Surprise,EXACT_DUPLICATE_CONSISTENT_LABEL
48,00178ce0f5df0ce1f2996898f374c351d1484e286c8b01870cae938cbcdae45b,train,6966,5,Surprise,3,True,public/train,Surprise,EXACT_DUPLICATE_CONSISTENT_LABEL
48,00178ce0f5df0ce1f2996898f374c351d1484e286c8b01870cae938cbcdae45b,public,2016,5,Surprise,3,True,public/train,Surprise,EXACT_DUPLICATE_CONSISTENT_LABEL
49,44d97329c8f7520708bbc49fe37186cab0bb1d341357539f3299b5a0bad2870c,train,400,4,Sad,2,False,train,Sad,EXACT_DUPLICATE_CONSISTENT_LABEL
49,44d97329c8f7520708bbc49fe37186cab0bb1d341357539f3299b5a0bad2870c,train,20443,4,Sad,2,False,train,Sad,EXACT_DUPLICATE_CONSISTENT_LABEL
50,1c35068ed71ed7b7c248f9c5b09ef13a364353de2a8d8a224c2b1dc32b649948,train,411,5,Surprise,2,False,train,Surprise,EXACT_DUPLICATE_CONSISTENT_LABEL
50,1c35068ed71ed7b7c248f9c5b09ef13a364353de2a8d8a224c2b1dc32b649948,train,27264,5,Surprise,2,False,train,Surprise,EXACT_DUPLICATE_CONSISTENT_LABEL
51,11b926bb44cfed58dc4cfaacfd3da2ab5f71923d98f98b3659af648713bfea5b,train,414,2,Fear,2,False,train,Fear,EXACT_DUPLICATE_CONSISTENT_LABEL
51,11b926bb44cfed58dc4cfaacfd3da2ab5f71923d98f98b3659af648713bfea5b,train,8209,2,Fear,2,False,train,Fear,EXACT_DUPLICATE_CONSISTENT_LABEL
52,d54bd5741e29b195f2bcc3700836797832bd9e567f160cfa8b46b9851d52eef7,train,422,4,Sad,2,True,private/train,Sad,EXACT_DUPLICATE_CONSISTENT_LABEL
52,d54bd5741e29b195f2bcc3700836797832bd9e567f160cfa8b46b9851d52eef7,private,3275,4,Sad,2,True,private/train,Sad,EXACT_DUPLICATE_CONSISTENT_LABEL
53,21ef2e3d1d0e4e2def74bb25c6a268ed369081a98f19c499571a435038f32008,train,428,2,Fear,2,False,train,Fear,EXACT_DUPLICATE_CONSISTENT_LABEL
53,21ef2e3d1d0e4e2def74bb25c6a268ed369081a98f19c499571a435038f32008,train,2592,2,Fear,2,False,train,Fear,EXACT_DUPLICATE_CONSISTENT_LABEL
54,4a90549c649859541736634643953d714e76f3208ba9574eddd89f7c7c19601a,train,430,4,Sad,2,False,train,Sad,EXACT_DUPLICATE_CONSISTENT_LABEL
54,4a90549c649859541736634643953d714e76f3208ba9574eddd89f7c7c19601a,train,2077,4,Sad,2,False,train,Sad,EXACT_DUPLICATE_CONSISTENT_LABEL
55,eb7dbc8703f5a7f0d2c9418da9b15e82b50e4d95420d77e84fec07c775d4cbfb,train,443,5,Surprise,2,False,train,Surprise,EXACT_DUPLICATE_CONSISTENT_LABEL
55,eb7dbc8703f5a7f0d2c9418da9b15e82b50e4d95420d77e84fec07c775d4cbfb,train,3961,5,Surprise,2,False,train,Surprise,EXACT_DUPLICATE_CONSISTENT_LABEL
56,3e5eefc0338c45d676be9b19d8687ff64d7617a943a701e0d3295a4c89129dd3,train,454,2,Fear,4,False,train,Fear,EXACT_DUPLICATE_CONSISTENT_LABEL
56,3e5eefc0338c45d676be9b19d8687ff64d7617a943a701e0d3295a4c89129dd3,train,9062,2,Fear,4,False,train,Fear,EXACT_DUPLICATE_CONSISTENT_LABEL
56,3e5eefc0338c45d676be9b19d8687ff64d7617a943a701e0d3295a4c89129dd3,train,25590,2,Fear,4,False,train,Fear,EXACT_DUPLICATE_CONSISTENT_LABEL
56,3e5eefc0338c45d676be9b19d8687ff64d7617a943a701e0d3295a4c89129dd3,train,26417,2,Fear,4,False,train,Fear,EXACT_DUPLICATE_CONSISTENT_LABEL
57,e21215c16ea8b283a803b1e8489e87d6cf455d2c996f99ac6a92132b8a44c1cd,train,457,4,Sad,2,False,train,Sad,EXACT_DUPLICATE_CONSISTENT_LABEL
57,e21215c16ea8b283a803b1e8489e87d6cf455d2c996f99ac6a92132b8a44c1cd,train,9393,4,Sad,2,False,train,Sad,EXACT_DUPLICATE_CONSISTENT_LABEL
58,7721bb4cd5cb1a847d7bd4a0f61b44f5fa5dea2a428d81d1c5380b90cf4dff78,train,458,3,Happy,2,True,private/train,Happy,EXACT_DUPLICATE_CONSISTENT_LABEL
58,7721bb4cd5cb1a847d7bd4a0f61b44f5fa5dea2a428d81d1c5380b90cf4dff78,private,3006,3,Happy,2,True,private/train,Happy,EXACT_DUPLICATE_CONSISTENT_LABEL
59,f6a0e3bcebb4b53a7ee52a9ad8c8a02dcdcaf262c2beeba7d07e882675e37cea,train,461,6,Neutral,2,False,train,Neutral,EXACT_DUPLICATE_CONSISTENT_LABEL
59,f6a0e3bcebb4b53a7ee52a9ad8c8a02dcdcaf262c2beeba7d07e882675e37cea,train,24134,6,Neutral,2,False,train,Neutral,EXACT_DUPLICATE_CONSISTENT_LABEL
60,a4e7624b31c539b04884105aa610772a58a52cd834f12593bb7bebaf9df60312,train,474,2,Fear,2,True,private/train,Angry/Fear,EXACT_DUPLICATE_CONFLICTING_LABEL
60,a4e7624b31c539b04884105aa610772a58a52cd834f12593bb7bebaf9df60312,private,3454,0,Angry,2,True,private/train,Angry/Fear,EXACT_DUPLICATE_CONFLICTING_LABEL
61,312d2f6711d1380f6c3efa95144543919e6d3917d2c978ba182164a230c7c1ae,train,482,6,Neutral,2,False,train,Neutral,EXACT_DUPLICATE_CONSISTENT_LABEL
61,312d2f6711d1380f6c3efa95144543919e6d3917d2c978ba182164a230c7c1ae,train,26237,6,Neutral,2,False,train,Neutral,EXACT_DUPLICATE_CONSISTENT_LABEL
62,9c725b53f67f87a66c05987c9494175c7d0d80e8be3ec6d44691919c599724b5,train,494,5,Surprise,2,False,train,Surprise,EXACT_DUPLICATE_CONSISTENT_LABEL
62,9c725b53f67f87a66c05987c9494175c7d0d80e8be3ec6d44691919c599724b5,train,12052,5,Surprise,2,False,train,Surprise,EXACT_DUPLICATE_CONSISTENT_LABEL
63,91de38cde6b9bd823a5c82768de857937281e8049f9dd4209507916d02c97015,train,497,5,Surprise,2,True,private/train,Surprise,EXACT_DUPLICATE_CONSISTENT_LABEL
63,91de38cde6b9bd823a5c82768de857937281e8049f9dd4209507916d02c97015,private,2625,5,Surprise,2,True,private/train,Surprise,EXACT_DUPLICATE_CONSISTENT_LABEL
64,6a8c05af64f6815c99a1f80e31a18b4ca46fdf2a36b1e134664d3d7456220602,train,503,6,Neutral,2,False,train,Neutral,EXACT_DUPLICATE_CONSISTENT_LABEL
64,6a8c05af64f6815c99a1f80e31a18b4ca46fdf2a36b1e134664d3d7456220602,train,10706,6,Neutral,2,False,train,Neutral,EXACT_DUPLICATE_CONSISTENT_LABEL
65,f3a52ce9502dd3699d558df2e93cbf0af490a55eb55cd462900cefcff000ccf8,train,507,2,Fear,2,False,train,Fear,EXACT_DUPLICATE_CONSISTENT_LABEL
65,f3a52ce9502dd3699d558df2e93cbf0af490a55eb55cd462900cefcff000ccf8,train,8015,2,Fear,2,False,train,Fear,EXACT_DUPLICATE_CONSISTENT_LABEL
66,02d3dce747f935d184dac808c3be052bed8911b5fd29d69e4d6962ddf88fd292,train,523,5,Surprise,2,False,train,Surprise,EXACT_DUPLICATE_CONSISTENT_LABEL
66,02d3dce747f935d184dac808c3be052bed8911b5fd29d69e4d6962ddf88fd292,train,22518,5,Surprise,2,False,train,Surprise,EXACT_DUPLICATE_CONSISTENT_LABEL
67,1bde7c238271394b0df4042c95c4380a9296d95c006f37e8f05d4d6704b4c5b9,train,554,5,Surprise,2,False,train,Surprise,EXACT_DUPLICATE_CONSISTENT_LABEL
67,1bde7c238271394b0df4042c95c4380a9296d95c006f37e8f05d4d6704b4c5b9,train,18742,5,Surprise,2,False,train,Surprise,EXACT_DUPLICATE_CONSISTENT_LABEL
68,21b7e8a4481e96201e505884f19755828c8f866d2490a3c2847abfb70bae6590,train,573,1,Disgust,2,True,public/train,Disgust,EXACT_DUPLICATE_CONSISTENT_LABEL
68,21b7e8a4481e96201e505884f19755828c8f866d2490a3c2847abfb70bae6590,public,244,1,Disgust,2,True,public/train,Disgust,EXACT_DUPLICATE_CONSISTENT_LABEL
69,cd90d3b4c972db8cf7ccbe9b8a4501081f18ae8b180b088d7f9568fff14a8217,train,592,6,Neutral,2,False,train,Neutral,EXACT_DUPLICATE_CONSISTENT_LABEL
69,cd90d3b4c972db8cf7ccbe9b8a4501081f18ae8b180b088d7f9568fff14a8217,train,23045,6,Neutral,2,False,train,Neutral,EXACT_DUPLICATE_CONSISTENT_LABEL
70,94ed9cdeacbe1bdce554e160a7a4c369442a5f907ea7d4f745833647d3c1a6f6,train,595,5,Surprise,2,True,private/train,Surprise,EXACT_DUPLICATE_CONSISTENT_LABEL
70,94ed9cdeacbe1bdce554e160a7a4c369442a5f907ea7d4f745833647d3c1a6f6,private,451,5,Surprise,2,True,private/train,Surprise,EXACT_DUPLICATE_CONSISTENT_LABEL
71,9918e45d6433be9f6200a19a9b7553d6ea2baa126d66aa457ed6c903e5963270,train,599,2,Fear,2,False,train,Fear,EXACT_DUPLICATE_CONSISTENT_LABEL
71,9918e45d6433be9f6200a19a9b7553d6ea2baa126d66aa457ed6c903e5963270,train,10695,2,Fear,2,False,train,Fear,EXACT_DUPLICATE_CONSISTENT_LABEL
72,01fef43271cca215f85e0abcb0a9d5c1cf1767827c181d52a16d49c680945cc4,train,605,6,Neutral,2,False,train,Neutral,EXACT_DUPLICATE_CONSISTENT_LABEL
72,01fef43271cca215f85e0abcb0a9d5c1cf1767827c181d52a16d49c680945cc4,train,11123,6,Neutral,2,False,train,Neutral,EXACT_DUPLICATE_CONSISTENT_LABEL
73,45d94dd19f5767f2030568884f017818d7e114854f48d7e4bd801dfb97051364,train,635,3,Happy,2,False,train,Happy,EXACT_DUPLICATE_CONSISTENT_LABEL
73,45d94dd19f5767f2030568884f017818d7e114854f48d7e4bd801dfb97051364,train,24906,3,Happy,2,False,train,Happy,EXACT_DUPLICATE_CONSISTENT_LABEL
74,36cad878857d81a8a923c83ee3f8c2765d222858ca1171a8144aaeabc0779c87,train,663,2,Fear,4,True,private/train,Fear,EXACT_DUPLICATE_CONSISTENT_LABEL
74,36cad878857d81a8a923c83ee3f8c2765d222858ca1171a8144aaeabc0779c87,train,5240,2,Fear,4,True,private/train,Fear,EXACT_DUPLICATE_CONSISTENT_LABEL
74,36cad878857d81a8a923c83ee3f8c2765d222858ca1171a8144aaeabc0779c87,train,15178,2,Fear,4,True,private/train,Fear,EXACT_DUPLICATE_CONSISTENT_LABEL
74,36cad878857d81a8a923c83ee3f8c2765d222858ca1171a8144aaeabc0779c87,private,1273,2,Fear,4,True,private/train,Fear,EXACT_DUPLICATE_CONSISTENT_LABEL
75,2f6d6a9bfb4aab74e016bd01d66b32868e83e5053f7e557d2428573ce2a7b12b,train,680,4,Sad,2,False,train,Sad,EXACT_DUPLICATE_CONSISTENT_LABEL
75,2f6d6a9bfb4aab74e016bd01d66b32868e83e5053f7e557d2428573ce2a7b12b,train,6856,4,Sad,2,False,train,Sad,EXACT_DUPLICATE_CONSISTENT_LABEL
76,e53e10b57be2f12b35d54f815c08759cfa8c04f376da37ed03b72722173fee65,train,708,5,Surprise,2,False,train,Surprise,EXACT_DUPLICATE_CONSISTENT_LABEL
76,e53e10b57be2f12b35d54f815c08759cfa8c04f376da37ed03b72722173fee65,train,21890,5,Surprise,2,False,train,Surprise,EXACT_DUPLICATE_CONSISTENT_LABEL
77,9baa204e6bc041cb738ebd3f690b51f416db3b65148923eab7935d57ba7e1751,train,710,2,Fear,2,False,train,Fear,EXACT_DUPLICATE_CONSISTENT_LABEL
77,9baa204e6bc041cb738ebd3f690b51f416db3b65148923eab7935d57ba7e1751,train,5372,2,Fear,2,False,train,Fear,EXACT_DUPLICATE_CONSISTENT_LABEL
78,1679a7862bede72acdbac97b656ccf890023cc538dadc6814acfd84d875e416f,train,711,4,Sad,2,False,train,Sad,EXACT_DUPLICATE_CONSISTENT_LABEL
78,1679a7862bede72acdbac97b656ccf890023cc538dadc6814acfd84d875e416f,train,16602,4,Sad,2,False,train,Sad,EXACT_DUPLICATE_CONSISTENT_LABEL
79,45c7d9bf33616c00a9f65d16e07deb2d90d72ec9e305b7a54ce44012308b3d20,train,712,2,Fear,2,False,train,Fear,EXACT_DUPLICATE_CONSISTENT_LABEL
79,45c7d9bf33616c00a9f65d16e07deb2d90d72ec9e305b7a54ce44012308b3d20,train,718,2,Fear,2,False,train,Fear,EXACT_DUPLICATE_CONSISTENT_LABEL
80,ec69ae7340c92f63dc82f4529ce189bfc1890fc2b682b9567223a181e6c38a85,train,713,3,Happy,2,True,public/train,Happy,EXACT_DUPLICATE_CONSISTENT_LABEL
80,ec69ae7340c92f63dc82f4529ce189bfc1890fc2b682b9567223a181e6c38a85,public,2805,3,Happy,2,True,public/train,Happy,EXACT_DUPLICATE_CONSISTENT_LABEL
81,e034390a8fbbfa4c9843c7de3fbcc1584f2d977d2c1a818e166373349c34d09c,train,719,5,Surprise,2,True,public/train,Surprise,EXACT_DUPLICATE_CONSISTENT_LABEL
81,e034390a8fbbfa4c9843c7de3fbcc1584f2d977d2c1a818e166373349c34d09c,public,1362,5,Surprise,2,True,public/train,Surprise,EXACT_DUPLICATE_CONSISTENT_LABEL
82,7e3a364564f9b5b2eada4d81ea5a587165c0f76cecbca69c95c69f81878a996a,train,734,3,Happy,2,False,train,Happy,EXACT_DUPLICATE_CONSISTENT_LABEL
82,7e3a364564f9b5b2eada4d81ea5a587165c0f76cecbca69c95c69f81878a996a,train,22290,3,Happy,2,False,train,Happy,EXACT_DUPLICATE_CONSISTENT_LABEL
83,f40f34cc3bff2adc5a970154bc3211fb21e55683cc4b8724f21bbf2db0e970cf,train,736,3,Happy,2,False,train,Happy,EXACT_DUPLICATE_CONSISTENT_LABEL
83,f40f34cc3bff2adc5a970154bc3211fb21e55683cc4b8724f21bbf2db0e970cf,train,15621,3,Happy,2,False,train,Happy,EXACT_DUPLICATE_CONSISTENT_LABEL
84,894b34dfeb49618ab510398c9105e94e225f301642d3bf6f7bccb797bbcb4e3e,train,746,2,Fear,2,False,train,Fear,EXACT_DUPLICATE_CONSISTENT_LABEL
84,894b34dfeb49618ab510398c9105e94e225f301642d3bf6f7bccb797bbcb4e3e,train,26229,2,Fear,2,False,train,Fear,EXACT_DUPLICATE_CONSISTENT_LABEL
85,2e76cbb0ea68556c22b666e7e620b80c4183519efa54ed64fff90e21a45c193a,train,747,6,Neutral,2,False,train,Neutral,EXACT_DUPLICATE_CONSISTENT_LABEL
85,2e76cbb0ea68556c22b666e7e620b80c4183519efa54ed64fff90e21a45c193a,train,2145,6,Neutral,2,False,train,Neutral,EXACT_DUPLICATE_CONSISTENT_LABEL
86,dcc1faf8060d0425bca2116569d392fd3f4c0d06a09b93629a614fbf78f2abfd,train,751,5,Surprise,2,False,train,Surprise,EXACT_DUPLICATE_CONSISTENT_LABEL
86,dcc1faf8060d0425bca2116569d392fd3f4c0d06a09b93629a614fbf78f2abfd,train,18814,5,Surprise,2,False,train,Surprise,EXACT_DUPLICATE_CONSISTENT_LABEL
87,bdf700c2ce509fbd5e18c828992d6ee92cdfff74e815bc652c7043f89b8893d0,train,788,5,Surprise,2,False,train,Surprise,EXACT_DUPLICATE_CONSISTENT_LABEL
87,bdf700c2ce509fbd5e18c828992d6ee92cdfff74e815bc652c7043f89b8893d0,train,27631,5,Surprise,2,False,train,Surprise,EXACT_DUPLICATE_CONSISTENT_LABEL
88,cdd4e944961b7497087a94fbeed8edd0362da8fd17109b75484e07d6c77b2346,train,789,5,Surprise,2,False,train,Surprise,EXACT_DUPLICATE_CONSISTENT_LABEL
88,cdd4e944961b7497087a94fbeed8edd0362da8fd17109b75484e07d6c77b2346,train,5456,5,Surprise,2,False,train,Surprise,EXACT_DUPLICATE_CONSISTENT_LABEL
89,782e55de6b90a6128eccf0dfe7a24f1275feef191257fee5f7835a1534a2afe4,train,798,4,Sad,2,False,train,Sad,EXACT_DUPLICATE_CONSISTENT_LABEL
89,782e55de6b90a6128eccf0dfe7a24f1275feef191257fee5f7835a1534a2afe4,train,25608,4,Sad,2,False,train,Sad,EXACT_DUPLICATE_CONSISTENT_LABEL
90,1afa08fc3c6285802bbfed66a75847c192b62e5ad2defea7fc43bd3760795b24,train,801,6,Neutral,2,False,train,Neutral,EXACT_DUPLICATE_CONSISTENT_LABEL
90,1afa08fc3c6285802bbfed66a75847c192b62e5ad2defea7fc43bd3760795b24,train,18145,6,Neutral,2,False,train,Neutral,EXACT_DUPLICATE_CONSISTENT_LABEL
91,5f817e53fd65724cf4dc8f8ce71e6a7eef8ee855e5e1fb7cf17acf40b7a5bdd9,train,814,5,Surprise,2,False,train,Surprise,EXACT_DUPLICATE_CONSISTENT_LABEL
91,5f817e53fd65724cf4dc8f8ce71e6a7eef8ee855e5e1fb7cf17acf40b7a5bdd9,train,21179,5,Surprise,2,False,train,Surprise,EXACT_DUPLICATE_CONSISTENT_LABEL
92,6c031f4b2f9a22da5141900311d47030508684e789659d0e5c8ff0fa01db6de4,train,824,0,Angry,3,True,private/train,Angry/Fear,EXACT_DUPLICATE_CONFLICTING_LABEL
92,6c031f4b2f9a22da5141900311d47030508684e789659d0e5c8ff0fa01db6de4,train,20885,0,Angry,3,True,private/train,Angry/Fear,EXACT_DUPLICATE_CONFLICTING_LABEL
92,6c031f4b2f9a22da5141900311d47030508684e789659d0e5c8ff0fa01db6de4,private,2317,2,Fear,3,True,private/train,Angry/Fear,EXACT_DUPLICATE_CONFLICTING_LABEL
93,782818bde8432e48a2c84b3bd6aea159de3575b2b885feadf107fc0b6c6091db,train,845,1,Disgust,2,False,train,Disgust,EXACT_DUPLICATE_CONSISTENT_LABEL
93,782818bde8432e48a2c84b3bd6aea159de3575b2b885feadf107fc0b6c6091db,train,1542,1,Disgust,2,False,train,Disgust,EXACT_DUPLICATE_CONSISTENT_LABEL
94,c8f62659d9cf7228d6f7dbe592f4a372112b06f13ac5e54f003cc4b9d2111f67,train,848,5,Surprise,2,True,public/train,Surprise,EXACT_DUPLICATE_CONSISTENT_LABEL
94,c8f62659d9cf7228d6f7dbe592f4a372112b06f13ac5e54f003cc4b9d2111f67,public,3331,5,Surprise,2,True,public/train,Surprise,EXACT_DUPLICATE_CONSISTENT_LABEL
95,613e7c71dcd1d48b81b99bcff3bfbee5bc620cac87acc4fe643a35f358d62169,train,850,0,Angry,4,False,train,Angry,EXACT_DUPLICATE_CONSISTENT_LABEL
95,613e7c71dcd1d48b81b99bcff3bfbee5bc620cac87acc4fe643a35f358d62169,train,22213,0,Angry,4,False,train,Angry,EXACT_DUPLICATE_CONSISTENT_LABEL
95,613e7c71dcd1d48b81b99bcff3bfbee5bc620cac87acc4fe643a35f358d62169,train,23445,0,Angry,4,False,train,Angry,EXACT_DUPLICATE_CONSISTENT_LABEL
95,613e7c71dcd1d48b81b99bcff3bfbee5bc620cac87acc4fe643a35f358d62169,train,25783,0,Angry,4,False,train,Angry,EXACT_DUPLICATE_CONSISTENT_LABEL
96,043899f179e125cfef67eac8326c3cccaef501cd2541ec1ca28b32fcee77574c,train,851,0,Angry,4,True,private/train,Angry,EXACT_DUPLICATE_CONSISTENT_LABEL
96,043899f179e125cfef67eac8326c3cccaef501cd2541ec1ca28b32fcee77574c,train,12680,0,Angry,4,True,private/train,Angry,EXACT_DUPLICATE_CONSISTENT_LABEL
96,043899f179e125cfef67eac8326c3cccaef501cd2541ec1ca28b32fcee77574c,train,28288,0,Angry,4,True,private/train,Angry,EXACT_DUPLICATE_CONSISTENT_LABEL
96,043899f179e125cfef67eac8326c3cccaef501cd2541ec1ca28b32fcee77574c,private,2400,0,Angry,4,True,private/train,Angry,EXACT_DUPLICATE_CONSISTENT_LABEL
97,52ec416ef5a8982eac9e78c13d7f1fc3908142677bbaeed195718da0c94fe4f2,train,865,5,Surprise,2,True,public/train,Surprise,EXACT_DUPLICATE_CONSISTENT_LABEL
97,52ec416ef5a8982eac9e78c13d7f1fc3908142677bbaeed195718da0c94fe4f2,public,52,5,Surprise,2,True,public/train,Surprise,EXACT_DUPLICATE_CONSISTENT_LABEL
98,13b760083e7ccd33eaae5fc11f0b742e741dcfb78043b051b3154de0e1b6a3bc,train,867,5,Surprise,2,True,private/train,Surprise,EXACT_DUPLICATE_CONSISTENT_LABEL
98,13b760083e7ccd33eaae5fc11f0b742e741dcfb78043b051b3154de0e1b6a3bc,private,1990,5,Surprise,2,True,private/train,Surprise,EXACT_DUPLICATE_CONSISTENT_LABEL
99,4912e653ec8ed98a6bcc31517f9a65d0870dc4cd7882def13f9caf00256213c3,train,909,5,Surprise,2,False,train,Surprise,EXACT_DUPLICATE_CONSISTENT_LABEL
99,4912e653ec8ed98a6bcc31517f9a65d0870dc4cd7882def13f9caf00256213c3,train,1145,5,Surprise,2,False,train,Surprise,EXACT_DUPLICATE_CONSISTENT_LABEL
100,6b173e270d842d528ea2a9bd2d0d4720120b55fb893790a53761723849e71f16,train,912,6,Neutral,3,True,public/train,Neutral,EXACT_DUPLICATE_CONSISTENT_LABEL
100,6b173e270d842d528ea2a9bd2d0d4720120b55fb893790a53761723849e71f16,train,17073,6,Neutral,3,True,public/train,Neutral,EXACT_DUPLICATE_CONSISTENT_LABEL
100,6b173e270d842d528ea2a9bd2d0d4720120b55fb893790a53761723849e71f16,public,1838,6,Neutral,3,True,public/train,Neutral,EXACT_DUPLICATE_CONSISTENT_LABEL
101,941d866aa1ee9cf2b68ac8ecbafc72d868ebc6c57917ec455f7b98528a39176e,train,916,6,Neutral,2,False,train,Neutral,EXACT_DUPLICATE_CONSISTENT_LABEL
101,941d866aa1ee9cf2b68ac8ecbafc72d868ebc6c57917ec455f7b98528a39176e,train,7701,6,Neutral,2,False,train,Neutral,EXACT_DUPLICATE_CONSISTENT_LABEL
102,3f91c07cb2880de393aef32dbf67b78edb38669df47d8dbb689a97244dd0b7a6,train,937,6,Neutral,2,True,public/train,Neutral,EXACT_DUPLICATE_CONSISTENT_LABEL
102,3f91c07cb2880de393aef32dbf67b78edb38669df47d8dbb689a97244dd0b7a6,public,1260,6,Neutral,2,True,public/train,Neutral,EXACT_DUPLICATE_CONSISTENT_LABEL
103,fc885c282cff8a74fafc6def67157b15a18b8c02069820a829a984acc620dc9a,train,964,5,Surprise,2,False,train,Surprise,EXACT_DUPLICATE_CONSISTENT_LABEL
103,fc885c282cff8a74fafc6def67157b15a18b8c02069820a829a984acc620dc9a,train,10333,5,Surprise,2,False,train,Surprise,EXACT_DUPLICATE_CONSISTENT_LABEL
104,293f58ca4b8794a35ca8bf16099526f765977f3b20d1bcf54191b28dc1b0ae51,train,974,0,Angry,2,False,train,Angry,EXACT_DUPLICATE_CONSISTENT_LABEL
104,293f58ca4b8794a35ca8bf16099526f765977f3b20d1bcf54191b28dc1b0ae51,train,12203,0,Angry,2,False,train,Angry,EXACT_DUPLICATE_CONSISTENT_LABEL
105,21b8edbcce45f65e6c59e69db5754f8a0f492ffab2a15d669dae699793871074,train,986,4,Sad,2,False,train,Sad,EXACT_DUPLICATE_CONSISTENT_LABEL
105,21b8edbcce45f65e6c59e69db5754f8a0f492ffab2a15d669dae699793871074,train,11326,4,Sad,2,False,train,Sad,EXACT_DUPLICATE_CONSISTENT_LABEL
106,cbee0e0ea013e93f3357d5e4bb9ef0d964cefde582baf20ab2095da3773b4117,train,996,6,Neutral,2,True,public/train,Neutral,EXACT_DUPLICATE_CONSISTENT_LABEL
106,cbee0e0ea013e93f3357d5e4bb9ef0d964cefde582baf20ab2095da3773b4117,public,2723,6,Neutral,2,True,public/train,Neutral,EXACT_DUPLICATE_CONSISTENT_LABEL
107,1008bf1bdf22661c8ee48d4d6014270ee87e8eb79d0d6b6ff74b352aab9e98d5,train,1003,4,Sad,2,False,train,Sad,EXACT_DUPLICATE_CONSISTENT_LABEL
107,1008bf1bdf22661c8ee48d4d6014270ee87e8eb79d0d6b6ff74b352aab9e98d5,train,16568,4,Sad,2,False,train,Sad,EXACT_DUPLICATE_CONSISTENT_LABEL
108,6a22264bbd50f636ad368c725e36e7c563ad6cfd5969880692dfd4b0af5978a0,train,1012,3,Happy,2,False,train,Happy,EXACT_DUPLICATE_CONSISTENT_LABEL
108,6a22264bbd50f636ad368c725e36e7c563ad6cfd5969880692dfd4b0af5978a0,train,24662,3,Happy,2,False,train,Happy,EXACT_DUPLICATE_CONSISTENT_LABEL
109,676f19b78bf2b53af15fd5502ae8f239cff5e8956ce3f0f7dc3177c15fc821d6,train,1022,4,Sad,2,False,train,Sad,EXACT_DUPLICATE_CONSISTENT_LABEL
109,676f19b78bf2b53af15fd5502ae8f239cff5e8956ce3f0f7dc3177c15fc821d6,train,22945,4,Sad,2,False,train,Sad,EXACT_DUPLICATE_CONSISTENT_LABEL
110,08a1be6ff103fb0641abcda8760032bcdc200a40f54b471fc6ecce5a8457c6dd,train,1028,5,Surprise,2,False,train,Surprise,EXACT_DUPLICATE_CONSISTENT_LABEL
110,08a1be6ff103fb0641abcda8760032bcdc200a40f54b471fc6ecce5a8457c6dd,train,10061,5,Surprise,2,False,train,Surprise,EXACT_DUPLICATE_CONSISTENT_LABEL
111,fd188f2a462de1fd14205c35af454f58cfb8026cc25fa861bfa1c42be0c09164,train,1042,5,Surprise,2,False,train,Surprise,EXACT_DUPLICATE_CONSISTENT_LABEL
111,fd188f2a462de1fd14205c35af454f58cfb8026cc25fa861bfa1c42be0c09164,train,4630,5,Surprise,2,False,train,Surprise,EXACT_DUPLICATE_CONSISTENT_LABEL
112,8ac90fb1a3d1c59509bca55257fed0cd998b20d934187b8516efe1e75c0c048c,train,1084,5,Surprise,2,False,train,Surprise,EXACT_DUPLICATE_CONSISTENT_LABEL
112,8ac90fb1a3d1c59509bca55257fed0cd998b20d934187b8516efe1e75c0c048c,train,8926,5,Surprise,2,False,train,Surprise,EXACT_DUPLICATE_CONSISTENT_LABEL
113,80e80ff3fecb774f756ec69ee12b639cb8e1c0de2c005a794d42ceb752841dd3,train,1095,3,Happy,2,False,train,Happy,EXACT_DUPLICATE_CONSISTENT_LABEL
113,80e80ff3fecb774f756ec69ee12b639cb8e1c0de2c005a794d42ceb752841dd3,train,6610,3,Happy,2,False,train,Happy,EXACT_DUPLICATE_CONSISTENT_LABEL
114,b92118000075992a14ba9d7ebba4d389a55059a56fc54979b3a71d4751f72318,train,1115,1,Disgust,2,False,train,Disgust,EXACT_DUPLICATE_CONSISTENT_LABEL
114,b92118000075992a14ba9d7ebba4d389a55059a56fc54979b3a71d4751f72318,train,19770,1,Disgust,2,False,train,Disgust,EXACT_DUPLICATE_CONSISTENT_LABEL
115,917efb64d9f1cce2b79f7e3e35149577b6c7fd4d36074c9a60665d5442556c5e,train,1119,6,Neutral,2,False,train,Neutral,EXACT_DUPLICATE_CONSISTENT_LABEL
115,917efb64d9f1cce2b79f7e3e35149577b6c7fd4d36074c9a60665d5442556c5e,train,13191,6,Neutral,2,False,train,Neutral,EXACT_DUPLICATE_CONSISTENT_LABEL
116,cc5264ad132db75d1a1867b9fcc8892ca9b486be9995c0e788dd54e4fce300be,train,1122,0,Angry,2,False,train,Angry,EXACT_DUPLICATE_CONSISTENT_LABEL
116,cc5264ad132db75d1a1867b9fcc8892ca9b486be9995c0e788dd54e4fce300be,train,14344,0,Angry,2,False,train,Angry,EXACT_DUPLICATE_CONSISTENT_LABEL
117,fb28f87f921fa702faa12c08c5735bcb5f25c331884b408819506bf902e3e801,train,1153,4,Sad,2,False,train,Sad,EXACT_DUPLICATE_CONSISTENT_LABEL
117,fb28f87f921fa702faa12c08c5735bcb5f25c331884b408819506bf902e3e801,train,2698,4,Sad,2,False,train,Sad,EXACT_DUPLICATE_CONSISTENT_LABEL
118,d963a19125a3dd07e67c0fc159f4907259c6328c03b5b49876d740bbf417e679,train,1155,3,Happy,2,False,train,Happy,EXACT_DUPLICATE_CONSISTENT_LABEL
118,d963a19125a3dd07e67c0fc159f4907259c6328c03b5b49876d740bbf417e679,train,1266,3,Happy,2,False,train,Happy,EXACT_DUPLICATE_CONSISTENT_LABEL
119,9e2e1ac3fdaa412c9b3749dd197560a1ea2341b2daca21259c9f29b22e34339e,train,1157,5,Surprise,2,False,train,Surprise,EXACT_DUPLICATE_CONSISTENT_LABEL
119,9e2e1ac3fdaa412c9b3749dd197560a1ea2341b2daca21259c9f29b22e34339e,train,17586,5,Surprise,2,False,train,Surprise,EXACT_DUPLICATE_CONSISTENT_LABEL
120,dd76d1ca441f1b05364286e6492a58f1d1afd9b8355534bd5a66cc8840d95e9e,train,1158,0,Angry,4,True,private/train,Angry,EXACT_DUPLICATE_CONSISTENT_LABEL
120,dd76d1ca441f1b05364286e6492a58f1d1afd9b8355534bd5a66cc8840d95e9e,train,18859,0,Angry,4,True,private/train,Angry,EXACT_DUPLICATE_CONSISTENT_LABEL
120,dd76d1ca441f1b05364286e6492a58f1d1afd9b8355534bd5a66cc8840d95e9e,train,23227,0,Angry,4,True,private/train,Angry,EXACT_DUPLICATE_CONSISTENT_LABEL
120,dd76d1ca441f1b05364286e6492a58f1d1afd9b8355534bd5a66cc8840d95e9e,private,1818,0,Angry,4,True,private/train,Angry,EXACT_DUPLICATE_CONSISTENT_LABEL
121,a40fd916a049b3fcbdce0f1263a3408a262ada46467bd4f0f1ba22102e2c2def,train,1161,6,Neutral,2,False,train,Neutral,EXACT_DUPLICATE_CONSISTENT_LABEL
121,a40fd916a049b3fcbdce0f1263a3408a262ada46467bd4f0f1ba22102e2c2def,train,6892,6,Neutral,2,False,train,Neutral,EXACT_DUPLICATE_CONSISTENT_LABEL
122,50c6aaa9449335ae9f6867d972f5f18ff06d25e3458970050b00154d573a0fa9,train,1170,0,Angry,2,True,public/train,Angry,EXACT_DUPLICATE_CONSISTENT_LABEL
122,50c6aaa9449335ae9f6867d972f5f18ff06d25e3458970050b00154d573a0fa9,public,512,0,Angry,2,True,public/train,Angry,EXACT_DUPLICATE_CONSISTENT_LABEL
123,e16aa5882a3eb2586fb167fce547b98a20afcb5dc8fb94c29210cf83e5bf9338,train,1185,5,Surprise,2,False,train,Surprise,EXACT_DUPLICATE_CONSISTENT_LABEL
123,e16aa5882a3eb2586fb167fce547b98a20afcb5dc8fb94c29210cf83e5bf9338,train,3299,5,Surprise,2,False,train,Surprise,EXACT_DUPLICATE_CONSISTENT_LABEL
124,269eec09eda23c7ba2106fe35e5ab47c5f094713107d2605d544da825741f19d,train,1191,4,Sad,2,False,train,Sad,EXACT_DUPLICATE_CONSISTENT_LABEL
124,269eec09eda23c7ba2106fe35e5ab47c5f094713107d2605d544da825741f19d,train,2983,4,Sad,2,False,train,Sad,EXACT_DUPLICATE_CONSISTENT_LABEL
125,b369d96988f8633ce5636b38fdc3fc8cf91ac57f3a424a1aaee38141bc51a0e0,train,1196,3,Happy,2,False,train,Happy,EXACT_DUPLICATE_CONSISTENT_LABEL
125,b369d96988f8633ce5636b38fdc3fc8cf91ac57f3a424a1aaee38141bc51a0e0,train,1808,3,Happy,2,False,train,Happy,EXACT_DUPLICATE_CONSISTENT_LABEL
126,548000db8c8b094aaa1dee4e98fbebf2855f6ec7854507b820edf11dde8bcaa8,train,1201,5,Surprise,2,False,train,Surprise,EXACT_DUPLICATE_CONSISTENT_LABEL
126,548000db8c8b094aaa1dee4e98fbebf2855f6ec7854507b820edf11dde8bcaa8,train,9784,5,Surprise,2,False,train,Surprise,EXACT_DUPLICATE_CONSISTENT_LABEL
127,4152cd1632b2205e26815c058d53137d95053daf2c546b1e6e4ca36a0eafa4bf,train,1207,4,Sad,2,False,train,Sad,EXACT_DUPLICATE_CONSISTENT_LABEL
127,4152cd1632b2205e26815c058d53137d95053daf2c546b1e6e4ca36a0eafa4bf,train,14226,4,Sad,2,False,train,Sad,EXACT_DUPLICATE_CONSISTENT_LABEL
128,9af24ca833594cad2de4ce9dfa1888ef0337d0ebc3b678d956253ff64e59b2f2,train,1211,0,Angry,2,False,train,Angry,EXACT_DUPLICATE_CONSISTENT_LABEL
128,9af24ca833594cad2de4ce9dfa1888ef0337d0ebc3b678d956253ff64e59b2f2,train,10315,0,Angry,2,False,train,Angry,EXACT_DUPLICATE_CONSISTENT_LABEL
129,502fe54b45441ff64cb3fa20ebf244b1934ff0d98e0efd54d7646ff3a6290906,train,1216,0,Angry,2,False,train,Angry/Sad,EXACT_DUPLICATE_CONFLICTING_LABEL
129,502fe54b45441ff64cb3fa20ebf244b1934ff0d98e0efd54d7646ff3a6290906,train,3360,4,Sad,2,False,train,Angry/Sad,EXACT_DUPLICATE_CONFLICTING_LABEL
130,e0e6dd705912dc854abddc8b8369fbb48d24ef1fba2deb87b077ed7abeb7f32b,train,1223,4,Sad,2,True,public/train,Sad,EXACT_DUPLICATE_CONSISTENT_LABEL
130,e0e6dd705912dc854abddc8b8369fbb48d24ef1fba2deb87b077ed7abeb7f32b,public,1601,4,Sad,2,True,public/train,Sad,EXACT_DUPLICATE_CONSISTENT_LABEL
131,b38b8e1a44d6c29461ed56740896c26fbd22fda86b70fd13c64a7e75b8555552,train,1224,5,Surprise,2,False,train,Surprise,EXACT_DUPLICATE_CONSISTENT_LABEL
131,b38b8e1a44d6c29461ed56740896c26fbd22fda86b70fd13c64a7e75b8555552,train,3232,5,Surprise,2,False,train,Surprise,EXACT_DUPLICATE_CONSISTENT_LABEL
132,37ec7a2f4fd2714f98daa51bc77cd4f4d5dbf55f1ac18a9d6cd35b350d1a1c70,train,1230,6,Neutral,2,False,train,Neutral,EXACT_DUPLICATE_CONSISTENT_LABEL
132,37ec7a2f4fd2714f98daa51bc77cd4f4d5dbf55f1ac18a9d6cd35b350d1a1c70,train,15793,6,Neutral,2,False,train,Neutral,EXACT_DUPLICATE_CONSISTENT_LABEL
133,19864bae3e02dc8bde94c808a2bc2ecca410bbb7fa174ff0716cc216f20879fc,train,1232,5,Surprise,2,False,train,Surprise,EXACT_DUPLICATE_CONSISTENT_LABEL
133,19864bae3e02dc8bde94c808a2bc2ecca410bbb7fa174ff0716cc216f20879fc,train,24171,5,Surprise,2,False,train,Surprise,EXACT_DUPLICATE_CONSISTENT_LABEL
134,b5a834b097c77406503351b6e52d48285d8a8b8be89e1eabdfb187922628cd5a,train,1240,2,Fear,2,False,train,Fear,EXACT_DUPLICATE_CONSISTENT_LABEL
134,b5a834b097c77406503351b6e52d48285d8a8b8be89e1eabdfb187922628cd5a,train,23588,2,Fear,2,False,train,Fear,EXACT_DUPLICATE_CONSISTENT_LABEL
135,7573800d7f511270beb0602c89116b338275a5dfcf81ecab6f5d063ebca27c29,train,1253,2,Fear,2,True,public/train,Fear,EXACT_DUPLICATE_CONSISTENT_LABEL
135,7573800d7f511270beb0602c89116b338275a5dfcf81ecab6f5d063ebca27c29,public,2857,2,Fear,2,True,public/train,Fear,EXACT_DUPLICATE_CONSISTENT_LABEL
136,524826c20c9633712194679d0d45f7da030faab5ce46bc2a5b30611cd41e65d5,train,1265,1,Disgust,2,False,train,Disgust,EXACT_DUPLICATE_CONSISTENT_LABEL
136,524826c20c9633712194679d0d45f7da030faab5ce46bc2a5b30611cd41e65d5,train,15287,1,Disgust,2,False,train,Disgust,EXACT_DUPLICATE_CONSISTENT_LABEL
137,67dd634934342d6c2b12f114baff6d37d87ab9155f52cac9d5090c12d80a7687,train,1278,5,Surprise,2,True,public/train,Surprise,EXACT_DUPLICATE_CONSISTENT_LABEL
137,67dd634934342d6c2b12f114baff6d37d87ab9155f52cac9d5090c12d80a7687,public,1328,5,Surprise,2,True,public/train,Surprise,EXACT_DUPLICATE_CONSISTENT_LABEL
138,bd952a35f1f0c2f1efa76aab40de7dd087c29fc655e18f42d592ceded9b2ab43,train,1282,3,Happy,2,False,train,Happy,EXACT_DUPLICATE_CONSISTENT_LABEL
138,bd952a35f1f0c2f1efa76aab40de7dd087c29fc655e18f42d592ceded9b2ab43,train,9071,3,Happy,2,False,train,Happy,EXACT_DUPLICATE_CONSISTENT_LABEL
139,681516d1ba67b0fbd4e1706c720de175a547a65576581c660e9168f41288f3f8,train,1292,6,Neutral,3,False,train,Fear/Neutral,EXACT_DUPLICATE_CONFLICTING_LABEL
139,681516d1ba67b0fbd4e1706c720de175a547a65576581c660e9168f41288f3f8,train,12064,6,Neutral,3,False,train,Fear/Neutral,EXACT_DUPLICATE_CONFLICTING_LABEL
139,681516d1ba67b0fbd4e1706c720de175a547a65576581c660e9168f41288f3f8,train,21683,2,Fear,3,False,train,Fear/Neutral,EXACT_DUPLICATE_CONFLICTING_LABEL
140,98263c7a2f93e84551cbdcbc028a5145f556ac0ac60473b941a7c375b3fb67c4,train,1316,3,Happy,3,False,train,Happy,EXACT_DUPLICATE_CONSISTENT_LABEL
140,98263c7a2f93e84551cbdcbc028a5145f556ac0ac60473b941a7c375b3fb67c4,train,11242,3,Happy,3,False,train,Happy,EXACT_DUPLICATE_CONSISTENT_LABEL
140,98263c7a2f93e84551cbdcbc028a5145f556ac0ac60473b941a7c375b3fb67c4,train,17661,3,Happy,3,False,train,Happy,EXACT_DUPLICATE_CONSISTENT_LABEL
141,43a25341fd369482340f42039f2264f5950cb858ef5842892dc25facd26ff71c,train,1320,5,Surprise,2,False,train,Surprise,EXACT_DUPLICATE_CONSISTENT_LABEL
141,43a25341fd369482340f42039f2264f5950cb858ef5842892dc25facd26ff71c,train,17693,5,Surprise,2,False,train,Surprise,EXACT_DUPLICATE_CONSISTENT_LABEL
142,c0fc0b819776afee7b1bc17b68a48ceae2a3a8d15078d450c380ca1dc0a4863c,train,1327,5,Surprise,5,False,train,Surprise,EXACT_DUPLICATE_CONSISTENT_LABEL
142,c0fc0b819776afee7b1bc17b68a48ceae2a3a8d15078d450c380ca1dc0a4863c,train,4461,5,Surprise,5,False,train,Surprise,EXACT_DUPLICATE_CONSISTENT_LABEL
142,c0fc0b819776afee7b1bc17b68a48ceae2a3a8d15078d450c380ca1dc0a4863c,train,17478,5,Surprise,5,False,train,Surprise,EXACT_DUPLICATE_CONSISTENT_LABEL
142,c0fc0b819776afee7b1bc17b68a48ceae2a3a8d15078d450c380ca1dc0a4863c,train,22393,5,Surprise,5,False,train,Surprise,EXACT_DUPLICATE_CONSISTENT_LABEL
142,c0fc0b819776afee7b1bc17b68a48ceae2a3a8d15078d450c380ca1dc0a4863c,train,23378,5,Surprise,5,False,train,Surprise,EXACT_DUPLICATE_CONSISTENT_LABEL
143,4894984ab557cf95ba4c94b151094a5b5a1ec565d4cbe085fe6c153298cee302,train,1331,4,Sad,2,False,train,Sad,EXACT_DUPLICATE_CONSISTENT_LABEL
143,4894984ab557cf95ba4c94b151094a5b5a1ec565d4cbe085fe6c153298cee302,train,7165,4,Sad,2,False,train,Sad,EXACT_DUPLICATE_CONSISTENT_LABEL
144,d36ca50355f162441727c42dbe4114c290d4a00fb13e5e26d0846954e88586f4,train,1333,6,Neutral,2,False,train,Neutral,EXACT_DUPLICATE_CONSISTENT_LABEL
144,d36ca50355f162441727c42dbe4114c290d4a00fb13e5e26d0846954e88586f4,train,26680,6,Neutral,2,False,train,Neutral,EXACT_DUPLICATE_CONSISTENT_LABEL
145,31beb53b22ad02b497ffdf25fe32d1c9ba051fad607f19bad13cd8d2539e61da,train,1339,6,Neutral,2,False,train,Neutral,EXACT_DUPLICATE_CONSISTENT_LABEL
145,31beb53b22ad02b497ffdf25fe32d1c9ba051fad607f19bad13cd8d2539e61da,train,13891,6,Neutral,2,False,train,Neutral,EXACT_DUPLICATE_CONSISTENT_LABEL
146,2fadbb0a76023dc554b9a3edcc8a8697065aa81c42e8070da9669853df45c364,train,1341,3,Happy,2,False,train,Happy,EXACT_DUPLICATE_CONSISTENT_LABEL
146,2fadbb0a76023dc554b9a3edcc8a8697065aa81c42e8070da9669853df45c364,train,3298,3,Happy,2,False,train,Happy,EXACT_DUPLICATE_CONSISTENT_LABEL
147,b23aa0dbd9007a7abf31b4950b81bea78cdb0c1afde973941aef1d0b6e864435,train,1359,5,Surprise,2,False,train,Surprise,EXACT_DUPLICATE_CONSISTENT_LABEL
147,b23aa0dbd9007a7abf31b4950b81bea78cdb0c1afde973941aef1d0b6e864435,train,2755,5,Surprise,2,False,train,Surprise,EXACT_DUPLICATE_CONSISTENT_LABEL
148,5b7e8ee6db29300e21e7e096159a562245deb1d17e14668437e6b7eed3e71f55,train,1367,2,Fear,3,False,train,Fear,EXACT_DUPLICATE_CONSISTENT_LABEL
148,5b7e8ee6db29300e21e7e096159a562245deb1d17e14668437e6b7eed3e71f55,train,12574,2,Fear,3,False,train,Fear,EXACT_DUPLICATE_CONSISTENT_LABEL
148,5b7e8ee6db29300e21e7e096159a562245deb1d17e14668437e6b7eed3e71f55,train,26788,2,Fear,3,False,train,Fear,EXACT_DUPLICATE_CONSISTENT_LABEL
149,40225002cc1ed940361331a75c58247609acbded7b86d97c4b9626ed416913c9,train,1369,5,Surprise,4,False,train,Surprise,EXACT_DUPLICATE_CONSISTENT_LABEL
149,40225002cc1ed940361331a75c58247609acbded7b86d97c4b9626ed416913c9,train,2596,5,Surprise,4,False,train,Surprise,EXACT_DUPLICATE_CONSISTENT_LABEL
149,40225002cc1ed940361331a75c58247609acbded7b86d97c4b9626ed416913c9,train,17825,5,Surprise,4,False,train,Surprise,EXACT_DUPLICATE_CONSISTENT_LABEL
149,40225002cc1ed940361331a75c58247609acbded7b86d97c4b9626ed416913c9,train,20015,5,Surprise,4,False,train,Surprise,EXACT_DUPLICATE_CONSISTENT_LABEL
150,4dd9cb1e9721138fd4bf8d55660669f8dbdb117ae9a09da68fdfc98490b2cc24,train,1379,5,Surprise,2,True,private/train,Surprise,EXACT_DUPLICATE_CONSISTENT_LABEL
150,4dd9cb1e9721138fd4bf8d55660669f8dbdb117ae9a09da68fdfc98490b2cc24,private,1352,5,Surprise,2,True,private/train,Surprise,EXACT_DUPLICATE_CONSISTENT_LABEL
151,7256878a315cf193394729b713eb75fb2c64352ac8a3e94e15947b57d16b9992,train,1381,3,Happy,2,False,train,Happy,EXACT_DUPLICATE_CONSISTENT_LABEL
151,7256878a315cf193394729b713eb75fb2c64352ac8a3e94e15947b57d16b9992,train,18476,3,Happy,2,False,train,Happy,EXACT_DUPLICATE_CONSISTENT_LABEL
152,f2327a2ed9f6a47208648b4d091a77f3d7f724ab8291ac06b1ab28056d796398,train,1399,5,Surprise,2,False,train,Surprise,EXACT_DUPLICATE_CONSISTENT_LABEL
152,f2327a2ed9f6a47208648b4d091a77f3d7f724ab8291ac06b1ab28056d796398,train,16886,5,Surprise,2,False,train,Surprise,EXACT_DUPLICATE_CONSISTENT_LABEL
153,d7b79f18afd6378079fecc2486ef5d82fe65974a567bfd48b44f8a2136bacdc1,train,1430,5,Surprise,2,False,train,Surprise,EXACT_DUPLICATE_CONSISTENT_LABEL
153,d7b79f18afd6378079fecc2486ef5d82fe65974a567bfd48b44f8a2136bacdc1,train,4044,5,Surprise,2,False,train,Surprise,EXACT_DUPLICATE_CONSISTENT_LABEL
154,5049a882a06dfde3f880f846d60555ee768ec90fe48cc7e8a25357cf9cc28d15,train,1441,2,Fear,6,True,private/public/train,Fear/Sad,EXACT_DUPLICATE_CONFLICTING_LABEL
154,5049a882a06dfde3f880f846d60555ee768ec90fe48cc7e8a25357cf9cc28d15,train,13803,2,Fear,6,True,private/public/train,Fear/Sad,EXACT_DUPLICATE_CONFLICTING_LABEL
154,5049a882a06dfde3f880f846d60555ee768ec90fe48cc7e8a25357cf9cc28d15,train,24986,4,Sad,6,True,private/public/train,Fear/Sad,EXACT_DUPLICATE_CONFLICTING_LABEL
154,5049a882a06dfde3f880f846d60555ee768ec90fe48cc7e8a25357cf9cc28d15,public,2511,4,Sad,6,True,private/public/train,Fear/Sad,EXACT_DUPLICATE_CONFLICTING_LABEL
154,5049a882a06dfde3f880f846d60555ee768ec90fe48cc7e8a25357cf9cc28d15,private,433,4,Sad,6,True,private/public/train,Fear/Sad,EXACT_DUPLICATE_CONFLICTING_LABEL
154,5049a882a06dfde3f880f846d60555ee768ec90fe48cc7e8a25357cf9cc28d15,private,522,2,Fear,6,True,private/public/train,Fear/Sad,EXACT_DUPLICATE_CONFLICTING_LABEL
155,4fef10254b3edb9b81cb1814de9a9d34074e7a0a618d582e8fcaeb30c1b858e6,train,1447,3,Happy,2,False,train,Happy,EXACT_DUPLICATE_CONSISTENT_LABEL
155,4fef10254b3edb9b81cb1814de9a9d34074e7a0a618d582e8fcaeb30c1b858e6,train,25366,3,Happy,2,False,train,Happy,EXACT_DUPLICATE_CONSISTENT_LABEL
156,5e8cde18484d3b78ad8d958786650736e666e71ce784397e6371baa088a33de9,train,1449,5,Surprise,3,False,train,Surprise,EXACT_DUPLICATE_CONSISTENT_LABEL
156,5e8cde18484d3b78ad8d958786650736e666e71ce784397e6371baa088a33de9,train,3060,5,Surprise,3,False,train,Surprise,EXACT_DUPLICATE_CONSISTENT_LABEL
156,5e8cde18484d3b78ad8d958786650736e666e71ce784397e6371baa088a33de9,train,27906,5,Surprise,3,False,train,Surprise,EXACT_DUPLICATE_CONSISTENT_LABEL
157,e3c7e3071470390da819d8aaf537b5c632b067174bb9112b301405309922bdbc,train,1462,0,Angry,5,False,train,Angry,EXACT_DUPLICATE_CONSISTENT_LABEL
157,e3c7e3071470390da819d8aaf537b5c632b067174bb9112b301405309922bdbc,train,3960,0,Angry,5,False,train,Angry,EXACT_DUPLICATE_CONSISTENT_LABEL
157,e3c7e3071470390da819d8aaf537b5c632b067174bb9112b301405309922bdbc,train,5191,0,Angry,5,False,train,Angry,EXACT_DUPLICATE_CONSISTENT_LABEL
157,e3c7e3071470390da819d8aaf537b5c632b067174bb9112b301405309922bdbc,train,5250,0,Angry,5,False,train,Angry,EXACT_DUPLICATE_CONSISTENT_LABEL
157,e3c7e3071470390da819d8aaf537b5c632b067174bb9112b301405309922bdbc,train,12025,0,Angry,5,False,train,Angry,EXACT_DUPLICATE_CONSISTENT_LABEL
158,de1dd629744413eed7ddc43e4b637300244e5d6fefec74970db9a752e17a519b,train,1467,5,Surprise,4,False,train,Surprise,EXACT_DUPLICATE_CONSISTENT_LABEL
158,de1dd629744413eed7ddc43e4b637300244e5d6fefec74970db9a752e17a519b,train,20162,5,Surprise,4,False,train,Surprise,EXACT_DUPLICATE_CONSISTENT_LABEL
158,de1dd629744413eed7ddc43e4b637300244e5d6fefec74970db9a752e17a519b,train,26824,5,Surprise,4,False,train,Surprise,EXACT_DUPLICATE_CONSISTENT_LABEL
158,de1dd629744413eed7ddc43e4b637300244e5d6fefec74970db9a752e17a519b,train,28667,5,Surprise,4,False,train,Surprise,EXACT_DUPLICATE_CONSISTENT_LABEL
159,5883d5369c2e2369bd9ee0fd1e3ad7403c38d708e3f1bb6ee18de9406f561992,train,1477,0,Angry,2,False,train,Angry,EXACT_DUPLICATE_CONSISTENT_LABEL
159,5883d5369c2e2369bd9ee0fd1e3ad7403c38d708e3f1bb6ee18de9406f561992,train,22489,0,Angry,2,False,train,Angry,EXACT_DUPLICATE_CONSISTENT_LABEL
160,38184e065023a1849ced1963640ae850ff420e4c2bec1c9663bc0fba29b8f4fe,train,1515,5,Surprise,2,False,train,Surprise,EXACT_DUPLICATE_CONSISTENT_LABEL
160,38184e065023a1849ced1963640ae850ff420e4c2bec1c9663bc0fba29b8f4fe,train,17044,5,Surprise,2,False,train,Surprise,EXACT_DUPLICATE_CONSISTENT_LABEL
161,8d9995df511ace781de08e597e8fd0fcf7e551342e5fba737a55d81cbbcce7c3,train,1519,6,Neutral,2,False,train,Neutral,EXACT_DUPLICATE_CONSISTENT_LABEL
161,8d9995df511ace781de08e597e8fd0fcf7e551342e5fba737a55d81cbbcce7c3,train,25599,6,Neutral,2,False,train,Neutral,EXACT_DUPLICATE_CONSISTENT_LABEL
162,22f408308f8164049e646f208a07e56910fd762b2c19a84d5acc34881bca972f,train,1528,5,Surprise,4,False,train,Surprise,EXACT_DUPLICATE_CONSISTENT_LABEL
162,22f408308f8164049e646f208a07e56910fd762b2c19a84d5acc34881bca972f,train,4150,5,Surprise,4,False,train,Surprise,EXACT_DUPLICATE_CONSISTENT_LABEL
162,22f408308f8164049e646f208a07e56910fd762b2c19a84d5acc34881bca972f,train,8055,5,Surprise,4,False,train,Surprise,EXACT_DUPLICATE_CONSISTENT_LABEL
162,22f408308f8164049e646f208a07e56910fd762b2c19a84d5acc34881bca972f,train,16451,5,Surprise,4,False,train,Surprise,EXACT_DUPLICATE_CONSISTENT_LABEL
163,c57883020ba5db5d6f0979c25efcc32d58bce631d83bae441ee21c37aec37d02,train,1564,0,Angry,3,False,train,Angry,EXACT_DUPLICATE_CONSISTENT_LABEL
163,c57883020ba5db5d6f0979c25efcc32d58bce631d83bae441ee21c37aec37d02,train,10079,0,Angry,3,False,train,Angry,EXACT_DUPLICATE_CONSISTENT_LABEL
163,c57883020ba5db5d6f0979c25efcc32d58bce631d83bae441ee21c37aec37d02,train,20539,0,Angry,3,False,train,Angry,EXACT_DUPLICATE_CONSISTENT_LABEL
164,d66e29bdf301108178f303ef9e0b8d3ee58d793ee61410973b9bd2807f57e3bb,train,1605,2,Fear,2,False,train,Fear,EXACT_DUPLICATE_CONSISTENT_LABEL
164,d66e29bdf301108178f303ef9e0b8d3ee58d793ee61410973b9bd2807f57e3bb,train,17365,2,Fear,2,False,train,Fear,EXACT_DUPLICATE_CONSISTENT_LABEL
165,8a6362dede3d162743025e48a8616e5ffebef66fe043e0a2493346964ecce7b2,train,1608,2,Fear,2,False,train,Fear,EXACT_DUPLICATE_CONSISTENT_LABEL
165,8a6362dede3d162743025e48a8616e5ffebef66fe043e0a2493346964ecce7b2,train,28624,2,Fear,2,False,train,Fear,EXACT_DUPLICATE_CONSISTENT_LABEL
166,118879c2d51469a789364cf2f30c4e47120593c7798c40936609cd0847866826,train,1615,5,Surprise,2,False,train,Surprise,EXACT_DUPLICATE_CONSISTENT_LABEL
166,118879c2d51469a789364cf2f30c4e47120593c7798c40936609cd0847866826,train,21154,5,Surprise,2,False,train,Surprise,EXACT_DUPLICATE_CONSISTENT_LABEL
167,a381d54916deff3f901e06f8ba61160a6c6d13ed3e62cb3cedfe5dec2ca1eda6,train,1634,2,Fear,2,False,train,Fear,EXACT_DUPLICATE_CONSISTENT_LABEL
167,a381d54916deff3f901e06f8ba61160a6c6d13ed3e62cb3cedfe5dec2ca1eda6,train,13616,2,Fear,2,False,train,Fear,EXACT_DUPLICATE_CONSISTENT_LABEL
168,b8ad045824189bc9a873f4a5da5483f675fe9918525e861864696a63d213b181,train,1639,0,Angry,2,True,private/train,Angry,EXACT_DUPLICATE_CONSISTENT_LABEL
168,b8ad045824189bc9a873f4a5da5483f675fe9918525e861864696a63d213b181,private,1244,0,Angry,2,True,private/train,Angry,EXACT_DUPLICATE_CONSISTENT_LABEL
169,667fab0a9db8df151608af57c876876bd83127f138e553c8399caba37dcf6e60,train,1640,3,Happy,2,True,private/train,Happy,EXACT_DUPLICATE_CONSISTENT_LABEL
169,667fab0a9db8df151608af57c876876bd83127f138e553c8399caba37dcf6e60,private,2524,3,Happy,2,True,private/train,Happy,EXACT_DUPLICATE_CONSISTENT_LABEL
170,2289074fd1379f51cc2b8cbc216b8506df304098f478e24ea401d7dfb0316bca,train,1665,5,Surprise,3,False,train,Fear/Surprise,EXACT_DUPLICATE_CONFLICTING_LABEL
170,2289074fd1379f51cc2b8cbc216b8506df304098f478e24ea401d7dfb0316bca,train,12102,5,Surprise,3,False,train,Fear/Surprise,EXACT_DUPLICATE_CONFLICTING_LABEL
170,2289074fd1379f51cc2b8cbc216b8506df304098f478e24ea401d7dfb0316bca,train,15302,2,Fear,3,False,train,Fear/Surprise,EXACT_DUPLICATE_CONFLICTING_LABEL
171,a33ce6c6831ac66762d88c362798907b261b82139a45af788ab0d85b1cea743c,train,1679,3,Happy,2,False,train,Happy,EXACT_DUPLICATE_CONSISTENT_LABEL
171,a33ce6c6831ac66762d88c362798907b261b82139a45af788ab0d85b1cea743c,train,24933,3,Happy,2,False,train,Happy,EXACT_DUPLICATE_CONSISTENT_LABEL
172,9ddf6815f3d5162f0844daee7712afc686c6c6c3364eb1b25fb8a01b68af3f41,train,1681,5,Surprise,2,False,train,Surprise,EXACT_DUPLICATE_CONSISTENT_LABEL
172,9ddf6815f3d5162f0844daee7712afc686c6c6c3364eb1b25fb8a01b68af3f41,train,21446,5,Surprise,2,False,train,Surprise,EXACT_DUPLICATE_CONSISTENT_LABEL
173,e064e607d5c29bbb029e37699016b79c20f6eef49e9091de78e15ee0908e3b4c,train,1719,5,Surprise,2,False,train,Surprise,EXACT_DUPLICATE_CONSISTENT_LABEL
173,e064e607d5c29bbb029e37699016b79c20f6eef49e9091de78e15ee0908e3b4c,train,16669,5,Surprise,2,False,train,Surprise,EXACT_DUPLICATE_CONSISTENT_LABEL
174,182c5dd145cc694bbe9cb23217dbb9c11681df889d46a21b9e94c02edeb07b09,train,1722,2,Fear,2,False,train,Fear,EXACT_DUPLICATE_CONSISTENT_LABEL
174,182c5dd145cc694bbe9cb23217dbb9c11681df889d46a21b9e94c02edeb07b09,train,21349,2,Fear,2,False,train,Fear,EXACT_DUPLICATE_CONSISTENT_LABEL
175,82e04f8719063af484c6c8679275f1cd3790a8b13aab8764449a934b281f0c47,train,1731,0,Angry,4,True,private/train,Angry,EXACT_DUPLICATE_CONSISTENT_LABEL
175,82e04f8719063af484c6c8679275f1cd3790a8b13aab8764449a934b281f0c47,train,21370,0,Angry,4,True,private/train,Angry,EXACT_DUPLICATE_CONSISTENT_LABEL
175,82e04f8719063af484c6c8679275f1cd3790a8b13aab8764449a934b281f0c47,private,1384,0,Angry,4,True,private/train,Angry,EXACT_DUPLICATE_CONSISTENT_LABEL
175,82e04f8719063af484c6c8679275f1cd3790a8b13aab8764449a934b281f0c47,private,3309,0,Angry,4,True,private/train,Angry,EXACT_DUPLICATE_CONSISTENT_LABEL
176,62564b3c04f953bd0eab7ec9814334953c91ff6cd8563268c1f3e44f28e68ad4,train,1735,5,Surprise,2,False,train,Surprise,EXACT_DUPLICATE_CONSISTENT_LABEL
176,62564b3c04f953bd0eab7ec9814334953c91ff6cd8563268c1f3e44f28e68ad4,train,26936,5,Surprise,2,False,train,Surprise,EXACT_DUPLICATE_CONSISTENT_LABEL
177,194f2035e655c10845a2d0a11faabd69e7004574180a2dfb858da4582454d6d2,train,1748,5,Surprise,2,False,train,Surprise,EXACT_DUPLICATE_CONSISTENT_LABEL
177,194f2035e655c10845a2d0a11faabd69e7004574180a2dfb858da4582454d6d2,train,6240,5,Surprise,2,False,train,Surprise,EXACT_DUPLICATE_CONSISTENT_LABEL
178,589d92999582080ae4ddbf7525d550bb6d2a3e35a1fc4aade3dd4ea90de7d47a,train,1767,5,Surprise,2,False,train,Surprise,EXACT_DUPLICATE_CONSISTENT_LABEL
178,589d92999582080ae4ddbf7525d550bb6d2a3e35a1fc4aade3dd4ea90de7d47a,train,27325,5,Surprise,2,False,train,Surprise,EXACT_DUPLICATE_CONSISTENT_LABEL
179,83098d3678f4ebbb4b4b96734eb43effd2982230070b3c0351d9f46371fb3e5c,train,1792,5,Surprise,3,False,train,Surprise,EXACT_DUPLICATE_CONSISTENT_LABEL
179,83098d3678f4ebbb4b4b96734eb43effd2982230070b3c0351d9f46371fb3e5c,train,14926,5,Surprise,3,False,train,Surprise,EXACT_DUPLICATE_CONSISTENT_LABEL
179,83098d3678f4ebbb4b4b96734eb43effd2982230070b3c0351d9f46371fb3e5c,train,26444,5,Surprise,3,False,train,Surprise,EXACT_DUPLICATE_CONSISTENT_LABEL
180,1d339bcf2cba8389bc5ab552e4b9cbc78b5b955385f42f6f5361cc7f8a2c9b41,train,1800,5,Surprise,2,True,private/train,Surprise,EXACT_DUPLICATE_CONSISTENT_LABEL
180,1d339bcf2cba8389bc5ab552e4b9cbc78b5b955385f42f6f5361cc7f8a2c9b41,private,171,5,Surprise,2,True,private/train,Surprise,EXACT_DUPLICATE_CONSISTENT_LABEL
181,026dabfd2d66544ca7656d18f499313734cec9094bb23f57765230e21933e95d,train,1806,0,Angry,6,True,private/train,Angry,EXACT_DUPLICATE_CONSISTENT_LABEL
181,026dabfd2d66544ca7656d18f499313734cec9094bb23f57765230e21933e95d,train,13425,0,Angry,6,True,private/train,Angry,EXACT_DUPLICATE_CONSISTENT_LABEL
181,026dabfd2d66544ca7656d18f499313734cec9094bb23f57765230e21933e95d,train,22918,0,Angry,6,True,private/train,Angry,EXACT_DUPLICATE_CONSISTENT_LABEL
181,026dabfd2d66544ca7656d18f499313734cec9094bb23f57765230e21933e95d,train,25057,0,Angry,6,True,private/train,Angry,EXACT_DUPLICATE_CONSISTENT_LABEL
181,026dabfd2d66544ca7656d18f499313734cec9094bb23f57765230e21933e95d,train,26088,0,Angry,6,True,private/train,Angry,EXACT_DUPLICATE_CONSISTENT_LABEL
181,026dabfd2d66544ca7656d18f499313734cec9094bb23f57765230e21933e95d,private,2294,0,Angry,6,True,private/train,Angry,EXACT_DUPLICATE_CONSISTENT_LABEL
182,2bc70edb8ad793031079bd90b5ca04b102fc533115707ca1e4e24c193451b180,train,1807,5,Surprise,2,False,train,Surprise,EXACT_DUPLICATE_CONSISTENT_LABEL
182,2bc70edb8ad793031079bd90b5ca04b102fc533115707ca1e4e24c193451b180,train,7949,5,Surprise,2,False,train,Surprise,EXACT_DUPLICATE_CONSISTENT_LABEL
183,01241e18742bbbd9c8357e475c6193f2bb99db3fc12e9f5213ea818af3f607e9,train,1819,6,Neutral,2,False,train,Neutral,EXACT_DUPLICATE_CONSISTENT_LABEL
183,01241e18742bbbd9c8357e475c6193f2bb99db3fc12e9f5213ea818af3f607e9,train,18870,6,Neutral,2,False,train,Neutral,EXACT_DUPLICATE_CONSISTENT_LABEL
184,4e65a8392ce78387e1ccc801633c79ac1069cf2346b2d5fda80639f8711a296f,train,1820,2,Fear,2,False,train,Fear,EXACT_DUPLICATE_CONSISTENT_LABEL
184,4e65a8392ce78387e1ccc801633c79ac1069cf2346b2d5fda80639f8711a296f,train,22931,2,Fear,2,False,train,Fear,EXACT_DUPLICATE_CONSISTENT_LABEL
185,3ae3d662afd2479c7e9a7ea36bf3acc4d4e4784e2d2563818ff1f4b865e4509e,train,1822,5,Surprise,2,False,train,Surprise,EXACT_DUPLICATE_CONSISTENT_LABEL
185,3ae3d662afd2479c7e9a7ea36bf3acc4d4e4784e2d2563818ff1f4b865e4509e,train,21106,5,Surprise,2,False,train,Surprise,EXACT_DUPLICATE_CONSISTENT_LABEL
186,00910ae775852601d329923a2c524b04418b47d3400d3119aaa7c7d8c0f787a3,train,1836,5,Surprise,4,False,train,Surprise,EXACT_DUPLICATE_CONSISTENT_LABEL
186,00910ae775852601d329923a2c524b04418b47d3400d3119aaa7c7d8c0f787a3,train,3933,5,Surprise,4,False,train,Surprise,EXACT_DUPLICATE_CONSISTENT_LABEL
186,00910ae775852601d329923a2c524b04418b47d3400d3119aaa7c7d8c0f787a3,train,17404,5,Surprise,4,False,train,Surprise,EXACT_DUPLICATE_CONSISTENT_LABEL
186,00910ae775852601d329923a2c524b04418b47d3400d3119aaa7c7d8c0f787a3,train,21507,5,Surprise,4,False,train,Surprise,EXACT_DUPLICATE_CONSISTENT_LABEL
187,becfe1847b1dd60cccc2d008644b8975be9ba0666ac145293be37a5127f2bbeb,train,1858,6,Neutral,2,False,train,Neutral,EXACT_DUPLICATE_CONSISTENT_LABEL
187,becfe1847b1dd60cccc2d008644b8975be9ba0666ac145293be37a5127f2bbeb,train,9684,6,Neutral,2,False,train,Neutral,EXACT_DUPLICATE_CONSISTENT_LABEL
188,1928859ab71d14fd45fb6677a4beb8ecf4d0d26228e55fabb4f57acb93762857,train,1867,6,Neutral,2,True,public/train,Neutral,EXACT_DUPLICATE_CONSISTENT_LABEL
188,1928859ab71d14fd45fb6677a4beb8ecf4d0d26228e55fabb4f57acb93762857,public,259,6,Neutral,2,True,public/train,Neutral,EXACT_DUPLICATE_CONSISTENT_LABEL
189,ae64c0f2b4d42ce04fa6ec8d06256ab8a5e689bebd9094e3fe5398944fdce9f5,train,1942,3,Happy,2,False,train,Happy,EXACT_DUPLICATE_CONSISTENT_LABEL
189,ae64c0f2b4d42ce04fa6ec8d06256ab8a5e689bebd9094e3fe5398944fdce9f5,train,14990,3,Happy,2,False,train,Happy,EXACT_DUPLICATE_CONSISTENT_LABEL
190,fa2a0b91fd36a484f61c4d077fa8f08c2163fc4d4dcf1ca0bd88973074105fab,train,1945,5,Surprise,2,False,train,Surprise,EXACT_DUPLICATE_CONSISTENT_LABEL
190,fa2a0b91fd36a484f61c4d077fa8f08c2163fc4d4dcf1ca0bd88973074105fab,train,5461,5,Surprise,2,False,train,Surprise,EXACT_DUPLICATE_CONSISTENT_LABEL
191,a5b401dc942876fd21a05d538f9f1eea316d0b28a2231467497e8fd981cc5fb9,train,1969,3,Happy,2,True,private/train,Happy,EXACT_DUPLICATE_CONSISTENT_LABEL
191,a5b401dc942876fd21a05d538f9f1eea316d0b28a2231467497e8fd981cc5fb9,private,1182,3,Happy,2,True,private/train,Happy,EXACT_DUPLICATE_CONSISTENT_LABEL
192,778973bf789654f541e1d50b6850c68039ba0511207e856569befcf4b6950ed5,train,1970,3,Happy,2,False,train,Happy,EXACT_DUPLICATE_CONSISTENT_LABEL
192,778973bf789654f541e1d50b6850c68039ba0511207e856569befcf4b6950ed5,train,3083,3,Happy,2,False,train,Happy,EXACT_DUPLICATE_CONSISTENT_LABEL
193,a0b332c13e82d09a06993bc2379e068e894c68f12798d341723c2c7475af785b,train,1975,1,Disgust,3,False,train,Disgust,EXACT_DUPLICATE_CONSISTENT_LABEL
193,a0b332c13e82d09a06993bc2379e068e894c68f12798d341723c2c7475af785b,train,3626,1,Disgust,3,False,train,Disgust,EXACT_DUPLICATE_CONSISTENT_LABEL
193,a0b332c13e82d09a06993bc2379e068e894c68f12798d341723c2c7475af785b,train,28203,1,Disgust,3,False,train,Disgust,EXACT_DUPLICATE_CONSISTENT_LABEL
194,a0ae9ed4a87f38f3bd2a7f1d7d47b32b5810fa3ea3432b36ade37873bba22ec6,train,1977,5,Surprise,2,False,train,Surprise,EXACT_DUPLICATE_CONSISTENT_LABEL
194,a0ae9ed4a87f38f3bd2a7f1d7d47b32b5810fa3ea3432b36ade37873bba22ec6,train,8132,5,Surprise,2,False,train,Surprise,EXACT_DUPLICATE_CONSISTENT_LABEL
195,a37ffd1a515a4f977fc0a3049c2940a1cf158d2bbdb7110e87527ea0eb75473b,train,1978,3,Happy,2,False,train,Happy,EXACT_DUPLICATE_CONSISTENT_LABEL
195,a37ffd1a515a4f977fc0a3049c2940a1cf158d2bbdb7110e87527ea0eb75473b,train,4487,3,Happy,2,False,train,Happy,EXACT_DUPLICATE_CONSISTENT_LABEL
196,7d3301b97ee3480014925e364ab0e2774453e7946aacf6816629fc9bb30567e1,train,1984,4,Sad,2,False,train,Sad,EXACT_DUPLICATE_CONSISTENT_LABEL
196,7d3301b97ee3480014925e364ab0e2774453e7946aacf6816629fc9bb30567e1,train,16537,4,Sad,2,False,train,Sad,EXACT_DUPLICATE_CONSISTENT_LABEL
197,ea8889b3bd441ad3ed0f46f92f3a8841676fbf3cfd59cd43793b3722e1e7505e,train,1997,5,Surprise,2,False,train,Surprise,EXACT_DUPLICATE_CONSISTENT_LABEL
197,ea8889b3bd441ad3ed0f46f92f3a8841676fbf3cfd59cd43793b3722e1e7505e,train,13257,5,Surprise,2,False,train,Surprise,EXACT_DUPLICATE_CONSISTENT_LABEL
198,7a278acd803efdc8ef411698ae1ad97d163c4b2978a7267c3e6f29827ca62561,train,1999,5,Surprise,2,True,public/train,Surprise,EXACT_DUPLICATE_CONSISTENT_LABEL
198,7a278acd803efdc8ef411698ae1ad97d163c4b2978a7267c3e6f29827ca62561,public,2167,5,Surprise,2,True,public/train,Surprise,EXACT_DUPLICATE_CONSISTENT_LABEL
199,d9bd0ca9b7927ce66cfd6dc72b36ef181ae22c44bd0d812c1926c07ab4b3d236,train,2032,5,Surprise,2,False,train,Surprise,EXACT_DUPLICATE_CONSISTENT_LABEL
199,d9bd0ca9b7927ce66cfd6dc72b36ef181ae22c44bd0d812c1926c07ab4b3d236,train,5870,5,Surprise,2,False,train,Surprise,EXACT_DUPLICATE_CONSISTENT_LABEL
200,d96ab6684082c3003aac4441e6436cca00cf38d6f50e02eeeeef61e41a5345e4,train,2034,5,Surprise,2,False,train,Surprise,EXACT_DUPLICATE_CONSISTENT_LABEL
200,d96ab6684082c3003aac4441e6436cca00cf38d6f50e02eeeeef61e41a5345e4,train,10446,5,Surprise,2,False,train,Surprise,EXACT_DUPLICATE_CONSISTENT_LABEL
201,31694efb3df398723cf92f0ea2cc2864876b8c033793fafb58cec282ece6d83e,train,2045,3,Happy,2,False,train,Happy,EXACT_DUPLICATE_CONSISTENT_LABEL
201,31694efb3df398723cf92f0ea2cc2864876b8c033793fafb58cec282ece6d83e,train,25902,3,Happy,2,False,train,Happy,EXACT_DUPLICATE_CONSISTENT_LABEL
202,6fe20e7aabddd2d147cc0fcebafa2eca29c9c5362fe22ea362812944090a5c79,train,2090,5,Surprise,2,True,public/train,Surprise,EXACT_DUPLICATE_CONSISTENT_LABEL
202,6fe20e7aabddd2d147cc0fcebafa2eca29c9c5362fe22ea362812944090a5c79,public,587,5,Surprise,2,True,public/train,Surprise,EXACT_DUPLICATE_CONSISTENT_LABEL
203,eee63473c88fa16f4489813e8aa9253c48de7558d77a3a17afbde29823445463,train,2097,2,Fear,2,True,private/train,Fear,EXACT_DUPLICATE_CONSISTENT_LABEL
203,eee63473c88fa16f4489813e8aa9253c48de7558d77a3a17afbde29823445463,private,2561,2,Fear,2,True,private/train,Fear,EXACT_DUPLICATE_CONSISTENT_LABEL
204,5b9561dc17d55f3a0c2fc52d6bb623c7feaa0d4508c31768a9d06c7ec99c0ed1,train,2101,4,Sad,2,True,private/train,Sad,EXACT_DUPLICATE_CONSISTENT_LABEL
204,5b9561dc17d55f3a0c2fc52d6bb623c7feaa0d4508c31768a9d06c7ec99c0ed1,private,1653,4,Sad,2,True,private/train,Sad,EXACT_DUPLICATE_CONSISTENT_LABEL
205,7b2a18e9f9741ff96391ab7a82f6ca5e4a14a79c9065324450470eeec697b915,train,2108,0,Angry,3,True,private/train,Angry,EXACT_DUPLICATE_CONSISTENT_LABEL
205,7b2a18e9f9741ff96391ab7a82f6ca5e4a14a79c9065324450470eeec697b915,train,23641,0,Angry,3,True,private/train,Angry,EXACT_DUPLICATE_CONSISTENT_LABEL
205,7b2a18e9f9741ff96391ab7a82f6ca5e4a14a79c9065324450470eeec697b915,private,560,0,Angry,3,True,private/train,Angry,EXACT_DUPLICATE_CONSISTENT_LABEL
206,4338b42efa1423f71f8375684acfa9d98ad602fbe59c9b4b526cfd13bc01a7d4,train,2119,5,Surprise,3,False,train,Surprise,EXACT_DUPLICATE_CONSISTENT_LABEL
206,4338b42efa1423f71f8375684acfa9d98ad602fbe59c9b4b526cfd13bc01a7d4,train,4036,5,Surprise,3,False,train,Surprise,EXACT_DUPLICATE_CONSISTENT_LABEL
206,4338b42efa1423f71f8375684acfa9d98ad602fbe59c9b4b526cfd13bc01a7d4,train,13447,5,Surprise,3,False,train,Surprise,EXACT_DUPLICATE_CONSISTENT_LABEL
207,ebd93933fa048631cf78f8b08ef327ffbd6c403080296580cbb91eb4a46d505a,train,2130,5,Surprise,2,False,train,Surprise,EXACT_DUPLICATE_CONSISTENT_LABEL
207,ebd93933fa048631cf78f8b08ef327ffbd6c403080296580cbb91eb4a46d505a,train,2234,5,Surprise,2,False,train,Surprise,EXACT_DUPLICATE_CONSISTENT_LABEL
208,d0a84d583d9fd4cd07960f3b4f178e01b69f2f4936cb0e904ec195075500cdd8,train,2134,2,Fear,2,False,train,Fear,EXACT_DUPLICATE_CONSISTENT_LABEL
208,d0a84d583d9fd4cd07960f3b4f178e01b69f2f4936cb0e904ec195075500cdd8,train,18663,2,Fear,2,False,train,Fear,EXACT_DUPLICATE_CONSISTENT_LABEL
209,0ebfbd2a280bd563ff8a62a7b64bea448fc0b213db9d2400b5ba037bc28d3609,train,2135,3,Happy,2,False,train,Happy,EXACT_DUPLICATE_CONSISTENT_LABEL
209,0ebfbd2a280bd563ff8a62a7b64bea448fc0b213db9d2400b5ba037bc28d3609,train,13504,3,Happy,2,False,train,Happy,EXACT_DUPLICATE_CONSISTENT_LABEL
210,fd292d612295aac328afa3ee35fbf1569989eabe6b2508529f7882a89e269798,train,2136,3,Happy,2,False,train,Happy,EXACT_DUPLICATE_CONSISTENT_LABEL
210,fd292d612295aac328afa3ee35fbf1569989eabe6b2508529f7882a89e269798,train,9165,3,Happy,2,False,train,Happy,EXACT_DUPLICATE_CONSISTENT_LABEL
211,768dd018987a42a7583157e345a75cc8ecb71a89470faefe1f85f734cb88383d,train,2140,5,Surprise,2,True,public/train,Surprise,EXACT_DUPLICATE_CONSISTENT_LABEL
211,768dd018987a42a7583157e345a75cc8ecb71a89470faefe1f85f734cb88383d,public,2739,5,Surprise,2,True,public/train,Surprise,EXACT_DUPLICATE_CONSISTENT_LABEL
212,bc8d4b2b4ea673049dce625ffb6aab990de5460a1cdc1f66d022a3d5509952a4,train,2165,0,Angry,2,True,private/train,Angry,EXACT_DUPLICATE_CONSISTENT_LABEL
212,bc8d4b2b4ea673049dce625ffb6aab990de5460a1cdc1f66d022a3d5509952a4,private,3326,0,Angry,2,True,private/train,Angry,EXACT_DUPLICATE_CONSISTENT_LABEL
213,92f1daeef2962e408fffc86807e1ab488b44e025c6276eb8af4f1cbf553d7955,train,2188,5,Surprise,2,False,train,Surprise,EXACT_DUPLICATE_CONSISTENT_LABEL
213,92f1daeef2962e408fffc86807e1ab488b44e025c6276eb8af4f1cbf553d7955,train,6533,5,Surprise,2,False,train,Surprise,EXACT_DUPLICATE_CONSISTENT_LABEL
214,9a30889c71b02736d5c2df71c26c66a31616d51b310ca59e5713b07761e348ce,train,2228,5,Surprise,4,True,private/train,Surprise,EXACT_DUPLICATE_CONSISTENT_LABEL
214,9a30889c71b02736d5c2df71c26c66a31616d51b310ca59e5713b07761e348ce,train,3971,5,Surprise,4,True,private/train,Surprise,EXACT_DUPLICATE_CONSISTENT_LABEL
214,9a30889c71b02736d5c2df71c26c66a31616d51b310ca59e5713b07761e348ce,private,2832,5,Surprise,4,True,private/train,Surprise,EXACT_DUPLICATE_CONSISTENT_LABEL
214,9a30889c71b02736d5c2df71c26c66a31616d51b310ca59e5713b07761e348ce,private,2866,5,Surprise,4,True,private/train,Surprise,EXACT_DUPLICATE_CONSISTENT_LABEL
215,d8b5d506fd8b8565a4a7edc017af26c22b282dfa1270d4d1b4b3831397d577af,train,2232,2,Fear,2,False,train,Fear,EXACT_DUPLICATE_CONSISTENT_LABEL
215,d8b5d506fd8b8565a4a7edc017af26c22b282dfa1270d4d1b4b3831397d577af,train,8147,2,Fear,2,False,train,Fear,EXACT_DUPLICATE_CONSISTENT_LABEL
216,be608377fd239a94d7256026365ceb90ad954be30ebfab8fcacc46d8fc46cd43,train,2237,4,Sad,2,False,train,Sad,EXACT_DUPLICATE_CONSISTENT_LABEL
216,be608377fd239a94d7256026365ceb90ad954be30ebfab8fcacc46d8fc46cd43,train,27547,4,Sad,2,False,train,Sad,EXACT_DUPLICATE_CONSISTENT_LABEL
217,c49a0f968f49c8ee5baadfeb12fd4e4fe064a3a25755d1341f3b148e1c137854,train,2252,2,Fear,2,False,train,Fear/Sad,EXACT_DUPLICATE_CONFLICTING_LABEL
217,c49a0f968f49c8ee5baadfeb12fd4e4fe064a3a25755d1341f3b148e1c137854,train,24392,4,Sad,2,False,train,Fear/Sad,EXACT_DUPLICATE_CONFLICTING_LABEL
218,3402ddcfb8d1da3557af8db74a06939c420e307054cb1fa81636e1573c8486c7,train,2259,5,Surprise,5,True,public/train,Surprise,EXACT_DUPLICATE_CONSISTENT_LABEL
218,3402ddcfb8d1da3557af8db74a06939c420e307054cb1fa81636e1573c8486c7,train,3569,5,Surprise,5,True,public/train,Surprise,EXACT_DUPLICATE_CONSISTENT_LABEL
218,3402ddcfb8d1da3557af8db74a06939c420e307054cb1fa81636e1573c8486c7,train,23724,5,Surprise,5,True,public/train,Surprise,EXACT_DUPLICATE_CONSISTENT_LABEL
218,3402ddcfb8d1da3557af8db74a06939c420e307054cb1fa81636e1573c8486c7,train,25353,5,Surprise,5,True,public/train,Surprise,EXACT_DUPLICATE_CONSISTENT_LABEL
218,3402ddcfb8d1da3557af8db74a06939c420e307054cb1fa81636e1573c8486c7,public,828,5,Surprise,5,True,public/train,Surprise,EXACT_DUPLICATE_CONSISTENT_LABEL
219,c8233bee29c22936cdcf1189e63595ed49573d4aae2762bd4a4f66bae8d2a77a,train,2283,5,Surprise,2,False,train,Surprise,EXACT_DUPLICATE_CONSISTENT_LABEL
219,c8233bee29c22936cdcf1189e63595ed49573d4aae2762bd4a4f66bae8d2a77a,train,9021,5,Surprise,2,False,train,Surprise,EXACT_DUPLICATE_CONSISTENT_LABEL
220,8a5136fa180819fd4eef7f0cb92ab2549586116ca887cf44d04e2ebac27e127c,train,2297,2,Fear,2,False,train,Fear,EXACT_DUPLICATE_CONSISTENT_LABEL
220,8a5136fa180819fd4eef7f0cb92ab2549586116ca887cf44d04e2ebac27e127c,train,20255,2,Fear,2,False,train,Fear,EXACT_DUPLICATE_CONSISTENT_LABEL
221,2ebeb894300c832331d0499834e3182c3de65e1ec412bd91e0b3f3d3c584cc36,train,2298,2,Fear,2,False,train,Fear,EXACT_DUPLICATE_CONSISTENT_LABEL
221,2ebeb894300c832331d0499834e3182c3de65e1ec412bd91e0b3f3d3c584cc36,train,15666,2,Fear,2,False,train,Fear,EXACT_DUPLICATE_CONSISTENT_LABEL
222,e91a06394860879b50e55d0ff0d2d56c89747975fe6b3b79e55de27cf16a6a87,train,2320,2,Fear,4,False,train,Fear,EXACT_DUPLICATE_CONSISTENT_LABEL
222,e91a06394860879b50e55d0ff0d2d56c89747975fe6b3b79e55de27cf16a6a87,train,12691,2,Fear,4,False,train,Fear,EXACT_DUPLICATE_CONSISTENT_LABEL
222,e91a06394860879b50e55d0ff0d2d56c89747975fe6b3b79e55de27cf16a6a87,train,26537,2,Fear,4,False,train,Fear,EXACT_DUPLICATE_CONSISTENT_LABEL
222,e91a06394860879b50e55d0ff0d2d56c89747975fe6b3b79e55de27cf16a6a87,train,27098,2,Fear,4,False,train,Fear,EXACT_DUPLICATE_CONSISTENT_LABEL
223,2c7b596ebaac375248340bc829d91de83f2e978185aa97bc2edd667d54ce74e3,train,2321,1,Disgust,2,False,train,Disgust,EXACT_DUPLICATE_CONSISTENT_LABEL
223,2c7b596ebaac375248340bc829d91de83f2e978185aa97bc2edd667d54ce74e3,train,3195,1,Disgust,2,False,train,Disgust,EXACT_DUPLICATE_CONSISTENT_LABEL
224,cc4f8aad40a99b939988117a479eaa98c5326996538a2ce96bd32af6199a5781,train,2330,2,Fear,2,False,train,Fear,EXACT_DUPLICATE_CONSISTENT_LABEL
224,cc4f8aad40a99b939988117a479eaa98c5326996538a2ce96bd32af6199a5781,train,7176,2,Fear,2,False,train,Fear,EXACT_DUPLICATE_CONSISTENT_LABEL
225,d612fa41df078c0170641effeefec58d820912acacbc68be989278b1aec8280f,train,2339,4,Sad,4,False,train,Sad,EXACT_DUPLICATE_CONSISTENT_LABEL
225,d612fa41df078c0170641effeefec58d820912acacbc68be989278b1aec8280f,train,8876,4,Sad,4,False,train,Sad,EXACT_DUPLICATE_CONSISTENT_LABEL
225,d612fa41df078c0170641effeefec58d820912acacbc68be989278b1aec8280f,train,13271,4,Sad,4,False,train,Sad,EXACT_DUPLICATE_CONSISTENT_LABEL
225,d612fa41df078c0170641effeefec58d820912acacbc68be989278b1aec8280f,train,16125,4,Sad,4,False,train,Sad,EXACT_DUPLICATE_CONSISTENT_LABEL
226,51e1a32dfd89ee351133b5452bf8c4b8279328c9a0d118baf74f4382c4bcc6c2,train,2340,0,Angry,2,False,train,Angry,EXACT_DUPLICATE_CONSISTENT_LABEL
226,51e1a32dfd89ee351133b5452bf8c4b8279328c9a0d118baf74f4382c4bcc6c2,train,27901,0,Angry,2,False,train,Angry,EXACT_DUPLICATE_CONSISTENT_LABEL
227,702c0a60747d24ca4b3d03d09b7ee4ca68d44abd4aef8f15026a6227c959f308,train,2344,5,Surprise,2,False,train,Surprise,EXACT_DUPLICATE_CONSISTENT_LABEL
227,702c0a60747d24ca4b3d03d09b7ee4ca68d44abd4aef8f15026a6227c959f308,train,24293,5,Surprise,2,False,train,Surprise,EXACT_DUPLICATE_CONSISTENT_LABEL
228,d9eb2e1fab486c5a3d3ca80a5df99c4779e4de1ccf3a58850169055ce4cff352,train,2350,3,Happy,2,True,public/train,Happy,EXACT_DUPLICATE_CONSISTENT_LABEL
228,d9eb2e1fab486c5a3d3ca80a5df99c4779e4de1ccf3a58850169055ce4cff352,public,327,3,Happy,2,True,public/train,Happy,EXACT_DUPLICATE_CONSISTENT_LABEL
229,2f20307379bcb14b38cbf492badd041f16d916550d8cfa9eaa276bb8363b25ca,train,2351,5,Surprise,2,False,train,Surprise,EXACT_DUPLICATE_CONSISTENT_LABEL
229,2f20307379bcb14b38cbf492badd041f16d916550d8cfa9eaa276bb8363b25ca,train,7309,5,Surprise,2,False,train,Surprise,EXACT_DUPLICATE_CONSISTENT_LABEL
230,4a6b8b3f2ae66b747218857418a986f3e9c7a8ad5cb2025ad130916fc2c6da18,train,2352,5,Surprise,2,False,train,Surprise,EXACT_DUPLICATE_CONSISTENT_LABEL
230,4a6b8b3f2ae66b747218857418a986f3e9c7a8ad5cb2025ad130916fc2c6da18,train,21781,5,Surprise,2,False,train,Surprise,EXACT_DUPLICATE_CONSISTENT_LABEL
231,6e9337886a9c74e7a90ee79b95041599684f8bb98dcdf564d712c4d52f162ddb,train,2358,5,Surprise,2,False,train,Surprise,EXACT_DUPLICATE_CONSISTENT_LABEL
231,6e9337886a9c74e7a90ee79b95041599684f8bb98dcdf564d712c4d52f162ddb,train,7042,5,Surprise,2,False,train,Surprise,EXACT_DUPLICATE_CONSISTENT_LABEL
232,8bea77c2ce8e044b79f9237208fdf69a1a92f846300eac4a350e53445704949c,train,2375,2,Fear,2,True,private/train,Fear,EXACT_DUPLICATE_CONSISTENT_LABEL
232,8bea77c2ce8e044b79f9237208fdf69a1a92f846300eac4a350e53445704949c,private,1659,2,Fear,2,True,private/train,Fear,EXACT_DUPLICATE_CONSISTENT_LABEL
233,0afc7d2adf4e6445f8ae51fb2a28256062d0e69adc8e08171d067f106859f88a,train,2381,0,Angry,2,False,train,Angry,EXACT_DUPLICATE_CONSISTENT_LABEL
233,0afc7d2adf4e6445f8ae51fb2a28256062d0e69adc8e08171d067f106859f88a,train,25424,0,Angry,2,False,train,Angry,EXACT_DUPLICATE_CONSISTENT_LABEL
234,60e9518becdb58f7bbb2c2d4945b8aaa8459f973607881795569559a6419b732,train,2393,5,Surprise,2,False,train,Surprise,EXACT_DUPLICATE_CONSISTENT_LABEL
234,60e9518becdb58f7bbb2c2d4945b8aaa8459f973607881795569559a6419b732,train,11902,5,Surprise,2,False,train,Surprise,EXACT_DUPLICATE_CONSISTENT_LABEL
235,1aff30ed60e70d8746d9ee3dbd5c18f2cce7b15a13b6d51d9e80cc2edfbf5612,train,2408,2,Fear,2,True,public/train,Fear,EXACT_DUPLICATE_CONSISTENT_LABEL
235,1aff30ed60e70d8746d9ee3dbd5c18f2cce7b15a13b6d51d9e80cc2edfbf5612,public,1068,2,Fear,2,True,public/train,Fear,EXACT_DUPLICATE_CONSISTENT_LABEL
236,dd0bf84fd8d07e31d7e5241742daf7661d044f16886417ca4bc194be04aa2aa9,train,2419,1,Disgust,2,True,private/train,Disgust,EXACT_DUPLICATE_CONSISTENT_LABEL
236,dd0bf84fd8d07e31d7e5241742daf7661d044f16886417ca4bc194be04aa2aa9,private,1549,1,Disgust,2,True,private/train,Disgust,EXACT_DUPLICATE_CONSISTENT_LABEL
237,b698d1150aecf8f720371fb9b36c2a53f4c729a5a44804966195b5c6be6f0699,train,2433,6,Neutral,2,True,public/train,Neutral/Sad,EXACT_DUPLICATE_CONFLICTING_LABEL
237,b698d1150aecf8f720371fb9b36c2a53f4c729a5a44804966195b5c6be6f0699,public,405,4,Sad,2,True,public/train,Neutral/Sad,EXACT_DUPLICATE_CONFLICTING_LABEL
238,e02a83a409e0efd4c5ae9a7bb9838446a3ca50abccfb4e5e8748517fe30a050f,train,2450,3,Happy,2,False,train,Happy,EXACT_DUPLICATE_CONSISTENT_LABEL
238,e02a83a409e0efd4c5ae9a7bb9838446a3ca50abccfb4e5e8748517fe30a050f,train,10956,3,Happy,2,False,train,Happy,EXACT_DUPLICATE_CONSISTENT_LABEL
239,b2d23a7108728f054da59ef97bb1530df3736a12d1fac05d8dd37b7b1f5f01ee,train,2456,3,Happy,2,False,train,Happy,EXACT_DUPLICATE_CONSISTENT_LABEL
239,b2d23a7108728f054da59ef97bb1530df3736a12d1fac05d8dd37b7b1f5f01ee,train,10992,3,Happy,2,False,train,Happy,EXACT_DUPLICATE_CONSISTENT_LABEL
240,67f6886a59f6d43838bbfe0c611294e9b22070c02a84f3ff324d1d74746b46d9,train,2461,5,Surprise,2,True,public/train,Surprise,EXACT_DUPLICATE_CONSISTENT_LABEL
240,67f6886a59f6d43838bbfe0c611294e9b22070c02a84f3ff324d1d74746b46d9,public,2854,5,Surprise,2,True,public/train,Surprise,EXACT_DUPLICATE_CONSISTENT_LABEL
241,3bb86a141cc98fac355a0c936bc751f89450a59c6a7ba22d93842f42073c4d18,train,2466,5,Surprise,2,False,train,Surprise,EXACT_DUPLICATE_CONSISTENT_LABEL
241,3bb86a141cc98fac355a0c936bc751f89450a59c6a7ba22d93842f42073c4d18,train,17845,5,Surprise,2,False,train,Surprise,EXACT_DUPLICATE_CONSISTENT_LABEL
242,7dc410b2eb57c3c1f259fa4e14da4db73f7b3dd4b170a1b3d9870cba511479d5,train,2475,5,Surprise,2,False,train,Surprise,EXACT_DUPLICATE_CONSISTENT_LABEL
242,7dc410b2eb57c3c1f259fa4e14da4db73f7b3dd4b170a1b3d9870cba511479d5,train,9672,5,Surprise,2,False,train,Surprise,EXACT_DUPLICATE_CONSISTENT_LABEL
243,57f91785670663caf32c44da2f9213dd92a7d74345e8c9163de2c813cdeaac0c,train,2478,4,Sad,2,True,private/train,Sad,EXACT_DUPLICATE_CONSISTENT_LABEL
243,57f91785670663caf32c44da2f9213dd92a7d74345e8c9163de2c813cdeaac0c,private,783,4,Sad,2,True,private/train,Sad,EXACT_DUPLICATE_CONSISTENT_LABEL
244,6d5cc0b522c39c36c04576dd8bac85be5f26839f8e236e02d92a3e2c699cae22,train,2510,6,Neutral,2,False,train,Neutral,EXACT_DUPLICATE_CONSISTENT_LABEL
244,6d5cc0b522c39c36c04576dd8bac85be5f26839f8e236e02d92a3e2c699cae22,train,23313,6,Neutral,2,False,train,Neutral,EXACT_DUPLICATE_CONSISTENT_LABEL
245,4364e0af841786e29ce5e6b80368efb000a2fcb11e67e7b0ee5f9029d6406c6a,train,2572,2,Fear,2,False,train,Fear,EXACT_DUPLICATE_CONSISTENT_LABEL
245,4364e0af841786e29ce5e6b80368efb000a2fcb11e67e7b0ee5f9029d6406c6a,train,2915,2,Fear,2,False,train,Fear,EXACT_DUPLICATE_CONSISTENT_LABEL
246,bed0967b39f1bd2bcca69ccb02ecbaa88bea78d86e287797272171989c34e5b1,train,2595,2,Fear,2,False,train,Fear,EXACT_DUPLICATE_CONSISTENT_LABEL
246,bed0967b39f1bd2bcca69ccb02ecbaa88bea78d86e287797272171989c34e5b1,train,6111,2,Fear,2,False,train,Fear,EXACT_DUPLICATE_CONSISTENT_LABEL
247,2d33f417a6f6d9ca47b8b0f190e6f25cb3e92b787f1ceafac2868223af1ff6d5,train,2601,6,Neutral,3,False,train,Neutral,EXACT_DUPLICATE_CONSISTENT_LABEL
247,2d33f417a6f6d9ca47b8b0f190e6f25cb3e92b787f1ceafac2868223af1ff6d5,train,13931,6,Neutral,3,False,train,Neutral,EXACT_DUPLICATE_CONSISTENT_LABEL
247,2d33f417a6f6d9ca47b8b0f190e6f25cb3e92b787f1ceafac2868223af1ff6d5,train,18594,6,Neutral,3,False,train,Neutral,EXACT_DUPLICATE_CONSISTENT_LABEL
248,5b2c5e7f6f7bead0b04444e31aef3ee54a86f784320a5343bd2694ce037aaff6,train,2643,3,Happy,2,False,train,Happy,EXACT_DUPLICATE_CONSISTENT_LABEL
248,5b2c5e7f6f7bead0b04444e31aef3ee54a86f784320a5343bd2694ce037aaff6,train,26300,3,Happy,2,False,train,Happy,EXACT_DUPLICATE_CONSISTENT_LABEL
249,7d1ac8f7478b2830ff96252108d3336bf056b083bcf99fb184ddae138a402221,train,2683,2,Fear,3,False,train,Fear,EXACT_DUPLICATE_CONSISTENT_LABEL
249,7d1ac8f7478b2830ff96252108d3336bf056b083bcf99fb184ddae138a402221,train,8419,2,Fear,3,False,train,Fear,EXACT_DUPLICATE_CONSISTENT_LABEL
249,7d1ac8f7478b2830ff96252108d3336bf056b083bcf99fb184ddae138a402221,train,16217,2,Fear,3,False,train,Fear,EXACT_DUPLICATE_CONSISTENT_LABEL
250,83daf111d4935fe047423a9f7787bf83070fe0e7bd567ff77a171c783ab04554,train,2691,2,Fear,7,True,private/train,Fear,EXACT_DUPLICATE_CONSISTENT_LABEL
250,83daf111d4935fe047423a9f7787bf83070fe0e7bd567ff77a171c783ab04554,train,6506,2,Fear,7,True,private/train,Fear,EXACT_DUPLICATE_CONSISTENT_LABEL
250,83daf111d4935fe047423a9f7787bf83070fe0e7bd567ff77a171c783ab04554,train,13651,2,Fear,7,True,private/train,Fear,EXACT_DUPLICATE_CONSISTENT_LABEL
250,83daf111d4935fe047423a9f7787bf83070fe0e7bd567ff77a171c783ab04554,train,17959,2,Fear,7,True,private/train,Fear,EXACT_DUPLICATE_CONSISTENT_LABEL
250,83daf111d4935fe047423a9f7787bf83070fe0e7bd567ff77a171c783ab04554,train,23849,2,Fear,7,True,private/train,Fear,EXACT_DUPLICATE_CONSISTENT_LABEL
250,83daf111d4935fe047423a9f7787bf83070fe0e7bd567ff77a171c783ab04554,private,693,2,Fear,7,True,private/train,Fear,EXACT_DUPLICATE_CONSISTENT_LABEL
250,83daf111d4935fe047423a9f7787bf83070fe0e7bd567ff77a171c783ab04554,private,2263,2,Fear,7,True,private/train,Fear,EXACT_DUPLICATE_CONSISTENT_LABEL
251,7e425972cea559562ee6b4e8e0dfddc2692b9d183a4c377b4ee3c6cd55af88f2,train,2722,5,Surprise,2,True,public/train,Surprise,EXACT_DUPLICATE_CONSISTENT_LABEL
251,7e425972cea559562ee6b4e8e0dfddc2692b9d183a4c377b4ee3c6cd55af88f2,public,2924,5,Surprise,2,True,public/train,Surprise,EXACT_DUPLICATE_CONSISTENT_LABEL
252,824b373ed9be084a883cb0ef6fdec592af7ecb422758d1fd88f5f51f58f097d1,train,2726,2,Fear,2,False,train,Fear,EXACT_DUPLICATE_CONSISTENT_LABEL
252,824b373ed9be084a883cb0ef6fdec592af7ecb422758d1fd88f5f51f58f097d1,train,21898,2,Fear,2,False,train,Fear,EXACT_DUPLICATE_CONSISTENT_LABEL
253,601aa2401e7212c7bd8470bb90e300b882b90fba3796eb4e2236c1d6e248d19e,train,2736,5,Surprise,2,False,train,Surprise,EXACT_DUPLICATE_CONSISTENT_LABEL
253,601aa2401e7212c7bd8470bb90e300b882b90fba3796eb4e2236c1d6e248d19e,train,14001,5,Surprise,2,False,train,Surprise,EXACT_DUPLICATE_CONSISTENT_LABEL
254,acbf1ca94766e76c2ca2fb51b482f40daf649c851a97ed67a60a64ba63967520,train,2742,1,Disgust,2,False,train,Disgust,EXACT_DUPLICATE_CONSISTENT_LABEL
254,acbf1ca94766e76c2ca2fb51b482f40daf649c851a97ed67a60a64ba63967520,train,16924,1,Disgust,2,False,train,Disgust,EXACT_DUPLICATE_CONSISTENT_LABEL
255,71c07323f75478a233707774a42db3d2d26cf4ef5ca3bce50c1a17b2f22999c6,train,2758,5,Surprise,2,False,train,Surprise,EXACT_DUPLICATE_CONSISTENT_LABEL
255,71c07323f75478a233707774a42db3d2d26cf4ef5ca3bce50c1a17b2f22999c6,train,20350,5,Surprise,2,False,train,Surprise,EXACT_DUPLICATE_CONSISTENT_LABEL
256,081d7e6ef2397198dedf9aab8c18ee74e1964e05aab5bb5d7126650a6f392deb,train,2784,3,Happy,2,False,train,Happy,EXACT_DUPLICATE_CONSISTENT_LABEL
256,081d7e6ef2397198dedf9aab8c18ee74e1964e05aab5bb5d7126650a6f392deb,train,25809,3,Happy,2,False,train,Happy,EXACT_DUPLICATE_CONSISTENT_LABEL
257,93adb30a8f75f76665256ec260d199861f8c3ffa0e6a4229e5f95e05330f32ae,train,2794,3,Happy,2,False,train,Happy,EXACT_DUPLICATE_CONSISTENT_LABEL
257,93adb30a8f75f76665256ec260d199861f8c3ffa0e6a4229e5f95e05330f32ae,train,27876,3,Happy,2,False,train,Happy,EXACT_DUPLICATE_CONSISTENT_LABEL
258,e4c07339d83927549f07b28fe0bfceb7bde69d6066177cf58ae84c65b3b1ac34,train,2804,5,Surprise,2,False,train,Surprise,EXACT_DUPLICATE_CONSISTENT_LABEL
258,e4c07339d83927549f07b28fe0bfceb7bde69d6066177cf58ae84c65b3b1ac34,train,21516,5,Surprise,2,False,train,Surprise,EXACT_DUPLICATE_CONSISTENT_LABEL
259,307418689d7dba63b81ac0dbb23af37b0f7a8f52a7271d6cc51046beb9013ca6,train,2830,0,Angry,2,False,train,Angry,EXACT_DUPLICATE_CONSISTENT_LABEL
259,307418689d7dba63b81ac0dbb23af37b0f7a8f52a7271d6cc51046beb9013ca6,train,6375,0,Angry,2,False,train,Angry,EXACT_DUPLICATE_CONSISTENT_LABEL
260,bf715d007347f0b160b37f44abe345f833431c3cdacd041abe62d9f801b2a4e3,train,2837,5,Surprise,2,False,train,Surprise,EXACT_DUPLICATE_CONSISTENT_LABEL
260,bf715d007347f0b160b37f44abe345f833431c3cdacd041abe62d9f801b2a4e3,train,28130,5,Surprise,2,False,train,Surprise,EXACT_DUPLICATE_CONSISTENT_LABEL
261,8b8dd2273c036d2673dfe370a100ffc9c7ea25bdfd0d590b1fbf80535d9663bb,train,2867,3,Happy,2,False,train,Happy,EXACT_DUPLICATE_CONSISTENT_LABEL
261,8b8dd2273c036d2673dfe370a100ffc9c7ea25bdfd0d590b1fbf80535d9663bb,train,5498,3,Happy,2,False,train,Happy,EXACT_DUPLICATE_CONSISTENT_LABEL
262,ecb07fa0ec5e31d710b4ec2d27bf2ef0aca324f302bfbe84307b241a9525fc41,train,2883,5,Surprise,3,False,train,Surprise,EXACT_DUPLICATE_CONSISTENT_LABEL
262,ecb07fa0ec5e31d710b4ec2d27bf2ef0aca324f302bfbe84307b241a9525fc41,train,17738,5,Surprise,3,False,train,Surprise,EXACT_DUPLICATE_CONSISTENT_LABEL
262,ecb07fa0ec5e31d710b4ec2d27bf2ef0aca324f302bfbe84307b241a9525fc41,train,23949,5,Surprise,3,False,train,Surprise,EXACT_DUPLICATE_CONSISTENT_LABEL
263,2f6be77f3f926397d05222010c079a3fdc4817358b93b48c687237b379ebd3e5,train,2891,0,Angry,7,True,private/train,Angry,EXACT_DUPLICATE_CONSISTENT_LABEL
263,2f6be77f3f926397d05222010c079a3fdc4817358b93b48c687237b379ebd3e5,train,9317,0,Angry,7,True,private/train,Angry,EXACT_DUPLICATE_CONSISTENT_LABEL
263,2f6be77f3f926397d05222010c079a3fdc4817358b93b48c687237b379ebd3e5,train,14376,0,Angry,7,True,private/train,Angry,EXACT_DUPLICATE_CONSISTENT_LABEL
263,2f6be77f3f926397d05222010c079a3fdc4817358b93b48c687237b379ebd3e5,train,15222,0,Angry,7,True,private/train,Angry,EXACT_DUPLICATE_CONSISTENT_LABEL
263,2f6be77f3f926397d05222010c079a3fdc4817358b93b48c687237b379ebd3e5,train,19268,0,Angry,7,True,private/train,Angry,EXACT_DUPLICATE_CONSISTENT_LABEL
263,2f6be77f3f926397d05222010c079a3fdc4817358b93b48c687237b379ebd3e5,train,28371,0,Angry,7,True,private/train,Angry,EXACT_DUPLICATE_CONSISTENT_LABEL
263,2f6be77f3f926397d05222010c079a3fdc4817358b93b48c687237b379ebd3e5,private,2107,0,Angry,7,True,private/train,Angry,EXACT_DUPLICATE_CONSISTENT_LABEL
264,2691db83ce962df9dbc7795d715392a7581b8d48c91de8dfcc908e31bef428ce,train,2899,5,Surprise,2,False,train,Surprise,EXACT_DUPLICATE_CONSISTENT_LABEL
264,2691db83ce962df9dbc7795d715392a7581b8d48c91de8dfcc908e31bef428ce,train,19283,5,Surprise,2,False,train,Surprise,EXACT_DUPLICATE_CONSISTENT_LABEL
265,0fb3bbad46eb132cf07a7aa9e680fa3b29136c36ac093938971e463f94fea1d7,train,2908,5,Surprise,4,False,train,Fear/Surprise,EXACT_DUPLICATE_CONFLICTING_LABEL
265,0fb3bbad46eb132cf07a7aa9e680fa3b29136c36ac093938971e463f94fea1d7,train,21392,5,Surprise,4,False,train,Fear/Surprise,EXACT_DUPLICATE_CONFLICTING_LABEL
265,0fb3bbad46eb132cf07a7aa9e680fa3b29136c36ac093938971e463f94fea1d7,train,22310,5,Surprise,4,False,train,Fear/Surprise,EXACT_DUPLICATE_CONFLICTING_LABEL
265,0fb3bbad46eb132cf07a7aa9e680fa3b29136c36ac093938971e463f94fea1d7,train,28654,2,Fear,4,False,train,Fear/Surprise,EXACT_DUPLICATE_CONFLICTING_LABEL
266,66b48eeeee3f3f4a0c8aba99b5e1a030956c8cd1a4715cc420ed88144a4c03f8,train,2941,2,Fear,2,True,public/train,Fear,EXACT_DUPLICATE_CONSISTENT_LABEL
266,66b48eeeee3f3f4a0c8aba99b5e1a030956c8cd1a4715cc420ed88144a4c03f8,public,1004,2,Fear,2,True,public/train,Fear,EXACT_DUPLICATE_CONSISTENT_LABEL
267,40f6905f1701c265d1a177e5b1ccf418473c9d99fe7a8e84fa53be528ce557ec,train,2956,5,Surprise,2,False,train,Surprise,EXACT_DUPLICATE_CONSISTENT_LABEL
267,40f6905f1701c265d1a177e5b1ccf418473c9d99fe7a8e84fa53be528ce557ec,train,12607,5,Surprise,2,False,train,Surprise,EXACT_DUPLICATE_CONSISTENT_LABEL
268,539cb932b11bf828f0c9b9e1e623dbf1eb3d7b11f8565ad1738cfe8ce14743d4,train,2966,4,Sad,2,False,train,Sad,EXACT_DUPLICATE_CONSISTENT_LABEL
268,539cb932b11bf828f0c9b9e1e623dbf1eb3d7b11f8565ad1738cfe8ce14743d4,train,9943,4,Sad,2,False,train,Sad,EXACT_DUPLICATE_CONSISTENT_LABEL
269,ecd48fdfd71eb123db6b33fda838b6bc24d0aabc68667c07f46d2dca1ac68e17,train,2967,6,Neutral,2,False,train,Neutral,EXACT_DUPLICATE_CONSISTENT_LABEL
269,ecd48fdfd71eb123db6b33fda838b6bc24d0aabc68667c07f46d2dca1ac68e17,train,7728,6,Neutral,2,False,train,Neutral,EXACT_DUPLICATE_CONSISTENT_LABEL
270,681b5a54f984d4a36067282b0d818b533719bed061f8dafa02bba523046baaf3,train,2968,5,Surprise,2,False,train,Surprise,EXACT_DUPLICATE_CONSISTENT_LABEL
270,681b5a54f984d4a36067282b0d818b533719bed061f8dafa02bba523046baaf3,train,9749,5,Surprise,2,False,train,Surprise,EXACT_DUPLICATE_CONSISTENT_LABEL
271,3d51422dae6caf7e4914b2fd3ddf124d0080223fdcf5c1abb4a51ffc62c9c8ba,train,3002,5,Surprise,2,False,train,Surprise,EXACT_DUPLICATE_CONSISTENT_LABEL
271,3d51422dae6caf7e4914b2fd3ddf124d0080223fdcf5c1abb4a51ffc62c9c8ba,train,22706,5,Surprise,2,False,train,Surprise,EXACT_DUPLICATE_CONSISTENT_LABEL
272,e206387c8d04043e3938b380a045136663a16f8f2e9d54280cb0f72a98a97fbb,train,3003,5,Surprise,2,False,train,Surprise,EXACT_DUPLICATE_CONSISTENT_LABEL
272,e206387c8d04043e3938b380a045136663a16f8f2e9d54280cb0f72a98a97fbb,train,12780,5,Surprise,2,False,train,Surprise,EXACT_DUPLICATE_CONSISTENT_LABEL
273,0cae5e7d45266ff1215c79d5e33ed5a89629f4b9acef7170af1fd6dc7388b879,train,3014,6,Neutral,2,False,train,Angry/Neutral,EXACT_DUPLICATE_CONFLICTING_LABEL
273,0cae5e7d45266ff1215c79d5e33ed5a89629f4b9acef7170af1fd6dc7388b879,train,16355,0,Angry,2,False,train,Angry/Neutral,EXACT_DUPLICATE_CONFLICTING_LABEL
274,94233c93ca665a810d63b2c0925f3e4fd153e0410cb64ab1f994da6d6fd44518,train,3042,3,Happy,2,True,private/train,Happy,EXACT_DUPLICATE_CONSISTENT_LABEL
274,94233c93ca665a810d63b2c0925f3e4fd153e0410cb64ab1f994da6d6fd44518,private,3060,3,Happy,2,True,private/train,Happy,EXACT_DUPLICATE_CONSISTENT_LABEL
275,269e6484c3b84f33346cfb977283a059c544bbd71935b16fb8f835e7209a7673,train,3047,5,Surprise,2,False,train,Surprise,EXACT_DUPLICATE_CONSISTENT_LABEL
275,269e6484c3b84f33346cfb977283a059c544bbd71935b16fb8f835e7209a7673,train,18285,5,Surprise,2,False,train,Surprise,EXACT_DUPLICATE_CONSISTENT_LABEL
276,610ca63184cf74d7058ce6ca971a34e8db7f1729d1c4aee6eda32ca8d0b30f43,train,3073,5,Surprise,2,False,train,Surprise,EXACT_DUPLICATE_CONSISTENT_LABEL
276,610ca63184cf74d7058ce6ca971a34e8db7f1729d1c4aee6eda32ca8d0b30f43,train,21071,5,Surprise,2,False,train,Surprise,EXACT_DUPLICATE_CONSISTENT_LABEL
277,f356bba6883a270fab31999a1f046707dc5af28921069372bb1de9b2a53439da,train,3101,1,Disgust,2,False,train,Disgust,EXACT_DUPLICATE_CONSISTENT_LABEL
277,f356bba6883a270fab31999a1f046707dc5af28921069372bb1de9b2a53439da,train,25717,1,Disgust,2,False,train,Disgust,EXACT_DUPLICATE_CONSISTENT_LABEL
278,5581360d27fa36983b2983b2db550fb9fc2bc45372628d239f25196ff53bfdfd,train,3124,2,Fear,2,True,private/train,Fear,EXACT_DUPLICATE_CONSISTENT_LABEL
278,5581360d27fa36983b2983b2db550fb9fc2bc45372628d239f25196ff53bfdfd,private,3017,2,Fear,2,True,private/train,Fear,EXACT_DUPLICATE_CONSISTENT_LABEL
279,702fad932b2329b906c959f1b2ce0e7d44b77f6583fc14fffc207101e7c910b6,train,3135,5,Surprise,2,True,private/train,Surprise,EXACT_DUPLICATE_CONSISTENT_LABEL
279,702fad932b2329b906c959f1b2ce0e7d44b77f6583fc14fffc207101e7c910b6,private,3364,5,Surprise,2,True,private/train,Surprise,EXACT_DUPLICATE_CONSISTENT_LABEL
280,77a9331b850a80ce47681e3b4b93f0c4eada57ba5bbf819751749de3c4641b2f,train,3157,5,Surprise,3,False,train,Surprise,EXACT_DUPLICATE_CONSISTENT_LABEL
280,77a9331b850a80ce47681e3b4b93f0c4eada57ba5bbf819751749de3c4641b2f,train,13307,5,Surprise,3,False,train,Surprise,EXACT_DUPLICATE_CONSISTENT_LABEL
280,77a9331b850a80ce47681e3b4b93f0c4eada57ba5bbf819751749de3c4641b2f,train,18004,5,Surprise,3,False,train,Surprise,EXACT_DUPLICATE_CONSISTENT_LABEL
281,39c494fe1714e9a2b11a594e03f944486918ac9fb7aedcbab624a7fd6b7ce089,train,3170,2,Fear,2,True,public/train,Fear/Surprise,EXACT_DUPLICATE_CONFLICTING_LABEL
281,39c494fe1714e9a2b11a594e03f944486918ac9fb7aedcbab624a7fd6b7ce089,public,2898,5,Surprise,2,True,public/train,Fear/Surprise,EXACT_DUPLICATE_CONFLICTING_LABEL
282,35e514c13174cf0d54d77352e3369e7bb2f3df523bd956e7447532b990e7a835,train,3181,5,Surprise,2,False,train,Surprise,EXACT_DUPLICATE_CONSISTENT_LABEL
282,35e514c13174cf0d54d77352e3369e7bb2f3df523bd956e7447532b990e7a835,train,10855,5,Surprise,2,False,train,Surprise,EXACT_DUPLICATE_CONSISTENT_LABEL
283,e3b1f7b460d9e123b9dbe8a914791a3d8cf74cdd4ca114ca18cd9e9c24cefe57,train,3214,2,Fear,2,False,train,Fear,EXACT_DUPLICATE_CONSISTENT_LABEL
283,e3b1f7b460d9e123b9dbe8a914791a3d8cf74cdd4ca114ca18cd9e9c24cefe57,train,23035,2,Fear,2,False,train,Fear,EXACT_DUPLICATE_CONSISTENT_LABEL
284,4d1e0b6de2f86cac8bf4090a8c7bb76322a29b1263a6a44be5b581bdf091244b,train,3233,3,Happy,2,False,train,Happy,EXACT_DUPLICATE_CONSISTENT_LABEL
284,4d1e0b6de2f86cac8bf4090a8c7bb76322a29b1263a6a44be5b581bdf091244b,train,20561,3,Happy,2,False,train,Happy,EXACT_DUPLICATE_CONSISTENT_LABEL
285,d685ede032dff921529a94cff34ca45b070e799fbf75e6c26d6b6ad602b8d4cb,train,3238,2,Fear,2,False,train,Fear,EXACT_DUPLICATE_CONSISTENT_LABEL
285,d685ede032dff921529a94cff34ca45b070e799fbf75e6c26d6b6ad602b8d4cb,train,17214,2,Fear,2,False,train,Fear,EXACT_DUPLICATE_CONSISTENT_LABEL
286,6e57c200f1d442995cbd65b06a825aa929a77b044b2c02018de0ae8c70cf9c24,train,3239,5,Surprise,2,False,train,Surprise,EXACT_DUPLICATE_CONSISTENT_LABEL
286,6e57c200f1d442995cbd65b06a825aa929a77b044b2c02018de0ae8c70cf9c24,train,8189,5,Surprise,2,False,train,Surprise,EXACT_DUPLICATE_CONSISTENT_LABEL
287,adf688b8f36cf7276825f98fa61576ff140a6a3ced0f3a9dda1bc0d50e43a6a6,train,3244,6,Neutral,2,True,public/train,Neutral,EXACT_DUPLICATE_CONSISTENT_LABEL
287,adf688b8f36cf7276825f98fa61576ff140a6a3ced0f3a9dda1bc0d50e43a6a6,public,3307,6,Neutral,2,True,public/train,Neutral,EXACT_DUPLICATE_CONSISTENT_LABEL
288,da3a16c921b230a1a5d1709be87091e8f889108842dadc54f8c367d2d73704af,train,3273,0,Angry,2,True,public/train,Angry,EXACT_DUPLICATE_CONSISTENT_LABEL
288,da3a16c921b230a1a5d1709be87091e8f889108842dadc54f8c367d2d73704af,public,2904,0,Angry,2,True,public/train,Angry,EXACT_DUPLICATE_CONSISTENT_LABEL
289,229d5e0bec424a164a692208fbcf80f1405c825814e053c68fe32b74e49f77ef,train,3303,0,Angry,2,False,train,Angry/Fear,EXACT_DUPLICATE_CONFLICTING_LABEL
289,229d5e0bec424a164a692208fbcf80f1405c825814e053c68fe32b74e49f77ef,train,17859,2,Fear,2,False,train,Angry/Fear,EXACT_DUPLICATE_CONFLICTING_LABEL
290,bc44eb03b5cdbcdcbc57722ad6737658a81672fc77575706d7e228d2e4632a8b,train,3311,3,Happy,2,False,train,Happy,EXACT_DUPLICATE_CONSISTENT_LABEL
290,bc44eb03b5cdbcdcbc57722ad6737658a81672fc77575706d7e228d2e4632a8b,train,12245,3,Happy,2,False,train,Happy,EXACT_DUPLICATE_CONSISTENT_LABEL
291,5366a22b420b21516a8b790d84941eb824d1e70950153fdda7683f28faaab92d,train,3316,4,Sad,4,False,train,Sad,EXACT_DUPLICATE_CONSISTENT_LABEL
291,5366a22b420b21516a8b790d84941eb824d1e70950153fdda7683f28faaab92d,train,25529,4,Sad,4,False,train,Sad,EXACT_DUPLICATE_CONSISTENT_LABEL
291,5366a22b420b21516a8b790d84941eb824d1e70950153fdda7683f28faaab92d,train,27350,4,Sad,4,False,train,Sad,EXACT_DUPLICATE_CONSISTENT_LABEL
291,5366a22b420b21516a8b790d84941eb824d1e70950153fdda7683f28faaab92d,train,28465,4,Sad,4,False,train,Sad,EXACT_DUPLICATE_CONSISTENT_LABEL
292,68af540e16af2a686a26e45599771c548048a62e59d9c9cdb861016ac41e68bc,train,3338,3,Happy,2,False,train,Happy,EXACT_DUPLICATE_CONSISTENT_LABEL
292,68af540e16af2a686a26e45599771c548048a62e59d9c9cdb861016ac41e68bc,train,10766,3,Happy,2,False,train,Happy,EXACT_DUPLICATE_CONSISTENT_LABEL
293,a40953cbe752e829e373d3a1c8bae82014a24b672e5196cc7830e156a75f92e5,train,3343,5,Surprise,2,False,train,Surprise,EXACT_DUPLICATE_CONSISTENT_LABEL
293,a40953cbe752e829e373d3a1c8bae82014a24b672e5196cc7830e156a75f92e5,train,20139,5,Surprise,2,False,train,Surprise,EXACT_DUPLICATE_CONSISTENT_LABEL
294,67687d21892587e4ff215ecd5ad513865701168f8be02f32c75e49e1a9dfa01d,train,3354,5,Surprise,2,False,train,Surprise,EXACT_DUPLICATE_CONSISTENT_LABEL
294,67687d21892587e4ff215ecd5ad513865701168f8be02f32c75e49e1a9dfa01d,train,24897,5,Surprise,2,False,train,Surprise,EXACT_DUPLICATE_CONSISTENT_LABEL
295,b130fad0bb1c00c53553d7b56315a57d6b345cd24be7736896937bd6e372a124,train,3405,3,Happy,2,False,train,Happy,EXACT_DUPLICATE_CONSISTENT_LABEL
295,b130fad0bb1c00c53553d7b56315a57d6b345cd24be7736896937bd6e372a124,train,18578,3,Happy,2,False,train,Happy,EXACT_DUPLICATE_CONSISTENT_LABEL
296,8155fa01b9719030d857bb500f2fb43292a8f47524429f6098ffe4f19fbe515c,train,3426,3,Happy,2,False,train,Happy,EXACT_DUPLICATE_CONSISTENT_LABEL
296,8155fa01b9719030d857bb500f2fb43292a8f47524429f6098ffe4f19fbe515c,train,13229,3,Happy,2,False,train,Happy,EXACT_DUPLICATE_CONSISTENT_LABEL
297,7ca1a4cd2fda829ad57094dbb009b78eaed2ebeca6332fdcd23719f9b8e7fbd3,train,3457,3,Happy,2,False,train,Happy,EXACT_DUPLICATE_CONSISTENT_LABEL
297,7ca1a4cd2fda829ad57094dbb009b78eaed2ebeca6332fdcd23719f9b8e7fbd3,train,19696,3,Happy,2,False,train,Happy,EXACT_DUPLICATE_CONSISTENT_LABEL
298,76d1e39bc7be80b1c8015f947da61c77f4c3c223f81c474dbfce5d71a3812cf3,train,3458,2,Fear,2,False,train,Fear,EXACT_DUPLICATE_CONSISTENT_LABEL
298,76d1e39bc7be80b1c8015f947da61c77f4c3c223f81c474dbfce5d71a3812cf3,train,14082,2,Fear,2,False,train,Fear,EXACT_DUPLICATE_CONSISTENT_LABEL
299,66a7f6035014554f5f9784f538ec94c9a7657632adc3b15db9cd9a90d6e558d4,train,3496,3,Happy,2,False,train,Happy,EXACT_DUPLICATE_CONSISTENT_LABEL
299,66a7f6035014554f5f9784f538ec94c9a7657632adc3b15db9cd9a90d6e558d4,train,23135,3,Happy,2,False,train,Happy,EXACT_DUPLICATE_CONSISTENT_LABEL
300,cac8c0117991835493788be67472a87898d50cabd76a810c03936bd5c5b09ccf,train,3503,2,Fear,2,False,train,Fear,EXACT_DUPLICATE_CONSISTENT_LABEL
300,cac8c0117991835493788be67472a87898d50cabd76a810c03936bd5c5b09ccf,train,9613,2,Fear,2,False,train,Fear,EXACT_DUPLICATE_CONSISTENT_LABEL
301,fa3d29fd9b871e3a500d3588af6157e6120e5fcf9c5d686497097d11b7968325,train,3516,1,Disgust,2,False,train,Disgust,EXACT_DUPLICATE_CONSISTENT_LABEL
301,fa3d29fd9b871e3a500d3588af6157e6120e5fcf9c5d686497097d11b7968325,train,9204,1,Disgust,2,False,train,Disgust,EXACT_DUPLICATE_CONSISTENT_LABEL
302,f346d06d4cf55cf27d79b4967f8c96779fb6059134760ee5f284d480b17d4fb5,train,3528,3,Happy,2,False,train,Happy,EXACT_DUPLICATE_CONSISTENT_LABEL
302,f346d06d4cf55cf27d79b4967f8c96779fb6059134760ee5f284d480b17d4fb5,train,5857,3,Happy,2,False,train,Happy,EXACT_DUPLICATE_CONSISTENT_LABEL
303,326b7fab32e9c3abe2fc0f5962ede4975552a7b1e294cd14d181e01e2ec182af,train,3532,3,Happy,3,False,train,Happy,EXACT_DUPLICATE_CONSISTENT_LABEL
303,326b7fab32e9c3abe2fc0f5962ede4975552a7b1e294cd14d181e01e2ec182af,train,3578,3,Happy,3,False,train,Happy,EXACT_DUPLICATE_CONSISTENT_LABEL
303,326b7fab32e9c3abe2fc0f5962ede4975552a7b1e294cd14d181e01e2ec182af,train,10005,3,Happy,3,False,train,Happy,EXACT_DUPLICATE_CONSISTENT_LABEL
304,3d8d80e4a7ea77fe78b5d669e5ab2e6a19325db88d3a312cd14a2575d1c5f12d,train,3536,5,Surprise,2,False,train,Surprise,EXACT_DUPLICATE_CONSISTENT_LABEL
304,3d8d80e4a7ea77fe78b5d669e5ab2e6a19325db88d3a312cd14a2575d1c5f12d,train,11043,5,Surprise,2,False,train,Surprise,EXACT_DUPLICATE_CONSISTENT_LABEL
305,a5da3d2536255152efaa7add529ea75481f7a237fa46f6d455681ac129f4b673,train,3550,5,Surprise,2,True,private/train,Surprise,EXACT_DUPLICATE_CONSISTENT_LABEL
305,a5da3d2536255152efaa7add529ea75481f7a237fa46f6d455681ac129f4b673,private,3459,5,Surprise,2,True,private/train,Surprise,EXACT_DUPLICATE_CONSISTENT_LABEL
306,10214bad42a9c89c64f1277332b56245c660021ce200d8684d6e31d3fe6825c8,train,3559,3,Happy,2,False,train,Happy,EXACT_DUPLICATE_CONSISTENT_LABEL
306,10214bad42a9c89c64f1277332b56245c660021ce200d8684d6e31d3fe6825c8,train,14087,3,Happy,2,False,train,Happy,EXACT_DUPLICATE_CONSISTENT_LABEL
307,342e5deaa9504e13e359b176cf6001506b8ded3eee1b979a38e958e5e431197e,train,3577,2,Fear,2,False,train,Fear,EXACT_DUPLICATE_CONSISTENT_LABEL
307,342e5deaa9504e13e359b176cf6001506b8ded3eee1b979a38e958e5e431197e,train,9035,2,Fear,2,False,train,Fear,EXACT_DUPLICATE_CONSISTENT_LABEL
308,55ada959417f75f4ec975e2e4aea1248726508f2a0ad36ea8f45cb99c8b03e80,train,3585,3,Happy,2,False,train,Happy,EXACT_DUPLICATE_CONSISTENT_LABEL
308,55ada959417f75f4ec975e2e4aea1248726508f2a0ad36ea8f45cb99c8b03e80,train,26728,3,Happy,2,False,train,Happy,EXACT_DUPLICATE_CONSISTENT_LABEL
309,62810a3274daaa57dcdbc0fbd1c6a9509b889d80cbcbefd5cbc0105b47f61577,train,3607,5,Surprise,2,False,train,Surprise,EXACT_DUPLICATE_CONSISTENT_LABEL
309,62810a3274daaa57dcdbc0fbd1c6a9509b889d80cbcbefd5cbc0105b47f61577,train,4778,5,Surprise,2,False,train,Surprise,EXACT_DUPLICATE_CONSISTENT_LABEL
310,c7dc2d9261b3b19c3d14f2c5ccf6ea9cf7afaec08644ebe83a939e0813b12ae9,train,3636,3,Happy,2,True,public/train,Happy,EXACT_DUPLICATE_CONSISTENT_LABEL
310,c7dc2d9261b3b19c3d14f2c5ccf6ea9cf7afaec08644ebe83a939e0813b12ae9,public,1042,3,Happy,2,True,public/train,Happy,EXACT_DUPLICATE_CONSISTENT_LABEL
311,c5302416f160c70f7523ba4e69ac005462da30b20b0690b9d7adb1abcb0a13b9,train,3658,4,Sad,2,False,train,Sad,EXACT_DUPLICATE_CONSISTENT_LABEL
311,c5302416f160c70f7523ba4e69ac005462da30b20b0690b9d7adb1abcb0a13b9,train,25700,4,Sad,2,False,train,Sad,EXACT_DUPLICATE_CONSISTENT_LABEL
312,5083c89243e4ff2080cbd5c38899df86df4f1e88a4dea3caa018454ed152cafb,train,3664,3,Happy,2,False,train,Happy,EXACT_DUPLICATE_CONSISTENT_LABEL
312,5083c89243e4ff2080cbd5c38899df86df4f1e88a4dea3caa018454ed152cafb,train,23985,3,Happy,2,False,train,Happy,EXACT_DUPLICATE_CONSISTENT_LABEL
313,8bbe4e07648ff4df7e8a418441c2a56bcccf29c134610e13b709df716eaa6e69,train,3671,4,Sad,2,False,train,Sad,EXACT_DUPLICATE_CONSISTENT_LABEL
313,8bbe4e07648ff4df7e8a418441c2a56bcccf29c134610e13b709df716eaa6e69,train,24063,4,Sad,2,False,train,Sad,EXACT_DUPLICATE_CONSISTENT_LABEL
314,efdab488aa2f5b915e1b5bfb37ad8ed13b0340042950d0f21f5441cb86733d84,train,3675,5,Surprise,2,False,train,Surprise,EXACT_DUPLICATE_CONSISTENT_LABEL
314,efdab488aa2f5b915e1b5bfb37ad8ed13b0340042950d0f21f5441cb86733d84,train,8078,5,Surprise,2,False,train,Surprise,EXACT_DUPLICATE_CONSISTENT_LABEL
315,a9ea176c7df9932b5a95bfa79a1f3826595c1956c9edc3b41d5155e5a52a9f08,train,3707,2,Fear,2,False,train,Fear,EXACT_DUPLICATE_CONSISTENT_LABEL
315,a9ea176c7df9932b5a95bfa79a1f3826595c1956c9edc3b41d5155e5a52a9f08,train,7601,2,Fear,2,False,train,Fear,EXACT_DUPLICATE_CONSISTENT_LABEL
316,2f6ebb6cbbd8b161fdbd27b3b657251bcb22a6e63b2e2e49a1518336e7360f0d,train,3710,3,Happy,2,True,private/train,Happy,EXACT_DUPLICATE_CONSISTENT_LABEL
316,2f6ebb6cbbd8b161fdbd27b3b657251bcb22a6e63b2e2e49a1518336e7360f0d,private,2005,3,Happy,2,True,private/train,Happy,EXACT_DUPLICATE_CONSISTENT_LABEL
317,40231ca6c32030989f83a5d5b7ec9fb9d7544f1db03deeb9a8224dfd6dff56e8,train,3716,0,Angry,4,False,train,Angry,EXACT_DUPLICATE_CONSISTENT_LABEL
317,40231ca6c32030989f83a5d5b7ec9fb9d7544f1db03deeb9a8224dfd6dff56e8,train,6283,0,Angry,4,False,train,Angry,EXACT_DUPLICATE_CONSISTENT_LABEL
317,40231ca6c32030989f83a5d5b7ec9fb9d7544f1db03deeb9a8224dfd6dff56e8,train,10961,0,Angry,4,False,train,Angry,EXACT_DUPLICATE_CONSISTENT_LABEL
317,40231ca6c32030989f83a5d5b7ec9fb9d7544f1db03deeb9a8224dfd6dff56e8,train,28560,0,Angry,4,False,train,Angry,EXACT_DUPLICATE_CONSISTENT_LABEL
318,0ea35f9ce7bdb3bc4c6a63b07966780394f563a2ac1e3d5089fb5ca98911c222,train,3756,5,Surprise,2,False,train,Surprise,EXACT_DUPLICATE_CONSISTENT_LABEL
318,0ea35f9ce7bdb3bc4c6a63b07966780394f563a2ac1e3d5089fb5ca98911c222,train,12782,5,Surprise,2,False,train,Surprise,EXACT_DUPLICATE_CONSISTENT_LABEL
319,0078dbac05aa3a18fb8717d4a014a2828ee2001a8ee0a04c20083362a44f15f9,train,3778,1,Disgust,2,False,train,Disgust,EXACT_DUPLICATE_CONSISTENT_LABEL
319,0078dbac05aa3a18fb8717d4a014a2828ee2001a8ee0a04c20083362a44f15f9,train,22196,1,Disgust,2,False,train,Disgust,EXACT_DUPLICATE_CONSISTENT_LABEL
320,3d677b38f5620b545e3ae3fdd4991736442ed60162a73df85b26bdda989cb8a0,train,3781,5,Surprise,2,True,private/train,Surprise,EXACT_DUPLICATE_CONSISTENT_LABEL
320,3d677b38f5620b545e3ae3fdd4991736442ed60162a73df85b26bdda989cb8a0,private,1527,5,Surprise,2,True,private/train,Surprise,EXACT_DUPLICATE_CONSISTENT_LABEL
321,471f1451f082585285be8a3c27083d2a920fa5aee8c94eaa07463dab57d5be95,train,3783,2,Fear,2,False,train,Fear/Neutral,EXACT_DUPLICATE_CONFLICTING_LABEL
321,471f1451f082585285be8a3c27083d2a920fa5aee8c94eaa07463dab57d5be95,train,4178,6,Neutral,2,False,train,Fear/Neutral,EXACT_DUPLICATE_CONFLICTING_LABEL
322,287c10129623666881759976f01884412076c20fafa4f66ae0007beb903674c9,train,3802,0,Angry,2,False,train,Angry,EXACT_DUPLICATE_CONSISTENT_LABEL
322,287c10129623666881759976f01884412076c20fafa4f66ae0007beb903674c9,train,28405,0,Angry,2,False,train,Angry,EXACT_DUPLICATE_CONSISTENT_LABEL
323,ffbbf42f60dd0974f272d68799992693899b0142fc6988075b18288e89a9246f,train,3808,0,Angry,7,True,private/train,Angry,EXACT_DUPLICATE_CONSISTENT_LABEL
323,ffbbf42f60dd0974f272d68799992693899b0142fc6988075b18288e89a9246f,train,13141,0,Angry,7,True,private/train,Angry,EXACT_DUPLICATE_CONSISTENT_LABEL
323,ffbbf42f60dd0974f272d68799992693899b0142fc6988075b18288e89a9246f,train,18784,0,Angry,7,True,private/train,Angry,EXACT_DUPLICATE_CONSISTENT_LABEL
323,ffbbf42f60dd0974f272d68799992693899b0142fc6988075b18288e89a9246f,train,25060,0,Angry,7,True,private/train,Angry,EXACT_DUPLICATE_CONSISTENT_LABEL
323,ffbbf42f60dd0974f272d68799992693899b0142fc6988075b18288e89a9246f,private,567,0,Angry,7,True,private/train,Angry,EXACT_DUPLICATE_CONSISTENT_LABEL
323,ffbbf42f60dd0974f272d68799992693899b0142fc6988075b18288e89a9246f,private,2646,0,Angry,7,True,private/train,Angry,EXACT_DUPLICATE_CONSISTENT_LABEL
323,ffbbf42f60dd0974f272d68799992693899b0142fc6988075b18288e89a9246f,private,2714,0,Angry,7,True,private/train,Angry,EXACT_DUPLICATE_CONSISTENT_LABEL
324,a1f3f3c0a7456f16219af44b6177faa421dee0823048ea1b99fab64c7cb3326d,train,3811,3,Happy,2,True,public/train,Happy,EXACT_DUPLICATE_CONSISTENT_LABEL
324,a1f3f3c0a7456f16219af44b6177faa421dee0823048ea1b99fab64c7cb3326d,public,2565,3,Happy,2,True,public/train,Happy,EXACT_DUPLICATE_CONSISTENT_LABEL
325,7bf38a5c9ab6c2493eb370f883184256884f9e43a30d3ce272c9087133dfb62b,train,3813,3,Happy,2,False,train,Happy,EXACT_DUPLICATE_CONSISTENT_LABEL
325,7bf38a5c9ab6c2493eb370f883184256884f9e43a30d3ce272c9087133dfb62b,train,23552,3,Happy,2,False,train,Happy,EXACT_DUPLICATE_CONSISTENT_LABEL
326,9614e55e078307233f5acb89c198e1def1441551aa9670550a64e2d452c4ce23,train,3840,4,Sad,3,False,train,Sad,EXACT_DUPLICATE_CONSISTENT_LABEL
326,9614e55e078307233f5acb89c198e1def1441551aa9670550a64e2d452c4ce23,train,11746,4,Sad,3,False,train,Sad,EXACT_DUPLICATE_CONSISTENT_LABEL
326,9614e55e078307233f5acb89c198e1def1441551aa9670550a64e2d452c4ce23,train,28291,4,Sad,3,False,train,Sad,EXACT_DUPLICATE_CONSISTENT_LABEL
327,69e4236182d5c542f0ad4064995faf4789741987a577207c755e6c18d7e8397c,train,3856,6,Neutral,2,False,train,Neutral,EXACT_DUPLICATE_CONSISTENT_LABEL
327,69e4236182d5c542f0ad4064995faf4789741987a577207c755e6c18d7e8397c,train,25537,6,Neutral,2,False,train,Neutral,EXACT_DUPLICATE_CONSISTENT_LABEL
328,510633e36cdb929ab942249d2e8f8915dc29387c1c1288e386026afc88a238cb,train,3858,5,Surprise,2,False,train,Surprise,EXACT_DUPLICATE_CONSISTENT_LABEL
328,510633e36cdb929ab942249d2e8f8915dc29387c1c1288e386026afc88a238cb,train,6239,5,Surprise,2,False,train,Surprise,EXACT_DUPLICATE_CONSISTENT_LABEL
329,80f58a62fdc041f14be5b719eeb1c842a625dea7370e84b819aca9994b2e5cea,train,3865,1,Disgust,2,False,train,Disgust,EXACT_DUPLICATE_CONSISTENT_LABEL
329,80f58a62fdc041f14be5b719eeb1c842a625dea7370e84b819aca9994b2e5cea,train,7503,1,Disgust,2,False,train,Disgust,EXACT_DUPLICATE_CONSISTENT_LABEL
330,711b94981a71395af113c6b714003640a7efcc3412ff9d91f8c06764cdb83c2d,train,3897,5,Surprise,2,False,train,Surprise,EXACT_DUPLICATE_CONSISTENT_LABEL
330,711b94981a71395af113c6b714003640a7efcc3412ff9d91f8c06764cdb83c2d,train,20512,5,Surprise,2,False,train,Surprise,EXACT_DUPLICATE_CONSISTENT_LABEL
331,d3e94ad0e3da888fff784f9f734f9ea82761d6e08c7fd8da29ca8fc0a48ad878,train,3904,5,Surprise,2,False,train,Surprise,EXACT_DUPLICATE_CONSISTENT_LABEL
331,d3e94ad0e3da888fff784f9f734f9ea82761d6e08c7fd8da29ca8fc0a48ad878,train,5664,5,Surprise,2,False,train,Surprise,EXACT_DUPLICATE_CONSISTENT_LABEL
332,8222460c8b4fb2d9b5c19ac486b92412ca345d09e61829389dd77ec6e80f2203,train,3925,5,Surprise,2,False,train,Surprise,EXACT_DUPLICATE_CONSISTENT_LABEL
332,8222460c8b4fb2d9b5c19ac486b92412ca345d09e61829389dd77ec6e80f2203,train,10886,5,Surprise,2,False,train,Surprise,EXACT_DUPLICATE_CONSISTENT_LABEL
333,cb7cf93b1297a5bf9baf8ad92079cdefc7185e4e580dd4659a09c02020969483,train,3928,5,Surprise,2,False,train,Surprise,EXACT_DUPLICATE_CONSISTENT_LABEL
333,cb7cf93b1297a5bf9baf8ad92079cdefc7185e4e580dd4659a09c02020969483,train,23003,5,Surprise,2,False,train,Surprise,EXACT_DUPLICATE_CONSISTENT_LABEL
334,f4d8225090445fb1d820726f04de30bdbe4053d0863772ca66dc234d746dfe2a,train,3939,3,Happy,2,False,train,Happy,EXACT_DUPLICATE_CONSISTENT_LABEL
334,f4d8225090445fb1d820726f04de30bdbe4053d0863772ca66dc234d746dfe2a,train,8725,3,Happy,2,False,train,Happy,EXACT_DUPLICATE_CONSISTENT_LABEL
335,2d6d4846012d1a557fa6521afc6581847c17ae73d360b45b1db1f13207ee4f0c,train,3972,4,Sad,2,False,train,Sad,EXACT_DUPLICATE_CONSISTENT_LABEL
335,2d6d4846012d1a557fa6521afc6581847c17ae73d360b45b1db1f13207ee4f0c,train,9737,4,Sad,2,False,train,Sad,EXACT_DUPLICATE_CONSISTENT_LABEL
336,ebb3455e1f33400afce23a64952513af8ee820450eae4b130cf873e1f73539f2,train,3989,3,Happy,2,False,train,Happy,EXACT_DUPLICATE_CONSISTENT_LABEL
336,ebb3455e1f33400afce23a64952513af8ee820450eae4b130cf873e1f73539f2,train,5109,3,Happy,2,False,train,Happy,EXACT_DUPLICATE_CONSISTENT_LABEL
337,5481eaa6022857153f59fdf6d3f042532aeece43cc748c360f71d99685804e65,train,3997,6,Neutral,2,False,train,Neutral,EXACT_DUPLICATE_CONSISTENT_LABEL
337,5481eaa6022857153f59fdf6d3f042532aeece43cc748c360f71d99685804e65,train,17036,6,Neutral,2,False,train,Neutral,EXACT_DUPLICATE_CONSISTENT_LABEL
338,3bfe82cb0da263bc71a3fa436cef025f1f8f7a286d7631a51968181f569587bd,train,4012,5,Surprise,3,False,train,Surprise,EXACT_DUPLICATE_CONSISTENT_LABEL
338,3bfe82cb0da263bc71a3fa436cef025f1f8f7a286d7631a51968181f569587bd,train,17138,5,Surprise,3,False,train,Surprise,EXACT_DUPLICATE_CONSISTENT_LABEL
338,3bfe82cb0da263bc71a3fa436cef025f1f8f7a286d7631a51968181f569587bd,train,18393,5,Surprise,3,False,train,Surprise,EXACT_DUPLICATE_CONSISTENT_LABEL
339,f451351f4af8e04325bc1fbdf783fd4a6309bc434b4c98689b1ba241d75f9105,train,4013,2,Fear,2,False,train,Fear,EXACT_DUPLICATE_CONSISTENT_LABEL
339,f451351f4af8e04325bc1fbdf783fd4a6309bc434b4c98689b1ba241d75f9105,train,24782,2,Fear,2,False,train,Fear,EXACT_DUPLICATE_CONSISTENT_LABEL
340,14faa86786bb30264958224e806de8eb6164dfb5873afbbc889dadb009a1808f,train,4015,0,Angry,2,True,public/train,Angry,EXACT_DUPLICATE_CONSISTENT_LABEL
340,14faa86786bb30264958224e806de8eb6164dfb5873afbbc889dadb009a1808f,public,2587,0,Angry,2,True,public/train,Angry,EXACT_DUPLICATE_CONSISTENT_LABEL
341,bf8b69eefc26fc4e3210a55dddbe4e50b73932c002af71f57b89cca333f3d1fa,train,4033,2,Fear,3,True,private/train,Fear/Surprise,EXACT_DUPLICATE_CONFLICTING_LABEL
341,bf8b69eefc26fc4e3210a55dddbe4e50b73932c002af71f57b89cca333f3d1fa,private,1047,5,Surprise,3,True,private/train,Fear/Surprise,EXACT_DUPLICATE_CONFLICTING_LABEL
341,bf8b69eefc26fc4e3210a55dddbe4e50b73932c002af71f57b89cca333f3d1fa,private,1271,2,Fear,3,True,private/train,Fear/Surprise,EXACT_DUPLICATE_CONFLICTING_LABEL
342,9eac08e1a9d9d00bb4429d581dae7e945d15b0830c74bfea5ca87faaead2fbe8,train,4038,0,Angry,2,False,train,Angry,EXACT_DUPLICATE_CONSISTENT_LABEL
342,9eac08e1a9d9d00bb4429d581dae7e945d15b0830c74bfea5ca87faaead2fbe8,train,6024,0,Angry,2,False,train,Angry,EXACT_DUPLICATE_CONSISTENT_LABEL
343,3c5e26aba8d96c19eeb2279647c373435ee586634015ee69574f797fbf1d961b,train,4076,5,Surprise,2,True,public/train,Surprise,EXACT_DUPLICATE_CONSISTENT_LABEL
343,3c5e26aba8d96c19eeb2279647c373435ee586634015ee69574f797fbf1d961b,public,2615,5,Surprise,2,True,public/train,Surprise,EXACT_DUPLICATE_CONSISTENT_LABEL
344,16c754ed0f8ec2f0e80fcbb17e57ebeb3b065711ead37210ad00ef7653941ac7,train,4078,1,Disgust,2,True,public/train,Disgust,EXACT_DUPLICATE_CONSISTENT_LABEL
344,16c754ed0f8ec2f0e80fcbb17e57ebeb3b065711ead37210ad00ef7653941ac7,public,2010,1,Disgust,2,True,public/train,Disgust,EXACT_DUPLICATE_CONSISTENT_LABEL
345,8c5b3cf29f401fd658dfd4207a93d249c00852b64d3812eef93e82c817739c2f,train,4080,5,Surprise,2,True,public/train,Surprise,EXACT_DUPLICATE_CONSISTENT_LABEL
345,8c5b3cf29f401fd658dfd4207a93d249c00852b64d3812eef93e82c817739c2f,public,256,5,Surprise,2,True,public/train,Surprise,EXACT_DUPLICATE_CONSISTENT_LABEL
346,febedfa031d2fe0939a5b29b24b8730c54812f27b8a0b0254c8a6bdb3e27b978,train,4083,6,Neutral,2,False,train,Neutral,EXACT_DUPLICATE_CONSISTENT_LABEL
346,febedfa031d2fe0939a5b29b24b8730c54812f27b8a0b0254c8a6bdb3e27b978,train,11034,6,Neutral,2,False,train,Neutral,EXACT_DUPLICATE_CONSISTENT_LABEL
347,6cc6ad0818b64339e18dbb6d076c19d9b6f0b313852375d27733ca5bcb92cff9,train,4086,5,Surprise,3,False,train,Surprise,EXACT_DUPLICATE_CONSISTENT_LABEL
347,6cc6ad0818b64339e18dbb6d076c19d9b6f0b313852375d27733ca5bcb92cff9,train,12385,5,Surprise,3,False,train,Surprise,EXACT_DUPLICATE_CONSISTENT_LABEL
347,6cc6ad0818b64339e18dbb6d076c19d9b6f0b313852375d27733ca5bcb92cff9,train,27853,5,Surprise,3,False,train,Surprise,EXACT_DUPLICATE_CONSISTENT_LABEL
348,45c96e2da930619fa0ceaa951f780f0d220a67fca1cd1ec5c926c367c337136b,train,4095,2,Fear,2,False,train,Fear,EXACT_DUPLICATE_CONSISTENT_LABEL
348,45c96e2da930619fa0ceaa951f780f0d220a67fca1cd1ec5c926c367c337136b,train,19018,2,Fear,2,False,train,Fear,EXACT_DUPLICATE_CONSISTENT_LABEL
349,5daea405a2cd1ce4208ba31286ddb554ef4d07929b720c7fd8d1ebada4f71371,train,4122,6,Neutral,4,False,train,Neutral,EXACT_DUPLICATE_CONSISTENT_LABEL
349,5daea405a2cd1ce4208ba31286ddb554ef4d07929b720c7fd8d1ebada4f71371,train,8894,6,Neutral,4,False,train,Neutral,EXACT_DUPLICATE_CONSISTENT_LABEL
349,5daea405a2cd1ce4208ba31286ddb554ef4d07929b720c7fd8d1ebada4f71371,train,14019,6,Neutral,4,False,train,Neutral,EXACT_DUPLICATE_CONSISTENT_LABEL
349,5daea405a2cd1ce4208ba31286ddb554ef4d07929b720c7fd8d1ebada4f71371,train,20875,6,Neutral,4,False,train,Neutral,EXACT_DUPLICATE_CONSISTENT_LABEL
350,72b1f2d5f6e7f7b9713cfa1e58c1502c1f1e3997aced7a92ba8d64be9760ab86,train,4131,2,Fear,2,False,train,Fear,EXACT_DUPLICATE_CONSISTENT_LABEL
350,72b1f2d5f6e7f7b9713cfa1e58c1502c1f1e3997aced7a92ba8d64be9760ab86,train,5533,2,Fear,2,False,train,Fear,EXACT_DUPLICATE_CONSISTENT_LABEL
351,460e5afa5fcdd49d17a2379dbea7872964230fe309dc81fbab4b7a2eda94e690,train,4136,2,Fear,2,False,train,Fear,EXACT_DUPLICATE_CONSISTENT_LABEL
351,460e5afa5fcdd49d17a2379dbea7872964230fe309dc81fbab4b7a2eda94e690,train,22296,2,Fear,2,False,train,Fear,EXACT_DUPLICATE_CONSISTENT_LABEL
352,2e58c283ee739bc75103520b884134c6de5328becf50ed1b767bccb663a8c853,train,4158,5,Surprise,2,True,public/train,Surprise,EXACT_DUPLICATE_CONSISTENT_LABEL
352,2e58c283ee739bc75103520b884134c6de5328becf50ed1b767bccb663a8c853,public,2338,5,Surprise,2,True,public/train,Surprise,EXACT_DUPLICATE_CONSISTENT_LABEL
353,5d9be871d1126c158bca437faf51e38a9d9d11d8015143c74dc1d9b7e784d360,train,4198,5,Surprise,2,False,train,Surprise,EXACT_DUPLICATE_CONSISTENT_LABEL
353,5d9be871d1126c158bca437faf51e38a9d9d11d8015143c74dc1d9b7e784d360,train,6712,5,Surprise,2,False,train,Surprise,EXACT_DUPLICATE_CONSISTENT_LABEL
354,408f14b746baa7d0312fe70f2902a02f86ce4dd686080ec333c85ad18c532501,train,4217,2,Fear,2,False,train,Fear/Neutral,EXACT_DUPLICATE_CONFLICTING_LABEL
354,408f14b746baa7d0312fe70f2902a02f86ce4dd686080ec333c85ad18c532501,train,28472,6,Neutral,2,False,train,Fear/Neutral,EXACT_DUPLICATE_CONFLICTING_LABEL
355,1573373a61c1a79ac6af8732bc887e2bcab388eb91768f49476da7f2de2705ca,train,4219,6,Neutral,2,False,train,Neutral,EXACT_DUPLICATE_CONSISTENT_LABEL
355,1573373a61c1a79ac6af8732bc887e2bcab388eb91768f49476da7f2de2705ca,train,12272,6,Neutral,2,False,train,Neutral,EXACT_DUPLICATE_CONSISTENT_LABEL
356,fb39b1d9128dbbf267dfcf55dc27453d4e817ca34c62b8c2774f34aa6ca775c3,train,4240,5,Surprise,2,False,train,Surprise,EXACT_DUPLICATE_CONSISTENT_LABEL
356,fb39b1d9128dbbf267dfcf55dc27453d4e817ca34c62b8c2774f34aa6ca775c3,train,20241,5,Surprise,2,False,train,Surprise,EXACT_DUPLICATE_CONSISTENT_LABEL
357,b4bf90eec57d16fdc2172050870afef92a7ae2f2f80c95ff01ab9bdb24c76ab4,train,4243,5,Surprise,2,False,train,Surprise,EXACT_DUPLICATE_CONSISTENT_LABEL
357,b4bf90eec57d16fdc2172050870afef92a7ae2f2f80c95ff01ab9bdb24c76ab4,train,6322,5,Surprise,2,False,train,Surprise,EXACT_DUPLICATE_CONSISTENT_LABEL
358,87d92646465b77d27643182defd7a4ebcd48af6463d957093f0dab0e532fc884,train,4251,5,Surprise,2,False,train,Surprise,EXACT_DUPLICATE_CONSISTENT_LABEL
358,87d92646465b77d27643182defd7a4ebcd48af6463d957093f0dab0e532fc884,train,18508,5,Surprise,2,False,train,Surprise,EXACT_DUPLICATE_CONSISTENT_LABEL
359,f27de9a79a6b8093183c7998984100a9222da3ee947389e389a030b0bae44502,train,4252,5,Surprise,2,True,public/train,Surprise,EXACT_DUPLICATE_CONSISTENT_LABEL
359,f27de9a79a6b8093183c7998984100a9222da3ee947389e389a030b0bae44502,public,1155,5,Surprise,2,True,public/train,Surprise,EXACT_DUPLICATE_CONSISTENT_LABEL
360,afda605d7e8cb0df6abc0311177b2eeaffe0fb08c28eede698e59fb42230bfb7,train,4280,5,Surprise,2,True,private/train,Surprise,EXACT_DUPLICATE_CONSISTENT_LABEL
360,afda605d7e8cb0df6abc0311177b2eeaffe0fb08c28eede698e59fb42230bfb7,private,953,5,Surprise,2,True,private/train,Surprise,EXACT_DUPLICATE_CONSISTENT_LABEL
361,9eca2d9b7f1bbf5fd1c8a0dff59174eb44cb74d7b5b7884804369511bdfe61ba,train,4289,5,Surprise,2,True,private/train,Surprise,EXACT_DUPLICATE_CONSISTENT_LABEL
361,9eca2d9b7f1bbf5fd1c8a0dff59174eb44cb74d7b5b7884804369511bdfe61ba,private,1213,5,Surprise,2,True,private/train,Surprise,EXACT_DUPLICATE_CONSISTENT_LABEL
362,8213eef48f9fbed65f0284b10a158c38f90deb5c25cbdc6358bb280cba4e2363,train,4308,2,Fear,2,True,public/train,Fear,EXACT_DUPLICATE_CONSISTENT_LABEL
362,8213eef48f9fbed65f0284b10a158c38f90deb5c25cbdc6358bb280cba4e2363,public,2479,2,Fear,2,True,public/train,Fear,EXACT_DUPLICATE_CONSISTENT_LABEL
363,381aac8bdb4f5fe21e0abb5094b6a0a81f20e3f487c228ab30703d01c8e838a1,train,4313,5,Surprise,2,False,train,Surprise,EXACT_DUPLICATE_CONSISTENT_LABEL
363,381aac8bdb4f5fe21e0abb5094b6a0a81f20e3f487c228ab30703d01c8e838a1,train,6250,5,Surprise,2,False,train,Surprise,EXACT_DUPLICATE_CONSISTENT_LABEL
364,caf47f2c81d2bf773a0617da252b6ac6bd8f6e2cd5f8f115f056fa1cd67c99c1,train,4330,5,Surprise,4,True,private/train,Surprise,EXACT_DUPLICATE_CONSISTENT_LABEL
364,caf47f2c81d2bf773a0617da252b6ac6bd8f6e2cd5f8f115f056fa1cd67c99c1,train,10282,5,Surprise,4,True,private/train,Surprise,EXACT_DUPLICATE_CONSISTENT_LABEL
364,caf47f2c81d2bf773a0617da252b6ac6bd8f6e2cd5f8f115f056fa1cd67c99c1,train,27659,5,Surprise,4,True,private/train,Surprise,EXACT_DUPLICATE_CONSISTENT_LABEL
364,caf47f2c81d2bf773a0617da252b6ac6bd8f6e2cd5f8f115f056fa1cd67c99c1,private,313,5,Surprise,4,True,private/train,Surprise,EXACT_DUPLICATE_CONSISTENT_LABEL
365,e29539a11615cc72adf4bad54e7a26f6c7848d61ab80a3a5530329cfaebca933,train,4332,5,Surprise,2,False,train,Surprise,EXACT_DUPLICATE_CONSISTENT_LABEL
365,e29539a11615cc72adf4bad54e7a26f6c7848d61ab80a3a5530329cfaebca933,train,24589,5,Surprise,2,False,train,Surprise,EXACT_DUPLICATE_CONSISTENT_LABEL
366,ef04700c0325f5d98a77005957a34f9b09d75924b6ca57e2b2b95bda1fa1875b,train,4344,5,Surprise,4,False,train,Surprise,EXACT_DUPLICATE_CONSISTENT_LABEL
366,ef04700c0325f5d98a77005957a34f9b09d75924b6ca57e2b2b95bda1fa1875b,train,8869,5,Surprise,4,False,train,Surprise,EXACT_DUPLICATE_CONSISTENT_LABEL
366,ef04700c0325f5d98a77005957a34f9b09d75924b6ca57e2b2b95bda1fa1875b,train,16627,5,Surprise,4,False,train,Surprise,EXACT_DUPLICATE_CONSISTENT_LABEL
366,ef04700c0325f5d98a77005957a34f9b09d75924b6ca57e2b2b95bda1fa1875b,train,17431,5,Surprise,4,False,train,Surprise,EXACT_DUPLICATE_CONSISTENT_LABEL
367,6d4b4af336a4bb5f3d61bbe1fdf09cea4fe0fb29d1a6435776822d93e5cfcef2,train,4347,5,Surprise,2,False,train,Surprise,EXACT_DUPLICATE_CONSISTENT_LABEL
367,6d4b4af336a4bb5f3d61bbe1fdf09cea4fe0fb29d1a6435776822d93e5cfcef2,train,20167,5,Surprise,2,False,train,Surprise,EXACT_DUPLICATE_CONSISTENT_LABEL
368,e341069de8da099a2dcc7b67ac7e7d51d651825e92b6e4488bacc28ebb3b0221,train,4356,3,Happy,2,False,train,Happy,EXACT_DUPLICATE_CONSISTENT_LABEL
368,e341069de8da099a2dcc7b67ac7e7d51d651825e92b6e4488bacc28ebb3b0221,train,28494,3,Happy,2,False,train,Happy,EXACT_DUPLICATE_CONSISTENT_LABEL
369,97c34e531027ba2eb852b140b6e24cdb51d078fe5ab76f8e08284012101677aa,train,4367,2,Fear,2,True,public/train,Fear,EXACT_DUPLICATE_CONSISTENT_LABEL
369,97c34e531027ba2eb852b140b6e24cdb51d078fe5ab76f8e08284012101677aa,public,258,2,Fear,2,True,public/train,Fear,EXACT_DUPLICATE_CONSISTENT_LABEL
370,dd616e1f06e4d5c606ba1f6eea05cfbc20062b2dbdc9941d32430ccca6a3df90,train,4375,5,Surprise,2,True,public/train,Surprise,EXACT_DUPLICATE_CONSISTENT_LABEL
370,dd616e1f06e4d5c606ba1f6eea05cfbc20062b2dbdc9941d32430ccca6a3df90,public,3193,5,Surprise,2,True,public/train,Surprise,EXACT_DUPLICATE_CONSISTENT_LABEL
371,c982089d7baaf32f156f25fa56eb4d139bb2aeb88ff045131ff754dac0de7aff,train,4381,4,Sad,2,True,public/train,Sad,EXACT_DUPLICATE_CONSISTENT_LABEL
371,c982089d7baaf32f156f25fa56eb4d139bb2aeb88ff045131ff754dac0de7aff,public,3536,4,Sad,2,True,public/train,Sad,EXACT_DUPLICATE_CONSISTENT_LABEL
372,00bfe138fbc0adb1acb0b6ffcd58e198569b07041e4b6d55b69027ee6905056c,train,4398,5,Surprise,2,False,train,Surprise,EXACT_DUPLICATE_CONSISTENT_LABEL
372,00bfe138fbc0adb1acb0b6ffcd58e198569b07041e4b6d55b69027ee6905056c,train,10056,5,Surprise,2,False,train,Surprise,EXACT_DUPLICATE_CONSISTENT_LABEL
373,4620c21cfa8cd9077433ef965b9f2de8345e32ec7ce69449a122e29b0b596540,train,4407,5,Surprise,4,False,train,Surprise,EXACT_DUPLICATE_CONSISTENT_LABEL
373,4620c21cfa8cd9077433ef965b9f2de8345e32ec7ce69449a122e29b0b596540,train,6847,5,Surprise,4,False,train,Surprise,EXACT_DUPLICATE_CONSISTENT_LABEL
373,4620c21cfa8cd9077433ef965b9f2de8345e32ec7ce69449a122e29b0b596540,train,7865,5,Surprise,4,False,train,Surprise,EXACT_DUPLICATE_CONSISTENT_LABEL
373,4620c21cfa8cd9077433ef965b9f2de8345e32ec7ce69449a122e29b0b596540,train,22648,5,Surprise,4,False,train,Surprise,EXACT_DUPLICATE_CONSISTENT_LABEL
374,040e3d97c893ee770e2c44e3c89d3f3e21e0a060228d396f48a09ff3fa44fc41,train,4416,5,Surprise,3,True,private/train,Surprise,EXACT_DUPLICATE_CONSISTENT_LABEL
374,040e3d97c893ee770e2c44e3c89d3f3e21e0a060228d396f48a09ff3fa44fc41,train,18132,5,Surprise,3,True,private/train,Surprise,EXACT_DUPLICATE_CONSISTENT_LABEL
374,040e3d97c893ee770e2c44e3c89d3f3e21e0a060228d396f48a09ff3fa44fc41,private,2071,5,Surprise,3,True,private/train,Surprise,EXACT_DUPLICATE_CONSISTENT_LABEL
375,804d79b97bddb232d280b868c1d7364e50d6d88a537cae3800f89df656b7d84f,train,4417,0,Angry,2,True,public/train,Angry,EXACT_DUPLICATE_CONSISTENT_LABEL
375,804d79b97bddb232d280b868c1d7364e50d6d88a537cae3800f89df656b7d84f,public,1262,0,Angry,2,True,public/train,Angry,EXACT_DUPLICATE_CONSISTENT_LABEL
376,a66ce077447bfbc4246142f18a8e151330d4e82b5aedc4ccd3ca074e60be4298,train,4425,4,Sad,2,False,train,Sad,EXACT_DUPLICATE_CONSISTENT_LABEL
376,a66ce077447bfbc4246142f18a8e151330d4e82b5aedc4ccd3ca074e60be4298,train,23027,4,Sad,2,False,train,Sad,EXACT_DUPLICATE_CONSISTENT_LABEL
377,b2753be71f4f5f49dc6ffbc55195006e968fc298fc25ba69c7a0ee420cc50848,train,4426,5,Surprise,5,True,private/train,Surprise,EXACT_DUPLICATE_CONSISTENT_LABEL
377,b2753be71f4f5f49dc6ffbc55195006e968fc298fc25ba69c7a0ee420cc50848,train,8079,5,Surprise,5,True,private/train,Surprise,EXACT_DUPLICATE_CONSISTENT_LABEL
377,b2753be71f4f5f49dc6ffbc55195006e968fc298fc25ba69c7a0ee420cc50848,train,9839,5,Surprise,5,True,private/train,Surprise,EXACT_DUPLICATE_CONSISTENT_LABEL
377,b2753be71f4f5f49dc6ffbc55195006e968fc298fc25ba69c7a0ee420cc50848,train,12176,5,Surprise,5,True,private/train,Surprise,EXACT_DUPLICATE_CONSISTENT_LABEL
377,b2753be71f4f5f49dc6ffbc55195006e968fc298fc25ba69c7a0ee420cc50848,private,1202,5,Surprise,5,True,private/train,Surprise,EXACT_DUPLICATE_CONSISTENT_LABEL
378,d364ee1f4a392adea168b7cf2a3104dac3c6e07619cf6d02d71f72cad0e91326,train,4436,5,Surprise,4,True,private/train,Happy/Surprise,EXACT_DUPLICATE_CONFLICTING_LABEL
378,d364ee1f4a392adea168b7cf2a3104dac3c6e07619cf6d02d71f72cad0e91326,train,14918,5,Surprise,4,True,private/train,Happy/Surprise,EXACT_DUPLICATE_CONFLICTING_LABEL
378,d364ee1f4a392adea168b7cf2a3104dac3c6e07619cf6d02d71f72cad0e91326,train,27696,5,Surprise,4,True,private/train,Happy/Surprise,EXACT_DUPLICATE_CONFLICTING_LABEL
378,d364ee1f4a392adea168b7cf2a3104dac3c6e07619cf6d02d71f72cad0e91326,private,1754,3,Happy,4,True,private/train,Happy/Surprise,EXACT_DUPLICATE_CONFLICTING_LABEL
379,b1d42af8de3fff9b7628f7234a7374c0eac28c90e2a38cf7bfebec3585c6917a,train,4462,5,Surprise,5,False,train,Surprise,EXACT_DUPLICATE_CONSISTENT_LABEL
379,b1d42af8de3fff9b7628f7234a7374c0eac28c90e2a38cf7bfebec3585c6917a,train,9141,5,Surprise,5,False,train,Surprise,EXACT_DUPLICATE_CONSISTENT_LABEL
379,b1d42af8de3fff9b7628f7234a7374c0eac28c90e2a38cf7bfebec3585c6917a,train,17385,5,Surprise,5,False,train,Surprise,EXACT_DUPLICATE_CONSISTENT_LABEL
379,b1d42af8de3fff9b7628f7234a7374c0eac28c90e2a38cf7bfebec3585c6917a,train,20310,5,Surprise,5,False,train,Surprise,EXACT_DUPLICATE_CONSISTENT_LABEL
379,b1d42af8de3fff9b7628f7234a7374c0eac28c90e2a38cf7bfebec3585c6917a,train,26101,5,Surprise,5,False,train,Surprise,EXACT_DUPLICATE_CONSISTENT_LABEL
380,746945124bcdad4843b05deb7498c3a94c15c56cf12169dda002e2598137a0c6,train,4468,0,Angry,3,False,train,Angry,EXACT_DUPLICATE_CONSISTENT_LABEL
380,746945124bcdad4843b05deb7498c3a94c15c56cf12169dda002e2598137a0c6,train,5598,0,Angry,3,False,train,Angry,EXACT_DUPLICATE_CONSISTENT_LABEL
380,746945124bcdad4843b05deb7498c3a94c15c56cf12169dda002e2598137a0c6,train,18466,0,Angry,3,False,train,Angry,EXACT_DUPLICATE_CONSISTENT_LABEL
381,5c1941d34555b4526c8290253df8a33de44e5eeb9640aac7c33aa4d4c4c88b1f,train,4477,2,Fear,2,False,train,Fear,EXACT_DUPLICATE_CONSISTENT_LABEL
381,5c1941d34555b4526c8290253df8a33de44e5eeb9640aac7c33aa4d4c4c88b1f,train,25711,2,Fear,2,False,train,Fear,EXACT_DUPLICATE_CONSISTENT_LABEL
382,b0d3992e8c6ba2982f35970acb361d8a9d25633d99baa957dfc178a789d3d125,train,4486,5,Surprise,2,False,train,Surprise,EXACT_DUPLICATE_CONSISTENT_LABEL
382,b0d3992e8c6ba2982f35970acb361d8a9d25633d99baa957dfc178a789d3d125,train,25485,5,Surprise,2,False,train,Surprise,EXACT_DUPLICATE_CONSISTENT_LABEL
383,10a1f4198da9a464daced13477f55342d33d41b9dc226c9b348554b3bc037033,train,4509,5,Surprise,3,False,train,Surprise,EXACT_DUPLICATE_CONSISTENT_LABEL
383,10a1f4198da9a464daced13477f55342d33d41b9dc226c9b348554b3bc037033,train,9626,5,Surprise,3,False,train,Surprise,EXACT_DUPLICATE_CONSISTENT_LABEL
383,10a1f4198da9a464daced13477f55342d33d41b9dc226c9b348554b3bc037033,train,16418,5,Surprise,3,False,train,Surprise,EXACT_DUPLICATE_CONSISTENT_LABEL
384,496430dd1976ed66e1e13fdb1c1e72cc0b1f9955865b5d7bc8955a2b15ed335a,train,4513,5,Surprise,4,True,private/public/train,Surprise,EXACT_DUPLICATE_CONSISTENT_LABEL
384,496430dd1976ed66e1e13fdb1c1e72cc0b1f9955865b5d7bc8955a2b15ed335a,train,15770,5,Surprise,4,True,private/public/train,Surprise,EXACT_DUPLICATE_CONSISTENT_LABEL
384,496430dd1976ed66e1e13fdb1c1e72cc0b1f9955865b5d7bc8955a2b15ed335a,public,2962,5,Surprise,4,True,private/public/train,Surprise,EXACT_DUPLICATE_CONSISTENT_LABEL
384,496430dd1976ed66e1e13fdb1c1e72cc0b1f9955865b5d7bc8955a2b15ed335a,private,418,5,Surprise,4,True,private/public/train,Surprise,EXACT_DUPLICATE_CONSISTENT_LABEL
385,c7695380507ad224fb48cc2c418ebaa41861278c2c7d9f5d0cf44536fa559433,train,4515,4,Sad,2,False,train,Sad,EXACT_DUPLICATE_CONSISTENT_LABEL
385,c7695380507ad224fb48cc2c418ebaa41861278c2c7d9f5d0cf44536fa559433,train,18567,4,Sad,2,False,train,Sad,EXACT_DUPLICATE_CONSISTENT_LABEL
386,e5ca6c12ca5c04c6a401694070b3ca1ce51de4c6272ae804cb81a8132e681f4e,train,4523,2,Fear,2,False,train,Fear,EXACT_DUPLICATE_CONSISTENT_LABEL
386,e5ca6c12ca5c04c6a401694070b3ca1ce51de4c6272ae804cb81a8132e681f4e,train,20636,2,Fear,2,False,train,Fear,EXACT_DUPLICATE_CONSISTENT_LABEL
387,4817b2fb11c053031e89611d60b9826930e0d28c5ea7d5ef3c6c8e56b37218e2,train,4536,5,Surprise,3,True,public/train,Surprise,EXACT_DUPLICATE_CONSISTENT_LABEL
387,4817b2fb11c053031e89611d60b9826930e0d28c5ea7d5ef3c6c8e56b37218e2,train,7600,5,Surprise,3,True,public/train,Surprise,EXACT_DUPLICATE_CONSISTENT_LABEL
387,4817b2fb11c053031e89611d60b9826930e0d28c5ea7d5ef3c6c8e56b37218e2,public,1481,5,Surprise,3,True,public/train,Surprise,EXACT_DUPLICATE_CONSISTENT_LABEL
388,3fedd0f91f9a359ff765ee7e047f8dfc37bfcfdd53894fa7a419cd115b727cc0,train,4540,2,Fear,2,False,train,Fear,EXACT_DUPLICATE_CONSISTENT_LABEL
388,3fedd0f91f9a359ff765ee7e047f8dfc37bfcfdd53894fa7a419cd115b727cc0,train,23984,2,Fear,2,False,train,Fear,EXACT_DUPLICATE_CONSISTENT_LABEL
389,eee71a2cf026f50852f56390f817d42885db7b3e571aeb9c5803ca21d3e23099,train,4556,3,Happy,2,False,train,Happy/Surprise,EXACT_DUPLICATE_CONFLICTING_LABEL
389,eee71a2cf026f50852f56390f817d42885db7b3e571aeb9c5803ca21d3e23099,train,16921,5,Surprise,2,False,train,Happy/Surprise,EXACT_DUPLICATE_CONFLICTING_LABEL
390,0365faa56b1eebff1cee3acef22df41a31f6399c1f9af00517d3f7217d27f980,train,4577,5,Surprise,2,True,public/train,Surprise,EXACT_DUPLICATE_CONSISTENT_LABEL
390,0365faa56b1eebff1cee3acef22df41a31f6399c1f9af00517d3f7217d27f980,public,272,5,Surprise,2,True,public/train,Surprise,EXACT_DUPLICATE_CONSISTENT_LABEL
391,920500b6fdc067df2d803b2d146b9196bac7ec20b0fd388afa2bd73638236303,train,4602,2,Fear,2,True,public/train,Fear,EXACT_DUPLICATE_CONSISTENT_LABEL
391,920500b6fdc067df2d803b2d146b9196bac7ec20b0fd388afa2bd73638236303,public,1368,2,Fear,2,True,public/train,Fear,EXACT_DUPLICATE_CONSISTENT_LABEL
392,44c1f6ff429e3c80f15a1e637938501c46c94edc5357fe638380e1f456c565b1,train,4650,2,Fear,2,False,train,Fear,EXACT_DUPLICATE_CONSISTENT_LABEL
392,44c1f6ff429e3c80f15a1e637938501c46c94edc5357fe638380e1f456c565b1,train,12471,2,Fear,2,False,train,Fear,EXACT_DUPLICATE_CONSISTENT_LABEL
393,cb76526943e9406a21fd36139421f8f9516e878626621496d18e8ca9052010c5,train,4658,2,Fear,2,True,private/train,Fear,EXACT_DUPLICATE_CONSISTENT_LABEL
393,cb76526943e9406a21fd36139421f8f9516e878626621496d18e8ca9052010c5,private,3446,2,Fear,2,True,private/train,Fear,EXACT_DUPLICATE_CONSISTENT_LABEL
394,5452fbca039a65e1c4c2fe682af27065a62ba3d2c2d9596b763f3d3f70921b15,train,4677,4,Sad,2,False,train,Sad,EXACT_DUPLICATE_CONSISTENT_LABEL
394,5452fbca039a65e1c4c2fe682af27065a62ba3d2c2d9596b763f3d3f70921b15,train,14560,4,Sad,2,False,train,Sad,EXACT_DUPLICATE_CONSISTENT_LABEL
395,75fcbaf468482214f957b6f6765716927c66cc8341ea3a346d9c42de78bc9a68,train,4685,5,Surprise,2,False,train,Surprise,EXACT_DUPLICATE_CONSISTENT_LABEL
395,75fcbaf468482214f957b6f6765716927c66cc8341ea3a346d9c42de78bc9a68,train,5077,5,Surprise,2,False,train,Surprise,EXACT_DUPLICATE_CONSISTENT_LABEL
396,884a62c0449bc87f878b370c45747bb9e5c4c87440cd61c001e22963911d1df6,train,4695,2,Fear,2,True,public/train,Fear,EXACT_DUPLICATE_CONSISTENT_LABEL
396,884a62c0449bc87f878b370c45747bb9e5c4c87440cd61c001e22963911d1df6,public,2023,2,Fear,2,True,public/train,Fear,EXACT_DUPLICATE_CONSISTENT_LABEL
397,c5cb20726724392388de353c61c0cc588489696db67891c1843781e7d2c7baa7,train,4726,3,Happy,3,False,train,Happy,EXACT_DUPLICATE_CONSISTENT_LABEL
397,c5cb20726724392388de353c61c0cc588489696db67891c1843781e7d2c7baa7,train,7633,3,Happy,3,False,train,Happy,EXACT_DUPLICATE_CONSISTENT_LABEL
397,c5cb20726724392388de353c61c0cc588489696db67891c1843781e7d2c7baa7,train,8070,3,Happy,3,False,train,Happy,EXACT_DUPLICATE_CONSISTENT_LABEL
398,1391db522823aa83a115ce291f5d162fa403e677d31e64b9f0e52b0a964c4d79,train,4728,5,Surprise,3,False,train,Surprise,EXACT_DUPLICATE_CONSISTENT_LABEL
398,1391db522823aa83a115ce291f5d162fa403e677d31e64b9f0e52b0a964c4d79,train,9478,5,Surprise,3,False,train,Surprise,EXACT_DUPLICATE_CONSISTENT_LABEL
398,1391db522823aa83a115ce291f5d162fa403e677d31e64b9f0e52b0a964c4d79,train,20624,5,Surprise,3,False,train,Surprise,EXACT_DUPLICATE_CONSISTENT_LABEL
399,77a5b191cd4a34d069690a7ff0e333ac47d7c277cf88c2aa88df447afd4a50bb,train,4739,5,Surprise,2,False,train,Surprise,EXACT_DUPLICATE_CONSISTENT_LABEL
399,77a5b191cd4a34d069690a7ff0e333ac47d7c277cf88c2aa88df447afd4a50bb,train,26427,5,Surprise,2,False,train,Surprise,EXACT_DUPLICATE_CONSISTENT_LABEL
400,2e49ea1be8b905432a2b39026758ffd7a223bc796275a9ff9fa5857c574796e2,train,4740,3,Happy,2,False,train,Happy,EXACT_DUPLICATE_CONSISTENT_LABEL
400,2e49ea1be8b905432a2b39026758ffd7a223bc796275a9ff9fa5857c574796e2,train,12156,3,Happy,2,False,train,Happy,EXACT_DUPLICATE_CONSISTENT_LABEL
401,690dc7d2ad51b2d84e5bec7f795c8c578889f643d32a6b46868d457992f44e86,train,4746,2,Fear,3,False,train,Fear,EXACT_DUPLICATE_CONSISTENT_LABEL
401,690dc7d2ad51b2d84e5bec7f795c8c578889f643d32a6b46868d457992f44e86,train,11231,2,Fear,3,False,train,Fear,EXACT_DUPLICATE_CONSISTENT_LABEL
401,690dc7d2ad51b2d84e5bec7f795c8c578889f643d32a6b46868d457992f44e86,train,13233,2,Fear,3,False,train,Fear,EXACT_DUPLICATE_CONSISTENT_LABEL
402,487e413ceaa65f2937066637e0b32d474f10218a74245b159b5b347ab4d5dbf7,train,4750,0,Angry,2,True,public/train,Angry,EXACT_DUPLICATE_CONSISTENT_LABEL
402,487e413ceaa65f2937066637e0b32d474f10218a74245b159b5b347ab4d5dbf7,public,287,0,Angry,2,True,public/train,Angry,EXACT_DUPLICATE_CONSISTENT_LABEL
403,0214caf2b8bf935d2153a9c9499b0740a4a70dcd1fa2a8ee9fe730de2d9599f4,train,4755,2,Fear,2,False,train,Fear,EXACT_DUPLICATE_CONSISTENT_LABEL
403,0214caf2b8bf935d2153a9c9499b0740a4a70dcd1fa2a8ee9fe730de2d9599f4,train,18054,2,Fear,2,False,train,Fear,EXACT_DUPLICATE_CONSISTENT_LABEL
404,d8f6611169a86d5f608c87a26dea8028a452c33f0dd82693512c475916810cba,train,4760,6,Neutral,2,False,train,Neutral,EXACT_DUPLICATE_CONSISTENT_LABEL
404,d8f6611169a86d5f608c87a26dea8028a452c33f0dd82693512c475916810cba,train,28066,6,Neutral,2,False,train,Neutral,EXACT_DUPLICATE_CONSISTENT_LABEL
405,a0e626e5be733d634386abb2fe576888144540326a0e0b7947afe794b12a2593,train,4793,5,Surprise,2,False,train,Surprise,EXACT_DUPLICATE_CONSISTENT_LABEL
405,a0e626e5be733d634386abb2fe576888144540326a0e0b7947afe794b12a2593,train,27737,5,Surprise,2,False,train,Surprise,EXACT_DUPLICATE_CONSISTENT_LABEL
406,a8ea1c243575ad77121379692a6c6bdf5aac63fc474e7135e53f1248f2eafd16,train,4815,5,Surprise,3,True,public/train,Surprise,EXACT_DUPLICATE_CONSISTENT_LABEL
406,a8ea1c243575ad77121379692a6c6bdf5aac63fc474e7135e53f1248f2eafd16,train,28476,5,Surprise,3,True,public/train,Surprise,EXACT_DUPLICATE_CONSISTENT_LABEL
406,a8ea1c243575ad77121379692a6c6bdf5aac63fc474e7135e53f1248f2eafd16,public,2754,5,Surprise,3,True,public/train,Surprise,EXACT_DUPLICATE_CONSISTENT_LABEL
407,16f49730ccef9f51f64410177a53dcf5467fbd00b94652476a6fdfc1a296f56e,train,4841,2,Fear,2,True,public/train,Fear,EXACT_DUPLICATE_CONSISTENT_LABEL
407,16f49730ccef9f51f64410177a53dcf5467fbd00b94652476a6fdfc1a296f56e,public,37,2,Fear,2,True,public/train,Fear,EXACT_DUPLICATE_CONSISTENT_LABEL
408,f030b49947f1188f6ff2b9c7091c85d38a080297734c1e2017a7075e6016e7c8,train,4858,2,Fear,2,False,train,Fear,EXACT_DUPLICATE_CONSISTENT_LABEL
408,f030b49947f1188f6ff2b9c7091c85d38a080297734c1e2017a7075e6016e7c8,train,5234,2,Fear,2,False,train,Fear,EXACT_DUPLICATE_CONSISTENT_LABEL
409,ecc283964ced9994567c9167d0337768fa51a395ce4224119243d42ca35a771b,train,4861,3,Happy,2,False,train,Happy,EXACT_DUPLICATE_CONSISTENT_LABEL
409,ecc283964ced9994567c9167d0337768fa51a395ce4224119243d42ca35a771b,train,7573,3,Happy,2,False,train,Happy,EXACT_DUPLICATE_CONSISTENT_LABEL
410,8d705e758ef5052daa9f7423453a01d3cad6ab7b6e397ffeedb705ef7b677b4f,train,4867,6,Neutral,2,False,train,Neutral,EXACT_DUPLICATE_CONSISTENT_LABEL
410,8d705e758ef5052daa9f7423453a01d3cad6ab7b6e397ffeedb705ef7b677b4f,train,23491,6,Neutral,2,False,train,Neutral,EXACT_DUPLICATE_CONSISTENT_LABEL
411,1738fdc6b0964b6d5d6ccfa992804c653b45e5fae1e3d5f291da464aa3b97467,train,4878,0,Angry,2,True,private/train,Angry,EXACT_DUPLICATE_CONSISTENT_LABEL
411,1738fdc6b0964b6d5d6ccfa992804c653b45e5fae1e3d5f291da464aa3b97467,private,2815,0,Angry,2,True,private/train,Angry,EXACT_DUPLICATE_CONSISTENT_LABEL
412,66a108f4bb4805caa916be21af2b4738410bc3cd0152e35cc9d3eb21381472dd,train,4882,1,Disgust,3,True,private/train,Disgust,EXACT_DUPLICATE_CONSISTENT_LABEL
412,66a108f4bb4805caa916be21af2b4738410bc3cd0152e35cc9d3eb21381472dd,train,20748,1,Disgust,3,True,private/train,Disgust,EXACT_DUPLICATE_CONSISTENT_LABEL
412,66a108f4bb4805caa916be21af2b4738410bc3cd0152e35cc9d3eb21381472dd,private,706,1,Disgust,3,True,private/train,Disgust,EXACT_DUPLICATE_CONSISTENT_LABEL
413,ee9fc69682444fff7e551cd0d84ee630e45d5cc45a41218d16b4ebc053d7fd81,train,4913,3,Happy,2,True,private/train,Happy,EXACT_DUPLICATE_CONSISTENT_LABEL
413,ee9fc69682444fff7e551cd0d84ee630e45d5cc45a41218d16b4ebc053d7fd81,private,1821,3,Happy,2,True,private/train,Happy,EXACT_DUPLICATE_CONSISTENT_LABEL
414,b4d5a4bbd00d49225fdd373b13a4ad0d64ca7bca862360566ce6242f8eaf51d5,train,4915,5,Surprise,5,True,private/public/train,Surprise,EXACT_DUPLICATE_CONSISTENT_LABEL
414,b4d5a4bbd00d49225fdd373b13a4ad0d64ca7bca862360566ce6242f8eaf51d5,train,6411,5,Surprise,5,True,private/public/train,Surprise,EXACT_DUPLICATE_CONSISTENT_LABEL
414,b4d5a4bbd00d49225fdd373b13a4ad0d64ca7bca862360566ce6242f8eaf51d5,train,11279,5,Surprise,5,True,private/public/train,Surprise,EXACT_DUPLICATE_CONSISTENT_LABEL
414,b4d5a4bbd00d49225fdd373b13a4ad0d64ca7bca862360566ce6242f8eaf51d5,public,2220,5,Surprise,5,True,private/public/train,Surprise,EXACT_DUPLICATE_CONSISTENT_LABEL
414,b4d5a4bbd00d49225fdd373b13a4ad0d64ca7bca862360566ce6242f8eaf51d5,private,2445,5,Surprise,5,True,private/public/train,Surprise,EXACT_DUPLICATE_CONSISTENT_LABEL
415,64338ed79bcf060fc65f7d80650c19ae1ef9ad8504953d02995b136ca7f64ea3,train,4926,5,Surprise,2,False,train,Surprise,EXACT_DUPLICATE_CONSISTENT_LABEL
415,64338ed79bcf060fc65f7d80650c19ae1ef9ad8504953d02995b136ca7f64ea3,train,27970,5,Surprise,2,False,train,Surprise,EXACT_DUPLICATE_CONSISTENT_LABEL
416,138e4d84b70b7a352426d61b60991bb42aea8d9fa51281c6635b07d516313647,train,4945,2,Fear,2,False,train,Fear,EXACT_DUPLICATE_CONSISTENT_LABEL
416,138e4d84b70b7a352426d61b60991bb42aea8d9fa51281c6635b07d516313647,train,5126,2,Fear,2,False,train,Fear,EXACT_DUPLICATE_CONSISTENT_LABEL
417,232fa933b6ca7459abf463bf3d42ce3980902fda545a1ec0f4cf2682104d2e3a,train,4946,5,Surprise,2,False,train,Surprise,EXACT_DUPLICATE_CONSISTENT_LABEL
417,232fa933b6ca7459abf463bf3d42ce3980902fda545a1ec0f4cf2682104d2e3a,train,13520,5,Surprise,2,False,train,Surprise,EXACT_DUPLICATE_CONSISTENT_LABEL
418,ab88bccaa5735467ea3df756c0543fd701ddb4b5b5e21b379e125b872754e625,train,4975,2,Fear,2,False,train,Fear,EXACT_DUPLICATE_CONSISTENT_LABEL
418,ab88bccaa5735467ea3df756c0543fd701ddb4b5b5e21b379e125b872754e625,train,6874,2,Fear,2,False,train,Fear,EXACT_DUPLICATE_CONSISTENT_LABEL
419,98005e26338464f8d025a7c9ae5675498be49c51b1c1a82d25043e8a38fe0699,train,4991,5,Surprise,2,False,train,Surprise,EXACT_DUPLICATE_CONSISTENT_LABEL
419,98005e26338464f8d025a7c9ae5675498be49c51b1c1a82d25043e8a38fe0699,train,18862,5,Surprise,2,False,train,Surprise,EXACT_DUPLICATE_CONSISTENT_LABEL
420,092e94a86b38e89d5b0c96af4de10a6a76e93c4bb1e5d679faf9f117b747625f,train,5009,0,Angry,2,True,private/train,Angry,EXACT_DUPLICATE_CONSISTENT_LABEL
420,092e94a86b38e89d5b0c96af4de10a6a76e93c4bb1e5d679faf9f117b747625f,private,1670,0,Angry,2,True,private/train,Angry,EXACT_DUPLICATE_CONSISTENT_LABEL
421,5521174dda440071284ac3cdf03f4d3fc713e99d50256f94b2f8c748ef6c7d66,train,5020,5,Surprise,2,True,private/train,Surprise,EXACT_DUPLICATE_CONSISTENT_LABEL
421,5521174dda440071284ac3cdf03f4d3fc713e99d50256f94b2f8c748ef6c7d66,private,1610,5,Surprise,2,True,private/train,Surprise,EXACT_DUPLICATE_CONSISTENT_LABEL
422,6733528a71da4b7bc71a756ba21e3a8c3d15c745579d013c8484e3b868810497,train,5036,4,Sad,2,False,train,Sad,EXACT_DUPLICATE_CONSISTENT_LABEL
422,6733528a71da4b7bc71a756ba21e3a8c3d15c745579d013c8484e3b868810497,train,10305,4,Sad,2,False,train,Sad,EXACT_DUPLICATE_CONSISTENT_LABEL
423,965e553cdb79f3b5f7ce8792c8ab4b71030d8c28cdcbae631749860ebb0d7368,train,5037,5,Surprise,2,False,train,Surprise,EXACT_DUPLICATE_CONSISTENT_LABEL
423,965e553cdb79f3b5f7ce8792c8ab4b71030d8c28cdcbae631749860ebb0d7368,train,26120,5,Surprise,2,False,train,Surprise,EXACT_DUPLICATE_CONSISTENT_LABEL
424,9009fdac75e241f294fdf13a2c90a76499c7d946d9992ed3cb3a0e1bc5bc6b44,train,5043,3,Happy,2,False,train,Happy,EXACT_DUPLICATE_CONSISTENT_LABEL
424,9009fdac75e241f294fdf13a2c90a76499c7d946d9992ed3cb3a0e1bc5bc6b44,train,26994,3,Happy,2,False,train,Happy,EXACT_DUPLICATE_CONSISTENT_LABEL
425,4d2b112b08f0837901f58a0e7e96b76339b04e52045e164b1c3532daea5512eb,train,5052,4,Sad,4,True,public/train,Sad,EXACT_DUPLICATE_CONSISTENT_LABEL
425,4d2b112b08f0837901f58a0e7e96b76339b04e52045e164b1c3532daea5512eb,train,16631,4,Sad,4,True,public/train,Sad,EXACT_DUPLICATE_CONSISTENT_LABEL
425,4d2b112b08f0837901f58a0e7e96b76339b04e52045e164b1c3532daea5512eb,train,26975,4,Sad,4,True,public/train,Sad,EXACT_DUPLICATE_CONSISTENT_LABEL
425,4d2b112b08f0837901f58a0e7e96b76339b04e52045e164b1c3532daea5512eb,public,856,4,Sad,4,True,public/train,Sad,EXACT_DUPLICATE_CONSISTENT_LABEL
426,2c1761af3ba87578846e0e38ad462ca55bca2b71bd40e13ad8575a043ca91c4f,train,5056,4,Sad,2,False,train,Sad,EXACT_DUPLICATE_CONSISTENT_LABEL
426,2c1761af3ba87578846e0e38ad462ca55bca2b71bd40e13ad8575a043ca91c4f,train,27786,4,Sad,2,False,train,Sad,EXACT_DUPLICATE_CONSISTENT_LABEL
427,9a1d873c87eca9142ce322d8bc4b33f1acd06190fdf6e9ecc0ddee4f8596a744,train,5065,2,Fear,2,False,train,Fear,EXACT_DUPLICATE_CONSISTENT_LABEL
427,9a1d873c87eca9142ce322d8bc4b33f1acd06190fdf6e9ecc0ddee4f8596a744,train,21453,2,Fear,2,False,train,Fear,EXACT_DUPLICATE_CONSISTENT_LABEL
428,db3024e427f3754335bc50ba2b6a2bd8a95f1e4a15f4d662b72488ef08945d6b,train,5066,2,Fear,3,True,private/public/train,Fear,EXACT_DUPLICATE_CONSISTENT_LABEL
428,db3024e427f3754335bc50ba2b6a2bd8a95f1e4a15f4d662b72488ef08945d6b,public,819,2,Fear,3,True,private/public/train,Fear,EXACT_DUPLICATE_CONSISTENT_LABEL
428,db3024e427f3754335bc50ba2b6a2bd8a95f1e4a15f4d662b72488ef08945d6b,private,1514,2,Fear,3,True,private/public/train,Fear,EXACT_DUPLICATE_CONSISTENT_LABEL
429,ca866b2af1aad9f6ca30b22d2d6cd227fde0b09acec4bf9de1267c22c66fa185,train,5103,3,Happy,2,False,train,Happy,EXACT_DUPLICATE_CONSISTENT_LABEL
429,ca866b2af1aad9f6ca30b22d2d6cd227fde0b09acec4bf9de1267c22c66fa185,train,20645,3,Happy,2,False,train,Happy,EXACT_DUPLICATE_CONSISTENT_LABEL
430,2772d2500c33ac5dff34086a6769605f0190c0b3dd748ea224b9b95eecca4230,train,5114,3,Happy,2,False,train,Happy,EXACT_DUPLICATE_CONSISTENT_LABEL
430,2772d2500c33ac5dff34086a6769605f0190c0b3dd748ea224b9b95eecca4230,train,5632,3,Happy,2,False,train,Happy,EXACT_DUPLICATE_CONSISTENT_LABEL
431,43050ad873c81858b4610c8001cf9af5f432288a7f77a2e50049a301f37b90ff,train,5118,0,Angry,2,False,train,Angry,EXACT_DUPLICATE_CONSISTENT_LABEL
431,43050ad873c81858b4610c8001cf9af5f432288a7f77a2e50049a301f37b90ff,train,12585,0,Angry,2,False,train,Angry,EXACT_DUPLICATE_CONSISTENT_LABEL
432,e3f2ba03e6b8cad419afa5d5b30c77465b1c203cdb2db4976e0e0576a0891886,train,5147,4,Sad,2,False,train,Sad,EXACT_DUPLICATE_CONSISTENT_LABEL
432,e3f2ba03e6b8cad419afa5d5b30c77465b1c203cdb2db4976e0e0576a0891886,train,21298,4,Sad,2,False,train,Sad,EXACT_DUPLICATE_CONSISTENT_LABEL
433,9c0fe9b2be8ac4e5b02fe32782bb39af2695b59a5808b8651acccf12492e753a,train,5169,5,Surprise,4,True,private/public/train,Surprise,EXACT_DUPLICATE_CONSISTENT_LABEL
433,9c0fe9b2be8ac4e5b02fe32782bb39af2695b59a5808b8651acccf12492e753a,public,659,5,Surprise,4,True,private/public/train,Surprise,EXACT_DUPLICATE_CONSISTENT_LABEL
433,9c0fe9b2be8ac4e5b02fe32782bb39af2695b59a5808b8651acccf12492e753a,public,3078,5,Surprise,4,True,private/public/train,Surprise,EXACT_DUPLICATE_CONSISTENT_LABEL
433,9c0fe9b2be8ac4e5b02fe32782bb39af2695b59a5808b8651acccf12492e753a,private,992,5,Surprise,4,True,private/public/train,Surprise,EXACT_DUPLICATE_CONSISTENT_LABEL
434,0e139ff7f8ade1d881631a1a525f41016f401e3a31cb5ef8292c0adb11203b02,train,5170,6,Neutral,2,False,train,Neutral,EXACT_DUPLICATE_CONSISTENT_LABEL
434,0e139ff7f8ade1d881631a1a525f41016f401e3a31cb5ef8292c0adb11203b02,train,25615,6,Neutral,2,False,train,Neutral,EXACT_DUPLICATE_CONSISTENT_LABEL
435,8b2188278965beacc468608bfc53e16f1bca241d13dd114b616d4772204cc1b9,train,5172,3,Happy,2,False,train,Happy,EXACT_DUPLICATE_CONSISTENT_LABEL
435,8b2188278965beacc468608bfc53e16f1bca241d13dd114b616d4772204cc1b9,train,25620,3,Happy,2,False,train,Happy,EXACT_DUPLICATE_CONSISTENT_LABEL
436,1590c0d175442748d5b5e3832cda102a2a740ffaf29b63199da73699c1ad9022,train,5195,2,Fear,2,False,train,Fear,EXACT_DUPLICATE_CONSISTENT_LABEL
436,1590c0d175442748d5b5e3832cda102a2a740ffaf29b63199da73699c1ad9022,train,8645,2,Fear,2,False,train,Fear,EXACT_DUPLICATE_CONSISTENT_LABEL
437,8e6cb34a482162ce83ed7bf6d205b0c6a8b18fc24d3ae69739b3aa0e6a7d6df4,train,5223,2,Fear,4,True,public/train,Fear/Surprise,EXACT_DUPLICATE_CONFLICTING_LABEL
437,8e6cb34a482162ce83ed7bf6d205b0c6a8b18fc24d3ae69739b3aa0e6a7d6df4,train,5706,5,Surprise,4,True,public/train,Fear/Surprise,EXACT_DUPLICATE_CONFLICTING_LABEL
437,8e6cb34a482162ce83ed7bf6d205b0c6a8b18fc24d3ae69739b3aa0e6a7d6df4,train,27908,5,Surprise,4,True,public/train,Fear/Surprise,EXACT_DUPLICATE_CONFLICTING_LABEL
437,8e6cb34a482162ce83ed7bf6d205b0c6a8b18fc24d3ae69739b3aa0e6a7d6df4,public,1523,2,Fear,4,True,public/train,Fear/Surprise,EXACT_DUPLICATE_CONFLICTING_LABEL
438,55746e1836d9b11c600af6eb0355b1b5213fab6738546dcc400f399dc68b8935,train,5235,2,Fear,3,True,private/train,Fear/Sad,EXACT_DUPLICATE_CONFLICTING_LABEL
438,55746e1836d9b11c600af6eb0355b1b5213fab6738546dcc400f399dc68b8935,train,20466,4,Sad,3,True,private/train,Fear/Sad,EXACT_DUPLICATE_CONFLICTING_LABEL
438,55746e1836d9b11c600af6eb0355b1b5213fab6738546dcc400f399dc68b8935,private,1902,2,Fear,3,True,private/train,Fear/Sad,EXACT_DUPLICATE_CONFLICTING_LABEL
439,b1def65b98dd5db255805e7cafffad0742746fda94c86997849414ee38ba39a7,train,5256,2,Fear,2,True,public/train,Fear,EXACT_DUPLICATE_CONSISTENT_LABEL
439,b1def65b98dd5db255805e7cafffad0742746fda94c86997849414ee38ba39a7,public,1869,2,Fear,2,True,public/train,Fear,EXACT_DUPLICATE_CONSISTENT_LABEL
440,e7fe1013c40a855eefde18ba3dfd1331d5336051e0a7d361828e278b57f7441b,train,5258,6,Neutral,2,False,train,Neutral,EXACT_DUPLICATE_CONSISTENT_LABEL
440,e7fe1013c40a855eefde18ba3dfd1331d5336051e0a7d361828e278b57f7441b,train,23191,6,Neutral,2,False,train,Neutral,EXACT_DUPLICATE_CONSISTENT_LABEL
441,8c717cc2902027257ebd5acf3d24f2cfe8989925728712f38c1d95c01ca02e03,train,5263,2,Fear,2,False,train,Fear,EXACT_DUPLICATE_CONSISTENT_LABEL
441,8c717cc2902027257ebd5acf3d24f2cfe8989925728712f38c1d95c01ca02e03,train,16513,2,Fear,2,False,train,Fear,EXACT_DUPLICATE_CONSISTENT_LABEL
442,978b55997ac36f9dcc5019fc79f5ef2b618715af259596924ba0fa1b65e92830,train,5268,0,Angry,2,False,train,Angry,EXACT_DUPLICATE_CONSISTENT_LABEL
442,978b55997ac36f9dcc5019fc79f5ef2b618715af259596924ba0fa1b65e92830,train,27971,0,Angry,2,False,train,Angry,EXACT_DUPLICATE_CONSISTENT_LABEL
443,c0bb0a1ce3e7192135c83605c3e96e4d78fda3376aab449ce3c8127df7a86b77,train,5294,5,Surprise,4,True,public/train,Surprise,EXACT_DUPLICATE_CONSISTENT_LABEL
443,c0bb0a1ce3e7192135c83605c3e96e4d78fda3376aab449ce3c8127df7a86b77,train,14552,5,Surprise,4,True,public/train,Surprise,EXACT_DUPLICATE_CONSISTENT_LABEL
443,c0bb0a1ce3e7192135c83605c3e96e4d78fda3376aab449ce3c8127df7a86b77,train,24398,5,Surprise,4,True,public/train,Surprise,EXACT_DUPLICATE_CONSISTENT_LABEL
443,c0bb0a1ce3e7192135c83605c3e96e4d78fda3376aab449ce3c8127df7a86b77,public,2514,5,Surprise,4,True,public/train,Surprise,EXACT_DUPLICATE_CONSISTENT_LABEL
444,5afa63344c4dca4232257aaca4c535023b2fd783ab7144d79b2e3fc6e4db0415,train,5335,1,Disgust,4,True,private/train,Disgust,EXACT_DUPLICATE_CONSISTENT_LABEL
444,5afa63344c4dca4232257aaca4c535023b2fd783ab7144d79b2e3fc6e4db0415,train,8585,1,Disgust,4,True,private/train,Disgust,EXACT_DUPLICATE_CONSISTENT_LABEL
444,5afa63344c4dca4232257aaca4c535023b2fd783ab7144d79b2e3fc6e4db0415,train,26544,1,Disgust,4,True,private/train,Disgust,EXACT_DUPLICATE_CONSISTENT_LABEL
444,5afa63344c4dca4232257aaca4c535023b2fd783ab7144d79b2e3fc6e4db0415,private,1089,1,Disgust,4,True,private/train,Disgust,EXACT_DUPLICATE_CONSISTENT_LABEL
445,177fe6aa2dcaef8c111651bd4f265e6f3e0f3a59dab9f6121147ccfbe285ec93,train,5340,3,Happy,2,False,train,Happy,EXACT_DUPLICATE_CONSISTENT_LABEL
445,177fe6aa2dcaef8c111651bd4f265e6f3e0f3a59dab9f6121147ccfbe285ec93,train,18752,3,Happy,2,False,train,Happy,EXACT_DUPLICATE_CONSISTENT_LABEL
446,de40f74e27685f47bd8d6a3702b141cefa373bed16128c6b98484fa8da7ab388,train,5348,4,Sad,2,False,train,Sad,EXACT_DUPLICATE_CONSISTENT_LABEL
446,de40f74e27685f47bd8d6a3702b141cefa373bed16128c6b98484fa8da7ab388,train,11817,4,Sad,2,False,train,Sad,EXACT_DUPLICATE_CONSISTENT_LABEL
447,7594e80bdaad927e57b485ec778a85908b1a4119e098e2bbf0ebbdc9de1a1e1b,train,5350,3,Happy,2,False,train,Happy,EXACT_DUPLICATE_CONSISTENT_LABEL
447,7594e80bdaad927e57b485ec778a85908b1a4119e098e2bbf0ebbdc9de1a1e1b,train,22726,3,Happy,2,False,train,Happy,EXACT_DUPLICATE_CONSISTENT_LABEL
448,38ca040fc7c17216217c99c197dbf95a73b82af83d567148d1420f7faf9675de,train,5354,2,Fear,2,True,public/train,Fear,EXACT_DUPLICATE_CONSISTENT_LABEL
448,38ca040fc7c17216217c99c197dbf95a73b82af83d567148d1420f7faf9675de,public,1190,2,Fear,2,True,public/train,Fear,EXACT_DUPLICATE_CONSISTENT_LABEL
449,05282b5381fe057a319e6395457349d4583955696c5dd5bb5de159fc629eb036,train,5363,0,Angry,2,False,train,Angry,EXACT_DUPLICATE_CONSISTENT_LABEL
449,05282b5381fe057a319e6395457349d4583955696c5dd5bb5de159fc629eb036,train,10661,0,Angry,2,False,train,Angry,EXACT_DUPLICATE_CONSISTENT_LABEL
450,870489ab919d892a767929f333168c2b00f79b652b181f7300f0761e6f604904,train,5365,5,Surprise,2,False,train,Surprise,EXACT_DUPLICATE_CONSISTENT_LABEL
450,870489ab919d892a767929f333168c2b00f79b652b181f7300f0761e6f604904,train,14805,5,Surprise,2,False,train,Surprise,EXACT_DUPLICATE_CONSISTENT_LABEL
451,9d8cbfd5fdaa74cba9c0ccd02ea53b5b5d911eed4e6666f14b2778ba7626c069,train,5392,0,Angry,3,True,public/train,Angry,EXACT_DUPLICATE_CONSISTENT_LABEL
451,9d8cbfd5fdaa74cba9c0ccd02ea53b5b5d911eed4e6666f14b2778ba7626c069,train,28221,0,Angry,3,True,public/train,Angry,EXACT_DUPLICATE_CONSISTENT_LABEL
451,9d8cbfd5fdaa74cba9c0ccd02ea53b5b5d911eed4e6666f14b2778ba7626c069,public,1737,0,Angry,3,True,public/train,Angry,EXACT_DUPLICATE_CONSISTENT_LABEL
452,4bf6c23d6909762aa31f9fbfafad24aa372d1d7179c4360035376714d058a3fd,train,5393,5,Surprise,2,False,train,Surprise,EXACT_DUPLICATE_CONSISTENT_LABEL
452,4bf6c23d6909762aa31f9fbfafad24aa372d1d7179c4360035376714d058a3fd,train,11119,5,Surprise,2,False,train,Surprise,EXACT_DUPLICATE_CONSISTENT_LABEL
453,31a65191694bb1bb7da6d0c099cdf278d37e43398217b6aa9e0ffadd891423b1,train,5396,3,Happy,2,False,train,Happy,EXACT_DUPLICATE_CONSISTENT_LABEL
453,31a65191694bb1bb7da6d0c099cdf278d37e43398217b6aa9e0ffadd891423b1,train,26212,3,Happy,2,False,train,Happy,EXACT_DUPLICATE_CONSISTENT_LABEL
454,15c9db7a41823e935f52646401f4d06eaf035f54d34bbc1f5cd25faafa28318d,train,5459,0,Angry,2,False,train,Angry,EXACT_DUPLICATE_CONSISTENT_LABEL
454,15c9db7a41823e935f52646401f4d06eaf035f54d34bbc1f5cd25faafa28318d,train,12733,0,Angry,2,False,train,Angry,EXACT_DUPLICATE_CONSISTENT_LABEL
455,1db513a353d04704d314702a3b406f40ba23ae4c525d305770c64451029af817,train,5476,2,Fear,3,False,train,Fear,EXACT_DUPLICATE_CONSISTENT_LABEL
455,1db513a353d04704d314702a3b406f40ba23ae4c525d305770c64451029af817,train,15778,2,Fear,3,False,train,Fear,EXACT_DUPLICATE_CONSISTENT_LABEL
455,1db513a353d04704d314702a3b406f40ba23ae4c525d305770c64451029af817,train,23033,2,Fear,3,False,train,Fear,EXACT_DUPLICATE_CONSISTENT_LABEL
456,d698948cffe027d27fd182e80d35813d870006b1cb6229c2f247ebd725829ac1,train,5481,5,Surprise,2,False,train,Surprise,EXACT_DUPLICATE_CONSISTENT_LABEL
456,d698948cffe027d27fd182e80d35813d870006b1cb6229c2f247ebd725829ac1,train,17230,5,Surprise,2,False,train,Surprise,EXACT_DUPLICATE_CONSISTENT_LABEL
457,3be63e3decead2ae1089f4bc52fed3852df29222818a730efabab52eb7d22cb2,train,5483,2,Fear,2,False,train,Fear,EXACT_DUPLICATE_CONSISTENT_LABEL
457,3be63e3decead2ae1089f4bc52fed3852df29222818a730efabab52eb7d22cb2,train,12603,2,Fear,2,False,train,Fear,EXACT_DUPLICATE_CONSISTENT_LABEL
458,b8e80a0e1c9f3c776b3773371e4328cb73e255398fb6a3055e422308d4433668,train,5492,5,Surprise,2,False,train,Surprise,EXACT_DUPLICATE_CONSISTENT_LABEL
458,b8e80a0e1c9f3c776b3773371e4328cb73e255398fb6a3055e422308d4433668,train,23253,5,Surprise,2,False,train,Surprise,EXACT_DUPLICATE_CONSISTENT_LABEL
459,352a21a7378c6c8a92e5af5beafd66da412db8ca3cecebce3da86aa76fd2a2e5,train,5519,0,Angry,2,False,train,Angry,EXACT_DUPLICATE_CONSISTENT_LABEL
459,352a21a7378c6c8a92e5af5beafd66da412db8ca3cecebce3da86aa76fd2a2e5,train,24566,0,Angry,2,False,train,Angry,EXACT_DUPLICATE_CONSISTENT_LABEL
460,9bc03f8710db3527403742cec40998ba742991d64854b25bc2cf655e16efeb33,train,5538,2,Fear,4,True,public/train,Fear,EXACT_DUPLICATE_CONSISTENT_LABEL
460,9bc03f8710db3527403742cec40998ba742991d64854b25bc2cf655e16efeb33,train,26973,2,Fear,4,True,public/train,Fear,EXACT_DUPLICATE_CONSISTENT_LABEL
460,9bc03f8710db3527403742cec40998ba742991d64854b25bc2cf655e16efeb33,public,2216,2,Fear,4,True,public/train,Fear,EXACT_DUPLICATE_CONSISTENT_LABEL
460,9bc03f8710db3527403742cec40998ba742991d64854b25bc2cf655e16efeb33,public,3256,2,Fear,4,True,public/train,Fear,EXACT_DUPLICATE_CONSISTENT_LABEL
461,a1b9f5945158bcf55d06ce3f6c7ce6810e479bbc825a6a6c0debe09ef8aaad86,train,5540,6,Neutral,2,False,train,Neutral,EXACT_DUPLICATE_CONSISTENT_LABEL
461,a1b9f5945158bcf55d06ce3f6c7ce6810e479bbc825a6a6c0debe09ef8aaad86,train,17106,6,Neutral,2,False,train,Neutral,EXACT_DUPLICATE_CONSISTENT_LABEL
462,ed86b4060696b079cc43b007d65f3d7f1ab87734db1ba345db9bb32723bf4f4d,train,5545,0,Angry,5,True,public/train,Angry,EXACT_DUPLICATE_CONSISTENT_LABEL
462,ed86b4060696b079cc43b007d65f3d7f1ab87734db1ba345db9bb32723bf4f4d,train,5570,0,Angry,5,True,public/train,Angry,EXACT_DUPLICATE_CONSISTENT_LABEL
462,ed86b4060696b079cc43b007d65f3d7f1ab87734db1ba345db9bb32723bf4f4d,train,24826,0,Angry,5,True,public/train,Angry,EXACT_DUPLICATE_CONSISTENT_LABEL
462,ed86b4060696b079cc43b007d65f3d7f1ab87734db1ba345db9bb32723bf4f4d,train,25788,0,Angry,5,True,public/train,Angry,EXACT_DUPLICATE_CONSISTENT_LABEL
462,ed86b4060696b079cc43b007d65f3d7f1ab87734db1ba345db9bb32723bf4f4d,public,2886,0,Angry,5,True,public/train,Angry,EXACT_DUPLICATE_CONSISTENT_LABEL
463,69f7f69e893f687a0c7a301daf6f3dcfa1416597088cb786374e865dc8713ce5,train,5563,5,Surprise,2,True,public/train,Surprise,EXACT_DUPLICATE_CONSISTENT_LABEL
463,69f7f69e893f687a0c7a301daf6f3dcfa1416597088cb786374e865dc8713ce5,public,2990,5,Surprise,2,True,public/train,Surprise,EXACT_DUPLICATE_CONSISTENT_LABEL
464,1cf6711248cb0011e758ca40c972c0586e1f2e5b6b8b789a7fade414cb41ea75,train,5595,5,Surprise,2,False,train,Surprise,EXACT_DUPLICATE_CONSISTENT_LABEL
464,1cf6711248cb0011e758ca40c972c0586e1f2e5b6b8b789a7fade414cb41ea75,train,27666,5,Surprise,2,False,train,Surprise,EXACT_DUPLICATE_CONSISTENT_LABEL
465,ec11d091332a296e93d24483358dfbbb139fa50f9fa0efcb671dce367d85c1ad,train,5597,5,Surprise,2,False,train,Surprise,EXACT_DUPLICATE_CONSISTENT_LABEL
465,ec11d091332a296e93d24483358dfbbb139fa50f9fa0efcb671dce367d85c1ad,train,13737,5,Surprise,2,False,train,Surprise,EXACT_DUPLICATE_CONSISTENT_LABEL
466,e352bc6cad277c4e9376284015d5f8616672f47d359c5f9f488936d8a78ef2b4,train,5616,5,Surprise,2,False,train,Surprise,EXACT_DUPLICATE_CONSISTENT_LABEL
466,e352bc6cad277c4e9376284015d5f8616672f47d359c5f9f488936d8a78ef2b4,train,13632,5,Surprise,2,False,train,Surprise,EXACT_DUPLICATE_CONSISTENT_LABEL
467,8d9d7e39f07596f795568d9a2fb57508e9ebbe5ce4daa90cd3bd90988a078932,train,5622,2,Fear,2,True,public/train,Fear,EXACT_DUPLICATE_CONSISTENT_LABEL
467,8d9d7e39f07596f795568d9a2fb57508e9ebbe5ce4daa90cd3bd90988a078932,public,149,2,Fear,2,True,public/train,Fear,EXACT_DUPLICATE_CONSISTENT_LABEL
468,8c7f58d164c880b9473ddabd5313528a68def7d730617086e7908f66dcf5df95,train,5655,0,Angry,3,False,train,Angry/Surprise,EXACT_DUPLICATE_CONFLICTING_LABEL
468,8c7f58d164c880b9473ddabd5313528a68def7d730617086e7908f66dcf5df95,train,15937,5,Surprise,3,False,train,Angry/Surprise,EXACT_DUPLICATE_CONFLICTING_LABEL
468,8c7f58d164c880b9473ddabd5313528a68def7d730617086e7908f66dcf5df95,train,25916,5,Surprise,3,False,train,Angry/Surprise,EXACT_DUPLICATE_CONFLICTING_LABEL
469,311f01a1646a890b9db88d58a481468ba6f8640ec03274fed689cf1ec7965bb1,train,5667,1,Disgust,4,False,train,Disgust/Fear,EXACT_DUPLICATE_CONFLICTING_LABEL
469,311f01a1646a890b9db88d58a481468ba6f8640ec03274fed689cf1ec7965bb1,train,15027,1,Disgust,4,False,train,Disgust/Fear,EXACT_DUPLICATE_CONFLICTING_LABEL
469,311f01a1646a890b9db88d58a481468ba6f8640ec03274fed689cf1ec7965bb1,train,24456,2,Fear,4,False,train,Disgust/Fear,EXACT_DUPLICATE_CONFLICTING_LABEL
469,311f01a1646a890b9db88d58a481468ba6f8640ec03274fed689cf1ec7965bb1,train,25657,1,Disgust,4,False,train,Disgust/Fear,EXACT_DUPLICATE_CONFLICTING_LABEL
470,cc5df3269af60692bc06a8e6a02c1a3f8ff47868454938c0e8bacf2b6c4d7124,train,5680,5,Surprise,2,False,train,Surprise,EXACT_DUPLICATE_CONSISTENT_LABEL
470,cc5df3269af60692bc06a8e6a02c1a3f8ff47868454938c0e8bacf2b6c4d7124,train,25036,5,Surprise,2,False,train,Surprise,EXACT_DUPLICATE_CONSISTENT_LABEL
471,098730ca59753ad581459bd58adcfcf9d0e40baebff78d1629cf9973c4c0391a,train,5682,0,Angry,5,True,private/train,Angry,EXACT_DUPLICATE_CONSISTENT_LABEL
471,098730ca59753ad581459bd58adcfcf9d0e40baebff78d1629cf9973c4c0391a,train,6208,0,Angry,5,True,private/train,Angry,EXACT_DUPLICATE_CONSISTENT_LABEL
471,098730ca59753ad581459bd58adcfcf9d0e40baebff78d1629cf9973c4c0391a,train,14338,0,Angry,5,True,private/train,Angry,EXACT_DUPLICATE_CONSISTENT_LABEL
471,098730ca59753ad581459bd58adcfcf9d0e40baebff78d1629cf9973c4c0391a,train,20926,0,Angry,5,True,private/train,Angry,EXACT_DUPLICATE_CONSISTENT_LABEL
471,098730ca59753ad581459bd58adcfcf9d0e40baebff78d1629cf9973c4c0391a,private,2281,0,Angry,5,True,private/train,Angry,EXACT_DUPLICATE_CONSISTENT_LABEL
472,9b86e5e1a839c4ffc7102ebdde360a6a525af2ed15b4e7bea9c3cbde7a33c24f,train,5696,5,Surprise,2,False,train,Surprise,EXACT_DUPLICATE_CONSISTENT_LABEL
472,9b86e5e1a839c4ffc7102ebdde360a6a525af2ed15b4e7bea9c3cbde7a33c24f,train,7780,5,Surprise,2,False,train,Surprise,EXACT_DUPLICATE_CONSISTENT_LABEL
473,ef8610d58d2c8697c81c0fcc2dd1a4e4ee592518788af0720f285cac61532300,train,5703,5,Surprise,2,False,train,Surprise,EXACT_DUPLICATE_CONSISTENT_LABEL
473,ef8610d58d2c8697c81c0fcc2dd1a4e4ee592518788af0720f285cac61532300,train,24795,5,Surprise,2,False,train,Surprise,EXACT_DUPLICATE_CONSISTENT_LABEL
474,2931f24a3842e74f303004285a2fdae829b121db766acabebf9938c49b3863c8,train,5716,6,Neutral,2,False,train,Neutral,EXACT_DUPLICATE_CONSISTENT_LABEL
474,2931f24a3842e74f303004285a2fdae829b121db766acabebf9938c49b3863c8,train,9149,6,Neutral,2,False,train,Neutral,EXACT_DUPLICATE_CONSISTENT_LABEL
475,5a855db23a6c0311a018c6cdf03c29ade14b0a7ecdaf17cbba81a56d6fadffd6,train,5727,2,Fear,2,False,train,Fear,EXACT_DUPLICATE_CONSISTENT_LABEL
475,5a855db23a6c0311a018c6cdf03c29ade14b0a7ecdaf17cbba81a56d6fadffd6,train,24625,2,Fear,2,False,train,Fear,EXACT_DUPLICATE_CONSISTENT_LABEL
476,1fb742497123aeb79b9401be5b3bf6d3d3ad9d4d695e10096b2560f553411757,train,5741,4,Sad,2,True,public/train,Sad,EXACT_DUPLICATE_CONSISTENT_LABEL
476,1fb742497123aeb79b9401be5b3bf6d3d3ad9d4d695e10096b2560f553411757,public,1251,4,Sad,2,True,public/train,Sad,EXACT_DUPLICATE_CONSISTENT_LABEL
477,16b59e0ef40cd7efea02bdcb034cc5ea2257581e1dbc13d53d125ee0ba314591,train,5752,2,Fear,3,False,train,Fear,EXACT_DUPLICATE_CONSISTENT_LABEL
477,16b59e0ef40cd7efea02bdcb034cc5ea2257581e1dbc13d53d125ee0ba314591,train,12544,2,Fear,3,False,train,Fear,EXACT_DUPLICATE_CONSISTENT_LABEL
477,16b59e0ef40cd7efea02bdcb034cc5ea2257581e1dbc13d53d125ee0ba314591,train,14715,2,Fear,3,False,train,Fear,EXACT_DUPLICATE_CONSISTENT_LABEL
478,454547454a821840ce65ddf6113103235af1a20230e33fac1639413142f69103,train,5755,4,Sad,2,False,train,Sad,EXACT_DUPLICATE_CONSISTENT_LABEL
478,454547454a821840ce65ddf6113103235af1a20230e33fac1639413142f69103,train,15274,4,Sad,2,False,train,Sad,EXACT_DUPLICATE_CONSISTENT_LABEL
479,4515a81b8347a1739b471956d5755dee5ab80c2bdcd4e74564398f0e73fee5d1,train,5763,0,Angry,7,True,private/train,Angry,EXACT_DUPLICATE_CONSISTENT_LABEL
479,4515a81b8347a1739b471956d5755dee5ab80c2bdcd4e74564398f0e73fee5d1,train,9528,0,Angry,7,True,private/train,Angry,EXACT_DUPLICATE_CONSISTENT_LABEL
479,4515a81b8347a1739b471956d5755dee5ab80c2bdcd4e74564398f0e73fee5d1,train,23194,0,Angry,7,True,private/train,Angry,EXACT_DUPLICATE_CONSISTENT_LABEL
479,4515a81b8347a1739b471956d5755dee5ab80c2bdcd4e74564398f0e73fee5d1,train,24265,0,Angry,7,True,private/train,Angry,EXACT_DUPLICATE_CONSISTENT_LABEL
479,4515a81b8347a1739b471956d5755dee5ab80c2bdcd4e74564398f0e73fee5d1,train,24686,0,Angry,7,True,private/train,Angry,EXACT_DUPLICATE_CONSISTENT_LABEL
479,4515a81b8347a1739b471956d5755dee5ab80c2bdcd4e74564398f0e73fee5d1,private,302,0,Angry,7,True,private/train,Angry,EXACT_DUPLICATE_CONSISTENT_LABEL
479,4515a81b8347a1739b471956d5755dee5ab80c2bdcd4e74564398f0e73fee5d1,private,3191,0,Angry,7,True,private/train,Angry,EXACT_DUPLICATE_CONSISTENT_LABEL
480,fc4b6aa477b3101610d2fb0000e6073ba50d430a530cd7b7a12172c1a694856c,train,5770,3,Happy,2,False,train,Happy,EXACT_DUPLICATE_CONSISTENT_LABEL
480,fc4b6aa477b3101610d2fb0000e6073ba50d430a530cd7b7a12172c1a694856c,train,5919,3,Happy,2,False,train,Happy,EXACT_DUPLICATE_CONSISTENT_LABEL
481,0598460d7b61da3f691be0add824e8761f4828786d181bd1360e38845b3943be,train,5771,5,Surprise,2,False,train,Surprise,EXACT_DUPLICATE_CONSISTENT_LABEL
481,0598460d7b61da3f691be0add824e8761f4828786d181bd1360e38845b3943be,train,15252,5,Surprise,2,False,train,Surprise,EXACT_DUPLICATE_CONSISTENT_LABEL
482,b8e6a8c1a74e6733f2b8bc0083790665c76e56b6d55bc32cc8e8af7c558c66d9,train,5803,2,Fear,2,False,train,Fear,EXACT_DUPLICATE_CONSISTENT_LABEL
482,b8e6a8c1a74e6733f2b8bc0083790665c76e56b6d55bc32cc8e8af7c558c66d9,train,24094,2,Fear,2,False,train,Fear,EXACT_DUPLICATE_CONSISTENT_LABEL
483,7259b3fc4efeb8151ef61203975f7ac02507629890feeff0fd6e55c708cc1388,train,5821,3,Happy,2,False,train,Happy,EXACT_DUPLICATE_CONSISTENT_LABEL
483,7259b3fc4efeb8151ef61203975f7ac02507629890feeff0fd6e55c708cc1388,train,6841,3,Happy,2,False,train,Happy,EXACT_DUPLICATE_CONSISTENT_LABEL
484,52ac1dd5c5fe7ec24682aedce6eacfbc087bf33ae4160da4408b4fa7040319aa,train,5824,3,Happy,2,True,public/train,Happy,EXACT_DUPLICATE_CONSISTENT_LABEL
484,52ac1dd5c5fe7ec24682aedce6eacfbc087bf33ae4160da4408b4fa7040319aa,public,146,3,Happy,2,True,public/train,Happy,EXACT_DUPLICATE_CONSISTENT_LABEL
485,5b911ada973260b985592f69fa1c7cfed9875533ecb9fca308411f79cb6bb71e,train,5838,5,Surprise,2,True,public/train,Surprise,EXACT_DUPLICATE_CONSISTENT_LABEL
485,5b911ada973260b985592f69fa1c7cfed9875533ecb9fca308411f79cb6bb71e,public,2644,5,Surprise,2,True,public/train,Surprise,EXACT_DUPLICATE_CONSISTENT_LABEL
486,efa45299ad9d94db66a0628b0978649bda60d02e55b7fcb2cdb8d0f3463c2d4e,train,5903,4,Sad,2,False,train,Sad,EXACT_DUPLICATE_CONSISTENT_LABEL
486,efa45299ad9d94db66a0628b0978649bda60d02e55b7fcb2cdb8d0f3463c2d4e,train,24420,4,Sad,2,False,train,Sad,EXACT_DUPLICATE_CONSISTENT_LABEL
487,4568aa51812455096cbd636fa69f8760a13ebf9f76ba001ee30336c8ecc49815,train,5905,5,Surprise,3,False,train,Surprise,EXACT_DUPLICATE_CONSISTENT_LABEL
487,4568aa51812455096cbd636fa69f8760a13ebf9f76ba001ee30336c8ecc49815,train,10184,5,Surprise,3,False,train,Surprise,EXACT_DUPLICATE_CONSISTENT_LABEL
487,4568aa51812455096cbd636fa69f8760a13ebf9f76ba001ee30336c8ecc49815,train,12794,5,Surprise,3,False,train,Surprise,EXACT_DUPLICATE_CONSISTENT_LABEL
488,4f261e2582e4a6dc9bca21fd35a53c28fb03e4a7877d842d81ff4ad4a1811d05,train,5911,2,Fear,2,False,train,Fear,EXACT_DUPLICATE_CONSISTENT_LABEL
488,4f261e2582e4a6dc9bca21fd35a53c28fb03e4a7877d842d81ff4ad4a1811d05,train,26082,2,Fear,2,False,train,Fear,EXACT_DUPLICATE_CONSISTENT_LABEL
489,422ab220f97a0850a18e636bbc77832369c8b503584381b0fc4f581d69ee1825,train,5912,6,Neutral,2,False,train,Neutral,EXACT_DUPLICATE_CONSISTENT_LABEL
489,422ab220f97a0850a18e636bbc77832369c8b503584381b0fc4f581d69ee1825,train,26545,6,Neutral,2,False,train,Neutral,EXACT_DUPLICATE_CONSISTENT_LABEL
490,3e51585b8f44bd200aa6d0a1cf6f7a12badc1fc87b058228643d5f4eca3d8c0a,train,5929,2,Fear,3,False,train,Fear,EXACT_DUPLICATE_CONSISTENT_LABEL
490,3e51585b8f44bd200aa6d0a1cf6f7a12badc1fc87b058228643d5f4eca3d8c0a,train,20249,2,Fear,3,False,train,Fear,EXACT_DUPLICATE_CONSISTENT_LABEL
490,3e51585b8f44bd200aa6d0a1cf6f7a12badc1fc87b058228643d5f4eca3d8c0a,train,22200,2,Fear,3,False,train,Fear,EXACT_DUPLICATE_CONSISTENT_LABEL
491,aca3a6a52be8a40ef97dc4145d5d49b2aae0b81996a0409e425881fd0ea1ca1f,train,5930,4,Sad,2,False,train,Sad,EXACT_DUPLICATE_CONSISTENT_LABEL
491,aca3a6a52be8a40ef97dc4145d5d49b2aae0b81996a0409e425881fd0ea1ca1f,train,18120,4,Sad,2,False,train,Sad,EXACT_DUPLICATE_CONSISTENT_LABEL
492,9bc7286d9d2dbf6dd6bb06ef50fb67b2a970fbeb4b5d9c3a50c2f73b19e9d0b1,train,5932,5,Surprise,2,False,train,Surprise,EXACT_DUPLICATE_CONSISTENT_LABEL
492,9bc7286d9d2dbf6dd6bb06ef50fb67b2a970fbeb4b5d9c3a50c2f73b19e9d0b1,train,6360,5,Surprise,2,False,train,Surprise,EXACT_DUPLICATE_CONSISTENT_LABEL
493,6e1daa4c4eb92d6a227f093e8934e4026731a6a81996e6ac1367065c039ce3e2,train,5938,5,Surprise,2,False,train,Surprise,EXACT_DUPLICATE_CONSISTENT_LABEL
493,6e1daa4c4eb92d6a227f093e8934e4026731a6a81996e6ac1367065c039ce3e2,train,10417,5,Surprise,2,False,train,Surprise,EXACT_DUPLICATE_CONSISTENT_LABEL
494,adef876e8a0600f9d379a20881bd52ff0eb7abad60c1daf8063bc523b4a6b09e,train,5941,5,Surprise,2,False,train,Surprise,EXACT_DUPLICATE_CONSISTENT_LABEL
494,adef876e8a0600f9d379a20881bd52ff0eb7abad60c1daf8063bc523b4a6b09e,train,12473,5,Surprise,2,False,train,Surprise,EXACT_DUPLICATE_CONSISTENT_LABEL
495,1dfe306d8635756569c07d16bf6a7db0f2e33eca5b1c7ac964496531ac366604,train,5948,5,Surprise,2,True,private/train,Surprise,EXACT_DUPLICATE_CONSISTENT_LABEL
495,1dfe306d8635756569c07d16bf6a7db0f2e33eca5b1c7ac964496531ac366604,private,482,5,Surprise,2,True,private/train,Surprise,EXACT_DUPLICATE_CONSISTENT_LABEL
496,84594e33a4ef2d32406a6edb4ce7572f2d9621edf3b3f4019af4d66d0fe76e32,train,5962,0,Angry,3,True,public/train,Angry,EXACT_DUPLICATE_CONSISTENT_LABEL
496,84594e33a4ef2d32406a6edb4ce7572f2d9621edf3b3f4019af4d66d0fe76e32,train,10989,0,Angry,3,True,public/train,Angry,EXACT_DUPLICATE_CONSISTENT_LABEL
496,84594e33a4ef2d32406a6edb4ce7572f2d9621edf3b3f4019af4d66d0fe76e32,public,2544,0,Angry,3,True,public/train,Angry,EXACT_DUPLICATE_CONSISTENT_LABEL
497,b86d40856f4d1995e9f7deea53cf6f6f9db1e26d4e421f6a6eb8cbdef36bf797,train,5970,4,Sad,2,False,train,Sad,EXACT_DUPLICATE_CONSISTENT_LABEL
497,b86d40856f4d1995e9f7deea53cf6f6f9db1e26d4e421f6a6eb8cbdef36bf797,train,16913,4,Sad,2,False,train,Sad,EXACT_DUPLICATE_CONSISTENT_LABEL
498,1daa2ac98812d33bf5ab75062be3392451f93045e28bee8eb4ef92a4de135472,train,5986,6,Neutral,2,False,train,Neutral,EXACT_DUPLICATE_CONSISTENT_LABEL
498,1daa2ac98812d33bf5ab75062be3392451f93045e28bee8eb4ef92a4de135472,train,11029,6,Neutral,2,False,train,Neutral,EXACT_DUPLICATE_CONSISTENT_LABEL
499,93ae790fa73d70c38b9f41c7caba741cbd5f3887c2a9838554abbd016dbd3e0e,train,5987,2,Fear,2,False,train,Fear,EXACT_DUPLICATE_CONSISTENT_LABEL
499,93ae790fa73d70c38b9f41c7caba741cbd5f3887c2a9838554abbd016dbd3e0e,train,16202,2,Fear,2,False,train,Fear,EXACT_DUPLICATE_CONSISTENT_LABEL
500,c010fb43d0b4549b557e44883de5cb59d1d360b917d0b2dc29f383ae34cfcc5c,train,5992,2,Fear,2,True,public/train,Fear,EXACT_DUPLICATE_CONSISTENT_LABEL
500,c010fb43d0b4549b557e44883de5cb59d1d360b917d0b2dc29f383ae34cfcc5c,public,1304,2,Fear,2,True,public/train,Fear,EXACT_DUPLICATE_CONSISTENT_LABEL
501,c6985627aad7bc15d86c3cf5899a11b58345df15dab069b03bfdd90a49712895,train,6032,5,Surprise,2,False,train,Surprise,EXACT_DUPLICATE_CONSISTENT_LABEL
501,c6985627aad7bc15d86c3cf5899a11b58345df15dab069b03bfdd90a49712895,train,8683,5,Surprise,2,False,train,Surprise,EXACT_DUPLICATE_CONSISTENT_LABEL
502,820bda26363975cccad04843483aae7f9c9311ac54fed22656fd7fab0244c458,train,6037,2,Fear,2,False,train,Fear,EXACT_DUPLICATE_CONSISTENT_LABEL
502,820bda26363975cccad04843483aae7f9c9311ac54fed22656fd7fab0244c458,train,12204,2,Fear,2,False,train,Fear,EXACT_DUPLICATE_CONSISTENT_LABEL
503,67ff429647687c239e3d56ea255bc48ceaebe94be55fe1a30e820bc1b45c577e,train,6050,5,Surprise,2,True,private/train,Surprise,EXACT_DUPLICATE_CONSISTENT_LABEL
503,67ff429647687c239e3d56ea255bc48ceaebe94be55fe1a30e820bc1b45c577e,private,2270,5,Surprise,2,True,private/train,Surprise,EXACT_DUPLICATE_CONSISTENT_LABEL
504,fe373eb9e182abc08ec7120836555c5bc4b0e9849d84a4c1edc1fd7fdb3b0cb4,train,6075,0,Angry,2,False,train,Angry,EXACT_DUPLICATE_CONSISTENT_LABEL
504,fe373eb9e182abc08ec7120836555c5bc4b0e9849d84a4c1edc1fd7fdb3b0cb4,train,11849,0,Angry,2,False,train,Angry,EXACT_DUPLICATE_CONSISTENT_LABEL
505,696bf1cd1a8b3b54b04e8342321f7384bd3d2fa712c0774820a257faf1234f20,train,6118,5,Surprise,2,False,train,Surprise,EXACT_DUPLICATE_CONSISTENT_LABEL
505,696bf1cd1a8b3b54b04e8342321f7384bd3d2fa712c0774820a257faf1234f20,train,13667,5,Surprise,2,False,train,Surprise,EXACT_DUPLICATE_CONSISTENT_LABEL
506,160420fa7e2f7200cfb2aac1549d8e5249fed1211a338a1b0719b84801796a78,train,6126,3,Happy,2,True,private/train,Happy,EXACT_DUPLICATE_CONSISTENT_LABEL
506,160420fa7e2f7200cfb2aac1549d8e5249fed1211a338a1b0719b84801796a78,private,2569,3,Happy,2,True,private/train,Happy,EXACT_DUPLICATE_CONSISTENT_LABEL
507,790c0140b067263dec57dca8049ba1cc8c21ae134446e6be04e24dd2d39a4f43,train,6131,0,Angry,2,False,train,Angry,EXACT_DUPLICATE_CONSISTENT_LABEL
507,790c0140b067263dec57dca8049ba1cc8c21ae134446e6be04e24dd2d39a4f43,train,9586,0,Angry,2,False,train,Angry,EXACT_DUPLICATE_CONSISTENT_LABEL
508,4a535cf807d921b81ff79f384c96f4e08c43b980d6a2cd0376192e2fc73768ed,train,6133,5,Surprise,2,True,public/train,Surprise,EXACT_DUPLICATE_CONSISTENT_LABEL
508,4a535cf807d921b81ff79f384c96f4e08c43b980d6a2cd0376192e2fc73768ed,public,2102,5,Surprise,2,True,public/train,Surprise,EXACT_DUPLICATE_CONSISTENT_LABEL
509,21f262f857c3366317e87f0334c769baf5e3aa0522498abd15908463d9afa38d,train,6154,5,Surprise,2,False,train,Surprise,EXACT_DUPLICATE_CONSISTENT_LABEL
509,21f262f857c3366317e87f0334c769baf5e3aa0522498abd15908463d9afa38d,train,11786,5,Surprise,2,False,train,Surprise,EXACT_DUPLICATE_CONSISTENT_LABEL
510,473dd59ae55d1edf07d64026704f68f930776523ae4387fdd9f9f26d9b997308,train,6157,3,Happy,2,False,train,Happy,EXACT_DUPLICATE_CONSISTENT_LABEL
510,473dd59ae55d1edf07d64026704f68f930776523ae4387fdd9f9f26d9b997308,train,21267,3,Happy,2,False,train,Happy,EXACT_DUPLICATE_CONSISTENT_LABEL
511,b969be9eec499fbb39b660c7de4115e8e068de67f5f16d5b994a45575616640d,train,6167,5,Surprise,3,True,public/train,Surprise,EXACT_DUPLICATE_CONSISTENT_LABEL
511,b969be9eec499fbb39b660c7de4115e8e068de67f5f16d5b994a45575616640d,train,6513,5,Surprise,3,True,public/train,Surprise,EXACT_DUPLICATE_CONSISTENT_LABEL
511,b969be9eec499fbb39b660c7de4115e8e068de67f5f16d5b994a45575616640d,public,152,5,Surprise,3,True,public/train,Surprise,EXACT_DUPLICATE_CONSISTENT_LABEL
512,bd65f7be132e3f2737e6b4a13121bf0fce467352444c0628a37cdb9cfa0ed796,train,6168,0,Angry,2,False,train,Angry,EXACT_DUPLICATE_CONSISTENT_LABEL
512,bd65f7be132e3f2737e6b4a13121bf0fce467352444c0628a37cdb9cfa0ed796,train,10214,0,Angry,2,False,train,Angry,EXACT_DUPLICATE_CONSISTENT_LABEL
513,a99bd1e0d45eaf142a1dc8ee1d43c58a0f7b5fd6fabba49488205e519163cb56,train,6179,2,Fear,2,False,train,Fear,EXACT_DUPLICATE_CONSISTENT_LABEL
513,a99bd1e0d45eaf142a1dc8ee1d43c58a0f7b5fd6fabba49488205e519163cb56,train,22127,2,Fear,2,False,train,Fear,EXACT_DUPLICATE_CONSISTENT_LABEL
514,f311028b58f48d1e1bcae4d14dd585ec5305f2aaae9d4f335258df2db74a78b9,train,6181,3,Happy,2,False,train,Happy,EXACT_DUPLICATE_CONSISTENT_LABEL
514,f311028b58f48d1e1bcae4d14dd585ec5305f2aaae9d4f335258df2db74a78b9,train,6204,3,Happy,2,False,train,Happy,EXACT_DUPLICATE_CONSISTENT_LABEL
515,1fa559d19880db3d73b7c9ab272ca9ec569143a795dae6935a4ccf9ad0a749eb,train,6196,6,Neutral,2,False,train,Neutral,EXACT_DUPLICATE_CONSISTENT_LABEL
515,1fa559d19880db3d73b7c9ab272ca9ec569143a795dae6935a4ccf9ad0a749eb,train,10704,6,Neutral,2,False,train,Neutral,EXACT_DUPLICATE_CONSISTENT_LABEL
516,fa678910f1870263ed59aa67b44785dcd040934304673a04c7dbaf3864063926,train,6199,5,Surprise,2,False,train,Surprise,EXACT_DUPLICATE_CONSISTENT_LABEL
516,fa678910f1870263ed59aa67b44785dcd040934304673a04c7dbaf3864063926,train,8895,5,Surprise,2,False,train,Surprise,EXACT_DUPLICATE_CONSISTENT_LABEL
517,269e6be8a050b9e479b9bf0ba734f5ce0725306028191925bce1398222532806,train,6231,1,Disgust,4,True,private/train,Disgust,EXACT_DUPLICATE_CONSISTENT_LABEL
517,269e6be8a050b9e479b9bf0ba734f5ce0725306028191925bce1398222532806,train,17292,1,Disgust,4,True,private/train,Disgust,EXACT_DUPLICATE_CONSISTENT_LABEL
517,269e6be8a050b9e479b9bf0ba734f5ce0725306028191925bce1398222532806,train,18352,1,Disgust,4,True,private/train,Disgust,EXACT_DUPLICATE_CONSISTENT_LABEL
517,269e6be8a050b9e479b9bf0ba734f5ce0725306028191925bce1398222532806,private,2389,1,Disgust,4,True,private/train,Disgust,EXACT_DUPLICATE_CONSISTENT_LABEL
518,0cb95ccd04d8996f0e4137a5ce252ccf2077058e6e3f87cc34eefc55c6351fa9,train,6273,5,Surprise,2,True,private/train,Surprise,EXACT_DUPLICATE_CONSISTENT_LABEL
518,0cb95ccd04d8996f0e4137a5ce252ccf2077058e6e3f87cc34eefc55c6351fa9,private,2141,5,Surprise,2,True,private/train,Surprise,EXACT_DUPLICATE_CONSISTENT_LABEL
519,a461ce080c94ab6417f4fec6395b4fdfb1a589ee5e4eb3a53591141a60ae8a89,train,6284,3,Happy,2,True,private/train,Happy,EXACT_DUPLICATE_CONSISTENT_LABEL
519,a461ce080c94ab6417f4fec6395b4fdfb1a589ee5e4eb3a53591141a60ae8a89,private,606,3,Happy,2,True,private/train,Happy,EXACT_DUPLICATE_CONSISTENT_LABEL
520,cbcfa58203112a0d7f1b991857376cdf2e70dc76529dbb022a0e13c1dc234b35,train,6291,2,Fear,2,False,train,Fear,EXACT_DUPLICATE_CONSISTENT_LABEL
520,cbcfa58203112a0d7f1b991857376cdf2e70dc76529dbb022a0e13c1dc234b35,train,21581,2,Fear,2,False,train,Fear,EXACT_DUPLICATE_CONSISTENT_LABEL
521,976798243e6273c6a7ed2cbd2bff02c875d77117cc989a82fd383b4517a95c89,train,6331,1,Disgust,2,True,private/train,Disgust,EXACT_DUPLICATE_CONSISTENT_LABEL
521,976798243e6273c6a7ed2cbd2bff02c875d77117cc989a82fd383b4517a95c89,private,1372,1,Disgust,2,True,private/train,Disgust,EXACT_DUPLICATE_CONSISTENT_LABEL
522,3d5ea73c0e76c92d6f6506241c2c9caa70e3d3b472a07b0f1b6521356c8ec36e,train,6335,6,Neutral,2,False,train,Neutral,EXACT_DUPLICATE_CONSISTENT_LABEL
522,3d5ea73c0e76c92d6f6506241c2c9caa70e3d3b472a07b0f1b6521356c8ec36e,train,18075,6,Neutral,2,False,train,Neutral,EXACT_DUPLICATE_CONSISTENT_LABEL
523,6e938a55d6ec32f870ada1ac03b046e8f552f82223acfa232f4583ac867c27d8,train,6348,6,Neutral,2,False,train,Neutral,EXACT_DUPLICATE_CONSISTENT_LABEL
523,6e938a55d6ec32f870ada1ac03b046e8f552f82223acfa232f4583ac867c27d8,train,16897,6,Neutral,2,False,train,Neutral,EXACT_DUPLICATE_CONSISTENT_LABEL
524,624245dc09572805180231b462c34e4638b8b3ae374d1368b49cc8a2ac028451,train,6357,5,Surprise,2,True,public/train,Surprise,EXACT_DUPLICATE_CONSISTENT_LABEL
524,624245dc09572805180231b462c34e4638b8b3ae374d1368b49cc8a2ac028451,public,1120,5,Surprise,2,True,public/train,Surprise,EXACT_DUPLICATE_CONSISTENT_LABEL
525,27b6571ff0df2db04e7dbf22145f40c4f2ba3a6f9282a14ad8f2677dbf3a7022,train,6366,2,Fear,2,False,train,Fear,EXACT_DUPLICATE_CONSISTENT_LABEL
525,27b6571ff0df2db04e7dbf22145f40c4f2ba3a6f9282a14ad8f2677dbf3a7022,train,21641,2,Fear,2,False,train,Fear,EXACT_DUPLICATE_CONSISTENT_LABEL
526,111207d17b41d12f4827079c84a0a0f2ee41c4df75d37379b0b9f3ac37d2d29f,train,6373,2,Fear,2,False,train,Fear,EXACT_DUPLICATE_CONSISTENT_LABEL
526,111207d17b41d12f4827079c84a0a0f2ee41c4df75d37379b0b9f3ac37d2d29f,train,27987,2,Fear,2,False,train,Fear,EXACT_DUPLICATE_CONSISTENT_LABEL
527,c11196af860abac2911373ba1b0988db664ceb83df96200e8db2612cafe30391,train,6383,2,Fear,2,False,train,Fear,EXACT_DUPLICATE_CONSISTENT_LABEL
527,c11196af860abac2911373ba1b0988db664ceb83df96200e8db2612cafe30391,train,10524,2,Fear,2,False,train,Fear,EXACT_DUPLICATE_CONSISTENT_LABEL
528,9ba8eb128cc8ce2c322397ae385aa2a630f059e4591bc1c2fbb9406355f150c9,train,6401,3,Happy,2,False,train,Happy,EXACT_DUPLICATE_CONSISTENT_LABEL
528,9ba8eb128cc8ce2c322397ae385aa2a630f059e4591bc1c2fbb9406355f150c9,train,15304,3,Happy,2,False,train,Happy,EXACT_DUPLICATE_CONSISTENT_LABEL
529,285c234d5536fa902a7487a36fb72a04d0585e027c5e645816b9e6160dfce61f,train,6439,5,Surprise,2,False,train,Surprise,EXACT_DUPLICATE_CONSISTENT_LABEL
529,285c234d5536fa902a7487a36fb72a04d0585e027c5e645816b9e6160dfce61f,train,25724,5,Surprise,2,False,train,Surprise,EXACT_DUPLICATE_CONSISTENT_LABEL
530,bbf0554367269b4a1dd8633a62e7000b7e913a4d22bc3aae9c4c0e92af03e1cf,train,6441,5,Surprise,2,False,train,Surprise,EXACT_DUPLICATE_CONSISTENT_LABEL
530,bbf0554367269b4a1dd8633a62e7000b7e913a4d22bc3aae9c4c0e92af03e1cf,train,8975,5,Surprise,2,False,train,Surprise,EXACT_DUPLICATE_CONSISTENT_LABEL
531,063375a6ae653e77a040f110f2b2194570ccdd7bd82c451ba90e6fd0eb5e5ca8,train,6451,5,Surprise,2,False,train,Surprise,EXACT_DUPLICATE_CONSISTENT_LABEL
531,063375a6ae653e77a040f110f2b2194570ccdd7bd82c451ba90e6fd0eb5e5ca8,train,10087,5,Surprise,2,False,train,Surprise,EXACT_DUPLICATE_CONSISTENT_LABEL
532,0a82a57c445f283c6e5d27eaf938e49c3f654dc097468cd381b6957685dc16cd,train,6454,1,Disgust,2,False,train,Disgust,EXACT_DUPLICATE_CONSISTENT_LABEL
532,0a82a57c445f283c6e5d27eaf938e49c3f654dc097468cd381b6957685dc16cd,train,8218,1,Disgust,2,False,train,Disgust,EXACT_DUPLICATE_CONSISTENT_LABEL
533,cfc335996cfae29fdf14fd2db7ea853366d350a5d387aa3c322616e81dacd56b,train,6458,0,Angry,12,True,public/train,Angry/Happy/Neutral/Sad/Surprise,EXACT_DUPLICATE_CONFLICTING_LABEL
533,cfc335996cfae29fdf14fd2db7ea853366d350a5d387aa3c322616e81dacd56b,train,7629,3,Happy,12,True,public/train,Angry/Happy/Neutral/Sad/Surprise,EXACT_DUPLICATE_CONFLICTING_LABEL
533,cfc335996cfae29fdf14fd2db7ea853366d350a5d387aa3c322616e81dacd56b,train,10423,4,Sad,12,True,public/train,Angry/Happy/Neutral/Sad/Surprise,EXACT_DUPLICATE_CONFLICTING_LABEL
533,cfc335996cfae29fdf14fd2db7ea853366d350a5d387aa3c322616e81dacd56b,train,11286,0,Angry,12,True,public/train,Angry/Happy/Neutral/Sad/Surprise,EXACT_DUPLICATE_CONFLICTING_LABEL
533,cfc335996cfae29fdf14fd2db7ea853366d350a5d387aa3c322616e81dacd56b,train,13148,0,Angry,12,True,public/train,Angry/Happy/Neutral/Sad/Surprise,EXACT_DUPLICATE_CONFLICTING_LABEL
533,cfc335996cfae29fdf14fd2db7ea853366d350a5d387aa3c322616e81dacd56b,train,13402,0,Angry,12,True,public/train,Angry/Happy/Neutral/Sad/Surprise,EXACT_DUPLICATE_CONFLICTING_LABEL
533,cfc335996cfae29fdf14fd2db7ea853366d350a5d387aa3c322616e81dacd56b,train,13988,5,Surprise,12,True,public/train,Angry/Happy/Neutral/Sad/Surprise,EXACT_DUPLICATE_CONFLICTING_LABEL
533,cfc335996cfae29fdf14fd2db7ea853366d350a5d387aa3c322616e81dacd56b,train,15894,0,Angry,12,True,public/train,Angry/Happy/Neutral/Sad/Surprise,EXACT_DUPLICATE_CONFLICTING_LABEL
533,cfc335996cfae29fdf14fd2db7ea853366d350a5d387aa3c322616e81dacd56b,train,22198,0,Angry,12,True,public/train,Angry/Happy/Neutral/Sad/Surprise,EXACT_DUPLICATE_CONFLICTING_LABEL
533,cfc335996cfae29fdf14fd2db7ea853366d350a5d387aa3c322616e81dacd56b,train,22927,6,Neutral,12,True,public/train,Angry/Happy/Neutral/Sad/Surprise,EXACT_DUPLICATE_CONFLICTING_LABEL
533,cfc335996cfae29fdf14fd2db7ea853366d350a5d387aa3c322616e81dacd56b,train,28601,0,Angry,12,True,public/train,Angry/Happy/Neutral/Sad/Surprise,EXACT_DUPLICATE_CONFLICTING_LABEL
533,cfc335996cfae29fdf14fd2db7ea853366d350a5d387aa3c322616e81dacd56b,public,1293,0,Angry,12,True,public/train,Angry/Happy/Neutral/Sad/Surprise,EXACT_DUPLICATE_CONFLICTING_LABEL
534,4337205f8559b7a750cae1ab5bfe6558adf01c409f99e22cbbe33134a19407ac,train,6471,0,Angry,3,False,train,Angry,EXACT_DUPLICATE_CONSISTENT_LABEL
534,4337205f8559b7a750cae1ab5bfe6558adf01c409f99e22cbbe33134a19407ac,train,14426,0,Angry,3,False,train,Angry,EXACT_DUPLICATE_CONSISTENT_LABEL
534,4337205f8559b7a750cae1ab5bfe6558adf01c409f99e22cbbe33134a19407ac,train,20436,0,Angry,3,False,train,Angry,EXACT_DUPLICATE_CONSISTENT_LABEL
535,676c3e862a949752d20c98f24d807127ad3b1a4aea2aa77f1460674cea701c38,train,6479,0,Angry,2,False,train,Angry,EXACT_DUPLICATE_CONSISTENT_LABEL
535,676c3e862a949752d20c98f24d807127ad3b1a4aea2aa77f1460674cea701c38,train,17571,0,Angry,2,False,train,Angry,EXACT_DUPLICATE_CONSISTENT_LABEL
536,4f00b14b7a86f6f04e600e8544019f37f6bcb00a62f966de10db7dbec1789536,train,6486,5,Surprise,3,True,private/train,Surprise,EXACT_DUPLICATE_CONSISTENT_LABEL
536,4f00b14b7a86f6f04e600e8544019f37f6bcb00a62f966de10db7dbec1789536,train,25563,5,Surprise,3,True,private/train,Surprise,EXACT_DUPLICATE_CONSISTENT_LABEL
536,4f00b14b7a86f6f04e600e8544019f37f6bcb00a62f966de10db7dbec1789536,private,2496,5,Surprise,3,True,private/train,Surprise,EXACT_DUPLICATE_CONSISTENT_LABEL
537,225c6df1582b45e738a207854ff49fe8920db6b76b8a206db967429290077136,train,6508,5,Surprise,3,False,train,Surprise,EXACT_DUPLICATE_CONSISTENT_LABEL
537,225c6df1582b45e738a207854ff49fe8920db6b76b8a206db967429290077136,train,7736,5,Surprise,3,False,train,Surprise,EXACT_DUPLICATE_CONSISTENT_LABEL
537,225c6df1582b45e738a207854ff49fe8920db6b76b8a206db967429290077136,train,8631,5,Surprise,3,False,train,Surprise,EXACT_DUPLICATE_CONSISTENT_LABEL
538,f7a7cdc85abe4a20abdb213cf62e906cbeb7ca6391970633b570f8b931e54804,train,6509,2,Fear,2,False,train,Fear,EXACT_DUPLICATE_CONSISTENT_LABEL
538,f7a7cdc85abe4a20abdb213cf62e906cbeb7ca6391970633b570f8b931e54804,train,17070,2,Fear,2,False,train,Fear,EXACT_DUPLICATE_CONSISTENT_LABEL
539,e5585a93e32628e1ba57a319009c30a86a5f2be3e0c41afd8318a8ed5fa11b5b,train,6511,2,Fear,3,False,train,Fear/Sad,EXACT_DUPLICATE_CONFLICTING_LABEL
539,e5585a93e32628e1ba57a319009c30a86a5f2be3e0c41afd8318a8ed5fa11b5b,train,7642,4,Sad,3,False,train,Fear/Sad,EXACT_DUPLICATE_CONFLICTING_LABEL
539,e5585a93e32628e1ba57a319009c30a86a5f2be3e0c41afd8318a8ed5fa11b5b,train,11599,2,Fear,3,False,train,Fear/Sad,EXACT_DUPLICATE_CONFLICTING_LABEL
540,ab82ba7c0114632ab25a3516fb06bcd2febab17d3ef4f58f29dd25f250894452,train,6518,5,Surprise,2,True,private/train,Surprise,EXACT_DUPLICATE_CONSISTENT_LABEL
540,ab82ba7c0114632ab25a3516fb06bcd2febab17d3ef4f58f29dd25f250894452,private,2820,5,Surprise,2,True,private/train,Surprise,EXACT_DUPLICATE_CONSISTENT_LABEL
541,6150bf8691521ae82bad0584ae9142227572c6c2eab4ed79634d9621092607a0,train,6521,4,Sad,3,False,train,Angry/Sad,EXACT_DUPLICATE_CONFLICTING_LABEL
541,6150bf8691521ae82bad0584ae9142227572c6c2eab4ed79634d9621092607a0,train,6965,0,Angry,3,False,train,Angry/Sad,EXACT_DUPLICATE_CONFLICTING_LABEL
541,6150bf8691521ae82bad0584ae9142227572c6c2eab4ed79634d9621092607a0,train,20409,0,Angry,3,False,train,Angry/Sad,EXACT_DUPLICATE_CONFLICTING_LABEL
542,d0189dee64a483aeb4116c85a00f1d57d88e4f50c6c29d203928f2e45e1b4b16,train,6524,2,Fear,2,False,train,Fear,EXACT_DUPLICATE_CONSISTENT_LABEL
542,d0189dee64a483aeb4116c85a00f1d57d88e4f50c6c29d203928f2e45e1b4b16,train,14013,2,Fear,2,False,train,Fear,EXACT_DUPLICATE_CONSISTENT_LABEL
543,5a64a9c82d0a73b6bf114ac0462fe09468714d466aea4b26429c672130ceba76,train,6560,3,Happy,2,False,train,Happy,EXACT_DUPLICATE_CONSISTENT_LABEL
543,5a64a9c82d0a73b6bf114ac0462fe09468714d466aea4b26429c672130ceba76,train,17683,3,Happy,2,False,train,Happy,EXACT_DUPLICATE_CONSISTENT_LABEL
544,83767a6e6f3b2471efb971247aa52b9b3380b99af6ca443ec7bc542ee3a96e41,train,6564,5,Surprise,2,False,train,Surprise,EXACT_DUPLICATE_CONSISTENT_LABEL
544,83767a6e6f3b2471efb971247aa52b9b3380b99af6ca443ec7bc542ee3a96e41,train,15545,5,Surprise,2,False,train,Surprise,EXACT_DUPLICATE_CONSISTENT_LABEL
545,023017a9883a35091e885d7789be50581278291b4e490013600e85aa2f547d43,train,6578,3,Happy,2,True,public/train,Happy,EXACT_DUPLICATE_CONSISTENT_LABEL
545,023017a9883a35091e885d7789be50581278291b4e490013600e85aa2f547d43,public,2294,3,Happy,2,True,public/train,Happy,EXACT_DUPLICATE_CONSISTENT_LABEL
546,cfa99fdbe61577d1d610982a4d78bb9986977b62efdb4bd6bcb048dfea9f69b5,train,6588,5,Surprise,4,True,private/train,Surprise,EXACT_DUPLICATE_CONSISTENT_LABEL
546,cfa99fdbe61577d1d610982a4d78bb9986977b62efdb4bd6bcb048dfea9f69b5,train,8574,5,Surprise,4,True,private/train,Surprise,EXACT_DUPLICATE_CONSISTENT_LABEL
546,cfa99fdbe61577d1d610982a4d78bb9986977b62efdb4bd6bcb048dfea9f69b5,train,10873,5,Surprise,4,True,private/train,Surprise,EXACT_DUPLICATE_CONSISTENT_LABEL
546,cfa99fdbe61577d1d610982a4d78bb9986977b62efdb4bd6bcb048dfea9f69b5,private,1457,5,Surprise,4,True,private/train,Surprise,EXACT_DUPLICATE_CONSISTENT_LABEL
547,098064152ed9320494e72cbf9c688298e22e15027a4435ffd914e766dc187607,train,6593,6,Neutral,2,False,train,Neutral,EXACT_DUPLICATE_CONSISTENT_LABEL
547,098064152ed9320494e72cbf9c688298e22e15027a4435ffd914e766dc187607,train,7812,6,Neutral,2,False,train,Neutral,EXACT_DUPLICATE_CONSISTENT_LABEL
548,9a59e1f7405f9322517124040fd1bf385a0e7bec5c2045c61a53bc7a1a07b098,train,6594,5,Surprise,3,False,train,Surprise,EXACT_DUPLICATE_CONSISTENT_LABEL
548,9a59e1f7405f9322517124040fd1bf385a0e7bec5c2045c61a53bc7a1a07b098,train,7977,5,Surprise,3,False,train,Surprise,EXACT_DUPLICATE_CONSISTENT_LABEL
548,9a59e1f7405f9322517124040fd1bf385a0e7bec5c2045c61a53bc7a1a07b098,train,19431,5,Surprise,3,False,train,Surprise,EXACT_DUPLICATE_CONSISTENT_LABEL
549,671c24c0116364c5244bc45b1eaec89caa0935cdf7a93bbcdeeaa88798dd45ce,train,6595,5,Surprise,2,False,train,Surprise,EXACT_DUPLICATE_CONSISTENT_LABEL
549,671c24c0116364c5244bc45b1eaec89caa0935cdf7a93bbcdeeaa88798dd45ce,train,13400,5,Surprise,2,False,train,Surprise,EXACT_DUPLICATE_CONSISTENT_LABEL
550,3b34b3296887ee376cac8dc4a7d06ee8194c8b2ba421ba66df6592c62ae9cc09,train,6598,5,Surprise,2,True,private/train,Surprise,EXACT_DUPLICATE_CONSISTENT_LABEL
550,3b34b3296887ee376cac8dc4a7d06ee8194c8b2ba421ba66df6592c62ae9cc09,private,1534,5,Surprise,2,True,private/train,Surprise,EXACT_DUPLICATE_CONSISTENT_LABEL
551,a338aa43a15b4c8059ff0ef3117cfc85e9026241638623a0b405de696566c976,train,6601,5,Surprise,3,True,private/train,Surprise,EXACT_DUPLICATE_CONSISTENT_LABEL
551,a338aa43a15b4c8059ff0ef3117cfc85e9026241638623a0b405de696566c976,train,8928,5,Surprise,3,True,private/train,Surprise,EXACT_DUPLICATE_CONSISTENT_LABEL
551,a338aa43a15b4c8059ff0ef3117cfc85e9026241638623a0b405de696566c976,private,1871,5,Surprise,3,True,private/train,Surprise,EXACT_DUPLICATE_CONSISTENT_LABEL
552,2f55cecb489aaa0d06b21994fc4697ba5cf5421da849be0489b7e23c28e2b857,train,6609,3,Happy,2,False,train,Happy,EXACT_DUPLICATE_CONSISTENT_LABEL
552,2f55cecb489aaa0d06b21994fc4697ba5cf5421da849be0489b7e23c28e2b857,train,14969,3,Happy,2,False,train,Happy,EXACT_DUPLICATE_CONSISTENT_LABEL
553,a8f3b4eec18c4672e0a321357a3d9ae9f5da4435d401c92c939ca06e3aa6ec09,train,6618,0,Angry,2,False,train,Angry,EXACT_DUPLICATE_CONSISTENT_LABEL
553,a8f3b4eec18c4672e0a321357a3d9ae9f5da4435d401c92c939ca06e3aa6ec09,train,11102,0,Angry,2,False,train,Angry,EXACT_DUPLICATE_CONSISTENT_LABEL
554,49b6ce79a9a80494684647e4b441688ba177ffcf19555c03e1b9ff682e8a1753,train,6625,3,Happy,2,False,train,Happy,EXACT_DUPLICATE_CONSISTENT_LABEL
554,49b6ce79a9a80494684647e4b441688ba177ffcf19555c03e1b9ff682e8a1753,train,28337,3,Happy,2,False,train,Happy,EXACT_DUPLICATE_CONSISTENT_LABEL
555,d65d8707a1c76efb08875ed0d29956efca5d00df7da9a37668afb8fb0fb587c1,train,6632,0,Angry,2,False,train,Angry,EXACT_DUPLICATE_CONSISTENT_LABEL
555,d65d8707a1c76efb08875ed0d29956efca5d00df7da9a37668afb8fb0fb587c1,train,12860,0,Angry,2,False,train,Angry,EXACT_DUPLICATE_CONSISTENT_LABEL
556,cb850f44bb5715681ea43414de3368f420f8cf8a0966c2a7b0f340ba160af989,train,6676,5,Surprise,3,False,train,Surprise,EXACT_DUPLICATE_CONSISTENT_LABEL
556,cb850f44bb5715681ea43414de3368f420f8cf8a0966c2a7b0f340ba160af989,train,6685,5,Surprise,3,False,train,Surprise,EXACT_DUPLICATE_CONSISTENT_LABEL
556,cb850f44bb5715681ea43414de3368f420f8cf8a0966c2a7b0f340ba160af989,train,19708,5,Surprise,3,False,train,Surprise,EXACT_DUPLICATE_CONSISTENT_LABEL
557,48b43a3f9542b7fbc7218bfd9ea117c418a0500851cd0f5a02229e5c263f6545,train,6714,5,Surprise,2,False,train,Surprise,EXACT_DUPLICATE_CONSISTENT_LABEL
557,48b43a3f9542b7fbc7218bfd9ea117c418a0500851cd0f5a02229e5c263f6545,train,25153,5,Surprise,2,False,train,Surprise,EXACT_DUPLICATE_CONSISTENT_LABEL
558,715d0ab7c3112b1ef81df0e041d2cf3115ebb0ee81cb8b3eae0e9ab907a97789,train,6730,2,Fear,2,False,train,Fear,EXACT_DUPLICATE_CONSISTENT_LABEL
558,715d0ab7c3112b1ef81df0e041d2cf3115ebb0ee81cb8b3eae0e9ab907a97789,train,14925,2,Fear,2,False,train,Fear,EXACT_DUPLICATE_CONSISTENT_LABEL
559,83071b4834da12c30062528808a23f7eae09080bec8acc1ea82b274ccc638cce,train,6767,5,Surprise,2,False,train,Surprise,EXACT_DUPLICATE_CONSISTENT_LABEL
559,83071b4834da12c30062528808a23f7eae09080bec8acc1ea82b274ccc638cce,train,28666,5,Surprise,2,False,train,Surprise,EXACT_DUPLICATE_CONSISTENT_LABEL
560,9b6863a7ca983ab35af68f4b95202bd59512e9a3a2d90e7d1200694d4e357017,train,6773,5,Surprise,3,False,train,Surprise,EXACT_DUPLICATE_CONSISTENT_LABEL
560,9b6863a7ca983ab35af68f4b95202bd59512e9a3a2d90e7d1200694d4e357017,train,9924,5,Surprise,3,False,train,Surprise,EXACT_DUPLICATE_CONSISTENT_LABEL
560,9b6863a7ca983ab35af68f4b95202bd59512e9a3a2d90e7d1200694d4e357017,train,24478,5,Surprise,3,False,train,Surprise,EXACT_DUPLICATE_CONSISTENT_LABEL
561,3a682ff3388a74b662845ddf8e235bed63bd28aa5b38472a5bd47b890c9e9058,train,6777,2,Fear,2,False,train,Angry/Fear,EXACT_DUPLICATE_CONFLICTING_LABEL
561,3a682ff3388a74b662845ddf8e235bed63bd28aa5b38472a5bd47b890c9e9058,train,13892,0,Angry,2,False,train,Angry/Fear,EXACT_DUPLICATE_CONFLICTING_LABEL
562,2949ed0e311c51d815cd0172efb0edeaaaa8aa5a0cb846aad7b51e4245b95e2f,train,6791,5,Surprise,2,False,train,Surprise,EXACT_DUPLICATE_CONSISTENT_LABEL
562,2949ed0e311c51d815cd0172efb0edeaaaa8aa5a0cb846aad7b51e4245b95e2f,train,21570,5,Surprise,2,False,train,Surprise,EXACT_DUPLICATE_CONSISTENT_LABEL
563,647bb22766ba058d1333032169339744c208da837b32535a5508bf421f2d2c32,train,6846,2,Fear,3,False,train,Fear,EXACT_DUPLICATE_CONSISTENT_LABEL
563,647bb22766ba058d1333032169339744c208da837b32535a5508bf421f2d2c32,train,20622,2,Fear,3,False,train,Fear,EXACT_DUPLICATE_CONSISTENT_LABEL
563,647bb22766ba058d1333032169339744c208da837b32535a5508bf421f2d2c32,train,21655,2,Fear,3,False,train,Fear,EXACT_DUPLICATE_CONSISTENT_LABEL
564,6d75abdca4ec14ce8f02d24f4f52d9fea92a8e57ff02aa58dd2b578e58ac72c6,train,6859,6,Neutral,2,False,train,Neutral,EXACT_DUPLICATE_CONSISTENT_LABEL
564,6d75abdca4ec14ce8f02d24f4f52d9fea92a8e57ff02aa58dd2b578e58ac72c6,train,21476,6,Neutral,2,False,train,Neutral,EXACT_DUPLICATE_CONSISTENT_LABEL
565,f18ca88502d790ca3157aaea0f2afcd9b57a4fe972f7a67238dd179a13d89b2f,train,6863,2,Fear,2,False,train,Fear,EXACT_DUPLICATE_CONSISTENT_LABEL
565,f18ca88502d790ca3157aaea0f2afcd9b57a4fe972f7a67238dd179a13d89b2f,train,12698,2,Fear,2,False,train,Fear,EXACT_DUPLICATE_CONSISTENT_LABEL
566,d65e5c08dd9a72e0e0f3231956a4e81418a69349eba058b4db3fab75218287d3,train,6881,2,Fear,2,False,train,Fear,EXACT_DUPLICATE_CONSISTENT_LABEL
566,d65e5c08dd9a72e0e0f3231956a4e81418a69349eba058b4db3fab75218287d3,train,16273,2,Fear,2,False,train,Fear,EXACT_DUPLICATE_CONSISTENT_LABEL
567,03685e779cc9cb2fbfcfb8838be0390a1c057de55343f745365a3e6eb80ac8fb,train,6897,4,Sad,2,False,train,Sad,EXACT_DUPLICATE_CONSISTENT_LABEL
567,03685e779cc9cb2fbfcfb8838be0390a1c057de55343f745365a3e6eb80ac8fb,train,24706,4,Sad,2,False,train,Sad,EXACT_DUPLICATE_CONSISTENT_LABEL
568,ef3b759443efc92a7e5fef189f67881be4c81c332f46289ab74ff8ba93ec90a4,train,6903,6,Neutral,2,True,private/train,Neutral,EXACT_DUPLICATE_CONSISTENT_LABEL
568,ef3b759443efc92a7e5fef189f67881be4c81c332f46289ab74ff8ba93ec90a4,private,1434,6,Neutral,2,True,private/train,Neutral,EXACT_DUPLICATE_CONSISTENT_LABEL
569,486d2b78bf98136a8e4b8fe836caa129e6d2ee3fa3029e3b626a3adc41b1c441,train,6910,2,Fear,2,False,train,Fear,EXACT_DUPLICATE_CONSISTENT_LABEL
569,486d2b78bf98136a8e4b8fe836caa129e6d2ee3fa3029e3b626a3adc41b1c441,train,7868,2,Fear,2,False,train,Fear,EXACT_DUPLICATE_CONSISTENT_LABEL
570,716b047471f5a837e347ad2679b6a19fa9e9d62f84fd27a2b184a348bac607f2,train,6932,6,Neutral,2,True,private/train,Neutral,EXACT_DUPLICATE_CONSISTENT_LABEL
570,716b047471f5a837e347ad2679b6a19fa9e9d62f84fd27a2b184a348bac607f2,private,3394,6,Neutral,2,True,private/train,Neutral,EXACT_DUPLICATE_CONSISTENT_LABEL
571,bbfdfbad57989ba67c41c1659066a485438d09e77e75682c8261ae915ba6dd7a,train,6936,5,Surprise,7,True,private/train,Fear/Surprise,EXACT_DUPLICATE_CONFLICTING_LABEL
571,bbfdfbad57989ba67c41c1659066a485438d09e77e75682c8261ae915ba6dd7a,train,6938,2,Fear,7,True,private/train,Fear/Surprise,EXACT_DUPLICATE_CONFLICTING_LABEL
571,bbfdfbad57989ba67c41c1659066a485438d09e77e75682c8261ae915ba6dd7a,train,9990,5,Surprise,7,True,private/train,Fear/Surprise,EXACT_DUPLICATE_CONFLICTING_LABEL
571,bbfdfbad57989ba67c41c1659066a485438d09e77e75682c8261ae915ba6dd7a,train,12243,2,Fear,7,True,private/train,Fear/Surprise,EXACT_DUPLICATE_CONFLICTING_LABEL
571,bbfdfbad57989ba67c41c1659066a485438d09e77e75682c8261ae915ba6dd7a,train,12745,5,Surprise,7,True,private/train,Fear/Surprise,EXACT_DUPLICATE_CONFLICTING_LABEL
571,bbfdfbad57989ba67c41c1659066a485438d09e77e75682c8261ae915ba6dd7a,train,27002,5,Surprise,7,True,private/train,Fear/Surprise,EXACT_DUPLICATE_CONFLICTING_LABEL
571,bbfdfbad57989ba67c41c1659066a485438d09e77e75682c8261ae915ba6dd7a,private,3452,5,Surprise,7,True,private/train,Fear/Surprise,EXACT_DUPLICATE_CONFLICTING_LABEL
572,7f79611952c5f49fd287fd88b4f6c991a44bd5ea499e13d04a980cd63617906e,train,6951,3,Happy,2,False,train,Happy,EXACT_DUPLICATE_CONSISTENT_LABEL
572,7f79611952c5f49fd287fd88b4f6c991a44bd5ea499e13d04a980cd63617906e,train,17383,3,Happy,2,False,train,Happy,EXACT_DUPLICATE_CONSISTENT_LABEL
573,d45c3b78e46ed707e2a18030db430333b01e1fb4b7f10894d92955581bf9ba60,train,7024,5,Surprise,2,False,train,Surprise,EXACT_DUPLICATE_CONSISTENT_LABEL
573,d45c3b78e46ed707e2a18030db430333b01e1fb4b7f10894d92955581bf9ba60,train,27927,5,Surprise,2,False,train,Surprise,EXACT_DUPLICATE_CONSISTENT_LABEL
574,750862a06d34b0f151e36d2d9ac4e2cce9ab3d9b8d3e8cbd55b3c2bef12d5e94,train,7038,2,Fear,2,False,train,Fear,EXACT_DUPLICATE_CONSISTENT_LABEL
574,750862a06d34b0f151e36d2d9ac4e2cce9ab3d9b8d3e8cbd55b3c2bef12d5e94,train,9575,2,Fear,2,False,train,Fear,EXACT_DUPLICATE_CONSISTENT_LABEL
575,0d70b61adf0eb0eeb8aea5216eb61c49da212f20e892f20344ca365b0755bc22,train,7040,5,Surprise,2,False,train,Surprise,EXACT_DUPLICATE_CONSISTENT_LABEL
575,0d70b61adf0eb0eeb8aea5216eb61c49da212f20e892f20344ca365b0755bc22,train,28542,5,Surprise,2,False,train,Surprise,EXACT_DUPLICATE_CONSISTENT_LABEL
576,a5796cc6128288548b05d368141c3020f6ba9ed46ca7f17949d81604043006dd,train,7046,0,Angry,2,False,train,Angry,EXACT_DUPLICATE_CONSISTENT_LABEL
576,a5796cc6128288548b05d368141c3020f6ba9ed46ca7f17949d81604043006dd,train,9623,0,Angry,2,False,train,Angry,EXACT_DUPLICATE_CONSISTENT_LABEL
577,ac43af4b3d17491617014b2a0996304b49403d99836b1c6a85c597473cf7452d,train,7060,5,Surprise,3,False,train,Surprise,EXACT_DUPLICATE_CONSISTENT_LABEL
577,ac43af4b3d17491617014b2a0996304b49403d99836b1c6a85c597473cf7452d,train,18229,5,Surprise,3,False,train,Surprise,EXACT_DUPLICATE_CONSISTENT_LABEL
577,ac43af4b3d17491617014b2a0996304b49403d99836b1c6a85c597473cf7452d,train,25207,5,Surprise,3,False,train,Surprise,EXACT_DUPLICATE_CONSISTENT_LABEL
578,f232914883ff7acd3716767f8cbf7fb649c2ba90614805e7f00048f2d794164c,train,7069,5,Surprise,2,False,train,Surprise,EXACT_DUPLICATE_CONSISTENT_LABEL
578,f232914883ff7acd3716767f8cbf7fb649c2ba90614805e7f00048f2d794164c,train,14080,5,Surprise,2,False,train,Surprise,EXACT_DUPLICATE_CONSISTENT_LABEL
579,6537ce98864cb32297983905fcd1e8bdc4a132c0b82ad128cd52fac388f77b69,train,7097,5,Surprise,2,False,train,Surprise,EXACT_DUPLICATE_CONSISTENT_LABEL
579,6537ce98864cb32297983905fcd1e8bdc4a132c0b82ad128cd52fac388f77b69,train,13090,5,Surprise,2,False,train,Surprise,EXACT_DUPLICATE_CONSISTENT_LABEL
580,2515a28a3fe1564a09652a527b0d5966faa9dff936c407857c06243832c8f60c,train,7099,6,Neutral,2,False,train,Neutral,EXACT_DUPLICATE_CONSISTENT_LABEL
580,2515a28a3fe1564a09652a527b0d5966faa9dff936c407857c06243832c8f60c,train,10584,6,Neutral,2,False,train,Neutral,EXACT_DUPLICATE_CONSISTENT_LABEL
581,64425c5f4869f759a294a13e0215ff0c1df6ecca8232b31df2f4e20fc5f068ce,train,7151,4,Sad,2,False,train,Sad,EXACT_DUPLICATE_CONSISTENT_LABEL
581,64425c5f4869f759a294a13e0215ff0c1df6ecca8232b31df2f4e20fc5f068ce,train,15643,4,Sad,2,False,train,Sad,EXACT_DUPLICATE_CONSISTENT_LABEL
582,a203ec67ab4d02a0c80b1f091d2e6e042cb0cc7ebe263462c3644cd4918f5a99,train,7153,5,Surprise,2,True,private/train,Surprise,EXACT_DUPLICATE_CONSISTENT_LABEL
582,a203ec67ab4d02a0c80b1f091d2e6e042cb0cc7ebe263462c3644cd4918f5a99,private,3288,5,Surprise,2,True,private/train,Surprise,EXACT_DUPLICATE_CONSISTENT_LABEL
583,46f274ac178b78c6b5f92614ec6c422942a5711f03597d2b61866e279ce549f7,train,7171,3,Happy,2,False,train,Happy,EXACT_DUPLICATE_CONSISTENT_LABEL
583,46f274ac178b78c6b5f92614ec6c422942a5711f03597d2b61866e279ce549f7,train,7421,3,Happy,2,False,train,Happy,EXACT_DUPLICATE_CONSISTENT_LABEL
584,f9896f7e0de83310a874e64b396ab49d563f8e033766c5c7954ae7c7edd44e8b,train,7180,0,Angry,2,False,train,Angry,EXACT_DUPLICATE_CONSISTENT_LABEL
584,f9896f7e0de83310a874e64b396ab49d563f8e033766c5c7954ae7c7edd44e8b,train,10363,0,Angry,2,False,train,Angry,EXACT_DUPLICATE_CONSISTENT_LABEL
585,a2bbfb33430ca5033bef669e5d44277098372b8e6e4670ad49601ade72c5ef26,train,7193,5,Surprise,2,False,train,Surprise,EXACT_DUPLICATE_CONSISTENT_LABEL
585,a2bbfb33430ca5033bef669e5d44277098372b8e6e4670ad49601ade72c5ef26,train,27763,5,Surprise,2,False,train,Surprise,EXACT_DUPLICATE_CONSISTENT_LABEL
586,6b71421d25e60dcaf9f76ce3bc42aff461eb8f565204b9e8ff30f06e13eecdd4,train,7202,0,Angry,2,False,train,Angry,EXACT_DUPLICATE_CONSISTENT_LABEL
586,6b71421d25e60dcaf9f76ce3bc42aff461eb8f565204b9e8ff30f06e13eecdd4,train,26334,0,Angry,2,False,train,Angry,EXACT_DUPLICATE_CONSISTENT_LABEL
587,bfb3bca471edf3d4aefc0e0313ff46aeb0be678f450789579fc383b5beb37c45,train,7221,5,Surprise,2,True,private/train,Surprise,EXACT_DUPLICATE_CONSISTENT_LABEL
587,bfb3bca471edf3d4aefc0e0313ff46aeb0be678f450789579fc383b5beb37c45,private,2765,5,Surprise,2,True,private/train,Surprise,EXACT_DUPLICATE_CONSISTENT_LABEL
588,e85d51949e08037743fecddb0d7cbaf7513e80ba1611f2ecd418f406de7184f4,train,7230,2,Fear,2,False,train,Fear,EXACT_DUPLICATE_CONSISTENT_LABEL
588,e85d51949e08037743fecddb0d7cbaf7513e80ba1611f2ecd418f406de7184f4,train,17930,2,Fear,2,False,train,Fear,EXACT_DUPLICATE_CONSISTENT_LABEL
589,5d718de1241113613c074925f329f94c4bb9c57de20ebe9d37fbea7ddce166ac,train,7254,6,Neutral,2,False,train,Neutral,EXACT_DUPLICATE_CONSISTENT_LABEL
589,5d718de1241113613c074925f329f94c4bb9c57de20ebe9d37fbea7ddce166ac,train,22774,6,Neutral,2,False,train,Neutral,EXACT_DUPLICATE_CONSISTENT_LABEL
590,6cb13d95b6d3ef59acdd3bff4983b739ed26b347d066bc37c9a6a5ea255e5cb9,train,7256,5,Surprise,3,False,train,Surprise,EXACT_DUPLICATE_CONSISTENT_LABEL
590,6cb13d95b6d3ef59acdd3bff4983b739ed26b347d066bc37c9a6a5ea255e5cb9,train,13033,5,Surprise,3,False,train,Surprise,EXACT_DUPLICATE_CONSISTENT_LABEL
590,6cb13d95b6d3ef59acdd3bff4983b739ed26b347d066bc37c9a6a5ea255e5cb9,train,23254,5,Surprise,3,False,train,Surprise,EXACT_DUPLICATE_CONSISTENT_LABEL
591,47205f91fc5d272633756f491b1207a8464f07c3ddaeac8976824f96fe1feca9,train,7264,4,Sad,2,False,train,Sad,EXACT_DUPLICATE_CONSISTENT_LABEL
591,47205f91fc5d272633756f491b1207a8464f07c3ddaeac8976824f96fe1feca9,train,19095,4,Sad,2,False,train,Sad,EXACT_DUPLICATE_CONSISTENT_LABEL
592,9164a7ed5246b466a34f9d56a5f2e16c81d2ebf27194ec00e8a35dd54873c751,train,7278,6,Neutral,2,False,train,Neutral,EXACT_DUPLICATE_CONSISTENT_LABEL
592,9164a7ed5246b466a34f9d56a5f2e16c81d2ebf27194ec00e8a35dd54873c751,train,10953,6,Neutral,2,False,train,Neutral,EXACT_DUPLICATE_CONSISTENT_LABEL
593,0684e7125392c2a5971ebb2d88c138825e2d77495097de54551473271d2162dd,train,7289,2,Fear,2,False,train,Fear,EXACT_DUPLICATE_CONSISTENT_LABEL
593,0684e7125392c2a5971ebb2d88c138825e2d77495097de54551473271d2162dd,train,16572,2,Fear,2,False,train,Fear,EXACT_DUPLICATE_CONSISTENT_LABEL
594,7db2a21aa35ece0a1181fa73995ce2137917ef235cdfc8cc594dee16e976689b,train,7302,2,Fear,2,False,train,Fear,EXACT_DUPLICATE_CONSISTENT_LABEL
594,7db2a21aa35ece0a1181fa73995ce2137917ef235cdfc8cc594dee16e976689b,train,23959,2,Fear,2,False,train,Fear,EXACT_DUPLICATE_CONSISTENT_LABEL
595,ff5cbd260a85ed041837c60c56fdd691f31c003166a15f79308ec517e9158347,train,7315,5,Surprise,5,False,train,Surprise,EXACT_DUPLICATE_CONSISTENT_LABEL
595,ff5cbd260a85ed041837c60c56fdd691f31c003166a15f79308ec517e9158347,train,17540,5,Surprise,5,False,train,Surprise,EXACT_DUPLICATE_CONSISTENT_LABEL
595,ff5cbd260a85ed041837c60c56fdd691f31c003166a15f79308ec517e9158347,train,17732,5,Surprise,5,False,train,Surprise,EXACT_DUPLICATE_CONSISTENT_LABEL
595,ff5cbd260a85ed041837c60c56fdd691f31c003166a15f79308ec517e9158347,train,21522,5,Surprise,5,False,train,Surprise,EXACT_DUPLICATE_CONSISTENT_LABEL
595,ff5cbd260a85ed041837c60c56fdd691f31c003166a15f79308ec517e9158347,train,28662,5,Surprise,5,False,train,Surprise,EXACT_DUPLICATE_CONSISTENT_LABEL
596,9e1f715cdf5fff2c6421dc55c29687a1463118e91b1323753d629bd6218f7d5a,train,7322,0,Angry,2,False,train,Angry/Fear,EXACT_DUPLICATE_CONFLICTING_LABEL
596,9e1f715cdf5fff2c6421dc55c29687a1463118e91b1323753d629bd6218f7d5a,train,19297,2,Fear,2,False,train,Angry/Fear,EXACT_DUPLICATE_CONFLICTING_LABEL
597,49894e34b6ab787516882a90ac0caa1dc2b3dcab41309e0760af95b41fccc834,train,7329,3,Happy,2,False,train,Happy,EXACT_DUPLICATE_CONSISTENT_LABEL
597,49894e34b6ab787516882a90ac0caa1dc2b3dcab41309e0760af95b41fccc834,train,19045,3,Happy,2,False,train,Happy,EXACT_DUPLICATE_CONSISTENT_LABEL
598,c1d488eca808a0f17ceffe7d166f243d5559d27cce1b3f4ad6c3b821d0155666,train,7333,3,Happy,2,False,train,Happy,EXACT_DUPLICATE_CONSISTENT_LABEL
598,c1d488eca808a0f17ceffe7d166f243d5559d27cce1b3f4ad6c3b821d0155666,train,15231,3,Happy,2,False,train,Happy,EXACT_DUPLICATE_CONSISTENT_LABEL
599,1d735753e5c47264d227c025d0865ba772ac30f698187e605fea640d40e2d15d,train,7347,5,Surprise,3,False,train,Surprise,EXACT_DUPLICATE_CONSISTENT_LABEL
599,1d735753e5c47264d227c025d0865ba772ac30f698187e605fea640d40e2d15d,train,19830,5,Surprise,3,False,train,Surprise,EXACT_DUPLICATE_CONSISTENT_LABEL
599,1d735753e5c47264d227c025d0865ba772ac30f698187e605fea640d40e2d15d,train,27123,5,Surprise,3,False,train,Surprise,EXACT_DUPLICATE_CONSISTENT_LABEL
600,9867ba6c2fd016e2ddb5b6cd7634aeaad2638aa952f41f85065a01e702a016bc,train,7348,6,Neutral,2,False,train,Neutral,EXACT_DUPLICATE_CONSISTENT_LABEL
600,9867ba6c2fd016e2ddb5b6cd7634aeaad2638aa952f41f85065a01e702a016bc,train,24931,6,Neutral,2,False,train,Neutral,EXACT_DUPLICATE_CONSISTENT_LABEL
601,8b9c04b7c335f5ba318beda87e441b5930fb93da24d93dc50f205774aaedb41c,train,7388,5,Surprise,2,False,train,Surprise,EXACT_DUPLICATE_CONSISTENT_LABEL
601,8b9c04b7c335f5ba318beda87e441b5930fb93da24d93dc50f205774aaedb41c,train,12974,5,Surprise,2,False,train,Surprise,EXACT_DUPLICATE_CONSISTENT_LABEL
602,b795501868540f92e553b0f7d861a9052cd3118a61e809efdde796b6312a9798,train,7412,4,Sad,2,True,public/train,Sad,EXACT_DUPLICATE_CONSISTENT_LABEL
602,b795501868540f92e553b0f7d861a9052cd3118a61e809efdde796b6312a9798,public,2750,4,Sad,2,True,public/train,Sad,EXACT_DUPLICATE_CONSISTENT_LABEL
603,3f56e7af6dd726fa3b13d4f3f0535acab6ae907397b217726d322985e24b37ed,train,7429,2,Fear,2,False,train,Fear,EXACT_DUPLICATE_CONSISTENT_LABEL
603,3f56e7af6dd726fa3b13d4f3f0535acab6ae907397b217726d322985e24b37ed,train,10067,2,Fear,2,False,train,Fear,EXACT_DUPLICATE_CONSISTENT_LABEL
604,e7cb5bb5e2e5fec43282684d17399de5249573dc43077efe9a31b2e7999c07ac,train,7431,5,Surprise,3,True,public/train,Surprise,EXACT_DUPLICATE_CONSISTENT_LABEL
604,e7cb5bb5e2e5fec43282684d17399de5249573dc43077efe9a31b2e7999c07ac,train,13303,5,Surprise,3,True,public/train,Surprise,EXACT_DUPLICATE_CONSISTENT_LABEL
604,e7cb5bb5e2e5fec43282684d17399de5249573dc43077efe9a31b2e7999c07ac,public,155,5,Surprise,3,True,public/train,Surprise,EXACT_DUPLICATE_CONSISTENT_LABEL
605,cd82d7930b6b28944b211c09fadd4582e2cb77c46f10dee5dd793cbcf920ca72,train,7454,5,Surprise,2,False,train,Surprise,EXACT_DUPLICATE_CONSISTENT_LABEL
605,cd82d7930b6b28944b211c09fadd4582e2cb77c46f10dee5dd793cbcf920ca72,train,22478,5,Surprise,2,False,train,Surprise,EXACT_DUPLICATE_CONSISTENT_LABEL
606,fa2a47f91ba6bf16f0e4cccc02fe448a50994915bd0fd862fcceb0e6796e3d82,train,7476,5,Surprise,3,False,train,Surprise,EXACT_DUPLICATE_CONSISTENT_LABEL
606,fa2a47f91ba6bf16f0e4cccc02fe448a50994915bd0fd862fcceb0e6796e3d82,train,9036,5,Surprise,3,False,train,Surprise,EXACT_DUPLICATE_CONSISTENT_LABEL
606,fa2a47f91ba6bf16f0e4cccc02fe448a50994915bd0fd862fcceb0e6796e3d82,train,12605,5,Surprise,3,False,train,Surprise,EXACT_DUPLICATE_CONSISTENT_LABEL
607,0a52bbb94121faadcbd850378be571c6487dbf1007b29b630a99c1c1e48e66e3,train,7483,5,Surprise,3,True,private/train,Surprise,EXACT_DUPLICATE_CONSISTENT_LABEL
607,0a52bbb94121faadcbd850378be571c6487dbf1007b29b630a99c1c1e48e66e3,train,26351,5,Surprise,3,True,private/train,Surprise,EXACT_DUPLICATE_CONSISTENT_LABEL
607,0a52bbb94121faadcbd850378be571c6487dbf1007b29b630a99c1c1e48e66e3,private,1087,5,Surprise,3,True,private/train,Surprise,EXACT_DUPLICATE_CONSISTENT_LABEL
608,f5d6284b75bd345abe4b4bca4741553284f45dc755e3ba812d0bd932fa9d9cb3,train,7485,5,Surprise,5,True,public/train,Surprise,EXACT_DUPLICATE_CONSISTENT_LABEL
608,f5d6284b75bd345abe4b4bca4741553284f45dc755e3ba812d0bd932fa9d9cb3,train,7860,5,Surprise,5,True,public/train,Surprise,EXACT_DUPLICATE_CONSISTENT_LABEL
608,f5d6284b75bd345abe4b4bca4741553284f45dc755e3ba812d0bd932fa9d9cb3,train,27577,5,Surprise,5,True,public/train,Surprise,EXACT_DUPLICATE_CONSISTENT_LABEL
608,f5d6284b75bd345abe4b4bca4741553284f45dc755e3ba812d0bd932fa9d9cb3,public,891,5,Surprise,5,True,public/train,Surprise,EXACT_DUPLICATE_CONSISTENT_LABEL
608,f5d6284b75bd345abe4b4bca4741553284f45dc755e3ba812d0bd932fa9d9cb3,public,1433,5,Surprise,5,True,public/train,Surprise,EXACT_DUPLICATE_CONSISTENT_LABEL
609,9b53fad6e1cbb4989ddbf681b13bdcbc67976ad3321d89dbb6927ceeda7fec96,train,7514,0,Angry,2,False,train,Angry,EXACT_DUPLICATE_CONSISTENT_LABEL
609,9b53fad6e1cbb4989ddbf681b13bdcbc67976ad3321d89dbb6927ceeda7fec96,train,18441,0,Angry,2,False,train,Angry,EXACT_DUPLICATE_CONSISTENT_LABEL
610,4e32963db6c4bbe52a1d28c4d3d4853654ccfd3bf27fcd3ff896a4b3036ab5be,train,7515,6,Neutral,3,False,train,Neutral,EXACT_DUPLICATE_CONSISTENT_LABEL
610,4e32963db6c4bbe52a1d28c4d3d4853654ccfd3bf27fcd3ff896a4b3036ab5be,train,17409,6,Neutral,3,False,train,Neutral,EXACT_DUPLICATE_CONSISTENT_LABEL
610,4e32963db6c4bbe52a1d28c4d3d4853654ccfd3bf27fcd3ff896a4b3036ab5be,train,21479,6,Neutral,3,False,train,Neutral,EXACT_DUPLICATE_CONSISTENT_LABEL
611,68799cfa8f2b12df00d30fa33fd40b6549ad46dbc90e4541ea4a7cf21190de75,train,7556,4,Sad,2,False,train,Sad,EXACT_DUPLICATE_CONSISTENT_LABEL
611,68799cfa8f2b12df00d30fa33fd40b6549ad46dbc90e4541ea4a7cf21190de75,train,24140,4,Sad,2,False,train,Sad,EXACT_DUPLICATE_CONSISTENT_LABEL
612,c80a13a2abbc7c53505f093a48d6286493dce29a157d6bc96905468b26696425,train,7562,5,Surprise,2,False,train,Surprise,EXACT_DUPLICATE_CONSISTENT_LABEL
612,c80a13a2abbc7c53505f093a48d6286493dce29a157d6bc96905468b26696425,train,19158,5,Surprise,2,False,train,Surprise,EXACT_DUPLICATE_CONSISTENT_LABEL
613,db84530f0071f30e342d652730e588c90b3ec9317173dca8bd082f5f33baa0ad,train,7566,4,Sad,2,False,train,Sad,EXACT_DUPLICATE_CONSISTENT_LABEL
613,db84530f0071f30e342d652730e588c90b3ec9317173dca8bd082f5f33baa0ad,train,20098,4,Sad,2,False,train,Sad,EXACT_DUPLICATE_CONSISTENT_LABEL
614,94525225b17155f69d9379627137a41bcfcda456a175f3a9c2837e23a1127e93,train,7592,1,Disgust,2,False,train,Disgust,EXACT_DUPLICATE_CONSISTENT_LABEL
614,94525225b17155f69d9379627137a41bcfcda456a175f3a9c2837e23a1127e93,train,22320,1,Disgust,2,False,train,Disgust,EXACT_DUPLICATE_CONSISTENT_LABEL
615,82a39bb29815bac883288efabf42534e80317d63fefb263abf2f6f626c4bc5c8,train,7602,4,Sad,2,False,train,Sad,EXACT_DUPLICATE_CONSISTENT_LABEL
615,82a39bb29815bac883288efabf42534e80317d63fefb263abf2f6f626c4bc5c8,train,22861,4,Sad,2,False,train,Sad,EXACT_DUPLICATE_CONSISTENT_LABEL
616,986f2d601714e5ac9419051efd54e645f4f22155b5253587348b63dc3a49366a,train,7610,5,Surprise,2,False,train,Surprise,EXACT_DUPLICATE_CONSISTENT_LABEL
616,986f2d601714e5ac9419051efd54e645f4f22155b5253587348b63dc3a49366a,train,15639,5,Surprise,2,False,train,Surprise,EXACT_DUPLICATE_CONSISTENT_LABEL
617,8207e838d07ffe55a2a27d4d507e5a168df75854bc1dd20f8ad3d283bd73b513,train,7616,3,Happy,2,False,train,Happy,EXACT_DUPLICATE_CONSISTENT_LABEL
617,8207e838d07ffe55a2a27d4d507e5a168df75854bc1dd20f8ad3d283bd73b513,train,14473,3,Happy,2,False,train,Happy,EXACT_DUPLICATE_CONSISTENT_LABEL
618,0130d5737e1f1a59955d02eb1aad22ca374506197f5a2befdea0c886353937f7,train,7626,5,Surprise,3,False,train,Surprise,EXACT_DUPLICATE_CONSISTENT_LABEL
618,0130d5737e1f1a59955d02eb1aad22ca374506197f5a2befdea0c886353937f7,train,12373,5,Surprise,3,False,train,Surprise,EXACT_DUPLICATE_CONSISTENT_LABEL
618,0130d5737e1f1a59955d02eb1aad22ca374506197f5a2befdea0c886353937f7,train,17427,5,Surprise,3,False,train,Surprise,EXACT_DUPLICATE_CONSISTENT_LABEL
619,37ce0598a3488d0968fcc97fdd18a00864991d11861d89a4acc3cd7c275e6f71,train,7641,2,Fear,2,False,train,Fear,EXACT_DUPLICATE_CONSISTENT_LABEL
619,37ce0598a3488d0968fcc97fdd18a00864991d11861d89a4acc3cd7c275e6f71,train,13354,2,Fear,2,False,train,Fear,EXACT_DUPLICATE_CONSISTENT_LABEL
620,729c01bc345bd7896728a0eb02b37abe7659e40772bef5f14cd04c197f52cbbc,train,7675,4,Sad,3,False,train,Sad,EXACT_DUPLICATE_CONSISTENT_LABEL
620,729c01bc345bd7896728a0eb02b37abe7659e40772bef5f14cd04c197f52cbbc,train,21945,4,Sad,3,False,train,Sad,EXACT_DUPLICATE_CONSISTENT_LABEL
620,729c01bc345bd7896728a0eb02b37abe7659e40772bef5f14cd04c197f52cbbc,train,23549,4,Sad,3,False,train,Sad,EXACT_DUPLICATE_CONSISTENT_LABEL
621,36ec4563503531c2829076803d24153264ef86d1f4a60e32f3ff164299c98b14,train,7699,5,Surprise,4,True,public/train,Surprise,EXACT_DUPLICATE_CONSISTENT_LABEL
621,36ec4563503531c2829076803d24153264ef86d1f4a60e32f3ff164299c98b14,train,17004,5,Surprise,4,True,public/train,Surprise,EXACT_DUPLICATE_CONSISTENT_LABEL
621,36ec4563503531c2829076803d24153264ef86d1f4a60e32f3ff164299c98b14,train,27774,5,Surprise,4,True,public/train,Surprise,EXACT_DUPLICATE_CONSISTENT_LABEL
621,36ec4563503531c2829076803d24153264ef86d1f4a60e32f3ff164299c98b14,public,196,5,Surprise,4,True,public/train,Surprise,EXACT_DUPLICATE_CONSISTENT_LABEL
622,c7e3d66a0f112038601d38937b9b7557d06e8070dc686e3abec699847fca5fec,train,7716,5,Surprise,2,True,public/train,Surprise,EXACT_DUPLICATE_CONSISTENT_LABEL
622,c7e3d66a0f112038601d38937b9b7557d06e8070dc686e3abec699847fca5fec,public,1054,5,Surprise,2,True,public/train,Surprise,EXACT_DUPLICATE_CONSISTENT_LABEL
623,2d1ea41555ea5a3eff50d2cbac7be41c46410f2911c2f3e32d9049dff9e38cda,train,7719,2,Fear,2,False,train,Fear,EXACT_DUPLICATE_CONSISTENT_LABEL
623,2d1ea41555ea5a3eff50d2cbac7be41c46410f2911c2f3e32d9049dff9e38cda,train,23260,2,Fear,2,False,train,Fear,EXACT_DUPLICATE_CONSISTENT_LABEL
624,94fd71e49fdd30c76403c7a553febef46a597c51fb55fe18537ef1127fdb6f66,train,7741,4,Sad,2,False,train,Sad,EXACT_DUPLICATE_CONSISTENT_LABEL
624,94fd71e49fdd30c76403c7a553febef46a597c51fb55fe18537ef1127fdb6f66,train,18623,4,Sad,2,False,train,Sad,EXACT_DUPLICATE_CONSISTENT_LABEL
625,dc17bdc487c3cf2efc62ae80a77538fc9166fb83778a0b2e0bf96ec196ad8120,train,7744,2,Fear,2,True,private/train,Fear,EXACT_DUPLICATE_CONSISTENT_LABEL
625,dc17bdc487c3cf2efc62ae80a77538fc9166fb83778a0b2e0bf96ec196ad8120,private,3065,2,Fear,2,True,private/train,Fear,EXACT_DUPLICATE_CONSISTENT_LABEL
626,5eb818d89214e904f9efb62d36b695038ae3614d4d9ea2f97aecca965a1be3ed,train,7766,2,Fear,2,False,train,Fear,EXACT_DUPLICATE_CONSISTENT_LABEL
626,5eb818d89214e904f9efb62d36b695038ae3614d4d9ea2f97aecca965a1be3ed,train,24088,2,Fear,2,False,train,Fear,EXACT_DUPLICATE_CONSISTENT_LABEL
627,c2a04c63e33b0b47353acdc270255dc6c729576b0e5ddc909b0b04ddf9050bf1,train,7815,3,Happy,2,False,train,Happy,EXACT_DUPLICATE_CONSISTENT_LABEL
627,c2a04c63e33b0b47353acdc270255dc6c729576b0e5ddc909b0b04ddf9050bf1,train,21120,3,Happy,2,False,train,Happy,EXACT_DUPLICATE_CONSISTENT_LABEL
628,9b8d8df37cc93c5bed99bfa7850ac5815c4641b39b2dd9c98fce6e2c9c5ce2f0,train,7826,0,Angry,2,False,train,Angry,EXACT_DUPLICATE_CONSISTENT_LABEL
628,9b8d8df37cc93c5bed99bfa7850ac5815c4641b39b2dd9c98fce6e2c9c5ce2f0,train,24331,0,Angry,2,False,train,Angry,EXACT_DUPLICATE_CONSISTENT_LABEL
629,821a4af5283eb4f0a379dbfcff1d8c0f1fe0515437bfd8cea614b260742e44b2,train,7835,1,Disgust,4,True,private/train,Disgust,EXACT_DUPLICATE_CONSISTENT_LABEL
629,821a4af5283eb4f0a379dbfcff1d8c0f1fe0515437bfd8cea614b260742e44b2,train,11529,1,Disgust,4,True,private/train,Disgust,EXACT_DUPLICATE_CONSISTENT_LABEL
629,821a4af5283eb4f0a379dbfcff1d8c0f1fe0515437bfd8cea614b260742e44b2,train,23698,1,Disgust,4,True,private/train,Disgust,EXACT_DUPLICATE_CONSISTENT_LABEL
629,821a4af5283eb4f0a379dbfcff1d8c0f1fe0515437bfd8cea614b260742e44b2,private,3488,1,Disgust,4,True,private/train,Disgust,EXACT_DUPLICATE_CONSISTENT_LABEL
630,cdf3838a648be32eff88a9656490e01ded0c1fe6ea9bf3549056e2662202fa43,train,7851,5,Surprise,2,False,train,Surprise,EXACT_DUPLICATE_CONSISTENT_LABEL
630,cdf3838a648be32eff88a9656490e01ded0c1fe6ea9bf3549056e2662202fa43,train,26349,5,Surprise,2,False,train,Surprise,EXACT_DUPLICATE_CONSISTENT_LABEL
631,9e9280118bd1315204216ff1e689ce9f50ec6e9107c7e4fafc2ab8b918eeb866,train,7862,0,Angry,2,False,train,Angry,EXACT_DUPLICATE_CONSISTENT_LABEL
631,9e9280118bd1315204216ff1e689ce9f50ec6e9107c7e4fafc2ab8b918eeb866,train,18500,0,Angry,2,False,train,Angry,EXACT_DUPLICATE_CONSISTENT_LABEL
632,e06938c256dab8d11f37d098022d1bc4d6aeaf7e40a1b5b08961f6fcec0307f9,train,7874,5,Surprise,3,False,train,Surprise,EXACT_DUPLICATE_CONSISTENT_LABEL
632,e06938c256dab8d11f37d098022d1bc4d6aeaf7e40a1b5b08961f6fcec0307f9,train,13177,5,Surprise,3,False,train,Surprise,EXACT_DUPLICATE_CONSISTENT_LABEL
632,e06938c256dab8d11f37d098022d1bc4d6aeaf7e40a1b5b08961f6fcec0307f9,train,22872,5,Surprise,3,False,train,Surprise,EXACT_DUPLICATE_CONSISTENT_LABEL
633,d7d7cd6c275722f655ada586193a61ffc1e5d4ffe2d238f48c4d8d389d66c511,train,7877,4,Sad,2,False,train,Sad,EXACT_DUPLICATE_CONSISTENT_LABEL
633,d7d7cd6c275722f655ada586193a61ffc1e5d4ffe2d238f48c4d8d389d66c511,train,14394,4,Sad,2,False,train,Sad,EXACT_DUPLICATE_CONSISTENT_LABEL
634,f7f2f279def7fcb07d64bc6f01b60d2be990199cfc33c49b04063a7028aaaecb,train,7883,4,Sad,2,False,train,Sad,EXACT_DUPLICATE_CONSISTENT_LABEL
634,f7f2f279def7fcb07d64bc6f01b60d2be990199cfc33c49b04063a7028aaaecb,train,12550,4,Sad,2,False,train,Sad,EXACT_DUPLICATE_CONSISTENT_LABEL
635,42d4cbb03c5cdc74546e90ad3a2a15aba0c8d3b3cd91efc2ab13ce367ad0bf14,train,7885,4,Sad,2,False,train,Fear/Sad,EXACT_DUPLICATE_CONFLICTING_LABEL
635,42d4cbb03c5cdc74546e90ad3a2a15aba0c8d3b3cd91efc2ab13ce367ad0bf14,train,10442,2,Fear,2,False,train,Fear/Sad,EXACT_DUPLICATE_CONFLICTING_LABEL
636,d36a23b92ea27715db3c3d55358212543054d42be3ab3baf5abe53a507289ab5,train,7900,5,Surprise,2,False,train,Surprise,EXACT_DUPLICATE_CONSISTENT_LABEL
636,d36a23b92ea27715db3c3d55358212543054d42be3ab3baf5abe53a507289ab5,train,21987,5,Surprise,2,False,train,Surprise,EXACT_DUPLICATE_CONSISTENT_LABEL
637,83efdb4a2638d8cf720e4931c25ac79d9b45a9ff26f56637a9bda8fd1ce74786,train,7926,5,Surprise,2,False,train,Surprise,EXACT_DUPLICATE_CONSISTENT_LABEL
637,83efdb4a2638d8cf720e4931c25ac79d9b45a9ff26f56637a9bda8fd1ce74786,train,15149,5,Surprise,2,False,train,Surprise,EXACT_DUPLICATE_CONSISTENT_LABEL
638,498348639ff8dc067ed43927772862b2874beb40bd4ed9d10c4a768ed3c6f3d4,train,7928,3,Happy,2,True,public/train,Happy,EXACT_DUPLICATE_CONSISTENT_LABEL
638,498348639ff8dc067ed43927772862b2874beb40bd4ed9d10c4a768ed3c6f3d4,public,1716,3,Happy,2,True,public/train,Happy,EXACT_DUPLICATE_CONSISTENT_LABEL
639,8db174f96676a6bab5f0f976b4c6e5de1c21fe4b9c8d5da2d40f1ce531ca1124,train,7972,5,Surprise,2,False,train,Surprise,EXACT_DUPLICATE_CONSISTENT_LABEL
639,8db174f96676a6bab5f0f976b4c6e5de1c21fe4b9c8d5da2d40f1ce531ca1124,train,18530,5,Surprise,2,False,train,Surprise,EXACT_DUPLICATE_CONSISTENT_LABEL
640,ff57982616314c631a95c77b1ce9728bf342f84c3a98d8b7ae0d6cd9a7589ee0,train,7990,2,Fear,3,True,private/train,Fear,EXACT_DUPLICATE_CONSISTENT_LABEL
640,ff57982616314c631a95c77b1ce9728bf342f84c3a98d8b7ae0d6cd9a7589ee0,train,19097,2,Fear,3,True,private/train,Fear,EXACT_DUPLICATE_CONSISTENT_LABEL
640,ff57982616314c631a95c77b1ce9728bf342f84c3a98d8b7ae0d6cd9a7589ee0,private,3528,2,Fear,3,True,private/train,Fear,EXACT_DUPLICATE_CONSISTENT_LABEL
641,3eac87ffcf7ee48d016958dc874ecdd0076d831f3f96de0f2f19f6fb17519ec6,train,8001,0,Angry,2,False,train,Angry,EXACT_DUPLICATE_CONSISTENT_LABEL
641,3eac87ffcf7ee48d016958dc874ecdd0076d831f3f96de0f2f19f6fb17519ec6,train,11571,0,Angry,2,False,train,Angry,EXACT_DUPLICATE_CONSISTENT_LABEL
642,534e448ea70b5270ee6d874da6fc699c1c47ce96e4e67b61868e2a93b6d24337,train,8005,5,Surprise,3,False,train,Surprise,EXACT_DUPLICATE_CONSISTENT_LABEL
642,534e448ea70b5270ee6d874da6fc699c1c47ce96e4e67b61868e2a93b6d24337,train,17348,5,Surprise,3,False,train,Surprise,EXACT_DUPLICATE_CONSISTENT_LABEL
642,534e448ea70b5270ee6d874da6fc699c1c47ce96e4e67b61868e2a93b6d24337,train,27939,5,Surprise,3,False,train,Surprise,EXACT_DUPLICATE_CONSISTENT_LABEL
643,b716beada92c9dad8018653e472f242b03e6e6e0134ddbb1a7ab02eaff91511e,train,8008,5,Surprise,2,True,public/train,Surprise,EXACT_DUPLICATE_CONSISTENT_LABEL
643,b716beada92c9dad8018653e472f242b03e6e6e0134ddbb1a7ab02eaff91511e,public,1399,5,Surprise,2,True,public/train,Surprise,EXACT_DUPLICATE_CONSISTENT_LABEL
644,c9f94947a8a290b76017aaa308e78b37c0696c43e584251caadb2c47605e8704,train,8013,2,Fear,2,True,private/train,Fear,EXACT_DUPLICATE_CONSISTENT_LABEL
644,c9f94947a8a290b76017aaa308e78b37c0696c43e584251caadb2c47605e8704,private,3345,2,Fear,2,True,private/train,Fear,EXACT_DUPLICATE_CONSISTENT_LABEL
645,3b9bf966826fe424ac1c2ed4d5265e81cafab6bc73d812f24d6addb79a39e75f,train,8039,4,Sad,2,False,train,Sad,EXACT_DUPLICATE_CONSISTENT_LABEL
645,3b9bf966826fe424ac1c2ed4d5265e81cafab6bc73d812f24d6addb79a39e75f,train,11994,4,Sad,2,False,train,Sad,EXACT_DUPLICATE_CONSISTENT_LABEL
646,88937e790fa23a8537d7d8de08117418b272cf2d4ad0bfba1b1bac950ac9e650,train,8084,5,Surprise,2,False,train,Surprise,EXACT_DUPLICATE_CONSISTENT_LABEL
646,88937e790fa23a8537d7d8de08117418b272cf2d4ad0bfba1b1bac950ac9e650,train,18620,5,Surprise,2,False,train,Surprise,EXACT_DUPLICATE_CONSISTENT_LABEL
647,2adec9246693f2258b0d949975bf4d5cbca8c2fcb14ecc04364962243b2b498a,train,8090,6,Neutral,2,False,train,Neutral,EXACT_DUPLICATE_CONSISTENT_LABEL
647,2adec9246693f2258b0d949975bf4d5cbca8c2fcb14ecc04364962243b2b498a,train,19886,6,Neutral,2,False,train,Neutral,EXACT_DUPLICATE_CONSISTENT_LABEL
648,58928c741de19c6aadb271f398d15c7692cbebe43b30efa3a54da1831f758c28,train,8096,0,Angry,2,True,public/train,Angry,EXACT_DUPLICATE_CONSISTENT_LABEL
648,58928c741de19c6aadb271f398d15c7692cbebe43b30efa3a54da1831f758c28,public,3212,0,Angry,2,True,public/train,Angry,EXACT_DUPLICATE_CONSISTENT_LABEL
649,c41d36e6c9eecab300997bdfd2fb352e671e7ff7eaeddb1ae882c4e744fb5b1f,train,8152,5,Surprise,2,False,train,Surprise,EXACT_DUPLICATE_CONSISTENT_LABEL
649,c41d36e6c9eecab300997bdfd2fb352e671e7ff7eaeddb1ae882c4e744fb5b1f,train,15317,5,Surprise,2,False,train,Surprise,EXACT_DUPLICATE_CONSISTENT_LABEL
650,6cdca956d44b9312bf62feb0a21b4adebdf41459926af2c8e0619b67cd9dc48d,train,8155,1,Disgust,4,False,train,Disgust/Surprise,EXACT_DUPLICATE_CONFLICTING_LABEL
650,6cdca956d44b9312bf62feb0a21b4adebdf41459926af2c8e0619b67cd9dc48d,train,14289,5,Surprise,4,False,train,Disgust/Surprise,EXACT_DUPLICATE_CONFLICTING_LABEL
650,6cdca956d44b9312bf62feb0a21b4adebdf41459926af2c8e0619b67cd9dc48d,train,15491,5,Surprise,4,False,train,Disgust/Surprise,EXACT_DUPLICATE_CONFLICTING_LABEL
650,6cdca956d44b9312bf62feb0a21b4adebdf41459926af2c8e0619b67cd9dc48d,train,25808,5,Surprise,4,False,train,Disgust/Surprise,EXACT_DUPLICATE_CONFLICTING_LABEL
651,d0cf6947a95bd2718d1327b7ba2feeabe0fd045dfc5f86902971ceb3132201e7,train,8167,5,Surprise,2,False,train,Surprise,EXACT_DUPLICATE_CONSISTENT_LABEL
651,d0cf6947a95bd2718d1327b7ba2feeabe0fd045dfc5f86902971ceb3132201e7,train,23376,5,Surprise,2,False,train,Surprise,EXACT_DUPLICATE_CONSISTENT_LABEL
652,0abb1b3b006ba9a9be1573c58cd784870e0fbd079129958f38bdb167ccbf3885,train,8181,6,Neutral,2,False,train,Neutral,EXACT_DUPLICATE_CONSISTENT_LABEL
652,0abb1b3b006ba9a9be1573c58cd784870e0fbd079129958f38bdb167ccbf3885,train,27330,6,Neutral,2,False,train,Neutral,EXACT_DUPLICATE_CONSISTENT_LABEL
653,0c399371c8ef4956074013e5b6653dd7dd7f3fe7d1b432a59ebeb7054a47fd42,train,8208,5,Surprise,2,False,train,Surprise,EXACT_DUPLICATE_CONSISTENT_LABEL
653,0c399371c8ef4956074013e5b6653dd7dd7f3fe7d1b432a59ebeb7054a47fd42,train,27918,5,Surprise,2,False,train,Surprise,EXACT_DUPLICATE_CONSISTENT_LABEL
654,7aee79ce91634522a60760c185665c01a7115a9c2050d4fa650ce68d9fb8a4a8,train,8219,5,Surprise,2,False,train,Surprise,EXACT_DUPLICATE_CONSISTENT_LABEL
654,7aee79ce91634522a60760c185665c01a7115a9c2050d4fa650ce68d9fb8a4a8,train,18437,5,Surprise,2,False,train,Surprise,EXACT_DUPLICATE_CONSISTENT_LABEL
655,141afb1cd44a81ec082a321d55fd059777385f5e929636f9f492ff63684f875b,train,8232,5,Surprise,2,False,train,Surprise,EXACT_DUPLICATE_CONSISTENT_LABEL
655,141afb1cd44a81ec082a321d55fd059777385f5e929636f9f492ff63684f875b,train,13331,5,Surprise,2,False,train,Surprise,EXACT_DUPLICATE_CONSISTENT_LABEL
656,89129f5333942de277d0564aed208ab1394d78ba24366d49c28b4f139a0578b2,train,8252,4,Sad,2,False,train,Sad,EXACT_DUPLICATE_CONSISTENT_LABEL
656,89129f5333942de277d0564aed208ab1394d78ba24366d49c28b4f139a0578b2,train,21130,4,Sad,2,False,train,Sad,EXACT_DUPLICATE_CONSISTENT_LABEL
657,aff900ac292f44eb82a3d020b5002af003fcebe2e1fbb62e53234fb76acbd4ce,train,8297,5,Surprise,2,False,train,Surprise,EXACT_DUPLICATE_CONSISTENT_LABEL
657,aff900ac292f44eb82a3d020b5002af003fcebe2e1fbb62e53234fb76acbd4ce,train,23899,5,Surprise,2,False,train,Surprise,EXACT_DUPLICATE_CONSISTENT_LABEL
658,a76db7edb0fc10e834e1c7052b2b9efc6967b9a2ee3c7d3001ca7198a4f3e0a2,train,8315,1,Disgust,2,False,train,Disgust,EXACT_DUPLICATE_CONSISTENT_LABEL
658,a76db7edb0fc10e834e1c7052b2b9efc6967b9a2ee3c7d3001ca7198a4f3e0a2,train,23613,1,Disgust,2,False,train,Disgust,EXACT_DUPLICATE_CONSISTENT_LABEL
659,63f392f57aec1b82945ceb109e3f7c5b3b4c3678d6e15dba7b347b36f1df8a91,train,8324,5,Surprise,2,False,train,Surprise,EXACT_DUPLICATE_CONSISTENT_LABEL
659,63f392f57aec1b82945ceb109e3f7c5b3b4c3678d6e15dba7b347b36f1df8a91,train,14207,5,Surprise,2,False,train,Surprise,EXACT_DUPLICATE_CONSISTENT_LABEL
660,8cfeded9430e62fe0f4e30e53a93badc83a21d461970752155a978deed4fc9e1,train,8325,5,Surprise,2,True,private/train,Surprise,EXACT_DUPLICATE_CONSISTENT_LABEL
660,8cfeded9430e62fe0f4e30e53a93badc83a21d461970752155a978deed4fc9e1,private,82,5,Surprise,2,True,private/train,Surprise,EXACT_DUPLICATE_CONSISTENT_LABEL
661,5d456d3e783a5526b95dcefda4dd479e52202082303562d4962977f7c673a1ad,train,8328,5,Surprise,3,False,train,Surprise,EXACT_DUPLICATE_CONSISTENT_LABEL
661,5d456d3e783a5526b95dcefda4dd479e52202082303562d4962977f7c673a1ad,train,14414,5,Surprise,3,False,train,Surprise,EXACT_DUPLICATE_CONSISTENT_LABEL
661,5d456d3e783a5526b95dcefda4dd479e52202082303562d4962977f7c673a1ad,train,16326,5,Surprise,3,False,train,Surprise,EXACT_DUPLICATE_CONSISTENT_LABEL
662,3782012eca40c4e8ddd5a9486b49e008ffc8c08cfb63272caf333387596153c3,train,8345,5,Surprise,2,False,train,Fear/Surprise,EXACT_DUPLICATE_CONFLICTING_LABEL
662,3782012eca40c4e8ddd5a9486b49e008ffc8c08cfb63272caf333387596153c3,train,25262,2,Fear,2,False,train,Fear/Surprise,EXACT_DUPLICATE_CONFLICTING_LABEL
663,313c17df07f07935a875dcc894aeddd8d29d972145491f299a52d181f1dc605e,train,8366,2,Fear,2,False,train,Fear,EXACT_DUPLICATE_CONSISTENT_LABEL
663,313c17df07f07935a875dcc894aeddd8d29d972145491f299a52d181f1dc605e,train,11412,2,Fear,2,False,train,Fear,EXACT_DUPLICATE_CONSISTENT_LABEL
664,e4b2c3aa26deb1d61db2332c58ec18f2c698eb1b40513375a5091182d3fc7641,train,8368,5,Surprise,2,True,private/train,Surprise,EXACT_DUPLICATE_CONSISTENT_LABEL
664,e4b2c3aa26deb1d61db2332c58ec18f2c698eb1b40513375a5091182d3fc7641,private,2921,5,Surprise,2,True,private/train,Surprise,EXACT_DUPLICATE_CONSISTENT_LABEL
665,a822a08fd3bf16bc428bfc368b751af70b916c9c1b14559254702e55e8b87909,train,8371,0,Angry,2,False,train,Angry,EXACT_DUPLICATE_CONSISTENT_LABEL
665,a822a08fd3bf16bc428bfc368b751af70b916c9c1b14559254702e55e8b87909,train,26396,0,Angry,2,False,train,Angry,EXACT_DUPLICATE_CONSISTENT_LABEL
666,cfec72db066f1c1344e8a4b8eb8157ee80471333c2b484dafefef94cef90a9d3,train,8378,2,Fear,2,False,train,Angry/Fear,EXACT_DUPLICATE_CONFLICTING_LABEL
666,cfec72db066f1c1344e8a4b8eb8157ee80471333c2b484dafefef94cef90a9d3,train,10603,0,Angry,2,False,train,Angry/Fear,EXACT_DUPLICATE_CONFLICTING_LABEL
667,b7f6e203e27353235d63f981f1b8e93ee242bf2975f5ad6a1db8876e2544989b,train,8379,1,Disgust,2,True,private/train,Disgust,EXACT_DUPLICATE_CONSISTENT_LABEL
667,b7f6e203e27353235d63f981f1b8e93ee242bf2975f5ad6a1db8876e2544989b,private,614,1,Disgust,2,True,private/train,Disgust,EXACT_DUPLICATE_CONSISTENT_LABEL
668,b79cf8c43737cd43a1d34b53620dc4b48ea6dd6251e7362f2852c4c4c36bbab9,train,8397,3,Happy,2,False,train,Happy,EXACT_DUPLICATE_CONSISTENT_LABEL
668,b79cf8c43737cd43a1d34b53620dc4b48ea6dd6251e7362f2852c4c4c36bbab9,train,12122,3,Happy,2,False,train,Happy,EXACT_DUPLICATE_CONSISTENT_LABEL
669,867b84a03980d6cf36bb5a699fffc9cde2e4b7d2645391fa13615be7e7df29df,train,8404,5,Surprise,2,True,public/train,Surprise,EXACT_DUPLICATE_CONSISTENT_LABEL
669,867b84a03980d6cf36bb5a699fffc9cde2e4b7d2645391fa13615be7e7df29df,public,2814,5,Surprise,2,True,public/train,Surprise,EXACT_DUPLICATE_CONSISTENT_LABEL
670,ea61600e2c1626f3ec683540e1d2eb18d8158c86c6bd6641b69dc183b5ad1496,train,8412,0,Angry,2,True,public/train,Angry,EXACT_DUPLICATE_CONSISTENT_LABEL
670,ea61600e2c1626f3ec683540e1d2eb18d8158c86c6bd6641b69dc183b5ad1496,public,845,0,Angry,2,True,public/train,Angry,EXACT_DUPLICATE_CONSISTENT_LABEL
671,12ef4a0093e29cb5e3b0ca73069c0fbdc4f017c51aa8f7809ce925a34e31aea1,train,8423,0,Angry,2,False,train,Angry,EXACT_DUPLICATE_CONSISTENT_LABEL
671,12ef4a0093e29cb5e3b0ca73069c0fbdc4f017c51aa8f7809ce925a34e31aea1,train,15835,0,Angry,2,False,train,Angry,EXACT_DUPLICATE_CONSISTENT_LABEL
672,76d7616301a87e16c2245ff82a0a7748289904578cc41718166a95636323107a,train,8426,5,Surprise,2,False,train,Surprise,EXACT_DUPLICATE_CONSISTENT_LABEL
672,76d7616301a87e16c2245ff82a0a7748289904578cc41718166a95636323107a,train,11730,5,Surprise,2,False,train,Surprise,EXACT_DUPLICATE_CONSISTENT_LABEL
673,b00a1530f8abda95713746531c572f1122aa95d7f65050d709f902c9d87d054a,train,8459,5,Surprise,2,True,private/train,Surprise,EXACT_DUPLICATE_CONSISTENT_LABEL
673,b00a1530f8abda95713746531c572f1122aa95d7f65050d709f902c9d87d054a,private,2628,5,Surprise,2,True,private/train,Surprise,EXACT_DUPLICATE_CONSISTENT_LABEL
674,408db43347d30a01aa6e4d98025a4defa6807aec3cda722400ce9d8cd71bbd44,train,8463,5,Surprise,3,True,public/train,Surprise,EXACT_DUPLICATE_CONSISTENT_LABEL
674,408db43347d30a01aa6e4d98025a4defa6807aec3cda722400ce9d8cd71bbd44,train,21174,5,Surprise,3,True,public/train,Surprise,EXACT_DUPLICATE_CONSISTENT_LABEL
674,408db43347d30a01aa6e4d98025a4defa6807aec3cda722400ce9d8cd71bbd44,public,3244,5,Surprise,3,True,public/train,Surprise,EXACT_DUPLICATE_CONSISTENT_LABEL
675,e3da1199834164a9a4fae4ff5d0a4a8cdeee4f03200f310b09c440223537dea1,train,8464,5,Surprise,2,False,train,Surprise,EXACT_DUPLICATE_CONSISTENT_LABEL
675,e3da1199834164a9a4fae4ff5d0a4a8cdeee4f03200f310b09c440223537dea1,train,26136,5,Surprise,2,False,train,Surprise,EXACT_DUPLICATE_CONSISTENT_LABEL
676,da347a456d669d72c58783c83a6e412a772af066138f02df0f09bd324d969245,train,8483,6,Neutral,2,True,public/train,Neutral,EXACT_DUPLICATE_CONSISTENT_LABEL
676,da347a456d669d72c58783c83a6e412a772af066138f02df0f09bd324d969245,public,588,6,Neutral,2,True,public/train,Neutral,EXACT_DUPLICATE_CONSISTENT_LABEL
677,dc96787fe36337f879245f12e20abd7523b9067e9c9c2ef5fe618d757500799d,train,8486,5,Surprise,2,False,train,Surprise,EXACT_DUPLICATE_CONSISTENT_LABEL
677,dc96787fe36337f879245f12e20abd7523b9067e9c9c2ef5fe618d757500799d,train,27973,5,Surprise,2,False,train,Surprise,EXACT_DUPLICATE_CONSISTENT_LABEL
678,fa17054248e5843a832027c513423a27fb35996d0101403b8b2d5b3dc2f7c888,train,8487,0,Angry,2,False,train,Angry,EXACT_DUPLICATE_CONSISTENT_LABEL
678,fa17054248e5843a832027c513423a27fb35996d0101403b8b2d5b3dc2f7c888,train,19161,0,Angry,2,False,train,Angry,EXACT_DUPLICATE_CONSISTENT_LABEL
679,440c880a9bc78ac5138a2f613fdcd5b50357f6955e915da6af5f605ee26488bc,train,8512,1,Disgust,2,False,train,Disgust,EXACT_DUPLICATE_CONSISTENT_LABEL
679,440c880a9bc78ac5138a2f613fdcd5b50357f6955e915da6af5f605ee26488bc,train,14153,1,Disgust,2,False,train,Disgust,EXACT_DUPLICATE_CONSISTENT_LABEL
680,ad225f64da3ae6faf2ac141f8a1f2ffb25dafcb841de32f533e9bb579f544a12,train,8519,0,Angry,2,False,train,Angry,EXACT_DUPLICATE_CONSISTENT_LABEL
680,ad225f64da3ae6faf2ac141f8a1f2ffb25dafcb841de32f533e9bb579f544a12,train,28391,0,Angry,2,False,train,Angry,EXACT_DUPLICATE_CONSISTENT_LABEL
681,de510d98850f5791cfcfd8e26261be10bed06186e2604cb8f5da4f0e35f1c8b6,train,8522,2,Fear,2,False,train,Fear,EXACT_DUPLICATE_CONSISTENT_LABEL
681,de510d98850f5791cfcfd8e26261be10bed06186e2604cb8f5da4f0e35f1c8b6,train,28151,2,Fear,2,False,train,Fear,EXACT_DUPLICATE_CONSISTENT_LABEL
682,7be9dad2b58257fcb76bfbf754e1fa614d3a391e4ee11095f800f90285b5ad3d,train,8550,0,Angry,2,False,train,Angry,EXACT_DUPLICATE_CONSISTENT_LABEL
682,7be9dad2b58257fcb76bfbf754e1fa614d3a391e4ee11095f800f90285b5ad3d,train,16670,0,Angry,2,False,train,Angry,EXACT_DUPLICATE_CONSISTENT_LABEL
683,2a77773828c1d002eba0d99d06c39856a3769fbc130b965cd0283921708a41ce,train,8560,5,Surprise,2,False,train,Surprise,EXACT_DUPLICATE_CONSISTENT_LABEL
683,2a77773828c1d002eba0d99d06c39856a3769fbc130b965cd0283921708a41ce,train,14035,5,Surprise,2,False,train,Surprise,EXACT_DUPLICATE_CONSISTENT_LABEL
684,c6ccddbb02c1b098fba094d4e9de5ce6c61d43bb17655e82c1d7e094555a01c6,train,8573,1,Disgust,2,False,train,Disgust,EXACT_DUPLICATE_CONSISTENT_LABEL
684,c6ccddbb02c1b098fba094d4e9de5ce6c61d43bb17655e82c1d7e094555a01c6,train,11222,1,Disgust,2,False,train,Disgust,EXACT_DUPLICATE_CONSISTENT_LABEL
685,55913a10ecadcb3fb434e5399037fef3ac4b1857bafcb27dfee75244117a9c95,train,8586,2,Fear,3,False,train,Fear,EXACT_DUPLICATE_CONSISTENT_LABEL
685,55913a10ecadcb3fb434e5399037fef3ac4b1857bafcb27dfee75244117a9c95,train,13724,2,Fear,3,False,train,Fear,EXACT_DUPLICATE_CONSISTENT_LABEL
685,55913a10ecadcb3fb434e5399037fef3ac4b1857bafcb27dfee75244117a9c95,train,16486,2,Fear,3,False,train,Fear,EXACT_DUPLICATE_CONSISTENT_LABEL
686,d5f80f47384b25560f175878e69549caadec7747a412a8356281b76773762985,train,8618,5,Surprise,2,True,private/train,Surprise,EXACT_DUPLICATE_CONSISTENT_LABEL
686,d5f80f47384b25560f175878e69549caadec7747a412a8356281b76773762985,private,1813,5,Surprise,2,True,private/train,Surprise,EXACT_DUPLICATE_CONSISTENT_LABEL
687,1ad0c25d910f3269ac372da89c2b51a270888a6c1dbfd241e78d77de5898a577,train,8628,1,Disgust,2,False,train,Disgust,EXACT_DUPLICATE_CONSISTENT_LABEL
687,1ad0c25d910f3269ac372da89c2b51a270888a6c1dbfd241e78d77de5898a577,train,9297,1,Disgust,2,False,train,Disgust,EXACT_DUPLICATE_CONSISTENT_LABEL
688,a72063b650bfda57c615e8ef4de343f4ebd496c7cc467555e20faef943b4c8dd,train,8633,0,Angry,2,False,train,Angry,EXACT_DUPLICATE_CONSISTENT_LABEL
688,a72063b650bfda57c615e8ef4de343f4ebd496c7cc467555e20faef943b4c8dd,train,15368,0,Angry,2,False,train,Angry,EXACT_DUPLICATE_CONSISTENT_LABEL
689,f7355de8ab9fb3a8d0427852bb8e5fb4af55a76467377546483c8f9529772192,train,8640,5,Surprise,4,False,train,Surprise,EXACT_DUPLICATE_CONSISTENT_LABEL
689,f7355de8ab9fb3a8d0427852bb8e5fb4af55a76467377546483c8f9529772192,train,11027,5,Surprise,4,False,train,Surprise,EXACT_DUPLICATE_CONSISTENT_LABEL
689,f7355de8ab9fb3a8d0427852bb8e5fb4af55a76467377546483c8f9529772192,train,18038,5,Surprise,4,False,train,Surprise,EXACT_DUPLICATE_CONSISTENT_LABEL
689,f7355de8ab9fb3a8d0427852bb8e5fb4af55a76467377546483c8f9529772192,train,22666,5,Surprise,4,False,train,Surprise,EXACT_DUPLICATE_CONSISTENT_LABEL
690,aaa9dec180c0ab75027c051d125e190336e9b8f9fc4835d41c5b14a92ddcf704,train,8656,5,Surprise,2,False,train,Surprise,EXACT_DUPLICATE_CONSISTENT_LABEL
690,aaa9dec180c0ab75027c051d125e190336e9b8f9fc4835d41c5b14a92ddcf704,train,8698,5,Surprise,2,False,train,Surprise,EXACT_DUPLICATE_CONSISTENT_LABEL
691,947756f7bd5410a2d30444f0a22d1bf081421f9dfb48dcd7097136c9b67d2ba0,train,8695,2,Fear,2,False,train,Fear,EXACT_DUPLICATE_CONSISTENT_LABEL
691,947756f7bd5410a2d30444f0a22d1bf081421f9dfb48dcd7097136c9b67d2ba0,train,10330,2,Fear,2,False,train,Fear,EXACT_DUPLICATE_CONSISTENT_LABEL
692,ea1004e22e154b3c9ae4f77d9a1c55baca0a5b84bbbfb41514e23524eb87036b,train,8703,2,Fear,2,False,train,Fear,EXACT_DUPLICATE_CONSISTENT_LABEL
692,ea1004e22e154b3c9ae4f77d9a1c55baca0a5b84bbbfb41514e23524eb87036b,train,14854,2,Fear,2,False,train,Fear,EXACT_DUPLICATE_CONSISTENT_LABEL
693,77013853ee1b8ac9505a80af477b191cdf26c088df1eb5607415c838ca52b0a9,train,8715,5,Surprise,5,True,private/public/train,Surprise,EXACT_DUPLICATE_CONSISTENT_LABEL
693,77013853ee1b8ac9505a80af477b191cdf26c088df1eb5607415c838ca52b0a9,train,15259,5,Surprise,5,True,private/public/train,Surprise,EXACT_DUPLICATE_CONSISTENT_LABEL
693,77013853ee1b8ac9505a80af477b191cdf26c088df1eb5607415c838ca52b0a9,public,172,5,Surprise,5,True,private/public/train,Surprise,EXACT_DUPLICATE_CONSISTENT_LABEL
693,77013853ee1b8ac9505a80af477b191cdf26c088df1eb5607415c838ca52b0a9,public,1591,5,Surprise,5,True,private/public/train,Surprise,EXACT_DUPLICATE_CONSISTENT_LABEL
693,77013853ee1b8ac9505a80af477b191cdf26c088df1eb5607415c838ca52b0a9,private,1334,5,Surprise,5,True,private/public/train,Surprise,EXACT_DUPLICATE_CONSISTENT_LABEL
694,fe53ded3105272b42b1d61d2391a9ca4c4325c1b009dce51eccb331845514654,train,8731,4,Sad,2,False,train,Sad,EXACT_DUPLICATE_CONSISTENT_LABEL
694,fe53ded3105272b42b1d61d2391a9ca4c4325c1b009dce51eccb331845514654,train,25588,4,Sad,2,False,train,Sad,EXACT_DUPLICATE_CONSISTENT_LABEL
695,3239cf0ddea372a87383514fc75568280251e940181aead0116ee4d78e4d7cde,train,8749,0,Angry,2,False,train,Angry,EXACT_DUPLICATE_CONSISTENT_LABEL
695,3239cf0ddea372a87383514fc75568280251e940181aead0116ee4d78e4d7cde,train,22782,0,Angry,2,False,train,Angry,EXACT_DUPLICATE_CONSISTENT_LABEL
696,7f7d30644583994c9cb1e41bda04c9c114994db07a2b37ff9d5bbb7088024563,train,8754,2,Fear,2,True,private/train,Fear,EXACT_DUPLICATE_CONSISTENT_LABEL
696,7f7d30644583994c9cb1e41bda04c9c114994db07a2b37ff9d5bbb7088024563,private,1035,2,Fear,2,True,private/train,Fear,EXACT_DUPLICATE_CONSISTENT_LABEL
697,1cb06ec35b7a59bc1326a8c71b1d36be10dd29aa773b2d910845e216c57f3225,train,8771,2,Fear,2,False,train,Fear,EXACT_DUPLICATE_CONSISTENT_LABEL
697,1cb06ec35b7a59bc1326a8c71b1d36be10dd29aa773b2d910845e216c57f3225,train,11009,2,Fear,2,False,train,Fear,EXACT_DUPLICATE_CONSISTENT_LABEL
698,2aeb1e7b4d598237e6386fcc970e041b1d05ed3cc868b8ddee6daf9be06d4957,train,8774,3,Happy,2,False,train,Happy,EXACT_DUPLICATE_CONSISTENT_LABEL
698,2aeb1e7b4d598237e6386fcc970e041b1d05ed3cc868b8ddee6daf9be06d4957,train,9668,3,Happy,2,False,train,Happy,EXACT_DUPLICATE_CONSISTENT_LABEL
699,2af8d6f52e6916b126ff5102f80b0cc0d0e84295a8df7c1020800c5a9ca22bdd,train,8794,5,Surprise,2,False,train,Surprise,EXACT_DUPLICATE_CONSISTENT_LABEL
699,2af8d6f52e6916b126ff5102f80b0cc0d0e84295a8df7c1020800c5a9ca22bdd,train,17342,5,Surprise,2,False,train,Surprise,EXACT_DUPLICATE_CONSISTENT_LABEL
700,a940a1f77c01a53759e921fddabbb401248290fdeef7a036b1e7cf34b7162862,train,8832,6,Neutral,2,True,private/train,Neutral,EXACT_DUPLICATE_CONSISTENT_LABEL
700,a940a1f77c01a53759e921fddabbb401248290fdeef7a036b1e7cf34b7162862,private,1795,6,Neutral,2,True,private/train,Neutral,EXACT_DUPLICATE_CONSISTENT_LABEL
701,849aa92ae26701f0d3532fd7089165a2568efc01c6b04e26dcff243b55a54cea,train,8837,5,Surprise,2,False,train,Surprise,EXACT_DUPLICATE_CONSISTENT_LABEL
701,849aa92ae26701f0d3532fd7089165a2568efc01c6b04e26dcff243b55a54cea,train,22473,5,Surprise,2,False,train,Surprise,EXACT_DUPLICATE_CONSISTENT_LABEL
702,3015f592432c3677e930ec6a7c68e54f47e4962e19fb7e6f79999feb2e7f97f2,train,8847,3,Happy,2,False,train,Happy,EXACT_DUPLICATE_CONSISTENT_LABEL
702,3015f592432c3677e930ec6a7c68e54f47e4962e19fb7e6f79999feb2e7f97f2,train,11927,3,Happy,2,False,train,Happy,EXACT_DUPLICATE_CONSISTENT_LABEL
703,bd2ae47c9e86b28bcad1d225a52c78519e721aa227f21391d6fcaf06d42c498e,train,8864,3,Happy,2,True,public/train,Happy,EXACT_DUPLICATE_CONSISTENT_LABEL
703,bd2ae47c9e86b28bcad1d225a52c78519e721aa227f21391d6fcaf06d42c498e,public,3386,3,Happy,2,True,public/train,Happy,EXACT_DUPLICATE_CONSISTENT_LABEL
704,def588a8f7b77d1bcd23a35f5b88641d114d924cb6f745c78841aa437dca1d5e,train,8865,4,Sad,2,True,public/train,Sad,EXACT_DUPLICATE_CONSISTENT_LABEL
704,def588a8f7b77d1bcd23a35f5b88641d114d924cb6f745c78841aa437dca1d5e,public,2249,4,Sad,2,True,public/train,Sad,EXACT_DUPLICATE_CONSISTENT_LABEL
705,327220238895e13e67f9a8f332d5f264c95a66b78ac662429853dfa81f192570,train,8881,2,Fear,2,False,train,Fear,EXACT_DUPLICATE_CONSISTENT_LABEL
705,327220238895e13e67f9a8f332d5f264c95a66b78ac662429853dfa81f192570,train,22317,2,Fear,2,False,train,Fear,EXACT_DUPLICATE_CONSISTENT_LABEL
706,9a148a9e4c40a9565ee3947ccef6597bb4ba24f95b945e750d070a2d47edc3da,train,8893,1,Disgust,2,True,public/train,Disgust,EXACT_DUPLICATE_CONSISTENT_LABEL
706,9a148a9e4c40a9565ee3947ccef6597bb4ba24f95b945e750d070a2d47edc3da,public,2052,1,Disgust,2,True,public/train,Disgust,EXACT_DUPLICATE_CONSISTENT_LABEL
707,8cc4bbf53e8a54a43f0a0040eae957886fc0825d4e99cae301d41bbef01ba204,train,8897,0,Angry,2,False,train,Angry,EXACT_DUPLICATE_CONSISTENT_LABEL
707,8cc4bbf53e8a54a43f0a0040eae957886fc0825d4e99cae301d41bbef01ba204,train,11403,0,Angry,2,False,train,Angry,EXACT_DUPLICATE_CONSISTENT_LABEL
708,519f4990bf0cb464daa6c48114acac2a11bf3e51bfe30a1f78b0c737f05f4675,train,8950,5,Surprise,2,True,public/train,Surprise,EXACT_DUPLICATE_CONSISTENT_LABEL
708,519f4990bf0cb464daa6c48114acac2a11bf3e51bfe30a1f78b0c737f05f4675,public,824,5,Surprise,2,True,public/train,Surprise,EXACT_DUPLICATE_CONSISTENT_LABEL
709,8569d1e7297b6cb90f5ce056a11e496988a4429590590965a89d1c60eeb9aba9,train,8953,4,Sad,4,True,private/train,Sad,EXACT_DUPLICATE_CONSISTENT_LABEL
709,8569d1e7297b6cb90f5ce056a11e496988a4429590590965a89d1c60eeb9aba9,train,24473,4,Sad,4,True,private/train,Sad,EXACT_DUPLICATE_CONSISTENT_LABEL
709,8569d1e7297b6cb90f5ce056a11e496988a4429590590965a89d1c60eeb9aba9,train,26762,4,Sad,4,True,private/train,Sad,EXACT_DUPLICATE_CONSISTENT_LABEL
709,8569d1e7297b6cb90f5ce056a11e496988a4429590590965a89d1c60eeb9aba9,private,2075,4,Sad,4,True,private/train,Sad,EXACT_DUPLICATE_CONSISTENT_LABEL
710,9077331ebbf7fa0e94c2517d7d666a7c1b37edbcecd07b0486a9510038008597,train,8973,5,Surprise,2,True,public/train,Surprise,EXACT_DUPLICATE_CONSISTENT_LABEL
710,9077331ebbf7fa0e94c2517d7d666a7c1b37edbcecd07b0486a9510038008597,public,1916,5,Surprise,2,True,public/train,Surprise,EXACT_DUPLICATE_CONSISTENT_LABEL
711,723ccea0aa1523384b2f3cc66b49285729a26119bb545e131638974712a167f7,train,8979,5,Surprise,2,False,train,Surprise,EXACT_DUPLICATE_CONSISTENT_LABEL
711,723ccea0aa1523384b2f3cc66b49285729a26119bb545e131638974712a167f7,train,27071,5,Surprise,2,False,train,Surprise,EXACT_DUPLICATE_CONSISTENT_LABEL
712,506bac35f1050963e5142adea885d92744067838c0b86bb8fba3e264989a07c7,train,8980,6,Neutral,2,False,train,Neutral,EXACT_DUPLICATE_CONSISTENT_LABEL
712,506bac35f1050963e5142adea885d92744067838c0b86bb8fba3e264989a07c7,train,21333,6,Neutral,2,False,train,Neutral,EXACT_DUPLICATE_CONSISTENT_LABEL
713,7602f9348d1f94b10ec81d50cf938536701d962390593cea75a1749c8c6165ed,train,8997,4,Sad,2,False,train,Sad,EXACT_DUPLICATE_CONSISTENT_LABEL
713,7602f9348d1f94b10ec81d50cf938536701d962390593cea75a1749c8c6165ed,train,18242,4,Sad,2,False,train,Sad,EXACT_DUPLICATE_CONSISTENT_LABEL
714,a34252277aed9a3602c252dc602c28b763d74359cd4488e6e64e5d71224b64a1,train,9031,5,Surprise,3,True,private/train,Surprise,EXACT_DUPLICATE_CONSISTENT_LABEL
714,a34252277aed9a3602c252dc602c28b763d74359cd4488e6e64e5d71224b64a1,train,19980,5,Surprise,3,True,private/train,Surprise,EXACT_DUPLICATE_CONSISTENT_LABEL
714,a34252277aed9a3602c252dc602c28b763d74359cd4488e6e64e5d71224b64a1,private,2403,5,Surprise,3,True,private/train,Surprise,EXACT_DUPLICATE_CONSISTENT_LABEL
715,e17b5418506a14c5fe5435a9a5187f2529ab31f3acc913d0430d7236c7c7dcf3,train,9038,5,Surprise,2,False,train,Surprise,EXACT_DUPLICATE_CONSISTENT_LABEL
715,e17b5418506a14c5fe5435a9a5187f2529ab31f3acc913d0430d7236c7c7dcf3,train,21443,5,Surprise,2,False,train,Surprise,EXACT_DUPLICATE_CONSISTENT_LABEL
716,83d312749b8be8809d918f649acacfba1d0cc22422c3badb710a0e3c56dd1956,train,9039,6,Neutral,2,True,public/train,Neutral,EXACT_DUPLICATE_CONSISTENT_LABEL
716,83d312749b8be8809d918f649acacfba1d0cc22422c3badb710a0e3c56dd1956,public,2609,6,Neutral,2,True,public/train,Neutral,EXACT_DUPLICATE_CONSISTENT_LABEL
717,449d56ff02faf0b2f8ff6601b42c9df816eba5a675f469fdb1f350e1e98810ce,train,9049,2,Fear,3,False,train,Fear,EXACT_DUPLICATE_CONSISTENT_LABEL
717,449d56ff02faf0b2f8ff6601b42c9df816eba5a675f469fdb1f350e1e98810ce,train,13835,2,Fear,3,False,train,Fear,EXACT_DUPLICATE_CONSISTENT_LABEL
717,449d56ff02faf0b2f8ff6601b42c9df816eba5a675f469fdb1f350e1e98810ce,train,24338,2,Fear,3,False,train,Fear,EXACT_DUPLICATE_CONSISTENT_LABEL
718,f7c0e5555df26c3bee575a165f229f831983e8bc908e7d4b96c519d5b631c7b9,train,9100,0,Angry,2,False,train,Angry,EXACT_DUPLICATE_CONSISTENT_LABEL
718,f7c0e5555df26c3bee575a165f229f831983e8bc908e7d4b96c519d5b631c7b9,train,17926,0,Angry,2,False,train,Angry,EXACT_DUPLICATE_CONSISTENT_LABEL
719,cf1e4c6036cd14ed01c81b5fdaa346a33a3a30ea90c91358c2a28852d548a1dd,train,9101,2,Fear,2,False,train,Fear,EXACT_DUPLICATE_CONSISTENT_LABEL
719,cf1e4c6036cd14ed01c81b5fdaa346a33a3a30ea90c91358c2a28852d548a1dd,train,20284,2,Fear,2,False,train,Fear,EXACT_DUPLICATE_CONSISTENT_LABEL
720,9f109de1965095fac0f2d5f85be571549076ea811f17f5052551d21fa0001c15,train,9118,5,Surprise,2,False,train,Surprise,EXACT_DUPLICATE_CONSISTENT_LABEL
720,9f109de1965095fac0f2d5f85be571549076ea811f17f5052551d21fa0001c15,train,15773,5,Surprise,2,False,train,Surprise,EXACT_DUPLICATE_CONSISTENT_LABEL
721,a929cbf92c128d0065f9afdb52ed0d7eb52ea9b84d26c5c75ed07afd9e1ab935,train,9127,5,Surprise,2,False,train,Surprise,EXACT_DUPLICATE_CONSISTENT_LABEL
721,a929cbf92c128d0065f9afdb52ed0d7eb52ea9b84d26c5c75ed07afd9e1ab935,train,25441,5,Surprise,2,False,train,Surprise,EXACT_DUPLICATE_CONSISTENT_LABEL
722,f987f22f06e0ef80c587638006803446bd1f36fdaf312c21d7090709c6586ad6,train,9136,5,Surprise,2,True,public/train,Surprise,EXACT_DUPLICATE_CONSISTENT_LABEL
722,f987f22f06e0ef80c587638006803446bd1f36fdaf312c21d7090709c6586ad6,public,460,5,Surprise,2,True,public/train,Surprise,EXACT_DUPLICATE_CONSISTENT_LABEL
723,0bdc83c1282be84e96b3ccab2a566cf4900302ff142a5d876301a236ebe272c3,train,9145,1,Disgust,2,True,public/train,Disgust,EXACT_DUPLICATE_CONSISTENT_LABEL
723,0bdc83c1282be84e96b3ccab2a566cf4900302ff142a5d876301a236ebe272c3,public,2219,1,Disgust,2,True,public/train,Disgust,EXACT_DUPLICATE_CONSISTENT_LABEL
724,4c5ab1dacf0f5c94e6d46ee2a8d679eef821e3926bbc380ba6799456a68031ee,train,9146,3,Happy,2,True,private/train,Happy,EXACT_DUPLICATE_CONSISTENT_LABEL
724,4c5ab1dacf0f5c94e6d46ee2a8d679eef821e3926bbc380ba6799456a68031ee,private,3494,3,Happy,2,True,private/train,Happy,EXACT_DUPLICATE_CONSISTENT_LABEL
725,ed7573df3c5df5865d2f422916afdee70b3c779cec6eb0371110d45eb7621df2,train,9162,5,Surprise,3,True,public/train,Surprise,EXACT_DUPLICATE_CONSISTENT_LABEL
725,ed7573df3c5df5865d2f422916afdee70b3c779cec6eb0371110d45eb7621df2,train,21807,5,Surprise,3,True,public/train,Surprise,EXACT_DUPLICATE_CONSISTENT_LABEL
725,ed7573df3c5df5865d2f422916afdee70b3c779cec6eb0371110d45eb7621df2,public,487,5,Surprise,3,True,public/train,Surprise,EXACT_DUPLICATE_CONSISTENT_LABEL
726,278deefb06326c1871cc01d6fd5cd85704a0a7e190f90ee5268dc0034d708fa0,train,9164,5,Surprise,2,True,private/train,Surprise,EXACT_DUPLICATE_CONSISTENT_LABEL
726,278deefb06326c1871cc01d6fd5cd85704a0a7e190f90ee5268dc0034d708fa0,private,2659,5,Surprise,2,True,private/train,Surprise,EXACT_DUPLICATE_CONSISTENT_LABEL
727,cb0143cc53d7ec6fd03c11417b1e3cb9a80c2cec0ec8e9782f719865da4582b6,train,9176,0,Angry,2,False,train,Angry,EXACT_DUPLICATE_CONSISTENT_LABEL
727,cb0143cc53d7ec6fd03c11417b1e3cb9a80c2cec0ec8e9782f719865da4582b6,train,10548,0,Angry,2,False,train,Angry,EXACT_DUPLICATE_CONSISTENT_LABEL
728,aefae40866d8243934b05a3a944a0a1851341d4b0c5b95474b5137a2ded64c9d,train,9187,2,Fear,4,False,train,Fear,EXACT_DUPLICATE_CONSISTENT_LABEL
728,aefae40866d8243934b05a3a944a0a1851341d4b0c5b95474b5137a2ded64c9d,train,9205,2,Fear,4,False,train,Fear,EXACT_DUPLICATE_CONSISTENT_LABEL
728,aefae40866d8243934b05a3a944a0a1851341d4b0c5b95474b5137a2ded64c9d,train,18883,2,Fear,4,False,train,Fear,EXACT_DUPLICATE_CONSISTENT_LABEL
728,aefae40866d8243934b05a3a944a0a1851341d4b0c5b95474b5137a2ded64c9d,train,19828,2,Fear,4,False,train,Fear,EXACT_DUPLICATE_CONSISTENT_LABEL
729,2bfc8c3471dcc5ad3ddd58ef6d0569e4f6f46f840e255cb0849822cfd7d0bd03,train,9195,6,Neutral,3,False,train,Neutral,EXACT_DUPLICATE_CONSISTENT_LABEL
729,2bfc8c3471dcc5ad3ddd58ef6d0569e4f6f46f840e255cb0849822cfd7d0bd03,train,13347,6,Neutral,3,False,train,Neutral,EXACT_DUPLICATE_CONSISTENT_LABEL
729,2bfc8c3471dcc5ad3ddd58ef6d0569e4f6f46f840e255cb0849822cfd7d0bd03,train,21871,6,Neutral,3,False,train,Neutral,EXACT_DUPLICATE_CONSISTENT_LABEL
730,b287bc25dbe47871fa580705c8114953a553d5740a0c18d3417389db995ee97e,train,9196,0,Angry,3,False,train,Angry,EXACT_DUPLICATE_CONSISTENT_LABEL
730,b287bc25dbe47871fa580705c8114953a553d5740a0c18d3417389db995ee97e,train,17020,0,Angry,3,False,train,Angry,EXACT_DUPLICATE_CONSISTENT_LABEL
730,b287bc25dbe47871fa580705c8114953a553d5740a0c18d3417389db995ee97e,train,26964,0,Angry,3,False,train,Angry,EXACT_DUPLICATE_CONSISTENT_LABEL
731,e081135624d3d6c9540ce3b7b88fe05354daea298f0f2a716a4f24dcdb17ac73,train,9198,5,Surprise,2,True,private/train,Surprise,EXACT_DUPLICATE_CONSISTENT_LABEL
731,e081135624d3d6c9540ce3b7b88fe05354daea298f0f2a716a4f24dcdb17ac73,private,1298,5,Surprise,2,True,private/train,Surprise,EXACT_DUPLICATE_CONSISTENT_LABEL
732,2d72228a19e8441b42bf837642444ef042f88028c4bbc18dd2e9de925468a922,train,9248,3,Happy,3,True,public/train,Happy,EXACT_DUPLICATE_CONSISTENT_LABEL
732,2d72228a19e8441b42bf837642444ef042f88028c4bbc18dd2e9de925468a922,train,13570,3,Happy,3,True,public/train,Happy,EXACT_DUPLICATE_CONSISTENT_LABEL
732,2d72228a19e8441b42bf837642444ef042f88028c4bbc18dd2e9de925468a922,public,1878,3,Happy,3,True,public/train,Happy,EXACT_DUPLICATE_CONSISTENT_LABEL
733,77574108b4d58dbd839a0b0f25157c21b7d5208bdf004cf9f31764f70fa75841,train,9262,6,Neutral,2,True,public/train,Neutral,EXACT_DUPLICATE_CONSISTENT_LABEL
733,77574108b4d58dbd839a0b0f25157c21b7d5208bdf004cf9f31764f70fa75841,public,90,6,Neutral,2,True,public/train,Neutral,EXACT_DUPLICATE_CONSISTENT_LABEL
734,6b46031e321107ca497f15967ba2c3cb7d113b64740d077ff2ba0ab5f9cda654,train,9271,5,Surprise,2,False,train,Surprise,EXACT_DUPLICATE_CONSISTENT_LABEL
734,6b46031e321107ca497f15967ba2c3cb7d113b64740d077ff2ba0ab5f9cda654,train,20764,5,Surprise,2,False,train,Surprise,EXACT_DUPLICATE_CONSISTENT_LABEL
735,1ad9bfbedfce08793427ffef4f1bfca13be7fa232ff17b8ecdbb42c41e5845fb,train,9291,2,Fear,2,False,train,Fear,EXACT_DUPLICATE_CONSISTENT_LABEL
735,1ad9bfbedfce08793427ffef4f1bfca13be7fa232ff17b8ecdbb42c41e5845fb,train,18336,2,Fear,2,False,train,Fear,EXACT_DUPLICATE_CONSISTENT_LABEL
736,3e6a491e31deb82f5ee87119b9d496dd75e25457abe263a5a3d1526c3c686cfd,train,9318,3,Happy,2,False,train,Happy,EXACT_DUPLICATE_CONSISTENT_LABEL
736,3e6a491e31deb82f5ee87119b9d496dd75e25457abe263a5a3d1526c3c686cfd,train,23342,3,Happy,2,False,train,Happy,EXACT_DUPLICATE_CONSISTENT_LABEL
737,f3780859a32b2f77d191610400ef566879163a0ef84427208abea16b65ce71cb,train,9333,2,Fear,2,False,train,Fear,EXACT_DUPLICATE_CONSISTENT_LABEL
737,f3780859a32b2f77d191610400ef566879163a0ef84427208abea16b65ce71cb,train,15703,2,Fear,2,False,train,Fear,EXACT_DUPLICATE_CONSISTENT_LABEL
738,f5d160dd217b3f24d8bdec7a8d8f94b5433063682763620be281a1d5da2b00b0,train,9343,1,Disgust,2,False,train,Disgust,EXACT_DUPLICATE_CONSISTENT_LABEL
738,f5d160dd217b3f24d8bdec7a8d8f94b5433063682763620be281a1d5da2b00b0,train,10236,1,Disgust,2,False,train,Disgust,EXACT_DUPLICATE_CONSISTENT_LABEL
739,f947f5405d01569a69a0f03cea9aa08227910b2618d1bdc7dc77c226a58444c5,train,9358,3,Happy,2,False,train,Happy,EXACT_DUPLICATE_CONSISTENT_LABEL
739,f947f5405d01569a69a0f03cea9aa08227910b2618d1bdc7dc77c226a58444c5,train,16420,3,Happy,2,False,train,Happy,EXACT_DUPLICATE_CONSISTENT_LABEL
740,6d456cbc345e058e63a0b7e5f4084f480d384f4736a97db01eed580c799e057a,train,9367,5,Surprise,2,False,train,Surprise,EXACT_DUPLICATE_CONSISTENT_LABEL
740,6d456cbc345e058e63a0b7e5f4084f480d384f4736a97db01eed580c799e057a,train,16655,5,Surprise,2,False,train,Surprise,EXACT_DUPLICATE_CONSISTENT_LABEL
741,cf0710691ae001c2ba72b7a15aeae7891445ab6dda10f2a2b5b5d02b2fcec072,train,9384,5,Surprise,3,False,train,Surprise,EXACT_DUPLICATE_CONSISTENT_LABEL
741,cf0710691ae001c2ba72b7a15aeae7891445ab6dda10f2a2b5b5d02b2fcec072,train,15745,5,Surprise,3,False,train,Surprise,EXACT_DUPLICATE_CONSISTENT_LABEL
741,cf0710691ae001c2ba72b7a15aeae7891445ab6dda10f2a2b5b5d02b2fcec072,train,19594,5,Surprise,3,False,train,Surprise,EXACT_DUPLICATE_CONSISTENT_LABEL
742,ad384c486dbe9ff2e6a7dda5abf9720967e8c894a8407f806ec2cb659cd9693a,train,9476,3,Happy,2,True,private/train,Happy,EXACT_DUPLICATE_CONSISTENT_LABEL
742,ad384c486dbe9ff2e6a7dda5abf9720967e8c894a8407f806ec2cb659cd9693a,private,1243,3,Happy,2,True,private/train,Happy,EXACT_DUPLICATE_CONSISTENT_LABEL
743,077b0a77832c2c43ed37a6cd90f53ba971681cdb6f6d355cc411fa128c5cfe9b,train,9483,2,Fear,2,False,train,Fear,EXACT_DUPLICATE_CONSISTENT_LABEL
743,077b0a77832c2c43ed37a6cd90f53ba971681cdb6f6d355cc411fa128c5cfe9b,train,21572,2,Fear,2,False,train,Fear,EXACT_DUPLICATE_CONSISTENT_LABEL
744,f39f0fc5724c355fbee508248d4f1f362af537b7ee5152ad19f8d16dd55f6207,train,9565,0,Angry,2,False,train,Angry,EXACT_DUPLICATE_CONSISTENT_LABEL
744,f39f0fc5724c355fbee508248d4f1f362af537b7ee5152ad19f8d16dd55f6207,train,14945,0,Angry,2,False,train,Angry,EXACT_DUPLICATE_CONSISTENT_LABEL
745,4c626d19e90f92bb23aacdc753bab239ffec0cbfa0a65299f7804d042b20a47d,train,9590,4,Sad,2,False,train,Sad,EXACT_DUPLICATE_CONSISTENT_LABEL
745,4c626d19e90f92bb23aacdc753bab239ffec0cbfa0a65299f7804d042b20a47d,train,19486,4,Sad,2,False,train,Sad,EXACT_DUPLICATE_CONSISTENT_LABEL
746,992f3a92500bfcdb8ff5e75c82239aa620350eb792cd17c8ffcec312258aecec,train,9607,5,Surprise,2,False,train,Surprise,EXACT_DUPLICATE_CONSISTENT_LABEL
746,992f3a92500bfcdb8ff5e75c82239aa620350eb792cd17c8ffcec312258aecec,train,12529,5,Surprise,2,False,train,Surprise,EXACT_DUPLICATE_CONSISTENT_LABEL
747,3bb5132a5f245180384d3532c6949ee4de970ffac50c944e41908428e0a61747,train,9608,2,Fear,3,True,public/train,Fear,EXACT_DUPLICATE_CONSISTENT_LABEL
747,3bb5132a5f245180384d3532c6949ee4de970ffac50c944e41908428e0a61747,train,22076,2,Fear,3,True,public/train,Fear,EXACT_DUPLICATE_CONSISTENT_LABEL
747,3bb5132a5f245180384d3532c6949ee4de970ffac50c944e41908428e0a61747,public,1320,2,Fear,3,True,public/train,Fear,EXACT_DUPLICATE_CONSISTENT_LABEL
748,23c93b56984a45b2f654f0cd00a699b508d9280f2b2bd1bdc51e77d23d9643e5,train,9612,1,Disgust,2,False,train,Disgust,EXACT_DUPLICATE_CONSISTENT_LABEL
748,23c93b56984a45b2f654f0cd00a699b508d9280f2b2bd1bdc51e77d23d9643e5,train,16452,1,Disgust,2,False,train,Disgust,EXACT_DUPLICATE_CONSISTENT_LABEL
749,acba5bf5b4895d34d4241e22c8152e035c4f92dc120aa5aea65f8d1b3b788d3b,train,9629,5,Surprise,2,False,train,Surprise,EXACT_DUPLICATE_CONSISTENT_LABEL
749,acba5bf5b4895d34d4241e22c8152e035c4f92dc120aa5aea65f8d1b3b788d3b,train,13080,5,Surprise,2,False,train,Surprise,EXACT_DUPLICATE_CONSISTENT_LABEL
750,5a73040c78583b09533df0f0a7d44dd62899b7ca961486985f0b241380b34699,train,9650,5,Surprise,3,True,private/train,Surprise,EXACT_DUPLICATE_CONSISTENT_LABEL
750,5a73040c78583b09533df0f0a7d44dd62899b7ca961486985f0b241380b34699,train,24553,5,Surprise,3,True,private/train,Surprise,EXACT_DUPLICATE_CONSISTENT_LABEL
750,5a73040c78583b09533df0f0a7d44dd62899b7ca961486985f0b241380b34699,private,1436,5,Surprise,3,True,private/train,Surprise,EXACT_DUPLICATE_CONSISTENT_LABEL
751,e0c9addcda075f973712c48a33ab80a1b05c053053639fb91c24691408fd41c9,train,9654,1,Disgust,4,True,private/train,Disgust,EXACT_DUPLICATE_CONSISTENT_LABEL
751,e0c9addcda075f973712c48a33ab80a1b05c053053639fb91c24691408fd41c9,train,25329,1,Disgust,4,True,private/train,Disgust,EXACT_DUPLICATE_CONSISTENT_LABEL
751,e0c9addcda075f973712c48a33ab80a1b05c053053639fb91c24691408fd41c9,train,27771,1,Disgust,4,True,private/train,Disgust,EXACT_DUPLICATE_CONSISTENT_LABEL
751,e0c9addcda075f973712c48a33ab80a1b05c053053639fb91c24691408fd41c9,private,1263,1,Disgust,4,True,private/train,Disgust,EXACT_DUPLICATE_CONSISTENT_LABEL
752,15b6c9e75d730ac628fd7a20b4ffc9c496a714b618ea6a6e18a7dbd28e331cc4,train,9680,5,Surprise,2,False,train,Surprise,EXACT_DUPLICATE_CONSISTENT_LABEL
752,15b6c9e75d730ac628fd7a20b4ffc9c496a714b618ea6a6e18a7dbd28e331cc4,train,25571,5,Surprise,2,False,train,Surprise,EXACT_DUPLICATE_CONSISTENT_LABEL
753,53bfa1cf5c7a84f6c317ec03fd4c481308cd0a9b37e6ac347f01fa7cb8f71136,train,9695,1,Disgust,2,False,train,Disgust,EXACT_DUPLICATE_CONSISTENT_LABEL
753,53bfa1cf5c7a84f6c317ec03fd4c481308cd0a9b37e6ac347f01fa7cb8f71136,train,16517,1,Disgust,2,False,train,Disgust,EXACT_DUPLICATE_CONSISTENT_LABEL
754,b1f2d1bdc8048c35dd2fd882d1f1fe2d08cd06edf7c36772e4ef049a55ca98b7,train,9733,1,Disgust,2,False,train,Disgust,EXACT_DUPLICATE_CONSISTENT_LABEL
754,b1f2d1bdc8048c35dd2fd882d1f1fe2d08cd06edf7c36772e4ef049a55ca98b7,train,11250,1,Disgust,2,False,train,Disgust,EXACT_DUPLICATE_CONSISTENT_LABEL
755,c4f9d504b2abd313b5b1bb67f5de0bec1e383020b8b8bc1b0662d77157c0781a,train,9771,0,Angry,2,False,train,Angry,EXACT_DUPLICATE_CONSISTENT_LABEL
755,c4f9d504b2abd313b5b1bb67f5de0bec1e383020b8b8bc1b0662d77157c0781a,train,23059,0,Angry,2,False,train,Angry,EXACT_DUPLICATE_CONSISTENT_LABEL
756,86441c72cceaa2c91047b2eb877bf16b018c3704709797ec16b2ffdd9d259d39,train,9787,5,Surprise,2,False,train,Surprise,EXACT_DUPLICATE_CONSISTENT_LABEL
756,86441c72cceaa2c91047b2eb877bf16b018c3704709797ec16b2ffdd9d259d39,train,23806,5,Surprise,2,False,train,Surprise,EXACT_DUPLICATE_CONSISTENT_LABEL
757,8421e8e9be2c1d1184d73cd102218576538357e6c744445548235612c803c040,train,9789,5,Surprise,2,False,train,Surprise,EXACT_DUPLICATE_CONSISTENT_LABEL
757,8421e8e9be2c1d1184d73cd102218576538357e6c744445548235612c803c040,train,25816,5,Surprise,2,False,train,Surprise,EXACT_DUPLICATE_CONSISTENT_LABEL
758,eaf8d88ac85db680edc6b167800f2fe91aeb3ca2f8eb9c2f2ff993b861540b2a,train,9801,5,Surprise,2,False,train,Surprise,EXACT_DUPLICATE_CONSISTENT_LABEL
758,eaf8d88ac85db680edc6b167800f2fe91aeb3ca2f8eb9c2f2ff993b861540b2a,train,22947,5,Surprise,2,False,train,Surprise,EXACT_DUPLICATE_CONSISTENT_LABEL
759,b43c99a761c7fa870c5f7e86f256b181c0fed52864903002bfa407e5703e9742,train,9806,5,Surprise,2,False,train,Surprise,EXACT_DUPLICATE_CONSISTENT_LABEL
759,b43c99a761c7fa870c5f7e86f256b181c0fed52864903002bfa407e5703e9742,train,24268,5,Surprise,2,False,train,Surprise,EXACT_DUPLICATE_CONSISTENT_LABEL
760,5f494a74bf733235373456b47ad4fe13a124d61530d770b6e25ecc619885726e,train,9820,2,Fear,2,True,public/train,Fear,EXACT_DUPLICATE_CONSISTENT_LABEL
760,5f494a74bf733235373456b47ad4fe13a124d61530d770b6e25ecc619885726e,public,375,2,Fear,2,True,public/train,Fear,EXACT_DUPLICATE_CONSISTENT_LABEL
761,76f1fe38ea2b6d8ad516eff9fd073b69dbd2d730817c3af722d258a1f4f48628,train,9859,5,Surprise,3,False,train,Surprise,EXACT_DUPLICATE_CONSISTENT_LABEL
761,76f1fe38ea2b6d8ad516eff9fd073b69dbd2d730817c3af722d258a1f4f48628,train,24107,5,Surprise,3,False,train,Surprise,EXACT_DUPLICATE_CONSISTENT_LABEL
761,76f1fe38ea2b6d8ad516eff9fd073b69dbd2d730817c3af722d258a1f4f48628,train,26452,5,Surprise,3,False,train,Surprise,EXACT_DUPLICATE_CONSISTENT_LABEL
762,3cabd6260c8ff6df37fc5c268eba3a05ec671eb6315fb0d04e46eddcb383d60a,train,9888,2,Fear,2,True,private/train,Fear,EXACT_DUPLICATE_CONSISTENT_LABEL
762,3cabd6260c8ff6df37fc5c268eba3a05ec671eb6315fb0d04e46eddcb383d60a,private,814,2,Fear,2,True,private/train,Fear,EXACT_DUPLICATE_CONSISTENT_LABEL
763,f2052a1a9ec6a5fbb3acd57e99d38da36a05bcb394186432c78d5cecb9cc8bd5,train,9908,5,Surprise,2,False,train,Surprise,EXACT_DUPLICATE_CONSISTENT_LABEL
763,f2052a1a9ec6a5fbb3acd57e99d38da36a05bcb394186432c78d5cecb9cc8bd5,train,22771,5,Surprise,2,False,train,Surprise,EXACT_DUPLICATE_CONSISTENT_LABEL
764,7606a22fafa8ad0b5bf15561b58d4f639ce54f5182f6eaacdb501420672b76b4,train,9910,3,Happy,2,False,train,Happy,EXACT_DUPLICATE_CONSISTENT_LABEL
764,7606a22fafa8ad0b5bf15561b58d4f639ce54f5182f6eaacdb501420672b76b4,train,20862,3,Happy,2,False,train,Happy,EXACT_DUPLICATE_CONSISTENT_LABEL
765,aa828458693e99defbf3540f8f42e8fed8452ef411c4104a1df7920efa047875,train,9911,0,Angry,2,True,private/train,Angry,EXACT_DUPLICATE_CONSISTENT_LABEL
765,aa828458693e99defbf3540f8f42e8fed8452ef411c4104a1df7920efa047875,private,113,0,Angry,2,True,private/train,Angry,EXACT_DUPLICATE_CONSISTENT_LABEL
766,32678a3f50dd3351946407247c419543415a3c8198186d369ac153a0d4448135,train,9918,5,Surprise,2,False,train,Surprise,EXACT_DUPLICATE_CONSISTENT_LABEL
766,32678a3f50dd3351946407247c419543415a3c8198186d369ac153a0d4448135,train,17027,5,Surprise,2,False,train,Surprise,EXACT_DUPLICATE_CONSISTENT_LABEL
767,bd4a8c0f8f04234ea94ddcd8fdac225ddb1f1a1eee2e150f79dadde34ed6bbc6,train,9942,5,Surprise,3,True,private/train,Surprise,EXACT_DUPLICATE_CONSISTENT_LABEL
767,bd4a8c0f8f04234ea94ddcd8fdac225ddb1f1a1eee2e150f79dadde34ed6bbc6,train,28229,5,Surprise,3,True,private/train,Surprise,EXACT_DUPLICATE_CONSISTENT_LABEL
767,bd4a8c0f8f04234ea94ddcd8fdac225ddb1f1a1eee2e150f79dadde34ed6bbc6,private,1718,5,Surprise,3,True,private/train,Surprise,EXACT_DUPLICATE_CONSISTENT_LABEL
768,a4ade7758e139101d0b3ef86ab1fa649ab5ce6c62ab28eb5f01694c36b7bcdc2,train,9949,5,Surprise,2,False,train,Surprise,EXACT_DUPLICATE_CONSISTENT_LABEL
768,a4ade7758e139101d0b3ef86ab1fa649ab5ce6c62ab28eb5f01694c36b7bcdc2,train,16620,5,Surprise,2,False,train,Surprise,EXACT_DUPLICATE_CONSISTENT_LABEL
769,76def69d1eddc64fc1b55db7718c470b8f45ebc09391de2849a0f3d92432e380,train,9961,5,Surprise,2,False,train,Surprise,EXACT_DUPLICATE_CONSISTENT_LABEL
769,76def69d1eddc64fc1b55db7718c470b8f45ebc09391de2849a0f3d92432e380,train,20786,5,Surprise,2,False,train,Surprise,EXACT_DUPLICATE_CONSISTENT_LABEL
770,11b23618c3de7b6c2aca50869f2b746dc5422ad385a007a53dd311892f269d97,train,9969,5,Surprise,2,True,public/train,Surprise,EXACT_DUPLICATE_CONSISTENT_LABEL
770,11b23618c3de7b6c2aca50869f2b746dc5422ad385a007a53dd311892f269d97,public,182,5,Surprise,2,True,public/train,Surprise,EXACT_DUPLICATE_CONSISTENT_LABEL
771,7645b68b526ff102cc2f96ffb8b1457af43b036c7d25091a4af784ec3778183d,train,9985,5,Surprise,2,True,private/train,Surprise,EXACT_DUPLICATE_CONSISTENT_LABEL
771,7645b68b526ff102cc2f96ffb8b1457af43b036c7d25091a4af784ec3778183d,private,2692,5,Surprise,2,True,private/train,Surprise,EXACT_DUPLICATE_CONSISTENT_LABEL
772,ffe42d8cdef50a60a051d9deb4dbdd926983ed37d2e1f6137827d334aba4fe11,train,9992,5,Surprise,2,True,private/train,Surprise,EXACT_DUPLICATE_CONSISTENT_LABEL
772,ffe42d8cdef50a60a051d9deb4dbdd926983ed37d2e1f6137827d334aba4fe11,private,3089,5,Surprise,2,True,private/train,Surprise,EXACT_DUPLICATE_CONSISTENT_LABEL
773,c818fd3b3f11ea44c53362150c19f7231ecb20f57b6b34762d5abd6efe8a01b1,train,9996,5,Surprise,4,True,private/public/train,Surprise,EXACT_DUPLICATE_CONSISTENT_LABEL
773,c818fd3b3f11ea44c53362150c19f7231ecb20f57b6b34762d5abd6efe8a01b1,train,19786,5,Surprise,4,True,private/public/train,Surprise,EXACT_DUPLICATE_CONSISTENT_LABEL
773,c818fd3b3f11ea44c53362150c19f7231ecb20f57b6b34762d5abd6efe8a01b1,public,1809,5,Surprise,4,True,private/public/train,Surprise,EXACT_DUPLICATE_CONSISTENT_LABEL
773,c818fd3b3f11ea44c53362150c19f7231ecb20f57b6b34762d5abd6efe8a01b1,private,2349,5,Surprise,4,True,private/public/train,Surprise,EXACT_DUPLICATE_CONSISTENT_LABEL
774,2a89b8a823f8fc3ccf5154790ad633ce2d51603babb5300d47275c0aa0d2c410,train,9998,6,Neutral,2,False,train,Neutral,EXACT_DUPLICATE_CONSISTENT_LABEL
774,2a89b8a823f8fc3ccf5154790ad633ce2d51603babb5300d47275c0aa0d2c410,train,22564,6,Neutral,2,False,train,Neutral,EXACT_DUPLICATE_CONSISTENT_LABEL
775,5957118b3c936bf9e760a13aac575ab80fc0e611a23382570d5516e52a9639c4,train,10001,3,Happy,2,False,train,Happy,EXACT_DUPLICATE_CONSISTENT_LABEL
775,5957118b3c936bf9e760a13aac575ab80fc0e611a23382570d5516e52a9639c4,train,16455,3,Happy,2,False,train,Happy,EXACT_DUPLICATE_CONSISTENT_LABEL
776,5b5c495a091fbba79c6a40f6af8ea1ed690da123cb01a8aa258b36e1bcb92c13,train,10007,5,Surprise,2,False,train,Surprise,EXACT_DUPLICATE_CONSISTENT_LABEL
776,5b5c495a091fbba79c6a40f6af8ea1ed690da123cb01a8aa258b36e1bcb92c13,train,23228,5,Surprise,2,False,train,Surprise,EXACT_DUPLICATE_CONSISTENT_LABEL
777,3b6408acd2b18a8a12f4bfab4b012bbc5ef3cb04d624bfbf9ea8b5a7672dc9de,train,10015,2,Fear,5,True,private/public/train,Fear/Surprise,EXACT_DUPLICATE_CONFLICTING_LABEL
777,3b6408acd2b18a8a12f4bfab4b012bbc5ef3cb04d624bfbf9ea8b5a7672dc9de,train,14535,5,Surprise,5,True,private/public/train,Fear/Surprise,EXACT_DUPLICATE_CONFLICTING_LABEL
777,3b6408acd2b18a8a12f4bfab4b012bbc5ef3cb04d624bfbf9ea8b5a7672dc9de,train,17307,2,Fear,5,True,private/public/train,Fear/Surprise,EXACT_DUPLICATE_CONFLICTING_LABEL
777,3b6408acd2b18a8a12f4bfab4b012bbc5ef3cb04d624bfbf9ea8b5a7672dc9de,public,3456,5,Surprise,5,True,private/public/train,Fear/Surprise,EXACT_DUPLICATE_CONFLICTING_LABEL
777,3b6408acd2b18a8a12f4bfab4b012bbc5ef3cb04d624bfbf9ea8b5a7672dc9de,private,1132,5,Surprise,5,True,private/public/train,Fear/Surprise,EXACT_DUPLICATE_CONFLICTING_LABEL
778,750053449432f28228a065604a8931cb0f8320609f27fa463b3a52cdf7fa0571,train,10016,0,Angry,2,True,public/train,Angry,EXACT_DUPLICATE_CONSISTENT_LABEL
778,750053449432f28228a065604a8931cb0f8320609f27fa463b3a52cdf7fa0571,public,554,0,Angry,2,True,public/train,Angry,EXACT_DUPLICATE_CONSISTENT_LABEL
779,2916764092a3ce64c746e41feb2ff0b02c4974af0cc66a3b28ba0e9fa4036714,train,10063,0,Angry,5,True,private/public/train,Angry,EXACT_DUPLICATE_CONSISTENT_LABEL
779,2916764092a3ce64c746e41feb2ff0b02c4974af0cc66a3b28ba0e9fa4036714,train,21310,0,Angry,5,True,private/public/train,Angry,EXACT_DUPLICATE_CONSISTENT_LABEL
779,2916764092a3ce64c746e41feb2ff0b02c4974af0cc66a3b28ba0e9fa4036714,train,25288,0,Angry,5,True,private/public/train,Angry,EXACT_DUPLICATE_CONSISTENT_LABEL
779,2916764092a3ce64c746e41feb2ff0b02c4974af0cc66a3b28ba0e9fa4036714,public,1079,0,Angry,5,True,private/public/train,Angry,EXACT_DUPLICATE_CONSISTENT_LABEL
779,2916764092a3ce64c746e41feb2ff0b02c4974af0cc66a3b28ba0e9fa4036714,private,2322,0,Angry,5,True,private/public/train,Angry,EXACT_DUPLICATE_CONSISTENT_LABEL
780,cf18c9bcda537c69a0c8da5d8ae0b6e43c681cdfb3f206ab9fa70f7d26bea254,train,10112,1,Disgust,3,True,public/train,Disgust,EXACT_DUPLICATE_CONSISTENT_LABEL
780,cf18c9bcda537c69a0c8da5d8ae0b6e43c681cdfb3f206ab9fa70f7d26bea254,train,21668,1,Disgust,3,True,public/train,Disgust,EXACT_DUPLICATE_CONSISTENT_LABEL
780,cf18c9bcda537c69a0c8da5d8ae0b6e43c681cdfb3f206ab9fa70f7d26bea254,public,2119,1,Disgust,3,True,public/train,Disgust,EXACT_DUPLICATE_CONSISTENT_LABEL
781,183ff1b8c2e5599bdae736155015ee6f59b6c6e795fde28b5f3ff25786061243,train,10172,4,Sad,2,True,public/train,Sad,EXACT_DUPLICATE_CONSISTENT_LABEL
781,183ff1b8c2e5599bdae736155015ee6f59b6c6e795fde28b5f3ff25786061243,public,2830,4,Sad,2,True,public/train,Sad,EXACT_DUPLICATE_CONSISTENT_LABEL
782,02d9b9966364f596609d5fc818e7ac97f128fd0229ab8c575355f8758fb25fb9,train,10185,5,Surprise,3,True,private/train,Surprise,EXACT_DUPLICATE_CONSISTENT_LABEL
782,02d9b9966364f596609d5fc818e7ac97f128fd0229ab8c575355f8758fb25fb9,train,10556,5,Surprise,3,True,private/train,Surprise,EXACT_DUPLICATE_CONSISTENT_LABEL
782,02d9b9966364f596609d5fc818e7ac97f128fd0229ab8c575355f8758fb25fb9,private,1131,5,Surprise,3,True,private/train,Surprise,EXACT_DUPLICATE_CONSISTENT_LABEL
783,6731f36dc802f28bb5740d6432b4c04c4a957acf6a6733c00e71ef58d8638c72,train,10207,0,Angry,2,True,private/train,Angry,EXACT_DUPLICATE_CONSISTENT_LABEL
783,6731f36dc802f28bb5740d6432b4c04c4a957acf6a6733c00e71ef58d8638c72,private,3321,0,Angry,2,True,private/train,Angry,EXACT_DUPLICATE_CONSISTENT_LABEL
784,ee5b78ec02a07bcfa558393e28ced004e2b6f792b52dda28d8e2e775238eb382,train,10249,5,Surprise,3,True,public/train,Surprise,EXACT_DUPLICATE_CONSISTENT_LABEL
784,ee5b78ec02a07bcfa558393e28ced004e2b6f792b52dda28d8e2e775238eb382,public,76,5,Surprise,3,True,public/train,Surprise,EXACT_DUPLICATE_CONSISTENT_LABEL
784,ee5b78ec02a07bcfa558393e28ced004e2b6f792b52dda28d8e2e775238eb382,public,3252,5,Surprise,3,True,public/train,Surprise,EXACT_DUPLICATE_CONSISTENT_LABEL
785,d2f781e17853a554ba5417865ebf21a5cac8e98024fef3167296fc2f02f4b726,train,10259,5,Surprise,2,False,train,Surprise,EXACT_DUPLICATE_CONSISTENT_LABEL
785,d2f781e17853a554ba5417865ebf21a5cac8e98024fef3167296fc2f02f4b726,train,10579,5,Surprise,2,False,train,Surprise,EXACT_DUPLICATE_CONSISTENT_LABEL
786,8419d83f620e5a54aed649085016675e46945db6106bc357ddd2fa43faa217b3,train,10268,5,Surprise,3,False,train,Surprise,EXACT_DUPLICATE_CONSISTENT_LABEL
786,8419d83f620e5a54aed649085016675e46945db6106bc357ddd2fa43faa217b3,train,15802,5,Surprise,3,False,train,Surprise,EXACT_DUPLICATE_CONSISTENT_LABEL
786,8419d83f620e5a54aed649085016675e46945db6106bc357ddd2fa43faa217b3,train,17161,5,Surprise,3,False,train,Surprise,EXACT_DUPLICATE_CONSISTENT_LABEL
787,6bfe83504384752aa4e51c437200b9cdcc03a77bd67d4b28419656a8945a7a2a,train,10289,4,Sad,2,False,train,Sad,EXACT_DUPLICATE_CONSISTENT_LABEL
787,6bfe83504384752aa4e51c437200b9cdcc03a77bd67d4b28419656a8945a7a2a,train,20104,4,Sad,2,False,train,Sad,EXACT_DUPLICATE_CONSISTENT_LABEL
788,1e892926fc5c2db86e0224c196d0aaf43041872decc220a58ee574d36cbe5b7a,train,10299,2,Fear,2,False,train,Fear,EXACT_DUPLICATE_CONSISTENT_LABEL
788,1e892926fc5c2db86e0224c196d0aaf43041872decc220a58ee574d36cbe5b7a,train,24035,2,Fear,2,False,train,Fear,EXACT_DUPLICATE_CONSISTENT_LABEL
789,1de10bba9228b879fe1b3d3807beadd69090eca6602771eca012a51173e9975e,train,10311,4,Sad,2,False,train,Angry/Sad,EXACT_DUPLICATE_CONFLICTING_LABEL
789,1de10bba9228b879fe1b3d3807beadd69090eca6602771eca012a51173e9975e,train,24437,0,Angry,2,False,train,Angry/Sad,EXACT_DUPLICATE_CONFLICTING_LABEL
790,c52ea937d203aa177f02daccd98b95099028f5b784a9b03f140be5a3e3a13496,train,10319,2,Fear,2,False,train,Fear,EXACT_DUPLICATE_CONSISTENT_LABEL
790,c52ea937d203aa177f02daccd98b95099028f5b784a9b03f140be5a3e3a13496,train,14621,2,Fear,2,False,train,Fear,EXACT_DUPLICATE_CONSISTENT_LABEL
791,9181d8d73ed7940195f8e58efd345eda45383f54bf5764255e2b06e50716010a,train,10323,6,Neutral,2,False,train,Neutral,EXACT_DUPLICATE_CONSISTENT_LABEL
791,9181d8d73ed7940195f8e58efd345eda45383f54bf5764255e2b06e50716010a,train,13994,6,Neutral,2,False,train,Neutral,EXACT_DUPLICATE_CONSISTENT_LABEL
792,d1e1cd81fb82717167fa23706f9a3972ced97fffc85e65de4e9d24b19445af45,train,10324,2,Fear,2,False,train,Fear,EXACT_DUPLICATE_CONSISTENT_LABEL
792,d1e1cd81fb82717167fa23706f9a3972ced97fffc85e65de4e9d24b19445af45,train,20668,2,Fear,2,False,train,Fear,EXACT_DUPLICATE_CONSISTENT_LABEL
793,f1f83caef1d180a97d6f23debecdb02edf9ef7088bfefafc30aa8f13fa317cec,train,10351,3,Happy,2,False,train,Happy,EXACT_DUPLICATE_CONSISTENT_LABEL
793,f1f83caef1d180a97d6f23debecdb02edf9ef7088bfefafc30aa8f13fa317cec,train,20025,3,Happy,2,False,train,Happy,EXACT_DUPLICATE_CONSISTENT_LABEL
794,a665319fd3a7179d85a1040316f5cd148c3560c5cb692f6389244d351480d78b,train,10357,5,Surprise,2,False,train,Surprise,EXACT_DUPLICATE_CONSISTENT_LABEL
794,a665319fd3a7179d85a1040316f5cd148c3560c5cb692f6389244d351480d78b,train,24892,5,Surprise,2,False,train,Surprise,EXACT_DUPLICATE_CONSISTENT_LABEL
795,2cebd7309c7a7b1e0da3a3c8166db63f2d962c4571bc345a12944b0e9ee0875a,train,10395,5,Surprise,3,True,private/train,Surprise,EXACT_DUPLICATE_CONSISTENT_LABEL
795,2cebd7309c7a7b1e0da3a3c8166db63f2d962c4571bc345a12944b0e9ee0875a,train,23751,5,Surprise,3,True,private/train,Surprise,EXACT_DUPLICATE_CONSISTENT_LABEL
795,2cebd7309c7a7b1e0da3a3c8166db63f2d962c4571bc345a12944b0e9ee0875a,private,3390,5,Surprise,3,True,private/train,Surprise,EXACT_DUPLICATE_CONSISTENT_LABEL
796,64c08d6355ba0162f8dc994e41bce513954e829f4f0fe7cebea9bef3c3ae1fd5,train,10410,5,Surprise,2,True,public/train,Surprise,EXACT_DUPLICATE_CONSISTENT_LABEL
796,64c08d6355ba0162f8dc994e41bce513954e829f4f0fe7cebea9bef3c3ae1fd5,public,1534,5,Surprise,2,True,public/train,Surprise,EXACT_DUPLICATE_CONSISTENT_LABEL
797,54b05e87b8d03f383cf2bc2e4bbfb99ca96efb6895ae901ec5125d4131d56017,train,10411,5,Surprise,2,False,train,Surprise,EXACT_DUPLICATE_CONSISTENT_LABEL
797,54b05e87b8d03f383cf2bc2e4bbfb99ca96efb6895ae901ec5125d4131d56017,train,26029,5,Surprise,2,False,train,Surprise,EXACT_DUPLICATE_CONSISTENT_LABEL
798,af5a00b7597c8826571b12801741bdf43672ba341336f4c6a103ac4fb5906b08,train,10414,1,Disgust,2,False,train,Disgust,EXACT_DUPLICATE_CONSISTENT_LABEL
798,af5a00b7597c8826571b12801741bdf43672ba341336f4c6a103ac4fb5906b08,train,14067,1,Disgust,2,False,train,Disgust,EXACT_DUPLICATE_CONSISTENT_LABEL
799,7a0aee29ac59d1947a293abeba7b500d2a95ed6d04789a7e02da9fce6e7b0443,train,10416,4,Sad,2,True,private/train,Sad,EXACT_DUPLICATE_CONSISTENT_LABEL
799,7a0aee29ac59d1947a293abeba7b500d2a95ed6d04789a7e02da9fce6e7b0443,private,1480,4,Sad,2,True,private/train,Sad,EXACT_DUPLICATE_CONSISTENT_LABEL
800,8fc1580b0c6774ba8a6e5d99e5804b36ec413b562056d859c97e2f7786b658bc,train,10438,3,Happy,2,False,train,Happy,EXACT_DUPLICATE_CONSISTENT_LABEL
800,8fc1580b0c6774ba8a6e5d99e5804b36ec413b562056d859c97e2f7786b658bc,train,28336,3,Happy,2,False,train,Happy,EXACT_DUPLICATE_CONSISTENT_LABEL
801,d2ca20700a76ffbcff6bce96c7fb83d77dac2b35d7fe7884a6d7db71b5de2b48,train,10463,2,Fear,2,True,private/train,Fear,EXACT_DUPLICATE_CONSISTENT_LABEL
801,d2ca20700a76ffbcff6bce96c7fb83d77dac2b35d7fe7884a6d7db71b5de2b48,private,501,2,Fear,2,True,private/train,Fear,EXACT_DUPLICATE_CONSISTENT_LABEL
802,6d05f04f98c998eda490657429c8cf00883b751723d1526b0cee9d655c660bb7,train,10476,2,Fear,2,True,public/train,Fear,EXACT_DUPLICATE_CONSISTENT_LABEL
802,6d05f04f98c998eda490657429c8cf00883b751723d1526b0cee9d655c660bb7,public,1367,2,Fear,2,True,public/train,Fear,EXACT_DUPLICATE_CONSISTENT_LABEL
803,2ec4c1782b5ccc60692413eaf191480381ed5eb0069237e4e4169dbc7da9ad6d,train,10487,4,Sad,2,True,public/train,Sad,EXACT_DUPLICATE_CONSISTENT_LABEL
803,2ec4c1782b5ccc60692413eaf191480381ed5eb0069237e4e4169dbc7da9ad6d,public,479,4,Sad,2,True,public/train,Sad,EXACT_DUPLICATE_CONSISTENT_LABEL
804,dc924a5f4315e91507d2de59db5e06a00c23a32aeee02487d97d3ca9ecaa1279,train,10490,0,Angry,2,True,private/train,Angry,EXACT_DUPLICATE_CONSISTENT_LABEL
804,dc924a5f4315e91507d2de59db5e06a00c23a32aeee02487d97d3ca9ecaa1279,private,2325,0,Angry,2,True,private/train,Angry,EXACT_DUPLICATE_CONSISTENT_LABEL
805,be8ed349e386f6033900add13d4793feaf89bff1bdc6778e9f410144092d91a3,train,10505,5,Surprise,2,False,train,Surprise,EXACT_DUPLICATE_CONSISTENT_LABEL
805,be8ed349e386f6033900add13d4793feaf89bff1bdc6778e9f410144092d91a3,train,19691,5,Surprise,2,False,train,Surprise,EXACT_DUPLICATE_CONSISTENT_LABEL
806,fbedbfa23e8eecfd41e0ed1b9e14e7913a42fd71940f181f17d2f646e5372372,train,10512,6,Neutral,2,False,train,Neutral,EXACT_DUPLICATE_CONSISTENT_LABEL
806,fbedbfa23e8eecfd41e0ed1b9e14e7913a42fd71940f181f17d2f646e5372372,train,26971,6,Neutral,2,False,train,Neutral,EXACT_DUPLICATE_CONSISTENT_LABEL
807,98b495c1205f08115cab8108c41f8226e280e7cb4657240823aa9a75c5fca50d,train,10523,6,Neutral,2,True,public/train,Neutral,EXACT_DUPLICATE_CONSISTENT_LABEL
807,98b495c1205f08115cab8108c41f8226e280e7cb4657240823aa9a75c5fca50d,public,3381,6,Neutral,2,True,public/train,Neutral,EXACT_DUPLICATE_CONSISTENT_LABEL
808,fea41d97990ab8ed1fd9a92065c2ec2a4dd400fd1e261f6e51f092ee0a8a77f3,train,10546,4,Sad,2,False,train,Sad,EXACT_DUPLICATE_CONSISTENT_LABEL
808,fea41d97990ab8ed1fd9a92065c2ec2a4dd400fd1e261f6e51f092ee0a8a77f3,train,19909,4,Sad,2,False,train,Sad,EXACT_DUPLICATE_CONSISTENT_LABEL
809,d315c60d0c4dce4e09654f9ee8b39d37ec0577d120be8f4c240a8b96cb0d49fe,train,10575,5,Surprise,2,False,train,Surprise,EXACT_DUPLICATE_CONSISTENT_LABEL
809,d315c60d0c4dce4e09654f9ee8b39d37ec0577d120be8f4c240a8b96cb0d49fe,train,19777,5,Surprise,2,False,train,Surprise,EXACT_DUPLICATE_CONSISTENT_LABEL
810,80df3e4b6173f83c05efcbec1e8f342f72f09defd88ae62ca7ade87ce65e0428,train,10587,3,Happy,3,False,train,Happy,EXACT_DUPLICATE_CONSISTENT_LABEL
810,80df3e4b6173f83c05efcbec1e8f342f72f09defd88ae62ca7ade87ce65e0428,train,23897,3,Happy,3,False,train,Happy,EXACT_DUPLICATE_CONSISTENT_LABEL
810,80df3e4b6173f83c05efcbec1e8f342f72f09defd88ae62ca7ade87ce65e0428,train,26749,3,Happy,3,False,train,Happy,EXACT_DUPLICATE_CONSISTENT_LABEL
811,c94d1cc77369d0508bb1101313969ea37c50a4d671a75686c02108b9d69f617b,train,10602,5,Surprise,2,False,train,Surprise,EXACT_DUPLICATE_CONSISTENT_LABEL
811,c94d1cc77369d0508bb1101313969ea37c50a4d671a75686c02108b9d69f617b,train,22982,5,Surprise,2,False,train,Surprise,EXACT_DUPLICATE_CONSISTENT_LABEL
812,8fbfac161097845b40798eb82db47dec476d3c302895eaf74fbcdde340dcf8ec,train,10612,6,Neutral,2,False,train,Neutral,EXACT_DUPLICATE_CONSISTENT_LABEL
812,8fbfac161097845b40798eb82db47dec476d3c302895eaf74fbcdde340dcf8ec,train,15446,6,Neutral,2,False,train,Neutral,EXACT_DUPLICATE_CONSISTENT_LABEL
813,3fffdec8025f19c4250f65cb190ad63a04478e27252e435215267d990ce0de95,train,10625,5,Surprise,2,False,train,Fear/Surprise,EXACT_DUPLICATE_CONFLICTING_LABEL
813,3fffdec8025f19c4250f65cb190ad63a04478e27252e435215267d990ce0de95,train,23772,2,Fear,2,False,train,Fear/Surprise,EXACT_DUPLICATE_CONFLICTING_LABEL
814,f62421ade274d48a67dd2b2e1c2ca31ec6e045b4bf72ebecfb2ad83245752ac4,train,10666,0,Angry,3,True,private/train,Angry,EXACT_DUPLICATE_CONSISTENT_LABEL
814,f62421ade274d48a67dd2b2e1c2ca31ec6e045b4bf72ebecfb2ad83245752ac4,train,20259,0,Angry,3,True,private/train,Angry,EXACT_DUPLICATE_CONSISTENT_LABEL
814,f62421ade274d48a67dd2b2e1c2ca31ec6e045b4bf72ebecfb2ad83245752ac4,private,766,0,Angry,3,True,private/train,Angry,EXACT_DUPLICATE_CONSISTENT_LABEL
815,afb019e13df6923968144e10d91457cb50a55e3583dbffb79d1a53b8565d2918,train,10672,5,Surprise,2,False,train,Surprise,EXACT_DUPLICATE_CONSISTENT_LABEL
815,afb019e13df6923968144e10d91457cb50a55e3583dbffb79d1a53b8565d2918,train,22975,5,Surprise,2,False,train,Surprise,EXACT_DUPLICATE_CONSISTENT_LABEL
816,56bf2d40cb3c3f5b50c250999b8c5a48364012fd68b567e13f1776fc74df62d3,train,10753,4,Sad,2,False,train,Sad,EXACT_DUPLICATE_CONSISTENT_LABEL
816,56bf2d40cb3c3f5b50c250999b8c5a48364012fd68b567e13f1776fc74df62d3,train,17415,4,Sad,2,False,train,Sad,EXACT_DUPLICATE_CONSISTENT_LABEL
817,8fc0a071dac813a7e13cdfe37a2af203aea01c9d368e0177e1e9ba9994ac1cd1,train,10764,3,Happy,2,False,train,Happy,EXACT_DUPLICATE_CONSISTENT_LABEL
817,8fc0a071dac813a7e13cdfe37a2af203aea01c9d368e0177e1e9ba9994ac1cd1,train,16492,3,Happy,2,False,train,Happy,EXACT_DUPLICATE_CONSISTENT_LABEL
818,ca27bc80546102d24744c38e18b685cf4a1ea4c04ae2621b58997a5e0834d9b4,train,10789,3,Happy,2,False,train,Happy,EXACT_DUPLICATE_CONSISTENT_LABEL
818,ca27bc80546102d24744c38e18b685cf4a1ea4c04ae2621b58997a5e0834d9b4,train,27227,3,Happy,2,False,train,Happy,EXACT_DUPLICATE_CONSISTENT_LABEL
819,75592e09e550c9b1c45f2ec82c9ed41ea0c9b30dc80291d55e41768083b5416f,train,10812,0,Angry,2,False,train,Angry,EXACT_DUPLICATE_CONSISTENT_LABEL
819,75592e09e550c9b1c45f2ec82c9ed41ea0c9b30dc80291d55e41768083b5416f,train,24622,0,Angry,2,False,train,Angry,EXACT_DUPLICATE_CONSISTENT_LABEL
820,a82fe4834fa9ecda6223e8ba243474449b2d3d3654fb2e93c89c586ee6627393,train,10814,0,Angry,2,False,train,Angry,EXACT_DUPLICATE_CONSISTENT_LABEL
820,a82fe4834fa9ecda6223e8ba243474449b2d3d3654fb2e93c89c586ee6627393,train,21525,0,Angry,2,False,train,Angry,EXACT_DUPLICATE_CONSISTENT_LABEL
821,a7612b2c6cbf979582fc59b058dd7038661b043802bfcdfece204d948a62a443,train,10820,5,Surprise,2,False,train,Surprise,EXACT_DUPLICATE_CONSISTENT_LABEL
821,a7612b2c6cbf979582fc59b058dd7038661b043802bfcdfece204d948a62a443,train,23072,5,Surprise,2,False,train,Surprise,EXACT_DUPLICATE_CONSISTENT_LABEL
822,63c63036a6290b1ec6e35dc9d38c43c6bfc9a3e4cec6ccbd7b9b6f2bcd6c6aea,train,10844,4,Sad,2,False,train,Sad,EXACT_DUPLICATE_CONSISTENT_LABEL
822,63c63036a6290b1ec6e35dc9d38c43c6bfc9a3e4cec6ccbd7b9b6f2bcd6c6aea,train,16549,4,Sad,2,False,train,Sad,EXACT_DUPLICATE_CONSISTENT_LABEL
823,65a014c85354fa03c5fef090d50c7e1383238dae7a1b0011698d37888587c876,train,10849,5,Surprise,3,True,private/train,Surprise,EXACT_DUPLICATE_CONSISTENT_LABEL
823,65a014c85354fa03c5fef090d50c7e1383238dae7a1b0011698d37888587c876,private,1588,5,Surprise,3,True,private/train,Surprise,EXACT_DUPLICATE_CONSISTENT_LABEL
823,65a014c85354fa03c5fef090d50c7e1383238dae7a1b0011698d37888587c876,private,3090,5,Surprise,3,True,private/train,Surprise,EXACT_DUPLICATE_CONSISTENT_LABEL
824,d2cd5debb8bbb1ea06dc3056ffe4f0d79f7e12e7628265536340fc60a8a04c83,train,10856,3,Happy,2,False,train,Happy,EXACT_DUPLICATE_CONSISTENT_LABEL
824,d2cd5debb8bbb1ea06dc3056ffe4f0d79f7e12e7628265536340fc60a8a04c83,train,27446,3,Happy,2,False,train,Happy,EXACT_DUPLICATE_CONSISTENT_LABEL
825,d1ebf6b2c9ca534520f316ac231ac7909d306d1f122cd9d1633bf32b29556278,train,10866,5,Surprise,3,True,private/train,Surprise,EXACT_DUPLICATE_CONSISTENT_LABEL
825,d1ebf6b2c9ca534520f316ac231ac7909d306d1f122cd9d1633bf32b29556278,train,21578,5,Surprise,3,True,private/train,Surprise,EXACT_DUPLICATE_CONSISTENT_LABEL
825,d1ebf6b2c9ca534520f316ac231ac7909d306d1f122cd9d1633bf32b29556278,private,2510,5,Surprise,3,True,private/train,Surprise,EXACT_DUPLICATE_CONSISTENT_LABEL
826,6934f52e3cbfd87731f70fe4abecf43127ceef359fee7868d9dff0e6f7f8df60,train,10885,3,Happy,2,True,public/train,Happy,EXACT_DUPLICATE_CONSISTENT_LABEL
826,6934f52e3cbfd87731f70fe4abecf43127ceef359fee7868d9dff0e6f7f8df60,public,2576,3,Happy,2,True,public/train,Happy,EXACT_DUPLICATE_CONSISTENT_LABEL
827,ab08e00ba35d6eda0f2123cc462def1d8c3e9c7c0a745763f9305b9dda7de8c6,train,10931,5,Surprise,2,True,public/train,Surprise,EXACT_DUPLICATE_CONSISTENT_LABEL
827,ab08e00ba35d6eda0f2123cc462def1d8c3e9c7c0a745763f9305b9dda7de8c6,public,1468,5,Surprise,2,True,public/train,Surprise,EXACT_DUPLICATE_CONSISTENT_LABEL
828,1141bcc3a72b91efbd507b3c421b000d2660fe5ca0c7a9fd3ffcac0ced8cd419,train,10936,6,Neutral,2,False,train,Neutral,EXACT_DUPLICATE_CONSISTENT_LABEL
828,1141bcc3a72b91efbd507b3c421b000d2660fe5ca0c7a9fd3ffcac0ced8cd419,train,14004,6,Neutral,2,False,train,Neutral,EXACT_DUPLICATE_CONSISTENT_LABEL
829,826fba14a6cdf6c32a6a0e714f70f2c7055422003d172570fe5bcb5e7cc090e9,train,10957,5,Surprise,2,False,train,Surprise,EXACT_DUPLICATE_CONSISTENT_LABEL
829,826fba14a6cdf6c32a6a0e714f70f2c7055422003d172570fe5bcb5e7cc090e9,train,28421,5,Surprise,2,False,train,Surprise,EXACT_DUPLICATE_CONSISTENT_LABEL
830,33392f567bcab3b9cf2accc3e1db1f940b12bc1549eb1da38c90bcf3e4e40fc5,train,10963,5,Surprise,2,False,train,Surprise,EXACT_DUPLICATE_CONSISTENT_LABEL
830,33392f567bcab3b9cf2accc3e1db1f940b12bc1549eb1da38c90bcf3e4e40fc5,train,28306,5,Surprise,2,False,train,Surprise,EXACT_DUPLICATE_CONSISTENT_LABEL
831,6dad260deb8110b305b7f54bf73da3162db82f41543cd328115411dba1669efe,train,10978,2,Fear,2,True,private/train,Fear,EXACT_DUPLICATE_CONSISTENT_LABEL
831,6dad260deb8110b305b7f54bf73da3162db82f41543cd328115411dba1669efe,private,2627,2,Fear,2,True,private/train,Fear,EXACT_DUPLICATE_CONSISTENT_LABEL
832,f97644ef7ed7f89e33a1b9fcf24ecb9a2f52be1d94030f12a9de48c81a666b99,train,10983,4,Sad,2,False,train,Sad,EXACT_DUPLICATE_CONSISTENT_LABEL
832,f97644ef7ed7f89e33a1b9fcf24ecb9a2f52be1d94030f12a9de48c81a666b99,train,24667,4,Sad,2,False,train,Sad,EXACT_DUPLICATE_CONSISTENT_LABEL
833,9c72da125b163b828da19ad66b36100c4f97cadc5b3157696d9ca3d7c260a61b,train,11036,2,Fear,2,False,train,Fear,EXACT_DUPLICATE_CONSISTENT_LABEL
833,9c72da125b163b828da19ad66b36100c4f97cadc5b3157696d9ca3d7c260a61b,train,18641,2,Fear,2,False,train,Fear,EXACT_DUPLICATE_CONSISTENT_LABEL
834,730520a4d5d1e001070747958b2edd189a6633fa864cebb717d2392737d7d71c,train,11047,5,Surprise,3,False,train,Surprise,EXACT_DUPLICATE_CONSISTENT_LABEL
834,730520a4d5d1e001070747958b2edd189a6633fa864cebb717d2392737d7d71c,train,16162,5,Surprise,3,False,train,Surprise,EXACT_DUPLICATE_CONSISTENT_LABEL
834,730520a4d5d1e001070747958b2edd189a6633fa864cebb717d2392737d7d71c,train,24483,5,Surprise,3,False,train,Surprise,EXACT_DUPLICATE_CONSISTENT_LABEL
835,f830f5ccf86f59758a764b893502e043732bb795930254df5e5281dc2394dd59,train,11086,6,Neutral,2,True,public/train,Neutral,EXACT_DUPLICATE_CONSISTENT_LABEL
835,f830f5ccf86f59758a764b893502e043732bb795930254df5e5281dc2394dd59,public,1592,6,Neutral,2,True,public/train,Neutral,EXACT_DUPLICATE_CONSISTENT_LABEL
836,dfb51d2dbf69658214a7e10bc5bd175f758134c7577a3beed653006d23332af7,train,11089,5,Surprise,2,False,train,Surprise,EXACT_DUPLICATE_CONSISTENT_LABEL
836,dfb51d2dbf69658214a7e10bc5bd175f758134c7577a3beed653006d23332af7,train,27898,5,Surprise,2,False,train,Surprise,EXACT_DUPLICATE_CONSISTENT_LABEL
837,7b444ca1f2fd36b05b22d70d5f0934ee9988431c41e8e57fc7c6c6d9e224b545,train,11091,3,Happy,3,False,train,Happy,EXACT_DUPLICATE_CONSISTENT_LABEL
837,7b444ca1f2fd36b05b22d70d5f0934ee9988431c41e8e57fc7c6c6d9e224b545,train,17595,3,Happy,3,False,train,Happy,EXACT_DUPLICATE_CONSISTENT_LABEL
837,7b444ca1f2fd36b05b22d70d5f0934ee9988431c41e8e57fc7c6c6d9e224b545,train,19943,3,Happy,3,False,train,Happy,EXACT_DUPLICATE_CONSISTENT_LABEL
838,55ec430f1905846883a5891778b337716ce5c230ae854a66a2477b1d8711b5da,train,11111,5,Surprise,2,True,private/train,Surprise,EXACT_DUPLICATE_CONSISTENT_LABEL
838,55ec430f1905846883a5891778b337716ce5c230ae854a66a2477b1d8711b5da,private,2408,5,Surprise,2,True,private/train,Surprise,EXACT_DUPLICATE_CONSISTENT_LABEL
839,4122162d7f34aadecd641ac76a0edddefdd18bde9d85044f02aeb08c1b718a57,train,11118,0,Angry,2,False,train,Angry,EXACT_DUPLICATE_CONSISTENT_LABEL
839,4122162d7f34aadecd641ac76a0edddefdd18bde9d85044f02aeb08c1b718a57,train,22046,0,Angry,2,False,train,Angry,EXACT_DUPLICATE_CONSISTENT_LABEL
840,b63757e348a5a9c448f6787561c5565dd359bf68c9a9a42a8e888885fe1167db,train,11130,6,Neutral,2,False,train,Neutral,EXACT_DUPLICATE_CONSISTENT_LABEL
840,b63757e348a5a9c448f6787561c5565dd359bf68c9a9a42a8e888885fe1167db,train,16570,6,Neutral,2,False,train,Neutral,EXACT_DUPLICATE_CONSISTENT_LABEL
841,30681b9d42626f133ffdb1d150f9917328229910191abd848204afeb3614c64b,train,11139,5,Surprise,2,True,private/train,Surprise,EXACT_DUPLICATE_CONSISTENT_LABEL
841,30681b9d42626f133ffdb1d150f9917328229910191abd848204afeb3614c64b,private,1015,5,Surprise,2,True,private/train,Surprise,EXACT_DUPLICATE_CONSISTENT_LABEL
842,18e7998dad548e0c303e6562c84ded4b51457fb7e463b8218e33259c8db4a2b0,train,11148,6,Neutral,2,False,train,Neutral,EXACT_DUPLICATE_CONSISTENT_LABEL
842,18e7998dad548e0c303e6562c84ded4b51457fb7e463b8218e33259c8db4a2b0,train,24635,6,Neutral,2,False,train,Neutral,EXACT_DUPLICATE_CONSISTENT_LABEL
843,9bcbebaa558871675856ab3e0b46daa9276ec5e12da4ce1d7da5a6d995a12999,train,11191,3,Happy,2,False,train,Happy,EXACT_DUPLICATE_CONSISTENT_LABEL
843,9bcbebaa558871675856ab3e0b46daa9276ec5e12da4ce1d7da5a6d995a12999,train,26648,3,Happy,2,False,train,Happy,EXACT_DUPLICATE_CONSISTENT_LABEL
844,c9d1155e6a70b9b284114de50675d8b81da8c3eafa8b2f928aef9a26c9a4c61c,train,11243,2,Fear,2,False,train,Fear,EXACT_DUPLICATE_CONSISTENT_LABEL
844,c9d1155e6a70b9b284114de50675d8b81da8c3eafa8b2f928aef9a26c9a4c61c,train,19356,2,Fear,2,False,train,Fear,EXACT_DUPLICATE_CONSISTENT_LABEL
845,3eca71922468a72456eb0a57b77c26b07aa7d25892b6049aca0447a76a8c0ca3,train,11284,4,Sad,2,False,train,Sad,EXACT_DUPLICATE_CONSISTENT_LABEL
845,3eca71922468a72456eb0a57b77c26b07aa7d25892b6049aca0447a76a8c0ca3,train,11582,4,Sad,2,False,train,Sad,EXACT_DUPLICATE_CONSISTENT_LABEL
846,d7eaad4bd7d06f72f12b029e506d356d8702d5cca1969a16683ea25453f40e64,train,11319,2,Fear,2,False,train,Fear,EXACT_DUPLICATE_CONSISTENT_LABEL
846,d7eaad4bd7d06f72f12b029e506d356d8702d5cca1969a16683ea25453f40e64,train,19673,2,Fear,2,False,train,Fear,EXACT_DUPLICATE_CONSISTENT_LABEL
847,2b1d6b12b2da58987ec6103b24ef37d3872429aa3ab8aee3389c8049bbd7ca42,train,11339,5,Surprise,2,True,public/train,Surprise,EXACT_DUPLICATE_CONSISTENT_LABEL
847,2b1d6b12b2da58987ec6103b24ef37d3872429aa3ab8aee3389c8049bbd7ca42,public,1243,5,Surprise,2,True,public/train,Surprise,EXACT_DUPLICATE_CONSISTENT_LABEL
848,e315e22b6433c99066b0031b15af1f4036205df1f1f28a1162c352a78c899a96,train,11364,5,Surprise,3,False,train,Surprise,EXACT_DUPLICATE_CONSISTENT_LABEL
848,e315e22b6433c99066b0031b15af1f4036205df1f1f28a1162c352a78c899a96,train,16707,5,Surprise,3,False,train,Surprise,EXACT_DUPLICATE_CONSISTENT_LABEL
848,e315e22b6433c99066b0031b15af1f4036205df1f1f28a1162c352a78c899a96,train,20584,5,Surprise,3,False,train,Surprise,EXACT_DUPLICATE_CONSISTENT_LABEL
849,34529d52fe3cd9b77e84c2affabe0af50e2c434c2c14872bcbf838fe9d7fe7dc,train,11372,5,Surprise,2,False,train,Surprise,EXACT_DUPLICATE_CONSISTENT_LABEL
849,34529d52fe3cd9b77e84c2affabe0af50e2c434c2c14872bcbf838fe9d7fe7dc,train,22812,5,Surprise,2,False,train,Surprise,EXACT_DUPLICATE_CONSISTENT_LABEL
850,02660fee82ce82d4df234bbacff716f7b0a2c186b5e5f5354359e6e526ee95d4,train,11374,5,Surprise,2,True,public/train,Surprise,EXACT_DUPLICATE_CONSISTENT_LABEL
850,02660fee82ce82d4df234bbacff716f7b0a2c186b5e5f5354359e6e526ee95d4,public,1124,5,Surprise,2,True,public/train,Surprise,EXACT_DUPLICATE_CONSISTENT_LABEL
851,6498e3a077eb5741e5754caea590080c98fdbe4a3c79b16e165245e25a2d7a5e,train,11386,0,Angry,2,True,private/train,Angry,EXACT_DUPLICATE_CONSISTENT_LABEL
851,6498e3a077eb5741e5754caea590080c98fdbe4a3c79b16e165245e25a2d7a5e,private,1886,0,Angry,2,True,private/train,Angry,EXACT_DUPLICATE_CONSISTENT_LABEL
852,081fe4202f218c730e3ff374afa1cb953dedc521cd325359a99f0578a066359c,train,11393,5,Surprise,2,True,public/train,Surprise,EXACT_DUPLICATE_CONSISTENT_LABEL
852,081fe4202f218c730e3ff374afa1cb953dedc521cd325359a99f0578a066359c,public,2226,5,Surprise,2,True,public/train,Surprise,EXACT_DUPLICATE_CONSISTENT_LABEL
853,d439a677597a8a5e22ad3ac55f7fa8e34c148790f0a778de2ca7a077628f3cf4,train,11396,2,Fear,2,True,private/train,Fear,EXACT_DUPLICATE_CONSISTENT_LABEL
853,d439a677597a8a5e22ad3ac55f7fa8e34c148790f0a778de2ca7a077628f3cf4,private,648,2,Fear,2,True,private/train,Fear,EXACT_DUPLICATE_CONSISTENT_LABEL
854,ceaeb99374531fefd0b77f5f092c9d8b14e141e894dbf85cc1112ad4bfefebfa,train,11407,5,Surprise,2,False,train,Surprise,EXACT_DUPLICATE_CONSISTENT_LABEL
854,ceaeb99374531fefd0b77f5f092c9d8b14e141e894dbf85cc1112ad4bfefebfa,train,19915,5,Surprise,2,False,train,Surprise,EXACT_DUPLICATE_CONSISTENT_LABEL
855,a71112223b07bf663372a8c68fbc3378f8e4a620e56088ef6ad0e579ff222b66,train,11414,5,Surprise,2,False,train,Surprise,EXACT_DUPLICATE_CONSISTENT_LABEL
855,a71112223b07bf663372a8c68fbc3378f8e4a620e56088ef6ad0e579ff222b66,train,16940,5,Surprise,2,False,train,Surprise,EXACT_DUPLICATE_CONSISTENT_LABEL
856,ba6b1741f8b909f419b3b78192c618e3e26c2b34601b7f79d2daf3cf65f45ed2,train,11433,5,Surprise,2,False,train,Surprise,EXACT_DUPLICATE_CONSISTENT_LABEL
856,ba6b1741f8b909f419b3b78192c618e3e26c2b34601b7f79d2daf3cf65f45ed2,train,20767,5,Surprise,2,False,train,Surprise,EXACT_DUPLICATE_CONSISTENT_LABEL
857,c51fc3bc30b91689818536862d818658a87a4dbf6d55bc6ea6e8cc6ad235bb0c,train,11456,6,Neutral,2,True,private/train,Neutral,EXACT_DUPLICATE_CONSISTENT_LABEL
857,c51fc3bc30b91689818536862d818658a87a4dbf6d55bc6ea6e8cc6ad235bb0c,private,307,6,Neutral,2,True,private/train,Neutral,EXACT_DUPLICATE_CONSISTENT_LABEL
858,9141088c52f1cdd8f1d6c402da6f049430f4cea77cd1ae66cb49d2809201db41,train,11459,5,Surprise,3,False,train,Surprise,EXACT_DUPLICATE_CONSISTENT_LABEL
858,9141088c52f1cdd8f1d6c402da6f049430f4cea77cd1ae66cb49d2809201db41,train,21299,5,Surprise,3,False,train,Surprise,EXACT_DUPLICATE_CONSISTENT_LABEL
858,9141088c52f1cdd8f1d6c402da6f049430f4cea77cd1ae66cb49d2809201db41,train,24446,5,Surprise,3,False,train,Surprise,EXACT_DUPLICATE_CONSISTENT_LABEL
859,7f84eaf630507cc0add1949126b223d74ff3b75715625ed3d648c620ce23d3b6,train,11496,5,Surprise,3,True,public/train,Surprise,EXACT_DUPLICATE_CONSISTENT_LABEL
859,7f84eaf630507cc0add1949126b223d74ff3b75715625ed3d648c620ce23d3b6,train,21129,5,Surprise,3,True,public/train,Surprise,EXACT_DUPLICATE_CONSISTENT_LABEL
859,7f84eaf630507cc0add1949126b223d74ff3b75715625ed3d648c620ce23d3b6,public,2345,5,Surprise,3,True,public/train,Surprise,EXACT_DUPLICATE_CONSISTENT_LABEL
860,9dfedb5d8416e986efdf2a718bd6a1112ee52ddf9f02e8b5fab87f5f60857d42,train,11517,2,Fear,2,False,train,Fear,EXACT_DUPLICATE_CONSISTENT_LABEL
860,9dfedb5d8416e986efdf2a718bd6a1112ee52ddf9f02e8b5fab87f5f60857d42,train,13889,2,Fear,2,False,train,Fear,EXACT_DUPLICATE_CONSISTENT_LABEL
861,fb12ad331549e5bd0dfe461d94a896482f7b617a4c99be55deb8b4274281977a,train,11519,5,Surprise,3,True,private/train,Surprise,EXACT_DUPLICATE_CONSISTENT_LABEL
861,fb12ad331549e5bd0dfe461d94a896482f7b617a4c99be55deb8b4274281977a,train,11576,5,Surprise,3,True,private/train,Surprise,EXACT_DUPLICATE_CONSISTENT_LABEL
861,fb12ad331549e5bd0dfe461d94a896482f7b617a4c99be55deb8b4274281977a,private,2308,5,Surprise,3,True,private/train,Surprise,EXACT_DUPLICATE_CONSISTENT_LABEL
862,aa7553f9dbb6b6e25f746cf4c23569aa19790605625807e8c793e0461bb5e35a,train,11524,2,Fear,2,False,train,Fear,EXACT_DUPLICATE_CONSISTENT_LABEL
862,aa7553f9dbb6b6e25f746cf4c23569aa19790605625807e8c793e0461bb5e35a,train,23931,2,Fear,2,False,train,Fear,EXACT_DUPLICATE_CONSISTENT_LABEL
863,4a324d0a346a7b8855088318d15576b66a54f195de3fc101e95034207727f08c,train,11531,6,Neutral,2,False,train,Neutral,EXACT_DUPLICATE_CONSISTENT_LABEL
863,4a324d0a346a7b8855088318d15576b66a54f195de3fc101e95034207727f08c,train,20345,6,Neutral,2,False,train,Neutral,EXACT_DUPLICATE_CONSISTENT_LABEL
864,f194a0eaac998842c071e85e5279c774b3db051d45443991ded7a2ba73e5177d,train,11631,5,Surprise,2,False,train,Surprise,EXACT_DUPLICATE_CONSISTENT_LABEL
864,f194a0eaac998842c071e85e5279c774b3db051d45443991ded7a2ba73e5177d,train,27812,5,Surprise,2,False,train,Surprise,EXACT_DUPLICATE_CONSISTENT_LABEL
865,714c169e15979fe22f87702d0ce10381e7f4adfd540b5609976c86bb6c1cbc98,train,11632,0,Angry,2,True,public/train,Angry,EXACT_DUPLICATE_CONSISTENT_LABEL
865,714c169e15979fe22f87702d0ce10381e7f4adfd540b5609976c86bb6c1cbc98,public,1777,0,Angry,2,True,public/train,Angry,EXACT_DUPLICATE_CONSISTENT_LABEL
866,5e104c07cf8052087063c5f54b40948ab73774b5e61d872be847939747c5b2aa,train,11633,5,Surprise,2,True,private/train,Surprise,EXACT_DUPLICATE_CONSISTENT_LABEL
866,5e104c07cf8052087063c5f54b40948ab73774b5e61d872be847939747c5b2aa,private,2113,5,Surprise,2,True,private/train,Surprise,EXACT_DUPLICATE_CONSISTENT_LABEL
867,9eef6111b73aa8f62b19232568991079e3c66799fae8d47734151bc6eab52144,train,11641,0,Angry,2,False,train,Angry,EXACT_DUPLICATE_CONSISTENT_LABEL
867,9eef6111b73aa8f62b19232568991079e3c66799fae8d47734151bc6eab52144,train,17891,0,Angry,2,False,train,Angry,EXACT_DUPLICATE_CONSISTENT_LABEL
868,89b3c9025733d87e51e2d5ed3357f9a0bfa428122339b581583bb2f4eddc73d1,train,11667,5,Surprise,2,False,train,Surprise,EXACT_DUPLICATE_CONSISTENT_LABEL
868,89b3c9025733d87e51e2d5ed3357f9a0bfa428122339b581583bb2f4eddc73d1,train,19142,5,Surprise,2,False,train,Surprise,EXACT_DUPLICATE_CONSISTENT_LABEL
869,d499d42bd9086ba207d062375c2e9a2acb50cb4052c49666e13b1486846cd233,train,11677,2,Fear,2,True,private/train,Fear,EXACT_DUPLICATE_CONSISTENT_LABEL
869,d499d42bd9086ba207d062375c2e9a2acb50cb4052c49666e13b1486846cd233,private,2535,2,Fear,2,True,private/train,Fear,EXACT_DUPLICATE_CONSISTENT_LABEL
870,7655eb6451de09e122cd8bf9b07fb8441ede6d45d1ed2fa21b5130fc92b90e8c,train,11682,2,Fear,2,True,public/train,Fear,EXACT_DUPLICATE_CONSISTENT_LABEL
870,7655eb6451de09e122cd8bf9b07fb8441ede6d45d1ed2fa21b5130fc92b90e8c,public,564,2,Fear,2,True,public/train,Fear,EXACT_DUPLICATE_CONSISTENT_LABEL
871,306425a15091829c637462acc72c5298d39e48a02f21b8c19453a433eedf2bb6,train,11717,3,Happy,2,False,train,Happy,EXACT_DUPLICATE_CONSISTENT_LABEL
871,306425a15091829c637462acc72c5298d39e48a02f21b8c19453a433eedf2bb6,train,26896,3,Happy,2,False,train,Happy,EXACT_DUPLICATE_CONSISTENT_LABEL
872,024aaaef541022c193b1fe8842c4f2217a4b6a3352b9854d3d923bbee9a12dff,train,11721,5,Surprise,2,False,train,Surprise,EXACT_DUPLICATE_CONSISTENT_LABEL
872,024aaaef541022c193b1fe8842c4f2217a4b6a3352b9854d3d923bbee9a12dff,train,20597,5,Surprise,2,False,train,Surprise,EXACT_DUPLICATE_CONSISTENT_LABEL
873,10a456a5060ec92d7e2d2d2e9f2d6f662ccd0626e43be705d3fe2baff083044b,train,11733,3,Happy,2,False,train,Happy,EXACT_DUPLICATE_CONSISTENT_LABEL
873,10a456a5060ec92d7e2d2d2e9f2d6f662ccd0626e43be705d3fe2baff083044b,train,20988,3,Happy,2,False,train,Happy,EXACT_DUPLICATE_CONSISTENT_LABEL
874,70e9350966b28ec4060f4cb5cff8a8e55180af37c02a1c04002d3e4eeb1f6a29,train,11753,4,Sad,2,True,public/train,Sad,EXACT_DUPLICATE_CONSISTENT_LABEL
874,70e9350966b28ec4060f4cb5cff8a8e55180af37c02a1c04002d3e4eeb1f6a29,public,820,4,Sad,2,True,public/train,Sad,EXACT_DUPLICATE_CONSISTENT_LABEL
875,1ed050f3680ad7c8f5828b607cee1dd2583b084e3af08a8377957fbb5e4dafdb,train,11811,5,Surprise,2,False,train,Surprise,EXACT_DUPLICATE_CONSISTENT_LABEL
875,1ed050f3680ad7c8f5828b607cee1dd2583b084e3af08a8377957fbb5e4dafdb,train,23128,5,Surprise,2,False,train,Surprise,EXACT_DUPLICATE_CONSISTENT_LABEL
876,107b4723780416abe9e9e95f5afedfb03b740bf15ccff6af5f1de289f2e416ad,train,11813,0,Angry,6,True,public/train,Angry,EXACT_DUPLICATE_CONSISTENT_LABEL
876,107b4723780416abe9e9e95f5afedfb03b740bf15ccff6af5f1de289f2e416ad,train,14096,0,Angry,6,True,public/train,Angry,EXACT_DUPLICATE_CONSISTENT_LABEL
876,107b4723780416abe9e9e95f5afedfb03b740bf15ccff6af5f1de289f2e416ad,train,18384,0,Angry,6,True,public/train,Angry,EXACT_DUPLICATE_CONSISTENT_LABEL
876,107b4723780416abe9e9e95f5afedfb03b740bf15ccff6af5f1de289f2e416ad,train,20237,0,Angry,6,True,public/train,Angry,EXACT_DUPLICATE_CONSISTENT_LABEL
876,107b4723780416abe9e9e95f5afedfb03b740bf15ccff6af5f1de289f2e416ad,train,22954,0,Angry,6,True,public/train,Angry,EXACT_DUPLICATE_CONSISTENT_LABEL
876,107b4723780416abe9e9e95f5afedfb03b740bf15ccff6af5f1de289f2e416ad,public,872,0,Angry,6,True,public/train,Angry,EXACT_DUPLICATE_CONSISTENT_LABEL
877,8bf6ff0c6da870450ba24a972427559dc26b7e59966d6c3dc394178bf9d1dde8,train,11824,5,Surprise,2,False,train,Surprise,EXACT_DUPLICATE_CONSISTENT_LABEL
877,8bf6ff0c6da870450ba24a972427559dc26b7e59966d6c3dc394178bf9d1dde8,train,20996,5,Surprise,2,False,train,Surprise,EXACT_DUPLICATE_CONSISTENT_LABEL
878,fd97a39e425da9efcb21760f42e0dad51cc6e30692b2155076408b14818471a4,train,11841,0,Angry,2,True,private/train,Angry,EXACT_DUPLICATE_CONSISTENT_LABEL
878,fd97a39e425da9efcb21760f42e0dad51cc6e30692b2155076408b14818471a4,private,2892,0,Angry,2,True,private/train,Angry,EXACT_DUPLICATE_CONSISTENT_LABEL
879,f3b46e0ac3f1c2867f6da088a5ab816f7cc57d3fe2cdfebb936f085ad24e8d87,train,11854,4,Sad,2,False,train,Sad,EXACT_DUPLICATE_CONSISTENT_LABEL
879,f3b46e0ac3f1c2867f6da088a5ab816f7cc57d3fe2cdfebb936f085ad24e8d87,train,15676,4,Sad,2,False,train,Sad,EXACT_DUPLICATE_CONSISTENT_LABEL
880,bb57ec73df22e34b6cdf480c4e331b455edf885cb42627a3d852807c5f837004,train,11890,2,Fear,2,False,train,Fear,EXACT_DUPLICATE_CONSISTENT_LABEL
880,bb57ec73df22e34b6cdf480c4e331b455edf885cb42627a3d852807c5f837004,train,24226,2,Fear,2,False,train,Fear,EXACT_DUPLICATE_CONSISTENT_LABEL
881,ebbd4c1797eee6e85d10e81f33cccd9943b9b494ffffb5d3a4f16056a34d2b7d,train,11906,2,Fear,2,False,train,Fear,EXACT_DUPLICATE_CONSISTENT_LABEL
881,ebbd4c1797eee6e85d10e81f33cccd9943b9b494ffffb5d3a4f16056a34d2b7d,train,27937,2,Fear,2,False,train,Fear,EXACT_DUPLICATE_CONSISTENT_LABEL
882,0a65a3de386bbd475e74203d4d1f9b9728ede644cc5ea370d9008b09929def87,train,11921,3,Happy,2,False,train,Happy,EXACT_DUPLICATE_CONSISTENT_LABEL
882,0a65a3de386bbd475e74203d4d1f9b9728ede644cc5ea370d9008b09929def87,train,15151,3,Happy,2,False,train,Happy,EXACT_DUPLICATE_CONSISTENT_LABEL
883,16d0fe06233ed3ac117be98c3d04eca22ddf3510e2f2bfbec515506cadfb8314,train,11926,3,Happy,2,True,public/train,Happy,EXACT_DUPLICATE_CONSISTENT_LABEL
883,16d0fe06233ed3ac117be98c3d04eca22ddf3510e2f2bfbec515506cadfb8314,public,2270,3,Happy,2,True,public/train,Happy,EXACT_DUPLICATE_CONSISTENT_LABEL
884,ba1a1d92c5f30209e9d999c3cd28f98d5a85e1840fe9707ef9b3e0d0dc535ac3,train,11929,0,Angry,2,False,train,Angry,EXACT_DUPLICATE_CONSISTENT_LABEL
884,ba1a1d92c5f30209e9d999c3cd28f98d5a85e1840fe9707ef9b3e0d0dc535ac3,train,24430,0,Angry,2,False,train,Angry,EXACT_DUPLICATE_CONSISTENT_LABEL
885,0b3d880ed881ad72379d8ee5be8f410fcac6141b3e23b7afe6b836e129652f89,train,11963,6,Neutral,2,False,train,Neutral,EXACT_DUPLICATE_CONSISTENT_LABEL
885,0b3d880ed881ad72379d8ee5be8f410fcac6141b3e23b7afe6b836e129652f89,train,22229,6,Neutral,2,False,train,Neutral,EXACT_DUPLICATE_CONSISTENT_LABEL
886,b4756abe752a80a33d8e47865330ade9e558fc3cafef6a800d845bcf19542852,train,11979,5,Surprise,3,False,train,Surprise,EXACT_DUPLICATE_CONSISTENT_LABEL
886,b4756abe752a80a33d8e47865330ade9e558fc3cafef6a800d845bcf19542852,train,20148,5,Surprise,3,False,train,Surprise,EXACT_DUPLICATE_CONSISTENT_LABEL
886,b4756abe752a80a33d8e47865330ade9e558fc3cafef6a800d845bcf19542852,train,22243,5,Surprise,3,False,train,Surprise,EXACT_DUPLICATE_CONSISTENT_LABEL
887,ce0acbfb6d3f9453fc984258beb8796fababeb0c7644ceeeb1aedd5db66d201d,train,11991,2,Fear,2,False,train,Fear,EXACT_DUPLICATE_CONSISTENT_LABEL
887,ce0acbfb6d3f9453fc984258beb8796fababeb0c7644ceeeb1aedd5db66d201d,train,21858,2,Fear,2,False,train,Fear,EXACT_DUPLICATE_CONSISTENT_LABEL
888,5d2912e229334a8138c1a103ea64a0eba2766ef91e6bd0a0d33d2a802c9ec27c,train,12009,6,Neutral,2,True,private/train,Neutral,EXACT_DUPLICATE_CONSISTENT_LABEL
888,5d2912e229334a8138c1a103ea64a0eba2766ef91e6bd0a0d33d2a802c9ec27c,private,1825,6,Neutral,2,True,private/train,Neutral,EXACT_DUPLICATE_CONSISTENT_LABEL
889,f99919060a76499afce1292d49564cf33795488dd2501dd693025d0f9e1cdd79,train,12010,5,Surprise,2,False,train,Surprise,EXACT_DUPLICATE_CONSISTENT_LABEL
889,f99919060a76499afce1292d49564cf33795488dd2501dd693025d0f9e1cdd79,train,24584,5,Surprise,2,False,train,Surprise,EXACT_DUPLICATE_CONSISTENT_LABEL
890,3b571d478467bd4c48be83a2ac613079e667d080e1029e6598503d32516b5d87,train,12046,5,Surprise,2,True,private/train,Surprise,EXACT_DUPLICATE_CONSISTENT_LABEL
890,3b571d478467bd4c48be83a2ac613079e667d080e1029e6598503d32516b5d87,private,100,5,Surprise,2,True,private/train,Surprise,EXACT_DUPLICATE_CONSISTENT_LABEL
891,2119bea4f86cc5dad54ee4b248dad8ec90c7256397050425a8310136eceec5ec,train,12058,1,Disgust,4,True,public/train,Disgust,EXACT_DUPLICATE_CONSISTENT_LABEL
891,2119bea4f86cc5dad54ee4b248dad8ec90c7256397050425a8310136eceec5ec,train,12417,1,Disgust,4,True,public/train,Disgust,EXACT_DUPLICATE_CONSISTENT_LABEL
891,2119bea4f86cc5dad54ee4b248dad8ec90c7256397050425a8310136eceec5ec,train,18221,1,Disgust,4,True,public/train,Disgust,EXACT_DUPLICATE_CONSISTENT_LABEL
891,2119bea4f86cc5dad54ee4b248dad8ec90c7256397050425a8310136eceec5ec,public,2659,1,Disgust,4,True,public/train,Disgust,EXACT_DUPLICATE_CONSISTENT_LABEL
892,17eabc6b067701352299c50f67d0baf3340bb1b1e2dd2c6c27297c596aea39be,train,12068,6,Neutral,2,False,train,Neutral,EXACT_DUPLICATE_CONSISTENT_LABEL
892,17eabc6b067701352299c50f67d0baf3340bb1b1e2dd2c6c27297c596aea39be,train,19628,6,Neutral,2,False,train,Neutral,EXACT_DUPLICATE_CONSISTENT_LABEL
893,ad6ce0cb1472d7df97e692d5b0b9c88f4e723c567f1164925446923d05d276a7,train,12087,6,Neutral,3,True,private/train,Neutral,EXACT_DUPLICATE_CONSISTENT_LABEL
893,ad6ce0cb1472d7df97e692d5b0b9c88f4e723c567f1164925446923d05d276a7,train,16118,6,Neutral,3,True,private/train,Neutral,EXACT_DUPLICATE_CONSISTENT_LABEL
893,ad6ce0cb1472d7df97e692d5b0b9c88f4e723c567f1164925446923d05d276a7,private,137,6,Neutral,3,True,private/train,Neutral,EXACT_DUPLICATE_CONSISTENT_LABEL
894,4408d832d8b04bc48931039804e6e3da9b5faa3b4e6b8f834988d7da01c02754,train,12130,4,Sad,3,True,public/train,Angry/Sad,EXACT_DUPLICATE_CONFLICTING_LABEL
894,4408d832d8b04bc48931039804e6e3da9b5faa3b4e6b8f834988d7da01c02754,train,22475,0,Angry,3,True,public/train,Angry/Sad,EXACT_DUPLICATE_CONFLICTING_LABEL
894,4408d832d8b04bc48931039804e6e3da9b5faa3b4e6b8f834988d7da01c02754,public,2041,4,Sad,3,True,public/train,Angry/Sad,EXACT_DUPLICATE_CONFLICTING_LABEL
895,8314ffa913530065cbc0271c509f000361b559b1f8b20b8d40cd34228d21d6b6,train,12134,5,Surprise,2,False,train,Surprise,EXACT_DUPLICATE_CONSISTENT_LABEL
895,8314ffa913530065cbc0271c509f000361b559b1f8b20b8d40cd34228d21d6b6,train,20144,5,Surprise,2,False,train,Surprise,EXACT_DUPLICATE_CONSISTENT_LABEL
896,abeb094714a951016e3484754557181c9e98d84ebfe62a480bdc38587f3777fb,train,12142,0,Angry,2,False,train,Angry,EXACT_DUPLICATE_CONSISTENT_LABEL
896,abeb094714a951016e3484754557181c9e98d84ebfe62a480bdc38587f3777fb,train,19543,0,Angry,2,False,train,Angry,EXACT_DUPLICATE_CONSISTENT_LABEL
897,7876de7dee2791ef2c41d3118f9f79a9b8b4f101d3771114e84f5b20378af96e,train,12165,6,Neutral,2,False,train,Neutral,EXACT_DUPLICATE_CONSISTENT_LABEL
897,7876de7dee2791ef2c41d3118f9f79a9b8b4f101d3771114e84f5b20378af96e,train,26395,6,Neutral,2,False,train,Neutral,EXACT_DUPLICATE_CONSISTENT_LABEL
898,53ba2729e238f58bad556df0154ea56feddf41a874a8cd1698cb398c7b1b7823,train,12179,1,Disgust,2,False,train,Disgust,EXACT_DUPLICATE_CONSISTENT_LABEL
898,53ba2729e238f58bad556df0154ea56feddf41a874a8cd1698cb398c7b1b7823,train,23683,1,Disgust,2,False,train,Disgust,EXACT_DUPLICATE_CONSISTENT_LABEL
899,8fbfb659c5cc3d4083075cb15a920ffedeade60bab12934e681f9e4733151243,train,12188,2,Fear,2,False,train,Fear,EXACT_DUPLICATE_CONSISTENT_LABEL
899,8fbfb659c5cc3d4083075cb15a920ffedeade60bab12934e681f9e4733151243,train,14138,2,Fear,2,False,train,Fear,EXACT_DUPLICATE_CONSISTENT_LABEL
900,39b7e19f3f9079e44b1677055a4d54d615631197aea6404494508828c202934e,train,12195,5,Surprise,2,False,train,Surprise,EXACT_DUPLICATE_CONSISTENT_LABEL
900,39b7e19f3f9079e44b1677055a4d54d615631197aea6404494508828c202934e,train,20003,5,Surprise,2,False,train,Surprise,EXACT_DUPLICATE_CONSISTENT_LABEL
901,5e09a9d7359118b5204aed5bf6a331bbf90fafaf8c5fa1710858823355c9665d,train,12201,5,Surprise,2,False,train,Surprise,EXACT_DUPLICATE_CONSISTENT_LABEL
901,5e09a9d7359118b5204aed5bf6a331bbf90fafaf8c5fa1710858823355c9665d,train,27702,5,Surprise,2,False,train,Surprise,EXACT_DUPLICATE_CONSISTENT_LABEL
902,69c0006af0b1186bdebe63315749ca2f8b29547f6ef71511d21ecc90a0c9765a,train,12202,6,Neutral,2,True,public/train,Neutral,EXACT_DUPLICATE_CONSISTENT_LABEL
902,69c0006af0b1186bdebe63315749ca2f8b29547f6ef71511d21ecc90a0c9765a,public,2132,6,Neutral,2,True,public/train,Neutral,EXACT_DUPLICATE_CONSISTENT_LABEL
903,4b31975d54dc97cb84c642c4e7d0627e6cab7315dd80dc94642ae128e7bdf77a,train,12288,6,Neutral,2,False,train,Neutral,EXACT_DUPLICATE_CONSISTENT_LABEL
903,4b31975d54dc97cb84c642c4e7d0627e6cab7315dd80dc94642ae128e7bdf77a,train,14174,6,Neutral,2,False,train,Neutral,EXACT_DUPLICATE_CONSISTENT_LABEL
904,9a09cfa2814d0104830319de2dcfb5711a4f0a596c67b34712647533bbfa998c,train,12325,6,Neutral,2,False,train,Neutral,EXACT_DUPLICATE_CONSISTENT_LABEL
904,9a09cfa2814d0104830319de2dcfb5711a4f0a596c67b34712647533bbfa998c,train,26570,6,Neutral,2,False,train,Neutral,EXACT_DUPLICATE_CONSISTENT_LABEL
905,d484abe906db6f63c4838e4390fe6606a71eba90e4d091b523573cbc9957133e,train,12340,2,Fear,2,False,train,Fear,EXACT_DUPLICATE_CONSISTENT_LABEL
905,d484abe906db6f63c4838e4390fe6606a71eba90e4d091b523573cbc9957133e,train,28453,2,Fear,2,False,train,Fear,EXACT_DUPLICATE_CONSISTENT_LABEL
906,a13b6888904675811622c6283e00e5a33242d39fb11cd53865b898b253f0bd06,train,12353,2,Fear,2,False,train,Fear,EXACT_DUPLICATE_CONSISTENT_LABEL
906,a13b6888904675811622c6283e00e5a33242d39fb11cd53865b898b253f0bd06,train,20398,2,Fear,2,False,train,Fear,EXACT_DUPLICATE_CONSISTENT_LABEL
907,d2a8aa90f283b2f35173c423bd933aa700123e59341572364430b4bab58e8f05,train,12364,4,Sad,2,False,train,Sad,EXACT_DUPLICATE_CONSISTENT_LABEL
907,d2a8aa90f283b2f35173c423bd933aa700123e59341572364430b4bab58e8f05,train,20468,4,Sad,2,False,train,Sad,EXACT_DUPLICATE_CONSISTENT_LABEL
908,18e1e5a472897d3e98846e5d3e5e3aaadb74097b82b36e1059830539be2c785f,train,12374,2,Fear,2,False,train,Fear,EXACT_DUPLICATE_CONSISTENT_LABEL
908,18e1e5a472897d3e98846e5d3e5e3aaadb74097b82b36e1059830539be2c785f,train,19475,2,Fear,2,False,train,Fear,EXACT_DUPLICATE_CONSISTENT_LABEL
909,bd002732e4d804dd2872bbfb723d43313958127afdb0139101cb0b3cf5f0d030,train,12441,2,Fear,2,True,private/train,Fear,EXACT_DUPLICATE_CONSISTENT_LABEL
909,bd002732e4d804dd2872bbfb723d43313958127afdb0139101cb0b3cf5f0d030,private,587,2,Fear,2,True,private/train,Fear,EXACT_DUPLICATE_CONSISTENT_LABEL
910,58f5c484f4bfe85c6b98059c9269b03cf6a5109f015996c95a1c8479e1b10e13,train,12454,5,Surprise,2,False,train,Surprise,EXACT_DUPLICATE_CONSISTENT_LABEL
910,58f5c484f4bfe85c6b98059c9269b03cf6a5109f015996c95a1c8479e1b10e13,train,21054,5,Surprise,2,False,train,Surprise,EXACT_DUPLICATE_CONSISTENT_LABEL
911,7e4eeee3d981fca4a8e19d79f6c46bbdbe6244167de261c83256f3ef19e1e947,train,12509,3,Happy,2,False,train,Happy,EXACT_DUPLICATE_CONSISTENT_LABEL
911,7e4eeee3d981fca4a8e19d79f6c46bbdbe6244167de261c83256f3ef19e1e947,train,26055,3,Happy,2,False,train,Happy,EXACT_DUPLICATE_CONSISTENT_LABEL
912,d1bbb4d9ac65614243e1fc387bd70127cf7b8eb25f641651d5fb91a30f1f0f95,train,12567,5,Surprise,2,False,train,Surprise,EXACT_DUPLICATE_CONSISTENT_LABEL
912,d1bbb4d9ac65614243e1fc387bd70127cf7b8eb25f641651d5fb91a30f1f0f95,train,19532,5,Surprise,2,False,train,Surprise,EXACT_DUPLICATE_CONSISTENT_LABEL
913,ab8b0a52996a9c4d4bdbae26540e9afab80417eb1a2923c4d4672f7294a6a0e8,train,12610,5,Surprise,2,False,train,Surprise,EXACT_DUPLICATE_CONSISTENT_LABEL
913,ab8b0a52996a9c4d4bdbae26540e9afab80417eb1a2923c4d4672f7294a6a0e8,train,13686,5,Surprise,2,False,train,Surprise,EXACT_DUPLICATE_CONSISTENT_LABEL
914,cc93e0d593a7483822d3b4823ed787d02c0bc6f8b0b461ce9a22b2fad905858e,train,12666,0,Angry,2,True,private/train,Angry,EXACT_DUPLICATE_CONSISTENT_LABEL
914,cc93e0d593a7483822d3b4823ed787d02c0bc6f8b0b461ce9a22b2fad905858e,private,2795,0,Angry,2,True,private/train,Angry,EXACT_DUPLICATE_CONSISTENT_LABEL
915,154b614e16e83a55b5ea74b3a74c07b60f6f82810dc9e660ff987303ccd4f706,train,12670,6,Neutral,2,False,train,Neutral,EXACT_DUPLICATE_CONSISTENT_LABEL
915,154b614e16e83a55b5ea74b3a74c07b60f6f82810dc9e660ff987303ccd4f706,train,25805,6,Neutral,2,False,train,Neutral,EXACT_DUPLICATE_CONSISTENT_LABEL
916,5b06d6f16ee817d3adfece5285a29495a108077fe8139495c6d27be9597a4c8c,train,12672,3,Happy,2,True,public/train,Happy,EXACT_DUPLICATE_CONSISTENT_LABEL
916,5b06d6f16ee817d3adfece5285a29495a108077fe8139495c6d27be9597a4c8c,public,1715,3,Happy,2,True,public/train,Happy,EXACT_DUPLICATE_CONSISTENT_LABEL
917,17468cb534d2232a229ed3348a54b4bbd304046592a776455bc796c98bd87df8,train,12732,2,Fear,2,True,public/train,Fear,EXACT_DUPLICATE_CONSISTENT_LABEL
917,17468cb534d2232a229ed3348a54b4bbd304046592a776455bc796c98bd87df8,public,2039,2,Fear,2,True,public/train,Fear,EXACT_DUPLICATE_CONSISTENT_LABEL
918,49660b48ffa5ad13d9d177a284def9110ea7ad6504795fee5bcb1ce2c985e5a5,train,12740,6,Neutral,2,True,private/train,Neutral,EXACT_DUPLICATE_CONSISTENT_LABEL
918,49660b48ffa5ad13d9d177a284def9110ea7ad6504795fee5bcb1ce2c985e5a5,private,1105,6,Neutral,2,True,private/train,Neutral,EXACT_DUPLICATE_CONSISTENT_LABEL
919,659ae0283144c1299e14af728b1e442e6c0f4d2afc030ea7803a090f5bc1c2c4,train,12807,1,Disgust,4,True,public/train,Disgust,EXACT_DUPLICATE_CONSISTENT_LABEL
919,659ae0283144c1299e14af728b1e442e6c0f4d2afc030ea7803a090f5bc1c2c4,train,18989,1,Disgust,4,True,public/train,Disgust,EXACT_DUPLICATE_CONSISTENT_LABEL
919,659ae0283144c1299e14af728b1e442e6c0f4d2afc030ea7803a090f5bc1c2c4,train,23141,1,Disgust,4,True,public/train,Disgust,EXACT_DUPLICATE_CONSISTENT_LABEL
919,659ae0283144c1299e14af728b1e442e6c0f4d2afc030ea7803a090f5bc1c2c4,public,2064,1,Disgust,4,True,public/train,Disgust,EXACT_DUPLICATE_CONSISTENT_LABEL
920,1c8b9980e5411e167c7ca0ced573bfcf4a2ae243c431848dbbf1c6adc96f9923,train,12843,4,Sad,2,False,train,Sad,EXACT_DUPLICATE_CONSISTENT_LABEL
920,1c8b9980e5411e167c7ca0ced573bfcf4a2ae243c431848dbbf1c6adc96f9923,train,24744,4,Sad,2,False,train,Sad,EXACT_DUPLICATE_CONSISTENT_LABEL
921,27435b66a86165ae5ade4fc9270ed07311c312df39472d6c6c957f8ec67e557a,train,12851,0,Angry,2,False,train,Angry,EXACT_DUPLICATE_CONSISTENT_LABEL
921,27435b66a86165ae5ade4fc9270ed07311c312df39472d6c6c957f8ec67e557a,train,22685,0,Angry,2,False,train,Angry,EXACT_DUPLICATE_CONSISTENT_LABEL
922,675985817861be1f45f1ec4cd7e99fa44b442c0e0a72eb3f398a00805c9b7822,train,12864,4,Sad,2,True,public/train,Sad,EXACT_DUPLICATE_CONSISTENT_LABEL
922,675985817861be1f45f1ec4cd7e99fa44b442c0e0a72eb3f398a00805c9b7822,public,2043,4,Sad,2,True,public/train,Sad,EXACT_DUPLICATE_CONSISTENT_LABEL
923,c9d80b65351dd98b69c3a6db579fad5f5c4763253c88aaba17de6497213c8a1d,train,12865,5,Surprise,2,False,train,Surprise,EXACT_DUPLICATE_CONSISTENT_LABEL
923,c9d80b65351dd98b69c3a6db579fad5f5c4763253c88aaba17de6497213c8a1d,train,20614,5,Surprise,2,False,train,Surprise,EXACT_DUPLICATE_CONSISTENT_LABEL
924,d5796c732f15ec5bd9f2018cb99cdf662bad99fe9879c897df10370efbacbd1a,train,12895,2,Fear,2,False,train,Fear,EXACT_DUPLICATE_CONSISTENT_LABEL
924,d5796c732f15ec5bd9f2018cb99cdf662bad99fe9879c897df10370efbacbd1a,train,16374,2,Fear,2,False,train,Fear,EXACT_DUPLICATE_CONSISTENT_LABEL
925,9beb832ed58c7edc3b8d5f1c8d09222f31c30b551eeceb618f1b90d76d001d9d,train,12900,5,Surprise,2,True,public/train,Surprise,EXACT_DUPLICATE_CONSISTENT_LABEL
925,9beb832ed58c7edc3b8d5f1c8d09222f31c30b551eeceb618f1b90d76d001d9d,public,2388,5,Surprise,2,True,public/train,Surprise,EXACT_DUPLICATE_CONSISTENT_LABEL
926,5cd5ce61e7e41527960deac389e277fe5d0bafb1c8f4528bc0dfcf9a24a76772,train,12908,5,Surprise,2,False,train,Surprise,EXACT_DUPLICATE_CONSISTENT_LABEL
926,5cd5ce61e7e41527960deac389e277fe5d0bafb1c8f4528bc0dfcf9a24a76772,train,25222,5,Surprise,2,False,train,Surprise,EXACT_DUPLICATE_CONSISTENT_LABEL
927,d3479808a84f82c35b2a5039b9825779177c7e685031c581b35666fd364746d3,train,12912,3,Happy,2,False,train,Happy,EXACT_DUPLICATE_CONSISTENT_LABEL
927,d3479808a84f82c35b2a5039b9825779177c7e685031c581b35666fd364746d3,train,26563,3,Happy,2,False,train,Happy,EXACT_DUPLICATE_CONSISTENT_LABEL
928,014af55ffe2eab95066459c90fe5bcb81fbc883a0544a9d3dca2bfbbb2a0cb87,train,12916,3,Happy,2,False,train,Happy,EXACT_DUPLICATE_CONSISTENT_LABEL
928,014af55ffe2eab95066459c90fe5bcb81fbc883a0544a9d3dca2bfbbb2a0cb87,train,21110,3,Happy,2,False,train,Happy,EXACT_DUPLICATE_CONSISTENT_LABEL
929,a274f9eb67a7be09ad0bcc947d8bec69ef3e805883694f86ab56dbd542f1ee5d,train,12918,5,Surprise,2,False,train,Surprise,EXACT_DUPLICATE_CONSISTENT_LABEL
929,a274f9eb67a7be09ad0bcc947d8bec69ef3e805883694f86ab56dbd542f1ee5d,train,16070,5,Surprise,2,False,train,Surprise,EXACT_DUPLICATE_CONSISTENT_LABEL
930,82b3b355b6e67c5bb23c592ab7b3f8d2e0ad1eb92467d04e9059bb1f138cdf30,train,12919,4,Sad,2,False,train,Sad,EXACT_DUPLICATE_CONSISTENT_LABEL
930,82b3b355b6e67c5bb23c592ab7b3f8d2e0ad1eb92467d04e9059bb1f138cdf30,train,22730,4,Sad,2,False,train,Sad,EXACT_DUPLICATE_CONSISTENT_LABEL
931,00a6923d8b4e7b08139deba4c3c03c78b2d8c24f90e642b0fa88bd9b901f4fa9,train,12935,2,Fear,2,False,train,Fear,EXACT_DUPLICATE_CONSISTENT_LABEL
931,00a6923d8b4e7b08139deba4c3c03c78b2d8c24f90e642b0fa88bd9b901f4fa9,train,19840,2,Fear,2,False,train,Fear,EXACT_DUPLICATE_CONSISTENT_LABEL
932,4fc0ce95f8fa4cd94d1751de7d769684523f37e0b4ac999c35579b89713618bd,train,12946,4,Sad,2,False,train,Sad,EXACT_DUPLICATE_CONSISTENT_LABEL
932,4fc0ce95f8fa4cd94d1751de7d769684523f37e0b4ac999c35579b89713618bd,train,13525,4,Sad,2,False,train,Sad,EXACT_DUPLICATE_CONSISTENT_LABEL
933,2cbbd04b3029f37a9404d584cf916eb96b8ee1a00a258980b2ccc624a9238d58,train,12960,5,Surprise,2,False,train,Surprise,EXACT_DUPLICATE_CONSISTENT_LABEL
933,2cbbd04b3029f37a9404d584cf916eb96b8ee1a00a258980b2ccc624a9238d58,train,17515,5,Surprise,2,False,train,Surprise,EXACT_DUPLICATE_CONSISTENT_LABEL
934,6051c1e7857869f97c4304f92b9c501c697d9facb4827050c9b89f3c505954b3,train,12975,0,Angry,2,False,train,Angry/Sad,EXACT_DUPLICATE_CONFLICTING_LABEL
934,6051c1e7857869f97c4304f92b9c501c697d9facb4827050c9b89f3c505954b3,train,19884,4,Sad,2,False,train,Angry/Sad,EXACT_DUPLICATE_CONFLICTING_LABEL
935,c09405553fa5f00b5ee5408982fc4d6832966037b41a6e888c51641db74f2341,train,12994,2,Fear,2,True,public/train,Fear,EXACT_DUPLICATE_CONSISTENT_LABEL
935,c09405553fa5f00b5ee5408982fc4d6832966037b41a6e888c51641db74f2341,public,1442,2,Fear,2,True,public/train,Fear,EXACT_DUPLICATE_CONSISTENT_LABEL
936,bca4fc59bdc2644702c240e2db96401672149a45f8483b55bba16e86d1ad62ea,train,12997,5,Surprise,2,False,train,Surprise,EXACT_DUPLICATE_CONSISTENT_LABEL
936,bca4fc59bdc2644702c240e2db96401672149a45f8483b55bba16e86d1ad62ea,train,17900,5,Surprise,2,False,train,Surprise,EXACT_DUPLICATE_CONSISTENT_LABEL
937,34b17d14b4c07e2fc49e82d1dd65b0ec7ecc85170be227a6ce9d5ee5a2e4d2e1,train,13012,3,Happy,2,False,train,Happy,EXACT_DUPLICATE_CONSISTENT_LABEL
937,34b17d14b4c07e2fc49e82d1dd65b0ec7ecc85170be227a6ce9d5ee5a2e4d2e1,train,13867,3,Happy,2,False,train,Happy,EXACT_DUPLICATE_CONSISTENT_LABEL
938,2fd6d9d6039dc0aa85c5fd75b2a654118fe4469f15eae854e29127b0a2510362,train,13017,6,Neutral,2,False,train,Neutral,EXACT_DUPLICATE_CONSISTENT_LABEL
938,2fd6d9d6039dc0aa85c5fd75b2a654118fe4469f15eae854e29127b0a2510362,train,16677,6,Neutral,2,False,train,Neutral,EXACT_DUPLICATE_CONSISTENT_LABEL
939,2ad25071b3077aa29983ccfba0a95739454030844198c0f1350fc84bfdcaed96,train,13018,5,Surprise,2,True,public/train,Surprise,EXACT_DUPLICATE_CONSISTENT_LABEL
939,2ad25071b3077aa29983ccfba0a95739454030844198c0f1350fc84bfdcaed96,public,3269,5,Surprise,2,True,public/train,Surprise,EXACT_DUPLICATE_CONSISTENT_LABEL
940,05048258739cd80b5f5a6d6ce7b6cffa53f9b99b03833bc23926dbce7780e6e0,train,13023,5,Surprise,3,False,train,Surprise,EXACT_DUPLICATE_CONSISTENT_LABEL
940,05048258739cd80b5f5a6d6ce7b6cffa53f9b99b03833bc23926dbce7780e6e0,train,14177,5,Surprise,3,False,train,Surprise,EXACT_DUPLICATE_CONSISTENT_LABEL
940,05048258739cd80b5f5a6d6ce7b6cffa53f9b99b03833bc23926dbce7780e6e0,train,23796,5,Surprise,3,False,train,Surprise,EXACT_DUPLICATE_CONSISTENT_LABEL
941,2b08eb354b0c0a8216e8f5e21ddd5fcf4d369930623c293e4f8d4468b37e8ab7,train,13078,2,Fear,2,False,train,Fear,EXACT_DUPLICATE_CONSISTENT_LABEL
941,2b08eb354b0c0a8216e8f5e21ddd5fcf4d369930623c293e4f8d4468b37e8ab7,train,15834,2,Fear,2,False,train,Fear,EXACT_DUPLICATE_CONSISTENT_LABEL
942,77281ea7f232f514f32f9c7df7881122135c7b8c958a4de518c3386e74f6e217,train,13082,2,Fear,2,False,train,Fear,EXACT_DUPLICATE_CONSISTENT_LABEL
942,77281ea7f232f514f32f9c7df7881122135c7b8c958a4de518c3386e74f6e217,train,14062,2,Fear,2,False,train,Fear,EXACT_DUPLICATE_CONSISTENT_LABEL
943,700f2b337ff05b54d60a99fa941f4115887549262c102d6a721b7e7caed13915,train,13089,3,Happy,3,True,public/train,Happy,EXACT_DUPLICATE_CONSISTENT_LABEL
943,700f2b337ff05b54d60a99fa941f4115887549262c102d6a721b7e7caed13915,train,15161,3,Happy,3,True,public/train,Happy,EXACT_DUPLICATE_CONSISTENT_LABEL
943,700f2b337ff05b54d60a99fa941f4115887549262c102d6a721b7e7caed13915,public,709,3,Happy,3,True,public/train,Happy,EXACT_DUPLICATE_CONSISTENT_LABEL
944,2b7747009e27d8c6f4543f28920fba0ef321e7bf58351a48ed8cca7816e777f5,train,13101,5,Surprise,2,False,train,Surprise,EXACT_DUPLICATE_CONSISTENT_LABEL
944,2b7747009e27d8c6f4543f28920fba0ef321e7bf58351a48ed8cca7816e777f5,train,15524,5,Surprise,2,False,train,Surprise,EXACT_DUPLICATE_CONSISTENT_LABEL
945,07e6a860c79c05338231ceb42772283a3ba67f54004aabc73362ef73fe260475,train,13131,5,Surprise,3,False,train,Surprise,EXACT_DUPLICATE_CONSISTENT_LABEL
945,07e6a860c79c05338231ceb42772283a3ba67f54004aabc73362ef73fe260475,train,21780,5,Surprise,3,False,train,Surprise,EXACT_DUPLICATE_CONSISTENT_LABEL
945,07e6a860c79c05338231ceb42772283a3ba67f54004aabc73362ef73fe260475,train,26874,5,Surprise,3,False,train,Surprise,EXACT_DUPLICATE_CONSISTENT_LABEL
946,92dc7720f0b53f6524e6336a1143bd52ace94b74d4bac5b397f4eb345d5eb6c5,train,13132,6,Neutral,2,True,private/train,Neutral,EXACT_DUPLICATE_CONSISTENT_LABEL
946,92dc7720f0b53f6524e6336a1143bd52ace94b74d4bac5b397f4eb345d5eb6c5,private,2305,6,Neutral,2,True,private/train,Neutral,EXACT_DUPLICATE_CONSISTENT_LABEL
947,5e67508ee655e5287226dedc0355762b5f4536e89f2af827a282e5154a002754,train,13140,6,Neutral,2,False,train,Neutral,EXACT_DUPLICATE_CONSISTENT_LABEL
947,5e67508ee655e5287226dedc0355762b5f4536e89f2af827a282e5154a002754,train,23367,6,Neutral,2,False,train,Neutral,EXACT_DUPLICATE_CONSISTENT_LABEL
948,261c257ed14f9aa77c64d2b4f94188aa3c90aadda2893d41d01732084fb70b58,train,13144,3,Happy,2,True,private/train,Happy,EXACT_DUPLICATE_CONSISTENT_LABEL
948,261c257ed14f9aa77c64d2b4f94188aa3c90aadda2893d41d01732084fb70b58,private,2769,3,Happy,2,True,private/train,Happy,EXACT_DUPLICATE_CONSISTENT_LABEL
949,6fb06d5bfde9dd85e3fa6492d20d85df586642819f6e7065fe44f5c3ce995e88,train,13146,2,Fear,2,False,train,Fear,EXACT_DUPLICATE_CONSISTENT_LABEL
949,6fb06d5bfde9dd85e3fa6492d20d85df586642819f6e7065fe44f5c3ce995e88,train,18319,2,Fear,2,False,train,Fear,EXACT_DUPLICATE_CONSISTENT_LABEL
950,e6e43de644437890bfc5adf442893d54763ad51c164c80cbce70c9a262b3455c,train,13205,5,Surprise,2,True,public/train,Surprise,EXACT_DUPLICATE_CONSISTENT_LABEL
950,e6e43de644437890bfc5adf442893d54763ad51c164c80cbce70c9a262b3455c,public,1288,5,Surprise,2,True,public/train,Surprise,EXACT_DUPLICATE_CONSISTENT_LABEL
951,0bc43b70d81ffd881317ce88051ccc45ed20f404fe09828d9d98092c85a2b03d,train,13213,6,Neutral,2,True,private/train,Neutral,EXACT_DUPLICATE_CONSISTENT_LABEL
951,0bc43b70d81ffd881317ce88051ccc45ed20f404fe09828d9d98092c85a2b03d,private,1344,6,Neutral,2,True,private/train,Neutral,EXACT_DUPLICATE_CONSISTENT_LABEL
952,ce49033e3e1f3af2ff3a1c5a44e7843bee8b0423c3f835a1f1d8fcc830cdb854,train,13263,1,Disgust,6,True,public/train,Disgust,EXACT_DUPLICATE_CONSISTENT_LABEL
952,ce49033e3e1f3af2ff3a1c5a44e7843bee8b0423c3f835a1f1d8fcc830cdb854,train,14774,1,Disgust,6,True,public/train,Disgust,EXACT_DUPLICATE_CONSISTENT_LABEL
952,ce49033e3e1f3af2ff3a1c5a44e7843bee8b0423c3f835a1f1d8fcc830cdb854,train,19813,1,Disgust,6,True,public/train,Disgust,EXACT_DUPLICATE_CONSISTENT_LABEL
952,ce49033e3e1f3af2ff3a1c5a44e7843bee8b0423c3f835a1f1d8fcc830cdb854,train,21765,1,Disgust,6,True,public/train,Disgust,EXACT_DUPLICATE_CONSISTENT_LABEL
952,ce49033e3e1f3af2ff3a1c5a44e7843bee8b0423c3f835a1f1d8fcc830cdb854,public,1841,1,Disgust,6,True,public/train,Disgust,EXACT_DUPLICATE_CONSISTENT_LABEL
952,ce49033e3e1f3af2ff3a1c5a44e7843bee8b0423c3f835a1f1d8fcc830cdb854,public,3551,1,Disgust,6,True,public/train,Disgust,EXACT_DUPLICATE_CONSISTENT_LABEL
953,1cdd1169f82bb3ad2b03b378bee36e95c2b4214297925eec3900420b5021c341,train,13270,2,Fear,2,True,private/train,Fear,EXACT_DUPLICATE_CONSISTENT_LABEL
953,1cdd1169f82bb3ad2b03b378bee36e95c2b4214297925eec3900420b5021c341,private,1915,2,Fear,2,True,private/train,Fear,EXACT_DUPLICATE_CONSISTENT_LABEL
954,b455377b465909d8080f42fab7f17b5bfa2d65b6f08fdf1cb656b97267b2823b,train,13286,5,Surprise,2,False,train,Surprise,EXACT_DUPLICATE_CONSISTENT_LABEL
954,b455377b465909d8080f42fab7f17b5bfa2d65b6f08fdf1cb656b97267b2823b,train,19556,5,Surprise,2,False,train,Surprise,EXACT_DUPLICATE_CONSISTENT_LABEL
955,f745ecb8ad5833a13b55260b87a5276659ad755499cc67d97aa903cb40414e5a,train,13300,2,Fear,2,False,train,Fear,EXACT_DUPLICATE_CONSISTENT_LABEL
955,f745ecb8ad5833a13b55260b87a5276659ad755499cc67d97aa903cb40414e5a,train,19808,2,Fear,2,False,train,Fear,EXACT_DUPLICATE_CONSISTENT_LABEL
956,18364d5b307508e2273cfb8af540eaa31b6ffc00da39261c43cfa2ade0c4cd49,train,13311,5,Surprise,2,False,train,Surprise,EXACT_DUPLICATE_CONSISTENT_LABEL
956,18364d5b307508e2273cfb8af540eaa31b6ffc00da39261c43cfa2ade0c4cd49,train,19920,5,Surprise,2,False,train,Surprise,EXACT_DUPLICATE_CONSISTENT_LABEL
957,e19d3ed7de0569098cc13fb9eee14ac432682a741989d0520d3bf085db295c48,train,13356,2,Fear,2,True,private/train,Fear,EXACT_DUPLICATE_CONSISTENT_LABEL
957,e19d3ed7de0569098cc13fb9eee14ac432682a741989d0520d3bf085db295c48,private,16,2,Fear,2,True,private/train,Fear,EXACT_DUPLICATE_CONSISTENT_LABEL
958,5ac4d869439ad6605fa60d82932090089d64fecdb0306a244e1dcd7eeafc026e,train,13482,2,Fear,2,True,public/train,Fear,EXACT_DUPLICATE_CONSISTENT_LABEL
958,5ac4d869439ad6605fa60d82932090089d64fecdb0306a244e1dcd7eeafc026e,public,1932,2,Fear,2,True,public/train,Fear,EXACT_DUPLICATE_CONSISTENT_LABEL
959,b2075587c82215e38bb42c5abaf851d47c37c6e2a4e65b7a9959bc940e3d9b1a,train,13484,4,Sad,3,False,train,Angry/Sad,EXACT_DUPLICATE_CONFLICTING_LABEL
959,b2075587c82215e38bb42c5abaf851d47c37c6e2a4e65b7a9959bc940e3d9b1a,train,15522,4,Sad,3,False,train,Angry/Sad,EXACT_DUPLICATE_CONFLICTING_LABEL
959,b2075587c82215e38bb42c5abaf851d47c37c6e2a4e65b7a9959bc940e3d9b1a,train,18333,0,Angry,3,False,train,Angry/Sad,EXACT_DUPLICATE_CONFLICTING_LABEL
960,bc679d5310b4ba11ecbf99faac93d067443b6384b464b06553126d8ecb975fc3,train,13507,5,Surprise,2,True,private/train,Surprise,EXACT_DUPLICATE_CONSISTENT_LABEL
960,bc679d5310b4ba11ecbf99faac93d067443b6384b464b06553126d8ecb975fc3,private,2635,5,Surprise,2,True,private/train,Surprise,EXACT_DUPLICATE_CONSISTENT_LABEL
961,593a3fd701153bf1d8401e37d8e991e4272708f7434f7c1dda46dd193170153f,train,13521,5,Surprise,2,False,train,Surprise,EXACT_DUPLICATE_CONSISTENT_LABEL
961,593a3fd701153bf1d8401e37d8e991e4272708f7434f7c1dda46dd193170153f,train,20464,5,Surprise,2,False,train,Surprise,EXACT_DUPLICATE_CONSISTENT_LABEL
962,bff0be144b130418255092b727fcee81bdd9234451323bf8b2b21440de989af4,train,13529,5,Surprise,2,True,public/train,Surprise,EXACT_DUPLICATE_CONSISTENT_LABEL
962,bff0be144b130418255092b727fcee81bdd9234451323bf8b2b21440de989af4,public,3467,5,Surprise,2,True,public/train,Surprise,EXACT_DUPLICATE_CONSISTENT_LABEL
963,57b9b2ecf71861d8f39d56e73f8d87b2006048233f0ba566355978ac6d3c40ba,train,13534,5,Surprise,2,False,train,Surprise,EXACT_DUPLICATE_CONSISTENT_LABEL
963,57b9b2ecf71861d8f39d56e73f8d87b2006048233f0ba566355978ac6d3c40ba,train,26332,5,Surprise,2,False,train,Surprise,EXACT_DUPLICATE_CONSISTENT_LABEL
964,d10904dc9b25f8bdb4b58b3bc7ba8eb00914c7ee19190d77a5ba6480e43c515d,train,13558,3,Happy,2,False,train,Happy,EXACT_DUPLICATE_CONSISTENT_LABEL
964,d10904dc9b25f8bdb4b58b3bc7ba8eb00914c7ee19190d77a5ba6480e43c515d,train,14967,3,Happy,2,False,train,Happy,EXACT_DUPLICATE_CONSISTENT_LABEL
965,e4a1d8ce7198f9f4c7927a807ae857054d4f07c61ebfcba517c1e45b4c440f7b,train,13565,5,Surprise,2,False,train,Surprise,EXACT_DUPLICATE_CONSISTENT_LABEL
965,e4a1d8ce7198f9f4c7927a807ae857054d4f07c61ebfcba517c1e45b4c440f7b,train,19222,5,Surprise,2,False,train,Surprise,EXACT_DUPLICATE_CONSISTENT_LABEL
966,33c0ff00fd36b0b68fcb38f7c1af7f081494a6e71e1d77b4a9b8d4cd7e7bb4ec,train,13587,2,Fear,2,False,train,Fear,EXACT_DUPLICATE_CONSISTENT_LABEL
966,33c0ff00fd36b0b68fcb38f7c1af7f081494a6e71e1d77b4a9b8d4cd7e7bb4ec,train,17282,2,Fear,2,False,train,Fear,EXACT_DUPLICATE_CONSISTENT_LABEL
967,c1a37981bb927ddf0a6ab3354906d3d5108fa2767275e297219a5dd05b0ad08e,train,13674,4,Sad,2,True,public/train,Sad,EXACT_DUPLICATE_CONSISTENT_LABEL
967,c1a37981bb927ddf0a6ab3354906d3d5108fa2767275e297219a5dd05b0ad08e,public,641,4,Sad,2,True,public/train,Sad,EXACT_DUPLICATE_CONSISTENT_LABEL
968,f90bbfae5eb0aa1c0084e4436c495989b0b08283e5769758bdcfc2597fe24f76,train,13689,5,Surprise,2,False,train,Surprise,EXACT_DUPLICATE_CONSISTENT_LABEL
968,f90bbfae5eb0aa1c0084e4436c495989b0b08283e5769758bdcfc2597fe24f76,train,28603,5,Surprise,2,False,train,Surprise,EXACT_DUPLICATE_CONSISTENT_LABEL
969,cb557fa98d91107c34c7d9d5af9acd2d15292282cd003761426015940dce514d,train,13728,2,Fear,2,False,train,Fear,EXACT_DUPLICATE_CONSISTENT_LABEL
969,cb557fa98d91107c34c7d9d5af9acd2d15292282cd003761426015940dce514d,train,21102,2,Fear,2,False,train,Fear,EXACT_DUPLICATE_CONSISTENT_LABEL
970,718314c1cdd9e3b3dd358e9a9a26fcbd37f8f9a6ac922668560e71685e2b99ae,train,13735,0,Angry,3,True,public/train,Angry,EXACT_DUPLICATE_CONSISTENT_LABEL
970,718314c1cdd9e3b3dd358e9a9a26fcbd37f8f9a6ac922668560e71685e2b99ae,train,18779,0,Angry,3,True,public/train,Angry,EXACT_DUPLICATE_CONSISTENT_LABEL
970,718314c1cdd9e3b3dd358e9a9a26fcbd37f8f9a6ac922668560e71685e2b99ae,public,1839,0,Angry,3,True,public/train,Angry,EXACT_DUPLICATE_CONSISTENT_LABEL
971,0d31d4f3da033e0cb0a81e2b820bbbc0d33a451d96369fdebb1303973d187563,train,13738,0,Angry,7,True,private/public/train,Angry,EXACT_DUPLICATE_CONSISTENT_LABEL
971,0d31d4f3da033e0cb0a81e2b820bbbc0d33a451d96369fdebb1303973d187563,train,20124,0,Angry,7,True,private/public/train,Angry,EXACT_DUPLICATE_CONSISTENT_LABEL
971,0d31d4f3da033e0cb0a81e2b820bbbc0d33a451d96369fdebb1303973d187563,train,25908,0,Angry,7,True,private/public/train,Angry,EXACT_DUPLICATE_CONSISTENT_LABEL
971,0d31d4f3da033e0cb0a81e2b820bbbc0d33a451d96369fdebb1303973d187563,train,26962,0,Angry,7,True,private/public/train,Angry,EXACT_DUPLICATE_CONSISTENT_LABEL
971,0d31d4f3da033e0cb0a81e2b820bbbc0d33a451d96369fdebb1303973d187563,public,723,0,Angry,7,True,private/public/train,Angry,EXACT_DUPLICATE_CONSISTENT_LABEL
971,0d31d4f3da033e0cb0a81e2b820bbbc0d33a451d96369fdebb1303973d187563,public,1101,0,Angry,7,True,private/public/train,Angry,EXACT_DUPLICATE_CONSISTENT_LABEL
971,0d31d4f3da033e0cb0a81e2b820bbbc0d33a451d96369fdebb1303973d187563,private,3262,0,Angry,7,True,private/public/train,Angry,EXACT_DUPLICATE_CONSISTENT_LABEL
972,e6706e8b51c5a358fee206227902a51a2b73a4b4d3218990dcb5658335a49604,train,13754,3,Happy,2,False,train,Happy,EXACT_DUPLICATE_CONSISTENT_LABEL
972,e6706e8b51c5a358fee206227902a51a2b73a4b4d3218990dcb5658335a49604,train,27015,3,Happy,2,False,train,Happy,EXACT_DUPLICATE_CONSISTENT_LABEL
973,7adc956875f92f4bb51cb7b83beeb9320f0c26f59df374ea4185e09285f89f46,train,13767,5,Surprise,2,True,public/train,Surprise,EXACT_DUPLICATE_CONSISTENT_LABEL
973,7adc956875f92f4bb51cb7b83beeb9320f0c26f59df374ea4185e09285f89f46,public,3289,5,Surprise,2,True,public/train,Surprise,EXACT_DUPLICATE_CONSISTENT_LABEL
974,5b6fd033f22778a203964ca3fd9a45e2ce6dc92132b3e358bda6c17b912ffeb1,train,13807,2,Fear,2,True,public/train,Fear,EXACT_DUPLICATE_CONSISTENT_LABEL
974,5b6fd033f22778a203964ca3fd9a45e2ce6dc92132b3e358bda6c17b912ffeb1,public,1815,2,Fear,2,True,public/train,Fear,EXACT_DUPLICATE_CONSISTENT_LABEL
975,e111338437e532b2056eeea034ae7dbd78a9db8cf400b03795775de19eb26f32,train,13827,5,Surprise,2,False,train,Surprise,EXACT_DUPLICATE_CONSISTENT_LABEL
975,e111338437e532b2056eeea034ae7dbd78a9db8cf400b03795775de19eb26f32,train,21346,5,Surprise,2,False,train,Surprise,EXACT_DUPLICATE_CONSISTENT_LABEL
976,881ac9021281d3dcac76bf15e2867d8bc0a98f1444987d408f3adf3cc3a08f1a,train,13856,2,Fear,2,True,private/train,Fear,EXACT_DUPLICATE_CONSISTENT_LABEL
976,881ac9021281d3dcac76bf15e2867d8bc0a98f1444987d408f3adf3cc3a08f1a,private,2196,2,Fear,2,True,private/train,Fear,EXACT_DUPLICATE_CONSISTENT_LABEL
977,c10cfe2f932e043d7e1e5f0e9e59ff2a0341b101108517945245943d57d7cbd1,train,13880,4,Sad,2,False,train,Neutral/Sad,EXACT_DUPLICATE_CONFLICTING_LABEL
977,c10cfe2f932e043d7e1e5f0e9e59ff2a0341b101108517945245943d57d7cbd1,train,16445,6,Neutral,2,False,train,Neutral/Sad,EXACT_DUPLICATE_CONFLICTING_LABEL
978,eedab8d839703fe2e38e7e2a4c48125e9f73e357ac070e15a52a8e43b3e74f84,train,13881,2,Fear,2,False,train,Fear,EXACT_DUPLICATE_CONSISTENT_LABEL
978,eedab8d839703fe2e38e7e2a4c48125e9f73e357ac070e15a52a8e43b3e74f84,train,15982,2,Fear,2,False,train,Fear,EXACT_DUPLICATE_CONSISTENT_LABEL
979,baa38c0d217ac79b1cfe01ed14ec63dd3447b3276655dde4567398c49ffa04d8,train,13914,5,Surprise,2,True,public/train,Surprise,EXACT_DUPLICATE_CONSISTENT_LABEL
979,baa38c0d217ac79b1cfe01ed14ec63dd3447b3276655dde4567398c49ffa04d8,public,2585,5,Surprise,2,True,public/train,Surprise,EXACT_DUPLICATE_CONSISTENT_LABEL
980,47eac86ca5f67887e96388f874be54d3a77ef17dd976718e4f7dda7f85d0f413,train,13934,0,Angry,2,False,train,Angry,EXACT_DUPLICATE_CONSISTENT_LABEL
980,47eac86ca5f67887e96388f874be54d3a77ef17dd976718e4f7dda7f85d0f413,train,17179,0,Angry,2,False,train,Angry,EXACT_DUPLICATE_CONSISTENT_LABEL
981,85d2762bb02197a2aa06f84a3f4d45d0e7d2c91ccf45722049b93a6d9c43fefe,train,13980,5,Surprise,2,False,train,Surprise,EXACT_DUPLICATE_CONSISTENT_LABEL
981,85d2762bb02197a2aa06f84a3f4d45d0e7d2c91ccf45722049b93a6d9c43fefe,train,24215,5,Surprise,2,False,train,Surprise,EXACT_DUPLICATE_CONSISTENT_LABEL
982,17d6087634341d76acc1bcf9a17f5f946bc7ffc093620ad9473d05aeb59a3fb2,train,14011,2,Fear,2,False,train,Fear,EXACT_DUPLICATE_CONSISTENT_LABEL
982,17d6087634341d76acc1bcf9a17f5f946bc7ffc093620ad9473d05aeb59a3fb2,train,22037,2,Fear,2,False,train,Fear,EXACT_DUPLICATE_CONSISTENT_LABEL
983,7ec20c8c98718411c4221032409d989484b27bc5a9c46247b3d38ee31b8d1079,train,14042,2,Fear,2,False,train,Fear,EXACT_DUPLICATE_CONSISTENT_LABEL
983,7ec20c8c98718411c4221032409d989484b27bc5a9c46247b3d38ee31b8d1079,train,21833,2,Fear,2,False,train,Fear,EXACT_DUPLICATE_CONSISTENT_LABEL
984,a2f40789e6bfbecf81f2f976e2308caf3e73b4d9d7cc5e839181d83340058683,train,14052,5,Surprise,2,True,private/train,Surprise,EXACT_DUPLICATE_CONSISTENT_LABEL
984,a2f40789e6bfbecf81f2f976e2308caf3e73b4d9d7cc5e839181d83340058683,private,3200,5,Surprise,2,True,private/train,Surprise,EXACT_DUPLICATE_CONSISTENT_LABEL
985,2911d45666e7325d068ad24daeaa88cbd3a98b1b5c56c9da3d4b78ea2e9892b9,train,14069,4,Sad,2,True,private/train,Neutral/Sad,EXACT_DUPLICATE_CONFLICTING_LABEL
985,2911d45666e7325d068ad24daeaa88cbd3a98b1b5c56c9da3d4b78ea2e9892b9,private,1268,6,Neutral,2,True,private/train,Neutral/Sad,EXACT_DUPLICATE_CONFLICTING_LABEL
986,cbf2bfb8de96dc1158af6a9df03e20903c60b5cc5df6362df563d3c3f1a838e5,train,14100,2,Fear,2,True,private/train,Fear,EXACT_DUPLICATE_CONSISTENT_LABEL
986,cbf2bfb8de96dc1158af6a9df03e20903c60b5cc5df6362df563d3c3f1a838e5,private,3177,2,Fear,2,True,private/train,Fear,EXACT_DUPLICATE_CONSISTENT_LABEL
987,069ec5ef45788a7013c0aaee5f256f4a22aae75782bb930b2106908ffc9b83fd,train,14125,2,Fear,2,True,public/train,Fear,EXACT_DUPLICATE_CONSISTENT_LABEL
987,069ec5ef45788a7013c0aaee5f256f4a22aae75782bb930b2106908ffc9b83fd,public,619,2,Fear,2,True,public/train,Fear,EXACT_DUPLICATE_CONSISTENT_LABEL
988,216edede6ed3975afaa0eee2f542b78eb536f6672f5830642faff204bd0f49ad,train,14154,6,Neutral,2,False,train,Neutral,EXACT_DUPLICATE_CONSISTENT_LABEL
988,216edede6ed3975afaa0eee2f542b78eb536f6672f5830642faff204bd0f49ad,train,25960,6,Neutral,2,False,train,Neutral,EXACT_DUPLICATE_CONSISTENT_LABEL
989,ace0f42b2b7a6ec86014d58b04f236f14461eee745cad0ac33573d5a6ae37fdd,train,14236,3,Happy,2,True,private/train,Happy,EXACT_DUPLICATE_CONSISTENT_LABEL
989,ace0f42b2b7a6ec86014d58b04f236f14461eee745cad0ac33573d5a6ae37fdd,private,3063,3,Happy,2,True,private/train,Happy,EXACT_DUPLICATE_CONSISTENT_LABEL
990,0ec5fa3f2240d922f721df7a85d26e66dcd72d3043f02d5406ef4c8df9c08320,train,14241,2,Fear,2,False,train,Fear,EXACT_DUPLICATE_CONSISTENT_LABEL
990,0ec5fa3f2240d922f721df7a85d26e66dcd72d3043f02d5406ef4c8df9c08320,train,21967,2,Fear,2,False,train,Fear,EXACT_DUPLICATE_CONSISTENT_LABEL
991,6850eba7ff384de3c30a09a7f3457adcb0653fa9547ec0b95146e30b45b9a4ec,train,14256,3,Happy,2,False,train,Happy,EXACT_DUPLICATE_CONSISTENT_LABEL
991,6850eba7ff384de3c30a09a7f3457adcb0653fa9547ec0b95146e30b45b9a4ec,train,25652,3,Happy,2,False,train,Happy,EXACT_DUPLICATE_CONSISTENT_LABEL
992,eba0f3c74a4f80754d3645e6940dfbac518751b75e146d9b7a5373145ae80c98,train,14259,3,Happy,2,True,public/train,Happy,EXACT_DUPLICATE_CONSISTENT_LABEL
992,eba0f3c74a4f80754d3645e6940dfbac518751b75e146d9b7a5373145ae80c98,public,98,3,Happy,2,True,public/train,Happy,EXACT_DUPLICATE_CONSISTENT_LABEL
993,709d8890798eb571b384ecd4829e0cf934ce2df46517437745792c03cebe79a0,train,14268,2,Fear,2,False,train,Fear,EXACT_DUPLICATE_CONSISTENT_LABEL
993,709d8890798eb571b384ecd4829e0cf934ce2df46517437745792c03cebe79a0,train,18758,2,Fear,2,False,train,Fear,EXACT_DUPLICATE_CONSISTENT_LABEL
994,c948cd99ee06ac72dcefc9082fec97d788fe2d6cef2988ca0483d7ff37305427,train,14305,5,Surprise,2,False,train,Surprise,EXACT_DUPLICATE_CONSISTENT_LABEL
994,c948cd99ee06ac72dcefc9082fec97d788fe2d6cef2988ca0483d7ff37305427,train,25674,5,Surprise,2,False,train,Surprise,EXACT_DUPLICATE_CONSISTENT_LABEL
995,f70c1d5b82ef4752076d0be8a057c87aba56fdb9fa44336292fed1232d6b5f93,train,14331,5,Surprise,2,True,public/train,Surprise,EXACT_DUPLICATE_CONSISTENT_LABEL
995,f70c1d5b82ef4752076d0be8a057c87aba56fdb9fa44336292fed1232d6b5f93,public,1358,5,Surprise,2,True,public/train,Surprise,EXACT_DUPLICATE_CONSISTENT_LABEL
996,66513c5089aa8e74bfc8d2921493836295566a189bb93adc6dd46677c34ea7d2,train,14341,5,Surprise,2,True,public/train,Surprise,EXACT_DUPLICATE_CONSISTENT_LABEL
996,66513c5089aa8e74bfc8d2921493836295566a189bb93adc6dd46677c34ea7d2,public,2081,5,Surprise,2,True,public/train,Surprise,EXACT_DUPLICATE_CONSISTENT_LABEL
997,b0d4e8e1cc8cf17bd7e4678a597b100decce0c9f35254604202261ebb49a35f6,train,14356,2,Fear,2,True,private/train,Angry/Fear,EXACT_DUPLICATE_CONFLICTING_LABEL
997,b0d4e8e1cc8cf17bd7e4678a597b100decce0c9f35254604202261ebb49a35f6,private,1499,0,Angry,2,True,private/train,Angry/Fear,EXACT_DUPLICATE_CONFLICTING_LABEL
998,115abff2ad80daddbc30a51aeca88866a616f5c20b92e8b78b166e766ad050e0,train,14360,3,Happy,2,False,train,Happy,EXACT_DUPLICATE_CONSISTENT_LABEL
998,115abff2ad80daddbc30a51aeca88866a616f5c20b92e8b78b166e766ad050e0,train,20973,3,Happy,2,False,train,Happy,EXACT_DUPLICATE_CONSISTENT_LABEL
999,abea4051594bd849cdd374fdf241d3e2e0c253795a0619bee751a79a73d7f681,train,14361,4,Sad,2,False,train,Sad,EXACT_DUPLICATE_CONSISTENT_LABEL
999,abea4051594bd849cdd374fdf241d3e2e0c253795a0619bee751a79a73d7f681,train,25504,4,Sad,2,False,train,Sad,EXACT_DUPLICATE_CONSISTENT_LABEL
1000,c5e4e11582e081db22209d37d97485d8622201d04cae0a0008872aafe122e137,train,14387,6,Neutral,2,True,public/train,Neutral,EXACT_DUPLICATE_CONSISTENT_LABEL
1000,c5e4e11582e081db22209d37d97485d8622201d04cae0a0008872aafe122e137,public,1665,6,Neutral,2,True,public/train,Neutral,EXACT_DUPLICATE_CONSISTENT_LABEL
1001,05f2d4b1a610f2bc6e75a2af5a394574703da1a00112d4d53252f9a6bbe6b830,train,14396,1,Disgust,2,True,private/train,Disgust,EXACT_DUPLICATE_CONSISTENT_LABEL
1001,05f2d4b1a610f2bc6e75a2af5a394574703da1a00112d4d53252f9a6bbe6b830,private,2482,1,Disgust,2,True,private/train,Disgust,EXACT_DUPLICATE_CONSISTENT_LABEL
1002,66f68e5666ce64560f3d9e301280eeaeec74064db08eeb1b54380f6c5d1cae89,train,14429,3,Happy,2,True,private/train,Happy,EXACT_DUPLICATE_CONSISTENT_LABEL
1002,66f68e5666ce64560f3d9e301280eeaeec74064db08eeb1b54380f6c5d1cae89,private,1656,3,Happy,2,True,private/train,Happy,EXACT_DUPLICATE_CONSISTENT_LABEL
1003,e47e92bee052c2b83ee793bc6d3a0ea189666701f95e5e6f20093ca9bd5d41e6,train,14527,4,Sad,2,True,private/train,Sad,EXACT_DUPLICATE_CONSISTENT_LABEL
1003,e47e92bee052c2b83ee793bc6d3a0ea189666701f95e5e6f20093ca9bd5d41e6,private,1762,4,Sad,2,True,private/train,Sad,EXACT_DUPLICATE_CONSISTENT_LABEL
1004,af111fc3f42ed7249953461e083613548da0d96d2848a607a63a2f0977cd43c5,train,14567,5,Surprise,2,False,train,Surprise,EXACT_DUPLICATE_CONSISTENT_LABEL
1004,af111fc3f42ed7249953461e083613548da0d96d2848a607a63a2f0977cd43c5,train,19212,5,Surprise,2,False,train,Surprise,EXACT_DUPLICATE_CONSISTENT_LABEL
1005,221e246aa172b58f5c409ebc7334033b2d1ecb9266d899bab8a33ce18b08e288,train,14573,6,Neutral,2,False,train,Neutral,EXACT_DUPLICATE_CONSISTENT_LABEL
1005,221e246aa172b58f5c409ebc7334033b2d1ecb9266d899bab8a33ce18b08e288,train,27551,6,Neutral,2,False,train,Neutral,EXACT_DUPLICATE_CONSISTENT_LABEL
1006,716dd3903bd46134f901fbffc52fcbafbb905b93ebc5b71dc705bc1c299283f6,train,14613,4,Sad,2,False,train,Angry/Sad,EXACT_DUPLICATE_CONFLICTING_LABEL
1006,716dd3903bd46134f901fbffc52fcbafbb905b93ebc5b71dc705bc1c299283f6,train,24318,0,Angry,2,False,train,Angry/Sad,EXACT_DUPLICATE_CONFLICTING_LABEL
1007,dbf82d89eea9eec74adbf751f6d3a7cb6575acaa8dffb67a5ea52cb6015ae17c,train,14615,5,Surprise,3,True,private/train,Surprise,EXACT_DUPLICATE_CONSISTENT_LABEL
1007,dbf82d89eea9eec74adbf751f6d3a7cb6575acaa8dffb67a5ea52cb6015ae17c,train,21141,5,Surprise,3,True,private/train,Surprise,EXACT_DUPLICATE_CONSISTENT_LABEL
1007,dbf82d89eea9eec74adbf751f6d3a7cb6575acaa8dffb67a5ea52cb6015ae17c,private,687,5,Surprise,3,True,private/train,Surprise,EXACT_DUPLICATE_CONSISTENT_LABEL
1008,d616b734c10dc8ac733148974876734762758344cb365c71bace19ed150276f5,train,14630,2,Fear,2,False,train,Fear,EXACT_DUPLICATE_CONSISTENT_LABEL
1008,d616b734c10dc8ac733148974876734762758344cb365c71bace19ed150276f5,train,25579,2,Fear,2,False,train,Fear,EXACT_DUPLICATE_CONSISTENT_LABEL
1009,47271278bf96b91bd7616828cbfe9143862354e97d7f0712982548098b0f9bda,train,14637,2,Fear,2,True,private/train,Fear,EXACT_DUPLICATE_CONSISTENT_LABEL
1009,47271278bf96b91bd7616828cbfe9143862354e97d7f0712982548098b0f9bda,private,1485,2,Fear,2,True,private/train,Fear,EXACT_DUPLICATE_CONSISTENT_LABEL
1010,5eb67b2d4e16049be064e885287a8b14b2e81f433c4d010215418b85b55e4467,train,14644,4,Sad,2,True,public/train,Sad,EXACT_DUPLICATE_CONSISTENT_LABEL
1010,5eb67b2d4e16049be064e885287a8b14b2e81f433c4d010215418b85b55e4467,public,2933,4,Sad,2,True,public/train,Sad,EXACT_DUPLICATE_CONSISTENT_LABEL
1011,7c264e6fcdfbf54b096b34ecfcb1b3907388a43e56ede26be4e8d7be0dc782ce,train,14651,5,Surprise,2,False,train,Surprise,EXACT_DUPLICATE_CONSISTENT_LABEL
1011,7c264e6fcdfbf54b096b34ecfcb1b3907388a43e56ede26be4e8d7be0dc782ce,train,24406,5,Surprise,2,False,train,Surprise,EXACT_DUPLICATE_CONSISTENT_LABEL
1012,5cba68811f5f5e97cc6dc910c26506e814f47aad40714384853b9fc20caeaa69,train,14659,5,Surprise,2,False,train,Surprise,EXACT_DUPLICATE_CONSISTENT_LABEL
1012,5cba68811f5f5e97cc6dc910c26506e814f47aad40714384853b9fc20caeaa69,train,15454,5,Surprise,2,False,train,Surprise,EXACT_DUPLICATE_CONSISTENT_LABEL
1013,92643af00541a535ab41568b4c9a8864f77cce97bf7b1a09e0af25d45edfb956,train,14664,2,Fear,2,False,train,Fear,EXACT_DUPLICATE_CONSISTENT_LABEL
1013,92643af00541a535ab41568b4c9a8864f77cce97bf7b1a09e0af25d45edfb956,train,18481,2,Fear,2,False,train,Fear,EXACT_DUPLICATE_CONSISTENT_LABEL
1014,5a015414cd3560519772b256e587feb860c3cda56d50639755ccebfc7b69b4c6,train,14720,5,Surprise,2,False,train,Surprise,EXACT_DUPLICATE_CONSISTENT_LABEL
1014,5a015414cd3560519772b256e587feb860c3cda56d50639755ccebfc7b69b4c6,train,28283,5,Surprise,2,False,train,Surprise,EXACT_DUPLICATE_CONSISTENT_LABEL
1015,e1e6228c1951b32e5372dc358cea02e28275fb852dc5db90493bf58253b715b0,train,14723,2,Fear,2,False,train,Fear,EXACT_DUPLICATE_CONSISTENT_LABEL
1015,e1e6228c1951b32e5372dc358cea02e28275fb852dc5db90493bf58253b715b0,train,25464,2,Fear,2,False,train,Fear,EXACT_DUPLICATE_CONSISTENT_LABEL
1016,04c755c7df8c713b948463d10df632251b1619fb8dc8fa9624e18b3b1e34900d,train,14724,3,Happy,2,False,train,Happy,EXACT_DUPLICATE_CONSISTENT_LABEL
1016,04c755c7df8c713b948463d10df632251b1619fb8dc8fa9624e18b3b1e34900d,train,19803,3,Happy,2,False,train,Happy,EXACT_DUPLICATE_CONSISTENT_LABEL
1017,eff8d5e83eb3608363e092a1e91cbe35637b8d383fb76d6c049f1a77b5b3c2e7,train,14769,4,Sad,3,True,private/train,Angry/Sad,EXACT_DUPLICATE_CONFLICTING_LABEL
1017,eff8d5e83eb3608363e092a1e91cbe35637b8d383fb76d6c049f1a77b5b3c2e7,train,27403,4,Sad,3,True,private/train,Angry/Sad,EXACT_DUPLICATE_CONFLICTING_LABEL
1017,eff8d5e83eb3608363e092a1e91cbe35637b8d383fb76d6c049f1a77b5b3c2e7,private,467,0,Angry,3,True,private/train,Angry/Sad,EXACT_DUPLICATE_CONFLICTING_LABEL
1018,0b15080052baaa8792ad6fd42163870b4243fddf5a6312f26bcf2a7118a60257,train,14773,0,Angry,2,False,train,Angry,EXACT_DUPLICATE_CONSISTENT_LABEL
1018,0b15080052baaa8792ad6fd42163870b4243fddf5a6312f26bcf2a7118a60257,train,15805,0,Angry,2,False,train,Angry,EXACT_DUPLICATE_CONSISTENT_LABEL
1019,980a808e024111947067e7cdfc6a7234ac85fd1819fbcfab339ef0dc2d82ec29,train,14779,1,Disgust,2,False,train,Disgust,EXACT_DUPLICATE_CONSISTENT_LABEL
1019,980a808e024111947067e7cdfc6a7234ac85fd1819fbcfab339ef0dc2d82ec29,train,14958,1,Disgust,2,False,train,Disgust,EXACT_DUPLICATE_CONSISTENT_LABEL
1020,c2ebfed6f320ad2748275a5aed27d77eec277059cd8ce850844f38497ed3d157,train,14814,5,Surprise,2,False,train,Surprise,EXACT_DUPLICATE_CONSISTENT_LABEL
1020,c2ebfed6f320ad2748275a5aed27d77eec277059cd8ce850844f38497ed3d157,train,24816,5,Surprise,2,False,train,Surprise,EXACT_DUPLICATE_CONSISTENT_LABEL
1021,7e35e3fa241f1fbb4b3d8c1f39cc62715339b5c21deb07b3d7fc0aea628af25d,train,14844,5,Surprise,2,False,train,Surprise,EXACT_DUPLICATE_CONSISTENT_LABEL
1021,7e35e3fa241f1fbb4b3d8c1f39cc62715339b5c21deb07b3d7fc0aea628af25d,train,24083,5,Surprise,2,False,train,Surprise,EXACT_DUPLICATE_CONSISTENT_LABEL
1022,dd4d71444195489e8aa131a24b266dfa200106f46f71463fea79dbcb860384b9,train,14888,3,Happy,2,False,train,Happy,EXACT_DUPLICATE_CONSISTENT_LABEL
1022,dd4d71444195489e8aa131a24b266dfa200106f46f71463fea79dbcb860384b9,train,23316,3,Happy,2,False,train,Happy,EXACT_DUPLICATE_CONSISTENT_LABEL
1023,e96ed98f913b54459b58a6315aa7bf11a3762f86bc8e8a979c9d9ba5a3841e01,train,14890,5,Surprise,2,True,private/train,Surprise,EXACT_DUPLICATE_CONSISTENT_LABEL
1023,e96ed98f913b54459b58a6315aa7bf11a3762f86bc8e8a979c9d9ba5a3841e01,private,2546,5,Surprise,2,True,private/train,Surprise,EXACT_DUPLICATE_CONSISTENT_LABEL
1024,a030b5cf59a8cb6810b7b0ef0d798f3df4a38f72c2e3d5d6f6681406080d8a5f,train,14912,2,Fear,2,False,train,Fear,EXACT_DUPLICATE_CONSISTENT_LABEL
1024,a030b5cf59a8cb6810b7b0ef0d798f3df4a38f72c2e3d5d6f6681406080d8a5f,train,16039,2,Fear,2,False,train,Fear,EXACT_DUPLICATE_CONSISTENT_LABEL
1025,9d0dee6188ec825ccbc2c3e7a81905980854ad7f1be3404e18d2a3af69a4f168,train,14914,5,Surprise,2,True,public/train,Surprise,EXACT_DUPLICATE_CONSISTENT_LABEL
1025,9d0dee6188ec825ccbc2c3e7a81905980854ad7f1be3404e18d2a3af69a4f168,public,2836,5,Surprise,2,True,public/train,Surprise,EXACT_DUPLICATE_CONSISTENT_LABEL
1026,63f01c646dcd26a86b2b3f9d7ae49c1d5f5c707d5f5acc19063bc08d6f83068d,train,14917,1,Disgust,2,True,private/train,Disgust,EXACT_DUPLICATE_CONSISTENT_LABEL
1026,63f01c646dcd26a86b2b3f9d7ae49c1d5f5c707d5f5acc19063bc08d6f83068d,private,3093,1,Disgust,2,True,private/train,Disgust,EXACT_DUPLICATE_CONSISTENT_LABEL
1027,d1f4fa4b6c9935d23bfa00db734f9192228c1d4f6ce8ce52ed215e060848f6a6,train,14971,2,Fear,2,False,train,Fear/Sad,EXACT_DUPLICATE_CONFLICTING_LABEL
1027,d1f4fa4b6c9935d23bfa00db734f9192228c1d4f6ce8ce52ed215e060848f6a6,train,27993,4,Sad,2,False,train,Fear/Sad,EXACT_DUPLICATE_CONFLICTING_LABEL
1028,03367786553320f0c6ff3c8c7768d00b8aebcd83f9572db81de799db79c4c1d1,train,14998,5,Surprise,2,False,train,Surprise,EXACT_DUPLICATE_CONSISTENT_LABEL
1028,03367786553320f0c6ff3c8c7768d00b8aebcd83f9572db81de799db79c4c1d1,train,27193,5,Surprise,2,False,train,Surprise,EXACT_DUPLICATE_CONSISTENT_LABEL
1029,5aac0568ddc497485ea55ebb038d6ee22ca8dcc3148f431a9264bdbdc7058e44,train,15005,0,Angry,2,False,train,Angry,EXACT_DUPLICATE_CONSISTENT_LABEL
1029,5aac0568ddc497485ea55ebb038d6ee22ca8dcc3148f431a9264bdbdc7058e44,train,15919,0,Angry,2,False,train,Angry,EXACT_DUPLICATE_CONSISTENT_LABEL
1030,d54a0808cf6b9184a5f7ca174f7b10a214655fdbfa1b2d5727d03de36e4d65d8,train,15036,2,Fear,2,False,train,Fear,EXACT_DUPLICATE_CONSISTENT_LABEL
1030,d54a0808cf6b9184a5f7ca174f7b10a214655fdbfa1b2d5727d03de36e4d65d8,train,19712,2,Fear,2,False,train,Fear,EXACT_DUPLICATE_CONSISTENT_LABEL
1031,13f4e11050e82f27946536145f068597c6d6d79eb3e3638550eb42663c736617,train,15043,1,Disgust,2,False,train,Disgust,EXACT_DUPLICATE_CONSISTENT_LABEL
1031,13f4e11050e82f27946536145f068597c6d6d79eb3e3638550eb42663c736617,train,19831,1,Disgust,2,False,train,Disgust,EXACT_DUPLICATE_CONSISTENT_LABEL
1032,3b4e6c96e496079271ceae9b4200702c43694d88a875d65489df71f4cb8d8800,train,15047,5,Surprise,2,True,public/train,Surprise,EXACT_DUPLICATE_CONSISTENT_LABEL
1032,3b4e6c96e496079271ceae9b4200702c43694d88a875d65489df71f4cb8d8800,public,799,5,Surprise,2,True,public/train,Surprise,EXACT_DUPLICATE_CONSISTENT_LABEL
1033,6bc95b2512095dc8315b94073a60141959eeef173d6d8d82446b8595a47755ff,train,15050,1,Disgust,2,False,train,Disgust,EXACT_DUPLICATE_CONSISTENT_LABEL
1033,6bc95b2512095dc8315b94073a60141959eeef173d6d8d82446b8595a47755ff,train,27881,1,Disgust,2,False,train,Disgust,EXACT_DUPLICATE_CONSISTENT_LABEL
1034,56afd5962179bfd06804c53df1ea67e0a7ab98e45adcc12d29f560ab68ab930d,train,15057,5,Surprise,2,True,private/train,Surprise,EXACT_DUPLICATE_CONSISTENT_LABEL
1034,56afd5962179bfd06804c53df1ea67e0a7ab98e45adcc12d29f560ab68ab930d,private,1203,5,Surprise,2,True,private/train,Surprise,EXACT_DUPLICATE_CONSISTENT_LABEL
1035,00b1ed66b0c00f968053dd12eafb439177057ceccede06c73b344fa4478409d7,train,15065,5,Surprise,3,True,public/train,Surprise,EXACT_DUPLICATE_CONSISTENT_LABEL
1035,00b1ed66b0c00f968053dd12eafb439177057ceccede06c73b344fa4478409d7,public,981,5,Surprise,3,True,public/train,Surprise,EXACT_DUPLICATE_CONSISTENT_LABEL
1035,00b1ed66b0c00f968053dd12eafb439177057ceccede06c73b344fa4478409d7,public,1678,5,Surprise,3,True,public/train,Surprise,EXACT_DUPLICATE_CONSISTENT_LABEL
1036,7b5e64bf885454b495673b52a7874ae2bcb429915b2b804c334773ec9480e77f,train,15094,4,Sad,2,False,train,Sad,EXACT_DUPLICATE_CONSISTENT_LABEL
1036,7b5e64bf885454b495673b52a7874ae2bcb429915b2b804c334773ec9480e77f,train,20362,4,Sad,2,False,train,Sad,EXACT_DUPLICATE_CONSISTENT_LABEL
1037,f868491cdb84d2a4956274cbeabfb7f9a9cbc6af23f5ebd8ff645629f3336b6d,train,15119,5,Surprise,2,True,public/train,Surprise,EXACT_DUPLICATE_CONSISTENT_LABEL
1037,f868491cdb84d2a4956274cbeabfb7f9a9cbc6af23f5ebd8ff645629f3336b6d,public,2977,5,Surprise,2,True,public/train,Surprise,EXACT_DUPLICATE_CONSISTENT_LABEL
1038,6c58bbbf81cb6a7adae44f722d2fc10a12ac59c7065dc3d673ca75344b311709,train,15125,5,Surprise,2,False,train,Surprise,EXACT_DUPLICATE_CONSISTENT_LABEL
1038,6c58bbbf81cb6a7adae44f722d2fc10a12ac59c7065dc3d673ca75344b311709,train,15467,5,Surprise,2,False,train,Surprise,EXACT_DUPLICATE_CONSISTENT_LABEL
1039,4bb6291e02e393ef64f16fc034795997a39e3b3c699b28f7255c190ed7b6f8ce,train,15137,3,Happy,2,True,public/train,Happy,EXACT_DUPLICATE_CONSISTENT_LABEL
1039,4bb6291e02e393ef64f16fc034795997a39e3b3c699b28f7255c190ed7b6f8ce,public,687,3,Happy,2,True,public/train,Happy,EXACT_DUPLICATE_CONSISTENT_LABEL
1040,b5cda0d454cfa854cd6432f1ef864379263f09b19a522cfdc3ea3e2e2e2084bb,train,15166,5,Surprise,2,False,train,Surprise,EXACT_DUPLICATE_CONSISTENT_LABEL
1040,b5cda0d454cfa854cd6432f1ef864379263f09b19a522cfdc3ea3e2e2e2084bb,train,15813,5,Surprise,2,False,train,Surprise,EXACT_DUPLICATE_CONSISTENT_LABEL
1041,ad6cbc886b504b65fb572af12be409a4aa8f149bfb7d55b760d4367d1053d4ec,train,15199,5,Surprise,2,False,train,Surprise,EXACT_DUPLICATE_CONSISTENT_LABEL
1041,ad6cbc886b504b65fb572af12be409a4aa8f149bfb7d55b760d4367d1053d4ec,train,18175,5,Surprise,2,False,train,Surprise,EXACT_DUPLICATE_CONSISTENT_LABEL
1042,ad68849291291d7f5572161991e6df17317014c6b46eca62d0976cb310c7c48b,train,15253,2,Fear,2,True,private/train,Fear,EXACT_DUPLICATE_CONSISTENT_LABEL
1042,ad68849291291d7f5572161991e6df17317014c6b46eca62d0976cb310c7c48b,private,799,2,Fear,2,True,private/train,Fear,EXACT_DUPLICATE_CONSISTENT_LABEL
1043,eade114b382a2a579321e228dbb6c01852f5ff9704714f8043ebda800e7441ad,train,15260,2,Fear,2,True,private/train,Fear,EXACT_DUPLICATE_CONSISTENT_LABEL
1043,eade114b382a2a579321e228dbb6c01852f5ff9704714f8043ebda800e7441ad,private,3428,2,Fear,2,True,private/train,Fear,EXACT_DUPLICATE_CONSISTENT_LABEL
1044,90e7293257b73235b7f0e39d310f6483d937edbf69958161f0bfc1c777f86236,train,15280,2,Fear,2,False,train,Fear,EXACT_DUPLICATE_CONSISTENT_LABEL
1044,90e7293257b73235b7f0e39d310f6483d937edbf69958161f0bfc1c777f86236,train,26402,2,Fear,2,False,train,Fear,EXACT_DUPLICATE_CONSISTENT_LABEL
1045,779f7418dbad00a3ed985c43e25fb8ee0a681d3beed19a0c8c0c30b68ba1bc0d,train,15308,2,Fear,2,False,train,Fear,EXACT_DUPLICATE_CONSISTENT_LABEL
1045,779f7418dbad00a3ed985c43e25fb8ee0a681d3beed19a0c8c0c30b68ba1bc0d,train,28577,2,Fear,2,False,train,Fear,EXACT_DUPLICATE_CONSISTENT_LABEL
1046,5aa9fba412e4eec94838a1ac94e4acfd1940fa3a683d4e4306bad2d7834cd82e,train,15309,5,Surprise,2,False,train,Surprise,EXACT_DUPLICATE_CONSISTENT_LABEL
1046,5aa9fba412e4eec94838a1ac94e4acfd1940fa3a683d4e4306bad2d7834cd82e,train,26362,5,Surprise,2,False,train,Surprise,EXACT_DUPLICATE_CONSISTENT_LABEL
1047,885c4858c86e5ddf6afd3bdc5f36432452c4dd8dbad8ad7d1b3920b1b97b48f9,train,15367,2,Fear,2,False,train,Fear,EXACT_DUPLICATE_CONSISTENT_LABEL
1047,885c4858c86e5ddf6afd3bdc5f36432452c4dd8dbad8ad7d1b3920b1b97b48f9,train,20212,2,Fear,2,False,train,Fear,EXACT_DUPLICATE_CONSISTENT_LABEL
1048,f50946f01661696bef48f38fcb234a58e51bb953c6d3a255b4b50c28a6074e80,train,15371,4,Sad,2,False,train,Sad,EXACT_DUPLICATE_CONSISTENT_LABEL
1048,f50946f01661696bef48f38fcb234a58e51bb953c6d3a255b4b50c28a6074e80,train,26369,4,Sad,2,False,train,Sad,EXACT_DUPLICATE_CONSISTENT_LABEL
1049,b001d5a4918d2b57b5b22364a957a5409ee6e575d8bd1af15e7a71cb0c7e039e,train,15409,3,Happy,2,True,private/train,Happy,EXACT_DUPLICATE_CONSISTENT_LABEL
1049,b001d5a4918d2b57b5b22364a957a5409ee6e575d8bd1af15e7a71cb0c7e039e,private,3044,3,Happy,2,True,private/train,Happy,EXACT_DUPLICATE_CONSISTENT_LABEL
1050,9cdb97f40776262bd0763936c3161818c95a4997cfab3be7dfefe653da0613a3,train,15449,5,Surprise,3,False,train,Surprise,EXACT_DUPLICATE_CONSISTENT_LABEL
1050,9cdb97f40776262bd0763936c3161818c95a4997cfab3be7dfefe653da0613a3,train,15532,5,Surprise,3,False,train,Surprise,EXACT_DUPLICATE_CONSISTENT_LABEL
1050,9cdb97f40776262bd0763936c3161818c95a4997cfab3be7dfefe653da0613a3,train,22159,5,Surprise,3,False,train,Surprise,EXACT_DUPLICATE_CONSISTENT_LABEL
1051,bfb44cac8df53975b23ce7b2a30a1ecb1ed2e28377475fc3398011540c35eadf,train,15461,5,Surprise,2,True,public/train,Surprise,EXACT_DUPLICATE_CONSISTENT_LABEL
1051,bfb44cac8df53975b23ce7b2a30a1ecb1ed2e28377475fc3398011540c35eadf,public,226,5,Surprise,2,True,public/train,Surprise,EXACT_DUPLICATE_CONSISTENT_LABEL
1052,9fbca4dab85d81e9d5af43dc91628083d68f32dd28294a167006fe9af8f415a2,train,15471,0,Angry,2,False,train,Angry,EXACT_DUPLICATE_CONSISTENT_LABEL
1052,9fbca4dab85d81e9d5af43dc91628083d68f32dd28294a167006fe9af8f415a2,train,27130,0,Angry,2,False,train,Angry,EXACT_DUPLICATE_CONSISTENT_LABEL
1053,c761556a974a629d2fe9e57f574cd3cc4b21596fd4b77ea1856f81cd078b5c2b,train,15486,5,Surprise,2,True,private/train,Surprise,EXACT_DUPLICATE_CONSISTENT_LABEL
1053,c761556a974a629d2fe9e57f574cd3cc4b21596fd4b77ea1856f81cd078b5c2b,private,2751,5,Surprise,2,True,private/train,Surprise,EXACT_DUPLICATE_CONSISTENT_LABEL
1054,4bf544bc50a18efce6223ab5566c50f8abf714e6306f62e6056685a48a8cc82d,train,15506,3,Happy,2,True,private/train,Happy,EXACT_DUPLICATE_CONSISTENT_LABEL
1054,4bf544bc50a18efce6223ab5566c50f8abf714e6306f62e6056685a48a8cc82d,private,534,3,Happy,2,True,private/train,Happy,EXACT_DUPLICATE_CONSISTENT_LABEL
1055,984cb38e65579a8c83b39c56ddc00bf718f1917448359fa990dba7540de11986,train,15527,5,Surprise,3,True,private/train,Surprise,EXACT_DUPLICATE_CONSISTENT_LABEL
1055,984cb38e65579a8c83b39c56ddc00bf718f1917448359fa990dba7540de11986,train,22848,5,Surprise,3,True,private/train,Surprise,EXACT_DUPLICATE_CONSISTENT_LABEL
1055,984cb38e65579a8c83b39c56ddc00bf718f1917448359fa990dba7540de11986,private,2436,5,Surprise,3,True,private/train,Surprise,EXACT_DUPLICATE_CONSISTENT_LABEL
1056,6e03b0dabc31c3b4a2de893cd94e66e6cfd1c4561736b3767a15bdbe8081be5f,train,15562,0,Angry,2,True,public/train,Angry,EXACT_DUPLICATE_CONSISTENT_LABEL
1056,6e03b0dabc31c3b4a2de893cd94e66e6cfd1c4561736b3767a15bdbe8081be5f,public,1521,0,Angry,2,True,public/train,Angry,EXACT_DUPLICATE_CONSISTENT_LABEL
1057,506e409b7e06382542ff5d6d10ea8313425b3b1b7f923fc33b3ebd63bf2912af,train,15563,6,Neutral,3,False,train,Neutral,EXACT_DUPLICATE_CONSISTENT_LABEL
1057,506e409b7e06382542ff5d6d10ea8313425b3b1b7f923fc33b3ebd63bf2912af,train,24798,6,Neutral,3,False,train,Neutral,EXACT_DUPLICATE_CONSISTENT_LABEL
1057,506e409b7e06382542ff5d6d10ea8313425b3b1b7f923fc33b3ebd63bf2912af,train,28007,6,Neutral,3,False,train,Neutral,EXACT_DUPLICATE_CONSISTENT_LABEL
1058,2d9f879d9edddd4898ef21787e8cfee1884a3b3aa2f34fea57d7b425b18768ed,train,15575,0,Angry,2,False,train,Angry,EXACT_DUPLICATE_CONSISTENT_LABEL
1058,2d9f879d9edddd4898ef21787e8cfee1884a3b3aa2f34fea57d7b425b18768ed,train,28147,0,Angry,2,False,train,Angry,EXACT_DUPLICATE_CONSISTENT_LABEL
1059,0063998af1a0771cc6b9db3c3cda923743cbaf111b352a618006ea6928c6ee89,train,15602,5,Surprise,2,False,train,Surprise,EXACT_DUPLICATE_CONSISTENT_LABEL
1059,0063998af1a0771cc6b9db3c3cda923743cbaf111b352a618006ea6928c6ee89,train,26735,5,Surprise,2,False,train,Surprise,EXACT_DUPLICATE_CONSISTENT_LABEL
1060,b1f05f5a9001974079622af437bb5f49f5f08b1797f386b13e48b3897b63a31d,train,15607,5,Surprise,2,False,train,Surprise,EXACT_DUPLICATE_CONSISTENT_LABEL
1060,b1f05f5a9001974079622af437bb5f49f5f08b1797f386b13e48b3897b63a31d,train,28475,5,Surprise,2,False,train,Surprise,EXACT_DUPLICATE_CONSISTENT_LABEL
1061,edb21bdbaf95ffeede4e798dcf537bbbca52be136892baef0f5ef698d79847f9,train,15681,5,Surprise,2,False,train,Surprise,EXACT_DUPLICATE_CONSISTENT_LABEL
1061,edb21bdbaf95ffeede4e798dcf537bbbca52be136892baef0f5ef698d79847f9,train,26999,5,Surprise,2,False,train,Surprise,EXACT_DUPLICATE_CONSISTENT_LABEL
1062,5b8bec4ae7274aade43ef129cd3530741697939bc2c5185dcd10672fa3d47209,train,15724,2,Fear,2,True,private/train,Fear,EXACT_DUPLICATE_CONSISTENT_LABEL
1062,5b8bec4ae7274aade43ef129cd3530741697939bc2c5185dcd10672fa3d47209,private,1503,2,Fear,2,True,private/train,Fear,EXACT_DUPLICATE_CONSISTENT_LABEL
1063,afc07519db7dbe2a0bf8b5100ffdfc6b844ffec5a2ec4a87ab6edefafc4da187,train,15730,3,Happy,2,False,train,Happy,EXACT_DUPLICATE_CONSISTENT_LABEL
1063,afc07519db7dbe2a0bf8b5100ffdfc6b844ffec5a2ec4a87ab6edefafc4da187,train,19271,3,Happy,2,False,train,Happy,EXACT_DUPLICATE_CONSISTENT_LABEL
1064,c098747ec7dcf5b94fd39db0d0348d2717f862db511f59c98fbd92066be65d60,train,15747,5,Surprise,2,False,train,Surprise,EXACT_DUPLICATE_CONSISTENT_LABEL
1064,c098747ec7dcf5b94fd39db0d0348d2717f862db511f59c98fbd92066be65d60,train,20244,5,Surprise,2,False,train,Surprise,EXACT_DUPLICATE_CONSISTENT_LABEL
1065,2eb2e33f4b704a70dd1d02378ea3cf8e10044b92968d47350cdfe5ee6cba399f,train,15754,5,Surprise,2,False,train,Surprise,EXACT_DUPLICATE_CONSISTENT_LABEL
1065,2eb2e33f4b704a70dd1d02378ea3cf8e10044b92968d47350cdfe5ee6cba399f,train,15808,5,Surprise,2,False,train,Surprise,EXACT_DUPLICATE_CONSISTENT_LABEL
1066,174de95096361a93226636b92e03e8f08faaf062064ea73d9835e32c1d51f0c6,train,15781,3,Happy,2,True,private/train,Happy,EXACT_DUPLICATE_CONSISTENT_LABEL
1066,174de95096361a93226636b92e03e8f08faaf062064ea73d9835e32c1d51f0c6,private,3305,3,Happy,2,True,private/train,Happy,EXACT_DUPLICATE_CONSISTENT_LABEL
1067,60a350d1304d5076c4189af409b3382eaee5d5c2e500cc2d059102075094b3c5,train,15830,6,Neutral,2,True,private/train,Neutral,EXACT_DUPLICATE_CONSISTENT_LABEL
1067,60a350d1304d5076c4189af409b3382eaee5d5c2e500cc2d059102075094b3c5,private,1885,6,Neutral,2,True,private/train,Neutral,EXACT_DUPLICATE_CONSISTENT_LABEL
1068,434f416dec3e87156ea8fb1f6ca218792ed14a5275e37a805733ede2b9a47ebe,train,15862,1,Disgust,2,False,train,Disgust,EXACT_DUPLICATE_CONSISTENT_LABEL
1068,434f416dec3e87156ea8fb1f6ca218792ed14a5275e37a805733ede2b9a47ebe,train,24431,1,Disgust,2,False,train,Disgust,EXACT_DUPLICATE_CONSISTENT_LABEL
1069,fd1c0c71d73bc4e5f58bcc65dc0d588c15277e471560a775c91d252d683aaae9,train,15876,5,Surprise,2,True,public/train,Surprise,EXACT_DUPLICATE_CONSISTENT_LABEL
1069,fd1c0c71d73bc4e5f58bcc65dc0d588c15277e471560a775c91d252d683aaae9,public,471,5,Surprise,2,True,public/train,Surprise,EXACT_DUPLICATE_CONSISTENT_LABEL
1070,b79fc2327e3a91cbd4ca0db0185f2b345c1fb92128808d57afca97c0347f0ab4,train,15924,6,Neutral,2,False,train,Neutral,EXACT_DUPLICATE_CONSISTENT_LABEL
1070,b79fc2327e3a91cbd4ca0db0185f2b345c1fb92128808d57afca97c0347f0ab4,train,22336,6,Neutral,2,False,train,Neutral,EXACT_DUPLICATE_CONSISTENT_LABEL
1071,ae0c150ed0652a6ea631fc3236579797afa1253299807f935eb9da854c7decc0,train,15974,2,Fear,2,True,public/train,Fear,EXACT_DUPLICATE_CONSISTENT_LABEL
1071,ae0c150ed0652a6ea631fc3236579797afa1253299807f935eb9da854c7decc0,public,3459,2,Fear,2,True,public/train,Fear,EXACT_DUPLICATE_CONSISTENT_LABEL
1072,f893cea1628175e7cf157e80b6dee7b0ce99fed8c87adefd2b338e3ecfd8d14d,train,15996,4,Sad,2,False,train,Sad,EXACT_DUPLICATE_CONSISTENT_LABEL
1072,f893cea1628175e7cf157e80b6dee7b0ce99fed8c87adefd2b338e3ecfd8d14d,train,18345,4,Sad,2,False,train,Sad,EXACT_DUPLICATE_CONSISTENT_LABEL
1073,b421870444d58ebc6d4035d9bc57e2f59b17136b8e4766dcffab09adfd647cd2,train,15997,0,Angry,2,True,private/train,Angry,EXACT_DUPLICATE_CONSISTENT_LABEL
1073,b421870444d58ebc6d4035d9bc57e2f59b17136b8e4766dcffab09adfd647cd2,private,2972,0,Angry,2,True,private/train,Angry,EXACT_DUPLICATE_CONSISTENT_LABEL
1074,41a04b69900c9442fa2535116872e838cf8a960710297a0eef043c4bf0550b77,train,16000,1,Disgust,2,False,train,Disgust,EXACT_DUPLICATE_CONSISTENT_LABEL
1074,41a04b69900c9442fa2535116872e838cf8a960710297a0eef043c4bf0550b77,train,16723,1,Disgust,2,False,train,Disgust,EXACT_DUPLICATE_CONSISTENT_LABEL
1075,903c8660da943175fbc3888c6d7c254085fcbda636b0d40e772cd8bf93781c47,train,16014,0,Angry,2,False,train,Angry,EXACT_DUPLICATE_CONSISTENT_LABEL
1075,903c8660da943175fbc3888c6d7c254085fcbda636b0d40e772cd8bf93781c47,train,28585,0,Angry,2,False,train,Angry,EXACT_DUPLICATE_CONSISTENT_LABEL
1076,51dba00525f25df612096c5967fb6254edf49b16b467e9c2a75a8c3bf31b37f0,train,16020,5,Surprise,2,False,train,Surprise,EXACT_DUPLICATE_CONSISTENT_LABEL
1076,51dba00525f25df612096c5967fb6254edf49b16b467e9c2a75a8c3bf31b37f0,train,22263,5,Surprise,2,False,train,Surprise,EXACT_DUPLICATE_CONSISTENT_LABEL
1077,5830f530270b899782b5a886bda34b5537d7dd27756339ac2a14a1f4a1366206,train,16054,1,Disgust,2,False,train,Disgust,EXACT_DUPLICATE_CONSISTENT_LABEL
1077,5830f530270b899782b5a886bda34b5537d7dd27756339ac2a14a1f4a1366206,train,27925,1,Disgust,2,False,train,Disgust,EXACT_DUPLICATE_CONSISTENT_LABEL
1078,3b8567872215410e8e6c36f1cb4377fa6b8b1c1f7f316b86192326966c5d2b7f,train,16061,5,Surprise,2,False,train,Surprise,EXACT_DUPLICATE_CONSISTENT_LABEL
1078,3b8567872215410e8e6c36f1cb4377fa6b8b1c1f7f316b86192326966c5d2b7f,train,25959,5,Surprise,2,False,train,Surprise,EXACT_DUPLICATE_CONSISTENT_LABEL
1079,7af449353b556529dccf6b8dbf8b07dfc2f357f2a4408ef4e2b753d7c70d620c,train,16199,5,Surprise,2,False,train,Surprise,EXACT_DUPLICATE_CONSISTENT_LABEL
1079,7af449353b556529dccf6b8dbf8b07dfc2f357f2a4408ef4e2b753d7c70d620c,train,19733,5,Surprise,2,False,train,Surprise,EXACT_DUPLICATE_CONSISTENT_LABEL
1080,caedba881a2418a935abca243b32fada23359ab2abd820d03dd42392d6e72125,train,16246,4,Sad,2,False,train,Sad,EXACT_DUPLICATE_CONSISTENT_LABEL
1080,caedba881a2418a935abca243b32fada23359ab2abd820d03dd42392d6e72125,train,24940,4,Sad,2,False,train,Sad,EXACT_DUPLICATE_CONSISTENT_LABEL
1081,29139c733c5b6609ab06ffc0c9e5fc01e6958c6e098b70bbfc64463d6bf98bf0,train,16254,2,Fear,2,True,public/train,Fear,EXACT_DUPLICATE_CONSISTENT_LABEL
1081,29139c733c5b6609ab06ffc0c9e5fc01e6958c6e098b70bbfc64463d6bf98bf0,public,437,2,Fear,2,True,public/train,Fear,EXACT_DUPLICATE_CONSISTENT_LABEL
1082,9a551071b6ce38f73646e4c163c3a2af40018f15963da5a9b89585707eb5ddf0,train,16259,5,Surprise,2,False,train,Surprise,EXACT_DUPLICATE_CONSISTENT_LABEL
1082,9a551071b6ce38f73646e4c163c3a2af40018f15963da5a9b89585707eb5ddf0,train,20837,5,Surprise,2,False,train,Surprise,EXACT_DUPLICATE_CONSISTENT_LABEL
1083,a89019947a869519ae6d74a0d49e098ec96e883f8fcc6d1c4bd45cfa7c5e93a9,train,16270,2,Fear,2,True,private/train,Fear,EXACT_DUPLICATE_CONSISTENT_LABEL
1083,a89019947a869519ae6d74a0d49e098ec96e883f8fcc6d1c4bd45cfa7c5e93a9,private,2084,2,Fear,2,True,private/train,Fear,EXACT_DUPLICATE_CONSISTENT_LABEL
1084,3026b12635bf3d99a58749f7753963e9ea939a6e98ea3ad6f02a89bf95ec1ffd,train,16277,2,Fear,3,False,train,Fear,EXACT_DUPLICATE_CONSISTENT_LABEL
1084,3026b12635bf3d99a58749f7753963e9ea939a6e98ea3ad6f02a89bf95ec1ffd,train,19669,2,Fear,3,False,train,Fear,EXACT_DUPLICATE_CONSISTENT_LABEL
1084,3026b12635bf3d99a58749f7753963e9ea939a6e98ea3ad6f02a89bf95ec1ffd,train,27840,2,Fear,3,False,train,Fear,EXACT_DUPLICATE_CONSISTENT_LABEL
1085,13673b638f6ffa0c3af6d85b8eb54aa5898c1ed9c7b9d7f5a7f9cb1214fe1bf4,train,16278,4,Sad,2,False,train,Sad,EXACT_DUPLICATE_CONSISTENT_LABEL
1085,13673b638f6ffa0c3af6d85b8eb54aa5898c1ed9c7b9d7f5a7f9cb1214fe1bf4,train,17398,4,Sad,2,False,train,Sad,EXACT_DUPLICATE_CONSISTENT_LABEL
1086,0971fc196f634395a31c837bc5d7c51ac823b50d883060a70b8616d19ba40762,train,16297,0,Angry,2,True,public/train,Angry,EXACT_DUPLICATE_CONSISTENT_LABEL
1086,0971fc196f634395a31c837bc5d7c51ac823b50d883060a70b8616d19ba40762,public,3140,0,Angry,2,True,public/train,Angry,EXACT_DUPLICATE_CONSISTENT_LABEL
1087,b807963a31c2f74b286e4f076ff6cfaa6ab167dacf513f8735cf918d10d07bad,train,16316,0,Angry,7,True,private/train,Angry,EXACT_DUPLICATE_CONSISTENT_LABEL
1087,b807963a31c2f74b286e4f076ff6cfaa6ab167dacf513f8735cf918d10d07bad,train,18838,0,Angry,7,True,private/train,Angry,EXACT_DUPLICATE_CONSISTENT_LABEL
1087,b807963a31c2f74b286e4f076ff6cfaa6ab167dacf513f8735cf918d10d07bad,train,20818,0,Angry,7,True,private/train,Angry,EXACT_DUPLICATE_CONSISTENT_LABEL
1087,b807963a31c2f74b286e4f076ff6cfaa6ab167dacf513f8735cf918d10d07bad,train,22733,0,Angry,7,True,private/train,Angry,EXACT_DUPLICATE_CONSISTENT_LABEL
1087,b807963a31c2f74b286e4f076ff6cfaa6ab167dacf513f8735cf918d10d07bad,train,24683,0,Angry,7,True,private/train,Angry,EXACT_DUPLICATE_CONSISTENT_LABEL
1087,b807963a31c2f74b286e4f076ff6cfaa6ab167dacf513f8735cf918d10d07bad,train,25066,0,Angry,7,True,private/train,Angry,EXACT_DUPLICATE_CONSISTENT_LABEL
1087,b807963a31c2f74b286e4f076ff6cfaa6ab167dacf513f8735cf918d10d07bad,private,696,0,Angry,7,True,private/train,Angry,EXACT_DUPLICATE_CONSISTENT_LABEL
1088,57b8c548386dc9aa1e1a71a62f75f5ddbf15f80e27a15899ec7eeecb2c47822d,train,16319,0,Angry,2,False,train,Angry,EXACT_DUPLICATE_CONSISTENT_LABEL
1088,57b8c548386dc9aa1e1a71a62f75f5ddbf15f80e27a15899ec7eeecb2c47822d,train,28660,0,Angry,2,False,train,Angry,EXACT_DUPLICATE_CONSISTENT_LABEL
1089,ee628c5e8f6d277e7dc57fe50de835be8a887c806f265488fafb4daa225445cd,train,16325,5,Surprise,3,False,train,Surprise,EXACT_DUPLICATE_CONSISTENT_LABEL
1089,ee628c5e8f6d277e7dc57fe50de835be8a887c806f265488fafb4daa225445cd,train,26678,5,Surprise,3,False,train,Surprise,EXACT_DUPLICATE_CONSISTENT_LABEL
1089,ee628c5e8f6d277e7dc57fe50de835be8a887c806f265488fafb4daa225445cd,train,27884,5,Surprise,3,False,train,Surprise,EXACT_DUPLICATE_CONSISTENT_LABEL
1090,d49844220af5bc3912e37f37a148bd23d8c392758a8c0e9aa6aabfaddaf17cea,train,16333,2,Fear,2,True,public/train,Fear,EXACT_DUPLICATE_CONSISTENT_LABEL
1090,d49844220af5bc3912e37f37a148bd23d8c392758a8c0e9aa6aabfaddaf17cea,public,2044,2,Fear,2,True,public/train,Fear,EXACT_DUPLICATE_CONSISTENT_LABEL
1091,1d968091fd955a1573f0d44c759ac9b9abf1f78772c288f0eda33db5f8e92eac,train,16345,2,Fear,2,False,train,Fear,EXACT_DUPLICATE_CONSISTENT_LABEL
1091,1d968091fd955a1573f0d44c759ac9b9abf1f78772c288f0eda33db5f8e92eac,train,19511,2,Fear,2,False,train,Fear,EXACT_DUPLICATE_CONSISTENT_LABEL
1092,a1de53ebc2a3148cc19e510c908b24b8ff755b7fae6cd002aea3b78b5b56c18f,train,16346,2,Fear,2,False,train,Fear,EXACT_DUPLICATE_CONSISTENT_LABEL
1092,a1de53ebc2a3148cc19e510c908b24b8ff755b7fae6cd002aea3b78b5b56c18f,train,23084,2,Fear,2,False,train,Fear,EXACT_DUPLICATE_CONSISTENT_LABEL
1093,4590023fb250de6a1a49bae364677c26690b7b10ce6e3ef5116457f1eb3d263f,train,16365,5,Surprise,2,False,train,Surprise,EXACT_DUPLICATE_CONSISTENT_LABEL
1093,4590023fb250de6a1a49bae364677c26690b7b10ce6e3ef5116457f1eb3d263f,train,20537,5,Surprise,2,False,train,Surprise,EXACT_DUPLICATE_CONSISTENT_LABEL
1094,eaf192d5689fa5567590243b6d23a1396b4e7802dc5662ec897f0e144c38efd5,train,16378,0,Angry,2,False,train,Angry,EXACT_DUPLICATE_CONSISTENT_LABEL
1094,eaf192d5689fa5567590243b6d23a1396b4e7802dc5662ec897f0e144c38efd5,train,22177,0,Angry,2,False,train,Angry,EXACT_DUPLICATE_CONSISTENT_LABEL
1095,022baec4a76acbd5c06642a6591f3da1de88483b51be8bc8187f290bd9fe2b63,train,16390,3,Happy,2,True,public/train,Happy,EXACT_DUPLICATE_CONSISTENT_LABEL
1095,022baec4a76acbd5c06642a6591f3da1de88483b51be8bc8187f290bd9fe2b63,public,2583,3,Happy,2,True,public/train,Happy,EXACT_DUPLICATE_CONSISTENT_LABEL
1096,7241283e445fd2bc32ae7b1709e7047623915ffde835c6b4fab48de680ccb35e,train,16400,6,Neutral,2,True,public/train,Neutral,EXACT_DUPLICATE_CONSISTENT_LABEL
1096,7241283e445fd2bc32ae7b1709e7047623915ffde835c6b4fab48de680ccb35e,public,1748,6,Neutral,2,True,public/train,Neutral,EXACT_DUPLICATE_CONSISTENT_LABEL
1097,3a08535eea5313e48b85117e23aedb646aa466708fd936618f1f7a155040a192,train,16427,6,Neutral,2,True,public/train,Neutral,EXACT_DUPLICATE_CONSISTENT_LABEL
1097,3a08535eea5313e48b85117e23aedb646aa466708fd936618f1f7a155040a192,public,489,6,Neutral,2,True,public/train,Neutral,EXACT_DUPLICATE_CONSISTENT_LABEL
1098,6a01ea231734b2a283ef6f9fad78fcf11ceae3f2742082ec0949a792f106869f,train,16471,6,Neutral,2,False,train,Neutral,EXACT_DUPLICATE_CONSISTENT_LABEL
1098,6a01ea231734b2a283ef6f9fad78fcf11ceae3f2742082ec0949a792f106869f,train,26154,6,Neutral,2,False,train,Neutral,EXACT_DUPLICATE_CONSISTENT_LABEL
1099,a8619cee4e41d5c509c15de7e54d1eeee85ed15f4a5699de50f687116a96dd9b,train,16474,6,Neutral,2,False,train,Neutral,EXACT_DUPLICATE_CONSISTENT_LABEL
1099,a8619cee4e41d5c509c15de7e54d1eeee85ed15f4a5699de50f687116a96dd9b,train,20797,6,Neutral,2,False,train,Neutral,EXACT_DUPLICATE_CONSISTENT_LABEL
1100,b1d8ff7aedf1f7d2561bedaba4c6a254ac30b889d7e69c25c8a0a892fa41a77e,train,16497,5,Surprise,4,True,private/train,Surprise,EXACT_DUPLICATE_CONSISTENT_LABEL
1100,b1d8ff7aedf1f7d2561bedaba4c6a254ac30b889d7e69c25c8a0a892fa41a77e,train,16829,5,Surprise,4,True,private/train,Surprise,EXACT_DUPLICATE_CONSISTENT_LABEL
1100,b1d8ff7aedf1f7d2561bedaba4c6a254ac30b889d7e69c25c8a0a892fa41a77e,train,19362,5,Surprise,4,True,private/train,Surprise,EXACT_DUPLICATE_CONSISTENT_LABEL
1100,b1d8ff7aedf1f7d2561bedaba4c6a254ac30b889d7e69c25c8a0a892fa41a77e,private,1008,5,Surprise,4,True,private/train,Surprise,EXACT_DUPLICATE_CONSISTENT_LABEL
1101,c7d69faf5e2a273402f733bc4f02a817d2b413a0bd755d85e34acd520dfaf396,train,16501,2,Fear,2,True,public/train,Fear,EXACT_DUPLICATE_CONSISTENT_LABEL
1101,c7d69faf5e2a273402f733bc4f02a817d2b413a0bd755d85e34acd520dfaf396,public,3367,2,Fear,2,True,public/train,Fear,EXACT_DUPLICATE_CONSISTENT_LABEL
1102,16dcd92ae0bfea65f1be3c0fcc30f96d7439354b5a287761817015e6172160ca,train,16527,0,Angry,2,True,public/train,Angry,EXACT_DUPLICATE_CONSISTENT_LABEL
1102,16dcd92ae0bfea65f1be3c0fcc30f96d7439354b5a287761817015e6172160ca,public,2829,0,Angry,2,True,public/train,Angry,EXACT_DUPLICATE_CONSISTENT_LABEL
1103,5b8ad6911a2dace1f047653ac592fac88bc4a884aae14f3573c6e3d13b3c0fb9,train,16530,5,Surprise,3,False,train,Surprise,EXACT_DUPLICATE_CONSISTENT_LABEL
1103,5b8ad6911a2dace1f047653ac592fac88bc4a884aae14f3573c6e3d13b3c0fb9,train,17691,5,Surprise,3,False,train,Surprise,EXACT_DUPLICATE_CONSISTENT_LABEL
1103,5b8ad6911a2dace1f047653ac592fac88bc4a884aae14f3573c6e3d13b3c0fb9,train,27270,5,Surprise,3,False,train,Surprise,EXACT_DUPLICATE_CONSISTENT_LABEL
1104,652ba27e9b76b84b71cb00c1ff5a90a5435a9b692ef1e4ff98f392db220cd9fe,train,16543,5,Surprise,2,False,train,Surprise,EXACT_DUPLICATE_CONSISTENT_LABEL
1104,652ba27e9b76b84b71cb00c1ff5a90a5435a9b692ef1e4ff98f392db220cd9fe,train,28063,5,Surprise,2,False,train,Surprise,EXACT_DUPLICATE_CONSISTENT_LABEL
1105,be64cf66856a8c5e71e990d4473b90891f69933769de5819eda8d522bdd82fad,train,16556,1,Disgust,2,True,public/train,Disgust,EXACT_DUPLICATE_CONSISTENT_LABEL
1105,be64cf66856a8c5e71e990d4473b90891f69933769de5819eda8d522bdd82fad,public,3119,1,Disgust,2,True,public/train,Disgust,EXACT_DUPLICATE_CONSISTENT_LABEL
1106,e39f54c1ff34a45626ec5799efac70c11a1edded0cc739a52ec7599142e6aad3,train,16605,0,Angry,2,True,public/train,Angry,EXACT_DUPLICATE_CONSISTENT_LABEL
1106,e39f54c1ff34a45626ec5799efac70c11a1edded0cc739a52ec7599142e6aad3,public,2178,0,Angry,2,True,public/train,Angry,EXACT_DUPLICATE_CONSISTENT_LABEL
1107,f31edf8fe44ebcb9e1facab1e4fa830987c9de96015ea566fb6513316bcee44e,train,16618,5,Surprise,2,False,train,Surprise,EXACT_DUPLICATE_CONSISTENT_LABEL
1107,f31edf8fe44ebcb9e1facab1e4fa830987c9de96015ea566fb6513316bcee44e,train,23268,5,Surprise,2,False,train,Surprise,EXACT_DUPLICATE_CONSISTENT_LABEL
1108,17fe8adffa00eb37d8671a417115946c4f4caa839bb0f344114c0a9a0aa9df1b,train,16637,5,Surprise,2,False,train,Surprise,EXACT_DUPLICATE_CONSISTENT_LABEL
1108,17fe8adffa00eb37d8671a417115946c4f4caa839bb0f344114c0a9a0aa9df1b,train,28671,5,Surprise,2,False,train,Surprise,EXACT_DUPLICATE_CONSISTENT_LABEL
1109,e3cbea6ae1c30a5c9e890837db3fb8c6ad19fa9f45765592e9a17f85d0ad70be,train,16665,3,Happy,2,False,train,Happy,EXACT_DUPLICATE_CONSISTENT_LABEL
1109,e3cbea6ae1c30a5c9e890837db3fb8c6ad19fa9f45765592e9a17f85d0ad70be,train,18425,3,Happy,2,False,train,Happy,EXACT_DUPLICATE_CONSISTENT_LABEL
1110,5c9e0a7be6452ceaaf94674336acf168a0f3ed6307873f7f595c161185e09164,train,16673,1,Disgust,2,False,train,Disgust,EXACT_DUPLICATE_CONSISTENT_LABEL
1110,5c9e0a7be6452ceaaf94674336acf168a0f3ed6307873f7f595c161185e09164,train,24950,1,Disgust,2,False,train,Disgust,EXACT_DUPLICATE_CONSISTENT_LABEL
1111,884b2d1916c28d6e93c867f8ebab7d981ef65af9718a9afbdcfff78658ad9467,train,16693,3,Happy,2,True,private/train,Happy,EXACT_DUPLICATE_CONSISTENT_LABEL
1111,884b2d1916c28d6e93c867f8ebab7d981ef65af9718a9afbdcfff78658ad9467,private,2527,3,Happy,2,True,private/train,Happy,EXACT_DUPLICATE_CONSISTENT_LABEL
1112,e6b838b4630d866168a5fd419bfe6c1ab6668a69536ad49695a1f377cbd0dba8,train,16789,2,Fear,2,False,train,Fear,EXACT_DUPLICATE_CONSISTENT_LABEL
1112,e6b838b4630d866168a5fd419bfe6c1ab6668a69536ad49695a1f377cbd0dba8,train,27569,2,Fear,2,False,train,Fear,EXACT_DUPLICATE_CONSISTENT_LABEL
1113,fa60be2c68d18b7b1f243ba85ede94bb78c91a1d9b3a4b102d5dfc7d5e6b9621,train,16800,4,Sad,2,False,train,Sad,EXACT_DUPLICATE_CONSISTENT_LABEL
1113,fa60be2c68d18b7b1f243ba85ede94bb78c91a1d9b3a4b102d5dfc7d5e6b9621,train,22276,4,Sad,2,False,train,Sad,EXACT_DUPLICATE_CONSISTENT_LABEL
1114,4c57911648f9663b69de7654577dd84927176f3cb576967a9649756665b8d534,train,16825,2,Fear,2,True,public/train,Fear,EXACT_DUPLICATE_CONSISTENT_LABEL
1114,4c57911648f9663b69de7654577dd84927176f3cb576967a9649756665b8d534,public,3027,2,Fear,2,True,public/train,Fear,EXACT_DUPLICATE_CONSISTENT_LABEL
1115,d231a2b6b44a7acbefefefb7ced541bdd87f892c37dabc1961d6ff493063147a,train,16859,4,Sad,2,False,train,Sad,EXACT_DUPLICATE_CONSISTENT_LABEL
1115,d231a2b6b44a7acbefefefb7ced541bdd87f892c37dabc1961d6ff493063147a,train,25860,4,Sad,2,False,train,Sad,EXACT_DUPLICATE_CONSISTENT_LABEL
1116,943edc6a42681c9bf5f3e66c9a483aaa986284cd29cde05d0637c934876b9972,train,16927,4,Sad,2,False,train,Sad,EXACT_DUPLICATE_CONSISTENT_LABEL
1116,943edc6a42681c9bf5f3e66c9a483aaa986284cd29cde05d0637c934876b9972,train,25252,4,Sad,2,False,train,Sad,EXACT_DUPLICATE_CONSISTENT_LABEL
1117,4deec796b3f998fe59ba3a9db7dfa14d3df3fdd7f15a55fa2b433293e8140a4b,train,16932,4,Sad,2,True,private/train,Sad,EXACT_DUPLICATE_CONSISTENT_LABEL
1117,4deec796b3f998fe59ba3a9db7dfa14d3df3fdd7f15a55fa2b433293e8140a4b,private,3241,4,Sad,2,True,private/train,Sad,EXACT_DUPLICATE_CONSISTENT_LABEL
1118,8bd0d53758b0e95c1af455855343ab91a346a2e231db6d9ebb78a56854d4f228,train,16953,1,Disgust,3,True,public/train,Disgust,EXACT_DUPLICATE_CONSISTENT_LABEL
1118,8bd0d53758b0e95c1af455855343ab91a346a2e231db6d9ebb78a56854d4f228,train,23898,1,Disgust,3,True,public/train,Disgust,EXACT_DUPLICATE_CONSISTENT_LABEL
1118,8bd0d53758b0e95c1af455855343ab91a346a2e231db6d9ebb78a56854d4f228,public,1023,1,Disgust,3,True,public/train,Disgust,EXACT_DUPLICATE_CONSISTENT_LABEL
1119,a915e4117017a34cd451bf3d6691296f47f96d6ade15930b476a90724c4c2a98,train,16976,5,Surprise,2,False,train,Surprise,EXACT_DUPLICATE_CONSISTENT_LABEL
1119,a915e4117017a34cd451bf3d6691296f47f96d6ade15930b476a90724c4c2a98,train,21934,5,Surprise,2,False,train,Surprise,EXACT_DUPLICATE_CONSISTENT_LABEL
1120,0b9febb66ef881682f48d7017d66253a1343a955c6b4599c8ca5f8fe5e02342d,train,16980,5,Surprise,2,False,train,Surprise,EXACT_DUPLICATE_CONSISTENT_LABEL
1120,0b9febb66ef881682f48d7017d66253a1343a955c6b4599c8ca5f8fe5e02342d,train,22372,5,Surprise,2,False,train,Surprise,EXACT_DUPLICATE_CONSISTENT_LABEL
1121,d41a33765e181b974cf050e3675cb915f8f9df6b75b919083880c0eac255f2a9,train,17002,3,Happy,2,True,public/train,Happy,EXACT_DUPLICATE_CONSISTENT_LABEL
1121,d41a33765e181b974cf050e3675cb915f8f9df6b75b919083880c0eac255f2a9,public,634,3,Happy,2,True,public/train,Happy,EXACT_DUPLICATE_CONSISTENT_LABEL
1122,6e7270f099acddf68e880d021406d226ab18128b3b83f63d2d855d0f40e30f46,train,17052,5,Surprise,2,False,train,Surprise,EXACT_DUPLICATE_CONSISTENT_LABEL
1122,6e7270f099acddf68e880d021406d226ab18128b3b83f63d2d855d0f40e30f46,train,21468,5,Surprise,2,False,train,Surprise,EXACT_DUPLICATE_CONSISTENT_LABEL
1123,238288d282f3415afccdfeee72a6eae3e08a5c377565d1cb68e9d1e908cfba6d,train,17114,2,Fear,2,False,train,Fear,EXACT_DUPLICATE_CONSISTENT_LABEL
1123,238288d282f3415afccdfeee72a6eae3e08a5c377565d1cb68e9d1e908cfba6d,train,23278,2,Fear,2,False,train,Fear,EXACT_DUPLICATE_CONSISTENT_LABEL
1124,07d91588192a80942a9ea77c551117c85f53b1d144c807b783b703d1aaecc4ca,train,17118,5,Surprise,2,True,public/train,Surprise,EXACT_DUPLICATE_CONSISTENT_LABEL
1124,07d91588192a80942a9ea77c551117c85f53b1d144c807b783b703d1aaecc4ca,public,904,5,Surprise,2,True,public/train,Surprise,EXACT_DUPLICATE_CONSISTENT_LABEL
1125,990cf74939801db9cfd94ce9f51a17b6d221d2db97c1a0346486bf765acf2083,train,17121,5,Surprise,2,False,train,Surprise,EXACT_DUPLICATE_CONSISTENT_LABEL
1125,990cf74939801db9cfd94ce9f51a17b6d221d2db97c1a0346486bf765acf2083,train,25561,5,Surprise,2,False,train,Surprise,EXACT_DUPLICATE_CONSISTENT_LABEL
1126,202520d8096185be740fa489df332012aeead56376d801ac0828142efb8dfbdb,train,17166,2,Fear,2,False,train,Fear,EXACT_DUPLICATE_CONSISTENT_LABEL
1126,202520d8096185be740fa489df332012aeead56376d801ac0828142efb8dfbdb,train,27679,2,Fear,2,False,train,Fear,EXACT_DUPLICATE_CONSISTENT_LABEL
1127,82bf48e9907d38781f731c9e6f25b91699646c048f4a09968a36c40c9cb12a7e,train,17181,0,Angry,5,True,private/public/train,Angry,EXACT_DUPLICATE_CONSISTENT_LABEL
1127,82bf48e9907d38781f731c9e6f25b91699646c048f4a09968a36c40c9cb12a7e,train,20832,0,Angry,5,True,private/public/train,Angry,EXACT_DUPLICATE_CONSISTENT_LABEL
1127,82bf48e9907d38781f731c9e6f25b91699646c048f4a09968a36c40c9cb12a7e,train,28378,0,Angry,5,True,private/public/train,Angry,EXACT_DUPLICATE_CONSISTENT_LABEL
1127,82bf48e9907d38781f731c9e6f25b91699646c048f4a09968a36c40c9cb12a7e,public,1797,0,Angry,5,True,private/public/train,Angry,EXACT_DUPLICATE_CONSISTENT_LABEL
1127,82bf48e9907d38781f731c9e6f25b91699646c048f4a09968a36c40c9cb12a7e,private,1135,0,Angry,5,True,private/public/train,Angry,EXACT_DUPLICATE_CONSISTENT_LABEL
1128,f5cf267478c7576b603633a0e99a720d2ccf44374dc5600590ee2c26071bca6d,train,17205,5,Surprise,2,False,train,Surprise,EXACT_DUPLICATE_CONSISTENT_LABEL
1128,f5cf267478c7576b603633a0e99a720d2ccf44374dc5600590ee2c26071bca6d,train,27965,5,Surprise,2,False,train,Surprise,EXACT_DUPLICATE_CONSISTENT_LABEL
1129,fee59d33bdb64257b4b82ca421898aba0a98517437ebe1c1fe3c6984fdfbf0ae,train,17210,4,Sad,3,True,private/train,Fear/Sad,EXACT_DUPLICATE_CONFLICTING_LABEL
1129,fee59d33bdb64257b4b82ca421898aba0a98517437ebe1c1fe3c6984fdfbf0ae,train,21993,2,Fear,3,True,private/train,Fear/Sad,EXACT_DUPLICATE_CONFLICTING_LABEL
1129,fee59d33bdb64257b4b82ca421898aba0a98517437ebe1c1fe3c6984fdfbf0ae,private,2092,4,Sad,3,True,private/train,Fear/Sad,EXACT_DUPLICATE_CONFLICTING_LABEL
1130,e35c5a960a6d467ca608754ccbcfbda3d0f7a6ac2f5cb63ebfb59760d7297823,train,17215,4,Sad,2,True,public/train,Sad,EXACT_DUPLICATE_CONSISTENT_LABEL
1130,e35c5a960a6d467ca608754ccbcfbda3d0f7a6ac2f5cb63ebfb59760d7297823,public,1110,4,Sad,2,True,public/train,Sad,EXACT_DUPLICATE_CONSISTENT_LABEL
1131,336ca71972e991b9c21b1a271206add572e6e77d7de46af6e56e8a1cfec538d6,train,17234,3,Happy,2,True,public/train,Happy,EXACT_DUPLICATE_CONSISTENT_LABEL
1131,336ca71972e991b9c21b1a271206add572e6e77d7de46af6e56e8a1cfec538d6,public,1943,3,Happy,2,True,public/train,Happy,EXACT_DUPLICATE_CONSISTENT_LABEL
1132,bc1db41fc9b11684ab788e639b8d2237090c888375388dfd5a435535edd41bfc,train,17238,5,Surprise,2,True,private/train,Surprise,EXACT_DUPLICATE_CONSISTENT_LABEL
1132,bc1db41fc9b11684ab788e639b8d2237090c888375388dfd5a435535edd41bfc,private,3213,5,Surprise,2,True,private/train,Surprise,EXACT_DUPLICATE_CONSISTENT_LABEL
1133,1cd7a05dc687f60315b5d7bb3c20ba2c58ae7b29367cf74923d071190c6a9850,train,17290,5,Surprise,3,True,private/train,Surprise,EXACT_DUPLICATE_CONSISTENT_LABEL
1133,1cd7a05dc687f60315b5d7bb3c20ba2c58ae7b29367cf74923d071190c6a9850,train,27147,5,Surprise,3,True,private/train,Surprise,EXACT_DUPLICATE_CONSISTENT_LABEL
1133,1cd7a05dc687f60315b5d7bb3c20ba2c58ae7b29367cf74923d071190c6a9850,private,2876,5,Surprise,3,True,private/train,Surprise,EXACT_DUPLICATE_CONSISTENT_LABEL
1134,d8c296da4e052cec7f7925f96dc7c67946083cc1fb6223e48dc43d9f6b3e13b7,train,17310,5,Surprise,2,True,private/train,Surprise,EXACT_DUPLICATE_CONSISTENT_LABEL
1134,d8c296da4e052cec7f7925f96dc7c67946083cc1fb6223e48dc43d9f6b3e13b7,private,2658,5,Surprise,2,True,private/train,Surprise,EXACT_DUPLICATE_CONSISTENT_LABEL
1135,63efe00c625dc978c881057eed97ffe71e6203008801c1ff0d78567164df19e4,train,17317,5,Surprise,2,False,train,Surprise,EXACT_DUPLICATE_CONSISTENT_LABEL
1135,63efe00c625dc978c881057eed97ffe71e6203008801c1ff0d78567164df19e4,train,17461,5,Surprise,2,False,train,Surprise,EXACT_DUPLICATE_CONSISTENT_LABEL
1136,36b944fdb83cb026410192d352d1e9ab8daad385c38c598cb18cd83ddebe83b1,train,17324,6,Neutral,2,False,train,Neutral,EXACT_DUPLICATE_CONSISTENT_LABEL
1136,36b944fdb83cb026410192d352d1e9ab8daad385c38c598cb18cd83ddebe83b1,train,26495,6,Neutral,2,False,train,Neutral,EXACT_DUPLICATE_CONSISTENT_LABEL
1137,209107991449c10022ad7c29fac2d4c0b866129e36a8eb20af3c02b208ddd73c,train,17327,5,Surprise,2,False,train,Surprise,EXACT_DUPLICATE_CONSISTENT_LABEL
1137,209107991449c10022ad7c29fac2d4c0b866129e36a8eb20af3c02b208ddd73c,train,21366,5,Surprise,2,False,train,Surprise,EXACT_DUPLICATE_CONSISTENT_LABEL
1138,ab21a4f006685927d95e93735ccf159905982821a1c532974d38c901ce90e4f6,train,17369,2,Fear,2,True,private/train,Fear,EXACT_DUPLICATE_CONSISTENT_LABEL
1138,ab21a4f006685927d95e93735ccf159905982821a1c532974d38c901ce90e4f6,private,1765,2,Fear,2,True,private/train,Fear,EXACT_DUPLICATE_CONSISTENT_LABEL
1139,57218e1c5d82147cbf6802d785a121438753dc0902340c3f8264c6c32bf10dc4,train,17407,3,Happy,2,False,train,Happy,EXACT_DUPLICATE_CONSISTENT_LABEL
1139,57218e1c5d82147cbf6802d785a121438753dc0902340c3f8264c6c32bf10dc4,train,26677,3,Happy,2,False,train,Happy,EXACT_DUPLICATE_CONSISTENT_LABEL
1140,026a92e9a3fce9d5e0d23c62274bb9300fbfcd0f26aef9114108edde2bf1810b,train,17436,3,Happy,2,False,train,Happy,EXACT_DUPLICATE_CONSISTENT_LABEL
1140,026a92e9a3fce9d5e0d23c62274bb9300fbfcd0f26aef9114108edde2bf1810b,train,18933,3,Happy,2,False,train,Happy,EXACT_DUPLICATE_CONSISTENT_LABEL
1141,e616f16cb750948ddd886a822eccae8121c5803ad88bd83cd60fb941512102c7,train,17454,5,Surprise,2,True,public/train,Surprise,EXACT_DUPLICATE_CONSISTENT_LABEL
1141,e616f16cb750948ddd886a822eccae8121c5803ad88bd83cd60fb941512102c7,public,3423,5,Surprise,2,True,public/train,Surprise,EXACT_DUPLICATE_CONSISTENT_LABEL
1142,d48ef05494811019124624a5bea8cadad8f04039903af0288df2d9d86ff4f36e,train,17486,2,Fear,2,True,private/train,Fear,EXACT_DUPLICATE_CONSISTENT_LABEL
1142,d48ef05494811019124624a5bea8cadad8f04039903af0288df2d9d86ff4f36e,private,187,2,Fear,2,True,private/train,Fear,EXACT_DUPLICATE_CONSISTENT_LABEL
1143,b98beb8c4f182c2240af566269868a07c661137393f8be9a27a81a38ecbb7cd7,train,17499,4,Sad,2,True,private/train,Sad,EXACT_DUPLICATE_CONSISTENT_LABEL
1143,b98beb8c4f182c2240af566269868a07c661137393f8be9a27a81a38ecbb7cd7,private,1482,4,Sad,2,True,private/train,Sad,EXACT_DUPLICATE_CONSISTENT_LABEL
1144,f3618a9db061ec7fe75ba567cca890b2195153143af35f43eaa233adde992a03,train,17514,5,Surprise,2,True,private/train,Surprise,EXACT_DUPLICATE_CONSISTENT_LABEL
1144,f3618a9db061ec7fe75ba567cca890b2195153143af35f43eaa233adde992a03,private,134,5,Surprise,2,True,private/train,Surprise,EXACT_DUPLICATE_CONSISTENT_LABEL
1145,a2b93d1724c7fdea880c055828b2d1156a77cab05cbb0ebb19d70b0450b08ff3,train,17524,3,Happy,2,True,private/train,Happy,EXACT_DUPLICATE_CONSISTENT_LABEL
1145,a2b93d1724c7fdea880c055828b2d1156a77cab05cbb0ebb19d70b0450b08ff3,private,3266,3,Happy,2,True,private/train,Happy,EXACT_DUPLICATE_CONSISTENT_LABEL
1146,8917e63b3ad444073f807966015123971b1a93978cd94da7682c599cf7d9bee8,train,17559,2,Fear,2,True,public/train,Fear,EXACT_DUPLICATE_CONSISTENT_LABEL
1146,8917e63b3ad444073f807966015123971b1a93978cd94da7682c599cf7d9bee8,public,556,2,Fear,2,True,public/train,Fear,EXACT_DUPLICATE_CONSISTENT_LABEL
1147,7f3706bdaa23c27874335fcf54e3d4fff137ae7aa3409657f39a67703058c304,train,17562,5,Surprise,2,False,train,Surprise,EXACT_DUPLICATE_CONSISTENT_LABEL
1147,7f3706bdaa23c27874335fcf54e3d4fff137ae7aa3409657f39a67703058c304,train,17780,5,Surprise,2,False,train,Surprise,EXACT_DUPLICATE_CONSISTENT_LABEL
1148,6b2657eb1a58761e7a4a1f574cb3795cb96841ee677276d18391b524b92aa609,train,17610,5,Surprise,2,True,public/train,Fear/Surprise,EXACT_DUPLICATE_CONFLICTING_LABEL
1148,6b2657eb1a58761e7a4a1f574cb3795cb96841ee677276d18391b524b92aa609,public,950,2,Fear,2,True,public/train,Fear/Surprise,EXACT_DUPLICATE_CONFLICTING_LABEL
1149,3751d8058b0e6a5f4def15125a31c4b8bd757452af7b4e9097169ec72874eec4,train,17632,2,Fear,2,False,train,Fear,EXACT_DUPLICATE_CONSISTENT_LABEL
1149,3751d8058b0e6a5f4def15125a31c4b8bd757452af7b4e9097169ec72874eec4,train,25914,2,Fear,2,False,train,Fear,EXACT_DUPLICATE_CONSISTENT_LABEL
1150,3b2797f4149cfadf8e26ea89e5cbe0f8e61eec999090756274c247a012f624e6,train,17646,2,Fear,2,True,private/train,Fear,EXACT_DUPLICATE_CONSISTENT_LABEL
1150,3b2797f4149cfadf8e26ea89e5cbe0f8e61eec999090756274c247a012f624e6,private,3385,2,Fear,2,True,private/train,Fear,EXACT_DUPLICATE_CONSISTENT_LABEL
1151,a2adc12daa3d754f39424247a2964a236999f7b377566af2e4cb8d1f2148ad8b,train,17656,2,Fear,2,True,private/train,Fear,EXACT_DUPLICATE_CONSISTENT_LABEL
1151,a2adc12daa3d754f39424247a2964a236999f7b377566af2e4cb8d1f2148ad8b,private,1346,2,Fear,2,True,private/train,Fear,EXACT_DUPLICATE_CONSISTENT_LABEL
1152,44297fcbe2dacd3e36db81801ef929dca847e62818afbdb221348a2de5333e99,train,17663,2,Fear,2,True,private/train,Fear,EXACT_DUPLICATE_CONSISTENT_LABEL
1152,44297fcbe2dacd3e36db81801ef929dca847e62818afbdb221348a2de5333e99,private,1001,2,Fear,2,True,private/train,Fear,EXACT_DUPLICATE_CONSISTENT_LABEL
1153,cf6b77cb14f7dfdf2e6b37b628b9c86985bc2a4b814a7261f058e43fe2e6d466,train,17677,5,Surprise,2,True,private/train,Surprise,EXACT_DUPLICATE_CONSISTENT_LABEL
1153,cf6b77cb14f7dfdf2e6b37b628b9c86985bc2a4b814a7261f058e43fe2e6d466,private,2913,5,Surprise,2,True,private/train,Surprise,EXACT_DUPLICATE_CONSISTENT_LABEL
1154,a4a5ac80817e94c4089b872230e76ccd53736165c16ba2c667e2a5194be3a02c,train,17709,0,Angry,2,False,train,Angry,EXACT_DUPLICATE_CONSISTENT_LABEL
1154,a4a5ac80817e94c4089b872230e76ccd53736165c16ba2c667e2a5194be3a02c,train,22096,0,Angry,2,False,train,Angry,EXACT_DUPLICATE_CONSISTENT_LABEL
1155,653a9628cba558305fae2d16bbaa86cd8eae09f4b43ba1864c62aa34e9253184,train,17716,5,Surprise,2,False,train,Surprise,EXACT_DUPLICATE_CONSISTENT_LABEL
1155,653a9628cba558305fae2d16bbaa86cd8eae09f4b43ba1864c62aa34e9253184,train,20924,5,Surprise,2,False,train,Surprise,EXACT_DUPLICATE_CONSISTENT_LABEL
1156,e681307cde8ddf72b4f5c2ee246a60340713319b1c5af591b04a5a8007e5ad32,train,17719,1,Disgust,2,False,train,Disgust,EXACT_DUPLICATE_CONSISTENT_LABEL
1156,e681307cde8ddf72b4f5c2ee246a60340713319b1c5af591b04a5a8007e5ad32,train,22630,1,Disgust,2,False,train,Disgust,EXACT_DUPLICATE_CONSISTENT_LABEL
1157,8d8c289a6b0e344bee1bbc58f2e455e6560100eff3e24a2ea37f25a56b439bae,train,17731,0,Angry,2,False,train,Angry,EXACT_DUPLICATE_CONSISTENT_LABEL
1157,8d8c289a6b0e344bee1bbc58f2e455e6560100eff3e24a2ea37f25a56b439bae,train,26344,0,Angry,2,False,train,Angry,EXACT_DUPLICATE_CONSISTENT_LABEL
1158,5fd5fcd5f073118bb1890d514786f89fc8ee9022790f92efcf5df6c555b25628,train,17753,3,Happy,2,False,train,Happy,EXACT_DUPLICATE_CONSISTENT_LABEL
1158,5fd5fcd5f073118bb1890d514786f89fc8ee9022790f92efcf5df6c555b25628,train,22723,3,Happy,2,False,train,Happy,EXACT_DUPLICATE_CONSISTENT_LABEL
1159,cfd14ac25fde5ca38b0d2df0694380d63633439d127d2740eaab24edb9de9e05,train,17759,5,Surprise,2,False,train,Surprise,EXACT_DUPLICATE_CONSISTENT_LABEL
1159,cfd14ac25fde5ca38b0d2df0694380d63633439d127d2740eaab24edb9de9e05,train,21895,5,Surprise,2,False,train,Surprise,EXACT_DUPLICATE_CONSISTENT_LABEL
1160,848e12c1b019b9beffc6df13bb22ea43644e0cd01d8260f131888a4950065c46,train,17776,2,Fear,2,False,train,Fear,EXACT_DUPLICATE_CONSISTENT_LABEL
1160,848e12c1b019b9beffc6df13bb22ea43644e0cd01d8260f131888a4950065c46,train,19484,2,Fear,2,False,train,Fear,EXACT_DUPLICATE_CONSISTENT_LABEL
1161,3e407d44339b983de664c462ba460bd41107533b39bd6aab42541495eb703b37,train,17806,5,Surprise,2,False,train,Surprise,EXACT_DUPLICATE_CONSISTENT_LABEL
1161,3e407d44339b983de664c462ba460bd41107533b39bd6aab42541495eb703b37,train,17894,5,Surprise,2,False,train,Surprise,EXACT_DUPLICATE_CONSISTENT_LABEL
1162,ac13c6f0d88172d8f6f5da3748dc66736d5fc5268edce2a21707d38b8ab7dfba,train,17814,3,Happy,2,False,train,Happy,EXACT_DUPLICATE_CONSISTENT_LABEL
1162,ac13c6f0d88172d8f6f5da3748dc66736d5fc5268edce2a21707d38b8ab7dfba,train,22895,3,Happy,2,False,train,Happy,EXACT_DUPLICATE_CONSISTENT_LABEL
1163,43f1999c20e965012a25b5b3baf06462cb5d38117a525800efab419a8f4ea873,train,17896,2,Fear,2,False,train,Fear,EXACT_DUPLICATE_CONSISTENT_LABEL
1163,43f1999c20e965012a25b5b3baf06462cb5d38117a525800efab419a8f4ea873,train,25350,2,Fear,2,False,train,Fear,EXACT_DUPLICATE_CONSISTENT_LABEL
1164,a32408db4bf5bbcf03b17b0c56ab7167eb850a1f0ab4c5f58bb5777ca2bafe85,train,17937,5,Surprise,2,False,train,Surprise,EXACT_DUPLICATE_CONSISTENT_LABEL
1164,a32408db4bf5bbcf03b17b0c56ab7167eb850a1f0ab4c5f58bb5777ca2bafe85,train,21768,5,Surprise,2,False,train,Surprise,EXACT_DUPLICATE_CONSISTENT_LABEL
1165,aa87b866ba2bcdf958dfe9a185f3fecd0d67c31fa3d87e28d58f5077619de27a,train,17944,5,Surprise,2,True,private/train,Surprise,EXACT_DUPLICATE_CONSISTENT_LABEL
1165,aa87b866ba2bcdf958dfe9a185f3fecd0d67c31fa3d87e28d58f5077619de27a,private,2704,5,Surprise,2,True,private/train,Surprise,EXACT_DUPLICATE_CONSISTENT_LABEL
1166,63f459e1c123eaa8a084d0c1067867b5fa726a9c3f102d47135d84fc36c2e424,train,17984,4,Sad,2,True,private/train,Sad,EXACT_DUPLICATE_CONSISTENT_LABEL
1166,63f459e1c123eaa8a084d0c1067867b5fa726a9c3f102d47135d84fc36c2e424,private,2335,4,Sad,2,True,private/train,Sad,EXACT_DUPLICATE_CONSISTENT_LABEL
1167,123aa7f153e8e93868d80fdea11c6db2f393e3d9df98ec083ca4c590f1df56f5,train,18007,2,Fear,3,True,public/train,Fear,EXACT_DUPLICATE_CONSISTENT_LABEL
1167,123aa7f153e8e93868d80fdea11c6db2f393e3d9df98ec083ca4c590f1df56f5,train,28233,2,Fear,3,True,public/train,Fear,EXACT_DUPLICATE_CONSISTENT_LABEL
1167,123aa7f153e8e93868d80fdea11c6db2f393e3d9df98ec083ca4c590f1df56f5,public,469,2,Fear,3,True,public/train,Fear,EXACT_DUPLICATE_CONSISTENT_LABEL
1168,b2e764038dd4629999cf851445cbbf46307233bd5568126bc9e29d014af01de5,train,18093,5,Surprise,2,True,public/train,Surprise,EXACT_DUPLICATE_CONSISTENT_LABEL
1168,b2e764038dd4629999cf851445cbbf46307233bd5568126bc9e29d014af01de5,public,1177,5,Surprise,2,True,public/train,Surprise,EXACT_DUPLICATE_CONSISTENT_LABEL
1169,762682294282bf51d138f877f1f6e939b57cfc176ec52401da64d5a222e7b5e8,train,18096,0,Angry,2,False,train,Angry,EXACT_DUPLICATE_CONSISTENT_LABEL
1169,762682294282bf51d138f877f1f6e939b57cfc176ec52401da64d5a222e7b5e8,train,25269,0,Angry,2,False,train,Angry,EXACT_DUPLICATE_CONSISTENT_LABEL
1170,41406f21c5ab2779acfeed8533eb1b925a5e48ae58ee344dc03d8ff730926096,train,18111,5,Surprise,3,False,train,Surprise,EXACT_DUPLICATE_CONSISTENT_LABEL
1170,41406f21c5ab2779acfeed8533eb1b925a5e48ae58ee344dc03d8ff730926096,train,23653,5,Surprise,3,False,train,Surprise,EXACT_DUPLICATE_CONSISTENT_LABEL
1170,41406f21c5ab2779acfeed8533eb1b925a5e48ae58ee344dc03d8ff730926096,train,26640,5,Surprise,3,False,train,Surprise,EXACT_DUPLICATE_CONSISTENT_LABEL
1171,0063a5c13fff74633829394764cd8db7b376f1cec993f1c28e6371d0dcc443cd,train,18125,5,Surprise,2,False,train,Surprise,EXACT_DUPLICATE_CONSISTENT_LABEL
1171,0063a5c13fff74633829394764cd8db7b376f1cec993f1c28e6371d0dcc443cd,train,27290,5,Surprise,2,False,train,Surprise,EXACT_DUPLICATE_CONSISTENT_LABEL
1172,ea1275b9b30b811e04e5dc2b3f3bb77487842d749e4ee1f194fce299d69bfb3e,train,18128,2,Fear,2,True,private/train,Fear,EXACT_DUPLICATE_CONSISTENT_LABEL
1172,ea1275b9b30b811e04e5dc2b3f3bb77487842d749e4ee1f194fce299d69bfb3e,private,2191,2,Fear,2,True,private/train,Fear,EXACT_DUPLICATE_CONSISTENT_LABEL
1173,8bd5cf71a776c7ad20cfec3035fe56aefebd0f7ce210c8edba1fcb8b3d8829a5,train,18178,5,Surprise,3,True,private/train,Surprise,EXACT_DUPLICATE_CONSISTENT_LABEL
1173,8bd5cf71a776c7ad20cfec3035fe56aefebd0f7ce210c8edba1fcb8b3d8829a5,private,1613,5,Surprise,3,True,private/train,Surprise,EXACT_DUPLICATE_CONSISTENT_LABEL
1173,8bd5cf71a776c7ad20cfec3035fe56aefebd0f7ce210c8edba1fcb8b3d8829a5,private,1699,5,Surprise,3,True,private/train,Surprise,EXACT_DUPLICATE_CONSISTENT_LABEL
1174,d9ad5a1ea2a6996fa8aeda5462e77a357e1fffc3b9075f5ab1eec0fb94aef7c8,train,18190,5,Surprise,3,False,train,Fear/Surprise,EXACT_DUPLICATE_CONFLICTING_LABEL
1174,d9ad5a1ea2a6996fa8aeda5462e77a357e1fffc3b9075f5ab1eec0fb94aef7c8,train,20585,2,Fear,3,False,train,Fear/Surprise,EXACT_DUPLICATE_CONFLICTING_LABEL
1174,d9ad5a1ea2a6996fa8aeda5462e77a357e1fffc3b9075f5ab1eec0fb94aef7c8,train,27989,5,Surprise,3,False,train,Fear/Surprise,EXACT_DUPLICATE_CONFLICTING_LABEL
1175,8bac7576e2415b04f30e15cb29ce724a42fdeaf56e87b3f4b57ed273e191e304,train,18207,5,Surprise,2,False,train,Surprise,EXACT_DUPLICATE_CONSISTENT_LABEL
1175,8bac7576e2415b04f30e15cb29ce724a42fdeaf56e87b3f4b57ed273e191e304,train,18524,5,Surprise,2,False,train,Surprise,EXACT_DUPLICATE_CONSISTENT_LABEL
1176,8131a504bc6a7cf076ba59d3ac4b3359467ff5a89ac1dac21a491d268047882c,train,18223,6,Neutral,2,True,private/train,Neutral,EXACT_DUPLICATE_CONSISTENT_LABEL
1176,8131a504bc6a7cf076ba59d3ac4b3359467ff5a89ac1dac21a491d268047882c,private,3058,6,Neutral,2,True,private/train,Neutral,EXACT_DUPLICATE_CONSISTENT_LABEL
1177,77a16efb3c378efd1ae83a658269978ad9c8170913e9132891de9a69ea5e1dc5,train,18241,5,Surprise,2,False,train,Surprise,EXACT_DUPLICATE_CONSISTENT_LABEL
1177,77a16efb3c378efd1ae83a658269978ad9c8170913e9132891de9a69ea5e1dc5,train,20449,5,Surprise,2,False,train,Surprise,EXACT_DUPLICATE_CONSISTENT_LABEL
1178,537ad8eef1f89ee324a99e5bad20467a281143836b2346daf5e4c19f9b2e6b8b,train,18245,3,Happy,3,False,train,Happy,EXACT_DUPLICATE_CONSISTENT_LABEL
1178,537ad8eef1f89ee324a99e5bad20467a281143836b2346daf5e4c19f9b2e6b8b,train,21625,3,Happy,3,False,train,Happy,EXACT_DUPLICATE_CONSISTENT_LABEL
1178,537ad8eef1f89ee324a99e5bad20467a281143836b2346daf5e4c19f9b2e6b8b,train,27638,3,Happy,3,False,train,Happy,EXACT_DUPLICATE_CONSISTENT_LABEL
1179,10288660bfed23ec67365b295f0ed51e7adff3e1f4467e3d612a98341acd6a9b,train,18273,5,Surprise,2,False,train,Surprise,EXACT_DUPLICATE_CONSISTENT_LABEL
1179,10288660bfed23ec67365b295f0ed51e7adff3e1f4467e3d612a98341acd6a9b,train,24151,5,Surprise,2,False,train,Surprise,EXACT_DUPLICATE_CONSISTENT_LABEL
1180,107264ee01a1c1cb56f4b83003c2aea42387c346fdc2deba5952efb37425f18f,train,18279,2,Fear,2,True,public/train,Fear,EXACT_DUPLICATE_CONSISTENT_LABEL
1180,107264ee01a1c1cb56f4b83003c2aea42387c346fdc2deba5952efb37425f18f,public,1609,2,Fear,2,True,public/train,Fear,EXACT_DUPLICATE_CONSISTENT_LABEL
1181,1abac23e1d9a436fa8025eb1f461c7b1f77da1d33d21411ae78b908e20e2b615,train,18302,2,Fear,2,True,private/train,Fear,EXACT_DUPLICATE_CONSISTENT_LABEL
1181,1abac23e1d9a436fa8025eb1f461c7b1f77da1d33d21411ae78b908e20e2b615,private,3588,2,Fear,2,True,private/train,Fear,EXACT_DUPLICATE_CONSISTENT_LABEL
1182,4c89d1f963643c9b7bdfd0bac3c19a0ab60712de4f9791ffd737778d4d98293a,train,18318,4,Sad,2,False,train,Sad,EXACT_DUPLICATE_CONSISTENT_LABEL
1182,4c89d1f963643c9b7bdfd0bac3c19a0ab60712de4f9791ffd737778d4d98293a,train,23991,4,Sad,2,False,train,Sad,EXACT_DUPLICATE_CONSISTENT_LABEL
1183,d75c047e3ca1fa2ebc636efdad76faf827128ca7c450144dde040cc33ebf786a,train,18330,4,Sad,2,False,train,Sad,EXACT_DUPLICATE_CONSISTENT_LABEL
1183,d75c047e3ca1fa2ebc636efdad76faf827128ca7c450144dde040cc33ebf786a,train,25315,4,Sad,2,False,train,Sad,EXACT_DUPLICATE_CONSISTENT_LABEL
1184,8466f91c5e7c78c5d9eab8ee449c5550170c78c9a8d0137aa3e33bf1d9ad228e,train,18354,2,Fear,2,True,private/train,Fear,EXACT_DUPLICATE_CONSISTENT_LABEL
1184,8466f91c5e7c78c5d9eab8ee449c5550170c78c9a8d0137aa3e33bf1d9ad228e,private,2208,2,Fear,2,True,private/train,Fear,EXACT_DUPLICATE_CONSISTENT_LABEL
1185,83d127d76c667c08418c7b9c0734248375659ce29b352f91b3e797e203c3928a,train,18364,2,Fear,3,False,train,Fear,EXACT_DUPLICATE_CONSISTENT_LABEL
1185,83d127d76c667c08418c7b9c0734248375659ce29b352f91b3e797e203c3928a,train,20617,2,Fear,3,False,train,Fear,EXACT_DUPLICATE_CONSISTENT_LABEL
1185,83d127d76c667c08418c7b9c0734248375659ce29b352f91b3e797e203c3928a,train,24131,2,Fear,3,False,train,Fear,EXACT_DUPLICATE_CONSISTENT_LABEL
1186,d135250aaa9089f25e8384dc8916a8671e5438e56629065645dd0456852b81f7,train,18368,0,Angry,2,False,train,Angry,EXACT_DUPLICATE_CONSISTENT_LABEL
1186,d135250aaa9089f25e8384dc8916a8671e5438e56629065645dd0456852b81f7,train,27491,0,Angry,2,False,train,Angry,EXACT_DUPLICATE_CONSISTENT_LABEL
1187,05b1d20667a5e5805add44b0c3a04b309c9d646c9bd43ef8d9fe87497dc08893,train,18370,5,Surprise,2,True,public/train,Surprise,EXACT_DUPLICATE_CONSISTENT_LABEL
1187,05b1d20667a5e5805add44b0c3a04b309c9d646c9bd43ef8d9fe87497dc08893,public,1858,5,Surprise,2,True,public/train,Surprise,EXACT_DUPLICATE_CONSISTENT_LABEL
1188,76360f64543a441f33972bcd4268a5d43eb4b1ba852a8f12cd3f572bef175603,train,18374,1,Disgust,2,True,private/train,Disgust,EXACT_DUPLICATE_CONSISTENT_LABEL
1188,76360f64543a441f33972bcd4268a5d43eb4b1ba852a8f12cd3f572bef175603,private,625,1,Disgust,2,True,private/train,Disgust,EXACT_DUPLICATE_CONSISTENT_LABEL
1189,97e015bc7ec33c78a98c46beeefe201836ad302ff672c11161e9c6f7c3160d7d,train,18390,2,Fear,2,False,train,Fear,EXACT_DUPLICATE_CONSISTENT_LABEL
1189,97e015bc7ec33c78a98c46beeefe201836ad302ff672c11161e9c6f7c3160d7d,train,26718,2,Fear,2,False,train,Fear,EXACT_DUPLICATE_CONSISTENT_LABEL
1190,eab03baece23dc2c1d1f3a685d5e7e95caad16ae8729ee0784a478b37f8a82a1,train,18420,5,Surprise,2,True,private/train,Surprise,EXACT_DUPLICATE_CONSISTENT_LABEL
1190,eab03baece23dc2c1d1f3a685d5e7e95caad16ae8729ee0784a478b37f8a82a1,private,2440,5,Surprise,2,True,private/train,Surprise,EXACT_DUPLICATE_CONSISTENT_LABEL
1191,1ece3eb1591b3e4b8a2ef2a8626a859bdb9e224022f87fc86c1774b22477caa1,train,18432,0,Angry,2,False,train,Angry,EXACT_DUPLICATE_CONSISTENT_LABEL
1191,1ece3eb1591b3e4b8a2ef2a8626a859bdb9e224022f87fc86c1774b22477caa1,train,20410,0,Angry,2,False,train,Angry,EXACT_DUPLICATE_CONSISTENT_LABEL
1192,ecec5bbc2b96ecfbb3cda046150ddd9e81d8b2b90dd3e21fac89e44c4ff0e4fd,train,18460,0,Angry,2,False,train,Angry,EXACT_DUPLICATE_CONSISTENT_LABEL
1192,ecec5bbc2b96ecfbb3cda046150ddd9e81d8b2b90dd3e21fac89e44c4ff0e4fd,train,19500,0,Angry,2,False,train,Angry,EXACT_DUPLICATE_CONSISTENT_LABEL
1193,9d0ec5ad000a192738906c2c07ff636dc0581e6af40431f64a96aef98aed596c,train,18464,1,Disgust,2,True,private/train,Disgust,EXACT_DUPLICATE_CONSISTENT_LABEL
1193,9d0ec5ad000a192738906c2c07ff636dc0581e6af40431f64a96aef98aed596c,private,1676,1,Disgust,2,True,private/train,Disgust,EXACT_DUPLICATE_CONSISTENT_LABEL
1194,da5ef183177a6fdee50b159ca2c116486391522ad8a3de277d79d63614accfa5,train,18509,5,Surprise,2,True,private/train,Surprise,EXACT_DUPLICATE_CONSISTENT_LABEL
1194,da5ef183177a6fdee50b159ca2c116486391522ad8a3de277d79d63614accfa5,private,690,5,Surprise,2,True,private/train,Surprise,EXACT_DUPLICATE_CONSISTENT_LABEL
1195,e72debb2a6a86e5b665402317a4350dc0f2d37134c7048babaefe719808b0417,train,18515,5,Surprise,2,True,private/train,Surprise,EXACT_DUPLICATE_CONSISTENT_LABEL
1195,e72debb2a6a86e5b665402317a4350dc0f2d37134c7048babaefe719808b0417,private,3242,5,Surprise,2,True,private/train,Surprise,EXACT_DUPLICATE_CONSISTENT_LABEL
1196,da35701350c0b31f91e5327516c928841e5c1f15b36dcd320c43d838593482d7,train,18527,2,Fear,2,True,private/train,Fear,EXACT_DUPLICATE_CONSISTENT_LABEL
1196,da35701350c0b31f91e5327516c928841e5c1f15b36dcd320c43d838593482d7,private,271,2,Fear,2,True,private/train,Fear,EXACT_DUPLICATE_CONSISTENT_LABEL
1197,4fcd5b6b762d0c753ea3c815aa7e1d4c9b21c5da2d343e7111e3391ecb9b0e9e,train,18546,5,Surprise,3,True,private/train,Surprise,EXACT_DUPLICATE_CONSISTENT_LABEL
1197,4fcd5b6b762d0c753ea3c815aa7e1d4c9b21c5da2d343e7111e3391ecb9b0e9e,train,20329,5,Surprise,3,True,private/train,Surprise,EXACT_DUPLICATE_CONSISTENT_LABEL
1197,4fcd5b6b762d0c753ea3c815aa7e1d4c9b21c5da2d343e7111e3391ecb9b0e9e,private,526,5,Surprise,3,True,private/train,Surprise,EXACT_DUPLICATE_CONSISTENT_LABEL
1198,6dd1c263865b173ac0953e59aa7f928801a3d1420733e8b9948a6fd856b7f776,train,18558,0,Angry,2,False,train,Angry,EXACT_DUPLICATE_CONSISTENT_LABEL
1198,6dd1c263865b173ac0953e59aa7f928801a3d1420733e8b9948a6fd856b7f776,train,23337,0,Angry,2,False,train,Angry,EXACT_DUPLICATE_CONSISTENT_LABEL
1199,f16eb7c1cd5906bd67cffb699752032252f50aca62df05b82351d62858a324e1,train,18595,5,Surprise,2,False,train,Surprise,EXACT_DUPLICATE_CONSISTENT_LABEL
1199,f16eb7c1cd5906bd67cffb699752032252f50aca62df05b82351d62858a324e1,train,21342,5,Surprise,2,False,train,Surprise,EXACT_DUPLICATE_CONSISTENT_LABEL
1200,9069eb16535b6dbe74393abf1c6234078b3506fa1e53ff4dd9b3e35a353aa34f,train,18639,5,Surprise,4,False,train,Surprise,EXACT_DUPLICATE_CONSISTENT_LABEL
1200,9069eb16535b6dbe74393abf1c6234078b3506fa1e53ff4dd9b3e35a353aa34f,train,20985,5,Surprise,4,False,train,Surprise,EXACT_DUPLICATE_CONSISTENT_LABEL
1200,9069eb16535b6dbe74393abf1c6234078b3506fa1e53ff4dd9b3e35a353aa34f,train,21558,5,Surprise,4,False,train,Surprise,EXACT_DUPLICATE_CONSISTENT_LABEL
1200,9069eb16535b6dbe74393abf1c6234078b3506fa1e53ff4dd9b3e35a353aa34f,train,23527,5,Surprise,4,False,train,Surprise,EXACT_DUPLICATE_CONSISTENT_LABEL
1201,7fcfdcf744f6c12a283cc5a95bffb71720639757f62d3b9159de4e60897e1f68,train,18678,5,Surprise,2,True,private/train,Surprise,EXACT_DUPLICATE_CONSISTENT_LABEL
1201,7fcfdcf744f6c12a283cc5a95bffb71720639757f62d3b9159de4e60897e1f68,private,26,5,Surprise,2,True,private/train,Surprise,EXACT_DUPLICATE_CONSISTENT_LABEL
1202,a74372b58a9b6371cb287b1b9df5343e87ffbca53f66e360d594ad0d00aa1921,train,18679,5,Surprise,2,False,train,Surprise,EXACT_DUPLICATE_CONSISTENT_LABEL
1202,a74372b58a9b6371cb287b1b9df5343e87ffbca53f66e360d594ad0d00aa1921,train,24143,5,Surprise,2,False,train,Surprise,EXACT_DUPLICATE_CONSISTENT_LABEL
1203,30f277acf0fe9e2bbaaddb7f854811419b1ea2c06bef813f71ab2ba081e6e89a,train,18696,6,Neutral,2,False,train,Neutral,EXACT_DUPLICATE_CONSISTENT_LABEL
1203,30f277acf0fe9e2bbaaddb7f854811419b1ea2c06bef813f71ab2ba081e6e89a,train,24722,6,Neutral,2,False,train,Neutral,EXACT_DUPLICATE_CONSISTENT_LABEL
1204,9786c93c6db70de183311b38bd532c8c7024950616d1838b022f42bd90a14bf0,train,18697,6,Neutral,2,True,private/train,Neutral,EXACT_DUPLICATE_CONSISTENT_LABEL
1204,9786c93c6db70de183311b38bd532c8c7024950616d1838b022f42bd90a14bf0,private,2124,6,Neutral,2,True,private/train,Neutral,EXACT_DUPLICATE_CONSISTENT_LABEL
1205,62b0faee44ea3c582564241edec24f51f7b1796848ae2d4785096f3e630459d9,train,18712,5,Surprise,2,False,train,Surprise,EXACT_DUPLICATE_CONSISTENT_LABEL
1205,62b0faee44ea3c582564241edec24f51f7b1796848ae2d4785096f3e630459d9,train,25774,5,Surprise,2,False,train,Surprise,EXACT_DUPLICATE_CONSISTENT_LABEL
1206,95447fff20d10a2314d55dbb81185eb4bdd9a7c21fa5862e047df81fb73a95ac,train,18730,5,Surprise,2,False,train,Surprise,EXACT_DUPLICATE_CONSISTENT_LABEL
1206,95447fff20d10a2314d55dbb81185eb4bdd9a7c21fa5862e047df81fb73a95ac,train,20484,5,Surprise,2,False,train,Surprise,EXACT_DUPLICATE_CONSISTENT_LABEL
1207,dd7f56c1140d201e6d2e5379ba32cb58e77ed5f52f566392f4d1719b1fde0dc2,train,18732,4,Sad,2,True,private/train,Sad,EXACT_DUPLICATE_CONSISTENT_LABEL
1207,dd7f56c1140d201e6d2e5379ba32cb58e77ed5f52f566392f4d1719b1fde0dc2,private,2261,4,Sad,2,True,private/train,Sad,EXACT_DUPLICATE_CONSISTENT_LABEL
1208,9bb06a043be32f8796195c1c834f8de1fe39b283fde6a1e4bea4630cbb95dbb0,train,18759,3,Happy,2,True,public/train,Happy,EXACT_DUPLICATE_CONSISTENT_LABEL
1208,9bb06a043be32f8796195c1c834f8de1fe39b283fde6a1e4bea4630cbb95dbb0,public,2028,3,Happy,2,True,public/train,Happy,EXACT_DUPLICATE_CONSISTENT_LABEL
1209,f258610f77f02ca1634f5a0a6ac65abf5c569b7479b8a579171bf2541b63d5c6,train,18763,2,Fear,2,True,public/train,Fear,EXACT_DUPLICATE_CONSISTENT_LABEL
1209,f258610f77f02ca1634f5a0a6ac65abf5c569b7479b8a579171bf2541b63d5c6,public,283,2,Fear,2,True,public/train,Fear,EXACT_DUPLICATE_CONSISTENT_LABEL
1210,eeae318550e96ed1dc8f75c4ef7e25ead5b5a8b7eabf8daa8525152a9357fb7d,train,18764,5,Surprise,2,True,public/train,Surprise,EXACT_DUPLICATE_CONSISTENT_LABEL
1210,eeae318550e96ed1dc8f75c4ef7e25ead5b5a8b7eabf8daa8525152a9357fb7d,public,3505,5,Surprise,2,True,public/train,Surprise,EXACT_DUPLICATE_CONSISTENT_LABEL
1211,2531dae1fdfa210d7d8a8f6fac1946314e97eed1b25a5858294d286a3e40257e,train,18822,3,Happy,2,True,private/train,Happy,EXACT_DUPLICATE_CONSISTENT_LABEL
1211,2531dae1fdfa210d7d8a8f6fac1946314e97eed1b25a5858294d286a3e40257e,private,3012,3,Happy,2,True,private/train,Happy,EXACT_DUPLICATE_CONSISTENT_LABEL
1212,f8f2c1c245b6252fe28d30acc59f1bb71c4d27dacb4c3c2abaf8811c29aba924,train,18845,5,Surprise,3,True,private/train,Surprise,EXACT_DUPLICATE_CONSISTENT_LABEL
1212,f8f2c1c245b6252fe28d30acc59f1bb71c4d27dacb4c3c2abaf8811c29aba924,train,27034,5,Surprise,3,True,private/train,Surprise,EXACT_DUPLICATE_CONSISTENT_LABEL
1212,f8f2c1c245b6252fe28d30acc59f1bb71c4d27dacb4c3c2abaf8811c29aba924,private,2789,5,Surprise,3,True,private/train,Surprise,EXACT_DUPLICATE_CONSISTENT_LABEL
1213,c4b6eed842cc061a99a83cfd68f8b31d2d5796fefd930439924d4b2ca217daeb,train,18854,5,Surprise,2,False,train,Surprise,EXACT_DUPLICATE_CONSISTENT_LABEL
1213,c4b6eed842cc061a99a83cfd68f8b31d2d5796fefd930439924d4b2ca217daeb,train,21382,5,Surprise,2,False,train,Surprise,EXACT_DUPLICATE_CONSISTENT_LABEL
1214,a914ac47ed923aa6e5276aa469b494749c121fe17e15aaca234495cad119933f,train,18891,5,Surprise,3,True,public/train,Surprise,EXACT_DUPLICATE_CONSISTENT_LABEL
1214,a914ac47ed923aa6e5276aa469b494749c121fe17e15aaca234495cad119933f,train,22007,5,Surprise,3,True,public/train,Surprise,EXACT_DUPLICATE_CONSISTENT_LABEL
1214,a914ac47ed923aa6e5276aa469b494749c121fe17e15aaca234495cad119933f,public,1972,5,Surprise,3,True,public/train,Surprise,EXACT_DUPLICATE_CONSISTENT_LABEL
1215,ea8ecda732807c8bd3a0cfbc193c06ab0ee92d5ed96f6bf6d34331e3c9c9b75b,train,18902,3,Happy,2,False,train,Happy,EXACT_DUPLICATE_CONSISTENT_LABEL
1215,ea8ecda732807c8bd3a0cfbc193c06ab0ee92d5ed96f6bf6d34331e3c9c9b75b,train,20242,3,Happy,2,False,train,Happy,EXACT_DUPLICATE_CONSISTENT_LABEL
1216,84ce655ec1aca83af1f9454d916c35937845317a2b5b4794cc798b6590816852,train,18944,3,Happy,2,True,public/train,Happy,EXACT_DUPLICATE_CONSISTENT_LABEL
1216,84ce655ec1aca83af1f9454d916c35937845317a2b5b4794cc798b6590816852,public,30,3,Happy,2,True,public/train,Happy,EXACT_DUPLICATE_CONSISTENT_LABEL
1217,8584360efe3ebb59d93a73d7c1860ecad4754ad7a58b354ebd379de77a7e499c,train,19042,6,Neutral,2,False,train,Neutral,EXACT_DUPLICATE_CONSISTENT_LABEL
1217,8584360efe3ebb59d93a73d7c1860ecad4754ad7a58b354ebd379de77a7e499c,train,19994,6,Neutral,2,False,train,Neutral,EXACT_DUPLICATE_CONSISTENT_LABEL
1218,d994a3d64a76285112070ed7066c968da3a94ed35a87a27f2d06a998fda4df51,train,19048,2,Fear,2,False,train,Fear,EXACT_DUPLICATE_CONSISTENT_LABEL
1218,d994a3d64a76285112070ed7066c968da3a94ed35a87a27f2d06a998fda4df51,train,24697,2,Fear,2,False,train,Fear,EXACT_DUPLICATE_CONSISTENT_LABEL
1219,036687b919f09fdb5944a6eef6c06d5aa4f76dc709c10dcc0a5da456e7dd46e2,train,19103,2,Fear,2,False,train,Fear,EXACT_DUPLICATE_CONSISTENT_LABEL
1219,036687b919f09fdb5944a6eef6c06d5aa4f76dc709c10dcc0a5da456e7dd46e2,train,21227,2,Fear,2,False,train,Fear,EXACT_DUPLICATE_CONSISTENT_LABEL
1220,fd64f7b782ff205095428058d293de950c47eb2babd7a8d21f5d4bb3ccdbf6a4,train,19119,2,Fear,2,False,train,Fear,EXACT_DUPLICATE_CONSISTENT_LABEL
1220,fd64f7b782ff205095428058d293de950c47eb2babd7a8d21f5d4bb3ccdbf6a4,train,25386,2,Fear,2,False,train,Fear,EXACT_DUPLICATE_CONSISTENT_LABEL
1221,d09d7b64d5977b5809bc7fefbe580dcc1e7b063c07553df295a84daa02c909e3,train,19151,5,Surprise,2,True,public/train,Surprise,EXACT_DUPLICATE_CONSISTENT_LABEL
1221,d09d7b64d5977b5809bc7fefbe580dcc1e7b063c07553df295a84daa02c909e3,public,2280,5,Surprise,2,True,public/train,Surprise,EXACT_DUPLICATE_CONSISTENT_LABEL
1222,4e330b9f4596dec05c2cdcb8c579a9481deeded04133235ce76b10390e5c6280,train,19180,1,Disgust,2,False,train,Disgust,EXACT_DUPLICATE_CONSISTENT_LABEL
1222,4e330b9f4596dec05c2cdcb8c579a9481deeded04133235ce76b10390e5c6280,train,25419,1,Disgust,2,False,train,Disgust,EXACT_DUPLICATE_CONSISTENT_LABEL
1223,dbc4ff28009c9ac7b7afc9232a27a9759a6494bcca01ce8b39cc575f446cfecd,train,19201,6,Neutral,2,True,public/train,Fear/Neutral,EXACT_DUPLICATE_CONFLICTING_LABEL
1223,dbc4ff28009c9ac7b7afc9232a27a9759a6494bcca01ce8b39cc575f446cfecd,public,1377,2,Fear,2,True,public/train,Fear/Neutral,EXACT_DUPLICATE_CONFLICTING_LABEL
1224,74e0dddc5cc8c83d63837259a0ab1ec684dd62bf9fd4ac6f26d69908237f6bd7,train,19203,5,Surprise,2,False,train,Surprise,EXACT_DUPLICATE_CONSISTENT_LABEL
1224,74e0dddc5cc8c83d63837259a0ab1ec684dd62bf9fd4ac6f26d69908237f6bd7,train,19781,5,Surprise,2,False,train,Surprise,EXACT_DUPLICATE_CONSISTENT_LABEL
1225,f2d4e2d8cf310d304674d4c861e64a0b6afe6bb6f97305b2c3d6d92f22d93458,train,19208,3,Happy,2,False,train,Happy,EXACT_DUPLICATE_CONSISTENT_LABEL
1225,f2d4e2d8cf310d304674d4c861e64a0b6afe6bb6f97305b2c3d6d92f22d93458,train,26080,3,Happy,2,False,train,Happy,EXACT_DUPLICATE_CONSISTENT_LABEL
1226,2b2266738924db35d169a7b9a676cdef33e01d503da83820226524155f98d2a7,train,19249,4,Sad,2,False,train,Sad,EXACT_DUPLICATE_CONSISTENT_LABEL
1226,2b2266738924db35d169a7b9a676cdef33e01d503da83820226524155f98d2a7,train,19736,4,Sad,2,False,train,Sad,EXACT_DUPLICATE_CONSISTENT_LABEL
1227,359ba6dfb78d216e94c57d59e947babf3e08d36aa6918bd130d2e52349316482,train,19253,6,Neutral,2,False,train,Neutral,EXACT_DUPLICATE_CONSISTENT_LABEL
1227,359ba6dfb78d216e94c57d59e947babf3e08d36aa6918bd130d2e52349316482,train,22507,6,Neutral,2,False,train,Neutral,EXACT_DUPLICATE_CONSISTENT_LABEL
1228,fa74217e2da69fe19e0e9219b7963e1f436b4a70e5f2b55b5f8b12c6f210ebcc,train,19289,0,Angry,2,True,public/train,Angry,EXACT_DUPLICATE_CONSISTENT_LABEL
1228,fa74217e2da69fe19e0e9219b7963e1f436b4a70e5f2b55b5f8b12c6f210ebcc,public,399,0,Angry,2,True,public/train,Angry,EXACT_DUPLICATE_CONSISTENT_LABEL
1229,590d12deef703becdad97e75509c62d39c6f932d6fd17fa53e0f4b1dcc1a1399,train,19434,5,Surprise,2,False,train,Surprise,EXACT_DUPLICATE_CONSISTENT_LABEL
1229,590d12deef703becdad97e75509c62d39c6f932d6fd17fa53e0f4b1dcc1a1399,train,26589,5,Surprise,2,False,train,Surprise,EXACT_DUPLICATE_CONSISTENT_LABEL
1230,78e072b0994b5f9454a6d0ef2d7496fba7e527ab4dc44868ac525dc8194efb02,train,19440,4,Sad,2,False,train,Sad,EXACT_DUPLICATE_CONSISTENT_LABEL
1230,78e072b0994b5f9454a6d0ef2d7496fba7e527ab4dc44868ac525dc8194efb02,train,20656,4,Sad,2,False,train,Sad,EXACT_DUPLICATE_CONSISTENT_LABEL
1231,540ac5ad02414781a63ce769e11f6e0f75dac20a23f35c606bffc505d6de24f9,train,19453,5,Surprise,2,False,train,Surprise,EXACT_DUPLICATE_CONSISTENT_LABEL
1231,540ac5ad02414781a63ce769e11f6e0f75dac20a23f35c606bffc505d6de24f9,train,21140,5,Surprise,2,False,train,Surprise,EXACT_DUPLICATE_CONSISTENT_LABEL
1232,c731076b84c59bd7279ff7e72c92b2f01e5c7fd68f56eb7327d6da0efa0a1d6a,train,19482,5,Surprise,2,False,train,Surprise,EXACT_DUPLICATE_CONSISTENT_LABEL
1232,c731076b84c59bd7279ff7e72c92b2f01e5c7fd68f56eb7327d6da0efa0a1d6a,train,26880,5,Surprise,2,False,train,Surprise,EXACT_DUPLICATE_CONSISTENT_LABEL
1233,aefa0a042111ff637bf9073e55c57888ff025b6fd7f0b91d822056e11a9bc480,train,19492,3,Happy,2,True,public/train,Happy,EXACT_DUPLICATE_CONSISTENT_LABEL
1233,aefa0a042111ff637bf9073e55c57888ff025b6fd7f0b91d822056e11a9bc480,public,2630,3,Happy,2,True,public/train,Happy,EXACT_DUPLICATE_CONSISTENT_LABEL
1234,d7cd0900adeebd6c751df21e8c54e8febe6020531732f074a0cc367247867e20,train,19506,4,Sad,2,False,train,Sad,EXACT_DUPLICATE_CONSISTENT_LABEL
1234,d7cd0900adeebd6c751df21e8c54e8febe6020531732f074a0cc367247867e20,train,26546,4,Sad,2,False,train,Sad,EXACT_DUPLICATE_CONSISTENT_LABEL
1235,bd14126f02cd9dd1ab2443995c6e0840f556095582830f2758951dc1c6cb53ae,train,19519,5,Surprise,2,True,public/train,Surprise,EXACT_DUPLICATE_CONSISTENT_LABEL
1235,bd14126f02cd9dd1ab2443995c6e0840f556095582830f2758951dc1c6cb53ae,public,2841,5,Surprise,2,True,public/train,Surprise,EXACT_DUPLICATE_CONSISTENT_LABEL
1236,ac82410c23cddc0ff9d441ac80955b78a07f4ef74483183a2ba2e09bd607f873,train,19531,4,Sad,2,False,train,Sad,EXACT_DUPLICATE_CONSISTENT_LABEL
1236,ac82410c23cddc0ff9d441ac80955b78a07f4ef74483183a2ba2e09bd607f873,train,24106,4,Sad,2,False,train,Sad,EXACT_DUPLICATE_CONSISTENT_LABEL
1237,a154a35072a80ba20714835b65c0b87fffd8fffb02cf233de8ec385688184483,train,19541,0,Angry,2,True,private/train,Angry,EXACT_DUPLICATE_CONSISTENT_LABEL
1237,a154a35072a80ba20714835b65c0b87fffd8fffb02cf233de8ec385688184483,private,3127,0,Angry,2,True,private/train,Angry,EXACT_DUPLICATE_CONSISTENT_LABEL
1238,665bb52516c4306ce9afc19ef7069430c0d0f8b3c99e98ab140e49ac566ac33f,train,19580,4,Sad,2,False,train,Sad,EXACT_DUPLICATE_CONSISTENT_LABEL
1238,665bb52516c4306ce9afc19ef7069430c0d0f8b3c99e98ab140e49ac566ac33f,train,20535,4,Sad,2,False,train,Sad,EXACT_DUPLICATE_CONSISTENT_LABEL
1239,efc8a2026c1b4b0e94a532ab3bc473a7d5be74175ecf952e4d969125d1112e2c,train,19601,5,Surprise,2,False,train,Surprise,EXACT_DUPLICATE_CONSISTENT_LABEL
1239,efc8a2026c1b4b0e94a532ab3bc473a7d5be74175ecf952e4d969125d1112e2c,train,24836,5,Surprise,2,False,train,Surprise,EXACT_DUPLICATE_CONSISTENT_LABEL
1240,b866d8411fb51c3b2afcec2cf2a3db5d8e2e6e38d08404f0cdbb34b70c70f8a3,train,19622,4,Sad,2,True,public/train,Sad,EXACT_DUPLICATE_CONSISTENT_LABEL
1240,b866d8411fb51c3b2afcec2cf2a3db5d8e2e6e38d08404f0cdbb34b70c70f8a3,public,2593,4,Sad,2,True,public/train,Sad,EXACT_DUPLICATE_CONSISTENT_LABEL
1241,ddb340e934249ba59e833e2d27fd1b1e0d56d3be8a21d6c4b4e62de3eeac01c2,train,19635,6,Neutral,2,False,train,Neutral,EXACT_DUPLICATE_CONSISTENT_LABEL
1241,ddb340e934249ba59e833e2d27fd1b1e0d56d3be8a21d6c4b4e62de3eeac01c2,train,24316,6,Neutral,2,False,train,Neutral,EXACT_DUPLICATE_CONSISTENT_LABEL
1242,2ea1e914c4c205139f1cd20f5bd0ab2845314b490ae0fc6246497d25ea20d76b,train,19660,5,Surprise,2,False,train,Surprise,EXACT_DUPLICATE_CONSISTENT_LABEL
1242,2ea1e914c4c205139f1cd20f5bd0ab2845314b490ae0fc6246497d25ea20d76b,train,24730,5,Surprise,2,False,train,Surprise,EXACT_DUPLICATE_CONSISTENT_LABEL
1243,0f296074165254c9af18c601d0a9c54d7f3dac0da1c8627b19b14b1efe91b669,train,19755,5,Surprise,2,False,train,Surprise,EXACT_DUPLICATE_CONSISTENT_LABEL
1243,0f296074165254c9af18c601d0a9c54d7f3dac0da1c8627b19b14b1efe91b669,train,20899,5,Surprise,2,False,train,Surprise,EXACT_DUPLICATE_CONSISTENT_LABEL
1244,2bc1f7e62731497b5c3477347808c8487a7e81119e3c45d43a0061760732ea6a,train,19774,5,Surprise,3,True,private/public/train,Surprise,EXACT_DUPLICATE_CONSISTENT_LABEL
1244,2bc1f7e62731497b5c3477347808c8487a7e81119e3c45d43a0061760732ea6a,public,3072,5,Surprise,3,True,private/public/train,Surprise,EXACT_DUPLICATE_CONSISTENT_LABEL
1244,2bc1f7e62731497b5c3477347808c8487a7e81119e3c45d43a0061760732ea6a,private,2519,5,Surprise,3,True,private/public/train,Surprise,EXACT_DUPLICATE_CONSISTENT_LABEL
1245,3fe097b5000a6f0b3208bd7c0472daab38e60c3a9a139bb1664f13c235c359f6,train,19807,1,Disgust,2,False,train,Disgust,EXACT_DUPLICATE_CONSISTENT_LABEL
1245,3fe097b5000a6f0b3208bd7c0472daab38e60c3a9a139bb1664f13c235c359f6,train,25847,1,Disgust,2,False,train,Disgust,EXACT_DUPLICATE_CONSISTENT_LABEL
1246,35955389047a9b2fe73ca1481d73ac1172215442499b0635cfb1969d609042ba,train,19817,3,Happy,2,False,train,Happy,EXACT_DUPLICATE_CONSISTENT_LABEL
1246,35955389047a9b2fe73ca1481d73ac1172215442499b0635cfb1969d609042ba,train,27550,3,Happy,2,False,train,Happy,EXACT_DUPLICATE_CONSISTENT_LABEL
1247,db5270e808adb6085f4f9245c8f6e8478be40aee994b964299bf3c7928f0814d,train,19899,3,Happy,2,True,private/train,Happy,EXACT_DUPLICATE_CONSISTENT_LABEL
1247,db5270e808adb6085f4f9245c8f6e8478be40aee994b964299bf3c7928f0814d,private,1556,3,Happy,2,True,private/train,Happy,EXACT_DUPLICATE_CONSISTENT_LABEL
1248,72920f021854bb917125dc49dd609e554bd85b7b31a49667e4b480e8162801c7,train,19911,1,Disgust,2,True,public/train,Disgust,EXACT_DUPLICATE_CONSISTENT_LABEL
1248,72920f021854bb917125dc49dd609e554bd85b7b31a49667e4b480e8162801c7,public,449,1,Disgust,2,True,public/train,Disgust,EXACT_DUPLICATE_CONSISTENT_LABEL
1249,dcd1eb77d7736c9d01f7db45b7f4eeda4a55ac342c92c99486563ec018bf981f,train,19949,5,Surprise,2,True,public/train,Surprise,EXACT_DUPLICATE_CONSISTENT_LABEL
1249,dcd1eb77d7736c9d01f7db45b7f4eeda4a55ac342c92c99486563ec018bf981f,public,46,5,Surprise,2,True,public/train,Surprise,EXACT_DUPLICATE_CONSISTENT_LABEL
1250,5c88960a854187e6b6a2251c8380eca29cfd4bb78cc484cf36d050dd3c90663d,train,19978,5,Surprise,3,False,train,Surprise,EXACT_DUPLICATE_CONSISTENT_LABEL
1250,5c88960a854187e6b6a2251c8380eca29cfd4bb78cc484cf36d050dd3c90663d,train,21123,5,Surprise,3,False,train,Surprise,EXACT_DUPLICATE_CONSISTENT_LABEL
1250,5c88960a854187e6b6a2251c8380eca29cfd4bb78cc484cf36d050dd3c90663d,train,23151,5,Surprise,3,False,train,Surprise,EXACT_DUPLICATE_CONSISTENT_LABEL
1251,8a8aca1b9da888258d65952dd7e2615e7410225f500ec26944e03618f0374696,train,20017,0,Angry,2,False,train,Angry,EXACT_DUPLICATE_CONSISTENT_LABEL
1251,8a8aca1b9da888258d65952dd7e2615e7410225f500ec26944e03618f0374696,train,24711,0,Angry,2,False,train,Angry,EXACT_DUPLICATE_CONSISTENT_LABEL
1252,d9854cb2bc55a20ff9ca29ec06113208c0c4005154ec4b3c12fe851509b0e545,train,20033,0,Angry,2,False,train,Angry,EXACT_DUPLICATE_CONSISTENT_LABEL
1252,d9854cb2bc55a20ff9ca29ec06113208c0c4005154ec4b3c12fe851509b0e545,train,28566,0,Angry,2,False,train,Angry,EXACT_DUPLICATE_CONSISTENT_LABEL
1253,a5c63257c2706b32b3e14ae5962923a17267e9f079c651a704e5aa2a0413b4a7,train,20041,5,Surprise,2,False,train,Surprise,EXACT_DUPLICATE_CONSISTENT_LABEL
1253,a5c63257c2706b32b3e14ae5962923a17267e9f079c651a704e5aa2a0413b4a7,train,27586,5,Surprise,2,False,train,Surprise,EXACT_DUPLICATE_CONSISTENT_LABEL
1254,c49f3845e19bde4eb96096d6e477fd4c050af0f6f8d5885d5ab07a654a65f82a,train,20045,6,Neutral,2,False,train,Neutral,EXACT_DUPLICATE_CONSISTENT_LABEL
1254,c49f3845e19bde4eb96096d6e477fd4c050af0f6f8d5885d5ab07a654a65f82a,train,28373,6,Neutral,2,False,train,Neutral,EXACT_DUPLICATE_CONSISTENT_LABEL
1255,460371381fb95b1bc13f6d6c6c059a9674af452961ba98feed23c8d8712b9e05,train,20064,5,Surprise,2,False,train,Surprise,EXACT_DUPLICATE_CONSISTENT_LABEL
1255,460371381fb95b1bc13f6d6c6c059a9674af452961ba98feed23c8d8712b9e05,train,24212,5,Surprise,2,False,train,Surprise,EXACT_DUPLICATE_CONSISTENT_LABEL
1256,3ac87298e3d39ae1aad578d8331eab6087aba0897dff59985d0875e28704a773,train,20077,5,Surprise,2,True,public/train,Surprise,EXACT_DUPLICATE_CONSISTENT_LABEL
1256,3ac87298e3d39ae1aad578d8331eab6087aba0897dff59985d0875e28704a773,public,2240,5,Surprise,2,True,public/train,Surprise,EXACT_DUPLICATE_CONSISTENT_LABEL
1257,33969a4dda75240a377dec8b2ba348d88f5fe5d2cc34bb3bb2dae5dd15b2046b,train,20132,2,Fear,2,True,public/train,Fear,EXACT_DUPLICATE_CONSISTENT_LABEL
1257,33969a4dda75240a377dec8b2ba348d88f5fe5d2cc34bb3bb2dae5dd15b2046b,public,456,2,Fear,2,True,public/train,Fear,EXACT_DUPLICATE_CONSISTENT_LABEL
1258,9871ce49f64b4789671cc7d6579ab12caa1bd8b340acaace45db0e23cc5dbf2e,train,20141,5,Surprise,2,True,private/train,Surprise,EXACT_DUPLICATE_CONSISTENT_LABEL
1258,9871ce49f64b4789671cc7d6579ab12caa1bd8b340acaace45db0e23cc5dbf2e,private,455,5,Surprise,2,True,private/train,Surprise,EXACT_DUPLICATE_CONSISTENT_LABEL
1259,87f01cd285f0e449cc22bc4316763db1fb9b02869a2252cd957ddcb64231ec78,train,20145,5,Surprise,2,False,train,Surprise,EXACT_DUPLICATE_CONSISTENT_LABEL
1259,87f01cd285f0e449cc22bc4316763db1fb9b02869a2252cd957ddcb64231ec78,train,24432,5,Surprise,2,False,train,Surprise,EXACT_DUPLICATE_CONSISTENT_LABEL
1260,f9791f4d75bbbad2cb0e8c06def700c50adaf2983cf2214ab3b9f50ac788bccf,train,20192,4,Sad,2,False,train,Sad,EXACT_DUPLICATE_CONSISTENT_LABEL
1260,f9791f4d75bbbad2cb0e8c06def700c50adaf2983cf2214ab3b9f50ac788bccf,train,23912,4,Sad,2,False,train,Sad,EXACT_DUPLICATE_CONSISTENT_LABEL
1261,bb8bb591f29e21d036b51430643b2122491b1d5f5ab289f41b3c69731c474fa7,train,20211,5,Surprise,2,False,train,Surprise,EXACT_DUPLICATE_CONSISTENT_LABEL
1261,bb8bb591f29e21d036b51430643b2122491b1d5f5ab289f41b3c69731c474fa7,train,27206,5,Surprise,2,False,train,Surprise,EXACT_DUPLICATE_CONSISTENT_LABEL
1262,506b68b1e9ac63a3c560b570c7a17ad79830d6667c2222382dc62ebc68f9b2a9,train,20258,3,Happy,2,False,train,Happy,EXACT_DUPLICATE_CONSISTENT_LABEL
1262,506b68b1e9ac63a3c560b570c7a17ad79830d6667c2222382dc62ebc68f9b2a9,train,20533,3,Happy,2,False,train,Happy,EXACT_DUPLICATE_CONSISTENT_LABEL
1263,b63741ba0b20d42b8f0d194b386898b72e566ac6fa99d8b10458e5c02690194d,train,20281,2,Fear,2,False,train,Fear,EXACT_DUPLICATE_CONSISTENT_LABEL
1263,b63741ba0b20d42b8f0d194b386898b72e566ac6fa99d8b10458e5c02690194d,train,23838,2,Fear,2,False,train,Fear,EXACT_DUPLICATE_CONSISTENT_LABEL
1264,4b47ccbe0b8e849e093c4367b53aab3a280147d8dedd4de8c5582d6f736167f9,train,20306,2,Fear,2,True,public/train,Fear,EXACT_DUPLICATE_CONSISTENT_LABEL
1264,4b47ccbe0b8e849e093c4367b53aab3a280147d8dedd4de8c5582d6f736167f9,public,1420,2,Fear,2,True,public/train,Fear,EXACT_DUPLICATE_CONSISTENT_LABEL
1265,1af24a5f999b0c4de58e38745ad0703d331c6eff69133f60abf8b34c593cdb00,train,20311,5,Surprise,2,False,train,Surprise,EXACT_DUPLICATE_CONSISTENT_LABEL
1265,1af24a5f999b0c4de58e38745ad0703d331c6eff69133f60abf8b34c593cdb00,train,25488,5,Surprise,2,False,train,Surprise,EXACT_DUPLICATE_CONSISTENT_LABEL
1266,5eae2295f29b207f989015bf9dfc432d91df61f7f9c6a6075bc123715e78790b,train,20343,2,Fear,2,True,public/train,Fear,EXACT_DUPLICATE_CONSISTENT_LABEL
1266,5eae2295f29b207f989015bf9dfc432d91df61f7f9c6a6075bc123715e78790b,public,317,2,Fear,2,True,public/train,Fear,EXACT_DUPLICATE_CONSISTENT_LABEL
1267,6cfa2953fc0ba512ac5d85902ae43f4e2c03f4150ad9ef67aa5b5996e6419b7f,train,20367,5,Surprise,2,False,train,Surprise,EXACT_DUPLICATE_CONSISTENT_LABEL
1267,6cfa2953fc0ba512ac5d85902ae43f4e2c03f4150ad9ef67aa5b5996e6419b7f,train,23662,5,Surprise,2,False,train,Surprise,EXACT_DUPLICATE_CONSISTENT_LABEL
1268,08a7982d72c5544ee3121f5b3bdd9f3856623427e8d3009d4c84e14af6e996e6,train,20370,3,Happy,2,True,public/train,Happy,EXACT_DUPLICATE_CONSISTENT_LABEL
1268,08a7982d72c5544ee3121f5b3bdd9f3856623427e8d3009d4c84e14af6e996e6,public,1457,3,Happy,2,True,public/train,Happy,EXACT_DUPLICATE_CONSISTENT_LABEL
1269,8d13717599d42a23c297505dfc84dab6af7045f2a8b4ac49686f48b59e955e72,train,20382,5,Surprise,2,False,train,Surprise,EXACT_DUPLICATE_CONSISTENT_LABEL
1269,8d13717599d42a23c297505dfc84dab6af7045f2a8b4ac49686f48b59e955e72,train,27877,5,Surprise,2,False,train,Surprise,EXACT_DUPLICATE_CONSISTENT_LABEL
1270,04eac36eaca72004c3ebd38612385777c65f838a10d3a74b5c789876256171e5,train,20387,5,Surprise,2,True,private/train,Surprise,EXACT_DUPLICATE_CONSISTENT_LABEL
1270,04eac36eaca72004c3ebd38612385777c65f838a10d3a74b5c789876256171e5,private,3368,5,Surprise,2,True,private/train,Surprise,EXACT_DUPLICATE_CONSISTENT_LABEL
1271,9a56b89704c3f8c931c78747cf7bfe98e535a4bc8f39e06e2ba45b7268852687,train,20402,4,Sad,2,False,train,Sad,EXACT_DUPLICATE_CONSISTENT_LABEL
1271,9a56b89704c3f8c931c78747cf7bfe98e535a4bc8f39e06e2ba45b7268852687,train,27392,4,Sad,2,False,train,Sad,EXACT_DUPLICATE_CONSISTENT_LABEL
1272,c6cfbe5624c41bdcc8a907b8d6c3344565dd06790a7d23a22421750039ef6bf8,train,20530,2,Fear,2,False,train,Fear,EXACT_DUPLICATE_CONSISTENT_LABEL
1272,c6cfbe5624c41bdcc8a907b8d6c3344565dd06790a7d23a22421750039ef6bf8,train,26931,2,Fear,2,False,train,Fear,EXACT_DUPLICATE_CONSISTENT_LABEL
1273,cce80888bf302e564a5d8d06c5d6c441c8c46fbc0e55216cb5441e432e9c04e0,train,20692,5,Surprise,2,True,private/train,Surprise,EXACT_DUPLICATE_CONSISTENT_LABEL
1273,cce80888bf302e564a5d8d06c5d6c441c8c46fbc0e55216cb5441e432e9c04e0,private,627,5,Surprise,2,True,private/train,Surprise,EXACT_DUPLICATE_CONSISTENT_LABEL
1274,f59776d08b96158b3a3264b884c66ece80c28efacac880ad0c46f11a482312e7,train,20721,5,Surprise,2,False,train,Surprise,EXACT_DUPLICATE_CONSISTENT_LABEL
1274,f59776d08b96158b3a3264b884c66ece80c28efacac880ad0c46f11a482312e7,train,26087,5,Surprise,2,False,train,Surprise,EXACT_DUPLICATE_CONSISTENT_LABEL
1275,3d636f2066435d487cf7f61ac51f872773c433c3c0d8dc54b0a7fee2c32312c0,train,20761,1,Disgust,2,True,public/train,Disgust,EXACT_DUPLICATE_CONSISTENT_LABEL
1275,3d636f2066435d487cf7f61ac51f872773c433c3c0d8dc54b0a7fee2c32312c0,public,838,1,Disgust,2,True,public/train,Disgust,EXACT_DUPLICATE_CONSISTENT_LABEL
1276,1572dd262a63499f250211d5465435c286eb7b2fa12def4b9ecb34313da7dcb9,train,20765,2,Fear,2,True,public/train,Fear,EXACT_DUPLICATE_CONSISTENT_LABEL
1276,1572dd262a63499f250211d5465435c286eb7b2fa12def4b9ecb34313da7dcb9,public,3562,2,Fear,2,True,public/train,Fear,EXACT_DUPLICATE_CONSISTENT_LABEL
1277,aa18bd82af8273dbac173438ab2680205937f9b557b53db68e925c6f5bc141c6,train,20774,5,Surprise,3,True,public/train,Surprise,EXACT_DUPLICATE_CONSISTENT_LABEL
1277,aa18bd82af8273dbac173438ab2680205937f9b557b53db68e925c6f5bc141c6,train,22580,5,Surprise,3,True,public/train,Surprise,EXACT_DUPLICATE_CONSISTENT_LABEL
1277,aa18bd82af8273dbac173438ab2680205937f9b557b53db68e925c6f5bc141c6,public,1299,5,Surprise,3,True,public/train,Surprise,EXACT_DUPLICATE_CONSISTENT_LABEL
1278,37b4810d93075a9f94545665153ac49c38c0c98b76aae43a1c64112b34ecd7c5,train,20776,5,Surprise,2,True,public/train,Surprise,EXACT_DUPLICATE_CONSISTENT_LABEL
1278,37b4810d93075a9f94545665153ac49c38c0c98b76aae43a1c64112b34ecd7c5,public,1921,5,Surprise,2,True,public/train,Surprise,EXACT_DUPLICATE_CONSISTENT_LABEL
1279,40d9f11762a0e08434b391c530b0fbe66176e6ff0daf43bc8b6f4f18692d6819,train,20864,5,Surprise,2,True,public/train,Surprise,EXACT_DUPLICATE_CONSISTENT_LABEL
1279,40d9f11762a0e08434b391c530b0fbe66176e6ff0daf43bc8b6f4f18692d6819,public,562,5,Surprise,2,True,public/train,Surprise,EXACT_DUPLICATE_CONSISTENT_LABEL
1280,52f000c670c4f1f97df45be6d7fc916aec3363e08389e9298923d7bafaafe55b,train,20874,6,Neutral,3,False,train,Neutral,EXACT_DUPLICATE_CONSISTENT_LABEL
1280,52f000c670c4f1f97df45be6d7fc916aec3363e08389e9298923d7bafaafe55b,train,22352,6,Neutral,3,False,train,Neutral,EXACT_DUPLICATE_CONSISTENT_LABEL
1280,52f000c670c4f1f97df45be6d7fc916aec3363e08389e9298923d7bafaafe55b,train,26887,6,Neutral,3,False,train,Neutral,EXACT_DUPLICATE_CONSISTENT_LABEL
1281,d00cb2ed055f9bb4d417563c05de27fd67fc50b8ae392c08a5f74f84205b5d93,train,20886,5,Surprise,2,True,private/train,Surprise,EXACT_DUPLICATE_CONSISTENT_LABEL
1281,d00cb2ed055f9bb4d417563c05de27fd67fc50b8ae392c08a5f74f84205b5d93,private,3535,5,Surprise,2,True,private/train,Surprise,EXACT_DUPLICATE_CONSISTENT_LABEL
1282,bc11dfd8e6d1d54250cb1eefd65d80512bc1233a396c4004a04a058f723ae238,train,20904,1,Disgust,2,True,public/train,Disgust,EXACT_DUPLICATE_CONSISTENT_LABEL
1282,bc11dfd8e6d1d54250cb1eefd65d80512bc1233a396c4004a04a058f723ae238,public,560,1,Disgust,2,True,public/train,Disgust,EXACT_DUPLICATE_CONSISTENT_LABEL
1283,e6b71cff2d60ce1fc4253b7453fe2fb8b4e32fc5e22e51c1607914df91987a9b,train,20929,5,Surprise,2,False,train,Surprise,EXACT_DUPLICATE_CONSISTENT_LABEL
1283,e6b71cff2d60ce1fc4253b7453fe2fb8b4e32fc5e22e51c1607914df91987a9b,train,28268,5,Surprise,2,False,train,Surprise,EXACT_DUPLICATE_CONSISTENT_LABEL
1284,b1fdb5285f59a946657fca263af5eddec658dfad867bae8a73d9d3b64cb18886,train,20931,5,Surprise,3,True,public/train,Surprise,EXACT_DUPLICATE_CONSISTENT_LABEL
1284,b1fdb5285f59a946657fca263af5eddec658dfad867bae8a73d9d3b64cb18886,public,909,5,Surprise,3,True,public/train,Surprise,EXACT_DUPLICATE_CONSISTENT_LABEL
1284,b1fdb5285f59a946657fca263af5eddec658dfad867bae8a73d9d3b64cb18886,public,2393,5,Surprise,3,True,public/train,Surprise,EXACT_DUPLICATE_CONSISTENT_LABEL
1285,322796da9dd9ac46f1d686390ab1a256567d1d8fb6968b5eead75682680e64b2,train,20944,3,Happy,2,False,train,Happy,EXACT_DUPLICATE_CONSISTENT_LABEL
1285,322796da9dd9ac46f1d686390ab1a256567d1d8fb6968b5eead75682680e64b2,train,25901,3,Happy,2,False,train,Happy,EXACT_DUPLICATE_CONSISTENT_LABEL
1286,157b3b435c4a461c140d9c33b9d36253c739d857963173acddd97c8f2f7f99a8,train,20955,5,Surprise,2,True,private/train,Surprise,EXACT_DUPLICATE_CONSISTENT_LABEL
1286,157b3b435c4a461c140d9c33b9d36253c739d857963173acddd97c8f2f7f99a8,private,2032,5,Surprise,2,True,private/train,Surprise,EXACT_DUPLICATE_CONSISTENT_LABEL
1287,450a8de4cfa4d0892ce3fabe7fa2746a465503b6a560a009ddca19f772d0d1c3,train,20997,0,Angry,2,True,private/train,Angry,EXACT_DUPLICATE_CONSISTENT_LABEL
1287,450a8de4cfa4d0892ce3fabe7fa2746a465503b6a560a009ddca19f772d0d1c3,private,1787,0,Angry,2,True,private/train,Angry,EXACT_DUPLICATE_CONSISTENT_LABEL
1288,b2d9e6e1e2db08ef226d1177c505ca15e3a6a2ea768370d6b8a01a08ad6d94db,train,21094,0,Angry,2,False,train,Angry/Sad,EXACT_DUPLICATE_CONFLICTING_LABEL
1288,b2d9e6e1e2db08ef226d1177c505ca15e3a6a2ea768370d6b8a01a08ad6d94db,train,28190,4,Sad,2,False,train,Angry/Sad,EXACT_DUPLICATE_CONFLICTING_LABEL
1289,f07274712c967fa31285f0efb44acb7112e7f2072b6e065978f4d5b546c39adb,train,21168,0,Angry,2,False,train,Angry,EXACT_DUPLICATE_CONSISTENT_LABEL
1289,f07274712c967fa31285f0efb44acb7112e7f2072b6e065978f4d5b546c39adb,train,28111,0,Angry,2,False,train,Angry,EXACT_DUPLICATE_CONSISTENT_LABEL
1290,1fd94cfb5e3fdfd1c22672b09481f48be0de3cf459cf12d6288bef4a07ed3226,train,21217,5,Surprise,3,True,private/public/train,Surprise,EXACT_DUPLICATE_CONSISTENT_LABEL
1290,1fd94cfb5e3fdfd1c22672b09481f48be0de3cf459cf12d6288bef4a07ed3226,public,2489,5,Surprise,3,True,private/public/train,Surprise,EXACT_DUPLICATE_CONSISTENT_LABEL
1290,1fd94cfb5e3fdfd1c22672b09481f48be0de3cf459cf12d6288bef4a07ed3226,private,2923,5,Surprise,3,True,private/public/train,Surprise,EXACT_DUPLICATE_CONSISTENT_LABEL
1291,e597c6b7dc6d0b21cde93a7a4beb4f119c24cc99715e44f3815f3412783b1f61,train,21307,6,Neutral,3,True,private/public/train,Neutral,EXACT_DUPLICATE_CONSISTENT_LABEL
1291,e597c6b7dc6d0b21cde93a7a4beb4f119c24cc99715e44f3815f3412783b1f61,public,957,6,Neutral,3,True,private/public/train,Neutral,EXACT_DUPLICATE_CONSISTENT_LABEL
1291,e597c6b7dc6d0b21cde93a7a4beb4f119c24cc99715e44f3815f3412783b1f61,private,1205,6,Neutral,3,True,private/public/train,Neutral,EXACT_DUPLICATE_CONSISTENT_LABEL
1292,9ac0b8c24b982db294812476c285ccb38c6eb41697e6215f8fb99a0a15d5f19f,train,21308,5,Surprise,2,False,train,Surprise,EXACT_DUPLICATE_CONSISTENT_LABEL
1292,9ac0b8c24b982db294812476c285ccb38c6eb41697e6215f8fb99a0a15d5f19f,train,25468,5,Surprise,2,False,train,Surprise,EXACT_DUPLICATE_CONSISTENT_LABEL
1293,569c77607a2e08132383def100749f71ce68f7218a53cd812f0fdddd131a01f5,train,21340,3,Happy,2,False,train,Happy,EXACT_DUPLICATE_CONSISTENT_LABEL
1293,569c77607a2e08132383def100749f71ce68f7218a53cd812f0fdddd131a01f5,train,24752,3,Happy,2,False,train,Happy,EXACT_DUPLICATE_CONSISTENT_LABEL
1294,cc7d05416864384ea7f0c6129e9051b338af8e191f88a12d8ff6db8a9cab19a3,train,21355,5,Surprise,2,True,public/train,Surprise,EXACT_DUPLICATE_CONSISTENT_LABEL
1294,cc7d05416864384ea7f0c6129e9051b338af8e191f88a12d8ff6db8a9cab19a3,public,341,5,Surprise,2,True,public/train,Surprise,EXACT_DUPLICATE_CONSISTENT_LABEL
1295,46987314da7fdef7b9accf6e4cba725fec94cb366f872fbe0c4382777586a4bb,train,21357,6,Neutral,2,False,train,Neutral,EXACT_DUPLICATE_CONSISTENT_LABEL
1295,46987314da7fdef7b9accf6e4cba725fec94cb366f872fbe0c4382777586a4bb,train,25952,6,Neutral,2,False,train,Neutral,EXACT_DUPLICATE_CONSISTENT_LABEL
1296,7fcefaa58ccea7b53a5a3b951d9848fe1b95a53f4897b9b77506536bb7cba2fc,train,21405,2,Fear,2,True,private/train,Fear,EXACT_DUPLICATE_CONSISTENT_LABEL
1296,7fcefaa58ccea7b53a5a3b951d9848fe1b95a53f4897b9b77506536bb7cba2fc,private,3024,2,Fear,2,True,private/train,Fear,EXACT_DUPLICATE_CONSISTENT_LABEL
1297,be8aee63a3034c1e5aeb1005ceddd764c9d66ed7f5a19ab8e939c868f960c160,train,21407,3,Happy,2,False,train,Happy,EXACT_DUPLICATE_CONSISTENT_LABEL
1297,be8aee63a3034c1e5aeb1005ceddd764c9d66ed7f5a19ab8e939c868f960c160,train,27552,3,Happy,2,False,train,Happy,EXACT_DUPLICATE_CONSISTENT_LABEL
1298,f24b0b225868211be5c10a5734cd9f13d2e2d5db968d24cbfd6851edf43b76b5,train,21411,5,Surprise,2,True,public/train,Surprise,EXACT_DUPLICATE_CONSISTENT_LABEL
1298,f24b0b225868211be5c10a5734cd9f13d2e2d5db968d24cbfd6851edf43b76b5,public,1718,5,Surprise,2,True,public/train,Surprise,EXACT_DUPLICATE_CONSISTENT_LABEL
1299,e1e4bc8b5b508edc3c81a3bde8e5989990393d146e3e8cf45602d1a82431a262,train,21442,5,Surprise,2,False,train,Surprise,EXACT_DUPLICATE_CONSISTENT_LABEL
1299,e1e4bc8b5b508edc3c81a3bde8e5989990393d146e3e8cf45602d1a82431a262,train,23885,5,Surprise,2,False,train,Surprise,EXACT_DUPLICATE_CONSISTENT_LABEL
1300,12fc066c5c32274aae956c92bf95de112b6814c1bc18c6b23b9e694921d64d18,train,21444,5,Surprise,2,False,train,Surprise,EXACT_DUPLICATE_CONSISTENT_LABEL
1300,12fc066c5c32274aae956c92bf95de112b6814c1bc18c6b23b9e694921d64d18,train,27664,5,Surprise,2,False,train,Surprise,EXACT_DUPLICATE_CONSISTENT_LABEL
1301,2c6b08a6eb941305d5ec753474df609c8d481bbf30aff396d1affeec1c972e07,train,21448,6,Neutral,2,True,public/train,Neutral,EXACT_DUPLICATE_CONSISTENT_LABEL
1301,2c6b08a6eb941305d5ec753474df609c8d481bbf30aff396d1affeec1c972e07,public,1448,6,Neutral,2,True,public/train,Neutral,EXACT_DUPLICATE_CONSISTENT_LABEL
1302,4d96e530c2d726deb81c51bca4498dcadde6ad48e697f200e390d4d40c53d805,train,21488,3,Happy,2,True,private/train,Happy,EXACT_DUPLICATE_CONSISTENT_LABEL
1302,4d96e530c2d726deb81c51bca4498dcadde6ad48e697f200e390d4d40c53d805,private,2070,3,Happy,2,True,private/train,Happy,EXACT_DUPLICATE_CONSISTENT_LABEL
1303,11d9f2e5f39373c87ba25ab8ac7c9cc55da476c79ffd9f5f59e700ae4520183a,train,21519,4,Sad,2,False,train,Sad,EXACT_DUPLICATE_CONSISTENT_LABEL
1303,11d9f2e5f39373c87ba25ab8ac7c9cc55da476c79ffd9f5f59e700ae4520183a,train,24598,4,Sad,2,False,train,Sad,EXACT_DUPLICATE_CONSISTENT_LABEL
1304,fa08b127d348aa345807600d55af16139b98297373c5c27465bde2b54d0cfe99,train,21526,2,Fear,3,True,public/train,Fear,EXACT_DUPLICATE_CONSISTENT_LABEL
1304,fa08b127d348aa345807600d55af16139b98297373c5c27465bde2b54d0cfe99,train,22827,2,Fear,3,True,public/train,Fear,EXACT_DUPLICATE_CONSISTENT_LABEL
1304,fa08b127d348aa345807600d55af16139b98297373c5c27465bde2b54d0cfe99,public,3194,2,Fear,3,True,public/train,Fear,EXACT_DUPLICATE_CONSISTENT_LABEL
1305,35ff81ccc08311d5d701d68094486a476957719f4e9276eb247eeb8ff92d7c24,train,21551,6,Neutral,2,True,public/train,Neutral,EXACT_DUPLICATE_CONSISTENT_LABEL
1305,35ff81ccc08311d5d701d68094486a476957719f4e9276eb247eeb8ff92d7c24,public,1852,6,Neutral,2,True,public/train,Neutral,EXACT_DUPLICATE_CONSISTENT_LABEL
1306,d410fa597d6f1703235d7e2a4309aab0e332368f260dd3b6f6f5d339a944dd64,train,21564,2,Fear,2,True,public/train,Fear,EXACT_DUPLICATE_CONSISTENT_LABEL
1306,d410fa597d6f1703235d7e2a4309aab0e332368f260dd3b6f6f5d339a944dd64,public,2448,2,Fear,2,True,public/train,Fear,EXACT_DUPLICATE_CONSISTENT_LABEL
1307,7b4b2c991e89165291f0a5eac3fdbc6556fc7e9eb8d5f323aebb6b18df31f32c,train,21587,5,Surprise,2,False,train,Surprise,EXACT_DUPLICATE_CONSISTENT_LABEL
1307,7b4b2c991e89165291f0a5eac3fdbc6556fc7e9eb8d5f323aebb6b18df31f32c,train,23011,5,Surprise,2,False,train,Surprise,EXACT_DUPLICATE_CONSISTENT_LABEL
1308,a5a49fe9b2878dc80ea32c18ef83a17a163436b24d727221e67fc68662dfe46d,train,21598,2,Fear,2,True,public/train,Fear,EXACT_DUPLICATE_CONSISTENT_LABEL
1308,a5a49fe9b2878dc80ea32c18ef83a17a163436b24d727221e67fc68662dfe46d,public,2038,2,Fear,2,True,public/train,Fear,EXACT_DUPLICATE_CONSISTENT_LABEL
1309,6f20069736ef944bd847eeaa7e465385879d645bda6c55874789be8fdc21adb5,train,21607,3,Happy,2,False,train,Happy,EXACT_DUPLICATE_CONSISTENT_LABEL
1309,6f20069736ef944bd847eeaa7e465385879d645bda6c55874789be8fdc21adb5,train,26061,3,Happy,2,False,train,Happy,EXACT_DUPLICATE_CONSISTENT_LABEL
1310,3591438ba6253651048b722d294473bdbc7c719cef85aa00dd44c84b1d6a4ebf,train,21633,5,Surprise,2,True,public/train,Surprise,EXACT_DUPLICATE_CONSISTENT_LABEL
1310,3591438ba6253651048b722d294473bdbc7c719cef85aa00dd44c84b1d6a4ebf,public,1296,5,Surprise,2,True,public/train,Surprise,EXACT_DUPLICATE_CONSISTENT_LABEL
1311,344280ca68289012cae5577cdb75647f1dbaa4ba2e966006ed136bd1b886364c,train,21642,5,Surprise,2,True,private/train,Surprise,EXACT_DUPLICATE_CONSISTENT_LABEL
1311,344280ca68289012cae5577cdb75647f1dbaa4ba2e966006ed136bd1b886364c,private,186,5,Surprise,2,True,private/train,Surprise,EXACT_DUPLICATE_CONSISTENT_LABEL
1312,9a11b87ef216cca7aa42a45d8b768b995d11ca4bad90463caa4151cd31b82f85,train,21650,5,Surprise,2,False,train,Surprise,EXACT_DUPLICATE_CONSISTENT_LABEL
1312,9a11b87ef216cca7aa42a45d8b768b995d11ca4bad90463caa4151cd31b82f85,train,27125,5,Surprise,2,False,train,Surprise,EXACT_DUPLICATE_CONSISTENT_LABEL
1313,e72b3080c790c120b8ffe86e3e16b349f443112528cf29452c7978caa0f9f611,train,21662,5,Surprise,2,True,public/train,Surprise,EXACT_DUPLICATE_CONSISTENT_LABEL
1313,e72b3080c790c120b8ffe86e3e16b349f443112528cf29452c7978caa0f9f611,public,3066,5,Surprise,2,True,public/train,Surprise,EXACT_DUPLICATE_CONSISTENT_LABEL
1314,4ce829cd44463302d902c8dc8d1620743141c6d023ffecf37f11525891e0e891,train,21727,5,Surprise,3,False,train,Surprise,EXACT_DUPLICATE_CONSISTENT_LABEL
1314,4ce829cd44463302d902c8dc8d1620743141c6d023ffecf37f11525891e0e891,train,24835,5,Surprise,3,False,train,Surprise,EXACT_DUPLICATE_CONSISTENT_LABEL
1314,4ce829cd44463302d902c8dc8d1620743141c6d023ffecf37f11525891e0e891,train,25313,5,Surprise,3,False,train,Surprise,EXACT_DUPLICATE_CONSISTENT_LABEL
1315,de76f1c19062e7b3df38381d48e15fff1332bafb6785e72dd9d5caec330a58a7,train,21786,4,Sad,2,True,public/train,Sad,EXACT_DUPLICATE_CONSISTENT_LABEL
1315,de76f1c19062e7b3df38381d48e15fff1332bafb6785e72dd9d5caec330a58a7,public,374,4,Sad,2,True,public/train,Sad,EXACT_DUPLICATE_CONSISTENT_LABEL
1316,d84f55f05e39a59e1d43f0ecbcbbd7126e30b0e5bc448d2cc5756b1571584471,train,21799,1,Disgust,2,False,train,Disgust,EXACT_DUPLICATE_CONSISTENT_LABEL
1316,d84f55f05e39a59e1d43f0ecbcbbd7126e30b0e5bc448d2cc5756b1571584471,train,25538,1,Disgust,2,False,train,Disgust,EXACT_DUPLICATE_CONSISTENT_LABEL
1317,36b00676cff491ca7edf0851e05f60dfcc15e208ce3df25ba608714f6dcbf2b7,train,21816,1,Disgust,2,False,train,Disgust,EXACT_DUPLICATE_CONSISTENT_LABEL
1317,36b00676cff491ca7edf0851e05f60dfcc15e208ce3df25ba608714f6dcbf2b7,train,26879,1,Disgust,2,False,train,Disgust,EXACT_DUPLICATE_CONSISTENT_LABEL
1318,b3b722e69076c349380d6694d492a916242a3b3bf9ce2bfff3f2f77657c405ac,train,21821,5,Surprise,2,False,train,Surprise,EXACT_DUPLICATE_CONSISTENT_LABEL
1318,b3b722e69076c349380d6694d492a916242a3b3bf9ce2bfff3f2f77657c405ac,train,26135,5,Surprise,2,False,train,Surprise,EXACT_DUPLICATE_CONSISTENT_LABEL
1319,1c36b2d206b20c9a5ce3d0c5dd81d313bfd913ba4633a69f8d368ea87bde7332,train,21824,5,Surprise,2,True,private/train,Surprise,EXACT_DUPLICATE_CONSISTENT_LABEL
1319,1c36b2d206b20c9a5ce3d0c5dd81d313bfd913ba4633a69f8d368ea87bde7332,private,1076,5,Surprise,2,True,private/train,Surprise,EXACT_DUPLICATE_CONSISTENT_LABEL
1320,0d5272e41a37b851fd949dda047d44384591fe0f995e4b17dbe6c06eb96516a9,train,21839,3,Happy,2,False,train,Happy,EXACT_DUPLICATE_CONSISTENT_LABEL
1320,0d5272e41a37b851fd949dda047d44384591fe0f995e4b17dbe6c06eb96516a9,train,28220,3,Happy,2,False,train,Happy,EXACT_DUPLICATE_CONSISTENT_LABEL
1321,bd40a3664d18e7c6a553a3c126bfa49a4d29e6a34681e4c46bbb943e98ac5c43,train,21867,5,Surprise,2,False,train,Surprise,EXACT_DUPLICATE_CONSISTENT_LABEL
1321,bd40a3664d18e7c6a553a3c126bfa49a4d29e6a34681e4c46bbb943e98ac5c43,train,27396,5,Surprise,2,False,train,Surprise,EXACT_DUPLICATE_CONSISTENT_LABEL
1322,985dea85e61ba9fdc6aa87c643882a33afb0d557f66d54e70e6a8da4a2887cf7,train,21872,3,Happy,2,True,public/train,Happy,EXACT_DUPLICATE_CONSISTENT_LABEL
1322,985dea85e61ba9fdc6aa87c643882a33afb0d557f66d54e70e6a8da4a2887cf7,public,880,3,Happy,2,True,public/train,Happy,EXACT_DUPLICATE_CONSISTENT_LABEL
1323,82865d2c0399df7f05ed05ddff197e175e496415c18e7dcf97a852439d47272d,train,21924,5,Surprise,2,False,train,Surprise,EXACT_DUPLICATE_CONSISTENT_LABEL
1323,82865d2c0399df7f05ed05ddff197e175e496415c18e7dcf97a852439d47272d,train,27164,5,Surprise,2,False,train,Surprise,EXACT_DUPLICATE_CONSISTENT_LABEL
1324,b9e079a53c213e5cc21bb48753d5ea94a05db26cb5b763a6ba35ae94bfea5574,train,21969,5,Surprise,2,False,train,Surprise,EXACT_DUPLICATE_CONSISTENT_LABEL
1324,b9e079a53c213e5cc21bb48753d5ea94a05db26cb5b763a6ba35ae94bfea5574,train,25026,5,Surprise,2,False,train,Surprise,EXACT_DUPLICATE_CONSISTENT_LABEL
1325,0b6de4c564d6dc3949d0e7ed4616e9c0b70586c5374bf52d60fa30547f49a8a2,train,21975,5,Surprise,2,True,public/train,Surprise,EXACT_DUPLICATE_CONSISTENT_LABEL
1325,0b6de4c564d6dc3949d0e7ed4616e9c0b70586c5374bf52d60fa30547f49a8a2,public,2803,5,Surprise,2,True,public/train,Surprise,EXACT_DUPLICATE_CONSISTENT_LABEL
1326,1fa878759f914ca01ff4fe9006538081935486bf786a061594c2da5e7c08e477,train,21986,6,Neutral,2,True,private/train,Neutral,EXACT_DUPLICATE_CONSISTENT_LABEL
1326,1fa878759f914ca01ff4fe9006538081935486bf786a061594c2da5e7c08e477,private,2384,6,Neutral,2,True,private/train,Neutral,EXACT_DUPLICATE_CONSISTENT_LABEL
1327,1645f5f8d8cab30a3689dda17c3c8da8b758eeeeab3248dc5dcf655dfac01c5f,train,21998,5,Surprise,3,True,private/train,Surprise,EXACT_DUPLICATE_CONSISTENT_LABEL
1327,1645f5f8d8cab30a3689dda17c3c8da8b758eeeeab3248dc5dcf655dfac01c5f,train,27328,5,Surprise,3,True,private/train,Surprise,EXACT_DUPLICATE_CONSISTENT_LABEL
1327,1645f5f8d8cab30a3689dda17c3c8da8b758eeeeab3248dc5dcf655dfac01c5f,private,3207,5,Surprise,3,True,private/train,Surprise,EXACT_DUPLICATE_CONSISTENT_LABEL
1328,530cecb20536f20417041a5a0ce8c8cc57635bc7953dc2b92f90c5b37e2207c6,train,22024,0,Angry,2,True,public/train,Angry,EXACT_DUPLICATE_CONSISTENT_LABEL
1328,530cecb20536f20417041a5a0ce8c8cc57635bc7953dc2b92f90c5b37e2207c6,public,1593,0,Angry,2,True,public/train,Angry,EXACT_DUPLICATE_CONSISTENT_LABEL
1329,b9f9e7fc1299a9de0acc447d2cc48add8e57bb692e39198fb53d0ad1d13b5ed2,train,22054,6,Neutral,2,True,public/train,Neutral,EXACT_DUPLICATE_CONSISTENT_LABEL
1329,b9f9e7fc1299a9de0acc447d2cc48add8e57bb692e39198fb53d0ad1d13b5ed2,public,1578,6,Neutral,2,True,public/train,Neutral,EXACT_DUPLICATE_CONSISTENT_LABEL
1330,0e078d5a434592f882189cff6be870dfcd7db3f2a76a90bbbae3017f2083ba38,train,22070,5,Surprise,2,True,public/train,Surprise,EXACT_DUPLICATE_CONSISTENT_LABEL
1330,0e078d5a434592f882189cff6be870dfcd7db3f2a76a90bbbae3017f2083ba38,public,2042,5,Surprise,2,True,public/train,Surprise,EXACT_DUPLICATE_CONSISTENT_LABEL
1331,bcb2c6cad3348f5abd24613c916d340618bffdf39968285dda970f1d88b01bf7,train,22098,5,Surprise,2,True,private/train,Surprise,EXACT_DUPLICATE_CONSISTENT_LABEL
1331,bcb2c6cad3348f5abd24613c916d340618bffdf39968285dda970f1d88b01bf7,private,1461,5,Surprise,2,True,private/train,Surprise,EXACT_DUPLICATE_CONSISTENT_LABEL
1332,b24c7d2f9fe904bde4072b582247cc2c594bb5ecb6d9366af40b1533de802c11,train,22118,1,Disgust,2,True,private/train,Disgust,EXACT_DUPLICATE_CONSISTENT_LABEL
1332,b24c7d2f9fe904bde4072b582247cc2c594bb5ecb6d9366af40b1533de802c11,private,2660,1,Disgust,2,True,private/train,Disgust,EXACT_DUPLICATE_CONSISTENT_LABEL
1333,1d91fbbbc7e57f53868a14315febc8ecb307724cd91eaf3d2992c7e8634fead8,train,22128,5,Surprise,3,True,private/train,Surprise,EXACT_DUPLICATE_CONSISTENT_LABEL
1333,1d91fbbbc7e57f53868a14315febc8ecb307724cd91eaf3d2992c7e8634fead8,train,25490,5,Surprise,3,True,private/train,Surprise,EXACT_DUPLICATE_CONSISTENT_LABEL
1333,1d91fbbbc7e57f53868a14315febc8ecb307724cd91eaf3d2992c7e8634fead8,private,3577,5,Surprise,3,True,private/train,Surprise,EXACT_DUPLICATE_CONSISTENT_LABEL
1334,318f47d45c6088002dbaf0de1474cae01c94592062e2ecfbe3e01d629e750bea,train,22305,5,Surprise,2,True,public/train,Surprise,EXACT_DUPLICATE_CONSISTENT_LABEL
1334,318f47d45c6088002dbaf0de1474cae01c94592062e2ecfbe3e01d629e750bea,public,1140,5,Surprise,2,True,public/train,Surprise,EXACT_DUPLICATE_CONSISTENT_LABEL
1335,0a418c1d2576d8a85f9fb88801cae2a46722045ec6f72a81c16db1496f13d78a,train,22345,2,Fear,2,True,private/train,Fear,EXACT_DUPLICATE_CONSISTENT_LABEL
1335,0a418c1d2576d8a85f9fb88801cae2a46722045ec6f72a81c16db1496f13d78a,private,2126,2,Fear,2,True,private/train,Fear,EXACT_DUPLICATE_CONSISTENT_LABEL
1336,13e1c7da1b5693acdf6a52221c772ee9cc76f4eafbfc023910411d4dca88ef61,train,22360,5,Surprise,2,True,private/train,Surprise,EXACT_DUPLICATE_CONSISTENT_LABEL
1336,13e1c7da1b5693acdf6a52221c772ee9cc76f4eafbfc023910411d4dca88ef61,private,1750,5,Surprise,2,True,private/train,Surprise,EXACT_DUPLICATE_CONSISTENT_LABEL
1337,cf86ab6cba232343b27181ed1d3931fd9bc74a02bd3efedfe3f514757f4a4c9e,train,22369,5,Surprise,2,False,train,Surprise,EXACT_DUPLICATE_CONSISTENT_LABEL
1337,cf86ab6cba232343b27181ed1d3931fd9bc74a02bd3efedfe3f514757f4a4c9e,train,27492,5,Surprise,2,False,train,Surprise,EXACT_DUPLICATE_CONSISTENT_LABEL
1338,f515eb720234f5809a1f17b543ec13a95e60e8c066beb04c0e7a406e1d96cae9,train,22398,4,Sad,2,True,public/train,Sad,EXACT_DUPLICATE_CONSISTENT_LABEL
1338,f515eb720234f5809a1f17b543ec13a95e60e8c066beb04c0e7a406e1d96cae9,public,885,4,Sad,2,True,public/train,Sad,EXACT_DUPLICATE_CONSISTENT_LABEL
1339,1e254f7ac6d250d6889289a43dff10caa734c3e45af95f53984cd6d798388caa,train,22437,5,Surprise,2,False,train,Surprise,EXACT_DUPLICATE_CONSISTENT_LABEL
1339,1e254f7ac6d250d6889289a43dff10caa734c3e45af95f53984cd6d798388caa,train,25730,5,Surprise,2,False,train,Surprise,EXACT_DUPLICATE_CONSISTENT_LABEL
1340,32f43719ec532167c06ecf72da46c8559bfb3d2f7c994512b77b9cfa22e785d5,train,22438,2,Fear,2,True,private/train,Fear,EXACT_DUPLICATE_CONSISTENT_LABEL
1340,32f43719ec532167c06ecf72da46c8559bfb3d2f7c994512b77b9cfa22e785d5,private,1237,2,Fear,2,True,private/train,Fear,EXACT_DUPLICATE_CONSISTENT_LABEL
1341,7836bffba86637840f0af8a307b97e3311d126d5df578834c2091b49fe6469c4,train,22463,3,Happy,3,True,private/public/train,Happy,EXACT_DUPLICATE_CONSISTENT_LABEL
1341,7836bffba86637840f0af8a307b97e3311d126d5df578834c2091b49fe6469c4,public,386,3,Happy,3,True,private/public/train,Happy,EXACT_DUPLICATE_CONSISTENT_LABEL
1341,7836bffba86637840f0af8a307b97e3311d126d5df578834c2091b49fe6469c4,private,1068,3,Happy,3,True,private/public/train,Happy,EXACT_DUPLICATE_CONSISTENT_LABEL
1342,f352a81a4136a2244a89e2a07beafad7a92bb9035cc7f93aeb885809a9eaa20e,train,22477,5,Surprise,2,True,private/train,Surprise,EXACT_DUPLICATE_CONSISTENT_LABEL
1342,f352a81a4136a2244a89e2a07beafad7a92bb9035cc7f93aeb885809a9eaa20e,private,2987,5,Surprise,2,True,private/train,Surprise,EXACT_DUPLICATE_CONSISTENT_LABEL
1343,359fe2de5473336638ca320dfffccccdb334d4ee9ee9bcaf44f37083dcf3730a,train,22502,2,Fear,2,False,train,Fear,EXACT_DUPLICATE_CONSISTENT_LABEL
1343,359fe2de5473336638ca320dfffccccdb334d4ee9ee9bcaf44f37083dcf3730a,train,28404,2,Fear,2,False,train,Fear,EXACT_DUPLICATE_CONSISTENT_LABEL
1344,6b486b590fd24903c39b2981ea9505e948a764d4ea559fa28ccecb8f4ee90fd1,train,22529,5,Surprise,2,False,train,Surprise,EXACT_DUPLICATE_CONSISTENT_LABEL
1344,6b486b590fd24903c39b2981ea9505e948a764d4ea559fa28ccecb8f4ee90fd1,train,24502,5,Surprise,2,False,train,Surprise,EXACT_DUPLICATE_CONSISTENT_LABEL
1345,65cf38658befa70e479ec94797afe3d4fc8661aad56f3d1cbdb0a010abd0ed0a,train,22578,6,Neutral,2,False,train,Neutral,EXACT_DUPLICATE_CONSISTENT_LABEL
1345,65cf38658befa70e479ec94797afe3d4fc8661aad56f3d1cbdb0a010abd0ed0a,train,27159,6,Neutral,2,False,train,Neutral,EXACT_DUPLICATE_CONSISTENT_LABEL
1346,a1bb77625f18070c1b8d32193a45bba2b0c39520d306a1b1c40701838ed26a91,train,22680,5,Surprise,2,False,train,Surprise,EXACT_DUPLICATE_CONSISTENT_LABEL
1346,a1bb77625f18070c1b8d32193a45bba2b0c39520d306a1b1c40701838ed26a91,train,27490,5,Surprise,2,False,train,Surprise,EXACT_DUPLICATE_CONSISTENT_LABEL
1347,7d635e3f8ceb54b3056179c84bbb72035d0ab7243e61dd81185ed902e39e5e36,train,22742,6,Neutral,2,True,private/train,Neutral,EXACT_DUPLICATE_CONSISTENT_LABEL
1347,7d635e3f8ceb54b3056179c84bbb72035d0ab7243e61dd81185ed902e39e5e36,private,1426,6,Neutral,2,True,private/train,Neutral,EXACT_DUPLICATE_CONSISTENT_LABEL
1348,6bc308b07eafb2f72355c71d5419f13d201230189499f52875ffeedc006792b3,train,22794,2,Fear,2,False,train,Fear,EXACT_DUPLICATE_CONSISTENT_LABEL
1348,6bc308b07eafb2f72355c71d5419f13d201230189499f52875ffeedc006792b3,train,27216,2,Fear,2,False,train,Fear,EXACT_DUPLICATE_CONSISTENT_LABEL
1349,c299ae5c3959c12841445fd0c8a7c02bde51cf2fbdecd0de19db6c4e4baaf9d4,train,22825,5,Surprise,2,True,public/train,Surprise,EXACT_DUPLICATE_CONSISTENT_LABEL
1349,c299ae5c3959c12841445fd0c8a7c02bde51cf2fbdecd0de19db6c4e4baaf9d4,public,395,5,Surprise,2,True,public/train,Surprise,EXACT_DUPLICATE_CONSISTENT_LABEL
1350,f3a7b23c177c497dba8a3fbaa2e6592e9be10f4fc65cf14a120817c672f1512b,train,22838,3,Happy,2,False,train,Happy,EXACT_DUPLICATE_CONSISTENT_LABEL
1350,f3a7b23c177c497dba8a3fbaa2e6592e9be10f4fc65cf14a120817c672f1512b,train,28470,3,Happy,2,False,train,Happy,EXACT_DUPLICATE_CONSISTENT_LABEL
1351,707b2381fc4c55afa883d7a116555aa87ac797ad2156b8be7c40ba82a28d3e33,train,22901,5,Surprise,2,False,train,Surprise,EXACT_DUPLICATE_CONSISTENT_LABEL
1351,707b2381fc4c55afa883d7a116555aa87ac797ad2156b8be7c40ba82a28d3e33,train,24793,5,Surprise,2,False,train,Surprise,EXACT_DUPLICATE_CONSISTENT_LABEL
1352,b2747ead5686e9671add4449c69c7ff82a415eca051a420174f34f759ce0d63d,train,22989,4,Sad,2,False,train,Sad,EXACT_DUPLICATE_CONSISTENT_LABEL
1352,b2747ead5686e9671add4449c69c7ff82a415eca051a420174f34f759ce0d63d,train,25843,4,Sad,2,False,train,Sad,EXACT_DUPLICATE_CONSISTENT_LABEL
1353,4eb1fa0b8d5376208d0a27cf1900ba30f0a0d34c1a76057ec9cb3909d482e33e,train,23079,6,Neutral,2,True,private/train,Neutral,EXACT_DUPLICATE_CONSISTENT_LABEL
1353,4eb1fa0b8d5376208d0a27cf1900ba30f0a0d34c1a76057ec9cb3909d482e33e,private,2931,6,Neutral,2,True,private/train,Neutral,EXACT_DUPLICATE_CONSISTENT_LABEL
1354,8b26bfb3e35d370437650d06ec0dff2d15cc49dfe9d0feada0b93fda4d1eb00c,train,23181,5,Surprise,2,True,public/train,Surprise,EXACT_DUPLICATE_CONSISTENT_LABEL
1354,8b26bfb3e35d370437650d06ec0dff2d15cc49dfe9d0feada0b93fda4d1eb00c,public,3295,5,Surprise,2,True,public/train,Surprise,EXACT_DUPLICATE_CONSISTENT_LABEL
1355,b77d9629a70ada3a016d532f1bc83e392b29f600be835dabcf0cacedc9297718,train,23187,6,Neutral,2,True,private/train,Neutral,EXACT_DUPLICATE_CONSISTENT_LABEL
1355,b77d9629a70ada3a016d532f1bc83e392b29f600be835dabcf0cacedc9297718,private,151,6,Neutral,2,True,private/train,Neutral,EXACT_DUPLICATE_CONSISTENT_LABEL
1356,468ceaddfa4a00d5f9b529364243f030acb682c79a7caa18429e2368638c94e8,train,23202,5,Surprise,2,True,private/train,Surprise,EXACT_DUPLICATE_CONSISTENT_LABEL
1356,468ceaddfa4a00d5f9b529364243f030acb682c79a7caa18429e2368638c94e8,private,476,5,Surprise,2,True,private/train,Surprise,EXACT_DUPLICATE_CONSISTENT_LABEL
1357,58dcd366ae0bf871b9de8de5bc6b06bb425a591fbb656c2d6e1b0c210f42ea2a,train,23209,2,Fear,2,True,public/train,Fear,EXACT_DUPLICATE_CONSISTENT_LABEL
1357,58dcd366ae0bf871b9de8de5bc6b06bb425a591fbb656c2d6e1b0c210f42ea2a,public,3010,2,Fear,2,True,public/train,Fear,EXACT_DUPLICATE_CONSISTENT_LABEL
1358,d2373949b0dcd42335c4b1fcfe74952e9f4555972e30b89a50ef78b36aa80787,train,23290,4,Sad,2,True,private/train,Sad,EXACT_DUPLICATE_CONSISTENT_LABEL
1358,d2373949b0dcd42335c4b1fcfe74952e9f4555972e30b89a50ef78b36aa80787,private,1134,4,Sad,2,True,private/train,Sad,EXACT_DUPLICATE_CONSISTENT_LABEL
1359,83333882529ee7469155bf69206692e4a6161a4c08ec205a8026eff8787772a4,train,23349,5,Surprise,2,False,train,Surprise,EXACT_DUPLICATE_CONSISTENT_LABEL
1359,83333882529ee7469155bf69206692e4a6161a4c08ec205a8026eff8787772a4,train,25968,5,Surprise,2,False,train,Surprise,EXACT_DUPLICATE_CONSISTENT_LABEL
1360,0e1dc4865bb491f988ef7aa4fd3a6d3553df84b8be6b83e9146a3b5d651968b8,train,23532,0,Angry,2,True,public/train,Angry,EXACT_DUPLICATE_CONSISTENT_LABEL
1360,0e1dc4865bb491f988ef7aa4fd3a6d3553df84b8be6b83e9146a3b5d651968b8,public,1315,0,Angry,2,True,public/train,Angry,EXACT_DUPLICATE_CONSISTENT_LABEL
1361,6b818c175e16b173b76225dadcfcdae31399a1de7623e1f664bb0238933e4c3a,train,23576,3,Happy,2,True,public/train,Happy,EXACT_DUPLICATE_CONSISTENT_LABEL
1361,6b818c175e16b173b76225dadcfcdae31399a1de7623e1f664bb0238933e4c3a,public,936,3,Happy,2,True,public/train,Happy,EXACT_DUPLICATE_CONSISTENT_LABEL
1362,61929591648c50f96c013944bcf8e23fc2e6c2b211d6713f41bcc49c7d577270,train,23625,2,Fear,3,True,public/train,Fear/Surprise,EXACT_DUPLICATE_CONFLICTING_LABEL
1362,61929591648c50f96c013944bcf8e23fc2e6c2b211d6713f41bcc49c7d577270,train,26705,5,Surprise,3,True,public/train,Fear/Surprise,EXACT_DUPLICATE_CONFLICTING_LABEL
1362,61929591648c50f96c013944bcf8e23fc2e6c2b211d6713f41bcc49c7d577270,public,2104,2,Fear,3,True,public/train,Fear/Surprise,EXACT_DUPLICATE_CONFLICTING_LABEL
1363,d7080ea23c801d2097fbd8d044b4e583256d56198e286d408075014b38926259,train,23689,6,Neutral,2,True,public/train,Happy/Neutral,EXACT_DUPLICATE_CONFLICTING_LABEL
1363,d7080ea23c801d2097fbd8d044b4e583256d56198e286d408075014b38926259,public,1018,3,Happy,2,True,public/train,Happy/Neutral,EXACT_DUPLICATE_CONFLICTING_LABEL
1364,8ec2ed15766d39c0533b2ad9fdc7e44312b7f5059dc857784fb8c32e70827cf8,train,23692,5,Surprise,2,True,private/train,Surprise,EXACT_DUPLICATE_CONSISTENT_LABEL
1364,8ec2ed15766d39c0533b2ad9fdc7e44312b7f5059dc857784fb8c32e70827cf8,private,3576,5,Surprise,2,True,private/train,Surprise,EXACT_DUPLICATE_CONSISTENT_LABEL
1365,0f7bea7d3994abf3f581f32eed6ac351ebda40ac1dc0441d1873728e415277c2,train,23743,5,Surprise,2,False,train,Surprise,EXACT_DUPLICATE_CONSISTENT_LABEL
1365,0f7bea7d3994abf3f581f32eed6ac351ebda40ac1dc0441d1873728e415277c2,train,26575,5,Surprise,2,False,train,Surprise,EXACT_DUPLICATE_CONSISTENT_LABEL
1366,fb8d59a8144823efb817308d2a253a5c84df0e7686b3e9fa024bade882d8f3e6,train,23843,5,Surprise,3,False,train,Surprise,EXACT_DUPLICATE_CONSISTENT_LABEL
1366,fb8d59a8144823efb817308d2a253a5c84df0e7686b3e9fa024bade882d8f3e6,train,27211,5,Surprise,3,False,train,Surprise,EXACT_DUPLICATE_CONSISTENT_LABEL
1366,fb8d59a8144823efb817308d2a253a5c84df0e7686b3e9fa024bade882d8f3e6,train,28504,5,Surprise,3,False,train,Surprise,EXACT_DUPLICATE_CONSISTENT_LABEL
1367,fc58a8f6fb7c368846c94750ac88c46ef1211a1dc70b0933eeabf930984252fe,train,23895,3,Happy,2,True,private/train,Happy,EXACT_DUPLICATE_CONSISTENT_LABEL
1367,fc58a8f6fb7c368846c94750ac88c46ef1211a1dc70b0933eeabf930984252fe,private,118,3,Happy,2,True,private/train,Happy,EXACT_DUPLICATE_CONSISTENT_LABEL
1368,5e389d44b4c551450c007d358d41f5b7b2938f97b8ab4b2bd75b7dc364259967,train,23919,6,Neutral,2,False,train,Neutral,EXACT_DUPLICATE_CONSISTENT_LABEL
1368,5e389d44b4c551450c007d358d41f5b7b2938f97b8ab4b2bd75b7dc364259967,train,25758,6,Neutral,2,False,train,Neutral,EXACT_DUPLICATE_CONSISTENT_LABEL
1369,f9c3920fb63c78c3584b60e72103e17ae90a1817d6c8bafb0cb4e13a6e508881,train,23928,6,Neutral,2,False,train,Neutral,EXACT_DUPLICATE_CONSISTENT_LABEL
1369,f9c3920fb63c78c3584b60e72103e17ae90a1817d6c8bafb0cb4e13a6e508881,train,28699,6,Neutral,2,False,train,Neutral,EXACT_DUPLICATE_CONSISTENT_LABEL
1370,6756f0e15815d2568a7c1e60c4f582a643b7a111001a15af322c936fa9b83191,train,24002,0,Angry,2,True,public/train,Angry,EXACT_DUPLICATE_CONSISTENT_LABEL
1370,6756f0e15815d2568a7c1e60c4f582a643b7a111001a15af322c936fa9b83191,public,1010,0,Angry,2,True,public/train,Angry,EXACT_DUPLICATE_CONSISTENT_LABEL
1371,aad918f58c1085e839088fe4646c5f01d2675afafa41ff089db3fb2d63031f27,train,24011,4,Sad,2,True,public/train,Sad,EXACT_DUPLICATE_CONSISTENT_LABEL
1371,aad918f58c1085e839088fe4646c5f01d2675afafa41ff089db3fb2d63031f27,public,1056,4,Sad,2,True,public/train,Sad,EXACT_DUPLICATE_CONSISTENT_LABEL
1372,c1bf1ed044a869eeb1269b627b93edd49370989c4c76624d1d5f7775c511159d,train,24013,4,Sad,2,True,public/train,Sad,EXACT_DUPLICATE_CONSISTENT_LABEL
1372,c1bf1ed044a869eeb1269b627b93edd49370989c4c76624d1d5f7775c511159d,public,3480,4,Sad,2,True,public/train,Sad,EXACT_DUPLICATE_CONSISTENT_LABEL
1373,a6e9309b57c91946c8e721e7e737b76c4062ecd220380edbb9b34d89623e8c8f,train,24027,3,Happy,2,False,train,Happy,EXACT_DUPLICATE_CONSISTENT_LABEL
1373,a6e9309b57c91946c8e721e7e737b76c4062ecd220380edbb9b34d89623e8c8f,train,25873,3,Happy,2,False,train,Happy,EXACT_DUPLICATE_CONSISTENT_LABEL
1374,463afd53f7ba9029d40d9d817a9be1b835fe2e4dd66eef8adfc1714954fb12c8,train,24036,6,Neutral,2,True,private/train,Neutral,EXACT_DUPLICATE_CONSISTENT_LABEL
1374,463afd53f7ba9029d40d9d817a9be1b835fe2e4dd66eef8adfc1714954fb12c8,private,1106,6,Neutral,2,True,private/train,Neutral,EXACT_DUPLICATE_CONSISTENT_LABEL
1375,dcf52590ff3dcbde2deb9aa0f58c4f8ee4155bf9de65eba37962787c896a2006,train,24040,5,Surprise,2,True,private/train,Surprise,EXACT_DUPLICATE_CONSISTENT_LABEL
1375,dcf52590ff3dcbde2deb9aa0f58c4f8ee4155bf9de65eba37962787c896a2006,private,2518,5,Surprise,2,True,private/train,Surprise,EXACT_DUPLICATE_CONSISTENT_LABEL
1376,14e825c5bfd4c21e2773ebc85fce76ad7a2ee7d98ccd203b46d9492dda9a067b,train,24124,5,Surprise,2,True,private/train,Surprise,EXACT_DUPLICATE_CONSISTENT_LABEL
1376,14e825c5bfd4c21e2773ebc85fce76ad7a2ee7d98ccd203b46d9492dda9a067b,private,3233,5,Surprise,2,True,private/train,Surprise,EXACT_DUPLICATE_CONSISTENT_LABEL
1377,af269e1212dd7ebafc3c740ee94b0060b4b0343045dc4bfcae6e8b481147740f,train,24127,5,Surprise,2,True,private/train,Surprise,EXACT_DUPLICATE_CONSISTENT_LABEL
1377,af269e1212dd7ebafc3c740ee94b0060b4b0343045dc4bfcae6e8b481147740f,private,2990,5,Surprise,2,True,private/train,Surprise,EXACT_DUPLICATE_CONSISTENT_LABEL
1378,406935856d584f59b1af8dc9ea558f0aa972104c6d93c00856162ba1c6a1594d,train,24242,6,Neutral,2,True,private/train,Neutral,EXACT_DUPLICATE_CONSISTENT_LABEL
1378,406935856d584f59b1af8dc9ea558f0aa972104c6d93c00856162ba1c6a1594d,private,3144,6,Neutral,2,True,private/train,Neutral,EXACT_DUPLICATE_CONSISTENT_LABEL
1379,05874e86193d64d395a005cac571e56ed9197881c601a4d2e5c4520af25d6e57,train,24287,4,Sad,2,False,train,Sad,EXACT_DUPLICATE_CONSISTENT_LABEL
1379,05874e86193d64d395a005cac571e56ed9197881c601a4d2e5c4520af25d6e57,train,27951,4,Sad,2,False,train,Sad,EXACT_DUPLICATE_CONSISTENT_LABEL
1380,e2707990c5a01062adb1cac0be8cf7a3cab7ae598d693d2f44e757cea1296863,train,24328,5,Surprise,2,False,train,Surprise,EXACT_DUPLICATE_CONSISTENT_LABEL
1380,e2707990c5a01062adb1cac0be8cf7a3cab7ae598d693d2f44e757cea1296863,train,25198,5,Surprise,2,False,train,Surprise,EXACT_DUPLICATE_CONSISTENT_LABEL
1381,627732b929c5f2a8b883e2a86a3ebac23e85c7d9fb3d4bffcdf9e9c79ab31c77,train,24599,5,Surprise,2,False,train,Surprise,EXACT_DUPLICATE_CONSISTENT_LABEL
1381,627732b929c5f2a8b883e2a86a3ebac23e85c7d9fb3d4bffcdf9e9c79ab31c77,train,26488,5,Surprise,2,False,train,Surprise,EXACT_DUPLICATE_CONSISTENT_LABEL
1382,35e30cfbacaeaa21714352fc223b511d450a818361177659f88f85f0adb1b853,train,24620,5,Surprise,2,False,train,Surprise,EXACT_DUPLICATE_CONSISTENT_LABEL
1382,35e30cfbacaeaa21714352fc223b511d450a818361177659f88f85f0adb1b853,train,25852,5,Surprise,2,False,train,Surprise,EXACT_DUPLICATE_CONSISTENT_LABEL
1383,aec4510b0f9d0ad7ea3b749090d95cee2521e34cda1e7db0a9dea9a16c26b7b6,train,24674,2,Fear,2,False,train,Fear,EXACT_DUPLICATE_CONSISTENT_LABEL
1383,aec4510b0f9d0ad7ea3b749090d95cee2521e34cda1e7db0a9dea9a16c26b7b6,train,25621,2,Fear,2,False,train,Fear,EXACT_DUPLICATE_CONSISTENT_LABEL
1384,99f4cb067b61ffd5562519dff70cde5a3f90c4bf6a42188dbcee2ffec6aae078,train,24688,5,Surprise,2,True,private/train,Surprise,EXACT_DUPLICATE_CONSISTENT_LABEL
1384,99f4cb067b61ffd5562519dff70cde5a3f90c4bf6a42188dbcee2ffec6aae078,private,97,5,Surprise,2,True,private/train,Surprise,EXACT_DUPLICATE_CONSISTENT_LABEL
1385,41d6a6907ac1f37e0ee20a8b0e24f8c128093d21b24da7374930c72338270776,train,24698,4,Sad,2,False,train,Sad,EXACT_DUPLICATE_CONSISTENT_LABEL
1385,41d6a6907ac1f37e0ee20a8b0e24f8c128093d21b24da7374930c72338270776,train,27495,4,Sad,2,False,train,Sad,EXACT_DUPLICATE_CONSISTENT_LABEL
1386,1a5def4bea836cbbf69c30184f9156bcef2b4d9619bd764d3520b01b42f5d60e,train,24728,3,Happy,2,True,private/train,Happy,EXACT_DUPLICATE_CONSISTENT_LABEL
1386,1a5def4bea836cbbf69c30184f9156bcef2b4d9619bd764d3520b01b42f5d60e,private,2542,3,Happy,2,True,private/train,Happy,EXACT_DUPLICATE_CONSISTENT_LABEL
1387,ceab12f42e4b231f984fb2084d3bfdf46cd3492e57b11d0b7daff49e9d6af4f2,train,24759,5,Surprise,2,True,private/train,Surprise,EXACT_DUPLICATE_CONSISTENT_LABEL
1387,ceab12f42e4b231f984fb2084d3bfdf46cd3492e57b11d0b7daff49e9d6af4f2,private,2929,5,Surprise,2,True,private/train,Surprise,EXACT_DUPLICATE_CONSISTENT_LABEL
1388,7ccc5d6e30b1afccbb1ac08cda440c32cda1d85cc9f6e534ee356f05547ec145,train,24769,3,Happy,2,False,train,Happy,EXACT_DUPLICATE_CONSISTENT_LABEL
1388,7ccc5d6e30b1afccbb1ac08cda440c32cda1d85cc9f6e534ee356f05547ec145,train,25694,3,Happy,2,False,train,Happy,EXACT_DUPLICATE_CONSISTENT_LABEL
1389,a183d2fc46300c3e0c681445b7f7f4ac85a0e7d4e0786a0ab2af1d7f657ba36f,train,24784,4,Sad,2,True,private/train,Sad,EXACT_DUPLICATE_CONSISTENT_LABEL
1389,a183d2fc46300c3e0c681445b7f7f4ac85a0e7d4e0786a0ab2af1d7f657ba36f,private,1409,4,Sad,2,True,private/train,Sad,EXACT_DUPLICATE_CONSISTENT_LABEL
1390,b4d84606193491c0f960527a250c4ff892dcb23b6c042bf6d524ed4710ed4e11,train,24832,5,Surprise,2,False,train,Surprise,EXACT_DUPLICATE_CONSISTENT_LABEL
1390,b4d84606193491c0f960527a250c4ff892dcb23b6c042bf6d524ed4710ed4e11,train,26565,5,Surprise,2,False,train,Surprise,EXACT_DUPLICATE_CONSISTENT_LABEL
1391,ad019fe570e2071da4962c6ca6e16ca59917f362e816913ee734bbaf79ad86fb,train,24908,0,Angry,2,True,private/train,Angry,EXACT_DUPLICATE_CONSISTENT_LABEL
1391,ad019fe570e2071da4962c6ca6e16ca59917f362e816913ee734bbaf79ad86fb,private,1700,0,Angry,2,True,private/train,Angry,EXACT_DUPLICATE_CONSISTENT_LABEL
1392,d578cc33652b339de48f2e525f9f16d0f268174dba89e973afa90f1994bae1f0,train,24958,5,Surprise,2,True,public/train,Surprise,EXACT_DUPLICATE_CONSISTENT_LABEL
1392,d578cc33652b339de48f2e525f9f16d0f268174dba89e973afa90f1994bae1f0,public,3503,5,Surprise,2,True,public/train,Surprise,EXACT_DUPLICATE_CONSISTENT_LABEL
1393,4ec3ba0391d5f193a2f8948b178fd648e830d17295a47f2682d707380c63c28c,train,24985,5,Surprise,2,True,public/train,Surprise,EXACT_DUPLICATE_CONSISTENT_LABEL
1393,4ec3ba0391d5f193a2f8948b178fd648e830d17295a47f2682d707380c63c28c,public,636,5,Surprise,2,True,public/train,Surprise,EXACT_DUPLICATE_CONSISTENT_LABEL
1394,d1cae6556ef12f3ac757981e66439c0ae7cbb45720e8c50871d3be0ef38b9b1d,train,25065,4,Sad,3,True,public/train,Sad,EXACT_DUPLICATE_CONSISTENT_LABEL
1394,d1cae6556ef12f3ac757981e66439c0ae7cbb45720e8c50871d3be0ef38b9b1d,train,25965,4,Sad,3,True,public/train,Sad,EXACT_DUPLICATE_CONSISTENT_LABEL
1394,d1cae6556ef12f3ac757981e66439c0ae7cbb45720e8c50871d3be0ef38b9b1d,public,3382,4,Sad,3,True,public/train,Sad,EXACT_DUPLICATE_CONSISTENT_LABEL
1395,e38c50a665efdcb51951b587af627428f2cc631e3443f6e3427e678e625c1aeb,train,25086,3,Happy,2,False,train,Happy,EXACT_DUPLICATE_CONSISTENT_LABEL
1395,e38c50a665efdcb51951b587af627428f2cc631e3443f6e3427e678e625c1aeb,train,27142,3,Happy,2,False,train,Happy,EXACT_DUPLICATE_CONSISTENT_LABEL
1396,2f883a9f72f5fd61233f7ad9770c402b7c2b67cdb338e8eaf36344605421a670,train,25107,5,Surprise,2,False,train,Surprise,EXACT_DUPLICATE_CONSISTENT_LABEL
1396,2f883a9f72f5fd61233f7ad9770c402b7c2b67cdb338e8eaf36344605421a670,train,28422,5,Surprise,2,False,train,Surprise,EXACT_DUPLICATE_CONSISTENT_LABEL
1397,fe1b587407502709d63b585ab86ddebb7c2f17fd2acfe2f96631e59656f4b402,train,25178,5,Surprise,2,False,train,Surprise,EXACT_DUPLICATE_CONSISTENT_LABEL
1397,fe1b587407502709d63b585ab86ddebb7c2f17fd2acfe2f96631e59656f4b402,train,27592,5,Surprise,2,False,train,Surprise,EXACT_DUPLICATE_CONSISTENT_LABEL
1398,bd137cc46660c118b4052b5ccaaa6b839d85edabafe8f6dc593d998b8c0755d0,train,25285,3,Happy,2,True,private/train,Happy/Surprise,EXACT_DUPLICATE_CONFLICTING_LABEL
1398,bd137cc46660c118b4052b5ccaaa6b839d85edabafe8f6dc593d998b8c0755d0,private,1714,5,Surprise,2,True,private/train,Happy/Surprise,EXACT_DUPLICATE_CONFLICTING_LABEL
1399,86d6a43c260e16ef0462ef75548b708591e522a819a8002c0d8ee679159ff22e,train,25348,4,Sad,2,True,public/train,Sad,EXACT_DUPLICATE_CONSISTENT_LABEL
1399,86d6a43c260e16ef0462ef75548b708591e522a819a8002c0d8ee679159ff22e,public,1472,4,Sad,2,True,public/train,Sad,EXACT_DUPLICATE_CONSISTENT_LABEL
1400,d950067c4f54dc2daa364b814a7eff3b30879d3cfc7295b64d30a9f8f82ea273,train,25355,6,Neutral,2,False,train,Angry/Neutral,EXACT_DUPLICATE_CONFLICTING_LABEL
1400,d950067c4f54dc2daa364b814a7eff3b30879d3cfc7295b64d30a9f8f82ea273,train,27295,0,Angry,2,False,train,Angry/Neutral,EXACT_DUPLICATE_CONFLICTING_LABEL
1401,a3ef9a162ca6e70818d7046e5c2b3d8025c774acdad09b36409cc20916eb2035,train,25463,4,Sad,2,False,train,Sad,EXACT_DUPLICATE_CONSISTENT_LABEL
1401,a3ef9a162ca6e70818d7046e5c2b3d8025c774acdad09b36409cc20916eb2035,train,26869,4,Sad,2,False,train,Sad,EXACT_DUPLICATE_CONSISTENT_LABEL
1402,9e261610cb419b16ce81e06d6653fa6e15435cd0cf12e91c2820542dfebf06b6,train,25466,5,Surprise,2,True,private/train,Surprise,EXACT_DUPLICATE_CONSISTENT_LABEL
1402,9e261610cb419b16ce81e06d6653fa6e15435cd0cf12e91c2820542dfebf06b6,private,2285,5,Surprise,2,True,private/train,Surprise,EXACT_DUPLICATE_CONSISTENT_LABEL
1403,95d460064b0b312f1ca246a07c2b70d4741cfda881b6c5acc67e648c5e8e78ac,train,25482,2,Fear,2,False,train,Fear,EXACT_DUPLICATE_CONSISTENT_LABEL
1403,95d460064b0b312f1ca246a07c2b70d4741cfda881b6c5acc67e648c5e8e78ac,train,25662,2,Fear,2,False,train,Fear,EXACT_DUPLICATE_CONSISTENT_LABEL
1404,aaa09094e84667880fce2fbc2de1f50302daaf62102dbd4336e563eca097e09a,train,25526,2,Fear,2,False,train,Fear,EXACT_DUPLICATE_CONSISTENT_LABEL
1404,aaa09094e84667880fce2fbc2de1f50302daaf62102dbd4336e563eca097e09a,train,26939,2,Fear,2,False,train,Fear,EXACT_DUPLICATE_CONSISTENT_LABEL
1405,ce36d08271a3b67ec6d506d3e2b06f0e16269622f9acc97c7a200b2ce861f7fa,train,25548,4,Sad,2,True,public/train,Sad,EXACT_DUPLICATE_CONSISTENT_LABEL
1405,ce36d08271a3b67ec6d506d3e2b06f0e16269622f9acc97c7a200b2ce861f7fa,public,994,4,Sad,2,True,public/train,Sad,EXACT_DUPLICATE_CONSISTENT_LABEL
1406,d2bbc124c3cd62f4e26db23f510953fe3c6360ae03abdc7f071a1ff92cef6964,train,25593,6,Neutral,2,True,private/train,Neutral,EXACT_DUPLICATE_CONSISTENT_LABEL
1406,d2bbc124c3cd62f4e26db23f510953fe3c6360ae03abdc7f071a1ff92cef6964,private,1574,6,Neutral,2,True,private/train,Neutral,EXACT_DUPLICATE_CONSISTENT_LABEL
1407,6459c1a939ea41af8bcb369140ddbbfe8aa3e6e8e77678db8117d6aed3c84069,train,25699,5,Surprise,2,False,train,Surprise,EXACT_DUPLICATE_CONSISTENT_LABEL
1407,6459c1a939ea41af8bcb369140ddbbfe8aa3e6e8e77678db8117d6aed3c84069,train,25954,5,Surprise,2,False,train,Surprise,EXACT_DUPLICATE_CONSISTENT_LABEL
1408,f3d49c6dbc429ca185eec457c385cf7733ea93f19b8ab468a920dd3f7437c53b,train,25703,3,Happy,2,False,train,Happy,EXACT_DUPLICATE_CONSISTENT_LABEL
1408,f3d49c6dbc429ca185eec457c385cf7733ea93f19b8ab468a920dd3f7437c53b,train,28698,3,Happy,2,False,train,Happy,EXACT_DUPLICATE_CONSISTENT_LABEL
1409,69f1c20b15f9a6ab7cd1d3b55eaa91b11a4f02d1ea1677232a7b0c7c0ef2dff2,train,25747,3,Happy,2,True,private/train,Happy,EXACT_DUPLICATE_CONSISTENT_LABEL
1409,69f1c20b15f9a6ab7cd1d3b55eaa91b11a4f02d1ea1677232a7b0c7c0ef2dff2,private,2080,3,Happy,2,True,private/train,Happy,EXACT_DUPLICATE_CONSISTENT_LABEL
1410,3b459884ee549fcef023cbce03a75b6e83882d6e424e684ec389e0c47fd0d5f3,train,25776,5,Surprise,2,True,private/train,Surprise,EXACT_DUPLICATE_CONSISTENT_LABEL
1410,3b459884ee549fcef023cbce03a75b6e83882d6e424e684ec389e0c47fd0d5f3,private,2201,5,Surprise,2,True,private/train,Surprise,EXACT_DUPLICATE_CONSISTENT_LABEL
1411,01ecfbf28fc6a62ffab0cb5554dd06c72070385534cb45447bcca6948ad6c822,train,25886,0,Angry,2,True,private/train,Angry,EXACT_DUPLICATE_CONSISTENT_LABEL
1411,01ecfbf28fc6a62ffab0cb5554dd06c72070385534cb45447bcca6948ad6c822,private,2303,0,Angry,2,True,private/train,Angry,EXACT_DUPLICATE_CONSISTENT_LABEL
1412,aac94c4342669f58603a0f1b26de15f2bc3d8bedd29759e2b86128611c307fc2,train,25904,0,Angry,2,True,public/train,Angry,EXACT_DUPLICATE_CONSISTENT_LABEL
1412,aac94c4342669f58603a0f1b26de15f2bc3d8bedd29759e2b86128611c307fc2,public,1462,0,Angry,2,True,public/train,Angry,EXACT_DUPLICATE_CONSISTENT_LABEL
1413,b8580bf4b526983b65cf6fc5dc8792e9d9ebf0a8f7f044f6e881910bcbd865b9,train,25951,4,Sad,2,True,private/train,Sad,EXACT_DUPLICATE_CONSISTENT_LABEL
1413,b8580bf4b526983b65cf6fc5dc8792e9d9ebf0a8f7f044f6e881910bcbd865b9,private,1051,4,Sad,2,True,private/train,Sad,EXACT_DUPLICATE_CONSISTENT_LABEL
1414,71530f679fda22fa835ec6e35db9b5938a901e5d501ff2f4112fda92428714dd,train,25988,5,Surprise,3,True,public/train,Surprise,EXACT_DUPLICATE_CONSISTENT_LABEL
1414,71530f679fda22fa835ec6e35db9b5938a901e5d501ff2f4112fda92428714dd,public,409,5,Surprise,3,True,public/train,Surprise,EXACT_DUPLICATE_CONSISTENT_LABEL
1414,71530f679fda22fa835ec6e35db9b5938a901e5d501ff2f4112fda92428714dd,public,806,5,Surprise,3,True,public/train,Surprise,EXACT_DUPLICATE_CONSISTENT_LABEL
1415,30eb1bef42da3773198abbed878b0cbcc4dd716d8555ee407d875010b346a405,train,26003,5,Surprise,2,False,train,Surprise,EXACT_DUPLICATE_CONSISTENT_LABEL
1415,30eb1bef42da3773198abbed878b0cbcc4dd716d8555ee407d875010b346a405,train,26186,5,Surprise,2,False,train,Surprise,EXACT_DUPLICATE_CONSISTENT_LABEL
1416,c1475ed925feb31cebf5b88a4e00999aa854df6e84688fbf837a7de0eefda0dd,train,26010,5,Surprise,2,True,public/train,Surprise,EXACT_DUPLICATE_CONSISTENT_LABEL
1416,c1475ed925feb31cebf5b88a4e00999aa854df6e84688fbf837a7de0eefda0dd,public,1887,5,Surprise,2,True,public/train,Surprise,EXACT_DUPLICATE_CONSISTENT_LABEL
1417,4329d0bd9b8bda61fb74f2acf9de4bb97a0c7cfb53b3d71a24807e67507bae36,train,26069,6,Neutral,2,True,private/train,Neutral,EXACT_DUPLICATE_CONSISTENT_LABEL
1417,4329d0bd9b8bda61fb74f2acf9de4bb97a0c7cfb53b3d71a24807e67507bae36,private,1523,6,Neutral,2,True,private/train,Neutral,EXACT_DUPLICATE_CONSISTENT_LABEL
1418,1cd0ccdb4906154aaf3e8ceb9f8fde146cc761ea31bc570af93844dc9d6cbab5,train,26115,2,Fear,2,True,private/train,Fear,EXACT_DUPLICATE_CONSISTENT_LABEL
1418,1cd0ccdb4906154aaf3e8ceb9f8fde146cc761ea31bc570af93844dc9d6cbab5,private,906,2,Fear,2,True,private/train,Fear,EXACT_DUPLICATE_CONSISTENT_LABEL
1419,1cfd5ae6a4f7ade18a555b9a95dcd08ca4b2da08de5423a51a8e112bed8ba6fa,train,26156,5,Surprise,2,False,train,Surprise,EXACT_DUPLICATE_CONSISTENT_LABEL
1419,1cfd5ae6a4f7ade18a555b9a95dcd08ca4b2da08de5423a51a8e112bed8ba6fa,train,27028,5,Surprise,2,False,train,Surprise,EXACT_DUPLICATE_CONSISTENT_LABEL
1420,e2dbaf956945b3cc0a96b553a6db4e834c11a5d2329c7134798d3ecc20a191b8,train,26309,5,Surprise,2,True,private/train,Surprise,EXACT_DUPLICATE_CONSISTENT_LABEL
1420,e2dbaf956945b3cc0a96b553a6db4e834c11a5d2329c7134798d3ecc20a191b8,private,2174,5,Surprise,2,True,private/train,Surprise,EXACT_DUPLICATE_CONSISTENT_LABEL
1421,e174532933c01f070096a2e8b34e75fa390f622a4d1cc4f488492aa8b5d43a83,train,26319,2,Fear,2,False,train,Fear,EXACT_DUPLICATE_CONSISTENT_LABEL
1421,e174532933c01f070096a2e8b34e75fa390f622a4d1cc4f488492aa8b5d43a83,train,26759,2,Fear,2,False,train,Fear,EXACT_DUPLICATE_CONSISTENT_LABEL
1422,f318ec9e6d0245e259423b6d8da04a30c64dcaabee9e2d50e6da8b4c02f3add8,train,26368,4,Sad,2,True,private/train,Sad,EXACT_DUPLICATE_CONSISTENT_LABEL
1422,f318ec9e6d0245e259423b6d8da04a30c64dcaabee9e2d50e6da8b4c02f3add8,private,2243,4,Sad,2,True,private/train,Sad,EXACT_DUPLICATE_CONSISTENT_LABEL
1423,fcb416c10c122ce0bf0ca56bcab000b68225ebd688f09fc7aebe9bd65e3160a0,train,26403,5,Surprise,2,True,public/train,Surprise,EXACT_DUPLICATE_CONSISTENT_LABEL
1423,fcb416c10c122ce0bf0ca56bcab000b68225ebd688f09fc7aebe9bd65e3160a0,public,2490,5,Surprise,2,True,public/train,Surprise,EXACT_DUPLICATE_CONSISTENT_LABEL
1424,1f201be7f20e7b99f01197daf6a1041b7335cf30404c1692635f06e987b06323,train,26420,2,Fear,2,True,private/train,Fear/Sad,EXACT_DUPLICATE_CONFLICTING_LABEL
1424,1f201be7f20e7b99f01197daf6a1041b7335cf30404c1692635f06e987b06323,private,3398,4,Sad,2,True,private/train,Fear/Sad,EXACT_DUPLICATE_CONFLICTING_LABEL
1425,75247b2e09f7c08e1bf3a22dfc402890e411e6f6a4eb761b2c674763a72686fa,train,26455,5,Surprise,2,True,public/train,Surprise,EXACT_DUPLICATE_CONSISTENT_LABEL
1425,75247b2e09f7c08e1bf3a22dfc402890e411e6f6a4eb761b2c674763a72686fa,public,849,5,Surprise,2,True,public/train,Surprise,EXACT_DUPLICATE_CONSISTENT_LABEL
1426,63b376e075aafed88d59ca7ce39a78b665b7a355ab8f0c6383bfbdf3720dab97,train,26499,1,Disgust,2,True,private/train,Disgust,EXACT_DUPLICATE_CONSISTENT_LABEL
1426,63b376e075aafed88d59ca7ce39a78b665b7a355ab8f0c6383bfbdf3720dab97,private,2125,1,Disgust,2,True,private/train,Disgust,EXACT_DUPLICATE_CONSISTENT_LABEL
1427,587c769a069fcc07f1d167f8c5965ddfbca0de6ff873abcb6a40b0aa7ac5a7d3,train,26520,2,Fear,2,False,train,Fear,EXACT_DUPLICATE_CONSISTENT_LABEL
1427,587c769a069fcc07f1d167f8c5965ddfbca0de6ff873abcb6a40b0aa7ac5a7d3,train,28394,2,Fear,2,False,train,Fear,EXACT_DUPLICATE_CONSISTENT_LABEL
1428,f80f14a5b11e0b42451f3a3b3d8ade511d2c7645fc7afb4ff43d49eb31de55b5,train,26774,6,Neutral,2,True,public/train,Neutral,EXACT_DUPLICATE_CONSISTENT_LABEL
1428,f80f14a5b11e0b42451f3a3b3d8ade511d2c7645fc7afb4ff43d49eb31de55b5,public,3504,6,Neutral,2,True,public/train,Neutral,EXACT_DUPLICATE_CONSISTENT_LABEL
1429,55b237e6071460c7d9adeb43b38453bbf313e170d50cdc96bf3092faa905647a,train,26782,3,Happy,2,True,public/train,Happy,EXACT_DUPLICATE_CONSISTENT_LABEL
1429,55b237e6071460c7d9adeb43b38453bbf313e170d50cdc96bf3092faa905647a,public,3457,3,Happy,2,True,public/train,Happy,EXACT_DUPLICATE_CONSISTENT_LABEL
1430,9d99481958ebd3713bd7905cbeb46c1510ada6aa3e6042d58da97fabb6f1de9f,train,26820,5,Surprise,2,True,private/train,Surprise,EXACT_DUPLICATE_CONSISTENT_LABEL
1430,9d99481958ebd3713bd7905cbeb46c1510ada6aa3e6042d58da97fabb6f1de9f,private,845,5,Surprise,2,True,private/train,Surprise,EXACT_DUPLICATE_CONSISTENT_LABEL
1431,86bb6d57f0b36a13e18a62e3dcbb1ac76c4800726bf65141892ad561ec0ae194,train,26829,4,Sad,2,True,public/train,Sad,EXACT_DUPLICATE_CONSISTENT_LABEL
1431,86bb6d57f0b36a13e18a62e3dcbb1ac76c4800726bf65141892ad561ec0ae194,public,1879,4,Sad,2,True,public/train,Sad,EXACT_DUPLICATE_CONSISTENT_LABEL
1432,c4c3f855dc62c770d934a21c4260e96f4f6fbf3b0f244dda1188ea5a57f3f2e0,train,26903,4,Sad,2,False,train,Sad,EXACT_DUPLICATE_CONSISTENT_LABEL
1432,c4c3f855dc62c770d934a21c4260e96f4f6fbf3b0f244dda1188ea5a57f3f2e0,train,27914,4,Sad,2,False,train,Sad,EXACT_DUPLICATE_CONSISTENT_LABEL
1433,d9c4771979f9fa43eaf003378f8564745876f64eeb60055c2a25536888e6d093,train,26910,5,Surprise,3,True,public/train,Surprise,EXACT_DUPLICATE_CONSISTENT_LABEL
1433,d9c4771979f9fa43eaf003378f8564745876f64eeb60055c2a25536888e6d093,train,27852,5,Surprise,3,True,public/train,Surprise,EXACT_DUPLICATE_CONSISTENT_LABEL
1433,d9c4771979f9fa43eaf003378f8564745876f64eeb60055c2a25536888e6d093,public,2696,5,Surprise,3,True,public/train,Surprise,EXACT_DUPLICATE_CONSISTENT_LABEL
1434,8385b518004d360120b6cc89ab0f13bde2412076c1db9ab74bbc93b199af3ef1,train,26944,5,Surprise,2,False,train,Surprise,EXACT_DUPLICATE_CONSISTENT_LABEL
1434,8385b518004d360120b6cc89ab0f13bde2412076c1db9ab74bbc93b199af3ef1,train,27923,5,Surprise,2,False,train,Surprise,EXACT_DUPLICATE_CONSISTENT_LABEL
1435,c237adee9df9a51b28258eb2bfee5b95f789fba4d3678857e5628d70c90c6bed,train,26984,1,Disgust,2,True,private/train,Disgust,EXACT_DUPLICATE_CONSISTENT_LABEL
1435,c237adee9df9a51b28258eb2bfee5b95f789fba4d3678857e5628d70c90c6bed,private,34,1,Disgust,2,True,private/train,Disgust,EXACT_DUPLICATE_CONSISTENT_LABEL
1436,c94a5fdf904b5d0d0fd81f44d166077a16b8cf1c581188d1ad258c5d57e812a7,train,27042,3,Happy,2,True,public/train,Happy,EXACT_DUPLICATE_CONSISTENT_LABEL
1436,c94a5fdf904b5d0d0fd81f44d166077a16b8cf1c581188d1ad258c5d57e812a7,public,644,3,Happy,2,True,public/train,Happy,EXACT_DUPLICATE_CONSISTENT_LABEL
1437,aec517d477c563903963ea20a088fb7126a512ae0434f12a39164173b770c990,train,27195,2,Fear,2,False,train,Fear,EXACT_DUPLICATE_CONSISTENT_LABEL
1437,aec517d477c563903963ea20a088fb7126a512ae0434f12a39164173b770c990,train,28704,2,Fear,2,False,train,Fear,EXACT_DUPLICATE_CONSISTENT_LABEL
1438,35528b1dffe24260bccd615a07fd460530c13b12d12d18756450465e747c5628,train,27197,3,Happy,2,True,private/train,Happy,EXACT_DUPLICATE_CONSISTENT_LABEL
1438,35528b1dffe24260bccd615a07fd460530c13b12d12d18756450465e747c5628,private,2015,3,Happy,2,True,private/train,Happy,EXACT_DUPLICATE_CONSISTENT_LABEL
1439,ee01d2f2c6dfc30c61cc99835521d0388d71f0d46bd74b9bf4604f7e1e12adc7,train,27219,6,Neutral,2,True,private/train,Neutral,EXACT_DUPLICATE_CONSISTENT_LABEL
1439,ee01d2f2c6dfc30c61cc99835521d0388d71f0d46bd74b9bf4604f7e1e12adc7,private,3381,6,Neutral,2,True,private/train,Neutral,EXACT_DUPLICATE_CONSISTENT_LABEL
1440,1b20d1e620ce6d6c44ebcba2574f458216a7ac874a180afd184fab25a7ef8a4f,train,27249,2,Fear,2,True,private/train,Fear,EXACT_DUPLICATE_CONSISTENT_LABEL
1440,1b20d1e620ce6d6c44ebcba2574f458216a7ac874a180afd184fab25a7ef8a4f,private,1726,2,Fear,2,True,private/train,Fear,EXACT_DUPLICATE_CONSISTENT_LABEL
1441,6a3b20f0a5aed55a115e6eed37f4208361ae8b4489d2dac1b87cc20097d2b72d,train,27321,5,Surprise,2,True,private/train,Surprise,EXACT_DUPLICATE_CONSISTENT_LABEL
1441,6a3b20f0a5aed55a115e6eed37f4208361ae8b4489d2dac1b87cc20097d2b72d,private,797,5,Surprise,2,True,private/train,Surprise,EXACT_DUPLICATE_CONSISTENT_LABEL
1442,f3000c2b2184101abe797de3c28d0c0df9af94321faaa37f6cb4c8c2f5b231ba,train,27363,2,Fear,2,True,private/train,Fear,EXACT_DUPLICATE_CONSISTENT_LABEL
1442,f3000c2b2184101abe797de3c28d0c0df9af94321faaa37f6cb4c8c2f5b231ba,private,830,2,Fear,2,True,private/train,Fear,EXACT_DUPLICATE_CONSISTENT_LABEL
1443,14c8bebd3432deaf610b6ee5baf2b89e4ac0f2ca454753a0d7134495cb61595d,train,27410,4,Sad,2,False,train,Sad,EXACT_DUPLICATE_CONSISTENT_LABEL
1443,14c8bebd3432deaf610b6ee5baf2b89e4ac0f2ca454753a0d7134495cb61595d,train,27922,4,Sad,2,False,train,Sad,EXACT_DUPLICATE_CONSISTENT_LABEL
1444,d44b644d1c40931b630ab92191aef1c6c1117f36a7a566318b21911e68cfe99f,train,27531,5,Surprise,2,False,train,Surprise,EXACT_DUPLICATE_CONSISTENT_LABEL
1444,d44b644d1c40931b630ab92191aef1c6c1117f36a7a566318b21911e68cfe99f,train,27535,5,Surprise,2,False,train,Surprise,EXACT_DUPLICATE_CONSISTENT_LABEL
1445,14d361c211ae9b900d844d19ab8458942a010319e380d0996f8b51c2ab5175ca,train,27533,6,Neutral,2,True,private/train,Neutral,EXACT_DUPLICATE_CONSISTENT_LABEL
1445,14d361c211ae9b900d844d19ab8458942a010319e380d0996f8b51c2ab5175ca,private,3456,6,Neutral,2,True,private/train,Neutral,EXACT_DUPLICATE_CONSISTENT_LABEL
1446,b05b9a057d93c0512d1075143147b4079c1a16a6676c749908c4a99ba74a3978,train,27754,2,Fear,2,True,public/train,Fear,EXACT_DUPLICATE_CONSISTENT_LABEL
1446,b05b9a057d93c0512d1075143147b4079c1a16a6676c749908c4a99ba74a3978,public,1870,2,Fear,2,True,public/train,Fear,EXACT_DUPLICATE_CONSISTENT_LABEL
1447,38faf2174166917dc5d2da67fdc8e50407f4142f8d5e15d5d09c2dab7adaffe5,train,27765,1,Disgust,2,True,private/train,Disgust,EXACT_DUPLICATE_CONSISTENT_LABEL
1447,38faf2174166917dc5d2da67fdc8e50407f4142f8d5e15d5d09c2dab7adaffe5,private,986,1,Disgust,2,True,private/train,Disgust,EXACT_DUPLICATE_CONSISTENT_LABEL
1448,c5b7a0ad4a74808310570c4ef3e0ebf1731f487d72a4b96258f2506a0a6466f8,train,27782,5,Surprise,2,True,private/train,Surprise,EXACT_DUPLICATE_CONSISTENT_LABEL
1448,c5b7a0ad4a74808310570c4ef3e0ebf1731f487d72a4b96258f2506a0a6466f8,private,1448,5,Surprise,2,True,private/train,Surprise,EXACT_DUPLICATE_CONSISTENT_LABEL
1449,c35a47d1e0352497c202ab5025ed30fe84a72411b2bc995e054611a5b6ef4e68,train,27796,5,Surprise,2,True,public/train,Surprise,EXACT_DUPLICATE_CONSISTENT_LABEL
1449,c35a47d1e0352497c202ab5025ed30fe84a72411b2bc995e054611a5b6ef4e68,public,129,5,Surprise,2,True,public/train,Surprise,EXACT_DUPLICATE_CONSISTENT_LABEL
1450,fa68236f1e430639fad79315d3e045a1998fb7cc879c3087a95353f3c093821e,train,27811,5,Surprise,2,True,private/train,Surprise,EXACT_DUPLICATE_CONSISTENT_LABEL
1450,fa68236f1e430639fad79315d3e045a1998fb7cc879c3087a95353f3c093821e,private,1354,5,Surprise,2,True,private/train,Surprise,EXACT_DUPLICATE_CONSISTENT_LABEL
1451,3e912a2fd5a5bc496b829459d5fc9d3ad2fa75bc7c55b001fa8721e311d5a6a5,train,27830,5,Surprise,2,True,public/train,Surprise,EXACT_DUPLICATE_CONSISTENT_LABEL
1451,3e912a2fd5a5bc496b829459d5fc9d3ad2fa75bc7c55b001fa8721e311d5a6a5,public,2164,5,Surprise,2,True,public/train,Surprise,EXACT_DUPLICATE_CONSISTENT_LABEL
1452,0fed38d2c36a32bedc115ae8f7cf6d408038a9e012ecc196b42758020f4d1b78,train,27858,3,Happy,2,True,private/train,Happy,EXACT_DUPLICATE_CONSISTENT_LABEL
1452,0fed38d2c36a32bedc115ae8f7cf6d408038a9e012ecc196b42758020f4d1b78,private,2663,3,Happy,2,True,private/train,Happy,EXACT_DUPLICATE_CONSISTENT_LABEL
1453,f88b477ca1dd28034fc632904a56beaca2e76f9b44bd0485834415b00346f328,train,27907,5,Surprise,2,False,train,Surprise,EXACT_DUPLICATE_CONSISTENT_LABEL
1453,f88b477ca1dd28034fc632904a56beaca2e76f9b44bd0485834415b00346f328,train,28076,5,Surprise,2,False,train,Surprise,EXACT_DUPLICATE_CONSISTENT_LABEL
1454,97548f44fe11a1db013be60043a50008ed8bce84256765246292c15bc33d499e,train,27933,5,Surprise,2,True,private/train,Surprise,EXACT_DUPLICATE_CONSISTENT_LABEL
1454,97548f44fe11a1db013be60043a50008ed8bce84256765246292c15bc33d499e,private,1561,5,Surprise,2,True,private/train,Surprise,EXACT_DUPLICATE_CONSISTENT_LABEL
1455,261a88ee232cc62eca1ebaf5e4421770c117ceb0dbf56d5a4992aed23dbfbf90,train,27945,3,Happy,2,True,public/train,Happy,EXACT_DUPLICATE_CONSISTENT_LABEL
1455,261a88ee232cc62eca1ebaf5e4421770c117ceb0dbf56d5a4992aed23dbfbf90,public,2182,3,Happy,2,True,public/train,Happy,EXACT_DUPLICATE_CONSISTENT_LABEL
1456,5d878ce6f9b8e7a0c4c9b688e1d0b32ecf29248153623b6ec1917596c7a0df6d,train,28051,5,Surprise,2,True,private/train,Surprise,EXACT_DUPLICATE_CONSISTENT_LABEL
1456,5d878ce6f9b8e7a0c4c9b688e1d0b32ecf29248153623b6ec1917596c7a0df6d,private,626,5,Surprise,2,True,private/train,Surprise,EXACT_DUPLICATE_CONSISTENT_LABEL
1457,c670453b12b90c70a0d3dea9c2eb349fb246606fac8770db95bdbe79f221e9fd,train,28065,5,Surprise,2,True,private/train,Surprise,EXACT_DUPLICATE_CONSISTENT_LABEL
1457,c670453b12b90c70a0d3dea9c2eb349fb246606fac8770db95bdbe79f221e9fd,private,78,5,Surprise,2,True,private/train,Surprise,EXACT_DUPLICATE_CONSISTENT_LABEL
1458,35293b39e47fec514917223012029dcb0da63277f9a9e3d52797840fac579cdb,train,28068,5,Surprise,2,False,train,Surprise,EXACT_DUPLICATE_CONSISTENT_LABEL
1458,35293b39e47fec514917223012029dcb0da63277f9a9e3d52797840fac579cdb,train,28441,5,Surprise,2,False,train,Surprise,EXACT_DUPLICATE_CONSISTENT_LABEL
1459,b53d2437d61fb9d2cb2c869a3fe7622b93251f56cc0d0811540db4cfbf2d91cc,train,28079,5,Surprise,2,True,public/train,Surprise,EXACT_DUPLICATE_CONSISTENT_LABEL
1459,b53d2437d61fb9d2cb2c869a3fe7622b93251f56cc0d0811540db4cfbf2d91cc,public,3075,5,Surprise,2,True,public/train,Surprise,EXACT_DUPLICATE_CONSISTENT_LABEL
1460,2689d48dc1896ab3db05c7bd33719ea45e36e7ae229b4bad5e907b7a2b277775,train,28098,2,Fear,2,True,private/train,Fear,EXACT_DUPLICATE_CONSISTENT_LABEL
1460,2689d48dc1896ab3db05c7bd33719ea45e36e7ae229b4bad5e907b7a2b277775,private,631,2,Fear,2,True,private/train,Fear,EXACT_DUPLICATE_CONSISTENT_LABEL
1461,1c33350e5886658c26f68f2b609e1ee1f34d0c4aae999d8f08c58d148fcb99e2,train,28167,5,Surprise,3,True,private/public/train,Surprise,EXACT_DUPLICATE_CONSISTENT_LABEL
1461,1c33350e5886658c26f68f2b609e1ee1f34d0c4aae999d8f08c58d148fcb99e2,public,1475,5,Surprise,3,True,private/public/train,Surprise,EXACT_DUPLICATE_CONSISTENT_LABEL
1461,1c33350e5886658c26f68f2b609e1ee1f34d0c4aae999d8f08c58d148fcb99e2,private,1034,5,Surprise,3,True,private/public/train,Surprise,EXACT_DUPLICATE_CONSISTENT_LABEL
1462,9d64215ea23bfbbb4e718d2c2751b5d7e56a7f4cb28502d872244e2a8f28e51f,train,28172,5,Surprise,2,True,public/train,Surprise,EXACT_DUPLICATE_CONSISTENT_LABEL
1462,9d64215ea23bfbbb4e718d2c2751b5d7e56a7f4cb28502d872244e2a8f28e51f,public,1603,5,Surprise,2,True,public/train,Surprise,EXACT_DUPLICATE_CONSISTENT_LABEL
1463,c9685b09b8d6cc1e38fadf417d43021c00da26c86ef2cea0cbaffb8291321b35,train,28175,6,Neutral,2,True,private/train,Neutral,EXACT_DUPLICATE_CONSISTENT_LABEL
1463,c9685b09b8d6cc1e38fadf417d43021c00da26c86ef2cea0cbaffb8291321b35,private,1603,6,Neutral,2,True,private/train,Neutral,EXACT_DUPLICATE_CONSISTENT_LABEL
1464,3d8f824ee8068bf6c1cff6b65cffffb06fda250bbfe70accacdbfa792a46f745,train,28227,5,Surprise,2,True,private/train,Surprise,EXACT_DUPLICATE_CONSISTENT_LABEL
1464,3d8f824ee8068bf6c1cff6b65cffffb06fda250bbfe70accacdbfa792a46f745,private,934,5,Surprise,2,True,private/train,Surprise,EXACT_DUPLICATE_CONSISTENT_LABEL
1465,b8fe6fed9ea0566ea9fd372f19f271f0d39fc1e33d02405b0b79722e1f533a49,train,28448,5,Surprise,2,True,public/train,Surprise,EXACT_DUPLICATE_CONSISTENT_LABEL
1465,b8fe6fed9ea0566ea9fd372f19f271f0d39fc1e33d02405b0b79722e1f533a49,public,16,5,Surprise,2,True,public/train,Surprise,EXACT_DUPLICATE_CONSISTENT_LABEL
1466,ea324f2210e1bfbdff1b08fa4268b968ab4daf286f067d2f74977be66bd03d52,train,28544,5,Surprise,2,True,private/train,Surprise,EXACT_DUPLICATE_CONSISTENT_LABEL
1466,ea324f2210e1bfbdff1b08fa4268b968ab4daf286f067d2f74977be66bd03d52,private,691,5,Surprise,2,True,private/train,Surprise,EXACT_DUPLICATE_CONSISTENT_LABEL
1467,27e52a6603c89cf658a852156b8a120861eb2d8befa1aa7c0d4ddfabb69106a4,train,28665,4,Sad,2,True,public/train,Sad,EXACT_DUPLICATE_CONSISTENT_LABEL
1467,27e52a6603c89cf658a852156b8a120861eb2d8befa1aa7c0d4ddfabb69106a4,public,41,4,Sad,2,True,public/train,Sad,EXACT_DUPLICATE_CONSISTENT_LABEL
1468,ba9bb184ec2a35a1761d73b5eb98eab685c01403d333feebeec0fcfcc009fc68,public,19,3,Happy,2,True,private/public,Happy,EXACT_DUPLICATE_CONSISTENT_LABEL
1468,ba9bb184ec2a35a1761d73b5eb98eab685c01403d333feebeec0fcfcc009fc68,private,52,3,Happy,2,True,private/public,Happy,EXACT_DUPLICATE_CONSISTENT_LABEL
1469,cff47e31ba51fefe4eccc272ca8443f6296fb1f1dea0d5928f57e508655ac393,public,64,5,Surprise,2,True,private/public,Surprise,EXACT_DUPLICATE_CONSISTENT_LABEL
1469,cff47e31ba51fefe4eccc272ca8443f6296fb1f1dea0d5928f57e508655ac393,private,1741,5,Surprise,2,True,private/public,Surprise,EXACT_DUPLICATE_CONSISTENT_LABEL
1470,71247bde5e750d9b65b62038f9e3f4a966913f95289304b0f1e6e186c1c44bdd,public,74,2,Fear,2,False,public,Angry/Fear,EXACT_DUPLICATE_CONFLICTING_LABEL
1470,71247bde5e750d9b65b62038f9e3f4a966913f95289304b0f1e6e186c1c44bdd,public,1616,0,Angry,2,False,public,Angry/Fear,EXACT_DUPLICATE_CONFLICTING_LABEL
1471,c3b05e99f86c927a9a2795bce1696cf72771c6626866b465c674781a4ca99a7d,public,128,5,Surprise,2,True,private/public,Happy/Surprise,EXACT_DUPLICATE_CONFLICTING_LABEL
1471,c3b05e99f86c927a9a2795bce1696cf72771c6626866b465c674781a4ca99a7d,private,2834,3,Happy,2,True,private/public,Happy/Surprise,EXACT_DUPLICATE_CONFLICTING_LABEL
1472,590f1745b910fc5144558e6baca16cac177a1b30c60768ba3ddc4864e52020ab,public,158,0,Angry,2,True,private/public,Angry,EXACT_DUPLICATE_CONSISTENT_LABEL
1472,590f1745b910fc5144558e6baca16cac177a1b30c60768ba3ddc4864e52020ab,private,2421,0,Angry,2,True,private/public,Angry,EXACT_DUPLICATE_CONSISTENT_LABEL
1473,9c5379e78a9b1035a1a792513741746bd84bdd7c7beb88ded299a80ade969085,public,192,5,Surprise,2,True,private/public,Surprise,EXACT_DUPLICATE_CONSISTENT_LABEL
1473,9c5379e78a9b1035a1a792513741746bd84bdd7c7beb88ded299a80ade969085,private,3086,5,Surprise,2,True,private/public,Surprise,EXACT_DUPLICATE_CONSISTENT_LABEL
1474,222deaf94181890dc969b44ff9378e6d853ceb5c89f844fda2bf4bf3ace88c52,public,314,1,Disgust,2,True,private/public,Disgust,EXACT_DUPLICATE_CONSISTENT_LABEL
1474,222deaf94181890dc969b44ff9378e6d853ceb5c89f844fda2bf4bf3ace88c52,private,1486,1,Disgust,2,True,private/public,Disgust,EXACT_DUPLICATE_CONSISTENT_LABEL
1475,7b8e072c477509bf17ae5f4093b463ae6aad066c41d548492839006d45307bd5,public,397,2,Fear,2,False,public,Fear,EXACT_DUPLICATE_CONSISTENT_LABEL
1475,7b8e072c477509bf17ae5f4093b463ae6aad066c41d548492839006d45307bd5,public,696,2,Fear,2,False,public,Fear,EXACT_DUPLICATE_CONSISTENT_LABEL
1476,65cef57aea142a514ff05d2d60bc6ec7c24c49418563be5065d91883eca669bf,public,500,6,Neutral,2,False,public,Neutral,EXACT_DUPLICATE_CONSISTENT_LABEL
1476,65cef57aea142a514ff05d2d60bc6ec7c24c49418563be5065d91883eca669bf,public,1806,6,Neutral,2,False,public,Neutral,EXACT_DUPLICATE_CONSISTENT_LABEL
1477,9193f638f5bcdca6c749636ddb0a6f488bb31ae46dc11d215a13c775847a3760,public,565,5,Surprise,2,False,public,Surprise,EXACT_DUPLICATE_CONSISTENT_LABEL
1477,9193f638f5bcdca6c749636ddb0a6f488bb31ae46dc11d215a13c775847a3760,public,3322,5,Surprise,2,False,public,Surprise,EXACT_DUPLICATE_CONSISTENT_LABEL
1478,fde7fd330c61cd4641a4a8def798eb5962a0388cac30eaf96c9977c6b7fff77d,public,584,5,Surprise,2,True,private/public,Surprise,EXACT_DUPLICATE_CONSISTENT_LABEL
1478,fde7fd330c61cd4641a4a8def798eb5962a0388cac30eaf96c9977c6b7fff77d,private,3338,5,Surprise,2,True,private/public,Surprise,EXACT_DUPLICATE_CONSISTENT_LABEL
1479,16e2fef337e7c5870b448e19a4cd6fd1d6aac896e80b482854316d301b061be3,public,648,5,Surprise,2,False,public,Surprise,EXACT_DUPLICATE_CONSISTENT_LABEL
1479,16e2fef337e7c5870b448e19a4cd6fd1d6aac896e80b482854316d301b061be3,public,2682,5,Surprise,2,False,public,Surprise,EXACT_DUPLICATE_CONSISTENT_LABEL
1480,3476f73e842eaaf79228212df44166a26c9080283b9e6f2120d40c19df33e930,public,651,2,Fear,2,False,public,Fear,EXACT_DUPLICATE_CONSISTENT_LABEL
1480,3476f73e842eaaf79228212df44166a26c9080283b9e6f2120d40c19df33e930,public,2732,2,Fear,2,False,public,Fear,EXACT_DUPLICATE_CONSISTENT_LABEL
1481,1fd86b6a918b05166264b9ce3870a2be139c4c02a4e47ad4fc8b6bf341e5b6df,public,712,2,Fear,2,False,public,Fear,EXACT_DUPLICATE_CONSISTENT_LABEL
1481,1fd86b6a918b05166264b9ce3870a2be139c4c02a4e47ad4fc8b6bf341e5b6df,public,953,2,Fear,2,False,public,Fear,EXACT_DUPLICATE_CONSISTENT_LABEL
1482,a62d4a27b363da60a8a6f8b88863d15caac1796e8efa8ceeb028221b0aa555d7,public,960,0,Angry,2,False,public,Angry,EXACT_DUPLICATE_CONSISTENT_LABEL
1482,a62d4a27b363da60a8a6f8b88863d15caac1796e8efa8ceeb028221b0aa555d7,public,1504,0,Angry,2,False,public,Angry,EXACT_DUPLICATE_CONSISTENT_LABEL
1483,70ad044b1d6f8230a103c725f3741c4e1e4aeb4c644e5f2e4d2c94807f936f76,public,1038,5,Surprise,2,False,public,Surprise,EXACT_DUPLICATE_CONSISTENT_LABEL
1483,70ad044b1d6f8230a103c725f3741c4e1e4aeb4c644e5f2e4d2c94807f936f76,public,1914,5,Surprise,2,False,public,Surprise,EXACT_DUPLICATE_CONSISTENT_LABEL
1484,41d6d6dabda6c161cfc90bfeebe9ff968d5efdbc0bde39ae0feb99b34660597d,public,1062,5,Surprise,2,True,private/public,Surprise,EXACT_DUPLICATE_CONSISTENT_LABEL
1484,41d6d6dabda6c161cfc90bfeebe9ff968d5efdbc0bde39ae0feb99b34660597d,private,651,5,Surprise,2,True,private/public,Surprise,EXACT_DUPLICATE_CONSISTENT_LABEL
1485,3b904dac2780f2d9fc20bd93aad14d7925a2f01b957a9c2d903baab35a1e1f3d,public,1087,5,Surprise,2,False,public,Surprise,EXACT_DUPLICATE_CONSISTENT_LABEL
1485,3b904dac2780f2d9fc20bd93aad14d7925a2f01b957a9c2d903baab35a1e1f3d,public,3081,5,Surprise,2,False,public,Surprise,EXACT_DUPLICATE_CONSISTENT_LABEL
1486,79f8ccef7684d5a2d7442fc0c6ad95d68f4d6df1660c5f3e6142b1da70b232e2,public,1185,3,Happy,2,True,private/public,Happy,EXACT_DUPLICATE_CONSISTENT_LABEL
1486,79f8ccef7684d5a2d7442fc0c6ad95d68f4d6df1660c5f3e6142b1da70b232e2,private,2678,3,Happy,2,True,private/public,Happy,EXACT_DUPLICATE_CONSISTENT_LABEL
1487,de215f82b33026e6c84a8c4f865ca68434aa56ce43c1be80ef86414692cfeaf4,public,1195,5,Surprise,2,True,private/public,Surprise,EXACT_DUPLICATE_CONSISTENT_LABEL
1487,de215f82b33026e6c84a8c4f865ca68434aa56ce43c1be80ef86414692cfeaf4,private,2914,5,Surprise,2,True,private/public,Surprise,EXACT_DUPLICATE_CONSISTENT_LABEL
1488,40d5953f8032e6e23c9687f71630884bdaea008135d1279fb81c49e54b4b6413,public,1200,5,Surprise,2,True,private/public,Surprise,EXACT_DUPLICATE_CONSISTENT_LABEL
1488,40d5953f8032e6e23c9687f71630884bdaea008135d1279fb81c49e54b4b6413,private,3062,5,Surprise,2,True,private/public,Surprise,EXACT_DUPLICATE_CONSISTENT_LABEL
1489,4d669da3d8e809b3ceac198a1c4660a4121842c1a312583ed846d4596e462aaf,public,1401,6,Neutral,2,True,private/public,Neutral,EXACT_DUPLICATE_CONSISTENT_LABEL
1489,4d669da3d8e809b3ceac198a1c4660a4121842c1a312583ed846d4596e462aaf,private,15,6,Neutral,2,True,private/public,Neutral,EXACT_DUPLICATE_CONSISTENT_LABEL
1490,500a1ea0c02fc1626a7e6a722038c3629c2a3efb2e87b77deb5af40ebb11fa98,public,1508,3,Happy,2,True,private/public,Happy,EXACT_DUPLICATE_CONSISTENT_LABEL
1490,500a1ea0c02fc1626a7e6a722038c3629c2a3efb2e87b77deb5af40ebb11fa98,private,296,3,Happy,2,True,private/public,Happy,EXACT_DUPLICATE_CONSISTENT_LABEL
1491,2f8ca1d9c26a2db59112f7a243b3b04b754b2fc1fbaea712ce7c0854d4d42b83,public,1684,5,Surprise,2,False,public,Surprise,EXACT_DUPLICATE_CONSISTENT_LABEL
1491,2f8ca1d9c26a2db59112f7a243b3b04b754b2fc1fbaea712ce7c0854d4d42b83,public,1877,5,Surprise,2,False,public,Surprise,EXACT_DUPLICATE_CONSISTENT_LABEL
1492,4cf67c177ea08a6c7194e83cf02096574de4e19fde213a08dcf9809502032f7d,public,1850,6,Neutral,2,True,private/public,Neutral,EXACT_DUPLICATE_CONSISTENT_LABEL
1492,4cf67c177ea08a6c7194e83cf02096574de4e19fde213a08dcf9809502032f7d,private,743,6,Neutral,2,True,private/public,Neutral,EXACT_DUPLICATE_CONSISTENT_LABEL
1493,bdea108f86c7e014e69f5ffdb2b55fa219ba056d4f9d5be4dbfc39642dc1c2b4,public,2002,4,Sad,2,False,public,Sad,EXACT_DUPLICATE_CONSISTENT_LABEL
1493,bdea108f86c7e014e69f5ffdb2b55fa219ba056d4f9d5be4dbfc39642dc1c2b4,public,2452,4,Sad,2,False,public,Sad,EXACT_DUPLICATE_CONSISTENT_LABEL
1494,e87f9938fd8e3b99e5a92213a5e68d6f552c21ce6991dbe518b8aa8eef25f774,public,2054,4,Sad,2,True,private/public,Sad,EXACT_DUPLICATE_CONSISTENT_LABEL
1494,e87f9938fd8e3b99e5a92213a5e68d6f552c21ce6991dbe518b8aa8eef25f774,private,1230,4,Sad,2,True,private/public,Sad,EXACT_DUPLICATE_CONSISTENT_LABEL
1495,1821ee1f5694ad93616701fe8a5e6b3ce4cdae1b5b3a50309f644d11328a88b5,public,2114,3,Happy,2,False,public,Happy,EXACT_DUPLICATE_CONSISTENT_LABEL
1495,1821ee1f5694ad93616701fe8a5e6b3ce4cdae1b5b3a50309f644d11328a88b5,public,3451,3,Happy,2,False,public,Happy,EXACT_DUPLICATE_CONSISTENT_LABEL
1496,ff486673b7e80f2b9292f728ccc432b305c62c936a472c949925fc2a19ddc215,public,2215,5,Surprise,2,True,private/public,Surprise,EXACT_DUPLICATE_CONSISTENT_LABEL
1496,ff486673b7e80f2b9292f728ccc432b305c62c936a472c949925fc2a19ddc215,private,2424,5,Surprise,2,True,private/public,Surprise,EXACT_DUPLICATE_CONSISTENT_LABEL
1497,bd82dc04b57919c627aeaa134cd598cbfee084e3c480cca66998d7e3208604d1,public,2306,2,Fear,2,False,public,Fear,EXACT_DUPLICATE_CONSISTENT_LABEL
1497,bd82dc04b57919c627aeaa134cd598cbfee084e3c480cca66998d7e3208604d1,public,2577,2,Fear,2,False,public,Fear,EXACT_DUPLICATE_CONSISTENT_LABEL
1498,b6fcedcc44d0fbf1fc8c3d86332199fff899a61b2d1510a8854dece1a8aaa997,public,2350,6,Neutral,2,True,private/public,Neutral,EXACT_DUPLICATE_CONSISTENT_LABEL
1498,b6fcedcc44d0fbf1fc8c3d86332199fff899a61b2d1510a8854dece1a8aaa997,private,2231,6,Neutral,2,True,private/public,Neutral,EXACT_DUPLICATE_CONSISTENT_LABEL
1499,c30469bb0d2e02f2e9e28a638d39ca85b2185b86c29d7f032f1926a920d1fa10,public,2364,6,Neutral,2,True,private/public,Neutral,EXACT_DUPLICATE_CONSISTENT_LABEL
1499,c30469bb0d2e02f2e9e28a638d39ca85b2185b86c29d7f032f1926a920d1fa10,private,2617,6,Neutral,2,True,private/public,Neutral,EXACT_DUPLICATE_CONSISTENT_LABEL
1500,96a3523a9fcbdb4ef1e4819ba155dcb6d95b9e3688c7854aa3b6266581525029,public,2465,4,Sad,2,True,private/public,Sad,EXACT_DUPLICATE_CONSISTENT_LABEL
1500,96a3523a9fcbdb4ef1e4819ba155dcb6d95b9e3688c7854aa3b6266581525029,private,143,4,Sad,2,True,private/public,Sad,EXACT_DUPLICATE_CONSISTENT_LABEL
1501,d610680f6555321f9f21d63b04da988928898b76bb4a6d205df55a59b9c17b30,public,2486,0,Angry,2,False,public,Angry,EXACT_DUPLICATE_CONSISTENT_LABEL
1501,d610680f6555321f9f21d63b04da988928898b76bb4a6d205df55a59b9c17b30,public,2634,0,Angry,2,False,public,Angry,EXACT_DUPLICATE_CONSISTENT_LABEL
1502,4cc5f50ef8afc1511c85ae07a1e011a936af0d82097473b31eb4f39aa972764d,public,2921,2,Fear,2,True,private/public,Fear,EXACT_DUPLICATE_CONSISTENT_LABEL
1502,4cc5f50ef8afc1511c85ae07a1e011a936af0d82097473b31eb4f39aa972764d,private,3259,2,Fear,2,True,private/public,Fear,EXACT_DUPLICATE_CONSISTENT_LABEL
1503,da8a22783dbdcac0dc1dfba81c93fecfb1211b66d2cd940c586622f74f45f8b9,public,2936,3,Happy,2,True,private/public,Happy,EXACT_DUPLICATE_CONSISTENT_LABEL
1503,da8a22783dbdcac0dc1dfba81c93fecfb1211b66d2cd940c586622f74f45f8b9,private,1683,3,Happy,2,True,private/public,Happy,EXACT_DUPLICATE_CONSISTENT_LABEL
1504,b3fbc30f785afaff883d2f6045fedf6509df44c70d840b7ea934e3864bf5d731,public,2976,6,Neutral,2,True,private/public,Neutral,EXACT_DUPLICATE_CONSISTENT_LABEL
1504,b3fbc30f785afaff883d2f6045fedf6509df44c70d840b7ea934e3864bf5d731,private,1130,6,Neutral,2,True,private/public,Neutral,EXACT_DUPLICATE_CONSISTENT_LABEL
1505,3480bdaed8446049939fe2412a8c8f4e7e0c13042b8d301b7f04ed331f5161a9,public,3086,5,Surprise,2,True,private/public,Surprise,EXACT_DUPLICATE_CONSISTENT_LABEL
1505,3480bdaed8446049939fe2412a8c8f4e7e0c13042b8d301b7f04ed331f5161a9,private,860,5,Surprise,2,True,private/public,Surprise,EXACT_DUPLICATE_CONSISTENT_LABEL
1506,1868901a7c4fc5cebae317a5e8ae8ed77645eb0775dad6785f93ecc97ac7378a,public,3123,6,Neutral,2,False,public,Neutral,EXACT_DUPLICATE_CONSISTENT_LABEL
1506,1868901a7c4fc5cebae317a5e8ae8ed77645eb0775dad6785f93ecc97ac7378a,public,3482,6,Neutral,2,False,public,Neutral,EXACT_DUPLICATE_CONSISTENT_LABEL
1507,64184db058df0c826ecc2d27e2a6d79188e1d7e5519c8977284482a1e68cff4e,public,3165,0,Angry,2,True,private/public,Angry,EXACT_DUPLICATE_CONSISTENT_LABEL
1507,64184db058df0c826ecc2d27e2a6d79188e1d7e5519c8977284482a1e68cff4e,private,366,0,Angry,2,True,private/public,Angry,EXACT_DUPLICATE_CONSISTENT_LABEL
1508,682cc760c0cab69d3194064df6f6adcf53fd6076338406c3ab8fb764e2869ca6,public,3186,5,Surprise,2,True,private/public,Surprise,EXACT_DUPLICATE_CONSISTENT_LABEL
1508,682cc760c0cab69d3194064df6f6adcf53fd6076338406c3ab8fb764e2869ca6,private,1113,5,Surprise,2,True,private/public,Surprise,EXACT_DUPLICATE_CONSISTENT_LABEL
1509,a8801a409780cf2919d4551114f8ea67514a79beda9490b5ec6465dad5dbdad9,public,3556,5,Surprise,2,True,private/public,Surprise,EXACT_DUPLICATE_CONSISTENT_LABEL
1509,a8801a409780cf2919d4551114f8ea67514a79beda9490b5ec6465dad5dbdad9,private,2053,5,Surprise,2,True,private/public,Surprise,EXACT_DUPLICATE_CONSISTENT_LABEL
1510,34c2f9126c99925ab3d5581feaeb724dd6dda907eb00c237881e82eac51c7a4a,private,520,4,Sad,2,False,private,Sad,EXACT_DUPLICATE_CONSISTENT_LABEL
1510,34c2f9126c99925ab3d5581feaeb724dd6dda907eb00c237881e82eac51c7a4a,private,1445,4,Sad,2,False,private,Sad,EXACT_DUPLICATE_CONSISTENT_LABEL
1511,0ea0957f9d83fd24ad3522ac16a34158b90e35c6ec68a4f18990d26ddbda5912,private,871,2,Fear,2,False,private,Fear,EXACT_DUPLICATE_CONSISTENT_LABEL
1511,0ea0957f9d83fd24ad3522ac16a34158b90e35c6ec68a4f18990d26ddbda5912,private,2027,2,Fear,2,False,private,Fear,EXACT_DUPLICATE_CONSISTENT_LABEL
1512,cfd591c8392500dae64a6c5d04519508f06a2541c415e6470f7158974ef102e0,private,1121,2,Fear,2,False,private,Fear,EXACT_DUPLICATE_CONSISTENT_LABEL
1512,cfd591c8392500dae64a6c5d04519508f06a2541c415e6470f7158974ef102e0,private,2946,2,Fear,2,False,private,Fear,EXACT_DUPLICATE_CONSISTENT_LABEL
1513,eff3f84ef5ad4e2deaa47c3536731d237879e3824da3d2ff2faf1918c99be762,private,1186,5,Surprise,2,False,private,Surprise,EXACT_DUPLICATE_CONSISTENT_LABEL
1513,eff3f84ef5ad4e2deaa47c3536731d237879e3824da3d2ff2faf1918c99be762,private,3500,5,Surprise,2,False,private,Surprise,EXACT_DUPLICATE_CONSISTENT_LABEL
1514,805b2710376101da875ec930b7e67074d6b46b8fa36488a6682dd90c7c5a6fcd,private,2046,3,Happy,2,False,private,Happy,EXACT_DUPLICATE_CONSISTENT_LABEL
1514,805b2710376101da875ec930b7e67074d6b46b8fa36488a6682dd90c7c5a6fcd,private,2137,3,Happy,2,False,private,Happy,EXACT_DUPLICATE_CONSISTENT_LABEL
1515,f0bf9e6f2278acaefc8e456d85a92ff023c9ae12d9edb14ccdfcc435131d8e4e,private,2313,5,Surprise,2,False,private,Surprise,EXACT_DUPLICATE_CONSISTENT_LABEL
1515,f0bf9e6f2278acaefc8e456d85a92ff023c9ae12d9edb14ccdfcc435131d8e4e,private,2856,5,Surprise,2,False,private,Surprise,EXACT_DUPLICATE_CONSISTENT_LABEL
1516,f9065c91ccf0d79eb43a31cc77d8202bc74f5d08076bf926257844ae7bc3061d,private,2374,4,Sad,2,False,private,Sad,EXACT_DUPLICATE_CONSISTENT_LABEL
1516,f9065c91ccf0d79eb43a31cc77d8202bc74f5d08076bf926257844ae7bc3061d,private,3312,4,Sad,2,False,private,Sad,EXACT_DUPLICATE_CONSISTENT_LABEL
