split,row_index,true_label,true_class,v21_pred,v21_pred_class,v21_confidence,v22_pred,v22_pred_class,v22_confidence,sample_category,is_model_resolvable,is_clean,is_strict_clean,has_train_duplicate
public,2,4,Sad,4,Sad,0.6984198759909626,0,Angry,0.5597927374870038,V21_CORRECT_V22_WRONG,True,True,True,False
public,20,2,Fear,5,Surprise,0.4960351209634799,2,Fear,0.4266113715527095,V22_CORRECT_V21_WRONG,True,True,True,False
public,25,2,Fear,2,Fear,0.3743273768568417,0,Angry,0.7077114809189448,V21_CORRECT_V22_WRONG,True,True,True,False
public,28,0,Angry,0,Angry,0.9426870424075733,6,Neutral,0.47511723584136933,V21_CORRECT_V22_WRONG,True,True,True,False
public,34,0,Angry,6,Neutral,0.889747087083733,0,Angry,0.6614698717559256,V22_CORRECT_V21_WRONG,True,True,True,False
public,35,4,Sad,4,Sad,0.675221939464426,2,Fear,0.9319042827195952,V21_CORRECT_V22_WRONG,True,True,False,False
public,44,6,Neutral,4,Sad,0.6825558544480468,6,Neutral,0.7874407544494201,V22_CORRECT_V21_WRONG,True,True,True,False
public,49,6,Neutral,6,Neutral,0.609769521876537,0,Angry,0.6125179506551974,V21_CORRECT_V22_WRONG,True,True,True,False
public,58,5,Surprise,0,Angry,0.6601778161452353,5,Surprise,0.954048243419582,V22_CORRECT_V21_WRONG,True,True,True,False
public,68,2,Fear,0,Angry,0.8557241962130929,2,Fear,0.9206321353236618,V22_CORRECT_V21_WRONG,True,True,True,False
public,70,0,Angry,0,Angry,0.7489953373923482,6,Neutral,0.5542408280503042,V21_CORRECT_V22_WRONG,True,True,True,False
public,79,4,Sad,4,Sad,0.8847762769024945,2,Fear,0.5769965954893548,V21_CORRECT_V22_WRONG,True,True,True,False
public,122,0,Angry,1,Disgust,0.96454501765138,0,Angry,0.6953266070199573,V22_CORRECT_V21_WRONG,True,True,False,False
public,130,2,Fear,5,Surprise,0.5669034526860255,2,Fear,0.9532224223894167,V22_CORRECT_V21_WRONG,True,True,True,False
public,132,2,Fear,6,Neutral,0.669421649215657,2,Fear,0.9573352459988518,V22_CORRECT_V21_WRONG,True,True,True,False
public,137,6,Neutral,3,Happy,0.6531850873011693,6,Neutral,0.7758807046045164,V22_CORRECT_V21_WRONG,True,True,True,False
public,140,6,Neutral,6,Neutral,0.8885217832261665,0,Angry,0.8282695996594551,V21_CORRECT_V22_WRONG,True,True,True,False
public,145,6,Neutral,6,Neutral,0.35664213983833465,4,Sad,0.7747238511552828,V21_CORRECT_V22_WRONG,True,True,True,False
public,156,4,Sad,4,Sad,0.9131085045244318,2,Fear,0.5116902874970942,V21_CORRECT_V22_WRONG,True,True,True,False
public,160,0,Angry,0,Angry,0.7285326302183973,4,Sad,0.729327104576523,V21_CORRECT_V22_WRONG,True,True,True,False
public,167,4,Sad,0,Angry,0.6310485124158072,4,Sad,0.6974212744710766,V22_CORRECT_V21_WRONG,True,True,True,False
public,185,0,Angry,4,Sad,0.7598927552536128,0,Angry,0.8159592808745461,V22_CORRECT_V21_WRONG,True,True,True,False
public,200,3,Happy,3,Happy,0.9075984337933954,6,Neutral,0.7709497133804126,V21_CORRECT_V22_WRONG,True,True,True,False
public,208,2,Fear,4,Sad,0.7912814413582283,2,Fear,0.9257381819084906,V22_CORRECT_V21_WRONG,True,True,True,False
public,223,0,Angry,6,Neutral,0.5906632603839606,0,Angry,0.7805137528065983,V22_CORRECT_V21_WRONG,True,True,True,False
public,224,0,Angry,0,Angry,0.6809817584781122,2,Fear,0.5205913976497043,V21_CORRECT_V22_WRONG,True,True,True,False
public,234,3,Happy,3,Happy,0.7023558860372188,4,Sad,0.652643864597895,V21_CORRECT_V22_WRONG,True,True,True,False
public,237,0,Angry,0,Angry,0.5086055272498357,2,Fear,0.41860422459688484,V21_CORRECT_V22_WRONG,True,True,True,False
public,253,3,Happy,2,Fear,0.9167464512716825,3,Happy,0.6618184126527097,V22_CORRECT_V21_WRONG,True,True,True,False
public,255,6,Neutral,6,Neutral,0.8438453916350009,3,Happy,0.9278927359594826,V21_CORRECT_V22_WRONG,True,True,True,False
public,271,6,Neutral,6,Neutral,0.6691548098248452,4,Sad,0.898308136220139,V21_CORRECT_V22_WRONG,True,True,True,False
public,276,4,Sad,4,Sad,0.946443129362033,2,Fear,0.736559943255417,V21_CORRECT_V22_WRONG,True,True,True,False
public,277,5,Surprise,5,Surprise,0.9497470353315526,2,Fear,0.6723656513822018,V21_CORRECT_V22_WRONG,True,True,True,False
public,279,6,Neutral,6,Neutral,0.5595287500312532,4,Sad,0.592185972504782,V21_CORRECT_V22_WRONG,True,True,True,False
public,286,0,Angry,2,Fear,0.7978281610861638,0,Angry,0.6440541459947028,V22_CORRECT_V21_WRONG,True,True,True,False
public,288,6,Neutral,2,Fear,0.7547967878008451,6,Neutral,0.5813084090882735,V22_CORRECT_V21_WRONG,True,True,True,False
public,296,2,Fear,2,Fear,0.894579503415324,4,Sad,0.403761544558922,V21_CORRECT_V22_WRONG,True,True,True,False
public,302,2,Fear,3,Happy,0.6540895785995091,2,Fear,0.8446497036279844,V22_CORRECT_V21_WRONG,True,True,True,False
public,313,6,Neutral,6,Neutral,0.3521864168477171,3,Happy,0.7554578763459561,V21_CORRECT_V22_WRONG,True,True,True,False
public,318,2,Fear,4,Sad,0.4895610723748554,2,Fear,0.9271405613498395,V22_CORRECT_V21_WRONG,True,True,True,False
public,324,0,Angry,0,Angry,0.9627262712641907,2,Fear,0.9326264752941226,V21_CORRECT_V22_WRONG,True,True,True,False
public,329,5,Surprise,5,Surprise,0.9070155802011182,2,Fear,0.7816506319303748,V21_CORRECT_V22_WRONG,True,True,True,False
public,331,3,Happy,6,Neutral,0.5930432840893831,3,Happy,0.8281487233639137,V22_CORRECT_V21_WRONG,True,True,True,False
public,336,5,Surprise,2,Fear,0.7445754052050717,5,Surprise,0.6339287089474048,V22_CORRECT_V21_WRONG,True,True,True,False
public,343,4,Sad,0,Angry,0.3503516350389822,4,Sad,0.7140694312847117,V22_CORRECT_V21_WRONG,True,True,True,False
public,344,0,Angry,6,Neutral,0.4661201994393152,0,Angry,0.43094935845891924,V22_CORRECT_V21_WRONG,True,True,True,False
public,345,6,Neutral,6,Neutral,0.9150990446099609,4,Sad,0.6698650160015994,V21_CORRECT_V22_WRONG,True,True,True,False
public,346,6,Neutral,3,Happy,0.9202024350926079,6,Neutral,0.6776432611755969,V22_CORRECT_V21_WRONG,True,True,True,False
public,349,4,Sad,0,Angry,0.5415549559419912,4,Sad,0.9074216038126848,V22_CORRECT_V21_WRONG,True,True,True,False
public,350,6,Neutral,3,Happy,0.6065987397087719,6,Neutral,0.9124163595374638,V22_CORRECT_V21_WRONG,True,True,True,False
public,354,4,Sad,6,Neutral,0.941597041419683,4,Sad,0.9222080052020775,V22_CORRECT_V21_WRONG,True,True,True,False
public,361,2,Fear,1,Disgust,0.8848471068499736,2,Fear,0.7321435437889932,V22_CORRECT_V21_WRONG,True,True,True,False
public,363,6,Neutral,0,Angry,0.8539196371518439,6,Neutral,0.8915307419089386,V22_CORRECT_V21_WRONG,True,True,True,False
public,368,2,Fear,2,Fear,0.4197460478926572,4,Sad,0.5431192135339432,V21_CORRECT_V22_WRONG,True,True,True,False
public,372,4,Sad,4,Sad,0.944415617866812,3,Happy,0.7939765212159658,V21_CORRECT_V22_WRONG,True,True,True,False
public,389,1,Disgust,4,Sad,0.6527740186541693,1,Disgust,0.8509927678822913,V22_CORRECT_V21_WRONG,True,True,False,False
public,410,0,Angry,3,Happy,0.7940495254500362,0,Angry,0.9441667577938917,V22_CORRECT_V21_WRONG,True,True,True,False
public,416,6,Neutral,6,Neutral,0.8823588561735337,4,Sad,0.46662238199997746,V21_CORRECT_V22_WRONG,True,True,True,False
public,429,4,Sad,4,Sad,0.5337688555883557,6,Neutral,0.9106538092074906,V21_CORRECT_V22_WRONG,True,True,True,False
public,430,4,Sad,2,Fear,0.933707045835882,4,Sad,0.8816918298935312,V22_CORRECT_V21_WRONG,True,True,True,False
public,434,3,Happy,3,Happy,0.6494370019936789,6,Neutral,0.55321874188949,V21_CORRECT_V22_WRONG,True,True,True,False
public,435,6,Neutral,0,Angry,0.7009567119747492,6,Neutral,0.8132005805075352,V22_CORRECT_V21_WRONG,True,True,True,False
public,440,0,Angry,4,Sad,0.7345243862964781,0,Angry,0.902633553550692,V22_CORRECT_V21_WRONG,True,True,True,False
public,445,2,Fear,4,Sad,0.6933863860251527,2,Fear,0.6737802969523278,V22_CORRECT_V21_WRONG,True,True,True,False
public,453,4,Sad,4,Sad,0.6796987778691663,0,Angry,0.6535286002252672,V21_CORRECT_V22_WRONG,True,True,True,False
public,454,4,Sad,2,Fear,0.5108144444281685,4,Sad,0.9501793390779617,V22_CORRECT_V21_WRONG,True,True,True,False
public,465,4,Sad,6,Neutral,0.8469424686643695,4,Sad,0.9405466978463949,V22_CORRECT_V21_WRONG,True,True,True,False
public,477,6,Neutral,3,Happy,0.7076173489435118,6,Neutral,0.9548159232764863,V22_CORRECT_V21_WRONG,True,True,True,False
public,478,2,Fear,4,Sad,0.6041990440206646,2,Fear,0.6168701290368095,V22_CORRECT_V21_WRONG,True,True,True,False
public,481,6,Neutral,6,Neutral,0.9223479092520294,0,Angry,0.7034127454118334,V21_CORRECT_V22_WRONG,True,True,True,False
public,495,4,Sad,4,Sad,0.5748728100051977,2,Fear,0.6149864940244177,V21_CORRECT_V22_WRONG,True,True,True,False
public,500,6,Neutral,6,Neutral,0.8975651780497541,3,Happy,0.6094757008728516,V21_CORRECT_V22_WRONG,True,True,True,False
public,505,3,Happy,6,Neutral,0.7161914942500741,3,Happy,0.9421586839252638,V22_CORRECT_V21_WRONG,True,True,True,False
public,508,0,Angry,2,Fear,0.3056499315385002,0,Angry,0.8611586750483647,V22_CORRECT_V21_WRONG,True,True,True,False
public,513,5,Surprise,4,Sad,0.44026229525818134,5,Surprise,0.9423590713423622,V22_CORRECT_V21_WRONG,True,True,True,False
public,520,3,Happy,0,Angry,0.5765343579741833,3,Happy,0.9425303976377984,V22_CORRECT_V21_WRONG,True,True,True,False
public,528,4,Sad,4,Sad,0.91672217187312,0,Angry,0.46781463829949244,V21_CORRECT_V22_WRONG,True,True,True,False
public,533,5,Surprise,5,Surprise,0.9489530284094586,2,Fear,0.5998190956212355,V21_CORRECT_V22_WRONG,True,True,True,False
public,537,6,Neutral,6,Neutral,0.8878252179993963,3,Happy,0.840366412497662,V21_CORRECT_V22_WRONG,True,True,True,False
public,541,6,Neutral,6,Neutral,0.8789500952542718,4,Sad,0.8821554107905122,V21_CORRECT_V22_WRONG,True,True,False,False
public,550,0,Angry,2,Fear,0.8119591531181524,0,Angry,0.5711778122446627,V22_CORRECT_V21_WRONG,True,True,True,False
public,555,4,Sad,3,Happy,0.9017021780360479,4,Sad,0.91615434209393,V22_CORRECT_V21_WRONG,True,True,True,False
public,561,4,Sad,0,Angry,0.8358247471254711,4,Sad,0.9065013095006799,V22_CORRECT_V21_WRONG,True,True,True,False
public,568,2,Fear,4,Sad,0.8566722044117651,2,Fear,0.704333054472035,V22_CORRECT_V21_WRONG,True,True,True,False
public,570,0,Angry,0,Angry,0.6691635914042444,6,Neutral,0.7444637129331396,V21_CORRECT_V22_WRONG,True,True,True,False
public,573,0,Angry,0,Angry,0.8509755368341536,6,Neutral,0.2534965488537682,V21_CORRECT_V22_WRONG,True,True,True,False
public,578,2,Fear,2,Fear,0.8596626451315226,6,Neutral,0.38586284908661944,V21_CORRECT_V22_WRONG,True,True,True,False
public,596,4,Sad,1,Disgust,0.502385954906249,4,Sad,0.6116750460819588,V22_CORRECT_V21_WRONG,True,True,True,False
public,599,0,Angry,4,Sad,0.33720948622533625,0,Angry,0.8705446905882334,V22_CORRECT_V21_WRONG,True,True,True,False
public,600,4,Sad,1,Disgust,0.45200135413831743,4,Sad,0.9458954281252834,V22_CORRECT_V21_WRONG,True,True,True,False
public,601,6,Neutral,5,Surprise,0.8860096992950443,6,Neutral,0.41092771311241666,V22_CORRECT_V21_WRONG,True,True,True,False
public,608,4,Sad,0,Angry,0.7308866099699558,4,Sad,0.8472266784075575,V22_CORRECT_V21_WRONG,True,True,True,False
public,613,4,Sad,5,Surprise,0.48834440650187594,4,Sad,0.8671545197857338,V22_CORRECT_V21_WRONG,True,True,True,False
public,614,5,Surprise,5,Surprise,0.6979035794246837,2,Fear,0.5534512227720132,V21_CORRECT_V22_WRONG,True,True,True,False
public,635,0,Angry,0,Angry,0.6225309305683573,2,Fear,0.6656562936169733,V21_CORRECT_V22_WRONG,True,True,True,False
public,637,2,Fear,0,Angry,0.4822711350967584,2,Fear,0.9524531972731453,V22_CORRECT_V21_WRONG,True,True,True,False
public,639,0,Angry,4,Sad,0.9243930611663164,0,Angry,0.9464252539452968,V22_CORRECT_V21_WRONG,True,True,True,False
public,640,2,Fear,2,Fear,0.9236054044192475,5,Surprise,0.816809433792697,V21_CORRECT_V22_WRONG,True,True,True,False
public,643,6,Neutral,3,Happy,0.915425281724534,6,Neutral,0.777048504588879,V22_CORRECT_V21_WRONG,True,True,True,False
public,645,5,Surprise,2,Fear,0.4550356190094444,5,Surprise,0.6241587187066026,V22_CORRECT_V21_WRONG,True,True,True,False
public,647,5,Surprise,5,Surprise,0.7602804027695432,6,Neutral,0.7762048718629441,V21_CORRECT_V22_WRONG,True,True,True,False
public,650,2,Fear,6,Neutral,0.6899510319874422,2,Fear,0.6729967307677965,V22_CORRECT_V21_WRONG,True,True,True,False
public,657,2,Fear,4,Sad,0.9006207439755413,2,Fear,0.9535736811160627,V22_CORRECT_V21_WRONG,True,True,True,False
public,660,4,Sad,4,Sad,0.8312135182127227,2,Fear,0.7160991356900682,V21_CORRECT_V22_WRONG,True,True,True,False
public,666,6,Neutral,6,Neutral,0.6049741768942222,2,Fear,0.7966401078535367,V21_CORRECT_V22_WRONG,True,True,True,False
public,670,4,Sad,6,Neutral,0.8449451490156774,4,Sad,0.8803329469136868,V22_CORRECT_V21_WRONG,True,True,True,False
public,675,6,Neutral,4,Sad,0.7357402916632154,6,Neutral,0.9195045117354318,V22_CORRECT_V21_WRONG,True,True,True,False
public,677,4,Sad,4,Sad,0.8489417041862276,0,Angry,0.8064701366407797,V21_CORRECT_V22_WRONG,True,True,True,False
public,678,4,Sad,6,Neutral,0.8896674687608763,4,Sad,0.4545532241679175,V22_CORRECT_V21_WRONG,True,True,True,False
public,684,4,Sad,4,Sad,0.9089951731883363,2,Fear,0.6112944669552425,V21_CORRECT_V22_WRONG,True,True,True,False
public,695,3,Happy,4,Sad,0.8522993735657823,3,Happy,0.9156026715171034,V22_CORRECT_V21_WRONG,True,True,True,False
public,702,2,Fear,2,Fear,0.9092524915674695,0,Angry,0.9575094167700119,V21_CORRECT_V22_WRONG,True,True,True,False
public,707,0,Angry,5,Surprise,0.9186811654916879,0,Angry,0.9489013947698547,V22_CORRECT_V21_WRONG,True,True,True,False
public,740,6,Neutral,4,Sad,0.7641714540157853,6,Neutral,0.7718635231397897,V22_CORRECT_V21_WRONG,True,True,True,False
public,743,6,Neutral,6,Neutral,0.4971598861913743,3,Happy,0.9510299228789588,V21_CORRECT_V22_WRONG,True,True,True,False
public,749,3,Happy,6,Neutral,0.4553256499248591,3,Happy,0.9118843991065586,V22_CORRECT_V21_WRONG,True,True,True,False
public,750,3,Happy,3,Happy,0.7334014123092754,4,Sad,0.9279388433123086,V21_CORRECT_V22_WRONG,True,True,True,False
public,753,2,Fear,2,Fear,0.672318699853375,4,Sad,0.35431600088913096,V21_CORRECT_V22_WRONG,True,True,True,False
public,755,3,Happy,4,Sad,0.9431818261772497,3,Happy,0.7532900789218521,V22_CORRECT_V21_WRONG,True,True,True,False
public,757,5,Surprise,2,Fear,0.6062408784682294,5,Surprise,0.9414013088302369,V22_CORRECT_V21_WRONG,True,True,True,False
public,766,3,Happy,0,Angry,0.32468864092837724,3,Happy,0.9507065568600717,V22_CORRECT_V21_WRONG,True,True,True,False
public,768,0,Angry,0,Angry,0.5620980363229999,6,Neutral,0.8079050033033988,V21_CORRECT_V22_WRONG,True,True,True,False
public,772,4,Sad,4,Sad,0.8546194442182409,2,Fear,0.6805346238052702,V21_CORRECT_V22_WRONG,True,True,True,False
public,780,4,Sad,4,Sad,0.9633321625912877,3,Happy,0.8598924370934371,V21_CORRECT_V22_WRONG,True,True,True,False
public,805,3,Happy,6,Neutral,0.8042247287079652,3,Happy,0.7347464605656682,V22_CORRECT_V21_WRONG,True,True,True,False
public,833,5,Surprise,5,Surprise,0.7371376764958943,4,Sad,0.9259767218717485,V21_CORRECT_V22_WRONG,True,True,True,False
public,834,2,Fear,0,Angry,0.6305459104632538,2,Fear,0.6156800100595039,V22_CORRECT_V21_WRONG,True,True,True,False
public,836,6,Neutral,6,Neutral,0.8461436742455022,4,Sad,0.7309640592478388,V21_CORRECT_V22_WRONG,True,True,True,False
public,844,4,Sad,4,Sad,0.5773246824218781,6,Neutral,0.9424382564293984,V21_CORRECT_V22_WRONG,True,True,True,False
public,847,6,Neutral,4,Sad,0.7948898436179309,6,Neutral,0.6678781568683713,V22_CORRECT_V21_WRONG,True,True,True,False
public,850,6,Neutral,6,Neutral,0.8588101805281247,4,Sad,0.6924235503124047,V21_CORRECT_V22_WRONG,True,True,True,False
public,858,2,Fear,2,Fear,0.43829812166395943,6,Neutral,0.7761156061919406,V21_CORRECT_V22_WRONG,True,True,True,False
public,867,4,Sad,4,Sad,0.6931078805848222,0,Angry,0.8099906871690558,V21_CORRECT_V22_WRONG,True,True,True,False
public,874,4,Sad,4,Sad,0.6956816734210944,6,Neutral,0.8504639661588216,V21_CORRECT_V22_WRONG,True,True,True,False
public,876,4,Sad,4,Sad,0.9581286949452018,6,Neutral,0.5502189630407962,V21_CORRECT_V22_WRONG,True,True,True,False
public,892,6,Neutral,6,Neutral,0.9406694819887387,4,Sad,0.8497679308359966,V21_CORRECT_V22_WRONG,True,True,True,False
public,899,6,Neutral,4,Sad,0.8446631643734674,6,Neutral,0.9400517067882009,V22_CORRECT_V21_WRONG,True,True,True,False
public,902,2,Fear,2,Fear,0.7048166784898023,5,Surprise,0.948755894758277,V21_CORRECT_V22_WRONG,True,True,True,False
public,915,6,Neutral,6,Neutral,0.8979989522589427,3,Happy,0.9377185508852686,V21_CORRECT_V22_WRONG,True,True,True,False
public,919,4,Sad,4,Sad,0.7050676839207575,6,Neutral,0.9055751647796892,V21_CORRECT_V22_WRONG,True,True,True,False
public,927,6,Neutral,6,Neutral,0.6427689369976982,4,Sad,0.8887126451293346,V21_CORRECT_V22_WRONG,True,True,True,False
public,932,5,Surprise,5,Surprise,0.9435947496684042,2,Fear,0.9385645778629232,V21_CORRECT_V22_WRONG,True,True,True,False
public,934,3,Happy,3,Happy,0.682006599176055,0,Angry,0.45283302559007244,V21_CORRECT_V22_WRONG,True,True,False,False
public,939,3,Happy,5,Surprise,0.5282409949756115,3,Happy,0.9481598237505225,V22_CORRECT_V21_WRONG,True,True,True,False
public,944,0,Angry,0,Angry,0.5117438221719149,6,Neutral,0.42346641272105334,V21_CORRECT_V22_WRONG,True,True,True,False
public,945,4,Sad,4,Sad,0.6693380406850121,2,Fear,0.7089639354923574,V21_CORRECT_V22_WRONG,True,True,True,False
public,947,6,Neutral,6,Neutral,0.6315199758315545,4,Sad,0.9325084931367952,V21_CORRECT_V22_WRONG,True,True,True,False
public,967,2,Fear,5,Surprise,0.6093417275469132,2,Fear,0.9263944470776971,V22_CORRECT_V21_WRONG,True,True,True,False
public,974,6,Neutral,6,Neutral,0.9278138392548838,4,Sad,0.7615592284699585,V21_CORRECT_V22_WRONG,True,True,True,False
public,978,4,Sad,3,Happy,0.8842091908269292,4,Sad,0.5058046838890625,V22_CORRECT_V21_WRONG,True,True,True,False
public,983,4,Sad,6,Neutral,0.8671243171630666,4,Sad,0.8158968536042734,V22_CORRECT_V21_WRONG,True,True,True,False
public,984,4,Sad,6,Neutral,0.47641898473294053,4,Sad,0.9535882523860475,V22_CORRECT_V21_WRONG,True,True,True,False
public,992,2,Fear,2,Fear,0.9190678435657216,4,Sad,0.7514346920939379,V21_CORRECT_V22_WRONG,True,True,True,False
public,996,2,Fear,4,Sad,0.922663041411259,2,Fear,0.9577192668993203,V22_CORRECT_V21_WRONG,True,True,True,False
public,998,3,Happy,3,Happy,0.9221842282690762,6,Neutral,0.4579417144146987,V21_CORRECT_V22_WRONG,True,True,True,False
public,1001,4,Sad,4,Sad,0.6337306966425131,6,Neutral,0.7445689525937551,V21_CORRECT_V22_WRONG,True,True,True,False
public,1002,6,Neutral,6,Neutral,0.8556785404291616,3,Happy,0.9312045614722021,V21_CORRECT_V22_WRONG,True,True,True,False
public,1003,2,Fear,4,Sad,0.4744584952972635,2,Fear,0.6093787638565872,V22_CORRECT_V21_WRONG,True,True,True,False
public,1006,4,Sad,4,Sad,0.6211884776204796,0,Angry,0.5764540455379012,V21_CORRECT_V22_WRONG,True,True,True,False
public,1012,6,Neutral,2,Fear,0.894515145763257,6,Neutral,0.8435453753434543,V22_CORRECT_V21_WRONG,True,True,True,False
public,1022,2,Fear,0,Angry,0.8341515386108926,2,Fear,0.8894108485067376,V22_CORRECT_V21_WRONG,True,True,True,False
public,1031,3,Happy,3,Happy,0.6415037105789293,0,Angry,0.559119652077992,V21_CORRECT_V22_WRONG,True,True,True,False
public,1041,6,Neutral,6,Neutral,0.6781501778079396,2,Fear,0.635496721710502,V21_CORRECT_V22_WRONG,True,True,True,False
public,1047,4,Sad,6,Neutral,0.4935917462399848,4,Sad,0.9544633213128156,V22_CORRECT_V21_WRONG,True,True,True,False
public,1048,4,Sad,0,Angry,0.7447279203565977,4,Sad,0.9538483214478863,V22_CORRECT_V21_WRONG,True,True,True,False
public,1049,6,Neutral,6,Neutral,0.9045076314602614,0,Angry,0.5138904075982444,V21_CORRECT_V22_WRONG,True,True,True,False
public,1051,6,Neutral,6,Neutral,0.632680466615732,3,Happy,0.8951569960144609,V21_CORRECT_V22_WRONG,True,True,True,False
public,1070,4,Sad,6,Neutral,0.8663838355932195,4,Sad,0.9540669747435782,V22_CORRECT_V21_WRONG,True,True,True,False
public,1071,4,Sad,4,Sad,0.5156198491408851,0,Angry,0.6762639856249121,V21_CORRECT_V22_WRONG,True,True,True,False
public,1072,4,Sad,4,Sad,0.4383235565145067,0,Angry,0.47233206210927037,V21_CORRECT_V22_WRONG,True,True,True,False
public,1078,6,Neutral,2,Fear,0.6408869173161927,6,Neutral,0.5371849563739521,V22_CORRECT_V21_WRONG,True,True,True,False
public,1084,2,Fear,2,Fear,0.6262316473222733,0,Angry,0.9431677296359504,V21_CORRECT_V22_WRONG,True,True,True,False
public,1089,5,Surprise,5,Surprise,0.786757986754018,3,Happy,0.9387437142301949,V21_CORRECT_V22_WRONG,True,True,True,False
public,1094,5,Surprise,0,Angry,0.7862542238489124,5,Surprise,0.471625800175892,V22_CORRECT_V21_WRONG,True,True,True,False
public,1100,6,Neutral,6,Neutral,0.34200139919759054,0,Angry,0.47926306340716945,V21_CORRECT_V22_WRONG,True,True,True,False
public,1113,6,Neutral,6,Neutral,0.8427055006320388,4,Sad,0.9503847612783588,V21_CORRECT_V22_WRONG,True,True,True,False
public,1114,5,Surprise,5,Surprise,0.9230539086107071,0,Angry,0.8104937282803579,V21_CORRECT_V22_WRONG,True,True,True,False
public,1135,3,Happy,2,Fear,0.4620824188139316,3,Happy,0.45841863584944376,V22_CORRECT_V21_WRONG,True,True,True,False
public,1136,5,Surprise,5,Surprise,0.6714293758783098,2,Fear,0.9450360939461345,V21_CORRECT_V22_WRONG,True,True,True,False
public,1137,2,Fear,2,Fear,0.9248037426446689,4,Sad,0.9244724800299852,V21_CORRECT_V22_WRONG,True,True,True,False
public,1148,6,Neutral,3,Happy,0.9157947708443434,6,Neutral,0.8460763809278804,V22_CORRECT_V21_WRONG,True,True,True,False
public,1157,0,Angry,3,Happy,0.5142231077912931,0,Angry,0.5984407880386504,V22_CORRECT_V21_WRONG,True,True,True,False
public,1174,2,Fear,2,Fear,0.6179710204823475,3,Happy,0.9005870179123261,V21_CORRECT_V22_WRONG,True,True,True,False
public,1176,6,Neutral,6,Neutral,0.8378008899983421,4,Sad,0.9329702608092911,V21_CORRECT_V22_WRONG,True,True,True,False
public,1181,6,Neutral,6,Neutral,0.8241194407272382,3,Happy,0.4294073009725364,V21_CORRECT_V22_WRONG,True,True,True,False
public,1191,4,Sad,4,Sad,0.7058311247178853,3,Happy,0.9019990689757859,V21_CORRECT_V22_WRONG,True,True,True,False
public,1194,3,Happy,3,Happy,0.9555112131738003,2,Fear,0.8480592208374664,V21_CORRECT_V22_WRONG,True,True,True,False
public,1197,2,Fear,2,Fear,0.6304212572860662,4,Sad,0.9089430812849602,V21_CORRECT_V22_WRONG,True,True,True,False
public,1200,5,Surprise,2,Fear,0.6642963223080866,5,Surprise,0.8826136296392898,V22_CORRECT_V21_WRONG,True,True,True,False
public,1204,6,Neutral,6,Neutral,0.7568126597320365,4,Sad,0.9249026694339114,V21_CORRECT_V22_WRONG,True,True,True,False
public,1205,4,Sad,2,Fear,0.8018945709369831,4,Sad,0.9277472809392963,V22_CORRECT_V21_WRONG,True,True,True,False
public,1212,6,Neutral,6,Neutral,0.5577765775533348,4,Sad,0.7972597697711242,V21_CORRECT_V22_WRONG,True,True,True,False
public,1213,4,Sad,2,Fear,0.6190079037647931,4,Sad,0.81245345469893,V22_CORRECT_V21_WRONG,True,True,True,False
public,1219,6,Neutral,3,Happy,0.6663840513895247,6,Neutral,0.8078055269623866,V22_CORRECT_V21_WRONG,True,True,True,False
public,1224,0,Angry,2,Fear,0.5109655765211238,0,Angry,0.5806353455584952,V22_CORRECT_V21_WRONG,True,True,True,False
public,1225,3,Happy,3,Happy,0.7848639589421118,2,Fear,0.6219964101606466,V21_CORRECT_V22_WRONG,True,True,True,False
public,1239,6,Neutral,0,Angry,0.2714842931159939,6,Neutral,0.9141589683975154,V22_CORRECT_V21_WRONG,True,True,True,False
public,1245,5,Surprise,5,Surprise,0.9424176541218192,3,Happy,0.5231904823297935,V21_CORRECT_V22_WRONG,True,True,True,False
public,1253,0,Angry,0,Angry,0.6852099933655815,2,Fear,0.6779395257515799,V21_CORRECT_V22_WRONG,True,True,True,False
public,1256,3,Happy,3,Happy,0.8579882684476949,5,Surprise,0.8202675408048241,V21_CORRECT_V22_WRONG,True,True,True,False
public,1263,4,Sad,4,Sad,0.34559995921921616,6,Neutral,0.4020675674859991,V21_CORRECT_V22_WRONG,True,True,True,False
public,1271,0,Angry,6,Neutral,0.902688896189061,0,Angry,0.828541188045365,V22_CORRECT_V21_WRONG,True,True,True,False
public,1277,4,Sad,4,Sad,0.8960149414101569,6,Neutral,0.9536629693699513,V21_CORRECT_V22_WRONG,True,True,True,False
public,1279,3,Happy,3,Happy,0.576165552992947,6,Neutral,0.90222236141989,V21_CORRECT_V22_WRONG,True,True,True,False
public,1281,2,Fear,2,Fear,0.946665593395081,3,Happy,0.3343791140264807,V21_CORRECT_V22_WRONG,True,True,True,False
public,1284,3,Happy,4,Sad,0.9557704612048996,3,Happy,0.9476145699495664,V22_CORRECT_V21_WRONG,True,True,True,False
public,1289,4,Sad,0,Angry,0.5659030007650628,4,Sad,0.46058059845901717,V22_CORRECT_V21_WRONG,True,True,True,False
public,1291,4,Sad,2,Fear,0.6233031633591135,4,Sad,0.7669077797157943,V22_CORRECT_V21_WRONG,True,True,True,False
public,1300,0,Angry,3,Happy,0.9209291388072066,0,Angry,0.7522752637351459,V22_CORRECT_V21_WRONG,True,True,True,False
public,1316,4,Sad,2,Fear,0.5661328261733102,4,Sad,0.74445131250821,V22_CORRECT_V21_WRONG,True,True,True,False
public,1318,2,Fear,3,Happy,0.45435380379307644,2,Fear,0.7074982301543066,V22_CORRECT_V21_WRONG,True,True,True,False
public,1319,0,Angry,1,Disgust,0.7122612010272733,0,Angry,0.9393277835158181,V22_CORRECT_V21_WRONG,True,True,True,False
public,1323,4,Sad,4,Sad,0.5511464514065378,2,Fear,0.5172569666607197,V21_CORRECT_V22_WRONG,True,True,True,False
public,1332,6,Neutral,6,Neutral,0.6682258232706973,4,Sad,0.8230229778016297,V21_CORRECT_V22_WRONG,True,True,True,False
public,1335,6,Neutral,4,Sad,0.5593290023116517,6,Neutral,0.5685571957325689,V22_CORRECT_V21_WRONG,True,True,True,False
public,1338,0,Angry,0,Angry,0.4688651362920488,4,Sad,0.6909596945554366,V21_CORRECT_V22_WRONG,True,True,True,False
public,1343,3,Happy,6,Neutral,0.8165727496908909,3,Happy,0.8135117501515606,V22_CORRECT_V21_WRONG,True,True,True,False
public,1352,3,Happy,6,Neutral,0.893542836105625,3,Happy,0.9338627935031573,V22_CORRECT_V21_WRONG,True,True,True,False
public,1357,0,Angry,0,Angry,0.5961367367291771,2,Fear,0.7924809698216798,V21_CORRECT_V22_WRONG,True,True,True,False
public,1361,2,Fear,5,Surprise,0.5786050980514551,2,Fear,0.456659319312407,V22_CORRECT_V21_WRONG,True,True,True,False
public,1369,2,Fear,5,Surprise,0.8594757311273828,2,Fear,0.6447792534678793,V22_CORRECT_V21_WRONG,True,True,True,False
public,1375,2,Fear,4,Sad,0.6906248411554257,2,Fear,0.5676118047020415,V22_CORRECT_V21_WRONG,True,True,True,False
public,1379,4,Sad,0,Angry,0.8943556452895153,4,Sad,0.8351623210236391,V22_CORRECT_V21_WRONG,True,True,True,False
public,1385,4,Sad,2,Fear,0.8714677003574004,4,Sad,0.9504859869346497,V22_CORRECT_V21_WRONG,True,True,True,False
public,1387,6,Neutral,3,Happy,0.9200967751169815,6,Neutral,0.9161960722114804,V22_CORRECT_V21_WRONG,True,True,True,False
public,1394,6,Neutral,6,Neutral,0.823543827055069,3,Happy,0.5479376685786549,V21_CORRECT_V22_WRONG,True,True,True,False
public,1398,3,Happy,3,Happy,0.948729477272393,0,Angry,0.6986841500907764,V21_CORRECT_V22_WRONG,True,True,True,False
public,1414,4,Sad,6,Neutral,0.8816760443849853,4,Sad,0.7918379552064438,V22_CORRECT_V21_WRONG,True,True,True,False
public,1415,2,Fear,2,Fear,0.6462890819592466,4,Sad,0.720480503196218,V21_CORRECT_V22_WRONG,True,True,True,False
public,1419,0,Angry,0,Angry,0.4887625202678902,6,Neutral,0.7925315975701774,V21_CORRECT_V22_WRONG,True,True,True,False
public,1421,4,Sad,4,Sad,0.8907074928266437,6,Neutral,0.7552208598458063,V21_CORRECT_V22_WRONG,True,True,True,False
public,1422,3,Happy,3,Happy,0.9079699090299419,6,Neutral,0.8493550909776418,V21_CORRECT_V22_WRONG,True,True,True,False
public,1439,6,Neutral,6,Neutral,0.8966981071956653,3,Happy,0.8087566574110779,V21_CORRECT_V22_WRONG,True,True,True,False
public,1441,4,Sad,0,Angry,0.545870742636643,4,Sad,0.8450707248254355,V22_CORRECT_V21_WRONG,True,True,True,False
public,1445,4,Sad,4,Sad,0.5242238148327332,6,Neutral,0.9539419158554346,V21_CORRECT_V22_WRONG,True,True,True,False
public,1460,6,Neutral,2,Fear,0.3538088118064725,6,Neutral,0.6186959648334374,V22_CORRECT_V21_WRONG,True,True,True,False
public,1465,5,Surprise,5,Surprise,0.3702799659602171,3,Happy,0.5206312684444332,V21_CORRECT_V22_WRONG,True,True,True,False
public,1470,4,Sad,6,Neutral,0.70957131934544,4,Sad,0.9512065360719876,V22_CORRECT_V21_WRONG,True,True,True,False
public,1485,0,Angry,0,Angry,0.7369513691056976,5,Surprise,0.9494567650029605,V21_CORRECT_V22_WRONG,True,True,True,False
public,1489,6,Neutral,6,Neutral,0.8117474212499306,3,Happy,0.7013364062985407,V21_CORRECT_V22_WRONG,True,True,True,False
public,1499,4,Sad,4,Sad,0.6602941116337122,2,Fear,0.5339141861233232,V21_CORRECT_V22_WRONG,True,True,True,False
public,1505,4,Sad,4,Sad,0.7607970330491526,6,Neutral,0.8396808177796181,V21_CORRECT_V22_WRONG,True,True,True,False
public,1510,4,Sad,4,Sad,0.408340867829476,2,Fear,0.5705148594065386,V21_CORRECT_V22_WRONG,True,True,True,False
public,1514,5,Surprise,5,Surprise,0.9385125689976566,0,Angry,0.6659111329132328,V21_CORRECT_V22_WRONG,True,True,True,False
public,1520,6,Neutral,0,Angry,0.9444852440764638,6,Neutral,0.7947410537554214,V22_CORRECT_V21_WRONG,True,True,True,False
public,1531,2,Fear,4,Sad,0.8864362892207751,2,Fear,0.7564894421329331,V22_CORRECT_V21_WRONG,True,True,True,False
public,1542,4,Sad,0,Angry,0.6769007726396378,4,Sad,0.8217583448019523,V22_CORRECT_V21_WRONG,True,True,True,False
public,1544,2,Fear,4,Sad,0.46445911670120366,2,Fear,0.540377219924677,V22_CORRECT_V21_WRONG,True,True,True,False
public,1551,0,Angry,0,Angry,0.9461832586567397,4,Sad,0.6604172779514649,V21_CORRECT_V22_WRONG,True,True,True,False
public,1566,6,Neutral,6,Neutral,0.8986846103915846,2,Fear,0.6930898286107887,V21_CORRECT_V22_WRONG,True,True,True,False
public,1568,4,Sad,4,Sad,0.7197041093972654,6,Neutral,0.7469038056968735,V21_CORRECT_V22_WRONG,True,True,True,False
public,1570,2,Fear,4,Sad,0.4856580389591629,2,Fear,0.8979987664741043,V22_CORRECT_V21_WRONG,True,True,True,False
public,1579,3,Happy,0,Angry,0.5793133863266381,3,Happy,0.9252241508186428,V22_CORRECT_V21_WRONG,True,True,True,False
public,1580,4,Sad,4,Sad,0.47395871038195353,0,Angry,0.4272188219079086,V21_CORRECT_V22_WRONG,True,True,True,False
public,1582,3,Happy,6,Neutral,0.8596120699694095,3,Happy,0.9579113370719068,V22_CORRECT_V21_WRONG,True,True,True,False
public,1586,6,Neutral,6,Neutral,0.8582920207067217,4,Sad,0.6088663651877985,V21_CORRECT_V22_WRONG,True,True,True,False
public,1590,3,Happy,3,Happy,0.9282199660520252,5,Surprise,0.4943234860566335,V21_CORRECT_V22_WRONG,True,True,True,False
public,1594,5,Surprise,3,Happy,0.49772489542349774,5,Surprise,0.9527227390762879,V22_CORRECT_V21_WRONG,True,True,True,False
public,1597,2,Fear,5,Surprise,0.5469035910333073,2,Fear,0.7056644252681464,V22_CORRECT_V21_WRONG,True,True,True,False
public,1598,3,Happy,6,Neutral,0.5691550118113218,3,Happy,0.855041058257839,V22_CORRECT_V21_WRONG,True,True,True,False
public,1599,4,Sad,4,Sad,0.8663365474938671,3,Happy,0.806800591233416,V21_CORRECT_V22_WRONG,True,True,True,False
public,1600,0,Angry,2,Fear,0.811781692744078,0,Angry,0.8656762778343798,V22_CORRECT_V21_WRONG,True,True,True,False
public,1607,2,Fear,5,Surprise,0.8962243887648068,2,Fear,0.9225059038182986,V22_CORRECT_V21_WRONG,True,True,True,False
public,1611,0,Angry,0,Angry,0.6848182358542549,4,Sad,0.8469749083747614,V21_CORRECT_V22_WRONG,True,True,True,False
public,1618,0,Angry,1,Disgust,0.9691178303342021,0,Angry,0.955126474681794,V22_CORRECT_V21_WRONG,True,True,True,False
public,1635,4,Sad,4,Sad,0.5788404090668602,2,Fear,0.9146393693228395,V21_CORRECT_V22_WRONG,True,True,True,False
public,1645,6,Neutral,3,Happy,0.8660435461504249,6,Neutral,0.940503880592851,V22_CORRECT_V21_WRONG,True,True,True,False
public,1647,2,Fear,2,Fear,0.8131552231721254,6,Neutral,0.5862540014118518,V21_CORRECT_V22_WRONG,True,True,True,False
public,1653,6,Neutral,4,Sad,0.6960429622604136,6,Neutral,0.9177895498310521,V22_CORRECT_V21_WRONG,True,True,True,False
public,1670,6,Neutral,6,Neutral,0.7357765863383416,4,Sad,0.8048264643769695,V21_CORRECT_V22_WRONG,True,True,True,False
public,1671,3,Happy,2,Fear,0.8849755894035777,3,Happy,0.5374546063798745,V22_CORRECT_V21_WRONG,True,True,True,False
public,1688,6,Neutral,0,Angry,0.7715308357730037,6,Neutral,0.8790143687950981,V22_CORRECT_V21_WRONG,True,True,True,False
public,1699,6,Neutral,3,Happy,0.520312663452147,6,Neutral,0.581741016530344,V22_CORRECT_V21_WRONG,True,True,True,False
public,1714,5,Surprise,5,Surprise,0.8688911616316213,6,Neutral,0.8038446463538084,V21_CORRECT_V22_WRONG,True,True,True,False
public,1721,0,Angry,0,Angry,0.94685189305715,2,Fear,0.6160144219254451,V21_CORRECT_V22_WRONG,True,True,True,False
public,1731,4,Sad,6,Neutral,0.9109588823612991,4,Sad,0.42395055612560617,V22_CORRECT_V21_WRONG,True,True,True,False
public,1733,4,Sad,4,Sad,0.6831616267519365,2,Fear,0.7779053458726262,V21_CORRECT_V22_WRONG,True,True,True,False
public,1734,3,Happy,5,Surprise,0.9226710587287721,3,Happy,0.944718696310813,V22_CORRECT_V21_WRONG,True,True,True,False
public,1736,0,Angry,2,Fear,0.8499829801907016,0,Angry,0.8992457623113006,V22_CORRECT_V21_WRONG,True,True,True,False
public,1746,4,Sad,2,Fear,0.6279589242885529,4,Sad,0.9466987052892888,V22_CORRECT_V21_WRONG,True,True,True,False
public,1755,2,Fear,4,Sad,0.6189026888255408,2,Fear,0.9125054855293588,V22_CORRECT_V21_WRONG,True,True,True,False
public,1756,2,Fear,0,Angry,0.7222655035967587,2,Fear,0.5430298853782735,V22_CORRECT_V21_WRONG,True,True,True,False
public,1757,4,Sad,6,Neutral,0.8277271126551877,4,Sad,0.8469143179997238,V22_CORRECT_V21_WRONG,True,True,True,False
public,1759,2,Fear,2,Fear,0.7861611154079641,5,Surprise,0.9114350813405314,V21_CORRECT_V22_WRONG,True,True,True,False
public,1760,4,Sad,2,Fear,0.7528788132503946,4,Sad,0.6817531366792302,V22_CORRECT_V21_WRONG,True,True,True,False
public,1761,0,Angry,4,Sad,0.6490656120171505,0,Angry,0.7875271461416973,V22_CORRECT_V21_WRONG,True,True,True,False
public,1762,3,Happy,3,Happy,0.5773752382140696,4,Sad,0.9318039563701681,V21_CORRECT_V22_WRONG,True,True,True,False
public,1764,4,Sad,4,Sad,0.8683744394458853,2,Fear,0.4740947217935537,V21_CORRECT_V22_WRONG,True,True,True,False
public,1794,0,Angry,4,Sad,0.662716961745599,0,Angry,0.5573016976197047,V22_CORRECT_V21_WRONG,True,True,True,False
public,1795,4,Sad,4,Sad,0.42558987315526725,0,Angry,0.8662545696805469,V21_CORRECT_V22_WRONG,True,True,True,False
public,1800,0,Angry,3,Happy,0.738343808492716,0,Angry,0.9240077003541101,V22_CORRECT_V21_WRONG,True,True,True,False
public,1806,6,Neutral,6,Neutral,0.8975651780497541,3,Happy,0.6094757008728516,V21_CORRECT_V22_WRONG,True,True,True,False
public,1810,4,Sad,4,Sad,0.7168359374453863,2,Fear,0.9241079993116824,V21_CORRECT_V22_WRONG,True,True,True,False
public,1813,6,Neutral,6,Neutral,0.7518913503023392,0,Angry,0.5642738849368129,V21_CORRECT_V22_WRONG,True,True,True,False
public,1814,4,Sad,1,Disgust,0.9672900349604192,4,Sad,0.7776625921048792,V22_CORRECT_V21_WRONG,True,True,True,False
public,1820,4,Sad,6,Neutral,0.9136945278722509,4,Sad,0.9424965627122598,V22_CORRECT_V21_WRONG,True,True,True,False
public,1824,3,Happy,3,Happy,0.9596366272278474,0,Angry,0.8422071815376327,V21_CORRECT_V22_WRONG,True,True,True,False
public,1825,6,Neutral,4,Sad,0.4852275148077683,6,Neutral,0.9504716528553668,V22_CORRECT_V21_WRONG,True,True,True,False
public,1827,3,Happy,3,Happy,0.3365934941900646,6,Neutral,0.7064818496380878,V21_CORRECT_V22_WRONG,True,True,False,False
public,1833,3,Happy,0,Angry,0.3954209778951192,3,Happy,0.8828928257853595,V22_CORRECT_V21_WRONG,True,True,True,False
public,1837,6,Neutral,4,Sad,0.5155820005675869,6,Neutral,0.6870892002286152,V22_CORRECT_V21_WRONG,True,True,True,False
public,1844,6,Neutral,4,Sad,0.9266124867582748,6,Neutral,0.4771035805136555,V22_CORRECT_V21_WRONG,True,True,True,False
public,1845,3,Happy,3,Happy,0.954610341476158,6,Neutral,0.5709357598859043,V21_CORRECT_V22_WRONG,True,True,True,False
public,1848,4,Sad,4,Sad,0.39944055590086425,2,Fear,0.8900900734822333,V21_CORRECT_V22_WRONG,True,True,True,False
public,1853,2,Fear,2,Fear,0.848390361979327,4,Sad,0.9550001503369263,V21_CORRECT_V22_WRONG,True,True,True,False
public,1854,0,Angry,6,Neutral,0.8360299685343743,0,Angry,0.9253402959388192,V22_CORRECT_V21_WRONG,True,True,True,False
public,1856,4,Sad,2,Fear,0.9644112691248741,4,Sad,0.9213686619083115,V22_CORRECT_V21_WRONG,True,True,True,False
public,1857,6,Neutral,3,Happy,0.5683827735861394,6,Neutral,0.7212926865080447,V22_CORRECT_V21_WRONG,True,True,True,False
public,1875,0,Angry,0,Angry,0.8060569910605089,3,Happy,0.7898877758575062,V21_CORRECT_V22_WRONG,True,True,True,False
public,1882,5,Surprise,3,Happy,0.8155282485562917,5,Surprise,0.5677237589210123,V22_CORRECT_V21_WRONG,True,True,True,False
public,1892,1,Disgust,0,Angry,0.9518181670463429,1,Disgust,0.9629442181359003,V22_CORRECT_V21_WRONG,True,True,True,False
public,1893,4,Sad,1,Disgust,0.9659069886645152,4,Sad,0.935827702879224,V22_CORRECT_V21_WRONG,True,True,True,False
public,1898,4,Sad,6,Neutral,0.5167512845092329,4,Sad,0.578770801356249,V22_CORRECT_V21_WRONG,True,True,True,False
public,1901,3,Happy,6,Neutral,0.45423954812434314,3,Happy,0.7493690399777907,V22_CORRECT_V21_WRONG,True,True,True,False
public,1909,6,Neutral,6,Neutral,0.8200425346477619,2,Fear,0.5046018858917062,V21_CORRECT_V22_WRONG,True,True,True,False
public,1911,5,Surprise,5,Surprise,0.9306422258058061,2,Fear,0.5535522550996229,V21_CORRECT_V22_WRONG,True,True,True,False
public,1928,3,Happy,0,Angry,0.6958665580436783,3,Happy,0.963797271159109,V22_CORRECT_V21_WRONG,True,True,True,False
public,1930,1,Disgust,1,Disgust,0.789026320914556,0,Angry,0.871964769081252,V21_CORRECT_V22_WRONG,True,True,False,False
public,1936,4,Sad,4,Sad,0.5099338932023753,6,Neutral,0.946347734771755,V21_CORRECT_V22_WRONG,True,True,False,False
public,1939,5,Surprise,2,Fear,0.5100377271589609,5,Surprise,0.9570977281324784,V22_CORRECT_V21_WRONG,True,True,True,False
public,1941,4,Sad,3,Happy,0.42520347683679655,4,Sad,0.9576052859447401,V22_CORRECT_V21_WRONG,True,True,True,False
public,1946,4,Sad,0,Angry,0.7122679750926315,4,Sad,0.5679262089696469,V22_CORRECT_V21_WRONG,True,True,True,False
public,1947,4,Sad,4,Sad,0.7133590086975873,2,Fear,0.9683035787299122,V21_CORRECT_V22_WRONG,True,True,True,False
public,1948,2,Fear,4,Sad,0.6391822542168389,2,Fear,0.42248278343157275,V22_CORRECT_V21_WRONG,True,True,True,False
public,1950,4,Sad,4,Sad,0.6636077584077891,3,Happy,0.9201825300499921,V21_CORRECT_V22_WRONG,True,True,True,False
public,1956,4,Sad,0,Angry,0.5022060087770768,4,Sad,0.9243063735810996,V22_CORRECT_V21_WRONG,True,True,True,False
public,1961,3,Happy,6,Neutral,0.7696782345792909,3,Happy,0.6731349616000749,V22_CORRECT_V21_WRONG,True,True,True,False
public,1962,4,Sad,2,Fear,0.5060180251337728,4,Sad,0.9152688814569502,V22_CORRECT_V21_WRONG,True,True,True,False
public,1967,3,Happy,3,Happy,0.8753289121255634,6,Neutral,0.7407035391279123,V21_CORRECT_V22_WRONG,True,True,True,False
public,1968,6,Neutral,6,Neutral,0.8071518665976674,3,Happy,0.8045581739166318,V21_CORRECT_V22_WRONG,True,True,True,False
public,1977,6,Neutral,4,Sad,0.5142156426914041,6,Neutral,0.7148736151490448,V22_CORRECT_V21_WRONG,True,True,True,False
public,1983,6,Neutral,6,Neutral,0.928227635351762,0,Angry,0.5499990693752712,V21_CORRECT_V22_WRONG,True,True,True,False
public,1991,3,Happy,3,Happy,0.8208012531017148,5,Surprise,0.7224557175419553,V21_CORRECT_V22_WRONG,True,True,True,False
public,1992,4,Sad,6,Neutral,0.9158866640778611,4,Sad,0.836180126154333,V22_CORRECT_V21_WRONG,True,True,True,False
public,2006,4,Sad,4,Sad,0.7818215979686869,6,Neutral,0.4395704691836275,V21_CORRECT_V22_WRONG,True,True,True,False
public,2009,6,Neutral,6,Neutral,0.9243256223238481,2,Fear,0.8863360853473442,V21_CORRECT_V22_WRONG,True,True,True,False
public,2013,6,Neutral,4,Sad,0.8625815142790452,6,Neutral,0.5140049350476076,V22_CORRECT_V21_WRONG,True,True,True,False
public,2022,4,Sad,2,Fear,0.9595339889713935,4,Sad,0.9541484038631938,V22_CORRECT_V21_WRONG,True,True,True,False
public,2027,6,Neutral,6,Neutral,0.7391331477992793,0,Angry,0.9584327198165499,V21_CORRECT_V22_WRONG,True,True,True,False
public,2045,2,Fear,2,Fear,0.3958113030443848,6,Neutral,0.7216446055965542,V21_CORRECT_V22_WRONG,True,True,True,False
public,2053,6,Neutral,6,Neutral,0.5663116249591442,4,Sad,0.896483763619032,V21_CORRECT_V22_WRONG,True,True,True,False
public,2054,4,Sad,4,Sad,0.5134538882665023,6,Neutral,0.7765604738547368,V21_CORRECT_V22_WRONG,True,True,True,False
public,2055,4,Sad,2,Fear,0.877367552874628,4,Sad,0.8457885049129346,V22_CORRECT_V21_WRONG,True,True,True,False
public,2057,6,Neutral,6,Neutral,0.5200186184663467,4,Sad,0.8411429064418185,V21_CORRECT_V22_WRONG,True,True,True,False
public,2063,3,Happy,3,Happy,0.9541471669089245,0,Angry,0.5836004706054553,V21_CORRECT_V22_WRONG,True,True,True,False
public,2065,2,Fear,2,Fear,0.698683878237867,0,Angry,0.6440618470598267,V21_CORRECT_V22_WRONG,True,True,True,False
public,2066,6,Neutral,0,Angry,0.5829496841461073,6,Neutral,0.9040852912723427,V22_CORRECT_V21_WRONG,True,True,True,False
public,2068,3,Happy,3,Happy,0.93841871835453,2,Fear,0.8928974336310862,V21_CORRECT_V22_WRONG,True,True,True,False
public,2080,4,Sad,4,Sad,0.6469532098341324,0,Angry,0.8948144045384152,V21_CORRECT_V22_WRONG,True,True,True,False
public,2082,4,Sad,2,Fear,0.8148311530831641,4,Sad,0.9595686174211477,V22_CORRECT_V21_WRONG,True,True,True,False
public,2084,3,Happy,3,Happy,0.8205926989079098,6,Neutral,0.518843889608614,V21_CORRECT_V22_WRONG,True,True,True,False
public,2091,4,Sad,6,Neutral,0.8805983160153221,4,Sad,0.6249471085935622,V22_CORRECT_V21_WRONG,True,True,True,False
public,2094,2,Fear,6,Neutral,0.7002350508424785,2,Fear,0.5743515475101397,V22_CORRECT_V21_WRONG,True,True,True,False
public,2099,3,Happy,3,Happy,0.9368410375529753,0,Angry,0.6457751514350437,V21_CORRECT_V22_WRONG,True,True,True,False
public,2100,6,Neutral,6,Neutral,0.39470841127246437,4,Sad,0.8707361456091689,V21_CORRECT_V22_WRONG,True,True,True,False
public,2101,4,Sad,0,Angry,0.4778451393991485,4,Sad,0.9589708175931856,V22_CORRECT_V21_WRONG,True,True,True,False
public,2106,0,Angry,4,Sad,0.7651256138358068,0,Angry,0.7380192655521339,V22_CORRECT_V21_WRONG,True,True,True,False
public,2125,0,Angry,2,Fear,0.4904140507191495,0,Angry,0.9150081577707702,V22_CORRECT_V21_WRONG,True,True,True,False
public,2130,4,Sad,6,Neutral,0.43326994814924646,4,Sad,0.5974602017795931,V22_CORRECT_V21_WRONG,True,True,True,False
public,2151,6,Neutral,0,Angry,0.7113641148921535,6,Neutral,0.9529361208384699,V22_CORRECT_V21_WRONG,True,True,True,False
public,2159,5,Surprise,5,Surprise,0.927437877736744,4,Sad,0.9503587898018393,V21_CORRECT_V22_WRONG,True,True,True,False
public,2179,6,Neutral,6,Neutral,0.8503927432097338,4,Sad,0.8500093204606323,V21_CORRECT_V22_WRONG,True,True,True,False
public,2189,4,Sad,4,Sad,0.7225983231174148,6,Neutral,0.3405859490017129,V21_CORRECT_V22_WRONG,True,True,True,False
public,2191,4,Sad,0,Angry,0.8384228938191863,4,Sad,0.39346731927416545,V22_CORRECT_V21_WRONG,True,True,True,False
public,2192,0,Angry,1,Disgust,0.7721069107062316,0,Angry,0.9585073334768038,V22_CORRECT_V21_WRONG,True,True,True,False
public,2196,0,Angry,0,Angry,0.7460569595671546,6,Neutral,0.5965302215627593,V21_CORRECT_V22_WRONG,True,True,True,False
public,2197,3,Happy,3,Happy,0.9264825334784126,2,Fear,0.4348905095131506,V21_CORRECT_V22_WRONG,True,True,True,False
public,2210,4,Sad,2,Fear,0.9106745961184001,4,Sad,0.9610552892643176,V22_CORRECT_V21_WRONG,True,True,True,False
public,2215,5,Surprise,3,Happy,0.6040121579939713,5,Surprise,0.8628571592694385,V22_CORRECT_V21_WRONG,True,True,True,False
public,2217,6,Neutral,4,Sad,0.8931270196850682,6,Neutral,0.5874216532071466,V22_CORRECT_V21_WRONG,True,True,True,False
public,2218,4,Sad,6,Neutral,0.5819985445593616,4,Sad,0.5867214330786457,V22_CORRECT_V21_WRONG,True,True,True,False
public,2222,0,Angry,2,Fear,0.7753099539045121,0,Angry,0.7975014979395226,V22_CORRECT_V21_WRONG,True,True,True,False
public,2241,4,Sad,6,Neutral,0.5132445720201958,4,Sad,0.8974335562077456,V22_CORRECT_V21_WRONG,True,True,True,False
public,2245,6,Neutral,6,Neutral,0.8773035494261888,3,Happy,0.8497828038792189,V21_CORRECT_V22_WRONG,True,True,True,False
public,2257,2,Fear,6,Neutral,0.7851398354778751,2,Fear,0.6414545180614494,V22_CORRECT_V21_WRONG,True,True,True,False
public,2259,4,Sad,4,Sad,0.5467735046526078,0,Angry,0.864303039415501,V21_CORRECT_V22_WRONG,True,True,True,False
public,2260,4,Sad,4,Sad,0.5813069180543852,3,Happy,0.7777888475778517,V21_CORRECT_V22_WRONG,True,True,True,False
public,2265,3,Happy,3,Happy,0.9263334779944276,6,Neutral,0.6838753403881108,V21_CORRECT_V22_WRONG,True,True,True,False
public,2278,6,Neutral,6,Neutral,0.88870109685186,4,Sad,0.755515249225585,V21_CORRECT_V22_WRONG,True,True,True,False
public,2281,6,Neutral,6,Neutral,0.8682532282977085,3,Happy,0.4972056247885566,V21_CORRECT_V22_WRONG,True,True,True,False
public,2283,6,Neutral,3,Happy,0.5841365467220099,6,Neutral,0.8509150689126304,V22_CORRECT_V21_WRONG,True,True,True,False
public,2288,6,Neutral,6,Neutral,0.563084859955213,4,Sad,0.7233899598795863,V21_CORRECT_V22_WRONG,True,True,True,False
public,2289,6,Neutral,5,Surprise,0.9234774714167653,6,Neutral,0.7288541711076683,V22_CORRECT_V21_WRONG,True,True,True,False
public,2293,4,Sad,2,Fear,0.566953323376777,4,Sad,0.3870338503421903,V22_CORRECT_V21_WRONG,True,True,False,False
public,2301,3,Happy,3,Happy,0.4753208094524857,6,Neutral,0.7196153112216841,V21_CORRECT_V22_WRONG,True,True,True,False
public,2306,2,Fear,0,Angry,0.47992635306452747,2,Fear,0.9603396907278662,V22_CORRECT_V21_WRONG,True,True,True,False
public,2313,3,Happy,0,Angry,0.9271832481300499,3,Happy,0.9469490879773014,V22_CORRECT_V21_WRONG,True,True,True,False
public,2317,6,Neutral,4,Sad,0.6509738746433761,6,Neutral,0.5540676452071733,V22_CORRECT_V21_WRONG,True,True,True,False
public,2322,0,Angry,1,Disgust,0.6549086287248346,0,Angry,0.9530038263984928,V22_CORRECT_V21_WRONG,True,True,True,False
public,2323,4,Sad,6,Neutral,0.5404427002900635,4,Sad,0.78354327829701,V22_CORRECT_V21_WRONG,True,True,True,False
public,2331,4,Sad,4,Sad,0.381735555504412,3,Happy,0.8896656363005596,V21_CORRECT_V22_WRONG,True,True,True,False
public,2357,3,Happy,6,Neutral,0.6363588777666331,3,Happy,0.7872663120032607,V22_CORRECT_V21_WRONG,True,True,True,False
public,2360,0,Angry,0,Angry,0.6706909523523779,6,Neutral,0.8193026703931946,V21_CORRECT_V22_WRONG,True,True,True,False
public,2365,3,Happy,6,Neutral,0.8850764880864869,3,Happy,0.9095505584718825,V22_CORRECT_V21_WRONG,True,True,True,False
public,2372,0,Angry,6,Neutral,0.8908116560902894,0,Angry,0.8182155061793618,V22_CORRECT_V21_WRONG,True,True,True,False
public,2379,0,Angry,0,Angry,0.7834866927088507,4,Sad,0.7080025667684724,V21_CORRECT_V22_WRONG,True,True,True,False
public,2385,4,Sad,4,Sad,0.9420867888974979,3,Happy,0.6507578586800977,V21_CORRECT_V22_WRONG,True,True,True,False
public,2389,0,Angry,0,Angry,0.3626501786195119,4,Sad,0.5143071673362305,V21_CORRECT_V22_WRONG,True,True,True,False
public,2390,4,Sad,4,Sad,0.494896477415709,0,Angry,0.6719207803914853,V21_CORRECT_V22_WRONG,True,True,True,False
public,2396,2,Fear,0,Angry,0.7953965768700099,2,Fear,0.5995538468225857,V22_CORRECT_V21_WRONG,True,True,True,False
public,2397,3,Happy,3,Happy,0.8387562942798231,2,Fear,0.5723305718973809,V21_CORRECT_V22_WRONG,True,True,True,False
public,2398,2,Fear,2,Fear,0.7840591048980691,6,Neutral,0.4185054953937099,V21_CORRECT_V22_WRONG,True,True,True,False
public,2401,6,Neutral,6,Neutral,0.9235089744836185,4,Sad,0.9468011792510704,V21_CORRECT_V22_WRONG,True,True,True,False
public,2404,4,Sad,4,Sad,0.7961310782640946,2,Fear,0.5140541679832978,V21_CORRECT_V22_WRONG,True,True,True,False
public,2405,2,Fear,2,Fear,0.5315925085651747,6,Neutral,0.6747950925459497,V21_CORRECT_V22_WRONG,True,True,True,False
public,2408,4,Sad,4,Sad,0.7112435903212723,1,Disgust,0.377072371332468,V21_CORRECT_V22_WRONG,True,True,True,False
public,2411,0,Angry,4,Sad,0.8390543550299687,0,Angry,0.8329785678094181,V22_CORRECT_V21_WRONG,True,True,True,False
public,2413,2,Fear,2,Fear,0.6631828548010021,5,Surprise,0.9619392221032527,V21_CORRECT_V22_WRONG,True,True,True,False
public,2424,3,Happy,3,Happy,0.9332211076241401,5,Surprise,0.7964013846217237,V21_CORRECT_V22_WRONG,True,True,False,False
public,2447,4,Sad,4,Sad,0.44719714169843844,1,Disgust,0.42959282551252537,V21_CORRECT_V22_WRONG,True,True,True,False
public,2456,3,Happy,3,Happy,0.5390075718986603,4,Sad,0.5048880106240758,V21_CORRECT_V22_WRONG,True,True,True,False
public,2457,4,Sad,0,Angry,0.9100469901716433,4,Sad,0.9521896501990881,V22_CORRECT_V21_WRONG,True,True,True,False
public,2458,3,Happy,5,Surprise,0.6164887018628933,3,Happy,0.5711235871209679,V22_CORRECT_V21_WRONG,True,True,True,False
public,2465,4,Sad,4,Sad,0.6532522568224018,2,Fear,0.8734966155072954,V21_CORRECT_V22_WRONG,True,True,True,False
public,2471,6,Neutral,4,Sad,0.5399365274222583,6,Neutral,0.9499486214921944,V22_CORRECT_V21_WRONG,True,True,True,False
public,2472,5,Surprise,5,Surprise,0.8131583003379658,6,Neutral,0.6353273295540064,V21_CORRECT_V22_WRONG,True,True,True,False
public,2473,4,Sad,2,Fear,0.706731447397578,4,Sad,0.8931577449913465,V22_CORRECT_V21_WRONG,True,True,True,False
public,2477,4,Sad,5,Surprise,0.6900897612006369,4,Sad,0.8903414691924009,V22_CORRECT_V21_WRONG,True,True,True,False
public,2484,0,Angry,0,Angry,0.9135798010425302,6,Neutral,0.5182671596686101,V21_CORRECT_V22_WRONG,True,True,True,False
public,2496,1,Disgust,1,Disgust,0.48425032844751215,5,Surprise,0.9108049224552629,V21_CORRECT_V22_WRONG,True,True,True,False
public,2498,0,Angry,3,Happy,0.9483436950526658,0,Angry,0.9533898286066844,V22_CORRECT_V21_WRONG,True,True,True,False
public,2502,6,Neutral,6,Neutral,0.8243385163101801,0,Angry,0.6709462171191742,V21_CORRECT_V22_WRONG,True,True,True,False
public,2516,4,Sad,4,Sad,0.8441949512604011,6,Neutral,0.7611903312013402,V21_CORRECT_V22_WRONG,True,True,True,False
public,2518,4,Sad,6,Neutral,0.5575127555667817,4,Sad,0.8480263837801335,V22_CORRECT_V21_WRONG,True,True,True,False
public,2519,2,Fear,5,Surprise,0.9115327423921469,2,Fear,0.9135177737125,V22_CORRECT_V21_WRONG,True,True,True,False
public,2539,4,Sad,3,Happy,0.6827241666616481,4,Sad,0.9427351143291374,V22_CORRECT_V21_WRONG,True,True,True,False
public,2545,2,Fear,2,Fear,0.5142643790788134,6,Neutral,0.42108902739784654,V21_CORRECT_V22_WRONG,True,True,True,False
public,2550,2,Fear,4,Sad,0.9073478727031387,2,Fear,0.6979659931218034,V22_CORRECT_V21_WRONG,True,True,True,False
public,2555,6,Neutral,6,Neutral,0.9591464618351015,4,Sad,0.3852661009337621,V21_CORRECT_V22_WRONG,True,True,True,False
public,2562,0,Angry,3,Happy,0.9343456055037176,0,Angry,0.726047130180937,V22_CORRECT_V21_WRONG,True,True,True,False
public,2573,3,Happy,6,Neutral,0.7562099374959771,3,Happy,0.5265336902970152,V22_CORRECT_V21_WRONG,True,True,True,False
public,2575,6,Neutral,6,Neutral,0.915035390729225,3,Happy,0.8021879649822053,V21_CORRECT_V22_WRONG,True,True,True,False
public,2577,2,Fear,0,Angry,0.47992635306452747,2,Fear,0.9603396907278662,V22_CORRECT_V21_WRONG,True,True,True,False
public,2578,6,Neutral,6,Neutral,0.923317554886494,4,Sad,0.5949173206687324,V21_CORRECT_V22_WRONG,True,True,True,False
public,2586,3,Happy,0,Angry,0.9398583897769568,3,Happy,0.8869886010569306,V22_CORRECT_V21_WRONG,True,True,True,False
public,2604,4,Sad,4,Sad,0.7670735214561356,6,Neutral,0.8665403054710377,V21_CORRECT_V22_WRONG,True,True,True,False
public,2616,4,Sad,4,Sad,0.7111610383125679,2,Fear,0.9466630703359641,V21_CORRECT_V22_WRONG,True,True,True,False
public,2617,4,Sad,4,Sad,0.8962869229869066,3,Happy,0.7251881844206055,V21_CORRECT_V22_WRONG,True,True,True,False
public,2618,4,Sad,0,Angry,0.9525777911725826,4,Sad,0.7081244505103389,V22_CORRECT_V21_WRONG,True,True,True,False
public,2619,4,Sad,4,Sad,0.8090366172006107,6,Neutral,0.5031934873984747,V21_CORRECT_V22_WRONG,True,True,True,False
public,2626,3,Happy,6,Neutral,0.7132608188913736,3,Happy,0.8561618942399334,V22_CORRECT_V21_WRONG,True,True,True,False
public,2628,0,Angry,3,Happy,0.46342149041854586,0,Angry,0.8304962434791946,V22_CORRECT_V21_WRONG,True,True,True,False
public,2629,0,Angry,2,Fear,0.43076324527556586,0,Angry,0.8699892060591111,V22_CORRECT_V21_WRONG,True,True,True,False
public,2632,2,Fear,2,Fear,0.9153203645325162,0,Angry,0.9635397295038973,V21_CORRECT_V22_WRONG,True,True,True,False
public,2635,6,Neutral,6,Neutral,0.3588182610751309,4,Sad,0.9211150603163931,V21_CORRECT_V22_WRONG,True,True,True,False
public,2642,4,Sad,4,Sad,0.9112237459116531,3,Happy,0.8730971969151846,V21_CORRECT_V22_WRONG,True,True,True,False
public,2648,2,Fear,2,Fear,0.630744950062265,3,Happy,0.5987065539760977,V21_CORRECT_V22_WRONG,True,True,True,False
public,2665,3,Happy,3,Happy,0.5409342864851864,2,Fear,0.9411655579829062,V21_CORRECT_V22_WRONG,True,True,True,False
public,2669,0,Angry,0,Angry,0.627836180373397,2,Fear,0.7513398114124118,V21_CORRECT_V22_WRONG,True,True,True,False
public,2676,3,Happy,3,Happy,0.9075711340815875,6,Neutral,0.9191255926153011,V21_CORRECT_V22_WRONG,True,True,True,False
public,2678,4,Sad,4,Sad,0.4040107479564951,6,Neutral,0.5889426855615332,V21_CORRECT_V22_WRONG,True,True,True,False
public,2687,2,Fear,0,Angry,0.4556932611176289,2,Fear,0.750380361523956,V22_CORRECT_V21_WRONG,True,True,True,False
public,2691,1,Disgust,1,Disgust,0.7169982968607711,2,Fear,0.7333792796857385,V21_CORRECT_V22_WRONG,True,True,False,False
public,2694,2,Fear,6,Neutral,0.6552598098093392,2,Fear,0.7759435999774791,V22_CORRECT_V21_WRONG,True,True,True,False
public,2697,4,Sad,6,Neutral,0.8258515314495384,4,Sad,0.7245197875883738,V22_CORRECT_V21_WRONG,True,True,True,False
public,2700,4,Sad,0,Angry,0.7005479014592615,4,Sad,0.9259827117940881,V22_CORRECT_V21_WRONG,True,True,True,False
public,2708,4,Sad,4,Sad,0.802971439383668,2,Fear,0.765347040250172,V21_CORRECT_V22_WRONG,True,True,True,False
public,2715,4,Sad,2,Fear,0.7484425145318664,4,Sad,0.9584289813705688,V22_CORRECT_V21_WRONG,True,True,True,False
public,2716,6,Neutral,0,Angry,0.8621557737811738,6,Neutral,0.8189492240029826,V22_CORRECT_V21_WRONG,True,True,True,False
public,2721,0,Angry,0,Angry,0.7655434338465746,2,Fear,0.7855927685037717,V21_CORRECT_V22_WRONG,True,True,True,False
public,2722,4,Sad,0,Angry,0.9408391934208247,4,Sad,0.5613127156002352,V22_CORRECT_V21_WRONG,True,True,True,False
public,2725,4,Sad,3,Happy,0.8768832004659713,4,Sad,0.33473979949698207,V22_CORRECT_V21_WRONG,True,True,True,False
public,2729,3,Happy,6,Neutral,0.4723465178608876,3,Happy,0.9268490222414576,V22_CORRECT_V21_WRONG,True,True,True,False
public,2731,3,Happy,3,Happy,0.9340492113420645,6,Neutral,0.8575890393778,V21_CORRECT_V22_WRONG,True,True,True,False
public,2736,0,Angry,6,Neutral,0.6982023634602822,0,Angry,0.42682420983133695,V22_CORRECT_V21_WRONG,True,True,True,False
public,2746,4,Sad,3,Happy,0.6981410225092743,4,Sad,0.8815557818621471,V22_CORRECT_V21_WRONG,True,True,True,False
public,2751,4,Sad,2,Fear,0.9307192354664134,4,Sad,0.9459488684734072,V22_CORRECT_V21_WRONG,True,True,True,False
public,2757,6,Neutral,6,Neutral,0.9110088851419278,4,Sad,0.9479542473293867,V21_CORRECT_V22_WRONG,True,True,True,False
public,2772,2,Fear,6,Neutral,0.586711420832153,2,Fear,0.5854380750393725,V22_CORRECT_V21_WRONG,True,True,True,False
public,2776,0,Angry,2,Fear,0.5391496315717652,0,Angry,0.7548538450053135,V22_CORRECT_V21_WRONG,True,True,True,False
public,2794,4,Sad,4,Sad,0.9207011201451895,0,Angry,0.8567928479851105,V21_CORRECT_V22_WRONG,True,True,True,False
public,2808,6,Neutral,6,Neutral,0.8123049980558492,3,Happy,0.6443542570522489,V21_CORRECT_V22_WRONG,True,True,True,False
public,2817,2,Fear,2,Fear,0.5646793989557657,4,Sad,0.5903015447103703,V21_CORRECT_V22_WRONG,True,True,True,False
public,2820,0,Angry,0,Angry,0.6575221978306911,2,Fear,0.4741523559993322,V21_CORRECT_V22_WRONG,True,True,True,False
public,2821,0,Angry,5,Surprise,0.9175028036625618,0,Angry,0.5400723212192101,V22_CORRECT_V21_WRONG,True,True,True,False
public,2827,4,Sad,4,Sad,0.9439480915480384,2,Fear,0.40655021429496724,V21_CORRECT_V22_WRONG,True,True,False,False
public,2828,4,Sad,6,Neutral,0.8905225764987218,4,Sad,0.6508266673143339,V22_CORRECT_V21_WRONG,True,True,True,False
public,2835,0,Angry,5,Surprise,0.4572088562867433,0,Angry,0.8061034841099933,V22_CORRECT_V21_WRONG,True,True,True,False
public,2838,4,Sad,0,Angry,0.6597550923113172,4,Sad,0.6843999468805985,V22_CORRECT_V21_WRONG,True,True,True,False
public,2853,2,Fear,1,Disgust,0.9635951044919336,2,Fear,0.9640859823939814,V22_CORRECT_V21_WRONG,True,True,True,False
public,2865,3,Happy,0,Angry,0.8635148839892463,3,Happy,0.9027590735885971,V22_CORRECT_V21_WRONG,True,True,True,False
public,2874,4,Sad,4,Sad,0.9018501063140887,2,Fear,0.4755169746295523,V21_CORRECT_V22_WRONG,True,True,True,False
public,2876,4,Sad,6,Neutral,0.814757483930403,4,Sad,0.6717505114197212,V22_CORRECT_V21_WRONG,True,True,True,False
public,2880,0,Angry,0,Angry,0.8349087344598806,2,Fear,0.4909633014124084,V21_CORRECT_V22_WRONG,True,True,True,False
public,2889,3,Happy,5,Surprise,0.5593724277568762,3,Happy,0.8869539722742112,V22_CORRECT_V21_WRONG,True,True,True,False
public,2902,0,Angry,4,Sad,0.4266485192049588,0,Angry,0.7399433229660595,V22_CORRECT_V21_WRONG,True,True,True,False
public,2906,4,Sad,0,Angry,0.7319060825276864,4,Sad,0.46161555440940333,V22_CORRECT_V21_WRONG,True,True,True,False
public,2907,4,Sad,4,Sad,0.6403263608202368,2,Fear,0.47785291609817493,V21_CORRECT_V22_WRONG,True,True,True,False
public,2922,5,Surprise,5,Surprise,0.4624911159294355,2,Fear,0.5380130909149217,V21_CORRECT_V22_WRONG,True,True,False,False
public,2926,0,Angry,6,Neutral,0.40469989618802976,0,Angry,0.5104789644075453,V22_CORRECT_V21_WRONG,True,True,True,False
public,2927,3,Happy,3,Happy,0.9658351217984366,4,Sad,0.917385776632806,V21_CORRECT_V22_WRONG,True,True,True,False
public,2939,0,Angry,0,Angry,0.9576886427822998,3,Happy,0.5763038154019503,V21_CORRECT_V22_WRONG,True,True,True,False
public,2940,6,Neutral,4,Sad,0.5427727335081469,6,Neutral,0.8235401025281154,V22_CORRECT_V21_WRONG,True,True,True,False
public,2949,6,Neutral,4,Sad,0.8685331304353829,6,Neutral,0.89996167086309,V22_CORRECT_V21_WRONG,True,True,True,False
public,2956,4,Sad,4,Sad,0.9602572684473553,3,Happy,0.9582715868770652,V21_CORRECT_V22_WRONG,True,True,True,False
public,2957,0,Angry,0,Angry,0.8969729671214873,2,Fear,0.9388166420420759,V21_CORRECT_V22_WRONG,True,True,True,False
public,2960,4,Sad,0,Angry,0.7816250229034539,4,Sad,0.8305841753898663,V22_CORRECT_V21_WRONG,True,True,True,False
public,2971,6,Neutral,0,Angry,0.8959687834593802,6,Neutral,0.8623075558528824,V22_CORRECT_V21_WRONG,True,True,True,False
public,2973,3,Happy,4,Sad,0.8589515381135812,3,Happy,0.6507114551496302,V22_CORRECT_V21_WRONG,True,True,True,False
public,2975,2,Fear,2,Fear,0.8839187064215615,0,Angry,0.6004120902966821,V21_CORRECT_V22_WRONG,True,True,True,False
public,2986,6,Neutral,6,Neutral,0.8530540994102664,1,Disgust,0.7470106266972668,V21_CORRECT_V22_WRONG,True,True,True,False
public,2987,3,Happy,4,Sad,0.8175046545143496,3,Happy,0.956399867757388,V22_CORRECT_V21_WRONG,True,True,True,False
public,2998,3,Happy,3,Happy,0.9062480044568212,4,Sad,0.880737681638852,V21_CORRECT_V22_WRONG,True,True,True,False
public,3002,0,Angry,0,Angry,0.9121882359823006,6,Neutral,0.469143463062564,V21_CORRECT_V22_WRONG,True,True,True,False
public,3004,6,Neutral,5,Surprise,0.9329633818702546,6,Neutral,0.8821177641605987,V22_CORRECT_V21_WRONG,True,True,True,False
public,3005,6,Neutral,6,Neutral,0.8970645085001274,4,Sad,0.7046053206520104,V21_CORRECT_V22_WRONG,True,True,True,False
public,3017,0,Angry,4,Sad,0.48562848553991866,0,Angry,0.5966839017866288,V22_CORRECT_V21_WRONG,True,True,True,False
public,3033,3,Happy,3,Happy,0.789999486713025,5,Surprise,0.5616759543327727,V21_CORRECT_V22_WRONG,True,True,True,False
public,3036,6,Neutral,3,Happy,0.7258017771997635,6,Neutral,0.49800776069486813,V22_CORRECT_V21_WRONG,True,True,True,False
public,3039,6,Neutral,3,Happy,0.6635929458504622,6,Neutral,0.7573675024979956,V22_CORRECT_V21_WRONG,True,True,True,False
public,3044,6,Neutral,6,Neutral,0.9111297220253757,4,Sad,0.7275308272613206,V21_CORRECT_V22_WRONG,True,True,True,False
public,3055,6,Neutral,4,Sad,0.6717480225794024,6,Neutral,0.7827218658760812,V22_CORRECT_V21_WRONG,True,True,True,False
public,3085,0,Angry,2,Fear,0.9074356871719438,0,Angry,0.8724231558394043,V22_CORRECT_V21_WRONG,True,True,True,False
public,3086,5,Surprise,5,Surprise,0.6950115103677451,2,Fear,0.711914222268518,V21_CORRECT_V22_WRONG,True,True,True,False
public,3091,2,Fear,2,Fear,0.8153225446087758,4,Sad,0.8995140988145008,V21_CORRECT_V22_WRONG,True,True,True,False
public,3095,2,Fear,2,Fear,0.7408613367623502,0,Angry,0.4818290202145787,V21_CORRECT_V22_WRONG,True,True,True,False
public,3097,3,Happy,3,Happy,0.9252177113094116,6,Neutral,0.7580471436315045,V21_CORRECT_V22_WRONG,True,True,True,False
public,3108,4,Sad,4,Sad,0.686516336878094,6,Neutral,0.8830378652999424,V21_CORRECT_V22_WRONG,True,True,True,False
public,3114,6,Neutral,6,Neutral,0.7218811505802224,4,Sad,0.8833099582975472,V21_CORRECT_V22_WRONG,True,True,True,False
public,3116,6,Neutral,4,Sad,0.45121493455250866,6,Neutral,0.4418059030952802,V22_CORRECT_V21_WRONG,True,True,True,False
public,3126,6,Neutral,4,Sad,0.6666126703766041,6,Neutral,0.9462644986121909,V22_CORRECT_V21_WRONG,True,True,True,False
public,3131,0,Angry,0,Angry,0.7427446231332957,4,Sad,0.6744762838742085,V21_CORRECT_V22_WRONG,True,True,True,False
public,3136,4,Sad,6,Neutral,0.8335593152699692,4,Sad,0.8019995041293398,V22_CORRECT_V21_WRONG,True,True,True,False
public,3145,6,Neutral,3,Happy,0.9134314161777746,6,Neutral,0.6657223988632701,V22_CORRECT_V21_WRONG,True,True,True,False
public,3155,2,Fear,2,Fear,0.9489622571925423,6,Neutral,0.524634895119392,V21_CORRECT_V22_WRONG,True,True,True,False
public,3158,0,Angry,0,Angry,0.6918864564936905,4,Sad,0.8482428901041601,V21_CORRECT_V22_WRONG,True,True,True,False
public,3166,5,Surprise,3,Happy,0.6235417545590802,5,Surprise,0.519664489022113,V22_CORRECT_V21_WRONG,True,True,True,False
public,3168,0,Angry,0,Angry,0.7938925312835448,5,Surprise,0.8489988405438624,V21_CORRECT_V22_WRONG,True,True,True,False
public,3169,6,Neutral,0,Angry,0.7172233832572503,6,Neutral,0.5684866653212144,V22_CORRECT_V21_WRONG,True,True,True,False
public,3172,4,Sad,0,Angry,0.7608719593264427,4,Sad,0.6650518080239632,V22_CORRECT_V21_WRONG,True,True,True,False
public,3176,2,Fear,5,Surprise,0.6119795092348381,2,Fear,0.7879228117867489,V22_CORRECT_V21_WRONG,True,True,True,False
public,3216,0,Angry,6,Neutral,0.8606779627673388,0,Angry,0.8237210325008806,V22_CORRECT_V21_WRONG,True,True,True,False
public,3219,0,Angry,0,Angry,0.7537996094577016,3,Happy,0.9596957009114527,V21_CORRECT_V22_WRONG,True,True,True,False
public,3220,3,Happy,5,Surprise,0.8641128272101953,3,Happy,0.6074339581441113,V22_CORRECT_V21_WRONG,True,True,True,False
public,3235,2,Fear,2,Fear,0.6237211426253603,5,Surprise,0.9459700148523792,V21_CORRECT_V22_WRONG,True,True,True,False
public,3237,0,Angry,0,Angry,0.6492810484933581,2,Fear,0.6106584853218128,V21_CORRECT_V22_WRONG,True,True,True,False
public,3243,3,Happy,5,Surprise,0.9053148979880988,3,Happy,0.9503496334571975,V22_CORRECT_V21_WRONG,True,True,True,False
public,3245,2,Fear,2,Fear,0.5063715397002355,0,Angry,0.6859574715937167,V21_CORRECT_V22_WRONG,True,True,True,False
public,3248,4,Sad,6,Neutral,0.6070393455284709,4,Sad,0.5098903064023983,V22_CORRECT_V21_WRONG,True,True,True,False
public,3249,3,Happy,4,Sad,0.8030240720867973,3,Happy,0.7824671621949215,V22_CORRECT_V21_WRONG,True,True,True,False
public,3253,3,Happy,6,Neutral,0.7494939433007057,3,Happy,0.914098088832085,V22_CORRECT_V21_WRONG,True,True,True,False
public,3265,6,Neutral,6,Neutral,0.6950505861826678,3,Happy,0.6187453870645274,V21_CORRECT_V22_WRONG,True,True,True,False
public,3279,4,Sad,2,Fear,0.8061916461421991,4,Sad,0.383904589057056,V22_CORRECT_V21_WRONG,True,True,True,False
public,3285,6,Neutral,4,Sad,0.9118889610473234,6,Neutral,0.8597868272177527,V22_CORRECT_V21_WRONG,True,True,True,False
public,3286,4,Sad,2,Fear,0.8892737311361588,4,Sad,0.9309475452291093,V22_CORRECT_V21_WRONG,True,True,True,False
public,3288,6,Neutral,6,Neutral,0.8484794115294121,2,Fear,0.6050380045208771,V21_CORRECT_V22_WRONG,True,True,True,False
public,3292,0,Angry,6,Neutral,0.9069273093912533,0,Angry,0.5373848369639791,V22_CORRECT_V21_WRONG,True,True,True,False
public,3298,2,Fear,2,Fear,0.9146515593948723,6,Neutral,0.4583695705246658,V21_CORRECT_V22_WRONG,True,True,True,False
public,3305,2,Fear,2,Fear,0.8955461903387065,0,Angry,0.47222640095336793,V21_CORRECT_V22_WRONG,True,True,True,False
public,3308,0,Angry,0,Angry,0.7607963259779327,4,Sad,0.698930380986234,V21_CORRECT_V22_WRONG,True,True,True,False
public,3317,4,Sad,6,Neutral,0.6510702657251215,4,Sad,0.8310135370408124,V22_CORRECT_V21_WRONG,True,True,True,False
public,3319,6,Neutral,4,Sad,0.7130536348265997,6,Neutral,0.6753860584840486,V22_CORRECT_V21_WRONG,True,True,True,False
public,3328,3,Happy,4,Sad,0.47998627527975085,3,Happy,0.5699731367472856,V22_CORRECT_V21_WRONG,True,True,True,False
public,3334,3,Happy,3,Happy,0.9377304482109191,6,Neutral,0.8218808224076222,V21_CORRECT_V22_WRONG,True,True,True,False
public,3335,4,Sad,2,Fear,0.6199143201638868,4,Sad,0.9484589243887789,V22_CORRECT_V21_WRONG,True,True,True,False
public,3344,2,Fear,4,Sad,0.39449994265377547,2,Fear,0.5543014690791348,V22_CORRECT_V21_WRONG,True,True,True,False
public,3348,5,Surprise,2,Fear,0.8281395349184469,5,Surprise,0.9170562584719621,V22_CORRECT_V21_WRONG,True,True,True,False
public,3363,0,Angry,0,Angry,0.80248489043756,3,Happy,0.4939575765773822,V21_CORRECT_V22_WRONG,True,True,True,False
public,3374,4,Sad,0,Angry,0.8008536308779816,4,Sad,0.9404289067526066,V22_CORRECT_V21_WRONG,True,True,True,False
public,3392,6,Neutral,0,Angry,0.6163983364478428,6,Neutral,0.9543278242845283,V22_CORRECT_V21_WRONG,True,True,True,False
public,3400,2,Fear,2,Fear,0.6767122894509005,6,Neutral,0.8110841878875222,V21_CORRECT_V22_WRONG,True,True,True,False
public,3402,2,Fear,4,Sad,0.8095113921102988,2,Fear,0.9275010101642286,V22_CORRECT_V21_WRONG,True,True,True,False
public,3409,6,Neutral,6,Neutral,0.8430210004543371,4,Sad,0.7641986557109636,V21_CORRECT_V22_WRONG,True,True,True,False
public,3413,6,Neutral,6,Neutral,0.89770793807891,0,Angry,0.8406940262354599,V21_CORRECT_V22_WRONG,True,True,True,False
public,3432,0,Angry,4,Sad,0.5745334122245483,0,Angry,0.49883471792141076,V22_CORRECT_V21_WRONG,True,True,True,False
public,3441,0,Angry,0,Angry,0.770759486152398,4,Sad,0.7726195907250625,V21_CORRECT_V22_WRONG,True,True,True,False
public,3448,4,Sad,4,Sad,0.9599831808229633,6,Neutral,0.5574683665908159,V21_CORRECT_V22_WRONG,True,True,True,False
public,3472,0,Angry,2,Fear,0.5674955093447334,0,Angry,0.9432255103201501,V22_CORRECT_V21_WRONG,True,True,True,False
public,3477,3,Happy,4,Sad,0.927671518007702,3,Happy,0.46057838945401347,V22_CORRECT_V21_WRONG,True,True,True,False
public,3481,4,Sad,2,Fear,0.9624975091472515,4,Sad,0.8389061865555711,V22_CORRECT_V21_WRONG,True,True,True,False
public,3486,4,Sad,6,Neutral,0.595544091299224,4,Sad,0.45893868418541367,V22_CORRECT_V21_WRONG,True,True,True,False
public,3490,3,Happy,4,Sad,0.8790730166188123,3,Happy,0.7945796516323744,V22_CORRECT_V21_WRONG,True,True,True,False
public,3493,4,Sad,4,Sad,0.6513763114764402,6,Neutral,0.9370938083758752,V21_CORRECT_V22_WRONG,True,True,True,False
public,3499,2,Fear,5,Surprise,0.8180174591901794,2,Fear,0.8711613405421624,V22_CORRECT_V21_WRONG,True,True,True,False
public,3500,4,Sad,0,Angry,0.8863326093353405,4,Sad,0.621660805947428,V22_CORRECT_V21_WRONG,True,True,True,False
public,3510,6,Neutral,6,Neutral,0.46912631918857295,0,Angry,0.635417134262126,V21_CORRECT_V22_WRONG,True,True,True,False
public,3514,0,Angry,0,Angry,0.5784280272605509,4,Sad,0.4882290261603664,V21_CORRECT_V22_WRONG,True,True,True,False
public,3517,4,Sad,6,Neutral,0.9204958508538735,4,Sad,0.8790361483032006,V22_CORRECT_V21_WRONG,True,True,True,False
public,3520,2,Fear,6,Neutral,0.4533878414359241,2,Fear,0.8726120312046632,V22_CORRECT_V21_WRONG,True,True,True,False
public,3521,6,Neutral,4,Sad,0.8899604135111838,6,Neutral,0.53904662102854,V22_CORRECT_V21_WRONG,True,True,True,False
public,3525,4,Sad,4,Sad,0.7372539123493023,2,Fear,0.5032309811669284,V21_CORRECT_V22_WRONG,True,True,True,False
public,3528,5,Surprise,5,Surprise,0.660844649030615,2,Fear,0.7669416697035756,V21_CORRECT_V22_WRONG,True,True,True,False
public,3531,0,Angry,0,Angry,0.4735886591253939,4,Sad,0.8771500736374185,V21_CORRECT_V22_WRONG,True,True,True,False
public,3541,2,Fear,6,Neutral,0.7859667602955847,2,Fear,0.9689129928374122,V22_CORRECT_V21_WRONG,True,True,True,False
public,3547,4,Sad,4,Sad,0.7060255794925819,2,Fear,0.5706707920587618,V21_CORRECT_V22_WRONG,True,True,True,False
public,3548,3,Happy,4,Sad,0.28678856352049514,3,Happy,0.9635798791326341,V22_CORRECT_V21_WRONG,True,True,True,False
public,3557,5,Surprise,5,Surprise,0.8672041021754705,2,Fear,0.6410568205451701,V21_CORRECT_V22_WRONG,True,True,True,False
public,3560,6,Neutral,6,Neutral,0.8881274984786324,4,Sad,0.9048376941071266,V21_CORRECT_V22_WRONG,True,True,True,False
public,3566,4,Sad,6,Neutral,0.4768453330860834,4,Sad,0.6006423715029359,V22_CORRECT_V21_WRONG,True,True,True,False
public,3567,4,Sad,0,Angry,0.8784380868936755,4,Sad,0.5301379029257388,V22_CORRECT_V21_WRONG,True,True,True,False
public,3568,4,Sad,4,Sad,0.6236471727751088,6,Neutral,0.7181819153975034,V21_CORRECT_V22_WRONG,True,True,True,False
public,3571,4,Sad,4,Sad,0.6532435795220849,2,Fear,0.9116245311445484,V21_CORRECT_V22_WRONG,True,True,True,False
public,3577,4,Sad,2,Fear,0.958329664818163,4,Sad,0.8673661615501465,V22_CORRECT_V21_WRONG,True,True,True,False
public,3580,1,Disgust,4,Sad,0.46925382190785175,1,Disgust,0.6212121575180052,V22_CORRECT_V21_WRONG,True,True,True,False
public,3584,4,Sad,4,Sad,0.5788214206255141,6,Neutral,0.9030156046302021,V21_CORRECT_V22_WRONG,True,True,True,False
public,3586,4,Sad,6,Neutral,0.7471221489460458,4,Sad,0.9261758381034872,V22_CORRECT_V21_WRONG,True,True,True,False
public,3588,4,Sad,6,Neutral,0.39493949444134313,4,Sad,0.6449803549773307,V22_CORRECT_V21_WRONG,True,True,True,False
private,0,0,Angry,2,Fear,0.529860352550583,0,Angry,0.8354853397590303,V22_CORRECT_V21_WRONG,True,True,True,False
private,8,0,Angry,0,Angry,0.9238151830687387,2,Fear,0.7913694725371511,V21_CORRECT_V22_WRONG,True,True,True,False
private,13,4,Sad,4,Sad,0.8435215996543353,2,Fear,0.637819040584875,V21_CORRECT_V22_WRONG,True,True,True,False
private,29,3,Happy,3,Happy,0.6486972697421707,0,Angry,0.9437410346442493,V21_CORRECT_V22_WRONG,True,True,True,False
private,30,4,Sad,2,Fear,0.436496537466084,4,Sad,0.9415581155531583,V22_CORRECT_V21_WRONG,True,True,True,False
private,32,6,Neutral,6,Neutral,0.8799296785117865,4,Sad,0.9596675663247666,V21_CORRECT_V22_WRONG,True,True,True,False
private,36,5,Surprise,5,Surprise,0.8345862799051722,2,Fear,0.9223688267592364,V21_CORRECT_V22_WRONG,True,True,True,False
private,37,0,Angry,0,Angry,0.9258365639657302,4,Sad,0.7473370973988964,V21_CORRECT_V22_WRONG,True,True,True,False
private,51,2,Fear,2,Fear,0.936927298201309,5,Surprise,0.6762061854484314,V21_CORRECT_V22_WRONG,True,True,True,False
private,54,0,Angry,6,Neutral,0.5492506606418329,0,Angry,0.961038671943617,V22_CORRECT_V21_WRONG,True,True,True,False
private,56,3,Happy,5,Surprise,0.5368364436565203,3,Happy,0.6149460030702609,V22_CORRECT_V21_WRONG,True,True,True,False
private,58,6,Neutral,6,Neutral,0.558778873553596,4,Sad,0.4982256584973917,V21_CORRECT_V22_WRONG,True,True,True,False
private,59,2,Fear,0,Angry,0.46174444600704406,2,Fear,0.8695204006320659,V22_CORRECT_V21_WRONG,True,True,True,False
private,60,6,Neutral,6,Neutral,0.8229676619810421,4,Sad,0.5799225206778638,V21_CORRECT_V22_WRONG,True,True,True,False
private,69,0,Angry,0,Angry,0.8712749834337069,2,Fear,0.8805600439532099,V21_CORRECT_V22_WRONG,True,True,True,False
private,92,4,Sad,4,Sad,0.659112741777736,0,Angry,0.5723591480930432,V21_CORRECT_V22_WRONG,True,True,True,False
private,95,4,Sad,6,Neutral,0.7927728142884711,4,Sad,0.772159660558294,V22_CORRECT_V21_WRONG,True,True,True,False
private,117,3,Happy,4,Sad,0.6326646984061657,3,Happy,0.3404319060375249,V22_CORRECT_V21_WRONG,True,True,True,False
private,119,0,Angry,5,Surprise,0.5178533985736984,0,Angry,0.6076365198691062,V22_CORRECT_V21_WRONG,True,True,True,False
private,133,0,Angry,4,Sad,0.8393178304047214,0,Angry,0.9266874692173047,V22_CORRECT_V21_WRONG,True,True,False,False
private,143,4,Sad,4,Sad,0.6532522568224018,2,Fear,0.8734966155072954,V21_CORRECT_V22_WRONG,True,True,True,False
private,147,6,Neutral,6,Neutral,0.5186800661347916,4,Sad,0.6913938414097308,V21_CORRECT_V22_WRONG,True,True,True,False
private,153,6,Neutral,3,Happy,0.9029104088748304,6,Neutral,0.8237877044367355,V22_CORRECT_V21_WRONG,True,True,True,False
private,160,4,Sad,4,Sad,0.8837641394786983,2,Fear,0.5483308718727304,V21_CORRECT_V22_WRONG,True,True,True,False
private,165,2,Fear,2,Fear,0.47366604072402796,4,Sad,0.8702824934755565,V21_CORRECT_V22_WRONG,True,True,True,False
private,172,0,Angry,4,Sad,0.3770907843505104,0,Angry,0.7112644937518817,V22_CORRECT_V21_WRONG,True,True,True,False
private,177,2,Fear,2,Fear,0.4716764342961634,4,Sad,0.4280981166474804,V21_CORRECT_V22_WRONG,True,True,True,False
private,180,4,Sad,6,Neutral,0.7903927939425918,4,Sad,0.9474929093790861,V22_CORRECT_V21_WRONG,True,True,True,False
private,194,6,Neutral,4,Sad,0.7682718962977543,6,Neutral,0.9606897241837472,V22_CORRECT_V21_WRONG,True,True,True,False
private,195,2,Fear,2,Fear,0.8812821084430366,5,Surprise,0.9232440885727398,V21_CORRECT_V22_WRONG,True,True,True,False
private,201,4,Sad,2,Fear,0.5242030194212051,4,Sad,0.6846015185555341,V22_CORRECT_V21_WRONG,True,True,True,False
private,213,0,Angry,0,Angry,0.5780566978638616,6,Neutral,0.6613155589488705,V21_CORRECT_V22_WRONG,True,True,True,False
private,216,6,Neutral,0,Angry,0.7273534109096174,6,Neutral,0.8421858884801453,V22_CORRECT_V21_WRONG,True,True,True,False
private,218,6,Neutral,6,Neutral,0.8559049897212858,0,Angry,0.963447730959605,V21_CORRECT_V22_WRONG,True,True,True,False
private,222,5,Surprise,5,Surprise,0.4189999873078305,2,Fear,0.9344289331852386,V21_CORRECT_V22_WRONG,True,True,True,False
private,225,3,Happy,3,Happy,0.8327094937346832,4,Sad,0.7093482417194479,V21_CORRECT_V22_WRONG,True,True,True,False
private,231,6,Neutral,4,Sad,0.8373831373237092,6,Neutral,0.4037502295937758,V22_CORRECT_V21_WRONG,True,True,True,False
private,236,0,Angry,4,Sad,0.3557392142522959,0,Angry,0.8914776663586352,V22_CORRECT_V21_WRONG,True,True,True,False
private,239,6,Neutral,6,Neutral,0.9076219538396617,0,Angry,0.9370296478643935,V21_CORRECT_V22_WRONG,True,True,True,False
private,240,2,Fear,2,Fear,0.7569149967890764,5,Surprise,0.37657590264198865,V21_CORRECT_V22_WRONG,True,True,True,False
private,244,5,Surprise,5,Surprise,0.9568553754130493,3,Happy,0.9246825962195062,V21_CORRECT_V22_WRONG,True,True,True,False
private,247,4,Sad,0,Angry,0.5894276290240988,4,Sad,0.9327839238713667,V22_CORRECT_V21_WRONG,True,True,True,False
private,248,1,Disgust,1,Disgust,0.6205455295281526,0,Angry,0.9518240412466691,V21_CORRECT_V22_WRONG,True,True,True,False
private,259,3,Happy,3,Happy,0.9131527102179763,0,Angry,0.7112581813043789,V21_CORRECT_V22_WRONG,True,True,True,False
private,260,3,Happy,3,Happy,0.5749423582815465,6,Neutral,0.8911837141140169,V21_CORRECT_V22_WRONG,True,True,True,False
private,263,6,Neutral,4,Sad,0.42012391231281043,6,Neutral,0.7123009391441575,V22_CORRECT_V21_WRONG,True,True,True,False
private,267,4,Sad,4,Sad,0.9266443128349197,0,Angry,0.5397516648743721,V21_CORRECT_V22_WRONG,True,True,True,False
private,273,4,Sad,6,Neutral,0.6768209173178121,4,Sad,0.874215141197102,V22_CORRECT_V21_WRONG,True,True,True,False
private,274,4,Sad,6,Neutral,0.9424476522175386,4,Sad,0.7418116141300681,V22_CORRECT_V21_WRONG,True,True,True,False
private,282,4,Sad,4,Sad,0.6461559830983803,2,Fear,0.722368943182676,V21_CORRECT_V22_WRONG,True,True,True,False
private,289,6,Neutral,3,Happy,0.43305368709303815,6,Neutral,0.6673143713255677,V22_CORRECT_V21_WRONG,True,True,True,False
private,298,0,Angry,4,Sad,0.5309148474761504,0,Angry,0.7236385411156565,V22_CORRECT_V21_WRONG,True,True,True,False
private,317,6,Neutral,6,Neutral,0.9233142877051695,3,Happy,0.7809089758218475,V21_CORRECT_V22_WRONG,True,True,True,False
private,318,4,Sad,4,Sad,0.49737725221284734,2,Fear,0.8310533776125514,V21_CORRECT_V22_WRONG,True,True,True,False
private,326,3,Happy,4,Sad,0.7554863158245582,3,Happy,0.6715637685808495,V22_CORRECT_V21_WRONG,True,True,True,False
private,337,0,Angry,2,Fear,0.9210051002826687,0,Angry,0.6163242019431279,V22_CORRECT_V21_WRONG,True,True,True,False
private,338,6,Neutral,2,Fear,0.8764807712963694,6,Neutral,0.8105793451123066,V22_CORRECT_V21_WRONG,True,True,True,False
private,340,0,Angry,6,Neutral,0.3646910491335944,0,Angry,0.5004870021462574,V22_CORRECT_V21_WRONG,True,True,True,False
private,343,3,Happy,4,Sad,0.6974975341174808,3,Happy,0.5732014029077357,V22_CORRECT_V21_WRONG,True,True,True,False
private,364,0,Angry,0,Angry,0.9059537475537431,5,Surprise,0.9434905700967946,V21_CORRECT_V22_WRONG,True,True,True,False
private,368,6,Neutral,4,Sad,0.40400435594629297,6,Neutral,0.9488264374640554,V22_CORRECT_V21_WRONG,True,True,True,False
private,375,4,Sad,4,Sad,0.9082673810590264,2,Fear,0.6205961828014291,V21_CORRECT_V22_WRONG,True,True,True,False
private,376,3,Happy,3,Happy,0.932950520637889,4,Sad,0.9445436359804984,V21_CORRECT_V22_WRONG,True,True,True,False
private,378,3,Happy,3,Happy,0.9546167200548925,6,Neutral,0.6441994070922924,V21_CORRECT_V22_WRONG,True,True,True,False
private,385,6,Neutral,6,Neutral,0.485743783468094,5,Surprise,0.7794650985907698,V21_CORRECT_V22_WRONG,True,True,True,False
private,395,4,Sad,4,Sad,0.7284853649153713,6,Neutral,0.7621661238649583,V21_CORRECT_V22_WRONG,True,True,True,False
private,396,4,Sad,2,Fear,0.7412189021850989,4,Sad,0.637631715502799,V22_CORRECT_V21_WRONG,True,True,True,False
private,400,2,Fear,4,Sad,0.5489770355475256,2,Fear,0.9452598139534334,V22_CORRECT_V21_WRONG,True,True,True,False
private,408,2,Fear,2,Fear,0.29132854076981524,4,Sad,0.47801900605600206,V21_CORRECT_V22_WRONG,True,True,True,False
private,410,3,Happy,3,Happy,0.6018610252920762,5,Surprise,0.6132016040080676,V21_CORRECT_V22_WRONG,True,True,True,False
private,415,5,Surprise,5,Surprise,0.9029441106454517,2,Fear,0.8275987188852005,V21_CORRECT_V22_WRONG,True,True,True,False
private,422,2,Fear,2,Fear,0.8933232058811824,5,Surprise,0.92813455933171,V21_CORRECT_V22_WRONG,True,True,True,False
private,427,3,Happy,4,Sad,0.9511940937744724,3,Happy,0.917356888366714,V22_CORRECT_V21_WRONG,True,True,True,False
private,431,6,Neutral,6,Neutral,0.7406164760221636,4,Sad,0.8993421737508166,V21_CORRECT_V22_WRONG,True,True,True,False
private,437,6,Neutral,6,Neutral,0.5108063507479605,2,Fear,0.9577143525732189,V21_CORRECT_V22_WRONG,True,True,True,False
private,446,4,Sad,2,Fear,0.4218563830698912,4,Sad,0.9308753309227065,V22_CORRECT_V21_WRONG,True,True,True,False
private,447,4,Sad,4,Sad,0.8006280751177008,2,Fear,0.49401972773954034,V21_CORRECT_V22_WRONG,True,True,True,False
private,460,2,Fear,6,Neutral,0.44358763564634673,2,Fear,0.9349118200154644,V22_CORRECT_V21_WRONG,True,True,True,False
private,461,4,Sad,0,Angry,0.6072671774506838,4,Sad,0.5397013546160376,V22_CORRECT_V21_WRONG,True,True,True,False
private,463,2,Fear,5,Surprise,0.5394682917231826,2,Fear,0.6640841850990623,V22_CORRECT_V21_WRONG,True,True,True,False
private,481,6,Neutral,4,Sad,0.6097861027542947,6,Neutral,0.5262628270941935,V22_CORRECT_V21_WRONG,True,True,True,False
private,493,4,Sad,4,Sad,0.6370687363913746,0,Angry,0.4525243699135931,V21_CORRECT_V22_WRONG,True,True,True,False
private,495,6,Neutral,0,Angry,0.36826379557711175,6,Neutral,0.94892498308395,V22_CORRECT_V21_WRONG,True,True,True,False
private,497,2,Fear,2,Fear,0.5673484927032751,0,Angry,0.5449884098758057,V21_CORRECT_V22_WRONG,True,True,True,False
private,507,4,Sad,4,Sad,0.47035688545819027,6,Neutral,0.6358128448989914,V21_CORRECT_V22_WRONG,True,True,True,False
private,511,3,Happy,4,Sad,0.9004978306706415,3,Happy,0.709932581774446,V22_CORRECT_V21_WRONG,True,True,True,False
private,520,4,Sad,4,Sad,0.9366351651627018,2,Fear,0.9515982495513055,V21_CORRECT_V22_WRONG,True,True,True,False
private,521,2,Fear,2,Fear,0.7079523317688753,5,Surprise,0.8093221713698473,V21_CORRECT_V22_WRONG,True,True,True,False
private,523,2,Fear,2,Fear,0.924708941002091,4,Sad,0.7315237223474628,V21_CORRECT_V22_WRONG,True,True,True,False
private,524,5,Surprise,6,Neutral,0.5250402614422293,5,Surprise,0.9424836225755171,V22_CORRECT_V21_WRONG,True,True,True,False
private,538,4,Sad,6,Neutral,0.48244438784751786,4,Sad,0.5699154293088052,V22_CORRECT_V21_WRONG,True,True,True,False
private,539,3,Happy,3,Happy,0.91390278507682,2,Fear,0.7115315634362038,V21_CORRECT_V22_WRONG,True,True,True,False
private,543,0,Angry,4,Sad,0.47707106395584586,0,Angry,0.882055163296299,V22_CORRECT_V21_WRONG,True,True,True,False
private,550,4,Sad,4,Sad,0.8862957333398431,6,Neutral,0.6427554649123317,V21_CORRECT_V22_WRONG,True,True,True,False
private,552,4,Sad,4,Sad,0.6849801645580147,2,Fear,0.9550455842535458,V21_CORRECT_V22_WRONG,True,True,False,False
private,553,6,Neutral,0,Angry,0.37172347336937844,6,Neutral,0.6008325034164028,V22_CORRECT_V21_WRONG,True,True,True,False
private,555,4,Sad,4,Sad,0.8736269050921681,2,Fear,0.8238359094871912,V21_CORRECT_V22_WRONG,True,True,True,False
private,559,3,Happy,3,Happy,0.7457659323725346,2,Fear,0.47345616033602994,V21_CORRECT_V22_WRONG,True,True,True,False
private,563,4,Sad,0,Angry,0.5667303095426742,4,Sad,0.9425437404803434,V22_CORRECT_V21_WRONG,True,True,True,False
private,564,3,Happy,3,Happy,0.7467586222967915,6,Neutral,0.9149074591941717,V21_CORRECT_V22_WRONG,True,True,True,False
private,569,5,Surprise,0,Angry,0.6615536016769001,5,Surprise,0.6959479761074128,V22_CORRECT_V21_WRONG,True,True,True,False
private,577,5,Surprise,5,Surprise,0.9448336980964089,2,Fear,0.5376520207976355,V21_CORRECT_V22_WRONG,True,True,True,False
private,578,2,Fear,2,Fear,0.8176300580453681,0,Angry,0.7233139392110439,V21_CORRECT_V22_WRONG,True,True,True,False
private,579,2,Fear,2,Fear,0.6906635507011138,4,Sad,0.8326637275669284,V21_CORRECT_V22_WRONG,True,True,True,False
private,597,6,Neutral,6,Neutral,0.5440583079755564,4,Sad,0.9623362359667249,V21_CORRECT_V22_WRONG,True,True,True,False
private,600,4,Sad,3,Happy,0.8931848020656257,4,Sad,0.4531747350108856,V22_CORRECT_V21_WRONG,True,True,True,False
private,605,4,Sad,6,Neutral,0.854074831169677,4,Sad,0.6599712696473721,V22_CORRECT_V21_WRONG,True,True,True,False
private,609,0,Angry,0,Angry,0.7482786628750365,3,Happy,0.9326958123836505,V21_CORRECT_V22_WRONG,True,True,True,False
private,610,4,Sad,2,Fear,0.5118610650791091,4,Sad,0.9148836351593562,V22_CORRECT_V21_WRONG,True,True,True,False
private,613,4,Sad,4,Sad,0.5657754728922014,3,Happy,0.9192535286129445,V21_CORRECT_V22_WRONG,True,True,True,False
private,628,4,Sad,2,Fear,0.5160777900630024,4,Sad,0.938606139705221,V22_CORRECT_V21_WRONG,True,True,True,False
private,630,4,Sad,2,Fear,0.6750370328523293,4,Sad,0.708265152090839,V22_CORRECT_V21_WRONG,True,True,False,False
private,632,3,Happy,3,Happy,0.9490534088251213,4,Sad,0.6116976197150812,V21_CORRECT_V22_WRONG,True,True,True,False
private,635,2,Fear,0,Angry,0.7370438630821569,2,Fear,0.6292461539860612,V22_CORRECT_V21_WRONG,True,True,True,False
private,636,0,Angry,2,Fear,0.9629451197091318,0,Angry,0.9668298147478204,V22_CORRECT_V21_WRONG,True,True,True,False
private,638,3,Happy,3,Happy,0.7198116601594539,4,Sad,0.603970762027984,V21_CORRECT_V22_WRONG,True,True,True,False
private,642,2,Fear,5,Surprise,0.48235816931197606,2,Fear,0.8747999718745284,V22_CORRECT_V21_WRONG,True,True,True,False
private,659,6,Neutral,0,Angry,0.7404257466102496,6,Neutral,0.7797593194314367,V22_CORRECT_V21_WRONG,True,True,True,False
private,663,4,Sad,2,Fear,0.630965916207066,4,Sad,0.9661974312187869,V22_CORRECT_V21_WRONG,True,True,True,False
private,666,4,Sad,4,Sad,0.8091608106049862,0,Angry,0.39529738108902995,V21_CORRECT_V22_WRONG,True,True,True,False
private,688,2,Fear,2,Fear,0.5246985552878051,3,Happy,0.7847498568402451,V21_CORRECT_V22_WRONG,True,True,True,False
private,689,4,Sad,4,Sad,0.6277189462775284,0,Angry,0.6063634895923632,V21_CORRECT_V22_WRONG,True,True,True,False
private,704,2,Fear,2,Fear,0.6783979212358221,0,Angry,0.8254880877879902,V21_CORRECT_V22_WRONG,True,True,True,False
private,709,2,Fear,2,Fear,0.7732520580662245,4,Sad,0.7080935811796897,V21_CORRECT_V22_WRONG,True,True,True,False
private,716,2,Fear,2,Fear,0.6690393164324806,6,Neutral,0.8420138691355817,V21_CORRECT_V22_WRONG,True,True,True,False
private,718,3,Happy,6,Neutral,0.9356601706422247,3,Happy,0.9624246469779221,V22_CORRECT_V21_WRONG,True,True,True,False
private,720,6,Neutral,2,Fear,0.7027338589729589,6,Neutral,0.8828089572347169,V22_CORRECT_V21_WRONG,True,True,True,False
private,722,4,Sad,4,Sad,0.44976550756608213,6,Neutral,0.8243594921258668,V21_CORRECT_V22_WRONG,True,True,False,False
private,723,5,Surprise,2,Fear,0.5389482617576101,5,Surprise,0.8354121254626712,V22_CORRECT_V21_WRONG,True,True,True,False
private,738,0,Angry,0,Angry,0.7521684146182882,4,Sad,0.6496702699488197,V21_CORRECT_V22_WRONG,True,True,True,False
private,741,5,Surprise,5,Surprise,0.6340620560141618,2,Fear,0.9491475113975432,V21_CORRECT_V22_WRONG,True,True,True,False
private,742,0,Angry,4,Sad,0.4942769959152903,0,Angry,0.9324456871682254,V22_CORRECT_V21_WRONG,True,True,True,False
private,746,0,Angry,2,Fear,0.45508893062775324,0,Angry,0.8723969006225823,V22_CORRECT_V21_WRONG,True,True,False,False
private,754,6,Neutral,5,Surprise,0.9575922982224204,6,Neutral,0.9430427841451097,V22_CORRECT_V21_WRONG,True,True,True,False
private,755,4,Sad,4,Sad,0.43025744367106034,6,Neutral,0.8700834681731303,V21_CORRECT_V22_WRONG,True,True,True,False
private,756,0,Angry,0,Angry,0.864808952544697,4,Sad,0.8175544115107642,V21_CORRECT_V22_WRONG,True,True,True,False
private,765,2,Fear,6,Neutral,0.7759241215297452,2,Fear,0.743015131358644,V22_CORRECT_V21_WRONG,True,True,True,False
private,773,3,Happy,6,Neutral,0.843181527626392,3,Happy,0.9528903816828771,V22_CORRECT_V21_WRONG,True,True,True,False
private,775,6,Neutral,6,Neutral,0.9104703934955605,2,Fear,0.800713676771014,V21_CORRECT_V22_WRONG,True,True,True,False
private,782,2,Fear,2,Fear,0.9560423932807833,0,Angry,0.9073017553280749,V21_CORRECT_V22_WRONG,True,True,True,False
private,792,2,Fear,2,Fear,0.5926914959387376,5,Surprise,0.719720002296963,V21_CORRECT_V22_WRONG,True,True,True,False
private,798,6,Neutral,6,Neutral,0.955029249895145,2,Fear,0.8233380884751319,V21_CORRECT_V22_WRONG,True,True,True,False
private,802,6,Neutral,0,Angry,0.6343994743798623,6,Neutral,0.9226043715546494,V22_CORRECT_V21_WRONG,True,True,True,False
private,813,2,Fear,2,Fear,0.8684462710672859,6,Neutral,0.915355942834103,V21_CORRECT_V22_WRONG,True,True,True,False
private,817,2,Fear,1,Disgust,0.6487166658633169,2,Fear,0.9127627457705776,V22_CORRECT_V21_WRONG,True,True,True,False
private,821,3,Happy,3,Happy,0.7502691409316221,0,Angry,0.9310488156841525,V21_CORRECT_V22_WRONG,True,True,True,False
private,827,3,Happy,0,Angry,0.6167605904930776,3,Happy,0.9550547344376445,V22_CORRECT_V21_WRONG,True,True,True,False
private,829,0,Angry,6,Neutral,0.4615242061203874,0,Angry,0.8215505793332031,V22_CORRECT_V21_WRONG,True,True,True,False
private,835,6,Neutral,3,Happy,0.49762497208210266,6,Neutral,0.9542561883687682,V22_CORRECT_V21_WRONG,True,True,True,False
private,836,3,Happy,6,Neutral,0.7792121459964307,3,Happy,0.908005903210648,V22_CORRECT_V21_WRONG,True,True,True,False
private,838,2,Fear,2,Fear,0.40800409393784826,4,Sad,0.8445989320134558,V21_CORRECT_V22_WRONG,True,True,True,False
private,848,3,Happy,4,Sad,0.8923627844020976,3,Happy,0.6480563133564471,V22_CORRECT_V21_WRONG,True,True,True,False
private,849,5,Surprise,5,Surprise,0.9468559037692936,2,Fear,0.9647465553151227,V21_CORRECT_V22_WRONG,True,True,True,False
private,854,4,Sad,4,Sad,0.5993377445355977,6,Neutral,0.9004261328019367,V21_CORRECT_V22_WRONG,True,True,True,False
private,860,5,Surprise,5,Surprise,0.6950115103677451,2,Fear,0.711914222268518,V21_CORRECT_V22_WRONG,True,True,False,False
private,861,6,Neutral,6,Neutral,0.3197924395975623,4,Sad,0.7652113850192672,V21_CORRECT_V22_WRONG,True,True,True,False
private,867,2,Fear,4,Sad,0.5547861591123996,2,Fear,0.7311800896720282,V22_CORRECT_V21_WRONG,True,True,True,False
private,872,0,Angry,0,Angry,0.9534914230620247,5,Surprise,0.613298089670941,V21_CORRECT_V22_WRONG,True,True,True,False
private,878,3,Happy,3,Happy,0.7085950618060939,4,Sad,0.33107855398773983,V21_CORRECT_V22_WRONG,True,True,True,False
private,884,6,Neutral,4,Sad,0.5824401388212161,6,Neutral,0.8376224341368309,V22_CORRECT_V21_WRONG,True,True,True,False
private,892,0,Angry,2,Fear,0.7290464140110875,0,Angry,0.9145414953695412,V22_CORRECT_V21_WRONG,True,True,True,False
private,893,2,Fear,4,Sad,0.7459756542035243,2,Fear,0.8797078550773215,V22_CORRECT_V21_WRONG,True,True,True,False
private,897,4,Sad,4,Sad,0.9470467064858037,2,Fear,0.6445037225863632,V21_CORRECT_V22_WRONG,True,True,True,False
private,902,4,Sad,0,Angry,0.4864900843092803,4,Sad,0.6140417489628697,V22_CORRECT_V21_WRONG,True,True,True,False
private,904,4,Sad,4,Sad,0.629299234765412,6,Neutral,0.6703424654249369,V21_CORRECT_V22_WRONG,True,True,True,False
private,908,0,Angry,6,Neutral,0.5667589295338658,0,Angry,0.36760668503646604,V22_CORRECT_V21_WRONG,True,True,True,False
private,912,0,Angry,3,Happy,0.7763046259058609,0,Angry,0.8680106744836743,V22_CORRECT_V21_WRONG,True,True,True,False
private,924,6,Neutral,2,Fear,0.35188867358895515,6,Neutral,0.9375816962223982,V22_CORRECT_V21_WRONG,True,True,True,False
private,926,4,Sad,0,Angry,0.5655865678827134,4,Sad,0.8034569139235208,V22_CORRECT_V21_WRONG,True,True,True,False
private,941,4,Sad,2,Fear,0.6157271044258474,4,Sad,0.8698981957155941,V22_CORRECT_V21_WRONG,True,True,True,False
private,949,4,Sad,6,Neutral,0.4916750707544956,4,Sad,0.3845698772577871,V22_CORRECT_V21_WRONG,True,True,True,False
private,959,5,Surprise,3,Happy,0.8996083433695603,5,Surprise,0.878243575268129,V22_CORRECT_V21_WRONG,True,True,True,False
private,968,3,Happy,3,Happy,0.4382015616628224,6,Neutral,0.7997234939492186,V21_CORRECT_V22_WRONG,True,True,True,False
private,978,4,Sad,4,Sad,0.8429938122603807,0,Angry,0.3828083499739109,V21_CORRECT_V22_WRONG,True,True,True,False
private,983,0,Angry,4,Sad,0.5122666105155124,0,Angry,0.7013685197805134,V22_CORRECT_V21_WRONG,True,True,True,False
private,988,6,Neutral,6,Neutral,0.9155391706174532,4,Sad,0.6477423704311526,V21_CORRECT_V22_WRONG,True,True,True,False
private,994,2,Fear,4,Sad,0.7132848092339756,2,Fear,0.953066473585361,V22_CORRECT_V21_WRONG,True,True,True,False
private,997,4,Sad,2,Fear,0.8977475981304766,4,Sad,0.8262067624577076,V22_CORRECT_V21_WRONG,True,True,True,False
private,1004,4,Sad,3,Happy,0.9089067016038112,4,Sad,0.8200685577451673,V22_CORRECT_V21_WRONG,True,True,True,False
private,1011,4,Sad,3,Happy,0.8051368791621293,4,Sad,0.845901207171936,V22_CORRECT_V21_WRONG,True,True,True,False
private,1012,6,Neutral,4,Sad,0.6172118233744072,6,Neutral,0.953907711207446,V22_CORRECT_V21_WRONG,True,True,True,False
private,1029,2,Fear,2,Fear,0.7623399078796433,4,Sad,0.8905202235479412,V21_CORRECT_V22_WRONG,True,True,True,False
private,1032,4,Sad,6,Neutral,0.9406284668387181,4,Sad,0.6749588598895917,V22_CORRECT_V21_WRONG,True,True,True,False
private,1036,4,Sad,3,Happy,0.43884985407718086,4,Sad,0.8801130191653327,V22_CORRECT_V21_WRONG,True,True,True,False
private,1043,2,Fear,2,Fear,0.6022095780930893,6,Neutral,0.9457906165826565,V21_CORRECT_V22_WRONG,True,True,True,False
private,1045,3,Happy,6,Neutral,0.9547368209359887,3,Happy,0.5103948197394907,V22_CORRECT_V21_WRONG,True,True,True,False
private,1046,0,Angry,6,Neutral,0.7214748042888401,0,Angry,0.9312973406249625,V22_CORRECT_V21_WRONG,True,True,True,False
private,1052,2,Fear,4,Sad,0.832590514534345,2,Fear,0.7926997788048128,V22_CORRECT_V21_WRONG,True,True,True,False
private,1055,3,Happy,3,Happy,0.5592661247801026,6,Neutral,0.7307120412146632,V21_CORRECT_V22_WRONG,True,True,True,False
private,1063,4,Sad,6,Neutral,0.7003905275922004,4,Sad,0.5120614957278808,V22_CORRECT_V21_WRONG,True,True,True,False
private,1073,4,Sad,2,Fear,0.5104143734005092,4,Sad,0.454654380826207,V22_CORRECT_V21_WRONG,True,True,True,False
private,1078,5,Surprise,5,Surprise,0.950828987958675,2,Fear,0.6454850907615225,V21_CORRECT_V22_WRONG,True,True,True,False
private,1082,3,Happy,5,Surprise,0.8987027786270347,3,Happy,0.781116046378413,V22_CORRECT_V21_WRONG,True,True,True,False
private,1097,0,Angry,0,Angry,0.5793279031949312,6,Neutral,0.8224245414327902,V21_CORRECT_V22_WRONG,True,True,True,False
private,1100,4,Sad,6,Neutral,0.6150840174457891,4,Sad,0.6487619276750558,V22_CORRECT_V21_WRONG,True,True,True,False
private,1110,2,Fear,4,Sad,0.4843757465890683,2,Fear,0.8236455877551185,V22_CORRECT_V21_WRONG,True,True,True,False
private,1116,6,Neutral,5,Surprise,0.7262532309557705,6,Neutral,0.8494467620878787,V22_CORRECT_V21_WRONG,True,True,True,False
private,1121,2,Fear,2,Fear,0.5659669796788995,3,Happy,0.8926860264525923,V21_CORRECT_V22_WRONG,True,True,True,False
private,1124,4,Sad,3,Happy,0.775825820839469,4,Sad,0.7574544476495925,V22_CORRECT_V21_WRONG,True,True,True,False
private,1129,5,Surprise,5,Surprise,0.7924238235263923,2,Fear,0.9592029581314474,V21_CORRECT_V22_WRONG,True,True,False,False
private,1140,4,Sad,4,Sad,0.5038244537871268,6,Neutral,0.9384970158970054,V21_CORRECT_V22_WRONG,True,True,True,False
private,1146,0,Angry,2,Fear,0.9441147115799371,0,Angry,0.6291982512602249,V22_CORRECT_V21_WRONG,True,True,True,False
private,1147,0,Angry,4,Sad,0.7406196010636448,0,Angry,0.8287391308828318,V22_CORRECT_V21_WRONG,True,True,True,False
private,1151,2,Fear,2,Fear,0.9279011725164628,0,Angry,0.9293413636839771,V21_CORRECT_V22_WRONG,True,True,True,False
private,1156,2,Fear,2,Fear,0.9316276055139252,4,Sad,0.9594696986233897,V21_CORRECT_V22_WRONG,True,True,True,False
private,1158,4,Sad,4,Sad,0.4047909485451542,2,Fear,0.7945856836383896,V21_CORRECT_V22_WRONG,True,True,True,False
private,1159,4,Sad,4,Sad,0.906835724062525,0,Angry,0.7142618069265789,V21_CORRECT_V22_WRONG,True,True,True,False
private,1160,5,Surprise,5,Surprise,0.8614422535881532,2,Fear,0.8916443379200749,V21_CORRECT_V22_WRONG,True,True,True,False
private,1176,2,Fear,4,Sad,0.7356201765732837,2,Fear,0.6099010279897735,V22_CORRECT_V21_WRONG,True,True,True,False
private,1184,6,Neutral,0,Angry,0.43078606653933615,6,Neutral,0.9155783536070398,V22_CORRECT_V21_WRONG,True,True,True,False
private,1186,5,Surprise,5,Surprise,0.9300295447275415,0,Angry,0.4813641455186711,V21_CORRECT_V22_WRONG,True,True,True,False
private,1198,4,Sad,4,Sad,0.6048564725286626,6,Neutral,0.52758328886315,V21_CORRECT_V22_WRONG,True,True,True,False
private,1200,2,Fear,2,Fear,0.5333696283629392,6,Neutral,0.6161375760078416,V21_CORRECT_V22_WRONG,True,True,True,False
private,1219,4,Sad,2,Fear,0.7303933363831914,4,Sad,0.6113766888981345,V22_CORRECT_V21_WRONG,True,True,True,False
private,1222,3,Happy,6,Neutral,0.5165381505207987,3,Happy,0.6091361496532444,V22_CORRECT_V21_WRONG,True,True,True,False
private,1230,4,Sad,4,Sad,0.5134538882665023,6,Neutral,0.7765604738547368,V21_CORRECT_V22_WRONG,True,True,True,False
private,1247,4,Sad,0,Angry,0.48824781034769477,4,Sad,0.6542463856677507,V22_CORRECT_V21_WRONG,True,True,True,False
private,1261,2,Fear,6,Neutral,0.8380685853653689,2,Fear,0.7351441236548905,V22_CORRECT_V21_WRONG,True,True,True,False
private,1262,0,Angry,6,Neutral,0.9493918673625501,0,Angry,0.9044665204738318,V22_CORRECT_V21_WRONG,True,True,False,False
private,1266,3,Happy,3,Happy,0.9532136655338712,6,Neutral,0.6988840670892295,V21_CORRECT_V22_WRONG,True,True,True,False
private,1267,3,Happy,3,Happy,0.697925363824591,4,Sad,0.8416040936215616,V21_CORRECT_V22_WRONG,True,True,True,False
private,1278,5,Surprise,2,Fear,0.5736356016757452,5,Surprise,0.9589462681260544,V22_CORRECT_V21_WRONG,True,True,True,False
private,1279,4,Sad,6,Neutral,0.3877734906639947,4,Sad,0.7622559019681844,V22_CORRECT_V21_WRONG,True,True,True,False
private,1284,2,Fear,3,Happy,0.8461383862866408,2,Fear,0.9431604248542177,V22_CORRECT_V21_WRONG,True,True,True,False
private,1290,0,Angry,2,Fear,0.3526036284452113,0,Angry,0.5942655142866136,V22_CORRECT_V21_WRONG,True,True,True,False
private,1293,4,Sad,6,Neutral,0.3837659686852438,4,Sad,0.7281169420627572,V22_CORRECT_V21_WRONG,True,True,True,False
private,1302,6,Neutral,2,Fear,0.4847328260566546,6,Neutral,0.769273586090687,V22_CORRECT_V21_WRONG,True,True,True,False
private,1308,4,Sad,4,Sad,0.47939412122026337,0,Angry,0.5364765854421868,V21_CORRECT_V22_WRONG,True,True,True,False
private,1320,4,Sad,0,Angry,0.4591896366685039,4,Sad,0.511219395153319,V22_CORRECT_V21_WRONG,True,True,True,False
private,1322,6,Neutral,0,Angry,0.5967820928391989,6,Neutral,0.8042048436164916,V22_CORRECT_V21_WRONG,True,True,True,False
private,1326,2,Fear,5,Surprise,0.6588171920250017,2,Fear,0.7338728259069597,V22_CORRECT_V21_WRONG,True,True,True,False
private,1328,2,Fear,6,Neutral,0.9067715296512276,2,Fear,0.8355301097350815,V22_CORRECT_V21_WRONG,True,True,True,False
private,1330,4,Sad,6,Neutral,0.5824393418683418,4,Sad,0.8800455630825008,V22_CORRECT_V21_WRONG,True,True,True,False
private,1340,0,Angry,0,Angry,0.9457726030437029,2,Fear,0.4712274024341028,V21_CORRECT_V22_WRONG,True,True,True,False
private,1348,2,Fear,4,Sad,0.8993392953481885,2,Fear,0.9077637086809571,V22_CORRECT_V21_WRONG,True,True,True,False
private,1358,3,Happy,6,Neutral,0.6735541744284943,3,Happy,0.7451257930430017,V22_CORRECT_V21_WRONG,True,True,True,False
private,1395,4,Sad,2,Fear,0.683113536785319,4,Sad,0.9531071767496124,V22_CORRECT_V21_WRONG,True,True,True,False
private,1402,3,Happy,3,Happy,0.6951838546004109,4,Sad,0.3762380286348641,V21_CORRECT_V22_WRONG,True,True,True,False
private,1403,2,Fear,2,Fear,0.8039759570826509,6,Neutral,0.536206279705052,V21_CORRECT_V22_WRONG,True,True,True,False
private,1412,6,Neutral,2,Fear,0.6551402998330635,6,Neutral,0.857813702411166,V22_CORRECT_V21_WRONG,True,True,True,False
private,1421,0,Angry,6,Neutral,0.5682441859229659,0,Angry,0.860544233520515,V22_CORRECT_V21_WRONG,True,True,True,False
private,1432,4,Sad,4,Sad,0.9419647413598159,6,Neutral,0.7915981151677466,V21_CORRECT_V22_WRONG,True,True,True,False
private,1439,2,Fear,2,Fear,0.9084075360316498,5,Surprise,0.8590607232732396,V21_CORRECT_V22_WRONG,True,True,True,False
private,1441,4,Sad,4,Sad,0.79478856356371,1,Disgust,0.612175359480838,V21_CORRECT_V22_WRONG,True,True,True,False
private,1445,4,Sad,4,Sad,0.9366351651627018,2,Fear,0.9515982495513055,V21_CORRECT_V22_WRONG,True,True,True,False
private,1446,4,Sad,6,Neutral,0.9117775554279118,4,Sad,0.782286451908702,V22_CORRECT_V21_WRONG,True,True,True,False
private,1450,2,Fear,2,Fear,0.41457505863514893,4,Sad,0.9663429289429781,V21_CORRECT_V22_WRONG,True,True,True,False
private,1451,4,Sad,4,Sad,0.7995506224855984,2,Fear,0.48018007134845353,V21_CORRECT_V22_WRONG,True,True,True,False
private,1454,4,Sad,0,Angry,0.546281639527146,4,Sad,0.9561829794637204,V22_CORRECT_V21_WRONG,True,True,True,False
private,1458,2,Fear,0,Angry,0.7615869154164697,2,Fear,0.5587266716707824,V22_CORRECT_V21_WRONG,True,True,True,False
private,1466,1,Disgust,1,Disgust,0.9705402882410055,2,Fear,0.8617706986148507,V21_CORRECT_V22_WRONG,True,True,True,False
private,1467,6,Neutral,2,Fear,0.5161668818152289,6,Neutral,0.7285305768645337,V22_CORRECT_V21_WRONG,True,True,True,False
private,1468,4,Sad,4,Sad,0.621631906143243,0,Angry,0.8231931907246774,V21_CORRECT_V22_WRONG,True,True,True,False
private,1470,6,Neutral,4,Sad,0.42573459876021946,6,Neutral,0.836803118804095,V22_CORRECT_V21_WRONG,True,True,True,False
private,1473,4,Sad,4,Sad,0.731406509206014,0,Angry,0.6739359669577185,V21_CORRECT_V22_WRONG,True,True,True,False
private,1475,2,Fear,4,Sad,0.8103634202279683,2,Fear,0.8905671895121612,V22_CORRECT_V21_WRONG,True,True,True,False
private,1492,2,Fear,2,Fear,0.7536985138704609,0,Angry,0.877590099933388,V21_CORRECT_V22_WRONG,True,True,True,False
private,1493,4,Sad,0,Angry,0.7267500820341832,4,Sad,0.46916911721725413,V22_CORRECT_V21_WRONG,True,True,True,False
private,1497,4,Sad,4,Sad,0.9422455250305256,6,Neutral,0.6696498897240025,V21_CORRECT_V22_WRONG,True,True,True,False
private,1498,0,Angry,1,Disgust,0.6343297564833207,0,Angry,0.9581197100334268,V22_CORRECT_V21_WRONG,True,True,True,False
private,1513,4,Sad,4,Sad,0.8810937405924284,2,Fear,0.5726854509045488,V21_CORRECT_V22_WRONG,True,True,True,False
private,1531,0,Angry,0,Angry,0.9228419494437683,2,Fear,0.5803248185125697,V21_CORRECT_V22_WRONG,True,True,True,False
private,1536,6,Neutral,6,Neutral,0.4034795921528163,2,Fear,0.41641315616034,V21_CORRECT_V22_WRONG,True,True,True,False
private,1546,3,Happy,2,Fear,0.8023656816112348,3,Happy,0.8649837842454088,V22_CORRECT_V21_WRONG,True,True,True,False
private,1547,3,Happy,3,Happy,0.6274472126390364,4,Sad,0.7523812267612009,V21_CORRECT_V22_WRONG,True,True,True,False
private,1552,2,Fear,0,Angry,0.6666007040730133,2,Fear,0.5142165234015559,V22_CORRECT_V21_WRONG,True,True,True,False
private,1563,5,Surprise,5,Surprise,0.36410586751667723,2,Fear,0.9467258346967727,V21_CORRECT_V22_WRONG,True,True,False,False
private,1572,6,Neutral,6,Neutral,0.8951512091740648,3,Happy,0.50678613701576,V21_CORRECT_V22_WRONG,True,True,True,False
private,1579,4,Sad,0,Angry,0.5736210485149252,4,Sad,0.8172584188445909,V22_CORRECT_V21_WRONG,True,True,True,False
private,1582,6,Neutral,6,Neutral,0.8309583575807632,4,Sad,0.9177898773029749,V21_CORRECT_V22_WRONG,True,True,True,False
private,1591,0,Angry,0,Angry,0.9609950107795415,3,Happy,0.731362841778066,V21_CORRECT_V22_WRONG,True,True,True,False
private,1602,6,Neutral,4,Sad,0.9232761755929086,6,Neutral,0.791294124885015,V22_CORRECT_V21_WRONG,True,True,True,False
private,1624,4,Sad,2,Fear,0.6569579142745547,4,Sad,0.9024572653616242,V22_CORRECT_V21_WRONG,True,True,True,False
private,1625,3,Happy,2,Fear,0.9427030230810974,3,Happy,0.6477676534901057,V22_CORRECT_V21_WRONG,True,True,True,False
private,1630,4,Sad,4,Sad,0.8563026679234305,0,Angry,0.9370167419177776,V21_CORRECT_V22_WRONG,True,True,True,False
private,1644,4,Sad,2,Fear,0.35599471990372805,4,Sad,0.9645779418797412,V22_CORRECT_V21_WRONG,True,True,True,False
private,1649,3,Happy,2,Fear,0.6505147382228229,3,Happy,0.9339121961254649,V22_CORRECT_V21_WRONG,True,True,True,False
private,1654,6,Neutral,6,Neutral,0.8292898578692584,0,Angry,0.4628648686778494,V21_CORRECT_V22_WRONG,True,True,True,False
private,1662,4,Sad,4,Sad,0.9619169330064543,3,Happy,0.5062292722467812,V21_CORRECT_V22_WRONG,True,True,True,False
private,1671,4,Sad,4,Sad,0.4402224148498938,2,Fear,0.7839819102677315,V21_CORRECT_V22_WRONG,True,True,True,False
private,1673,2,Fear,2,Fear,0.7407348269586137,0,Angry,0.8255256062393704,V21_CORRECT_V22_WRONG,True,True,True,False
private,1677,4,Sad,4,Sad,0.9561310963523244,3,Happy,0.9327338980522957,V21_CORRECT_V22_WRONG,True,True,True,False
private,1680,0,Angry,0,Angry,0.9581900817286456,3,Happy,0.43570311147647667,V21_CORRECT_V22_WRONG,True,True,True,False
private,1688,0,Angry,1,Disgust,0.8613282053359804,0,Angry,0.935698287610538,V22_CORRECT_V21_WRONG,True,True,True,False
private,1691,0,Angry,0,Angry,0.9555785302883482,2,Fear,0.8745577389722664,V21_CORRECT_V22_WRONG,True,True,True,False
private,1693,3,Happy,3,Happy,0.8295419897296709,4,Sad,0.3687013550314166,V21_CORRECT_V22_WRONG,True,True,True,False
private,1694,6,Neutral,6,Neutral,0.8754398574161959,4,Sad,0.6450365244142814,V21_CORRECT_V22_WRONG,True,True,True,False
private,1702,2,Fear,2,Fear,0.49649588631683184,6,Neutral,0.3972458540273833,V21_CORRECT_V22_WRONG,True,True,True,False
private,1705,4,Sad,4,Sad,0.6093063730015721,6,Neutral,0.9128090092098802,V21_CORRECT_V22_WRONG,True,True,True,False
private,1706,5,Surprise,0,Angry,0.9510214558322648,5,Surprise,0.7942395578646816,V22_CORRECT_V21_WRONG,True,True,True,False
private,1710,6,Neutral,0,Angry,0.870483271885303,6,Neutral,0.7520306083250166,V22_CORRECT_V21_WRONG,True,True,True,False
private,1721,3,Happy,4,Sad,0.8950466685762708,3,Happy,0.925731645674725,V22_CORRECT_V21_WRONG,True,True,True,False
private,1722,2,Fear,0,Angry,0.5816999536041738,2,Fear,0.7044939582273873,V22_CORRECT_V21_WRONG,True,True,True,False
private,1730,0,Angry,0,Angry,0.955384937257633,4,Sad,0.4286132038645952,V21_CORRECT_V22_WRONG,True,True,True,False
private,1734,4,Sad,4,Sad,0.942380431446535,6,Neutral,0.7307602809391386,V21_CORRECT_V22_WRONG,True,True,True,False
private,1737,3,Happy,6,Neutral,0.47373902080792024,3,Happy,0.9463674264489016,V22_CORRECT_V21_WRONG,True,True,True,False
private,1746,3,Happy,3,Happy,0.4057244648259477,6,Neutral,0.5619196963784434,V21_CORRECT_V22_WRONG,True,True,True,False
private,1769,4,Sad,4,Sad,0.9284766460572269,6,Neutral,0.8130002030591184,V21_CORRECT_V22_WRONG,True,True,True,False
private,1771,0,Angry,0,Angry,0.6090340127114141,4,Sad,0.702466799596164,V21_CORRECT_V22_WRONG,True,True,True,False
private,1775,1,Disgust,0,Angry,0.7733996111717079,1,Disgust,0.8330774782775202,V22_CORRECT_V21_WRONG,True,True,True,False
private,1776,2,Fear,4,Sad,0.673692759200345,2,Fear,0.5483794212987727,V22_CORRECT_V21_WRONG,True,True,True,False
private,1778,4,Sad,4,Sad,0.7321296421886377,2,Fear,0.5391431256322716,V21_CORRECT_V22_WRONG,True,True,True,False
private,1784,3,Happy,3,Happy,0.9539740818603105,6,Neutral,0.6958680905680134,V21_CORRECT_V22_WRONG,True,True,True,False
private,1791,4,Sad,0,Angry,0.9503100779043658,4,Sad,0.42841900544182077,V22_CORRECT_V21_WRONG,True,True,True,False
private,1792,4,Sad,3,Happy,0.8085336613482391,4,Sad,0.8519410832926628,V22_CORRECT_V21_WRONG,True,True,True,False
private,1797,4,Sad,4,Sad,0.8001509385142042,2,Fear,0.6837171957605694,V21_CORRECT_V22_WRONG,True,True,True,False
private,1805,6,Neutral,0,Angry,0.8425328889592044,6,Neutral,0.7007191775102664,V22_CORRECT_V21_WRONG,True,True,True,False
private,1817,0,Angry,0,Angry,0.38568805792705646,2,Fear,0.4102472041275963,V21_CORRECT_V22_WRONG,True,True,True,False
private,1819,2,Fear,2,Fear,0.6284617292109244,6,Neutral,0.6272618161648216,V21_CORRECT_V22_WRONG,True,True,True,False
private,1822,2,Fear,4,Sad,0.7749447475018763,2,Fear,0.9169332054092207,V22_CORRECT_V21_WRONG,True,True,True,False
private,1831,3,Happy,0,Angry,0.34793379314806594,3,Happy,0.4911455378842325,V22_CORRECT_V21_WRONG,True,True,True,False
private,1839,4,Sad,4,Sad,0.49430423505185367,0,Angry,0.8212336912728087,V21_CORRECT_V22_WRONG,True,True,True,False
private,1844,0,Angry,4,Sad,0.7331527890151317,0,Angry,0.5827137363183372,V22_CORRECT_V21_WRONG,True,True,True,False
private,1849,6,Neutral,3,Happy,0.5492925167322674,6,Neutral,0.9411737970396448,V22_CORRECT_V21_WRONG,True,True,True,False
private,1853,0,Angry,0,Angry,0.805524049104591,2,Fear,0.9308602159453286,V21_CORRECT_V22_WRONG,True,True,True,False
private,1866,4,Sad,2,Fear,0.8873492657173996,4,Sad,0.41191393872222243,V22_CORRECT_V21_WRONG,True,True,True,False
private,1890,3,Happy,3,Happy,0.916950585908804,0,Angry,0.802318430491752,V21_CORRECT_V22_WRONG,True,True,True,False
private,1894,4,Sad,4,Sad,0.7820058648708579,2,Fear,0.8095859779905688,V21_CORRECT_V22_WRONG,True,True,True,False
private,1905,3,Happy,3,Happy,0.7864967109503164,0,Angry,0.8950328164420438,V21_CORRECT_V22_WRONG,True,True,True,False
private,1908,3,Happy,3,Happy,0.9488693206712953,6,Neutral,0.7553606645734208,V21_CORRECT_V22_WRONG,True,True,True,False
private,1919,2,Fear,0,Angry,0.926154763888011,2,Fear,0.70602632907818,V22_CORRECT_V21_WRONG,True,True,True,False
private,1926,4,Sad,6,Neutral,0.5544696688566509,4,Sad,0.8234244634022588,V22_CORRECT_V21_WRONG,True,True,True,False
private,1929,5,Surprise,0,Angry,0.8843985071161103,5,Surprise,0.9537784650291882,V22_CORRECT_V21_WRONG,True,True,True,False
private,1931,5,Surprise,2,Fear,0.9122898998456946,5,Surprise,0.7908277497106816,V22_CORRECT_V21_WRONG,True,True,True,False
private,1938,2,Fear,2,Fear,0.48794557906880137,0,Angry,0.5879112372848534,V21_CORRECT_V22_WRONG,True,True,True,False
private,1942,0,Angry,2,Fear,0.9024499222874229,0,Angry,0.6237510962487066,V22_CORRECT_V21_WRONG,True,True,True,False
private,1943,2,Fear,4,Sad,0.6131559246873067,2,Fear,0.8969923205130662,V22_CORRECT_V21_WRONG,True,True,True,False
private,1944,4,Sad,6,Neutral,0.40905405281900714,4,Sad,0.8640843940149501,V22_CORRECT_V21_WRONG,True,True,True,False
private,1948,4,Sad,0,Angry,0.6931360138516867,4,Sad,0.7066812072174412,V22_CORRECT_V21_WRONG,True,True,True,False
private,1951,2,Fear,2,Fear,0.9054157451331531,0,Angry,0.825424790254626,V21_CORRECT_V22_WRONG,True,True,True,False
private,1963,6,Neutral,6,Neutral,0.5994920620579756,0,Angry,0.4383579898090122,V21_CORRECT_V22_WRONG,True,True,True,False
private,1980,6,Neutral,6,Neutral,0.634120275808877,3,Happy,0.6242337730514261,V21_CORRECT_V22_WRONG,True,True,True,False
private,1984,3,Happy,3,Happy,0.9535215230195531,4,Sad,0.9153635609412272,V21_CORRECT_V22_WRONG,True,True,True,False
private,1992,2,Fear,1,Disgust,0.9024573943067968,2,Fear,0.9337630146937951,V22_CORRECT_V21_WRONG,True,True,True,False
private,1994,6,Neutral,2,Fear,0.9179146778792264,6,Neutral,0.8068274013823604,V22_CORRECT_V21_WRONG,True,True,True,False
private,1996,3,Happy,0,Angry,0.7721397340227952,3,Happy,0.9211508704944487,V22_CORRECT_V21_WRONG,True,True,True,False
private,2001,6,Neutral,4,Sad,0.43752491876077143,6,Neutral,0.871491297252215,V22_CORRECT_V21_WRONG,True,True,True,False
private,2012,2,Fear,0,Angry,0.46889395696828484,2,Fear,0.7996681480778937,V22_CORRECT_V21_WRONG,True,True,True,False
private,2016,4,Sad,2,Fear,0.8962860267871077,4,Sad,0.8451947362789692,V22_CORRECT_V21_WRONG,True,True,True,False
private,2021,4,Sad,2,Fear,0.46915153738206633,4,Sad,0.4896448589271878,V22_CORRECT_V21_WRONG,True,True,True,False
private,2024,6,Neutral,4,Sad,0.9171064002207356,6,Neutral,0.8822614949453715,V22_CORRECT_V21_WRONG,True,True,True,False
private,2026,6,Neutral,6,Neutral,0.895664262269729,0,Angry,0.9492759332850256,V21_CORRECT_V22_WRONG,True,True,True,False
private,2029,2,Fear,2,Fear,0.879086388430328,6,Neutral,0.4751553115913518,V21_CORRECT_V22_WRONG,True,True,True,False
private,2043,4,Sad,4,Sad,0.4078970271155234,6,Neutral,0.835520835964809,V21_CORRECT_V22_WRONG,True,True,True,False
private,2044,6,Neutral,2,Fear,0.8582137447020182,6,Neutral,0.889112688623384,V22_CORRECT_V21_WRONG,True,True,True,False
private,2045,6,Neutral,3,Happy,0.8339125011790077,6,Neutral,0.9106809534045349,V22_CORRECT_V21_WRONG,True,True,True,False
private,2048,6,Neutral,3,Happy,0.9544608001907252,6,Neutral,0.5705310355446389,V22_CORRECT_V21_WRONG,True,True,True,False
private,2073,2,Fear,4,Sad,0.8428541357839515,2,Fear,0.7699862513408146,V22_CORRECT_V21_WRONG,True,True,True,False
private,2078,2,Fear,6,Neutral,0.6413252248892514,2,Fear,0.91117315566434,V22_CORRECT_V21_WRONG,True,True,True,False
private,2094,3,Happy,2,Fear,0.9445884580208638,3,Happy,0.9477562661844764,V22_CORRECT_V21_WRONG,True,True,True,False
private,2096,3,Happy,6,Neutral,0.9471315921315845,3,Happy,0.9539766137585822,V22_CORRECT_V21_WRONG,True,True,True,False
private,2100,0,Angry,6,Neutral,0.5290746480370306,0,Angry,0.9330925481802463,V22_CORRECT_V21_WRONG,True,True,True,False
private,2128,6,Neutral,6,Neutral,0.9175846063499611,4,Sad,0.8549277530770282,V21_CORRECT_V22_WRONG,True,True,True,False
private,2138,3,Happy,3,Happy,0.4633597392040658,1,Disgust,0.4126534917934947,V21_CORRECT_V22_WRONG,True,True,True,False
private,2140,4,Sad,0,Angry,0.8437763640180803,4,Sad,0.9394653985283915,V22_CORRECT_V21_WRONG,True,True,True,False
private,2146,4,Sad,0,Angry,0.9506114692586025,4,Sad,0.7089143980425987,V22_CORRECT_V21_WRONG,True,True,True,False
private,2149,3,Happy,0,Angry,0.9548548060910774,3,Happy,0.9474229461122738,V22_CORRECT_V21_WRONG,True,True,True,False
private,2150,0,Angry,0,Angry,0.4957088108163411,4,Sad,0.9609485734237115,V21_CORRECT_V22_WRONG,True,True,False,False
private,2169,0,Angry,4,Sad,0.5457711109109089,0,Angry,0.8005658282126131,V22_CORRECT_V21_WRONG,True,True,True,False
private,2172,0,Angry,0,Angry,0.6373280252879715,3,Happy,0.6251175675868674,V21_CORRECT_V22_WRONG,True,True,True,False
private,2179,4,Sad,4,Sad,0.8526700106269218,0,Angry,0.6428098669104347,V21_CORRECT_V22_WRONG,True,True,True,False
private,2183,6,Neutral,6,Neutral,0.9285349023657569,4,Sad,0.45889501127488996,V21_CORRECT_V22_WRONG,True,True,True,False
private,2186,4,Sad,6,Neutral,0.45295978831115524,4,Sad,0.795356355830721,V22_CORRECT_V21_WRONG,True,True,True,False
private,2190,6,Neutral,6,Neutral,0.7407785669855487,0,Angry,0.5949980739671532,V21_CORRECT_V22_WRONG,True,True,True,False
private,2193,6,Neutral,6,Neutral,0.9012793201521575,4,Sad,0.9154002869760062,V21_CORRECT_V22_WRONG,True,True,True,False
private,2195,5,Surprise,5,Surprise,0.825103677780954,3,Happy,0.7556924557333156,V21_CORRECT_V22_WRONG,True,True,True,False
private,2197,4,Sad,2,Fear,0.888135319065474,4,Sad,0.7404676682266296,V22_CORRECT_V21_WRONG,True,True,True,False
private,2198,5,Surprise,5,Surprise,0.8266734645816884,2,Fear,0.9347231683722405,V21_CORRECT_V22_WRONG,True,True,True,False
private,2207,1,Disgust,1,Disgust,0.8431533508941995,0,Angry,0.7697959660458555,V21_CORRECT_V22_WRONG,True,True,False,False
private,2213,3,Happy,3,Happy,0.9184167198520535,6,Neutral,0.5124578148511789,V21_CORRECT_V22_WRONG,True,True,True,False
private,2221,1,Disgust,0,Angry,0.6626913980817539,1,Disgust,0.4209102719559845,V22_CORRECT_V21_WRONG,True,True,False,False
private,2232,6,Neutral,0,Angry,0.6082904701811512,6,Neutral,0.5643894169624015,V22_CORRECT_V21_WRONG,True,True,True,False
private,2233,3,Happy,5,Surprise,0.8289623971033349,3,Happy,0.5553218756787921,V22_CORRECT_V21_WRONG,True,True,True,False
private,2238,5,Surprise,2,Fear,0.5404874113097705,5,Surprise,0.7130107097972743,V22_CORRECT_V21_WRONG,True,True,True,False
private,2246,0,Angry,0,Angry,0.4149748395522689,2,Fear,0.8119207782394077,V21_CORRECT_V22_WRONG,True,True,True,False
private,2248,5,Surprise,2,Fear,0.7056473898127492,5,Surprise,0.8421690316915708,V22_CORRECT_V21_WRONG,True,True,True,False
private,2249,4,Sad,2,Fear,0.8516454010152229,4,Sad,0.8539928593583552,V22_CORRECT_V21_WRONG,True,True,True,False
private,2260,6,Neutral,4,Sad,0.3833349964993348,6,Neutral,0.3601341626752181,V22_CORRECT_V21_WRONG,True,True,True,False
private,2265,6,Neutral,4,Sad,0.8260115430729441,6,Neutral,0.875514664003052,V22_CORRECT_V21_WRONG,True,True,True,False
private,2272,6,Neutral,6,Neutral,0.7218787021242542,4,Sad,0.4770258392881907,V21_CORRECT_V22_WRONG,True,True,True,False
private,2275,2,Fear,2,Fear,0.9300631178794567,5,Surprise,0.50524166009837,V21_CORRECT_V22_WRONG,True,True,True,False
private,2277,4,Sad,2,Fear,0.6952306453723419,4,Sad,0.9450733051795298,V22_CORRECT_V21_WRONG,True,True,True,False
private,2286,2,Fear,4,Sad,0.4576293124817683,2,Fear,0.8977541057387212,V22_CORRECT_V21_WRONG,True,True,True,False
private,2287,3,Happy,3,Happy,0.9628516354014947,0,Angry,0.6921654998402568,V21_CORRECT_V22_WRONG,True,True,True,False
private,2288,6,Neutral,4,Sad,0.4830788455053964,6,Neutral,0.4280434032137922,V22_CORRECT_V21_WRONG,True,True,True,False
private,2296,2,Fear,0,Angry,0.7520584627907112,2,Fear,0.916779480662704,V22_CORRECT_V21_WRONG,True,True,True,False
private,2297,6,Neutral,4,Sad,0.6355625924105544,6,Neutral,0.8163120573125187,V22_CORRECT_V21_WRONG,True,True,True,False
private,2307,4,Sad,4,Sad,0.5213333993444024,0,Angry,0.6401549041292522,V21_CORRECT_V22_WRONG,True,True,True,False
private,2316,3,Happy,3,Happy,0.8557015602636102,6,Neutral,0.7269903552791817,V21_CORRECT_V22_WRONG,True,True,True,False
private,2342,2,Fear,3,Happy,0.5068485170422662,2,Fear,0.9306996397875653,V22_CORRECT_V21_WRONG,True,True,True,False
private,2343,2,Fear,5,Surprise,0.41415683999541775,2,Fear,0.7428147986468859,V22_CORRECT_V21_WRONG,True,True,True,False
private,2362,2,Fear,2,Fear,0.8966424830204736,4,Sad,0.9475192626546732,V21_CORRECT_V22_WRONG,True,True,True,False
private,2379,4,Sad,0,Angry,0.7245264213163025,4,Sad,0.8371777845345875,V22_CORRECT_V21_WRONG,True,True,True,False
private,2381,4,Sad,4,Sad,0.6833195294817132,2,Fear,0.4877409848128918,V21_CORRECT_V22_WRONG,True,True,True,False
private,2385,3,Happy,5,Surprise,0.7233064152631511,3,Happy,0.9515135476940098,V22_CORRECT_V21_WRONG,True,True,True,False
private,2388,0,Angry,0,Angry,0.9631436179890829,4,Sad,0.843658648496673,V21_CORRECT_V22_WRONG,True,True,True,False
private,2390,3,Happy,3,Happy,0.6486994697888375,5,Surprise,0.5534368142941066,V21_CORRECT_V22_WRONG,True,True,True,False
private,2399,6,Neutral,2,Fear,0.5411377306607836,6,Neutral,0.8443960331936617,V22_CORRECT_V21_WRONG,True,True,True,False
private,2415,2,Fear,2,Fear,0.5487643751306197,0,Angry,0.8418478265844178,V21_CORRECT_V22_WRONG,True,True,True,False
private,2424,5,Surprise,3,Happy,0.6040121579939713,5,Surprise,0.8628571592694385,V22_CORRECT_V21_WRONG,True,True,True,False
private,2425,2,Fear,5,Surprise,0.37970113326148663,2,Fear,0.8717483043243017,V22_CORRECT_V21_WRONG,True,True,True,False
private,2427,5,Surprise,2,Fear,0.8353579574329975,5,Surprise,0.9416201927355123,V22_CORRECT_V21_WRONG,True,True,True,False
private,2428,4,Sad,4,Sad,0.9022293384456165,6,Neutral,0.7146764265663017,V21_CORRECT_V22_WRONG,True,True,True,False
private,2432,2,Fear,2,Fear,0.5719492644070401,5,Surprise,0.8287357647068495,V21_CORRECT_V22_WRONG,True,True,True,False
private,2442,0,Angry,0,Angry,0.5442513716690585,4,Sad,0.8233578979534589,V21_CORRECT_V22_WRONG,True,True,True,False
private,2451,0,Angry,0,Angry,0.43708699960822844,2,Fear,0.9438119063258955,V21_CORRECT_V22_WRONG,True,True,True,False
private,2454,6,Neutral,6,Neutral,0.5209686404561151,4,Sad,0.9155836788490651,V21_CORRECT_V22_WRONG,True,True,True,False
private,2464,2,Fear,4,Sad,0.9445847656491237,2,Fear,0.8771447262750692,V22_CORRECT_V21_WRONG,True,True,True,False
private,2469,2,Fear,2,Fear,0.6885688566460005,5,Surprise,0.94070572593651,V21_CORRECT_V22_WRONG,True,True,True,False
private,2471,6,Neutral,6,Neutral,0.9290532723784949,4,Sad,0.7349768057710361,V21_CORRECT_V22_WRONG,True,True,True,False
private,2474,3,Happy,6,Neutral,0.6282433838294598,3,Happy,0.9482707197032544,V22_CORRECT_V21_WRONG,True,True,True,False
private,2479,5,Surprise,5,Surprise,0.9334568578193313,2,Fear,0.4953403046863301,V21_CORRECT_V22_WRONG,True,True,True,False
private,2484,4,Sad,0,Angry,0.7628736047572956,4,Sad,0.83358461477789,V22_CORRECT_V21_WRONG,True,True,True,False
private,2490,4,Sad,3,Happy,0.9477470940766018,4,Sad,0.8597612270399382,V22_CORRECT_V21_WRONG,True,True,True,False
private,2491,4,Sad,4,Sad,0.7386749270650145,2,Fear,0.6586725354967595,V21_CORRECT_V22_WRONG,True,True,True,False
private,2521,3,Happy,0,Angry,0.2968547686894863,3,Happy,0.951484195762215,V22_CORRECT_V21_WRONG,True,True,True,False
private,2525,4,Sad,4,Sad,0.752321744552001,2,Fear,0.8561851709578859,V21_CORRECT_V22_WRONG,True,True,True,False
private,2532,0,Angry,0,Angry,0.385563633073451,4,Sad,0.5911809395400779,V21_CORRECT_V22_WRONG,True,True,True,False
private,2533,6,Neutral,6,Neutral,0.8074587801968791,2,Fear,0.8552509267659115,V21_CORRECT_V22_WRONG,True,True,True,False
private,2536,4,Sad,2,Fear,0.9205109061234495,4,Sad,0.5865406814996381,V22_CORRECT_V21_WRONG,True,True,True,False
private,2540,4,Sad,5,Surprise,0.6368874379558085,4,Sad,0.9408874539787285,V22_CORRECT_V21_WRONG,True,True,True,False
private,2544,0,Angry,4,Sad,0.8895220690144732,0,Angry,0.44953256302847094,V22_CORRECT_V21_WRONG,True,True,True,False
private,2553,6,Neutral,6,Neutral,0.9265275998297801,0,Angry,0.3155322859615398,V21_CORRECT_V22_WRONG,True,True,True,False
private,2556,6,Neutral,6,Neutral,0.47725268273083415,4,Sad,0.8912629895899233,V21_CORRECT_V22_WRONG,True,True,True,False
private,2558,6,Neutral,6,Neutral,0.8776637067927028,4,Sad,0.574308237693339,V21_CORRECT_V22_WRONG,True,True,True,False
private,2571,0,Angry,3,Happy,0.9482926675675253,0,Angry,0.5668227958487759,V22_CORRECT_V21_WRONG,True,True,True,False
private,2575,4,Sad,4,Sad,0.8524059848924099,6,Neutral,0.51788638428262,V21_CORRECT_V22_WRONG,True,True,True,False
private,2587,6,Neutral,0,Angry,0.8919824674994444,6,Neutral,0.9310786018456623,V22_CORRECT_V21_WRONG,True,True,True,False
private,2589,0,Angry,2,Fear,0.8717985456508428,0,Angry,0.41798493978823603,V22_CORRECT_V21_WRONG,True,True,True,False
private,2595,3,Happy,3,Happy,0.75741562772634,5,Surprise,0.6507959093541671,V21_CORRECT_V22_WRONG,True,True,True,False
private,2598,0,Angry,6,Neutral,0.48588468178810323,0,Angry,0.45756899457597777,V22_CORRECT_V21_WRONG,True,True,True,False
private,2601,4,Sad,6,Neutral,0.33558647703725664,4,Sad,0.9639551666541972,V22_CORRECT_V21_WRONG,True,True,True,False
private,2608,6,Neutral,6,Neutral,0.7797327391683059,2,Fear,0.8443542930106916,V21_CORRECT_V22_WRONG,True,True,True,False
private,2615,4,Sad,4,Sad,0.9387949405591248,2,Fear,0.5300044409903462,V21_CORRECT_V22_WRONG,True,True,True,False
private,2618,5,Surprise,5,Surprise,0.7719584464804897,2,Fear,0.4856611749031284,V21_CORRECT_V22_WRONG,True,True,True,False
private,2632,6,Neutral,4,Sad,0.7412836451974086,6,Neutral,0.6047641483650831,V22_CORRECT_V21_WRONG,True,True,True,False
private,2636,3,Happy,3,Happy,0.7754174577669184,6,Neutral,0.9564964827209267,V21_CORRECT_V22_WRONG,True,True,True,False
private,2642,4,Sad,0,Angry,0.613683048688114,4,Sad,0.567835899853864,V22_CORRECT_V21_WRONG,True,True,True,False
private,2644,4,Sad,4,Sad,0.630942567402149,2,Fear,0.4991595668326565,V21_CORRECT_V22_WRONG,True,True,True,False
private,2656,3,Happy,3,Happy,0.8737976324182757,0,Angry,0.45192216574827865,V21_CORRECT_V22_WRONG,True,True,True,False
private,2657,0,Angry,4,Sad,0.8272749021888927,0,Angry,0.7904374036978051,V22_CORRECT_V21_WRONG,True,True,True,False
private,2662,0,Angry,0,Angry,0.928869090202803,4,Sad,0.31378532957396427,V21_CORRECT_V22_WRONG,True,True,True,False
private,2673,4,Sad,0,Angry,0.522345761781978,4,Sad,0.535919757902132,V22_CORRECT_V21_WRONG,True,True,True,False
private,2679,6,Neutral,3,Happy,0.6780006624284091,6,Neutral,0.9487385097805547,V22_CORRECT_V21_WRONG,True,True,True,False
private,2682,6,Neutral,4,Sad,0.5479871992026433,6,Neutral,0.9130546185469893,V22_CORRECT_V21_WRONG,True,True,True,False
private,2689,5,Surprise,5,Surprise,0.9082675103025409,2,Fear,0.956428087967411,V21_CORRECT_V22_WRONG,True,True,True,False
private,2693,4,Sad,4,Sad,0.5181402406977825,2,Fear,0.8289779282966944,V21_CORRECT_V22_WRONG,True,True,True,False
private,2697,3,Happy,0,Angry,0.8701065173364949,3,Happy,0.9432038920211759,V22_CORRECT_V21_WRONG,True,True,True,False
private,2699,2,Fear,5,Surprise,0.7825950276869037,2,Fear,0.5060588206773678,V22_CORRECT_V21_WRONG,True,True,True,False
private,2701,3,Happy,0,Angry,0.7458834400970733,3,Happy,0.46489826630363384,V22_CORRECT_V21_WRONG,True,True,True,False
private,2706,6,Neutral,6,Neutral,0.4437949672975977,4,Sad,0.8613533854887476,V21_CORRECT_V22_WRONG,True,True,True,False
private,2711,0,Angry,4,Sad,0.48054587499209506,0,Angry,0.9316782341810818,V22_CORRECT_V21_WRONG,True,True,True,False
private,2718,3,Happy,3,Happy,0.9547166559961096,2,Fear,0.8398242287461835,V21_CORRECT_V22_WRONG,True,True,True,False
private,2727,6,Neutral,4,Sad,0.8720515952758326,6,Neutral,0.5201077667591983,V22_CORRECT_V21_WRONG,True,True,True,False
private,2742,0,Angry,2,Fear,0.6247447515330254,0,Angry,0.8547193221218662,V22_CORRECT_V21_WRONG,True,True,True,False
private,2752,3,Happy,3,Happy,0.9414956916165138,6,Neutral,0.930907334335514,V21_CORRECT_V22_WRONG,True,True,False,False
private,2755,4,Sad,4,Sad,0.441281650786931,6,Neutral,0.9392842446756353,V21_CORRECT_V22_WRONG,True,True,True,False
private,2759,3,Happy,3,Happy,0.9494443770141308,2,Fear,0.7541353679225542,V21_CORRECT_V22_WRONG,True,True,True,False
private,2760,4,Sad,4,Sad,0.794861195928194,2,Fear,0.6075882284528705,V21_CORRECT_V22_WRONG,True,True,True,False
private,2797,5,Surprise,5,Surprise,0.5253244527591989,2,Fear,0.8723434201845673,V21_CORRECT_V22_WRONG,True,True,True,False
private,2799,2,Fear,2,Fear,0.47291986902925937,4,Sad,0.9287521267321633,V21_CORRECT_V22_WRONG,True,True,True,False
private,2802,6,Neutral,6,Neutral,0.8174318952949018,0,Angry,0.5607852600768874,V21_CORRECT_V22_WRONG,True,True,True,False
private,2810,6,Neutral,6,Neutral,0.7555097829906624,0,Angry,0.7994168622358803,V21_CORRECT_V22_WRONG,True,True,True,False
private,2816,2,Fear,0,Angry,0.8409693113183441,2,Fear,0.9294203054143373,V22_CORRECT_V21_WRONG,True,True,True,False
private,2817,0,Angry,0,Angry,0.9072749767982227,1,Disgust,0.745627562314555,V21_CORRECT_V22_WRONG,True,True,True,False
private,2825,0,Angry,0,Angry,0.5651446683963108,6,Neutral,0.3799815955964208,V21_CORRECT_V22_WRONG,True,True,True,False
private,2826,6,Neutral,3,Happy,0.39096835353903536,6,Neutral,0.8798887315838406,V22_CORRECT_V21_WRONG,True,True,True,False
private,2831,6,Neutral,4,Sad,0.5249953256411682,6,Neutral,0.8044541189837846,V22_CORRECT_V21_WRONG,True,True,True,False
private,2838,6,Neutral,6,Neutral,0.9379016454013253,4,Sad,0.9387150524941914,V21_CORRECT_V22_WRONG,True,True,True,False
private,2849,0,Angry,0,Angry,0.7416166478275268,6,Neutral,0.9578778802659693,V21_CORRECT_V22_WRONG,True,True,True,False
private,2857,4,Sad,4,Sad,0.8660117571830949,2,Fear,0.4868905938774914,V21_CORRECT_V22_WRONG,True,True,True,False
private,2859,4,Sad,4,Sad,0.5920812132373385,6,Neutral,0.8623357106887262,V21_CORRECT_V22_WRONG,True,True,True,False
private,2865,3,Happy,3,Happy,0.5312108186746703,6,Neutral,0.9254019111381427,V21_CORRECT_V22_WRONG,True,True,True,False
private,2868,6,Neutral,6,Neutral,0.904228214305282,0,Angry,0.9629048577113835,V21_CORRECT_V22_WRONG,True,True,True,False
private,2869,6,Neutral,4,Sad,0.8242336147843363,6,Neutral,0.9163096131990927,V22_CORRECT_V21_WRONG,True,True,True,False
private,2870,0,Angry,0,Angry,0.8621487405183276,4,Sad,0.36991263558428883,V21_CORRECT_V22_WRONG,True,True,True,False
private,2871,3,Happy,3,Happy,0.9197057866290029,6,Neutral,0.786617467985855,V21_CORRECT_V22_WRONG,True,True,True,False
private,2872,0,Angry,0,Angry,0.956502294168492,6,Neutral,0.7930196487873132,V21_CORRECT_V22_WRONG,True,True,True,False
private,2874,3,Happy,3,Happy,0.7341764989372693,0,Angry,0.8456789035787227,V21_CORRECT_V22_WRONG,True,True,True,False
private,2878,6,Neutral,4,Sad,0.7537398511978023,6,Neutral,0.5092088274710167,V22_CORRECT_V21_WRONG,True,True,True,False
private,2884,3,Happy,5,Surprise,0.7854337196770734,3,Happy,0.7214017842857351,V22_CORRECT_V21_WRONG,True,True,True,False
private,2888,2,Fear,2,Fear,0.7281951152331401,4,Sad,0.9490876363709948,V21_CORRECT_V22_WRONG,True,True,True,False
private,2890,5,Surprise,2,Fear,0.5954631686562225,5,Surprise,0.5435543302482476,V22_CORRECT_V21_WRONG,True,True,True,False
private,2906,4,Sad,4,Sad,0.4980906840360742,2,Fear,0.4910389315825372,V21_CORRECT_V22_WRONG,True,True,True,False
private,2932,2,Fear,5,Surprise,0.6882733008964453,2,Fear,0.9357870436772758,V22_CORRECT_V21_WRONG,True,True,True,False
private,2946,2,Fear,2,Fear,0.5659669796788995,3,Happy,0.8926860264525923,V21_CORRECT_V22_WRONG,True,True,True,False
private,2952,2,Fear,2,Fear,0.798790626404926,0,Angry,0.5255009702223212,V21_CORRECT_V22_WRONG,True,True,True,False
private,2959,2,Fear,2,Fear,0.9503936174974241,4,Sad,0.5143134779405214,V21_CORRECT_V22_WRONG,True,True,True,False
private,2962,4,Sad,4,Sad,0.8171460176008658,6,Neutral,0.578843835221863,V21_CORRECT_V22_WRONG,True,True,True,False
private,2971,2,Fear,5,Surprise,0.6392175568169679,2,Fear,0.8477657298593746,V22_CORRECT_V21_WRONG,True,True,True,False
private,2975,4,Sad,6,Neutral,0.8065920641917094,4,Sad,0.9454260490072586,V22_CORRECT_V21_WRONG,True,True,True,False
private,2980,0,Angry,0,Angry,0.6199609682707719,4,Sad,0.8988594391404305,V21_CORRECT_V22_WRONG,True,True,True,False
private,2983,2,Fear,0,Angry,0.9545083532866033,2,Fear,0.8291230040173151,V22_CORRECT_V21_WRONG,True,True,True,False
private,3004,6,Neutral,4,Sad,0.9488290288097894,6,Neutral,0.8993443617968028,V22_CORRECT_V21_WRONG,True,True,True,False
private,3021,2,Fear,4,Sad,0.4933040111150484,2,Fear,0.7539003656696306,V22_CORRECT_V21_WRONG,True,True,True,False
private,3029,4,Sad,4,Sad,0.7202318673170343,6,Neutral,0.8972051018733467,V21_CORRECT_V22_WRONG,True,True,True,False
private,3034,6,Neutral,6,Neutral,0.7779629001188557,0,Angry,0.929568540147913,V21_CORRECT_V22_WRONG,True,True,True,False
private,3049,2,Fear,2,Fear,0.8079515460345399,5,Surprise,0.8728259732300275,V21_CORRECT_V22_WRONG,True,True,True,False
private,3059,2,Fear,2,Fear,0.8483192881016125,3,Happy,0.6200094958094099,V21_CORRECT_V22_WRONG,True,True,True,False
private,3062,5,Surprise,2,Fear,0.6642963223080866,5,Surprise,0.8826136296392898,V22_CORRECT_V21_WRONG,True,True,True,False
private,3064,2,Fear,2,Fear,0.8932418639427969,0,Angry,0.9135874297205118,V21_CORRECT_V22_WRONG,True,True,True,False
private,3067,4,Sad,3,Happy,0.5643207371336456,4,Sad,0.29190845915249963,V22_CORRECT_V21_WRONG,True,True,True,False
private,3077,4,Sad,4,Sad,0.631701111363349,3,Happy,0.9503162448864935,V21_CORRECT_V22_WRONG,True,True,True,False
private,3087,0,Angry,2,Fear,0.8987156226638686,0,Angry,0.9611465137963725,V22_CORRECT_V21_WRONG,True,True,True,False
private,3094,6,Neutral,4,Sad,0.7057844791207758,6,Neutral,0.4960101689733416,V22_CORRECT_V21_WRONG,True,True,True,False
private,3099,4,Sad,0,Angry,0.6693039914767872,4,Sad,0.8485199276314289,V22_CORRECT_V21_WRONG,True,True,True,False
private,3109,0,Angry,0,Angry,0.9350571817187154,6,Neutral,0.7830217953780879,V21_CORRECT_V22_WRONG,True,True,True,False
private,3117,6,Neutral,4,Sad,0.676289677513168,6,Neutral,0.6707639242487063,V22_CORRECT_V21_WRONG,True,True,True,False
private,3129,2,Fear,4,Sad,0.7358587431815481,2,Fear,0.9626229934488778,V22_CORRECT_V21_WRONG,True,True,True,False
private,3133,4,Sad,4,Sad,0.3785331141136396,6,Neutral,0.7415329262238992,V21_CORRECT_V22_WRONG,True,True,True,False
private,3141,0,Angry,2,Fear,0.6696398426413225,0,Angry,0.9421784095992595,V22_CORRECT_V21_WRONG,True,True,True,False
private,3143,6,Neutral,6,Neutral,0.9095307918546208,4,Sad,0.8655240764201383,V21_CORRECT_V22_WRONG,True,True,True,False
private,3149,0,Angry,0,Angry,0.37765426983297257,4,Sad,0.9262699595121586,V21_CORRECT_V22_WRONG,True,True,True,False
private,3150,4,Sad,6,Neutral,0.6429884124084491,4,Sad,0.5491917270996287,V22_CORRECT_V21_WRONG,True,True,True,False
private,3160,5,Surprise,2,Fear,0.9584989703462795,5,Surprise,0.6872421913417205,V22_CORRECT_V21_WRONG,True,True,True,False
private,3161,3,Happy,4,Sad,0.8993797511071849,3,Happy,0.9577332861901764,V22_CORRECT_V21_WRONG,True,True,True,False
private,3170,5,Surprise,2,Fear,0.710034761204182,5,Surprise,0.9226783364664037,V22_CORRECT_V21_WRONG,True,True,True,False
private,3178,6,Neutral,0,Angry,0.5131241155689827,6,Neutral,0.48921704144174444,V22_CORRECT_V21_WRONG,True,True,True,False
private,3181,2,Fear,2,Fear,0.7747533636160999,4,Sad,0.30831069092237995,V21_CORRECT_V22_WRONG,True,True,True,False
private,3188,4,Sad,4,Sad,0.8702425992023975,3,Happy,0.6503389432039086,V21_CORRECT_V22_WRONG,True,True,True,False
private,3193,2,Fear,2,Fear,0.5870337541245865,4,Sad,0.8985584327149627,V21_CORRECT_V22_WRONG,True,True,True,False
private,3195,6,Neutral,2,Fear,0.6869820643358421,6,Neutral,0.7782370389828971,V22_CORRECT_V21_WRONG,True,True,True,False
private,3197,4,Sad,4,Sad,0.5676596958043594,2,Fear,0.9341800697565417,V21_CORRECT_V22_WRONG,True,True,True,False
private,3198,4,Sad,6,Neutral,0.5350576999508129,4,Sad,0.8966185112555164,V22_CORRECT_V21_WRONG,True,True,True,False
private,3215,5,Surprise,5,Surprise,0.9496368638313828,0,Angry,0.5049782820889887,V21_CORRECT_V22_WRONG,True,True,True,False
private,3217,4,Sad,3,Happy,0.32467685050945316,4,Sad,0.6664449948054532,V22_CORRECT_V21_WRONG,True,True,True,False
private,3221,3,Happy,3,Happy,0.9384762961844948,6,Neutral,0.9500377690271725,V21_CORRECT_V22_WRONG,True,True,True,False
private,3222,3,Happy,6,Neutral,0.8406804163006849,3,Happy,0.6828034824132682,V22_CORRECT_V21_WRONG,True,True,True,False
private,3228,0,Angry,0,Angry,0.9446783281103032,3,Happy,0.933732874878471,V21_CORRECT_V22_WRONG,True,True,True,False
private,3232,5,Surprise,3,Happy,0.8658897372173733,5,Surprise,0.8554509367920612,V22_CORRECT_V21_WRONG,True,True,True,False
private,3234,6,Neutral,4,Sad,0.3885228846470372,6,Neutral,0.9368571343993733,V22_CORRECT_V21_WRONG,True,True,True,False
private,3235,4,Sad,4,Sad,0.46197752929988745,3,Happy,0.9216575161483902,V21_CORRECT_V22_WRONG,True,True,True,False
private,3237,6,Neutral,3,Happy,0.6241066774653462,6,Neutral,0.9291098693678772,V22_CORRECT_V21_WRONG,True,True,True,False
private,3243,2,Fear,2,Fear,0.5343884660988262,4,Sad,0.6538989507261816,V21_CORRECT_V22_WRONG,True,True,True,False
private,3267,0,Angry,0,Angry,0.44943900812898335,4,Sad,0.4571075692641379,V21_CORRECT_V22_WRONG,True,True,True,False
private,3274,0,Angry,3,Happy,0.7676208292003002,0,Angry,0.9515120372227943,V22_CORRECT_V21_WRONG,True,True,True,False
private,3277,2,Fear,4,Sad,0.5277419002212594,2,Fear,0.45317079572046354,V22_CORRECT_V21_WRONG,True,True,True,False
private,3298,3,Happy,3,Happy,0.8676214172057056,5,Surprise,0.48198932792842863,V21_CORRECT_V22_WRONG,True,True,True,False
private,3302,4,Sad,4,Sad,0.597269348731847,2,Fear,0.6030305109135189,V21_CORRECT_V22_WRONG,True,True,True,False
private,3306,3,Happy,2,Fear,0.6263078879483857,3,Happy,0.7251657941633404,V22_CORRECT_V21_WRONG,True,True,True,False
private,3313,0,Angry,0,Angry,0.8468767083314876,3,Happy,0.8503774462133427,V21_CORRECT_V22_WRONG,True,True,True,False
private,3328,6,Neutral,6,Neutral,0.836601033106566,4,Sad,0.8176164806286476,V21_CORRECT_V22_WRONG,True,True,True,False
private,3331,2,Fear,2,Fear,0.8590467664042578,0,Angry,0.9424575781827057,V21_CORRECT_V22_WRONG,True,True,True,False
private,3336,6,Neutral,6,Neutral,0.750350472869603,4,Sad,0.6772281977805225,V21_CORRECT_V22_WRONG,True,True,True,False
private,3348,6,Neutral,6,Neutral,0.6572550921599188,3,Happy,0.5586200137055327,V21_CORRECT_V22_WRONG,True,True,True,False
private,3349,3,Happy,3,Happy,0.7778054184785103,6,Neutral,0.6044823707319963,V21_CORRECT_V22_WRONG,True,True,True,False
private,3356,2,Fear,4,Sad,0.6185473507121837,2,Fear,0.8400188874660376,V22_CORRECT_V21_WRONG,True,True,True,False
private,3357,4,Sad,2,Fear,0.5307111332271669,4,Sad,0.9557939388505333,V22_CORRECT_V21_WRONG,True,True,True,False
private,3372,6,Neutral,6,Neutral,0.7007716780855653,4,Sad,0.801683824947933,V21_CORRECT_V22_WRONG,True,True,True,False
private,3375,6,Neutral,4,Sad,0.4535680889330129,6,Neutral,0.8985179645072695,V22_CORRECT_V21_WRONG,True,True,True,False
private,3376,6,Neutral,4,Sad,0.6387457561367439,6,Neutral,0.5872408805553823,V22_CORRECT_V21_WRONG,True,True,True,False
private,3378,4,Sad,4,Sad,0.5119796418722314,3,Happy,0.9483423599630108,V21_CORRECT_V22_WRONG,True,True,True,False
private,3389,5,Surprise,5,Surprise,0.8839188514602123,3,Happy,0.7547032688444109,V21_CORRECT_V22_WRONG,True,True,True,False
private,3391,6,Neutral,6,Neutral,0.8608594552641654,2,Fear,0.7608581538243547,V21_CORRECT_V22_WRONG,True,True,True,False
private,3393,4,Sad,4,Sad,0.4240838950099512,6,Neutral,0.37552227236357094,V21_CORRECT_V22_WRONG,True,True,True,False
private,3401,4,Sad,4,Sad,0.733515576573655,3,Happy,0.7522441095535941,V21_CORRECT_V22_WRONG,True,True,True,False
private,3407,6,Neutral,4,Sad,0.6489465304933412,6,Neutral,0.9526910295996944,V22_CORRECT_V21_WRONG,True,True,True,False
private,3408,4,Sad,0,Angry,0.6171639211357807,4,Sad,0.9173680908258768,V22_CORRECT_V21_WRONG,True,True,True,False
private,3418,0,Angry,6,Neutral,0.44557773447229765,0,Angry,0.6148572295788626,V22_CORRECT_V21_WRONG,True,True,True,False
private,3430,6,Neutral,3,Happy,0.643793843865587,6,Neutral,0.9347026911009907,V22_CORRECT_V21_WRONG,True,True,True,False
private,3440,5,Surprise,2,Fear,0.7054100620844888,5,Surprise,0.9451033320476244,V22_CORRECT_V21_WRONG,True,True,True,False
private,3442,2,Fear,2,Fear,0.4173273885185292,4,Sad,0.4413441342445076,V21_CORRECT_V22_WRONG,True,True,True,False
private,3443,6,Neutral,4,Sad,0.9290751055680471,6,Neutral,0.9264572671289084,V22_CORRECT_V21_WRONG,True,True,True,False
private,3444,4,Sad,4,Sad,0.765406252449365,0,Angry,0.6600603175005709,V21_CORRECT_V22_WRONG,True,True,True,False
private,3453,0,Angry,1,Disgust,0.8210759610669613,0,Angry,0.8699270821457743,V22_CORRECT_V21_WRONG,True,True,True,False
private,3455,0,Angry,0,Angry,0.47529126527683113,4,Sad,0.5645259268889068,V21_CORRECT_V22_WRONG,True,True,True,False
private,3457,6,Neutral,0,Angry,0.5328975574667498,6,Neutral,0.6053154197016598,V22_CORRECT_V21_WRONG,True,True,True,False
private,3462,2,Fear,5,Surprise,0.5092064664200628,2,Fear,0.964437229275966,V22_CORRECT_V21_WRONG,True,True,True,False
private,3466,6,Neutral,2,Fear,0.7990468022807866,6,Neutral,0.8192475973271088,V22_CORRECT_V21_WRONG,True,True,True,False
private,3467,6,Neutral,4,Sad,0.5035357740819312,6,Neutral,0.9619526482581737,V22_CORRECT_V21_WRONG,True,True,True,False
private,3486,4,Sad,3,Happy,0.523608421366554,4,Sad,0.9298120370759382,V22_CORRECT_V21_WRONG,True,True,True,False
private,3493,2,Fear,2,Fear,0.5032010029440547,0,Angry,0.7323958429808967,V21_CORRECT_V22_WRONG,True,True,True,False
private,3500,5,Surprise,5,Surprise,0.9300295447275415,0,Angry,0.4813641455186711,V21_CORRECT_V22_WRONG,True,True,True,False
private,3507,0,Angry,0,Angry,0.9341062538650181,1,Disgust,0.9478170253376945,V21_CORRECT_V22_WRONG,True,True,True,False
private,3512,0,Angry,6,Neutral,0.6692083847909307,0,Angry,0.43041978094675115,V22_CORRECT_V21_WRONG,True,True,True,False
private,3515,4,Sad,4,Sad,0.6480356745487312,6,Neutral,0.6890838402971358,V21_CORRECT_V22_WRONG,True,True,True,False
private,3520,5,Surprise,5,Surprise,0.7756568094884987,6,Neutral,0.6800417910609656,V21_CORRECT_V22_WRONG,True,True,True,False
private,3521,6,Neutral,6,Neutral,0.9330425552670574,4,Sad,0.35415815716493226,V21_CORRECT_V22_WRONG,True,True,True,False
private,3522,0,Angry,4,Sad,0.6339526580660768,0,Angry,0.633861385139078,V22_CORRECT_V21_WRONG,True,True,True,False
private,3533,5,Surprise,2,Fear,0.5997626089177645,5,Surprise,0.7277194166748128,V22_CORRECT_V21_WRONG,True,True,True,False
private,3540,2,Fear,2,Fear,0.8413934171289758,0,Angry,0.7046851284309451,V21_CORRECT_V22_WRONG,True,True,True,False
private,3541,3,Happy,6,Neutral,0.7878275235433838,3,Happy,0.6223368974688577,V22_CORRECT_V21_WRONG,True,True,True,False
private,3544,5,Surprise,5,Surprise,0.58078626399365,6,Neutral,0.7246652712133559,V21_CORRECT_V22_WRONG,True,True,True,False
private,3550,2,Fear,6,Neutral,0.781844079822892,2,Fear,0.6761040068432612,V22_CORRECT_V21_WRONG,True,True,True,False
private,3553,2,Fear,2,Fear,0.7722345888712931,6,Neutral,0.7373128494102031,V21_CORRECT_V22_WRONG,True,True,True,False
private,3554,6,Neutral,6,Neutral,0.7259916365969655,0,Angry,0.40162690672292584,V21_CORRECT_V22_WRONG,True,True,True,False
private,3555,4,Sad,6,Neutral,0.8169376952346336,4,Sad,0.8775728287784114,V22_CORRECT_V21_WRONG,True,True,True,False
private,3564,2,Fear,2,Fear,0.5026603242072303,6,Neutral,0.7707927923951646,V21_CORRECT_V22_WRONG,True,True,True,False
private,3573,6,Neutral,6,Neutral,0.5250455215505931,4,Sad,0.6542981570998694,V21_CORRECT_V22_WRONG,True,True,True,False
private,3575,4,Sad,2,Fear,0.7979489791585317,4,Sad,0.8579700879807699,V22_CORRECT_V21_WRONG,True,True,True,False
