split,row_index,true_label,true_class,v21_pred,v21_pred_class,v21_confidence,v22_pred,v22_pred_class,v22_confidence,sample_category,is_model_resolvable,is_clean,is_strict_clean,has_train_duplicate
public,0,0,Angry,0,Angry,0.7044773976028851,0,Angry,0.8685883879114168,BOTH_CORRECT,False,True,True,False
public,1,1,Disgust,6,Neutral,0.31893516272186423,6,Neutral,0.4372567887290899,BOTH_WRONG,False,True,True,False
public,2,4,Sad,4,Sad,0.6984198759909626,0,Angry,0.5597927374870038,V21_CORRECT_V22_WRONG,True,True,True,False
public,3,6,Neutral,6,Neutral,0.9200931152633359,6,Neutral,0.798248510358023,BOTH_CORRECT,False,True,True,False
public,4,3,Happy,3,Happy,0.9473295174664259,3,Happy,0.9504341510648275,BOTH_CORRECT,False,True,True,False
public,5,3,Happy,3,Happy,0.8186761477685848,3,Happy,0.9294363062523672,BOTH_CORRECT,False,True,True,False
public,6,2,Fear,5,Surprise,0.7650371756538985,0,Angry,0.9427794591515357,BOTH_WRONG,False,True,True,False
public,7,0,Angry,6,Neutral,0.46611793464648543,6,Neutral,0.6292246607526111,BOTH_WRONG,False,True,True,False
public,8,2,Fear,4,Sad,0.6926428044765411,4,Sad,0.9484548120243593,BOTH_WRONG,False,True,True,False
public,9,0,Angry,4,Sad,0.506661922474934,2,Fear,0.5560939126959293,BOTH_WRONG,False,True,True,False
public,10,3,Happy,3,Happy,0.9116032631876538,3,Happy,0.955274284715699,BOTH_CORRECT,False,True,True,False
public,11,0,Angry,0,Angry,0.8036767929233484,0,Angry,0.9536314199437024,BOTH_CORRECT,False,True,True,False
public,12,4,Sad,0,Angry,0.811190326506266,0,Angry,0.7122831581899731,BOTH_WRONG,False,True,True,False
public,13,2,Fear,2,Fear,0.9626864776916857,2,Fear,0.9564779708504347,BOTH_CORRECT,False,True,True,False
public,14,6,Neutral,6,Neutral,0.9320487242270687,6,Neutral,0.5520941299002354,BOTH_CORRECT,False,True,True,False
public,15,2,Fear,2,Fear,0.6503194439292944,2,Fear,0.6460930661061725,BOTH_CORRECT,False,True,True,False
public,16,5,Surprise,5,Surprise,0.8445297691651178,5,Surprise,0.9515469771676769,BOTH_CORRECT,False,False,False,True
public,17,0,Angry,2,Fear,0.8609726802139421,2,Fear,0.6702119768840118,BOTH_WRONG,False,True,True,False
public,18,5,Surprise,5,Surprise,0.9577222530450956,5,Surprise,0.9569507004587727,BOTH_CORRECT,False,True,True,False
public,19,3,Happy,3,Happy,0.9495314046350517,3,Happy,0.9127596046683623,BOTH_CORRECT,False,True,True,False
public,20,2,Fear,5,Surprise,0.4960351209634799,2,Fear,0.4266113715527095,V22_CORRECT_V21_WRONG,True,True,True,False
public,21,5,Surprise,5,Surprise,0.9568236656416301,5,Surprise,0.9515873678644344,BOTH_CORRECT,False,True,True,False
public,22,0,Angry,6,Neutral,0.7028593224417673,6,Neutral,0.6619798195776468,BOTH_WRONG,False,True,True,False
public,23,4,Sad,4,Sad,0.6370556992458147,4,Sad,0.9204158491023886,BOTH_CORRECT,False,True,True,False
public,24,0,Angry,0,Angry,0.9600403412978303,0,Angry,0.9625038703603284,BOTH_CORRECT,False,True,True,False
public,25,2,Fear,2,Fear,0.3743273768568417,0,Angry,0.7077114809189448,V21_CORRECT_V22_WRONG,True,True,True,False
public,26,4,Sad,4,Sad,0.955113718341554,4,Sad,0.9552134771064209,BOTH_CORRECT,False,True,True,False
public,27,4,Sad,4,Sad,0.9223674461244865,4,Sad,0.8577203901567665,BOTH_CORRECT,False,True,True,False
public,28,0,Angry,0,Angry,0.9426870424075733,6,Neutral,0.47511723584136933,V21_CORRECT_V22_WRONG,True,True,True,False
public,29,2,Fear,5,Surprise,0.9552169851248657,5,Surprise,0.9605895294257116,BOTH_WRONG,False,True,True,False
public,30,3,Happy,3,Happy,0.949478073340112,3,Happy,0.9430743562517334,BOTH_CORRECT,False,False,False,True
public,31,6,Neutral,6,Neutral,0.4914436766961933,6,Neutral,0.8839294073618456,BOTH_CORRECT,False,True,True,False
public,32,3,Happy,3,Happy,0.9514331385607487,3,Happy,0.9560082568280605,BOTH_CORRECT,False,True,True,False
public,33,6,Neutral,6,Neutral,0.9596985091442468,6,Neutral,0.9521181696196601,BOTH_CORRECT,False,True,True,False
public,34,0,Angry,6,Neutral,0.889747087083733,0,Angry,0.6614698717559256,V22_CORRECT_V21_WRONG,True,True,True,False
public,35,4,Sad,4,Sad,0.675221939464426,2,Fear,0.9319042827195952,V21_CORRECT_V22_WRONG,True,True,False,False
public,36,6,Neutral,4,Sad,0.6663995979257425,4,Sad,0.7503688185925312,BOTH_WRONG,False,True,True,False
public,37,2,Fear,2,Fear,0.9433797297235461,2,Fear,0.9619993845250148,BOTH_CORRECT,False,False,False,True
public,38,6,Neutral,6,Neutral,0.9509376374984576,6,Neutral,0.9632883549495603,BOTH_CORRECT,False,True,True,False
public,39,3,Happy,3,Happy,0.9579730286244537,3,Happy,0.8455811299249685,BOTH_CORRECT,False,True,True,False
public,40,0,Angry,0,Angry,0.9572099686312052,0,Angry,0.960207954678429,BOTH_CORRECT,False,True,True,False
public,41,4,Sad,4,Sad,0.9550712866598167,4,Sad,0.9329977198863648,BOTH_CORRECT,False,False,False,True
public,42,4,Sad,6,Neutral,0.5404076475252583,0,Angry,0.949872668817225,BOTH_WRONG,False,True,True,False
public,43,2,Fear,4,Sad,0.7315834339723969,6,Neutral,0.5558317375593138,BOTH_WRONG,False,True,True,False
public,44,6,Neutral,4,Sad,0.6825558544480468,6,Neutral,0.7874407544494201,V22_CORRECT_V21_WRONG,True,True,True,False
public,45,3,Happy,3,Happy,0.9651721398855626,3,Happy,0.5497385150694313,BOTH_CORRECT,False,True,True,False
public,46,5,Surprise,5,Surprise,0.9547229190395825,5,Surprise,0.9483467766169329,BOTH_CORRECT,False,False,False,True
public,47,3,Happy,3,Happy,0.9566162986011487,3,Happy,0.9553638620896809,BOTH_CORRECT,False,True,True,False
public,48,5,Surprise,5,Surprise,0.9467088807824466,5,Surprise,0.8657314014006102,BOTH_CORRECT,False,True,True,False
public,49,6,Neutral,6,Neutral,0.609769521876537,0,Angry,0.6125179506551974,V21_CORRECT_V22_WRONG,True,True,True,False
public,50,0,Angry,0,Angry,0.7231948637289306,0,Angry,0.5991393689873455,BOTH_CORRECT,False,True,True,False
public,51,3,Happy,3,Happy,0.9530695716951418,3,Happy,0.9600212710760228,BOTH_CORRECT,False,True,True,False
public,52,5,Surprise,5,Surprise,0.9381221115918269,5,Surprise,0.9551896720994576,BOTH_CORRECT,False,False,False,True
public,53,4,Sad,4,Sad,0.7258080316366236,4,Sad,0.5503928584699392,BOTH_CORRECT,False,True,True,False
public,54,4,Sad,4,Sad,0.7470282510574131,4,Sad,0.8015004256955373,BOTH_CORRECT,False,True,True,False
public,55,3,Happy,3,Happy,0.9584027304889612,3,Happy,0.9381715141290846,BOTH_CORRECT,False,True,True,False
public,56,4,Sad,2,Fear,0.8826833857849142,2,Fear,0.9131074871350116,BOTH_WRONG,False,True,True,False
public,57,2,Fear,2,Fear,0.7239018226015572,2,Fear,0.9508055803657187,BOTH_CORRECT,False,True,True,False
public,58,5,Surprise,0,Angry,0.6601778161452353,5,Surprise,0.954048243419582,V22_CORRECT_V21_WRONG,True,True,True,False
public,59,3,Happy,3,Happy,0.9447862684941726,3,Happy,0.9456336383554798,BOTH_CORRECT,False,True,True,False
public,60,6,Neutral,6,Neutral,0.9421949866546105,6,Neutral,0.9485202673562059,BOTH_CORRECT,False,True,True,False
public,61,3,Happy,3,Happy,0.5685772416090181,3,Happy,0.9170754864083259,BOTH_CORRECT,False,True,True,False
public,62,4,Sad,4,Sad,0.9496842772318962,4,Sad,0.9608203908192722,BOTH_CORRECT,False,True,True,False
public,63,3,Happy,3,Happy,0.7205871584517021,3,Happy,0.7204679158452706,BOTH_CORRECT,False,True,True,False
public,64,5,Surprise,5,Surprise,0.9522682072047616,5,Surprise,0.9575350017854354,BOTH_CORRECT,False,True,True,False
public,65,3,Happy,3,Happy,0.9451620380479183,3,Happy,0.9411635927438147,BOTH_CORRECT,False,True,True,False
public,66,5,Surprise,2,Fear,0.5942526642319446,2,Fear,0.9554330395879955,BOTH_WRONG,False,True,True,False
public,67,4,Sad,6,Neutral,0.7698401110985279,2,Fear,0.6392721807805325,BOTH_WRONG,False,True,True,False
public,68,2,Fear,0,Angry,0.8557241962130929,2,Fear,0.9206321353236618,V22_CORRECT_V21_WRONG,True,True,True,False
public,69,6,Neutral,3,Happy,0.9542769542000249,0,Angry,0.5235271442396237,BOTH_WRONG,False,True,True,False
public,70,0,Angry,0,Angry,0.7489953373923482,6,Neutral,0.5542408280503042,V21_CORRECT_V22_WRONG,True,True,True,False
public,71,5,Surprise,5,Surprise,0.9474804494578628,5,Surprise,0.9517677398874241,BOTH_CORRECT,False,True,True,False
public,72,6,Neutral,6,Neutral,0.881450991965365,6,Neutral,0.9282086027107137,BOTH_CORRECT,False,True,True,False
public,73,6,Neutral,3,Happy,0.9432048909654246,3,Happy,0.9565654948198623,BOTH_WRONG,False,True,True,False
public,74,2,Fear,4,Sad,0.8449199722699338,3,Happy,0.4155150229880051,BOTH_WRONG,False,True,True,False
public,75,6,Neutral,6,Neutral,0.9363143209288617,6,Neutral,0.9047225114052335,BOTH_CORRECT,False,True,True,False
public,76,5,Surprise,5,Surprise,0.9537642885631897,5,Surprise,0.9565059241338512,BOTH_CORRECT,False,False,False,True
public,77,6,Neutral,6,Neutral,0.9541494367707722,6,Neutral,0.9378896761701129,BOTH_CORRECT,False,True,True,False
public,78,4,Sad,4,Sad,0.9603843891517372,4,Sad,0.9633024281617311,BOTH_CORRECT,False,True,True,False
public,79,4,Sad,4,Sad,0.8847762769024945,2,Fear,0.5769965954893548,V21_CORRECT_V22_WRONG,True,True,True,False
public,80,0,Angry,0,Angry,0.9151310982899683,0,Angry,0.8813618712261975,BOTH_CORRECT,False,True,True,False
public,81,0,Angry,0,Angry,0.906711413048051,0,Angry,0.9648260540703472,BOTH_CORRECT,False,True,True,False
public,82,1,Disgust,0,Angry,0.9190787976820118,0,Angry,0.9597982765812167,BOTH_WRONG,False,False,False,True
public,83,3,Happy,6,Neutral,0.7755231971541526,6,Neutral,0.5450285256845794,BOTH_WRONG,False,True,True,False
public,84,5,Surprise,5,Surprise,0.85256260310707,5,Surprise,0.9474253760704432,BOTH_CORRECT,False,True,True,False
public,85,4,Sad,2,Fear,0.8051656728656285,2,Fear,0.6987924092825877,BOTH_WRONG,False,True,True,False
public,86,3,Happy,3,Happy,0.9593873426052466,3,Happy,0.9579681560809108,BOTH_CORRECT,False,True,True,False
public,87,3,Happy,3,Happy,0.9454199858890029,3,Happy,0.9401817527916354,BOTH_CORRECT,False,True,True,False
public,88,3,Happy,5,Surprise,0.9495737949857691,5,Surprise,0.9572095012338585,BOTH_WRONG,False,True,True,False
public,89,3,Happy,3,Happy,0.9358506498664255,3,Happy,0.9285845700956854,BOTH_CORRECT,False,True,True,False
public,90,6,Neutral,6,Neutral,0.9325685910856912,6,Neutral,0.9213826714134173,BOTH_CORRECT,False,False,False,True
public,91,0,Angry,0,Angry,0.6439160589715203,0,Angry,0.8226915736780535,BOTH_CORRECT,False,True,True,False
public,92,6,Neutral,3,Happy,0.9130589119093991,3,Happy,0.744001625847351,BOTH_WRONG,False,True,True,False
public,93,4,Sad,2,Fear,0.7591312006148482,2,Fear,0.47863095869069344,BOTH_WRONG,False,True,True,False
public,94,5,Surprise,0,Angry,0.9567722990950253,0,Angry,0.9451426323452888,BOTH_WRONG,False,True,False,False
public,95,2,Fear,0,Angry,0.9457060743723338,0,Angry,0.9644721985192741,BOTH_WRONG,False,True,True,False
public,96,3,Happy,2,Fear,0.789098765749661,5,Surprise,0.8366219011386478,BOTH_WRONG,False,True,True,False
public,97,3,Happy,3,Happy,0.9403847751082605,3,Happy,0.9473177644245255,BOTH_CORRECT,False,True,True,False
public,98,3,Happy,3,Happy,0.9514870456798911,3,Happy,0.9588224190920526,BOTH_CORRECT,False,False,False,True
public,99,0,Angry,0,Angry,0.9614239467405916,0,Angry,0.9629372578284708,BOTH_CORRECT,False,True,True,False
public,100,3,Happy,3,Happy,0.9508324237599667,3,Happy,0.9487721330868544,BOTH_CORRECT,False,True,True,False
public,101,6,Neutral,6,Neutral,0.8767739231042004,6,Neutral,0.8896092899822317,BOTH_CORRECT,False,True,True,False
public,102,0,Angry,0,Angry,0.9485852428534719,0,Angry,0.7516846626220512,BOTH_CORRECT,False,True,True,False
public,103,3,Happy,3,Happy,0.9566431816077393,3,Happy,0.9522292888402761,BOTH_CORRECT,False,True,True,False
public,104,2,Fear,5,Surprise,0.806468096323768,5,Surprise,0.8349911180149684,BOTH_WRONG,False,True,True,False
public,105,3,Happy,5,Surprise,0.8894072625569149,6,Neutral,0.8580316623083014,BOTH_WRONG,False,True,True,False
public,106,6,Neutral,6,Neutral,0.9309569550793416,6,Neutral,0.9407485205333704,BOTH_CORRECT,False,True,True,False
public,107,6,Neutral,6,Neutral,0.9527088896310979,6,Neutral,0.9433029924381402,BOTH_CORRECT,False,True,True,False
public,108,5,Surprise,5,Surprise,0.8991847496437433,5,Surprise,0.9258698672068285,BOTH_CORRECT,False,True,True,False
public,109,3,Happy,3,Happy,0.9439064440163459,3,Happy,0.9093406340206007,BOTH_CORRECT,False,True,True,False
public,110,3,Happy,3,Happy,0.95167056322735,3,Happy,0.9517426554175303,BOTH_CORRECT,False,True,True,False
public,111,0,Angry,0,Angry,0.9603908038889076,0,Angry,0.9589032180698986,BOTH_CORRECT,False,True,True,False
public,112,0,Angry,0,Angry,0.8242217562152692,0,Angry,0.9512814921744703,BOTH_CORRECT,False,True,True,False
public,113,2,Fear,1,Disgust,0.2659086608406853,4,Sad,0.8555087967771693,BOTH_WRONG,False,True,True,False
public,114,3,Happy,3,Happy,0.9399904226978917,3,Happy,0.936927022256105,BOTH_CORRECT,False,True,True,False
public,115,2,Fear,2,Fear,0.9114028649546502,2,Fear,0.8835396108345199,BOTH_CORRECT,False,True,True,False
public,116,3,Happy,3,Happy,0.9618011066241116,3,Happy,0.8797706839816016,BOTH_CORRECT,False,True,True,False
public,117,6,Neutral,6,Neutral,0.949589505296424,6,Neutral,0.8975416466570523,BOTH_CORRECT,False,True,True,False
public,118,2,Fear,2,Fear,0.961313026439938,2,Fear,0.9366656599151585,BOTH_CORRECT,False,True,True,False
public,119,6,Neutral,6,Neutral,0.7919442516621841,6,Neutral,0.8568935277610389,BOTH_CORRECT,False,True,True,False
public,120,5,Surprise,5,Surprise,0.94686463569461,5,Surprise,0.8777522746324324,BOTH_CORRECT,False,True,True,False
public,121,0,Angry,3,Happy,0.9505676485976032,3,Happy,0.7845402332406599,BOTH_WRONG,False,True,True,False
public,122,0,Angry,1,Disgust,0.96454501765138,0,Angry,0.6953266070199573,V22_CORRECT_V21_WRONG,True,True,False,False
public,123,2,Fear,2,Fear,0.9639472146551763,2,Fear,0.9556971514435565,BOTH_CORRECT,False,True,True,False
public,124,4,Sad,4,Sad,0.9542988849100631,4,Sad,0.9611246305349587,BOTH_CORRECT,False,True,True,False
public,125,6,Neutral,6,Neutral,0.8268972712135384,6,Neutral,0.9375289115457383,BOTH_CORRECT,False,True,True,False
public,126,3,Happy,3,Happy,0.9207334541152197,3,Happy,0.712979236784252,BOTH_CORRECT,False,True,True,False
public,127,6,Neutral,6,Neutral,0.768813583660826,6,Neutral,0.8726256801653727,BOTH_CORRECT,False,True,True,False
public,128,5,Surprise,5,Surprise,0.8138005270661172,5,Surprise,0.9289056320357943,BOTH_CORRECT,False,True,True,False
public,129,5,Surprise,5,Surprise,0.9513378295995955,5,Surprise,0.9526914578400361,BOTH_CORRECT,False,False,False,True
public,130,2,Fear,5,Surprise,0.5669034526860255,2,Fear,0.9532224223894167,V22_CORRECT_V21_WRONG,True,True,True,False
public,131,0,Angry,6,Neutral,0.6432578990506677,6,Neutral,0.9582343479703694,BOTH_WRONG,False,True,True,False
public,132,2,Fear,6,Neutral,0.669421649215657,2,Fear,0.9573352459988518,V22_CORRECT_V21_WRONG,True,True,True,False
public,133,6,Neutral,6,Neutral,0.9244950768505654,6,Neutral,0.7445080051059342,BOTH_CORRECT,False,True,True,False
public,134,5,Surprise,5,Surprise,0.8945492139225696,5,Surprise,0.9525821218924242,BOTH_CORRECT,False,True,True,False
public,135,5,Surprise,5,Surprise,0.9542029037885166,5,Surprise,0.9532052822247015,BOTH_CORRECT,False,True,True,False
public,136,5,Surprise,5,Surprise,0.9358277802889924,5,Surprise,0.9559835718047678,BOTH_CORRECT,False,True,True,False
public,137,6,Neutral,3,Happy,0.6531850873011693,6,Neutral,0.7758807046045164,V22_CORRECT_V21_WRONG,True,True,True,False
public,138,2,Fear,6,Neutral,0.9351237990568959,6,Neutral,0.9605768212195123,BOTH_WRONG,False,True,True,False
public,139,6,Neutral,6,Neutral,0.8911142955365167,6,Neutral,0.6463858285502257,BOTH_CORRECT,False,True,True,False
public,140,6,Neutral,6,Neutral,0.8885217832261665,0,Angry,0.8282695996594551,V21_CORRECT_V22_WRONG,True,True,True,False
public,141,3,Happy,3,Happy,0.909940073401697,3,Happy,0.9585179551554126,BOTH_CORRECT,False,True,True,False
public,142,1,Disgust,3,Happy,0.6649745327122986,4,Sad,0.47730604853311437,BOTH_WRONG,False,True,False,False
public,143,4,Sad,4,Sad,0.7851460393252258,4,Sad,0.9285365404931629,BOTH_CORRECT,False,True,True,False
public,144,4,Sad,4,Sad,0.8120695120686575,4,Sad,0.5428333342231697,BOTH_CORRECT,False,True,True,False
public,145,6,Neutral,6,Neutral,0.35664213983833465,4,Sad,0.7747238511552828,V21_CORRECT_V22_WRONG,True,True,True,False
public,146,3,Happy,3,Happy,0.954995612404556,3,Happy,0.9498112654341481,BOTH_CORRECT,False,False,False,True
public,147,3,Happy,3,Happy,0.6447716220607239,3,Happy,0.7020858842922519,BOTH_CORRECT,False,True,True,False
public,148,3,Happy,3,Happy,0.9574865888213734,3,Happy,0.9589687718867663,BOTH_CORRECT,False,True,True,False
public,149,2,Fear,2,Fear,0.9641857159667312,2,Fear,0.9659100360436175,BOTH_CORRECT,False,False,False,True
public,150,2,Fear,4,Sad,0.9038971653835949,4,Sad,0.9314510249890633,BOTH_WRONG,False,True,True,False
public,151,0,Angry,0,Angry,0.9487588141849389,0,Angry,0.9470055080319352,BOTH_CORRECT,False,True,True,False
public,152,5,Surprise,5,Surprise,0.954522236137982,5,Surprise,0.9565971246503256,BOTH_CORRECT,False,False,False,True
public,153,3,Happy,3,Happy,0.9447916086544415,3,Happy,0.942912282193325,BOTH_CORRECT,False,True,True,False
public,154,5,Surprise,5,Surprise,0.959837264317594,5,Surprise,0.9537397045613191,BOTH_CORRECT,False,True,True,False
public,155,5,Surprise,5,Surprise,0.953735640754824,5,Surprise,0.9487435715935512,BOTH_CORRECT,False,False,False,True
public,156,4,Sad,4,Sad,0.9131085045244318,2,Fear,0.5116902874970942,V21_CORRECT_V22_WRONG,True,True,True,False
public,157,5,Surprise,5,Surprise,0.9586636620945241,5,Surprise,0.9608804213097618,BOTH_CORRECT,False,True,True,False
public,158,0,Angry,0,Angry,0.9375265367124036,0,Angry,0.92949589871193,BOTH_CORRECT,False,True,True,False
public,159,3,Happy,3,Happy,0.9493662008091581,3,Happy,0.9502099129300262,BOTH_CORRECT,False,True,True,False
public,160,0,Angry,0,Angry,0.7285326302183973,4,Sad,0.729327104576523,V21_CORRECT_V22_WRONG,True,True,True,False
public,161,3,Happy,3,Happy,0.9374104590153423,3,Happy,0.9267920151607598,BOTH_CORRECT,False,True,True,False
public,162,3,Happy,3,Happy,0.9491904992259965,3,Happy,0.9548293032085042,BOTH_CORRECT,False,True,True,False
public,163,0,Angry,3,Happy,0.8918259210006533,3,Happy,0.7932797162117832,BOTH_WRONG,False,True,True,False
public,164,6,Neutral,4,Sad,0.6911765304749619,4,Sad,0.9233594562274707,BOTH_WRONG,False,True,True,False
public,165,6,Neutral,6,Neutral,0.8941362499964566,6,Neutral,0.8991421864379806,BOTH_CORRECT,False,True,True,False
public,166,3,Happy,6,Neutral,0.9411419599885714,6,Neutral,0.8912933808075231,BOTH_WRONG,False,True,True,False
public,167,4,Sad,0,Angry,0.6310485124158072,4,Sad,0.6974212744710766,V22_CORRECT_V21_WRONG,True,True,True,False
public,168,5,Surprise,5,Surprise,0.958861821577156,5,Surprise,0.9545460843918282,BOTH_CORRECT,False,True,True,False
public,169,3,Happy,6,Neutral,0.9426631451473282,6,Neutral,0.9453741614279783,BOTH_WRONG,False,True,True,False
public,170,6,Neutral,6,Neutral,0.8204043600370066,6,Neutral,0.9471216798216883,BOTH_CORRECT,False,True,True,False
public,171,4,Sad,4,Sad,0.7361921739961557,4,Sad,0.8578257424179568,BOTH_CORRECT,False,True,True,False
public,172,5,Surprise,5,Surprise,0.9581042276022387,5,Surprise,0.9461534443026126,BOTH_CORRECT,False,False,False,True
public,173,6,Neutral,6,Neutral,0.949275676275891,6,Neutral,0.9417530835886402,BOTH_CORRECT,False,True,True,False
public,174,0,Angry,0,Angry,0.90360239960936,0,Angry,0.9423962136359207,BOTH_CORRECT,False,True,True,False
public,175,0,Angry,4,Sad,0.527003655074425,6,Neutral,0.5110721286036427,BOTH_WRONG,False,True,True,False
public,176,0,Angry,2,Fear,0.4751960310577683,4,Sad,0.8367679254268452,BOTH_WRONG,False,True,True,False
public,177,4,Sad,4,Sad,0.6867247741997464,4,Sad,0.7506203827628795,BOTH_CORRECT,False,True,True,False
public,178,4,Sad,4,Sad,0.9001418489744639,4,Sad,0.9391145774949311,BOTH_CORRECT,False,True,True,False
public,179,5,Surprise,5,Surprise,0.949427171706198,5,Surprise,0.9525527474141926,BOTH_CORRECT,False,True,True,False
public,180,4,Sad,6,Neutral,0.9126617029664554,6,Neutral,0.9454580968396465,BOTH_WRONG,False,True,True,False
public,181,3,Happy,3,Happy,0.7897300483204706,3,Happy,0.9393164132806103,BOTH_CORRECT,False,True,True,False
public,182,5,Surprise,2,Fear,0.9269707249400815,2,Fear,0.9394344117111266,BOTH_WRONG,False,False,False,True
public,183,3,Happy,3,Happy,0.9470519289341577,3,Happy,0.948153221029589,BOTH_CORRECT,False,True,True,False
public,184,3,Happy,3,Happy,0.9546378157603815,3,Happy,0.9432145157189961,BOTH_CORRECT,False,True,True,False
public,185,0,Angry,4,Sad,0.7598927552536128,0,Angry,0.8159592808745461,V22_CORRECT_V21_WRONG,True,True,True,False
public,186,4,Sad,4,Sad,0.7672398268632588,4,Sad,0.919200848888679,BOTH_CORRECT,False,True,True,False
public,187,3,Happy,3,Happy,0.9461635588526098,3,Happy,0.9452432422031453,BOTH_CORRECT,False,True,True,False
public,188,3,Happy,3,Happy,0.9574424091829988,3,Happy,0.9554018391806608,BOTH_CORRECT,False,True,True,False
public,189,3,Happy,3,Happy,0.9452979188975631,3,Happy,0.9458746433229652,BOTH_CORRECT,False,True,True,False
public,190,4,Sad,4,Sad,0.9613006054294814,4,Sad,0.9646515985540278,BOTH_CORRECT,False,True,True,False
public,191,6,Neutral,3,Happy,0.957276569107062,3,Happy,0.9634951380508289,BOTH_WRONG,False,True,True,False
public,192,5,Surprise,5,Surprise,0.6533231043630707,5,Surprise,0.9563424459542486,BOTH_CORRECT,False,True,True,False
public,193,5,Surprise,5,Surprise,0.5669117836612627,5,Surprise,0.6220626757173816,BOTH_CORRECT,False,True,True,False
public,194,3,Happy,3,Happy,0.9348690774716645,3,Happy,0.9389539897781773,BOTH_CORRECT,False,True,True,False
public,195,6,Neutral,4,Sad,0.9096078623395486,4,Sad,0.7464103695221628,BOTH_WRONG,False,True,True,False
public,196,5,Surprise,5,Surprise,0.9636410344969402,5,Surprise,0.9408723308608358,BOTH_CORRECT,False,False,False,True
public,197,6,Neutral,6,Neutral,0.9167128452695843,6,Neutral,0.8729255756832958,BOTH_CORRECT,False,True,True,False
public,198,0,Angry,0,Angry,0.9104448406882119,0,Angry,0.9524079481933043,BOTH_CORRECT,False,True,True,False
public,199,1,Disgust,0,Angry,0.8527376525618614,0,Angry,0.7370227483711056,BOTH_WRONG,False,True,True,False
public,200,3,Happy,3,Happy,0.9075984337933954,6,Neutral,0.7709497133804126,V21_CORRECT_V22_WRONG,True,True,True,False
public,201,6,Neutral,3,Happy,0.728918684884829,3,Happy,0.7325080935656703,BOTH_WRONG,False,True,True,False
public,202,2,Fear,3,Happy,0.84577291403064,3,Happy,0.9375553432372559,BOTH_WRONG,False,True,True,False
public,203,3,Happy,3,Happy,0.9539423269575827,3,Happy,0.9507790731841548,BOTH_CORRECT,False,True,True,False
public,204,6,Neutral,3,Happy,0.9458058584754807,3,Happy,0.953890776347648,BOTH_WRONG,False,True,True,False
public,205,2,Fear,2,Fear,0.8766900066583377,2,Fear,0.7802742450533146,BOTH_CORRECT,False,True,True,False
public,206,0,Angry,4,Sad,0.8556687823247768,4,Sad,0.9236602533273911,BOTH_WRONG,False,True,True,False
public,207,4,Sad,4,Sad,0.9476906008068318,4,Sad,0.9279533025465185,BOTH_CORRECT,False,True,True,False
public,208,2,Fear,4,Sad,0.7912814413582283,2,Fear,0.9257381819084906,V22_CORRECT_V21_WRONG,True,True,True,False
public,209,2,Fear,0,Angry,0.5059015166339252,0,Angry,0.7263801629709356,BOTH_WRONG,False,True,True,False
public,210,6,Neutral,6,Neutral,0.7353432580245634,6,Neutral,0.9356786036073064,BOTH_CORRECT,False,True,True,False
public,211,0,Angry,4,Sad,0.5351550620376746,1,Disgust,0.9515796300671884,BOTH_WRONG,False,True,True,False
public,212,4,Sad,0,Angry,0.9218066505368406,0,Angry,0.9590550842434284,BOTH_WRONG,False,True,True,False
public,213,4,Sad,4,Sad,0.8898356852789611,4,Sad,0.9583884967722168,BOTH_CORRECT,False,True,True,False
public,214,4,Sad,4,Sad,0.8008420592264248,4,Sad,0.47975079004794735,BOTH_CORRECT,False,True,False,False
public,215,2,Fear,5,Surprise,0.9478294345792072,5,Surprise,0.9503437261011832,BOTH_WRONG,False,True,True,False
public,216,5,Surprise,5,Surprise,0.9458530577681304,5,Surprise,0.9144808807341565,BOTH_CORRECT,False,True,True,False
public,217,4,Sad,4,Sad,0.9307381001206448,4,Sad,0.8972189034968164,BOTH_CORRECT,False,True,True,False
public,218,0,Angry,4,Sad,0.6768347876551777,4,Sad,0.9383703607793776,BOTH_WRONG,False,True,True,False
public,219,3,Happy,3,Happy,0.9563600043580781,3,Happy,0.9491748228507413,BOTH_CORRECT,False,True,True,False
public,220,3,Happy,3,Happy,0.7881080870289782,3,Happy,0.9308448803960042,BOTH_CORRECT,False,True,True,False
public,221,4,Sad,4,Sad,0.9292980433793876,4,Sad,0.9432811202254325,BOTH_CORRECT,False,True,True,False
public,222,5,Surprise,5,Surprise,0.9568466217243288,5,Surprise,0.9489496037853025,BOTH_CORRECT,False,True,True,False
public,223,0,Angry,6,Neutral,0.5906632603839606,0,Angry,0.7805137528065983,V22_CORRECT_V21_WRONG,True,True,True,False
public,224,0,Angry,0,Angry,0.6809817584781122,2,Fear,0.5205913976497043,V21_CORRECT_V22_WRONG,True,True,True,False
public,225,3,Happy,3,Happy,0.9524000020747693,3,Happy,0.9516348451286082,BOTH_CORRECT,False,True,True,False
public,226,5,Surprise,5,Surprise,0.939666363649692,5,Surprise,0.96076571315813,BOTH_CORRECT,False,False,False,True
public,227,6,Neutral,4,Sad,0.8210135907190773,4,Sad,0.9358859413358449,BOTH_WRONG,False,True,True,False
public,228,4,Sad,0,Angry,0.9542970581920539,0,Angry,0.9546559798806519,BOTH_WRONG,False,True,True,False
public,229,3,Happy,3,Happy,0.8856467464613755,3,Happy,0.9589304287743914,BOTH_CORRECT,False,True,True,False
public,230,1,Disgust,4,Sad,0.7195482261856506,0,Angry,0.7824934881051173,BOTH_WRONG,False,True,True,False
public,231,6,Neutral,6,Neutral,0.8340833451832727,6,Neutral,0.8648315219187299,BOTH_CORRECT,False,True,True,False
public,232,5,Surprise,5,Surprise,0.9584724425716225,5,Surprise,0.9605458639592395,BOTH_CORRECT,False,True,True,False
public,233,2,Fear,4,Sad,0.8642060809976556,3,Happy,0.46843612478984453,BOTH_WRONG,False,True,True,False
public,234,3,Happy,3,Happy,0.7023558860372188,4,Sad,0.652643864597895,V21_CORRECT_V22_WRONG,True,True,True,False
public,235,4,Sad,3,Happy,0.8655933787796226,3,Happy,0.540793152069294,BOTH_WRONG,False,True,True,False
public,236,3,Happy,3,Happy,0.5509766269900911,3,Happy,0.5777758545525506,BOTH_CORRECT,False,True,True,False
public,237,0,Angry,0,Angry,0.5086055272498357,2,Fear,0.41860422459688484,V21_CORRECT_V22_WRONG,True,True,True,False
public,238,0,Angry,0,Angry,0.912853467522205,0,Angry,0.7509569645808143,BOTH_CORRECT,False,True,True,False
public,239,6,Neutral,6,Neutral,0.9181560447296706,6,Neutral,0.8971756446963326,BOTH_CORRECT,False,True,True,False
public,240,3,Happy,3,Happy,0.95261159113814,3,Happy,0.9516619576969875,BOTH_CORRECT,False,True,True,False
public,241,6,Neutral,6,Neutral,0.8606788134228381,6,Neutral,0.9468864554637823,BOTH_CORRECT,False,True,True,False
public,242,6,Neutral,6,Neutral,0.9378722929118151,6,Neutral,0.9607866888749181,BOTH_CORRECT,False,True,False,False
public,243,0,Angry,0,Angry,0.9380866223522241,0,Angry,0.9533060658007869,BOTH_CORRECT,False,True,True,False
public,244,1,Disgust,1,Disgust,0.9418865094234132,1,Disgust,0.9700696577775276,BOTH_CORRECT,False,False,False,True
public,245,3,Happy,3,Happy,0.9428310079950494,3,Happy,0.9669855772248377,BOTH_CORRECT,False,True,True,False
public,246,3,Happy,3,Happy,0.9479598960398647,3,Happy,0.9491331045957895,BOTH_CORRECT,False,True,True,False
public,247,3,Happy,3,Happy,0.9371420961669006,3,Happy,0.9395364263381669,BOTH_CORRECT,False,True,True,False
public,248,0,Angry,0,Angry,0.964071952770234,0,Angry,0.9629676633100493,BOTH_CORRECT,False,True,True,False
public,249,6,Neutral,4,Sad,0.49985501880440475,0,Angry,0.4740348296236675,BOTH_WRONG,False,True,True,False
public,250,4,Sad,4,Sad,0.9474094376164276,4,Sad,0.925737624836937,BOTH_CORRECT,False,True,True,False
public,251,2,Fear,2,Fear,0.9234044455265685,2,Fear,0.9432809701408564,BOTH_CORRECT,False,True,True,False
public,252,4,Sad,4,Sad,0.5536546546986627,4,Sad,0.9448534938577733,BOTH_CORRECT,False,True,True,False
public,253,3,Happy,2,Fear,0.9167464512716825,3,Happy,0.6618184126527097,V22_CORRECT_V21_WRONG,True,True,True,False
public,254,3,Happy,3,Happy,0.9350060164985275,3,Happy,0.9549324010540401,BOTH_CORRECT,False,True,True,False
public,255,6,Neutral,6,Neutral,0.8438453916350009,3,Happy,0.9278927359594826,V21_CORRECT_V22_WRONG,True,True,True,False
public,256,5,Surprise,5,Surprise,0.8853742416937773,5,Surprise,0.958577959903252,BOTH_CORRECT,False,False,False,True
public,257,4,Sad,3,Happy,0.5408832097476857,3,Happy,0.8968495307772056,BOTH_WRONG,False,True,True,False
public,258,2,Fear,2,Fear,0.9599002345970374,2,Fear,0.9265553729754402,BOTH_CORRECT,False,False,False,True
public,259,6,Neutral,6,Neutral,0.9314925690852018,6,Neutral,0.9308566221969257,BOTH_CORRECT,False,False,False,True
public,260,0,Angry,5,Surprise,0.7093388524209739,6,Neutral,0.5515305363213016,BOTH_WRONG,False,True,True,False
public,261,1,Disgust,0,Angry,0.8896636827604848,2,Fear,0.38917946171986045,BOTH_WRONG,False,True,False,False
public,262,0,Angry,0,Angry,0.9338596782330625,0,Angry,0.9273265890427168,BOTH_CORRECT,False,True,True,False
public,263,6,Neutral,6,Neutral,0.9408349935165249,6,Neutral,0.9239981416752238,BOTH_CORRECT,False,True,True,False
public,264,2,Fear,2,Fear,0.9627389081706493,2,Fear,0.9625206673398996,BOTH_CORRECT,False,True,True,False
public,265,0,Angry,0,Angry,0.9619580502435129,0,Angry,0.9565792627121079,BOTH_CORRECT,False,True,True,False
public,266,0,Angry,2,Fear,0.958831612534288,2,Fear,0.9442014200967543,BOTH_WRONG,False,True,True,False
public,267,3,Happy,3,Happy,0.9507003379166028,3,Happy,0.9531805979216067,BOTH_CORRECT,False,True,True,False
public,268,3,Happy,3,Happy,0.9516699428425647,3,Happy,0.9523745315005883,BOTH_CORRECT,False,True,True,False
public,269,4,Sad,4,Sad,0.9523681666700355,4,Sad,0.9666582947107744,BOTH_CORRECT,False,True,True,False
public,270,2,Fear,4,Sad,0.8976064890063916,4,Sad,0.683877104866654,BOTH_WRONG,False,True,True,False
public,271,6,Neutral,6,Neutral,0.6691548098248452,4,Sad,0.898308136220139,V21_CORRECT_V22_WRONG,True,True,True,False
public,272,5,Surprise,5,Surprise,0.9530332626153747,5,Surprise,0.9385267049257419,BOTH_CORRECT,False,False,False,True
public,273,3,Happy,3,Happy,0.9533867345005468,3,Happy,0.9569386595112683,BOTH_CORRECT,False,True,True,False
public,274,5,Surprise,5,Surprise,0.9567943578991631,5,Surprise,0.9606241911243961,BOTH_CORRECT,False,True,True,False
public,275,3,Happy,3,Happy,0.9525971887171766,3,Happy,0.9536912596037378,BOTH_CORRECT,False,True,True,False
public,276,4,Sad,4,Sad,0.946443129362033,2,Fear,0.736559943255417,V21_CORRECT_V22_WRONG,True,True,True,False
public,277,5,Surprise,5,Surprise,0.9497470353315526,2,Fear,0.6723656513822018,V21_CORRECT_V22_WRONG,True,True,True,False
public,278,1,Disgust,2,Fear,0.5709240601021454,0,Angry,0.9601147274146613,BOTH_WRONG,False,True,False,False
public,279,6,Neutral,6,Neutral,0.5595287500312532,4,Sad,0.592185972504782,V21_CORRECT_V22_WRONG,True,True,True,False
public,280,3,Happy,3,Happy,0.9608640956710344,3,Happy,0.9548258136469895,BOTH_CORRECT,False,True,True,False
public,281,3,Happy,5,Surprise,0.8214435144316232,5,Surprise,0.8060616434206276,BOTH_WRONG,False,True,True,False
public,282,6,Neutral,6,Neutral,0.6804254113649283,6,Neutral,0.920715967665661,BOTH_CORRECT,False,True,True,False
public,283,2,Fear,2,Fear,0.9005466554578253,2,Fear,0.9467880090983338,BOTH_CORRECT,False,False,False,True
public,284,4,Sad,4,Sad,0.4930517320801362,4,Sad,0.5730735019796075,BOTH_CORRECT,False,True,True,False
public,285,0,Angry,4,Sad,0.7087544387577411,6,Neutral,0.92573030382255,BOTH_WRONG,False,True,True,False
public,286,0,Angry,2,Fear,0.7978281610861638,0,Angry,0.6440541459947028,V22_CORRECT_V21_WRONG,True,True,True,False
public,287,0,Angry,0,Angry,0.8345294247872512,0,Angry,0.37232811962772183,BOTH_CORRECT,False,False,False,True
public,288,6,Neutral,2,Fear,0.7547967878008451,6,Neutral,0.5813084090882735,V22_CORRECT_V21_WRONG,True,True,True,False
public,289,2,Fear,0,Angry,0.4537950796651412,6,Neutral,0.9117012220279305,BOTH_WRONG,False,True,True,False
public,290,5,Surprise,5,Surprise,0.9288972605749314,5,Surprise,0.8470842156849212,BOTH_CORRECT,False,True,True,False
public,291,3,Happy,3,Happy,0.9575212933226803,3,Happy,0.9601078866173265,BOTH_CORRECT,False,True,True,False
public,292,6,Neutral,6,Neutral,0.937759719618907,6,Neutral,0.9348514718939495,BOTH_CORRECT,False,True,True,False
public,293,4,Sad,0,Angry,0.6071995877682975,0,Angry,0.5270772767146086,BOTH_WRONG,False,True,True,False
public,294,3,Happy,3,Happy,0.9539920631966412,3,Happy,0.9562502453583487,BOTH_CORRECT,False,True,True,False
public,295,6,Neutral,4,Sad,0.9171400206509542,4,Sad,0.6023108744375782,BOTH_WRONG,False,True,True,False
public,296,2,Fear,2,Fear,0.894579503415324,4,Sad,0.403761544558922,V21_CORRECT_V22_WRONG,True,True,True,False
public,297,6,Neutral,6,Neutral,0.9518901089415882,6,Neutral,0.8766027930839543,BOTH_CORRECT,False,True,True,False
public,298,6,Neutral,6,Neutral,0.9276536749707732,6,Neutral,0.9131047362375054,BOTH_CORRECT,False,True,True,False
public,299,5,Surprise,3,Happy,0.9508087070418598,3,Happy,0.9576632488687761,BOTH_WRONG,False,True,True,False
public,300,6,Neutral,3,Happy,0.9254606957181615,3,Happy,0.9404021538768461,BOTH_WRONG,False,True,True,False
public,301,4,Sad,4,Sad,0.660846524844877,4,Sad,0.9560526715751351,BOTH_CORRECT,False,True,True,False
public,302,2,Fear,3,Happy,0.6540895785995091,2,Fear,0.8446497036279844,V22_CORRECT_V21_WRONG,True,True,True,False
public,303,3,Happy,3,Happy,0.9482185655215424,3,Happy,0.9462801691480937,BOTH_CORRECT,False,True,True,False
public,304,0,Angry,0,Angry,0.554903530492298,0,Angry,0.957559827116108,BOTH_CORRECT,False,True,True,False
public,305,3,Happy,3,Happy,0.9377571766269986,3,Happy,0.9463669819302436,BOTH_CORRECT,False,True,True,False
public,306,5,Surprise,5,Surprise,0.9507909389255658,5,Surprise,0.9557388162534625,BOTH_CORRECT,False,True,True,False
public,307,3,Happy,3,Happy,0.9552370346922475,3,Happy,0.9638507916502721,BOTH_CORRECT,False,True,True,False
public,308,3,Happy,3,Happy,0.9521838536915412,3,Happy,0.9240599853154783,BOTH_CORRECT,False,True,True,False
public,309,3,Happy,3,Happy,0.9565983330224564,3,Happy,0.9531883615321665,BOTH_CORRECT,False,True,True,False
public,310,3,Happy,3,Happy,0.9461350234387369,3,Happy,0.9441366101052812,BOTH_CORRECT,False,True,True,False
public,311,3,Happy,0,Angry,0.8398034724183521,0,Angry,0.6500728862392592,BOTH_WRONG,False,True,True,False
public,312,2,Fear,6,Neutral,0.8296737268886523,6,Neutral,0.9181133291759822,BOTH_WRONG,False,True,True,False
public,313,6,Neutral,6,Neutral,0.3521864168477171,3,Happy,0.7554578763459561,V21_CORRECT_V22_WRONG,True,True,True,False
public,314,1,Disgust,1,Disgust,0.9735353037106035,1,Disgust,0.9676535960080789,BOTH_CORRECT,False,True,True,False
public,315,0,Angry,0,Angry,0.6626923989943858,0,Angry,0.8984080530948433,BOTH_CORRECT,False,True,True,False
public,316,4,Sad,4,Sad,0.950886867049302,4,Sad,0.9507506433558479,BOTH_CORRECT,False,True,True,False
public,317,2,Fear,2,Fear,0.9459045183242927,2,Fear,0.9249209423994386,BOTH_CORRECT,False,False,False,True
public,318,2,Fear,4,Sad,0.4895610723748554,2,Fear,0.9271405613498395,V22_CORRECT_V21_WRONG,True,True,True,False
public,319,3,Happy,3,Happy,0.9562301856689568,3,Happy,0.9505815777154697,BOTH_CORRECT,False,True,True,False
public,320,4,Sad,4,Sad,0.9353788526606278,4,Sad,0.8495043894383496,BOTH_CORRECT,False,True,True,False
public,321,2,Fear,4,Sad,0.6448718062984145,4,Sad,0.9542590088846981,BOTH_WRONG,False,True,True,False
public,322,3,Happy,3,Happy,0.9231508489726341,3,Happy,0.9569645527772238,BOTH_CORRECT,False,True,True,False
public,323,6,Neutral,6,Neutral,0.8812299559807537,6,Neutral,0.9566312591017596,BOTH_CORRECT,False,True,True,False
public,324,0,Angry,0,Angry,0.9627262712641907,2,Fear,0.9326264752941226,V21_CORRECT_V22_WRONG,True,True,True,False
public,325,4,Sad,4,Sad,0.5442728867373441,4,Sad,0.8457471623127347,BOTH_CORRECT,False,True,True,False
public,326,0,Angry,4,Sad,0.7455484592942222,4,Sad,0.5170801334169135,BOTH_WRONG,False,True,True,False
public,327,3,Happy,3,Happy,0.9473647500257513,3,Happy,0.9529010716391618,BOTH_CORRECT,False,False,False,True
public,328,3,Happy,3,Happy,0.9309672026794052,3,Happy,0.7702991989765559,BOTH_CORRECT,False,True,True,False
public,329,5,Surprise,5,Surprise,0.9070155802011182,2,Fear,0.7816506319303748,V21_CORRECT_V22_WRONG,True,True,True,False
public,330,3,Happy,3,Happy,0.9592260216486375,3,Happy,0.9573736458264775,BOTH_CORRECT,False,True,True,False
public,331,3,Happy,6,Neutral,0.5930432840893831,3,Happy,0.8281487233639137,V22_CORRECT_V21_WRONG,True,True,True,False
public,332,0,Angry,0,Angry,0.9332366705004957,0,Angry,0.9588684777803143,BOTH_CORRECT,False,True,True,False
public,333,3,Happy,3,Happy,0.9447676174015923,3,Happy,0.9425116519103975,BOTH_CORRECT,False,True,True,False
public,334,2,Fear,2,Fear,0.7598848725513978,2,Fear,0.6230644225789073,BOTH_CORRECT,False,True,True,False
public,335,3,Happy,3,Happy,0.9342437825045377,3,Happy,0.9235997914388538,BOTH_CORRECT,False,True,True,False
public,336,5,Surprise,2,Fear,0.7445754052050717,5,Surprise,0.6339287089474048,V22_CORRECT_V21_WRONG,True,True,True,False
public,337,4,Sad,4,Sad,0.6855177594042546,4,Sad,0.8841717615721022,BOTH_CORRECT,False,True,True,False
public,338,0,Angry,0,Angry,0.9425865581052217,0,Angry,0.955376269640016,BOTH_CORRECT,False,True,True,False
public,339,3,Happy,0,Angry,0.6867165673702373,4,Sad,0.6811203965660786,BOTH_WRONG,False,True,True,False
public,340,4,Sad,4,Sad,0.5332293411793303,4,Sad,0.5849415429049182,BOTH_CORRECT,False,True,True,False
public,341,5,Surprise,5,Surprise,0.9407188543583892,5,Surprise,0.9584369360718247,BOTH_CORRECT,False,False,False,True
public,342,2,Fear,6,Neutral,0.6637236229215727,6,Neutral,0.9463387619453805,BOTH_WRONG,False,True,True,False
public,343,4,Sad,0,Angry,0.3503516350389822,4,Sad,0.7140694312847117,V22_CORRECT_V21_WRONG,True,True,True,False
public,344,0,Angry,6,Neutral,0.4661201994393152,0,Angry,0.43094935845891924,V22_CORRECT_V21_WRONG,True,True,True,False
public,345,6,Neutral,6,Neutral,0.9150990446099609,4,Sad,0.6698650160015994,V21_CORRECT_V22_WRONG,True,True,True,False
public,346,6,Neutral,3,Happy,0.9202024350926079,6,Neutral,0.6776432611755969,V22_CORRECT_V21_WRONG,True,True,True,False
public,347,3,Happy,3,Happy,0.6018200265038495,3,Happy,0.9400624897530663,BOTH_CORRECT,False,True,True,False
public,348,2,Fear,4,Sad,0.6857036564401007,4,Sad,0.9504164207217913,BOTH_WRONG,False,True,True,False
public,349,4,Sad,0,Angry,0.5415549559419912,4,Sad,0.9074216038126848,V22_CORRECT_V21_WRONG,True,True,True,False
public,350,6,Neutral,3,Happy,0.6065987397087719,6,Neutral,0.9124163595374638,V22_CORRECT_V21_WRONG,True,True,True,False
public,351,0,Angry,0,Angry,0.9470242706711085,0,Angry,0.9571584551194418,BOTH_CORRECT,False,True,True,False
public,352,6,Neutral,6,Neutral,0.941543112187547,6,Neutral,0.9501911294658815,BOTH_CORRECT,False,True,True,False
public,353,3,Happy,3,Happy,0.9411805819858154,3,Happy,0.9365532375486508,BOTH_CORRECT,False,True,True,False
public,354,4,Sad,6,Neutral,0.941597041419683,4,Sad,0.9222080052020775,V22_CORRECT_V21_WRONG,True,True,True,False
public,355,4,Sad,4,Sad,0.5941235179607449,4,Sad,0.819439101610727,BOTH_CORRECT,False,True,True,False
public,356,3,Happy,3,Happy,0.9488368077380923,3,Happy,0.9480941222502625,BOTH_CORRECT,False,True,True,False
public,357,0,Angry,0,Angry,0.9403514357763034,0,Angry,0.9043693190643213,BOTH_CORRECT,False,True,True,False
public,358,3,Happy,3,Happy,0.9577218373609775,3,Happy,0.9529144619481855,BOTH_CORRECT,False,True,True,False
public,359,2,Fear,2,Fear,0.9604495055527309,2,Fear,0.9590626822800121,BOTH_CORRECT,False,True,True,False
public,360,2,Fear,4,Sad,0.5266731837755482,4,Sad,0.7979045515748583,BOTH_WRONG,False,True,True,False
public,361,2,Fear,1,Disgust,0.8848471068499736,2,Fear,0.7321435437889932,V22_CORRECT_V21_WRONG,True,True,True,False
public,362,3,Happy,3,Happy,0.9622876739308278,3,Happy,0.9578582062817899,BOTH_CORRECT,False,True,True,False
public,363,6,Neutral,0,Angry,0.8539196371518439,6,Neutral,0.8915307419089386,V22_CORRECT_V21_WRONG,True,True,True,False
public,364,5,Surprise,5,Surprise,0.954772384452442,5,Surprise,0.9583147077683315,BOTH_CORRECT,False,True,True,False
public,365,3,Happy,3,Happy,0.9529348991562674,3,Happy,0.9535475318280618,BOTH_CORRECT,False,True,True,False
public,366,3,Happy,3,Happy,0.9497139749116387,3,Happy,0.9499897564654625,BOTH_CORRECT,False,True,True,False
public,367,3,Happy,3,Happy,0.9593200292219203,3,Happy,0.8735997302645582,BOTH_CORRECT,False,True,True,False
public,368,2,Fear,2,Fear,0.4197460478926572,4,Sad,0.5431192135339432,V21_CORRECT_V22_WRONG,True,True,True,False
public,369,4,Sad,0,Angry,0.9532333227196399,0,Angry,0.9561745618478827,BOTH_WRONG,False,True,True,False
public,370,3,Happy,6,Neutral,0.8838128947563028,6,Neutral,0.7929906429600382,BOTH_WRONG,False,True,True,False
public,371,6,Neutral,6,Neutral,0.8506119389354855,6,Neutral,0.9462655680509285,BOTH_CORRECT,False,True,True,False
public,372,4,Sad,4,Sad,0.944415617866812,3,Happy,0.7939765212159658,V21_CORRECT_V22_WRONG,True,True,True,False
public,373,4,Sad,4,Sad,0.9524729416806936,4,Sad,0.8533151553238668,BOTH_CORRECT,False,True,True,False
public,374,4,Sad,4,Sad,0.9581660060046515,4,Sad,0.9345864665819774,BOTH_CORRECT,False,False,False,True
public,375,2,Fear,2,Fear,0.8165455848722396,2,Fear,0.6327439528042701,BOTH_CORRECT,False,False,False,True
public,376,0,Angry,0,Angry,0.9433090415560041,0,Angry,0.8834120128974476,BOTH_CORRECT,False,True,True,False
public,377,5,Surprise,5,Surprise,0.9500833112190296,5,Surprise,0.9622842192754538,BOTH_CORRECT,False,True,True,False
public,378,4,Sad,4,Sad,0.9294540238739121,4,Sad,0.49179142548010807,BOTH_CORRECT,False,True,True,False
public,379,4,Sad,4,Sad,0.9234383363306692,4,Sad,0.836062735798918,BOTH_CORRECT,False,True,True,False
public,380,0,Angry,5,Surprise,0.8678168875737168,5,Surprise,0.9094358344946382,BOTH_WRONG,False,True,True,False
public,381,5,Surprise,2,Fear,0.9586035654006754,2,Fear,0.9491977164094547,BOTH_WRONG,False,True,True,False
public,382,3,Happy,3,Happy,0.9293062213057375,3,Happy,0.9476740875998269,BOTH_CORRECT,False,True,True,False
public,383,2,Fear,2,Fear,0.38725517559321415,2,Fear,0.5730197890429032,BOTH_CORRECT,False,True,True,False
public,384,3,Happy,3,Happy,0.9556334129245571,3,Happy,0.9654275276410258,BOTH_CORRECT,False,True,True,False
public,385,6,Neutral,6,Neutral,0.9326752135597146,6,Neutral,0.9478013184747023,BOTH_CORRECT,False,True,True,False
public,386,3,Happy,3,Happy,0.9460774565056825,3,Happy,0.9519785977236921,BOTH_CORRECT,False,False,False,True
public,387,5,Surprise,5,Surprise,0.9567925392193221,5,Surprise,0.9490109994620886,BOTH_CORRECT,False,True,True,False
public,388,4,Sad,3,Happy,0.5722775677519606,6,Neutral,0.9576728481332798,BOTH_WRONG,False,True,True,False
public,389,1,Disgust,4,Sad,0.6527740186541693,1,Disgust,0.8509927678822913,V22_CORRECT_V21_WRONG,True,True,False,False
public,390,6,Neutral,6,Neutral,0.8151892258753327,6,Neutral,0.47997508703102554,BOTH_CORRECT,False,True,True,False
public,391,6,Neutral,6,Neutral,0.9547044931392232,6,Neutral,0.9099707235404372,BOTH_CORRECT,False,True,True,False
public,392,3,Happy,3,Happy,0.9460411250654809,3,Happy,0.9438780331168486,BOTH_CORRECT,False,True,True,False
public,393,5,Surprise,2,Fear,0.9532643437319581,2,Fear,0.8166358443491762,BOTH_WRONG,False,True,True,False
public,394,0,Angry,0,Angry,0.9386784776792944,0,Angry,0.9649109341106537,BOTH_CORRECT,False,True,True,False
public,395,5,Surprise,5,Surprise,0.9536719871894462,5,Surprise,0.9538089194671144,BOTH_CORRECT,False,False,False,True
public,396,2,Fear,2,Fear,0.9631126354643514,2,Fear,0.9613916562964502,BOTH_CORRECT,False,True,True,False
public,397,2,Fear,2,Fear,0.7983682592925457,2,Fear,0.9579298616229047,BOTH_CORRECT,False,True,True,False
public,398,2,Fear,6,Neutral,0.9386957287446297,4,Sad,0.8304058567754768,BOTH_WRONG,False,True,True,False
public,399,0,Angry,0,Angry,0.9638234554223573,0,Angry,0.9660718227874328,BOTH_CORRECT,False,False,False,True
public,400,0,Angry,0,Angry,0.7017486621791011,0,Angry,0.7424008982372872,BOTH_CORRECT,False,True,True,False
public,401,5,Surprise,5,Surprise,0.951132282786612,5,Surprise,0.9533435362555188,BOTH_CORRECT,False,True,True,False
public,402,3,Happy,3,Happy,0.9490542824416403,3,Happy,0.9429366188362948,BOTH_CORRECT,False,True,True,False
public,403,4,Sad,3,Happy,0.9300658439945562,3,Happy,0.929775839580537,BOTH_WRONG,False,True,True,False
public,404,2,Fear,2,Fear,0.938825658152824,2,Fear,0.961469869063007,BOTH_CORRECT,False,True,True,False
public,405,4,Sad,6,Neutral,0.9017381380961952,6,Neutral,0.9607254287273443,BOTH_WRONG,False,False,False,True
public,406,5,Surprise,5,Surprise,0.9121007888291353,5,Surprise,0.738809106823466,BOTH_CORRECT,False,True,True,False
public,407,5,Surprise,5,Surprise,0.9550375041772585,5,Surprise,0.9514300759882028,BOTH_CORRECT,False,True,True,False
public,408,5,Surprise,5,Surprise,0.9520668835226767,5,Surprise,0.954105069493593,BOTH_CORRECT,False,True,True,False
public,409,5,Surprise,5,Surprise,0.9522015387609898,5,Surprise,0.9636863983367358,BOTH_CORRECT,False,False,False,True
public,410,0,Angry,3,Happy,0.7940495254500362,0,Angry,0.9441667577938917,V22_CORRECT_V21_WRONG,True,True,True,False
public,411,5,Surprise,5,Surprise,0.9334994453720229,5,Surprise,0.9602376816932103,BOTH_CORRECT,False,True,True,False
public,412,4,Sad,4,Sad,0.32801468543489504,4,Sad,0.4934679910243464,BOTH_CORRECT,False,True,True,False
public,413,3,Happy,3,Happy,0.946389926689788,3,Happy,0.9418721623429605,BOTH_CORRECT,False,True,True,False
public,414,3,Happy,3,Happy,0.9589461351070075,3,Happy,0.9504580814796416,BOTH_CORRECT,False,True,True,False
public,415,3,Happy,6,Neutral,0.9464486863376709,6,Neutral,0.9533842309409637,BOTH_WRONG,False,True,True,False
public,416,6,Neutral,6,Neutral,0.8823588561735337,4,Sad,0.46662238199997746,V21_CORRECT_V22_WRONG,True,True,True,False
public,417,2,Fear,2,Fear,0.7851224334893464,2,Fear,0.9538752405342045,BOTH_CORRECT,False,True,True,False
public,418,5,Surprise,5,Surprise,0.9466322632950025,5,Surprise,0.6866482360888846,BOTH_CORRECT,False,True,True,False
public,419,4,Sad,4,Sad,0.9220999001549094,4,Sad,0.9651212610483486,BOTH_CORRECT,False,True,True,False
public,420,6,Neutral,0,Angry,0.7282048718490552,0,Angry,0.8203747197474253,BOTH_WRONG,False,True,True,False
public,421,3,Happy,3,Happy,0.9601325826460183,3,Happy,0.9550453415047664,BOTH_CORRECT,False,True,True,False
public,422,5,Surprise,0,Angry,0.9207344411901028,0,Angry,0.9470523079794974,BOTH_WRONG,False,True,True,False
public,423,0,Angry,0,Angry,0.8809152160996221,0,Angry,0.9296297682524984,BOTH_CORRECT,False,True,True,False
public,424,6,Neutral,2,Fear,0.5521423435432097,4,Sad,0.4554518109746409,BOTH_WRONG,False,True,True,False
public,425,0,Angry,0,Angry,0.9167323722918782,0,Angry,0.9512392458649044,BOTH_CORRECT,False,True,True,False
public,426,4,Sad,2,Fear,0.9661652443186433,2,Fear,0.8427850780566607,BOTH_WRONG,False,True,True,False
public,427,3,Happy,3,Happy,0.947913534011462,3,Happy,0.9367389381913478,BOTH_CORRECT,False,True,True,False
public,428,3,Happy,3,Happy,0.9425448664614798,3,Happy,0.9485619249742056,BOTH_CORRECT,False,True,True,False
public,429,4,Sad,4,Sad,0.5337688555883557,6,Neutral,0.9106538092074906,V21_CORRECT_V22_WRONG,True,True,True,False
public,430,4,Sad,2,Fear,0.933707045835882,4,Sad,0.8816918298935312,V22_CORRECT_V21_WRONG,True,True,True,False
public,431,4,Sad,6,Neutral,0.8922566245631082,6,Neutral,0.868148792162567,BOTH_WRONG,False,True,True,False
public,432,4,Sad,2,Fear,0.9585053800220895,2,Fear,0.962312103947661,BOTH_WRONG,False,True,True,False
public,433,6,Neutral,6,Neutral,0.8563407095925305,6,Neutral,0.9275685658184876,BOTH_CORRECT,False,True,True,False
public,434,3,Happy,3,Happy,0.6494370019936789,6,Neutral,0.55321874188949,V21_CORRECT_V22_WRONG,True,True,True,False
public,435,6,Neutral,0,Angry,0.7009567119747492,6,Neutral,0.8132005805075352,V22_CORRECT_V21_WRONG,True,True,True,False
public,436,6,Neutral,6,Neutral,0.5337406061707732,6,Neutral,0.8936500986800594,BOTH_CORRECT,False,True,True,False
public,437,2,Fear,2,Fear,0.9536022437616152,2,Fear,0.9614599785463332,BOTH_CORRECT,False,False,False,True
public,438,3,Happy,3,Happy,0.9525037513434544,3,Happy,0.9425123056980866,BOTH_CORRECT,False,True,True,False
public,439,0,Angry,0,Angry,0.9380095057539226,0,Angry,0.5780673124336047,BOTH_CORRECT,False,True,True,False
public,440,0,Angry,4,Sad,0.7345243862964781,0,Angry,0.902633553550692,V22_CORRECT_V21_WRONG,True,True,True,False
public,441,4,Sad,0,Angry,0.9642360939351027,0,Angry,0.9664403518905729,BOTH_WRONG,False,True,True,False
public,442,6,Neutral,6,Neutral,0.9464688272213292,6,Neutral,0.6532505393655412,BOTH_CORRECT,False,True,True,False
public,443,2,Fear,2,Fear,0.9506142505067195,2,Fear,0.9245328301636423,BOTH_CORRECT,False,True,True,False
public,444,0,Angry,6,Neutral,0.6115354713749797,6,Neutral,0.9297287989511654,BOTH_WRONG,False,True,True,False
public,445,2,Fear,4,Sad,0.6933863860251527,2,Fear,0.6737802969523278,V22_CORRECT_V21_WRONG,True,True,True,False
public,446,0,Angry,0,Angry,0.8999261799033205,0,Angry,0.9578220967663436,BOTH_CORRECT,False,True,True,False
public,447,5,Surprise,3,Happy,0.4894877861469702,3,Happy,0.5448174206234698,BOTH_WRONG,False,True,True,False
public,448,2,Fear,0,Angry,0.7964422160489204,0,Angry,0.8290331767699183,BOTH_WRONG,False,True,True,False
public,449,1,Disgust,1,Disgust,0.9602305281927606,1,Disgust,0.9614787200018371,BOTH_CORRECT,False,False,False,True
public,450,0,Angry,0,Angry,0.6615790547065087,0,Angry,0.6112025958264978,BOTH_CORRECT,False,True,True,False
public,451,3,Happy,3,Happy,0.9302151539363924,3,Happy,0.9268734101206396,BOTH_CORRECT,False,True,True,False
public,452,6,Neutral,0,Angry,0.46646987988228283,0,Angry,0.48449963825882586,BOTH_WRONG,False,True,True,False
public,453,4,Sad,4,Sad,0.6796987778691663,0,Angry,0.6535286002252672,V21_CORRECT_V22_WRONG,True,True,True,False
public,454,4,Sad,2,Fear,0.5108144444281685,4,Sad,0.9501793390779617,V22_CORRECT_V21_WRONG,True,True,True,False
public,455,5,Surprise,5,Surprise,0.9443489774097393,5,Surprise,0.9451187393884144,BOTH_CORRECT,False,True,True,False
public,456,2,Fear,2,Fear,0.9261974532340429,2,Fear,0.9642626811591652,BOTH_CORRECT,False,False,False,True
public,457,4,Sad,4,Sad,0.9398801582068439,4,Sad,0.9500343974809042,BOTH_CORRECT,False,True,True,False
public,458,0,Angry,0,Angry,0.9579111036795879,0,Angry,0.9641000519911127,BOTH_CORRECT,False,True,True,False
public,459,6,Neutral,6,Neutral,0.9602933414073463,6,Neutral,0.9584809111976805,BOTH_CORRECT,False,True,True,False
public,460,5,Surprise,5,Surprise,0.9555597333058042,5,Surprise,0.9550185503335177,BOTH_CORRECT,False,False,False,True
public,461,5,Surprise,5,Surprise,0.950403095262009,5,Surprise,0.9563376019060624,BOTH_CORRECT,False,True,True,False
public,462,0,Angry,0,Angry,0.9165345027119314,0,Angry,0.9538338205630291,BOTH_CORRECT,False,True,True,False
public,463,3,Happy,3,Happy,0.9584228320335537,3,Happy,0.9531373627586268,BOTH_CORRECT,False,True,True,False
public,464,6,Neutral,6,Neutral,0.9569948544405213,6,Neutral,0.9548932864852294,BOTH_CORRECT,False,True,True,False
public,465,4,Sad,6,Neutral,0.8469424686643695,4,Sad,0.9405466978463949,V22_CORRECT_V21_WRONG,True,True,True,False
public,466,2,Fear,2,Fear,0.8957692481266752,2,Fear,0.8806763044800526,BOTH_CORRECT,False,True,True,False
public,467,6,Neutral,3,Happy,0.5298062969273989,3,Happy,0.7462434490941413,BOTH_WRONG,False,True,True,False
public,468,3,Happy,3,Happy,0.6898700949500102,3,Happy,0.950974003226523,BOTH_CORRECT,False,True,True,False
public,469,2,Fear,2,Fear,0.9439567011292743,2,Fear,0.9322122986281571,BOTH_CORRECT,False,False,False,True
public,470,3,Happy,3,Happy,0.8982206013247401,3,Happy,0.6189714680741946,BOTH_CORRECT,False,True,True,False
public,471,5,Surprise,5,Surprise,0.9556529574143583,5,Surprise,0.9606690557601024,BOTH_CORRECT,False,False,False,True
public,472,6,Neutral,4,Sad,0.7035650494598152,2,Fear,0.4180027007549462,BOTH_WRONG,False,True,True,False
public,473,6,Neutral,2,Fear,0.7950511087511806,4,Sad,0.8772776351572098,BOTH_WRONG,False,True,True,False
public,474,6,Neutral,6,Neutral,0.9527201845045727,6,Neutral,0.9450047980757814,BOTH_CORRECT,False,True,True,False
public,475,1,Disgust,1,Disgust,0.9280223401540941,1,Disgust,0.9630547867728021,BOTH_CORRECT,False,True,True,False
public,476,3,Happy,6,Neutral,0.91737807547699,6,Neutral,0.8861345942126688,BOTH_WRONG,False,True,True,False
public,477,6,Neutral,3,Happy,0.7076173489435118,6,Neutral,0.9548159232764863,V22_CORRECT_V21_WRONG,True,True,True,False
public,478,2,Fear,4,Sad,0.6041990440206646,2,Fear,0.6168701290368095,V22_CORRECT_V21_WRONG,True,True,True,False
public,479,4,Sad,4,Sad,0.869122431059539,4,Sad,0.9080763661475766,BOTH_CORRECT,False,False,False,True
public,480,0,Angry,0,Angry,0.8749064273157103,0,Angry,0.9363903619470032,BOTH_CORRECT,False,True,True,False
public,481,6,Neutral,6,Neutral,0.9223479092520294,0,Angry,0.7034127454118334,V21_CORRECT_V22_WRONG,True,True,True,False
public,482,3,Happy,6,Neutral,0.9196467188576001,6,Neutral,0.9496188736709398,BOTH_WRONG,False,True,True,False
public,483,0,Angry,4,Sad,0.7242918231994652,4,Sad,0.8705166092560938,BOTH_WRONG,False,True,True,False
public,484,6,Neutral,4,Sad,0.5631151350389139,0,Angry,0.4754450702941844,BOTH_WRONG,False,True,True,False
public,485,4,Sad,2,Fear,0.8590297879537138,2,Fear,0.7146953001980141,BOTH_WRONG,False,True,True,False
public,486,6,Neutral,6,Neutral,0.951416158813382,6,Neutral,0.9377051329135745,BOTH_CORRECT,False,True,True,False
public,487,5,Surprise,5,Surprise,0.9500223330204209,5,Surprise,0.9435008265848892,BOTH_CORRECT,False,False,False,True
public,488,3,Happy,3,Happy,0.9473937271108828,3,Happy,0.9545938445684607,BOTH_CORRECT,False,True,True,False
public,489,6,Neutral,6,Neutral,0.7906222173538842,6,Neutral,0.9321920659934578,BOTH_CORRECT,False,False,False,True
public,490,2,Fear,0,Angry,0.867280409022768,3,Happy,0.847203288141585,BOTH_WRONG,False,True,True,False
public,491,2,Fear,4,Sad,0.9050719610791529,4,Sad,0.9501911432363663,BOTH_WRONG,False,True,True,False
public,492,3,Happy,3,Happy,0.9452648486150717,3,Happy,0.9543825291083667,BOTH_CORRECT,False,True,True,False
public,493,0,Angry,0,Angry,0.9433708264985056,0,Angry,0.9590707126661306,BOTH_CORRECT,False,True,True,False
public,494,4,Sad,4,Sad,0.907517258269406,4,Sad,0.6848959020124256,BOTH_CORRECT,False,True,True,False
public,495,4,Sad,4,Sad,0.5748728100051977,2,Fear,0.6149864940244177,V21_CORRECT_V22_WRONG,True,True,True,False
public,496,5,Surprise,5,Surprise,0.9591571134047157,5,Surprise,0.9520164403611403,BOTH_CORRECT,False,True,True,False
public,497,4,Sad,2,Fear,0.35959412520125056,2,Fear,0.7707105748218934,BOTH_WRONG,False,True,False,False
public,498,4,Sad,4,Sad,0.9191632479386346,4,Sad,0.9579732027742455,BOTH_CORRECT,False,True,True,False
public,499,2,Fear,5,Surprise,0.9440229061658101,5,Surprise,0.9446584423223562,BOTH_WRONG,False,False,False,False
public,500,6,Neutral,6,Neutral,0.8975651780497541,3,Happy,0.6094757008728516,V21_CORRECT_V22_WRONG,True,True,True,False
public,501,2,Fear,1,Disgust,0.8258023633980566,0,Angry,0.9188337363522717,BOTH_WRONG,False,True,True,False
public,502,3,Happy,3,Happy,0.9524932460976164,3,Happy,0.9488679718985243,BOTH_CORRECT,False,True,True,False
public,503,5,Surprise,5,Surprise,0.95275868780353,5,Surprise,0.9558146707170672,BOTH_CORRECT,False,True,True,False
public,504,0,Angry,2,Fear,0.41553785095504814,4,Sad,0.5580047684685938,BOTH_WRONG,False,True,True,False
public,505,3,Happy,6,Neutral,0.7161914942500741,3,Happy,0.9421586839252638,V22_CORRECT_V21_WRONG,True,True,True,False
public,506,3,Happy,3,Happy,0.4676108478977945,3,Happy,0.8611605621058316,BOTH_CORRECT,False,True,True,False
public,507,6,Neutral,6,Neutral,0.9473208451834239,6,Neutral,0.9360169314916519,BOTH_CORRECT,False,True,True,False
public,508,0,Angry,2,Fear,0.3056499315385002,0,Angry,0.8611586750483647,V22_CORRECT_V21_WRONG,True,True,True,False
public,509,4,Sad,4,Sad,0.9392801759298864,4,Sad,0.8320516553248056,BOTH_CORRECT,False,True,True,False
public,510,2,Fear,2,Fear,0.5269937306946699,2,Fear,0.9584559281665591,BOTH_CORRECT,False,True,True,False
public,511,3,Happy,3,Happy,0.9552042289749071,3,Happy,0.9506736368413456,BOTH_CORRECT,False,True,True,False
public,512,0,Angry,0,Angry,0.914332837486525,0,Angry,0.951601361708928,BOTH_CORRECT,False,False,False,True
public,513,5,Surprise,4,Sad,0.44026229525818134,5,Surprise,0.9423590713423622,V22_CORRECT_V21_WRONG,True,True,True,False
public,514,2,Fear,2,Fear,0.9153260094100549,2,Fear,0.9588899085687913,BOTH_CORRECT,False,True,True,False
public,515,3,Happy,3,Happy,0.9543972422212493,3,Happy,0.9533508305326778,BOTH_CORRECT,False,True,True,False
public,516,5,Surprise,5,Surprise,0.9543939042261721,5,Surprise,0.9556921197900418,BOTH_CORRECT,False,True,True,False
public,517,4,Sad,4,Sad,0.928200025418725,4,Sad,0.9604500038180743,BOTH_CORRECT,False,True,True,False
public,518,0,Angry,0,Angry,0.9202963054001163,0,Angry,0.9565889244161818,BOTH_CORRECT,False,True,True,False
public,519,4,Sad,3,Happy,0.9576300091326153,6,Neutral,0.7849745381353994,BOTH_WRONG,False,True,True,False
public,520,3,Happy,0,Angry,0.5765343579741833,3,Happy,0.9425303976377984,V22_CORRECT_V21_WRONG,True,True,True,False
public,521,6,Neutral,6,Neutral,0.9489357623092294,6,Neutral,0.957408033373925,BOTH_CORRECT,False,True,True,False
public,522,4,Sad,4,Sad,0.9076984713944656,4,Sad,0.7016832986237119,BOTH_CORRECT,False,True,True,False
public,523,6,Neutral,6,Neutral,0.816365028185242,6,Neutral,0.9153029060319016,BOTH_CORRECT,False,True,True,False
public,524,3,Happy,3,Happy,0.9563130663257049,3,Happy,0.9396699123509866,BOTH_CORRECT,False,True,True,False
public,525,3,Happy,3,Happy,0.9125143992429081,3,Happy,0.8833418148516806,BOTH_CORRECT,False,True,True,False
public,526,3,Happy,3,Happy,0.9294208102126983,3,Happy,0.9494373417539974,BOTH_CORRECT,False,True,True,False
public,527,5,Surprise,5,Surprise,0.9311580332542717,5,Surprise,0.9592949200849035,BOTH_CORRECT,False,True,True,False
public,528,4,Sad,4,Sad,0.91672217187312,0,Angry,0.46781463829949244,V21_CORRECT_V22_WRONG,True,True,True,False
public,529,2,Fear,3,Happy,0.5704163831486649,0,Angry,0.7302180818152046,BOTH_WRONG,False,True,True,False
public,530,0,Angry,3,Happy,0.6546136732578955,3,Happy,0.7264873405358383,BOTH_WRONG,False,True,True,False
public,531,3,Happy,3,Happy,0.9604475208992087,3,Happy,0.9602966388816893,BOTH_CORRECT,False,True,True,False
public,532,5,Surprise,5,Surprise,0.9431013870135782,5,Surprise,0.9507571813198408,BOTH_CORRECT,False,True,True,False
public,533,5,Surprise,5,Surprise,0.9489530284094586,2,Fear,0.5998190956212355,V21_CORRECT_V22_WRONG,True,True,True,False
public,534,4,Sad,0,Angry,0.9048329854879156,0,Angry,0.9606711730341233,BOTH_WRONG,False,True,True,False
public,535,6,Neutral,2,Fear,0.3694857417587284,0,Angry,0.872908926179297,BOTH_WRONG,False,True,True,False
public,536,6,Neutral,6,Neutral,0.6668571905084217,6,Neutral,0.5717518522168374,BOTH_CORRECT,False,True,True,False
public,537,6,Neutral,6,Neutral,0.8878252179993963,3,Happy,0.840366412497662,V21_CORRECT_V22_WRONG,True,True,True,False
public,538,5,Surprise,5,Surprise,0.9548912199961976,5,Surprise,0.9462879380170874,BOTH_CORRECT,False,True,True,False
public,539,3,Happy,4,Sad,0.7674584577400941,4,Sad,0.49706626177154506,BOTH_WRONG,False,True,True,False
public,540,2,Fear,3,Happy,0.46141692498315534,4,Sad,0.5869626596425689,BOTH_WRONG,False,True,True,False
public,541,6,Neutral,6,Neutral,0.8789500952542718,4,Sad,0.8821554107905122,V21_CORRECT_V22_WRONG,True,True,False,False
public,542,4,Sad,6,Neutral,0.9327719772291068,6,Neutral,0.9536168397610352,BOTH_WRONG,False,True,True,False
public,543,3,Happy,0,Angry,0.9482722916844613,4,Sad,0.6641888308370886,BOTH_WRONG,False,True,True,False
public,544,5,Surprise,5,Surprise,0.8973990323097741,5,Surprise,0.8843974657962345,BOTH_CORRECT,False,True,True,False
public,545,0,Angry,0,Angry,0.8959891897310114,0,Angry,0.8552969567240919,BOTH_CORRECT,False,True,True,False
public,546,2,Fear,6,Neutral,0.7785250899103662,6,Neutral,0.7407740904273636,BOTH_WRONG,False,True,True,False
public,547,6,Neutral,4,Sad,0.508573557223223,4,Sad,0.5614658217670785,BOTH_WRONG,False,True,True,False
public,548,3,Happy,3,Happy,0.9506569228388836,3,Happy,0.9544905811043126,BOTH_CORRECT,False,True,True,False
public,549,3,Happy,3,Happy,0.9552890759598487,3,Happy,0.959311164372831,BOTH_CORRECT,False,True,True,False
public,550,0,Angry,2,Fear,0.8119591531181524,0,Angry,0.5711778122446627,V22_CORRECT_V21_WRONG,True,True,True,False
public,551,2,Fear,4,Sad,0.9602296374615025,4,Sad,0.944199367343563,BOTH_WRONG,False,True,True,False
public,552,4,Sad,4,Sad,0.898718938940107,4,Sad,0.5932644468713065,BOTH_CORRECT,False,True,True,False
public,553,2,Fear,2,Fear,0.7043976812127041,2,Fear,0.8816557094139521,BOTH_CORRECT,False,True,True,False
public,554,0,Angry,0,Angry,0.924576708455209,0,Angry,0.9518062611338778,BOTH_CORRECT,False,False,False,True
public,555,4,Sad,3,Happy,0.9017021780360479,4,Sad,0.91615434209393,V22_CORRECT_V21_WRONG,True,True,True,False
public,556,2,Fear,2,Fear,0.742677673693632,2,Fear,0.6438822261716273,BOTH_CORRECT,False,False,False,True
public,557,0,Angry,0,Angry,0.9619707951003769,0,Angry,0.9570569131526242,BOTH_CORRECT,False,True,True,False
public,558,0,Angry,0,Angry,0.9431328324776007,0,Angry,0.9432095411108584,BOTH_CORRECT,False,True,True,False
public,559,6,Neutral,4,Sad,0.9451962457112242,4,Sad,0.9603125899284329,BOTH_WRONG,False,True,True,False
public,560,1,Disgust,1,Disgust,0.9569462989632473,1,Disgust,0.9751818529122479,BOTH_CORRECT,False,False,False,True
public,561,4,Sad,0,Angry,0.8358247471254711,4,Sad,0.9065013095006799,V22_CORRECT_V21_WRONG,True,True,True,False
public,562,5,Surprise,5,Surprise,0.9563697503555656,5,Surprise,0.958416697685637,BOTH_CORRECT,False,False,False,True
public,563,0,Angry,0,Angry,0.8939374108817665,0,Angry,0.9623627371188179,BOTH_CORRECT,False,True,True,False
public,564,2,Fear,2,Fear,0.8725561700565927,2,Fear,0.9519185283737607,BOTH_CORRECT,False,False,False,True
public,565,5,Surprise,5,Surprise,0.9519103195489169,5,Surprise,0.9525001441953379,BOTH_CORRECT,False,True,True,False
public,566,6,Neutral,6,Neutral,0.9136037347353387,6,Neutral,0.9398844751144778,BOTH_CORRECT,False,True,True,False
public,567,5,Surprise,5,Surprise,0.7173157005587818,5,Surprise,0.929052643778618,BOTH_CORRECT,False,True,True,False
public,568,2,Fear,4,Sad,0.8566722044117651,2,Fear,0.704333054472035,V22_CORRECT_V21_WRONG,True,True,True,False
public,569,0,Angry,2,Fear,0.7110857245622277,2,Fear,0.5250662219804958,BOTH_WRONG,False,True,True,False
public,570,0,Angry,0,Angry,0.6691635914042444,6,Neutral,0.7444637129331396,V21_CORRECT_V22_WRONG,True,True,True,False
public,571,3,Happy,3,Happy,0.9483660436313875,3,Happy,0.9470764905186546,BOTH_CORRECT,False,True,True,False
public,572,6,Neutral,6,Neutral,0.9413169559782478,6,Neutral,0.9489931176399503,BOTH_CORRECT,False,True,True,False
public,573,0,Angry,0,Angry,0.8509755368341536,6,Neutral,0.2534965488537682,V21_CORRECT_V22_WRONG,True,True,True,False
public,574,5,Surprise,2,Fear,0.9635721664393918,2,Fear,0.9394605271329849,BOTH_WRONG,False,True,True,False
public,575,2,Fear,2,Fear,0.9429189571864981,2,Fear,0.9292536499492429,BOTH_CORRECT,False,True,True,False
public,576,2,Fear,1,Disgust,0.311641171764443,1,Disgust,0.8546346657721114,BOTH_WRONG,False,True,True,False
public,577,3,Happy,3,Happy,0.9438261447616747,3,Happy,0.9476398851065201,BOTH_CORRECT,False,True,True,False
public,578,2,Fear,2,Fear,0.8596626451315226,6,Neutral,0.38586284908661944,V21_CORRECT_V22_WRONG,True,True,True,False
public,579,5,Surprise,5,Surprise,0.6724376386110247,5,Surprise,0.5819594321587791,BOTH_CORRECT,False,True,True,False
public,580,2,Fear,4,Sad,0.9047184212940376,4,Sad,0.4827330846909906,BOTH_WRONG,False,True,True,False
public,581,3,Happy,3,Happy,0.7933298425271104,3,Happy,0.9557255103530262,BOTH_CORRECT,False,True,True,False
public,582,2,Fear,2,Fear,0.9392376221378027,2,Fear,0.8966830867590342,BOTH_CORRECT,False,True,True,False
public,583,3,Happy,3,Happy,0.9477383132175395,3,Happy,0.9494958498349774,BOTH_CORRECT,False,True,True,False
public,584,5,Surprise,5,Surprise,0.9545110518145633,5,Surprise,0.9660069874460336,BOTH_CORRECT,False,True,True,False
public,585,2,Fear,2,Fear,0.8085144508543479,2,Fear,0.9424199521564771,BOTH_CORRECT,False,True,True,False
public,586,4,Sad,4,Sad,0.9181627117888287,4,Sad,0.9354097158660809,BOTH_CORRECT,False,True,True,False
public,587,5,Surprise,5,Surprise,0.9370473578067297,5,Surprise,0.9549870790584903,BOTH_CORRECT,False,False,False,True
public,588,6,Neutral,6,Neutral,0.886234532571892,6,Neutral,0.8169824781943323,BOTH_CORRECT,False,False,False,True
public,589,4,Sad,2,Fear,0.5541102981230772,2,Fear,0.49199980244592934,BOTH_WRONG,False,True,True,False
public,590,6,Neutral,6,Neutral,0.9526445939451197,6,Neutral,0.9458100714669596,BOTH_CORRECT,False,True,True,False
public,591,3,Happy,3,Happy,0.9635583079078913,3,Happy,0.9608827092489374,BOTH_CORRECT,False,True,True,False
public,592,4,Sad,4,Sad,0.9143546113723289,4,Sad,0.8170760657972951,BOTH_CORRECT,False,True,True,False
public,593,6,Neutral,6,Neutral,0.7166021202489469,6,Neutral,0.939181090328175,BOTH_CORRECT,False,True,True,False
public,594,3,Happy,3,Happy,0.9488556919321693,3,Happy,0.9515097073181022,BOTH_CORRECT,False,True,True,False
public,595,6,Neutral,2,Fear,0.2910446463892573,3,Happy,0.7577762061681679,BOTH_WRONG,False,True,True,False
public,596,4,Sad,1,Disgust,0.502385954906249,4,Sad,0.6116750460819588,V22_CORRECT_V21_WRONG,True,True,True,False
public,597,4,Sad,4,Sad,0.8164384951433913,4,Sad,0.3326232198116824,BOTH_CORRECT,False,True,True,False
public,598,4,Sad,4,Sad,0.9606837564349765,4,Sad,0.9544581013919061,BOTH_CORRECT,False,True,True,False
public,599,0,Angry,4,Sad,0.33720948622533625,0,Angry,0.8705446905882334,V22_CORRECT_V21_WRONG,True,True,True,False
public,600,4,Sad,1,Disgust,0.45200135413831743,4,Sad,0.9458954281252834,V22_CORRECT_V21_WRONG,True,True,True,False
public,601,6,Neutral,5,Surprise,0.8860096992950443,6,Neutral,0.41092771311241666,V22_CORRECT_V21_WRONG,True,True,True,False
public,602,6,Neutral,4,Sad,0.5484487863168807,4,Sad,0.9568441827313335,BOTH_WRONG,False,True,True,False
public,603,6,Neutral,6,Neutral,0.6050042566841934,6,Neutral,0.8977966868925329,BOTH_CORRECT,False,True,True,False
public,604,3,Happy,3,Happy,0.9541978037808991,3,Happy,0.9470392922047671,BOTH_CORRECT,False,True,True,False
public,605,4,Sad,4,Sad,0.9312649126608732,4,Sad,0.7976151996079359,BOTH_CORRECT,False,True,True,False
public,606,2,Fear,0,Angry,0.9593416033834278,0,Angry,0.9603729922416459,BOTH_WRONG,False,True,True,False
public,607,4,Sad,4,Sad,0.6656242561843914,4,Sad,0.9260904005807487,BOTH_CORRECT,False,True,True,False
public,608,4,Sad,0,Angry,0.7308866099699558,4,Sad,0.8472266784075575,V22_CORRECT_V21_WRONG,True,True,True,False
public,609,4,Sad,4,Sad,0.8766889456345084,4,Sad,0.9646797389963535,BOTH_CORRECT,False,True,True,False
public,610,0,Angry,0,Angry,0.9115217027665795,0,Angry,0.7895915272793345,BOTH_CORRECT,False,True,True,False
public,611,5,Surprise,5,Surprise,0.9563955509455313,5,Surprise,0.9637344573759634,BOTH_CORRECT,False,True,True,False
public,612,3,Happy,3,Happy,0.9554368375987118,3,Happy,0.9572933403379591,BOTH_CORRECT,False,True,True,False
public,613,4,Sad,5,Surprise,0.48834440650187594,4,Sad,0.8671545197857338,V22_CORRECT_V21_WRONG,True,True,True,False
public,614,5,Surprise,5,Surprise,0.6979035794246837,2,Fear,0.5534512227720132,V21_CORRECT_V22_WRONG,True,True,True,False
public,615,6,Neutral,6,Neutral,0.9565982757392393,6,Neutral,0.8945437818549015,BOTH_CORRECT,False,True,True,False
public,616,0,Angry,0,Angry,0.9598289417810718,0,Angry,0.9269145381213272,BOTH_CORRECT,False,True,True,False
public,617,6,Neutral,6,Neutral,0.776170231127953,6,Neutral,0.8381676997114318,BOTH_CORRECT,False,True,True,False
public,618,2,Fear,4,Sad,0.9509264456520405,4,Sad,0.9506393631300091,BOTH_WRONG,False,True,True,False
public,619,2,Fear,2,Fear,0.9269897955933706,2,Fear,0.9508442652099688,BOTH_CORRECT,False,False,False,True
public,620,3,Happy,3,Happy,0.7463103928197432,3,Happy,0.9320873059655627,BOTH_CORRECT,False,True,True,False
public,621,2,Fear,6,Neutral,0.8516830976023233,3,Happy,0.7526082047620701,BOTH_WRONG,False,True,True,False
public,622,4,Sad,6,Neutral,0.8606907594957968,6,Neutral,0.5159690010265167,BOTH_WRONG,False,True,True,False
public,623,3,Happy,3,Happy,0.9526279966213416,3,Happy,0.9518322655040616,BOTH_CORRECT,False,True,True,False
public,624,3,Happy,3,Happy,0.9468781569315741,3,Happy,0.9441822083358247,BOTH_CORRECT,False,True,True,False
public,625,3,Happy,3,Happy,0.9522867843181214,3,Happy,0.9506375052390234,BOTH_CORRECT,False,True,True,False
public,626,4,Sad,4,Sad,0.944156424368923,4,Sad,0.7168969984042945,BOTH_CORRECT,False,True,True,False
public,627,2,Fear,2,Fear,0.8863424208679398,2,Fear,0.949033080879248,BOTH_CORRECT,False,True,True,False
public,628,3,Happy,6,Neutral,0.9491919844100712,6,Neutral,0.849108992041949,BOTH_WRONG,False,True,True,False
public,629,3,Happy,3,Happy,0.9427407380494386,3,Happy,0.9329861852015234,BOTH_CORRECT,False,True,True,False
public,630,6,Neutral,0,Angry,0.7023821437781813,0,Angry,0.8474407718589382,BOTH_WRONG,False,True,True,False
public,631,3,Happy,3,Happy,0.9610139315067862,3,Happy,0.9610326961079697,BOTH_CORRECT,False,True,True,False
public,632,0,Angry,0,Angry,0.9603163634828198,0,Angry,0.9527795928627488,BOTH_CORRECT,False,True,True,False
public,633,4,Sad,4,Sad,0.7609828115419237,4,Sad,0.9078767623809619,BOTH_CORRECT,False,True,True,False
public,634,3,Happy,0,Angry,0.3363564955018058,5,Surprise,0.49611465690240697,BOTH_WRONG,False,False,False,True
public,635,0,Angry,0,Angry,0.6225309305683573,2,Fear,0.6656562936169733,V21_CORRECT_V22_WRONG,True,True,True,False
public,636,5,Surprise,5,Surprise,0.9558074673808168,5,Surprise,0.9575978421525655,BOTH_CORRECT,False,False,False,True
public,637,2,Fear,0,Angry,0.4822711350967584,2,Fear,0.9524531972731453,V22_CORRECT_V21_WRONG,True,True,True,False
public,638,0,Angry,0,Angry,0.9427264280634742,0,Angry,0.9500899224950335,BOTH_CORRECT,False,True,True,False
public,639,0,Angry,4,Sad,0.9243930611663164,0,Angry,0.9464252539452968,V22_CORRECT_V21_WRONG,True,True,True,False
public,640,2,Fear,2,Fear,0.9236054044192475,5,Surprise,0.816809433792697,V21_CORRECT_V22_WRONG,True,True,True,False
public,641,4,Sad,4,Sad,0.6682184252567086,4,Sad,0.8863558360019321,BOTH_CORRECT,False,False,False,True
public,642,3,Happy,3,Happy,0.9598472086459784,3,Happy,0.9527017439597312,BOTH_CORRECT,False,True,True,False
public,643,6,Neutral,3,Happy,0.915425281724534,6,Neutral,0.777048504588879,V22_CORRECT_V21_WRONG,True,True,True,False
public,644,3,Happy,3,Happy,0.9599640799743794,3,Happy,0.9603713035835142,BOTH_CORRECT,False,False,False,True
public,645,5,Surprise,2,Fear,0.4550356190094444,5,Surprise,0.6241587187066026,V22_CORRECT_V21_WRONG,True,True,True,False
public,646,3,Happy,3,Happy,0.4892553941005895,3,Happy,0.9432994509612533,BOTH_CORRECT,False,True,True,False
public,647,5,Surprise,5,Surprise,0.7602804027695432,6,Neutral,0.7762048718629441,V21_CORRECT_V22_WRONG,True,True,True,False
public,648,5,Surprise,5,Surprise,0.9543369280742902,5,Surprise,0.9526155007882275,BOTH_CORRECT,False,True,True,False
public,649,3,Happy,3,Happy,0.9350582778482464,3,Happy,0.9383733382032478,BOTH_CORRECT,False,True,True,False
public,650,2,Fear,6,Neutral,0.6899510319874422,2,Fear,0.6729967307677965,V22_CORRECT_V21_WRONG,True,True,True,False
public,651,2,Fear,2,Fear,0.7803565152053439,2,Fear,0.9501134744880001,BOTH_CORRECT,False,True,True,False
public,652,2,Fear,3,Happy,0.5503603583185593,3,Happy,0.9490328742174327,BOTH_WRONG,False,True,True,False
public,653,3,Happy,3,Happy,0.9524080711395632,3,Happy,0.9517033075997223,BOTH_CORRECT,False,True,True,False
public,654,2,Fear,4,Sad,0.532069884101289,6,Neutral,0.9565240465726597,BOTH_WRONG,False,True,True,False
public,655,2,Fear,2,Fear,0.775559560277664,2,Fear,0.4288465838019367,BOTH_CORRECT,False,True,True,False
public,656,3,Happy,3,Happy,0.949951721900061,3,Happy,0.9492445919926779,BOTH_CORRECT,False,True,True,False
public,657,2,Fear,4,Sad,0.9006207439755413,2,Fear,0.9535736811160627,V22_CORRECT_V21_WRONG,True,True,True,False
public,658,4,Sad,6,Neutral,0.9320180575261106,0,Angry,0.8647205417668907,BOTH_WRONG,False,True,True,False
public,659,5,Surprise,5,Surprise,0.9426998888853491,5,Surprise,0.9425112412296998,BOTH_CORRECT,False,False,False,True
public,660,4,Sad,4,Sad,0.8312135182127227,2,Fear,0.7160991356900682,V21_CORRECT_V22_WRONG,True,True,True,False
public,661,3,Happy,3,Happy,0.9553885671930754,3,Happy,0.9550357288628896,BOTH_CORRECT,False,True,True,False
public,662,3,Happy,3,Happy,0.9594196153594982,3,Happy,0.9618658274095384,BOTH_CORRECT,False,True,True,False
public,663,3,Happy,3,Happy,0.9638020496894747,3,Happy,0.9491003170212735,BOTH_CORRECT,False,True,True,False
public,664,3,Happy,3,Happy,0.955079028382554,3,Happy,0.9589152298608139,BOTH_CORRECT,False,True,True,False
public,665,5,Surprise,5,Surprise,0.9579241529714646,5,Surprise,0.9623369204109395,BOTH_CORRECT,False,True,True,False
public,666,6,Neutral,6,Neutral,0.6049741768942222,2,Fear,0.7966401078535367,V21_CORRECT_V22_WRONG,True,True,True,False
public,667,2,Fear,2,Fear,0.7651586268857018,2,Fear,0.8757781512432622,BOTH_CORRECT,False,True,True,False
public,668,4,Sad,4,Sad,0.8225562464308601,4,Sad,0.9210010990264851,BOTH_CORRECT,False,True,True,False
public,669,0,Angry,0,Angry,0.9381096682388746,0,Angry,0.618999328110178,BOTH_CORRECT,False,True,True,False
public,670,4,Sad,6,Neutral,0.8449451490156774,4,Sad,0.8803329469136868,V22_CORRECT_V21_WRONG,True,True,True,False
public,671,6,Neutral,6,Neutral,0.9319207877043582,6,Neutral,0.9477351236339862,BOTH_CORRECT,False,True,True,False
public,672,4,Sad,6,Neutral,0.8894014682414597,6,Neutral,0.9324021012647392,BOTH_WRONG,False,True,True,False
public,673,2,Fear,2,Fear,0.8805941478681184,2,Fear,0.9625980968380052,BOTH_CORRECT,False,True,True,False
public,674,4,Sad,4,Sad,0.8244238870785645,4,Sad,0.6163801888101452,BOTH_CORRECT,False,True,True,False
public,675,6,Neutral,4,Sad,0.7357402916632154,6,Neutral,0.9195045117354318,V22_CORRECT_V21_WRONG,True,True,True,False
public,676,0,Angry,0,Angry,0.47150416661130023,0,Angry,0.8986550448103101,BOTH_CORRECT,False,True,True,False
public,677,4,Sad,4,Sad,0.8489417041862276,0,Angry,0.8064701366407797,V21_CORRECT_V22_WRONG,True,True,True,False
public,678,4,Sad,6,Neutral,0.8896674687608763,4,Sad,0.4545532241679175,V22_CORRECT_V21_WRONG,True,True,True,False
public,679,6,Neutral,6,Neutral,0.9445861361116434,6,Neutral,0.9434681535676717,BOTH_CORRECT,False,True,True,False
public,680,2,Fear,3,Happy,0.528695182492011,3,Happy,0.5978580402343797,BOTH_WRONG,False,True,True,False
public,681,2,Fear,2,Fear,0.9348947011253663,2,Fear,0.9495598269658694,BOTH_CORRECT,False,True,True,False
public,682,5,Surprise,5,Surprise,0.9256961247046888,5,Surprise,0.9454039093066087,BOTH_CORRECT,False,True,True,False
public,683,6,Neutral,6,Neutral,0.6836519106182622,6,Neutral,0.9095444284045946,BOTH_CORRECT,False,True,True,False
public,684,4,Sad,4,Sad,0.9089951731883363,2,Fear,0.6112944669552425,V21_CORRECT_V22_WRONG,True,True,True,False
public,685,6,Neutral,6,Neutral,0.9350506836941337,6,Neutral,0.938233404178869,BOTH_CORRECT,False,True,True,False
public,686,6,Neutral,6,Neutral,0.8966746886889703,6,Neutral,0.9363007706742482,BOTH_CORRECT,False,True,True,False
public,687,3,Happy,3,Happy,0.938083631633394,3,Happy,0.9184956795065203,BOTH_CORRECT,False,False,False,True
public,688,6,Neutral,6,Neutral,0.8637625845147366,6,Neutral,0.9587201880887587,BOTH_CORRECT,False,True,True,False
public,689,3,Happy,3,Happy,0.9432569619338002,3,Happy,0.9368267079818153,BOTH_CORRECT,False,True,True,False
public,690,3,Happy,3,Happy,0.9534429650007529,3,Happy,0.9517626591315248,BOTH_CORRECT,False,True,True,False
public,691,5,Surprise,2,Fear,0.5181092280047912,2,Fear,0.4913795173829784,BOTH_WRONG,False,True,True,False
public,692,4,Sad,3,Happy,0.9262800882523906,3,Happy,0.869302376588783,BOTH_WRONG,False,True,True,False
public,693,5,Surprise,0,Angry,0.9446956244579912,0,Angry,0.9076607857476418,BOTH_WRONG,False,True,True,False
public,694,6,Neutral,2,Fear,0.7299162313125285,3,Happy,0.9519423906592159,BOTH_WRONG,False,True,True,False
public,695,3,Happy,4,Sad,0.8522993735657823,3,Happy,0.9156026715171034,V22_CORRECT_V21_WRONG,True,True,True,False
public,696,2,Fear,2,Fear,0.7983682592925457,2,Fear,0.9579298616229047,BOTH_CORRECT,False,True,True,False
public,697,3,Happy,3,Happy,0.9510473630161457,3,Happy,0.9323909043515631,BOTH_CORRECT,False,True,True,False
public,698,2,Fear,0,Angry,0.5592583752083928,0,Angry,0.4799413866032679,BOTH_WRONG,False,True,True,False
public,699,0,Angry,0,Angry,0.9303619598390351,0,Angry,0.8157658018585598,BOTH_CORRECT,False,True,True,False
public,700,2,Fear,2,Fear,0.9363055627221575,2,Fear,0.9326964410195381,BOTH_CORRECT,False,True,True,False
public,701,3,Happy,3,Happy,0.9449824315603086,3,Happy,0.94094327088575,BOTH_CORRECT,False,True,True,False
public,702,2,Fear,2,Fear,0.9092524915674695,0,Angry,0.9575094167700119,V21_CORRECT_V22_WRONG,True,True,True,False
public,703,4,Sad,6,Neutral,0.6983503529945797,6,Neutral,0.3842479769980163,BOTH_WRONG,False,True,True,False
public,704,5,Surprise,5,Surprise,0.9548390196969246,5,Surprise,0.9539184365831681,BOTH_CORRECT,False,True,True,False
public,705,0,Angry,4,Sad,0.8277017400301524,4,Sad,0.5543295921381034,BOTH_WRONG,False,True,True,False
public,706,3,Happy,3,Happy,0.9505905137216099,3,Happy,0.9202516842605084,BOTH_CORRECT,False,True,True,False
public,707,0,Angry,5,Surprise,0.9186811654916879,0,Angry,0.9489013947698547,V22_CORRECT_V21_WRONG,True,True,True,False
public,708,3,Happy,3,Happy,0.9518203578821265,3,Happy,0.9492961687036888,BOTH_CORRECT,False,True,True,False
public,709,3,Happy,3,Happy,0.9577272634237771,3,Happy,0.957462368304639,BOTH_CORRECT,False,False,False,True
public,710,0,Angry,1,Disgust,0.8451716619093135,4,Sad,0.4876709903777836,BOTH_WRONG,False,True,True,False
public,711,4,Sad,2,Fear,0.5798452962159779,6,Neutral,0.6580686753065693,BOTH_WRONG,False,True,True,False
public,712,2,Fear,2,Fear,0.9643764121301981,2,Fear,0.9582914874898714,BOTH_CORRECT,False,True,True,False
public,713,3,Happy,3,Happy,0.9579491002811424,3,Happy,0.9538444258412954,BOTH_CORRECT,False,True,True,False
public,714,3,Happy,6,Neutral,0.4110855276233071,4,Sad,0.35826515687156507,BOTH_WRONG,False,True,True,False
public,715,3,Happy,3,Happy,0.9543382365948775,3,Happy,0.9439584743434745,BOTH_CORRECT,False,True,True,False
public,716,4,Sad,4,Sad,0.870532992799896,4,Sad,0.947932781329725,BOTH_CORRECT,False,True,True,False
public,717,2,Fear,2,Fear,0.8489951171757942,2,Fear,0.9624055677347484,BOTH_CORRECT,False,True,True,False
public,718,3,Happy,3,Happy,0.9356646903656821,3,Happy,0.9336322587158493,BOTH_CORRECT,False,True,True,False
public,719,6,Neutral,6,Neutral,0.9239415966590464,6,Neutral,0.925025532914872,BOTH_CORRECT,False,True,True,False
public,720,2,Fear,0,Angry,0.7220423098141908,0,Angry,0.9593469703400246,BOTH_WRONG,False,True,True,False
public,721,3,Happy,3,Happy,0.9507126250827405,3,Happy,0.9537887069753105,BOTH_CORRECT,False,True,True,False
public,722,3,Happy,3,Happy,0.9403955374676571,3,Happy,0.9352150653339208,BOTH_CORRECT,False,True,True,False
public,723,0,Angry,0,Angry,0.8985411926737941,0,Angry,0.952997507138321,BOTH_CORRECT,False,False,False,True
public,724,4,Sad,4,Sad,0.9085272104524743,4,Sad,0.8838453733332006,BOTH_CORRECT,False,True,True,False
public,725,0,Angry,0,Angry,0.9415347690643566,0,Angry,0.9441305718298787,BOTH_CORRECT,False,True,True,False
public,726,0,Angry,0,Angry,0.9183452146562896,0,Angry,0.9514865934974103,BOTH_CORRECT,False,True,True,False
public,727,2,Fear,2,Fear,0.9552240518218662,2,Fear,0.8738711426985328,BOTH_CORRECT,False,True,True,False
public,728,6,Neutral,4,Sad,0.591749497167601,4,Sad,0.4514174661801088,BOTH_WRONG,False,True,True,False
public,729,6,Neutral,3,Happy,0.9404468929456363,3,Happy,0.9432561251845079,BOTH_WRONG,False,True,True,False
public,730,3,Happy,3,Happy,0.9345440255082703,3,Happy,0.941069507169253,BOTH_CORRECT,False,True,True,False
public,731,2,Fear,2,Fear,0.8894076269434458,2,Fear,0.8816860070701362,BOTH_CORRECT,False,True,True,False
public,732,6,Neutral,6,Neutral,0.9314604739730431,6,Neutral,0.9616899421383764,BOTH_CORRECT,False,True,True,False
public,733,6,Neutral,6,Neutral,0.8819970121206367,6,Neutral,0.936095678055552,BOTH_CORRECT,False,True,True,False
public,734,3,Happy,6,Neutral,0.8786412402458115,6,Neutral,0.9571577096008381,BOTH_WRONG,False,True,True,False
public,735,2,Fear,6,Neutral,0.6891386218093999,5,Surprise,0.8919294557411043,BOTH_WRONG,False,True,True,False
public,736,6,Neutral,6,Neutral,0.8150910290709908,6,Neutral,0.8929251037849604,BOTH_CORRECT,False,True,True,False
public,737,4,Sad,4,Sad,0.8882155807365691,4,Sad,0.9589103744812307,BOTH_CORRECT,False,True,True,False
public,738,3,Happy,4,Sad,0.6962031819659338,0,Angry,0.8598416423578492,BOTH_WRONG,False,True,True,False
public,739,3,Happy,3,Happy,0.9572307716948886,3,Happy,0.9533346033332059,BOTH_CORRECT,False,True,True,False
public,740,6,Neutral,4,Sad,0.7641714540157853,6,Neutral,0.7718635231397897,V22_CORRECT_V21_WRONG,True,True,True,False
public,741,0,Angry,5,Surprise,0.8282094822962008,2,Fear,0.7224158042337364,BOTH_WRONG,False,True,True,False
public,742,0,Angry,0,Angry,0.7834918279607151,0,Angry,0.8834331638719877,BOTH_CORRECT,False,True,True,False
public,743,6,Neutral,6,Neutral,0.4971598861913743,3,Happy,0.9510299228789588,V21_CORRECT_V22_WRONG,True,True,True,False
public,744,3,Happy,3,Happy,0.9624303730633178,3,Happy,0.9589398071181118,BOTH_CORRECT,False,True,True,False
public,745,2,Fear,2,Fear,0.8993824257598929,2,Fear,0.9204014375988306,BOTH_CORRECT,False,True,True,False
public,746,0,Angry,0,Angry,0.9206596299706833,0,Angry,0.9307956163890183,BOTH_CORRECT,False,True,True,False
public,747,3,Happy,3,Happy,0.9548346710390696,3,Happy,0.9520173183077368,BOTH_CORRECT,False,True,True,False
public,748,5,Surprise,5,Surprise,0.8793200375118597,5,Surprise,0.8510478597337628,BOTH_CORRECT,False,True,True,False
public,749,3,Happy,6,Neutral,0.4553256499248591,3,Happy,0.9118843991065586,V22_CORRECT_V21_WRONG,True,True,True,False
public,750,3,Happy,3,Happy,0.7334014123092754,4,Sad,0.9279388433123086,V21_CORRECT_V22_WRONG,True,True,True,False
public,751,3,Happy,3,Happy,0.9582505740217667,3,Happy,0.9528870351392037,BOTH_CORRECT,False,True,True,False
public,752,0,Angry,0,Angry,0.959527095655581,0,Angry,0.964800359350805,BOTH_CORRECT,False,True,True,False
public,753,2,Fear,2,Fear,0.672318699853375,4,Sad,0.35431600088913096,V21_CORRECT_V22_WRONG,True,True,True,False
public,754,6,Neutral,6,Neutral,0.9076153849473942,6,Neutral,0.948060175688612,BOTH_CORRECT,False,True,True,False
public,755,3,Happy,4,Sad,0.9431818261772497,3,Happy,0.7532900789218521,V22_CORRECT_V21_WRONG,True,True,True,False
public,756,0,Angry,0,Angry,0.9600612228381218,0,Angry,0.9473529078782934,BOTH_CORRECT,False,True,True,False
public,757,5,Surprise,2,Fear,0.6062408784682294,5,Surprise,0.9414013088302369,V22_CORRECT_V21_WRONG,True,True,True,False
public,758,3,Happy,3,Happy,0.8820341922673895,3,Happy,0.9587969719884276,BOTH_CORRECT,False,True,True,False
public,759,4,Sad,4,Sad,0.7242656221083493,4,Sad,0.9582752725638559,BOTH_CORRECT,False,True,True,False
public,760,3,Happy,2,Fear,0.5909254392981307,4,Sad,0.47110727687646164,BOTH_WRONG,False,True,True,False
public,761,0,Angry,0,Angry,0.9514841189798242,0,Angry,0.9542607893196992,BOTH_CORRECT,False,True,True,False
public,762,0,Angry,0,Angry,0.9627452196955084,0,Angry,0.9627891563551587,BOTH_CORRECT,False,True,True,False
public,763,3,Happy,3,Happy,0.6944194876715472,3,Happy,0.9491925974269487,BOTH_CORRECT,False,True,True,False
public,764,2,Fear,6,Neutral,0.8361827866287903,6,Neutral,0.5963665557278774,BOTH_WRONG,False,True,True,False
public,765,3,Happy,3,Happy,0.9558973421563702,3,Happy,0.9528915315043569,BOTH_CORRECT,False,True,True,False
public,766,3,Happy,0,Angry,0.32468864092837724,3,Happy,0.9507065568600717,V22_CORRECT_V21_WRONG,True,True,True,False
public,767,6,Neutral,4,Sad,0.7113490256961441,3,Happy,0.8987570853586434,BOTH_WRONG,False,True,True,False
public,768,0,Angry,0,Angry,0.5620980363229999,6,Neutral,0.8079050033033988,V21_CORRECT_V22_WRONG,True,True,True,False
public,769,2,Fear,4,Sad,0.9399563324438222,4,Sad,0.6495194777531175,BOTH_WRONG,False,True,True,False
public,770,3,Happy,3,Happy,0.9531845083293512,3,Happy,0.9537714062011204,BOTH_CORRECT,False,True,True,False
public,771,0,Angry,1,Disgust,0.734421444833963,1,Disgust,0.8456778247996107,BOTH_WRONG,False,True,True,False
public,772,4,Sad,4,Sad,0.8546194442182409,2,Fear,0.6805346238052702,V21_CORRECT_V22_WRONG,True,True,True,False
public,773,2,Fear,4,Sad,0.8350663194029045,4,Sad,0.9439928361258229,BOTH_WRONG,False,True,True,False
public,774,3,Happy,6,Neutral,0.6119729797226712,5,Surprise,0.32178319962905483,BOTH_WRONG,False,True,True,False
public,775,6,Neutral,5,Surprise,0.8332882828748207,5,Surprise,0.7333174015201054,BOTH_WRONG,False,True,True,False
public,776,3,Happy,3,Happy,0.9450083008714333,3,Happy,0.9222091708195758,BOTH_CORRECT,False,True,True,False
public,777,6,Neutral,0,Angry,0.39714764759198307,4,Sad,0.8595049686332592,BOTH_WRONG,False,True,True,False
public,778,6,Neutral,6,Neutral,0.9097902186835857,6,Neutral,0.633947877771274,BOTH_CORRECT,False,True,True,False
public,779,2,Fear,5,Surprise,0.9521986679121635,5,Surprise,0.9496481513075229,BOTH_WRONG,False,True,True,False
public,780,4,Sad,4,Sad,0.9633321625912877,3,Happy,0.8598924370934371,V21_CORRECT_V22_WRONG,True,True,True,False
public,781,6,Neutral,6,Neutral,0.7512767207633045,6,Neutral,0.9607157486119392,BOTH_CORRECT,False,True,True,False
public,782,2,Fear,2,Fear,0.8033578239824606,2,Fear,0.9607445543956069,BOTH_CORRECT,False,True,True,False
public,783,2,Fear,4,Sad,0.5374445961553376,4,Sad,0.879148876668647,BOTH_WRONG,False,True,True,False
public,784,0,Angry,0,Angry,0.9631046969522788,0,Angry,0.9609557242550344,BOTH_CORRECT,False,True,True,False
public,785,6,Neutral,6,Neutral,0.859528022529859,6,Neutral,0.8860820735086677,BOTH_CORRECT,False,True,True,False
public,786,3,Happy,3,Happy,0.9532064028782951,3,Happy,0.9500915944835912,BOTH_CORRECT,False,True,True,False
public,787,2,Fear,6,Neutral,0.7435539505345162,6,Neutral,0.8572067505491995,BOTH_WRONG,False,True,True,False
public,788,2,Fear,2,Fear,0.5724277575203729,2,Fear,0.8829934744826565,BOTH_CORRECT,False,True,True,False
public,789,2,Fear,6,Neutral,0.5537843557052405,6,Neutral,0.9363066386675049,BOTH_WRONG,False,True,True,False
public,790,0,Angry,0,Angry,0.8973886914333784,0,Angry,0.906469230463304,BOTH_CORRECT,False,True,True,False
public,791,6,Neutral,6,Neutral,0.9466716596604337,6,Neutral,0.8894804621558907,BOTH_CORRECT,False,True,True,False
public,792,3,Happy,3,Happy,0.9628076066217982,3,Happy,0.9591460961379337,BOTH_CORRECT,False,True,True,False
public,793,4,Sad,4,Sad,0.8944502612483413,4,Sad,0.7527697146920713,BOTH_CORRECT,False,True,True,False
public,794,0,Angry,4,Sad,0.4781860778187888,4,Sad,0.8561427577194094,BOTH_WRONG,False,True,True,False
public,795,3,Happy,3,Happy,0.45976900181071106,3,Happy,0.9591219240182934,BOTH_CORRECT,False,True,True,False
public,796,6,Neutral,6,Neutral,0.8740041990915755,6,Neutral,0.9389900032303727,BOTH_CORRECT,False,True,True,False
public,797,5,Surprise,5,Surprise,0.9468382698100578,5,Surprise,0.9546661448848243,BOTH_CORRECT,False,True,True,False
public,798,0,Angry,0,Angry,0.9606496221573892,0,Angry,0.919024372006928,BOTH_CORRECT,False,True,True,False
public,799,5,Surprise,5,Surprise,0.9470502471698734,5,Surprise,0.9479297475830399,BOTH_CORRECT,False,False,False,True
public,800,3,Happy,3,Happy,0.9539498186928215,3,Happy,0.9505629043568207,BOTH_CORRECT,False,True,True,False
public,801,4,Sad,0,Angry,0.8752817202505168,0,Angry,0.9416336505135017,BOTH_WRONG,False,True,True,False
public,802,5,Surprise,5,Surprise,0.9415149322026231,5,Surprise,0.947267905069879,BOTH_CORRECT,False,True,True,False
public,803,1,Disgust,4,Sad,0.9342843376267976,4,Sad,0.9439059479554798,BOTH_WRONG,False,True,True,False
public,804,2,Fear,5,Surprise,0.7256750992162753,5,Surprise,0.9305650919693381,BOTH_WRONG,False,True,True,False
public,805,3,Happy,6,Neutral,0.8042247287079652,3,Happy,0.7347464605656682,V22_CORRECT_V21_WRONG,True,True,True,False
public,806,5,Surprise,5,Surprise,0.9522015387609898,5,Surprise,0.9636863983367358,BOTH_CORRECT,False,False,False,True
public,807,5,Surprise,4,Sad,0.8129637057935605,4,Sad,0.9138110814452076,BOTH_WRONG,False,True,False,False
public,808,6,Neutral,2,Fear,0.7507502420971646,4,Sad,0.45770931515971486,BOTH_WRONG,False,True,True,False
public,809,4,Sad,0,Angry,0.7219913992250585,0,Angry,0.8640704927046906,BOTH_WRONG,False,True,True,False
public,810,3,Happy,5,Surprise,0.9337736861845952,5,Surprise,0.9475670781447195,BOTH_WRONG,False,True,True,False
public,811,0,Angry,2,Fear,0.9495635031444699,2,Fear,0.9119736592250266,BOTH_WRONG,False,True,True,False
public,812,4,Sad,4,Sad,0.9557133661836292,4,Sad,0.9482986881597083,BOTH_CORRECT,False,True,True,False
public,813,6,Neutral,6,Neutral,0.48401129821568284,6,Neutral,0.9293964846100116,BOTH_CORRECT,False,True,True,False
public,814,0,Angry,0,Angry,0.9344820193760547,0,Angry,0.924634222148955,BOTH_CORRECT,False,True,True,False
public,815,4,Sad,4,Sad,0.6267533828330717,4,Sad,0.895638160990794,BOTH_CORRECT,False,True,True,False
public,816,6,Neutral,4,Sad,0.7169385242658994,0,Angry,0.4330743943809313,BOTH_WRONG,False,True,True,False
public,817,3,Happy,3,Happy,0.9351209398192274,3,Happy,0.7127851305577024,BOTH_CORRECT,False,True,True,False
public,818,0,Angry,2,Fear,0.3080812166579401,4,Sad,0.9296492570977177,BOTH_WRONG,False,True,False,False
public,819,2,Fear,5,Surprise,0.6626395749912763,5,Surprise,0.7193278453484718,BOTH_WRONG,False,False,False,True
public,820,4,Sad,4,Sad,0.9591850161592219,4,Sad,0.9625738210635012,BOTH_CORRECT,False,False,False,True
public,821,2,Fear,5,Surprise,0.9510453258837486,5,Surprise,0.9509016695570633,BOTH_WRONG,False,True,True,False
public,822,4,Sad,2,Fear,0.9140504652570174,2,Fear,0.9683766548209519,BOTH_WRONG,False,True,True,False
public,823,2,Fear,0,Angry,0.8653400501929406,0,Angry,0.9471120781333676,BOTH_WRONG,False,True,True,False
public,824,5,Surprise,5,Surprise,0.9543162597709614,5,Surprise,0.9551211886901754,BOTH_CORRECT,False,False,False,True
public,825,6,Neutral,6,Neutral,0.9273609155411819,6,Neutral,0.939352741880422,BOTH_CORRECT,False,True,True,False
public,826,5,Surprise,5,Surprise,0.9516733882050834,5,Surprise,0.9550029160044908,BOTH_CORRECT,False,True,True,False
public,827,2,Fear,4,Sad,0.5869821955802219,4,Sad,0.9348163307617149,BOTH_WRONG,False,True,True,False
public,828,5,Surprise,5,Surprise,0.9573180508232201,5,Surprise,0.9584293882259144,BOTH_CORRECT,False,False,False,True
public,829,4,Sad,4,Sad,0.8142145917798436,4,Sad,0.9175760559459104,BOTH_CORRECT,False,True,True,False
public,830,0,Angry,0,Angry,0.9529622180235429,0,Angry,0.8190619965657578,BOTH_CORRECT,False,True,True,False
public,831,5,Surprise,5,Surprise,0.9602444812221471,5,Surprise,0.9537176614082553,BOTH_CORRECT,False,False,False,True
public,832,2,Fear,2,Fear,0.9568040979592253,2,Fear,0.9555079970547257,BOTH_CORRECT,False,True,True,False
public,833,5,Surprise,5,Surprise,0.7371376764958943,4,Sad,0.9259767218717485,V21_CORRECT_V22_WRONG,True,True,True,False
public,834,2,Fear,0,Angry,0.6305459104632538,2,Fear,0.6156800100595039,V22_CORRECT_V21_WRONG,True,True,True,False
public,835,0,Angry,0,Angry,0.91412731028605,0,Angry,0.9517869222386557,BOTH_CORRECT,False,True,True,False
public,836,6,Neutral,6,Neutral,0.8461436742455022,4,Sad,0.7309640592478388,V21_CORRECT_V22_WRONG,True,True,True,False
public,837,4,Sad,4,Sad,0.5250782506270013,4,Sad,0.9585476949809671,BOTH_CORRECT,False,True,True,False
public,838,1,Disgust,1,Disgust,0.864805333310545,1,Disgust,0.933432158326578,BOTH_CORRECT,False,False,False,True
public,839,0,Angry,0,Angry,0.9667399223099115,0,Angry,0.9457192332077548,BOTH_CORRECT,False,True,True,False
public,840,6,Neutral,6,Neutral,0.9317673989616833,6,Neutral,0.6776115069854389,BOTH_CORRECT,False,True,True,False
public,841,4,Sad,4,Sad,0.9550054353748578,4,Sad,0.9565353449577113,BOTH_CORRECT,False,True,True,False
public,842,5,Surprise,2,Fear,0.76507420916061,4,Sad,0.40087245264632315,BOTH_WRONG,False,True,False,False
public,843,4,Sad,4,Sad,0.813064750151508,4,Sad,0.9277391576959865,BOTH_CORRECT,False,True,True,False
public,844,4,Sad,4,Sad,0.5773246824218781,6,Neutral,0.9424382564293984,V21_CORRECT_V22_WRONG,True,True,True,False
public,845,0,Angry,0,Angry,0.9200595697110524,0,Angry,0.9618694272862374,BOTH_CORRECT,False,False,False,True
public,846,3,Happy,3,Happy,0.9508357727853748,3,Happy,0.9526442983281536,BOTH_CORRECT,False,True,True,False
public,847,6,Neutral,4,Sad,0.7948898436179309,6,Neutral,0.6678781568683713,V22_CORRECT_V21_WRONG,True,True,True,False
public,848,5,Surprise,6,Neutral,0.9548931405563651,6,Neutral,0.9417019686462531,BOTH_WRONG,False,True,True,False
public,849,5,Surprise,5,Surprise,0.9542995726770761,5,Surprise,0.9577578627689409,BOTH_CORRECT,False,False,False,True
public,850,6,Neutral,6,Neutral,0.8588101805281247,4,Sad,0.6924235503124047,V21_CORRECT_V22_WRONG,True,True,True,False
public,851,4,Sad,4,Sad,0.9155974627888519,4,Sad,0.9475322557743365,BOTH_CORRECT,False,True,True,False
public,852,4,Sad,4,Sad,0.8785344711597982,4,Sad,0.9650004674849288,BOTH_CORRECT,False,True,True,False
public,853,6,Neutral,6,Neutral,0.9372778837209952,6,Neutral,0.7262390617320371,BOTH_CORRECT,False,True,True,False
public,854,2,Fear,0,Angry,0.9025596029431399,1,Disgust,0.48738598460748656,BOTH_WRONG,False,True,True,False
public,855,2,Fear,2,Fear,0.9646231217642317,2,Fear,0.9513076488011165,BOTH_CORRECT,False,True,True,False
public,856,4,Sad,4,Sad,0.9353127803893148,4,Sad,0.9621777622612672,BOTH_CORRECT,False,False,False,True
public,857,3,Happy,3,Happy,0.9536406145773089,3,Happy,0.9507581875492429,BOTH_CORRECT,False,True,True,False
public,858,2,Fear,2,Fear,0.43829812166395943,6,Neutral,0.7761156061919406,V21_CORRECT_V22_WRONG,True,True,True,False
public,859,5,Surprise,5,Surprise,0.9039996970697632,5,Surprise,0.9141438294007458,BOTH_CORRECT,False,True,True,False
public,860,4,Sad,4,Sad,0.8497687022486283,4,Sad,0.9604752504255343,BOTH_CORRECT,False,True,True,False
public,861,5,Surprise,5,Surprise,0.9507049869329648,5,Surprise,0.9511862894512016,BOTH_CORRECT,False,True,True,False
public,862,0,Angry,0,Angry,0.9416995521353179,0,Angry,0.9604619025671951,BOTH_CORRECT,False,True,True,False
public,863,0,Angry,0,Angry,0.9546783532911878,0,Angry,0.9537655555082527,BOTH_CORRECT,False,True,True,False
public,864,4,Sad,6,Neutral,0.8994742339148653,6,Neutral,0.7482366941512938,BOTH_WRONG,False,True,True,False
public,865,0,Angry,0,Angry,0.9627211153397781,0,Angry,0.9610807037445915,BOTH_CORRECT,False,True,True,False
public,866,1,Disgust,0,Angry,0.5483739671222081,4,Sad,0.9129932024324654,BOTH_WRONG,False,True,True,False
public,867,4,Sad,4,Sad,0.6931078805848222,0,Angry,0.8099906871690558,V21_CORRECT_V22_WRONG,True,True,True,False
public,868,3,Happy,3,Happy,0.9440421020515161,3,Happy,0.9437495463749199,BOTH_CORRECT,False,True,True,False
public,869,3,Happy,3,Happy,0.9628158919590375,3,Happy,0.9619939335734765,BOTH_CORRECT,False,True,True,False
public,870,3,Happy,3,Happy,0.9570894906780762,3,Happy,0.9560065894982952,BOTH_CORRECT,False,True,True,False
public,871,4,Sad,3,Happy,0.9310617246713317,3,Happy,0.9436256122326689,BOTH_WRONG,False,True,True,False
public,872,0,Angry,0,Angry,0.9501010710998621,0,Angry,0.9617728984060698,BOTH_CORRECT,False,False,False,True
public,873,0,Angry,5,Surprise,0.9073464572179836,2,Fear,0.6486742452383025,BOTH_WRONG,False,True,True,False
public,874,4,Sad,4,Sad,0.6956816734210944,6,Neutral,0.8504639661588216,V21_CORRECT_V22_WRONG,True,True,True,False
public,875,4,Sad,4,Sad,0.8444708284316437,4,Sad,0.9650728323869612,BOTH_CORRECT,False,True,True,False
public,876,4,Sad,4,Sad,0.9581286949452018,6,Neutral,0.5502189630407962,V21_CORRECT_V22_WRONG,True,True,True,False
public,877,5,Surprise,5,Surprise,0.9551946459592037,5,Surprise,0.9467604391679026,BOTH_CORRECT,False,True,True,False
public,878,3,Happy,3,Happy,0.9338354029720397,3,Happy,0.9497109069392187,BOTH_CORRECT,False,True,True,False
public,879,0,Angry,0,Angry,0.7193331075197245,0,Angry,0.8686685042809354,BOTH_CORRECT,False,True,True,False
public,880,3,Happy,3,Happy,0.9593777539123538,3,Happy,0.9557263459966119,BOTH_CORRECT,False,False,False,True
public,881,6,Neutral,0,Angry,0.8584238525524871,0,Angry,0.7864356566787432,BOTH_WRONG,False,True,True,False
public,882,6,Neutral,6,Neutral,0.9170855606132886,6,Neutral,0.8521074769025959,BOTH_CORRECT,False,True,True,False
public,883,6,Neutral,6,Neutral,0.8857889042316115,6,Neutral,0.9549236031233592,BOTH_CORRECT,False,True,True,False
public,884,5,Surprise,5,Surprise,0.9578115511957089,5,Surprise,0.9568656148078883,BOTH_CORRECT,False,True,True,False
public,885,4,Sad,4,Sad,0.9364841303271538,4,Sad,0.9622659331449901,BOTH_CORRECT,False,False,False,True
public,886,2,Fear,0,Angry,0.6911482116508413,0,Angry,0.4652341264294316,BOTH_WRONG,False,True,True,False
public,887,0,Angry,0,Angry,0.9546788434283466,0,Angry,0.8967042896095316,BOTH_CORRECT,False,True,True,False
public,888,4,Sad,4,Sad,0.9389844217002379,4,Sad,0.890289097622094,BOTH_CORRECT,False,True,True,False
public,889,5,Surprise,5,Surprise,0.9560888535861805,5,Surprise,0.9554169689218889,BOTH_CORRECT,False,True,True,False
public,890,0,Angry,6,Neutral,0.5065533498825412,3,Happy,0.8104384645935072,BOTH_WRONG,False,True,True,False
public,891,5,Surprise,5,Surprise,0.9551890135833283,5,Surprise,0.9544438067265406,BOTH_CORRECT,False,False,False,True
public,892,6,Neutral,6,Neutral,0.9406694819887387,4,Sad,0.8497679308359966,V21_CORRECT_V22_WRONG,True,True,True,False
public,893,4,Sad,4,Sad,0.9524133407773278,4,Sad,0.9640675487128169,BOTH_CORRECT,False,True,True,False
public,894,2,Fear,5,Surprise,0.43188898351386046,0,Angry,0.9554431541992049,BOTH_WRONG,False,True,True,False
public,895,0,Angry,4,Sad,0.5309844165030891,2,Fear,0.5899803324586617,BOTH_WRONG,False,True,True,False
public,896,0,Angry,2,Fear,0.8156222095975406,1,Disgust,0.852886548482093,BOTH_WRONG,False,True,True,False
public,897,3,Happy,3,Happy,0.9561477332401224,3,Happy,0.9577832966010995,BOTH_CORRECT,False,True,True,False
public,898,6,Neutral,4,Sad,0.5262702536888139,4,Sad,0.9567260418661481,BOTH_WRONG,False,True,True,False
public,899,6,Neutral,4,Sad,0.8446631643734674,6,Neutral,0.9400517067882009,V22_CORRECT_V21_WRONG,True,True,True,False
public,900,6,Neutral,6,Neutral,0.9242705832322928,6,Neutral,0.5167746682659305,BOTH_CORRECT,False,True,True,False
public,901,2,Fear,3,Happy,0.8453428750257199,6,Neutral,0.93780276442822,BOTH_WRONG,False,True,True,False
public,902,2,Fear,2,Fear,0.7048166784898023,5,Surprise,0.948755894758277,V21_CORRECT_V22_WRONG,True,True,True,False
public,903,3,Happy,6,Neutral,0.9310647696174631,6,Neutral,0.9080774861862962,BOTH_WRONG,False,True,True,False
public,904,5,Surprise,5,Surprise,0.9599544297664941,5,Surprise,0.9510698460906483,BOTH_CORRECT,False,False,False,True
public,905,0,Angry,4,Sad,0.6324517255398918,4,Sad,0.8857217626163449,BOTH_WRONG,False,True,True,False
public,906,3,Happy,3,Happy,0.918133075004912,3,Happy,0.9456240655681278,BOTH_CORRECT,False,True,True,False
public,907,5,Surprise,5,Surprise,0.9472943924050139,5,Surprise,0.962338053692881,BOTH_CORRECT,False,True,True,False
public,908,4,Sad,4,Sad,0.8958078478266962,4,Sad,0.9198306845380536,BOTH_CORRECT,False,True,True,False
public,909,5,Surprise,5,Surprise,0.9447202953441085,5,Surprise,0.9509113583887773,BOTH_CORRECT,False,False,False,True
public,910,5,Surprise,2,Fear,0.863257952124846,2,Fear,0.8931568932604024,BOTH_WRONG,False,True,True,False
public,911,4,Sad,4,Sad,0.9405273554279461,4,Sad,0.9529362713378687,BOTH_CORRECT,False,True,True,False
public,912,6,Neutral,4,Sad,0.5639937642763425,4,Sad,0.5039055020894534,BOTH_WRONG,False,True,True,False
public,913,4,Sad,0,Angry,0.9530622512911499,0,Angry,0.955880901127782,BOTH_WRONG,False,True,True,False
public,914,4,Sad,4,Sad,0.624245751926803,4,Sad,0.8886298408451258,BOTH_CORRECT,False,True,True,False
public,915,6,Neutral,6,Neutral,0.8979989522589427,3,Happy,0.9377185508852686,V21_CORRECT_V22_WRONG,True,True,True,False
public,916,4,Sad,4,Sad,0.69118726200617,4,Sad,0.9621951431564363,BOTH_CORRECT,False,True,True,False
public,917,6,Neutral,6,Neutral,0.8484444802911935,6,Neutral,0.8397781679232954,BOTH_CORRECT,False,True,True,False
public,918,4,Sad,2,Fear,0.8059654158603635,2,Fear,0.708090263060731,BOTH_WRONG,False,True,True,False
public,919,4,Sad,4,Sad,0.7050676839207575,6,Neutral,0.9055751647796892,V21_CORRECT_V22_WRONG,True,True,True,False
public,920,2,Fear,6,Neutral,0.870438660030766,6,Neutral,0.9463256973561115,BOTH_WRONG,False,True,True,False
public,921,1,Disgust,1,Disgust,0.9354147336774499,1,Disgust,0.9585778644196339,BOTH_CORRECT,False,True,True,False
public,922,3,Happy,3,Happy,0.9517797923346947,3,Happy,0.949766101607656,BOTH_CORRECT,False,True,True,False
public,923,4,Sad,3,Happy,0.9113010892696883,6,Neutral,0.7592764123012706,BOTH_WRONG,False,True,True,False
public,924,4,Sad,2,Fear,0.9657899007121823,2,Fear,0.8112970031111774,BOTH_WRONG,False,True,True,False
public,925,3,Happy,3,Happy,0.9580537670899545,3,Happy,0.9580027421683011,BOTH_CORRECT,False,True,True,False
public,926,4,Sad,5,Surprise,0.9273607033782433,5,Surprise,0.6370542085479425,BOTH_WRONG,False,True,True,False
public,927,6,Neutral,6,Neutral,0.6427689369976982,4,Sad,0.8887126451293346,V21_CORRECT_V22_WRONG,True,True,True,False
public,928,6,Neutral,6,Neutral,0.9195314914103605,6,Neutral,0.8794210197667217,BOTH_CORRECT,False,True,True,False
public,929,4,Sad,6,Neutral,0.6007390241421054,2,Fear,0.8279026500529089,BOTH_WRONG,False,True,True,False
public,930,6,Neutral,2,Fear,0.5276809782122839,4,Sad,0.6544864400740227,BOTH_WRONG,False,True,True,False
public,931,0,Angry,0,Angry,0.9426487141184112,0,Angry,0.963396542937717,BOTH_CORRECT,False,True,True,False
public,932,5,Surprise,5,Surprise,0.9435947496684042,2,Fear,0.9385645778629232,V21_CORRECT_V22_WRONG,True,True,True,False
public,933,4,Sad,4,Sad,0.9264994392171975,4,Sad,0.8510699159104904,BOTH_CORRECT,False,True,True,False
public,934,3,Happy,3,Happy,0.682006599176055,0,Angry,0.45283302559007244,V21_CORRECT_V22_WRONG,True,True,False,False
public,935,4,Sad,4,Sad,0.8372578354202769,4,Sad,0.9197553862568794,BOTH_CORRECT,False,True,True,False
public,936,3,Happy,3,Happy,0.9546024346223693,3,Happy,0.9587708992424355,BOTH_CORRECT,False,False,False,True
public,937,5,Surprise,5,Surprise,0.940194534734986,5,Surprise,0.9124473464767147,BOTH_CORRECT,False,True,True,False
public,938,3,Happy,3,Happy,0.956361267890151,3,Happy,0.9575172026177136,BOTH_CORRECT,False,True,True,False
public,939,3,Happy,5,Surprise,0.5282409949756115,3,Happy,0.9481598237505225,V22_CORRECT_V21_WRONG,True,True,True,False
public,940,3,Happy,3,Happy,0.9519838174800281,3,Happy,0.9515118431991717,BOTH_CORRECT,False,True,True,False
public,941,3,Happy,6,Neutral,0.7606639022773626,0,Angry,0.6900863841346236,BOTH_WRONG,False,True,True,False
public,942,6,Neutral,6,Neutral,0.9278114611466316,6,Neutral,0.7976770723121043,BOTH_CORRECT,False,True,True,False
public,943,4,Sad,3,Happy,0.7940478738647905,3,Happy,0.902468978137629,BOTH_WRONG,False,True,True,False
public,944,0,Angry,0,Angry,0.5117438221719149,6,Neutral,0.42346641272105334,V21_CORRECT_V22_WRONG,True,True,True,False
public,945,4,Sad,4,Sad,0.6693380406850121,2,Fear,0.7089639354923574,V21_CORRECT_V22_WRONG,True,True,True,False
public,946,2,Fear,4,Sad,0.7191451257722601,4,Sad,0.8448785495393122,BOTH_WRONG,False,True,True,False
public,947,6,Neutral,6,Neutral,0.6315199758315545,4,Sad,0.9325084931367952,V21_CORRECT_V22_WRONG,True,True,True,False
public,948,3,Happy,3,Happy,0.9536663423088296,3,Happy,0.9528734383147253,BOTH_CORRECT,False,True,True,False
public,949,3,Happy,3,Happy,0.48947390129649493,3,Happy,0.9565384831730063,BOTH_CORRECT,False,True,True,False
public,950,2,Fear,5,Surprise,0.9101855209570726,5,Surprise,0.9113392796175243,BOTH_WRONG,False,False,False,True
public,951,2,Fear,2,Fear,0.9269895609006159,2,Fear,0.9309060919868402,BOTH_CORRECT,False,True,True,False
public,952,0,Angry,2,Fear,0.907433829369425,2,Fear,0.5813388170837147,BOTH_WRONG,False,True,True,False
public,953,2,Fear,2,Fear,0.9643764121301981,2,Fear,0.9582914874898714,BOTH_CORRECT,False,True,True,False
public,954,2,Fear,4,Sad,0.8290019691140911,0,Angry,0.41702546493615145,BOTH_WRONG,False,True,True,False
public,955,6,Neutral,4,Sad,0.6011318535975781,4,Sad,0.8302140983129406,BOTH_WRONG,False,True,True,False
public,956,4,Sad,4,Sad,0.9104913759923844,4,Sad,0.9509897988455916,BOTH_CORRECT,False,True,True,False
public,957,6,Neutral,6,Neutral,0.9247298751810904,6,Neutral,0.9376249235874381,BOTH_CORRECT,False,False,False,True
public,958,6,Neutral,6,Neutral,0.9220207933378215,6,Neutral,0.9515148822316436,BOTH_CORRECT,False,True,True,False
public,959,3,Happy,5,Surprise,0.9428576239656393,5,Surprise,0.8676011051225944,BOTH_WRONG,False,True,True,False
public,960,0,Angry,2,Fear,0.9609898038586574,2,Fear,0.948455263256232,BOTH_WRONG,False,True,False,False
public,961,2,Fear,4,Sad,0.9527254670046919,4,Sad,0.9220700925557916,BOTH_WRONG,False,True,True,False
public,962,0,Angry,6,Neutral,0.8516405992471109,6,Neutral,0.49292479847295456,BOTH_WRONG,False,True,True,False
public,963,5,Surprise,3,Happy,0.5110417509145546,3,Happy,0.8981961006866825,BOTH_WRONG,False,True,True,False
public,964,5,Surprise,3,Happy,0.6625424510932355,2,Fear,0.9558031571423293,BOTH_WRONG,False,True,True,False
public,965,2,Fear,2,Fear,0.9194487288573145,2,Fear,0.955557623428127,BOTH_CORRECT,False,True,True,False
public,966,0,Angry,0,Angry,0.9414046061960637,0,Angry,0.7805361718041673,BOTH_CORRECT,False,True,True,False
public,967,2,Fear,5,Surprise,0.6093417275469132,2,Fear,0.9263944470776971,V22_CORRECT_V21_WRONG,True,True,True,False
public,968,5,Surprise,3,Happy,0.917823713218358,3,Happy,0.9449826715509029,BOTH_WRONG,False,True,True,False
public,969,3,Happy,3,Happy,0.9469414071800044,3,Happy,0.9501118229972519,BOTH_CORRECT,False,True,True,False
public,970,3,Happy,3,Happy,0.9477747457988629,3,Happy,0.9443059447594182,BOTH_CORRECT,False,True,True,False
public,971,3,Happy,3,Happy,0.8566553411761759,3,Happy,0.9432697856047393,BOTH_CORRECT,False,True,True,False
public,972,3,Happy,6,Neutral,0.718575577916106,6,Neutral,0.9313666174073278,BOTH_WRONG,False,True,True,False
public,973,0,Angry,0,Angry,0.9488251155667057,0,Angry,0.9609855448195448,BOTH_CORRECT,False,True,True,False
public,974,6,Neutral,6,Neutral,0.9278138392548838,4,Sad,0.7615592284699585,V21_CORRECT_V22_WRONG,True,True,True,False
public,975,2,Fear,2,Fear,0.5497640399164644,2,Fear,0.7331761056580509,BOTH_CORRECT,False,True,True,False
public,976,0,Angry,1,Disgust,0.8935991872133667,4,Sad,0.8809720715548399,BOTH_WRONG,False,True,True,False
public,977,6,Neutral,0,Angry,0.48361287977597855,0,Angry,0.8230650024707198,BOTH_WRONG,False,True,True,False
public,978,4,Sad,3,Happy,0.8842091908269292,4,Sad,0.5058046838890625,V22_CORRECT_V21_WRONG,True,True,True,False
public,979,2,Fear,4,Sad,0.5312740824268478,6,Neutral,0.3980860557558403,BOTH_WRONG,False,True,True,False
public,980,4,Sad,4,Sad,0.5451947232596285,4,Sad,0.8240048619512499,BOTH_CORRECT,False,True,True,False
public,981,5,Surprise,5,Surprise,0.949440243625785,5,Surprise,0.9554382736816273,BOTH_CORRECT,False,False,False,True
public,982,5,Surprise,5,Surprise,0.7464223353367511,5,Surprise,0.9349948624823524,BOTH_CORRECT,False,True,True,False
public,983,4,Sad,6,Neutral,0.8671243171630666,4,Sad,0.8158968536042734,V22_CORRECT_V21_WRONG,True,True,True,False
public,984,4,Sad,6,Neutral,0.47641898473294053,4,Sad,0.9535882523860475,V22_CORRECT_V21_WRONG,True,True,True,False
public,985,6,Neutral,6,Neutral,0.9234474871574729,6,Neutral,0.9431810681220237,BOTH_CORRECT,False,True,True,False
public,986,3,Happy,3,Happy,0.9517637281120211,3,Happy,0.9440929927075308,BOTH_CORRECT,False,True,True,False
public,987,3,Happy,2,Fear,0.5014446196664141,5,Surprise,0.7150136050204037,BOTH_WRONG,False,True,True,False
public,988,3,Happy,3,Happy,0.9491843714938141,3,Happy,0.9435736613046295,BOTH_CORRECT,False,True,True,False
public,989,2,Fear,2,Fear,0.9420055130297711,2,Fear,0.9585412976032056,BOTH_CORRECT,False,True,True,False
public,990,3,Happy,5,Surprise,0.6295431060113905,5,Surprise,0.9578907707874614,BOTH_WRONG,False,True,True,False
public,991,6,Neutral,6,Neutral,0.9387812057303941,6,Neutral,0.8833498101765579,BOTH_CORRECT,False,True,True,False
public,992,2,Fear,2,Fear,0.9190678435657216,4,Sad,0.7514346920939379,V21_CORRECT_V22_WRONG,True,True,True,False
public,993,6,Neutral,6,Neutral,0.8929136442180935,6,Neutral,0.7986923135020116,BOTH_CORRECT,False,True,True,False
public,994,4,Sad,4,Sad,0.9589206051125289,4,Sad,0.9520165769161397,BOTH_CORRECT,False,False,False,True
public,995,6,Neutral,0,Angry,0.9399797114004094,0,Angry,0.953735921701689,BOTH_WRONG,False,True,True,False
public,996,2,Fear,4,Sad,0.922663041411259,2,Fear,0.9577192668993203,V22_CORRECT_V21_WRONG,True,True,True,False
public,997,0,Angry,0,Angry,0.9138090769480461,0,Angry,0.5335818462735658,BOTH_CORRECT,False,True,True,False
public,998,3,Happy,3,Happy,0.9221842282690762,6,Neutral,0.4579417144146987,V21_CORRECT_V22_WRONG,True,True,True,False
public,999,3,Happy,3,Happy,0.9568685901625162,3,Happy,0.9542435535948888,BOTH_CORRECT,False,True,True,False
public,1000,2,Fear,2,Fear,0.941399780196778,2,Fear,0.9569134247384591,BOTH_CORRECT,False,True,True,False
public,1001,4,Sad,4,Sad,0.6337306966425131,6,Neutral,0.7445689525937551,V21_CORRECT_V22_WRONG,True,True,True,False
public,1002,6,Neutral,6,Neutral,0.8556785404291616,3,Happy,0.9312045614722021,V21_CORRECT_V22_WRONG,True,True,True,False
public,1003,2,Fear,4,Sad,0.4744584952972635,2,Fear,0.6093787638565872,V22_CORRECT_V21_WRONG,True,True,True,False
public,1004,2,Fear,4,Sad,0.6490898960252663,4,Sad,0.4892308809998984,BOTH_WRONG,False,False,False,True
public,1005,6,Neutral,6,Neutral,0.9267158967567504,6,Neutral,0.9474707158832725,BOTH_CORRECT,False,True,True,False
public,1006,4,Sad,4,Sad,0.6211884776204796,0,Angry,0.5764540455379012,V21_CORRECT_V22_WRONG,True,True,True,False
public,1007,2,Fear,4,Sad,0.7019802785935209,6,Neutral,0.6041465850455664,BOTH_WRONG,False,True,True,False
public,1008,3,Happy,5,Surprise,0.9172223869972376,5,Surprise,0.9557030047409864,BOTH_WRONG,False,True,True,False
public,1009,2,Fear,0,Angry,0.9511590103098165,0,Angry,0.9512251009368499,BOTH_WRONG,False,True,True,False
public,1010,0,Angry,0,Angry,0.9212287043845445,0,Angry,0.958841427344423,BOTH_CORRECT,False,False,False,True
public,1011,2,Fear,6,Neutral,0.44415436285650683,6,Neutral,0.4112478818420553,BOTH_WRONG,False,True,True,False
public,1012,6,Neutral,2,Fear,0.894515145763257,6,Neutral,0.8435453753434543,V22_CORRECT_V21_WRONG,True,True,True,False
public,1013,3,Happy,3,Happy,0.9523937546373955,3,Happy,0.9557904658383689,BOTH_CORRECT,False,True,True,False
public,1014,2,Fear,2,Fear,0.7109677116336068,2,Fear,0.7285528154595357,BOTH_CORRECT,False,True,True,False
public,1015,3,Happy,3,Happy,0.9660971161068456,3,Happy,0.9677090817423918,BOTH_CORRECT,False,True,True,False
public,1016,6,Neutral,6,Neutral,0.9208698212212236,6,Neutral,0.9068379494731765,BOTH_CORRECT,False,True,True,False
public,1017,2,Fear,0,Angry,0.9602722742547266,0,Angry,0.9352673516271457,BOTH_WRONG,False,True,True,False
public,1018,3,Happy,3,Happy,0.9123246249551846,3,Happy,0.9134597664472598,BOTH_CORRECT,False,False,False,True
public,1019,4,Sad,4,Sad,0.8669844900868616,4,Sad,0.9480999261562738,BOTH_CORRECT,False,True,True,False
public,1020,6,Neutral,6,Neutral,0.8822993672829438,6,Neutral,0.9324010756461626,BOTH_CORRECT,False,True,True,False
public,1021,0,Angry,0,Angry,0.9626638220962794,0,Angry,0.926996889657049,BOTH_CORRECT,False,True,True,False
public,1022,2,Fear,0,Angry,0.8341515386108926,2,Fear,0.8894108485067376,V22_CORRECT_V21_WRONG,True,True,True,False
public,1023,1,Disgust,1,Disgust,0.9659277572799051,1,Disgust,0.9724592897582303,BOTH_CORRECT,False,False,False,True
public,1024,2,Fear,2,Fear,0.7330718689316517,2,Fear,0.9708223187591805,BOTH_CORRECT,False,True,True,False
public,1025,0,Angry,4,Sad,0.8387287501919423,2,Fear,0.8878104016626447,BOTH_WRONG,False,True,True,False
public,1026,2,Fear,2,Fear,0.8864284819968998,2,Fear,0.934450269366522,BOTH_CORRECT,False,True,True,False
public,1027,2,Fear,2,Fear,0.49471295020215494,2,Fear,0.8608186943310332,BOTH_CORRECT,False,True,True,False
public,1028,4,Sad,4,Sad,0.9122136315522786,4,Sad,0.7750366079203035,BOTH_CORRECT,False,True,True,False
public,1029,2,Fear,6,Neutral,0.921586732246132,6,Neutral,0.9495577968242633,BOTH_WRONG,False,True,True,False
public,1030,5,Surprise,5,Surprise,0.9293416722355357,5,Surprise,0.9070294833390836,BOTH_CORRECT,False,True,True,False
public,1031,3,Happy,3,Happy,0.6415037105789293,0,Angry,0.559119652077992,V21_CORRECT_V22_WRONG,True,True,True,False
public,1032,3,Happy,3,Happy,0.9475745169861385,3,Happy,0.9552573247878959,BOTH_CORRECT,False,True,True,False
public,1033,3,Happy,3,Happy,0.9617904500927239,3,Happy,0.9570921242432817,BOTH_CORRECT,False,True,True,False
public,1034,4,Sad,4,Sad,0.8288188254332017,4,Sad,0.9063493838765642,BOTH_CORRECT,False,True,True,False
public,1035,3,Happy,3,Happy,0.938255006416108,3,Happy,0.953196005215531,BOTH_CORRECT,False,True,True,False
public,1036,3,Happy,3,Happy,0.9615985450150989,3,Happy,0.9594309311149827,BOTH_CORRECT,False,True,True,False
public,1037,0,Angry,0,Angry,0.9632438202098343,0,Angry,0.9334252766334372,BOTH_CORRECT,False,True,True,False
public,1038,5,Surprise,2,Fear,0.8517724540513024,2,Fear,0.9524271846839217,BOTH_WRONG,False,True,True,False
public,1039,3,Happy,3,Happy,0.9460707964169534,3,Happy,0.9583867843432031,BOTH_CORRECT,False,True,True,False
public,1040,4,Sad,4,Sad,0.9453032583875296,4,Sad,0.9155196898633391,BOTH_CORRECT,False,True,True,False
public,1041,6,Neutral,6,Neutral,0.6781501778079396,2,Fear,0.635496721710502,V21_CORRECT_V22_WRONG,True,True,True,False
public,1042,3,Happy,3,Happy,0.9402614329781621,3,Happy,0.942989275871627,BOTH_CORRECT,False,False,False,True
public,1043,6,Neutral,0,Angry,0.7259612219653117,0,Angry,0.9195989608634156,BOTH_WRONG,False,True,True,False
public,1044,2,Fear,3,Happy,0.7347160947585385,6,Neutral,0.9415265521294637,BOTH_WRONG,False,True,True,False
public,1045,6,Neutral,4,Sad,0.4948863481367558,0,Angry,0.9049745424034613,BOTH_WRONG,False,True,True,False
public,1046,4,Sad,3,Happy,0.9513327038598473,3,Happy,0.9096159789433806,BOTH_WRONG,False,True,True,False
public,1047,4,Sad,6,Neutral,0.4935917462399848,4,Sad,0.9544633213128156,V22_CORRECT_V21_WRONG,True,True,True,False
public,1048,4,Sad,0,Angry,0.7447279203565977,4,Sad,0.9538483214478863,V22_CORRECT_V21_WRONG,True,True,True,False
public,1049,6,Neutral,6,Neutral,0.9045076314602614,0,Angry,0.5138904075982444,V21_CORRECT_V22_WRONG,True,True,True,False
public,1050,3,Happy,3,Happy,0.9550974870971582,3,Happy,0.9464782728024737,BOTH_CORRECT,False,True,True,False
public,1051,6,Neutral,6,Neutral,0.632680466615732,3,Happy,0.8951569960144609,V21_CORRECT_V22_WRONG,True,True,True,False
public,1052,4,Sad,4,Sad,0.5474733542577104,4,Sad,0.851054005361219,BOTH_CORRECT,False,True,True,False
public,1053,2,Fear,2,Fear,0.8014682753516443,2,Fear,0.9103330871405089,BOTH_CORRECT,False,True,True,False
public,1054,5,Surprise,5,Surprise,0.9551773822922429,5,Surprise,0.941629049752377,BOTH_CORRECT,False,False,False,True
public,1055,3,Happy,3,Happy,0.9551545423032386,3,Happy,0.9551348713450399,BOTH_CORRECT,False,True,True,False
public,1056,4,Sad,4,Sad,0.9618369050124215,4,Sad,0.9528201267803292,BOTH_CORRECT,False,False,False,True
public,1057,3,Happy,3,Happy,0.9425399192196785,3,Happy,0.9622209716570497,BOTH_CORRECT,False,True,True,False
public,1058,3,Happy,3,Happy,0.9562148051171647,3,Happy,0.9571934108132346,BOTH_CORRECT,False,True,True,False
public,1059,1,Disgust,4,Sad,0.9566332259139437,4,Sad,0.9646400413751199,BOTH_WRONG,False,True,False,False
public,1060,3,Happy,3,Happy,0.9535486572885316,3,Happy,0.9510321129168429,BOTH_CORRECT,False,True,True,False
public,1061,3,Happy,3,Happy,0.9577499496915922,3,Happy,0.9505308438464956,BOTH_CORRECT,False,True,True,False
public,1062,5,Surprise,5,Surprise,0.896922788313354,5,Surprise,0.8687757491796138,BOTH_CORRECT,False,True,True,False
public,1063,3,Happy,3,Happy,0.9388742414850839,3,Happy,0.8423281900633179,BOTH_CORRECT,False,True,True,False
public,1064,3,Happy,6,Neutral,0.9237389805488306,6,Neutral,0.8090548675862023,BOTH_WRONG,False,True,True,False
public,1065,6,Neutral,0,Angry,0.8409390735162586,0,Angry,0.956299292506285,BOTH_WRONG,False,True,True,False
public,1066,6,Neutral,3,Happy,0.9481702456155326,3,Happy,0.9363643734165701,BOTH_WRONG,False,True,True,False
public,1067,3,Happy,3,Happy,0.9456118300676924,3,Happy,0.9437115590797248,BOTH_CORRECT,False,True,True,False
public,1068,2,Fear,4,Sad,0.9498262089612246,4,Sad,0.5292809708440934,BOTH_WRONG,False,False,False,True
public,1069,3,Happy,3,Happy,0.9450825757555642,3,Happy,0.9430164036556898,BOTH_CORRECT,False,True,True,False
public,1070,4,Sad,6,Neutral,0.8663838355932195,4,Sad,0.9540669747435782,V22_CORRECT_V21_WRONG,True,True,True,False
public,1071,4,Sad,4,Sad,0.5156198491408851,0,Angry,0.6762639856249121,V21_CORRECT_V22_WRONG,True,True,True,False
public,1072,4,Sad,4,Sad,0.4383235565145067,0,Angry,0.47233206210927037,V21_CORRECT_V22_WRONG,True,True,True,False
public,1073,3,Happy,3,Happy,0.9379619127643282,3,Happy,0.9452236130023914,BOTH_CORRECT,False,True,True,False
public,1074,4,Sad,6,Neutral,0.809604093784359,0,Angry,0.413809392082708,BOTH_WRONG,False,True,True,False
public,1075,2,Fear,2,Fear,0.9287176299976841,2,Fear,0.9029145893776789,BOTH_CORRECT,False,True,True,False
public,1076,0,Angry,2,Fear,0.704158962943405,4,Sad,0.9115516449797579,BOTH_WRONG,False,True,True,False
public,1077,4,Sad,4,Sad,0.8079051701843274,4,Sad,0.9497921129405058,BOTH_CORRECT,False,True,True,False
public,1078,6,Neutral,2,Fear,0.6408869173161927,6,Neutral,0.5371849563739521,V22_CORRECT_V21_WRONG,True,True,True,False
public,1079,0,Angry,0,Angry,0.9601325283660944,0,Angry,0.9593496856230787,BOTH_CORRECT,False,False,False,True
public,1080,3,Happy,3,Happy,0.9416723614022793,3,Happy,0.9546210456944999,BOTH_CORRECT,False,True,True,False
public,1081,3,Happy,3,Happy,0.9588512761029474,3,Happy,0.9613649942292302,BOTH_CORRECT,False,True,True,False
public,1082,5,Surprise,5,Surprise,0.9326997766662314,5,Surprise,0.6946427201865812,BOTH_CORRECT,False,True,True,False
public,1083,4,Sad,4,Sad,0.8788723840011055,4,Sad,0.953549627858263,BOTH_CORRECT,False,True,True,False
public,1084,2,Fear,2,Fear,0.6262316473222733,0,Angry,0.9431677296359504,V21_CORRECT_V22_WRONG,True,True,True,False
public,1085,6,Neutral,6,Neutral,0.8988853290342167,6,Neutral,0.7806722035383464,BOTH_CORRECT,False,True,True,False
public,1086,2,Fear,2,Fear,0.5976725722994544,2,Fear,0.9499689382025687,BOTH_CORRECT,False,True,True,False
public,1087,5,Surprise,5,Surprise,0.9562343761075093,5,Surprise,0.953297178061653,BOTH_CORRECT,False,True,True,False
public,1088,5,Surprise,5,Surprise,0.9575174302277539,5,Surprise,0.9576604206888237,BOTH_CORRECT,False,True,True,False
public,1089,5,Surprise,5,Surprise,0.786757986754018,3,Happy,0.9387437142301949,V21_CORRECT_V22_WRONG,True,True,True,False
public,1090,0,Angry,0,Angry,0.9286105859315315,0,Angry,0.9507200718755733,BOTH_CORRECT,False,True,True,False
public,1091,3,Happy,3,Happy,0.950759120042936,3,Happy,0.9523340205091544,BOTH_CORRECT,False,True,True,False
public,1092,3,Happy,3,Happy,0.9433187169595684,3,Happy,0.9493258941722581,BOTH_CORRECT,False,True,True,False
public,1093,3,Happy,3,Happy,0.8247517534222581,3,Happy,0.9101420340175195,BOTH_CORRECT,False,True,True,False
public,1094,5,Surprise,0,Angry,0.7862542238489124,5,Surprise,0.471625800175892,V22_CORRECT_V21_WRONG,True,True,True,False
public,1095,4,Sad,4,Sad,0.8205449733091859,4,Sad,0.8516607040516299,BOTH_CORRECT,False,True,True,False
public,1096,6,Neutral,6,Neutral,0.8926069796244319,6,Neutral,0.9355145849362397,BOTH_CORRECT,False,True,True,False
public,1097,3,Happy,3,Happy,0.9162328564075412,3,Happy,0.9431463455916684,BOTH_CORRECT,False,True,True,False
public,1098,0,Angry,0,Angry,0.96373185639028,0,Angry,0.9664031874790111,BOTH_CORRECT,False,True,True,False
public,1099,3,Happy,6,Neutral,0.9477499976222626,6,Neutral,0.8924670016219931,BOTH_WRONG,False,True,True,False
public,1100,6,Neutral,6,Neutral,0.34200139919759054,0,Angry,0.47926306340716945,V21_CORRECT_V22_WRONG,True,True,True,False
public,1101,0,Angry,0,Angry,0.8985411926737941,0,Angry,0.952997507138321,BOTH_CORRECT,False,False,False,True
public,1102,3,Happy,3,Happy,0.9491788295752165,3,Happy,0.910958784257123,BOTH_CORRECT,False,True,True,False
public,1103,2,Fear,2,Fear,0.9637065586918616,2,Fear,0.9523251371272945,BOTH_CORRECT,False,True,True,False
public,1104,2,Fear,4,Sad,0.8538418005147598,6,Neutral,0.8872937455497929,BOTH_WRONG,False,True,True,False
public,1105,1,Disgust,1,Disgust,0.9505108543070209,1,Disgust,0.8469639640128498,BOTH_CORRECT,False,True,True,False
public,1106,0,Angry,0,Angry,0.9294462478765445,0,Angry,0.9613979616919291,BOTH_CORRECT,False,True,True,False
public,1107,4,Sad,4,Sad,0.8455473549409989,4,Sad,0.7949320433156053,BOTH_CORRECT,False,True,True,False
public,1108,0,Angry,0,Angry,0.9296178950281033,0,Angry,0.9380050639404258,BOTH_CORRECT,False,True,True,False
public,1109,0,Angry,0,Angry,0.953085626951102,0,Angry,0.7677045317468024,BOTH_CORRECT,False,True,True,False
public,1110,4,Sad,4,Sad,0.8891243893036922,4,Sad,0.9604363111602452,BOTH_CORRECT,False,False,False,True
public,1111,6,Neutral,6,Neutral,0.9542808434312956,6,Neutral,0.9551625346197468,BOTH_CORRECT,False,True,True,False
public,1112,3,Happy,2,Fear,0.9027312346779979,2,Fear,0.923148103075903,BOTH_WRONG,False,True,True,False
public,1113,6,Neutral,6,Neutral,0.8427055006320388,4,Sad,0.9503847612783588,V21_CORRECT_V22_WRONG,True,True,True,False
public,1114,5,Surprise,5,Surprise,0.9230539086107071,0,Angry,0.8104937282803579,V21_CORRECT_V22_WRONG,True,True,True,False
public,1115,5,Surprise,2,Fear,0.42237453010416737,4,Sad,0.6770884093190915,BOTH_WRONG,False,True,True,False
public,1116,4,Sad,4,Sad,0.6647014419357065,4,Sad,0.7420584465749971,BOTH_CORRECT,False,True,True,False
public,1117,3,Happy,3,Happy,0.731183610496856,3,Happy,0.8583861012069944,BOTH_CORRECT,False,True,True,False
public,1118,2,Fear,0,Angry,0.8330705059194894,0,Angry,0.9003812952752743,BOTH_WRONG,False,True,True,False
public,1119,3,Happy,3,Happy,0.9536518919608313,3,Happy,0.9505251859175923,BOTH_CORRECT,False,True,True,False
public,1120,5,Surprise,2,Fear,0.56929927630044,5,Surprise,0.745709077808255,V22_CORRECT_V21_WRONG,True,False,False,True
public,1121,0,Angry,0,Angry,0.9650101031382192,0,Angry,0.9577249683934312,BOTH_CORRECT,False,True,True,False
public,1122,3,Happy,3,Happy,0.9569612962226697,3,Happy,0.9608638066996592,BOTH_CORRECT,False,True,True,False
public,1123,4,Sad,4,Sad,0.9287044194423437,4,Sad,0.961603988148352,BOTH_CORRECT,False,True,True,False
public,1124,5,Surprise,5,Surprise,0.9389612272419576,5,Surprise,0.9568009948762954,BOTH_CORRECT,False,False,False,True
public,1125,3,Happy,3,Happy,0.9587713113563877,3,Happy,0.9491665568298199,BOTH_CORRECT,False,True,True,False
public,1126,4,Sad,4,Sad,0.564283172601574,4,Sad,0.7706240729808619,BOTH_CORRECT,False,True,True,False
public,1127,3,Happy,0,Angry,0.807104751308043,2,Fear,0.811474534941606,BOTH_WRONG,False,True,True,False
public,1128,3,Happy,3,Happy,0.7805786756776117,3,Happy,0.9616079402591055,BOTH_CORRECT,False,True,True,False
public,1129,0,Angry,6,Neutral,0.6152381998996239,4,Sad,0.5658550739492136,BOTH_WRONG,False,True,True,False
public,1130,2,Fear,0,Angry,0.7177968407317531,0,Angry,0.9462441018301575,BOTH_WRONG,False,True,True,False
public,1131,6,Neutral,4,Sad,0.4916972089555963,4,Sad,0.5271949630703201,BOTH_WRONG,False,True,True,False
public,1132,6,Neutral,6,Neutral,0.6924031361582543,6,Neutral,0.9308060136293275,BOTH_CORRECT,False,True,True,False
public,1133,3,Happy,3,Happy,0.9572691360649316,3,Happy,0.9589601441509037,BOTH_CORRECT,False,True,True,False
public,1134,3,Happy,6,Neutral,0.9380938654329039,6,Neutral,0.7342009616917936,BOTH_WRONG,False,True,True,False
public,1135,3,Happy,2,Fear,0.4620824188139316,3,Happy,0.45841863584944376,V22_CORRECT_V21_WRONG,True,True,True,False
public,1136,5,Surprise,5,Surprise,0.6714293758783098,2,Fear,0.9450360939461345,V21_CORRECT_V22_WRONG,True,True,True,False
public,1137,2,Fear,2,Fear,0.9248037426446689,4,Sad,0.9244724800299852,V21_CORRECT_V22_WRONG,True,True,True,False
public,1138,3,Happy,3,Happy,0.9525884707174266,3,Happy,0.9505241552898125,BOTH_CORRECT,False,True,True,False
public,1139,6,Neutral,4,Sad,0.5824615235612042,0,Angry,0.9322201536584999,BOTH_WRONG,False,True,True,False
public,1140,5,Surprise,5,Surprise,0.9607686122467659,5,Surprise,0.9623696088522657,BOTH_CORRECT,False,False,False,True
public,1141,0,Angry,0,Angry,0.9586613555703991,0,Angry,0.9566314082733578,BOTH_CORRECT,False,True,True,False
public,1142,0,Angry,5,Surprise,0.6064068617234826,2,Fear,0.8205305059083374,BOTH_WRONG,False,True,True,False
public,1143,4,Sad,2,Fear,0.6806513836658397,1,Disgust,0.8041965412677291,BOTH_WRONG,False,True,True,False
public,1144,6,Neutral,6,Neutral,0.886700429249219,6,Neutral,0.9490878377322727,BOTH_CORRECT,False,True,True,False
public,1145,4,Sad,4,Sad,0.699117367989092,4,Sad,0.5708003746122464,BOTH_CORRECT,False,True,True,False
public,1146,0,Angry,1,Disgust,0.9172537620537518,1,Disgust,0.9383519998125254,BOTH_WRONG,False,True,True,False
public,1147,3,Happy,3,Happy,0.9478653972859972,3,Happy,0.9406665701486728,BOTH_CORRECT,False,True,True,False
public,1148,6,Neutral,3,Happy,0.9157947708443434,6,Neutral,0.8460763809278804,V22_CORRECT_V21_WRONG,True,True,True,False
public,1149,4,Sad,4,Sad,0.890772911589304,4,Sad,0.9103210899015884,BOTH_CORRECT,False,True,True,False
public,1150,6,Neutral,6,Neutral,0.9453806051665422,6,Neutral,0.9495624200773002,BOTH_CORRECT,False,True,True,False
public,1151,0,Angry,4,Sad,0.46480259791025874,6,Neutral,0.9146824522594771,BOTH_WRONG,False,True,True,False
public,1152,4,Sad,0,Angry,0.3642007836350315,0,Angry,0.5525311749591908,BOTH_WRONG,False,True,True,False
public,1153,0,Angry,0,Angry,0.9523520391956003,0,Angry,0.9624730758709179,BOTH_CORRECT,False,True,True,False
public,1154,5,Surprise,5,Surprise,0.9577732181137,5,Surprise,0.9576261686641797,BOTH_CORRECT,False,True,True,False
public,1155,5,Surprise,5,Surprise,0.9576085194303777,5,Surprise,0.9562717448486842,BOTH_CORRECT,False,False,False,True
public,1156,3,Happy,3,Happy,0.9571980397092744,3,Happy,0.8464087204019283,BOTH_CORRECT,False,True,True,False
public,1157,0,Angry,3,Happy,0.5142231077912931,0,Angry,0.5984407880386504,V22_CORRECT_V21_WRONG,True,True,True,False
public,1158,3,Happy,3,Happy,0.9517200436197025,3,Happy,0.9505624005593151,BOTH_CORRECT,False,True,True,False
public,1159,0,Angry,0,Angry,0.9471575505612948,0,Angry,0.9522558922170472,BOTH_CORRECT,False,True,True,False
public,1160,2,Fear,2,Fear,0.5495084619412263,2,Fear,0.8423684514964112,BOTH_CORRECT,False,False,False,True
public,1161,2,Fear,6,Neutral,0.5885098084476139,6,Neutral,0.947240695786189,BOTH_WRONG,False,True,True,False
public,1162,2,Fear,0,Angry,0.7262770457474393,0,Angry,0.802014720953909,BOTH_WRONG,False,True,True,False
public,1163,6,Neutral,4,Sad,0.6505098095228034,5,Surprise,0.5832581424200348,BOTH_WRONG,False,True,True,False
public,1164,4,Sad,0,Angry,0.8760199553723081,0,Angry,0.8341008125926669,BOTH_WRONG,False,True,True,False
public,1165,5,Surprise,4,Sad,0.8170166183849848,6,Neutral,0.48763821498968635,BOTH_WRONG,False,True,True,False
public,1166,4,Sad,1,Disgust,0.948025741418569,0,Angry,0.9157521380211286,BOTH_WRONG,False,True,True,False
public,1167,4,Sad,5,Surprise,0.9388686891099114,0,Angry,0.7858328255698387,BOTH_WRONG,False,True,True,False
public,1168,6,Neutral,6,Neutral,0.8530010669065514,6,Neutral,0.934160959590551,BOTH_CORRECT,False,True,True,False
public,1169,0,Angry,0,Angry,0.9588291923040979,0,Angry,0.9640674451789799,BOTH_CORRECT,False,True,True,False
public,1170,2,Fear,6,Neutral,0.4020607058879883,4,Sad,0.448887289644801,BOTH_WRONG,False,True,True,False
public,1171,2,Fear,4,Sad,0.8503615351534846,4,Sad,0.7249598010979559,BOTH_WRONG,False,True,True,False
public,1172,3,Happy,3,Happy,0.9341112369933626,3,Happy,0.9090541091698453,BOTH_CORRECT,False,True,True,False
public,1173,5,Surprise,5,Surprise,0.8961725392581298,5,Surprise,0.9621872482902526,BOTH_CORRECT,False,True,True,False
public,1174,2,Fear,2,Fear,0.6179710204823475,3,Happy,0.9005870179123261,V21_CORRECT_V22_WRONG,True,True,True,False
public,1175,5,Surprise,4,Sad,0.9442361095773,4,Sad,0.9419887976476216,BOTH_WRONG,False,False,False,False
public,1176,6,Neutral,6,Neutral,0.8378008899983421,4,Sad,0.9329702608092911,V21_CORRECT_V22_WRONG,True,True,True,False
public,1177,5,Surprise,5,Surprise,0.9595198268806603,5,Surprise,0.9551082111766065,BOTH_CORRECT,False,False,False,True
public,1178,2,Fear,2,Fear,0.8692641960278654,2,Fear,0.8878250989503843,BOTH_CORRECT,False,True,True,False
public,1179,2,Fear,4,Sad,0.7472676655435877,4,Sad,0.8508941832852068,BOTH_WRONG,False,True,True,False
public,1180,3,Happy,3,Happy,0.9532715102186109,3,Happy,0.9400844201825997,BOTH_CORRECT,False,True,True,False
public,1181,6,Neutral,6,Neutral,0.8241194407272382,3,Happy,0.4294073009725364,V21_CORRECT_V22_WRONG,True,True,True,False
public,1182,6,Neutral,6,Neutral,0.9006776696966781,6,Neutral,0.8695036138523696,BOTH_CORRECT,False,True,True,False
public,1183,2,Fear,4,Sad,0.45987673567708676,6,Neutral,0.4257066888149178,BOTH_WRONG,False,True,True,False
public,1184,6,Neutral,6,Neutral,0.9394956899502223,6,Neutral,0.8061978830743015,BOTH_CORRECT,False,True,True,False
public,1185,3,Happy,5,Surprise,0.8908179856803858,5,Surprise,0.9532145422700103,BOTH_WRONG,False,True,True,False
public,1186,3,Happy,3,Happy,0.949054157932731,3,Happy,0.9469057535284179,BOTH_CORRECT,False,True,True,False
public,1187,5,Surprise,0,Angry,0.9348949784542885,0,Angry,0.46699343624087275,BOTH_WRONG,False,True,True,False
public,1188,4,Sad,4,Sad,0.956526898093104,4,Sad,0.9600779354892867,BOTH_CORRECT,False,True,True,False
public,1189,3,Happy,3,Happy,0.9511325725164269,3,Happy,0.9512600258693914,BOTH_CORRECT,False,True,True,False
public,1190,2,Fear,2,Fear,0.9091304691571699,2,Fear,0.9521062505855551,BOTH_CORRECT,False,False,False,True
public,1191,4,Sad,4,Sad,0.7058311247178853,3,Happy,0.9019990689757859,V21_CORRECT_V22_WRONG,True,True,True,False
public,1192,0,Angry,0,Angry,0.9401021069788431,0,Angry,0.939166135688884,BOTH_CORRECT,False,True,True,False
public,1193,6,Neutral,6,Neutral,0.8601267694773825,6,Neutral,0.8255326644304782,BOTH_CORRECT,False,True,True,False
public,1194,3,Happy,3,Happy,0.9555112131738003,2,Fear,0.8480592208374664,V21_CORRECT_V22_WRONG,True,True,True,False
public,1195,5,Surprise,5,Surprise,0.9432364690903309,5,Surprise,0.956399342415726,BOTH_CORRECT,False,True,True,False
public,1196,3,Happy,2,Fear,0.9059888255985167,2,Fear,0.8789988373676547,BOTH_WRONG,False,True,True,False
public,1197,2,Fear,2,Fear,0.6304212572860662,4,Sad,0.9089430812849602,V21_CORRECT_V22_WRONG,True,True,True,False
public,1198,3,Happy,3,Happy,0.9571546274862206,3,Happy,0.9573015610701758,BOTH_CORRECT,False,True,True,False
public,1199,2,Fear,4,Sad,0.7808510913024137,4,Sad,0.9655973021159805,BOTH_WRONG,False,True,True,False
public,1200,5,Surprise,2,Fear,0.6642963223080866,5,Surprise,0.8826136296392898,V22_CORRECT_V21_WRONG,True,True,True,False
public,1201,3,Happy,3,Happy,0.9476848111965581,3,Happy,0.9584378243903788,BOTH_CORRECT,False,True,True,False
public,1202,2,Fear,4,Sad,0.9435066953508016,4,Sad,0.8913142067560241,BOTH_WRONG,False,True,True,False
public,1203,2,Fear,4,Sad,0.7854811042396479,4,Sad,0.9285659221928114,BOTH_WRONG,False,True,True,False
public,1204,6,Neutral,6,Neutral,0.7568126597320365,4,Sad,0.9249026694339114,V21_CORRECT_V22_WRONG,True,True,True,False
public,1205,4,Sad,2,Fear,0.8018945709369831,4,Sad,0.9277472809392963,V22_CORRECT_V21_WRONG,True,True,True,False
public,1206,6,Neutral,3,Happy,0.9369077452424052,3,Happy,0.9502219055534522,BOTH_WRONG,False,True,True,False
public,1207,6,Neutral,6,Neutral,0.9497614755578989,6,Neutral,0.956253685418478,BOTH_CORRECT,False,True,True,False
public,1208,3,Happy,3,Happy,0.9536215466908428,3,Happy,0.906554613102776,BOTH_CORRECT,False,True,True,False
public,1209,2,Fear,4,Sad,0.4506091042796894,4,Sad,0.7928517029564974,BOTH_WRONG,False,True,True,False
public,1210,3,Happy,3,Happy,0.9580284670900234,3,Happy,0.954692151882525,BOTH_CORRECT,False,True,True,False
public,1211,5,Surprise,5,Surprise,0.9518458059114602,5,Surprise,0.9546821911857523,BOTH_CORRECT,False,True,True,False
public,1212,6,Neutral,6,Neutral,0.5577765775533348,4,Sad,0.7972597697711242,V21_CORRECT_V22_WRONG,True,True,True,False
public,1213,4,Sad,2,Fear,0.6190079037647931,4,Sad,0.81245345469893,V22_CORRECT_V21_WRONG,True,True,True,False
public,1214,2,Fear,5,Surprise,0.9278657275897805,5,Surprise,0.9339615954413593,BOTH_WRONG,False,True,True,False
public,1215,2,Fear,4,Sad,0.8715791973967248,4,Sad,0.7524763394108047,BOTH_WRONG,False,True,True,False
public,1216,2,Fear,6,Neutral,0.93058292909191,0,Angry,0.46602740782038005,BOTH_WRONG,False,True,True,False
public,1217,3,Happy,3,Happy,0.9548578475702995,3,Happy,0.953954646321958,BOTH_CORRECT,False,True,True,False
public,1218,5,Surprise,5,Surprise,0.9581006748960261,5,Surprise,0.9576512759007848,BOTH_CORRECT,False,True,True,False
public,1219,6,Neutral,3,Happy,0.6663840513895247,6,Neutral,0.8078055269623866,V22_CORRECT_V21_WRONG,True,True,True,False
public,1220,0,Angry,4,Sad,0.9094414876622031,4,Sad,0.8636559475705077,BOTH_WRONG,False,True,True,False
public,1221,3,Happy,3,Happy,0.950685628630693,3,Happy,0.9535000761184963,BOTH_CORRECT,False,True,True,False
public,1222,0,Angry,0,Angry,0.9568528007504452,0,Angry,0.9256998792298102,BOTH_CORRECT,False,True,True,False
public,1223,3,Happy,3,Happy,0.9454784932545254,3,Happy,0.9445721491052173,BOTH_CORRECT,False,True,True,False
public,1224,0,Angry,2,Fear,0.5109655765211238,0,Angry,0.5806353455584952,V22_CORRECT_V21_WRONG,True,True,True,False
public,1225,3,Happy,3,Happy,0.7848639589421118,2,Fear,0.6219964101606466,V21_CORRECT_V22_WRONG,True,True,True,False
public,1226,2,Fear,4,Sad,0.8225250493528976,4,Sad,0.7342441688405027,BOTH_WRONG,False,True,True,False
public,1227,4,Sad,0,Angry,0.5858276690016867,0,Angry,0.6033799575017356,BOTH_WRONG,False,True,True,False
public,1228,4,Sad,2,Fear,0.4336150351315745,2,Fear,0.963680886386493,BOTH_WRONG,False,True,True,False
public,1229,3,Happy,4,Sad,0.3746997631593085,6,Neutral,0.5737070125250346,BOTH_WRONG,False,True,True,False
public,1230,6,Neutral,6,Neutral,0.898661378459853,6,Neutral,0.933620759138608,BOTH_CORRECT,False,True,True,False
public,1231,3,Happy,6,Neutral,0.823177762991803,6,Neutral,0.6864239448911239,BOTH_WRONG,False,True,True,False
public,1232,4,Sad,4,Sad,0.5117938075725519,4,Sad,0.7221030308853179,BOTH_CORRECT,False,True,True,False
public,1233,4,Sad,4,Sad,0.7378306228097947,4,Sad,0.4849207143708345,BOTH_CORRECT,False,True,False,False
public,1234,6,Neutral,6,Neutral,0.7136947134997915,6,Neutral,0.9305644231513622,BOTH_CORRECT,False,True,True,False
public,1235,6,Neutral,6,Neutral,0.9338244108638761,6,Neutral,0.9476628921652673,BOTH_CORRECT,False,True,True,False
public,1236,3,Happy,5,Surprise,0.520324766893574,5,Surprise,0.8955868762851109,BOTH_WRONG,False,True,True,False
public,1237,3,Happy,3,Happy,0.9494850509446651,3,Happy,0.9451775810606684,BOTH_CORRECT,False,True,True,False
public,1238,0,Angry,0,Angry,0.9461474585990877,0,Angry,0.8669125216500263,BOTH_CORRECT,False,True,True,False
public,1239,6,Neutral,0,Angry,0.2714842931159939,6,Neutral,0.9141589683975154,V22_CORRECT_V21_WRONG,True,True,True,False
public,1240,4,Sad,2,Fear,0.5311967735541117,6,Neutral,0.5799419107955422,BOTH_WRONG,False,True,True,False
public,1241,0,Angry,0,Angry,0.9663745217584115,0,Angry,0.9629418403958302,BOTH_CORRECT,False,True,True,False
public,1242,1,Disgust,0,Angry,0.560098597175965,4,Sad,0.5964646055167296,BOTH_WRONG,False,True,True,False
public,1243,5,Surprise,5,Surprise,0.9410054641674512,5,Surprise,0.9545644512093265,BOTH_CORRECT,False,False,False,True
public,1244,6,Neutral,6,Neutral,0.7918179532018932,6,Neutral,0.9361074832285576,BOTH_CORRECT,False,True,True,False
public,1245,5,Surprise,5,Surprise,0.9424176541218192,3,Happy,0.5231904823297935,V21_CORRECT_V22_WRONG,True,True,True,False
public,1246,5,Surprise,5,Surprise,0.9543772459723723,5,Surprise,0.9504752206810293,BOTH_CORRECT,False,True,True,False
public,1247,4,Sad,6,Neutral,0.47600175857679367,6,Neutral,0.9281813811129016,BOTH_WRONG,False,True,True,False
public,1248,5,Surprise,5,Surprise,0.9246701939311847,5,Surprise,0.9522948651163209,BOTH_CORRECT,False,True,True,False
public,1249,3,Happy,3,Happy,0.8545727392864364,3,Happy,0.9310990442779573,BOTH_CORRECT,False,True,True,False
public,1250,3,Happy,3,Happy,0.9533750897440608,3,Happy,0.9545589918963004,BOTH_CORRECT,False,True,True,False
public,1251,4,Sad,6,Neutral,0.4299099029614804,6,Neutral,0.6571985472558064,BOTH_WRONG,False,False,False,True
public,1252,3,Happy,3,Happy,0.9665124997427423,3,Happy,0.962808742486638,BOTH_CORRECT,False,True,True,False
public,1253,0,Angry,0,Angry,0.6852099933655815,2,Fear,0.6779395257515799,V21_CORRECT_V22_WRONG,True,True,True,False
public,1254,0,Angry,0,Angry,0.9632909621863367,0,Angry,0.9596528292977959,BOTH_CORRECT,False,True,True,False
public,1255,4,Sad,6,Neutral,0.9307841676376091,6,Neutral,0.7917041843448098,BOTH_WRONG,False,True,True,False
public,1256,3,Happy,3,Happy,0.8579882684476949,5,Surprise,0.8202675408048241,V21_CORRECT_V22_WRONG,True,True,True,False
public,1257,2,Fear,2,Fear,0.7386440503892622,2,Fear,0.9032371881796911,BOTH_CORRECT,False,True,True,False
public,1258,3,Happy,3,Happy,0.9528099429261663,3,Happy,0.952220429372702,BOTH_CORRECT,False,True,True,False
public,1259,6,Neutral,6,Neutral,0.9390528100743067,6,Neutral,0.9616205140174456,BOTH_CORRECT,False,True,True,False
public,1260,6,Neutral,6,Neutral,0.9568514952598249,6,Neutral,0.9336134150942349,BOTH_CORRECT,False,False,False,True
public,1261,4,Sad,0,Angry,0.7593991222997618,6,Neutral,0.8288666341910419,BOTH_WRONG,False,True,True,False
public,1262,0,Angry,0,Angry,0.949012810664315,0,Angry,0.9601291273292388,BOTH_CORRECT,False,False,False,True
public,1263,4,Sad,4,Sad,0.34559995921921616,6,Neutral,0.4020675674859991,V21_CORRECT_V22_WRONG,True,True,True,False
public,1264,4,Sad,4,Sad,0.8708217338641189,4,Sad,0.3019771161503233,BOTH_CORRECT,False,True,True,False
public,1265,3,Happy,3,Happy,0.9544472431306652,3,Happy,0.9566545133663054,BOTH_CORRECT,False,True,True,False
public,1266,3,Happy,3,Happy,0.9543676844330302,3,Happy,0.9544010675133155,BOTH_CORRECT,False,True,True,False
public,1267,0,Angry,0,Angry,0.5031823331454758,0,Angry,0.9256131977972128,BOTH_CORRECT,False,True,True,False
public,1268,0,Angry,5,Surprise,0.3570100560698485,4,Sad,0.7198382828955012,BOTH_WRONG,False,True,True,False
public,1269,6,Neutral,6,Neutral,0.911996514007889,6,Neutral,0.7977256061245827,BOTH_CORRECT,False,True,True,False
public,1270,3,Happy,3,Happy,0.9469757715348742,3,Happy,0.9530542868724184,BOTH_CORRECT,False,True,True,False
public,1271,0,Angry,6,Neutral,0.902688896189061,0,Angry,0.828541188045365,V22_CORRECT_V21_WRONG,True,True,True,False
public,1272,3,Happy,3,Happy,0.9614721279367251,3,Happy,0.9595611698601799,BOTH_CORRECT,False,True,True,False
public,1273,4,Sad,6,Neutral,0.7966041328550292,0,Angry,0.8532862258482099,BOTH_WRONG,False,True,True,False
public,1274,2,Fear,0,Angry,0.4278577469965995,0,Angry,0.570245943381684,BOTH_WRONG,False,True,False,False
public,1275,5,Surprise,5,Surprise,0.8559881873474026,5,Surprise,0.9299374575551534,BOTH_CORRECT,False,True,True,False
public,1276,4,Sad,4,Sad,0.597192951472535,4,Sad,0.927325688661808,BOTH_CORRECT,False,True,True,False
public,1277,4,Sad,4,Sad,0.8960149414101569,6,Neutral,0.9536629693699513,V21_CORRECT_V22_WRONG,True,True,True,False
public,1278,3,Happy,3,Happy,0.9522228975598033,3,Happy,0.9490756981961325,BOTH_CORRECT,False,True,True,False
public,1279,3,Happy,3,Happy,0.576165552992947,6,Neutral,0.90222236141989,V21_CORRECT_V22_WRONG,True,True,True,False
public,1280,5,Surprise,5,Surprise,0.5258434375891996,5,Surprise,0.8605858451388392,BOTH_CORRECT,False,True,True,False
public,1281,2,Fear,2,Fear,0.946665593395081,3,Happy,0.3343791140264807,V21_CORRECT_V22_WRONG,True,True,True,False
public,1282,3,Happy,3,Happy,0.9566580243253869,3,Happy,0.9584047251285415,BOTH_CORRECT,False,True,True,False
public,1283,3,Happy,3,Happy,0.9482970992573637,3,Happy,0.953222939524326,BOTH_CORRECT,False,True,True,False
public,1284,3,Happy,4,Sad,0.9557704612048996,3,Happy,0.9476145699495664,V22_CORRECT_V21_WRONG,True,True,True,False
public,1285,2,Fear,4,Sad,0.6651396277893391,4,Sad,0.8000041327634828,BOTH_WRONG,False,True,True,False
public,1286,3,Happy,3,Happy,0.9435604263233154,3,Happy,0.9550335692745476,BOTH_CORRECT,False,True,True,False
public,1287,6,Neutral,6,Neutral,0.9449850605784719,6,Neutral,0.955351572981597,BOTH_CORRECT,False,True,True,False
public,1288,5,Surprise,5,Surprise,0.9561708160116827,5,Surprise,0.9569356441300952,BOTH_CORRECT,False,False,False,True
public,1289,4,Sad,0,Angry,0.5659030007650628,4,Sad,0.46058059845901717,V22_CORRECT_V21_WRONG,True,True,True,False
public,1290,3,Happy,0,Angry,0.40212674444059343,2,Fear,0.512463441004099,BOTH_WRONG,False,True,False,False
public,1291,4,Sad,2,Fear,0.6233031633591135,4,Sad,0.7669077797157943,V22_CORRECT_V21_WRONG,True,True,True,False
public,1292,4,Sad,4,Sad,0.8385175642961188,4,Sad,0.8531214052566995,BOTH_CORRECT,False,True,True,False
public,1293,0,Angry,0,Angry,0.6392548474382953,0,Angry,0.7574078918515246,BOTH_CORRECT,False,False,False,True
public,1294,3,Happy,3,Happy,0.9502144122520243,3,Happy,0.9567756256355897,BOTH_CORRECT,False,True,True,False
public,1295,0,Angry,0,Angry,0.9568991390401491,0,Angry,0.9468903807496557,BOTH_CORRECT,False,True,True,False
public,1296,5,Surprise,5,Surprise,0.952460222246247,5,Surprise,0.9594811046322707,BOTH_CORRECT,False,False,False,True
public,1297,3,Happy,3,Happy,0.9585023796818816,3,Happy,0.9636156960302944,BOTH_CORRECT,False,True,True,False
public,1298,6,Neutral,6,Neutral,0.9463371381603738,6,Neutral,0.963675105471989,BOTH_CORRECT,False,True,True,False
public,1299,5,Surprise,5,Surprise,0.9576306415796442,5,Surprise,0.9609974087411901,BOTH_CORRECT,False,False,False,True
public,1300,0,Angry,3,Happy,0.9209291388072066,0,Angry,0.7522752637351459,V22_CORRECT_V21_WRONG,True,True,True,False
public,1301,6,Neutral,6,Neutral,0.9530590490767176,6,Neutral,0.953386912968899,BOTH_CORRECT,False,True,False,False
public,1302,3,Happy,3,Happy,0.9484840637530564,3,Happy,0.9317324321974312,BOTH_CORRECT,False,True,True,False
public,1303,6,Neutral,0,Angry,0.7061638132455351,4,Sad,0.9158882732613864,BOTH_WRONG,False,True,True,False
public,1304,2,Fear,2,Fear,0.9612720451275799,2,Fear,0.9588715071337816,BOTH_CORRECT,False,False,False,True
public,1305,2,Fear,2,Fear,0.9651915356412883,2,Fear,0.9681381614633744,BOTH_CORRECT,False,True,True,False
public,1306,0,Angry,3,Happy,0.8732380275016666,3,Happy,0.9581051744277955,BOTH_WRONG,False,True,True,False
public,1307,3,Happy,3,Happy,0.9512132088142228,3,Happy,0.9549145379315049,BOTH_CORRECT,False,True,True,False
public,1308,4,Sad,0,Angry,0.6859636468212457,2,Fear,0.44545162237557917,BOTH_WRONG,False,True,True,False
public,1309,6,Neutral,4,Sad,0.8224753123638063,4,Sad,0.7679481759847108,BOTH_WRONG,False,True,False,False
public,1310,6,Neutral,6,Neutral,0.4371767819791494,6,Neutral,0.5447566940996498,BOTH_CORRECT,False,True,True,False
public,1311,6,Neutral,4,Sad,0.7805471812176635,4,Sad,0.9157179156429568,BOTH_WRONG,False,True,True,False
public,1312,3,Happy,3,Happy,0.8920998066050038,3,Happy,0.9601796418213259,BOTH_CORRECT,False,True,True,False
public,1313,2,Fear,2,Fear,0.9597623175405204,2,Fear,0.9531251826665349,BOTH_CORRECT,False,True,True,False
public,1314,4,Sad,6,Neutral,0.8676004337382187,6,Neutral,0.8642622712710122,BOTH_WRONG,False,True,True,False
public,1315,0,Angry,0,Angry,0.9631049125214408,0,Angry,0.9635462543235698,BOTH_CORRECT,False,False,False,True
public,1316,4,Sad,2,Fear,0.5661328261733102,4,Sad,0.74445131250821,V22_CORRECT_V21_WRONG,True,True,True,False
public,1317,0,Angry,6,Neutral,0.8900602280797628,6,Neutral,0.947287009485021,BOTH_WRONG,False,True,True,False
public,1318,2,Fear,3,Happy,0.45435380379307644,2,Fear,0.7074982301543066,V22_CORRECT_V21_WRONG,True,True,True,False
public,1319,0,Angry,1,Disgust,0.7122612010272733,0,Angry,0.9393277835158181,V22_CORRECT_V21_WRONG,True,True,True,False
public,1320,2,Fear,2,Fear,0.9636844926638738,2,Fear,0.9583640039582083,BOTH_CORRECT,False,False,False,True
public,1321,6,Neutral,6,Neutral,0.9328281025879399,6,Neutral,0.930140167757113,BOTH_CORRECT,False,True,True,False
public,1322,3,Happy,3,Happy,0.9538300106914064,3,Happy,0.9543654105869945,BOTH_CORRECT,False,True,True,False
public,1323,4,Sad,4,Sad,0.5511464514065378,2,Fear,0.5172569666607197,V21_CORRECT_V22_WRONG,True,True,True,False
public,1324,3,Happy,3,Happy,0.6837742660058834,3,Happy,0.5382910482318289,BOTH_CORRECT,False,True,True,False
public,1325,3,Happy,3,Happy,0.948149149176572,3,Happy,0.9470408350312619,BOTH_CORRECT,False,True,True,False
public,1326,4,Sad,4,Sad,0.9418532313857353,4,Sad,0.9303419137978853,BOTH_CORRECT,False,True,True,False
public,1327,6,Neutral,0,Angry,0.5251046962693188,0,Angry,0.43579859846230906,BOTH_WRONG,False,True,True,False
public,1328,5,Surprise,5,Surprise,0.9256837167947132,5,Surprise,0.9583061013264413,BOTH_CORRECT,False,False,False,True
public,1329,6,Neutral,6,Neutral,0.922317468263344,6,Neutral,0.9296294569842117,BOTH_CORRECT,False,True,True,False
public,1330,6,Neutral,5,Surprise,0.862862130452883,5,Surprise,0.8789233682221744,BOTH_WRONG,False,True,True,False
public,1331,2,Fear,2,Fear,0.8280281871612679,2,Fear,0.4834230403718249,BOTH_CORRECT,False,True,True,False
public,1332,6,Neutral,6,Neutral,0.6682258232706973,4,Sad,0.8230229778016297,V21_CORRECT_V22_WRONG,True,True,True,False
public,1333,4,Sad,4,Sad,0.8037884980960964,4,Sad,0.7882253598041307,BOTH_CORRECT,False,True,True,False
public,1334,2,Fear,0,Angry,0.932649484625957,0,Angry,0.9262874733072265,BOTH_WRONG,False,True,True,False
public,1335,6,Neutral,4,Sad,0.5593290023116517,6,Neutral,0.5685571957325689,V22_CORRECT_V21_WRONG,True,True,True,False
public,1336,4,Sad,6,Neutral,0.8043724235155556,0,Angry,0.7586147380485323,BOTH_WRONG,False,True,True,False
public,1337,5,Surprise,5,Surprise,0.9506081901063553,5,Surprise,0.9592019413585046,BOTH_CORRECT,False,True,True,False
public,1338,0,Angry,0,Angry,0.4688651362920488,4,Sad,0.6909596945554366,V21_CORRECT_V22_WRONG,True,True,True,False
public,1339,5,Surprise,5,Surprise,0.9589404094845466,5,Surprise,0.8069539065845988,BOTH_CORRECT,False,True,True,False
public,1340,3,Happy,3,Happy,0.9565619495491576,3,Happy,0.9607943850671304,BOTH_CORRECT,False,True,True,False
public,1341,4,Sad,6,Neutral,0.7242494449854409,6,Neutral,0.7471090404118897,BOTH_WRONG,False,True,True,False
public,1342,6,Neutral,6,Neutral,0.6217730336851981,6,Neutral,0.9537395594960728,BOTH_CORRECT,False,True,True,False
public,1343,3,Happy,6,Neutral,0.8165727496908909,3,Happy,0.8135117501515606,V22_CORRECT_V21_WRONG,True,True,True,False
public,1344,6,Neutral,6,Neutral,0.9217119397049806,6,Neutral,0.9533087509351351,BOTH_CORRECT,False,True,True,False
public,1345,6,Neutral,6,Neutral,0.8969107304491812,6,Neutral,0.5799350796203437,BOTH_CORRECT,False,True,True,False
public,1346,6,Neutral,6,Neutral,0.9504963635255081,6,Neutral,0.9554726880122543,BOTH_CORRECT,False,True,True,False
public,1347,4,Sad,4,Sad,0.9295688736535742,4,Sad,0.3575869548391198,BOTH_CORRECT,False,True,True,False
public,1348,3,Happy,3,Happy,0.9418235127523849,3,Happy,0.9504468736779587,BOTH_CORRECT,False,True,True,False
public,1349,0,Angry,0,Angry,0.9433472211302574,0,Angry,0.9609302713658406,BOTH_CORRECT,False,True,True,False
public,1350,0,Angry,0,Angry,0.5601447355193907,0,Angry,0.6325973842700627,BOTH_CORRECT,False,True,True,False
public,1351,6,Neutral,0,Angry,0.6148185689877388,4,Sad,0.6587485190589137,BOTH_WRONG,False,True,True,False
public,1352,3,Happy,6,Neutral,0.893542836105625,3,Happy,0.9338627935031573,V22_CORRECT_V21_WRONG,True,True,True,False
public,1353,2,Fear,3,Happy,0.4011006291901322,6,Neutral,0.7416323865798747,BOTH_WRONG,False,True,True,False
public,1354,6,Neutral,6,Neutral,0.8926552201813661,6,Neutral,0.47006241486828065,BOTH_CORRECT,False,True,True,False
public,1355,3,Happy,3,Happy,0.9526273156440465,3,Happy,0.947132768403524,BOTH_CORRECT,False,True,True,False
public,1356,6,Neutral,3,Happy,0.9012252052026913,3,Happy,0.9379309520256559,BOTH_WRONG,False,True,True,False
public,1357,0,Angry,0,Angry,0.5961367367291771,2,Fear,0.7924809698216798,V21_CORRECT_V22_WRONG,True,True,True,False
public,1358,5,Surprise,5,Surprise,0.9574207488023214,5,Surprise,0.9576732408645212,BOTH_CORRECT,False,False,False,True
public,1359,5,Surprise,2,Fear,0.8739630883138809,2,Fear,0.8193763749490534,BOTH_WRONG,False,True,False,False
public,1360,3,Happy,0,Angry,0.38668148283762444,2,Fear,0.530263645574453,BOTH_WRONG,False,True,True,False
public,1361,2,Fear,5,Surprise,0.5786050980514551,2,Fear,0.456659319312407,V22_CORRECT_V21_WRONG,True,True,True,False
public,1362,5,Surprise,5,Surprise,0.9574122933495999,5,Surprise,0.9609454036454133,BOTH_CORRECT,False,False,False,True
public,1363,6,Neutral,6,Neutral,0.9449375789905038,6,Neutral,0.9565286375762428,BOTH_CORRECT,False,True,True,False
public,1364,5,Surprise,5,Surprise,0.9586230440856114,5,Surprise,0.9540633433667087,BOTH_CORRECT,False,True,True,False
public,1365,2,Fear,0,Angry,0.538766077747403,4,Sad,0.785933642544794,BOTH_WRONG,False,True,True,False
public,1366,6,Neutral,2,Fear,0.9053632859967207,2,Fear,0.5740361009743737,BOTH_WRONG,False,True,True,False
public,1367,2,Fear,2,Fear,0.952328411512609,2,Fear,0.9422480755289884,BOTH_CORRECT,False,False,False,True
public,1368,2,Fear,2,Fear,0.9639376072370688,2,Fear,0.9684256190897302,BOTH_CORRECT,False,False,False,True
public,1369,2,Fear,5,Surprise,0.8594757311273828,2,Fear,0.6447792534678793,V22_CORRECT_V21_WRONG,True,True,True,False
public,1370,0,Angry,2,Fear,0.6995504933707684,2,Fear,0.9556053026578916,BOTH_WRONG,False,True,True,False
public,1371,4,Sad,0,Angry,0.6109788996792176,6,Neutral,0.6703784269339683,BOTH_WRONG,False,True,True,False
public,1372,5,Surprise,5,Surprise,0.955148936123303,5,Surprise,0.956978053228901,BOTH_CORRECT,False,True,True,False
public,1373,0,Angry,0,Angry,0.941175252969513,0,Angry,0.9647741013969423,BOTH_CORRECT,False,True,True,False
public,1374,3,Happy,3,Happy,0.9552803356379923,3,Happy,0.9439014906122944,BOTH_CORRECT,False,True,True,False
public,1375,2,Fear,4,Sad,0.6906248411554257,2,Fear,0.5676118047020415,V22_CORRECT_V21_WRONG,True,True,True,False
public,1376,0,Angry,0,Angry,0.9506403537350556,0,Angry,0.953043783126525,BOTH_CORRECT,False,True,True,False
public,1377,2,Fear,6,Neutral,0.9408883548272414,6,Neutral,0.9197854837757697,BOTH_WRONG,False,False,False,True
public,1378,5,Surprise,5,Surprise,0.9582088985176489,5,Surprise,0.9554728090855588,BOTH_CORRECT,False,True,True,False
public,1379,4,Sad,0,Angry,0.8943556452895153,4,Sad,0.8351623210236391,V22_CORRECT_V21_WRONG,True,True,True,False
public,1380,3,Happy,3,Happy,0.9473292000371701,3,Happy,0.9448465147473689,BOTH_CORRECT,False,True,True,False
public,1381,4,Sad,4,Sad,0.943322161788729,4,Sad,0.9408678675240267,BOTH_CORRECT,False,True,True,False
public,1382,3,Happy,3,Happy,0.950376075837024,3,Happy,0.9534192501975556,BOTH_CORRECT,False,True,True,False
public,1383,0,Angry,0,Angry,0.9634263476011651,0,Angry,0.9598749980833762,BOTH_CORRECT,False,True,True,False
public,1384,0,Angry,4,Sad,0.4000583548853766,2,Fear,0.480055024870241,BOTH_WRONG,False,True,True,False
public,1385,4,Sad,2,Fear,0.8714677003574004,4,Sad,0.9504859869346497,V22_CORRECT_V21_WRONG,True,True,True,False
public,1386,3,Happy,3,Happy,0.9465030999504002,3,Happy,0.9419602530995007,BOTH_CORRECT,False,True,True,False
public,1387,6,Neutral,3,Happy,0.9200967751169815,6,Neutral,0.9161960722114804,V22_CORRECT_V21_WRONG,True,True,True,False
public,1388,3,Happy,3,Happy,0.9470655472655871,3,Happy,0.9440809354177229,BOTH_CORRECT,False,True,True,False
public,1389,3,Happy,3,Happy,0.9286685215835571,3,Happy,0.8213509265896372,BOTH_CORRECT,False,True,True,False
public,1390,3,Happy,3,Happy,0.951975938411497,3,Happy,0.9500176663769581,BOTH_CORRECT,False,True,True,False
public,1391,6,Neutral,5,Surprise,0.7229380040073126,2,Fear,0.373577393092613,BOTH_WRONG,False,True,True,False
public,1392,3,Happy,3,Happy,0.8175122782988187,3,Happy,0.9475050700445397,BOTH_CORRECT,False,True,True,False
public,1393,3,Happy,3,Happy,0.9452747828827043,3,Happy,0.9508167152173836,BOTH_CORRECT,False,True,True,False
public,1394,6,Neutral,6,Neutral,0.823543827055069,3,Happy,0.5479376685786549,V21_CORRECT_V22_WRONG,True,True,True,False
public,1395,4,Sad,4,Sad,0.9371229320359775,4,Sad,0.9608234569913356,BOTH_CORRECT,False,True,True,False
public,1396,3,Happy,6,Neutral,0.9128727674715931,6,Neutral,0.9501692314438823,BOTH_WRONG,False,True,True,False
public,1397,3,Happy,3,Happy,0.954489725637869,3,Happy,0.9530610098703903,BOTH_CORRECT,False,True,True,False
public,1398,3,Happy,3,Happy,0.948729477272393,0,Angry,0.6986841500907764,V21_CORRECT_V22_WRONG,True,True,True,False
public,1399,5,Surprise,5,Surprise,0.948258300888811,5,Surprise,0.9438687930611164,BOTH_CORRECT,False,False,False,True
public,1400,6,Neutral,6,Neutral,0.9361146846720496,6,Neutral,0.9035566908399086,BOTH_CORRECT,False,True,True,False
public,1401,6,Neutral,6,Neutral,0.9101636763477121,6,Neutral,0.9499319933044585,BOTH_CORRECT,False,True,True,False
public,1402,3,Happy,3,Happy,0.9580589016913861,3,Happy,0.5187013285687729,BOTH_CORRECT,False,True,True,False
public,1403,5,Surprise,5,Surprise,0.9532160886474981,5,Surprise,0.9103753885608986,BOTH_CORRECT,False,True,True,False
public,1404,1,Disgust,3,Happy,0.9234329117422461,3,Happy,0.8041621316650045,BOTH_WRONG,False,True,False,False
public,1405,3,Happy,0,Angry,0.7265529165399407,0,Angry,0.9580457747694612,BOTH_WRONG,False,True,True,False
public,1406,2,Fear,4,Sad,0.8507032711054475,4,Sad,0.698253693085385,BOTH_WRONG,False,True,True,False
public,1407,3,Happy,3,Happy,0.9014454818201327,3,Happy,0.9352450891596259,BOTH_CORRECT,False,True,True,False
public,1408,6,Neutral,6,Neutral,0.9369181928448488,6,Neutral,0.9288050752880176,BOTH_CORRECT,False,True,True,False
public,1409,4,Sad,4,Sad,0.5656002327020683,4,Sad,0.5611191034595212,BOTH_CORRECT,False,True,True,False
public,1410,3,Happy,3,Happy,0.9452534835798497,3,Happy,0.9306559479589902,BOTH_CORRECT,False,True,True,False
public,1411,0,Angry,0,Angry,0.8665010262353084,0,Angry,0.92292024075241,BOTH_CORRECT,False,True,True,False
public,1412,6,Neutral,6,Neutral,0.6453641640823123,6,Neutral,0.8366122700050456,BOTH_CORRECT,False,True,True,False
public,1413,6,Neutral,6,Neutral,0.6939360089328412,6,Neutral,0.9419565399369682,BOTH_CORRECT,False,True,True,False
public,1414,4,Sad,6,Neutral,0.8816760443849853,4,Sad,0.7918379552064438,V22_CORRECT_V21_WRONG,True,True,True,False
public,1415,2,Fear,2,Fear,0.6462890819592466,4,Sad,0.720480503196218,V21_CORRECT_V22_WRONG,True,True,True,False
public,1416,6,Neutral,6,Neutral,0.9549667524059982,6,Neutral,0.9570766881474448,BOTH_CORRECT,False,True,True,False
public,1417,2,Fear,0,Angry,0.5701697964729378,0,Angry,0.9591288658684539,BOTH_WRONG,False,True,True,False
public,1418,3,Happy,3,Happy,0.9509070629509507,3,Happy,0.9562857572322229,BOTH_CORRECT,False,True,True,False
public,1419,0,Angry,0,Angry,0.4887625202678902,6,Neutral,0.7925315975701774,V21_CORRECT_V22_WRONG,True,True,True,False
public,1420,2,Fear,2,Fear,0.5373602622912328,2,Fear,0.8147500468779401,BOTH_CORRECT,False,False,False,True
public,1421,4,Sad,4,Sad,0.8907074928266437,6,Neutral,0.7552208598458063,V21_CORRECT_V22_WRONG,True,True,True,False
public,1422,3,Happy,3,Happy,0.9079699090299419,6,Neutral,0.8493550909776418,V21_CORRECT_V22_WRONG,True,True,True,False
public,1423,0,Angry,6,Neutral,0.9065564740308281,6,Neutral,0.9611638989837575,BOTH_WRONG,False,True,True,False
public,1424,4,Sad,0,Angry,0.6360886518978855,5,Surprise,0.9489719622226833,BOTH_WRONG,False,True,True,False
public,1425,4,Sad,4,Sad,0.7857453387223133,4,Sad,0.9491486781401346,BOTH_CORRECT,False,True,True,False
public,1426,3,Happy,3,Happy,0.9578124458089173,3,Happy,0.9561061708751029,BOTH_CORRECT,False,True,True,False
public,1427,5,Surprise,6,Neutral,0.8538748994755122,3,Happy,0.9673682906880751,BOTH_WRONG,False,True,True,False
public,1428,4,Sad,4,Sad,0.7632936861730223,4,Sad,0.9222956330034626,BOTH_CORRECT,False,True,True,False
public,1429,4,Sad,3,Happy,0.8873439577874488,0,Angry,0.6914043086383054,BOTH_WRONG,False,True,True,False
public,1430,5,Surprise,2,Fear,0.7353165517786229,2,Fear,0.9509685476882895,BOTH_WRONG,False,True,True,False
public,1431,2,Fear,0,Angry,0.8444442088279975,4,Sad,0.7995815968483441,BOTH_WRONG,False,True,True,False
public,1432,1,Disgust,4,Sad,0.7197357491634014,4,Sad,0.933701826395608,BOTH_WRONG,False,True,False,False
public,1433,5,Surprise,5,Surprise,0.9551890135833283,5,Surprise,0.9544438067265406,BOTH_CORRECT,False,False,False,True
public,1434,3,Happy,4,Sad,0.49961714920063277,4,Sad,0.5948092322984136,BOTH_WRONG,False,True,True,False
public,1435,4,Sad,6,Neutral,0.6838826460854815,6,Neutral,0.9362184860428746,BOTH_WRONG,False,True,True,False
public,1436,2,Fear,4,Sad,0.9523234827574214,4,Sad,0.9186474612215465,BOTH_WRONG,False,True,True,False
public,1437,6,Neutral,4,Sad,0.7880797117927407,0,Angry,0.5167732910692763,BOTH_WRONG,False,True,True,False
public,1438,3,Happy,3,Happy,0.9542962156497783,3,Happy,0.9542241367323138,BOTH_CORRECT,False,True,True,False
public,1439,6,Neutral,6,Neutral,0.8966981071956653,3,Happy,0.8087566574110779,V21_CORRECT_V22_WRONG,True,True,True,False
public,1440,6,Neutral,0,Angry,0.7496064409322795,0,Angry,0.9379491472765695,BOTH_WRONG,False,True,True,False
public,1441,4,Sad,0,Angry,0.545870742636643,4,Sad,0.8450707248254355,V22_CORRECT_V21_WRONG,True,True,True,False
public,1442,2,Fear,2,Fear,0.9471093773116128,2,Fear,0.9327320854999896,BOTH_CORRECT,False,False,False,True
public,1443,5,Surprise,5,Surprise,0.794829948310003,5,Surprise,0.9391175382921848,BOTH_CORRECT,False,True,True,False
public,1444,0,Angry,0,Angry,0.9655511486137289,0,Angry,0.944717378612282,BOTH_CORRECT,False,True,True,False
public,1445,4,Sad,4,Sad,0.5242238148327332,6,Neutral,0.9539419158554346,V21_CORRECT_V22_WRONG,True,True,True,False
public,1446,3,Happy,3,Happy,0.9542162690448723,3,Happy,0.9541125472608398,BOTH_CORRECT,False,True,True,False
public,1447,2,Fear,2,Fear,0.8444428648330264,2,Fear,0.494512875790648,BOTH_CORRECT,False,True,True,False
public,1448,6,Neutral,6,Neutral,0.885411200309912,6,Neutral,0.4766426614724265,BOTH_CORRECT,False,False,False,True
public,1449,3,Happy,3,Happy,0.7791741361618152,3,Happy,0.9598479540404697,BOTH_CORRECT,False,True,True,False
public,1450,6,Neutral,4,Sad,0.9479293763738018,4,Sad,0.9628523448665152,BOTH_WRONG,False,True,True,False
public,1451,6,Neutral,6,Neutral,0.9331586148026229,6,Neutral,0.9371690918128179,BOTH_CORRECT,False,True,True,False
public,1452,6,Neutral,6,Neutral,0.94355439660823,6,Neutral,0.9508355464669115,BOTH_CORRECT,False,True,True,False
public,1453,4,Sad,4,Sad,0.6026024841645321,4,Sad,0.8214074682978468,BOTH_CORRECT,False,True,True,False
public,1454,3,Happy,3,Happy,0.9653838943711558,3,Happy,0.9668706199445194,BOTH_CORRECT,False,True,True,False
public,1455,3,Happy,3,Happy,0.9580180652249524,3,Happy,0.9528631564327189,BOTH_CORRECT,False,True,True,False
public,1456,0,Angry,4,Sad,0.5332941102513202,4,Sad,0.8270610065088344,BOTH_WRONG,False,True,True,False
public,1457,3,Happy,3,Happy,0.9458247343103647,3,Happy,0.9227143517086547,BOTH_CORRECT,False,False,False,True
public,1458,6,Neutral,0,Angry,0.7352877384048728,4,Sad,0.8447118370624483,BOTH_WRONG,False,True,True,False
public,1459,3,Happy,3,Happy,0.9504077763781529,3,Happy,0.9551008305354497,BOTH_CORRECT,False,True,True,False
public,1460,6,Neutral,2,Fear,0.3538088118064725,6,Neutral,0.6186959648334374,V22_CORRECT_V21_WRONG,True,True,True,False
public,1461,4,Sad,2,Fear,0.9596071001405774,5,Surprise,0.9398269851346375,BOTH_WRONG,False,True,True,False
public,1462,0,Angry,0,Angry,0.957019233219303,0,Angry,0.9559537861601005,BOTH_CORRECT,False,False,False,True
public,1463,3,Happy,3,Happy,0.9500082003664105,3,Happy,0.9486576227853434,BOTH_CORRECT,False,True,True,False
public,1464,5,Surprise,2,Fear,0.8215119510421383,2,Fear,0.9151995042282192,BOTH_WRONG,False,True,True,False
public,1465,5,Surprise,5,Surprise,0.3702799659602171,3,Happy,0.5206312684444332,V21_CORRECT_V22_WRONG,True,True,True,False
public,1466,3,Happy,3,Happy,0.8662701022527936,3,Happy,0.9252480189832705,BOTH_CORRECT,False,True,True,False
public,1467,3,Happy,3,Happy,0.9407014416947225,3,Happy,0.9371368278757263,BOTH_CORRECT,False,True,True,False
public,1468,5,Surprise,5,Surprise,0.9294835289450923,5,Surprise,0.9504587391752561,BOTH_CORRECT,False,False,False,True
public,1469,3,Happy,3,Happy,0.9509918464898027,3,Happy,0.9525578392100778,BOTH_CORRECT,False,True,True,False
public,1470,4,Sad,6,Neutral,0.70957131934544,4,Sad,0.9512065360719876,V22_CORRECT_V21_WRONG,True,True,True,False
public,1471,3,Happy,6,Neutral,0.8701189040579899,6,Neutral,0.9335843102837481,BOTH_WRONG,False,True,True,False
public,1472,4,Sad,4,Sad,0.9124190781087811,4,Sad,0.9580246996294071,BOTH_CORRECT,False,False,False,True
public,1473,3,Happy,3,Happy,0.9475380263727543,3,Happy,0.9536011885947322,BOTH_CORRECT,False,True,True,False
public,1474,4,Sad,4,Sad,0.7978718260010187,4,Sad,0.7897545865635668,BOTH_CORRECT,False,True,True,False
public,1475,5,Surprise,5,Surprise,0.9606157272900278,5,Surprise,0.9564521347321422,BOTH_CORRECT,False,False,False,True
public,1476,3,Happy,3,Happy,0.9525343321098605,3,Happy,0.9560182944299215,BOTH_CORRECT,False,True,True,False
public,1477,3,Happy,4,Sad,0.6588043767381779,4,Sad,0.9235897403609581,BOTH_WRONG,False,True,True,False
public,1478,3,Happy,3,Happy,0.9033386511812367,3,Happy,0.9339907153610212,BOTH_CORRECT,False,True,True,False
public,1479,3,Happy,3,Happy,0.9431229949552953,3,Happy,0.9547877695150274,BOTH_CORRECT,False,True,True,False
public,1480,6,Neutral,6,Neutral,0.8793947607283252,6,Neutral,0.8921503091649663,BOTH_CORRECT,False,True,True,False
public,1481,5,Surprise,5,Surprise,0.9510524374388463,5,Surprise,0.9555090293310946,BOTH_CORRECT,False,False,False,True
public,1482,2,Fear,2,Fear,0.9509669009640089,2,Fear,0.9018432385180349,BOTH_CORRECT,False,True,True,False
public,1483,5,Surprise,5,Surprise,0.9137160745950015,5,Surprise,0.9435364830405498,BOTH_CORRECT,False,True,True,False
public,1484,3,Happy,3,Happy,0.9613456796652221,3,Happy,0.9637065062712129,BOTH_CORRECT,False,True,True,False
public,1485,0,Angry,0,Angry,0.7369513691056976,5,Surprise,0.9494567650029605,V21_CORRECT_V22_WRONG,True,True,True,False
public,1486,6,Neutral,6,Neutral,0.9311151744028698,6,Neutral,0.9444034734488551,BOTH_CORRECT,False,True,True,False
public,1487,2,Fear,2,Fear,0.7036180529643394,2,Fear,0.9534836892447729,BOTH_CORRECT,False,True,True,False
public,1488,6,Neutral,0,Angry,0.9614047300775368,4,Sad,0.6370240180159862,BOTH_WRONG,False,True,True,False
public,1489,6,Neutral,6,Neutral,0.8117474212499306,3,Happy,0.7013364062985407,V21_CORRECT_V22_WRONG,True,True,True,False
public,1490,6,Neutral,5,Surprise,0.9403916490776475,3,Happy,0.9568506990951784,BOTH_WRONG,False,True,True,False
public,1491,6,Neutral,4,Sad,0.7026239156390518,4,Sad,0.8902058438662314,BOTH_WRONG,False,True,True,False
public,1492,3,Happy,3,Happy,0.9492385251336678,3,Happy,0.9372657605062936,BOTH_CORRECT,False,True,True,False
public,1493,5,Surprise,3,Happy,0.9550822260880769,3,Happy,0.964375997753036,BOTH_WRONG,False,True,True,False
public,1494,6,Neutral,6,Neutral,0.9476494253356118,6,Neutral,0.9442659189476595,BOTH_CORRECT,False,True,True,False
public,1495,5,Surprise,5,Surprise,0.9237481059257514,5,Surprise,0.9362614099891499,BOTH_CORRECT,False,True,True,False
public,1496,2,Fear,2,Fear,0.9344459994069818,2,Fear,0.8877876249725439,BOTH_CORRECT,False,True,True,False
public,1497,2,Fear,6,Neutral,0.6763345876613222,6,Neutral,0.663123876124448,BOTH_WRONG,False,True,True,False
public,1498,2,Fear,2,Fear,0.6341571422839062,2,Fear,0.7506525962971925,BOTH_CORRECT,False,True,True,False
public,1499,4,Sad,4,Sad,0.6602941116337122,2,Fear,0.5339141861233232,V21_CORRECT_V22_WRONG,True,True,True,False
public,1500,5,Surprise,5,Surprise,0.7773839306353628,5,Surprise,0.959812020079358,BOTH_CORRECT,False,True,True,False
public,1501,6,Neutral,6,Neutral,0.8757546047513117,6,Neutral,0.9100840273198015,BOTH_CORRECT,False,True,True,False
public,1502,4,Sad,6,Neutral,0.5065131722753264,5,Surprise,0.9517946338813765,BOTH_WRONG,False,True,True,False
public,1503,6,Neutral,2,Fear,0.43258135342873594,2,Fear,0.4670499640385158,BOTH_WRONG,False,True,True,False
public,1504,0,Angry,2,Fear,0.9609898038586574,2,Fear,0.948455263256232,BOTH_WRONG,False,True,True,False
public,1505,4,Sad,4,Sad,0.7607970330491526,6,Neutral,0.8396808177796181,V21_CORRECT_V22_WRONG,True,True,True,False
public,1506,4,Sad,0,Angry,0.47268253921746106,0,Angry,0.8627201407978521,BOTH_WRONG,False,True,True,False
public,1507,3,Happy,3,Happy,0.9394104028210957,3,Happy,0.959903141223621,BOTH_CORRECT,False,True,True,False
public,1508,3,Happy,3,Happy,0.9576541859639893,3,Happy,0.9569012905219197,BOTH_CORRECT,False,True,True,False
public,1509,6,Neutral,6,Neutral,0.9242432652030543,6,Neutral,0.8533966400051088,BOTH_CORRECT,False,True,True,False
public,1510,4,Sad,4,Sad,0.408340867829476,2,Fear,0.5705148594065386,V21_CORRECT_V22_WRONG,True,True,True,False
public,1511,6,Neutral,3,Happy,0.9504159440174778,4,Sad,0.6603101532132708,BOTH_WRONG,False,True,True,False
public,1512,3,Happy,3,Happy,0.9336789290729356,3,Happy,0.9507908243279154,BOTH_CORRECT,False,True,True,False
public,1513,2,Fear,2,Fear,0.9153388222636426,2,Fear,0.9445399219751255,BOTH_CORRECT,False,True,True,False
public,1514,5,Surprise,5,Surprise,0.9385125689976566,0,Angry,0.6659111329132328,V21_CORRECT_V22_WRONG,True,True,True,False
public,1515,4,Sad,5,Surprise,0.8789520522042009,2,Fear,0.5847366692290461,BOTH_WRONG,False,True,True,False
public,1516,5,Surprise,5,Surprise,0.9336685566571021,5,Surprise,0.9475417442718523,BOTH_CORRECT,False,True,True,False
public,1517,4,Sad,2,Fear,0.7895243072765398,2,Fear,0.757633934237955,BOTH_WRONG,False,True,True,False
public,1518,0,Angry,0,Angry,0.9296404275331767,0,Angry,0.9506182965730021,BOTH_CORRECT,False,True,True,False
public,1519,3,Happy,3,Happy,0.9511993281411212,3,Happy,0.94934732444352,BOTH_CORRECT,False,True,True,False
public,1520,6,Neutral,0,Angry,0.9444852440764638,6,Neutral,0.7947410537554214,V22_CORRECT_V21_WRONG,True,True,True,False
public,1521,0,Angry,0,Angry,0.9598360212554717,0,Angry,0.9652869413914711,BOTH_CORRECT,False,False,False,True
public,1522,4,Sad,6,Neutral,0.7872599672460566,6,Neutral,0.7291045437838511,BOTH_WRONG,False,True,True,False
public,1523,2,Fear,5,Surprise,0.9000694091932979,5,Surprise,0.4884759267836353,BOTH_WRONG,False,False,False,True
public,1524,4,Sad,2,Fear,0.3936850057028595,0,Angry,0.807154944244344,BOTH_WRONG,False,True,True,False
public,1525,6,Neutral,6,Neutral,0.9447750774442815,6,Neutral,0.9462806181988859,BOTH_CORRECT,False,True,True,False
public,1526,0,Angry,5,Surprise,0.5877012577545554,5,Surprise,0.9367295023173956,BOTH_WRONG,False,True,True,False
public,1527,3,Happy,2,Fear,0.6918238675358741,0,Angry,0.6344275880424396,BOTH_WRONG,False,True,True,False
public,1528,2,Fear,2,Fear,0.9617473660769854,2,Fear,0.9658704452700271,BOTH_CORRECT,False,True,True,False
public,1529,6,Neutral,6,Neutral,0.9419188009288394,6,Neutral,0.9505928570985211,BOTH_CORRECT,False,True,True,False
public,1530,2,Fear,2,Fear,0.4859163883232796,2,Fear,0.5053390564944085,BOTH_CORRECT,False,True,True,False
public,1531,2,Fear,4,Sad,0.8864362892207751,2,Fear,0.7564894421329331,V22_CORRECT_V21_WRONG,True,True,True,False
public,1532,3,Happy,3,Happy,0.9526827631685012,3,Happy,0.948837977345229,BOTH_CORRECT,False,True,True,False
public,1533,2,Fear,2,Fear,0.8761918620965211,2,Fear,0.8106118475624057,BOTH_CORRECT,False,True,True,False
public,1534,5,Surprise,5,Surprise,0.9365804587536828,5,Surprise,0.9440398173922835,BOTH_CORRECT,False,False,False,True
public,1535,2,Fear,2,Fear,0.9621965259227996,2,Fear,0.9566908954383042,BOTH_CORRECT,False,True,True,False
public,1536,3,Happy,3,Happy,0.9535149907841817,3,Happy,0.9525983922261967,BOTH_CORRECT,False,True,True,False
public,1537,0,Angry,6,Neutral,0.9275739711663711,6,Neutral,0.9407821540923982,BOTH_WRONG,False,True,True,False
public,1538,2,Fear,0,Angry,0.7150128342996999,4,Sad,0.6442507282414421,BOTH_WRONG,False,True,True,False
public,1539,3,Happy,3,Happy,0.9529268695877018,3,Happy,0.9500771405877109,BOTH_CORRECT,False,True,True,False
public,1540,3,Happy,3,Happy,0.9531332049589708,3,Happy,0.9535543205020173,BOTH_CORRECT,False,True,True,False
public,1541,2,Fear,2,Fear,0.9342475155631598,2,Fear,0.7077306529535811,BOTH_CORRECT,False,True,True,False
public,1542,4,Sad,0,Angry,0.6769007726396378,4,Sad,0.8217583448019523,V22_CORRECT_V21_WRONG,True,True,True,False
public,1543,1,Disgust,0,Angry,0.9464400362814087,0,Angry,0.9612156829824782,BOTH_WRONG,False,False,False,False
public,1544,2,Fear,4,Sad,0.46445911670120366,2,Fear,0.540377219924677,V22_CORRECT_V21_WRONG,True,True,True,False
public,1545,4,Sad,4,Sad,0.9128452808569274,4,Sad,0.7836420830415775,BOTH_CORRECT,False,True,True,False
public,1546,6,Neutral,6,Neutral,0.9157116468579467,6,Neutral,0.8394655817255028,BOTH_CORRECT,False,True,True,False
public,1547,3,Happy,3,Happy,0.9466231924295136,3,Happy,0.9531603786189541,BOTH_CORRECT,False,True,True,False
public,1548,6,Neutral,0,Angry,0.5937058509139577,4,Sad,0.852896866418832,BOTH_WRONG,False,True,True,False
public,1549,6,Neutral,4,Sad,0.6218500780425558,2,Fear,0.5711208826370293,BOTH_WRONG,False,True,True,False
public,1550,0,Angry,0,Angry,0.9140884606032614,0,Angry,0.9573521699289294,BOTH_CORRECT,False,False,False,True
public,1551,0,Angry,0,Angry,0.9461832586567397,4,Sad,0.6604172779514649,V21_CORRECT_V22_WRONG,True,True,True,False
public,1552,3,Happy,3,Happy,0.9529390553348025,3,Happy,0.9481205691798519,BOTH_CORRECT,False,True,True,False
public,1553,0,Angry,0,Angry,0.9302959332634522,0,Angry,0.9174138733749907,BOTH_CORRECT,False,True,True,False
public,1554,3,Happy,4,Sad,0.4777452591726599,4,Sad,0.5634102883148635,BOTH_WRONG,False,True,True,False
public,1555,3,Happy,3,Happy,0.9569337274840971,3,Happy,0.9522554008912938,BOTH_CORRECT,False,True,True,False
public,1556,3,Happy,3,Happy,0.9491001494380596,3,Happy,0.9216407274295124,BOTH_CORRECT,False,True,True,False
public,1557,6,Neutral,6,Neutral,0.8911435228449541,6,Neutral,0.960966931041427,BOTH_CORRECT,False,True,True,False
public,1558,3,Happy,3,Happy,0.938269616627387,3,Happy,0.9493142277657943,BOTH_CORRECT,False,True,True,False
public,1559,0,Angry,0,Angry,0.9549710069107821,0,Angry,0.9598699431634456,BOTH_CORRECT,False,True,True,False
public,1560,6,Neutral,6,Neutral,0.41202053472485567,6,Neutral,0.3082445002928407,BOTH_CORRECT,False,True,True,False
public,1561,4,Sad,4,Sad,0.9510593752647472,4,Sad,0.935782186503687,BOTH_CORRECT,False,True,True,False
public,1562,6,Neutral,6,Neutral,0.9376354875243873,6,Neutral,0.9623445390162805,BOTH_CORRECT,False,True,True,False
public,1563,4,Sad,4,Sad,0.9102797099767235,4,Sad,0.9516372181324292,BOTH_CORRECT,False,True,True,False
public,1564,0,Angry,4,Sad,0.8554442059880986,4,Sad,0.9508710241042162,BOTH_WRONG,False,True,True,False
public,1565,4,Sad,4,Sad,0.9385355660648709,4,Sad,0.9566436013504596,BOTH_CORRECT,False,True,True,False
public,1566,6,Neutral,6,Neutral,0.8986846103915846,2,Fear,0.6930898286107887,V21_CORRECT_V22_WRONG,True,True,True,False
public,1567,3,Happy,4,Sad,0.5356623361261867,4,Sad,0.6389000644514439,BOTH_WRONG,False,True,True,False
public,1568,4,Sad,4,Sad,0.7197041093972654,6,Neutral,0.7469038056968735,V21_CORRECT_V22_WRONG,True,True,True,False
public,1569,6,Neutral,6,Neutral,0.8138359034369217,6,Neutral,0.8855165035187933,BOTH_CORRECT,False,True,True,False
public,1570,2,Fear,4,Sad,0.4856580389591629,2,Fear,0.8979987664741043,V22_CORRECT_V21_WRONG,True,True,True,False
public,1571,3,Happy,3,Happy,0.5722774771816166,3,Happy,0.9495074707253041,BOTH_CORRECT,False,True,True,False
public,1572,6,Neutral,6,Neutral,0.9518321397500994,6,Neutral,0.9546066830506469,BOTH_CORRECT,False,True,True,False
public,1573,5,Surprise,5,Surprise,0.9529288058475467,5,Surprise,0.9576667851896478,BOTH_CORRECT,False,True,True,False
public,1574,6,Neutral,6,Neutral,0.9326970970087567,6,Neutral,0.9481868377323814,BOTH_CORRECT,False,True,True,False
public,1575,3,Happy,3,Happy,0.9623866722520718,3,Happy,0.9589158708584191,BOTH_CORRECT,False,True,True,False
public,1576,0,Angry,0,Angry,0.9652819475944702,0,Angry,0.9618979995072474,BOTH_CORRECT,False,True,True,False
public,1577,3,Happy,3,Happy,0.9538410433659587,3,Happy,0.9454564875549967,BOTH_CORRECT,False,True,True,False
public,1578,6,Neutral,6,Neutral,0.9110940649827137,6,Neutral,0.9138527345026882,BOTH_CORRECT,False,False,False,True
public,1579,3,Happy,0,Angry,0.5793133863266381,3,Happy,0.9252241508186428,V22_CORRECT_V21_WRONG,True,True,True,False
public,1580,4,Sad,4,Sad,0.47395871038195353,0,Angry,0.4272188219079086,V21_CORRECT_V22_WRONG,True,True,True,False
public,1581,0,Angry,6,Neutral,0.9449826334930326,6,Neutral,0.9357296118429472,BOTH_WRONG,False,True,True,False
public,1582,3,Happy,6,Neutral,0.8596120699694095,3,Happy,0.9579113370719068,V22_CORRECT_V21_WRONG,True,True,True,False
public,1583,4,Sad,4,Sad,0.4486199317659469,4,Sad,0.4999430404082097,BOTH_CORRECT,False,True,True,False
public,1584,5,Surprise,5,Surprise,0.9566279080186341,5,Surprise,0.9214923396570598,BOTH_CORRECT,False,True,False,False
public,1585,6,Neutral,6,Neutral,0.9388282319062238,6,Neutral,0.9505037172788346,BOTH_CORRECT,False,True,True,False
public,1586,6,Neutral,6,Neutral,0.8582920207067217,4,Sad,0.6088663651877985,V21_CORRECT_V22_WRONG,True,True,True,False
public,1587,2,Fear,0,Angry,0.43952446714486165,4,Sad,0.8952835958653066,BOTH_WRONG,False,True,True,False
public,1588,3,Happy,0,Angry,0.715777674198631,4,Sad,0.8519025714168166,BOTH_WRONG,False,True,False,False
public,1589,4,Sad,4,Sad,0.8498141695041224,4,Sad,0.9460479739225872,BOTH_CORRECT,False,True,True,False
public,1590,3,Happy,3,Happy,0.9282199660520252,5,Surprise,0.4943234860566335,V21_CORRECT_V22_WRONG,True,True,True,False
public,1591,5,Surprise,5,Surprise,0.9581042276022387,5,Surprise,0.9461534443026126,BOTH_CORRECT,False,False,False,True
public,1592,6,Neutral,6,Neutral,0.9454507180665895,6,Neutral,0.9143294574568344,BOTH_CORRECT,False,False,False,True
public,1593,0,Angry,0,Angry,0.9370430606794635,0,Angry,0.9635966041068099,BOTH_CORRECT,False,False,False,True
public,1594,5,Surprise,3,Happy,0.49772489542349774,5,Surprise,0.9527227390762879,V22_CORRECT_V21_WRONG,True,True,True,False
public,1595,6,Neutral,2,Fear,0.8428089702556177,4,Sad,0.9316486292050014,BOTH_WRONG,False,True,True,False
public,1596,0,Angry,0,Angry,0.9542236260702243,0,Angry,0.9539847702294225,BOTH_CORRECT,False,True,True,False
public,1597,2,Fear,5,Surprise,0.5469035910333073,2,Fear,0.7056644252681464,V22_CORRECT_V21_WRONG,True,True,True,False
public,1598,3,Happy,6,Neutral,0.5691550118113218,3,Happy,0.855041058257839,V22_CORRECT_V21_WRONG,True,True,True,False
public,1599,4,Sad,4,Sad,0.8663365474938671,3,Happy,0.806800591233416,V21_CORRECT_V22_WRONG,True,True,True,False
public,1600,0,Angry,2,Fear,0.811781692744078,0,Angry,0.8656762778343798,V22_CORRECT_V21_WRONG,True,True,True,False
public,1601,4,Sad,4,Sad,0.8911358700195817,4,Sad,0.9443255493058658,BOTH_CORRECT,False,False,False,True
public,1602,6,Neutral,6,Neutral,0.9109082354431063,6,Neutral,0.9467064120988342,BOTH_CORRECT,False,True,True,False
public,1603,5,Surprise,5,Surprise,0.933468683118321,5,Surprise,0.9549025631697491,BOTH_CORRECT,False,False,False,True
public,1604,6,Neutral,6,Neutral,0.6755966766636087,6,Neutral,0.940588693050806,BOTH_CORRECT,False,True,True,False
public,1605,4,Sad,2,Fear,0.6870877757569748,2,Fear,0.887136472765622,BOTH_WRONG,False,True,True,False
public,1606,2,Fear,6,Neutral,0.4900267212367823,6,Neutral,0.8994034970441903,BOTH_WRONG,False,True,True,False
public,1607,2,Fear,5,Surprise,0.8962243887648068,2,Fear,0.9225059038182986,V22_CORRECT_V21_WRONG,True,True,True,False
public,1608,0,Angry,0,Angry,0.9508386710031417,0,Angry,0.9464985304818535,BOTH_CORRECT,False,True,True,False
public,1609,2,Fear,2,Fear,0.9635450579985535,2,Fear,0.9619187023239824,BOTH_CORRECT,False,False,False,True
public,1610,6,Neutral,6,Neutral,0.5221770454293717,6,Neutral,0.8297206819253204,BOTH_CORRECT,False,True,True,False
public,1611,0,Angry,0,Angry,0.6848182358542549,4,Sad,0.8469749083747614,V21_CORRECT_V22_WRONG,True,True,True,False
public,1612,2,Fear,2,Fear,0.9617069671964272,2,Fear,0.9620856416023948,BOTH_CORRECT,False,True,True,False
public,1613,5,Surprise,5,Surprise,0.7088754010189615,5,Surprise,0.9264239125642414,BOTH_CORRECT,False,True,True,False
public,1614,4,Sad,0,Angry,0.7185765309436688,2,Fear,0.681382798795808,BOTH_WRONG,False,True,True,False
public,1615,2,Fear,3,Happy,0.9528400162179087,3,Happy,0.9212153906539869,BOTH_WRONG,False,False,False,False
public,1616,0,Angry,4,Sad,0.8449199722699338,3,Happy,0.4155150229880051,BOTH_WRONG,False,True,True,False
public,1617,4,Sad,3,Happy,0.48099614706344995,3,Happy,0.9136014887642177,BOTH_WRONG,False,True,True,False
public,1618,0,Angry,1,Disgust,0.9691178303342021,0,Angry,0.955126474681794,V22_CORRECT_V21_WRONG,True,True,True,False
public,1619,3,Happy,3,Happy,0.955117206534963,3,Happy,0.9568854249629339,BOTH_CORRECT,False,True,True,False
public,1620,3,Happy,3,Happy,0.9482308325316974,3,Happy,0.9509794338555765,BOTH_CORRECT,False,True,True,False
public,1621,3,Happy,3,Happy,0.9496194520356647,3,Happy,0.9612820385689813,BOTH_CORRECT,False,True,True,False
public,1622,4,Sad,4,Sad,0.9302805428066906,4,Sad,0.9079080520351007,BOTH_CORRECT,False,True,True,False
public,1623,3,Happy,3,Happy,0.9531895014700669,3,Happy,0.948839962005641,BOTH_CORRECT,False,True,True,False
public,1624,2,Fear,2,Fear,0.9536700564394429,2,Fear,0.6844186962890325,BOTH_CORRECT,False,True,True,False
public,1625,3,Happy,3,Happy,0.9637774849610744,3,Happy,0.858563233186491,BOTH_CORRECT,False,True,True,False
public,1626,2,Fear,2,Fear,0.8027519470253646,2,Fear,0.791091102688392,BOTH_CORRECT,False,True,True,False
public,1627,5,Surprise,2,Fear,0.7012194093575725,4,Sad,0.7245950130272102,BOTH_WRONG,False,True,True,False
public,1628,3,Happy,3,Happy,0.9004846133372352,3,Happy,0.9322503225758934,BOTH_CORRECT,False,True,True,False
public,1629,3,Happy,3,Happy,0.9421961238263342,3,Happy,0.9433361354130396,BOTH_CORRECT,False,True,True,False
public,1630,6,Neutral,6,Neutral,0.9496785068422037,6,Neutral,0.9385429546850331,BOTH_CORRECT,False,True,True,False
public,1631,0,Angry,0,Angry,0.7830320486419518,0,Angry,0.9309561442111413,BOTH_CORRECT,False,True,True,False
public,1632,3,Happy,3,Happy,0.9365241241806606,3,Happy,0.9451709204674893,BOTH_CORRECT,False,True,True,False
public,1633,3,Happy,3,Happy,0.9455644072454554,3,Happy,0.9387731124687224,BOTH_CORRECT,False,True,True,False
public,1634,3,Happy,3,Happy,0.9515625077755046,3,Happy,0.9513770082439984,BOTH_CORRECT,False,True,True,False
public,1635,4,Sad,4,Sad,0.5788404090668602,2,Fear,0.9146393693228395,V21_CORRECT_V22_WRONG,True,True,True,False
public,1636,6,Neutral,6,Neutral,0.9317371659517741,6,Neutral,0.9453928618513512,BOTH_CORRECT,False,True,True,False
public,1637,6,Neutral,2,Fear,0.6935268077501785,4,Sad,0.840845653420698,BOTH_WRONG,False,True,True,False
public,1638,1,Disgust,4,Sad,0.470511256119696,4,Sad,0.43680260530868,BOTH_WRONG,False,True,True,False
public,1639,3,Happy,4,Sad,0.47871099805061124,4,Sad,0.9062849450712008,BOTH_WRONG,False,True,False,False
public,1640,2,Fear,2,Fear,0.9401056052797722,2,Fear,0.9617354089913709,BOTH_CORRECT,False,True,True,False
public,1641,3,Happy,3,Happy,0.9568891463830165,3,Happy,0.9610601501806494,BOTH_CORRECT,False,True,True,False
public,1642,3,Happy,3,Happy,0.9479655218898453,3,Happy,0.947707730526258,BOTH_CORRECT,False,True,True,False
public,1643,6,Neutral,4,Sad,0.7211727587245653,2,Fear,0.5348648844475169,BOTH_WRONG,False,True,True,False
public,1644,6,Neutral,3,Happy,0.5507380804494203,3,Happy,0.8009106591596157,BOTH_WRONG,False,True,True,False
public,1645,6,Neutral,3,Happy,0.8660435461504249,6,Neutral,0.940503880592851,V22_CORRECT_V21_WRONG,True,True,True,False
public,1646,5,Surprise,5,Surprise,0.9532532070025089,5,Surprise,0.9483907826779857,BOTH_CORRECT,False,True,True,False
public,1647,2,Fear,2,Fear,0.8131552231721254,6,Neutral,0.5862540014118518,V21_CORRECT_V22_WRONG,True,True,True,False
public,1648,2,Fear,2,Fear,0.5605022885279792,2,Fear,0.9368522874536329,BOTH_CORRECT,False,True,True,False
public,1649,4,Sad,4,Sad,0.8526913770227519,4,Sad,0.9572190429575962,BOTH_CORRECT,False,True,True,False
public,1650,3,Happy,3,Happy,0.9546587438814799,3,Happy,0.9601778248526022,BOTH_CORRECT,False,True,True,False
public,1651,2,Fear,3,Happy,0.9176247408348044,3,Happy,0.8694442267621416,BOTH_WRONG,False,True,True,False
public,1652,3,Happy,3,Happy,0.9546055549387034,3,Happy,0.954624538501402,BOTH_CORRECT,False,True,True,False
public,1653,6,Neutral,4,Sad,0.6960429622604136,6,Neutral,0.9177895498310521,V22_CORRECT_V21_WRONG,True,True,True,False
public,1654,4,Sad,3,Happy,0.8380401536928874,6,Neutral,0.7838747885132608,BOTH_WRONG,False,True,True,False
public,1655,4,Sad,4,Sad,0.927395875650168,4,Sad,0.5956963679628624,BOTH_CORRECT,False,True,True,False
public,1656,6,Neutral,0,Angry,0.9036871857862561,0,Angry,0.574546982116441,BOTH_WRONG,False,True,True,False
public,1657,6,Neutral,6,Neutral,0.9201908574769234,6,Neutral,0.8046699296652531,BOTH_CORRECT,False,True,True,False
public,1658,6,Neutral,6,Neutral,0.49383124273030515,6,Neutral,0.6957682862197319,BOTH_CORRECT,False,True,True,False
public,1659,5,Surprise,3,Happy,0.5275991991420014,0,Angry,0.7002051279370105,BOTH_WRONG,False,True,True,False
public,1660,1,Disgust,1,Disgust,0.9690430395416905,1,Disgust,0.944249491978821,BOTH_CORRECT,False,True,True,False
public,1661,6,Neutral,3,Happy,0.9180010968588864,3,Happy,0.8846911274380925,BOTH_WRONG,False,False,False,False
public,1662,6,Neutral,4,Sad,0.95412112703623,4,Sad,0.9444059112092972,BOTH_WRONG,False,True,True,False
public,1663,3,Happy,3,Happy,0.9270114953734983,3,Happy,0.9526068967761262,BOTH_CORRECT,False,True,True,False
public,1664,6,Neutral,4,Sad,0.8581073817593906,4,Sad,0.9583903080504456,BOTH_WRONG,False,True,True,False
public,1665,6,Neutral,6,Neutral,0.9515050562373789,6,Neutral,0.9573679901390626,BOTH_CORRECT,False,False,False,True
public,1666,2,Fear,2,Fear,0.9501230163910869,2,Fear,0.8849187938022851,BOTH_CORRECT,False,True,True,False
public,1667,6,Neutral,2,Fear,0.653743673163501,4,Sad,0.5556015992961006,BOTH_WRONG,False,True,True,False
public,1668,4,Sad,4,Sad,0.7779405763794462,4,Sad,0.9431577884302432,BOTH_CORRECT,False,True,True,False
public,1669,4,Sad,4,Sad,0.9279200731413862,4,Sad,0.9640628285253405,BOTH_CORRECT,False,True,True,False
public,1670,6,Neutral,6,Neutral,0.7357765863383416,4,Sad,0.8048264643769695,V21_CORRECT_V22_WRONG,True,True,True,False
public,1671,3,Happy,2,Fear,0.8849755894035777,3,Happy,0.5374546063798745,V22_CORRECT_V21_WRONG,True,True,True,False
public,1672,2,Fear,4,Sad,0.6125521186040659,4,Sad,0.9296987642596614,BOTH_WRONG,False,True,True,False
public,1673,0,Angry,3,Happy,0.9577434710727804,3,Happy,0.5787746403918663,BOTH_WRONG,False,True,True,False
public,1674,4,Sad,4,Sad,0.9435659166376474,4,Sad,0.8482751999833565,BOTH_CORRECT,False,True,True,False
public,1675,0,Angry,0,Angry,0.9532503622330449,0,Angry,0.9462033983606445,BOTH_CORRECT,False,True,True,False
public,1676,6,Neutral,6,Neutral,0.9134239362766332,6,Neutral,0.8970912283429231,BOTH_CORRECT,False,True,True,False
public,1677,6,Neutral,6,Neutral,0.9586442743822811,6,Neutral,0.941010039831721,BOTH_CORRECT,False,True,True,False
public,1678,5,Surprise,5,Surprise,0.949440243625785,5,Surprise,0.9554382736816273,BOTH_CORRECT,False,False,False,True
public,1679,5,Surprise,5,Surprise,0.9523719104834465,5,Surprise,0.9511669921484999,BOTH_CORRECT,False,False,False,True
public,1680,4,Sad,2,Fear,0.8807066437344052,2,Fear,0.8036915646081326,BOTH_WRONG,False,True,True,False
public,1681,5,Surprise,5,Surprise,0.9529336676644291,5,Surprise,0.958947807197765,BOTH_CORRECT,False,True,True,False
public,1682,3,Happy,6,Neutral,0.956201254235448,6,Neutral,0.9622455100917948,BOTH_WRONG,False,True,True,False
public,1683,3,Happy,3,Happy,0.9541032625833746,3,Happy,0.955619494160819,BOTH_CORRECT,False,True,True,False
public,1684,5,Surprise,5,Surprise,0.9522681670729961,5,Surprise,0.9533904999446305,BOTH_CORRECT,False,True,True,False
public,1685,0,Angry,0,Angry,0.9619030952313528,0,Angry,0.9554084131938969,BOTH_CORRECT,False,True,True,False
public,1686,6,Neutral,6,Neutral,0.9509794553959243,6,Neutral,0.9344483321444406,BOTH_CORRECT,False,True,True,False
public,1687,2,Fear,5,Surprise,0.8268762759504367,6,Neutral,0.9414262619415729,BOTH_WRONG,False,True,True,False
public,1688,6,Neutral,0,Angry,0.7715308357730037,6,Neutral,0.8790143687950981,V22_CORRECT_V21_WRONG,True,True,True,False
public,1689,0,Angry,4,Sad,0.9490205884806323,4,Sad,0.8851511944638671,BOTH_WRONG,False,True,True,False
public,1690,0,Angry,0,Angry,0.9435657828985132,0,Angry,0.9515026192734443,BOTH_CORRECT,False,True,True,False
public,1691,3,Happy,3,Happy,0.9553816880985124,3,Happy,0.9575069839156803,BOTH_CORRECT,False,True,True,False
public,1692,3,Happy,3,Happy,0.8256519916349947,3,Happy,0.7852114455856986,BOTH_CORRECT,False,True,True,False
public,1693,4,Sad,4,Sad,0.9489183699232858,4,Sad,0.953222695668151,BOTH_CORRECT,False,True,True,False
public,1694,3,Happy,3,Happy,0.9308287679705033,3,Happy,0.9422028193667437,BOTH_CORRECT,False,True,True,False
public,1695,4,Sad,4,Sad,0.8233491466649026,4,Sad,0.9619071225116658,BOTH_CORRECT,False,True,True,False
public,1696,1,Disgust,1,Disgust,0.9500563999535014,1,Disgust,0.8482388155631547,BOTH_CORRECT,False,True,True,False
public,1697,3,Happy,3,Happy,0.9528583413699975,3,Happy,0.9469706831913967,BOTH_CORRECT,False,True,True,False
public,1698,3,Happy,3,Happy,0.9572865670431102,3,Happy,0.9597098485393553,BOTH_CORRECT,False,True,True,False
public,1699,6,Neutral,3,Happy,0.520312663452147,6,Neutral,0.581741016530344,V22_CORRECT_V21_WRONG,True,True,True,False
public,1700,3,Happy,0,Angry,0.6914065195610876,0,Angry,0.8511236112021219,BOTH_WRONG,False,True,True,False
public,1701,4,Sad,2,Fear,0.9080719338355605,2,Fear,0.957389063214634,BOTH_WRONG,False,True,False,False
public,1702,4,Sad,0,Angry,0.8460916000101508,6,Neutral,0.7587023172830999,BOTH_WRONG,False,True,False,False
public,1703,5,Surprise,5,Surprise,0.9499241698456112,5,Surprise,0.9544130753467545,BOTH_CORRECT,False,True,True,False
public,1704,0,Angry,4,Sad,0.6748999263428404,2,Fear,0.910827266558395,BOTH_WRONG,False,True,True,False
public,1705,3,Happy,3,Happy,0.9577732152975938,3,Happy,0.9542503304933464,BOTH_CORRECT,False,True,True,False
public,1706,0,Angry,0,Angry,0.6756236334431258,0,Angry,0.9264701053025862,BOTH_CORRECT,False,True,True,False
public,1707,3,Happy,3,Happy,0.9497611283982083,3,Happy,0.9470999612378467,BOTH_CORRECT,False,True,True,False
public,1708,3,Happy,3,Happy,0.9577565968376074,3,Happy,0.9533272398559093,BOTH_CORRECT,False,True,True,False
public,1709,4,Sad,4,Sad,0.9540776756407344,4,Sad,0.9271164850924464,BOTH_CORRECT,False,True,True,False
public,1710,6,Neutral,6,Neutral,0.7746347967930044,6,Neutral,0.8608946170869867,BOTH_CORRECT,False,True,True,False
public,1711,0,Angry,0,Angry,0.9317521642818023,0,Angry,0.9528192275915468,BOTH_CORRECT,False,True,True,False
public,1712,4,Sad,6,Neutral,0.9142176142380422,6,Neutral,0.9329081620573052,BOTH_WRONG,False,True,True,False
public,1713,6,Neutral,6,Neutral,0.9359013948620458,6,Neutral,0.9423655211161673,BOTH_CORRECT,False,True,True,False
public,1714,5,Surprise,5,Surprise,0.8688911616316213,6,Neutral,0.8038446463538084,V21_CORRECT_V22_WRONG,True,True,True,False
public,1715,3,Happy,3,Happy,0.9519130371849888,3,Happy,0.9005971343782874,BOTH_CORRECT,False,False,False,True
public,1716,3,Happy,3,Happy,0.9410213260118908,3,Happy,0.9471025820082877,BOTH_CORRECT,False,False,False,True
public,1717,6,Neutral,6,Neutral,0.944611855300752,6,Neutral,0.9510703686193469,BOTH_CORRECT,False,True,True,False
public,1718,5,Surprise,5,Surprise,0.9482793319453159,5,Surprise,0.902716367510868,BOTH_CORRECT,False,False,False,True
public,1719,1,Disgust,1,Disgust,0.9740252324236782,1,Disgust,0.9726850002660746,BOTH_CORRECT,False,True,True,False
public,1720,6,Neutral,4,Sad,0.8364813702449055,4,Sad,0.902486083909867,BOTH_WRONG,False,True,True,False
public,1721,0,Angry,0,Angry,0.94685189305715,2,Fear,0.6160144219254451,V21_CORRECT_V22_WRONG,True,True,True,False
public,1722,3,Happy,3,Happy,0.8387558827726689,3,Happy,0.8185991692984025,BOTH_CORRECT,False,True,True,False
public,1723,4,Sad,4,Sad,0.9309229911289353,4,Sad,0.946767964620449,BOTH_CORRECT,False,True,True,False
public,1724,4,Sad,0,Angry,0.8236977831108517,0,Angry,0.7833888966752738,BOTH_WRONG,False,True,True,False
public,1725,4,Sad,6,Neutral,0.8945711013377806,6,Neutral,0.8902121237471994,BOTH_WRONG,False,True,True,False
public,1726,4,Sad,4,Sad,0.3932182356395313,4,Sad,0.9354385555260163,BOTH_CORRECT,False,True,True,False
public,1727,3,Happy,3,Happy,0.9509298734927633,3,Happy,0.9521938137292728,BOTH_CORRECT,False,True,True,False
public,1728,3,Happy,3,Happy,0.9306976770465357,3,Happy,0.9406129447219386,BOTH_CORRECT,False,True,True,False
public,1729,4,Sad,4,Sad,0.8602222902458078,4,Sad,0.930235271999917,BOTH_CORRECT,False,True,True,False
public,1730,4,Sad,4,Sad,0.8872898654399793,4,Sad,0.9503660539844532,BOTH_CORRECT,False,True,True,False
public,1731,4,Sad,6,Neutral,0.9109588823612991,4,Sad,0.42395055612560617,V22_CORRECT_V21_WRONG,True,True,True,False
public,1732,6,Neutral,6,Neutral,0.8896491795933723,6,Neutral,0.7468496438604981,BOTH_CORRECT,False,True,True,False
public,1733,4,Sad,4,Sad,0.6831616267519365,2,Fear,0.7779053458726262,V21_CORRECT_V22_WRONG,True,True,True,False
public,1734,3,Happy,5,Surprise,0.9226710587287721,3,Happy,0.944718696310813,V22_CORRECT_V21_WRONG,True,True,True,False
public,1735,4,Sad,4,Sad,0.47229178647942277,4,Sad,0.8392246571038338,BOTH_CORRECT,False,True,True,False
public,1736,0,Angry,2,Fear,0.8499829801907016,0,Angry,0.8992457623113006,V22_CORRECT_V21_WRONG,True,True,True,False
public,1737,0,Angry,0,Angry,0.9629378266025924,0,Angry,0.9661235080142396,BOTH_CORRECT,False,False,False,True
public,1738,0,Angry,0,Angry,0.9704974006204007,0,Angry,0.9649078018269992,BOTH_CORRECT,False,True,True,False
public,1739,5,Surprise,5,Surprise,0.9587985166002407,5,Surprise,0.9614455864668366,BOTH_CORRECT,False,True,True,False
public,1740,3,Happy,3,Happy,0.9525306657719477,3,Happy,0.9510581115282531,BOTH_CORRECT,False,True,True,False
public,1741,6,Neutral,6,Neutral,0.5686379182346097,6,Neutral,0.6011450468100872,BOTH_CORRECT,False,True,True,False
public,1742,5,Surprise,5,Surprise,0.9510921755162596,5,Surprise,0.9597068877407982,BOTH_CORRECT,False,True,True,False
public,1743,3,Happy,3,Happy,0.9487981835729572,3,Happy,0.9450508837144392,BOTH_CORRECT,False,True,True,False
public,1744,5,Surprise,5,Surprise,0.9428975815405723,5,Surprise,0.6665310227740661,BOTH_CORRECT,False,True,True,False
public,1745,6,Neutral,6,Neutral,0.9327321403480435,6,Neutral,0.9151595124193057,BOTH_CORRECT,False,True,True,False
public,1746,4,Sad,2,Fear,0.6279589242885529,4,Sad,0.9466987052892888,V22_CORRECT_V21_WRONG,True,True,True,False
public,1747,0,Angry,2,Fear,0.919744572469527,2,Fear,0.9012083505390411,BOTH_WRONG,False,True,True,False
public,1748,6,Neutral,6,Neutral,0.9454164796292449,6,Neutral,0.9585677635936012,BOTH_CORRECT,False,False,False,True
public,1749,0,Angry,0,Angry,0.8889241243854626,0,Angry,0.9609953933642478,BOTH_CORRECT,False,True,True,False
public,1750,2,Fear,2,Fear,0.5054852033245024,2,Fear,0.6300410789529732,BOTH_CORRECT,False,True,True,False
public,1751,0,Angry,0,Angry,0.9356967017502561,0,Angry,0.9652970362917415,BOTH_CORRECT,False,True,True,False
public,1752,5,Surprise,5,Surprise,0.8767919839839798,5,Surprise,0.9593169832874328,BOTH_CORRECT,False,True,True,False
public,1753,4,Sad,0,Angry,0.7674073162395724,2,Fear,0.5218248195799373,BOTH_WRONG,False,True,True,False
public,1754,3,Happy,3,Happy,0.9515377789682319,3,Happy,0.9488950221768615,BOTH_CORRECT,False,True,True,False
public,1755,2,Fear,4,Sad,0.6189026888255408,2,Fear,0.9125054855293588,V22_CORRECT_V21_WRONG,True,True,True,False
public,1756,2,Fear,0,Angry,0.7222655035967587,2,Fear,0.5430298853782735,V22_CORRECT_V21_WRONG,True,True,True,False
public,1757,4,Sad,6,Neutral,0.8277271126551877,4,Sad,0.8469143179997238,V22_CORRECT_V21_WRONG,True,True,True,False
public,1758,2,Fear,6,Neutral,0.9234450778428592,4,Sad,0.8356792021153696,BOTH_WRONG,False,True,True,False
public,1759,2,Fear,2,Fear,0.7861611154079641,5,Surprise,0.9114350813405314,V21_CORRECT_V22_WRONG,True,True,True,False
public,1760,4,Sad,2,Fear,0.7528788132503946,4,Sad,0.6817531366792302,V22_CORRECT_V21_WRONG,True,True,True,False
public,1761,0,Angry,4,Sad,0.6490656120171505,0,Angry,0.7875271461416973,V22_CORRECT_V21_WRONG,True,True,True,False
public,1762,3,Happy,3,Happy,0.5773752382140696,4,Sad,0.9318039563701681,V21_CORRECT_V22_WRONG,True,True,True,False
public,1763,6,Neutral,4,Sad,0.8046833073732051,4,Sad,0.880010064818133,BOTH_WRONG,False,True,True,False
public,1764,4,Sad,4,Sad,0.8683744394458853,2,Fear,0.4740947217935537,V21_CORRECT_V22_WRONG,True,True,True,False
public,1765,6,Neutral,0,Angry,0.39849647832274526,0,Angry,0.5829093047936076,BOTH_WRONG,False,True,True,False
public,1766,2,Fear,6,Neutral,0.5113832910364878,6,Neutral,0.576767497055618,BOTH_WRONG,False,True,True,False
public,1767,3,Happy,5,Surprise,0.9578256492615257,5,Surprise,0.9511540357655937,BOTH_WRONG,False,True,True,False
public,1768,3,Happy,3,Happy,0.9596262183952532,3,Happy,0.9591172163468064,BOTH_CORRECT,False,True,True,False
public,1769,3,Happy,3,Happy,0.958680357415619,3,Happy,0.9573954291972394,BOTH_CORRECT,False,True,True,False
public,1770,0,Angry,2,Fear,0.9442909613602237,2,Fear,0.962281511658904,BOTH_WRONG,False,True,True,False
public,1771,2,Fear,2,Fear,0.9330570372096559,2,Fear,0.911891749283588,BOTH_CORRECT,False,True,True,False
public,1772,6,Neutral,3,Happy,0.5819350742684447,2,Fear,0.5015574454171762,BOTH_WRONG,False,True,True,False
public,1773,2,Fear,2,Fear,0.9677843381000074,2,Fear,0.9590940101543677,BOTH_CORRECT,False,True,True,False
public,1774,6,Neutral,3,Happy,0.9565549731449803,3,Happy,0.9615962627359332,BOTH_WRONG,False,True,True,False
public,1775,0,Angry,3,Happy,0.9450163802211854,3,Happy,0.7096799052287031,BOTH_WRONG,False,True,True,False
public,1776,6,Neutral,6,Neutral,0.9450042279044824,6,Neutral,0.9410438613941545,BOTH_CORRECT,False,True,True,False
public,1777,0,Angry,0,Angry,0.8630385653091853,0,Angry,0.9377329662011084,BOTH_CORRECT,False,False,False,True
public,1778,4,Sad,0,Angry,0.956770222790617,0,Angry,0.9583253856312708,BOTH_WRONG,False,True,True,False
public,1779,6,Neutral,2,Fear,0.5000617359508605,2,Fear,0.8727609766525076,BOTH_WRONG,False,True,True,False
public,1780,5,Surprise,5,Surprise,0.9583692809187024,5,Surprise,0.9553836914181599,BOTH_CORRECT,False,True,True,False
public,1781,0,Angry,6,Neutral,0.7391233096101334,6,Neutral,0.8726055838258439,BOTH_WRONG,False,True,True,False
public,1782,2,Fear,2,Fear,0.9678487731343681,2,Fear,0.958686060000245,BOTH_CORRECT,False,True,True,False
public,1783,2,Fear,0,Angry,0.4734368552402143,0,Angry,0.8849542827996798,BOTH_WRONG,False,True,True,False
public,1784,0,Angry,2,Fear,0.7227853205926947,2,Fear,0.8097256678043183,BOTH_WRONG,False,True,True,False
public,1785,3,Happy,3,Happy,0.953542204692568,3,Happy,0.9516346213621308,BOTH_CORRECT,False,True,True,False
public,1786,5,Surprise,5,Surprise,0.9189564799691942,5,Surprise,0.9533459087730252,BOTH_CORRECT,False,True,True,False
public,1787,3,Happy,3,Happy,0.9603846353914237,3,Happy,0.9601951497957323,BOTH_CORRECT,False,True,True,False
public,1788,0,Angry,0,Angry,0.8440593726629292,0,Angry,0.953722065454442,BOTH_CORRECT,False,True,False,False
public,1789,3,Happy,3,Happy,0.9519401075195028,3,Happy,0.9550541515685929,BOTH_CORRECT,False,True,True,False
public,1790,1,Disgust,1,Disgust,0.9058791351034169,1,Disgust,0.9681470164703538,BOTH_CORRECT,False,True,True,False
public,1791,3,Happy,3,Happy,0.9373888089957877,3,Happy,0.9484605056657226,BOTH_CORRECT,False,True,True,False
public,1792,2,Fear,2,Fear,0.9433503289731521,2,Fear,0.7578527198319884,BOTH_CORRECT,False,True,True,False
public,1793,5,Surprise,5,Surprise,0.9543368033162127,5,Surprise,0.961973799353072,BOTH_CORRECT,False,True,True,False
public,1794,0,Angry,4,Sad,0.662716961745599,0,Angry,0.5573016976197047,V22_CORRECT_V21_WRONG,True,True,True,False
public,1795,4,Sad,4,Sad,0.42558987315526725,0,Angry,0.8662545696805469,V21_CORRECT_V22_WRONG,True,True,True,False
public,1796,4,Sad,6,Neutral,0.9487268417355683,6,Neutral,0.8984449164271221,BOTH_WRONG,False,True,True,False
public,1797,0,Angry,0,Angry,0.9524761928936543,0,Angry,0.9600136020831039,BOTH_CORRECT,False,False,False,True
public,1798,5,Surprise,5,Surprise,0.9554641964914595,5,Surprise,0.9558041183650167,BOTH_CORRECT,False,True,True,False
public,1799,0,Angry,0,Angry,0.9620998281221358,0,Angry,0.939379337263725,BOTH_CORRECT,False,True,True,False
public,1800,0,Angry,3,Happy,0.738343808492716,0,Angry,0.9240077003541101,V22_CORRECT_V21_WRONG,True,True,True,False
public,1801,6,Neutral,6,Neutral,0.9152585471088429,6,Neutral,0.5440870046016113,BOTH_CORRECT,False,True,True,False
public,1802,4,Sad,4,Sad,0.5685525160687526,4,Sad,0.3540730008962102,BOTH_CORRECT,False,True,True,False
public,1803,6,Neutral,3,Happy,0.9560599458358271,3,Happy,0.9401444840333039,BOTH_WRONG,False,True,True,False
public,1804,5,Surprise,5,Surprise,0.9569748281410694,5,Surprise,0.9537926019923655,BOTH_CORRECT,False,True,True,False
public,1805,0,Angry,2,Fear,0.7768508233336882,4,Sad,0.9533365509406734,BOTH_WRONG,False,True,True,False
public,1806,6,Neutral,6,Neutral,0.8975651780497541,3,Happy,0.6094757008728516,V21_CORRECT_V22_WRONG,True,True,True,False
public,1807,3,Happy,6,Neutral,0.7570867401782715,6,Neutral,0.7971050807859033,BOTH_WRONG,False,True,True,False
public,1808,3,Happy,3,Happy,0.9542224669880865,3,Happy,0.9522290877049109,BOTH_CORRECT,False,True,True,False
public,1809,5,Surprise,5,Surprise,0.9515136562723118,5,Surprise,0.9578064355761057,BOTH_CORRECT,False,False,False,True
public,1810,4,Sad,4,Sad,0.7168359374453863,2,Fear,0.9241079993116824,V21_CORRECT_V22_WRONG,True,True,True,False
public,1811,5,Surprise,2,Fear,0.8263544601803383,2,Fear,0.9503566371754838,BOTH_WRONG,False,True,True,False
public,1812,3,Happy,3,Happy,0.9540471544083003,3,Happy,0.9553605590861777,BOTH_CORRECT,False,True,True,False
public,1813,6,Neutral,6,Neutral,0.7518913503023392,0,Angry,0.5642738849368129,V21_CORRECT_V22_WRONG,True,True,True,False
public,1814,4,Sad,1,Disgust,0.9672900349604192,4,Sad,0.7776625921048792,V22_CORRECT_V21_WRONG,True,True,True,False
public,1815,2,Fear,2,Fear,0.9555074327041858,2,Fear,0.9680116639146478,BOTH_CORRECT,False,False,False,True
public,1816,4,Sad,6,Neutral,0.8310181325193432,0,Angry,0.4970913860125683,BOTH_WRONG,False,True,True,False
public,1817,0,Angry,0,Angry,0.8705184473036739,0,Angry,0.933557917073917,BOTH_CORRECT,False,True,True,False
public,1818,6,Neutral,6,Neutral,0.9416357542395017,6,Neutral,0.9476602860241362,BOTH_CORRECT,False,True,True,False
public,1819,6,Neutral,2,Fear,0.944191341919437,5,Surprise,0.7253470957824482,BOTH_WRONG,False,True,True,False
public,1820,4,Sad,6,Neutral,0.9136945278722509,4,Sad,0.9424965627122598,V22_CORRECT_V21_WRONG,True,True,True,False
public,1821,6,Neutral,4,Sad,0.9506224174207212,4,Sad,0.9455271077484804,BOTH_WRONG,False,True,True,False
public,1822,3,Happy,3,Happy,0.9586307288221764,3,Happy,0.9574078841589453,BOTH_CORRECT,False,True,True,False
public,1823,2,Fear,0,Angry,0.6797777003097972,1,Disgust,0.3546858375314928,BOTH_WRONG,False,True,True,False
public,1824,3,Happy,3,Happy,0.9596366272278474,0,Angry,0.8422071815376327,V21_CORRECT_V22_WRONG,True,True,True,False
public,1825,6,Neutral,4,Sad,0.4852275148077683,6,Neutral,0.9504716528553668,V22_CORRECT_V21_WRONG,True,True,True,False
public,1826,0,Angry,0,Angry,0.8281788237651568,0,Angry,0.8977400438246912,BOTH_CORRECT,False,True,True,False
public,1827,3,Happy,3,Happy,0.3365934941900646,6,Neutral,0.7064818496380878,V21_CORRECT_V22_WRONG,True,True,False,False
public,1828,5,Surprise,5,Surprise,0.9568604019733897,5,Surprise,0.9567856831717232,BOTH_CORRECT,False,True,True,False
public,1829,2,Fear,6,Neutral,0.6727127988537415,0,Angry,0.8719798939795123,BOTH_WRONG,False,True,True,False
public,1830,6,Neutral,6,Neutral,0.9461078868569348,6,Neutral,0.939667576140847,BOTH_CORRECT,False,True,True,False
public,1831,4,Sad,4,Sad,0.9326066084336551,4,Sad,0.8537061994654883,BOTH_CORRECT,False,True,True,False
public,1832,4,Sad,6,Neutral,0.7239046803231699,6,Neutral,0.9502511471690582,BOTH_WRONG,False,True,True,False
public,1833,3,Happy,0,Angry,0.3954209778951192,3,Happy,0.8828928257853595,V22_CORRECT_V21_WRONG,True,True,True,False
public,1834,6,Neutral,6,Neutral,0.8902591690539878,6,Neutral,0.833314655990303,BOTH_CORRECT,False,True,True,False
public,1835,0,Angry,4,Sad,0.9510842227963837,4,Sad,0.9627021174685317,BOTH_WRONG,False,True,False,False
public,1836,0,Angry,0,Angry,0.8710494586034012,0,Angry,0.9143821593761629,BOTH_CORRECT,False,True,True,False
public,1837,6,Neutral,4,Sad,0.5155820005675869,6,Neutral,0.6870892002286152,V22_CORRECT_V21_WRONG,True,True,True,False
public,1838,6,Neutral,6,Neutral,0.9351563549879421,6,Neutral,0.9588896757481581,BOTH_CORRECT,False,False,False,True
public,1839,0,Angry,0,Angry,0.924080962999971,0,Angry,0.7995646439487287,BOTH_CORRECT,False,False,False,True
public,1840,2,Fear,6,Neutral,0.8711166219381895,3,Happy,0.5407229205677143,BOTH_WRONG,False,True,True,False
public,1841,1,Disgust,1,Disgust,0.9588692007748146,1,Disgust,0.9715947405926391,BOTH_CORRECT,False,False,False,True
public,1842,6,Neutral,6,Neutral,0.9334109028115268,6,Neutral,0.8604288797301303,BOTH_CORRECT,False,True,True,False
public,1843,4,Sad,2,Fear,0.8351424903266574,2,Fear,0.9156988417809843,BOTH_WRONG,False,True,True,False
public,1844,6,Neutral,4,Sad,0.9266124867582748,6,Neutral,0.4771035805136555,V22_CORRECT_V21_WRONG,True,True,True,False
public,1845,3,Happy,3,Happy,0.954610341476158,6,Neutral,0.5709357598859043,V21_CORRECT_V22_WRONG,True,True,True,False
public,1846,2,Fear,4,Sad,0.3469189472970959,4,Sad,0.7310896450420388,BOTH_WRONG,False,True,True,False
public,1847,2,Fear,2,Fear,0.862277092565577,2,Fear,0.5194373526809352,BOTH_CORRECT,False,True,True,False
public,1848,4,Sad,4,Sad,0.39944055590086425,2,Fear,0.8900900734822333,V21_CORRECT_V22_WRONG,True,True,True,False
public,1849,2,Fear,4,Sad,0.8262804290041807,4,Sad,0.9130609495281613,BOTH_WRONG,False,True,True,False
public,1850,6,Neutral,3,Happy,0.925911754091665,3,Happy,0.9429055659360751,BOTH_WRONG,False,True,True,False
public,1851,3,Happy,3,Happy,0.9539548662221283,3,Happy,0.9504728417231619,BOTH_CORRECT,False,True,True,False
public,1852,6,Neutral,6,Neutral,0.9132482585834683,6,Neutral,0.92663999962736,BOTH_CORRECT,False,False,False,True
public,1853,2,Fear,2,Fear,0.848390361979327,4,Sad,0.9550001503369263,V21_CORRECT_V22_WRONG,True,True,True,False
public,1854,0,Angry,6,Neutral,0.8360299685343743,0,Angry,0.9253402959388192,V22_CORRECT_V21_WRONG,True,True,True,False
public,1855,2,Fear,2,Fear,0.9163494332424644,2,Fear,0.9591132572285022,BOTH_CORRECT,False,True,True,False
public,1856,4,Sad,2,Fear,0.9644112691248741,4,Sad,0.9213686619083115,V22_CORRECT_V21_WRONG,True,True,True,False
public,1857,6,Neutral,3,Happy,0.5683827735861394,6,Neutral,0.7212926865080447,V22_CORRECT_V21_WRONG,True,True,True,False
public,1858,5,Surprise,5,Surprise,0.9212979212510811,5,Surprise,0.9408971209454922,BOTH_CORRECT,False,False,False,True
public,1859,5,Surprise,5,Surprise,0.9217847667286234,5,Surprise,0.9438709361274947,BOTH_CORRECT,False,True,True,False
public,1860,3,Happy,3,Happy,0.9248846395439548,3,Happy,0.9558755513266438,BOTH_CORRECT,False,True,True,False
public,1861,2,Fear,4,Sad,0.9232530572533998,6,Neutral,0.5277711514518888,BOTH_WRONG,False,True,True,False
public,1862,3,Happy,3,Happy,0.9541432312756742,3,Happy,0.9535448276251781,BOTH_CORRECT,False,True,True,False
public,1863,3,Happy,6,Neutral,0.9470421135139035,6,Neutral,0.9441367646682369,BOTH_WRONG,False,True,True,False
public,1864,5,Surprise,5,Surprise,0.9532477973990366,5,Surprise,0.9541881221915419,BOTH_CORRECT,False,True,True,False
public,1865,5,Surprise,5,Surprise,0.8494486723957195,5,Surprise,0.9273054339686301,BOTH_CORRECT,False,True,True,False
public,1866,4,Sad,4,Sad,0.9088874409040859,4,Sad,0.8239513136396935,BOTH_CORRECT,False,True,True,False
public,1867,4,Sad,4,Sad,0.8612428315872814,4,Sad,0.9496215915794158,BOTH_CORRECT,False,True,True,False
public,1868,3,Happy,3,Happy,0.9543056343513243,3,Happy,0.9576399300531968,BOTH_CORRECT,False,True,True,False
public,1869,2,Fear,2,Fear,0.8942566948436682,2,Fear,0.9631582257246282,BOTH_CORRECT,False,False,False,True
public,1870,2,Fear,2,Fear,0.9628285088131637,2,Fear,0.9586039491327291,BOTH_CORRECT,False,False,False,True
public,1871,3,Happy,2,Fear,0.9357546549144817,2,Fear,0.936428724039854,BOTH_WRONG,False,True,True,False
public,1872,6,Neutral,6,Neutral,0.9192228559263069,6,Neutral,0.7520406679440256,BOTH_CORRECT,False,True,True,False
public,1873,3,Happy,3,Happy,0.960944789139514,3,Happy,0.94955078024761,BOTH_CORRECT,False,True,True,False
public,1874,6,Neutral,4,Sad,0.6837524485695318,4,Sad,0.3342427829538076,BOTH_WRONG,False,True,True,False
public,1875,0,Angry,0,Angry,0.8060569910605089,3,Happy,0.7898877758575062,V21_CORRECT_V22_WRONG,True,True,True,False
public,1876,3,Happy,3,Happy,0.9661696110214935,3,Happy,0.9592052169502533,BOTH_CORRECT,False,True,True,False
public,1877,5,Surprise,5,Surprise,0.9522681670729961,5,Surprise,0.9533904999446305,BOTH_CORRECT,False,True,True,False
public,1878,3,Happy,3,Happy,0.951312082857916,3,Happy,0.9483594858357695,BOTH_CORRECT,False,False,False,True
public,1879,4,Sad,4,Sad,0.9598776544370292,4,Sad,0.952827969335334,BOTH_CORRECT,False,False,False,True
public,1880,0,Angry,0,Angry,0.952615196543537,0,Angry,0.9228240386150844,BOTH_CORRECT,False,True,True,False
public,1881,5,Surprise,5,Surprise,0.9557809748727838,5,Surprise,0.9601763637980328,BOTH_CORRECT,False,True,True,False
public,1882,5,Surprise,3,Happy,0.8155282485562917,5,Surprise,0.5677237589210123,V22_CORRECT_V21_WRONG,True,True,True,False
public,1883,0,Angry,3,Happy,0.8747778204288237,3,Happy,0.957875937676816,BOTH_WRONG,False,True,True,False
public,1884,0,Angry,6,Neutral,0.9352792091587803,2,Fear,0.4966758148139845,BOTH_WRONG,False,True,True,False
public,1885,2,Fear,2,Fear,0.9103958454344994,2,Fear,0.9510272515740218,BOTH_CORRECT,False,True,True,False
public,1886,4,Sad,4,Sad,0.9207448911413679,4,Sad,0.9580890463925005,BOTH_CORRECT,False,True,True,False
public,1887,5,Surprise,5,Surprise,0.9587867826291746,5,Surprise,0.9606265463510402,BOTH_CORRECT,False,False,False,True
public,1888,5,Surprise,5,Surprise,0.949077476370835,5,Surprise,0.9420371414810619,BOTH_CORRECT,False,True,True,False
public,1889,5,Surprise,5,Surprise,0.9474823561343211,5,Surprise,0.9428109628634451,BOTH_CORRECT,False,True,True,False
public,1890,0,Angry,5,Surprise,0.9026596020654326,5,Surprise,0.8240996344572583,BOTH_WRONG,False,True,True,False
public,1891,6,Neutral,6,Neutral,0.5355257167341985,6,Neutral,0.3713642316263683,BOTH_CORRECT,False,True,True,False
public,1892,1,Disgust,0,Angry,0.9518181670463429,1,Disgust,0.9629442181359003,V22_CORRECT_V21_WRONG,True,True,True,False
public,1893,4,Sad,1,Disgust,0.9659069886645152,4,Sad,0.935827702879224,V22_CORRECT_V21_WRONG,True,True,True,False
public,1894,3,Happy,3,Happy,0.632885434901035,3,Happy,0.6704499113886596,BOTH_CORRECT,False,True,True,False
public,1895,3,Happy,3,Happy,0.9281709981317847,3,Happy,0.5758196983736769,BOTH_CORRECT,False,True,True,False
public,1896,0,Angry,0,Angry,0.962547232182791,0,Angry,0.9603852133285952,BOTH_CORRECT,False,True,True,False
public,1897,2,Fear,2,Fear,0.9595931319180715,2,Fear,0.9545371018783021,BOTH_CORRECT,False,True,True,False
public,1898,4,Sad,6,Neutral,0.5167512845092329,4,Sad,0.578770801356249,V22_CORRECT_V21_WRONG,True,True,True,False
public,1899,3,Happy,3,Happy,0.9493466524630548,3,Happy,0.9482841944315606,BOTH_CORRECT,False,True,True,False
public,1900,0,Angry,6,Neutral,0.8598725831587636,2,Fear,0.8770907000901442,BOTH_WRONG,False,True,True,False
public,1901,3,Happy,6,Neutral,0.45423954812434314,3,Happy,0.7493690399777907,V22_CORRECT_V21_WRONG,True,True,True,False
public,1902,4,Sad,4,Sad,0.9445524562944908,4,Sad,0.8896300226489271,BOTH_CORRECT,False,True,False,False
public,1903,5,Surprise,5,Surprise,0.9269896186557428,5,Surprise,0.9265260240220654,BOTH_CORRECT,False,True,True,False
public,1904,6,Neutral,4,Sad,0.8457722570730232,4,Sad,0.8507124188232912,BOTH_WRONG,False,True,True,False
public,1905,6,Neutral,6,Neutral,0.9507266111938104,6,Neutral,0.950674515311704,BOTH_CORRECT,False,True,True,False
public,1906,6,Neutral,6,Neutral,0.8746305787573498,6,Neutral,0.9303595095199902,BOTH_CORRECT,False,True,True,False
public,1907,6,Neutral,6,Neutral,0.9514629456517741,6,Neutral,0.9547774334638442,BOTH_CORRECT,False,True,True,False
public,1908,4,Sad,3,Happy,0.5822874463800705,2,Fear,0.9184621682855911,BOTH_WRONG,False,True,True,False
public,1909,6,Neutral,6,Neutral,0.8200425346477619,2,Fear,0.5046018858917062,V21_CORRECT_V22_WRONG,True,True,True,False
public,1910,0,Angry,0,Angry,0.8998164520484091,0,Angry,0.9551759846239376,BOTH_CORRECT,False,True,True,False
public,1911,5,Surprise,5,Surprise,0.9306422258058061,2,Fear,0.5535522550996229,V21_CORRECT_V22_WRONG,True,True,True,False
public,1912,2,Fear,4,Sad,0.9131704863000175,4,Sad,0.9353360414499278,BOTH_WRONG,False,True,True,False
public,1913,6,Neutral,4,Sad,0.7604570031719741,4,Sad,0.5347273431106064,BOTH_WRONG,False,True,True,False
public,1914,5,Surprise,2,Fear,0.8517724540513024,2,Fear,0.9524271846839217,BOTH_WRONG,False,True,True,False
public,1915,6,Neutral,6,Neutral,0.9488702004015086,6,Neutral,0.947445106531018,BOTH_CORRECT,False,True,True,False
public,1916,5,Surprise,5,Surprise,0.9541522107825361,5,Surprise,0.9567070801326197,BOTH_CORRECT,False,False,False,True
public,1917,3,Happy,6,Neutral,0.9074637834979613,6,Neutral,0.4737279020258246,BOTH_WRONG,False,True,True,False
public,1918,0,Angry,2,Fear,0.6305083199060829,2,Fear,0.9322369134269407,BOTH_WRONG,False,True,True,False
public,1919,5,Surprise,5,Surprise,0.9523665864545984,5,Surprise,0.9540874657105655,BOTH_CORRECT,False,True,True,False
public,1920,2,Fear,2,Fear,0.6442537165262079,2,Fear,0.8001449851539268,BOTH_CORRECT,False,True,True,False
public,1921,5,Surprise,5,Surprise,0.9580034629543097,5,Surprise,0.9583552586750208,BOTH_CORRECT,False,False,False,True
public,1922,0,Angry,4,Sad,0.9601194850717676,4,Sad,0.9558945270130155,BOTH_WRONG,False,True,True,False
public,1923,4,Sad,2,Fear,0.3643119582030607,2,Fear,0.9202713519778039,BOTH_WRONG,False,True,True,False
public,1924,4,Sad,4,Sad,0.9533373285669062,4,Sad,0.9610174650225856,BOTH_CORRECT,False,True,True,False
public,1925,4,Sad,5,Surprise,0.3497704120822506,6,Neutral,0.6898969566354112,BOTH_WRONG,False,True,True,False
public,1926,3,Happy,3,Happy,0.9577656271003067,3,Happy,0.9575178426984691,BOTH_CORRECT,False,True,True,False
public,1927,3,Happy,3,Happy,0.957054396204185,3,Happy,0.9568299094737471,BOTH_CORRECT,False,True,True,False
public,1928,3,Happy,0,Angry,0.6958665580436783,3,Happy,0.963797271159109,V22_CORRECT_V21_WRONG,True,True,True,False
public,1929,2,Fear,6,Neutral,0.5328015654575863,6,Neutral,0.7445103926345578,BOTH_WRONG,False,True,True,False
public,1930,1,Disgust,1,Disgust,0.789026320914556,0,Angry,0.871964769081252,V21_CORRECT_V22_WRONG,True,True,False,False
public,1931,5,Surprise,5,Surprise,0.9517022511794719,5,Surprise,0.9504142471129763,BOTH_CORRECT,False,True,True,False
public,1932,2,Fear,2,Fear,0.9434453801754731,2,Fear,0.9547553201628167,BOTH_CORRECT,False,False,False,True
public,1933,6,Neutral,4,Sad,0.775408488724875,4,Sad,0.49306482565838294,BOTH_WRONG,False,True,True,False
public,1934,6,Neutral,6,Neutral,0.8402343032323653,6,Neutral,0.9362906842493379,BOTH_CORRECT,False,True,True,False
public,1935,5,Surprise,5,Surprise,0.8874666523564348,5,Surprise,0.960464229846361,BOTH_CORRECT,False,True,True,False
public,1936,4,Sad,4,Sad,0.5099338932023753,6,Neutral,0.946347734771755,V21_CORRECT_V22_WRONG,True,True,False,False
public,1937,3,Happy,3,Happy,0.9011637412456158,3,Happy,0.949760960644376,BOTH_CORRECT,False,True,True,False
public,1938,6,Neutral,6,Neutral,0.9393651072076178,6,Neutral,0.9211159769455628,BOTH_CORRECT,False,True,True,False
public,1939,5,Surprise,2,Fear,0.5100377271589609,5,Surprise,0.9570977281324784,V22_CORRECT_V21_WRONG,True,True,True,False
public,1940,0,Angry,6,Neutral,0.9314579954005071,3,Happy,0.6248626052123853,BOTH_WRONG,False,True,True,False
public,1941,4,Sad,3,Happy,0.42520347683679655,4,Sad,0.9576052859447401,V22_CORRECT_V21_WRONG,True,True,True,False
public,1942,3,Happy,3,Happy,0.94680082228361,3,Happy,0.9407905263610157,BOTH_CORRECT,False,True,True,False
public,1943,3,Happy,3,Happy,0.9300795105536799,3,Happy,0.9447983054096561,BOTH_CORRECT,False,False,False,True
public,1944,4,Sad,4,Sad,0.695494853878679,4,Sad,0.9488189821522708,BOTH_CORRECT,False,True,True,False
public,1945,4,Sad,1,Disgust,0.8067177843839864,0,Angry,0.882910182076942,BOTH_WRONG,False,True,True,False
public,1946,4,Sad,0,Angry,0.7122679750926315,4,Sad,0.5679262089696469,V22_CORRECT_V21_WRONG,True,True,True,False
public,1947,4,Sad,4,Sad,0.7133590086975873,2,Fear,0.9683035787299122,V21_CORRECT_V22_WRONG,True,True,True,False
public,1948,2,Fear,4,Sad,0.6391822542168389,2,Fear,0.42248278343157275,V22_CORRECT_V21_WRONG,True,True,True,False
public,1949,5,Surprise,5,Surprise,0.9585677822820186,5,Surprise,0.9636098167472793,BOTH_CORRECT,False,True,True,False
public,1950,4,Sad,4,Sad,0.6636077584077891,3,Happy,0.9201825300499921,V21_CORRECT_V22_WRONG,True,True,True,False
public,1951,2,Fear,4,Sad,0.5445775608873661,6,Neutral,0.9480618178068185,BOTH_WRONG,False,True,True,False
public,1952,3,Happy,6,Neutral,0.6431604877618937,6,Neutral,0.95441166720608,BOTH_WRONG,False,True,True,False
public,1953,6,Neutral,6,Neutral,0.9615591786809919,6,Neutral,0.9601754776772062,BOTH_CORRECT,False,True,True,False
public,1954,3,Happy,3,Happy,0.9496281879787143,3,Happy,0.93954227816941,BOTH_CORRECT,False,True,True,False
public,1955,3,Happy,0,Angry,0.5648852098166464,4,Sad,0.741931967211538,BOTH_WRONG,False,True,True,False
public,1956,4,Sad,0,Angry,0.5022060087770768,4,Sad,0.9243063735810996,V22_CORRECT_V21_WRONG,True,True,True,False
public,1957,6,Neutral,6,Neutral,0.929202537950506,6,Neutral,0.9385838301531861,BOTH_CORRECT,False,True,True,False
public,1958,3,Happy,3,Happy,0.9512357566019202,3,Happy,0.9572346807984551,BOTH_CORRECT,False,True,True,False
public,1959,3,Happy,3,Happy,0.9534097747345398,3,Happy,0.9523526009278827,BOTH_CORRECT,False,True,True,False
public,1960,5,Surprise,5,Surprise,0.9563547279814009,5,Surprise,0.9448978156823417,BOTH_CORRECT,False,True,True,False
public,1961,3,Happy,6,Neutral,0.7696782345792909,3,Happy,0.6731349616000749,V22_CORRECT_V21_WRONG,True,True,True,False
public,1962,4,Sad,2,Fear,0.5060180251337728,4,Sad,0.9152688814569502,V22_CORRECT_V21_WRONG,True,True,True,False
public,1963,3,Happy,3,Happy,0.9179382591488517,3,Happy,0.45210103794903617,BOTH_CORRECT,False,True,True,False
public,1964,0,Angry,1,Disgust,0.5017342114835232,4,Sad,0.9277375304678921,BOTH_WRONG,False,True,True,False
public,1965,4,Sad,4,Sad,0.5464220938421273,4,Sad,0.6717619791466829,BOTH_CORRECT,False,True,True,False
public,1966,3,Happy,3,Happy,0.9551227667224124,3,Happy,0.9533366277627593,BOTH_CORRECT,False,True,True,False
public,1967,3,Happy,3,Happy,0.8753289121255634,6,Neutral,0.7407035391279123,V21_CORRECT_V22_WRONG,True,True,True,False
public,1968,6,Neutral,6,Neutral,0.8071518665976674,3,Happy,0.8045581739166318,V21_CORRECT_V22_WRONG,True,True,True,False
public,1969,3,Happy,3,Happy,0.5337357560363303,3,Happy,0.9510665033682496,BOTH_CORRECT,False,True,True,False
public,1970,3,Happy,3,Happy,0.9593476373210152,3,Happy,0.9563348980215101,BOTH_CORRECT,False,True,True,False
public,1971,2,Fear,4,Sad,0.9609395025293416,4,Sad,0.9447693453123122,BOTH_WRONG,False,True,True,False
public,1972,5,Surprise,5,Surprise,0.9561906518669314,5,Surprise,0.9595903499118886,BOTH_CORRECT,False,False,False,True
public,1973,3,Happy,3,Happy,0.9632990171088804,3,Happy,0.959172564434327,BOTH_CORRECT,False,True,True,False
public,1974,3,Happy,3,Happy,0.9394429356000198,3,Happy,0.91919428282569,BOTH_CORRECT,False,True,True,False
public,1975,6,Neutral,6,Neutral,0.951227547666808,6,Neutral,0.8931336717331319,BOTH_CORRECT,False,True,True,False
public,1976,0,Angry,4,Sad,0.9399038629691719,4,Sad,0.9514632530117813,BOTH_WRONG,False,True,True,False
public,1977,6,Neutral,4,Sad,0.5142156426914041,6,Neutral,0.7148736151490448,V22_CORRECT_V21_WRONG,True,True,True,False
public,1978,2,Fear,0,Angry,0.6325297470557991,0,Angry,0.7193573673576132,BOTH_WRONG,False,True,True,False
public,1979,3,Happy,3,Happy,0.9472813479703012,3,Happy,0.9534176056142559,BOTH_CORRECT,False,True,True,False
public,1980,3,Happy,6,Neutral,0.9530421885507425,6,Neutral,0.9494518453621229,BOTH_WRONG,False,True,True,False
public,1981,0,Angry,5,Surprise,0.9322430693883743,2,Fear,0.8801580857870939,BOTH_WRONG,False,True,True,False
public,1982,4,Sad,2,Fear,0.49797772141825514,2,Fear,0.9641613886678141,BOTH_WRONG,False,True,True,False
public,1983,6,Neutral,6,Neutral,0.928227635351762,0,Angry,0.5499990693752712,V21_CORRECT_V22_WRONG,True,True,True,False
public,1984,3,Happy,3,Happy,0.9503210630498392,3,Happy,0.9497504687096242,BOTH_CORRECT,False,True,True,False
public,1985,0,Angry,6,Neutral,0.8348031835036344,6,Neutral,0.5086647303748925,BOTH_WRONG,False,True,True,False
public,1986,2,Fear,4,Sad,0.9192853258960788,4,Sad,0.7233929967075448,BOTH_WRONG,False,True,True,False
public,1987,0,Angry,0,Angry,0.9589627372271987,0,Angry,0.9635328809379924,BOTH_CORRECT,False,True,True,False
public,1988,3,Happy,3,Happy,0.9516400593812149,3,Happy,0.948300520687506,BOTH_CORRECT,False,True,True,False
public,1989,3,Happy,4,Sad,0.6217989380402662,0,Angry,0.5371450649527486,BOTH_WRONG,False,True,True,False
public,1990,2,Fear,6,Neutral,0.6312722126003436,6,Neutral,0.690591410171307,BOTH_WRONG,False,True,True,False
public,1991,3,Happy,3,Happy,0.8208012531017148,5,Surprise,0.7224557175419553,V21_CORRECT_V22_WRONG,True,True,True,False
public,1992,4,Sad,6,Neutral,0.9158866640778611,4,Sad,0.836180126154333,V22_CORRECT_V21_WRONG,True,True,True,False
public,1993,4,Sad,4,Sad,0.6714402377467851,4,Sad,0.6687996195700525,BOTH_CORRECT,False,True,True,False
public,1994,6,Neutral,6,Neutral,0.9173372736105341,6,Neutral,0.9549588040650935,BOTH_CORRECT,False,True,True,False
public,1995,3,Happy,3,Happy,0.9531156872286847,3,Happy,0.9324523669427683,BOTH_CORRECT,False,True,True,False
public,1996,4,Sad,6,Neutral,0.9430265383354224,6,Neutral,0.9557285600994481,BOTH_WRONG,False,True,True,False
public,1997,2,Fear,4,Sad,0.8972853113813279,6,Neutral,0.7625518187516164,BOTH_WRONG,False,True,True,False
public,1998,6,Neutral,6,Neutral,0.948059348543472,6,Neutral,0.9490484018389457,BOTH_CORRECT,False,True,True,False
public,1999,6,Neutral,6,Neutral,0.9008905173773151,6,Neutral,0.5807605996313595,BOTH_CORRECT,False,True,True,False
public,2000,0,Angry,0,Angry,0.9626820539503851,0,Angry,0.9613372906324505,BOTH_CORRECT,False,True,True,False
public,2001,3,Happy,3,Happy,0.9555421624265082,3,Happy,0.9585289156806608,BOTH_CORRECT,False,True,True,False
public,2002,4,Sad,2,Fear,0.45355931913173825,2,Fear,0.7729011882873257,BOTH_WRONG,False,True,True,False
public,2003,4,Sad,4,Sad,0.9631615847497442,4,Sad,0.9542491663315779,BOTH_CORRECT,False,True,True,False
public,2004,6,Neutral,0,Angry,0.46072492664349285,0,Angry,0.8134942145214339,BOTH_WRONG,False,True,True,False
public,2005,5,Surprise,5,Surprise,0.9571250094517915,5,Surprise,0.9550164826659002,BOTH_CORRECT,False,True,True,False
public,2006,4,Sad,4,Sad,0.7818215979686869,6,Neutral,0.4395704691836275,V21_CORRECT_V22_WRONG,True,True,True,False
public,2007,2,Fear,2,Fear,0.8978822387874464,2,Fear,0.9272223673944915,BOTH_CORRECT,False,True,True,False
public,2008,6,Neutral,6,Neutral,0.9732292863067976,6,Neutral,0.9479093588245152,BOTH_CORRECT,False,True,True,False
public,2009,6,Neutral,6,Neutral,0.9243256223238481,2,Fear,0.8863360853473442,V21_CORRECT_V22_WRONG,True,True,True,False
public,2010,1,Disgust,1,Disgust,0.9726406671770111,1,Disgust,0.9718496716783863,BOTH_CORRECT,False,False,False,True
public,2011,3,Happy,3,Happy,0.9407987017245668,3,Happy,0.9470329317536283,BOTH_CORRECT,False,True,True,False
public,2012,2,Fear,2,Fear,0.9334485108940783,2,Fear,0.9508571483535364,BOTH_CORRECT,False,True,True,False
public,2013,6,Neutral,4,Sad,0.8625815142790452,6,Neutral,0.5140049350476076,V22_CORRECT_V21_WRONG,True,True,True,False
public,2014,2,Fear,2,Fear,0.9633997300985128,2,Fear,0.9614094946455489,BOTH_CORRECT,False,True,True,False
public,2015,3,Happy,6,Neutral,0.6715728041957534,6,Neutral,0.831498607464276,BOTH_WRONG,False,True,True,False
public,2016,5,Surprise,5,Surprise,0.9578327981277337,5,Surprise,0.9568789076417846,BOTH_CORRECT,False,False,False,True
public,2017,5,Surprise,5,Surprise,0.9560542219928083,5,Surprise,0.9561430226509164,BOTH_CORRECT,False,True,True,False
public,2018,2,Fear,4,Sad,0.938911886187823,4,Sad,0.8577930275900058,BOTH_WRONG,False,True,True,False
public,2019,3,Happy,4,Sad,0.9147876011141702,4,Sad,0.7346757084427578,BOTH_WRONG,False,True,True,False
public,2020,2,Fear,2,Fear,0.7730085841388922,2,Fear,0.9190526790977296,BOTH_CORRECT,False,True,True,False
public,2021,3,Happy,3,Happy,0.6451656748913596,3,Happy,0.9226042492266382,BOTH_CORRECT,False,True,True,False
public,2022,4,Sad,2,Fear,0.9595339889713935,4,Sad,0.9541484038631938,V22_CORRECT_V21_WRONG,True,True,True,False
public,2023,2,Fear,2,Fear,0.9569368272647917,2,Fear,0.6616117329875562,BOTH_CORRECT,False,False,False,True
public,2024,2,Fear,2,Fear,0.8262951986158485,2,Fear,0.9338930715152659,BOTH_CORRECT,False,True,True,False
public,2025,3,Happy,3,Happy,0.9294949402775815,3,Happy,0.9479069177221803,BOTH_CORRECT,False,True,True,False
public,2026,2,Fear,0,Angry,0.9653837103874383,0,Angry,0.9669810772350727,BOTH_WRONG,False,True,True,False
public,2027,6,Neutral,6,Neutral,0.7391331477992793,0,Angry,0.9584327198165499,V21_CORRECT_V22_WRONG,True,True,True,False
public,2028,3,Happy,3,Happy,0.953687279367911,3,Happy,0.9563966907035306,BOTH_CORRECT,False,False,False,True
public,2029,3,Happy,3,Happy,0.648437402433707,3,Happy,0.7932674613441079,BOTH_CORRECT,False,True,True,False
public,2030,5,Surprise,2,Fear,0.5102390112456833,0,Angry,0.9595910322411207,BOTH_WRONG,False,True,True,False
public,2031,4,Sad,5,Surprise,0.9207908399409734,5,Surprise,0.9624868255972119,BOTH_WRONG,False,True,True,False
public,2032,3,Happy,2,Fear,0.4326390641218382,0,Angry,0.8704866239659966,BOTH_WRONG,False,True,True,False
public,2033,0,Angry,0,Angry,0.8526433545119814,0,Angry,0.9426231453565342,BOTH_CORRECT,False,True,True,False
public,2034,4,Sad,2,Fear,0.8717819986837299,2,Fear,0.9588438894116694,BOTH_WRONG,False,True,True,False
public,2035,2,Fear,6,Neutral,0.5867305871247007,4,Sad,0.4613376767407726,BOTH_WRONG,False,True,True,False
public,2036,0,Angry,3,Happy,0.6948394418748298,3,Happy,0.5740406374465931,BOTH_WRONG,False,True,True,False
public,2037,0,Angry,0,Angry,0.9088884636765218,0,Angry,0.952661079552234,BOTH_CORRECT,False,True,True,False
public,2038,2,Fear,2,Fear,0.9632235715087942,2,Fear,0.961330447709899,BOTH_CORRECT,False,False,False,True
public,2039,2,Fear,2,Fear,0.8699985552028326,2,Fear,0.9611996085201542,BOTH_CORRECT,False,False,False,True
public,2040,3,Happy,3,Happy,0.9334395765285797,3,Happy,0.9504798218880588,BOTH_CORRECT,False,True,True,False
public,2041,4,Sad,4,Sad,0.47611432214228155,0,Angry,0.5515368353502866,V21_CORRECT_V22_WRONG,True,False,False,True
public,2042,5,Surprise,5,Surprise,0.9301714977595784,5,Surprise,0.9545733132284059,BOTH_CORRECT,False,False,False,True
public,2043,4,Sad,4,Sad,0.7205884429046995,4,Sad,0.9297524772374944,BOTH_CORRECT,False,False,False,True
public,2044,2,Fear,2,Fear,0.9582233525330917,2,Fear,0.896043204936175,BOTH_CORRECT,False,False,False,True
public,2045,2,Fear,2,Fear,0.3958113030443848,6,Neutral,0.7216446055965542,V21_CORRECT_V22_WRONG,True,True,True,False
public,2046,3,Happy,3,Happy,0.954167732683229,3,Happy,0.9522864077368626,BOTH_CORRECT,False,True,True,False
public,2047,0,Angry,6,Neutral,0.8848903164549026,5,Surprise,0.6868352035169377,BOTH_WRONG,False,True,True,False
public,2048,4,Sad,6,Neutral,0.9412562366953638,6,Neutral,0.42392226310672887,BOTH_WRONG,False,True,True,False
public,2049,2,Fear,2,Fear,0.5040737508091526,2,Fear,0.8916473267679341,BOTH_CORRECT,False,True,True,False
public,2050,0,Angry,0,Angry,0.9426023513957767,0,Angry,0.963434799277242,BOTH_CORRECT,False,True,True,False
public,2051,3,Happy,3,Happy,0.9564343901503235,3,Happy,0.9530908256708721,BOTH_CORRECT,False,True,True,False
public,2052,1,Disgust,1,Disgust,0.9728400540948959,1,Disgust,0.9455940109884098,BOTH_CORRECT,False,False,False,True
public,2053,6,Neutral,6,Neutral,0.5663116249591442,4,Sad,0.896483763619032,V21_CORRECT_V22_WRONG,True,True,True,False
public,2054,4,Sad,4,Sad,0.5134538882665023,6,Neutral,0.7765604738547368,V21_CORRECT_V22_WRONG,True,True,True,False
public,2055,4,Sad,2,Fear,0.877367552874628,4,Sad,0.8457885049129346,V22_CORRECT_V21_WRONG,True,True,True,False
public,2056,6,Neutral,6,Neutral,0.4653472816692879,6,Neutral,0.7912068477864798,BOTH_CORRECT,False,True,True,False
public,2057,6,Neutral,6,Neutral,0.5200186184663467,4,Sad,0.8411429064418185,V21_CORRECT_V22_WRONG,True,True,True,False
public,2058,4,Sad,4,Sad,0.8598811031221524,4,Sad,0.485410882888478,BOTH_CORRECT,False,True,True,False
public,2059,3,Happy,3,Happy,0.9465791027641887,3,Happy,0.8842818560004525,BOTH_CORRECT,False,True,True,False
public,2060,5,Surprise,5,Surprise,0.9470329961187899,5,Surprise,0.9575521597904997,BOTH_CORRECT,False,True,True,False
public,2061,2,Fear,2,Fear,0.5610765966993255,2,Fear,0.9318154726367135,BOTH_CORRECT,False,True,True,False
public,2062,3,Happy,3,Happy,0.9556456441028909,3,Happy,0.9527451761275809,BOTH_CORRECT,False,True,True,False
public,2063,3,Happy,3,Happy,0.9541471669089245,0,Angry,0.5836004706054553,V21_CORRECT_V22_WRONG,True,True,True,False
public,2064,1,Disgust,1,Disgust,0.945454784819043,1,Disgust,0.9595289416341874,BOTH_CORRECT,False,False,False,True
public,2065,2,Fear,2,Fear,0.698683878237867,0,Angry,0.6440618470598267,V21_CORRECT_V22_WRONG,True,True,True,False
public,2066,6,Neutral,0,Angry,0.5829496841461073,6,Neutral,0.9040852912723427,V22_CORRECT_V21_WRONG,True,True,True,False
public,2067,4,Sad,2,Fear,0.917862104047525,0,Angry,0.682887324037756,BOTH_WRONG,False,True,True,False
public,2068,3,Happy,3,Happy,0.93841871835453,2,Fear,0.8928974336310862,V21_CORRECT_V22_WRONG,True,True,True,False
public,2069,5,Surprise,5,Surprise,0.9508083592483206,5,Surprise,0.9529356219564915,BOTH_CORRECT,False,True,True,False
public,2070,3,Happy,3,Happy,0.9480273583522548,3,Happy,0.9496515085393906,BOTH_CORRECT,False,True,True,False
public,2071,3,Happy,3,Happy,0.9534037242673655,3,Happy,0.9548234244360605,BOTH_CORRECT,False,True,True,False
public,2072,1,Disgust,1,Disgust,0.9648196188242005,1,Disgust,0.9364254293944411,BOTH_CORRECT,False,True,True,False
public,2073,6,Neutral,6,Neutral,0.8991725122858919,6,Neutral,0.9338842848496477,BOTH_CORRECT,False,True,True,False
public,2074,0,Angry,0,Angry,0.8295521708058616,0,Angry,0.9491685589779683,BOTH_CORRECT,False,True,True,False
public,2075,4,Sad,6,Neutral,0.49652823125477114,2,Fear,0.4288182656660849,BOTH_WRONG,False,True,True,False
public,2076,4,Sad,6,Neutral,0.5895260351124605,2,Fear,0.9070532925496634,BOTH_WRONG,False,True,True,False
public,2077,6,Neutral,2,Fear,0.47666942357418696,4,Sad,0.8330773027615208,BOTH_WRONG,False,True,True,False
public,2078,5,Surprise,5,Surprise,0.9554789702991673,5,Surprise,0.9574051823993484,BOTH_CORRECT,False,True,True,False
public,2079,6,Neutral,0,Angry,0.9070046433189918,0,Angry,0.8603611305845774,BOTH_WRONG,False,True,True,False
public,2080,4,Sad,4,Sad,0.6469532098341324,0,Angry,0.8948144045384152,V21_CORRECT_V22_WRONG,True,True,True,False
public,2081,5,Surprise,5,Surprise,0.9459815755986813,5,Surprise,0.9563321185853402,BOTH_CORRECT,False,False,False,True
public,2082,4,Sad,2,Fear,0.8148311530831641,4,Sad,0.9595686174211477,V22_CORRECT_V21_WRONG,True,True,True,False
public,2083,5,Surprise,5,Surprise,0.9589600553208906,5,Surprise,0.9131675630221111,BOTH_CORRECT,False,True,True,False
public,2084,3,Happy,3,Happy,0.8205926989079098,6,Neutral,0.518843889608614,V21_CORRECT_V22_WRONG,True,True,True,False
public,2085,6,Neutral,4,Sad,0.64130896824856,2,Fear,0.8527302861243463,BOTH_WRONG,False,True,True,False
public,2086,3,Happy,3,Happy,0.9492413569244152,3,Happy,0.9462459846197476,BOTH_CORRECT,False,True,True,False
public,2087,3,Happy,3,Happy,0.9531321837324234,3,Happy,0.9536811958014078,BOTH_CORRECT,False,True,True,False
public,2088,0,Angry,0,Angry,0.8562408474677161,0,Angry,0.9339884663634179,BOTH_CORRECT,False,True,True,False
public,2089,2,Fear,6,Neutral,0.5604998209659082,0,Angry,0.43821847939041625,BOTH_WRONG,False,True,True,False
public,2090,2,Fear,4,Sad,0.7515153688375236,0,Angry,0.8487254454515646,BOTH_WRONG,False,True,True,False
public,2091,4,Sad,6,Neutral,0.8805983160153221,4,Sad,0.6249471085935622,V22_CORRECT_V21_WRONG,True,True,True,False
public,2092,3,Happy,3,Happy,0.9496976025866847,3,Happy,0.9528305711700837,BOTH_CORRECT,False,True,True,False
public,2093,3,Happy,3,Happy,0.9500555383312322,3,Happy,0.9473946168865688,BOTH_CORRECT,False,True,True,False
public,2094,2,Fear,6,Neutral,0.7002350508424785,2,Fear,0.5743515475101397,V22_CORRECT_V21_WRONG,True,True,True,False
public,2095,3,Happy,3,Happy,0.9489191947159183,3,Happy,0.946513883027237,BOTH_CORRECT,False,True,True,False
public,2096,3,Happy,3,Happy,0.9561090555047725,3,Happy,0.9349569427153107,BOTH_CORRECT,False,True,True,False
public,2097,2,Fear,3,Happy,0.7312188607467203,3,Happy,0.9491534913393547,BOTH_WRONG,False,False,False,False
public,2098,3,Happy,3,Happy,0.8089800724991244,3,Happy,0.9178867381507653,BOTH_CORRECT,False,True,True,False
public,2099,3,Happy,3,Happy,0.9368410375529753,0,Angry,0.6457751514350437,V21_CORRECT_V22_WRONG,True,True,True,False
public,2100,6,Neutral,6,Neutral,0.39470841127246437,4,Sad,0.8707361456091689,V21_CORRECT_V22_WRONG,True,True,True,False
public,2101,4,Sad,0,Angry,0.4778451393991485,4,Sad,0.9589708175931856,V22_CORRECT_V21_WRONG,True,True,True,False
public,2102,5,Surprise,5,Surprise,0.9549966235850229,5,Surprise,0.9570725274107023,BOTH_CORRECT,False,False,False,True
public,2103,3,Happy,3,Happy,0.9393741347812388,3,Happy,0.9358542975619992,BOTH_CORRECT,False,True,True,False
public,2104,2,Fear,5,Surprise,0.623066578963836,2,Fear,0.48029552578783274,V22_CORRECT_V21_WRONG,True,False,False,True
public,2105,3,Happy,3,Happy,0.9331165866504906,3,Happy,0.9277432747733881,BOTH_CORRECT,False,True,True,False
public,2106,0,Angry,4,Sad,0.7651256138358068,0,Angry,0.7380192655521339,V22_CORRECT_V21_WRONG,True,True,True,False
public,2107,4,Sad,4,Sad,0.6826646032989518,4,Sad,0.871479488077619,BOTH_CORRECT,False,True,True,False
public,2108,4,Sad,4,Sad,0.855559106364039,4,Sad,0.9412621814143098,BOTH_CORRECT,False,True,True,False
public,2109,4,Sad,4,Sad,0.8963457376882816,4,Sad,0.5165395370286788,BOTH_CORRECT,False,True,True,False
public,2110,6,Neutral,2,Fear,0.8878948699899613,2,Fear,0.934297620276508,BOTH_WRONG,False,True,True,False
public,2111,3,Happy,3,Happy,0.9476120634038854,3,Happy,0.9454016468613418,BOTH_CORRECT,False,True,True,False
public,2112,5,Surprise,5,Surprise,0.9322912713947094,5,Surprise,0.9049958638773653,BOTH_CORRECT,False,True,True,False
public,2113,3,Happy,3,Happy,0.920260954993059,3,Happy,0.93408707242616,BOTH_CORRECT,False,True,True,False
public,2114,3,Happy,3,Happy,0.9547926881324508,3,Happy,0.9554666644038473,BOTH_CORRECT,False,True,True,False
public,2115,3,Happy,3,Happy,0.9616851361055916,3,Happy,0.960875407224215,BOTH_CORRECT,False,True,True,False
public,2116,3,Happy,3,Happy,0.9555650090612593,3,Happy,0.9561986067631282,BOTH_CORRECT,False,True,True,False
public,2117,3,Happy,3,Happy,0.9538341121373867,3,Happy,0.9504171804108236,BOTH_CORRECT,False,True,True,False
public,2118,3,Happy,3,Happy,0.9500997720795415,3,Happy,0.949620647784504,BOTH_CORRECT,False,True,True,False
public,2119,1,Disgust,1,Disgust,0.9727747853280454,1,Disgust,0.9700673337367886,BOTH_CORRECT,False,False,False,True
public,2120,2,Fear,2,Fear,0.9181326626262509,2,Fear,0.963888122520225,BOTH_CORRECT,False,True,True,False
public,2121,3,Happy,3,Happy,0.9501542277737935,3,Happy,0.9445849729803798,BOTH_CORRECT,False,True,True,False
public,2122,0,Angry,0,Angry,0.9406406865717037,0,Angry,0.9611505783016899,BOTH_CORRECT,False,True,True,False
public,2123,3,Happy,3,Happy,0.9485983329201738,3,Happy,0.9567996660516164,BOTH_CORRECT,False,True,True,False
public,2124,4,Sad,6,Neutral,0.9293096578522555,6,Neutral,0.9328660848596237,BOTH_WRONG,False,True,True,False
public,2125,0,Angry,2,Fear,0.4904140507191495,0,Angry,0.9150081577707702,V22_CORRECT_V21_WRONG,True,True,True,False
public,2126,3,Happy,3,Happy,0.9341266032733315,3,Happy,0.9526641134439926,BOTH_CORRECT,False,True,True,False
public,2127,3,Happy,3,Happy,0.933841934649015,3,Happy,0.936286985722603,BOTH_CORRECT,False,True,True,False
public,2128,3,Happy,3,Happy,0.9524858757946134,3,Happy,0.950841674422492,BOTH_CORRECT,False,True,True,False
public,2129,4,Sad,4,Sad,0.8093512854195507,4,Sad,0.5070794089534856,BOTH_CORRECT,False,True,True,False
public,2130,4,Sad,6,Neutral,0.43326994814924646,4,Sad,0.5974602017795931,V22_CORRECT_V21_WRONG,True,True,True,False
public,2131,2,Fear,4,Sad,0.9020983030938221,4,Sad,0.8687250678122883,BOTH_WRONG,False,True,True,False
public,2132,6,Neutral,4,Sad,0.732489074383586,6,Neutral,0.7710157461783516,V22_CORRECT_V21_WRONG,True,False,False,True
public,2133,3,Happy,3,Happy,0.9502025332335535,3,Happy,0.9443821677746177,BOTH_CORRECT,False,True,True,False
public,2134,6,Neutral,6,Neutral,0.9596180099866187,6,Neutral,0.5623623430645468,BOTH_CORRECT,False,True,True,False
public,2135,6,Neutral,6,Neutral,0.9548582106335108,6,Neutral,0.9549160706749398,BOTH_CORRECT,False,True,True,False
public,2136,0,Angry,0,Angry,0.8655372449425389,0,Angry,0.5343233542656989,BOTH_CORRECT,False,True,True,False
public,2137,4,Sad,4,Sad,0.9538863579299499,4,Sad,0.3827470761388149,BOTH_CORRECT,False,True,True,False
public,2138,0,Angry,4,Sad,0.4991507440177081,2,Fear,0.4746071013218677,BOTH_WRONG,False,True,True,False
public,2139,3,Happy,3,Happy,0.9575918923324506,3,Happy,0.9588194740510745,BOTH_CORRECT,False,True,True,False
public,2140,3,Happy,3,Happy,0.9566517940206237,3,Happy,0.9566480016002735,BOTH_CORRECT,False,True,True,False
public,2141,6,Neutral,6,Neutral,0.9185899750010045,6,Neutral,0.90215238053268,BOTH_CORRECT,False,True,True,False
public,2142,3,Happy,3,Happy,0.9552585903385028,3,Happy,0.9627748849516501,BOTH_CORRECT,False,True,True,False
public,2143,0,Angry,0,Angry,0.9393615980125396,0,Angry,0.9613307325341892,BOTH_CORRECT,False,True,True,False
public,2144,4,Sad,0,Angry,0.8753919815659308,0,Angry,0.610162577926871,BOTH_WRONG,False,True,True,False
public,2145,3,Happy,3,Happy,0.91214296393205,3,Happy,0.9422719875685002,BOTH_CORRECT,False,True,True,False
public,2146,3,Happy,3,Happy,0.9576352604591528,3,Happy,0.9598102974465963,BOTH_CORRECT,False,True,True,False
public,2147,3,Happy,6,Neutral,0.928013775397924,6,Neutral,0.6432766920958873,BOTH_WRONG,False,True,True,False
public,2148,2,Fear,2,Fear,0.9308538244261066,2,Fear,0.9565790662647998,BOTH_CORRECT,False,True,True,False
public,2149,1,Disgust,1,Disgust,0.9696020144946432,1,Disgust,0.9581207269096915,BOTH_CORRECT,False,True,True,False
public,2150,3,Happy,3,Happy,0.9537257788719316,3,Happy,0.950744389848058,BOTH_CORRECT,False,True,True,False
public,2151,6,Neutral,0,Angry,0.7113641148921535,6,Neutral,0.9529361208384699,V22_CORRECT_V21_WRONG,True,True,True,False
public,2152,3,Happy,3,Happy,0.9510828961613567,3,Happy,0.9542992297437471,BOTH_CORRECT,False,True,True,False
public,2153,5,Surprise,6,Neutral,0.9029019434103972,2,Fear,0.5349277530443936,BOTH_WRONG,False,True,True,False
public,2154,4,Sad,4,Sad,0.84019762147394,4,Sad,0.6457470059652177,BOTH_CORRECT,False,True,True,False
public,2155,3,Happy,3,Happy,0.9487382779254474,3,Happy,0.91410546539353,BOTH_CORRECT,False,True,True,False
public,2156,3,Happy,3,Happy,0.5723222353273807,3,Happy,0.9603635224445927,BOTH_CORRECT,False,True,True,False
public,2157,5,Surprise,5,Surprise,0.9529059087177687,5,Surprise,0.7920168352813045,BOTH_CORRECT,False,True,True,False
public,2158,4,Sad,4,Sad,0.9463690508143041,4,Sad,0.9661549301333726,BOTH_CORRECT,False,True,True,False
public,2159,5,Surprise,5,Surprise,0.927437877736744,4,Sad,0.9503587898018393,V21_CORRECT_V22_WRONG,True,True,True,False
public,2160,6,Neutral,6,Neutral,0.9237966411143883,6,Neutral,0.8688971282799244,BOTH_CORRECT,False,True,True,False
public,2161,3,Happy,3,Happy,0.9586104670578365,3,Happy,0.9589928689688212,BOTH_CORRECT,False,True,True,False
public,2162,3,Happy,3,Happy,0.9559760151325987,3,Happy,0.9585380743642381,BOTH_CORRECT,False,True,True,False
public,2163,0,Angry,0,Angry,0.9483723609723113,0,Angry,0.928456938772947,BOTH_CORRECT,False,True,True,False
public,2164,5,Surprise,5,Surprise,0.9503190673646718,5,Surprise,0.9440210723199811,BOTH_CORRECT,False,False,False,True
public,2165,3,Happy,3,Happy,0.9497504582446813,3,Happy,0.9436612522123066,BOTH_CORRECT,False,True,True,False
public,2166,3,Happy,3,Happy,0.9524199238242537,3,Happy,0.9487728236892444,BOTH_CORRECT,False,True,True,False
public,2167,5,Surprise,5,Surprise,0.9541753645556748,5,Surprise,0.9545264410397699,BOTH_CORRECT,False,False,False,True
public,2168,6,Neutral,4,Sad,0.43556515497307846,0,Angry,0.5291106619829885,BOTH_WRONG,False,True,True,False
public,2169,2,Fear,6,Neutral,0.673714975664284,6,Neutral,0.9383850511740448,BOTH_WRONG,False,True,True,False
public,2170,4,Sad,2,Fear,0.9164697012341457,2,Fear,0.4973937597031788,BOTH_WRONG,False,True,True,False
public,2171,4,Sad,4,Sad,0.9572767261412061,4,Sad,0.9494373168057809,BOTH_CORRECT,False,True,True,False
public,2172,3,Happy,3,Happy,0.9211459382782773,3,Happy,0.953824177774402,BOTH_CORRECT,False,True,True,False
public,2173,6,Neutral,4,Sad,0.3073532957226995,0,Angry,0.6230134447008766,BOTH_WRONG,False,True,True,False
public,2174,6,Neutral,6,Neutral,0.9564491884089098,6,Neutral,0.961328406881605,BOTH_CORRECT,False,True,True,False
public,2175,6,Neutral,6,Neutral,0.8344878936471758,6,Neutral,0.5570806622477606,BOTH_CORRECT,False,True,True,False
public,2176,3,Happy,3,Happy,0.9565931102283554,3,Happy,0.9526889193950563,BOTH_CORRECT,False,True,True,False
public,2177,0,Angry,5,Surprise,0.7904830204886043,3,Happy,0.7347639631480148,BOTH_WRONG,False,True,True,False
public,2178,0,Angry,0,Angry,0.9214003295181938,0,Angry,0.7312282169184359,BOTH_CORRECT,False,False,False,True
public,2179,6,Neutral,6,Neutral,0.8503927432097338,4,Sad,0.8500093204606323,V21_CORRECT_V22_WRONG,True,True,True,False
public,2180,5,Surprise,3,Happy,0.875819407366477,4,Sad,0.8171677143786825,BOTH_WRONG,False,True,True,False
public,2181,0,Angry,2,Fear,0.8530210898019541,2,Fear,0.9518682862621591,BOTH_WRONG,False,True,True,False
public,2182,3,Happy,3,Happy,0.9353108630081564,3,Happy,0.9527500536526764,BOTH_CORRECT,False,False,False,True
public,2183,4,Sad,6,Neutral,0.9009834690118357,6,Neutral,0.9449322953786997,BOTH_WRONG,False,True,True,False
public,2184,3,Happy,5,Surprise,0.793107798113376,5,Surprise,0.9177198571258474,BOTH_WRONG,False,True,True,False
public,2185,3,Happy,3,Happy,0.9559948604377473,3,Happy,0.9544790554977359,BOTH_CORRECT,False,True,True,False
public,2186,2,Fear,6,Neutral,0.7148416651342383,3,Happy,0.9528511566134845,BOTH_WRONG,False,True,True,False
public,2187,2,Fear,6,Neutral,0.6625280791363509,6,Neutral,0.9031840603369414,BOTH_WRONG,False,True,True,False
public,2188,3,Happy,3,Happy,0.9418773150507208,3,Happy,0.9574092598437213,BOTH_CORRECT,False,True,True,False
public,2189,4,Sad,4,Sad,0.7225983231174148,6,Neutral,0.3405859490017129,V21_CORRECT_V22_WRONG,True,True,True,False
public,2190,5,Surprise,5,Surprise,0.9454745588682938,5,Surprise,0.8913249724205808,BOTH_CORRECT,False,True,True,False
public,2191,4,Sad,0,Angry,0.8384228938191863,4,Sad,0.39346731927416545,V22_CORRECT_V21_WRONG,True,True,True,False
public,2192,0,Angry,1,Disgust,0.7721069107062316,0,Angry,0.9585073334768038,V22_CORRECT_V21_WRONG,True,True,True,False
public,2193,3,Happy,3,Happy,0.9437017706414741,3,Happy,0.9468184676905946,BOTH_CORRECT,False,True,True,False
public,2194,3,Happy,3,Happy,0.9329264157835521,3,Happy,0.9399357136507489,BOTH_CORRECT,False,True,True,False
public,2195,3,Happy,3,Happy,0.9583717134521721,3,Happy,0.9572306995826045,BOTH_CORRECT,False,True,True,False
public,2196,0,Angry,0,Angry,0.7460569595671546,6,Neutral,0.5965302215627593,V21_CORRECT_V22_WRONG,True,True,True,False
public,2197,3,Happy,3,Happy,0.9264825334784126,2,Fear,0.4348905095131506,V21_CORRECT_V22_WRONG,True,True,True,False
public,2198,1,Disgust,3,Happy,0.8518205443543101,6,Neutral,0.3228989411897113,BOTH_WRONG,False,True,False,False
public,2199,3,Happy,3,Happy,0.94589907568694,3,Happy,0.9473420484536392,BOTH_CORRECT,False,True,True,False
public,2200,3,Happy,4,Sad,0.7491484977557414,6,Neutral,0.7772690619711772,BOTH_WRONG,False,True,True,False
public,2201,6,Neutral,6,Neutral,0.8717990315802714,6,Neutral,0.2975432563996307,BOTH_CORRECT,False,True,True,False
public,2202,4,Sad,4,Sad,0.9217249152678784,4,Sad,0.9601274152718052,BOTH_CORRECT,False,True,True,False
public,2203,3,Happy,3,Happy,0.9583665750510046,3,Happy,0.9618463747640387,BOTH_CORRECT,False,True,True,False
public,2204,4,Sad,4,Sad,0.6653460619253266,4,Sad,0.9507502283533131,BOTH_CORRECT,False,True,True,False
public,2205,2,Fear,6,Neutral,0.9143412806891392,6,Neutral,0.8675059971603822,BOTH_WRONG,False,True,True,False
public,2206,3,Happy,3,Happy,0.9453708111383083,3,Happy,0.9098176242155205,BOTH_CORRECT,False,True,True,False
public,2207,6,Neutral,6,Neutral,0.9406652473676782,6,Neutral,0.9159067864461721,BOTH_CORRECT,False,True,True,False
public,2208,3,Happy,6,Neutral,0.636959890707057,6,Neutral,0.7248508642252179,BOTH_WRONG,False,True,True,False
public,2209,6,Neutral,6,Neutral,0.9515289678114267,6,Neutral,0.8654649096658118,BOTH_CORRECT,False,True,True,False
public,2210,4,Sad,2,Fear,0.9106745961184001,4,Sad,0.9610552892643176,V22_CORRECT_V21_WRONG,True,True,True,False
public,2211,3,Happy,3,Happy,0.9421100669331155,3,Happy,0.9419401453990662,BOTH_CORRECT,False,True,True,False
public,2212,3,Happy,3,Happy,0.9584355137770022,3,Happy,0.9601841724280319,BOTH_CORRECT,False,True,True,False
public,2213,4,Sad,4,Sad,0.7775426790098089,4,Sad,0.9463193282163137,BOTH_CORRECT,False,True,True,False
public,2214,4,Sad,4,Sad,0.9602084793065007,4,Sad,0.6032283469421329,BOTH_CORRECT,False,True,True,False
public,2215,5,Surprise,3,Happy,0.6040121579939713,5,Surprise,0.8628571592694385,V22_CORRECT_V21_WRONG,True,True,True,False
public,2216,2,Fear,2,Fear,0.9553634020888697,2,Fear,0.9627819872146947,BOTH_CORRECT,False,False,False,True
public,2217,6,Neutral,4,Sad,0.8931270196850682,6,Neutral,0.5874216532071466,V22_CORRECT_V21_WRONG,True,True,True,False
public,2218,4,Sad,6,Neutral,0.5819985445593616,4,Sad,0.5867214330786457,V22_CORRECT_V21_WRONG,True,True,True,False
public,2219,1,Disgust,3,Happy,0.7918248791567712,6,Neutral,0.43600271669270413,BOTH_WRONG,False,False,False,True
public,2220,5,Surprise,5,Surprise,0.9597378550825262,5,Surprise,0.9593256497205427,BOTH_CORRECT,False,False,False,True
public,2221,0,Angry,2,Fear,0.7218520183933289,2,Fear,0.9394899246390535,BOTH_WRONG,False,True,True,False
public,2222,0,Angry,2,Fear,0.7753099539045121,0,Angry,0.7975014979395226,V22_CORRECT_V21_WRONG,True,True,True,False
public,2223,6,Neutral,6,Neutral,0.9374360796542466,6,Neutral,0.9364448294968547,BOTH_CORRECT,False,True,True,False
public,2224,0,Angry,4,Sad,0.9331954698958654,4,Sad,0.965979431849861,BOTH_WRONG,False,True,True,False
public,2225,6,Neutral,6,Neutral,0.7920770639881594,6,Neutral,0.8907558108669931,BOTH_CORRECT,False,True,True,False
public,2226,5,Surprise,5,Surprise,0.9351641504031571,5,Surprise,0.928294189380339,BOTH_CORRECT,False,False,False,True
public,2227,2,Fear,2,Fear,0.7401844579826586,2,Fear,0.9477673433993186,BOTH_CORRECT,False,True,True,False
public,2228,6,Neutral,0,Angry,0.8561959717548046,4,Sad,0.5815422482667292,BOTH_WRONG,False,True,True,False
public,2229,3,Happy,3,Happy,0.9502769773849112,3,Happy,0.9438326958282912,BOTH_CORRECT,False,True,True,False
public,2230,6,Neutral,6,Neutral,0.7109555217659752,6,Neutral,0.9520412649311423,BOTH_CORRECT,False,True,True,False
public,2231,2,Fear,2,Fear,0.9637194383545652,2,Fear,0.9565239862876997,BOTH_CORRECT,False,True,True,False
public,2232,2,Fear,2,Fear,0.9032975978551263,2,Fear,0.9584309505936851,BOTH_CORRECT,False,True,True,False
public,2233,3,Happy,6,Neutral,0.6106318418399511,6,Neutral,0.9365131920885679,BOTH_WRONG,False,True,True,False
public,2234,5,Surprise,5,Surprise,0.9526394218608936,5,Surprise,0.9590201651979222,BOTH_CORRECT,False,True,True,False
public,2235,0,Angry,3,Happy,0.8476103821419888,3,Happy,0.9581000042121898,BOTH_WRONG,False,True,True,False
public,2236,6,Neutral,6,Neutral,0.9359286626435279,6,Neutral,0.9428362535282093,BOTH_CORRECT,False,True,True,False
public,2237,4,Sad,0,Angry,0.9624497393666882,0,Angry,0.9603315692961049,BOTH_WRONG,False,True,True,False
public,2238,2,Fear,2,Fear,0.5349851327592435,2,Fear,0.8020874918794079,BOTH_CORRECT,False,True,True,False
public,2239,3,Happy,3,Happy,0.9465623899407338,3,Happy,0.9469331975874161,BOTH_CORRECT,False,True,True,False
public,2240,5,Surprise,5,Surprise,0.9600185201941126,5,Surprise,0.9440289565516575,BOTH_CORRECT,False,False,False,True
public,2241,4,Sad,6,Neutral,0.5132445720201958,4,Sad,0.8974335562077456,V22_CORRECT_V21_WRONG,True,True,True,False
public,2242,3,Happy,3,Happy,0.947085190620119,3,Happy,0.9227556328083519,BOTH_CORRECT,False,True,True,False
public,2243,0,Angry,0,Angry,0.7673941631488432,0,Angry,0.902361582606366,BOTH_CORRECT,False,True,True,False
public,2244,6,Neutral,6,Neutral,0.9288172631190782,6,Neutral,0.9639504995070515,BOTH_CORRECT,False,True,True,False
public,2245,6,Neutral,6,Neutral,0.8773035494261888,3,Happy,0.8497828038792189,V21_CORRECT_V22_WRONG,True,True,True,False
public,2246,3,Happy,3,Happy,0.9402200299151239,3,Happy,0.9525598411570552,BOTH_CORRECT,False,True,True,False
public,2247,2,Fear,0,Angry,0.9562931597203362,0,Angry,0.9501859684679259,BOTH_WRONG,False,True,True,False
public,2248,4,Sad,3,Happy,0.7296658473802283,6,Neutral,0.6510850457492308,BOTH_WRONG,False,True,True,False
public,2249,4,Sad,4,Sad,0.9507243233207434,4,Sad,0.9557552393781531,BOTH_CORRECT,False,False,False,True
public,2250,6,Neutral,6,Neutral,0.8934889457067233,6,Neutral,0.8757082881942633,BOTH_CORRECT,False,True,True,False
public,2251,3,Happy,3,Happy,0.9470026346934252,3,Happy,0.9389780805944358,BOTH_CORRECT,False,True,True,False
public,2252,3,Happy,3,Happy,0.9538476385571493,3,Happy,0.9529919069631115,BOTH_CORRECT,False,True,True,False
public,2253,3,Happy,3,Happy,0.957639918126771,3,Happy,0.9550749738045791,BOTH_CORRECT,False,True,True,False
public,2254,4,Sad,4,Sad,0.8408288450323541,4,Sad,0.9474507513081546,BOTH_CORRECT,False,True,True,False
public,2255,5,Surprise,0,Angry,0.8769529152352139,0,Angry,0.9521905220295888,BOTH_WRONG,False,True,True,False
public,2256,3,Happy,3,Happy,0.8930764595061296,3,Happy,0.9458885121618421,BOTH_CORRECT,False,True,True,False
public,2257,2,Fear,6,Neutral,0.7851398354778751,2,Fear,0.6414545180614494,V22_CORRECT_V21_WRONG,True,True,True,False
public,2258,0,Angry,6,Neutral,0.5798722752940608,4,Sad,0.9508124501746988,BOTH_WRONG,False,True,True,False
public,2259,4,Sad,4,Sad,0.5467735046526078,0,Angry,0.864303039415501,V21_CORRECT_V22_WRONG,True,True,True,False
public,2260,4,Sad,4,Sad,0.5813069180543852,3,Happy,0.7777888475778517,V21_CORRECT_V22_WRONG,True,True,True,False
public,2261,3,Happy,3,Happy,0.9469502044063819,3,Happy,0.9461044376944767,BOTH_CORRECT,False,True,True,False
public,2262,5,Surprise,5,Surprise,0.959830679916661,5,Surprise,0.9594654003859582,BOTH_CORRECT,False,True,True,False
public,2263,0,Angry,0,Angry,0.9405453754066406,0,Angry,0.9286146774742121,BOTH_CORRECT,False,True,True,False
public,2264,6,Neutral,6,Neutral,0.9281811767030794,6,Neutral,0.9086063827430626,BOTH_CORRECT,False,True,True,False
public,2265,3,Happy,3,Happy,0.9263334779944276,6,Neutral,0.6838753403881108,V21_CORRECT_V22_WRONG,True,True,True,False
public,2266,3,Happy,3,Happy,0.9600764830055439,3,Happy,0.9595844927849737,BOTH_CORRECT,False,True,True,False
public,2267,6,Neutral,4,Sad,0.4356313465469041,0,Angry,0.6068419683642928,BOTH_WRONG,False,True,True,False
public,2268,0,Angry,4,Sad,0.7126845863588452,2,Fear,0.7395748352398938,BOTH_WRONG,False,True,True,False
public,2269,5,Surprise,5,Surprise,0.9568320411435187,5,Surprise,0.9566227887335095,BOTH_CORRECT,False,True,True,False
public,2270,3,Happy,3,Happy,0.9556450116049964,3,Happy,0.9419477143638693,BOTH_CORRECT,False,False,False,True
public,2271,4,Sad,6,Neutral,0.35155850558652346,0,Angry,0.3516978194448797,BOTH_WRONG,False,True,True,False
public,2272,3,Happy,4,Sad,0.5744175736631386,4,Sad,0.802000033090373,BOTH_WRONG,False,True,True,False
public,2273,0,Angry,4,Sad,0.6069432179955715,4,Sad,0.9569608245029887,BOTH_WRONG,False,True,True,False
public,2274,2,Fear,6,Neutral,0.9385590448230159,6,Neutral,0.8994182842902789,BOTH_WRONG,False,True,True,False
public,2275,3,Happy,3,Happy,0.47263964638058115,3,Happy,0.4998604111122165,BOTH_CORRECT,False,True,True,False
public,2276,6,Neutral,6,Neutral,0.9543237179651181,6,Neutral,0.9626145817858418,BOTH_CORRECT,False,True,True,False
public,2277,3,Happy,3,Happy,0.9533486926663334,3,Happy,0.9472596170016161,BOTH_CORRECT,False,True,True,False
public,2278,6,Neutral,6,Neutral,0.88870109685186,4,Sad,0.755515249225585,V21_CORRECT_V22_WRONG,True,True,True,False
public,2279,4,Sad,4,Sad,0.4977778287097862,4,Sad,0.9143421411503475,BOTH_CORRECT,False,True,True,False
public,2280,5,Surprise,5,Surprise,0.953730152465557,5,Surprise,0.9555942303957189,BOTH_CORRECT,False,False,False,True
public,2281,6,Neutral,6,Neutral,0.8682532282977085,3,Happy,0.4972056247885566,V21_CORRECT_V22_WRONG,True,True,True,False
public,2282,4,Sad,4,Sad,0.9625086654096181,4,Sad,0.9625946393151462,BOTH_CORRECT,False,True,True,False
public,2283,6,Neutral,3,Happy,0.5841365467220099,6,Neutral,0.8509150689126304,V22_CORRECT_V21_WRONG,True,True,True,False
public,2284,5,Surprise,5,Surprise,0.9288898586980143,5,Surprise,0.9490784791169057,BOTH_CORRECT,False,True,True,False
public,2285,4,Sad,4,Sad,0.9554673613566206,4,Sad,0.6376929839438841,BOTH_CORRECT,False,True,True,False
public,2286,3,Happy,3,Happy,0.9647381299495965,3,Happy,0.9633882519889952,BOTH_CORRECT,False,True,True,False
public,2287,4,Sad,4,Sad,0.8510816478357257,4,Sad,0.7312437585204452,BOTH_CORRECT,False,True,True,False
public,2288,6,Neutral,6,Neutral,0.563084859955213,4,Sad,0.7233899598795863,V21_CORRECT_V22_WRONG,True,True,True,False
public,2289,6,Neutral,5,Surprise,0.9234774714167653,6,Neutral,0.7288541711076683,V22_CORRECT_V21_WRONG,True,True,True,False
public,2290,3,Happy,3,Happy,0.9523775034344585,3,Happy,0.9612096567807047,BOTH_CORRECT,False,True,True,False
public,2291,3,Happy,3,Happy,0.9501866242443231,3,Happy,0.9400132999696404,BOTH_CORRECT,False,True,True,False
public,2292,3,Happy,3,Happy,0.944431308604024,3,Happy,0.9458140449528138,BOTH_CORRECT,False,True,True,False
public,2293,4,Sad,2,Fear,0.566953323376777,4,Sad,0.3870338503421903,V22_CORRECT_V21_WRONG,True,True,False,False
public,2294,3,Happy,3,Happy,0.9571163799637907,3,Happy,0.9568859986751405,BOTH_CORRECT,False,False,False,True
public,2295,2,Fear,5,Surprise,0.47151513169425785,5,Surprise,0.5377419602290145,BOTH_WRONG,False,True,True,False
public,2296,5,Surprise,5,Surprise,0.9590049060360457,5,Surprise,0.9581323318904275,BOTH_CORRECT,False,True,True,False
public,2297,3,Happy,3,Happy,0.9557392957605839,3,Happy,0.956536091332476,BOTH_CORRECT,False,True,True,False
public,2298,2,Fear,4,Sad,0.789015755608742,6,Neutral,0.33245480475833245,BOTH_WRONG,False,True,True,False
public,2299,5,Surprise,5,Surprise,0.9492649921379834,5,Surprise,0.9488563324496322,BOTH_CORRECT,False,True,False,False
public,2300,4,Sad,2,Fear,0.6672950453378274,0,Angry,0.49345083679356605,BOTH_WRONG,False,True,True,False
public,2301,3,Happy,3,Happy,0.4753208094524857,6,Neutral,0.7196153112216841,V21_CORRECT_V22_WRONG,True,True,True,False
public,2302,3,Happy,3,Happy,0.952971936177955,3,Happy,0.9448321691302626,BOTH_CORRECT,False,True,True,False
public,2303,3,Happy,3,Happy,0.9615136525314548,3,Happy,0.956153886535407,BOTH_CORRECT,False,True,True,False
public,2304,0,Angry,0,Angry,0.9489385603519764,0,Angry,0.9545750666994954,BOTH_CORRECT,False,True,True,False
public,2305,2,Fear,2,Fear,0.934945885222874,2,Fear,0.9517848178608488,BOTH_CORRECT,False,True,True,False
public,2306,2,Fear,0,Angry,0.47992635306452747,2,Fear,0.9603396907278662,V22_CORRECT_V21_WRONG,True,True,True,False
public,2307,3,Happy,3,Happy,0.9563947665779147,3,Happy,0.9488864486001426,BOTH_CORRECT,False,True,True,False
public,2308,3,Happy,3,Happy,0.9482308042912543,3,Happy,0.9536691352442974,BOTH_CORRECT,False,True,True,False
public,2309,3,Happy,3,Happy,0.9521343442770883,3,Happy,0.9516867876572114,BOTH_CORRECT,False,True,True,False
public,2310,0,Angry,0,Angry,0.8567897967605878,0,Angry,0.7896792901782137,BOTH_CORRECT,False,True,True,False
public,2311,3,Happy,3,Happy,0.9316134110943269,3,Happy,0.9591945128207642,BOTH_CORRECT,False,True,True,False
public,2312,6,Neutral,6,Neutral,0.9426063222048247,6,Neutral,0.9500876463277691,BOTH_CORRECT,False,True,True,False
public,2313,3,Happy,0,Angry,0.9271832481300499,3,Happy,0.9469490879773014,V22_CORRECT_V21_WRONG,True,True,True,False
public,2314,6,Neutral,6,Neutral,0.8801815552182894,6,Neutral,0.7663801412328907,BOTH_CORRECT,False,True,True,False
public,2315,3,Happy,3,Happy,0.9581202227960394,3,Happy,0.9535923574652342,BOTH_CORRECT,False,True,True,False
public,2316,4,Sad,4,Sad,0.9057776175137995,4,Sad,0.8092350108473448,BOTH_CORRECT,False,True,True,False
public,2317,6,Neutral,4,Sad,0.6509738746433761,6,Neutral,0.5540676452071733,V22_CORRECT_V21_WRONG,True,True,True,False
public,2318,3,Happy,3,Happy,0.9548124972639573,3,Happy,0.9547875654733522,BOTH_CORRECT,False,True,True,False
public,2319,0,Angry,0,Angry,0.9621271630546431,0,Angry,0.9072736815509447,BOTH_CORRECT,False,True,True,False
public,2320,3,Happy,3,Happy,0.9567269129176127,3,Happy,0.9525862978407275,BOTH_CORRECT,False,True,True,False
public,2321,5,Surprise,5,Surprise,0.954515763048485,5,Surprise,0.9546564587105308,BOTH_CORRECT,False,True,True,False
public,2322,0,Angry,1,Disgust,0.6549086287248346,0,Angry,0.9530038263984928,V22_CORRECT_V21_WRONG,True,True,True,False
public,2323,4,Sad,6,Neutral,0.5404427002900635,4,Sad,0.78354327829701,V22_CORRECT_V21_WRONG,True,True,True,False
public,2324,0,Angry,4,Sad,0.7305127200514338,6,Neutral,0.8187570982503386,BOTH_WRONG,False,True,True,False
public,2325,5,Surprise,3,Happy,0.8885118612457422,3,Happy,0.9623291927771856,BOTH_WRONG,False,True,True,False
public,2326,3,Happy,3,Happy,0.958370351728395,3,Happy,0.9543340942139845,BOTH_CORRECT,False,True,True,False
public,2327,4,Sad,4,Sad,0.9584392538046546,4,Sad,0.9588013108567319,BOTH_CORRECT,False,True,True,False
public,2328,5,Surprise,2,Fear,0.9451086881184356,2,Fear,0.9379828323328478,BOTH_WRONG,False,True,True,False
public,2329,6,Neutral,6,Neutral,0.9375086373551337,6,Neutral,0.9517866016212531,BOTH_CORRECT,False,True,True,False
public,2330,3,Happy,3,Happy,0.9212434318140181,3,Happy,0.948972864971034,BOTH_CORRECT,False,True,True,False
public,2331,4,Sad,4,Sad,0.381735555504412,3,Happy,0.8896656363005596,V21_CORRECT_V22_WRONG,True,True,True,False
public,2332,6,Neutral,6,Neutral,0.8986688117218274,6,Neutral,0.7975143262760944,BOTH_CORRECT,False,True,True,False
public,2333,0,Angry,0,Angry,0.9573716661862729,0,Angry,0.9632856596307363,BOTH_CORRECT,False,True,True,False
public,2334,3,Happy,6,Neutral,0.8839614380362601,6,Neutral,0.5222776508772222,BOTH_WRONG,False,True,True,False
public,2335,0,Angry,0,Angry,0.5132493217901762,0,Angry,0.6345167088913652,BOTH_CORRECT,False,True,True,False
public,2336,0,Angry,0,Angry,0.8422761573550974,0,Angry,0.9617963967082982,BOTH_CORRECT,False,True,True,False
public,2337,2,Fear,4,Sad,0.8930077142892526,4,Sad,0.8741212673901184,BOTH_WRONG,False,True,True,False
public,2338,5,Surprise,5,Surprise,0.9557540734654663,5,Surprise,0.9525602145924312,BOTH_CORRECT,False,False,False,True
public,2339,3,Happy,2,Fear,0.4880822716225396,6,Neutral,0.924318836901508,BOTH_WRONG,False,True,True,False
public,2340,4,Sad,6,Neutral,0.7366575286669812,0,Angry,0.8969489671718056,BOTH_WRONG,False,True,True,False
public,2341,6,Neutral,6,Neutral,0.9554055957966443,6,Neutral,0.907430884426171,BOTH_CORRECT,False,True,True,False
public,2342,3,Happy,3,Happy,0.9541448066212889,3,Happy,0.9504143190886936,BOTH_CORRECT,False,True,True,False
public,2343,3,Happy,3,Happy,0.9604316065253025,3,Happy,0.9550168842776684,BOTH_CORRECT,False,True,True,False
public,2344,3,Happy,3,Happy,0.9437012857545949,3,Happy,0.7230072462121317,BOTH_CORRECT,False,True,True,False
public,2345,5,Surprise,5,Surprise,0.9532758183576631,5,Surprise,0.9557932385796283,BOTH_CORRECT,False,False,False,True
public,2346,5,Surprise,4,Sad,0.5391251486413797,4,Sad,0.8737081202429101,BOTH_WRONG,False,True,True,False
public,2347,3,Happy,3,Happy,0.9484546270477165,3,Happy,0.9510740652456041,BOTH_CORRECT,False,True,True,False
public,2348,6,Neutral,3,Happy,0.9336648261393111,0,Angry,0.9448651062430261,BOTH_WRONG,False,True,True,False
public,2349,5,Surprise,5,Surprise,0.7960185786098292,5,Surprise,0.9559790891086779,BOTH_CORRECT,False,True,True,False
public,2350,6,Neutral,6,Neutral,0.5513261303422476,6,Neutral,0.5314470786210661,BOTH_CORRECT,False,True,True,False
public,2351,4,Sad,2,Fear,0.7957229242164272,2,Fear,0.9249782411768502,BOTH_WRONG,False,True,True,False
public,2352,3,Happy,3,Happy,0.9535438277406885,3,Happy,0.9564943016671235,BOTH_CORRECT,False,True,True,False
public,2353,3,Happy,3,Happy,0.9580181183190608,3,Happy,0.95649597671845,BOTH_CORRECT,False,True,True,False
public,2354,3,Happy,3,Happy,0.9337289493460176,3,Happy,0.9490407886896516,BOTH_CORRECT,False,True,True,False
public,2355,0,Angry,2,Fear,0.6890722767604349,2,Fear,0.8652416775541373,BOTH_WRONG,False,True,True,False
public,2356,4,Sad,4,Sad,0.7247990400607789,4,Sad,0.9641567054608491,BOTH_CORRECT,False,True,True,False
public,2357,3,Happy,6,Neutral,0.6363588777666331,3,Happy,0.7872663120032607,V22_CORRECT_V21_WRONG,True,True,True,False
public,2358,4,Sad,4,Sad,0.9473276749080909,4,Sad,0.9400537894311239,BOTH_CORRECT,False,True,True,False
public,2359,4,Sad,5,Surprise,0.3356733585143835,0,Angry,0.8478645549389132,BOTH_WRONG,False,True,True,False
public,2360,0,Angry,0,Angry,0.6706909523523779,6,Neutral,0.8193026703931946,V21_CORRECT_V22_WRONG,True,True,True,False
public,2361,6,Neutral,6,Neutral,0.9441130079856987,6,Neutral,0.9324604991669742,BOTH_CORRECT,False,True,True,False
public,2362,5,Surprise,5,Surprise,0.9380769177532646,5,Surprise,0.9291519498163732,BOTH_CORRECT,False,True,True,False
public,2363,4,Sad,0,Angry,0.8621893922525488,3,Happy,0.7778792406005807,BOTH_WRONG,False,True,True,False
public,2364,6,Neutral,6,Neutral,0.9452466231004996,6,Neutral,0.9167427479230214,BOTH_CORRECT,False,True,True,False
public,2365,3,Happy,6,Neutral,0.8850764880864869,3,Happy,0.9095505584718825,V22_CORRECT_V21_WRONG,True,True,True,False
public,2366,6,Neutral,6,Neutral,0.9305059660088223,6,Neutral,0.9532360566742704,BOTH_CORRECT,False,True,True,False
public,2367,3,Happy,3,Happy,0.9493494961439011,3,Happy,0.95334443911093,BOTH_CORRECT,False,True,True,False
public,2368,0,Angry,0,Angry,0.8817036020091212,0,Angry,0.739950744433101,BOTH_CORRECT,False,True,True,False
public,2369,4,Sad,4,Sad,0.9379595330313615,4,Sad,0.9512705028398217,BOTH_CORRECT,False,True,True,False
public,2370,2,Fear,2,Fear,0.9441788867918028,2,Fear,0.9632829005668662,BOTH_CORRECT,False,True,True,False
public,2371,3,Happy,3,Happy,0.9527099477464591,3,Happy,0.9433971989701952,BOTH_CORRECT,False,True,True,False
public,2372,0,Angry,6,Neutral,0.8908116560902894,0,Angry,0.8182155061793618,V22_CORRECT_V21_WRONG,True,True,True,False
public,2373,2,Fear,2,Fear,0.9650806435427594,2,Fear,0.7456099251539118,BOTH_CORRECT,False,True,True,False
public,2374,0,Angry,4,Sad,0.9221554667304412,4,Sad,0.961755790899026,BOTH_WRONG,False,True,True,False
public,2375,3,Happy,3,Happy,0.9561313062897852,3,Happy,0.9489760971571595,BOTH_CORRECT,False,True,True,False
public,2376,3,Happy,3,Happy,0.9553539913007361,3,Happy,0.9475851818330742,BOTH_CORRECT,False,True,True,False
public,2377,3,Happy,3,Happy,0.9596553835839441,3,Happy,0.9471259233625268,BOTH_CORRECT,False,True,True,False
public,2378,3,Happy,3,Happy,0.9528529218647792,3,Happy,0.9571974383650432,BOTH_CORRECT,False,True,True,False
public,2379,0,Angry,0,Angry,0.7834866927088507,4,Sad,0.7080025667684724,V21_CORRECT_V22_WRONG,True,True,True,False
public,2380,3,Happy,3,Happy,0.9497425959654959,3,Happy,0.9528057176571324,BOTH_CORRECT,False,True,True,False
public,2381,2,Fear,5,Surprise,0.9593091494578828,5,Surprise,0.9611282677368743,BOTH_WRONG,False,True,True,False
public,2382,5,Surprise,6,Neutral,0.773522537165854,3,Happy,0.37175485259508134,BOTH_WRONG,False,True,True,False
public,2383,4,Sad,6,Neutral,0.8884010666266174,6,Neutral,0.9040493331902997,BOTH_WRONG,False,True,True,False
public,2384,2,Fear,2,Fear,0.9577589077329987,2,Fear,0.9544123400249453,BOTH_CORRECT,False,True,True,False
public,2385,4,Sad,4,Sad,0.9420867888974979,3,Happy,0.6507578586800977,V21_CORRECT_V22_WRONG,True,True,True,False
public,2386,5,Surprise,5,Surprise,0.9540782633459923,5,Surprise,0.8545104017578583,BOTH_CORRECT,False,True,True,False
public,2387,6,Neutral,6,Neutral,0.9032045998672448,6,Neutral,0.4711889286709556,BOTH_CORRECT,False,True,True,False
public,2388,5,Surprise,5,Surprise,0.924399281234017,5,Surprise,0.9324385161667441,BOTH_CORRECT,False,False,False,True
public,2389,0,Angry,0,Angry,0.3626501786195119,4,Sad,0.5143071673362305,V21_CORRECT_V22_WRONG,True,True,True,False
public,2390,4,Sad,4,Sad,0.494896477415709,0,Angry,0.6719207803914853,V21_CORRECT_V22_WRONG,True,True,True,False
public,2391,0,Angry,0,Angry,0.5961810652749131,0,Angry,0.9578277404122304,BOTH_CORRECT,False,True,True,False
public,2392,3,Happy,3,Happy,0.9091284483331571,3,Happy,0.9629790735667368,BOTH_CORRECT,False,True,True,False
public,2393,5,Surprise,5,Surprise,0.9447202953441085,5,Surprise,0.9509113583887773,BOTH_CORRECT,False,False,False,True
public,2394,0,Angry,0,Angry,0.6784938756894198,0,Angry,0.8110487559743146,BOTH_CORRECT,False,True,True,False
public,2395,4,Sad,6,Neutral,0.5606074139726109,6,Neutral,0.9032040485004227,BOTH_WRONG,False,True,True,False
public,2396,2,Fear,0,Angry,0.7953965768700099,2,Fear,0.5995538468225857,V22_CORRECT_V21_WRONG,True,True,True,False
public,2397,3,Happy,3,Happy,0.8387562942798231,2,Fear,0.5723305718973809,V21_CORRECT_V22_WRONG,True,True,True,False
public,2398,2,Fear,2,Fear,0.7840591048980691,6,Neutral,0.4185054953937099,V21_CORRECT_V22_WRONG,True,True,True,False
public,2399,0,Angry,0,Angry,0.9612272402895412,0,Angry,0.963145740110321,BOTH_CORRECT,False,True,True,False
public,2400,4,Sad,4,Sad,0.740361357092625,4,Sad,0.9332393296018985,BOTH_CORRECT,False,True,True,False
public,2401,6,Neutral,6,Neutral,0.9235089744836185,4,Sad,0.9468011792510704,V21_CORRECT_V22_WRONG,True,True,True,False
public,2402,4,Sad,0,Angry,0.6682942099876485,0,Angry,0.9600005100317079,BOTH_WRONG,False,True,True,False
public,2403,3,Happy,3,Happy,0.961191953830828,3,Happy,0.9587425746349381,BOTH_CORRECT,False,True,True,False
public,2404,4,Sad,4,Sad,0.7961310782640946,2,Fear,0.5140541679832978,V21_CORRECT_V22_WRONG,True,True,True,False
public,2405,2,Fear,2,Fear,0.5315925085651747,6,Neutral,0.6747950925459497,V21_CORRECT_V22_WRONG,True,True,True,False
public,2406,4,Sad,4,Sad,0.9397583182068213,4,Sad,0.9560474443695827,BOTH_CORRECT,False,True,True,False
public,2407,2,Fear,5,Surprise,0.9001003424325623,5,Surprise,0.570798080657403,BOTH_WRONG,False,True,False,False
public,2408,4,Sad,4,Sad,0.7112435903212723,1,Disgust,0.377072371332468,V21_CORRECT_V22_WRONG,True,True,True,False
public,2409,3,Happy,3,Happy,0.9522770475115272,3,Happy,0.9573316795477238,BOTH_CORRECT,False,True,True,False
public,2410,3,Happy,3,Happy,0.9324921110118517,3,Happy,0.93838291461061,BOTH_CORRECT,False,True,True,False
public,2411,0,Angry,4,Sad,0.8390543550299687,0,Angry,0.8329785678094181,V22_CORRECT_V21_WRONG,True,True,True,False
public,2412,3,Happy,3,Happy,0.9500270049689225,3,Happy,0.9444996845448098,BOTH_CORRECT,False,True,True,False
public,2413,2,Fear,2,Fear,0.6631828548010021,5,Surprise,0.9619392221032527,V21_CORRECT_V22_WRONG,True,True,True,False
public,2414,6,Neutral,6,Neutral,0.6321527623922731,6,Neutral,0.9156660141386899,BOTH_CORRECT,False,True,True,False
public,2415,3,Happy,3,Happy,0.9389285563619499,3,Happy,0.941014315944736,BOTH_CORRECT,False,True,True,False
public,2416,0,Angry,2,Fear,0.8275808718162537,2,Fear,0.9540656376572597,BOTH_WRONG,False,True,True,False
public,2417,5,Surprise,5,Surprise,0.9593392191093801,5,Surprise,0.9602297705717145,BOTH_CORRECT,False,True,True,False
public,2418,6,Neutral,4,Sad,0.936839861002174,3,Happy,0.9494939274477526,BOTH_WRONG,False,True,True,False
public,2419,3,Happy,3,Happy,0.9443314904245337,3,Happy,0.9313279221835142,BOTH_CORRECT,False,True,True,False
public,2420,6,Neutral,0,Angry,0.5377853626082629,1,Disgust,0.8289862744637652,BOTH_WRONG,False,True,True,False
public,2421,2,Fear,2,Fear,0.5069813998523067,2,Fear,0.9126900387324366,BOTH_CORRECT,False,True,True,False
public,2422,3,Happy,3,Happy,0.9487135192684515,3,Happy,0.9476887578060958,BOTH_CORRECT,False,True,True,False
public,2423,6,Neutral,4,Sad,0.6190588903934364,2,Fear,0.9351834956726912,BOTH_WRONG,False,True,True,False
public,2424,3,Happy,3,Happy,0.9332211076241401,5,Surprise,0.7964013846217237,V21_CORRECT_V22_WRONG,True,True,False,False
public,2425,3,Happy,5,Surprise,0.9302351475267921,5,Surprise,0.9293001298169521,BOTH_WRONG,False,True,True,False
public,2426,6,Neutral,6,Neutral,0.7586052917035885,6,Neutral,0.6974483891853711,BOTH_CORRECT,False,True,True,False
public,2427,3,Happy,3,Happy,0.9574661343360177,3,Happy,0.9541271807819831,BOTH_CORRECT,False,True,True,False
public,2428,3,Happy,3,Happy,0.9546085497131752,3,Happy,0.952502286632415,BOTH_CORRECT,False,True,True,False
public,2429,0,Angry,0,Angry,0.4037653509093298,0,Angry,0.867591204865002,BOTH_CORRECT,False,True,True,False
public,2430,6,Neutral,6,Neutral,0.9012340776413552,6,Neutral,0.9378517460479615,BOTH_CORRECT,False,True,True,False
public,2431,3,Happy,3,Happy,0.9477847931320319,3,Happy,0.945517480541994,BOTH_CORRECT,False,True,True,False
public,2432,3,Happy,3,Happy,0.9495464995871133,3,Happy,0.9563230614936149,BOTH_CORRECT,False,True,True,False
public,2433,0,Angry,2,Fear,0.4708938271744305,2,Fear,0.8460394297784596,BOTH_WRONG,False,True,True,False
public,2434,4,Sad,4,Sad,0.7221769028387153,4,Sad,0.5318496264726696,BOTH_CORRECT,False,True,True,False
public,2435,3,Happy,2,Fear,0.9512723824471654,6,Neutral,0.8911541871209625,BOTH_WRONG,False,True,True,False
public,2436,3,Happy,3,Happy,0.9548582617832129,3,Happy,0.9109418469844424,BOTH_CORRECT,False,True,True,False
public,2437,3,Happy,3,Happy,0.9468081590661037,3,Happy,0.9426644830608584,BOTH_CORRECT,False,True,True,False
public,2438,5,Surprise,5,Surprise,0.9160764086981821,5,Surprise,0.9530477006396492,BOTH_CORRECT,False,True,True,False
public,2439,3,Happy,3,Happy,0.9451271430856066,3,Happy,0.9485305582395875,BOTH_CORRECT,False,True,True,False
public,2440,4,Sad,6,Neutral,0.8673105709469768,6,Neutral,0.7828729909196943,BOTH_WRONG,False,True,True,False
public,2441,3,Happy,3,Happy,0.9514889767892615,3,Happy,0.9518679642731288,BOTH_CORRECT,False,True,True,False
public,2442,0,Angry,0,Angry,0.8887187732654064,0,Angry,0.9562873804700287,BOTH_CORRECT,False,True,True,False
public,2443,0,Angry,0,Angry,0.9415818256424844,0,Angry,0.8596215310984284,BOTH_CORRECT,False,True,True,False
public,2444,0,Angry,4,Sad,0.8031572825460092,4,Sad,0.8318567050680687,BOTH_WRONG,False,True,True,False
public,2445,0,Angry,6,Neutral,0.9127287256562088,6,Neutral,0.9437778036372356,BOTH_WRONG,False,True,True,False
public,2446,2,Fear,2,Fear,0.9664848633594151,2,Fear,0.9243214605076674,BOTH_CORRECT,False,True,True,False
public,2447,4,Sad,4,Sad,0.44719714169843844,1,Disgust,0.42959282551252537,V21_CORRECT_V22_WRONG,True,True,True,False
public,2448,2,Fear,2,Fear,0.9546659545857562,2,Fear,0.9156285259841617,BOTH_CORRECT,False,False,False,True
public,2449,4,Sad,4,Sad,0.9152342382068769,4,Sad,0.8854827022604459,BOTH_CORRECT,False,True,True,False
public,2450,2,Fear,2,Fear,0.922673560752956,2,Fear,0.9305527300263028,BOTH_CORRECT,False,True,True,False
public,2451,3,Happy,3,Happy,0.950380583848159,3,Happy,0.9432530864396778,BOTH_CORRECT,False,True,True,False
public,2452,4,Sad,2,Fear,0.45355931913173825,2,Fear,0.7729011882873257,BOTH_WRONG,False,True,True,False
public,2453,0,Angry,0,Angry,0.4451039016373191,0,Angry,0.5141962725754132,BOTH_CORRECT,False,True,True,False
public,2454,5,Surprise,5,Surprise,0.9546166011811609,5,Surprise,0.9568760288605378,BOTH_CORRECT,False,True,True,False
public,2455,6,Neutral,6,Neutral,0.9499595243188886,6,Neutral,0.9459969074794203,BOTH_CORRECT,False,True,True,False
public,2456,3,Happy,3,Happy,0.5390075718986603,4,Sad,0.5048880106240758,V21_CORRECT_V22_WRONG,True,True,True,False
public,2457,4,Sad,0,Angry,0.9100469901716433,4,Sad,0.9521896501990881,V22_CORRECT_V21_WRONG,True,True,True,False
public,2458,3,Happy,5,Surprise,0.6164887018628933,3,Happy,0.5711235871209679,V22_CORRECT_V21_WRONG,True,True,True,False
public,2459,4,Sad,0,Angry,0.928623816842632,0,Angry,0.8741639676550197,BOTH_WRONG,False,True,True,False
public,2460,6,Neutral,4,Sad,0.8632459768538583,4,Sad,0.9317254662990171,BOTH_WRONG,False,True,True,False
public,2461,3,Happy,3,Happy,0.9515324246668856,3,Happy,0.9149299393444472,BOTH_CORRECT,False,True,True,False
public,2462,3,Happy,3,Happy,0.949839935054598,3,Happy,0.8936349993687296,BOTH_CORRECT,False,True,True,False
public,2463,6,Neutral,3,Happy,0.9426719243595051,3,Happy,0.8213335846760224,BOTH_WRONG,False,False,False,False
public,2464,5,Surprise,5,Surprise,0.876648329064442,5,Surprise,0.8741781883145869,BOTH_CORRECT,False,True,True,False
public,2465,4,Sad,4,Sad,0.6532522568224018,2,Fear,0.8734966155072954,V21_CORRECT_V22_WRONG,True,True,True,False
public,2466,4,Sad,4,Sad,0.552482908762827,4,Sad,0.5126721642929272,BOTH_CORRECT,False,True,True,False
public,2467,3,Happy,3,Happy,0.9556050430021287,3,Happy,0.9575976511032679,BOTH_CORRECT,False,True,True,False
public,2468,3,Happy,3,Happy,0.9069716814448588,3,Happy,0.9638942847858243,BOTH_CORRECT,False,True,True,False
public,2469,3,Happy,6,Neutral,0.919706722790884,6,Neutral,0.8128905742089233,BOTH_WRONG,False,True,True,False
public,2470,3,Happy,5,Surprise,0.7820820706403556,0,Angry,0.7818850994418222,BOTH_WRONG,False,True,True,False
public,2471,6,Neutral,4,Sad,0.5399365274222583,6,Neutral,0.9499486214921944,V22_CORRECT_V21_WRONG,True,True,True,False
public,2472,5,Surprise,5,Surprise,0.8131583003379658,6,Neutral,0.6353273295540064,V21_CORRECT_V22_WRONG,True,True,True,False
public,2473,4,Sad,2,Fear,0.706731447397578,4,Sad,0.8931577449913465,V22_CORRECT_V21_WRONG,True,True,True,False
public,2474,4,Sad,4,Sad,0.9625869559757764,4,Sad,0.9449618723444564,BOTH_CORRECT,False,True,True,False
public,2475,2,Fear,2,Fear,0.9224573388847179,2,Fear,0.46661874599228537,BOTH_CORRECT,False,True,False,False
public,2476,5,Surprise,5,Surprise,0.9429803475673069,5,Surprise,0.9521496920094956,BOTH_CORRECT,False,True,True,False
public,2477,4,Sad,5,Surprise,0.6900897612006369,4,Sad,0.8903414691924009,V22_CORRECT_V21_WRONG,True,True,True,False
public,2478,5,Surprise,5,Surprise,0.9351715677839714,5,Surprise,0.9535354647553148,BOTH_CORRECT,False,True,True,False
public,2479,2,Fear,2,Fear,0.9637531053416015,2,Fear,0.9619218139088497,BOTH_CORRECT,False,False,False,True
public,2480,6,Neutral,6,Neutral,0.8863798554670052,6,Neutral,0.9279038004443726,BOTH_CORRECT,False,True,True,False
public,2481,4,Sad,2,Fear,0.9672784423056857,2,Fear,0.9148415958877002,BOTH_WRONG,False,True,True,False
public,2482,4,Sad,4,Sad,0.9288904539960992,4,Sad,0.5474336933435218,BOTH_CORRECT,False,True,True,False
public,2483,5,Surprise,5,Surprise,0.960389448110902,5,Surprise,0.955234276196838,BOTH_CORRECT,False,True,True,False
public,2484,0,Angry,0,Angry,0.9135798010425302,6,Neutral,0.5182671596686101,V21_CORRECT_V22_WRONG,True,True,True,False
public,2485,5,Surprise,5,Surprise,0.9495107715422367,5,Surprise,0.9569025578442684,BOTH_CORRECT,False,True,True,False
public,2486,0,Angry,4,Sad,0.46247963311681256,4,Sad,0.9163079496748101,BOTH_WRONG,False,True,True,False
public,2487,1,Disgust,1,Disgust,0.7569295549131555,1,Disgust,0.934737412761055,BOTH_CORRECT,False,True,False,False
public,2488,4,Sad,6,Neutral,0.9132425884323968,0,Angry,0.9345753855199785,BOTH_WRONG,False,True,True,False
public,2489,5,Surprise,5,Surprise,0.9500847054543783,5,Surprise,0.9446148234132578,BOTH_CORRECT,False,False,False,True
public,2490,5,Surprise,5,Surprise,0.9463491147188549,5,Surprise,0.9374130814331042,BOTH_CORRECT,False,False,False,True
public,2491,3,Happy,3,Happy,0.7382036754429772,3,Happy,0.9652667752119783,BOTH_CORRECT,False,True,True,False
public,2492,2,Fear,2,Fear,0.9129425726947279,2,Fear,0.9563610304512797,BOTH_CORRECT,False,True,True,False
public,2493,3,Happy,3,Happy,0.9472614246100028,3,Happy,0.9433698962637315,BOTH_CORRECT,False,True,True,False
public,2494,0,Angry,0,Angry,0.964209791992202,0,Angry,0.9629300902190916,BOTH_CORRECT,False,True,True,False
public,2495,2,Fear,2,Fear,0.961813912856444,2,Fear,0.9595635979713999,BOTH_CORRECT,False,True,True,False
public,2496,1,Disgust,1,Disgust,0.48425032844751215,5,Surprise,0.9108049224552629,V21_CORRECT_V22_WRONG,True,True,True,False
public,2497,5,Surprise,5,Surprise,0.9526195702899705,5,Surprise,0.9493382078862989,BOTH_CORRECT,False,True,True,False
public,2498,0,Angry,3,Happy,0.9483436950526658,0,Angry,0.9533898286066844,V22_CORRECT_V21_WRONG,True,True,True,False
public,2499,3,Happy,3,Happy,0.9528794106985096,3,Happy,0.9473145434679026,BOTH_CORRECT,False,True,True,False
public,2500,3,Happy,3,Happy,0.9547676784275931,3,Happy,0.9615055213064655,BOTH_CORRECT,False,True,True,False
public,2501,0,Angry,0,Angry,0.9516327300039047,0,Angry,0.9546513538123003,BOTH_CORRECT,False,True,True,False
public,2502,6,Neutral,6,Neutral,0.8243385163101801,0,Angry,0.6709462171191742,V21_CORRECT_V22_WRONG,True,True,True,False
public,2503,6,Neutral,6,Neutral,0.3432399432554561,6,Neutral,0.9404039150551482,BOTH_CORRECT,False,True,True,False
public,2504,0,Angry,0,Angry,0.9638270009968876,0,Angry,0.9610255860840777,BOTH_CORRECT,False,True,True,False
public,2505,3,Happy,2,Fear,0.608129206703446,6,Neutral,0.4754680564026351,BOTH_WRONG,False,True,True,False
public,2506,2,Fear,2,Fear,0.659910914730253,2,Fear,0.7748419727946928,BOTH_CORRECT,False,True,False,False
public,2507,4,Sad,4,Sad,0.8269865203234934,4,Sad,0.7628727522773752,BOTH_CORRECT,False,True,True,False
public,2508,4,Sad,4,Sad,0.7831217201144256,4,Sad,0.7191658159025588,BOTH_CORRECT,False,True,True,False
public,2509,4,Sad,4,Sad,0.7797309776163229,4,Sad,0.9472364717011623,BOTH_CORRECT,False,True,True,False
public,2510,5,Surprise,2,Fear,0.9451701807196722,2,Fear,0.573623216750386,BOTH_WRONG,False,True,True,False
public,2511,4,Sad,4,Sad,0.8066470651255973,4,Sad,0.5579719282947027,BOTH_CORRECT,False,False,False,True
public,2512,0,Angry,0,Angry,0.961512154910876,0,Angry,0.9450487960843262,BOTH_CORRECT,False,True,True,False
public,2513,0,Angry,2,Fear,0.5951604162198629,4,Sad,0.5949031185260496,BOTH_WRONG,False,True,True,False
public,2514,5,Surprise,5,Surprise,0.9565303624289,5,Surprise,0.9591505656540424,BOTH_CORRECT,False,False,False,True
public,2515,5,Surprise,0,Angry,0.9576549574291271,0,Angry,0.7171030387974147,BOTH_WRONG,False,True,True,False
public,2516,4,Sad,4,Sad,0.8441949512604011,6,Neutral,0.7611903312013402,V21_CORRECT_V22_WRONG,True,True,True,False
public,2517,5,Surprise,2,Fear,0.8623530888344534,0,Angry,0.9382798525197196,BOTH_WRONG,False,True,False,False
public,2518,4,Sad,6,Neutral,0.5575127555667817,4,Sad,0.8480263837801335,V22_CORRECT_V21_WRONG,True,True,True,False
public,2519,2,Fear,5,Surprise,0.9115327423921469,2,Fear,0.9135177737125,V22_CORRECT_V21_WRONG,True,True,True,False
public,2520,0,Angry,0,Angry,0.41988977487539164,0,Angry,0.8576573647108566,BOTH_CORRECT,False,True,True,False
public,2521,3,Happy,3,Happy,0.9560099979083524,3,Happy,0.9506885111735227,BOTH_CORRECT,False,True,True,False
public,2522,0,Angry,2,Fear,0.7485337581040638,2,Fear,0.9511965117730188,BOTH_WRONG,False,True,True,False
public,2523,1,Disgust,4,Sad,0.5829839806597714,6,Neutral,0.9348402147912332,BOTH_WRONG,False,True,True,False
public,2524,3,Happy,4,Sad,0.8795083718098743,2,Fear,0.7157449836390907,BOTH_WRONG,False,True,True,False
public,2525,0,Angry,0,Angry,0.9625529052280701,0,Angry,0.9569470962729141,BOTH_CORRECT,False,True,True,False
public,2526,0,Angry,0,Angry,0.9530769984014733,0,Angry,0.8780963817427411,BOTH_CORRECT,False,True,True,False
public,2527,3,Happy,3,Happy,0.9504773182076923,3,Happy,0.9540825612901975,BOTH_CORRECT,False,True,True,False
public,2528,4,Sad,4,Sad,0.5799936410176288,4,Sad,0.9375971527716115,BOTH_CORRECT,False,True,True,False
public,2529,6,Neutral,2,Fear,0.6155250755056008,2,Fear,0.5380652026422692,BOTH_WRONG,False,True,True,False
public,2530,3,Happy,3,Happy,0.9524893527305124,3,Happy,0.9416932755388495,BOTH_CORRECT,False,True,True,False
public,2531,6,Neutral,6,Neutral,0.7296838976621293,6,Neutral,0.9035198076160584,BOTH_CORRECT,False,True,True,False
public,2532,3,Happy,3,Happy,0.8630174382477301,3,Happy,0.9462225134208596,BOTH_CORRECT,False,True,True,False
public,2533,3,Happy,3,Happy,0.9492831161986908,3,Happy,0.9481426965558926,BOTH_CORRECT,False,True,True,False
public,2534,3,Happy,3,Happy,0.9546943058418697,3,Happy,0.9588957644579474,BOTH_CORRECT,False,True,True,False
public,2535,6,Neutral,4,Sad,0.36950653804811645,4,Sad,0.9179958203398556,BOTH_WRONG,False,True,True,False
public,2536,3,Happy,3,Happy,0.9181659407032216,3,Happy,0.9432110424815828,BOTH_CORRECT,False,True,True,False
public,2537,6,Neutral,6,Neutral,0.7987988515538799,6,Neutral,0.8618823974346703,BOTH_CORRECT,False,True,True,False
public,2538,0,Angry,0,Angry,0.9417180902297551,0,Angry,0.9629542258164766,BOTH_CORRECT,False,True,True,False
public,2539,4,Sad,3,Happy,0.6827241666616481,4,Sad,0.9427351143291374,V22_CORRECT_V21_WRONG,True,True,True,False
public,2540,4,Sad,6,Neutral,0.6674226649401007,2,Fear,0.79593068478426,BOTH_WRONG,False,True,True,False
public,2541,3,Happy,3,Happy,0.9512655242876468,3,Happy,0.9476877756509025,BOTH_CORRECT,False,True,True,False
public,2542,3,Happy,3,Happy,0.9539163845245618,3,Happy,0.9540168649181785,BOTH_CORRECT,False,True,True,False
public,2543,6,Neutral,0,Angry,0.9045392571947761,0,Angry,0.7652031380652712,BOTH_WRONG,False,True,True,False
public,2544,0,Angry,0,Angry,0.9625625181455882,0,Angry,0.9376053065319339,BOTH_CORRECT,False,False,False,True
public,2545,2,Fear,2,Fear,0.5142643790788134,6,Neutral,0.42108902739784654,V21_CORRECT_V22_WRONG,True,True,True,False
public,2546,3,Happy,3,Happy,0.9575171581288896,3,Happy,0.9280757645372937,BOTH_CORRECT,False,True,True,False
public,2547,3,Happy,3,Happy,0.939181447470812,3,Happy,0.8429386382441768,BOTH_CORRECT,False,True,True,False
public,2548,6,Neutral,6,Neutral,0.9560638971807917,6,Neutral,0.8727678482872756,BOTH_CORRECT,False,True,True,False
public,2549,3,Happy,3,Happy,0.9544572889100063,3,Happy,0.9508160923010871,BOTH_CORRECT,False,True,True,False
public,2550,2,Fear,4,Sad,0.9073478727031387,2,Fear,0.6979659931218034,V22_CORRECT_V21_WRONG,True,True,True,False
public,2551,6,Neutral,6,Neutral,0.9155666993091072,6,Neutral,0.9519858658573852,BOTH_CORRECT,False,True,True,False
public,2552,0,Angry,0,Angry,0.8228860011655924,0,Angry,0.8463143813135022,BOTH_CORRECT,False,True,True,False
public,2553,2,Fear,6,Neutral,0.5086752075158608,3,Happy,0.6788497456674527,BOTH_WRONG,False,True,True,False
public,2554,6,Neutral,6,Neutral,0.8441294484529187,6,Neutral,0.6554899914729408,BOTH_CORRECT,False,True,True,False
public,2555,6,Neutral,6,Neutral,0.9591464618351015,4,Sad,0.3852661009337621,V21_CORRECT_V22_WRONG,True,True,True,False
public,2556,4,Sad,4,Sad,0.9603985679380993,4,Sad,0.8478045222422473,BOTH_CORRECT,False,True,True,False
public,2557,0,Angry,0,Angry,0.946334542757722,0,Angry,0.9292896895021017,BOTH_CORRECT,False,True,True,False
public,2558,4,Sad,4,Sad,0.9464470995808015,4,Sad,0.9557989952922579,BOTH_CORRECT,False,True,True,False
public,2559,6,Neutral,6,Neutral,0.895868912456689,6,Neutral,0.9476897679114029,BOTH_CORRECT,False,True,True,False
public,2560,6,Neutral,4,Sad,0.6119029602071849,4,Sad,0.7793351748967484,BOTH_WRONG,False,True,True,False
public,2561,2,Fear,2,Fear,0.9270329436636556,2,Fear,0.9274216428254125,BOTH_CORRECT,False,True,True,False
public,2562,0,Angry,3,Happy,0.9343456055037176,0,Angry,0.726047130180937,V22_CORRECT_V21_WRONG,True,True,True,False
public,2563,4,Sad,4,Sad,0.6202551125424753,4,Sad,0.47513999290837283,BOTH_CORRECT,False,True,True,False
public,2564,2,Fear,5,Surprise,0.9519955735537933,5,Surprise,0.9409928298174022,BOTH_WRONG,False,True,True,False
public,2565,3,Happy,3,Happy,0.9475760804442463,3,Happy,0.9487161121790972,BOTH_CORRECT,False,False,False,True
public,2566,6,Neutral,4,Sad,0.9292465632355277,4,Sad,0.8829588610095214,BOTH_WRONG,False,True,True,False
public,2567,3,Happy,3,Happy,0.917051545944467,3,Happy,0.8866903251368642,BOTH_CORRECT,False,True,True,False
public,2568,4,Sad,4,Sad,0.7618212153433995,4,Sad,0.9008624911638586,BOTH_CORRECT,False,True,True,False
public,2569,6,Neutral,6,Neutral,0.8783376646987812,6,Neutral,0.8355437465088246,BOTH_CORRECT,False,True,True,False
public,2570,0,Angry,2,Fear,0.9536002009430196,2,Fear,0.9518601742642421,BOTH_WRONG,False,True,True,False
public,2571,0,Angry,0,Angry,0.9529075879952454,0,Angry,0.9625102961048374,BOTH_CORRECT,False,True,True,False
public,2572,4,Sad,6,Neutral,0.5234037628803047,6,Neutral,0.43218468785977093,BOTH_WRONG,False,True,True,False
public,2573,3,Happy,6,Neutral,0.7562099374959771,3,Happy,0.5265336902970152,V22_CORRECT_V21_WRONG,True,True,True,False
public,2574,4,Sad,0,Angry,0.6796807881461944,0,Angry,0.9571118014385017,BOTH_WRONG,False,True,True,False
public,2575,6,Neutral,6,Neutral,0.915035390729225,3,Happy,0.8021879649822053,V21_CORRECT_V22_WRONG,True,True,True,False
public,2576,3,Happy,3,Happy,0.95258831561372,3,Happy,0.9511426629097662,BOTH_CORRECT,False,False,False,True
public,2577,2,Fear,0,Angry,0.47992635306452747,2,Fear,0.9603396907278662,V22_CORRECT_V21_WRONG,True,True,True,False
public,2578,6,Neutral,6,Neutral,0.923317554886494,4,Sad,0.5949173206687324,V21_CORRECT_V22_WRONG,True,True,True,False
public,2579,4,Sad,6,Neutral,0.7612588882956224,0,Angry,0.7262405358415482,BOTH_WRONG,False,True,True,False
public,2580,3,Happy,6,Neutral,0.9562795221737994,6,Neutral,0.9610083690250077,BOTH_WRONG,False,True,True,False
public,2581,4,Sad,4,Sad,0.9553683869848952,4,Sad,0.9614962503596403,BOTH_CORRECT,False,True,True,False
public,2582,3,Happy,3,Happy,0.9471245240161916,3,Happy,0.900085881043028,BOTH_CORRECT,False,True,True,False
public,2583,3,Happy,3,Happy,0.9368598746500039,3,Happy,0.9288829505324113,BOTH_CORRECT,False,False,False,True
public,2584,0,Angry,0,Angry,0.8541261701550222,0,Angry,0.8675453344992764,BOTH_CORRECT,False,True,True,False
public,2585,5,Surprise,5,Surprise,0.9238508602888952,5,Surprise,0.9503912804858606,BOTH_CORRECT,False,False,False,True
public,2586,3,Happy,0,Angry,0.9398583897769568,3,Happy,0.8869886010569306,V22_CORRECT_V21_WRONG,True,True,True,False
public,2587,0,Angry,0,Angry,0.9500744552041986,0,Angry,0.8991813723993245,BOTH_CORRECT,False,False,False,True
public,2588,3,Happy,3,Happy,0.9291825798555721,3,Happy,0.9308704745513787,BOTH_CORRECT,False,True,True,False
public,2589,3,Happy,3,Happy,0.9540128698238601,3,Happy,0.9536763637110466,BOTH_CORRECT,False,True,True,False
public,2590,2,Fear,2,Fear,0.4871063192225518,2,Fear,0.8916366798611064,BOTH_CORRECT,False,True,True,False
public,2591,4,Sad,4,Sad,0.7964137898338911,4,Sad,0.9642043541875523,BOTH_CORRECT,False,True,True,False
public,2592,3,Happy,3,Happy,0.9509085126642104,3,Happy,0.9513461629645295,BOTH_CORRECT,False,True,True,False
public,2593,4,Sad,4,Sad,0.9588468231532883,4,Sad,0.9532351588405793,BOTH_CORRECT,False,False,False,True
public,2594,3,Happy,3,Happy,0.9303077648053619,3,Happy,0.9533284118073712,BOTH_CORRECT,False,True,True,False
public,2595,5,Surprise,5,Surprise,0.9453355279248475,5,Surprise,0.9605680017128679,BOTH_CORRECT,False,True,True,False
public,2596,3,Happy,3,Happy,0.918196469562905,3,Happy,0.8479658748494704,BOTH_CORRECT,False,True,True,False
public,2597,5,Surprise,0,Angry,0.8708953090129865,0,Angry,0.807089819524267,BOTH_WRONG,False,True,True,False
public,2598,6,Neutral,2,Fear,0.36674859059222703,0,Angry,0.8129056456113812,BOTH_WRONG,False,True,True,False
public,2599,3,Happy,6,Neutral,0.9465011603479467,6,Neutral,0.9440160159714237,BOTH_WRONG,False,True,True,False
public,2600,3,Happy,3,Happy,0.9498487112522822,3,Happy,0.9544638160833916,BOTH_CORRECT,False,True,True,False
public,2601,0,Angry,0,Angry,0.7229859153765388,0,Angry,0.9619144309735707,BOTH_CORRECT,False,True,True,False
public,2602,2,Fear,6,Neutral,0.883238770397337,6,Neutral,0.910359074080539,BOTH_WRONG,False,True,True,False
public,2603,2,Fear,4,Sad,0.9343375558773441,4,Sad,0.9180876412490202,BOTH_WRONG,False,True,True,False
public,2604,4,Sad,4,Sad,0.7670735214561356,6,Neutral,0.8665403054710377,V21_CORRECT_V22_WRONG,True,True,True,False
public,2605,3,Happy,0,Angry,0.9191843592529976,0,Angry,0.4770692133483027,BOTH_WRONG,False,True,True,False
public,2606,6,Neutral,6,Neutral,0.9500045313562778,6,Neutral,0.956907119775693,BOTH_CORRECT,False,True,True,False
public,2607,3,Happy,3,Happy,0.9435890645993928,3,Happy,0.9376232281102855,BOTH_CORRECT,False,True,True,False
public,2608,6,Neutral,4,Sad,0.5115901923952156,4,Sad,0.5298462037954506,BOTH_WRONG,False,True,True,False
public,2609,6,Neutral,6,Neutral,0.9142007633342305,6,Neutral,0.9570670383833885,BOTH_CORRECT,False,False,False,True
public,2610,4,Sad,0,Angry,0.7398355261819314,6,Neutral,0.8236636326009564,BOTH_WRONG,False,True,True,False
public,2611,3,Happy,3,Happy,0.9299051171986928,3,Happy,0.9488963814371509,BOTH_CORRECT,False,True,True,False
public,2612,4,Sad,2,Fear,0.6645145780126102,2,Fear,0.8366597842940591,BOTH_WRONG,False,True,True,False
public,2613,1,Disgust,1,Disgust,0.9594572734090526,1,Disgust,0.9731476121146987,BOTH_CORRECT,False,True,True,False
public,2614,1,Disgust,6,Neutral,0.86473433164536,6,Neutral,0.703410960214108,BOTH_WRONG,False,True,True,False
public,2615,5,Surprise,5,Surprise,0.8654190896076145,5,Surprise,0.9597643726508411,BOTH_CORRECT,False,False,False,True
public,2616,4,Sad,4,Sad,0.7111610383125679,2,Fear,0.9466630703359641,V21_CORRECT_V22_WRONG,True,True,True,False
public,2617,4,Sad,4,Sad,0.8962869229869066,3,Happy,0.7251881844206055,V21_CORRECT_V22_WRONG,True,True,True,False
public,2618,4,Sad,0,Angry,0.9525777911725826,4,Sad,0.7081244505103389,V22_CORRECT_V21_WRONG,True,True,True,False
public,2619,4,Sad,4,Sad,0.8090366172006107,6,Neutral,0.5031934873984747,V21_CORRECT_V22_WRONG,True,True,True,False
public,2620,3,Happy,3,Happy,0.9589932386020025,3,Happy,0.9296379745618535,BOTH_CORRECT,False,True,True,False
public,2621,2,Fear,2,Fear,0.902484500198038,2,Fear,0.9626953672082234,BOTH_CORRECT,False,True,True,False
public,2622,0,Angry,2,Fear,0.8261477006839397,2,Fear,0.9537405412613347,BOTH_WRONG,False,True,True,False
public,2623,6,Neutral,6,Neutral,0.7992349993075427,6,Neutral,0.9602211163267107,BOTH_CORRECT,False,True,True,False
public,2624,4,Sad,4,Sad,0.9091151812992727,4,Sad,0.9313206684006898,BOTH_CORRECT,False,True,True,False
public,2625,3,Happy,3,Happy,0.9452336649099404,3,Happy,0.9449655718921028,BOTH_CORRECT,False,True,True,False
public,2626,3,Happy,6,Neutral,0.7132608188913736,3,Happy,0.8561618942399334,V22_CORRECT_V21_WRONG,True,True,True,False
public,2627,4,Sad,3,Happy,0.9576848493494869,3,Happy,0.8489094652281449,BOTH_WRONG,False,True,True,False
public,2628,0,Angry,3,Happy,0.46342149041854586,0,Angry,0.8304962434791946,V22_CORRECT_V21_WRONG,True,True,True,False
public,2629,0,Angry,2,Fear,0.43076324527556586,0,Angry,0.8699892060591111,V22_CORRECT_V21_WRONG,True,True,True,False
public,2630,3,Happy,3,Happy,0.9490613699967537,3,Happy,0.9441378078353957,BOTH_CORRECT,False,False,False,True
public,2631,5,Surprise,5,Surprise,0.9555218175802592,5,Surprise,0.9587053882514699,BOTH_CORRECT,False,True,True,False
public,2632,2,Fear,2,Fear,0.9153203645325162,0,Angry,0.9635397295038973,V21_CORRECT_V22_WRONG,True,True,True,False
public,2633,2,Fear,2,Fear,0.7969078043378706,2,Fear,0.5067698532621058,BOTH_CORRECT,False,True,True,False
public,2634,0,Angry,4,Sad,0.46247963311681256,4,Sad,0.9163079496748101,BOTH_WRONG,False,True,True,False
public,2635,6,Neutral,6,Neutral,0.3588182610751309,4,Sad,0.9211150603163931,V21_CORRECT_V22_WRONG,True,True,True,False
public,2636,5,Surprise,5,Surprise,0.9480718676664105,5,Surprise,0.9562434180518902,BOTH_CORRECT,False,True,True,False
public,2637,3,Happy,3,Happy,0.9509610803156574,3,Happy,0.9495011786526433,BOTH_CORRECT,False,True,True,False
public,2638,6,Neutral,6,Neutral,0.9295620190371382,6,Neutral,0.9146704366786991,BOTH_CORRECT,False,True,True,False
public,2639,5,Surprise,5,Surprise,0.9433345042988966,5,Surprise,0.9575414155090644,BOTH_CORRECT,False,False,False,True
public,2640,3,Happy,3,Happy,0.9559861820169824,3,Happy,0.9511705081470486,BOTH_CORRECT,False,True,True,False
public,2641,3,Happy,3,Happy,0.955520112930434,3,Happy,0.9430403732360307,BOTH_CORRECT,False,True,True,False
public,2642,4,Sad,4,Sad,0.9112237459116531,3,Happy,0.8730971969151846,V21_CORRECT_V22_WRONG,True,True,True,False
public,2643,6,Neutral,4,Sad,0.9286489755440277,4,Sad,0.9611394234465545,BOTH_WRONG,False,True,True,False
public,2644,5,Surprise,5,Surprise,0.9391611279952914,5,Surprise,0.9273411716286073,BOTH_CORRECT,False,False,False,True
public,2645,5,Surprise,5,Surprise,0.9588464188129476,5,Surprise,0.9580440123473951,BOTH_CORRECT,False,True,True,False
public,2646,4,Sad,4,Sad,0.6298730171265354,4,Sad,0.9497026973057734,BOTH_CORRECT,False,True,True,False
public,2647,2,Fear,2,Fear,0.7668912531186891,2,Fear,0.7186938846154454,BOTH_CORRECT,False,True,True,False
public,2648,2,Fear,2,Fear,0.630744950062265,3,Happy,0.5987065539760977,V21_CORRECT_V22_WRONG,True,True,True,False
public,2649,3,Happy,3,Happy,0.9538555307735186,3,Happy,0.9539910180602114,BOTH_CORRECT,False,True,True,False
public,2650,3,Happy,2,Fear,0.5415944624706522,5,Surprise,0.6797585442981896,BOTH_WRONG,False,True,True,False
public,2651,2,Fear,6,Neutral,0.40113819668108175,4,Sad,0.5730861653852203,BOTH_WRONG,False,True,True,False
public,2652,3,Happy,3,Happy,0.9467897176117774,3,Happy,0.9501986908826744,BOTH_CORRECT,False,True,True,False
public,2653,2,Fear,2,Fear,0.860785217454986,2,Fear,0.6991153996734792,BOTH_CORRECT,False,True,True,False
public,2654,3,Happy,3,Happy,0.952211973331856,3,Happy,0.9530720692875806,BOTH_CORRECT,False,True,True,False
public,2655,5,Surprise,5,Surprise,0.46409964711287954,5,Surprise,0.9612367039672638,BOTH_CORRECT,False,True,True,False
public,2656,6,Neutral,6,Neutral,0.9483957960230653,6,Neutral,0.9483673350078535,BOTH_CORRECT,False,True,True,False
public,2657,3,Happy,3,Happy,0.9262148402943686,3,Happy,0.9508524622640286,BOTH_CORRECT,False,True,True,False
public,2658,4,Sad,4,Sad,0.798740357425687,4,Sad,0.5779561377151093,BOTH_CORRECT,False,True,True,False
public,2659,1,Disgust,1,Disgust,0.9681659115804375,1,Disgust,0.9575904916472314,BOTH_CORRECT,False,False,False,True
public,2660,6,Neutral,6,Neutral,0.8974508596385214,6,Neutral,0.919564323950124,BOTH_CORRECT,False,True,True,False
public,2661,3,Happy,3,Happy,0.9514141915512254,3,Happy,0.95222939214846,BOTH_CORRECT,False,True,True,False
public,2662,6,Neutral,6,Neutral,0.9495879328496886,6,Neutral,0.9583717904170423,BOTH_CORRECT,False,True,True,False
public,2663,2,Fear,6,Neutral,0.9031737195573495,4,Sad,0.398241364179972,BOTH_WRONG,False,True,True,False
public,2664,6,Neutral,6,Neutral,0.9429022990754675,6,Neutral,0.9480935730287493,BOTH_CORRECT,False,True,True,False
public,2665,3,Happy,3,Happy,0.5409342864851864,2,Fear,0.9411655579829062,V21_CORRECT_V22_WRONG,True,True,True,False
public,2666,2,Fear,0,Angry,0.9199784123221793,0,Angry,0.9005522666301667,BOTH_WRONG,False,True,True,False
public,2667,3,Happy,3,Happy,0.9384579180095143,3,Happy,0.8939392766280461,BOTH_CORRECT,False,True,True,False
public,2668,3,Happy,3,Happy,0.9573728838649364,3,Happy,0.9610370582991591,BOTH_CORRECT,False,True,True,False
public,2669,0,Angry,0,Angry,0.627836180373397,2,Fear,0.7513398114124118,V21_CORRECT_V22_WRONG,True,True,True,False
public,2670,2,Fear,0,Angry,0.7337204578753064,0,Angry,0.5016359730307874,BOTH_WRONG,False,True,True,False
public,2671,6,Neutral,6,Neutral,0.8418915449457636,6,Neutral,0.8354006149810096,BOTH_CORRECT,False,True,True,False
public,2672,4,Sad,6,Neutral,0.7752029121507166,0,Angry,0.6751840535793802,BOTH_WRONG,False,True,True,False
public,2673,6,Neutral,4,Sad,0.44438707158930885,2,Fear,0.550036787476173,BOTH_WRONG,False,True,True,False
public,2674,0,Angry,2,Fear,0.7206752181085898,4,Sad,0.5841780452352335,BOTH_WRONG,False,True,True,False
public,2675,3,Happy,3,Happy,0.9516082668658913,3,Happy,0.9472806375772862,BOTH_CORRECT,False,True,True,False
public,2676,3,Happy,3,Happy,0.9075711340815875,6,Neutral,0.9191255926153011,V21_CORRECT_V22_WRONG,True,True,True,False
public,2677,4,Sad,4,Sad,0.7761928539194315,4,Sad,0.9330472304226787,BOTH_CORRECT,False,True,True,False
public,2678,4,Sad,4,Sad,0.4040107479564951,6,Neutral,0.5889426855615332,V21_CORRECT_V22_WRONG,True,True,True,False
public,2679,0,Angry,0,Angry,0.6592227159764734,0,Angry,0.5227171787404931,BOTH_CORRECT,False,True,True,False
public,2680,3,Happy,3,Happy,0.5475848044885586,3,Happy,0.5882981480448697,BOTH_CORRECT,False,True,True,False
public,2681,4,Sad,2,Fear,0.41679728231402713,6,Neutral,0.9539915962347398,BOTH_WRONG,False,True,True,False
public,2682,5,Surprise,5,Surprise,0.9543369280742902,5,Surprise,0.9526155007882275,BOTH_CORRECT,False,True,True,False
public,2683,5,Surprise,5,Surprise,0.9492447837462263,5,Surprise,0.955859272684452,BOTH_CORRECT,False,True,True,False
public,2684,4,Sad,4,Sad,0.9404777926132967,4,Sad,0.9509031700198705,BOTH_CORRECT,False,True,True,False
public,2685,4,Sad,4,Sad,0.8854744668160451,4,Sad,0.868458242130175,BOTH_CORRECT,False,True,True,False
public,2686,2,Fear,6,Neutral,0.8169830740398438,4,Sad,0.5257663625688817,BOTH_WRONG,False,True,True,False
public,2687,2,Fear,0,Angry,0.4556932611176289,2,Fear,0.750380361523956,V22_CORRECT_V21_WRONG,True,True,True,False
public,2688,4,Sad,6,Neutral,0.9042201210012527,6,Neutral,0.46537709326883825,BOTH_WRONG,False,True,True,False
public,2689,2,Fear,2,Fear,0.8771255002670899,2,Fear,0.6103959199754382,BOTH_CORRECT,False,True,True,False
public,2690,3,Happy,3,Happy,0.964561143528076,3,Happy,0.9641862419981251,BOTH_CORRECT,False,True,True,False
public,2691,1,Disgust,1,Disgust,0.7169982968607711,2,Fear,0.7333792796857385,V21_CORRECT_V22_WRONG,True,True,False,False
public,2692,4,Sad,0,Angry,0.5813035478683901,0,Angry,0.6757403996965256,BOTH_WRONG,False,True,True,False
public,2693,3,Happy,3,Happy,0.9505002266625049,3,Happy,0.950345749186763,BOTH_CORRECT,False,True,True,False
public,2694,2,Fear,6,Neutral,0.6552598098093392,2,Fear,0.7759435999774791,V22_CORRECT_V21_WRONG,True,True,True,False
public,2695,4,Sad,2,Fear,0.5040642922603761,2,Fear,0.5438439053385602,BOTH_WRONG,False,True,True,False
public,2696,5,Surprise,5,Surprise,0.9550780338216515,5,Surprise,0.9453617675860818,BOTH_CORRECT,False,False,False,True
public,2697,4,Sad,6,Neutral,0.8258515314495384,4,Sad,0.7245197875883738,V22_CORRECT_V21_WRONG,True,True,True,False
public,2698,4,Sad,4,Sad,0.9610953579467806,4,Sad,0.7878345048045408,BOTH_CORRECT,False,True,True,False
public,2699,4,Sad,4,Sad,0.5070478479204094,4,Sad,0.8402745214047288,BOTH_CORRECT,False,True,True,False
public,2700,4,Sad,0,Angry,0.7005479014592615,4,Sad,0.9259827117940881,V22_CORRECT_V21_WRONG,True,True,True,False
public,2701,3,Happy,3,Happy,0.9496390699635384,3,Happy,0.9502061431645819,BOTH_CORRECT,False,True,True,False
public,2702,2,Fear,4,Sad,0.44647441503166835,6,Neutral,0.5861260721553627,BOTH_WRONG,False,True,True,False
public,2703,6,Neutral,4,Sad,0.8484140384278998,4,Sad,0.49069057498817886,BOTH_WRONG,False,True,True,False
public,2704,3,Happy,3,Happy,0.9481941050586815,3,Happy,0.9482349390164503,BOTH_CORRECT,False,True,True,False
public,2705,6,Neutral,6,Neutral,0.8523804450928912,6,Neutral,0.9603483111422,BOTH_CORRECT,False,True,True,False
public,2706,6,Neutral,6,Neutral,0.8971875789123259,6,Neutral,0.8997969510598329,BOTH_CORRECT,False,True,False,False
public,2707,4,Sad,6,Neutral,0.9121037702306526,6,Neutral,0.9423926326346354,BOTH_WRONG,False,True,True,False
public,2708,4,Sad,4,Sad,0.802971439383668,2,Fear,0.765347040250172,V21_CORRECT_V22_WRONG,True,True,True,False
public,2709,2,Fear,2,Fear,0.4863524838031969,2,Fear,0.9467135467033181,BOTH_CORRECT,False,True,True,False
public,2710,3,Happy,3,Happy,0.9561250442555067,3,Happy,0.9529833402638631,BOTH_CORRECT,False,True,True,False
public,2711,3,Happy,3,Happy,0.9560591535710479,3,Happy,0.9554405606796011,BOTH_CORRECT,False,True,True,False
public,2712,2,Fear,4,Sad,0.8316746679188497,4,Sad,0.9464986747791341,BOTH_WRONG,False,True,True,False
public,2713,3,Happy,3,Happy,0.9459651375510699,3,Happy,0.9450167288803236,BOTH_CORRECT,False,True,True,False
public,2714,5,Surprise,5,Surprise,0.7677507855485516,5,Surprise,0.8949259190121637,BOTH_CORRECT,False,True,True,False
public,2715,4,Sad,2,Fear,0.7484425145318664,4,Sad,0.9584289813705688,V22_CORRECT_V21_WRONG,True,True,True,False
public,2716,6,Neutral,0,Angry,0.8621557737811738,6,Neutral,0.8189492240029826,V22_CORRECT_V21_WRONG,True,True,True,False
public,2717,2,Fear,4,Sad,0.6999004402419111,4,Sad,0.8812984650514729,BOTH_WRONG,False,True,True,False
public,2718,2,Fear,4,Sad,0.6704114526517398,4,Sad,0.5713393943925876,BOTH_WRONG,False,True,True,False
public,2719,2,Fear,4,Sad,0.6053987094052576,4,Sad,0.8832873741249662,BOTH_WRONG,False,True,True,False
public,2720,0,Angry,0,Angry,0.9531665167279378,0,Angry,0.9597588397476764,BOTH_CORRECT,False,True,True,False
public,2721,0,Angry,0,Angry,0.7655434338465746,2,Fear,0.7855927685037717,V21_CORRECT_V22_WRONG,True,True,True,False
public,2722,4,Sad,0,Angry,0.9408391934208247,4,Sad,0.5613127156002352,V22_CORRECT_V21_WRONG,True,True,True,False
public,2723,6,Neutral,6,Neutral,0.9333302844856409,6,Neutral,0.9434067283471304,BOTH_CORRECT,False,False,False,True
public,2724,5,Surprise,5,Surprise,0.9147233674344254,5,Surprise,0.9230592218146426,BOTH_CORRECT,False,True,True,False
public,2725,4,Sad,3,Happy,0.8768832004659713,4,Sad,0.33473979949698207,V22_CORRECT_V21_WRONG,True,True,True,False
public,2726,6,Neutral,6,Neutral,0.9450338803666997,6,Neutral,0.9537266600196094,BOTH_CORRECT,False,True,True,False
public,2727,6,Neutral,6,Neutral,0.5842659708001566,6,Neutral,0.9042096691412727,BOTH_CORRECT,False,True,True,False
public,2728,4,Sad,6,Neutral,0.8306866612193843,6,Neutral,0.5461277481770259,BOTH_WRONG,False,True,True,False
public,2729,3,Happy,6,Neutral,0.4723465178608876,3,Happy,0.9268490222414576,V22_CORRECT_V21_WRONG,True,True,True,False
public,2730,3,Happy,3,Happy,0.9539252699678922,3,Happy,0.9497259064248649,BOTH_CORRECT,False,True,True,False
public,2731,3,Happy,3,Happy,0.9340492113420645,6,Neutral,0.8575890393778,V21_CORRECT_V22_WRONG,True,True,True,False
public,2732,2,Fear,2,Fear,0.7803565152053439,2,Fear,0.9501134744880001,BOTH_CORRECT,False,True,True,False
public,2733,0,Angry,0,Angry,0.9139807185482829,0,Angry,0.9443718293352279,BOTH_CORRECT,False,True,True,False
public,2734,6,Neutral,6,Neutral,0.6848560167862415,6,Neutral,0.9601000842275204,BOTH_CORRECT,False,True,True,False
public,2735,0,Angry,4,Sad,0.8671654371018335,6,Neutral,0.8696992053507233,BOTH_WRONG,False,True,True,False
public,2736,0,Angry,6,Neutral,0.6982023634602822,0,Angry,0.42682420983133695,V22_CORRECT_V21_WRONG,True,True,True,False
public,2737,6,Neutral,6,Neutral,0.7970714168093522,6,Neutral,0.9531272419049797,BOTH_CORRECT,False,True,True,False
public,2738,0,Angry,1,Disgust,0.9652364966822866,1,Disgust,0.4749584556131951,BOTH_WRONG,False,True,True,False
public,2739,5,Surprise,5,Surprise,0.8245720042640353,5,Surprise,0.9205047234590883,BOTH_CORRECT,False,False,False,True
public,2740,2,Fear,3,Happy,0.8110656669133253,0,Angry,0.3692419687876819,BOTH_WRONG,False,True,False,False
public,2741,0,Angry,0,Angry,0.6179694761163473,0,Angry,0.689507390570019,BOTH_CORRECT,False,True,True,False
public,2742,5,Surprise,5,Surprise,0.9554725825882109,5,Surprise,0.9550912257738524,BOTH_CORRECT,False,True,True,False
public,2743,3,Happy,3,Happy,0.9524872864932615,3,Happy,0.6856012359077579,BOTH_CORRECT,False,True,True,False
public,2744,3,Happy,3,Happy,0.949933430564325,3,Happy,0.5579626086000121,BOTH_CORRECT,False,True,True,False
public,2745,4,Sad,4,Sad,0.3611903059939839,4,Sad,0.40301105716892516,BOTH_CORRECT,False,True,True,False
public,2746,4,Sad,3,Happy,0.6981410225092743,4,Sad,0.8815557818621471,V22_CORRECT_V21_WRONG,True,True,True,False
public,2747,3,Happy,3,Happy,0.946625998771052,3,Happy,0.9500033778045264,BOTH_CORRECT,False,True,True,False
public,2748,3,Happy,3,Happy,0.9542934964215478,3,Happy,0.9547587456679739,BOTH_CORRECT,False,True,True,False
public,2749,3,Happy,3,Happy,0.945690945370735,3,Happy,0.9430898378094691,BOTH_CORRECT,False,True,True,False
public,2750,4,Sad,4,Sad,0.5276725264131265,4,Sad,0.95449282078451,BOTH_CORRECT,False,False,False,True
public,2751,4,Sad,2,Fear,0.9307192354664134,4,Sad,0.9459488684734072,V22_CORRECT_V21_WRONG,True,True,True,False
public,2752,2,Fear,0,Angry,0.4391575603713814,6,Neutral,0.7920241081490927,BOTH_WRONG,False,True,True,False
public,2753,3,Happy,3,Happy,0.9484178937457491,3,Happy,0.9464783138243162,BOTH_CORRECT,False,True,True,False
public,2754,5,Surprise,5,Surprise,0.9536204478237132,5,Surprise,0.9558421595943919,BOTH_CORRECT,False,False,False,True
public,2755,5,Surprise,5,Surprise,0.7238854814382841,5,Surprise,0.9427839524327151,BOTH_CORRECT,False,True,True,False
public,2756,2,Fear,2,Fear,0.9179112044334267,2,Fear,0.9130867143831414,BOTH_CORRECT,False,True,True,False
public,2757,6,Neutral,6,Neutral,0.9110088851419278,4,Sad,0.9479542473293867,V21_CORRECT_V22_WRONG,True,True,True,False
public,2758,6,Neutral,4,Sad,0.8111656593828316,4,Sad,0.933824532804026,BOTH_WRONG,False,True,True,False
public,2759,4,Sad,4,Sad,0.8087151199490824,4,Sad,0.940652265748583,BOTH_CORRECT,False,True,True,False
public,2760,6,Neutral,6,Neutral,0.9322672560312937,6,Neutral,0.9617532968911163,BOTH_CORRECT,False,True,True,False
public,2761,4,Sad,4,Sad,0.7817614594877929,4,Sad,0.5556629898583099,BOTH_CORRECT,False,True,True,False
public,2762,4,Sad,6,Neutral,0.5867881233571497,6,Neutral,0.7714031343520413,BOTH_WRONG,False,True,True,False
public,2763,0,Angry,3,Happy,0.926769068808224,3,Happy,0.9587692935519518,BOTH_WRONG,False,True,True,False
public,2764,5,Surprise,5,Surprise,0.9497307754130822,5,Surprise,0.9566203084767414,BOTH_CORRECT,False,True,True,False
public,2765,3,Happy,3,Happy,0.9463716768315836,3,Happy,0.941566909989758,BOTH_CORRECT,False,True,True,False
public,2766,2,Fear,5,Surprise,0.9263237050653795,5,Surprise,0.9476319214259058,BOTH_WRONG,False,True,True,False
public,2767,0,Angry,6,Neutral,0.6988881849593503,6,Neutral,0.8808522506003097,BOTH_WRONG,False,False,False,False
public,2768,2,Fear,2,Fear,0.8613582491339847,2,Fear,0.5262683827561014,BOTH_CORRECT,False,True,True,False
public,2769,6,Neutral,6,Neutral,0.8265519330967438,6,Neutral,0.9369704733535981,BOTH_CORRECT,False,True,True,False
public,2770,5,Surprise,5,Surprise,0.9524680505451786,5,Surprise,0.9275583633749422,BOTH_CORRECT,False,True,True,False
public,2771,4,Sad,4,Sad,0.8287989410334635,4,Sad,0.8873224637218268,BOTH_CORRECT,False,True,True,False
public,2772,2,Fear,6,Neutral,0.586711420832153,2,Fear,0.5854380750393725,V22_CORRECT_V21_WRONG,True,True,True,False
public,2773,3,Happy,3,Happy,0.9533717161115681,3,Happy,0.9443667186105578,BOTH_CORRECT,False,True,True,False
public,2774,6,Neutral,6,Neutral,0.8603763822014371,6,Neutral,0.9580541036779895,BOTH_CORRECT,False,True,True,False
public,2775,4,Sad,2,Fear,0.8233110293409893,2,Fear,0.3264439206667443,BOTH_WRONG,False,True,True,False
public,2776,0,Angry,2,Fear,0.5391496315717652,0,Angry,0.7548538450053135,V22_CORRECT_V21_WRONG,True,True,True,False
public,2777,6,Neutral,0,Angry,0.5282274602016805,4,Sad,0.8868458677160785,BOTH_WRONG,False,True,True,False
public,2778,6,Neutral,6,Neutral,0.5832294582710498,6,Neutral,0.9541513883790448,BOTH_CORRECT,False,True,True,False
public,2779,2,Fear,2,Fear,0.9349425545618524,2,Fear,0.9293315234955496,BOTH_CORRECT,False,True,True,False
public,2780,2,Fear,2,Fear,0.9443382532484096,2,Fear,0.9450117548796045,BOTH_CORRECT,False,True,True,False
public,2781,4,Sad,4,Sad,0.9429645609230513,4,Sad,0.9415645067649276,BOTH_CORRECT,False,True,True,False
public,2782,0,Angry,0,Angry,0.9441643236596301,0,Angry,0.9377919190304206,BOTH_CORRECT,False,True,True,False
public,2783,2,Fear,2,Fear,0.9183702035843251,2,Fear,0.9420942601811818,BOTH_CORRECT,False,True,True,False
public,2784,5,Surprise,5,Surprise,0.9327477036592727,5,Surprise,0.899712169425429,BOTH_CORRECT,False,True,True,False
public,2785,0,Angry,0,Angry,0.9089712884084331,0,Angry,0.902463742535802,BOTH_CORRECT,False,True,True,False
public,2786,2,Fear,6,Neutral,0.9168235403787717,6,Neutral,0.898031969703174,BOTH_WRONG,False,True,True,False
public,2787,5,Surprise,5,Surprise,0.950490671002147,5,Surprise,0.9543912971728706,BOTH_CORRECT,False,True,True,False
public,2788,0,Angry,0,Angry,0.9559942216241256,0,Angry,0.9603494962322826,BOTH_CORRECT,False,True,True,False
public,2789,2,Fear,2,Fear,0.9330678314839037,2,Fear,0.9469769253930941,BOTH_CORRECT,False,True,True,False
public,2790,4,Sad,4,Sad,0.9152471788548765,4,Sad,0.8847891875075378,BOTH_CORRECT,False,True,True,False
public,2791,0,Angry,0,Angry,0.9597408868300377,0,Angry,0.9488296190925601,BOTH_CORRECT,False,True,True,False
public,2792,6,Neutral,6,Neutral,0.9059934684871798,6,Neutral,0.9354953971798275,BOTH_CORRECT,False,True,True,False
public,2793,6,Neutral,6,Neutral,0.9515717269059242,6,Neutral,0.9489186126075361,BOTH_CORRECT,False,True,True,False
public,2794,4,Sad,4,Sad,0.9207011201451895,0,Angry,0.8567928479851105,V21_CORRECT_V22_WRONG,True,True,True,False
public,2795,5,Surprise,2,Fear,0.7518555221800248,0,Angry,0.9095589769317706,BOTH_WRONG,False,True,True,False
public,2796,0,Angry,6,Neutral,0.672998382777145,2,Fear,0.8533219571163237,BOTH_WRONG,False,True,True,False
public,2797,4,Sad,6,Neutral,0.9422950830741326,6,Neutral,0.9306724046474356,BOTH_WRONG,False,True,True,False
public,2798,6,Neutral,6,Neutral,0.7504886699444883,6,Neutral,0.5084978121543711,BOTH_CORRECT,False,True,True,False
public,2799,4,Sad,4,Sad,0.9636736490199179,4,Sad,0.9570742876069175,BOTH_CORRECT,False,True,True,False
public,2800,3,Happy,2,Fear,0.8845797881009395,2,Fear,0.8753377912400216,BOTH_WRONG,False,True,True,False
public,2801,4,Sad,6,Neutral,0.4650529589805904,3,Happy,0.6401596699038828,BOTH_WRONG,False,True,True,False
public,2802,4,Sad,4,Sad,0.8539490112781577,4,Sad,0.8946204099647497,BOTH_CORRECT,False,True,True,False
public,2803,5,Surprise,5,Surprise,0.9460541657319879,5,Surprise,0.9393951764612534,BOTH_CORRECT,False,False,False,True
public,2804,2,Fear,5,Surprise,0.9553926600877649,5,Surprise,0.9535991064869654,BOTH_WRONG,False,True,True,False
public,2805,3,Happy,3,Happy,0.9546317589369276,3,Happy,0.9613034599263843,BOTH_CORRECT,False,False,False,True
public,2806,3,Happy,2,Fear,0.8058095050831853,4,Sad,0.32564651159177255,BOTH_WRONG,False,True,True,False
public,2807,4,Sad,4,Sad,0.46623754512563165,4,Sad,0.8444239940898723,BOTH_CORRECT,False,True,True,False
public,2808,6,Neutral,6,Neutral,0.8123049980558492,3,Happy,0.6443542570522489,V21_CORRECT_V22_WRONG,True,True,True,False
public,2809,0,Angry,3,Happy,0.7804586181041459,3,Happy,0.9381417973760883,BOTH_WRONG,False,True,True,False
public,2810,0,Angry,4,Sad,0.4239053655644915,4,Sad,0.8919868687543017,BOTH_WRONG,False,True,True,False
public,2811,2,Fear,2,Fear,0.9633734946495749,2,Fear,0.5347545326497518,BOTH_CORRECT,False,True,True,False
public,2812,4,Sad,4,Sad,0.8325705322095285,4,Sad,0.9333441697105498,BOTH_CORRECT,False,True,True,False
public,2813,4,Sad,6,Neutral,0.8310339171192235,0,Angry,0.39888419020476085,BOTH_WRONG,False,True,True,False
public,2814,5,Surprise,5,Surprise,0.9523006395776075,5,Surprise,0.9574708961462668,BOTH_CORRECT,False,False,False,True
public,2815,3,Happy,3,Happy,0.937709766235344,3,Happy,0.9505783830082812,BOTH_CORRECT,False,True,True,False
public,2816,3,Happy,3,Happy,0.9257469011248375,3,Happy,0.9002302425290126,BOTH_CORRECT,False,True,True,False
public,2817,2,Fear,2,Fear,0.5646793989557657,4,Sad,0.5903015447103703,V21_CORRECT_V22_WRONG,True,True,True,False
public,2818,4,Sad,4,Sad,0.9561433008978549,4,Sad,0.9535695217847783,BOTH_CORRECT,False,True,True,False
public,2819,5,Surprise,0,Angry,0.8175505646498383,2,Fear,0.5816184058306298,BOTH_WRONG,False,True,True,False
public,2820,0,Angry,0,Angry,0.6575221978306911,2,Fear,0.4741523559993322,V21_CORRECT_V22_WRONG,True,True,True,False
public,2821,0,Angry,5,Surprise,0.9175028036625618,0,Angry,0.5400723212192101,V22_CORRECT_V21_WRONG,True,True,True,False
public,2822,3,Happy,0,Angry,0.9402650554602222,0,Angry,0.9286132315785728,BOTH_WRONG,False,True,True,False
public,2823,3,Happy,3,Happy,0.9591281102945642,3,Happy,0.9544761298685049,BOTH_CORRECT,False,True,True,False
public,2824,5,Surprise,5,Surprise,0.8794183511167872,5,Surprise,0.9612085993678586,BOTH_CORRECT,False,True,True,False
public,2825,4,Sad,4,Sad,0.8519578242818344,4,Sad,0.9460275833301511,BOTH_CORRECT,False,True,True,False
public,2826,2,Fear,2,Fear,0.7769509209214067,2,Fear,0.6898967235123762,BOTH_CORRECT,False,True,True,False
public,2827,4,Sad,4,Sad,0.9439480915480384,2,Fear,0.40655021429496724,V21_CORRECT_V22_WRONG,True,True,False,False
public,2828,4,Sad,6,Neutral,0.8905225764987218,4,Sad,0.6508266673143339,V22_CORRECT_V21_WRONG,True,True,True,False
public,2829,0,Angry,0,Angry,0.9346465358847856,0,Angry,0.7509133850559739,BOTH_CORRECT,False,False,False,True
public,2830,4,Sad,4,Sad,0.5059602503174768,4,Sad,0.3468332417954358,BOTH_CORRECT,False,False,False,True
public,2831,3,Happy,0,Angry,0.6960747960826688,0,Angry,0.7807280142928076,BOTH_WRONG,False,True,True,False
public,2832,6,Neutral,6,Neutral,0.956869541530385,6,Neutral,0.962248362065075,BOTH_CORRECT,False,True,True,False
public,2833,3,Happy,3,Happy,0.9430863097885622,3,Happy,0.9473423552947471,BOTH_CORRECT,False,True,True,False
public,2834,0,Angry,0,Angry,0.941037828918716,0,Angry,0.9203516962355854,BOTH_CORRECT,False,True,True,False
public,2835,0,Angry,5,Surprise,0.4572088562867433,0,Angry,0.8061034841099933,V22_CORRECT_V21_WRONG,True,True,True,False
public,2836,5,Surprise,5,Surprise,0.8662929448774546,5,Surprise,0.8775549376272554,BOTH_CORRECT,False,False,False,True
public,2837,6,Neutral,0,Angry,0.9354998505099063,4,Sad,0.4832447111822916,BOTH_WRONG,False,True,True,False
public,2838,4,Sad,0,Angry,0.6597550923113172,4,Sad,0.6843999468805985,V22_CORRECT_V21_WRONG,True,True,True,False
public,2839,4,Sad,4,Sad,0.9549732254918881,4,Sad,0.5337990386904049,BOTH_CORRECT,False,True,True,False
public,2840,0,Angry,3,Happy,0.9388174140328184,3,Happy,0.9515436548455846,BOTH_WRONG,False,True,True,False
public,2841,5,Surprise,5,Surprise,0.9494844680712837,5,Surprise,0.956673950261547,BOTH_CORRECT,False,False,False,True
public,2842,3,Happy,3,Happy,0.9463836651485721,3,Happy,0.94279772890774,BOTH_CORRECT,False,True,True,False
public,2843,4,Sad,4,Sad,0.9440506900556415,4,Sad,0.9436479908308001,BOTH_CORRECT,False,True,True,False
public,2844,6,Neutral,6,Neutral,0.9725756452615244,6,Neutral,0.9491278703402315,BOTH_CORRECT,False,True,True,False
public,2845,3,Happy,3,Happy,0.9495153078985213,3,Happy,0.9557887408679308,BOTH_CORRECT,False,True,True,False
public,2846,4,Sad,4,Sad,0.8718356643280949,4,Sad,0.745693081413773,BOTH_CORRECT,False,True,True,False
public,2847,5,Surprise,5,Surprise,0.9456342157211267,5,Surprise,0.7425915922306595,BOTH_CORRECT,False,True,True,False
public,2848,3,Happy,3,Happy,0.958925214969033,3,Happy,0.9512492422423741,BOTH_CORRECT,False,True,True,False
public,2849,3,Happy,3,Happy,0.9544552009846131,3,Happy,0.9423652220692027,BOTH_CORRECT,False,True,True,False
public,2850,5,Surprise,5,Surprise,0.954911244957843,5,Surprise,0.9580146886057164,BOTH_CORRECT,False,True,True,False
public,2851,2,Fear,4,Sad,0.3371203030643176,6,Neutral,0.7013925777058388,BOTH_WRONG,False,True,True,False
public,2852,6,Neutral,6,Neutral,0.952763299385682,6,Neutral,0.9585248639086431,BOTH_CORRECT,False,True,True,False
public,2853,2,Fear,1,Disgust,0.9635951044919336,2,Fear,0.9640859823939814,V22_CORRECT_V21_WRONG,True,True,True,False
public,2854,5,Surprise,5,Surprise,0.9596296360327504,5,Surprise,0.9604933182584201,BOTH_CORRECT,False,False,False,True
public,2855,0,Angry,0,Angry,0.9600393053988477,0,Angry,0.9592825764421454,BOTH_CORRECT,False,True,True,False
public,2856,6,Neutral,4,Sad,0.7974237000220067,4,Sad,0.5754953874838676,BOTH_WRONG,False,True,True,False
public,2857,2,Fear,2,Fear,0.9631099156399776,2,Fear,0.96414261258681,BOTH_CORRECT,False,False,False,True
public,2858,2,Fear,2,Fear,0.898496512026988,2,Fear,0.9636470722612691,BOTH_CORRECT,False,True,True,False
public,2859,2,Fear,1,Disgust,0.8846019266274492,1,Disgust,0.5882426188054319,BOTH_WRONG,False,True,True,False
public,2860,2,Fear,2,Fear,0.9643969506886977,2,Fear,0.9363388923814553,BOTH_CORRECT,False,True,True,False
public,2861,5,Surprise,5,Surprise,0.9478934517236061,5,Surprise,0.7570377549696642,BOTH_CORRECT,False,True,True,False
public,2862,3,Happy,3,Happy,0.9429813895270879,3,Happy,0.9597141536882425,BOTH_CORRECT,False,True,True,False
public,2863,3,Happy,3,Happy,0.9543483489566281,3,Happy,0.9507963177757485,BOTH_CORRECT,False,True,True,False
public,2864,3,Happy,3,Happy,0.9379094242418177,3,Happy,0.9559240942360627,BOTH_CORRECT,False,True,True,False
public,2865,3,Happy,0,Angry,0.8635148839892463,3,Happy,0.9027590735885971,V22_CORRECT_V21_WRONG,True,True,True,False
public,2866,2,Fear,4,Sad,0.9332986057980904,0,Angry,0.9272301396612594,BOTH_WRONG,False,True,True,False
public,2867,6,Neutral,6,Neutral,0.8715185809932753,6,Neutral,0.9089606615522527,BOTH_CORRECT,False,True,True,False
public,2868,3,Happy,3,Happy,0.9483699824606769,3,Happy,0.9499636925175196,BOTH_CORRECT,False,True,True,False
public,2869,6,Neutral,4,Sad,0.7282636111965672,3,Happy,0.9278799792671508,BOTH_WRONG,False,True,True,False
public,2870,2,Fear,2,Fear,0.9526040885136737,2,Fear,0.9267618745604596,BOTH_CORRECT,False,True,True,False
public,2871,4,Sad,2,Fear,0.5389527888722309,2,Fear,0.5649566898478737,BOTH_WRONG,False,True,True,False
public,2872,0,Angry,0,Angry,0.9594597699095528,0,Angry,0.9421044006769251,BOTH_CORRECT,False,True,True,False
public,2873,6,Neutral,6,Neutral,0.48221394282152386,6,Neutral,0.9348467532351119,BOTH_CORRECT,False,True,True,False
public,2874,4,Sad,4,Sad,0.9018501063140887,2,Fear,0.4755169746295523,V21_CORRECT_V22_WRONG,True,True,True,False
public,2875,2,Fear,2,Fear,0.9114034766683223,2,Fear,0.7021499497005614,BOTH_CORRECT,False,True,True,False
public,2876,4,Sad,6,Neutral,0.814757483930403,4,Sad,0.6717505114197212,V22_CORRECT_V21_WRONG,True,True,True,False
public,2877,0,Angry,6,Neutral,0.793780146873133,4,Sad,0.912450700029784,BOTH_WRONG,False,True,True,False
public,2878,5,Surprise,5,Surprise,0.9253428118362054,5,Surprise,0.9615582578915408,BOTH_CORRECT,False,True,True,False
public,2879,2,Fear,6,Neutral,0.8530045184787863,0,Angry,0.7745455001653342,BOTH_WRONG,False,True,True,False
public,2880,0,Angry,0,Angry,0.8349087344598806,2,Fear,0.4909633014124084,V21_CORRECT_V22_WRONG,True,True,True,False
public,2881,0,Angry,5,Surprise,0.9385683318532,5,Surprise,0.9492338555930363,BOTH_WRONG,False,True,True,False
public,2882,6,Neutral,6,Neutral,0.9395680295352451,6,Neutral,0.9466581030015001,BOTH_CORRECT,False,True,True,False
public,2883,0,Angry,0,Angry,0.9197972511963894,0,Angry,0.9395863476413762,BOTH_CORRECT,False,True,True,False
public,2884,6,Neutral,4,Sad,0.36013944463323905,4,Sad,0.4870857550088543,BOTH_WRONG,False,True,True,False
public,2885,5,Surprise,5,Surprise,0.9551123520503386,5,Surprise,0.926355458352393,BOTH_CORRECT,False,True,True,False
public,2886,0,Angry,0,Angry,0.9627742623370656,0,Angry,0.9597779447535145,BOTH_CORRECT,False,False,False,True
public,2887,6,Neutral,6,Neutral,0.8951525685378419,6,Neutral,0.9556929777637493,BOTH_CORRECT,False,True,True,False
public,2888,3,Happy,3,Happy,0.9388011285448141,3,Happy,0.9532474823442594,BOTH_CORRECT,False,True,True,False
public,2889,3,Happy,5,Surprise,0.5593724277568762,3,Happy,0.8869539722742112,V22_CORRECT_V21_WRONG,True,True,True,False
public,2890,0,Angry,2,Fear,0.9400039176677158,2,Fear,0.9636813990397475,BOTH_WRONG,False,True,True,False
public,2891,4,Sad,4,Sad,0.9200913164521201,4,Sad,0.9575312943195459,BOTH_CORRECT,False,True,True,False
public,2892,4,Sad,4,Sad,0.9623295714547984,4,Sad,0.9612706585099235,BOTH_CORRECT,False,True,True,False
public,2893,6,Neutral,3,Happy,0.9600205858683171,3,Happy,0.8826778885598437,BOTH_WRONG,False,True,True,False
public,2894,0,Angry,0,Angry,0.9445998136765743,0,Angry,0.9506661462239376,BOTH_CORRECT,False,True,True,False
public,2895,1,Disgust,1,Disgust,0.9594285613769478,1,Disgust,0.9493062373777682,BOTH_CORRECT,False,True,True,False
public,2896,3,Happy,3,Happy,0.9576640299854965,3,Happy,0.9505402801870976,BOTH_CORRECT,False,True,True,False
public,2897,3,Happy,3,Happy,0.9019342773760711,3,Happy,0.9604696392224601,BOTH_CORRECT,False,True,True,False
public,2898,5,Surprise,5,Surprise,0.9454901387356374,5,Surprise,0.9222337637875841,BOTH_CORRECT,False,False,False,True
public,2899,6,Neutral,4,Sad,0.8405432310777571,4,Sad,0.8022199793380625,BOTH_WRONG,False,True,True,False
public,2900,0,Angry,0,Angry,0.8972035924940176,0,Angry,0.9103558829886962,BOTH_CORRECT,False,True,True,False
public,2901,4,Sad,4,Sad,0.9404599052912157,4,Sad,0.9542400857922799,BOTH_CORRECT,False,True,True,False
public,2902,0,Angry,4,Sad,0.4266485192049588,0,Angry,0.7399433229660595,V22_CORRECT_V21_WRONG,True,True,True,False
public,2903,5,Surprise,5,Surprise,0.9419269727429,5,Surprise,0.9548758807969666,BOTH_CORRECT,False,True,True,False
public,2904,0,Angry,0,Angry,0.9643138755410235,0,Angry,0.9590988939649004,BOTH_CORRECT,False,False,False,True
public,2905,6,Neutral,4,Sad,0.725396008122192,4,Sad,0.591511493875034,BOTH_WRONG,False,True,True,False
public,2906,4,Sad,0,Angry,0.7319060825276864,4,Sad,0.46161555440940333,V22_CORRECT_V21_WRONG,True,True,True,False
public,2907,4,Sad,4,Sad,0.6403263608202368,2,Fear,0.47785291609817493,V21_CORRECT_V22_WRONG,True,True,True,False
public,2908,3,Happy,3,Happy,0.9506544850033025,3,Happy,0.9499782676100165,BOTH_CORRECT,False,True,True,False
public,2909,5,Surprise,2,Fear,0.6401425755537663,2,Fear,0.6263491338324556,BOTH_WRONG,False,True,True,False
public,2910,4,Sad,6,Neutral,0.9569005317599745,6,Neutral,0.956597053377863,BOTH_WRONG,False,True,True,False
public,2911,3,Happy,3,Happy,0.9553209387715836,3,Happy,0.9567442036040836,BOTH_CORRECT,False,True,True,False
public,2912,3,Happy,6,Neutral,0.9498727659080618,6,Neutral,0.9469188646015149,BOTH_WRONG,False,True,True,False
public,2913,0,Angry,3,Happy,0.9557074527545177,3,Happy,0.9152082401203656,BOTH_WRONG,False,True,True,False
public,2914,6,Neutral,6,Neutral,0.9461935100420692,6,Neutral,0.9617065925988683,BOTH_CORRECT,False,True,True,False
public,2915,6,Neutral,0,Angry,0.7674538816114882,0,Angry,0.8654978533568759,BOTH_WRONG,False,True,True,False
public,2916,2,Fear,5,Surprise,0.9091120883636993,5,Surprise,0.9430040998952924,BOTH_WRONG,False,True,True,False
public,2917,4,Sad,4,Sad,0.7148879469497809,4,Sad,0.9448797621200629,BOTH_CORRECT,False,True,True,False
public,2918,3,Happy,3,Happy,0.9597051710446172,3,Happy,0.7189450505543029,BOTH_CORRECT,False,True,True,False
public,2919,3,Happy,3,Happy,0.953150897145434,3,Happy,0.9525874032694043,BOTH_CORRECT,False,True,True,False
public,2920,3,Happy,3,Happy,0.9494090429524561,3,Happy,0.9430538809387636,BOTH_CORRECT,False,True,True,False
public,2921,2,Fear,6,Neutral,0.896604976355985,6,Neutral,0.6867472134514297,BOTH_WRONG,False,True,False,False
public,2922,5,Surprise,5,Surprise,0.4624911159294355,2,Fear,0.5380130909149217,V21_CORRECT_V22_WRONG,True,True,False,False
public,2923,5,Surprise,5,Surprise,0.9564715708799085,5,Surprise,0.9577333692723692,BOTH_CORRECT,False,True,True,False
public,2924,5,Surprise,5,Surprise,0.9545261901866569,5,Surprise,0.943326086875063,BOTH_CORRECT,False,False,False,True
public,2925,4,Sad,4,Sad,0.9220405098113558,4,Sad,0.9661492123876403,BOTH_CORRECT,False,True,True,False
public,2926,0,Angry,6,Neutral,0.40469989618802976,0,Angry,0.5104789644075453,V22_CORRECT_V21_WRONG,True,True,True,False
public,2927,3,Happy,3,Happy,0.9658351217984366,4,Sad,0.917385776632806,V21_CORRECT_V22_WRONG,True,True,True,False
public,2928,3,Happy,3,Happy,0.9358412062030695,3,Happy,0.9409649445740963,BOTH_CORRECT,False,True,True,False
public,2929,2,Fear,2,Fear,0.8425022887691505,2,Fear,0.6296789779615155,BOTH_CORRECT,False,True,True,False
public,2930,2,Fear,5,Surprise,0.9592085869277809,5,Surprise,0.9617901048289444,BOTH_WRONG,False,True,True,False
public,2931,5,Surprise,2,Fear,0.8130391777276442,2,Fear,0.9678535163271226,BOTH_WRONG,False,True,True,False
public,2932,3,Happy,3,Happy,0.9490542877628773,3,Happy,0.9489792237158088,BOTH_CORRECT,False,True,True,False
public,2933,4,Sad,2,Fear,0.5480767192807956,4,Sad,0.9567834883561687,V22_CORRECT_V21_WRONG,True,False,False,True
public,2934,4,Sad,4,Sad,0.7518518597617792,4,Sad,0.9431626206481104,BOTH_CORRECT,False,True,True,False
public,2935,3,Happy,3,Happy,0.9560079520761123,3,Happy,0.9602944332464347,BOTH_CORRECT,False,True,True,False
public,2936,3,Happy,3,Happy,0.9643873352872427,3,Happy,0.9605682431987032,BOTH_CORRECT,False,True,True,False
public,2937,4,Sad,4,Sad,0.92456803719112,4,Sad,0.9165745077413658,BOTH_CORRECT,False,True,True,False
public,2938,6,Neutral,6,Neutral,0.8626963927200457,6,Neutral,0.9414982985951634,BOTH_CORRECT,False,True,True,False
public,2939,0,Angry,0,Angry,0.9576886427822998,3,Happy,0.5763038154019503,V21_CORRECT_V22_WRONG,True,True,True,False
public,2940,6,Neutral,4,Sad,0.5427727335081469,6,Neutral,0.8235401025281154,V22_CORRECT_V21_WRONG,True,True,True,False
public,2941,6,Neutral,6,Neutral,0.960174460876374,6,Neutral,0.9467203762143273,BOTH_CORRECT,False,True,True,False
public,2942,3,Happy,0,Angry,0.5530499300874421,4,Sad,0.6177656655542613,BOTH_WRONG,False,True,True,False
public,2943,4,Sad,4,Sad,0.6304072085997932,4,Sad,0.9570532950286404,BOTH_CORRECT,False,True,True,False
public,2944,4,Sad,4,Sad,0.9185608357104237,4,Sad,0.9567835275972593,BOTH_CORRECT,False,True,True,False
public,2945,4,Sad,4,Sad,0.47215858003957206,4,Sad,0.9466744612504655,BOTH_CORRECT,False,True,True,False
public,2946,2,Fear,4,Sad,0.5458395012029789,4,Sad,0.8529170209300846,BOTH_WRONG,False,True,True,False
public,2947,4,Sad,4,Sad,0.803268834266066,4,Sad,0.8308322357013876,BOTH_CORRECT,False,True,True,False
public,2948,0,Angry,4,Sad,0.4898517702820598,4,Sad,0.8636261506558573,BOTH_WRONG,False,True,True,False
public,2949,6,Neutral,4,Sad,0.8685331304353829,6,Neutral,0.89996167086309,V22_CORRECT_V21_WRONG,True,True,True,False
public,2950,3,Happy,6,Neutral,0.5261553555605654,0,Angry,0.7017459147339248,BOTH_WRONG,False,True,True,False
public,2951,4,Sad,4,Sad,0.943286456362029,4,Sad,0.7980607099816018,BOTH_CORRECT,False,True,True,False
public,2952,2,Fear,5,Surprise,0.9272944898443382,5,Surprise,0.9569787273112998,BOTH_WRONG,False,True,True,False
public,2953,5,Surprise,5,Surprise,0.9548217828332765,5,Surprise,0.9553260074120601,BOTH_CORRECT,False,True,True,False
public,2954,4,Sad,4,Sad,0.9001661079084597,4,Sad,0.948738558301496,BOTH_CORRECT,False,True,True,False
public,2955,5,Surprise,5,Surprise,0.9449751056564222,5,Surprise,0.9619088814061763,BOTH_CORRECT,False,True,True,False
public,2956,4,Sad,4,Sad,0.9602572684473553,3,Happy,0.9582715868770652,V21_CORRECT_V22_WRONG,True,True,True,False
public,2957,0,Angry,0,Angry,0.8969729671214873,2,Fear,0.9388166420420759,V21_CORRECT_V22_WRONG,True,True,True,False
public,2958,5,Surprise,5,Surprise,0.9542229668982044,5,Surprise,0.946658528554874,BOTH_CORRECT,False,True,True,False
public,2959,3,Happy,3,Happy,0.9436257429618862,3,Happy,0.9505343243185715,BOTH_CORRECT,False,True,True,False
public,2960,4,Sad,0,Angry,0.7816250229034539,4,Sad,0.8305841753898663,V22_CORRECT_V21_WRONG,True,True,True,False
public,2961,0,Angry,0,Angry,0.9414316817472358,0,Angry,0.9540631788122906,BOTH_CORRECT,False,True,True,False
public,2962,5,Surprise,5,Surprise,0.9552529402204523,5,Surprise,0.9619262775358354,BOTH_CORRECT,False,False,False,True
public,2963,2,Fear,4,Sad,0.9112115197425161,4,Sad,0.8321878865093577,BOTH_WRONG,False,True,True,False
public,2964,0,Angry,0,Angry,0.9614166068042383,0,Angry,0.9571653568487212,BOTH_CORRECT,False,True,True,False
public,2965,3,Happy,3,Happy,0.9562912401725118,3,Happy,0.9523774806213878,BOTH_CORRECT,False,True,True,False
public,2966,3,Happy,3,Happy,0.9271597819107107,3,Happy,0.9515700928523051,BOTH_CORRECT,False,True,True,False
public,2967,4,Sad,4,Sad,0.9477355319665353,4,Sad,0.9526275192620955,BOTH_CORRECT,False,True,True,False
public,2968,6,Neutral,4,Sad,0.591342815714218,4,Sad,0.8393202590158665,BOTH_WRONG,False,True,True,False
public,2969,2,Fear,5,Surprise,0.9485156514591293,5,Surprise,0.955820982185151,BOTH_WRONG,False,True,True,False
public,2970,3,Happy,3,Happy,0.8561583229799696,3,Happy,0.9485834044995171,BOTH_CORRECT,False,True,True,False
public,2971,6,Neutral,0,Angry,0.8959687834593802,6,Neutral,0.8623075558528824,V22_CORRECT_V21_WRONG,True,True,True,False
public,2972,2,Fear,5,Surprise,0.93025672672872,5,Surprise,0.858702456796059,BOTH_WRONG,False,True,True,False
public,2973,3,Happy,4,Sad,0.8589515381135812,3,Happy,0.6507114551496302,V22_CORRECT_V21_WRONG,True,True,True,False
public,2974,3,Happy,3,Happy,0.9579825650052172,3,Happy,0.9526024247438468,BOTH_CORRECT,False,True,True,False
public,2975,2,Fear,2,Fear,0.8839187064215615,0,Angry,0.6004120902966821,V21_CORRECT_V22_WRONG,True,True,True,False
public,2976,6,Neutral,6,Neutral,0.9438250684207278,6,Neutral,0.9546770743827049,BOTH_CORRECT,False,True,True,False
public,2977,5,Surprise,5,Surprise,0.9141907528186659,5,Surprise,0.9300144731558961,BOTH_CORRECT,False,False,False,True
public,2978,3,Happy,3,Happy,0.9566418310978945,3,Happy,0.9379081315040969,BOTH_CORRECT,False,True,True,False
public,2979,6,Neutral,2,Fear,0.9200005880519984,0,Angry,0.8034956831579617,BOTH_WRONG,False,True,True,False
public,2980,3,Happy,3,Happy,0.6303984374141594,3,Happy,0.9215362120795242,BOTH_CORRECT,False,True,True,False
public,2981,6,Neutral,2,Fear,0.8197550766400324,2,Fear,0.7000111073836878,BOTH_WRONG,False,True,True,False
public,2982,3,Happy,3,Happy,0.957512403291078,3,Happy,0.9522611327264602,BOTH_CORRECT,False,True,True,False
public,2983,0,Angry,0,Angry,0.8828757603502293,0,Angry,0.9584459525238739,BOTH_CORRECT,False,True,True,False
public,2984,0,Angry,4,Sad,0.9578623397157525,2,Fear,0.5331355736234283,BOTH_WRONG,False,True,True,False
public,2985,0,Angry,0,Angry,0.9340046846626171,0,Angry,0.9587673589170592,BOTH_CORRECT,False,True,True,False
public,2986,6,Neutral,6,Neutral,0.8530540994102664,1,Disgust,0.7470106266972668,V21_CORRECT_V22_WRONG,True,True,True,False
public,2987,3,Happy,4,Sad,0.8175046545143496,3,Happy,0.956399867757388,V22_CORRECT_V21_WRONG,True,True,True,False
public,2988,3,Happy,3,Happy,0.9601554838749874,3,Happy,0.9572492692537046,BOTH_CORRECT,False,True,True,False
public,2989,5,Surprise,5,Surprise,0.9579915277228703,5,Surprise,0.9150983590407373,BOTH_CORRECT,False,True,True,False
public,2990,5,Surprise,5,Surprise,0.9477733927856652,5,Surprise,0.9110131583196396,BOTH_CORRECT,False,False,False,True
public,2991,4,Sad,4,Sad,0.9505540977837055,4,Sad,0.9352245765179286,BOTH_CORRECT,False,True,True,False
public,2992,6,Neutral,4,Sad,0.530192466218712,4,Sad,0.5554511550479124,BOTH_WRONG,False,True,True,False
public,2993,2,Fear,4,Sad,0.6578896125410002,6,Neutral,0.9294065569326042,BOTH_WRONG,False,True,True,False
public,2994,0,Angry,0,Angry,0.8981299397912145,0,Angry,0.9555831493493723,BOTH_CORRECT,False,True,True,False
public,2995,6,Neutral,6,Neutral,0.9173913440172727,6,Neutral,0.9546293176109001,BOTH_CORRECT,False,True,True,False
public,2996,4,Sad,2,Fear,0.5486609637353393,6,Neutral,0.45793967082217785,BOTH_WRONG,False,True,True,False
public,2997,0,Angry,6,Neutral,0.41081122632988226,6,Neutral,0.765632302857816,BOTH_WRONG,False,True,True,False
public,2998,3,Happy,3,Happy,0.9062480044568212,4,Sad,0.880737681638852,V21_CORRECT_V22_WRONG,True,True,True,False
public,2999,4,Sad,2,Fear,0.3544545312604237,5,Surprise,0.9261459887825673,BOTH_WRONG,False,True,True,False
public,3000,3,Happy,4,Sad,0.7433688290175662,4,Sad,0.9523761946359857,BOTH_WRONG,False,True,True,False
public,3001,4,Sad,4,Sad,0.9499779038166891,4,Sad,0.9530723258235941,BOTH_CORRECT,False,True,True,False
public,3002,0,Angry,0,Angry,0.9121882359823006,6,Neutral,0.469143463062564,V21_CORRECT_V22_WRONG,True,True,True,False
public,3003,4,Sad,2,Fear,0.6703517345972646,6,Neutral,0.5836814647908105,BOTH_WRONG,False,True,True,False
public,3004,6,Neutral,5,Surprise,0.9329633818702546,6,Neutral,0.8821177641605987,V22_CORRECT_V21_WRONG,True,True,True,False
public,3005,6,Neutral,6,Neutral,0.8970645085001274,4,Sad,0.7046053206520104,V21_CORRECT_V22_WRONG,True,True,True,False
public,3006,5,Surprise,2,Fear,0.8628969375640471,2,Fear,0.9356841514869786,BOTH_WRONG,False,True,True,False
public,3007,0,Angry,0,Angry,0.9215403844504405,0,Angry,0.960405456227594,BOTH_CORRECT,False,True,True,False
public,3008,2,Fear,2,Fear,0.9610697166844518,2,Fear,0.9525775365555892,BOTH_CORRECT,False,True,True,False
public,3009,3,Happy,3,Happy,0.9072364216213306,3,Happy,0.9703002158176773,BOTH_CORRECT,False,True,True,False
public,3010,2,Fear,2,Fear,0.9538357315952599,2,Fear,0.9159397185921192,BOTH_CORRECT,False,False,False,True
public,3011,4,Sad,4,Sad,0.9195841343419334,4,Sad,0.8358586560702291,BOTH_CORRECT,False,True,True,False
public,3012,4,Sad,4,Sad,0.833940668053195,4,Sad,0.9344863966770423,BOTH_CORRECT,False,True,True,False
public,3013,0,Angry,0,Angry,0.9568075663635859,0,Angry,0.9556527141754393,BOTH_CORRECT,False,True,True,False
public,3014,3,Happy,6,Neutral,0.9008172703617193,6,Neutral,0.602808682242112,BOTH_WRONG,False,True,True,False
public,3015,3,Happy,3,Happy,0.9474923195775928,3,Happy,0.9480223637896276,BOTH_CORRECT,False,True,True,False
public,3016,3,Happy,3,Happy,0.7083958892051612,3,Happy,0.7989910463490761,BOTH_CORRECT,False,True,True,False
public,3017,0,Angry,4,Sad,0.48562848553991866,0,Angry,0.5966839017866288,V22_CORRECT_V21_WRONG,True,True,True,False
public,3018,3,Happy,3,Happy,0.8877668971461581,3,Happy,0.9557129492908126,BOTH_CORRECT,False,True,True,False
public,3019,4,Sad,0,Angry,0.9616939329679632,0,Angry,0.9398113412610739,BOTH_WRONG,False,True,True,False
public,3020,0,Angry,0,Angry,0.8629433976046302,0,Angry,0.9521146466449162,BOTH_CORRECT,False,True,True,False
public,3021,3,Happy,3,Happy,0.9242192328062918,3,Happy,0.9570141668607305,BOTH_CORRECT,False,True,True,False
public,3022,5,Surprise,5,Surprise,0.937871697984135,5,Surprise,0.9521081114460664,BOTH_CORRECT,False,True,True,False
public,3023,2,Fear,4,Sad,0.4836832221815023,4,Sad,0.7908934760319506,BOTH_WRONG,False,True,True,False
public,3024,4,Sad,0,Angry,0.9333101875518295,0,Angry,0.9593846272977296,BOTH_WRONG,False,True,True,False
public,3025,3,Happy,3,Happy,0.9611925027238288,3,Happy,0.9311128770309718,BOTH_CORRECT,False,True,True,False
public,3026,2,Fear,3,Happy,0.8949433167966091,3,Happy,0.5699692949688586,BOTH_WRONG,False,True,True,False
public,3027,2,Fear,2,Fear,0.7691391461981743,2,Fear,0.933325075109047,BOTH_CORRECT,False,False,False,True
public,3028,3,Happy,3,Happy,0.9562756831809347,3,Happy,0.9600032694216516,BOTH_CORRECT,False,True,True,False
public,3029,2,Fear,4,Sad,0.8083341888590045,4,Sad,0.9351380191143831,BOTH_WRONG,False,True,True,False
public,3030,3,Happy,3,Happy,0.9500482932371859,3,Happy,0.9203943508865283,BOTH_CORRECT,False,True,True,False
public,3031,4,Sad,6,Neutral,0.4469432400374467,0,Angry,0.684277476168783,BOTH_WRONG,False,True,True,False
public,3032,5,Surprise,5,Surprise,0.9521227427671007,5,Surprise,0.8453434490395896,BOTH_CORRECT,False,True,True,False
public,3033,3,Happy,3,Happy,0.789999486713025,5,Surprise,0.5616759543327727,V21_CORRECT_V22_WRONG,True,True,True,False
public,3034,2,Fear,6,Neutral,0.9512195900945044,6,Neutral,0.9424700206909906,BOTH_WRONG,False,True,True,False
public,3035,5,Surprise,5,Surprise,0.9579783087596185,5,Surprise,0.9610592006489218,BOTH_CORRECT,False,True,True,False
public,3036,6,Neutral,3,Happy,0.7258017771997635,6,Neutral,0.49800776069486813,V22_CORRECT_V21_WRONG,True,True,True,False
public,3037,3,Happy,3,Happy,0.9514677027873739,3,Happy,0.9415813322179158,BOTH_CORRECT,False,True,True,False
public,3038,5,Surprise,5,Surprise,0.9522441282901337,5,Surprise,0.9530326726610773,BOTH_CORRECT,False,True,True,False
public,3039,6,Neutral,3,Happy,0.6635929458504622,6,Neutral,0.7573675024979956,V22_CORRECT_V21_WRONG,True,True,True,False
public,3040,0,Angry,0,Angry,0.9145709984927851,0,Angry,0.9574798922206932,BOTH_CORRECT,False,True,True,False
public,3041,6,Neutral,6,Neutral,0.911796149429306,6,Neutral,0.9260097847717427,BOTH_CORRECT,False,True,True,False
public,3042,6,Neutral,6,Neutral,0.9410220002709723,6,Neutral,0.957483383352277,BOTH_CORRECT,False,True,True,False
public,3043,3,Happy,3,Happy,0.9201689834518476,3,Happy,0.9373511858397563,BOTH_CORRECT,False,True,True,False
public,3044,6,Neutral,6,Neutral,0.9111297220253757,4,Sad,0.7275308272613206,V21_CORRECT_V22_WRONG,True,True,True,False
public,3045,3,Happy,3,Happy,0.9374553892599572,3,Happy,0.9589998491116974,BOTH_CORRECT,False,True,True,False
public,3046,3,Happy,3,Happy,0.9511846387445527,3,Happy,0.955097395399348,BOTH_CORRECT,False,True,True,False
public,3047,3,Happy,3,Happy,0.9434112527270074,3,Happy,0.7478361533808706,BOTH_CORRECT,False,True,True,False
public,3048,3,Happy,3,Happy,0.9600197709418513,3,Happy,0.9611206095403053,BOTH_CORRECT,False,True,True,False
public,3049,5,Surprise,5,Surprise,0.9572242934845908,5,Surprise,0.9603676154845857,BOTH_CORRECT,False,True,True,False
public,3050,4,Sad,6,Neutral,0.946745368643422,6,Neutral,0.9304562300289217,BOTH_WRONG,False,True,True,False
public,3051,3,Happy,3,Happy,0.9261200477097089,3,Happy,0.935735826077989,BOTH_CORRECT,False,True,True,False
public,3052,3,Happy,3,Happy,0.9362315903531149,3,Happy,0.8952191983294318,BOTH_CORRECT,False,True,True,False
public,3053,4,Sad,6,Neutral,0.8188130116141015,2,Fear,0.9456316164905683,BOTH_WRONG,False,True,True,False
public,3054,5,Surprise,5,Surprise,0.9560541663839445,5,Surprise,0.9581317888737311,BOTH_CORRECT,False,True,True,False
public,3055,6,Neutral,4,Sad,0.6717480225794024,6,Neutral,0.7827218658760812,V22_CORRECT_V21_WRONG,True,True,True,False
public,3056,3,Happy,3,Happy,0.9441958563665883,3,Happy,0.9451478099743316,BOTH_CORRECT,False,True,True,False
public,3057,6,Neutral,2,Fear,0.9048334316844754,4,Sad,0.6756087585571698,BOTH_WRONG,False,True,True,False
public,3058,6,Neutral,4,Sad,0.9417933957552467,4,Sad,0.8836358299425976,BOTH_WRONG,False,True,True,False
public,3059,2,Fear,2,Fear,0.9374536604981106,2,Fear,0.4708799804620237,BOTH_CORRECT,False,True,True,False
public,3060,6,Neutral,3,Happy,0.5859039096712417,3,Happy,0.685404204814238,BOTH_WRONG,False,True,True,False
public,3061,3,Happy,3,Happy,0.9414932806943992,3,Happy,0.9590342475262219,BOTH_CORRECT,False,True,True,False
public,3062,2,Fear,4,Sad,0.40444922512709025,4,Sad,0.8199159598369584,BOTH_WRONG,False,True,True,False
public,3063,3,Happy,3,Happy,0.9358059758400848,3,Happy,0.9226798590899541,BOTH_CORRECT,False,True,True,False
public,3064,2,Fear,2,Fear,0.5338593360692738,2,Fear,0.6971941653727053,BOTH_CORRECT,False,True,True,False
public,3065,6,Neutral,6,Neutral,0.5149173681900495,6,Neutral,0.7319973619655752,BOTH_CORRECT,False,True,True,False
public,3066,5,Surprise,5,Surprise,0.9496655556600333,5,Surprise,0.9515505748971611,BOTH_CORRECT,False,False,False,True
public,3067,6,Neutral,6,Neutral,0.8902872945648402,6,Neutral,0.8053118583665022,BOTH_CORRECT,False,True,True,False
public,3068,2,Fear,2,Fear,0.9480148311488221,2,Fear,0.9577328275282099,BOTH_CORRECT,False,True,True,False
public,3069,3,Happy,3,Happy,0.9554317359504397,3,Happy,0.9528723881244809,BOTH_CORRECT,False,True,True,False
public,3070,0,Angry,0,Angry,0.9169328819438044,0,Angry,0.9292898955587178,BOTH_CORRECT,False,True,True,False
public,3071,2,Fear,2,Fear,0.4850523692079483,2,Fear,0.8137203694206483,BOTH_CORRECT,False,True,True,False
public,3072,5,Surprise,5,Surprise,0.9465837482534353,5,Surprise,0.9617848720357769,BOTH_CORRECT,False,False,False,True
public,3073,2,Fear,2,Fear,0.5320966030962748,2,Fear,0.903266093191136,BOTH_CORRECT,False,True,False,False
public,3074,4,Sad,4,Sad,0.9346856783357553,4,Sad,0.8965102102878171,BOTH_CORRECT,False,True,True,False
public,3075,5,Surprise,5,Surprise,0.9573590872039583,5,Surprise,0.9529948600064332,BOTH_CORRECT,False,False,False,True
public,3076,3,Happy,3,Happy,0.9524571137607585,3,Happy,0.9572445287611289,BOTH_CORRECT,False,True,True,False
public,3077,2,Fear,2,Fear,0.9533841195594331,2,Fear,0.9608210288826308,BOTH_CORRECT,False,True,True,False
public,3078,5,Surprise,5,Surprise,0.9426998888853491,5,Surprise,0.9425112412296998,BOTH_CORRECT,False,False,False,True
public,3079,4,Sad,4,Sad,0.9299004791056771,4,Sad,0.4314863633165888,BOTH_CORRECT,False,True,True,False
public,3080,6,Neutral,6,Neutral,0.947389376609694,6,Neutral,0.9413895618234386,BOTH_CORRECT,False,True,True,False
public,3081,5,Surprise,5,Surprise,0.9562343774145567,5,Surprise,0.9532971775726007,BOTH_CORRECT,False,True,True,False
public,3082,4,Sad,4,Sad,0.46842643400760275,4,Sad,0.9239855886444271,BOTH_CORRECT,False,True,True,False
public,3083,3,Happy,3,Happy,0.9489958421570889,3,Happy,0.9448545153693984,BOTH_CORRECT,False,True,True,False
public,3084,5,Surprise,5,Surprise,0.9553639162111405,5,Surprise,0.9557947724920934,BOTH_CORRECT,False,True,True,False
public,3085,0,Angry,2,Fear,0.9074356871719438,0,Angry,0.8724231558394043,V22_CORRECT_V21_WRONG,True,True,True,False
public,3086,5,Surprise,5,Surprise,0.6950115103677451,2,Fear,0.711914222268518,V21_CORRECT_V22_WRONG,True,True,True,False
public,3087,1,Disgust,1,Disgust,0.9715720824927198,1,Disgust,0.9536098213065755,BOTH_CORRECT,False,True,True,False
public,3088,2,Fear,0,Angry,0.9610829918263346,0,Angry,0.9358765282335815,BOTH_WRONG,False,True,True,False
public,3089,6,Neutral,4,Sad,0.680994194272433,4,Sad,0.4142016697179918,BOTH_WRONG,False,True,True,False
public,3090,5,Surprise,5,Surprise,0.9385995743294911,5,Surprise,0.942198855088923,BOTH_CORRECT,False,True,True,False
public,3091,2,Fear,2,Fear,0.8153225446087758,4,Sad,0.8995140988145008,V21_CORRECT_V22_WRONG,True,True,True,False
public,3092,3,Happy,3,Happy,0.9654543916291296,3,Happy,0.961396568885852,BOTH_CORRECT,False,True,True,False
public,3093,3,Happy,3,Happy,0.9486098732921399,3,Happy,0.9494534881896911,BOTH_CORRECT,False,True,True,False
public,3094,3,Happy,6,Neutral,0.7940825665432122,6,Neutral,0.8993676234984538,BOTH_WRONG,False,True,True,False
public,3095,2,Fear,2,Fear,0.7408613367623502,0,Angry,0.4818290202145787,V21_CORRECT_V22_WRONG,True,True,True,False
public,3096,6,Neutral,2,Fear,0.8362334480333956,2,Fear,0.7111375413624548,BOTH_WRONG,False,True,True,False
public,3097,3,Happy,3,Happy,0.9252177113094116,6,Neutral,0.7580471436315045,V21_CORRECT_V22_WRONG,True,True,True,False
public,3098,4,Sad,4,Sad,0.8672136790124638,4,Sad,0.6361759606108783,BOTH_CORRECT,False,True,True,False
public,3099,6,Neutral,6,Neutral,0.8906492302634159,6,Neutral,0.9494500273868469,BOTH_CORRECT,False,True,True,False
public,3100,0,Angry,6,Neutral,0.7708088238092909,6,Neutral,0.9133399044073854,BOTH_WRONG,False,True,True,False
public,3101,3,Happy,3,Happy,0.9513683641951095,3,Happy,0.9541285553552307,BOTH_CORRECT,False,True,True,False
public,3102,3,Happy,3,Happy,0.953895042354486,3,Happy,0.9517082275542272,BOTH_CORRECT,False,True,True,False
public,3103,5,Surprise,5,Surprise,0.8018173513128755,5,Surprise,0.9604528129891309,BOTH_CORRECT,False,True,True,False
public,3104,3,Happy,3,Happy,0.690287196644469,3,Happy,0.9246664409660748,BOTH_CORRECT,False,True,True,False
public,3105,5,Surprise,5,Surprise,0.9567148277969123,5,Surprise,0.9572041045280826,BOTH_CORRECT,False,True,True,False
public,3106,0,Angry,4,Sad,0.8479813829058838,3,Happy,0.8248227441626792,BOTH_WRONG,False,True,True,False
public,3107,4,Sad,4,Sad,0.8967931336706906,4,Sad,0.9569552122725452,BOTH_CORRECT,False,True,True,False
public,3108,4,Sad,4,Sad,0.686516336878094,6,Neutral,0.8830378652999424,V21_CORRECT_V22_WRONG,True,True,True,False
public,3109,2,Fear,2,Fear,0.9638217114934111,2,Fear,0.9630571790077526,BOTH_CORRECT,False,True,True,False
public,3110,4,Sad,0,Angry,0.6231244882109724,6,Neutral,0.46387198480426833,BOTH_WRONG,False,True,True,False
public,3111,6,Neutral,3,Happy,0.8444714523315708,3,Happy,0.9512341556556448,BOTH_WRONG,False,True,True,False
public,3112,2,Fear,2,Fear,0.9459149188540596,2,Fear,0.6498529830124935,BOTH_CORRECT,False,True,True,False
public,3113,3,Happy,3,Happy,0.9504126424460418,3,Happy,0.9511743659006905,BOTH_CORRECT,False,True,True,False
public,3114,6,Neutral,6,Neutral,0.7218811505802224,4,Sad,0.8833099582975472,V21_CORRECT_V22_WRONG,True,True,True,False
public,3115,4,Sad,4,Sad,0.47248210075277924,4,Sad,0.9365785898485327,BOTH_CORRECT,False,True,True,False
public,3116,6,Neutral,4,Sad,0.45121493455250866,6,Neutral,0.4418059030952802,V22_CORRECT_V21_WRONG,True,True,True,False
public,3117,5,Surprise,5,Surprise,0.9559947066890445,5,Surprise,0.9611571586453274,BOTH_CORRECT,False,True,True,False
public,3118,4,Sad,4,Sad,0.9470578849147253,4,Sad,0.8824003811371118,BOTH_CORRECT,False,True,True,False
public,3119,1,Disgust,1,Disgust,0.9560045133316842,1,Disgust,0.9703763395907125,BOTH_CORRECT,False,False,False,True
public,3120,4,Sad,4,Sad,0.9265625241474158,4,Sad,0.942270728406475,BOTH_CORRECT,False,True,True,False
public,3121,3,Happy,3,Happy,0.9339477943618778,3,Happy,0.9467240578289507,BOTH_CORRECT,False,True,True,False
public,3122,6,Neutral,4,Sad,0.8322825573959794,4,Sad,0.7734538876670608,BOTH_WRONG,False,True,True,False
public,3123,6,Neutral,6,Neutral,0.9348925482830137,6,Neutral,0.9409544642984442,BOTH_CORRECT,False,True,True,False
public,3124,3,Happy,3,Happy,0.9497052633554213,3,Happy,0.9462100368275737,BOTH_CORRECT,False,True,True,False
public,3125,4,Sad,2,Fear,0.6892364426234326,0,Angry,0.9517013792835093,BOTH_WRONG,False,True,True,False
public,3126,6,Neutral,4,Sad,0.6666126703766041,6,Neutral,0.9462644986121909,V22_CORRECT_V21_WRONG,True,True,True,False
public,3127,4,Sad,4,Sad,0.9445455005584281,4,Sad,0.5126769297778313,BOTH_CORRECT,False,True,True,False
public,3128,4,Sad,4,Sad,0.8042760819281498,4,Sad,0.9457972420174249,BOTH_CORRECT,False,True,True,False
public,3129,4,Sad,4,Sad,0.708471208947238,4,Sad,0.9184472399482246,BOTH_CORRECT,False,True,True,False
public,3130,2,Fear,0,Angry,0.9502038303090787,4,Sad,0.8943484042156874,BOTH_WRONG,False,True,True,False
public,3131,0,Angry,0,Angry,0.7427446231332957,4,Sad,0.6744762838742085,V21_CORRECT_V22_WRONG,True,True,True,False
public,3132,6,Neutral,4,Sad,0.9278449147646628,0,Angry,0.4570786451700875,BOTH_WRONG,False,True,True,False
public,3133,2,Fear,2,Fear,0.9569285213576121,2,Fear,0.9541470815494687,BOTH_CORRECT,False,True,True,False
public,3134,4,Sad,4,Sad,0.890883422117932,4,Sad,0.9314733715351597,BOTH_CORRECT,False,True,True,False
public,3135,2,Fear,5,Surprise,0.8040829116304313,5,Surprise,0.6807267929785894,BOTH_WRONG,False,True,True,False
public,3136,4,Sad,6,Neutral,0.8335593152699692,4,Sad,0.8019995041293398,V22_CORRECT_V21_WRONG,True,True,True,False
public,3137,3,Happy,3,Happy,0.9534326377033145,3,Happy,0.9493458171107023,BOTH_CORRECT,False,True,True,False
public,3138,6,Neutral,6,Neutral,0.8897373478695336,6,Neutral,0.5040885785224912,BOTH_CORRECT,False,True,True,False
public,3139,5,Surprise,5,Surprise,0.9523654268447816,5,Surprise,0.9640438840462454,BOTH_CORRECT,False,True,True,False
public,3140,0,Angry,0,Angry,0.8433438050277947,0,Angry,0.9354861889743817,BOTH_CORRECT,False,False,False,True
public,3141,3,Happy,3,Happy,0.9542209989285323,3,Happy,0.9565367057605857,BOTH_CORRECT,False,True,True,False
public,3142,6,Neutral,6,Neutral,0.944210248138617,6,Neutral,0.9385095430216418,BOTH_CORRECT,False,True,True,False
public,3143,4,Sad,4,Sad,0.706587321482929,4,Sad,0.9115293568920316,BOTH_CORRECT,False,True,True,False
public,3144,3,Happy,3,Happy,0.9469175292198004,3,Happy,0.9415733142682706,BOTH_CORRECT,False,True,True,False
public,3145,6,Neutral,3,Happy,0.9134314161777746,6,Neutral,0.6657223988632701,V22_CORRECT_V21_WRONG,True,True,True,False
public,3146,2,Fear,2,Fear,0.9527315043973509,2,Fear,0.8704050210911652,BOTH_CORRECT,False,True,True,False
public,3147,3,Happy,3,Happy,0.9595527712648049,3,Happy,0.9602044392395818,BOTH_CORRECT,False,True,True,False
public,3148,4,Sad,3,Happy,0.9577946340271402,3,Happy,0.5889147641703077,BOTH_WRONG,False,True,True,False
public,3149,3,Happy,3,Happy,0.9427647986305178,3,Happy,0.9352383893165097,BOTH_CORRECT,False,True,True,False
public,3150,4,Sad,4,Sad,0.9016642140890612,4,Sad,0.5661316295312797,BOTH_CORRECT,False,True,True,False
public,3151,2,Fear,2,Fear,0.951492002599471,2,Fear,0.9559283603825203,BOTH_CORRECT,False,True,True,False
public,3152,3,Happy,3,Happy,0.9425383811713358,3,Happy,0.9221555076903193,BOTH_CORRECT,False,True,True,False
public,3153,2,Fear,6,Neutral,0.6862159060655888,6,Neutral,0.93195924410561,BOTH_WRONG,False,True,True,False
public,3154,3,Happy,3,Happy,0.9621174944383284,3,Happy,0.9624807321004665,BOTH_CORRECT,False,True,True,False
public,3155,2,Fear,2,Fear,0.9489622571925423,6,Neutral,0.524634895119392,V21_CORRECT_V22_WRONG,True,True,True,False
public,3156,3,Happy,3,Happy,0.9459250216048454,3,Happy,0.9414014358490017,BOTH_CORRECT,False,True,True,False
public,3157,2,Fear,3,Happy,0.7852872930687961,4,Sad,0.7756503497868558,BOTH_WRONG,False,True,True,False
public,3158,0,Angry,0,Angry,0.6918864564936905,4,Sad,0.8482428901041601,V21_CORRECT_V22_WRONG,True,True,True,False
public,3159,4,Sad,4,Sad,0.9361502078412002,4,Sad,0.9593106438737233,BOTH_CORRECT,False,True,True,False
public,3160,6,Neutral,4,Sad,0.9579489418001724,4,Sad,0.956516044813887,BOTH_WRONG,False,True,True,False
public,3161,3,Happy,3,Happy,0.8051804818351238,3,Happy,0.8192403881257474,BOTH_CORRECT,False,True,True,False
public,3162,4,Sad,6,Neutral,0.47540459567185384,6,Neutral,0.8607291410809249,BOTH_WRONG,False,True,True,False
public,3163,5,Surprise,5,Surprise,0.9575468025166407,5,Surprise,0.9656709389512149,BOTH_CORRECT,False,True,True,False
public,3164,0,Angry,0,Angry,0.9561033050214223,0,Angry,0.9600498133143693,BOTH_CORRECT,False,True,True,False
public,3165,0,Angry,4,Sad,0.7955199659918831,4,Sad,0.9240076466357577,BOTH_WRONG,False,True,True,False
public,3166,5,Surprise,3,Happy,0.6235417545590802,5,Surprise,0.519664489022113,V22_CORRECT_V21_WRONG,True,True,True,False
public,3167,6,Neutral,6,Neutral,0.9238737320506784,6,Neutral,0.8649348485377729,BOTH_CORRECT,False,True,True,False
public,3168,0,Angry,0,Angry,0.7938925312835448,5,Surprise,0.8489988405438624,V21_CORRECT_V22_WRONG,True,True,True,False
public,3169,6,Neutral,0,Angry,0.7172233832572503,6,Neutral,0.5684866653212144,V22_CORRECT_V21_WRONG,True,True,True,False
public,3170,0,Angry,0,Angry,0.628849159264397,0,Angry,0.9369703949840179,BOTH_CORRECT,False,True,True,False
public,3171,6,Neutral,0,Angry,0.9296494024590115,0,Angry,0.4723138477932671,BOTH_WRONG,False,True,True,False
public,3172,4,Sad,0,Angry,0.7608719593264427,4,Sad,0.6650518080239632,V22_CORRECT_V21_WRONG,True,True,True,False
public,3173,5,Surprise,3,Happy,0.955640780360431,3,Happy,0.5860482760360762,BOTH_WRONG,False,True,False,False
public,3174,3,Happy,3,Happy,0.9466623735157725,3,Happy,0.9512574463467833,BOTH_CORRECT,False,True,True,False
public,3175,6,Neutral,6,Neutral,0.871865807279268,6,Neutral,0.9573191783320099,BOTH_CORRECT,False,True,True,False
public,3176,2,Fear,5,Surprise,0.6119795092348381,2,Fear,0.7879228117867489,V22_CORRECT_V21_WRONG,True,True,True,False
public,3177,4,Sad,4,Sad,0.6114956294775789,4,Sad,0.8581795064813591,BOTH_CORRECT,False,True,True,False
public,3178,4,Sad,4,Sad,0.8896357022297883,4,Sad,0.9355283323539985,BOTH_CORRECT,False,True,True,False
public,3179,0,Angry,0,Angry,0.9064835104436562,0,Angry,0.9634759980402106,BOTH_CORRECT,False,True,True,False
public,3180,3,Happy,3,Happy,0.8609879911259335,3,Happy,0.9403678408961296,BOTH_CORRECT,False,True,True,False
public,3181,3,Happy,3,Happy,0.946008209124584,3,Happy,0.9527423635026938,BOTH_CORRECT,False,True,True,False
public,3182,6,Neutral,6,Neutral,0.9376712332470962,6,Neutral,0.9482277208809385,BOTH_CORRECT,False,True,True,False
public,3183,5,Surprise,3,Happy,0.9085083206704647,3,Happy,0.5307144285919921,BOTH_WRONG,False,True,True,False
public,3184,4,Sad,0,Angry,0.8713160043305315,0,Angry,0.6805797024666311,BOTH_WRONG,False,True,True,False
public,3185,4,Sad,4,Sad,0.9466836420022684,4,Sad,0.8647483164355786,BOTH_CORRECT,False,True,True,False
public,3186,5,Surprise,5,Surprise,0.9559144752658832,5,Surprise,0.96096395804568,BOTH_CORRECT,False,True,True,False
public,3187,3,Happy,3,Happy,0.944547324245749,3,Happy,0.9475994310428898,BOTH_CORRECT,False,True,True,False
public,3188,3,Happy,3,Happy,0.9499511837565797,3,Happy,0.9491421007431734,BOTH_CORRECT,False,True,True,False
public,3189,6,Neutral,6,Neutral,0.9402397569337924,6,Neutral,0.9532027552324475,BOTH_CORRECT,False,True,True,False
public,3190,5,Surprise,5,Surprise,0.9226196374771262,5,Surprise,0.9485936041131369,BOTH_CORRECT,False,True,True,False
public,3191,4,Sad,4,Sad,0.8903831074988756,4,Sad,0.7847449908244136,BOTH_CORRECT,False,True,True,False
public,3192,4,Sad,6,Neutral,0.7860046069915524,6,Neutral,0.9121797510493391,BOTH_WRONG,False,True,True,False
public,3193,5,Surprise,5,Surprise,0.9533199728432944,5,Surprise,0.9487025045663375,BOTH_CORRECT,False,False,False,True
public,3194,2,Fear,2,Fear,0.9576351165462537,2,Fear,0.9556725933499638,BOTH_CORRECT,False,False,False,True
public,3195,2,Fear,2,Fear,0.5527919056239821,2,Fear,0.9500119189888535,BOTH_CORRECT,False,True,True,False
public,3196,5,Surprise,5,Surprise,0.9500860489050199,5,Surprise,0.9542843669219422,BOTH_CORRECT,False,True,True,False
public,3197,6,Neutral,0,Angry,0.7030651548154611,0,Angry,0.59785413949743,BOTH_WRONG,False,True,True,False
public,3198,4,Sad,4,Sad,0.4922632008540508,4,Sad,0.955051145935693,BOTH_CORRECT,False,True,True,False
public,3199,3,Happy,3,Happy,0.4008465669446236,3,Happy,0.9608372656724752,BOTH_CORRECT,False,True,True,False
public,3200,6,Neutral,4,Sad,0.9498217818096282,4,Sad,0.9177427653523068,BOTH_WRONG,False,True,True,False
public,3201,3,Happy,3,Happy,0.9570988505643351,3,Happy,0.9544162775369509,BOTH_CORRECT,False,True,True,False
public,3202,4,Sad,4,Sad,0.8329482427331057,4,Sad,0.8986885184189156,BOTH_CORRECT,False,True,True,False
public,3203,4,Sad,3,Happy,0.9025029899576694,0,Angry,0.3146327246946997,BOTH_WRONG,False,True,True,False
public,3204,4,Sad,3,Happy,0.9407595188217268,3,Happy,0.47808529761348856,BOTH_WRONG,False,True,True,False
public,3205,2,Fear,4,Sad,0.44783297071025846,4,Sad,0.8629603924811823,BOTH_WRONG,False,True,True,False
public,3206,6,Neutral,4,Sad,0.7982513842805004,4,Sad,0.9632663314129751,BOTH_WRONG,False,True,True,False
public,3207,2,Fear,2,Fear,0.9519458635879917,2,Fear,0.8877450114007595,BOTH_CORRECT,False,True,True,False
public,3208,0,Angry,2,Fear,0.7675405744664072,2,Fear,0.855641046745321,BOTH_WRONG,False,True,False,False
public,3209,5,Surprise,2,Fear,0.46913576688366687,4,Sad,0.5617366135548008,BOTH_WRONG,False,True,True,False
public,3210,2,Fear,4,Sad,0.49698374116661775,6,Neutral,0.8189385319570461,BOTH_WRONG,False,True,True,False
public,3211,2,Fear,0,Angry,0.8233221580539912,1,Disgust,0.5088161994302888,BOTH_WRONG,False,True,True,False
public,3212,0,Angry,0,Angry,0.9671890207625848,0,Angry,0.9621628444411956,BOTH_CORRECT,False,False,False,True
public,3213,3,Happy,3,Happy,0.8386034199638569,3,Happy,0.9592352790581951,BOTH_CORRECT,False,True,True,False
public,3214,5,Surprise,4,Sad,0.27783041040580986,4,Sad,0.5332583359858922,BOTH_WRONG,False,True,True,False
public,3215,6,Neutral,4,Sad,0.530138952173804,0,Angry,0.7733578725567832,BOTH_WRONG,False,True,True,False
public,3216,0,Angry,6,Neutral,0.8606779627673388,0,Angry,0.8237210325008806,V22_CORRECT_V21_WRONG,True,True,True,False
public,3217,0,Angry,0,Angry,0.5736694116831548,0,Angry,0.9154974481237124,BOTH_CORRECT,False,True,True,False
public,3218,3,Happy,6,Neutral,0.900304885100522,6,Neutral,0.9368883455640857,BOTH_WRONG,False,True,False,False
public,3219,0,Angry,0,Angry,0.7537996094577016,3,Happy,0.9596957009114527,V21_CORRECT_V22_WRONG,True,True,True,False
public,3220,3,Happy,5,Surprise,0.8641128272101953,3,Happy,0.6074339581441113,V22_CORRECT_V21_WRONG,True,True,True,False
public,3221,6,Neutral,6,Neutral,0.9358063716611621,6,Neutral,0.9415586689072677,BOTH_CORRECT,False,True,True,False
public,3222,0,Angry,0,Angry,0.933647376198698,0,Angry,0.9120201966340771,BOTH_CORRECT,False,True,True,False
public,3223,0,Angry,4,Sad,0.9528720104599462,4,Sad,0.8964842387572732,BOTH_WRONG,False,True,True,False
public,3224,3,Happy,3,Happy,0.9547646706495371,3,Happy,0.9519334353084792,BOTH_CORRECT,False,True,True,False
public,3225,3,Happy,3,Happy,0.9429180104102299,3,Happy,0.9496666057871372,BOTH_CORRECT,False,True,True,False
public,3226,5,Surprise,5,Surprise,0.9579591352660869,5,Surprise,0.9599875405310764,BOTH_CORRECT,False,True,True,False
public,3227,0,Angry,0,Angry,0.9158296755018148,0,Angry,0.9616713775106298,BOTH_CORRECT,False,True,True,False
public,3228,0,Angry,0,Angry,0.7067867761166371,0,Angry,0.4069011796808112,BOTH_CORRECT,False,True,True,False
public,3229,4,Sad,6,Neutral,0.8131837308379346,3,Happy,0.6940627577489832,BOTH_WRONG,False,True,True,False
public,3230,0,Angry,0,Angry,0.8054170811912773,0,Angry,0.8178708053696325,BOTH_CORRECT,False,True,True,False
public,3231,2,Fear,4,Sad,0.9408253054853623,4,Sad,0.8159987911678145,BOTH_WRONG,False,True,True,False
public,3232,4,Sad,2,Fear,0.9331652645164717,2,Fear,0.9363650147130638,BOTH_WRONG,False,True,True,False
public,3233,6,Neutral,6,Neutral,0.9274790304268802,6,Neutral,0.9635638115576234,BOTH_CORRECT,False,True,True,False
public,3234,6,Neutral,4,Sad,0.5549379359966644,4,Sad,0.634031927838983,BOTH_WRONG,False,True,True,False
public,3235,2,Fear,2,Fear,0.6237211426253603,5,Surprise,0.9459700148523792,V21_CORRECT_V22_WRONG,True,True,True,False
public,3236,3,Happy,3,Happy,0.9246168067085516,3,Happy,0.9453080600167243,BOTH_CORRECT,False,True,True,False
public,3237,0,Angry,0,Angry,0.6492810484933581,2,Fear,0.6106584853218128,V21_CORRECT_V22_WRONG,True,True,True,False
public,3238,0,Angry,0,Angry,0.8171276997529626,0,Angry,0.9588035413619981,BOTH_CORRECT,False,True,True,False
public,3239,0,Angry,4,Sad,0.3223131906074652,3,Happy,0.709436261086399,BOTH_WRONG,False,True,True,False
public,3240,6,Neutral,6,Neutral,0.7328286481570292,6,Neutral,0.8548786836236616,BOTH_CORRECT,False,True,True,False
public,3241,3,Happy,3,Happy,0.9457270991668905,3,Happy,0.6573081927675136,BOTH_CORRECT,False,True,True,False
public,3242,3,Happy,3,Happy,0.95628639182667,3,Happy,0.9597874526527246,BOTH_CORRECT,False,True,True,False
public,3243,3,Happy,5,Surprise,0.9053148979880988,3,Happy,0.9503496334571975,V22_CORRECT_V21_WRONG,True,True,True,False
public,3244,5,Surprise,5,Surprise,0.9553835400078818,5,Surprise,0.9403133301031329,BOTH_CORRECT,False,False,False,True
public,3245,2,Fear,2,Fear,0.5063715397002355,0,Angry,0.6859574715937167,V21_CORRECT_V22_WRONG,True,True,True,False
public,3246,6,Neutral,4,Sad,0.4768639214674673,4,Sad,0.928067326770806,BOTH_WRONG,False,True,True,False
public,3247,6,Neutral,3,Happy,0.8957830414595487,3,Happy,0.7018456727188925,BOTH_WRONG,False,True,True,False
public,3248,4,Sad,6,Neutral,0.6070393455284709,4,Sad,0.5098903064023983,V22_CORRECT_V21_WRONG,True,True,True,False
public,3249,3,Happy,4,Sad,0.8030240720867973,3,Happy,0.7824671621949215,V22_CORRECT_V21_WRONG,True,True,True,False
public,3250,2,Fear,2,Fear,0.9383480126251176,2,Fear,0.9647303937180378,BOTH_CORRECT,False,True,True,False
public,3251,6,Neutral,3,Happy,0.9087088562816501,3,Happy,0.9481683198572834,BOTH_WRONG,False,True,True,False
public,3252,5,Surprise,5,Surprise,0.9537642885631897,5,Surprise,0.9565059241338512,BOTH_CORRECT,False,False,False,True
public,3253,3,Happy,6,Neutral,0.7494939433007057,3,Happy,0.914098088832085,V22_CORRECT_V21_WRONG,True,True,True,False
public,3254,6,Neutral,4,Sad,0.7218303013131776,4,Sad,0.4335063111291871,BOTH_WRONG,False,True,True,False
public,3255,3,Happy,0,Angry,0.6470933150760572,0,Angry,0.6269291398668864,BOTH_WRONG,False,True,True,False
public,3256,2,Fear,2,Fear,0.9553634020888697,2,Fear,0.9627819872146947,BOTH_CORRECT,False,False,False,True
public,3257,3,Happy,3,Happy,0.9450993584068371,3,Happy,0.8955752214926759,BOTH_CORRECT,False,True,True,False
public,3258,4,Sad,4,Sad,0.6189387991689295,4,Sad,0.8657494551800142,BOTH_CORRECT,False,True,True,False
public,3259,5,Surprise,5,Surprise,0.9445238973607424,5,Surprise,0.949888663797132,BOTH_CORRECT,False,True,True,False
public,3260,0,Angry,5,Surprise,0.9322624753146638,5,Surprise,0.867883106204563,BOTH_WRONG,False,True,True,False
public,3261,6,Neutral,6,Neutral,0.9565017157569489,6,Neutral,0.9250671745936635,BOTH_CORRECT,False,True,True,False
public,3262,0,Angry,5,Surprise,0.3722406603409378,5,Surprise,0.9386079801448295,BOTH_WRONG,False,True,True,False
public,3263,3,Happy,3,Happy,0.9539666641405158,3,Happy,0.9568427122360637,BOTH_CORRECT,False,True,True,False
public,3264,2,Fear,2,Fear,0.4661581539660098,2,Fear,0.9014404019662079,BOTH_CORRECT,False,True,True,False
public,3265,6,Neutral,6,Neutral,0.6950505861826678,3,Happy,0.6187453870645274,V21_CORRECT_V22_WRONG,True,True,True,False
public,3266,4,Sad,4,Sad,0.9176403944862471,4,Sad,0.9424341833334187,BOTH_CORRECT,False,True,True,False
public,3267,4,Sad,4,Sad,0.6121093114933998,4,Sad,0.8801352806200438,BOTH_CORRECT,False,True,True,False
public,3268,3,Happy,3,Happy,0.9503347530629481,3,Happy,0.9480677964758975,BOTH_CORRECT,False,True,True,False
public,3269,5,Surprise,5,Surprise,0.907468562120632,5,Surprise,0.6631802579022525,BOTH_CORRECT,False,False,False,True
public,3270,2,Fear,0,Angry,0.6776858815224005,4,Sad,0.8920849789757573,BOTH_WRONG,False,True,True,False
public,3271,4,Sad,0,Angry,0.34826901063123744,0,Angry,0.9151425690518554,BOTH_WRONG,False,True,True,False
public,3272,6,Neutral,6,Neutral,0.9586208447179545,6,Neutral,0.9671436745575309,BOTH_CORRECT,False,True,True,False
public,3273,2,Fear,0,Angry,0.9187194935556787,0,Angry,0.9113129145080329,BOTH_WRONG,False,True,True,False
public,3274,5,Surprise,5,Surprise,0.7215574656738806,5,Surprise,0.34829694500772823,BOTH_CORRECT,False,True,True,False
public,3275,4,Sad,4,Sad,0.7221087583884361,4,Sad,0.8119326356220378,BOTH_CORRECT,False,True,True,False
public,3276,3,Happy,3,Happy,0.9415237256814744,3,Happy,0.9429237553681584,BOTH_CORRECT,False,True,True,False
public,3277,6,Neutral,6,Neutral,0.9275777654635425,6,Neutral,0.9579136463042529,BOTH_CORRECT,False,True,True,False
public,3278,3,Happy,3,Happy,0.9563246294756653,3,Happy,0.9565542535790509,BOTH_CORRECT,False,True,True,False
public,3279,4,Sad,2,Fear,0.8061916461421991,4,Sad,0.383904589057056,V22_CORRECT_V21_WRONG,True,True,True,False
public,3280,2,Fear,0,Angry,0.35322934690644037,0,Angry,0.9622400131382436,BOTH_WRONG,False,True,True,False
public,3281,3,Happy,3,Happy,0.9346914696457314,3,Happy,0.9409865500972738,BOTH_CORRECT,False,True,True,False
public,3282,2,Fear,2,Fear,0.9401853050586072,2,Fear,0.9119332691637789,BOTH_CORRECT,False,True,True,False
public,3283,4,Sad,4,Sad,0.9271440590508772,4,Sad,0.9585192242417332,BOTH_CORRECT,False,True,True,False
public,3284,6,Neutral,3,Happy,0.932938541447411,3,Happy,0.8401262341229865,BOTH_WRONG,False,False,False,False
public,3285,6,Neutral,4,Sad,0.9118889610473234,6,Neutral,0.8597868272177527,V22_CORRECT_V21_WRONG,True,True,True,False
public,3286,4,Sad,2,Fear,0.8892737311361588,4,Sad,0.9309475452291093,V22_CORRECT_V21_WRONG,True,True,True,False
public,3287,6,Neutral,6,Neutral,0.8327515614844285,6,Neutral,0.6952448910448753,BOTH_CORRECT,False,True,True,False
public,3288,6,Neutral,6,Neutral,0.8484794115294121,2,Fear,0.6050380045208771,V21_CORRECT_V22_WRONG,True,True,True,False
public,3289,5,Surprise,5,Surprise,0.9522464812623344,5,Surprise,0.9568934963374871,BOTH_CORRECT,False,False,False,True
public,3290,6,Neutral,6,Neutral,0.9296957434678621,6,Neutral,0.9089756040818694,BOTH_CORRECT,False,True,True,False
public,3291,2,Fear,4,Sad,0.6422048524293794,4,Sad,0.9402980280561506,BOTH_WRONG,False,True,True,False
public,3292,0,Angry,6,Neutral,0.9069273093912533,0,Angry,0.5373848369639791,V22_CORRECT_V21_WRONG,True,True,True,False
public,3293,4,Sad,4,Sad,0.9047991752302784,4,Sad,0.809859790932924,BOTH_CORRECT,False,True,True,False
public,3294,3,Happy,3,Happy,0.9206407190209893,3,Happy,0.9598991284883638,BOTH_CORRECT,False,True,True,False
public,3295,5,Surprise,5,Surprise,0.9435487707471117,5,Surprise,0.9291782961123688,BOTH_CORRECT,False,False,False,True
public,3296,4,Sad,4,Sad,0.8254266707293212,4,Sad,0.9364461692142237,BOTH_CORRECT,False,True,True,False
public,3297,4,Sad,6,Neutral,0.8941902147629326,6,Neutral,0.3824743075803614,BOTH_WRONG,False,True,True,False
public,3298,2,Fear,2,Fear,0.9146515593948723,6,Neutral,0.4583695705246658,V21_CORRECT_V22_WRONG,True,True,True,False
public,3299,6,Neutral,6,Neutral,0.9393711141182013,6,Neutral,0.9532701863731385,BOTH_CORRECT,False,True,True,False
public,3300,6,Neutral,6,Neutral,0.9471464355125829,6,Neutral,0.9583153237039895,BOTH_CORRECT,False,True,True,False
public,3301,4,Sad,4,Sad,0.8371560952208007,4,Sad,0.8197164542367797,BOTH_CORRECT,False,True,True,False
public,3302,3,Happy,3,Happy,0.9464091527163474,3,Happy,0.9512281697780588,BOTH_CORRECT,False,True,True,False
public,3303,3,Happy,3,Happy,0.9478197683771832,3,Happy,0.947599066332744,BOTH_CORRECT,False,True,True,False
public,3304,3,Happy,3,Happy,0.9499412381256779,3,Happy,0.9477815023507749,BOTH_CORRECT,False,True,True,False
public,3305,2,Fear,2,Fear,0.8955461903387065,0,Angry,0.47222640095336793,V21_CORRECT_V22_WRONG,True,True,True,False
public,3306,4,Sad,4,Sad,0.9328332988933803,4,Sad,0.9547674422048241,BOTH_CORRECT,False,True,True,False
public,3307,6,Neutral,6,Neutral,0.9400891241486619,6,Neutral,0.93296079673472,BOTH_CORRECT,False,False,False,True
public,3308,0,Angry,0,Angry,0.7607963259779327,4,Sad,0.698930380986234,V21_CORRECT_V22_WRONG,True,True,True,False
public,3309,2,Fear,4,Sad,0.9408399499775475,4,Sad,0.9048145127347931,BOTH_WRONG,False,True,True,False
public,3310,0,Angry,0,Angry,0.9564148751003925,0,Angry,0.9550376244121138,BOTH_CORRECT,False,True,True,False
public,3311,6,Neutral,4,Sad,0.5130545689780706,4,Sad,0.6240101428096685,BOTH_WRONG,False,True,True,False
public,3312,3,Happy,3,Happy,0.958496763595711,3,Happy,0.953958964781004,BOTH_CORRECT,False,True,True,False
public,3313,3,Happy,3,Happy,0.9636326842967805,3,Happy,0.9566857963495025,BOTH_CORRECT,False,True,True,False
public,3314,0,Angry,0,Angry,0.9683841519553011,0,Angry,0.9649731521902974,BOTH_CORRECT,False,True,True,False
public,3315,0,Angry,2,Fear,0.5157465488737919,2,Fear,0.8068617260365264,BOTH_WRONG,False,True,True,False
public,3316,4,Sad,4,Sad,0.9229659278697314,4,Sad,0.9521851700211792,BOTH_CORRECT,False,True,True,False
public,3317,4,Sad,6,Neutral,0.6510702657251215,4,Sad,0.8310135370408124,V22_CORRECT_V21_WRONG,True,True,True,False
public,3318,3,Happy,3,Happy,0.9505484178630638,3,Happy,0.9483647909444659,BOTH_CORRECT,False,True,True,False
public,3319,6,Neutral,4,Sad,0.7130536348265997,6,Neutral,0.6753860584840486,V22_CORRECT_V21_WRONG,True,True,True,False
public,3320,4,Sad,0,Angry,0.663806676807452,0,Angry,0.9582650612455449,BOTH_WRONG,False,True,True,False
public,3321,4,Sad,4,Sad,0.8795957607280029,4,Sad,0.8719101484818539,BOTH_CORRECT,False,True,True,False
public,3322,5,Surprise,5,Surprise,0.9519103195489169,5,Surprise,0.9525001441953379,BOTH_CORRECT,False,True,True,False
public,3323,6,Neutral,2,Fear,0.625030097285152,3,Happy,0.896377505656611,BOTH_WRONG,False,True,True,False
public,3324,6,Neutral,4,Sad,0.7900529166659199,4,Sad,0.7113520877271533,BOTH_WRONG,False,True,True,False
public,3325,6,Neutral,6,Neutral,0.9284381488240615,6,Neutral,0.9319287939422166,BOTH_CORRECT,False,True,True,False
public,3326,5,Surprise,5,Surprise,0.950723149148459,5,Surprise,0.9495679589624023,BOTH_CORRECT,False,True,True,False
public,3327,3,Happy,6,Neutral,0.8953794505082424,6,Neutral,0.6747927836605265,BOTH_WRONG,False,True,True,False
public,3328,3,Happy,4,Sad,0.47998627527975085,3,Happy,0.5699731367472856,V22_CORRECT_V21_WRONG,True,True,True,False
public,3329,4,Sad,4,Sad,0.8482698039037759,4,Sad,0.9516072400983271,BOTH_CORRECT,False,True,True,False
public,3330,3,Happy,3,Happy,0.9515087817508989,3,Happy,0.8479505454055679,BOTH_CORRECT,False,True,True,False
public,3331,5,Surprise,5,Surprise,0.9601551994971348,5,Surprise,0.9169410611764414,BOTH_CORRECT,False,False,False,True
public,3332,3,Happy,6,Neutral,0.7936021082786677,6,Neutral,0.7710703913802783,BOTH_WRONG,False,True,True,False
public,3333,4,Sad,3,Happy,0.5401968616760973,3,Happy,0.4160941932539976,BOTH_WRONG,False,True,True,False
public,3334,3,Happy,3,Happy,0.9377304482109191,6,Neutral,0.8218808224076222,V21_CORRECT_V22_WRONG,True,True,True,False
public,3335,4,Sad,2,Fear,0.6199143201638868,4,Sad,0.9484589243887789,V22_CORRECT_V21_WRONG,True,True,True,False
public,3336,4,Sad,6,Neutral,0.4773368940429134,6,Neutral,0.8840312007020756,BOTH_WRONG,False,True,True,False
public,3337,3,Happy,3,Happy,0.9555137138547474,3,Happy,0.9127596251643578,BOTH_CORRECT,False,True,True,False
public,3338,3,Happy,3,Happy,0.9418272272698115,3,Happy,0.9474188587629354,BOTH_CORRECT,False,True,True,False
public,3339,3,Happy,3,Happy,0.955113439938427,3,Happy,0.9511133115798146,BOTH_CORRECT,False,True,True,False
public,3340,6,Neutral,6,Neutral,0.7551924497024557,6,Neutral,0.5670190808191092,BOTH_CORRECT,False,True,True,False
public,3341,2,Fear,6,Neutral,0.8921721114966804,6,Neutral,0.942694356400317,BOTH_WRONG,False,True,True,False
public,3342,3,Happy,0,Angry,0.5771324337091435,0,Angry,0.9310145725339362,BOTH_WRONG,False,True,True,False
public,3343,2,Fear,5,Surprise,0.8652134064881247,5,Surprise,0.732296471340708,BOTH_WRONG,False,True,True,False
public,3344,2,Fear,4,Sad,0.39449994265377547,2,Fear,0.5543014690791348,V22_CORRECT_V21_WRONG,True,True,True,False
public,3345,4,Sad,4,Sad,0.7878136536544441,4,Sad,0.8598802194196233,BOTH_CORRECT,False,True,True,False
public,3346,3,Happy,3,Happy,0.9583816330385504,3,Happy,0.958435607675634,BOTH_CORRECT,False,True,True,False
public,3347,1,Disgust,2,Fear,0.5636789485491601,6,Neutral,0.9466294177121238,BOTH_WRONG,False,True,True,False
public,3348,5,Surprise,2,Fear,0.8281395349184469,5,Surprise,0.9170562584719621,V22_CORRECT_V21_WRONG,True,True,True,False
public,3349,2,Fear,4,Sad,0.4547704051759515,0,Angry,0.6127871608160838,BOTH_WRONG,False,True,True,False
public,3350,2,Fear,2,Fear,0.6034001353242816,2,Fear,0.5838947504601785,BOTH_CORRECT,False,True,True,False
public,3351,4,Sad,0,Angry,0.9611338456105638,0,Angry,0.9650934782725398,BOTH_WRONG,False,True,True,False
public,3352,5,Surprise,5,Surprise,0.9265780206802982,5,Surprise,0.9463924516846259,BOTH_CORRECT,False,True,True,False
public,3353,3,Happy,3,Happy,0.9573532629047996,3,Happy,0.9518462767774937,BOTH_CORRECT,False,True,True,False
public,3354,3,Happy,6,Neutral,0.7107382693301776,6,Neutral,0.7350286299465171,BOTH_WRONG,False,True,True,False
public,3355,4,Sad,4,Sad,0.9632912939954579,4,Sad,0.9567343257846157,BOTH_CORRECT,False,True,True,False
public,3356,4,Sad,0,Angry,0.9155108452331087,0,Angry,0.9572298477358114,BOTH_WRONG,False,True,True,False
public,3357,3,Happy,6,Neutral,0.8941260873163639,0,Angry,0.9538984016927231,BOTH_WRONG,False,True,True,False
public,3358,4,Sad,4,Sad,0.9615764741373161,4,Sad,0.9562455094448975,BOTH_CORRECT,False,True,True,False
public,3359,3,Happy,3,Happy,0.9484492714671849,3,Happy,0.945152055325782,BOTH_CORRECT,False,True,True,False
public,3360,5,Surprise,5,Surprise,0.937988988254549,5,Surprise,0.9563115920143137,BOTH_CORRECT,False,True,True,False
public,3361,3,Happy,3,Happy,0.7183344600157614,3,Happy,0.9286248304982454,BOTH_CORRECT,False,True,True,False
public,3362,6,Neutral,0,Angry,0.9567259941546329,0,Angry,0.8579724523353207,BOTH_WRONG,False,True,True,False
public,3363,0,Angry,0,Angry,0.80248489043756,3,Happy,0.4939575765773822,V21_CORRECT_V22_WRONG,True,True,True,False
public,3364,6,Neutral,6,Neutral,0.9465870423403191,6,Neutral,0.9485952497176863,BOTH_CORRECT,False,True,True,False
public,3365,2,Fear,0,Angry,0.8762549183226745,0,Angry,0.9056374103007894,BOTH_WRONG,False,True,True,False
public,3366,3,Happy,3,Happy,0.9519933875889323,3,Happy,0.9481119236819738,BOTH_CORRECT,False,True,True,False
public,3367,2,Fear,2,Fear,0.9340169652665569,2,Fear,0.9550031637456066,BOTH_CORRECT,False,False,False,True
public,3368,4,Sad,4,Sad,0.7478003085615583,4,Sad,0.9228328336606318,BOTH_CORRECT,False,True,True,False
public,3369,0,Angry,0,Angry,0.9278246741775995,0,Angry,0.8971340365130528,BOTH_CORRECT,False,True,True,False
public,3370,5,Surprise,5,Surprise,0.9070011502095244,5,Surprise,0.7816873668089468,BOTH_CORRECT,False,True,True,False
public,3371,3,Happy,3,Happy,0.9621286016472687,3,Happy,0.9610306074518055,BOTH_CORRECT,False,True,True,False
public,3372,6,Neutral,6,Neutral,0.9055206298782214,6,Neutral,0.8664105383800906,BOTH_CORRECT,False,True,True,False
public,3373,6,Neutral,6,Neutral,0.9433062112587434,6,Neutral,0.8770821691620707,BOTH_CORRECT,False,True,True,False
public,3374,4,Sad,0,Angry,0.8008536308779816,4,Sad,0.9404289067526066,V22_CORRECT_V21_WRONG,True,True,True,False
public,3375,3,Happy,3,Happy,0.9579506994951036,3,Happy,0.9532056468256245,BOTH_CORRECT,False,True,True,False
public,3376,3,Happy,3,Happy,0.9639539364965367,3,Happy,0.9675785683238871,BOTH_CORRECT,False,True,True,False
public,3377,1,Disgust,2,Fear,0.47343423635379067,0,Angry,0.9520882624114089,BOTH_WRONG,False,True,True,False
public,3378,3,Happy,6,Neutral,0.8583604828810442,6,Neutral,0.8895351644229874,BOTH_WRONG,False,True,True,False
public,3379,2,Fear,2,Fear,0.7494874514531736,2,Fear,0.7960332931267116,BOTH_CORRECT,False,True,True,False
public,3380,4,Sad,4,Sad,0.597680559413696,4,Sad,0.8072442292449448,BOTH_CORRECT,False,True,True,False
public,3381,6,Neutral,6,Neutral,0.890113576195584,6,Neutral,0.7302657734288708,BOTH_CORRECT,False,False,False,True
public,3382,4,Sad,4,Sad,0.9147923956400762,4,Sad,0.9635715618574586,BOTH_CORRECT,False,False,False,True
public,3383,3,Happy,3,Happy,0.9481670906848924,3,Happy,0.9519082631138707,BOTH_CORRECT,False,True,True,False
public,3384,2,Fear,4,Sad,0.9251600916843717,4,Sad,0.9372279394258155,BOTH_WRONG,False,True,True,False
public,3385,0,Angry,0,Angry,0.9211406136565893,0,Angry,0.9432160999042503,BOTH_CORRECT,False,True,True,False
public,3386,3,Happy,3,Happy,0.9544728761297377,3,Happy,0.9530506579166779,BOTH_CORRECT,False,False,False,True
public,3387,5,Surprise,5,Surprise,0.6802705809162822,5,Surprise,0.9277549095394629,BOTH_CORRECT,False,True,True,False
public,3388,2,Fear,2,Fear,0.6791508575645202,2,Fear,0.9511026909617515,BOTH_CORRECT,False,True,True,False
public,3389,5,Surprise,5,Surprise,0.9508737163972847,5,Surprise,0.9360234663039586,BOTH_CORRECT,False,True,True,False
public,3390,5,Surprise,5,Surprise,0.9599338581730229,5,Surprise,0.95230265695286,BOTH_CORRECT,False,True,True,False
public,3391,3,Happy,3,Happy,0.947098382327979,3,Happy,0.9363060891925522,BOTH_CORRECT,False,True,True,False
public,3392,6,Neutral,0,Angry,0.6163983364478428,6,Neutral,0.9543278242845283,V22_CORRECT_V21_WRONG,True,True,True,False
public,3393,2,Fear,0,Angry,0.9404391671731799,0,Angry,0.9519286666797397,BOTH_WRONG,False,True,True,False
public,3394,2,Fear,2,Fear,0.935016472635447,2,Fear,0.9598766548459019,BOTH_CORRECT,False,True,True,False
public,3395,2,Fear,2,Fear,0.9230128898625645,2,Fear,0.9671090627516163,BOTH_CORRECT,False,True,True,False
public,3396,3,Happy,3,Happy,0.9488055354993592,3,Happy,0.956730240316546,BOTH_CORRECT,False,True,True,False
public,3397,6,Neutral,6,Neutral,0.9330398369979471,6,Neutral,0.9508700485207225,BOTH_CORRECT,False,True,True,False
public,3398,3,Happy,3,Happy,0.9478915893942648,3,Happy,0.9542285935544451,BOTH_CORRECT,False,True,True,False
public,3399,3,Happy,3,Happy,0.957780726410589,3,Happy,0.9575252206935887,BOTH_CORRECT,False,True,True,False
public,3400,2,Fear,2,Fear,0.6767122894509005,6,Neutral,0.8110841878875222,V21_CORRECT_V22_WRONG,True,True,True,False
public,3401,4,Sad,4,Sad,0.6013355467123249,4,Sad,0.8638114141680754,BOTH_CORRECT,False,True,True,False
public,3402,2,Fear,4,Sad,0.8095113921102988,2,Fear,0.9275010101642286,V22_CORRECT_V21_WRONG,True,True,True,False
public,3403,0,Angry,0,Angry,0.9184447924095611,0,Angry,0.8622127630747669,BOTH_CORRECT,False,True,True,False
public,3404,6,Neutral,0,Angry,0.6979745428374226,0,Angry,0.5380938029233311,BOTH_WRONG,False,True,True,False
public,3405,2,Fear,2,Fear,0.6822058769675101,2,Fear,0.9703362764709853,BOTH_CORRECT,False,True,False,False
public,3406,6,Neutral,6,Neutral,0.9467560537737081,6,Neutral,0.9314486848319453,BOTH_CORRECT,False,True,True,False
public,3407,6,Neutral,6,Neutral,0.943708690649568,6,Neutral,0.9507913110704448,BOTH_CORRECT,False,True,True,False
public,3408,6,Neutral,6,Neutral,0.7072851170779777,6,Neutral,0.8955583958276605,BOTH_CORRECT,False,True,True,False
public,3409,6,Neutral,6,Neutral,0.8430210004543371,4,Sad,0.7641986557109636,V21_CORRECT_V22_WRONG,True,True,True,False
public,3410,5,Surprise,5,Surprise,0.9549243092193282,5,Surprise,0.9592890412807803,BOTH_CORRECT,False,True,True,False
public,3411,1,Disgust,1,Disgust,0.7039874442764223,1,Disgust,0.8684594932385159,BOTH_CORRECT,False,True,True,False
public,3412,2,Fear,2,Fear,0.8202660664436774,2,Fear,0.9605004251220068,BOTH_CORRECT,False,True,True,False
public,3413,6,Neutral,6,Neutral,0.89770793807891,0,Angry,0.8406940262354599,V21_CORRECT_V22_WRONG,True,True,True,False
public,3414,6,Neutral,6,Neutral,0.7700159177591404,6,Neutral,0.8468236448989717,BOTH_CORRECT,False,True,True,False
public,3415,4,Sad,0,Angry,0.9223928363333034,0,Angry,0.7760506386863661,BOTH_WRONG,False,True,True,False
public,3416,2,Fear,4,Sad,0.8284939676173815,4,Sad,0.9610204956587362,BOTH_WRONG,False,True,True,False
public,3417,4,Sad,4,Sad,0.9502683193984194,4,Sad,0.9520432620865789,BOTH_CORRECT,False,True,True,False
public,3418,6,Neutral,4,Sad,0.8772597140710008,4,Sad,0.7936425111205584,BOTH_WRONG,False,True,True,False
public,3419,3,Happy,3,Happy,0.9523923848629442,3,Happy,0.9596599312082472,BOTH_CORRECT,False,True,True,False
public,3420,2,Fear,2,Fear,0.955968061549258,2,Fear,0.9677161209111764,BOTH_CORRECT,False,True,True,False
public,3421,2,Fear,2,Fear,0.5993879003244825,2,Fear,0.9446450286074644,BOTH_CORRECT,False,True,True,False
public,3422,4,Sad,6,Neutral,0.5178766416705807,6,Neutral,0.7683660681675789,BOTH_WRONG,False,True,True,False
public,3423,5,Surprise,5,Surprise,0.9498367553841943,5,Surprise,0.9337066492829107,BOTH_CORRECT,False,False,False,True
public,3424,6,Neutral,4,Sad,0.6876915447472126,2,Fear,0.8840392435968395,BOTH_WRONG,False,True,True,False
public,3425,3,Happy,3,Happy,0.9613538036932447,3,Happy,0.9596741120118382,BOTH_CORRECT,False,True,True,False
public,3426,2,Fear,2,Fear,0.880559852010244,2,Fear,0.8917373445884692,BOTH_CORRECT,False,True,True,False
public,3427,3,Happy,3,Happy,0.964658478001161,3,Happy,0.8865355724760118,BOTH_CORRECT,False,True,True,False
public,3428,2,Fear,2,Fear,0.910235129426913,2,Fear,0.9604462864599511,BOTH_CORRECT,False,True,True,False
public,3429,4,Sad,4,Sad,0.9534169157555197,4,Sad,0.8408837647964194,BOTH_CORRECT,False,True,True,False
public,3430,4,Sad,4,Sad,0.8307457869959315,4,Sad,0.9030748114466999,BOTH_CORRECT,False,True,True,False
public,3431,3,Happy,3,Happy,0.9554407444220345,3,Happy,0.9501158404557788,BOTH_CORRECT,False,True,True,False
public,3432,0,Angry,4,Sad,0.5745334122245483,0,Angry,0.49883471792141076,V22_CORRECT_V21_WRONG,True,True,True,False
public,3433,3,Happy,3,Happy,0.9493684555225461,3,Happy,0.945084612142676,BOTH_CORRECT,False,True,True,False
public,3434,2,Fear,4,Sad,0.47819847717688363,4,Sad,0.9532975522045418,BOTH_WRONG,False,True,True,False
public,3435,3,Happy,3,Happy,0.9569900929447372,3,Happy,0.9529949823799413,BOTH_CORRECT,False,True,True,False
public,3436,4,Sad,4,Sad,0.9453235886798971,4,Sad,0.9093764938668184,BOTH_CORRECT,False,True,True,False
public,3437,5,Surprise,5,Surprise,0.9604341409613802,5,Surprise,0.9566257494324298,BOTH_CORRECT,False,True,True,False
public,3438,4,Sad,6,Neutral,0.47911495008692606,2,Fear,0.7725825511052336,BOTH_WRONG,False,True,True,False
public,3439,5,Surprise,5,Surprise,0.9540674273612864,5,Surprise,0.9557676811460583,BOTH_CORRECT,False,True,True,False
public,3440,6,Neutral,6,Neutral,0.7609072162523344,6,Neutral,0.5123599661670521,BOTH_CORRECT,False,True,True,False
public,3441,0,Angry,0,Angry,0.770759486152398,4,Sad,0.7726195907250625,V21_CORRECT_V22_WRONG,True,True,True,False
public,3442,5,Surprise,5,Surprise,0.94917042674505,5,Surprise,0.9530878796824354,BOTH_CORRECT,False,True,True,False
public,3443,5,Surprise,5,Surprise,0.9522040188985841,5,Surprise,0.9637811852399852,BOTH_CORRECT,False,True,True,False
public,3444,0,Angry,2,Fear,0.9132564212401395,2,Fear,0.8767917754171373,BOTH_WRONG,False,True,True,False
public,3445,4,Sad,6,Neutral,0.5556549483500715,6,Neutral,0.8356829278554313,BOTH_WRONG,False,True,True,False
public,3446,6,Neutral,6,Neutral,0.9260226655190354,6,Neutral,0.7869245622036588,BOTH_CORRECT,False,True,True,False
public,3447,3,Happy,3,Happy,0.9464724906014143,3,Happy,0.943689575395224,BOTH_CORRECT,False,True,True,False
public,3448,4,Sad,4,Sad,0.9599831808229633,6,Neutral,0.5574683665908159,V21_CORRECT_V22_WRONG,True,True,True,False
public,3449,6,Neutral,6,Neutral,0.9316060307705563,6,Neutral,0.9548170058535836,BOTH_CORRECT,False,True,True,False
public,3450,5,Surprise,5,Surprise,0.9367424059745285,5,Surprise,0.9295567891753146,BOTH_CORRECT,False,True,True,False
public,3451,3,Happy,3,Happy,0.9547926881324508,3,Happy,0.9554666644038473,BOTH_CORRECT,False,True,True,False
public,3452,0,Angry,0,Angry,0.9078957903391474,0,Angry,0.9610862137764766,BOTH_CORRECT,False,True,True,False
public,3453,3,Happy,3,Happy,0.9575493550642146,3,Happy,0.9523356135027888,BOTH_CORRECT,False,True,True,False
public,3454,4,Sad,2,Fear,0.444862075872572,2,Fear,0.5227755209914033,BOTH_WRONG,False,True,True,False
public,3455,4,Sad,4,Sad,0.2940741472922842,4,Sad,0.49218246859263687,BOTH_CORRECT,False,True,True,False
public,3456,5,Surprise,2,Fear,0.4882546875935156,2,Fear,0.7746840363174915,BOTH_WRONG,False,False,False,True
public,3457,3,Happy,3,Happy,0.9573514662825016,3,Happy,0.9593612191330587,BOTH_CORRECT,False,False,False,True
public,3458,3,Happy,3,Happy,0.9578869755937715,3,Happy,0.9489265357258432,BOTH_CORRECT,False,True,True,False
public,3459,2,Fear,2,Fear,0.9459582457189558,2,Fear,0.945954126301941,BOTH_CORRECT,False,False,False,True
public,3460,3,Happy,3,Happy,0.9306524662062846,3,Happy,0.9114973347059363,BOTH_CORRECT,False,True,True,False
public,3461,5,Surprise,5,Surprise,0.9398320336013631,5,Surprise,0.9447095715045952,BOTH_CORRECT,False,False,False,True
public,3462,3,Happy,3,Happy,0.963570099399107,3,Happy,0.9608180782155432,BOTH_CORRECT,False,True,True,False
public,3463,0,Angry,4,Sad,0.7505879725652105,4,Sad,0.8168501751138804,BOTH_WRONG,False,True,True,False
public,3464,5,Surprise,5,Surprise,0.9521033748818991,5,Surprise,0.9504539422837703,BOTH_CORRECT,False,True,True,False
public,3465,3,Happy,2,Fear,0.5508853502385876,2,Fear,0.8140700802090851,BOTH_WRONG,False,True,True,False
public,3466,4,Sad,4,Sad,0.8671633152109159,4,Sad,0.911483008132325,BOTH_CORRECT,False,True,True,False
public,3467,5,Surprise,5,Surprise,0.9495028457765451,5,Surprise,0.9342947383138903,BOTH_CORRECT,False,False,False,True
public,3468,3,Happy,3,Happy,0.9572764772292038,3,Happy,0.96056919652627,BOTH_CORRECT,False,True,True,False
public,3469,1,Disgust,1,Disgust,0.9689747931562852,1,Disgust,0.9611654772589162,BOTH_CORRECT,False,True,True,False
public,3470,5,Surprise,5,Surprise,0.956786007494551,5,Surprise,0.9584987473404953,BOTH_CORRECT,False,True,True,False
public,3471,2,Fear,4,Sad,0.7739299333793322,4,Sad,0.9451639133105822,BOTH_WRONG,False,True,True,False
public,3472,0,Angry,2,Fear,0.5674955093447334,0,Angry,0.9432255103201501,V22_CORRECT_V21_WRONG,True,True,True,False
public,3473,3,Happy,3,Happy,0.9573696424295427,3,Happy,0.9582507533182528,BOTH_CORRECT,False,True,True,False
public,3474,4,Sad,0,Angry,0.47298357013360015,2,Fear,0.822506347099646,BOTH_WRONG,False,True,True,False
public,3475,4,Sad,4,Sad,0.6988411992791288,4,Sad,0.8910331637018274,BOTH_CORRECT,False,True,True,False
public,3476,3,Happy,3,Happy,0.956365278068688,3,Happy,0.9521967606968562,BOTH_CORRECT,False,True,True,False
public,3477,3,Happy,4,Sad,0.927671518007702,3,Happy,0.46057838945401347,V22_CORRECT_V21_WRONG,True,True,True,False
public,3478,6,Neutral,6,Neutral,0.9456919289769314,6,Neutral,0.9460255825820801,BOTH_CORRECT,False,True,True,False
public,3479,3,Happy,3,Happy,0.9486612526978958,3,Happy,0.9498700921472043,BOTH_CORRECT,False,True,True,False
public,3480,4,Sad,4,Sad,0.8791025940799356,4,Sad,0.9384112667883905,BOTH_CORRECT,False,False,False,True
public,3481,4,Sad,2,Fear,0.9624975091472515,4,Sad,0.8389061865555711,V22_CORRECT_V21_WRONG,True,True,True,False
public,3482,6,Neutral,6,Neutral,0.9348925482830137,6,Neutral,0.9409544642984442,BOTH_CORRECT,False,True,True,False
public,3483,6,Neutral,3,Happy,0.9340762623709227,3,Happy,0.9477848560860158,BOTH_WRONG,False,True,True,False
public,3484,4,Sad,4,Sad,0.6373986029211584,4,Sad,0.8007202998838853,BOTH_CORRECT,False,True,True,False
public,3485,3,Happy,3,Happy,0.7221269880007948,3,Happy,0.9233354644065316,BOTH_CORRECT,False,True,True,False
public,3486,4,Sad,6,Neutral,0.595544091299224,4,Sad,0.45893868418541367,V22_CORRECT_V21_WRONG,True,True,True,False
public,3487,0,Angry,4,Sad,0.5622083208452264,4,Sad,0.7579344358662649,BOTH_WRONG,False,True,True,False
public,3488,4,Sad,6,Neutral,0.8240051056834794,6,Neutral,0.5711447351909638,BOTH_WRONG,False,True,True,False
public,3489,3,Happy,3,Happy,0.5319200151862032,3,Happy,0.8823664183438648,BOTH_CORRECT,False,True,True,False
public,3490,3,Happy,4,Sad,0.8790730166188123,3,Happy,0.7945796516323744,V22_CORRECT_V21_WRONG,True,True,True,False
public,3491,0,Angry,0,Angry,0.7954534302822021,0,Angry,0.9509223850327597,BOTH_CORRECT,False,True,True,False
public,3492,2,Fear,2,Fear,0.9644116324061544,2,Fear,0.9514192742823245,BOTH_CORRECT,False,True,True,False
public,3493,4,Sad,4,Sad,0.6513763114764402,6,Neutral,0.9370938083758752,V21_CORRECT_V22_WRONG,True,True,True,False
public,3494,0,Angry,0,Angry,0.9597193544095335,0,Angry,0.8446232984608933,BOTH_CORRECT,False,True,True,False
public,3495,0,Angry,0,Angry,0.9421151790093121,0,Angry,0.9390579521441519,BOTH_CORRECT,False,True,False,False
public,3496,2,Fear,2,Fear,0.9597023344667294,2,Fear,0.9631562847547903,BOTH_CORRECT,False,True,True,False
public,3497,0,Angry,2,Fear,0.8434773665112535,4,Sad,0.8108474480075302,BOTH_WRONG,False,True,True,False
public,3498,0,Angry,0,Angry,0.9317835919114468,0,Angry,0.9570979227517125,BOTH_CORRECT,False,True,True,False
public,3499,2,Fear,5,Surprise,0.8180174591901794,2,Fear,0.8711613405421624,V22_CORRECT_V21_WRONG,True,True,True,False
public,3500,4,Sad,0,Angry,0.8863326093353405,4,Sad,0.621660805947428,V22_CORRECT_V21_WRONG,True,True,True,False
public,3501,5,Surprise,3,Happy,0.8851892722126228,3,Happy,0.8941747657548622,BOTH_WRONG,False,True,True,False
public,3502,0,Angry,0,Angry,0.9434772066022576,0,Angry,0.8489156389853868,BOTH_CORRECT,False,True,True,False
public,3503,5,Surprise,5,Surprise,0.9565013630770918,5,Surprise,0.9234384851659634,BOTH_CORRECT,False,False,False,True
public,3504,6,Neutral,6,Neutral,0.9439625676317653,6,Neutral,0.9544541139279302,BOTH_CORRECT,False,False,False,True
public,3505,5,Surprise,5,Surprise,0.9309420106940536,5,Surprise,0.9489660854441455,BOTH_CORRECT,False,False,False,True
public,3506,0,Angry,0,Angry,0.9271042363920353,0,Angry,0.9489292570918115,BOTH_CORRECT,False,True,True,False
public,3507,6,Neutral,6,Neutral,0.8742119581949123,6,Neutral,0.9287521968241849,BOTH_CORRECT,False,True,True,False
public,3508,4,Sad,4,Sad,0.8184761215681021,4,Sad,0.8587768409382146,BOTH_CORRECT,False,True,True,False
public,3509,2,Fear,0,Angry,0.9244615637900517,0,Angry,0.955026437730305,BOTH_WRONG,False,True,True,False
public,3510,6,Neutral,6,Neutral,0.46912631918857295,0,Angry,0.635417134262126,V21_CORRECT_V22_WRONG,True,True,True,False
public,3511,6,Neutral,6,Neutral,0.9446143752971562,6,Neutral,0.9436172747904225,BOTH_CORRECT,False,True,True,False
public,3512,4,Sad,4,Sad,0.5736436273823592,4,Sad,0.8791566185381168,BOTH_CORRECT,False,True,True,False
public,3513,6,Neutral,3,Happy,0.8084442250740376,3,Happy,0.8647443009170536,BOTH_WRONG,False,True,True,False
public,3514,0,Angry,0,Angry,0.5784280272605509,4,Sad,0.4882290261603664,V21_CORRECT_V22_WRONG,True,True,True,False
public,3515,3,Happy,0,Angry,0.9561976012781825,4,Sad,0.5071241842504537,BOTH_WRONG,False,True,True,False
public,3516,0,Angry,0,Angry,0.9560464753105423,0,Angry,0.9590123292279185,BOTH_CORRECT,False,True,True,False
public,3517,4,Sad,6,Neutral,0.9204958508538735,4,Sad,0.8790361483032006,V22_CORRECT_V21_WRONG,True,True,True,False
public,3518,3,Happy,3,Happy,0.9456089489833649,3,Happy,0.9513890485947843,BOTH_CORRECT,False,True,True,False
public,3519,6,Neutral,6,Neutral,0.7925239467908229,6,Neutral,0.9506476176570059,BOTH_CORRECT,False,True,True,False
public,3520,2,Fear,6,Neutral,0.4533878414359241,2,Fear,0.8726120312046632,V22_CORRECT_V21_WRONG,True,True,True,False
public,3521,6,Neutral,4,Sad,0.8899604135111838,6,Neutral,0.53904662102854,V22_CORRECT_V21_WRONG,True,True,True,False
public,3522,0,Angry,4,Sad,0.49092170897602433,4,Sad,0.7806982683626643,BOTH_WRONG,False,True,True,False
public,3523,2,Fear,2,Fear,0.9587225350613853,2,Fear,0.8821881415002084,BOTH_CORRECT,False,True,True,False
public,3524,4,Sad,6,Neutral,0.6689824197321624,6,Neutral,0.9487799404505884,BOTH_WRONG,False,True,True,False
public,3525,4,Sad,4,Sad,0.7372539123493023,2,Fear,0.5032309811669284,V21_CORRECT_V22_WRONG,True,True,True,False
public,3526,5,Surprise,5,Surprise,0.81849624560572,5,Surprise,0.9513934774563084,BOTH_CORRECT,False,True,True,False
public,3527,3,Happy,3,Happy,0.9593975363831682,3,Happy,0.957242256859465,BOTH_CORRECT,False,True,True,False
public,3528,5,Surprise,5,Surprise,0.660844649030615,2,Fear,0.7669416697035756,V21_CORRECT_V22_WRONG,True,True,True,False
public,3529,0,Angry,6,Neutral,0.2972544613334533,5,Surprise,0.8472475629758548,BOTH_WRONG,False,True,False,False
public,3530,6,Neutral,3,Happy,0.951659034863877,3,Happy,0.9654123858681437,BOTH_WRONG,False,True,True,False
public,3531,0,Angry,0,Angry,0.4735886591253939,4,Sad,0.8771500736374185,V21_CORRECT_V22_WRONG,True,True,True,False
public,3532,4,Sad,4,Sad,0.8958235778486133,4,Sad,0.9530681520458262,BOTH_CORRECT,False,True,True,False
public,3533,6,Neutral,6,Neutral,0.8463999268567969,6,Neutral,0.9612562066440251,BOTH_CORRECT,False,True,True,False
public,3534,5,Surprise,6,Neutral,0.3559539802148436,6,Neutral,0.6882518300448076,BOTH_WRONG,False,True,True,False
public,3535,3,Happy,3,Happy,0.9562665683579297,3,Happy,0.9545952011261394,BOTH_CORRECT,False,True,True,False
public,3536,4,Sad,4,Sad,0.9573846933675234,4,Sad,0.953645172589237,BOTH_CORRECT,False,False,False,True
public,3537,4,Sad,6,Neutral,0.5387829110535919,3,Happy,0.9528716191583423,BOTH_WRONG,False,True,True,False
public,3538,3,Happy,3,Happy,0.6956087170357449,3,Happy,0.9261726215508361,BOTH_CORRECT,False,True,True,False
public,3539,3,Happy,3,Happy,0.943556571627163,3,Happy,0.9576191861848361,BOTH_CORRECT,False,True,True,False
public,3540,3,Happy,3,Happy,0.9473325953681164,3,Happy,0.9528626558602334,BOTH_CORRECT,False,True,True,False
public,3541,2,Fear,6,Neutral,0.7859667602955847,2,Fear,0.9689129928374122,V22_CORRECT_V21_WRONG,True,True,True,False
public,3542,3,Happy,3,Happy,0.9509122506212879,3,Happy,0.9525756713624967,BOTH_CORRECT,False,True,True,False
public,3543,0,Angry,0,Angry,0.9341887830919532,0,Angry,0.8283297944517327,BOTH_CORRECT,False,True,True,False
public,3544,6,Neutral,6,Neutral,0.8774877203320199,6,Neutral,0.9105599177177756,BOTH_CORRECT,False,True,True,False
public,3545,4,Sad,5,Surprise,0.9485774964231884,5,Surprise,0.9495085261584424,BOTH_WRONG,False,True,True,False
public,3546,4,Sad,4,Sad,0.857215396301284,4,Sad,0.9387532859616363,BOTH_CORRECT,False,True,True,False
public,3547,4,Sad,4,Sad,0.7060255794925819,2,Fear,0.5706707920587618,V21_CORRECT_V22_WRONG,True,True,True,False
public,3548,3,Happy,4,Sad,0.28678856352049514,3,Happy,0.9635798791326341,V22_CORRECT_V21_WRONG,True,True,True,False
public,3549,3,Happy,3,Happy,0.9387034035298868,3,Happy,0.8694359983337459,BOTH_CORRECT,False,True,True,False
public,3550,3,Happy,3,Happy,0.9333868718406947,3,Happy,0.9499180353217257,BOTH_CORRECT,False,True,True,False
public,3551,1,Disgust,1,Disgust,0.9588692007748146,1,Disgust,0.9715947405926391,BOTH_CORRECT,False,False,False,True
public,3552,0,Angry,0,Angry,0.9615399158453692,0,Angry,0.9549522378907347,BOTH_CORRECT,False,True,True,False
public,3553,3,Happy,3,Happy,0.8327495421925964,3,Happy,0.8990702480980434,BOTH_CORRECT,False,True,True,False
public,3554,3,Happy,3,Happy,0.9505876068726311,3,Happy,0.9488879190010765,BOTH_CORRECT,False,True,True,False
public,3555,4,Sad,0,Angry,0.9607547900938579,0,Angry,0.9658391415497456,BOTH_WRONG,False,False,False,True
public,3556,5,Surprise,5,Surprise,0.9039690984925967,5,Surprise,0.9585789539240491,BOTH_CORRECT,False,True,True,False
public,3557,5,Surprise,5,Surprise,0.8672041021754705,2,Fear,0.6410568205451701,V21_CORRECT_V22_WRONG,True,True,True,False
public,3558,4,Sad,4,Sad,0.920043129832936,4,Sad,0.9060675205563837,BOTH_CORRECT,False,True,True,False
public,3559,4,Sad,4,Sad,0.9574682225214806,4,Sad,0.7320940696727343,BOTH_CORRECT,False,True,True,False
public,3560,6,Neutral,6,Neutral,0.8881274984786324,4,Sad,0.9048376941071266,V21_CORRECT_V22_WRONG,True,True,True,False
public,3561,6,Neutral,6,Neutral,0.9509983838429508,6,Neutral,0.934301243016938,BOTH_CORRECT,False,True,True,False
public,3562,2,Fear,2,Fear,0.9680421658408138,2,Fear,0.9692038335510678,BOTH_CORRECT,False,False,False,True
public,3563,6,Neutral,6,Neutral,0.9304232756236521,6,Neutral,0.9505245656250244,BOTH_CORRECT,False,True,True,False
public,3564,3,Happy,6,Neutral,0.9293500729686871,4,Sad,0.9462418116833708,BOTH_WRONG,False,True,True,False
public,3565,3,Happy,3,Happy,0.9471921183585789,3,Happy,0.9482232433771803,BOTH_CORRECT,False,True,True,False
public,3566,4,Sad,6,Neutral,0.4768453330860834,4,Sad,0.6006423715029359,V22_CORRECT_V21_WRONG,True,True,True,False
public,3567,4,Sad,0,Angry,0.8784380868936755,4,Sad,0.5301379029257388,V22_CORRECT_V21_WRONG,True,True,True,False
public,3568,4,Sad,4,Sad,0.6236471727751088,6,Neutral,0.7181819153975034,V21_CORRECT_V22_WRONG,True,True,True,False
public,3569,0,Angry,0,Angry,0.9572859577372246,0,Angry,0.9626163312185164,BOTH_CORRECT,False,True,True,False
public,3570,2,Fear,3,Happy,0.5715328670630598,5,Surprise,0.9384738490338498,BOTH_WRONG,False,True,True,False
public,3571,4,Sad,4,Sad,0.6532435795220849,2,Fear,0.9116245311445484,V21_CORRECT_V22_WRONG,True,True,True,False
public,3572,0,Angry,0,Angry,0.8420653900194209,0,Angry,0.864871136715105,BOTH_CORRECT,False,True,True,False
public,3573,3,Happy,3,Happy,0.9568235896555477,3,Happy,0.9602545864984423,BOTH_CORRECT,False,True,True,False
public,3574,5,Surprise,5,Surprise,0.9520837779780612,5,Surprise,0.935285462160483,BOTH_CORRECT,False,True,True,False
public,3575,5,Surprise,5,Surprise,0.9551030543471958,5,Surprise,0.954973924174773,BOTH_CORRECT,False,True,True,False
public,3576,6,Neutral,6,Neutral,0.9068733531220218,6,Neutral,0.600445511978701,BOTH_CORRECT,False,True,True,False
public,3577,4,Sad,2,Fear,0.958329664818163,4,Sad,0.8673661615501465,V22_CORRECT_V21_WRONG,True,True,True,False
public,3578,3,Happy,6,Neutral,0.9377730698278302,6,Neutral,0.89244427107582,BOTH_WRONG,False,True,True,False
public,3579,4,Sad,4,Sad,0.4451918975630758,4,Sad,0.8822432244963203,BOTH_CORRECT,False,True,True,False
public,3580,1,Disgust,4,Sad,0.46925382190785175,1,Disgust,0.6212121575180052,V22_CORRECT_V21_WRONG,True,True,True,False
public,3581,2,Fear,6,Neutral,0.843275902777046,4,Sad,0.736972478792215,BOTH_WRONG,False,True,True,False
public,3582,3,Happy,3,Happy,0.8719775222879095,3,Happy,0.9558483475809512,BOTH_CORRECT,False,True,True,False
public,3583,3,Happy,3,Happy,0.9505939578374564,3,Happy,0.9425678476437646,BOTH_CORRECT,False,True,True,False
public,3584,4,Sad,4,Sad,0.5788214206255141,6,Neutral,0.9030156046302021,V21_CORRECT_V22_WRONG,True,True,True,False
public,3585,3,Happy,3,Happy,0.952696484097118,3,Happy,0.9465100369200149,BOTH_CORRECT,False,True,True,False
public,3586,4,Sad,6,Neutral,0.7471221489460458,4,Sad,0.9261758381034872,V22_CORRECT_V21_WRONG,True,True,True,False
public,3587,4,Sad,0,Angry,0.6498366472318496,0,Angry,0.8441092467713034,BOTH_WRONG,False,True,True,False
public,3588,4,Sad,6,Neutral,0.39493949444134313,4,Sad,0.6449803549773307,V22_CORRECT_V21_WRONG,True,True,True,False
private,0,0,Angry,2,Fear,0.529860352550583,0,Angry,0.8354853397590303,V22_CORRECT_V21_WRONG,True,True,True,False
private,1,5,Surprise,4,Sad,0.6417151000226555,4,Sad,0.9444662461657011,BOTH_WRONG,False,True,True,False
private,2,6,Neutral,2,Fear,0.8097687834369711,2,Fear,0.890235186419767,BOTH_WRONG,False,True,True,False
private,3,4,Sad,0,Angry,0.47244776240897474,0,Angry,0.9523693182550096,BOTH_WRONG,False,True,True,False
private,4,2,Fear,2,Fear,0.8335520724519496,2,Fear,0.894940180400113,BOTH_CORRECT,False,True,True,False
private,5,0,Angry,0,Angry,0.9571449864655279,0,Angry,0.9584167580277978,BOTH_CORRECT,False,True,True,False
private,6,4,Sad,6,Neutral,0.9257740988990748,6,Neutral,0.8591206307503073,BOTH_WRONG,False,True,True,False
private,7,3,Happy,3,Happy,0.9500150566329015,3,Happy,0.9499296195751532,BOTH_CORRECT,False,True,True,False
private,8,0,Angry,0,Angry,0.9238151830687387,2,Fear,0.7913694725371511,V21_CORRECT_V22_WRONG,True,True,True,False
private,9,3,Happy,3,Happy,0.6396157128156079,3,Happy,0.909155610013332,BOTH_CORRECT,False,True,True,False
private,10,5,Surprise,3,Happy,0.610006684577476,3,Happy,0.8318001881547351,BOTH_WRONG,False,True,True,False
private,11,3,Happy,3,Happy,0.9541064487668698,3,Happy,0.9522601622126807,BOTH_CORRECT,False,True,True,False
private,12,4,Sad,6,Neutral,0.7134561164486423,6,Neutral,0.9028358390445471,BOTH_WRONG,False,True,True,False
private,13,4,Sad,4,Sad,0.8435215996543353,2,Fear,0.637819040584875,V21_CORRECT_V22_WRONG,True,True,True,False
private,14,0,Angry,6,Neutral,0.793851415765999,6,Neutral,0.9474556714988597,BOTH_WRONG,False,True,True,False
private,15,6,Neutral,6,Neutral,0.9101636763477121,6,Neutral,0.9499319933044585,BOTH_CORRECT,False,True,True,False
private,16,2,Fear,2,Fear,0.9020640402350933,2,Fear,0.9514299980386872,BOTH_CORRECT,False,False,False,True
private,17,5,Surprise,5,Surprise,0.8464152139019666,5,Surprise,0.9403303555498043,BOTH_CORRECT,False,True,True,False
private,18,4,Sad,4,Sad,0.9475534526322672,4,Sad,0.7794296239878867,BOTH_CORRECT,False,True,True,False
private,19,2,Fear,2,Fear,0.9199903052554576,2,Fear,0.9666042914614258,BOTH_CORRECT,False,True,True,False
private,20,3,Happy,3,Happy,0.908507472564589,3,Happy,0.7237409319360351,BOTH_CORRECT,False,True,True,False
private,21,6,Neutral,6,Neutral,0.8932762403295567,6,Neutral,0.871981092919121,BOTH_CORRECT,False,True,True,False
private,22,0,Angry,0,Angry,0.8315921113492343,0,Angry,0.9528045562592642,BOTH_CORRECT,False,True,True,False
private,23,6,Neutral,6,Neutral,0.9228074952969471,6,Neutral,0.9509937775064524,BOTH_CORRECT,False,True,True,False
private,24,3,Happy,3,Happy,0.9427992511108142,3,Happy,0.9035746320195772,BOTH_CORRECT,False,True,True,False
private,25,2,Fear,5,Surprise,0.8777143599518471,4,Sad,0.8425574729698864,BOTH_WRONG,False,True,True,False
private,26,5,Surprise,5,Surprise,0.9536761510411339,5,Surprise,0.9616086218319568,BOTH_CORRECT,False,False,False,True
private,27,6,Neutral,4,Sad,0.4818773592807231,4,Sad,0.4927879277283697,BOTH_WRONG,False,True,True,False
private,28,6,Neutral,6,Neutral,0.9145315166805378,6,Neutral,0.912213007471803,BOTH_CORRECT,False,True,True,False
private,29,3,Happy,3,Happy,0.6486972697421707,0,Angry,0.9437410346442493,V21_CORRECT_V22_WRONG,True,True,True,False
private,30,4,Sad,2,Fear,0.436496537466084,4,Sad,0.9415581155531583,V22_CORRECT_V21_WRONG,True,True,True,False
private,31,6,Neutral,4,Sad,0.4760932782348897,3,Happy,0.9513838179289897,BOTH_WRONG,False,True,True,False
private,32,6,Neutral,6,Neutral,0.8799296785117865,4,Sad,0.9596675663247666,V21_CORRECT_V22_WRONG,True,True,True,False
private,33,0,Angry,5,Surprise,0.331114873808303,2,Fear,0.66269132457567,BOTH_WRONG,False,True,True,False
private,34,1,Disgust,1,Disgust,0.9608020754872223,1,Disgust,0.9689010367830841,BOTH_CORRECT,False,False,False,True
private,35,3,Happy,3,Happy,0.9279705125763077,3,Happy,0.8626582042441541,BOTH_CORRECT,False,True,True,False
private,36,5,Surprise,5,Surprise,0.8345862799051722,2,Fear,0.9223688267592364,V21_CORRECT_V22_WRONG,True,True,True,False
private,37,0,Angry,0,Angry,0.9258365639657302,4,Sad,0.7473370973988964,V21_CORRECT_V22_WRONG,True,True,True,False
private,38,0,Angry,0,Angry,0.9566583170759839,0,Angry,0.957758494325836,BOTH_CORRECT,False,True,True,False
private,39,4,Sad,4,Sad,0.9509185745023455,4,Sad,0.5073517112234293,BOTH_CORRECT,False,True,True,False
private,40,6,Neutral,6,Neutral,0.9352981349544922,6,Neutral,0.7375397641714438,BOTH_CORRECT,False,True,True,False
private,41,4,Sad,4,Sad,0.5705710614735064,4,Sad,0.5375463993279539,BOTH_CORRECT,False,True,True,False
private,42,2,Fear,2,Fear,0.838262283562905,2,Fear,0.6636773124341744,BOTH_CORRECT,False,True,True,False
private,43,4,Sad,4,Sad,0.8811427975970253,4,Sad,0.847644199966832,BOTH_CORRECT,False,True,True,False
private,44,2,Fear,6,Neutral,0.7356775202616438,6,Neutral,0.7650216437482941,BOTH_WRONG,False,True,True,False
private,45,4,Sad,4,Sad,0.946094203919473,4,Sad,0.9621323375317745,BOTH_CORRECT,False,True,True,False
private,46,3,Happy,3,Happy,0.9573166234547902,3,Happy,0.957045713864486,BOTH_CORRECT,False,True,True,False
private,47,6,Neutral,6,Neutral,0.9200711955555034,6,Neutral,0.9353646043146904,BOTH_CORRECT,False,True,True,False
private,48,3,Happy,3,Happy,0.9160071869687426,3,Happy,0.7819120252382037,BOTH_CORRECT,False,True,True,False
private,49,3,Happy,3,Happy,0.9488664569037717,3,Happy,0.9497264128753299,BOTH_CORRECT,False,True,True,False
private,50,4,Sad,4,Sad,0.9564587123457347,4,Sad,0.952384962480957,BOTH_CORRECT,False,True,True,False
private,51,2,Fear,2,Fear,0.936927298201309,5,Surprise,0.6762061854484314,V21_CORRECT_V22_WRONG,True,True,True,False
private,52,3,Happy,3,Happy,0.9495314046350517,3,Happy,0.9127596046683623,BOTH_CORRECT,False,True,True,False
private,53,2,Fear,0,Angry,0.928781198862032,0,Angry,0.9237018328856706,BOTH_WRONG,False,True,True,False
private,54,0,Angry,6,Neutral,0.5492506606418329,0,Angry,0.961038671943617,V22_CORRECT_V21_WRONG,True,True,True,False
private,55,4,Sad,2,Fear,0.6821246515743203,0,Angry,0.9484106904369314,BOTH_WRONG,False,True,True,False
private,56,3,Happy,5,Surprise,0.5368364436565203,3,Happy,0.6149460030702609,V22_CORRECT_V21_WRONG,True,True,True,False
private,57,6,Neutral,6,Neutral,0.717343025275979,6,Neutral,0.9321507759711015,BOTH_CORRECT,False,True,True,False
private,58,6,Neutral,6,Neutral,0.558778873553596,4,Sad,0.4982256584973917,V21_CORRECT_V22_WRONG,True,True,True,False
private,59,2,Fear,0,Angry,0.46174444600704406,2,Fear,0.8695204006320659,V22_CORRECT_V21_WRONG,True,True,True,False
private,60,6,Neutral,6,Neutral,0.8229676619810421,4,Sad,0.5799225206778638,V21_CORRECT_V22_WRONG,True,True,True,False
private,61,4,Sad,5,Surprise,0.9520077776307695,5,Surprise,0.918320861520852,BOTH_WRONG,False,True,True,False
private,62,6,Neutral,6,Neutral,0.9168817236048346,6,Neutral,0.5946519136927139,BOTH_CORRECT,False,True,True,False
private,63,3,Happy,6,Neutral,0.7947507577087077,6,Neutral,0.9563964229511902,BOTH_WRONG,False,True,True,False
private,64,0,Angry,0,Angry,0.8848924619459506,0,Angry,0.9539879424272547,BOTH_CORRECT,False,True,True,False
private,65,0,Angry,0,Angry,0.9659491592345806,0,Angry,0.9621418647048299,BOTH_CORRECT,False,True,True,False
private,66,3,Happy,3,Happy,0.9560683143771286,3,Happy,0.9176832965405267,BOTH_CORRECT,False,True,True,False
private,67,5,Surprise,5,Surprise,0.9561517283302244,5,Surprise,0.9583380947523107,BOTH_CORRECT,False,True,True,False
private,68,6,Neutral,6,Neutral,0.9393431042792564,6,Neutral,0.9399608224606588,BOTH_CORRECT,False,True,True,False
private,69,0,Angry,0,Angry,0.8712749834337069,2,Fear,0.8805600439532099,V21_CORRECT_V22_WRONG,True,True,True,False
private,70,2,Fear,0,Angry,0.9348709192903618,0,Angry,0.943371131968889,BOTH_WRONG,False,True,True,False
private,71,5,Surprise,0,Angry,0.807026366314073,0,Angry,0.901081086258808,BOTH_WRONG,False,True,True,False
private,72,5,Surprise,5,Surprise,0.4897752094612544,5,Surprise,0.9453424381662561,BOTH_CORRECT,False,True,True,False
private,73,6,Neutral,0,Angry,0.820323120010791,0,Angry,0.9402539428931649,BOTH_WRONG,False,True,True,False
private,74,3,Happy,3,Happy,0.9544248790845481,3,Happy,0.9595097280837579,BOTH_CORRECT,False,True,True,False
private,75,0,Angry,0,Angry,0.6194873312558076,0,Angry,0.9646847309990629,BOTH_CORRECT,False,True,True,False
private,76,6,Neutral,6,Neutral,0.9493626223914551,6,Neutral,0.9543209193750506,BOTH_CORRECT,False,True,True,False
private,77,0,Angry,5,Surprise,0.8753031467049145,4,Sad,0.9242233415238325,BOTH_WRONG,False,True,True,False
private,78,5,Surprise,5,Surprise,0.9548986522655247,5,Surprise,0.9449046337593056,BOTH_CORRECT,False,False,False,True
private,79,3,Happy,3,Happy,0.9399557745824,3,Happy,0.885304045451531,BOTH_CORRECT,False,True,True,False
private,80,2,Fear,2,Fear,0.536760098093854,2,Fear,0.9420981686390211,BOTH_CORRECT,False,True,True,False
private,81,3,Happy,3,Happy,0.9499617109745234,3,Happy,0.952011038955635,BOTH_CORRECT,False,True,True,False
private,82,5,Surprise,5,Surprise,0.9566352291969141,5,Surprise,0.958040393733997,BOTH_CORRECT,False,False,False,True
private,83,6,Neutral,4,Sad,0.4541723202261949,4,Sad,0.7974450789162487,BOTH_WRONG,False,True,True,False
private,84,3,Happy,3,Happy,0.8818555430306284,3,Happy,0.9461322787346742,BOTH_CORRECT,False,True,True,False
private,85,4,Sad,4,Sad,0.8015270577995665,4,Sad,0.9332346316100278,BOTH_CORRECT,False,True,True,False
private,86,6,Neutral,4,Sad,0.8912181454652286,4,Sad,0.7403687134420283,BOTH_WRONG,False,True,True,False
private,87,2,Fear,2,Fear,0.9441481651835238,2,Fear,0.8665866124784367,BOTH_CORRECT,False,True,True,False
private,88,3,Happy,3,Happy,0.9542391509541984,3,Happy,0.9526426738660189,BOTH_CORRECT,False,True,True,False
private,89,3,Happy,3,Happy,0.9599613518570032,3,Happy,0.957463724376559,BOTH_CORRECT,False,True,True,False
private,90,3,Happy,3,Happy,0.9555609309301812,3,Happy,0.9431097822934509,BOTH_CORRECT,False,True,True,False
private,91,2,Fear,2,Fear,0.8763885509369587,2,Fear,0.9544143848131709,BOTH_CORRECT,False,True,True,False
private,92,4,Sad,4,Sad,0.659112741777736,0,Angry,0.5723591480930432,V21_CORRECT_V22_WRONG,True,True,True,False
private,93,6,Neutral,6,Neutral,0.9373327540516196,6,Neutral,0.9444906674742293,BOTH_CORRECT,False,True,True,False
private,94,6,Neutral,2,Fear,0.7711026836275967,2,Fear,0.670297467475011,BOTH_WRONG,False,True,True,False
private,95,4,Sad,6,Neutral,0.7927728142884711,4,Sad,0.772159660558294,V22_CORRECT_V21_WRONG,True,True,True,False
private,96,4,Sad,4,Sad,0.9609778871798901,4,Sad,0.9599735822199873,BOTH_CORRECT,False,True,True,False
private,97,5,Surprise,5,Surprise,0.9511373221384372,5,Surprise,0.9593991821725603,BOTH_CORRECT,False,False,False,True
private,98,4,Sad,4,Sad,0.875452032782624,4,Sad,0.9365815556964302,BOTH_CORRECT,False,True,True,False
private,99,6,Neutral,6,Neutral,0.807436695635929,6,Neutral,0.9309934549176433,BOTH_CORRECT,False,True,True,False
private,100,5,Surprise,5,Surprise,0.801382726311291,5,Surprise,0.9546349160990627,BOTH_CORRECT,False,False,False,True
private,101,3,Happy,3,Happy,0.9401548602239285,3,Happy,0.9340845241581802,BOTH_CORRECT,False,True,True,False
private,102,6,Neutral,6,Neutral,0.8662182472293638,6,Neutral,0.9495920638547167,BOTH_CORRECT,False,True,True,False
private,103,6,Neutral,6,Neutral,0.924908357031598,6,Neutral,0.8076508840365862,BOTH_CORRECT,False,True,True,False
private,104,3,Happy,3,Happy,0.8399253317382102,3,Happy,0.9559038389176715,BOTH_CORRECT,False,True,True,False
private,105,4,Sad,3,Happy,0.43140564397722403,3,Happy,0.9105172940087776,BOTH_WRONG,False,True,True,False
private,106,5,Surprise,5,Surprise,0.9558085444421877,5,Surprise,0.9548315917157222,BOTH_CORRECT,False,False,False,True
private,107,5,Surprise,5,Surprise,0.9545671501367999,5,Surprise,0.954193243947453,BOTH_CORRECT,False,True,True,False
private,108,5,Surprise,5,Surprise,0.9504096200356053,5,Surprise,0.9502201813439941,BOTH_CORRECT,False,True,True,False
private,109,3,Happy,3,Happy,0.9494165672573782,3,Happy,0.9480442359177367,BOTH_CORRECT,False,True,True,False
private,110,0,Angry,0,Angry,0.9616626675195814,0,Angry,0.9599235181969834,BOTH_CORRECT,False,True,False,False
private,111,3,Happy,3,Happy,0.9507206897794672,3,Happy,0.964895840397256,BOTH_CORRECT,False,True,True,False
private,112,0,Angry,0,Angry,0.9607832010033533,0,Angry,0.9607662300059749,BOTH_CORRECT,False,True,True,False
private,113,0,Angry,0,Angry,0.9130503163336326,0,Angry,0.9278749271035533,BOTH_CORRECT,False,False,False,True
private,114,3,Happy,3,Happy,0.9528594596793254,3,Happy,0.9529592480745537,BOTH_CORRECT,False,True,True,False
private,115,3,Happy,6,Neutral,0.9454288461356987,6,Neutral,0.7067117555134954,BOTH_WRONG,False,True,True,False
private,116,3,Happy,3,Happy,0.9495885701705693,3,Happy,0.9522367593004173,BOTH_CORRECT,False,True,True,False
private,117,3,Happy,4,Sad,0.6326646984061657,3,Happy,0.3404319060375249,V22_CORRECT_V21_WRONG,True,True,True,False
private,118,3,Happy,3,Happy,0.956644116217203,3,Happy,0.9566109250897359,BOTH_CORRECT,False,False,False,True
private,119,0,Angry,5,Surprise,0.5178533985736984,0,Angry,0.6076365198691062,V22_CORRECT_V21_WRONG,True,True,True,False
private,120,6,Neutral,6,Neutral,0.9045481916639704,6,Neutral,0.8049504615757561,BOTH_CORRECT,False,True,True,False
private,121,3,Happy,3,Happy,0.9536534196580746,3,Happy,0.9541720355607464,BOTH_CORRECT,False,True,True,False
private,122,5,Surprise,5,Surprise,0.9569435596689848,5,Surprise,0.9598737230368257,BOTH_CORRECT,False,True,True,False
private,123,4,Sad,4,Sad,0.7144440877426582,4,Sad,0.9528345294297651,BOTH_CORRECT,False,True,True,False
private,124,4,Sad,2,Fear,0.8275845667730639,2,Fear,0.5731356584518441,BOTH_WRONG,False,True,True,False
private,125,0,Angry,4,Sad,0.7210955496052539,4,Sad,0.8779508953381501,BOTH_WRONG,False,True,True,False
private,126,4,Sad,2,Fear,0.877269686850433,2,Fear,0.7033420942800876,BOTH_WRONG,False,True,True,False
private,127,3,Happy,3,Happy,0.9520549352588726,3,Happy,0.9456525794469302,BOTH_CORRECT,False,True,True,False
private,128,3,Happy,3,Happy,0.9392234609568613,3,Happy,0.9498396152601789,BOTH_CORRECT,False,True,True,False
private,129,3,Happy,3,Happy,0.9285210915590517,3,Happy,0.9410338452624698,BOTH_CORRECT,False,True,True,False
private,130,6,Neutral,6,Neutral,0.8729404885734173,6,Neutral,0.9432381442216634,BOTH_CORRECT,False,True,True,False
private,131,3,Happy,3,Happy,0.95647986145396,3,Happy,0.9526753972705565,BOTH_CORRECT,False,True,True,False
private,132,2,Fear,2,Fear,0.8897042443268821,2,Fear,0.9396318613971076,BOTH_CORRECT,False,True,True,False
private,133,0,Angry,4,Sad,0.8393178304047214,0,Angry,0.9266874692173047,V22_CORRECT_V21_WRONG,True,True,False,False
private,134,5,Surprise,5,Surprise,0.9530147015294682,5,Surprise,0.9534801778780899,BOTH_CORRECT,False,False,False,True
private,135,0,Angry,0,Angry,0.922443528933285,0,Angry,0.9625249711018694,BOTH_CORRECT,False,True,True,False
private,136,6,Neutral,6,Neutral,0.8640878695459155,6,Neutral,0.8868222741485433,BOTH_CORRECT,False,True,True,False
private,137,6,Neutral,6,Neutral,0.8675062194947265,6,Neutral,0.9335206631813484,BOTH_CORRECT,False,False,False,True
private,138,3,Happy,3,Happy,0.9474847572031212,3,Happy,0.9585921790882777,BOTH_CORRECT,False,True,True,False
private,139,0,Angry,0,Angry,0.922669038913477,0,Angry,0.8463054270169047,BOTH_CORRECT,False,True,True,False
private,140,2,Fear,2,Fear,0.7518348844057477,2,Fear,0.8711042621710946,BOTH_CORRECT,False,True,True,False
private,141,3,Happy,3,Happy,0.9568525438526844,3,Happy,0.9525825119335681,BOTH_CORRECT,False,True,True,False
private,142,3,Happy,3,Happy,0.9496522298006058,3,Happy,0.9405585745586609,BOTH_CORRECT,False,True,True,False
private,143,4,Sad,4,Sad,0.6532522568224018,2,Fear,0.8734966155072954,V21_CORRECT_V22_WRONG,True,True,True,False
private,144,0,Angry,2,Fear,0.8863047007533377,4,Sad,0.5518172457293419,BOTH_WRONG,False,True,True,False
private,145,6,Neutral,6,Neutral,0.7558379254563504,6,Neutral,0.5170995678623899,BOTH_CORRECT,False,True,True,False
private,146,5,Surprise,5,Surprise,0.8554548130036405,5,Surprise,0.9112092351024695,BOTH_CORRECT,False,True,True,False
private,147,6,Neutral,6,Neutral,0.5186800661347916,4,Sad,0.6913938414097308,V21_CORRECT_V22_WRONG,True,True,True,False
private,148,4,Sad,6,Neutral,0.7843440920985603,6,Neutral,0.9065607647205607,BOTH_WRONG,False,True,True,False
private,149,2,Fear,2,Fear,0.5845357753935219,2,Fear,0.9667365160926027,BOTH_CORRECT,False,True,True,False
private,150,6,Neutral,6,Neutral,0.901555928007714,6,Neutral,0.9436846722101786,BOTH_CORRECT,False,True,True,False
private,151,6,Neutral,6,Neutral,0.9409608792259584,6,Neutral,0.9392013486132281,BOTH_CORRECT,False,False,False,True
private,152,6,Neutral,6,Neutral,0.955553308707044,6,Neutral,0.9550925352297848,BOTH_CORRECT,False,True,True,False
private,153,6,Neutral,3,Happy,0.9029104088748304,6,Neutral,0.8237877044367355,V22_CORRECT_V21_WRONG,True,True,True,False
private,154,6,Neutral,0,Angry,0.7534143148857538,0,Angry,0.926988189194321,BOTH_WRONG,False,True,True,False
private,155,5,Surprise,5,Surprise,0.6975985918612461,5,Surprise,0.9424073338590641,BOTH_CORRECT,False,True,True,False
private,156,0,Angry,2,Fear,0.8860736872968148,4,Sad,0.5557863871298891,BOTH_WRONG,False,True,False,False
private,157,0,Angry,6,Neutral,0.8518399530938019,4,Sad,0.9318137686327258,BOTH_WRONG,False,True,True,False
private,158,6,Neutral,6,Neutral,0.9229893913067682,6,Neutral,0.936912784555554,BOTH_CORRECT,False,True,True,False
private,159,3,Happy,3,Happy,0.9548090318523947,3,Happy,0.9521008330209054,BOTH_CORRECT,False,True,True,False
private,160,4,Sad,4,Sad,0.8837641394786983,2,Fear,0.5483308718727304,V21_CORRECT_V22_WRONG,True,True,True,False
private,161,5,Surprise,5,Surprise,0.9198865861381892,5,Surprise,0.9401256915903244,BOTH_CORRECT,False,True,True,False
private,162,3,Happy,3,Happy,0.9472493974709496,3,Happy,0.9440525506142736,BOTH_CORRECT,False,True,True,False
private,163,2,Fear,2,Fear,0.9507202501522805,2,Fear,0.9510450914170403,BOTH_CORRECT,False,True,True,False
private,164,6,Neutral,6,Neutral,0.9425876430758571,6,Neutral,0.915703790904338,BOTH_CORRECT,False,True,True,False
private,165,2,Fear,2,Fear,0.47366604072402796,4,Sad,0.8702824934755565,V21_CORRECT_V22_WRONG,True,True,True,False
private,166,0,Angry,4,Sad,0.4590581788054012,4,Sad,0.43476137841260976,BOTH_WRONG,False,True,True,False
private,167,0,Angry,5,Surprise,0.915725474250702,5,Surprise,0.9532788076133545,BOTH_WRONG,False,False,False,False
private,168,3,Happy,3,Happy,0.8519748453106822,3,Happy,0.9294687146526281,BOTH_CORRECT,False,True,True,False
private,169,6,Neutral,6,Neutral,0.9534316817786506,6,Neutral,0.9603288697446666,BOTH_CORRECT,False,True,True,False
private,170,3,Happy,3,Happy,0.9493389317893948,3,Happy,0.9445073635861886,BOTH_CORRECT,False,True,True,False
private,171,5,Surprise,5,Surprise,0.9175121118251922,5,Surprise,0.9492603359574131,BOTH_CORRECT,False,False,False,True
private,172,0,Angry,4,Sad,0.3770907843505104,0,Angry,0.7112644937518817,V22_CORRECT_V21_WRONG,True,True,True,False
private,173,3,Happy,3,Happy,0.9585348461533436,3,Happy,0.9632047335591968,BOTH_CORRECT,False,True,True,False
private,174,4,Sad,0,Angry,0.6956519170156363,6,Neutral,0.5332064659068014,BOTH_WRONG,False,True,True,False
private,175,0,Angry,0,Angry,0.9338094588986278,0,Angry,0.9556924579110825,BOTH_CORRECT,False,True,True,False
private,176,6,Neutral,6,Neutral,0.9325454911866067,6,Neutral,0.963152640481547,BOTH_CORRECT,False,True,True,False
private,177,2,Fear,2,Fear,0.4716764342961634,4,Sad,0.4280981166474804,V21_CORRECT_V22_WRONG,True,True,True,False
private,178,1,Disgust,0,Angry,0.5835315752073045,4,Sad,0.9369947258403493,BOTH_WRONG,False,True,True,False
private,179,6,Neutral,4,Sad,0.9178955862376812,4,Sad,0.7838938033034236,BOTH_WRONG,False,True,True,False
private,180,4,Sad,6,Neutral,0.7903927939425918,4,Sad,0.9474929093790861,V22_CORRECT_V21_WRONG,True,True,True,False
private,181,6,Neutral,6,Neutral,0.9386435372076015,6,Neutral,0.9534563002962595,BOTH_CORRECT,False,True,True,False
private,182,6,Neutral,6,Neutral,0.9186951078223241,6,Neutral,0.9420193943340618,BOTH_CORRECT,False,True,True,False
private,183,0,Angry,0,Angry,0.8987599139105154,0,Angry,0.9614992114654709,BOTH_CORRECT,False,True,True,False
private,184,0,Angry,6,Neutral,0.9274193754892008,6,Neutral,0.9140751660595711,BOTH_WRONG,False,True,True,False
private,185,6,Neutral,6,Neutral,0.9460460593347261,6,Neutral,0.9449592627876247,BOTH_CORRECT,False,True,True,False
private,186,5,Surprise,5,Surprise,0.9548480828847018,5,Surprise,0.9553012231332012,BOTH_CORRECT,False,False,False,True
private,187,2,Fear,2,Fear,0.9554996505855444,2,Fear,0.9630901715772344,BOTH_CORRECT,False,False,False,True
private,188,4,Sad,4,Sad,0.8942476288932878,4,Sad,0.956682045995766,BOTH_CORRECT,False,True,True,False
private,189,1,Disgust,2,Fear,0.9422359735267705,2,Fear,0.9320955176601058,BOTH_WRONG,False,True,False,False
private,190,3,Happy,3,Happy,0.9505706080569767,3,Happy,0.9481171511143902,BOTH_CORRECT,False,True,True,False
private,191,2,Fear,2,Fear,0.8723509830977836,2,Fear,0.5996047266700972,BOTH_CORRECT,False,True,True,False
private,192,6,Neutral,6,Neutral,0.8591241706873255,6,Neutral,0.8844506631171888,BOTH_CORRECT,False,True,True,False
private,193,3,Happy,3,Happy,0.9615192587018901,3,Happy,0.7471072526673388,BOTH_CORRECT,False,True,True,False
private,194,6,Neutral,4,Sad,0.7682718962977543,6,Neutral,0.9606897241837472,V22_CORRECT_V21_WRONG,True,True,True,False
private,195,2,Fear,2,Fear,0.8812821084430366,5,Surprise,0.9232440885727398,V21_CORRECT_V22_WRONG,True,True,True,False
private,196,5,Surprise,5,Surprise,0.9584608423782448,5,Surprise,0.959569973307315,BOTH_CORRECT,False,True,True,False
private,197,0,Angry,0,Angry,0.6509844105657874,0,Angry,0.6376983059571066,BOTH_CORRECT,False,True,True,False
private,198,2,Fear,2,Fear,0.9627538850172407,2,Fear,0.9519557868651712,BOTH_CORRECT,False,True,True,False
private,199,3,Happy,3,Happy,0.9513839512738479,3,Happy,0.9472915338353433,BOTH_CORRECT,False,True,True,False
private,200,2,Fear,2,Fear,0.9618744680786326,2,Fear,0.8734558729537037,BOTH_CORRECT,False,True,True,False
private,201,4,Sad,2,Fear,0.5242030194212051,4,Sad,0.6846015185555341,V22_CORRECT_V21_WRONG,True,True,True,False
private,202,2,Fear,4,Sad,0.7381659593011892,4,Sad,0.8952179778475567,BOTH_WRONG,False,True,True,False
private,203,4,Sad,3,Happy,0.7146314785389882,2,Fear,0.7314564400779929,BOTH_WRONG,False,True,True,False
private,204,4,Sad,6,Neutral,0.9114618502403845,6,Neutral,0.9098751653901719,BOTH_WRONG,False,True,True,False
private,205,6,Neutral,4,Sad,0.580335313894167,2,Fear,0.48506643001336913,BOTH_WRONG,False,True,True,False
private,206,2,Fear,2,Fear,0.9276502167106354,2,Fear,0.9456347061801547,BOTH_CORRECT,False,True,True,False
private,207,2,Fear,5,Surprise,0.9565712711617033,5,Surprise,0.9556308498659548,BOTH_WRONG,False,True,True,False
private,208,0,Angry,0,Angry,0.7917446165004692,0,Angry,0.717236871462517,BOTH_CORRECT,False,True,True,False
private,209,2,Fear,2,Fear,0.961039273998629,2,Fear,0.9536101549355105,BOTH_CORRECT,False,True,True,False
private,210,6,Neutral,2,Fear,0.36342761983034877,4,Sad,0.6305173448707677,BOTH_WRONG,False,True,True,False
private,211,6,Neutral,6,Neutral,0.9532152886062679,6,Neutral,0.9515594039297678,BOTH_CORRECT,False,True,True,False
private,212,5,Surprise,5,Surprise,0.9533476575861793,5,Surprise,0.959149928750949,BOTH_CORRECT,False,True,True,False
private,213,0,Angry,0,Angry,0.5780566978638616,6,Neutral,0.6613155589488705,V21_CORRECT_V22_WRONG,True,True,True,False
private,214,0,Angry,0,Angry,0.9613282134107592,0,Angry,0.9615825250276875,BOTH_CORRECT,False,True,True,False
private,215,5,Surprise,6,Neutral,0.8859503665157069,6,Neutral,0.8367971788983836,BOTH_WRONG,False,True,True,False
private,216,6,Neutral,0,Angry,0.7273534109096174,6,Neutral,0.8421858884801453,V22_CORRECT_V21_WRONG,True,True,True,False
private,217,3,Happy,3,Happy,0.8248486523336057,3,Happy,0.9465632785080594,BOTH_CORRECT,False,True,True,False
private,218,6,Neutral,6,Neutral,0.8559049897212858,0,Angry,0.963447730959605,V21_CORRECT_V22_WRONG,True,True,True,False
private,219,6,Neutral,6,Neutral,0.9472184165956247,6,Neutral,0.3821962155089109,BOTH_CORRECT,False,True,True,False
private,220,2,Fear,4,Sad,0.9420308273609223,4,Sad,0.9492635259359863,BOTH_WRONG,False,True,True,False
private,221,2,Fear,4,Sad,0.777828236114815,4,Sad,0.5521532469171123,BOTH_WRONG,False,True,True,False
private,222,5,Surprise,5,Surprise,0.4189999873078305,2,Fear,0.9344289331852386,V21_CORRECT_V22_WRONG,True,True,True,False
private,223,5,Surprise,5,Surprise,0.9561385977212725,5,Surprise,0.9487240196264165,BOTH_CORRECT,False,True,True,False
private,224,4,Sad,6,Neutral,0.9157660309327565,6,Neutral,0.845688025498275,BOTH_WRONG,False,True,True,False
private,225,3,Happy,3,Happy,0.8327094937346832,4,Sad,0.7093482417194479,V21_CORRECT_V22_WRONG,True,True,True,False
private,226,2,Fear,2,Fear,0.9520615120196982,2,Fear,0.8943502184285614,BOTH_CORRECT,False,True,True,False
private,227,1,Disgust,1,Disgust,0.9566647519508635,1,Disgust,0.9430075912333896,BOTH_CORRECT,False,True,True,False
private,228,5,Surprise,5,Surprise,0.9580633632114751,5,Surprise,0.9564091152946727,BOTH_CORRECT,False,True,True,False
private,229,3,Happy,3,Happy,0.8838800777420041,3,Happy,0.9599085809122043,BOTH_CORRECT,False,True,True,False
private,230,3,Happy,3,Happy,0.9485239346602896,3,Happy,0.8968876489874998,BOTH_CORRECT,False,True,True,False
private,231,6,Neutral,4,Sad,0.8373831373237092,6,Neutral,0.4037502295937758,V22_CORRECT_V21_WRONG,True,True,True,False
private,232,5,Surprise,5,Surprise,0.7548249959652491,5,Surprise,0.9572609900574842,BOTH_CORRECT,False,True,True,False
private,233,1,Disgust,1,Disgust,0.5272280079003137,1,Disgust,0.921819211143397,BOTH_CORRECT,False,True,True,False
private,234,2,Fear,2,Fear,0.8519180468742861,2,Fear,0.8520108462057463,BOTH_CORRECT,False,True,True,False
private,235,2,Fear,4,Sad,0.6916047917312935,4,Sad,0.6267940585298447,BOTH_WRONG,False,True,True,False
private,236,0,Angry,4,Sad,0.3557392142522959,0,Angry,0.8914776663586352,V22_CORRECT_V21_WRONG,True,True,True,False
private,237,5,Surprise,5,Surprise,0.9511132585639346,5,Surprise,0.6160056012583476,BOTH_CORRECT,False,True,True,False
private,238,3,Happy,3,Happy,0.9367379802894225,3,Happy,0.9446566193362981,BOTH_CORRECT,False,True,True,False
private,239,6,Neutral,6,Neutral,0.9076219538396617,0,Angry,0.9370296478643935,V21_CORRECT_V22_WRONG,True,True,True,False
private,240,2,Fear,2,Fear,0.7569149967890764,5,Surprise,0.37657590264198865,V21_CORRECT_V22_WRONG,True,True,True,False
private,241,4,Sad,0,Angry,0.6172521224051043,0,Angry,0.8980275228414082,BOTH_WRONG,False,True,True,False
private,242,0,Angry,0,Angry,0.9526832765047506,0,Angry,0.9538862392320084,BOTH_CORRECT,False,True,True,False
private,243,3,Happy,3,Happy,0.9238150654881853,3,Happy,0.9123876486743908,BOTH_CORRECT,False,True,True,False
private,244,5,Surprise,5,Surprise,0.9568553754130493,3,Happy,0.9246825962195062,V21_CORRECT_V22_WRONG,True,True,True,False
private,245,3,Happy,3,Happy,0.966413043185226,3,Happy,0.9614118420101037,BOTH_CORRECT,False,True,True,False
private,246,3,Happy,3,Happy,0.9563882369766176,3,Happy,0.9569754783289762,BOTH_CORRECT,False,True,True,False
private,247,4,Sad,0,Angry,0.5894276290240988,4,Sad,0.9327839238713667,V22_CORRECT_V21_WRONG,True,True,True,False
private,248,1,Disgust,1,Disgust,0.6205455295281526,0,Angry,0.9518240412466691,V21_CORRECT_V22_WRONG,True,True,True,False
private,249,6,Neutral,6,Neutral,0.9510878457795159,6,Neutral,0.9575591675377811,BOTH_CORRECT,False,True,True,False
private,250,4,Sad,0,Angry,0.5934184737736465,0,Angry,0.8667214606986936,BOTH_WRONG,False,True,True,False
private,251,0,Angry,6,Neutral,0.8486469847814666,2,Fear,0.6469092238174429,BOTH_WRONG,False,True,True,False
private,252,0,Angry,6,Neutral,0.7162105222948129,2,Fear,0.8793336579108242,BOTH_WRONG,False,True,True,False
private,253,2,Fear,4,Sad,0.8510549772517794,4,Sad,0.7748420535385742,BOTH_WRONG,False,True,True,False
private,254,4,Sad,4,Sad,0.9429522131731786,4,Sad,0.9589191617159405,BOTH_CORRECT,False,True,True,False
private,255,5,Surprise,5,Surprise,0.5246466303895428,5,Surprise,0.9462890354400024,BOTH_CORRECT,False,True,True,False
private,256,3,Happy,3,Happy,0.9487301262390149,3,Happy,0.93913746276459,BOTH_CORRECT,False,True,True,False
private,257,3,Happy,3,Happy,0.9524312648705235,3,Happy,0.9535323641572584,BOTH_CORRECT,False,True,True,False
private,258,3,Happy,3,Happy,0.9515685917876721,3,Happy,0.9444299709377906,BOTH_CORRECT,False,True,True,False
private,259,3,Happy,3,Happy,0.9131527102179763,0,Angry,0.7112581813043789,V21_CORRECT_V22_WRONG,True,True,True,False
private,260,3,Happy,3,Happy,0.5749423582815465,6,Neutral,0.8911837141140169,V21_CORRECT_V22_WRONG,True,True,True,False
private,261,0,Angry,0,Angry,0.9582214237131874,0,Angry,0.9548821871997648,BOTH_CORRECT,False,True,True,False
private,262,3,Happy,3,Happy,0.9611621240949021,3,Happy,0.9220388751421097,BOTH_CORRECT,False,True,True,False
private,263,6,Neutral,4,Sad,0.42012391231281043,6,Neutral,0.7123009391441575,V22_CORRECT_V21_WRONG,True,True,True,False
private,264,4,Sad,4,Sad,0.7042476601306872,4,Sad,0.5510275545383784,BOTH_CORRECT,False,True,True,False
private,265,2,Fear,5,Surprise,0.9474740622719593,5,Surprise,0.6151185343389036,BOTH_WRONG,False,True,True,False
private,266,6,Neutral,6,Neutral,0.9435975351520814,6,Neutral,0.8987978180501627,BOTH_CORRECT,False,True,True,False
private,267,4,Sad,4,Sad,0.9266443128349197,0,Angry,0.5397516648743721,V21_CORRECT_V22_WRONG,True,True,True,False
private,268,2,Fear,2,Fear,0.9661105141441263,2,Fear,0.5967568924869019,BOTH_CORRECT,False,True,True,False
private,269,6,Neutral,4,Sad,0.8941690244000704,4,Sad,0.8882158918176621,BOTH_WRONG,False,True,True,False
private,270,3,Happy,3,Happy,0.9500116340486722,3,Happy,0.9489328952105066,BOTH_CORRECT,False,True,True,False
private,271,2,Fear,2,Fear,0.9505822091600016,2,Fear,0.9584741027677659,BOTH_CORRECT,False,False,False,True
private,272,3,Happy,5,Surprise,0.953597012061669,5,Surprise,0.9528190901013445,BOTH_WRONG,False,True,True,False
private,273,4,Sad,6,Neutral,0.6768209173178121,4,Sad,0.874215141197102,V22_CORRECT_V21_WRONG,True,True,True,False
private,274,4,Sad,6,Neutral,0.9424476522175386,4,Sad,0.7418116141300681,V22_CORRECT_V21_WRONG,True,True,True,False
private,275,3,Happy,3,Happy,0.9659406438488962,3,Happy,0.9655000433863213,BOTH_CORRECT,False,True,True,False
private,276,3,Happy,3,Happy,0.9528347337227454,3,Happy,0.946934901975249,BOTH_CORRECT,False,True,True,False
private,277,0,Angry,4,Sad,0.9352837274929164,4,Sad,0.5809189780260184,BOTH_WRONG,False,True,True,False
private,278,6,Neutral,6,Neutral,0.932484687690746,6,Neutral,0.8836383612148737,BOTH_CORRECT,False,True,True,False
private,279,6,Neutral,6,Neutral,0.94055145895604,6,Neutral,0.785558483293741,BOTH_CORRECT,False,True,True,False
private,280,0,Angry,0,Angry,0.6210641758088293,0,Angry,0.9417590191370684,BOTH_CORRECT,False,True,True,False
private,281,4,Sad,2,Fear,0.6664544397969441,2,Fear,0.691193967893235,BOTH_WRONG,False,True,True,False
private,282,4,Sad,4,Sad,0.6461559830983803,2,Fear,0.722368943182676,V21_CORRECT_V22_WRONG,True,True,True,False
private,283,6,Neutral,3,Happy,0.686623883159108,3,Happy,0.7461358701755757,BOTH_WRONG,False,True,True,False
private,284,4,Sad,4,Sad,0.7391299069559558,4,Sad,0.48526529447648875,BOTH_CORRECT,False,True,True,False
private,285,4,Sad,0,Angry,0.5892054369777805,0,Angry,0.9292054295791853,BOTH_WRONG,False,True,True,False
private,286,0,Angry,0,Angry,0.958613545702807,0,Angry,0.9624354540996625,BOTH_CORRECT,False,True,True,False
private,287,6,Neutral,2,Fear,0.6447161464176759,2,Fear,0.7461469762940501,BOTH_WRONG,False,True,True,False
private,288,5,Surprise,4,Sad,0.49860164419559977,2,Fear,0.35376581121946354,BOTH_WRONG,False,True,True,False
private,289,6,Neutral,3,Happy,0.43305368709303815,6,Neutral,0.6673143713255677,V22_CORRECT_V21_WRONG,True,True,True,False
private,290,2,Fear,2,Fear,0.5089063177360376,2,Fear,0.797097000892181,BOTH_CORRECT,False,True,True,False
private,291,4,Sad,4,Sad,0.9138326774867024,4,Sad,0.945944118863288,BOTH_CORRECT,False,True,True,False
private,292,3,Happy,3,Happy,0.9277785568478647,3,Happy,0.8955088623570998,BOTH_CORRECT,False,True,True,False
private,293,4,Sad,6,Neutral,0.9206975674903213,0,Angry,0.44528195396486914,BOTH_WRONG,False,True,True,False
private,294,4,Sad,6,Neutral,0.6583408067311494,0,Angry,0.5297755159493793,BOTH_WRONG,False,True,True,False
private,295,0,Angry,0,Angry,0.9524417568198582,0,Angry,0.8945634987507018,BOTH_CORRECT,False,True,True,False
private,296,3,Happy,3,Happy,0.9576541859639893,3,Happy,0.9569012905219197,BOTH_CORRECT,False,True,True,False
private,297,3,Happy,3,Happy,0.9477959307776196,3,Happy,0.9279147725990996,BOTH_CORRECT,False,True,True,False
private,298,0,Angry,4,Sad,0.5309148474761504,0,Angry,0.7236385411156565,V22_CORRECT_V21_WRONG,True,True,True,False
private,299,6,Neutral,6,Neutral,0.9464875002282898,6,Neutral,0.9438954874865059,BOTH_CORRECT,False,True,True,False
private,300,5,Surprise,2,Fear,0.9563076816720595,6,Neutral,0.807915451282733,BOTH_WRONG,False,True,True,False
private,301,0,Angry,2,Fear,0.7838971546374364,2,Fear,0.9301027931220075,BOTH_WRONG,False,True,True,False
private,302,0,Angry,0,Angry,0.9526407757557952,0,Angry,0.9621709773901597,BOTH_CORRECT,False,False,False,True
private,303,0,Angry,0,Angry,0.9460480488762985,0,Angry,0.9606663878824123,BOTH_CORRECT,False,True,True,False
private,304,4,Sad,0,Angry,0.5611272904479926,6,Neutral,0.8490705150803454,BOTH_WRONG,False,True,True,False
private,305,0,Angry,0,Angry,0.9138057166624571,0,Angry,0.49596471705430134,BOTH_CORRECT,False,True,True,False
private,306,4,Sad,4,Sad,0.942834032110627,4,Sad,0.9667100342288235,BOTH_CORRECT,False,True,True,False
private,307,6,Neutral,6,Neutral,0.9060902110128088,6,Neutral,0.947298957812036,BOTH_CORRECT,False,False,False,True
private,308,6,Neutral,2,Fear,0.45876661159940696,0,Angry,0.36560377912963116,BOTH_WRONG,False,True,True,False
private,309,3,Happy,3,Happy,0.9538202186538304,3,Happy,0.9503519158802937,BOTH_CORRECT,False,True,True,False
private,310,6,Neutral,6,Neutral,0.930588672195112,6,Neutral,0.9427744993007332,BOTH_CORRECT,False,True,True,False
private,311,6,Neutral,0,Angry,0.7740890596562087,4,Sad,0.4381364982043535,BOTH_WRONG,False,True,True,False
private,312,0,Angry,0,Angry,0.5875905097740028,0,Angry,0.9429814498831439,BOTH_CORRECT,False,True,True,False
private,313,5,Surprise,5,Surprise,0.9534265243466794,5,Surprise,0.9549472492440425,BOTH_CORRECT,False,False,False,True
private,314,4,Sad,0,Angry,0.9213879624812318,0,Angry,0.723552648847866,BOTH_WRONG,False,True,True,False
private,315,4,Sad,4,Sad,0.8991640598349996,4,Sad,0.9205536790151782,BOTH_CORRECT,False,True,True,False
private,316,3,Happy,3,Happy,0.9169635741568326,3,Happy,0.9232281888391282,BOTH_CORRECT,False,True,True,False
private,317,6,Neutral,6,Neutral,0.9233142877051695,3,Happy,0.7809089758218475,V21_CORRECT_V22_WRONG,True,True,True,False
private,318,4,Sad,4,Sad,0.49737725221284734,2,Fear,0.8310533776125514,V21_CORRECT_V22_WRONG,True,True,True,False
private,319,0,Angry,4,Sad,0.6326689430116081,4,Sad,0.7715794123137433,BOTH_WRONG,False,True,True,False
private,320,3,Happy,3,Happy,0.9501695412955621,3,Happy,0.9424868112484946,BOTH_CORRECT,False,True,True,False
private,321,2,Fear,4,Sad,0.468281974407335,6,Neutral,0.9198628488116057,BOTH_WRONG,False,True,True,False
private,322,6,Neutral,6,Neutral,0.6421322842800953,6,Neutral,0.8909880595703626,BOTH_CORRECT,False,True,True,False
private,323,2,Fear,2,Fear,0.40956349672291187,2,Fear,0.8504165811293607,BOTH_CORRECT,False,True,True,False
private,324,0,Angry,4,Sad,0.7654288808142109,4,Sad,0.7176109812185735,BOTH_WRONG,False,True,True,False
private,325,2,Fear,2,Fear,0.554399921899573,2,Fear,0.9637784418304353,BOTH_CORRECT,False,True,True,False
private,326,3,Happy,4,Sad,0.7554863158245582,3,Happy,0.6715637685808495,V22_CORRECT_V21_WRONG,True,True,True,False
private,327,6,Neutral,6,Neutral,0.6006185869027524,6,Neutral,0.742529444709518,BOTH_CORRECT,False,True,True,False
private,328,4,Sad,4,Sad,0.9073695029854264,4,Sad,0.8017320940503615,BOTH_CORRECT,False,True,True,False
private,329,3,Happy,3,Happy,0.942193335746268,3,Happy,0.8830429212718571,BOTH_CORRECT,False,True,True,False
private,330,3,Happy,0,Angry,0.753184890057857,0,Angry,0.911123830914012,BOTH_WRONG,False,True,True,False
private,331,3,Happy,3,Happy,0.9447523581354621,3,Happy,0.9456587091033846,BOTH_CORRECT,False,True,True,False
private,332,5,Surprise,5,Surprise,0.9581479845304027,5,Surprise,0.9482017228971855,BOTH_CORRECT,False,True,True,False
private,333,6,Neutral,4,Sad,0.8363733505282273,0,Angry,0.6624784717551779,BOTH_WRONG,False,True,True,False
private,334,6,Neutral,6,Neutral,0.9491334252237261,6,Neutral,0.9523691013265242,BOTH_CORRECT,False,True,False,False
private,335,5,Surprise,5,Surprise,0.9561088437220739,5,Surprise,0.9661319054895128,BOTH_CORRECT,False,True,True,False
private,336,6,Neutral,6,Neutral,0.5397858532395287,6,Neutral,0.9047057673180413,BOTH_CORRECT,False,True,True,False
private,337,0,Angry,2,Fear,0.9210051002826687,0,Angry,0.6163242019431279,V22_CORRECT_V21_WRONG,True,True,True,False
private,338,6,Neutral,2,Fear,0.8764807712963694,6,Neutral,0.8105793451123066,V22_CORRECT_V21_WRONG,True,True,True,False
private,339,4,Sad,4,Sad,0.8565381249007601,4,Sad,0.9222575023063019,BOTH_CORRECT,False,True,True,False
private,340,0,Angry,6,Neutral,0.3646910491335944,0,Angry,0.5004870021462574,V22_CORRECT_V21_WRONG,True,True,True,False
private,341,6,Neutral,2,Fear,0.8472231058064658,4,Sad,0.3825900717164187,BOTH_WRONG,False,True,True,False
private,342,4,Sad,3,Happy,0.831817714133803,0,Angry,0.6166455084788448,BOTH_WRONG,False,True,True,False
private,343,3,Happy,4,Sad,0.6974975341174808,3,Happy,0.5732014029077357,V22_CORRECT_V21_WRONG,True,True,True,False
private,344,2,Fear,2,Fear,0.933572660277608,2,Fear,0.9484177819897615,BOTH_CORRECT,False,True,True,False
private,345,0,Angry,0,Angry,0.5829238755585806,0,Angry,0.8099790545881699,BOTH_CORRECT,False,True,True,False
private,346,3,Happy,3,Happy,0.9498985422076168,3,Happy,0.9470194314986908,BOTH_CORRECT,False,True,True,False
private,347,5,Surprise,5,Surprise,0.9127533961978644,5,Surprise,0.945261215195314,BOTH_CORRECT,False,True,True,False
private,348,0,Angry,0,Angry,0.9501378283007951,0,Angry,0.5238339932972994,BOTH_CORRECT,False,True,True,False
private,349,0,Angry,0,Angry,0.8089318146124227,0,Angry,0.701940949979984,BOTH_CORRECT,False,True,True,False
private,350,3,Happy,3,Happy,0.950684492819453,3,Happy,0.9537585758599885,BOTH_CORRECT,False,True,True,False
private,351,2,Fear,5,Surprise,0.9488182628858306,5,Surprise,0.9471723034875719,BOTH_WRONG,False,True,True,False
private,352,0,Angry,0,Angry,0.9484310004798596,0,Angry,0.6368765660691726,BOTH_CORRECT,False,True,True,False
private,353,0,Angry,6,Neutral,0.8410802101412864,4,Sad,0.5220375980462097,BOTH_WRONG,False,True,True,False
private,354,5,Surprise,5,Surprise,0.9535658389505381,5,Surprise,0.959427601850571,BOTH_CORRECT,False,True,True,False
private,355,6,Neutral,6,Neutral,0.9465110376650198,6,Neutral,0.7090786127434588,BOTH_CORRECT,False,True,True,False
private,356,4,Sad,0,Angry,0.5162751788446004,0,Angry,0.7659216841252069,BOTH_WRONG,False,True,True,False
private,357,3,Happy,3,Happy,0.6796410467698328,3,Happy,0.9113639041504221,BOTH_CORRECT,False,True,True,False
private,358,2,Fear,4,Sad,0.835425711645832,4,Sad,0.8770491029916657,BOTH_WRONG,False,True,True,False
private,359,3,Happy,3,Happy,0.9567840061074728,3,Happy,0.9583253793732226,BOTH_CORRECT,False,True,True,False
private,360,2,Fear,2,Fear,0.6476186464076716,2,Fear,0.9063029513175038,BOTH_CORRECT,False,True,True,False
private,361,3,Happy,3,Happy,0.9568865055681183,3,Happy,0.9599711858773918,BOTH_CORRECT,False,True,True,False
private,362,5,Surprise,3,Happy,0.9444920696774348,3,Happy,0.9563453967100165,BOTH_WRONG,False,True,True,False
private,363,4,Sad,4,Sad,0.9391473412169313,4,Sad,0.9403476864778112,BOTH_CORRECT,False,True,True,False
private,364,0,Angry,0,Angry,0.9059537475537431,5,Surprise,0.9434905700967946,V21_CORRECT_V22_WRONG,True,True,True,False
private,365,3,Happy,3,Happy,0.9615301733169901,3,Happy,0.9539685673289593,BOTH_CORRECT,False,True,True,False
private,366,0,Angry,4,Sad,0.7955199659918831,4,Sad,0.9240076466357577,BOTH_WRONG,False,True,True,False
private,367,4,Sad,4,Sad,0.9451917691505756,4,Sad,0.9625786663803864,BOTH_CORRECT,False,True,True,False
private,368,6,Neutral,4,Sad,0.40400435594629297,6,Neutral,0.9488264374640554,V22_CORRECT_V21_WRONG,True,True,True,False
private,369,4,Sad,6,Neutral,0.3442064400416813,2,Fear,0.6670543097614698,BOTH_WRONG,False,True,True,False
private,370,4,Sad,4,Sad,0.4024480423025741,4,Sad,0.9304681146444927,BOTH_CORRECT,False,True,True,False
private,371,3,Happy,3,Happy,0.9287755238881708,3,Happy,0.9422388141069225,BOTH_CORRECT,False,True,True,False
private,372,3,Happy,3,Happy,0.9086218577278364,3,Happy,0.9312899311105353,BOTH_CORRECT,False,True,True,False
private,373,6,Neutral,6,Neutral,0.5105339610068731,6,Neutral,0.8331766787920082,BOTH_CORRECT,False,True,True,False
private,374,6,Neutral,4,Sad,0.917404382623809,4,Sad,0.9483612650358028,BOTH_WRONG,False,True,True,False
private,375,4,Sad,4,Sad,0.9082673810590264,2,Fear,0.6205961828014291,V21_CORRECT_V22_WRONG,True,True,True,False
private,376,3,Happy,3,Happy,0.932950520637889,4,Sad,0.9445436359804984,V21_CORRECT_V22_WRONG,True,True,True,False
private,377,5,Surprise,5,Surprise,0.46144350544047164,5,Surprise,0.6252992643229593,BOTH_CORRECT,False,True,True,False
private,378,3,Happy,3,Happy,0.9546167200548925,6,Neutral,0.6441994070922924,V21_CORRECT_V22_WRONG,True,True,True,False
private,379,3,Happy,0,Angry,0.8271394518601842,6,Neutral,0.35841354523819624,BOTH_WRONG,False,True,True,False
private,380,3,Happy,3,Happy,0.9542717605786231,3,Happy,0.9623969702022498,BOTH_CORRECT,False,True,True,False
private,381,6,Neutral,5,Surprise,0.9462667400102397,2,Fear,0.5410456136954767,BOTH_WRONG,False,False,False,False
private,382,5,Surprise,2,Fear,0.7763525773367208,2,Fear,0.7251226403017926,BOTH_WRONG,False,True,True,False
private,383,1,Disgust,1,Disgust,0.9714125832065773,1,Disgust,0.9482705525232512,BOTH_CORRECT,False,True,True,False
private,384,2,Fear,0,Angry,0.6178999612543078,0,Angry,0.6350068606587423,BOTH_WRONG,False,True,True,False
private,385,6,Neutral,6,Neutral,0.485743783468094,5,Surprise,0.7794650985907698,V21_CORRECT_V22_WRONG,True,True,True,False
private,386,3,Happy,0,Angry,0.8054102378477891,0,Angry,0.9611464192979521,BOTH_WRONG,False,True,True,False
private,387,2,Fear,5,Surprise,0.6042774509884964,6,Neutral,0.953609515005845,BOTH_WRONG,False,True,True,False
private,388,3,Happy,3,Happy,0.9105433220519941,3,Happy,0.9581551112462091,BOTH_CORRECT,False,True,True,False
private,389,3,Happy,3,Happy,0.9563418897151134,3,Happy,0.9010913259172023,BOTH_CORRECT,False,True,True,False
private,390,2,Fear,6,Neutral,0.9230705473310128,6,Neutral,0.5280525463436424,BOTH_WRONG,False,True,True,False
private,391,2,Fear,5,Surprise,0.5987255185339942,5,Surprise,0.707330209041929,BOTH_WRONG,False,True,True,False
private,392,3,Happy,3,Happy,0.9495595666890064,3,Happy,0.953458616715125,BOTH_CORRECT,False,True,True,False
private,393,2,Fear,2,Fear,0.9506736946614012,2,Fear,0.956733048437893,BOTH_CORRECT,False,True,True,False
private,394,2,Fear,4,Sad,0.9534039637036372,4,Sad,0.8769753957388328,BOTH_WRONG,False,True,True,False
private,395,4,Sad,4,Sad,0.7284853649153713,6,Neutral,0.7621661238649583,V21_CORRECT_V22_WRONG,True,True,True,False
private,396,4,Sad,2,Fear,0.7412189021850989,4,Sad,0.637631715502799,V22_CORRECT_V21_WRONG,True,True,True,False
private,397,5,Surprise,4,Sad,0.6420083426623042,4,Sad,0.6461930369913745,BOTH_WRONG,False,True,True,False
private,398,2,Fear,5,Surprise,0.7872697425086791,5,Surprise,0.8186678213733045,BOTH_WRONG,False,True,False,False
private,399,6,Neutral,0,Angry,0.755004379002989,3,Happy,0.938477593529238,BOTH_WRONG,False,True,True,False
private,400,2,Fear,4,Sad,0.5489770355475256,2,Fear,0.9452598139534334,V22_CORRECT_V21_WRONG,True,True,True,False
private,401,3,Happy,3,Happy,0.9511976240464537,3,Happy,0.9483842422098333,BOTH_CORRECT,False,True,True,False
private,402,6,Neutral,6,Neutral,0.9573839262129926,6,Neutral,0.9595264144205895,BOTH_CORRECT,False,True,True,False
private,403,3,Happy,3,Happy,0.9485269810887746,3,Happy,0.9539090695954064,BOTH_CORRECT,False,True,True,False
private,404,6,Neutral,6,Neutral,0.793122403206952,6,Neutral,0.4589521345165345,BOTH_CORRECT,False,True,True,False
private,405,4,Sad,6,Neutral,0.9002158077240136,6,Neutral,0.9362355620483982,BOTH_WRONG,False,True,True,False
private,406,6,Neutral,6,Neutral,0.9252488634777698,6,Neutral,0.9398646874540418,BOTH_CORRECT,False,True,True,False
private,407,6,Neutral,4,Sad,0.34353556273391256,4,Sad,0.8338570909312438,BOTH_WRONG,False,True,True,False
private,408,2,Fear,2,Fear,0.29132854076981524,4,Sad,0.47801900605600206,V21_CORRECT_V22_WRONG,True,True,True,False
private,409,4,Sad,4,Sad,0.7523096190029688,4,Sad,0.8079519913557778,BOTH_CORRECT,False,True,True,False
private,410,3,Happy,3,Happy,0.6018610252920762,5,Surprise,0.6132016040080676,V21_CORRECT_V22_WRONG,True,True,True,False
private,411,0,Angry,4,Sad,0.9321539877455528,4,Sad,0.9551654211422177,BOTH_WRONG,False,True,False,False
private,412,0,Angry,0,Angry,0.9559487824782344,0,Angry,0.9213288275781085,BOTH_CORRECT,False,True,True,False
private,413,4,Sad,0,Angry,0.7002840130416494,0,Angry,0.8301336140674405,BOTH_WRONG,False,True,True,False
private,414,6,Neutral,6,Neutral,0.9336898074028039,6,Neutral,0.9311137642627695,BOTH_CORRECT,False,True,True,False
private,415,5,Surprise,5,Surprise,0.9029441106454517,2,Fear,0.8275987188852005,V21_CORRECT_V22_WRONG,True,True,True,False
private,416,6,Neutral,6,Neutral,0.9318093974115366,6,Neutral,0.9589970388577072,BOTH_CORRECT,False,True,True,False
private,417,4,Sad,0,Angry,0.9083968746201254,0,Angry,0.9093569561965329,BOTH_WRONG,False,True,True,False
private,418,5,Surprise,5,Surprise,0.9552529402204523,5,Surprise,0.9619262775358354,BOTH_CORRECT,False,False,False,True
private,419,1,Disgust,1,Disgust,0.970141708287945,1,Disgust,0.9700165322195551,BOTH_CORRECT,False,True,True,False
private,420,0,Angry,0,Angry,0.9515446811286428,0,Angry,0.9577400386724635,BOTH_CORRECT,False,True,True,False
private,421,2,Fear,4,Sad,0.9506867234731555,4,Sad,0.9580541480719152,BOTH_WRONG,False,True,True,False
private,422,2,Fear,2,Fear,0.8933232058811824,5,Surprise,0.92813455933171,V21_CORRECT_V22_WRONG,True,True,True,False
private,423,3,Happy,3,Happy,0.951867203162698,3,Happy,0.9465278308351908,BOTH_CORRECT,False,True,True,False
private,424,5,Surprise,5,Surprise,0.8928947921090143,5,Surprise,0.9420076425179595,BOTH_CORRECT,False,True,True,False
private,425,3,Happy,3,Happy,0.9495915930644852,3,Happy,0.9494324599481193,BOTH_CORRECT,False,True,True,False
private,426,6,Neutral,6,Neutral,0.545135284229451,6,Neutral,0.9355136667202499,BOTH_CORRECT,False,True,True,False
private,427,3,Happy,4,Sad,0.9511940937744724,3,Happy,0.917356888366714,V22_CORRECT_V21_WRONG,True,True,True,False
private,428,6,Neutral,6,Neutral,0.805862801095462,6,Neutral,0.8916790784831263,BOTH_CORRECT,False,True,True,False
private,429,5,Surprise,5,Surprise,0.38235593823127817,5,Surprise,0.9351578204599167,BOTH_CORRECT,False,True,True,False
private,430,3,Happy,3,Happy,0.9509954026889297,3,Happy,0.9444321965758712,BOTH_CORRECT,False,True,True,False
private,431,6,Neutral,6,Neutral,0.7406164760221636,4,Sad,0.8993421737508166,V21_CORRECT_V22_WRONG,True,True,True,False
private,432,6,Neutral,6,Neutral,0.9481292413110498,6,Neutral,0.9577913182290058,BOTH_CORRECT,False,True,True,False
private,433,4,Sad,4,Sad,0.8066470651255973,4,Sad,0.5579719282947027,BOTH_CORRECT,False,False,False,True
private,434,3,Happy,3,Happy,0.9572108181500599,3,Happy,0.952912534587415,BOTH_CORRECT,False,True,True,False
private,435,3,Happy,3,Happy,0.9503307444987494,3,Happy,0.9487086245357228,BOTH_CORRECT,False,True,True,False
private,436,5,Surprise,5,Surprise,0.919268140502653,5,Surprise,0.9356568431807011,BOTH_CORRECT,False,True,True,False
private,437,6,Neutral,6,Neutral,0.5108063507479605,2,Fear,0.9577143525732189,V21_CORRECT_V22_WRONG,True,True,True,False
private,438,0,Angry,6,Neutral,0.4584294416792474,6,Neutral,0.8292995415516523,BOTH_WRONG,False,True,True,False
private,439,3,Happy,3,Happy,0.707639712082415,3,Happy,0.9505577736609814,BOTH_CORRECT,False,True,True,False
private,440,2,Fear,4,Sad,0.5002963521516087,4,Sad,0.944408811971149,BOTH_WRONG,False,True,True,False
private,441,6,Neutral,4,Sad,0.7178781433296857,4,Sad,0.9206760407949277,BOTH_WRONG,False,True,True,False
private,442,6,Neutral,6,Neutral,0.9560368808757258,6,Neutral,0.9624735036349479,BOTH_CORRECT,False,True,True,False
private,443,3,Happy,3,Happy,0.9497479922307684,3,Happy,0.948005089615033,BOTH_CORRECT,False,True,True,False
private,444,4,Sad,6,Neutral,0.7907442906083477,6,Neutral,0.6061379483216517,BOTH_WRONG,False,True,True,False
private,445,3,Happy,4,Sad,0.506877354925742,4,Sad,0.3960753980392454,BOTH_WRONG,False,True,True,False
private,446,4,Sad,2,Fear,0.4218563830698912,4,Sad,0.9308753309227065,V22_CORRECT_V21_WRONG,True,True,True,False
private,447,4,Sad,4,Sad,0.8006280751177008,2,Fear,0.49401972773954034,V21_CORRECT_V22_WRONG,True,True,True,False
private,448,3,Happy,3,Happy,0.9486998053707784,3,Happy,0.9515118222835232,BOTH_CORRECT,False,True,True,False
private,449,3,Happy,3,Happy,0.9582044001746841,3,Happy,0.9538324322928813,BOTH_CORRECT,False,True,True,False
private,450,6,Neutral,4,Sad,0.9339206901243121,4,Sad,0.5383592385976546,BOTH_WRONG,False,True,True,False
private,451,5,Surprise,5,Surprise,0.9465711799813624,5,Surprise,0.9578055938252287,BOTH_CORRECT,False,False,False,True
private,452,6,Neutral,6,Neutral,0.7658510634831657,6,Neutral,0.9177509302997322,BOTH_CORRECT,False,True,True,False
private,453,0,Angry,0,Angry,0.9619883868926532,0,Angry,0.961341811688627,BOTH_CORRECT,False,True,True,False
private,454,6,Neutral,4,Sad,0.5689613198147055,4,Sad,0.9442610176604886,BOTH_WRONG,False,True,True,False
private,455,5,Surprise,5,Surprise,0.9527108860062403,5,Surprise,0.9518024937584544,BOTH_CORRECT,False,False,False,True
private,456,4,Sad,0,Angry,0.8781576266538208,0,Angry,0.48292721221664314,BOTH_WRONG,False,True,True,False
private,457,0,Angry,0,Angry,0.9306161251438682,0,Angry,0.9609358036362122,BOTH_CORRECT,False,True,True,False
private,458,5,Surprise,5,Surprise,0.9537760092236017,5,Surprise,0.942026964094461,BOTH_CORRECT,False,True,True,False
private,459,3,Happy,4,Sad,0.46003139064460014,0,Angry,0.9506475079881361,BOTH_WRONG,False,True,True,False
private,460,2,Fear,6,Neutral,0.44358763564634673,2,Fear,0.9349118200154644,V22_CORRECT_V21_WRONG,True,True,True,False
private,461,4,Sad,0,Angry,0.6072671774506838,4,Sad,0.5397013546160376,V22_CORRECT_V21_WRONG,True,True,True,False
private,462,6,Neutral,6,Neutral,0.9457802302493433,6,Neutral,0.9636191149731103,BOTH_CORRECT,False,True,True,False
private,463,2,Fear,5,Surprise,0.5394682917231826,2,Fear,0.6640841850990623,V22_CORRECT_V21_WRONG,True,True,True,False
private,464,5,Surprise,5,Surprise,0.9571229019449807,5,Surprise,0.9601874931736509,BOTH_CORRECT,False,True,True,False
private,465,3,Happy,3,Happy,0.9572114781579446,3,Happy,0.9177469481471717,BOTH_CORRECT,False,True,True,False
private,466,3,Happy,3,Happy,0.9341572344771045,3,Happy,0.9426401749846972,BOTH_CORRECT,False,True,True,False
private,467,0,Angry,4,Sad,0.8646567797756822,4,Sad,0.8347186986441064,BOTH_WRONG,False,False,False,True
private,468,2,Fear,4,Sad,0.952653667126707,4,Sad,0.9440860881792902,BOTH_WRONG,False,True,True,False
private,469,3,Happy,3,Happy,0.9513128419322946,3,Happy,0.9418392521088003,BOTH_CORRECT,False,True,True,False
private,470,4,Sad,6,Neutral,0.9008502922346029,6,Neutral,0.7302685411823803,BOTH_WRONG,False,True,True,False
private,471,3,Happy,3,Happy,0.9409277634060735,3,Happy,0.9505658306791822,BOTH_CORRECT,False,True,True,False
private,472,4,Sad,6,Neutral,0.9088944654595686,6,Neutral,0.9388591258051812,BOTH_WRONG,False,True,True,False
private,473,0,Angry,5,Surprise,0.9333698366862067,5,Surprise,0.9137350897097529,BOTH_WRONG,False,True,True,False
private,474,2,Fear,4,Sad,0.9126963279904377,4,Sad,0.7498304039853776,BOTH_WRONG,False,True,True,False
private,475,3,Happy,3,Happy,0.9537908968285959,3,Happy,0.957762018156662,BOTH_CORRECT,False,True,True,False
private,476,5,Surprise,5,Surprise,0.9517651199732191,5,Surprise,0.9558786840344692,BOTH_CORRECT,False,False,False,True
private,477,0,Angry,0,Angry,0.9620199955100596,0,Angry,0.9613503246728542,BOTH_CORRECT,False,True,True,False
private,478,0,Angry,0,Angry,0.8708601074980685,0,Angry,0.9153773704020939,BOTH_CORRECT,False,True,True,False
private,479,0,Angry,0,Angry,0.5852459516533136,0,Angry,0.898757134296707,BOTH_CORRECT,False,True,True,False
private,480,6,Neutral,4,Sad,0.9197342525189252,4,Sad,0.47087903617652205,BOTH_WRONG,False,True,True,False
private,481,6,Neutral,4,Sad,0.6097861027542947,6,Neutral,0.5262628270941935,V22_CORRECT_V21_WRONG,True,True,True,False
private,482,5,Surprise,5,Surprise,0.9498564323747297,5,Surprise,0.9623118666807375,BOTH_CORRECT,False,False,False,True
private,483,3,Happy,3,Happy,0.8643389647135608,3,Happy,0.961721849062548,BOTH_CORRECT,False,True,True,False
private,484,6,Neutral,6,Neutral,0.9272290756817061,6,Neutral,0.9504097101487305,BOTH_CORRECT,False,True,True,False
private,485,6,Neutral,6,Neutral,0.9461742056067518,6,Neutral,0.9574660570494874,BOTH_CORRECT,False,True,True,False
private,486,2,Fear,4,Sad,0.9453935205648413,4,Sad,0.9356778934720312,BOTH_WRONG,False,True,True,False
private,487,3,Happy,5,Surprise,0.6621049416302445,5,Surprise,0.9539366522262237,BOTH_WRONG,False,True,True,False
private,488,6,Neutral,6,Neutral,0.945888102638982,6,Neutral,0.9581856907938044,BOTH_CORRECT,False,True,True,False
private,489,6,Neutral,6,Neutral,0.9545046768629156,6,Neutral,0.959165935803286,BOTH_CORRECT,False,True,True,False
private,490,6,Neutral,1,Disgust,0.9342680792675158,1,Disgust,0.9344891884187772,BOTH_WRONG,False,True,True,False
private,491,2,Fear,4,Sad,0.8382623809976052,4,Sad,0.5902895550681244,BOTH_WRONG,False,True,True,False
private,492,4,Sad,0,Angry,0.9563817366646798,0,Angry,0.9538751260806518,BOTH_WRONG,False,True,True,False
private,493,4,Sad,4,Sad,0.6370687363913746,0,Angry,0.4525243699135931,V21_CORRECT_V22_WRONG,True,True,True,False
private,494,6,Neutral,6,Neutral,0.9499842251340594,6,Neutral,0.952006773825825,BOTH_CORRECT,False,True,True,False
private,495,6,Neutral,0,Angry,0.36826379557711175,6,Neutral,0.94892498308395,V22_CORRECT_V21_WRONG,True,True,True,False
private,496,2,Fear,2,Fear,0.9540538547893189,2,Fear,0.9621587732900188,BOTH_CORRECT,False,True,True,False
private,497,2,Fear,2,Fear,0.5673484927032751,0,Angry,0.5449884098758057,V21_CORRECT_V22_WRONG,True,True,True,False
private,498,3,Happy,3,Happy,0.9497149060217186,3,Happy,0.9479643178768346,BOTH_CORRECT,False,True,True,False
private,499,3,Happy,3,Happy,0.9549957415915659,3,Happy,0.9570057669618086,BOTH_CORRECT,False,True,True,False
private,500,2,Fear,2,Fear,0.966772855148352,2,Fear,0.9621208141179184,BOTH_CORRECT,False,True,True,False
private,501,2,Fear,2,Fear,0.9417182439637704,2,Fear,0.6701523953458601,BOTH_CORRECT,False,False,False,True
private,502,3,Happy,3,Happy,0.9463138394406837,3,Happy,0.8150071336456276,BOTH_CORRECT,False,True,True,False
private,503,4,Sad,4,Sad,0.9179329224851085,4,Sad,0.658968328210914,BOTH_CORRECT,False,True,True,False
private,504,3,Happy,3,Happy,0.9470903266926216,3,Happy,0.9472843548799738,BOTH_CORRECT,False,True,True,False
private,505,0,Angry,0,Angry,0.9452177644179486,0,Angry,0.9587722799389111,BOTH_CORRECT,False,True,True,False
private,506,2,Fear,5,Surprise,0.9545107756607792,5,Surprise,0.9587090062881477,BOTH_WRONG,False,True,True,False
private,507,4,Sad,4,Sad,0.47035688545819027,6,Neutral,0.6358128448989914,V21_CORRECT_V22_WRONG,True,True,True,False
private,508,5,Surprise,5,Surprise,0.9526161340777161,5,Surprise,0.948031976379409,BOTH_CORRECT,False,True,True,False
private,509,2,Fear,6,Neutral,0.5087715815451452,4,Sad,0.7885601783712027,BOTH_WRONG,False,True,True,False
private,510,3,Happy,3,Happy,0.9576991698465044,3,Happy,0.954554873958392,BOTH_CORRECT,False,True,True,False
private,511,3,Happy,4,Sad,0.9004978306706415,3,Happy,0.709932581774446,V22_CORRECT_V21_WRONG,True,True,True,False
private,512,0,Angry,0,Angry,0.9578008871824893,0,Angry,0.9514159333982658,BOTH_CORRECT,False,True,True,False
private,513,4,Sad,2,Fear,0.9478494187499275,2,Fear,0.8952160001098984,BOTH_WRONG,False,True,True,False
private,514,4,Sad,0,Angry,0.7455675970594461,0,Angry,0.9508076844745535,BOTH_WRONG,False,True,True,False
private,515,2,Fear,4,Sad,0.7563589221638359,4,Sad,0.3958229988042728,BOTH_WRONG,False,True,True,False
private,516,4,Sad,4,Sad,0.955960584339174,4,Sad,0.9379929851726034,BOTH_CORRECT,False,True,True,False
private,517,5,Surprise,5,Surprise,0.9536609573329305,5,Surprise,0.9569164714478086,BOTH_CORRECT,False,True,True,False
private,518,0,Angry,0,Angry,0.8968224581232482,0,Angry,0.8757778639535945,BOTH_CORRECT,False,True,True,False
private,519,6,Neutral,6,Neutral,0.8043183691527077,6,Neutral,0.9537595907231337,BOTH_CORRECT,False,True,True,False
private,520,4,Sad,4,Sad,0.9366351651627018,2,Fear,0.9515982495513055,V21_CORRECT_V22_WRONG,True,True,True,False
private,521,2,Fear,2,Fear,0.7079523317688753,5,Surprise,0.8093221713698473,V21_CORRECT_V22_WRONG,True,True,True,False
private,522,2,Fear,4,Sad,0.8066470651255973,4,Sad,0.5579719282947027,BOTH_WRONG,False,False,False,True
private,523,2,Fear,2,Fear,0.924708941002091,4,Sad,0.7315237223474628,V21_CORRECT_V22_WRONG,True,True,True,False
private,524,5,Surprise,6,Neutral,0.5250402614422293,5,Surprise,0.9424836225755171,V22_CORRECT_V21_WRONG,True,True,True,False
private,525,6,Neutral,6,Neutral,0.9399890353719863,6,Neutral,0.9046227183416036,BOTH_CORRECT,False,True,True,False
private,526,5,Surprise,5,Surprise,0.9532105428938699,5,Surprise,0.9639058363766954,BOTH_CORRECT,False,False,False,True
private,527,4,Sad,6,Neutral,0.8780115832943485,6,Neutral,0.9586152850406677,BOTH_WRONG,False,True,True,False
private,528,3,Happy,3,Happy,0.9458472091569667,3,Happy,0.9383250930370799,BOTH_CORRECT,False,True,True,False
private,529,3,Happy,3,Happy,0.9545198408780313,3,Happy,0.95664487551556,BOTH_CORRECT,False,True,True,False
private,530,6,Neutral,6,Neutral,0.8016014106620534,6,Neutral,0.9408384520536651,BOTH_CORRECT,False,True,True,False
private,531,2,Fear,4,Sad,0.634169484350699,4,Sad,0.7438554607140132,BOTH_WRONG,False,True,True,False
private,532,3,Happy,3,Happy,0.9537151069260742,3,Happy,0.9499041900944122,BOTH_CORRECT,False,True,True,False
private,533,5,Surprise,5,Surprise,0.9562940051296269,5,Surprise,0.9454800688203857,BOTH_CORRECT,False,True,True,False
private,534,3,Happy,3,Happy,0.9529275189315117,3,Happy,0.9510066055280778,BOTH_CORRECT,False,False,False,True
private,535,2,Fear,4,Sad,0.42687245601919693,6,Neutral,0.9129332329639489,BOTH_WRONG,False,True,True,False
private,536,3,Happy,3,Happy,0.9098910171404292,3,Happy,0.9674875432774754,BOTH_CORRECT,False,True,True,False
private,537,3,Happy,3,Happy,0.9535062506211739,3,Happy,0.9354399771267745,BOTH_CORRECT,False,True,True,False
private,538,4,Sad,6,Neutral,0.48244438784751786,4,Sad,0.5699154293088052,V22_CORRECT_V21_WRONG,True,True,True,False
private,539,3,Happy,3,Happy,0.91390278507682,2,Fear,0.7115315634362038,V21_CORRECT_V22_WRONG,True,True,True,False
private,540,3,Happy,3,Happy,0.9079606520158239,3,Happy,0.9086317908404927,BOTH_CORRECT,False,True,True,False
private,541,2,Fear,2,Fear,0.8732452717814446,2,Fear,0.7662871074119838,BOTH_CORRECT,False,True,True,False
private,542,6,Neutral,6,Neutral,0.9378314599904705,6,Neutral,0.9270577311414132,BOTH_CORRECT,False,True,True,False
private,543,0,Angry,4,Sad,0.47707106395584586,0,Angry,0.882055163296299,V22_CORRECT_V21_WRONG,True,True,True,False
private,544,6,Neutral,6,Neutral,0.9529901885055387,6,Neutral,0.9522686400512688,BOTH_CORRECT,False,True,True,False
private,545,4,Sad,4,Sad,0.7774902042552398,4,Sad,0.9550563294870944,BOTH_CORRECT,False,True,True,False
private,546,3,Happy,4,Sad,0.7547441667667554,5,Surprise,0.39860189237117555,BOTH_WRONG,False,True,False,False
private,547,3,Happy,3,Happy,0.9503885853766921,3,Happy,0.9448701653762456,BOTH_CORRECT,False,True,True,False
private,548,3,Happy,3,Happy,0.961337702978709,3,Happy,0.9564793666543796,BOTH_CORRECT,False,True,True,False
private,549,6,Neutral,6,Neutral,0.7856013480658464,6,Neutral,0.5339838546288596,BOTH_CORRECT,False,True,True,False
private,550,4,Sad,4,Sad,0.8862957333398431,6,Neutral,0.6427554649123317,V21_CORRECT_V22_WRONG,True,True,True,False
private,551,3,Happy,0,Angry,0.37883415036390383,6,Neutral,0.33968872106577264,BOTH_WRONG,False,True,True,False
private,552,4,Sad,4,Sad,0.6849801645580147,2,Fear,0.9550455842535458,V21_CORRECT_V22_WRONG,True,True,False,False
private,553,6,Neutral,0,Angry,0.37172347336937844,6,Neutral,0.6008325034164028,V22_CORRECT_V21_WRONG,True,True,True,False
private,554,3,Happy,4,Sad,0.9567841003255902,4,Sad,0.9609202169915563,BOTH_WRONG,False,True,True,False
private,555,4,Sad,4,Sad,0.8736269050921681,2,Fear,0.8238359094871912,V21_CORRECT_V22_WRONG,True,True,True,False
private,556,6,Neutral,6,Neutral,0.9159987098299068,6,Neutral,0.9502080406034096,BOTH_CORRECT,False,True,True,False
private,557,6,Neutral,6,Neutral,0.8750206264298552,6,Neutral,0.8803925768623677,BOTH_CORRECT,False,True,True,False
private,558,6,Neutral,4,Sad,0.6830153400128901,4,Sad,0.5640999161513569,BOTH_WRONG,False,True,True,False
private,559,3,Happy,3,Happy,0.7457659323725346,2,Fear,0.47345616033602994,V21_CORRECT_V22_WRONG,True,True,True,False
private,560,0,Angry,0,Angry,0.9619942189266955,0,Angry,0.9606357974154692,BOTH_CORRECT,False,False,False,True
private,561,4,Sad,3,Happy,0.8718686081314004,3,Happy,0.9589515667907356,BOTH_WRONG,False,True,True,False
private,562,3,Happy,3,Happy,0.3995379368854954,3,Happy,0.9646864688967783,BOTH_CORRECT,False,True,True,False
private,563,4,Sad,0,Angry,0.5667303095426742,4,Sad,0.9425437404803434,V22_CORRECT_V21_WRONG,True,True,True,False
private,564,3,Happy,3,Happy,0.7467586222967915,6,Neutral,0.9149074591941717,V21_CORRECT_V22_WRONG,True,True,True,False
private,565,2,Fear,0,Angry,0.6368838870827744,0,Angry,0.7087421814559678,BOTH_WRONG,False,True,True,False
private,566,3,Happy,3,Happy,0.9554967512226059,3,Happy,0.9596825021750277,BOTH_CORRECT,False,True,True,False
private,567,0,Angry,0,Angry,0.9623797262515096,0,Angry,0.9253075239762443,BOTH_CORRECT,False,False,False,True
private,568,5,Surprise,2,Fear,0.7432752235239638,2,Fear,0.9352488566689047,BOTH_WRONG,False,True,True,False
private,569,5,Surprise,0,Angry,0.6615536016769001,5,Surprise,0.6959479761074128,V22_CORRECT_V21_WRONG,True,True,True,False
private,570,3,Happy,3,Happy,0.9494015606429219,3,Happy,0.9477512340831578,BOTH_CORRECT,False,True,True,False
private,571,4,Sad,4,Sad,0.6973881491472417,4,Sad,0.5514028314234589,BOTH_CORRECT,False,True,True,False
private,572,6,Neutral,6,Neutral,0.31370713656897825,6,Neutral,0.956180872370194,BOTH_CORRECT,False,True,True,False
private,573,4,Sad,0,Angry,0.4119242394468279,0,Angry,0.6581660559772492,BOTH_WRONG,False,True,True,False
private,574,0,Angry,6,Neutral,0.8863165571284504,4,Sad,0.9502245427550733,BOTH_WRONG,False,True,True,False
private,575,0,Angry,0,Angry,0.9607787568297025,0,Angry,0.960569554796844,BOTH_CORRECT,False,True,True,False
private,576,6,Neutral,6,Neutral,0.460244998084074,6,Neutral,0.8190309970848576,BOTH_CORRECT,False,True,True,False
private,577,5,Surprise,5,Surprise,0.9448336980964089,2,Fear,0.5376520207976355,V21_CORRECT_V22_WRONG,True,True,True,False
private,578,2,Fear,2,Fear,0.8176300580453681,0,Angry,0.7233139392110439,V21_CORRECT_V22_WRONG,True,True,True,False
private,579,2,Fear,2,Fear,0.6906635507011138,4,Sad,0.8326637275669284,V21_CORRECT_V22_WRONG,True,True,True,False
private,580,5,Surprise,5,Surprise,0.951543140703425,5,Surprise,0.9560442350097357,BOTH_CORRECT,False,True,True,False
private,581,2,Fear,2,Fear,0.9186793986546252,2,Fear,0.91149072610769,BOTH_CORRECT,False,True,True,False
private,582,0,Angry,0,Angry,0.8723024557705001,0,Angry,0.8357598108892146,BOTH_CORRECT,False,True,True,False
private,583,0,Angry,0,Angry,0.9558029818565021,0,Angry,0.9547989992855402,BOTH_CORRECT,False,True,True,False
private,584,3,Happy,3,Happy,0.9523093953042213,3,Happy,0.9546759756425417,BOTH_CORRECT,False,True,True,False
private,585,3,Happy,3,Happy,0.9438363255773633,3,Happy,0.944618831655553,BOTH_CORRECT,False,True,True,False
private,586,5,Surprise,5,Surprise,0.9392860380463458,5,Surprise,0.945900459768053,BOTH_CORRECT,False,True,True,False
private,587,2,Fear,2,Fear,0.9354797930283564,2,Fear,0.9400043331782592,BOTH_CORRECT,False,False,False,True
private,588,3,Happy,3,Happy,0.5838832437099045,3,Happy,0.9619141895829614,BOTH_CORRECT,False,True,True,False
private,589,3,Happy,3,Happy,0.9508742672054432,3,Happy,0.949375143418752,BOTH_CORRECT,False,True,True,False
private,590,4,Sad,4,Sad,0.9091016468965404,4,Sad,0.8384434854757525,BOTH_CORRECT,False,True,True,False
private,591,2,Fear,0,Angry,0.9572836435586218,0,Angry,0.9621396714887557,BOTH_WRONG,False,True,True,False
private,592,6,Neutral,6,Neutral,0.9540183121515274,6,Neutral,0.9400602875066901,BOTH_CORRECT,False,True,True,False
private,593,3,Happy,3,Happy,0.9600943994160213,3,Happy,0.9607843924110663,BOTH_CORRECT,False,True,True,False
private,594,3,Happy,3,Happy,0.8472760793231993,3,Happy,0.9475136154270202,BOTH_CORRECT,False,True,True,False
private,595,4,Sad,6,Neutral,0.5923501307029715,3,Happy,0.7086638365942765,BOTH_WRONG,False,True,True,False
private,596,5,Surprise,3,Happy,0.9443735987873108,3,Happy,0.9473259791688657,BOTH_WRONG,False,True,True,False
private,597,6,Neutral,6,Neutral,0.5440583079755564,4,Sad,0.9623362359667249,V21_CORRECT_V22_WRONG,True,True,True,False
private,598,3,Happy,3,Happy,0.858990738079557,3,Happy,0.9359611115362098,BOTH_CORRECT,False,True,True,False
private,599,3,Happy,3,Happy,0.9603925485113931,3,Happy,0.9510888104912767,BOTH_CORRECT,False,True,True,False
private,600,4,Sad,3,Happy,0.8931848020656257,4,Sad,0.4531747350108856,V22_CORRECT_V21_WRONG,True,True,True,False
private,601,3,Happy,3,Happy,0.9531111992546966,3,Happy,0.948579630666659,BOTH_CORRECT,False,True,True,False
private,602,6,Neutral,6,Neutral,0.893242749671647,6,Neutral,0.9094545689396697,BOTH_CORRECT,False,True,True,False
private,603,4,Sad,4,Sad,0.9345901074599281,4,Sad,0.9570666009687767,BOTH_CORRECT,False,True,True,False
private,604,3,Happy,3,Happy,0.9519733829322862,3,Happy,0.9483175504928596,BOTH_CORRECT,False,True,True,False
private,605,4,Sad,6,Neutral,0.854074831169677,4,Sad,0.6599712696473721,V22_CORRECT_V21_WRONG,True,True,True,False
private,606,3,Happy,3,Happy,0.948829082760472,3,Happy,0.9461194856520265,BOTH_CORRECT,False,False,False,True
private,607,6,Neutral,2,Fear,0.6302278695914711,2,Fear,0.9232784649136081,BOTH_WRONG,False,True,True,False
private,608,0,Angry,0,Angry,0.9607521031044218,0,Angry,0.9573344767057692,BOTH_CORRECT,False,True,True,False
private,609,0,Angry,0,Angry,0.7482786628750365,3,Happy,0.9326958123836505,V21_CORRECT_V22_WRONG,True,True,True,False
private,610,4,Sad,2,Fear,0.5118610650791091,4,Sad,0.9148836351593562,V22_CORRECT_V21_WRONG,True,True,True,False
private,611,6,Neutral,3,Happy,0.9393629254875469,3,Happy,0.804667261181382,BOTH_WRONG,False,True,True,False
private,612,0,Angry,0,Angry,0.8540130064352247,0,Angry,0.9553444180036981,BOTH_CORRECT,False,True,True,False
private,613,4,Sad,4,Sad,0.5657754728922014,3,Happy,0.9192535286129445,V21_CORRECT_V22_WRONG,True,True,True,False
private,614,1,Disgust,1,Disgust,0.9660025220257507,1,Disgust,0.9628892408213033,BOTH_CORRECT,False,False,False,True
private,615,3,Happy,3,Happy,0.9574840826303874,3,Happy,0.9538577336393644,BOTH_CORRECT,False,True,True,False
private,616,6,Neutral,0,Angry,0.5445136942134282,4,Sad,0.8844882003873572,BOTH_WRONG,False,True,False,False
private,617,0,Angry,6,Neutral,0.8611917267454404,4,Sad,0.9198447109858631,BOTH_WRONG,False,True,True,False
private,618,0,Angry,0,Angry,0.815132683952657,0,Angry,0.8046234032959951,BOTH_CORRECT,False,True,True,False
private,619,3,Happy,3,Happy,0.954338652451044,3,Happy,0.9498206233201298,BOTH_CORRECT,False,True,True,False
private,620,5,Surprise,5,Surprise,0.9558450180627471,5,Surprise,0.9253679223255239,BOTH_CORRECT,False,True,True,False
private,621,3,Happy,3,Happy,0.9209021460810722,3,Happy,0.765758857214924,BOTH_CORRECT,False,True,True,False
private,622,4,Sad,3,Happy,0.9059974990360266,3,Happy,0.9431316401743449,BOTH_WRONG,False,True,True,False
private,623,4,Sad,6,Neutral,0.8270601879027984,6,Neutral,0.9416335214624777,BOTH_WRONG,False,True,True,False
private,624,5,Surprise,4,Sad,0.597123086812358,4,Sad,0.27930467208929083,BOTH_WRONG,False,True,True,False
private,625,1,Disgust,1,Disgust,0.9662941298419827,1,Disgust,0.9643258978731051,BOTH_CORRECT,False,False,False,True
private,626,5,Surprise,5,Surprise,0.9603397936793421,5,Surprise,0.9590397355903182,BOTH_CORRECT,False,False,False,True
private,627,5,Surprise,5,Surprise,0.93626336876902,5,Surprise,0.953879248748939,BOTH_CORRECT,False,False,False,True
private,628,4,Sad,2,Fear,0.5160777900630024,4,Sad,0.938606139705221,V22_CORRECT_V21_WRONG,True,True,True,False
private,629,4,Sad,0,Angry,0.6324654533815003,0,Angry,0.542670509918875,BOTH_WRONG,False,True,True,False
private,630,4,Sad,2,Fear,0.6750370328523293,4,Sad,0.708265152090839,V22_CORRECT_V21_WRONG,True,True,False,False
private,631,2,Fear,2,Fear,0.8714466813574068,2,Fear,0.9423924917757673,BOTH_CORRECT,False,False,False,True
private,632,3,Happy,3,Happy,0.9490534088251213,4,Sad,0.6116976197150812,V21_CORRECT_V22_WRONG,True,True,True,False
private,633,2,Fear,2,Fear,0.5169555252989919,2,Fear,0.54730142932145,BOTH_CORRECT,False,True,True,False
private,634,4,Sad,4,Sad,0.9437780616156403,4,Sad,0.9592694570256124,BOTH_CORRECT,False,True,True,False
private,635,2,Fear,0,Angry,0.7370438630821569,2,Fear,0.6292461539860612,V22_CORRECT_V21_WRONG,True,True,True,False
private,636,0,Angry,2,Fear,0.9629451197091318,0,Angry,0.9668298147478204,V22_CORRECT_V21_WRONG,True,True,True,False
private,637,6,Neutral,6,Neutral,0.7635295496315768,6,Neutral,0.805901021794934,BOTH_CORRECT,False,True,True,False
private,638,3,Happy,3,Happy,0.7198116601594539,4,Sad,0.603970762027984,V21_CORRECT_V22_WRONG,True,True,True,False
private,639,4,Sad,4,Sad,0.6376960490852857,4,Sad,0.7578220952545132,BOTH_CORRECT,False,True,True,False
private,640,0,Angry,0,Angry,0.7324499916078471,0,Angry,0.9496615650596828,BOTH_CORRECT,False,True,True,False
private,641,6,Neutral,6,Neutral,0.8916343009435467,6,Neutral,0.9523477695598866,BOTH_CORRECT,False,True,True,False
private,642,2,Fear,5,Surprise,0.48235816931197606,2,Fear,0.8747999718745284,V22_CORRECT_V21_WRONG,True,True,True,False
private,643,2,Fear,6,Neutral,0.7579534648880066,6,Neutral,0.8724706741775629,BOTH_WRONG,False,True,True,False
private,644,3,Happy,3,Happy,0.6795718792713608,3,Happy,0.9113137273808886,BOTH_CORRECT,False,True,True,False
private,645,5,Surprise,5,Surprise,0.9558279356451038,5,Surprise,0.9442591287816846,BOTH_CORRECT,False,True,True,False
private,646,3,Happy,4,Sad,0.5151382627685493,0,Angry,0.46401759631605116,BOTH_WRONG,False,True,True,False
private,647,0,Angry,6,Neutral,0.862958927753891,4,Sad,0.819332366558682,BOTH_WRONG,False,True,True,False
private,648,2,Fear,2,Fear,0.9586646206187011,2,Fear,0.9466529151947755,BOTH_CORRECT,False,False,False,True
private,649,6,Neutral,2,Fear,0.9215200193749953,3,Happy,0.9472739421838466,BOTH_WRONG,False,True,True,False
private,650,5,Surprise,5,Surprise,0.958900302306504,5,Surprise,0.8344112513458953,BOTH_CORRECT,False,True,True,False
private,651,5,Surprise,5,Surprise,0.896922788313354,5,Surprise,0.8687757491796138,BOTH_CORRECT,False,True,True,False
private,652,3,Happy,3,Happy,0.9379764124859317,3,Happy,0.9508151517416467,BOTH_CORRECT,False,True,True,False
private,653,6,Neutral,4,Sad,0.8449789563883142,4,Sad,0.9648951756780723,BOTH_WRONG,False,True,True,False
private,654,3,Happy,3,Happy,0.9534345030245405,3,Happy,0.9569635267796434,BOTH_CORRECT,False,True,True,False
private,655,3,Happy,3,Happy,0.9524366581899366,3,Happy,0.9532687682128407,BOTH_CORRECT,False,True,True,False
private,656,2,Fear,4,Sad,0.7610408699382579,4,Sad,0.4906670254260442,BOTH_WRONG,False,True,True,False
private,657,3,Happy,3,Happy,0.9497108139490497,3,Happy,0.9493577945171122,BOTH_CORRECT,False,True,True,False
private,658,4,Sad,4,Sad,0.5335982775843924,4,Sad,0.6362873972170109,BOTH_CORRECT,False,True,True,False
private,659,6,Neutral,0,Angry,0.7404257466102496,6,Neutral,0.7797593194314367,V22_CORRECT_V21_WRONG,True,True,True,False
private,660,3,Happy,3,Happy,0.8865201425936354,3,Happy,0.959028056446922,BOTH_CORRECT,False,True,True,False
private,661,0,Angry,3,Happy,0.9279228503970951,3,Happy,0.8782595499405885,BOTH_WRONG,False,True,True,False
private,662,0,Angry,0,Angry,0.786834966056412,0,Angry,0.9010573112152129,BOTH_CORRECT,False,True,True,False
private,663,4,Sad,2,Fear,0.630965916207066,4,Sad,0.9661974312187869,V22_CORRECT_V21_WRONG,True,True,True,False
private,664,0,Angry,0,Angry,0.7318922509755456,0,Angry,0.9257571706800455,BOTH_CORRECT,False,True,True,False
private,665,5,Surprise,3,Happy,0.9085694280352239,0,Angry,0.7051894611920876,BOTH_WRONG,False,True,True,False
private,666,4,Sad,4,Sad,0.8091608106049862,0,Angry,0.39529738108902995,V21_CORRECT_V22_WRONG,True,True,True,False
private,667,6,Neutral,4,Sad,0.9459120872875193,4,Sad,0.9476248919426328,BOTH_WRONG,False,True,True,False
private,668,4,Sad,4,Sad,0.8477778108266302,4,Sad,0.8045336692021336,BOTH_CORRECT,False,True,True,False
private,669,3,Happy,3,Happy,0.9555067049103327,3,Happy,0.9578621189379711,BOTH_CORRECT,False,True,True,False
private,670,5,Surprise,5,Surprise,0.9593005587478435,5,Surprise,0.9476023337093612,BOTH_CORRECT,False,True,True,False
private,671,4,Sad,4,Sad,0.7725699875672969,4,Sad,0.7312969027724151,BOTH_CORRECT,False,True,True,False
private,672,6,Neutral,4,Sad,0.819895378122199,4,Sad,0.66426100159788,BOTH_WRONG,False,True,True,False
private,673,3,Happy,3,Happy,0.9580543842836038,3,Happy,0.9637137213659207,BOTH_CORRECT,False,True,True,False
private,674,6,Neutral,6,Neutral,0.8707704430097292,6,Neutral,0.9550070822283013,BOTH_CORRECT,False,True,True,False
private,675,3,Happy,3,Happy,0.9583723369792193,3,Happy,0.9553841347229649,BOTH_CORRECT,False,True,True,False
private,676,0,Angry,4,Sad,0.8247161302200222,4,Sad,0.6435784193748249,BOTH_WRONG,False,True,True,False
private,677,3,Happy,3,Happy,0.9415446584506072,3,Happy,0.9477205110299618,BOTH_CORRECT,False,True,True,False
private,678,0,Angry,0,Angry,0.9211797078737494,0,Angry,0.7404416902234306,BOTH_CORRECT,False,True,True,False
private,679,4,Sad,4,Sad,0.9416698497218645,4,Sad,0.9368065636487736,BOTH_CORRECT,False,True,True,False
private,680,6,Neutral,0,Angry,0.668332377798555,4,Sad,0.6113284695918016,BOTH_WRONG,False,True,True,False
private,681,5,Surprise,5,Surprise,0.9210634742751381,5,Surprise,0.9551747673501867,BOTH_CORRECT,False,True,True,False
private,682,3,Happy,2,Fear,0.4021953443137129,2,Fear,0.401715526126632,BOTH_WRONG,False,True,True,False
private,683,0,Angry,0,Angry,0.954082359431934,0,Angry,0.95383299988103,BOTH_CORRECT,False,True,False,False
private,684,4,Sad,4,Sad,0.9454518621509734,4,Sad,0.9597588624401208,BOTH_CORRECT,False,True,True,False
private,685,3,Happy,3,Happy,0.9481402518687354,3,Happy,0.9436502529133638,BOTH_CORRECT,False,True,True,False
private,686,6,Neutral,2,Fear,0.4270758596534423,0,Angry,0.4331647842954115,BOTH_WRONG,False,True,True,False
private,687,5,Surprise,5,Surprise,0.9497675928112748,5,Surprise,0.9543673826781538,BOTH_CORRECT,False,False,False,True
private,688,2,Fear,2,Fear,0.5246985552878051,3,Happy,0.7847498568402451,V21_CORRECT_V22_WRONG,True,True,True,False
private,689,4,Sad,4,Sad,0.6277189462775284,0,Angry,0.6063634895923632,V21_CORRECT_V22_WRONG,True,True,True,False
private,690,5,Surprise,5,Surprise,0.9567477543399594,5,Surprise,0.9599622017271638,BOTH_CORRECT,False,False,False,True
private,691,5,Surprise,5,Surprise,0.9257246448054185,5,Surprise,0.9311760159261381,BOTH_CORRECT,False,False,False,True
private,692,6,Neutral,0,Angry,0.8759280611174945,4,Sad,0.4646804761205635,BOTH_WRONG,False,True,True,False
private,693,2,Fear,2,Fear,0.9632253303961227,2,Fear,0.9597867487657127,BOTH_CORRECT,False,False,False,True
private,694,0,Angry,0,Angry,0.96095803813142,0,Angry,0.9350464572450775,BOTH_CORRECT,False,True,True,False
private,695,3,Happy,3,Happy,0.9508219419893562,3,Happy,0.951811680169541,BOTH_CORRECT,False,True,True,False
private,696,0,Angry,0,Angry,0.9650379729470857,0,Angry,0.9584718804625239,BOTH_CORRECT,False,False,False,True
private,697,6,Neutral,3,Happy,0.9118544040819186,3,Happy,0.9408870882055111,BOTH_WRONG,False,True,True,False
private,698,2,Fear,2,Fear,0.5156508429576843,2,Fear,0.731226577664278,BOTH_CORRECT,False,True,True,False
private,699,3,Happy,3,Happy,0.9257752380901398,3,Happy,0.9503720524007732,BOTH_CORRECT,False,True,True,False
private,700,3,Happy,3,Happy,0.949007887801404,3,Happy,0.9418736380071707,BOTH_CORRECT,False,True,True,False
private,701,5,Surprise,5,Surprise,0.5383870244779676,5,Surprise,0.862540115990877,BOTH_CORRECT,False,True,True,False
private,702,2,Fear,2,Fear,0.9599665235680334,2,Fear,0.96245177757645,BOTH_CORRECT,False,True,True,False
private,703,3,Happy,3,Happy,0.9602934910150491,3,Happy,0.9506088270263918,BOTH_CORRECT,False,True,True,False
private,704,2,Fear,2,Fear,0.6783979212358221,0,Angry,0.8254880877879902,V21_CORRECT_V22_WRONG,True,True,True,False
private,705,3,Happy,3,Happy,0.8508372915280689,3,Happy,0.9591461693905331,BOTH_CORRECT,False,True,True,False
private,706,1,Disgust,1,Disgust,0.9764755022006731,1,Disgust,0.9707667396453431,BOTH_CORRECT,False,False,False,True
private,707,6,Neutral,3,Happy,0.9526213136191559,0,Angry,0.9079070282499002,BOTH_WRONG,False,True,True,False
private,708,3,Happy,3,Happy,0.9488473358301048,3,Happy,0.9550576549187552,BOTH_CORRECT,False,True,True,False
private,709,2,Fear,2,Fear,0.7732520580662245,4,Sad,0.7080935811796897,V21_CORRECT_V22_WRONG,True,True,True,False
private,710,3,Happy,0,Angry,0.8861361141344509,5,Surprise,0.8137422015801893,BOTH_WRONG,False,True,True,False
private,711,3,Happy,3,Happy,0.9521520728275362,3,Happy,0.9461783032987658,BOTH_CORRECT,False,True,True,False
private,712,3,Happy,0,Angry,0.5898062184834066,2,Fear,0.9177743124469835,BOTH_WRONG,False,True,True,False
private,713,6,Neutral,6,Neutral,0.9512195707270797,6,Neutral,0.9636471711207717,BOTH_CORRECT,False,True,True,False
private,714,6,Neutral,6,Neutral,0.9462340794533801,6,Neutral,0.9534119288632765,BOTH_CORRECT,False,True,True,False
private,715,6,Neutral,6,Neutral,0.8226506447542873,6,Neutral,0.7012208499823326,BOTH_CORRECT,False,True,True,False
private,716,2,Fear,2,Fear,0.6690393164324806,6,Neutral,0.8420138691355817,V21_CORRECT_V22_WRONG,True,True,True,False
private,717,0,Angry,0,Angry,0.9388197046694412,0,Angry,0.9390751408840333,BOTH_CORRECT,False,True,True,False
private,718,3,Happy,6,Neutral,0.9356601706422247,3,Happy,0.9624246469779221,V22_CORRECT_V21_WRONG,True,True,True,False
private,719,3,Happy,3,Happy,0.952295198362857,3,Happy,0.9524766346080161,BOTH_CORRECT,False,True,True,False
private,720,6,Neutral,2,Fear,0.7027338589729589,6,Neutral,0.8828089572347169,V22_CORRECT_V21_WRONG,True,True,True,False
private,721,4,Sad,2,Fear,0.37929625726248584,0,Angry,0.4323849158849354,BOTH_WRONG,False,True,True,False
private,722,4,Sad,4,Sad,0.44976550756608213,6,Neutral,0.8243594921258668,V21_CORRECT_V22_WRONG,True,True,False,False
private,723,5,Surprise,2,Fear,0.5389482617576101,5,Surprise,0.8354121254626712,V22_CORRECT_V21_WRONG,True,True,True,False
private,724,6,Neutral,6,Neutral,0.9277887438649679,6,Neutral,0.9461060605395808,BOTH_CORRECT,False,True,True,False
private,725,3,Happy,4,Sad,0.3288874471195223,6,Neutral,0.8585260473654504,BOTH_WRONG,False,True,True,False
private,726,3,Happy,3,Happy,0.9035960048950333,3,Happy,0.9277895636336131,BOTH_CORRECT,False,True,True,False
private,727,5,Surprise,5,Surprise,0.8880695616150943,5,Surprise,0.9539199670872889,BOTH_CORRECT,False,True,True,False
private,728,2,Fear,4,Sad,0.7187635275426685,4,Sad,0.881664072498113,BOTH_WRONG,False,True,True,False
private,729,5,Surprise,5,Surprise,0.9555239244206003,5,Surprise,0.9592101901197988,BOTH_CORRECT,False,True,True,False
private,730,2,Fear,4,Sad,0.9393483196296827,3,Happy,0.7855835753873917,BOTH_WRONG,False,True,True,False
private,731,3,Happy,3,Happy,0.9590560176607922,3,Happy,0.9546789802134584,BOTH_CORRECT,False,True,True,False
private,732,3,Happy,3,Happy,0.9527193931753631,3,Happy,0.9439355290827556,BOTH_CORRECT,False,True,True,False
private,733,6,Neutral,6,Neutral,0.9576187916728989,6,Neutral,0.7801907069206667,BOTH_CORRECT,False,True,True,False
private,734,3,Happy,3,Happy,0.5434760577599508,3,Happy,0.93612674747928,BOTH_CORRECT,False,True,True,False
private,735,4,Sad,4,Sad,0.8805973770845142,4,Sad,0.6162639283621223,BOTH_CORRECT,False,True,True,False
private,736,0,Angry,0,Angry,0.9638924084320157,0,Angry,0.9591374703014256,BOTH_CORRECT,False,True,True,False
private,737,2,Fear,0,Angry,0.6625877914290444,0,Angry,0.6376333144969096,BOTH_WRONG,False,True,True,False
private,738,0,Angry,0,Angry,0.7521684146182882,4,Sad,0.6496702699488197,V21_CORRECT_V22_WRONG,True,True,True,False
private,739,4,Sad,6,Neutral,0.9369129807454787,6,Neutral,0.9448165278950292,BOTH_WRONG,False,True,True,False
private,740,6,Neutral,6,Neutral,0.956722842145617,6,Neutral,0.9410577859298966,BOTH_CORRECT,False,True,True,False
private,741,5,Surprise,5,Surprise,0.6340620560141618,2,Fear,0.9491475113975432,V21_CORRECT_V22_WRONG,True,True,True,False
private,742,0,Angry,4,Sad,0.4942769959152903,0,Angry,0.9324456871682254,V22_CORRECT_V21_WRONG,True,True,True,False
private,743,6,Neutral,3,Happy,0.925911754091665,3,Happy,0.9429055659360751,BOTH_WRONG,False,True,True,False
private,744,5,Surprise,5,Surprise,0.9433345042988966,5,Surprise,0.9575414155090644,BOTH_CORRECT,False,False,False,True
private,745,3,Happy,3,Happy,0.9536385633409189,3,Happy,0.9513131017995365,BOTH_CORRECT,False,True,True,False
private,746,0,Angry,2,Fear,0.45508893062775324,0,Angry,0.8723969006225823,V22_CORRECT_V21_WRONG,True,True,False,False
private,747,2,Fear,2,Fear,0.9646312367169664,2,Fear,0.9639013463063696,BOTH_CORRECT,False,True,True,False
private,748,3,Happy,3,Happy,0.941577022834124,3,Happy,0.9440618439639591,BOTH_CORRECT,False,True,True,False
private,749,0,Angry,4,Sad,0.9467019613754613,4,Sad,0.8251768794777222,BOTH_WRONG,False,True,True,False
private,750,0,Angry,0,Angry,0.9443866550228166,0,Angry,0.9283130288820981,BOTH_CORRECT,False,True,True,False
private,751,6,Neutral,6,Neutral,0.9411377152481175,6,Neutral,0.9522571197233465,BOTH_CORRECT,False,True,True,False
private,752,6,Neutral,3,Happy,0.9549934443982934,3,Happy,0.43304220510904784,BOTH_WRONG,False,True,True,False
private,753,2,Fear,2,Fear,0.5645713658584018,2,Fear,0.9020986205564353,BOTH_CORRECT,False,True,True,False
private,754,6,Neutral,5,Surprise,0.9575922982224204,6,Neutral,0.9430427841451097,V22_CORRECT_V21_WRONG,True,True,True,False
private,755,4,Sad,4,Sad,0.43025744367106034,6,Neutral,0.8700834681731303,V21_CORRECT_V22_WRONG,True,True,True,False
private,756,0,Angry,0,Angry,0.864808952544697,4,Sad,0.8175544115107642,V21_CORRECT_V22_WRONG,True,True,True,False
private,757,5,Surprise,5,Surprise,0.9524501552032311,5,Surprise,0.9592202771584396,BOTH_CORRECT,False,True,True,False
private,758,4,Sad,4,Sad,0.8896766061122667,4,Sad,0.8329233418067901,BOTH_CORRECT,False,True,True,False
private,759,3,Happy,3,Happy,0.9459765079158806,3,Happy,0.9044825016804849,BOTH_CORRECT,False,True,True,False
private,760,6,Neutral,4,Sad,0.7879380141859686,4,Sad,0.45486590245250363,BOTH_WRONG,False,True,True,False
private,761,0,Angry,4,Sad,0.4611803945116944,4,Sad,0.43179593865136573,BOTH_WRONG,False,True,True,False
private,762,4,Sad,4,Sad,0.9092189506345145,4,Sad,0.9487502917934255,BOTH_CORRECT,False,True,True,False
private,763,6,Neutral,4,Sad,0.6821164325702356,4,Sad,0.8503502331748055,BOTH_WRONG,False,True,True,False
private,764,2,Fear,4,Sad,0.4356732869279817,0,Angry,0.9185199340336567,BOTH_WRONG,False,True,True,False
private,765,2,Fear,6,Neutral,0.7759241215297452,2,Fear,0.743015131358644,V22_CORRECT_V21_WRONG,True,True,True,False
private,766,0,Angry,0,Angry,0.9673244155016507,0,Angry,0.9665788152982383,BOTH_CORRECT,False,False,False,True
private,767,3,Happy,3,Happy,0.9632391544992007,3,Happy,0.9605748279942706,BOTH_CORRECT,False,True,True,False
private,768,3,Happy,4,Sad,0.3377939103467781,4,Sad,0.6914257655522731,BOTH_WRONG,False,True,True,False
private,769,5,Surprise,5,Surprise,0.9572745921470539,5,Surprise,0.9554419101076452,BOTH_CORRECT,False,True,True,False
private,770,3,Happy,3,Happy,0.9599312021405045,3,Happy,0.9572149560518302,BOTH_CORRECT,False,True,True,False
private,771,6,Neutral,6,Neutral,0.5080027501458058,6,Neutral,0.7077519702677432,BOTH_CORRECT,False,True,True,False
private,772,4,Sad,4,Sad,0.716812378470775,4,Sad,0.9298062636279216,BOTH_CORRECT,False,True,True,False
private,773,3,Happy,6,Neutral,0.843181527626392,3,Happy,0.9528903816828771,V22_CORRECT_V21_WRONG,True,True,True,False
private,774,5,Surprise,5,Surprise,0.9539435246815123,5,Surprise,0.955800600152193,BOTH_CORRECT,False,True,True,False
private,775,6,Neutral,6,Neutral,0.9104703934955605,2,Fear,0.800713676771014,V21_CORRECT_V22_WRONG,True,True,True,False
private,776,3,Happy,3,Happy,0.9552489754114524,3,Happy,0.9504990436284202,BOTH_CORRECT,False,True,True,False
private,777,4,Sad,4,Sad,0.939611895469763,4,Sad,0.9404515713378775,BOTH_CORRECT,False,True,True,False
private,778,4,Sad,6,Neutral,0.6738535740414522,6,Neutral,0.8824659160066373,BOTH_WRONG,False,True,True,False
private,779,2,Fear,6,Neutral,0.8059922597646669,0,Angry,0.5996441082582291,BOTH_WRONG,False,True,True,False
private,780,3,Happy,3,Happy,0.9551775303579958,3,Happy,0.9547529468153962,BOTH_CORRECT,False,True,True,False
private,781,5,Surprise,5,Surprise,0.9069733360467006,5,Surprise,0.5608121429750703,BOTH_CORRECT,False,True,True,False
private,782,2,Fear,2,Fear,0.9560423932807833,0,Angry,0.9073017553280749,V21_CORRECT_V22_WRONG,True,True,True,False
private,783,4,Sad,4,Sad,0.9221766878300179,4,Sad,0.960042194193246,BOTH_CORRECT,False,False,False,True
private,784,2,Fear,2,Fear,0.9113280301419381,2,Fear,0.9433919898332298,BOTH_CORRECT,False,True,True,False
private,785,2,Fear,1,Disgust,0.9542921173132106,0,Angry,0.6293741926065538,BOTH_WRONG,False,True,True,False
private,786,3,Happy,3,Happy,0.886728244011149,3,Happy,0.9118294932083574,BOTH_CORRECT,False,True,True,False
private,787,4,Sad,4,Sad,0.9449773576550244,4,Sad,0.4901182656333623,BOTH_CORRECT,False,True,True,False
private,788,4,Sad,4,Sad,0.9533309591594316,4,Sad,0.8499943952522558,BOTH_CORRECT,False,True,True,False
private,789,3,Happy,3,Happy,0.9492227329947974,3,Happy,0.9550343327513239,BOTH_CORRECT,False,True,True,False
private,790,0,Angry,4,Sad,0.4328489862724518,4,Sad,0.5937739500288234,BOTH_WRONG,False,True,True,False
private,791,4,Sad,4,Sad,0.6161414419873086,4,Sad,0.7099408492004914,BOTH_CORRECT,False,True,True,False
private,792,2,Fear,2,Fear,0.5926914959387376,5,Surprise,0.719720002296963,V21_CORRECT_V22_WRONG,True,True,True,False
private,793,3,Happy,3,Happy,0.86693024491511,3,Happy,0.9283035425689975,BOTH_CORRECT,False,True,True,False
private,794,3,Happy,3,Happy,0.9477343474010748,3,Happy,0.9392993437262229,BOTH_CORRECT,False,True,True,False
private,795,3,Happy,4,Sad,0.9593965572878835,4,Sad,0.9612775487733711,BOTH_WRONG,False,True,True,False
private,796,3,Happy,3,Happy,0.9556887319829254,3,Happy,0.9493853998492096,BOTH_CORRECT,False,True,True,False
private,797,5,Surprise,5,Surprise,0.9545580493548095,5,Surprise,0.9579799667057595,BOTH_CORRECT,False,False,False,True
private,798,6,Neutral,6,Neutral,0.955029249895145,2,Fear,0.8233380884751319,V21_CORRECT_V22_WRONG,True,True,True,False
private,799,2,Fear,2,Fear,0.9638908330292568,2,Fear,0.9503480952658676,BOTH_CORRECT,False,False,False,True
private,800,2,Fear,2,Fear,0.9622297366095957,2,Fear,0.9376675948412063,BOTH_CORRECT,False,True,True,False
private,801,3,Happy,3,Happy,0.928088534586226,3,Happy,0.9507574287021339,BOTH_CORRECT,False,True,True,False
private,802,6,Neutral,0,Angry,0.6343994743798623,6,Neutral,0.9226043715546494,V22_CORRECT_V21_WRONG,True,True,True,False
private,803,3,Happy,3,Happy,0.9489596742789954,3,Happy,0.9360713652459924,BOTH_CORRECT,False,True,True,False
private,804,3,Happy,3,Happy,0.9497272159778997,3,Happy,0.9481379914332395,BOTH_CORRECT,False,True,True,False
private,805,6,Neutral,6,Neutral,0.936034427861771,6,Neutral,0.949978635716612,BOTH_CORRECT,False,True,True,False
private,806,3,Happy,3,Happy,0.9580570569680381,3,Happy,0.9651231012732965,BOTH_CORRECT,False,True,True,False
private,807,0,Angry,0,Angry,0.9327776829716207,0,Angry,0.9495016155892505,BOTH_CORRECT,False,True,True,False
private,808,5,Surprise,5,Surprise,0.948872286703503,5,Surprise,0.9472886832077453,BOTH_CORRECT,False,True,True,False
private,809,3,Happy,3,Happy,0.7819813093572132,3,Happy,0.5483443102376243,BOTH_CORRECT,False,True,True,False
private,810,0,Angry,4,Sad,0.7791397392481694,3,Happy,0.6638113224865396,BOTH_WRONG,False,True,True,False
private,811,4,Sad,4,Sad,0.9443045261708406,4,Sad,0.7562510213928068,BOTH_CORRECT,False,True,True,False
private,812,6,Neutral,6,Neutral,0.9277749661187247,6,Neutral,0.9353478344050885,BOTH_CORRECT,False,True,True,False
private,813,2,Fear,2,Fear,0.8684462710672859,6,Neutral,0.915355942834103,V21_CORRECT_V22_WRONG,True,True,True,False
private,814,2,Fear,4,Sad,0.6524093186386067,2,Fear,0.7755505139303185,V22_CORRECT_V21_WRONG,True,False,False,True
private,815,2,Fear,2,Fear,0.7385874435360879,2,Fear,0.9284020337834762,BOTH_CORRECT,False,True,True,False
private,816,0,Angry,0,Angry,0.960121316175195,0,Angry,0.963056878743397,BOTH_CORRECT,False,True,True,False
private,817,2,Fear,1,Disgust,0.6487166658633169,2,Fear,0.9127627457705776,V22_CORRECT_V21_WRONG,True,True,True,False
private,818,3,Happy,3,Happy,0.9495011468932937,3,Happy,0.952945621315248,BOTH_CORRECT,False,True,True,False
private,819,2,Fear,0,Angry,0.8660491376579342,0,Angry,0.8893461499910187,BOTH_WRONG,False,True,True,False
private,820,5,Surprise,3,Happy,0.848864926157756,0,Angry,0.9113902348517379,BOTH_WRONG,False,True,True,False
private,821,3,Happy,3,Happy,0.7502691409316221,0,Angry,0.9310488156841525,V21_CORRECT_V22_WRONG,True,True,True,False
private,822,0,Angry,0,Angry,0.4336620937871178,0,Angry,0.4975420682543911,BOTH_CORRECT,False,True,True,False
private,823,6,Neutral,6,Neutral,0.9403835615891142,6,Neutral,0.9492855383504203,BOTH_CORRECT,False,True,True,False
private,824,3,Happy,3,Happy,0.9481457912266175,3,Happy,0.9635804625413242,BOTH_CORRECT,False,True,True,False
private,825,3,Happy,3,Happy,0.9421960694136879,3,Happy,0.9591338195086189,BOTH_CORRECT,False,True,True,False
private,826,6,Neutral,6,Neutral,0.7039218467531936,6,Neutral,0.9224898470650312,BOTH_CORRECT,False,True,True,False
private,827,3,Happy,0,Angry,0.6167605904930776,3,Happy,0.9550547344376445,V22_CORRECT_V21_WRONG,True,True,True,False
private,828,3,Happy,3,Happy,0.4458956730768763,3,Happy,0.825562040928188,BOTH_CORRECT,False,True,True,False
private,829,0,Angry,6,Neutral,0.4615242061203874,0,Angry,0.8215505793332031,V22_CORRECT_V21_WRONG,True,True,True,False
private,830,2,Fear,2,Fear,0.6254855222243255,2,Fear,0.8588670303240503,BOTH_CORRECT,False,False,False,True
private,831,0,Angry,2,Fear,0.5819459549260184,2,Fear,0.8437738649182317,BOTH_WRONG,False,True,True,False
private,832,6,Neutral,6,Neutral,0.4967237629892874,6,Neutral,0.7920696939796801,BOTH_CORRECT,False,True,True,False
private,833,0,Angry,2,Fear,0.9275750868733815,2,Fear,0.8840207307222937,BOTH_WRONG,False,True,True,False
private,834,6,Neutral,6,Neutral,0.8366441919895898,6,Neutral,0.9266326514223672,BOTH_CORRECT,False,True,True,False
private,835,6,Neutral,3,Happy,0.49762497208210266,6,Neutral,0.9542561883687682,V22_CORRECT_V21_WRONG,True,True,True,False
private,836,3,Happy,6,Neutral,0.7792121459964307,3,Happy,0.908005903210648,V22_CORRECT_V21_WRONG,True,True,True,False
private,837,3,Happy,3,Happy,0.939857042709434,3,Happy,0.9370192095107186,BOTH_CORRECT,False,True,True,False
private,838,2,Fear,2,Fear,0.40800409393784826,4,Sad,0.8445989320134558,V21_CORRECT_V22_WRONG,True,True,True,False
private,839,0,Angry,6,Neutral,0.49714912296206876,4,Sad,0.6615744601439832,BOTH_WRONG,False,True,True,False
private,840,3,Happy,3,Happy,0.9655021733139493,3,Happy,0.9483279544391832,BOTH_CORRECT,False,True,True,False
private,841,2,Fear,0,Angry,0.6483701417309082,3,Happy,0.5527066762510845,BOTH_WRONG,False,True,True,False
private,842,6,Neutral,6,Neutral,0.6808803152387678,6,Neutral,0.7488787370194054,BOTH_CORRECT,False,True,True,False
private,843,4,Sad,3,Happy,0.8265012261803644,6,Neutral,0.8249251277470587,BOTH_WRONG,False,True,True,False
private,844,5,Surprise,5,Surprise,0.9608780960684703,5,Surprise,0.9639959225226429,BOTH_CORRECT,False,True,True,False
private,845,5,Surprise,5,Surprise,0.9334481117129291,5,Surprise,0.9473446640248046,BOTH_CORRECT,False,False,False,True
private,846,3,Happy,3,Happy,0.9440233012187469,3,Happy,0.8857646975766768,BOTH_CORRECT,False,True,True,False
private,847,4,Sad,4,Sad,0.9462144049657101,4,Sad,0.9230903669138081,BOTH_CORRECT,False,True,True,False
private,848,3,Happy,4,Sad,0.8923627844020976,3,Happy,0.6480563133564471,V22_CORRECT_V21_WRONG,True,True,True,False
private,849,5,Surprise,5,Surprise,0.9468559037692936,2,Fear,0.9647465553151227,V21_CORRECT_V22_WRONG,True,True,True,False
private,850,0,Angry,6,Neutral,0.9208344146881546,6,Neutral,0.8835742668054125,BOTH_WRONG,False,True,True,False
private,851,2,Fear,4,Sad,0.9154245510951803,4,Sad,0.9507631718214138,BOTH_WRONG,False,True,False,False
private,852,6,Neutral,6,Neutral,0.9228069307982553,6,Neutral,0.8474615205513603,BOTH_CORRECT,False,True,True,False
private,853,3,Happy,3,Happy,0.9550884348742237,3,Happy,0.9351983924680775,BOTH_CORRECT,False,True,True,False
private,854,4,Sad,4,Sad,0.5993377445355977,6,Neutral,0.9004261328019367,V21_CORRECT_V22_WRONG,True,True,True,False
private,855,3,Happy,3,Happy,0.9150164358478321,3,Happy,0.936761394408733,BOTH_CORRECT,False,True,True,False
private,856,6,Neutral,4,Sad,0.6578151876643944,4,Sad,0.9538593213955671,BOTH_WRONG,False,True,True,False
private,857,6,Neutral,4,Sad,0.945137262761321,4,Sad,0.9432282876000828,BOTH_WRONG,False,True,True,False
private,858,2,Fear,2,Fear,0.8531815920388415,2,Fear,0.9208779614327552,BOTH_CORRECT,False,True,True,False
private,859,4,Sad,0,Angry,0.7085045504980805,3,Happy,0.8077954288675502,BOTH_WRONG,False,True,True,False
private,860,5,Surprise,5,Surprise,0.6950115103677451,2,Fear,0.711914222268518,V21_CORRECT_V22_WRONG,True,True,False,False
private,861,6,Neutral,6,Neutral,0.3197924395975623,4,Sad,0.7652113850192672,V21_CORRECT_V22_WRONG,True,True,True,False
private,862,0,Angry,2,Fear,0.9435071269603555,2,Fear,0.7919778655684097,BOTH_WRONG,False,True,True,False
private,863,3,Happy,3,Happy,0.5282408466520665,3,Happy,0.8883043258247884,BOTH_CORRECT,False,True,True,False
private,864,0,Angry,2,Fear,0.893780512762362,2,Fear,0.9387886445785744,BOTH_WRONG,False,True,True,False
private,865,6,Neutral,4,Sad,0.861053786855022,0,Angry,0.7651713877182069,BOTH_WRONG,False,True,True,False
private,866,3,Happy,3,Happy,0.9576796249716715,3,Happy,0.9588611572050116,BOTH_CORRECT,False,True,True,False
private,867,2,Fear,4,Sad,0.5547861591123996,2,Fear,0.7311800896720282,V22_CORRECT_V21_WRONG,True,True,True,False
private,868,3,Happy,3,Happy,0.9598349868491864,3,Happy,0.9579028142872245,BOTH_CORRECT,False,True,True,False
private,869,3,Happy,3,Happy,0.9459573837650609,3,Happy,0.9513162980886576,BOTH_CORRECT,False,True,True,False
private,870,3,Happy,3,Happy,0.949339473627824,3,Happy,0.9515241876882737,BOTH_CORRECT,False,True,True,False
private,871,2,Fear,2,Fear,0.961230385068488,2,Fear,0.9601070650506697,BOTH_CORRECT,False,True,True,False
private,872,0,Angry,0,Angry,0.9534914230620247,5,Surprise,0.613298089670941,V21_CORRECT_V22_WRONG,True,True,True,False
private,873,5,Surprise,5,Surprise,0.9151429784291022,5,Surprise,0.9101758284018976,BOTH_CORRECT,False,True,True,False
private,874,6,Neutral,2,Fear,0.38512605660390614,2,Fear,0.9449071961337027,BOTH_WRONG,False,True,True,False
private,875,5,Surprise,2,Fear,0.6386088249416174,2,Fear,0.8814178301294106,BOTH_WRONG,False,True,True,False
private,876,3,Happy,3,Happy,0.5441849196373181,3,Happy,0.5505239322068225,BOTH_CORRECT,False,True,True,False
private,877,3,Happy,3,Happy,0.9477186583898819,3,Happy,0.9268136767221069,BOTH_CORRECT,False,True,True,False
private,878,3,Happy,3,Happy,0.7085950618060939,4,Sad,0.33107855398773983,V21_CORRECT_V22_WRONG,True,True,True,False
private,879,5,Surprise,5,Surprise,0.9496737837295758,5,Surprise,0.9646714958259911,BOTH_CORRECT,False,True,True,False
private,880,6,Neutral,4,Sad,0.8349269423537387,4,Sad,0.7994215033191119,BOTH_WRONG,False,True,True,False
private,881,4,Sad,4,Sad,0.9574375064244711,4,Sad,0.9317838328131449,BOTH_CORRECT,False,True,True,False
private,882,5,Surprise,2,Fear,0.6189247714424368,2,Fear,0.5809301356480101,BOTH_WRONG,False,True,True,False
private,883,4,Sad,4,Sad,0.7370117273235156,4,Sad,0.9275026362341462,BOTH_CORRECT,False,True,True,False
private,884,6,Neutral,4,Sad,0.5824401388212161,6,Neutral,0.8376224341368309,V22_CORRECT_V21_WRONG,True,True,True,False
private,885,2,Fear,5,Surprise,0.9163205454301812,5,Surprise,0.9577171322303812,BOTH_WRONG,False,True,True,False
private,886,2,Fear,2,Fear,0.5367207325994628,2,Fear,0.9610937307929851,BOTH_CORRECT,False,True,True,False
private,887,0,Angry,6,Neutral,0.9381723651863672,6,Neutral,0.894459489087597,BOTH_WRONG,False,True,True,False
private,888,6,Neutral,6,Neutral,0.9176342333800758,6,Neutral,0.9409388142550176,BOTH_CORRECT,False,True,True,False
private,889,0,Angry,6,Neutral,0.9478223857178473,6,Neutral,0.7927613473748731,BOTH_WRONG,False,False,False,False
private,890,3,Happy,3,Happy,0.947922653908455,3,Happy,0.9485168746861216,BOTH_CORRECT,False,True,True,False
private,891,5,Surprise,5,Surprise,0.893090358810294,5,Surprise,0.9499267808162775,BOTH_CORRECT,False,True,True,False
private,892,0,Angry,2,Fear,0.7290464140110875,0,Angry,0.9145414953695412,V22_CORRECT_V21_WRONG,True,True,True,False
private,893,2,Fear,4,Sad,0.7459756542035243,2,Fear,0.8797078550773215,V22_CORRECT_V21_WRONG,True,True,True,False
private,894,2,Fear,5,Surprise,0.9580293801531267,5,Surprise,0.9570973839160137,BOTH_WRONG,False,True,True,False
private,895,4,Sad,6,Neutral,0.5357522170196956,0,Angry,0.7447469092458604,BOTH_WRONG,False,True,True,False
private,896,3,Happy,3,Happy,0.9558240714194243,3,Happy,0.9548330068614671,BOTH_CORRECT,False,True,True,False
private,897,4,Sad,4,Sad,0.9470467064858037,2,Fear,0.6445037225863632,V21_CORRECT_V22_WRONG,True,True,True,False
private,898,6,Neutral,6,Neutral,0.4553568114215197,6,Neutral,0.9177711324193231,BOTH_CORRECT,False,True,True,False
private,899,4,Sad,4,Sad,0.9148937140144882,4,Sad,0.9488133945074037,BOTH_CORRECT,False,True,True,False
private,900,3,Happy,3,Happy,0.9496814860898729,3,Happy,0.9457645618375602,BOTH_CORRECT,False,True,True,False
private,901,6,Neutral,6,Neutral,0.9625248144928853,6,Neutral,0.9518497286147486,BOTH_CORRECT,False,True,True,False
private,902,4,Sad,0,Angry,0.4864900843092803,4,Sad,0.6140417489628697,V22_CORRECT_V21_WRONG,True,True,True,False
private,903,4,Sad,6,Neutral,0.7567250041547015,6,Neutral,0.9253076363215035,BOTH_WRONG,False,True,True,False
private,904,4,Sad,4,Sad,0.629299234765412,6,Neutral,0.6703424654249369,V21_CORRECT_V22_WRONG,True,True,True,False
private,905,3,Happy,3,Happy,0.9210383455021643,3,Happy,0.9179247032864419,BOTH_CORRECT,False,True,True,False
private,906,2,Fear,2,Fear,0.9516521884636181,2,Fear,0.9611636378126268,BOTH_CORRECT,False,False,False,True
private,907,3,Happy,3,Happy,0.9510061856259291,3,Happy,0.9550444386106107,BOTH_CORRECT,False,True,True,False
private,908,0,Angry,6,Neutral,0.5667589295338658,0,Angry,0.36760668503646604,V22_CORRECT_V21_WRONG,True,True,True,False
private,909,3,Happy,3,Happy,0.941928899981154,3,Happy,0.944845009198977,BOTH_CORRECT,False,True,True,False
private,910,6,Neutral,6,Neutral,0.5940374375656189,6,Neutral,0.8712939472104588,BOTH_CORRECT,False,True,True,False
private,911,1,Disgust,0,Angry,0.9637770003996802,0,Angry,0.9633062621918296,BOTH_WRONG,False,True,True,False
private,912,0,Angry,3,Happy,0.7763046259058609,0,Angry,0.8680106744836743,V22_CORRECT_V21_WRONG,True,True,True,False
private,913,5,Surprise,5,Surprise,0.9556997423000287,5,Surprise,0.9587768676456262,BOTH_CORRECT,False,True,True,False
private,914,3,Happy,3,Happy,0.9529538056005746,3,Happy,0.9482779416226383,BOTH_CORRECT,False,True,True,False
private,915,4,Sad,6,Neutral,0.9474691267747779,6,Neutral,0.8081154871373558,BOTH_WRONG,False,True,True,False
private,916,4,Sad,3,Happy,0.6369193365453806,3,Happy,0.8876643196995008,BOTH_WRONG,False,True,True,False
private,917,2,Fear,2,Fear,0.8198990128241865,2,Fear,0.9455384187392855,BOTH_CORRECT,False,True,True,False
private,918,3,Happy,3,Happy,0.944583333800943,3,Happy,0.9278642705138697,BOTH_CORRECT,False,True,True,False
private,919,2,Fear,4,Sad,0.8043310865453984,4,Sad,0.8644157918309524,BOTH_WRONG,False,True,True,False
private,920,2,Fear,2,Fear,0.7872060716052672,2,Fear,0.6871334263895913,BOTH_CORRECT,False,True,True,False
private,921,6,Neutral,5,Surprise,0.41425401471919043,2,Fear,0.8680015444495932,BOTH_WRONG,False,True,True,False
private,922,3,Happy,3,Happy,0.9516039817299776,3,Happy,0.9496250120153271,BOTH_CORRECT,False,True,True,False
private,923,0,Angry,0,Angry,0.9069444474619672,0,Angry,0.9484536939058752,BOTH_CORRECT,False,True,True,False
private,924,6,Neutral,2,Fear,0.35188867358895515,6,Neutral,0.9375816962223982,V22_CORRECT_V21_WRONG,True,True,True,False
private,925,2,Fear,2,Fear,0.933562349041709,2,Fear,0.8799869774493871,BOTH_CORRECT,False,True,True,False
private,926,4,Sad,0,Angry,0.5655865678827134,4,Sad,0.8034569139235208,V22_CORRECT_V21_WRONG,True,True,True,False
private,927,3,Happy,3,Happy,0.9400772081579752,3,Happy,0.9475813003613296,BOTH_CORRECT,False,True,True,False
private,928,5,Surprise,5,Surprise,0.9525348439050305,5,Surprise,0.9316234218908148,BOTH_CORRECT,False,True,True,False
private,929,4,Sad,2,Fear,0.7535746670198165,2,Fear,0.8078604065294813,BOTH_WRONG,False,True,True,False
private,930,3,Happy,3,Happy,0.9527409191834405,3,Happy,0.9540978487002425,BOTH_CORRECT,False,True,True,False
private,931,3,Happy,3,Happy,0.8906268786944764,3,Happy,0.9527925467028953,BOTH_CORRECT,False,True,True,False
private,932,3,Happy,3,Happy,0.9530296979913654,3,Happy,0.95220136561137,BOTH_CORRECT,False,True,True,False
private,933,3,Happy,3,Happy,0.6171038061683133,3,Happy,0.7568923939037774,BOTH_CORRECT,False,True,True,False
private,934,5,Surprise,5,Surprise,0.9515216622139648,5,Surprise,0.9581707003695846,BOTH_CORRECT,False,False,False,True
private,935,2,Fear,0,Angry,0.33691282172680476,6,Neutral,0.919104728028311,BOTH_WRONG,False,True,True,False
private,936,4,Sad,6,Neutral,0.9102367274643564,6,Neutral,0.8549930475223292,BOTH_WRONG,False,True,True,False
private,937,6,Neutral,4,Sad,0.6745487844001331,4,Sad,0.6142984496328757,BOTH_WRONG,False,True,True,False
private,938,2,Fear,0,Angry,0.5597119518759209,0,Angry,0.7075534266535457,BOTH_WRONG,False,True,True,False
private,939,6,Neutral,6,Neutral,0.9601668230679453,6,Neutral,0.9515748790737364,BOTH_CORRECT,False,True,True,False
private,940,0,Angry,0,Angry,0.8826285568099503,0,Angry,0.941867548210277,BOTH_CORRECT,False,True,True,False
private,941,4,Sad,2,Fear,0.6157271044258474,4,Sad,0.8698981957155941,V22_CORRECT_V21_WRONG,True,True,True,False
private,942,3,Happy,3,Happy,0.9548672381218115,3,Happy,0.9670036460187684,BOTH_CORRECT,False,True,True,False
private,943,5,Surprise,5,Surprise,0.9152869477565911,5,Surprise,0.7809502745634916,BOTH_CORRECT,False,True,True,False
private,944,5,Surprise,5,Surprise,0.928192237916424,5,Surprise,0.9581447037655406,BOTH_CORRECT,False,True,True,False
private,945,6,Neutral,5,Surprise,0.5388584125034759,2,Fear,0.6205380032940271,BOTH_WRONG,False,True,True,False
private,946,6,Neutral,2,Fear,0.7298603886439589,2,Fear,0.937687542551714,BOTH_WRONG,False,True,True,False
private,947,5,Surprise,2,Fear,0.7969899050306347,2,Fear,0.7375702109999589,BOTH_WRONG,False,True,True,False
private,948,3,Happy,3,Happy,0.957266796273053,3,Happy,0.9479538929033969,BOTH_CORRECT,False,True,True,False
private,949,4,Sad,6,Neutral,0.4916750707544956,4,Sad,0.3845698772577871,V22_CORRECT_V21_WRONG,True,True,True,False
private,950,5,Surprise,5,Surprise,0.6983068697625144,5,Surprise,0.9433229372557709,BOTH_CORRECT,False,True,True,False
private,951,3,Happy,4,Sad,0.8790136520729332,6,Neutral,0.937570939441453,BOTH_WRONG,False,True,True,False
private,952,3,Happy,2,Fear,0.717584036192846,2,Fear,0.9276576010268399,BOTH_WRONG,False,True,True,False
private,953,5,Surprise,5,Surprise,0.9163492568632096,5,Surprise,0.95304830275914,BOTH_CORRECT,False,False,False,True
private,954,3,Happy,3,Happy,0.9463774878874643,3,Happy,0.9438794902284413,BOTH_CORRECT,False,True,True,False
private,955,2,Fear,2,Fear,0.5483189235608529,2,Fear,0.7147133834816756,BOTH_CORRECT,False,True,True,False
private,956,4,Sad,4,Sad,0.8988509322989395,4,Sad,0.9308183977804773,BOTH_CORRECT,False,True,False,False
private,957,6,Neutral,6,Neutral,0.8484430530051001,6,Neutral,0.860129672016045,BOTH_CORRECT,False,True,True,False
private,958,0,Angry,0,Angry,0.8595070804543053,0,Angry,0.49712988207525616,BOTH_CORRECT,False,True,True,False
private,959,5,Surprise,3,Happy,0.8996083433695603,5,Surprise,0.878243575268129,V22_CORRECT_V21_WRONG,True,True,True,False
private,960,2,Fear,6,Neutral,0.8981432265573137,6,Neutral,0.9464510102212912,BOTH_WRONG,False,True,True,False
private,961,2,Fear,2,Fear,0.4831348858865243,2,Fear,0.6363957341314503,BOTH_CORRECT,False,True,True,False
private,962,0,Angry,0,Angry,0.9569188001257775,0,Angry,0.9629460812123072,BOTH_CORRECT,False,True,True,False
private,963,3,Happy,3,Happy,0.9551776387178418,3,Happy,0.9598134976556378,BOTH_CORRECT,False,True,True,False
private,964,4,Sad,4,Sad,0.3471890289165657,4,Sad,0.6177876892284803,BOTH_CORRECT,False,True,True,False
private,965,3,Happy,3,Happy,0.9556375604632373,3,Happy,0.9560078277893583,BOTH_CORRECT,False,True,True,False
private,966,2,Fear,4,Sad,0.5274801498873325,4,Sad,0.7425142482717341,BOTH_WRONG,False,True,True,False
private,967,4,Sad,4,Sad,0.949941599812966,4,Sad,0.9641681274466622,BOTH_CORRECT,False,True,True,False
private,968,3,Happy,3,Happy,0.4382015616628224,6,Neutral,0.7997234939492186,V21_CORRECT_V22_WRONG,True,True,True,False
private,969,3,Happy,3,Happy,0.9494276511522836,3,Happy,0.9500217486765973,BOTH_CORRECT,False,True,True,False
private,970,3,Happy,0,Angry,0.8737594644036752,0,Angry,0.9315588512673904,BOTH_WRONG,False,True,True,False
private,971,2,Fear,5,Surprise,0.9053366643537232,5,Surprise,0.8526207983767076,BOTH_WRONG,False,True,True,False
private,972,4,Sad,4,Sad,0.9501390171990546,4,Sad,0.9609442777985683,BOTH_CORRECT,False,True,True,False
private,973,3,Happy,3,Happy,0.549610707353847,3,Happy,0.9559153423858265,BOTH_CORRECT,False,True,True,False
private,974,5,Surprise,5,Surprise,0.8899134965080407,5,Surprise,0.9362556944990017,BOTH_CORRECT,False,True,True,False
private,975,4,Sad,6,Neutral,0.29335861657399803,6,Neutral,0.8300437715686411,BOTH_WRONG,False,True,True,False
private,976,3,Happy,3,Happy,0.9483138388379293,3,Happy,0.9438228012277478,BOTH_CORRECT,False,True,True,False
private,977,3,Happy,3,Happy,0.9471235324452048,3,Happy,0.9433752864569052,BOTH_CORRECT,False,True,True,False
private,978,4,Sad,4,Sad,0.8429938122603807,0,Angry,0.3828083499739109,V21_CORRECT_V22_WRONG,True,True,True,False
private,979,3,Happy,3,Happy,0.9515713415370416,3,Happy,0.9437167847917843,BOTH_CORRECT,False,True,True,False
private,980,3,Happy,3,Happy,0.9458079193534076,3,Happy,0.9443098312907606,BOTH_CORRECT,False,True,True,False
private,981,0,Angry,0,Angry,0.7253323941837863,0,Angry,0.7632542084300779,BOTH_CORRECT,False,True,True,False
private,982,4,Sad,4,Sad,0.9585340351939712,4,Sad,0.8739763313407631,BOTH_CORRECT,False,True,True,False
private,983,0,Angry,4,Sad,0.5122666105155124,0,Angry,0.7013685197805134,V22_CORRECT_V21_WRONG,True,True,True,False
private,984,4,Sad,6,Neutral,0.9427325459332084,6,Neutral,0.9192640239913297,BOTH_WRONG,False,True,True,False
private,985,3,Happy,3,Happy,0.9521201841950139,3,Happy,0.9490883448095558,BOTH_CORRECT,False,True,True,False
private,986,1,Disgust,1,Disgust,0.9691874302073795,1,Disgust,0.968147383759096,BOTH_CORRECT,False,False,False,True
private,987,6,Neutral,6,Neutral,0.890908185254599,6,Neutral,0.8237273212833147,BOTH_CORRECT,False,True,True,False
private,988,6,Neutral,6,Neutral,0.9155391706174532,4,Sad,0.6477423704311526,V21_CORRECT_V22_WRONG,True,True,True,False
private,989,2,Fear,2,Fear,0.9162579743387673,2,Fear,0.9497172625800898,BOTH_CORRECT,False,True,True,False
private,990,3,Happy,3,Happy,0.9412001630847058,3,Happy,0.941872351749981,BOTH_CORRECT,False,True,True,False
private,991,4,Sad,6,Neutral,0.7383026300828254,6,Neutral,0.8909791654439272,BOTH_WRONG,False,True,True,False
private,992,5,Surprise,5,Surprise,0.9426998888853491,5,Surprise,0.9425112412296998,BOTH_CORRECT,False,False,False,True
private,993,6,Neutral,6,Neutral,0.41676151291070435,6,Neutral,0.7852446540491171,BOTH_CORRECT,False,True,True,False
private,994,2,Fear,4,Sad,0.7132848092339756,2,Fear,0.953066473585361,V22_CORRECT_V21_WRONG,True,True,True,False
private,995,3,Happy,3,Happy,0.9544082063695929,3,Happy,0.9575318581544012,BOTH_CORRECT,False,True,True,False
private,996,4,Sad,0,Angry,0.730700107389392,0,Angry,0.8645755866565923,BOTH_WRONG,False,True,True,False
private,997,4,Sad,2,Fear,0.8977475981304766,4,Sad,0.8262067624577076,V22_CORRECT_V21_WRONG,True,True,True,False
private,998,3,Happy,3,Happy,0.8032313103240224,3,Happy,0.572253099157252,BOTH_CORRECT,False,True,True,False
private,999,3,Happy,3,Happy,0.9585288528160587,3,Happy,0.9639033463708008,BOTH_CORRECT,False,True,True,False
private,1000,3,Happy,3,Happy,0.944675144213871,3,Happy,0.9199287896548901,BOTH_CORRECT,False,True,True,False
private,1001,2,Fear,2,Fear,0.9630520325367222,2,Fear,0.9517602182687936,BOTH_CORRECT,False,False,False,True
private,1002,3,Happy,3,Happy,0.9376157459722073,3,Happy,0.9531466241865859,BOTH_CORRECT,False,True,True,False
private,1003,0,Angry,3,Happy,0.5903439450301191,3,Happy,0.5492449932279481,BOTH_WRONG,False,True,True,False
private,1004,4,Sad,3,Happy,0.9089067016038112,4,Sad,0.8200685577451673,V22_CORRECT_V21_WRONG,True,True,True,False
private,1005,2,Fear,0,Angry,0.9665828044276313,0,Angry,0.9590286573746678,BOTH_WRONG,False,True,True,False
private,1006,2,Fear,2,Fear,0.9649670350290922,2,Fear,0.9484463055925914,BOTH_CORRECT,False,True,True,False
private,1007,6,Neutral,6,Neutral,0.8128171738658209,6,Neutral,0.7553662052347002,BOTH_CORRECT,False,True,True,False
private,1008,5,Surprise,5,Surprise,0.9540108726883916,5,Surprise,0.9449461258778068,BOTH_CORRECT,False,False,False,True
private,1009,4,Sad,4,Sad,0.7978695595116078,4,Sad,0.943664958225838,BOTH_CORRECT,False,True,True,False
private,1010,0,Angry,3,Happy,0.9452198252752942,3,Happy,0.8831194309958739,BOTH_WRONG,False,True,True,False
private,1011,4,Sad,3,Happy,0.8051368791621293,4,Sad,0.845901207171936,V22_CORRECT_V21_WRONG,True,True,True,False
private,1012,6,Neutral,4,Sad,0.6172118233744072,6,Neutral,0.953907711207446,V22_CORRECT_V21_WRONG,True,True,True,False
private,1013,6,Neutral,2,Fear,0.8047521133286994,0,Angry,0.7629913826331425,BOTH_WRONG,False,True,True,False
private,1014,6,Neutral,4,Sad,0.4467937085473394,2,Fear,0.4663428233940945,BOTH_WRONG,False,True,True,False
private,1015,5,Surprise,5,Surprise,0.9236602348646923,5,Surprise,0.9573760913146019,BOTH_CORRECT,False,False,False,True
private,1016,5,Surprise,5,Surprise,0.9557252605023296,5,Surprise,0.95935059670157,BOTH_CORRECT,False,True,True,False
private,1017,2,Fear,4,Sad,0.6841399509931784,6,Neutral,0.5396872292930357,BOTH_WRONG,False,True,True,False
private,1018,5,Surprise,5,Surprise,0.9542625031364085,5,Surprise,0.9610114921408913,BOTH_CORRECT,False,True,True,False
private,1019,6,Neutral,6,Neutral,0.9383980451441564,6,Neutral,0.9465652707871066,BOTH_CORRECT,False,True,True,False
private,1020,5,Surprise,5,Surprise,0.9598189680556314,5,Surprise,0.9662559021280629,BOTH_CORRECT,False,True,True,False
private,1021,3,Happy,3,Happy,0.9504409302695629,3,Happy,0.9593480002421663,BOTH_CORRECT,False,True,True,False
private,1022,3,Happy,3,Happy,0.8556517762746307,3,Happy,0.9448379668282835,BOTH_CORRECT,False,True,True,False
private,1023,0,Angry,0,Angry,0.9611203970657313,0,Angry,0.9378930394976225,BOTH_CORRECT,False,True,True,False
private,1024,3,Happy,3,Happy,0.9547486696765151,3,Happy,0.9496695270804633,BOTH_CORRECT,False,True,True,False
private,1025,3,Happy,3,Happy,0.9525623074393956,3,Happy,0.9508812273209979,BOTH_CORRECT,False,True,True,False
private,1026,5,Surprise,5,Surprise,0.9486882929700159,5,Surprise,0.9537626593422004,BOTH_CORRECT,False,True,True,False
private,1027,3,Happy,3,Happy,0.5460128743656979,3,Happy,0.9212784153572458,BOTH_CORRECT,False,True,True,False
private,1028,3,Happy,5,Surprise,0.9597958738237389,5,Surprise,0.9557821948022484,BOTH_WRONG,False,True,True,False
private,1029,2,Fear,2,Fear,0.7623399078796433,4,Sad,0.8905202235479412,V21_CORRECT_V22_WRONG,True,True,True,False
private,1030,0,Angry,0,Angry,0.9648619386168513,0,Angry,0.960105475611824,BOTH_CORRECT,False,False,False,True
private,1031,5,Surprise,5,Surprise,0.94984302732161,5,Surprise,0.9208761495780521,BOTH_CORRECT,False,True,True,False
private,1032,4,Sad,6,Neutral,0.9406284668387181,4,Sad,0.6749588598895917,V22_CORRECT_V21_WRONG,True,True,True,False
private,1033,4,Sad,6,Neutral,0.7620996811088188,6,Neutral,0.9188555059395305,BOTH_WRONG,False,True,True,False
private,1034,5,Surprise,5,Surprise,0.9606157272900278,5,Surprise,0.9564521347321422,BOTH_CORRECT,False,False,False,True
private,1035,2,Fear,2,Fear,0.931006551105858,2,Fear,0.9125730486029981,BOTH_CORRECT,False,False,False,True
private,1036,4,Sad,3,Happy,0.43884985407718086,4,Sad,0.8801130191653327,V22_CORRECT_V21_WRONG,True,True,True,False
private,1037,5,Surprise,5,Surprise,0.7779459043340381,5,Surprise,0.9481775088001285,BOTH_CORRECT,False,True,True,False
private,1038,6,Neutral,6,Neutral,0.9291676593835226,6,Neutral,0.9449916995438729,BOTH_CORRECT,False,True,True,False
private,1039,6,Neutral,6,Neutral,0.8684699459215784,6,Neutral,0.5303617115097122,BOTH_CORRECT,False,True,True,False
private,1040,3,Happy,3,Happy,0.7989137522901734,3,Happy,0.8992864516029729,BOTH_CORRECT,False,True,True,False
private,1041,6,Neutral,6,Neutral,0.9458746211292309,6,Neutral,0.959287784742075,BOTH_CORRECT,False,True,True,False
private,1042,6,Neutral,6,Neutral,0.9527687648319397,6,Neutral,0.9461516146887007,BOTH_CORRECT,False,True,True,False
private,1043,2,Fear,2,Fear,0.6022095780930893,6,Neutral,0.9457906165826565,V21_CORRECT_V22_WRONG,True,True,True,False
private,1044,3,Happy,3,Happy,0.9511618176127487,3,Happy,0.9548793195893408,BOTH_CORRECT,False,True,True,False
private,1045,3,Happy,6,Neutral,0.9547368209359887,3,Happy,0.5103948197394907,V22_CORRECT_V21_WRONG,True,True,True,False
private,1046,0,Angry,6,Neutral,0.7214748042888401,0,Angry,0.9312973406249625,V22_CORRECT_V21_WRONG,True,True,True,False
private,1047,5,Surprise,5,Surprise,0.8242576807806599,2,Fear,0.48230979814422653,V21_CORRECT_V22_WRONG,True,False,False,True
private,1048,6,Neutral,3,Happy,0.7334809996679964,4,Sad,0.6213616162840728,BOTH_WRONG,False,True,True,False
private,1049,5,Surprise,5,Surprise,0.5077931239203588,5,Surprise,0.8659693184241004,BOTH_CORRECT,False,True,True,False
private,1050,2,Fear,2,Fear,0.9605173489922375,2,Fear,0.9675451260950358,BOTH_CORRECT,False,True,True,False
private,1051,4,Sad,4,Sad,0.8662758024325348,4,Sad,0.4490002197458069,BOTH_CORRECT,False,False,False,True
private,1052,2,Fear,4,Sad,0.832590514534345,2,Fear,0.7926997788048128,V22_CORRECT_V21_WRONG,True,True,True,False
private,1053,0,Angry,4,Sad,0.7096669485905254,4,Sad,0.9131239189940488,BOTH_WRONG,False,True,False,False
private,1054,0,Angry,0,Angry,0.8982572832726201,0,Angry,0.9335939244539576,BOTH_CORRECT,False,True,True,False
private,1055,3,Happy,3,Happy,0.5592661247801026,6,Neutral,0.7307120412146632,V21_CORRECT_V22_WRONG,True,True,True,False
private,1056,4,Sad,4,Sad,0.8428743398922451,4,Sad,0.6948279147185589,BOTH_CORRECT,False,True,True,False
private,1057,4,Sad,4,Sad,0.7630262088095053,4,Sad,0.9598620619966123,BOTH_CORRECT,False,True,True,False
private,1058,0,Angry,2,Fear,0.9177749306248248,2,Fear,0.9510576094962843,BOTH_WRONG,False,True,True,False
private,1059,3,Happy,3,Happy,0.9356256400568591,3,Happy,0.9408984099765713,BOTH_CORRECT,False,True,True,False
private,1060,2,Fear,0,Angry,0.753916603993026,0,Angry,0.7582767002137151,BOTH_WRONG,False,True,True,False
private,1061,2,Fear,2,Fear,0.9605925784054671,2,Fear,0.9522125734455715,BOTH_CORRECT,False,True,True,False
private,1062,3,Happy,3,Happy,0.9558761700100966,3,Happy,0.9552922667801232,BOTH_CORRECT,False,True,True,False
private,1063,4,Sad,6,Neutral,0.7003905275922004,4,Sad,0.5120614957278808,V22_CORRECT_V21_WRONG,True,True,True,False
private,1064,1,Disgust,3,Happy,0.9435537658268333,3,Happy,0.6945810059009623,BOTH_WRONG,False,True,False,False
private,1065,4,Sad,4,Sad,0.8247042360674156,4,Sad,0.8791727923252959,BOTH_CORRECT,False,True,True,False
private,1066,5,Surprise,5,Surprise,0.9570312759715349,5,Surprise,0.9550626093379438,BOTH_CORRECT,False,True,True,False
private,1067,0,Angry,0,Angry,0.9646333235193199,0,Angry,0.9618214139923312,BOTH_CORRECT,False,True,True,False
private,1068,3,Happy,3,Happy,0.9460774565056825,3,Happy,0.9519785977236921,BOTH_CORRECT,False,False,False,True
private,1069,3,Happy,3,Happy,0.9500658910200751,3,Happy,0.9514536064782992,BOTH_CORRECT,False,True,True,False
private,1070,3,Happy,3,Happy,0.9559661521901266,3,Happy,0.954588935625332,BOTH_CORRECT,False,True,True,False
private,1071,4,Sad,4,Sad,0.8491044949448475,4,Sad,0.7731564825354448,BOTH_CORRECT,False,True,True,False
private,1072,6,Neutral,6,Neutral,0.908978203760603,6,Neutral,0.885715395177317,BOTH_CORRECT,False,True,True,False
private,1073,4,Sad,2,Fear,0.5104143734005092,4,Sad,0.454654380826207,V22_CORRECT_V21_WRONG,True,True,True,False
private,1074,2,Fear,2,Fear,0.7166684262762583,2,Fear,0.6242046504632394,BOTH_CORRECT,False,True,True,False
private,1075,4,Sad,6,Neutral,0.7544258206634451,6,Neutral,0.8941540885400009,BOTH_WRONG,False,True,True,False
private,1076,5,Surprise,5,Surprise,0.9527084752176364,5,Surprise,0.959628734799041,BOTH_CORRECT,False,False,False,True
private,1077,3,Happy,3,Happy,0.9534703541238112,3,Happy,0.9541810526787222,BOTH_CORRECT,False,True,True,False
private,1078,5,Surprise,5,Surprise,0.950828987958675,2,Fear,0.6454850907615225,V21_CORRECT_V22_WRONG,True,True,True,False
private,1079,6,Neutral,6,Neutral,0.9577720761325843,6,Neutral,0.9547862935715599,BOTH_CORRECT,False,True,True,False
private,1080,5,Surprise,5,Surprise,0.5043439149638452,5,Surprise,0.95964660357057,BOTH_CORRECT,False,True,True,False
private,1081,0,Angry,0,Angry,0.679875066409511,0,Angry,0.829540765887172,BOTH_CORRECT,False,True,True,False
private,1082,3,Happy,5,Surprise,0.8987027786270347,3,Happy,0.781116046378413,V22_CORRECT_V21_WRONG,True,True,True,False
private,1083,6,Neutral,6,Neutral,0.9500098299177083,6,Neutral,0.9581667675398688,BOTH_CORRECT,False,True,True,False
private,1084,4,Sad,4,Sad,0.7024418242942123,4,Sad,0.956557013143271,BOTH_CORRECT,False,True,True,False
private,1085,1,Disgust,1,Disgust,0.9614105739454658,1,Disgust,0.949872522300324,BOTH_CORRECT,False,True,True,False
private,1086,0,Angry,0,Angry,0.5863657041980855,0,Angry,0.8346440139346173,BOTH_CORRECT,False,True,True,False
private,1087,5,Surprise,5,Surprise,0.9555657737838202,5,Surprise,0.9599281434471586,BOTH_CORRECT,False,False,False,True
private,1088,3,Happy,3,Happy,0.9533034623329515,3,Happy,0.9539691950314562,BOTH_CORRECT,False,True,True,False
private,1089,1,Disgust,1,Disgust,0.9653215535522193,1,Disgust,0.9697334788912556,BOTH_CORRECT,False,False,False,True
private,1090,2,Fear,0,Angry,0.5468277490830844,0,Angry,0.7636684918478218,BOTH_WRONG,False,True,True,False
private,1091,2,Fear,5,Surprise,0.9547041679919452,5,Surprise,0.9568112944884394,BOTH_WRONG,False,True,True,False
private,1092,2,Fear,4,Sad,0.3863325024554611,6,Neutral,0.5156029629147225,BOTH_WRONG,False,True,True,False
private,1093,3,Happy,3,Happy,0.957710046193583,3,Happy,0.9536454082255416,BOTH_CORRECT,False,True,True,False
private,1094,3,Happy,3,Happy,0.9582632475666351,3,Happy,0.9538154197214032,BOTH_CORRECT,False,True,True,False
private,1095,5,Surprise,5,Surprise,0.9497761226219703,5,Surprise,0.9438755636547609,BOTH_CORRECT,False,True,True,False
private,1096,2,Fear,0,Angry,0.7911012349781724,0,Angry,0.8913995513835392,BOTH_WRONG,False,True,True,False
private,1097,0,Angry,0,Angry,0.5793279031949312,6,Neutral,0.8224245414327902,V21_CORRECT_V22_WRONG,True,True,True,False
private,1098,6,Neutral,2,Fear,0.5910302070576513,2,Fear,0.5140187061078354,BOTH_WRONG,False,True,False,False
private,1099,4,Sad,4,Sad,0.9387676123533614,4,Sad,0.9333416117891346,BOTH_CORRECT,False,True,True,False
private,1100,4,Sad,6,Neutral,0.6150840174457891,4,Sad,0.6487619276750558,V22_CORRECT_V21_WRONG,True,True,True,False
private,1101,6,Neutral,4,Sad,0.8937887538211676,4,Sad,0.909051141139539,BOTH_WRONG,False,True,True,False
private,1102,3,Happy,3,Happy,0.5985366287428633,3,Happy,0.9375560557498088,BOTH_CORRECT,False,True,True,False
private,1103,0,Angry,0,Angry,0.9619461723504223,0,Angry,0.9566218179748092,BOTH_CORRECT,False,True,True,False
private,1104,0,Angry,6,Neutral,0.8117952005316983,6,Neutral,0.790084513538319,BOTH_WRONG,False,True,True,False
private,1105,6,Neutral,6,Neutral,0.9470114250700522,6,Neutral,0.950721224027732,BOTH_CORRECT,False,False,False,True
private,1106,6,Neutral,6,Neutral,0.9260582431340322,6,Neutral,0.9434205246789644,BOTH_CORRECT,False,False,False,True
private,1107,5,Surprise,5,Surprise,0.7078074518181152,5,Surprise,0.9325346386528647,BOTH_CORRECT,False,True,True,False
private,1108,4,Sad,4,Sad,0.4776937493617392,4,Sad,0.555550408805844,BOTH_CORRECT,False,True,True,False
private,1109,3,Happy,3,Happy,0.9517084172286051,3,Happy,0.948563248945451,BOTH_CORRECT,False,True,True,False
private,1110,2,Fear,4,Sad,0.4843757465890683,2,Fear,0.8236455877551185,V22_CORRECT_V21_WRONG,True,True,True,False
private,1111,4,Sad,4,Sad,0.9424271089733809,4,Sad,0.9488658906077153,BOTH_CORRECT,False,True,True,False
private,1112,2,Fear,0,Angry,0.8382134278204336,0,Angry,0.9287885291919873,BOTH_WRONG,False,True,True,False
private,1113,5,Surprise,5,Surprise,0.9559144752658832,5,Surprise,0.96096395804568,BOTH_CORRECT,False,True,True,False
private,1114,4,Sad,6,Neutral,0.4740630997629773,0,Angry,0.9194425092293733,BOTH_WRONG,False,True,True,False
private,1115,3,Happy,3,Happy,0.9592758057595823,3,Happy,0.9552487583228148,BOTH_CORRECT,False,True,True,False
private,1116,6,Neutral,5,Surprise,0.7262532309557705,6,Neutral,0.8494467620878787,V22_CORRECT_V21_WRONG,True,True,True,False
private,1117,3,Happy,3,Happy,0.9350791971272632,3,Happy,0.9162299727592204,BOTH_CORRECT,False,True,True,False
private,1118,6,Neutral,6,Neutral,0.8356662961622285,6,Neutral,0.9521760434769744,BOTH_CORRECT,False,True,True,False
private,1119,3,Happy,3,Happy,0.6830712000539304,3,Happy,0.9278868657076398,BOTH_CORRECT,False,True,True,False
private,1120,6,Neutral,6,Neutral,0.9338787401761423,6,Neutral,0.9398894964600061,BOTH_CORRECT,False,True,True,False
private,1121,2,Fear,2,Fear,0.5659669796788995,3,Happy,0.8926860264525923,V21_CORRECT_V22_WRONG,True,True,True,False
private,1122,4,Sad,0,Angry,0.9194257882068043,3,Happy,0.7087545251607019,BOTH_WRONG,False,True,True,False
private,1123,4,Sad,4,Sad,0.6228169541647253,4,Sad,0.8904924492090041,BOTH_CORRECT,False,True,True,False
private,1124,4,Sad,3,Happy,0.775825820839469,4,Sad,0.7574544476495925,V22_CORRECT_V21_WRONG,True,True,True,False
private,1125,3,Happy,3,Happy,0.9526399275235657,3,Happy,0.9477935684419868,BOTH_CORRECT,False,True,True,False
private,1126,6,Neutral,6,Neutral,0.9136894708856309,6,Neutral,0.9524820215983687,BOTH_CORRECT,False,True,True,False
private,1127,0,Angry,0,Angry,0.8467055833395352,0,Angry,0.9192076363307462,BOTH_CORRECT,False,True,True,False
private,1128,0,Angry,0,Angry,0.8190066114629801,0,Angry,0.950515799194956,BOTH_CORRECT,False,True,True,False
private,1129,5,Surprise,5,Surprise,0.7924238235263923,2,Fear,0.9592029581314474,V21_CORRECT_V22_WRONG,True,True,False,False
private,1130,6,Neutral,6,Neutral,0.9438250684207278,6,Neutral,0.9546770743827049,BOTH_CORRECT,False,True,True,False
private,1131,5,Surprise,5,Surprise,0.9528142175364782,5,Surprise,0.9577470362383509,BOTH_CORRECT,False,False,False,True
private,1132,5,Surprise,2,Fear,0.4882546875935156,2,Fear,0.7746840363174915,BOTH_WRONG,False,False,False,True
private,1133,5,Surprise,5,Surprise,0.9505639408928338,5,Surprise,0.9552134676377991,BOTH_CORRECT,False,True,True,False
private,1134,4,Sad,4,Sad,0.7124192142515464,4,Sad,0.8139564068722749,BOTH_CORRECT,False,False,False,True
private,1135,0,Angry,0,Angry,0.9524761928936543,0,Angry,0.9600136020831039,BOTH_CORRECT,False,False,False,True
private,1136,2,Fear,4,Sad,0.6026231016906705,6,Neutral,0.7354449515853574,BOTH_WRONG,False,True,True,False
private,1137,6,Neutral,6,Neutral,0.8904403081348201,6,Neutral,0.6564559024882529,BOTH_CORRECT,False,True,True,False
private,1138,3,Happy,6,Neutral,0.5419929625075177,6,Neutral,0.9181673137730946,BOTH_WRONG,False,True,True,False
private,1139,6,Neutral,6,Neutral,0.9630674256371077,6,Neutral,0.9626983750084365,BOTH_CORRECT,False,True,True,False
private,1140,4,Sad,4,Sad,0.5038244537871268,6,Neutral,0.9384970158970054,V21_CORRECT_V22_WRONG,True,True,True,False
private,1141,5,Surprise,5,Surprise,0.9492072103407918,5,Surprise,0.9476742591197459,BOTH_CORRECT,False,True,True,False
private,1142,2,Fear,2,Fear,0.8808058209244356,2,Fear,0.8426452646657285,BOTH_CORRECT,False,True,True,False
private,1143,3,Happy,3,Happy,0.9530838686639311,3,Happy,0.9540676747025619,BOTH_CORRECT,False,True,True,False
private,1144,3,Happy,3,Happy,0.9495288218166229,3,Happy,0.9530322267395817,BOTH_CORRECT,False,True,True,False
private,1145,4,Sad,4,Sad,0.8549385412236775,4,Sad,0.9271379162868079,BOTH_CORRECT,False,True,True,False
private,1146,0,Angry,2,Fear,0.9441147115799371,0,Angry,0.6291982512602249,V22_CORRECT_V21_WRONG,True,True,True,False
private,1147,0,Angry,4,Sad,0.7406196010636448,0,Angry,0.8287391308828318,V22_CORRECT_V21_WRONG,True,True,True,False
private,1148,0,Angry,3,Happy,0.7923986609834688,2,Fear,0.9494740283591409,BOTH_WRONG,False,True,True,False
private,1149,0,Angry,4,Sad,0.9454631884744955,4,Sad,0.9586266971497207,BOTH_WRONG,False,True,True,False
private,1150,0,Angry,0,Angry,0.9592590611324722,0,Angry,0.9131441589287279,BOTH_CORRECT,False,True,True,False
private,1151,2,Fear,2,Fear,0.9279011725164628,0,Angry,0.9293413636839771,V21_CORRECT_V22_WRONG,True,True,True,False
private,1152,0,Angry,0,Angry,0.8540133046859901,0,Angry,0.9434639612604182,BOTH_CORRECT,False,True,True,False
private,1153,3,Happy,3,Happy,0.9528533259517766,3,Happy,0.9488628401367886,BOTH_CORRECT,False,True,True,False
private,1154,6,Neutral,6,Neutral,0.8799534178658863,6,Neutral,0.7821006549630282,BOTH_CORRECT,False,True,True,False
private,1155,5,Surprise,5,Surprise,0.9512373622747146,5,Surprise,0.9371950983314845,BOTH_CORRECT,False,True,True,False
private,1156,2,Fear,2,Fear,0.9316276055139252,4,Sad,0.9594696986233897,V21_CORRECT_V22_WRONG,True,True,True,False
private,1157,3,Happy,2,Fear,0.8905723933518757,6,Neutral,0.9381866674833466,BOTH_WRONG,False,True,True,False
private,1158,4,Sad,4,Sad,0.4047909485451542,2,Fear,0.7945856836383896,V21_CORRECT_V22_WRONG,True,True,True,False
private,1159,4,Sad,4,Sad,0.906835724062525,0,Angry,0.7142618069265789,V21_CORRECT_V22_WRONG,True,True,True,False
private,1160,5,Surprise,5,Surprise,0.8614422535881532,2,Fear,0.8916443379200749,V21_CORRECT_V22_WRONG,True,True,True,False
private,1161,0,Angry,6,Neutral,0.8509934796272294,6,Neutral,0.7710751415662876,BOTH_WRONG,False,True,True,False
private,1162,3,Happy,3,Happy,0.7528106135842194,3,Happy,0.9107409751883428,BOTH_CORRECT,False,True,True,False
private,1163,5,Surprise,5,Surprise,0.9321540747200947,5,Surprise,0.9572420584404809,BOTH_CORRECT,False,True,True,False
private,1164,6,Neutral,6,Neutral,0.9453069782121322,6,Neutral,0.9559454481587838,BOTH_CORRECT,False,True,True,False
private,1165,3,Happy,3,Happy,0.9523179877920019,3,Happy,0.9521726266958074,BOTH_CORRECT,False,True,True,False
private,1166,3,Happy,3,Happy,0.9457363288791398,3,Happy,0.9531175847012673,BOTH_CORRECT,False,True,True,False
private,1167,2,Fear,6,Neutral,0.8511513775814706,3,Happy,0.5038268178944258,BOTH_WRONG,False,True,True,False
private,1168,2,Fear,2,Fear,0.8981522595636852,2,Fear,0.4598033471363227,BOTH_CORRECT,False,True,True,False
private,1169,0,Angry,0,Angry,0.9625184654050579,0,Angry,0.9613062878137251,BOTH_CORRECT,False,True,True,False
private,1170,6,Neutral,6,Neutral,0.9258733164837737,6,Neutral,0.9072976829939665,BOTH_CORRECT,False,True,True,False
private,1171,3,Happy,3,Happy,0.41116471591815856,3,Happy,0.801633414391409,BOTH_CORRECT,False,True,True,False
private,1172,3,Happy,3,Happy,0.8490146610256729,3,Happy,0.9378000501007694,BOTH_CORRECT,False,True,True,False
private,1173,6,Neutral,6,Neutral,0.9341194032146484,6,Neutral,0.9440363938239239,BOTH_CORRECT,False,True,True,False
private,1174,3,Happy,3,Happy,0.9514490131968346,3,Happy,0.948250675661241,BOTH_CORRECT,False,True,True,False
private,1175,2,Fear,2,Fear,0.8438626959289515,2,Fear,0.4355628485396531,BOTH_CORRECT,False,True,True,False
private,1176,2,Fear,4,Sad,0.7356201765732837,2,Fear,0.6099010279897735,V22_CORRECT_V21_WRONG,True,True,True,False
private,1177,4,Sad,6,Neutral,0.8548272238107917,6,Neutral,0.936090517591251,BOTH_WRONG,False,True,True,False
private,1178,3,Happy,3,Happy,0.9544949762505289,3,Happy,0.9598123253937796,BOTH_CORRECT,False,True,True,False
private,1179,2,Fear,2,Fear,0.8168716804626135,2,Fear,0.6010794980733912,BOTH_CORRECT,False,True,True,False
private,1180,3,Happy,3,Happy,0.8238337932530636,3,Happy,0.9621189696346611,BOTH_CORRECT,False,True,True,False
private,1181,3,Happy,3,Happy,0.9341669670262932,3,Happy,0.9560937921571703,BOTH_CORRECT,False,True,True,False
private,1182,3,Happy,3,Happy,0.9382217907523087,3,Happy,0.939588416759491,BOTH_CORRECT,False,False,False,True
private,1183,1,Disgust,4,Sad,0.831560534997478,0,Angry,0.935918808741748,BOTH_WRONG,False,True,True,False
private,1184,6,Neutral,0,Angry,0.43078606653933615,6,Neutral,0.9155783536070398,V22_CORRECT_V21_WRONG,True,True,True,False
private,1185,5,Surprise,5,Surprise,0.9569304234468815,5,Surprise,0.9624281520688993,BOTH_CORRECT,False,True,True,False
private,1186,5,Surprise,5,Surprise,0.9300295447275415,0,Angry,0.4813641455186711,V21_CORRECT_V22_WRONG,True,True,True,False
private,1187,3,Happy,3,Happy,0.9378135376733273,3,Happy,0.9559768248980509,BOTH_CORRECT,False,True,True,False
private,1188,4,Sad,4,Sad,0.7463962071719481,4,Sad,0.9179383115435527,BOTH_CORRECT,False,True,True,False
private,1189,6,Neutral,3,Happy,0.9483754927578286,3,Happy,0.9488467774876885,BOTH_WRONG,False,True,False,False
private,1190,2,Fear,2,Fear,0.9112278888400654,2,Fear,0.9644164387237439,BOTH_CORRECT,False,True,True,False
private,1191,6,Neutral,6,Neutral,0.6531200904803669,6,Neutral,0.944563554193206,BOTH_CORRECT,False,True,True,False
private,1192,2,Fear,6,Neutral,0.8080340542453721,6,Neutral,0.8233078805383349,BOTH_WRONG,False,True,True,False
private,1193,3,Happy,6,Neutral,0.5933975114364457,6,Neutral,0.7059166943602904,BOTH_WRONG,False,True,True,False
private,1194,4,Sad,2,Fear,0.8762979459816563,2,Fear,0.7898669574747975,BOTH_WRONG,False,True,True,False
private,1195,4,Sad,6,Neutral,0.41580145009726116,6,Neutral,0.9054579203863852,BOTH_WRONG,False,True,True,False
private,1196,0,Angry,0,Angry,0.9523258879711016,0,Angry,0.9622003514081127,BOTH_CORRECT,False,True,True,False
private,1197,6,Neutral,6,Neutral,0.9563070272811143,6,Neutral,0.9537381367825136,BOTH_CORRECT,False,True,True,False
private,1198,4,Sad,4,Sad,0.6048564725286626,6,Neutral,0.52758328886315,V21_CORRECT_V22_WRONG,True,True,True,False
private,1199,2,Fear,0,Angry,0.5418528440186581,0,Angry,0.5211294213580991,BOTH_WRONG,False,True,True,False
private,1200,2,Fear,2,Fear,0.5333696283629392,6,Neutral,0.6161375760078416,V21_CORRECT_V22_WRONG,True,True,True,False
private,1201,4,Sad,3,Happy,0.8816337380316543,3,Happy,0.9565990097591376,BOTH_WRONG,False,True,True,False
private,1202,5,Surprise,5,Surprise,0.9288456988431976,5,Surprise,0.9462400978309743,BOTH_CORRECT,False,False,False,True
private,1203,5,Surprise,5,Surprise,0.95652573685253,5,Surprise,0.9585985198695814,BOTH_CORRECT,False,False,False,True
private,1204,3,Happy,3,Happy,0.5574974389884005,3,Happy,0.9468757890994447,BOTH_CORRECT,False,True,True,False
private,1205,6,Neutral,6,Neutral,0.9247298751810904,6,Neutral,0.9376249235874381,BOTH_CORRECT,False,False,False,True
private,1206,3,Happy,3,Happy,0.9517072587884583,3,Happy,0.9557192548028342,BOTH_CORRECT,False,True,True,False
private,1207,4,Sad,4,Sad,0.5721758966263272,4,Sad,0.9563750533825494,BOTH_CORRECT,False,True,True,False
private,1208,2,Fear,4,Sad,0.5414402155474067,0,Angry,0.6440404554558445,BOTH_WRONG,False,True,True,False
private,1209,3,Happy,2,Fear,0.5797065791156627,4,Sad,0.47382605155936514,BOTH_WRONG,False,True,True,False
private,1210,3,Happy,3,Happy,0.9431735742466656,3,Happy,0.9431885597122994,BOTH_CORRECT,False,True,True,False
private,1211,0,Angry,0,Angry,0.9180795824056764,0,Angry,0.9439041744219772,BOTH_CORRECT,False,True,True,False
private,1212,2,Fear,4,Sad,0.6374830905920924,6,Neutral,0.840762093972412,BOTH_WRONG,False,True,True,False
private,1213,5,Surprise,5,Surprise,0.9330285562505864,5,Surprise,0.8959906405314896,BOTH_CORRECT,False,False,False,True
private,1214,4,Sad,4,Sad,0.9135150130830012,4,Sad,0.7968503543698531,BOTH_CORRECT,False,True,True,False
private,1215,3,Happy,4,Sad,0.8085745039474141,4,Sad,0.5587911668496978,BOTH_WRONG,False,True,True,False
private,1216,6,Neutral,0,Angry,0.5831150890759521,0,Angry,0.944238629486989,BOTH_WRONG,False,True,False,False
private,1217,4,Sad,4,Sad,0.8870083218206047,4,Sad,0.6885656515097536,BOTH_CORRECT,False,True,True,False
private,1218,4,Sad,4,Sad,0.8169730191587677,4,Sad,0.9306511547649277,BOTH_CORRECT,False,True,True,False
private,1219,4,Sad,2,Fear,0.7303933363831914,4,Sad,0.6113766888981345,V22_CORRECT_V21_WRONG,True,True,True,False
private,1220,3,Happy,3,Happy,0.9517279851600474,3,Happy,0.9485361288931918,BOTH_CORRECT,False,True,True,False
private,1221,2,Fear,1,Disgust,0.8893683359413342,1,Disgust,0.9390605449782052,BOTH_WRONG,False,True,True,False
private,1222,3,Happy,6,Neutral,0.5165381505207987,3,Happy,0.6091361496532444,V22_CORRECT_V21_WRONG,True,True,True,False
private,1223,6,Neutral,6,Neutral,0.9555826052151322,6,Neutral,0.9457744712588616,BOTH_CORRECT,False,True,True,False
private,1224,4,Sad,4,Sad,0.945317165407383,4,Sad,0.9612922394856986,BOTH_CORRECT,False,True,True,False
private,1225,4,Sad,4,Sad,0.47666766309750286,4,Sad,0.9033298264512464,BOTH_CORRECT,False,True,True,False
private,1226,3,Happy,3,Happy,0.9586224527599063,3,Happy,0.9594597189484562,BOTH_CORRECT,False,True,True,False
private,1227,3,Happy,3,Happy,0.8452885467369045,3,Happy,0.9497396583267409,BOTH_CORRECT,False,True,True,False
private,1228,6,Neutral,6,Neutral,0.7456690789789993,6,Neutral,0.9365922974248706,BOTH_CORRECT,False,True,True,False
private,1229,3,Happy,3,Happy,0.9485019299501871,3,Happy,0.9437718792763872,BOTH_CORRECT,False,True,True,False
private,1230,4,Sad,4,Sad,0.5134538882665023,6,Neutral,0.7765604738547368,V21_CORRECT_V22_WRONG,True,True,True,False
private,1231,0,Angry,0,Angry,0.9617917949004239,0,Angry,0.4785877242631021,BOTH_CORRECT,False,True,True,False
private,1232,3,Happy,3,Happy,0.9537890037254544,3,Happy,0.9560513952973105,BOTH_CORRECT,False,True,True,False
private,1233,3,Happy,3,Happy,0.9451546274376998,3,Happy,0.933686680664292,BOTH_CORRECT,False,True,True,False
private,1234,3,Happy,3,Happy,0.9483070682854849,3,Happy,0.9526276725698146,BOTH_CORRECT,False,True,True,False
private,1235,3,Happy,3,Happy,0.9497451308317482,3,Happy,0.9515353675645892,BOTH_CORRECT,False,True,True,False
private,1236,2,Fear,4,Sad,0.9448628866675717,6,Neutral,0.8715634944333172,BOTH_WRONG,False,True,True,False
private,1237,2,Fear,2,Fear,0.9579979023574554,2,Fear,0.9675670383896158,BOTH_CORRECT,False,False,False,True
private,1238,5,Surprise,3,Happy,0.4659175925249438,6,Neutral,0.752024082265619,BOTH_WRONG,False,True,True,False
private,1239,6,Neutral,0,Angry,0.8307407968131757,4,Sad,0.4652588779352225,BOTH_WRONG,False,True,True,False
private,1240,4,Sad,4,Sad,0.7533040668531134,4,Sad,0.8319690784630299,BOTH_CORRECT,False,True,True,False
private,1241,2,Fear,0,Angry,0.946540165410042,0,Angry,0.960709045146492,BOTH_WRONG,False,True,True,False
private,1242,3,Happy,3,Happy,0.9485226575796635,3,Happy,0.9451432586668514,BOTH_CORRECT,False,True,True,False
private,1243,3,Happy,3,Happy,0.9450633157266906,3,Happy,0.9441394807224706,BOTH_CORRECT,False,False,False,True
private,1244,0,Angry,0,Angry,0.9138673495402269,0,Angry,0.9532448868469646,BOTH_CORRECT,False,False,False,True
private,1245,1,Disgust,1,Disgust,0.9350571760504441,1,Disgust,0.7741666890386937,BOTH_CORRECT,False,True,True,False
private,1246,3,Happy,3,Happy,0.9513271684116887,3,Happy,0.9473302773378316,BOTH_CORRECT,False,True,True,False
private,1247,4,Sad,0,Angry,0.48824781034769477,4,Sad,0.6542463856677507,V22_CORRECT_V21_WRONG,True,True,True,False
private,1248,5,Surprise,5,Surprise,0.943776992090154,5,Surprise,0.9512668939696254,BOTH_CORRECT,False,True,True,False
private,1249,2,Fear,2,Fear,0.5502557373668161,2,Fear,0.6578105790156947,BOTH_CORRECT,False,True,True,False
private,1250,2,Fear,2,Fear,0.9628914562591887,2,Fear,0.6723374522832237,BOTH_CORRECT,False,True,True,False
private,1251,4,Sad,4,Sad,0.9598139026687125,4,Sad,0.9615219285514581,BOTH_CORRECT,False,True,True,False
private,1252,5,Surprise,5,Surprise,0.9349906790655286,5,Surprise,0.7919202439825287,BOTH_CORRECT,False,True,True,False
private,1253,3,Happy,3,Happy,0.9515403711033034,3,Happy,0.9528213369530226,BOTH_CORRECT,False,True,True,False
private,1254,3,Happy,3,Happy,0.9511050829835298,3,Happy,0.9447727513835801,BOTH_CORRECT,False,True,True,False
private,1255,5,Surprise,5,Surprise,0.9501899735690936,5,Surprise,0.9555256381592844,BOTH_CORRECT,False,True,True,False
private,1256,4,Sad,6,Neutral,0.8620937977407831,0,Angry,0.4423402138633169,BOTH_WRONG,False,True,True,False
private,1257,4,Sad,3,Happy,0.7475394599607892,6,Neutral,0.9322795609006037,BOTH_WRONG,False,True,True,False
private,1258,4,Sad,4,Sad,0.9129023871006531,4,Sad,0.9609513405893654,BOTH_CORRECT,False,True,True,False
private,1259,2,Fear,4,Sad,0.7685593375759332,4,Sad,0.639296969467077,BOTH_WRONG,False,True,True,False
private,1260,2,Fear,4,Sad,0.5675214710014105,4,Sad,0.8457316864908238,BOTH_WRONG,False,True,True,False
private,1261,2,Fear,6,Neutral,0.8380685853653689,2,Fear,0.7351441236548905,V22_CORRECT_V21_WRONG,True,True,True,False
private,1262,0,Angry,6,Neutral,0.9493918673625501,0,Angry,0.9044665204738318,V22_CORRECT_V21_WRONG,True,True,False,False
private,1263,1,Disgust,1,Disgust,0.9707384865609922,1,Disgust,0.9735628620319996,BOTH_CORRECT,False,False,False,True
private,1264,3,Happy,3,Happy,0.9412294904268869,3,Happy,0.9322309540130476,BOTH_CORRECT,False,True,True,False
private,1265,6,Neutral,6,Neutral,0.9275714075169353,6,Neutral,0.9277631867842474,BOTH_CORRECT,False,True,True,False
private,1266,3,Happy,3,Happy,0.9532136655338712,6,Neutral,0.6988840670892295,V21_CORRECT_V22_WRONG,True,True,True,False
private,1267,3,Happy,3,Happy,0.697925363824591,4,Sad,0.8416040936215616,V21_CORRECT_V22_WRONG,True,True,True,False
private,1268,6,Neutral,4,Sad,0.9024865174159734,4,Sad,0.6747049275914763,BOTH_WRONG,False,False,False,True
private,1269,2,Fear,5,Surprise,0.9520025654195357,5,Surprise,0.9587780891484421,BOTH_WRONG,False,True,True,False
private,1270,3,Happy,3,Happy,0.952102199992251,3,Happy,0.9486693296742125,BOTH_CORRECT,False,True,True,False
private,1271,2,Fear,5,Surprise,0.8242576807806599,2,Fear,0.48230979814422653,V22_CORRECT_V21_WRONG,True,False,False,True
private,1272,3,Happy,3,Happy,0.9517618617546652,3,Happy,0.9530886788445924,BOTH_CORRECT,False,True,True,False
private,1273,2,Fear,2,Fear,0.9226750388448003,2,Fear,0.9421457226332509,BOTH_CORRECT,False,False,False,True
private,1274,6,Neutral,6,Neutral,0.5159919790912851,6,Neutral,0.8811150691792222,BOTH_CORRECT,False,True,True,False
private,1275,0,Angry,0,Angry,0.9360972709933049,0,Angry,0.8560403459472823,BOTH_CORRECT,False,True,True,False
private,1276,3,Happy,3,Happy,0.9509887709915789,3,Happy,0.948993892495453,BOTH_CORRECT,False,True,True,False
private,1277,4,Sad,2,Fear,0.886342054791003,2,Fear,0.8546835777558606,BOTH_WRONG,False,True,True,False
private,1278,5,Surprise,2,Fear,0.5736356016757452,5,Surprise,0.9589462681260544,V22_CORRECT_V21_WRONG,True,True,True,False
private,1279,4,Sad,6,Neutral,0.3877734906639947,4,Sad,0.7622559019681844,V22_CORRECT_V21_WRONG,True,True,True,False
private,1280,6,Neutral,6,Neutral,0.8490559197880466,6,Neutral,0.8820456938666914,BOTH_CORRECT,False,True,True,False
private,1281,0,Angry,0,Angry,0.9619412779519854,0,Angry,0.9387929398892386,BOTH_CORRECT,False,True,True,False
private,1282,0,Angry,2,Fear,0.7608213668166917,2,Fear,0.8834935879570683,BOTH_WRONG,False,True,True,False
private,1283,3,Happy,6,Neutral,0.5406815577386858,6,Neutral,0.9511229112194467,BOTH_WRONG,False,True,True,False
private,1284,2,Fear,3,Happy,0.8461383862866408,2,Fear,0.9431604248542177,V22_CORRECT_V21_WRONG,True,True,True,False
private,1285,2,Fear,0,Angry,0.9609698108677027,0,Angry,0.9614061307046806,BOTH_WRONG,False,True,True,False
private,1286,6,Neutral,6,Neutral,0.859882826096778,6,Neutral,0.8600213917634317,BOTH_CORRECT,False,True,True,False
private,1287,0,Angry,4,Sad,0.889764062591692,4,Sad,0.9506908341934868,BOTH_WRONG,False,True,True,False
private,1288,6,Neutral,6,Neutral,0.878533530964985,6,Neutral,0.9296377911847709,BOTH_CORRECT,False,True,True,False
private,1289,2,Fear,2,Fear,0.9496841877214753,2,Fear,0.9075653548789236,BOTH_CORRECT,False,True,True,False
private,1290,0,Angry,2,Fear,0.3526036284452113,0,Angry,0.5942655142866136,V22_CORRECT_V21_WRONG,True,True,True,False
private,1291,2,Fear,2,Fear,0.7304592483051464,2,Fear,0.9400537412625146,BOTH_CORRECT,False,True,True,False
private,1292,6,Neutral,6,Neutral,0.9433212455586587,6,Neutral,0.9196921353206434,BOTH_CORRECT,False,True,True,False
private,1293,4,Sad,6,Neutral,0.3837659686852438,4,Sad,0.7281169420627572,V22_CORRECT_V21_WRONG,True,True,True,False
private,1294,2,Fear,6,Neutral,0.9019415948561561,6,Neutral,0.8575280650566904,BOTH_WRONG,False,True,True,False
private,1295,3,Happy,5,Surprise,0.7788383762424449,5,Surprise,0.8209885804371443,BOTH_WRONG,False,True,True,False
private,1296,4,Sad,4,Sad,0.8948180208502631,4,Sad,0.934309714700749,BOTH_CORRECT,False,True,True,False
private,1297,4,Sad,4,Sad,0.8384733758328309,4,Sad,0.9450253337705349,BOTH_CORRECT,False,True,True,False
private,1298,5,Surprise,5,Surprise,0.9489979446512036,5,Surprise,0.9551349496010211,BOTH_CORRECT,False,False,False,True
private,1299,0,Angry,4,Sad,0.8331550691536009,4,Sad,0.9281428403554567,BOTH_WRONG,False,True,True,False
private,1300,4,Sad,4,Sad,0.6347389646721626,4,Sad,0.9254347590775122,BOTH_CORRECT,False,True,True,False
private,1301,4,Sad,4,Sad,0.9208653045182789,4,Sad,0.9350074348907924,BOTH_CORRECT,False,True,True,False
private,1302,6,Neutral,2,Fear,0.4847328260566546,6,Neutral,0.769273586090687,V22_CORRECT_V21_WRONG,True,True,True,False
private,1303,0,Angry,0,Angry,0.9384027881644437,0,Angry,0.9548388595706002,BOTH_CORRECT,False,True,True,False
private,1304,5,Surprise,5,Surprise,0.9552116315354066,5,Surprise,0.9548380687457364,BOTH_CORRECT,False,True,True,False
private,1305,4,Sad,4,Sad,0.8480122060115017,4,Sad,0.9384628622665714,BOTH_CORRECT,False,True,True,False
private,1306,2,Fear,4,Sad,0.7664597129518219,4,Sad,0.9470024606053555,BOTH_WRONG,False,True,True,False
private,1307,2,Fear,2,Fear,0.8398435087094078,2,Fear,0.8951708887521543,BOTH_CORRECT,False,True,True,False
private,1308,4,Sad,4,Sad,0.47939412122026337,0,Angry,0.5364765854421868,V21_CORRECT_V22_WRONG,True,True,True,False
private,1309,2,Fear,4,Sad,0.7896867385269231,6,Neutral,0.6758824655608335,BOTH_WRONG,False,True,True,False
private,1310,2,Fear,2,Fear,0.9513165714376993,2,Fear,0.959649500231581,BOTH_CORRECT,False,True,True,False
private,1311,6,Neutral,4,Sad,0.7230404299719091,4,Sad,0.9394875330628235,BOTH_WRONG,False,True,True,False
private,1312,3,Happy,3,Happy,0.9571227574545562,3,Happy,0.955127209180788,BOTH_CORRECT,False,True,True,False
private,1313,2,Fear,2,Fear,0.9559038539345384,2,Fear,0.9626094138913484,BOTH_CORRECT,False,True,True,False
private,1314,6,Neutral,6,Neutral,0.5142505618483543,6,Neutral,0.9421149922030781,BOTH_CORRECT,False,True,True,False
private,1315,2,Fear,4,Sad,0.9496337522141335,4,Sad,0.9287072854488354,BOTH_WRONG,False,True,True,False
private,1316,4,Sad,6,Neutral,0.7584758650732794,6,Neutral,0.8701513900514584,BOTH_WRONG,False,True,True,False
private,1317,3,Happy,5,Surprise,0.7727627074592242,5,Surprise,0.7954963790341596,BOTH_WRONG,False,True,True,False
private,1318,6,Neutral,6,Neutral,0.9021970112891645,6,Neutral,0.917942031570091,BOTH_CORRECT,False,True,True,False
private,1319,2,Fear,4,Sad,0.5668575027025542,4,Sad,0.9440892194705848,BOTH_WRONG,False,True,True,False
private,1320,4,Sad,0,Angry,0.4591896366685039,4,Sad,0.511219395153319,V22_CORRECT_V21_WRONG,True,True,True,False
private,1321,6,Neutral,6,Neutral,0.5196295354088423,6,Neutral,0.5431789918841805,BOTH_CORRECT,False,True,True,False
private,1322,6,Neutral,0,Angry,0.5967820928391989,6,Neutral,0.8042048436164916,V22_CORRECT_V21_WRONG,True,True,True,False
private,1323,4,Sad,4,Sad,0.959153164971037,4,Sad,0.9532441223176914,BOTH_CORRECT,False,True,True,False
private,1324,0,Angry,0,Angry,0.9417452286515899,0,Angry,0.8939370318530652,BOTH_CORRECT,False,True,True,False
private,1325,2,Fear,4,Sad,0.8507401897957554,4,Sad,0.6660959022028299,BOTH_WRONG,False,True,True,False
private,1326,2,Fear,5,Surprise,0.6588171920250017,2,Fear,0.7338728259069597,V22_CORRECT_V21_WRONG,True,True,True,False
private,1327,4,Sad,2,Fear,0.5279313876545766,3,Happy,0.9479228205550364,BOTH_WRONG,False,True,True,False
private,1328,2,Fear,6,Neutral,0.9067715296512276,2,Fear,0.8355301097350815,V22_CORRECT_V21_WRONG,True,True,True,False
private,1329,2,Fear,4,Sad,0.4551035246829477,0,Angry,0.5009391620702995,BOTH_WRONG,False,True,True,False
private,1330,4,Sad,6,Neutral,0.5824393418683418,4,Sad,0.8800455630825008,V22_CORRECT_V21_WRONG,True,True,True,False
private,1331,3,Happy,4,Sad,0.8921862191322987,4,Sad,0.9491610558882528,BOTH_WRONG,False,True,True,False
private,1332,3,Happy,3,Happy,0.8386708086828037,3,Happy,0.8803344388420862,BOTH_CORRECT,False,True,True,False
private,1333,5,Surprise,5,Surprise,0.9518277664403808,5,Surprise,0.9628245636498859,BOTH_CORRECT,False,False,False,True
private,1334,5,Surprise,5,Surprise,0.9581042276022387,5,Surprise,0.9461534443026126,BOTH_CORRECT,False,False,False,True
private,1335,0,Angry,0,Angry,0.9565605497751132,0,Angry,0.9644905825665631,BOTH_CORRECT,False,True,True,False
private,1336,3,Happy,3,Happy,0.9497789797032367,3,Happy,0.9506814863513403,BOTH_CORRECT,False,True,True,False
private,1337,3,Happy,3,Happy,0.7685481617666978,3,Happy,0.9472112655397704,BOTH_CORRECT,False,True,True,False
private,1338,4,Sad,3,Happy,0.9579866701392896,3,Happy,0.9624591667473752,BOTH_WRONG,False,True,True,False
private,1339,6,Neutral,6,Neutral,0.9153084030076604,6,Neutral,0.933279253889732,BOTH_CORRECT,False,True,True,False
private,1340,0,Angry,0,Angry,0.9457726030437029,2,Fear,0.4712274024341028,V21_CORRECT_V22_WRONG,True,True,True,False
private,1341,6,Neutral,6,Neutral,0.8451302373468614,6,Neutral,0.4781879574237105,BOTH_CORRECT,False,True,True,False
private,1342,4,Sad,4,Sad,0.7429256889870084,4,Sad,0.9506363035361419,BOTH_CORRECT,False,True,True,False
private,1343,3,Happy,3,Happy,0.9586341347199893,3,Happy,0.9513189523448771,BOTH_CORRECT,False,True,True,False
private,1344,6,Neutral,6,Neutral,0.9324613236604916,6,Neutral,0.9386967727311292,BOTH_CORRECT,False,False,False,True
private,1345,3,Happy,3,Happy,0.9549591441066382,3,Happy,0.9540360287073534,BOTH_CORRECT,False,True,True,False
private,1346,2,Fear,2,Fear,0.7005194330554642,2,Fear,0.8861923752709819,BOTH_CORRECT,False,False,False,True
private,1347,3,Happy,5,Surprise,0.8504901223931067,5,Surprise,0.8753603683894717,BOTH_WRONG,False,True,True,False
private,1348,2,Fear,4,Sad,0.8993392953481885,2,Fear,0.9077637086809571,V22_CORRECT_V21_WRONG,True,True,True,False
private,1349,5,Surprise,1,Disgust,0.6772858395354235,0,Angry,0.8561376755445831,BOTH_WRONG,False,True,False,False
private,1350,3,Happy,0,Angry,0.887067566574947,0,Angry,0.9611175136496031,BOTH_WRONG,False,True,True,False
private,1351,2,Fear,6,Neutral,0.6418061566529736,5,Surprise,0.3960235965569785,BOTH_WRONG,False,True,True,False
private,1352,5,Surprise,5,Surprise,0.9228191725531257,5,Surprise,0.849135210396552,BOTH_CORRECT,False,False,False,True
private,1353,2,Fear,2,Fear,0.4875513335290005,2,Fear,0.6924304070544662,BOTH_CORRECT,False,True,True,False
private,1354,5,Surprise,5,Surprise,0.9456514675621487,5,Surprise,0.9288706623386954,BOTH_CORRECT,False,False,False,True
private,1355,3,Happy,3,Happy,0.9467794918237287,3,Happy,0.941004950085962,BOTH_CORRECT,False,True,True,False
private,1356,0,Angry,0,Angry,0.8048889429562396,0,Angry,0.9588495329854021,BOTH_CORRECT,False,True,True,False
private,1357,4,Sad,4,Sad,0.8463553150580111,4,Sad,0.4413239189384835,BOTH_CORRECT,False,True,True,False
private,1358,3,Happy,6,Neutral,0.6735541744284943,3,Happy,0.7451257930430017,V22_CORRECT_V21_WRONG,True,True,True,False
private,1359,3,Happy,3,Happy,0.906200935250534,3,Happy,0.8070740981769208,BOTH_CORRECT,False,True,True,False
private,1360,0,Angry,0,Angry,0.9441291776676782,0,Angry,0.9549512670454461,BOTH_CORRECT,False,True,True,False
private,1361,6,Neutral,6,Neutral,0.8999470714100561,6,Neutral,0.9521752393308756,BOTH_CORRECT,False,True,True,False
private,1362,3,Happy,3,Happy,0.9527289152864443,3,Happy,0.9451895790657666,BOTH_CORRECT,False,True,True,False
private,1363,1,Disgust,0,Angry,0.9593033533026268,0,Angry,0.9445219012980547,BOTH_WRONG,False,True,False,False
private,1364,2,Fear,2,Fear,0.9440549233976406,2,Fear,0.8716539908847073,BOTH_CORRECT,False,True,True,False
private,1365,4,Sad,4,Sad,0.6365987958615167,4,Sad,0.9157351088723774,BOTH_CORRECT,False,True,True,False
private,1366,0,Angry,4,Sad,0.7092934038292383,4,Sad,0.9567567198180474,BOTH_WRONG,False,True,True,False
private,1367,3,Happy,3,Happy,0.9490208048364012,3,Happy,0.9496592610907717,BOTH_CORRECT,False,True,True,False
private,1368,0,Angry,0,Angry,0.8940478780359651,0,Angry,0.9589358427515916,BOTH_CORRECT,False,True,True,False
private,1369,5,Surprise,5,Surprise,0.9540626120781931,5,Surprise,0.9583510127925741,BOTH_CORRECT,False,True,True,False
private,1370,6,Neutral,6,Neutral,0.9485897954616452,6,Neutral,0.9470954028903811,BOTH_CORRECT,False,True,True,False
private,1371,3,Happy,3,Happy,0.9580633029707013,3,Happy,0.9566050193838495,BOTH_CORRECT,False,True,True,False
private,1372,1,Disgust,1,Disgust,0.9740168014236684,1,Disgust,0.9772607745090401,BOTH_CORRECT,False,False,False,True
private,1373,4,Sad,0,Angry,0.9230289346979479,0,Angry,0.9576714832100498,BOTH_WRONG,False,True,True,False
private,1374,2,Fear,0,Angry,0.9333674255899633,0,Angry,0.9654804214992335,BOTH_WRONG,False,True,True,False
private,1375,2,Fear,0,Angry,0.6766030570201965,0,Angry,0.9536532693314842,BOTH_WRONG,False,True,True,False
private,1376,2,Fear,6,Neutral,0.7764981973509059,3,Happy,0.42025761246335513,BOTH_WRONG,False,True,True,False
private,1377,3,Happy,3,Happy,0.9577307697027098,3,Happy,0.9563737550920252,BOTH_CORRECT,False,True,True,False
private,1378,3,Happy,3,Happy,0.9492491620930312,3,Happy,0.939258654371151,BOTH_CORRECT,False,True,True,False
private,1379,5,Surprise,4,Sad,0.6735316446965315,2,Fear,0.8854875760463705,BOTH_WRONG,False,True,True,False
private,1380,5,Surprise,5,Surprise,0.9551776574832933,5,Surprise,0.9543192869872281,BOTH_CORRECT,False,True,True,False
private,1381,4,Sad,4,Sad,0.9490442914957836,4,Sad,0.9221872560291943,BOTH_CORRECT,False,True,True,False
private,1382,6,Neutral,6,Neutral,0.8804794250165989,6,Neutral,0.9424230337581646,BOTH_CORRECT,False,True,True,False
private,1383,0,Angry,0,Angry,0.9334615719382848,0,Angry,0.962495348492688,BOTH_CORRECT,False,True,True,False
private,1384,0,Angry,0,Angry,0.964980206019071,0,Angry,0.9635004778804098,BOTH_CORRECT,False,False,False,True
private,1385,3,Happy,3,Happy,0.9414724206811909,3,Happy,0.9447058300494248,BOTH_CORRECT,False,True,True,False
private,1386,4,Sad,4,Sad,0.8824722640669049,4,Sad,0.533884489991016,BOTH_CORRECT,False,True,True,False
private,1387,3,Happy,3,Happy,0.9410501242540861,3,Happy,0.9461603916909432,BOTH_CORRECT,False,True,True,False
private,1388,4,Sad,4,Sad,0.7505726497074531,4,Sad,0.927679462781234,BOTH_CORRECT,False,True,True,False
private,1389,6,Neutral,6,Neutral,0.954046457031583,6,Neutral,0.9598615044259626,BOTH_CORRECT,False,True,True,False
private,1390,3,Happy,3,Happy,0.9560325673415655,3,Happy,0.9550533718837884,BOTH_CORRECT,False,True,True,False
private,1391,4,Sad,4,Sad,0.9553690412788836,4,Sad,0.9558593155141006,BOTH_CORRECT,False,True,True,False
private,1392,3,Happy,3,Happy,0.924199245914122,3,Happy,0.916087708741666,BOTH_CORRECT,False,True,True,False
private,1393,4,Sad,4,Sad,0.6551677593688908,4,Sad,0.49086593099934384,BOTH_CORRECT,False,True,True,False
private,1394,3,Happy,3,Happy,0.9339994231420413,3,Happy,0.8694401727822457,BOTH_CORRECT,False,True,True,False
private,1395,4,Sad,2,Fear,0.683113536785319,4,Sad,0.9531071767496124,V22_CORRECT_V21_WRONG,True,True,True,False
private,1396,6,Neutral,6,Neutral,0.9323220670878735,6,Neutral,0.9563273795385574,BOTH_CORRECT,False,True,True,False
private,1397,3,Happy,3,Happy,0.9556490931354296,3,Happy,0.9551199160983233,BOTH_CORRECT,False,True,True,False
private,1398,2,Fear,1,Disgust,0.6023306620547609,0,Angry,0.5413446999143309,BOTH_WRONG,False,True,True,False
private,1399,2,Fear,2,Fear,0.7524075925009523,2,Fear,0.9661066895805857,BOTH_CORRECT,False,True,True,False
private,1400,2,Fear,2,Fear,0.9603039385097035,2,Fear,0.9616071838280654,BOTH_CORRECT,False,True,True,False
private,1401,6,Neutral,6,Neutral,0.9108436479434346,6,Neutral,0.9440462602625367,BOTH_CORRECT,False,True,True,False
private,1402,3,Happy,3,Happy,0.6951838546004109,4,Sad,0.3762380286348641,V21_CORRECT_V22_WRONG,True,True,True,False
private,1403,2,Fear,2,Fear,0.8039759570826509,6,Neutral,0.536206279705052,V21_CORRECT_V22_WRONG,True,True,True,False
private,1404,2,Fear,2,Fear,0.8463292657419346,2,Fear,0.9478160424551636,BOTH_CORRECT,False,True,True,False
private,1405,6,Neutral,6,Neutral,0.9198769215220767,6,Neutral,0.9461276999440389,BOTH_CORRECT,False,True,True,False
private,1406,3,Happy,3,Happy,0.9455240024998225,3,Happy,0.9594243388971877,BOTH_CORRECT,False,True,True,False
private,1407,2,Fear,6,Neutral,0.5612992587143346,6,Neutral,0.621368498739251,BOTH_WRONG,False,True,True,False
private,1408,0,Angry,0,Angry,0.9604676454889144,0,Angry,0.9559519243189395,BOTH_CORRECT,False,True,True,False
private,1409,4,Sad,4,Sad,0.9527260220524726,4,Sad,0.8421458724881036,BOTH_CORRECT,False,False,False,True
private,1410,6,Neutral,6,Neutral,0.9383528105390998,6,Neutral,0.956095784910175,BOTH_CORRECT,False,True,True,False
private,1411,2,Fear,4,Sad,0.5184387828375357,4,Sad,0.3776914682080384,BOTH_WRONG,False,True,True,False
private,1412,6,Neutral,2,Fear,0.6551402998330635,6,Neutral,0.857813702411166,V22_CORRECT_V21_WRONG,True,True,True,False
private,1413,3,Happy,3,Happy,0.9338709313589374,3,Happy,0.9185265606955224,BOTH_CORRECT,False,True,True,False
private,1414,6,Neutral,4,Sad,0.6861000248468048,0,Angry,0.8717076608332353,BOTH_WRONG,False,True,True,False
private,1415,0,Angry,0,Angry,0.5430530595871571,0,Angry,0.9330042879372911,BOTH_CORRECT,False,True,True,False
private,1416,6,Neutral,6,Neutral,0.9430297386049006,6,Neutral,0.9456515444550874,BOTH_CORRECT,False,True,True,False
private,1417,2,Fear,0,Angry,0.800904325156682,0,Angry,0.8224198457704737,BOTH_WRONG,False,True,True,False
private,1418,6,Neutral,0,Angry,0.9521678265459582,2,Fear,0.9518030086042663,BOTH_WRONG,False,True,True,False
private,1419,4,Sad,6,Neutral,0.9495142393023857,6,Neutral,0.9439851770112793,BOTH_WRONG,False,True,True,False
private,1420,2,Fear,0,Angry,0.9332189429719434,6,Neutral,0.9460585149046253,BOTH_WRONG,False,True,True,False
private,1421,0,Angry,6,Neutral,0.5682441859229659,0,Angry,0.860544233520515,V22_CORRECT_V21_WRONG,True,True,True,False
private,1422,2,Fear,2,Fear,0.9589999227096759,2,Fear,0.9521481067264834,BOTH_CORRECT,False,True,True,False
private,1423,3,Happy,3,Happy,0.9524070879427794,3,Happy,0.9486296732699971,BOTH_CORRECT,False,True,True,False
private,1424,2,Fear,2,Fear,0.9197574076471232,2,Fear,0.9148623594146329,BOTH_CORRECT,False,True,True,False
private,1425,3,Happy,3,Happy,0.9516354751982848,3,Happy,0.9484364016479888,BOTH_CORRECT,False,True,True,False
private,1426,6,Neutral,6,Neutral,0.9461280431145213,6,Neutral,0.9475593895396166,BOTH_CORRECT,False,False,False,True
private,1427,0,Angry,4,Sad,0.9360012620909132,4,Sad,0.9530980453840755,BOTH_WRONG,False,True,True,False
private,1428,3,Happy,3,Happy,0.9284163367416423,3,Happy,0.9314492631247288,BOTH_CORRECT,False,True,True,False
private,1429,3,Happy,3,Happy,0.9483681538924733,3,Happy,0.9427910574241716,BOTH_CORRECT,False,True,True,False
private,1430,4,Sad,4,Sad,0.710159581914523,4,Sad,0.5374222684868017,BOTH_CORRECT,False,True,True,False
private,1431,0,Angry,0,Angry,0.9560170395066103,0,Angry,0.9164108726868125,BOTH_CORRECT,False,True,True,False
private,1432,4,Sad,4,Sad,0.9419647413598159,6,Neutral,0.7915981151677466,V21_CORRECT_V22_WRONG,True,True,True,False
private,1433,3,Happy,3,Happy,0.9561051550915118,3,Happy,0.9583195641622028,BOTH_CORRECT,False,True,True,False
private,1434,6,Neutral,6,Neutral,0.9419963615627953,6,Neutral,0.9498796380089689,BOTH_CORRECT,False,False,False,True
private,1435,6,Neutral,6,Neutral,0.5571482101884203,6,Neutral,0.717271081007828,BOTH_CORRECT,False,True,True,False
private,1436,5,Surprise,5,Surprise,0.9543391615226621,5,Surprise,0.9588309421391226,BOTH_CORRECT,False,False,False,True
private,1437,0,Angry,4,Sad,0.95286025732954,4,Sad,0.7941642511177618,BOTH_WRONG,False,True,True,False
private,1438,4,Sad,4,Sad,0.9410621519622455,4,Sad,0.9311341416433057,BOTH_CORRECT,False,True,True,False
private,1439,2,Fear,2,Fear,0.9084075360316498,5,Surprise,0.8590607232732396,V21_CORRECT_V22_WRONG,True,True,True,False
private,1440,0,Angry,0,Angry,0.64731807234131,0,Angry,0.8912017797531833,BOTH_CORRECT,False,True,True,False
private,1441,4,Sad,4,Sad,0.79478856356371,1,Disgust,0.612175359480838,V21_CORRECT_V22_WRONG,True,True,True,False
private,1442,6,Neutral,6,Neutral,0.9307588094315186,6,Neutral,0.9415972660565671,BOTH_CORRECT,False,True,True,False
private,1443,3,Happy,3,Happy,0.9276769674921791,3,Happy,0.8241806421997252,BOTH_CORRECT,False,True,True,False
private,1444,3,Happy,3,Happy,0.9657374793741083,3,Happy,0.9616478508152942,BOTH_CORRECT,False,True,True,False
private,1445,4,Sad,4,Sad,0.9366351651627018,2,Fear,0.9515982495513055,V21_CORRECT_V22_WRONG,True,True,True,False
private,1446,4,Sad,6,Neutral,0.9117775554279118,4,Sad,0.782286451908702,V22_CORRECT_V21_WRONG,True,True,True,False
private,1447,5,Surprise,5,Surprise,0.9543138529370999,5,Surprise,0.9611782629943157,BOTH_CORRECT,False,True,True,False
private,1448,5,Surprise,5,Surprise,0.9371418907886918,5,Surprise,0.9449741827376149,BOTH_CORRECT,False,False,False,True
private,1449,4,Sad,4,Sad,0.6821453879606687,4,Sad,0.9502144081902881,BOTH_CORRECT,False,True,True,False
private,1450,2,Fear,2,Fear,0.41457505863514893,4,Sad,0.9663429289429781,V21_CORRECT_V22_WRONG,True,True,True,False
private,1451,4,Sad,4,Sad,0.7995506224855984,2,Fear,0.48018007134845353,V21_CORRECT_V22_WRONG,True,True,True,False
private,1452,3,Happy,2,Fear,0.41914128027174896,4,Sad,0.44684738494513687,BOTH_WRONG,False,True,True,False
private,1453,0,Angry,2,Fear,0.8606622453964956,2,Fear,0.45371828792345903,BOTH_WRONG,False,True,False,False
private,1454,4,Sad,0,Angry,0.546281639527146,4,Sad,0.9561829794637204,V22_CORRECT_V21_WRONG,True,True,True,False
private,1455,6,Neutral,6,Neutral,0.9144982982257932,6,Neutral,0.9283520725110158,BOTH_CORRECT,False,True,True,False
private,1456,4,Sad,2,Fear,0.9081792099838958,2,Fear,0.8495495495382225,BOTH_WRONG,False,True,True,False
private,1457,5,Surprise,5,Surprise,0.9405061090630378,5,Surprise,0.9497634623943139,BOTH_CORRECT,False,False,False,True
private,1458,2,Fear,0,Angry,0.7615869154164697,2,Fear,0.5587266716707824,V22_CORRECT_V21_WRONG,True,True,True,False
private,1459,3,Happy,3,Happy,0.9086433119705233,3,Happy,0.9365386684695696,BOTH_CORRECT,False,True,True,False
private,1460,6,Neutral,6,Neutral,0.9301546907992596,6,Neutral,0.9176158031569289,BOTH_CORRECT,False,True,True,False
private,1461,5,Surprise,5,Surprise,0.9077043837474529,5,Surprise,0.9323153298898139,BOTH_CORRECT,False,False,False,True
private,1462,6,Neutral,6,Neutral,0.7164654239344266,6,Neutral,0.9615657026388099,BOTH_CORRECT,False,True,True,False
private,1463,3,Happy,3,Happy,0.957777869880057,3,Happy,0.9564579523754602,BOTH_CORRECT,False,True,True,False
private,1464,3,Happy,0,Angry,0.946198525339203,6,Neutral,0.9201436600081937,BOTH_WRONG,False,True,True,False
private,1465,0,Angry,0,Angry,0.9663641634280993,0,Angry,0.9498184717172647,BOTH_CORRECT,False,True,True,False
private,1466,1,Disgust,1,Disgust,0.9705402882410055,2,Fear,0.8617706986148507,V21_CORRECT_V22_WRONG,True,True,True,False
private,1467,6,Neutral,2,Fear,0.5161668818152289,6,Neutral,0.7285305768645337,V22_CORRECT_V21_WRONG,True,True,True,False
private,1468,4,Sad,4,Sad,0.621631906143243,0,Angry,0.8231931907246774,V21_CORRECT_V22_WRONG,True,True,True,False
private,1469,6,Neutral,6,Neutral,0.772325382087253,6,Neutral,0.9304557760246247,BOTH_CORRECT,False,True,True,False
private,1470,6,Neutral,4,Sad,0.42573459876021946,6,Neutral,0.836803118804095,V22_CORRECT_V21_WRONG,True,True,True,False
private,1471,3,Happy,3,Happy,0.939590192178027,3,Happy,0.9261870424437779,BOTH_CORRECT,False,True,True,False
private,1472,3,Happy,3,Happy,0.9198228983869947,3,Happy,0.8672087649168796,BOTH_CORRECT,False,True,True,False
private,1473,4,Sad,4,Sad,0.731406509206014,0,Angry,0.6739359669577185,V21_CORRECT_V22_WRONG,True,True,True,False
private,1474,0,Angry,2,Fear,0.9363998932011842,2,Fear,0.9542314316996192,BOTH_WRONG,False,True,True,False
private,1475,2,Fear,4,Sad,0.8103634202279683,2,Fear,0.8905671895121612,V22_CORRECT_V21_WRONG,True,True,True,False
private,1476,0,Angry,0,Angry,0.8116872425261733,0,Angry,0.946476921726705,BOTH_CORRECT,False,True,True,False
private,1477,2,Fear,4,Sad,0.7756522420058908,4,Sad,0.31326185724205446,BOTH_WRONG,False,True,True,False
private,1478,6,Neutral,0,Angry,0.5021596514126659,0,Angry,0.6246927526640362,BOTH_WRONG,False,True,True,False
private,1479,0,Angry,0,Angry,0.8977252025544626,0,Angry,0.9626485256800406,BOTH_CORRECT,False,True,True,False
private,1480,4,Sad,4,Sad,0.9059703389065449,4,Sad,0.9591664532231813,BOTH_CORRECT,False,False,False,True
private,1481,6,Neutral,6,Neutral,0.5786523431601384,6,Neutral,0.9563324967551295,BOTH_CORRECT,False,True,True,False
private,1482,4,Sad,4,Sad,0.9089340125942243,4,Sad,0.9428772298111808,BOTH_CORRECT,False,False,False,True
private,1483,6,Neutral,6,Neutral,0.9337691683246357,6,Neutral,0.8883256773853492,BOTH_CORRECT,False,True,True,False
private,1484,6,Neutral,4,Sad,0.9381189947278215,4,Sad,0.9528783013841987,BOTH_WRONG,False,True,True,False
private,1485,2,Fear,2,Fear,0.9544080245356057,2,Fear,0.9598970137341339,BOTH_CORRECT,False,False,False,True
private,1486,1,Disgust,1,Disgust,0.9735353037106035,1,Disgust,0.9676535960080789,BOTH_CORRECT,False,True,True,False
private,1487,6,Neutral,6,Neutral,0.9080871986457847,6,Neutral,0.9466136759751513,BOTH_CORRECT,False,True,True,False
private,1488,4,Sad,6,Neutral,0.8182901663990464,0,Angry,0.6309607810290798,BOTH_WRONG,False,True,True,False
private,1489,0,Angry,3,Happy,0.8494060944502184,3,Happy,0.4153633735906509,BOTH_WRONG,False,True,True,False
private,1490,2,Fear,4,Sad,0.7863229925141579,4,Sad,0.9438385216032573,BOTH_WRONG,False,True,True,False
private,1491,5,Surprise,5,Surprise,0.9576897925760077,5,Surprise,0.9642665187038786,BOTH_CORRECT,False,True,True,False
private,1492,2,Fear,2,Fear,0.7536985138704609,0,Angry,0.877590099933388,V21_CORRECT_V22_WRONG,True,True,True,False
private,1493,4,Sad,0,Angry,0.7267500820341832,4,Sad,0.46916911721725413,V22_CORRECT_V21_WRONG,True,True,True,False
private,1494,4,Sad,6,Neutral,0.8773295523725722,6,Neutral,0.85747889380181,BOTH_WRONG,False,True,True,False
private,1495,0,Angry,2,Fear,0.41195722374913807,6,Neutral,0.761714003354746,BOTH_WRONG,False,True,True,False
private,1496,6,Neutral,0,Angry,0.5779417740967687,4,Sad,0.7604198122012787,BOTH_WRONG,False,True,True,False
private,1497,4,Sad,4,Sad,0.9422455250305256,6,Neutral,0.6696498897240025,V21_CORRECT_V22_WRONG,True,True,True,False
private,1498,0,Angry,1,Disgust,0.6343297564833207,0,Angry,0.9581197100334268,V22_CORRECT_V21_WRONG,True,True,True,False
private,1499,0,Angry,4,Sad,0.6475042016194286,4,Sad,0.8564455558351678,BOTH_WRONG,False,False,False,True
private,1500,3,Happy,3,Happy,0.9469680789359352,3,Happy,0.9332395702882722,BOTH_CORRECT,False,True,True,False
private,1501,3,Happy,3,Happy,0.5566963318015579,3,Happy,0.6290821417256152,BOTH_CORRECT,False,True,True,False
private,1502,5,Surprise,4,Sad,0.8509748574593079,4,Sad,0.7999019205264073,BOTH_WRONG,False,True,True,False
private,1503,2,Fear,2,Fear,0.9042244201408295,2,Fear,0.9479221301080216,BOTH_CORRECT,False,False,False,True
private,1504,3,Happy,3,Happy,0.9473481619912432,3,Happy,0.9496121116691931,BOTH_CORRECT,False,True,True,False
private,1505,0,Angry,6,Neutral,0.9179054866692525,6,Neutral,0.8348192978016404,BOTH_WRONG,False,True,True,False
private,1506,2,Fear,2,Fear,0.7238770785155528,2,Fear,0.6036165149901543,BOTH_CORRECT,False,True,True,False
private,1507,2,Fear,5,Surprise,0.9258939593722956,5,Surprise,0.9224800843594215,BOTH_WRONG,False,True,True,False
private,1508,2,Fear,0,Angry,0.6957843680883117,0,Angry,0.93232732262115,BOTH_WRONG,False,True,True,False
private,1509,3,Happy,6,Neutral,0.8829382181341258,6,Neutral,0.9453628223776892,BOTH_WRONG,False,True,True,False
private,1510,3,Happy,3,Happy,0.9616253275312016,3,Happy,0.9580830832664816,BOTH_CORRECT,False,True,True,False
private,1511,0,Angry,0,Angry,0.9608358332123232,0,Angry,0.9623702942599138,BOTH_CORRECT,False,True,True,False
private,1512,5,Surprise,5,Surprise,0.8507608607731793,5,Surprise,0.5645417483303821,BOTH_CORRECT,False,True,True,False
private,1513,4,Sad,4,Sad,0.8810937405924284,2,Fear,0.5726854509045488,V21_CORRECT_V22_WRONG,True,True,True,False
private,1514,2,Fear,5,Surprise,0.6626395749912763,5,Surprise,0.7193278453484718,BOTH_WRONG,False,False,False,True
private,1515,6,Neutral,2,Fear,0.9180463989643849,4,Sad,0.6450737566029499,BOTH_WRONG,False,True,True,False
private,1516,3,Happy,3,Happy,0.9576335543560004,3,Happy,0.9544536705903166,BOTH_CORRECT,False,True,True,False
private,1517,5,Surprise,5,Surprise,0.9438387293113574,5,Surprise,0.9547036058351459,BOTH_CORRECT,False,True,True,False
private,1518,6,Neutral,6,Neutral,0.9356127602369549,6,Neutral,0.9511245710322441,BOTH_CORRECT,False,True,True,False
private,1519,3,Happy,3,Happy,0.9541844487436094,3,Happy,0.9525825549530387,BOTH_CORRECT,False,True,True,False
private,1520,3,Happy,3,Happy,0.9559419956594717,3,Happy,0.950536872957763,BOTH_CORRECT,False,True,True,False
private,1521,6,Neutral,6,Neutral,0.9479273631972349,6,Neutral,0.9570825885157778,BOTH_CORRECT,False,True,True,False
private,1522,4,Sad,2,Fear,0.750965022714891,2,Fear,0.9442694002434078,BOTH_WRONG,False,True,True,False
private,1523,6,Neutral,6,Neutral,0.9382825307981256,6,Neutral,0.9570435180459624,BOTH_CORRECT,False,False,False,True
private,1524,4,Sad,4,Sad,0.8960546323032589,4,Sad,0.9647323383036724,BOTH_CORRECT,False,True,True,False
private,1525,2,Fear,6,Neutral,0.5624137326528238,0,Angry,0.6520011821374597,BOTH_WRONG,False,True,True,False
private,1526,4,Sad,6,Neutral,0.9393288940016499,6,Neutral,0.9290832970316665,BOTH_WRONG,False,True,True,False
private,1527,5,Surprise,5,Surprise,0.9384475921943175,5,Surprise,0.9474443938802969,BOTH_CORRECT,False,False,False,True
private,1528,3,Happy,3,Happy,0.9432827826754562,3,Happy,0.9593563542263894,BOTH_CORRECT,False,True,True,False
private,1529,0,Angry,0,Angry,0.6985849096558325,0,Angry,0.7265994719455231,BOTH_CORRECT,False,True,True,False
private,1530,6,Neutral,5,Surprise,0.9136534251440508,5,Surprise,0.9603096997628029,BOTH_WRONG,False,True,True,False
private,1531,0,Angry,0,Angry,0.9228419494437683,2,Fear,0.5803248185125697,V21_CORRECT_V22_WRONG,True,True,True,False
private,1532,2,Fear,4,Sad,0.9135236328275403,4,Sad,0.9323558539394234,BOTH_WRONG,False,True,True,False
private,1533,4,Sad,6,Neutral,0.937506779329966,6,Neutral,0.9424582697904303,BOTH_WRONG,False,False,False,False
private,1534,5,Surprise,5,Surprise,0.9524240292969978,5,Surprise,0.956771353380195,BOTH_CORRECT,False,False,False,True
private,1535,6,Neutral,6,Neutral,0.9445033414096284,6,Neutral,0.9221231289275211,BOTH_CORRECT,False,True,True,False
private,1536,6,Neutral,6,Neutral,0.4034795921528163,2,Fear,0.41641315616034,V21_CORRECT_V22_WRONG,True,True,True,False
private,1537,0,Angry,2,Fear,0.7424484772952652,2,Fear,0.4144764755835546,BOTH_WRONG,False,True,True,False
private,1538,3,Happy,3,Happy,0.9569212937977825,3,Happy,0.9546382002027614,BOTH_CORRECT,False,True,True,False
private,1539,2,Fear,2,Fear,0.9658073196192487,2,Fear,0.9540764628825794,BOTH_CORRECT,False,True,True,False
private,1540,4,Sad,4,Sad,0.9514248124831197,4,Sad,0.9632263755590063,BOTH_CORRECT,False,True,True,False
private,1541,3,Happy,3,Happy,0.9534389170230698,3,Happy,0.9454631640132085,BOTH_CORRECT,False,True,True,False
private,1542,4,Sad,4,Sad,0.8894476431002534,4,Sad,0.9617044161686937,BOTH_CORRECT,False,True,True,False
private,1543,3,Happy,3,Happy,0.9552019241146514,3,Happy,0.9602727175681172,BOTH_CORRECT,False,True,True,False
private,1544,3,Happy,3,Happy,0.9514946156576843,3,Happy,0.938047892446099,BOTH_CORRECT,False,True,True,False
private,1545,3,Happy,3,Happy,0.9502446791474808,3,Happy,0.9516714770562696,BOTH_CORRECT,False,True,True,False
private,1546,3,Happy,2,Fear,0.8023656816112348,3,Happy,0.8649837842454088,V22_CORRECT_V21_WRONG,True,True,True,False
private,1547,3,Happy,3,Happy,0.6274472126390364,4,Sad,0.7523812267612009,V21_CORRECT_V22_WRONG,True,True,True,False
private,1548,3,Happy,3,Happy,0.9587108040618815,3,Happy,0.9575365088000407,BOTH_CORRECT,False,True,True,False
private,1549,1,Disgust,1,Disgust,0.9709385839507816,1,Disgust,0.9670848608866431,BOTH_CORRECT,False,False,False,True
private,1550,4,Sad,4,Sad,0.9538853887860361,4,Sad,0.9468410396336322,BOTH_CORRECT,False,True,True,False
private,1551,6,Neutral,6,Neutral,0.93677376579359,6,Neutral,0.9011463185771083,BOTH_CORRECT,False,True,True,False
private,1552,2,Fear,0,Angry,0.6666007040730133,2,Fear,0.5142165234015559,V22_CORRECT_V21_WRONG,True,True,True,False
private,1553,3,Happy,3,Happy,0.9587400813707448,3,Happy,0.9572233169629957,BOTH_CORRECT,False,True,True,False
private,1554,5,Surprise,5,Surprise,0.6946310056143237,5,Surprise,0.9318145705190806,BOTH_CORRECT,False,True,True,False
private,1555,3,Happy,3,Happy,0.9543374296554681,3,Happy,0.9538305080871823,BOTH_CORRECT,False,True,True,False
private,1556,3,Happy,3,Happy,0.9573083688072219,3,Happy,0.9602726471335409,BOTH_CORRECT,False,False,False,True
private,1557,2,Fear,4,Sad,0.7832950741968715,4,Sad,0.7617152457147569,BOTH_WRONG,False,True,True,False
private,1558,6,Neutral,4,Sad,0.7602549897834118,0,Angry,0.8040689919403703,BOTH_WRONG,False,True,True,False
private,1559,4,Sad,0,Angry,0.44719114390998244,0,Angry,0.9253253343681763,BOTH_WRONG,False,True,True,False
private,1560,6,Neutral,6,Neutral,0.936568043970137,6,Neutral,0.9463156590208384,BOTH_CORRECT,False,True,True,False
private,1561,5,Surprise,5,Surprise,0.9406344005484737,5,Surprise,0.9271820396268494,BOTH_CORRECT,False,False,False,True
private,1562,6,Neutral,6,Neutral,0.8927817765251306,6,Neutral,0.9171032726990916,BOTH_CORRECT,False,True,True,False
private,1563,5,Surprise,5,Surprise,0.36410586751667723,2,Fear,0.9467258346967727,V21_CORRECT_V22_WRONG,True,True,False,False
private,1564,3,Happy,3,Happy,0.9541241575417572,3,Happy,0.9504170570539647,BOTH_CORRECT,False,True,True,False
private,1565,6,Neutral,6,Neutral,0.8762981209016896,6,Neutral,0.8958104204407806,BOTH_CORRECT,False,True,True,False
private,1566,4,Sad,4,Sad,0.7642932972336974,4,Sad,0.8924484403856936,BOTH_CORRECT,False,True,True,False
private,1567,6,Neutral,6,Neutral,0.9462488204263058,6,Neutral,0.9445227406666111,BOTH_CORRECT,False,True,True,False
private,1568,5,Surprise,5,Surprise,0.949853965620615,5,Surprise,0.9567059645896441,BOTH_CORRECT,False,True,True,False
private,1569,3,Happy,3,Happy,0.9578986324050203,3,Happy,0.9550860230635658,BOTH_CORRECT,False,True,True,False
private,1570,3,Happy,3,Happy,0.9466050718921822,3,Happy,0.9494508915474887,BOTH_CORRECT,False,True,True,False
private,1571,6,Neutral,4,Sad,0.4793713592771418,4,Sad,0.5544197715139636,BOTH_WRONG,False,True,True,False
private,1572,6,Neutral,6,Neutral,0.8951512091740648,3,Happy,0.50678613701576,V21_CORRECT_V22_WRONG,True,True,True,False
private,1573,6,Neutral,6,Neutral,0.9592353828315541,6,Neutral,0.7905783936453635,BOTH_CORRECT,False,True,True,False
private,1574,6,Neutral,6,Neutral,0.9456877168566169,6,Neutral,0.9403490386448452,BOTH_CORRECT,False,False,False,True
private,1575,4,Sad,4,Sad,0.7684599935664739,4,Sad,0.7566246271387127,BOTH_CORRECT,False,True,True,False
private,1576,3,Happy,3,Happy,0.9492031532903862,3,Happy,0.9437360980418231,BOTH_CORRECT,False,True,True,False
private,1577,6,Neutral,6,Neutral,0.8794478127248517,6,Neutral,0.9488905663652051,BOTH_CORRECT,False,True,True,False
private,1578,6,Neutral,6,Neutral,0.8643570175942399,6,Neutral,0.9536190074502788,BOTH_CORRECT,False,True,True,False
private,1579,4,Sad,0,Angry,0.5736210485149252,4,Sad,0.8172584188445909,V22_CORRECT_V21_WRONG,True,True,True,False
private,1580,3,Happy,3,Happy,0.9552182300058569,3,Happy,0.9562539303840397,BOTH_CORRECT,False,True,True,False
private,1581,5,Surprise,5,Surprise,0.9496186884162842,5,Surprise,0.918499194117801,BOTH_CORRECT,False,True,True,False
private,1582,6,Neutral,6,Neutral,0.8309583575807632,4,Sad,0.9177898773029749,V21_CORRECT_V22_WRONG,True,True,True,False
private,1583,4,Sad,4,Sad,0.855290348620165,4,Sad,0.9613348844638042,BOTH_CORRECT,False,True,True,False
private,1584,3,Happy,3,Happy,0.9558045913339653,3,Happy,0.9567576615994435,BOTH_CORRECT,False,True,True,False
private,1585,5,Surprise,5,Surprise,0.9577182239826469,5,Surprise,0.9527804722543347,BOTH_CORRECT,False,True,True,False
private,1586,4,Sad,2,Fear,0.8834672184742925,2,Fear,0.955839205663003,BOTH_WRONG,False,True,True,False
private,1587,4,Sad,4,Sad,0.5282414901481475,4,Sad,0.9468212643972849,BOTH_CORRECT,False,True,True,False
private,1588,5,Surprise,5,Surprise,0.9049009185474353,5,Surprise,0.932527113436586,BOTH_CORRECT,False,False,False,True
private,1589,2,Fear,0,Angry,0.5482914381462307,0,Angry,0.5014508336753969,BOTH_WRONG,False,True,True,False
private,1590,3,Happy,3,Happy,0.9421011355527658,3,Happy,0.93554323634558,BOTH_CORRECT,False,True,True,False
private,1591,0,Angry,0,Angry,0.9609950107795415,3,Happy,0.731362841778066,V21_CORRECT_V22_WRONG,True,True,True,False
private,1592,0,Angry,0,Angry,0.87305206589955,0,Angry,0.8358501343904102,BOTH_CORRECT,False,True,True,False
private,1593,5,Surprise,2,Fear,0.44699928807163436,3,Happy,0.9551658680925255,BOTH_WRONG,False,True,True,False
private,1594,0,Angry,2,Fear,0.7553093887623639,2,Fear,0.5234061054170174,BOTH_WRONG,False,True,True,False
private,1595,4,Sad,6,Neutral,0.9180831690768531,6,Neutral,0.8978381253536721,BOTH_WRONG,False,True,True,False
private,1596,6,Neutral,4,Sad,0.85772248487754,4,Sad,0.9600634493484295,BOTH_WRONG,False,True,True,False
private,1597,3,Happy,3,Happy,0.9485610753945252,3,Happy,0.9452072619508212,BOTH_CORRECT,False,True,True,False
private,1598,6,Neutral,0,Angry,0.5536903267458627,0,Angry,0.7647048071869263,BOTH_WRONG,False,True,True,False
private,1599,0,Angry,0,Angry,0.9477673209520483,0,Angry,0.9546733733312359,BOTH_CORRECT,False,True,True,False
private,1600,3,Happy,3,Happy,0.960033268349602,3,Happy,0.9623852494773036,BOTH_CORRECT,False,True,True,False
private,1601,0,Angry,4,Sad,0.9497375833274844,4,Sad,0.9561453678263757,BOTH_WRONG,False,True,True,False
private,1602,6,Neutral,4,Sad,0.9232761755929086,6,Neutral,0.791294124885015,V22_CORRECT_V21_WRONG,True,True,True,False
private,1603,6,Neutral,6,Neutral,0.8220134344891803,6,Neutral,0.9498836429607569,BOTH_CORRECT,False,False,False,True
private,1604,4,Sad,0,Angry,0.7870613544375161,5,Surprise,0.8923427936609138,BOTH_WRONG,False,True,True,False
private,1605,6,Neutral,3,Happy,0.9370174676275368,3,Happy,0.9341891556485065,BOTH_WRONG,False,True,True,False
private,1606,2,Fear,3,Happy,0.9198583922913516,3,Happy,0.959592448490699,BOTH_WRONG,False,True,True,False
private,1607,4,Sad,4,Sad,0.9586429976264299,4,Sad,0.9621033402080107,BOTH_CORRECT,False,True,True,False
private,1608,3,Happy,3,Happy,0.9596052942845307,3,Happy,0.9575935577957276,BOTH_CORRECT,False,True,True,False
private,1609,5,Surprise,5,Surprise,0.593553845197086,5,Surprise,0.6596582888444886,BOTH_CORRECT,False,True,True,False
private,1610,5,Surprise,5,Surprise,0.8291956289055588,5,Surprise,0.9546173284662148,BOTH_CORRECT,False,False,False,True
private,1611,2,Fear,4,Sad,0.775281812800247,1,Disgust,0.401294776766852,BOTH_WRONG,False,True,True,False
private,1612,5,Surprise,5,Surprise,0.8902954827471499,5,Surprise,0.945321443127986,BOTH_CORRECT,False,True,True,False
private,1613,5,Surprise,5,Surprise,0.9499675559713477,5,Surprise,0.9625736295987483,BOTH_CORRECT,False,False,False,True
private,1614,3,Happy,4,Sad,0.9131624466202513,4,Sad,0.5893420973901434,BOTH_WRONG,False,True,True,False
private,1615,2,Fear,4,Sad,0.5326501875388006,4,Sad,0.6453951312769886,BOTH_WRONG,False,True,True,False
private,1616,0,Angry,0,Angry,0.484179213506789,0,Angry,0.9198612590576916,BOTH_CORRECT,False,True,True,False
private,1617,3,Happy,3,Happy,0.952202366720368,3,Happy,0.9526683298648335,BOTH_CORRECT,False,True,True,False
private,1618,4,Sad,3,Happy,0.5375221421523341,6,Neutral,0.7368932564676262,BOTH_WRONG,False,True,True,False
private,1619,3,Happy,3,Happy,0.9298497639545523,3,Happy,0.953021647123057,BOTH_CORRECT,False,True,True,False
private,1620,6,Neutral,6,Neutral,0.7024642735115492,6,Neutral,0.836417574775673,BOTH_CORRECT,False,True,True,False
private,1621,2,Fear,2,Fear,0.9537818098288112,2,Fear,0.9380247885687322,BOTH_CORRECT,False,True,True,False
private,1622,0,Angry,4,Sad,0.475537020015261,3,Happy,0.3833962882453437,BOTH_WRONG,False,True,True,False
private,1623,2,Fear,6,Neutral,0.4179530008206488,4,Sad,0.48143518028404514,BOTH_WRONG,False,True,True,False
private,1624,4,Sad,2,Fear,0.6569579142745547,4,Sad,0.9024572653616242,V22_CORRECT_V21_WRONG,True,True,True,False
private,1625,3,Happy,2,Fear,0.9427030230810974,3,Happy,0.6477676534901057,V22_CORRECT_V21_WRONG,True,True,True,False
private,1626,0,Angry,0,Angry,0.9168010575380631,0,Angry,0.935003940542771,BOTH_CORRECT,False,True,True,False
private,1627,3,Happy,0,Angry,0.3991297950166737,4,Sad,0.8666891216616037,BOTH_WRONG,False,True,True,False
private,1628,0,Angry,0,Angry,0.8720652359963342,0,Angry,0.8939671413554854,BOTH_CORRECT,False,True,True,False
private,1629,3,Happy,3,Happy,0.9170044764123596,3,Happy,0.9546741608728694,BOTH_CORRECT,False,True,True,False
private,1630,4,Sad,4,Sad,0.8563026679234305,0,Angry,0.9370167419177776,V21_CORRECT_V22_WRONG,True,True,True,False
private,1631,0,Angry,0,Angry,0.9340002048462265,0,Angry,0.9473444993902538,BOTH_CORRECT,False,True,True,False
private,1632,6,Neutral,2,Fear,0.44339436640059227,2,Fear,0.963081670900316,BOTH_WRONG,False,True,True,False
private,1633,5,Surprise,5,Surprise,0.9469094823305333,5,Surprise,0.9593549543854416,BOTH_CORRECT,False,True,True,False
private,1634,0,Angry,0,Angry,0.8612002137623952,0,Angry,0.9221245052061128,BOTH_CORRECT,False,True,True,False
private,1635,3,Happy,3,Happy,0.9537282962569839,3,Happy,0.9502243825062378,BOTH_CORRECT,False,True,True,False
private,1636,0,Angry,0,Angry,0.7326008677548104,0,Angry,0.9348760825177523,BOTH_CORRECT,False,True,True,False
private,1637,0,Angry,1,Disgust,0.8159282811359215,1,Disgust,0.9362344413758823,BOTH_WRONG,False,True,True,False
private,1638,4,Sad,6,Neutral,0.8612701896959765,6,Neutral,0.869985837739288,BOTH_WRONG,False,True,True,False
private,1639,6,Neutral,6,Neutral,0.9193804768558335,6,Neutral,0.9521890396978742,BOTH_CORRECT,False,True,True,False
private,1640,3,Happy,3,Happy,0.8796341995141277,3,Happy,0.9439853324182338,BOTH_CORRECT,False,True,True,False
private,1641,4,Sad,6,Neutral,0.9332515172553838,6,Neutral,0.9102265059733452,BOTH_WRONG,False,True,True,False
private,1642,2,Fear,2,Fear,0.9209773339266657,2,Fear,0.8724365092202183,BOTH_CORRECT,False,True,True,False
private,1643,5,Surprise,0,Angry,0.5837286122466318,4,Sad,0.5636603281350737,BOTH_WRONG,False,True,True,False
private,1644,4,Sad,2,Fear,0.35599471990372805,4,Sad,0.9645779418797412,V22_CORRECT_V21_WRONG,True,True,True,False
private,1645,4,Sad,2,Fear,0.43027718703786066,2,Fear,0.45845767576109325,BOTH_WRONG,False,True,True,False
private,1646,3,Happy,3,Happy,0.9565556766317383,3,Happy,0.902696468333875,BOTH_CORRECT,False,True,True,False
private,1647,2,Fear,2,Fear,0.9395532884622514,2,Fear,0.9491771990036698,BOTH_CORRECT,False,True,True,False
private,1648,3,Happy,3,Happy,0.9539186259729895,3,Happy,0.9469195612071302,BOTH_CORRECT,False,True,True,False
private,1649,3,Happy,2,Fear,0.6505147382228229,3,Happy,0.9339121961254649,V22_CORRECT_V21_WRONG,True,True,True,False
private,1650,3,Happy,3,Happy,0.9619638846956219,3,Happy,0.964772246726674,BOTH_CORRECT,False,True,True,False
private,1651,3,Happy,3,Happy,0.9529396004307349,3,Happy,0.949983543196657,BOTH_CORRECT,False,True,True,False
private,1652,5,Surprise,6,Neutral,0.8032983894932821,2,Fear,0.44264849631242487,BOTH_WRONG,False,True,False,False
private,1653,4,Sad,4,Sad,0.9466526924734697,4,Sad,0.9576681103212357,BOTH_CORRECT,False,False,False,True
private,1654,6,Neutral,6,Neutral,0.8292898578692584,0,Angry,0.4628648686778494,V21_CORRECT_V22_WRONG,True,True,True,False
private,1655,6,Neutral,6,Neutral,0.9440302234087163,6,Neutral,0.9454120095000621,BOTH_CORRECT,False,True,True,False
private,1656,3,Happy,3,Happy,0.9484403998183302,3,Happy,0.9419929118528911,BOTH_CORRECT,False,False,False,True
private,1657,6,Neutral,6,Neutral,0.8082076209576359,6,Neutral,0.9388133706999632,BOTH_CORRECT,False,True,True,False
private,1658,4,Sad,2,Fear,0.5666641964126243,5,Surprise,0.874757390185301,BOTH_WRONG,False,True,True,False
private,1659,2,Fear,2,Fear,0.9543000792766079,2,Fear,0.9632272680730055,BOTH_CORRECT,False,False,False,True
private,1660,2,Fear,4,Sad,0.9252518184375339,3,Happy,0.7943386932604494,BOTH_WRONG,False,True,True,False
private,1661,6,Neutral,6,Neutral,0.938605803268379,6,Neutral,0.9510177725677761,BOTH_CORRECT,False,True,True,False
private,1662,4,Sad,4,Sad,0.9619169330064543,3,Happy,0.5062292722467812,V21_CORRECT_V22_WRONG,True,True,True,False
private,1663,2,Fear,2,Fear,0.9453221576019268,2,Fear,0.9575561512961877,BOTH_CORRECT,False,True,True,False
private,1664,4,Sad,4,Sad,0.6357645044681601,4,Sad,0.5615018101702612,BOTH_CORRECT,False,True,True,False
private,1665,5,Surprise,5,Surprise,0.9060047793211085,5,Surprise,0.5366060858005653,BOTH_CORRECT,False,True,True,False
private,1666,5,Surprise,5,Surprise,0.9458938619393936,5,Surprise,0.9525125620438056,BOTH_CORRECT,False,True,True,False
private,1667,6,Neutral,6,Neutral,0.9126976956379382,6,Neutral,0.8528048893673755,BOTH_CORRECT,False,True,True,False
private,1668,6,Neutral,5,Surprise,0.9524561935221063,0,Angry,0.48357851514250166,BOTH_WRONG,False,True,True,False
private,1669,0,Angry,0,Angry,0.5904158867562189,0,Angry,0.9046226658945719,BOTH_CORRECT,False,True,True,False
private,1670,0,Angry,0,Angry,0.9607567907384433,0,Angry,0.9331023697935804,BOTH_CORRECT,False,False,False,True
private,1671,4,Sad,4,Sad,0.4402224148498938,2,Fear,0.7839819102677315,V21_CORRECT_V22_WRONG,True,True,True,False
private,1672,1,Disgust,1,Disgust,0.9720201672798955,1,Disgust,0.967695993632166,BOTH_CORRECT,False,True,True,False
private,1673,2,Fear,2,Fear,0.7407348269586137,0,Angry,0.8255256062393704,V21_CORRECT_V22_WRONG,True,True,True,False
private,1674,3,Happy,5,Surprise,0.9527842735565932,5,Surprise,0.9030488947144688,BOTH_WRONG,False,True,True,False
private,1675,0,Angry,0,Angry,0.7005518154804103,0,Angry,0.9254079041626518,BOTH_CORRECT,False,True,True,False
private,1676,1,Disgust,1,Disgust,0.9570944080258175,1,Disgust,0.9721081938555701,BOTH_CORRECT,False,False,False,True
private,1677,4,Sad,4,Sad,0.9561310963523244,3,Happy,0.9327338980522957,V21_CORRECT_V22_WRONG,True,True,True,False
private,1678,6,Neutral,6,Neutral,0.5828017540179845,6,Neutral,0.5939980029023785,BOTH_CORRECT,False,True,True,False
private,1679,0,Angry,0,Angry,0.4499782344883423,0,Angry,0.9420134806319334,BOTH_CORRECT,False,True,True,False
private,1680,0,Angry,0,Angry,0.9581900817286456,3,Happy,0.43570311147647667,V21_CORRECT_V22_WRONG,True,True,True,False
private,1681,2,Fear,3,Happy,0.6047661121951835,0,Angry,0.8846393658335637,BOTH_WRONG,False,True,True,False
private,1682,3,Happy,3,Happy,0.9530478246609739,3,Happy,0.9489599736752431,BOTH_CORRECT,False,True,True,False
private,1683,3,Happy,3,Happy,0.9643873352872427,3,Happy,0.9605682431987032,BOTH_CORRECT,False,True,True,False
private,1684,0,Angry,0,Angry,0.9493528068150191,0,Angry,0.9133052409400303,BOTH_CORRECT,False,True,True,False
private,1685,6,Neutral,6,Neutral,0.5536257823589678,6,Neutral,0.9307200085617925,BOTH_CORRECT,False,True,True,False
private,1686,3,Happy,3,Happy,0.9511619095679378,3,Happy,0.9559095725063175,BOTH_CORRECT,False,True,True,False
private,1687,2,Fear,4,Sad,0.668096917377356,4,Sad,0.8330393317763295,BOTH_WRONG,False,True,True,False
private,1688,0,Angry,1,Disgust,0.8613282053359804,0,Angry,0.935698287610538,V22_CORRECT_V21_WRONG,True,True,True,False
private,1689,0,Angry,4,Sad,0.6226878529177585,6,Neutral,0.8356647977990743,BOTH_WRONG,False,True,True,False
private,1690,4,Sad,4,Sad,0.8992657007710444,4,Sad,0.7521876458656463,BOTH_CORRECT,False,True,True,False
private,1691,0,Angry,0,Angry,0.9555785302883482,2,Fear,0.8745577389722664,V21_CORRECT_V22_WRONG,True,True,True,False
private,1692,5,Surprise,2,Fear,0.9651449622037634,2,Fear,0.9576505298493846,BOTH_WRONG,False,True,False,False
private,1693,3,Happy,3,Happy,0.8295419897296709,4,Sad,0.3687013550314166,V21_CORRECT_V22_WRONG,True,True,True,False
private,1694,6,Neutral,6,Neutral,0.8754398574161959,4,Sad,0.6450365244142814,V21_CORRECT_V22_WRONG,True,True,True,False
private,1695,5,Surprise,5,Surprise,0.9468141724664076,5,Surprise,0.9155043697271271,BOTH_CORRECT,False,True,True,False
private,1696,6,Neutral,6,Neutral,0.882832290642726,6,Neutral,0.9399298832841395,BOTH_CORRECT,False,True,True,False
private,1697,1,Disgust,1,Disgust,0.9684299308491655,1,Disgust,0.9663058119904689,BOTH_CORRECT,False,True,True,False
private,1698,4,Sad,0,Angry,0.6757911170508875,0,Angry,0.8440977735042419,BOTH_WRONG,False,True,True,False
private,1699,5,Surprise,5,Surprise,0.9499675559713477,5,Surprise,0.9625736295987483,BOTH_CORRECT,False,False,False,True
private,1700,0,Angry,0,Angry,0.9415361924592541,0,Angry,0.9496483062927817,BOTH_CORRECT,False,False,False,True
private,1701,6,Neutral,3,Happy,0.8898686573595935,3,Happy,0.8915568112910592,BOTH_WRONG,False,True,True,False
private,1702,2,Fear,2,Fear,0.49649588631683184,6,Neutral,0.3972458540273833,V21_CORRECT_V22_WRONG,True,True,True,False
private,1703,4,Sad,4,Sad,0.9541170094880908,4,Sad,0.9596173021020031,BOTH_CORRECT,False,True,True,False
private,1704,0,Angry,0,Angry,0.9619836793457347,0,Angry,0.9585764033657975,BOTH_CORRECT,False,True,True,False
private,1705,4,Sad,4,Sad,0.6093063730015721,6,Neutral,0.9128090092098802,V21_CORRECT_V22_WRONG,True,True,True,False
private,1706,5,Surprise,0,Angry,0.9510214558322648,5,Surprise,0.7942395578646816,V22_CORRECT_V21_WRONG,True,True,True,False
private,1707,2,Fear,5,Surprise,0.9604783575423081,5,Surprise,0.9483636135354532,BOTH_WRONG,False,True,True,False
private,1708,3,Happy,3,Happy,0.9450770273756445,3,Happy,0.9460515988626894,BOTH_CORRECT,False,True,True,False
private,1709,3,Happy,3,Happy,0.699253550044674,3,Happy,0.9351395345950796,BOTH_CORRECT,False,True,True,False
private,1710,6,Neutral,0,Angry,0.870483271885303,6,Neutral,0.7520306083250166,V22_CORRECT_V21_WRONG,True,True,True,False
private,1711,5,Surprise,5,Surprise,0.527378962197029,5,Surprise,0.6900232029073909,BOTH_CORRECT,False,True,True,False
private,1712,4,Sad,4,Sad,0.9379770849645709,4,Sad,0.9220807596705253,BOTH_CORRECT,False,True,True,False
private,1713,2,Fear,2,Fear,0.9483693024033614,2,Fear,0.9657163015639436,BOTH_CORRECT,False,True,True,False
private,1714,5,Surprise,3,Happy,0.5953465387971041,3,Happy,0.5653760996634152,BOTH_WRONG,False,False,False,True
private,1715,4,Sad,6,Neutral,0.9174325398221205,6,Neutral,0.5476415741503085,BOTH_WRONG,False,True,True,False
private,1716,3,Happy,3,Happy,0.9637822832896766,3,Happy,0.9624020539350752,BOTH_CORRECT,False,True,True,False
private,1717,3,Happy,3,Happy,0.9533873454910569,3,Happy,0.9501625014246583,BOTH_CORRECT,False,True,True,False
private,1718,5,Surprise,5,Surprise,0.9463247144204158,5,Surprise,0.9645555373396166,BOTH_CORRECT,False,False,False,True
private,1719,6,Neutral,3,Happy,0.6009590995791305,3,Happy,0.8578248929893605,BOTH_WRONG,False,True,True,False
private,1720,6,Neutral,6,Neutral,0.7767921645579019,6,Neutral,0.9550427819879855,BOTH_CORRECT,False,True,True,False
private,1721,3,Happy,4,Sad,0.8950466685762708,3,Happy,0.925731645674725,V22_CORRECT_V21_WRONG,True,True,True,False
private,1722,2,Fear,0,Angry,0.5816999536041738,2,Fear,0.7044939582273873,V22_CORRECT_V21_WRONG,True,True,True,False
private,1723,6,Neutral,6,Neutral,0.9556522408624549,6,Neutral,0.9507409237767933,BOTH_CORRECT,False,True,True,False
private,1724,1,Disgust,0,Angry,0.9620910837748005,0,Angry,0.9610599533406066,BOTH_WRONG,False,False,False,False
private,1725,4,Sad,0,Angry,0.9284761093083445,0,Angry,0.7491659796060541,BOTH_WRONG,False,True,True,False
private,1726,2,Fear,2,Fear,0.9249882603467694,2,Fear,0.9523124690058397,BOTH_CORRECT,False,False,False,True
private,1727,5,Surprise,5,Surprise,0.9579682631751846,5,Surprise,0.9549129986041898,BOTH_CORRECT,False,True,True,False
private,1728,2,Fear,2,Fear,0.9639341757104902,2,Fear,0.9577122064335313,BOTH_CORRECT,False,True,True,False
private,1729,3,Happy,3,Happy,0.9493156660471068,3,Happy,0.9493922513312935,BOTH_CORRECT,False,True,True,False
private,1730,0,Angry,0,Angry,0.955384937257633,4,Sad,0.4286132038645952,V21_CORRECT_V22_WRONG,True,True,True,False
private,1731,3,Happy,3,Happy,0.9497647488355871,3,Happy,0.8754217096926747,BOTH_CORRECT,False,True,True,False
private,1732,5,Surprise,5,Surprise,0.9549567634611349,5,Surprise,0.9521099370294303,BOTH_CORRECT,False,True,True,False
private,1733,0,Angry,6,Neutral,0.7645552013021496,4,Sad,0.804499399186985,BOTH_WRONG,False,True,True,False
private,1734,4,Sad,4,Sad,0.942380431446535,6,Neutral,0.7307602809391386,V21_CORRECT_V22_WRONG,True,True,True,False
private,1735,3,Happy,3,Happy,0.9520579189808782,3,Happy,0.9405446745310376,BOTH_CORRECT,False,True,True,False
private,1736,5,Surprise,5,Surprise,0.930181824824056,5,Surprise,0.954941817541883,BOTH_CORRECT,False,True,True,False
private,1737,3,Happy,6,Neutral,0.47373902080792024,3,Happy,0.9463674264489016,V22_CORRECT_V21_WRONG,True,True,True,False
private,1738,0,Angry,0,Angry,0.964999507149923,0,Angry,0.9462511082264371,BOTH_CORRECT,False,True,True,False
private,1739,6,Neutral,6,Neutral,0.949266235877543,6,Neutral,0.9530601646722645,BOTH_CORRECT,False,True,True,False
private,1740,3,Happy,3,Happy,0.9552983914256239,3,Happy,0.9553753057559481,BOTH_CORRECT,False,True,True,False
private,1741,5,Surprise,5,Surprise,0.9522682072047616,5,Surprise,0.9575350017854354,BOTH_CORRECT,False,True,True,False
private,1742,0,Angry,3,Happy,0.9339765559370871,3,Happy,0.9436176824956327,BOTH_WRONG,False,True,True,False
private,1743,3,Happy,3,Happy,0.9490049935509498,3,Happy,0.9492508995081047,BOTH_CORRECT,False,True,True,False
private,1744,3,Happy,3,Happy,0.9501784807860114,3,Happy,0.9540369157587095,BOTH_CORRECT,False,True,True,False
private,1745,3,Happy,3,Happy,0.9594087161635575,3,Happy,0.9570404809926614,BOTH_CORRECT,False,True,True,False
private,1746,3,Happy,3,Happy,0.4057244648259477,6,Neutral,0.5619196963784434,V21_CORRECT_V22_WRONG,True,True,True,False
private,1747,2,Fear,2,Fear,0.9585756771543983,2,Fear,0.9628398598017428,BOTH_CORRECT,False,True,True,False
private,1748,3,Happy,3,Happy,0.8380111284793544,3,Happy,0.8181782293773542,BOTH_CORRECT,False,True,True,False
private,1749,6,Neutral,4,Sad,0.4624739585073921,4,Sad,0.824124372069503,BOTH_WRONG,False,True,True,False
private,1750,5,Surprise,5,Surprise,0.8554385618411939,5,Surprise,0.947386696374243,BOTH_CORRECT,False,False,False,True
private,1751,3,Happy,3,Happy,0.9503388756475207,3,Happy,0.9491847565927432,BOTH_CORRECT,False,True,True,False
private,1752,6,Neutral,6,Neutral,0.8370178142628266,6,Neutral,0.6708294829247968,BOTH_CORRECT,False,True,True,False
private,1753,4,Sad,4,Sad,0.8276008365498772,4,Sad,0.9616414187473172,BOTH_CORRECT,False,True,True,False
private,1754,3,Happy,5,Surprise,0.951772361465391,5,Surprise,0.9550836689818196,BOTH_WRONG,False,False,False,True
private,1755,3,Happy,3,Happy,0.9398232226670968,3,Happy,0.94055692579684,BOTH_CORRECT,False,True,True,False
private,1756,3,Happy,3,Happy,0.9575576852414655,3,Happy,0.9590223205325099,BOTH_CORRECT,False,True,True,False
private,1757,5,Surprise,3,Happy,0.7476278859622706,3,Happy,0.8789764467149268,BOTH_WRONG,False,False,False,False
private,1758,0,Angry,0,Angry,0.9532910486082316,0,Angry,0.9482746078154757,BOTH_CORRECT,False,True,True,False
private,1759,3,Happy,3,Happy,0.961402221506851,3,Happy,0.9661105826118486,BOTH_CORRECT,False,True,True,False
private,1760,6,Neutral,0,Angry,0.8928240050777659,0,Angry,0.907035590420204,BOTH_WRONG,False,True,True,False
private,1761,6,Neutral,4,Sad,0.4174635867219964,4,Sad,0.618298248521798,BOTH_WRONG,False,True,True,False
private,1762,4,Sad,4,Sad,0.613013379751917,4,Sad,0.9064232277514372,BOTH_CORRECT,False,False,False,True
private,1763,6,Neutral,6,Neutral,0.9291162733766557,6,Neutral,0.8138104877552326,BOTH_CORRECT,False,True,True,False
private,1764,6,Neutral,4,Sad,0.8329791722760922,4,Sad,0.3971298520857112,BOTH_WRONG,False,True,True,False
private,1765,2,Fear,2,Fear,0.9065578655916813,2,Fear,0.9641753811399884,BOTH_CORRECT,False,False,False,True
private,1766,0,Angry,2,Fear,0.48752669201295323,2,Fear,0.7364556914126195,BOTH_WRONG,False,True,True,False
private,1767,3,Happy,3,Happy,0.9486942489415409,3,Happy,0.9247134953557293,BOTH_CORRECT,False,True,True,False
private,1768,2,Fear,3,Happy,0.7669866289274739,3,Happy,0.8153398873209379,BOTH_WRONG,False,True,True,False
private,1769,4,Sad,4,Sad,0.9284766460572269,6,Neutral,0.8130002030591184,V21_CORRECT_V22_WRONG,True,True,True,False
private,1770,1,Disgust,1,Disgust,0.9640991880343948,1,Disgust,0.9546255107258154,BOTH_CORRECT,False,True,True,False
private,1771,0,Angry,0,Angry,0.6090340127114141,4,Sad,0.702466799596164,V21_CORRECT_V22_WRONG,True,True,True,False
private,1772,4,Sad,2,Fear,0.7444108877327394,2,Fear,0.453433317184828,BOTH_WRONG,False,True,True,False
private,1773,2,Fear,0,Angry,0.6608703504735933,6,Neutral,0.5639010031036528,BOTH_WRONG,False,True,True,False
private,1774,5,Surprise,5,Surprise,0.9350788749914035,5,Surprise,0.9526927031470256,BOTH_CORRECT,False,True,True,False
private,1775,1,Disgust,0,Angry,0.7733996111717079,1,Disgust,0.8330774782775202,V22_CORRECT_V21_WRONG,True,True,True,False
private,1776,2,Fear,4,Sad,0.673692759200345,2,Fear,0.5483794212987727,V22_CORRECT_V21_WRONG,True,True,True,False
private,1777,2,Fear,4,Sad,0.7106272783374761,4,Sad,0.5850117145745919,BOTH_WRONG,False,True,True,False
private,1778,4,Sad,4,Sad,0.7321296421886377,2,Fear,0.5391431256322716,V21_CORRECT_V22_WRONG,True,True,True,False
private,1779,6,Neutral,6,Neutral,0.877157115847997,6,Neutral,0.9220875948845078,BOTH_CORRECT,False,True,True,False
private,1780,4,Sad,4,Sad,0.6792558125553262,4,Sad,0.9291458485634212,BOTH_CORRECT,False,True,True,False
private,1781,0,Angry,4,Sad,0.9367086887672615,4,Sad,0.768097387215179,BOTH_WRONG,False,True,True,False
private,1782,2,Fear,2,Fear,0.6791303237440894,2,Fear,0.846339966771789,BOTH_CORRECT,False,True,True,False
private,1783,6,Neutral,4,Sad,0.7205801990620472,2,Fear,0.6820714347937172,BOTH_WRONG,False,True,True,False
private,1784,3,Happy,3,Happy,0.9539740818603105,6,Neutral,0.6958680905680134,V21_CORRECT_V22_WRONG,True,True,True,False
private,1785,2,Fear,0,Angry,0.6532911274417847,0,Angry,0.8045369623573173,BOTH_WRONG,False,True,True,False
private,1786,3,Happy,3,Happy,0.9438554045140163,3,Happy,0.9578258155858271,BOTH_CORRECT,False,True,True,False
private,1787,0,Angry,0,Angry,0.953792688150291,0,Angry,0.9584904058623,BOTH_CORRECT,False,False,False,True
private,1788,0,Angry,6,Neutral,0.9408788479573631,4,Sad,0.8048828955168201,BOTH_WRONG,False,True,False,False
private,1789,5,Surprise,0,Angry,0.7393486971696106,4,Sad,0.8458741911971696,BOTH_WRONG,False,True,True,False
private,1790,6,Neutral,2,Fear,0.7883914580794336,2,Fear,0.5870691427100228,BOTH_WRONG,False,True,True,False
private,1791,4,Sad,0,Angry,0.9503100779043658,4,Sad,0.42841900544182077,V22_CORRECT_V21_WRONG,True,True,True,False
private,1792,4,Sad,3,Happy,0.8085336613482391,4,Sad,0.8519410832926628,V22_CORRECT_V21_WRONG,True,True,True,False
private,1793,3,Happy,3,Happy,0.9512049499473334,3,Happy,0.9560454622700703,BOTH_CORRECT,False,True,True,False
private,1794,2,Fear,2,Fear,0.9530418136599274,2,Fear,0.9519555648603285,BOTH_CORRECT,False,True,True,False
private,1795,6,Neutral,6,Neutral,0.9498615989461215,6,Neutral,0.9363859507329902,BOTH_CORRECT,False,False,False,True
private,1796,3,Happy,3,Happy,0.9518554611280212,3,Happy,0.9467673814708526,BOTH_CORRECT,False,True,True,False
private,1797,4,Sad,4,Sad,0.8001509385142042,2,Fear,0.6837171957605694,V21_CORRECT_V22_WRONG,True,True,True,False
private,1798,5,Surprise,5,Surprise,0.9572830529575391,5,Surprise,0.9575711501514264,BOTH_CORRECT,False,True,True,False
private,1799,2,Fear,2,Fear,0.4978329767689101,2,Fear,0.8257245335112358,BOTH_CORRECT,False,True,True,False
private,1800,3,Happy,3,Happy,0.9513713692235577,3,Happy,0.9463270676812203,BOTH_CORRECT,False,True,True,False
private,1801,6,Neutral,6,Neutral,0.6850294466036774,6,Neutral,0.8093828908722805,BOTH_CORRECT,False,True,True,False
private,1802,2,Fear,6,Neutral,0.8607935739196606,5,Surprise,0.44077542200384145,BOTH_WRONG,False,True,True,False
private,1803,2,Fear,3,Happy,0.533696173896903,6,Neutral,0.9077916136902547,BOTH_WRONG,False,True,True,False
private,1804,3,Happy,3,Happy,0.9539385537559696,3,Happy,0.9507829763744854,BOTH_CORRECT,False,True,True,False
private,1805,6,Neutral,0,Angry,0.8425328889592044,6,Neutral,0.7007191775102664,V22_CORRECT_V21_WRONG,True,True,True,False
private,1806,5,Surprise,5,Surprise,0.7757126809292021,5,Surprise,0.9453817851386261,BOTH_CORRECT,False,True,True,False
private,1807,4,Sad,4,Sad,0.914965917684833,4,Sad,0.9603378782821946,BOTH_CORRECT,False,True,True,False
private,1808,0,Angry,0,Angry,0.92096018005765,0,Angry,0.9594864638753837,BOTH_CORRECT,False,True,True,False
private,1809,3,Happy,3,Happy,0.9357189221899611,3,Happy,0.9603783510257957,BOTH_CORRECT,False,True,True,False
private,1810,5,Surprise,5,Surprise,0.9528236494625595,5,Surprise,0.9226124811172027,BOTH_CORRECT,False,True,True,False
private,1811,3,Happy,3,Happy,0.9543177048540756,3,Happy,0.9516296186574327,BOTH_CORRECT,False,True,True,False
private,1812,6,Neutral,6,Neutral,0.751545698778057,6,Neutral,0.7719833711415067,BOTH_CORRECT,False,True,True,False
private,1813,5,Surprise,5,Surprise,0.9480560189937326,5,Surprise,0.9522228561953197,BOTH_CORRECT,False,False,False,True
private,1814,2,Fear,2,Fear,0.8488602464601209,2,Fear,0.9389107523220255,BOTH_CORRECT,False,True,True,False
private,1815,5,Surprise,5,Surprise,0.9556975931891115,5,Surprise,0.8890014204940027,BOTH_CORRECT,False,True,True,False
private,1816,5,Surprise,5,Surprise,0.9292853072746852,5,Surprise,0.9558816121335357,BOTH_CORRECT,False,False,False,True
private,1817,0,Angry,0,Angry,0.38568805792705646,2,Fear,0.4102472041275963,V21_CORRECT_V22_WRONG,True,True,True,False
private,1818,0,Angry,0,Angry,0.9606981887631962,0,Angry,0.9607337040956141,BOTH_CORRECT,False,False,False,True
private,1819,2,Fear,2,Fear,0.6284617292109244,6,Neutral,0.6272618161648216,V21_CORRECT_V22_WRONG,True,True,True,False
private,1820,3,Happy,3,Happy,0.9548812123059437,3,Happy,0.9555115940429914,BOTH_CORRECT,False,True,True,False
private,1821,3,Happy,3,Happy,0.9435030938567204,3,Happy,0.9503754252396781,BOTH_CORRECT,False,False,False,True
private,1822,2,Fear,4,Sad,0.7749447475018763,2,Fear,0.9169332054092207,V22_CORRECT_V21_WRONG,True,True,True,False
private,1823,4,Sad,0,Angry,0.829215151097605,6,Neutral,0.9079759960440381,BOTH_WRONG,False,True,True,False
private,1824,2,Fear,4,Sad,0.835254093014139,4,Sad,0.4570851205300159,BOTH_WRONG,False,True,True,False
private,1825,6,Neutral,6,Neutral,0.8943393218586686,6,Neutral,0.8915739993559462,BOTH_CORRECT,False,False,False,True
private,1826,6,Neutral,6,Neutral,0.7780424598243406,6,Neutral,0.7018437494760922,BOTH_CORRECT,False,True,True,False
private,1827,5,Surprise,5,Surprise,0.6057900452281926,5,Surprise,0.8453584811136756,BOTH_CORRECT,False,True,True,False
private,1828,1,Disgust,1,Disgust,0.9676950381314582,1,Disgust,0.9603053206758245,BOTH_CORRECT,False,True,True,False
private,1829,4,Sad,4,Sad,0.9541560165397821,4,Sad,0.9629380873795103,BOTH_CORRECT,False,True,True,False
private,1830,3,Happy,3,Happy,0.7236855635901555,3,Happy,0.7031571791561385,BOTH_CORRECT,False,True,True,False
private,1831,3,Happy,0,Angry,0.34793379314806594,3,Happy,0.4911455378842325,V22_CORRECT_V21_WRONG,True,True,True,False
private,1832,6,Neutral,5,Surprise,0.6232010251589696,0,Angry,0.6224734158377799,BOTH_WRONG,False,True,True,False
private,1833,6,Neutral,4,Sad,0.9272994576165936,4,Sad,0.9553322015718368,BOTH_WRONG,False,True,True,False
private,1834,6,Neutral,3,Happy,0.8701146642714844,3,Happy,0.5342101362078641,BOTH_WRONG,False,True,True,False
private,1835,0,Angry,0,Angry,0.9451047430981206,0,Angry,0.9606796006872892,BOTH_CORRECT,False,True,True,False
private,1836,5,Surprise,5,Surprise,0.945484251244157,5,Surprise,0.8785189591589355,BOTH_CORRECT,False,True,True,False
private,1837,4,Sad,4,Sad,0.5323739338621937,4,Sad,0.4448786691259073,BOTH_CORRECT,False,True,True,False
private,1838,5,Surprise,5,Surprise,0.9561619907351078,5,Surprise,0.9522539444065677,BOTH_CORRECT,False,True,True,False
private,1839,4,Sad,4,Sad,0.49430423505185367,0,Angry,0.8212336912728087,V21_CORRECT_V22_WRONG,True,True,True,False
private,1840,0,Angry,0,Angry,0.9208494860651857,0,Angry,0.9528121557978484,BOTH_CORRECT,False,True,True,False
private,1841,2,Fear,4,Sad,0.3564039966609818,0,Angry,0.36994912637500404,BOTH_WRONG,False,True,True,False
private,1842,5,Surprise,5,Surprise,0.9504568356859842,5,Surprise,0.9549260054866895,BOTH_CORRECT,False,True,True,False
private,1843,6,Neutral,6,Neutral,0.9341921664347259,6,Neutral,0.9262018823858166,BOTH_CORRECT,False,True,True,False
private,1844,0,Angry,4,Sad,0.7331527890151317,0,Angry,0.5827137363183372,V22_CORRECT_V21_WRONG,True,True,True,False
private,1845,2,Fear,2,Fear,0.9384238945157399,2,Fear,0.9568291934057019,BOTH_CORRECT,False,True,True,False
private,1846,5,Surprise,5,Surprise,0.922017483293599,5,Surprise,0.929777449151702,BOTH_CORRECT,False,True,True,False
private,1847,3,Happy,3,Happy,0.8880966992252832,3,Happy,0.9406096685219686,BOTH_CORRECT,False,True,True,False
private,1848,3,Happy,3,Happy,0.9132489354044948,3,Happy,0.9548657081487615,BOTH_CORRECT,False,True,True,False
private,1849,6,Neutral,3,Happy,0.5492925167322674,6,Neutral,0.9411737970396448,V22_CORRECT_V21_WRONG,True,True,True,False
private,1850,0,Angry,0,Angry,0.9706193610714566,0,Angry,0.9656438601117237,BOTH_CORRECT,False,True,True,False
private,1851,0,Angry,0,Angry,0.6773204526958786,0,Angry,0.8650246447530321,BOTH_CORRECT,False,True,True,False
private,1852,3,Happy,3,Happy,0.9496786523984261,3,Happy,0.9526425578092538,BOTH_CORRECT,False,True,True,False
private,1853,0,Angry,0,Angry,0.805524049104591,2,Fear,0.9308602159453286,V21_CORRECT_V22_WRONG,True,True,True,False
private,1854,3,Happy,3,Happy,0.9583987216169352,3,Happy,0.9407178501179184,BOTH_CORRECT,False,True,True,False
private,1855,4,Sad,4,Sad,0.5033863381475792,4,Sad,0.8497608244826239,BOTH_CORRECT,False,True,True,False
private,1856,4,Sad,4,Sad,0.9344619098239396,4,Sad,0.9350960013999657,BOTH_CORRECT,False,True,True,False
private,1857,6,Neutral,6,Neutral,0.7497748130514722,6,Neutral,0.9490881543707864,BOTH_CORRECT,False,True,True,False
private,1858,0,Angry,0,Angry,0.9627711405690684,0,Angry,0.6073589863984458,BOTH_CORRECT,False,True,True,False
private,1859,6,Neutral,6,Neutral,0.9409782962696991,6,Neutral,0.9597292693960977,BOTH_CORRECT,False,True,True,False
private,1860,6,Neutral,6,Neutral,0.9285999836865394,6,Neutral,0.9302046221428757,BOTH_CORRECT,False,True,True,False
private,1861,3,Happy,3,Happy,0.9567953390378791,3,Happy,0.9576267616044127,BOTH_CORRECT,False,True,True,False
private,1862,5,Surprise,2,Fear,0.8130838344526418,2,Fear,0.9675221304183699,BOTH_WRONG,False,True,True,False
private,1863,6,Neutral,6,Neutral,0.9333918345388753,6,Neutral,0.9364696504377001,BOTH_CORRECT,False,True,True,False
private,1864,5,Surprise,5,Surprise,0.9526136341042938,5,Surprise,0.9422703541471253,BOTH_CORRECT,False,True,True,False
private,1865,3,Happy,3,Happy,0.9492022491533937,3,Happy,0.9486895591076799,BOTH_CORRECT,False,True,True,False
private,1866,4,Sad,2,Fear,0.8873492657173996,4,Sad,0.41191393872222243,V22_CORRECT_V21_WRONG,True,True,True,False
private,1867,4,Sad,4,Sad,0.9263348866496363,4,Sad,0.9204625232605477,BOTH_CORRECT,False,True,True,False
private,1868,0,Angry,0,Angry,0.9322888548510433,0,Angry,0.9592180278553213,BOTH_CORRECT,False,True,True,False
private,1869,5,Surprise,2,Fear,0.8929391060910605,2,Fear,0.5071898241798222,BOTH_WRONG,False,True,True,False
private,1870,6,Neutral,6,Neutral,0.9459277165810694,6,Neutral,0.9490784193521253,BOTH_CORRECT,False,True,True,False
private,1871,5,Surprise,5,Surprise,0.9224263067202633,5,Surprise,0.947655251731204,BOTH_CORRECT,False,False,False,True
private,1872,3,Happy,3,Happy,0.9610424289399767,3,Happy,0.9586611507881443,BOTH_CORRECT,False,True,True,False
private,1873,2,Fear,0,Angry,0.8574594124220587,6,Neutral,0.7975823016325921,BOTH_WRONG,False,True,True,False
private,1874,6,Neutral,2,Fear,0.5413563384319557,2,Fear,0.9196517735809026,BOTH_WRONG,False,True,True,False
private,1875,3,Happy,3,Happy,0.9506173866716452,3,Happy,0.9523217643002696,BOTH_CORRECT,False,True,True,False
private,1876,3,Happy,6,Neutral,0.9408802797851599,6,Neutral,0.8772418808621852,BOTH_WRONG,False,True,True,False
private,1877,0,Angry,0,Angry,0.9415399074833863,0,Angry,0.9580830869407736,BOTH_CORRECT,False,True,True,False
private,1878,4,Sad,3,Happy,0.9481131997481251,3,Happy,0.6163868240043111,BOTH_WRONG,False,True,True,False
private,1879,0,Angry,0,Angry,0.9671573237862483,0,Angry,0.9643605972569065,BOTH_CORRECT,False,True,True,False
private,1880,0,Angry,0,Angry,0.9342517048708797,0,Angry,0.9463341262238757,BOTH_CORRECT,False,True,True,False
private,1881,6,Neutral,6,Neutral,0.9175728615262929,6,Neutral,0.9336855837668905,BOTH_CORRECT,False,True,True,False
private,1882,2,Fear,5,Surprise,0.9377120057317191,0,Angry,0.8931119712377108,BOTH_WRONG,False,True,True,False
private,1883,2,Fear,0,Angry,0.8749227613605324,0,Angry,0.8885694325338146,BOTH_WRONG,False,True,True,False
private,1884,5,Surprise,0,Angry,0.761542522040179,3,Happy,0.9569397195557872,BOTH_WRONG,False,True,True,False
private,1885,6,Neutral,6,Neutral,0.727141500194441,6,Neutral,0.9484445378334738,BOTH_CORRECT,False,False,False,True
private,1886,0,Angry,0,Angry,0.9501066829330539,0,Angry,0.9635503115998223,BOTH_CORRECT,False,False,False,True
private,1887,5,Surprise,5,Surprise,0.951027269675313,5,Surprise,0.9277191863718324,BOTH_CORRECT,False,True,True,False
private,1888,3,Happy,3,Happy,0.8149388117476882,3,Happy,0.9612023363276886,BOTH_CORRECT,False,True,True,False
private,1889,5,Surprise,5,Surprise,0.9544527065498039,5,Surprise,0.9542980663604232,BOTH_CORRECT,False,True,True,False
private,1890,3,Happy,3,Happy,0.916950585908804,0,Angry,0.802318430491752,V21_CORRECT_V22_WRONG,True,True,True,False
private,1891,5,Surprise,5,Surprise,0.8885733587898289,5,Surprise,0.5303044742194358,BOTH_CORRECT,False,True,True,False
private,1892,4,Sad,4,Sad,0.7070285351213964,4,Sad,0.9577861747123629,BOTH_CORRECT,False,True,True,False
private,1893,6,Neutral,6,Neutral,0.8970824523338723,6,Neutral,0.9474851361360969,BOTH_CORRECT,False,True,True,False
private,1894,4,Sad,4,Sad,0.7820058648708579,2,Fear,0.8095859779905688,V21_CORRECT_V22_WRONG,True,True,True,False
private,1895,6,Neutral,6,Neutral,0.9517033872591977,6,Neutral,0.9470293320692087,BOTH_CORRECT,False,True,True,False
private,1896,4,Sad,4,Sad,0.8138578617236685,4,Sad,0.9618782470366701,BOTH_CORRECT,False,True,True,False
private,1897,4,Sad,4,Sad,0.779011300725784,4,Sad,0.9090317290323686,BOTH_CORRECT,False,True,True,False
private,1898,3,Happy,6,Neutral,0.8976399967297137,6,Neutral,0.9191145902817954,BOTH_WRONG,False,True,True,False
private,1899,4,Sad,4,Sad,0.9607561467805731,4,Sad,0.9624372329310488,BOTH_CORRECT,False,True,True,False
private,1900,3,Happy,3,Happy,0.9380739343010029,3,Happy,0.9452407557739371,BOTH_CORRECT,False,True,True,False
private,1901,6,Neutral,4,Sad,0.5592610172942519,4,Sad,0.6257027052422683,BOTH_WRONG,False,True,True,False
private,1902,2,Fear,2,Fear,0.5435005060224768,2,Fear,0.7745083534402954,BOTH_CORRECT,False,False,False,True
private,1903,2,Fear,2,Fear,0.9353946918306841,2,Fear,0.9540823823323623,BOTH_CORRECT,False,True,True,False
private,1904,3,Happy,3,Happy,0.9474797397437188,3,Happy,0.9447342957339232,BOTH_CORRECT,False,True,True,False
private,1905,3,Happy,3,Happy,0.7864967109503164,0,Angry,0.8950328164420438,V21_CORRECT_V22_WRONG,True,True,True,False
private,1906,0,Angry,0,Angry,0.9492637101104171,0,Angry,0.9609594633669702,BOTH_CORRECT,False,True,True,False
private,1907,4,Sad,4,Sad,0.6767652034727191,4,Sad,0.6936885574688264,BOTH_CORRECT,False,True,True,False
private,1908,3,Happy,3,Happy,0.9488693206712953,6,Neutral,0.7553606645734208,V21_CORRECT_V22_WRONG,True,True,True,False
private,1909,1,Disgust,4,Sad,0.32715598583899347,0,Angry,0.7054356658977936,BOTH_WRONG,False,True,True,False
private,1910,0,Angry,4,Sad,0.599146780800092,4,Sad,0.7956432711077606,BOTH_WRONG,False,True,True,False
private,1911,3,Happy,3,Happy,0.9337330427626709,3,Happy,0.9520734706603453,BOTH_CORRECT,False,True,True,False
private,1912,0,Angry,6,Neutral,0.8038822150070782,3,Happy,0.7286220943737697,BOTH_WRONG,False,True,True,False
private,1913,3,Happy,3,Happy,0.9475586600325734,3,Happy,0.9457096514863966,BOTH_CORRECT,False,True,True,False
private,1914,5,Surprise,5,Surprise,0.9256256172113315,5,Surprise,0.9642997288684277,BOTH_CORRECT,False,True,True,False
private,1915,2,Fear,2,Fear,0.7776910476666028,2,Fear,0.9179872544690797,BOTH_CORRECT,False,False,False,True
private,1916,3,Happy,3,Happy,0.9619713633235689,3,Happy,0.9589546401150236,BOTH_CORRECT,False,True,True,False
private,1917,3,Happy,3,Happy,0.9621290123749863,3,Happy,0.9639118110227455,BOTH_CORRECT,False,True,True,False
private,1918,3,Happy,0,Angry,0.8140639508030463,0,Angry,0.5378170633870579,BOTH_WRONG,False,True,True,False
private,1919,2,Fear,0,Angry,0.926154763888011,2,Fear,0.70602632907818,V22_CORRECT_V21_WRONG,True,True,True,False
private,1920,6,Neutral,6,Neutral,0.7639641997224376,6,Neutral,0.9071112546799812,BOTH_CORRECT,False,True,True,False
private,1921,3,Happy,3,Happy,0.9449815210364474,3,Happy,0.9503603626983883,BOTH_CORRECT,False,True,True,False
private,1922,0,Angry,0,Angry,0.9558240154785655,0,Angry,0.9541976056407925,BOTH_CORRECT,False,True,True,False
private,1923,4,Sad,4,Sad,0.9372881143534085,4,Sad,0.9660051122102304,BOTH_CORRECT,False,True,True,False
private,1924,0,Angry,0,Angry,0.8658105943040533,0,Angry,0.8999938487853435,BOTH_CORRECT,False,True,True,False
private,1925,6,Neutral,4,Sad,0.49431303138719507,4,Sad,0.9427108010790813,BOTH_WRONG,False,True,True,False
private,1926,4,Sad,6,Neutral,0.5544696688566509,4,Sad,0.8234244634022588,V22_CORRECT_V21_WRONG,True,True,True,False
private,1927,0,Angry,6,Neutral,0.8722925537902672,5,Surprise,0.9598356753158329,BOTH_WRONG,False,True,True,False
private,1928,3,Happy,3,Happy,0.9591888254117948,3,Happy,0.954937785265939,BOTH_CORRECT,False,True,True,False
private,1929,5,Surprise,0,Angry,0.8843985071161103,5,Surprise,0.9537784650291882,V22_CORRECT_V21_WRONG,True,True,True,False
private,1930,6,Neutral,6,Neutral,0.7390666758093153,6,Neutral,0.4886888000220715,BOTH_CORRECT,False,True,True,False
private,1931,5,Surprise,2,Fear,0.9122898998456946,5,Surprise,0.7908277497106816,V22_CORRECT_V21_WRONG,True,True,True,False
private,1932,6,Neutral,4,Sad,0.7862493083243333,0,Angry,0.7127533712516834,BOTH_WRONG,False,True,True,False
private,1933,6,Neutral,6,Neutral,0.8522785739176106,6,Neutral,0.9336247078609644,BOTH_CORRECT,False,True,True,False
private,1934,2,Fear,5,Surprise,0.9502461996011037,5,Surprise,0.9499173362737362,BOTH_WRONG,False,True,True,False
private,1935,4,Sad,4,Sad,0.9604138292786089,4,Sad,0.959081823259476,BOTH_CORRECT,False,True,True,False
private,1936,3,Happy,3,Happy,0.9524126449366922,3,Happy,0.9500895009836474,BOTH_CORRECT,False,True,False,False
private,1937,2,Fear,5,Surprise,0.9278789260704615,5,Surprise,0.9261366008650298,BOTH_WRONG,False,True,True,False
private,1938,2,Fear,2,Fear,0.48794557906880137,0,Angry,0.5879112372848534,V21_CORRECT_V22_WRONG,True,True,True,False
private,1939,5,Surprise,5,Surprise,0.948277805248337,5,Surprise,0.9506789857899146,BOTH_CORRECT,False,True,True,False
private,1940,0,Angry,0,Angry,0.9228208490696096,0,Angry,0.8344098813542516,BOTH_CORRECT,False,True,True,False
private,1941,6,Neutral,5,Surprise,0.9416037737803111,5,Surprise,0.9606099550813623,BOTH_WRONG,False,True,True,False
private,1942,0,Angry,2,Fear,0.9024499222874229,0,Angry,0.6237510962487066,V22_CORRECT_V21_WRONG,True,True,True,False
private,1943,2,Fear,4,Sad,0.6131559246873067,2,Fear,0.8969923205130662,V22_CORRECT_V21_WRONG,True,True,True,False
private,1944,4,Sad,6,Neutral,0.40905405281900714,4,Sad,0.8640843940149501,V22_CORRECT_V21_WRONG,True,True,True,False
private,1945,3,Happy,3,Happy,0.9540537632046597,3,Happy,0.9558901314493546,BOTH_CORRECT,False,True,True,False
private,1946,3,Happy,3,Happy,0.9462572538864087,3,Happy,0.9551976641752618,BOTH_CORRECT,False,True,True,False
private,1947,3,Happy,3,Happy,0.9505931384949393,3,Happy,0.9468667854831309,BOTH_CORRECT,False,True,True,False
private,1948,4,Sad,0,Angry,0.6931360138516867,4,Sad,0.7066812072174412,V22_CORRECT_V21_WRONG,True,True,True,False
private,1949,4,Sad,4,Sad,0.5859964962144286,4,Sad,0.4833187890018945,BOTH_CORRECT,False,True,True,False
private,1950,3,Happy,3,Happy,0.9417700362573939,3,Happy,0.9295277843832409,BOTH_CORRECT,False,True,True,False
private,1951,2,Fear,2,Fear,0.9054157451331531,0,Angry,0.825424790254626,V21_CORRECT_V22_WRONG,True,True,True,False
private,1952,4,Sad,4,Sad,0.7980245667874141,4,Sad,0.9389504962270402,BOTH_CORRECT,False,True,True,False
private,1953,4,Sad,0,Angry,0.7667149656142243,6,Neutral,0.5722370655308032,BOTH_WRONG,False,True,False,False
private,1954,5,Surprise,2,Fear,0.8441791165469934,2,Fear,0.9384825937084109,BOTH_WRONG,False,True,True,False
private,1955,0,Angry,1,Disgust,0.8277899146732465,1,Disgust,0.963813319615462,BOTH_WRONG,False,True,False,False
private,1956,4,Sad,4,Sad,0.9329395770324213,4,Sad,0.9493109483409135,BOTH_CORRECT,False,True,True,False
private,1957,3,Happy,3,Happy,0.9499477336614008,3,Happy,0.9495646546419508,BOTH_CORRECT,False,True,True,False
private,1958,4,Sad,3,Happy,0.47350202438984146,3,Happy,0.7600459709579761,BOTH_WRONG,False,True,True,False
private,1959,3,Happy,3,Happy,0.9520468921265042,3,Happy,0.9555147684108548,BOTH_CORRECT,False,True,True,False
private,1960,2,Fear,2,Fear,0.9398110255897218,2,Fear,0.685824911321699,BOTH_CORRECT,False,True,True,False
private,1961,0,Angry,2,Fear,0.4926205140326523,4,Sad,0.7600119076597072,BOTH_WRONG,False,True,True,False
private,1962,3,Happy,3,Happy,0.6546251126389864,3,Happy,0.9436658377033234,BOTH_CORRECT,False,True,True,False
private,1963,6,Neutral,6,Neutral,0.5994920620579756,0,Angry,0.4383579898090122,V21_CORRECT_V22_WRONG,True,True,True,False
private,1964,4,Sad,4,Sad,0.9089545292185689,4,Sad,0.7412251310131555,BOTH_CORRECT,False,True,True,False
private,1965,6,Neutral,6,Neutral,0.7116675602305818,6,Neutral,0.5087954342891293,BOTH_CORRECT,False,True,True,False
private,1966,3,Happy,3,Happy,0.9504090134225727,3,Happy,0.6818589202810921,BOTH_CORRECT,False,True,True,False
private,1967,3,Happy,3,Happy,0.9513686649730011,3,Happy,0.9328366089246659,BOTH_CORRECT,False,True,True,False
private,1968,0,Angry,0,Angry,0.8897967382127927,0,Angry,0.812972293994361,BOTH_CORRECT,False,True,True,False
private,1969,2,Fear,2,Fear,0.8927646436754582,2,Fear,0.8250462982400346,BOTH_CORRECT,False,True,True,False
private,1970,2,Fear,2,Fear,0.9490295460080163,2,Fear,0.9686616662792741,BOTH_CORRECT,False,True,True,False
private,1971,6,Neutral,3,Happy,0.8719252119028797,3,Happy,0.5302595574266532,BOTH_WRONG,False,True,True,False
private,1972,5,Surprise,5,Surprise,0.5134469179881084,5,Surprise,0.9271995945742372,BOTH_CORRECT,False,True,True,False
private,1973,6,Neutral,6,Neutral,0.9571816046866152,6,Neutral,0.9568675070582421,BOTH_CORRECT,False,True,True,False
private,1974,6,Neutral,6,Neutral,0.9291136020791867,6,Neutral,0.9341445894787417,BOTH_CORRECT,False,True,True,False
private,1975,0,Angry,0,Angry,0.958950889853538,0,Angry,0.8289917258843768,BOTH_CORRECT,False,True,True,False
private,1976,3,Happy,3,Happy,0.9585744768992598,3,Happy,0.9575983483876938,BOTH_CORRECT,False,True,True,False
private,1977,5,Surprise,5,Surprise,0.929952830552857,5,Surprise,0.5569836117841617,BOTH_CORRECT,False,True,True,False
private,1978,2,Fear,6,Neutral,0.903893357124752,6,Neutral,0.7775930507182965,BOTH_WRONG,False,True,True,False
private,1979,2,Fear,6,Neutral,0.8048693006711025,6,Neutral,0.3963362669097577,BOTH_WRONG,False,True,True,False
private,1980,6,Neutral,6,Neutral,0.634120275808877,3,Happy,0.6242337730514261,V21_CORRECT_V22_WRONG,True,True,True,False
private,1981,6,Neutral,6,Neutral,0.8572311305261117,6,Neutral,0.9487117918602185,BOTH_CORRECT,False,True,True,False
private,1982,3,Happy,3,Happy,0.9431329817783917,3,Happy,0.9488683857542217,BOTH_CORRECT,False,True,True,False
private,1983,3,Happy,3,Happy,0.9398179016539783,3,Happy,0.9488116458705312,BOTH_CORRECT,False,True,True,False
private,1984,3,Happy,3,Happy,0.9535215230195531,4,Sad,0.9153635609412272,V21_CORRECT_V22_WRONG,True,True,True,False
private,1985,0,Angry,4,Sad,0.9399048010616593,4,Sad,0.7713227813375547,BOTH_WRONG,False,True,True,False
private,1986,2,Fear,4,Sad,0.8562570668216526,4,Sad,0.8827172622531303,BOTH_WRONG,False,True,True,False
private,1987,2,Fear,2,Fear,0.9191729954727781,2,Fear,0.948884163306742,BOTH_CORRECT,False,True,True,False
private,1988,6,Neutral,6,Neutral,0.8298803515861105,6,Neutral,0.7102421164397089,BOTH_CORRECT,False,True,True,False
private,1989,6,Neutral,6,Neutral,0.9078072292012486,6,Neutral,0.44097238211178613,BOTH_CORRECT,False,True,True,False
private,1990,5,Surprise,5,Surprise,0.9394615278835275,5,Surprise,0.9510257633715815,BOTH_CORRECT,False,False,False,True
private,1991,0,Angry,0,Angry,0.885668429427296,0,Angry,0.9447810813310491,BOTH_CORRECT,False,True,True,False
private,1992,2,Fear,1,Disgust,0.9024573943067968,2,Fear,0.9337630146937951,V22_CORRECT_V21_WRONG,True,True,True,False
private,1993,0,Angry,5,Surprise,0.4323262540118634,3,Happy,0.6187776054891392,BOTH_WRONG,False,True,True,False
private,1994,6,Neutral,2,Fear,0.9179146778792264,6,Neutral,0.8068274013823604,V22_CORRECT_V21_WRONG,True,True,True,False
private,1995,3,Happy,3,Happy,0.9523733926208647,3,Happy,0.9549540576314229,BOTH_CORRECT,False,True,True,False
private,1996,3,Happy,0,Angry,0.7721397340227952,3,Happy,0.9211508704944487,V22_CORRECT_V21_WRONG,True,True,True,False
private,1997,3,Happy,3,Happy,0.9567346356817358,3,Happy,0.9581114503911276,BOTH_CORRECT,False,True,True,False
private,1998,6,Neutral,6,Neutral,0.5636825035967107,6,Neutral,0.9048074192577475,BOTH_CORRECT,False,True,True,False
private,1999,6,Neutral,6,Neutral,0.9370315231712086,6,Neutral,0.9510927031462837,BOTH_CORRECT,False,True,True,False
private,2000,5,Surprise,5,Surprise,0.9507949038441529,5,Surprise,0.9540539919547065,BOTH_CORRECT,False,True,True,False
private,2001,6,Neutral,4,Sad,0.43752491876077143,6,Neutral,0.871491297252215,V22_CORRECT_V21_WRONG,True,True,True,False
private,2002,4,Sad,2,Fear,0.5063625184803912,2,Fear,0.7922253954272515,BOTH_WRONG,False,True,True,False
private,2003,3,Happy,3,Happy,0.9512439226301521,3,Happy,0.9498118903896398,BOTH_CORRECT,False,True,True,False
private,2004,3,Happy,3,Happy,0.9562790923219607,3,Happy,0.9590589226441832,BOTH_CORRECT,False,True,True,False
private,2005,3,Happy,3,Happy,0.9562346266356712,3,Happy,0.9508652082895951,BOTH_CORRECT,False,False,False,True
private,2006,5,Surprise,5,Surprise,0.8371458071073252,5,Surprise,0.8977180054442049,BOTH_CORRECT,False,True,True,False
private,2007,0,Angry,0,Angry,0.9537558762544278,0,Angry,0.9646528692221396,BOTH_CORRECT,False,True,True,False
private,2008,6,Neutral,6,Neutral,0.9483066419899787,6,Neutral,0.9458919915290115,BOTH_CORRECT,False,True,True,False
private,2009,5,Surprise,5,Surprise,0.9495357115649654,5,Surprise,0.9568323957579475,BOTH_CORRECT,False,True,True,False
private,2010,6,Neutral,6,Neutral,0.6758986007679751,6,Neutral,0.9489476150641295,BOTH_CORRECT,False,True,True,False
private,2011,6,Neutral,6,Neutral,0.7009206833295927,6,Neutral,0.9429472491705022,BOTH_CORRECT,False,True,True,False
private,2012,2,Fear,0,Angry,0.46889395696828484,2,Fear,0.7996681480778937,V22_CORRECT_V21_WRONG,True,True,True,False
private,2013,6,Neutral,6,Neutral,0.943027492672221,6,Neutral,0.9510010567299418,BOTH_CORRECT,False,True,True,False
private,2014,2,Fear,4,Sad,0.46192298488665334,4,Sad,0.9283039183923697,BOTH_WRONG,False,True,True,False
private,2015,3,Happy,3,Happy,0.924995290489473,3,Happy,0.9366751007910483,BOTH_CORRECT,False,False,False,True
private,2016,4,Sad,2,Fear,0.8962860267871077,4,Sad,0.8451947362789692,V22_CORRECT_V21_WRONG,True,True,True,False
private,2017,3,Happy,3,Happy,0.9263654294057662,3,Happy,0.9480605532432567,BOTH_CORRECT,False,True,True,False
private,2018,3,Happy,3,Happy,0.9419560477242892,3,Happy,0.9430573392426336,BOTH_CORRECT,False,True,True,False
private,2019,3,Happy,3,Happy,0.9087349403277263,3,Happy,0.9477780234267571,BOTH_CORRECT,False,True,True,False
private,2020,0,Angry,0,Angry,0.5961414687631086,0,Angry,0.9604601389158701,BOTH_CORRECT,False,True,True,False
private,2021,4,Sad,2,Fear,0.46915153738206633,4,Sad,0.4896448589271878,V22_CORRECT_V21_WRONG,True,True,True,False
private,2022,0,Angry,0,Angry,0.9599491731931862,0,Angry,0.7855262231204855,BOTH_CORRECT,False,True,True,False
private,2023,6,Neutral,6,Neutral,0.9333932125800627,6,Neutral,0.9405464971357975,BOTH_CORRECT,False,True,True,False
private,2024,6,Neutral,4,Sad,0.9171064002207356,6,Neutral,0.8822614949453715,V22_CORRECT_V21_WRONG,True,True,True,False
private,2025,6,Neutral,4,Sad,0.7180206551319496,4,Sad,0.8269107524787835,BOTH_WRONG,False,True,True,False
private,2026,6,Neutral,6,Neutral,0.895664262269729,0,Angry,0.9492759332850256,V21_CORRECT_V22_WRONG,True,True,True,False
private,2027,2,Fear,2,Fear,0.961230385068488,2,Fear,0.9601070650506697,BOTH_CORRECT,False,True,True,False
private,2028,3,Happy,3,Happy,0.9523768679023183,3,Happy,0.9487876158500836,BOTH_CORRECT,False,True,True,False
private,2029,2,Fear,2,Fear,0.879086388430328,6,Neutral,0.4751553115913518,V21_CORRECT_V22_WRONG,True,True,True,False
private,2030,3,Happy,3,Happy,0.9626311569768772,3,Happy,0.9614598543394633,BOTH_CORRECT,False,True,True,False
private,2031,3,Happy,3,Happy,0.8402238399621296,3,Happy,0.9176351970027042,BOTH_CORRECT,False,True,True,False
private,2032,5,Surprise,5,Surprise,0.9556153560337132,5,Surprise,0.9572037453173818,BOTH_CORRECT,False,False,False,True
private,2033,6,Neutral,6,Neutral,0.9441098902267816,6,Neutral,0.9411320415187566,BOTH_CORRECT,False,True,True,False
private,2034,0,Angry,0,Angry,0.9498555288197239,0,Angry,0.9002962571817219,BOTH_CORRECT,False,True,True,False
private,2035,0,Angry,0,Angry,0.5952026549970804,0,Angry,0.9486981688042531,BOTH_CORRECT,False,True,True,False
private,2036,6,Neutral,6,Neutral,0.9346433640880553,6,Neutral,0.9340657218326645,BOTH_CORRECT,False,True,True,False
private,2037,6,Neutral,6,Neutral,0.905773229359286,6,Neutral,0.9240129375438354,BOTH_CORRECT,False,True,True,False
private,2038,2,Fear,2,Fear,0.9658946097075258,2,Fear,0.9559015172889276,BOTH_CORRECT,False,True,True,False
private,2039,4,Sad,4,Sad,0.4535286300184908,4,Sad,0.8187376698002382,BOTH_CORRECT,False,True,True,False
private,2040,6,Neutral,4,Sad,0.5541609718656705,4,Sad,0.5600411140081248,BOTH_WRONG,False,True,True,False
private,2041,2,Fear,4,Sad,0.9423410589855158,4,Sad,0.8720344365477664,BOTH_WRONG,False,True,True,False
private,2042,5,Surprise,5,Surprise,0.9548228835905866,5,Surprise,0.961506920849511,BOTH_CORRECT,False,True,True,False
private,2043,4,Sad,4,Sad,0.4078970271155234,6,Neutral,0.835520835964809,V21_CORRECT_V22_WRONG,True,True,True,False
private,2044,6,Neutral,2,Fear,0.8582137447020182,6,Neutral,0.889112688623384,V22_CORRECT_V21_WRONG,True,True,True,False
private,2045,6,Neutral,3,Happy,0.8339125011790077,6,Neutral,0.9106809534045349,V22_CORRECT_V21_WRONG,True,True,True,False
private,2046,3,Happy,3,Happy,0.9509454253950127,3,Happy,0.9518033766877665,BOTH_CORRECT,False,True,True,False
private,2047,2,Fear,4,Sad,0.6486702669180058,4,Sad,0.9291038153510364,BOTH_WRONG,False,True,True,False
private,2048,6,Neutral,3,Happy,0.9544608001907252,6,Neutral,0.5705310355446389,V22_CORRECT_V21_WRONG,True,True,True,False
private,2049,3,Happy,3,Happy,0.9510222075183795,3,Happy,0.9409112764421543,BOTH_CORRECT,False,True,True,False
private,2050,2,Fear,0,Angry,0.8246109309616737,0,Angry,0.8645880601691409,BOTH_WRONG,False,True,True,False
private,2051,2,Fear,2,Fear,0.9156515450855734,2,Fear,0.9592223997620202,BOTH_CORRECT,False,True,True,False
private,2052,0,Angry,0,Angry,0.5922389375618804,0,Angry,0.8352003206963876,BOTH_CORRECT,False,True,True,False
private,2053,5,Surprise,5,Surprise,0.9039690984925967,5,Surprise,0.9585789539240491,BOTH_CORRECT,False,True,True,False
private,2054,0,Angry,6,Neutral,0.8263282922651248,2,Fear,0.9578485451601921,BOTH_WRONG,False,True,True,False
private,2055,3,Happy,3,Happy,0.9539415426048072,3,Happy,0.9507365523461424,BOTH_CORRECT,False,True,True,False
private,2056,3,Happy,3,Happy,0.9527317570947985,3,Happy,0.9491648263069382,BOTH_CORRECT,False,True,True,False
private,2057,0,Angry,0,Angry,0.7350226942306554,0,Angry,0.9607388174458897,BOTH_CORRECT,False,True,True,False
private,2058,2,Fear,6,Neutral,0.5450441028128188,0,Angry,0.48541865043339544,BOTH_WRONG,False,True,True,False
private,2059,4,Sad,4,Sad,0.8629383073570754,4,Sad,0.8989150508087268,BOTH_CORRECT,False,True,True,False
private,2060,2,Fear,4,Sad,0.7827841374700751,4,Sad,0.941027864591682,BOTH_WRONG,False,True,True,False
private,2061,0,Angry,0,Angry,0.9628762671454196,0,Angry,0.9659231603866831,BOTH_CORRECT,False,True,True,False
private,2062,0,Angry,1,Disgust,0.9390628227079939,1,Disgust,0.675013245904179,BOTH_WRONG,False,True,True,False
private,2063,3,Happy,3,Happy,0.955258567882965,3,Happy,0.9536036045767293,BOTH_CORRECT,False,True,True,False
private,2064,4,Sad,4,Sad,0.941742587639511,4,Sad,0.9501199625443285,BOTH_CORRECT,False,True,True,False
private,2065,0,Angry,4,Sad,0.9532643199611572,4,Sad,0.9256053695281682,BOTH_WRONG,False,True,True,False
private,2066,2,Fear,4,Sad,0.9606557192556683,4,Sad,0.6823287123940047,BOTH_WRONG,False,True,True,False
private,2067,5,Surprise,5,Surprise,0.9459089198414902,5,Surprise,0.9613042418968928,BOTH_CORRECT,False,True,True,False
private,2068,4,Sad,6,Neutral,0.9483504289167849,6,Neutral,0.4503066669220813,BOTH_WRONG,False,True,True,False
private,2069,3,Happy,3,Happy,0.9578186399092244,3,Happy,0.953835345572094,BOTH_CORRECT,False,True,True,False
private,2070,3,Happy,3,Happy,0.9593190520004565,3,Happy,0.9569811243708239,BOTH_CORRECT,False,False,False,True
private,2071,5,Surprise,5,Surprise,0.9572381160894053,5,Surprise,0.9541932654145274,BOTH_CORRECT,False,False,False,True
private,2072,3,Happy,3,Happy,0.9516315103310772,3,Happy,0.9487974488493213,BOTH_CORRECT,False,True,True,False
private,2073,2,Fear,4,Sad,0.8428541357839515,2,Fear,0.7699862513408146,V22_CORRECT_V21_WRONG,True,True,True,False
private,2074,2,Fear,1,Disgust,0.8018173526231095,0,Angry,0.900310011333254,BOTH_WRONG,False,True,True,False
private,2075,4,Sad,4,Sad,0.7983665526701582,4,Sad,0.944453211177318,BOTH_CORRECT,False,False,False,True
private,2076,4,Sad,6,Neutral,0.47478809363801666,6,Neutral,0.9027590232515127,BOTH_WRONG,False,True,True,False
private,2077,3,Happy,3,Happy,0.9525019893966009,3,Happy,0.9492199945954224,BOTH_CORRECT,False,True,True,False
private,2078,2,Fear,6,Neutral,0.6413252248892514,2,Fear,0.91117315566434,V22_CORRECT_V21_WRONG,True,True,True,False
private,2079,3,Happy,3,Happy,0.9435684585300158,3,Happy,0.9488231912166599,BOTH_CORRECT,False,True,True,False
private,2080,3,Happy,3,Happy,0.9499445495260975,3,Happy,0.9520193834053192,BOTH_CORRECT,False,False,False,True
private,2081,4,Sad,6,Neutral,0.9270346634381648,6,Neutral,0.7102088493928957,BOTH_WRONG,False,True,True,False
private,2082,0,Angry,2,Fear,0.4490022208855245,2,Fear,0.8382393368399741,BOTH_WRONG,False,True,True,False
private,2083,0,Angry,3,Happy,0.6505042524374264,5,Surprise,0.826277123813598,BOTH_WRONG,False,True,True,False
private,2084,2,Fear,2,Fear,0.9621204382790253,2,Fear,0.9625729442633858,BOTH_CORRECT,False,False,False,True
private,2085,0,Angry,0,Angry,0.9410809473912721,0,Angry,0.9551207374390965,BOTH_CORRECT,False,True,True,False
private,2086,4,Sad,6,Neutral,0.9243287299606348,0,Angry,0.706036895605842,BOTH_WRONG,False,True,True,False
private,2087,5,Surprise,5,Surprise,0.9451081446167009,5,Surprise,0.9527654082714078,BOTH_CORRECT,False,True,True,False
private,2088,3,Happy,3,Happy,0.9557538420714766,3,Happy,0.9385147536080177,BOTH_CORRECT,False,True,True,False
private,2089,4,Sad,3,Happy,0.6063817226923705,3,Happy,0.6909891582885248,BOTH_WRONG,False,True,False,False
private,2090,6,Neutral,6,Neutral,0.9226909724758972,6,Neutral,0.9477807666092842,BOTH_CORRECT,False,True,True,False
private,2091,0,Angry,0,Angry,0.9281539706532614,0,Angry,0.951318220874847,BOTH_CORRECT,False,True,True,False
private,2092,4,Sad,2,Fear,0.7297099865551286,4,Sad,0.5930919951603484,V22_CORRECT_V21_WRONG,True,False,False,True
private,2093,3,Happy,3,Happy,0.9494641262341847,3,Happy,0.9469236992526856,BOTH_CORRECT,False,True,True,False
private,2094,3,Happy,2,Fear,0.9445884580208638,3,Happy,0.9477562661844764,V22_CORRECT_V21_WRONG,True,True,True,False
private,2095,5,Surprise,3,Happy,0.945773792679543,3,Happy,0.9304208850460902,BOTH_WRONG,False,True,True,False
private,2096,3,Happy,6,Neutral,0.9471315921315845,3,Happy,0.9539766137585822,V22_CORRECT_V21_WRONG,True,True,True,False
private,2097,5,Surprise,5,Surprise,0.9543354670699004,5,Surprise,0.9562090986443809,BOTH_CORRECT,False,True,True,False
private,2098,2,Fear,2,Fear,0.861055451573708,2,Fear,0.5773676472297349,BOTH_CORRECT,False,True,True,False
private,2099,3,Happy,3,Happy,0.9511826644447107,3,Happy,0.9376339219666472,BOTH_CORRECT,False,True,True,False
private,2100,0,Angry,6,Neutral,0.5290746480370306,0,Angry,0.9330925481802463,V22_CORRECT_V21_WRONG,True,True,True,False
private,2101,6,Neutral,6,Neutral,0.9114960042666242,6,Neutral,0.9014025150784987,BOTH_CORRECT,False,True,True,False
private,2102,5,Surprise,5,Surprise,0.7098734473251691,5,Surprise,0.9588320060674066,BOTH_CORRECT,False,True,True,False
private,2103,4,Sad,2,Fear,0.8207070351816891,6,Neutral,0.9434766690031937,BOTH_WRONG,False,True,True,False
private,2104,3,Happy,3,Happy,0.9605627868225302,3,Happy,0.9594737489238195,BOTH_CORRECT,False,True,True,False
private,2105,4,Sad,4,Sad,0.8122245072606474,4,Sad,0.9349020809385917,BOTH_CORRECT,False,True,True,False
private,2106,3,Happy,3,Happy,0.9548102745308903,3,Happy,0.9532899857421493,BOTH_CORRECT,False,True,True,False
private,2107,0,Angry,0,Angry,0.9643912155545713,0,Angry,0.9652529190542115,BOTH_CORRECT,False,False,False,True
private,2108,6,Neutral,6,Neutral,0.9153615395749229,6,Neutral,0.8916160267610468,BOTH_CORRECT,False,True,True,False
private,2109,3,Happy,3,Happy,0.865131898596604,3,Happy,0.7263823051947502,BOTH_CORRECT,False,True,True,False
private,2110,4,Sad,2,Fear,0.8578358432149619,3,Happy,0.9328463966538014,BOTH_WRONG,False,True,True,False
private,2111,3,Happy,3,Happy,0.9610989359355864,3,Happy,0.95703902893222,BOTH_CORRECT,False,True,True,False
private,2112,3,Happy,3,Happy,0.6795098112282092,3,Happy,0.9589562718429611,BOTH_CORRECT,False,True,True,False
private,2113,5,Surprise,5,Surprise,0.9376171051335012,5,Surprise,0.7820725629685217,BOTH_CORRECT,False,False,False,True
private,2114,3,Happy,3,Happy,0.9268709765114571,3,Happy,0.9608503472054368,BOTH_CORRECT,False,True,True,False
private,2115,4,Sad,6,Neutral,0.8352108788966978,0,Angry,0.6605487307447182,BOTH_WRONG,False,True,True,False
private,2116,4,Sad,4,Sad,0.9341626776625328,4,Sad,0.9630509928968387,BOTH_CORRECT,False,True,True,False
private,2117,2,Fear,0,Angry,0.5018363816124732,6,Neutral,0.7380367064078929,BOTH_WRONG,False,True,True,False
private,2118,5,Surprise,5,Surprise,0.955659382513439,5,Surprise,0.6140722172603302,BOTH_CORRECT,False,True,True,False
private,2119,0,Angry,0,Angry,0.8466971549198539,0,Angry,0.8720677286929599,BOTH_CORRECT,False,True,True,False
private,2120,6,Neutral,6,Neutral,0.7668992935066471,6,Neutral,0.8036515172728123,BOTH_CORRECT,False,True,True,False
private,2121,6,Neutral,6,Neutral,0.8911450518087416,6,Neutral,0.9426101242262692,BOTH_CORRECT,False,True,True,False
private,2122,0,Angry,6,Neutral,0.8108230388118857,4,Sad,0.7922180621089153,BOTH_WRONG,False,True,True,False
private,2123,3,Happy,3,Happy,0.9405492484995698,3,Happy,0.9289483167004453,BOTH_CORRECT,False,True,True,False
private,2124,6,Neutral,6,Neutral,0.9361431380010536,6,Neutral,0.9458652706401597,BOTH_CORRECT,False,False,False,True
private,2125,1,Disgust,1,Disgust,0.9677105585524283,1,Disgust,0.9639446165640525,BOTH_CORRECT,False,False,False,True
private,2126,2,Fear,2,Fear,0.9414759343992664,2,Fear,0.8235596145312153,BOTH_CORRECT,False,False,False,True
private,2127,6,Neutral,3,Happy,0.8010223466345225,3,Happy,0.5100502628328726,BOTH_WRONG,False,True,True,False
private,2128,6,Neutral,6,Neutral,0.9175846063499611,4,Sad,0.8549277530770282,V21_CORRECT_V22_WRONG,True,True,True,False
private,2129,4,Sad,0,Angry,0.8135553129511663,0,Angry,0.9204054967496353,BOTH_WRONG,False,True,True,False
private,2130,6,Neutral,6,Neutral,0.9471706589056889,6,Neutral,0.9324518366485177,BOTH_CORRECT,False,True,True,False
private,2131,3,Happy,3,Happy,0.9465892754550831,3,Happy,0.9545631848623913,BOTH_CORRECT,False,True,True,False
private,2132,3,Happy,3,Happy,0.9579994783093307,3,Happy,0.9335878760397667,BOTH_CORRECT,False,True,True,False
private,2133,3,Happy,3,Happy,0.9448319118387583,3,Happy,0.942733198038546,BOTH_CORRECT,False,True,True,False
private,2134,1,Disgust,1,Disgust,0.9701247561532169,1,Disgust,0.9656132783635609,BOTH_CORRECT,False,True,True,False
private,2135,6,Neutral,0,Angry,0.4107111621602547,4,Sad,0.5650545467034578,BOTH_WRONG,False,True,True,False
private,2136,3,Happy,3,Happy,0.9459981834411749,3,Happy,0.9456081286287986,BOTH_CORRECT,False,True,True,False
private,2137,3,Happy,3,Happy,0.9509454253950127,3,Happy,0.9518033766877665,BOTH_CORRECT,False,True,True,False
private,2138,3,Happy,3,Happy,0.4633597392040658,1,Disgust,0.4126534917934947,V21_CORRECT_V22_WRONG,True,True,True,False
private,2139,3,Happy,3,Happy,0.9583411692642012,3,Happy,0.9588912561047952,BOTH_CORRECT,False,True,True,False
private,2140,4,Sad,0,Angry,0.8437763640180803,4,Sad,0.9394653985283915,V22_CORRECT_V21_WRONG,True,True,True,False
private,2141,5,Surprise,5,Surprise,0.9549881481855177,5,Surprise,0.950570878961665,BOTH_CORRECT,False,False,False,True
private,2142,3,Happy,3,Happy,0.9389397322079308,3,Happy,0.9147489190439738,BOTH_CORRECT,False,True,True,False
private,2143,2,Fear,0,Angry,0.7808937428770736,4,Sad,0.6114497747104631,BOTH_WRONG,False,True,False,False
private,2144,2,Fear,6,Neutral,0.84967859149585,6,Neutral,0.9173828304669746,BOTH_WRONG,False,True,True,False
private,2145,6,Neutral,6,Neutral,0.9623556615586966,6,Neutral,0.9650105782905405,BOTH_CORRECT,False,True,True,False
private,2146,4,Sad,0,Angry,0.9506114692586025,4,Sad,0.7089143980425987,V22_CORRECT_V21_WRONG,True,True,True,False
private,2147,3,Happy,0,Angry,0.9116583623362544,0,Angry,0.8369281454920235,BOTH_WRONG,False,True,True,False
private,2148,0,Angry,4,Sad,0.3725231648824831,6,Neutral,0.34183142447306436,BOTH_WRONG,False,True,True,False
private,2149,3,Happy,0,Angry,0.9548548060910774,3,Happy,0.9474229461122738,V22_CORRECT_V21_WRONG,True,True,True,False
private,2150,0,Angry,0,Angry,0.4957088108163411,4,Sad,0.9609485734237115,V21_CORRECT_V22_WRONG,True,True,False,False
private,2151,5,Surprise,5,Surprise,0.9518780617611885,5,Surprise,0.9356369351292627,BOTH_CORRECT,False,True,True,False
private,2152,2,Fear,2,Fear,0.599858084603064,2,Fear,0.7464644723650827,BOTH_CORRECT,False,True,True,False
private,2153,2,Fear,2,Fear,0.9513759800617854,2,Fear,0.9221060104815905,BOTH_CORRECT,False,True,True,False
private,2154,3,Happy,5,Surprise,0.9368301273037787,5,Surprise,0.874918820038236,BOTH_WRONG,False,True,False,False
private,2155,3,Happy,3,Happy,0.958075011212337,3,Happy,0.9531939917461324,BOTH_CORRECT,False,True,True,False
private,2156,4,Sad,6,Neutral,0.9221743516550509,6,Neutral,0.9550068823570046,BOTH_WRONG,False,True,True,False
private,2157,6,Neutral,6,Neutral,0.91478880632809,6,Neutral,0.942168520397354,BOTH_CORRECT,False,True,True,False
private,2158,3,Happy,3,Happy,0.9595016392481303,3,Happy,0.9590411089166071,BOTH_CORRECT,False,True,True,False
private,2159,0,Angry,0,Angry,0.7330041091437769,0,Angry,0.7576467508950314,BOTH_CORRECT,False,True,True,False
private,2160,5,Surprise,5,Surprise,0.8947664908642085,5,Surprise,0.9634586824686082,BOTH_CORRECT,False,False,False,True
private,2161,4,Sad,2,Fear,0.9587924550056252,2,Fear,0.8779733369643721,BOTH_WRONG,False,True,True,False
private,2162,0,Angry,0,Angry,0.9147084713958193,0,Angry,0.9510023645306037,BOTH_CORRECT,False,True,True,False
private,2163,4,Sad,4,Sad,0.6725685918360208,4,Sad,0.923238356060518,BOTH_CORRECT,False,True,True,False
private,2164,2,Fear,2,Fear,0.9672973235439887,2,Fear,0.9576180157604398,BOTH_CORRECT,False,True,True,False
private,2165,3,Happy,3,Happy,0.9254188182969442,3,Happy,0.9460708689355863,BOTH_CORRECT,False,True,True,False
private,2166,3,Happy,3,Happy,0.9577092035811235,3,Happy,0.9617099486174508,BOTH_CORRECT,False,True,True,False
private,2167,2,Fear,2,Fear,0.9470923413683378,2,Fear,0.9563690699332931,BOTH_CORRECT,False,True,True,False
private,2168,3,Happy,3,Happy,0.9500211066202942,3,Happy,0.9527254735951294,BOTH_CORRECT,False,True,True,False
private,2169,0,Angry,4,Sad,0.5457711109109089,0,Angry,0.8005658282126131,V22_CORRECT_V21_WRONG,True,True,True,False
private,2170,3,Happy,3,Happy,0.9551691395081763,3,Happy,0.9473107062938694,BOTH_CORRECT,False,True,True,False
private,2171,3,Happy,3,Happy,0.9279274608289946,3,Happy,0.946439319070636,BOTH_CORRECT,False,True,True,False
private,2172,0,Angry,0,Angry,0.6373280252879715,3,Happy,0.6251175675868674,V21_CORRECT_V22_WRONG,True,True,True,False
private,2173,3,Happy,3,Happy,0.49318809856282786,3,Happy,0.9452512074331462,BOTH_CORRECT,False,True,True,False
private,2174,5,Surprise,5,Surprise,0.9420383829406273,5,Surprise,0.9415270471139302,BOTH_CORRECT,False,False,False,True
private,2175,3,Happy,3,Happy,0.956519951286133,3,Happy,0.9549965283127283,BOTH_CORRECT,False,True,True,False
private,2176,0,Angry,0,Angry,0.6119136778553124,0,Angry,0.9615776136970368,BOTH_CORRECT,False,True,True,False
private,2177,4,Sad,4,Sad,0.881663211475949,4,Sad,0.4686485469458213,BOTH_CORRECT,False,True,True,False
private,2178,2,Fear,4,Sad,0.8903229746361283,4,Sad,0.8594668156938448,BOTH_WRONG,False,True,True,False
private,2179,4,Sad,4,Sad,0.8526700106269218,0,Angry,0.6428098669104347,V21_CORRECT_V22_WRONG,True,True,True,False
private,2180,2,Fear,4,Sad,0.9551141701799994,4,Sad,0.8787760252053205,BOTH_WRONG,False,True,True,False
private,2181,3,Happy,3,Happy,0.9463478594821573,3,Happy,0.9479469722449171,BOTH_CORRECT,False,True,True,False
private,2182,2,Fear,4,Sad,0.7945996926155546,4,Sad,0.9588449900458701,BOTH_WRONG,False,True,True,False
private,2183,6,Neutral,6,Neutral,0.9285349023657569,4,Sad,0.45889501127488996,V21_CORRECT_V22_WRONG,True,True,True,False
private,2184,4,Sad,4,Sad,0.9645210981130034,4,Sad,0.9558503067767885,BOTH_CORRECT,False,True,True,False
private,2185,3,Happy,3,Happy,0.9619517983468553,3,Happy,0.9611634900024036,BOTH_CORRECT,False,True,True,False
private,2186,4,Sad,6,Neutral,0.45295978831115524,4,Sad,0.795356355830721,V22_CORRECT_V21_WRONG,True,True,True,False
private,2187,2,Fear,2,Fear,0.9622770952983135,2,Fear,0.9527168097287275,BOTH_CORRECT,False,True,True,False
private,2188,2,Fear,2,Fear,0.963434229058846,2,Fear,0.9568647503512715,BOTH_CORRECT,False,True,True,False
private,2189,3,Happy,3,Happy,0.9506288102076785,3,Happy,0.9482134234705962,BOTH_CORRECT,False,True,True,False
private,2190,6,Neutral,6,Neutral,0.7407785669855487,0,Angry,0.5949980739671532,V21_CORRECT_V22_WRONG,True,True,True,False
private,2191,2,Fear,2,Fear,0.9659586841816369,2,Fear,0.951189319290351,BOTH_CORRECT,False,False,False,True
private,2192,3,Happy,3,Happy,0.9506614823322742,3,Happy,0.9361113480341189,BOTH_CORRECT,False,True,True,False
private,2193,6,Neutral,6,Neutral,0.9012793201521575,4,Sad,0.9154002869760062,V21_CORRECT_V22_WRONG,True,True,True,False
private,2194,2,Fear,4,Sad,0.8787498052803684,4,Sad,0.7381755129327261,BOTH_WRONG,False,True,True,False
private,2195,5,Surprise,5,Surprise,0.825103677780954,3,Happy,0.7556924557333156,V21_CORRECT_V22_WRONG,True,True,True,False
private,2196,2,Fear,0,Angry,0.4564485843209619,2,Fear,0.7344814715959344,V22_CORRECT_V21_WRONG,True,False,False,True
private,2197,4,Sad,2,Fear,0.888135319065474,4,Sad,0.7404676682266296,V22_CORRECT_V21_WRONG,True,True,True,False
private,2198,5,Surprise,5,Surprise,0.8266734645816884,2,Fear,0.9347231683722405,V21_CORRECT_V22_WRONG,True,True,True,False
private,2199,3,Happy,3,Happy,0.9489010074722347,3,Happy,0.9353824628265958,BOTH_CORRECT,False,True,True,False
private,2200,3,Happy,3,Happy,0.9515928964570278,3,Happy,0.942473383356645,BOTH_CORRECT,False,True,True,False
private,2201,5,Surprise,5,Surprise,0.8365449745566117,5,Surprise,0.8971674381727781,BOTH_CORRECT,False,False,False,True
private,2202,5,Surprise,5,Surprise,0.9198616509439621,5,Surprise,0.9009097009679994,BOTH_CORRECT,False,True,True,False
private,2203,3,Happy,3,Happy,0.5050261368985305,3,Happy,0.934297888547923,BOTH_CORRECT,False,True,True,False
private,2204,6,Neutral,6,Neutral,0.9505341828222357,6,Neutral,0.9553837709225084,BOTH_CORRECT,False,True,True,False
private,2205,4,Sad,4,Sad,0.7807634656050164,4,Sad,0.8507394248495657,BOTH_CORRECT,False,True,True,False
private,2206,2,Fear,0,Angry,0.9017243067709898,0,Angry,0.9415252166054564,BOTH_WRONG,False,True,True,False
private,2207,1,Disgust,1,Disgust,0.8431533508941995,0,Angry,0.7697959660458555,V21_CORRECT_V22_WRONG,True,True,False,False
private,2208,2,Fear,2,Fear,0.9546232709065055,2,Fear,0.9470205549036991,BOTH_CORRECT,False,False,False,True
private,2209,0,Angry,6,Neutral,0.5990818646355215,4,Sad,0.9555160692177809,BOTH_WRONG,False,True,True,False
private,2210,2,Fear,6,Neutral,0.9491824562057222,6,Neutral,0.9446865654256486,BOTH_WRONG,False,True,True,False
private,2211,4,Sad,6,Neutral,0.48450989429112096,6,Neutral,0.5727264097812033,BOTH_WRONG,False,True,True,False
private,2212,3,Happy,3,Happy,0.9501340308559924,3,Happy,0.9608652438429092,BOTH_CORRECT,False,True,True,False
private,2213,3,Happy,3,Happy,0.9184167198520535,6,Neutral,0.5124578148511789,V21_CORRECT_V22_WRONG,True,True,True,False
private,2214,0,Angry,0,Angry,0.9263342730102414,0,Angry,0.7587055490653224,BOTH_CORRECT,False,True,True,False
private,2215,6,Neutral,6,Neutral,0.956289494033638,6,Neutral,0.9631794239457905,BOTH_CORRECT,False,True,True,False
private,2216,3,Happy,3,Happy,0.9452300145863826,3,Happy,0.9393767993766796,BOTH_CORRECT,False,True,True,False
private,2217,0,Angry,2,Fear,0.47848973036423437,2,Fear,0.9485527036155292,BOTH_WRONG,False,True,True,False
private,2218,2,Fear,6,Neutral,0.7961264623870687,6,Neutral,0.8080026025510053,BOTH_WRONG,False,True,True,False
private,2219,6,Neutral,4,Sad,0.9469316556165909,4,Sad,0.9606633242776169,BOTH_WRONG,False,True,True,False
private,2220,6,Neutral,6,Neutral,0.7027435203643873,6,Neutral,0.9383065344060603,BOTH_CORRECT,False,True,True,False
private,2221,1,Disgust,0,Angry,0.6626913980817539,1,Disgust,0.4209102719559845,V22_CORRECT_V21_WRONG,True,True,False,False
private,2222,4,Sad,4,Sad,0.9528654542284097,4,Sad,0.730715486640573,BOTH_CORRECT,False,True,True,False
private,2223,6,Neutral,3,Happy,0.9034032282312878,3,Happy,0.8596285667243817,BOTH_WRONG,False,True,False,False
private,2224,2,Fear,3,Happy,0.6140906408983856,6,Neutral,0.891773636739174,BOTH_WRONG,False,True,True,False
private,2225,6,Neutral,6,Neutral,0.9419666803750949,6,Neutral,0.9585672957153857,BOTH_CORRECT,False,True,True,False
private,2226,3,Happy,4,Sad,0.5480065317826829,4,Sad,0.8277758554466585,BOTH_WRONG,False,True,True,False
private,2227,3,Happy,3,Happy,0.941769599911253,3,Happy,0.9496608774264256,BOTH_CORRECT,False,True,True,False
private,2228,6,Neutral,6,Neutral,0.9526491829146374,6,Neutral,0.9239331298691854,BOTH_CORRECT,False,True,True,False
private,2229,3,Happy,3,Happy,0.95047688219959,3,Happy,0.9523429899232156,BOTH_CORRECT,False,True,True,False
private,2230,3,Happy,3,Happy,0.9510469731970673,3,Happy,0.9477537470001038,BOTH_CORRECT,False,True,True,False
private,2231,6,Neutral,6,Neutral,0.5513261303422476,6,Neutral,0.5314470786210661,BOTH_CORRECT,False,True,True,False
private,2232,6,Neutral,0,Angry,0.6082904701811512,6,Neutral,0.5643894169624015,V22_CORRECT_V21_WRONG,True,True,True,False
private,2233,3,Happy,5,Surprise,0.8289623971033349,3,Happy,0.5553218756787921,V22_CORRECT_V21_WRONG,True,True,True,False
private,2234,5,Surprise,0,Angry,0.788898186784306,2,Fear,0.7806010128922657,BOTH_WRONG,False,True,True,False
private,2235,4,Sad,4,Sad,0.9404930036773667,4,Sad,0.9521761124374951,BOTH_CORRECT,False,True,True,False
private,2236,0,Angry,0,Angry,0.9346428114547866,0,Angry,0.9613760320228922,BOTH_CORRECT,False,True,True,False
private,2237,0,Angry,4,Sad,0.5155287096573834,6,Neutral,0.7733699977972648,BOTH_WRONG,False,True,True,False
private,2238,5,Surprise,2,Fear,0.5404874113097705,5,Surprise,0.7130107097972743,V22_CORRECT_V21_WRONG,True,True,True,False
private,2239,4,Sad,4,Sad,0.960444245802066,4,Sad,0.9371820439794789,BOTH_CORRECT,False,True,True,False
private,2240,6,Neutral,6,Neutral,0.6660526473629907,6,Neutral,0.9537306030759939,BOTH_CORRECT,False,True,True,False
private,2241,6,Neutral,3,Happy,0.7963385602850277,3,Happy,0.950691672129896,BOTH_WRONG,False,True,True,False
private,2242,4,Sad,6,Neutral,0.8784633220599708,6,Neutral,0.8916886556430815,BOTH_WRONG,False,True,True,False
private,2243,4,Sad,4,Sad,0.8658525075411144,4,Sad,0.7347571512949873,BOTH_CORRECT,False,False,False,True
private,2244,2,Fear,2,Fear,0.9620117156359961,2,Fear,0.9597899938548886,BOTH_CORRECT,False,True,True,False
private,2245,0,Angry,3,Happy,0.9041821741071748,3,Happy,0.8598689270906742,BOTH_WRONG,False,True,True,False
private,2246,0,Angry,0,Angry,0.4149748395522689,2,Fear,0.8119207782394077,V21_CORRECT_V22_WRONG,True,True,True,False
private,2247,2,Fear,6,Neutral,0.8251170214357602,6,Neutral,0.47048422048088623,BOTH_WRONG,False,True,True,False
private,2248,5,Surprise,2,Fear,0.7056473898127492,5,Surprise,0.8421690316915708,V22_CORRECT_V21_WRONG,True,True,True,False
private,2249,4,Sad,2,Fear,0.8516454010152229,4,Sad,0.8539928593583552,V22_CORRECT_V21_WRONG,True,True,True,False
private,2250,6,Neutral,2,Fear,0.6238225394829274,4,Sad,0.46426439251454577,BOTH_WRONG,False,True,True,False
private,2251,3,Happy,3,Happy,0.9562992690534539,3,Happy,0.9473891280283876,BOTH_CORRECT,False,True,True,False
private,2252,4,Sad,4,Sad,0.8534003750746765,4,Sad,0.9343168493154167,BOTH_CORRECT,False,True,True,False
private,2253,3,Happy,4,Sad,0.4213157955861298,6,Neutral,0.8268694999013855,BOTH_WRONG,False,True,True,False
private,2254,0,Angry,0,Angry,0.967011951097174,0,Angry,0.9616147824046151,BOTH_CORRECT,False,True,True,False
private,2255,3,Happy,3,Happy,0.9417164220436408,3,Happy,0.9396318196942124,BOTH_CORRECT,False,True,True,False
private,2256,3,Happy,3,Happy,0.954239833912328,3,Happy,0.9491949862768707,BOTH_CORRECT,False,True,True,False
private,2257,6,Neutral,0,Angry,0.6101342218425001,0,Angry,0.6413910822093564,BOTH_WRONG,False,True,True,False
private,2258,3,Happy,3,Happy,0.9511528446181036,3,Happy,0.9502591478512289,BOTH_CORRECT,False,True,True,False
private,2259,5,Surprise,5,Surprise,0.9509310798597506,5,Surprise,0.9488853679212017,BOTH_CORRECT,False,True,True,False
private,2260,6,Neutral,4,Sad,0.3833349964993348,6,Neutral,0.3601341626752181,V22_CORRECT_V21_WRONG,True,True,True,False
private,2261,4,Sad,4,Sad,0.9507923388910026,4,Sad,0.9590325482619134,BOTH_CORRECT,False,False,False,True
private,2262,6,Neutral,6,Neutral,0.9383517596077803,6,Neutral,0.916605839906158,BOTH_CORRECT,False,True,True,False
private,2263,2,Fear,2,Fear,0.9632253303961227,2,Fear,0.9597867487657127,BOTH_CORRECT,False,False,False,True
private,2264,6,Neutral,6,Neutral,0.7277516476183786,6,Neutral,0.7824859491117035,BOTH_CORRECT,False,True,True,False
private,2265,6,Neutral,4,Sad,0.8260115430729441,6,Neutral,0.875514664003052,V22_CORRECT_V21_WRONG,True,True,True,False
private,2266,3,Happy,3,Happy,0.9363420404621962,3,Happy,0.9412459915937252,BOTH_CORRECT,False,True,True,False
private,2267,5,Surprise,5,Surprise,0.9446628043037189,5,Surprise,0.9562483382433722,BOTH_CORRECT,False,True,True,False
private,2268,3,Happy,3,Happy,0.9434850345009844,3,Happy,0.9537959496539506,BOTH_CORRECT,False,True,True,False
private,2269,3,Happy,3,Happy,0.9492018297207458,3,Happy,0.9473788141324653,BOTH_CORRECT,False,True,True,False
private,2270,5,Surprise,5,Surprise,0.9558777108706191,5,Surprise,0.955347818369185,BOTH_CORRECT,False,False,False,True
private,2271,3,Happy,3,Happy,0.9565411315975206,3,Happy,0.9566798353398633,BOTH_CORRECT,False,True,True,False
private,2272,6,Neutral,6,Neutral,0.7218787021242542,4,Sad,0.4770258392881907,V21_CORRECT_V22_WRONG,True,True,True,False
private,2273,3,Happy,3,Happy,0.9552756961558465,3,Happy,0.9590753960106305,BOTH_CORRECT,False,True,True,False
private,2274,4,Sad,4,Sad,0.9612803331564226,4,Sad,0.9583707163194944,BOTH_CORRECT,False,True,True,False
private,2275,2,Fear,2,Fear,0.9300631178794567,5,Surprise,0.50524166009837,V21_CORRECT_V22_WRONG,True,True,True,False
private,2276,3,Happy,3,Happy,0.9403784392725776,3,Happy,0.7326027018442697,BOTH_CORRECT,False,True,True,False
private,2277,4,Sad,2,Fear,0.6952306453723419,4,Sad,0.9450733051795298,V22_CORRECT_V21_WRONG,True,True,True,False
private,2278,4,Sad,2,Fear,0.5235384401872717,2,Fear,0.9118054129160283,BOTH_WRONG,False,True,True,False
private,2279,2,Fear,2,Fear,0.9419848932958113,2,Fear,0.9602485681445464,BOTH_CORRECT,False,True,True,False
private,2280,6,Neutral,5,Surprise,0.5862593543610541,5,Surprise,0.9343189363006148,BOTH_WRONG,False,True,True,False
private,2281,0,Angry,0,Angry,0.9642169305255579,0,Angry,0.9664969977231866,BOTH_CORRECT,False,False,False,True
private,2282,3,Happy,3,Happy,0.9480915631162325,3,Happy,0.9418095854482554,BOTH_CORRECT,False,True,True,False
private,2283,0,Angry,0,Angry,0.6949888912704218,0,Angry,0.9555500825555995,BOTH_CORRECT,False,True,True,False
private,2284,6,Neutral,6,Neutral,0.8583528634295059,6,Neutral,0.9428066672625597,BOTH_CORRECT,False,True,True,False
private,2285,5,Surprise,5,Surprise,0.9528430675256474,5,Surprise,0.9569082458953344,BOTH_CORRECT,False,False,False,True
private,2286,2,Fear,4,Sad,0.4576293124817683,2,Fear,0.8977541057387212,V22_CORRECT_V21_WRONG,True,True,True,False
private,2287,3,Happy,3,Happy,0.9628516354014947,0,Angry,0.6921654998402568,V21_CORRECT_V22_WRONG,True,True,True,False
private,2288,6,Neutral,4,Sad,0.4830788455053964,6,Neutral,0.4280434032137922,V22_CORRECT_V21_WRONG,True,True,True,False
private,2289,3,Happy,3,Happy,0.9497595469037176,3,Happy,0.9432337096403477,BOTH_CORRECT,False,True,True,False
private,2290,6,Neutral,6,Neutral,0.9078657068753486,6,Neutral,0.516702697192858,BOTH_CORRECT,False,True,True,False
private,2291,0,Angry,0,Angry,0.9633229621006367,0,Angry,0.9638548877222208,BOTH_CORRECT,False,True,True,False
private,2292,5,Surprise,5,Surprise,0.9504983994539639,5,Surprise,0.8691535996389282,BOTH_CORRECT,False,True,True,False
private,2293,2,Fear,2,Fear,0.8650952379300529,2,Fear,0.7022543032658263,BOTH_CORRECT,False,True,True,False
private,2294,0,Angry,0,Angry,0.961179127684436,0,Angry,0.9603488423714708,BOTH_CORRECT,False,False,False,True
private,2295,1,Disgust,5,Surprise,0.6957272915332443,2,Fear,0.8056405770981224,BOTH_WRONG,False,True,True,False
private,2296,2,Fear,0,Angry,0.7520584627907112,2,Fear,0.916779480662704,V22_CORRECT_V21_WRONG,True,True,True,False
private,2297,6,Neutral,4,Sad,0.6355625924105544,6,Neutral,0.8163120573125187,V22_CORRECT_V21_WRONG,True,True,True,False
private,2298,0,Angry,2,Fear,0.546651043870724,4,Sad,0.8653080430715586,BOTH_WRONG,False,True,True,False
private,2299,4,Sad,4,Sad,0.8495813261796079,4,Sad,0.7649979810097586,BOTH_CORRECT,False,True,True,False
private,2300,6,Neutral,6,Neutral,0.9445581482844957,6,Neutral,0.9664319600066494,BOTH_CORRECT,False,True,True,False
private,2301,3,Happy,3,Happy,0.9607239287186674,3,Happy,0.9582186113660753,BOTH_CORRECT,False,True,True,False
private,2302,3,Happy,3,Happy,0.9592836766237124,3,Happy,0.959236069995692,BOTH_CORRECT,False,True,True,False
private,2303,0,Angry,0,Angry,0.9644643019167983,0,Angry,0.9637152644564991,BOTH_CORRECT,False,False,False,True
private,2304,3,Happy,3,Happy,0.9585613129392366,3,Happy,0.9601314678529859,BOTH_CORRECT,False,True,True,False
private,2305,6,Neutral,6,Neutral,0.9077833984975879,6,Neutral,0.9421002976759941,BOTH_CORRECT,False,False,False,True
private,2306,3,Happy,3,Happy,0.8386324728932526,3,Happy,0.9611501705260481,BOTH_CORRECT,False,True,True,False
private,2307,4,Sad,4,Sad,0.5213333993444024,0,Angry,0.6401549041292522,V21_CORRECT_V22_WRONG,True,True,True,False
private,2308,5,Surprise,5,Surprise,0.9550257199327445,5,Surprise,0.9569359480911598,BOTH_CORRECT,False,False,False,True
private,2309,3,Happy,3,Happy,0.9541116977637888,3,Happy,0.9540427496274633,BOTH_CORRECT,False,True,True,False
private,2310,3,Happy,3,Happy,0.9583624398336503,3,Happy,0.9582551013236711,BOTH_CORRECT,False,True,True,False
private,2311,0,Angry,0,Angry,0.9589927263550072,0,Angry,0.9669041411732688,BOTH_CORRECT,False,True,True,False
private,2312,4,Sad,6,Neutral,0.9044152783503272,6,Neutral,0.9409870490733395,BOTH_WRONG,False,True,True,False
private,2313,5,Surprise,5,Surprise,0.8734815910688243,5,Surprise,0.8870123960611521,BOTH_CORRECT,False,True,True,False
private,2314,6,Neutral,6,Neutral,0.9486113929099997,6,Neutral,0.9463222095831273,BOTH_CORRECT,False,True,True,False
private,2315,2,Fear,0,Angry,0.42306429263448614,0,Angry,0.5487312718477432,BOTH_WRONG,False,True,True,False
private,2316,3,Happy,3,Happy,0.8557015602636102,6,Neutral,0.7269903552791817,V21_CORRECT_V22_WRONG,True,True,True,False
private,2317,2,Fear,0,Angry,0.9192843378473013,0,Angry,0.9402721058474197,BOTH_WRONG,False,False,False,True
private,2318,0,Angry,0,Angry,0.949025984608877,0,Angry,0.9288436244085826,BOTH_CORRECT,False,True,True,False
private,2319,3,Happy,3,Happy,0.9566708051072339,3,Happy,0.9593561246368608,BOTH_CORRECT,False,True,True,False
private,2320,2,Fear,6,Neutral,0.4026923900566757,6,Neutral,0.3363283567261589,BOTH_WRONG,False,True,True,False
private,2321,6,Neutral,6,Neutral,0.8211083979016186,6,Neutral,0.9322506490263457,BOTH_CORRECT,False,True,True,False
private,2322,0,Angry,0,Angry,0.9601325283660944,0,Angry,0.9593496856230787,BOTH_CORRECT,False,False,False,True
private,2323,3,Happy,3,Happy,0.6597992054625317,3,Happy,0.7778902108862017,BOTH_CORRECT,False,True,True,False
private,2324,1,Disgust,1,Disgust,0.6606463774574155,1,Disgust,0.9621375159095389,BOTH_CORRECT,False,True,True,False
private,2325,0,Angry,0,Angry,0.9282339329925936,0,Angry,0.9573872896420902,BOTH_CORRECT,False,False,False,True
private,2326,0,Angry,0,Angry,0.9567813579508226,0,Angry,0.938831843556173,BOTH_CORRECT,False,True,True,False
private,2327,3,Happy,4,Sad,0.5497432843429939,6,Neutral,0.9339585787468822,BOTH_WRONG,False,True,True,False
private,2328,4,Sad,2,Fear,0.8292162743421768,2,Fear,0.5190181506815661,BOTH_WRONG,False,True,True,False
private,2329,0,Angry,0,Angry,0.9086747675080882,0,Angry,0.8612885786697646,BOTH_CORRECT,False,True,True,False
private,2330,4,Sad,4,Sad,0.9423349600846623,4,Sad,0.968272029144655,BOTH_CORRECT,False,True,True,False
private,2331,4,Sad,0,Angry,0.9012200693412268,1,Disgust,0.8273843104471107,BOTH_WRONG,False,True,True,False
private,2332,4,Sad,4,Sad,0.8450633845466211,4,Sad,0.49808426642182174,BOTH_CORRECT,False,True,True,False
private,2333,3,Happy,3,Happy,0.9598272555761018,3,Happy,0.9657228761026121,BOTH_CORRECT,False,True,True,False
private,2334,0,Angry,0,Angry,0.9586739607199497,0,Angry,0.9571593859595215,BOTH_CORRECT,False,True,True,False
private,2335,4,Sad,4,Sad,0.8630431119262572,4,Sad,0.9401321383958027,BOTH_CORRECT,False,False,False,True
private,2336,2,Fear,3,Happy,0.7330740214708,3,Happy,0.30434397276209263,BOTH_WRONG,False,True,True,False
private,2337,3,Happy,6,Neutral,0.6328253261094979,6,Neutral,0.5609506206007225,BOTH_WRONG,False,True,True,False
private,2338,6,Neutral,6,Neutral,0.9536504209595806,6,Neutral,0.9666169283931019,BOTH_CORRECT,False,True,True,False
private,2339,3,Happy,3,Happy,0.7757377280774447,3,Happy,0.7998380368465456,BOTH_CORRECT,False,True,True,False
private,2340,3,Happy,2,Fear,0.5939660737051276,0,Angry,0.6854587675480809,BOTH_WRONG,False,True,True,False
private,2341,4,Sad,4,Sad,0.942820959151418,4,Sad,0.9554665300745844,BOTH_CORRECT,False,True,True,False
private,2342,2,Fear,3,Happy,0.5068485170422662,2,Fear,0.9306996397875653,V22_CORRECT_V21_WRONG,True,True,True,False
private,2343,2,Fear,5,Surprise,0.41415683999541775,2,Fear,0.7428147986468859,V22_CORRECT_V21_WRONG,True,True,True,False
private,2344,6,Neutral,6,Neutral,0.9406233133888768,6,Neutral,0.9408372450140816,BOTH_CORRECT,False,True,True,False
private,2345,4,Sad,4,Sad,0.8744071059617873,4,Sad,0.9460251025173916,BOTH_CORRECT,False,True,True,False
private,2346,3,Happy,3,Happy,0.9529619060408481,3,Happy,0.9567432301059872,BOTH_CORRECT,False,True,True,False
private,2347,3,Happy,3,Happy,0.9504710508816007,3,Happy,0.9521133316228753,BOTH_CORRECT,False,True,True,False
private,2348,6,Neutral,6,Neutral,0.8803263066475057,6,Neutral,0.9129951750307516,BOTH_CORRECT,False,True,True,False
private,2349,5,Surprise,5,Surprise,0.9515136562723118,5,Surprise,0.9578064355761057,BOTH_CORRECT,False,False,False,True
private,2350,5,Surprise,5,Surprise,0.9516305331957624,5,Surprise,0.9569761638905415,BOTH_CORRECT,False,True,True,False
private,2351,3,Happy,4,Sad,0.5543627648915052,4,Sad,0.7572750785767547,BOTH_WRONG,False,True,True,False
private,2352,3,Happy,3,Happy,0.9405638583911621,3,Happy,0.956765700235102,BOTH_CORRECT,False,True,True,False
private,2353,6,Neutral,6,Neutral,0.9336578363929965,6,Neutral,0.9339983047054541,BOTH_CORRECT,False,True,True,False
private,2354,3,Happy,3,Happy,0.8284015719073916,3,Happy,0.8269515532929547,BOTH_CORRECT,False,True,True,False
private,2355,4,Sad,6,Neutral,0.7511402515071415,6,Neutral,0.7020957237733719,BOTH_WRONG,False,True,True,False
private,2356,6,Neutral,6,Neutral,0.9388430381229618,6,Neutral,0.9454683964208099,BOTH_CORRECT,False,True,True,False
private,2357,2,Fear,5,Surprise,0.9130979836061762,5,Surprise,0.9325081045690191,BOTH_WRONG,False,True,True,False
private,2358,2,Fear,2,Fear,0.9600785780239147,2,Fear,0.9424942582384285,BOTH_CORRECT,False,True,True,False
private,2359,6,Neutral,6,Neutral,0.9376969828000262,6,Neutral,0.9458549334167783,BOTH_CORRECT,False,True,True,False
private,2360,3,Happy,3,Happy,0.9566413108308763,3,Happy,0.9539143306139491,BOTH_CORRECT,False,True,True,False
private,2361,2,Fear,2,Fear,0.9189620698278864,2,Fear,0.949230252065845,BOTH_CORRECT,False,True,True,False
private,2362,2,Fear,2,Fear,0.8966424830204736,4,Sad,0.9475192626546732,V21_CORRECT_V22_WRONG,True,True,True,False
private,2363,4,Sad,4,Sad,0.5730580522773899,4,Sad,0.8800402023087154,BOTH_CORRECT,False,True,True,False
private,2364,3,Happy,3,Happy,0.9385926300048963,3,Happy,0.923704410169335,BOTH_CORRECT,False,True,True,False
private,2365,6,Neutral,6,Neutral,0.9448072688732472,6,Neutral,0.9501555223038695,BOTH_CORRECT,False,True,True,False
private,2366,5,Surprise,5,Surprise,0.9327891732637182,5,Surprise,0.6755021603213878,BOTH_CORRECT,False,True,True,False
private,2367,6,Neutral,6,Neutral,0.5934550097045711,6,Neutral,0.7860894349071953,BOTH_CORRECT,False,True,True,False
private,2368,4,Sad,2,Fear,0.41115275566732756,2,Fear,0.6461114680488822,BOTH_WRONG,False,True,True,False
private,2369,2,Fear,2,Fear,0.9334984369650972,2,Fear,0.9429679522208206,BOTH_CORRECT,False,True,True,False
private,2370,6,Neutral,6,Neutral,0.8628395495635145,6,Neutral,0.9066474705734884,BOTH_CORRECT,False,True,True,False
private,2371,3,Happy,3,Happy,0.9620841597351084,3,Happy,0.9664099323680453,BOTH_CORRECT,False,True,True,False
private,2372,6,Neutral,6,Neutral,0.9497313386657529,6,Neutral,0.8786335085754086,BOTH_CORRECT,False,True,True,False
private,2373,6,Neutral,6,Neutral,0.9494824534630066,6,Neutral,0.9491977142461433,BOTH_CORRECT,False,True,True,False
private,2374,4,Sad,2,Fear,0.48347699180941234,0,Angry,0.9308593496441765,BOTH_WRONG,False,True,True,False
private,2375,6,Neutral,2,Fear,0.9101136757054143,2,Fear,0.40579825565177274,BOTH_WRONG,False,True,True,False
private,2376,5,Surprise,5,Surprise,0.9516517752760077,5,Surprise,0.954364166788646,BOTH_CORRECT,False,True,True,False
private,2377,2,Fear,2,Fear,0.9645611533288537,2,Fear,0.9611161986430248,BOTH_CORRECT,False,True,True,False
private,2378,0,Angry,0,Angry,0.5149572071232479,0,Angry,0.407907212693127,BOTH_CORRECT,False,True,True,False
private,2379,4,Sad,0,Angry,0.7245264213163025,4,Sad,0.8371777845345875,V22_CORRECT_V21_WRONG,True,True,True,False
private,2380,2,Fear,4,Sad,0.9413529573326461,4,Sad,0.942231176769822,BOTH_WRONG,False,True,True,False
private,2381,4,Sad,4,Sad,0.6833195294817132,2,Fear,0.4877409848128918,V21_CORRECT_V22_WRONG,True,True,True,False
private,2382,5,Surprise,5,Surprise,0.9532313627454742,5,Surprise,0.9582504806822458,BOTH_CORRECT,False,True,True,False
private,2383,3,Happy,3,Happy,0.9564953681600721,3,Happy,0.9578591945133857,BOTH_CORRECT,False,True,True,False
private,2384,6,Neutral,6,Neutral,0.9238695831508369,6,Neutral,0.9391999610024054,BOTH_CORRECT,False,False,False,True
private,2385,3,Happy,5,Surprise,0.7233064152631511,3,Happy,0.9515135476940098,V22_CORRECT_V21_WRONG,True,True,True,False
private,2386,4,Sad,4,Sad,0.8451283429596493,4,Sad,0.9265763387488779,BOTH_CORRECT,False,True,True,False
private,2387,6,Neutral,6,Neutral,0.6978029095892825,6,Neutral,0.8786694415510986,BOTH_CORRECT,False,True,True,False
private,2388,0,Angry,0,Angry,0.9631436179890829,4,Sad,0.843658648496673,V21_CORRECT_V22_WRONG,True,True,True,False
private,2389,1,Disgust,1,Disgust,0.9686608194762454,1,Disgust,0.9668933273603638,BOTH_CORRECT,False,False,False,True
private,2390,3,Happy,3,Happy,0.6486994697888375,5,Surprise,0.5534368142941066,V21_CORRECT_V22_WRONG,True,True,True,False
private,2391,3,Happy,3,Happy,0.9555049295692849,3,Happy,0.9568612137805544,BOTH_CORRECT,False,True,True,False
private,2392,3,Happy,3,Happy,0.9492886044298219,3,Happy,0.9438859224952302,BOTH_CORRECT,False,True,True,False
private,2393,3,Happy,3,Happy,0.6205075940322154,3,Happy,0.9597502265559678,BOTH_CORRECT,False,True,True,False
private,2394,1,Disgust,6,Neutral,0.7216603600290733,6,Neutral,0.3274265747660345,BOTH_WRONG,False,True,True,False
private,2395,3,Happy,3,Happy,0.9565775917098087,3,Happy,0.9471829064129134,BOTH_CORRECT,False,True,True,False
private,2396,4,Sad,0,Angry,0.9314542763431917,0,Angry,0.9127354622666369,BOTH_WRONG,False,True,True,False
private,2397,3,Happy,3,Happy,0.9059150349134749,3,Happy,0.9545994015200525,BOTH_CORRECT,False,True,True,False
private,2398,3,Happy,3,Happy,0.9546850197825647,3,Happy,0.9627469546003256,BOTH_CORRECT,False,True,True,False
private,2399,6,Neutral,2,Fear,0.5411377306607836,6,Neutral,0.8443960331936617,V22_CORRECT_V21_WRONG,True,True,True,False
private,2400,0,Angry,0,Angry,0.8618115892808712,0,Angry,0.9456976615311703,BOTH_CORRECT,False,False,False,True
private,2401,2,Fear,2,Fear,0.666860865960803,2,Fear,0.4573017194624041,BOTH_CORRECT,False,True,True,False
private,2402,2,Fear,0,Angry,0.9363163089856891,0,Angry,0.9403727861541313,BOTH_WRONG,False,True,True,False
private,2403,5,Surprise,5,Surprise,0.9218441239063621,5,Surprise,0.9590224837179405,BOTH_CORRECT,False,False,False,True
private,2404,3,Happy,3,Happy,0.9405388250340071,3,Happy,0.9326777247255743,BOTH_CORRECT,False,True,True,False
private,2405,5,Surprise,5,Surprise,0.8763581565901047,5,Surprise,0.9232990839595518,BOTH_CORRECT,False,True,True,False
private,2406,0,Angry,0,Angry,0.5902401105278261,0,Angry,0.6045842644286915,BOTH_CORRECT,False,True,True,False
private,2407,4,Sad,4,Sad,0.9367192151508357,4,Sad,0.949902991677681,BOTH_CORRECT,False,True,True,False
private,2408,5,Surprise,5,Surprise,0.9573433679382358,5,Surprise,0.9497770265223477,BOTH_CORRECT,False,False,False,True
private,2409,2,Fear,4,Sad,0.46492750583402986,6,Neutral,0.43118610742687724,BOTH_WRONG,False,True,True,False
private,2410,6,Neutral,6,Neutral,0.9199638278076225,6,Neutral,0.9590851053159899,BOTH_CORRECT,False,True,True,False
private,2411,5,Surprise,3,Happy,0.942461681992744,3,Happy,0.9383528424484233,BOTH_WRONG,False,True,True,False
private,2412,5,Surprise,2,Fear,0.9371066363038879,2,Fear,0.8145207582666902,BOTH_WRONG,False,True,True,False
private,2413,5,Surprise,5,Surprise,0.8974051717260992,5,Surprise,0.9530627643469496,BOTH_CORRECT,False,True,True,False
private,2414,3,Happy,3,Happy,0.9136898217611844,3,Happy,0.9213363284155024,BOTH_CORRECT,False,True,True,False
private,2415,2,Fear,2,Fear,0.5487643751306197,0,Angry,0.8418478265844178,V21_CORRECT_V22_WRONG,True,True,True,False
private,2416,0,Angry,0,Angry,0.9247109082616172,0,Angry,0.9102064619349212,BOTH_CORRECT,False,True,True,False
private,2417,6,Neutral,6,Neutral,0.7917425775592459,6,Neutral,0.9447319837408237,BOTH_CORRECT,False,True,True,False
private,2418,3,Happy,3,Happy,0.9555380976535802,3,Happy,0.949450178133243,BOTH_CORRECT,False,True,True,False
private,2419,2,Fear,2,Fear,0.8426730225790183,2,Fear,0.9540137618611202,BOTH_CORRECT,False,True,True,False
private,2420,2,Fear,6,Neutral,0.9410204242890754,6,Neutral,0.9544779008712597,BOTH_WRONG,False,True,True,False
private,2421,0,Angry,0,Angry,0.9375265367124036,0,Angry,0.92949589871193,BOTH_CORRECT,False,True,True,False
private,2422,3,Happy,3,Happy,0.9377600583258867,3,Happy,0.8136885624548275,BOTH_CORRECT,False,True,True,False
private,2423,2,Fear,5,Surprise,0.34748659107237784,5,Surprise,0.9164490456191707,BOTH_WRONG,False,True,True,False
private,2424,5,Surprise,3,Happy,0.6040121579939713,5,Surprise,0.8628571592694385,V22_CORRECT_V21_WRONG,True,True,True,False
private,2425,2,Fear,5,Surprise,0.37970113326148663,2,Fear,0.8717483043243017,V22_CORRECT_V21_WRONG,True,True,True,False
private,2426,3,Happy,3,Happy,0.9620964264066236,3,Happy,0.9522679272649841,BOTH_CORRECT,False,True,True,False
private,2427,5,Surprise,2,Fear,0.8353579574329975,5,Surprise,0.9416201927355123,V22_CORRECT_V21_WRONG,True,True,True,False
private,2428,4,Sad,4,Sad,0.9022293384456165,6,Neutral,0.7146764265663017,V21_CORRECT_V22_WRONG,True,True,True,False
private,2429,0,Angry,6,Neutral,0.8163328638194132,4,Sad,0.7690301743884652,BOTH_WRONG,False,True,False,False
private,2430,0,Angry,6,Neutral,0.7965520121234765,6,Neutral,0.9014263037445829,BOTH_WRONG,False,True,True,False
private,2431,4,Sad,4,Sad,0.9507418420518895,4,Sad,0.9635632232840292,BOTH_CORRECT,False,True,True,False
private,2432,2,Fear,2,Fear,0.5719492644070401,5,Surprise,0.8287357647068495,V21_CORRECT_V22_WRONG,True,True,True,False
private,2433,0,Angry,6,Neutral,0.732138893920375,4,Sad,0.8563329458869947,BOTH_WRONG,False,True,True,False
private,2434,3,Happy,4,Sad,0.9472774515358402,4,Sad,0.9201537914165009,BOTH_WRONG,False,True,False,False
private,2435,4,Sad,4,Sad,0.5615183244516126,4,Sad,0.8224645828334562,BOTH_CORRECT,False,True,True,False
private,2436,5,Surprise,5,Surprise,0.7212941848895903,5,Surprise,0.8705877125533569,BOTH_CORRECT,False,False,False,True
private,2437,4,Sad,2,Fear,0.9511857350498558,2,Fear,0.9646139477847613,BOTH_WRONG,False,True,True,False
private,2438,3,Happy,3,Happy,0.9546259632822616,3,Happy,0.9566525461096641,BOTH_CORRECT,False,True,True,False
private,2439,3,Happy,3,Happy,0.952694759631234,3,Happy,0.9517501004443232,BOTH_CORRECT,False,True,True,False
private,2440,5,Surprise,5,Surprise,0.9322119815690876,5,Surprise,0.9438278388464945,BOTH_CORRECT,False,False,False,True
private,2441,6,Neutral,6,Neutral,0.9503806346214831,6,Neutral,0.9491850847938316,BOTH_CORRECT,False,True,True,False
private,2442,0,Angry,0,Angry,0.5442513716690585,4,Sad,0.8233578979534589,V21_CORRECT_V22_WRONG,True,True,True,False
private,2443,6,Neutral,6,Neutral,0.5948498173939643,6,Neutral,0.8884887178881855,BOTH_CORRECT,False,True,True,False
private,2444,3,Happy,3,Happy,0.9462249746379606,3,Happy,0.9360964981670488,BOTH_CORRECT,False,True,True,False
private,2445,5,Surprise,5,Surprise,0.9597378550825262,5,Surprise,0.9593256497205427,BOTH_CORRECT,False,False,False,True
private,2446,4,Sad,4,Sad,0.7486696290851694,4,Sad,0.7697133910220078,BOTH_CORRECT,False,True,True,False
private,2447,0,Angry,6,Neutral,0.767927322373427,4,Sad,0.44586483780754677,BOTH_WRONG,False,True,True,False
private,2448,3,Happy,3,Happy,0.9561690093033531,3,Happy,0.9561503633908321,BOTH_CORRECT,False,True,True,False
private,2449,3,Happy,3,Happy,0.9545477684580258,3,Happy,0.9533843368073167,BOTH_CORRECT,False,True,True,False
private,2450,3,Happy,3,Happy,0.9556145472203407,3,Happy,0.9552516248445176,BOTH_CORRECT,False,True,True,False
private,2451,0,Angry,0,Angry,0.43708699960822844,2,Fear,0.9438119063258955,V21_CORRECT_V22_WRONG,True,True,True,False
private,2452,0,Angry,0,Angry,0.962465041619403,0,Angry,0.9629091748734276,BOTH_CORRECT,False,True,True,False
private,2453,6,Neutral,6,Neutral,0.6060079429791487,6,Neutral,0.9371686456549128,BOTH_CORRECT,False,True,True,False
private,2454,6,Neutral,6,Neutral,0.5209686404561151,4,Sad,0.9155836788490651,V21_CORRECT_V22_WRONG,True,True,True,False
private,2455,3,Happy,3,Happy,0.9482160759078334,3,Happy,0.9463412172924003,BOTH_CORRECT,False,True,True,False
private,2456,3,Happy,3,Happy,0.9588212338646189,3,Happy,0.9590492919105864,BOTH_CORRECT,False,True,True,False
private,2457,2,Fear,4,Sad,0.7579768685266285,5,Surprise,0.6066952086999796,BOTH_WRONG,False,True,True,False
private,2458,3,Happy,3,Happy,0.8715168935139983,3,Happy,0.5438471809985382,BOTH_CORRECT,False,True,True,False
private,2459,5,Surprise,5,Surprise,0.9561134238039682,5,Surprise,0.9593211613244408,BOTH_CORRECT,False,True,True,False
private,2460,3,Happy,3,Happy,0.9562338038426808,3,Happy,0.9589269374797542,BOTH_CORRECT,False,True,True,False
private,2461,3,Happy,3,Happy,0.9519054445374572,3,Happy,0.9503844154811404,BOTH_CORRECT,False,True,True,False
private,2462,3,Happy,3,Happy,0.9475047583245257,3,Happy,0.9466900951118552,BOTH_CORRECT,False,True,True,False
private,2463,3,Happy,3,Happy,0.9534394700419383,3,Happy,0.8992081893384638,BOTH_CORRECT,False,True,True,False
private,2464,2,Fear,4,Sad,0.9445847656491237,2,Fear,0.8771447262750692,V22_CORRECT_V21_WRONG,True,True,True,False
private,2465,6,Neutral,6,Neutral,0.8954188861022764,6,Neutral,0.9563506872033233,BOTH_CORRECT,False,True,True,False
private,2466,6,Neutral,6,Neutral,0.8052740892492336,6,Neutral,0.8323357789873964,BOTH_CORRECT,False,True,True,False
private,2467,3,Happy,3,Happy,0.956697177543775,3,Happy,0.9559353714271053,BOTH_CORRECT,False,True,True,False
private,2468,2,Fear,4,Sad,0.8225298615335056,4,Sad,0.7788709845238673,BOTH_WRONG,False,True,True,False
private,2469,2,Fear,2,Fear,0.6885688566460005,5,Surprise,0.94070572593651,V21_CORRECT_V22_WRONG,True,True,True,False
private,2470,3,Happy,3,Happy,0.9385686999343216,3,Happy,0.951153150609953,BOTH_CORRECT,False,True,True,False
private,2471,6,Neutral,6,Neutral,0.9290532723784949,4,Sad,0.7349768057710361,V21_CORRECT_V22_WRONG,True,True,True,False
private,2472,6,Neutral,0,Angry,0.8650418843784371,1,Disgust,0.47497023767191227,BOTH_WRONG,False,True,True,False
private,2473,3,Happy,3,Happy,0.9526098383804544,3,Happy,0.9490724308159756,BOTH_CORRECT,False,True,True,False
private,2474,3,Happy,6,Neutral,0.6282433838294598,3,Happy,0.9482707197032544,V22_CORRECT_V21_WRONG,True,True,True,False
private,2475,3,Happy,3,Happy,0.9620094243939743,3,Happy,0.9583583039826332,BOTH_CORRECT,False,True,True,False
private,2476,3,Happy,3,Happy,0.9596874574902301,3,Happy,0.9610987886105381,BOTH_CORRECT,False,True,True,False
private,2477,2,Fear,2,Fear,0.6756255117406862,2,Fear,0.5716251241523267,BOTH_CORRECT,False,True,True,False
private,2478,3,Happy,3,Happy,0.9558626907183329,3,Happy,0.9466535181076808,BOTH_CORRECT,False,True,True,False
private,2479,5,Surprise,5,Surprise,0.9334568578193313,2,Fear,0.4953403046863301,V21_CORRECT_V22_WRONG,True,True,True,False
private,2480,0,Angry,2,Fear,0.5986878070146797,2,Fear,0.7051370417495249,BOTH_WRONG,False,True,True,False
private,2481,2,Fear,4,Sad,0.7200516461808969,4,Sad,0.9509424440612896,BOTH_WRONG,False,True,True,False
private,2482,1,Disgust,1,Disgust,0.9741084974522302,1,Disgust,0.972376803605266,BOTH_CORRECT,False,False,False,True
private,2483,0,Angry,0,Angry,0.8737617885301942,0,Angry,0.9595808843413081,BOTH_CORRECT,False,True,True,False
private,2484,4,Sad,0,Angry,0.7628736047572956,4,Sad,0.83358461477789,V22_CORRECT_V21_WRONG,True,True,True,False
private,2485,3,Happy,3,Happy,0.9516866695608923,3,Happy,0.9563638966918143,BOTH_CORRECT,False,True,True,False
private,2486,5,Surprise,5,Surprise,0.9391567606477472,5,Surprise,0.8912287769490601,BOTH_CORRECT,False,True,True,False
private,2487,5,Surprise,4,Sad,0.94495200442461,4,Sad,0.943995867423327,BOTH_WRONG,False,True,True,False
private,2488,3,Happy,3,Happy,0.9542102203385439,3,Happy,0.9460401125102876,BOTH_CORRECT,False,True,True,False
private,2489,5,Surprise,5,Surprise,0.892450667660166,5,Surprise,0.8905786900145624,BOTH_CORRECT,False,True,True,False
private,2490,4,Sad,3,Happy,0.9477470940766018,4,Sad,0.8597612270399382,V22_CORRECT_V21_WRONG,True,True,True,False
private,2491,4,Sad,4,Sad,0.7386749270650145,2,Fear,0.6586725354967595,V21_CORRECT_V22_WRONG,True,True,True,False
private,2492,0,Angry,0,Angry,0.7381356300886441,0,Angry,0.9600291747075154,BOTH_CORRECT,False,True,True,False
private,2493,3,Happy,3,Happy,0.9549165314028745,3,Happy,0.955200386468658,BOTH_CORRECT,False,True,True,False
private,2494,3,Happy,3,Happy,0.950425156721208,3,Happy,0.9482270336750012,BOTH_CORRECT,False,True,True,False
private,2495,1,Disgust,1,Disgust,0.9573751594099297,1,Disgust,0.9655173372287573,BOTH_CORRECT,False,True,False,False
private,2496,5,Surprise,5,Surprise,0.9587523392248964,5,Surprise,0.9530179211391968,BOTH_CORRECT,False,False,False,True
private,2497,0,Angry,6,Neutral,0.9178135037417421,2,Fear,0.6937452291464941,BOTH_WRONG,False,True,True,False
private,2498,2,Fear,2,Fear,0.5600224225357194,2,Fear,0.7963085405672263,BOTH_CORRECT,False,True,True,False
private,2499,6,Neutral,6,Neutral,0.9543194167014841,6,Neutral,0.9625879226587384,BOTH_CORRECT,False,True,True,False
private,2500,4,Sad,5,Surprise,0.9445732068821459,2,Fear,0.761996827001404,BOTH_WRONG,False,True,True,False
private,2501,4,Sad,3,Happy,0.9176933798064573,0,Angry,0.8814489591631904,BOTH_WRONG,False,True,True,False
private,2502,5,Surprise,5,Surprise,0.9481598046651631,5,Surprise,0.9514076158905784,BOTH_CORRECT,False,True,True,False
private,2503,6,Neutral,6,Neutral,0.8392248628215161,6,Neutral,0.9512091184582062,BOTH_CORRECT,False,True,True,False
private,2504,6,Neutral,4,Sad,0.8652718599685782,3,Happy,0.9615598227815928,BOTH_WRONG,False,True,True,False
private,2505,6,Neutral,6,Neutral,0.8642725533127611,6,Neutral,0.8903850328511018,BOTH_CORRECT,False,True,True,False
private,2506,6,Neutral,6,Neutral,0.9436536809644277,6,Neutral,0.9479094680063979,BOTH_CORRECT,False,True,True,False
private,2507,5,Surprise,5,Surprise,0.9521508025391435,5,Surprise,0.9546976138763601,BOTH_CORRECT,False,True,True,False
private,2508,0,Angry,0,Angry,0.9255739932849243,0,Angry,0.9594707204543169,BOTH_CORRECT,False,True,True,False
private,2509,0,Angry,0,Angry,0.6412571491389876,0,Angry,0.9434442092219508,BOTH_CORRECT,False,True,True,False
private,2510,5,Surprise,5,Surprise,0.950929843620357,5,Surprise,0.9549003456501794,BOTH_CORRECT,False,False,False,True
private,2511,4,Sad,4,Sad,0.7381512451710237,4,Sad,0.9141415229624544,BOTH_CORRECT,False,True,True,False
private,2512,4,Sad,4,Sad,0.9079846512091749,4,Sad,0.9451938078999859,BOTH_CORRECT,False,True,True,False
private,2513,2,Fear,2,Fear,0.9006625589173872,2,Fear,0.9419852107811324,BOTH_CORRECT,False,True,True,False
private,2514,3,Happy,3,Happy,0.9506940413919928,3,Happy,0.9022024385199161,BOTH_CORRECT,False,True,True,False
private,2515,5,Surprise,5,Surprise,0.9496370534574244,5,Surprise,0.9586113550292451,BOTH_CORRECT,False,True,True,False
private,2516,4,Sad,4,Sad,0.6137322872405422,4,Sad,0.9520596470246079,BOTH_CORRECT,False,True,True,False
private,2517,3,Happy,3,Happy,0.9523828956787073,3,Happy,0.9560683587443564,BOTH_CORRECT,False,True,True,False
private,2518,5,Surprise,5,Surprise,0.9472740816269619,5,Surprise,0.9541185879311835,BOTH_CORRECT,False,False,False,True
private,2519,5,Surprise,5,Surprise,0.9465837482534353,5,Surprise,0.9617848720357769,BOTH_CORRECT,False,False,False,True
private,2520,2,Fear,2,Fear,0.9033030258225386,2,Fear,0.9577439950325587,BOTH_CORRECT,False,True,True,False
private,2521,3,Happy,0,Angry,0.2968547686894863,3,Happy,0.951484195762215,V22_CORRECT_V21_WRONG,True,True,True,False
private,2522,4,Sad,3,Happy,0.8591701153395253,3,Happy,0.9167053307519445,BOTH_WRONG,False,True,True,False
private,2523,4,Sad,2,Fear,0.756745658856215,2,Fear,0.6830939828472015,BOTH_WRONG,False,True,True,False
private,2524,3,Happy,3,Happy,0.9494078629883484,3,Happy,0.9526664932226822,BOTH_CORRECT,False,False,False,True
private,2525,4,Sad,4,Sad,0.752321744552001,2,Fear,0.8561851709578859,V21_CORRECT_V22_WRONG,True,True,True,False
private,2526,5,Surprise,5,Surprise,0.47569911492657396,5,Surprise,0.8301091261047425,BOTH_CORRECT,False,True,True,False
private,2527,3,Happy,3,Happy,0.9456891974030621,3,Happy,0.9463380193070867,BOTH_CORRECT,False,False,False,True
private,2528,5,Surprise,5,Surprise,0.949107665503882,5,Surprise,0.9552903319198452,BOTH_CORRECT,False,True,True,False
private,2529,4,Sad,0,Angry,0.813745561111484,0,Angry,0.9344113135035076,BOTH_WRONG,False,True,True,False
private,2530,3,Happy,3,Happy,0.9559713449224956,3,Happy,0.9506624176255453,BOTH_CORRECT,False,True,True,False
private,2531,3,Happy,3,Happy,0.9516301403825204,3,Happy,0.9457137183862641,BOTH_CORRECT,False,True,True,False
private,2532,0,Angry,0,Angry,0.385563633073451,4,Sad,0.5911809395400779,V21_CORRECT_V22_WRONG,True,True,True,False
private,2533,6,Neutral,6,Neutral,0.8074587801968791,2,Fear,0.8552509267659115,V21_CORRECT_V22_WRONG,True,True,True,False
private,2534,3,Happy,3,Happy,0.9573998964625603,3,Happy,0.9610314531377461,BOTH_CORRECT,False,True,True,False
private,2535,2,Fear,2,Fear,0.7319639152364255,2,Fear,0.8906771644303061,BOTH_CORRECT,False,False,False,True
private,2536,4,Sad,2,Fear,0.9205109061234495,4,Sad,0.5865406814996381,V22_CORRECT_V21_WRONG,True,True,True,False
private,2537,2,Fear,6,Neutral,0.8596124066327807,4,Sad,0.6911599818155354,BOTH_WRONG,False,True,True,False
private,2538,3,Happy,3,Happy,0.9542006965149872,3,Happy,0.9580871569070647,BOTH_CORRECT,False,True,True,False
private,2539,2,Fear,4,Sad,0.9269663730659555,4,Sad,0.9130218569436759,BOTH_WRONG,False,True,True,False
private,2540,4,Sad,5,Surprise,0.6368874379558085,4,Sad,0.9408874539787285,V22_CORRECT_V21_WRONG,True,True,True,False
private,2541,4,Sad,6,Neutral,0.939096091546327,6,Neutral,0.9625276359706237,BOTH_WRONG,False,True,True,False
private,2542,3,Happy,3,Happy,0.9536712345631017,3,Happy,0.9528214099969615,BOTH_CORRECT,False,False,False,True
private,2543,3,Happy,3,Happy,0.9550839186432474,3,Happy,0.9565608466236026,BOTH_CORRECT,False,True,True,False
private,2544,0,Angry,4,Sad,0.8895220690144732,0,Angry,0.44953256302847094,V22_CORRECT_V21_WRONG,True,True,True,False
private,2545,0,Angry,2,Fear,0.9111177889645204,5,Surprise,0.8911973298733705,BOTH_WRONG,False,True,True,False
private,2546,5,Surprise,5,Surprise,0.9513330250939426,5,Surprise,0.9531207364805095,BOTH_CORRECT,False,False,False,True
private,2547,3,Happy,3,Happy,0.9465533854680005,3,Happy,0.9534202839239786,BOTH_CORRECT,False,True,True,False
private,2548,0,Angry,6,Neutral,0.7593191160782994,6,Neutral,0.9168673500071857,BOTH_WRONG,False,True,True,False
private,2549,3,Happy,3,Happy,0.9451292573759996,3,Happy,0.9475987127713594,BOTH_CORRECT,False,True,True,False
private,2550,4,Sad,5,Surprise,0.9275281276232756,2,Fear,0.8616907768982749,BOTH_WRONG,False,True,True,False
private,2551,2,Fear,5,Surprise,0.8847983559936297,4,Sad,0.9422675728225597,BOTH_WRONG,False,True,True,False
private,2552,2,Fear,0,Angry,0.6868641566879867,0,Angry,0.8201301948115621,BOTH_WRONG,False,True,True,False
private,2553,6,Neutral,6,Neutral,0.9265275998297801,0,Angry,0.3155322859615398,V21_CORRECT_V22_WRONG,True,True,True,False
private,2554,0,Angry,4,Sad,0.566090698767475,4,Sad,0.8024409561287574,BOTH_WRONG,False,True,True,False
private,2555,2,Fear,2,Fear,0.9668800340461927,2,Fear,0.9226695928568551,BOTH_CORRECT,False,True,True,False
private,2556,6,Neutral,6,Neutral,0.47725268273083415,4,Sad,0.8912629895899233,V21_CORRECT_V22_WRONG,True,True,True,False
private,2557,3,Happy,3,Happy,0.93996435294958,3,Happy,0.9535173663294422,BOTH_CORRECT,False,True,True,False
private,2558,6,Neutral,6,Neutral,0.8776637067927028,4,Sad,0.574308237693339,V21_CORRECT_V22_WRONG,True,True,True,False
private,2559,3,Happy,3,Happy,0.9580427440633972,3,Happy,0.9509904947949586,BOTH_CORRECT,False,True,True,False
private,2560,0,Angry,4,Sad,0.7747552825992993,4,Sad,0.9660139341577211,BOTH_WRONG,False,True,True,False
private,2561,2,Fear,2,Fear,0.9405350714074965,2,Fear,0.959748561381175,BOTH_CORRECT,False,False,False,True
private,2562,0,Angry,0,Angry,0.9624107493746047,0,Angry,0.9610705971594239,BOTH_CORRECT,False,True,True,False
private,2563,3,Happy,3,Happy,0.9475855246743144,3,Happy,0.9458460721868482,BOTH_CORRECT,False,True,True,False
private,2564,3,Happy,3,Happy,0.9506135557604656,3,Happy,0.9431940454201412,BOTH_CORRECT,False,True,True,False
private,2565,2,Fear,4,Sad,0.3547271154287,4,Sad,0.7015560439697993,BOTH_WRONG,False,True,True,False
private,2566,3,Happy,3,Happy,0.9529332764395596,3,Happy,0.9579793039487063,BOTH_CORRECT,False,True,True,False
private,2567,2,Fear,4,Sad,0.842024955700192,0,Angry,0.9072866987892837,BOTH_WRONG,False,True,True,False
private,2568,4,Sad,4,Sad,0.8676674871458757,4,Sad,0.964050734540362,BOTH_CORRECT,False,True,True,False
private,2569,3,Happy,3,Happy,0.9470155369388165,3,Happy,0.9395257291519936,BOTH_CORRECT,False,False,False,True
private,2570,4,Sad,6,Neutral,0.6587827969555475,6,Neutral,0.7698721836201758,BOTH_WRONG,False,True,True,False
private,2571,0,Angry,3,Happy,0.9482926675675253,0,Angry,0.5668227958487759,V22_CORRECT_V21_WRONG,True,True,True,False
private,2572,6,Neutral,6,Neutral,0.8839968862841042,6,Neutral,0.4791500356431988,BOTH_CORRECT,False,True,True,False
private,2573,3,Happy,3,Happy,0.9526437896382696,3,Happy,0.9512747880223613,BOTH_CORRECT,False,True,True,False
private,2574,2,Fear,2,Fear,0.9376186335365116,2,Fear,0.9635267462121446,BOTH_CORRECT,False,True,True,False
private,2575,4,Sad,4,Sad,0.8524059848924099,6,Neutral,0.51788638428262,V21_CORRECT_V22_WRONG,True,True,True,False
private,2576,3,Happy,3,Happy,0.9531610709452225,3,Happy,0.9491059604217295,BOTH_CORRECT,False,True,True,False
private,2577,6,Neutral,6,Neutral,0.9270166358715322,6,Neutral,0.9360933347307282,BOTH_CORRECT,False,True,True,False
private,2578,2,Fear,2,Fear,0.9618156912749058,2,Fear,0.9404262375472457,BOTH_CORRECT,False,True,True,False
private,2579,2,Fear,0,Angry,0.9521354527521321,0,Angry,0.9144173907628799,BOTH_WRONG,False,True,True,False
private,2580,2,Fear,5,Surprise,0.9295435270283084,5,Surprise,0.958665543845054,BOTH_WRONG,False,True,True,False
private,2581,0,Angry,2,Fear,0.6246706245125753,2,Fear,0.7618894617269883,BOTH_WRONG,False,True,True,False
private,2582,3,Happy,3,Happy,0.9469345472536517,3,Happy,0.9525448225586999,BOTH_CORRECT,False,True,True,False
private,2583,2,Fear,2,Fear,0.45975325411888845,2,Fear,0.8949168869448061,BOTH_CORRECT,False,True,True,False
private,2584,3,Happy,3,Happy,0.9429271114528891,3,Happy,0.9409906981502786,BOTH_CORRECT,False,True,True,False
private,2585,3,Happy,3,Happy,0.9573965656635823,3,Happy,0.957589612059665,BOTH_CORRECT,False,True,True,False
private,2586,3,Happy,3,Happy,0.9500581476319109,3,Happy,0.9456917044581012,BOTH_CORRECT,False,True,True,False
private,2587,6,Neutral,0,Angry,0.8919824674994444,6,Neutral,0.9310786018456623,V22_CORRECT_V21_WRONG,True,True,True,False
private,2588,6,Neutral,4,Sad,0.8462091346482967,2,Fear,0.5293935129651496,BOTH_WRONG,False,True,True,False
private,2589,0,Angry,2,Fear,0.8717985456508428,0,Angry,0.41798493978823603,V22_CORRECT_V21_WRONG,True,True,True,False
private,2590,3,Happy,3,Happy,0.9578089132276891,3,Happy,0.9553389652173876,BOTH_CORRECT,False,True,True,False
private,2591,0,Angry,1,Disgust,0.9414228377937709,2,Fear,0.8896542783092865,BOTH_WRONG,False,True,True,False
private,2592,3,Happy,3,Happy,0.9593749284491337,3,Happy,0.9568896452348057,BOTH_CORRECT,False,True,True,False
private,2593,2,Fear,2,Fear,0.961292279737716,2,Fear,0.8589113196992093,BOTH_CORRECT,False,True,True,False
private,2594,3,Happy,2,Fear,0.3394215388695196,5,Surprise,0.8947037079597994,BOTH_WRONG,False,True,True,False
private,2595,3,Happy,3,Happy,0.75741562772634,5,Surprise,0.6507959093541671,V21_CORRECT_V22_WRONG,True,True,True,False
private,2596,3,Happy,3,Happy,0.957586138111222,3,Happy,0.9148517549577724,BOTH_CORRECT,False,True,True,False
private,2597,4,Sad,4,Sad,0.9472030878363303,4,Sad,0.8312588486852026,BOTH_CORRECT,False,True,True,False
private,2598,0,Angry,6,Neutral,0.48588468178810323,0,Angry,0.45756899457597777,V22_CORRECT_V21_WRONG,True,True,True,False
private,2599,2,Fear,2,Fear,0.49083479766874377,2,Fear,0.5021737347919472,BOTH_CORRECT,False,True,True,False
private,2600,5,Surprise,5,Surprise,0.9561268135037028,5,Surprise,0.9592370644754237,BOTH_CORRECT,False,True,True,False
private,2601,4,Sad,6,Neutral,0.33558647703725664,4,Sad,0.9639551666541972,V22_CORRECT_V21_WRONG,True,True,True,False
private,2602,3,Happy,3,Happy,0.9473248681535632,3,Happy,0.9234077777081962,BOTH_CORRECT,False,True,True,False
private,2603,3,Happy,3,Happy,0.9502617821525754,3,Happy,0.8450280159689912,BOTH_CORRECT,False,True,True,False
private,2604,0,Angry,2,Fear,0.5305587114416791,4,Sad,0.6347413232320137,BOTH_WRONG,False,True,True,False
private,2605,6,Neutral,6,Neutral,0.9378052374355771,6,Neutral,0.9282814076396196,BOTH_CORRECT,False,True,True,False
private,2606,5,Surprise,5,Surprise,0.9513073370869517,5,Surprise,0.94009488409209,BOTH_CORRECT,False,True,True,False
private,2607,4,Sad,2,Fear,0.8869287147347389,6,Neutral,0.791402722890943,BOTH_WRONG,False,True,True,False
private,2608,6,Neutral,6,Neutral,0.7797327391683059,2,Fear,0.8443542930106916,V21_CORRECT_V22_WRONG,True,True,True,False
private,2609,3,Happy,6,Neutral,0.8853947290741871,6,Neutral,0.964085328913764,BOTH_WRONG,False,True,True,False
private,2610,2,Fear,2,Fear,0.4975238614110229,2,Fear,0.501358531165172,BOTH_CORRECT,False,True,True,False
private,2611,3,Happy,3,Happy,0.9544695731812883,3,Happy,0.9555961515913767,BOTH_CORRECT,False,True,True,False
private,2612,6,Neutral,6,Neutral,0.9313915863323031,6,Neutral,0.9549862191308679,BOTH_CORRECT,False,True,True,False
private,2613,6,Neutral,6,Neutral,0.7875692045097186,6,Neutral,0.9051797499539512,BOTH_CORRECT,False,True,True,False
private,2614,4,Sad,4,Sad,0.8293043304559141,4,Sad,0.7193138238351475,BOTH_CORRECT,False,True,True,False
private,2615,4,Sad,4,Sad,0.9387949405591248,2,Fear,0.5300044409903462,V21_CORRECT_V22_WRONG,True,True,True,False
private,2616,3,Happy,3,Happy,0.9440017725019778,3,Happy,0.9549598492335977,BOTH_CORRECT,False,True,True,False
private,2617,6,Neutral,6,Neutral,0.9452466231004996,6,Neutral,0.9167427479230214,BOTH_CORRECT,False,True,True,False
private,2618,5,Surprise,5,Surprise,0.7719584464804897,2,Fear,0.4856611749031284,V21_CORRECT_V22_WRONG,True,True,True,False
private,2619,4,Sad,4,Sad,0.9173396224330106,4,Sad,0.9584438220177671,BOTH_CORRECT,False,True,True,False
private,2620,0,Angry,0,Angry,0.5775740733467577,0,Angry,0.9552192392596345,BOTH_CORRECT,False,True,True,False
private,2621,4,Sad,4,Sad,0.7671805946783106,4,Sad,0.8622279190326906,BOTH_CORRECT,False,True,True,False
private,2622,6,Neutral,6,Neutral,0.6277022926552288,6,Neutral,0.9532282874641914,BOTH_CORRECT,False,True,True,False
private,2623,3,Happy,3,Happy,0.8820439572264466,3,Happy,0.9430253947330529,BOTH_CORRECT,False,True,True,False
private,2624,3,Happy,3,Happy,0.9419511168490144,3,Happy,0.9443227563063828,BOTH_CORRECT,False,True,True,False
private,2625,5,Surprise,5,Surprise,0.9542507746363702,5,Surprise,0.955316436524555,BOTH_CORRECT,False,False,False,True
private,2626,6,Neutral,6,Neutral,0.3784535463316603,6,Neutral,0.9505574633628041,BOTH_CORRECT,False,True,True,False
private,2627,2,Fear,2,Fear,0.8539620868534651,2,Fear,0.7933129125031471,BOTH_CORRECT,False,False,False,True
private,2628,5,Surprise,5,Surprise,0.9604688244331064,5,Surprise,0.9634827496614744,BOTH_CORRECT,False,False,False,True
private,2629,4,Sad,4,Sad,0.9529443356617403,4,Sad,0.9391435067426782,BOTH_CORRECT,False,True,True,False
private,2630,3,Happy,3,Happy,0.9488439735933611,3,Happy,0.9278917288196408,BOTH_CORRECT,False,True,True,False
private,2631,2,Fear,2,Fear,0.9633484810869121,2,Fear,0.9609462649589912,BOTH_CORRECT,False,True,True,False
private,2632,6,Neutral,4,Sad,0.7412836451974086,6,Neutral,0.6047641483650831,V22_CORRECT_V21_WRONG,True,True,True,False
private,2633,3,Happy,3,Happy,0.9457706323808225,3,Happy,0.6780895919770837,BOTH_CORRECT,False,True,True,False
private,2634,6,Neutral,6,Neutral,0.3789630187654703,6,Neutral,0.47522823480922766,BOTH_CORRECT,False,True,True,False
private,2635,5,Surprise,5,Surprise,0.9487908540687167,5,Surprise,0.95523903649911,BOTH_CORRECT,False,False,False,True
private,2636,3,Happy,3,Happy,0.7754174577669184,6,Neutral,0.9564964827209267,V21_CORRECT_V22_WRONG,True,True,True,False
private,2637,6,Neutral,6,Neutral,0.9431579172304232,6,Neutral,0.9406327639042986,BOTH_CORRECT,False,True,True,False
private,2638,0,Angry,3,Happy,0.7544786752765372,6,Neutral,0.791449023231486,BOTH_WRONG,False,True,True,False
private,2639,6,Neutral,6,Neutral,0.9151857438887607,6,Neutral,0.9339250188516146,BOTH_CORRECT,False,True,True,False
private,2640,4,Sad,4,Sad,0.9362184867539912,4,Sad,0.9509630080622926,BOTH_CORRECT,False,True,True,False
private,2641,5,Surprise,5,Surprise,0.9556782821602832,5,Surprise,0.9563046187520229,BOTH_CORRECT,False,True,True,False
private,2642,4,Sad,0,Angry,0.613683048688114,4,Sad,0.567835899853864,V22_CORRECT_V21_WRONG,True,True,True,False
private,2643,3,Happy,3,Happy,0.8969470089254846,3,Happy,0.863980299590225,BOTH_CORRECT,False,True,True,False
private,2644,4,Sad,4,Sad,0.630942567402149,2,Fear,0.4991595668326565,V21_CORRECT_V22_WRONG,True,True,True,False
private,2645,0,Angry,6,Neutral,0.9246845426749397,6,Neutral,0.9371703405341658,BOTH_WRONG,False,True,True,False
private,2646,0,Angry,0,Angry,0.9623797262515096,0,Angry,0.9253075239762443,BOTH_CORRECT,False,False,False,True
private,2647,4,Sad,2,Fear,0.5977266445623616,2,Fear,0.7243885580244961,BOTH_WRONG,False,True,True,False
private,2648,4,Sad,4,Sad,0.9570575381377242,4,Sad,0.6968021650640832,BOTH_CORRECT,False,True,True,False
private,2649,1,Disgust,1,Disgust,0.9736479786541208,1,Disgust,0.9603414105006872,BOTH_CORRECT,False,True,True,False
private,2650,1,Disgust,1,Disgust,0.9679973363822988,1,Disgust,0.9655811811909234,BOTH_CORRECT,False,True,True,False
private,2651,3,Happy,4,Sad,0.5093530851167084,4,Sad,0.9039041808535432,BOTH_WRONG,False,True,True,False
private,2652,3,Happy,4,Sad,0.86515402124408,4,Sad,0.7215201612295635,BOTH_WRONG,False,True,True,False
private,2653,3,Happy,3,Happy,0.9504988909729108,3,Happy,0.952360409301448,BOTH_CORRECT,False,True,True,False
private,2654,3,Happy,3,Happy,0.9520068799089837,3,Happy,0.9520213600840302,BOTH_CORRECT,False,True,True,False
private,2655,2,Fear,6,Neutral,0.685867251570441,4,Sad,0.5986391978096087,BOTH_WRONG,False,True,True,False
private,2656,3,Happy,3,Happy,0.8737976324182757,0,Angry,0.45192216574827865,V21_CORRECT_V22_WRONG,True,True,True,False
private,2657,0,Angry,4,Sad,0.8272749021888927,0,Angry,0.7904374036978051,V22_CORRECT_V21_WRONG,True,True,True,False
private,2658,5,Surprise,5,Surprise,0.9388246791770614,5,Surprise,0.9561336215992785,BOTH_CORRECT,False,False,False,True
private,2659,5,Surprise,5,Surprise,0.9564381564423676,5,Surprise,0.958903756315616,BOTH_CORRECT,False,False,False,True
private,2660,1,Disgust,1,Disgust,0.9377437447778164,1,Disgust,0.9291474884576254,BOTH_CORRECT,False,False,False,True
private,2661,2,Fear,2,Fear,0.9130284475718315,2,Fear,0.7995757383317557,BOTH_CORRECT,False,True,True,False
private,2662,0,Angry,0,Angry,0.928869090202803,4,Sad,0.31378532957396427,V21_CORRECT_V22_WRONG,True,True,True,False
private,2663,3,Happy,3,Happy,0.9552866361683459,3,Happy,0.9515271120475141,BOTH_CORRECT,False,False,False,True
private,2664,6,Neutral,4,Sad,0.38170751451730234,4,Sad,0.84730105793363,BOTH_WRONG,False,True,True,False
private,2665,4,Sad,4,Sad,0.5180662175595906,4,Sad,0.926074363269568,BOTH_CORRECT,False,True,True,False
private,2666,0,Angry,0,Angry,0.9601052858728668,0,Angry,0.9633808728830209,BOTH_CORRECT,False,True,True,False
private,2667,3,Happy,3,Happy,0.8202109001314875,3,Happy,0.9544249255803469,BOTH_CORRECT,False,True,True,False
private,2668,4,Sad,6,Neutral,0.9044145272976987,6,Neutral,0.8981544830673177,BOTH_WRONG,False,True,True,False
private,2669,0,Angry,0,Angry,0.9230929398070795,0,Angry,0.9607454964523269,BOTH_CORRECT,False,True,True,False
private,2670,2,Fear,2,Fear,0.9199467732819351,2,Fear,0.9276073688805746,BOTH_CORRECT,False,True,True,False
private,2671,3,Happy,3,Happy,0.5468856900284589,3,Happy,0.943871350351521,BOTH_CORRECT,False,True,True,False
private,2672,4,Sad,6,Neutral,0.8799416095021807,0,Angry,0.8040317156315314,BOTH_WRONG,False,True,True,False
private,2673,4,Sad,0,Angry,0.522345761781978,4,Sad,0.535919757902132,V22_CORRECT_V21_WRONG,True,True,True,False
private,2674,2,Fear,2,Fear,0.5757388355104481,2,Fear,0.8574162364054893,BOTH_CORRECT,False,True,True,False
private,2675,3,Happy,3,Happy,0.94309040029831,3,Happy,0.9563134471975616,BOTH_CORRECT,False,True,True,False
private,2676,2,Fear,2,Fear,0.6846985405372874,2,Fear,0.565678918877079,BOTH_CORRECT,False,True,True,False
private,2677,3,Happy,3,Happy,0.9531658451993178,3,Happy,0.952999114634499,BOTH_CORRECT,False,True,True,False
private,2678,3,Happy,5,Surprise,0.8908179856803858,5,Surprise,0.9532145422700103,BOTH_WRONG,False,True,True,False
private,2679,6,Neutral,3,Happy,0.6780006624284091,6,Neutral,0.9487385097805547,V22_CORRECT_V21_WRONG,True,True,True,False
private,2680,3,Happy,2,Fear,0.9342436471106613,4,Sad,0.9636696510120593,BOTH_WRONG,False,True,True,False
private,2681,6,Neutral,6,Neutral,0.9423762751702895,6,Neutral,0.9424286937697558,BOTH_CORRECT,False,True,True,False
private,2682,6,Neutral,4,Sad,0.5479871992026433,6,Neutral,0.9130546185469893,V22_CORRECT_V21_WRONG,True,True,True,False
private,2683,6,Neutral,2,Fear,0.9601161142052765,2,Fear,0.8969480870220871,BOTH_WRONG,False,True,True,False
private,2684,4,Sad,4,Sad,0.9484345634115099,4,Sad,0.951424114761697,BOTH_CORRECT,False,True,True,False
private,2685,4,Sad,0,Angry,0.9281696810107857,0,Angry,0.931168103530157,BOTH_WRONG,False,True,True,False
private,2686,5,Surprise,5,Surprise,0.8033265307799774,5,Surprise,0.9321669663440029,BOTH_CORRECT,False,True,True,False
private,2687,4,Sad,4,Sad,0.7244864856561755,4,Sad,0.8847171040031717,BOTH_CORRECT,False,True,True,False
private,2688,5,Surprise,5,Surprise,0.9517353667639478,5,Surprise,0.9598425230158276,BOTH_CORRECT,False,True,True,False
private,2689,5,Surprise,5,Surprise,0.9082675103025409,2,Fear,0.956428087967411,V21_CORRECT_V22_WRONG,True,True,True,False
private,2690,4,Sad,4,Sad,0.4870594613038079,4,Sad,0.5426208963029115,BOTH_CORRECT,False,True,False,False
private,2691,0,Angry,6,Neutral,0.9404209061015123,6,Neutral,0.8053539206051539,BOTH_WRONG,False,True,True,False
private,2692,5,Surprise,5,Surprise,0.9535704750140208,5,Surprise,0.9597981601977388,BOTH_CORRECT,False,False,False,True
private,2693,4,Sad,4,Sad,0.5181402406977825,2,Fear,0.8289779282966944,V21_CORRECT_V22_WRONG,True,True,True,False
private,2694,6,Neutral,6,Neutral,0.9374363404583853,6,Neutral,0.8931373365290726,BOTH_CORRECT,False,True,True,False
private,2695,6,Neutral,6,Neutral,0.8459489821902073,6,Neutral,0.9434510154098756,BOTH_CORRECT,False,True,True,False
private,2696,6,Neutral,2,Fear,0.9237797973370845,4,Sad,0.5241424842500081,BOTH_WRONG,False,True,True,False
private,2697,3,Happy,0,Angry,0.8701065173364949,3,Happy,0.9432038920211759,V22_CORRECT_V21_WRONG,True,True,True,False
private,2698,3,Happy,3,Happy,0.9499346613794026,3,Happy,0.849278686028323,BOTH_CORRECT,False,True,True,False
private,2699,2,Fear,5,Surprise,0.7825950276869037,2,Fear,0.5060588206773678,V22_CORRECT_V21_WRONG,True,True,True,False
private,2700,4,Sad,4,Sad,0.9546735654564822,4,Sad,0.9517389910717544,BOTH_CORRECT,False,True,True,False
private,2701,3,Happy,0,Angry,0.7458834400970733,3,Happy,0.46489826630363384,V22_CORRECT_V21_WRONG,True,True,True,False
private,2702,0,Angry,0,Angry,0.5037839539366754,0,Angry,0.908837077485856,BOTH_CORRECT,False,True,True,False
private,2703,3,Happy,3,Happy,0.9126855429552948,3,Happy,0.8247085093800537,BOTH_CORRECT,False,True,True,False
private,2704,5,Surprise,5,Surprise,0.9530497123141044,5,Surprise,0.9529732488607495,BOTH_CORRECT,False,False,False,True
private,2705,5,Surprise,2,Fear,0.8209016022561675,2,Fear,0.49869200636008715,BOTH_WRONG,False,True,True,False
private,2706,6,Neutral,6,Neutral,0.4437949672975977,4,Sad,0.8613533854887476,V21_CORRECT_V22_WRONG,True,True,True,False
private,2707,0,Angry,0,Angry,0.9600610529087865,0,Angry,0.9662857929134211,BOTH_CORRECT,False,True,True,False
private,2708,2,Fear,4,Sad,0.8607520355620756,4,Sad,0.6577369104499673,BOTH_WRONG,False,True,True,False
private,2709,3,Happy,3,Happy,0.9536370714627714,3,Happy,0.9475689856830638,BOTH_CORRECT,False,True,True,False
private,2710,4,Sad,4,Sad,0.9603320046335713,4,Sad,0.9654508177056971,BOTH_CORRECT,False,True,True,False
private,2711,0,Angry,4,Sad,0.48054587499209506,0,Angry,0.9316782341810818,V22_CORRECT_V21_WRONG,True,True,True,False
private,2712,0,Angry,6,Neutral,0.9110525055123798,6,Neutral,0.9005607990557462,BOTH_WRONG,False,True,True,False
private,2713,4,Sad,4,Sad,0.9577596327031623,4,Sad,0.9675976103476084,BOTH_CORRECT,False,True,True,False
private,2714,0,Angry,0,Angry,0.9623797262515096,0,Angry,0.9253075239762443,BOTH_CORRECT,False,False,False,True
private,2715,0,Angry,0,Angry,0.9570092876962873,0,Angry,0.9622660216503155,BOTH_CORRECT,False,True,True,False
private,2716,6,Neutral,0,Angry,0.9508950146578355,0,Angry,0.6616042153188184,BOTH_WRONG,False,True,True,False
private,2717,1,Disgust,1,Disgust,0.9766127332204314,1,Disgust,0.9747213001693911,BOTH_CORRECT,False,True,True,False
private,2718,3,Happy,3,Happy,0.9547166559961096,2,Fear,0.8398242287461835,V21_CORRECT_V22_WRONG,True,True,True,False
private,2719,6,Neutral,4,Sad,0.8700044467657155,4,Sad,0.8964191456781027,BOTH_WRONG,False,True,True,False
private,2720,6,Neutral,4,Sad,0.9142058748801906,4,Sad,0.911260473852222,BOTH_WRONG,False,True,True,False
private,2721,4,Sad,4,Sad,0.6748534291157986,4,Sad,0.9352203999625377,BOTH_CORRECT,False,True,True,False
private,2722,0,Angry,0,Angry,0.9579038387552633,0,Angry,0.940848858186532,BOTH_CORRECT,False,True,True,False
private,2723,4,Sad,4,Sad,0.733307576545676,4,Sad,0.7665626966116985,BOTH_CORRECT,False,True,True,False
private,2724,2,Fear,2,Fear,0.9566567450215011,2,Fear,0.9450832482494701,BOTH_CORRECT,False,True,True,False
private,2725,4,Sad,4,Sad,0.9406892647076703,4,Sad,0.9408528065894719,BOTH_CORRECT,False,True,True,False
private,2726,6,Neutral,6,Neutral,0.9577200524135809,6,Neutral,0.9609752619282791,BOTH_CORRECT,False,True,True,False
private,2727,6,Neutral,4,Sad,0.8720515952758326,6,Neutral,0.5201077667591983,V22_CORRECT_V21_WRONG,True,True,True,False
private,2728,5,Surprise,4,Sad,0.892905287513155,2,Fear,0.8229425784776141,BOTH_WRONG,False,True,True,False
private,2729,3,Happy,3,Happy,0.873045380313977,3,Happy,0.9420789556281257,BOTH_CORRECT,False,True,True,False
private,2730,0,Angry,0,Angry,0.8901214104717554,0,Angry,0.9649251327199598,BOTH_CORRECT,False,True,True,False
private,2731,3,Happy,3,Happy,0.9636398757276401,3,Happy,0.963576059111967,BOTH_CORRECT,False,True,True,False
private,2732,4,Sad,6,Neutral,0.9615934608218263,6,Neutral,0.8469984614613031,BOTH_WRONG,False,True,True,False
private,2733,0,Angry,0,Angry,0.6543773806950406,0,Angry,0.8661539593749447,BOTH_CORRECT,False,True,True,False
private,2734,2,Fear,5,Surprise,0.7825093474220773,5,Surprise,0.45803414215662774,BOTH_WRONG,False,True,True,False
private,2735,0,Angry,0,Angry,0.9229843392188478,0,Angry,0.933826071481462,BOTH_CORRECT,False,True,True,False
private,2736,6,Neutral,6,Neutral,0.6028114308778394,6,Neutral,0.9488496685933133,BOTH_CORRECT,False,True,True,False
private,2737,3,Happy,3,Happy,0.9548540703018282,3,Happy,0.952283167038858,BOTH_CORRECT,False,True,True,False
private,2738,5,Surprise,5,Surprise,0.9362135402211235,5,Surprise,0.955765978575543,BOTH_CORRECT,False,True,True,False
private,2739,0,Angry,4,Sad,0.7429656922515535,4,Sad,0.6100942130696333,BOTH_WRONG,False,True,True,False
private,2740,2,Fear,2,Fear,0.9640238014362787,2,Fear,0.9476172979534796,BOTH_CORRECT,False,True,True,False
private,2741,4,Sad,0,Angry,0.38057896579492817,0,Angry,0.8090314824290901,BOTH_WRONG,False,True,True,False
private,2742,0,Angry,2,Fear,0.6247447515330254,0,Angry,0.8547193221218662,V22_CORRECT_V21_WRONG,True,True,True,False
private,2743,0,Angry,0,Angry,0.9544402475034585,0,Angry,0.8924236548196768,BOTH_CORRECT,False,True,True,False
private,2744,3,Happy,3,Happy,0.9497697789065865,3,Happy,0.9499230290174201,BOTH_CORRECT,False,True,True,False
private,2745,4,Sad,4,Sad,0.950086478064535,4,Sad,0.9134860939235079,BOTH_CORRECT,False,True,True,False
private,2746,2,Fear,2,Fear,0.9567736725607837,2,Fear,0.9446827550933733,BOTH_CORRECT,False,True,True,False
private,2747,4,Sad,0,Angry,0.9560597483711041,0,Angry,0.9591854797668261,BOTH_WRONG,False,True,True,False
private,2748,4,Sad,2,Fear,0.7506011075720851,0,Angry,0.4241580613897589,BOTH_WRONG,False,True,True,False
private,2749,3,Happy,4,Sad,0.6201173653079223,4,Sad,0.9518569603974694,BOTH_WRONG,False,True,True,False
private,2750,0,Angry,0,Angry,0.7037020598857548,0,Angry,0.9406649850608255,BOTH_CORRECT,False,True,True,False
private,2751,5,Surprise,5,Surprise,0.9372284454117842,5,Surprise,0.9277515969995215,BOTH_CORRECT,False,False,False,True
private,2752,3,Happy,3,Happy,0.9414956916165138,6,Neutral,0.930907334335514,V21_CORRECT_V22_WRONG,True,True,False,False
private,2753,0,Angry,4,Sad,0.8924553284767847,4,Sad,0.9642302548475503,BOTH_WRONG,False,True,True,False
private,2754,4,Sad,2,Fear,0.5737992580958244,2,Fear,0.8063647384382641,BOTH_WRONG,False,True,True,False
private,2755,4,Sad,4,Sad,0.441281650786931,6,Neutral,0.9392842446756353,V21_CORRECT_V22_WRONG,True,True,True,False
private,2756,3,Happy,3,Happy,0.9477149628246483,3,Happy,0.9440206221075055,BOTH_CORRECT,False,True,True,False
private,2757,6,Neutral,2,Fear,0.8424626413232746,2,Fear,0.7567140176105074,BOTH_WRONG,False,True,True,False
private,2758,4,Sad,4,Sad,0.5221031981634043,4,Sad,0.8812872809498143,BOTH_CORRECT,False,True,True,False
private,2759,3,Happy,3,Happy,0.9494443770141308,2,Fear,0.7541353679225542,V21_CORRECT_V22_WRONG,True,True,True,False
private,2760,4,Sad,4,Sad,0.794861195928194,2,Fear,0.6075882284528705,V21_CORRECT_V22_WRONG,True,True,True,False
private,2761,0,Angry,0,Angry,0.9564687878863309,0,Angry,0.9555611613260989,BOTH_CORRECT,False,True,True,False
private,2762,5,Surprise,5,Surprise,0.9484862708736055,5,Surprise,0.9540730965953442,BOTH_CORRECT,False,True,True,False
private,2763,0,Angry,0,Angry,0.9590307082193583,0,Angry,0.959322220220402,BOTH_CORRECT,False,True,True,False
private,2764,3,Happy,3,Happy,0.9526632608246834,3,Happy,0.9551218207087546,BOTH_CORRECT,False,True,True,False
private,2765,5,Surprise,5,Surprise,0.9494820678733813,5,Surprise,0.9127256435573217,BOTH_CORRECT,False,False,False,True
private,2766,4,Sad,4,Sad,0.8510278506644346,4,Sad,0.5829487399430002,BOTH_CORRECT,False,True,True,False
private,2767,3,Happy,3,Happy,0.9234131847761569,3,Happy,0.9474630147081659,BOTH_CORRECT,False,True,True,False
private,2768,6,Neutral,6,Neutral,0.948435542003095,6,Neutral,0.9514449688542389,BOTH_CORRECT,False,True,True,False
private,2769,3,Happy,3,Happy,0.9538894629577119,3,Happy,0.9526260320220814,BOTH_CORRECT,False,False,False,True
private,2770,4,Sad,4,Sad,0.9504222662585015,4,Sad,0.9565351544590152,BOTH_CORRECT,False,True,True,False
private,2771,0,Angry,0,Angry,0.9382138588341344,0,Angry,0.8631328685904304,BOTH_CORRECT,False,True,True,False
private,2772,6,Neutral,6,Neutral,0.9530150236324905,6,Neutral,0.9512053354162905,BOTH_CORRECT,False,True,True,False
private,2773,4,Sad,4,Sad,0.9042427417774666,4,Sad,0.9667386918827672,BOTH_CORRECT,False,True,True,False
private,2774,4,Sad,6,Neutral,0.9173372760446596,6,Neutral,0.8435307498231405,BOTH_WRONG,False,True,True,False
private,2775,0,Angry,0,Angry,0.9333498106315637,0,Angry,0.9072343332913068,BOTH_CORRECT,False,True,True,False
private,2776,3,Happy,3,Happy,0.9280360824189471,3,Happy,0.9313347626404337,BOTH_CORRECT,False,True,True,False
private,2777,6,Neutral,6,Neutral,0.9261972363839583,6,Neutral,0.9220307579909888,BOTH_CORRECT,False,True,True,False
private,2778,5,Surprise,5,Surprise,0.9540197528501351,5,Surprise,0.9525184949828724,BOTH_CORRECT,False,True,True,False
private,2779,6,Neutral,0,Angry,0.48042893204510345,4,Sad,0.8778335117952212,BOTH_WRONG,False,True,True,False
private,2780,4,Sad,4,Sad,0.5713419572601445,4,Sad,0.9421216459414862,BOTH_CORRECT,False,True,True,False
private,2781,3,Happy,0,Angry,0.9214624707226043,2,Fear,0.7170632394404256,BOTH_WRONG,False,True,True,False
private,2782,2,Fear,4,Sad,0.5739349090703384,0,Angry,0.749193218174137,BOTH_WRONG,False,True,True,False
private,2783,3,Happy,6,Neutral,0.7891595144793963,4,Sad,0.8935518627566279,BOTH_WRONG,False,True,True,False
private,2784,3,Happy,3,Happy,0.9525451156240418,3,Happy,0.9513390336564579,BOTH_CORRECT,False,True,True,False
private,2785,5,Surprise,5,Surprise,0.9531701242857124,5,Surprise,0.9558748123475033,BOTH_CORRECT,False,True,True,False
private,2786,5,Surprise,6,Neutral,0.7224722681340451,6,Neutral,0.7385346568168143,BOTH_WRONG,False,True,True,False
private,2787,0,Angry,0,Angry,0.9053872048518389,0,Angry,0.9439173295221648,BOTH_CORRECT,False,True,True,False
private,2788,6,Neutral,3,Happy,0.9241194166195881,3,Happy,0.9130528374956921,BOTH_WRONG,False,True,True,False
private,2789,5,Surprise,5,Surprise,0.9523506499140121,5,Surprise,0.9551937553290659,BOTH_CORRECT,False,False,False,True
private,2790,0,Angry,6,Neutral,0.5605595911750362,6,Neutral,0.836565768276009,BOTH_WRONG,False,True,True,False
private,2791,3,Happy,3,Happy,0.9559146164874572,3,Happy,0.9498636856950382,BOTH_CORRECT,False,True,True,False
private,2792,3,Happy,3,Happy,0.940253987336459,3,Happy,0.939264218279121,BOTH_CORRECT,False,True,True,False
private,2793,6,Neutral,4,Sad,0.7057459843323532,4,Sad,0.9529203858302353,BOTH_WRONG,False,True,True,False
private,2794,0,Angry,0,Angry,0.6960011520637921,0,Angry,0.9320019911243826,BOTH_CORRECT,False,True,True,False
private,2795,0,Angry,0,Angry,0.9551091497919691,0,Angry,0.7661215329426317,BOTH_CORRECT,False,False,False,True
private,2796,2,Fear,5,Surprise,0.893932783661744,5,Surprise,0.5618734899819777,BOTH_WRONG,False,True,True,False
private,2797,5,Surprise,5,Surprise,0.5253244527591989,2,Fear,0.8723434201845673,V21_CORRECT_V22_WRONG,True,True,True,False
private,2798,3,Happy,3,Happy,0.9620261388494938,3,Happy,0.9442073233295156,BOTH_CORRECT,False,True,True,False
private,2799,2,Fear,2,Fear,0.47291986902925937,4,Sad,0.9287521267321633,V21_CORRECT_V22_WRONG,True,True,True,False
private,2800,4,Sad,4,Sad,0.7958586465519968,4,Sad,0.9544445615465046,BOTH_CORRECT,False,True,True,False
private,2801,0,Angry,2,Fear,0.7883945061816147,2,Fear,0.8340558699114359,BOTH_WRONG,False,True,True,False
private,2802,6,Neutral,6,Neutral,0.8174318952949018,0,Angry,0.5607852600768874,V21_CORRECT_V22_WRONG,True,True,True,False
private,2803,3,Happy,3,Happy,0.8915555218109434,3,Happy,0.9688973874364762,BOTH_CORRECT,False,True,True,False
private,2804,2,Fear,2,Fear,0.37267529014642414,2,Fear,0.7327355097252838,BOTH_CORRECT,False,True,True,False
private,2805,3,Happy,3,Happy,0.9306408934654243,3,Happy,0.9598267551794772,BOTH_CORRECT,False,True,True,False
private,2806,6,Neutral,6,Neutral,0.5618359587952833,6,Neutral,0.9181705012975048,BOTH_CORRECT,False,True,True,False
private,2807,4,Sad,4,Sad,0.8843695860356667,4,Sad,0.9420563536468437,BOTH_CORRECT,False,True,True,False
private,2808,2,Fear,6,Neutral,0.7931269032859433,6,Neutral,0.9341434317541948,BOTH_WRONG,False,True,True,False
private,2809,6,Neutral,6,Neutral,0.8004135392164566,6,Neutral,0.9509364195768455,BOTH_CORRECT,False,True,True,False
private,2810,6,Neutral,6,Neutral,0.7555097829906624,0,Angry,0.7994168622358803,V21_CORRECT_V22_WRONG,True,True,True,False
private,2811,6,Neutral,6,Neutral,0.8935211215661589,6,Neutral,0.9379869841525256,BOTH_CORRECT,False,True,True,False
private,2812,6,Neutral,6,Neutral,0.9532112620544985,6,Neutral,0.954454016452878,BOTH_CORRECT,False,True,True,False
private,2813,2,Fear,2,Fear,0.9217686269594072,2,Fear,0.9638399668647871,BOTH_CORRECT,False,True,True,False
private,2814,6,Neutral,6,Neutral,0.4778927168551722,6,Neutral,0.8868675865169665,BOTH_CORRECT,False,True,True,False
private,2815,0,Angry,0,Angry,0.881611253131366,0,Angry,0.9535278328658735,BOTH_CORRECT,False,False,False,True
private,2816,2,Fear,0,Angry,0.8409693113183441,2,Fear,0.9294203054143373,V22_CORRECT_V21_WRONG,True,True,True,False
private,2817,0,Angry,0,Angry,0.9072749767982227,1,Disgust,0.745627562314555,V21_CORRECT_V22_WRONG,True,True,True,False
private,2818,4,Sad,4,Sad,0.8909551357645485,4,Sad,0.9623711779704607,BOTH_CORRECT,False,True,True,False
private,2819,3,Happy,3,Happy,0.9355488142882447,3,Happy,0.9629886519788274,BOTH_CORRECT,False,True,True,False
private,2820,5,Surprise,5,Surprise,0.955925585575436,5,Surprise,0.9566266981819685,BOTH_CORRECT,False,False,False,True
private,2821,0,Angry,1,Disgust,0.9632854654048546,1,Disgust,0.6612761366426442,BOTH_WRONG,False,True,True,False
private,2822,2,Fear,2,Fear,0.8308085337186065,2,Fear,0.8749580735559993,BOTH_CORRECT,False,True,True,False
private,2823,5,Surprise,0,Angry,0.3220353017628529,3,Happy,0.5596835102408507,BOTH_WRONG,False,True,True,False
private,2824,4,Sad,1,Disgust,0.8890275117879014,1,Disgust,0.6304094767086612,BOTH_WRONG,False,True,True,False
private,2825,0,Angry,0,Angry,0.5651446683963108,6,Neutral,0.3799815955964208,V21_CORRECT_V22_WRONG,True,True,True,False
private,2826,6,Neutral,3,Happy,0.39096835353903536,6,Neutral,0.8798887315838406,V22_CORRECT_V21_WRONG,True,True,True,False
private,2827,0,Angry,2,Fear,0.516572013538522,2,Fear,0.3802501152391388,BOTH_WRONG,False,True,True,False
private,2828,6,Neutral,6,Neutral,0.8545933139434212,6,Neutral,0.903837960770299,BOTH_CORRECT,False,True,True,False
private,2829,6,Neutral,6,Neutral,0.9063084534971934,6,Neutral,0.9521213270371761,BOTH_CORRECT,False,True,True,False
private,2830,0,Angry,4,Sad,0.5136719110168452,6,Neutral,0.9293401639468801,BOTH_WRONG,False,True,True,False
private,2831,6,Neutral,4,Sad,0.5249953256411682,6,Neutral,0.8044541189837846,V22_CORRECT_V21_WRONG,True,True,True,False
private,2832,5,Surprise,5,Surprise,0.9510910099077385,5,Surprise,0.9143935496477078,BOTH_CORRECT,False,False,False,True
private,2833,4,Sad,4,Sad,0.8942499930603144,4,Sad,0.9353804027374006,BOTH_CORRECT,False,True,True,False
private,2834,3,Happy,5,Surprise,0.8138005270661172,5,Surprise,0.9289056320357943,BOTH_WRONG,False,True,True,False
private,2835,3,Happy,3,Happy,0.9515751068126362,3,Happy,0.9516749247698543,BOTH_CORRECT,False,True,True,False
private,2836,5,Surprise,3,Happy,0.9386149396111788,2,Fear,0.47707090035854555,BOTH_WRONG,False,True,True,False
private,2837,0,Angry,0,Angry,0.9610928136402742,0,Angry,0.9441791342830146,BOTH_CORRECT,False,True,True,False
private,2838,6,Neutral,6,Neutral,0.9379016454013253,4,Sad,0.9387150524941914,V21_CORRECT_V22_WRONG,True,True,True,False
private,2839,2,Fear,2,Fear,0.5513922775790201,2,Fear,0.9510983408623951,BOTH_CORRECT,False,True,True,False
private,2840,5,Surprise,5,Surprise,0.955565241840183,5,Surprise,0.9570689174732692,BOTH_CORRECT,False,True,True,False
private,2841,3,Happy,3,Happy,0.9482475414538708,3,Happy,0.9472167366552288,BOTH_CORRECT,False,True,True,False
private,2842,5,Surprise,6,Neutral,0.42947531149215046,3,Happy,0.8449048068453299,BOTH_WRONG,False,True,True,False
private,2843,3,Happy,3,Happy,0.9509460484654909,3,Happy,0.9478952357282706,BOTH_CORRECT,False,True,True,False
private,2844,3,Happy,3,Happy,0.9532329818438912,3,Happy,0.9506250917985531,BOTH_CORRECT,False,True,True,False
private,2845,0,Angry,0,Angry,0.9285516250212033,0,Angry,0.9453482142961526,BOTH_CORRECT,False,True,True,False
private,2846,5,Surprise,5,Surprise,0.9530539158366363,5,Surprise,0.954167765391489,BOTH_CORRECT,False,True,True,False
private,2847,0,Angry,0,Angry,0.9550954063240504,0,Angry,0.9601425012968087,BOTH_CORRECT,False,True,True,False
private,2848,0,Angry,2,Fear,0.6442729801658313,2,Fear,0.7981256565685637,BOTH_WRONG,False,True,False,False
private,2849,0,Angry,0,Angry,0.7416166478275268,6,Neutral,0.9578778802659693,V21_CORRECT_V22_WRONG,True,True,True,False
private,2850,4,Sad,4,Sad,0.9526743904181944,4,Sad,0.7860719189412286,BOTH_CORRECT,False,True,True,False
private,2851,0,Angry,0,Angry,0.9204074319135549,0,Angry,0.9634414664253294,BOTH_CORRECT,False,True,True,False
private,2852,5,Surprise,5,Surprise,0.8976959820695877,5,Surprise,0.9464584782888453,BOTH_CORRECT,False,True,True,False
private,2853,2,Fear,2,Fear,0.7578377126682009,2,Fear,0.9595835637883982,BOTH_CORRECT,False,True,True,False
private,2854,5,Surprise,5,Surprise,0.5869136448368398,5,Surprise,0.7513736055516638,BOTH_CORRECT,False,True,True,False
private,2855,3,Happy,3,Happy,0.9518915219092281,3,Happy,0.9542395871126247,BOTH_CORRECT,False,True,True,False
private,2856,5,Surprise,5,Surprise,0.8734815910688243,5,Surprise,0.8870123960611521,BOTH_CORRECT,False,True,True,False
private,2857,4,Sad,4,Sad,0.8660117571830949,2,Fear,0.4868905938774914,V21_CORRECT_V22_WRONG,True,True,True,False
private,2858,5,Surprise,4,Sad,0.8571244835996771,4,Sad,0.6331671634658913,BOTH_WRONG,False,True,False,False
private,2859,4,Sad,4,Sad,0.5920812132373385,6,Neutral,0.8623357106887262,V21_CORRECT_V22_WRONG,True,True,True,False
private,2860,4,Sad,4,Sad,0.89044373610543,4,Sad,0.943979639055948,BOTH_CORRECT,False,True,True,False
private,2861,3,Happy,3,Happy,0.9526382748358443,3,Happy,0.9548352780153495,BOTH_CORRECT,False,True,True,False
private,2862,6,Neutral,4,Sad,0.5147618762534663,4,Sad,0.5268221463258939,BOTH_WRONG,False,True,True,False
private,2863,0,Angry,0,Angry,0.5128851982202319,0,Angry,0.7975708090366906,BOTH_CORRECT,False,True,True,False
private,2864,0,Angry,0,Angry,0.9423110774315755,0,Angry,0.955953081330876,BOTH_CORRECT,False,True,True,False
private,2865,3,Happy,3,Happy,0.5312108186746703,6,Neutral,0.9254019111381427,V21_CORRECT_V22_WRONG,True,True,True,False
private,2866,5,Surprise,5,Surprise,0.9510910099077385,5,Surprise,0.9143935496477078,BOTH_CORRECT,False,False,False,True
private,2867,4,Sad,4,Sad,0.6111542664709646,4,Sad,0.30591555765188577,BOTH_CORRECT,False,True,True,False
private,2868,6,Neutral,6,Neutral,0.904228214305282,0,Angry,0.9629048577113835,V21_CORRECT_V22_WRONG,True,True,True,False
private,2869,6,Neutral,4,Sad,0.8242336147843363,6,Neutral,0.9163096131990927,V22_CORRECT_V21_WRONG,True,True,True,False
private,2870,0,Angry,0,Angry,0.8621487405183276,4,Sad,0.36991263558428883,V21_CORRECT_V22_WRONG,True,True,True,False
private,2871,3,Happy,3,Happy,0.9197057866290029,6,Neutral,0.786617467985855,V21_CORRECT_V22_WRONG,True,True,True,False
private,2872,0,Angry,0,Angry,0.956502294168492,6,Neutral,0.7930196487873132,V21_CORRECT_V22_WRONG,True,True,True,False
private,2873,3,Happy,3,Happy,0.9479334559157805,3,Happy,0.9501123558095348,BOTH_CORRECT,False,True,True,False
private,2874,3,Happy,3,Happy,0.7341764989372693,0,Angry,0.8456789035787227,V21_CORRECT_V22_WRONG,True,True,True,False
private,2875,4,Sad,4,Sad,0.9526471569841135,4,Sad,0.9674255801548637,BOTH_CORRECT,False,True,True,False
private,2876,5,Surprise,5,Surprise,0.9525154333091808,5,Surprise,0.9619890817077156,BOTH_CORRECT,False,False,False,True
private,2877,5,Surprise,5,Surprise,0.6903675986025423,5,Surprise,0.9597613854988931,BOTH_CORRECT,False,True,True,False
private,2878,6,Neutral,4,Sad,0.7537398511978023,6,Neutral,0.5092088274710167,V22_CORRECT_V21_WRONG,True,True,True,False
private,2879,3,Happy,3,Happy,0.9575322298370761,3,Happy,0.7073605920618533,BOTH_CORRECT,False,True,True,False
private,2880,4,Sad,4,Sad,0.73350868682583,4,Sad,0.9476735501626196,BOTH_CORRECT,False,True,True,False
private,2881,4,Sad,4,Sad,0.9613068127978482,4,Sad,0.9371394240139251,BOTH_CORRECT,False,True,True,False
private,2882,3,Happy,3,Happy,0.963487249642986,3,Happy,0.9506741298252522,BOTH_CORRECT,False,True,True,False
private,2883,3,Happy,3,Happy,0.9527774003588375,3,Happy,0.9509985125364544,BOTH_CORRECT,False,True,True,False
private,2884,3,Happy,5,Surprise,0.7854337196770734,3,Happy,0.7214017842857351,V22_CORRECT_V21_WRONG,True,True,True,False
private,2885,6,Neutral,6,Neutral,0.847299735073498,6,Neutral,0.5996016037663339,BOTH_CORRECT,False,True,True,False
private,2886,2,Fear,2,Fear,0.8971565026673132,2,Fear,0.8889183595272335,BOTH_CORRECT,False,True,True,False
private,2887,0,Angry,5,Surprise,0.9309433630486085,5,Surprise,0.9259849143377346,BOTH_WRONG,False,True,True,False
private,2888,2,Fear,2,Fear,0.7281951152331401,4,Sad,0.9490876363709948,V21_CORRECT_V22_WRONG,True,True,True,False
private,2889,0,Angry,4,Sad,0.6272971141522986,4,Sad,0.5445734574812691,BOTH_WRONG,False,True,True,False
private,2890,5,Surprise,2,Fear,0.5954631686562225,5,Surprise,0.5435543302482476,V22_CORRECT_V21_WRONG,True,True,True,False
private,2891,4,Sad,4,Sad,0.9517244946810701,4,Sad,0.9218691972134517,BOTH_CORRECT,False,True,True,False
private,2892,0,Angry,0,Angry,0.9620167197193555,0,Angry,0.9533563595360257,BOTH_CORRECT,False,False,False,True
private,2893,6,Neutral,6,Neutral,0.9271874606654128,6,Neutral,0.9459010481675374,BOTH_CORRECT,False,True,True,False
private,2894,4,Sad,4,Sad,0.8623914145984348,4,Sad,0.946419541752666,BOTH_CORRECT,False,True,True,False
private,2895,0,Angry,0,Angry,0.9559654853788165,0,Angry,0.9611901834367309,BOTH_CORRECT,False,True,True,False
private,2896,5,Surprise,5,Surprise,0.9332806603424684,5,Surprise,0.953477675144708,BOTH_CORRECT,False,True,True,False
private,2897,4,Sad,4,Sad,0.8729434204671654,4,Sad,0.9125440977738957,BOTH_CORRECT,False,True,True,False
private,2898,4,Sad,5,Surprise,0.9230051533835847,5,Surprise,0.9510291770363788,BOTH_WRONG,False,True,True,False
private,2899,3,Happy,3,Happy,0.8343342776339342,3,Happy,0.8727626844429753,BOTH_CORRECT,False,True,True,False
private,2900,4,Sad,4,Sad,0.8344625229442836,4,Sad,0.9494152131632986,BOTH_CORRECT,False,True,True,False
private,2901,3,Happy,3,Happy,0.9529952269329296,3,Happy,0.951442019864354,BOTH_CORRECT,False,True,True,False
private,2902,3,Happy,3,Happy,0.9579098519058525,3,Happy,0.9535433553060908,BOTH_CORRECT,False,True,True,False
private,2903,5,Surprise,5,Surprise,0.9541681198229218,5,Surprise,0.9536124351550704,BOTH_CORRECT,False,True,True,False
private,2904,2,Fear,2,Fear,0.9478562951115409,2,Fear,0.9649637019529068,BOTH_CORRECT,False,True,True,False
private,2905,6,Neutral,6,Neutral,0.9504467367960583,6,Neutral,0.8932296212668454,BOTH_CORRECT,False,True,True,False
private,2906,4,Sad,4,Sad,0.4980906840360742,2,Fear,0.4910389315825372,V21_CORRECT_V22_WRONG,True,True,True,False
private,2907,3,Happy,6,Neutral,0.8337777498983753,6,Neutral,0.9456541850097994,BOTH_WRONG,False,True,True,False
private,2908,5,Surprise,5,Surprise,0.945008038043489,5,Surprise,0.9555397989241574,BOTH_CORRECT,False,True,True,False
private,2909,2,Fear,0,Angry,0.7333808471642638,0,Angry,0.7996801086244409,BOTH_WRONG,False,True,True,False
private,2910,6,Neutral,6,Neutral,0.7796385997613933,6,Neutral,0.9458654738652852,BOTH_CORRECT,False,True,True,False
private,2911,3,Happy,3,Happy,0.9502314558727749,3,Happy,0.9200181352181424,BOTH_CORRECT,False,True,True,False
private,2912,0,Angry,2,Fear,0.5750089586642149,4,Sad,0.8820332315985211,BOTH_WRONG,False,True,True,False
private,2913,5,Surprise,5,Surprise,0.9219292284391004,5,Surprise,0.960930854991808,BOTH_CORRECT,False,False,False,True
private,2914,5,Surprise,5,Surprise,0.9432364690903309,5,Surprise,0.956399342415726,BOTH_CORRECT,False,True,True,False
private,2915,3,Happy,3,Happy,0.9488907106388694,3,Happy,0.9470568048520721,BOTH_CORRECT,False,True,True,False
private,2916,4,Sad,6,Neutral,0.9073684940890919,6,Neutral,0.7803990627086977,BOTH_WRONG,False,True,True,False
private,2917,3,Happy,3,Happy,0.8581402267575186,3,Happy,0.9626245797820936,BOTH_CORRECT,False,True,True,False
private,2918,6,Neutral,6,Neutral,0.9559686338120438,6,Neutral,0.879383007195202,BOTH_CORRECT,False,True,True,False
private,2919,6,Neutral,6,Neutral,0.8279098292255334,6,Neutral,0.9082913390049384,BOTH_CORRECT,False,True,True,False
private,2920,3,Happy,4,Sad,0.6081749316209408,2,Fear,0.9298494316138742,BOTH_WRONG,False,True,True,False
private,2921,5,Surprise,5,Surprise,0.9473805651372182,5,Surprise,0.9515536231659963,BOTH_CORRECT,False,False,False,True
private,2922,6,Neutral,6,Neutral,0.9178748141981533,6,Neutral,0.9552340428100978,BOTH_CORRECT,False,True,True,False
private,2923,5,Surprise,5,Surprise,0.9500847054543783,5,Surprise,0.9446148234132578,BOTH_CORRECT,False,False,False,True
private,2924,3,Happy,3,Happy,0.9556831003004829,3,Happy,0.9542438242184473,BOTH_CORRECT,False,True,True,False
private,2925,2,Fear,1,Disgust,0.6085050757197924,1,Disgust,0.950218813745647,BOTH_WRONG,False,True,True,False
private,2926,6,Neutral,6,Neutral,0.9238621585187878,6,Neutral,0.9601784430127522,BOTH_CORRECT,False,True,False,False
private,2927,3,Happy,3,Happy,0.9660660980993268,3,Happy,0.9584714227390619,BOTH_CORRECT,False,True,True,False
private,2928,3,Happy,5,Surprise,0.9555885317489035,6,Neutral,0.9457771944345977,BOTH_WRONG,False,True,True,False
private,2929,5,Surprise,5,Surprise,0.9539412124069571,5,Surprise,0.9277175436825005,BOTH_CORRECT,False,False,False,True
private,2930,2,Fear,2,Fear,0.9444789922929236,2,Fear,0.9567472538905467,BOTH_CORRECT,False,True,True,False
private,2931,6,Neutral,6,Neutral,0.9331549641508903,6,Neutral,0.9610742491692166,BOTH_CORRECT,False,False,False,True
private,2932,2,Fear,5,Surprise,0.6882733008964453,2,Fear,0.9357870436772758,V22_CORRECT_V21_WRONG,True,True,True,False
private,2933,4,Sad,4,Sad,0.9281255220182862,4,Sad,0.8901542059817633,BOTH_CORRECT,False,True,True,False
private,2934,6,Neutral,6,Neutral,0.8885010368725305,6,Neutral,0.9454653387734173,BOTH_CORRECT,False,True,True,False
private,2935,4,Sad,6,Neutral,0.9365367983416538,6,Neutral,0.9135607923904734,BOTH_WRONG,False,True,True,False
private,2936,0,Angry,0,Angry,0.4617855650910745,0,Angry,0.8408878371873003,BOTH_CORRECT,False,True,True,False
private,2937,6,Neutral,6,Neutral,0.9469227526757149,6,Neutral,0.9494452572302406,BOTH_CORRECT,False,True,True,False
private,2938,0,Angry,0,Angry,0.950813353591161,0,Angry,0.9590435358039856,BOTH_CORRECT,False,True,True,False
private,2939,5,Surprise,5,Surprise,0.9603339832655884,5,Surprise,0.9586387310970232,BOTH_CORRECT,False,True,True,False
private,2940,2,Fear,5,Surprise,0.8847030555061982,5,Surprise,0.6932871174754381,BOTH_WRONG,False,True,True,False
private,2941,3,Happy,3,Happy,0.9626334239666826,3,Happy,0.9605129955017788,BOTH_CORRECT,False,True,True,False
private,2942,4,Sad,4,Sad,0.7230170760487113,4,Sad,0.9644426225320655,BOTH_CORRECT,False,True,True,False
private,2943,6,Neutral,6,Neutral,0.9301676398310863,6,Neutral,0.9469958345681319,BOTH_CORRECT,False,True,True,False
private,2944,3,Happy,3,Happy,0.9513691939487027,3,Happy,0.9496101677019663,BOTH_CORRECT,False,True,True,False
private,2945,2,Fear,0,Angry,0.6524892335873861,4,Sad,0.8699781900612483,BOTH_WRONG,False,True,True,False
private,2946,2,Fear,2,Fear,0.5659669796788995,3,Happy,0.8926860264525923,V21_CORRECT_V22_WRONG,True,True,True,False
private,2947,2,Fear,2,Fear,0.8762530238915044,2,Fear,0.9522830173732155,BOTH_CORRECT,False,True,True,False
private,2948,5,Surprise,5,Surprise,0.843959633168846,5,Surprise,0.9457279498474579,BOTH_CORRECT,False,True,True,False
private,2949,5,Surprise,3,Happy,0.7448402171774787,3,Happy,0.9187233671316645,BOTH_WRONG,False,True,True,False
private,2950,0,Angry,0,Angry,0.9630437891660842,0,Angry,0.9626932040821821,BOTH_CORRECT,False,True,True,False
private,2951,5,Surprise,5,Surprise,0.9548004499218579,5,Surprise,0.9591870144873484,BOTH_CORRECT,False,True,True,False
private,2952,2,Fear,2,Fear,0.798790626404926,0,Angry,0.5255009702223212,V21_CORRECT_V22_WRONG,True,True,True,False
private,2953,2,Fear,2,Fear,0.9539029242469487,2,Fear,0.9631584240825973,BOTH_CORRECT,False,True,True,False
private,2954,3,Happy,3,Happy,0.9442385694843706,3,Happy,0.8978134599048208,BOTH_CORRECT,False,True,True,False
private,2955,3,Happy,3,Happy,0.9465363061372144,3,Happy,0.9440129124328311,BOTH_CORRECT,False,True,True,False
private,2956,6,Neutral,6,Neutral,0.6713217481951165,6,Neutral,0.8861237076380548,BOTH_CORRECT,False,True,True,False
private,2957,6,Neutral,0,Angry,0.876409693655629,0,Angry,0.47540405735236946,BOTH_WRONG,False,True,True,False
private,2958,3,Happy,3,Happy,0.9374674277499351,3,Happy,0.8854488507906932,BOTH_CORRECT,False,True,True,False
private,2959,2,Fear,2,Fear,0.9503936174974241,4,Sad,0.5143134779405214,V21_CORRECT_V22_WRONG,True,True,True,False
private,2960,3,Happy,3,Happy,0.9488251419800287,3,Happy,0.9441599727676667,BOTH_CORRECT,False,True,True,False
private,2961,4,Sad,0,Angry,0.40309947260950474,6,Neutral,0.4304230053937127,BOTH_WRONG,False,True,True,False
private,2962,4,Sad,4,Sad,0.8171460176008658,6,Neutral,0.578843835221863,V21_CORRECT_V22_WRONG,True,True,True,False
private,2963,0,Angry,3,Happy,0.7127129002864193,3,Happy,0.9162674539938676,BOTH_WRONG,False,True,True,False
private,2964,4,Sad,6,Neutral,0.7626092390456013,6,Neutral,0.9367207620154141,BOTH_WRONG,False,True,True,False
private,2965,4,Sad,2,Fear,0.9593979144933816,2,Fear,0.9590657942037758,BOTH_WRONG,False,True,True,False
private,2966,5,Surprise,5,Surprise,0.9524969158250948,5,Surprise,0.9550943279401652,BOTH_CORRECT,False,True,True,False
private,2967,3,Happy,3,Happy,0.9228290640025835,3,Happy,0.9218272463078554,BOTH_CORRECT,False,True,True,False
private,2968,2,Fear,2,Fear,0.6356284184595672,2,Fear,0.8058748087754339,BOTH_CORRECT,False,True,True,False
private,2969,6,Neutral,0,Angry,0.8731392468881216,0,Angry,0.891457567361519,BOTH_WRONG,False,True,True,False
private,2970,0,Angry,4,Sad,0.8567626063735305,4,Sad,0.8935256966345618,BOTH_WRONG,False,True,True,False
private,2971,2,Fear,5,Surprise,0.6392175568169679,2,Fear,0.8477657298593746,V22_CORRECT_V21_WRONG,True,True,True,False
private,2972,0,Angry,0,Angry,0.9476527789967678,0,Angry,0.9611989472880854,BOTH_CORRECT,False,False,False,True
private,2973,4,Sad,2,Fear,0.636462397460241,2,Fear,0.7714234452814963,BOTH_WRONG,False,True,True,False
private,2974,4,Sad,0,Angry,0.8758043979268489,0,Angry,0.49047009227827704,BOTH_WRONG,False,True,True,False
private,2975,4,Sad,6,Neutral,0.8065920641917094,4,Sad,0.9454260490072586,V22_CORRECT_V21_WRONG,True,True,True,False
private,2976,2,Fear,3,Happy,0.9203184859525579,3,Happy,0.9530368212534251,BOTH_WRONG,False,True,True,False
private,2977,3,Happy,4,Sad,0.9541299488760719,4,Sad,0.9448070354012404,BOTH_WRONG,False,True,False,False
private,2978,5,Surprise,5,Surprise,0.9553652859189977,5,Surprise,0.9427461113310242,BOTH_CORRECT,False,True,True,False
private,2979,0,Angry,2,Fear,0.9274575329717469,2,Fear,0.8321902453137181,BOTH_WRONG,False,True,True,False
private,2980,0,Angry,0,Angry,0.6199609682707719,4,Sad,0.8988594391404305,V21_CORRECT_V22_WRONG,True,True,True,False
private,2981,2,Fear,2,Fear,0.4536869530660533,2,Fear,0.7565086247937864,BOTH_CORRECT,False,True,True,False
private,2982,5,Surprise,5,Surprise,0.9375553366388334,5,Surprise,0.7281096265569788,BOTH_CORRECT,False,True,True,False
private,2983,2,Fear,0,Angry,0.9545083532866033,2,Fear,0.8291230040173151,V22_CORRECT_V21_WRONG,True,True,True,False
private,2984,4,Sad,4,Sad,0.8542784475268614,4,Sad,0.9499279074247317,BOTH_CORRECT,False,True,True,False
private,2985,3,Happy,3,Happy,0.9294158676848883,3,Happy,0.9026828029626235,BOTH_CORRECT,False,True,True,False
private,2986,4,Sad,6,Neutral,0.7426076663126265,6,Neutral,0.5635429204191401,BOTH_WRONG,False,True,True,False
private,2987,5,Surprise,5,Surprise,0.9585881605333769,5,Surprise,0.9588845252668745,BOTH_CORRECT,False,False,False,True
private,2988,6,Neutral,2,Fear,0.6482133235609998,4,Sad,0.5167204980558732,BOTH_WRONG,False,True,False,False
private,2989,3,Happy,3,Happy,0.954012535188648,3,Happy,0.9548103549311431,BOTH_CORRECT,False,True,True,False
private,2990,5,Surprise,5,Surprise,0.9574604407458088,5,Surprise,0.956574280488984,BOTH_CORRECT,False,False,False,True
private,2991,2,Fear,2,Fear,0.7876701318336967,2,Fear,0.554232984636104,BOTH_CORRECT,False,True,True,False
private,2992,0,Angry,0,Angry,0.5611124294784301,0,Angry,0.6056631486935483,BOTH_CORRECT,False,True,True,False
private,2993,3,Happy,3,Happy,0.9525326969193249,3,Happy,0.9488638604008526,BOTH_CORRECT,False,True,True,False
private,2994,4,Sad,0,Angry,0.9579413690202603,0,Angry,0.9653258848718279,BOTH_WRONG,False,True,True,False
private,2995,3,Happy,3,Happy,0.9390842763557637,3,Happy,0.9393149686417623,BOTH_CORRECT,False,True,True,False
private,2996,0,Angry,0,Angry,0.9488023393910707,0,Angry,0.9499548840842053,BOTH_CORRECT,False,True,True,False
private,2997,3,Happy,3,Happy,0.9456818435004825,3,Happy,0.9301437051152571,BOTH_CORRECT,False,True,True,False
private,2998,1,Disgust,1,Disgust,0.974291985260166,1,Disgust,0.9318406870125606,BOTH_CORRECT,False,True,True,False
private,2999,4,Sad,6,Neutral,0.9046383118939569,6,Neutral,0.5019720955589368,BOTH_WRONG,False,True,True,False
private,3000,0,Angry,3,Happy,0.9096611142141046,3,Happy,0.9494409035497435,BOTH_WRONG,False,True,True,False
private,3001,3,Happy,3,Happy,0.9363744299679901,3,Happy,0.9390942952950454,BOTH_CORRECT,False,True,True,False
private,3002,0,Angry,4,Sad,0.7374749122965086,4,Sad,0.35083562211953295,BOTH_WRONG,False,True,True,False
private,3003,3,Happy,3,Happy,0.9478151671288015,3,Happy,0.9351636134199907,BOTH_CORRECT,False,True,True,False
private,3004,6,Neutral,4,Sad,0.9488290288097894,6,Neutral,0.8993443617968028,V22_CORRECT_V21_WRONG,True,True,True,False
private,3005,4,Sad,4,Sad,0.9187911400145233,4,Sad,0.8321110463033271,BOTH_CORRECT,False,True,True,False
private,3006,3,Happy,3,Happy,0.9079973881612382,3,Happy,0.9469048975959458,BOTH_CORRECT,False,False,False,True
private,3007,5,Surprise,5,Surprise,0.947291213035104,5,Surprise,0.9581104347122574,BOTH_CORRECT,False,True,True,False
private,3008,6,Neutral,6,Neutral,0.6511964681052635,6,Neutral,0.9537074578757037,BOTH_CORRECT,False,True,True,False
private,3009,0,Angry,0,Angry,0.9425490798555716,0,Angry,0.9538983391355733,BOTH_CORRECT,False,True,True,False
private,3010,3,Happy,3,Happy,0.9493600400270967,3,Happy,0.949116921874294,BOTH_CORRECT,False,True,True,False
private,3011,0,Angry,6,Neutral,0.9094585107063107,4,Sad,0.7891792656150032,BOTH_WRONG,False,True,True,False
private,3012,3,Happy,3,Happy,0.9534175086200088,3,Happy,0.9557595435757158,BOTH_CORRECT,False,False,False,True
private,3013,4,Sad,0,Angry,0.6196498512988534,0,Angry,0.9631086740004605,BOTH_WRONG,False,True,True,False
private,3014,1,Disgust,1,Disgust,0.7715045143481085,1,Disgust,0.9344034656234449,BOTH_CORRECT,False,True,True,False
private,3015,0,Angry,0,Angry,0.9649750694515961,0,Angry,0.9616034186610515,BOTH_CORRECT,False,True,True,False
private,3016,4,Sad,4,Sad,0.9503816802013444,4,Sad,0.8344165596936418,BOTH_CORRECT,False,True,True,False
private,3017,2,Fear,2,Fear,0.897204019909519,2,Fear,0.9556903505365123,BOTH_CORRECT,False,False,False,True
private,3018,5,Surprise,5,Surprise,0.957626733873909,5,Surprise,0.958763016836408,BOTH_CORRECT,False,True,True,False
private,3019,0,Angry,6,Neutral,0.9285955776796851,6,Neutral,0.9552886871432544,BOTH_WRONG,False,True,True,False
private,3020,4,Sad,4,Sad,0.9323679508691713,4,Sad,0.9658420653218329,BOTH_CORRECT,False,True,True,False
private,3021,2,Fear,4,Sad,0.4933040111150484,2,Fear,0.7539003656696306,V22_CORRECT_V21_WRONG,True,True,True,False
private,3022,4,Sad,3,Happy,0.9535670722386073,3,Happy,0.934970813348159,BOTH_WRONG,False,False,False,False
private,3023,3,Happy,3,Happy,0.9579559208950135,3,Happy,0.9527393090713089,BOTH_CORRECT,False,True,True,False
private,3024,2,Fear,2,Fear,0.8825623683659484,2,Fear,0.9556913068525043,BOTH_CORRECT,False,False,False,True
private,3025,2,Fear,2,Fear,0.5992136619934354,2,Fear,0.7092589606908287,BOTH_CORRECT,False,True,True,False
private,3026,3,Happy,3,Happy,0.9466177036519159,3,Happy,0.9476579986444893,BOTH_CORRECT,False,True,True,False
private,3027,2,Fear,4,Sad,0.9003433758522318,4,Sad,0.953339230424258,BOTH_WRONG,False,True,True,False
private,3028,0,Angry,0,Angry,0.7853802383989043,0,Angry,0.9498303128559593,BOTH_CORRECT,False,True,True,False
private,3029,4,Sad,4,Sad,0.7202318673170343,6,Neutral,0.8972051018733467,V21_CORRECT_V22_WRONG,True,True,True,False
private,3030,4,Sad,4,Sad,0.48306813897548045,4,Sad,0.9553891162678665,BOTH_CORRECT,False,True,True,False
private,3031,4,Sad,0,Angry,0.5699557983286602,2,Fear,0.5484492608881295,BOTH_WRONG,False,True,True,False
private,3032,2,Fear,1,Disgust,0.9313698197459609,1,Disgust,0.9393904799942345,BOTH_WRONG,False,True,True,False
private,3033,6,Neutral,2,Fear,0.3672438537734798,4,Sad,0.9552523996660175,BOTH_WRONG,False,True,True,False
private,3034,6,Neutral,6,Neutral,0.7779629001188557,0,Angry,0.929568540147913,V21_CORRECT_V22_WRONG,True,True,True,False
private,3035,5,Surprise,5,Surprise,0.8982949343806036,5,Surprise,0.9408156022429296,BOTH_CORRECT,False,True,True,False
private,3036,2,Fear,2,Fear,0.9539025172327098,2,Fear,0.9568018239931796,BOTH_CORRECT,False,True,True,False
private,3037,4,Sad,3,Happy,0.8015989026323757,3,Happy,0.8567577878598505,BOTH_WRONG,False,True,True,False
private,3038,2,Fear,0,Angry,0.7272590764778503,4,Sad,0.5756310615255901,BOTH_WRONG,False,True,False,False
private,3039,4,Sad,4,Sad,0.7370100118112557,4,Sad,0.6177923912956976,BOTH_CORRECT,False,True,True,False
private,3040,2,Fear,2,Fear,0.9502888282462576,2,Fear,0.9475141726237702,BOTH_CORRECT,False,True,True,False
private,3041,3,Happy,3,Happy,0.9575644071245355,3,Happy,0.9567332085552163,BOTH_CORRECT,False,True,True,False
private,3042,3,Happy,3,Happy,0.9480712034139873,3,Happy,0.9471004679157188,BOTH_CORRECT,False,True,True,False
private,3043,3,Happy,4,Sad,0.3564301130209862,4,Sad,0.8472505587309167,BOTH_WRONG,False,True,True,False
private,3044,3,Happy,3,Happy,0.94254172004669,3,Happy,0.9460660117272967,BOTH_CORRECT,False,False,False,True
private,3045,3,Happy,3,Happy,0.9509060512043588,3,Happy,0.915239873124511,BOTH_CORRECT,False,True,True,False
private,3046,0,Angry,0,Angry,0.6471508483835758,0,Angry,0.9657652994225895,BOTH_CORRECT,False,True,True,False
private,3047,6,Neutral,4,Sad,0.9142236408106291,2,Fear,0.6630179744766224,BOTH_WRONG,False,True,True,False
private,3048,3,Happy,3,Happy,0.9540857894563264,3,Happy,0.9499089946495458,BOTH_CORRECT,False,True,True,False
private,3049,2,Fear,2,Fear,0.8079515460345399,5,Surprise,0.8728259732300275,V21_CORRECT_V22_WRONG,True,True,True,False
private,3050,4,Sad,4,Sad,0.9452393155851502,4,Sad,0.9179303091712333,BOTH_CORRECT,False,True,True,False
private,3051,5,Surprise,5,Surprise,0.959717895927985,5,Surprise,0.9597607712792929,BOTH_CORRECT,False,True,True,False
private,3052,3,Happy,3,Happy,0.569450377592013,3,Happy,0.789224445687066,BOTH_CORRECT,False,True,True,False
private,3053,2,Fear,2,Fear,0.9251804351866195,2,Fear,0.6931205409477312,BOTH_CORRECT,False,True,True,False
private,3054,4,Sad,3,Happy,0.9169906735871385,6,Neutral,0.6712009408274763,BOTH_WRONG,False,True,True,False
private,3055,2,Fear,2,Fear,0.6652550494550719,2,Fear,0.8990969303647446,BOTH_CORRECT,False,True,True,False
private,3056,5,Surprise,5,Surprise,0.6811845699174433,5,Surprise,0.49029155719092044,BOTH_CORRECT,False,True,True,False
private,3057,5,Surprise,5,Surprise,0.9403248731305573,5,Surprise,0.7490242447923737,BOTH_CORRECT,False,True,True,False
private,3058,6,Neutral,6,Neutral,0.9289804559455374,6,Neutral,0.9496284053346362,BOTH_CORRECT,False,False,False,True
private,3059,2,Fear,2,Fear,0.8483192881016125,3,Happy,0.6200094958094099,V21_CORRECT_V22_WRONG,True,True,True,False
private,3060,3,Happy,3,Happy,0.9497196655616039,3,Happy,0.9523544506348948,BOTH_CORRECT,False,False,False,True
private,3061,2,Fear,6,Neutral,0.8655180914215129,6,Neutral,0.931816929902689,BOTH_WRONG,False,True,True,False
private,3062,5,Surprise,2,Fear,0.6642963223080866,5,Surprise,0.8826136296392898,V22_CORRECT_V21_WRONG,True,True,True,False
private,3063,3,Happy,3,Happy,0.9504192595470005,3,Happy,0.9155224050784184,BOTH_CORRECT,False,False,False,True
private,3064,2,Fear,2,Fear,0.8932418639427969,0,Angry,0.9135874297205118,V21_CORRECT_V22_WRONG,True,True,True,False
private,3065,2,Fear,2,Fear,0.9683644107716691,2,Fear,0.9625125097690436,BOTH_CORRECT,False,False,False,True
private,3066,3,Happy,3,Happy,0.9572281633595322,3,Happy,0.9542805862443968,BOTH_CORRECT,False,True,True,False
private,3067,4,Sad,3,Happy,0.5643207371336456,4,Sad,0.29190845915249963,V22_CORRECT_V21_WRONG,True,True,True,False
private,3068,2,Fear,6,Neutral,0.6106387824527454,4,Sad,0.7683164982000258,BOTH_WRONG,False,True,True,False
private,3069,3,Happy,3,Happy,0.9427274339815126,3,Happy,0.9542265608519691,BOTH_CORRECT,False,True,True,False
private,3070,0,Angry,0,Angry,0.9487636497398129,0,Angry,0.9531455818443296,BOTH_CORRECT,False,True,True,False
private,3071,3,Happy,3,Happy,0.9561593455660821,3,Happy,0.958210451080106,BOTH_CORRECT,False,True,True,False
private,3072,3,Happy,3,Happy,0.937842161308639,3,Happy,0.9255964827725942,BOTH_CORRECT,False,True,True,False
private,3073,3,Happy,3,Happy,0.943572654300559,3,Happy,0.9424225539263016,BOTH_CORRECT,False,True,True,False
private,3074,3,Happy,3,Happy,0.9300367913372914,3,Happy,0.9482857623300922,BOTH_CORRECT,False,True,True,False
private,3075,6,Neutral,6,Neutral,0.9022536625328943,6,Neutral,0.9332494331790273,BOTH_CORRECT,False,True,True,False
private,3076,2,Fear,2,Fear,0.9473721773806608,2,Fear,0.9452177049874868,BOTH_CORRECT,False,True,True,False
private,3077,4,Sad,4,Sad,0.631701111363349,3,Happy,0.9503162448864935,V21_CORRECT_V22_WRONG,True,True,True,False
private,3078,1,Disgust,0,Angry,0.6302421625231209,0,Angry,0.9094754683158742,BOTH_WRONG,False,True,True,False
private,3079,3,Happy,3,Happy,0.9540670819874983,3,Happy,0.9548682285766016,BOTH_CORRECT,False,True,True,False
private,3080,6,Neutral,6,Neutral,0.9505492091597664,6,Neutral,0.9510826079671336,BOTH_CORRECT,False,True,True,False
private,3081,4,Sad,6,Neutral,0.4159663280538009,2,Fear,0.6760254272121295,BOTH_WRONG,False,True,True,False
private,3082,4,Sad,6,Neutral,0.5406105202034182,6,Neutral,0.63703641688289,BOTH_WRONG,False,True,True,False
private,3083,3,Happy,3,Happy,0.9395571244597916,3,Happy,0.9135077620984287,BOTH_CORRECT,False,True,True,False
private,3084,4,Sad,4,Sad,0.8974196853436618,4,Sad,0.9524856379210016,BOTH_CORRECT,False,True,True,False
private,3085,6,Neutral,6,Neutral,0.8004219301080452,6,Neutral,0.9450689614018776,BOTH_CORRECT,False,True,True,False
private,3086,5,Surprise,5,Surprise,0.6533231043630707,5,Surprise,0.9563424459542486,BOTH_CORRECT,False,True,True,False
private,3087,0,Angry,2,Fear,0.8987156226638686,0,Angry,0.9611465137963725,V22_CORRECT_V21_WRONG,True,True,True,False
private,3088,4,Sad,4,Sad,0.9535774297884114,4,Sad,0.9462248221835142,BOTH_CORRECT,False,True,True,False
private,3089,5,Surprise,5,Surprise,0.8747859082325147,5,Surprise,0.9530151037790889,BOTH_CORRECT,False,False,False,True
private,3090,5,Surprise,5,Surprise,0.9049009185474353,5,Surprise,0.932527113436586,BOTH_CORRECT,False,False,False,True
private,3091,3,Happy,3,Happy,0.9504619939266209,3,Happy,0.9505460864154287,BOTH_CORRECT,False,True,True,False
private,3092,5,Surprise,5,Surprise,0.9538485613613614,5,Surprise,0.9541024141838564,BOTH_CORRECT,False,True,True,False
private,3093,1,Disgust,1,Disgust,0.9601723338549661,1,Disgust,0.9631955308516392,BOTH_CORRECT,False,False,False,True
private,3094,6,Neutral,4,Sad,0.7057844791207758,6,Neutral,0.4960101689733416,V22_CORRECT_V21_WRONG,True,True,True,False
private,3095,4,Sad,2,Fear,0.5013637685841155,2,Fear,0.7704396706976452,BOTH_WRONG,False,True,True,False
private,3096,2,Fear,6,Neutral,0.5023750481963867,6,Neutral,0.9260656818238722,BOTH_WRONG,False,True,True,False
private,3097,6,Neutral,6,Neutral,0.9522989858434593,6,Neutral,0.9510402119800493,BOTH_CORRECT,False,True,True,False
private,3098,0,Angry,0,Angry,0.7824786259451011,0,Angry,0.9421413087061367,BOTH_CORRECT,False,True,True,False
private,3099,4,Sad,0,Angry,0.6693039914767872,4,Sad,0.8485199276314289,V22_CORRECT_V21_WRONG,True,True,True,False
private,3100,4,Sad,6,Neutral,0.7104008089190966,6,Neutral,0.6179152804465932,BOTH_WRONG,False,True,True,False
private,3101,5,Surprise,3,Happy,0.6416807584690947,3,Happy,0.9347937745518727,BOTH_WRONG,False,True,True,False
private,3102,6,Neutral,6,Neutral,0.9481680623034667,6,Neutral,0.9463272935770496,BOTH_CORRECT,False,True,True,False
private,3103,6,Neutral,6,Neutral,0.6893455228147384,6,Neutral,0.9252801741377029,BOTH_CORRECT,False,True,True,False
private,3104,2,Fear,2,Fear,0.6680881153331022,2,Fear,0.9211140116869054,BOTH_CORRECT,False,True,True,False
private,3105,0,Angry,0,Angry,0.9555904273359679,0,Angry,0.9448726850810099,BOTH_CORRECT,False,True,True,False
private,3106,3,Happy,3,Happy,0.9596667809501933,3,Happy,0.9590633889457042,BOTH_CORRECT,False,True,True,False
private,3107,2,Fear,4,Sad,0.6098978776337994,4,Sad,0.7804246465536174,BOTH_WRONG,False,True,True,False
private,3108,1,Disgust,0,Angry,0.966893823260324,0,Angry,0.9393947388833616,BOTH_WRONG,False,True,True,False
private,3109,0,Angry,0,Angry,0.9350571817187154,6,Neutral,0.7830217953780879,V21_CORRECT_V22_WRONG,True,True,True,False
private,3110,6,Neutral,6,Neutral,0.9509319108852108,6,Neutral,0.9514003753215641,BOTH_CORRECT,False,True,True,False
private,3111,1,Disgust,1,Disgust,0.7641585097973734,1,Disgust,0.9597276561256535,BOTH_CORRECT,False,True,True,False
private,3112,2,Fear,6,Neutral,0.6211108253763555,6,Neutral,0.4827815540416162,BOTH_WRONG,False,True,True,False
private,3113,4,Sad,6,Neutral,0.9283354316041537,6,Neutral,0.9161379565717102,BOTH_WRONG,False,False,False,False
private,3114,3,Happy,3,Happy,0.9517649799557675,3,Happy,0.9469524920638576,BOTH_CORRECT,False,True,True,False
private,3115,2,Fear,2,Fear,0.962470009878614,2,Fear,0.9414518256372245,BOTH_CORRECT,False,True,True,False
private,3116,6,Neutral,6,Neutral,0.954150991854259,6,Neutral,0.9593721796399034,BOTH_CORRECT,False,True,True,False
private,3117,6,Neutral,4,Sad,0.676289677513168,6,Neutral,0.6707639242487063,V22_CORRECT_V21_WRONG,True,True,True,False
private,3118,6,Neutral,3,Happy,0.37218126684157543,0,Angry,0.38663014937399637,BOTH_WRONG,False,True,True,False
private,3119,6,Neutral,6,Neutral,0.9163890935309168,6,Neutral,0.8508955212197122,BOTH_CORRECT,False,True,True,False
private,3120,6,Neutral,6,Neutral,0.9446596322443033,6,Neutral,0.9515391281037673,BOTH_CORRECT,False,True,True,False
private,3121,3,Happy,3,Happy,0.8922540690256859,3,Happy,0.8888754375839277,BOTH_CORRECT,False,True,True,False
private,3122,3,Happy,3,Happy,0.9359100510309657,3,Happy,0.9463719912693155,BOTH_CORRECT,False,True,True,False
private,3123,4,Sad,4,Sad,0.795074656921188,4,Sad,0.8591300713957936,BOTH_CORRECT,False,True,True,False
private,3124,3,Happy,3,Happy,0.9556642282105162,3,Happy,0.9577253977817681,BOTH_CORRECT,False,True,True,False
private,3125,0,Angry,4,Sad,0.5231434935286043,6,Neutral,0.7033302011304781,BOTH_WRONG,False,True,True,False
private,3126,6,Neutral,6,Neutral,0.8195226933952237,6,Neutral,0.5394340985939806,BOTH_CORRECT,False,True,True,False
private,3127,0,Angry,0,Angry,0.9582175124057877,0,Angry,0.9618839208102382,BOTH_CORRECT,False,False,False,True
private,3128,3,Happy,3,Happy,0.9517050521988891,3,Happy,0.9496587073927903,BOTH_CORRECT,False,True,True,False
private,3129,2,Fear,4,Sad,0.7358587431815481,2,Fear,0.9626229934488778,V22_CORRECT_V21_WRONG,True,True,True,False
private,3130,5,Surprise,5,Surprise,0.9526435177040107,5,Surprise,0.8977376091929649,BOTH_CORRECT,False,True,True,False
private,3131,6,Neutral,6,Neutral,0.37405528765974544,6,Neutral,0.7789524066440733,BOTH_CORRECT,False,True,True,False
private,3132,6,Neutral,6,Neutral,0.7948321478028236,6,Neutral,0.8481442463415455,BOTH_CORRECT,False,True,True,False
private,3133,4,Sad,4,Sad,0.3785331141136396,6,Neutral,0.7415329262238992,V21_CORRECT_V22_WRONG,True,True,True,False
private,3134,5,Surprise,5,Surprise,0.9498830539926614,5,Surprise,0.9655425520124021,BOTH_CORRECT,False,True,True,False
private,3135,6,Neutral,5,Surprise,0.9360670713774233,5,Surprise,0.947393303287316,BOTH_WRONG,False,True,True,False
private,3136,0,Angry,0,Angry,0.7822542527897305,0,Angry,0.9496705840595991,BOTH_CORRECT,False,True,True,False
private,3137,3,Happy,3,Happy,0.9531231511014756,3,Happy,0.9535441552513462,BOTH_CORRECT,False,True,True,False
private,3138,6,Neutral,6,Neutral,0.8644287839303096,6,Neutral,0.8449809111460657,BOTH_CORRECT,False,True,True,False
private,3139,4,Sad,4,Sad,0.9637609998284797,4,Sad,0.9611915966819632,BOTH_CORRECT,False,True,True,False
private,3140,4,Sad,4,Sad,0.6969607644780477,4,Sad,0.9495669675137289,BOTH_CORRECT,False,True,True,False
private,3141,0,Angry,2,Fear,0.6696398426413225,0,Angry,0.9421784095992595,V22_CORRECT_V21_WRONG,True,True,True,False
private,3142,3,Happy,3,Happy,0.9505690405176508,3,Happy,0.9556516367764903,BOTH_CORRECT,False,True,True,False
private,3143,6,Neutral,6,Neutral,0.9095307918546208,4,Sad,0.8655240764201383,V21_CORRECT_V22_WRONG,True,True,True,False
private,3144,6,Neutral,6,Neutral,0.9261001483379374,6,Neutral,0.9529509385001382,BOTH_CORRECT,False,False,False,True
private,3145,3,Happy,3,Happy,0.9521975962941807,3,Happy,0.9511587644712162,BOTH_CORRECT,False,True,True,False
private,3146,2,Fear,2,Fear,0.3902001903156662,2,Fear,0.8058833694377376,BOTH_CORRECT,False,True,True,False
private,3147,5,Surprise,5,Surprise,0.9567360967751424,5,Surprise,0.9545161658122421,BOTH_CORRECT,False,True,True,False
private,3148,4,Sad,4,Sad,0.9318918128867165,4,Sad,0.9475257185343203,BOTH_CORRECT,False,True,True,False
private,3149,0,Angry,0,Angry,0.37765426983297257,4,Sad,0.9262699595121586,V21_CORRECT_V22_WRONG,True,True,True,False
private,3150,4,Sad,6,Neutral,0.6429884124084491,4,Sad,0.5491917270996287,V22_CORRECT_V21_WRONG,True,True,True,False
private,3151,4,Sad,4,Sad,0.9442808986688697,4,Sad,0.9563908667044103,BOTH_CORRECT,False,True,True,False
private,3152,6,Neutral,6,Neutral,0.9493443860939271,6,Neutral,0.9114948665663337,BOTH_CORRECT,False,True,True,False
private,3153,6,Neutral,2,Fear,0.7712465598397269,4,Sad,0.8864184980918917,BOTH_WRONG,False,True,True,False
private,3154,3,Happy,3,Happy,0.9486543019359919,3,Happy,0.9484083644593646,BOTH_CORRECT,False,True,True,False
private,3155,2,Fear,2,Fear,0.9629017254604448,2,Fear,0.9595455424999136,BOTH_CORRECT,False,True,True,False
private,3156,3,Happy,3,Happy,0.5960551710734465,3,Happy,0.6284882683125437,BOTH_CORRECT,False,True,True,False
private,3157,4,Sad,4,Sad,0.7963583607057279,4,Sad,0.9453490573699899,BOTH_CORRECT,False,True,True,False
private,3158,6,Neutral,6,Neutral,0.7086388459447027,6,Neutral,0.8862971659849839,BOTH_CORRECT,False,True,True,False
private,3159,4,Sad,4,Sad,0.9419971126741947,4,Sad,0.9487115883250706,BOTH_CORRECT,False,True,True,False
private,3160,5,Surprise,2,Fear,0.9584989703462795,5,Surprise,0.6872421913417205,V22_CORRECT_V21_WRONG,True,True,True,False
private,3161,3,Happy,4,Sad,0.8993797511071849,3,Happy,0.9577332861901764,V22_CORRECT_V21_WRONG,True,True,True,False
private,3162,4,Sad,6,Neutral,0.9515873175112279,6,Neutral,0.9396153669310324,BOTH_WRONG,False,True,True,False
private,3163,5,Surprise,5,Surprise,0.6854685950780417,5,Surprise,0.9436259238713117,BOTH_CORRECT,False,True,True,False
private,3164,2,Fear,2,Fear,0.8475297748988853,2,Fear,0.8790672561045357,BOTH_CORRECT,False,True,True,False
private,3165,2,Fear,6,Neutral,0.5836327520940868,6,Neutral,0.9584097949109048,BOTH_WRONG,False,True,True,False
private,3166,6,Neutral,4,Sad,0.4662217201893617,4,Sad,0.8459639635603995,BOTH_WRONG,False,True,True,False
private,3167,5,Surprise,5,Surprise,0.9593559025573292,5,Surprise,0.960547686203207,BOTH_CORRECT,False,True,True,False
private,3168,4,Sad,2,Fear,0.8306437436388202,0,Angry,0.9470820456101519,BOTH_WRONG,False,True,True,False
private,3169,2,Fear,1,Disgust,0.9554654626822873,3,Happy,0.9294434843760973,BOTH_WRONG,False,True,True,False
private,3170,5,Surprise,2,Fear,0.710034761204182,5,Surprise,0.9226783364664037,V22_CORRECT_V21_WRONG,True,True,True,False
private,3171,6,Neutral,0,Angry,0.7702575946448897,2,Fear,0.8044155718654729,BOTH_WRONG,False,True,True,False
private,3172,4,Sad,4,Sad,0.9222462619511013,4,Sad,0.9581848421952759,BOTH_CORRECT,False,True,True,False
private,3173,2,Fear,2,Fear,0.8744089345164827,2,Fear,0.9206687319310076,BOTH_CORRECT,False,True,True,False
private,3174,4,Sad,4,Sad,0.9449821145685267,4,Sad,0.9371373391309956,BOTH_CORRECT,False,True,True,False
private,3175,6,Neutral,3,Happy,0.8444523892481886,3,Happy,0.951937327178264,BOTH_WRONG,False,True,True,False
private,3176,3,Happy,6,Neutral,0.8459417452250357,6,Neutral,0.7548590421723642,BOTH_WRONG,False,True,True,False
private,3177,2,Fear,2,Fear,0.9204265977282263,2,Fear,0.9587487016403314,BOTH_CORRECT,False,False,False,True
private,3178,6,Neutral,0,Angry,0.5131241155689827,6,Neutral,0.48921704144174444,V22_CORRECT_V21_WRONG,True,True,True,False
private,3179,6,Neutral,6,Neutral,0.9319401916909799,6,Neutral,0.6477671730871482,BOTH_CORRECT,False,True,True,False
private,3180,6,Neutral,6,Neutral,0.9471156645388905,6,Neutral,0.9153266862400414,BOTH_CORRECT,False,True,True,False
private,3181,2,Fear,2,Fear,0.7747533636160999,4,Sad,0.30831069092237995,V21_CORRECT_V22_WRONG,True,True,True,False
private,3182,2,Fear,2,Fear,0.9367207261874156,2,Fear,0.9672978474976565,BOTH_CORRECT,False,True,True,False
private,3183,3,Happy,3,Happy,0.9551862129060825,3,Happy,0.9549431379635973,BOTH_CORRECT,False,True,True,False
private,3184,2,Fear,2,Fear,0.8074910290570089,2,Fear,0.8588643472309525,BOTH_CORRECT,False,True,True,False
private,3185,0,Angry,0,Angry,0.8688874431013206,0,Angry,0.7887348363163627,BOTH_CORRECT,False,True,True,False
private,3186,6,Neutral,6,Neutral,0.8899151912381862,6,Neutral,0.8607134028155559,BOTH_CORRECT,False,True,True,False
private,3187,0,Angry,4,Sad,0.47620585541825255,4,Sad,0.7461354350520186,BOTH_WRONG,False,True,True,False
private,3188,4,Sad,4,Sad,0.8702425992023975,3,Happy,0.6503389432039086,V21_CORRECT_V22_WRONG,True,True,True,False
private,3189,6,Neutral,6,Neutral,0.8900941251326772,6,Neutral,0.9186962666797853,BOTH_CORRECT,False,True,True,False
private,3190,0,Angry,4,Sad,0.8728819106836293,4,Sad,0.919622912492962,BOTH_WRONG,False,True,True,False
private,3191,0,Angry,0,Angry,0.9526407757557952,0,Angry,0.9621709773901597,BOTH_CORRECT,False,False,False,True
private,3192,4,Sad,4,Sad,0.7947782218768009,4,Sad,0.9606319672876228,BOTH_CORRECT,False,True,True,False
private,3193,2,Fear,2,Fear,0.5870337541245865,4,Sad,0.8985584327149627,V21_CORRECT_V22_WRONG,True,True,True,False
private,3194,3,Happy,6,Neutral,0.5448250368618633,6,Neutral,0.8718014710081066,BOTH_WRONG,False,True,True,False
private,3195,6,Neutral,2,Fear,0.6869820643358421,6,Neutral,0.7782370389828971,V22_CORRECT_V21_WRONG,True,True,True,False
private,3196,3,Happy,3,Happy,0.9359785673310217,3,Happy,0.9638194230939502,BOTH_CORRECT,False,True,True,False
private,3197,4,Sad,4,Sad,0.5676596958043594,2,Fear,0.9341800697565417,V21_CORRECT_V22_WRONG,True,True,True,False
private,3198,4,Sad,6,Neutral,0.5350576999508129,4,Sad,0.8966185112555164,V22_CORRECT_V21_WRONG,True,True,True,False
private,3199,3,Happy,3,Happy,0.9559459392792722,3,Happy,0.9517086941537675,BOTH_CORRECT,False,True,True,False
private,3200,5,Surprise,5,Surprise,0.9449115850769823,5,Surprise,0.9606546854915894,BOTH_CORRECT,False,False,False,True
private,3201,3,Happy,3,Happy,0.9501058234213422,3,Happy,0.9473666858708815,BOTH_CORRECT,False,True,True,False
private,3202,4,Sad,3,Happy,0.9471602433629636,6,Neutral,0.6921589023930784,BOTH_WRONG,False,True,True,False
private,3203,3,Happy,3,Happy,0.9584026843924904,3,Happy,0.9602921235031104,BOTH_CORRECT,False,True,True,False
private,3204,0,Angry,0,Angry,0.9600931746095148,0,Angry,0.9610743736700348,BOTH_CORRECT,False,True,True,False
private,3205,6,Neutral,6,Neutral,0.77488932209845,6,Neutral,0.7270935894864294,BOTH_CORRECT,False,True,True,False
private,3206,4,Sad,4,Sad,0.6383186081515034,4,Sad,0.7326928189595808,BOTH_CORRECT,False,True,True,False
private,3207,5,Surprise,5,Surprise,0.9562741708554282,5,Surprise,0.9581404213826716,BOTH_CORRECT,False,False,False,True
private,3208,3,Happy,0,Angry,0.8337058459315084,6,Neutral,0.957045891970762,BOTH_WRONG,False,True,True,False
private,3209,6,Neutral,6,Neutral,0.9420478933987941,6,Neutral,0.9239114331780279,BOTH_CORRECT,False,True,True,False
private,3210,3,Happy,3,Happy,0.9497854038713861,3,Happy,0.951549501790105,BOTH_CORRECT,False,True,True,False
private,3211,2,Fear,4,Sad,0.9543821535439421,4,Sad,0.8877617034844388,BOTH_WRONG,False,True,True,False
private,3212,4,Sad,4,Sad,0.8031622079943578,4,Sad,0.6065946814098221,BOTH_CORRECT,False,True,True,False
private,3213,5,Surprise,5,Surprise,0.9203942415889343,5,Surprise,0.9536818685974309,BOTH_CORRECT,False,False,False,True
private,3214,4,Sad,4,Sad,0.9389150308562695,4,Sad,0.9622497796689101,BOTH_CORRECT,False,True,True,False
private,3215,5,Surprise,5,Surprise,0.9496368638313828,0,Angry,0.5049782820889887,V21_CORRECT_V22_WRONG,True,True,True,False
private,3216,0,Angry,0,Angry,0.9333500953009938,0,Angry,0.9623445610952045,BOTH_CORRECT,False,True,True,False
private,3217,4,Sad,3,Happy,0.32467685050945316,4,Sad,0.6664449948054532,V22_CORRECT_V21_WRONG,True,True,True,False
private,3218,2,Fear,2,Fear,0.9158770304013009,2,Fear,0.9562721920331274,BOTH_CORRECT,False,True,True,False
private,3219,3,Happy,3,Happy,0.935089145093383,3,Happy,0.9487397795280281,BOTH_CORRECT,False,True,True,False
private,3220,6,Neutral,6,Neutral,0.6002305110757152,6,Neutral,0.5543203033967479,BOTH_CORRECT,False,True,True,False
private,3221,3,Happy,3,Happy,0.9384762961844948,6,Neutral,0.9500377690271725,V21_CORRECT_V22_WRONG,True,True,True,False
private,3222,3,Happy,6,Neutral,0.8406804163006849,3,Happy,0.6828034824132682,V22_CORRECT_V21_WRONG,True,True,True,False
private,3223,3,Happy,3,Happy,0.9561935822757719,3,Happy,0.9540272963575475,BOTH_CORRECT,False,True,True,False
private,3224,0,Angry,0,Angry,0.9561147359868108,0,Angry,0.9441076770710889,BOTH_CORRECT,False,True,True,False
private,3225,2,Fear,4,Sad,0.9375681862390067,4,Sad,0.5938837547605955,BOTH_WRONG,False,True,True,False
private,3226,5,Surprise,5,Surprise,0.9249306499425324,5,Surprise,0.8940916262740753,BOTH_CORRECT,False,True,True,False
private,3227,3,Happy,2,Fear,0.9614913519439762,2,Fear,0.9630222137798107,BOTH_WRONG,False,True,True,False
private,3228,0,Angry,0,Angry,0.9446783281103032,3,Happy,0.933732874878471,V21_CORRECT_V22_WRONG,True,True,True,False
private,3229,4,Sad,2,Fear,0.456500146060877,0,Angry,0.8133088362819126,BOTH_WRONG,False,True,True,False
private,3230,4,Sad,6,Neutral,0.6144704133546617,6,Neutral,0.9514716279237517,BOTH_WRONG,False,True,True,False
private,3231,3,Happy,3,Happy,0.9430351830451,3,Happy,0.9577435464214725,BOTH_CORRECT,False,True,True,False
private,3232,5,Surprise,3,Happy,0.8658897372173733,5,Surprise,0.8554509367920612,V22_CORRECT_V21_WRONG,True,True,True,False
private,3233,5,Surprise,5,Surprise,0.9515465876453373,5,Surprise,0.9478537391108225,BOTH_CORRECT,False,False,False,True
private,3234,6,Neutral,4,Sad,0.3885228846470372,6,Neutral,0.9368571343993733,V22_CORRECT_V21_WRONG,True,True,True,False
private,3235,4,Sad,4,Sad,0.46197752929988745,3,Happy,0.9216575161483902,V21_CORRECT_V22_WRONG,True,True,True,False
private,3236,0,Angry,0,Angry,0.9107990496603651,0,Angry,0.9577579532172735,BOTH_CORRECT,False,True,True,False
private,3237,6,Neutral,3,Happy,0.6241066774653462,6,Neutral,0.9291098693678772,V22_CORRECT_V21_WRONG,True,True,True,False
private,3238,3,Happy,3,Happy,0.9164563651685389,3,Happy,0.9210455640534514,BOTH_CORRECT,False,True,True,False
private,3239,6,Neutral,4,Sad,0.9287793266389699,2,Fear,0.7137389585276578,BOTH_WRONG,False,True,False,False
private,3240,4,Sad,4,Sad,0.6313691349639945,4,Sad,0.8800917314393263,BOTH_CORRECT,False,True,True,False
private,3241,4,Sad,0,Angry,0.5620403872766162,0,Angry,0.7265727752017155,BOTH_WRONG,False,False,False,True
private,3242,5,Surprise,5,Surprise,0.9235715675822258,5,Surprise,0.904059325221301,BOTH_CORRECT,False,False,False,True
private,3243,2,Fear,2,Fear,0.5343884660988262,4,Sad,0.6538989507261816,V21_CORRECT_V22_WRONG,True,True,True,False
private,3244,4,Sad,4,Sad,0.9532412192262749,4,Sad,0.6327904953169894,BOTH_CORRECT,False,True,True,False
private,3245,2,Fear,4,Sad,0.7870942343173155,6,Neutral,0.7584220726703741,BOTH_WRONG,False,True,True,False
private,3246,0,Angry,6,Neutral,0.8137406024212026,5,Surprise,0.8781032799486713,BOTH_WRONG,False,True,True,False
private,3247,3,Happy,3,Happy,0.9405986688421485,3,Happy,0.9501238670758384,BOTH_CORRECT,False,True,True,False
private,3248,6,Neutral,6,Neutral,0.8905164937954105,6,Neutral,0.9164441967174632,BOTH_CORRECT,False,True,True,False
private,3249,3,Happy,3,Happy,0.950696882368197,3,Happy,0.9520036576432731,BOTH_CORRECT,False,True,True,False
private,3250,0,Angry,4,Sad,0.5580130096890878,3,Happy,0.5240944285841335,BOTH_WRONG,False,True,True,False
private,3251,4,Sad,4,Sad,0.9327250088164738,4,Sad,0.9484276886522512,BOTH_CORRECT,False,True,True,False
private,3252,4,Sad,4,Sad,0.7653422134768659,4,Sad,0.68408406227509,BOTH_CORRECT,False,True,True,False
private,3253,4,Sad,4,Sad,0.7837785344795939,4,Sad,0.9579275720471094,BOTH_CORRECT,False,True,True,False
private,3254,3,Happy,3,Happy,0.9675749267453247,3,Happy,0.9315780541824075,BOTH_CORRECT,False,True,True,False
private,3255,0,Angry,6,Neutral,0.8674348911851653,6,Neutral,0.9260892243276397,BOTH_WRONG,False,True,True,False
private,3256,0,Angry,0,Angry,0.855791215905815,0,Angry,0.9081981444537992,BOTH_CORRECT,False,True,True,False
private,3257,3,Happy,3,Happy,0.9540022195565657,3,Happy,0.9539697677258742,BOTH_CORRECT,False,True,True,False
private,3258,6,Neutral,4,Sad,0.9400150366344417,4,Sad,0.5168302448658716,BOTH_WRONG,False,True,True,False
private,3259,2,Fear,6,Neutral,0.896604976355985,6,Neutral,0.6867472134514297,BOTH_WRONG,False,True,True,False
private,3260,2,Fear,2,Fear,0.8449777399635049,2,Fear,0.9223163373805701,BOTH_CORRECT,False,True,True,False
private,3261,3,Happy,3,Happy,0.8347861509629503,3,Happy,0.5989745187328452,BOTH_CORRECT,False,True,True,False
private,3262,0,Angry,0,Angry,0.8985411926737941,0,Angry,0.952997507138321,BOTH_CORRECT,False,False,False,True
private,3263,4,Sad,4,Sad,0.9301958960739727,4,Sad,0.9288895573278666,BOTH_CORRECT,False,True,True,False
private,3264,5,Surprise,3,Happy,0.4642532666631055,2,Fear,0.8010116787639281,BOTH_WRONG,False,True,True,False
private,3265,4,Sad,4,Sad,0.7316772809362684,4,Sad,0.8860425998885773,BOTH_CORRECT,False,True,True,False
private,3266,3,Happy,3,Happy,0.9059787748335966,3,Happy,0.9096122539702634,BOTH_CORRECT,False,False,False,True
private,3267,0,Angry,0,Angry,0.44943900812898335,4,Sad,0.4571075692641379,V21_CORRECT_V22_WRONG,True,True,True,False
private,3268,3,Happy,3,Happy,0.9581406509148479,3,Happy,0.9572927999398247,BOTH_CORRECT,False,True,True,False
private,3269,4,Sad,2,Fear,0.7971514660964081,2,Fear,0.8661724566565054,BOTH_WRONG,False,True,True,False
private,3270,5,Surprise,5,Surprise,0.937006105509846,5,Surprise,0.9604889871048645,BOTH_CORRECT,False,True,True,False
private,3271,0,Angry,0,Angry,0.9476074302025163,0,Angry,0.9103778831280296,BOTH_CORRECT,False,True,True,False
private,3272,5,Surprise,5,Surprise,0.9583001864844111,5,Surprise,0.9555370319753821,BOTH_CORRECT,False,True,True,False
private,3273,4,Sad,2,Fear,0.8589416220094814,2,Fear,0.45609222330831717,BOTH_WRONG,False,True,True,False
private,3274,0,Angry,3,Happy,0.7676208292003002,0,Angry,0.9515120372227943,V22_CORRECT_V21_WRONG,True,True,True,False
private,3275,4,Sad,4,Sad,0.9461651985535791,4,Sad,0.9379097350592694,BOTH_CORRECT,False,False,False,True
private,3276,4,Sad,2,Fear,0.40224576164653414,1,Disgust,0.5191146248637196,BOTH_WRONG,False,True,True,False
private,3277,2,Fear,4,Sad,0.5277419002212594,2,Fear,0.45317079572046354,V22_CORRECT_V21_WRONG,True,True,True,False
private,3278,6,Neutral,6,Neutral,0.8738709142518776,6,Neutral,0.6666487991063417,BOTH_CORRECT,False,True,True,False
private,3279,6,Neutral,4,Sad,0.4851095267814556,2,Fear,0.8199958953400803,BOTH_WRONG,False,True,True,False
private,3280,3,Happy,3,Happy,0.948865727660482,3,Happy,0.9466191084892065,BOTH_CORRECT,False,True,True,False
private,3281,3,Happy,3,Happy,0.9454608432162412,3,Happy,0.9524967813037267,BOTH_CORRECT,False,True,True,False
private,3282,1,Disgust,1,Disgust,0.9049227529297599,1,Disgust,0.9678917150658412,BOTH_CORRECT,False,True,True,False
private,3283,2,Fear,6,Neutral,0.7672759740161538,6,Neutral,0.94381519513745,BOTH_WRONG,False,True,True,False
private,3284,3,Happy,3,Happy,0.9512315535769622,3,Happy,0.9471179444667902,BOTH_CORRECT,False,True,True,False
private,3285,0,Angry,0,Angry,0.9274518656491882,0,Angry,0.9591831466033146,BOTH_CORRECT,False,True,True,False
private,3286,6,Neutral,6,Neutral,0.9591977017538726,6,Neutral,0.9600800971239422,BOTH_CORRECT,False,True,True,False
private,3287,2,Fear,4,Sad,0.8679033560124636,4,Sad,0.8302983376952635,BOTH_WRONG,False,True,True,False
private,3288,5,Surprise,5,Surprise,0.9587843953341276,5,Surprise,0.9530689233218083,BOTH_CORRECT,False,False,False,True
private,3289,3,Happy,3,Happy,0.9550139483421523,3,Happy,0.9458706641122477,BOTH_CORRECT,False,True,True,False
private,3290,6,Neutral,6,Neutral,0.9525873787740875,6,Neutral,0.8988855893995091,BOTH_CORRECT,False,True,True,False
private,3291,3,Happy,3,Happy,0.9532588325033678,3,Happy,0.9517076180772982,BOTH_CORRECT,False,True,True,False
private,3292,3,Happy,3,Happy,0.95584389592515,3,Happy,0.9330263853974645,BOTH_CORRECT,False,True,True,False
private,3293,2,Fear,4,Sad,0.8288140288318685,4,Sad,0.7652080977270236,BOTH_WRONG,False,True,True,False
private,3294,2,Fear,2,Fear,0.5519803138419398,2,Fear,0.9228355727568249,BOTH_CORRECT,False,True,True,False
private,3295,6,Neutral,4,Sad,0.5908267380409028,0,Angry,0.6938864981550247,BOTH_WRONG,False,True,True,False
private,3296,4,Sad,4,Sad,0.9025591138295816,4,Sad,0.9501716570164119,BOTH_CORRECT,False,True,True,False
private,3297,6,Neutral,6,Neutral,0.6494181796320829,6,Neutral,0.7553016091279974,BOTH_CORRECT,False,True,True,False
private,3298,3,Happy,3,Happy,0.8676214172057056,5,Surprise,0.48198932792842863,V21_CORRECT_V22_WRONG,True,True,True,False
private,3299,4,Sad,2,Fear,0.6052861770619554,2,Fear,0.8225316671820789,BOTH_WRONG,False,True,True,False
private,3300,3,Happy,3,Happy,0.9505052242310786,3,Happy,0.9515290616420258,BOTH_CORRECT,False,True,True,False
private,3301,4,Sad,4,Sad,0.4298985913750571,4,Sad,0.9636530219199216,BOTH_CORRECT,False,True,True,False
private,3302,4,Sad,4,Sad,0.597269348731847,2,Fear,0.6030305109135189,V21_CORRECT_V22_WRONG,True,True,True,False
private,3303,5,Surprise,5,Surprise,0.9600482974998598,5,Surprise,0.9609015045577245,BOTH_CORRECT,False,True,True,False
private,3304,3,Happy,3,Happy,0.9459072325843049,3,Happy,0.9222003412691583,BOTH_CORRECT,False,True,True,False
private,3305,3,Happy,3,Happy,0.9513715801147111,3,Happy,0.9503197068266289,BOTH_CORRECT,False,False,False,True
private,3306,3,Happy,2,Fear,0.6263078879483857,3,Happy,0.7251657941633404,V22_CORRECT_V21_WRONG,True,True,True,False
private,3307,4,Sad,4,Sad,0.8732611381009276,4,Sad,0.9464895431912453,BOTH_CORRECT,False,True,True,False
private,3308,6,Neutral,6,Neutral,0.48021500299792264,6,Neutral,0.7414064674947564,BOTH_CORRECT,False,True,True,False
private,3309,0,Angry,0,Angry,0.964980206019071,0,Angry,0.9635004778804098,BOTH_CORRECT,False,False,False,True
private,3310,5,Surprise,5,Surprise,0.8667675964743791,5,Surprise,0.9213309137157725,BOTH_CORRECT,False,True,True,False
private,3311,2,Fear,2,Fear,0.9043457808091107,2,Fear,0.7163025464953915,BOTH_CORRECT,False,True,True,False
private,3312,4,Sad,2,Fear,0.48347699180941234,0,Angry,0.9308593496441765,BOTH_WRONG,False,True,True,False
private,3313,0,Angry,0,Angry,0.8468767083314876,3,Happy,0.8503774462133427,V21_CORRECT_V22_WRONG,True,True,True,False
private,3314,4,Sad,2,Fear,0.9430997692894701,0,Angry,0.7518622379610859,BOTH_WRONG,False,True,True,False
private,3315,3,Happy,3,Happy,0.9529069210756762,3,Happy,0.9574342290514134,BOTH_CORRECT,False,True,True,False
private,3316,6,Neutral,3,Happy,0.8485480598599157,0,Angry,0.8348995043531603,BOTH_WRONG,False,True,True,False
private,3317,4,Sad,4,Sad,0.7110769519030872,4,Sad,0.9676764151729111,BOTH_CORRECT,False,True,True,False
private,3318,5,Surprise,5,Surprise,0.9531900390729386,5,Surprise,0.9459519807046125,BOTH_CORRECT,False,True,True,False
private,3319,5,Surprise,5,Surprise,0.8733104277107869,5,Surprise,0.9059792045319557,BOTH_CORRECT,False,True,True,False
private,3320,0,Angry,0,Angry,0.9617116209492551,0,Angry,0.9555773751791209,BOTH_CORRECT,False,True,True,False
private,3321,0,Angry,0,Angry,0.959899858735814,0,Angry,0.9620247132343123,BOTH_CORRECT,False,False,False,True
private,3322,4,Sad,6,Neutral,0.9325727734995711,6,Neutral,0.9515922742382014,BOTH_WRONG,False,True,True,False
private,3323,2,Fear,2,Fear,0.7914625688192964,2,Fear,0.5986849364367692,BOTH_CORRECT,False,True,True,False
private,3324,5,Surprise,2,Fear,0.6955990257617111,2,Fear,0.7951179640437395,BOTH_WRONG,False,True,True,False
private,3325,6,Neutral,6,Neutral,0.7654677046946652,6,Neutral,0.7113362105519644,BOTH_CORRECT,False,True,True,False
private,3326,0,Angry,0,Angry,0.9382303133717653,0,Angry,0.9421230252843987,BOTH_CORRECT,False,False,False,True
private,3327,3,Happy,3,Happy,0.9510564855673824,3,Happy,0.9488462630029857,BOTH_CORRECT,False,True,True,False
private,3328,6,Neutral,6,Neutral,0.836601033106566,4,Sad,0.8176164806286476,V21_CORRECT_V22_WRONG,True,True,True,False
private,3329,3,Happy,3,Happy,0.9487469676367494,3,Happy,0.9570066188577324,BOTH_CORRECT,False,True,True,False
private,3330,6,Neutral,4,Sad,0.568828711104538,4,Sad,0.3392487233834256,BOTH_WRONG,False,True,True,False
private,3331,2,Fear,2,Fear,0.8590467664042578,0,Angry,0.9424575781827057,V21_CORRECT_V22_WRONG,True,True,True,False
private,3332,4,Sad,4,Sad,0.7414585814463863,4,Sad,0.8522637623370138,BOTH_CORRECT,False,True,True,False
private,3333,6,Neutral,6,Neutral,0.952716846973579,6,Neutral,0.9633221633688727,BOTH_CORRECT,False,True,True,False
private,3334,4,Sad,3,Happy,0.919920563929916,6,Neutral,0.9519811005433152,BOTH_WRONG,False,True,True,False
private,3335,2,Fear,2,Fear,0.5075671353972934,2,Fear,0.9603212757877501,BOTH_CORRECT,False,True,True,False
private,3336,6,Neutral,6,Neutral,0.750350472869603,4,Sad,0.6772281977805225,V21_CORRECT_V22_WRONG,True,True,True,False
private,3337,3,Happy,3,Happy,0.9452599712200054,3,Happy,0.9485973496854518,BOTH_CORRECT,False,True,True,False
private,3338,5,Surprise,5,Surprise,0.9545110518145633,5,Surprise,0.9660069874460336,BOTH_CORRECT,False,True,True,False
private,3339,6,Neutral,6,Neutral,0.9420842979859044,6,Neutral,0.7486736295907495,BOTH_CORRECT,False,True,True,False
private,3340,3,Happy,3,Happy,0.9472696094644735,3,Happy,0.9524278224756875,BOTH_CORRECT,False,True,True,False
private,3341,4,Sad,6,Neutral,0.9482534853863123,6,Neutral,0.9565376534945768,BOTH_WRONG,False,True,True,False
private,3342,6,Neutral,6,Neutral,0.9419100289337716,6,Neutral,0.956083799893743,BOTH_CORRECT,False,True,True,False
private,3343,2,Fear,4,Sad,0.8809696332976235,4,Sad,0.9555393565604684,BOTH_WRONG,False,True,True,False
private,3344,6,Neutral,6,Neutral,0.8817458309207389,6,Neutral,0.7594950106401676,BOTH_CORRECT,False,True,True,False
private,3345,2,Fear,2,Fear,0.9305262342707378,2,Fear,0.9649530872160362,BOTH_CORRECT,False,False,False,True
private,3346,5,Surprise,3,Happy,0.8988038168363468,3,Happy,0.9373145225346877,BOTH_WRONG,False,True,True,False
private,3347,0,Angry,1,Disgust,0.7208658221527036,1,Disgust,0.9465630859371459,BOTH_WRONG,False,True,True,False
private,3348,6,Neutral,6,Neutral,0.6572550921599188,3,Happy,0.5586200137055327,V21_CORRECT_V22_WRONG,True,True,True,False
private,3349,3,Happy,3,Happy,0.7778054184785103,6,Neutral,0.6044823707319963,V21_CORRECT_V22_WRONG,True,True,True,False
private,3350,0,Angry,0,Angry,0.9655959501741227,0,Angry,0.9640597083268524,BOTH_CORRECT,False,True,True,False
private,3351,2,Fear,0,Angry,0.9585178268486217,0,Angry,0.9579770541072151,BOTH_WRONG,False,True,True,False
private,3352,0,Angry,6,Neutral,0.5255154531667299,6,Neutral,0.37979385379853986,BOTH_WRONG,False,True,True,False
private,3353,0,Angry,0,Angry,0.9628803822607757,0,Angry,0.9606097034756831,BOTH_CORRECT,False,True,True,False
private,3354,6,Neutral,2,Fear,0.47302351967406314,4,Sad,0.5524806030903305,BOTH_WRONG,False,True,True,False
private,3355,3,Happy,3,Happy,0.9602238628822897,3,Happy,0.9485932964340325,BOTH_CORRECT,False,True,True,False
private,3356,2,Fear,4,Sad,0.6185473507121837,2,Fear,0.8400188874660376,V22_CORRECT_V21_WRONG,True,True,True,False
private,3357,4,Sad,2,Fear,0.5307111332271669,4,Sad,0.9557939388505333,V22_CORRECT_V21_WRONG,True,True,True,False
private,3358,0,Angry,4,Sad,0.528070879187359,4,Sad,0.8224966595596732,BOTH_WRONG,False,True,True,False
private,3359,6,Neutral,4,Sad,0.8920580454109643,4,Sad,0.9184086656052874,BOTH_WRONG,False,True,True,False
private,3360,3,Happy,2,Fear,0.5969719430334904,2,Fear,0.6987041064736577,BOTH_WRONG,False,True,True,False
private,3361,3,Happy,4,Sad,0.4290702479663503,4,Sad,0.8992590351231017,BOTH_WRONG,False,True,True,False
private,3362,2,Fear,2,Fear,0.9531546683619093,2,Fear,0.9120523508134397,BOTH_CORRECT,False,True,True,False
private,3363,4,Sad,0,Angry,0.8018082487257017,2,Fear,0.9147409101934917,BOTH_WRONG,False,True,True,False
private,3364,5,Surprise,5,Surprise,0.9546678570374977,5,Surprise,0.9530205105752657,BOTH_CORRECT,False,False,False,True
private,3365,0,Angry,4,Sad,0.9556672048143456,4,Sad,0.9502626307831793,BOTH_WRONG,False,True,True,False
private,3366,3,Happy,3,Happy,0.8377341642091727,3,Happy,0.7203545889455494,BOTH_CORRECT,False,True,True,False
private,3367,0,Angry,0,Angry,0.967812297638718,0,Angry,0.9417049262754229,BOTH_CORRECT,False,True,True,False
private,3368,5,Surprise,5,Surprise,0.916114016755366,5,Surprise,0.9292200221794702,BOTH_CORRECT,False,False,False,True
private,3369,2,Fear,2,Fear,0.5947417155425694,2,Fear,0.953782757688864,BOTH_CORRECT,False,True,True,False
private,3370,6,Neutral,6,Neutral,0.7741869360469318,6,Neutral,0.9257714392650116,BOTH_CORRECT,False,True,True,False
private,3371,0,Angry,6,Neutral,0.9004531987556992,4,Sad,0.677735200304906,BOTH_WRONG,False,True,True,False
private,3372,6,Neutral,6,Neutral,0.7007716780855653,4,Sad,0.801683824947933,V21_CORRECT_V22_WRONG,True,True,True,False
private,3373,4,Sad,4,Sad,0.9622409980010321,4,Sad,0.9554114366867568,BOTH_CORRECT,False,True,True,False
private,3374,2,Fear,0,Angry,0.45225387059361544,0,Angry,0.9321799042322415,BOTH_WRONG,False,True,True,False
private,3375,6,Neutral,4,Sad,0.4535680889330129,6,Neutral,0.8985179645072695,V22_CORRECT_V21_WRONG,True,True,True,False
private,3376,6,Neutral,4,Sad,0.6387457561367439,6,Neutral,0.5872408805553823,V22_CORRECT_V21_WRONG,True,True,True,False
private,3377,3,Happy,3,Happy,0.6883850957594201,3,Happy,0.8313783667051681,BOTH_CORRECT,False,True,True,False
private,3378,4,Sad,4,Sad,0.5119796418722314,3,Happy,0.9483423599630108,V21_CORRECT_V22_WRONG,True,True,True,False
private,3379,3,Happy,3,Happy,0.9467472773713893,3,Happy,0.9441807398284565,BOTH_CORRECT,False,True,True,False
private,3380,5,Surprise,4,Sad,0.8389362715834077,2,Fear,0.55299807090524,BOTH_WRONG,False,True,False,False
private,3381,6,Neutral,6,Neutral,0.82973605590655,6,Neutral,0.7670113437207295,BOTH_CORRECT,False,False,False,True
private,3382,4,Sad,6,Neutral,0.8685471927026596,6,Neutral,0.3698568430075765,BOTH_WRONG,False,True,True,False
private,3383,0,Angry,0,Angry,0.935698761909847,0,Angry,0.8979003938505532,BOTH_CORRECT,False,True,True,False
private,3384,0,Angry,0,Angry,0.9160546859519693,0,Angry,0.5085859344223227,BOTH_CORRECT,False,True,True,False
private,3385,2,Fear,2,Fear,0.9657841628423403,2,Fear,0.9589389565714186,BOTH_CORRECT,False,False,False,True
private,3386,5,Surprise,5,Surprise,0.957006769603127,5,Surprise,0.9631249364243234,BOTH_CORRECT,False,True,True,False
private,3387,3,Happy,3,Happy,0.9494323286332575,3,Happy,0.9528628790940127,BOTH_CORRECT,False,True,True,False
private,3388,2,Fear,2,Fear,0.9283071484004376,2,Fear,0.9574018987405181,BOTH_CORRECT,False,True,True,False
private,3389,5,Surprise,5,Surprise,0.8839188514602123,3,Happy,0.7547032688444109,V21_CORRECT_V22_WRONG,True,True,True,False
private,3390,5,Surprise,5,Surprise,0.9460927845377146,5,Surprise,0.9621860447416796,BOTH_CORRECT,False,False,False,True
private,3391,6,Neutral,6,Neutral,0.8608594552641654,2,Fear,0.7608581538243547,V21_CORRECT_V22_WRONG,True,True,True,False
private,3392,2,Fear,2,Fear,0.846677164153636,2,Fear,0.9480723888069662,BOTH_CORRECT,False,True,True,False
private,3393,4,Sad,4,Sad,0.4240838950099512,6,Neutral,0.37552227236357094,V21_CORRECT_V22_WRONG,True,True,True,False
private,3394,6,Neutral,6,Neutral,0.9590206619326779,6,Neutral,0.9626922972600743,BOTH_CORRECT,False,False,False,True
private,3395,2,Fear,6,Neutral,0.7627971488137666,0,Angry,0.52986963618882,BOTH_WRONG,False,True,True,False
private,3396,2,Fear,4,Sad,0.6299296214639232,4,Sad,0.6900309835415352,BOTH_WRONG,False,True,True,False
private,3397,5,Surprise,5,Surprise,0.9575025916379476,5,Surprise,0.9585027395805918,BOTH_CORRECT,False,True,True,False
private,3398,4,Sad,4,Sad,0.7178089753450183,4,Sad,0.4785856224030262,BOTH_CORRECT,False,False,False,True
private,3399,2,Fear,2,Fear,0.8167879184834774,2,Fear,0.7671524809424042,BOTH_CORRECT,False,True,True,False
private,3400,3,Happy,3,Happy,0.7407869972292378,3,Happy,0.9545974010929525,BOTH_CORRECT,False,True,True,False
private,3401,4,Sad,4,Sad,0.733515576573655,3,Happy,0.7522441095535941,V21_CORRECT_V22_WRONG,True,True,True,False
private,3402,0,Angry,0,Angry,0.9619618476886559,0,Angry,0.9612833404332117,BOTH_CORRECT,False,True,True,False
private,3403,3,Happy,3,Happy,0.9533785922068219,3,Happy,0.9536954375020642,BOTH_CORRECT,False,True,True,False
private,3404,2,Fear,3,Happy,0.9524004702784664,3,Happy,0.9405108246685362,BOTH_WRONG,False,True,True,False
private,3405,0,Angry,4,Sad,0.9531092732023401,4,Sad,0.9136082266174896,BOTH_WRONG,False,True,True,False
private,3406,6,Neutral,0,Angry,0.8469360960531472,4,Sad,0.8965183226958884,BOTH_WRONG,False,True,True,False
private,3407,6,Neutral,4,Sad,0.6489465304933412,6,Neutral,0.9526910295996944,V22_CORRECT_V21_WRONG,True,True,True,False
private,3408,4,Sad,0,Angry,0.6171639211357807,4,Sad,0.9173680908258768,V22_CORRECT_V21_WRONG,True,True,True,False
private,3409,3,Happy,3,Happy,0.9571986210654226,3,Happy,0.952845187059012,BOTH_CORRECT,False,True,True,False
private,3410,2,Fear,4,Sad,0.40464766052708556,0,Angry,0.8781423148235027,BOTH_WRONG,False,True,True,False
private,3411,2,Fear,2,Fear,0.6156652458603628,2,Fear,0.9182266080261459,BOTH_CORRECT,False,True,True,False
private,3412,2,Fear,4,Sad,0.5193287995213934,0,Angry,0.9199626649892416,BOTH_WRONG,False,True,True,False
private,3413,2,Fear,2,Fear,0.8907661628673293,2,Fear,0.9505118135174663,BOTH_CORRECT,False,True,True,False
private,3414,5,Surprise,5,Surprise,0.7464053100356297,5,Surprise,0.8026240438374949,BOTH_CORRECT,False,True,True,False
private,3415,3,Happy,3,Happy,0.9495857968619327,3,Happy,0.9399374840920601,BOTH_CORRECT,False,True,True,False
private,3416,4,Sad,4,Sad,0.8536640288967356,4,Sad,0.8734839042844196,BOTH_CORRECT,False,True,True,False
private,3417,3,Happy,3,Happy,0.9524653726809846,3,Happy,0.9449115450977156,BOTH_CORRECT,False,True,True,False
private,3418,0,Angry,6,Neutral,0.44557773447229765,0,Angry,0.6148572295788626,V22_CORRECT_V21_WRONG,True,True,True,False
private,3419,6,Neutral,6,Neutral,0.9096934426503123,6,Neutral,0.7544750983324048,BOTH_CORRECT,False,True,True,False
private,3420,4,Sad,2,Fear,0.8893617794213399,2,Fear,0.4806336997279958,BOTH_WRONG,False,True,True,False
private,3421,3,Happy,3,Happy,0.9284644954316471,3,Happy,0.8168448246043795,BOTH_CORRECT,False,True,True,False
private,3422,2,Fear,4,Sad,0.8324248628883731,0,Angry,0.9524886928145496,BOTH_WRONG,False,True,True,False
private,3423,3,Happy,3,Happy,0.9496945333558123,3,Happy,0.9355071651216612,BOTH_CORRECT,False,True,True,False
private,3424,0,Angry,4,Sad,0.47485899644756285,6,Neutral,0.8523364112565114,BOTH_WRONG,False,True,True,False
private,3425,0,Angry,0,Angry,0.951467459806727,0,Angry,0.9424432164439618,BOTH_CORRECT,False,True,True,False
private,3426,3,Happy,3,Happy,0.8884848076994564,3,Happy,0.929022433322148,BOTH_CORRECT,False,True,True,False
private,3427,4,Sad,0,Angry,0.4108414825425874,6,Neutral,0.9236597657498992,BOTH_WRONG,False,True,True,False
private,3428,2,Fear,2,Fear,0.9302638344874914,2,Fear,0.959920720921615,BOTH_CORRECT,False,False,False,True
private,3429,6,Neutral,0,Angry,0.8547946115009998,0,Angry,0.4310127689113453,BOTH_WRONG,False,True,True,False
private,3430,6,Neutral,3,Happy,0.643793843865587,6,Neutral,0.9347026911009907,V22_CORRECT_V21_WRONG,True,True,True,False
private,3431,6,Neutral,6,Neutral,0.9368914289480867,6,Neutral,0.9572416710008107,BOTH_CORRECT,False,True,True,False
private,3432,2,Fear,2,Fear,0.9564051749832112,2,Fear,0.9569125296274277,BOTH_CORRECT,False,True,True,False
private,3433,0,Angry,6,Neutral,0.9363114616374579,6,Neutral,0.5442895441555411,BOTH_WRONG,False,True,True,False
private,3434,6,Neutral,4,Sad,0.9216595636350781,4,Sad,0.951812743441638,BOTH_WRONG,False,True,True,False
private,3435,3,Happy,3,Happy,0.9578105329454046,3,Happy,0.9561377469054225,BOTH_CORRECT,False,True,True,False
private,3436,4,Sad,3,Happy,0.6994953246809269,0,Angry,0.9419133279270183,BOTH_WRONG,False,True,True,False
private,3437,2,Fear,4,Sad,0.8958875929159292,4,Sad,0.941973798069889,BOTH_WRONG,False,True,True,False
private,3438,6,Neutral,6,Neutral,0.8607153077050902,6,Neutral,0.9438641282938339,BOTH_CORRECT,False,True,True,False
private,3439,4,Sad,3,Happy,0.9571010726575877,3,Happy,0.9408023041665267,BOTH_WRONG,False,True,True,False
private,3440,5,Surprise,2,Fear,0.7054100620844888,5,Surprise,0.9451033320476244,V22_CORRECT_V21_WRONG,True,True,True,False
private,3441,3,Happy,3,Happy,0.9452095314017208,3,Happy,0.9504024168936482,BOTH_CORRECT,False,True,True,False
private,3442,2,Fear,2,Fear,0.4173273885185292,4,Sad,0.4413441342445076,V21_CORRECT_V22_WRONG,True,True,True,False
private,3443,6,Neutral,4,Sad,0.9290751055680471,6,Neutral,0.9264572671289084,V22_CORRECT_V21_WRONG,True,True,True,False
private,3444,4,Sad,4,Sad,0.765406252449365,0,Angry,0.6600603175005709,V21_CORRECT_V22_WRONG,True,True,True,False
private,3445,2,Fear,6,Neutral,0.788278218863006,6,Neutral,0.929511640578409,BOTH_WRONG,False,True,True,False
private,3446,2,Fear,2,Fear,0.9628320056335152,2,Fear,0.9333850657787192,BOTH_CORRECT,False,False,False,True
private,3447,4,Sad,4,Sad,0.8411858368953522,4,Sad,0.9507900033315595,BOTH_CORRECT,False,True,True,False
private,3448,4,Sad,6,Neutral,0.9102694550298422,6,Neutral,0.8912144097895621,BOTH_WRONG,False,True,True,False
private,3449,6,Neutral,6,Neutral,0.4505285515707928,6,Neutral,0.8612382860439073,BOTH_CORRECT,False,True,True,False
private,3450,6,Neutral,6,Neutral,0.960550792449827,6,Neutral,0.9605285684275284,BOTH_CORRECT,False,True,True,False
private,3451,3,Happy,3,Happy,0.9621030510310002,3,Happy,0.9565997788841639,BOTH_CORRECT,False,True,True,False
private,3452,5,Surprise,5,Surprise,0.7475143111198925,5,Surprise,0.5385467813560711,BOTH_CORRECT,False,False,False,True
private,3453,0,Angry,1,Disgust,0.8210759610669613,0,Angry,0.8699270821457743,V22_CORRECT_V21_WRONG,True,True,True,False
private,3454,0,Angry,2,Fear,0.959916493368253,2,Fear,0.9576158965666927,BOTH_WRONG,False,False,False,True
private,3455,0,Angry,0,Angry,0.47529126527683113,4,Sad,0.5645259268889068,V21_CORRECT_V22_WRONG,True,True,True,False
private,3456,6,Neutral,6,Neutral,0.899583743828722,6,Neutral,0.9540895360619828,BOTH_CORRECT,False,False,False,True
private,3457,6,Neutral,0,Angry,0.5328975574667498,6,Neutral,0.6053154197016598,V22_CORRECT_V21_WRONG,True,True,True,False
private,3458,4,Sad,4,Sad,0.9583515523759232,4,Sad,0.9273057405924015,BOTH_CORRECT,False,True,True,False
private,3459,5,Surprise,5,Surprise,0.9015421465451893,5,Surprise,0.9376261626283243,BOTH_CORRECT,False,False,False,True
private,3460,3,Happy,3,Happy,0.8667260337921181,3,Happy,0.8942994110336951,BOTH_CORRECT,False,True,True,False
private,3461,3,Happy,3,Happy,0.9562737186223143,3,Happy,0.9519359393089177,BOTH_CORRECT,False,True,True,False
private,3462,2,Fear,5,Surprise,0.5092064664200628,2,Fear,0.964437229275966,V22_CORRECT_V21_WRONG,True,True,True,False
private,3463,6,Neutral,4,Sad,0.9457091630264041,4,Sad,0.9415324254636728,BOTH_WRONG,False,True,True,False
private,3464,3,Happy,3,Happy,0.9526764464761085,3,Happy,0.9455906807414269,BOTH_CORRECT,False,True,True,False
private,3465,2,Fear,0,Angry,0.9382269314790951,0,Angry,0.9465945699761564,BOTH_WRONG,False,True,True,False
private,3466,6,Neutral,2,Fear,0.7990468022807866,6,Neutral,0.8192475973271088,V22_CORRECT_V21_WRONG,True,True,True,False
private,3467,6,Neutral,4,Sad,0.5035357740819312,6,Neutral,0.9619526482581737,V22_CORRECT_V21_WRONG,True,True,True,False
private,3468,3,Happy,2,Fear,0.9256813729347682,2,Fear,0.9599919436403349,BOTH_WRONG,False,True,True,False
private,3469,3,Happy,3,Happy,0.9557105405089198,3,Happy,0.9514071935720919,BOTH_CORRECT,False,True,True,False
private,3470,4,Sad,2,Fear,0.8519824745614775,6,Neutral,0.9038519066381433,BOTH_WRONG,False,True,True,False
private,3471,3,Happy,3,Happy,0.9511976442739589,3,Happy,0.9441022635322117,BOTH_CORRECT,False,True,True,False
private,3472,3,Happy,3,Happy,0.9595407103856497,3,Happy,0.9557496097933452,BOTH_CORRECT,False,True,True,False
private,3473,3,Happy,3,Happy,0.9579718828916313,3,Happy,0.957792049582496,BOTH_CORRECT,False,True,True,False
private,3474,5,Surprise,5,Surprise,0.950730604670718,5,Surprise,0.959934960274658,BOTH_CORRECT,False,True,True,False
private,3475,2,Fear,0,Angry,0.9545624565515753,0,Angry,0.9626958118514303,BOTH_WRONG,False,True,False,False
private,3476,0,Angry,0,Angry,0.9550455705048924,0,Angry,0.9572637216242151,BOTH_CORRECT,False,True,True,False
private,3477,6,Neutral,4,Sad,0.4611532708012912,4,Sad,0.6675437351649809,BOTH_WRONG,False,True,True,False
private,3478,0,Angry,0,Angry,0.8137902097880503,0,Angry,0.9571941495446551,BOTH_CORRECT,False,True,True,False
private,3479,0,Angry,6,Neutral,0.8381981902941975,6,Neutral,0.8511168177958431,BOTH_WRONG,False,True,True,False
private,3480,0,Angry,0,Angry,0.9532802621479552,0,Angry,0.9533598713195974,BOTH_CORRECT,False,True,True,False
private,3481,6,Neutral,6,Neutral,0.7891943573155991,6,Neutral,0.9612487766098223,BOTH_CORRECT,False,True,True,False
private,3482,0,Angry,2,Fear,0.9541628248514217,2,Fear,0.9324225779558696,BOTH_WRONG,False,True,True,False
private,3483,6,Neutral,6,Neutral,0.9138821732546345,6,Neutral,0.9085578654277209,BOTH_CORRECT,False,True,True,False
private,3484,4,Sad,4,Sad,0.42602335805565816,4,Sad,0.9571535234105203,BOTH_CORRECT,False,True,True,False
private,3485,2,Fear,4,Sad,0.6231160680867698,0,Angry,0.9433915570463621,BOTH_WRONG,False,True,True,False
private,3486,4,Sad,3,Happy,0.523608421366554,4,Sad,0.9298120370759382,V22_CORRECT_V21_WRONG,True,True,True,False
private,3487,5,Surprise,5,Surprise,0.9533778541863946,5,Surprise,0.9560358277259184,BOTH_CORRECT,False,True,True,False
private,3488,1,Disgust,1,Disgust,0.9700182880980881,1,Disgust,0.968471998514892,BOTH_CORRECT,False,False,False,True
private,3489,3,Happy,4,Sad,0.7566986348748296,4,Sad,0.9365719648281111,BOTH_WRONG,False,True,True,False
private,3490,0,Angry,0,Angry,0.9635019008839502,0,Angry,0.9638063230628403,BOTH_CORRECT,False,True,True,False
private,3491,6,Neutral,4,Sad,0.7393128309490401,4,Sad,0.7910558227682453,BOTH_WRONG,False,True,True,False
private,3492,5,Surprise,5,Surprise,0.9316561387606099,5,Surprise,0.8013052512295273,BOTH_CORRECT,False,True,True,False
private,3493,2,Fear,2,Fear,0.5032010029440547,0,Angry,0.7323958429808967,V21_CORRECT_V22_WRONG,True,True,True,False
private,3494,3,Happy,3,Happy,0.955617815081863,3,Happy,0.9474879203579581,BOTH_CORRECT,False,False,False,True
private,3495,4,Sad,5,Surprise,0.7849477724615097,2,Fear,0.9497610744160109,BOTH_WRONG,False,True,True,False
private,3496,3,Happy,3,Happy,0.9530010773288738,3,Happy,0.949877171074439,BOTH_CORRECT,False,True,True,False
private,3497,0,Angry,0,Angry,0.9676047217917098,0,Angry,0.5112149926505016,BOTH_CORRECT,False,True,True,False
private,3498,5,Surprise,5,Surprise,0.6653246920670272,5,Surprise,0.8551342178664828,BOTH_CORRECT,False,True,True,False
private,3499,6,Neutral,6,Neutral,0.9484882508427176,6,Neutral,0.7938478832203489,BOTH_CORRECT,False,True,True,False
private,3500,5,Surprise,5,Surprise,0.9300295447275415,0,Angry,0.4813641455186711,V21_CORRECT_V22_WRONG,True,True,True,False
private,3501,0,Angry,0,Angry,0.5216880954552544,0,Angry,0.9439775790069723,BOTH_CORRECT,False,True,True,False
private,3502,0,Angry,3,Happy,0.6332507829908551,2,Fear,0.8696739992273966,BOTH_WRONG,False,True,True,False
private,3503,3,Happy,3,Happy,0.9558128745135652,3,Happy,0.953371888153917,BOTH_CORRECT,False,True,True,False
private,3504,6,Neutral,6,Neutral,0.4557096887696037,6,Neutral,0.9171958362186244,BOTH_CORRECT,False,True,True,False
private,3505,3,Happy,3,Happy,0.953608624402052,3,Happy,0.9577653720651798,BOTH_CORRECT,False,True,True,False
private,3506,3,Happy,3,Happy,0.9522314138825645,3,Happy,0.94754603785947,BOTH_CORRECT,False,True,True,False
private,3507,0,Angry,0,Angry,0.9341062538650181,1,Disgust,0.9478170253376945,V21_CORRECT_V22_WRONG,True,True,True,False
private,3508,4,Sad,4,Sad,0.9101091269382531,4,Sad,0.9143156185260273,BOTH_CORRECT,False,True,True,False
private,3509,6,Neutral,6,Neutral,0.9465587641108714,6,Neutral,0.9512130949445295,BOTH_CORRECT,False,True,True,False
private,3510,0,Angry,4,Sad,0.91719145443802,4,Sad,0.949177236358766,BOTH_WRONG,False,True,True,False
private,3511,0,Angry,0,Angry,0.8046810924792912,0,Angry,0.8399080399841673,BOTH_CORRECT,False,True,True,False
private,3512,0,Angry,6,Neutral,0.6692083847909307,0,Angry,0.43041978094675115,V22_CORRECT_V21_WRONG,True,True,True,False
private,3513,6,Neutral,6,Neutral,0.9293985457919939,6,Neutral,0.9534984904425906,BOTH_CORRECT,False,True,True,False
private,3514,4,Sad,6,Neutral,0.8969758205771124,3,Happy,0.3657496934653664,BOTH_WRONG,False,True,True,False
private,3515,4,Sad,4,Sad,0.6480356745487312,6,Neutral,0.6890838402971358,V21_CORRECT_V22_WRONG,True,True,True,False
private,3516,3,Happy,3,Happy,0.9272479115836657,3,Happy,0.9539459382041346,BOTH_CORRECT,False,True,True,False
private,3517,5,Surprise,4,Sad,0.5827118298013543,4,Sad,0.454448629023204,BOTH_WRONG,False,True,True,False
private,3518,3,Happy,3,Happy,0.9550872425299026,3,Happy,0.9517183276312434,BOTH_CORRECT,False,True,True,False
private,3519,0,Angry,0,Angry,0.8730858873442366,0,Angry,0.9461489683164472,BOTH_CORRECT,False,True,True,False
private,3520,5,Surprise,5,Surprise,0.7756568094884987,6,Neutral,0.6800417910609656,V21_CORRECT_V22_WRONG,True,True,True,False
private,3521,6,Neutral,6,Neutral,0.9330425552670574,4,Sad,0.35415815716493226,V21_CORRECT_V22_WRONG,True,True,True,False
private,3522,0,Angry,4,Sad,0.6339526580660768,0,Angry,0.633861385139078,V22_CORRECT_V21_WRONG,True,True,True,False
private,3523,0,Angry,6,Neutral,0.907716920554451,6,Neutral,0.9487180511809354,BOTH_WRONG,False,True,False,False
private,3524,0,Angry,4,Sad,0.7802003130262278,4,Sad,0.9605482840772811,BOTH_WRONG,False,True,True,False
private,3525,5,Surprise,5,Surprise,0.959718419704999,5,Surprise,0.9594052689586957,BOTH_CORRECT,False,True,True,False
private,3526,5,Surprise,2,Fear,0.8573801640783183,3,Happy,0.6215819981032359,BOTH_WRONG,False,True,True,False
private,3527,4,Sad,4,Sad,0.9023686793549944,4,Sad,0.9134788934838919,BOTH_CORRECT,False,True,True,False
private,3528,2,Fear,2,Fear,0.8596336952429783,2,Fear,0.9434356728641521,BOTH_CORRECT,False,False,False,True
private,3529,0,Angry,0,Angry,0.6556506654796853,0,Angry,0.8330738287730856,BOTH_CORRECT,False,True,True,False
private,3530,0,Angry,0,Angry,0.9440067308230197,0,Angry,0.9129069290834488,BOTH_CORRECT,False,True,True,False
private,3531,5,Surprise,5,Surprise,0.9532325734733031,5,Surprise,0.9526123895307295,BOTH_CORRECT,False,True,True,False
private,3532,5,Surprise,4,Sad,0.8635700928141947,2,Fear,0.9285369333825932,BOTH_WRONG,False,True,True,False
private,3533,5,Surprise,2,Fear,0.5997626089177645,5,Surprise,0.7277194166748128,V22_CORRECT_V21_WRONG,True,True,True,False
private,3534,2,Fear,4,Sad,0.7620452810930156,4,Sad,0.5270747143535559,BOTH_WRONG,False,True,True,False
private,3535,5,Surprise,5,Surprise,0.9553300491195744,5,Surprise,0.9574500564182987,BOTH_CORRECT,False,False,False,True
private,3536,4,Sad,4,Sad,0.9280142713151923,4,Sad,0.9341596822995448,BOTH_CORRECT,False,True,True,False
private,3537,2,Fear,2,Fear,0.7479097343537562,2,Fear,0.9460577075931204,BOTH_CORRECT,False,True,True,False
private,3538,3,Happy,3,Happy,0.9332176724575603,3,Happy,0.9540462456774891,BOTH_CORRECT,False,True,True,False
private,3539,3,Happy,3,Happy,0.8675113096420738,3,Happy,0.9413449526891728,BOTH_CORRECT,False,True,True,False
private,3540,2,Fear,2,Fear,0.8413934171289758,0,Angry,0.7046851284309451,V21_CORRECT_V22_WRONG,True,True,True,False
private,3541,3,Happy,6,Neutral,0.7878275235433838,3,Happy,0.6223368974688577,V22_CORRECT_V21_WRONG,True,True,True,False
private,3542,6,Neutral,6,Neutral,0.9451038589224281,6,Neutral,0.9600990410588963,BOTH_CORRECT,False,True,True,False
private,3543,1,Disgust,1,Disgust,0.965529864081325,1,Disgust,0.9485414004950596,BOTH_CORRECT,False,True,True,False
private,3544,5,Surprise,5,Surprise,0.58078626399365,6,Neutral,0.7246652712133559,V21_CORRECT_V22_WRONG,True,True,True,False
private,3545,3,Happy,3,Happy,0.9553499447779414,3,Happy,0.953674953702478,BOTH_CORRECT,False,True,True,False
private,3546,0,Angry,4,Sad,0.8199607268461313,2,Fear,0.5106405986757302,BOTH_WRONG,False,True,True,False
private,3547,0,Angry,0,Angry,0.911320253751147,0,Angry,0.6263731216252063,BOTH_CORRECT,False,True,True,False
private,3548,3,Happy,3,Happy,0.7281467247106643,3,Happy,0.8765120913501258,BOTH_CORRECT,False,True,True,False
private,3549,3,Happy,2,Fear,0.8709094458681939,2,Fear,0.9433641308587066,BOTH_WRONG,False,True,True,False
private,3550,2,Fear,6,Neutral,0.781844079822892,2,Fear,0.6761040068432612,V22_CORRECT_V21_WRONG,True,True,True,False
private,3551,0,Angry,0,Angry,0.9488099101110307,0,Angry,0.9555801590068989,BOTH_CORRECT,False,True,True,False
private,3552,3,Happy,3,Happy,0.9531432507342442,3,Happy,0.9477005185715816,BOTH_CORRECT,False,True,True,False
private,3553,2,Fear,2,Fear,0.7722345888712931,6,Neutral,0.7373128494102031,V21_CORRECT_V22_WRONG,True,True,True,False
private,3554,6,Neutral,6,Neutral,0.7259916365969655,0,Angry,0.40162690672292584,V21_CORRECT_V22_WRONG,True,True,True,False
private,3555,4,Sad,6,Neutral,0.8169376952346336,4,Sad,0.8775728287784114,V22_CORRECT_V21_WRONG,True,True,True,False
private,3556,0,Angry,0,Angry,0.9488544519980195,0,Angry,0.9575680937362603,BOTH_CORRECT,False,True,True,False
private,3557,4,Sad,4,Sad,0.9246569166363567,4,Sad,0.764367337394561,BOTH_CORRECT,False,True,True,False
private,3558,3,Happy,3,Happy,0.9580896840756287,3,Happy,0.9546706721730978,BOTH_CORRECT,False,True,True,False
private,3559,5,Surprise,5,Surprise,0.9499949725478801,5,Surprise,0.9546013840760595,BOTH_CORRECT,False,True,True,False
private,3560,4,Sad,3,Happy,0.7095929723347973,0,Angry,0.7613669469682305,BOTH_WRONG,False,True,True,False
private,3561,4,Sad,0,Angry,0.8841285316499754,2,Fear,0.910045881647822,BOTH_WRONG,False,True,True,False
private,3562,3,Happy,3,Happy,0.9612704344048353,3,Happy,0.9571356941253484,BOTH_CORRECT,False,True,True,False
private,3563,6,Neutral,0,Angry,0.8043614457611948,4,Sad,0.38477624229545476,BOTH_WRONG,False,True,True,False
private,3564,2,Fear,2,Fear,0.5026603242072303,6,Neutral,0.7707927923951646,V21_CORRECT_V22_WRONG,True,True,True,False
private,3565,5,Surprise,5,Surprise,0.9463584935107717,5,Surprise,0.4692628629996357,BOTH_CORRECT,False,True,True,False
private,3566,4,Sad,4,Sad,0.8108956261210939,4,Sad,0.9328425951481181,BOTH_CORRECT,False,True,True,False
private,3567,3,Happy,3,Happy,0.951624272910961,3,Happy,0.9496497312877769,BOTH_CORRECT,False,True,True,False
private,3568,6,Neutral,6,Neutral,0.7369770845863111,6,Neutral,0.7567073235847868,BOTH_CORRECT,False,True,True,False
private,3569,3,Happy,3,Happy,0.9582535434001874,3,Happy,0.9292095166322871,BOTH_CORRECT,False,True,True,False
private,3570,2,Fear,0,Angry,0.9253028532874025,0,Angry,0.8417206102651686,BOTH_WRONG,False,True,True,False
private,3571,3,Happy,3,Happy,0.9462377144642694,3,Happy,0.9440934779700383,BOTH_CORRECT,False,True,True,False
private,3572,2,Fear,0,Angry,0.6416846744809256,0,Angry,0.9616419641434795,BOTH_WRONG,False,True,True,False
private,3573,6,Neutral,6,Neutral,0.5250455215505931,4,Sad,0.6542981570998694,V21_CORRECT_V22_WRONG,True,True,True,False
private,3574,5,Surprise,6,Neutral,0.8762118437660777,0,Angry,0.7044017606227965,BOTH_WRONG,False,True,True,False
private,3575,4,Sad,2,Fear,0.7979489791585317,4,Sad,0.8579700879807699,V22_CORRECT_V21_WRONG,True,True,True,False
private,3576,5,Surprise,5,Surprise,0.9488742265873361,5,Surprise,0.9474061637054854,BOTH_CORRECT,False,False,False,True
private,3577,5,Surprise,5,Surprise,0.9600914275234685,5,Surprise,0.9543588568930131,BOTH_CORRECT,False,False,False,True
private,3578,6,Neutral,3,Happy,0.9481477061977042,3,Happy,0.9500736756880414,BOTH_WRONG,False,True,True,False
private,3579,6,Neutral,2,Fear,0.8215395239264678,2,Fear,0.9447083038188314,BOTH_WRONG,False,True,True,False
private,3580,3,Happy,3,Happy,0.9617616620776943,3,Happy,0.9608065488046964,BOTH_CORRECT,False,True,True,False
private,3581,2,Fear,4,Sad,0.49231036621019886,4,Sad,0.9242983170427426,BOTH_WRONG,False,True,True,False
private,3582,2,Fear,2,Fear,0.6320507015812133,2,Fear,0.6617735713024141,BOTH_CORRECT,False,True,True,False
private,3583,0,Angry,0,Angry,0.9321265943447805,0,Angry,0.9583151606379993,BOTH_CORRECT,False,True,True,False
private,3584,6,Neutral,6,Neutral,0.9506818206217489,6,Neutral,0.9435808306695186,BOTH_CORRECT,False,True,True,False
private,3585,3,Happy,3,Happy,0.9581874536228402,3,Happy,0.96299354184176,BOTH_CORRECT,False,True,True,False
private,3586,0,Angry,0,Angry,0.795014538901482,0,Angry,0.34287758813519975,BOTH_CORRECT,False,True,True,False
private,3587,3,Happy,3,Happy,0.9530042257756683,3,Happy,0.6764727558484795,BOTH_CORRECT,False,True,True,False
private,3588,2,Fear,2,Fear,0.5240539427042349,2,Fear,0.9119269532091423,BOTH_CORRECT,False,False,False,True
